{"type":"FeatureCollection","features":[{"type":"Feature","geometry":{"type":"MultiPolygon","coordinates":[[[[-80.64851705699988,-5.2259370189999],[-80.65336886699998,-5.222211186999914],[-80.65197883499997,-5.218231595999896],[-80.6540498469999,-5.217450593999956],[-80.65241108499993,-5.212602789999949],[-80.6499662359999,-5.208352916999957],[-80.63910579299994,-5.19325612699987],[-80.64878110499996,-5.189172609999957],[-80.64780337399998,-5.194961761999934],[-80.65422015399997,-5.192866543999969],[-80.65508727299994,-5.191256756999906],[-80.65368180599984,-5.187266522999892],[-80.66026991799993,-5.185198468999943],[-80.65898169199994,-5.18128067899994],[-80.64909034499988,-5.184740043999909],[-80.64678173999994,-5.182314322999957],[-80.64806076699989,-5.180823848999978],[-80.65816844799997,-5.177392272999839],[-80.66033047999997,-5.173166768999977],[-80.65654770399982,-5.16799916399998],[-80.65123971999992,-5.164902458999904],[-80.657795863,-5.157127612999943],[-80.65985016999997,-5.153117832999953],[-80.66233027099997,-5.145341038999902],[-80.68156056699985,-5.139534074999972],[-80.68749008599991,-5.117608401999917],[-80.7416037999999,-5.123639389999937],[-80.70032423999999,-5.017623098999934],[-80.6859765619999,-5.019154296999886],[-80.67724218799992,-5.020804686999952],[-80.6676386719999,-5.021869139999978],[-80.65688146699989,-5.023554296999976],[-80.65762123299999,-5.021128319999889],[-80.65633379999997,-5.018375064999816],[-80.65427000499983,-5.016889976999948],[-80.65178537299994,-5.009936977999928],[-80.64944222799988,-5.006631062999929],[-80.64971949099998,-5.001389345999939],[-80.64749606699996,-4.997105276999946],[-80.64631119599989,-4.992567298999916],[-80.64711442799984,-4.98566234999987],[-80.64528565299997,-4.978582317999894],[-80.62995506699997,-4.974927225999977],[-80.60272201599992,-4.975107855999852],[-80.60232009099997,-4.983484591999968],[-80.60173678699994,-4.984649861999969],[-80.59797589499982,-4.986504731999958],[-80.59567307299989,-4.989879971999869],[-80.59417665299998,-4.995986256999913],[-80.59593548999993,-5.006517598999892],[-80.59864848999996,-5.012029347999942],[-80.60631048999994,-5.016462847999946],[-80.60530073999996,-5.018255847999967],[-80.60605273999994,-5.029742097999929],[-80.60917973999995,-5.034136722999904],[-80.61465823999998,-5.037886722999929],[-80.62137698999999,-5.039617223999869],[-80.62929098899991,-5.040052722999917],[-80.63079886399998,-5.041831972999887],[-80.63034573999988,-5.048285097999951],[-80.6295644899999,-5.050361347999967],[-80.62961136499996,-5.054623098999969],[-80.62755861499994,-5.057896472999914],[-80.62230661399997,-5.061902348999979],[-80.61654886499991,-5.063287098999979],[-80.61467773999982,-5.064427722999937],[-80.61181248999998,-5.069019473999901],[-80.61071673999999,-5.072066347999851],[-80.6114648649999,-5.074636722999969],[-80.61498436499994,-5.077277348999871],[-80.61837498999995,-5.081646473999967],[-80.61768948899999,-5.086960973999965],[-80.61876761499991,-5.088820347999899],[-80.62414848899988,-5.094917972999951],[-80.62923436499995,-5.097429722999948],[-80.63172261499994,-5.099855472999877],[-80.63270111399999,-5.103427723999971],[-80.63241411499996,-5.107230473999948],[-80.6308964889999,-5.110363222999979],[-80.63114648999988,-5.115947222999978],[-80.63007036499994,-5.119308598999908],[-80.62887886499993,-5.126466848999939],[-80.62932223999996,-5.136119097999938],[-80.62774611499992,-5.138962847999949],[-80.62598048899991,-5.139576222999949],[-80.62013473999997,-5.137347597999963],[-80.61765236499991,-5.137914097999953],[-80.6167011149999,-5.144111347999967],[-80.61788673899986,-5.148617222999917],[-80.61683986399993,-5.151701223999908],[-80.61460548999997,-5.154953098999954],[-80.6142891149999,-5.15681447299994],[-80.6167891149999,-5.161349597999845],[-80.61977923999996,-5.165150348999816],[-80.62157274399993,-5.170249113999887],[-80.62336911499995,-5.179320347999919],[-80.62538086499995,-5.182800722999957],[-80.62447073999988,-5.185119097999916],[-80.62373048899991,-5.195130847999906],[-80.62499643799998,-5.20031395999996],[-80.62785348999984,-5.204867222999894],[-80.62978323999988,-5.209224598999924],[-80.63433986499996,-5.215519473999962],[-80.6356894889999,-5.218849598999952],[-80.63954098999989,-5.221699223999963],[-80.64393948999987,-5.222142598999937],[-80.64638086399998,-5.221490223999979],[-80.64916011399998,-5.223589847999961],[-80.64851705699988,-5.2259370189999]]]]},"properties":{"ubigeo":"190101","nombre":"PIURA"}},{"type":"Feature","geometry":{"type":"MultiPolygon","coordinates":[[[[-80.35372008499996,-5.140145546999918],[-80.34970616199996,-5.148083860999918],[-80.35233241999998,-5.174021436999908],[-80.35321414699996,-5.176222082999914],[-80.3561151269999,-5.187569883999856],[-80.35687023999992,-5.196282726999925],[-80.35824796799989,-5.203129331999946],[-80.3599763709999,-5.20728781899993],[-80.36054081699996,-5.212270997999951],[-80.3618807449999,-5.218344909999871],[-80.36264961999984,-5.225975304999963],[-80.36426490699989,-5.232497915999943],[-80.37501512399996,-5.231466484999942],[-80.38754221099987,-5.230806803999883],[-80.39614424799998,-5.231322441999907],[-80.40230123699996,-5.2310465139999],[-80.40997569099989,-5.231448345999922],[-80.41450386399993,-5.232427723999876],[-80.42245761999999,-5.231713618999947],[-80.4361756799999,-5.232966165999926],[-80.44815250899995,-5.232272248999891],[-80.45587521699997,-5.233250863999956],[-80.45905887899994,-5.234085482999831],[-80.46937250099995,-5.23880090699987],[-80.47264261399988,-5.23939847399987],[-80.48065943299991,-5.23985758799995],[-80.48576081699986,-5.241153800999882],[-80.49202148999996,-5.240976597999975],[-80.50322154299994,-5.238546851999899],[-80.51272522399995,-5.23694786599998],[-80.5168325699999,-5.235618831999943],[-80.5201894889999,-5.238191472999915],[-80.52490823999983,-5.240619097999968],[-80.52895698899988,-5.244085972999926],[-80.53301761399996,-5.24470509899993],[-80.53536136499997,-5.245974598999965],[-80.54019536499999,-5.250345722999953],[-80.54258598899992,-5.251787097999966],[-80.54521286399995,-5.251761722999959],[-80.55117386399996,-5.255873098999871],[-80.55543194699999,-5.258100841999919],[-80.56683084199983,-5.256191048999938],[-80.60022563599989,-5.247981176999929],[-80.62188291399991,-5.248989756999947],[-80.62911023499998,-5.235424537999961],[-80.63570921799993,-5.231158520999941],[-80.63810842199996,-5.233168206999949],[-80.64851705699988,-5.2259370189999],[-80.64916011399998,-5.223589847999961],[-80.64638086399998,-5.221490223999979],[-80.64393948999987,-5.222142598999937],[-80.63954098999989,-5.221699223999963],[-80.6356894889999,-5.218849598999952],[-80.63433986499996,-5.215519473999962],[-80.62978323999988,-5.209224598999924],[-80.62785348999984,-5.204867222999894],[-80.62499643799998,-5.20031395999996],[-80.62373048899991,-5.195130847999906],[-80.62447073999988,-5.185119097999916],[-80.62538086499995,-5.182800722999957],[-80.62336911499995,-5.179320347999919],[-80.62157274399993,-5.170249113999887],[-80.61977923999996,-5.165150348999816],[-80.6167891149999,-5.161349597999845],[-80.6142891149999,-5.15681447299994],[-80.61460548999997,-5.154953098999954],[-80.61683986399993,-5.151701223999908],[-80.61788673899986,-5.148617222999917],[-80.6167011149999,-5.144111347999967],[-80.61765236499991,-5.137914097999953],[-80.62013473999997,-5.137347597999963],[-80.62598048899991,-5.139576222999949],[-80.62774611499992,-5.138962847999949],[-80.62932223999996,-5.136119097999938],[-80.62887886499993,-5.126466848999939],[-80.63007036499994,-5.119308598999908],[-80.63114648999988,-5.115947222999978],[-80.6308964889999,-5.110363222999979],[-80.63241411499996,-5.107230473999948],[-80.63270111399999,-5.103427723999971],[-80.63172261499994,-5.099855472999877],[-80.62923436499995,-5.097429722999948],[-80.62414848899988,-5.094917972999951],[-80.61876761499991,-5.088820347999899],[-80.61768948899999,-5.086960973999965],[-80.61837498999995,-5.081646473999967],[-80.61498436499994,-5.077277348999871],[-80.6114648649999,-5.074636722999969],[-80.61071673999999,-5.072066347999851],[-80.61181248999998,-5.069019473999901],[-80.61467773999982,-5.064427722999937],[-80.61654886499991,-5.063287098999979],[-80.62230661399997,-5.061902348999979],[-80.62755861499994,-5.057896472999914],[-80.62961136499996,-5.054623098999969],[-80.6295644899999,-5.050361347999967],[-80.63034573999988,-5.048285097999951],[-80.63079886399998,-5.041831972999887],[-80.62929098899991,-5.040052722999917],[-80.62137698999999,-5.039617223999869],[-80.61465823999998,-5.037886722999929],[-80.60917973999995,-5.034136722999904],[-80.60605273999994,-5.029742097999929],[-80.60530073999996,-5.018255847999967],[-80.60631048999994,-5.016462847999946],[-80.59864848999996,-5.012029347999942],[-80.59593548999993,-5.006517598999892],[-80.59417665299998,-4.995986256999913],[-80.59567307299989,-4.989879971999869],[-80.59797589499982,-4.986504731999958],[-80.60173678699994,-4.984649861999969],[-80.60232009099997,-4.983484591999968],[-80.60272201599992,-4.975107855999852],[-80.59408956599998,-4.975165917999959],[-80.58489488599992,-4.966212245999941],[-80.58281322799996,-4.965533697999945],[-80.5805053439999,-4.966660960999945],[-80.57901526299997,-4.970443427999896],[-80.57965417899999,-4.979060538999931],[-80.57772009299993,-4.980495416999929],[-80.57510670499988,-4.980529637999894],[-80.5677733849999,-4.971979978999968],[-80.56209051499991,-4.967826910999975],[-80.55913684499995,-4.973967425999888],[-80.55526384299998,-4.978922227999874],[-80.55328858399997,-4.97864949999996],[-80.55214027199997,-4.995999624999968],[-80.50353487499984,-4.999999285999934],[-80.50242958899997,-4.982403418999979],[-80.42090198899996,-5.057648018999942],[-80.42175038199997,-5.061916403999874],[-80.42376381399998,-5.066323633999957],[-80.42873834099998,-5.074207481999906],[-80.43150791099998,-5.079456897999933],[-80.43358423599989,-5.086710804999882],[-80.4326267909999,-5.090031782999972],[-80.43447844999992,-5.104206998999871],[-80.43707164199998,-5.111880878999955],[-80.4370395339999,-5.116497617999926],[-80.44017710599996,-5.12446710699993],[-80.44134933499998,-5.132491171999959],[-80.44300067499984,-5.138460631999976],[-80.4461961639999,-5.14457218799987],[-80.44003254899991,-5.144839978999926],[-80.40768425699991,-5.146964839999953],[-80.39801584199995,-5.147314792999964],[-80.38787091299997,-5.14670676399993],[-80.35372008499996,-5.140145546999918]]]]},"properties":{"ubigeo":"190103","nombre":"CASTILLA"}},{"type":"Feature","geometry":{"type":"MultiPolygon","coordinates":[[[[-80.6540498469999,-5.217450593999956],[-80.65197883499997,-5.218231595999896],[-80.65336886699998,-5.222211186999914],[-80.64851705699988,-5.2259370189999],[-80.63810842199996,-5.233168206999949],[-80.63570921799993,-5.231158520999941],[-80.62911023499998,-5.235424537999961],[-80.62188291399991,-5.248989756999947],[-80.60022563599989,-5.247981176999929],[-80.56683084199983,-5.256191048999938],[-80.55543194699999,-5.258100841999919],[-80.55117386399996,-5.255873098999871],[-80.54521286399995,-5.251761722999959],[-80.54258598899992,-5.251787097999966],[-80.54019536499999,-5.250345722999953],[-80.53536136499997,-5.245974598999965],[-80.53301761399996,-5.24470509899993],[-80.52895698899988,-5.244085972999926],[-80.52490823999983,-5.240619097999968],[-80.5201894889999,-5.238191472999915],[-80.5168325699999,-5.235618831999943],[-80.51272522399995,-5.23694786599998],[-80.50322154299994,-5.238546851999899],[-80.49202148999996,-5.240976597999975],[-80.48576081699986,-5.241153800999882],[-80.48065943299991,-5.23985758799995],[-80.47264261399988,-5.23939847399987],[-80.46937250099995,-5.23880090699987],[-80.45905887899994,-5.234085482999831],[-80.45587521699997,-5.233250863999956],[-80.44815250899995,-5.232272248999891],[-80.4361756799999,-5.232966165999926],[-80.42245761999999,-5.231713618999947],[-80.41450386399993,-5.232427723999876],[-80.40997569099989,-5.231448345999922],[-80.40230123699996,-5.2310465139999],[-80.39614424799998,-5.231322441999907],[-80.38754221099987,-5.230806803999883],[-80.37501512399996,-5.231466484999942],[-80.36426490699989,-5.232497915999943],[-80.35415614999988,-5.234196508999958],[-80.34665925399997,-5.233203485999923],[-80.34662767399988,-5.239806457999975],[-80.34773993199997,-5.246613041999922],[-80.34934160199998,-5.251095799999973],[-80.35140520899995,-5.259830736999959],[-80.33029038599994,-5.284060564999947],[-80.25967620799997,-5.329977652999958],[-80.25913375899995,-5.330330319999916],[-80.23744531199992,-5.35968945299993],[-80.23356249999989,-5.364744140999846],[-80.18474804699997,-5.431476562999933],[-80.17008203099994,-5.450466796999933],[-80.16297265599997,-5.459912108999845],[-80.14467773399991,-5.485367186999952],[-80.13876171899983,-5.493769531999817],[-80.13052097999991,-5.504433414999937],[-80.12682612799995,-5.510812797999904],[-80.10668348099989,-5.518923764999897],[-80.10697761099988,-5.520721049999906],[-80.10542908399992,-5.526031763999981],[-80.10294749099995,-5.532346225999902],[-80.09749445999995,-5.537112499999921],[-80.09396874399994,-5.540798837999944],[-80.08981600399994,-5.543550700999958],[-80.08755480699983,-5.546167826999977],[-80.08438901499989,-5.55452733199985],[-80.08287286199993,-5.560409119999974],[-80.07857501599989,-5.559888714999886],[-80.07273699099994,-5.555461668999953],[-80.07078595699988,-5.557205213999907],[-80.06822224299992,-5.557303915999967],[-80.05802998099995,-5.554926495999837],[-80.05561515199997,-5.553790677999928],[-80.0525151839999,-5.556247655999925],[-80.05283694699989,-5.563572663999878],[-80.05623092099995,-5.575529026999902],[-80.05695106299993,-5.576841741999885],[-80.05716902599994,-5.587334574999943],[-80.0558224699999,-5.593817847999958],[-80.05688790099998,-5.599391428999979],[-80.05554658299991,-5.608199325999976],[-80.05741152799993,-5.616279728999928],[-80.0577042029999,-5.619557958999906],[-80.06764971899992,-5.63911167699996],[-80.06907621199997,-5.644827179999936],[-80.06995891999992,-5.646170673999961],[-80.06840536699991,-5.652165188999902],[-80.06621393199987,-5.656141576999971],[-80.06803827699991,-5.667140148999863],[-80.07105335399996,-5.673253921999901],[-80.06965962899994,-5.675238253999964],[-80.06571830299998,-5.67799974299993],[-80.06106673899995,-5.684399607999978],[-80.06637196199995,-5.698211238999932],[-80.06995777399999,-5.697625715999891],[-80.08003088999999,-5.700301198999966],[-80.09419289899989,-5.70366068699991],[-80.0939158089999,-5.708757104999961],[-80.09131976499992,-5.710639821999962],[-80.08992104299995,-5.713382064999905],[-80.09111471099993,-5.71656948499998],[-80.09156934599997,-5.723014775999957],[-80.09114738799997,-5.726861246999931],[-80.09329339099997,-5.731177363999961],[-80.09808992499995,-5.735497916999975],[-80.10002568399995,-5.743907769999907],[-80.0997310429999,-5.748025234999886],[-80.10127089899999,-5.750246980999975],[-80.10171509799994,-5.756924882999954],[-80.10292476099994,-5.762107766999975],[-80.10247418599994,-5.76723574399989],[-80.09966572999991,-5.772830345999978],[-80.09903789599997,-5.775796206999871],[-80.09520607299999,-5.783120179999969],[-80.09236894099996,-5.79509126499994],[-80.10282131199989,-5.79097962599991],[-80.10917904399997,-5.787907161999897],[-80.11141316599998,-5.785091760999933],[-80.12380181499998,-5.777371818999939],[-80.12686164399992,-5.774726012999963],[-80.13625970599992,-5.769265289999964],[-80.1406992389999,-5.765189598999882],[-80.14740655799994,-5.763018833999979],[-80.14973828099994,-5.761164062999967],[-80.17213395799996,-5.750543431999972],[-80.17735736399999,-5.746679723999932],[-80.1818853929999,-5.740584958999875],[-80.19170686999996,-5.732559374999937],[-80.19972513199991,-5.727913837999949],[-80.20755413899985,-5.721833515999947],[-80.21106637499992,-5.720065699999964],[-80.21557696499991,-5.719786322999937],[-80.22181674699982,-5.716507215999968],[-80.2358437389999,-5.711503108999977],[-80.24127591099995,-5.710770774999958],[-80.24448740699995,-5.708878583999876],[-80.25109640499994,-5.696893620999901],[-80.25339483499994,-5.694421729999931],[-80.25828553599996,-5.693996037999966],[-80.26489002099999,-5.690951169999948],[-80.26802116399989,-5.688875665999944],[-80.2805774819999,-5.684271176999914],[-80.29272620699993,-5.678098944999931],[-80.29565084099988,-5.677414230999943],[-80.29998535999988,-5.677426816999912],[-80.30594357399985,-5.67662123599996],[-80.31165030199998,-5.678304843999911],[-80.31798720699999,-5.67870043299996],[-80.32248948699998,-5.679935076999811],[-80.44784960899995,-5.633472655999981],[-80.50230468699993,-5.614117187999966],[-80.53462958799992,-5.601605451999887],[-80.53752704599992,-5.568173931999922],[-80.552580875,-5.492269863999979],[-80.56757067199993,-5.486871257999951],[-80.56667574099998,-5.476015135999944],[-80.54863110299988,-5.462432496999838],[-80.54503249299995,-5.446146601999942],[-80.5396232089999,-5.437096283999949],[-80.53060341799994,-5.428043134999882],[-80.52563515999992,-5.421091777999948],[-80.51709571799984,-5.387324641999953],[-80.50267243499997,-5.364697584999874],[-80.50359688099991,-5.337559772999896],[-80.49369644299998,-5.304080817999875],[-80.49717773899994,-5.303736347999973],[-80.50014848999996,-5.302330098999903],[-80.50547061499987,-5.300998097999923],[-80.51478323999999,-5.300333972999965],[-80.52975386399999,-5.302740223999933],[-80.53340823999997,-5.302992222999876],[-80.53778111499992,-5.301638723999815],[-80.5418729889999,-5.301324222999881],[-80.544285114,-5.30226759899989],[-80.54785348999991,-5.302162098999929],[-80.56134573899993,-5.303660097999909],[-80.56622461499995,-5.303437472999974],[-80.56932811499996,-5.304546973999948],[-80.57642373999994,-5.303660097999909],[-80.58168948999997,-5.303421847999914],[-80.58609573899997,-5.30137697299989],[-80.5882988649999,-5.301271472999872],[-80.59081836399992,-5.305572222999956],[-80.59371873999999,-5.307206973999939],[-80.60067973899999,-5.30704097399996],[-80.60603123999994,-5.305677723999963],[-80.61096873899999,-5.308800722999877],[-80.61198247199991,-5.310464583999874],[-80.61225980299997,-5.314498528999877],[-80.62183929899993,-5.320908196999881],[-80.64259698099988,-5.321372899999972],[-80.64304851299994,-5.320902750999892],[-80.65379437699983,-5.3195599579999],[-80.65995895499998,-5.317969300999891],[-80.67163589899997,-5.316573260999974],[-80.67623977799997,-5.315701097999977],[-80.68259197299983,-5.313849761999961],[-80.68755544399988,-5.313888817999953],[-80.68989357599992,-5.312650639999958],[-80.69396355199996,-5.313376383999923],[-80.6995867679999,-5.312239297999895],[-80.70134875199994,-5.304656018999879],[-80.70117163799995,-5.30086872399994],[-80.70346183899989,-5.30223622099993],[-80.70850100099995,-5.300299149999887],[-80.70903463999986,-5.298479057999941],[-80.71253788399997,-5.300206264999929],[-80.71657778999986,-5.304160298999818],[-80.71802573299993,-5.304142111999909],[-80.72091068699996,-5.307507955999938],[-80.72542681099998,-5.309835932999931],[-80.72784039499993,-5.306898456999875],[-80.73539061299988,-5.301698821999878],[-80.74306670099998,-5.296980989999895],[-80.74439291699991,-5.299332099999901],[-80.74807057399994,-5.296563594999895],[-80.7511285999999,-5.291708683999957],[-80.75633316499994,-5.275743745999876],[-80.78523046399994,-5.221927782999956],[-80.80508302799996,-5.221934258999852],[-80.80280859399988,-5.215726562999919],[-80.79723048899996,-5.205388723999818],[-80.79034761499986,-5.196714722999957],[-80.78725386499985,-5.190499973999977],[-80.7855898649999,-5.184589847999916],[-80.78147073899999,-5.179806597999914],[-80.77927148999993,-5.178603472999953],[-80.77574023999995,-5.173845722999943],[-80.77363286399992,-5.164574222999931],[-80.77204886399988,-5.159605473999932],[-80.76945698999992,-5.155535098999962],[-80.76776441999993,-5.151495319999924],[-80.73931638199991,-5.157472340999959],[-80.73485966699985,-5.161381429999892],[-80.73099347199997,-5.161819791999847],[-80.72468107799995,-5.165043654999977],[-80.70954917999995,-5.169751045999874],[-80.70732428299993,-5.170141554999873],[-80.70702827999992,-5.174190586999941],[-80.69334987999997,-5.19402441099993],[-80.69030174999995,-5.19889210599996],[-80.69168980499995,-5.202104271999929],[-80.66714597399982,-5.218936209999924],[-80.66340343999997,-5.214573847999873],[-80.6540498469999,-5.217450593999956]]]]},"properties":{"ubigeo":"190104","nombre":"CATACAOS"}},{"type":"Feature","geometry":{"type":"MultiPolygon","coordinates":[[[[-80.80508302799996,-5.221934258999852],[-80.78523046399994,-5.221927782999956],[-80.75633316499994,-5.275743745999876],[-80.7511285999999,-5.291708683999957],[-80.74807057399994,-5.296563594999895],[-80.74439291699991,-5.299332099999901],[-80.74306670099998,-5.296980989999895],[-80.73539061299988,-5.301698821999878],[-80.72784039499993,-5.306898456999875],[-80.72542681099998,-5.309835932999931],[-80.72091068699996,-5.307507955999938],[-80.71802573299993,-5.304142111999909],[-80.71657778999986,-5.304160298999818],[-80.71253788399997,-5.300206264999929],[-80.70903463999986,-5.298479057999941],[-80.70850100099995,-5.300299149999887],[-80.70346183899989,-5.30223622099993],[-80.70117163799995,-5.30086872399994],[-80.70134875199994,-5.304656018999879],[-80.6995867679999,-5.312239297999895],[-80.69753911499993,-5.318400348999944],[-80.69326948999998,-5.321240223999837],[-80.6892773649999,-5.322749973999976],[-80.68749023999993,-5.325019473999873],[-80.68803911499987,-5.328249973999846],[-80.68997073999998,-5.328880848999972],[-80.69416011499999,-5.327300723999883],[-80.69583011499992,-5.328039098999966],[-80.69524998999998,-5.333039098999961],[-80.69405073999997,-5.334470723999914],[-80.69041011499985,-5.334720723999908],[-80.68743948999997,-5.338550723999901],[-80.68755073999995,-5.343509723999887],[-80.68953911499989,-5.348249973999884],[-80.68628911499991,-5.351878848999945],[-80.68230073999996,-5.350169973999925],[-80.67832036499988,-5.351830098999812],[-80.67686911499999,-5.354939473999934],[-80.67902923999992,-5.359736348999945],[-80.67952923999991,-5.362380848999976],[-80.67913086499988,-5.367839848999836],[-80.67782036499989,-5.373429723999948],[-80.67591986499997,-5.375499848999823],[-80.67097073999992,-5.379140598999868],[-80.66635936499995,-5.380179723999959],[-80.66215036499995,-5.377369098999964],[-80.65867773999992,-5.37960934899985],[-80.6594394899999,-5.382460973999969],[-80.66272073999994,-5.384460973999978],[-80.6607694899999,-5.386699223999926],[-80.6583007399999,-5.385300723999933],[-80.6555097399999,-5.387749973999973],[-80.65552923999991,-5.39052734899991],[-80.654320365,-5.393539098999895],[-80.65135936499996,-5.396169973999974],[-80.64932281099993,-5.396913815999881],[-80.64983593699986,-5.397437499999967],[-80.65037890599984,-5.406333984999947],[-80.650128538,-5.408493596999904],[-80.65897856699996,-5.407957783999905],[-80.6765257859999,-5.405457786999932],[-80.69166476599992,-5.404472594999845],[-80.70000134799994,-5.405914956999879],[-80.70030141099988,-5.404037468999888],[-80.697172417,-5.398532],[-80.69163732099997,-5.393598829999974],[-80.69118232999995,-5.386668792999956],[-80.70059616099985,-5.382309192999969],[-80.70427353399998,-5.377959136999891],[-80.71562287399996,-5.37188369799992],[-80.72019216799993,-5.369720885999925],[-80.72373205699984,-5.365941094999926],[-80.7228215479999,-5.36348005799988],[-80.72516521599994,-5.362326727999914],[-80.72606521799997,-5.357151986999952],[-80.72922389899992,-5.356698110999957],[-80.73734847499998,-5.353535399999942],[-80.74727792999988,-5.350825644999929],[-80.74974357299999,-5.351259213999981],[-80.77089485799996,-5.347086472999877],[-80.77480824999992,-5.345860825999978],[-80.82220144099995,-5.316927634999956],[-80.84590340899996,-5.31060145899994],[-80.84868586999988,-5.304681547999962],[-80.84965852699997,-5.297441313999968],[-80.84912059899989,-5.293223913999896],[-80.84328123899991,-5.286874973999943],[-80.83985548999988,-5.279113222999968],[-80.83969536499995,-5.272740223999961],[-80.83600586499995,-5.267632848999881],[-80.83488861399996,-5.265103473999943],[-80.83489327799998,-5.26064531399993],[-80.8360547399999,-5.254617222999968],[-80.83624611499994,-5.247552722999956],[-80.8337694899999,-5.24124022299992],[-80.83036911499994,-5.235859347999963],[-80.83035936399995,-5.231460973999901],[-80.82947073899993,-5.227699222999888],[-80.82769923999984,-5.22500972399996],[-80.82179647599992,-5.222224851999897],[-80.82103141099998,-5.219285814999921],[-80.82176065699991,-5.216782698999907],[-80.80508302799996,-5.221934258999852]]]]},"properties":{"ubigeo":"190105","nombre":"LA ARENA"}},{"type":"Feature","geometry":{"type":"MultiPolygon","coordinates":[[[[-80.85954782099998,-5.280638759999874],[-80.84912059899989,-5.293223913999896],[-80.84965852699997,-5.297441313999968],[-80.84868586999988,-5.304681547999962],[-80.84590340899996,-5.31060145899994],[-80.82220144099995,-5.316927634999956],[-80.77480824999992,-5.345860825999978],[-80.77089485799996,-5.347086472999877],[-80.74974357299999,-5.351259213999981],[-80.74727792999988,-5.350825644999929],[-80.73734847499998,-5.353535399999942],[-80.72922389899992,-5.356698110999957],[-80.72606521799997,-5.357151986999952],[-80.72516521599994,-5.362326727999914],[-80.7228215479999,-5.36348005799988],[-80.72373205699984,-5.365941094999926],[-80.72019216799993,-5.369720885999925],[-80.71562287399996,-5.37188369799992],[-80.70427353399998,-5.377959136999891],[-80.70059616099985,-5.382309192999969],[-80.69118232999995,-5.386668792999956],[-80.69163732099997,-5.393598829999974],[-80.697172417,-5.398532],[-80.70030141099988,-5.404037468999888],[-80.70000134799994,-5.405914956999879],[-80.69895432999988,-5.407982655999945],[-80.70037318099997,-5.417867582999975],[-80.70376518199987,-5.424905167999952],[-80.72070538299994,-5.419794890999981],[-80.7197730399999,-5.417648541999938],[-80.72375434299988,-5.416483384999935],[-80.72299827999996,-5.411697493999952],[-80.72671787699994,-5.411277365999922],[-80.73100594499994,-5.409408553999924],[-80.73235536599992,-5.407972911999934],[-80.73790433799996,-5.405201346999945],[-80.73847922299984,-5.407321984999953],[-80.74349448099991,-5.409351191999974],[-80.74434946199989,-5.411369692999926],[-80.74917645199997,-5.41361576099996],[-80.75305898999994,-5.410653151999895],[-80.75190519699993,-5.402663590999907],[-80.77221250299993,-5.400231142999928],[-80.77318069499984,-5.40036065299995],[-80.85101994399992,-5.406045055999925],[-80.95975805499995,-5.350716252999916],[-80.96108224899996,-5.350446675999933],[-80.96044606399988,-5.34879505899994],[-80.96094434199989,-5.333881418999965],[-80.96109031099996,-5.321697929999971],[-80.96169163899998,-5.310176215999945],[-80.99531987099994,-5.276687092999964],[-81.01714463799988,-5.266544928999963],[-81.02250645399994,-5.242092696999919],[-81.02164448999997,-5.238654347999955],[-81.01985748999988,-5.236269472999879],[-81.01651573999999,-5.234281223999972],[-81.00656248999996,-5.232716848999928],[-81.00223636499993,-5.233646473999897],[-80.99813073999997,-5.230868973999975],[-80.99005273999995,-5.234679723999875],[-80.98749998999995,-5.236990223999896],[-80.97953911499991,-5.238609348999944],[-80.97555073999996,-5.238990223999906],[-80.97061136499997,-5.241335973999924],[-80.96625973999994,-5.240919973999894],[-80.96056836499997,-5.237587848999965],[-80.95465423999991,-5.237005848999956],[-80.9457069899999,-5.23795897399998],[-80.93923236499995,-5.237542973999894],[-80.93618161499995,-5.238456973999973],[-80.93023636499998,-5.241808598999967],[-80.92401761499997,-5.247611348999953],[-80.92262886499992,-5.250287098999934],[-80.91692773999984,-5.252812473999882],[-80.90622849,-5.261986348999869],[-80.90386723999995,-5.262513723999916],[-80.89787111499993,-5.262568348999821],[-80.89306048999998,-5.266955098999972],[-80.88636911499998,-5.271007723999901],[-80.87911911499998,-5.276173848999974],[-80.87509373999995,-5.278505848999885],[-80.86949611499983,-5.280394473999934],[-80.86455073999991,-5.279410098999961],[-80.85954782099998,-5.280638759999874]]]]},"properties":{"ubigeo":"190106","nombre":"LA UNION"}},{"type":"Feature","geometry":{"type":"MultiPolygon","coordinates":[[[[-80.2213949149999,-4.595393903999877],[-80.21305435099993,-4.601517198999829],[-80.21212467599992,-4.603568363999898],[-80.20484950099996,-4.609023395999941],[-80.20123243299992,-4.610414480999964],[-80.19913529599995,-4.607445080999923],[-80.19658874399994,-4.607108872999902],[-80.19372880799989,-4.605095192999954],[-80.18585974599995,-4.603362995999873],[-80.18335435799986,-4.604221738999968],[-80.1777013059999,-4.6044306309999],[-80.17283743099983,-4.602845364999951],[-80.16747086999999,-4.602839105999976],[-80.16088932799994,-4.601610759999915],[-80.15738327399993,-4.601534815999969],[-80.15341759499984,-4.604189327999961],[-80.15259031599993,-4.607276786999932],[-80.1506402899999,-4.610433690999969],[-80.1493149339999,-4.617784492999931],[-80.14988600899994,-4.618933987999981],[-80.14787813699996,-4.622550328999978],[-80.14730150199995,-4.626053504999959],[-80.14391798299994,-4.631104179999966],[-80.14305584699986,-4.633975155999906],[-80.14402584099992,-4.636618589999955],[-80.14184759499989,-4.639028443999962],[-80.14065233799994,-4.642783588999976],[-80.13503830699995,-4.645993382999904],[-80.13280092899993,-4.649896569999896],[-80.13285388899993,-4.653400488999921],[-80.12832828199998,-4.655922264999958],[-80.12545926299998,-4.661318073999894],[-80.12499730399998,-4.664534143999902],[-80.12607840099997,-4.669877418999874],[-80.12321185999991,-4.673205363999898],[-80.12120673999993,-4.674351653999963],[-80.11874549299995,-4.674003921999883],[-80.1133617029999,-4.675950086999876],[-80.11007535399995,-4.672373522999976],[-80.10568640199989,-4.67076941299996],[-80.1047986939999,-4.666011695999941],[-80.10130456499991,-4.663589952999928],[-80.08797978099989,-4.660960563999879],[-80.08137337599999,-4.661458803999892],[-80.07935340499989,-4.660988301999964],[-80.07573759099995,-4.66258206699996],[-80.07383368399996,-4.662501582999937],[-80.066266967,-4.660464189999971],[-80.06331362199995,-4.660616211999923],[-80.05935216599994,-4.659133278999946],[-80.04707339099997,-4.659116740999934],[-80.04373386599997,-4.657513707999897],[-80.04039272099999,-4.657119279999961],[-80.03767530099998,-4.655244157999959],[-80.02915841399994,-4.66057375399987],[-80.0232505329999,-4.661774179999895],[-80.02040686399988,-4.666916565999941],[-80.0155838799999,-4.670301720999817],[-80.01305424699996,-4.673105255999872],[-80.01060454999993,-4.674310409999919],[-80.00830984399994,-4.678650492999964],[-80.00879690399995,-4.688487469999927],[-80.00964674099998,-4.690564835999965],[-80.01196021399994,-4.695184903999973],[-80.01469877099993,-4.697604569999953],[-80.01967618399993,-4.699909119999859],[-80.02081434099995,-4.704792978999933],[-80.0233837479999,-4.709678850999978],[-80.02577471099994,-4.719389295999974],[-80.03040881199996,-4.721693324999933],[-80.03275274999999,-4.724109014999954],[-80.03824576099998,-4.72635676099992],[-80.04294044499994,-4.726305821999972],[-80.04746039999992,-4.728437282999948],[-80.04969007999995,-4.730737896999869],[-80.05636090399997,-4.730021853999972],[-80.06158127099997,-4.732900896999979],[-80.06838979499997,-4.732254930999886],[-80.07280211599988,-4.732919012999957],[-80.07715695099995,-4.731967512999915],[-80.07983986599999,-4.732569409999883],[-80.08204355299989,-4.734786142999894],[-80.0866916469999,-4.737604430999966],[-80.08972921899988,-4.740659905999962],[-80.09360285899993,-4.742878810999969],[-80.09610225199998,-4.747070384999972],[-80.09633395599997,-4.752335976999973],[-80.09508029899996,-4.753333839999925],[-80.09764061399989,-4.756199222999953],[-80.10552923899996,-4.76156059799996],[-80.11010936399992,-4.760300722999943],[-80.1135096139999,-4.762099597999963],[-80.12249023899989,-4.757580097999949],[-80.13011136399996,-4.756999972999949],[-80.13164061399993,-4.754919972999915],[-80.13217973899987,-4.752089847999969],[-80.13758011399995,-4.748029347999818],[-80.14359973899991,-4.74956059799996],[-80.14931848899994,-4.752992222999922],[-80.15085936399998,-4.754927722999923],[-80.15053511399998,-4.759251972999948],[-80.15261911399995,-4.760068347999947],[-80.15242573899991,-4.764322222999908],[-80.15374411399995,-4.767767597999978],[-80.15725973899993,-4.770808597999974],[-80.16116986399999,-4.771361347999971],[-80.16358011399996,-4.77084959799987],[-80.16642386399997,-4.776853347999975],[-80.17162886399996,-4.777982472999952],[-80.17380273899994,-4.780892597999866],[-80.17678123899992,-4.782212847999858],[-80.17911523899994,-4.781609472999946],[-80.18649211399998,-4.781790972999943],[-80.19020311399987,-4.777423847999898],[-80.19356448899998,-4.774798847999875],[-80.19506248899995,-4.771644472999924],[-80.19305073899994,-4.767451222999966],[-80.19104486399988,-4.765953097999954],[-80.1897323639999,-4.760695347999956],[-80.18696098899994,-4.758312472999933],[-80.18708598899997,-4.753980472999899],[-80.18626561399986,-4.752406222999923],[-80.18717186399988,-4.745943347999969],[-80.19030861399989,-4.744806597999968],[-80.19244923899998,-4.741220722999913],[-80.1883906139999,-4.738019472999895],[-80.18740048899997,-4.736009722999881],[-80.184910114,-4.734660097999949],[-80.18233986399986,-4.731859347999944],[-80.16953911399997,-4.733749972999874],[-80.16859961399996,-4.733199222999872],[-80.16950586399997,-4.72818359799993],[-80.17139061399996,-4.724300722999885],[-80.175195364,-4.720638722999979],[-80.18274023899994,-4.714554722999878],[-80.18617573899996,-4.707246097999928],[-80.1881523639999,-4.701478472999952],[-80.18834961399989,-4.698833972999978],[-80.19091798899996,-4.690417972999967],[-80.19601361399987,-4.683267597999873],[-80.20246673899999,-4.686914097999875],[-80.20679886399995,-4.688441347999913],[-80.20822073899996,-4.693064472999936],[-80.21145898899982,-4.697726597999917],[-80.21154098899996,-4.701533222999956],[-80.22026948899997,-4.709734347999927],[-80.22117773899998,-4.712263722999978],[-80.22805073899997,-4.715701222999883],[-80.23346286399993,-4.719533222999871],[-80.23737486399995,-4.721113222999975],[-80.24006048899986,-4.721152347999976],[-80.2513787389999,-4.725496097999951],[-80.25310736399996,-4.727242222999905],[-80.25434373899992,-4.730933597999979],[-80.26396286399995,-4.73621684799997],[-80.27063673899994,-4.738837847999946],[-80.27891411399986,-4.737095722999925],[-80.29267973899994,-4.743119097999966],[-80.2963593639999,-4.746990222999898],[-80.29714061399989,-4.751650347999941],[-80.29627736399993,-4.75642972299994],[-80.29426173899998,-4.761210972999947],[-80.29363086399991,-4.764369097999975],[-80.29058986399991,-4.77060934799988],[-80.28876948899995,-4.776179722999927],[-80.28418948899997,-4.782339847999879],[-80.28402923899995,-4.784439472999964],[-80.28809961399992,-4.789460972999962],[-80.28986911399988,-4.799919972999874],[-80.2916503639999,-4.804429722999828],[-80.29900011399991,-4.806757847999961],[-80.30469923899994,-4.806119097999897],[-80.30602936399993,-4.810099597999908],[-80.309960989,-4.809970722999878],[-80.31260936399991,-4.81078909799993],[-80.31434961399992,-4.813849597999933],[-80.31796098899997,-4.816380847999937],[-80.32021098899997,-4.821419972999877],[-80.32009961399996,-4.824970722999979],[-80.32441011399993,-4.829890597999963],[-80.32814061399995,-4.825708972999905],[-80.3289784889999,-4.823865222999871],[-80.33342173899985,-4.822904347999952],[-80.33425786399994,-4.817095722999966],[-80.32977148899988,-4.816351597999926],[-80.32728511399995,-4.814861347999965],[-80.32538286399995,-4.810687472999973],[-80.32834961399993,-4.806050722999942],[-80.32893948899988,-4.803179722999971],[-80.33065036399995,-4.800820347999945],[-80.34261523899988,-4.798501972999816],[-80.34501561399998,-4.792451222999944],[-80.34748064299993,-4.792360644999974],[-80.34742916599993,-4.789650166999877],[-80.34881340799996,-4.786380209999948],[-80.35329427199991,-4.78549601799989],[-80.36010658599992,-4.777900536999937],[-80.35943912899995,-4.775480688999892],[-80.35575381199993,-4.771076654999945],[-80.36793004399993,-4.765520011999968],[-80.37339004399996,-4.759210010999936],[-80.37699004399985,-4.757580011999892],[-80.38041004399992,-4.754040010999915],[-80.38525004399992,-4.747090010999898],[-80.3852800439999,-4.745250011999872],[-80.38786004399998,-4.741910011999948],[-80.38852004399996,-4.735090011999887],[-80.3904100439999,-4.733720011999878],[-80.39161004399989,-4.729440010999951],[-80.39279004399992,-4.728150011999901],[-80.39613004399996,-4.72783001099998],[-80.39869004399998,-4.725710011999979],[-80.40123004399999,-4.720710010999881],[-80.40008004399994,-4.718670010999972],[-80.4024800439999,-4.717620011999941],[-80.40287004399994,-4.714440010999908],[-80.40213004399999,-4.711120010999934],[-80.40437004399996,-4.710760010999877],[-80.40612004399992,-4.708410010999955],[-80.40689004399997,-4.704990011999939],[-80.40669670199992,-4.700734021999892],[-80.4015300449999,-4.700780010999949],[-80.3986100439999,-4.691270010999972],[-80.39455004399997,-4.683920010999941],[-80.39216004399992,-4.68129001199992],[-80.39186004399988,-4.679060010999876],[-80.39305004399995,-4.675180010999952],[-80.38803004499988,-4.666620011999896],[-80.38306113099998,-4.664545941999904],[-80.37316095999995,-4.665135541999916],[-80.37116612199998,-4.661782898999888],[-80.36430891799989,-4.660729585999889],[-80.35819822299993,-4.658539993999909],[-80.35417278999995,-4.658566225999948],[-80.35083215399993,-4.659700043999976],[-80.34859711099995,-4.658291817999896],[-80.34843004399994,-4.652430010999922],[-80.34725004399996,-4.649870010999848],[-80.34720004399998,-4.644170010999915],[-80.34535004399993,-4.640230010999971],[-80.34305004399988,-4.638230011999951],[-80.3388185529999,-4.637780052999972],[-80.33870203999993,-4.634818039999914],[-80.3370659659999,-4.630687792999879],[-80.33680004099995,-4.628084659999956],[-80.31230004399998,-4.620130011999947],[-80.30978068899998,-4.61904186299995],[-80.30549297599998,-4.613101937999943],[-80.30182235899991,-4.610369814999899],[-80.29943965499996,-4.607782553999868],[-80.29610207899992,-4.606008110999881],[-80.29333569799991,-4.605526679999912],[-80.29066610499984,-4.603657141999975],[-80.28599186199989,-4.602886566999871],[-80.28222491899999,-4.601207373999955],[-80.27368684499999,-4.600289209999914],[-80.27044537699999,-4.597940337999887],[-80.26930273299996,-4.595737215999975],[-80.26611008099997,-4.592335272999946],[-80.26344047099997,-4.590609255999937],[-80.25824118999998,-4.590268789999925],[-80.24875376799997,-4.585041217999958],[-80.24479305499983,-4.586377351999943],[-80.24273998099994,-4.588146302999917],[-80.23787248699983,-4.58986437599998],[-80.23162548699997,-4.587942950999945],[-80.22518364199993,-4.589802840999937],[-80.2213949149999,-4.595393903999877]]]]},"properties":{"ubigeo":"190107","nombre":"LAS LOMAS"}},{"type":"Feature","geometry":{"type":"MultiPolygon","coordinates":[[[[-80.09508029899996,-4.753333839999925],[-80.09281167899991,-4.755023823999977],[-80.0892862309999,-4.760104950999846],[-80.08613108999998,-4.760004310999932],[-80.08441211399986,-4.764054722999958],[-80.08154298899996,-4.765445347999844],[-80.07937111399985,-4.774853472999951],[-80.07725786399999,-4.776933597999857],[-80.07680473899995,-4.77885347299997],[-80.07779098899994,-4.782810722999955],[-80.08024998899992,-4.787314472999981],[-80.08219136499997,-4.789152347999902],[-80.08301761399986,-4.791691347999915],[-80.08506048999993,-4.794275347999928],[-80.09481836399988,-4.799437472999955],[-80.10323636399994,-4.800841847999948],[-80.10633198899995,-4.802677722999817],[-80.11163086399995,-4.803347597999903],[-80.11476173899996,-4.804968722999945],[-80.11199998999996,-4.808228472999872],[-80.10988774599997,-4.813839783999924],[-80.10729527599989,-4.815794552999932],[-80.10278212499986,-4.821844545999909],[-80.10354350499989,-4.825293716999965],[-80.10546502899996,-4.829215540999883],[-80.10396584599994,-4.835316508999938],[-80.09846486499998,-4.837064472999884],[-80.09639848899997,-4.838447222999889],[-80.09352923899996,-4.84253709799998],[-80.09373436399989,-4.844871097999942],[-80.09767546999984,-4.85080345199998],[-80.09691011499984,-4.855406222999932],[-80.09431048899995,-4.857798972999944],[-80.09613086399992,-4.862660097999878],[-80.09835936399992,-4.866130847999841],[-80.1068906139999,-4.872390722999967],[-80.11213086399994,-4.878099597999892],[-80.11708973899994,-4.882369097999913],[-80.12198636499994,-4.892494097999929],[-80.12029298899984,-4.895076222999819],[-80.11587498899996,-4.898722597999893],[-80.11184761399994,-4.900671847999945],[-80.10928711399993,-4.906351597999958],[-80.11054437199994,-4.91235811599995],[-80.11263017299996,-4.914456880999865],[-80.1130418169999,-4.918944889999921],[-80.11470709099996,-4.922776405999969],[-80.11488186399993,-4.925947776999919],[-80.11636787499998,-4.930018384999926],[-80.11618534699994,-4.932710619999909],[-80.13329090499997,-4.944879273999902],[-80.14051948899998,-4.946470598999952],[-80.14358011399997,-4.949710972999924],[-80.15056048899987,-4.952660097999967],[-80.15422073899992,-4.953259597999931],[-80.15766986399996,-4.955060597999875],[-80.16115036399998,-4.958630722999942],[-80.16253123899992,-4.961880847999964],[-80.16291011399994,-4.965240222999967],[-80.16564061499997,-4.967949222999948],[-80.16851800799992,-4.969396348999965],[-80.16791787699992,-4.972207768999965],[-80.17417252799999,-4.979994009999928],[-80.17548045299992,-4.983705336999947],[-80.17611501999994,-4.98809104399993],[-80.18213931799994,-4.990477384999906],[-80.1863186519999,-4.986430764999966],[-80.19215211399984,-4.9912931369999],[-80.19335394799998,-4.993729837999979],[-80.19782294999999,-4.996839658999932],[-80.20045007199985,-5.001234619999934],[-80.20408855799997,-5.003459599999928],[-80.20936837599993,-5.001331794999885],[-80.21120951399996,-4.994437955999956],[-80.21643864599997,-4.99348197899991],[-80.22006666799996,-4.994177140999966],[-80.22540660799984,-4.993134865999878],[-80.22828913199993,-4.98967171399994],[-80.23098116499995,-4.991315622999934],[-80.23741828399989,-4.993303658999935],[-80.24557092299989,-4.997284241999921],[-80.2511797389999,-4.998091091999925],[-80.25142186499994,-5.000431597999921],[-80.2539354889999,-5.002296972999886],[-80.25712298999986,-5.002556598999888],[-80.25896861399997,-5.003771472999972],[-80.25872836499997,-5.00585147299995],[-80.25523636399998,-5.007593722999957],[-80.25137711399998,-5.006964847999939],[-80.24292186399998,-5.00382022399998],[-80.23895511399996,-5.005794973999969],[-80.23474798899986,-5.00872072299984],[-80.23218961399994,-5.012552722999885],[-80.23394536399996,-5.017255847999934],[-80.23444536399995,-5.021222598999941],[-80.23385936399995,-5.022869097999944],[-80.22986323899988,-5.025599597999928],[-80.22798436399995,-5.025712847999955],[-80.22199998999997,-5.02992772399989],[-80.22072074,-5.033720722999931],[-80.22130661399996,-5.037921847999939],[-80.22466598899985,-5.042343722999931],[-80.22455861399993,-5.044224598999961],[-80.22264861399998,-5.046978472999911],[-80.22150198899999,-5.05044922299993],[-80.22227923899999,-5.05354497299993],[-80.22581636399997,-5.05590822299996],[-80.2285194889999,-5.05586909799996],[-80.23905661399994,-5.064853473999904],[-80.24607423899988,-5.067234347999886],[-80.25416599,-5.069136722999929],[-80.26891798899993,-5.070564472999934],[-80.27510548899994,-5.070921847999898],[-80.27867386499997,-5.070564472999934],[-80.28706048899994,-5.06848247399995],[-80.28961911499988,-5.071517598999833],[-80.2905703639999,-5.077228472999934],[-80.29259373899998,-5.081628847999866],[-80.2930703639999,-5.085912097999881],[-80.29544923899994,-5.089005848999875],[-80.30199236399994,-5.093167973999925],[-80.30449023899996,-5.093646472999978],[-80.31032036499988,-5.093050723999966],[-80.31460348899998,-5.096025348999888],[-80.31638861399995,-5.099238222999816],[-80.32031448899988,-5.103283223999938],[-80.3245976149999,-5.111373097999945],[-80.32804686399993,-5.113513723999972],[-80.33173648899992,-5.116964847999952],[-80.33554298899992,-5.121720723999886],[-80.33697073999997,-5.128505847999975],[-80.33673236399994,-5.129695347999927],[-80.33806836399998,-5.137165972999924],[-80.35372008499996,-5.140145546999918],[-80.38787091299997,-5.14670676399993],[-80.39801584199995,-5.147314792999964],[-80.40768425699991,-5.146964839999953],[-80.44003254899991,-5.144839978999926],[-80.4461961639999,-5.14457218799987],[-80.44300067499984,-5.138460631999976],[-80.44134933499998,-5.132491171999959],[-80.44017710599996,-5.12446710699993],[-80.4370395339999,-5.116497617999926],[-80.43707164199998,-5.111880878999955],[-80.43447844999992,-5.104206998999871],[-80.4326267909999,-5.090031782999972],[-80.43358423599989,-5.086710804999882],[-80.43150791099998,-5.079456897999933],[-80.42873834099998,-5.074207481999906],[-80.42376381399998,-5.066323633999957],[-80.42175038199997,-5.061916403999874],[-80.42090198899996,-5.057648018999942],[-80.50242958899997,-4.982403418999979],[-80.50353487499984,-4.999999285999934],[-80.55214027199997,-4.995999624999968],[-80.55328858399997,-4.97864949999996],[-80.55526384299998,-4.978922227999874],[-80.55913684499995,-4.973967425999888],[-80.56209051499991,-4.967826910999975],[-80.5677733849999,-4.971979978999968],[-80.57510670499988,-4.980529637999894],[-80.57772009299993,-4.980495416999929],[-80.57965417899999,-4.979060538999931],[-80.57901526299997,-4.970443427999896],[-80.5805053439999,-4.966660960999945],[-80.58281322799996,-4.965533697999945],[-80.58489488599992,-4.966212245999941],[-80.59408956599998,-4.975165917999959],[-80.60272201599992,-4.975107855999852],[-80.62995506699997,-4.974927225999977],[-80.62912886399994,-4.968820347999895],[-80.62734961499996,-4.966249972999947],[-80.62703898999996,-4.961359347999974],[-80.61993948999998,-4.947599597999954],[-80.61802923899984,-4.940759722999928],[-80.61136911499989,-4.933259722999878],[-80.60627923999994,-4.929490222999902],[-80.60568948899999,-4.927249972999903],[-80.60528911499989,-4.91800984799994],[-80.59874023899982,-4.911400347999916],[-80.59568948999998,-4.906060597999954],[-80.58869923999998,-4.905650347999938],[-80.58648048999993,-4.904259723999928],[-80.58259961499988,-4.905509722999966],[-80.58027923999992,-4.903359347999924],[-80.57358786499998,-4.899720723999963],[-80.57314061499983,-4.898300722999977],[-80.57380073999991,-4.891720722999935],[-80.57224023899994,-4.884830097999895],[-80.56746098899998,-4.883210972999962],[-80.56289061499996,-4.883169972999951],[-80.55751948999989,-4.880119097999909],[-80.55298048899994,-4.875550722999947],[-80.55233011399997,-4.873330098999872],[-80.5534297399999,-4.871150347999844],[-80.55328911399988,-4.867550723999898],[-80.55452923999991,-4.863050723999891],[-80.55178911499996,-4.861470723999901],[-80.54961923999991,-4.858970722999914],[-80.54553911499994,-4.846570347999943],[-80.54005073899992,-4.839789097999926],[-80.52200973999999,-4.82606059799997],[-80.50742973999996,-4.823369097999944],[-80.50584961499987,-4.823859347999928],[-80.49881048999998,-4.829419972999915],[-80.49426948999997,-4.82896097399987],[-80.48916998899995,-4.831199222999885],[-80.48682223899993,-4.831029348999948],[-80.48090036499997,-4.828529347999961],[-80.47652936399987,-4.825830097999926],[-80.47372073899999,-4.827529347999928],[-80.46852923899996,-4.828140597999948],[-80.46483011399988,-4.830650347999949],[-80.46082036399997,-4.831009722999909],[-80.45443948999991,-4.832570347999933],[-80.45051948999986,-4.828130847999944],[-80.43757036399995,-4.825460972999906],[-80.43489248899988,-4.825960972999894],[-80.43023048899988,-4.828609347999929],[-80.42299023899989,-4.828369097999939],[-80.41886911399996,-4.82896097299988],[-80.41748048899984,-4.827119097999969],[-80.41346098999998,-4.825150348999898],[-80.40883986499989,-4.821740222999892],[-80.40709948999995,-4.819349597999974],[-80.40496111499994,-4.812562472999957],[-80.40339061399993,-4.810900222999976],[-80.39992973899996,-4.80948822299996],[-80.39507036399993,-4.808900347999952],[-80.3928906139999,-4.807999973999927],[-80.38599023899997,-4.807101597999917],[-80.38225198899994,-4.802359347999925],[-80.38190823899998,-4.799589847999925],[-80.38024023899999,-4.798339847999898],[-80.37667973999993,-4.798171847999924],[-80.37168961499998,-4.800070348999895],[-80.36184961399988,-4.801009722999936],[-80.35672073899991,-4.798720722999974],[-80.35180073899988,-4.794769472999974],[-80.34990036499994,-4.792210972999953],[-80.34748064299993,-4.792360644999974],[-80.34501561399998,-4.792451222999944],[-80.34261523899988,-4.798501972999816],[-80.33065036399995,-4.800820347999945],[-80.32893948899988,-4.803179722999971],[-80.32834961399993,-4.806050722999942],[-80.32538286399995,-4.810687472999973],[-80.32728511399995,-4.814861347999965],[-80.32977148899988,-4.816351597999926],[-80.33425786399994,-4.817095722999966],[-80.33342173899985,-4.822904347999952],[-80.3289784889999,-4.823865222999871],[-80.32814061399995,-4.825708972999905],[-80.32441011399993,-4.829890597999963],[-80.32009961399996,-4.824970722999979],[-80.32021098899997,-4.821419972999877],[-80.31796098899997,-4.816380847999937],[-80.31434961399992,-4.813849597999933],[-80.31260936399991,-4.81078909799993],[-80.309960989,-4.809970722999878],[-80.30602936399993,-4.810099597999908],[-80.30469923899994,-4.806119097999897],[-80.29900011399991,-4.806757847999961],[-80.2916503639999,-4.804429722999828],[-80.28986911399988,-4.799919972999874],[-80.28809961399992,-4.789460972999962],[-80.28402923899995,-4.784439472999964],[-80.28418948899997,-4.782339847999879],[-80.28876948899995,-4.776179722999927],[-80.29058986399991,-4.77060934799988],[-80.29363086399991,-4.764369097999975],[-80.29426173899998,-4.761210972999947],[-80.29627736399993,-4.75642972299994],[-80.29714061399989,-4.751650347999941],[-80.2963593639999,-4.746990222999898],[-80.29267973899994,-4.743119097999966],[-80.27891411399986,-4.737095722999925],[-80.27063673899994,-4.738837847999946],[-80.26396286399995,-4.73621684799997],[-80.25434373899992,-4.730933597999979],[-80.25310736399996,-4.727242222999905],[-80.2513787389999,-4.725496097999951],[-80.24006048899986,-4.721152347999976],[-80.23737486399995,-4.721113222999975],[-80.23346286399993,-4.719533222999871],[-80.22805073899997,-4.715701222999883],[-80.22117773899998,-4.712263722999978],[-80.22026948899997,-4.709734347999927],[-80.21154098899996,-4.701533222999956],[-80.21145898899982,-4.697726597999917],[-80.20822073899996,-4.693064472999936],[-80.20679886399995,-4.688441347999913],[-80.20246673899999,-4.686914097999875],[-80.19601361399987,-4.683267597999873],[-80.19091798899996,-4.690417972999967],[-80.18834961399989,-4.698833972999978],[-80.1881523639999,-4.701478472999952],[-80.18617573899996,-4.707246097999928],[-80.18274023899994,-4.714554722999878],[-80.175195364,-4.720638722999979],[-80.17139061399996,-4.724300722999885],[-80.16950586399997,-4.72818359799993],[-80.16859961399996,-4.733199222999872],[-80.16953911399997,-4.733749972999874],[-80.18233986399986,-4.731859347999944],[-80.184910114,-4.734660097999949],[-80.18740048899997,-4.736009722999881],[-80.1883906139999,-4.738019472999895],[-80.19244923899998,-4.741220722999913],[-80.19030861399989,-4.744806597999968],[-80.18717186399988,-4.745943347999969],[-80.18626561399986,-4.752406222999923],[-80.18708598899997,-4.753980472999899],[-80.18696098899994,-4.758312472999933],[-80.1897323639999,-4.760695347999956],[-80.19104486399988,-4.765953097999954],[-80.19305073899994,-4.767451222999966],[-80.19506248899995,-4.771644472999924],[-80.19356448899998,-4.774798847999875],[-80.19020311399987,-4.777423847999898],[-80.18649211399998,-4.781790972999943],[-80.17911523899994,-4.781609472999946],[-80.17678123899992,-4.782212847999858],[-80.17380273899994,-4.780892597999866],[-80.17162886399996,-4.777982472999952],[-80.16642386399997,-4.776853347999975],[-80.16358011399996,-4.77084959799987],[-80.16116986399999,-4.771361347999971],[-80.15725973899993,-4.770808597999974],[-80.15374411399995,-4.767767597999978],[-80.15242573899991,-4.764322222999908],[-80.15261911399995,-4.760068347999947],[-80.15053511399998,-4.759251972999948],[-80.15085936399998,-4.754927722999923],[-80.14931848899994,-4.752992222999922],[-80.14359973899991,-4.74956059799996],[-80.13758011399995,-4.748029347999818],[-80.13217973899987,-4.752089847999969],[-80.13164061399993,-4.754919972999915],[-80.13011136399996,-4.756999972999949],[-80.12249023899989,-4.757580097999949],[-80.1135096139999,-4.762099597999963],[-80.11010936399992,-4.760300722999943],[-80.10552923899996,-4.76156059799996],[-80.09764061399989,-4.756199222999953],[-80.09508029899996,-4.753333839999925]]]]},"properties":{"ubigeo":"190109","nombre":"TAMBO GRANDE"}},{"type":"Feature","geometry":{"type":"MultiPolygon","coordinates":[[[[-80.52563515999992,-5.421091777999948],[-80.58070650899992,-5.420842961999938],[-80.58025954999988,-5.414510267999901],[-80.60010837799996,-5.428997749999951],[-80.60733621299988,-5.419051567999873],[-80.60481346399996,-5.411812892999933],[-80.61239572699992,-5.411817788999883],[-80.61275862799994,-5.408923204999951],[-80.61526670399996,-5.407511724999949],[-80.61666110599998,-5.402440137999974],[-80.61978911399996,-5.400220723999951],[-80.62574978199996,-5.398692757999925],[-80.62694726599989,-5.40098242199997],[-80.63312422699994,-5.401607308999928],[-80.64082748099986,-5.400850602999981],[-80.64167905999989,-5.397990702999891],[-80.64464683999995,-5.396283537999977],[-80.64932281099993,-5.396913815999881],[-80.65135936499996,-5.396169973999974],[-80.654320365,-5.393539098999895],[-80.65552923999991,-5.39052734899991],[-80.6555097399999,-5.387749973999973],[-80.6583007399999,-5.385300723999933],[-80.6607694899999,-5.386699223999926],[-80.66272073999994,-5.384460973999978],[-80.6594394899999,-5.382460973999969],[-80.65867773999992,-5.37960934899985],[-80.66215036499995,-5.377369098999964],[-80.66635936499995,-5.380179723999959],[-80.67097073999992,-5.379140598999868],[-80.67591986499997,-5.375499848999823],[-80.67782036499989,-5.373429723999948],[-80.67913086499988,-5.367839848999836],[-80.67952923999991,-5.362380848999976],[-80.67902923999992,-5.359736348999945],[-80.67686911499999,-5.354939473999934],[-80.67832036499988,-5.351830098999812],[-80.68230073999996,-5.350169973999925],[-80.68628911499991,-5.351878848999945],[-80.68953911499989,-5.348249973999884],[-80.68755073999995,-5.343509723999887],[-80.68743948999997,-5.338550723999901],[-80.69041011499985,-5.334720723999908],[-80.69405073999997,-5.334470723999914],[-80.69524998999998,-5.333039098999961],[-80.69583011499992,-5.328039098999966],[-80.69416011499999,-5.327300723999883],[-80.68997073999998,-5.328880848999972],[-80.68803911499987,-5.328249973999846],[-80.68749023999993,-5.325019473999873],[-80.6892773649999,-5.322749973999976],[-80.69326948999998,-5.321240223999837],[-80.69753911499993,-5.318400348999944],[-80.6995867679999,-5.312239297999895],[-80.69396355199996,-5.313376383999923],[-80.68989357599992,-5.312650639999958],[-80.68755544399988,-5.313888817999953],[-80.68259197299983,-5.313849761999961],[-80.67623977799997,-5.315701097999977],[-80.67163589899997,-5.316573260999974],[-80.65995895499998,-5.317969300999891],[-80.65379437699983,-5.3195599579999],[-80.64304851299994,-5.320902750999892],[-80.64259698099988,-5.321372899999972],[-80.62183929899993,-5.320908196999881],[-80.61225980299997,-5.314498528999877],[-80.61198247199991,-5.310464583999874],[-80.61096873899999,-5.308800722999877],[-80.60603123999994,-5.305677723999963],[-80.60067973899999,-5.30704097399996],[-80.59371873999999,-5.307206973999939],[-80.59081836399992,-5.305572222999956],[-80.5882988649999,-5.301271472999872],[-80.58609573899997,-5.30137697299989],[-80.58168948999997,-5.303421847999914],[-80.57642373999994,-5.303660097999909],[-80.56932811499996,-5.304546973999948],[-80.56622461499995,-5.303437472999974],[-80.56134573899993,-5.303660097999909],[-80.54785348999991,-5.302162098999929],[-80.544285114,-5.30226759899989],[-80.5418729889999,-5.301324222999881],[-80.53778111499992,-5.301638723999815],[-80.53340823999997,-5.302992222999876],[-80.52975386399999,-5.302740223999933],[-80.51478323999999,-5.300333972999965],[-80.50547061499987,-5.300998097999923],[-80.50014848999996,-5.302330098999903],[-80.49717773899994,-5.303736347999973],[-80.49369644299998,-5.304080817999875],[-80.50359688099991,-5.337559772999896],[-80.50267243499997,-5.364697584999874],[-80.51709571799984,-5.387324641999953],[-80.52563515999992,-5.421091777999948]]]]},"properties":{"ubigeo":"190113","nombre":"CURA MORI"}},{"type":"Feature","geometry":{"type":"MultiPolygon","coordinates":[[[[-80.52563515999992,-5.421091777999948],[-80.53060341799994,-5.428043134999882],[-80.5396232089999,-5.437096283999949],[-80.54503249299995,-5.446146601999942],[-80.54863110299988,-5.462432496999838],[-80.56667574099998,-5.476015135999944],[-80.56757067199993,-5.486871257999951],[-80.5914623079999,-5.479368981999869],[-80.60151953999991,-5.479205516999968],[-80.64513935799994,-5.48710314799996],[-80.64503795099989,-5.486016819999975],[-80.64690051899998,-5.475795772999902],[-80.64754326999997,-5.465499530999921],[-80.64868144199988,-5.461840963999919],[-80.64665761899994,-5.453626826999937],[-80.64724992899994,-5.446529294999948],[-80.64222703299993,-5.444764757999963],[-80.64428692599984,-5.442189023999902],[-80.64431699599999,-5.436732858999903],[-80.65369511299997,-5.433843544999945],[-80.68099068499993,-5.428035881999904],[-80.69037772899992,-5.426336833999926],[-80.69037680599985,-5.428146107999964],[-80.69750417499989,-5.427048382999942],[-80.70376518199987,-5.424905167999952],[-80.70037318099997,-5.417867582999975],[-80.69895432999988,-5.407982655999945],[-80.70000134799994,-5.405914956999879],[-80.69166476599992,-5.404472594999845],[-80.6765257859999,-5.405457786999932],[-80.65897856699996,-5.407957783999905],[-80.650128538,-5.408493596999904],[-80.65037890599984,-5.406333984999947],[-80.64983593699986,-5.397437499999967],[-80.64932281099993,-5.396913815999881],[-80.64464683999995,-5.396283537999977],[-80.64167905999989,-5.397990702999891],[-80.64082748099986,-5.400850602999981],[-80.63312422699994,-5.401607308999928],[-80.62694726599989,-5.40098242199997],[-80.62574978199996,-5.398692757999925],[-80.61978911399996,-5.400220723999951],[-80.61666110599998,-5.402440137999974],[-80.61526670399996,-5.407511724999949],[-80.61275862799994,-5.408923204999951],[-80.61239572699992,-5.411817788999883],[-80.60481346399996,-5.411812892999933],[-80.60733621299988,-5.419051567999873],[-80.60010837799996,-5.428997749999951],[-80.58025954999988,-5.414510267999901],[-80.58070650899992,-5.420842961999938],[-80.52563515999992,-5.421091777999948]]]]},"properties":{"ubigeo":"190114","nombre":"EL TALLAN"}},{"type":"Feature","geometry":{"type":"MultiPolygon","coordinates":[[[[-80.6540498469999,-5.217450593999956],[-80.66340343999997,-5.214573847999873],[-80.66714597399982,-5.218936209999924],[-80.69168980499995,-5.202104271999929],[-80.69030174999995,-5.19889210599996],[-80.69334987999997,-5.19402441099993],[-80.70702827999992,-5.174190586999941],[-80.70732428299993,-5.170141554999873],[-80.70954917999995,-5.169751045999874],[-80.72468107799995,-5.165043654999977],[-80.73099347199997,-5.161819791999847],[-80.73485966699985,-5.161381429999892],[-80.73931638199991,-5.157472340999959],[-80.76776441999993,-5.151495319999924],[-80.75926411599988,-5.138817271999869],[-80.7416037999999,-5.123639389999937],[-80.68749008599991,-5.117608401999917],[-80.68156056699985,-5.139534074999972],[-80.66233027099997,-5.145341038999902],[-80.65985016999997,-5.153117832999953],[-80.657795863,-5.157127612999943],[-80.65123971999992,-5.164902458999904],[-80.65654770399982,-5.16799916399998],[-80.66033047999997,-5.173166768999977],[-80.65816844799997,-5.177392272999839],[-80.64806076699989,-5.180823848999978],[-80.64678173999994,-5.182314322999957],[-80.64909034499988,-5.184740043999909],[-80.65898169199994,-5.18128067899994],[-80.66026991799993,-5.185198468999943],[-80.65368180599984,-5.187266522999892],[-80.65508727299994,-5.191256756999906],[-80.65422015399997,-5.192866543999969],[-80.64780337399998,-5.194961761999934],[-80.64878110499996,-5.189172609999957],[-80.63910579299994,-5.19325612699987],[-80.6499662359999,-5.208352916999957],[-80.65241108499993,-5.212602789999949],[-80.6540498469999,-5.217450593999956]]]]},"properties":{"ubigeo":"190115","nombre":"VEINTISEIS DE OCTUBRE"}},{"type":"Feature","geometry":{"type":"MultiPolygon","coordinates":[[[[-79.38914261299988,-4.834281222999891],[-79.39169723799995,-4.838027347999969],[-79.39318948799996,-4.84249609799997],[-79.39387886299988,-4.847628847999943],[-79.39077923799994,-4.854091847999882],[-79.39024411299988,-4.858107472999961],[-79.39169723799995,-4.865107472999966],[-79.39219336299988,-4.874019472999976],[-79.39345698799997,-4.880789097999923],[-79.39627148799997,-4.887960972999963],[-79.39854298799997,-4.891726597999934],[-79.40037511299994,-4.893048722999936],[-79.40427923799996,-4.899605472999951],[-79.40799023799997,-4.904158222999968],[-79.40971098799997,-4.907751972999961],[-79.4143398629999,-4.912800722999975],[-79.42003711299992,-4.917582097999968],[-79.42443548799997,-4.922365347999914],[-79.42726761299997,-4.923931597999967],[-79.43174223899996,-4.923892597999952],[-79.4389707389999,-4.924542972999859],[-79.44329298899999,-4.923664097999961],[-79.44872261399996,-4.924427722999894],[-79.4512852389999,-4.927564472999904],[-79.45170511399994,-4.930826222999883],[-79.45101948899998,-4.934275347999971],[-79.45140036399982,-4.937242222999885],[-79.45366011399994,-4.933359347999954],[-79.45747073899992,-4.93122072299991],[-79.4582402389999,-4.930982472999915],[-79.45934961399996,-4.930689472999916],[-79.46210923899986,-4.930550722999897],[-79.46786911399994,-4.927970722999873],[-79.47210936399995,-4.926949222999895],[-79.47809961399997,-4.923640597999963],[-79.48278911399984,-4.919070347999934],[-79.48474236399989,-4.917900347999932],[-79.48693948899995,-4.914199222999969],[-79.48858986399989,-4.91319909799995],[-79.49258786399997,-4.908929722999972],[-79.49358973899996,-4.90580072299997],[-79.49698048899995,-4.899369097999909],[-79.49760936399986,-4.895970722999948],[-79.50141998899994,-4.888599597999928],[-79.50384961399999,-4.886660097999879],[-79.50451961399989,-4.879619097999978],[-79.50442186399988,-4.877279347999888],[-79.50467961399988,-4.873880847999885],[-79.50386911399988,-4.869029347999856],[-79.50608011399993,-4.862830097999961],[-79.51172073899994,-4.862199222999948],[-79.51515036399991,-4.862890597999979],[-79.51990036399991,-4.862839847999965],[-79.52493948899996,-4.863570347999882],[-79.53082036399996,-4.861761722999915],[-79.53308986399992,-4.858240222999939],[-79.53783986399998,-4.85431059799987],[-79.54131048899984,-4.854789097999969],[-79.54358998899988,-4.856240222999929],[-79.55017773899988,-4.858320347999836],[-79.55559961399996,-4.857960972999933],[-79.55916011399995,-4.856800722999935],[-79.56349986399994,-4.856449222999913],[-79.56542973899991,-4.857160097999952],[-79.57088086399995,-4.853609347999964],[-79.57893948899994,-4.850660097999935],[-79.58024023899992,-4.850867222999909],[-79.58227923899994,-4.850169972999936],[-79.58696098899998,-4.851220722999926],[-79.59143948899998,-4.850710972999934],[-79.59381048899996,-4.851499972999932],[-79.59723048899997,-4.85436909799995],[-79.59850973899995,-4.856519472999935],[-79.60299998899995,-4.861529347999976],[-79.60648048899998,-4.863009722999948],[-79.60725973899997,-4.866490222999971],[-79.60952923899998,-4.867150347999882],[-79.61240036399988,-4.870300722999957],[-79.61741986399988,-4.881499972999961],[-79.62225973899996,-4.88189059799987],[-79.62309961399995,-4.882539097999882],[-79.62453911399996,-4.883769472999973],[-79.62798048899998,-4.884119097999871],[-79.63127923899998,-4.882800722999946],[-79.63383986399992,-4.879089847999865],[-79.63624998899996,-4.877249972999948],[-79.63978911399994,-4.876679722999938],[-79.6484999889999,-4.877339847999906],[-79.6535194889999,-4.868830097999876],[-79.65389061399998,-4.866130847999841],[-79.6557597389999,-4.864109347999886],[-79.65403711399995,-4.861259722999932],[-79.65341011399994,-4.857109347999824],[-79.65348048899989,-4.847419972999944],[-79.65408011399995,-4.846039097999949],[-79.65363086399998,-4.839300722999894],[-79.65258986399994,-4.834710972999915],[-79.64994923899991,-4.830560597999977],[-79.65321111399999,-4.823939597999981],[-79.65466986399997,-4.822660097999972],[-79.65648048899993,-4.824790972999892],[-79.65883986399996,-4.82419922299988],[-79.65967961399997,-4.82118947299989],[-79.66483986399999,-4.820199097999932],[-79.66608011399995,-4.817880847999959],[-79.66883011399995,-4.818240222999975],[-79.67033986399997,-4.814839847999963],[-79.67340036399997,-4.812689347999935],[-79.67600973899994,-4.812980472999868],[-79.67666986399996,-4.810689472999968],[-79.67858986399989,-4.810109347999912],[-79.68248048899994,-4.805720722999979],[-79.68790048899996,-4.806330097999933],[-79.69010936399985,-4.810869097999955],[-79.69317973899996,-4.811150347999956],[-79.69566986399985,-4.81243947299987],[-79.70594923899995,-4.811550722999868],[-79.71125973899996,-4.805249972999945],[-79.71309961399993,-4.804339847999927],[-79.71816986399989,-4.803890597999896],[-79.72058011399992,-4.802499972999954],[-79.72258986399993,-4.801460972999962],[-79.72518948899989,-4.799509722999971],[-79.72758011399992,-4.793499972999939],[-79.73296098899988,-4.78767972299994],[-79.73438086399995,-4.785039097999913],[-79.7377597389999,-4.782630847999883],[-79.7394902389999,-4.780039097999918],[-79.74503911399995,-4.773980472999938],[-79.74509961399997,-4.770210972999962],[-79.7472694889999,-4.766710972999931],[-79.74847461399997,-4.762322222999956],[-79.74888861399995,-4.761658222999927],[-79.75204098899991,-4.758650347999946],[-79.75406048899987,-4.754990222999936],[-79.75741023899991,-4.754509722999899],[-79.75902923899991,-4.752470722999931],[-79.76180861399996,-4.752609347999964],[-79.76958786399996,-4.751373097999874],[-79.77196098899992,-4.750400347999971],[-79.77691011399997,-4.752669972999911],[-79.77975973899993,-4.752330097999959],[-79.78077923899991,-4.756689472999938],[-79.78334961399997,-4.757380847999968],[-79.78324998899996,-4.752949222999916],[-79.78861911399997,-4.749269472999913],[-79.79039061399999,-4.750962847999972],[-79.79289061399999,-4.751080097999818],[-79.79658011399988,-4.74855072299988],[-79.80474998899996,-4.748798847999979],[-79.80883011399993,-4.749859347999973],[-79.8136698639999,-4.747099597999977],[-79.81669923899995,-4.74389059799995],[-79.81674998899996,-4.741009722999877],[-79.81999023899988,-4.740009722999901],[-79.82272073899998,-4.741099597999948],[-79.82675961399991,-4.738248097999929],[-79.82584973899998,-4.731420097999944],[-79.82841011399995,-4.728830097999946],[-79.83586911399993,-4.72664059799996],[-79.83541011399996,-4.722740222999846],[-79.84041011399995,-4.719830097999932],[-79.843119114,-4.71932034799994],[-79.84403911399994,-4.715630847999932],[-79.8487909889999,-4.713939472999868],[-79.84933398899989,-4.710912097999937],[-79.84670311399998,-4.710455097999954],[-79.84393748899998,-4.704644597999959],[-79.83999611399997,-4.699630847999913],[-79.83617573899988,-4.695646472999954],[-79.8334687389999,-4.690552722999939],[-79.83295111399997,-4.687566347999905],[-79.83034373899989,-4.68286322299997],[-79.82769536399996,-4.676458972999967],[-79.82578511399993,-4.674072097999954],[-79.81328511399994,-4.673593722999954],[-79.8081093639999,-4.672120972999949],[-79.80619923899997,-4.669214847999967],[-79.80397073899996,-4.668179722999923],[-79.79923236399986,-4.669890597999881],[-79.7921816139999,-4.675896472999966],[-79.79250973899997,-4.669296847999874],[-79.79166986399997,-4.665790972999957],[-79.7941386139999,-4.655998097999827],[-79.79489448899994,-4.647718722999912],[-79.79596098899998,-4.645499972999914],[-79.79155073899994,-4.64167184799993],[-79.78984961399988,-4.638900347999936],[-79.78518948899995,-4.635810597999978],[-79.78119136399988,-4.636410097999942],[-79.7762792389999,-4.634140597999931],[-79.77092973899994,-4.634581972999854],[-79.76909761399997,-4.631675722999887],[-79.76694936399997,-4.630441347999977],[-79.76674998899995,-4.626460972999894],[-79.7628084889999,-4.619097597999939],[-79.7629277389999,-4.617544972999895],[-79.76077923899993,-4.614201222999839],[-79.75910936399998,-4.609919972999876],[-79.75811911399995,-4.605400347999932],[-79.75673048899989,-4.602640597999937],[-79.75646098899989,-4.598697222999931],[-79.75497073899993,-4.595960972999933],[-79.7525604889999,-4.588919972999975],[-79.74968948899988,-4.585909972999957],[-79.7487207389999,-4.582189472999971],[-79.74609961399995,-4.579210972999931],[-79.74432036399998,-4.575339847999885],[-79.74742973899993,-4.571820347999846],[-79.75083986399994,-4.569830097999841],[-79.75447073899988,-4.562949222999919],[-79.75530073899989,-4.558759722999923],[-79.75669923899989,-4.557769347999965],[-79.75984961399996,-4.558109347999959],[-79.76228911399994,-4.556089847999942],[-79.76674023899994,-4.554660097999943],[-79.7693007389999,-4.549369097999943],[-79.77105073899992,-4.548558597999943],[-79.77651361399995,-4.548521597999979],[-79.78301161399997,-4.5399804729999],[-79.78334961399997,-4.537390597999945],[-79.78513086399988,-4.535240097999917],[-79.79224998899997,-4.529300722999892],[-79.79474998899997,-4.525470722999898],[-79.79811911399992,-4.521580097999959],[-79.79726948899997,-4.51309959799994],[-79.79624011399989,-4.511859347999916],[-79.79507036399991,-4.506359347999933],[-79.79707036399992,-4.503189472999964],[-79.79778923899994,-4.49629097299993],[-79.79933973899995,-4.490859347999901],[-79.80171673899997,-4.48867184799991],[-79.79826761399988,-4.488900472999944],[-79.79687111399988,-4.491830097999923],[-79.79388473899996,-4.492982472999927],[-79.79015823899994,-4.49273634799988],[-79.78673436399998,-4.491253847999872],[-79.78424223899998,-4.491310597999927],[-79.77909961399996,-4.488470722999978],[-79.7728827389999,-4.487154347999876],[-79.76948048899993,-4.487910097999873],[-79.76415036399999,-4.4875390979999],[-79.76131236399993,-4.486539097999866],[-79.75466986399994,-4.482910097999877],[-79.74888086399994,-4.482970722999937],[-79.74256048899997,-4.479080097999883],[-79.73966986399995,-4.478029347999893],[-79.73573048899988,-4.475429722999934],[-79.73155073899989,-4.473720597999943],[-79.72617973899997,-4.469949222999958],[-79.72338086399992,-4.470208972999956],[-79.72000973899998,-4.469009722999942],[-79.71732036399993,-4.469359347999955],[-79.71518948899995,-4.471249972999942],[-79.70875973899996,-4.471492222999927],[-79.70535348899995,-4.470025347999979],[-79.70174023899995,-4.465429722999943],[-79.69342973899995,-4.461019472999908],[-79.68926948899997,-4.457380847999957],[-79.68877923899993,-4.454330097999957],[-79.6848008639999,-4.45088084799994],[-79.68225198899995,-4.447880847999954],[-79.68082036399989,-4.44946097299993],[-79.67698048899996,-4.448019472999874],[-79.67471098899995,-4.448609347999934],[-79.67224998899991,-4.445589847999941],[-79.66922073899991,-4.44328909799998],[-79.66392973899991,-4.440880847999949],[-79.66150973899988,-4.441009722999979],[-79.6554589889999,-4.43416009799995],[-79.6515194889999,-4.435369097999967],[-79.6479492389999,-4.435369097999967],[-79.64377936399995,-4.433420097999942],[-79.64213086399997,-4.43464059799993],[-79.64080073899999,-4.437669847999928],[-79.63586898899996,-4.438599597999939],[-79.63403911399996,-4.437640597999973],[-79.62814061399996,-4.439109347999931],[-79.61756048899997,-4.445519472999877],[-79.61566986399993,-4.449740222999878],[-79.61186911399989,-4.45000972299988],[-79.61243948899994,-4.453730597999879],[-79.60891011399991,-4.457179722999911],[-79.60498236399991,-4.45693947299992],[-79.60217973899995,-4.455919972999936],[-79.60097261399989,-4.459560597999825],[-79.59789061399988,-4.461289097999952],[-79.59916986399998,-4.465230472999906],[-79.59832048899995,-4.467308597999875],[-79.5935391139999,-4.468949222999925],[-79.59291011399989,-4.473910097999976],[-79.59032036399998,-4.475919972999975],[-79.58788086399989,-4.48168947299996],[-79.58373048899995,-4.482830097999909],[-79.58138086399998,-4.484589847999871],[-79.58095123899994,-4.486660097999902],[-79.58196098899992,-4.491630847999886],[-79.57959961399996,-4.497619097999916],[-79.57755073899995,-4.50057034799994],[-79.57297073899991,-4.502210972999933],[-79.56938086399998,-4.501230472999964],[-79.56853911399998,-4.508130847999894],[-79.56350973899993,-4.50944922299982],[-79.56339061399996,-4.514269472999956],[-79.56150973899992,-4.514580097999954],[-79.55671111399982,-4.512630972999887],[-79.55252923899991,-4.513960972999882],[-79.54517973899988,-4.520210972999962],[-79.54384961399995,-4.525730472999896],[-79.53958011399993,-4.526880847999962],[-79.53196098899997,-4.525789097999962],[-79.52852923899997,-4.52750972299998],[-79.52425973899994,-4.52591009799994],[-79.52077923899998,-4.526449222999872],[-79.52164061399992,-4.523630847999925],[-79.51769923899997,-4.521990222999875],[-79.5148281139999,-4.518390597999939],[-79.5092891139999,-4.517839847999937],[-79.50498048899993,-4.518670097999973],[-79.50149986399998,-4.521099597999921],[-79.49793948899998,-4.521228472999951],[-79.49042973899998,-4.52815034799994],[-79.48724023899996,-4.533560597999951],[-79.48549023899994,-4.538470722999875],[-79.48416011399996,-4.54646097299991],[-79.48391986399997,-4.550570347999951],[-79.48157036399988,-4.558169972999906],[-79.47859961399996,-4.564240222999956],[-79.47808011399997,-4.568789097999968],[-79.47939061399995,-4.572849597999891],[-79.48618948899997,-4.574179722999929],[-79.49354298899993,-4.577749972999925],[-79.49521098899999,-4.579898472999957],[-79.49402923899993,-4.58453909799988],[-79.49161911399989,-4.589220722999926],[-79.49068948899998,-4.592509847999906],[-79.4897891139999,-4.599400347999904],[-79.48956048899993,-4.607199222999952],[-79.48843948899997,-4.617080097999917],[-79.48824998899994,-4.625990222999974],[-79.48758986399997,-4.627281222999898],[-79.48185936399983,-4.630480472999977],[-79.47065036399994,-4.64103922299995],[-79.4684999889999,-4.643861347999973],[-79.46736911399995,-4.646859347999964],[-79.46446098899992,-4.650460972999895],[-79.46338086399999,-4.653859347999969],[-79.46411911399997,-4.657070347999877],[-79.46224998899993,-4.663789097999882],[-79.4606992389999,-4.66771872299995],[-79.4613594889999,-4.672449222999944],[-79.46074998899991,-4.676240222999979],[-79.45940998899988,-4.678249972999936],[-79.45863086399999,-4.683609347999891],[-79.45897073899988,-4.687320347999901],[-79.45698048899987,-4.693070347999935],[-79.45764061399996,-4.699380847999919],[-79.45594923899989,-4.704220722999821],[-79.45228911399994,-4.708759847999943],[-79.44858011399998,-4.71701947299988],[-79.44374023899985,-4.722210972999903],[-79.43996098899999,-4.727050722999877],[-79.43722073899988,-4.729580097999929],[-79.43501948899996,-4.734519472999978],[-79.43175973899997,-4.737759722999897],[-79.42786136299998,-4.746324222999931],[-79.42726761299997,-4.749906222999925],[-79.42497261299997,-4.75227734799995],[-79.4221033629999,-4.760042847999955],[-79.41663473799997,-4.77327534799997],[-79.41231248799983,-4.78230272299993],[-79.41016986299991,-4.790869097999916],[-79.40799023799997,-4.794617222999932],[-79.40680473799995,-4.799246097999912],[-79.40466411299991,-4.802841847999957],[-79.39739648799997,-4.820472597999924],[-79.39601961299991,-4.825828097999931],[-79.39249998799994,-4.831640597999979],[-79.38914261299988,-4.834281222999891]]]]},"properties":{"ubigeo":"190201","nombre":"AYABACA"}},{"type":"Feature","geometry":{"type":"MultiPolygon","coordinates":[[[[-79.9032031139999,-4.834994097999925],[-79.8965371139999,-4.834998097999971],[-79.89572073899996,-4.83942972299991],[-79.89359961399987,-4.83775972299992],[-79.88831836399999,-4.835130847999949],[-79.88568948899996,-4.838859347999971],[-79.88286911399985,-4.844109347999961],[-79.8833906139999,-4.847769472999914],[-79.88161911399999,-4.852470722999954],[-79.88274998899993,-4.856789097999979],[-79.88601948899998,-4.858669972999962],[-79.88260936399985,-4.862539097999843],[-79.88493948899998,-4.868580097999882],[-79.88195111399989,-4.873830097999871],[-79.87851948899993,-4.874880847999975],[-79.87658986399998,-4.87942972299993],[-79.87434373899993,-4.878037097999879],[-79.87104486399994,-4.878019472999938],[-79.86844723899992,-4.876755847999902],[-79.86067973899992,-4.877781222999943],[-79.85727348899991,-4.877267597999889],[-79.85404886399994,-4.878906222999944],[-79.85278511399997,-4.882130847999917],[-79.84827161399994,-4.886134722999941],[-79.8480019889999,-4.88965422299998],[-79.8424394889999,-4.895835972999976],[-79.83994136399997,-4.897527347999926],[-79.83593748899989,-4.898226597999951],[-79.83298236399992,-4.90026947299998],[-79.82715036399992,-4.901503847999891],[-79.8231816139999,-4.904878847999896],[-79.82233986399996,-4.906906222999964],[-79.82330661399993,-4.910640597999929],[-79.82266411399996,-4.912361347999934],[-79.81800786399992,-4.913499972999887],[-79.81261323899997,-4.912441347999959],[-79.80995311399994,-4.910640597999929],[-79.80839448899997,-4.911015597999949],[-79.80436523899994,-4.915558597999961],[-79.80092773899997,-4.922544972999901],[-79.8000391139999,-4.923726597999973],[-79.80060348899997,-4.925339847999965],[-79.80489261399993,-4.9294687229999],[-79.80801948899995,-4.934744097999953],[-79.80729298899996,-4.936837847999925],[-79.80140823899995,-4.9409512229999],[-79.80103323899993,-4.942537097999946],[-79.80183786399988,-4.950624972999947],[-79.8038808639999,-4.952451222999912],[-79.80417573899996,-4.954574222999952],[-79.8022148639999,-4.957181597999977],[-79.79802348899995,-4.959572222999952],[-79.79584573899996,-4.963441222999904],[-79.79657223899994,-4.96811709799988],[-79.79552148899995,-4.972335972999929],[-79.79009573899998,-4.979212847999861],[-79.78848436399988,-4.990822222999952],[-79.79431461399992,-4.992595847999951],[-79.801247989,-4.996197222999967],[-79.80637298899995,-4.99788872299996],[-79.8122851139999,-4.997464847999936],[-79.8153281139999,-4.994236347999902],[-79.82008398899995,-4.99189647299994],[-79.82459761399991,-4.99144134799991],[-79.82646673899995,-4.99275197299994],[-79.83134173899998,-4.993914097999948],[-79.83327736399997,-4.989263722999965],[-79.83644536399999,-4.986415972999964],[-79.83717386399996,-4.983755847999873],[-79.83908198899985,-4.981365222999955],[-79.83773823899998,-4.977146472999948],[-79.8387597389999,-4.975316347999978],[-79.84434761399996,-4.972765597999853],[-79.84956048899988,-4.972374972999944],[-79.84972261399997,-4.970025347999979],[-79.84856048899991,-4.964601597999888],[-79.85092386399998,-4.955915972999946],[-79.85334761399997,-4.953499847999979],[-79.85691986399996,-4.953871097999979],[-79.85861323899991,-4.955130847999953],[-79.85914261399995,-4.958943347999877],[-79.8642521139999,-4.96508597299993],[-79.86473048899995,-4.967210972999965],[-79.86243361399994,-4.972044847999882],[-79.86397848899992,-4.975597597999979],[-79.8656269889999,-4.976896472999954],[-79.87104886399999,-4.977888722999978],[-79.87308598899995,-4.979171847999908],[-79.87623048899997,-4.98360347299996],[-79.87856836399999,-4.984841847999917],[-79.8851308639999,-4.98555072299996],[-79.88748823899994,-4.988988222999978],[-79.89271486399991,-4.988130847999912],[-79.89950386399988,-4.993626972999948],[-79.90010348899995,-4.994761722999954],[-79.89940036399992,-5.003435597999953],[-79.89999998899998,-5.007773472999872],[-79.90224998899998,-5.011490347999938],[-79.90549223899995,-5.014732472999981],[-79.9066211139999,-5.017251972999873],[-79.90916798899997,-5.019400472999905],[-79.91396098899997,-5.02160934799997],[-79.91563473899998,-5.020345722999878],[-79.92310936399991,-5.019257847999938],[-79.92527736399995,-5.019378847999974],[-79.93347848899998,-5.024121097999966],[-79.93609961399994,-5.027562472999875],[-79.94047073899992,-5.031398597999953],[-79.94465623899987,-5.032886722999876],[-79.95302536399998,-5.03425584799993],[-79.95663873899991,-5.036613222999904],[-79.95931836399996,-5.036699222999914],[-79.96418948899992,-5.033810597999945],[-79.96801948899991,-5.029490222999868],[-79.96918948899992,-5.02733984799994],[-79.97239061399983,-5.025712847999955],[-79.97606048899996,-5.024990222999861],[-79.97797848899995,-5.026499972999886],[-79.98477536399997,-5.025203097999963],[-79.98942573899996,-5.026214972999924],[-79.9919726139999,-5.024681597999972],[-79.99607223899994,-5.017685597999957],[-79.99784748899998,-5.016466847999936],[-80.00224611399989,-5.015972597999962],[-80.0072871139999,-5.020185597999955],[-80.0100976139999,-5.021423847999927],[-80.0129238639999,-5.02006059799993],[-80.021990239,-5.018304597999929],[-80.02576948899997,-5.019708972999979],[-80.03180073899989,-5.024583972999892],[-80.0388007389999,-5.026359347999971],[-80.04293161399994,-5.018802722999851],[-80.04801561399995,-5.01665234799998],[-80.04960161399998,-5.014232472999879],[-80.05660348899988,-5.011468722999837],[-80.06412111399999,-5.012294972999882],[-80.06744536399998,-5.009052722999968],[-80.07172073899994,-5.006410097999947],[-80.07489648899997,-5.006923847999929],[-80.07960936399985,-5.006162097999947],[-80.08256236399995,-5.004466847999936],[-80.08534961399988,-4.999285097999916],[-80.08665236399986,-4.994824222999966],[-80.08664061399986,-4.990634722999971],[-80.08779898899996,-4.98526947299996],[-80.08756036399996,-4.979892597999878],[-80.08997661399991,-4.973675847999914],[-80.09008011399987,-4.96820309799989],[-80.0879316139999,-4.962833972999931],[-80.08529098899993,-4.95913472299992],[-80.08327148899997,-4.953076222999925],[-80.07998048899998,-4.949203097999941],[-80.07839061399989,-4.944123097999977],[-80.07924611399989,-4.940140597999971],[-80.08305861399998,-4.937763722999932],[-80.08890423899993,-4.932357472999911],[-80.09003323899998,-4.931855472999871],[-80.09780073899998,-4.931732472999897],[-80.1021386139999,-4.92843747299986],[-80.10236723899999,-4.926878847999944],[-80.10684961399994,-4.921220722999976],[-80.10697261399991,-4.919113223999943],[-80.1105038639999,-4.913785097999948],[-80.11054437199994,-4.91235811599995],[-80.10928711399993,-4.906351597999958],[-80.11184761399994,-4.900671847999945],[-80.11587498899996,-4.898722597999893],[-80.12029298899984,-4.895076222999819],[-80.12198636499994,-4.892494097999929],[-80.11708973899994,-4.882369097999913],[-80.11213086399994,-4.878099597999892],[-80.1068906139999,-4.872390722999967],[-80.09835936399992,-4.866130847999841],[-80.09613086399992,-4.862660097999878],[-80.09431048899995,-4.857798972999944],[-80.09691011499984,-4.855406222999932],[-80.09767546999984,-4.85080345199998],[-80.09373436399989,-4.844871097999942],[-80.09352923899996,-4.84253709799998],[-80.09639848899997,-4.838447222999889],[-80.09846486499998,-4.837064472999884],[-80.10396584599994,-4.835316508999938],[-80.10546502899996,-4.829215540999883],[-80.10354350499989,-4.825293716999965],[-80.10278212499986,-4.821844545999909],[-80.10729527599989,-4.815794552999932],[-80.10988774599997,-4.813839783999924],[-80.11199998999996,-4.808228472999872],[-80.11476173899996,-4.804968722999945],[-80.11163086399995,-4.803347597999903],[-80.10633198899995,-4.802677722999817],[-80.10323636399994,-4.800841847999948],[-80.09481836399988,-4.799437472999955],[-80.08506048999993,-4.794275347999928],[-80.08301761399986,-4.791691347999915],[-80.08219136499997,-4.789152347999902],[-80.08024998899992,-4.787314472999981],[-80.07779098899994,-4.782810722999955],[-80.07680473899995,-4.77885347299997],[-80.07725786399999,-4.776933597999857],[-80.07295111399998,-4.779369097999904],[-80.07045111399998,-4.781966847999911],[-80.0642402389999,-4.789853472999937],[-80.06064261399996,-4.791712847999918],[-80.0597167389999,-4.798999972999979],[-80.06138473899989,-4.804628847999936],[-80.06166011399995,-4.811113347999935],[-80.06257811399996,-4.818226597999967],[-80.06125586399997,-4.825015597999936],[-80.0600624889999,-4.827355472999898],[-80.05844923899991,-4.833726597999942],[-80.05583598899995,-4.836808597999948],[-80.05404486399993,-4.840958972999886],[-80.04750586399996,-4.840433597999947],[-80.04260948899991,-4.842050722999886],[-80.03074611399995,-4.851339847999952],[-80.02636723899985,-4.852308597999979],[-80.02278711399993,-4.853824222999947],[-80.01920898899988,-4.853572222999901],[-80.01449223899988,-4.850919972999918],[-80.01110936399994,-4.855228472999897],[-80.00917386399993,-4.856599597999946],[-80.00552348899998,-4.85757222299992],[-80.0017323639999,-4.860751972999935],[-79.99761723899996,-4.859226597999964],[-79.99214061399988,-4.86132422299994],[-79.98670111399997,-4.859648472999936],[-79.98509173899993,-4.861148472999957],[-79.98159373899995,-4.862165972999946],[-79.97744136399996,-4.864591847999975],[-79.97478498899994,-4.868808597999873],[-79.97150586399988,-4.869195347999892],[-79.96689861399989,-4.868632847999891],[-79.96523636399996,-4.864550722999923],[-79.95820311399996,-4.858519472999944],[-79.95258986399995,-4.858921972999951],[-79.94915611399995,-4.863912097999957],[-79.9442832389999,-4.860486347999881],[-79.94299223899992,-4.858373097999959],[-79.93616986399996,-4.854517597999973],[-79.93074798899988,-4.850318347999973],[-79.92789648899998,-4.844646472999898],[-79.92231448899997,-4.838646472999926],[-79.91618548899999,-4.835646347999955],[-79.91320111399989,-4.836468722999882],[-79.90936136399995,-4.836388722999914],[-79.9032031139999,-4.834994097999925]]]]},"properties":{"ubigeo":"190202","nombre":"FRIAS"}},{"type":"Feature","geometry":{"type":"MultiPolygon","coordinates":[[[[-79.84933398899989,-4.710912097999937],[-79.8487909889999,-4.713939472999868],[-79.84403911399994,-4.715630847999932],[-79.843119114,-4.71932034799994],[-79.84041011399995,-4.719830097999932],[-79.83541011399996,-4.722740222999846],[-79.83586911399993,-4.72664059799996],[-79.82841011399995,-4.728830097999946],[-79.82584973899998,-4.731420097999944],[-79.82675961399991,-4.738248097999929],[-79.82272073899998,-4.741099597999948],[-79.81999023899988,-4.740009722999901],[-79.81674998899996,-4.741009722999877],[-79.81669923899995,-4.74389059799995],[-79.8136698639999,-4.747099597999977],[-79.80883011399993,-4.749859347999973],[-79.80474998899996,-4.748798847999979],[-79.79658011399988,-4.74855072299988],[-79.79289061399999,-4.751080097999818],[-79.79039061399999,-4.750962847999972],[-79.78861911399997,-4.749269472999913],[-79.78324998899996,-4.752949222999916],[-79.78334961399997,-4.757380847999968],[-79.78077923899991,-4.756689472999938],[-79.77975973899993,-4.752330097999959],[-79.77691011399997,-4.752669972999911],[-79.77196098899992,-4.750400347999971],[-79.76958786399996,-4.751373097999874],[-79.77236911399996,-4.756320347999974],[-79.77507036399999,-4.758199097999977],[-79.77840036399988,-4.764130847999979],[-79.77841011399988,-4.766169972999933],[-79.78167973899997,-4.7718398479999],[-79.78149998899994,-4.776230472999941],[-79.78439061399985,-4.781269472999952],[-79.78418948899997,-4.785960972999931],[-79.78583986399985,-4.789460972999962],[-79.7863398639999,-4.793199222999931],[-79.78749023899996,-4.795400222999945],[-79.78738086399989,-4.800259722999954],[-79.78950973899998,-4.803117222999958],[-79.7916093639999,-4.804039097999919],[-79.79382036399988,-4.808710972999961],[-79.79422073899997,-4.811939472999882],[-79.79821098899998,-4.814408222999873],[-79.8008711139999,-4.817599597999958],[-79.80078911399988,-4.81881059799997],[-79.80122073899997,-4.821009722999975],[-79.80236911399987,-4.823070347999931],[-79.80448048899996,-4.82949022299988],[-79.80522261399989,-4.830490222999913],[-79.80501948899996,-4.834580097999947],[-79.8058496139999,-4.836869097999966],[-79.81002923899996,-4.840009722999923],[-79.81331048899995,-4.844890597999949],[-79.81374998899997,-4.846539097999937],[-79.81778911399994,-4.847738222999908],[-79.82353911399997,-4.850539097999956],[-79.82700973899983,-4.855689472999927],[-79.83278911399998,-4.858539097999881],[-79.83909961399996,-4.858369097999969],[-79.84660161399995,-4.858650347999969],[-79.8513104889999,-4.859820347999971],[-79.8560292389999,-4.858259722999946],[-79.85896086399998,-4.858519472999944],[-79.86292973899992,-4.860029347999841],[-79.86436911399994,-4.862519472999907],[-79.86564061399997,-4.863849597999888],[-79.86814061399997,-4.86541009799987],[-79.86896098899996,-4.866080097999884],[-79.87066986399998,-4.87048047299993],[-79.87165036399995,-4.871673847999887],[-79.87335161399989,-4.87317184799997],[-79.87509173899991,-4.876675722999948],[-79.87610548899994,-4.878253847999872],[-79.87658986399998,-4.87942972299993],[-79.87851948899993,-4.874880847999975],[-79.88195111399989,-4.873830097999871],[-79.88493948899998,-4.868580097999882],[-79.88260936399985,-4.862539097999843],[-79.88601948899998,-4.858669972999962],[-79.88274998899993,-4.856789097999979],[-79.88161911399999,-4.852470722999954],[-79.8833906139999,-4.847769472999914],[-79.88286911399985,-4.844109347999961],[-79.88568948899996,-4.838859347999971],[-79.88831836399999,-4.835130847999949],[-79.89359961399987,-4.83775972299992],[-79.89572073899996,-4.83942972299991],[-79.8965371139999,-4.834998097999971],[-79.9032031139999,-4.834994097999925],[-79.90232223899994,-4.832624972999895],[-79.90189448899997,-4.82803509799993],[-79.89945111399999,-4.824119097999926],[-79.8939941139999,-4.820996097999966],[-79.89180648899992,-4.81658197299987],[-79.88911523899998,-4.813923847999945],[-79.88412498899993,-4.812814472999889],[-79.88046486399998,-4.813242222999975],[-79.87762886399997,-4.809331972999871],[-79.87838286399989,-4.806712847999904],[-79.88288673899996,-4.80261322299998],[-79.8884316139999,-4.803015722999874],[-79.88997661399992,-4.80036134799991],[-79.89477736399988,-4.79987497299993],[-79.89829686399992,-4.797998097999937],[-79.89905473899995,-4.795623097999908],[-79.9013066139999,-4.794560597999919],[-79.90558011399992,-4.795025472999953],[-79.91032811399992,-4.792183597999895],[-79.91008011399992,-4.786519472999942],[-79.90853123899996,-4.776210847999891],[-79.9093378639999,-4.7715918479999],[-79.91467573899996,-4.765947222999955],[-79.91620111399993,-4.760509722999927],[-79.91926361399993,-4.75660934799987],[-79.92014848899998,-4.752749972999936],[-79.91997073899984,-4.747230472999888],[-79.91885936399996,-4.744484347999958],[-79.91680073899994,-4.742646347999937],[-79.91035736399994,-4.738398472999904],[-79.90716986399991,-4.738111347999961],[-79.9038086139999,-4.734763722999901],[-79.90320898899995,-4.732263722999903],[-79.90697461399992,-4.726697222999974],[-79.90807611399993,-4.721931597999969],[-79.90787498899994,-4.719296847999942],[-79.90934173899996,-4.711165847999894],[-79.90850773899996,-4.705798847999915],[-79.90370898899994,-4.704632847999903],[-79.89920111399988,-4.701224597999897],[-79.89664248899999,-4.700132847999896],[-79.89281048899994,-4.696867097999871],[-79.89014448899997,-4.696033222999972],[-79.88571111399989,-4.693132847999891],[-79.88151173899996,-4.691632847999927],[-79.87707036399985,-4.686939472999939],[-79.87516986399999,-4.689150347999885],[-79.87190036399983,-4.690740222999978],[-79.86291011399999,-4.699080097999911],[-79.86109948899991,-4.697960972999965],[-79.85616986399998,-4.699339847999909],[-79.85425973899993,-4.700679722999951],[-79.85141986399998,-4.706210972999827],[-79.85019923899989,-4.706550722999964],[-79.84933398899989,-4.710912097999937]]]]},"properties":{"ubigeo":"190203","nombre":"LAGUNAS"}},{"type":"Feature","geometry":{"type":"MultiPolygon","coordinates":[[[[-79.78150586399988,-4.60937109799994],[-79.77639648899992,-4.612126972999874],[-79.77160736399998,-4.613921847999904],[-79.76471873899993,-4.615554722999889],[-79.7629277389999,-4.617544972999895],[-79.7628084889999,-4.619097597999939],[-79.76674998899995,-4.626460972999894],[-79.76694936399997,-4.630441347999977],[-79.76909761399997,-4.631675722999887],[-79.77092973899994,-4.634581972999854],[-79.7762792389999,-4.634140597999931],[-79.78119136399988,-4.636410097999942],[-79.78518948899995,-4.635810597999978],[-79.78984961399988,-4.638900347999936],[-79.79155073899994,-4.64167184799993],[-79.79596098899998,-4.645499972999914],[-79.79489448899994,-4.647718722999912],[-79.7941386139999,-4.655998097999827],[-79.79166986399997,-4.665790972999957],[-79.79250973899997,-4.669296847999874],[-79.7921816139999,-4.675896472999966],[-79.79923236399986,-4.669890597999881],[-79.80397073899996,-4.668179722999923],[-79.80619923899997,-4.669214847999967],[-79.8081093639999,-4.672120972999949],[-79.81328511399994,-4.673593722999954],[-79.82578511399993,-4.674072097999954],[-79.82769536399996,-4.676458972999967],[-79.83034373899989,-4.68286322299997],[-79.83295111399997,-4.687566347999905],[-79.8334687389999,-4.690552722999939],[-79.83617573899988,-4.695646472999954],[-79.83999611399997,-4.699630847999913],[-79.84393748899998,-4.704644597999959],[-79.84670311399998,-4.710455097999954],[-79.84933398899989,-4.710912097999937],[-79.85019923899989,-4.706550722999964],[-79.85141986399998,-4.706210972999827],[-79.85425973899993,-4.700679722999951],[-79.85616986399998,-4.699339847999909],[-79.86109948899991,-4.697960972999965],[-79.86291011399999,-4.699080097999911],[-79.87190036399983,-4.690740222999978],[-79.87516986399999,-4.689150347999885],[-79.87707036399985,-4.686939472999939],[-79.879130864,-4.684642597999868],[-79.87900973899997,-4.680449222999925],[-79.88251948899995,-4.6772793479999],[-79.88388086399988,-4.674890597999877],[-79.88497073899998,-4.670230472999947],[-79.88716986399999,-4.669619097999885],[-79.88898048899995,-4.666630847999954],[-79.89160936399986,-4.666339847999836],[-79.89328911399991,-4.664210972999967],[-79.89599998899996,-4.664220722999914],[-79.89815823899994,-4.662339722999889],[-79.89872073899994,-4.660300722999921],[-79.90358011399991,-4.656960972999912],[-79.9021426139999,-4.65030072299993],[-79.90535936399993,-4.646900347999974],[-79.90518948899995,-4.643400347999943],[-79.90849998899995,-4.640599597999937],[-79.9079823639999,-4.6339784729999],[-79.90677536399988,-4.627873097999952],[-79.90810936399993,-4.623472597999921],[-79.90670898899998,-4.619773472999896],[-79.9071738639999,-4.615308597999956],[-79.90320898899995,-4.605474597999944],[-79.89987698899995,-4.602675722999948],[-79.89857611399987,-4.598275347999902],[-79.89900198899994,-4.592630847999885],[-79.89303523899997,-4.591458972999931],[-79.89143948899994,-4.589408222999964],[-79.88744136399998,-4.58751759799992],[-79.86884761399995,-4.585484347999909],[-79.86594136399998,-4.585902347999877],[-79.86034761399998,-4.583066347999875],[-79.85782423899991,-4.583257847999903],[-79.85365423899992,-4.588519472999963],[-79.85123836399998,-4.592751972999963],[-79.84782611399999,-4.596667972999967],[-79.84407036399995,-4.597824222999975],[-79.84151361399995,-4.596123097999907],[-79.83784173899988,-4.595999972999948],[-79.83231048899984,-4.594390597999904],[-79.82428911399995,-4.593509722999954],[-79.81951561399995,-4.594638722999946],[-79.81721286399994,-4.595910097999877],[-79.81036523899996,-4.601220847999912],[-79.80823823899993,-4.601581972999952],[-79.80271673899995,-4.604294847999881],[-79.79980861399991,-4.607251972999961],[-79.79652348899998,-4.607966847999933],[-79.7919218639999,-4.610005847999901],[-79.78150586399988,-4.60937109799994]]]]},"properties":{"ubigeo":"190204","nombre":"MONTERO"}},{"type":"Feature","geometry":{"type":"MultiPolygon","coordinates":[[[[-79.74888861399995,-4.761658222999927],[-79.74847461399997,-4.762322222999956],[-79.7472694889999,-4.766710972999931],[-79.74509961399997,-4.770210972999962],[-79.74503911399995,-4.773980472999938],[-79.7394902389999,-4.780039097999918],[-79.7377597389999,-4.782630847999883],[-79.73438086399995,-4.785039097999913],[-79.73296098899988,-4.78767972299994],[-79.72758011399992,-4.793499972999939],[-79.72518948899989,-4.799509722999971],[-79.72258986399993,-4.801460972999962],[-79.72058011399992,-4.802499972999954],[-79.71816986399989,-4.803890597999896],[-79.71309961399993,-4.804339847999927],[-79.71125973899996,-4.805249972999945],[-79.70594923899995,-4.811550722999868],[-79.69566986399985,-4.81243947299987],[-79.69317973899996,-4.811150347999956],[-79.69010936399985,-4.810869097999955],[-79.68790048899996,-4.806330097999933],[-79.68248048899994,-4.805720722999979],[-79.67858986399989,-4.810109347999912],[-79.67666986399996,-4.810689472999968],[-79.67600973899994,-4.812980472999868],[-79.67340036399997,-4.812689347999935],[-79.67033986399997,-4.814839847999963],[-79.66883011399995,-4.818240222999975],[-79.66608011399995,-4.817880847999959],[-79.66483986399999,-4.820199097999932],[-79.65967961399997,-4.82118947299989],[-79.65883986399996,-4.82419922299988],[-79.65648048899993,-4.824790972999892],[-79.65466986399997,-4.822660097999972],[-79.65321111399999,-4.823939597999981],[-79.64994923899991,-4.830560597999977],[-79.65258986399994,-4.834710972999915],[-79.65363086399998,-4.839300722999894],[-79.65408011399995,-4.846039097999949],[-79.65348048899989,-4.847419972999944],[-79.65341011399994,-4.857109347999824],[-79.65403711399995,-4.861259722999932],[-79.6557597389999,-4.864109347999886],[-79.65389061399998,-4.866130847999841],[-79.6535194889999,-4.868830097999876],[-79.6484999889999,-4.877339847999906],[-79.63978911399994,-4.876679722999938],[-79.63624998899996,-4.877249972999948],[-79.63383986399992,-4.879089847999865],[-79.63127923899998,-4.882800722999946],[-79.62798048899998,-4.884119097999871],[-79.62453911399996,-4.883769472999973],[-79.62309961399995,-4.882539097999882],[-79.62225973899996,-4.88189059799987],[-79.61741986399988,-4.881499972999961],[-79.61240036399988,-4.870300722999957],[-79.60952923899998,-4.867150347999882],[-79.60725973899997,-4.866490222999971],[-79.60648048899998,-4.863009722999948],[-79.60299998899995,-4.861529347999976],[-79.59850973899995,-4.856519472999935],[-79.59723048899997,-4.85436909799995],[-79.59381048899996,-4.851499972999932],[-79.59143948899998,-4.850710972999934],[-79.58696098899998,-4.851220722999926],[-79.58227923899994,-4.850169972999936],[-79.58024023899992,-4.850867222999909],[-79.57893948899994,-4.850660097999935],[-79.57088086399995,-4.853609347999964],[-79.56542973899991,-4.857160097999952],[-79.56349986399994,-4.856449222999913],[-79.55916011399995,-4.856800722999935],[-79.55559961399996,-4.857960972999933],[-79.55017773899988,-4.858320347999836],[-79.54358998899988,-4.856240222999929],[-79.54131048899984,-4.854789097999969],[-79.53783986399998,-4.85431059799987],[-79.53308986399992,-4.858240222999939],[-79.53082036399996,-4.861761722999915],[-79.52493948899996,-4.863570347999882],[-79.51990036399991,-4.862839847999965],[-79.51515036399991,-4.862890597999979],[-79.51172073899994,-4.862199222999948],[-79.50608011399993,-4.862830097999961],[-79.50386911399988,-4.869029347999856],[-79.50467961399988,-4.873880847999885],[-79.50442186399988,-4.877279347999888],[-79.50451961399989,-4.879619097999978],[-79.50384961399999,-4.886660097999879],[-79.50141998899994,-4.888599597999928],[-79.49760936399986,-4.895970722999948],[-79.49698048899995,-4.899369097999909],[-79.49358973899996,-4.90580072299997],[-79.49258786399997,-4.908929722999972],[-79.48858986399989,-4.91319909799995],[-79.48693948899995,-4.914199222999969],[-79.48474236399989,-4.917900347999932],[-79.48278911399984,-4.919070347999934],[-79.47809961399997,-4.923640597999963],[-79.47210936399995,-4.926949222999895],[-79.46786911399994,-4.927970722999873],[-79.46210923899986,-4.930550722999897],[-79.45934961399996,-4.930689472999916],[-79.4582402389999,-4.930982472999915],[-79.45747073899992,-4.93122072299991],[-79.45366011399994,-4.933359347999954],[-79.45140036399982,-4.937242222999885],[-79.4512852389999,-4.944080097999972],[-79.45057036399999,-4.949886722999793],[-79.45140236399999,-4.954740222999931],[-79.45454486399996,-4.96111909799987],[-79.45970898899992,-4.966093722999972],[-79.46352736399996,-4.968751972999939],[-79.46701561399993,-4.974279347999868],[-79.46591986399994,-4.978589847999899],[-79.46577736399996,-4.982775347999848],[-79.46579886399996,-4.984322222999936],[-79.46499223899991,-4.986890597999889],[-79.46589648899993,-4.990773472999933],[-79.4698729889999,-4.995097597999916],[-79.47452923899993,-5.009945347999917],[-79.47687498899995,-5.013173722999966],[-79.48098048899993,-5.020822222999868],[-79.48210161399999,-5.024745972999824],[-79.48038086399998,-5.029548847999934],[-79.47998623899991,-5.037228472999857],[-79.47553323899996,-5.046373097999947],[-79.47460936399995,-5.053595722999944],[-79.47939261399983,-5.059798847999843],[-79.48091011399998,-5.064724722999927],[-79.48149998899993,-5.071992347999867],[-79.48362098899986,-5.075244097999871],[-79.48427536399998,-5.078656222999939],[-79.48566986399999,-5.080191347999914],[-79.48937111399988,-5.08141797299993],[-79.49240823899999,-5.085261722999974],[-79.49307223899996,-5.0876268479999],[-79.49248636399989,-5.092425722999792],[-79.49541986399998,-5.095306597999922],[-79.49648436399985,-5.097449222999956],[-79.49283398899996,-5.107621097999811],[-79.48781836399996,-5.110787097999946],[-79.49255073899997,-5.110259722999956],[-79.49479098899997,-5.109388722999881],[-79.49823048899998,-5.106396472999961],[-79.49947073899995,-5.104867222999872],[-79.50317973899996,-5.100859347999915],[-79.50600386399987,-5.098435597999924],[-79.51194536399993,-5.092068347999941],[-79.5144353639999,-5.08758984799988],[-79.51702923899995,-5.085621097999933],[-79.5181913639999,-5.08476372299998],[-79.51941598899998,-5.084433597999919],[-79.52320898899995,-5.083162097999889],[-79.52525973899998,-5.083583972999975],[-79.52714448899997,-5.08455072299995],[-79.52844136399995,-5.085164097999893],[-79.52938473899997,-5.085400347999894],[-79.53006636399994,-5.085093722999943],[-79.53032611399993,-5.084433597999919],[-79.53115036399993,-5.081019472999969],[-79.53318748899989,-5.079331972999967],[-79.54096286399994,-5.079804722999938],[-79.5427714889999,-5.076886722999973],[-79.54406248899988,-5.075263722999978],[-79.54605661399995,-5.074966847999917],[-79.54790036399999,-5.075080097999887],[-79.55395111399997,-5.07592772299995],[-79.5552792389999,-5.076001847999976],[-79.56011323899992,-5.074820347999889],[-79.56679098899991,-5.069470722999938],[-79.56933786399998,-5.070062472999894],[-79.57465036399998,-5.072609222999915],[-79.57667973899993,-5.072054722999951],[-79.57811911399995,-5.070910097999899],[-79.57892973899993,-5.065892597999891],[-79.57922461399988,-5.060507847999872],[-79.58605073899992,-5.058328097999834],[-79.58752736399998,-5.057775347999836],[-79.59076361399997,-5.05786134799996],[-79.59524998899997,-5.056650347999948],[-79.59516411399989,-5.058507847999977],[-79.59590236399998,-5.060210972999926],[-79.59567973899993,-5.062128847999873],[-79.59534961399999,-5.065374972999962],[-79.59642573899998,-5.067177722999929],[-79.59874798899995,-5.07004684799989],[-79.59983011399976,-5.072519472999943],[-79.5994453639999,-5.075152347999904],[-79.59877736399989,-5.079498097999931],[-79.60003511399998,-5.084376972999962],[-79.60154886399988,-5.085779347999903],[-79.60881636399989,-5.092669972999943],[-79.61046486399994,-5.093410097999936],[-79.61641798899996,-5.098212847999946],[-79.61770898899994,-5.098472597999944],[-79.61872848899998,-5.099220722999974],[-79.62323048899998,-5.101208972999871],[-79.63080661399994,-5.103527472999872],[-79.63800198899997,-5.106921972999885],[-79.64220898899998,-5.10721684799995],[-79.64520511399996,-5.104746097999964],[-79.64954298899988,-5.104218722999974],[-79.65140623899987,-5.099867222999876],[-79.65057036399998,-5.098439472999871],[-79.65014061399995,-5.094966847999956],[-79.64886136399997,-5.091646472999969],[-79.65144723899988,-5.090371097999935],[-79.65608398899991,-5.094550722999941],[-79.66024798899991,-5.09582622299996],[-79.66441986399997,-5.097914097999933],[-79.67121286399998,-5.09697072299997],[-79.67825586399988,-5.093546847999903],[-79.67868148899993,-5.092507847999912],[-79.68106836399988,-5.09027934799991],[-79.68193548899995,-5.088427722999938],[-79.6864551139999,-5.084275347999892],[-79.69006623899992,-5.082347597999899],[-79.69209761399998,-5.082162097999912],[-79.69293948899997,-5.080019472999936],[-79.70014648899996,-5.072515597999882],[-79.70334748899995,-5.068304847999912],[-79.70596498899982,-5.066556597999977],[-79.71011323899995,-5.064574222999966],[-79.71347848899995,-5.060230472999933],[-79.72144923899998,-5.05624222299997],[-79.72527536399991,-5.056804722999971],[-79.72945523899989,-5.050744097999939],[-79.73120698899999,-5.045085972999914],[-79.73093948899998,-5.03974022299991],[-79.72924998899998,-5.035052722999922],[-79.72952348899997,-5.029499972999872],[-79.72886323899996,-5.026865222999902],[-79.72928511399994,-5.022146472999907],[-79.73236923899998,-5.018072222999876],[-79.73867186399997,-5.022841847999928],[-79.74405273899998,-5.024796847999937],[-79.74830273899988,-5.024326222999889],[-79.75075386399999,-5.025216847999957],[-79.75463286399997,-5.024835972999881],[-79.76327536399998,-5.018439472999887],[-79.76400198899995,-5.016107472999977],[-79.77035348899994,-5.009453097999938],[-79.77252736399998,-5.004017597999962],[-79.77522073899996,-5.000955097999906],[-79.78348636399988,-4.996599597999932],[-79.78848436399988,-4.990822222999952],[-79.79009573899998,-4.979212847999861],[-79.79552148899995,-4.972335972999929],[-79.79657223899994,-4.96811709799988],[-79.79584573899996,-4.963441222999904],[-79.79802348899995,-4.959572222999952],[-79.8022148639999,-4.957181597999977],[-79.80417573899996,-4.954574222999952],[-79.8038808639999,-4.952451222999912],[-79.80183786399988,-4.950624972999947],[-79.80103323899993,-4.942537097999946],[-79.80140823899995,-4.9409512229999],[-79.80729298899996,-4.936837847999925],[-79.80801948899995,-4.934744097999953],[-79.80489261399993,-4.9294687229999],[-79.80060348899997,-4.925339847999965],[-79.8000391139999,-4.923726597999973],[-79.80092773899997,-4.922544972999901],[-79.80436523899994,-4.915558597999961],[-79.80839448899997,-4.911015597999949],[-79.80995311399994,-4.910640597999929],[-79.81261323899997,-4.912441347999959],[-79.81800786399992,-4.913499972999887],[-79.82266411399996,-4.912361347999934],[-79.82330661399993,-4.910640597999929],[-79.82233986399996,-4.906906222999964],[-79.8231816139999,-4.904878847999896],[-79.82715036399992,-4.901503847999891],[-79.83298236399992,-4.90026947299998],[-79.83593748899989,-4.898226597999951],[-79.83994136399997,-4.897527347999926],[-79.8424394889999,-4.895835972999976],[-79.8480019889999,-4.88965422299998],[-79.84827161399994,-4.886134722999941],[-79.85278511399997,-4.882130847999917],[-79.85404886399994,-4.878906222999944],[-79.85727348899991,-4.877267597999889],[-79.86067973899992,-4.877781222999943],[-79.86844723899992,-4.876755847999902],[-79.87104486399994,-4.878019472999938],[-79.87434373899993,-4.878037097999879],[-79.87658986399998,-4.87942972299993],[-79.87610548899994,-4.878253847999872],[-79.87509173899991,-4.876675722999948],[-79.87335161399989,-4.87317184799997],[-79.87165036399995,-4.871673847999887],[-79.87066986399998,-4.87048047299993],[-79.86896098899996,-4.866080097999884],[-79.86814061399997,-4.86541009799987],[-79.86564061399997,-4.863849597999888],[-79.86436911399994,-4.862519472999907],[-79.86292973899992,-4.860029347999841],[-79.85896086399998,-4.858519472999944],[-79.8560292389999,-4.858259722999946],[-79.8513104889999,-4.859820347999971],[-79.84660161399995,-4.858650347999969],[-79.83909961399996,-4.858369097999969],[-79.83278911399998,-4.858539097999881],[-79.82700973899983,-4.855689472999927],[-79.82353911399997,-4.850539097999956],[-79.81778911399994,-4.847738222999908],[-79.81374998899997,-4.846539097999937],[-79.81331048899995,-4.844890597999949],[-79.81002923899996,-4.840009722999923],[-79.8058496139999,-4.836869097999966],[-79.80501948899996,-4.834580097999947],[-79.80522261399989,-4.830490222999913],[-79.80448048899996,-4.82949022299988],[-79.80236911399987,-4.823070347999931],[-79.80122073899997,-4.821009722999975],[-79.80078911399988,-4.81881059799997],[-79.8008711139999,-4.817599597999958],[-79.79821098899998,-4.814408222999873],[-79.79422073899997,-4.811939472999882],[-79.79382036399988,-4.808710972999961],[-79.7916093639999,-4.804039097999919],[-79.78950973899998,-4.803117222999958],[-79.78738086399989,-4.800259722999954],[-79.78749023899996,-4.795400222999945],[-79.7863398639999,-4.793199222999931],[-79.78583986399985,-4.789460972999962],[-79.78418948899997,-4.785960972999931],[-79.78439061399985,-4.781269472999952],[-79.78149998899994,-4.776230472999941],[-79.78167973899997,-4.7718398479999],[-79.77841011399988,-4.766169972999933],[-79.77840036399988,-4.764130847999979],[-79.77507036399999,-4.758199097999977],[-79.77236911399996,-4.756320347999974],[-79.76958786399996,-4.751373097999874],[-79.76180861399996,-4.752609347999964],[-79.75902923899991,-4.752470722999931],[-79.75741023899991,-4.754509722999899],[-79.75406048899987,-4.754990222999936],[-79.75204098899991,-4.758650347999946],[-79.74888861399995,-4.761658222999927]]]]},"properties":{"ubigeo":"190205","nombre":"PACAIPAMPA"}},{"type":"Feature","geometry":{"type":"MultiPolygon","coordinates":[[[[-79.91680073899994,-4.742646347999937],[-79.91885936399996,-4.744484347999958],[-79.91997073899984,-4.747230472999888],[-79.92014848899998,-4.752749972999936],[-79.91926361399993,-4.75660934799987],[-79.91620111399993,-4.760509722999927],[-79.91467573899996,-4.765947222999955],[-79.9093378639999,-4.7715918479999],[-79.90853123899996,-4.776210847999891],[-79.91008011399992,-4.786519472999942],[-79.91032811399992,-4.792183597999895],[-79.90558011399992,-4.795025472999953],[-79.9013066139999,-4.794560597999919],[-79.89905473899995,-4.795623097999908],[-79.89829686399992,-4.797998097999937],[-79.89477736399988,-4.79987497299993],[-79.88997661399992,-4.80036134799991],[-79.8884316139999,-4.803015722999874],[-79.88288673899996,-4.80261322299998],[-79.87838286399989,-4.806712847999904],[-79.87762886399997,-4.809331972999871],[-79.88046486399998,-4.813242222999975],[-79.88412498899993,-4.812814472999889],[-79.88911523899998,-4.813923847999945],[-79.89180648899992,-4.81658197299987],[-79.8939941139999,-4.820996097999966],[-79.89945111399999,-4.824119097999926],[-79.90189448899997,-4.82803509799993],[-79.90232223899994,-4.832624972999895],[-79.9032031139999,-4.834994097999925],[-79.90936136399995,-4.836388722999914],[-79.91320111399989,-4.836468722999882],[-79.91618548899999,-4.835646347999955],[-79.92231448899997,-4.838646472999926],[-79.92789648899998,-4.844646472999898],[-79.93074798899988,-4.850318347999973],[-79.93616986399996,-4.854517597999973],[-79.94299223899992,-4.858373097999959],[-79.9442832389999,-4.860486347999881],[-79.94915611399995,-4.863912097999957],[-79.95258986399995,-4.858921972999951],[-79.95820311399996,-4.858519472999944],[-79.96523636399996,-4.864550722999923],[-79.96689861399989,-4.868632847999891],[-79.97150586399988,-4.869195347999892],[-79.97478498899994,-4.868808597999873],[-79.97744136399996,-4.864591847999975],[-79.98159373899995,-4.862165972999946],[-79.98509173899993,-4.861148472999957],[-79.98670111399997,-4.859648472999936],[-79.99214061399988,-4.86132422299994],[-79.99761723899996,-4.859226597999964],[-80.0017323639999,-4.860751972999935],[-80.00552348899998,-4.85757222299992],[-80.00917386399993,-4.856599597999946],[-80.01110936399994,-4.855228472999897],[-80.01449223899988,-4.850919972999918],[-80.01920898899988,-4.853572222999901],[-80.02278711399993,-4.853824222999947],[-80.02636723899985,-4.852308597999979],[-80.03074611399995,-4.851339847999952],[-80.04260948899991,-4.842050722999886],[-80.04750586399996,-4.840433597999947],[-80.05404486399993,-4.840958972999886],[-80.05583598899995,-4.836808597999948],[-80.05844923899991,-4.833726597999942],[-80.0600624889999,-4.827355472999898],[-80.06125586399997,-4.825015597999936],[-80.06257811399996,-4.818226597999967],[-80.06166011399995,-4.811113347999935],[-80.06138473899989,-4.804628847999936],[-80.0597167389999,-4.798999972999979],[-80.06064261399996,-4.791712847999918],[-80.0642402389999,-4.789853472999937],[-80.07045111399998,-4.781966847999911],[-80.07295111399998,-4.779369097999904],[-80.07725786399999,-4.776933597999857],[-80.07937111399985,-4.774853472999951],[-80.08154298899996,-4.765445347999844],[-80.08441211399986,-4.764054722999958],[-80.08613108999998,-4.760004310999932],[-80.0892862309999,-4.760104950999846],[-80.09281167899991,-4.755023823999977],[-80.09508029899996,-4.753333839999925],[-80.09633395599997,-4.752335976999973],[-80.09610225199998,-4.747070384999972],[-80.09360285899993,-4.742878810999969],[-80.08972921899988,-4.740659905999962],[-80.0866916469999,-4.737604430999966],[-80.08204355299989,-4.734786142999894],[-80.07983986599999,-4.732569409999883],[-80.07715695099995,-4.731967512999915],[-80.07280211599988,-4.732919012999957],[-80.06838979499997,-4.732254930999886],[-80.06158127099997,-4.732900896999979],[-80.05636090399997,-4.730021853999972],[-80.04969007999995,-4.730737896999869],[-80.04746039999992,-4.728437282999948],[-80.04294044499994,-4.726305821999972],[-80.03824576099998,-4.72635676099992],[-80.03275274999999,-4.724109014999954],[-80.03040881199996,-4.721693324999933],[-80.02577471099994,-4.719389295999974],[-80.0233837479999,-4.709678850999978],[-80.02081434099995,-4.704792978999933],[-80.01967618399993,-4.699909119999859],[-80.01469877099993,-4.697604569999953],[-80.01196021399994,-4.695184903999973],[-80.00964674099998,-4.690564835999965],[-80.01025198899998,-4.694613222999976],[-80.00553911399993,-4.697546847999888],[-79.99791986399987,-4.69787697299995],[-79.9950038639999,-4.697017597999888],[-79.9912188639999,-4.698956972999952],[-79.98482036399992,-4.701179722999939],[-79.98237498899994,-4.700945347999948],[-79.97313086399998,-4.702999972999976],[-79.97120898899993,-4.704695347999916],[-79.96663086399997,-4.706355472999974],[-79.96477923899994,-4.708820347999961],[-79.95462111399996,-4.70645309799994],[-79.95368161399995,-4.708966847999932],[-79.95025198899992,-4.713638722999974],[-79.93994136399994,-4.720281222999972],[-79.93849611399997,-4.722816472999909],[-79.94023823899988,-4.728343722999853],[-79.93903323899991,-4.730480472999886],[-79.93474611399995,-4.73284372299986],[-79.93292973899986,-4.736642597999946],[-79.93284173899997,-4.739591847999975],[-79.93043948899998,-4.741273472999922],[-79.92667186399996,-4.741507847999969],[-79.92392973899985,-4.740597597999965],[-79.92064261399992,-4.742412097999932],[-79.91680073899994,-4.742646347999937]]]]},"properties":{"ubigeo":"190206","nombre":"SAPILLICA"}},{"type":"Feature","geometry":{"type":"MultiPolygon","coordinates":[[[[-79.7629277389999,-4.617544972999895],[-79.76471873899993,-4.615554722999889],[-79.77160736399998,-4.613921847999904],[-79.77639648899992,-4.612126972999874],[-79.78150586399988,-4.60937109799994],[-79.78214648899996,-4.605330097999911],[-79.78214648899996,-4.600226597999892],[-79.78141011399998,-4.593900222999935],[-79.78285936399999,-4.590779347999899],[-79.78815036399999,-4.586269472999959],[-79.79073048899994,-4.585419972999944],[-79.79557048899994,-4.582619097999896],[-79.79951948899998,-4.579099597999971],[-79.80081061399989,-4.575820347999979],[-79.80474998899996,-4.57163084799987],[-79.80491986399988,-4.565537097999879],[-79.80592973899996,-4.563660097999957],[-79.80192973899995,-4.554218722999906],[-79.80178911399992,-4.548150347999979],[-79.80067186399992,-4.545269472999905],[-79.8010996139999,-4.540580097999964],[-79.80012886399999,-4.537618972999837],[-79.79900973899998,-4.528240222999898],[-79.79999998899996,-4.52509959799994],[-79.79811911399992,-4.521580097999959],[-79.79474998899997,-4.525470722999898],[-79.79224998899997,-4.529300722999892],[-79.78513086399988,-4.535240097999917],[-79.78334961399997,-4.537390597999945],[-79.78301161399997,-4.5399804729999],[-79.77651361399995,-4.548521597999979],[-79.77105073899992,-4.548558597999943],[-79.7693007389999,-4.549369097999943],[-79.76674023899994,-4.554660097999943],[-79.76228911399994,-4.556089847999942],[-79.75984961399996,-4.558109347999959],[-79.75669923899989,-4.557769347999965],[-79.75530073899989,-4.558759722999923],[-79.75447073899988,-4.562949222999919],[-79.75083986399994,-4.569830097999841],[-79.74742973899993,-4.571820347999846],[-79.74432036399998,-4.575339847999885],[-79.74609961399995,-4.579210972999931],[-79.7487207389999,-4.582189472999971],[-79.74968948899988,-4.585909972999957],[-79.7525604889999,-4.588919972999975],[-79.75497073899993,-4.595960972999933],[-79.75646098899989,-4.598697222999931],[-79.75673048899989,-4.602640597999937],[-79.75811911399995,-4.605400347999932],[-79.75910936399998,-4.609919972999876],[-79.76077923899993,-4.614201222999839],[-79.7629277389999,-4.617544972999895]]]]},"properties":{"ubigeo":"190207","nombre":"SICCHEZ"}},{"type":"Feature","geometry":{"type":"MultiPolygon","coordinates":[[[[-79.85300386399996,-4.451312472999916],[-79.85370698899987,-4.456314472999907],[-79.85544336399994,-4.462044972999934],[-79.85857036399995,-4.465421847999949],[-79.85995511399994,-4.468244097999957],[-79.86338086399996,-4.470105472999933],[-79.87327148899993,-4.478046847999963],[-79.87502923899996,-4.481029347999879],[-79.87423048899996,-4.484599597999875],[-79.87598823899992,-4.490671847999863],[-79.87662886399988,-4.495945347999907],[-79.87827923899994,-4.50399022299996],[-79.87524411399988,-4.508464847999903],[-79.87508398899996,-4.511126972999875],[-79.87864848899994,-4.523134597999899],[-79.87794336399998,-4.525267597999971],[-79.87178323899997,-4.528849597999965],[-79.86715423899994,-4.530621097999926],[-79.86250786399995,-4.531499972999882],[-79.86118361399997,-4.534011722999878],[-79.85903123899993,-4.535613222999871],[-79.85039261399999,-4.537488222999855],[-79.84399023899988,-4.540378847999932],[-79.84024411399997,-4.543357472999901],[-79.83789648899989,-4.546642597999949],[-79.83937886399997,-4.549878847999935],[-79.83910348899985,-4.553456972999925],[-79.83978911399998,-4.558119097999963],[-79.84247461399997,-4.563806597999871],[-79.84639061399997,-4.566980472999944],[-79.85122661399998,-4.569480472999942],[-79.85377348899993,-4.573513722999962],[-79.85732036399997,-4.580499972999974],[-79.85782423899991,-4.583257847999903],[-79.86034761399998,-4.583066347999875],[-79.86594136399998,-4.585902347999877],[-79.86884761399995,-4.585484347999909],[-79.88744136399998,-4.58751759799992],[-79.89143948899994,-4.589408222999964],[-79.89303523899997,-4.591458972999931],[-79.89900198899994,-4.592630847999885],[-79.90464848899995,-4.593322222999973],[-79.90698636399992,-4.595509722999964],[-79.91248236399991,-4.595927722999932],[-79.91794723899994,-4.591044972999953],[-79.92020311399995,-4.587249972999928],[-79.93023448899999,-4.581382847999862],[-79.93607423899988,-4.58250972299993],[-79.9389042389999,-4.581831972999964],[-79.94204486399997,-4.57787497299995],[-79.94401561399997,-4.576810597999895],[-79.94845111399997,-4.577119097999969],[-79.95650386399996,-4.575835972999926],[-79.95918161399999,-4.576052722999975],[-79.96106048899992,-4.574093722999919],[-79.96654886399983,-4.570417972999962],[-79.97001173899991,-4.57015034799997],[-79.97608198899997,-4.567593722999959],[-79.97901361399988,-4.567115222999917],[-79.983214864,-4.568392597999889],[-79.99115823899996,-4.572654347999901],[-79.9933476139999,-4.575095722999947],[-79.99679098899998,-4.572068347999959],[-80.00129686399993,-4.57055472299993],[-80.00640036399989,-4.570132847999844],[-80.01134961399993,-4.568179722999957],[-80.01529698899998,-4.565630847999955],[-80.01885936399992,-4.564556722999953],[-80.02434573899984,-4.576330097999971],[-80.02463473899996,-4.58062884799989],[-80.03250198899985,-4.583449347999931],[-80.04159573899989,-4.582023472999936],[-80.04614261399996,-4.580054847999918],[-80.050386614,-4.580736347999903],[-80.05260348899992,-4.583074222999926],[-80.05585161399995,-4.584664097999905],[-80.06073048899992,-4.585279347999915],[-80.06610348899994,-4.587933597999893],[-80.07218361399998,-4.584587847999899],[-80.07612498899994,-4.583947222999939],[-80.08119911399996,-4.585796847999859],[-80.08521673899997,-4.585578097999871],[-80.08918748899998,-4.583771347999971],[-80.09519536399989,-4.5790488479999],[-80.10062873899994,-4.57840822299994],[-80.10878123899994,-4.576169972999935],[-80.11483011399991,-4.57277934799987],[-80.12177536399992,-4.572867097999961],[-80.12923636399995,-4.575531222999928],[-80.13259761399996,-4.576265597999964],[-80.13445898899988,-4.580037097999877],[-80.13477148899989,-4.582675847999894],[-80.13644723899989,-4.586162097999875],[-80.14188473899986,-4.591412097999921],[-80.1434589889999,-4.596146472999976],[-80.143326114,-4.600078097999926],[-80.14610548899992,-4.60118359799992],[-80.15079886399997,-4.601609347999897],[-80.15341759499984,-4.604189327999961],[-80.15738327399993,-4.601534815999969],[-80.16088932799994,-4.601610759999915],[-80.16747086999999,-4.602839105999976],[-80.17283743099983,-4.602845364999951],[-80.1777013059999,-4.6044306309999],[-80.18335435799986,-4.604221738999968],[-80.18585974599995,-4.603362995999873],[-80.19372880799989,-4.605095192999954],[-80.19658874399994,-4.607108872999902],[-80.19913529599995,-4.607445080999923],[-80.20123243299992,-4.610414480999964],[-80.20484950099996,-4.609023395999941],[-80.21212467599992,-4.603568363999898],[-80.21305435099993,-4.601517198999829],[-80.2213949149999,-4.595393903999877],[-80.21938286399995,-4.592310597999926],[-80.21649998899983,-4.590060597999923],[-80.2142596139999,-4.589380847999905],[-80.20767973899996,-4.584660097999972],[-80.20605073899998,-4.582300722999946],[-80.20544923899996,-4.579400347999979],[-80.20158986399991,-4.573849597999981],[-80.20253911399993,-4.571320347999972],[-80.20148048899995,-4.566990222999948],[-80.2043398639999,-4.565710972999966],[-80.20374998899996,-4.563691347999963],[-80.20910936399991,-4.55386909799995],[-80.20835936399993,-4.551029347999815],[-80.20973048899998,-4.548849597999947],[-80.20832036399992,-4.54658984799994],[-80.21364061399993,-4.54516009799994],[-80.21546086399991,-4.54252934799996],[-80.21711898899997,-4.542519472999913],[-80.21724023899998,-4.539449222999906],[-80.21886911399992,-4.537140597999951],[-80.22172073899998,-4.536460972999919],[-80.22213086399995,-4.529868972999964],[-80.22018948899989,-4.524531222999883],[-80.22221098899985,-4.520900347999941],[-80.22376948899984,-4.513960972999882],[-80.21789061399994,-4.509970722999981],[-80.21660936399991,-4.506999972999949],[-80.2140996139999,-4.508499972999971],[-80.21275973899998,-4.506990222999946],[-80.21341011399994,-4.50480072299996],[-80.21560936399993,-4.503249972999924],[-80.21374023899983,-4.49797072299998],[-80.21577923899997,-4.492519472999959],[-80.21690036399991,-4.491529347999915],[-80.21475973899999,-4.488730472999976],[-80.21563086399993,-4.48774997299995],[-80.21424998899982,-4.484470722999959],[-80.21708986399995,-4.481859347999887],[-80.2199297389999,-4.477699222999945],[-80.22152923899984,-4.479189472999963],[-80.22330073899997,-4.47764059799988],[-80.22406048899984,-4.471662097999968],[-80.22299998899985,-4.469230597999854],[-80.22081048899997,-4.468259722999903],[-80.21433011399995,-4.467140597999958],[-80.21235936399995,-4.463019472999918],[-80.21476948899982,-4.459759722999934],[-80.21850786399995,-4.45966797299991],[-80.21882223899996,-4.458474597999952],[-80.22495698899996,-4.454046847999962],[-80.2271347389999,-4.454169972999921],[-80.22791798899988,-4.451226597999948],[-80.22603911399995,-4.445955097999956],[-80.22755073899998,-4.444187472999886],[-80.23129686399994,-4.442132722999872],[-80.23380473899988,-4.441824222999912],[-80.23492973899988,-4.437552722999897],[-80.23840423899986,-4.436658222999881],[-80.24033398899991,-4.437636722999912],[-80.23895898899991,-4.440785097999935],[-80.2405839889999,-4.443078097999944],[-80.24305861399995,-4.439220722999892],[-80.24929311399995,-4.439324222999915],[-80.24946098899994,-4.437412097999925],[-80.25406448899992,-4.436515597999971],[-80.25565236399996,-4.435333972999899],[-80.25868161399995,-4.429800722999971],[-80.26526173899993,-4.429371097999933],[-80.26661523899992,-4.431638722999878],[-80.26956636399996,-4.43304497299988],[-80.27047261399997,-4.437699222999868],[-80.27223436399998,-4.438706972999853],[-80.27748436399997,-4.435914097999955],[-80.2788516139999,-4.433134722999966],[-80.28140823899997,-4.430312472999844],[-80.28089848899998,-4.427320347999967],[-80.28375586399989,-4.425767597999936],[-80.28646098899998,-4.430888722999896],[-80.28987698899994,-4.433238222999876],[-80.29283986399992,-4.430681597999921],[-80.29321673899994,-4.42794534799998],[-80.29564648899998,-4.424769472999969],[-80.29077923899996,-4.421767597999917],[-80.28411323899996,-4.410783222999953],[-80.28109373899997,-4.408958972999812],[-80.27708398899995,-4.404099597999902],[-80.27412698899997,-4.404177722999975],[-80.26671486399988,-4.410937472999933],[-80.26490623899991,-4.411753847999933],[-80.26205473899995,-4.410433597999941],[-80.25992186399998,-4.404831972999943],[-80.25803123899993,-4.401808597999889],[-80.25474411399995,-4.402289097999926],[-80.25008198899991,-4.401884722999966],[-80.24796486399998,-4.399103472999968],[-80.24850973899993,-4.394203097999878],[-80.24669536399995,-4.3906933479999],[-80.24312498899991,-4.390150347999906],[-80.23991986399994,-4.388578222999968],[-80.23540623899999,-4.387494097999877],[-80.23223636399996,-4.378595722999933],[-80.23223636399996,-4.373798972999964],[-80.23071098899999,-4.372191347999944],[-80.22783598899986,-4.373224597999979],[-80.22664648899985,-4.377253847999953],[-80.22518361399995,-4.379337847999977],[-80.22273436399996,-4.379630847999977],[-80.21969536399996,-4.376355472999933],[-80.22003511399993,-4.37212109799998],[-80.22258786399993,-4.371162097999957],[-80.22190823899984,-4.368060597999886],[-80.21877923899996,-4.367548847999956],[-80.21709761399995,-4.364144472999897],[-80.21877923899996,-4.35978709799997],[-80.21901361399995,-4.355318347999969],[-80.21701361399994,-4.35306234799998],[-80.21486323899995,-4.353956972999924],[-80.21375786399994,-4.357552722999912],[-80.21135348899998,-4.359249972999919],[-80.20854298899997,-4.3552499729999],[-80.20807611399994,-4.351546847999941],[-80.20211911399991,-4.348404347999974],[-80.19896873899995,-4.350935597999978],[-80.19637111399993,-4.35057422299991],[-80.19456261399989,-4.348066347999975],[-80.1948613639999,-4.346361347999959],[-80.19924611399989,-4.342083972999887],[-80.20213861399992,-4.341734347999932],[-80.20547848899997,-4.338671847999933],[-80.2023066139999,-4.336351597999965],[-80.19806448899999,-4.336712847999934],[-80.19105273899999,-4.334794972999873],[-80.18720311399989,-4.335558597999977],[-80.1847676139999,-4.330152347999956],[-80.18658786399999,-4.324177722999877],[-80.18493548899994,-4.319117222999978],[-80.18264061399998,-4.314992222999877],[-80.18222461399989,-4.310210972999869],[-80.18038861399998,-4.308749972999976],[-80.17870511399985,-4.303777347999926],[-80.17998436399989,-4.299609347999876],[-80.17916411399989,-4.297507847999896],[-80.17417198899994,-4.295542972999954],[-80.17330661399984,-4.29267772299994],[-80.17034761399998,-4.289220722999971],[-80.16478511399998,-4.289902347999885],[-80.16415823899996,-4.29158597299994],[-80.16624411399982,-4.295892597999909],[-80.1658124889999,-4.300703097999872],[-80.16438286399983,-4.30200197299996],[-80.15953123899993,-4.302117222999811],[-80.1585429889999,-4.303708972999971],[-80.15541411399983,-4.304339847999927],[-80.15398636399982,-4.303269472999943],[-80.15254098899993,-4.298367222999957],[-80.1495937389999,-4.29654297299993],[-80.14756248899988,-4.292453097999896],[-80.14440423899987,-4.288691347999873],[-80.14344336399995,-4.286179722999975],[-80.14179686399996,-4.285630847999869],[-80.13866798899988,-4.286837847999891],[-80.13575786399997,-4.28532622299997],[-80.13408198899998,-4.289556597999876],[-80.13781048899989,-4.292138722999937],[-80.13825573899999,-4.293619097999908],[-80.13496098899986,-4.296283222999932],[-80.13150386399997,-4.296337847999894],[-80.12820711399996,-4.294552722999981],[-80.12233198899997,-4.294140597999899],[-80.11884573899988,-4.295650347999867],[-80.1172538639999,-4.294470722999961],[-80.11349223899998,-4.297189472999946],[-80.10800198899994,-4.29803909799989],[-80.10726173899997,-4.295568347999904],[-80.10833198899996,-4.292851472999928],[-80.10424023899998,-4.290956972999936],[-80.10155073899995,-4.293455097999868],[-80.09699398899994,-4.294003847999875],[-80.09509961399988,-4.297656222999933],[-80.09208011399988,-4.29873822299993],[-80.09144536399992,-4.300919972999964],[-80.08346673899996,-4.301845722999929],[-80.07458198899991,-4.306560722999961],[-80.07197661399988,-4.309228472999962],[-80.06489061399998,-4.309119097999883],[-80.06147648899992,-4.310220722999816],[-80.05929098899992,-4.314134722999938],[-80.05913286399982,-4.318183597999905],[-80.05467386399994,-4.321706972999948],[-80.05503911399995,-4.326273472999844],[-80.05434186399998,-4.327937472999963],[-80.05104686399994,-4.330790972999978],[-80.04700586399997,-4.332005847999937],[-80.04482798899988,-4.334515472999954],[-80.0402187389999,-4.335873097999979],[-80.03907423899989,-4.342150347999961],[-80.03567973899999,-4.344744097999978],[-80.03449998899998,-4.348746097999936],[-80.03027536399992,-4.348265597999955],[-80.02866211399993,-4.349033222999878],[-80.02611723899997,-4.352169972999889],[-80.02318948899989,-4.353234347999944],[-80.01865036399994,-4.356228472999931],[-80.01409373899997,-4.356876972999942],[-80.01389261399993,-4.360392597999976],[-80.01071673899997,-4.362048847999972],[-80.01060348899995,-4.365273597999874],[-80.00818948899996,-4.368968722999909],[-80.00556048899995,-4.369914097999981],[-80.00037298899997,-4.374353472999928],[-79.99624023899997,-4.375310597999885],[-79.99176948899998,-4.379960972999925],[-79.98861523899996,-4.380499972999928],[-79.98355073899995,-4.378910097999835],[-79.97877923899995,-4.379210972999942],[-79.97422073899997,-4.382800722999946],[-79.97156248899995,-4.387400347999971],[-79.96534973899998,-4.391029347999904],[-79.96356836399997,-4.393939472999932],[-79.95992186399997,-4.394984347999866],[-79.95692573899993,-4.393910097999878],[-79.95435936399997,-4.391119097999876],[-79.9514999889999,-4.390830097999867],[-79.94989261399996,-4.39217972299997],[-79.94918948899993,-4.394859347999898],[-79.94616011399995,-4.395099597999888],[-79.9442812389999,-4.396277347999899],[-79.93810936399996,-4.396560597999894],[-79.93444336399995,-4.393767597999897],[-79.93088286399995,-4.394337847999907],[-79.92383011399994,-4.389658222999969],[-79.92069923899999,-4.385609347999889],[-79.91805661399991,-4.386093597999832],[-79.91668748899997,-4.387914097999897],[-79.91253323899997,-4.389351722999947],[-79.90938861399991,-4.392654347999894],[-79.90357811399991,-4.394095722999964],[-79.90036911399989,-4.398460972999942],[-79.8982558639999,-4.39867384799993],[-79.8918203639999,-4.401519472999951],[-79.88748236399988,-4.404654347999895],[-79.88222073899993,-4.410423847999937],[-79.87884761399988,-4.411755847999927],[-79.87134961399988,-4.412982472999829],[-79.86925786399996,-4.41422847299998],[-79.86432223899993,-4.419232472999965],[-79.86324223899993,-4.424535097999922],[-79.85818948899993,-4.429398472999878],[-79.85783786399998,-4.431482472999903],[-79.85405473899993,-4.434466847999943],[-79.8541484889999,-4.439089847999981],[-79.8549472389999,-4.442029347999949],[-79.85403123899988,-4.443437472999904],[-79.85451361399998,-4.447605472999896],[-79.85300386399996,-4.451312472999916]]]]},"properties":{"ubigeo":"190208","nombre":"SUYO"}},{"type":"Feature","geometry":{"type":"MultiPolygon","coordinates":[[[[-79.80171673899997,-4.48867184799991],[-79.79933973899995,-4.490859347999901],[-79.79778923899994,-4.49629097299993],[-79.79707036399992,-4.503189472999964],[-79.79507036399991,-4.506359347999933],[-79.79624011399989,-4.511859347999916],[-79.79726948899997,-4.51309959799994],[-79.79811911399992,-4.521580097999959],[-79.79999998899996,-4.52509959799994],[-79.79900973899998,-4.528240222999898],[-79.80012886399999,-4.537618972999837],[-79.8010996139999,-4.540580097999964],[-79.80067186399992,-4.545269472999905],[-79.80178911399992,-4.548150347999979],[-79.80192973899995,-4.554218722999906],[-79.80592973899996,-4.563660097999957],[-79.80491986399988,-4.565537097999879],[-79.80474998899996,-4.57163084799987],[-79.80081061399989,-4.575820347999979],[-79.79951948899998,-4.579099597999971],[-79.79557048899994,-4.582619097999896],[-79.79073048899994,-4.585419972999944],[-79.78815036399999,-4.586269472999959],[-79.78285936399999,-4.590779347999899],[-79.78141011399998,-4.593900222999935],[-79.78214648899996,-4.600226597999892],[-79.78214648899996,-4.605330097999911],[-79.78150586399988,-4.60937109799994],[-79.7919218639999,-4.610005847999901],[-79.79652348899998,-4.607966847999933],[-79.79980861399991,-4.607251972999961],[-79.80271673899995,-4.604294847999881],[-79.80823823899993,-4.601581972999952],[-79.81036523899996,-4.601220847999912],[-79.81721286399994,-4.595910097999877],[-79.81951561399995,-4.594638722999946],[-79.82428911399995,-4.593509722999954],[-79.83231048899984,-4.594390597999904],[-79.83784173899988,-4.595999972999948],[-79.84151361399995,-4.596123097999907],[-79.84407036399995,-4.597824222999975],[-79.84782611399999,-4.596667972999967],[-79.85123836399998,-4.592751972999963],[-79.85365423899992,-4.588519472999963],[-79.85782423899991,-4.583257847999903],[-79.85732036399997,-4.580499972999974],[-79.85377348899993,-4.573513722999962],[-79.85122661399998,-4.569480472999942],[-79.84639061399997,-4.566980472999944],[-79.84247461399997,-4.563806597999871],[-79.83978911399998,-4.558119097999963],[-79.83910348899985,-4.553456972999925],[-79.83937886399997,-4.549878847999935],[-79.83789648899989,-4.546642597999949],[-79.84024411399997,-4.543357472999901],[-79.84399023899988,-4.540378847999932],[-79.85039261399999,-4.537488222999855],[-79.85903123899993,-4.535613222999871],[-79.86118361399997,-4.534011722999878],[-79.86250786399995,-4.531499972999882],[-79.86715423899994,-4.530621097999926],[-79.87178323899997,-4.528849597999965],[-79.87794336399998,-4.525267597999971],[-79.87864848899994,-4.523134597999899],[-79.87508398899996,-4.511126972999875],[-79.87524411399988,-4.508464847999903],[-79.87827923899994,-4.50399022299996],[-79.87662886399988,-4.495945347999907],[-79.87598823899992,-4.490671847999863],[-79.87423048899996,-4.484599597999875],[-79.87502923899996,-4.481029347999879],[-79.87327148899993,-4.478046847999963],[-79.86338086399996,-4.470105472999933],[-79.85995511399994,-4.468244097999957],[-79.85857036399995,-4.465421847999949],[-79.85544336399994,-4.462044972999934],[-79.85370698899987,-4.456314472999907],[-79.85300386399996,-4.451312472999916],[-79.85062111399998,-4.452693347999968],[-79.84935736399996,-4.454751972999929],[-79.84696273899988,-4.45604297299991],[-79.84329886399996,-4.460695347999945],[-79.84284373899999,-4.462550847999978],[-79.83984373899989,-4.46760347299994],[-79.83774023899986,-4.467851597999868],[-79.83681836399995,-4.469871097999885],[-79.83255273899988,-4.470904347999976],[-79.82934373899997,-4.47633972299991],[-79.82550786399997,-4.478476722999972],[-79.82195698899994,-4.481599597999889],[-79.82038286399995,-4.48418159799985],[-79.81708986399991,-4.485220722999941],[-79.81634173899994,-4.488634722999961],[-79.81301761399993,-4.491101597999887],[-79.80171673899997,-4.48867184799991]]]]},"properties":{"ubigeo":"190209","nombre":"JILILI"}},{"type":"Feature","geometry":{"type":"MultiPolygon","coordinates":[[[[-79.89900198899994,-4.592630847999885],[-79.89857611399987,-4.598275347999902],[-79.89987698899995,-4.602675722999948],[-79.90320898899995,-4.605474597999944],[-79.9071738639999,-4.615308597999956],[-79.90670898899998,-4.619773472999896],[-79.90810936399993,-4.623472597999921],[-79.90677536399988,-4.627873097999952],[-79.9079823639999,-4.6339784729999],[-79.90849998899995,-4.640599597999937],[-79.90518948899995,-4.643400347999943],[-79.90535936399993,-4.646900347999974],[-79.9021426139999,-4.65030072299993],[-79.90358011399991,-4.656960972999912],[-79.89872073899994,-4.660300722999921],[-79.89815823899994,-4.662339722999889],[-79.89599998899996,-4.664220722999914],[-79.89328911399991,-4.664210972999967],[-79.89160936399986,-4.666339847999836],[-79.88898048899995,-4.666630847999954],[-79.88716986399999,-4.669619097999885],[-79.88497073899998,-4.670230472999947],[-79.88388086399988,-4.674890597999877],[-79.88251948899995,-4.6772793479999],[-79.87900973899997,-4.680449222999925],[-79.879130864,-4.684642597999868],[-79.87707036399985,-4.686939472999939],[-79.88151173899996,-4.691632847999927],[-79.88571111399989,-4.693132847999891],[-79.89014448899997,-4.696033222999972],[-79.89281048899994,-4.696867097999871],[-79.89664248899999,-4.700132847999896],[-79.89920111399988,-4.701224597999897],[-79.90370898899994,-4.704632847999903],[-79.90850773899996,-4.705798847999915],[-79.90934173899996,-4.711165847999894],[-79.90787498899994,-4.719296847999942],[-79.90807611399993,-4.721931597999969],[-79.90697461399992,-4.726697222999974],[-79.90320898899995,-4.732263722999903],[-79.9038086139999,-4.734763722999901],[-79.90716986399991,-4.738111347999961],[-79.91035736399994,-4.738398472999904],[-79.91680073899994,-4.742646347999937],[-79.92064261399992,-4.742412097999932],[-79.92392973899985,-4.740597597999965],[-79.92667186399996,-4.741507847999969],[-79.93043948899998,-4.741273472999922],[-79.93284173899997,-4.739591847999975],[-79.93292973899986,-4.736642597999946],[-79.93474611399995,-4.73284372299986],[-79.93903323899991,-4.730480472999886],[-79.94023823899988,-4.728343722999853],[-79.93849611399997,-4.722816472999909],[-79.93994136399994,-4.720281222999972],[-79.95025198899992,-4.713638722999974],[-79.95368161399995,-4.708966847999932],[-79.95462111399996,-4.70645309799994],[-79.96477923899994,-4.708820347999961],[-79.96663086399997,-4.706355472999974],[-79.97120898899993,-4.704695347999916],[-79.97313086399998,-4.702999972999976],[-79.98237498899994,-4.700945347999948],[-79.98482036399992,-4.701179722999939],[-79.9912188639999,-4.698956972999952],[-79.9950038639999,-4.697017597999888],[-79.99791986399987,-4.69787697299995],[-80.00553911399993,-4.697546847999888],[-80.01025198899998,-4.694613222999976],[-80.00964674099998,-4.690564835999965],[-80.00879690399995,-4.688487469999927],[-80.00830984399994,-4.678650492999964],[-80.01060454999993,-4.674310409999919],[-80.01305424699996,-4.673105255999872],[-80.0155838799999,-4.670301720999817],[-80.02040686399988,-4.666916565999941],[-80.0232505329999,-4.661774179999895],[-80.02915841399994,-4.66057375399987],[-80.03767530099998,-4.655244157999959],[-80.04039272099999,-4.657119279999961],[-80.04373386599997,-4.657513707999897],[-80.04707339099997,-4.659116740999934],[-80.05935216599994,-4.659133278999946],[-80.06331362199995,-4.660616211999923],[-80.066266967,-4.660464189999971],[-80.07383368399996,-4.662501582999937],[-80.07573759099995,-4.66258206699996],[-80.07935340499989,-4.660988301999964],[-80.08137337599999,-4.661458803999892],[-80.08797978099989,-4.660960563999879],[-80.10130456499991,-4.663589952999928],[-80.1047986939999,-4.666011695999941],[-80.10568640199989,-4.67076941299996],[-80.11007535399995,-4.672373522999976],[-80.1133617029999,-4.675950086999876],[-80.11874549299995,-4.674003921999883],[-80.12120673999993,-4.674351653999963],[-80.12321185999991,-4.673205363999898],[-80.12607840099997,-4.669877418999874],[-80.12499730399998,-4.664534143999902],[-80.12545926299998,-4.661318073999894],[-80.12832828199998,-4.655922264999958],[-80.13285388899993,-4.653400488999921],[-80.13280092899993,-4.649896569999896],[-80.13503830699995,-4.645993382999904],[-80.14065233799994,-4.642783588999976],[-80.14184759499989,-4.639028443999962],[-80.14402584099992,-4.636618589999955],[-80.14305584699986,-4.633975155999906],[-80.14391798299994,-4.631104179999966],[-80.14730150199995,-4.626053504999959],[-80.14787813699996,-4.622550328999978],[-80.14988600899994,-4.618933987999981],[-80.1493149339999,-4.617784492999931],[-80.1506402899999,-4.610433690999969],[-80.15259031599993,-4.607276786999932],[-80.15341759499984,-4.604189327999961],[-80.15079886399997,-4.601609347999897],[-80.14610548899992,-4.60118359799992],[-80.143326114,-4.600078097999926],[-80.1434589889999,-4.596146472999976],[-80.14188473899986,-4.591412097999921],[-80.13644723899989,-4.586162097999875],[-80.13477148899989,-4.582675847999894],[-80.13445898899988,-4.580037097999877],[-80.13259761399996,-4.576265597999964],[-80.12923636399995,-4.575531222999928],[-80.12177536399992,-4.572867097999961],[-80.11483011399991,-4.57277934799987],[-80.10878123899994,-4.576169972999935],[-80.10062873899994,-4.57840822299994],[-80.09519536399989,-4.5790488479999],[-80.08918748899998,-4.583771347999971],[-80.08521673899997,-4.585578097999871],[-80.08119911399996,-4.585796847999859],[-80.07612498899994,-4.583947222999939],[-80.07218361399998,-4.584587847999899],[-80.06610348899994,-4.587933597999893],[-80.06073048899992,-4.585279347999915],[-80.05585161399995,-4.584664097999905],[-80.05260348899992,-4.583074222999926],[-80.050386614,-4.580736347999903],[-80.04614261399996,-4.580054847999918],[-80.04159573899989,-4.582023472999936],[-80.03250198899985,-4.583449347999931],[-80.02463473899996,-4.58062884799989],[-80.02434573899984,-4.576330097999971],[-80.01885936399992,-4.564556722999953],[-80.01529698899998,-4.565630847999955],[-80.01134961399993,-4.568179722999957],[-80.00640036399989,-4.570132847999844],[-80.00129686399993,-4.57055472299993],[-79.99679098899998,-4.572068347999959],[-79.9933476139999,-4.575095722999947],[-79.99115823899996,-4.572654347999901],[-79.983214864,-4.568392597999889],[-79.97901361399988,-4.567115222999917],[-79.97608198899997,-4.567593722999959],[-79.97001173899991,-4.57015034799997],[-79.96654886399983,-4.570417972999962],[-79.96106048899992,-4.574093722999919],[-79.95918161399999,-4.576052722999975],[-79.95650386399996,-4.575835972999926],[-79.94845111399997,-4.577119097999969],[-79.94401561399997,-4.576810597999895],[-79.94204486399997,-4.57787497299995],[-79.9389042389999,-4.581831972999964],[-79.93607423899988,-4.58250972299993],[-79.93023448899999,-4.581382847999862],[-79.92020311399995,-4.587249972999928],[-79.91794723899994,-4.591044972999953],[-79.91248236399991,-4.595927722999932],[-79.90698636399992,-4.595509722999964],[-79.90464848899995,-4.593322222999973],[-79.89900198899994,-4.592630847999885]]]]},"properties":{"ubigeo":"190210","nombre":"PAIMAS"}},{"type":"Feature","geometry":{"type":"MultiPolygon","coordinates":[[[[-79.58752736399998,-5.057775347999836],[-79.58605073899992,-5.058328097999834],[-79.57922461399988,-5.060507847999872],[-79.57892973899993,-5.065892597999891],[-79.57811911399995,-5.070910097999899],[-79.57667973899993,-5.072054722999951],[-79.57465036399998,-5.072609222999915],[-79.56933786399998,-5.070062472999894],[-79.56679098899991,-5.069470722999938],[-79.56011323899992,-5.074820347999889],[-79.5552792389999,-5.076001847999976],[-79.55395111399997,-5.07592772299995],[-79.54790036399999,-5.075080097999887],[-79.54605661399995,-5.074966847999917],[-79.54406248899988,-5.075263722999978],[-79.5427714889999,-5.076886722999973],[-79.54096286399994,-5.079804722999938],[-79.53318748899989,-5.079331972999967],[-79.53115036399993,-5.081019472999969],[-79.53032611399993,-5.084433597999919],[-79.53006636399994,-5.085093722999943],[-79.52938473899997,-5.085400347999894],[-79.52844136399995,-5.085164097999893],[-79.52714448899997,-5.08455072299995],[-79.52525973899998,-5.083583972999975],[-79.52320898899995,-5.083162097999889],[-79.51941598899998,-5.084433597999919],[-79.5181913639999,-5.08476372299998],[-79.51702923899995,-5.085621097999933],[-79.5144353639999,-5.08758984799988],[-79.51194536399993,-5.092068347999941],[-79.50600386399987,-5.098435597999924],[-79.50317973899996,-5.100859347999915],[-79.49947073899995,-5.104867222999872],[-79.49823048899998,-5.106396472999961],[-79.49479098899997,-5.109388722999881],[-79.49255073899997,-5.110259722999956],[-79.48781836399996,-5.110787097999946],[-79.49354686399988,-5.115605472999846],[-79.49862498899995,-5.117794972999889],[-79.50015036399986,-5.119621097999925],[-79.50111323899995,-5.124962847999939],[-79.50015036399998,-5.132068347999848],[-79.49931048899998,-5.133560597999974],[-79.49547073899998,-5.13625972299991],[-79.49246098899994,-5.13751947299977],[-79.48743948899994,-5.141130847999932],[-79.48650973899993,-5.140749972999913],[-79.4783007389999,-5.143480347999969],[-79.47548048899995,-5.143240097999978],[-79.47133011399984,-5.144140597999979],[-79.47067973899993,-5.145808597999803],[-79.4676404889999,-5.146019597999953],[-79.46552936399996,-5.149679847999892],[-79.46334961399998,-5.15203709799988],[-79.45873048899989,-5.153330097999969],[-79.45449023899988,-5.152300597999954],[-79.45261911399996,-5.153368972999772],[-79.44717973899986,-5.153458972999942],[-79.44175973899985,-5.152249972999925],[-79.44216986399994,-5.157749972999966],[-79.44065036399996,-5.162289097999974],[-79.43301948899983,-5.162029347999976],[-79.43132036399993,-5.160599597999806],[-79.42698236299992,-5.158740097999953],[-79.42083986299997,-5.158080097999687],[-79.41703911299993,-5.160160097999835],[-79.41227923799994,-5.161060597999892],[-79.41019923799996,-5.16008984799987],[-79.40694936299997,-5.16213084799989],[-79.39986898799998,-5.162949222999941],[-79.39224998799995,-5.164752097999894],[-79.39130073799998,-5.166439472999969],[-79.38589073799994,-5.166800722999938],[-79.37966011299989,-5.169410097999901],[-79.37785936299997,-5.168320347999895],[-79.37521098799994,-5.1708398479999],[-79.37466011299989,-5.176630847999888],[-79.37482036299986,-5.182453097999883],[-79.37250358241204,-5.183888641629096],[-79.37671356301428,-5.18667761294148],[-79.37829340988458,-5.190706978511685],[-79.37537786841216,-5.193844395546364],[-79.3738489242757,-5.198175888210017],[-79.37392894560992,-5.200473011071722],[-79.37147949605577,-5.206367841140604],[-79.371016132357,-5.209921306235913],[-79.3697194231354,-5.213004421924097],[-79.36436375460664,-5.216746910742245],[-79.3616574690094,-5.220376621294008],[-79.35635123835056,-5.223425281887216],[-79.35431281786413,-5.227176316438261],[-79.34953276127754,-5.232318351906883],[-79.34855143748405,-5.235204099491625],[-79.34862831300723,-5.238649630135797],[-79.34973494354966,-5.242585967140769],[-79.34954993323163,-5.246689726698719],[-79.34761287422651,-5.249957665998579],[-79.3473079759392,-5.252447541426136],[-79.34976320187093,-5.255439988645378],[-79.34958186666432,-5.25890123238338],[-79.3529707379999,-5.259130848999973],[-79.35624998799995,-5.260720723999952],[-79.35896098799992,-5.259359348999965],[-79.36646098799997,-5.261019473999909],[-79.37216011299984,-5.259830098999942],[-79.37802923799995,-5.260859348999816],[-79.38206048799998,-5.259329973999854],[-79.38425973799997,-5.259429723999915],[-79.38531048799996,-5.25649022399972],[-79.3900703629999,-5.254949223999915],[-79.39238086299991,-5.255302723999932],[-79.39916986299988,-5.252480473999924],[-79.40398048799995,-5.25407034899996],[-79.40980073799994,-5.255150348999962],[-79.41633986299996,-5.258249973999909],[-79.42206248799988,-5.257982473999903],[-79.42347073799988,-5.260160098999961],[-79.42666986299997,-5.261570348999953],[-79.43385936399994,-5.266730473999928],[-79.4348497389999,-5.268130848999874],[-79.43571286399992,-5.272929723999937],[-79.43747073899988,-5.275599598999975],[-79.43683986399992,-5.277619098999878],[-79.43918948899989,-5.279939473999775],[-79.43924023899984,-5.28200972399992],[-79.4369804889999,-5.288779223999938],[-79.43742973899998,-5.288759723999931],[-79.43830073899989,-5.289339973999972],[-79.44161911399993,-5.293849598999884],[-79.44598048899991,-5.296990223999956],[-79.44716998899992,-5.299029348999909],[-79.45200973899989,-5.302138723999974],[-79.4537597389999,-5.302619098999912],[-79.45499023899987,-5.302537098999892],[-79.45658986399997,-5.301960973999826],[-79.46093948899988,-5.303169973999843],[-79.4640194889999,-5.302890473999923],[-79.46473048899992,-5.303248098999916],[-79.46816211399994,-5.303380848999893],[-79.46933986399995,-5.303499973999976],[-79.46982036399999,-5.303640598999891],[-79.4707694889999,-5.303910098999893],[-79.47166986399998,-5.30438084899987],[-79.47282036399997,-5.304890598999918],[-79.47341011399999,-5.304960973999869],[-79.47472848899992,-5.305869098999892],[-79.47592973899992,-5.306570348999912],[-79.47784948899994,-5.307660098999918],[-79.47897086399985,-5.308199223999964],[-79.48315036399998,-5.31096097399984],[-79.48732036399997,-5.310490223999977],[-79.49048048899994,-5.311749973999952],[-79.49535936399985,-5.311009723999973],[-79.49650973899998,-5.311230473999956],[-79.4975801139999,-5.311220723999952],[-79.49999998899995,-5.311960973999874],[-79.50661911399999,-5.310289098999931],[-79.51015036399991,-5.30885547399987],[-79.51080273899998,-5.307601598999952],[-79.5103906139999,-5.306289098999912],[-79.51054098899994,-5.304115223999929],[-79.51129098899997,-5.30261722399996],[-79.51514848899996,-5.301458973999956],[-79.51728323899994,-5.301419848999899],[-79.51949223899999,-5.300968723999972],[-79.52267973899995,-5.299806598999908],[-79.52833398899998,-5.299658223999927],[-79.53297848899996,-5.298234348999927],[-79.53482811399994,-5.298415973999965],[-79.53825973899984,-5.30126947399998],[-79.54428123899999,-5.304644473999929],[-79.54663861399996,-5.307699348999961],[-79.54885936399995,-5.308986348999952],[-79.54954486399998,-5.308568348999927],[-79.55170111399997,-5.308468723999965],[-79.55416411399995,-5.30768159899992],[-79.5566894889999,-5.307326223999951],[-79.55856248899988,-5.30737497399997],[-79.56050973899988,-5.307187473999818],[-79.56268161399998,-5.30647659899995],[-79.56348048899991,-5.301664098999879],[-79.56390048899993,-5.298408223999957],[-79.56391986399996,-5.298210973999858],[-79.56586523899989,-5.2947890989999],[-79.56747661399999,-5.291193348999911],[-79.5681152389999,-5.286943348999898],[-79.56897836399997,-5.28576172399994],[-79.56976561399995,-5.282091848999869],[-79.5712069889999,-5.281115223999905],[-79.57153123899991,-5.279671848999897],[-79.57111323899994,-5.27628322399994],[-79.56944136399994,-5.273169973999927],[-79.56934573899991,-5.271496098999876],[-79.56897836399997,-5.268570348999958],[-79.56666598899989,-5.26501559899998],[-79.56735161399996,-5.262150348999967],[-79.56464061399998,-5.26026947399987],[-79.56237298899993,-5.256749973999888],[-79.5614374889999,-5.253099598999938],[-79.5614492389999,-5.249380848999976],[-79.56063861399997,-5.242914098999961],[-79.56091986399997,-5.242027348999841],[-79.56142386399995,-5.239140598999938],[-79.56069536399997,-5.235011723999889],[-79.55722073899989,-5.232048848999966],[-79.55790236399997,-5.230128848999925],[-79.55769723899988,-5.22499997299991],[-79.55591986399997,-5.220435597999938],[-79.55629486399994,-5.212255847999927],[-79.55562498899991,-5.208882847999973],[-79.5561933639998,-5.205523472999971],[-79.55736136399997,-5.200037097999939],[-79.55949798899991,-5.196087847999877],[-79.55982423899991,-5.193251972999974],[-79.56214648899993,-5.191951222999876],[-79.56687111399987,-5.190775347999931],[-79.57157811399998,-5.193763722999961],[-79.573914114,-5.193806597999924],[-79.580544864,-5.193021472999817],[-79.58240423899991,-5.194414097999925],[-79.58603711399996,-5.195415972999967],[-79.59178911399988,-5.194300722999856],[-79.59350198899995,-5.191992222999943],[-79.59483398899994,-5.190417972999967],[-79.59749998899997,-5.185865097999908],[-79.5977363639999,-5.182984347999877],[-79.60405661399989,-5.178664097999899],[-79.60572848899994,-5.177640597999869],[-79.60800973899995,-5.174958972999946],[-79.60748048899995,-5.17408984799988],[-79.60524023899995,-5.169960972999945],[-79.60468948899995,-5.167240222999965],[-79.60546098899994,-5.165160097999888],[-79.60521098899994,-5.163609347999966],[-79.60496098899995,-5.163439472999926],[-79.60485936399988,-5.162439472999949],[-79.60458986399988,-5.161330097999894],[-79.60381048899995,-5.160419972999932],[-79.60165036399991,-5.154539097999873],[-79.60158023899999,-5.153658222999923],[-79.60111911399991,-5.149980472999914],[-79.59952923899993,-5.146730472999934],[-79.59927923899994,-5.141580097999963],[-79.59849998899995,-5.140310597999871],[-79.59761911399988,-5.138859347999812],[-79.59783786399998,-5.136341847999972],[-79.60272073899995,-5.132320347999951],[-79.60527923899997,-5.131550722999918],[-79.60540036399988,-5.129869097999915],[-79.6080391139999,-5.125279347999935],[-79.61046286399989,-5.123683597999957],[-79.61161136399994,-5.121257847999971],[-79.61325586399994,-5.117052722999972],[-79.61350973899994,-5.114462847999903],[-79.61534573899996,-5.111712847999968],[-79.6172988639999,-5.109572222999873],[-79.61766998899998,-5.102929722999875],[-79.61872848899998,-5.099220722999974],[-79.61770898899994,-5.098472597999944],[-79.61641798899996,-5.098212847999946],[-79.61046486399994,-5.093410097999936],[-79.60881636399989,-5.092669972999943],[-79.60154886399988,-5.085779347999903],[-79.60003511399998,-5.084376972999962],[-79.59877736399989,-5.079498097999931],[-79.5994453639999,-5.075152347999904],[-79.59983011399987,-5.072519472999943],[-79.59874798899995,-5.07004684799989],[-79.59642573899998,-5.067177722999929],[-79.59534961399999,-5.065374972999962],[-79.59567973899993,-5.062128847999873],[-79.59590236399998,-5.060210972999926],[-79.59516411399989,-5.058507847999977],[-79.59524998899997,-5.056650347999948],[-79.59076361399997,-5.05786134799996],[-79.58752736399998,-5.057775347999836]]]]},"properties":{"ubigeo":"190301","nombre":"HUANCABAMBA"}},{"type":"Feature","geometry":{"type":"MultiPolygon","coordinates":[[[[-79.58603711399996,-5.195415972999967],[-79.58240423899991,-5.194414097999925],[-79.580544864,-5.193021472999817],[-79.573914114,-5.193806597999924],[-79.57157811399998,-5.193763722999961],[-79.56687111399987,-5.190775347999931],[-79.56214648899993,-5.191951222999876],[-79.55982423899991,-5.193251972999974],[-79.55949798899991,-5.196087847999877],[-79.55736136399997,-5.200037097999939],[-79.5561933639998,-5.205523472999971],[-79.55562498899991,-5.208882847999973],[-79.55629486399994,-5.212255847999927],[-79.55591986399997,-5.220435597999938],[-79.55769723899988,-5.22499997299991],[-79.55790236399997,-5.230128848999925],[-79.55722073899989,-5.232048848999966],[-79.56069536399997,-5.235011723999889],[-79.56142386399995,-5.239140598999938],[-79.56091986399997,-5.242027348999841],[-79.56063861399997,-5.242914098999961],[-79.5614492389999,-5.249380848999976],[-79.5614374889999,-5.253099598999938],[-79.56237298899993,-5.256749973999888],[-79.56464061399998,-5.26026947399987],[-79.56735161399996,-5.262150348999967],[-79.56666598899989,-5.26501559899998],[-79.56897836399997,-5.268570348999958],[-79.56934573899991,-5.271496098999876],[-79.56944136399994,-5.273169973999927],[-79.57111323899994,-5.27628322399994],[-79.57153123899991,-5.279671848999897],[-79.5712069889999,-5.281115223999905],[-79.56976561399995,-5.282091848999869],[-79.56897836399997,-5.28576172399994],[-79.5681152389999,-5.286943348999898],[-79.56747661399999,-5.291193348999911],[-79.56586523899989,-5.2947890989999],[-79.56391986399996,-5.298210973999858],[-79.56390048899993,-5.298408223999957],[-79.56348048899991,-5.301664098999879],[-79.56268161399998,-5.30647659899995],[-79.56050973899988,-5.307187473999818],[-79.55856248899988,-5.30737497399997],[-79.5566894889999,-5.307326223999951],[-79.55416411399995,-5.30768159899992],[-79.55170111399997,-5.308468723999965],[-79.54954486399998,-5.308568348999927],[-79.54885936399995,-5.308986348999952],[-79.54575386399995,-5.314039098999956],[-79.54290423899988,-5.320882848999929],[-79.54149411399993,-5.333101598999974],[-79.53821098899988,-5.33800572399997],[-79.53846873899988,-5.342255848999969],[-79.54008786399993,-5.345896473999915],[-79.53869536399998,-5.354849598999976],[-79.54175973899999,-5.36037497399991],[-79.5463534889999,-5.363220723999916],[-79.54751936399992,-5.364816348999966],[-79.5480194889999,-5.369281223999963],[-79.55070311399999,-5.370634723999956],[-79.55731836399997,-5.370021348999956],[-79.56228511399996,-5.37105859899998],[-79.56527348899994,-5.372478473999934],[-79.57166011399994,-5.377156348999904],[-79.57799611399997,-5.383615223999925],[-79.58375786399989,-5.387634723999952],[-79.58933598899995,-5.389074348999941],[-79.59502348899997,-5.387779348999914],[-79.59797073899995,-5.391095723999968],[-79.6024198639999,-5.39199809899992],[-79.60939261399989,-5.391908098999977],[-79.61231636399992,-5.395281223999973],[-79.61524023899995,-5.396314473999951],[-79.61708398899998,-5.394874848999905],[-79.62296086399994,-5.394878848999895],[-79.62566023899984,-5.402259723999975],[-79.63253711399994,-5.403880723999976],[-79.63658011399997,-5.405650348999927],[-79.63997073899998,-5.408199223999873],[-79.6426797389999,-5.412480473999949],[-79.64780073899988,-5.414740223999956],[-79.65407036399995,-5.41149997399998],[-79.65827923899991,-5.411019473999943],[-79.66376936399996,-5.411789098999918],[-79.66486136399999,-5.411478473999978],[-79.66678911399998,-5.410230473999945],[-79.67283986399997,-5.41256059899996],[-79.67824998899994,-5.410839848999956],[-79.68118948899996,-5.411880848999942],[-79.68215036399988,-5.411060598999939],[-79.68469923899994,-5.412439473999882],[-79.68666986399984,-5.411710973999959],[-79.69110936399989,-5.417279348999955],[-79.69428123899996,-5.417599598999914],[-79.69751948899994,-5.419210973999895],[-79.70310936399989,-5.420630848999963],[-79.70893948899999,-5.419689473999881],[-79.71347073899994,-5.418259723999881],[-79.71583011399991,-5.418330098999945],[-79.71703911399993,-5.418949223999959],[-79.71966986399991,-5.420570348999945],[-79.72747073899984,-5.422689473999981],[-79.72989061399994,-5.422339848999968],[-79.73525973899984,-5.419869098999925],[-79.74141986399997,-5.419869098999925],[-79.74692186399994,-5.422310598999957],[-79.74824998899999,-5.42271097399987],[-79.75184961399998,-5.421660098999951],[-79.76021098899992,-5.425749973999871],[-79.76238073899992,-5.42528909899994],[-79.76416011399994,-5.424519473999965],[-79.76858986399998,-5.425029348999942],[-79.76730273899994,-5.420761723999874],[-79.76774611399998,-5.416328098999941],[-79.76572261399997,-5.411740223999971],[-79.76500386399994,-5.410841848999951],[-79.76414848899992,-5.40949209899992],[-79.76482423899995,-5.403783223999937],[-79.7640312389999,-5.402507848999903],[-79.75884173899988,-5.400097598999878],[-79.74981636399997,-5.393589848999909],[-79.74605073899988,-5.391257848999885],[-79.74410348899988,-5.386460973999931],[-79.74035736399998,-5.380933598999889],[-79.73713086399994,-5.379423848999977],[-79.73302536399996,-5.378980473999945],[-79.73198636399997,-5.377044973999944],[-79.72830273899996,-5.378019473999927],[-79.72263861399995,-5.375851598999873],[-79.7154413639999,-5.375941348999959],[-79.71084573899998,-5.377078098999846],[-79.70790423899996,-5.37959372399996],[-79.70419923899993,-5.384261723999941],[-79.69803711399999,-5.385656223999945],[-79.68920111399984,-5.384021473999951],[-79.68745311399988,-5.382605473999945],[-79.67632611399995,-5.381042973999968],[-79.67476561399997,-5.378074223999931],[-79.66920698899992,-5.373275348999869],[-79.66740823899994,-5.372646473999964],[-79.66282423899986,-5.368953098999953],[-79.66236136399993,-5.367642473999922],[-79.66096111399997,-5.364956973999938],[-79.66001561399997,-5.359769473999904],[-79.6605214889999,-5.353986223999925],[-79.65988086399994,-5.348740223999926],[-79.65682811399995,-5.347960973999932],[-79.65338086399998,-5.343890598999963],[-79.65151561399995,-5.342869223999912],[-79.64780073899988,-5.335464848999948],[-79.65018548899991,-5.335554723999905],[-79.6551972389999,-5.333298848999959],[-79.66054686399997,-5.329234348999933],[-79.66209573899994,-5.324851598999942],[-79.66808398899991,-5.319814473999884],[-79.66983786399999,-5.317431598999917],[-79.67063861399998,-5.312238223999941],[-79.67064061399998,-5.306124973999943],[-79.67127748899998,-5.30272459899993],[-79.66900198899992,-5.299261723999962],[-79.6686034889999,-5.296652348999885],[-79.67140236399996,-5.292017598999905],[-79.6733007389999,-5.287568348999912],[-79.67743948899994,-5.2830253489999],[-79.68058786399996,-5.280462848999889],[-79.68130661399988,-5.278529348999882],[-79.68250786399989,-5.275761723999949],[-79.68666011399989,-5.272187473999963],[-79.68719723899994,-5.265705098999831],[-79.68910173899997,-5.263314473999912],[-79.69158986399998,-5.261710973999925],[-79.69449611399989,-5.258050723999929],[-79.68905273899998,-5.257628848999957],[-79.68212298899994,-5.258048848999977],[-79.67719923899995,-5.256689473999927],[-79.67438086399983,-5.254859348999958],[-79.6682792389999,-5.248359348999941],[-79.66659961399995,-5.245310598999936],[-79.66314061399999,-5.24325972399987],[-79.65943936399998,-5.243859348999933],[-79.65893948899992,-5.24189059899993],[-79.65668948899992,-5.239859348999971],[-79.65507036399998,-5.23539059899997],[-79.65174023899988,-5.232140598999933],[-79.64994923899991,-5.228560598999934],[-79.64674998899989,-5.224759722999863],[-79.64447073899998,-5.223660097999925],[-79.64359961399998,-5.22013084799994],[-79.64384961399998,-5.213490222999894],[-79.63949023899988,-5.21106059799996],[-79.63949998899989,-5.209789097999931],[-79.63572073899985,-5.205269472999873],[-79.63516986399992,-5.202900347999957],[-79.63075973899998,-5.197849597999948],[-79.62630861399992,-5.197001972999828],[-79.62469923899988,-5.195240222999871],[-79.62358198899994,-5.191640597999935],[-79.62322073899998,-5.187339847999908],[-79.62061911399991,-5.181779347999907],[-79.6158496139999,-5.179480472999956],[-79.61183986399993,-5.178589847999888],[-79.60800973899995,-5.174958972999946],[-79.60572848899994,-5.177640597999869],[-79.60405661399989,-5.178664097999899],[-79.5977363639999,-5.182984347999877],[-79.59749998899997,-5.185865097999908],[-79.59483398899994,-5.190417972999967],[-79.59350198899995,-5.191992222999943],[-79.59178911399988,-5.194300722999856],[-79.58603711399996,-5.195415972999967]]]]},"properties":{"ubigeo":"190302","nombre":"CANCHAQUE"}},{"type":"Feature","geometry":{"type":"MultiPolygon","coordinates":[[[[-79.46440236399997,-5.488078098999893],[-79.46341598899988,-5.488456973999973],[-79.46042186399995,-5.492248098999937],[-79.45746286399998,-5.49334759899989],[-79.455871114,-5.49368947399995],[-79.45488473899991,-5.496417973999939],[-79.4551894889999,-5.505556598999931],[-79.45450586399994,-5.507867223999881],[-79.45132036399997,-5.511244098999953],[-79.44411723899998,-5.514581973999952],[-79.44298048899998,-5.516853473999959],[-79.44362498899989,-5.521292973999891],[-79.44385161399998,-5.530466848999936],[-79.44146286399996,-5.532554723999908],[-79.43911136399993,-5.533197223999878],[-79.43649023899997,-5.529050723999887],[-79.43417973899989,-5.527910098999939],[-79.43057036399995,-5.528449223999871],[-79.42735936299994,-5.528058598999962],[-79.42286911299993,-5.525179848999926],[-79.41733011299993,-5.523460973999875],[-79.40808011299993,-5.522419973999888],[-79.40333986299993,-5.524421848999964],[-79.40619923799994,-5.529810598999973],[-79.40553911299992,-5.53136909899996],[-79.39963086299986,-5.53160934899995],[-79.39848048799996,-5.533480473999873],[-79.39832036299993,-5.537017598999967],[-79.39631048799998,-5.54210747399992],[-79.39610936299988,-5.545330222999951],[-79.39360936299988,-5.546789098999966],[-79.39333986299988,-5.551519473999917],[-79.39106048799994,-5.553320473999975],[-79.38843948799996,-5.556841847999863],[-79.38775973799994,-5.55924022399995],[-79.38483986299991,-5.560630848999949],[-79.38374023799997,-5.562320347999901],[-79.38193948799994,-5.569019473999958],[-79.38047073799999,-5.571460972999944],[-79.38065248799995,-5.573867222999979],[-79.37944923799995,-5.576599598999906],[-79.37967973799994,-5.580150347999904],[-79.37800973799995,-5.582099598999889],[-79.3786406129999,-5.585339847999933],[-79.38066011299998,-5.587570347999929],[-79.38023048799994,-5.590120972999955],[-79.37735936299998,-5.591789098999925],[-79.37516011299988,-5.596070348999945],[-79.37183598799993,-5.597732472999894],[-79.37205473799997,-5.603621098999952],[-79.37555073799996,-5.606189473999962],[-79.37625973799993,-5.608960848999914],[-79.37533986299985,-5.611650348999945],[-79.37591986299998,-5.615878848999955],[-79.37827923799995,-5.623249973999975],[-79.37784961299985,-5.625859348999938],[-79.3808593629999,-5.630837848999931],[-79.37978511299997,-5.638896473999921],[-79.37744923799994,-5.641730473999928],[-79.37805073799996,-5.646710973999916],[-79.38141986299985,-5.650419973999931],[-79.38181048799993,-5.653617098999973],[-79.38509961299991,-5.657968723999943],[-79.38266011299999,-5.660519473999955],[-79.38355073799994,-5.667048848999968],[-79.38297661299987,-5.668263723999928],[-79.3858886129999,-5.673876973999938],[-79.38539061299991,-5.680140598999913],[-79.38657036299992,-5.685999973999969],[-79.3906406129999,-5.690617223999936],[-79.39256048799996,-5.691939348999881],[-79.39351948799998,-5.695279223999933],[-79.39624998799997,-5.6973690989999],[-79.39828911299992,-5.700509723999971],[-79.39897073799995,-5.708660098999928],[-79.39683011299991,-5.718390598999974],[-79.39681048799997,-5.722599598999977],[-79.39894923799994,-5.728759723999872],[-79.39975973799994,-5.731890598999939],[-79.39868948799995,-5.742259723999894],[-79.39969923799998,-5.747589848999951],[-79.40068948799995,-5.749509723999893],[-79.40050961299988,-5.755849598999873],[-79.39918948799993,-5.758330098999977],[-79.39943961299991,-5.763298848999966],[-79.39791011299991,-5.765300723999928],[-79.39854886299992,-5.76977734899998],[-79.3976113629999,-5.773199223999939],[-79.39276948799994,-5.778990223999926],[-79.39301948799994,-5.781560598999931],[-79.39050973799993,-5.787259723999966],[-79.3898203629999,-5.791089848999889],[-79.38635936299988,-5.793669973999954],[-79.38451948799997,-5.796570348999921],[-79.3794316129999,-5.798660098999903],[-79.37647073799997,-5.799099598999931],[-79.37539061299998,-5.804410098999938],[-79.37590036299997,-5.807800723999947],[-79.37514261299998,-5.809837848999962],[-79.37756048799997,-5.812179723999975],[-79.37663086299989,-5.815269473999876],[-79.37468948799994,-5.818249973999968],[-79.37507811299997,-5.822119098999963],[-79.37223048799996,-5.826580098999955],[-79.37207036299998,-5.828910098999927],[-79.36949998799992,-5.834279348999928],[-79.36684961299989,-5.836119098999973],[-79.36547073799994,-5.838609348999967],[-79.36221098799996,-5.84226947399992],[-79.3577304879999,-5.843509723999887],[-79.35794923799995,-5.84734959899987],[-79.35552923799992,-5.848580098999946],[-79.35564061299993,-5.851349473999903],[-79.35096098799994,-5.854249973999913],[-79.35062698799993,-5.856226598999967],[-79.35421098799992,-5.858789098999978],[-79.35384948799992,-5.861130848999892],[-79.35199023799993,-5.863000098999862],[-79.35147061299995,-5.866810598999905],[-79.35280073799993,-5.868769473999976],[-79.35249023799992,-5.872999973999981],[-79.34881248799991,-5.87406434899998],[-79.34266986299997,-5.879570348999891],[-79.33916986299994,-5.880929723999941],[-79.33875786299996,-5.882078098999898],[-79.34041986299997,-5.887816348999877],[-79.34022261299998,-5.890939473999936],[-79.3384022379999,-5.89264059899989],[-79.33357036299998,-5.894150348999915],[-79.33526948799988,-5.894779348999919],[-79.3384609879999,-5.89821097399988],[-79.34083011299998,-5.899599598999941],[-79.34310936299994,-5.902330098999926],[-79.3484999879999,-5.906269473999828],[-79.34964061299996,-5.908310598999947],[-79.35465048799995,-5.912960973999873],[-79.35453911299999,-5.91599022399987],[-79.35666011299998,-5.916679723999891],[-79.35696098799991,-5.918980473999909],[-79.35899023799993,-5.919189473999893],[-79.35898036299994,-5.922540973999901],[-79.36226948799992,-5.925978473999862],[-79.36091011299999,-5.928970723999896],[-79.36474023799991,-5.934669973999917],[-79.36741011299995,-5.937220723999928],[-79.37180073799993,-5.938789223999947],[-79.38022073799993,-5.940130848999956],[-79.3886406129999,-5.944509598999957],[-79.39835936299988,-5.949929723999958],[-79.402769488,-5.95361909899998],[-79.41057036299992,-5.962390598999889],[-79.41860936299992,-5.97009959899998],[-79.42076948799996,-5.969419973999948],[-79.42806236299992,-5.962009723999927],[-79.43166011399995,-5.959499973999925],[-79.43293948799999,-5.957039098999871],[-79.4354647379999,-5.955294973999969],[-79.44657223799993,-5.95070909899988],[-79.45110936299994,-5.949330098999951],[-79.45460936399996,-5.947449098999925],[-79.45830073799993,-5.946679723999921],[-79.46290036399995,-5.944419973999914],[-79.46466011399997,-5.9379297239999],[-79.46475973899993,-5.936599473999877],[-79.46625973799996,-5.932929723999905],[-79.46827923799992,-5.931480473999898],[-79.47005073899993,-5.928080098999942],[-79.47478911399998,-5.926400348999948],[-79.48116986399998,-5.923199223999916],[-79.48905073799995,-5.920880848999957],[-79.49077148899994,-5.917849598999965],[-79.49383986399988,-5.917230473999894],[-79.49524023899994,-5.916550723999876],[-79.49893948899995,-5.915189473999874],[-79.50035936299992,-5.91813284899996],[-79.50405273799998,-5.91658009899993],[-79.50944923799983,-5.91746097399988],[-79.51224998799995,-5.917210973999886],[-79.51291986399991,-5.92036909899997],[-79.51740048899995,-5.920060598999953],[-79.51730073799996,-5.917019473999972],[-79.5206698639999,-5.912800723999965],[-79.52561911399994,-5.913480473999869],[-79.52763086399995,-5.912871098999972],[-79.53217973799991,-5.918779348999976],[-79.53152923899995,-5.920699223999861],[-79.53733011399993,-5.922367223999913],[-79.54058011299998,-5.922089848999974],[-79.54003911299998,-5.925019473999896],[-79.54299023899989,-5.925097598999969],[-79.54608986399995,-5.929669973999921],[-79.54990036399994,-5.930830098999934],[-79.5516797389999,-5.932929723999905],[-79.55241986299995,-5.937460973999919],[-79.55532036399995,-5.938439473999892],[-79.55683011399998,-5.936380848999931],[-79.56382023799995,-5.933869098999935],[-79.57153911299986,-5.937789098999815],[-79.57919923899993,-5.935410098999967],[-79.58118948899994,-5.93524997399993],[-79.58299023799998,-5.936980473999938],[-79.58696098799999,-5.938419973999942],[-79.59374998799996,-5.933810598999969],[-79.59738086399989,-5.934249973999897],[-79.59984961399988,-5.938900348999937],[-79.60132023899996,-5.939539098999944],[-79.60206261399992,-5.93602347399991],[-79.60454298899998,-5.93361522399988],[-79.60786723899997,-5.927843723999899],[-79.6111073639999,-5.923462848999975],[-79.61074411399989,-5.920107473999906],[-79.60930661399988,-5.917831973999967],[-79.61125573899994,-5.91569334899998],[-79.61339436399999,-5.910142598999926],[-79.61331048899996,-5.904298848999929],[-79.61175973899998,-5.902619098999935],[-79.61235936399993,-5.897912098999939],[-79.61348048899998,-5.895070348999923],[-79.61724998899996,-5.891461098999969],[-79.62259961399991,-5.889849598999888],[-79.6264198639999,-5.887449223999965],[-79.62521098899998,-5.885240223999972],[-79.62566986399992,-5.882789098999922],[-79.62557223899995,-5.87580072399993],[-79.62889061399994,-5.870269598999869],[-79.62993948899998,-5.863019473999941],[-79.63261911399997,-5.858869098999833],[-79.63688086399998,-5.857949348999909],[-79.63726948899989,-5.855509723999944],[-79.63524223899998,-5.852199223999946],[-79.62874998899997,-5.851609348999943],[-79.62780073899995,-5.844820348999974],[-79.62805073899995,-5.840210973999945],[-79.62901948899997,-5.836720723999917],[-79.63158011399997,-5.83458984899994],[-79.63142773899989,-5.829029348999939],[-79.62398048899996,-5.823539098999959],[-79.6225683639999,-5.815785098999925],[-79.62118548899997,-5.813867223999978],[-79.62057036399995,-5.809705098999927],[-79.62142973899995,-5.799812473999964],[-79.62258398899996,-5.797572223999964],[-79.62605073899982,-5.797787098999947],[-79.62875986399996,-5.796021473999815],[-79.63097261399992,-5.796380848999945],[-79.63226361399995,-5.798783223999976],[-79.63215236399992,-5.804410098999938],[-79.63650386399996,-5.810035098999947],[-79.63973048899999,-5.811828098999968],[-79.64581836399998,-5.813914098999931],[-79.64918361399998,-5.815830098999925],[-79.65135548899991,-5.81604297399997],[-79.6532499889999,-5.818427723999889],[-79.65582811399997,-5.823878848999925],[-79.65942573899991,-5.827220723999915],[-79.66199998899992,-5.834152348999964],[-79.66524223899995,-5.835390598999936],[-79.66987698899993,-5.835456973999896],[-79.67344536399997,-5.837763723999899],[-79.67783986399996,-5.841542973999935],[-79.68271098899993,-5.846445348999964],[-79.68904486399998,-5.847964848999823],[-79.69808986399988,-5.846394473999908],[-79.70296286399991,-5.842826223999907],[-79.70733198899995,-5.845798848999948],[-79.7084628639999,-5.845347598999979],[-79.7085058639999,-5.841685598999959],[-79.71260548899994,-5.838007848999951],[-79.71533398899999,-5.837609348999933],[-79.72308986399992,-5.838769473999889],[-79.72700586399992,-5.838052723999908],[-79.73103511399995,-5.839007848999813],[-79.73539261399998,-5.838636723999912],[-79.73732811399998,-5.837650348999944],[-79.73904098899999,-5.833001973999899],[-79.73911523899989,-5.830011723999917],[-79.7378027389999,-5.826726598999926],[-79.74022848899989,-5.82085547399987],[-79.7419257389999,-5.818972598999949],[-79.74194536399995,-5.81446872399988],[-79.73962698899999,-5.81188084899992],[-79.73814848899991,-5.808833973999981],[-79.73957223899998,-5.80573434899992],[-79.73858986399995,-5.80153909899991],[-79.73931636399993,-5.79958784899992],[-79.73320698899988,-5.794517598999903],[-79.73454686399992,-5.787404348999928],[-79.73264261399993,-5.786404348999895],[-79.72963473899983,-5.783134723999979],[-79.72742973899989,-5.781941348999908],[-79.72612298899998,-5.778480473999934],[-79.72572461399994,-5.773345723999967],[-79.72327148899996,-5.769466848999912],[-79.72235348899994,-5.763972598999885],[-79.72094136399994,-5.759206973999937],[-79.71842186399994,-5.75438472399992],[-79.71775386399992,-5.750388723999947],[-79.71982811399994,-5.748646473999941],[-79.72008398899999,-5.746623098999976],[-79.71709961399995,-5.743826223999918],[-79.71728123899999,-5.739347598999927],[-79.72174023899998,-5.734705098999939],[-79.72447848899998,-5.73315034899997],[-79.73648048899997,-5.72143559899996],[-79.7411562389999,-5.720705098999929],[-79.74395311399996,-5.718937473999972],[-79.74384173899989,-5.713531223999837],[-79.74927148899991,-5.709673848999955],[-79.75836723899994,-5.712042973999871],[-79.76098236399997,-5.710191348999956],[-79.76334573899993,-5.710027348999915],[-79.76641611399998,-5.708251973999836],[-79.76455661399996,-5.703822223999964],[-79.75928711399996,-5.696255848999897],[-79.75359961399994,-5.69122659899989],[-79.75170311399995,-5.69124222399995],[-79.74553323899988,-5.686035098999866],[-79.74407036399998,-5.682355473999962],[-79.74413473899989,-5.678017598999872],[-79.7453554889999,-5.675847598999894],[-79.7508867389999,-5.675242223999931],[-79.75493748899993,-5.673341848999883],[-79.7614882389999,-5.669040973999927],[-79.76420898899994,-5.663792973999932],[-79.77015423899991,-5.659214848999966],[-79.77757223899994,-5.658853473999955],[-79.78133598899996,-5.655833973999904],[-79.78176948899994,-5.653535098999953],[-79.78515423899995,-5.649759723999921],[-79.7869336139999,-5.646587848999957],[-79.79175011399991,-5.645554723999908],[-79.796244114,-5.646439473999919],[-79.79925986399991,-5.645859348999977],[-79.80500973899996,-5.646414098999969],[-79.80705473899997,-5.649146473999906],[-79.81016798899998,-5.651211098999966],[-79.81253911399995,-5.654248098999972],[-79.81506248899996,-5.656066348999957],[-79.81517573899998,-5.659597598999824],[-79.81823236399993,-5.664634723999939],[-79.81964061399992,-5.663636723999957],[-79.82010348899996,-5.660193348999883],[-79.82181048899997,-5.656300723999948],[-79.82445511399993,-5.654683598999952],[-79.82759961399995,-5.644939473999898],[-79.83131836399997,-5.644367223999893],[-79.83293548899996,-5.6454902239999],[-79.83518161399996,-5.638033223999912],[-79.83733786399995,-5.635562473999869],[-79.83943748899998,-5.630027348999931],[-79.8376659889999,-5.626212848999955],[-79.83596486399995,-5.620818348999933],[-79.83202536399995,-5.611812473999976],[-79.83273048899997,-5.606095723999829],[-79.8310234889999,-5.601494098999922],[-79.82883398899997,-5.599972598999898],[-79.82482423899984,-5.593589848999898],[-79.82081636399994,-5.589988098999868],[-79.81034973899983,-5.574697223999976],[-79.80771486399993,-5.572062473999949],[-79.80222073899995,-5.568126848999952],[-79.80207223899998,-5.565900348999833],[-79.80040236399992,-5.562152348999973],[-79.79004686399998,-5.562189473999922],[-79.78759761399988,-5.563191348999965],[-79.78373823899994,-5.562115223999911],[-79.77704686399989,-5.56191597399993],[-79.77432423899995,-5.557164098999976],[-79.77323436399996,-5.553929723999943],[-79.76696098899993,-5.548160098999972],[-79.76506836399994,-5.545300723999901],[-79.75986523899991,-5.542724598999939],[-79.75704686399996,-5.538935598999956],[-79.75707223899991,-5.53075784899994],[-79.75282036399994,-5.52689259899995],[-79.75011136399996,-5.523218723999889],[-79.74918361399983,-5.519617223999887],[-79.74681836399998,-5.51773822399997],[-79.74187698899988,-5.515773598999942],[-79.73738086399993,-5.50900197399983],[-79.73478323899985,-5.500466848999906],[-79.73489448899988,-5.493154348999894],[-79.73108986399996,-5.486093723999943],[-79.73004098899997,-5.482777348999889],[-79.73014648899988,-5.47530272399996],[-79.72734961399993,-5.475140598999872],[-79.72513086399994,-5.479439473999946],[-79.72000973899998,-5.482999973999938],[-79.71733011399994,-5.48553909899988],[-79.7151503639999,-5.491029348999916],[-79.7135176139999,-5.496884723999926],[-79.71093548899995,-5.500078098999893],[-79.70658398899997,-5.5017753489999],[-79.70052923899993,-5.507349598999951],[-79.6968203639999,-5.512070348999941],[-79.69274023899999,-5.51518947399984],[-79.68909961399999,-5.52031059899997],[-79.68658998899997,-5.521210973999871],[-79.68433986399998,-5.524699348999945],[-79.68458011399997,-5.52919922399991],[-79.68160936399988,-5.530980348999947],[-79.67676948899992,-5.528820348999943],[-79.672380864,-5.528240223999887],[-79.66956048899993,-5.528630848999967],[-79.6669394889999,-5.531380973999887],[-79.6630097389999,-5.532400348999943],[-79.66113086399997,-5.5316797239999],[-79.65899023899993,-5.527449223999895],[-79.65884961399996,-5.52492972399989],[-79.65516011399995,-5.522789098999965],[-79.65090036399994,-5.522710973999892],[-79.64981848899993,-5.520607473999974],[-79.65000786399997,-5.516369098999917],[-79.64921098899993,-5.514374973999963],[-79.6487909889999,-5.506228473999954],[-79.64956636399995,-5.503540973999975],[-79.65173048899987,-5.50051759899992],[-79.64750973899999,-5.489515598999901],[-79.64547261399997,-5.487081973999977],[-79.64253323899999,-5.485191348999876],[-79.63475973899989,-5.487271473999954],[-79.63277348899999,-5.487271473999954],[-79.62979298899984,-5.48324222399998],[-79.62427348899996,-5.483408223999959],[-79.61985736399993,-5.482580098999904],[-79.61411911399989,-5.484070348999921],[-79.60920698899997,-5.480869098999904],[-79.60330073899996,-5.479544973999964],[-79.59866411399992,-5.480261723999945],[-79.5960156139999,-5.47904884899998],[-79.59137886399998,-5.474798848999853],[-79.58718361399997,-5.473472598999876],[-79.58265823899995,-5.470935598999972],[-79.58111323899993,-5.468175723999934],[-79.57254686399995,-5.464644473999954],[-79.56777148899994,-5.460265598999968],[-79.56553511399994,-5.457351598999878],[-79.56066211399997,-5.45695509899997],[-79.55420698899991,-5.453917973999921],[-79.55020511399994,-5.447257848999811],[-79.54512698899998,-5.446925723999925],[-79.53668361399997,-5.441296848999968],[-79.53193548899998,-5.439640598999972],[-79.53033598899998,-5.435556598999938],[-79.52752148899998,-5.430312473999891],[-79.52382223899997,-5.427552723999895],[-79.52139061399993,-5.424871098999972],[-79.51963086399991,-5.427333973999851],[-79.51908786399991,-5.430277348999937],[-79.51508398899995,-5.433689473999891],[-79.51241986399992,-5.438165973999901],[-79.51041986399991,-5.439982473999919],[-79.50538861399991,-5.440568348999932],[-79.50247073899999,-5.438976598999943],[-79.49685736399988,-5.437914098999954],[-79.49553123899994,-5.441365223999924],[-79.48874411399999,-5.4471269739999],[-79.48426948899993,-5.454294973999936],[-79.48264061399988,-5.455923848999873],[-79.48063086399998,-5.460550723999916],[-79.47626948899995,-5.461080098999957],[-79.47554886399996,-5.466503848999878],[-79.47206048899989,-5.472000098999899],[-79.47200786399998,-5.473423848999971],[-79.47403323899994,-5.477915973999927],[-79.47460161399988,-5.482275348999906],[-79.47092386399999,-5.488986348999902],[-79.46440236399997,-5.488078098999893]]]]},"properties":{"ubigeo":"190303","nombre":"HUARMACA"}},{"type":"Feature","geometry":{"type":"MultiPolygon","coordinates":[[[[-79.34958186666432,-5.25890123238338],[-79.3524889944922,-5.264462479360475],[-79.35248279508403,-5.266816772899631],[-79.35433797811265,-5.269290836603204],[-79.3560878813991,-5.269666186532845],[-79.35899748048183,-5.272748485314651],[-79.36059975281881,-5.273384358381008],[-79.36055876443055,-5.278087145386166],[-79.3578813194244,-5.283305504466284],[-79.35729114684239,-5.28987879530257],[-79.35659933555769,-5.29154220715867],[-79.352009306774,-5.294267137768941],[-79.35058678759606,-5.297842660880747],[-79.34666807524763,-5.299420879117235],[-79.34593904927135,-5.300701354054127],[-79.34559705617829,-5.305790893818539],[-79.34482833330469,-5.307631121466159],[-79.33783742032,-5.309709200062741],[-79.33338265826688,-5.310344142824988],[-79.3313101178993,-5.314147505034896],[-79.32769560470399,-5.316737313222688],[-79.3293654206908,-5.320665637338379],[-79.33104778841852,-5.327024839587068],[-79.33053904655299,-5.331559754965383],[-79.32863150689883,-5.337851786532667],[-79.32563283186397,-5.340875464901842],[-79.32648416060198,-5.348043965852298],[-79.32479897199562,-5.349769657781906],[-79.32326166483057,-5.353287288343154],[-79.32320790332574,-5.356196481972859],[-79.32020952117,-5.362137088880672],[-79.31875418558536,-5.363587756395759],[-79.3144465402006,-5.363361524073184],[-79.31152679055208,-5.363996581236051],[-79.30852806929818,-5.365799980157703],[-79.30984698029471,-5.368823005690558],[-79.3092167029132,-5.372314357829964],[-79.31095079874694,-5.375405527317696],[-79.31010705169552,-5.378393856289165],[-79.3074050143303,-5.380037206353279],[-79.30531063570459,-5.38637158136919],[-79.3053628964538,-5.390597884582291],[-79.30442409603961,-5.393060525964756],[-79.30615572871437,-5.396694336092196],[-79.30480328608945,-5.40007287663343],[-79.30513547518046,-5.404236796684813],[-79.30646866368016,-5.409338513036062],[-79.30543116349321,-5.416192588496756],[-79.30627698889776,-5.421075705713747],[-79.30546114529363,-5.427012621315896],[-79.30390296049501,-5.429305070484645],[-79.30139149961451,-5.430996701382242],[-79.29576383113351,-5.437177448614989],[-79.29459018289066,-5.439889585732374],[-79.29690318103428,-5.449698287208548],[-79.29644044999071,-5.454625548969148],[-79.29849176789935,-5.459135022836506],[-79.29624839186852,-5.463569162892554],[-79.29595102868137,-5.467411645057609],[-79.29143663176785,-5.469810447841553],[-79.29142951582918,-5.47231777056453],[-79.28925336920645,-5.478589482925713],[-79.28791085487961,-5.480518783542948],[-79.28439047003349,-5.482594956672074],[-79.28085750221493,-5.486001288956516],[-79.28070941635207,-5.488453407274505],[-79.28275592015319,-5.490064409138142],[-79.28177170912272,-5.493583323893802],[-79.2793951139758,-5.496409183700678],[-79.27869225602547,-5.501708903783708],[-79.27985832441675,-5.504359919177091],[-79.27951968038553,-5.509201332339444],[-79.27871605019237,-5.511007727776473],[-79.27891101408579,-5.516928254645279],[-79.27647380996945,-5.51952804211021],[-79.27777762307164,-5.521796067151683],[-79.28132998265824,-5.524710898874787],[-79.28624023799995,-5.525580098999967],[-79.29330073799997,-5.525089848999926],[-79.29469923799996,-5.523939472999871],[-79.29922073799997,-5.522740222999914],[-79.30451948799998,-5.523039098999959],[-79.30830073799996,-5.520109348999938],[-79.31007036299991,-5.519769473999872],[-79.31455073799998,-5.523640597999929],[-79.31433011299993,-5.52598047399988],[-79.31908986299993,-5.530509723999899],[-79.32294923799998,-5.531890598999951],[-79.32896098799989,-5.53508009899997],[-79.33318748799991,-5.533560598999941],[-79.33619923799989,-5.529890598999941],[-79.3446484879999,-5.529550723999876],[-79.35211911299996,-5.527148473999887],[-79.36131048799979,-5.527640473999952],[-79.36491986299995,-5.529019473999881],[-79.36749023799996,-5.528380848999973],[-79.3730703629999,-5.524199223999972],[-79.37694923799995,-5.52367972299993],[-79.37901948799993,-5.522580098999924],[-79.38713086299975,-5.521919848999914],[-79.3898203629999,-5.52301947299992],[-79.39501948799995,-5.52811909899998],[-79.39848048799996,-5.533480473999873],[-79.39963086299986,-5.53160934899995],[-79.40553911299992,-5.53136909899996],[-79.40619923799994,-5.529810598999973],[-79.40333986299993,-5.524421848999964],[-79.40151948799996,-5.520599598999922],[-79.39947848799983,-5.509599598999955],[-79.40197073799999,-5.50465034899986],[-79.40073048799997,-5.500789098999917],[-79.40103911299991,-5.497189473999981],[-79.39898048799995,-5.494820348999724],[-79.39955073799996,-5.493107473999771],[-79.4023691129999,-5.491460973999949],[-79.40243948799997,-5.48924997399979],[-79.40432036299995,-5.486359348999827],[-79.40688086299991,-5.485279348999882],[-79.40863086299993,-5.48067972399997],[-79.40728911299993,-5.477539098999898],[-79.40886911299992,-5.473439473999974],[-79.40749023799998,-5.46926947399993],[-79.40744923799997,-5.463810598999885],[-79.40885936299992,-5.4588007239999],[-79.41159973799984,-5.456500098999868],[-79.41268948799996,-5.453999973999942],[-79.41180073799995,-5.452039098999819],[-79.40933011299995,-5.451009723999903],[-79.40882023799998,-5.447689473999901],[-79.41165036299992,-5.446449223999878],[-79.41461923799989,-5.446339848999969],[-79.41722073799997,-5.442310598999939],[-79.41711911299996,-5.439779348999934],[-79.41974023799997,-5.43544922399991],[-79.41884961299996,-5.429789098999834],[-79.41948048799998,-5.426900348999936],[-79.41851948799996,-5.422109348999925],[-79.41596098799988,-5.420587848999958],[-79.41666986299992,-5.418080098999951],[-79.41514061299995,-5.41557034899995],[-79.41758011299993,-5.408720723999977],[-79.41724023799998,-5.402199223999958],[-79.41799998799996,-5.39809959899992],[-79.4174297379999,-5.396410098999922],[-79.41455073799995,-5.395509723999794],[-79.41288086299988,-5.392949348999935],[-79.41091986299995,-5.393509723999955],[-79.40650973799995,-5.387919973999942],[-79.40831048799998,-5.383859348999977],[-79.41138086299992,-5.380009723999933],[-79.41161911299992,-5.373189473999957],[-79.40839061299994,-5.368675723999957],[-79.40954886299994,-5.367449223999927],[-79.40859761299993,-5.362660098999868],[-79.40908198799997,-5.358962848999965],[-79.41306248799998,-5.356310473999883],[-79.41392561299978,-5.352999973999886],[-79.41332223799998,-5.350712848999933],[-79.41452348799999,-5.34868559899985],[-79.41469936299995,-5.344324223999877],[-79.41361911299992,-5.341435598999965],[-79.41680073799995,-5.337326223999924],[-79.41765823799989,-5.334099598999956],[-79.42034373799999,-5.33017972399989],[-79.420679738,-5.328021473999854],[-79.42348048799988,-5.323908223999979],[-79.42428911299999,-5.321349598999916],[-79.42640036299997,-5.32063084899994],[-79.42878911299994,-5.317961098999945],[-79.42958011299999,-5.315052723999827],[-79.43152923899999,-5.31386909899993],[-79.43069923899998,-5.31089059899989],[-79.43238086399992,-5.304720723999935],[-79.43214061399993,-5.298109348999901],[-79.43316011399992,-5.295439473999977],[-79.43490036399993,-5.294419973999936],[-79.43517973899998,-5.290949223999974],[-79.4369804889999,-5.288779223999938],[-79.43924023899984,-5.28200972399992],[-79.43918948899989,-5.279939473999775],[-79.43683986399992,-5.277619098999878],[-79.43747073899988,-5.275599598999975],[-79.43571286399992,-5.272929723999937],[-79.4348497389999,-5.268130848999874],[-79.43385936399994,-5.266730473999928],[-79.42666986299997,-5.261570348999953],[-79.42347073799988,-5.260160098999961],[-79.42206248799988,-5.257982473999903],[-79.41633986299996,-5.258249973999909],[-79.40980073799994,-5.255150348999962],[-79.40398048799995,-5.25407034899996],[-79.39916986299988,-5.252480473999924],[-79.39238086299991,-5.255302723999932],[-79.3900703629999,-5.254949223999915],[-79.38531048799996,-5.25649022399972],[-79.38425973799997,-5.259429723999915],[-79.38206048799998,-5.259329973999854],[-79.37802923799995,-5.260859348999816],[-79.37216011299984,-5.259830098999942],[-79.36646098799997,-5.261019473999909],[-79.35896098799992,-5.259359348999965],[-79.35624998799995,-5.260720723999952],[-79.3529707379999,-5.259130848999973],[-79.34958186666432,-5.25890123238338]]]]},"properties":{"ubigeo":"190304","nombre":"SONDOR"}},{"type":"Feature","geometry":{"type":"MultiPolygon","coordinates":[[[[-79.40333986299993,-5.524421848999964],[-79.40808011299993,-5.522419973999888],[-79.41733011299993,-5.523460973999875],[-79.42286911299993,-5.525179848999926],[-79.42735936299994,-5.528058598999962],[-79.43057036399995,-5.528449223999871],[-79.43417973899989,-5.527910098999939],[-79.43649023899997,-5.529050723999887],[-79.43911136399993,-5.533197223999878],[-79.44146286399996,-5.532554723999908],[-79.44385161399998,-5.530466848999936],[-79.44362498899989,-5.521292973999891],[-79.44298048899998,-5.516853473999959],[-79.44411723899998,-5.514581973999952],[-79.45132036399997,-5.511244098999953],[-79.45450586399994,-5.507867223999881],[-79.4551894889999,-5.505556598999931],[-79.45488473899991,-5.496417973999939],[-79.455871114,-5.49368947399995],[-79.45746286399998,-5.49334759899989],[-79.46042186399995,-5.492248098999937],[-79.46341598899988,-5.488456973999973],[-79.46440236399997,-5.488078098999893],[-79.47092386399999,-5.488986348999902],[-79.47460161399988,-5.482275348999906],[-79.47403323899994,-5.477915973999927],[-79.47200786399998,-5.473423848999971],[-79.47206048899989,-5.472000098999899],[-79.47554886399996,-5.466503848999878],[-79.47626948899995,-5.461080098999957],[-79.48063086399998,-5.460550723999916],[-79.48264061399988,-5.455923848999873],[-79.48426948899993,-5.454294973999936],[-79.48874411399999,-5.4471269739999],[-79.49553123899994,-5.441365223999924],[-79.49685736399988,-5.437914098999954],[-79.50247073899999,-5.438976598999943],[-79.50538861399991,-5.440568348999932],[-79.51041986399991,-5.439982473999919],[-79.51241986399992,-5.438165973999901],[-79.51508398899995,-5.433689473999891],[-79.51908786399991,-5.430277348999937],[-79.51963086399991,-5.427333973999851],[-79.52139061399993,-5.424871098999972],[-79.51964648899997,-5.421080098999937],[-79.51756048899995,-5.418425723999974],[-79.51444923899999,-5.412292973999968],[-79.5123066139999,-5.41161322399995],[-79.50633773899995,-5.412607473999969],[-79.5014218639999,-5.414511723999965],[-79.49833598899994,-5.413826223999877],[-79.48701761399997,-5.41508397399997],[-79.47592973899992,-5.414814473999968],[-79.46800973899991,-5.41233984899992],[-79.47148048899993,-5.408017598999947],[-79.47390036399997,-5.406789098999923],[-79.47674023899992,-5.403470723999817],[-79.47936911399995,-5.401869098999896],[-79.48201948899992,-5.39525972399997],[-79.48222073899996,-5.393519473999959],[-79.48456836399998,-5.388429723999934],[-79.48681048899994,-5.385689473999946],[-79.48713086399988,-5.380599598999879],[-79.48982048899995,-5.378130848999888],[-79.48974036399989,-5.375689473999955],[-79.49119923899997,-5.372390598999971],[-79.49607036399988,-5.372869098999956],[-79.50424798899996,-5.369720723999933],[-79.50517973899997,-5.36986909899997],[-79.50875973899997,-5.368720723999957],[-79.51447073899999,-5.365990223999916],[-79.51649998899995,-5.363519473999929],[-79.51919923899999,-5.361949348999872],[-79.52281048899994,-5.361888723999925],[-79.52422073899999,-5.360919973999955],[-79.53174023899999,-5.351749973999915],[-79.53288086399994,-5.350269473999901],[-79.53411523899996,-5.345124973999873],[-79.53620511399993,-5.339908223999885],[-79.53821098899988,-5.33800572399997],[-79.54149411399993,-5.333101598999974],[-79.54290423899988,-5.320882848999929],[-79.54575386399995,-5.314039098999956],[-79.54885936399995,-5.308986348999952],[-79.54663861399996,-5.307699348999961],[-79.54428123899999,-5.304644473999929],[-79.53825973899984,-5.30126947399998],[-79.53482811399994,-5.298415973999965],[-79.53297848899996,-5.298234348999927],[-79.52833398899998,-5.299658223999927],[-79.52267973899995,-5.299806598999908],[-79.51949223899999,-5.300968723999972],[-79.51728323899994,-5.301419848999899],[-79.51514848899996,-5.301458973999956],[-79.51129098899997,-5.30261722399996],[-79.51054098899994,-5.304115223999929],[-79.5103906139999,-5.306289098999912],[-79.51080273899998,-5.307601598999952],[-79.51015036399991,-5.30885547399987],[-79.50661911399999,-5.310289098999931],[-79.49999998899995,-5.311960973999874],[-79.4975801139999,-5.311220723999952],[-79.49650973899998,-5.311230473999956],[-79.49535936399985,-5.311009723999973],[-79.49048048899994,-5.311749973999952],[-79.48732036399997,-5.310490223999977],[-79.48315036399998,-5.31096097399984],[-79.47897086399985,-5.308199223999964],[-79.47784948899994,-5.307660098999918],[-79.47592973899992,-5.306570348999912],[-79.47472848899992,-5.305869098999892],[-79.47341011399999,-5.304960973999869],[-79.47282036399997,-5.304890598999918],[-79.47166986399998,-5.30438084899987],[-79.4707694889999,-5.303910098999893],[-79.46982036399999,-5.303640598999891],[-79.46933986399995,-5.303499973999976],[-79.46816211399994,-5.303380848999893],[-79.46473048899992,-5.303248098999916],[-79.4640194889999,-5.302890473999923],[-79.46093948899988,-5.303169973999843],[-79.45658986399997,-5.301960973999826],[-79.45499023899987,-5.302537098999892],[-79.4537597389999,-5.302619098999912],[-79.45200973899989,-5.302138723999974],[-79.44716998899992,-5.299029348999909],[-79.44598048899991,-5.296990223999956],[-79.44161911399993,-5.293849598999884],[-79.43830073899989,-5.289339973999972],[-79.43742973899998,-5.288759723999931],[-79.4369804889999,-5.288779223999938],[-79.43517973899998,-5.290949223999974],[-79.43490036399993,-5.294419973999936],[-79.43316011399992,-5.295439473999977],[-79.43214061399993,-5.298109348999901],[-79.43238086399992,-5.304720723999935],[-79.43069923899998,-5.31089059899989],[-79.43152923899999,-5.31386909899993],[-79.42958011299999,-5.315052723999827],[-79.42878911299994,-5.317961098999945],[-79.42640036299997,-5.32063084899994],[-79.42428911299999,-5.321349598999916],[-79.42348048799988,-5.323908223999979],[-79.420679738,-5.328021473999854],[-79.42034373799999,-5.33017972399989],[-79.41765823799989,-5.334099598999956],[-79.41680073799995,-5.337326223999924],[-79.41361911299992,-5.341435598999965],[-79.41469936299995,-5.344324223999877],[-79.41452348799999,-5.34868559899985],[-79.41332223799998,-5.350712848999933],[-79.41392561299978,-5.352999973999886],[-79.41306248799998,-5.356310473999883],[-79.40908198799997,-5.358962848999965],[-79.40859761299993,-5.362660098999868],[-79.40954886299994,-5.367449223999927],[-79.40839061299994,-5.368675723999957],[-79.41161911299992,-5.373189473999957],[-79.41138086299992,-5.380009723999933],[-79.40831048799998,-5.383859348999977],[-79.40650973799995,-5.387919973999942],[-79.41091986299995,-5.393509723999955],[-79.41288086299988,-5.392949348999935],[-79.41455073799995,-5.395509723999794],[-79.4174297379999,-5.396410098999922],[-79.41799998799996,-5.39809959899992],[-79.41724023799998,-5.402199223999958],[-79.41758011299993,-5.408720723999977],[-79.41514061299995,-5.41557034899995],[-79.41666986299992,-5.418080098999951],[-79.41596098799988,-5.420587848999958],[-79.41851948799996,-5.422109348999925],[-79.41948048799998,-5.426900348999936],[-79.41884961299996,-5.429789098999834],[-79.41974023799997,-5.43544922399991],[-79.41711911299996,-5.439779348999934],[-79.41722073799997,-5.442310598999939],[-79.41461923799989,-5.446339848999969],[-79.41165036299992,-5.446449223999878],[-79.40882023799998,-5.447689473999901],[-79.40933011299995,-5.451009723999903],[-79.41180073799995,-5.452039098999819],[-79.41268948799996,-5.453999973999942],[-79.41159973799984,-5.456500098999868],[-79.40885936299992,-5.4588007239999],[-79.40744923799997,-5.463810598999885],[-79.40749023799998,-5.46926947399993],[-79.40886911299992,-5.473439473999974],[-79.40728911299993,-5.477539098999898],[-79.40863086299993,-5.48067972399997],[-79.40688086299991,-5.485279348999882],[-79.40432036299995,-5.486359348999827],[-79.40243948799997,-5.48924997399979],[-79.4023691129999,-5.491460973999949],[-79.39955073799996,-5.493107473999771],[-79.39898048799995,-5.494820348999724],[-79.40103911299991,-5.497189473999981],[-79.40073048799997,-5.500789098999917],[-79.40197073799999,-5.50465034899986],[-79.39947848799983,-5.509599598999955],[-79.40151948799996,-5.520599598999922],[-79.40333986299993,-5.524421848999964]]]]},"properties":{"ubigeo":"190305","nombre":"SONDORILLO"}},{"type":"Feature","geometry":{"type":"MultiPolygon","coordinates":[[[[-79.20987386299987,-4.965507472999889],[-79.2100301129999,-4.968866597999806],[-79.21233473799998,-4.97285084799995],[-79.21319411299999,-4.976600597999891],[-79.21651423799995,-4.979452097999854],[-79.2217092379999,-4.981326972999966],[-79.22159211299993,-4.985545472999888],[-79.21626697041859,-4.990770761964427],[-79.21441004692969,-4.999929710898471],[-79.21405579445906,-5.00740272061563],[-79.21518264883247,-5.010263084790836],[-79.21981459099788,-5.012400200497893],[-79.2191367682745,-5.021517837659985],[-79.2209453146341,-5.023210880362512],[-79.2212533598929,-5.031485673547877],[-79.2235494952173,-5.038096245121721],[-79.22489737875088,-5.039355482565554],[-79.22425020029425,-5.044330007767257],[-79.22770345401437,-5.049531751868699],[-79.23213512505265,-5.051959529961721],[-79.2377838752509,-5.05088393704068],[-79.24258466085308,-5.051415646932298],[-79.24442243528921,-5.055064838167596],[-79.24762596455906,-5.056206583154619],[-79.25595106573701,-5.056447234356312],[-79.26061651388534,-5.059093429495761],[-79.26538524910512,-5.057375961980995],[-79.27252896836234,-5.058329081846068],[-79.27372930905369,-5.060583154506674],[-79.27399814619832,-5.064293218261469],[-79.27533375347537,-5.068086517111453],[-79.27360093463619,-5.073709073387988],[-79.2799411090985,-5.079764699607949],[-79.27996912237234,-5.083265518141957],[-79.2843198184554,-5.084121177871566],[-79.28592516598275,-5.085190600032718],[-79.28543485397017,-5.090141816878997],[-79.287118038519,-5.094261438447688],[-79.28973559842547,-5.096948032830824],[-79.29536595211266,-5.10086281426328],[-79.296354722957,-5.102320098004157],[-79.29600582747634,-5.107219082518839],[-79.29512851904116,-5.110764821057955],[-79.3008474386379,-5.11372282354597],[-79.30307584224539,-5.116630886580083],[-79.30814178449367,-5.116493551292592],[-79.31360212686178,-5.118015259496929],[-79.32046761755953,-5.120588560022327],[-79.32546158345662,-5.123472727595242],[-79.33028278111817,-5.124296891107974],[-79.33662462059652,-5.134538353382766],[-79.34167817813392,-5.140293711602737],[-79.3418671089658,-5.144744415284322],[-79.34271777762478,-5.147990978104247],[-79.34213978239586,-5.150027957613133],[-79.34294513708875,-5.159705679727324],[-79.34269663739013,-5.162891957346574],[-79.34436898945222,-5.165843990089627],[-79.34860462329084,-5.166850346878448],[-79.3558196872118,-5.167405030291093],[-79.35894423716144,-5.169901431478081],[-79.36118785187836,-5.173467435777752],[-79.3692330085729,-5.175623604902057],[-79.37048518550995,-5.178698950496084],[-79.37214278070911,-5.180023942271134],[-79.37250358241204,-5.183888641629096],[-79.37482036299986,-5.182453097999883],[-79.37466011299989,-5.176630847999888],[-79.37521098799994,-5.1708398479999],[-79.37785936299997,-5.168320347999895],[-79.37966011299989,-5.169410097999901],[-79.38589073799994,-5.166800722999938],[-79.39130073799998,-5.166439472999969],[-79.39224998799995,-5.164752097999894],[-79.39986898799998,-5.162949222999941],[-79.40694936299997,-5.16213084799989],[-79.41019923799996,-5.16008984799987],[-79.41227923799994,-5.161060597999892],[-79.41703911299993,-5.160160097999835],[-79.42083986299997,-5.158080097999687],[-79.42698236299992,-5.158740097999953],[-79.43132036399993,-5.160599597999806],[-79.43301948899983,-5.162029347999976],[-79.44065036399996,-5.162289097999974],[-79.44216986399994,-5.157749972999966],[-79.44175973899985,-5.152249972999925],[-79.44717973899986,-5.153458972999942],[-79.45261911399996,-5.153368972999772],[-79.45449023899988,-5.152300597999954],[-79.45873048899989,-5.153330097999969],[-79.46334961399998,-5.15203709799988],[-79.46552936399996,-5.149679847999892],[-79.4676404889999,-5.146019597999953],[-79.47067973899993,-5.145808597999803],[-79.47133011399984,-5.144140597999979],[-79.47548048899995,-5.143240097999978],[-79.4783007389999,-5.143480347999969],[-79.48650973899993,-5.140749972999913],[-79.48743948899994,-5.141130847999932],[-79.49246098899994,-5.13751947299977],[-79.49547073899998,-5.13625972299991],[-79.49931048899998,-5.133560597999974],[-79.50015036399998,-5.132068347999848],[-79.50111323899995,-5.124962847999939],[-79.50015036399986,-5.119621097999925],[-79.49862498899995,-5.117794972999889],[-79.49354686399988,-5.115605472999846],[-79.48781836399996,-5.110787097999946],[-79.49283398899996,-5.107621097999811],[-79.49648436399985,-5.097449222999956],[-79.49541986399998,-5.095306597999922],[-79.49248636399989,-5.092425722999792],[-79.49307223899996,-5.0876268479999],[-79.49240823899999,-5.085261722999974],[-79.48937111399988,-5.08141797299993],[-79.48566986399999,-5.080191347999914],[-79.48427536399998,-5.078656222999939],[-79.48362098899986,-5.075244097999871],[-79.48149998899993,-5.071992347999867],[-79.48091011399998,-5.064724722999927],[-79.47939261399983,-5.059798847999843],[-79.47460936399995,-5.053595722999944],[-79.47553323899996,-5.046373097999947],[-79.47998623899991,-5.037228472999857],[-79.48038086399998,-5.029548847999934],[-79.48210161399999,-5.024745972999824],[-79.48098048899993,-5.020822222999868],[-79.47687498899995,-5.013173722999966],[-79.47452923899993,-5.009945347999917],[-79.4698729889999,-4.995097597999916],[-79.46589648899993,-4.990773472999933],[-79.46499223899991,-4.986890597999889],[-79.46579886399996,-4.984322222999936],[-79.46577736399996,-4.982775347999848],[-79.46591986399994,-4.978589847999899],[-79.46701561399993,-4.974279347999868],[-79.46352736399996,-4.968751972999939],[-79.45970898899992,-4.966093722999972],[-79.45454486399996,-4.96111909799987],[-79.45140236399999,-4.954740222999931],[-79.45057036399999,-4.949886722999793],[-79.4512852389999,-4.944080097999972],[-79.45140036399982,-4.937242222999885],[-79.45101948899998,-4.934275347999971],[-79.45170511399994,-4.930826222999883],[-79.4512852389999,-4.927564472999904],[-79.44872261399996,-4.924427722999894],[-79.44329298899999,-4.923664097999961],[-79.4389707389999,-4.924542972999859],[-79.43174223899996,-4.923892597999952],[-79.42726761299997,-4.923931597999967],[-79.42443548799997,-4.922365347999914],[-79.42003711299992,-4.917582097999968],[-79.4143398629999,-4.912800722999975],[-79.40971098799997,-4.907751972999961],[-79.40799023799997,-4.904158222999968],[-79.40427923799996,-4.899605472999951],[-79.40037511299994,-4.893048722999936],[-79.39854298799997,-4.891726597999934],[-79.39627148799997,-4.887960972999963],[-79.39345698799997,-4.880789097999923],[-79.39219336299988,-4.874019472999976],[-79.39169723799995,-4.865107472999966],[-79.39024411299988,-4.858107472999961],[-79.39077923799994,-4.854091847999882],[-79.39387886299988,-4.847628847999943],[-79.39318948799996,-4.84249609799997],[-79.39169723799995,-4.838027347999969],[-79.38914261299988,-4.834281222999891],[-79.38386323799995,-4.832865222999885],[-79.37273048799995,-4.832650347999959],[-79.36709961299982,-4.835023472999922],[-79.36530273799991,-4.836330097999962],[-79.36268948799989,-4.843025347999969],[-79.36071873799995,-4.845443347999947],[-79.35906448799994,-4.849966847999951],[-79.35759161299995,-4.863630847999957],[-79.35559961299998,-4.869349597999872],[-79.35241798799979,-4.873800722999931],[-79.35005661299994,-4.881154347999882],[-79.34766011299996,-4.88442772299976],[-79.34342773799989,-4.886224597999899],[-79.33626761299996,-4.886685597999929],[-79.3309277379999,-4.88452147299995],[-79.32411911299994,-4.884740222999937],[-79.32070111299987,-4.886853472999974],[-79.31854098799988,-4.890937597999937],[-79.31545111299994,-4.894871097999896],[-79.3088378629999,-4.897019472999943],[-79.30407423799994,-4.902677722999954],[-79.30100198799994,-4.905037097999923],[-79.30260936299993,-4.911191347999932],[-79.30081636299991,-4.915117222999868],[-79.2988398629999,-4.917076222999981],[-79.29542573799995,-4.922716847999936],[-79.29411136299984,-4.927355472999864],[-79.29117573799994,-4.931441347999964],[-79.28897073799999,-4.933140597999966],[-79.28416986299999,-4.940162097999973],[-79.27827148799997,-4.944115222999926],[-79.27377348799996,-4.9512402229999],[-79.27358786299999,-4.953115222999941],[-79.26958198799991,-4.961304722999955],[-79.26550973799993,-4.967169972999898],[-79.26303923799998,-4.968660097999873],[-79.2569804879999,-4.968619097999976],[-79.24791398799988,-4.967146472999957],[-79.23875386299994,-4.966958972999976],[-79.23178711299994,-4.966037097999845],[-79.22424611299994,-4.964062472999956],[-79.21895111299995,-4.964826222999932],[-79.21620398799996,-4.96671934799997],[-79.21165173799989,-4.967174597999815],[-79.20987386299987,-4.965507472999889]]]]},"properties":{"ubigeo":"190306","nombre":"EL CARMEN DE LA FRONTERA"}},{"type":"Feature","geometry":{"type":"MultiPolygon","coordinates":[[[[-79.50517973899997,-5.36986909899997],[-79.50424798899996,-5.369720723999933],[-79.49607036399988,-5.372869098999956],[-79.49119923899997,-5.372390598999971],[-79.48974036399989,-5.375689473999955],[-79.48982048899995,-5.378130848999888],[-79.48713086399988,-5.380599598999879],[-79.48681048899994,-5.385689473999946],[-79.48456836399998,-5.388429723999934],[-79.48222073899996,-5.393519473999959],[-79.48201948899992,-5.39525972399997],[-79.47936911399995,-5.401869098999896],[-79.47674023899992,-5.403470723999817],[-79.47390036399997,-5.406789098999923],[-79.47148048899993,-5.408017598999947],[-79.46800973899991,-5.41233984899992],[-79.47592973899992,-5.414814473999968],[-79.48701761399997,-5.41508397399997],[-79.49833598899994,-5.413826223999877],[-79.5014218639999,-5.414511723999965],[-79.50633773899995,-5.412607473999969],[-79.5123066139999,-5.41161322399995],[-79.51444923899999,-5.412292973999968],[-79.51756048899995,-5.418425723999974],[-79.51964648899997,-5.421080098999937],[-79.52139061399993,-5.424871098999972],[-79.52382223899997,-5.427552723999895],[-79.52752148899998,-5.430312473999891],[-79.53033598899998,-5.435556598999938],[-79.53193548899998,-5.439640598999972],[-79.53668361399997,-5.441296848999968],[-79.54512698899998,-5.446925723999925],[-79.55020511399994,-5.447257848999811],[-79.55420698899991,-5.453917973999921],[-79.56066211399997,-5.45695509899997],[-79.56553511399994,-5.457351598999878],[-79.56777148899994,-5.460265598999968],[-79.57254686399995,-5.464644473999954],[-79.58111323899993,-5.468175723999934],[-79.58265823899995,-5.470935598999972],[-79.58718361399997,-5.473472598999876],[-79.59137886399998,-5.474798848999853],[-79.5960156139999,-5.47904884899998],[-79.59866411399992,-5.480261723999945],[-79.60330073899996,-5.479544973999964],[-79.60920698899997,-5.480869098999904],[-79.61411911399989,-5.484070348999921],[-79.61985736399993,-5.482580098999904],[-79.62427348899996,-5.483408223999959],[-79.62979298899984,-5.48324222399998],[-79.63277348899999,-5.487271473999954],[-79.63475973899989,-5.487271473999954],[-79.64253323899999,-5.485191348999876],[-79.64400386399996,-5.478871098999889],[-79.64385923899988,-5.475744098999883],[-79.64543161399996,-5.474546848999978],[-79.64983986399994,-5.473414098999854],[-79.65473236399998,-5.470095723999975],[-79.65645311399999,-5.470076223999968],[-79.66037886399994,-5.472238223999966],[-79.66409573899995,-5.471544848999883],[-79.66898823899993,-5.471607473999939],[-79.67215823899994,-5.46952934899997],[-79.6730194889999,-5.467871098999979],[-79.67776361399996,-5.464490348999902],[-79.6864766139999,-5.461929723999958],[-79.69103123899998,-5.459031223999943],[-79.6970586139999,-5.458486348999827],[-79.69993361399992,-5.457099598999946],[-79.70190823899998,-5.457394473999898],[-79.71059961399993,-5.456007848999946],[-79.71567973899982,-5.456029348999948],[-79.72256636399993,-5.452986348999957],[-79.72632423899984,-5.44872259899995],[-79.72903123899988,-5.447611348999942],[-79.73283198899998,-5.444357473999901],[-79.73749411399996,-5.444943348999971],[-79.74047461399994,-5.446812473999898],[-79.74998636399994,-5.446435598999813],[-79.7517284889999,-5.444755848999932],[-79.75596873899991,-5.443496098999958],[-79.76037886399996,-5.44009959899995],[-79.76080073899993,-5.438048848999927],[-79.76403911399996,-5.435160098999972],[-79.76450973899989,-5.431119098999943],[-79.76566986399996,-5.430449223999858],[-79.76858986399998,-5.425029348999942],[-79.76416011399994,-5.424519473999965],[-79.76238073899992,-5.42528909899994],[-79.76021098899992,-5.425749973999871],[-79.75184961399998,-5.421660098999951],[-79.74824998899999,-5.42271097399987],[-79.74692186399994,-5.422310598999957],[-79.74141986399997,-5.419869098999925],[-79.73525973899984,-5.419869098999925],[-79.72989061399994,-5.422339848999968],[-79.72747073899984,-5.422689473999981],[-79.71966986399991,-5.420570348999945],[-79.71703911399993,-5.418949223999959],[-79.71583011399991,-5.418330098999945],[-79.71347073899994,-5.418259723999881],[-79.70893948899999,-5.419689473999881],[-79.70310936399989,-5.420630848999963],[-79.69751948899994,-5.419210973999895],[-79.69428123899996,-5.417599598999914],[-79.69110936399989,-5.417279348999955],[-79.68666986399984,-5.411710973999959],[-79.68469923899994,-5.412439473999882],[-79.68215036399988,-5.411060598999939],[-79.68118948899996,-5.411880848999942],[-79.67824998899994,-5.410839848999956],[-79.67283986399997,-5.41256059899996],[-79.66678911399998,-5.410230473999945],[-79.66486136399999,-5.411478473999978],[-79.66376936399996,-5.411789098999918],[-79.65827923899991,-5.411019473999943],[-79.65407036399995,-5.41149997399998],[-79.64780073899988,-5.414740223999956],[-79.6426797389999,-5.412480473999949],[-79.63997073899998,-5.408199223999873],[-79.63658011399997,-5.405650348999927],[-79.63253711399994,-5.403880723999976],[-79.62566023899984,-5.402259723999975],[-79.62296086399994,-5.394878848999895],[-79.61708398899998,-5.394874848999905],[-79.61524023899995,-5.396314473999951],[-79.61231636399992,-5.395281223999973],[-79.60939261399989,-5.391908098999977],[-79.6024198639999,-5.39199809899992],[-79.59797073899995,-5.391095723999968],[-79.59502348899997,-5.387779348999914],[-79.58933598899995,-5.389074348999941],[-79.58375786399989,-5.387634723999952],[-79.57799611399997,-5.383615223999925],[-79.57166011399994,-5.377156348999904],[-79.56527348899994,-5.372478473999934],[-79.56228511399996,-5.37105859899998],[-79.55731836399997,-5.370021348999956],[-79.55070311399999,-5.370634723999956],[-79.5480194889999,-5.369281223999963],[-79.54751936399992,-5.364816348999966],[-79.5463534889999,-5.363220723999916],[-79.54175973899999,-5.36037497399991],[-79.53869536399998,-5.354849598999976],[-79.54008786399993,-5.345896473999915],[-79.53846873899988,-5.342255848999969],[-79.53821098899988,-5.33800572399997],[-79.53620511399993,-5.339908223999885],[-79.53411523899996,-5.345124973999873],[-79.53288086399994,-5.350269473999901],[-79.53174023899999,-5.351749973999915],[-79.52422073899999,-5.360919973999955],[-79.52281048899994,-5.361888723999925],[-79.51919923899999,-5.361949348999872],[-79.51649998899995,-5.363519473999929],[-79.51447073899999,-5.365990223999916],[-79.50875973899997,-5.368720723999957],[-79.50517973899997,-5.36986909899997]]]]},"properties":{"ubigeo":"190307","nombre":"SAN MIGUEL DE EL FAIQUE"}},{"type":"Feature","geometry":{"type":"MultiPolygon","coordinates":[[[[-79.66051561399996,-5.150902347999875],[-79.6593984889999,-5.148613222999927],[-79.6577519889999,-5.146183597999823],[-79.65230861399994,-5.140488097999935],[-79.64750586399998,-5.139119097999981],[-79.64694723899999,-5.136412097999937],[-79.6471484889999,-5.135310597999933],[-79.64726361399994,-5.13237309799996],[-79.64966011399997,-5.129683597999929],[-79.6549257389999,-5.121427722999897],[-79.65260548899988,-5.120896472999902],[-79.64981636399995,-5.11740822299987],[-79.64524798899998,-5.116831972999876],[-79.64351761399996,-5.115728472999876],[-79.6428729889999,-5.108728472999871],[-79.64220898899998,-5.10721684799995],[-79.63800198899997,-5.106921972999885],[-79.63080661399994,-5.103527472999872],[-79.62323048899998,-5.101208972999871],[-79.61872848899998,-5.099220722999974],[-79.61766998899998,-5.102929722999875],[-79.6172988639999,-5.109572222999873],[-79.61534573899996,-5.111712847999968],[-79.61350973899994,-5.114462847999903],[-79.61325586399994,-5.117052722999972],[-79.61161136399994,-5.121257847999971],[-79.61046286399989,-5.123683597999957],[-79.6080391139999,-5.125279347999935],[-79.60540036399988,-5.129869097999915],[-79.60527923899997,-5.131550722999918],[-79.60272073899995,-5.132320347999951],[-79.59783786399998,-5.136341847999972],[-79.59761911399988,-5.138859347999812],[-79.59849998899995,-5.140310597999871],[-79.59927923899994,-5.141580097999963],[-79.59952923899993,-5.146730472999934],[-79.60111911399991,-5.149980472999914],[-79.60158023899999,-5.153658222999923],[-79.60165036399991,-5.154539097999873],[-79.60381048899995,-5.160419972999932],[-79.60458986399988,-5.161330097999894],[-79.60485936399988,-5.162439472999949],[-79.60496098899995,-5.163439472999926],[-79.60521098899994,-5.163609347999966],[-79.60546098899994,-5.165160097999888],[-79.60468948899995,-5.167240222999965],[-79.60524023899995,-5.169960972999945],[-79.60748048899995,-5.17408984799988],[-79.60800973899995,-5.174958972999946],[-79.61183986399993,-5.178589847999888],[-79.6158496139999,-5.179480472999956],[-79.62061911399991,-5.181779347999907],[-79.62322073899998,-5.187339847999908],[-79.62358198899994,-5.191640597999935],[-79.62469923899988,-5.195240222999871],[-79.62630861399992,-5.197001972999828],[-79.63075973899998,-5.197849597999948],[-79.63516986399992,-5.202900347999957],[-79.63572073899985,-5.205269472999873],[-79.63949998899989,-5.209789097999931],[-79.63949023899988,-5.21106059799996],[-79.64384961399998,-5.213490222999894],[-79.64359961399998,-5.22013084799994],[-79.64447073899998,-5.223660097999925],[-79.64674998899989,-5.224759722999863],[-79.64994923899991,-5.228560598999934],[-79.65174023899988,-5.232140598999933],[-79.65507036399998,-5.23539059899997],[-79.65668948899992,-5.239859348999971],[-79.65893948899992,-5.24189059899993],[-79.65943936399998,-5.243859348999933],[-79.66314061399999,-5.24325972399987],[-79.66659961399995,-5.245310598999936],[-79.6682792389999,-5.248359348999941],[-79.67438086399983,-5.254859348999958],[-79.67719923899995,-5.256689473999927],[-79.68212298899994,-5.258048848999977],[-79.68905273899998,-5.257628848999957],[-79.69449611399989,-5.258050723999929],[-79.69653323899996,-5.251396473999932],[-79.69778711399988,-5.248978473999898],[-79.6981503639999,-5.245126973999902],[-79.70053323899998,-5.239037098999972],[-79.70777348899998,-5.226177722999921],[-79.70951761399994,-5.224812472999872],[-79.71068548899996,-5.224132972999939],[-79.71118748899994,-5.221339847999957],[-79.72003711399992,-5.215253847999975],[-79.71345698899995,-5.213724597999942],[-79.71009761399989,-5.210009722999871],[-79.70310936399989,-5.209810597999933],[-79.70164061399987,-5.204880847999959],[-79.69999023899999,-5.203369222999868],[-79.70164061399987,-5.196679722999875],[-79.7073691139999,-5.189917972999979],[-79.71424023899993,-5.187820347999946],[-79.71885936399991,-5.184509722999962],[-79.72033198899999,-5.182089847999919],[-79.72033198899999,-5.177230472999952],[-79.71758998899998,-5.168720722999979],[-79.71571098899994,-5.16639059799985],[-79.71363086399992,-5.161380847999965],[-79.71257611399989,-5.154265597999881],[-79.71526361399992,-5.148529347999954],[-79.71481636399989,-5.145345722999934],[-79.71298236399991,-5.14250784799998],[-79.71347473899988,-5.138812472999916],[-79.71370111399989,-5.137583972999892],[-79.7132128639999,-5.133494097999971],[-79.71491598899996,-5.126632847999929],[-79.7107128639999,-5.123816347999934],[-79.70730861399988,-5.118134722999969],[-79.70541598899996,-5.117007847999957],[-79.70518548899997,-5.114386722999882],[-79.70325973899998,-5.113128847999917],[-79.70222661399993,-5.112904347999972],[-79.69579298899998,-5.108886722999841],[-79.69049611399998,-5.103171847999931],[-79.68840623899996,-5.098164097999927],[-79.68745698899994,-5.097884722999936],[-79.68315823899997,-5.099615222999944],[-79.68039448899992,-5.103636722999966],[-79.67600973899994,-5.107236347999958],[-79.67362298899991,-5.118181597999978],[-79.67081636399996,-5.123820347999981],[-79.6658242389999,-5.124498097999947],[-79.66319723899989,-5.12622259799997],[-79.66258198899993,-5.128316347999942],[-79.6621542389999,-5.138968722999891],[-79.66249798899992,-5.143371097999818],[-79.6663652389999,-5.148798722999913],[-79.66624023899993,-5.150706972999899],[-79.66433986399994,-5.152744097999971],[-79.66051561399996,-5.150902347999875]]]]},"properties":{"ubigeo":"190308","nombre":"LALAQUIZ"}},{"type":"Feature","geometry":{"type":"MultiPolygon","coordinates":[[[[-79.97797848899995,-5.026499972999886],[-79.98239861399992,-5.032240222999917],[-79.98360336399998,-5.039976722999938],[-79.98573823899994,-5.04153509799994],[-79.98961911399988,-5.046507847999976],[-79.98870898899997,-5.051027347999877],[-79.99089836399997,-5.05277734799995],[-79.9927968639999,-5.056189472999961],[-79.99543948899998,-5.056123097999887],[-79.99949023899995,-5.057531222999955],[-80.00220898899994,-5.059226597999896],[-80.00446098899994,-5.060822222999946],[-80.00505861399989,-5.065490222999927],[-80.0061816139999,-5.068078097999887],[-80.0095156139999,-5.070689472999959],[-80.01156448899997,-5.070908222999947],[-80.0128123639999,-5.07388672299993],[-80.01485736399991,-5.075898472999938],[-80.01493548899998,-5.078496097999903],[-80.01660161399991,-5.079609472999948],[-80.01683198899997,-5.082341847999885],[-80.02134761399992,-5.085396472999946],[-80.02316411399994,-5.088972597999884],[-80.02688673899985,-5.0910488479999],[-80.02890823899997,-5.09052734799991],[-80.03565036399993,-5.093531222999957],[-80.0377207389999,-5.097361347999936],[-80.03873236399994,-5.101785097999937],[-80.04305073899991,-5.103185597999925],[-80.04724611399996,-5.103517597999939],[-80.04957223899987,-5.104650472999879],[-80.0502909889999,-5.106443347999914],[-80.06070698899993,-5.115060597999957],[-80.0600312389999,-5.119697097999961],[-80.06022661399999,-5.124794972999894],[-80.05764848899992,-5.129790972999899],[-80.06068548899992,-5.131816347999973],[-80.06215423899994,-5.134234222999908],[-80.06231836399996,-5.137499972999933],[-80.06555073899995,-5.138708972999893],[-80.06636911399983,-5.141027347999966],[-80.06921098899994,-5.143052847999968],[-80.06927536399996,-5.145894472999942],[-80.0785528639999,-5.148574222999912],[-80.07887886399999,-5.151546847999953],[-80.08165623899993,-5.152917972999944],[-80.08443361399986,-5.156185597999979],[-80.09005073899993,-5.161150347999978],[-80.09252348899997,-5.162236347999851],[-80.09440423899997,-5.159847597999885],[-80.09629886399989,-5.159292972999936],[-80.10194136399991,-5.159300722999944],[-80.10830073899996,-5.161460972999976],[-80.11595698899998,-5.165539097999897],[-80.12099223899997,-5.167314472999976],[-80.12834961399994,-5.165513722999947],[-80.13068748899985,-5.163611347999904],[-80.13251361399995,-5.160193347999893],[-80.14428323899989,-5.170501972999944],[-80.14713286399996,-5.169580097999869],[-80.15342773899994,-5.170822222999959],[-80.15475586399998,-5.174226597999905],[-80.16112111399997,-5.180595722999954],[-80.16926561399998,-5.184845722999967],[-80.17896673899992,-5.194894472999977],[-80.18128511399988,-5.203355472999874],[-80.18271673899994,-5.206341847999965],[-80.18624223899997,-5.207599597999945],[-80.18830273899994,-5.213148472999876],[-80.18879086399988,-5.221665972999858],[-80.1933788639999,-5.230081973999972],[-80.19352736399992,-5.236337848999938],[-80.19480473899995,-5.239154348999932],[-80.19811523899995,-5.242755848999934],[-80.21766598899995,-5.262974598999961],[-80.22128911399994,-5.268115223999928],[-80.22731836399993,-5.27285347399993],[-80.25469536399999,-5.321705098999928],[-80.25967620799997,-5.329977652999958],[-80.33029038599994,-5.284060564999947],[-80.35140520899995,-5.259830736999959],[-80.34934160199998,-5.251095799999973],[-80.34773993199997,-5.246613041999922],[-80.34662767399988,-5.239806457999975],[-80.34665925399997,-5.233203485999923],[-80.35415614999988,-5.234196508999958],[-80.36426490699989,-5.232497915999943],[-80.36264961999984,-5.225975304999963],[-80.3618807449999,-5.218344909999871],[-80.36054081699996,-5.212270997999951],[-80.3599763709999,-5.20728781899993],[-80.35824796799989,-5.203129331999946],[-80.35687023999992,-5.196282726999925],[-80.3561151269999,-5.187569883999856],[-80.35321414699996,-5.176222082999914],[-80.35233241999998,-5.174021436999908],[-80.34970616199996,-5.148083860999918],[-80.35372008499996,-5.140145546999918],[-80.33806836399998,-5.137165972999924],[-80.33673236399994,-5.129695347999927],[-80.33697073999997,-5.128505847999975],[-80.33554298899992,-5.121720723999886],[-80.33173648899992,-5.116964847999952],[-80.32804686399993,-5.113513723999972],[-80.3245976149999,-5.111373097999945],[-80.32031448899988,-5.103283223999938],[-80.31638861399995,-5.099238222999816],[-80.31460348899998,-5.096025348999888],[-80.31032036499988,-5.093050723999966],[-80.30449023899996,-5.093646472999978],[-80.30199236399994,-5.093167973999925],[-80.29544923899994,-5.089005848999875],[-80.2930703639999,-5.085912097999881],[-80.29259373899998,-5.081628847999866],[-80.2905703639999,-5.077228472999934],[-80.28961911499988,-5.071517598999833],[-80.28706048899994,-5.06848247399995],[-80.27867386499997,-5.070564472999934],[-80.27510548899994,-5.070921847999898],[-80.26891798899993,-5.070564472999934],[-80.25416599,-5.069136722999929],[-80.24607423899988,-5.067234347999886],[-80.23905661399994,-5.064853473999904],[-80.2285194889999,-5.05586909799996],[-80.22581636399997,-5.05590822299996],[-80.22227923899999,-5.05354497299993],[-80.22150198899999,-5.05044922299993],[-80.22264861399998,-5.046978472999911],[-80.22455861399993,-5.044224598999961],[-80.22466598899985,-5.042343722999931],[-80.22130661399996,-5.037921847999939],[-80.22072074,-5.033720722999931],[-80.22199998999997,-5.02992772399989],[-80.22798436399995,-5.025712847999955],[-80.22986323899988,-5.025599597999928],[-80.23385936399995,-5.022869097999944],[-80.23444536399995,-5.021222598999941],[-80.23394536399996,-5.017255847999934],[-80.23218961399994,-5.012552722999885],[-80.23474798899986,-5.00872072299984],[-80.23895511399996,-5.005794973999969],[-80.24292186399998,-5.00382022399998],[-80.25137711399998,-5.006964847999939],[-80.25523636399998,-5.007593722999957],[-80.25872836499997,-5.00585147299995],[-80.25896861399997,-5.003771472999972],[-80.25712298999986,-5.002556598999888],[-80.2539354889999,-5.002296972999886],[-80.25142186499994,-5.000431597999921],[-80.2511797389999,-4.998091091999925],[-80.24557092299989,-4.997284241999921],[-80.23741828399989,-4.993303658999935],[-80.23098116499995,-4.991315622999934],[-80.22828913199993,-4.98967171399994],[-80.22540660799984,-4.993134865999878],[-80.22006666799996,-4.994177140999966],[-80.21643864599997,-4.99348197899991],[-80.21120951399996,-4.994437955999956],[-80.20936837599993,-5.001331794999885],[-80.20408855799997,-5.003459599999928],[-80.20045007199985,-5.001234619999934],[-80.19782294999999,-4.996839658999932],[-80.19335394799998,-4.993729837999979],[-80.19215211399984,-4.9912931369999],[-80.1863186519999,-4.986430764999966],[-80.18213931799994,-4.990477384999906],[-80.17611501999994,-4.98809104399993],[-80.17548045299992,-4.983705336999947],[-80.17417252799999,-4.979994009999928],[-80.16791787699992,-4.972207768999965],[-80.16851800799992,-4.969396348999965],[-80.16564061499997,-4.967949222999948],[-80.16291011399994,-4.965240222999967],[-80.16253123899992,-4.961880847999964],[-80.16115036399998,-4.958630722999942],[-80.15766986399996,-4.955060597999875],[-80.15422073899992,-4.953259597999931],[-80.15056048899987,-4.952660097999967],[-80.14358011399997,-4.949710972999924],[-80.14051948899998,-4.946470598999952],[-80.13329090499997,-4.944879273999902],[-80.11618534699994,-4.932710619999909],[-80.11636787499998,-4.930018384999926],[-80.11488186399993,-4.925947776999919],[-80.11470709099996,-4.922776405999969],[-80.1130418169999,-4.918944889999921],[-80.11263017299996,-4.914456880999865],[-80.11054437199994,-4.91235811599995],[-80.1105038639999,-4.913785097999948],[-80.10697261399991,-4.919113223999943],[-80.10684961399994,-4.921220722999976],[-80.10236723899999,-4.926878847999944],[-80.1021386139999,-4.92843747299986],[-80.09780073899998,-4.931732472999897],[-80.09003323899998,-4.931855472999871],[-80.08890423899993,-4.932357472999911],[-80.08305861399998,-4.937763722999932],[-80.07924611399989,-4.940140597999971],[-80.07839061399989,-4.944123097999977],[-80.07998048899998,-4.949203097999941],[-80.08327148899997,-4.953076222999925],[-80.08529098899993,-4.95913472299992],[-80.0879316139999,-4.962833972999931],[-80.09008011399987,-4.96820309799989],[-80.08997661399991,-4.973675847999914],[-80.08756036399996,-4.979892597999878],[-80.08779898899996,-4.98526947299996],[-80.08664061399986,-4.990634722999971],[-80.08665236399986,-4.994824222999966],[-80.08534961399988,-4.999285097999916],[-80.08256236399995,-5.004466847999936],[-80.07960936399985,-5.006162097999947],[-80.07489648899997,-5.006923847999929],[-80.07172073899994,-5.006410097999947],[-80.06744536399998,-5.009052722999968],[-80.06412111399999,-5.012294972999882],[-80.05660348899988,-5.011468722999837],[-80.04960161399998,-5.014232472999879],[-80.04801561399995,-5.01665234799998],[-80.04293161399994,-5.018802722999851],[-80.0388007389999,-5.026359347999971],[-80.03180073899989,-5.024583972999892],[-80.02576948899997,-5.019708972999979],[-80.021990239,-5.018304597999929],[-80.0129238639999,-5.02006059799993],[-80.0100976139999,-5.021423847999927],[-80.0072871139999,-5.020185597999955],[-80.00224611399989,-5.015972597999962],[-79.99784748899998,-5.016466847999936],[-79.99607223899994,-5.017685597999957],[-79.9919726139999,-5.024681597999972],[-79.98942573899996,-5.026214972999924],[-79.98477536399997,-5.025203097999963],[-79.97797848899995,-5.026499972999886]]]]},"properties":{"ubigeo":"190401","nombre":"CHULUCANAS"}},{"type":"Feature","geometry":{"type":"MultiPolygon","coordinates":[[[[-79.80799798899994,-5.229615223999872],[-79.80996873899994,-5.234382848999928],[-79.81226761399995,-5.23453509899997],[-79.81701948899996,-5.237796848999949],[-79.81877348899997,-5.240044973999886],[-79.82091798899995,-5.244722598999942],[-79.82131636399993,-5.248406223999893],[-79.82426173899984,-5.254628848999971],[-79.82500586399993,-5.261402348999979],[-79.82577348899997,-5.262679723999952],[-79.82793373899989,-5.262863223999943],[-79.83561723899999,-5.265845723999917],[-79.84162886399997,-5.265492223999956],[-79.84612298899998,-5.267361348999884],[-79.8552499889999,-5.267755848999968],[-79.85849023899993,-5.26610347399992],[-79.86159961399994,-5.266831973999899],[-79.86619336399997,-5.264484348999872],[-79.87062698899996,-5.270998098999883],[-79.8803828639999,-5.279464848999851],[-79.88597261399997,-5.28006059899991],[-79.89391011399988,-5.283533223999939],[-79.89728336399992,-5.28564847399997],[-79.90054498899997,-5.292415973999937],[-79.90238673899995,-5.293880848999891],[-79.90809573899998,-5.294181598999899],[-79.91113861399992,-5.296265598999923],[-79.90862698899997,-5.302085973999965],[-79.90935348899995,-5.314619098999913],[-79.907898489,-5.31851947399997],[-79.9060468639999,-5.320736348999958],[-79.90204486399989,-5.328937473999872],[-79.8984746139999,-5.33353509899996],[-79.89923448899998,-5.340017598999964],[-79.90181248899995,-5.340414098999929],[-79.90568161399989,-5.339818348999927],[-79.90743548899997,-5.343027348999954],[-79.9107753639999,-5.343753848999938],[-79.91246098899995,-5.346136723999905],[-79.92301173899989,-5.355956973999923],[-79.9224823639999,-5.360123098999964],[-79.92578911399994,-5.361181598999963],[-79.92999023899989,-5.364554723999959],[-79.9317089889999,-5.3685235989999],[-79.93683398899998,-5.371169848999955],[-79.9386874889999,-5.375138723999953],[-79.9386659889999,-5.379173848999869],[-79.94052923899989,-5.379017598999894],[-79.94302923899988,-5.376810598999896],[-79.94982811399996,-5.375648473999945],[-79.95354886399997,-5.369021473999965],[-79.95529298899993,-5.367626973999961],[-79.9584882389999,-5.362978473999931],[-79.95901173899995,-5.360187348999943],[-79.95796486399996,-5.358675723999909],[-79.95814061399994,-5.355421848999981],[-79.96005848899989,-5.350074223999911],[-79.9618007389999,-5.349087848999943],[-79.96842773899994,-5.348156223999922],[-79.97245111399997,-5.345376973999919],[-79.97309173899993,-5.342216848999954],[-79.97208786399983,-5.339498098999968],[-79.97276361399997,-5.336794973999872],[-79.97569136399989,-5.335544973999902],[-79.97825586399989,-5.331990223999981],[-79.98133023899999,-5.329558598999938],[-79.9866191139999,-5.319677723999973],[-79.98929298899998,-5.316076223999971],[-79.98820511399987,-5.309162098999934],[-79.98969923899995,-5.306310473999929],[-79.99271498899998,-5.303392598999892],[-79.99414061399989,-5.299218723999957],[-79.9986503639999,-5.297593723999967],[-80.00114848899995,-5.293990348999898],[-80.00696098899982,-5.283527348999883],[-80.0109121139999,-5.277251973999967],[-80.01283011399994,-5.276322223999955],[-80.01067973899995,-5.270103473999939],[-80.01044723899997,-5.264232473999925],[-80.0078906139999,-5.262082098999883],[-80.00521673899993,-5.256910098999981],[-80.00475198899994,-5.251621098999976],[-79.9983593639999,-5.24470509899993],[-79.99841598899997,-5.24005472399989],[-79.99923048899996,-5.236451223999893],[-80.00236911399992,-5.232152348999932],[-80.0039961139999,-5.228896473999896],[-80.00608786399988,-5.226746097999978],[-80.01073823899998,-5.226337847999957],[-80.01701561399994,-5.225001972999905],[-80.01864261399993,-5.223201222999876],[-80.02090998899996,-5.218492222999885],[-80.02102536399991,-5.215179722999892],[-80.0175956139999,-5.209540972999889],[-80.01711911399991,-5.20724222299998],[-80.01647848899995,-5.209378847999915],[-80.01761323899996,-5.212265597999931],[-80.01737498899996,-5.215820347999966],[-80.00507036399989,-5.216359347999969],[-80.00221098899993,-5.219169972999907],[-79.99854886399993,-5.219460972999912],[-79.99581048899995,-5.218650347999926],[-79.99447073899995,-5.216619097999967],[-79.99091011399986,-5.21724809799997],[-79.98913086399989,-5.218429722999872],[-79.98599023899999,-5.215929597999946],[-79.97985936399988,-5.214410097999973],[-79.97631248899995,-5.215460972999892],[-79.97284961399998,-5.215470722999896],[-79.96874023899994,-5.213419972999873],[-79.96490036399996,-5.213499972999898],[-79.96359961399997,-5.214769472999876],[-79.95959961399996,-5.213509722999845],[-79.95921098899993,-5.210880847999931],[-79.95371098899994,-5.210060597999927],[-79.9492499889999,-5.202589847999946],[-79.94631048899998,-5.201499972999954],[-79.94292973899991,-5.198339847999932],[-79.93828911399999,-5.198019472999817],[-79.93373048899986,-5.195689472999959],[-79.930199239,-5.19574809799991],[-79.92457036399998,-5.192740222999817],[-79.92235936399993,-5.192429722999975],[-79.90922073899998,-5.186720597999908],[-79.9074003639999,-5.183429722999961],[-79.90440036399991,-5.18281059799989],[-79.89600973899996,-5.185230472999933],[-79.89094936399994,-5.189019347999874],[-79.88964261399991,-5.191498097999954],[-79.88894923899994,-5.196789097999954],[-79.88775786399987,-5.19804497299998],[-79.88342573899996,-5.199962847999927],[-79.87935736399999,-5.200644347999912],[-79.87565423899991,-5.200081972999953],[-79.87102536399988,-5.200644347999912],[-79.86927148899991,-5.201603472999977],[-79.86132223899989,-5.203255847999912],[-79.85558011399996,-5.202675597999928],[-79.85161148899994,-5.20495697299998],[-79.84331048899998,-5.205683597999951],[-79.83788861399995,-5.20839647299988],[-79.83286136399994,-5.209818347999942],[-79.82800198899997,-5.211869097999966],[-79.82409761399992,-5.216333972999905],[-79.81298636399993,-5.225791097999945],[-79.8103066139999,-5.227015598999969],[-79.80799798899994,-5.229615223999872]]]]},"properties":{"ubigeo":"190402","nombre":"BUENOS AIRES"}},{"type":"Feature","geometry":{"type":"MultiPolygon","coordinates":[[[[-79.70596498899982,-5.066556597999977],[-79.70991598899997,-5.071167972999945],[-79.7124453639999,-5.073203097999908],[-79.71568548899995,-5.078146472999947],[-79.72531248899998,-5.082085972999948],[-79.72658011399994,-5.08319534799989],[-79.73156823899996,-5.081214847999888],[-79.73885548899989,-5.08137297299993],[-79.74716798899988,-5.083706972999948],[-79.75231836399996,-5.08707622299994],[-79.75573236399998,-5.0915780979999],[-79.76365236399994,-5.095308597999917],[-79.76258598899994,-5.098529472999871],[-79.76718961399985,-5.102929722999875],[-79.77334761399999,-5.103369097999916],[-79.77745298899993,-5.106816222999953],[-79.78120898899994,-5.112919972999975],[-79.78311323899993,-5.117417972999874],[-79.7882753639999,-5.122939472999917],[-79.79233598899998,-5.12536122299997],[-79.79487686399989,-5.125335972999892],[-79.79465236399989,-5.132783222999933],[-79.79680661399988,-5.136456972999895],[-79.80096873899998,-5.139320347999956],[-79.80692573899995,-5.144162097999981],[-79.81804886399993,-5.142787097999815],[-79.82334173899994,-5.143462847999956],[-79.8314999889999,-5.145138722999945],[-79.83327348899991,-5.148546847999967],[-79.83576548899998,-5.150898472999927],[-79.83879486399996,-5.15229297299993],[-79.8402089889999,-5.154146472999912],[-79.84377736399995,-5.15596084799995],[-79.84338098899991,-5.151101597999968],[-79.84407036399995,-5.147679722999953],[-79.84672086399996,-5.139410097999928],[-79.84882036399995,-5.137359347999961],[-79.8524609889999,-5.135968722999905],[-79.8499492389999,-5.133970722999891],[-79.84932036399994,-5.130080097999951],[-79.8427304889999,-5.127470722999874],[-79.83663086399997,-5.126460972999894],[-79.83516011399996,-5.127320347999955],[-79.82952923899995,-5.124220722999894],[-79.82667973899999,-5.120910097999968],[-79.82474023899988,-5.12032034799995],[-79.81988086399991,-5.114779347999956],[-79.82302923899982,-5.109080097999936],[-79.82308198899995,-5.10591997299997],[-79.82551948899999,-5.102990222999949],[-79.82547073899997,-5.101509722999822],[-79.82903511399996,-5.097119097999894],[-79.83350973899996,-5.090359347999936],[-79.83233011399994,-5.086269472999959],[-79.83285548899988,-5.08027934799992],[-79.83183586399991,-5.07827934799991],[-79.83209961399996,-5.073828097999979],[-79.82964848899985,-5.066810597999904],[-79.83621286399995,-5.066810597999904],[-79.84081461399995,-5.069679722999979],[-79.84345511399994,-5.073037097999872],[-79.84628511399995,-5.072320347999892],[-79.84892573899987,-5.072734347999869],[-79.85484961399999,-5.072320347999892],[-79.85853911399994,-5.070939472999953],[-79.86652923899993,-5.071759722999957],[-79.86938086399988,-5.071480472999951],[-79.87405073899993,-5.072109347999856],[-79.87952923899996,-5.073529347999909],[-79.88315036399985,-5.071179722999943],[-79.88151948899997,-5.07033984799989],[-79.8806308639999,-5.067560597999886],[-79.8783808639999,-5.065029347999882],[-79.87690036399988,-5.061990222999952],[-79.87334961399984,-5.059140597999885],[-79.87069923899992,-5.05477934799984],[-79.8652792389999,-5.053949222999961],[-79.85985936399999,-5.050439472999926],[-79.85260936399999,-5.047849597999971],[-79.85059961399998,-5.04544722299994],[-79.84801948899991,-5.045570347999956],[-79.84366011399999,-5.041089847999956],[-79.83926948899989,-5.040779222999902],[-79.83616986399994,-5.035699222999881],[-79.83252923899988,-5.033359347999976],[-79.83208986399995,-5.029960972999902],[-79.82953911399994,-5.024890597999956],[-79.82783986399994,-5.022999972999855],[-79.82433986399997,-5.022900347999951],[-79.8197303639999,-5.021460972999876],[-79.81771098899998,-5.017007847999935],[-79.81732036399995,-5.014470722999874],[-79.81522073899998,-5.011859347999916],[-79.81438673899999,-5.008962847999953],[-79.81110161399994,-5.006669972999873],[-79.8063573639999,-5.006540972999971],[-79.80261723899997,-5.00427734799996],[-79.8016601139999,-5.000927722999961],[-79.79431461399992,-4.992595847999951],[-79.78848436399988,-4.990822222999952],[-79.78348636399988,-4.996599597999932],[-79.77522073899996,-5.000955097999906],[-79.77252736399998,-5.004017597999962],[-79.77035348899994,-5.009453097999938],[-79.76400198899995,-5.016107472999977],[-79.76327536399998,-5.018439472999887],[-79.75463286399997,-5.024835972999881],[-79.75075386399999,-5.025216847999957],[-79.74830273899988,-5.024326222999889],[-79.74405273899998,-5.024796847999937],[-79.73867186399997,-5.022841847999928],[-79.73236923899998,-5.018072222999876],[-79.72928511399994,-5.022146472999907],[-79.72886323899996,-5.026865222999902],[-79.72952348899997,-5.029499972999872],[-79.72924998899998,-5.035052722999922],[-79.73093948899998,-5.03974022299991],[-79.73120698899999,-5.045085972999914],[-79.72945523899989,-5.050744097999939],[-79.72527536399991,-5.056804722999971],[-79.72144923899998,-5.05624222299997],[-79.71347848899995,-5.060230472999933],[-79.71011323899995,-5.064574222999966],[-79.70596498899982,-5.066556597999977]]]]},"properties":{"ubigeo":"190403","nombre":"CHALACO"}},{"type":"Feature","geometry":{"type":"MultiPolygon","coordinates":[[[[-79.92608986399995,-5.148099597999874],[-79.92859173899996,-5.15551759799996],[-79.92583398899984,-5.159976597999901],[-79.91999611399996,-5.162654347999876],[-79.914810489,-5.165878847999977],[-79.9179686139999,-5.167113222999944],[-79.92210348899988,-5.171980472999962],[-79.92429298899998,-5.173115222999968],[-79.92534961399997,-5.178142597999909],[-79.92841411399996,-5.183027347999882],[-79.92870898899997,-5.187714847999928],[-79.92782423899985,-5.189287097999909],[-79.930199239,-5.19574809799991],[-79.93373048899986,-5.195689472999959],[-79.93828911399999,-5.198019472999817],[-79.94292973899991,-5.198339847999932],[-79.94631048899998,-5.201499972999954],[-79.9492499889999,-5.202589847999946],[-79.95371098899994,-5.210060597999927],[-79.95921098899993,-5.210880847999931],[-79.95959961399996,-5.213509722999845],[-79.96359961399997,-5.214769472999876],[-79.96490036399996,-5.213499972999898],[-79.96874023899994,-5.213419972999873],[-79.97284961399998,-5.215470722999896],[-79.97631248899995,-5.215460972999892],[-79.97985936399988,-5.214410097999973],[-79.98599023899999,-5.215929597999946],[-79.98913086399989,-5.218429722999872],[-79.99091011399986,-5.21724809799997],[-79.99447073899995,-5.216619097999967],[-79.99581048899995,-5.218650347999926],[-79.99854886399993,-5.219460972999912],[-80.00221098899993,-5.219169972999907],[-80.00507036399989,-5.216359347999969],[-80.01737498899996,-5.215820347999966],[-80.01761323899996,-5.212265597999931],[-80.01647848899995,-5.209378847999915],[-80.01711911399991,-5.20724222299998],[-80.02015423899996,-5.205199222999966],[-80.02139448899999,-5.201728472999946],[-80.01877161399995,-5.200906222999947],[-80.01806836399993,-5.199281097999915],[-80.02286911399995,-5.193519472999981],[-80.02500386399993,-5.188738222999973],[-80.03138473899998,-5.182921847999921],[-80.03266411399994,-5.18019134799988],[-80.03539461399998,-5.178273472999933],[-80.03861136399996,-5.177882847999911],[-80.04376561399994,-5.18054497299994],[-80.04678511399999,-5.178738222999925],[-80.0510917389999,-5.179863222999927],[-80.05551173899994,-5.174910097999884],[-80.0583632389999,-5.173800722999943],[-80.06171486399995,-5.174400472999935],[-80.06596286399997,-5.176902347999885],[-80.06721098899993,-5.178417972999966],[-80.07184173899992,-5.18122659799991],[-80.07658598899997,-5.18123822299998],[-80.07721673899994,-5.178853472999947],[-80.07694536399998,-5.174232472999961],[-80.07956048899996,-5.173031222999953],[-80.08449411399988,-5.173449222999977],[-80.08699023899999,-5.173042972999951],[-80.08963473899996,-5.168962847999978],[-80.09094136399989,-5.164003847999879],[-80.09252348899997,-5.162236347999851],[-80.09005073899993,-5.161150347999978],[-80.08443361399986,-5.156185597999979],[-80.08165623899993,-5.152917972999944],[-80.07887886399999,-5.151546847999953],[-80.0785528639999,-5.148574222999912],[-80.06927536399996,-5.145894472999942],[-80.06921098899994,-5.143052847999968],[-80.06636911399983,-5.141027347999966],[-80.06555073899995,-5.138708972999893],[-80.06231836399996,-5.137499972999933],[-80.06215423899994,-5.134234222999908],[-80.06068548899992,-5.131816347999973],[-80.05764848899992,-5.129790972999899],[-80.06022661399999,-5.124794972999894],[-80.0600312389999,-5.119697097999961],[-80.06070698899993,-5.115060597999957],[-80.0502909889999,-5.106443347999914],[-80.04957223899987,-5.104650472999879],[-80.04724611399996,-5.103517597999939],[-80.04305073899991,-5.103185597999925],[-80.03873236399994,-5.101785097999937],[-80.0377207389999,-5.097361347999936],[-80.03565036399993,-5.093531222999957],[-80.02890823899997,-5.09052734799991],[-80.02688673899985,-5.0910488479999],[-80.02316411399994,-5.088972597999884],[-80.02134761399992,-5.085396472999946],[-80.01683198899997,-5.082341847999885],[-80.01660161399991,-5.079609472999948],[-80.01493548899998,-5.078496097999903],[-80.01485736399991,-5.075898472999938],[-80.0128123639999,-5.07388672299993],[-80.01156448899997,-5.070908222999947],[-80.0095156139999,-5.070689472999959],[-80.0061816139999,-5.068078097999887],[-80.00505861399989,-5.065490222999927],[-80.00446098899994,-5.060822222999946],[-80.00220898899994,-5.059226597999896],[-79.99962886399987,-5.065744097999868],[-79.99768548899993,-5.066960972999937],[-79.99630661399988,-5.069474597999886],[-79.99817186399991,-5.075476597999909],[-79.99995511399993,-5.077665972999966],[-80.0014961139999,-5.081720847999918],[-80.00109173899995,-5.085531222999975],[-79.99962886399987,-5.088044972999967],[-79.99876361399987,-5.092126972999949],[-80.00306048899995,-5.101609347999954],[-79.99608011399988,-5.104759722999972],[-79.98766011399988,-5.102109347999942],[-79.98418961399989,-5.101759722999873],[-79.98090036399998,-5.098740222999822],[-79.97496098899995,-5.105091847999972],[-79.97506048899993,-5.108968722999975],[-79.97295111399995,-5.114402347999942],[-79.96848823899995,-5.118781222999871],[-79.96070511399995,-5.120240222999882],[-79.9532442389999,-5.120970722999914],[-79.9512167389999,-5.122753847999945],[-79.94675586399995,-5.123160097999971],[-79.93994536399998,-5.120646472999908],[-79.93751173899989,-5.118535097999938],[-79.9330507389999,-5.12080859799994],[-79.93069923899998,-5.12664647299988],[-79.93029486399996,-5.129972597999938],[-79.92867186399997,-5.131269472999918],[-79.92810736399991,-5.134351597999967],[-79.92518548899983,-5.137027347999947],[-79.92202348899997,-5.142867222999939],[-79.92608986399995,-5.148099597999874]]]]},"properties":{"ubigeo":"190404","nombre":"MORROPON"}},{"type":"Feature","geometry":{"type":"MultiPolygon","coordinates":[[[[-79.73198636399997,-5.377044973999944],[-79.73302536399996,-5.378980473999945],[-79.73713086399994,-5.379423848999977],[-79.74035736399998,-5.380933598999889],[-79.74410348899988,-5.386460973999931],[-79.74605073899988,-5.391257848999885],[-79.74981636399997,-5.393589848999909],[-79.75884173899988,-5.400097598999878],[-79.7640312389999,-5.402507848999903],[-79.76482423899995,-5.403783223999937],[-79.76414848899992,-5.40949209899992],[-79.76500386399994,-5.410841848999951],[-79.76572261399997,-5.411740223999971],[-79.76774611399998,-5.416328098999941],[-79.76730273899994,-5.420761723999874],[-79.76858986399998,-5.425029348999942],[-79.76566986399996,-5.430449223999858],[-79.76450973899989,-5.431119098999943],[-79.76403911399996,-5.435160098999972],[-79.76080073899993,-5.438048848999927],[-79.76037886399996,-5.44009959899995],[-79.75596873899991,-5.443496098999958],[-79.7517284889999,-5.444755848999932],[-79.74998636399994,-5.446435598999813],[-79.74047461399994,-5.446812473999898],[-79.73749411399996,-5.444943348999971],[-79.73283198899998,-5.444357473999901],[-79.72903123899988,-5.447611348999942],[-79.72632423899984,-5.44872259899995],[-79.72256636399993,-5.452986348999957],[-79.71567973899982,-5.456029348999948],[-79.71059961399993,-5.456007848999946],[-79.70190823899998,-5.457394473999898],[-79.69993361399992,-5.457099598999946],[-79.6970586139999,-5.458486348999827],[-79.69103123899998,-5.459031223999943],[-79.6864766139999,-5.461929723999958],[-79.67776361399996,-5.464490348999902],[-79.6730194889999,-5.467871098999979],[-79.67215823899994,-5.46952934899997],[-79.66898823899993,-5.471607473999939],[-79.66409573899995,-5.471544848999883],[-79.66037886399994,-5.472238223999966],[-79.65645311399999,-5.470076223999968],[-79.65473236399998,-5.470095723999975],[-79.64983986399994,-5.473414098999854],[-79.64543161399996,-5.474546848999978],[-79.64385923899988,-5.475744098999883],[-79.64400386399996,-5.478871098999889],[-79.64253323899999,-5.485191348999876],[-79.64547261399997,-5.487081973999977],[-79.64750973899999,-5.489515598999901],[-79.65173048899987,-5.50051759899992],[-79.64956636399995,-5.503540973999975],[-79.6487909889999,-5.506228473999954],[-79.64921098899993,-5.514374973999963],[-79.65000786399997,-5.516369098999917],[-79.64981848899993,-5.520607473999974],[-79.65090036399994,-5.522710973999892],[-79.65516011399995,-5.522789098999965],[-79.65884961399996,-5.52492972399989],[-79.65899023899993,-5.527449223999895],[-79.66113086399997,-5.5316797239999],[-79.6630097389999,-5.532400348999943],[-79.6669394889999,-5.531380973999887],[-79.66956048899993,-5.528630848999967],[-79.672380864,-5.528240223999887],[-79.67676948899992,-5.528820348999943],[-79.68160936399988,-5.530980348999947],[-79.68458011399997,-5.52919922399991],[-79.68433986399998,-5.524699348999945],[-79.68658998899997,-5.521210973999871],[-79.68909961399999,-5.52031059899997],[-79.69274023899999,-5.51518947399984],[-79.6968203639999,-5.512070348999941],[-79.70052923899993,-5.507349598999951],[-79.70658398899997,-5.5017753489999],[-79.71093548899995,-5.500078098999893],[-79.7135176139999,-5.496884723999926],[-79.7151503639999,-5.491029348999916],[-79.71733011399994,-5.48553909899988],[-79.72000973899998,-5.482999973999938],[-79.72513086399994,-5.479439473999946],[-79.72734961399993,-5.475140598999872],[-79.73014648899988,-5.47530272399996],[-79.73004098899997,-5.482777348999889],[-79.73108986399996,-5.486093723999943],[-79.73489448899988,-5.493154348999894],[-79.73478323899985,-5.500466848999906],[-79.73738086399993,-5.50900197399983],[-79.74187698899988,-5.515773598999942],[-79.74681836399998,-5.51773822399997],[-79.74918361399983,-5.519617223999887],[-79.75011136399996,-5.523218723999889],[-79.75282036399994,-5.52689259899995],[-79.75707223899991,-5.53075784899994],[-79.75704686399996,-5.538935598999956],[-79.75986523899991,-5.542724598999939],[-79.76506836399994,-5.545300723999901],[-79.76696098899993,-5.548160098999972],[-79.77323436399996,-5.553929723999943],[-79.77432423899995,-5.557164098999976],[-79.77704686399989,-5.56191597399993],[-79.78373823899994,-5.562115223999911],[-79.78759761399988,-5.563191348999965],[-79.79004686399998,-5.562189473999922],[-79.80040236399992,-5.562152348999973],[-79.80207223899998,-5.565900348999833],[-79.80222073899995,-5.568126848999952],[-79.80771486399993,-5.572062473999949],[-79.81034973899983,-5.574697223999976],[-79.82081636399994,-5.589988098999868],[-79.82482423899984,-5.593589848999898],[-79.82883398899997,-5.599972598999898],[-79.8310234889999,-5.601494098999922],[-79.83273048899997,-5.606095723999829],[-79.83202536399995,-5.611812473999976],[-79.83596486399995,-5.620818348999933],[-79.8376659889999,-5.626212848999955],[-79.83943748899998,-5.630027348999931],[-79.8410214889999,-5.628361348999931],[-79.84310348899999,-5.623390598999947],[-79.84470511399996,-5.617865223999843],[-79.84894123899988,-5.61091797399996],[-79.85233986399999,-5.603581973999951],[-79.85380661399995,-5.599105473999941],[-79.85268173899993,-5.595099598999923],[-79.85455473899992,-5.590894473999981],[-79.85758598899992,-5.587494098999912],[-79.8601384889999,-5.575290973999927],[-79.85844336399998,-5.571347598999978],[-79.86094723899993,-5.566734348999887],[-79.86441986399996,-5.563419973999942],[-79.86456448899992,-5.557800723999947],[-79.86271486399994,-5.553199223999911],[-79.86409573899994,-5.548683598999958],[-79.8614062389999,-5.543562473999884],[-79.86172261399997,-5.541712848999964],[-79.85869723899992,-5.538921848999962],[-79.85627536399994,-5.534455098999956],[-79.85398636399998,-5.531818348999934],[-79.8544042389999,-5.529855473999874],[-79.85889261399996,-5.525960973999872],[-79.86231248899992,-5.521287098999949],[-79.86736523899992,-5.520634723999876],[-79.86944723899995,-5.519226598999978],[-79.87058586399996,-5.516302723999956],[-79.87366211399996,-5.512642598999946],[-79.87750586399989,-5.509636723999961],[-79.87727348899995,-5.50764847399995],[-79.87860936399989,-5.503433598999948],[-79.87902736399997,-5.499273473999949],[-79.88265036399997,-5.494081973999926],[-79.88838086399988,-5.489267598999902],[-79.89536323899995,-5.482132848999868],[-79.89835173899996,-5.48038672399997],[-79.9018398639999,-5.48131447399993],[-79.9012968639999,-5.485394473999975],[-79.90305486399996,-5.49144922399995],[-79.90484586399992,-5.493414098999892],[-79.90688673899996,-5.493414098999892],[-79.91386523899996,-5.497718723999981],[-79.91698236399992,-5.498720723999952],[-79.92136311399992,-5.502173848999917],[-79.92273636399995,-5.504808598999944],[-79.92897073899985,-5.506292973999962],[-79.93246098899988,-5.505367223999826],[-79.93394336399996,-5.510992223999835],[-79.93638098899993,-5.515037098999926],[-79.93873636399996,-5.516664098999968],[-79.94210936399998,-5.516462848999936],[-79.9458729889999,-5.514996098999916],[-79.94872673899994,-5.511414098999921],[-79.9543047389999,-5.508392598999933],[-79.95645511399994,-5.506357473999969],[-79.95651361399996,-5.494966848999923],[-79.95564061399995,-5.490433598999914],[-79.95744336399997,-5.48787697399996],[-79.95721098899992,-5.485376973999962],[-79.95564061399995,-5.482064473999969],[-79.9520957389999,-5.479331973999933],[-79.94650986399995,-5.473890598999844],[-79.94563286399995,-5.467109473999926],[-79.94250586399994,-5.458581973999912],[-79.94221486399994,-5.452656223999895],[-79.94332036399999,-5.449052723999898],[-79.94349411399998,-5.444578098999955],[-79.94663286399998,-5.440218723999919],[-79.94762111399996,-5.43690622399987],[-79.94744336399998,-5.430396473999906],[-79.94145886399997,-5.425804723999875],[-79.9436874889999,-5.419382848999931],[-79.94332036399999,-5.413017598999943],[-79.94250586399994,-5.41133197399995],[-79.94047261399999,-5.400347598999929],[-79.93936723899992,-5.389771473999929],[-79.93727536399996,-5.385003848999872],[-79.93715823899998,-5.383144473999948],[-79.9386659889999,-5.379173848999869],[-79.9386874889999,-5.375138723999953],[-79.93683398899998,-5.371169848999955],[-79.9317089889999,-5.3685235989999],[-79.92999023899989,-5.364554723999959],[-79.92578911399994,-5.361181598999963],[-79.9224823639999,-5.360123098999964],[-79.92301173899989,-5.355956973999923],[-79.91246098899995,-5.346136723999905],[-79.9107753639999,-5.343753848999938],[-79.90743548899997,-5.343027348999954],[-79.90568161399989,-5.339818348999927],[-79.90181248899995,-5.340414098999929],[-79.89923448899998,-5.340017598999964],[-79.8984746139999,-5.33353509899996],[-79.90204486399989,-5.328937473999872],[-79.9060468639999,-5.320736348999958],[-79.907898489,-5.31851947399997],[-79.90935348899995,-5.314619098999913],[-79.90862698899997,-5.302085973999965],[-79.91113861399992,-5.296265598999923],[-79.90809573899998,-5.294181598999899],[-79.90238673899995,-5.293880848999891],[-79.90054498899997,-5.292415973999937],[-79.89728336399992,-5.28564847399997],[-79.89391011399988,-5.283533223999939],[-79.88597261399997,-5.28006059899991],[-79.8803828639999,-5.279464848999851],[-79.87062698899996,-5.270998098999883],[-79.86619336399997,-5.264484348999872],[-79.86159961399994,-5.266831973999899],[-79.85849023899993,-5.26610347399992],[-79.8552499889999,-5.267755848999968],[-79.84612298899998,-5.267361348999884],[-79.84162886399997,-5.265492223999956],[-79.83561723899999,-5.265845723999917],[-79.82793373899989,-5.262863223999943],[-79.82577348899997,-5.262679723999952],[-79.82772061399993,-5.267023473999927],[-79.82858198899999,-5.273630848999971],[-79.82835548899999,-5.276148473999967],[-79.82966411399997,-5.281771473999925],[-79.829773489,-5.286701223999955],[-79.82531248899988,-5.289156223999953],[-79.82133011399992,-5.289941348999889],[-79.81926761399995,-5.291644473999952],[-79.81851561399992,-5.297472598999889],[-79.81727736399995,-5.301281223999979],[-79.81562298899996,-5.30373434899991],[-79.81709373899997,-5.308757848999903],[-79.81857611399994,-5.309886723999966],[-79.81695698899995,-5.31571484899996],[-79.81624611399991,-5.320373098999937],[-79.81407611399993,-5.32342972399988],[-79.80991798899998,-5.326167973999873],[-79.80671661399998,-5.329331973999842],[-79.80269923899994,-5.335802723999905],[-79.79627923899994,-5.338525348999951],[-79.7941503639999,-5.340660098999933],[-79.78748236399997,-5.341800848999981],[-79.78308598899997,-5.340835973999901],[-79.78072848899996,-5.342951223999933],[-79.77589261399999,-5.345259723999902],[-79.77230073899995,-5.345900348999976],[-79.76727736399982,-5.344658223999886],[-79.76519136399997,-5.344974598999954],[-79.76188473899992,-5.34984572399992],[-79.75989448899992,-5.355736348999869],[-79.75993548899993,-5.360293098999875],[-79.75569911399998,-5.361007848999975],[-79.75185936399998,-5.360228473999939],[-79.74856836399994,-5.361863223999933],[-79.74684373899998,-5.36441597399994],[-79.7461347389999,-5.36726772399993],[-79.74151173899986,-5.368867223999928],[-79.73382223899989,-5.373347598999885],[-79.73198636399997,-5.377044973999944]]]]},"properties":{"ubigeo":"190405","nombre":"SALITRAL"}},{"type":"Feature","geometry":{"type":"MultiPolygon","coordinates":[[[[-79.8524609889999,-5.135968722999905],[-79.85841986399998,-5.139679722999915],[-79.86303911399995,-5.146109347999868],[-79.86745911399998,-5.150187472999903],[-79.86891011399996,-5.152900347999946],[-79.87194911399996,-5.155249972999911],[-79.87248048899994,-5.159408097999972],[-79.87580073899994,-5.163679722999973],[-79.88185936399998,-5.168330097999899],[-79.88353911399986,-5.171039097999881],[-79.88440036399999,-5.176199222999969],[-79.88383986399998,-5.179900347999876],[-79.88657036399991,-5.18624022299997],[-79.89094936399994,-5.189019347999874],[-79.89600973899996,-5.185230472999933],[-79.90440036399991,-5.18281059799989],[-79.9074003639999,-5.183429722999961],[-79.90922073899998,-5.186720597999908],[-79.92235936399993,-5.192429722999975],[-79.92457036399998,-5.192740222999817],[-79.930199239,-5.19574809799991],[-79.92782423899985,-5.189287097999909],[-79.92870898899997,-5.187714847999928],[-79.92841411399996,-5.183027347999882],[-79.92534961399997,-5.178142597999909],[-79.92429298899998,-5.173115222999968],[-79.92210348899988,-5.171980472999962],[-79.9179686139999,-5.167113222999944],[-79.914810489,-5.165878847999977],[-79.91999611399996,-5.162654347999876],[-79.92583398899984,-5.159976597999901],[-79.92859173899996,-5.15551759799996],[-79.92608986399995,-5.148099597999874],[-79.92391986399991,-5.149720722999916],[-79.92127923899994,-5.149679847999892],[-79.91746873899996,-5.14756059799987],[-79.91296098899983,-5.145949222999946],[-79.91089061399992,-5.141300722999915],[-79.91123048899982,-5.138999972999898],[-79.90947073899997,-5.133859472999916],[-79.90683011399994,-5.130689472999904],[-79.90648048899999,-5.126710972999888],[-79.9046191139999,-5.123830097999928],[-79.9004101139999,-5.119919972999867],[-79.89666011399999,-5.11901947299998],[-79.89380073899997,-5.115480472999877],[-79.89553911399992,-5.110279347999949],[-79.89366986399989,-5.108990222999978],[-79.89428923899999,-5.106160097999918],[-79.89233973899996,-5.105769472999953],[-79.89083986399999,-5.101140597999915],[-79.89167973899998,-5.099118972999975],[-79.88915036399999,-5.098230472999944],[-79.88947073899999,-5.095609347999925],[-79.88819923899996,-5.093269472999964],[-79.8873496139999,-5.086339847999909],[-79.8884101139999,-5.081939472999977],[-79.88618948899995,-5.074009722999961],[-79.88315036399985,-5.071179722999943],[-79.87952923899996,-5.073529347999909],[-79.87405073899993,-5.072109347999856],[-79.86938086399988,-5.071480472999951],[-79.86652923899993,-5.071759722999957],[-79.85853911399994,-5.070939472999953],[-79.85484961399999,-5.072320347999892],[-79.84892573899987,-5.072734347999869],[-79.84628511399995,-5.072320347999892],[-79.84345511399994,-5.073037097999872],[-79.84081461399995,-5.069679722999979],[-79.83621286399995,-5.066810597999904],[-79.82964848899985,-5.066810597999904],[-79.83209961399996,-5.073828097999979],[-79.83183586399991,-5.07827934799991],[-79.83285548899988,-5.08027934799992],[-79.83233011399994,-5.086269472999959],[-79.83350973899996,-5.090359347999936],[-79.82903511399996,-5.097119097999894],[-79.82547073899997,-5.101509722999822],[-79.82551948899999,-5.102990222999949],[-79.82308198899995,-5.10591997299997],[-79.82302923899982,-5.109080097999936],[-79.81988086399991,-5.114779347999956],[-79.82474023899988,-5.12032034799995],[-79.82667973899999,-5.120910097999968],[-79.82952923899995,-5.124220722999894],[-79.83516011399996,-5.127320347999955],[-79.83663086399997,-5.126460972999894],[-79.8427304889999,-5.127470722999874],[-79.84932036399994,-5.130080097999951],[-79.8499492389999,-5.133970722999891],[-79.8524609889999,-5.135968722999905]]]]},"properties":{"ubigeo":"190406","nombre":"SANTA CATALINA DE MOSSA"}},{"type":"Feature","geometry":{"type":"MultiPolygon","coordinates":[[[[-79.79431461399992,-4.992595847999951],[-79.8016601139999,-5.000927722999961],[-79.80261723899997,-5.00427734799996],[-79.8063573639999,-5.006540972999971],[-79.81110161399994,-5.006669972999873],[-79.81438673899999,-5.008962847999953],[-79.81522073899998,-5.011859347999916],[-79.81732036399995,-5.014470722999874],[-79.81771098899998,-5.017007847999935],[-79.8197303639999,-5.021460972999876],[-79.82433986399997,-5.022900347999951],[-79.82783986399994,-5.022999972999855],[-79.82953911399994,-5.024890597999956],[-79.83208986399995,-5.029960972999902],[-79.83252923899988,-5.033359347999976],[-79.83616986399994,-5.035699222999881],[-79.83926948899989,-5.040779222999902],[-79.84366011399999,-5.041089847999956],[-79.84801948899991,-5.045570347999956],[-79.85059961399998,-5.04544722299994],[-79.85260936399999,-5.047849597999971],[-79.85985936399999,-5.050439472999926],[-79.8652792389999,-5.053949222999961],[-79.87069923899992,-5.05477934799984],[-79.87334961399984,-5.059140597999885],[-79.87690036399988,-5.061990222999952],[-79.8783808639999,-5.065029347999882],[-79.8806308639999,-5.067560597999886],[-79.88151948899997,-5.07033984799989],[-79.88315036399985,-5.071179722999943],[-79.88618948899995,-5.074009722999961],[-79.8884101139999,-5.081939472999977],[-79.8873496139999,-5.086339847999909],[-79.88819923899996,-5.093269472999964],[-79.88947073899999,-5.095609347999925],[-79.88915036399999,-5.098230472999944],[-79.89167973899998,-5.099118972999975],[-79.89083986399999,-5.101140597999915],[-79.89233973899996,-5.105769472999953],[-79.89428923899999,-5.106160097999918],[-79.89366986399989,-5.108990222999978],[-79.89553911399992,-5.110279347999949],[-79.89380073899997,-5.115480472999877],[-79.89666011399999,-5.11901947299998],[-79.9004101139999,-5.119919972999867],[-79.9046191139999,-5.123830097999928],[-79.90648048899999,-5.126710972999888],[-79.90683011399994,-5.130689472999904],[-79.90947073899997,-5.133859472999916],[-79.91123048899982,-5.138999972999898],[-79.91089061399992,-5.141300722999915],[-79.91296098899983,-5.145949222999946],[-79.91746873899996,-5.14756059799987],[-79.92127923899994,-5.149679847999892],[-79.92391986399991,-5.149720722999916],[-79.92608986399995,-5.148099597999874],[-79.92202348899997,-5.142867222999939],[-79.92518548899983,-5.137027347999947],[-79.92810736399991,-5.134351597999967],[-79.92867186399997,-5.131269472999918],[-79.93029486399996,-5.129972597999938],[-79.93069923899998,-5.12664647299988],[-79.9330507389999,-5.12080859799994],[-79.93751173899989,-5.118535097999938],[-79.93994536399998,-5.120646472999908],[-79.94675586399995,-5.123160097999971],[-79.9512167389999,-5.122753847999945],[-79.9532442389999,-5.120970722999914],[-79.96070511399995,-5.120240222999882],[-79.96848823899995,-5.118781222999871],[-79.97295111399995,-5.114402347999942],[-79.97506048899993,-5.108968722999975],[-79.97496098899995,-5.105091847999972],[-79.98090036399998,-5.098740222999822],[-79.98418961399989,-5.101759722999873],[-79.98766011399988,-5.102109347999942],[-79.99608011399988,-5.104759722999972],[-80.00306048899995,-5.101609347999954],[-79.99876361399987,-5.092126972999949],[-79.99962886399987,-5.088044972999967],[-80.00109173899995,-5.085531222999975],[-80.0014961139999,-5.081720847999918],[-79.99995511399993,-5.077665972999966],[-79.99817186399991,-5.075476597999909],[-79.99630661399988,-5.069474597999886],[-79.99768548899993,-5.066960972999937],[-79.99962886399987,-5.065744097999868],[-80.00220898899994,-5.059226597999896],[-79.99949023899995,-5.057531222999955],[-79.99543948899998,-5.056123097999887],[-79.9927968639999,-5.056189472999961],[-79.99089836399997,-5.05277734799995],[-79.98870898899997,-5.051027347999877],[-79.98961911399988,-5.046507847999976],[-79.98573823899994,-5.04153509799994],[-79.98360336399998,-5.039976722999938],[-79.98239861399992,-5.032240222999917],[-79.97797848899995,-5.026499972999886],[-79.97606048899996,-5.024990222999861],[-79.97239061399983,-5.025712847999955],[-79.96918948899992,-5.02733984799994],[-79.96801948899991,-5.029490222999868],[-79.96418948899992,-5.033810597999945],[-79.95931836399996,-5.036699222999914],[-79.95663873899991,-5.036613222999904],[-79.95302536399998,-5.03425584799993],[-79.94465623899987,-5.032886722999876],[-79.94047073899992,-5.031398597999953],[-79.93609961399994,-5.027562472999875],[-79.93347848899998,-5.024121097999966],[-79.92527736399995,-5.019378847999974],[-79.92310936399991,-5.019257847999938],[-79.91563473899998,-5.020345722999878],[-79.91396098899997,-5.02160934799997],[-79.90916798899997,-5.019400472999905],[-79.9066211139999,-5.017251972999873],[-79.90549223899995,-5.014732472999981],[-79.90224998899998,-5.011490347999938],[-79.89999998899998,-5.007773472999872],[-79.89940036399992,-5.003435597999953],[-79.90010348899995,-4.994761722999954],[-79.89950386399988,-4.993626972999948],[-79.89271486399991,-4.988130847999912],[-79.88748823899994,-4.988988222999978],[-79.8851308639999,-4.98555072299996],[-79.87856836399999,-4.984841847999917],[-79.87623048899997,-4.98360347299996],[-79.87308598899995,-4.979171847999908],[-79.87104886399999,-4.977888722999978],[-79.8656269889999,-4.976896472999954],[-79.86397848899992,-4.975597597999979],[-79.86243361399994,-4.972044847999882],[-79.86473048899995,-4.967210972999965],[-79.8642521139999,-4.96508597299993],[-79.85914261399995,-4.958943347999877],[-79.85861323899991,-4.955130847999953],[-79.85691986399996,-4.953871097999979],[-79.85334761399997,-4.953499847999979],[-79.85092386399998,-4.955915972999946],[-79.84856048899991,-4.964601597999888],[-79.84972261399997,-4.970025347999979],[-79.84956048899988,-4.972374972999944],[-79.84434761399996,-4.972765597999853],[-79.8387597389999,-4.975316347999978],[-79.83773823899998,-4.977146472999948],[-79.83908198899985,-4.981365222999955],[-79.83717386399996,-4.983755847999873],[-79.83644536399999,-4.986415972999964],[-79.83327736399997,-4.989263722999965],[-79.83134173899998,-4.993914097999948],[-79.82646673899995,-4.99275197299994],[-79.82459761399991,-4.99144134799991],[-79.82008398899995,-4.99189647299994],[-79.8153281139999,-4.994236347999902],[-79.8122851139999,-4.997464847999936],[-79.80637298899995,-4.99788872299996],[-79.801247989,-4.996197222999967],[-79.79431461399992,-4.992595847999951]]]]},"properties":{"ubigeo":"190407","nombre":"SANTO DOMINGO"}},{"type":"Feature","geometry":{"type":"MultiPolygon","coordinates":[[[[-80.01711911399991,-5.20724222299998],[-80.0175956139999,-5.209540972999889],[-80.02102536399991,-5.215179722999892],[-80.02090998899996,-5.218492222999885],[-80.01864261399993,-5.223201222999876],[-80.01701561399994,-5.225001972999905],[-80.01073823899998,-5.226337847999957],[-80.00608786399988,-5.226746097999978],[-80.0039961139999,-5.228896473999896],[-80.00236911399992,-5.232152348999932],[-79.99923048899996,-5.236451223999893],[-79.99841598899997,-5.24005472399989],[-79.9983593639999,-5.24470509899993],[-80.00475198899994,-5.251621098999976],[-80.00521673899993,-5.256910098999981],[-80.0078906139999,-5.262082098999883],[-80.01044723899997,-5.264232473999925],[-80.01067973899995,-5.270103473999939],[-80.01283011399994,-5.276322223999955],[-80.0109121139999,-5.277251973999967],[-80.00696098899982,-5.283527348999883],[-80.00114848899995,-5.293990348999898],[-79.9986503639999,-5.297593723999967],[-79.99414061399989,-5.299218723999957],[-79.99271498899998,-5.303392598999892],[-79.98969923899995,-5.306310473999929],[-79.98820511399987,-5.309162098999934],[-79.98929298899998,-5.316076223999971],[-79.9866191139999,-5.319677723999973],[-79.98133023899999,-5.329558598999938],[-79.97825586399989,-5.331990223999981],[-79.97569136399989,-5.335544973999902],[-79.97276361399997,-5.336794973999872],[-79.97208786399983,-5.339498098999968],[-79.97309173899993,-5.342216848999954],[-79.97245111399997,-5.345376973999919],[-79.96842773899994,-5.348156223999922],[-79.9618007389999,-5.349087848999943],[-79.96005848899989,-5.350074223999911],[-79.95814061399994,-5.355421848999981],[-79.95796486399996,-5.358675723999909],[-79.95901173899995,-5.360187348999943],[-79.9584882389999,-5.362978473999931],[-79.95529298899993,-5.367626973999961],[-79.95354886399997,-5.369021473999965],[-79.94982811399996,-5.375648473999945],[-79.94302923899988,-5.376810598999896],[-79.94052923899989,-5.379017598999894],[-79.9386659889999,-5.379173848999869],[-79.93715823899998,-5.383144473999948],[-79.93727536399996,-5.385003848999872],[-79.93936723899992,-5.389771473999929],[-79.94047261399999,-5.400347598999929],[-79.94250586399994,-5.41133197399995],[-79.94332036399999,-5.413017598999943],[-79.9436874889999,-5.419382848999931],[-79.94145886399997,-5.425804723999875],[-79.94744336399998,-5.430396473999906],[-79.94762111399996,-5.43690622399987],[-79.94663286399998,-5.440218723999919],[-79.94349411399998,-5.444578098999955],[-79.94332036399999,-5.449052723999898],[-79.94221486399994,-5.452656223999895],[-79.94250586399994,-5.458581973999912],[-79.94563286399995,-5.467109473999926],[-79.94650986399995,-5.473890598999844],[-79.9520957389999,-5.479331973999933],[-79.95564061399995,-5.482064473999969],[-79.95721098899992,-5.485376973999962],[-79.95744336399997,-5.48787697399996],[-79.95564061399995,-5.490433598999914],[-79.95651361399996,-5.494966848999923],[-79.95645511399994,-5.506357473999969],[-79.9543047389999,-5.508392598999933],[-79.94872673899994,-5.511414098999921],[-79.9458729889999,-5.514996098999916],[-79.94823236399998,-5.52119334899993],[-79.9523437389999,-5.527107473999877],[-79.95364648899994,-5.534701223999889],[-79.9556992389999,-5.540998098999978],[-79.95558198899988,-5.546634723999887],[-79.95755473899993,-5.553113223999901],[-79.95755473899993,-5.556919973999925],[-79.95907036399996,-5.562384723999912],[-79.95944536399998,-5.568351598999868],[-79.96135936399997,-5.571539098999892],[-79.96131248899991,-5.575507848999905],[-79.96009173899989,-5.579546848999883],[-79.96052348899991,-5.581623098999899],[-79.96691598899992,-5.580169973999944],[-79.96853911399984,-5.58116597399993],[-79.97783598899997,-5.579824223999935],[-79.98638673899995,-5.581017598999892],[-79.9991913639999,-5.585359348999873],[-80.00100386399987,-5.585341848999917],[-80.00438286399992,-5.582956973999956],[-80.00647073899995,-5.583951223999975],[-80.00910548899998,-5.580769473999965],[-80.01034961399989,-5.578035098999976],[-80.01631448899997,-5.575050723999937],[-80.02740036399996,-5.570726598999897],[-80.03127936399994,-5.569484347999889],[-80.03749411399997,-5.569880848999844],[-80.04032811399998,-5.569384722999928],[-80.05283694699989,-5.563572663999878],[-80.0525151839999,-5.556247655999925],[-80.05561515199997,-5.553790677999928],[-80.05802998099995,-5.554926495999837],[-80.06822224299992,-5.557303915999967],[-80.07078595699988,-5.557205213999907],[-80.07273699099994,-5.555461668999953],[-80.07857501599989,-5.559888714999886],[-80.08287286199993,-5.560409119999974],[-80.08438901499989,-5.55452733199985],[-80.08755480699983,-5.546167826999977],[-80.08981600399994,-5.543550700999958],[-80.09396874399994,-5.540798837999944],[-80.09749445999995,-5.537112499999921],[-80.10294749099995,-5.532346225999902],[-80.10542908399992,-5.526031763999981],[-80.10697761099988,-5.520721049999906],[-80.10668348099989,-5.518923764999897],[-80.12682612799995,-5.510812797999904],[-80.13052097999991,-5.504433414999937],[-80.13876171899983,-5.493769531999817],[-80.14467773399991,-5.485367186999952],[-80.16297265599997,-5.459912108999845],[-80.17008203099994,-5.450466796999933],[-80.18474804699997,-5.431476562999933],[-80.23356249999989,-5.364744140999846],[-80.23744531199992,-5.35968945299993],[-80.25913375899995,-5.330330319999916],[-80.25967620799997,-5.329977652999958],[-80.25469536399999,-5.321705098999928],[-80.22731836399993,-5.27285347399993],[-80.22128911399994,-5.268115223999928],[-80.21766598899995,-5.262974598999961],[-80.19811523899995,-5.242755848999934],[-80.19480473899995,-5.239154348999932],[-80.19352736399992,-5.236337848999938],[-80.1933788639999,-5.230081973999972],[-80.18879086399988,-5.221665972999858],[-80.18830273899994,-5.213148472999876],[-80.18624223899997,-5.207599597999945],[-80.18271673899994,-5.206341847999965],[-80.18128511399988,-5.203355472999874],[-80.17896673899992,-5.194894472999977],[-80.16926561399998,-5.184845722999967],[-80.16112111399997,-5.180595722999954],[-80.15475586399998,-5.174226597999905],[-80.15342773899994,-5.170822222999959],[-80.14713286399996,-5.169580097999869],[-80.14428323899989,-5.170501972999944],[-80.13251361399995,-5.160193347999893],[-80.13068748899985,-5.163611347999904],[-80.12834961399994,-5.165513722999947],[-80.12099223899997,-5.167314472999976],[-80.11595698899998,-5.165539097999897],[-80.10830073899996,-5.161460972999976],[-80.10194136399991,-5.159300722999944],[-80.09629886399989,-5.159292972999936],[-80.09440423899997,-5.159847597999885],[-80.09252348899997,-5.162236347999851],[-80.09094136399989,-5.164003847999879],[-80.08963473899996,-5.168962847999978],[-80.08699023899999,-5.173042972999951],[-80.08449411399988,-5.173449222999977],[-80.07956048899996,-5.173031222999953],[-80.07694536399998,-5.174232472999961],[-80.07721673899994,-5.178853472999947],[-80.07658598899997,-5.18123822299998],[-80.07184173899992,-5.18122659799991],[-80.06721098899993,-5.178417972999966],[-80.06596286399997,-5.176902347999885],[-80.06171486399995,-5.174400472999935],[-80.0583632389999,-5.173800722999943],[-80.05551173899994,-5.174910097999884],[-80.0510917389999,-5.179863222999927],[-80.04678511399999,-5.178738222999925],[-80.04376561399994,-5.18054497299994],[-80.03861136399996,-5.177882847999911],[-80.03539461399998,-5.178273472999933],[-80.03266411399994,-5.18019134799988],[-80.03138473899998,-5.182921847999921],[-80.02500386399993,-5.188738222999973],[-80.02286911399995,-5.193519472999981],[-80.01806836399993,-5.199281097999915],[-80.01877161399995,-5.200906222999947],[-80.02139448899999,-5.201728472999946],[-80.02015423899996,-5.205199222999966],[-80.01711911399991,-5.20724222299998]]]]},"properties":{"ubigeo":"190408","nombre":"LA MATANZA"}},{"type":"Feature","geometry":{"type":"MultiPolygon","coordinates":[[[[-79.68193548899995,-5.088427722999938],[-79.68106836399988,-5.09027934799991],[-79.67868148899993,-5.092507847999912],[-79.67825586399988,-5.093546847999903],[-79.67121286399998,-5.09697072299997],[-79.66441986399997,-5.097914097999933],[-79.66024798899991,-5.09582622299996],[-79.65608398899991,-5.094550722999941],[-79.65144723899988,-5.090371097999935],[-79.64886136399997,-5.091646472999969],[-79.65014061399995,-5.094966847999956],[-79.65057036399998,-5.098439472999871],[-79.65140623899987,-5.099867222999876],[-79.64954298899988,-5.104218722999974],[-79.64520511399996,-5.104746097999964],[-79.64220898899998,-5.10721684799995],[-79.6428729889999,-5.108728472999871],[-79.64351761399996,-5.115728472999876],[-79.64524798899998,-5.116831972999876],[-79.64981636399995,-5.11740822299987],[-79.65260548899988,-5.120896472999902],[-79.6549257389999,-5.121427722999897],[-79.64966011399997,-5.129683597999929],[-79.64726361399994,-5.13237309799996],[-79.6471484889999,-5.135310597999933],[-79.64694723899999,-5.136412097999937],[-79.64750586399998,-5.139119097999981],[-79.65230861399994,-5.140488097999935],[-79.6577519889999,-5.146183597999823],[-79.6593984889999,-5.148613222999927],[-79.66051561399996,-5.150902347999875],[-79.66433986399994,-5.152744097999971],[-79.66624023899993,-5.150706972999899],[-79.6663652389999,-5.148798722999913],[-79.66249798899992,-5.143371097999818],[-79.6621542389999,-5.138968722999891],[-79.66258198899993,-5.128316347999942],[-79.66319723899989,-5.12622259799997],[-79.6658242389999,-5.124498097999947],[-79.67081636399996,-5.123820347999981],[-79.67362298899991,-5.118181597999978],[-79.67600973899994,-5.107236347999958],[-79.68039448899992,-5.103636722999966],[-79.68315823899997,-5.099615222999944],[-79.68745698899994,-5.097884722999936],[-79.68840623899996,-5.098164097999927],[-79.69049611399998,-5.103171847999931],[-79.69579298899998,-5.108886722999841],[-79.70222661399993,-5.112904347999972],[-79.70325973899998,-5.113128847999917],[-79.70518548899997,-5.114386722999882],[-79.70541598899996,-5.117007847999957],[-79.70730861399988,-5.118134722999969],[-79.7107128639999,-5.123816347999934],[-79.71491598899996,-5.126632847999929],[-79.7132128639999,-5.133494097999971],[-79.71370111399989,-5.137583972999892],[-79.71347473899988,-5.138812472999916],[-79.71298236399991,-5.14250784799998],[-79.71481636399989,-5.145345722999934],[-79.71526361399992,-5.148529347999954],[-79.71257611399989,-5.154265597999881],[-79.71363086399992,-5.161380847999965],[-79.71571098899994,-5.16639059799985],[-79.71758998899998,-5.168720722999979],[-79.72033198899999,-5.177230472999952],[-79.72033198899999,-5.182089847999919],[-79.71885936399991,-5.184509722999962],[-79.71424023899993,-5.187820347999946],[-79.7073691139999,-5.189917972999979],[-79.70164061399987,-5.196679722999875],[-79.69999023899999,-5.203369222999868],[-79.70164061399987,-5.204880847999959],[-79.70310936399989,-5.209810597999933],[-79.71009761399989,-5.210009722999871],[-79.71345698899995,-5.213724597999942],[-79.72003711399992,-5.215253847999975],[-79.72609173899997,-5.212314472999878],[-79.73151561399993,-5.208165972999836],[-79.73368361399997,-5.20527534799993],[-79.73541411399998,-5.204785097999945],[-79.73783198899997,-5.207896472999892],[-79.74191411399994,-5.209988222999868],[-79.74627923899999,-5.208431597999947],[-79.7486542389999,-5.20849809799995],[-79.75154886399997,-5.211634722999975],[-79.75521486399998,-5.21431059799994],[-79.76208011399996,-5.213277347999963],[-79.76402736399996,-5.215361347999931],[-79.76958786399996,-5.218732472999875],[-79.77137111399998,-5.218929722999917],[-79.77458398899995,-5.217083972999887],[-79.77899223899993,-5.21868947299987],[-79.78272848899996,-5.219072222999898],[-79.78821286399989,-5.220593722999979],[-79.79189261399989,-5.220142597999939],[-79.79731248899998,-5.225665972999877],[-79.80188086399988,-5.227499973999841],[-79.8050038639999,-5.227861348999966],[-79.80799798899994,-5.229615223999872],[-79.8103066139999,-5.227015598999969],[-79.81298636399993,-5.225791097999945],[-79.82409761399992,-5.216333972999905],[-79.82800198899997,-5.211869097999966],[-79.83286136399994,-5.209818347999942],[-79.83788861399995,-5.20839647299988],[-79.84331048899998,-5.205683597999951],[-79.85161148899994,-5.20495697299998],[-79.85558011399996,-5.202675597999928],[-79.86132223899989,-5.203255847999912],[-79.86927148899991,-5.201603472999977],[-79.87102536399988,-5.200644347999912],[-79.87565423899991,-5.200081972999953],[-79.87935736399999,-5.200644347999912],[-79.88342573899996,-5.199962847999927],[-79.88775786399987,-5.19804497299998],[-79.88894923899994,-5.196789097999954],[-79.88964261399991,-5.191498097999954],[-79.89094936399994,-5.189019347999874],[-79.88657036399991,-5.18624022299997],[-79.88383986399998,-5.179900347999876],[-79.88440036399999,-5.176199222999969],[-79.88353911399986,-5.171039097999881],[-79.88185936399998,-5.168330097999899],[-79.87580073899994,-5.163679722999973],[-79.87248048899994,-5.159408097999972],[-79.87194911399996,-5.155249972999911],[-79.86891011399996,-5.152900347999946],[-79.86745911399998,-5.150187472999903],[-79.86303911399995,-5.146109347999868],[-79.85841986399998,-5.139679722999915],[-79.8524609889999,-5.135968722999905],[-79.84882036399995,-5.137359347999961],[-79.84672086399996,-5.139410097999928],[-79.84407036399995,-5.147679722999953],[-79.84338098899991,-5.151101597999968],[-79.84377736399995,-5.15596084799995],[-79.8402089889999,-5.154146472999912],[-79.83879486399996,-5.15229297299993],[-79.83576548899998,-5.150898472999927],[-79.83327348899991,-5.148546847999967],[-79.8314999889999,-5.145138722999945],[-79.82334173899994,-5.143462847999956],[-79.81804886399993,-5.142787097999815],[-79.80692573899995,-5.144162097999981],[-79.80096873899998,-5.139320347999956],[-79.79680661399988,-5.136456972999895],[-79.79465236399989,-5.132783222999933],[-79.79487686399989,-5.125335972999892],[-79.79233598899998,-5.12536122299997],[-79.7882753639999,-5.122939472999917],[-79.78311323899993,-5.117417972999874],[-79.78120898899994,-5.112919972999975],[-79.77745298899993,-5.106816222999953],[-79.77334761399999,-5.103369097999916],[-79.76718961399985,-5.102929722999875],[-79.76258598899994,-5.098529472999871],[-79.76365236399994,-5.095308597999917],[-79.75573236399998,-5.0915780979999],[-79.75231836399996,-5.08707622299994],[-79.74716798899988,-5.083706972999948],[-79.73885548899989,-5.08137297299993],[-79.73156823899996,-5.081214847999888],[-79.72658011399994,-5.08319534799989],[-79.72531248899998,-5.082085972999948],[-79.71568548899995,-5.078146472999947],[-79.7124453639999,-5.073203097999908],[-79.70991598899997,-5.071167972999945],[-79.70596498899982,-5.066556597999977],[-79.70334748899995,-5.068304847999912],[-79.70014648899996,-5.072515597999882],[-79.69293948899997,-5.080019472999936],[-79.69209761399998,-5.082162097999912],[-79.69006623899992,-5.082347597999899],[-79.6864551139999,-5.084275347999892],[-79.68193548899995,-5.088427722999938]]]]},"properties":{"ubigeo":"190409","nombre":"YAMANGO"}},{"type":"Feature","geometry":{"type":"MultiPolygon","coordinates":[[[[-79.72003711399992,-5.215253847999975],[-79.71118748899994,-5.221339847999957],[-79.71068548899996,-5.224132972999939],[-79.70951761399994,-5.224812472999872],[-79.70777348899998,-5.226177722999921],[-79.70053323899998,-5.239037098999972],[-79.6981503639999,-5.245126973999902],[-79.69778711399988,-5.248978473999898],[-79.69653323899996,-5.251396473999932],[-79.69449611399989,-5.258050723999929],[-79.69158986399998,-5.261710973999925],[-79.68910173899997,-5.263314473999912],[-79.68719723899994,-5.265705098999831],[-79.68666011399989,-5.272187473999963],[-79.68250786399989,-5.275761723999949],[-79.68130661399988,-5.278529348999882],[-79.68058786399996,-5.280462848999889],[-79.67743948899994,-5.2830253489999],[-79.6733007389999,-5.287568348999912],[-79.67140236399996,-5.292017598999905],[-79.6686034889999,-5.296652348999885],[-79.66900198899992,-5.299261723999962],[-79.67127748899998,-5.30272459899993],[-79.67064061399998,-5.306124973999943],[-79.67063861399998,-5.312238223999941],[-79.66983786399999,-5.317431598999917],[-79.66808398899991,-5.319814473999884],[-79.66209573899994,-5.324851598999942],[-79.66054686399997,-5.329234348999933],[-79.6551972389999,-5.333298848999959],[-79.65018548899991,-5.335554723999905],[-79.64780073899988,-5.335464848999948],[-79.65151561399995,-5.342869223999912],[-79.65338086399998,-5.343890598999963],[-79.65682811399995,-5.347960973999932],[-79.65988086399994,-5.348740223999926],[-79.6605214889999,-5.353986223999925],[-79.66001561399997,-5.359769473999904],[-79.66096111399997,-5.364956973999938],[-79.66236136399993,-5.367642473999922],[-79.66282423899992,-5.368953098999953],[-79.66740823899994,-5.372646473999964],[-79.66920698899992,-5.373275348999869],[-79.67476561399997,-5.378074223999931],[-79.67632611399995,-5.381042973999968],[-79.68745311399988,-5.382605473999945],[-79.68920111399984,-5.384021473999951],[-79.69803711399999,-5.385656223999945],[-79.70419923899993,-5.384261723999941],[-79.70790423899996,-5.37959372399996],[-79.71084573899998,-5.377078098999846],[-79.7154413639999,-5.375941348999959],[-79.72263861399995,-5.375851598999873],[-79.72830273899996,-5.378019473999927],[-79.73198636399997,-5.377044973999944],[-79.73382223899989,-5.373347598999885],[-79.74151173899986,-5.368867223999928],[-79.7461347389999,-5.36726772399993],[-79.74684373899998,-5.36441597399994],[-79.74856836399994,-5.361863223999933],[-79.75185936399998,-5.360228473999939],[-79.75569911399998,-5.361007848999975],[-79.75993548899993,-5.360293098999875],[-79.75989448899992,-5.355736348999869],[-79.76188473899992,-5.34984572399992],[-79.76519136399997,-5.344974598999954],[-79.76727736399982,-5.344658223999886],[-79.77230073899995,-5.345900348999976],[-79.77589261399999,-5.345259723999902],[-79.78072848899996,-5.342951223999933],[-79.78308598899997,-5.340835973999901],[-79.78748236399997,-5.341800848999981],[-79.7941503639999,-5.340660098999933],[-79.79627923899994,-5.338525348999951],[-79.80269923899994,-5.335802723999905],[-79.80671661399998,-5.329331973999842],[-79.80991798899998,-5.326167973999873],[-79.81407611399993,-5.32342972399988],[-79.81624611399991,-5.320373098999937],[-79.81695698899995,-5.31571484899996],[-79.81857611399994,-5.309886723999966],[-79.81709373899997,-5.308757848999903],[-79.81562298899996,-5.30373434899991],[-79.81727736399995,-5.301281223999979],[-79.81851561399992,-5.297472598999889],[-79.81926761399995,-5.291644473999952],[-79.82133011399992,-5.289941348999889],[-79.82531248899988,-5.289156223999953],[-79.829773489,-5.286701223999955],[-79.82966411399997,-5.281771473999925],[-79.82835548899999,-5.276148473999967],[-79.82858198899999,-5.273630848999971],[-79.82772061399993,-5.267023473999927],[-79.82577348899997,-5.262679723999952],[-79.82500586399993,-5.261402348999979],[-79.82426173899984,-5.254628848999971],[-79.82131636399993,-5.248406223999893],[-79.82091798899995,-5.244722598999942],[-79.81877348899997,-5.240044973999886],[-79.81701948899996,-5.237796848999949],[-79.81226761399995,-5.23453509899997],[-79.80996873899994,-5.234382848999928],[-79.80799798899994,-5.229615223999872],[-79.8050038639999,-5.227861348999966],[-79.80188086399988,-5.227499973999841],[-79.79731248899998,-5.225665972999877],[-79.79189261399989,-5.220142597999939],[-79.78821286399989,-5.220593722999979],[-79.78272848899996,-5.219072222999898],[-79.77899223899993,-5.21868947299987],[-79.77458398899995,-5.217083972999887],[-79.77137111399998,-5.218929722999917],[-79.76958786399996,-5.218732472999875],[-79.76402736399996,-5.215361347999931],[-79.76208011399996,-5.213277347999963],[-79.75521486399998,-5.21431059799994],[-79.75154886399997,-5.211634722999975],[-79.7486542389999,-5.20849809799995],[-79.74627923899999,-5.208431597999947],[-79.74191411399994,-5.209988222999868],[-79.73783198899997,-5.207896472999892],[-79.73541411399998,-5.204785097999945],[-79.73368361399997,-5.20527534799993],[-79.73151561399993,-5.208165972999836],[-79.72609173899997,-5.212314472999878],[-79.72003711399992,-5.215253847999975]]]]},"properties":{"ubigeo":"190410","nombre":"SAN JUAN DE BIGOTE"}},{"type":"Feature","geometry":{"type":"MultiPolygon","coordinates":[[[[-81.00656248999996,-5.232716848999928],[-81.01651573999999,-5.234281223999972],[-81.01985748999988,-5.236269472999879],[-81.02164448999997,-5.238654347999955],[-81.02250645399994,-5.242092696999919],[-81.01714463799988,-5.266544928999963],[-80.99531987099994,-5.276687092999964],[-80.96169163899998,-5.310176215999945],[-80.96109031099996,-5.321697929999971],[-80.96094434199989,-5.333881418999965],[-80.96044606399988,-5.34879505899994],[-80.96108224899996,-5.350446675999933],[-80.97219923999995,-5.352599598999973],[-80.98715236499987,-5.373714847999906],[-80.98760936499991,-5.375705097999912],[-80.9939511149999,-5.388460973999941],[-80.99553911499993,-5.387191348999977],[-81.0037558649999,-5.377728473999923],[-81.00658986499991,-5.375050723999948],[-81.01058786499993,-5.370191348999981],[-81.01502924,-5.366527348999966],[-81.01736523999983,-5.363660098999958],[-81.02565236499993,-5.355816348999952],[-81.02848636499994,-5.352605473999915],[-81.0354979899999,-5.346607473999939],[-81.04095898999992,-5.341287098999942],[-81.05298048999992,-5.330990223999891],[-81.05705073999991,-5.32837697399998],[-81.06403511499997,-5.322585973999878],[-81.07816811499993,-5.31321284899991],[-81.08297848999996,-5.311509723999961],[-81.0851816149999,-5.309955098999922],[-81.08907036499988,-5.309736348999934],[-81.09183986499988,-5.308371098999942],[-81.09588473999997,-5.311318348999919],[-81.09761723999998,-5.311445348999939],[-81.10114648999996,-5.31433009899996],[-81.10550586499994,-5.315874973999826],[-81.10815036499991,-5.314746098999933],[-81.11228123999996,-5.306964848999939],[-81.11461911499993,-5.300849598999889],[-81.11437498999999,-5.298814473999926],[-81.11849798999998,-5.291874973999938],[-81.12250398999998,-5.289177723999956],[-81.12261123999997,-5.287882848999914],[-81.12621286499996,-5.286445348999905],[-81.1262304899999,-5.282066348999876],[-81.12893748999988,-5.279451348999885],[-81.13086736499997,-5.273525348999954],[-81.138121115,-5.263617223999915],[-81.14174798999989,-5.262621098999944],[-81.14310923999989,-5.260974598999951],[-81.1499589899999,-5.258142598999939],[-81.15037298999988,-5.254939473999912],[-81.15697861499984,-5.248531223999919],[-81.15871873999993,-5.246244098999966],[-81.16447461499996,-5.241248098999961],[-81.16726361499997,-5.237945348999972],[-81.18426948999996,-5.22273434799996],[-81.18842773999995,-5.221611347999954],[-81.19005273999994,-5.219031222999888],[-81.19278511499988,-5.21695122299991],[-81.1945526149999,-5.21211909799996],[-81.19357611499987,-5.205261722999978],[-81.19005473999994,-5.200376972999834],[-81.18885548999998,-5.197410222999963],[-81.18899798999996,-5.19403709799991],[-81.18497461499987,-5.193830097999921],[-81.18375386499986,-5.19094134799991],[-81.17975586499989,-5.190086097999938],[-81.17357411499984,-5.184134722999943],[-81.17243548999994,-5.181150347999903],[-81.17291598999992,-5.178951222999956],[-81.17012498999992,-5.176691347999906],[-81.16967386499988,-5.170693347999872],[-81.16736136499998,-5.167121097999882],[-81.16715236499988,-5.160498097999891],[-81.16760161499985,-5.156408222999971],[-81.17168748999995,-5.146230472999946],[-81.17618748999996,-5.141886722999914],[-81.17723448999999,-5.136857472999907],[-81.17657423999998,-5.135681597999962],[-81.17901948999997,-5.132169972999918],[-81.17476948999996,-5.132831972999895],[-81.17194536499989,-5.130841847999932],[-81.16979686499997,-5.131837847999975],[-81.16736136499998,-5.129496097999947],[-81.16357036499988,-5.127560597999945],[-81.16046673999995,-5.123408222999899],[-81.15975973999991,-5.11655272299987],[-81.16028323999996,-5.111269472999879],[-81.16402348999992,-5.099435597999957],[-81.16735936499998,-5.091798847999939],[-81.17135561499987,-5.088324222999972],[-81.16792773999993,-5.086115222999979],[-81.16896286499997,-5.083374972999934],[-81.16783598999996,-5.08097072299995],[-81.16594923999992,-5.08088872299993],[-81.16344136499998,-5.078537097999913],[-81.15997661499983,-5.07274809799992],[-81.15563673999992,-5.075290972999937],[-81.1538867399999,-5.077173847999916],[-81.15108986499996,-5.077716847999909],[-81.14929486499994,-5.079318347999902],[-81.14648823999988,-5.079048722999971],[-81.14193161499998,-5.077123222999944],[-81.13594136499995,-5.073585972999979],[-81.13316211499995,-5.070277347999877],[-81.12787511499994,-5.069833972999959],[-81.12574611499997,-5.072746097999868],[-81.12332036499998,-5.072548847999883],[-81.12110936499994,-5.075941347999901],[-81.11799998999999,-5.078990222999948],[-81.11710561499996,-5.082056597999895],[-81.10931048999998,-5.084863222999957],[-81.10534961499991,-5.083271347999869],[-81.10205661499992,-5.080984347999902],[-81.0974726149999,-5.081716847999928],[-81.09066986499988,-5.081738222999945],[-81.08675586499987,-5.079574222999952],[-81.08318161499989,-5.075595722999935],[-81.08142186499998,-5.071794972999953],[-81.07537698999994,-5.06972459799988],[-81.07032423999993,-5.062124972999925],[-81.06893361499988,-5.057304722999959],[-81.06598236499997,-5.052251972999954],[-81.06524223999992,-5.053431597999975],[-81.05938098999997,-5.056507847999967],[-81.05594336499996,-5.046667972999899],[-81.05114261499995,-5.025035097999933],[-81.04664848999994,-5.003755847999912],[-81.04332811499995,-4.984626972999934],[-81.04158386499995,-4.977214847999903],[-81.03577148999989,-4.969078097999898],[-81.02790236499993,-4.939216847999944],[-81.02628911499994,-4.933570347999932],[-81.01936911499996,-4.926486347999969],[-81.01689048999998,-4.924503972999901],[-81.01568548999995,-4.926287097999932],[-80.98393548999996,-4.964581972999952],[-80.97213286499988,-4.977759722999963],[-80.97039848999992,-5.018298847999972],[-80.96921473999993,-5.044052722999936],[-80.96717973999995,-5.077923847999898],[-80.96616411499997,-5.103234222999959],[-80.96456048999994,-5.128578097999934],[-80.96387498999991,-5.142855472999941],[-80.96257223999993,-5.159048847999884],[-80.96219723999991,-5.167490222999959],[-80.96238473999995,-5.175228597999933],[-80.96292773999994,-5.178521472999932],[-80.96465036499995,-5.182753847999891],[-80.96504298999992,-5.189609347999919],[-80.96955473999992,-5.190427722999971],[-80.97135548999995,-5.192871097999898],[-80.97371286499998,-5.198671847999947],[-80.97773048999994,-5.200244097999928],[-80.98180861499986,-5.195136722999962],[-80.98539261499991,-5.196179847999929],[-80.98833986499989,-5.20101372299996],[-80.99542986499995,-5.210703097999954],[-80.99879486499992,-5.218398472999866],[-81.00751561499993,-5.229396473999884],[-81.00656248999996,-5.232716848999928]]]]},"properties":{"ubigeo":"190501","nombre":"PAITA"}},{"type":"Feature","geometry":{"type":"MultiPolygon","coordinates":[[[[-80.98720511499988,-4.886703097999884],[-80.9895156149999,-4.888705097999889],[-80.9891816149999,-4.893552722999971],[-80.98517773999998,-4.894660097999918],[-80.98374611499986,-4.896464847999937],[-80.98524611499988,-4.900451097999905],[-80.98877536499987,-4.903746097999942],[-80.99125586499991,-4.907372972999951],[-80.99307223999995,-4.908771472999831],[-80.99640623999994,-4.909583972999883],[-81.00081248999999,-4.906953097999917],[-81.00806448999998,-4.904144472999974],[-81.01185548999996,-4.904013722999878],[-81.01490423999996,-4.903011722999963],[-81.01952536499994,-4.900050847999921],[-81.02355073999996,-4.896662097999922],[-81.02521873999984,-4.890705097999898],[-81.02442186499997,-4.884812472999954],[-81.02417186499997,-4.881029347999913],[-81.02315036499994,-4.877578097999901],[-81.02338086499992,-4.873929722999947],[-81.0243652399999,-4.872210972999937],[-81.02436911499996,-4.867792972999951],[-81.02568748999988,-4.863550722999946],[-81.02892386499997,-4.856937472999903],[-81.02644336499998,-4.854580097999872],[-81.02723636499996,-4.851576222999938],[-81.02171673999999,-4.845357472999922],[-81.01612498999998,-4.845318347999978],[-81.02215623999984,-4.836331972999915],[-81.02338086499992,-4.830939472999887],[-81.02480861499993,-4.829623097999956],[-81.02510936499993,-4.825779347999969],[-81.02818548999988,-4.820451222999907],[-81.02763273999989,-4.817568347999952],[-81.02974411499997,-4.81525572299995],[-81.03232811499998,-4.813919972999884],[-81.03252736499996,-4.810039097999947],[-81.03533198999986,-4.802900347999923],[-81.03846486499998,-4.800283222999951],[-81.04008398999991,-4.793113222999978],[-81.04037298999987,-4.789529347999917],[-81.04310348999991,-4.785425722999946],[-80.97687298999995,-4.773197222999954],[-80.9760996149999,-4.775150347999897],[-80.97707048999996,-4.782839847999867],[-80.98116023999995,-4.783019472999968],[-80.98243949,-4.785968722999939],[-80.98130073999994,-4.786779347999925],[-80.98028911499989,-4.79153909799993],[-80.98290036499998,-4.793810597999936],[-80.98097073999998,-4.796490222999978],[-80.9833378649999,-4.799349597999935],[-80.98549998999994,-4.804050722999932],[-80.98709961499986,-4.805660097999919],[-80.9861503649999,-4.808080097999948],[-80.98935936499987,-4.81078909799993],[-80.98647261499985,-4.817199222999875],[-80.99115236499989,-4.823982472999887],[-80.98996286499988,-4.828982472999883],[-80.98833598999994,-4.830806597999981],[-80.98282223999996,-4.833265597999969],[-80.98028911499989,-4.836570347999952],[-80.98010936499998,-4.838169972999935],[-80.974869115,-4.843789097999945],[-80.97997073999994,-4.843499972999894],[-80.98311911499985,-4.844220722999921],[-80.98515823999998,-4.842107472999942],[-80.98726948999996,-4.844339847999947],[-80.9950996149999,-4.847621097999934],[-80.99688861499988,-4.850453097999946],[-80.99201948999996,-4.854189472999906],[-80.98882998999994,-4.859609347999879],[-80.98848048999997,-4.865259722999951],[-80.98727923999996,-4.865960972999972],[-80.98656048999993,-4.870529347999877],[-80.98996098999999,-4.872660097999869],[-80.99010348999997,-4.876376972999935],[-80.99162698999999,-4.880197222999925],[-80.99111911499989,-4.882361347999904],[-80.98720511499988,-4.886703097999884]]]]},"properties":{"ubigeo":"190502","nombre":"AMOTAPE"}},{"type":"Feature","geometry":{"type":"MultiPolygon","coordinates":[[[[-81.02442186499997,-4.884812472999954],[-81.02521873999984,-4.890705097999898],[-81.02355073999996,-4.896662097999922],[-81.01952536499994,-4.900050847999921],[-81.01490423999996,-4.903011722999963],[-81.01185548999996,-4.904013722999878],[-81.01887298999998,-4.917880847999925],[-81.03045698999989,-4.91656447299988],[-81.02984961499993,-4.907119097999953],[-81.04522848999989,-4.905007847999912],[-81.04367186499996,-4.895714847999898],[-81.0436269899999,-4.892234347999931],[-81.04526173999989,-4.890062472999944],[-81.04593748999991,-4.887165972999981],[-81.04346286499998,-4.884996097999874],[-81.03437886499995,-4.883919972999934],[-81.02751173999985,-4.881771347999972],[-81.02442186499997,-4.884812472999954]]]]},"properties":{"ubigeo":"190503","nombre":"ARENAL"}},{"type":"Feature","geometry":{"type":"MultiPolygon","coordinates":[[[[-80.92429886499997,-4.893390597999883],[-80.92095698999998,-4.892496097999924],[-80.91626173999998,-4.892408222999961],[-80.90908398999994,-4.894484347999935],[-80.90146886499991,-4.894296847999897],[-80.89558398999998,-4.89297459799991],[-80.89061136499987,-4.892912097999897],[-80.88161136499986,-4.892124972999966],[-80.87758198999995,-4.893101722999972],[-80.87216986499999,-4.893572222999978],[-80.86889648999994,-4.897412097999904],[-80.86659961499998,-4.898669972999869],[-80.85765823999992,-4.895917972999939],[-80.85590236499996,-4.900384722999945],[-80.85690623999989,-4.905941347999942],[-80.85520698999989,-4.908458972999881],[-80.85246873999989,-4.909433597999964],[-80.85023436499995,-4.90861522299997],[-80.84795311499994,-4.905966847999935],[-80.84255473999991,-4.902699222999956],[-80.83820111499995,-4.901652347999914],[-80.83314261499999,-4.901892597999904],[-80.82835736499993,-4.904187472999979],[-80.82643948999998,-4.909330097999941],[-80.82596098999988,-4.913929722999967],[-80.82435936499996,-4.91875972299988],[-80.82580073999998,-4.924490222999907],[-80.82533986499993,-4.933246097999927],[-80.82782036499998,-4.939226597999948],[-80.82899798999983,-4.940578097999946],[-80.83245311499996,-4.94096497299995],[-80.83448636499998,-4.942431597999928],[-80.83709761499995,-4.94152934799996],[-80.83962886499995,-4.943808597999976],[-80.8427714899999,-4.945162097999969],[-80.8455429899999,-4.947531222999942],[-80.84840823999991,-4.948673847999942],[-80.8508104899999,-4.950705097999958],[-80.8488769899999,-5.054468722999957],[-80.84816011499998,-5.09313084799993],[-80.85942573999989,-5.27926572399997],[-80.85954782099998,-5.280638759999874],[-80.86455073999991,-5.279410098999961],[-80.86949611499983,-5.280394473999934],[-80.87509373999995,-5.278505848999885],[-80.87911911499998,-5.276173848999974],[-80.88636911499998,-5.271007723999901],[-80.89306048999998,-5.266955098999972],[-80.89787111499993,-5.262568348999821],[-80.90386723999995,-5.262513723999916],[-80.90622849,-5.261986348999869],[-80.91692773999984,-5.252812473999882],[-80.92262886499992,-5.250287098999934],[-80.92401761499997,-5.247611348999953],[-80.93023636499998,-5.241808598999967],[-80.93618161499995,-5.238456973999973],[-80.93923236499995,-5.237542973999894],[-80.9457069899999,-5.23795897399998],[-80.95465423999991,-5.237005848999956],[-80.96056836499997,-5.237587848999965],[-80.96625973999994,-5.240919973999894],[-80.97061136499997,-5.241335973999924],[-80.97555073999996,-5.238990223999906],[-80.97953911499991,-5.238609348999944],[-80.98749998999995,-5.236990223999896],[-80.99005273999995,-5.234679723999875],[-80.99813073999997,-5.230868973999975],[-81.00223636499993,-5.233646473999897],[-81.00656248999996,-5.232716848999928],[-81.00751561499993,-5.229396473999884],[-80.99879486499992,-5.218398472999866],[-80.99542986499995,-5.210703097999954],[-80.98833986499989,-5.20101372299996],[-80.98539261499991,-5.196179847999929],[-80.98180861499986,-5.195136722999962],[-80.97773048999994,-5.200244097999928],[-80.97371286499998,-5.198671847999947],[-80.97135548999995,-5.192871097999898],[-80.96955473999992,-5.190427722999971],[-80.96504298999992,-5.189609347999919],[-80.96465036499995,-5.182753847999891],[-80.96292773999994,-5.178521472999932],[-80.96238473999995,-5.175228597999933],[-80.96219723999991,-5.167490222999959],[-80.96257223999993,-5.159048847999884],[-80.96387498999991,-5.142855472999941],[-80.96456048999994,-5.128578097999934],[-80.96616411499997,-5.103234222999959],[-80.96717973999995,-5.077923847999898],[-80.96921473999993,-5.044052722999936],[-80.97039848999992,-5.018298847999972],[-80.97213286499988,-4.977759722999963],[-80.98393548999996,-4.964581972999952],[-81.01568548999995,-4.926287097999932],[-81.01689048999998,-4.924503972999901],[-81.01887298999998,-4.917880847999925],[-81.01185548999996,-4.904013722999878],[-81.00806448999998,-4.904144472999974],[-81.00081248999999,-4.906953097999917],[-80.99640623999994,-4.909583972999883],[-80.99307223999995,-4.908771472999831],[-80.99125586499991,-4.907372972999951],[-80.98877536499987,-4.903746097999942],[-80.98524611499988,-4.900451097999905],[-80.98374611499986,-4.896464847999937],[-80.98517773999998,-4.894660097999918],[-80.9891816149999,-4.893552722999971],[-80.9895156149999,-4.888705097999889],[-80.98720511499988,-4.886703097999884],[-80.98220298999996,-4.885986347999904],[-80.97680473999998,-4.886410097999885],[-80.97344923999992,-4.8884980979999],[-80.97271661499997,-4.889917972999967],[-80.97288673999992,-4.893878722999943],[-80.97172461499997,-4.895851597999922],[-80.96665236499996,-4.898701222999875],[-80.9652714899999,-4.901892597999904],[-80.96230473999992,-4.900597597999933],[-80.96065036499982,-4.897259722999934],[-80.96311136499997,-4.891361347999919],[-80.96273048999996,-4.884812472999954],[-80.95974611499997,-4.881162097999891],[-80.95243548999991,-4.883140597999898],[-80.94913673999991,-4.886410097999885],[-80.94584173999988,-4.887400347999915],[-80.94305473999992,-4.889664097999912],[-80.94137111499998,-4.892421847999913],[-80.94126948999991,-4.899705097999913],[-80.93852736499997,-4.902931597999896],[-80.93458198999986,-4.903384722999817],[-80.93198048999989,-4.902521472999979],[-80.92973048999988,-4.899966847999906],[-80.92787111499996,-4.895259722999981],[-80.92429886499997,-4.893390597999883]]]]},"properties":{"ubigeo":"190504","nombre":"LA HUACA"}},{"type":"Feature","geometry":{"type":"MultiPolygon","coordinates":[[[[-81.02442186499997,-4.884812472999954],[-81.02751173999985,-4.881771347999972],[-81.03437886499995,-4.883919972999934],[-81.04346286499998,-4.884996097999874],[-81.04593748999991,-4.887165972999981],[-81.04526173999989,-4.890062472999944],[-81.0436269899999,-4.892234347999931],[-81.04367186499996,-4.895714847999898],[-81.04522848999989,-4.905007847999912],[-81.02984961499993,-4.907119097999953],[-81.03045698999989,-4.91656447299988],[-81.01887298999998,-4.917880847999925],[-81.01689048999998,-4.924503972999901],[-81.01936911499996,-4.926486347999969],[-81.02628911499994,-4.933570347999932],[-81.02790236499993,-4.939216847999944],[-81.03577148999989,-4.969078097999898],[-81.04158386499995,-4.977214847999903],[-81.04332811499995,-4.984626972999934],[-81.04664848999994,-5.003755847999912],[-81.05114261499995,-5.025035097999933],[-81.05594336499996,-5.046667972999899],[-81.05938098999997,-5.056507847999967],[-81.06524223999992,-5.053431597999975],[-81.06598236499997,-5.052251972999954],[-81.06253711499983,-5.050265597999953],[-81.06111923999993,-5.0469374729999],[-81.06021873999993,-5.039283097999942],[-81.06053323999993,-5.031177722999871],[-81.06240823999991,-5.02062309799993],[-81.06520311499997,-5.00996284799993],[-81.06673636499988,-5.005347597999901],[-81.06969536499997,-5.000003847999892],[-81.07302348999997,-4.992050722999977],[-81.07868748999994,-4.981302722999942],[-81.08052536499986,-4.977230347999978],[-81.08641598999998,-4.967333972999938],[-81.09774223999995,-4.953472722999948],[-81.11964648999998,-4.930789097999934],[-81.12222848999988,-4.928915972999903],[-81.13093161499995,-4.920509722999896],[-81.13543361499995,-4.915777347999949],[-81.14216598999991,-4.907634722999944],[-81.14832423999991,-4.896667972999978],[-81.1504902399999,-4.891679722999811],[-81.14916986499998,-4.891810597999893],[-81.14302911499993,-4.904380722999974],[-81.14182036499994,-4.905498097999953],[-81.13899611499994,-4.904554722999876],[-81.13756636499994,-4.901886722999961],[-81.13358198999998,-4.898679722999873],[-81.13217386499997,-4.896167972999933],[-81.12940823999986,-4.893421847999889],[-81.12388086499993,-4.89404097299996],[-81.12101173999997,-4.893623097999921],[-81.11811136499995,-4.888958972999944],[-81.11716411499992,-4.882871097999896],[-81.11283398999996,-4.879482472999939],[-81.10848048999998,-4.879679722999981],[-81.0988006149999,-4.882052722999958],[-81.09048048999995,-4.882320347999894],[-81.08391398999993,-4.871244097999977],[-81.08223223999994,-4.865503847999832],[-81.08062298999994,-4.862337847999868],[-81.07879298999995,-4.863574222999944],[-81.07829686499986,-4.868794972999979],[-81.07686323999997,-4.871367222999936],[-81.07620898999994,-4.874681597999881],[-81.06976361499983,-4.879408222999928],[-81.06694336499999,-4.879679722999981],[-81.06243948999992,-4.87831834799988],[-81.05645311499995,-4.880050722999954],[-81.05132036499998,-4.879703097999879],[-81.04898823999991,-4.878775347999976],[-81.04739448999987,-4.876062472999934],[-81.04794136499999,-4.873206972999924],[-81.05089261499995,-4.870589847999895],[-81.05089261499995,-4.868353472999956],[-81.0483632399999,-4.866394472999957],[-81.04358986499994,-4.865554722999946],[-81.04234961499998,-4.86384759799995],[-81.04259948999999,-4.858281097999964],[-81.04004098999991,-4.853533222999943],[-81.03718161499995,-4.850882847999969],[-81.03431248999988,-4.850437472999943],[-81.02993361499995,-4.855089847999977],[-81.02892386499997,-4.856937472999903],[-81.02568748999988,-4.863550722999946],[-81.02436911499996,-4.867792972999951],[-81.0243652399999,-4.872210972999937],[-81.02338086499992,-4.873929722999947],[-81.02315036499994,-4.877578097999901],[-81.02417186499997,-4.881029347999913],[-81.02442186499997,-4.884812472999954]]]]},"properties":{"ubigeo":"190505","nombre":"COLAN"}},{"type":"Feature","geometry":{"type":"MultiPolygon","coordinates":[[[[-80.92429886499997,-4.893390597999883],[-80.92787111499996,-4.895259722999981],[-80.92973048999988,-4.899966847999906],[-80.93198048999989,-4.902521472999979],[-80.93458198999986,-4.903384722999817],[-80.93852736499997,-4.902931597999896],[-80.94126948999991,-4.899705097999913],[-80.94137111499998,-4.892421847999913],[-80.94305473999992,-4.889664097999912],[-80.94584173999988,-4.887400347999915],[-80.94913673999991,-4.886410097999885],[-80.95243548999991,-4.883140597999898],[-80.95974611499997,-4.881162097999891],[-80.96273048999996,-4.884812472999954],[-80.96311136499997,-4.891361347999919],[-80.96065036499982,-4.897259722999934],[-80.96230473999992,-4.900597597999933],[-80.9652714899999,-4.901892597999904],[-80.96665236499996,-4.898701222999875],[-80.97172461499997,-4.895851597999922],[-80.97288673999992,-4.893878722999943],[-80.97271661499997,-4.889917972999967],[-80.97344923999992,-4.8884980979999],[-80.97680473999998,-4.886410097999885],[-80.98220298999996,-4.885986347999904],[-80.98720511499988,-4.886703097999884],[-80.99111911499989,-4.882361347999904],[-80.99162698999999,-4.880197222999925],[-80.99010348999997,-4.876376972999935],[-80.98996098999999,-4.872660097999869],[-80.98656048999993,-4.870529347999877],[-80.98727923999996,-4.865960972999972],[-80.98848048999997,-4.865259722999951],[-80.98882998999994,-4.859609347999879],[-80.99201948999996,-4.854189472999906],[-80.99688861499988,-4.850453097999946],[-80.9950996149999,-4.847621097999934],[-80.98726948999996,-4.844339847999947],[-80.98515823999998,-4.842107472999942],[-80.98311911499985,-4.844220722999921],[-80.97997073999994,-4.843499972999894],[-80.974869115,-4.843789097999945],[-80.98010936499998,-4.838169972999935],[-80.98028911499989,-4.836570347999952],[-80.98282223999996,-4.833265597999969],[-80.98833598999994,-4.830806597999981],[-80.98996286499988,-4.828982472999883],[-80.99115236499989,-4.823982472999887],[-80.98647261499985,-4.817199222999875],[-80.98935936499987,-4.81078909799993],[-80.9861503649999,-4.808080097999948],[-80.98709961499986,-4.805660097999919],[-80.98549998999994,-4.804050722999932],[-80.9833378649999,-4.799349597999935],[-80.98097073999998,-4.796490222999978],[-80.98290036499998,-4.793810597999936],[-80.98028911499989,-4.79153909799993],[-80.98130073999994,-4.786779347999925],[-80.98243949,-4.785968722999939],[-80.98116023999995,-4.783019472999968],[-80.97707048999996,-4.782839847999867],[-80.9760996149999,-4.775150347999897],[-80.97687298999995,-4.773197222999954],[-80.96825786499988,-4.771792972999947],[-80.93192973999999,-4.804921847999935],[-80.93225786499994,-4.808646472999953],[-80.93103711499998,-4.815947222999966],[-80.93206823999998,-4.820796847999929],[-80.93410548999987,-4.827257847999931],[-80.93923236499995,-4.833177722999892],[-80.94162111499998,-4.83887109799997],[-80.94036723999989,-4.846300722999899],[-80.95375586499995,-4.86318947299992],[-80.9520819899999,-4.863435597999967],[-80.95032023999988,-4.86836322299996],[-80.94497848999987,-4.869847597999978],[-80.93935548999991,-4.868677722999962],[-80.93685736499998,-4.877183597999874],[-80.93814848999989,-4.881839847999913],[-80.9353652399999,-4.884806597999898],[-80.9328554899999,-4.889140597999926],[-80.92998048999988,-4.889095722999969],[-80.92429886499997,-4.893390597999883]]]]},"properties":{"ubigeo":"190506","nombre":"TAMARINDO"}},{"type":"Feature","geometry":{"type":"MultiPolygon","coordinates":[[[[-81.02892386499997,-4.856937472999903],[-81.02993361499995,-4.855089847999977],[-81.03431248999988,-4.850437472999943],[-81.03718161499995,-4.850882847999969],[-81.04004098999991,-4.853533222999943],[-81.04259948999999,-4.858281097999964],[-81.04234961499998,-4.86384759799995],[-81.04358986499994,-4.865554722999946],[-81.0483632399999,-4.866394472999957],[-81.05089261499995,-4.868353472999956],[-81.05089261499995,-4.870589847999895],[-81.04794136499999,-4.873206972999924],[-81.04739448999987,-4.876062472999934],[-81.04898823999991,-4.878775347999976],[-81.05132036499998,-4.879703097999879],[-81.05645311499995,-4.880050722999954],[-81.06243948999992,-4.87831834799988],[-81.06694336499999,-4.879679722999981],[-81.06976361499983,-4.879408222999928],[-81.07620898999994,-4.874681597999881],[-81.07686323999997,-4.871367222999936],[-81.07829686499986,-4.868794972999979],[-81.07879298999995,-4.863574222999944],[-81.08062298999994,-4.862337847999868],[-81.08223223999994,-4.865503847999832],[-81.08391398999993,-4.871244097999977],[-81.09048048999995,-4.882320347999894],[-81.0988006149999,-4.882052722999958],[-81.10848048999998,-4.879679722999981],[-81.11283398999996,-4.879482472999939],[-81.11716411499992,-4.882871097999896],[-81.11811136499995,-4.888958972999944],[-81.12101173999997,-4.893623097999921],[-81.12388086499993,-4.89404097299996],[-81.12940823999986,-4.893421847999889],[-81.13217386499997,-4.896167972999933],[-81.13358198999998,-4.898679722999873],[-81.13756636499994,-4.901886722999961],[-81.13899611499994,-4.904554722999876],[-81.14182036499994,-4.905498097999953],[-81.14302911499993,-4.904380722999974],[-81.14916986499998,-4.891810597999893],[-81.1504902399999,-4.891679722999811],[-81.15287698999992,-4.886906222999926],[-81.16371486499997,-4.873441347999972],[-81.16742973999993,-4.867759722999949],[-81.17662498999994,-4.855363222999927],[-81.1848398649999,-4.84589847299992],[-81.19115036499988,-4.839064472999894],[-81.19637111499992,-4.832742222999912],[-81.20847848999995,-4.819167972999878],[-81.21055273999997,-4.81640234799994],[-81.20571098999983,-4.815367222999896],[-81.04310348999991,-4.785425722999946],[-81.04037298999987,-4.789529347999917],[-81.04008398999991,-4.793113222999978],[-81.03846486499998,-4.800283222999951],[-81.03533198999986,-4.802900347999923],[-81.03252736499996,-4.810039097999947],[-81.03232811499998,-4.813919972999884],[-81.02974411499997,-4.81525572299995],[-81.02763273999989,-4.817568347999952],[-81.02818548999988,-4.820451222999907],[-81.02510936499993,-4.825779347999969],[-81.02480861499993,-4.829623097999956],[-81.02338086499992,-4.830939472999887],[-81.02215623999984,-4.836331972999915],[-81.01612498999998,-4.845318347999978],[-81.02171673999999,-4.845357472999922],[-81.02723636499996,-4.851576222999938],[-81.02644336499998,-4.854580097999872],[-81.02892386499997,-4.856937472999903]]]]},"properties":{"ubigeo":"190507","nombre":"VICHAYAL"}},{"type":"Feature","geometry":{"type":"MultiPolygon","coordinates":[[[[-80.40669670199992,-4.700734021999892],[-80.40689004399997,-4.704990011999939],[-80.40612004399992,-4.708410010999955],[-80.40437004399996,-4.710760010999877],[-80.40213004399999,-4.711120010999934],[-80.40287004399994,-4.714440010999908],[-80.4024800439999,-4.717620011999941],[-80.40008004399994,-4.718670010999972],[-80.40123004399999,-4.720710010999881],[-80.39869004399998,-4.725710011999979],[-80.39613004399996,-4.72783001099998],[-80.39279004399992,-4.728150011999901],[-80.39161004399989,-4.729440010999951],[-80.3904100439999,-4.733720011999878],[-80.38852004399996,-4.735090011999887],[-80.38786004399998,-4.741910011999948],[-80.3852800439999,-4.745250011999872],[-80.38525004399992,-4.747090010999898],[-80.38041004399992,-4.754040010999915],[-80.37699004399985,-4.757580011999892],[-80.37339004399996,-4.759210010999936],[-80.36793004399993,-4.765520011999968],[-80.35575381199993,-4.771076654999945],[-80.35943912899995,-4.775480688999892],[-80.36010658599992,-4.777900536999937],[-80.35329427199991,-4.78549601799989],[-80.34881340799996,-4.786380209999948],[-80.34742916599993,-4.789650166999877],[-80.34748064299993,-4.792360644999974],[-80.34990036499994,-4.792210972999953],[-80.35180073899988,-4.794769472999974],[-80.35672073899991,-4.798720722999974],[-80.36184961399988,-4.801009722999936],[-80.37168961499998,-4.800070348999895],[-80.37667973999993,-4.798171847999924],[-80.38024023899999,-4.798339847999898],[-80.38190823899998,-4.799589847999925],[-80.38225198899994,-4.802359347999925],[-80.38599023899997,-4.807101597999917],[-80.3928906139999,-4.807999973999927],[-80.39507036399993,-4.808900347999952],[-80.39992973899996,-4.80948822299996],[-80.40339061399993,-4.810900222999976],[-80.40496111499994,-4.812562472999957],[-80.40709948999995,-4.819349597999974],[-80.40883986499989,-4.821740222999892],[-80.41346098999998,-4.825150348999898],[-80.41748048899984,-4.827119097999969],[-80.41886911399996,-4.82896097299988],[-80.42299023899989,-4.828369097999939],[-80.43023048899988,-4.828609347999929],[-80.43489248899988,-4.825960972999894],[-80.43757036399995,-4.825460972999906],[-80.45051948999986,-4.828130847999944],[-80.45443948999991,-4.832570347999933],[-80.46082036399997,-4.831009722999909],[-80.46483011399988,-4.830650347999949],[-80.46852923899996,-4.828140597999948],[-80.47372073899999,-4.827529347999928],[-80.47652936399987,-4.825830097999926],[-80.48090036499997,-4.828529347999961],[-80.48682223899993,-4.831029348999948],[-80.48916998899995,-4.831199222999885],[-80.49426948999997,-4.82896097399987],[-80.49881048999998,-4.829419972999915],[-80.50584961499987,-4.823859347999928],[-80.50742973999996,-4.823369097999944],[-80.52200973999999,-4.82606059799997],[-80.54005073899992,-4.839789097999926],[-80.54553911499994,-4.846570347999943],[-80.54961923999991,-4.858970722999914],[-80.55178911499996,-4.861470723999901],[-80.55452923999991,-4.863050723999891],[-80.55328911399988,-4.867550723999898],[-80.5534297399999,-4.871150347999844],[-80.55233011399997,-4.873330098999872],[-80.55298048899994,-4.875550722999947],[-80.55751948999989,-4.880119097999909],[-80.56289061499996,-4.883169972999951],[-80.56746098899998,-4.883210972999962],[-80.57224023899994,-4.884830097999895],[-80.57380073999991,-4.891720722999935],[-80.57314061499983,-4.898300722999977],[-80.57358786499998,-4.899720723999963],[-80.58027923999992,-4.903359347999924],[-80.58259961499988,-4.905509722999966],[-80.58648048999993,-4.904259723999928],[-80.58869923999998,-4.905650347999938],[-80.59568948999998,-4.906060597999954],[-80.59874023899982,-4.911400347999916],[-80.60528911499989,-4.91800984799994],[-80.60568948899999,-4.927249972999903],[-80.60627923999994,-4.929490222999902],[-80.61136911499989,-4.933259722999878],[-80.61802923899984,-4.940759722999928],[-80.61993948999998,-4.947599597999954],[-80.62703898999996,-4.961359347999974],[-80.62734961499996,-4.966249972999947],[-80.62912886399994,-4.968820347999895],[-80.62995506699997,-4.974927225999977],[-80.64528565299997,-4.978582317999894],[-80.64711442799984,-4.98566234999987],[-80.64631119599989,-4.992567298999916],[-80.64749606699996,-4.997105276999946],[-80.64971949099998,-5.001389345999939],[-80.64944222799988,-5.006631062999929],[-80.65178537299994,-5.009936977999928],[-80.65427000499983,-5.016889976999948],[-80.65633379999997,-5.018375064999816],[-80.65762123299999,-5.021128319999889],[-80.65688146699989,-5.023554296999976],[-80.6676386719999,-5.021869139999978],[-80.67724218799992,-5.020804686999952],[-80.6859765619999,-5.019154296999886],[-80.70032423999999,-5.017623098999934],[-80.70007423999994,-5.010248097999977],[-80.70010173999998,-4.99849997299998],[-80.69944136499987,-4.992326222999964],[-80.6976933649999,-4.960085972999934],[-80.73712886499993,-4.899193347999926],[-80.73496486499994,-4.897915972999954],[-80.73456448999985,-4.890759722999974],[-80.7329454899999,-4.888199222999958],[-80.72822661499993,-4.885212847999867],[-80.72432811499993,-4.885609347999889],[-80.71746098999984,-4.891992222999932],[-80.71104098999996,-4.895935597999937],[-80.70203123999994,-4.898324222999975],[-80.6979433649999,-4.896755847999941],[-80.69420111499988,-4.893183597999894],[-80.68743748999998,-4.886271472999965],[-80.67942773999994,-4.883324222999931],[-80.67682811499998,-4.878623097999878],[-80.67629298999992,-4.875556597999889],[-80.67682423999992,-4.871783222999966],[-80.68082811499988,-4.867283222999959],[-80.68036723999995,-4.863050722999958],[-80.67667973999994,-4.860517597999888],[-80.67023823999995,-4.858939472999964],[-80.66534373999991,-4.860966847999975],[-80.66300986499988,-4.862953097999878],[-80.6563984899999,-4.865017597999895],[-80.65005273999992,-4.865294972999948],[-80.64769336499995,-4.864730472999952],[-80.64415423999998,-4.861640597999951],[-80.64275373999999,-4.858373097999959],[-80.64311323999988,-4.855777347999947],[-80.64058598999986,-4.850228472999902],[-80.63618948999988,-4.844665972999906],[-80.63415036499993,-4.843523472999891],[-80.63043748999996,-4.843599597999969],[-80.62454886499995,-4.840746097999954],[-80.62128511499992,-4.840599597999926],[-80.61874223999996,-4.84227534799993],[-80.6164218649999,-4.841701222999916],[-80.61693548999995,-4.838404347999926],[-80.61962498999998,-4.835480472999905],[-80.61991798999998,-4.832205097999974],[-80.61834573999982,-4.830824222999865],[-80.61557811499989,-4.831236222999848],[-80.61376173999997,-4.82995697299998],[-80.61409961499993,-4.82509572299989],[-80.61274611499994,-4.822331972999962],[-80.61298248999998,-4.820013722999875],[-80.6147753649999,-4.816433597999946],[-80.61168948999995,-4.81495122299998],[-80.61148236499992,-4.805796847999943],[-80.61061523999996,-4.802564472999961],[-80.60830861499988,-4.799544972999968],[-80.6039141149999,-4.799021472999812],[-80.59983011499992,-4.80382809799994],[-80.59534761499998,-4.802828222999835],[-80.59456636499988,-4.798001972999941],[-80.59018548999995,-4.795693222999944],[-80.58788473999994,-4.793462847999876],[-80.58563086499998,-4.784910097999898],[-80.58107611499997,-4.781056597999907],[-80.57639848999992,-4.780767597999898],[-80.57199023999993,-4.778900347999979],[-80.56547261499998,-4.780757847999894],[-80.56222461499993,-4.780441347999897],[-80.55880861499998,-4.77476934799995],[-80.55748636499999,-4.771191347999888],[-80.55796873999992,-4.766427722999936],[-80.55971873999988,-4.762667972999964],[-80.55924611499995,-4.758429722999949],[-80.5550292399999,-4.756417972999941],[-80.55396286499996,-4.754722597999944],[-80.5545214899999,-4.750263722999932],[-80.55209761499998,-4.747792972999889],[-80.54809961499996,-4.740136722999921],[-80.54892398999993,-4.736210972999913],[-80.54652536499998,-4.727900347999935],[-80.54507223999985,-4.725236347999953],[-80.54129886499999,-4.722101597999938],[-80.54104886499994,-4.719152347999966],[-80.54383598999988,-4.71563872299987],[-80.54320686499995,-4.706943347999925],[-80.54177736499997,-4.703818347999913],[-80.53593736499994,-4.698730472999955],[-80.52985548999999,-4.698220722999963],[-80.52863286499996,-4.696726597999941],[-80.52769923999983,-4.692769472999942],[-80.52460348999995,-4.691171847999897],[-80.52307223999998,-4.689183597999886],[-80.52028511499992,-4.683029347999877],[-80.51907411499991,-4.678740222999977],[-80.51689448999997,-4.675833972999953],[-80.50945699,-4.671081972999957],[-80.50185736399993,-4.670171847999882],[-80.50063298899988,-4.668091847999847],[-80.49670898899996,-4.66555072299991],[-80.49435361399992,-4.66853509799995],[-80.49138686399994,-4.669683597999892],[-80.48813861399987,-4.67215822299994],[-80.48463673899994,-4.678007847999879],[-80.48037886399999,-4.680456972999934],[-80.47031836399998,-4.678947222999966],[-80.46459373899995,-4.679431597999894],[-80.45854098899991,-4.681308597999873],[-80.45568373899994,-4.681134722999957],[-80.44978511399995,-4.683915972999955],[-80.44832223899994,-4.685742222999977],[-80.44476173899989,-4.684697222999944],[-80.44303911399999,-4.685720722999974],[-80.44252148899989,-4.689990222999938],[-80.43803911399993,-4.691289097999913],[-80.43646286399996,-4.690056597999899],[-80.43347848899987,-4.690390597999908],[-80.43492186399999,-4.697654347999901],[-80.43406836399998,-4.701400347999936],[-80.43453511399997,-4.703175597999916],[-80.43831448899988,-4.706664097999919],[-80.44025198899993,-4.71149222299988],[-80.44012886399997,-4.718347597999923],[-80.43619336399996,-4.717927722999889],[-80.43412111399994,-4.719187472999977],[-80.4328007389999,-4.722474597999962],[-80.42602536399994,-4.725203097999952],[-80.42134173899984,-4.721279347999939],[-80.41656448899988,-4.719628847999957],[-80.41431623899996,-4.716093722999972],[-80.41472073899985,-4.712414097999954],[-80.41241211399995,-4.70706834799995],[-80.40669670199992,-4.700734021999892]],[[-80.66807611499996,-4.895263722999971],[-80.66896486499996,-4.888458972999956],[-80.67077736499988,-4.886710972999936],[-80.67053911499988,-4.884267597999894],[-80.67295123999992,-4.881040972999926],[-80.67612498999995,-4.884089847999917],[-80.67942773999994,-4.885664097999893],[-80.67932423999997,-4.887187472999926],[-80.68295698999992,-4.88853509799992],[-80.68300786499998,-4.889804722999941],[-80.67932223999992,-4.89698247299998],[-80.673232365,-4.897835972999872],[-80.66901561499998,-4.896787097999891],[-80.66807611499996,-4.895263722999971]]]]},"properties":{"ubigeo":"190601","nombre":"SULLANA"}},{"type":"Feature","geometry":{"type":"MultiPolygon","coordinates":[[[[-80.66807611499996,-4.895263722999971],[-80.66901561499998,-4.896787097999891],[-80.673232365,-4.897835972999872],[-80.67932223999992,-4.89698247299998],[-80.68300786499998,-4.889804722999941],[-80.68295698999992,-4.88853509799992],[-80.67932423999997,-4.887187472999926],[-80.67942773999994,-4.885664097999893],[-80.67612498999995,-4.884089847999917],[-80.67295123999992,-4.881040972999926],[-80.67053911499988,-4.884267597999894],[-80.67077736499988,-4.886710972999936],[-80.66896486499996,-4.888458972999956],[-80.66807611499996,-4.895263722999971]]]]},"properties":{"ubigeo":"190602","nombre":"BELLAVISTA"}},{"type":"Feature","geometry":{"type":"MultiPolygon","coordinates":[[[[-80.28987698899994,-4.433238222999876],[-80.28646098899998,-4.430888722999896],[-80.28375586399989,-4.425767597999936],[-80.28089848899998,-4.427320347999967],[-80.28140823899997,-4.430312472999844],[-80.2788516139999,-4.433134722999966],[-80.27748436399997,-4.435914097999955],[-80.27223436399998,-4.438706972999853],[-80.27047261399997,-4.437699222999868],[-80.26956636399996,-4.43304497299988],[-80.26661523899992,-4.431638722999878],[-80.26526173899993,-4.429371097999933],[-80.25868161399995,-4.429800722999971],[-80.25565236399996,-4.435333972999899],[-80.25406448899992,-4.436515597999971],[-80.24946098899994,-4.437412097999925],[-80.24929311399995,-4.439324222999915],[-80.24305861399995,-4.439220722999892],[-80.2405839889999,-4.443078097999944],[-80.23895898899991,-4.440785097999935],[-80.24033398899991,-4.437636722999912],[-80.23840423899986,-4.436658222999881],[-80.23492973899988,-4.437552722999897],[-80.23380473899988,-4.441824222999912],[-80.23129686399994,-4.442132722999872],[-80.22755073899998,-4.444187472999886],[-80.22603911399995,-4.445955097999956],[-80.22791798899988,-4.451226597999948],[-80.2271347389999,-4.454169972999921],[-80.22495698899996,-4.454046847999962],[-80.21882223899996,-4.458474597999952],[-80.21850786399995,-4.45966797299991],[-80.21476948899982,-4.459759722999934],[-80.21235936399995,-4.463019472999918],[-80.21433011399995,-4.467140597999958],[-80.22081048899997,-4.468259722999903],[-80.22299998899985,-4.469230597999854],[-80.22406048899984,-4.471662097999968],[-80.22330073899997,-4.47764059799988],[-80.22152923899984,-4.479189472999963],[-80.2199297389999,-4.477699222999945],[-80.21708986399995,-4.481859347999887],[-80.21424998899982,-4.484470722999959],[-80.21563086399993,-4.48774997299995],[-80.21475973899999,-4.488730472999976],[-80.21690036399991,-4.491529347999915],[-80.21577923899997,-4.492519472999959],[-80.21374023899983,-4.49797072299998],[-80.21560936399993,-4.503249972999924],[-80.21341011399994,-4.50480072299996],[-80.21275973899998,-4.506990222999946],[-80.2140996139999,-4.508499972999971],[-80.21660936399991,-4.506999972999949],[-80.21789061399994,-4.509970722999981],[-80.22376948899984,-4.513960972999882],[-80.22221098899985,-4.520900347999941],[-80.22018948899989,-4.524531222999883],[-80.22213086399995,-4.529868972999964],[-80.22172073899998,-4.536460972999919],[-80.21886911399992,-4.537140597999951],[-80.21724023899998,-4.539449222999906],[-80.21711898899997,-4.542519472999913],[-80.21546086399991,-4.54252934799996],[-80.21364061399993,-4.54516009799994],[-80.20832036399992,-4.54658984799994],[-80.20973048899998,-4.548849597999947],[-80.20835936399993,-4.551029347999815],[-80.20910936399991,-4.55386909799995],[-80.20374998899996,-4.563691347999963],[-80.2043398639999,-4.565710972999966],[-80.20148048899995,-4.566990222999948],[-80.20253911399993,-4.571320347999972],[-80.20158986399991,-4.573849597999981],[-80.20544923899996,-4.579400347999979],[-80.20605073899998,-4.582300722999946],[-80.20767973899996,-4.584660097999972],[-80.2142596139999,-4.589380847999905],[-80.21649998899983,-4.590060597999923],[-80.21938286399995,-4.592310597999926],[-80.2213949149999,-4.595393903999877],[-80.22518364199993,-4.589802840999937],[-80.23162548699997,-4.587942950999945],[-80.23787248699983,-4.58986437599998],[-80.24273998099994,-4.588146302999917],[-80.24479305499983,-4.586377351999943],[-80.24875376799997,-4.585041217999958],[-80.25824118999998,-4.590268789999925],[-80.26344047099997,-4.590609255999937],[-80.26611008099997,-4.592335272999946],[-80.26930273299996,-4.595737215999975],[-80.27044537699999,-4.597940337999887],[-80.27368684499999,-4.600289209999914],[-80.28222491899999,-4.601207373999955],[-80.28599186199989,-4.602886566999871],[-80.29066610499984,-4.603657141999975],[-80.29333569799991,-4.605526679999912],[-80.29610207899992,-4.606008110999881],[-80.29943965499996,-4.607782553999868],[-80.30182235899991,-4.610369814999899],[-80.30549297599998,-4.613101937999943],[-80.30978068899998,-4.61904186299995],[-80.31230004399998,-4.620130011999947],[-80.33680004099995,-4.628084659999956],[-80.3370659659999,-4.630687792999879],[-80.33870203999993,-4.634818039999914],[-80.3388185529999,-4.637780052999972],[-80.34305004399988,-4.638230011999951],[-80.34535004399993,-4.640230010999971],[-80.34720004399998,-4.644170010999915],[-80.34725004399996,-4.649870010999848],[-80.34843004399994,-4.652430010999922],[-80.34859711099995,-4.658291817999896],[-80.35083215399993,-4.659700043999976],[-80.35417278999995,-4.658566225999948],[-80.35819822299993,-4.658539993999909],[-80.36430891799989,-4.660729585999889],[-80.37116612199998,-4.661782898999888],[-80.37316095999995,-4.665135541999916],[-80.38306113099998,-4.664545941999904],[-80.38803004499988,-4.666620011999896],[-80.39305004399995,-4.675180010999952],[-80.39186004399988,-4.679060010999876],[-80.39216004399992,-4.68129001199992],[-80.39455004399997,-4.683920010999941],[-80.3986100439999,-4.691270010999972],[-80.4015300449999,-4.700780010999949],[-80.40669670199992,-4.700734021999892],[-80.41241211399995,-4.70706834799995],[-80.41472073899985,-4.712414097999954],[-80.41431623899996,-4.716093722999972],[-80.41656448899988,-4.719628847999957],[-80.42134173899984,-4.721279347999939],[-80.42602536399994,-4.725203097999952],[-80.4328007389999,-4.722474597999962],[-80.43412111399994,-4.719187472999977],[-80.43619336399996,-4.717927722999889],[-80.44012886399997,-4.718347597999923],[-80.44025198899993,-4.71149222299988],[-80.43831448899988,-4.706664097999919],[-80.43453511399997,-4.703175597999916],[-80.43406836399998,-4.701400347999936],[-80.43492186399999,-4.697654347999901],[-80.43347848899987,-4.690390597999908],[-80.43646286399996,-4.690056597999899],[-80.43803911399993,-4.691289097999913],[-80.44252148899989,-4.689990222999938],[-80.44303911399999,-4.685720722999974],[-80.44476173899989,-4.684697222999944],[-80.44832223899994,-4.685742222999977],[-80.44978511399995,-4.683915972999955],[-80.45568373899994,-4.681134722999957],[-80.45854098899991,-4.681308597999873],[-80.46459373899995,-4.679431597999894],[-80.47031836399998,-4.678947222999966],[-80.48037886399999,-4.680456972999934],[-80.48463673899994,-4.678007847999879],[-80.48813861399987,-4.67215822299994],[-80.49138686399994,-4.669683597999892],[-80.49435361399992,-4.66853509799995],[-80.49670898899996,-4.66555072299991],[-80.50063298899988,-4.668091847999847],[-80.50185736399993,-4.670171847999882],[-80.50945699,-4.671081972999957],[-80.50979886499994,-4.661839847999829],[-80.51263086499989,-4.657810597999969],[-80.51426948999995,-4.654080097999952],[-80.51968948999996,-4.654039097999942],[-80.52192973999996,-4.65091997299993],[-80.5224198649999,-4.646490222999887],[-80.52194923999997,-4.643609347999927],[-80.52391986499993,-4.639830097999948],[-80.52741011499995,-4.63726947299989],[-80.53102923999995,-4.636890597999979],[-80.53600973999988,-4.637499972999876],[-80.54111911499996,-4.6342597229999],[-80.54799024,-4.634339847999968],[-80.55017986499996,-4.632990222999979],[-80.55042973999991,-4.627818347999948],[-80.55351948999987,-4.624080097999979],[-80.5559394899999,-4.623669847999963],[-80.5642792399999,-4.62416997299988],[-80.56716011499998,-4.622749972999884],[-80.57302923999993,-4.622050722999973],[-80.5740292399999,-4.623720722999849],[-80.57968948999996,-4.624249972999962],[-80.5838301149999,-4.626119097999947],[-80.58733011499999,-4.625039097999945],[-80.58808986499986,-4.623720722999849],[-80.59200973999998,-4.622868972999868],[-80.59407036499988,-4.623279347999926],[-80.5991503649999,-4.622369097999922],[-80.60155073999994,-4.62498047299988],[-80.60796874,-4.622412097999927],[-80.61163286499993,-4.622144472999878],[-80.61503123999995,-4.623400347999961],[-80.61826173999998,-4.625933597999961],[-80.62405073999997,-4.625734347999924],[-80.62913861499993,-4.626101472999835],[-80.62913861499993,-4.621206972999971],[-80.62975786499993,-4.616634722999947],[-80.63252736499993,-4.609400222999966],[-80.63548636499996,-4.605150472999981],[-80.63866011499994,-4.594609347999892],[-80.64296286499996,-4.591677722999975],[-80.64309761499993,-4.589822222999942],[-80.63892773999999,-4.581242222999947],[-80.63852536499996,-4.576718722999942],[-80.63715236499996,-4.570826222999926],[-80.63832223999998,-4.564892597999972],[-80.63424611499994,-4.555568347999952],[-80.63351948999997,-4.548501972999929],[-80.63225786499993,-4.544425722999904],[-80.63394923999988,-4.54364647299991],[-80.63668736499994,-4.545984347999934],[-80.64231636499994,-4.547572222999918],[-80.64998236499997,-4.548351597999954],[-80.65441986499997,-4.547960972999931],[-80.65838661499998,-4.544652347999943],[-80.65833986499996,-4.541361347999953],[-80.6599922399999,-4.537576222999917],[-80.67351948999993,-4.533165972999882],[-80.67615811499996,-4.529976597999962],[-80.67840248999994,-4.528910097999926],[-80.683330115,-4.528679722999868],[-80.68473048999994,-4.525769472999968],[-80.68443548999994,-4.523800722999965],[-80.67588086499984,-4.520544972999971],[-80.67238473999993,-4.519845847999932],[-80.66439648999994,-4.520195347999959],[-80.65925973999992,-4.519253847999948],[-80.6566894899999,-4.515597722999871],[-80.6566894899999,-4.511019472999976],[-80.65559961499997,-4.507230472999936],[-80.65816986499993,-4.504279347999898],[-80.66314061499997,-4.504970722999815],[-80.66430073999993,-4.502949222999973],[-80.66703123999991,-4.502160097999877],[-80.67052736499983,-4.498814347999883],[-80.67222261499995,-4.494081972999936],[-80.67751361499995,-4.485956972999929],[-80.68133986499998,-4.483458972999927],[-80.68213286499986,-4.479386597999962],[-80.68682611499997,-4.477540972999918],[-80.69612498999999,-4.477914097999872],[-80.69931048999996,-4.476197222999929],[-80.70301361499992,-4.477326222999977],[-80.70470898999997,-4.475417972999935],[-80.70663861499992,-4.468915972999923],[-80.70890036499992,-4.466597597999964],[-80.71952736499992,-4.460517597999967],[-80.72307811499991,-4.454681597999979],[-80.72477923999998,-4.443451222999897],[-80.72373823999999,-4.435767597999927],[-80.72628123999988,-4.433499972999869],[-80.73033986499996,-4.432576222999899],[-80.73290036499992,-4.428777347999926],[-80.73336911499996,-4.424453097999958],[-80.73288861499992,-4.421539097999926],[-80.73342573999997,-4.41816197299994],[-80.73154886499998,-4.41496097299995],[-80.7219198649999,-4.408312472999967],[-80.72547073999988,-4.402939472999947],[-80.72473436499996,-4.398248097999897],[-80.72602148999988,-4.395732472999953],[-80.72542773999999,-4.393376972999931],[-80.72311311499993,-4.389279347999889],[-80.72260736499993,-4.385392597999896],[-80.72420111499991,-4.381652347999875],[-80.72299798999995,-4.379824222999957],[-80.72097261499994,-4.379798847999893],[-80.71860736499991,-4.377734347999876],[-80.71592973999998,-4.372023472999956],[-80.71126561499989,-4.368947222999907],[-80.7082323649999,-4.365540972999895],[-80.70542173999996,-4.36020697299989],[-80.70558598999997,-4.356302722999885],[-80.70818948999994,-4.350455097999941],[-80.71038286499993,-4.349378847999958],[-80.72125198999998,-4.352230472999906],[-80.72526173999984,-4.357583972999919],[-80.73055073999984,-4.354898472999935],[-80.73456248999997,-4.349874972999885],[-80.73853711499999,-4.347607472999925],[-80.74274611499999,-4.346445347999975],[-80.74559961499995,-4.344128847999968],[-80.74772848999987,-4.340884722999874],[-80.7503729899999,-4.338466847999939],[-80.75661523999992,-4.33635759799995],[-80.7590292399999,-4.330410097999959],[-80.76172861499998,-4.327099597999961],[-80.76445511499998,-4.327619097999957],[-80.76866411499998,-4.325300722999827],[-80.76975973999993,-4.323419972999886],[-80.76928323999994,-4.317613222999967],[-80.76438473999991,-4.314822222999965],[-80.76380661499996,-4.313251972999979],[-80.76024998999992,-4.311251972999969],[-80.7590859899999,-4.308230472999981],[-80.75622261499996,-4.304654347999929],[-80.7515097399999,-4.302751972999943],[-80.7494627399999,-4.301121097999896],[-80.74684173999987,-4.295085972999971],[-80.74528911499993,-4.293662097999913],[-80.74308398999989,-4.286447222999925],[-80.74086136499994,-4.283851597999899],[-80.7403437399999,-4.279917847999968],[-80.73578123999988,-4.275947222999946],[-80.73239449,-4.274417972999913],[-80.73016598999999,-4.270205097999963],[-80.72949986499992,-4.262595722999947],[-80.72722673999988,-4.260527347999812],[-80.72249223999984,-4.259165972999881],[-80.71858598999984,-4.255859347999944],[-80.71792573999994,-4.252902347999964],[-80.71561523999998,-4.248949222999897],[-80.71910361499994,-4.244917972999872],[-80.71700586499992,-4.241546847999928],[-80.71639061499991,-4.23677934799997],[-80.71844536499992,-4.235488222999891],[-80.72052736499995,-4.229412097999955],[-80.71762111499993,-4.226062472999956],[-80.71458398999982,-4.224896472999831],[-80.71398048999998,-4.223173847999931],[-80.71677736499993,-4.220103472999824],[-80.7210663649999,-4.219181597999921],[-80.72438286499994,-4.215076222999869],[-80.72394123999999,-4.212414097999897],[-80.72639648999984,-4.207042972999943],[-80.72513861499993,-4.20497259799987],[-80.72671673999997,-4.202589847999889],[-80.72514273999991,-4.200322222999944],[-80.71967573999996,-4.200724597999908],[-80.71659961499995,-4.197273472999939],[-80.71457036499993,-4.193449222999959],[-80.71218948899985,-4.190320346999897],[-80.7090996149999,-4.189060596999923],[-80.7051796149999,-4.189849597999853],[-80.70032036499993,-4.187800596999978],[-80.69490036399992,-4.1900898479999],[-80.69161911499998,-4.192640596999922],[-80.68901948899997,-4.196599596999931],[-80.68414061399989,-4.198400347999893],[-80.68036911399992,-4.200777347999917],[-80.67749023899995,-4.205060596999942],[-80.67403911399987,-4.207400347999908],[-80.6725391139999,-4.210480471999972],[-80.66993948899994,-4.211720721999882],[-80.66645111499997,-4.215058846999966],[-80.66206048999993,-4.217527347999919],[-80.65991986399996,-4.217869097999937],[-80.65551948899991,-4.222660096999959],[-80.64976948999987,-4.224880846999952],[-80.64614061499998,-4.227380847999939],[-80.64523048899991,-4.229560596999931],[-80.64092974,-4.229460971999913],[-80.63652923999985,-4.228320347999954],[-80.63266011499996,-4.228039097999954],[-80.62957036499995,-4.229539096999929],[-80.62582036399994,-4.229769472999976],[-80.62322073999997,-4.231779346999929],[-80.61830086399993,-4.228179596999951],[-80.61691986499989,-4.228689472999974],[-80.61133011499993,-4.225390597999933],[-80.61077923999994,-4.22126947299995],[-80.60873048999997,-4.217070347999936],[-80.60394911399993,-4.214800721999836],[-80.60458011499992,-4.211150346999943],[-80.60121098899998,-4.213169971999889],[-80.59819923899983,-4.213119096999947],[-80.59592973999997,-4.214249971999891],[-80.5943808639999,-4.213318347999916],[-80.58982036499987,-4.214119097999912],[-80.58974023999997,-4.209109346999924],[-80.59066986499988,-4.206970722999813],[-80.58872073999999,-4.202980472999968],[-80.58661911499985,-4.202249971999947],[-80.58723048899998,-4.199509722999949],[-80.58474023999997,-4.198249972999974],[-80.58096098999994,-4.19474022299994],[-80.57767961499997,-4.196039097999915],[-80.57680073999995,-4.194320222999977],[-80.57697073899999,-4.190949222999961],[-80.57458986499984,-4.189789097999892],[-80.57343948999994,-4.187480472999937],[-80.57244923999991,-4.181169971999964],[-80.56780073899995,-4.179630847999874],[-80.56418948999993,-4.17709959799987],[-80.56174998899996,-4.176800721999939],[-80.56083011499999,-4.174701222999943],[-80.56222073999993,-4.171689471999969],[-80.56238086399998,-4.167617221999933],[-80.56085936399984,-4.166980471999977],[-80.55766986399982,-4.168199221999942],[-80.5567402399999,-4.166500097999972],[-80.55889061399984,-4.163970721999931],[-80.55898048899996,-4.161080096999967],[-80.55694923999988,-4.159330096999838],[-80.5536797399999,-4.15946097199992],[-80.55198048999989,-4.157900347999941],[-80.55256036399999,-4.154970721999916],[-80.55168948999989,-4.153119096999944],[-80.54906048999999,-4.152130846999967],[-80.54743948999987,-4.147509721999938],[-80.5455604899999,-4.146210971999949],[-80.54605073999988,-4.142099596999969],[-80.54047073899989,-4.140480471999922],[-80.54021111399999,-4.138060596999935],[-80.53858211499994,-4.135980471999915],[-80.5389394899999,-4.132669971999917],[-80.53555073899992,-4.12853909699993],[-80.5329902389999,-4.121699221999904],[-80.52641986499992,-4.120359346999976],[-80.52708998899993,-4.115039096999965],[-80.5243457389999,-4.107414096999946],[-80.52276948899998,-4.104857471999878],[-80.52009173899984,-4.102939471999832],[-80.51719536399997,-4.098035096999922],[-80.5135273649999,-4.097550721999937],[-80.51093948899984,-4.093576221999967],[-80.50424023899996,-4.090556596999875],[-80.49994723899994,-4.091183596999883],[-80.49908386399989,-4.088009721999981],[-80.49578711399994,-4.087281221999945],[-80.4922441139999,-4.084763721999934],[-80.48827348899994,-4.084816346999901],[-80.48733198899998,-4.083128846999898],[-80.48324611399988,-4.086015596999914],[-80.48133598899994,-4.088669971999934],[-80.48157423899994,-4.094300721999957],[-80.47731836399998,-4.09668947199998],[-80.47603323899995,-4.102263721999975],[-80.47501173899997,-4.103837846999909],[-80.46942186399997,-4.108546846999957],[-80.46585161399997,-4.112410096999952],[-80.46384573899996,-4.11580072199996],[-80.46342973899993,-4.12029097199985],[-80.46563286399999,-4.123119096999972],[-80.46737698899994,-4.127292971999907],[-80.46492986399988,-4.129369096999937],[-80.46269923899996,-4.128839846999938],[-80.45994923899991,-4.125890596999966],[-80.45646098899994,-4.124380846999941],[-80.45167973899993,-4.125240221999888],[-80.44859761399994,-4.120730471999877],[-80.44703911399995,-4.121861346999935],[-80.44932036399996,-4.125249971999892],[-80.44992973899991,-4.128830096999934],[-80.44882423899992,-4.129992221999885],[-80.44880273899992,-4.154027347999943],[-80.4492479889999,-4.180587847999959],[-80.44931248899991,-4.209335972999952],[-80.4456484889999,-4.207556597999883],[-80.44464448899993,-4.203843722999977],[-80.4389472389999,-4.198636722999936],[-80.4342734889999,-4.195937472999958],[-80.43205073899986,-4.195857472999933],[-80.4285603639999,-4.19724609799988],[-80.4252382389999,-4.200164097999902],[-80.41889648899985,-4.203349597999875],[-80.41767186399994,-4.205068347999884],[-80.41629098899983,-4.211009722999961],[-80.41368161399993,-4.21455272299994],[-80.41109373899997,-4.215175722999959],[-80.40927736399993,-4.218535097999904],[-80.40420311399993,-4.214179722999972],[-80.4017283639999,-4.212710972999957],[-80.39394536399993,-4.206265722999945],[-80.38830073899999,-4.202478472999928],[-80.38693361399987,-4.202890597999897],[-80.38385736399988,-4.206619097999919],[-80.38230061399997,-4.207251972999813],[-80.37823436399998,-4.204851597999891],[-80.37128898899994,-4.197554722999939],[-80.36778123899995,-4.197431597999866],[-80.36511136399997,-4.200185597999905],[-80.36425198899997,-4.203638722999813],[-80.36476936399998,-4.206572222999966],[-80.35877923899994,-4.212667972999952],[-80.35781836399997,-4.215175722999959],[-80.35510161399998,-4.216962847999923],[-80.35505073899992,-4.218509722999954],[-80.35267973899994,-4.220701222999878],[-80.34992186399995,-4.218406222999818],[-80.34694348899995,-4.217669972999829],[-80.34641598899992,-4.212632847999942],[-80.33937886399997,-4.208535097999913],[-80.33576948899986,-4.21268559799995],[-80.32937111399997,-4.214577972999962],[-80.32389848899999,-4.208618972999943],[-80.31848236399992,-4.20526947299993],[-80.31319336399991,-4.198253847999865],[-80.31213473899999,-4.19855859799992],[-80.30958011399991,-4.205619097999886],[-80.31680073899997,-4.213599597999917],[-80.32336911399995,-4.21732034799993],[-80.32584961399994,-4.221050722999962],[-80.32883011399997,-4.223132847999921],[-80.33143948899988,-4.226449222999975],[-80.33299998899986,-4.229810597999972],[-80.33631048899986,-4.233197222999877],[-80.33714061399996,-4.236039097999935],[-80.34077923899991,-4.239599597999927],[-80.34257036399998,-4.243070347999947],[-80.34589061399998,-4.246830097999975],[-80.35056048899992,-4.250609347999955],[-80.35234961399982,-4.252880847999961],[-80.35250973899991,-4.258720722999897],[-80.35528911399996,-4.262240222999935],[-80.35749986399998,-4.262259722999886],[-80.36325973899994,-4.267539097999872],[-80.36724998899996,-4.269949347999898],[-80.36717573899995,-4.282050722999941],[-80.37097848899992,-4.28403509799989],[-80.37998236399989,-4.291394472999968],[-80.3850976139999,-4.291734347999864],[-80.38701761399989,-4.29567184799987],[-80.39079686399992,-4.295767597999884],[-80.39032223899994,-4.298382972999946],[-80.39838473899994,-4.303777347999926],[-80.39855661399992,-4.305644472999973],[-80.40131048899997,-4.308017597999935],[-80.40499411399992,-4.310068347999902],[-80.40639648899997,-4.313271472999816],[-80.41162698899984,-4.317048847999956],[-80.41268948899989,-4.319914097999913],[-80.41546873899983,-4.323080097999934],[-80.41845511399993,-4.327763722999975],[-80.42046111399998,-4.32974609799993],[-80.42356836399995,-4.330984347999959],[-80.42381836399994,-4.333183597999948],[-80.42672461399997,-4.336583972999904],[-80.42992773899988,-4.342830097999979],[-80.43027148899989,-4.34629297299989],[-80.42962711399997,-4.351371097999959],[-80.43216986399995,-4.352076222999926],[-80.43236136399997,-4.355380847999811],[-80.43490423899988,-4.358726472999876],[-80.43539848899991,-4.361646472999894],[-80.44414448899988,-4.365988222999931],[-80.44578511399999,-4.367804722999949],[-80.44547661399997,-4.371257847999971],[-80.44792186399997,-4.374302722999914],[-80.44853911399997,-4.376345722999929],[-80.45248636399998,-4.38082822299998],[-80.45377736399996,-4.385615222999945],[-80.45338086399983,-4.388609347999875],[-80.45128911399996,-4.389773472999934],[-80.44859761399994,-4.394058597999901],[-80.4506229889999,-4.394037097999899],[-80.45231836399995,-4.397289222999973],[-80.45154098899991,-4.399148472999968],[-80.44765036399997,-4.402841847999923],[-80.45353323899991,-4.40697459799992],[-80.4537714889999,-4.408632847999911],[-80.45229486399995,-4.412976472999958],[-80.44905273899991,-4.419374972999947],[-80.45088086399994,-4.420261722999953],[-80.45028323899993,-4.424414222999872],[-80.4515097389999,-4.426980347999915],[-80.4500819889999,-4.428962847999969],[-80.45146486399995,-4.431706972999962],[-80.44889636399995,-4.432519472999843],[-80.45008986399995,-4.435904347999951],[-80.44840823899995,-4.438320347999934],[-80.44587698899994,-4.439548847999959],[-80.44733786399996,-4.441953097999942],[-80.44910161399997,-4.447187472999872],[-80.44438286399998,-4.446427722999886],[-80.44116411399995,-4.452314597999873],[-80.4406387389999,-4.454849597999953],[-80.43879298899992,-4.456439472999932],[-80.43520311399999,-4.456126972999925],[-80.42783986399996,-4.45906834799996],[-80.42473648899988,-4.45917972299992],[-80.4255409889999,-4.462281222999934],[-80.42473436399996,-4.463599597999973],[-80.41995111399996,-4.466695347999973],[-80.41960723899996,-4.460664097999825],[-80.41726761399997,-4.459689597999841],[-80.41368748899998,-4.46442972299991],[-80.41113673899997,-4.464171847999978],[-80.40725786399992,-4.466831972999898],[-80.4066093639999,-4.46911522299996],[-80.40216011399991,-4.470033097999817],[-80.39938473899997,-4.473607472999959],[-80.39607036399991,-4.476560597999878],[-80.39717973899997,-4.480984347999879],[-80.39503511399988,-4.482134722999945],[-80.39219136399987,-4.485177722999936],[-80.38954298899995,-4.486111347999895],[-80.3842011139999,-4.482755847999897],[-80.3823163639999,-4.478501972999936],[-80.37987111399991,-4.476699222999969],[-80.37788673899996,-4.477833972999974],[-80.37162298899995,-4.479429722999953],[-80.36601948899994,-4.479224597999973],[-80.36189061399983,-4.480083972999978],[-80.35791798899993,-4.474841972999968],[-80.35523048899995,-4.472652222999898],[-80.3516484889999,-4.472714847999839],[-80.3473944889999,-4.471027347999836],[-80.34278511399998,-4.468349472999932],[-80.33587298899988,-4.467396472999951],[-80.33468748899986,-4.46466197299992],[-80.33069336399996,-4.462263722999921],[-80.32881048899998,-4.461955097999976],[-80.32409373899998,-4.456002097999885],[-80.31849611399997,-4.45132222299992],[-80.31472848899983,-4.451632847999974],[-80.30847461399992,-4.448990222999896],[-80.30396486399991,-4.44515034799997],[-80.30231436399993,-4.440097597999966],[-80.29873236399987,-4.44002159799993],[-80.29354098899995,-4.438283222999871],[-80.29001948899997,-4.434638722999864],[-80.28987698899994,-4.433238222999876]]]]},"properties":{"ubigeo":"190603","nombre":"LANCONES"}},{"type":"Feature","geometry":{"type":"MultiPolygon","coordinates":[[[[-80.84341211499998,-4.18858209799987],[-80.83944136499997,-4.1895155979999],[-80.83314061499993,-4.188218722999977],[-80.82986136499994,-4.185716847999856],[-80.82401561499995,-4.185619097999847],[-80.81911911499992,-4.182759722999947],[-80.81525586499993,-4.181654347999881],[-80.81340423999995,-4.179902346999882],[-80.80858011499993,-4.177656221999939],[-80.80330661499988,-4.175966847999973],[-80.79943748999995,-4.17862697299995],[-80.79718948999994,-4.178650347999962],[-80.79015036499999,-4.180240222999942],[-80.78540036399988,-4.178900472999942],[-80.7841191149999,-4.180320346999906],[-80.78150973999993,-4.179699222999943],[-80.78235948999998,-4.177400347999878],[-80.78038086499998,-4.17573047299993],[-80.77716011499996,-4.176390597999955],[-80.77046098999995,-4.174220722999962],[-80.76300973999992,-4.174910097999827],[-80.76117973999993,-4.175759722999942],[-80.75983023999993,-4.178900471999953],[-80.7539902399999,-4.179820346999918],[-80.7512402399999,-4.177660097999876],[-80.74874036399984,-4.177400347999878],[-80.74551948999988,-4.181619097999885],[-80.74550973999999,-4.184029346999921],[-80.74313086399997,-4.183939472999953],[-80.74221098999988,-4.181779346999917],[-80.7375194899999,-4.180609346999915],[-80.73621098899991,-4.178320347999886],[-80.73338086399997,-4.178890596999906],[-80.73123048999997,-4.181460971999968],[-80.72949986499992,-4.181019471999946],[-80.72800973999983,-4.182970721999936],[-80.72821098999998,-4.186689472999944],[-80.72335936499991,-4.190650347999849],[-80.72199011499993,-4.189910097999871],[-80.71865023999999,-4.194249972999955],[-80.71457036499993,-4.193449222999959],[-80.71659961499995,-4.197273472999939],[-80.71967573999996,-4.200724597999908],[-80.72514273999991,-4.200322222999944],[-80.72671673999997,-4.202589847999889],[-80.72513861499993,-4.20497259799987],[-80.72639648999984,-4.207042972999943],[-80.72394123999999,-4.212414097999897],[-80.72438286499994,-4.215076222999869],[-80.7210663649999,-4.219181597999921],[-80.71677736499993,-4.220103472999824],[-80.71398048999998,-4.223173847999931],[-80.71458398999982,-4.224896472999831],[-80.71762111499993,-4.226062472999956],[-80.72052736499995,-4.229412097999955],[-80.71844536499992,-4.235488222999891],[-80.71639061499991,-4.23677934799997],[-80.71700586499992,-4.241546847999928],[-80.71910361499994,-4.244917972999872],[-80.71561523999998,-4.248949222999897],[-80.71792573999994,-4.252902347999964],[-80.71858598999984,-4.255859347999944],[-80.72249223999984,-4.259165972999881],[-80.72722673999988,-4.260527347999812],[-80.72949986499992,-4.262595722999947],[-80.73016598999999,-4.270205097999963],[-80.73239449,-4.274417972999913],[-80.73578123999988,-4.275947222999946],[-80.7403437399999,-4.279917847999968],[-80.74086136499994,-4.283851597999899],[-80.74308398999989,-4.286447222999925],[-80.74528911499993,-4.293662097999913],[-80.74684173999987,-4.295085972999971],[-80.7494627399999,-4.301121097999896],[-80.7515097399999,-4.302751972999943],[-80.75622261499996,-4.304654347999929],[-80.7590859899999,-4.308230472999981],[-80.76024998999992,-4.311251972999969],[-80.76380661499996,-4.313251972999979],[-80.76438473999991,-4.314822222999965],[-80.76928323999994,-4.317613222999967],[-80.76975973999993,-4.323419972999886],[-80.76866411499998,-4.325300722999827],[-80.76445511499998,-4.327619097999957],[-80.76172861499998,-4.327099597999961],[-80.7590292399999,-4.330410097999959],[-80.75661523999992,-4.33635759799995],[-80.7503729899999,-4.338466847999939],[-80.74772848999987,-4.340884722999874],[-80.74559961499995,-4.344128847999968],[-80.74274611499999,-4.346445347999975],[-80.73853711499999,-4.347607472999925],[-80.73456248999997,-4.349874972999885],[-80.73055073999984,-4.354898472999935],[-80.72526173999984,-4.357583972999919],[-80.72125198999998,-4.352230472999906],[-80.71038286499993,-4.349378847999958],[-80.70818948999994,-4.350455097999941],[-80.70558598999997,-4.356302722999885],[-80.70542173999996,-4.36020697299989],[-80.7082323649999,-4.365540972999895],[-80.71126561499989,-4.368947222999907],[-80.71592973999998,-4.372023472999956],[-80.71860736499991,-4.377734347999876],[-80.72097261499994,-4.379798847999893],[-80.72299798999995,-4.379824222999957],[-80.72420111499991,-4.381652347999875],[-80.72260736499993,-4.385392597999896],[-80.72311311499993,-4.389279347999889],[-80.72542773999999,-4.393376972999931],[-80.72602148999988,-4.395732472999953],[-80.72473436499996,-4.398248097999897],[-80.72547073999988,-4.402939472999947],[-80.7219198649999,-4.408312472999967],[-80.73154886499998,-4.41496097299995],[-80.73342573999997,-4.41816197299994],[-80.73288861499992,-4.421539097999926],[-80.73336911499996,-4.424453097999958],[-80.73290036499992,-4.428777347999926],[-80.73033986499996,-4.432576222999899],[-80.72628123999988,-4.433499972999869],[-80.72373823999999,-4.435767597999927],[-80.72477923999998,-4.443451222999897],[-80.72307811499991,-4.454681597999979],[-80.71952736499992,-4.460517597999967],[-80.70890036499992,-4.466597597999964],[-80.70663861499992,-4.468915972999923],[-80.70470898999997,-4.475417972999935],[-80.70301361499992,-4.477326222999977],[-80.69931048999996,-4.476197222999929],[-80.69612498999999,-4.477914097999872],[-80.68682611499997,-4.477540972999918],[-80.68213286499986,-4.479386597999962],[-80.68133986499998,-4.483458972999927],[-80.67751361499995,-4.485956972999929],[-80.67222261499995,-4.494081972999936],[-80.67052736499983,-4.498814347999883],[-80.66703123999991,-4.502160097999877],[-80.66430073999993,-4.502949222999973],[-80.66314061499997,-4.504970722999815],[-80.65816986499993,-4.504279347999898],[-80.65559961499997,-4.507230472999936],[-80.6566894899999,-4.511019472999976],[-80.6566894899999,-4.515597722999871],[-80.65925973999992,-4.519253847999948],[-80.66439648999994,-4.520195347999959],[-80.67238473999993,-4.519845847999932],[-80.67588086499984,-4.520544972999971],[-80.68443548999994,-4.523800722999965],[-80.68473048999994,-4.525769472999968],[-80.683330115,-4.528679722999868],[-80.67840248999994,-4.528910097999926],[-80.67615811499996,-4.529976597999962],[-80.67351948999993,-4.533165972999882],[-80.6599922399999,-4.537576222999917],[-80.65833986499996,-4.541361347999953],[-80.65838661499998,-4.544652347999943],[-80.65441986499997,-4.547960972999931],[-80.64998236499997,-4.548351597999954],[-80.64231636499994,-4.547572222999918],[-80.63668736499994,-4.545984347999934],[-80.63394923999988,-4.54364647299991],[-80.63225786499993,-4.544425722999904],[-80.63351948999997,-4.548501972999929],[-80.63424611499994,-4.555568347999952],[-80.63832223999998,-4.564892597999972],[-80.63715236499996,-4.570826222999926],[-80.63852536499996,-4.576718722999942],[-80.63892773999999,-4.581242222999947],[-80.64309761499993,-4.589822222999942],[-80.64296286499996,-4.591677722999975],[-80.63866011499994,-4.594609347999892],[-80.63548636499996,-4.605150472999981],[-80.63252736499993,-4.609400222999966],[-80.62975786499993,-4.616634722999947],[-80.62913861499993,-4.621206972999971],[-80.62913861499993,-4.626101472999835],[-80.63112873999995,-4.630404222999971],[-80.63137886499993,-4.634068347999971],[-80.63254498999999,-4.637759722999874],[-80.6362929899999,-4.63976559799994],[-80.63742186499996,-4.641294972999901],[-80.63946661499995,-4.647992222999903],[-80.6416172399999,-4.650249972999916],[-80.64196673999999,-4.653882847999967],[-80.63857811499997,-4.66294534799988],[-80.63339861499998,-4.667220722999957],[-80.63206636499996,-4.672306597999977],[-80.63338861499994,-4.681447347999892],[-80.63849798999985,-4.690456972999925],[-80.63960161499995,-4.694115097999884],[-80.64307036499997,-4.699009722999961],[-80.64645898999987,-4.706431597999938],[-80.64941598999991,-4.710062472999823],[-80.65123823999988,-4.713904347999971],[-80.65496098999989,-4.714564472999882],[-80.65694723999991,-4.717626972999881],[-80.66271873999989,-4.720988222999836],[-80.66470511499995,-4.725005847999967],[-80.66752923999991,-4.729093722999892],[-80.66948436499996,-4.729914097999938],[-80.67200786499984,-4.733382847999962],[-80.67547661499998,-4.740322222999907],[-80.67592573999991,-4.742574222999906],[-80.67534173999991,-4.746648472999937],[-80.67661311499995,-4.752052597999977],[-80.67897848999996,-4.758406222999952],[-80.68042773999997,-4.760978597999895],[-80.68003511499984,-4.765201222999963],[-80.68082611499983,-4.772540972999934],[-80.67961136499997,-4.777423847999898],[-80.67879298999992,-4.786220722999929],[-80.67609373999994,-4.789322222999942],[-80.67984173999992,-4.789386597999908],[-80.68576761499986,-4.7925078479999],[-80.69034573999994,-4.793998097999918],[-80.69251173999999,-4.797681597999883],[-80.69242386499991,-4.801699222999957],[-80.69446873999993,-4.80406834799993],[-80.69211311499998,-4.806550722999816],[-80.69548823999997,-4.811490222999964],[-80.69862886499999,-4.814220722999892],[-80.69942773999998,-4.818187472999966],[-80.69907423999996,-4.824265597999954],[-80.70084961499992,-4.831232472999886],[-80.70053711499992,-4.844392597999956],[-80.6998788649999,-4.846410097999978],[-80.69720111499998,-4.849833972999932],[-80.69772848999997,-4.854222597999978],[-80.69645698999994,-4.861828097999876],[-80.69425786499988,-4.865427722999925],[-80.69705273999995,-4.878808597999864],[-80.70029486499999,-4.881689472999938],[-80.69923436499988,-4.884595722999961],[-80.69420111499988,-4.893183597999894],[-80.6979433649999,-4.896755847999941],[-80.70203123999994,-4.898324222999975],[-80.71104098999996,-4.895935597999937],[-80.71746098999984,-4.891992222999932],[-80.72432811499993,-4.885609347999889],[-80.72822661499993,-4.885212847999867],[-80.7329454899999,-4.888199222999958],[-80.73456448999985,-4.890759722999974],[-80.73496486499994,-4.897915972999954],[-80.73712886499993,-4.899193347999926],[-80.74207423999991,-4.899130847999913],[-80.74749998999988,-4.896714847999931],[-80.75340823999989,-4.892869097999892],[-80.7551229899999,-4.890720722999959],[-80.76163473999992,-4.889562472999955],[-80.76480073999994,-4.890757847999907],[-80.77208786499983,-4.890937597999937],[-80.77738861499984,-4.888068347999877],[-80.78418161499985,-4.88622847299996],[-80.78758786499998,-4.887660097999913],[-80.79507998999998,-4.894501972999933],[-80.79801948999994,-4.895322222999937],[-80.80078123999994,-4.894917972999963],[-80.80181836499992,-4.893539097999906],[-80.80259761499991,-4.888070347999928],[-80.80453323999996,-4.886052722999978],[-80.80699023999995,-4.885406097999976],[-80.81113861499989,-4.886431597999888],[-80.81433786499991,-4.88627347299996],[-80.81781836499994,-4.885039097999879],[-80.81980861499994,-4.885583972999939],[-80.82121873999984,-4.887619097999902],[-80.82086923999998,-4.894115222999972],[-80.82127923999997,-4.898269472999971],[-80.82289861499999,-4.901669972999969],[-80.82835736499993,-4.904187472999979],[-80.83314261499999,-4.901892597999904],[-80.83820111499995,-4.901652347999914],[-80.83747661499996,-4.89766597299996],[-80.83517386499994,-4.889113222999981],[-80.83399036499998,-4.88627347299996],[-80.82766986499996,-4.880201222999972],[-80.82630861499996,-4.874664097999869],[-80.82203123999983,-4.865904347999901],[-80.82186136499996,-4.855283222999958],[-80.81952348999988,-4.84432034799994],[-80.81976561499994,-4.842845722999925],[-80.83179686499994,-4.837898472999882],[-80.8341054899999,-4.834253847999946],[-80.83736723999988,-4.832128847999968],[-80.83645698999999,-4.825455097999964],[-80.83473236499992,-4.822388847999946],[-80.83468361499996,-4.818083972999887],[-80.83377148999989,-4.811978472999954],[-80.8337694899999,-4.808089847999952],[-80.83614648999986,-4.801748097999905],[-80.83486136499994,-4.794179722999957],[-80.83600198999989,-4.790445347999935],[-80.83880273999989,-4.784787097999867],[-80.83871874,-4.781529347999879],[-80.83370311499993,-4.774236347999874],[-80.8340292399999,-4.771218722999947],[-80.83764448999989,-4.769677722999973],[-80.83788861499994,-4.766312472999914],[-80.8410819899999,-4.763164097999891],[-80.84294923999988,-4.755140597999969],[-80.84526936499992,-4.750962847999972],[-80.84821286499994,-4.74837109799995],[-80.84923823999992,-4.742785097999956],[-80.85215236499994,-4.735818347999952],[-80.85247661499994,-4.732101597999929],[-80.85521873999988,-4.728736347999927],[-80.85736723999992,-4.722431597999957],[-80.8583964899999,-4.717925847999936],[-80.8622284899999,-4.712335972999881],[-80.8616874899999,-4.710824222999975],[-80.86499036499998,-4.702683597999908],[-80.86644136499996,-4.700376972999948],[-80.86673048999995,-4.69748247299998],[-80.87164648999993,-4.691882847999921],[-80.87247661499998,-4.688427722999961],[-80.87657811499997,-4.686591847999921],[-80.87952936499988,-4.683642597999892],[-80.88181048999996,-4.683724597999912],[-80.88578711499986,-4.681417972999952],[-80.88846486499989,-4.677556597999967],[-80.89394723999999,-4.673974597999973],[-80.89627348999994,-4.673966847999907],[-80.89810548999998,-4.671968722999964],[-80.90255661499992,-4.66457034799987],[-80.90700786499991,-4.659650347999957],[-80.91114648999996,-4.653169972999933],[-80.91629486499994,-4.64736722299989],[-80.91890236499995,-4.642603472999895],[-80.92169723999996,-4.634675722999873],[-80.92304486499995,-4.632876972999895],[-80.92944336499994,-4.632871097999953],[-80.93013861499992,-4.630031097999961],[-80.93274798999988,-4.627560597999945],[-80.93307611499995,-4.624017472999981],[-80.93471098999987,-4.623259722999876],[-80.93600973999986,-4.621666097999935],[-80.93638473999988,-4.61809572299984],[-80.92833011499994,-4.616650347999951],[-80.92517386499998,-4.614296847999924],[-80.91768161499994,-4.615892722999888],[-80.91419723999996,-4.615509722999946],[-80.91237111499993,-4.611960972999952],[-80.90679486499988,-4.605494097999895],[-80.90623436499993,-4.602482472999952],[-80.90440811499991,-4.600605472999973],[-80.89874998999994,-4.597748097999897],[-80.89095698999995,-4.595468722999954],[-80.8884941149999,-4.59198822299993],[-80.88784961499988,-4.588007847999904],[-80.88860161499991,-4.585066347999884],[-80.88586523999999,-4.579490222999937],[-80.88891986499988,-4.576623097999857],[-80.8932323649999,-4.575626972999942],[-80.89471098999996,-4.571439472999941],[-80.89442386499991,-4.567775347999827],[-80.8965448649999,-4.565296847999946],[-80.89636323999997,-4.561183597999957],[-80.89878323999994,-4.560103472999913],[-80.9013476149999,-4.557378847999928],[-80.90207424,-4.552574222999908],[-80.90400386499988,-4.550244097999951],[-80.91036898999994,-4.550681597999926],[-80.91320698999982,-4.552488222999898],[-80.91561723999996,-4.547956972999884],[-80.91958798999985,-4.544665972999894],[-80.91930861499992,-4.540792972999895],[-80.92178711499992,-4.535925722999878],[-80.92155273999998,-4.532541097999967],[-80.91717386499994,-4.528271472999847],[-80.91692186499995,-4.525249972999973],[-80.91944136499995,-4.520330097999931],[-80.90112123999995,-4.50669134799989],[-80.89656048999996,-4.502703097999927],[-80.89041411499988,-4.498281097999893],[-80.8851288649999,-4.49625972299998],[-80.88321873999996,-4.493162097999914],[-80.8804238649999,-4.49152734799992],[-80.87378323999997,-4.490392597999914],[-80.87264261499985,-4.487531222999962],[-80.87508398999995,-4.485357472999965],[-80.87663473999993,-4.482396472999937],[-80.87689848999997,-4.476519472999939],[-80.87634573999998,-4.475355472999922],[-80.87065611499997,-4.471908222999957],[-80.87065611499997,-4.469474597999977],[-80.87284373999995,-4.466195347999872],[-80.87004886499989,-4.462306597999941],[-80.86630661499998,-4.460273472999916],[-80.86492973999992,-4.460812472999919],[-80.8575409899999,-4.459236222999891],[-80.85582611499996,-4.456994097999939],[-80.8502909899999,-4.456277347999958],[-80.85318361499998,-4.453156222999894],[-80.85604486499994,-4.448581972999875],[-80.85457811499998,-4.445367222999892],[-80.85712498999993,-4.440365222999901],[-80.85850973999993,-4.435857472999885],[-80.8575409899999,-4.434693347999939],[-80.85265036499999,-4.43218947299988],[-80.85239448999988,-4.430320472999881],[-80.84995898999989,-4.426644472999953],[-80.84744136499995,-4.425339847999965],[-80.84544923999988,-4.422158222999883],[-80.85032036499996,-4.412921847999939],[-80.85113286499995,-4.409087847999899],[-80.84659573999988,-4.405992222999942],[-80.84486136499999,-4.402265597999929],[-80.84162886499996,-4.400234347999913],[-80.83953511499993,-4.397433597999907],[-80.83436911499996,-4.396033347999946],[-80.83281436499993,-4.396462722999956],[-80.83082811499997,-4.393123097999876],[-80.82912111499996,-4.385341847999882],[-80.83460736499995,-4.386341847999915],[-80.83909761499996,-4.383603472999937],[-80.8416484899999,-4.384095722999973],[-80.84598436499994,-4.382841847999885],[-80.8496972399999,-4.384185597999874],[-80.85230861499997,-4.383066347999886],[-80.85531048999991,-4.37949609799989],[-80.85801573999993,-4.377445347999981],[-80.85836723999995,-4.373951222999949],[-80.85989448999993,-4.372548847999838],[-80.86568561499996,-4.370150347999868],[-80.86609573999993,-4.368355472999951],[-80.86977523999991,-4.367058597999971],[-80.87313286499989,-4.367201222999938],[-80.87718161499998,-4.364722597999958],[-80.87544336499997,-4.361851597999873],[-80.87987498999996,-4.353777347999937],[-80.88024023999998,-4.350374972999873],[-80.87823236499997,-4.347726597999952],[-80.87869336499989,-4.344173847999969],[-80.87727348999994,-4.341703097999925],[-80.87178123999996,-4.336994097999934],[-80.86884961499999,-4.335537097999975],[-80.86903323999996,-4.330146472999843],[-80.87078711499998,-4.327501972999869],[-80.86703911499984,-4.322621097999956],[-80.86748236499994,-4.316437472999951],[-80.87242186499998,-4.315478472999814],[-80.8776641149999,-4.316029347999915],[-80.88041986499996,-4.317238222999947],[-80.88494536499991,-4.31725784799994],[-80.89239261499989,-4.318871097999931],[-80.89411723999996,-4.318087847999948],[-80.89834573999997,-4.311585847999879],[-80.90207611499989,-4.30874409799992],[-80.9049198649999,-4.307802722999952],[-80.90680273999999,-4.309597597999925],[-80.90929098999999,-4.314642597999921],[-80.91472661499995,-4.317949222999971],[-80.91696098999984,-4.31467972299987],[-80.91907998999994,-4.31384372299982],[-80.92314848999985,-4.307859347999909],[-80.93024223999998,-4.302464847999886],[-80.93326761499998,-4.300757847999932],[-80.93693173999992,-4.29552522299997],[-80.93770511499997,-4.291087847999904],[-80.93677923999985,-4.287775222999926],[-80.93334173999989,-4.280558722999956],[-80.93289261499996,-4.27372072299994],[-80.93033598999989,-4.269142597999974],[-80.9289609899999,-4.264617222999902],[-80.93002148999989,-4.259138722999921],[-80.92902923999998,-4.253945347999945],[-80.92675011499995,-4.250703097999974],[-80.92704311499995,-4.24631059799998],[-80.92199236499994,-4.24051759799994],[-80.91789848999997,-4.236880847999942],[-80.91692973999989,-4.23492572299989],[-80.91030473999996,-4.228148472999976],[-80.90892773999997,-4.224523472999977],[-80.9111308649999,-4.221234347999939],[-80.91498436499995,-4.21897072299987],[-80.91755473999984,-4.214796847999935],[-80.92296873999999,-4.210757847999901],[-80.92465423999988,-4.207412097999907],[-80.92425973999997,-4.204121097999916],[-80.92880273999998,-4.200722597999913],[-80.93041211499997,-4.197720722999975],[-80.92858198999988,-4.193837847999873],[-80.92882036499998,-4.19115622299995],[-80.93637886499994,-4.189771472999951],[-80.93740236499997,-4.188605472999939],[-80.93637298999988,-4.185255847999883],[-80.93638473999988,-4.178242222999927],[-80.93359186499998,-4.178039096999896],[-80.93153911499996,-4.176726596999913],[-80.92831448999988,-4.16902534799982],[-80.92688673999999,-4.168796847999943],[-80.92005273999996,-4.170679721999932],[-80.91597461499993,-4.174986347999834],[-80.91069536499992,-4.175757847999876],[-80.90448636499991,-4.177609347999976],[-80.90077336399992,-4.179417972999943],[-80.89737298999995,-4.184373096999934],[-80.89280861499992,-4.185113222999917],[-80.88889848999997,-4.186613221999949],[-80.88582036499992,-4.191675596999858],[-80.88282223999994,-4.192800722999948],[-80.87344923999996,-4.19156059799991],[-80.86988473999992,-4.191874972999926],[-80.86570311499997,-4.188878846999899],[-80.86328323999993,-4.190363221999974],[-80.85989261499998,-4.190732472999969],[-80.85726361499997,-4.189365221999935],[-80.8505312399999,-4.190990222999972],[-80.84676548899989,-4.18862309799988],[-80.84341211499998,-4.18858209799987]]]]},"properties":{"ubigeo":"190604","nombre":"MARCAVELICA"}},{"type":"Feature","geometry":{"type":"MultiPolygon","coordinates":[[[[-80.73712886499993,-4.899193347999926],[-80.6976933649999,-4.960085972999934],[-80.69944136499987,-4.992326222999964],[-80.70010173999998,-4.99849997299998],[-80.70007423999994,-5.010248097999977],[-80.70032423999999,-5.017623098999934],[-80.7416037999999,-5.123639389999937],[-80.75926411599988,-5.138817271999869],[-80.76776441999993,-5.151495319999924],[-80.76945698999992,-5.155535098999962],[-80.77204886399988,-5.159605473999932],[-80.77363286399992,-5.164574222999931],[-80.77574023999995,-5.173845722999943],[-80.77927148999993,-5.178603472999953],[-80.78147073899999,-5.179806597999914],[-80.7855898649999,-5.184589847999916],[-80.78725386499985,-5.190499973999977],[-80.79034761499986,-5.196714722999957],[-80.79723048899996,-5.205388723999818],[-80.80280859399988,-5.215726562999919],[-80.80508302799996,-5.221934258999852],[-80.82176065699991,-5.216782698999907],[-80.82103141099998,-5.219285814999921],[-80.82179647599992,-5.222224851999897],[-80.82769923999984,-5.22500972399996],[-80.82947073899993,-5.227699222999888],[-80.83035936399995,-5.231460973999901],[-80.83036911499994,-5.235859347999963],[-80.8337694899999,-5.24124022299992],[-80.83624611499994,-5.247552722999956],[-80.8360547399999,-5.254617222999968],[-80.83489327799998,-5.26064531399993],[-80.83488861399996,-5.265103473999943],[-80.83600586499995,-5.267632848999881],[-80.83969536499995,-5.272740223999961],[-80.83985548999988,-5.279113222999968],[-80.84328123899991,-5.286874973999943],[-80.84912059899989,-5.293223913999896],[-80.85954782099998,-5.280638759999874],[-80.85942573999989,-5.27926572399997],[-80.84816011499998,-5.09313084799993],[-80.8488769899999,-5.054468722999957],[-80.8508104899999,-4.950705097999958],[-80.84840823999991,-4.948673847999942],[-80.8455429899999,-4.947531222999942],[-80.8427714899999,-4.945162097999969],[-80.83962886499995,-4.943808597999976],[-80.83709761499995,-4.94152934799996],[-80.83448636499998,-4.942431597999928],[-80.83245311499996,-4.94096497299995],[-80.82899798999983,-4.940578097999946],[-80.82782036499998,-4.939226597999948],[-80.82533986499993,-4.933246097999927],[-80.82580073999998,-4.924490222999907],[-80.82435936499996,-4.91875972299988],[-80.82596098999988,-4.913929722999967],[-80.82643948999998,-4.909330097999941],[-80.82835736499993,-4.904187472999979],[-80.82289861499999,-4.901669972999969],[-80.82127923999997,-4.898269472999971],[-80.82086923999998,-4.894115222999972],[-80.82121873999984,-4.887619097999902],[-80.81980861499994,-4.885583972999939],[-80.81781836499994,-4.885039097999879],[-80.81433786499991,-4.88627347299996],[-80.81113861499989,-4.886431597999888],[-80.80699023999995,-4.885406097999976],[-80.80453323999996,-4.886052722999978],[-80.80259761499991,-4.888070347999928],[-80.80181836499992,-4.893539097999906],[-80.80078123999994,-4.894917972999963],[-80.79801948999994,-4.895322222999937],[-80.79507998999998,-4.894501972999933],[-80.78758786499998,-4.887660097999913],[-80.78418161499985,-4.88622847299996],[-80.77738861499984,-4.888068347999877],[-80.77208786499983,-4.890937597999937],[-80.76480073999994,-4.890757847999907],[-80.76163473999992,-4.889562472999955],[-80.7551229899999,-4.890720722999959],[-80.75340823999989,-4.892869097999892],[-80.74749998999988,-4.896714847999931],[-80.74207423999991,-4.899130847999913],[-80.73712886499993,-4.899193347999926]]]]},"properties":{"ubigeo":"190605","nombre":"MIGUEL CHECA"}},{"type":"Feature","geometry":{"type":"MultiPolygon","coordinates":[[[[-80.50945699,-4.671081972999957],[-80.51689448999997,-4.675833972999953],[-80.51907411499991,-4.678740222999977],[-80.52028511499992,-4.683029347999877],[-80.52307223999998,-4.689183597999886],[-80.52460348999995,-4.691171847999897],[-80.52769923999983,-4.692769472999942],[-80.52863286499996,-4.696726597999941],[-80.52985548999999,-4.698220722999963],[-80.53593736499994,-4.698730472999955],[-80.54177736499997,-4.703818347999913],[-80.54320686499995,-4.706943347999925],[-80.54383598999988,-4.71563872299987],[-80.54104886499994,-4.719152347999966],[-80.54129886499999,-4.722101597999938],[-80.54507223999985,-4.725236347999953],[-80.54652536499998,-4.727900347999935],[-80.54892398999993,-4.736210972999913],[-80.54809961499996,-4.740136722999921],[-80.55209761499998,-4.747792972999889],[-80.5545214899999,-4.750263722999932],[-80.55396286499996,-4.754722597999944],[-80.5550292399999,-4.756417972999941],[-80.55924611499995,-4.758429722999949],[-80.55971873999988,-4.762667972999964],[-80.55796873999992,-4.766427722999936],[-80.55748636499999,-4.771191347999888],[-80.55880861499998,-4.77476934799995],[-80.56222461499993,-4.780441347999897],[-80.56547261499998,-4.780757847999894],[-80.57199023999993,-4.778900347999979],[-80.57639848999992,-4.780767597999898],[-80.58107611499997,-4.781056597999907],[-80.58563086499998,-4.784910097999898],[-80.58788473999994,-4.793462847999876],[-80.59018548999995,-4.795693222999944],[-80.59456636499988,-4.798001972999941],[-80.59534761499998,-4.802828222999835],[-80.59983011499992,-4.80382809799994],[-80.6039141149999,-4.799021472999812],[-80.60830861499988,-4.799544972999968],[-80.61061523999996,-4.802564472999961],[-80.61148236499992,-4.805796847999943],[-80.61168948999995,-4.81495122299998],[-80.6147753649999,-4.816433597999946],[-80.61298248999998,-4.820013722999875],[-80.61274611499994,-4.822331972999962],[-80.61409961499993,-4.82509572299989],[-80.61376173999997,-4.82995697299998],[-80.61557811499989,-4.831236222999848],[-80.61834573999982,-4.830824222999865],[-80.61991798999998,-4.832205097999974],[-80.61962498999998,-4.835480472999905],[-80.61693548999995,-4.838404347999926],[-80.6164218649999,-4.841701222999916],[-80.61874223999996,-4.84227534799993],[-80.62128511499992,-4.840599597999926],[-80.62454886499995,-4.840746097999954],[-80.63043748999996,-4.843599597999969],[-80.63415036499993,-4.843523472999891],[-80.63618948999988,-4.844665972999906],[-80.64058598999986,-4.850228472999902],[-80.64311323999988,-4.855777347999947],[-80.64275373999999,-4.858373097999959],[-80.64415423999998,-4.861640597999951],[-80.64769336499995,-4.864730472999952],[-80.65005273999992,-4.865294972999948],[-80.6563984899999,-4.865017597999895],[-80.65691211499995,-4.859654347999879],[-80.65860736499997,-4.855585972999961],[-80.66393748999991,-4.848367222999912],[-80.66758198999992,-4.846892597999954],[-80.66961523999993,-4.841353472999913],[-80.66780661499996,-4.837314472999878],[-80.66880661499982,-4.833654347999925],[-80.67484373999991,-4.834890597999959],[-80.6747909899999,-4.830533222999918],[-80.67322261499999,-4.829779347999931],[-80.67320698999993,-4.826810597999952],[-80.67029486499996,-4.823081972999887],[-80.66843948999991,-4.819345722999969],[-80.66489648999993,-4.816177722999839],[-80.66813673999991,-4.805142597999918],[-80.6708417399999,-4.801289097999927],[-80.67178711499997,-4.794408222999948],[-80.67609373999994,-4.789322222999942],[-80.67879298999992,-4.786220722999929],[-80.67961136499997,-4.777423847999898],[-80.68082611499983,-4.772540972999934],[-80.68003511499984,-4.765201222999963],[-80.68042773999997,-4.760978597999895],[-80.67897848999996,-4.758406222999952],[-80.67661311499995,-4.752052597999977],[-80.67534173999991,-4.746648472999937],[-80.67592573999991,-4.742574222999906],[-80.67547661499998,-4.740322222999907],[-80.67200786499984,-4.733382847999962],[-80.66948436499996,-4.729914097999938],[-80.66752923999991,-4.729093722999892],[-80.66470511499995,-4.725005847999967],[-80.66271873999989,-4.720988222999836],[-80.65694723999991,-4.717626972999881],[-80.65496098999989,-4.714564472999882],[-80.65123823999988,-4.713904347999971],[-80.64941598999991,-4.710062472999823],[-80.64645898999987,-4.706431597999938],[-80.64307036499997,-4.699009722999961],[-80.63960161499995,-4.694115097999884],[-80.63849798999985,-4.690456972999925],[-80.63338861499994,-4.681447347999892],[-80.63206636499996,-4.672306597999977],[-80.63339861499998,-4.667220722999957],[-80.63857811499997,-4.66294534799988],[-80.64196673999999,-4.653882847999967],[-80.6416172399999,-4.650249972999916],[-80.63946661499995,-4.647992222999903],[-80.63742186499996,-4.641294972999901],[-80.6362929899999,-4.63976559799994],[-80.63254498999999,-4.637759722999874],[-80.63137886499993,-4.634068347999971],[-80.63112873999995,-4.630404222999971],[-80.62913861499993,-4.626101472999835],[-80.62405073999997,-4.625734347999924],[-80.61826173999998,-4.625933597999961],[-80.61503123999995,-4.623400347999961],[-80.61163286499993,-4.622144472999878],[-80.60796874,-4.622412097999927],[-80.60155073999994,-4.62498047299988],[-80.5991503649999,-4.622369097999922],[-80.59407036499988,-4.623279347999926],[-80.59200973999998,-4.622868972999868],[-80.58808986499986,-4.623720722999849],[-80.58733011499999,-4.625039097999945],[-80.5838301149999,-4.626119097999947],[-80.57968948999996,-4.624249972999962],[-80.5740292399999,-4.623720722999849],[-80.57302923999993,-4.622050722999973],[-80.56716011499998,-4.622749972999884],[-80.5642792399999,-4.62416997299988],[-80.5559394899999,-4.623669847999963],[-80.55351948999987,-4.624080097999979],[-80.55042973999991,-4.627818347999948],[-80.55017986499996,-4.632990222999979],[-80.54799024,-4.634339847999968],[-80.54111911499996,-4.6342597229999],[-80.53600973999988,-4.637499972999876],[-80.53102923999995,-4.636890597999979],[-80.52741011499995,-4.63726947299989],[-80.52391986499993,-4.639830097999948],[-80.52194923999997,-4.643609347999927],[-80.5224198649999,-4.646490222999887],[-80.52192973999996,-4.65091997299993],[-80.51968948999996,-4.654039097999942],[-80.51426948999995,-4.654080097999952],[-80.51263086499989,-4.657810597999969],[-80.50979886499994,-4.661839847999829],[-80.50945699,-4.671081972999957]]]]},"properties":{"ubigeo":"190606","nombre":"QUERECOTILLO"}},{"type":"Feature","geometry":{"type":"MultiPolygon","coordinates":[[[[-80.67609373999994,-4.789322222999942],[-80.67178711499997,-4.794408222999948],[-80.6708417399999,-4.801289097999927],[-80.66813673999991,-4.805142597999918],[-80.66489648999993,-4.816177722999839],[-80.66843948999991,-4.819345722999969],[-80.67029486499996,-4.823081972999887],[-80.67320698999993,-4.826810597999952],[-80.67322261499999,-4.829779347999931],[-80.6747909899999,-4.830533222999918],[-80.67484373999991,-4.834890597999959],[-80.66880661499982,-4.833654347999925],[-80.66780661499996,-4.837314472999878],[-80.66961523999993,-4.841353472999913],[-80.66758198999992,-4.846892597999954],[-80.66393748999991,-4.848367222999912],[-80.65860736499997,-4.855585972999961],[-80.65691211499995,-4.859654347999879],[-80.6563984899999,-4.865017597999895],[-80.66300986499988,-4.862953097999878],[-80.66534373999991,-4.860966847999975],[-80.67023823999995,-4.858939472999964],[-80.67667973999994,-4.860517597999888],[-80.68036723999995,-4.863050722999958],[-80.68082811499988,-4.867283222999959],[-80.67682423999992,-4.871783222999966],[-80.67629298999992,-4.875556597999889],[-80.67682811499998,-4.878623097999878],[-80.67942773999994,-4.883324222999931],[-80.68743748999998,-4.886271472999965],[-80.69420111499988,-4.893183597999894],[-80.69923436499988,-4.884595722999961],[-80.70029486499999,-4.881689472999938],[-80.69705273999995,-4.878808597999864],[-80.69425786499988,-4.865427722999925],[-80.69645698999994,-4.861828097999876],[-80.69772848999997,-4.854222597999978],[-80.69720111499998,-4.849833972999932],[-80.6998788649999,-4.846410097999978],[-80.70053711499992,-4.844392597999956],[-80.70084961499992,-4.831232472999886],[-80.69907423999996,-4.824265597999954],[-80.69942773999998,-4.818187472999966],[-80.69862886499999,-4.814220722999892],[-80.69548823999997,-4.811490222999964],[-80.69211311499998,-4.806550722999816],[-80.69446873999993,-4.80406834799993],[-80.69242386499991,-4.801699222999957],[-80.69251173999999,-4.797681597999883],[-80.69034573999994,-4.793998097999918],[-80.68576761499986,-4.7925078479999],[-80.67984173999992,-4.789386597999908],[-80.67609373999994,-4.789322222999942]]]]},"properties":{"ubigeo":"190607","nombre":"SALITRAL"}},{"type":"Feature","geometry":{"type":"MultiPolygon","coordinates":[[[[-80.83820111499995,-4.901652347999914],[-80.84255473999991,-4.902699222999956],[-80.84795311499994,-4.905966847999935],[-80.85023436499995,-4.90861522299997],[-80.85246873999989,-4.909433597999964],[-80.85520698999989,-4.908458972999881],[-80.85690623999989,-4.905941347999942],[-80.85590236499996,-4.900384722999945],[-80.85765823999992,-4.895917972999939],[-80.86659961499998,-4.898669972999869],[-80.86889648999994,-4.897412097999904],[-80.87216986499999,-4.893572222999978],[-80.87758198999995,-4.893101722999972],[-80.88161136499986,-4.892124972999966],[-80.89061136499987,-4.892912097999897],[-80.89558398999998,-4.89297459799991],[-80.90146886499991,-4.894296847999897],[-80.90908398999994,-4.894484347999935],[-80.91626173999998,-4.892408222999961],[-80.92095698999998,-4.892496097999924],[-80.92429886499997,-4.893390597999883],[-80.92998048999988,-4.889095722999969],[-80.9328554899999,-4.889140597999926],[-80.9353652399999,-4.884806597999898],[-80.93814848999989,-4.881839847999913],[-80.93685736499998,-4.877183597999874],[-80.93935548999991,-4.868677722999962],[-80.94497848999987,-4.869847597999978],[-80.95032023999988,-4.86836322299996],[-80.9520819899999,-4.863435597999967],[-80.95375586499995,-4.86318947299992],[-80.94036723999989,-4.846300722999899],[-80.94162111499998,-4.83887109799997],[-80.93923236499995,-4.833177722999892],[-80.93410548999987,-4.827257847999931],[-80.93206823999998,-4.820796847999929],[-80.93103711499998,-4.815947222999966],[-80.93225786499994,-4.808646472999953],[-80.93192973999999,-4.804921847999935],[-80.96825786499988,-4.771792972999947],[-80.89927149,-4.758408222999947],[-80.85173823999992,-4.748949222999897],[-80.84821286499994,-4.74837109799995],[-80.84526936499992,-4.750962847999972],[-80.84294923999988,-4.755140597999969],[-80.8410819899999,-4.763164097999891],[-80.83788861499994,-4.766312472999914],[-80.83764448999989,-4.769677722999973],[-80.8340292399999,-4.771218722999947],[-80.83370311499993,-4.774236347999874],[-80.83871874,-4.781529347999879],[-80.83880273999989,-4.784787097999867],[-80.83600198999989,-4.790445347999935],[-80.83486136499994,-4.794179722999957],[-80.83614648999986,-4.801748097999905],[-80.8337694899999,-4.808089847999952],[-80.83377148999989,-4.811978472999954],[-80.83468361499996,-4.818083972999887],[-80.83473236499992,-4.822388847999946],[-80.83645698999999,-4.825455097999964],[-80.83736723999988,-4.832128847999968],[-80.8341054899999,-4.834253847999946],[-80.83179686499994,-4.837898472999882],[-80.81976561499994,-4.842845722999925],[-80.81952348999988,-4.84432034799994],[-80.82186136499996,-4.855283222999958],[-80.82203123999983,-4.865904347999901],[-80.82630861499996,-4.874664097999869],[-80.82766986499996,-4.880201222999972],[-80.83399036499998,-4.88627347299996],[-80.83517386499994,-4.889113222999981],[-80.83747661499996,-4.89766597299996],[-80.83820111499995,-4.901652347999914]]]]},"properties":{"ubigeo":"190608","nombre":"IGNACIO ESCUDERO"}},{"type":"Feature","geometry":{"type":"MultiPolygon","coordinates":[[[[-80.93471098999987,-4.623259722999876],[-80.93800586499998,-4.625253847999943],[-80.93962498999991,-4.624716847999935],[-80.94581248999992,-4.626394472999891],[-80.94842386499994,-4.629816472999892],[-80.95111136499997,-4.632144472999869],[-80.95184761499996,-4.634740222999881],[-80.94944536499997,-4.637652347999961],[-80.94692186499998,-4.636999972999888],[-80.9445292399999,-4.638931597999942],[-80.94458986499995,-4.642896472999894],[-80.94641211499999,-4.645833972999924],[-80.95211911499996,-4.645857472999921],[-80.95534573999993,-4.649378972999898],[-80.95701173999993,-4.650039097999979],[-80.95894923999992,-4.65303709799997],[-80.96085936499998,-4.653689472999929],[-80.96457611499994,-4.657960972999945],[-80.96822261499983,-4.66434572299994],[-80.96933598999993,-4.667587847999869],[-80.97215823999994,-4.666115222999963],[-80.9766406149999,-4.664900347999946],[-80.97773823999995,-4.668373097999847],[-80.98053323999994,-4.667628847999879],[-80.98566011499986,-4.661986347999971],[-80.98934373999998,-4.658513722999942],[-80.99335348999995,-4.658374972999923],[-80.99566011499991,-4.659820347999869],[-80.99908598999997,-4.65991209799995],[-81.0009218649999,-4.661927722999906],[-81.00194923999999,-4.666009722999945],[-81.00568548999996,-4.664220722999914],[-81.0076093649999,-4.660706972999947],[-81.01170111499994,-4.658595722999905],[-81.01508398999988,-4.655283347999841],[-81.01900386499995,-4.654378847999965],[-81.02133786499996,-4.656414097999971],[-81.02299023999984,-4.660697222999943],[-81.03050786499995,-4.657417972999951],[-81.03635161499994,-4.655533222999907],[-81.0408534899999,-4.656193222999889],[-81.04451761499996,-4.655683597999939],[-81.0470117399999,-4.654177722999918],[-81.04978723999994,-4.65589259799998],[-81.05247661499999,-4.655488222999907],[-81.05708386499998,-4.652191347999974],[-81.06004298999994,-4.651232472999936],[-81.06012698999996,-4.647521472999927],[-81.05841998999995,-4.639244097999949],[-81.06550586499998,-4.632146472999978],[-81.06582236499997,-4.630195347999972],[-81.06793748999996,-4.628017597999929],[-81.06858598999997,-4.623437472999967],[-81.07271873999997,-4.621042972999874],[-81.07559761499988,-4.62145897299996],[-81.07889648999998,-4.619681597999943],[-81.07970111499998,-4.61774222299988],[-81.08448048999998,-4.614833972999975],[-81.08781448999997,-4.613992222999968],[-81.08895111499999,-4.611867222999877],[-81.09253323999997,-4.61088872299996],[-81.09421486499991,-4.608820347999938],[-81.09424998999998,-4.604831972999932],[-81.0961543649999,-4.60391209799991],[-81.09924998999998,-4.599021472999937],[-81.10565823999997,-4.596216847999926],[-81.10910736499994,-4.595822222999971],[-81.11612698999988,-4.598275347999902],[-81.12663086499998,-4.600810597999896],[-81.14605661499996,-4.609208972999966],[-81.14887498999991,-4.611599597999941],[-81.1516249899999,-4.612673847999929],[-81.15672661499997,-4.607646472999818],[-81.15910736499995,-4.604251972999975],[-81.16853123999994,-4.597708972999953],[-81.22241211499994,-4.605640597999923],[-81.2333847399999,-4.606990222999968],[-81.2434082399999,-4.608974597999918],[-81.25903123999996,-4.608189472999868],[-81.26171486499999,-4.609816347999924],[-81.26792186499989,-4.61116997299996],[-81.27404886499988,-4.61031447299996],[-81.27700973999998,-4.608634722999966],[-81.28067573999994,-4.600947222999935],[-81.2824863649999,-4.599091847999944],[-81.28511523999998,-4.598546847999899],[-81.28770111499989,-4.595955097999934],[-81.29070523999997,-4.596265597999889],[-81.29318161499992,-4.595359347999874],[-81.28977536499991,-4.591933597999912],[-81.2869863649999,-4.586206972999946],[-81.28598236499988,-4.578111347999879],[-81.28618936499998,-4.575415972999963],[-81.28296098999994,-4.573400347999836],[-81.28261911499999,-4.575851597999872],[-81.27968948999995,-4.576160097999889],[-81.27480073999993,-4.572226597999872],[-81.27565623999993,-4.565015597999945],[-81.2790761149999,-4.555876972999897],[-81.28045511499988,-4.550558597999952],[-81.27898436499999,-4.549517597999966],[-81.27840623999998,-4.546568347999937],[-81.28042386499988,-4.539529347999974],[-81.28310736499986,-4.533957097999973],[-81.28028511499986,-4.533513722999885],[-81.28063673999998,-4.52960547299989],[-81.28244723999995,-4.525189472999898],[-81.28581623999997,-4.520628847999944],[-81.2897891149999,-4.513308597999924],[-81.29408399,-4.503572097999893],[-81.29780073999996,-4.496400347999895],[-81.27364261499986,-4.505234347999931],[-81.26243548999992,-4.497732472999928],[-81.26154298999995,-4.49597847299998],[-81.24923436499995,-4.486660097999902],[-81.24328911499998,-4.48105859799989],[-81.2378769899999,-4.479212847999975],[-81.22874223999992,-4.480599597999969],[-81.21833986499996,-4.476650347999964],[-81.21722073999985,-4.475662097999873],[-81.21379886499994,-4.468750097999873],[-81.20989061499995,-4.464052722999952],[-81.20921098999997,-4.461617222999905],[-81.20615048999997,-4.460439347999966],[-81.19989848999995,-4.452773472999922],[-81.19482223999995,-4.451361347999978],[-81.19019711499999,-4.454890597999963],[-81.17624998999997,-4.44919922299988],[-81.15374798999989,-4.42305072299996],[-81.14536723999993,-4.403203097999892],[-81.1384882399999,-4.402308597999934],[-81.050798865,-4.388132847999884],[-81.04073823999988,-4.38641209799988],[-81.03322074,-4.38359184799998],[-81.02923811499994,-4.381660097999884],[-81.01563486499992,-4.379544847999966],[-81.00637298999999,-4.376804722999964],[-81.0003711149999,-4.375808597999878],[-80.9984101149999,-4.374300722999919],[-80.99298236499999,-4.366849597999874],[-80.99126161499998,-4.360937472999922],[-80.99153323999997,-4.356804722999925],[-80.98930073999998,-4.351044972999887],[-80.9867363649999,-4.347273472999916],[-80.97985936499998,-4.342476597999962],[-80.97358398999995,-4.344226597999977],[-80.97105073999995,-4.344376972999896],[-80.96809761499998,-4.342115222999894],[-80.96670698999992,-4.339792972999874],[-80.96402348999993,-4.337621097999943],[-80.9612772399999,-4.33418159799993],[-80.95479298999993,-4.333910097999933],[-80.95011911499995,-4.330888722999873],[-80.95112498999993,-4.327263722999874],[-80.95323423999992,-4.325722722999899],[-80.95327536499997,-4.32377934799996],[-80.94933211499995,-4.322461097999962],[-80.94537111499994,-4.318892597999934],[-80.94242973999991,-4.318128847999901],[-80.93101361499993,-4.31224997299995],[-80.92314848999985,-4.307859347999909],[-80.91907998999994,-4.31384372299982],[-80.91696098999984,-4.31467972299987],[-80.91472661499995,-4.317949222999971],[-80.90929098999999,-4.314642597999921],[-80.90680273999999,-4.309597597999925],[-80.9049198649999,-4.307802722999952],[-80.90207611499989,-4.30874409799992],[-80.89834573999997,-4.311585847999879],[-80.89411723999996,-4.318087847999948],[-80.89239261499989,-4.318871097999931],[-80.88494536499991,-4.31725784799994],[-80.88041986499996,-4.317238222999947],[-80.8776641149999,-4.316029347999915],[-80.87242186499998,-4.315478472999814],[-80.86748236499994,-4.316437472999951],[-80.86703911499984,-4.322621097999956],[-80.87078711499998,-4.327501972999869],[-80.86903323999996,-4.330146472999843],[-80.86884961499999,-4.335537097999975],[-80.87178123999996,-4.336994097999934],[-80.87727348999994,-4.341703097999925],[-80.87869336499989,-4.344173847999969],[-80.87823236499997,-4.347726597999952],[-80.88024023999998,-4.350374972999873],[-80.87987498999996,-4.353777347999937],[-80.87544336499997,-4.361851597999873],[-80.87718161499998,-4.364722597999958],[-80.87313286499989,-4.367201222999938],[-80.86977523999991,-4.367058597999971],[-80.86609573999993,-4.368355472999951],[-80.86568561499996,-4.370150347999868],[-80.85989448999993,-4.372548847999838],[-80.85836723999995,-4.373951222999949],[-80.85801573999993,-4.377445347999981],[-80.85531048999991,-4.37949609799989],[-80.85230861499997,-4.383066347999886],[-80.8496972399999,-4.384185597999874],[-80.84598436499994,-4.382841847999885],[-80.8416484899999,-4.384095722999973],[-80.83909761499996,-4.383603472999937],[-80.83460736499995,-4.386341847999915],[-80.82912111499996,-4.385341847999882],[-80.83082811499997,-4.393123097999876],[-80.83281436499993,-4.396462722999956],[-80.83436911499996,-4.396033347999946],[-80.83953511499993,-4.397433597999907],[-80.84162886499996,-4.400234347999913],[-80.84486136499999,-4.402265597999929],[-80.84659573999988,-4.405992222999942],[-80.85113286499995,-4.409087847999899],[-80.85032036499996,-4.412921847999939],[-80.84544923999988,-4.422158222999883],[-80.84744136499995,-4.425339847999965],[-80.84995898999989,-4.426644472999953],[-80.85239448999988,-4.430320472999881],[-80.85265036499999,-4.43218947299988],[-80.8575409899999,-4.434693347999939],[-80.85850973999993,-4.435857472999885],[-80.85712498999993,-4.440365222999901],[-80.85457811499998,-4.445367222999892],[-80.85604486499994,-4.448581972999875],[-80.85318361499998,-4.453156222999894],[-80.8502909899999,-4.456277347999958],[-80.85582611499996,-4.456994097999939],[-80.8575409899999,-4.459236222999891],[-80.86492973999992,-4.460812472999919],[-80.86630661499998,-4.460273472999916],[-80.87004886499989,-4.462306597999941],[-80.87284373999995,-4.466195347999872],[-80.87065611499997,-4.469474597999977],[-80.87065611499997,-4.471908222999957],[-80.87634573999998,-4.475355472999922],[-80.87689848999997,-4.476519472999939],[-80.87663473999993,-4.482396472999937],[-80.87508398999995,-4.485357472999965],[-80.87264261499985,-4.487531222999962],[-80.87378323999997,-4.490392597999914],[-80.8804238649999,-4.49152734799992],[-80.88321873999996,-4.493162097999914],[-80.8851288649999,-4.49625972299998],[-80.89041411499988,-4.498281097999893],[-80.89656048999996,-4.502703097999927],[-80.90112123999995,-4.50669134799989],[-80.91944136499995,-4.520330097999931],[-80.91692186499995,-4.525249972999973],[-80.91717386499994,-4.528271472999847],[-80.92155273999998,-4.532541097999967],[-80.92178711499992,-4.535925722999878],[-80.91930861499992,-4.540792972999895],[-80.91958798999985,-4.544665972999894],[-80.91561723999996,-4.547956972999884],[-80.91320698999982,-4.552488222999898],[-80.91036898999994,-4.550681597999926],[-80.90400386499988,-4.550244097999951],[-80.90207424,-4.552574222999908],[-80.9013476149999,-4.557378847999928],[-80.89878323999994,-4.560103472999913],[-80.89636323999997,-4.561183597999957],[-80.8965448649999,-4.565296847999946],[-80.89442386499991,-4.567775347999827],[-80.89471098999996,-4.571439472999941],[-80.8932323649999,-4.575626972999942],[-80.88891986499988,-4.576623097999857],[-80.88586523999999,-4.579490222999937],[-80.88860161499991,-4.585066347999884],[-80.88784961499988,-4.588007847999904],[-80.8884941149999,-4.59198822299993],[-80.89095698999995,-4.595468722999954],[-80.89874998999994,-4.597748097999897],[-80.90440811499991,-4.600605472999973],[-80.90623436499993,-4.602482472999952],[-80.90679486499988,-4.605494097999895],[-80.91237111499993,-4.611960972999952],[-80.91419723999996,-4.615509722999946],[-80.91768161499994,-4.615892722999888],[-80.92517386499998,-4.614296847999924],[-80.92833011499994,-4.616650347999951],[-80.93638473999988,-4.61809572299984],[-80.93600973999986,-4.621666097999935],[-80.93471098999987,-4.623259722999876]]]]},"properties":{"ubigeo":"190701","nombre":"PARI\u00d1AS"}},{"type":"Feature","geometry":{"type":"MultiPolygon","coordinates":[[[[-80.92314848999985,-4.307859347999909],[-80.93101361499993,-4.31224997299995],[-80.94242973999991,-4.318128847999901],[-80.94537111499994,-4.318892597999934],[-80.94933211499995,-4.322461097999962],[-80.95327536499997,-4.32377934799996],[-80.95323423999992,-4.325722722999899],[-80.95112498999993,-4.327263722999874],[-80.95011911499995,-4.330888722999873],[-80.95479298999993,-4.333910097999933],[-80.9612772399999,-4.33418159799993],[-80.96402348999993,-4.337621097999943],[-80.96670698999992,-4.339792972999874],[-80.96809761499998,-4.342115222999894],[-80.97105073999995,-4.344376972999896],[-80.97358398999995,-4.344226597999977],[-80.97985936499998,-4.342476597999962],[-80.9867363649999,-4.347273472999916],[-80.98930073999998,-4.351044972999887],[-80.99153323999997,-4.356804722999925],[-80.99126161499998,-4.360937472999922],[-80.99298236499999,-4.366849597999874],[-80.9984101149999,-4.374300722999919],[-81.0003711149999,-4.375808597999878],[-81.00637298999999,-4.376804722999964],[-81.01563486499992,-4.379544847999966],[-81.02923811499994,-4.381660097999884],[-81.03322074,-4.38359184799998],[-81.04073823999988,-4.38641209799988],[-81.08785936499987,-4.369568347999973],[-81.17021873999994,-4.340269472999978],[-81.26028323999992,-4.307796847999896],[-81.25951773999998,-4.303880847999892],[-81.2562714899999,-4.297837847999915],[-81.25522461499997,-4.292609347999871],[-81.25446486499999,-4.285111347999873],[-81.25449023999994,-4.279410222999957],[-81.25255073999989,-4.273404347999872],[-81.24917973999993,-4.270574222999926],[-81.24614848999994,-4.2631659729999],[-81.24331836499994,-4.260380847999954],[-81.24104486499994,-4.254988222999884],[-81.23909761499993,-4.252003847999958],[-81.23705273999991,-4.250675722999915],[-81.23433198999999,-4.250902347999954],[-81.22862886499996,-4.249003847999973],[-81.22584173999985,-4.248841847999927],[-81.2216894899999,-4.247331972999859],[-81.21622473999986,-4.243044972999883],[-81.21006836499993,-4.23344922299998],[-81.20401186499993,-4.228103472999976],[-81.2018496149999,-4.227206972999966],[-81.15888086499996,-4.227060597999923],[-81.09104098999995,-4.226763722999976],[-81.00687498999997,-4.226427722999972],[-81.00419923999982,-4.226550597999903],[-80.91013861499994,-4.224374972999954],[-80.90892773999997,-4.224523472999977],[-80.91030473999996,-4.228148472999976],[-80.91692973999989,-4.23492572299989],[-80.91789848999997,-4.236880847999942],[-80.92199236499994,-4.24051759799994],[-80.92704311499995,-4.24631059799998],[-80.92675011499995,-4.250703097999974],[-80.92902923999998,-4.253945347999945],[-80.93002148999989,-4.259138722999921],[-80.9289609899999,-4.264617222999902],[-80.93033598999989,-4.269142597999974],[-80.93289261499996,-4.27372072299994],[-80.93334173999989,-4.280558722999956],[-80.93677923999985,-4.287775222999926],[-80.93770511499997,-4.291087847999904],[-80.93693173999992,-4.29552522299997],[-80.93326761499998,-4.300757847999932],[-80.93024223999998,-4.302464847999886],[-80.92314848999985,-4.307859347999909]]]]},"properties":{"ubigeo":"190702","nombre":"EL ALTO"}},{"type":"Feature","geometry":{"type":"MultiPolygon","coordinates":[[[[-80.93471098999987,-4.623259722999876],[-80.93307611499995,-4.624017472999981],[-80.93274798999988,-4.627560597999945],[-80.93013861499992,-4.630031097999961],[-80.92944336499994,-4.632871097999953],[-80.92304486499995,-4.632876972999895],[-80.92169723999996,-4.634675722999873],[-80.91890236499995,-4.642603472999895],[-80.91629486499994,-4.64736722299989],[-80.91114648999996,-4.653169972999933],[-80.90700786499991,-4.659650347999957],[-80.90255661499992,-4.66457034799987],[-80.89810548999998,-4.671968722999964],[-80.89627348999994,-4.673966847999907],[-80.89394723999999,-4.673974597999973],[-80.88846486499989,-4.677556597999967],[-80.88578711499986,-4.681417972999952],[-80.88181048999996,-4.683724597999912],[-80.87952936499988,-4.683642597999892],[-80.87657811499997,-4.686591847999921],[-80.87247661499998,-4.688427722999961],[-80.87164648999993,-4.691882847999921],[-80.86673048999995,-4.69748247299998],[-80.86644136499996,-4.700376972999948],[-80.86499036499998,-4.702683597999908],[-80.8616874899999,-4.710824222999975],[-80.8622284899999,-4.712335972999881],[-80.8583964899999,-4.717925847999936],[-80.85736723999992,-4.722431597999957],[-80.85521873999988,-4.728736347999927],[-80.85247661499994,-4.732101597999929],[-80.85215236499994,-4.735818347999952],[-80.84923823999992,-4.742785097999956],[-80.84821286499994,-4.74837109799995],[-80.85173823999992,-4.748949222999897],[-80.89927149,-4.758408222999947],[-80.96825786499988,-4.771792972999947],[-80.97687298999995,-4.773197222999954],[-81.04310348999991,-4.785425722999946],[-81.20571098999983,-4.815367222999896],[-81.21055273999997,-4.81640234799994],[-81.22467773999989,-4.800634722999973],[-81.22800386499995,-4.797287097999913],[-81.23364861499982,-4.790599597999915],[-81.24212098999999,-4.781585972999949],[-81.25725586499988,-4.764156222999929],[-81.26286136499988,-4.757107472999962],[-81.26565623999994,-4.754220722999946],[-81.28517974,-4.73165034799996],[-81.28837886499991,-4.728591847999951],[-81.30433011499991,-4.711162097999932],[-81.31224411499994,-4.70169534799993],[-81.31507423999989,-4.698808597999914],[-81.32810349,-4.681884722999939],[-81.32598636499995,-4.681451222999954],[-81.32591986499995,-4.675779347999878],[-81.32798236499997,-4.671833972999934],[-81.32699623999991,-4.66886722299995],[-81.31956448999989,-4.669601597999872],[-81.31577348999986,-4.667994097999951],[-81.30964848999997,-4.661818347999827],[-81.30774611499993,-4.65680072299989],[-81.30698436499995,-4.651605472999904],[-81.30369723999996,-4.641249972999901],[-81.30044923999998,-4.636130847999937],[-81.29929298999997,-4.63217772299987],[-81.2991933649999,-4.627761722999878],[-81.29807423999995,-4.624081972999875],[-81.29579098999994,-4.620943472999897],[-81.29472661499995,-4.61722459799995],[-81.29551361499989,-4.606486222999933],[-81.29532423999996,-4.603880847999903],[-81.29318161499992,-4.595359347999874],[-81.29070523999997,-4.596265597999889],[-81.28770111499989,-4.595955097999934],[-81.28511523999998,-4.598546847999899],[-81.2824863649999,-4.599091847999944],[-81.28067573999994,-4.600947222999935],[-81.27700973999998,-4.608634722999966],[-81.27404886499988,-4.61031447299996],[-81.26792186499989,-4.61116997299996],[-81.26171486499999,-4.609816347999924],[-81.25903123999996,-4.608189472999868],[-81.2434082399999,-4.608974597999918],[-81.2333847399999,-4.606990222999968],[-81.22241211499994,-4.605640597999923],[-81.16853123999994,-4.597708972999953],[-81.15910736499995,-4.604251972999975],[-81.15672661499997,-4.607646472999818],[-81.1516249899999,-4.612673847999929],[-81.14887498999991,-4.611599597999941],[-81.14605661499996,-4.609208972999966],[-81.12663086499998,-4.600810597999896],[-81.11612698999988,-4.598275347999902],[-81.10910736499994,-4.595822222999971],[-81.10565823999997,-4.596216847999926],[-81.09924998999998,-4.599021472999937],[-81.0961543649999,-4.60391209799991],[-81.09424998999998,-4.604831972999932],[-81.09421486499991,-4.608820347999938],[-81.09253323999997,-4.61088872299996],[-81.08895111499999,-4.611867222999877],[-81.08781448999997,-4.613992222999968],[-81.08448048999998,-4.614833972999975],[-81.07970111499998,-4.61774222299988],[-81.07889648999998,-4.619681597999943],[-81.07559761499988,-4.62145897299996],[-81.07271873999997,-4.621042972999874],[-81.06858598999997,-4.623437472999967],[-81.06793748999996,-4.628017597999929],[-81.06582236499997,-4.630195347999972],[-81.06550586499998,-4.632146472999978],[-81.05841998999995,-4.639244097999949],[-81.06012698999996,-4.647521472999927],[-81.06004298999994,-4.651232472999936],[-81.05708386499998,-4.652191347999974],[-81.05247661499999,-4.655488222999907],[-81.04978723999994,-4.65589259799998],[-81.0470117399999,-4.654177722999918],[-81.04451761499996,-4.655683597999939],[-81.0408534899999,-4.656193222999889],[-81.03635161499994,-4.655533222999907],[-81.03050786499995,-4.657417972999951],[-81.02299023999984,-4.660697222999943],[-81.02133786499996,-4.656414097999971],[-81.01900386499995,-4.654378847999965],[-81.01508398999988,-4.655283347999841],[-81.01170111499994,-4.658595722999905],[-81.0076093649999,-4.660706972999947],[-81.00568548999996,-4.664220722999914],[-81.00194923999999,-4.666009722999945],[-81.0009218649999,-4.661927722999906],[-80.99908598999997,-4.65991209799995],[-80.99566011499991,-4.659820347999869],[-80.99335348999995,-4.658374972999923],[-80.98934373999998,-4.658513722999942],[-80.98566011499986,-4.661986347999971],[-80.98053323999994,-4.667628847999879],[-80.97773823999995,-4.668373097999847],[-80.9766406149999,-4.664900347999946],[-80.97215823999994,-4.666115222999963],[-80.96933598999993,-4.667587847999869],[-80.96822261499983,-4.66434572299994],[-80.96457611499994,-4.657960972999945],[-80.96085936499998,-4.653689472999929],[-80.95894923999992,-4.65303709799997],[-80.95701173999993,-4.650039097999979],[-80.95534573999993,-4.649378972999898],[-80.95211911499996,-4.645857472999921],[-80.94641211499999,-4.645833972999924],[-80.94458986499995,-4.642896472999894],[-80.9445292399999,-4.638931597999942],[-80.94692186499998,-4.636999972999888],[-80.94944536499997,-4.637652347999961],[-80.95184761499996,-4.634740222999881],[-80.95111136499997,-4.632144472999869],[-80.94842386499994,-4.629816472999892],[-80.94581248999992,-4.626394472999891],[-80.93962498999991,-4.624716847999935],[-80.93800586499998,-4.625253847999943],[-80.93471098999987,-4.623259722999876]]]]},"properties":{"ubigeo":"190703","nombre":"LA BREA"}},{"type":"Feature","geometry":{"type":"MultiPolygon","coordinates":[[[[-81.29780073999996,-4.496400347999895],[-81.30159761499993,-4.491185597999902],[-81.30153123999997,-4.486246097999981],[-81.30361336499993,-4.483249972999943],[-81.30343161499991,-4.478990222999926],[-81.30158198999999,-4.47460334799996],[-81.29838673999996,-4.472341847999871],[-81.29825198999998,-4.467693347999955],[-81.3003613649999,-4.464968722999913],[-81.30039448999997,-4.461404347999974],[-81.29748436499989,-4.462193347999971],[-81.29332436499993,-4.456703097999934],[-81.29125386499987,-4.455988222999906],[-81.29008011499991,-4.452787097999931],[-81.28216598999995,-4.454410097999926],[-81.27939261499989,-4.452990222999915],[-81.27627923999995,-4.448765597999966],[-81.27557423999997,-4.445826222999926],[-81.27344536499999,-4.445783222999921],[-81.27287698999999,-4.441656222999882],[-81.27006448999998,-4.437152347999927],[-81.26924223999998,-4.433896472999891],[-81.2671426149999,-4.434068347999926],[-81.264787115,-4.428236222999828],[-81.26469536499985,-4.421857472999875],[-81.26236911499996,-4.418492222999873],[-81.26093561499988,-4.413988222999933],[-81.26098636499984,-4.407105472999945],[-81.25691211499998,-4.405267597999909],[-81.25528711499999,-4.40262697299994],[-81.25227348999994,-4.392687472999967],[-81.25290236499995,-4.384199222999939],[-81.25227148999994,-4.38155859799997],[-81.25281048999989,-4.376818347999972],[-81.25250198999993,-4.372999972999935],[-81.25041011499997,-4.370857472999944],[-81.25026561499999,-4.367746097999827],[-81.25110161499998,-4.36072459799982],[-81.24927923999991,-4.354816347999929],[-81.24974411499994,-4.346384722999915],[-81.25092186499995,-4.337664097999948],[-81.25308986499982,-4.327521472999877],[-81.25533011499988,-4.32167772299988],[-81.26065623999995,-4.310890722999829],[-81.26028323999992,-4.307796847999896],[-81.17021873999994,-4.340269472999978],[-81.08785936499987,-4.369568347999973],[-81.04073823999988,-4.38641209799988],[-81.050798865,-4.388132847999884],[-81.1384882399999,-4.402308597999934],[-81.14536723999993,-4.403203097999892],[-81.15374798999989,-4.42305072299996],[-81.17624998999997,-4.44919922299988],[-81.19019711499999,-4.454890597999963],[-81.19482223999995,-4.451361347999978],[-81.19989848999995,-4.452773472999922],[-81.20615048999997,-4.460439347999966],[-81.20921098999997,-4.461617222999905],[-81.20989061499995,-4.464052722999952],[-81.21379886499994,-4.468750097999873],[-81.21722073999985,-4.475662097999873],[-81.21833986499996,-4.476650347999964],[-81.22874223999992,-4.480599597999969],[-81.2378769899999,-4.479212847999975],[-81.24328911499998,-4.48105859799989],[-81.24923436499995,-4.486660097999902],[-81.26154298999995,-4.49597847299998],[-81.26243548999992,-4.497732472999928],[-81.27364261499986,-4.505234347999931],[-81.29780073999996,-4.496400347999895]]]]},"properties":{"ubigeo":"190704","nombre":"LOBITOS"}},{"type":"Feature","geometry":{"type":"MultiPolygon","coordinates":[[[[-80.93638473999988,-4.178242222999927],[-80.93637298999988,-4.185255847999883],[-80.93740236499997,-4.188605472999939],[-80.93637886499994,-4.189771472999951],[-80.92882036499998,-4.19115622299995],[-80.92858198999988,-4.193837847999873],[-80.93041211499997,-4.197720722999975],[-80.92880273999998,-4.200722597999913],[-80.92425973999997,-4.204121097999916],[-80.92465423999988,-4.207412097999907],[-80.92296873999999,-4.210757847999901],[-80.91755473999984,-4.214796847999935],[-80.91498436499995,-4.21897072299987],[-80.9111308649999,-4.221234347999939],[-80.90892773999997,-4.224523472999977],[-80.92264648999998,-4.217507847999912],[-81.00139648999993,-4.179423847999885],[-81.01357223999997,-4.173318347999952],[-81.06248436499999,-4.147617221999951],[-81.09561923999996,-4.130626971999902],[-81.09988673999999,-4.128050721999898],[-81.09580273999995,-4.125597596999967],[-81.08914448999997,-4.118929721999905],[-81.07965623999996,-4.114236346999974],[-81.07571098999995,-4.111351596999953],[-81.06738473999991,-4.110746096999947],[-81.06062698999995,-4.105869096999925],[-81.05537298999991,-4.106748096999922],[-81.0525624899999,-4.105064471999981],[-81.04894136499996,-4.100124971999946],[-81.04602148999993,-4.094173846999922],[-81.0414179899999,-4.087546846999885],[-81.03948636499996,-4.089613221999969],[-81.03811523999991,-4.093482471999948],[-81.03620898999986,-4.094855471999949],[-81.03172073999991,-4.100124971999946],[-81.03106636499996,-4.103246096999953],[-81.02888286499996,-4.105216846999951],[-81.02288473999988,-4.107396471999834],[-81.01992186499996,-4.112158221999891],[-81.01663086499991,-4.113882846999957],[-81.01197073999998,-4.114234346999922],[-81.00631636499992,-4.111951221999846],[-81.0006523649999,-4.11120309699993],[-80.9956738649999,-4.11466209699995],[-80.99349411499992,-4.117621221999912],[-80.98777736499989,-4.117132846999937],[-80.98575598999997,-4.120382846999973],[-80.9814238649999,-4.122755846999951],[-80.97888873999995,-4.126759721999861],[-80.97672848999997,-4.127472596999951],[-80.97270111499984,-4.12656059699998],[-80.97132223999995,-4.127117221999868],[-80.97045511499988,-4.13044134699993],[-80.96735548999993,-4.137373096999966],[-80.96797461499983,-4.140947221999909],[-80.96516598999995,-4.142376971999909],[-80.96226361499998,-4.146677721999936],[-80.96188673999995,-4.150488221999922],[-80.96392386499997,-4.15447847299987],[-80.96642973999997,-4.161173846999873],[-80.97077736499989,-4.166912096999852],[-80.97078911499989,-4.168816346999847],[-80.96756248999992,-4.172597596999879],[-80.96059173999993,-4.174271472999919],[-80.95472848999992,-4.173447221999936],[-80.94853511499997,-4.169900346999896],[-80.94528711499999,-4.168597597999963],[-80.94274998999987,-4.168996096999876],[-80.93898436499995,-4.176271471999939],[-80.93638473999988,-4.178242222999927]]]]},"properties":{"ubigeo":"190705","nombre":"MANCORA"}},{"type":"Feature","geometry":{"type":"MultiPolygon","coordinates":[[[[-80.90892773999997,-4.224523472999977],[-80.91013861499994,-4.224374972999954],[-81.00419923999982,-4.226550597999903],[-81.00687498999997,-4.226427722999972],[-81.09104098999995,-4.226763722999976],[-81.15888086499996,-4.227060597999923],[-81.2018496149999,-4.227206972999966],[-81.19717973999997,-4.225337847999924],[-81.19474611499993,-4.225183597999944],[-81.1906738649999,-4.223031222999964],[-81.18613086499988,-4.218580097999904],[-81.18040823999996,-4.218628847999923],[-81.17672261499985,-4.217126972999949],[-81.16858398999995,-4.210462722999978],[-81.16132811499983,-4.200900347999891],[-81.15589448999992,-4.192958972999975],[-81.15233398999993,-4.188662097999895],[-81.14763861499995,-4.18091009799997],[-81.14534961499999,-4.178874972999949],[-81.14218548999992,-4.177917972999921],[-81.13725786499998,-4.179763722999951],[-81.13333786499999,-4.178388722999955],[-81.1265429899999,-4.173025347999953],[-81.12264061499997,-4.16723634799996],[-81.11771098999998,-4.159113222999906],[-81.11518748999998,-4.153531222999902],[-81.10619336499991,-4.137917971999912],[-81.09988673999999,-4.128050721999898],[-81.09561923999996,-4.130626971999902],[-81.06248436499999,-4.147617221999951],[-81.01357223999997,-4.173318347999952],[-81.00139648999993,-4.179423847999885],[-80.92264648999998,-4.217507847999912],[-80.90892773999997,-4.224523472999977]]]]},"properties":{"ubigeo":"190706","nombre":"LOS ORGANOS"}},{"type":"Feature","geometry":{"type":"MultiPolygon","coordinates":[[[[-80.79119136499986,-5.48392972399995],[-80.79034173999997,-5.488400348999903],[-80.78793548999994,-5.491947223999944],[-80.78957598999995,-5.494191348999891],[-80.79004486499986,-5.498072223999941],[-80.78827348999994,-5.504259723999951],[-80.79013286499992,-5.507552723999822],[-80.79433011499992,-5.510531223999976],[-80.79520311499988,-5.514773473999981],[-80.79435348999993,-5.518400348999933],[-80.7920078649999,-5.518806598999959],[-80.78628323999999,-5.516919973999848],[-80.78201348999994,-5.512867223999876],[-80.77848636499988,-5.511039098999959],[-80.77493361499984,-5.511165973999823],[-80.76842386499999,-5.512818348999929],[-80.76727923999994,-5.514873098999942],[-80.76846098999994,-5.519847598999945],[-80.77233986499988,-5.524951223999892],[-80.77470311499997,-5.529683598999952],[-80.77556836499997,-5.532941348999941],[-80.77173048999992,-5.534279348999974],[-80.76974998999992,-5.536300723999886],[-80.76691986499998,-5.535371098999974],[-80.76525386499998,-5.53626947399988],[-80.72829886499994,-5.553281223999932],[-80.68313861499996,-5.573638723999977],[-80.6259198649999,-5.598863223999956],[-80.53462958799992,-5.601605451999887],[-80.50230468699993,-5.614117187999966],[-80.44784960899995,-5.633472655999981],[-80.32248948699998,-5.679935076999811],[-80.31798720699999,-5.67870043299996],[-80.31165030199998,-5.678304843999911],[-80.30594357399985,-5.67662123599996],[-80.29998535999988,-5.677426816999912],[-80.29565084099988,-5.677414230999943],[-80.29272620699993,-5.678098944999931],[-80.2805774819999,-5.684271176999914],[-80.26802116399989,-5.688875665999944],[-80.26489002099999,-5.690951169999948],[-80.25828553599996,-5.693996037999966],[-80.25339483499994,-5.694421729999931],[-80.25109640499994,-5.696893620999901],[-80.24448740699995,-5.708878583999876],[-80.24127591099995,-5.710770774999958],[-80.2358437389999,-5.711503108999977],[-80.22181674699982,-5.716507215999968],[-80.21557696499991,-5.719786322999937],[-80.21106637499992,-5.720065699999964],[-80.20755413899985,-5.721833515999947],[-80.19972513199991,-5.727913837999949],[-80.19170686999996,-5.732559374999937],[-80.1818853929999,-5.740584958999875],[-80.17735736399999,-5.746679723999932],[-80.17213395799996,-5.750543431999972],[-80.14973828099994,-5.761164062999967],[-80.14740655799994,-5.763018833999979],[-80.1406992389999,-5.765189598999882],[-80.13625970599992,-5.769265289999964],[-80.12686164399992,-5.774726012999963],[-80.12380181499998,-5.777371818999939],[-80.11141316599998,-5.785091760999933],[-80.10917904399997,-5.787907161999897],[-80.10282131199989,-5.79097962599991],[-80.09236894099996,-5.79509126499994],[-80.08780473899998,-5.797310598999957],[-80.07971286499998,-5.802314473999957],[-80.06910936399998,-5.805371098999956],[-80.06319336399997,-5.807904348999955],[-80.05298436399994,-5.811244098999964],[-80.05818161399998,-5.819095723999908],[-80.06466211399999,-5.821050723999974],[-80.06817973899996,-5.824675723999974],[-80.06972848899994,-5.827611348999937],[-80.07530273899994,-5.83149809899993],[-80.07636523899993,-5.834257848999925],[-80.07999411399999,-5.835304723999911],[-80.08394136399988,-5.840738223999892],[-80.08566411399988,-5.841880848999949],[-80.09006448899999,-5.847070348999978],[-80.09275586399991,-5.852394473999937],[-80.09618361399993,-5.854687473999945],[-80.09728511399987,-5.85782222399996],[-80.100925739,-5.860458973999926],[-80.10461323899995,-5.864869098999975],[-80.10607223899996,-5.867449223999927],[-80.11177923899999,-5.868298848999871],[-80.11466798899983,-5.870818348999876],[-80.12036323899997,-5.872570348999886],[-80.12163086399994,-5.876591848999908],[-80.12173436399996,-5.879503848999889],[-80.1236582389999,-5.885187473999963],[-80.12384761399994,-5.891310598999951],[-80.1308632389999,-5.888665973999935],[-80.14036723899989,-5.888361223999937],[-80.14987111399995,-5.889343723999957],[-80.16667573899991,-5.892390598999896],[-80.17412698899994,-5.892771348999872],[-80.18279486399985,-5.892771348999872],[-80.19245111399988,-5.891904348999901],[-80.19891411399993,-5.892999973999963],[-80.20469336399992,-5.898093723999978],[-80.21115623899982,-5.901363223999965],[-80.21731448899999,-5.903873098999952],[-80.23046873899989,-5.907673848999934],[-80.24149411399998,-5.91033597399985],[-80.25517973899991,-5.914441348999958],[-80.26962698899996,-5.917027348999966],[-80.27875198899994,-5.919992223999884],[-80.29175386399987,-5.925998098999969],[-80.30794536399992,-5.935277348999932],[-80.31159961399993,-5.937728473999925],[-80.32117973899989,-5.943259723999915],[-80.32741411399996,-5.947441348999973],[-80.33471286399998,-5.95390434899997],[-80.34136911399997,-5.962562473999924],[-80.3454902389999,-5.96719722399996],[-80.35007223899993,-5.971544973999926],[-80.35154686399994,-5.974201223999955],[-80.35281048899992,-5.981580098999927],[-80.35455861399998,-5.985914098999899],[-80.36231636399998,-5.993441473999951],[-80.368548864,-5.996634723999819],[-80.3697676139999,-5.998689473999832],[-80.37621873899997,-6.006968723999876],[-80.45231448899995,-6.119015598999965],[-80.46021098899996,-6.129765598999938],[-80.48089448899998,-6.160070348999909],[-80.49648048899996,-6.182292973999949],[-80.50273236399994,-6.192394473999968],[-80.53149798999988,-6.233472598999981],[-80.54583398999989,-6.254734348999875],[-80.55854298999992,-6.272488223999972],[-80.57202736499983,-6.29237497399987],[-80.58544923999995,-6.31158784999991],[-80.59474611499991,-6.325253849999967],[-80.60742973999999,-6.343415974999914],[-80.62705861499995,-6.371869099999969],[-80.62713286499996,-6.372080099999891],[-80.63754686499993,-6.366919974999973],[-80.6599354899999,-6.354496099999949],[-80.68134373999993,-6.343773474999921],[-80.69357036499991,-6.337865224999916],[-80.70764261499994,-6.331386724999902],[-80.70994923999996,-6.330103474999873],[-80.72731248999997,-6.323037099999965],[-80.75691011499998,-6.312152474999891],[-80.76828511499997,-6.30708197499996],[-80.77911136499989,-6.301759724999954],[-80.78692386499989,-6.296931598999947],[-80.79791986499987,-6.288984348999918],[-80.80395298999997,-6.283820348999939],[-80.81334961499994,-6.27455259899989],[-80.81524023999998,-6.272146598999939],[-80.82333986499992,-6.263818348999905],[-80.83451948999988,-6.252947223999968],[-80.84808198999991,-6.240359348999959],[-80.85507223999991,-6.234689473999936],[-80.86108598999994,-6.228847598999948],[-80.86788473999991,-6.223720723999918],[-80.87697261499989,-6.216285098999947],[-80.89453911499993,-6.203345723999973],[-80.90077523999997,-6.199275348999947],[-80.90617386499991,-6.195232473999965],[-80.91313473999998,-6.190584098999921],[-80.92832036499993,-6.180960973999959],[-80.95354098999991,-6.16542184899987],[-80.96454298999993,-6.158820348999882],[-80.98775386499989,-6.145404348999875],[-81.00034373999995,-6.137654348999945],[-81.00742961499992,-6.132857473999934],[-81.01997461499997,-6.126171848999945],[-81.02808011499997,-6.121540973999913],[-81.03627736499999,-6.11730659899996],[-81.05108011499982,-6.108576223999876],[-81.06573048999996,-6.098468723999872],[-81.08110161499991,-6.088769473999946],[-81.08454486499988,-6.08614447399998],[-81.09156636499989,-6.082027348999929],[-81.09801761499989,-6.076779348999935],[-81.10721486499995,-6.067333848999965],[-81.11149798999998,-6.061941348999881],[-81.11483986499996,-6.054585848999977],[-81.11327536499994,-6.051302723999925],[-81.11404298999997,-6.047937473999923],[-81.11719536499993,-6.04374809899997],[-81.11728511499996,-6.040337848999968],[-81.11930073999997,-6.037371098999813],[-81.12532611499995,-6.030810598999949],[-81.13159573999991,-6.022847598999931],[-81.13696873999987,-6.013599598999974],[-81.14035723999984,-6.006664098999977],[-81.14925973999993,-5.981240223999976],[-81.14867973999992,-5.974384723999947],[-81.14513673999988,-5.970322223999972],[-81.14528911499997,-5.965562473999967],[-81.14887298999992,-5.954453098999977],[-81.14955661499994,-5.947605473999943],[-81.1477852399999,-5.944890598999962],[-81.14818161499994,-5.939998098999979],[-81.14599423999994,-5.937347723999949],[-81.14499023999991,-5.934408223999924],[-81.14497261499997,-5.931214848999957],[-81.14591011499994,-5.921833973999981],[-81.14610548999991,-5.915626973999906],[-81.14469536499996,-5.909132848999946],[-81.14533011499998,-5.907087848999936],[-81.14478511499993,-5.903560598999945],[-81.14576761499995,-5.898783348999928],[-81.14859373999991,-5.893011598999919],[-81.14928911499999,-5.88923047399993],[-81.14424611499999,-5.882871098999885],[-81.13833598999992,-5.877915973999961],[-81.13374611499995,-5.871185598999887],[-81.12851361499997,-5.864464848999887],[-81.12738473999985,-5.859111348999875],[-81.12442786499997,-5.853982473999963],[-81.12236523999985,-5.842240223999909],[-81.11839061499995,-5.842095723999932],[-81.11622261499991,-5.840966848999869],[-81.11257423999996,-5.841121098999963],[-81.10995511499993,-5.843998223999961],[-81.10693748999995,-5.844623098999875],[-81.10262886499993,-5.84321284899994],[-81.09746098999995,-5.838173723999887],[-81.09458598999998,-5.833263723999892],[-81.09240823999994,-5.826341848999959],[-81.0932656149999,-5.82474222399992],[-81.08781836499992,-5.820933598999943],[-81.08544336499989,-5.815660098999956],[-81.08519736499989,-5.812240223999879],[-81.08283986499987,-5.806369098999937],[-81.08344336499988,-5.800298848999944],[-81.08464448999996,-5.796871098999929],[-81.08435348999996,-5.794771473999958],[-81.08013673999994,-5.789624973999935],[-81.07530473999998,-5.788025348999895],[-81.07316411499988,-5.788115223999966],[-81.07148236499984,-5.786169973999961],[-81.06844723999995,-5.78574609899988],[-81.06699411499983,-5.787878973999966],[-81.06459961499996,-5.788623098999892],[-81.05863861499995,-5.793290973999945],[-81.05812511499988,-5.795128848999923],[-81.05550598999992,-5.796775348999915],[-81.04744923999993,-5.809023473999844],[-81.04388098999993,-5.810652348999952],[-81.0422734899999,-5.817111348999958],[-81.03852536499994,-5.820677723999893],[-81.03406448999988,-5.823789098999953],[-81.03094536499998,-5.824763723999922],[-81.02641211499997,-5.828357473999915],[-81.02169723999998,-5.830556598999976],[-81.01348636499995,-5.830076098999939],[-81.01159948999998,-5.831550723999896],[-81.00780473999998,-5.832374848999962],[-81.00462486499987,-5.835730473999888],[-81.00199411499989,-5.835912098999927],[-80.9920156149999,-5.832845723999924],[-80.98908786499999,-5.838164098999812],[-80.98689261499987,-5.838617223999904],[-80.97645898999997,-5.838380848999975],[-80.97052336499996,-5.841339848999951],[-80.96987298999994,-5.843482473999927],[-80.96750786499985,-5.844695348999949],[-80.96060548999992,-5.843275348999953],[-80.95888086499997,-5.845138723999924],[-80.95419136499999,-5.846177723999915],[-80.9431444899999,-5.845679723999922],[-80.93746286499999,-5.843597598999963],[-80.92996486499993,-5.840140598999938],[-80.92196098999989,-5.836857473999942],[-80.91078911499994,-5.829156223999917],[-80.90462886499989,-5.824269473999891],[-80.89658198999996,-5.816099723999912],[-80.89148823999994,-5.809820348999949],[-80.88488861499985,-5.798058598999944],[-80.88194536499986,-5.787574223999968],[-80.87627536499997,-5.775169973999937],[-80.87485736499997,-5.774138723999954],[-80.87175186499996,-5.769415973999969],[-80.87043361499997,-5.768790973999955],[-80.86970111499983,-5.765710973999944],[-80.86124411499998,-5.749665973999925],[-80.85981636499997,-5.745478473999924],[-80.85823048999993,-5.736882848999926],[-80.8564062399999,-5.731734348999964],[-80.85389061499995,-5.716552598999954],[-80.85289261499997,-5.702677723999955],[-80.85283023999995,-5.698369098999933],[-80.85151361499999,-5.690001973999927],[-80.85132423999988,-5.679867223999963],[-80.85022848999989,-5.663550723999947],[-80.85043748999988,-5.656501973999923],[-80.85094536499997,-5.654294973999924],[-80.85130861499994,-5.645765598999958],[-80.85254686499997,-5.635488223999914],[-80.85400198999992,-5.631236348999948],[-80.85511523999992,-5.625240223999981],[-80.85876561499998,-5.617417973999977],[-80.86214448999993,-5.608984348999911],[-80.86261311499999,-5.605917973999965],[-80.86470111499995,-5.599578098999928],[-80.86630061499994,-5.590150348999884],[-80.86955661499996,-5.582570348999923],[-80.87026761499999,-5.57864447399993],[-80.87251761499988,-5.571490223999945],[-80.87474023999994,-5.568603473999929],[-80.87825386499998,-5.559830098999953],[-80.8785078649999,-5.558300723999935],[-80.8826426149999,-5.547917973999915],[-80.87347461499996,-5.542193348999945],[-80.87062111499984,-5.539248098999963],[-80.86872073999996,-5.535486348999939],[-80.86605873999997,-5.532111348999933],[-80.86248048999994,-5.529644598999937],[-80.84516798999988,-5.516435598999976],[-80.82806048999998,-5.502742223999974],[-80.82374411499995,-5.496511723999959],[-80.82324411499991,-5.486255848999917],[-80.81767973999996,-5.484148473999937],[-80.81413673999998,-5.482085973999972],[-80.80973236499989,-5.475634848999903],[-80.80880473999997,-5.470478473999947],[-80.80636723999999,-5.470663973999933],[-80.80210736499987,-5.473060598999894],[-80.79962111499992,-5.472747973999958],[-80.79564648999997,-5.473634723999965],[-80.79481448999996,-5.47468747399995],[-80.79119136499986,-5.48392972399995]]]]},"properties":{"ubigeo":"190801","nombre":"SECHURA"}},{"type":"Feature","geometry":{"type":"MultiPolygon","coordinates":[[[[-80.74917645199997,-5.41361576099996],[-80.74873436499996,-5.416007848999925],[-80.75643948999993,-5.420062473999963],[-80.76395511499999,-5.420279348999941],[-80.7668534899999,-5.422968723999873],[-80.76844136499994,-5.426515723999898],[-80.76561523999993,-5.428171848999966],[-80.76430473999994,-5.431201223999892],[-80.75764261499995,-5.435884723999891],[-80.75645898999989,-5.437847473999966],[-80.7573319899999,-5.441863223999917],[-80.75709761499996,-5.444507848999933],[-80.76073823999991,-5.44445122399992],[-80.76280273999993,-5.447775348999926],[-80.7648534899999,-5.448873098999968],[-80.76963286499983,-5.448423848999937],[-80.77468748999996,-5.448964848999935],[-80.77584961499997,-5.45023434899997],[-80.77674223999998,-5.455507848999957],[-80.77633786499996,-5.459480473999918],[-80.77787698999992,-5.46199809899997],[-80.78150198999998,-5.464755848999971],[-80.78790823999998,-5.474593723999931],[-80.7880703649999,-5.478189473999976],[-80.79119136499986,-5.48392972399995],[-80.79481448999996,-5.47468747399995],[-80.79564648999997,-5.473634723999965],[-80.79962111499992,-5.472747973999958],[-80.80210736499987,-5.473060598999894],[-80.80636723999999,-5.470663973999933],[-80.80880473999997,-5.470478473999947],[-80.80973236499989,-5.475634848999903],[-80.81413673999998,-5.482085973999972],[-80.81767973999996,-5.484148473999937],[-80.82324411499991,-5.486255848999917],[-80.82374411499995,-5.496511723999959],[-80.82806048999998,-5.502742223999974],[-80.84516798999988,-5.516435598999976],[-80.86248048999994,-5.529644598999937],[-80.86605873999997,-5.532111348999933],[-80.86872073999996,-5.535486348999939],[-80.87062111499984,-5.539248098999963],[-80.87347461499996,-5.542193348999945],[-80.8826426149999,-5.547917973999915],[-80.88719723999998,-5.53848247399992],[-80.88867773999993,-5.534484348999968],[-80.89229098999994,-5.528794973999879],[-80.89554298999997,-5.521078098999965],[-80.89668948999997,-5.517361348999941],[-80.89758398999999,-5.511453098999937],[-80.90484573999998,-5.497324223999954],[-80.90980273999998,-5.489617223999971],[-80.91156448999999,-5.485654348999901],[-80.91469736499994,-5.480706973999929],[-80.91857036499994,-5.475605473999963],[-80.92321098999997,-5.467898473999924],[-80.92743748999999,-5.462408223999944],[-80.93021873999999,-5.457523473999913],[-80.93849798999986,-5.44648634899994],[-80.94105273999992,-5.443763723999894],[-80.94954886499994,-5.43299997399987],[-80.955101615,-5.427644473999976],[-80.95847661499982,-5.423085973999889],[-80.96379298999994,-5.419033098999932],[-80.96941798999995,-5.413886723999951],[-80.97186323999995,-5.41233984899992],[-80.98161323999994,-5.401265598999885],[-80.9855566149999,-5.397765598999911],[-80.98943948999994,-5.392935598999884],[-80.9939511149999,-5.388460973999941],[-80.98760936499991,-5.375705097999912],[-80.98715236499987,-5.373714847999906],[-80.97219923999995,-5.352599598999973],[-80.96108224899996,-5.350446675999933],[-80.95975805499995,-5.350716252999916],[-80.85101994399992,-5.406045055999925],[-80.77318069499984,-5.40036065299995],[-80.77221250299993,-5.400231142999928],[-80.75190519699993,-5.402663590999907],[-80.75305898999994,-5.410653151999895],[-80.74917645199997,-5.41361576099996]]]]},"properties":{"ubigeo":"190802","nombre":"VICE"}},{"type":"Feature","geometry":{"type":"MultiPolygon","coordinates":[[[[-80.64513935799994,-5.48710314799996],[-80.64549713899987,-5.487395977999938],[-80.66661136399989,-5.482474598999886],[-80.70173436399995,-5.47715234899988],[-80.70594923999994,-5.480427722999934],[-80.71070111499989,-5.480785098999888],[-80.71691986499991,-5.482152347999943],[-80.72032036499996,-5.484103473999937],[-80.73754473899999,-5.482564473999957],[-80.73893161499996,-5.487433597999939],[-80.74371486499996,-5.488699223999959],[-80.74807423999988,-5.49198247399994],[-80.75456248899991,-5.493343723999942],[-80.76116411499999,-5.493435598999895],[-80.76371286499995,-5.492968723999979],[-80.7635429899999,-5.488427723999962],[-80.76201948999989,-5.484664098999872],[-80.76225586499999,-5.47929097399998],[-80.76012698999995,-5.476331973999947],[-80.7598104899999,-5.473318348999896],[-80.76255861499999,-5.468273473999943],[-80.76194536499997,-5.465613348999966],[-80.75773823999992,-5.465167973999939],[-80.75645698999989,-5.463855473999956],[-80.75719923999992,-5.458970723999926],[-80.75476361499994,-5.454048848999946],[-80.75422461499994,-5.449410098999977],[-80.74885548999993,-5.444302723999897],[-80.74395311499995,-5.443703098999947],[-80.74177923999986,-5.441011723999907],[-80.73790823999991,-5.442410098999972],[-80.73387298999984,-5.442849598999942],[-80.72070538299994,-5.419794890999981],[-80.70376518199987,-5.424905167999952],[-80.69750417499989,-5.427048382999942],[-80.69037680599985,-5.428146107999964],[-80.69037772899992,-5.426336833999926],[-80.68099068499993,-5.428035881999904],[-80.65369511299997,-5.433843544999945],[-80.64431699599999,-5.436732858999903],[-80.64428692599984,-5.442189023999902],[-80.64222703299993,-5.444764757999963],[-80.64724992899994,-5.446529294999948],[-80.64665761899994,-5.453626826999937],[-80.64868144199988,-5.461840963999919],[-80.64754326999997,-5.465499530999921],[-80.64690051899998,-5.475795772999902],[-80.64503795099989,-5.486016819999975],[-80.64513935799994,-5.48710314799996]]]]},"properties":{"ubigeo":"190803","nombre":"BERNAL"}},{"type":"Feature","geometry":{"type":"MultiPolygon","coordinates":[[[[-80.72070538299994,-5.419794890999981],[-80.73387298999984,-5.442849598999942],[-80.73790823999991,-5.442410098999972],[-80.74177923999986,-5.441011723999907],[-80.74395311499995,-5.443703098999947],[-80.74885548999993,-5.444302723999897],[-80.75422461499994,-5.449410098999977],[-80.75709761499996,-5.444507848999933],[-80.7573319899999,-5.441863223999917],[-80.75645898999989,-5.437847473999966],[-80.75764261499995,-5.435884723999891],[-80.76430473999994,-5.431201223999892],[-80.76561523999993,-5.428171848999966],[-80.76844136499994,-5.426515723999898],[-80.7668534899999,-5.422968723999873],[-80.76395511499999,-5.420279348999941],[-80.75643948999993,-5.420062473999963],[-80.74873436499996,-5.416007848999925],[-80.74917645199997,-5.41361576099996],[-80.74434946199989,-5.411369692999926],[-80.74349448099991,-5.409351191999974],[-80.73847922299984,-5.407321984999953],[-80.73790433799996,-5.405201346999945],[-80.73235536599992,-5.407972911999934],[-80.73100594499994,-5.409408553999924],[-80.72671787699994,-5.411277365999922],[-80.72299827999996,-5.411697493999952],[-80.72375434299988,-5.416483384999935],[-80.7197730399999,-5.417648541999938],[-80.72070538299994,-5.419794890999981]]]]},"properties":{"ubigeo":"190804","nombre":"BELLAVISTA DE LA UNION"}},{"type":"Feature","geometry":{"type":"MultiPolygon","coordinates":[[[[-80.64513935799994,-5.48710314799996],[-80.60151953999991,-5.479205516999968],[-80.5914623079999,-5.479368981999869],[-80.56757067199993,-5.486871257999951],[-80.552580875,-5.492269863999979],[-80.53752704599992,-5.568173931999922],[-80.53462958799992,-5.601605451999887],[-80.6259198649999,-5.598863223999956],[-80.68313861499996,-5.573638723999977],[-80.72829886499994,-5.553281223999932],[-80.76525386499998,-5.53626947399988],[-80.76691986499998,-5.535371098999974],[-80.76974998999992,-5.536300723999886],[-80.77173048999992,-5.534279348999974],[-80.77556836499997,-5.532941348999941],[-80.77470311499997,-5.529683598999952],[-80.77233986499988,-5.524951223999892],[-80.76846098999994,-5.519847598999945],[-80.76727923999994,-5.514873098999942],[-80.76842386499999,-5.512818348999929],[-80.7648534899999,-5.50964259899996],[-80.76379686499996,-5.506521473999953],[-80.767601615,-5.502794973999869],[-80.76909961499996,-5.500054723999938],[-80.76808011499998,-5.497947223999972],[-80.76466786499998,-5.49610934899988],[-80.76371286499995,-5.492968723999979],[-80.76116411499999,-5.493435598999895],[-80.75456248899991,-5.493343723999942],[-80.74807423999988,-5.49198247399994],[-80.74371486499996,-5.488699223999959],[-80.73893161499996,-5.487433597999939],[-80.73754473899999,-5.482564473999957],[-80.72032036499996,-5.484103473999937],[-80.71691986499991,-5.482152347999943],[-80.71070111499989,-5.480785098999888],[-80.70594923999994,-5.480427722999934],[-80.70173436399995,-5.47715234899988],[-80.66661136399989,-5.482474598999886],[-80.64549713899987,-5.487395977999938],[-80.64513935799994,-5.48710314799996]]]]},"properties":{"ubigeo":"190805","nombre":"CRISTO NOS VALGA"}},{"type":"Feature","geometry":{"type":"MultiPolygon","coordinates":[[[[-80.75709761499996,-5.444507848999933],[-80.75422461499994,-5.449410098999977],[-80.75476361499994,-5.454048848999946],[-80.75719923999992,-5.458970723999926],[-80.75645698999989,-5.463855473999956],[-80.75773823999992,-5.465167973999939],[-80.76194536499997,-5.465613348999966],[-80.76255861499999,-5.468273473999943],[-80.7598104899999,-5.473318348999896],[-80.76012698999995,-5.476331973999947],[-80.76225586499999,-5.47929097399998],[-80.76201948999989,-5.484664098999872],[-80.7635429899999,-5.488427723999962],[-80.76371286499995,-5.492968723999979],[-80.76466786499998,-5.49610934899988],[-80.76808011499998,-5.497947223999972],[-80.76909961499996,-5.500054723999938],[-80.767601615,-5.502794973999869],[-80.76379686499996,-5.506521473999953],[-80.7648534899999,-5.50964259899996],[-80.76842386499999,-5.512818348999929],[-80.77493361499984,-5.511165973999823],[-80.77848636499988,-5.511039098999959],[-80.78201348999994,-5.512867223999876],[-80.78628323999999,-5.516919973999848],[-80.7920078649999,-5.518806598999959],[-80.79435348999993,-5.518400348999933],[-80.79520311499988,-5.514773473999981],[-80.79433011499992,-5.510531223999976],[-80.79013286499992,-5.507552723999822],[-80.78827348999994,-5.504259723999951],[-80.79004486499986,-5.498072223999941],[-80.78957598999995,-5.494191348999891],[-80.78793548999994,-5.491947223999944],[-80.79034173999997,-5.488400348999903],[-80.79119136499986,-5.48392972399995],[-80.7880703649999,-5.478189473999976],[-80.78790823999998,-5.474593723999931],[-80.78150198999998,-5.464755848999971],[-80.77787698999992,-5.46199809899997],[-80.77633786499996,-5.459480473999918],[-80.77674223999998,-5.455507848999957],[-80.77584961499997,-5.45023434899997],[-80.77468748999996,-5.448964848999935],[-80.76963286499983,-5.448423848999937],[-80.7648534899999,-5.448873098999968],[-80.76280273999993,-5.447775348999926],[-80.76073823999991,-5.44445122399992],[-80.75709761499996,-5.444507848999933]]]]},"properties":{"ubigeo":"190806","nombre":"RINCONADA-LLICUAR"}}]}