{"type":"FeatureCollection","features":[{"type":"Feature","geometry":{"type":"Polygon","coordinates":[[[-77.73084961199993,-9.716093727999919],[-77.73024023599999,-9.721267477999902],[-77.73105661199992,-9.723068352999974],[-77.73212498699996,-9.73151560299982],[-77.73383386199993,-9.734095726999954],[-77.73381048699997,-9.73721285299996],[-77.73584761199993,-9.7393906019999],[-77.73976373699998,-9.74169697799988],[-77.74498048599992,-9.746853477999935],[-77.74874698699989,-9.752649477999967],[-77.75111323699997,-9.75913672799993],[-77.75092386199998,-9.766203101999906],[-77.75273361199999,-9.774043976999849],[-77.75577098699995,-9.77726272699988],[-77.75740298699998,-9.783609352999918],[-77.76036136199997,-9.787990227999956],[-77.76451186199995,-9.790162227999872],[-77.76864573699993,-9.791361477999885],[-77.77431248699992,-9.791044102999933],[-77.77576323699998,-9.795350851999842],[-77.78079836199993,-9.800669477999975],[-77.782771987,-9.800761352999928],[-77.78617186199983,-9.798855477999894],[-77.79012548699984,-9.794227476999879],[-77.79479198699994,-9.791345852999939],[-77.8040996119999,-9.791065352999908],[-77.80851111199996,-9.792748352999979],[-77.8114181119999,-9.792212851999977],[-77.81790236199993,-9.783470726999894],[-77.81835936199991,-9.780755727999974],[-77.82049623699999,-9.781094852999956],[-77.82700261199989,-9.778259352999953],[-77.83095273699996,-9.777195602999939],[-77.8351588619999,-9.774260727999945],[-77.84086711199996,-9.772862852999822],[-77.84483773699998,-9.769378476999975],[-77.8481894869999,-9.769874727999934],[-77.85350761199993,-9.766523227999926],[-77.86222361199998,-9.765372727999932],[-77.86577461199988,-9.763804977999882],[-77.86785611199991,-9.763784477999877],[-77.87249111199998,-9.767656226999975],[-77.87578073699996,-9.76859972799997],[-77.87840148699996,-9.768368602999942],[-77.88386423699995,-9.769670727999937],[-77.88740248699997,-9.768329602999927],[-77.89201536199994,-9.76837472799997],[-77.89618086199994,-9.767253727999957],[-77.89931761199995,-9.767430726999976],[-77.90344161199994,-9.770299602999899],[-77.91016523699983,-9.76774460199988],[-77.92220061199998,-9.768461727999977],[-77.92755723699997,-9.767811851999966],[-77.93022423699995,-9.769335852999916],[-77.93499811199996,-9.769851352999979],[-77.94140361199999,-9.773219602999916],[-77.94552923699985,-9.773318352999922],[-77.95094923699992,-9.771546852999904],[-77.95380861199999,-9.77159372799997],[-77.95912111199993,-9.77692185299992],[-77.96140236199994,-9.780244101999926],[-77.96289861199983,-9.778464226999915],[-77.96354848699997,-9.774711727999943],[-77.96301598699995,-9.772918351999976],[-77.96439698699999,-9.771768227999928],[-77.97092523699996,-9.757660102999978],[-77.97394261199986,-9.754735351999898],[-77.97590011199998,-9.749346727999978],[-77.97914136199995,-9.746223602999976],[-77.98123336299994,-9.742908352999905],[-77.98584273699993,-9.74092272799993],[-77.98711923699994,-9.739451351999946],[-77.98522511199997,-9.733663477999812],[-77.98431811199998,-9.728991602999884],[-77.97935411199995,-9.725073602999885],[-77.97520898699992,-9.7249591019999],[-77.9699758619999,-9.71959560199997],[-77.96884123699994,-9.714950727999963],[-77.96893898699994,-9.712364352999941],[-77.96761698699999,-9.706143976999954],[-77.97219186199993,-9.703888227999926],[-77.97419523699989,-9.705483727999933],[-77.97756448699994,-9.710476602999961],[-77.97969723699993,-9.711839852999958],[-77.98592973699994,-9.712373102999948],[-77.99107611199997,-9.71060160299993],[-77.99624023799993,-9.711785101999965],[-78.000958987,-9.711425727999881],[-78.00321111199992,-9.709087852999971],[-78.00937698699994,-9.707724602999974],[-78.01147661199991,-9.708076227999925],[-78.01422273699995,-9.706447227999888],[-78.01731448799995,-9.705824226999937],[-78.01879286199988,-9.70438285299997],[-78.02941411299992,-9.701810727999884],[-78.03179298699996,-9.69848822699987],[-78.03443286199996,-9.696524976999967],[-78.03774798699999,-9.695289102999936],[-78.03951173699988,-9.692093726999872],[-78.04189061299991,-9.689902352999923],[-78.03655073799996,-9.688603476999901],[-78.02725198699989,-9.68796285299993],[-78.02136723699988,-9.68832622799988],[-78.01919723699996,-9.686455102999957],[-78.01154098799998,-9.685396477999973],[-78.00809373799996,-9.68315235199998],[-78.00609373699996,-9.680642601999978],[-78.00262886299998,-9.666818352999883],[-77.99759973699997,-9.66089060299987],[-77.99668548699998,-9.65841410299987],[-77.9941016119999,-9.656414102999918],[-77.9910819879999,-9.652591852999876],[-77.98978323699998,-9.648953102999883],[-77.98928898799988,-9.644441351999888],[-77.98708398699995,-9.644134727999926],[-77.9760333619999,-9.639046851999979],[-77.97239298699998,-9.631872727999848],[-77.96987661199995,-9.628550602999951],[-77.96890736199998,-9.624970977999965],[-77.96481536199997,-9.621022976999882],[-77.96079261199992,-9.615372352999884],[-77.96137261199993,-9.61303347699993],[-77.95926436199994,-9.607863351999981],[-77.95890286199989,-9.605399602999967],[-77.95995061199989,-9.60049735299998],[-77.9586596119999,-9.595277102999887],[-77.9592583619999,-9.590449726999964],[-77.96075523699994,-9.586202476999915],[-77.96277936199994,-9.58290285299995],[-77.96773423699989,-9.57884922799991],[-77.9718693619999,-9.573647602999927],[-77.97198161199998,-9.572169477999921],[-77.97471336199993,-9.56986810299992],[-77.9743017369999,-9.567211226999916],[-77.97177573699997,-9.560194727999885],[-77.97158023699996,-9.556937476999963],[-77.97271123699994,-9.555516976999911],[-77.97415198699997,-9.550483851999957],[-77.97781923699989,-9.547321726999883],[-77.98191686199993,-9.545263477999924],[-77.9829086119999,-9.541876976999959],[-77.98432936199993,-9.540384852999978],[-77.9911936129999,-9.538197601999912],[-77.99229886199998,-9.536154352999972],[-77.98354886199996,-9.535578102999978],[-77.98143361199999,-9.536193352999874],[-77.97949611199988,-9.534330102999945],[-77.97626948699991,-9.533716726999955],[-77.97114273699992,-9.531023476999962],[-77.96483011199996,-9.532451226999967],[-77.95774798699989,-9.533224602999951],[-77.9550859869999,-9.534980477999909],[-77.95255073699991,-9.538570352999955],[-77.94679298699998,-9.539974601999859],[-77.94487748699999,-9.536961976999976],[-77.93923686199997,-9.530232227999875],[-77.93633386199991,-9.528074352999965],[-77.93579873699997,-9.525276352999981],[-77.93666011199991,-9.521660101999942],[-77.93509536199991,-9.517723226999976],[-77.93579886199996,-9.515433601999973],[-77.93375186199995,-9.508223851999844],[-77.92821511199998,-9.498672351999915],[-77.92191211199992,-9.498451102999923],[-77.91831536199993,-9.499767101999907],[-77.91903448699986,-9.497604476999868],[-77.91583573699995,-9.49102185199996],[-77.91535173699998,-9.487634476999972],[-77.92096511199998,-9.48482785199991],[-77.92595073699994,-9.484904976999928],[-77.92923211199991,-9.48405385299992],[-77.93233973699995,-9.481017477999956],[-77.92644136299987,-9.478619102999915],[-77.9237968619999,-9.47566010199995],[-77.91815623699995,-9.471488226999952],[-77.91473636199993,-9.467468601999883],[-77.91418948699999,-9.462867227999936],[-77.91138673799998,-9.458671852999885],[-77.9080759879999,-9.457740351999917],[-77.90599011199998,-9.456205101999899],[-77.90492386199992,-9.452771477999931],[-77.90158186199989,-9.44809197799998],[-77.90099611199992,-9.442234352999947],[-77.89733986199991,-9.436935602999881],[-77.89539848699997,-9.433255851999888],[-77.89339448699997,-9.431943351999962],[-77.89236323699993,-9.429423851999843],[-77.8847167369999,-9.425664101999871],[-77.88244923699995,-9.425412102999928],[-77.87824023699994,-9.42124610299993],[-77.87455473699993,-9.41895510199987],[-77.87223436199997,-9.415775351999969],[-77.86715036199996,-9.413730477999877],[-77.86569536199994,-9.411581976999912],[-77.86220511199997,-9.408665976999885],[-77.85699798699989,-9.402726601999973],[-77.85408836199991,-9.403777102999925],[-77.84575423699994,-9.410948976999975],[-77.8445796119999,-9.412330351999856],[-77.84130273699998,-9.41966610299994],[-77.83862548699994,-9.424037227999918],[-77.83322698699993,-9.425981727999954],[-77.82761323699998,-9.4241679779999],[-77.8192017369999,-9.422999102999938],[-77.80966736199997,-9.425867602999915],[-77.80871123699984,-9.423804977999964],[-77.80641136199995,-9.424080726999875],[-77.80396661199995,-9.422314601999972],[-77.79645811199987,-9.422505226999931],[-77.78512636199991,-9.425052726999922],[-77.7789173619999,-9.425094352999906],[-77.77454048699997,-9.423814976999836],[-77.77204961199999,-9.422110102999966],[-77.76623636199997,-9.421863227999893],[-77.76647036199995,-9.419739351999965],[-77.7620318619999,-9.417154727999957],[-77.76064148699999,-9.413732351999954],[-77.76188923699993,-9.40865222799988],[-77.76393673699994,-9.403218602999914],[-77.76583236199986,-9.400648226999976],[-77.76310136199993,-9.395925102999968],[-77.7594341119999,-9.39439272699991],[-77.75670386199994,-9.3948081019999],[-77.75572411199988,-9.390544727999952],[-77.75350036099991,-9.385687101999906],[-77.75325998699992,-9.383336976999885],[-77.75003911199997,-9.380740476999904],[-77.74838861199993,-9.37519335299993],[-77.74735936199994,-9.374874976999877],[-77.74419598699996,-9.370708976999822],[-77.73984011199997,-9.372801601999925],[-77.73403861199984,-9.37472760199995],[-77.73250698699985,-9.377906977999942],[-77.72814423699998,-9.37846372699994],[-77.72178586199988,-9.381526977999954],[-77.7189511119999,-9.38236997699994],[-77.71475448699994,-9.379809726999895],[-77.7075606119999,-9.380296976999887],[-77.7052636119999,-9.381469351999897],[-77.7014689859999,-9.381496977999973],[-77.6975357369999,-9.380250602999979],[-77.69393486199994,-9.378034726999942],[-77.69048161199999,-9.377838476999955],[-77.68545186199998,-9.383227476999878],[-77.68392186199998,-9.38363872699989],[-77.68093123699998,-9.389117851999913],[-77.67512898699994,-9.394381977999899],[-77.67553898699992,-9.397908102999907],[-77.67475973699993,-9.403052727999977],[-77.67772673699994,-9.405927601999963],[-77.67898436199994,-9.413438852999889],[-77.68138048599991,-9.417655726999953],[-77.67815873599989,-9.419493226999919],[-77.67579623699999,-9.419755726999881],[-77.67313423699994,-9.422115102999953],[-77.67053348699994,-9.426121102999957],[-77.66564411199994,-9.426659601999916],[-77.6652516119999,-9.429000476999875],[-77.66644361199997,-9.430903102999935],[-77.66477161199998,-9.437416601999928],[-77.6616447369999,-9.437879727999928],[-77.65553611199994,-9.442273851999971],[-77.65385698699998,-9.4448458519999],[-77.65153498599989,-9.450383101999932],[-77.64928811199997,-9.452799476999928],[-77.64428748699993,-9.447190727999953],[-77.6460368619999,-9.444073601999946],[-77.64645698699997,-9.44133822699996],[-77.64546286199993,-9.436941351999963],[-77.64368311199996,-9.432591226999875],[-77.63743486199996,-9.42917697799993],[-77.63098573599996,-9.427734352999948],[-77.62904261099999,-9.425893602999963],[-77.62429361199997,-9.424706352999976],[-77.62058198699998,-9.424699227999895],[-77.61822736199997,-9.423458976999939],[-77.61300586199991,-9.422083976999943],[-77.6109477359999,-9.417693976999885],[-77.60972648699993,-9.412987477999934],[-77.6099869869999,-9.409942226999874],[-77.60861898699994,-9.40813460299995],[-77.60104636199998,-9.401066726999943],[-77.59577373699994,-9.39903235199995],[-77.58965636199997,-9.39778285299991],[-77.58599886099995,-9.396148601999812],[-77.58087473599988,-9.392252351999844],[-77.58166411199983,-9.391479101999892],[-77.58493748699993,-9.37529497699984],[-77.57639761199988,-9.374120976999961],[-77.57358811199998,-9.374169476999953],[-77.57046961199995,-9.375525351999954],[-77.56783186199993,-9.379221602999905],[-77.566718112,-9.379198601999974],[-77.56097073699988,-9.378917352999963],[-77.55370136199997,-9.381777477999833],[-77.54969948599995,-9.385145852999926],[-77.54228911199993,-9.386591851999981],[-77.54016798699996,-9.384790977999955],[-77.53837498699983,-9.37950785199996],[-77.53366573699998,-9.37491522699986],[-77.53000511199997,-9.372714726999959],[-77.52599411199992,-9.373333976999959],[-77.51340511199999,-9.37324935199996],[-77.51036311199988,-9.369017602999918],[-77.50521848699992,-9.36839535199988],[-77.49767148699988,-9.368744352999954],[-77.49250223699994,-9.368451602999926],[-77.48763786199999,-9.369922226999904],[-77.48301361199998,-9.370140351999908],[-77.4814647369999,-9.369205602999955],[-77.47817211099988,-9.364506476999964],[-77.47603236199996,-9.36369085299998],[-77.47136498699996,-9.365272101999835],[-77.46847011199998,-9.367335602999958],[-77.46500811199996,-9.36698872799991],[-77.46202873699997,-9.36431635199989],[-77.45476586199999,-9.360659226999815],[-77.45346873699998,-9.358156226999938],[-77.44999623699988,-9.357925727999941],[-77.44565323699999,-9.35584072699993],[-77.44338561199993,-9.350879476999921],[-77.43932798599997,-9.35370960199998],[-77.43423048699998,-9.355175852999878],[-77.42930711199995,-9.353677601999891],[-77.41547461199991,-9.355769477999957],[-77.40829948599992,-9.350973101999955],[-77.40209173699992,-9.347337852999829],[-77.39763673699997,-9.346607476999964],[-77.39683698599998,-9.34822347699992],[-77.39830811199994,-9.350234477999948],[-77.39852398699998,-9.356078476999869],[-77.39740386199998,-9.357819352999854],[-77.38259473699992,-9.370572351999954],[-77.37758223599997,-9.370145476999937],[-77.3704408619999,-9.368251352999948],[-77.36832861199991,-9.374868726999921],[-77.36145711199998,-9.378614226999957],[-77.35741448599998,-9.382286351999937],[-77.35582323699998,-9.384498726999936],[-77.35235436199991,-9.386099102999935],[-77.35101861099997,-9.388461976999906],[-77.34798461099996,-9.388281726999935],[-77.34172623699993,-9.38571647799995],[-77.3364952359999,-9.384270726999887],[-77.33329873599996,-9.382803851999938],[-77.33009086099997,-9.38239172799996],[-77.33059873699995,-9.386565976999975],[-77.3290516109999,-9.39026735199991],[-77.32582173599991,-9.39182660199998],[-77.32177198599993,-9.392457976999879],[-77.31688023599992,-9.395026601999973],[-77.31499823699994,-9.399058476999869],[-77.31452936099993,-9.402841227999943],[-77.31649211099989,-9.404808352999908],[-77.31645736099995,-9.40900585199995],[-77.3153223619999,-9.411984976999975],[-77.31775536099997,-9.413640102999977],[-77.31946986199989,-9.421664101999966],[-77.31971686099996,-9.427111351999883],[-77.31626273699999,-9.428893352999978],[-77.31149811099993,-9.432647102999965],[-77.30520136199988,-9.43554260299993],[-77.30068186199992,-9.440858726999977],[-77.30328198599994,-9.448216101999947],[-77.30216798599997,-9.45431022699995],[-77.30598723699995,-9.459102102999964],[-77.30875573599997,-9.464804727999933],[-77.31212773699991,-9.46461022699998],[-77.31633836199995,-9.468028601999947],[-77.32007411199999,-9.468171352999946],[-77.32275836099996,-9.467169352999974],[-77.32551111199996,-9.469991601999936],[-77.3261954859999,-9.471931476999941],[-77.32558586199991,-9.477460977999954],[-77.32242036099996,-9.482126102999928],[-77.3215418609999,-9.485882227999923],[-77.32239011199994,-9.492500976999906],[-77.32025448699989,-9.50117960199998],[-77.31883073699993,-9.503966477999938],[-77.31555923599996,-9.505132727999978],[-77.31380236099983,-9.50687447799993],[-77.3103391119999,-9.514734477999923],[-77.31123848699997,-9.517014476999918],[-77.3096298619999,-9.52102185299998],[-77.30984611099996,-9.52491372799983],[-77.30647648699994,-9.52796747699989],[-77.30631511099995,-9.531652727999926],[-77.30466848599991,-9.535275351999871],[-77.30534836199996,-9.537600227999974],[-77.30938673599996,-9.54016210299983],[-77.30908148699984,-9.54231847699998],[-77.3056203619999,-9.549419227999977],[-77.30080561099999,-9.55500597699995],[-77.30107223599998,-9.557532727999899],[-77.30327611099983,-9.560340226999926],[-77.30983148699988,-9.572061351999935],[-77.30811711199988,-9.579037227999834],[-77.30288061099998,-9.579088101999957],[-77.29978148699996,-9.578485477999834],[-77.29579261099997,-9.581397976999938],[-77.2946734869999,-9.58476997699995],[-77.29179473699992,-9.586969602999886],[-77.28872936199997,-9.59251497799994],[-77.28762511199989,-9.597560851999845],[-77.28570336199988,-9.599360976999947],[-77.28509523599985,-9.60872660299998],[-77.28297873699995,-9.61244847699993],[-77.28371048599985,-9.61785335299993],[-77.28145298699991,-9.622664102999977],[-77.27921011199999,-9.624313976999872],[-77.27552136199995,-9.628806102999931],[-77.27386061099992,-9.634230102999936],[-77.26748361099999,-9.635027351999895],[-77.26567348599997,-9.64529035199996],[-77.26627261099998,-9.646759351999947],[-77.26970573599988,-9.64873885299994],[-77.27593161099998,-9.653813726999886],[-77.27769961099995,-9.652929602999961],[-77.28120398599992,-9.654872352999917],[-77.28534348599993,-9.655292101999919],[-77.28925311199998,-9.657982352999852],[-77.29313936199998,-9.657330602999934],[-77.2950673609999,-9.658788727999934],[-77.29728711099989,-9.666079851999882],[-77.30043036199999,-9.669012476999967],[-77.30402723699996,-9.670956727999965],[-77.3092444859999,-9.671702102999916],[-77.31099436099993,-9.674310602999924],[-77.3159748619999,-9.675063976999922],[-77.31950048699991,-9.676412102999905],[-77.32465361099997,-9.676266852999959],[-77.3269188619999,-9.678933227999948],[-77.3292588619999,-9.676262226999938],[-77.32917486199995,-9.672339976999979],[-77.33108786199989,-9.670354476999876],[-77.33139811199999,-9.667536852999888],[-77.33504136099998,-9.665491477999979],[-77.33852923699999,-9.665426226999898],[-77.34129036099995,-9.666410477999875],[-77.34372023599997,-9.665724727999816],[-77.35064411199988,-9.667994102999899],[-77.35832261199988,-9.671148352999921],[-77.3668618619999,-9.671642352999982],[-77.37251636199994,-9.669586102999915],[-77.37772136199993,-9.67116622799989],[-77.38032386199995,-9.671352227999932],[-77.38376298699995,-9.67028322799996],[-77.38681836199999,-9.67051772799988],[-77.39552086099997,-9.67274635299998],[-77.39976998699996,-9.672529852999958],[-77.40755048599993,-9.675407727999925],[-77.41113611199995,-9.678323226999964],[-77.41823523599999,-9.679666477999945],[-77.42438111199994,-9.67971747799993],[-77.42702448699998,-9.675695977999965],[-77.43058361199996,-9.673607101999892],[-77.43261723699999,-9.673351601999968],[-77.43519336199995,-9.67577347799994],[-77.44073436199994,-9.677513727999951],[-77.44465423699995,-9.67309372699998],[-77.44880073699989,-9.669486351999922],[-77.452050736,-9.66812497799998],[-77.45500586099996,-9.668591851999963],[-77.4605292359999,-9.666718726999875],[-77.46432811199998,-9.666835976999835],[-77.46769336199998,-9.668835977999947],[-77.47168948699994,-9.672195352999893],[-77.47558398699994,-9.672945352999932],[-77.47936136199996,-9.671425726999871],[-77.48085161099988,-9.66741210299989],[-77.48268361099997,-9.666359352999905],[-77.48412498699992,-9.661595727999952],[-77.4848632369999,-9.662882852999928],[-77.49265036199995,-9.665601602999914],[-77.50309773599997,-9.662697226999967],[-77.50675173699995,-9.666193601999964],[-77.51020898699994,-9.668156226999827],[-77.51113086099991,-9.672568351999928],[-77.51231448699997,-9.674421851999966],[-77.51523636199988,-9.676089852999894],[-77.51692186199989,-9.678824226999893],[-77.52206323699994,-9.684170101999939],[-77.52363723599996,-9.687543102999939],[-77.52559673699994,-9.689598976999946],[-77.52707448699988,-9.695156227999973],[-77.52598223699994,-9.701484352999955],[-77.5221594869999,-9.70652760199988],[-77.52093898699991,-9.710350226999878],[-77.52327048599983,-9.716337977999899],[-77.52500211199992,-9.718962226999963],[-77.52447248699997,-9.721818102999976],[-77.52508286199986,-9.726475852999897],[-77.52781323599999,-9.729238352999971],[-77.53054373599997,-9.734891976999961],[-77.53625148599997,-9.737866351999912],[-77.53879923699992,-9.735969102999888],[-77.54184936199988,-9.730560227999888],[-77.54055861199993,-9.72749222699997],[-77.54385398699992,-9.71743197799998],[-77.54707261199997,-9.712519477999876],[-77.54596673699996,-9.710255852999978],[-77.54246486199992,-9.708140602999947],[-77.54161136199997,-9.705886727999882],[-77.54332611199993,-9.70460860299994],[-77.54571773699996,-9.700788727999964],[-77.55122286099999,-9.695890351999935],[-77.55229561099992,-9.693066977999933],[-77.55799873699993,-9.68730747799998],[-77.56178186199992,-9.682197352999935],[-77.56510936199999,-9.680230477999942],[-77.56700973699992,-9.671902352999894],[-77.56920711199996,-9.669153727999912],[-77.5738656119999,-9.666697477999833],[-77.5768592359999,-9.666225727999972],[-77.58122261099999,-9.663790977999952],[-77.58552573699995,-9.663789477999899],[-77.59203123699996,-9.658775351999907],[-77.5931093609999,-9.655658227999936],[-77.59236136199996,-9.654218727999933],[-77.59403898699992,-9.649019476999968],[-77.5942461109999,-9.645890601999895],[-77.59816798699995,-9.639736351999886],[-77.60549998699997,-9.64304097799993],[-77.61161523699997,-9.649663352999937],[-77.61402936199988,-9.647738227999923],[-77.61260161199988,-9.645572227999935],[-77.61115411199984,-9.6342328529999],[-77.60915248699996,-9.631596602999934],[-77.61005561199988,-9.628667352999912],[-77.61483998699998,-9.627446602999896],[-77.62129886099996,-9.620830102999946],[-77.62275198699996,-9.622281477999934],[-77.62606573699986,-9.622543976999964],[-77.62737811199997,-9.625431226999979],[-77.62951348699994,-9.626997226999947],[-77.6315388619999,-9.631910602999938],[-77.63804961199992,-9.637600976999977],[-77.64394523599998,-9.644638351999959],[-77.64591886199992,-9.648366851999981],[-77.65217311199996,-9.649981726999897],[-77.65386498699996,-9.653519102999951],[-77.66427536099997,-9.66045510299989],[-77.66460511199995,-9.665335852999874],[-77.66055511199988,-9.670205976999966],[-77.66193923699996,-9.677972851999925],[-77.66060636199995,-9.681535602999816],[-77.66099086199989,-9.685995851999905],[-77.66467386199997,-9.68690822799988],[-77.6707304869999,-9.68353510299994],[-77.67425298699993,-9.68601022699994],[-77.67975398699991,-9.684893477999935],[-77.68359998699998,-9.689225601999965],[-77.68743961199988,-9.689648477999981],[-77.69000711199993,-9.6927371029999],[-77.69348261199991,-9.695391227999949],[-77.69605648699991,-9.695659227999897],[-77.69860936099991,-9.69721285299994],[-77.70415311199997,-9.692752352999946],[-77.70888236199994,-9.692016977999913],[-77.71212486199988,-9.690016851999872],[-77.71537073699994,-9.693502102999958],[-77.72168748699994,-9.693652352999948],[-77.7248163619999,-9.696347602999936],[-77.72693423699997,-9.702177227999925],[-77.72691411199992,-9.705355477999888],[-77.73333011199992,-9.712767602999975],[-77.73084961199993,-9.716093727999919]]]},"properties":{"ubigeo":"020100","nombre":"HUARAZ"}},{"type":"Feature","geometry":{"type":"Polygon","coordinates":[[[-77.56374261199988,-9.87178535199996],[-77.56668998599997,-9.873305977999905],[-77.57258261099997,-9.871482602999947],[-77.57665173699996,-9.871836977999976],[-77.57769861199989,-9.869067977999919],[-77.58384448699991,-9.864728727999875],[-77.58770686199995,-9.8661642269999],[-77.59372173699995,-9.864441727999974],[-77.59760523599994,-9.86516772799996],[-77.60084698699995,-9.861706476999927],[-77.60679348699989,-9.8603836019999],[-77.60993711199995,-9.861768977999873],[-77.61518286199993,-9.867796976999898],[-77.61689761199995,-9.868139852999946],[-77.62139848699996,-9.8677753529999],[-77.62502323699994,-9.86442010299993],[-77.62809073699998,-9.859808852999947],[-77.63130198699986,-9.858062102999952],[-77.63452061199996,-9.860040727999944],[-77.6412546119999,-9.856047102999923],[-77.64794436199998,-9.860620977999929],[-77.65894923699989,-9.864589852999927],[-77.66300561199995,-9.864947101999917],[-77.66824411199997,-9.863493977999951],[-77.67585936199998,-9.859830102999922],[-77.68063473699993,-9.856601602999888],[-77.68627923599996,-9.855011727999965],[-77.68838286199997,-9.853712726999959],[-77.69238673699994,-9.853074227999969],[-77.69524998699995,-9.851173852999864],[-77.69805061199997,-9.850654351999935],[-77.70355273699994,-9.848351602999912],[-77.70744536199987,-9.845220727999958],[-77.70916598699995,-9.841800727999953],[-77.70856048699994,-9.83792972799995],[-77.7094843619999,-9.837171852999973],[-77.7120528619999,-9.837097602999961],[-77.71609761199988,-9.839169977999973],[-77.71948048699994,-9.838509727999963],[-77.72242573699998,-9.839886727999954],[-77.72678911199995,-9.846619102999966],[-77.73470898699998,-9.846853477999957],[-77.7384041119999,-9.84876560299989],[-77.73947661199998,-9.850664227999971],[-77.74203911199993,-9.852070352999874],[-77.74433786199995,-9.858853477999958],[-77.74883011199995,-9.863398477999965],[-77.75103511199995,-9.863415977999978],[-77.75583786199996,-9.866910102999896],[-77.76036723699991,-9.869158102999904],[-77.76374611199998,-9.872427727999934],[-77.76499023699989,-9.87724222799983],[-77.76610936199995,-9.89017185299997],[-77.77214848699992,-9.890138727999897],[-77.77458598699991,-9.891609352999922],[-77.77448061199988,-9.894285102999959],[-77.77597648699992,-9.898935602999927],[-77.77848436199997,-9.900159977999976],[-77.7797909869999,-9.905056602999935],[-77.78431623699993,-9.904683602999967],[-77.78994136199998,-9.90716597799991],[-77.79278323699998,-9.907089852999945],[-77.7988183619999,-9.908421852999936],[-77.80510748699999,-9.906634727999915],[-77.80824798699996,-9.907419977999893],[-77.81247073699996,-9.905687476999901],[-77.81488848699996,-9.906099602999973],[-77.81799798699996,-9.908576102999973],[-77.82262648699992,-9.910688602999869],[-77.82407223699994,-9.913386852999963],[-77.82587498699996,-9.914283227999931],[-77.82465423699995,-9.910210977999895],[-77.82530273699996,-9.90613085299998],[-77.82727148699996,-9.899636727999905],[-77.82840823699996,-9.892019477999838],[-77.82986723699997,-9.88798822799987],[-77.82736711199993,-9.883165976999976],[-77.82694123699997,-9.878091852999944],[-77.82977348699995,-9.870515601999955],[-77.83256048699997,-9.866173851999918],[-77.83343748699997,-9.863412227999959],[-77.8370019869999,-9.856144602999905],[-77.83812111199995,-9.852717102999918],[-77.8379753619999,-9.850403227999948],[-77.83993761199997,-9.847506852999857],[-77.84371673699997,-9.844054727999946],[-77.84141886199995,-9.840346102999945],[-77.83274636199997,-9.840728602999889],[-77.83201748699997,-9.839435102999971],[-77.83374023699997,-9.836341852999965],[-77.83965036199993,-9.831667977999928],[-77.84644336199995,-9.827472602999933],[-77.84847761199995,-9.82389010299994],[-77.85388511199989,-9.817092602999935],[-77.86298923699991,-9.814984477999928],[-77.86693548699992,-9.814952352999967],[-77.87098136199995,-9.812667976999933],[-77.87542123699995,-9.811161602999903],[-77.88221661199998,-9.811787602999914],[-77.88412273699998,-9.815563976999954],[-77.88975586199984,-9.818617102999951],[-77.89820823699995,-9.82191585299995],[-77.9031211119999,-9.822988227999929],[-77.90853273699992,-9.821656226999949],[-77.91549611199991,-9.818365226999958],[-77.92142011199996,-9.814642601999878],[-77.92637261199997,-9.809380727999894],[-77.93139573699989,-9.808132851999972],[-77.93420648799992,-9.806221602999926],[-77.93584448699994,-9.80255922699996],[-77.93909773699988,-9.799849852999955],[-77.94213073699996,-9.795840352999903],[-77.94566836199988,-9.792964352999888],[-77.95069661199989,-9.791557852999972],[-77.95309986199999,-9.788459602999978],[-77.95699511199996,-9.788099852999949],[-77.95879211199997,-9.786253477999935],[-77.96140236199994,-9.780244101999926],[-77.95912111199993,-9.77692185299992],[-77.95380861199999,-9.77159372799997],[-77.95094923699992,-9.771546852999904],[-77.94552923699985,-9.773318352999922],[-77.94140361199999,-9.773219602999916],[-77.93499811199996,-9.769851352999979],[-77.93022423699995,-9.769335852999916],[-77.92755723699997,-9.767811851999966],[-77.92220061199998,-9.768461727999977],[-77.91016523699983,-9.76774460199988],[-77.90344161199994,-9.770299602999899],[-77.89931761199995,-9.767430726999976],[-77.89618086199994,-9.767253727999957],[-77.89201536199994,-9.76837472799997],[-77.88740248699997,-9.768329602999927],[-77.88386423699995,-9.769670727999937],[-77.87840148699996,-9.768368602999942],[-77.87578073699996,-9.76859972799997],[-77.87249111199998,-9.767656226999975],[-77.86785611199991,-9.763784477999877],[-77.86577461199988,-9.763804977999882],[-77.86222361199998,-9.765372727999932],[-77.85350761199993,-9.766523227999926],[-77.8481894869999,-9.769874727999934],[-77.84483773699998,-9.769378476999975],[-77.84086711199996,-9.772862852999822],[-77.8351588619999,-9.774260727999945],[-77.83095273699996,-9.777195602999939],[-77.82700261199989,-9.778259352999953],[-77.82049623699999,-9.781094852999956],[-77.81835936199991,-9.780755727999974],[-77.81790236199993,-9.783470726999894],[-77.8114181119999,-9.792212851999977],[-77.80851111199996,-9.792748352999979],[-77.8040996119999,-9.791065352999908],[-77.79479198699994,-9.791345852999939],[-77.79012548699984,-9.794227476999879],[-77.78617186199983,-9.798855477999894],[-77.782771987,-9.800761352999928],[-77.78079836199993,-9.800669477999975],[-77.77576323699998,-9.795350851999842],[-77.77431248699992,-9.791044102999933],[-77.76864573699993,-9.791361477999885],[-77.76451186199995,-9.790162227999872],[-77.76036136199997,-9.787990227999956],[-77.75740298699998,-9.783609352999918],[-77.75577098699995,-9.77726272699988],[-77.75273361199999,-9.774043976999849],[-77.75092386199998,-9.766203101999906],[-77.75111323699997,-9.75913672799993],[-77.74874698699989,-9.752649477999967],[-77.74498048599992,-9.746853477999935],[-77.73976373699998,-9.74169697799988],[-77.73584761199993,-9.7393906019999],[-77.73381048699997,-9.73721285299996],[-77.73383386199993,-9.734095726999954],[-77.73212498699996,-9.73151560299982],[-77.73105661199992,-9.723068352999974],[-77.73024023599999,-9.721267477999902],[-77.73084961199993,-9.716093727999919],[-77.73333011199992,-9.712767602999975],[-77.72691411199992,-9.705355477999888],[-77.72693423699997,-9.702177227999925],[-77.7248163619999,-9.696347602999936],[-77.72168748699994,-9.693652352999948],[-77.71537073699994,-9.693502102999958],[-77.71212486199988,-9.690016851999872],[-77.70888236199994,-9.692016977999913],[-77.70415311199997,-9.692752352999946],[-77.69860936099991,-9.69721285299994],[-77.69605648699991,-9.695659227999897],[-77.69348261199991,-9.695391227999949],[-77.69000711199993,-9.6927371029999],[-77.68743961199988,-9.689648477999981],[-77.68359998699998,-9.689225601999965],[-77.67975398699991,-9.684893477999935],[-77.67425298699993,-9.68601022699994],[-77.6707304869999,-9.68353510299994],[-77.66467386199997,-9.68690822799988],[-77.66099086199989,-9.685995851999905],[-77.66060636199995,-9.681535602999816],[-77.66193923699996,-9.677972851999925],[-77.66055511199988,-9.670205976999966],[-77.66460511199995,-9.665335852999874],[-77.66427536099997,-9.66045510299989],[-77.65386498699996,-9.653519102999951],[-77.65217311199996,-9.649981726999897],[-77.64591886199992,-9.648366851999981],[-77.64394523599998,-9.644638351999959],[-77.63804961199992,-9.637600976999977],[-77.6315388619999,-9.631910602999938],[-77.62951348699994,-9.626997226999947],[-77.62737811199997,-9.625431226999979],[-77.62606573699986,-9.622543976999964],[-77.62275198699996,-9.622281477999934],[-77.62129886099996,-9.620830102999946],[-77.61483998699998,-9.627446602999896],[-77.61005561199988,-9.628667352999912],[-77.60915248699996,-9.631596602999934],[-77.61115411199984,-9.6342328529999],[-77.61260161199988,-9.645572227999935],[-77.61402936199988,-9.647738227999923],[-77.61161523699997,-9.649663352999937],[-77.60549998699997,-9.64304097799993],[-77.59816798699995,-9.639736351999886],[-77.5942461109999,-9.645890601999895],[-77.59403898699992,-9.649019476999968],[-77.59236136199996,-9.654218727999933],[-77.5931093609999,-9.655658227999936],[-77.59203123699996,-9.658775351999907],[-77.58552573699995,-9.663789477999899],[-77.58122261099999,-9.663790977999952],[-77.5768592359999,-9.666225727999972],[-77.5738656119999,-9.666697477999833],[-77.56920711199996,-9.669153727999912],[-77.56700973699992,-9.671902352999894],[-77.56510936199999,-9.680230477999942],[-77.56178186199992,-9.682197352999935],[-77.55799873699993,-9.68730747799998],[-77.55229561099992,-9.693066977999933],[-77.55122286099999,-9.695890351999935],[-77.54571773699996,-9.700788727999964],[-77.54332611199993,-9.70460860299994],[-77.54161136199997,-9.705886727999882],[-77.54246486199992,-9.708140602999947],[-77.54596673699996,-9.710255852999978],[-77.54707261199997,-9.712519477999876],[-77.54385398699992,-9.71743197799998],[-77.54055861199993,-9.72749222699997],[-77.54184936199988,-9.730560227999888],[-77.53879923699992,-9.735969102999888],[-77.53625148599997,-9.737866351999912],[-77.53452461199998,-9.741897101999939],[-77.53367648699998,-9.748133977999942],[-77.53263661199992,-9.74961860299993],[-77.52987011199991,-9.764021477999961],[-77.52527586199994,-9.765530352999917],[-77.52404386199987,-9.770204602999968],[-77.52168861199993,-9.774570977999929],[-77.52244948699985,-9.78194485299997],[-77.52093361199991,-9.785787102999961],[-77.52230461199991,-9.787579476999952],[-77.5214531119999,-9.79227172799989],[-77.51837311199989,-9.795460352999953],[-77.51503948699991,-9.795804726999904],[-77.51145223699996,-9.798232352999946],[-77.5068818609999,-9.799064727999905],[-77.50545223599994,-9.80485497799998],[-77.50608011199989,-9.807519477999904],[-77.50431386199995,-9.810968977999948],[-77.50194048699996,-9.81325185299994],[-77.49446873699992,-9.81480860299996],[-77.49196673699993,-9.81626372799991],[-77.48895311099989,-9.819837851999978],[-77.49010973699995,-9.826477601999898],[-77.49244698699988,-9.828597352999964],[-77.49428136199998,-9.837517977999823],[-77.49058998699996,-9.838401227999896],[-77.4876004869999,-9.837902977999875],[-77.485041487,-9.838831477999975],[-77.484067612,-9.840960227999972],[-77.48392136099994,-9.844682477999925],[-77.48472436199995,-9.84897722799991],[-77.48363736199997,-9.851536351999926],[-77.48427148699994,-9.854706977999967],[-77.48084911099994,-9.858239727999887],[-77.47906261199995,-9.861433102999968],[-77.47865498699997,-9.867026977999956],[-77.47890423599995,-9.873769476999882],[-77.48287211199982,-9.871687977999898],[-77.49105861199996,-9.870697227999926],[-77.49569723699994,-9.873708977999968],[-77.49938273699996,-9.87296097799998],[-77.50264648699994,-9.87470510299994],[-77.50377736199988,-9.874119102999941],[-77.5040996109999,-9.869345602999886],[-77.50621873699998,-9.867187477999948],[-77.50990236199988,-9.865841852999893],[-77.5156093619999,-9.866421852999906],[-77.51824223699998,-9.865904352999905],[-77.52146098699995,-9.867851602999906],[-77.52479486199991,-9.86770897799994],[-77.53054098699994,-9.862732476999838],[-77.53772661199991,-9.86126760299993],[-77.54218536199988,-9.863314352999907],[-77.54400573699996,-9.865347101999873],[-77.54628111199992,-9.869928352999978],[-77.55249023699997,-9.872179727999821],[-77.55738723699994,-9.86906647799998],[-77.56108423699993,-9.869213602999878],[-77.56374261199988,-9.87178535199996]]]},"properties":{"ubigeo":"020200","nombre":"AIJA"}},{"type":"Feature","geometry":{"type":"Polygon","coordinates":[[[-77.16260536099998,-10.361656227999958],[-77.16681636099997,-10.359386727999947],[-77.16876161099998,-10.356692477999957],[-77.17552623699999,-10.349874852999847],[-77.18110436099994,-10.34774972799994],[-77.18824536199998,-10.345714977999933],[-77.19116936099994,-10.343999352999958],[-77.19748548599995,-10.337712602999943],[-77.19945098599993,-10.336780103999956],[-77.20440861099996,-10.337006728999881],[-77.20838348599995,-10.338879352999925],[-77.21422523599995,-10.34064972899995],[-77.21964398599994,-10.339609852999956],[-77.22126573599996,-10.337646727999982],[-77.22301886099996,-10.33328097899988],[-77.22886386199997,-10.331041227999947],[-77.22968323599997,-10.330003353999928],[-77.22900036099998,-10.323366353999972],[-77.23042061099989,-10.320880852999949],[-77.23058461099998,-10.318040352999901],[-77.23263298699999,-10.31489935299993],[-77.23874786099992,-10.309826977999876],[-77.24100586099996,-10.305917977999911],[-77.24068886099997,-10.304033102999938],[-77.23675636199994,-10.299824602999877],[-77.23597448599998,-10.298030852999887],[-77.23815923599989,-10.294190227999877],[-77.23687898699995,-10.291386477999822],[-77.23765323699996,-10.287567102999901],[-77.23965398599995,-10.283795477999945],[-77.24071186099997,-10.27954097799983],[-77.24349461199995,-10.276045352999972],[-77.2446288619999,-10.269910477999872],[-77.24375623599997,-10.267166102999909],[-77.24669123699994,-10.264684602999921],[-77.24949686099995,-10.264454727999919],[-77.2507157359999,-10.261993977999964],[-77.25050873699996,-10.258820353999909],[-77.25411936199998,-10.254427852999925],[-77.25552511099994,-10.25378597799994],[-77.26210473599997,-10.252676852999912],[-77.26978036199995,-10.257466478999902],[-77.27441598699988,-10.262881228999845],[-77.27426736099994,-10.265021352999895],[-77.27735923699998,-10.266447227999947],[-77.2795859869999,-10.26521872799998],[-77.28405861199997,-10.266196852999826],[-77.28737011099997,-10.268003102999955],[-77.29073898699988,-10.26870560299983],[-77.29337673599991,-10.272074352999937],[-77.29344836199988,-10.275099227999931],[-77.29536936099993,-10.277521977999925],[-77.29749098599996,-10.27851110399996],[-77.30010011199994,-10.284632477999935],[-77.30247986099994,-10.284632477999935],[-77.30527523599994,-10.282123727999931],[-77.30584873699996,-10.273680102999947],[-77.30795598699996,-10.271500977999949],[-77.3101923609999,-10.270726852999928],[-77.31549648599992,-10.270411478999847],[-77.31779648599996,-10.267270602999929],[-77.31878948699989,-10.263650727999902],[-77.32307998599998,-10.258226227999955],[-77.32712261099988,-10.256219352999949],[-77.33002098599997,-10.25881185299994],[-77.33371286099992,-10.259933602999922],[-77.3371779869999,-10.264325228999951],[-77.34038661199992,-10.266493727999944],[-77.34223261099999,-10.272414977999972],[-77.34563861099997,-10.278470727999888],[-77.34981511199999,-10.281033977999812],[-77.35244198699996,-10.281317977999947],[-77.35501961199998,-10.286958978999962],[-77.35471398599992,-10.289425977999883],[-77.35950386099995,-10.29203322899997],[-77.36455548699996,-10.287929477999967],[-77.36843073599994,-10.288644977999923],[-77.3706384869999,-10.286839852999947],[-77.37594223699989,-10.284086978999824],[-77.38067061199996,-10.283419602999913],[-77.38308461199995,-10.280224727999894],[-77.39188823699999,-10.275524602999951],[-77.39472161199996,-10.274733352999931],[-77.39914648599995,-10.272048852999944],[-77.40168748699995,-10.27293347799997],[-77.4067857369999,-10.27178722799988],[-77.4079399869999,-10.272976477999975],[-77.40941136099997,-10.27751010299994],[-77.41104398699997,-10.2778748529999],[-77.41889411199998,-10.277180103999967],[-77.42230661099995,-10.277642602999947],[-77.4263398619999,-10.276382853999905],[-77.43093548699994,-10.273738227999957],[-77.43458986099995,-10.272958978999952],[-77.43879686199995,-10.273027352999918],[-77.44169536199996,-10.27401760399988],[-77.44630661199994,-10.276703103999921],[-77.44998236199996,-10.27765235299995],[-77.46016798599993,-10.276986352999927],[-77.46252148699989,-10.275658352999926],[-77.46398673699997,-10.2806164779999],[-77.46589073699994,-10.284229852999829],[-77.4691297359999,-10.286482102999912],[-77.46652711199994,-10.291234352999936],[-77.4662892369999,-10.295612477999896],[-77.47002498699999,-10.29858685399995],[-77.47396698699993,-10.303729602999965],[-77.47782961199994,-10.306700852999938],[-77.47782961199994,-10.311429227999952],[-77.47857323699992,-10.31533310299983],[-77.47776923699996,-10.321654727999942],[-77.47797848699992,-10.324289727999883],[-77.48036248699992,-10.327844977999973],[-77.4797302369999,-10.330035352999914],[-77.4799889869999,-10.335310227999912],[-77.48167373699988,-10.33993510299996],[-77.48147823699998,-10.346228602999929],[-77.48455798699996,-10.346180103999927],[-77.48966023699995,-10.344276477999927],[-77.49308473599996,-10.34541572799992],[-77.49450748699991,-10.34730835299996],[-77.50017898699997,-10.347789228999943],[-77.50367211199989,-10.35806260299995],[-77.51684111199995,-10.364368727999931],[-77.51649036099997,-10.37044635299992],[-77.51968573699997,-10.375627852999912],[-77.52106323599997,-10.37940085299988],[-77.52226098699998,-10.386467727999843],[-77.52363848699997,-10.387399727999934],[-77.52929811199994,-10.387175102999947],[-77.53489011099998,-10.386411602999885],[-77.54212173699995,-10.387803978999898],[-77.54836511199994,-10.388118352999982],[-77.55232273699994,-10.389765352999916],[-77.55503523699991,-10.388634978999903],[-77.55768536199992,-10.388702352999815],[-77.56107648599993,-10.390184727999895],[-77.56666873599988,-10.388410352999813],[-77.56946761099994,-10.38674210299996],[-77.57350636099994,-10.386614727999927],[-77.58020473699997,-10.388521977999972],[-77.58438323699994,-10.386779102999924],[-77.59087323699998,-10.386671977999868],[-77.59357523699992,-10.383127728999966],[-77.59937298699992,-10.383333977999882],[-77.59759311199991,-10.38036410399991],[-77.59890386099994,-10.37467160299991],[-77.59774211199988,-10.366420352999967],[-77.60036323699995,-10.360013727999956],[-77.60420611199999,-10.355160478999949],[-77.60792961199985,-10.348190103999968],[-77.61115823699998,-10.343382852999866],[-77.6146792369999,-10.339995727999906],[-77.61704098699994,-10.336277353999947],[-77.61727611199996,-10.333658602999947],[-77.61942723699991,-10.327825352999866],[-77.62126823699992,-10.326759352999943],[-77.62843998699992,-10.325739978999877],[-77.62903948699989,-10.323116102999961],[-77.63165573599997,-10.322205228999906],[-77.63533786199991,-10.32486022799992],[-77.63729011199996,-10.328896477999933],[-77.63938711199995,-10.330445352999845],[-77.64021286199994,-10.332980477999968],[-77.64705986199994,-10.338761352999938],[-77.64920436199998,-10.343467477999923],[-77.65254298699989,-10.344236352999872],[-77.65455661199996,-10.34263872799994],[-77.66011548599994,-10.341496727999925],[-77.66244673599994,-10.339688102999958],[-77.6654534889999,-10.339448057999903],[-77.67204961199997,-10.33361897899988],[-77.67717261199994,-10.328216477999888],[-77.68690611199997,-10.324337852999975],[-77.69239061199988,-10.320902477999937],[-77.6987517369999,-10.322104102999958],[-77.69809111199993,-10.313154977999886],[-77.69945186199999,-10.311950352999872],[-77.69873048699998,-10.303890602999957],[-77.69744423699996,-10.300060603999952],[-77.69650736199998,-10.292721352999934],[-77.69428323699998,-10.28812697799998],[-77.69383048699996,-10.284824603999937],[-77.69483423699995,-10.276816228999962],[-77.69416498599998,-10.27427322799997],[-77.69429886199998,-10.270034727999928],[-77.69300511199992,-10.267826227999876],[-77.69345123699998,-10.264257227999906],[-77.69597198599985,-10.259617102999869],[-77.69642736199995,-10.25685035299989],[-77.69545898699994,-10.254709477999882],[-77.6930273619999,-10.252545727999973],[-77.68999348599988,-10.246522727999832],[-77.68562111199998,-10.243243477999954],[-77.68323436199995,-10.238826727999879],[-77.67752373599996,-10.234234977999904],[-77.6809143619999,-10.22165360299988],[-77.67716673699988,-10.215080352999905],[-77.67486523699989,-10.212843727999882],[-77.67440436199996,-10.206711478999978],[-77.66870048699997,-10.214716102999887],[-77.66708998699994,-10.216427352999915],[-77.66165161199996,-10.21718260299997],[-77.65988686199995,-10.21832222799992],[-77.65648673699997,-10.218239227999902],[-77.65263086199997,-10.219210602999965],[-77.64249273699994,-10.225118102999943],[-77.63569586199998,-10.224099602999956],[-77.6302817369999,-10.225980102999927],[-77.62562223699996,-10.229435352999928],[-77.62174773699996,-10.230874352999933],[-77.61659123699991,-10.234747727999888],[-77.61555098699995,-10.236459102999902],[-77.61098761199992,-10.238237477999974],[-77.60802536199998,-10.24050972799995],[-77.59935736099999,-10.239080102999878],[-77.59429636099998,-10.237093977999962],[-77.59167923699988,-10.237216977999935],[-77.58862698699994,-10.241130977999944],[-77.58580961199988,-10.242934852999952],[-77.58373086099994,-10.24580685299992],[-77.57792523599988,-10.249364977999903],[-77.57532311199998,-10.249860227999932],[-77.57123836199997,-10.244027852999977],[-77.56989061199994,-10.239396477999946],[-77.56770311199995,-10.236150352999971],[-77.56122648699989,-10.231008852999878],[-77.56088161099996,-10.223411728999963],[-77.55967273699997,-10.218376478999971],[-77.55724111199993,-10.215532852999957],[-77.55683661199993,-10.21124985299997],[-77.55793123699993,-10.205967477999877],[-77.55455236199992,-10.201946227999883],[-77.55395748699993,-10.199923602999945],[-77.55438561199992,-10.195209102999968],[-77.55383948699995,-10.19337335299997],[-77.5546528619999,-10.188464602999886],[-77.55390423699998,-10.186408227999891],[-77.55054886199997,-10.184203102999959],[-77.54820698599991,-10.180547352999838],[-77.54604686199997,-10.175363352999966],[-77.54330936199989,-10.173682727999847],[-77.53922861099994,-10.172359102999906],[-77.53587348699995,-10.173810602999936],[-77.53401748699997,-10.17345372799997],[-77.53094961199997,-10.17017897799991],[-77.53066248699992,-10.167267102999972],[-77.52762861199989,-10.164518852999947],[-77.52437536099995,-10.158858477999956],[-77.51896448699995,-10.153653602999952],[-77.51610023699993,-10.152004477999924],[-77.5170078619999,-10.148339602999954],[-77.51526361099991,-10.14740035299991],[-77.50557511199997,-10.1457437279999],[-77.49908586099991,-10.14723372799989],[-77.49844411199996,-10.149044102999937],[-77.49407611099986,-10.15322847799996],[-77.48865423699993,-10.154994102999922],[-77.48422461199982,-10.155480602999944],[-77.4804374869999,-10.154017602999886],[-77.47821286199996,-10.154052727999954],[-77.47433011199996,-10.155763727999954],[-77.47090823699989,-10.155445352999891],[-77.46659573699992,-10.154583977999948],[-77.45866598599991,-10.156162102999929],[-77.45577736099995,-10.15546872799996],[-77.45438673699988,-10.153833977999966],[-77.44811523599992,-10.150636727999938],[-77.44423048599987,-10.147177727999974],[-77.43682611199989,-10.142515602999879],[-77.42873436199989,-10.14122847799996],[-77.4262948619999,-10.141798852999898],[-77.4194783609999,-10.141333977999977],[-77.41474411199988,-10.138830102999975],[-77.41288473599997,-10.13667385399998],[-77.40931636199997,-10.135119102999965],[-77.4064238609999,-10.134878852999975],[-77.40064848699996,-10.132154352999976],[-77.39828123599995,-10.133843727999931],[-77.39331048599996,-10.132814477999943],[-77.39091023699996,-10.13749410299988],[-77.38734373699992,-10.140982477999955],[-77.3850429869999,-10.141984352999884],[-77.38012698699993,-10.146853477999969],[-77.37671486199997,-10.148089852999874],[-77.3716377369999,-10.14721047799992],[-77.36662986099998,-10.149049977999937],[-77.36145998699999,-10.14986997799997],[-77.35788998599998,-10.15117997799996],[-77.3567199869999,-10.153019977999918],[-77.35276998699993,-10.156149977999917],[-77.34910998599997,-10.15699997799993],[-77.34580711099989,-10.160530852999955],[-77.34231923699997,-10.155501852999862],[-77.33834473699994,-10.150878477999925],[-77.33720923599992,-10.147228477999931],[-77.3351813619999,-10.144227352999962],[-77.33696598599988,-10.138873977999936],[-77.34029148699994,-10.136359477999974],[-77.34231923699997,-10.13327722799994],[-77.34233623699993,-10.130837227999962],[-77.33518473599992,-10.129044102999899],[-77.33304648599994,-10.129780727999957],[-77.32369523699998,-10.127044227999932],[-77.31998323599998,-10.127377352999929],[-77.31060861099996,-10.134621227999958],[-77.30638223599988,-10.136618977999944],[-77.29908011099991,-10.138412102999894],[-77.29300973699992,-10.145960602999935],[-77.28841036199998,-10.150372727999923],[-77.28366798599995,-10.15421172799995],[-77.28044923599992,-10.160314477999975],[-77.27817573699991,-10.159724602999916],[-77.27567398599996,-10.154626977999953],[-77.27208011099998,-10.153132852999931],[-77.26844723599993,-10.154142602999912],[-77.2655937369999,-10.153214852999895],[-77.26319923599993,-10.151025352999909],[-77.25763661199994,-10.147673852999901],[-77.25428711199993,-10.14136135299998],[-77.24948823699998,-10.136513727999954],[-77.23977736199993,-10.134494102999838],[-77.23532811099994,-10.13507422799995],[-77.23204098699995,-10.133462852999969],[-77.22731836099996,-10.13332222799994],[-77.22296136099999,-10.134013727999957],[-77.21834923599994,-10.133366102999958],[-77.21277498699999,-10.133711602999938],[-77.20877923599994,-10.132480477999934],[-77.20719261099993,-10.128209977999916],[-77.20474661099996,-10.126028602999895],[-77.20897661099991,-10.118518352999956],[-77.21011773599992,-10.115155352999977],[-77.20763861099988,-10.109281477999957],[-77.20792123599989,-10.105355477999922],[-77.20431486099994,-10.09974247799994],[-77.20156048699994,-10.092171727999869],[-77.20481048599999,-10.092394477999846],[-77.20851173599993,-10.09152147799989],[-77.2106093619999,-10.089626977999899],[-77.21624161099999,-10.086804977999918],[-77.21673261099994,-10.083709977999888],[-77.21549998599994,-10.07923647799987],[-77.21118936099987,-10.075695352999958],[-77.20893948699995,-10.070685602999959],[-77.20792773599999,-10.061535102999926],[-77.21064848699996,-10.057439477999935],[-77.21295411199998,-10.049412227999937],[-77.21544423699993,-10.046215727999936],[-77.21884173699993,-10.044958977999954],[-77.21976936099992,-10.041953102999969],[-77.22390823599983,-10.039412102999847],[-77.22423061099994,-10.03656247799995],[-77.22235548599997,-10.034740227999919],[-77.22068748599997,-10.030738227999905],[-77.2170058609999,-10.031251977999943],[-77.21700198699995,-10.026687477999928],[-77.21411911199988,-10.023732477999943],[-77.21784173599997,-10.018925102999901],[-77.21881173699995,-10.013763102999917],[-77.21413586099993,-10.008573102999947],[-77.21156886199998,-10.00343135299994],[-77.21109436199998,-9.998795852999933],[-77.20954511199989,-9.993845227999941],[-77.21271923599988,-9.989840352999977],[-77.2125972369999,-9.984960352999963],[-77.21022673599998,-9.98157485299987],[-77.20999248599998,-9.979125102999944],[-77.20839473699994,-9.977229102999843],[-77.20886348599998,-9.972840852999923],[-77.20560411199995,-9.967025102999969],[-77.2062218619999,-9.964170602999957],[-77.21072636199995,-9.958745852999868],[-77.21467173699995,-9.956316727999877],[-77.22343886199997,-9.951990852999927],[-77.22166623699997,-9.948768852999933],[-77.21606361099992,-9.94297447799994],[-77.21516898699997,-9.93485822799994],[-77.21691211099994,-9.930121102999976],[-77.21951473699994,-9.927679227999874],[-77.22015723699997,-9.924546477999968],[-77.2178754869999,-9.919214477999958],[-77.21423486199996,-9.920712977999926],[-77.20847536099984,-9.924787727999842],[-77.20565223599993,-9.925646726999958],[-77.20147848699992,-9.925410476999957],[-77.1987517369999,-9.92427435299993],[-77.18905248599992,-9.929491102999975],[-77.18616823699995,-9.923336351999922],[-77.18088361099996,-9.921829102999936],[-77.17799348599993,-9.916594602999965],[-77.17378986199992,-9.913134227999933],[-77.17327723599993,-9.91049422799989],[-77.17391798599994,-9.905470227999956],[-77.17717261099995,-9.898365352999974],[-77.1771988619999,-9.895120102999954],[-77.17870223599994,-9.888157977999981],[-77.18056323699989,-9.886855227999945],[-77.18244761099993,-9.883761227999912],[-77.18348661099992,-9.878278602999956],[-77.18217836099996,-9.872196977999977],[-77.18328973599989,-9.869147727999973],[-77.18290261199985,-9.867063352999878],[-77.18532798599995,-9.862328227999967],[-77.18555273699991,-9.859455477999859],[-77.18703811099988,-9.857580852999888],[-77.18680761199994,-9.85272922799993],[-77.18901998699994,-9.84752435299987],[-77.18680761199994,-9.84305335299996],[-77.18756698699997,-9.841796977999934],[-77.18713473599996,-9.83621285299995],[-77.1847463609999,-9.836938477999922],[-77.17817536099994,-9.833950976999915],[-77.17427323599992,-9.831258102999925],[-77.16813423699995,-9.831027352999968],[-77.16710773599993,-9.829386227999976],[-77.16218561099998,-9.827049227999964],[-77.15683186199993,-9.82764397799997],[-77.15309961199995,-9.830908227999942],[-77.15047461199993,-9.83181835299996],[-77.14656836099994,-9.831935601999874],[-77.14166123699988,-9.833231976999912],[-77.14040811099994,-9.83444435299998],[-77.13604161099988,-9.836083602999963],[-77.12773748599989,-9.837400976999902],[-77.1264439869999,-9.839202726999929],[-77.12385711199994,-9.839341227999967],[-77.11828123599997,-9.834691727999939],[-77.11543561199989,-9.83317647799987],[-77.11037261199994,-9.837278727999944],[-77.10821073599993,-9.837204727999904],[-77.10283361099994,-9.841103602999908],[-77.0977336119999,-9.841380852999976],[-77.0948769869999,-9.840815477999968],[-77.09279373599992,-9.836754477999875],[-77.09520998699992,-9.829048476999901],[-77.09882386099997,-9.824557101999972],[-77.10108998699997,-9.817511601999968],[-77.09848748699994,-9.812850977999972],[-77.0998106109999,-9.80789485199989],[-77.09669348599994,-9.804553477999946],[-77.08527886099995,-9.800001102999943],[-77.08272236199991,-9.800427102999834],[-77.08165136099996,-9.798740351999982],[-77.07606061099983,-9.797031102999938],[-77.06997561099996,-9.79703410299993],[-77.0691862359999,-9.797949101999961],[-77.0601572359999,-9.802149227999962],[-77.05544136199995,-9.796876976999897],[-77.05288861199995,-9.795998101999942],[-77.04891411099999,-9.795859352999969],[-77.04646161099993,-9.792858101999911],[-77.04907436099995,-9.788959351999893],[-77.04946373699994,-9.782874852999896],[-77.04635698599998,-9.780449601999976],[-77.03884173599988,-9.779097602999911],[-77.03708786099992,-9.775708977999955],[-77.03357611099995,-9.772214852999923],[-77.03078511099994,-9.767494102999876],[-77.02779886099995,-9.764121102999923],[-77.02818786099994,-9.760869602999946],[-77.02951961199989,-9.75947447699997],[-77.03097836099988,-9.755177727999978],[-77.028346361,-9.751832851999893],[-77.02610986099995,-9.75033297799996],[-77.02663411099996,-9.744540102999906],[-77.02920248599992,-9.740861977999884],[-77.02884198599997,-9.735929976999955],[-77.03065423599998,-9.733814477999942],[-77.02857223599995,-9.730183602999944],[-77.02547111099994,-9.728636102999928],[-77.02823098599993,-9.723867226999971],[-77.03280673599988,-9.721978477999926],[-77.03565811199991,-9.719321602999855],[-77.03415236099994,-9.713420102999976],[-77.03432773599997,-9.709346601999925],[-77.02837298699995,-9.707551601999967],[-77.02384173599995,-9.70432622699991],[-77.02061136099991,-9.711314477999906],[-77.01669723599997,-9.714748102999977],[-77.01023236099991,-9.717277351999883],[-77.00781836099992,-9.721232477999934],[-77.00237111099989,-9.725404352999874],[-77.00208011099988,-9.727222602999973],[-76.99815423599995,-9.731566351999845],[-76.99517773599996,-9.736572227999943],[-76.98674611099989,-9.743127102999892],[-76.98442386099998,-9.747089851999931],[-76.98650586099996,-9.749105477999933],[-76.98239261099997,-9.754199227999948],[-76.97656836099998,-9.757695351999928],[-76.97427736099996,-9.760236352999925],[-76.96978123699989,-9.758343726999954],[-76.97169923599989,-9.754326227999968],[-76.97349411099998,-9.748039101999893],[-76.97628323599992,-9.747861351999916],[-76.97786311199997,-9.743539101999886],[-76.9802947359999,-9.74028510199986],[-76.9801484869999,-9.73431060299987],[-76.98104298699991,-9.724568352999938],[-76.97821673599992,-9.721912101999976],[-76.97402536099997,-9.715458976999912],[-76.97349798599993,-9.713490351999894],[-76.97039448599992,-9.711488226999904],[-76.96397261099997,-9.713540976999923],[-76.96161336099993,-9.713456977999897],[-76.9541444859999,-9.710357477999878],[-76.95426361099993,-9.707847602999948],[-76.95174223699996,-9.704783227999883],[-76.94757811099993,-9.704275351999968],[-76.94538861199993,-9.702568352999947],[-76.94136523599997,-9.705912102999946],[-76.94029098599998,-9.710599602999935],[-76.93772461099996,-9.71643147799989],[-76.93466011099991,-9.71998822699993],[-76.93500786099992,-9.72687697799995],[-76.93457423599983,-9.728919977999908],[-76.93123436099995,-9.732740227999955],[-76.92811723599988,-9.73460747799993],[-76.92533198599995,-9.740083977999916],[-76.9200761109999,-9.741970726999966],[-76.91735348699996,-9.743662227999948],[-76.91475973599995,-9.750312477999955],[-76.91376561099992,-9.754367227999978],[-76.91126548599993,-9.758992227999954],[-76.91191211099988,-9.763665977999949],[-76.90847461199996,-9.763511727999969],[-76.90373236099998,-9.765302726999948],[-76.90138286099989,-9.770496102999914],[-76.9031093609999,-9.775675727999953],[-76.90270511099999,-9.777960976999907],[-76.9030781109999,-9.785148477999883],[-76.90057423599995,-9.799831977999872],[-76.89775786099989,-9.80928910299997],[-76.89521098699993,-9.815601601999958],[-76.89138473599996,-9.82113085199984],[-76.8891444859999,-9.82348435299997],[-76.88405661199994,-9.828074227999934],[-76.88079686099996,-9.833029352999972],[-76.87787111099982,-9.840412101999902],[-76.87729486099994,-9.843398477999926],[-76.87529098599992,-9.84801947799997],[-76.87225198699991,-9.850968727999941],[-76.87131836099996,-9.857693476999884],[-76.86927536099995,-9.86039435299989],[-76.87204298599994,-9.861796852999873],[-76.87298236099997,-9.863765602999877],[-76.87041411099995,-9.86676947799998],[-76.86928323599989,-9.870013602999904],[-76.86672461099994,-9.87128122799993],[-76.8621054859999,-9.875451226999871],[-76.85920711099999,-9.882943352999916],[-76.8590214859999,-9.88859185299998],[-76.85342186099996,-9.89192972799998],[-76.85075198699997,-9.894556602999955],[-76.85126761199996,-9.89772847699993],[-76.84791411099997,-9.902697352999951],[-76.84573236099993,-9.910212852999962],[-76.84193548599995,-9.911724602999925],[-76.84037298599998,-9.917728477999901],[-76.84289848599997,-9.919880977999924],[-76.84374998599998,-9.923921852999968],[-76.84199411099996,-9.928148477999912],[-76.84186148699996,-9.930621102999964],[-76.83893748599996,-9.934554727999966],[-76.83420698599997,-9.937265602999958],[-76.82898048599998,-9.938421852999966],[-76.82662298599996,-9.94191210299988],[-76.82518948699999,-9.945326227999942],[-76.81803323599996,-9.952285102999895],[-76.81367573599994,-9.961572227999966],[-76.8154843609999,-9.965050727999937],[-76.81406048599996,-9.96735347799995],[-76.81523823599997,-9.97053122799997],[-76.8171288609999,-9.972285102999933],[-76.81794923699994,-9.97554497799996],[-76.81771873599996,-9.978527352999947],[-76.81952348599998,-9.981451227999969],[-76.82370111199998,-9.986003852999943],[-76.82561511099988,-9.98929297799998],[-76.82521673599996,-9.993074227999898],[-76.8232656109999,-9.995623102999957],[-76.82318548599994,-9.998488227999871],[-76.82441986099991,-10.00103710299993],[-76.82402148599994,-10.004062352999938],[-76.82502736099991,-10.009232477999888],[-76.82404686099989,-10.010998102999963],[-76.82324223599994,-10.01703710299995],[-76.82155661099989,-10.019367227999908],[-76.81521286199984,-10.022539102999872],[-76.81541011099989,-10.025214852999966],[-76.81367573599994,-10.029824102999953],[-76.81327923599997,-10.03556447799997],[-76.81174223599999,-10.03933197799995],[-76.8112968609999,-10.043990227999927],[-76.81199023599999,-10.045824227999958],[-76.81200723599989,-10.050893102999964],[-76.8090351109999,-10.05410547799994],[-76.81272848599997,-10.056824227999925],[-76.81303123599997,-10.058937477999962],[-76.81164648599997,-10.065554727999938],[-76.81033986099999,-10.068285102999937],[-76.81045898599996,-10.07070897799997],[-76.8124101109999,-10.07157222799998],[-76.81086723599998,-10.076470727999833],[-76.80773623599993,-10.08100785299996],[-76.80717186099986,-10.084363227999972],[-76.80842186099989,-10.084845727999891],[-76.81614061099992,-10.085115227999893],[-76.82203311099988,-10.0838067279999],[-76.82991073599993,-10.084919977999903],[-76.83802536099995,-10.085115227999893],[-76.84323823599988,-10.086785102999954],[-76.84603911099998,-10.088740227999892],[-76.84849998599998,-10.09793160299995],[-76.85358011099999,-10.101779352999927],[-76.85664073599992,-10.098517602999948],[-76.85986136099996,-10.096410102999926],[-76.86413473599987,-10.094769477999876],[-76.86940423599992,-10.093892602999972],[-76.87268361099996,-10.094886727999892],[-76.87473423599988,-10.099044977999881],[-76.87502536099998,-10.10402147799988],[-76.87894923599993,-10.112687477999884],[-76.87988673599995,-10.116552727999931],[-76.88293161099995,-10.117197227999895],[-76.88580661099996,-10.113376977999906],[-76.88966411099989,-10.112527352999962],[-76.89404686099988,-10.11384185299994],[-76.9019433609999,-10.113341852999952],[-76.90392573599996,-10.115359352999974],[-76.90591986099997,-10.115080103999958],[-76.9106328609999,-10.116212852999979],[-76.91546486099992,-10.119914102999871],[-76.91502736099989,-10.126749977999907],[-76.91356448699997,-10.131398477999937],[-76.91504098599995,-10.133771477999971],[-76.91348236099986,-10.138208977999966],[-76.91433598699996,-10.140294977999929],[-76.91249423599999,-10.147257852999871],[-76.91268361099992,-10.151001977999954],[-76.91068948699996,-10.159953103999896],[-76.91261323599997,-10.163290977999964],[-76.91022661099993,-10.168652352999914],[-76.90853511099988,-10.176783227999977],[-76.91061723599995,-10.178831977999948],[-76.91185361099991,-10.182206977999954],[-76.91191798599993,-10.185068352999963],[-76.91373823599997,-10.186921853999934],[-76.91391798599994,-10.189941352999938],[-76.91110348599994,-10.193789102999972],[-76.90943748599994,-10.199017602999959],[-76.90983786099991,-10.203003852999927],[-76.9122753609999,-10.210744102999968],[-76.91412886099988,-10.21250197799992],[-76.91419923599994,-10.214894477999906],[-76.91621673599997,-10.217521477999924],[-76.91555861099988,-10.221746102999873],[-76.91600386199997,-10.225267602999963],[-76.91344923599996,-10.23044922799994],[-76.90770311199998,-10.23363872799996],[-76.90493548599994,-10.237414102999878],[-76.9049823609999,-10.242363227999931],[-76.90280073599996,-10.252070352999908],[-76.9066933609999,-10.256996102999892],[-76.90626948599999,-10.264927727999975],[-76.90502923599996,-10.268956977999949],[-76.90624611099992,-10.274185602999921],[-76.91182961099997,-10.277502603999835],[-76.91683986099991,-10.278080102999922],[-76.92085948599998,-10.275425728999949],[-76.92218773699994,-10.276025852999965],[-76.93074536099994,-10.2767777279999],[-76.93811586099986,-10.279700477999882],[-76.93782811099993,-10.283206978999942],[-76.94292886199992,-10.287515602999974],[-76.95115711099993,-10.2889293529999],[-76.95330148599999,-10.293106977999969],[-76.95720911099994,-10.295267352999929],[-76.96226761099996,-10.297206977999906],[-76.96148211099995,-10.300509227999953],[-76.96545148599995,-10.305378602999951],[-76.97077648599992,-10.303492477999953],[-76.97484923699994,-10.303828352999972],[-76.97712398599992,-10.299917102999814],[-76.97991011099998,-10.297062352999944],[-76.98291586099998,-10.297094977999905],[-76.98529473699989,-10.295927852999966],[-76.98985161099989,-10.295853478999959],[-76.99102873599998,-10.29400872799988],[-76.9950608609999,-10.291835102999926],[-76.99815423699994,-10.291392602999963],[-76.99948061099991,-10.289892602999942],[-76.99920398699993,-10.286170353999978],[-76.99985011199993,-10.28334747799994],[-77.00229886199998,-10.28191910299995],[-77.00672023599992,-10.284231727999895],[-77.00767248699998,-10.28654447799994],[-77.00685623599992,-10.29052360299994],[-77.00814861099991,-10.293516602999944],[-77.0076384869999,-10.298209977999875],[-77.00910086099992,-10.307766852999976],[-77.01107348599999,-10.308106977999955],[-77.0125699859999,-10.313820602999897],[-77.01362423599988,-10.315589227999965],[-77.01600498599998,-10.315317102999927],[-77.01906586099994,-10.321166852999966],[-77.02304511099993,-10.322051103999854],[-77.02471161199998,-10.327526727999953],[-77.02886086099983,-10.327730853999867],[-77.0297538609999,-10.329394477999926],[-77.03398823699996,-10.33254097899993],[-77.03842973699994,-10.334066353999958],[-77.04032223599984,-10.333444477999933],[-77.04617198599988,-10.334634852999898],[-77.04739636099993,-10.338784102999966],[-77.05328011199992,-10.339838477999876],[-77.05685123699999,-10.338477977999844],[-77.0623269859999,-10.33463485399983],[-77.06688423599996,-10.334736852999981],[-77.06793848599989,-10.337015603999816],[-77.07161161099998,-10.338103977999879],[-77.07239398699994,-10.339430352999955],[-77.07290486099993,-10.344867852999812],[-77.07390623599991,-10.3477148529999],[-77.08077111099993,-10.357680352999978],[-77.08585786099991,-10.359851477999939],[-77.08899611199996,-10.360136728999976],[-77.0897363609999,-10.362093727999934],[-77.08891998599995,-10.365515602999892],[-77.08894336099996,-10.37050372799996],[-77.09020011099983,-10.372630227999935],[-77.09386023699989,-10.37591797899995],[-77.09764398699997,-10.38019822799987],[-77.10512498599996,-10.38736322799997],[-77.11088473599995,-10.392089852999959],[-77.11016798699995,-10.396458977999885],[-77.1109863609999,-10.403341852999972],[-77.11371136199995,-10.405931227999815],[-77.11655023599991,-10.40635172899988],[-77.1183512369999,-10.409908727999948],[-77.12112998699996,-10.413117102999934],[-77.12731011199998,-10.417777478999938],[-77.12829136199997,-10.421212227999945],[-77.13281248599998,-10.422894477999932],[-77.13824498599996,-10.426469353999948],[-77.13976361099992,-10.429976602999886],[-77.14094361099995,-10.435301478999861],[-77.14476386099994,-10.44385322799991],[-77.14977573599992,-10.446131353999931],[-77.15001773699998,-10.451093727999933],[-77.15384136199998,-10.453281102999881],[-77.15699573699999,-10.453491352999947],[-77.16522261099993,-10.457383353999944],[-77.1720571109999,-10.463013978999982],[-77.17462486099998,-10.464601727999877],[-77.17546098599996,-10.467398477999836],[-77.17494023699999,-10.470524853999962],[-77.17658661099995,-10.475594102999821],[-77.17603998699991,-10.483099977999927],[-77.17807611199999,-10.480937477999873],[-77.18148636099988,-10.480037102999972],[-77.18614061199997,-10.471898477999844],[-77.18430486099999,-10.469298852999941],[-77.18459373599995,-10.467425728999956],[-77.18994136199996,-10.46449610299993],[-77.18942973599997,-10.46052347799997],[-77.18932036199999,-10.457929727999954],[-77.18332423599992,-10.451816353999845],[-77.17883011099997,-10.448855477999928],[-77.17673048599994,-10.446529352999903],[-77.17347073699989,-10.445335977999946],[-77.17190961099993,-10.442751978999922],[-77.1723554859999,-10.43451947799997],[-77.17137698599993,-10.431652353999823],[-77.17258786099995,-10.42700785299985],[-77.17138673599993,-10.42358985299984],[-77.17156836199996,-10.41835547799991],[-77.17313286099983,-10.416275352999946],[-77.17282423699987,-10.408523477999893],[-77.17435736099998,-10.405746102999956],[-77.17287111099995,-10.400867227999925],[-77.16977923699989,-10.399812477999888],[-77.16966986099999,-10.394661977999874],[-77.16645898699988,-10.390951227999892],[-77.16796286099998,-10.382669978999957],[-77.16647261099996,-10.375748102999921],[-77.16452923599991,-10.373248102999924],[-77.163355487,-10.369994102999897],[-77.16087111099995,-10.366999978999957],[-77.15820898599992,-10.361919977999946],[-77.16260536099998,-10.361656227999958]]]},"properties":{"ubigeo":"020300","nombre":"BOLOGNESI"}},{"type":"Feature","geometry":{"type":"Polygon","coordinates":[[[-77.58599886099995,-9.396148601999812],[-77.58965636199997,-9.39778285299991],[-77.59577373699994,-9.39903235199995],[-77.60104636199998,-9.401066726999943],[-77.60861898699994,-9.40813460299995],[-77.6099869869999,-9.409942226999874],[-77.60972648699993,-9.412987477999934],[-77.6109477359999,-9.417693976999885],[-77.61300586199991,-9.422083976999943],[-77.61822736199997,-9.423458976999939],[-77.62058198699998,-9.424699227999895],[-77.62429361199997,-9.424706352999976],[-77.62904261099999,-9.425893602999963],[-77.63098573599996,-9.427734352999948],[-77.63743486199996,-9.42917697799993],[-77.64368311199996,-9.432591226999875],[-77.64546286199993,-9.436941351999963],[-77.64645698699997,-9.44133822699996],[-77.6460368619999,-9.444073601999946],[-77.64428748699993,-9.447190727999953],[-77.64928811199997,-9.452799476999928],[-77.65153498599989,-9.450383101999932],[-77.65385698699998,-9.4448458519999],[-77.65553611199994,-9.442273851999971],[-77.6616447369999,-9.437879727999928],[-77.66477161199998,-9.437416601999928],[-77.66644361199997,-9.430903102999935],[-77.6652516119999,-9.429000476999875],[-77.66564411199994,-9.426659601999916],[-77.67053348699994,-9.426121102999957],[-77.67313423699994,-9.422115102999953],[-77.67579623699999,-9.419755726999881],[-77.67815873599989,-9.419493226999919],[-77.68138048599991,-9.417655726999953],[-77.67898436199994,-9.413438852999889],[-77.67772673699994,-9.405927601999963],[-77.67475973699993,-9.403052727999977],[-77.67553898699992,-9.397908102999907],[-77.67512898699994,-9.394381977999899],[-77.68093123699998,-9.389117851999913],[-77.68392186199998,-9.38363872699989],[-77.68545186199998,-9.383227476999878],[-77.69048161199999,-9.377838476999955],[-77.69393486199994,-9.378034726999942],[-77.6975357369999,-9.380250602999979],[-77.7014689859999,-9.381496977999973],[-77.7052636119999,-9.381469351999897],[-77.7075606119999,-9.380296976999887],[-77.71475448699994,-9.379809726999895],[-77.7189511119999,-9.38236997699994],[-77.72178586199988,-9.381526977999954],[-77.72814423699998,-9.37846372699994],[-77.73250698699985,-9.377906977999942],[-77.73403861199984,-9.37472760199995],[-77.73984011199997,-9.372801601999925],[-77.74419598699996,-9.370708976999822],[-77.74441248699992,-9.368713476999915],[-77.74268136199993,-9.365131226999893],[-77.74270548699991,-9.359433226999954],[-77.7459031119999,-9.354913351999926],[-77.74770623699993,-9.350417476999894],[-77.75273098699995,-9.346426477999898],[-77.75741023699993,-9.344276227999899],[-77.76205686199995,-9.340131351999958],[-77.76486873699997,-9.335300726999947],[-77.77125273699988,-9.333952351999926],[-77.77154211199996,-9.331040726999902],[-77.77545548699999,-9.323261852999963],[-77.7766962369999,-9.315649852999854],[-77.77581336199995,-9.313359226999864],[-77.7725443619999,-9.310734601999968],[-77.77210561199996,-9.304726976999973],[-77.76564848699991,-9.292316351999943],[-77.76194736199994,-9.292427726999904],[-77.75728711199997,-9.291540476999955],[-77.75403911199999,-9.288952226999982],[-77.75121286199993,-9.28866997699987],[-77.74701161199994,-9.290355226999964],[-77.7439904869999,-9.290297101999954],[-77.73676873699986,-9.2844988519999],[-77.73348011199988,-9.27974860199987],[-77.73090198699992,-9.27974860199987],[-77.72450748699993,-9.27639910299996],[-77.72097848699997,-9.268681601999901],[-77.72060986199995,-9.2627777269999],[-77.71959486199995,-9.25825085199989],[-77.7179097369999,-9.255124476999868],[-77.71533173699993,-9.252262226999903],[-77.71458123699995,-9.248821476999979],[-77.71198223699997,-9.245035477999977],[-77.70631848699998,-9.243594102999907],[-77.70347248699994,-9.241947851999953],[-77.70206448699997,-9.238718727999924],[-77.70100398699998,-9.233762726999942],[-77.69501623699989,-9.229845352999916],[-77.69174711199997,-9.225772601999893],[-77.68929673699989,-9.224164727999948],[-77.68750886199985,-9.22603347699993],[-77.6865853619999,-9.23052385199992],[-77.68464898699989,-9.235337727999877],[-77.68441823699999,-9.23866047699994],[-77.68088761099989,-9.244698101999973],[-77.68064211199993,-9.246450727999957],[-77.67504423599996,-9.240116101999831],[-77.67068936199996,-9.239357601999927],[-77.66489448699991,-9.243097601999978],[-77.66137598699987,-9.239836726999897],[-77.66077973699998,-9.232880351999938],[-77.65936011199994,-9.229671977999942],[-77.65932036199996,-9.224921851999966],[-77.65697161199995,-9.21785985199989],[-77.65315561199998,-9.214607101999945],[-77.65150198599991,-9.210300351999933],[-77.65122936199992,-9.206611602999942],[-77.64960548699997,-9.20347260299991],[-77.64703511199997,-9.20189260299992],[-77.64405161199994,-9.197271351999916],[-77.64067848599996,-9.199730476999889],[-77.63584961199996,-9.201638726999875],[-77.63466536199996,-9.2040093519999],[-77.63216323699999,-9.206087226999955],[-77.62573636199994,-9.207623101999957],[-77.62584661199992,-9.210449851999954],[-77.61990011199998,-9.214448351999977],[-77.61674323699998,-9.214107726999941],[-77.6131302369999,-9.208608101999914],[-77.60932861099997,-9.204934102999971],[-77.60611386099998,-9.19919347699988],[-77.60292461099988,-9.195698101999938],[-77.60026398699995,-9.190712101999964],[-77.59558448699988,-9.18416747699996],[-77.59430561199997,-9.17924097699995],[-77.59264236199994,-9.177107226999965],[-77.59078823699997,-9.171534101999896],[-77.5889183619999,-9.15870022799993],[-77.58896911199992,-9.155125102999875],[-77.59097848599998,-9.152093726999965],[-77.59184961199998,-9.141365226999937],[-77.59322261199998,-9.134412102999931],[-77.5942837369999,-9.131993851999937],[-77.5983904869999,-9.126649351999959],[-77.60251386199991,-9.123018351999974],[-77.60399098699992,-9.120433476999892],[-77.60376523699989,-9.114443226999981],[-77.60191411199986,-9.111914101999957],[-77.6013199869999,-9.10893522699996],[-77.59600261199995,-9.103240351999943],[-77.59042598699995,-9.098958601999925],[-77.58424111199997,-9.097372476999965],[-77.58092048699996,-9.09571572699997],[-77.57596136199993,-9.090183351999883],[-77.57401873699996,-9.088889851999966],[-77.57378973699997,-9.086470476999978],[-77.57240223699989,-9.085765351999896],[-77.56550998599994,-9.084991976999959],[-77.56305336199989,-9.083467852999945],[-77.55888023699993,-9.083212851999917],[-77.55625211099988,-9.084104851999939],[-77.54845011199995,-9.084445976999973],[-77.54346848699998,-9.08519660199994],[-77.53812423699986,-9.08191235199996],[-77.53034373699995,-9.082921976999899],[-77.5276051109999,-9.086270726999885],[-77.52560661099994,-9.09004397799987],[-77.52518848699998,-9.092894601999944],[-77.52365986199999,-9.095369351999977],[-77.5215344859999,-9.095995351999932],[-77.51806911199998,-9.094487476999916],[-77.51361561199997,-9.096062226999948],[-77.50979573699993,-9.100161476999915],[-77.49995086199993,-9.106309351999926],[-77.49436848699997,-9.107612976999974],[-77.49046036199991,-9.106671851999977],[-77.49364123599992,-9.109288351999965],[-77.49952136199983,-9.117218101999981],[-77.50007173699998,-9.120375976999924],[-77.50305048699988,-9.127495351999869],[-77.50561223699992,-9.12885060199983],[-77.50911236099995,-9.128954851999936],[-77.51670823599989,-9.133854976999885],[-77.51876361199999,-9.1365954769999],[-77.52059548699992,-9.140572101999965],[-77.51970186199998,-9.143446601999926],[-77.52151898699992,-9.145531726999877],[-77.52209311199994,-9.148440352999955],[-77.52374111099994,-9.150549476999913],[-77.5254807369999,-9.15492235299996],[-77.52868586199997,-9.158067976999916],[-77.52853098599996,-9.163143726999976],[-77.53136673699993,-9.170483476999948],[-77.53354723599995,-9.173116727999911],[-77.53201023599996,-9.175583101999962],[-77.53150973699996,-9.178609601999938],[-77.52959898599994,-9.183260976999918],[-77.52902386199997,-9.186615351999933],[-77.53072511199997,-9.190832351999973],[-77.53190611199989,-9.199357477999968],[-77.5287912369999,-9.203114476999929],[-77.52570636099995,-9.205073726999956],[-77.51757711199991,-9.20378147699995],[-77.51653486199996,-9.20578247799989],[-77.51570111199999,-9.210409851999941],[-77.51742936099998,-9.216108227999882],[-77.51612873699997,-9.224866851999934],[-77.5175703619999,-9.235902351999869],[-77.51312873599994,-9.243319477999933],[-77.51332686199999,-9.249405976999924],[-77.51277923699996,-9.2519316019999],[-77.5108271119999,-9.254347226999926],[-77.5066416119999,-9.25638185199989],[-77.50360673599988,-9.256196101999876],[-77.4990349869999,-9.252505351999957],[-77.49593961099993,-9.252600601999916],[-77.49272511099997,-9.250862477999931],[-77.49030198599996,-9.251339351999945],[-77.48731998699998,-9.25341022699996],[-77.48329598699996,-9.25393410299995],[-77.48036723699994,-9.25531510199994],[-77.4832941109999,-9.263139852999927],[-77.4817244869999,-9.26899160299996],[-77.48079136099994,-9.269970352999962],[-77.47632398699989,-9.270839602999956],[-77.47172761199994,-9.269875476999914],[-77.46961761199987,-9.270278851999876],[-77.46382036199998,-9.268382851999945],[-77.4600933619999,-9.265786227999968],[-77.45095936199988,-9.263994226999955],[-77.44747973699992,-9.265298851999944],[-77.43871111099998,-9.270588226999905],[-77.43537636199994,-9.272073101999922],[-77.43213461099992,-9.27551172699998],[-77.42789973599992,-9.274871726999947],[-77.42124348699997,-9.276607726999885],[-77.41557173599989,-9.276329351999948],[-77.41274473599992,-9.27558860299996],[-77.40897948599996,-9.273131602999968],[-77.40423911199997,-9.277146726999888],[-77.40031211199994,-9.279414851999888],[-77.39671098699995,-9.284751976999871],[-77.39311086199996,-9.28612447799992],[-77.38893523699988,-9.288942976999977],[-77.3838202369999,-9.289238851999869],[-77.38002748699995,-9.287899226999969],[-77.37518061199995,-9.290126727999962],[-77.37175836199992,-9.292335351999839],[-77.36728598699989,-9.294122601999902],[-77.36519536199995,-9.294167976999859],[-77.36036198699998,-9.296916851999924],[-77.35393698699994,-9.301250601999925],[-77.34735236199992,-9.299855226999966],[-77.33673823599997,-9.305069602999936],[-77.33394936199994,-9.3069619769999],[-77.32568248699994,-9.310049601999935],[-77.32493536199985,-9.31164322799998],[-77.32475973699997,-9.319257851999964],[-77.32342386099992,-9.321445351999955],[-77.31918411199996,-9.324105601999975],[-77.31813423599993,-9.32797010299987],[-77.323720112,-9.330472726999972],[-77.32639261099996,-9.333063351999954],[-77.3281724869999,-9.337754977999964],[-77.32913811199995,-9.343937351999955],[-77.33204198699997,-9.347940477999941],[-77.33455623699996,-9.35272160199986],[-77.33250111199993,-9.357215227999973],[-77.33228548599993,-9.363823477999972],[-77.33036948599994,-9.36855185199994],[-77.33132436199992,-9.374255226999935],[-77.33128523599999,-9.377349601999924],[-77.33009086099997,-9.38239172799996],[-77.33329873599996,-9.382803851999938],[-77.3364952359999,-9.384270726999887],[-77.34172623699993,-9.38571647799995],[-77.34798461099996,-9.388281726999935],[-77.35101861099997,-9.388461976999906],[-77.35235436199991,-9.386099102999935],[-77.35582323699998,-9.384498726999936],[-77.35741448599998,-9.382286351999937],[-77.36145711199998,-9.378614226999957],[-77.36832861199991,-9.374868726999921],[-77.3704408619999,-9.368251352999948],[-77.37758223599997,-9.370145476999937],[-77.38259473699992,-9.370572351999954],[-77.39740386199998,-9.357819352999854],[-77.39852398699998,-9.356078476999869],[-77.39830811199994,-9.350234477999948],[-77.39683698599998,-9.34822347699992],[-77.39763673699997,-9.346607476999964],[-77.40209173699992,-9.347337852999829],[-77.40829948599992,-9.350973101999955],[-77.41547461199991,-9.355769477999957],[-77.42930711199995,-9.353677601999891],[-77.43423048699998,-9.355175852999878],[-77.43932798599997,-9.35370960199998],[-77.44338561199993,-9.350879476999921],[-77.44565323699999,-9.35584072699993],[-77.44999623699988,-9.357925727999941],[-77.45346873699998,-9.358156226999938],[-77.45476586199999,-9.360659226999815],[-77.46202873699997,-9.36431635199989],[-77.46500811199996,-9.36698872799991],[-77.46847011199998,-9.367335602999958],[-77.47136498699996,-9.365272101999835],[-77.47603236199996,-9.36369085299998],[-77.47817211099988,-9.364506476999964],[-77.4814647369999,-9.369205602999955],[-77.48301361199998,-9.370140351999908],[-77.48763786199999,-9.369922226999904],[-77.49250223699994,-9.368451602999926],[-77.49767148699988,-9.368744352999954],[-77.50521848699992,-9.36839535199988],[-77.51036311199988,-9.369017602999918],[-77.51340511199999,-9.37324935199996],[-77.52599411199992,-9.373333976999959],[-77.53000511199997,-9.372714726999959],[-77.53366573699998,-9.37491522699986],[-77.53837498699983,-9.37950785199996],[-77.54016798699996,-9.384790977999955],[-77.54228911199993,-9.386591851999981],[-77.54969948599995,-9.385145852999926],[-77.55370136199997,-9.381777477999833],[-77.56097073699988,-9.378917352999963],[-77.566718112,-9.379198601999974],[-77.56783186199993,-9.379221602999905],[-77.57046961199995,-9.375525351999954],[-77.57358811199998,-9.374169476999953],[-77.57639761199988,-9.374120976999961],[-77.58493748699993,-9.37529497699984],[-77.58166411199983,-9.391479101999892],[-77.58087473599988,-9.392252351999844],[-77.58599886099995,-9.396148601999812]]]},"properties":{"ubigeo":"020400","nombre":"CARHUAZ"}},{"type":"Feature","geometry":{"type":"Polygon","coordinates":[[[-78.31881048699995,-9.676958852999917],[-78.32256048799997,-9.674835977999976],[-78.3188476119999,-9.673353477999967],[-78.31780473699996,-9.669458977999966],[-78.31900386199993,-9.66636135199991],[-78.32112311199995,-9.666546852999886],[-78.32181636299993,-9.661748102999923],[-78.32333198799995,-9.661189476999823],[-78.32662298699995,-9.657312477999938],[-78.32822661199998,-9.658417977999932],[-78.32984961299991,-9.65477147799993],[-78.33424023799995,-9.655681601999902],[-78.33483986199997,-9.653390602999878],[-78.33349223799996,-9.650029351999933],[-78.33457611199992,-9.648447227999952],[-78.3378554869999,-9.647478476999936],[-78.33898436199996,-9.644929727999966],[-78.33812298699985,-9.642330102999892],[-78.33923636199995,-9.63970897799993],[-78.34103511199999,-9.640302727999938],[-78.34385548799997,-9.63927347799995],[-78.34309573799999,-9.63644135199985],[-78.34431636299996,-9.63292772699998],[-78.34944936299996,-9.633039102999874],[-78.35162698799991,-9.629478477999896],[-78.35637498799986,-9.626568351999879],[-78.35775786199997,-9.624232476999964],[-78.35975586299998,-9.62387497799989],[-78.36326948699991,-9.625076227999898],[-78.36344136199995,-9.62996485299982],[-78.36702536199982,-9.629144477999887],[-78.36575186199997,-9.625609352999959],[-78.36372261299994,-9.62427535199987],[-78.36322461299994,-9.621398602999875],[-78.36485348799988,-9.62047072699994],[-78.36152736299994,-9.613839851999955],[-78.36259173799988,-9.611851601999945],[-78.36179486199995,-9.60871097699993],[-78.36431836299994,-9.607292977999862],[-78.36443748699992,-9.604634726999905],[-78.36745511299995,-9.60308785199993],[-78.36664448699992,-9.59960160299994],[-78.36497261199997,-9.599084102999939],[-78.36614261299997,-9.595081976999893],[-78.36857611299996,-9.594693352999968],[-78.36808011299996,-9.58946685299992],[-78.36982811199988,-9.587113102999922],[-78.36586723699992,-9.58246485299992],[-78.36655073799989,-9.578830101999927],[-78.36582611199998,-9.574720726999885],[-78.36781036199994,-9.569974602999878],[-78.37094536299998,-9.565978477999977],[-78.37000786299996,-9.563585977999935],[-78.36640423699993,-9.561091851999947],[-78.3679882379999,-9.555310476999978],[-78.37450386299997,-9.550706976999948],[-78.37430473699993,-9.548275352999838],[-78.38207223699993,-9.545802727999956],[-78.38357423699995,-9.54304885299996],[-78.38171873699997,-9.541816227999902],[-78.38152348799991,-9.538624976999927],[-78.38770311299999,-9.535363227999937],[-78.38725198699996,-9.529912102999958],[-78.38567386299997,-9.528056602999982],[-78.38543161199988,-9.523988227999894],[-78.38449023799996,-9.520964852999953],[-78.38513473699993,-9.518728476999911],[-78.38912498799994,-9.51223435299994],[-78.39243548699994,-9.507732476999934],[-78.39130661299998,-9.505373101999965],[-78.39414848799993,-9.504074227999979],[-78.39572073799997,-9.50189260299993],[-78.3930878619999,-9.498656101999927],[-78.39345311299996,-9.49354297799988],[-78.3922578619999,-9.490417977999869],[-78.39497073799993,-9.490437476999887],[-78.39784573799994,-9.487956977999943],[-78.39823636299985,-9.48338672799997],[-78.39637298699995,-9.482929726999885],[-78.3959121129999,-9.477722602999904],[-78.40044136199992,-9.476582101999952],[-78.40244923699998,-9.478564476999964],[-78.40410736299998,-9.475984352999888],[-78.40193548699995,-9.470800727999972],[-78.39773823699994,-9.47211522699996],[-78.39714261199993,-9.466505976999883],[-78.39896673799996,-9.464921852999908],[-78.39522861199993,-9.462093726999967],[-78.39332811299988,-9.463253851999923],[-78.39285936299996,-9.45888472699994],[-78.39124223699997,-9.457410102999972],[-78.38671286299996,-9.4559121019999],[-78.38514448799992,-9.458665977999942],[-78.38088086199997,-9.455716852999899],[-78.37960161199999,-9.451531226999975],[-78.38011136199998,-9.445490227999926],[-78.38290623699993,-9.437956976999942],[-78.38728711299996,-9.43267772799993],[-78.39199223799994,-9.42912497799989],[-78.39600786299985,-9.427789102999952],[-78.39940236299998,-9.431187477999913],[-78.4042441119999,-9.434708976999957],[-78.4073476129999,-9.435833976999959],[-78.40672073699994,-9.431013726999936],[-78.40725973799994,-9.429490227999906],[-78.40655473699996,-9.425138727999922],[-78.41014848799995,-9.426404352999953],[-78.41182223799996,-9.424066351999954],[-78.41560548699988,-9.423144476999937],[-78.41532811199994,-9.420187477999889],[-78.41780473799997,-9.417406226999901],[-78.42114261299992,-9.418919976999916],[-78.4246738629999,-9.417671851999955],[-78.42371098699988,-9.41498247699991],[-78.42794136299989,-9.411289101999955],[-78.42786323699988,-9.404710976999922],[-78.4293553629999,-9.402164102999961],[-78.42721286299991,-9.399165977999871],[-78.42621873699989,-9.395798852999917],[-78.42717386299995,-9.393158226999901],[-78.43298636299994,-9.388554727999974],[-78.43221473799997,-9.38475385199996],[-78.43243548799995,-9.381583976999877],[-78.43068548699989,-9.381066351999948],[-78.42891798799997,-9.373876976999952],[-78.42777148799996,-9.371212851999928],[-78.42369923799998,-9.370896477999963],[-78.4230488629999,-9.369164101999957],[-78.42004098699988,-9.36986522699982],[-78.41545698799996,-9.368419976999974],[-78.41306248799998,-9.369839851999927],[-78.41020698699998,-9.367064476999872],[-78.410013613,-9.362472601999912],[-78.41391011299999,-9.359859352999877],[-78.42185548799995,-9.361718726999982],[-78.42418548699999,-9.361779351999928],[-78.42330661299991,-9.358790977999945],[-78.42727923699988,-9.360456977999945],[-78.42670698799998,-9.356765602999872],[-78.42789448699989,-9.349300727999946],[-78.42678898699995,-9.351124976999927],[-78.41735298799989,-9.35524072699991],[-78.41172536199991,-9.35344097799998],[-78.40983323799998,-9.350945601999967],[-78.40381236299999,-9.347127851999971],[-78.40072711199997,-9.341328726999905],[-78.39934936199984,-9.337333977999947],[-78.3978163619999,-9.336062476999928],[-78.39221873799994,-9.330572226999948],[-78.38965623699994,-9.326568351999981],[-78.38692936299998,-9.325245726999981],[-78.3836156129999,-9.326188351999974],[-78.38324023799993,-9.316580101999818],[-78.3850488619999,-9.311244102999979],[-78.38581836299983,-9.305304726999907],[-78.38231636299997,-9.301914102999945],[-78.37681623799989,-9.29486910199995],[-78.371508238,-9.287198352999951],[-78.37074636199992,-9.28018885199998],[-78.36967386199996,-9.276470851999932],[-78.36558211199997,-9.272254476999933],[-78.36400111199998,-9.268946976999928],[-78.36383186199998,-9.266288851999889],[-78.35965436299995,-9.263016976999893],[-78.35555736199996,-9.26440897699996],[-78.34887273699997,-9.263170726999931],[-78.34529148799993,-9.264939476999814],[-78.33601211199988,-9.263090976999877],[-78.33371986299994,-9.260761851999916],[-78.33484748699988,-9.257138726999926],[-78.33701898699996,-9.253447476999952],[-78.33708423799999,-9.250299352999946],[-78.334607238,-9.249652352999874],[-78.32941111299994,-9.249530102999927],[-78.32455148799994,-9.244824226999981],[-78.32349786299989,-9.242350851999902],[-78.32062498799996,-9.239371101999893],[-78.31906836199994,-9.234619101999954],[-78.31586323699997,-9.232046852999929],[-78.31300598699988,-9.231236226999897],[-78.30688898699998,-9.225078851999967],[-78.30171723699988,-9.222554601999946],[-78.29984973799998,-9.216861351999967],[-78.29184461199998,-9.215794976999916],[-78.2848534879999,-9.221547476999888],[-78.28110548699993,-9.222792976999926],[-78.27887698699993,-9.216355476999922],[-78.27710736199998,-9.213646477999873],[-78.26931086199988,-9.211905227999978],[-78.26484461199993,-9.207606977999944],[-78.26280698799997,-9.202795726999966],[-78.26080436199993,-9.200922726999977],[-78.25590423699992,-9.202540976999899],[-78.25099123699988,-9.202299602999915],[-78.24135073699989,-9.205037851999919],[-78.23896923799992,-9.206270101999905],[-78.23745411199997,-9.20924085299987],[-78.23283098699989,-9.211884477999945],[-78.22944673699993,-9.21131147799997],[-78.22773973799991,-9.208290226999907],[-78.22313511199997,-9.208735851999904],[-78.2195404869999,-9.20989447699992],[-78.21585673699991,-9.209567726999978],[-78.21346186199992,-9.208116476999919],[-78.21128461299998,-9.208968102999961],[-78.2070196119999,-9.213636102999885],[-78.19800048699989,-9.218723976999968],[-78.19563873799996,-9.223706351999908],[-78.19661573699989,-9.225713601999928],[-78.19231886199998,-9.227956726999878],[-78.19054961299997,-9.232127226999978],[-78.18599998699995,-9.235160226999938],[-78.1836304869999,-9.238256477999869],[-78.17778548799998,-9.241257977999965],[-78.17546873699996,-9.247027351999861],[-78.17039098699996,-9.248418976999972],[-78.16324161199992,-9.247095101999946],[-78.15915673699999,-9.250392101999978],[-78.15529036299995,-9.25105210199996],[-78.15121473799996,-9.258950726999899],[-78.14667036299983,-9.261663351999971],[-78.14388873699988,-9.267190101999972],[-78.14126261299992,-9.268586977999973],[-78.13860861199998,-9.265553851999925],[-78.13219798699998,-9.26490047699997],[-78.12679248799992,-9.262994601999935],[-78.12059998699993,-9.259203351999929],[-78.11574823799998,-9.257339226999875],[-78.1094204879999,-9.261273851999931],[-78.10636123699999,-9.264510726999958],[-78.10335811199997,-9.264063477999969],[-78.09315936199994,-9.266498726999941],[-78.08204136299992,-9.264756476999935],[-78.07821323699994,-9.268204851999883],[-78.07025148799994,-9.269875351999929],[-78.06193436199993,-9.270355101999883],[-78.05760998799997,-9.272013976999915],[-78.05609948799997,-9.27470122699998],[-78.05645411199998,-9.277699601999814],[-78.05610336199993,-9.283404477999966],[-78.06078336199988,-9.288776226999971],[-78.06228898799998,-9.292416851999917],[-78.06059898699993,-9.296914476999973],[-78.05772723799998,-9.299479977999965],[-78.05492736299988,-9.303738726999939],[-78.05513486299998,-9.30638997699998],[-78.05365423699999,-9.310381851999978],[-78.05475123699995,-9.316069102999904],[-78.05371098799998,-9.320845726999949],[-78.05396486199999,-9.324199227999884],[-78.0577422369999,-9.327273351999963],[-78.05974798699992,-9.330849601999887],[-78.06058111199997,-9.334211976999939],[-78.05964586199991,-9.335499727999888],[-78.05359161199993,-9.336791726999934],[-78.05130861199996,-9.340944976999879],[-78.04941211199997,-9.342905727999948],[-78.04227361199997,-9.353331477999973],[-78.03887336199995,-9.35461860199996],[-78.03268011199998,-9.36005910299997],[-78.03088286199994,-9.360787726999945],[-78.03005373699989,-9.363157476999902],[-78.02757061199998,-9.3651282269999],[-78.01873911199988,-9.367685352999956],[-78.01662611199993,-9.367733976999943],[-78.01028711299989,-9.372664226999973],[-78.00800411199992,-9.376355976999946],[-78.00331648699995,-9.380970602999923],[-78.00458936199993,-9.383979851999982],[-78.00710011199999,-9.386582976999875],[-78.00952448799995,-9.39033335199997],[-78.01403223699998,-9.394471977999899],[-78.01657761299998,-9.394802226999957],[-78.02048298699992,-9.399037976999978],[-78.02296923699993,-9.399922227999923],[-78.03121611199998,-9.40660047699987],[-78.03388148699997,-9.409996726999964],[-78.03091198799996,-9.41104972699992],[-78.03017911199998,-9.418492351999873],[-78.0271843619999,-9.421644102999892],[-78.02014861199996,-9.42450810299988],[-78.01562586199992,-9.428879976999951],[-78.01274961199982,-9.430575352999881],[-78.00949411199991,-9.43448435199997],[-78.00303298799992,-9.43676372799996],[-78.00046548699993,-9.441601727999966],[-77.99735073699998,-9.443950851999944],[-77.99586036199986,-9.44618647699997],[-77.99294948699998,-9.44660560299991],[-77.98505498699996,-9.44260022799989],[-77.97990848699999,-9.439596101999939],[-77.97476198699997,-9.432874226999957],[-77.97238661199998,-9.43163172699991],[-77.96973186199989,-9.427765976999979],[-77.96262911199989,-9.423760602999948],[-77.95580586199998,-9.422898977999978],[-77.95268123699998,-9.42020985199997],[-77.94956486199999,-9.412582602999919],[-77.94781823699998,-9.410882601999958],[-77.94194986199989,-9.408297726999876],[-77.94139098699992,-9.405829226999913],[-77.9329084869999,-9.398981976999949],[-77.93269336199995,-9.394906227999968],[-77.92939848699996,-9.407111351999959],[-77.92659548699999,-9.411575977999973],[-77.91898636199994,-9.418931601999816],[-77.91777348699998,-9.424037102999932],[-77.91349798699997,-9.429519477999918],[-77.91114261199994,-9.43064447799992],[-77.91031448699994,-9.435951226999975],[-77.90747461199987,-9.439146477999941],[-77.9026486119999,-9.440812476999952],[-77.90099611199992,-9.442234352999947],[-77.90158186199989,-9.44809197799998],[-77.90492386199992,-9.452771477999931],[-77.90599011199998,-9.456205101999899],[-77.9080759879999,-9.457740351999917],[-77.91138673799998,-9.458671852999885],[-77.91418948699999,-9.462867227999936],[-77.91473636199993,-9.467468601999883],[-77.91815623699995,-9.471488226999952],[-77.9237968619999,-9.47566010199995],[-77.92644136299987,-9.478619102999915],[-77.93233973699995,-9.481017477999956],[-77.92923211199991,-9.48405385299992],[-77.92595073699994,-9.484904976999928],[-77.92096511199998,-9.48482785199991],[-77.91535173699998,-9.487634476999972],[-77.91583573699995,-9.49102185199996],[-77.91903448699986,-9.497604476999868],[-77.91831536199993,-9.499767101999907],[-77.92191211199992,-9.498451102999923],[-77.92821511199998,-9.498672351999915],[-77.93375186199995,-9.508223851999844],[-77.93579886199996,-9.515433601999973],[-77.93509536199991,-9.517723226999976],[-77.93666011199991,-9.521660101999942],[-77.93579873699997,-9.525276352999981],[-77.93633386199991,-9.528074352999965],[-77.93923686199997,-9.530232227999875],[-77.94487748699999,-9.536961976999976],[-77.94679298699998,-9.539974601999859],[-77.95255073699991,-9.538570352999955],[-77.9550859869999,-9.534980477999909],[-77.95774798699989,-9.533224602999951],[-77.96483011199996,-9.532451226999967],[-77.97114273699992,-9.531023476999962],[-77.97626948699991,-9.533716726999955],[-77.97949611199988,-9.534330102999945],[-77.98143361199999,-9.536193352999874],[-77.98354886199996,-9.535578102999978],[-77.99229886199998,-9.536154352999972],[-77.9911936129999,-9.538197601999912],[-77.98432936199993,-9.540384852999978],[-77.9829086119999,-9.541876976999959],[-77.98191686199993,-9.545263477999924],[-77.97781923699989,-9.547321726999883],[-77.97415198699997,-9.550483851999957],[-77.97271123699994,-9.555516976999911],[-77.97158023699996,-9.556937476999963],[-77.97177573699997,-9.560194727999885],[-77.9743017369999,-9.567211226999916],[-77.97471336199993,-9.56986810299992],[-77.97198161199998,-9.572169477999921],[-77.9718693619999,-9.573647602999927],[-77.96773423699989,-9.57884922799991],[-77.96277936199994,-9.58290285299995],[-77.96075523699994,-9.586202476999915],[-77.9592583619999,-9.590449726999964],[-77.9586596119999,-9.595277102999887],[-77.95995061199989,-9.60049735299998],[-77.95890286199989,-9.605399602999967],[-77.95926436199994,-9.607863351999981],[-77.96137261199993,-9.61303347699993],[-77.96079261199992,-9.615372352999884],[-77.96481536199997,-9.621022976999882],[-77.96890736199998,-9.624970977999965],[-77.96987661199995,-9.628550602999951],[-77.97239298699998,-9.631872727999848],[-77.9760333619999,-9.639046851999979],[-77.98708398699995,-9.644134727999926],[-77.98928898799988,-9.644441351999888],[-77.98978323699998,-9.648953102999883],[-77.9910819879999,-9.652591852999876],[-77.9941016119999,-9.656414102999918],[-77.99668548699998,-9.65841410299987],[-77.99759973699997,-9.66089060299987],[-78.00262886299998,-9.666818352999883],[-78.00609373699996,-9.680642601999978],[-78.00809373799996,-9.68315235199998],[-78.01154098799998,-9.685396477999973],[-78.01919723699996,-9.686455102999957],[-78.02136723699988,-9.68832622799988],[-78.02725198699989,-9.68796285299993],[-78.03655073799996,-9.688603476999901],[-78.04189061299991,-9.689902352999923],[-78.0463144869999,-9.689156227999831],[-78.05538673699988,-9.68972260299995],[-78.05826561199996,-9.689167977999887],[-78.06282561199993,-9.693857352999942],[-78.06509311199989,-9.697995976999891],[-78.06841886199999,-9.698996102999956],[-78.06927423699989,-9.70223010299992],[-78.07130823699998,-9.703043726999852],[-78.07419198699989,-9.70931272799993],[-78.07604386199995,-9.710530352999967],[-78.07722798699996,-9.713900727999942],[-78.07937786199994,-9.715886602999944],[-78.08740423699993,-9.720489976999886],[-78.08958361199996,-9.720756851999965],[-78.09741023699996,-9.719016352999972],[-78.10584373699999,-9.718544976999965],[-78.10816786299984,-9.717830727999967],[-78.11625598699999,-9.712877227999968],[-78.12284873799996,-9.711369477999938],[-78.12730898699994,-9.712720227999966],[-78.12882598699997,-9.71221460199996],[-78.14047336199991,-9.713722601999962],[-78.14482773699996,-9.714579102999949],[-78.15056236199996,-9.721431976999952],[-78.15951248799996,-9.729437102999952],[-78.16487173699988,-9.737155601999916],[-78.17066261299988,-9.74179535299993],[-78.17422098699996,-9.748275601999921],[-78.17509373799993,-9.748955101999911],[-78.18114486299999,-9.749161601999958],[-78.19282698799992,-9.757627851999928],[-78.19533348699991,-9.759865727999909],[-78.20079773699996,-9.760785477999889],[-78.20366311299989,-9.764527852999947],[-78.20877886299996,-9.766334727999947],[-78.21640823699983,-9.775154351999959],[-78.21972661199993,-9.776972602999933],[-78.22219811299988,-9.779826352999976],[-78.22308811199997,-9.786051351999902],[-78.22514398699991,-9.789135227999964],[-78.22476536199991,-9.79281422799994],[-78.22621098699989,-9.795281227999965],[-78.23147661199994,-9.789585977999877],[-78.23456261199993,-9.787624977999883],[-78.23591598699988,-9.782648477999885],[-78.23919536199998,-9.781498102999933],[-78.24319723699989,-9.775453102999904],[-78.24585348699986,-9.770496102999914],[-78.25986136299997,-9.759261727999956],[-78.26344536299996,-9.757753852999883],[-78.26580286199999,-9.76004097699996],[-78.26715036199994,-9.757105477999971],[-78.2720097379999,-9.75607035299987],[-78.27315411199999,-9.754408227999932],[-78.27421873699996,-9.749853476999931],[-78.27458198699992,-9.744453101999909],[-78.27558986199989,-9.742626977999976],[-78.27919336199989,-9.741816351999887],[-78.27940423699994,-9.740363227999921],[-78.2832187379999,-9.736191352999981],[-78.28624223699995,-9.73631635299995],[-78.28589261199988,-9.733267602999831],[-78.28784373799994,-9.729814476999934],[-78.28965423699998,-9.728714851999882],[-78.29218361199992,-9.729242227999919],[-78.29477536299999,-9.723968727999932],[-78.29592573799994,-9.71916210199987],[-78.29356636299997,-9.71674997699995],[-78.29414448699998,-9.711874977999912],[-78.29373636199989,-9.709396477999917],[-78.29434173799996,-9.705425727999852],[-78.29782611199988,-9.703636727999879],[-78.29827336299996,-9.698841852999976],[-78.29951361299999,-9.696496102999959],[-78.3033301129999,-9.697310602999949],[-78.30427536199988,-9.69534760299996],[-78.30646873699999,-9.69444335199995],[-78.30451561199993,-9.691437477999955],[-78.30512498799993,-9.68806247799995],[-78.30760936299998,-9.683935602999952],[-78.31137698799995,-9.682918102999963],[-78.31429686299987,-9.681050727999946],[-78.31761323799998,-9.682665976999886],[-78.31932223699982,-9.681281227999818],[-78.31881048699995,-9.676958852999917]]]},"properties":{"ubigeo":"020500","nombre":"CASMA"}},{"type":"Feature","geometry":{"type":"Polygon","coordinates":[[[-77.78238573699991,-8.668479726999976],[-77.78725586199988,-8.66409185099991],[-77.79208398699996,-8.66131835099992],[-77.80280786199995,-8.661157351999918],[-77.80679961199996,-8.662472851999894],[-77.81097273699999,-8.662019226999917],[-77.81465423699996,-8.664929726999958],[-77.82351686199996,-8.66749022599987],[-77.83013086199992,-8.670488225999975],[-77.83130273699999,-8.672005850999938],[-77.83437111199993,-8.671290976999956],[-77.83687111199993,-8.67238085199989],[-77.84043548699998,-8.676681601999917],[-77.85068361199995,-8.678574226999956],[-77.85434173699986,-8.679722476999927],[-77.85931836199995,-8.682187475999967],[-77.87007423699993,-8.683144475999882],[-77.8732929869999,-8.682453101999897],[-77.8754999869999,-8.68390822699996],[-77.87995111299995,-8.684037101999934],[-77.88145511199997,-8.688552725999898],[-77.88551173699994,-8.69649022699997],[-77.8878203619999,-8.699136726999882],[-77.88987111199998,-8.704894476999868],[-77.88963486199998,-8.706206851999923],[-77.89433798699997,-8.710705101999963],[-77.89983786199986,-8.711738101999913],[-77.90508398699995,-8.714861351999957],[-77.90686911199987,-8.721585975999915],[-77.90891211199988,-8.72513085199995],[-77.91186136199991,-8.728369101999931],[-77.9129218619999,-8.732669975999954],[-77.90997086199991,-8.73870897699993],[-77.91063673699995,-8.740249976999905],[-77.9153573619999,-8.740113226999938],[-77.9184531119999,-8.74450785199997],[-77.91854298699997,-8.746861351999883],[-77.92099998699996,-8.747496101999843],[-77.92372261199989,-8.743699101999937],[-77.92441798699997,-8.7398906009999],[-77.93059961199992,-8.736201226999924],[-77.93479873699982,-8.733115226999928],[-77.93614448699998,-8.731081976999917],[-77.94073636199994,-8.728515601999959],[-77.94199998799996,-8.725029351999979],[-77.9419707369999,-8.721371101999978],[-77.94395511199997,-8.718490226999904],[-77.94756636199998,-8.710214851999979],[-77.9494804869999,-8.7075722269999],[-77.9527812369999,-8.705837851999945],[-77.9558632369999,-8.701949226999886],[-77.95612486199997,-8.699363226999878],[-77.96107223699988,-8.699314475999927],[-77.96584173699989,-8.69737110099993],[-77.97202736199995,-8.692001976999961],[-77.97210936199997,-8.688623100999962],[-77.97273636199998,-8.68745310099996],[-77.97825186199998,-8.684619100999953],[-77.98089061199988,-8.684328101999938],[-77.98377148699996,-8.682371101999934],[-77.98712298699996,-8.68376372699987],[-77.98899223699993,-8.683550726999954],[-77.99240423699996,-8.681011725999895],[-77.99402736199988,-8.678443351999931],[-77.99803123699996,-8.675115225999832],[-78.0022148619999,-8.673197226999946],[-78.00491598699995,-8.673632851999912],[-78.00575786199988,-8.672253850999937],[-78.00540823799997,-8.668952976999947],[-78.00884173699995,-8.66697847599994],[-78.01674223699996,-8.66691010199986],[-78.01801561199994,-8.67024222699996],[-78.02216211199993,-8.674308601999883],[-78.02481048699997,-8.673808601999895],[-78.02757811199996,-8.67559572599987],[-78.03045511199997,-8.67573247699994],[-78.03586723699988,-8.672285101999876],[-78.04007223799994,-8.671787101999882],[-78.04529098699999,-8.665621100999942],[-78.04602148799995,-8.662956976999965],[-78.05269536199995,-8.66339272599987],[-78.0546367369999,-8.665341851999926],[-78.05708598699994,-8.664830101999883],[-78.05919723699992,-8.661609351999857],[-78.06291798699993,-8.661656351999909],[-78.0649492369999,-8.660240101999875],[-78.07279486299996,-8.656820351999897],[-78.07767773799992,-8.657081976999962],[-78.08105073699994,-8.659246101999884],[-78.08923236199996,-8.65941597699998],[-78.09011523699996,-8.660769476999974],[-78.09505473699994,-8.662558601999876],[-78.10275386199999,-8.660253851999869],[-78.10580273699998,-8.659820351999883],[-78.11109173699998,-8.655503851999981],[-78.11547661299988,-8.648535225999979],[-78.1170333629999,-8.642859476999945],[-78.12081136199993,-8.636954351999862],[-78.12166536299998,-8.632912101999977],[-78.12481561199996,-8.626364726999952],[-78.13048998699998,-8.617141601999947],[-78.12812398799997,-8.603285101999916],[-78.12177911299989,-8.59621147599995],[-78.11825198699995,-8.595764476999932],[-78.11243348699998,-8.596777350999957],[-78.10838336199998,-8.595215851999967],[-78.10412986199992,-8.597379976999889],[-78.09672373699993,-8.597525101999906],[-78.09408661199996,-8.595741976999932],[-78.09456611199994,-8.589396225999963],[-78.08975973699995,-8.586603476999812],[-78.08579711199991,-8.586255351999966],[-78.08308648699989,-8.583436726999878],[-78.08115236199984,-8.582707226999844],[-78.07851536299995,-8.579618101999927],[-78.0783749879999,-8.576394475999962],[-78.07987148699982,-8.571430600999918],[-78.07773673699995,-8.568868850999877],[-78.06817336199992,-8.564176851999889],[-78.06455136199992,-8.56379560199997],[-78.05700973699987,-8.561410101999968],[-78.05181836199995,-8.563564476999943],[-78.04942323699993,-8.559543101999907],[-78.04436848699993,-8.555883601999938],[-78.03735186199998,-8.554754226999819],[-78.03586998799994,-8.550132975999816],[-78.0343991119999,-8.548843476999878],[-78.0322283619999,-8.544256100999917],[-78.02944061299996,-8.542096225999899],[-78.0261816119999,-8.542060975999846],[-78.0183691119999,-8.538537101999964],[-78.01490173699989,-8.536798475999888],[-78.01167986199994,-8.536312601999953],[-78.00237186199996,-8.537105225999937],[-77.99720661199996,-8.531760850999888],[-77.99279886199986,-8.532410101999972],[-77.99025786199991,-8.529501976999939],[-77.98841798699993,-8.525515601999928],[-77.98648048699994,-8.524083975999929],[-77.98344911199996,-8.517696601999887],[-77.98381373699993,-8.513440726999931],[-77.98281048699994,-8.511843725999881],[-77.97978123699994,-8.511958976999892],[-77.9794724869999,-8.50931535199993],[-77.97607673699997,-8.506288350999966],[-77.97201398699997,-8.507339351999974],[-77.96831873699995,-8.504084725999974],[-77.96762336199998,-8.500131475999979],[-77.96823923699992,-8.49230972699985],[-77.9695722379999,-8.48865272699993],[-77.97339298699995,-8.484048601999973],[-77.97639861199985,-8.478673725999954],[-77.97593898799994,-8.475774101999946],[-77.9710504869999,-8.477031601999954],[-77.96553861299986,-8.48070410199989],[-77.95188373699989,-8.481036351999933],[-77.94895886199993,-8.480830726999955],[-77.94743836199996,-8.47623385099996],[-77.94110986199985,-8.471470850999935],[-77.94155861199994,-8.466646476999927],[-77.93901948699988,-8.462447225999938],[-77.93618398699994,-8.461587225999892],[-77.93472261199992,-8.459298851999904],[-77.93371673699983,-8.454826225999966],[-77.93392186199992,-8.449294976999965],[-77.92633786199991,-8.45441997599994],[-77.91983011199994,-8.456113225999957],[-77.91631248699997,-8.457982476999973],[-77.91517573699997,-8.455931601999964],[-77.90996048699992,-8.45480110199992],[-77.90702998699993,-8.452796100999933],[-77.90568598799996,-8.449028350999868],[-77.9033724869999,-8.447574101999976],[-77.90220473699992,-8.445150350999882],[-77.89904886199992,-8.443818351999823],[-77.89753361199996,-8.440567475999956],[-77.89218211199994,-8.441654601999915],[-77.88893873699999,-8.440949475999957],[-77.88593511199997,-8.44282497599994],[-77.88064386199989,-8.439812851999875],[-77.88250898699994,-8.435969601999943],[-77.88196823699997,-8.43041997599994],[-77.87945511199996,-8.427865225999938],[-77.88029136199992,-8.418980726999905],[-77.87713661199996,-8.409318851999899],[-77.878019237,-8.401502100999949],[-77.87688873699994,-8.39809085099995],[-77.86787573699985,-8.396743725999954],[-77.86229786199993,-8.393644976999894],[-77.86073473699997,-8.393372100999954],[-77.85574773699994,-8.401540600999908],[-77.85353073699997,-8.403314100999921],[-77.84971948699996,-8.401875225999902],[-77.84349461199997,-8.397358850999979],[-77.83964698699992,-8.395424975999902],[-77.8363792369999,-8.392301100999873],[-77.83041823699989,-8.390972225999974],[-77.8278281119999,-8.388720725999974],[-77.82395623699989,-8.388639101999956],[-77.81935823699996,-8.38616047599993],[-77.81738323699989,-8.38576547699995],[-77.81424798699999,-8.386939476999942],[-77.80926198699996,-8.385277850999842],[-77.8056237369999,-8.381298350999884],[-77.80208911199992,-8.379028225999946],[-77.79885936199997,-8.38118735199987],[-77.79596336199995,-8.383649225999932],[-77.79192061199996,-8.388826726999923],[-77.79064398699995,-8.391923725999959],[-77.78622298699997,-8.39785785099997],[-77.78411023699994,-8.401524100999893],[-77.78218161199999,-8.403240225999866],[-77.77913061199996,-8.402893350999932],[-77.77692261199996,-8.39770160099988],[-77.7745429869999,-8.395867226999883],[-77.77166798699994,-8.39648435099997],[-77.76708198699993,-8.399128851999933],[-77.76536523699991,-8.401029350999977],[-77.75915361199998,-8.40336622599989],[-77.75919023699998,-8.406235101999926],[-77.76061973699996,-8.410401850999904],[-77.75860873699997,-8.413728351999907],[-77.75543161199994,-8.416339850999975],[-77.75522911199988,-8.418685851999953],[-77.75738473699988,-8.420988226999896],[-77.76175411199995,-8.422042976999876],[-77.7616596119999,-8.425589226999932],[-77.76506836199997,-8.428080100999978],[-77.76481473699994,-8.440994475999958],[-77.75632611199995,-8.447126975999936],[-77.75165848699993,-8.453295101999913],[-77.74139773699989,-8.459995475999904],[-77.73885348699997,-8.465084850999915],[-77.73932036199994,-8.472273475999827],[-77.73578411199992,-8.477486101999887],[-77.72544786199995,-8.48387185099989],[-77.72258173699993,-8.486842101999969],[-77.71832611099995,-8.489742850999903],[-77.71745036199991,-8.493702975999952],[-77.71764586199998,-8.49675347699997],[-77.71591573699993,-8.499351351999906],[-77.71500911199996,-8.502521226999932],[-77.71083786199989,-8.506013851999967],[-77.70415661199996,-8.509871226999906],[-77.70401723599991,-8.513272725999968],[-77.71011323699997,-8.518351601999939],[-77.71196336199995,-8.522361851999904],[-77.70859573699994,-8.527433601999974],[-77.70848048699997,-8.530931600999963],[-77.71383136199995,-8.536915850999947],[-77.71385923699995,-8.541599851999877],[-77.70745998699994,-8.546009726999955],[-77.70418436199998,-8.547006225999894],[-77.69857448699997,-8.551722225999924],[-77.69458086199995,-8.553789100999893],[-77.69102498699988,-8.557592226999873],[-77.69224486199994,-8.56294447599987],[-77.69070761099994,-8.566992850999895],[-77.69055273699996,-8.569511600999931],[-77.69020761199994,-8.572410476999892],[-77.68866061199992,-8.576356975999943],[-77.69393161199997,-8.579400226999951],[-77.69610148699996,-8.582961850999936],[-77.70394473699997,-8.582849851999981],[-77.70656211199997,-8.583365976999971],[-77.70915098699993,-8.586270600999967],[-77.71032148699999,-8.590814101999968],[-77.70733086199988,-8.594005851999952],[-77.69959973699997,-8.597833600999934],[-77.69566223699996,-8.602331351999965],[-77.69673436199997,-8.6033473519999],[-77.70068948699998,-8.603811351999923],[-77.70311998699992,-8.606772101999923],[-77.70513073699993,-8.607545476999974],[-77.70862198699996,-8.612295975999928],[-77.70793686199994,-8.614107976999946],[-77.70477723699997,-8.616162851999945],[-77.7023908619999,-8.621067850999907],[-77.70303161199996,-8.624978975999966],[-77.70181636099989,-8.627453601999889],[-77.70301761199988,-8.629798850999975],[-77.70528536199993,-8.629928351999922],[-77.70760536199998,-8.631961100999888],[-77.71235598699991,-8.631165726999882],[-77.71363748699997,-8.631828600999938],[-77.71502948699998,-8.636623351999901],[-77.71615648599999,-8.644400976999975],[-77.721437112,-8.650057475999972],[-77.72190123699994,-8.65281947699998],[-77.72073023699994,-8.65653147699993],[-77.73016511199995,-8.65527210199997],[-77.73699261199982,-8.661900725999885],[-77.74110698699997,-8.65899060199996],[-77.74369911199994,-8.65951447599997],[-77.74865636199996,-8.659186850999959],[-77.75287111199998,-8.663379975999874],[-77.75885473699992,-8.664253351999946],[-77.75964086199997,-8.666502726999965],[-77.76317598699995,-8.669869101999893],[-77.77247061199995,-8.673824476999869],[-77.77643948699995,-8.669452726999907],[-77.78238573699991,-8.668479726999976]]]},"properties":{"ubigeo":"020600","nombre":"CORONGO"}},{"type":"Feature","geometry":{"type":"Polygon","coordinates":[[[-77.78391823699997,-9.122255476999953],[-77.78019311199995,-9.134775601999877],[-77.78134723699998,-9.13937847699998],[-77.78085648699994,-9.142515101999948],[-77.78151798699997,-9.147700351999902],[-77.77985361199984,-9.15442197699997],[-77.77940536199998,-9.15902247699995],[-77.78052498699998,-9.163671976999979],[-77.78029523699996,-9.17006947699997],[-77.77912811199985,-9.17460772699991],[-77.77902923699992,-9.178417976999981],[-77.77718636199995,-9.181542601999979],[-77.77731448699996,-9.185980976999929],[-77.77932036199996,-9.189214851999964],[-77.7800819869999,-9.193056602999945],[-77.77957623699996,-9.194964352999875],[-77.78102911199994,-9.198081976999902],[-77.78128323699991,-9.205035976999966],[-77.78054023699997,-9.209131101999958],[-77.78260536199997,-9.212974226999961],[-77.78230686199998,-9.217219352999905],[-77.78714286199988,-9.219481351999946],[-77.78977586199994,-9.224560351999969],[-77.79752161199991,-9.229190726999946],[-77.80050898699994,-9.228145102999918],[-77.80385748699996,-9.224286476999964],[-77.81077373699998,-9.22475772699994],[-77.81546698699998,-9.226587476999839],[-77.81634348699993,-9.221268351999981],[-77.81862798699996,-9.220456726999885],[-77.82311148699989,-9.222156226999914],[-77.82741598699994,-9.220498101999965],[-77.8295587369999,-9.217251976999933],[-77.83632736199996,-9.21679372799997],[-77.83947073699989,-9.217574226999943],[-77.84109048699997,-9.22017385199996],[-77.84165461199996,-9.22331672699994],[-77.84910361199996,-9.228770851999911],[-77.84928711199996,-9.235626227999944],[-77.85244761199988,-9.241609101999927],[-77.85876836199992,-9.246836601999973],[-77.86126761199995,-9.251189601999897],[-77.86339948699992,-9.25132872699993],[-77.87286086199992,-9.249996976999967],[-77.87671686199997,-9.25035485199993],[-77.88108973699991,-9.253495351999959],[-77.88524886199997,-9.25784572699996],[-77.88609173699996,-9.259771476999958],[-77.88976461199996,-9.25856947699998],[-77.89512698699997,-9.261451351999938],[-77.90010661199989,-9.254842602999815],[-77.90342973699995,-9.252761727999939],[-77.91128723699995,-9.252792726999928],[-77.91822073699996,-9.252193351999892],[-77.92372886199996,-9.249612602999889],[-77.92782611199993,-9.246117226999957],[-77.93888086199996,-9.246794977999969],[-77.94191986199996,-9.247619101999874],[-77.9450201119999,-9.246446227999911],[-77.94989286199996,-9.246795601999963],[-77.9516586119999,-9.249263226999915],[-77.95478136199995,-9.250704476999886],[-77.95573686199992,-9.252596352999944],[-77.95845098699988,-9.253986352999846],[-77.96307936199997,-9.25177447699997],[-77.96727073699998,-9.251780226999927],[-77.97122461199996,-9.250507851999885],[-77.97541736199992,-9.244044101999918],[-77.97911661199993,-9.244302352999966],[-77.98634948699993,-9.245726726999976],[-77.99378236299998,-9.244808476999935],[-77.99649011199989,-9.243629226999872],[-78.00002761199994,-9.243257977999974],[-78.00485373699996,-9.246402476999947],[-78.00928661199998,-9.24777822699997],[-78.0132391119999,-9.24801847699996],[-78.01994311199991,-9.247210476999896],[-78.02421473699997,-9.24837335199993],[-78.03079611199996,-9.245703601999935],[-78.03566598699996,-9.24541822699996],[-78.0371676119999,-9.243706976999931],[-78.04255661299993,-9.241621102999943],[-78.04683673699998,-9.235941726999954],[-78.05155123699996,-9.232891226999868],[-78.05502948799989,-9.232689226999923],[-78.05900111199998,-9.231163351999896],[-78.06099811199994,-9.225216976999945],[-78.06043723699997,-9.221491976999914],[-78.06512761199997,-9.216554851999888],[-78.06775236199991,-9.2148051019999],[-78.0695513629999,-9.210933851999869],[-78.0660917379999,-9.209706601999926],[-78.06537198699988,-9.206616851999911],[-78.06665348799993,-9.202140226999973],[-78.06535048699988,-9.199002601999894],[-78.06691686199997,-9.194626352999933],[-78.06681148699994,-9.185971476999953],[-78.06921123799992,-9.180494976999967],[-78.07346361199995,-9.17423522699994],[-78.06361811299996,-9.17433722699991],[-78.05728911299997,-9.17507035199992],[-78.05248236199998,-9.176591851999945],[-78.04559711199988,-9.17667072699993],[-78.03820498699997,-9.173011102999965],[-78.03132536199996,-9.174163601999965],[-78.02132686199985,-9.17145710299991],[-78.0167696119999,-9.168722726999874],[-78.01709773699997,-9.166936226999951],[-78.02216536199995,-9.166936226999951],[-78.02628511199993,-9.165295727999933],[-78.03230186199994,-9.154675601999884],[-78.03266698699997,-9.15188335299996],[-78.03587173699998,-9.14544322699993],[-78.03761973699994,-9.144952601999933],[-78.04256773799989,-9.14547947699998],[-78.04460411199989,-9.143844601999831],[-78.04781973699994,-9.142914976999919],[-78.051728987,-9.140844602999948],[-78.05280711199987,-9.137059101999967],[-78.06222286199989,-9.12843397699993],[-78.06080373799989,-9.122042976999921],[-78.05932386199993,-9.120000601999948],[-78.06155736199997,-9.116384226999969],[-78.05847861199999,-9.110414226999922],[-78.05847073699994,-9.10525197699991],[-78.05673773699993,-9.10117547799996],[-78.05696673699987,-9.098589226999934],[-78.06070798699989,-9.091388601999938],[-78.05932573699994,-9.086125726999967],[-78.0525833619999,-9.08189172699997],[-78.05027723799998,-9.079648726999892],[-78.04382436199995,-9.076130226999908],[-78.04049923699989,-9.074996601999942],[-78.03495111199993,-9.069410101999893],[-78.03064236199992,-9.066016476999948],[-78.03045286299988,-9.06502135199986],[-78.02395248699992,-9.06034122699998],[-78.0217333619999,-9.056514976999892],[-78.02100211199996,-9.050784976999921],[-78.01528998799995,-9.047178226999904],[-78.01048348699999,-9.041531101999965],[-78.0097299869999,-9.0378303519999],[-78.00837586199998,-9.036446226999942],[-78.00459761199988,-9.029626976999907],[-78.00001561199991,-9.026439601999869],[-77.99854298699995,-9.024212101999979],[-77.9971631119999,-9.017221851999977],[-77.98986186199994,-9.01358635199989],[-77.97993386199988,-9.01270697699988],[-77.97721098699992,-9.009941351999942],[-77.97796248699984,-9.007998351999959],[-77.97376448699993,-9.004721976999917],[-77.97149523699994,-8.999857476999864],[-77.96689986299998,-8.996666351999977],[-77.96538248699989,-8.99382985199992],[-77.96351036199991,-8.992681101999835],[-77.96412023699992,-8.990454351999972],[-77.9572274869999,-8.986242101999949],[-77.95598636199998,-8.98223435199992],[-77.95263211199983,-8.981788851999909],[-77.94739648699988,-8.97846147699994],[-77.94244398699993,-8.978575476999879],[-77.94352948699992,-8.974898976999953],[-77.94187886199995,-8.970837851999931],[-77.94213086199994,-8.96869535199994],[-77.94644811299992,-8.96299935199994],[-77.9505443619999,-8.960224226999912],[-77.95161961299988,-8.95841147699997],[-77.95539848699991,-8.955943476999948],[-77.95517298699991,-8.952533226999947],[-77.95395448699998,-8.950904976999936],[-77.95231598699996,-8.945446851999975],[-77.95048286199989,-8.942128601999968],[-77.94611011199993,-8.937356476999923],[-77.9467482369999,-8.935505476999879],[-77.9457209869999,-8.930269976999966],[-77.94030598699993,-8.926109476999954],[-77.94197298699993,-8.920022476999918],[-77.94600686199993,-8.918486351999945],[-77.9480507369999,-8.913515601999961],[-77.95099248699995,-8.90887560199991],[-77.95607048699992,-8.907343726999898],[-77.95702511199994,-8.905868851999912],[-77.9553726119999,-8.901823476999937],[-77.95627623699988,-8.898893226999974],[-77.96011023699998,-8.89686647699989],[-77.96160773699995,-8.894684851999955],[-77.96205686199988,-8.890693976999955],[-77.97268361199997,-8.883432601999914],[-77.97653361199991,-8.88380435199997],[-77.97988786199988,-8.885274975999948],[-77.9833659869999,-8.880417100999978],[-77.98048711199993,-8.87840485199996],[-77.97848361199988,-8.874029226999937],[-77.97936561199992,-8.870422851999933],[-77.98254798699998,-8.865234726999972],[-77.98363473699993,-8.859517601999869],[-77.98503448699995,-8.85622797699989],[-77.98656973699997,-8.85551535199994],[-77.98672036199997,-8.847346976999972],[-77.99385973699998,-8.845086351999953],[-77.99724923699995,-8.84585335199995],[-77.99949711199991,-8.844390476999934],[-78.00077148699995,-8.841919976999975],[-77.99363611199993,-8.836053976999949],[-77.99349648799995,-8.831985226999905],[-77.99247411199997,-8.829721725999946],[-77.98911573799995,-8.82802510199997],[-77.98850236199996,-8.822415976999878],[-77.99099736199992,-8.816148225999882],[-77.99112973699994,-8.812120726999979],[-77.99213036199995,-8.810228601999938],[-77.99490448699999,-8.808280226999898],[-77.99245298699992,-8.80524022599991],[-77.99145273799996,-8.79939247699997],[-77.99581248699997,-8.79813872699998],[-78.00222186199994,-8.787622351999971],[-78.00217386199989,-8.783896476999871],[-78.00379536199995,-8.779304976999981],[-78.00834886199993,-8.773787101999915],[-78.01019948699997,-8.770458976999976],[-78.01459411199994,-8.766355976999876],[-78.01528986199986,-8.761675975999879],[-78.01465736299991,-8.759509976999936],[-78.01528986199986,-8.755683726999962],[-78.01344761199994,-8.751760851999904],[-78.01377198699993,-8.749501601999953],[-78.00979311199995,-8.746053976999974],[-78.00645873699995,-8.73996672699991],[-78.00675198699997,-8.736947976999886],[-78.00439623699992,-8.732236351999973],[-78.0047847379999,-8.728645226999845],[-78.0011402369999,-8.726500351999903],[-78.00007373699987,-8.72453197699997],[-77.99993011199996,-8.720831601999919],[-77.99880848699996,-8.717890976999968],[-77.99812723699995,-8.71233510199994],[-77.99550623799996,-8.707153476999906],[-77.98689473699994,-8.700179351999907],[-77.98645111199988,-8.694988226999953],[-77.98298911199998,-8.693170350999878],[-77.97922123699988,-8.692385726999873],[-77.97202736199995,-8.692001976999961],[-77.96584173699989,-8.69737110099993],[-77.96107223699988,-8.699314475999927],[-77.95612486199997,-8.699363226999878],[-77.9558632369999,-8.701949226999886],[-77.9527812369999,-8.705837851999945],[-77.9494804869999,-8.7075722269999],[-77.94756636199998,-8.710214851999979],[-77.94395511199997,-8.718490226999904],[-77.9419707369999,-8.721371101999978],[-77.94199998799996,-8.725029351999979],[-77.94073636199994,-8.728515601999959],[-77.93614448699998,-8.731081976999917],[-77.93479873699982,-8.733115226999928],[-77.93059961199992,-8.736201226999924],[-77.92441798699997,-8.7398906009999],[-77.92372261199989,-8.743699101999937],[-77.92099998699996,-8.747496101999843],[-77.91854298699997,-8.746861351999883],[-77.9184531119999,-8.74450785199997],[-77.9153573619999,-8.740113226999938],[-77.91063673699995,-8.740249976999905],[-77.90997086199991,-8.73870897699993],[-77.9129218619999,-8.732669975999954],[-77.91186136199991,-8.728369101999931],[-77.90891211199988,-8.72513085199995],[-77.90686911199987,-8.721585975999915],[-77.90508398699995,-8.714861351999957],[-77.89983786199986,-8.711738101999913],[-77.89433798699997,-8.710705101999963],[-77.88963486199998,-8.706206851999923],[-77.88987111199998,-8.704894476999868],[-77.8878203619999,-8.699136726999882],[-77.88551173699994,-8.69649022699997],[-77.88145511199997,-8.688552725999898],[-77.87995111299995,-8.684037101999934],[-77.8754999869999,-8.68390822699996],[-77.8732929869999,-8.682453101999897],[-77.87007423699993,-8.683144475999882],[-77.85931836199995,-8.682187475999967],[-77.85434173699986,-8.679722476999927],[-77.85068361199995,-8.678574226999956],[-77.84043548699998,-8.676681601999917],[-77.83687111199993,-8.67238085199989],[-77.83437111199993,-8.671290976999956],[-77.83130273699999,-8.672005850999938],[-77.83013086199992,-8.670488225999975],[-77.82351686199996,-8.66749022599987],[-77.81465423699996,-8.664929726999958],[-77.81097273699999,-8.662019226999917],[-77.80679961199996,-8.662472851999894],[-77.80280786199995,-8.661157351999918],[-77.79208398699996,-8.66131835099992],[-77.78725586199988,-8.66409185099991],[-77.78238573699991,-8.668479726999976],[-77.77643948699995,-8.669452726999907],[-77.77247061199995,-8.673824476999869],[-77.76317598699995,-8.669869101999893],[-77.75964086199997,-8.666502726999965],[-77.75885473699992,-8.664253351999946],[-77.75287111199998,-8.663379975999874],[-77.74865636199996,-8.659186850999959],[-77.74369911199994,-8.65951447599997],[-77.74110698699997,-8.65899060199996],[-77.73699261199982,-8.661900725999885],[-77.73016511199995,-8.65527210199997],[-77.72073023699994,-8.65653147699993],[-77.71627011199996,-8.663454226999932],[-77.71229423699998,-8.66582922699996],[-77.70946173699997,-8.668468101999963],[-77.70528448699997,-8.67039510199993],[-77.70077298699988,-8.673238351999942],[-77.69577461199992,-8.67819697699997],[-77.69098936199998,-8.68189135199998],[-77.68637998699995,-8.682436726999981],[-77.68330123699997,-8.684072851999872],[-77.68101423699989,-8.686500726999952],[-77.67584198699996,-8.690476725999929],[-77.6716902359999,-8.693045226999914],[-77.67279486199999,-8.698755350999875],[-77.67236698699998,-8.701255101999948],[-77.66377136199998,-8.70498435099995],[-77.66415398699996,-8.707328226999891],[-77.65958548699996,-8.714157351999972],[-77.65780436199992,-8.715245225999922],[-77.65583923699995,-8.720773350999934],[-77.65573073699994,-8.723484851999899],[-77.65282773699994,-8.723579976999872],[-77.64949648699996,-8.724817351999945],[-77.64535623699999,-8.724365226999907],[-77.6420963619999,-8.727648851999902],[-77.64178661199998,-8.731679976999942],[-77.63894023699999,-8.733954976999883],[-77.63386636199994,-8.733901101999948],[-77.62933548699993,-8.737295101999905],[-77.62609811099998,-8.738686351999945],[-77.6241984859999,-8.742779851999956],[-77.62133648599996,-8.746051351999938],[-77.6182054869999,-8.747809725999957],[-77.6143794869999,-8.750993601999937],[-77.61167736199997,-8.74727460199989],[-77.60924261199995,-8.74529472699993],[-77.60472111199994,-8.744117601999903],[-77.60138786199991,-8.745047601999943],[-77.59971773599995,-8.750859726999977],[-77.59757748599998,-8.75398997699989],[-77.59274311199988,-8.757665226999961],[-77.5896966119999,-8.764008475999958],[-77.58721536199994,-8.765808600999947],[-77.58388211199991,-8.76945960199987],[-77.58120098699999,-8.77111660099996],[-77.58167048699988,-8.774019725999892],[-77.58696423699996,-8.778032726999925],[-77.58474436199998,-8.783454600999903],[-77.58514998699997,-8.78548247699996],[-77.58861748599998,-8.79149747699995],[-77.58873611199994,-8.800446100999977],[-77.58679361199995,-8.802474101999849],[-77.58485111199991,-8.806828476999954],[-77.58043248699988,-8.811247101999982],[-77.58105148699985,-8.818333976999895],[-77.5857904859999,-8.81995635199985],[-77.58843723699988,-8.82326510199988],[-77.58907761199993,-8.826412851999976],[-77.59187948699997,-8.829178226999943],[-77.59599611199997,-8.83184672599998],[-77.59762498699996,-8.833767601999966],[-77.59635661199991,-8.841216976999931],[-77.59452086099998,-8.844077351999886],[-77.59574936199994,-8.848581601999967],[-77.59481973699997,-8.850203601999965],[-77.59509723699989,-8.855412101999889],[-77.59898661199992,-8.86324160099997],[-77.59864061199988,-8.866661351999937],[-77.60115948699996,-8.870781226999952],[-77.60829161199996,-8.872234226999979],[-77.60444248699997,-8.877948351999919],[-77.6048946109999,-8.882081601999971],[-77.60462611199989,-8.886709726999982],[-77.60078611199998,-8.888302850999935],[-77.59682373699997,-8.888731226999937],[-77.59092348699988,-8.887503851999952],[-77.5878202369999,-8.88738097699985],[-77.58158686199994,-8.892324101999918],[-77.57778298699998,-8.893766851999942],[-77.5742657369999,-8.900442976999955],[-77.57989786199988,-8.90874447699997],[-77.58316836199992,-8.917077476999964],[-77.58345936199993,-8.91898197699993],[-77.58230873699995,-8.923584851999976],[-77.58200448699984,-8.931282601999897],[-77.58539048699993,-8.935739851999926],[-77.58791936199992,-8.9407933519999],[-77.59220211199988,-8.943001226999968],[-77.6027037369999,-8.942192101999979],[-77.60399673699993,-8.94287397699992],[-77.61362448699987,-8.956515976999981],[-77.61300073699994,-8.958458851999978],[-77.61333636199998,-8.963755226999979],[-77.61453673699992,-8.966551101999926],[-77.6177461119999,-8.969872976999966],[-77.62071836199982,-8.975692351999896],[-77.61854536199996,-8.97835247699993],[-77.61758386199989,-8.981336976999955],[-77.61783361199997,-8.984071976999928],[-77.61456173699997,-8.993812601999934],[-77.61718423699995,-8.99622285199996],[-77.62240423699996,-8.99719697699993],[-77.6243681119999,-8.99907822699987],[-77.6293147369999,-9.001472351999894],[-77.63090861199998,-9.00407785199991],[-77.63235723599996,-9.00975997699993],[-77.6378839869999,-9.012521976999949],[-77.64462686199994,-9.013648851999903],[-77.64622923699994,-9.015785476999952],[-77.65561486199988,-9.018737101999932],[-77.65656886199992,-9.021874601999912],[-77.65952773699996,-9.025141851999877],[-77.66508661099994,-9.028297476999967],[-77.66949298599991,-9.034779351999873],[-77.67256473699996,-9.034461601999965],[-77.67845336199986,-9.032752976999916],[-77.68160636199997,-9.034461601999965],[-77.69200136199993,-9.044183476999933],[-77.69351511199994,-9.049737226999923],[-77.69667623699996,-9.05465797699992],[-77.69981448699997,-9.056933601999901],[-77.70618873699988,-9.058515101999944],[-77.71546198699997,-9.063608851999959],[-77.71961536199996,-9.06713535199998],[-77.72464048699999,-9.068458976999977],[-77.72651761099996,-9.07013485199991],[-77.72844723699995,-9.069587851999927],[-77.72873636199995,-9.067046851999919],[-77.73299936199999,-9.063858226999969],[-77.73802236199992,-9.06389010199996],[-77.7405973619999,-9.063286102999882],[-77.74504811199995,-9.064112601999966],[-77.74655248699997,-9.067528476999883],[-77.753711362,-9.070455601999981],[-77.75897236199995,-9.072143726999968],[-77.76431148699987,-9.075074976999929],[-77.76742586199998,-9.078925726999955],[-77.77055261199996,-9.080888726999888],[-77.77759848699992,-9.082869351999932],[-77.78294136199997,-9.083206976999975],[-77.77733786199997,-9.091064477999964],[-77.77654736199992,-9.093895726999904],[-77.77488861199998,-9.094939476999855],[-77.7759277369999,-9.097857476999877],[-77.77304061199993,-9.101712726999835],[-77.77693098699996,-9.108162976999893],[-77.78359311199989,-9.11691722699993],[-77.78391823699997,-9.122255476999953]]]},"properties":{"ubigeo":"020700","nombre":"HUAYLAS"}},{"type":"Feature","geometry":{"type":"Polygon","coordinates":[[[-77.15683186199993,-9.82764397799997],[-77.16218561099998,-9.827049227999964],[-77.16710773599993,-9.829386227999976],[-77.16813423699995,-9.831027352999968],[-77.17427323599992,-9.831258102999925],[-77.17817536099994,-9.833950976999915],[-77.1847463609999,-9.836938477999922],[-77.18713473599996,-9.83621285299995],[-77.18881286099992,-9.83403360299991],[-77.19690623599996,-9.832199102999937],[-77.20031948599996,-9.832161227999961],[-77.20282336199989,-9.83110122699992],[-77.20533323599983,-9.828494477999982],[-77.20509798599988,-9.822651602999883],[-77.20659473599994,-9.821206227999937],[-77.20968411099994,-9.824532227999896],[-77.21518073599998,-9.824718227999938],[-77.21693711199998,-9.82393297799996],[-77.22035323599994,-9.817460601999926],[-77.22153911099991,-9.811318227999891],[-77.22572473599985,-9.806639851999876],[-77.2350667369999,-9.806174976999955],[-77.23883961099989,-9.808904852999888],[-77.24269848599994,-9.808375977999901],[-77.2438477359999,-9.805732476999935],[-77.24203486199985,-9.803382477999946],[-77.24124723599988,-9.799395852999965],[-77.24129936199995,-9.791516102999879],[-77.23880898699991,-9.787718352999889],[-77.23848423599998,-9.785320727999931],[-77.23929673699996,-9.780400477999876],[-77.24339211099988,-9.778102602999923],[-77.24558361099992,-9.77383147799992],[-77.2449361109999,-9.771642477999933],[-77.24215286099991,-9.76862110299993],[-77.23975373699994,-9.762524727999846],[-77.23765736099995,-9.755829852999966],[-77.23501448599995,-9.754292977999967],[-77.23337236099997,-9.74993922699997],[-77.23079161199996,-9.747485102999974],[-77.23241086099989,-9.745094226999925],[-77.23082973599998,-9.741512102999934],[-77.23043748699996,-9.737061227999902],[-77.23357036099998,-9.728944227999932],[-77.23566836199996,-9.727401602999976],[-77.23598461199998,-9.72500985299996],[-77.23375098599996,-9.722558852999896],[-77.23345461099984,-9.719198602999882],[-77.23202023599998,-9.716157727999928],[-77.22777298699992,-9.713389227999926],[-77.22957348699998,-9.707096977999925],[-77.23159711099999,-9.705233602999954],[-77.24033548699992,-9.702905602999977],[-77.24300573699998,-9.701083851999954],[-77.25063086199992,-9.691861726999946],[-77.25143961199996,-9.688626727999974],[-77.25200761199989,-9.684784726999965],[-77.24979473699995,-9.68262072799996],[-77.2490604859999,-9.67981097799992],[-77.25253161199998,-9.676221727999973],[-77.25449548599994,-9.675472227999933],[-77.25430523599994,-9.66977697699997],[-77.25624398699995,-9.666809726999873],[-77.26016523699991,-9.662927477999915],[-77.26544198599998,-9.659667727999931],[-77.26360636199996,-9.656267102999948],[-77.26525161099994,-9.653122602999929],[-77.26970573599988,-9.64873885299994],[-77.26627261099998,-9.646759351999947],[-77.26567348599997,-9.64529035199996],[-77.26748361099999,-9.635027351999895],[-77.27386061099992,-9.634230102999936],[-77.27552136199995,-9.628806102999931],[-77.27921011199999,-9.624313976999872],[-77.28145298699991,-9.622664102999977],[-77.28371048599985,-9.61785335299993],[-77.28297873699995,-9.61244847699993],[-77.28509523599985,-9.60872660299998],[-77.28570336199988,-9.599360976999947],[-77.28762511199989,-9.597560851999845],[-77.28872936199997,-9.59251497799994],[-77.29179473699992,-9.586969602999886],[-77.2946734869999,-9.58476997699995],[-77.29579261099997,-9.581397976999938],[-77.29978148699996,-9.578485477999834],[-77.30288061099998,-9.579088101999957],[-77.30811711199988,-9.579037227999834],[-77.30983148699988,-9.572061351999935],[-77.30327611099983,-9.560340226999926],[-77.30107223599998,-9.557532727999899],[-77.30080561099999,-9.55500597699995],[-77.3056203619999,-9.549419227999977],[-77.30908148699984,-9.54231847699998],[-77.30938673599996,-9.54016210299983],[-77.30534836199996,-9.537600227999974],[-77.30466848599991,-9.535275351999871],[-77.30631511099995,-9.531652727999926],[-77.30647648699994,-9.52796747699989],[-77.30984611099996,-9.52491372799983],[-77.3096298619999,-9.52102185299998],[-77.31123848699997,-9.517014476999918],[-77.3103391119999,-9.514734477999923],[-77.31380236099983,-9.50687447799993],[-77.31555923599996,-9.505132727999978],[-77.31883073699993,-9.503966477999938],[-77.32025448699989,-9.50117960199998],[-77.32239011199994,-9.492500976999906],[-77.3215418609999,-9.485882227999923],[-77.32242036099996,-9.482126102999928],[-77.32558586199991,-9.477460977999954],[-77.3261954859999,-9.471931476999941],[-77.32551111199996,-9.469991601999936],[-77.32275836099996,-9.467169352999974],[-77.32007411199999,-9.468171352999946],[-77.31633836199995,-9.468028601999947],[-77.31212773699991,-9.46461022699998],[-77.30875573599997,-9.464804727999933],[-77.30598723699995,-9.459102102999964],[-77.30216798599997,-9.45431022699995],[-77.30328198599994,-9.448216101999947],[-77.30068186199992,-9.440858726999977],[-77.30520136199988,-9.43554260299993],[-77.31149811099993,-9.432647102999965],[-77.31626273699999,-9.428893352999978],[-77.31971686099996,-9.427111351999883],[-77.31946986199989,-9.421664101999966],[-77.31775536099997,-9.413640102999977],[-77.3153223619999,-9.411984976999975],[-77.31645736099995,-9.40900585199995],[-77.31649211099989,-9.404808352999908],[-77.31452936099993,-9.402841227999943],[-77.31499823699994,-9.399058476999869],[-77.31688023599992,-9.395026601999973],[-77.32177198599993,-9.392457976999879],[-77.32582173599991,-9.39182660199998],[-77.3290516109999,-9.39026735199991],[-77.33059873699995,-9.386565976999975],[-77.33009086099997,-9.38239172799996],[-77.33128523599999,-9.377349601999924],[-77.33132436199992,-9.374255226999935],[-77.33036948599994,-9.36855185199994],[-77.33228548599993,-9.363823477999972],[-77.33250111199993,-9.357215227999973],[-77.33455623699996,-9.35272160199986],[-77.33204198699997,-9.347940477999941],[-77.32913811199995,-9.343937351999955],[-77.3281724869999,-9.337754977999964],[-77.32639261099996,-9.333063351999954],[-77.323720112,-9.330472726999972],[-77.31813423599993,-9.32797010299987],[-77.31918411199996,-9.324105601999975],[-77.31476886099995,-9.317407352999965],[-77.31334736099984,-9.31009647799982],[-77.31143261199998,-9.306237976999967],[-77.31549423599995,-9.30116110199998],[-77.31641848699991,-9.296841226999959],[-77.31493298699996,-9.290380102999961],[-77.31210523599998,-9.288572476999889],[-77.30897536099997,-9.283301976999894],[-77.30774823699994,-9.282767976999935],[-77.30087261099999,-9.28355135299995],[-77.29802948699995,-9.284566726999913],[-77.2916912359999,-9.288513601999966],[-77.2854386109999,-9.286481477999871],[-77.28390111199997,-9.284566726999913],[-77.28282011199997,-9.280432851999933],[-77.27529661199992,-9.27826947699998],[-77.27443061199995,-9.270993976999932],[-77.27657286099998,-9.26871797699988],[-77.27681436199998,-9.266018226999961],[-77.27586548699992,-9.261612726999886],[-77.2773566109999,-9.257681727999966],[-77.27525548599988,-9.250158476999957],[-77.27559298599994,-9.247334226999953],[-77.27374748699998,-9.243730977999974],[-77.26674748699998,-9.24305847799991],[-77.26427561099985,-9.241957476999971],[-77.26207948699994,-9.236150726999938],[-77.26391636199997,-9.229527726999947],[-77.26352936199999,-9.218117726999822],[-77.26296536099994,-9.212066851999907],[-77.26205161199994,-9.207787227999916],[-77.25905661099995,-9.20858197699988],[-77.25235136099997,-9.20464385199989],[-77.24988473699983,-9.200361226999973],[-77.24577798699994,-9.199340351999865],[-77.24247148699999,-9.19936622699987],[-77.24154573699997,-9.198043476999942],[-77.2411984869999,-9.191714351999849],[-77.23924861099988,-9.19074360299993],[-77.23553061099994,-9.186374976999957],[-77.23343936099991,-9.179682851999928],[-77.22800186099994,-9.179264601999932],[-77.22772311199998,-9.176940851999973],[-77.22530636199997,-9.172525852999968],[-77.22182086099997,-9.169319101999974],[-77.22155686199994,-9.16757797699995],[-77.20830636099998,-9.16521222699987],[-77.20491461199998,-9.16565397699992],[-77.1982698619999,-9.165840726999932],[-77.19743361199988,-9.163290976999974],[-77.19414111099996,-9.162050601999852],[-77.19318611199992,-9.158085851999886],[-77.19082623699995,-9.156136726999932],[-77.18606648599996,-9.154988977999892],[-77.18332923599996,-9.155823476999956],[-77.17935236099999,-9.158172476999937],[-77.17686923599996,-9.158252976999961],[-77.1738712369999,-9.159956226999952],[-77.16834023599995,-9.165982226999972],[-77.16162786099994,-9.168780976999926],[-77.15740598699995,-9.172694601999979],[-77.15681298599998,-9.176347226999951],[-77.15248398599994,-9.184477726999887],[-77.1514052359999,-9.18763735199991],[-77.14659048599998,-9.191550851999978],[-77.14602111099992,-9.19833435199996],[-77.14221286099996,-9.202418101999967],[-77.14020998599989,-9.202342851999958],[-77.13029386099993,-9.200092726999856],[-77.12659748599998,-9.200769226999967],[-77.12116398599994,-9.199022226999944],[-77.11649123599994,-9.194824102999917],[-77.11049236099996,-9.191133601999923],[-77.10762061099996,-9.191645727999855],[-77.10452536199983,-9.194459351999967],[-77.09874398699992,-9.191731726999933],[-77.09705498599999,-9.186436726999887],[-77.09452736199995,-9.185049351999965],[-77.0874197359999,-9.184460226999931],[-77.08441211099984,-9.182482351999909],[-77.08456586099993,-9.185892101999968],[-77.0872103609999,-9.18881485199995],[-77.08910111099993,-9.196518977999915],[-77.09242786199997,-9.205078102999948],[-77.09374411099998,-9.210656226999902],[-77.09353711099999,-9.212511726999935],[-77.09003323599995,-9.220224601999973],[-77.08427686099992,-9.227127602999929],[-77.08270511099988,-9.23339260199998],[-77.08214848599994,-9.237624976999939],[-77.08349023699992,-9.243123101999913],[-77.08583398599995,-9.247085976999927],[-77.08472848599996,-9.249378851999893],[-77.08381048699988,-9.254165976999957],[-77.08459773599998,-9.256439476999958],[-77.08768161099988,-9.259486351999897],[-77.0864277369999,-9.264410101999886],[-77.08481048599992,-9.266390601999888],[-77.0791777369999,-9.270861352999873],[-77.07659761099995,-9.273109352999882],[-77.07013673599994,-9.274466726999947],[-77.06388911099992,-9.277432851999947],[-77.06183611199998,-9.280505601999891],[-77.0546934869999,-9.285322226999881],[-77.05042386099996,-9.286431601999936],[-77.04390823599988,-9.289632851999954],[-77.03944536099993,-9.290363226999887],[-77.03488086099992,-9.292638601999954],[-77.03120323699994,-9.295716851999941],[-77.02986136099992,-9.2997012269999],[-77.02686523599982,-9.300919976999921],[-77.02372061199998,-9.300007851999965],[-77.0180801119999,-9.296964851999974],[-77.01437298699994,-9.296443351999926],[-77.01231523699994,-9.298780352999927],[-77.01085936099992,-9.296154101999946],[-77.01159436099994,-9.294037852999907],[-77.0093098619999,-9.290637601999947],[-77.0082914859999,-9.285493101999919],[-77.00418298599999,-9.281747601999882],[-77.00352148599995,-9.279036102999896],[-77.00174798599994,-9.277423851999913],[-76.99969373599998,-9.273397601999932],[-76.99633773599993,-9.273211726999932],[-76.9932319859999,-9.270289226999978],[-76.98921673599995,-9.264300726999977],[-76.99027148599993,-9.263060601999939],[-76.98923823699988,-9.25627347699998],[-76.98893948599994,-9.250589851999905],[-76.98751761099999,-9.247564476999969],[-76.98375973599991,-9.24534760299997],[-76.97943161099994,-9.24386897699992],[-76.97666798599994,-9.241404351999904],[-76.97236723599991,-9.234490226999924],[-76.96951361099997,-9.2265819779999],[-76.96924411099997,-9.22034185299998],[-76.96826561199998,-9.21377935199996],[-76.95973436099996,-9.207748101999925],[-76.95939261099994,-9.205956976999914],[-76.96213086099993,-9.197072226999978],[-76.96237111099998,-9.186527351999928],[-76.9618807359999,-9.179609226999958],[-76.9628457359999,-9.17698435199992],[-76.96108598599989,-9.174263726999982],[-76.96093948599992,-9.17171297699997],[-76.9588749859999,-9.169937477999952],[-76.95965036199993,-9.164248101999931],[-76.96068161099998,-9.16131835199991],[-76.9611827359999,-9.153476101999956],[-76.95827148599989,-9.148578101999874],[-76.95456448599987,-9.146060601999864],[-76.95081636099997,-9.141732476999948],[-76.94627111099999,-9.135400101999949],[-76.94294923599989,-9.13201372799989],[-76.94181048599995,-9.128992226999912],[-76.94504498599986,-9.12637697699995],[-76.94605661099996,-9.121833976999937],[-76.94511723599999,-9.118054726999901],[-76.94601361099996,-9.114699226999903],[-76.94471673599998,-9.11103910199995],[-76.94361911099992,-9.10639447699998],[-76.94510161099998,-9.103220726999893],[-76.94622848699998,-9.096810601999948],[-76.94510348599988,-9.090214851999974],[-76.94374611199993,-9.085652351999954],[-76.94496473599997,-9.074415976999944],[-76.94417973599985,-9.074380851999933],[-76.94238286099994,-9.074197101999914],[-76.93864648699997,-9.07376772699996],[-76.93289261099994,-9.071990226999958],[-76.93199611099993,-9.071613226999943],[-76.92789648599995,-9.071078101999888],[-76.92573048699995,-9.072308601999907],[-76.92340423599995,-9.074121101999935],[-76.91739848599997,-9.075496101999931],[-76.9164509869999,-9.076017601999922],[-76.91380273599998,-9.078361351999945],[-76.91206636099992,-9.081581976999871],[-76.91018948599998,-9.08376360199992],[-76.9097538609999,-9.084154351999928],[-76.9089316109999,-9.08470510199993],[-76.90778911099989,-9.086193351999952],[-76.90588673699995,-9.08859572699987],[-76.90542386099992,-9.08876160199992],[-76.90350786099987,-9.089111351999975],[-76.9019843609999,-9.091792976999898],[-76.89813673599997,-9.095324226999878],[-76.89735736099988,-9.09730072699989],[-76.89622073599998,-9.09927535199995],[-76.89562498599997,-9.099341851999952],[-76.89362111099985,-9.099648476999903],[-76.89217573599996,-9.101253851999957],[-76.89172073599997,-9.101482476999877],[-76.89062698599997,-9.101302726999904],[-76.89046673599995,-9.101199226999881],[-76.88885548599995,-9.101318351999964],[-76.88673823599993,-9.10294535199995],[-76.88423048599992,-9.104087851999964],[-76.88283398699991,-9.10539847799987],[-76.88234373599994,-9.106189476999873],[-76.88068948599994,-9.106863226999906],[-76.87875973599989,-9.10824235199982],[-76.87693748599992,-9.109050726999897],[-76.8760332359999,-9.109326226999883],[-76.87449798599988,-9.110539101999962],[-76.87260548599994,-9.112181601999964],[-76.87137886099998,-9.112894351999955],[-76.86997261099998,-9.113603476999913],[-76.86781448599993,-9.114433601999963],[-76.86505873599992,-9.114759726999921],[-76.86092973599989,-9.115064476999919],[-76.85881836099998,-9.115634726999929],[-76.85790036099996,-9.115242227999886],[-76.8567499859999,-9.114742226999908],[-76.85499998599988,-9.11521097699989],[-76.85404298599991,-9.115191477999872],[-76.85043748599998,-9.114623101999939],[-76.84837698599989,-9.11531635199998],[-76.8461464859999,-9.117126976999941],[-76.84201561099997,-9.118894476999913],[-76.84146486099996,-9.119236352999962],[-76.84038086099991,-9.119472601999973],[-76.83981636199991,-9.119482476999906],[-76.83823436099993,-9.119474601999968],[-76.8369843609999,-9.119023476999928],[-76.83590411099988,-9.119634726999891],[-76.83460936099993,-9.121134726999912],[-76.83252536099991,-9.12233597699992],[-76.8314238609999,-9.12262497699993],[-76.83019336099994,-9.122892601999979],[-76.8288261109999,-9.123144476999926],[-76.8240663609999,-9.123529351999878],[-76.8235468609999,-9.123533226999939],[-76.82199411099992,-9.123820351999825],[-76.82027736099991,-9.12426560199998],[-76.81896286099987,-9.125425726999936],[-76.81816211099988,-9.127230476999955],[-76.81688673599996,-9.129642601999876],[-76.81463073599997,-9.130498101999876],[-76.80757811099988,-9.130433601999869],[-76.79720311099999,-9.132443351999882],[-76.78858011099999,-9.136238226999922],[-76.78764061099997,-9.138810601999978],[-76.78877536099998,-9.14103710199987],[-76.78496098599993,-9.144814476999954],[-76.78120111099997,-9.146191476999945],[-76.77831636099995,-9.14948047699994],[-76.77517973599993,-9.150689476999958],[-76.77354298599994,-9.152728476999926],[-76.77009961099998,-9.154640601999915],[-76.76739448599989,-9.15815622699995],[-76.76766986099994,-9.164800726999943],[-76.76574023599989,-9.170300726999926],[-76.75894136099998,-9.179537102999916],[-76.75686911099996,-9.18153122699988],[-76.75143548599988,-9.185890601999915],[-76.74878711099996,-9.189320351999982],[-76.74432036099995,-9.193671851999966],[-76.74142573599983,-9.196025351999936],[-76.73955473599989,-9.200263726999879],[-76.73689048599994,-9.203236351999976],[-76.7337343609999,-9.208966851999946],[-76.73407811099992,-9.215374976999897],[-76.73224611099994,-9.218550726999922],[-76.72926948599996,-9.230490227999894],[-76.72770698599999,-9.23297260299995],[-76.72904886099991,-9.242281226999978],[-76.73048636099992,-9.245205101999886],[-76.73013673599996,-9.247539102999838],[-76.72712698599997,-9.252382852999972],[-76.72574411099993,-9.256634726999948],[-76.72659761099993,-9.258800726999937],[-76.72949998599995,-9.26098247699997],[-76.7342538609999,-9.267330101999903],[-76.7367636109999,-9.269175851999933],[-76.73956448599984,-9.274005851999902],[-76.74006248599983,-9.281785101999958],[-76.73951173599988,-9.28449410199994],[-76.74167573599988,-9.28988660199991],[-76.74174998599983,-9.292171851999967],[-76.74464448599997,-9.297130851999952],[-76.74254098599988,-9.3002304769999],[-76.7437636109999,-9.30593160199993],[-76.74173823599995,-9.309080101999939],[-76.74167573599988,-9.311290976999885],[-76.73899998599995,-9.31708597699992],[-76.74058398599988,-9.325046851999957],[-76.74033398599988,-9.330802726999934],[-76.74220886099994,-9.333363227999882],[-76.74579686099992,-9.335826226999927],[-76.74755861099993,-9.339066351999975],[-76.7493124859999,-9.344421851999869],[-76.75082036099997,-9.348654351999926],[-76.75405273599989,-9.354037102999882],[-76.7549159859999,-9.357171851999908],[-76.75748823599997,-9.362197227999957],[-76.76461911099994,-9.367195351999953],[-76.76713473599989,-9.364242226999977],[-76.76979098599992,-9.36271097699995],[-76.77072461099993,-9.35949022699998],[-76.77385736099995,-9.35332810199992],[-76.77600786099998,-9.351566476999949],[-76.77933598599992,-9.345429726999953],[-76.78642773599995,-9.340474602999961],[-76.78854098599993,-9.339658226999973],[-76.79383973599994,-9.33292772699997],[-76.79641798599994,-9.331849602999966],[-76.8045683609999,-9.33162885199988],[-76.81229686099988,-9.32787885199997],[-76.81437498599996,-9.326007851999975],[-76.81504098599999,-9.316273476999925],[-76.81780273599998,-9.31021685199994],[-76.82259173599994,-9.304160102999958],[-76.82705473599998,-9.294765601999927],[-76.8294551109999,-9.29061322699988],[-76.83013073599994,-9.286869101999969],[-76.83247073599995,-9.281466851999937],[-76.83221098599995,-9.278947226999946],[-76.83380861099994,-9.269841851999956],[-76.83396486099991,-9.266007851999916],[-76.8368097359999,-9.263475102999962],[-76.84283986199989,-9.261728477999952],[-76.84670698599996,-9.26421285299989],[-76.84820698599998,-9.267044976999955],[-76.84794336099998,-9.272183602999917],[-76.8534297359999,-9.279050727999959],[-76.85251361099995,-9.283521477999955],[-76.85455673599989,-9.288521476999847],[-76.85635161099998,-9.29007035199993],[-76.8625819859999,-9.289613226999961],[-76.86652536099996,-9.290492226999902],[-76.86872661099994,-9.292749976999971],[-76.87009761199994,-9.300914101999979],[-76.86619923699999,-9.30533010299996],[-76.86607436099996,-9.307585976999917],[-76.86823636099996,-9.309857476999923],[-76.87026361099998,-9.314427726999895],[-76.87373048599994,-9.315708976999929],[-76.87840823599993,-9.318556601999944],[-76.8787479859999,-9.323087851999958],[-76.8818319859999,-9.326681601999951],[-76.88858986099996,-9.329285101999972],[-76.89291598599993,-9.331960976999937],[-76.8941523609999,-9.33396685199989],[-76.89430073599993,-9.337679727999955],[-76.89700198599996,-9.345826226999975],[-76.89918948599995,-9.348480476999953],[-76.90025786099989,-9.353039102999901],[-76.90010548599997,-9.357144477999952],[-76.90152536199997,-9.36036910199988],[-76.90524611199999,-9.362632851999933],[-76.90685936099999,-9.365740226999947],[-76.90958598599997,-9.368548851999947],[-76.91325198599998,-9.367679852999913],[-76.91790036099991,-9.369507851999913],[-76.92395698599995,-9.382533227999943],[-76.92444536099993,-9.387003851999964],[-76.92413286099992,-9.391531227999963],[-76.9262031109999,-9.392853476999903],[-76.93065236099994,-9.39314060199996],[-76.93174223599988,-9.39535747799988],[-76.93523623599998,-9.398548851999976],[-76.9360801119999,-9.405851601999927],[-76.93629098599996,-9.408976602999928],[-76.93497661099997,-9.41362497799986],[-76.93126761099995,-9.41953510299993],[-76.92924411099995,-9.42613472699992],[-76.93067186099995,-9.434460977999947],[-76.93383598599996,-9.437884852999957],[-76.93531448599998,-9.442142601999876],[-76.93755661099993,-9.443685601999903],[-76.94041598599983,-9.448581977999936],[-76.94866598599998,-9.453138726999953],[-76.94808398699996,-9.456080102999977],[-76.95134761199995,-9.464531226999952],[-76.95304886199995,-9.466632851999918],[-76.95233398699997,-9.46969722699987],[-76.95000973599997,-9.474814476999882],[-76.94842573599988,-9.476220726999884],[-76.94767773599989,-9.478974602999926],[-76.94224611099997,-9.486056602999895],[-76.93861911099992,-9.491699226999913],[-76.93810736099994,-9.503884727999889],[-76.9401894859999,-9.507521476999898],[-76.93987698599989,-9.511777227999971],[-76.93823436099996,-9.51504885199995],[-76.93889848599997,-9.520476601999974],[-76.9374863619999,-9.524597602999961],[-76.93800973599997,-9.526578101999974],[-76.94237498599989,-9.530915977999939],[-76.94519136199989,-9.535843726999929],[-76.94908398599989,-9.537003852999817],[-76.95509573699997,-9.542689477999943],[-76.95308986199996,-9.547261726999977],[-76.95402736099999,-9.55222847799996],[-76.95416798699983,-9.55825010299992],[-76.95511136099998,-9.560298852999892],[-76.95982611099998,-9.559683601999893],[-76.96519723599988,-9.56066797799997],[-76.96831248699988,-9.561939477999942],[-76.97497661099999,-9.563365226999963],[-76.97831836099982,-9.562964851999936],[-76.98151561199995,-9.565423851999924],[-76.98184386099985,-9.572394477999978],[-76.98296798599995,-9.576972227999931],[-76.98645111099995,-9.578787101999922],[-76.99020886099999,-9.579365226999869],[-76.98886136199997,-9.586165976999894],[-76.98824023599997,-9.59174810299993],[-76.98877348699995,-9.594986352999967],[-76.99206636099996,-9.596789101999946],[-76.9923828609999,-9.599771476999877],[-76.99527148599998,-9.603443352999932],[-77.00133786099985,-9.604706976999921],[-77.00270698699995,-9.606453102999978],[-77.00637698599996,-9.60732810199994],[-77.01266598599994,-9.609978476999913],[-77.01415248599994,-9.613414102999968],[-77.01628123599994,-9.614318227999888],[-77.01922848599997,-9.61239647799988],[-77.0236738619999,-9.61065822799992],[-77.02582223599995,-9.612917976999938],[-77.02918548599996,-9.614236476999963],[-77.03008986099991,-9.61770310199995],[-77.03179686099992,-9.619642601999885],[-77.03851561099992,-9.622984352999936],[-77.04032811099995,-9.625277352999944],[-77.04567773699995,-9.629152351999892],[-77.04715036099998,-9.632531226999959],[-77.04716411099997,-9.635865227999943],[-77.04463861099993,-9.63984960299996],[-77.04408198599998,-9.642900351999913],[-77.04531048699994,-9.64553322699993],[-77.04848823599997,-9.64746097799997],[-77.04865823599988,-9.64950585299988],[-77.04730661099995,-9.653937476999943],[-77.04476948699994,-9.65696485199993],[-77.04135348599988,-9.658859352999912],[-77.04045698699997,-9.662460977999956],[-77.04108198599988,-9.666925727999967],[-77.03851173599998,-9.670849601999919],[-77.03634373599988,-9.67539260299992],[-77.03295511199991,-9.680482477999874],[-77.03087498599996,-9.68481835199998],[-77.02997848599995,-9.689529351999965],[-77.02797261099994,-9.691109352999945],[-77.02815423599998,-9.694388726999932],[-77.02688286099993,-9.697035101999973],[-77.02510736099993,-9.697978477999982],[-77.02227348599996,-9.702248102999931],[-77.02384173599995,-9.70432622699991],[-77.02837298699995,-9.707551601999967],[-77.03432773599997,-9.709346601999925],[-77.03415236099994,-9.713420102999976],[-77.03565811199991,-9.719321602999855],[-77.03280673599988,-9.721978477999926],[-77.02823098599993,-9.723867226999971],[-77.02547111099994,-9.728636102999928],[-77.02857223599995,-9.730183602999944],[-77.03065423599998,-9.733814477999942],[-77.02884198599997,-9.735929976999955],[-77.02920248599992,-9.740861977999884],[-77.02663411099996,-9.744540102999906],[-77.02610986099995,-9.75033297799996],[-77.028346361,-9.751832851999893],[-77.03097836099988,-9.755177727999978],[-77.02951961199989,-9.75947447699997],[-77.02818786099994,-9.760869602999946],[-77.02779886099995,-9.764121102999923],[-77.03078511099994,-9.767494102999876],[-77.03357611099995,-9.772214852999923],[-77.03708786099992,-9.775708977999955],[-77.03884173599988,-9.779097602999911],[-77.04635698599998,-9.780449601999976],[-77.04946373699994,-9.782874852999896],[-77.04907436099995,-9.788959351999893],[-77.04646161099993,-9.792858101999911],[-77.04891411099999,-9.795859352999969],[-77.05288861199995,-9.795998101999942],[-77.05544136199995,-9.796876976999897],[-77.0601572359999,-9.802149227999962],[-77.0691862359999,-9.797949101999961],[-77.06997561099996,-9.79703410299993],[-77.07606061099983,-9.797031102999938],[-77.08165136099996,-9.798740351999982],[-77.08272236199991,-9.800427102999834],[-77.08527886099995,-9.800001102999943],[-77.09669348599994,-9.804553477999946],[-77.0998106109999,-9.80789485199989],[-77.09848748699994,-9.812850977999972],[-77.10108998699997,-9.817511601999968],[-77.09882386099997,-9.824557101999972],[-77.09520998699992,-9.829048476999901],[-77.09279373599992,-9.836754477999875],[-77.0948769869999,-9.840815477999968],[-77.0977336119999,-9.841380852999976],[-77.10283361099994,-9.841103602999908],[-77.10821073599993,-9.837204727999904],[-77.11037261199994,-9.837278727999944],[-77.11543561199989,-9.83317647799987],[-77.11828123599997,-9.834691727999939],[-77.12385711199994,-9.839341227999967],[-77.1264439869999,-9.839202726999929],[-77.12773748599989,-9.837400976999902],[-77.13604161099988,-9.836083602999963],[-77.14040811099994,-9.83444435299998],[-77.14166123699988,-9.833231976999912],[-77.14656836099994,-9.831935601999874],[-77.15047461199993,-9.83181835299996],[-77.15309961199995,-9.830908227999942],[-77.15683186199993,-9.82764397799997]]]},"properties":{"ubigeo":"020800","nombre":"HUARI"}},{"type":"Feature","geometry":{"type":"Polygon","coordinates":[[[-77.33340023699998,-8.951994101999901],[-77.33578911099994,-8.956099601999881],[-77.33777148699994,-8.957488226999942],[-77.34272261099994,-8.955712851999976],[-77.34551361199993,-8.95583010199988],[-77.34900986099996,-8.959778101999973],[-77.35127911199993,-8.96032222699995],[-77.35302536199993,-8.962162101999922],[-77.35360548599988,-8.965847601999883],[-77.35853911199996,-8.969918101999951],[-77.35949611199999,-8.97723822699993],[-77.36135936099998,-8.977138726999954],[-77.36770111099997,-8.979746101999922],[-77.36899023599995,-8.982251976999976],[-77.37235736199995,-8.98420897699998],[-77.37774223599996,-8.988710976999869],[-77.37996673599991,-8.991226601999927],[-77.3839394869999,-8.992693351999947],[-77.3863281109999,-8.99508197699987],[-77.38959573699992,-8.995746101999941],[-77.39229873699992,-8.99478910199997],[-77.3974842369999,-8.995371101999979],[-77.40508786199985,-8.993386726999972],[-77.40773436199999,-8.993595851999942],[-77.4104023619999,-8.991462851999927],[-77.41872073699994,-8.994445351999957],[-77.42170511099994,-8.994769476999977],[-77.42595898599996,-8.99327735199995],[-77.42877348699994,-8.991486351999924],[-77.4340878619999,-8.99091010199993],[-77.43760348599989,-8.992080101999932],[-77.44514448699988,-8.990177726999889],[-77.44826561099995,-8.99207222699988],[-77.45564648599992,-8.994634726999891],[-77.46100786199997,-8.994291101999977],[-77.46374998699991,-8.995439601999976],[-77.46974023699988,-8.996636726999895],[-77.47677523699991,-9.00066597699987],[-77.48070511199995,-9.003621101999954],[-77.48426361199995,-9.0044922269999],[-77.4865371109999,-9.007269476999909],[-77.49175198699993,-9.00817385199997],[-77.4978048619999,-9.007960976999925],[-77.5037538609999,-9.005787101999942],[-77.50606448699995,-9.006025351999938],[-77.50836311099988,-9.004761726999902],[-77.51459573699998,-9.00546110199997],[-77.51786523599998,-9.005203101999939],[-77.52089848599996,-9.003312476999895],[-77.5294707359999,-9.000867226999901],[-77.53792773699996,-8.997492226999896],[-77.54393073599988,-8.993864351999946],[-77.54700198599988,-8.991367226999898],[-77.5527304869999,-8.987820351999972],[-77.55451173699998,-8.984093726999959],[-77.5543672369999,-8.98164647699997],[-77.55625386199995,-8.978453101999946],[-77.55630861199995,-8.969406226999979],[-77.55722073599992,-8.962062351999975],[-77.5619159869999,-8.953665976999957],[-77.56086286199991,-8.953135476999933],[-77.55505698699994,-8.953325851999978],[-77.54931661199998,-8.95050347699987],[-77.54649086199998,-8.947186851999902],[-77.54463286199996,-8.934742226999958],[-77.54432748699992,-8.92866085199995],[-77.5490096119999,-8.921342476999882],[-77.55444173599994,-8.916490476999968],[-77.55588798699995,-8.912517226999967],[-77.55959698699996,-8.90674460199989],[-77.56345311199993,-8.903373101999932],[-77.55715611199992,-8.903124351999963],[-77.55187686199992,-8.90510110199989],[-77.54907873699995,-8.903100851999966],[-77.54540736199993,-8.90299110199993],[-77.54124686199992,-8.900870976999954],[-77.53844911199991,-8.900787851999894],[-77.52551286199991,-8.905081351999968],[-77.52362923699991,-8.90818385199998],[-77.52340373699991,-8.914545476999933],[-77.52282098599994,-8.917421476999948],[-77.51958498699997,-8.920815351999977],[-77.51626086199991,-8.92300372699998],[-77.51350611199996,-8.923187226999971],[-77.50611323699997,-8.920599601999982],[-77.49552536199997,-8.913630851999926],[-77.49229886099988,-8.909658226999909],[-77.48648236199995,-8.905620976999842],[-77.48432811199996,-8.905464851999966],[-77.4782089869999,-8.906462851999947],[-77.47432036199996,-8.907753851999928],[-77.4723437369999,-8.911156226999879],[-77.47095698699991,-8.91181635199996],[-77.46577736199998,-8.911742226999877],[-77.46452148599991,-8.910267601999976],[-77.45942186199994,-8.909931601999972],[-77.45720898699989,-8.910722601999964],[-77.44720111199996,-8.908882851999977],[-77.44248236199991,-8.911490226999888],[-77.44029098599998,-8.913790976999906],[-77.43785736199993,-8.914195351999979],[-77.4326249859999,-8.913126976999877],[-77.43057036199991,-8.911703101999933],[-77.42666211199992,-8.911683601999925],[-77.41640823599982,-8.912554726999929],[-77.41033198699995,-8.911689476999925],[-77.40557036099989,-8.913175726999896],[-77.40257223599997,-8.90932810199996],[-77.40067973699996,-8.908888726999919],[-77.39622261199997,-8.905636726999887],[-77.39230861199997,-8.90446872699988],[-77.38846673599994,-8.904900226999871],[-77.3847617369999,-8.906785101999958],[-77.3810839869999,-8.910025351999934],[-77.37530661199997,-8.911996101999932],[-77.37042973699988,-8.910915976999888],[-77.36779686099999,-8.908556601999976],[-77.37470511099997,-8.901933601999929],[-77.37613473599993,-8.897956976999978],[-77.37859373599991,-8.897398476999854],[-77.38545311099989,-8.893007851999926],[-77.38758398599998,-8.890689476999967],[-77.38795698599995,-8.886564476999979],[-77.39148636199997,-8.884400351999943],[-77.3924648609999,-8.881040976999941],[-77.39485736199998,-8.880085975999975],[-77.39784373699996,-8.87677735199992],[-77.40278711199988,-8.872507851999899],[-77.40928511199985,-8.867150351999896],[-77.41447261199988,-8.864171976999955],[-77.41999998699998,-8.861794976999931],[-77.42375973699995,-8.855742225999961],[-77.42849798599997,-8.852404351999894],[-77.43130273699995,-8.851988226999936],[-77.4355488619999,-8.848074226999927],[-77.44003911199997,-8.8470154769999],[-77.44212298699995,-8.844660101999978],[-77.44373636199992,-8.841189476999944],[-77.44713286099994,-8.838320351999869],[-77.44538136199998,-8.83441260199993],[-77.43978836199994,-8.828193476999957],[-77.43816611199992,-8.824643226999967],[-77.43793136199986,-8.813496225999927],[-77.43524011199992,-8.810592476999943],[-77.43131036099993,-8.809080851999909],[-77.42212498599997,-8.808605476999901],[-77.41569923599997,-8.806937476999906],[-77.4054238619999,-8.79858197699997],[-77.40053873599993,-8.795338976999858],[-77.4002077369999,-8.793684101999872],[-77.3976378619999,-8.791036351999935],[-77.39763823699997,-8.789159851999898],[-77.39506786199996,-8.783170851999898],[-77.39513811099994,-8.781441976999929],[-77.39264448699993,-8.777433600999927],[-77.38956023599991,-8.776172226999904],[-77.39193423599988,-8.771106976999931],[-77.39500386199995,-8.770097601999908],[-77.39265236199998,-8.767619101999912],[-77.38676561199998,-8.76348047599987],[-77.38094923599994,-8.761781226999972],[-77.37841798699992,-8.759456976999957],[-77.37649023599994,-8.75903510199987],[-77.3690957369999,-8.754878851999877],[-77.3662929869999,-8.74975385199997],[-77.36135336199993,-8.748845726999946],[-77.35101361199992,-8.742826226999966],[-77.34643548699995,-8.739718725999978],[-77.34196486099995,-8.73974610199997],[-77.33691798599989,-8.737347601999943],[-77.33345511199991,-8.732777351999971],[-77.32927148599998,-8.730453101999956],[-77.32579886199989,-8.730103476999886],[-77.32016011199988,-8.73204497699993],[-77.31391211199991,-8.729326226999945],[-77.31215823599996,-8.727665851999973],[-77.30935736199984,-8.72725785199998],[-77.30441011199997,-8.721972725999933],[-77.30239648699995,-8.71804497699992],[-77.29982811199989,-8.71702935199994],[-77.29377536099997,-8.71203135199994],[-77.28751761099988,-8.709160101999942],[-77.27976761099984,-8.702824225999905],[-77.27431236099994,-8.703716851999957],[-77.2703144859999,-8.708123101999945],[-77.26287486099994,-8.714205100999948],[-77.26029886199996,-8.714718726999877],[-77.25781248699997,-8.713792976999912],[-77.25267386199994,-8.71414060199993],[-77.24736136199994,-8.712763726999924],[-77.24639261099998,-8.718746101999955],[-77.24919536099998,-8.720580100999882],[-77.24816798599988,-8.727308601999937],[-77.24199998699999,-8.732197226999915],[-77.23982811199994,-8.73477735199998],[-77.23540423599997,-8.737066351999943],[-77.23243748599998,-8.740751976999945],[-77.22749023699998,-8.742826226999966],[-77.22638473699999,-8.74899410199987],[-77.22412886099994,-8.75673435099992],[-77.22340248599988,-8.763210975999868],[-77.22416798699999,-8.76545897699998],[-77.22291798699996,-8.770306601999891],[-77.22196873599995,-8.773146476999955],[-77.2181093609999,-8.775357476999943],[-77.21712698599998,-8.776898475999872],[-77.21316786199998,-8.778222601999914],[-77.20604686199988,-8.78234172699996],[-77.20347261099988,-8.78914847699997],[-77.20013286099987,-8.793587851999916],[-77.19907223699994,-8.803636726999855],[-77.19573436199983,-8.814992226999891],[-77.1916464869999,-8.820896476999906],[-77.18869923599993,-8.823056601999951],[-77.18496673699991,-8.827900351999972],[-77.1785527369999,-8.830689475999975],[-77.17482036099983,-8.833617226999934],[-77.17416986099994,-8.836271601999897],[-77.17732036099989,-8.839591851999842],[-77.17659961099997,-8.84589247699995],[-77.17672661199998,-8.848970726999937],[-77.17126361099997,-8.853456975999961],[-77.16996873699986,-8.857519476999926],[-77.1703534859999,-8.859238226999935],[-77.17306836099982,-8.862400351999895],[-77.17309373699999,-8.866331976999959],[-77.1709354859999,-8.86977535199992],[-77.17064448699989,-8.872769476999963],[-77.17250386199999,-8.87661722699994],[-77.17044723599992,-8.878578101999892],[-77.16684373599992,-8.879601601999923],[-77.16488286099997,-8.881244101999926],[-77.1648359859999,-8.889097601999936],[-77.16262111099996,-8.89148260199994],[-77.1595332359999,-8.897103476999973],[-77.1612207359999,-8.90188910199987],[-77.16136323599989,-8.905710976999899],[-77.16282423599989,-8.908947226999885],[-77.16525786199998,-8.910808601999975],[-77.16576798599993,-8.913331476999929],[-77.16929886199995,-8.921482476999927],[-77.17275198599992,-8.923035101999972],[-77.17511961199989,-8.92695460199991],[-77.17952348599994,-8.926113226999917],[-77.18857223599997,-8.92838285199997],[-77.19233786099988,-8.927175726999906],[-77.19549998599996,-8.92534197699996],[-77.19923236099999,-8.9263222269999],[-77.20604298699993,-8.925386726999932],[-77.20905073599994,-8.923552601999972],[-77.21855073699999,-8.92374810199982],[-77.22036323599997,-8.92443372699995],[-77.22613673599983,-8.924580101999936],[-77.23503511199993,-8.926171726999883],[-77.23983011199994,-8.931230476999929],[-77.24487886199995,-8.93487885199994],[-77.2462694859999,-8.935025351999968],[-77.24950386199993,-8.93459760199994],[-77.2549159859999,-8.936751976999915],[-77.25948236099998,-8.94024997699995],[-77.26351361199994,-8.940949351999905],[-77.26566398699998,-8.943320726999957],[-77.26819923599993,-8.94468947699994],[-77.27659761099994,-8.94462885199988],[-77.28085548599995,-8.946589851999875],[-77.28385736199994,-8.94543360199998],[-77.28888086199998,-8.945095726999966],[-77.29704098699995,-8.947476601999881],[-77.30414648699997,-8.948597601999893],[-77.30694723699997,-8.94730472699996],[-77.30931248699994,-8.947662101999981],[-77.31486523599995,-8.946134851999886],[-77.32046873699994,-8.945441351999875],[-77.3235136109999,-8.94648435199997],[-77.32719723699995,-8.952763726999933],[-77.33097073599998,-8.95164647699994],[-77.33340023699998,-8.951994101999901]]]},"properties":{"ubigeo":"020900","nombre":"MARISCAL LUZURIAGA"}},{"type":"Feature","geometry":{"type":"Polygon","coordinates":[[[-78.0322283619999,-8.544256100999917],[-78.0343991119999,-8.548843476999878],[-78.03586998799994,-8.550132975999816],[-78.03735186199998,-8.554754226999819],[-78.04436848699993,-8.555883601999938],[-78.04942323699993,-8.559543101999907],[-78.05181836199995,-8.563564476999943],[-78.05700973699987,-8.561410101999968],[-78.06455136199992,-8.56379560199997],[-78.06817336199992,-8.564176851999889],[-78.07773673699995,-8.568868850999877],[-78.07987148699982,-8.571430600999918],[-78.0783749879999,-8.576394475999962],[-78.07851536299995,-8.579618101999927],[-78.08115236199984,-8.582707226999844],[-78.08308648699989,-8.583436726999878],[-78.08579711199991,-8.586255351999966],[-78.08975973699995,-8.586603476999812],[-78.09456611199994,-8.589396225999963],[-78.09408661199996,-8.595741976999932],[-78.09672373699993,-8.597525101999906],[-78.10412986199992,-8.597379976999889],[-78.10838336199998,-8.595215851999967],[-78.11243348699998,-8.596777350999957],[-78.11825198699995,-8.595764476999932],[-78.12177911299989,-8.59621147599995],[-78.12812398799997,-8.603285101999916],[-78.13048998699998,-8.617141601999947],[-78.12481561199996,-8.626364726999952],[-78.12166536299998,-8.632912101999977],[-78.12081136199993,-8.636954351999862],[-78.1170333629999,-8.642859476999945],[-78.11547661299988,-8.648535225999979],[-78.11109173699998,-8.655503851999981],[-78.10580273699998,-8.659820351999883],[-78.11387686299997,-8.661847601999852],[-78.11538861199989,-8.663650350999887],[-78.11799211199991,-8.66420897599994],[-78.12088673699998,-8.66665035099993],[-78.13396098699985,-8.673220726999944],[-78.13719923799982,-8.671681601999921],[-78.14024998699989,-8.673380851999923],[-78.14159573799998,-8.670121101999882],[-78.14648436199997,-8.668318351999915],[-78.14823436299991,-8.669374976999961],[-78.15267186299997,-8.670203101999903],[-78.1582089879999,-8.675294975999975],[-78.15831848699992,-8.680544975999851],[-78.15724023699988,-8.68626372599988],[-78.15900386199996,-8.690265601999954],[-78.16154886199996,-8.691732475999913],[-78.16371286199995,-8.694472600999973],[-78.16673236299994,-8.694587851999927],[-78.1685117369999,-8.692802725999911],[-78.17357823799995,-8.693873101999941],[-78.17867773799992,-8.693062475999909],[-78.18257036299997,-8.694251976999965],[-78.18470698699997,-8.694023476999973],[-78.1944648619999,-8.687923851999926],[-78.19491798799993,-8.682863226999928],[-78.1935448619999,-8.681126976999963],[-78.19439848699994,-8.673642600999926],[-78.19741986299988,-8.671677851999902],[-78.19737698699998,-8.667748226999947],[-78.20407423799998,-8.66000585199987],[-78.21018748699998,-8.659328101999904],[-78.21476761299988,-8.662601601999881],[-78.2173476129999,-8.662242226999979],[-78.22307211299989,-8.659734351999873],[-78.22926173699989,-8.65800197699997],[-78.23226761299992,-8.658040975999938],[-78.23340823699988,-8.655271476999928],[-78.23557823799996,-8.652919976999954],[-78.23500386199993,-8.650611350999895],[-78.22834761299993,-8.64479310199988],[-78.2229413629999,-8.641732476999948],[-78.21462298799997,-8.636160100999973],[-78.21101761199992,-8.63495310199994],[-78.20715236299998,-8.632699226999932],[-78.20357423799993,-8.628781226999934],[-78.20051361299988,-8.622509725999919],[-78.2025156119999,-8.616894350999928],[-78.20174411299996,-8.614078100999961],[-78.20013673699998,-8.61294135199995],[-78.19814448799991,-8.608789101999946],[-78.19545898799993,-8.60674222699987],[-78.19352536199989,-8.600111350999953],[-78.1961093619999,-8.593990350999945],[-78.19837898699996,-8.586273476999963],[-78.2018106129999,-8.582946851999964],[-78.20165423799995,-8.574178101999962],[-78.20538998799998,-8.570559976999903],[-78.20792998699989,-8.566089976999933],[-78.21257998799996,-8.567009976999941],[-78.21514998699996,-8.565709975999937],[-78.21540998699999,-8.560119851999957],[-78.21687873799993,-8.556917976999955],[-78.21498998699997,-8.554049851999878],[-78.21448998799991,-8.550959975999945],[-78.21142386199995,-8.546730475999937],[-78.21127736199992,-8.542119226999944],[-78.20843748799996,-8.541214851999825],[-78.20601361199988,-8.53303710199998],[-78.20345311199992,-8.532357476999948],[-78.20259761299997,-8.52606635199993],[-78.19895898699997,-8.522468726999875],[-78.19615036199991,-8.521308600999873],[-78.19408198799994,-8.5156034769999],[-78.19034761199998,-8.514470726999889],[-78.18935348799994,-8.513181600999928],[-78.18855661299995,-8.508908225999903],[-78.18728123699998,-8.507958975999884],[-78.18433011199988,-8.510382851999964],[-78.17981248699994,-8.508562475999895],[-78.17830661299996,-8.506691350999972],[-78.17365623699993,-8.503537101999939],[-78.17245361199991,-8.501610476999872],[-78.17002148699993,-8.498343726999963],[-78.17041211299994,-8.492039101999922],[-78.16935723699987,-8.489656226999955],[-78.16528123799986,-8.484992225999974],[-78.16245111199999,-8.484763726999972],[-78.1578534869999,-8.479597601999899],[-78.15730073799989,-8.478193351999892],[-78.1575937369999,-8.471681600999943],[-78.15631636199998,-8.467542975999947],[-78.15673636199995,-8.463570351999863],[-78.15402536299996,-8.45841997599996],[-78.15100586199998,-8.456925725999952],[-78.15055661299994,-8.451365101999954],[-78.14907036199997,-8.44731635099987],[-78.14579486199995,-8.441167976999907],[-78.14315236299996,-8.437560601999962],[-78.14265423699999,-8.433816350999962],[-78.1394687369999,-8.427831975999936],[-78.13855861199994,-8.421951226999909],[-78.14061323699997,-8.414134726999976],[-78.13788673699997,-8.408394476999888],[-78.13710736299993,-8.398451225999906],[-78.13521673799994,-8.395195350999927],[-78.13524798799995,-8.392205101999934],[-78.13922848699997,-8.390164101999915],[-78.1392108629999,-8.387607475999971],[-78.13769723699988,-8.384769476999963],[-78.13797661199999,-8.381372975999966],[-78.13679886299991,-8.377462850999905],[-78.13797073799998,-8.37101172599995],[-78.13749798699996,-8.368667976999973],[-78.13550586299993,-8.367171851999899],[-78.13218748699984,-8.365503851999847],[-78.12980073699998,-8.361800725999956],[-78.12339448699998,-8.360787100999914],[-78.12157423699995,-8.357945351999888],[-78.1159608619999,-8.352736350999919],[-78.11494136199991,-8.350742226999955],[-78.11521873699996,-8.34745510199997],[-78.11439448799996,-8.343763725999963],[-78.11106836199991,-8.34189647699992],[-78.10905273699996,-8.339777350999896],[-78.10853711199991,-8.33589647599996],[-78.1116191129999,-8.33245897699993],[-78.11424611299987,-8.327970725999933],[-78.11495698699997,-8.322726601999932],[-78.11750386199992,-8.32157035199998],[-78.12063673699998,-8.31868560099997],[-78.12072461299988,-8.316679725999904],[-78.11903523699988,-8.313216850999936],[-78.11643998699992,-8.310689975999935],[-78.11160998699995,-8.308279975999824],[-78.10653998799995,-8.307239975999948],[-78.10222998699987,-8.305379976999973],[-78.10005498699996,-8.301644100999908],[-78.09726998699989,-8.299639976999913],[-78.09486998699992,-8.295399975999942],[-78.09355511299992,-8.29407647599993],[-78.09048036199988,-8.294436850999944],[-78.08890523699995,-8.292277475999867],[-78.08705211299991,-8.286303725999971],[-78.08198048699995,-8.281085850999943],[-78.07966836199995,-8.2807482259999],[-78.07364661199989,-8.281624225999906],[-78.07043673699997,-8.279336100999956],[-78.06646123799993,-8.277585475999956],[-78.06524723699994,-8.271476225999947],[-78.05823411299991,-8.268808726999964],[-78.05448548699991,-8.265952976999927],[-78.04550773699998,-8.257872351999936],[-78.03679886199996,-8.255951226999969],[-78.03489061199997,-8.25392385099991],[-78.03528511199994,-8.247304726999914],[-78.03249748699994,-8.24222197599994],[-78.02850786199997,-8.238298850999968],[-78.02571336199998,-8.234672350999915],[-78.02356998699997,-8.230339975999925],[-78.02174998699996,-8.22883997599996],[-78.01863473799995,-8.224316475999956],[-78.01282611199991,-8.22151760099996],[-78.00618998699991,-8.222059975999969],[-77.99925386299998,-8.220542975999933],[-77.9947051119999,-8.21846285199996],[-77.99113273699993,-8.218597725999928],[-77.9871328619999,-8.216017601999965],[-77.98233198699995,-8.215374975999907],[-77.98032223799993,-8.21361135099994],[-77.97955273699995,-8.211195350999958],[-77.9722909869999,-8.209007850999967],[-77.96660348699993,-8.2097832259999],[-77.96577536199999,-8.208289100999934],[-77.96162886199994,-8.207794976999878],[-77.95739648699993,-8.208269476999874],[-77.95464848699993,-8.206933601999935],[-77.95310161199995,-8.204822225999976],[-77.95016586199995,-8.20527735099995],[-77.94573636199993,-8.202230475999897],[-77.94262998699992,-8.201389975999916],[-77.93991986199995,-8.199101600999938],[-77.93612698699997,-8.198777350999933],[-77.93321286199995,-8.197009726999966],[-77.9341073629999,-8.194193350999967],[-77.93387111199996,-8.19021097599989],[-77.93265823699988,-8.18551372599984],[-77.93155861199995,-8.18412110099996],[-77.93047661199995,-8.178781225999955],[-77.93107423699996,-8.176146475999815],[-77.92868161299992,-8.164935600999911],[-77.92654686199995,-8.157144475999928],[-77.92264261199995,-8.149990225999943],[-77.92036523799999,-8.147261725999954],[-77.92055273699998,-8.143058600999893],[-77.91865036199994,-8.140732476999915],[-77.91836336199992,-8.133787100999825],[-77.91642573699994,-8.131515600999819],[-77.91682611199991,-8.12815235099987],[-77.91357223699998,-8.120695351999927],[-77.91063673699995,-8.119595725999886],[-77.90937698699997,-8.11591010099994],[-77.90828323699998,-8.108843725999861],[-77.90446286199989,-8.104552725999895],[-77.90577148699998,-8.101201225999887],[-77.90542773699997,-8.094923850999976],[-77.90286523699996,-8.089042976999963],[-77.90133198699993,-8.082476601999929],[-77.89887698699994,-8.078798850999931],[-77.89791798699997,-8.07410935099989],[-77.89694048699994,-8.063226225999927],[-77.89562561199995,-8.061949100999868],[-77.89127811199995,-8.061453850999953],[-77.88822273699998,-8.06314847599998],[-77.88352223699991,-8.063712475999921],[-77.87467886199988,-8.058094350999966],[-77.86947698699998,-8.055961600999979],[-77.86555511199992,-8.057081475999894],[-77.86276648699999,-8.060435225999925],[-77.85963211199999,-8.066716600999882],[-77.85220811199997,-8.07477947599989],[-77.8473383619999,-8.075338225999872],[-77.83956598699996,-8.074532475999888],[-77.83327823699994,-8.075741475999905],[-77.83127661199995,-8.074831600999971],[-77.82754623699992,-8.071101350999982],[-77.82445273699994,-8.069736600999931],[-77.81844786199997,-8.069463600999882],[-77.81044136199989,-8.06773497599994],[-77.80445298699993,-8.069798850999916],[-77.79579686199997,-8.071015600999885],[-77.79415536199991,-8.072466101999908],[-77.79299086199995,-8.076415975999964],[-77.79169873699988,-8.077652100999899],[-77.78578486199996,-8.079198850999887],[-77.78115311199997,-8.078289725999923],[-77.77225986199983,-8.077337975999967],[-77.76684298699996,-8.078017725999871],[-77.76377386199988,-8.075572850999947],[-77.76104661199992,-8.075226351999959],[-77.7567741119999,-8.076980600999946],[-77.75023398699994,-8.077197350999938],[-77.74791698699988,-8.074904601999947],[-77.74526223699996,-8.073987600999942],[-77.74338811199988,-8.070184726999969],[-77.73617836199998,-8.072635600999888],[-77.7268086119999,-8.071796850999931],[-77.71942973699998,-8.073445350999918],[-77.71643361199989,-8.072644475999937],[-77.70995898699994,-8.068503850999889],[-77.70158598699999,-8.06635347699995],[-77.7000586119999,-8.064285100999882],[-77.69659961199989,-8.063693351999973],[-77.69043161199988,-8.060363226999925],[-77.68722848699991,-8.06258985099987],[-77.68468361199996,-8.063013725999951],[-77.67633398699991,-8.060464850999892],[-77.67157811199996,-8.059783225999979],[-77.66470898699993,-8.057478350999872],[-77.66213673699991,-8.055119100999889],[-77.65777148699988,-8.052951225999948],[-77.65385348599989,-8.052623100999881],[-77.65248236199994,-8.051095725999971],[-77.64820311199998,-8.05089847599993],[-77.64736723699986,-8.049708975999977],[-77.64665623699989,-8.053058600999975],[-77.64726361199996,-8.058476600999882],[-77.64683986099999,-8.061498100999927],[-77.64464448699988,-8.065712850999887],[-77.64268748699999,-8.067216851999888],[-77.63342386199992,-8.068949225999972],[-77.62898236099994,-8.070576225999957],[-77.62325198699995,-8.073531225999943],[-77.62010736199989,-8.07652535099993],[-77.61875198699994,-8.07983197599998],[-77.62051173699996,-8.085839850999946],[-77.62314848599988,-8.089744100999951],[-77.62532811199992,-8.094474600999945],[-77.62836673699991,-8.097037975999967],[-77.63375911199995,-8.102722225999969],[-77.63652023699996,-8.106191975999934],[-77.63614386199998,-8.109331475999966],[-77.63137823699992,-8.114255350999883],[-77.62445311199991,-8.117496100999972],[-77.62115236199992,-8.121581975999902],[-77.6188378619999,-8.128312475999905],[-77.6165898619999,-8.131244100999936],[-77.60996486199991,-8.131874976999882],[-77.60337861199997,-8.134764100999917],[-77.60148998699992,-8.13848635099987],[-77.60412523599985,-8.143240725999874],[-77.60786948699996,-8.146776475999957],[-77.60814061199989,-8.149806601999956],[-77.60568748699995,-8.154810600999895],[-77.60194723599994,-8.158349600999884],[-77.59412298599995,-8.162828100999889],[-77.58751773699998,-8.163908226999979],[-77.57970898599996,-8.16669722699993],[-77.57674798699992,-8.167320350999887],[-77.57266411199998,-8.171087850999925],[-77.5702734869999,-8.174564475999944],[-77.56707811199993,-8.182744100999912],[-77.56349611199994,-8.188505975999874],[-77.56010936099995,-8.190642725999908],[-77.55721673599993,-8.19373247599998],[-77.55809173699998,-8.195769475999839],[-77.56137498599992,-8.197158226999875],[-77.56422261199998,-8.201441225999872],[-77.56971286199996,-8.206033225999875],[-77.5721854869999,-8.209767601999943],[-77.57378323699993,-8.215414100999965],[-77.57342573699992,-8.223478476999901],[-77.57532811199997,-8.228572226999916],[-77.57490823599994,-8.230941350999956],[-77.57282023699992,-8.233521475999908],[-77.57033011099998,-8.23408785099997],[-77.5658144869999,-8.23720897599992],[-77.56536911199998,-8.244150350999973],[-77.56628123699988,-8.247697226999946],[-77.56956248699993,-8.252880850999873],[-77.57033786199997,-8.255179725999938],[-77.57344723699993,-8.25623635099987],[-77.57532036199996,-8.259738226999957],[-77.57901761199997,-8.261685600999897],[-77.5820214869999,-8.262126975999934],[-77.58772848699994,-8.260624976999964],[-77.59233011199984,-8.262412100999882],[-77.59883398699998,-8.263806601999875],[-77.5994511109999,-8.265220725999939],[-77.6062871119999,-8.26593560099991],[-77.61150436199995,-8.268528851999974],[-77.61700973699999,-8.267456976999938],[-77.62440423699996,-8.267660100999876],[-77.6269121119999,-8.267074351999895],[-77.63563473699998,-8.269212975999949],[-77.63953511099999,-8.279941351999867],[-77.64178123599999,-8.282048851999889],[-77.64332223699984,-8.288662101999932],[-77.64794723699998,-8.29381835099997],[-77.65132611199994,-8.294654350999963],[-77.65533986199995,-8.297880851999935],[-77.6593863619999,-8.302369225999882],[-77.65974411199994,-8.308044975999906],[-77.66226286199998,-8.308582725999827],[-77.66629011199996,-8.31203460099988],[-77.67126086199983,-8.312840100999892],[-77.67602448699995,-8.311528351999925],[-77.68101836199997,-8.307731225999873],[-77.68670248699993,-8.304279351999924],[-77.69262373599992,-8.304121725999948],[-77.69907998699995,-8.307641601999933],[-77.70321261199996,-8.307597225999928],[-77.70568123699991,-8.309384600999977],[-77.70773898699991,-8.315789600999892],[-77.71307673699994,-8.320618350999894],[-77.71612161199994,-8.322364350999976],[-77.71707148699988,-8.325476600999878],[-77.7231483619999,-8.330902976999823],[-77.72295661199996,-8.33460785099993],[-77.72019573699993,-8.336899976999973],[-77.71946461199997,-8.339313725999943],[-77.72361686199997,-8.341828850999946],[-77.7276782369999,-8.34336872599988],[-77.73580098699989,-8.345507101999885],[-77.73869011199992,-8.34809097599998],[-77.74043173699988,-8.353336600999967],[-77.74285611199991,-8.355483850999974],[-77.74137886099999,-8.359580101999882],[-77.74266798699989,-8.361486350999883],[-77.74597886199996,-8.363273600999946],[-77.74887686199992,-8.363378350999938],[-77.75030836199994,-8.364600351999968],[-77.75346823699994,-8.365036850999843],[-77.75613923699996,-8.363657725999929],[-77.75894998699988,-8.363535475999981],[-77.76118548699986,-8.364871100999892],[-77.76147123699997,-8.369437226999935],[-77.77096386199997,-8.369724975999873],[-77.78015761199993,-8.373146350999889],[-77.78455623699989,-8.377888350999854],[-77.79340648699997,-8.378680851999945],[-77.79585261199986,-8.380375475999926],[-77.79885936199997,-8.38118735199987],[-77.80208911199992,-8.379028225999946],[-77.8056237369999,-8.381298350999884],[-77.80926198699996,-8.385277850999842],[-77.81424798699999,-8.386939476999942],[-77.81738323699989,-8.38576547699995],[-77.81935823699996,-8.38616047599993],[-77.82395623699989,-8.388639101999956],[-77.8278281119999,-8.388720725999974],[-77.83041823699989,-8.390972225999974],[-77.8363792369999,-8.392301100999873],[-77.83964698699992,-8.395424975999902],[-77.84349461199997,-8.397358850999979],[-77.84971948699996,-8.401875225999902],[-77.85353073699997,-8.403314100999921],[-77.85574773699994,-8.401540600999908],[-77.86073473699997,-8.393372100999954],[-77.86229786199993,-8.393644976999894],[-77.86787573699985,-8.396743725999954],[-77.87688873699994,-8.39809085099995],[-77.878019237,-8.401502100999949],[-77.87713661199996,-8.409318851999899],[-77.88029136199992,-8.418980726999905],[-77.87945511199996,-8.427865225999938],[-77.88196823699997,-8.43041997599994],[-77.88250898699994,-8.435969601999943],[-77.88064386199989,-8.439812851999875],[-77.88593511199997,-8.44282497599994],[-77.88893873699999,-8.440949475999957],[-77.89218211199994,-8.441654601999915],[-77.89753361199996,-8.440567475999956],[-77.89904886199992,-8.443818351999823],[-77.90220473699992,-8.445150350999882],[-77.9033724869999,-8.447574101999976],[-77.90568598799996,-8.449028350999868],[-77.90702998699993,-8.452796100999933],[-77.90996048699992,-8.45480110199992],[-77.91517573699997,-8.455931601999964],[-77.91631248699997,-8.457982476999973],[-77.91983011199994,-8.456113225999957],[-77.92633786199991,-8.45441997599994],[-77.93392186199992,-8.449294976999965],[-77.93371673699983,-8.454826225999966],[-77.93472261199992,-8.459298851999904],[-77.93618398699994,-8.461587225999892],[-77.93901948699988,-8.462447225999938],[-77.94155861199994,-8.466646476999927],[-77.94110986199985,-8.471470850999935],[-77.94743836199996,-8.47623385099996],[-77.94895886199993,-8.480830726999955],[-77.95188373699989,-8.481036351999933],[-77.96553861299986,-8.48070410199989],[-77.9710504869999,-8.477031601999954],[-77.97593898799994,-8.475774101999946],[-77.97639861199985,-8.478673725999954],[-77.97339298699995,-8.484048601999973],[-77.9695722379999,-8.48865272699993],[-77.96823923699992,-8.49230972699985],[-77.96762336199998,-8.500131475999979],[-77.96831873699995,-8.504084725999974],[-77.97201398699997,-8.507339351999974],[-77.97607673699997,-8.506288350999966],[-77.9794724869999,-8.50931535199993],[-77.97978123699994,-8.511958976999892],[-77.98281048699994,-8.511843725999881],[-77.98381373699993,-8.513440726999931],[-77.98344911199996,-8.517696601999887],[-77.98648048699994,-8.524083975999929],[-77.98841798699993,-8.525515601999928],[-77.99025786199991,-8.529501976999939],[-77.99279886199986,-8.532410101999972],[-77.99720661199996,-8.531760850999888],[-78.00237186199996,-8.537105225999937],[-78.01167986199994,-8.536312601999953],[-78.01490173699989,-8.536798475999888],[-78.0183691119999,-8.538537101999964],[-78.0261816119999,-8.542060975999846],[-78.02944061299996,-8.542096225999899],[-78.0322283619999,-8.544256100999917]]]},"properties":{"ubigeo":"021000","nombre":"PALLASCA"}},{"type":"Feature","geometry":{"type":"Polygon","coordinates":[[[-77.39485736199998,-8.880085975999975],[-77.3924648609999,-8.881040976999941],[-77.39148636199997,-8.884400351999943],[-77.38795698599995,-8.886564476999979],[-77.38758398599998,-8.890689476999967],[-77.38545311099989,-8.893007851999926],[-77.37859373599991,-8.897398476999854],[-77.37613473599993,-8.897956976999978],[-77.37470511099997,-8.901933601999929],[-77.36779686099999,-8.908556601999976],[-77.37042973699988,-8.910915976999888],[-77.37530661199997,-8.911996101999932],[-77.3810839869999,-8.910025351999934],[-77.3847617369999,-8.906785101999958],[-77.38846673599994,-8.904900226999871],[-77.39230861199997,-8.90446872699988],[-77.39622261199997,-8.905636726999887],[-77.40067973699996,-8.908888726999919],[-77.40257223599997,-8.90932810199996],[-77.40557036099989,-8.913175726999896],[-77.41033198699995,-8.911689476999925],[-77.41640823599982,-8.912554726999929],[-77.42666211199992,-8.911683601999925],[-77.43057036199991,-8.911703101999933],[-77.4326249859999,-8.913126976999877],[-77.43785736199993,-8.914195351999979],[-77.44029098599998,-8.913790976999906],[-77.44248236199991,-8.911490226999888],[-77.44720111199996,-8.908882851999977],[-77.45720898699989,-8.910722601999964],[-77.45942186199994,-8.909931601999972],[-77.46452148599991,-8.910267601999976],[-77.46577736199998,-8.911742226999877],[-77.47095698699991,-8.91181635199996],[-77.4723437369999,-8.911156226999879],[-77.47432036199996,-8.907753851999928],[-77.4782089869999,-8.906462851999947],[-77.48432811199996,-8.905464851999966],[-77.48648236199995,-8.905620976999842],[-77.49229886099988,-8.909658226999909],[-77.49552536199997,-8.913630851999926],[-77.50611323699997,-8.920599601999982],[-77.51350611199996,-8.923187226999971],[-77.51626086199991,-8.92300372699998],[-77.51958498699997,-8.920815351999977],[-77.52282098599994,-8.917421476999948],[-77.52340373699991,-8.914545476999933],[-77.52362923699991,-8.90818385199998],[-77.52551286199991,-8.905081351999968],[-77.53844911199991,-8.900787851999894],[-77.54124686199992,-8.900870976999954],[-77.54540736199993,-8.90299110199993],[-77.54907873699995,-8.903100851999966],[-77.55187686199992,-8.90510110199989],[-77.55715611199992,-8.903124351999963],[-77.56345311199993,-8.903373101999932],[-77.56871536199992,-8.901145226999972],[-77.5724452369999,-8.901261851999948],[-77.5742657369999,-8.900442976999955],[-77.57778298699998,-8.893766851999942],[-77.58158686199994,-8.892324101999918],[-77.5878202369999,-8.88738097699985],[-77.59092348699988,-8.887503851999952],[-77.59682373699997,-8.888731226999937],[-77.60078611199998,-8.888302850999935],[-77.60462611199989,-8.886709726999982],[-77.6048946109999,-8.882081601999971],[-77.60444248699997,-8.877948351999919],[-77.60829161199996,-8.872234226999979],[-77.60115948699996,-8.870781226999952],[-77.59864061199988,-8.866661351999937],[-77.59898661199992,-8.86324160099997],[-77.59509723699989,-8.855412101999889],[-77.59481973699997,-8.850203601999965],[-77.59574936199994,-8.848581601999967],[-77.59452086099998,-8.844077351999886],[-77.59635661199991,-8.841216976999931],[-77.59762498699996,-8.833767601999966],[-77.59599611199997,-8.83184672599998],[-77.59187948699997,-8.829178226999943],[-77.58907761199993,-8.826412851999976],[-77.58843723699988,-8.82326510199988],[-77.5857904859999,-8.81995635199985],[-77.58105148699985,-8.818333976999895],[-77.58043248699988,-8.811247101999982],[-77.58485111199991,-8.806828476999954],[-77.58679361199995,-8.802474101999849],[-77.58873611199994,-8.800446100999977],[-77.58861748599998,-8.79149747699995],[-77.58514998699997,-8.78548247699996],[-77.58474436199998,-8.783454600999903],[-77.58696423699996,-8.778032726999925],[-77.58167048699988,-8.774019725999892],[-77.58120098699999,-8.77111660099996],[-77.58388211199991,-8.76945960199987],[-77.58721536199994,-8.765808600999947],[-77.5896966119999,-8.764008475999958],[-77.59274311199988,-8.757665226999961],[-77.59081373699996,-8.754314850999947],[-77.58829636199994,-8.753637101999914],[-77.58277548699994,-8.749731226999927],[-77.58596098599998,-8.740589850999982],[-77.58080361199995,-8.737934726999981],[-77.5776794869999,-8.734317225999916],[-77.57426398699994,-8.732306601999937],[-77.57197923699988,-8.728515351999931],[-77.56823811099997,-8.727937851999911],[-77.56520011199996,-8.728439976999937],[-77.56215823699989,-8.727798101999895],[-77.55615923699992,-8.719656601999873],[-77.55394523699988,-8.71901372699989],[-77.55146098699998,-8.716019476999861],[-77.54530386199997,-8.71147922699987],[-77.54364273699991,-8.70562672699998],[-77.54169723599989,-8.703194851999854],[-77.53867711099997,-8.701750351999976],[-77.53080611199994,-8.70040960199998],[-77.52699023699995,-8.69707810199992],[-77.52289136199988,-8.695413101999918],[-77.52033311199995,-8.697851101999845],[-77.51883211199993,-8.697930101999873],[-77.51604086099991,-8.695876101999943],[-77.50607836199993,-8.694583226999896],[-77.49918748699997,-8.697719350999932],[-77.4964792369999,-8.697020976999966],[-77.49445611099992,-8.692901850999874],[-77.49352586199996,-8.688239351999925],[-77.48986561099997,-8.685211100999936],[-77.4860078609999,-8.683431600999938],[-77.48899873699986,-8.67935847599989],[-77.49337448699998,-8.677023101999964],[-77.49657136199988,-8.67459710199995],[-77.5017571119999,-8.66810510199997],[-77.50295548699984,-8.665794226999878],[-77.50506673699988,-8.65124335199988],[-77.50176286199991,-8.64364010199995],[-77.50126073599995,-8.640056601999959],[-77.50233348599988,-8.633734225999945],[-77.50360298599992,-8.63225085199997],[-77.50370536199995,-8.629016975999946],[-77.50098686199993,-8.620427475999861],[-77.50155748699996,-8.614356101999931],[-77.49936323699995,-8.609428851999951],[-77.49655773599994,-8.607363226999894],[-77.49459586199998,-8.603217726999958],[-77.49382848699997,-8.59852910099994],[-77.49188861199997,-8.596530851999887],[-77.4899213619999,-8.590674975999889],[-77.48712036199998,-8.587521225999978],[-77.48252748599998,-8.583810726999843],[-77.47901048599988,-8.578966476999938],[-77.47573436199997,-8.576238226999976],[-77.47160161199997,-8.575531225999953],[-77.46486136199997,-8.58083397699994],[-77.46106061199998,-8.578373101999944],[-77.45901361099999,-8.57794335099993],[-77.4547109859999,-8.575142601999914],[-77.45283986199996,-8.57217185099995],[-77.44603123699989,-8.570849600999907],[-77.44378911199993,-8.5680898519999],[-77.44343748599988,-8.565742351999916],[-77.44137298699997,-8.561101600999905],[-77.43623423699995,-8.553904226999919],[-77.43116623599991,-8.548745976999896],[-77.42577611199988,-8.546558475999973],[-77.42347111199996,-8.54395672599992],[-77.42097073699995,-8.542839851999872],[-77.41958198599997,-8.540921850999894],[-77.41462886099993,-8.53985935199995],[-77.41007611099991,-8.535404350999897],[-77.4062148619999,-8.533078101999934],[-77.40344723599998,-8.530402350999964],[-77.40264848699996,-8.527425726999923],[-77.40020111199988,-8.52668160199994],[-77.39441598699995,-8.527765601999931],[-77.39176761099986,-8.526734351999949],[-77.37290823599994,-8.514621101999978],[-77.37109173599993,-8.511767600999974],[-77.36601748699985,-8.507086976999858],[-77.36391623599997,-8.509813476999852],[-77.35898423599991,-8.511333350999905],[-77.35450798599993,-8.513339851999945],[-77.35128798699998,-8.516661976999842],[-77.34734623699995,-8.51792822699997],[-77.3444666119999,-8.523816850999935],[-77.34063673699995,-8.526521476999903],[-77.33709998699993,-8.531450226999937],[-77.3349427359999,-8.532973226999957],[-77.33258036099994,-8.533027851999918],[-77.32947623699994,-8.530352101999938],[-77.32593548699998,-8.52911135099987],[-77.32222073699995,-8.530468601999928],[-77.3174863619999,-8.53015235099997],[-77.31343161199999,-8.529878850999978],[-77.31168361099992,-8.531425726999885],[-77.31051761099991,-8.535648476999938],[-77.31148436199999,-8.538873101999968],[-77.31503123699997,-8.543121101999873],[-77.31533011199991,-8.544912100999909],[-77.31370698699993,-8.54881447699995],[-77.31078323599996,-8.550890601999981],[-77.31132036199989,-8.55463472699995],[-77.30500786199985,-8.565437476999932],[-77.29671286199988,-8.570019601999888],[-77.29591411099989,-8.572394476999932],[-77.29715423599998,-8.578396476999956],[-77.2948281109999,-8.583468726999968],[-77.28902736199996,-8.589304726999956],[-77.28845511199995,-8.591285101999915],[-77.28829886099999,-8.597335976999886],[-77.29024411099988,-8.601548850999961],[-77.29130661199997,-8.606380851999972],[-77.29123636199995,-8.6113457269999],[-77.29047261099998,-8.615009725999926],[-77.29294136199997,-8.619066351999948],[-77.29156448599997,-8.623578100999964],[-77.29392386199999,-8.62521872699989],[-77.29476173599994,-8.627388726999925],[-77.29399223699994,-8.629820350999978],[-77.2948496109999,-8.63293360199998],[-77.29316986199996,-8.637882851999962],[-77.28730273699995,-8.642687476999924],[-77.28511723599996,-8.644347600999879],[-77.26926361099999,-8.644533226999954],[-77.26347261099994,-8.646374976999937],[-77.26059573599991,-8.648521476999917],[-77.25856836199995,-8.656460975999948],[-77.26038473599988,-8.658568350999928],[-77.26162886099996,-8.664466851999919],[-77.26078123699989,-8.668138726999928],[-77.25824998699989,-8.670658226999933],[-77.25802536199996,-8.674109475999899],[-77.25443361099997,-8.677343601999894],[-77.25171673599988,-8.683390600999928],[-77.252589861,-8.687519475999977],[-77.2504707359999,-8.692478475999906],[-77.251357236,-8.697496101999945],[-77.24951561199993,-8.700240226999881],[-77.2462948619999,-8.702347601999918],[-77.24645311199993,-8.705468726999982],[-77.24774023599991,-8.709777351999946],[-77.24736136199994,-8.712763726999924],[-77.25267386199994,-8.71414060199993],[-77.25781248699997,-8.713792976999912],[-77.26029886199996,-8.714718726999877],[-77.26287486099994,-8.714205100999948],[-77.2703144859999,-8.708123101999945],[-77.27431236099994,-8.703716851999957],[-77.27976761099984,-8.702824225999905],[-77.28751761099988,-8.709160101999942],[-77.29377536099997,-8.71203135199994],[-77.29982811199989,-8.71702935199994],[-77.30239648699995,-8.71804497699992],[-77.30441011199997,-8.721972725999933],[-77.30935736199984,-8.72725785199998],[-77.31215823599996,-8.727665851999973],[-77.31391211199991,-8.729326226999945],[-77.32016011199988,-8.73204497699993],[-77.32579886199989,-8.730103476999886],[-77.32927148599998,-8.730453101999956],[-77.33345511199991,-8.732777351999971],[-77.33691798599989,-8.737347601999943],[-77.34196486099995,-8.73974610199997],[-77.34643548699995,-8.739718725999978],[-77.35101361199992,-8.742826226999966],[-77.36135336199993,-8.748845726999946],[-77.3662929869999,-8.74975385199997],[-77.3690957369999,-8.754878851999877],[-77.37649023599994,-8.75903510199987],[-77.37841798699992,-8.759456976999957],[-77.38094923599994,-8.761781226999972],[-77.38676561199998,-8.76348047599987],[-77.39265236199998,-8.767619101999912],[-77.39500386199995,-8.770097601999908],[-77.39193423599988,-8.771106976999931],[-77.38956023599991,-8.776172226999904],[-77.39264448699993,-8.777433600999927],[-77.39513811099994,-8.781441976999929],[-77.39506786199996,-8.783170851999898],[-77.39763823699997,-8.789159851999898],[-77.3976378619999,-8.791036351999935],[-77.4002077369999,-8.793684101999872],[-77.40053873599993,-8.795338976999858],[-77.4054238619999,-8.79858197699997],[-77.41569923599997,-8.806937476999906],[-77.42212498599997,-8.808605476999901],[-77.43131036099993,-8.809080851999909],[-77.43524011199992,-8.810592476999943],[-77.43793136199986,-8.813496225999927],[-77.43816611199992,-8.824643226999967],[-77.43978836199994,-8.828193476999957],[-77.44538136199998,-8.83441260199993],[-77.44713286099994,-8.838320351999869],[-77.44373636199992,-8.841189476999944],[-77.44212298699995,-8.844660101999978],[-77.44003911199997,-8.8470154769999],[-77.4355488619999,-8.848074226999927],[-77.43130273699995,-8.851988226999936],[-77.42849798599997,-8.852404351999894],[-77.42375973699995,-8.855742225999961],[-77.41999998699998,-8.861794976999931],[-77.41447261199988,-8.864171976999955],[-77.40928511199985,-8.867150351999896],[-77.40278711199988,-8.872507851999899],[-77.39784373699996,-8.87677735199992],[-77.39485736199998,-8.880085975999975]]]},"properties":{"ubigeo":"021100","nombre":"POMABAMBA"}},{"type":"Feature","geometry":{"type":"Polygon","coordinates":[[[-77.55390423699998,-10.186408227999891],[-77.5546528619999,-10.188464602999886],[-77.55383948699995,-10.19337335299997],[-77.55438561199992,-10.195209102999968],[-77.55395748699993,-10.199923602999945],[-77.55455236199992,-10.201946227999883],[-77.55793123699993,-10.205967477999877],[-77.55683661199993,-10.21124985299997],[-77.55724111199993,-10.215532852999957],[-77.55967273699997,-10.218376478999971],[-77.56088161099996,-10.223411728999963],[-77.56122648699989,-10.231008852999878],[-77.56770311199995,-10.236150352999971],[-77.56989061199994,-10.239396477999946],[-77.57123836199997,-10.244027852999977],[-77.57532311199998,-10.249860227999932],[-77.57792523599988,-10.249364977999903],[-77.58373086099994,-10.24580685299992],[-77.58580961199988,-10.242934852999952],[-77.58862698699994,-10.241130977999944],[-77.59167923699988,-10.237216977999935],[-77.59429636099998,-10.237093977999962],[-77.59935736099999,-10.239080102999878],[-77.60802536199998,-10.24050972799995],[-77.61098761199992,-10.238237477999974],[-77.61555098699995,-10.236459102999902],[-77.61659123699991,-10.234747727999888],[-77.62174773699996,-10.230874352999933],[-77.62562223699996,-10.229435352999928],[-77.6302817369999,-10.225980102999927],[-77.63569586199998,-10.224099602999956],[-77.64249273699994,-10.225118102999943],[-77.65263086199997,-10.219210602999965],[-77.65648673699997,-10.218239227999902],[-77.65988686199995,-10.21832222799992],[-77.66165161199996,-10.21718260299997],[-77.66708998699994,-10.216427352999915],[-77.66870048699997,-10.214716102999887],[-77.67440436199996,-10.206711478999978],[-77.67620898699994,-10.203210977999902],[-77.6765058609999,-10.200136602999976],[-77.67584961199998,-10.196148477999884],[-77.67369923699994,-10.189064477999977],[-77.67310348699993,-10.184939477999876],[-77.66938086199997,-10.180054728999949],[-77.66717411199988,-10.173213227999895],[-77.66261636199994,-10.168912727999952],[-77.66227073699991,-10.166562602999932],[-77.66037173699993,-10.163226602999941],[-77.65988623699997,-10.157438977999902],[-77.65625761099994,-10.151978477999933],[-77.65740011199995,-10.146866352999893],[-77.66013448699982,-10.143909852999968],[-77.67067098699994,-10.139885727999967],[-77.67399511199994,-10.13955547799992],[-77.67746023699993,-10.140913227999931],[-77.67989036199998,-10.140336477999881],[-77.68548173599999,-10.141485977999878],[-77.69325198699994,-10.146023477999961],[-77.69683786199988,-10.144955102999916],[-77.69878323699999,-10.141394477999938],[-77.69797861199999,-10.137704977999931],[-77.69810923699993,-10.12852422799989],[-77.69909011199991,-10.123288727999977],[-77.69867948699994,-10.121086477999881],[-77.69907986199996,-10.115179852999972],[-77.69978061199993,-10.112857227999882],[-77.69968048699991,-10.108532477999972],[-77.70384336199999,-10.104168227999935],[-77.70754086199997,-10.102199852999945],[-77.7108529869999,-10.097380102999978],[-77.71725998699998,-10.092694852999898],[-77.71838136199995,-10.090632602999904],[-77.71876186099996,-10.087028477999922],[-77.72186523699997,-10.078679227999942],[-77.72138473699994,-10.076056352999899],[-77.72139648699994,-10.069284977999928],[-77.71891211199988,-10.063029977999918],[-77.71347586199994,-10.059377727999959],[-77.70995198699995,-10.05451235299995],[-77.70997011199995,-10.052445977999923],[-77.71261498699994,-10.051188477999972],[-77.71591873699992,-10.048265352999977],[-77.71930473699996,-10.048229727999967],[-77.72635023699996,-10.046102977999851],[-77.729874237,-10.043640227999902],[-77.73950498699998,-10.042118477999963],[-77.74494186199996,-10.042484602999934],[-77.74915573699997,-10.04556235299998],[-77.75344048699992,-10.042819227999928],[-77.75594948699995,-10.03972947799997],[-77.75998773699996,-10.03152672799996],[-77.76538298699995,-10.026985477999972],[-77.7705003619999,-10.025101602999882],[-77.77043273699991,-10.018295227999943],[-77.77259511199992,-10.014103852999881],[-77.77489098699994,-10.01167460299996],[-77.77336936199998,-10.008951477999972],[-77.77527536199995,-10.004193352999948],[-77.77498986199993,-10.001432977999968],[-77.77206123699989,-9.994855852999876],[-77.76888148699999,-9.990687852999827],[-77.76393161199996,-9.989904352999929],[-77.7644472369999,-9.992746102999945],[-77.76341011099998,-9.99509572799991],[-77.75885736199996,-9.994572227999981],[-77.75497461199996,-9.997712852999939],[-77.75288286099999,-10.001615227999878],[-77.75287111199998,-10.003439477999905],[-77.75063473699998,-10.00621485299996],[-77.74250973699998,-10.009154352999929],[-77.73986723699988,-10.007089852999968],[-77.73524023699997,-10.007525352999949],[-77.73202348699988,-10.010576227999934],[-77.72752736199993,-10.013794977999908],[-77.72238086199991,-10.014261727999894],[-77.71938286199992,-10.013083977999884],[-77.7147636119999,-10.013384727999892],[-77.71234961199991,-10.012599602999956],[-77.7047891119999,-10.015273477999926],[-77.70152923699993,-10.014630852999971],[-77.69314648699992,-10.016072227999928],[-77.68797473699993,-10.020089852999945],[-77.68313286199998,-10.021105477999924],[-77.67876561199995,-10.020976602999951],[-77.67440823699991,-10.019882727999914],[-77.67029686199999,-10.019871102999957],[-77.6660117369999,-10.022056602999953],[-77.66074611199997,-10.021240227999897],[-77.65442773699988,-10.021019477999914],[-77.64567973699985,-10.023773477999953],[-77.64469723699989,-10.022994102999974],[-77.63917186199996,-10.022712852999973],[-77.63567386199992,-10.023128852999946],[-77.63140823699996,-10.022017602999824],[-77.63161723699983,-10.017369102999965],[-77.62943948699996,-10.010826227999928],[-77.63044136199994,-10.00377147799992],[-77.6287287369999,-9.998303727999883],[-77.62505086199991,-9.992252477999955],[-77.62448586199997,-9.986003602999915],[-77.62066336199996,-9.979389227999945],[-77.62023011199994,-9.977056852999965],[-77.61345073599995,-9.975267727999892],[-77.61142636199997,-9.97390760299993],[-77.61132348599989,-9.969484227999942],[-77.6093966119999,-9.963290852999876],[-77.61059223699988,-9.956620977999933],[-77.60816973699991,-9.950135977999821],[-77.60385023599991,-9.9470371029999],[-77.59818886199992,-9.942169477999869],[-77.59807336199987,-9.937355352999873],[-77.59540061199988,-9.931597476999912],[-77.59114073699993,-9.929409477999968],[-77.5913582369999,-9.926285977999896],[-77.58579673599996,-9.923426352999911],[-77.58505661199996,-9.919025727999951],[-77.58154548699997,-9.914929352999934],[-77.57889498699996,-9.909869226999945],[-77.56863698699993,-9.900712852999959],[-77.56374886199995,-9.900403102999917],[-77.56240661099991,-9.89583872799983],[-77.55806561199995,-9.893630602999906],[-77.55604698699989,-9.887331477999908],[-77.5503171119999,-9.87846247799996],[-77.55259611199989,-9.873828852999907],[-77.55249023699997,-9.872179727999821],[-77.54628111199992,-9.869928352999978],[-77.54400573699996,-9.865347101999873],[-77.54218536199988,-9.863314352999907],[-77.53772661199991,-9.86126760299993],[-77.53054098699994,-9.862732476999838],[-77.52479486199991,-9.86770897799994],[-77.52146098699995,-9.867851602999906],[-77.51824223699998,-9.865904352999905],[-77.5156093619999,-9.866421852999906],[-77.50990236199988,-9.865841852999893],[-77.50621873699998,-9.867187477999948],[-77.5040996109999,-9.869345602999886],[-77.50377736199988,-9.874119102999941],[-77.50264648699994,-9.87470510299994],[-77.49938273699996,-9.87296097799998],[-77.49569723699994,-9.873708977999968],[-77.49105861199996,-9.870697227999926],[-77.48287211199982,-9.871687977999898],[-77.47890423599995,-9.873769476999882],[-77.47865498699997,-9.867026977999956],[-77.47906261199995,-9.861433102999968],[-77.48084911099994,-9.858239727999887],[-77.48427148699994,-9.854706977999967],[-77.48363736199997,-9.851536351999926],[-77.48472436199995,-9.84897722799991],[-77.48392136099994,-9.844682477999925],[-77.484067612,-9.840960227999972],[-77.485041487,-9.838831477999975],[-77.4876004869999,-9.837902977999875],[-77.49058998699996,-9.838401227999896],[-77.49428136199998,-9.837517977999823],[-77.49244698699988,-9.828597352999964],[-77.49010973699995,-9.826477601999898],[-77.48895311099989,-9.819837851999978],[-77.49196673699993,-9.81626372799991],[-77.49446873699992,-9.81480860299996],[-77.50194048699996,-9.81325185299994],[-77.50431386199995,-9.810968977999948],[-77.50608011199989,-9.807519477999904],[-77.50545223599994,-9.80485497799998],[-77.5068818609999,-9.799064727999905],[-77.51145223699996,-9.798232352999946],[-77.51503948699991,-9.795804726999904],[-77.51837311199989,-9.795460352999953],[-77.5214531119999,-9.79227172799989],[-77.52230461199991,-9.787579476999952],[-77.52093361199991,-9.785787102999961],[-77.52244948699985,-9.78194485299997],[-77.52168861199993,-9.774570977999929],[-77.52404386199987,-9.770204602999968],[-77.52527586199994,-9.765530352999917],[-77.52987011199991,-9.764021477999961],[-77.53263661199992,-9.74961860299993],[-77.53367648699998,-9.748133977999942],[-77.53452461199998,-9.741897101999939],[-77.53625148599997,-9.737866351999912],[-77.53054373599997,-9.734891976999961],[-77.52781323599999,-9.729238352999971],[-77.52508286199986,-9.726475852999897],[-77.52447248699997,-9.721818102999976],[-77.52500211199992,-9.718962226999963],[-77.52327048599983,-9.716337977999899],[-77.52093898699991,-9.710350226999878],[-77.5221594869999,-9.70652760199988],[-77.52598223699994,-9.701484352999955],[-77.52707448699988,-9.695156227999973],[-77.52559673699994,-9.689598976999946],[-77.52363723599996,-9.687543102999939],[-77.52206323699994,-9.684170101999939],[-77.51692186199989,-9.678824226999893],[-77.51523636199988,-9.676089852999894],[-77.51231448699997,-9.674421851999966],[-77.51113086099991,-9.672568351999928],[-77.51020898699994,-9.668156226999827],[-77.50675173699995,-9.666193601999964],[-77.50309773599997,-9.662697226999967],[-77.49265036199995,-9.665601602999914],[-77.4848632369999,-9.662882852999928],[-77.48412498699992,-9.661595727999952],[-77.48268361099997,-9.666359352999905],[-77.48085161099988,-9.66741210299989],[-77.47936136199996,-9.671425726999871],[-77.47558398699994,-9.672945352999932],[-77.47168948699994,-9.672195352999893],[-77.46769336199998,-9.668835977999947],[-77.46432811199998,-9.666835976999835],[-77.4605292359999,-9.666718726999875],[-77.45500586099996,-9.668591851999963],[-77.452050736,-9.66812497799998],[-77.44880073699989,-9.669486351999922],[-77.44465423699995,-9.67309372699998],[-77.44073436199994,-9.677513727999951],[-77.43519336199995,-9.67577347799994],[-77.43261723699999,-9.673351601999968],[-77.43058361199996,-9.673607101999892],[-77.42702448699998,-9.675695977999965],[-77.42438111199994,-9.67971747799993],[-77.41823523599999,-9.679666477999945],[-77.41113611199995,-9.678323226999964],[-77.40755048599993,-9.675407727999925],[-77.39976998699996,-9.672529852999958],[-77.39552086099997,-9.67274635299998],[-77.38681836199999,-9.67051772799988],[-77.38376298699995,-9.67028322799996],[-77.38032386199995,-9.671352227999932],[-77.37772136199993,-9.67116622799989],[-77.37251636199994,-9.669586102999915],[-77.3668618619999,-9.671642352999982],[-77.35832261199988,-9.671148352999921],[-77.35064411199988,-9.667994102999899],[-77.34372023599997,-9.665724727999816],[-77.34129036099995,-9.666410477999875],[-77.33852923699999,-9.665426226999898],[-77.33504136099998,-9.665491477999979],[-77.33139811199999,-9.667536852999888],[-77.33108786199989,-9.670354476999876],[-77.32917486199995,-9.672339976999979],[-77.3292588619999,-9.676262226999938],[-77.3269188619999,-9.678933227999948],[-77.32465361099997,-9.676266852999959],[-77.31950048699991,-9.676412102999905],[-77.3159748619999,-9.675063976999922],[-77.31099436099993,-9.674310602999924],[-77.3092444859999,-9.671702102999916],[-77.30402723699996,-9.670956727999965],[-77.30043036199999,-9.669012476999967],[-77.29728711099989,-9.666079851999882],[-77.2950673609999,-9.658788727999934],[-77.29313936199998,-9.657330602999934],[-77.28925311199998,-9.657982352999852],[-77.28534348599993,-9.655292101999919],[-77.28120398599992,-9.654872352999917],[-77.27769961099995,-9.652929602999961],[-77.27593161099998,-9.653813726999886],[-77.26970573599988,-9.64873885299994],[-77.26525161099994,-9.653122602999929],[-77.26360636199996,-9.656267102999948],[-77.26544198599998,-9.659667727999931],[-77.26016523699991,-9.662927477999915],[-77.25624398699995,-9.666809726999873],[-77.25430523599994,-9.66977697699997],[-77.25449548599994,-9.675472227999933],[-77.25253161199998,-9.676221727999973],[-77.2490604859999,-9.67981097799992],[-77.24979473699995,-9.68262072799996],[-77.25200761199989,-9.684784726999965],[-77.25143961199996,-9.688626727999974],[-77.25063086199992,-9.691861726999946],[-77.24300573699998,-9.701083851999954],[-77.24033548699992,-9.702905602999977],[-77.23159711099999,-9.705233602999954],[-77.22957348699998,-9.707096977999925],[-77.22777298699992,-9.713389227999926],[-77.23202023599998,-9.716157727999928],[-77.23345461099984,-9.719198602999882],[-77.23375098599996,-9.722558852999896],[-77.23598461199998,-9.72500985299996],[-77.23566836199996,-9.727401602999976],[-77.23357036099998,-9.728944227999932],[-77.23043748699996,-9.737061227999902],[-77.23082973599998,-9.741512102999934],[-77.23241086099989,-9.745094226999925],[-77.23079161199996,-9.747485102999974],[-77.23337236099997,-9.74993922699997],[-77.23501448599995,-9.754292977999967],[-77.23765736099995,-9.755829852999966],[-77.23975373699994,-9.762524727999846],[-77.24215286099991,-9.76862110299993],[-77.2449361109999,-9.771642477999933],[-77.24558361099992,-9.77383147799992],[-77.24339211099988,-9.778102602999923],[-77.23929673699996,-9.780400477999876],[-77.23848423599998,-9.785320727999931],[-77.23880898699991,-9.787718352999889],[-77.24129936199995,-9.791516102999879],[-77.24124723599988,-9.799395852999965],[-77.24203486199985,-9.803382477999946],[-77.2438477359999,-9.805732476999935],[-77.24269848599994,-9.808375977999901],[-77.23883961099989,-9.808904852999888],[-77.2350667369999,-9.806174976999955],[-77.22572473599985,-9.806639851999876],[-77.22153911099991,-9.811318227999891],[-77.22035323599994,-9.817460601999926],[-77.21693711199998,-9.82393297799996],[-77.21518073599998,-9.824718227999938],[-77.20968411099994,-9.824532227999896],[-77.20659473599994,-9.821206227999937],[-77.20509798599988,-9.822651602999883],[-77.20533323599983,-9.828494477999982],[-77.20282336199989,-9.83110122699992],[-77.20031948599996,-9.832161227999961],[-77.19690623599996,-9.832199102999937],[-77.18881286099992,-9.83403360299991],[-77.18713473599996,-9.83621285299995],[-77.18756698699997,-9.841796977999934],[-77.18680761199994,-9.84305335299996],[-77.18901998699994,-9.84752435299987],[-77.18680761199994,-9.85272922799993],[-77.18703811099988,-9.857580852999888],[-77.18555273699991,-9.859455477999859],[-77.18532798599995,-9.862328227999967],[-77.18290261199985,-9.867063352999878],[-77.18328973599989,-9.869147727999973],[-77.18217836099996,-9.872196977999977],[-77.18348661099992,-9.878278602999956],[-77.18244761099993,-9.883761227999912],[-77.18056323699989,-9.886855227999945],[-77.17870223599994,-9.888157977999981],[-77.1771988619999,-9.895120102999954],[-77.17717261099995,-9.898365352999974],[-77.17391798599994,-9.905470227999956],[-77.17327723599993,-9.91049422799989],[-77.17378986199992,-9.913134227999933],[-77.17799348599993,-9.916594602999965],[-77.18088361099996,-9.921829102999936],[-77.18616823699995,-9.923336351999922],[-77.18905248599992,-9.929491102999975],[-77.1987517369999,-9.92427435299993],[-77.20147848699992,-9.925410476999957],[-77.20565223599993,-9.925646726999958],[-77.20847536099984,-9.924787727999842],[-77.21423486199996,-9.920712977999926],[-77.2178754869999,-9.919214477999958],[-77.22015723699997,-9.924546477999968],[-77.21951473699994,-9.927679227999874],[-77.21691211099994,-9.930121102999976],[-77.21516898699997,-9.93485822799994],[-77.21606361099992,-9.94297447799994],[-77.22166623699997,-9.948768852999933],[-77.22343886199997,-9.951990852999927],[-77.21467173699995,-9.956316727999877],[-77.21072636199995,-9.958745852999868],[-77.2062218619999,-9.964170602999957],[-77.20560411199995,-9.967025102999969],[-77.20886348599998,-9.972840852999923],[-77.20839473699994,-9.977229102999843],[-77.20999248599998,-9.979125102999944],[-77.21022673599998,-9.98157485299987],[-77.2125972369999,-9.984960352999963],[-77.21271923599988,-9.989840352999977],[-77.20954511199989,-9.993845227999941],[-77.21109436199998,-9.998795852999933],[-77.21156886199998,-10.00343135299994],[-77.21413586099993,-10.008573102999947],[-77.21881173699995,-10.013763102999917],[-77.21784173599997,-10.018925102999901],[-77.21411911199988,-10.023732477999943],[-77.21700198699995,-10.026687477999928],[-77.2170058609999,-10.031251977999943],[-77.22068748599997,-10.030738227999905],[-77.22235548599997,-10.034740227999919],[-77.22423061099994,-10.03656247799995],[-77.22390823599983,-10.039412102999847],[-77.21976936099992,-10.041953102999969],[-77.21884173699993,-10.044958977999954],[-77.21544423699993,-10.046215727999936],[-77.21295411199998,-10.049412227999937],[-77.21064848699996,-10.057439477999935],[-77.20792773599999,-10.061535102999926],[-77.20893948699995,-10.070685602999959],[-77.21118936099987,-10.075695352999958],[-77.21549998599994,-10.07923647799987],[-77.21673261099994,-10.083709977999888],[-77.21624161099999,-10.086804977999918],[-77.2106093619999,-10.089626977999899],[-77.20851173599993,-10.09152147799989],[-77.20481048599999,-10.092394477999846],[-77.20156048699994,-10.092171727999869],[-77.20431486099994,-10.09974247799994],[-77.20792123599989,-10.105355477999922],[-77.20763861099988,-10.109281477999957],[-77.21011773599992,-10.115155352999977],[-77.20897661099991,-10.118518352999956],[-77.20474661099996,-10.126028602999895],[-77.20719261099993,-10.128209977999916],[-77.20877923599994,-10.132480477999934],[-77.21277498699999,-10.133711602999938],[-77.21834923599994,-10.133366102999958],[-77.22296136099999,-10.134013727999957],[-77.22731836099996,-10.13332222799994],[-77.23204098699995,-10.133462852999969],[-77.23532811099994,-10.13507422799995],[-77.23977736199993,-10.134494102999838],[-77.24948823699998,-10.136513727999954],[-77.25428711199993,-10.14136135299998],[-77.25763661199994,-10.147673852999901],[-77.26319923599993,-10.151025352999909],[-77.2655937369999,-10.153214852999895],[-77.26844723599993,-10.154142602999912],[-77.27208011099998,-10.153132852999931],[-77.27567398599996,-10.154626977999953],[-77.27817573699991,-10.159724602999916],[-77.28044923599992,-10.160314477999975],[-77.28366798599995,-10.15421172799995],[-77.28841036199998,-10.150372727999923],[-77.29300973699992,-10.145960602999935],[-77.29908011099991,-10.138412102999894],[-77.30638223599988,-10.136618977999944],[-77.31060861099996,-10.134621227999958],[-77.31998323599998,-10.127377352999929],[-77.32369523699998,-10.127044227999932],[-77.33304648599994,-10.129780727999957],[-77.33518473599992,-10.129044102999899],[-77.34233623699993,-10.130837227999962],[-77.34231923699997,-10.13327722799994],[-77.34029148699994,-10.136359477999974],[-77.33696598599988,-10.138873977999936],[-77.3351813619999,-10.144227352999962],[-77.33720923599992,-10.147228477999931],[-77.33834473699994,-10.150878477999925],[-77.34231923699997,-10.155501852999862],[-77.34580711099989,-10.160530852999955],[-77.34910998599997,-10.15699997799993],[-77.35276998699993,-10.156149977999917],[-77.3567199869999,-10.153019977999918],[-77.35788998599998,-10.15117997799996],[-77.36145998699999,-10.14986997799997],[-77.36662986099998,-10.149049977999937],[-77.3716377369999,-10.14721047799992],[-77.37671486199997,-10.148089852999874],[-77.38012698699993,-10.146853477999969],[-77.3850429869999,-10.141984352999884],[-77.38734373699992,-10.140982477999955],[-77.39091023699996,-10.13749410299988],[-77.39331048599996,-10.132814477999943],[-77.39828123599995,-10.133843727999931],[-77.40064848699996,-10.132154352999976],[-77.4064238609999,-10.134878852999975],[-77.40931636199997,-10.135119102999965],[-77.41288473599997,-10.13667385399998],[-77.41474411199988,-10.138830102999975],[-77.4194783609999,-10.141333977999977],[-77.4262948619999,-10.141798852999898],[-77.42873436199989,-10.14122847799996],[-77.43682611199989,-10.142515602999879],[-77.44423048599987,-10.147177727999974],[-77.44811523599992,-10.150636727999938],[-77.45438673699988,-10.153833977999966],[-77.45577736099995,-10.15546872799996],[-77.45866598599991,-10.156162102999929],[-77.46659573699992,-10.154583977999948],[-77.47090823699989,-10.155445352999891],[-77.47433011199996,-10.155763727999954],[-77.47821286199996,-10.154052727999954],[-77.4804374869999,-10.154017602999886],[-77.48422461199982,-10.155480602999944],[-77.48865423699993,-10.154994102999922],[-77.49407611099986,-10.15322847799996],[-77.49844411199996,-10.149044102999937],[-77.49908586099991,-10.14723372799989],[-77.50557511199997,-10.1457437279999],[-77.51526361099991,-10.14740035299991],[-77.5170078619999,-10.148339602999954],[-77.51610023699993,-10.152004477999924],[-77.51896448699995,-10.153653602999952],[-77.52437536099995,-10.158858477999956],[-77.52762861199989,-10.164518852999947],[-77.53066248699992,-10.167267102999972],[-77.53094961199997,-10.17017897799991],[-77.53401748699997,-10.17345372799997],[-77.53587348699995,-10.173810602999936],[-77.53922861099994,-10.172359102999906],[-77.54330936199989,-10.173682727999847],[-77.54604686199997,-10.175363352999966],[-77.54820698599991,-10.180547352999838],[-77.55054886199997,-10.184203102999959],[-77.55390423699998,-10.186408227999891]]]},"properties":{"ubigeo":"021200","nombre":"RECUAY"}},{"type":"Feature","geometry":{"type":"Polygon","coordinates":[[[-78.36558211199997,-9.272254476999933],[-78.36967386199996,-9.276470851999932],[-78.37074636199992,-9.28018885199998],[-78.371508238,-9.287198352999951],[-78.37681623799989,-9.29486910199995],[-78.38231636299997,-9.301914102999945],[-78.38581836299983,-9.305304726999907],[-78.3850488619999,-9.311244102999979],[-78.38324023799993,-9.316580101999818],[-78.3836156129999,-9.326188351999974],[-78.38692936299998,-9.325245726999981],[-78.38965623699994,-9.326568351999981],[-78.39221873799994,-9.330572226999948],[-78.3978163619999,-9.336062476999928],[-78.39934936199984,-9.337333977999947],[-78.40072711199997,-9.341328726999905],[-78.40381236299999,-9.347127851999971],[-78.40983323799998,-9.350945601999967],[-78.41172536199991,-9.35344097799998],[-78.41735298799989,-9.35524072699991],[-78.42678898699995,-9.351124976999927],[-78.42789448699989,-9.349300727999946],[-78.42594336199994,-9.350488226999971],[-78.42425786299992,-9.348353476999932],[-78.42417773799997,-9.345441351999852],[-78.42539648699989,-9.341298851999909],[-78.43070511299993,-9.340058601999885],[-78.43196873699998,-9.34271685199991],[-78.43521673799995,-9.337660101999973],[-78.43669136299991,-9.340011726999933],[-78.43872461199999,-9.34060547799993],[-78.44052736299994,-9.336794976999954],[-78.44001173799984,-9.335238351999976],[-78.44209961199994,-9.330923851999842],[-78.44293748699988,-9.327027352999949],[-78.44579086199997,-9.32599810299996],[-78.44897461299996,-9.326193351999962],[-78.44881448799998,-9.328181602999962],[-78.45153123699993,-9.329998227999965],[-78.45388086299994,-9.326996101999953],[-78.45613473799989,-9.327527351999834],[-78.45849023799991,-9.326251977999902],[-78.45807223799989,-9.322363226999926],[-78.4584159879999,-9.317785102999949],[-78.46085548799988,-9.316185602999951],[-78.46591211199996,-9.315208977999873],[-78.47143748799994,-9.316097601999957],[-78.47460736199997,-9.317935601999977],[-78.4754472379999,-9.32026372699994],[-78.47318161199996,-9.323898477999933],[-78.47359173799993,-9.327652351999973],[-78.47218361199998,-9.328619101999948],[-78.47506448699994,-9.331539102999955],[-78.47793361299995,-9.33115235199989],[-78.47889061299998,-9.33475597699993],[-78.48181636199985,-9.33272660199998],[-78.4815937379999,-9.330708977999905],[-78.47916811299984,-9.326607477999914],[-78.47944536299997,-9.32209960299997],[-78.48137886299997,-9.322746101999826],[-78.48738673799994,-9.32091010199997],[-78.48696486299997,-9.319017601999974],[-78.49284761199988,-9.310402351999926],[-78.49440036299984,-9.313447227999973],[-78.49758011199992,-9.312667976999933],[-78.49807036199991,-9.310302726999907],[-78.49553511299996,-9.308783227999982],[-78.49502148799996,-9.305501976999892],[-78.49686911299989,-9.302611352999975],[-78.50136523799995,-9.301054726999894],[-78.50065623799998,-9.298576226999899],[-78.49656048699995,-9.296232476999876],[-78.49654298799993,-9.291089727999974],[-78.4994336119999,-9.286220726999886],[-78.50184173799994,-9.283943352999927],[-78.50898236299986,-9.278814476999969],[-78.51441011299988,-9.276835976999962],[-78.51808986299989,-9.277548851999939],[-78.52187298799998,-9.276292976999969],[-78.52337498799994,-9.277587852999886],[-78.52557611299989,-9.273968726999954],[-78.52335936199995,-9.273347601999944],[-78.52395511299994,-9.270189477999963],[-78.51738086299991,-9.270956976999969],[-78.51762511199996,-9.268427602999964],[-78.51573636199993,-9.265847601999894],[-78.5134121129999,-9.267378852999855],[-78.50947661299989,-9.259126852999884],[-78.50707223699999,-9.257285101999912],[-78.50124023799998,-9.256701226999951],[-78.49753511199992,-9.257921851999924],[-78.49585161199991,-9.256410101999904],[-78.49423236299998,-9.25259572799996],[-78.49179686299988,-9.250869226999953],[-78.49061323799992,-9.245937476999927],[-78.49149411299999,-9.243656226999974],[-78.49027536299997,-9.241009726999948],[-78.49026173799996,-9.237755851999964],[-78.48754298799992,-9.231275351999955],[-78.48486323799995,-9.219292976999895],[-78.48469923799996,-9.216769601999943],[-78.48669723799992,-9.21326935199994],[-78.48549023699996,-9.211687476999884],[-78.48497073699997,-9.20790622699991],[-78.48644723699994,-9.206083977999981],[-78.48681048799995,-9.203347601999951],[-78.48820311299988,-9.201679726999885],[-78.49477148799997,-9.195595726999898],[-78.49351761199989,-9.192697226999883],[-78.49775198699996,-9.18814260199997],[-78.50252923699998,-9.186513726999976],[-78.50650973799998,-9.18435360199993],[-78.50830073799995,-9.180382851999923],[-78.51694136299989,-9.177810601999965],[-78.52649998799996,-9.176240226999823],[-78.53324223799996,-9.174615226999947],[-78.54079298699992,-9.174304601999893],[-78.54727923799999,-9.175341852999907],[-78.55175386299993,-9.176529351999932],[-78.55747661199996,-9.178882851999958],[-78.5621854879999,-9.181742226999972],[-78.56493161299994,-9.184624977999931],[-78.56598823699994,-9.188337852999894],[-78.56622848799992,-9.194322101999944],[-78.55958598799992,-9.198578101999942],[-78.55676173699993,-9.203484351999975],[-78.55780073799991,-9.207134726999868],[-78.55969336199996,-9.209794976999888],[-78.55940036299995,-9.212792977999982],[-78.55786323699994,-9.216722602999937],[-78.55518161299995,-9.220581976999938],[-78.55441986199997,-9.226757852999981],[-78.55289061299999,-9.22810160299997],[-78.55278711199998,-9.231328101999964],[-78.55387886199998,-9.235123101999875],[-78.55834761299997,-9.230208976999961],[-78.56419136199997,-9.229013727999927],[-78.56943948699995,-9.22378710199996],[-78.56953123799991,-9.222115101999975],[-78.56767186299999,-9.218876976999923],[-78.57052536299994,-9.217740226999922],[-78.57620111299997,-9.213792977999901],[-78.57675198699997,-9.210453101999974],[-78.57519536299998,-9.206058601999928],[-78.57997461199989,-9.207365226999912],[-78.58110936199989,-9.206251976999908],[-78.58174023699996,-9.201755851999962],[-78.57685348699994,-9.196706976999849],[-78.57704098799991,-9.194738226999846],[-78.58059573799994,-9.1947617269999],[-78.58279686299983,-9.197515601999953],[-78.58455861199991,-9.194283226999858],[-78.58683998799995,-9.195617227999833],[-78.59000386299988,-9.19567572699998],[-78.59216411299985,-9.190945351999972],[-78.59411723699998,-9.192792976999897],[-78.59594923799995,-9.188140602999908],[-78.59793148799992,-9.185289101999956],[-78.600855487,-9.186140601999966],[-78.60086323799993,-9.1794531029999],[-78.60388473799998,-9.175316351999925],[-78.60919336199993,-9.174330101999942],[-78.60548436199991,-9.171197226999936],[-78.6077051119999,-9.169456976999982],[-78.60726173699999,-9.163996101999885],[-78.6105156129999,-9.162896476999947],[-78.6107676129999,-9.16054885199992],[-78.60776548799993,-9.160529351999912],[-78.6056268619999,-9.162349601999892],[-78.60537298799994,-9.164417976999971],[-78.60304098799998,-9.165441351999903],[-78.59807811199988,-9.163691351999887],[-78.59785348799994,-9.167314476999934],[-78.59071873799996,-9.166552726999953],[-78.59021486299997,-9.164154351999912],[-78.58476173799994,-9.164081976999967],[-78.58380473799997,-9.169615226999952],[-78.58066798799996,-9.170831851999878],[-78.57746486299999,-9.169654227999956],[-78.57224223699995,-9.171570352999879],[-78.57040036299998,-9.17071872699995],[-78.56539448799992,-9.164628851999908],[-78.56080473799989,-9.155036977999941],[-78.55869136299998,-9.147009726999954],[-78.55786523799992,-9.139238226999964],[-78.55785736299998,-9.1296502269999],[-78.55922261299997,-9.122826227999894],[-78.56126948699995,-9.116152476999957],[-78.56562286199994,-9.10709185199994],[-78.57093748799991,-9.0982422269999],[-78.57610936299994,-9.09146285199995],[-78.58265036299997,-9.08441210199993],[-78.58839848699995,-9.08027735199994],[-78.59579886299986,-9.077576226999952],[-78.60529098699999,-9.07612097699996],[-78.61007811299987,-9.08101372699997],[-78.61332611299991,-9.08061910299989],[-78.60956248799994,-9.076665976999948],[-78.61222261199993,-9.073011726999937],[-78.61518161299989,-9.073646476999954],[-78.61834761199992,-9.076242226999966],[-78.62139461199996,-9.077417976999868],[-78.62137498699997,-9.080499976999874],[-78.62319923799998,-9.080900351999901],[-78.62479098799997,-9.078074226999945],[-78.62687886199996,-9.077093726999976],[-78.63001761299995,-9.07284760199991],[-78.62916798799995,-9.070574226999952],[-78.63328511299994,-9.066777352999907],[-78.63099998699988,-9.057507851999901],[-78.63295898699988,-9.056706976999976],[-78.63413673799988,-9.053333976999966],[-78.63773236299994,-9.048394476999931],[-78.63767973799997,-9.047540976999926],[-78.63510548799997,-9.044339851999894],[-78.63621486299996,-9.04149022699994],[-78.63513473799998,-9.039640601999963],[-78.63446486199996,-9.033669976999931],[-78.63255861299996,-9.027718726999922],[-78.62869336299991,-9.025093726999899],[-78.62519536299993,-9.024482476999935],[-78.62356448799994,-9.02109185199987],[-78.62122261299993,-9.020544976999929],[-78.62140623799996,-9.016318351999928],[-78.62292386299993,-9.013406226999905],[-78.62987298799999,-9.007287101999964],[-78.64085161299994,-9.000896476999856],[-78.64765236299996,-8.999412101999951],[-78.6548984879999,-8.996304726999881],[-78.65679486299996,-8.99675972699987],[-78.65810548699994,-8.993720726999982],[-78.65717973699992,-8.99071485199994],[-78.65809573799993,-8.989609351999945],[-78.65805661199994,-8.985966851999933],[-78.65393948799988,-8.988046851999911],[-78.65131448799991,-8.99093947699987],[-78.64812498799989,-8.989365226999837],[-78.64406448799986,-8.983265601999904],[-78.64413286299998,-8.974658226999964],[-78.64492386299997,-8.969228476999945],[-78.62972861199995,-8.97088985199997],[-78.61951136199991,-8.966529976999936],[-78.61561336199998,-8.963680851999925],[-78.61234198799997,-8.959803601999852],[-78.60858598799996,-8.958289226999966],[-78.60481948799998,-8.954865601999927],[-78.60064986199995,-8.951685851999912],[-78.59756036299996,-8.950231976999873],[-78.59166248799983,-8.945999226999959],[-78.58994361299989,-8.942622351999887],[-78.58999611299998,-8.930773476999946],[-78.59052348699998,-8.928699226999925],[-78.58962023799995,-8.92497385199988],[-78.58607348799995,-8.921153351999976],[-78.58330311199995,-8.912315976999935],[-78.58302198799998,-8.909244351999973],[-78.57979123799998,-8.905444101999933],[-78.57898361199989,-8.89483235199998],[-78.57648473799998,-8.889046601999894],[-78.57882586299996,-8.880514476999963],[-78.58062698799995,-8.876777475999916],[-78.58245048699996,-8.866601851999974],[-78.58359861199989,-8.864170476999902],[-78.5871133629999,-8.861480226999959],[-78.58828111299994,-8.858677476999901],[-78.58583811299991,-8.854218851999917],[-78.58498536299999,-8.849244476999957],[-78.58217836299997,-8.84533610199992],[-78.58104148799998,-8.836986351999883],[-78.57919336299994,-8.832238226999891],[-78.57579623799995,-8.819729726999924],[-78.5706377379999,-8.810087601999896],[-78.56971511299997,-8.80606547699989],[-78.5668992379999,-8.801225476999832],[-78.56514023799997,-8.796726225999976],[-78.56534311299998,-8.792598976999898],[-78.56084311199993,-8.788236725999923],[-78.55792398799991,-8.782384726999965],[-78.55157348799992,-8.77502272699985],[-78.54550761299993,-8.771850976999872],[-78.54213961199997,-8.769251851999911],[-78.53245311299992,-8.765230476999932],[-78.52936811299992,-8.763111351999896],[-78.52847423799994,-8.759960101999923],[-78.52625661299999,-8.75776660199989],[-78.51813873799995,-8.752980601999923],[-78.51191761299998,-8.751913226999932],[-78.50996036299995,-8.752314226999943],[-78.50349386299996,-8.75077960199991],[-78.50171423799998,-8.748762851999913],[-78.49746323799997,-8.751087601999927],[-78.49330061299997,-8.749830476999875],[-78.48930223799988,-8.75110260199989],[-78.48482148799997,-8.750541100999897],[-78.4823959869999,-8.74807360199992],[-78.47894736299997,-8.748015226999883],[-78.47476286199992,-8.74437822699997],[-78.46972061299994,-8.743362601999934],[-78.46792536299989,-8.741532975999917],[-78.46416211299999,-8.740447601999904],[-78.4582848629999,-8.739713476999896],[-78.45543761299996,-8.737593101999892],[-78.44822836299994,-8.736926726999911],[-78.44441186299991,-8.733776476999935],[-78.43841436299994,-8.732746600999974],[-78.43726323799996,-8.730747476999966],[-78.4253288619999,-8.723901851999926],[-78.41786186199988,-8.71606835199998],[-78.41527248799997,-8.714148351999938],[-78.41412136199995,-8.711543351999978],[-78.41012311199995,-8.708211350999875],[-78.40615586199988,-8.708521100999917],[-78.40229911299991,-8.707470476999958],[-78.39882811299998,-8.703402351999955],[-78.39732811299984,-8.702560601999949],[-78.39223823799995,-8.70270310099994],[-78.38984311299993,-8.702172226999949],[-78.38778136299999,-8.69847522699996],[-78.38250086199997,-8.697688225999968],[-78.37917186299995,-8.696566351999934],[-78.37678911199998,-8.694236351999962],[-78.37319811199995,-8.687242351999942],[-78.37093348699995,-8.685411475999956],[-78.36301136299994,-8.681178476999946],[-78.35481048799988,-8.673279350999962],[-78.35110548699993,-8.672335975999886],[-78.3473672369999,-8.673790976999953],[-78.34630073699986,-8.675869101999922],[-78.34002736299993,-8.676126975999978],[-78.33727536299995,-8.675681601999884],[-78.33652348799995,-8.670937476999939],[-78.33491198699988,-8.667203101999917],[-78.33347661199997,-8.666458976999934],[-78.33016598799998,-8.667687476999959],[-78.32680473699997,-8.665472601999909],[-78.32457611199993,-8.665128851999896],[-78.32181448799997,-8.666201226999931],[-78.31645311199992,-8.665298851999921],[-78.31094723699994,-8.667206976999978],[-78.30057423699998,-8.66355860199991],[-78.29818548799994,-8.659744101999877],[-78.29478911199988,-8.658808601999908],[-78.29123236299995,-8.661355475999812],[-78.28767186199985,-8.662496101999864],[-78.2818104879999,-8.658787100999916],[-78.27266011199998,-8.656314476999967],[-78.2613632369999,-8.6581406009999],[-78.2545499879999,-8.657409851999944],[-78.25070036199998,-8.65887622699995],[-78.24613486199996,-8.658363225999949],[-78.24390623699986,-8.655593726999939],[-78.23557823799996,-8.652919976999954],[-78.23340823699988,-8.655271476999928],[-78.23226761299992,-8.658040975999938],[-78.22926173699989,-8.65800197699997],[-78.22307211299989,-8.659734351999873],[-78.2173476129999,-8.662242226999979],[-78.21476761299988,-8.662601601999881],[-78.21018748699998,-8.659328101999904],[-78.20407423799998,-8.66000585199987],[-78.19737698699998,-8.667748226999947],[-78.19741986299988,-8.671677851999902],[-78.19439848699994,-8.673642600999926],[-78.1935448619999,-8.681126976999963],[-78.19491798799993,-8.682863226999928],[-78.1944648619999,-8.687923851999926],[-78.18470698699997,-8.694023476999973],[-78.18257036299997,-8.694251976999965],[-78.17867773799992,-8.693062475999909],[-78.17357823799995,-8.693873101999941],[-78.1685117369999,-8.692802725999911],[-78.16673236299994,-8.694587851999927],[-78.16371286199995,-8.694472600999973],[-78.16154886199996,-8.691732475999913],[-78.15900386199996,-8.690265601999954],[-78.15724023699988,-8.68626372599988],[-78.15831848699992,-8.680544975999851],[-78.1582089879999,-8.675294975999975],[-78.15267186299997,-8.670203101999903],[-78.14823436299991,-8.669374976999961],[-78.14648436199997,-8.668318351999915],[-78.14159573799998,-8.670121101999882],[-78.14024998699989,-8.673380851999923],[-78.13719923799982,-8.671681601999921],[-78.13396098699985,-8.673220726999944],[-78.12088673699998,-8.66665035099993],[-78.11799211199991,-8.66420897599994],[-78.11538861199989,-8.663650350999887],[-78.11387686299997,-8.661847601999852],[-78.10580273699998,-8.659820351999883],[-78.10275386199999,-8.660253851999869],[-78.09505473699994,-8.662558601999876],[-78.09011523699996,-8.660769476999974],[-78.08923236199996,-8.65941597699998],[-78.08105073699994,-8.659246101999884],[-78.07767773799992,-8.657081976999962],[-78.07279486299996,-8.656820351999897],[-78.0649492369999,-8.660240101999875],[-78.06291798699993,-8.661656351999909],[-78.05919723699992,-8.661609351999857],[-78.05708598699994,-8.664830101999883],[-78.0546367369999,-8.665341851999926],[-78.05269536199995,-8.66339272599987],[-78.04602148799995,-8.662956976999965],[-78.04529098699999,-8.665621100999942],[-78.04007223799994,-8.671787101999882],[-78.03586723699988,-8.672285101999876],[-78.03045511199997,-8.67573247699994],[-78.02757811199996,-8.67559572599987],[-78.02481048699997,-8.673808601999895],[-78.02216211199993,-8.674308601999883],[-78.01801561199994,-8.67024222699996],[-78.01674223699996,-8.66691010199986],[-78.00884173699995,-8.66697847599994],[-78.00540823799997,-8.668952976999947],[-78.00575786199988,-8.672253850999937],[-78.00491598699995,-8.673632851999912],[-78.0022148619999,-8.673197226999946],[-77.99803123699996,-8.675115225999832],[-77.99402736199988,-8.678443351999931],[-77.99240423699996,-8.681011725999895],[-77.98899223699993,-8.683550726999954],[-77.98712298699996,-8.68376372699987],[-77.98377148699996,-8.682371101999934],[-77.98089061199988,-8.684328101999938],[-77.97825186199998,-8.684619100999953],[-77.97273636199998,-8.68745310099996],[-77.97210936199997,-8.688623100999962],[-77.97202736199995,-8.692001976999961],[-77.97922123699988,-8.692385726999873],[-77.98298911199998,-8.693170350999878],[-77.98645111199988,-8.694988226999953],[-77.98689473699994,-8.700179351999907],[-77.99550623799996,-8.707153476999906],[-77.99812723699995,-8.71233510199994],[-77.99880848699996,-8.717890976999968],[-77.99993011199996,-8.720831601999919],[-78.00007373699987,-8.72453197699997],[-78.0011402369999,-8.726500351999903],[-78.0047847379999,-8.728645226999845],[-78.00439623699992,-8.732236351999973],[-78.00675198699997,-8.736947976999886],[-78.00645873699995,-8.73996672699991],[-78.00979311199995,-8.746053976999974],[-78.01377198699993,-8.749501601999953],[-78.01344761199994,-8.751760851999904],[-78.01528986199986,-8.755683726999962],[-78.01465736299991,-8.759509976999936],[-78.01528986199986,-8.761675975999879],[-78.01459411199994,-8.766355976999876],[-78.01019948699997,-8.770458976999976],[-78.00834886199993,-8.773787101999915],[-78.00379536199995,-8.779304976999981],[-78.00217386199989,-8.783896476999871],[-78.00222186199994,-8.787622351999971],[-77.99581248699997,-8.79813872699998],[-77.99145273799996,-8.79939247699997],[-77.99245298699992,-8.80524022599991],[-77.99490448699999,-8.808280226999898],[-77.99213036199995,-8.810228601999938],[-77.99112973699994,-8.812120726999979],[-77.99099736199992,-8.816148225999882],[-77.98850236199996,-8.822415976999878],[-77.98911573799995,-8.82802510199997],[-77.99247411199997,-8.829721725999946],[-77.99349648799995,-8.831985226999905],[-77.99363611199993,-8.836053976999949],[-78.00077148699995,-8.841919976999975],[-77.99949711199991,-8.844390476999934],[-77.99724923699995,-8.84585335199995],[-77.99385973699998,-8.845086351999953],[-77.98672036199997,-8.847346976999972],[-77.98656973699997,-8.85551535199994],[-77.98503448699995,-8.85622797699989],[-77.98363473699993,-8.859517601999869],[-77.98254798699998,-8.865234726999972],[-77.97936561199992,-8.870422851999933],[-77.97848361199988,-8.874029226999937],[-77.98048711199993,-8.87840485199996],[-77.9833659869999,-8.880417100999978],[-77.97988786199988,-8.885274975999948],[-77.97653361199991,-8.88380435199997],[-77.97268361199997,-8.883432601999914],[-77.96205686199988,-8.890693976999955],[-77.96160773699995,-8.894684851999955],[-77.96011023699998,-8.89686647699989],[-77.95627623699988,-8.898893226999974],[-77.9553726119999,-8.901823476999937],[-77.95702511199994,-8.905868851999912],[-77.95607048699992,-8.907343726999898],[-77.95099248699995,-8.90887560199991],[-77.9480507369999,-8.913515601999961],[-77.94600686199993,-8.918486351999945],[-77.94197298699993,-8.920022476999918],[-77.94030598699993,-8.926109476999954],[-77.9457209869999,-8.930269976999966],[-77.9467482369999,-8.935505476999879],[-77.94611011199993,-8.937356476999923],[-77.95048286199989,-8.942128601999968],[-77.95231598699996,-8.945446851999975],[-77.95395448699998,-8.950904976999936],[-77.95517298699991,-8.952533226999947],[-77.95539848699991,-8.955943476999948],[-77.95161961299988,-8.95841147699997],[-77.9505443619999,-8.960224226999912],[-77.94644811299992,-8.96299935199994],[-77.94213086199994,-8.96869535199994],[-77.94187886199995,-8.970837851999931],[-77.94352948699992,-8.974898976999953],[-77.94244398699993,-8.978575476999879],[-77.94739648699988,-8.97846147699994],[-77.95263211199983,-8.981788851999909],[-77.95598636199998,-8.98223435199992],[-77.9572274869999,-8.986242101999949],[-77.96412023699992,-8.990454351999972],[-77.96351036199991,-8.992681101999835],[-77.96538248699989,-8.99382985199992],[-77.96689986299998,-8.996666351999977],[-77.97149523699994,-8.999857476999864],[-77.97376448699993,-9.004721976999917],[-77.97796248699984,-9.007998351999959],[-77.97721098699992,-9.009941351999942],[-77.97993386199988,-9.01270697699988],[-77.98986186199994,-9.01358635199989],[-77.9971631119999,-9.017221851999977],[-77.99854298699995,-9.024212101999979],[-78.00001561199991,-9.026439601999869],[-78.00459761199988,-9.029626976999907],[-78.00837586199998,-9.036446226999942],[-78.0097299869999,-9.0378303519999],[-78.01048348699999,-9.041531101999965],[-78.01528998799995,-9.047178226999904],[-78.02100211199996,-9.050784976999921],[-78.0217333619999,-9.056514976999892],[-78.02395248699992,-9.06034122699998],[-78.03045286299988,-9.06502135199986],[-78.03064236199992,-9.066016476999948],[-78.03495111199993,-9.069410101999893],[-78.04049923699989,-9.074996601999942],[-78.04382436199995,-9.076130226999908],[-78.05027723799998,-9.079648726999892],[-78.0525833619999,-9.08189172699997],[-78.05932573699994,-9.086125726999967],[-78.06070798699989,-9.091388601999938],[-78.05696673699987,-9.098589226999934],[-78.05673773699993,-9.10117547799996],[-78.05847073699994,-9.10525197699991],[-78.05847861199999,-9.110414226999922],[-78.06155736199997,-9.116384226999969],[-78.05932386199993,-9.120000601999948],[-78.06080373799989,-9.122042976999921],[-78.06222286199989,-9.12843397699993],[-78.05280711199987,-9.137059101999967],[-78.051728987,-9.140844602999948],[-78.04781973699994,-9.142914976999919],[-78.04460411199989,-9.143844601999831],[-78.04256773799989,-9.14547947699998],[-78.03761973699994,-9.144952601999933],[-78.03587173699998,-9.14544322699993],[-78.03266698699997,-9.15188335299996],[-78.03230186199994,-9.154675601999884],[-78.02628511199993,-9.165295727999933],[-78.02216536199995,-9.166936226999951],[-78.01709773699997,-9.166936226999951],[-78.0167696119999,-9.168722726999874],[-78.02132686199985,-9.17145710299991],[-78.03132536199996,-9.174163601999965],[-78.03820498699997,-9.173011102999965],[-78.04559711199988,-9.17667072699993],[-78.05248236199998,-9.176591851999945],[-78.05728911299997,-9.17507035199992],[-78.06361811299996,-9.17433722699991],[-78.07346361199995,-9.17423522699994],[-78.06921123799992,-9.180494976999967],[-78.06681148699994,-9.185971476999953],[-78.06691686199997,-9.194626352999933],[-78.06535048699988,-9.199002601999894],[-78.06665348799993,-9.202140226999973],[-78.06537198699988,-9.206616851999911],[-78.0660917379999,-9.209706601999926],[-78.0695513629999,-9.210933851999869],[-78.06775236199991,-9.2148051019999],[-78.06512761199997,-9.216554851999888],[-78.06043723699997,-9.221491976999914],[-78.06099811199994,-9.225216976999945],[-78.05900111199998,-9.231163351999896],[-78.05502948799989,-9.232689226999923],[-78.05155123699996,-9.232891226999868],[-78.04683673699998,-9.235941726999954],[-78.04255661299993,-9.241621102999943],[-78.0371676119999,-9.243706976999931],[-78.04306898699997,-9.244486601999938],[-78.04513361199992,-9.246713976999956],[-78.04867848699996,-9.254778851999959],[-78.0496132369999,-9.262490226999944],[-78.05039261299993,-9.264388726999869],[-78.05381761199999,-9.268749226999887],[-78.05495511199996,-9.273265601999924],[-78.05609948799997,-9.27470122699998],[-78.05760998799997,-9.272013976999915],[-78.06193436199993,-9.270355101999883],[-78.07025148799994,-9.269875351999929],[-78.07821323699994,-9.268204851999883],[-78.08204136299992,-9.264756476999935],[-78.09315936199994,-9.266498726999941],[-78.10335811199997,-9.264063477999969],[-78.10636123699999,-9.264510726999958],[-78.1094204879999,-9.261273851999931],[-78.11574823799998,-9.257339226999875],[-78.12059998699993,-9.259203351999929],[-78.12679248799992,-9.262994601999935],[-78.13219798699998,-9.26490047699997],[-78.13860861199998,-9.265553851999925],[-78.14126261299992,-9.268586977999973],[-78.14388873699988,-9.267190101999972],[-78.14667036299983,-9.261663351999971],[-78.15121473799996,-9.258950726999899],[-78.15529036299995,-9.25105210199996],[-78.15915673699999,-9.250392101999978],[-78.16324161199992,-9.247095101999946],[-78.17039098699996,-9.248418976999972],[-78.17546873699996,-9.247027351999861],[-78.17778548799998,-9.241257977999965],[-78.1836304869999,-9.238256477999869],[-78.18599998699995,-9.235160226999938],[-78.19054961299997,-9.232127226999978],[-78.19231886199998,-9.227956726999878],[-78.19661573699989,-9.225713601999928],[-78.19563873799996,-9.223706351999908],[-78.19800048699989,-9.218723976999968],[-78.2070196119999,-9.213636102999885],[-78.21128461299998,-9.208968102999961],[-78.21346186199992,-9.208116476999919],[-78.21585673699991,-9.209567726999978],[-78.2195404869999,-9.20989447699992],[-78.22313511199997,-9.208735851999904],[-78.22773973799991,-9.208290226999907],[-78.22944673699993,-9.21131147799997],[-78.23283098699989,-9.211884477999945],[-78.23745411199997,-9.20924085299987],[-78.23896923799992,-9.206270101999905],[-78.24135073699989,-9.205037851999919],[-78.25099123699988,-9.202299602999915],[-78.25590423699992,-9.202540976999899],[-78.26080436199993,-9.200922726999977],[-78.26280698799997,-9.202795726999966],[-78.26484461199993,-9.207606977999944],[-78.26931086199988,-9.211905227999978],[-78.27710736199998,-9.213646477999873],[-78.27887698699993,-9.216355476999922],[-78.28110548699993,-9.222792976999926],[-78.2848534879999,-9.221547476999888],[-78.29184461199998,-9.215794976999916],[-78.29984973799998,-9.216861351999967],[-78.30171723699988,-9.222554601999946],[-78.30688898699998,-9.225078851999967],[-78.31300598699988,-9.231236226999897],[-78.31586323699997,-9.232046852999929],[-78.31906836199994,-9.234619101999954],[-78.32062498799996,-9.239371101999893],[-78.32349786299989,-9.242350851999902],[-78.32455148799994,-9.244824226999981],[-78.32941111299994,-9.249530102999927],[-78.334607238,-9.249652352999874],[-78.33708423799999,-9.250299352999946],[-78.33701898699996,-9.253447476999952],[-78.33484748699988,-9.257138726999926],[-78.33371986299994,-9.260761851999916],[-78.33601211199988,-9.263090976999877],[-78.34529148799993,-9.264939476999814],[-78.34887273699997,-9.263170726999931],[-78.35555736199996,-9.26440897699996],[-78.35965436299995,-9.263016976999893],[-78.36383186199998,-9.266288851999889],[-78.36400111199998,-9.268946976999928],[-78.36558211199997,-9.272254476999933]]]},"properties":{"ubigeo":"021300","nombre":"SANTA"}},{"type":"Feature","geometry":{"type":"Polygon","coordinates":[[[-77.53867711099997,-8.701750351999976],[-77.54169723599989,-8.703194851999854],[-77.54364273699991,-8.70562672699998],[-77.54530386199997,-8.71147922699987],[-77.55146098699998,-8.716019476999861],[-77.55394523699988,-8.71901372699989],[-77.55615923699992,-8.719656601999873],[-77.56215823699989,-8.727798101999895],[-77.56520011199996,-8.728439976999937],[-77.56823811099997,-8.727937851999911],[-77.57197923699988,-8.728515351999931],[-77.57426398699994,-8.732306601999937],[-77.5776794869999,-8.734317225999916],[-77.58080361199995,-8.737934726999981],[-77.58596098599998,-8.740589850999982],[-77.58277548699994,-8.749731226999927],[-77.58829636199994,-8.753637101999914],[-77.59081373699996,-8.754314850999947],[-77.59274311199988,-8.757665226999961],[-77.59757748599998,-8.75398997699989],[-77.59971773599995,-8.750859726999977],[-77.60138786199991,-8.745047601999943],[-77.60472111199994,-8.744117601999903],[-77.60924261199995,-8.74529472699993],[-77.61167736199997,-8.74727460199989],[-77.6143794869999,-8.750993601999937],[-77.6182054869999,-8.747809725999957],[-77.62133648599996,-8.746051351999938],[-77.6241984859999,-8.742779851999956],[-77.62609811099998,-8.738686351999945],[-77.62933548699993,-8.737295101999905],[-77.63386636199994,-8.733901101999948],[-77.63894023699999,-8.733954976999883],[-77.64178661199998,-8.731679976999942],[-77.6420963619999,-8.727648851999902],[-77.64535623699999,-8.724365226999907],[-77.64949648699996,-8.724817351999945],[-77.65282773699994,-8.723579976999872],[-77.65573073699994,-8.723484851999899],[-77.65583923699995,-8.720773350999934],[-77.65780436199992,-8.715245225999922],[-77.65958548699996,-8.714157351999972],[-77.66415398699996,-8.707328226999891],[-77.66377136199998,-8.70498435099995],[-77.67236698699998,-8.701255101999948],[-77.67279486199999,-8.698755350999875],[-77.6716902359999,-8.693045226999914],[-77.67584198699996,-8.690476725999929],[-77.68101423699989,-8.686500726999952],[-77.68330123699997,-8.684072851999872],[-77.68637998699995,-8.682436726999981],[-77.69098936199998,-8.68189135199998],[-77.69577461199992,-8.67819697699997],[-77.70077298699988,-8.673238351999942],[-77.70528448699997,-8.67039510199993],[-77.70946173699997,-8.668468101999963],[-77.71229423699998,-8.66582922699996],[-77.71627011199996,-8.663454226999932],[-77.72073023699994,-8.65653147699993],[-77.72190123699994,-8.65281947699998],[-77.721437112,-8.650057475999972],[-77.71615648599999,-8.644400976999975],[-77.71502948699998,-8.636623351999901],[-77.71363748699997,-8.631828600999938],[-77.71235598699991,-8.631165726999882],[-77.70760536199998,-8.631961100999888],[-77.70528536199993,-8.629928351999922],[-77.70301761199988,-8.629798850999975],[-77.70181636099989,-8.627453601999889],[-77.70303161199996,-8.624978975999966],[-77.7023908619999,-8.621067850999907],[-77.70477723699997,-8.616162851999945],[-77.70793686199994,-8.614107976999946],[-77.70862198699996,-8.612295975999928],[-77.70513073699993,-8.607545476999974],[-77.70311998699992,-8.606772101999923],[-77.70068948699998,-8.603811351999923],[-77.69673436199997,-8.6033473519999],[-77.69566223699996,-8.602331351999965],[-77.69959973699997,-8.597833600999934],[-77.70733086199988,-8.594005851999952],[-77.71032148699999,-8.590814101999968],[-77.70915098699993,-8.586270600999967],[-77.70656211199997,-8.583365976999971],[-77.70394473699997,-8.582849851999981],[-77.69610148699996,-8.582961850999936],[-77.69393161199997,-8.579400226999951],[-77.68866061199992,-8.576356975999943],[-77.69020761199994,-8.572410476999892],[-77.69055273699996,-8.569511600999931],[-77.69070761099994,-8.566992850999895],[-77.69224486199994,-8.56294447599987],[-77.69102498699988,-8.557592226999873],[-77.69458086199995,-8.553789100999893],[-77.69857448699997,-8.551722225999924],[-77.70418436199998,-8.547006225999894],[-77.70745998699994,-8.546009726999955],[-77.71385923699995,-8.541599851999877],[-77.71383136199995,-8.536915850999947],[-77.70848048699997,-8.530931600999963],[-77.70859573699994,-8.527433601999974],[-77.71196336199995,-8.522361851999904],[-77.71011323699997,-8.518351601999939],[-77.70401723599991,-8.513272725999968],[-77.70415661199996,-8.509871226999906],[-77.71083786199989,-8.506013851999967],[-77.71500911199996,-8.502521226999932],[-77.71591573699993,-8.499351351999906],[-77.71764586199998,-8.49675347699997],[-77.71745036199991,-8.493702975999952],[-77.71832611099995,-8.489742850999903],[-77.72258173699993,-8.486842101999969],[-77.72544786199995,-8.48387185099989],[-77.73578411199992,-8.477486101999887],[-77.73932036199994,-8.472273475999827],[-77.73885348699997,-8.465084850999915],[-77.74139773699989,-8.459995475999904],[-77.75165848699993,-8.453295101999913],[-77.75632611199995,-8.447126975999936],[-77.76481473699994,-8.440994475999958],[-77.76506836199997,-8.428080100999978],[-77.7616596119999,-8.425589226999932],[-77.76175411199995,-8.422042976999876],[-77.75738473699988,-8.420988226999896],[-77.75522911199988,-8.418685851999953],[-77.75543161199994,-8.416339850999975],[-77.75860873699997,-8.413728351999907],[-77.76061973699996,-8.410401850999904],[-77.75919023699998,-8.406235101999926],[-77.75915361199998,-8.40336622599989],[-77.76536523699991,-8.401029350999977],[-77.76708198699993,-8.399128851999933],[-77.77166798699994,-8.39648435099997],[-77.7745429869999,-8.395867226999883],[-77.77692261199996,-8.39770160099988],[-77.77913061199996,-8.402893350999932],[-77.78218161199999,-8.403240225999866],[-77.78411023699994,-8.401524100999893],[-77.78622298699997,-8.39785785099997],[-77.79064398699995,-8.391923725999959],[-77.79192061199996,-8.388826726999923],[-77.79596336199995,-8.383649225999932],[-77.79885936199997,-8.38118735199987],[-77.79585261199986,-8.380375475999926],[-77.79340648699997,-8.378680851999945],[-77.78455623699989,-8.377888350999854],[-77.78015761199993,-8.373146350999889],[-77.77096386199997,-8.369724975999873],[-77.76147123699997,-8.369437226999935],[-77.76118548699986,-8.364871100999892],[-77.75894998699988,-8.363535475999981],[-77.75613923699996,-8.363657725999929],[-77.75346823699994,-8.365036850999843],[-77.75030836199994,-8.364600351999968],[-77.74887686199992,-8.363378350999938],[-77.74597886199996,-8.363273600999946],[-77.74266798699989,-8.361486350999883],[-77.74137886099999,-8.359580101999882],[-77.74285611199991,-8.355483850999974],[-77.74043173699988,-8.353336600999967],[-77.73869011199992,-8.34809097599998],[-77.73580098699989,-8.345507101999885],[-77.7276782369999,-8.34336872599988],[-77.72361686199997,-8.341828850999946],[-77.71946461199997,-8.339313725999943],[-77.72019573699993,-8.336899976999973],[-77.72295661199996,-8.33460785099993],[-77.7231483619999,-8.330902976999823],[-77.71707148699988,-8.325476600999878],[-77.71612161199994,-8.322364350999976],[-77.71307673699994,-8.320618350999894],[-77.70773898699991,-8.315789600999892],[-77.70568123699991,-8.309384600999977],[-77.70321261199996,-8.307597225999928],[-77.69907998699995,-8.307641601999933],[-77.69262373599992,-8.304121725999948],[-77.68670248699993,-8.304279351999924],[-77.68101836199997,-8.307731225999873],[-77.67602448699995,-8.311528351999925],[-77.67126086199983,-8.312840100999892],[-77.66629011199996,-8.31203460099988],[-77.66226286199998,-8.308582725999827],[-77.65974411199994,-8.308044975999906],[-77.6593863619999,-8.302369225999882],[-77.65533986199995,-8.297880851999935],[-77.65132611199994,-8.294654350999963],[-77.64794723699998,-8.29381835099997],[-77.64332223699984,-8.288662101999932],[-77.64178123599999,-8.282048851999889],[-77.63953511099999,-8.279941351999867],[-77.63563473699998,-8.269212975999949],[-77.6269121119999,-8.267074351999895],[-77.62440423699996,-8.267660100999876],[-77.61700973699999,-8.267456976999938],[-77.61150436199995,-8.268528851999974],[-77.6062871119999,-8.26593560099991],[-77.5994511109999,-8.265220725999939],[-77.59883398699998,-8.263806601999875],[-77.59233011199984,-8.262412100999882],[-77.58772848699994,-8.260624976999964],[-77.5820214869999,-8.262126975999934],[-77.57901761199997,-8.261685600999897],[-77.57532036199996,-8.259738226999957],[-77.57344723699993,-8.25623635099987],[-77.57033786199997,-8.255179725999938],[-77.56956248699993,-8.252880850999873],[-77.56628123699988,-8.247697226999946],[-77.56536911199998,-8.244150350999973],[-77.5658144869999,-8.23720897599992],[-77.56215623599991,-8.238306600999977],[-77.55268361199995,-8.236415975999932],[-77.5457422369999,-8.237470726999902],[-77.54074611199997,-8.240873100999977],[-77.53589448599985,-8.241048851999949],[-77.53050586199993,-8.243794975999947],[-77.52775198699999,-8.24721885199989],[-77.5264726119999,-8.252847600999871],[-77.52708011199991,-8.260054725999964],[-77.52855861199993,-8.265693350999925],[-77.52694723699994,-8.267693350999934],[-77.52135161099994,-8.270701225999971],[-77.51761136199991,-8.27176372699995],[-77.51379298699999,-8.27188672699998],[-77.50973048699996,-8.273810601999912],[-77.50575586199989,-8.273402350999902],[-77.5033301119999,-8.274554725999963],[-77.50076436199998,-8.278303351999966],[-77.49688886199988,-8.278550350999978],[-77.49382311199997,-8.27995660099998],[-77.49136848699999,-8.282553101999952],[-77.48911161199987,-8.290732476999949],[-77.48658761199994,-8.29761097599993],[-77.48763011099993,-8.303545975999896],[-77.48602473699998,-8.304831725999975],[-77.48354361199995,-8.30919622599987],[-77.48213286199996,-8.31392210099989],[-77.47947436199996,-8.316819726999938],[-77.4769274869999,-8.316611600999977],[-77.47524711199998,-8.317927101999885],[-77.47395948699995,-8.319525851999856],[-77.47426936099998,-8.323655975999884],[-77.47821348699995,-8.324304600999938],[-77.47798636199997,-8.326546976999907],[-77.47284686199998,-8.331434225999885],[-77.47064461199994,-8.332444351999925],[-77.46689273599998,-8.331307975999948],[-77.46380661199998,-8.331262100999936],[-77.46016986199993,-8.333292725999911],[-77.45889636199996,-8.335655976999874],[-77.45743948599994,-8.346256351999955],[-77.45763448599996,-8.349227725999981],[-77.45943561199994,-8.35494097599991],[-77.45852936199998,-8.356845476999922],[-77.45436486099993,-8.35623735199988],[-77.45264411199986,-8.358130226999947],[-77.4523893619999,-8.362031976999901],[-77.45057211199992,-8.363693100999967],[-77.44836948599993,-8.36814447599994],[-77.44736148699991,-8.368819476999931],[-77.44719473599997,-8.37036547699995],[-77.44984848699994,-8.374460726999928],[-77.44847798599994,-8.38161835099993],[-77.44558836199997,-8.384915350999961],[-77.44294148699998,-8.391516976999924],[-77.43860298699991,-8.39790710199992],[-77.4375378609999,-8.401149226999962],[-77.43657923699999,-8.410529726999926],[-77.43790586199998,-8.416329601999905],[-77.43889623699994,-8.41986235099995],[-77.43835548599998,-8.422328101999938],[-77.43362936199998,-8.42620547699994],[-77.43066623599992,-8.430600851999884],[-77.42764236099993,-8.432609100999969],[-77.42318636099992,-8.434011100999896],[-77.41998073699989,-8.436746851999942],[-77.41833623699989,-8.439649351999947],[-77.41241761199996,-8.440710351999883],[-77.407574862,-8.440134476999901],[-77.40546061099997,-8.441483351999977],[-77.40391486199997,-8.451986976999876],[-77.39966323699997,-8.45816335099994],[-77.39898123599994,-8.464150100999973],[-77.40084548699991,-8.46711322599998],[-77.40227236099986,-8.472062600999948],[-77.40062573699993,-8.478116975999967],[-77.40033773699992,-8.481966851999914],[-77.39836736099994,-8.484596476999968],[-77.39349448599984,-8.488317475999906],[-77.39103911199999,-8.490962226999898],[-77.38629511199997,-8.494076975999974],[-77.37994448699993,-8.49500147699996],[-77.37720861199995,-8.496911225999895],[-77.37062898599993,-8.499261101999934],[-77.36621723599995,-8.502212725999868],[-77.36601748699985,-8.507086976999858],[-77.37109173599993,-8.511767600999974],[-77.37290823599994,-8.514621101999978],[-77.39176761099986,-8.526734351999949],[-77.39441598699995,-8.527765601999931],[-77.40020111199988,-8.52668160199994],[-77.40264848699996,-8.527425726999923],[-77.40344723599998,-8.530402350999964],[-77.4062148619999,-8.533078101999934],[-77.41007611099991,-8.535404350999897],[-77.41462886099993,-8.53985935199995],[-77.41958198599997,-8.540921850999894],[-77.42097073699995,-8.542839851999872],[-77.42347111199996,-8.54395672599992],[-77.42577611199988,-8.546558475999973],[-77.43116623599991,-8.548745976999896],[-77.43623423699995,-8.553904226999919],[-77.44137298699997,-8.561101600999905],[-77.44343748599988,-8.565742351999916],[-77.44378911199993,-8.5680898519999],[-77.44603123699989,-8.570849600999907],[-77.45283986199996,-8.57217185099995],[-77.4547109859999,-8.575142601999914],[-77.45901361099999,-8.57794335099993],[-77.46106061199998,-8.578373101999944],[-77.46486136199997,-8.58083397699994],[-77.47160161199997,-8.575531225999953],[-77.47573436199997,-8.576238226999976],[-77.47901048599988,-8.578966476999938],[-77.48252748599998,-8.583810726999843],[-77.48712036199998,-8.587521225999978],[-77.4899213619999,-8.590674975999889],[-77.49188861199997,-8.596530851999887],[-77.49382848699997,-8.59852910099994],[-77.49459586199998,-8.603217726999958],[-77.49655773599994,-8.607363226999894],[-77.49936323699995,-8.609428851999951],[-77.50155748699996,-8.614356101999931],[-77.50098686199993,-8.620427475999861],[-77.50370536199995,-8.629016975999946],[-77.50360298599992,-8.63225085199997],[-77.50233348599988,-8.633734225999945],[-77.50126073599995,-8.640056601999959],[-77.50176286199991,-8.64364010199995],[-77.50506673699988,-8.65124335199988],[-77.50295548699984,-8.665794226999878],[-77.5017571119999,-8.66810510199997],[-77.49657136199988,-8.67459710199995],[-77.49337448699998,-8.677023101999964],[-77.48899873699986,-8.67935847599989],[-77.4860078609999,-8.683431600999938],[-77.48986561099997,-8.685211100999936],[-77.49352586199996,-8.688239351999925],[-77.49445611099992,-8.692901850999874],[-77.4964792369999,-8.697020976999966],[-77.49918748699997,-8.697719350999932],[-77.50607836199993,-8.694583226999896],[-77.51604086099991,-8.695876101999943],[-77.51883211199993,-8.697930101999873],[-77.52033311199995,-8.697851101999845],[-77.52289136199988,-8.695413101999918],[-77.52699023699995,-8.69707810199992],[-77.53080611199994,-8.70040960199998],[-77.53867711099997,-8.701750351999976]]]},"properties":{"ubigeo":"021400","nombre":"SIHUAS"}},{"type":"Feature","geometry":{"type":"Polygon","coordinates":[[[-77.94194986199989,-9.408297726999876],[-77.94781823699998,-9.410882601999958],[-77.94956486199999,-9.412582602999919],[-77.95268123699998,-9.42020985199997],[-77.95580586199998,-9.422898977999978],[-77.96262911199989,-9.423760602999948],[-77.96973186199989,-9.427765976999979],[-77.97238661199998,-9.43163172699991],[-77.97476198699997,-9.432874226999957],[-77.97990848699999,-9.439596101999939],[-77.98505498699996,-9.44260022799989],[-77.99294948699998,-9.44660560299991],[-77.99586036199986,-9.44618647699997],[-77.99735073699998,-9.443950851999944],[-78.00046548699993,-9.441601727999966],[-78.00303298799992,-9.43676372799996],[-78.00949411199991,-9.43448435199997],[-78.01274961199982,-9.430575352999881],[-78.01562586199992,-9.428879976999951],[-78.02014861199996,-9.42450810299988],[-78.0271843619999,-9.421644102999892],[-78.03017911199998,-9.418492351999873],[-78.03091198799996,-9.41104972699992],[-78.03388148699997,-9.409996726999964],[-78.03121611199998,-9.40660047699987],[-78.02296923699993,-9.399922227999923],[-78.02048298699992,-9.399037976999978],[-78.01657761299998,-9.394802226999957],[-78.01403223699998,-9.394471977999899],[-78.00952448799995,-9.39033335199997],[-78.00710011199999,-9.386582976999875],[-78.00458936199993,-9.383979851999982],[-78.00331648699995,-9.380970602999923],[-78.00800411199992,-9.376355976999946],[-78.01028711299989,-9.372664226999973],[-78.01662611199993,-9.367733976999943],[-78.01873911199988,-9.367685352999956],[-78.02757061199998,-9.3651282269999],[-78.03005373699989,-9.363157476999902],[-78.03088286199994,-9.360787726999945],[-78.03268011199998,-9.36005910299997],[-78.03887336199995,-9.35461860199996],[-78.04227361199997,-9.353331477999973],[-78.04941211199997,-9.342905727999948],[-78.05130861199996,-9.340944976999879],[-78.05359161199993,-9.336791726999934],[-78.05964586199991,-9.335499727999888],[-78.06058111199997,-9.334211976999939],[-78.05974798699992,-9.330849601999887],[-78.0577422369999,-9.327273351999963],[-78.05396486199999,-9.324199227999884],[-78.05371098799998,-9.320845726999949],[-78.05475123699995,-9.316069102999904],[-78.05365423699999,-9.310381851999978],[-78.05513486299998,-9.30638997699998],[-78.05492736299988,-9.303738726999939],[-78.05772723799998,-9.299479977999965],[-78.06059898699993,-9.296914476999973],[-78.06228898799998,-9.292416851999917],[-78.06078336199988,-9.288776226999971],[-78.05610336199993,-9.283404477999966],[-78.05645411199998,-9.277699601999814],[-78.05609948799997,-9.27470122699998],[-78.05495511199996,-9.273265601999924],[-78.05381761199999,-9.268749226999887],[-78.05039261299993,-9.264388726999869],[-78.0496132369999,-9.262490226999944],[-78.04867848699996,-9.254778851999959],[-78.04513361199992,-9.246713976999956],[-78.04306898699997,-9.244486601999938],[-78.0371676119999,-9.243706976999931],[-78.03566598699996,-9.24541822699996],[-78.03079611199996,-9.245703601999935],[-78.02421473699997,-9.24837335199993],[-78.01994311199991,-9.247210476999896],[-78.0132391119999,-9.24801847699996],[-78.00928661199998,-9.24777822699997],[-78.00485373699996,-9.246402476999947],[-78.00002761199994,-9.243257977999974],[-77.99649011199989,-9.243629226999872],[-77.99378236299998,-9.244808476999935],[-77.98634948699993,-9.245726726999976],[-77.97911661199993,-9.244302352999966],[-77.97541736199992,-9.244044101999918],[-77.97122461199996,-9.250507851999885],[-77.96727073699998,-9.251780226999927],[-77.96307936199997,-9.25177447699997],[-77.95845098699988,-9.253986352999846],[-77.95573686199992,-9.252596352999944],[-77.95478136199995,-9.250704476999886],[-77.9516586119999,-9.249263226999915],[-77.94989286199996,-9.246795601999963],[-77.9450201119999,-9.246446227999911],[-77.94191986199996,-9.247619101999874],[-77.93888086199996,-9.246794977999969],[-77.92782611199993,-9.246117226999957],[-77.92372886199996,-9.249612602999889],[-77.91822073699996,-9.252193351999892],[-77.91128723699995,-9.252792726999928],[-77.90342973699995,-9.252761727999939],[-77.90010661199989,-9.254842602999815],[-77.89512698699997,-9.261451351999938],[-77.88976461199996,-9.25856947699998],[-77.88609173699996,-9.259771476999958],[-77.88524886199997,-9.25784572699996],[-77.88108973699991,-9.253495351999959],[-77.87671686199997,-9.25035485199993],[-77.87286086199992,-9.249996976999967],[-77.86339948699992,-9.25132872699993],[-77.86126761199995,-9.251189601999897],[-77.85876836199992,-9.246836601999973],[-77.85244761199988,-9.241609101999927],[-77.84928711199996,-9.235626227999944],[-77.84910361199996,-9.228770851999911],[-77.84165461199996,-9.22331672699994],[-77.84109048699997,-9.22017385199996],[-77.83947073699989,-9.217574226999943],[-77.83632736199996,-9.21679372799997],[-77.8295587369999,-9.217251976999933],[-77.82741598699994,-9.220498101999965],[-77.82311148699989,-9.222156226999914],[-77.81862798699996,-9.220456726999885],[-77.81634348699993,-9.221268351999981],[-77.81546698699998,-9.226587476999839],[-77.81077373699998,-9.22475772699994],[-77.80385748699996,-9.224286476999964],[-77.80050898699994,-9.228145102999918],[-77.79752161199991,-9.229190726999946],[-77.78977586199994,-9.224560351999969],[-77.78714286199988,-9.219481351999946],[-77.78230686199998,-9.217219352999905],[-77.78260536199997,-9.212974226999961],[-77.78054023699997,-9.209131101999958],[-77.78128323699991,-9.205035976999966],[-77.78102911199994,-9.198081976999902],[-77.77957623699996,-9.194964352999875],[-77.7800819869999,-9.193056602999945],[-77.77932036199996,-9.189214851999964],[-77.77731448699996,-9.185980976999929],[-77.77718636199995,-9.181542601999979],[-77.77902923699992,-9.178417976999981],[-77.77912811199985,-9.17460772699991],[-77.78029523699996,-9.17006947699997],[-77.78052498699998,-9.163671976999979],[-77.77940536199998,-9.15902247699995],[-77.77985361199984,-9.15442197699997],[-77.78151798699997,-9.147700351999902],[-77.78085648699994,-9.142515101999948],[-77.78134723699998,-9.13937847699998],[-77.78019311199995,-9.134775601999877],[-77.78391823699997,-9.122255476999953],[-77.78359311199989,-9.11691722699993],[-77.77693098699996,-9.108162976999893],[-77.77304061199993,-9.101712726999835],[-77.7759277369999,-9.097857476999877],[-77.77488861199998,-9.094939476999855],[-77.77654736199992,-9.093895726999904],[-77.77733786199997,-9.091064477999964],[-77.78294136199997,-9.083206976999975],[-77.77759848699992,-9.082869351999932],[-77.77055261199996,-9.080888726999888],[-77.76742586199998,-9.078925726999955],[-77.76431148699987,-9.075074976999929],[-77.75897236199995,-9.072143726999968],[-77.753711362,-9.070455601999981],[-77.74655248699997,-9.067528476999883],[-77.74504811199995,-9.064112601999966],[-77.7405973619999,-9.063286102999882],[-77.73802236199992,-9.06389010199996],[-77.73299936199999,-9.063858226999969],[-77.72873636199995,-9.067046851999919],[-77.72844723699995,-9.069587851999927],[-77.72651761099996,-9.07013485199991],[-77.72464048699999,-9.068458976999977],[-77.71961536199996,-9.06713535199998],[-77.71546198699997,-9.063608851999959],[-77.70618873699988,-9.058515101999944],[-77.69981448699997,-9.056933601999901],[-77.69667623699996,-9.05465797699992],[-77.69351511199994,-9.049737226999923],[-77.69200136199993,-9.044183476999933],[-77.68160636199997,-9.034461601999965],[-77.67845336199986,-9.032752976999916],[-77.67256473699996,-9.034461601999965],[-77.66949298599991,-9.034779351999873],[-77.66508661099994,-9.028297476999967],[-77.65952773699996,-9.025141851999877],[-77.65656886199992,-9.021874601999912],[-77.65561486199988,-9.018737101999932],[-77.64622923699994,-9.015785476999952],[-77.64462686199994,-9.013648851999903],[-77.6378839869999,-9.012521976999949],[-77.63235723599996,-9.00975997699993],[-77.63090861199998,-9.00407785199991],[-77.6293147369999,-9.001472351999894],[-77.6243681119999,-8.99907822699987],[-77.62240423699996,-8.99719697699993],[-77.61718423699995,-8.99622285199996],[-77.61456173699997,-8.993812601999934],[-77.61783361199997,-8.984071976999928],[-77.61758386199989,-8.981336976999955],[-77.61854536199996,-8.97835247699993],[-77.62071836199982,-8.975692351999896],[-77.6177461119999,-8.969872976999966],[-77.61453673699992,-8.966551101999926],[-77.61333636199998,-8.963755226999979],[-77.61300073699994,-8.958458851999978],[-77.61362448699987,-8.956515976999981],[-77.60399673699993,-8.94287397699992],[-77.6027037369999,-8.942192101999979],[-77.59220211199988,-8.943001226999968],[-77.58791936199992,-8.9407933519999],[-77.58539048699993,-8.935739851999926],[-77.58200448699984,-8.931282601999897],[-77.58230873699995,-8.923584851999976],[-77.58345936199993,-8.91898197699993],[-77.58316836199992,-8.917077476999964],[-77.57989786199988,-8.90874447699997],[-77.5742657369999,-8.900442976999955],[-77.5724452369999,-8.901261851999948],[-77.56871536199992,-8.901145226999972],[-77.56345311199993,-8.903373101999932],[-77.55959698699996,-8.90674460199989],[-77.55588798699995,-8.912517226999967],[-77.55444173599994,-8.916490476999968],[-77.5490096119999,-8.921342476999882],[-77.54432748699992,-8.92866085199995],[-77.54463286199996,-8.934742226999958],[-77.54649086199998,-8.947186851999902],[-77.54931661199998,-8.95050347699987],[-77.55505698699994,-8.953325851999978],[-77.56086286199991,-8.953135476999933],[-77.5619159869999,-8.953665976999957],[-77.55722073599992,-8.962062351999975],[-77.55630861199995,-8.969406226999979],[-77.55625386199995,-8.978453101999946],[-77.5543672369999,-8.98164647699997],[-77.55451173699998,-8.984093726999959],[-77.5527304869999,-8.987820351999972],[-77.54700198599988,-8.991367226999898],[-77.54393073599988,-8.993864351999946],[-77.53792773699996,-8.997492226999896],[-77.5294707359999,-9.000867226999901],[-77.52089848599996,-9.003312476999895],[-77.51786523599998,-9.005203101999939],[-77.51459573699998,-9.00546110199997],[-77.50836311099988,-9.004761726999902],[-77.50606448699995,-9.006025351999938],[-77.5037538609999,-9.005787101999942],[-77.4978048619999,-9.007960976999925],[-77.49175198699993,-9.00817385199997],[-77.4865371109999,-9.007269476999909],[-77.48426361199995,-9.0044922269999],[-77.48070511199995,-9.003621101999954],[-77.47677523699991,-9.00066597699987],[-77.46974023699988,-8.996636726999895],[-77.46374998699991,-8.995439601999976],[-77.46100786199997,-8.994291101999977],[-77.45564648599992,-8.994634726999891],[-77.44826561099995,-8.99207222699988],[-77.44514448699988,-8.990177726999889],[-77.43760348599989,-8.992080101999932],[-77.4340878619999,-8.99091010199993],[-77.42877348699994,-8.991486351999924],[-77.42595898599996,-8.99327735199995],[-77.42170511099994,-8.994769476999977],[-77.41872073699994,-8.994445351999957],[-77.4104023619999,-8.991462851999927],[-77.40773436199999,-8.993595851999942],[-77.40508786199985,-8.993386726999972],[-77.3974842369999,-8.995371101999979],[-77.39229873699992,-8.99478910199997],[-77.38959573699992,-8.995746101999941],[-77.3863281109999,-8.99508197699987],[-77.3839394869999,-8.992693351999947],[-77.37996673599991,-8.991226601999927],[-77.37774223599996,-8.988710976999869],[-77.37235736199995,-8.98420897699998],[-77.36899023599995,-8.982251976999976],[-77.36770111099997,-8.979746101999922],[-77.36135936099998,-8.977138726999954],[-77.35949611199999,-8.97723822699993],[-77.36192386099998,-8.980335976999982],[-77.36391411199997,-8.98420897699998],[-77.36417186199998,-8.986277351999945],[-77.36175398699987,-8.99751760199996],[-77.36217573699997,-9.005105476999915],[-77.3607089859999,-9.010212851999938],[-77.36325198599991,-9.01805860199994],[-77.36068373699993,-9.024330101999965],[-77.36144536199998,-9.028419976999942],[-77.36102348599991,-9.030482476999964],[-77.36265423599991,-9.038171976999934],[-77.36199423699992,-9.044331976999956],[-77.36081048699998,-9.045314476999977],[-77.35929498699988,-9.049978476999968],[-77.35907811099997,-9.054417976999957],[-77.35768161099998,-9.059027351999873],[-77.36200198699999,-9.064992226999948],[-77.36613861099994,-9.064937476999944],[-77.37363473699992,-9.061318351999887],[-77.37927348699992,-9.060314476999963],[-77.38147461199998,-9.058845726999948],[-77.3855507369999,-9.059261726999978],[-77.38754098699991,-9.057802726999967],[-77.39123436099999,-9.05687497699995],[-77.39492573699994,-9.056814477999922],[-77.40022073699993,-9.058615226999962],[-77.40208986199997,-9.058160101999874],[-77.41032423699994,-9.057806601999914],[-77.41814061199989,-9.059998101999895],[-77.42365036199988,-9.058804726999938],[-77.4257031119999,-9.057109351999884],[-77.43124798599996,-9.057017601999917],[-77.43734573599988,-9.059246101999918],[-77.43877736199994,-9.062480476999951],[-77.43741023699988,-9.066212851999921],[-77.4376698619999,-9.068109351999908],[-77.44212111099995,-9.075824226999941],[-77.44608786199996,-9.080037101999949],[-77.44808198699997,-9.085951226999896],[-77.45120511099998,-9.08796485199997],[-77.45701561199996,-9.08790610199992],[-77.45931248699998,-9.090115226999842],[-77.46147661199996,-9.09545897699985],[-77.4658329859999,-9.100170851999962],[-77.47070311099998,-9.101939476999917],[-77.47502148699994,-9.104376976999902],[-77.48052923699993,-9.106607476999898],[-77.48609173699992,-9.107130851999955],[-77.49046036199991,-9.106671851999977],[-77.49436848699997,-9.107612976999974],[-77.49995086199993,-9.106309351999926],[-77.50979573699993,-9.100161476999915],[-77.51361561199997,-9.096062226999948],[-77.51806911199998,-9.094487476999916],[-77.5215344859999,-9.095995351999932],[-77.52365986199999,-9.095369351999977],[-77.52518848699998,-9.092894601999944],[-77.52560661099994,-9.09004397799987],[-77.5276051109999,-9.086270726999885],[-77.53034373699995,-9.082921976999899],[-77.53812423699986,-9.08191235199996],[-77.54346848699998,-9.08519660199994],[-77.54845011199995,-9.084445976999973],[-77.55625211099988,-9.084104851999939],[-77.55888023699993,-9.083212851999917],[-77.56305336199989,-9.083467852999945],[-77.56550998599994,-9.084991976999959],[-77.57240223699989,-9.085765351999896],[-77.57378973699997,-9.086470476999978],[-77.57401873699996,-9.088889851999966],[-77.57596136199993,-9.090183351999883],[-77.58092048699996,-9.09571572699997],[-77.58424111199997,-9.097372476999965],[-77.59042598699995,-9.098958601999925],[-77.59600261199995,-9.103240351999943],[-77.6013199869999,-9.10893522699996],[-77.60191411199986,-9.111914101999957],[-77.60376523699989,-9.114443226999981],[-77.60399098699992,-9.120433476999892],[-77.60251386199991,-9.123018351999974],[-77.5983904869999,-9.126649351999959],[-77.5942837369999,-9.131993851999937],[-77.59322261199998,-9.134412102999931],[-77.59184961199998,-9.141365226999937],[-77.59097848599998,-9.152093726999965],[-77.58896911199992,-9.155125102999875],[-77.5889183619999,-9.15870022799993],[-77.59078823699997,-9.171534101999896],[-77.59264236199994,-9.177107226999965],[-77.59430561199997,-9.17924097699995],[-77.59558448699988,-9.18416747699996],[-77.60026398699995,-9.190712101999964],[-77.60292461099988,-9.195698101999938],[-77.60611386099998,-9.19919347699988],[-77.60932861099997,-9.204934102999971],[-77.6131302369999,-9.208608101999914],[-77.61674323699998,-9.214107726999941],[-77.61990011199998,-9.214448351999977],[-77.62584661199992,-9.210449851999954],[-77.62573636199994,-9.207623101999957],[-77.63216323699999,-9.206087226999955],[-77.63466536199996,-9.2040093519999],[-77.63584961199996,-9.201638726999875],[-77.64067848599996,-9.199730476999889],[-77.64405161199994,-9.197271351999916],[-77.64703511199997,-9.20189260299992],[-77.64960548699997,-9.20347260299991],[-77.65122936199992,-9.206611602999942],[-77.65150198599991,-9.210300351999933],[-77.65315561199998,-9.214607101999945],[-77.65697161199995,-9.21785985199989],[-77.65932036199996,-9.224921851999966],[-77.65936011199994,-9.229671977999942],[-77.66077973699998,-9.232880351999938],[-77.66137598699987,-9.239836726999897],[-77.66489448699991,-9.243097601999978],[-77.67068936199996,-9.239357601999927],[-77.67504423599996,-9.240116101999831],[-77.68064211199993,-9.246450727999957],[-77.68088761099989,-9.244698101999973],[-77.68441823699999,-9.23866047699994],[-77.68464898699989,-9.235337727999877],[-77.6865853619999,-9.23052385199992],[-77.68750886199985,-9.22603347699993],[-77.68929673699989,-9.224164727999948],[-77.69174711199997,-9.225772601999893],[-77.69501623699989,-9.229845352999916],[-77.70100398699998,-9.233762726999942],[-77.70206448699997,-9.238718727999924],[-77.70347248699994,-9.241947851999953],[-77.70631848699998,-9.243594102999907],[-77.71198223699997,-9.245035477999977],[-77.71458123699995,-9.248821476999979],[-77.71533173699993,-9.252262226999903],[-77.7179097369999,-9.255124476999868],[-77.71959486199995,-9.25825085199989],[-77.72060986199995,-9.2627777269999],[-77.72097848699997,-9.268681601999901],[-77.72450748699993,-9.27639910299996],[-77.73090198699992,-9.27974860199987],[-77.73348011199988,-9.27974860199987],[-77.73676873699986,-9.2844988519999],[-77.7439904869999,-9.290297101999954],[-77.74701161199994,-9.290355226999964],[-77.75121286199993,-9.28866997699987],[-77.75403911199999,-9.288952226999982],[-77.75728711199997,-9.291540476999955],[-77.76194736199994,-9.292427726999904],[-77.76564848699991,-9.292316351999943],[-77.77210561199996,-9.304726976999973],[-77.7725443619999,-9.310734601999968],[-77.77581336199995,-9.313359226999864],[-77.7766962369999,-9.315649852999854],[-77.77545548699999,-9.323261852999963],[-77.77154211199996,-9.331040726999902],[-77.77125273699988,-9.333952351999926],[-77.76486873699997,-9.335300726999947],[-77.76205686199995,-9.340131351999958],[-77.75741023699993,-9.344276227999899],[-77.75273098699995,-9.346426477999898],[-77.74770623699993,-9.350417476999894],[-77.7459031119999,-9.354913351999926],[-77.74270548699991,-9.359433226999954],[-77.74268136199993,-9.365131226999893],[-77.74441248699992,-9.368713476999915],[-77.74419598699996,-9.370708976999822],[-77.74735936199994,-9.374874976999877],[-77.74838861199993,-9.37519335299993],[-77.75003911199997,-9.380740476999904],[-77.75325998699992,-9.383336976999885],[-77.75350036099991,-9.385687101999906],[-77.75572411199988,-9.390544727999952],[-77.75670386199994,-9.3948081019999],[-77.7594341119999,-9.39439272699991],[-77.76310136199993,-9.395925102999968],[-77.76583236199986,-9.400648226999976],[-77.76393673699994,-9.403218602999914],[-77.76188923699993,-9.40865222799988],[-77.76064148699999,-9.413732351999954],[-77.7620318619999,-9.417154727999957],[-77.76647036199995,-9.419739351999965],[-77.76623636199997,-9.421863227999893],[-77.77204961199999,-9.422110102999966],[-77.77454048699997,-9.423814976999836],[-77.7789173619999,-9.425094352999906],[-77.78512636199991,-9.425052726999922],[-77.79645811199987,-9.422505226999931],[-77.80396661199995,-9.422314601999972],[-77.80641136199995,-9.424080726999875],[-77.80871123699984,-9.423804977999964],[-77.80966736199997,-9.425867602999915],[-77.8192017369999,-9.422999102999938],[-77.82761323699998,-9.4241679779999],[-77.83322698699993,-9.425981727999954],[-77.83862548699994,-9.424037227999918],[-77.84130273699998,-9.41966610299994],[-77.8445796119999,-9.412330351999856],[-77.84575423699994,-9.410948976999975],[-77.85408836199991,-9.403777102999925],[-77.85699798699989,-9.402726601999973],[-77.86220511199997,-9.408665976999885],[-77.86569536199994,-9.411581976999912],[-77.86715036199996,-9.413730477999877],[-77.87223436199997,-9.415775351999969],[-77.87455473699993,-9.41895510199987],[-77.87824023699994,-9.42124610299993],[-77.88244923699995,-9.425412102999928],[-77.8847167369999,-9.425664101999871],[-77.89236323699993,-9.429423851999843],[-77.89339448699997,-9.431943351999962],[-77.89539848699997,-9.433255851999888],[-77.89733986199991,-9.436935602999881],[-77.90099611199992,-9.442234352999947],[-77.9026486119999,-9.440812476999952],[-77.90747461199987,-9.439146477999941],[-77.91031448699994,-9.435951226999975],[-77.91114261199994,-9.43064447799992],[-77.91349798699997,-9.429519477999918],[-77.91777348699998,-9.424037102999932],[-77.91898636199994,-9.418931601999816],[-77.92659548699999,-9.411575977999973],[-77.92939848699996,-9.407111351999959],[-77.93269336199995,-9.394906227999968],[-77.9329084869999,-9.398981976999949],[-77.94139098699992,-9.405829226999913],[-77.94194986199989,-9.408297726999876]]]},"properties":{"ubigeo":"021500","nombre":"YUNGAY"}},{"type":"Feature","geometry":{"type":"Polygon","coordinates":[[[-76.95965036199993,-9.164248101999931],[-76.9588749859999,-9.169937477999952],[-76.96093948599992,-9.17171297699997],[-76.96108598599989,-9.174263726999982],[-76.9628457359999,-9.17698435199992],[-76.9618807359999,-9.179609226999958],[-76.96237111099998,-9.186527351999928],[-76.96213086099993,-9.197072226999978],[-76.95939261099994,-9.205956976999914],[-76.95973436099996,-9.207748101999925],[-76.96826561199998,-9.21377935199996],[-76.96924411099997,-9.22034185299998],[-76.96951361099997,-9.2265819779999],[-76.97236723599991,-9.234490226999924],[-76.97666798599994,-9.241404351999904],[-76.97943161099994,-9.24386897699992],[-76.98375973599991,-9.24534760299997],[-76.98751761099999,-9.247564476999969],[-76.98893948599994,-9.250589851999905],[-76.98923823699988,-9.25627347699998],[-76.99027148599993,-9.263060601999939],[-76.98921673599995,-9.264300726999977],[-76.9932319859999,-9.270289226999978],[-76.99633773599993,-9.273211726999932],[-76.99969373599998,-9.273397601999932],[-77.00174798599994,-9.277423851999913],[-77.00352148599995,-9.279036102999896],[-77.00418298599999,-9.281747601999882],[-77.0082914859999,-9.285493101999919],[-77.0093098619999,-9.290637601999947],[-77.01159436099994,-9.294037852999907],[-77.01085936099992,-9.296154101999946],[-77.01231523699994,-9.298780352999927],[-77.01437298699994,-9.296443351999926],[-77.0180801119999,-9.296964851999974],[-77.02372061199998,-9.300007851999965],[-77.02686523599982,-9.300919976999921],[-77.02986136099992,-9.2997012269999],[-77.03120323699994,-9.295716851999941],[-77.03488086099992,-9.292638601999954],[-77.03944536099993,-9.290363226999887],[-77.04390823599988,-9.289632851999954],[-77.05042386099996,-9.286431601999936],[-77.0546934869999,-9.285322226999881],[-77.06183611199998,-9.280505601999891],[-77.06388911099992,-9.277432851999947],[-77.07013673599994,-9.274466726999947],[-77.07659761099995,-9.273109352999882],[-77.0791777369999,-9.270861352999873],[-77.08481048599992,-9.266390601999888],[-77.0864277369999,-9.264410101999886],[-77.08768161099988,-9.259486351999897],[-77.08459773599998,-9.256439476999958],[-77.08381048699988,-9.254165976999957],[-77.08472848599996,-9.249378851999893],[-77.08583398599995,-9.247085976999927],[-77.08349023699992,-9.243123101999913],[-77.08214848599994,-9.237624976999939],[-77.08270511099988,-9.23339260199998],[-77.08427686099992,-9.227127602999929],[-77.09003323599995,-9.220224601999973],[-77.09353711099999,-9.212511726999935],[-77.09374411099998,-9.210656226999902],[-77.09242786199997,-9.205078102999948],[-77.08910111099993,-9.196518977999915],[-77.0872103609999,-9.18881485199995],[-77.08456586099993,-9.185892101999968],[-77.08441211099984,-9.182482351999909],[-77.0874197359999,-9.184460226999931],[-77.09452736199995,-9.185049351999965],[-77.09705498599999,-9.186436726999887],[-77.09874398699992,-9.191731726999933],[-77.10452536199983,-9.194459351999967],[-77.10762061099996,-9.191645727999855],[-77.11049236099996,-9.191133601999923],[-77.11649123599994,-9.194824102999917],[-77.12116398599994,-9.199022226999944],[-77.12659748599998,-9.200769226999967],[-77.13029386099993,-9.200092726999856],[-77.14020998599989,-9.202342851999958],[-77.14221286099996,-9.202418101999967],[-77.14602111099992,-9.19833435199996],[-77.14659048599998,-9.191550851999978],[-77.1514052359999,-9.18763735199991],[-77.15248398599994,-9.184477726999887],[-77.15681298599998,-9.176347226999951],[-77.15740598699995,-9.172694601999979],[-77.16162786099994,-9.168780976999926],[-77.16834023599995,-9.165982226999972],[-77.1738712369999,-9.159956226999952],[-77.17270911199995,-9.156670101999907],[-77.16790436099996,-9.152788851999958],[-77.16766361099991,-9.15101072699997],[-77.16427411199993,-9.148417602999928],[-77.15775423599996,-9.147084102999884],[-77.15442023599996,-9.143398101999935],[-77.15457986199993,-9.141835976999971],[-77.16063598699992,-9.133982851999917],[-77.15993711099992,-9.130854851999914],[-77.1620429869999,-9.128524726999956],[-77.16529936099994,-9.127313102999892],[-77.16841061199989,-9.121566226999903],[-77.16374661099991,-9.117966976999924],[-77.1640577369999,-9.114993101999971],[-77.16293736199992,-9.111471601999938],[-77.16425386099996,-9.10959372699989],[-77.16671211099998,-9.108554977999916],[-77.16546961099993,-9.105790476999971],[-77.16110398599994,-9.103651726999942],[-77.15748773599995,-9.100183726999887],[-77.15704273699998,-9.097113351999951],[-77.15303123599989,-9.094880976999889],[-77.1475136119999,-9.095798851999973],[-77.14411373599995,-9.095664726999928],[-77.14208598599998,-9.093887601999938],[-77.14101523699992,-9.09133585199993],[-77.13998998699998,-9.083430226999951],[-77.14242086099995,-9.081493726999952],[-77.14363298599989,-9.078418601999886],[-77.14328036199993,-9.07516922699989],[-77.141493987,-9.070413101999918],[-77.14205661099993,-9.058707351999942],[-77.14138998699991,-9.055603852999923],[-77.14336873699995,-9.052371601999937],[-77.14747448699995,-9.04871910199995],[-77.15018048599995,-9.042520476999925],[-77.14951398599993,-9.03969435199997],[-77.15239398699993,-9.033718976999978],[-77.14820761099992,-9.030256476999966],[-77.14733198699997,-9.028124851999962],[-77.14167148599995,-9.029156101999945],[-77.13759948599994,-9.027964976999954],[-77.13607011099992,-9.025520851999886],[-77.12879073599998,-9.024170101999971],[-77.12582798599993,-9.022958726999889],[-77.12236911199989,-9.02040622699991],[-77.12051173599997,-9.01703710199996],[-77.11132611199997,-9.00835747699989],[-77.11343748599995,-9.002687476999881],[-77.11369336199988,-8.998210976999871],[-77.11668748599999,-8.991007851999939],[-77.11858786099992,-8.989324226999884],[-77.12115423599994,-8.98053910199991],[-77.12278511199986,-8.978054726999972],[-77.10314261199989,-8.97243360199991],[-77.0981328609999,-8.97482810199989],[-77.09566198599993,-8.974451226999975],[-77.09315623599997,-8.971730476999937],[-77.09015823599998,-8.97306447699998],[-77.08584961099996,-8.977927726999951],[-77.07766011099994,-8.982703101999903],[-77.0738417359999,-8.984404351999956],[-77.07136136099996,-8.987980476999837],[-77.06601948699989,-8.990915976999872],[-77.06142186099999,-8.992376976999878],[-77.05450598599992,-8.99222660199996],[-77.05217973599991,-8.994781226999976],[-77.04709761099997,-8.994874976999881],[-77.04174411199989,-8.99839847699991],[-77.03718748699998,-8.999289101999977],[-77.03441598699999,-9.0013632269999],[-77.03315823599996,-9.004056601999935],[-77.03363486099994,-9.00842185199997],[-77.03386911099994,-9.009267601999966],[-77.03402536099992,-9.010958976999916],[-77.03262886199991,-9.01423435199996],[-77.02886523599994,-9.016062476999878],[-77.02690048599999,-9.018550726999877],[-77.02460336099989,-9.01907810199998],[-77.02208598599998,-9.019824226999901],[-77.0199823609999,-9.021955101999936],[-77.01726948599998,-9.02488885199989],[-77.01677536199998,-9.026621101999979],[-77.01521873599995,-9.027267726999924],[-77.01179486099988,-9.028302726999925],[-77.00913861099991,-9.030398476999949],[-77.00278711099986,-9.032619101999956],[-77.0007246109999,-9.036279351999895],[-77.00047661199989,-9.04108197699992],[-76.99816798599994,-9.042660101999957],[-76.99671486199998,-9.043706976999943],[-76.99619136099989,-9.044824226999935],[-76.99604098599997,-9.045964851999884],[-76.9959863609999,-9.046359351999968],[-76.99558598599998,-9.046884851999891],[-76.99453911099988,-9.047136726999952],[-76.99165823599998,-9.048402351999869],[-76.99054098699992,-9.049271476999934],[-76.98826761199996,-9.05032810199998],[-76.98764061099996,-9.050669976999927],[-76.98699223599994,-9.051162101999978],[-76.98586523599994,-9.053390601999979],[-76.98403123599991,-9.053968726999926],[-76.98104886099998,-9.057540976999974],[-76.98102148599992,-9.06027335199991],[-76.98058611099998,-9.061589851999884],[-76.98010161099995,-9.062918101999912],[-76.97908598599992,-9.063093726999966],[-76.97657423699991,-9.06326172699994],[-76.97561723599995,-9.06334585199994],[-76.97212111099998,-9.062650351999878],[-76.971869111,-9.062398476999931],[-76.97039848599991,-9.060697226999935],[-76.96544136099999,-9.061060601999884],[-76.96171873599991,-9.067634726999927],[-76.9605742359999,-9.067888851999953],[-76.95699998599991,-9.065953101999924],[-76.95248823599985,-9.067619101999924],[-76.95065423599988,-9.067884726999978],[-76.94496473599997,-9.074415976999944],[-76.94374611199993,-9.085652351999954],[-76.94510348599988,-9.090214851999974],[-76.94622848699998,-9.096810601999948],[-76.94510161099998,-9.103220726999893],[-76.94361911099992,-9.10639447699998],[-76.94471673599998,-9.11103910199995],[-76.94601361099996,-9.114699226999903],[-76.94511723599999,-9.118054726999901],[-76.94605661099996,-9.121833976999937],[-76.94504498599986,-9.12637697699995],[-76.94181048599995,-9.128992226999912],[-76.94294923599989,-9.13201372799989],[-76.94627111099999,-9.135400101999949],[-76.95081636099997,-9.141732476999948],[-76.95456448599987,-9.146060601999864],[-76.95827148599989,-9.148578101999874],[-76.9611827359999,-9.153476101999956],[-76.96068161099998,-9.16131835199991],[-76.95965036199993,-9.164248101999931]]]},"properties":{"ubigeo":"021600","nombre":"ANTONIO RAIMONDI"}},{"type":"Feature","geometry":{"type":"Polygon","coordinates":[[[-77.20830636099998,-9.16521222699987],[-77.22155686199994,-9.16757797699995],[-77.22182086099997,-9.169319101999974],[-77.22530636199997,-9.172525852999968],[-77.22772311199998,-9.176940851999973],[-77.22800186099994,-9.179264601999932],[-77.23343936099991,-9.179682851999928],[-77.23553061099994,-9.186374976999957],[-77.23924861099988,-9.19074360299993],[-77.2411984869999,-9.191714351999849],[-77.24154573699997,-9.198043476999942],[-77.24247148699999,-9.19936622699987],[-77.24577798699994,-9.199340351999865],[-77.24988473699983,-9.200361226999973],[-77.25235136099997,-9.20464385199989],[-77.25905661099995,-9.20858197699988],[-77.26205161199994,-9.207787227999916],[-77.26280011199998,-9.198685976999968],[-77.2654646119999,-9.193805851999969],[-77.27268011099994,-9.187315852999973],[-77.27482161199998,-9.186451101999921],[-77.27764823599989,-9.181543476999934],[-77.28807623699993,-9.182536851999885],[-77.29266161099997,-9.182286976999933],[-77.29140436199998,-9.176260726999942],[-77.29270498699992,-9.174613351999938],[-77.29792911099997,-9.171990352999899],[-77.30133248599986,-9.168933976999881],[-77.30592798699996,-9.16600760199998],[-77.30829073599995,-9.165465602999973],[-77.31024036199989,-9.163316101999953],[-77.31217086099991,-9.159591226999908],[-77.31377498599994,-9.158615726999926],[-77.3165062359999,-9.147452101999875],[-77.31867398599996,-9.142206351999903],[-77.31761173599989,-9.139756851999891],[-77.31928086199997,-9.137242351999873],[-77.32587073699995,-9.134467726999958],[-77.32908598699998,-9.131974476999915],[-77.33381636199994,-9.130896476999908],[-77.3406813609999,-9.131641601999831],[-77.34290336099997,-9.130557726999939],[-77.34493548599988,-9.127875226999947],[-77.34843773699993,-9.126334976999942],[-77.35152648699989,-9.120878726999877],[-77.35535336099997,-9.116655851999951],[-77.35683423699993,-9.113628351999921],[-77.36220848599999,-9.11218085199988],[-77.3660234869999,-9.113876976999904],[-77.36397086199997,-9.108630851999976],[-77.36447661099999,-9.106775351999943],[-77.36260161099995,-9.10371485199994],[-77.36283398599994,-9.096220726999888],[-77.36581048599993,-9.09243160199992],[-77.36338861199994,-9.084927726999979],[-77.36315236199994,-9.07946285199995],[-77.36199998599989,-9.075818351999942],[-77.3629589869999,-9.070742226999869],[-77.36200198699999,-9.064992226999948],[-77.35768161099998,-9.059027351999873],[-77.35907811099997,-9.054417976999957],[-77.35929498699988,-9.049978476999968],[-77.36081048699998,-9.045314476999977],[-77.36199423699992,-9.044331976999956],[-77.36265423599991,-9.038171976999934],[-77.36102348599991,-9.030482476999964],[-77.36144536199998,-9.028419976999942],[-77.36068373699993,-9.024330101999965],[-77.36325198599991,-9.01805860199994],[-77.3607089859999,-9.010212851999938],[-77.36217573699997,-9.005105476999915],[-77.36175398699987,-8.99751760199996],[-77.36417186199998,-8.986277351999945],[-77.36391411199997,-8.98420897699998],[-77.36192386099998,-8.980335976999982],[-77.35949611199999,-8.97723822699993],[-77.35853911199996,-8.969918101999951],[-77.35360548599988,-8.965847601999883],[-77.35302536199993,-8.962162101999922],[-77.35127911199993,-8.96032222699995],[-77.34900986099996,-8.959778101999973],[-77.34551361199993,-8.95583010199988],[-77.34272261099994,-8.955712851999976],[-77.33777148699994,-8.957488226999942],[-77.33578911099994,-8.956099601999881],[-77.33340023699998,-8.951994101999901],[-77.33097073599998,-8.95164647699994],[-77.32719723699995,-8.952763726999933],[-77.3235136109999,-8.94648435199997],[-77.32046873699994,-8.945441351999875],[-77.31486523599995,-8.946134851999886],[-77.30931248699994,-8.947662101999981],[-77.30694723699997,-8.94730472699996],[-77.30414648699997,-8.948597601999893],[-77.29704098699995,-8.947476601999881],[-77.28888086199998,-8.945095726999966],[-77.28385736199994,-8.94543360199998],[-77.28085548599995,-8.946589851999875],[-77.27659761099994,-8.94462885199988],[-77.26819923599993,-8.94468947699994],[-77.26566398699998,-8.943320726999957],[-77.26351361199994,-8.940949351999905],[-77.25948236099998,-8.94024997699995],[-77.2549159859999,-8.936751976999915],[-77.24950386199993,-8.93459760199994],[-77.2462694859999,-8.935025351999968],[-77.24487886199995,-8.93487885199994],[-77.23983011199994,-8.931230476999929],[-77.23503511199993,-8.926171726999883],[-77.22613673599983,-8.924580101999936],[-77.22036323599997,-8.92443372699995],[-77.21855073699999,-8.92374810199982],[-77.20905073599994,-8.923552601999972],[-77.20604298699993,-8.925386726999932],[-77.19923236099999,-8.9263222269999],[-77.19549998599996,-8.92534197699996],[-77.19233786099988,-8.927175726999906],[-77.18857223599997,-8.92838285199997],[-77.17952348599994,-8.926113226999917],[-77.17511961199989,-8.92695460199991],[-77.17275198599992,-8.923035101999972],[-77.16929886199995,-8.921482476999927],[-77.16576798599993,-8.913331476999929],[-77.16525786199998,-8.910808601999975],[-77.16282423599989,-8.908947226999885],[-77.16136323599989,-8.905710976999899],[-77.1612207359999,-8.90188910199987],[-77.1595332359999,-8.897103476999973],[-77.15726361199995,-8.899167976999877],[-77.15398823599986,-8.900443351999968],[-77.1516972359999,-8.899130851999928],[-77.14899998599998,-8.895406226999967],[-77.14786523599986,-8.895511726999871],[-77.1433808619999,-8.900023476999877],[-77.1427498619999,-8.903160101999958],[-77.13809573599997,-8.908267600999977],[-77.13897661099998,-8.91142572699988],[-77.13629686099995,-8.913630851999926],[-77.13163286099996,-8.91562497699988],[-77.12963286099995,-8.919874976999893],[-77.13346098599999,-8.92413472699991],[-77.13053511099992,-8.931814476999932],[-77.12700961099989,-8.931859351999947],[-77.12493748599996,-8.932816351999975],[-77.12391411199991,-8.934966851999889],[-77.12370698699993,-8.942373101999976],[-77.1235058609999,-8.944831976999922],[-77.12126173599995,-8.94662885199989],[-77.11741986099992,-8.944972601999837],[-77.11491211099991,-8.94571485199998],[-77.11050386199997,-8.949355476999926],[-77.10606836099987,-8.948913976999961],[-77.10497261099988,-8.9525683519999],[-77.10291986199996,-8.954521476999957],[-77.10349798599998,-8.957644476999974],[-77.10249023599994,-8.96046685199991],[-77.10376361099998,-8.962042976999953],[-77.1073613609999,-8.96363085199988],[-77.10769336099992,-8.966173851999883],[-77.10977348699998,-8.968353476999937],[-77.1097968609999,-8.970205101999909],[-77.10314261199989,-8.97243360199991],[-77.12278511199986,-8.978054726999972],[-77.12115423599994,-8.98053910199991],[-77.11858786099992,-8.989324226999884],[-77.11668748599999,-8.991007851999939],[-77.11369336199988,-8.998210976999871],[-77.11343748599995,-9.002687476999881],[-77.11132611199997,-9.00835747699989],[-77.12051173599997,-9.01703710199996],[-77.12236911199989,-9.02040622699991],[-77.12582798599993,-9.022958726999889],[-77.12879073599998,-9.024170101999971],[-77.13607011099992,-9.025520851999886],[-77.13759948599994,-9.027964976999954],[-77.14167148599995,-9.029156101999945],[-77.14733198699997,-9.028124851999962],[-77.14820761099992,-9.030256476999966],[-77.15239398699993,-9.033718976999978],[-77.14951398599993,-9.03969435199997],[-77.15018048599995,-9.042520476999925],[-77.14747448699995,-9.04871910199995],[-77.14336873699995,-9.052371601999937],[-77.14138998699991,-9.055603852999923],[-77.14205661099993,-9.058707351999942],[-77.141493987,-9.070413101999918],[-77.14328036199993,-9.07516922699989],[-77.14363298599989,-9.078418601999886],[-77.14242086099995,-9.081493726999952],[-77.13998998699998,-9.083430226999951],[-77.14101523699992,-9.09133585199993],[-77.14208598599998,-9.093887601999938],[-77.14411373599995,-9.095664726999928],[-77.1475136119999,-9.095798851999973],[-77.15303123599989,-9.094880976999889],[-77.15704273699998,-9.097113351999951],[-77.15748773599995,-9.100183726999887],[-77.16110398599994,-9.103651726999942],[-77.16546961099993,-9.105790476999971],[-77.16671211099998,-9.108554977999916],[-77.16425386099996,-9.10959372699989],[-77.16293736199992,-9.111471601999938],[-77.1640577369999,-9.114993101999971],[-77.16374661099991,-9.117966976999924],[-77.16841061199989,-9.121566226999903],[-77.16529936099994,-9.127313102999892],[-77.1620429869999,-9.128524726999956],[-77.15993711099992,-9.130854851999914],[-77.16063598699992,-9.133982851999917],[-77.15457986199993,-9.141835976999971],[-77.15442023599996,-9.143398101999935],[-77.15775423599996,-9.147084102999884],[-77.16427411199993,-9.148417602999928],[-77.16766361099991,-9.15101072699997],[-77.16790436099996,-9.152788851999958],[-77.17270911199995,-9.156670101999907],[-77.1738712369999,-9.159956226999952],[-77.17686923599996,-9.158252976999961],[-77.17935236099999,-9.158172476999937],[-77.18332923599996,-9.155823476999956],[-77.18606648599996,-9.154988977999892],[-77.19082623699995,-9.156136726999932],[-77.19318611199992,-9.158085851999886],[-77.19414111099996,-9.162050601999852],[-77.19743361199988,-9.163290976999974],[-77.1982698619999,-9.165840726999932],[-77.20491461199998,-9.16565397699992],[-77.20830636099998,-9.16521222699987]]]},"properties":{"ubigeo":"021700","nombre":"CARLOS FERMIN FITZCARRALD"}},{"type":"Feature","geometry":{"type":"Polygon","coordinates":[[[-77.36220848599999,-9.11218085199988],[-77.35683423699993,-9.113628351999921],[-77.35535336099997,-9.116655851999951],[-77.35152648699989,-9.120878726999877],[-77.34843773699993,-9.126334976999942],[-77.34493548599988,-9.127875226999947],[-77.34290336099997,-9.130557726999939],[-77.3406813609999,-9.131641601999831],[-77.33381636199994,-9.130896476999908],[-77.32908598699998,-9.131974476999915],[-77.32587073699995,-9.134467726999958],[-77.31928086199997,-9.137242351999873],[-77.31761173599989,-9.139756851999891],[-77.31867398599996,-9.142206351999903],[-77.3165062359999,-9.147452101999875],[-77.31377498599994,-9.158615726999926],[-77.31217086099991,-9.159591226999908],[-77.31024036199989,-9.163316101999953],[-77.30829073599995,-9.165465602999973],[-77.30592798699996,-9.16600760199998],[-77.30133248599986,-9.168933976999881],[-77.29792911099997,-9.171990352999899],[-77.29270498699992,-9.174613351999938],[-77.29140436199998,-9.176260726999942],[-77.29266161099997,-9.182286976999933],[-77.28807623699993,-9.182536851999885],[-77.27764823599989,-9.181543476999934],[-77.27482161199998,-9.186451101999921],[-77.27268011099994,-9.187315852999973],[-77.2654646119999,-9.193805851999969],[-77.26280011199998,-9.198685976999968],[-77.26205161199994,-9.207787227999916],[-77.26296536099994,-9.212066851999907],[-77.26352936199999,-9.218117726999822],[-77.26391636199997,-9.229527726999947],[-77.26207948699994,-9.236150726999938],[-77.26427561099985,-9.241957476999971],[-77.26674748699998,-9.24305847799991],[-77.27374748699998,-9.243730977999974],[-77.27559298599994,-9.247334226999953],[-77.27525548599988,-9.250158476999957],[-77.2773566109999,-9.257681727999966],[-77.27586548699992,-9.261612726999886],[-77.27681436199998,-9.266018226999961],[-77.27657286099998,-9.26871797699988],[-77.27443061199995,-9.270993976999932],[-77.27529661199992,-9.27826947699998],[-77.28282011199997,-9.280432851999933],[-77.28390111199997,-9.284566726999913],[-77.2854386109999,-9.286481477999871],[-77.2916912359999,-9.288513601999966],[-77.29802948699995,-9.284566726999913],[-77.30087261099999,-9.28355135299995],[-77.30774823699994,-9.282767976999935],[-77.30897536099997,-9.283301976999894],[-77.31210523599998,-9.288572476999889],[-77.31493298699996,-9.290380102999961],[-77.31641848699991,-9.296841226999959],[-77.31549423599995,-9.30116110199998],[-77.31143261199998,-9.306237976999967],[-77.31334736099984,-9.31009647799982],[-77.31476886099995,-9.317407352999965],[-77.31918411199996,-9.324105601999975],[-77.32342386099992,-9.321445351999955],[-77.32475973699997,-9.319257851999964],[-77.32493536199985,-9.31164322799998],[-77.32568248699994,-9.310049601999935],[-77.33394936199994,-9.3069619769999],[-77.33673823599997,-9.305069602999936],[-77.34735236199992,-9.299855226999966],[-77.35393698699994,-9.301250601999925],[-77.36036198699998,-9.296916851999924],[-77.36519536199995,-9.294167976999859],[-77.36728598699989,-9.294122601999902],[-77.37175836199992,-9.292335351999839],[-77.37518061199995,-9.290126727999962],[-77.38002748699995,-9.287899226999969],[-77.3838202369999,-9.289238851999869],[-77.38893523699988,-9.288942976999977],[-77.39311086199996,-9.28612447799992],[-77.39671098699995,-9.284751976999871],[-77.40031211199994,-9.279414851999888],[-77.40423911199997,-9.277146726999888],[-77.40897948599996,-9.273131602999968],[-77.41274473599992,-9.27558860299996],[-77.41557173599989,-9.276329351999948],[-77.42124348699997,-9.276607726999885],[-77.42789973599992,-9.274871726999947],[-77.43213461099992,-9.27551172699998],[-77.43537636199994,-9.272073101999922],[-77.43871111099998,-9.270588226999905],[-77.44747973699992,-9.265298851999944],[-77.45095936199988,-9.263994226999955],[-77.4600933619999,-9.265786227999968],[-77.46382036199998,-9.268382851999945],[-77.46961761199987,-9.270278851999876],[-77.47172761199994,-9.269875476999914],[-77.47632398699989,-9.270839602999956],[-77.48079136099994,-9.269970352999962],[-77.4817244869999,-9.26899160299996],[-77.4832941109999,-9.263139852999927],[-77.48036723699994,-9.25531510199994],[-77.48329598699996,-9.25393410299995],[-77.48731998699998,-9.25341022699996],[-77.49030198599996,-9.251339351999945],[-77.49272511099997,-9.250862477999931],[-77.49593961099993,-9.252600601999916],[-77.4990349869999,-9.252505351999957],[-77.50360673599988,-9.256196101999876],[-77.5066416119999,-9.25638185199989],[-77.5108271119999,-9.254347226999926],[-77.51277923699996,-9.2519316019999],[-77.51332686199999,-9.249405976999924],[-77.51312873599994,-9.243319477999933],[-77.5175703619999,-9.235902351999869],[-77.51612873699997,-9.224866851999934],[-77.51742936099998,-9.216108227999882],[-77.51570111199999,-9.210409851999941],[-77.51653486199996,-9.20578247799989],[-77.51757711199991,-9.20378147699995],[-77.52570636099995,-9.205073726999956],[-77.5287912369999,-9.203114476999929],[-77.53190611199989,-9.199357477999968],[-77.53072511199997,-9.190832351999973],[-77.52902386199997,-9.186615351999933],[-77.52959898599994,-9.183260976999918],[-77.53150973699996,-9.178609601999938],[-77.53201023599996,-9.175583101999962],[-77.53354723599995,-9.173116727999911],[-77.53136673699993,-9.170483476999948],[-77.52853098599996,-9.163143726999976],[-77.52868586199997,-9.158067976999916],[-77.5254807369999,-9.15492235299996],[-77.52374111099994,-9.150549476999913],[-77.52209311199994,-9.148440352999955],[-77.52151898699992,-9.145531726999877],[-77.51970186199998,-9.143446601999926],[-77.52059548699992,-9.140572101999965],[-77.51876361199999,-9.1365954769999],[-77.51670823599989,-9.133854976999885],[-77.50911236099995,-9.128954851999936],[-77.50561223699992,-9.12885060199983],[-77.50305048699988,-9.127495351999869],[-77.50007173699998,-9.120375976999924],[-77.49952136199983,-9.117218101999981],[-77.49364123599992,-9.109288351999965],[-77.49046036199991,-9.106671851999977],[-77.48609173699992,-9.107130851999955],[-77.48052923699993,-9.106607476999898],[-77.47502148699994,-9.104376976999902],[-77.47070311099998,-9.101939476999917],[-77.4658329859999,-9.100170851999962],[-77.46147661199996,-9.09545897699985],[-77.45931248699998,-9.090115226999842],[-77.45701561199996,-9.08790610199992],[-77.45120511099998,-9.08796485199997],[-77.44808198699997,-9.085951226999896],[-77.44608786199996,-9.080037101999949],[-77.44212111099995,-9.075824226999941],[-77.4376698619999,-9.068109351999908],[-77.43741023699988,-9.066212851999921],[-77.43877736199994,-9.062480476999951],[-77.43734573599988,-9.059246101999918],[-77.43124798599996,-9.057017601999917],[-77.4257031119999,-9.057109351999884],[-77.42365036199988,-9.058804726999938],[-77.41814061199989,-9.059998101999895],[-77.41032423699994,-9.057806601999914],[-77.40208986199997,-9.058160101999874],[-77.40022073699993,-9.058615226999962],[-77.39492573699994,-9.056814477999922],[-77.39123436099999,-9.05687497699995],[-77.38754098699991,-9.057802726999967],[-77.3855507369999,-9.059261726999978],[-77.38147461199998,-9.058845726999948],[-77.37927348699992,-9.060314476999963],[-77.37363473699992,-9.061318351999887],[-77.36613861099994,-9.064937476999944],[-77.36200198699999,-9.064992226999948],[-77.3629589869999,-9.070742226999869],[-77.36199998599989,-9.075818351999942],[-77.36315236199994,-9.07946285199995],[-77.36338861199994,-9.084927726999979],[-77.36581048599993,-9.09243160199992],[-77.36283398599994,-9.096220726999888],[-77.36260161099995,-9.10371485199994],[-77.36447661099999,-9.106775351999943],[-77.36397086199997,-9.108630851999976],[-77.3660234869999,-9.113876976999904],[-77.36220848599999,-9.11218085199988]]]},"properties":{"ubigeo":"021800","nombre":"ASUNCION"}},{"type":"Feature","geometry":{"type":"Polygon","coordinates":[[[-77.59818886199992,-9.942169477999869],[-77.60385023599991,-9.9470371029999],[-77.60816973699991,-9.950135977999821],[-77.61059223699988,-9.956620977999933],[-77.6093966119999,-9.963290852999876],[-77.61132348599989,-9.969484227999942],[-77.61142636199997,-9.97390760299993],[-77.61345073599995,-9.975267727999892],[-77.62023011199994,-9.977056852999965],[-77.62066336199996,-9.979389227999945],[-77.62448586199997,-9.986003602999915],[-77.62505086199991,-9.992252477999955],[-77.6287287369999,-9.998303727999883],[-77.63044136199994,-10.00377147799992],[-77.62943948699996,-10.010826227999928],[-77.63161723699983,-10.017369102999965],[-77.63140823699996,-10.022017602999824],[-77.63567386199992,-10.023128852999946],[-77.63917186199996,-10.022712852999973],[-77.64469723699989,-10.022994102999974],[-77.64567973699985,-10.023773477999953],[-77.65442773699988,-10.021019477999914],[-77.66074611199997,-10.021240227999897],[-77.6660117369999,-10.022056602999953],[-77.67029686199999,-10.019871102999957],[-77.67440823699991,-10.019882727999914],[-77.67876561199995,-10.020976602999951],[-77.68313286199998,-10.021105477999924],[-77.68797473699993,-10.020089852999945],[-77.69314648699992,-10.016072227999928],[-77.70152923699993,-10.014630852999971],[-77.7047891119999,-10.015273477999926],[-77.71234961199991,-10.012599602999956],[-77.7147636119999,-10.013384727999892],[-77.71938286199992,-10.013083977999884],[-77.72238086199991,-10.014261727999894],[-77.72752736199993,-10.013794977999908],[-77.73202348699988,-10.010576227999934],[-77.73524023699997,-10.007525352999949],[-77.73986723699988,-10.007089852999968],[-77.74250973699998,-10.009154352999929],[-77.75063473699998,-10.00621485299996],[-77.75287111199998,-10.003439477999905],[-77.75288286099999,-10.001615227999878],[-77.75497461199996,-9.997712852999939],[-77.75885736199996,-9.994572227999981],[-77.76341011099998,-9.99509572799991],[-77.7644472369999,-9.992746102999945],[-77.76393161199996,-9.989904352999929],[-77.76888148699999,-9.990687852999827],[-77.77206123699989,-9.994855852999876],[-77.77498986199993,-10.001432977999968],[-77.77527536199995,-10.004193352999948],[-77.77336936199998,-10.008951477999972],[-77.77489098699994,-10.01167460299996],[-77.77259511199992,-10.014103852999881],[-77.77043273699991,-10.018295227999943],[-77.7705003619999,-10.025101602999882],[-77.76538298699995,-10.026985477999972],[-77.75998773699996,-10.03152672799996],[-77.75594948699995,-10.03972947799997],[-77.75344048699992,-10.042819227999928],[-77.74915573699997,-10.04556235299998],[-77.74494186199996,-10.042484602999934],[-77.73950498699998,-10.042118477999963],[-77.729874237,-10.043640227999902],[-77.72635023699996,-10.046102977999851],[-77.71930473699996,-10.048229727999967],[-77.71591873699992,-10.048265352999977],[-77.71261498699994,-10.051188477999972],[-77.70997011199995,-10.052445977999923],[-77.70995198699995,-10.05451235299995],[-77.71347586199994,-10.059377727999959],[-77.71891211199988,-10.063029977999918],[-77.72139648699994,-10.069284977999928],[-77.72138473699994,-10.076056352999899],[-77.72186523699997,-10.078679227999942],[-77.71876186099996,-10.087028477999922],[-77.71838136199995,-10.090632602999904],[-77.71725998699998,-10.092694852999898],[-77.7108529869999,-10.097380102999978],[-77.70754086199997,-10.102199852999945],[-77.70384336199999,-10.104168227999935],[-77.69968048699991,-10.108532477999972],[-77.69978061199993,-10.112857227999882],[-77.69907986199996,-10.115179852999972],[-77.69867948699994,-10.121086477999881],[-77.69909011199991,-10.123288727999977],[-77.69810923699993,-10.12852422799989],[-77.69797861199999,-10.137704977999931],[-77.69878323699999,-10.141394477999938],[-77.69683786199988,-10.144955102999916],[-77.69325198699994,-10.146023477999961],[-77.68548173599999,-10.141485977999878],[-77.67989036199998,-10.140336477999881],[-77.67746023699993,-10.140913227999931],[-77.67399511199994,-10.13955547799992],[-77.67067098699994,-10.139885727999967],[-77.66013448699982,-10.143909852999968],[-77.65740011199995,-10.146866352999893],[-77.65625761099994,-10.151978477999933],[-77.65988623699997,-10.157438977999902],[-77.66037173699993,-10.163226602999941],[-77.66227073699991,-10.166562602999932],[-77.66261636199994,-10.168912727999952],[-77.66717411199988,-10.173213227999895],[-77.66938086199997,-10.180054728999949],[-77.67310348699993,-10.184939477999876],[-77.67369923699994,-10.189064477999977],[-77.67584961199998,-10.196148477999884],[-77.6765058609999,-10.200136602999976],[-77.67620898699994,-10.203210977999902],[-77.67440436199996,-10.206711478999978],[-77.67486523699989,-10.212843727999882],[-77.67716673699988,-10.215080352999905],[-77.6809143619999,-10.22165360299988],[-77.67752373599996,-10.234234977999904],[-77.68323436199995,-10.238826727999879],[-77.68562111199998,-10.243243477999954],[-77.68999348599988,-10.246522727999832],[-77.6930273619999,-10.252545727999973],[-77.69545898699994,-10.254709477999882],[-77.69642736199995,-10.25685035299989],[-77.69597198599985,-10.259617102999869],[-77.69345123699998,-10.264257227999906],[-77.69300511199992,-10.267826227999876],[-77.69429886199998,-10.270034727999928],[-77.69416498599998,-10.27427322799997],[-77.69483423699995,-10.276816228999962],[-77.69383048699996,-10.284824603999937],[-77.69428323699998,-10.28812697799998],[-77.69650736199998,-10.292721352999934],[-77.69744423699996,-10.300060603999952],[-77.69873048699998,-10.303890602999957],[-77.69945186199999,-10.311950352999872],[-77.69809111199993,-10.313154977999886],[-77.6987517369999,-10.322104102999958],[-77.70433998699997,-10.32526710299993],[-77.71243361099994,-10.324656228999913],[-77.71738473699997,-10.32249222899992],[-77.72291598699996,-10.322572228999888],[-77.72522073699997,-10.323826227999916],[-77.73536048699998,-10.3235064779999],[-77.74037998699998,-10.32069997799988],[-77.74320948699994,-10.32360585299989],[-77.74623986199987,-10.324375852999935],[-77.74948048699986,-10.322400228999982],[-77.75250745399995,-10.321895452999854],[-77.75404298699988,-10.325496102999978],[-77.7563554869999,-10.328123103999815],[-77.75430273699999,-10.330933603999938],[-77.75392961199998,-10.33333985299987],[-77.75522661199994,-10.34089060399998],[-77.75704098699998,-10.34421685299992],[-77.75680473699992,-10.346841852999887],[-77.75538473699999,-10.349128852999911],[-77.75458573699996,-10.356964227999867],[-77.75182861199988,-10.361385602999917],[-77.7534431119999,-10.36498722899995],[-77.75212886199995,-10.369257852999908],[-77.75212661199993,-10.372861102999877],[-77.75413861199996,-10.376040477999936],[-77.75304573699998,-10.379617228999962],[-77.75562298699998,-10.383999978999952],[-77.75304486199997,-10.38862122799992],[-77.75336523699991,-10.391843727999856],[-77.75170286199995,-10.394918602999894],[-77.7522784869999,-10.403081103999966],[-77.74987161199988,-10.406796102999976],[-77.75405748699984,-10.4095168529999],[-77.75684361199995,-10.413062477999915],[-77.75816248699994,-10.416825728999981],[-77.75905669099996,-10.42612897499987],[-77.76021161199992,-10.43022122799988],[-77.76523636199994,-10.428384727999912],[-77.76786198699983,-10.428790477999883],[-77.76797536199996,-10.431597352999972],[-77.7644697369999,-10.435783227999934],[-77.76388773699989,-10.437712603999955],[-77.76565636199996,-10.440732977999915],[-77.77050486199994,-10.443355977999886],[-77.77451586199999,-10.44473047799994],[-77.77883198699993,-10.449976602999925],[-77.78159373699992,-10.454414103999909],[-77.78479098699995,-10.454964852999922],[-77.78961911199997,-10.459621102999904],[-77.7907481119999,-10.462753852999924],[-77.79009761199995,-10.46763835299987],[-77.79180648699992,-10.472208602999899],[-77.79439873699994,-10.47518272799988],[-77.79832298699989,-10.476124353999978],[-77.79617773699994,-10.48329285299991],[-77.79150848699987,-10.485204228999976],[-77.78644136199995,-10.488920102999941],[-77.78568623699988,-10.493927602999975],[-77.78260623699992,-10.499272977999965],[-77.78228011799996,-10.503293327999813],[-77.78105623699997,-10.507256853999934],[-77.77786836199988,-10.510880728999894],[-77.77517261199995,-10.51108035399983],[-77.772443362,-10.512478228999953],[-77.77066986199998,-10.515671852999958],[-77.77211061199989,-10.519167977999928],[-77.77142886199988,-10.528029228999912],[-77.77336486199994,-10.532372103999876],[-77.77174273699995,-10.537761477999936],[-77.77314236199999,-10.542166103999875],[-77.772443362,-10.546259727999939],[-77.77370811199995,-10.548156727999924],[-77.77297598699994,-10.551418352999974],[-77.77427398699996,-10.554014602999928],[-77.77350848699984,-10.55807497799998],[-77.77373098699996,-10.562928978999878],[-77.77310311199994,-10.566800852999961],[-77.77081248699989,-10.568919978999816],[-77.77137648699994,-10.571614602999944],[-77.77587148699996,-10.575348477999967],[-77.7798986119999,-10.574449852999862],[-77.78499611199999,-10.572039102999952],[-77.78698257699995,-10.573482345999935],[-77.79002118099999,-10.577260660999968],[-77.7887147369999,-10.580694352999956],[-77.7910978619999,-10.58380197799994],[-77.79968336199994,-10.58532322799988],[-77.80823337099991,-10.58386544599989],[-77.8093261109999,-10.58253673199988],[-77.81310348699998,-10.58229497799988],[-77.81834885299992,-10.58044276499993],[-77.82390623699996,-10.57648047899994],[-77.82575520299997,-10.57186528699998],[-77.82875705099985,-10.568649405999963],[-77.83216904699998,-10.567354046999924],[-77.83968843599996,-10.567918824999936],[-77.84420750499999,-10.57085023499991],[-77.84713438799992,-10.574383132999913],[-77.85071990199992,-10.57408875599998],[-77.85431867799997,-10.576027410999927],[-77.85713556699989,-10.578701106999972],[-77.86302117799988,-10.587175462999937],[-77.86474496099999,-10.590899712999885],[-77.86861376199988,-10.596501453999906],[-77.88026173599997,-10.607894714999873],[-77.88275263499992,-10.608666827999912],[-77.88659211099997,-10.612055273999943],[-77.88503840399994,-10.610017425999843],[-77.88600586199988,-10.605066353999973],[-77.89337886199996,-10.593826228999887],[-77.89602161199991,-10.588499977999902],[-77.89886323699994,-10.584751977999872],[-77.90032036199989,-10.581369103999918],[-77.90847261199991,-10.569984353999928],[-77.90641211199988,-10.566173853999885],[-77.90439648699999,-10.567384728999969],[-77.90094136199986,-10.56503910399988],[-77.90080648699995,-10.560398478999957],[-77.90155661199998,-10.556587853999872],[-77.90413473699994,-10.551134727999965],[-77.9081601119999,-10.544287102999874],[-77.9145566119999,-10.537146478999944],[-77.92564061199994,-10.526800728999888],[-77.93042773699983,-10.523179727999945],[-77.93187698699984,-10.521150352999825],[-77.93249611199997,-10.517992352999897],[-77.93571286199995,-10.517402352999966],[-77.93591411199998,-10.514591852999956],[-77.93940236199995,-10.50901360399996],[-77.94712886199994,-10.50278122799989],[-77.95052536199995,-10.500933603999954],[-77.95215823699988,-10.498722602999976],[-77.96062298699991,-10.492519477999906],[-77.96332036199993,-10.494906227999877],[-77.96547073699992,-10.491816352999933],[-77.96274023699993,-10.488634727999852],[-77.96247261199994,-10.481609352999953],[-77.96411136199998,-10.475587852999922],[-77.96324223699992,-10.47144922799987],[-77.96696486199994,-10.465570352999919],[-77.96897261199996,-10.466499978999934],[-77.97045511199997,-10.465048852999928],[-77.97072073699991,-10.461749977999943],[-77.97479298699994,-10.458757852999895],[-77.97501561199982,-10.45608197799993],[-77.97730273699995,-10.451988228999937],[-77.97916798699993,-10.442763852999917],[-77.98034173699995,-10.439548852999906],[-77.98426173699994,-10.436222603999965],[-77.99422461199998,-10.429472602999965],[-77.99776173699996,-10.427994103999936],[-77.99815823699998,-10.425558603999946],[-78.00132423799994,-10.423488228999872],[-78.00361911199991,-10.42296685399998],[-78.00727361199995,-10.419617227999936],[-78.00642773699997,-10.416542977999939],[-78.01036523699997,-10.412154353999938],[-78.01263086199992,-10.413783228999876],[-78.01475973699996,-10.409630852999953],[-78.01272261199989,-10.406035103999955],[-78.01223048699995,-10.403091853999967],[-78.00401761199993,-10.40331635299998],[-78.00343361199992,-10.398623103999967],[-78.00070698699994,-10.397468727999865],[-78.00078323699995,-10.394244102999949],[-78.00296486199989,-10.38826560299998],[-78.00768361299998,-10.379603477999979],[-78.01010936199992,-10.37874022799997],[-78.01060348699997,-10.374699102999898],[-78.0144551119999,-10.37066010399991],[-78.02519723699999,-10.362548852999907],[-78.02976561199995,-10.359728477999965],[-78.03514448699997,-10.359308603999864],[-78.04084373699999,-10.354726602999904],[-78.04234761199996,-10.352021477999926],[-78.04627736199996,-10.351298853999879],[-78.05034573699987,-10.349322228999938],[-78.05454686199994,-10.34595510299988],[-78.05395698799998,-10.343708977999938],[-78.05512886199995,-10.33922072899992],[-78.05472261199998,-10.334880852999845],[-78.05554298699991,-10.331040977999919],[-78.05348436199995,-10.328673852999884],[-78.0540624869999,-10.32064647899989],[-78.0565917369999,-10.319316352999977],[-78.05628511199996,-10.316992227999947],[-78.05918161199997,-10.315455102999977],[-78.06038473699988,-10.312738228999876],[-78.05978511199999,-10.310484353999925],[-78.0616484869999,-10.308097602999965],[-78.0574922369999,-10.306804727999918],[-78.05669723699992,-10.304097602999946],[-78.05789848699993,-10.301433602999964],[-78.06183198699989,-10.296302727999887],[-78.06560161199997,-10.292388727999878],[-78.0775409869999,-10.282228477999979],[-78.08294723799992,-10.281308602999957],[-78.08707423699997,-10.277117227999838],[-78.08508986199985,-10.267749977999813],[-78.08612111199989,-10.260749977999978],[-78.08699798699996,-10.25852735299992],[-78.08402148699997,-10.255908227999953],[-78.08382611199988,-10.252292977999957],[-78.08139061199984,-10.250310602999889],[-78.08100786199998,-10.248318352999888],[-78.08291011199998,-10.246761727999967],[-78.08527348699994,-10.248539102999871],[-78.08824798699993,-10.248537102999876],[-78.08961323699992,-10.244802728999957],[-78.08766798799991,-10.242914102999862],[-78.08919336199989,-10.240886727999964],[-78.09152736199991,-10.242044977999967],[-78.09227923699996,-10.238519477999944],[-78.08995311199999,-10.233449227999927],[-78.08814848699996,-10.232330102999981],[-78.08760936199997,-10.229562477999934],[-78.09121673699997,-10.224941352999963],[-78.09614261199988,-10.221923853999954],[-78.09710936199991,-10.219646477999902],[-78.09728323699994,-10.210894477999886],[-78.0990078619999,-10.206519477999905],[-78.10225973699994,-10.20015035299997],[-78.10594923699995,-10.199273477999895],[-78.10843161199989,-10.196396477999883],[-78.11333011199991,-10.195878852999954],[-78.11725973699998,-10.183880852999948],[-78.12099411199995,-10.18233197799998],[-78.12116211299991,-10.179849602999923],[-78.12269723699995,-10.176374977999956],[-78.12583986199996,-10.176720727999964],[-78.13097073699998,-10.175998103999916],[-78.13259761199993,-10.174673852999945],[-78.13485936199993,-10.170566352999913],[-78.14216598799999,-10.16704297799987],[-78.1438944869999,-10.163789102999942],[-78.14681448699992,-10.163343727999973],[-78.14899611199996,-10.159929727999952],[-78.15187111199998,-10.157425727999964],[-78.15361723699993,-10.157015602999877],[-78.15390823799999,-10.152880852999886],[-78.15787498799989,-10.149789102999875],[-78.16357036199997,-10.147191352999869],[-78.16499023799992,-10.143210977999956],[-78.16527736199998,-10.139753852999888],[-78.16853911199996,-10.136765602999844],[-78.16768548699991,-10.135365227999955],[-78.16943361199998,-10.129617227999972],[-78.17144336199988,-10.127910102999977],[-78.17358198699992,-10.124087852999821],[-78.17223048699992,-10.121474602999967],[-78.17301361199998,-10.116042977999939],[-78.17524223699996,-10.113812477999886],[-78.17965623699996,-10.115665977999925],[-78.18090823799992,-10.109081977999892],[-78.18482423699993,-10.109486352999966],[-78.18489261199989,-10.107953102999943],[-78.18258786299998,-10.104687477999903],[-78.18220898699997,-10.101099602999966],[-78.17718548699992,-10.099048852999942],[-78.17444136299997,-10.09889847799991],[-78.17280661199999,-10.097195227999975],[-78.16904486299995,-10.097904352999933],[-78.16664648699992,-10.094929727999897],[-78.16563086199994,-10.091134727999872],[-78.16578911199997,-10.08653910299995],[-78.16770698699992,-10.079923852999968],[-78.16943361299997,-10.077267602999939],[-78.17203911199988,-10.071388727999874],[-78.17578323699996,-10.067345727999964],[-78.17222261199998,-10.062706977999937],[-78.17212298699991,-10.06053910299994],[-78.17496861199999,-10.055115227999977],[-78.17621673699995,-10.051122977999967],[-78.17534173799987,-10.045849602999908],[-78.17682423699995,-10.042113227999948],[-78.17922073699992,-10.040037102999975],[-78.18106636199997,-10.03419922799992],[-78.18567973799992,-10.028718727999944],[-78.1883867379999,-10.02660935299997],[-78.19128123699994,-10.026164102999871],[-78.18830286199989,-10.02260760299987],[-78.19059961299996,-10.019607477999955],[-78.19465423699995,-10.020642602999942],[-78.19373048799991,-10.017005852999944],[-78.19670111199986,-10.012812477999887],[-78.19496673699996,-10.009744102999946],[-78.19618548699998,-10.008029352999927],[-78.1951173619999,-10.004089852999925],[-78.19306248699996,-10.001353477999885],[-78.19609373799995,-9.994880852999927],[-78.19957423799997,-9.993240227999877],[-78.20049611299999,-9.987953102999938],[-78.20207423699998,-9.984615227999882],[-78.19971098699995,-9.981570352999938],[-78.20367773699996,-9.979281227999877],[-78.20516611199992,-9.98107222799996],[-78.20695711199994,-9.980404352999926],[-78.20803911299998,-9.973234352999896],[-78.20807611299989,-9.966769477999947],[-78.21070898699998,-9.964685602999907],[-78.21569336199991,-9.962630852999894],[-78.21743161199993,-9.959800727999948],[-78.21991211199992,-9.95976560299988],[-78.22196873699983,-9.957787102999873],[-78.22636136199992,-9.957615352999937],[-78.22453123699995,-9.955476727999951],[-78.22683198699997,-9.953699227999948],[-78.23357411199993,-9.950673852999898],[-78.22780073699988,-9.949179727999933],[-78.22887098799998,-9.946767602999898],[-78.22824223699985,-9.94200197799995],[-78.22532611199995,-9.942230477999942],[-78.22387498799998,-9.937150352999879],[-78.22493748799997,-9.930888727999957],[-78.22342186299988,-9.927009726999927],[-78.22290236299989,-9.92271285299995],[-78.22558386299988,-9.918101602999968],[-78.22809561199995,-9.916206977999877],[-78.2290761129999,-9.911390602999973],[-78.22450973699995,-9.90722260299998],[-78.22680861299989,-9.901296852999963],[-78.22894536299992,-9.898578102999977],[-78.22880861199997,-9.894373102999964],[-78.23121098799999,-9.892607477999888],[-78.23456836199995,-9.89305060299995],[-78.23328111199993,-9.890121102999956],[-78.23484373799994,-9.886374977999878],[-78.23332223699998,-9.883101602999943],[-78.23420111199994,-9.881337851999945],[-78.23809161199995,-9.879183602999944],[-78.23897461199994,-9.877285102999906],[-78.24264848799999,-9.873646477999955],[-78.24378511199996,-9.868488227999933],[-78.24124611299993,-9.865982476999875],[-78.24094936299997,-9.864308601999937],[-78.24219136199997,-9.8605703529999],[-78.24118961299996,-9.856306602999894],[-78.23583198699998,-9.856306602999894],[-78.23428511199995,-9.854027352999879],[-78.23445898799997,-9.850568352999858],[-78.23754098799998,-9.844730476999928],[-78.23497461199997,-9.84114847799998],[-78.23712898699989,-9.838412102999882],[-78.23780273799997,-9.834187477999933],[-78.23648648699992,-9.832505852999873],[-78.23322461199996,-9.833472602999962],[-78.22998636199998,-9.82974222799993],[-78.23128123799995,-9.826193352999951],[-78.22896873799994,-9.825062477999893],[-78.22710348699997,-9.821568352999975],[-78.22674023699989,-9.818025352999939],[-78.22774998699998,-9.81506060299995],[-78.22568548699996,-9.811511727999914],[-78.22617573699995,-9.808126977999905],[-78.22455473799994,-9.80594535299997],[-78.22656048699997,-9.80018947699989],[-78.22511723699989,-9.7986054779999],[-78.22621098699989,-9.795281227999965],[-78.22476536199991,-9.79281422799994],[-78.22514398699991,-9.789135227999964],[-78.22308811199997,-9.786051351999902],[-78.22219811299988,-9.779826352999976],[-78.21972661199993,-9.776972602999933],[-78.21640823699983,-9.775154351999959],[-78.20877886299996,-9.766334727999947],[-78.20366311299989,-9.764527852999947],[-78.20079773699996,-9.760785477999889],[-78.19533348699991,-9.759865727999909],[-78.19282698799992,-9.757627851999928],[-78.18114486299999,-9.749161601999958],[-78.17509373799993,-9.748955101999911],[-78.17422098699996,-9.748275601999921],[-78.17066261299988,-9.74179535299993],[-78.16487173699988,-9.737155601999916],[-78.15951248799996,-9.729437102999952],[-78.15056236199996,-9.721431976999952],[-78.14482773699996,-9.714579102999949],[-78.14047336199991,-9.713722601999962],[-78.12882598699997,-9.71221460199996],[-78.12730898699994,-9.712720227999966],[-78.12284873799996,-9.711369477999938],[-78.11625598699999,-9.712877227999968],[-78.10816786299984,-9.717830727999967],[-78.10584373699999,-9.718544976999965],[-78.09741023699996,-9.719016352999972],[-78.08958361199996,-9.720756851999965],[-78.08740423699993,-9.720489976999886],[-78.07937786199994,-9.715886602999944],[-78.07722798699996,-9.713900727999942],[-78.07604386199995,-9.710530352999967],[-78.07419198699989,-9.70931272799993],[-78.07130823699998,-9.703043726999852],[-78.06927423699989,-9.70223010299992],[-78.06841886199999,-9.698996102999956],[-78.06509311199989,-9.697995976999891],[-78.06282561199993,-9.693857352999942],[-78.05826561199996,-9.689167977999887],[-78.05538673699988,-9.68972260299995],[-78.0463144869999,-9.689156227999831],[-78.04189061299991,-9.689902352999923],[-78.03951173699988,-9.692093726999872],[-78.03774798699999,-9.695289102999936],[-78.03443286199996,-9.696524976999967],[-78.03179298699996,-9.69848822699987],[-78.02941411299992,-9.701810727999884],[-78.01879286199988,-9.70438285299997],[-78.01731448799995,-9.705824226999937],[-78.01422273699995,-9.706447227999888],[-78.01147661199991,-9.708076227999925],[-78.00937698699994,-9.707724602999974],[-78.00321111199992,-9.709087852999971],[-78.000958987,-9.711425727999881],[-77.99624023799993,-9.711785101999965],[-77.99107611199997,-9.71060160299993],[-77.98592973699994,-9.712373102999948],[-77.97969723699993,-9.711839852999958],[-77.97756448699994,-9.710476602999961],[-77.97419523699989,-9.705483727999933],[-77.97219186199993,-9.703888227999926],[-77.96761698699999,-9.706143976999954],[-77.96893898699994,-9.712364352999941],[-77.96884123699994,-9.714950727999963],[-77.9699758619999,-9.71959560199997],[-77.97520898699992,-9.7249591019999],[-77.97935411199995,-9.725073602999885],[-77.98431811199998,-9.728991602999884],[-77.98522511199997,-9.733663477999812],[-77.98711923699994,-9.739451351999946],[-77.98584273699993,-9.74092272799993],[-77.98123336299994,-9.742908352999905],[-77.97914136199995,-9.746223602999976],[-77.97590011199998,-9.749346727999978],[-77.97394261199986,-9.754735351999898],[-77.97092523699996,-9.757660102999978],[-77.96439698699999,-9.771768227999928],[-77.96301598699995,-9.772918351999976],[-77.96354848699997,-9.774711727999943],[-77.96289861199983,-9.778464226999915],[-77.96140236199994,-9.780244101999926],[-77.95879211199997,-9.786253477999935],[-77.95699511199996,-9.788099852999949],[-77.95309986199999,-9.788459602999978],[-77.95069661199989,-9.791557852999972],[-77.94566836199988,-9.792964352999888],[-77.94213073699996,-9.795840352999903],[-77.93909773699988,-9.799849852999955],[-77.93584448699994,-9.80255922699996],[-77.93420648799992,-9.806221602999926],[-77.93139573699989,-9.808132851999972],[-77.92637261199997,-9.809380727999894],[-77.92142011199996,-9.814642601999878],[-77.91549611199991,-9.818365226999958],[-77.90853273699992,-9.821656226999949],[-77.9031211119999,-9.822988227999929],[-77.89820823699995,-9.82191585299995],[-77.88975586199984,-9.818617102999951],[-77.88412273699998,-9.815563976999954],[-77.88221661199998,-9.811787602999914],[-77.87542123699995,-9.811161602999903],[-77.87098136199995,-9.812667976999933],[-77.86693548699992,-9.814952352999967],[-77.86298923699991,-9.814984477999928],[-77.85388511199989,-9.817092602999935],[-77.84847761199995,-9.82389010299994],[-77.84644336199995,-9.827472602999933],[-77.83965036199993,-9.831667977999928],[-77.83374023699997,-9.836341852999965],[-77.83201748699997,-9.839435102999971],[-77.83274636199997,-9.840728602999889],[-77.84141886199995,-9.840346102999945],[-77.84371673699997,-9.844054727999946],[-77.83993761199997,-9.847506852999857],[-77.8379753619999,-9.850403227999948],[-77.83812111199995,-9.852717102999918],[-77.8370019869999,-9.856144602999905],[-77.83343748699997,-9.863412227999959],[-77.83256048699997,-9.866173851999918],[-77.82977348699995,-9.870515601999955],[-77.82694123699997,-9.878091852999944],[-77.82736711199993,-9.883165976999976],[-77.82986723699997,-9.88798822799987],[-77.82840823699996,-9.892019477999838],[-77.82727148699996,-9.899636727999905],[-77.82530273699996,-9.90613085299998],[-77.82465423699995,-9.910210977999895],[-77.82587498699996,-9.914283227999931],[-77.82407223699994,-9.913386852999963],[-77.82262648699992,-9.910688602999869],[-77.81799798699996,-9.908576102999973],[-77.81488848699996,-9.906099602999973],[-77.81247073699996,-9.905687476999901],[-77.80824798699996,-9.907419977999893],[-77.80510748699999,-9.906634727999915],[-77.7988183619999,-9.908421852999936],[-77.79278323699998,-9.907089852999945],[-77.78994136199998,-9.90716597799991],[-77.78431623699993,-9.904683602999967],[-77.7797909869999,-9.905056602999935],[-77.77848436199997,-9.900159977999976],[-77.77597648699992,-9.898935602999927],[-77.77448061199988,-9.894285102999959],[-77.77458598699991,-9.891609352999922],[-77.77214848699992,-9.890138727999897],[-77.76610936199995,-9.89017185299997],[-77.76499023699989,-9.87724222799983],[-77.76374611199998,-9.872427727999934],[-77.76036723699991,-9.869158102999904],[-77.75583786199996,-9.866910102999896],[-77.75103511199995,-9.863415977999978],[-77.74883011199995,-9.863398477999965],[-77.74433786199995,-9.858853477999958],[-77.74203911199993,-9.852070352999874],[-77.73947661199998,-9.850664227999971],[-77.7384041119999,-9.84876560299989],[-77.73470898699998,-9.846853477999957],[-77.72678911199995,-9.846619102999966],[-77.72242573699998,-9.839886727999954],[-77.71948048699994,-9.838509727999963],[-77.71609761199988,-9.839169977999973],[-77.7120528619999,-9.837097602999961],[-77.7094843619999,-9.837171852999973],[-77.70856048699994,-9.83792972799995],[-77.70916598699995,-9.841800727999953],[-77.70744536199987,-9.845220727999958],[-77.70355273699994,-9.848351602999912],[-77.69805061199997,-9.850654351999935],[-77.69524998699995,-9.851173852999864],[-77.69238673699994,-9.853074227999969],[-77.68838286199997,-9.853712726999959],[-77.68627923599996,-9.855011727999965],[-77.68063473699993,-9.856601602999888],[-77.67585936199998,-9.859830102999922],[-77.66824411199997,-9.863493977999951],[-77.66300561199995,-9.864947101999917],[-77.65894923699989,-9.864589852999927],[-77.64794436199998,-9.860620977999929],[-77.6412546119999,-9.856047102999923],[-77.63452061199996,-9.860040727999944],[-77.63130198699986,-9.858062102999952],[-77.62809073699998,-9.859808852999947],[-77.62502323699994,-9.86442010299993],[-77.62139848699996,-9.8677753529999],[-77.61689761199995,-9.868139852999946],[-77.61518286199993,-9.867796976999898],[-77.60993711199995,-9.861768977999873],[-77.60679348699989,-9.8603836019999],[-77.60084698699995,-9.861706476999927],[-77.59760523599994,-9.86516772799996],[-77.59372173699995,-9.864441727999974],[-77.58770686199995,-9.8661642269999],[-77.58384448699991,-9.864728727999875],[-77.57769861199989,-9.869067977999919],[-77.57665173699996,-9.871836977999976],[-77.57258261099997,-9.871482602999947],[-77.56668998599997,-9.873305977999905],[-77.56374261199988,-9.87178535199996],[-77.56108423699993,-9.869213602999878],[-77.55738723699994,-9.86906647799998],[-77.55249023699997,-9.872179727999821],[-77.55259611199989,-9.873828852999907],[-77.5503171119999,-9.87846247799996],[-77.55604698699989,-9.887331477999908],[-77.55806561199995,-9.893630602999906],[-77.56240661099991,-9.89583872799983],[-77.56374886199995,-9.900403102999917],[-77.56863698699993,-9.900712852999959],[-77.57889498699996,-9.909869226999945],[-77.58154548699997,-9.914929352999934],[-77.58505661199996,-9.919025727999951],[-77.58579673599996,-9.923426352999911],[-77.5913582369999,-9.926285977999896],[-77.59114073699993,-9.929409477999968],[-77.59540061199988,-9.931597476999912],[-77.59807336199987,-9.937355352999873],[-77.59818886199992,-9.942169477999869]]]},"properties":{"ubigeo":"021900","nombre":"HUARMEY"}},{"type":"Feature","geometry":{"type":"Polygon","coordinates":[[[-77.18994136199996,-10.46449610299993],[-77.18459373599995,-10.467425728999956],[-77.18430486099999,-10.469298852999941],[-77.18614061199997,-10.471898477999844],[-77.18148636099988,-10.480037102999972],[-77.17807611199999,-10.480937477999873],[-77.17603998699991,-10.483099977999927],[-77.17104886099997,-10.48710747799987],[-77.16785161199994,-10.49448047899989],[-77.1689354859999,-10.496595727999875],[-77.16682036099996,-10.504130853999982],[-77.16730873599994,-10.508142603999943],[-77.17034573599994,-10.514648478999902],[-77.17083198599994,-10.517304728999932],[-77.17441011099999,-10.519419977999917],[-77.17672848699988,-10.521826227999952],[-77.18109961099998,-10.523892602999979],[-77.18177923699989,-10.529626977999953],[-77.1805899869999,-10.533314478999955],[-77.18276361099998,-10.53586522899991],[-77.18334761199998,-10.538429727999926],[-77.18774798599992,-10.540703103999874],[-77.1888086109999,-10.542222602999857],[-77.18850586199994,-10.54713285399987],[-77.19018948599995,-10.54880272899993],[-77.19098823599995,-10.552132852999932],[-77.19583198599997,-10.553589727999963],[-77.19698236199997,-10.554937478999932],[-77.20128123699993,-10.554564477999975],[-77.20361911199996,-10.555550728999947],[-77.20929886199986,-10.555394478999972],[-77.21405861099993,-10.554357478999975],[-77.22082223599995,-10.551208977999977],[-77.22122848599997,-10.549091853999869],[-77.22527148599983,-10.546162102999915],[-77.23358011199991,-10.544603478999932],[-77.23676948599996,-10.544806603999973],[-77.2401034859999,-10.547431603999883],[-77.24215236199996,-10.547687478999933],[-77.24979886099999,-10.545410102999881],[-77.25187111099996,-10.54524222799995],[-77.26158398599989,-10.548398478999957],[-77.26291598599988,-10.549509727999975],[-77.26726361099998,-10.550537102999897],[-77.26902536199998,-10.55298247799982],[-77.26861323599991,-10.556636602999902],[-77.2694257359999,-10.560228477999942],[-77.27081636199995,-10.560605477999957],[-77.2722167359999,-10.561048852999932],[-77.27776361199994,-10.556281227999932],[-77.28435548599992,-10.55850197899997],[-77.28696673599995,-10.558402352999906],[-77.29010936199995,-10.556074352999929],[-77.29227923599996,-10.556646477999948],[-77.29792573599997,-10.56052735299994],[-77.29916211199998,-10.56219922899993],[-77.30396873699993,-10.563908227999832],[-77.31062886099988,-10.56769135299993],[-77.31273823599997,-10.57123635299996],[-77.31427348699998,-10.577570352999942],[-77.31672261099993,-10.58262110399994],[-77.32223048599997,-10.588564478999842],[-77.32485936199993,-10.591970727999922],[-77.32753323599997,-10.594101603999945],[-77.336574236,-10.594902352999952],[-77.33898048699996,-10.596681603999969],[-77.34247461199993,-10.601021477999893],[-77.34301361099995,-10.605689477999931],[-77.34470323699998,-10.607980477999945],[-77.34692011099997,-10.606449353999949],[-77.34854636199998,-10.607799227999976],[-77.35272361199992,-10.61445922899992],[-77.35544273599999,-10.617690728999946],[-77.35768911199989,-10.621789227999955],[-77.36139361199997,-10.625611853999942],[-77.36265448599994,-10.631128977999936],[-77.36730473699993,-10.638301353999964],[-77.37112748699997,-10.640153477999945],[-77.37585636199998,-10.639680603999977],[-77.37782673699996,-10.638577228999964],[-77.38011248699996,-10.639444228999935],[-77.38231636199998,-10.646150353999872],[-77.3850033619999,-10.649138227999913],[-77.38736361199989,-10.655365227999937],[-77.38890048599995,-10.65765085399994],[-77.39250323699997,-10.65936397799993],[-77.39530998599997,-10.66153997799995],[-77.39919461199992,-10.672500728999978],[-77.40162948599993,-10.676054602999955],[-77.40423036099986,-10.686773728999924],[-77.40379398699997,-10.690967727999862],[-77.39894923599996,-10.698014478999823],[-77.39479623599988,-10.701822603999972],[-77.38629361099999,-10.705529353999964],[-77.38565755699994,-10.707792955999935],[-77.39132636199986,-10.710199227999908],[-77.3927043619999,-10.71166610399996],[-77.39438511099996,-10.716777603999844],[-77.40541748699985,-10.723490353999978],[-77.40847848699997,-10.726439477999975],[-77.41542998699998,-10.72997997899995],[-77.41831448599999,-10.730185602999882],[-77.42243161199991,-10.728410102999874],[-77.42506448599988,-10.729699227999959],[-77.42889448699998,-10.728720727999928],[-77.42987498599996,-10.726734353999973],[-77.43613923599997,-10.723640102999923],[-77.44155986099997,-10.726349977999973],[-77.4483359859999,-10.72720510399995],[-77.45265423699988,-10.728931603999968],[-77.45792773599993,-10.733517603999871],[-77.45987511199996,-10.737090353999918],[-77.46496111199997,-10.736289728999907],[-77.46929023599995,-10.74083522899997],[-77.47110836199994,-10.741870728999913],[-77.48006448699994,-10.743164103999902],[-77.48388673699992,-10.744597603999978],[-77.49147548699995,-10.746037978999937],[-77.49495986099998,-10.746102603999873],[-77.49779911199994,-10.744682978999833],[-77.50174023699998,-10.740720728999975],[-77.50429486199988,-10.736011728999927],[-77.50679686099988,-10.734619228999975],[-77.51227536099992,-10.733951228999956],[-77.51656223699996,-10.73547447899989],[-77.52173161199994,-10.734571727999878],[-77.52657273699992,-10.736294977999933],[-77.5307092839999,-10.740008119999914],[-77.53551621599996,-10.742463431999965],[-77.53952380999993,-10.746379354999931],[-77.54293299599993,-10.750842254999895],[-77.55109570899992,-10.752248105999968],[-77.55559885299994,-10.756376529999955],[-77.56539434499996,-10.766063235999923],[-77.57040014399996,-10.770151047999946],[-77.57371030899998,-10.774704619999966],[-77.57775041499991,-10.77696605999995],[-77.58890807899996,-10.784417621999978],[-77.59119183299998,-10.786449562999962],[-77.59328021199991,-10.780947886999968],[-77.59207059399995,-10.775220481999895],[-77.58779673099991,-10.773056821999944],[-77.58855566699998,-10.77132921499998],[-77.58520650899999,-10.764185215999817],[-77.58556803999988,-10.761217790999979],[-77.58879886199998,-10.757681727999966],[-77.58646701899994,-10.75324743799996],[-77.58731186199992,-10.749830478999968],[-77.58468623699986,-10.741452228999947],[-77.58310473699999,-10.738124728999878],[-77.58086448699999,-10.73614785399991],[-77.57928298699989,-10.73054697899994],[-77.57717448699998,-10.728570227999967],[-77.57856398699994,-10.723710853999933],[-77.57569633199995,-10.716887399999962],[-77.56737161199993,-10.713650819999941],[-77.5641656009999,-10.711860303999856],[-77.56314382999989,-10.70942811599997],[-77.56670852699989,-10.703806628999871],[-77.57084099199994,-10.700808121999955],[-77.57370762199997,-10.696768126999814],[-77.57453714699989,-10.694307930999912],[-77.57275936199994,-10.68625722899992],[-77.57403511199993,-10.675970728999971],[-77.57418861499991,-10.662689200999978],[-77.57621523699999,-10.65736010299986],[-77.58304057199996,-10.652972140999964],[-77.58691752199991,-10.646741813999881],[-77.5892278039999,-10.64557521099988],[-77.58805006499989,-10.64348115699994],[-77.58494228899997,-10.641785525999978],[-77.58297424699998,-10.638929541999914],[-77.58416811199999,-10.634822478999979],[-77.58220811199999,-10.6310471029999],[-77.58266436199989,-10.621851603999971],[-77.57746486199994,-10.619815603999882],[-77.57411523599995,-10.614662103999933],[-77.57372173599992,-10.60503110399992],[-77.57418523699988,-10.598741478999898],[-77.57325836199993,-10.592915353999956],[-77.57425136099994,-10.588413352999964],[-77.57665036099996,-10.583748102999948],[-77.5846213619999,-10.58383322799989],[-77.58939411199992,-10.585148727999922],[-77.59296998699995,-10.584760852999977],[-77.59599223699996,-10.585414103999938],[-77.59845261199996,-10.58757197899996],[-77.60494036199998,-10.590129353999828],[-77.60705523699988,-10.59440597899993],[-77.61793827199983,-10.60010624499995],[-77.61931005999998,-10.602294189999952],[-77.61875050099997,-10.604689463999875],[-77.61965860699996,-10.609176249999962],[-77.61950846299999,-10.614245597999911],[-77.62327384199995,-10.613736062999862],[-77.62847181799998,-10.611206403999972],[-77.63605481499991,-10.605023003999975],[-77.63816305599988,-10.60290161499995],[-77.64234254099995,-10.594356092999874],[-77.64222293899991,-10.59167965599994],[-77.64470532599995,-10.588120770999979],[-77.64533670999998,-10.58285621899995],[-77.63949323999992,-10.577645948999873],[-77.63859895799999,-10.574784736999959],[-77.63900044399992,-10.565219051999918],[-77.63820857999997,-10.563026334999961],[-77.63540044199993,-10.562380428999973],[-77.6312255759999,-10.560120281999957],[-77.63081137199993,-10.556872520999889],[-77.6252837369999,-10.55462353299987],[-77.62107339199997,-10.548156019999965],[-77.61458367599994,-10.546392890999925],[-77.6142606759999,-10.542474930999958],[-77.61287154299998,-10.538183274999938],[-77.61465828799987,-10.532335376999981],[-77.61444245199993,-10.529659653999829],[-77.61633303899998,-10.524671531999843],[-77.61224337699997,-10.520975893999946],[-77.60371954899995,-10.518559773999868],[-77.60091904699993,-10.518774020999956],[-77.59965171499988,-10.517445650999889],[-77.60028644099992,-10.51246787699995],[-77.60132286299995,-10.509303709999926],[-77.6064221339999,-10.506679951999956],[-77.61096569199998,-10.506929469999932],[-77.61441344099995,-10.503267315999949],[-77.62023150399995,-10.505705581999905],[-77.62474190299992,-10.502034568999932],[-77.63009711799998,-10.5068670739999],[-77.62994840299996,-10.512127637999981],[-77.63326510899992,-10.51582944699993],[-77.63529820799994,-10.516290671999968],[-77.6410751229999,-10.513852007999901],[-77.64256430099994,-10.518525139999952],[-77.64491173199997,-10.521852365999905],[-77.64709861199992,-10.52337485299995],[-77.65139073699987,-10.530133477999925],[-77.65349473699996,-10.530858977999912],[-77.65858348699999,-10.530870978999928],[-77.6635006119999,-10.533312353999975],[-77.66652136199997,-10.537923103999901],[-77.6701713619999,-10.5409802289999],[-77.67292223699997,-10.540292602999955],[-77.67615448699996,-10.53764485299996],[-77.68122673699997,-10.538784477999968],[-77.68382248699999,-10.538745227999925],[-77.68777686199996,-10.537300977999962],[-77.69400061199997,-10.53950172899988],[-77.69840211199994,-10.543937477999975],[-77.70132473699988,-10.544281353999907],[-77.70830498599992,-10.547444727999903],[-77.70827048699994,-10.552465103999907],[-77.71008343699992,-10.56017040699993],[-77.71573242899996,-10.559691586999975],[-77.71861550699992,-10.557873947999951],[-77.72090553799995,-10.554555426999912],[-77.72502113699989,-10.552798842999891],[-77.7275569169999,-10.552705247999882],[-77.728596784,-10.555564770999979],[-77.72796353799998,-10.557721618999892],[-77.72989461999998,-10.563011654999968],[-77.73180739699995,-10.566222160999871],[-77.73421546399999,-10.568065821999937],[-77.73689946599995,-10.56832939799989],[-77.73731650499997,-10.566317841999876],[-77.74092225699997,-10.564278610999907],[-77.74479473799994,-10.56078124399994],[-77.74579737799985,-10.55828417299989],[-77.74646220699998,-10.551537504999885],[-77.74296393399999,-10.54623524699997],[-77.74298336199996,-10.54243997799989],[-77.74491948599996,-10.535646977999875],[-77.74462411199994,-10.532266977999882],[-77.74167073699994,-10.526097602999869],[-77.73794236199996,-10.520786477999934],[-77.72857611199993,-10.513697227999899],[-77.724144487,-10.513048978999905],[-77.72188286199992,-10.51188835299996],[-77.72119373699991,-10.504078228999902],[-77.72023486199998,-10.502741727999933],[-77.71630423699992,-10.50306097799995],[-77.71189248699994,-10.505065602999878],[-77.70941067599995,-10.500400138999964],[-77.71240683699995,-10.491654169999833],[-77.7095016209999,-10.490875765999931],[-77.70734096799993,-10.48905830699988],[-77.70839648699996,-10.484914103999927],[-77.70442186199989,-10.479470478999929],[-77.70368738799988,-10.474817236999911],[-77.70119611199988,-10.468581478999909],[-77.698157112,-10.466504352999948],[-77.69763198699997,-10.464075977999926],[-77.69412086199998,-10.463583727999946],[-77.69086911199997,-10.45679285299991],[-77.68739361199988,-10.451966977999973],[-77.68764648699994,-10.448986353999885],[-77.68915573699996,-10.444455853999955],[-77.6888309869999,-10.438609227999962],[-77.68673611199995,-10.43402072899994],[-77.68391998599998,-10.43138597799998],[-77.67666373699984,-10.43192060299998],[-77.67339598699994,-10.430545478999875],[-77.6704634859999,-10.427479352999967],[-77.66577673699999,-10.427118852999968],[-77.66302536099994,-10.41833010299996],[-77.65734061199993,-10.41659172899989],[-77.65474486199992,-10.417240728999957],[-77.6483769859999,-10.412199228999896],[-77.64529936199989,-10.408660352999846],[-77.64324223699998,-10.408499978999885],[-77.64075673699995,-10.411111852999909],[-77.63643061199991,-10.412698227999897],[-77.63455586199996,-10.41226560399997],[-77.63073436199994,-10.408588227999928],[-77.62323123699997,-10.405462977999946],[-77.61925686199993,-10.401677852999967],[-77.61539611099988,-10.399141852999833],[-77.61403348599987,-10.39630310299998],[-77.60758911199991,-10.392364977999819],[-77.60351098699994,-10.388922228999888],[-77.6023754869999,-10.384947852999915],[-77.59937298699992,-10.383333977999882],[-77.59357523699992,-10.383127728999966],[-77.59087323699998,-10.386671977999868],[-77.58438323699994,-10.386779102999924],[-77.58020473699997,-10.388521977999972],[-77.57350636099994,-10.386614727999927],[-77.56946761099994,-10.38674210299996],[-77.56666873599988,-10.388410352999813],[-77.56107648599993,-10.390184727999895],[-77.55768536199992,-10.388702352999815],[-77.55503523699991,-10.388634978999903],[-77.55232273699994,-10.389765352999916],[-77.54836511199994,-10.388118352999982],[-77.54212173699995,-10.387803978999898],[-77.53489011099998,-10.386411602999885],[-77.52929811199994,-10.387175102999947],[-77.52363848699997,-10.387399727999934],[-77.52226098699998,-10.386467727999843],[-77.52106323599997,-10.37940085299988],[-77.51968573699997,-10.375627852999912],[-77.51649036099997,-10.37044635299992],[-77.51684111199995,-10.364368727999931],[-77.50367211199989,-10.35806260299995],[-77.50017898699997,-10.347789228999943],[-77.49450748699991,-10.34730835299996],[-77.49308473599996,-10.34541572799992],[-77.48966023699995,-10.344276477999927],[-77.48455798699996,-10.346180103999927],[-77.48147823699998,-10.346228602999929],[-77.48167373699988,-10.33993510299996],[-77.4799889869999,-10.335310227999912],[-77.4797302369999,-10.330035352999914],[-77.48036248699992,-10.327844977999973],[-77.47797848699992,-10.324289727999883],[-77.47776923699996,-10.321654727999942],[-77.47857323699992,-10.31533310299983],[-77.47782961199994,-10.311429227999952],[-77.47782961199994,-10.306700852999938],[-77.47396698699993,-10.303729602999965],[-77.47002498699999,-10.29858685399995],[-77.4662892369999,-10.295612477999896],[-77.46652711199994,-10.291234352999936],[-77.4691297359999,-10.286482102999912],[-77.46589073699994,-10.284229852999829],[-77.46398673699997,-10.2806164779999],[-77.46252148699989,-10.275658352999926],[-77.46016798599993,-10.276986352999927],[-77.44998236199996,-10.27765235299995],[-77.44630661199994,-10.276703103999921],[-77.44169536199996,-10.27401760399988],[-77.43879686199995,-10.273027352999918],[-77.43458986099995,-10.272958978999952],[-77.43093548699994,-10.273738227999957],[-77.4263398619999,-10.276382853999905],[-77.42230661099995,-10.277642602999947],[-77.41889411199998,-10.277180103999967],[-77.41104398699997,-10.2778748529999],[-77.40941136099997,-10.27751010299994],[-77.4079399869999,-10.272976477999975],[-77.4067857369999,-10.27178722799988],[-77.40168748699995,-10.27293347799997],[-77.39914648599995,-10.272048852999944],[-77.39472161199996,-10.274733352999931],[-77.39188823699999,-10.275524602999951],[-77.38308461199995,-10.280224727999894],[-77.38067061199996,-10.283419602999913],[-77.37594223699989,-10.284086978999824],[-77.3706384869999,-10.286839852999947],[-77.36843073599994,-10.288644977999923],[-77.36455548699996,-10.287929477999967],[-77.35950386099995,-10.29203322899997],[-77.35471398599992,-10.289425977999883],[-77.35501961199998,-10.286958978999962],[-77.35244198699996,-10.281317977999947],[-77.34981511199999,-10.281033977999812],[-77.34563861099997,-10.278470727999888],[-77.34223261099999,-10.272414977999972],[-77.34038661199992,-10.266493727999944],[-77.3371779869999,-10.264325228999951],[-77.33371286099992,-10.259933602999922],[-77.33002098599997,-10.25881185299994],[-77.32712261099988,-10.256219352999949],[-77.32307998599998,-10.258226227999955],[-77.31878948699989,-10.263650727999902],[-77.31779648599996,-10.267270602999929],[-77.31549648599992,-10.270411478999847],[-77.3101923609999,-10.270726852999928],[-77.30795598699996,-10.271500977999949],[-77.30584873699996,-10.273680102999947],[-77.30527523599994,-10.282123727999931],[-77.30247986099994,-10.284632477999935],[-77.30010011199994,-10.284632477999935],[-77.29749098599996,-10.27851110399996],[-77.29536936099993,-10.277521977999925],[-77.29344836199988,-10.275099227999931],[-77.29337673599991,-10.272074352999937],[-77.29073898699988,-10.26870560299983],[-77.28737011099997,-10.268003102999955],[-77.28405861199997,-10.266196852999826],[-77.2795859869999,-10.26521872799998],[-77.27735923699998,-10.266447227999947],[-77.27426736099994,-10.265021352999895],[-77.27441598699988,-10.262881228999845],[-77.26978036199995,-10.257466478999902],[-77.26210473599997,-10.252676852999912],[-77.25552511099994,-10.25378597799994],[-77.25411936199998,-10.254427852999925],[-77.25050873699996,-10.258820353999909],[-77.2507157359999,-10.261993977999964],[-77.24949686099995,-10.264454727999919],[-77.24669123699994,-10.264684602999921],[-77.24375623599997,-10.267166102999909],[-77.2446288619999,-10.269910477999872],[-77.24349461199995,-10.276045352999972],[-77.24071186099997,-10.27954097799983],[-77.23965398599995,-10.283795477999945],[-77.23765323699996,-10.287567102999901],[-77.23687898699995,-10.291386477999822],[-77.23815923599989,-10.294190227999877],[-77.23597448599998,-10.298030852999887],[-77.23675636199994,-10.299824602999877],[-77.24068886099997,-10.304033102999938],[-77.24100586099996,-10.305917977999911],[-77.23874786099992,-10.309826977999876],[-77.23263298699999,-10.31489935299993],[-77.23058461099998,-10.318040352999901],[-77.23042061099989,-10.320880852999949],[-77.22900036099998,-10.323366353999972],[-77.22968323599997,-10.330003353999928],[-77.22886386199997,-10.331041227999947],[-77.22301886099996,-10.33328097899988],[-77.22126573599996,-10.337646727999982],[-77.21964398599994,-10.339609852999956],[-77.21422523599995,-10.34064972899995],[-77.20838348599995,-10.338879352999925],[-77.20440861099996,-10.337006728999881],[-77.19945098599993,-10.336780103999956],[-77.19748548599995,-10.337712602999943],[-77.19116936099994,-10.343999352999958],[-77.18824536199998,-10.345714977999933],[-77.18110436099994,-10.34774972799994],[-77.17552623699999,-10.349874852999847],[-77.16876161099998,-10.356692477999957],[-77.16681636099997,-10.359386727999947],[-77.16260536099998,-10.361656227999958],[-77.15820898599992,-10.361919977999946],[-77.16087111099995,-10.366999978999957],[-77.163355487,-10.369994102999897],[-77.16452923599991,-10.373248102999924],[-77.16647261099996,-10.375748102999921],[-77.16796286099998,-10.382669978999957],[-77.16645898699988,-10.390951227999892],[-77.16966986099999,-10.394661977999874],[-77.16977923699989,-10.399812477999888],[-77.17287111099995,-10.400867227999925],[-77.17435736099998,-10.405746102999956],[-77.17282423699987,-10.408523477999893],[-77.17313286099983,-10.416275352999946],[-77.17156836199996,-10.41835547799991],[-77.17138673599993,-10.42358985299984],[-77.17258786099995,-10.42700785299985],[-77.17137698599993,-10.431652353999823],[-77.1723554859999,-10.43451947799997],[-77.17190961099993,-10.442751978999922],[-77.17347073699989,-10.445335977999946],[-77.17673048599994,-10.446529352999903],[-77.17883011099997,-10.448855477999928],[-77.18332423599992,-10.451816353999845],[-77.18932036199999,-10.457929727999954],[-77.18942973599997,-10.46052347799997],[-77.18994136199996,-10.46449610299993]]]},"properties":{"ubigeo":"022000","nombre":"OCROS"}}]}