{"type":"FeatureCollection","features":[{"type":"Feature","geometry":{"type":"Polygon","coordinates":[[[-75.22440860899997,-12.903848729999936],[-75.22863248499993,-12.901786730999959],[-75.23215985899998,-12.896873355999844],[-75.23486048499996,-12.895470104999902],[-75.23681985999997,-12.888718479999852],[-75.23907023499999,-12.886891730999878],[-75.24306810999997,-12.885673729999894],[-75.24587473399998,-12.881543354999906],[-75.24981973399991,-12.879239980999955],[-75.25568685899998,-12.883622354999886],[-75.26293598399997,-12.886011730999883],[-75.26394835999997,-12.891762479999898],[-75.26658085999992,-12.896824729999878],[-75.26560885899988,-12.899619230999917],[-75.26982060899985,-12.900226605999933],[-75.27265548499992,-12.903668980999896],[-75.27557135999996,-12.909060230999842],[-75.27698885899991,-12.914223730999936],[-75.28062973499988,-12.917342230999964],[-75.2863763599999,-12.918575855999961],[-75.29212323499996,-12.915687355999978],[-75.29426235999995,-12.91400122999994],[-75.29537885999997,-12.910005230999957],[-75.29720048499996,-12.908183480999924],[-75.30489885999992,-12.904246230999945],[-75.30661085999992,-12.90447610599989],[-75.30752985899994,-12.909470729999953],[-75.31008698499994,-12.911308605999977],[-75.31488173499991,-12.910949105999975],[-75.31751885999995,-12.91310673099997],[-75.31848698499988,-12.916628855999818],[-75.31934473499996,-12.923550354999975],[-75.32171098499998,-12.931329480999977],[-75.32499423399997,-12.931654854999977],[-75.3301409849999,-12.930856230999893],[-75.33147210999994,-12.931625355999927],[-75.33477910999989,-12.936174354999821],[-75.3366479849999,-12.936511355999926],[-75.34110448499996,-12.933627854999884],[-75.34868560899997,-12.931177355999978],[-75.3545426099999,-12.928045980999968],[-75.34775060899989,-12.92119960499997],[-75.34608335899998,-12.917720230999976],[-75.34833948499994,-12.910195230999932],[-75.35241685899996,-12.90838310599986],[-75.35499923499987,-12.90439635499996],[-75.35546098399988,-12.899115230999882],[-75.35824273499998,-12.892997105999939],[-75.36050698399993,-12.89059772999991],[-75.36138560899997,-12.88772522999983],[-75.3571951099999,-12.884345854999879],[-75.35597860999997,-12.88248723099997],[-75.35276823499998,-12.880527104999942],[-75.35432273499993,-12.877553355999908],[-75.35783723499992,-12.87599885599991],[-75.35766823399996,-12.87241673099993],[-75.35885110899989,-12.870017354999902],[-75.36150585999997,-12.86799223099996],[-75.36542348499995,-12.866781230999948],[-75.36800510999996,-12.864374605999842],[-75.37001785999996,-12.864068355999905],[-75.37356198499998,-12.858161355999925],[-75.37596860999997,-12.855098479999981],[-75.37811248399993,-12.850722980999876],[-75.38047535899995,-12.843897229999982],[-75.38097535999992,-12.84255835599987],[-75.38041560999989,-12.834969730999944],[-75.37705673499988,-12.830864479999832],[-75.37130885999994,-12.825651605999894],[-75.37534573499988,-12.822635980999962],[-75.37791560999989,-12.818641730999957],[-75.37896835899994,-12.813966230999938],[-75.38026885999989,-12.812015605999818],[-75.38299360999991,-12.811210604999928],[-75.38543960899989,-12.808733480999933],[-75.39147748399995,-12.80610160499998],[-75.39261423499994,-12.803312854999888],[-75.3986216099999,-12.797758230999932],[-75.40792048499998,-12.79199785599991],[-75.41236423499993,-12.792285729999833],[-75.41392773399997,-12.794507730999896],[-75.41952348499996,-12.797223354999971],[-75.42553085999998,-12.797140980999927],[-75.43359548499996,-12.791421729999911],[-75.43790485999995,-12.783177980999938],[-75.44039610999988,-12.77699022999991],[-75.44200335999994,-12.77522222999994],[-75.44658398499996,-12.774177480999981],[-75.45051948499997,-12.775447229999884],[-75.46400698499991,-12.77732535499996],[-75.46795098499996,-12.778798479999978],[-75.47137248499996,-12.776897604999817],[-75.47484148499996,-12.778275729999962],[-75.47659973499992,-12.781174480999937],[-75.47940335899983,-12.788635105999958],[-75.48006860999999,-12.793472479999878],[-75.4795921089999,-12.7970164809999],[-75.49196323499996,-12.797434979999935],[-75.49411648499995,-12.796602480999866],[-75.49581023499985,-12.792554480999968],[-75.50023148499992,-12.793989979999878],[-75.50531285999995,-12.794391855999834],[-75.50755223499988,-12.795482729999947],[-75.50979148499988,-12.794363105999935],[-75.51389260999986,-12.788652355999943],[-75.51144760999995,-12.786888979999958],[-75.50942898499994,-12.783165729999837],[-75.50749998499992,-12.777154854999878],[-75.50880098499994,-12.774867104999942],[-75.51072985999991,-12.775270854999974],[-75.51514460999988,-12.773023480999882],[-75.51946185999998,-12.76666598099996],[-75.52699185899985,-12.762958229999924],[-75.53483360999996,-12.756134604999886],[-75.53613673499996,-12.754213979999975],[-75.54030998499991,-12.750900229999957],[-75.54339623399994,-12.750294980999968],[-75.55213348399997,-12.742439855999976],[-75.55355123499993,-12.736337104999961],[-75.55570885999992,-12.734210355999949],[-75.55977735999994,-12.733316480999974],[-75.56754460999991,-12.728200104999871],[-75.57073460999999,-12.725217480999902],[-75.57472223499997,-12.719927854999924],[-75.57711710999996,-12.715701230999912],[-75.57448635999998,-12.71408010599987],[-75.56949223399994,-12.709727854999926],[-75.55724723499992,-12.70660735599995],[-75.5548359849999,-12.705519979999963],[-75.55350635999997,-12.703343355999891],[-75.55507235999994,-12.697766229999843],[-75.55488323499992,-12.69119460499985],[-75.55393773399993,-12.688310730999888],[-75.55166835899985,-12.685426604999975],[-75.55181810999989,-12.681426730999874],[-75.55358023499991,-12.679203479999956],[-75.55725248499994,-12.677560605999929],[-75.56113735999992,-12.677618604999907],[-75.5632593599999,-12.675728104999905],[-75.56220048499995,-12.673385854999935],[-75.55910798499997,-12.670873104999941],[-75.55816073499994,-12.669017729999894],[-75.56133073499996,-12.663084105999928],[-75.56927448499988,-12.661634354999876],[-75.57161310999993,-12.659952854999915],[-75.5746229849999,-12.659753979999891],[-75.57802673499998,-12.653549104999968],[-75.5783982349999,-12.650896855999974],[-75.57779835999992,-12.645906604999936],[-75.5796132349999,-12.641484355999978],[-75.57489523499999,-12.636571854999943],[-75.56934248499994,-12.636497605999978],[-75.56882423499991,-12.632595730999924],[-75.56320210999996,-12.632424105999917],[-75.55927385999996,-12.630751230999977],[-75.55153698499998,-12.623474980999958],[-75.54895973499998,-12.625114729999893],[-75.54411335999993,-12.622818355999982],[-75.53874448499988,-12.621694229999946],[-75.52885723499998,-12.620944480999924],[-75.52609235999995,-12.61841398099989],[-75.52478048499995,-12.618695229999958],[-75.5222501099999,-12.622022230999903],[-75.52139198499998,-12.624685979999981],[-75.51684773499994,-12.626293104999888],[-75.51055773399997,-12.63446722999987],[-75.50243923499988,-12.637044104999916],[-75.49904660899995,-12.638563729999873],[-75.49861373499982,-12.642546855999854],[-75.4973148599999,-12.64393235499989],[-75.49411098399992,-12.6448414809999],[-75.49085423499997,-12.647937355999886],[-75.48874248499999,-12.652071730999864],[-75.48828110999995,-12.656489355999895],[-75.48952173499998,-12.66077397999993],[-75.48951735999998,-12.663323355999921],[-75.48610348499989,-12.66739997999997],[-75.48421473499991,-12.676051480999945],[-75.48330085999999,-12.677087229999927],[-75.47744248499993,-12.6775217309999],[-75.46720073499995,-12.683330605999856],[-75.46312160899993,-12.679422229999943],[-75.45927923499988,-12.674668105999956],[-75.45824298499997,-12.668271729999901],[-75.45599173499994,-12.662089855999909],[-75.45263273499995,-12.657658855999955],[-75.45549148499992,-12.65372810499997],[-75.45711885999992,-12.64990235599987],[-75.45675873499988,-12.645085229999893],[-75.45877348399989,-12.641095729999961],[-75.45847335999991,-12.638180354999974],[-75.46153185999987,-12.635214479999945],[-75.4607939849999,-12.631385979999834],[-75.45770873499998,-12.628767355999969],[-75.45648973499993,-12.62586823099997],[-75.45444160999995,-12.625158354999883],[-75.45346835999999,-12.62247048099988],[-75.44981635999994,-12.619995604999929],[-75.44742148499995,-12.619773480999925],[-75.44264523399994,-12.617741480999939],[-75.44027160999991,-12.618115980999903],[-75.43725723499989,-12.620018355999946],[-75.43145148499997,-12.625730980999833],[-75.42675198399996,-12.627503855999976],[-75.42306310999999,-12.62549110599997],[-75.4196389839999,-12.626983605999897],[-75.41785385999992,-12.628973730999974],[-75.41538273499992,-12.628417105999858],[-75.41475660999998,-12.625153729999852],[-75.41012873499994,-12.61793410599995],[-75.41037523499995,-12.611270855999862],[-75.41139873499998,-12.609256104999872],[-75.4111748599999,-12.604938730999947],[-75.41205073499992,-12.599917604999916],[-75.40916085999999,-12.597124104999978],[-75.40904210999986,-12.58965147999993],[-75.40944723499996,-12.584730479999905],[-75.40562785999998,-12.583160229999919],[-75.40288385999997,-12.583627230999923],[-75.39914735899998,-12.58251798099991],[-75.39389298399988,-12.5765046059999],[-75.39074035999988,-12.57486998099995],[-75.38910573499993,-12.57025773099997],[-75.38612823499994,-12.567922479999936],[-75.38180798399998,-12.56307673099991],[-75.37915510899995,-12.557541354999955],[-75.37766273399984,-12.556070854999973],[-75.37264198399998,-12.553385354999875],[-75.37018985999998,-12.549940730999879],[-75.3684384849999,-12.544511229999898],[-75.36239123499996,-12.539600354999891],[-75.35162435899997,-12.536804729999972],[-75.34751160999991,-12.534379979999812],[-75.34140748499988,-12.527872354999943],[-75.33652348399988,-12.52203310599998],[-75.33113223499998,-12.520691354999883],[-75.32870510999987,-12.516839854999887],[-75.32307548499995,-12.51602073099997],[-75.31933910999993,-12.514502855999979],[-75.31832998499993,-12.510017604999973],[-75.31867573499994,-12.503424480999968],[-75.32013210999992,-12.498515604999966],[-75.32275923499998,-12.494446479999965],[-75.32473998399996,-12.485502104999966],[-75.32218710999996,-12.485737854999911],[-75.31388885899992,-12.484455354999966],[-75.31173785899995,-12.482800855999926],[-75.30948748499998,-12.479127479999931],[-75.30671660999997,-12.480512854999972],[-75.30214073399998,-12.480480980999914],[-75.30118235899994,-12.485370104999959],[-75.29766448399988,-12.485247604999927],[-75.29331010999994,-12.479251354999974],[-75.2888182349999,-12.475504979999869],[-75.28652835999998,-12.474627854999937],[-75.27998948499993,-12.47375210499996],[-75.27835898399996,-12.467830480999908],[-75.27388785899996,-12.466288854999902],[-75.27178473399994,-12.467340479999962],[-75.26586110899996,-12.467213354999842],[-75.25949735899997,-12.464644479999833],[-75.25187723399995,-12.462880354999982],[-75.24651060899993,-12.46273535499995],[-75.24287610899995,-12.464246354999943],[-75.2419769849999,-12.466421729999979],[-75.23846735899997,-12.470308480999961],[-75.23623385999997,-12.469670354999835],[-75.23371035899999,-12.470603979999964],[-75.23225985899995,-12.474447729999952],[-75.22964898499993,-12.475571854999885],[-75.22735985899999,-12.474916480999923],[-75.22522035999998,-12.472762104999958],[-75.22303323499995,-12.467068354999924],[-75.21767373399996,-12.465083104999962],[-75.21551535899988,-12.463421104999952],[-75.21322648399996,-12.458864355999935],[-75.21309560999998,-12.456305854999925],[-75.21487273499991,-12.451838229999908],[-75.2195817349999,-12.446890229999951],[-75.22348810999995,-12.439077354999938],[-75.2232817339999,-12.435529479999957],[-75.21856923399997,-12.428800979999949],[-75.21490010999997,-12.420620104999841],[-75.21393348499993,-12.413890729999935],[-75.2154531089999,-12.409275354999977],[-75.21722623499988,-12.407176979999974],[-75.21742760999996,-12.401892979999957],[-75.21477048499992,-12.398586854999962],[-75.21525360999993,-12.39484272999988],[-75.22008460899997,-12.390454604999888],[-75.21722623499988,-12.388481979999938],[-75.21096998399997,-12.38530998099992],[-75.20789248499995,-12.383485479999933],[-75.20181573499997,-12.377106479999895],[-75.19445610899999,-12.368590229999938],[-75.19263323499996,-12.367128729999934],[-75.1867264839999,-12.366529230999959],[-75.1853094839999,-12.36279310499998],[-75.18236998499998,-12.360279979999973],[-75.18062998499988,-12.36232997999997],[-75.18001998399996,-12.365419980999945],[-75.17601998499998,-12.372579979999955],[-75.16937998399993,-12.379559979999954],[-75.16459710999999,-12.389082104999943],[-75.15795998499988,-12.393709979999926],[-75.15414098399992,-12.395699229999934],[-75.14942998399994,-12.39624997999988],[-75.14686998399998,-12.395549979999942],[-75.1434299849999,-12.392659979999848],[-75.14083998499996,-12.386999979999871],[-75.13671398499997,-12.383070979999957],[-75.1357999839999,-12.380589979999911],[-75.13100998499982,-12.378499854999916],[-75.12586723499999,-12.379251979999879],[-75.12369335999989,-12.380566354999928],[-75.11775785899988,-12.380761729999904],[-75.11387498499994,-12.382339854999941],[-75.10935935999998,-12.382337854999946],[-75.10404098399994,-12.379124979999858],[-75.10110935999995,-12.377210979999859],[-75.09804098399997,-12.379468729999871],[-75.09661523399996,-12.381609354999966],[-75.0909979839999,-12.387189479999904],[-75.08819335899994,-12.388664104999975],[-75.0829472339999,-12.389740229999916],[-75.07928910999993,-12.38967185499996],[-75.06953323399989,-12.393261730999882],[-75.06669535899994,-12.393955104999975],[-75.06341985899996,-12.39987310499987],[-75.06099410899998,-12.401521479999928],[-75.05505473499983,-12.403173855999967],[-75.05213473399988,-12.403121104999968],[-75.04631048399995,-12.407083979999925],[-75.04210935899994,-12.408150354999975],[-75.03987698499998,-12.413869104999833],[-75.0380038589999,-12.417007979999937],[-75.0349101089999,-12.424290979999967],[-75.03519723499994,-12.42910935499998],[-75.03163860899991,-12.431687479999937],[-75.02426760899993,-12.434714854999868],[-75.02335935899993,-12.438148479999938],[-75.02118360999998,-12.439904354999896],[-75.02085735999998,-12.443833980999955],[-75.02181635999989,-12.449865229999943],[-75.01919535899992,-12.454486354999915],[-75.01441798399998,-12.459548855999913],[-75.01387698499997,-12.464011729999982],[-75.00971085999998,-12.472564479999903],[-75.00947848499993,-12.476935604999937],[-75.00917773399993,-12.48329885499993],[-75.00792973499995,-12.487216854999929],[-75.00706248399996,-12.493226604999961],[-75.00215235899998,-12.496414104999815],[-75.00034960899984,-12.498394479999888],[-74.99689848399993,-12.499369104999971],[-74.9928769849999,-12.502242229999922],[-74.98900385899998,-12.503677729999936],[-74.9852812339999,-12.503914229999964],[-74.9833124839999,-12.505357604999858],[-74.98096098399992,-12.507058604999827],[-74.9763339839999,-12.506869104999964],[-74.9690819839999,-12.508158230999925],[-74.96588085899998,-12.511529355999812],[-74.96391410999996,-12.514712729999928],[-74.95866785999993,-12.513689479999925],[-74.95512110899995,-12.510542854999812],[-74.95089073499997,-12.511072229999911],[-74.94830073399999,-12.515501979999954],[-74.94783785999988,-12.526701229999958],[-74.94570510999989,-12.530966854999917],[-74.94385348399999,-12.533050729999957],[-74.93914848499998,-12.532669854999881],[-74.92928710899992,-12.534078105999981],[-74.92803910899994,-12.532781229999955],[-74.9247988589999,-12.532210979999945],[-74.92163673399995,-12.529595730999915],[-74.91461910899989,-12.526146479999966],[-74.90763673399994,-12.524626854999838],[-74.90543948399994,-12.523111355999959],[-74.89996285899997,-12.523601604999897],[-74.89487110899995,-12.522046854999871],[-74.89290435899989,-12.520832104999897],[-74.88908785899997,-12.516435605999959],[-74.88458785899996,-12.516146479999918],[-74.88287898499988,-12.517683604999888],[-74.88310748399994,-12.52071485499988],[-74.88461135899996,-12.523292979999951],[-74.8849179849999,-12.528634729999965],[-74.88186910899998,-12.532536979999975],[-74.87566010899997,-12.530867229999956],[-74.87245898499998,-12.527076230999967],[-74.86581835899995,-12.523705104999863],[-74.86432423399998,-12.52324410499989],[-74.86355273399988,-12.523054730999945],[-74.86077748399993,-12.520515604999844],[-74.86016010899993,-12.51994535499989],[-74.85954298399997,-12.519453104999968],[-74.85892573399997,-12.518960854999875],[-74.85815435899997,-12.518580104999899],[-74.85460748399998,-12.515017604999969],[-74.85430073399988,-12.514257730999873],[-74.85383785899995,-12.513121104999982],[-74.85376173399999,-12.512742229999958],[-74.8536836099999,-12.511984354999981],[-74.85283598399997,-12.510089854999876],[-74.85241223399998,-12.509671854999965],[-74.85067773399999,-12.510050730999922],[-74.84975198399997,-12.510353479999935],[-74.84763085999992,-12.510275479999962],[-74.84693560999989,-12.509896480999885],[-74.84412110999989,-12.50834185499997],[-74.84315823499998,-12.505308604999982],[-74.83934573399995,-12.498111354999821],[-74.83738473399995,-12.496960979999926],[-74.83266398399996,-12.498496104999958],[-74.82934973399995,-12.499206979999883],[-74.82607223399998,-12.499576229999946],[-74.82217973399997,-12.498515604999966],[-74.8212441089999,-12.494410105999975],[-74.82179098399996,-12.490331980999883],[-74.81834185899987,-12.48706448099989],[-74.81802935999997,-12.485572229999889],[-74.82089448399995,-12.480935605999946],[-74.81537698399995,-12.476148354999964],[-74.81348435899997,-12.474710979999884],[-74.81136510899995,-12.473919979999891],[-74.81074023399998,-12.47362110499995],[-74.80440235899988,-12.470839854999952],[-74.80288473399992,-12.46966210599993],[-74.79905660899988,-12.46815035499992],[-74.79670310899996,-12.466050729999836],[-74.79123823399993,-12.46418360499996],[-74.78857810899996,-12.465257854999948],[-74.78453123399993,-12.463816354999949],[-74.7796894839999,-12.46384960499995],[-74.77594335999993,-12.466197229999977],[-74.77243360899996,-12.470617105999906],[-74.76710948399989,-12.475314479999895],[-74.75356060899998,-12.478304729999877],[-74.75146285899996,-12.481693354999948],[-74.75095123399984,-12.48466797999987],[-74.74555660899995,-12.485179729999913],[-74.74420510899995,-12.483414105999941],[-74.73804885899995,-12.483552729999872],[-74.73479098399997,-12.483035105999932],[-74.73016998399999,-12.484132854999928],[-74.72648635899992,-12.486470729999894],[-74.72193160899991,-12.487480354999946],[-74.72122848399994,-12.490146479999908],[-74.72263085899988,-12.49483198099989],[-74.72110935899991,-12.497796854999933],[-74.71807423399997,-12.497179855999946],[-74.71698435899998,-12.499148479999917],[-74.72009760899988,-12.5007422299999],[-74.71782810999997,-12.5043222299999],[-74.71331248399997,-12.502906230999884],[-74.70930860899989,-12.503753854999957],[-74.70869335899988,-12.50559372999993],[-74.71024410899997,-12.508230480999885],[-74.71004498399998,-12.51105272999996],[-74.70775973399992,-12.514052729999946],[-74.70812110899988,-12.517058604999875],[-74.70675385899983,-12.52207810599998],[-74.70479685899988,-12.523558605999824],[-74.70138873399992,-12.52153710499988],[-74.6961757339999,-12.520915979999927],[-74.69296873399992,-12.521132854999905],[-74.69121998399999,-12.524379979999935],[-74.69295898399992,-12.534263729999964],[-74.69577935999996,-12.537509729999954],[-74.69653510899997,-12.54779885499994],[-74.69898048399995,-12.549539105999884],[-74.70162885899998,-12.548581980999927],[-74.70463473399991,-12.549701230999972],[-74.70804298399997,-12.553289105999909],[-74.70944135899998,-12.556599604999917],[-74.70931635899996,-12.558712855999886],[-74.70700585899988,-12.562238229999878],[-74.70332223399993,-12.564878855999893],[-74.69795698399992,-12.566455104999932],[-74.69395310899995,-12.56647460499994],[-74.69277535899994,-12.568761729999892],[-74.68909185899997,-12.571863229999849],[-74.68865823399994,-12.5746347299999],[-74.69263473399991,-12.577380729999845],[-74.69500973399994,-12.583956979999869],[-74.69475973399994,-12.585593729999914],[-74.69059373399989,-12.590236355999934],[-74.68646285899996,-12.589855479999926],[-74.68721423499994,-12.5944643549999],[-74.68596785899996,-12.59784222999997],[-74.6838034839999,-12.600039354999865],[-74.68685335899994,-12.607942855999909],[-74.68764860899984,-12.617834605999917],[-74.68822235899995,-12.619310354999982],[-74.69305973399997,-12.620212104999894],[-74.69441248399994,-12.62172885599989],[-74.70330798399993,-12.626402105999944],[-74.70408685899997,-12.627836855999874],[-74.71162960899994,-12.634272855999939],[-74.71515498399992,-12.630665354999962],[-74.71868048399995,-12.628820729999859],[-74.72347660899987,-12.629558604999886],[-74.72626423399993,-12.626934854999945],[-74.73188873399994,-12.627068354999892],[-74.73606148399995,-12.627918854999848],[-74.73863198399988,-12.620270604999916],[-74.74234198399989,-12.616762229999892],[-74.74516473399996,-12.615754105999883],[-74.74879410899996,-12.617649354999969],[-74.75210585899998,-12.620453979999922],[-74.75468948399998,-12.624919979999959],[-74.75739860899995,-12.626061729999947],[-74.76121073399997,-12.623257855999839],[-74.76637748399997,-12.62700685599998],[-74.77173335899994,-12.62369885499993],[-74.77516735899985,-12.625683730999981],[-74.77787673399996,-12.628298604999827],[-74.77872735999995,-12.632709229999875],[-74.77741435899998,-12.63824310599989],[-74.77530648399988,-12.642003354999929],[-74.77507860999998,-12.644509980999942],[-74.7776102339999,-12.646437229999947],[-74.7787674839999,-12.649374729999977],[-74.77765473399995,-12.652267730999824],[-74.7776102339999,-12.658231854999826],[-74.77814435899995,-12.665531229999885],[-74.77757673399998,-12.669130854999935],[-74.77635285899999,-12.67041047999993],[-74.77078935899988,-12.672246480999888],[-74.76728435999996,-12.676474730999871],[-74.76867523399994,-12.690550355999903],[-74.77184648399998,-12.696113979999893],[-74.77345985899996,-12.704347979999966],[-74.77325973399991,-12.707749980999893],[-74.77057860999997,-12.711988229999918],[-74.77126173399989,-12.716855229999908],[-74.77717573399991,-12.726029354999923],[-74.77806248399992,-12.732587229999979],[-74.77721698399995,-12.73566723099998],[-74.77908910999997,-12.742189479999979],[-74.77884748399998,-12.747383105999916],[-74.78090085899993,-12.75336185599997],[-74.78301448399998,-12.756743730999915],[-74.78337685899999,-12.760427605999894],[-74.78253135999995,-12.76471535499985],[-74.78573210899992,-12.768157605999932],[-74.7878457349999,-12.77378010599989],[-74.78706073399997,-12.780845854999825],[-74.78597373399992,-12.78410698099998],[-74.7900234839999,-12.786734354999965],[-74.79364335999992,-12.787971980999941],[-74.79569660899989,-12.79153510599997],[-74.79479073399989,-12.794252729999869],[-74.78603410899996,-12.800170979999962],[-74.78023648399994,-12.804458605999912],[-74.7723856099999,-12.80530423099998],[-74.76803748399993,-12.80729722999996],[-74.75891473399997,-12.804642854999884],[-74.75461135899997,-12.80385735599998],[-74.75095160899997,-12.802171355999917],[-74.74844023399999,-12.803931480999893],[-74.74840385899984,-12.809681230999956],[-74.74425535899996,-12.819288355999902],[-74.74402535999991,-12.825732479999942],[-74.74268685899995,-12.82718935499986],[-74.74001323399995,-12.827093855999863],[-74.73581160899994,-12.82855798099996],[-74.73495223499998,-12.831390854999938],[-74.73281960899993,-12.83466935599995],[-74.72983598399998,-12.83741010599988],[-74.72607235899989,-12.84144960599997],[-74.72158173399993,-12.843320730999892],[-74.71054248399997,-12.844817729999875],[-74.69918360899999,-12.8436426049999],[-74.70138873499991,-12.846808605999911],[-74.70493160899997,-12.850203104999935],[-74.70682423399995,-12.850581855999849],[-74.70935760899988,-12.854203105999886],[-74.71225385899999,-12.853695354999957],[-74.71545110899984,-12.854921855999919],[-74.71727935899992,-12.858845730999974],[-74.72174023399998,-12.85988673099996],[-74.72284573399997,-12.862703105999913],[-74.7260918589999,-12.86591210599994],[-74.72557623399996,-12.870656229999895],[-74.72726560899991,-12.873382855999921],[-74.73127535899988,-12.875583980999977],[-74.73343948399997,-12.879488230999982],[-74.73626560899993,-12.879267605999928],[-74.73864648399996,-12.877039104999938],[-74.74420898399995,-12.877931605999947],[-74.74838873399989,-12.874626980999892],[-74.74928523499995,-12.87310160599992],[-74.75194135899994,-12.87313472999989],[-74.75519923399997,-12.86940235599991],[-74.75643360899994,-12.869074105999914],[-74.76156985999995,-12.867526729999952],[-74.76533060899999,-12.868018605999964],[-74.76868635899996,-12.870419604999938],[-74.76917823399998,-12.872444605999931],[-74.77319935899999,-12.878635480999947],[-74.77615148399991,-12.8788379799999],[-74.77884898399998,-12.876983479999922],[-74.78293710899993,-12.877952854999933],[-74.7881633589999,-12.882884104999903],[-74.79254660899994,-12.891397854999923],[-74.79596048399998,-12.896202480999932],[-74.79799660999993,-12.900190729999963],[-74.80385748399993,-12.904935604999878],[-74.80632135899998,-12.90597785499989],[-74.80780010899991,-12.90995773099985],[-74.80362648399989,-12.911923855999873],[-74.80409523499998,-12.915257230999941],[-74.80744048399998,-12.91726497999997],[-74.80916735899996,-12.919285105999961],[-74.81229510899993,-12.921044605999953],[-74.81710348399997,-12.92215235599997],[-74.81831635899988,-12.926347980999822],[-74.81995523399996,-12.927855855999951],[-74.81995523399996,-12.930084855999837],[-74.81703798399997,-12.934903354999904],[-74.81798848399995,-12.939295730999959],[-74.82113535899998,-12.940115104999904],[-74.82710923499991,-12.943060104999972],[-74.83084810899999,-12.94101147999993],[-74.83084810899999,-12.938399355999877],[-74.83517598399999,-12.932567105999965],[-74.83957448399991,-12.929478230999905],[-74.84289685899995,-12.929273104999822],[-74.84593198399989,-12.927837605999969],[-74.8487619839999,-12.922874729999933],[-74.85052573399992,-12.920946980999872],[-74.85630885899997,-12.919962605999956],[-74.86147685899982,-12.920290730999909],[-74.86631673399995,-12.922956730999886],[-74.87136585899992,-12.923921355999937],[-74.87513960899997,-12.91975448099987],[-74.87704373499997,-12.91895635599991],[-74.88098660899988,-12.922329605999948],[-74.88182635999993,-12.924874479999914],[-74.88493110899992,-12.926299605999816],[-74.88699248399996,-12.928997230999926],[-74.88693985999998,-12.931333604999963],[-74.88929448399995,-12.932897105999928],[-74.89606060899996,-12.945391480999945],[-74.89352735899996,-12.947591854999928],[-74.88951923499997,-12.948849105999955],[-74.88912035899989,-12.952192729999922],[-74.88976773399997,-12.954739230999962],[-74.88899085899993,-12.95784635599989],[-74.88963823399996,-12.961255730999937],[-74.89097610899995,-12.962723105999942],[-74.89006985899994,-12.96600310599996],[-74.89042385899995,-12.96844335599991],[-74.88838873399993,-12.969392604999939],[-74.87762698499989,-12.971437480999839],[-74.8713944839999,-12.97068748099997],[-74.86775973399989,-12.97160548099987],[-74.86097848399999,-12.970187480999982],[-74.85196685899996,-12.972624980999967],[-74.84783598399997,-12.972443230999943],[-74.84508998399997,-12.974380854999936],[-74.84167185899992,-12.975191355999925],[-74.83829298499995,-12.97488085599997],[-74.84217660899992,-12.977936479999869],[-74.84525623399992,-12.981415980999884],[-74.84897573399991,-12.983855605999963],[-74.86162248399995,-12.989818979999882],[-74.86482210899993,-12.99305060499995],[-74.86894973399995,-12.995034355999962],[-74.8716693589999,-12.997498104999977],[-74.87515698399989,-12.999257980999914],[-74.87704473399998,-12.999257980999914],[-74.87672473399994,-13.00469723099991],[-74.8814922339999,-13.00645710599997],[-74.88280410899989,-13.008088980999958],[-74.88299610899998,-13.011032605999901],[-74.88210010899991,-13.013944355999968],[-74.88520385899994,-13.014616230999934],[-74.88821148399995,-13.016471979999835],[-74.88949123399993,-13.01970360599995],[-74.89400285899995,-13.019223730999954],[-74.89646660899996,-13.022487355999885],[-74.90046610899992,-13.02264735499989],[-74.90334573399997,-13.02539897999992],[-74.9061583589999,-13.032206979999955],[-74.90766298399996,-13.034549855999899],[-74.90899560899993,-13.038762980999877],[-74.90931810899997,-13.048564604999967],[-74.90832948399998,-13.050542230999895],[-74.90795098399991,-13.054998105999914],[-74.90944698399989,-13.05702723099995],[-74.90688485899989,-13.063045855999917],[-74.90749698399992,-13.068574354999953],[-74.90508948399992,-13.074228354999946],[-74.90872135899997,-13.077571354999975],[-74.90812623399995,-13.083018855999967],[-74.90895123399997,-13.086390980999965],[-74.9084489839999,-13.088650855999902],[-74.90927410999996,-13.095645980999961],[-74.91268198399996,-13.097977730999958],[-74.91705835899995,-13.096578605999923],[-74.92007160899993,-13.098802729999932],[-74.92001523399989,-13.101294605999954],[-74.91692398499998,-13.105454855999938],[-74.91877298399987,-13.11062610599987],[-74.9162594849999,-13.114497480999944],[-74.91675073399995,-13.117733105999946],[-74.9189463589999,-13.120506605999935],[-74.9166639849999,-13.125013355999954],[-74.91490185899994,-13.126082355999927],[-74.91319723399994,-13.131138230999909],[-74.91056823499991,-13.13379610499993],[-74.91085710899995,-13.137031730999865],[-74.91022148399992,-13.142521105999947],[-74.91163710899997,-13.145525480999822],[-74.91524835899992,-13.148327854999877],[-74.91449723399995,-13.154481480999948],[-74.91279273399994,-13.157023730999867],[-74.91325785999999,-13.167466855999976],[-74.91185110999993,-13.17279410599997],[-74.91176510899993,-13.178085605999911],[-74.91045785899996,-13.1810224809999],[-74.91299123399995,-13.184452480999937],[-74.92232585899995,-13.185440230999973],[-74.92562048399998,-13.182969105999973],[-74.93275873399995,-13.181204480999952],[-74.93527535899989,-13.18518385599998],[-74.94301898399993,-13.181548605999922],[-74.94925610899998,-13.180999730999815],[-74.95511548399992,-13.18185123099994],[-74.95881185899998,-13.176881355999853],[-74.96216473399994,-13.175551354999925],[-74.96532348399995,-13.169427730999871],[-74.96881498399995,-13.167903480999883],[-74.97350335899989,-13.164605355999925],[-74.97739060899994,-13.165690105999886],[-74.9818656089999,-13.164650480999853],[-74.98543648399993,-13.162164479999944],[-74.9878124839999,-13.156281855999964],[-74.98715935899997,-13.15153823099996],[-74.98788123399999,-13.15019760599995],[-74.98895498399992,-13.141519105999976],[-74.99213323399994,-13.137846105999927],[-74.99506060899989,-13.132779354999911],[-74.99732048399994,-13.131538605999935],[-75.00092485999994,-13.125109355999882],[-75.0024103589999,-13.123599355999943],[-75.00650173399993,-13.12228435599991],[-75.01545285999998,-13.113816105999945],[-75.01713798499998,-13.113520105999953],[-75.02336498399995,-13.108791230999941],[-75.02919485999996,-13.105861730999948],[-75.03185573399998,-13.100904979999882],[-75.03315035999998,-13.099756605999971],[-75.03538448399996,-13.093972730999894],[-75.03829323399987,-13.089413104999949],[-75.03619960999998,-13.083970355999895],[-75.03393435999999,-13.082984730999954],[-75.0310008589999,-13.078114730999971],[-75.03265398399992,-13.072118105999948],[-75.03496198399995,-13.067662230999872],[-75.03308923499998,-13.06183910599998],[-75.03530048399995,-13.055594605999886],[-75.03977623399999,-13.050258105999944],[-75.04012060899998,-13.044878730999926],[-75.03814085899995,-13.041521855999974],[-75.0389154849999,-13.03876748099998],[-75.0356017339999,-13.033990480999819],[-75.0359459849999,-13.029945105999957],[-75.03775610999992,-13.023525105999965],[-75.03236435899993,-13.021239855999966],[-75.02931123499991,-13.01865760599992],[-75.02953135899992,-13.014298605999954],[-75.03207860999999,-13.009063855999898],[-75.02997173399996,-13.003775479999945],[-75.02979560999995,-13.001441855999929],[-75.03170310899992,-12.995134605999965],[-75.03437585899991,-12.989406980999831],[-75.03464860999992,-12.98624323099989],[-75.03324498399996,-12.983307355999898],[-75.0326164839999,-12.979059480999979],[-75.0330283589999,-12.975352605999944],[-75.03429735899994,-12.973312605999979],[-75.03545073499993,-12.972811105999881],[-75.03854423399991,-12.967929605999927],[-75.03745360999994,-12.96469647999993],[-75.03525273399998,-12.962670854999942],[-75.03733673499994,-12.958619730999942],[-75.03783348399992,-12.954278980999959],[-75.03644560999993,-12.947556479999946],[-75.03703110999999,-12.939632980999818],[-75.04006860999993,-12.934058729999833],[-75.04911410999989,-12.931321605999926],[-75.04991510899998,-12.927316355999835],[-75.04628110899989,-12.91912310499987],[-75.04382735999997,-12.916364855999973],[-75.04444023399998,-12.915016730999923],[-75.04915123499995,-12.914960355999938],[-75.05450410899994,-12.916114229999948],[-75.05722873499991,-12.914255105999871],[-75.06245335999995,-12.915665480999962],[-75.06425610899998,-12.91754297999995],[-75.06902673499991,-12.919441480999922],[-75.07730223499993,-12.920561104999933],[-75.07876260899997,-12.92353060499994],[-75.08212148399997,-12.926207980999948],[-75.09176010899989,-12.929566855999951],[-75.10057110899999,-12.928739230999952],[-75.10406023499985,-12.929522480999935],[-75.11287885899998,-12.935101980999889],[-75.11852185999993,-12.933963480999921],[-75.12065035899991,-12.931834855999966],[-75.12750185999988,-12.932443855999963],[-75.13190498499995,-12.93678572999994],[-75.13260823399997,-12.941464104999966],[-75.13218010999998,-12.94329873099997],[-75.13339585899996,-12.946534229999884],[-75.13554060999996,-12.949393854999926],[-75.14140685999996,-12.954784354999958],[-75.14392948399995,-12.955510480999976],[-75.14782810999992,-12.958109605999937],[-75.149471109,-12.960056355999882],[-75.1497354839999,-12.965037730999939],[-75.14759748499995,-12.967926854999973],[-75.14557523399998,-12.968937980999954],[-75.14519960899997,-12.971653729999957],[-75.14727973399994,-12.975553980999905],[-75.15813198399991,-12.97954285599991],[-75.15864260999996,-12.976662730999976],[-75.16234448399996,-12.970727729999908],[-75.16796435999998,-12.963687854999876],[-75.16864435899993,-12.961627855999893],[-75.17460423499995,-12.954108104999875],[-75.17858410899998,-12.957247980999966],[-75.18174823499993,-12.956154480999885],[-75.18290998499998,-12.952118980999956],[-75.1898804839999,-12.947502604999897],[-75.19208173399988,-12.94728860499987],[-75.19309048399998,-12.940379354999948],[-75.1956586089999,-12.935793480999905],[-75.19822660999995,-12.933133730999941],[-75.19948010899998,-12.927355605999878],[-75.20189523399989,-12.92365635599998],[-75.2056556099999,-12.92053810599998],[-75.20782623399998,-12.91980435599993],[-75.21030260999999,-12.922586355999954],[-75.21213685899994,-12.921852605999845],[-75.21375735999993,-12.918397980999885],[-75.21335973399988,-12.916043980999916],[-75.21403723499998,-12.913209605999953],[-75.21862160899997,-12.908571480999967],[-75.222013985,-12.906708980999895],[-75.22440860899997,-12.903848729999936]]]},"properties":{"ubigeo":"080100","nombre":"HUANCAVELICA"}},{"type":"Feature","geometry":{"type":"Polygon","coordinates":[[[-74.37124410899997,-12.824417854999979],[-74.36825585799994,-12.829185605999896],[-74.36568160899992,-12.830345729999976],[-74.36277148399984,-12.833865230999947],[-74.35924023399997,-12.834453104999909],[-74.35551948399996,-12.833367230999954],[-74.34808985799992,-12.833019479999962],[-74.34193360899991,-12.836498105999908],[-74.33950385899988,-12.836919980999937],[-74.3324336089999,-12.8344863559999],[-74.3258199839999,-12.831669979999958],[-74.32361998399995,-12.83250998099993],[-74.32782435899992,-12.834457354999927],[-74.32962998299996,-12.836149980999892],[-74.33099998299997,-12.844919980999975],[-74.33274998399997,-12.848149980999892],[-74.3332534839999,-12.851745730999937],[-74.33198998299997,-12.855799980999961],[-74.33248998299996,-12.857999979999875],[-74.32796085899997,-12.865948230999948],[-74.32776698399988,-12.870047855999928],[-74.3212299839999,-12.880909979999899],[-74.31944998299997,-12.88727998099995],[-74.32345123399995,-12.892142604999947],[-74.32518985899992,-12.893230480999875],[-74.32760860899992,-12.897445230999892],[-74.3324797329999,-12.900252355999896],[-74.33500585899992,-12.902481354999964],[-74.33644248299998,-12.906576354999913],[-74.34160348399996,-12.908203105999974],[-74.34581448399996,-12.90891010599995],[-74.35304098299997,-12.912283230999947],[-74.35490823399988,-12.91431248099991],[-74.35604885899994,-12.918593605999945],[-74.35873435899993,-12.920669979999957],[-74.36342973399996,-12.922914104999904],[-74.36642573299991,-12.926748104999888],[-74.36903323399997,-12.92751372999993],[-74.37288473399997,-12.931744105999883],[-74.37409185899998,-12.93537310499994],[-74.3770214839999,-12.93670122999987],[-74.37939060799994,-12.936462854999888],[-74.38765435899995,-12.939103479999972],[-74.39008198399989,-12.937255855999865],[-74.39236723399989,-12.938011729999971],[-74.39447260799983,-12.940586105999898],[-74.40056835899998,-12.943292980999956],[-74.40589448399993,-12.944156229999976],[-74.41108598399995,-12.944023479999828],[-74.41507035799992,-12.94728710599992],[-74.41898435799988,-12.948453104999942],[-74.42410935899989,-12.948980479999875],[-74.42908198399994,-12.95180273099993],[-74.43235548399997,-12.951710979999973],[-74.43897948299997,-12.957249604999902],[-74.44020510899992,-12.961683605999951],[-74.44168560799994,-12.963423855999906],[-74.44508010899995,-12.962933604999932],[-74.44646873399995,-12.965132855999911],[-74.44726560899994,-12.966708980999954],[-74.45317573399996,-12.96656635499994],[-74.45525785899991,-12.963904354999954],[-74.46083398399998,-12.960281230999954],[-74.46509373399988,-12.955361355999912],[-74.46661323299992,-12.9518651059999],[-74.46840623399999,-12.949933604999956],[-74.46806448399985,-12.946433605999914],[-74.46874998399988,-12.944246105999923],[-74.47127148399989,-12.942099604999896],[-74.47202735899998,-12.937734355999908],[-74.47392385799998,-12.935078105999878],[-74.47503910899997,-12.930904354999939],[-74.47706060899998,-12.92913473099992],[-74.48186523399988,-12.928583979999928],[-74.48433010899998,-12.926238230999957],[-74.48983785899998,-12.924341855999899],[-74.49871885899984,-12.923056730999974],[-74.50286523399996,-12.923890604999883],[-74.50406435899998,-12.922642604999908],[-74.50499610799989,-12.91868747999996],[-74.51446098399998,-12.91320123099996],[-74.51772460899997,-12.91287485499987],[-74.52064848399993,-12.907550730999901],[-74.5233576089999,-12.906593855999972],[-74.52659373399996,-12.903917980999893],[-74.53021873399996,-12.903531230999931],[-74.53459760899989,-12.900158229999931],[-74.54184573399993,-12.898679729999913],[-74.54935548399999,-12.897015604999979],[-74.55405473399998,-12.894349605999935],[-74.55677935899996,-12.893550729999902],[-74.55854498399998,-12.89430473099992],[-74.55857810899994,-12.900560605999942],[-74.5611894839999,-12.903064480999888],[-74.56455660899996,-12.902355480999915],[-74.56642573399989,-12.907001980999894],[-74.56920898399989,-12.909445355999821],[-74.57019923399986,-12.912441355999817],[-74.57475585899994,-12.914081980999924],[-74.57681835899996,-12.91167773099994],[-74.57815823399989,-12.908406230999901],[-74.57731623399997,-12.904494105999959],[-74.58033598399993,-12.896923855999944],[-74.58762110899994,-12.894162105999953],[-74.59273448399995,-12.894712854999966],[-74.59550785899995,-12.891693355999962],[-74.59676560899999,-12.8883574809999],[-74.59828510899996,-12.887224605999961],[-74.59992773399995,-12.88372460499994],[-74.60289048399989,-12.881601605999947],[-74.60248048399995,-12.876523480999879],[-74.60350585899988,-12.874003855999945],[-74.60291998399993,-12.870001980999973],[-74.60720898399995,-12.86672660499994],[-74.61095123399997,-12.860300729999835],[-74.61243560899999,-12.859695354999928],[-74.61400973399992,-12.85439648099998],[-74.61437110899988,-12.851025355999923],[-74.6181543589999,-12.845449355999904],[-74.62375198399997,-12.842374979999818],[-74.62841598399996,-12.843908230999943],[-74.63139260899993,-12.84693360599988],[-74.63444335899993,-12.848498105999909],[-74.63430073399996,-12.854292979999968],[-74.63751373399998,-12.862232480999978],[-74.63906635899991,-12.86336723099987],[-74.64069923399995,-12.867087855999898],[-74.64115998399996,-12.870734354999968],[-74.64456998399993,-12.87342622999995],[-74.64821873399995,-12.877812604999974],[-74.64970510899991,-12.881865230999892],[-74.65680073399983,-12.888165979999883],[-74.66431060899998,-12.892607480999914],[-74.66592973399986,-12.894908229999942],[-74.67071873399988,-12.898130855999966],[-74.67368948399991,-12.898683730999949],[-74.6778222339999,-12.898326229999952],[-74.68045698399999,-12.899874980999925],[-74.67963610899989,-12.897834855999974],[-74.67456873399993,-12.890110855999865],[-74.67209410899989,-12.88378497999986],[-74.66927560899995,-12.88138422999998],[-74.66619173399994,-12.876415855999937],[-74.66499260899997,-12.871790230999864],[-74.6604138589999,-12.868919604999917],[-74.65410960899999,-12.855159729999968],[-74.65736910899994,-12.854710855999883],[-74.66004298399997,-12.853149480999946],[-74.66218998399995,-12.847118480999882],[-74.66195573399995,-12.843390604999911],[-74.66505898399993,-12.837945230999935],[-74.66783048399992,-12.834978604999947],[-74.67021173399996,-12.83421747999995],[-74.67388098399994,-12.828576730999885],[-74.67401173399992,-12.825759730999948],[-74.67832810899995,-12.823369105999973],[-74.68332035899994,-12.826695354999913],[-74.68838873399994,-12.831621104999897],[-74.69015435899996,-12.836515605999978],[-74.69246485899998,-12.83843360499992],[-74.69554885899998,-12.838478480999981],[-74.69665235899998,-12.841039230999968],[-74.69918360899999,-12.8436426049999],[-74.71054248399997,-12.844817729999875],[-74.72158173399993,-12.843320730999892],[-74.72607235899989,-12.84144960599997],[-74.72983598399998,-12.83741010599988],[-74.73281960899993,-12.83466935599995],[-74.73495223499998,-12.831390854999938],[-74.73581160899994,-12.82855798099996],[-74.74001323399995,-12.827093855999863],[-74.74268685899995,-12.82718935499986],[-74.74402535999991,-12.825732479999942],[-74.74425535899996,-12.819288355999902],[-74.74840385899984,-12.809681230999956],[-74.74844023399999,-12.803931480999893],[-74.75095160899997,-12.802171355999917],[-74.75461135899997,-12.80385735599998],[-74.75891473399997,-12.804642854999884],[-74.76803748399993,-12.80729722999996],[-74.7723856099999,-12.80530423099998],[-74.78023648399994,-12.804458605999912],[-74.78603410899996,-12.800170979999962],[-74.79479073399989,-12.794252729999869],[-74.79569660899989,-12.79153510599997],[-74.79364335999992,-12.787971980999941],[-74.7900234839999,-12.786734354999965],[-74.78597373399992,-12.78410698099998],[-74.78706073399997,-12.780845854999825],[-74.7878457349999,-12.77378010599989],[-74.78573210899992,-12.768157605999932],[-74.78253135999995,-12.76471535499985],[-74.78337685899999,-12.760427605999894],[-74.78301448399998,-12.756743730999915],[-74.78090085899993,-12.75336185599997],[-74.77884748399998,-12.747383105999916],[-74.77908910999997,-12.742189479999979],[-74.77721698399995,-12.73566723099998],[-74.77806248399992,-12.732587229999979],[-74.77717573399991,-12.726029354999923],[-74.77126173399989,-12.716855229999908],[-74.77057860999997,-12.711988229999918],[-74.77325973399991,-12.707749980999893],[-74.77345985899996,-12.704347979999966],[-74.77184648399998,-12.696113979999893],[-74.76867523399994,-12.690550355999903],[-74.76728435999996,-12.676474730999871],[-74.77078935899988,-12.672246480999888],[-74.77635285899999,-12.67041047999993],[-74.77757673399998,-12.669130854999935],[-74.77814435899995,-12.665531229999885],[-74.7776102339999,-12.658231854999826],[-74.77765473399995,-12.652267730999824],[-74.7787674839999,-12.649374729999977],[-74.7776102339999,-12.646437229999947],[-74.77507860999998,-12.644509980999942],[-74.77530648399988,-12.642003354999929],[-74.77741435899998,-12.63824310599989],[-74.77872735999995,-12.632709229999875],[-74.77787673399996,-12.628298604999827],[-74.77516735899985,-12.625683730999981],[-74.77173335899994,-12.62369885499993],[-74.76637748399997,-12.62700685599998],[-74.76121073399997,-12.623257855999839],[-74.75739860899995,-12.626061729999947],[-74.75468948399998,-12.624919979999959],[-74.75210585899998,-12.620453979999922],[-74.74879410899996,-12.617649354999969],[-74.74516473399996,-12.615754105999883],[-74.74234198399989,-12.616762229999892],[-74.73863198399988,-12.620270604999916],[-74.73606148399995,-12.627918854999848],[-74.73188873399994,-12.627068354999892],[-74.72626423399993,-12.626934854999945],[-74.72347660899987,-12.629558604999886],[-74.71868048399995,-12.628820729999859],[-74.71515498399992,-12.630665354999962],[-74.71162960899994,-12.634272855999939],[-74.70408685899997,-12.627836855999874],[-74.70330798399993,-12.626402105999944],[-74.69441248399994,-12.62172885599989],[-74.69305973399997,-12.620212104999894],[-74.68822235899995,-12.619310354999982],[-74.68764860899984,-12.617834605999917],[-74.68685335899994,-12.607942855999909],[-74.6838034839999,-12.600039354999865],[-74.68596785899996,-12.59784222999997],[-74.68721423499994,-12.5944643549999],[-74.68646285899996,-12.589855479999926],[-74.68399998399991,-12.590761729999883],[-74.67635348399989,-12.591509730999974],[-74.67328135899999,-12.591292980999981],[-74.67413873399988,-12.59477722999992],[-74.67156060899998,-12.59967185599993],[-74.66657810899994,-12.603240229999926],[-74.65926948399988,-12.61676947999996],[-74.65511135899993,-12.617716855999959],[-74.65230285899997,-12.619357479999962],[-74.64891798399998,-12.625947229999952],[-74.64934373399996,-12.628009729999974],[-74.64871485899994,-12.632742229999963],[-74.6429101089999,-12.633867230999954],[-74.64023248399997,-12.640624980999974],[-74.63990035899991,-12.64599610599987],[-74.63598823399997,-12.648798855999871],[-74.63285348399995,-12.645677730999978],[-74.62912110899993,-12.645994105999876],[-74.62749610899988,-12.649790979999977],[-74.62762698399996,-12.654884729999822],[-74.62279098399995,-12.656781229999979],[-74.62114848399995,-12.660869105999893],[-74.6186856089999,-12.663205105999907],[-74.61612498399995,-12.669312480999963],[-74.61458785899998,-12.671456980999949],[-74.61158785899988,-12.673345855999969],[-74.60626373399992,-12.678808604999972],[-74.60276948399991,-12.678099604999943],[-74.59892973399991,-12.67491410499997],[-74.59428323399993,-12.675439480999842],[-74.59078335899989,-12.677945354999963],[-74.58996485899996,-12.682706980999967],[-74.59000198399991,-12.688218730999893],[-74.58929098399989,-12.690994105999948],[-74.58585748399992,-12.692035104999945],[-74.5821464839999,-12.69468160599996],[-74.57499610899998,-12.695935605999978],[-74.57366210899994,-12.69991998099988],[-74.56518948399997,-12.70262497999994],[-74.56341410899995,-12.706802729999936],[-74.56037698399984,-12.708080105999954],[-74.55615623399996,-12.714984354999842],[-74.55425185899992,-12.716691354999966],[-74.55184373399999,-12.716990230999897],[-74.54981448399997,-12.715337854999973],[-74.54886523399995,-12.71990022999995],[-74.54442773399995,-12.7228418549999],[-74.54369548399984,-12.72414447999995],[-74.54382223399995,-12.72843360599984],[-74.541660859,-12.730204729999912],[-74.53984373399999,-12.734873104999906],[-74.54051948399996,-12.73993748099997],[-74.53933598399993,-12.742265605999876],[-74.54245898399995,-12.743378855999879],[-74.54251948399997,-12.744964854999921],[-74.53907810899989,-12.746347604999926],[-74.53766410899993,-12.746972480999943],[-74.53300598399994,-12.751343729999974],[-74.53327935899989,-12.7546503559999],[-74.53087885899998,-12.756419980999965],[-74.5276601089999,-12.756488230999935],[-74.52542973399994,-12.758677729999874],[-74.52409573399996,-12.761396480999963],[-74.51936523399996,-12.764253854999936],[-74.51570123399995,-12.764158230999954],[-74.51012110899984,-12.766826355999967],[-74.50768160799998,-12.769535104999932],[-74.50351223399997,-12.76934548099996],[-74.49902935899996,-12.770816354999965],[-74.50154885899997,-12.774521479999862],[-74.49957035899996,-12.777121104999935],[-74.49928110899998,-12.78278135599993],[-74.50153910899996,-12.787218604999964],[-74.49719710899996,-12.788193354999976],[-74.49444348399993,-12.788359355999944],[-74.4911132339999,-12.785822230999884],[-74.48937698399993,-12.787951230999909],[-74.48714648399988,-12.792921855999964],[-74.48349610899999,-12.793339855999932],[-74.47964648399989,-12.792652355999962],[-74.47801373399989,-12.794078105999972],[-74.47446485899997,-12.799226605999934],[-74.46991798399989,-12.800943355999948],[-74.46560735899993,-12.804886729999964],[-74.46069535899994,-12.804886730999897],[-74.45739260899995,-12.802347605999955],[-74.45439648399997,-12.803408230999935],[-74.45076948399998,-12.802152355999965],[-74.44666598399994,-12.799322229999916],[-74.44447260899989,-12.799462854999945],[-74.44040035899991,-12.799427729999934],[-74.43543948399997,-12.801513855999872],[-74.4262531089999,-12.80430248099998],[-74.42181635899988,-12.803302729999928],[-74.41737498399993,-12.803808605999961],[-74.41278323399996,-12.80907035599995],[-74.40995123399995,-12.810619104999887],[-74.40709373399994,-12.810548854999979],[-74.40405860899995,-12.812169980999954],[-74.40169335899998,-12.811097605999976],[-74.39887310799998,-12.807826230999922],[-74.39627735899995,-12.80606635499987],[-74.39419923399993,-12.80804098099992],[-74.38978710899994,-12.807904354999891],[-74.39038873399994,-12.81040235599994],[-74.38971485899998,-12.814640605999955],[-74.3873007339999,-12.814988230999916],[-74.38420898299995,-12.8129551049999],[-74.38082423299994,-12.814456979999932],[-74.3764999839999,-12.81563285599998],[-74.3756034839999,-12.820585979999976],[-74.37124410899997,-12.824417854999979]]]},"properties":{"ubigeo":"080200","nombre":"ACOBAMBA"}},{"type":"Feature","geometry":{"type":"Polygon","coordinates":[[[-74.55554708299996,-13.186796355999888],[-74.55952908299992,-13.185125230999915],[-74.56344908299991,-13.186259855999936],[-74.57098145799989,-13.184670480999955],[-74.57280745799994,-13.185343229999944],[-74.57441795799997,-13.189562480999882],[-74.57919133299993,-13.192111355999941],[-74.58033783299993,-13.194527354999877],[-74.5794218339999,-13.201343730999895],[-74.58480858299998,-13.203089855999963],[-74.58543358299994,-13.209320355999978],[-74.58698245799991,-13.211302605999947],[-74.59311720799991,-13.211376980999944],[-74.59563470799992,-13.212845730999959],[-74.59938083299994,-13.217617230999963],[-74.60164458299994,-13.2218243559999],[-74.60068870899994,-13.227385480999942],[-74.60199208299997,-13.228515105999975],[-74.60821139699993,-13.230292086999953],[-74.61080280599998,-13.232984280999915],[-74.61220684699998,-13.236183235999931],[-74.61824108299999,-13.241722730999982],[-74.62219133299999,-13.243982480999819],[-74.62593158299984,-13.24977535599993],[-74.63220895899991,-13.260335980999969],[-74.63756633299988,-13.263589855999953],[-74.63893158299999,-13.26672073099985],[-74.64195308399997,-13.270095605999927],[-74.64465420799996,-13.274136730999885],[-74.64952933299992,-13.273960980999902],[-74.65238870799999,-13.271189480999851],[-74.65550983299994,-13.27070510599998],[-74.65943945799995,-13.271884730999886],[-74.66349808299992,-13.271484355999974],[-74.67192770799988,-13.274921855999935],[-74.67768958299996,-13.28162885599994],[-74.68289258299995,-13.284798855999952],[-74.68940908699994,-13.28646396199997],[-74.69470123399992,-13.289894355999934],[-74.70086910899983,-13.291613980999841],[-74.70579873399993,-13.290628105999872],[-74.71361748399994,-13.292049855999949],[-74.71753835899995,-13.290008980999914],[-74.72212410899988,-13.289642105999917],[-74.7238946089999,-13.284726855999963],[-74.72408098399995,-13.278860605999967],[-74.72682785899997,-13.272109730999944],[-74.72582085999994,-13.26527873099991],[-74.72411023399997,-13.262381105999964],[-74.72100323399997,-13.259867605999943],[-74.72355173399995,-13.244786230999978],[-74.72596060899997,-13.241190480999933],[-74.72679835899999,-13.238293105999901],[-74.73077823399996,-13.231101355999954],[-74.72547173399994,-13.226877230999946],[-74.72515760899995,-13.225445855999965],[-74.72665873499989,-13.221361355999875],[-74.72264398399989,-13.218079730999875],[-74.72149198399995,-13.214553855999895],[-74.72173635899992,-13.210364480999942],[-74.7208287339999,-13.199926355999935],[-74.71569685899993,-13.196016355999973],[-74.71646485899998,-13.19420110599998],[-74.71901335899997,-13.192979105999939],[-74.72173635899992,-13.188999355999897],[-74.71981623399995,-13.185752605999937],[-74.72164085899993,-13.179189605999966],[-74.72480848399994,-13.177503980999916],[-74.72980073399998,-13.17821198099989],[-74.73433898399998,-13.175244730999964],[-74.73963085899993,-13.174119105999921],[-74.74165035899989,-13.175181605999967],[-74.74768560899992,-13.176390605999927],[-74.75005073399996,-13.172794980999981],[-74.75479810899998,-13.169907605999981],[-74.75634810899999,-13.165534605999824],[-74.76051810999996,-13.160958605999895],[-74.76514948399989,-13.16165973099993],[-74.77119610899996,-13.159630605999894],[-74.78272448399991,-13.157228355999905],[-74.78681610899997,-13.159938354999952],[-74.78817123499994,-13.164959980999981],[-74.79250198399995,-13.16751073099988],[-74.79529173499998,-13.167271605999929],[-74.79783048399997,-13.168400480999878],[-74.80255435899994,-13.16786973099994],[-74.80612035899992,-13.164482105999866],[-74.81039948399996,-13.16476223099994],[-74.81455135899995,-13.162469855999973],[-74.8206644839999,-13.161349105999875],[-74.82608973399994,-13.158088730999964],[-74.82909548399994,-13.150982229999954],[-74.82906998399994,-13.147798355999953],[-74.84142360899989,-13.143722980999883],[-74.84511685899997,-13.145225605999883],[-74.84868285899995,-13.148002105999922],[-74.85145923399989,-13.152765230999933],[-74.85359898399992,-13.154573855999843],[-74.85940635899993,-13.156764230999954],[-74.86146948399994,-13.156534980999936],[-74.86905998399993,-13.160126480999907],[-74.87710885999996,-13.162724480999941],[-74.8839764839999,-13.161229105999894],[-74.8874821099999,-13.159021605999953],[-74.89512348399995,-13.159435605999931],[-74.89703373399988,-13.162173730999939],[-74.89687460999994,-13.165421355999968],[-74.89916685999998,-13.166567480999902],[-74.90866073399991,-13.167842855999936],[-74.91325785999999,-13.167466855999976],[-74.91279273399994,-13.157023730999867],[-74.91449723399995,-13.154481480999948],[-74.91524835899992,-13.148327854999877],[-74.91163710899997,-13.145525480999822],[-74.91022148399992,-13.142521105999947],[-74.91085710899995,-13.137031730999865],[-74.91056823499991,-13.13379610499993],[-74.91319723399994,-13.131138230999909],[-74.91490185899994,-13.126082355999927],[-74.9166639849999,-13.125013355999954],[-74.9189463589999,-13.120506605999935],[-74.91675073399995,-13.117733105999946],[-74.9162594849999,-13.114497480999944],[-74.91877298399987,-13.11062610599987],[-74.91692398499998,-13.105454855999938],[-74.92001523399989,-13.101294605999954],[-74.92007160899993,-13.098802729999932],[-74.91705835899995,-13.096578605999923],[-74.91268198399996,-13.097977730999958],[-74.90927410999996,-13.095645980999961],[-74.9084489839999,-13.088650855999902],[-74.90895123399997,-13.086390980999965],[-74.90812623399995,-13.083018855999967],[-74.90872135899997,-13.077571354999975],[-74.90508948399992,-13.074228354999946],[-74.90749698399992,-13.068574354999953],[-74.90688485899989,-13.063045855999917],[-74.90944698399989,-13.05702723099995],[-74.90795098399991,-13.054998105999914],[-74.90832948399998,-13.050542230999895],[-74.90931810899997,-13.048564604999967],[-74.90899560899993,-13.038762980999877],[-74.90766298399996,-13.034549855999899],[-74.9061583589999,-13.032206979999955],[-74.90334573399997,-13.02539897999992],[-74.90046610899992,-13.02264735499989],[-74.89646660899996,-13.022487355999885],[-74.89400285899995,-13.019223730999954],[-74.88949123399993,-13.01970360599995],[-74.88821148399995,-13.016471979999835],[-74.88520385899994,-13.014616230999934],[-74.88210010899991,-13.013944355999968],[-74.88299610899998,-13.011032605999901],[-74.88280410899989,-13.008088980999958],[-74.8814922339999,-13.00645710599997],[-74.87672473399994,-13.00469723099991],[-74.87704473399998,-12.999257980999914],[-74.87515698399989,-12.999257980999914],[-74.8716693589999,-12.997498104999977],[-74.86894973399995,-12.995034355999962],[-74.86482210899993,-12.99305060499995],[-74.86162248399995,-12.989818979999882],[-74.84897573399991,-12.983855605999963],[-74.84525623399992,-12.981415980999884],[-74.84217660899992,-12.977936479999869],[-74.83829298499995,-12.97488085599997],[-74.84167185899992,-12.975191355999925],[-74.84508998399997,-12.974380854999936],[-74.84783598399997,-12.972443230999943],[-74.85196685899996,-12.972624980999967],[-74.86097848399999,-12.970187480999982],[-74.86775973399989,-12.97160548099987],[-74.8713944839999,-12.97068748099997],[-74.87762698499989,-12.971437480999839],[-74.88838873399993,-12.969392604999939],[-74.89042385899995,-12.96844335599991],[-74.89006985899994,-12.96600310599996],[-74.89097610899995,-12.962723105999942],[-74.88963823399996,-12.961255730999937],[-74.88899085899993,-12.95784635599989],[-74.88976773399997,-12.954739230999962],[-74.88912035899989,-12.952192729999922],[-74.88951923499997,-12.948849105999955],[-74.89352735899996,-12.947591854999928],[-74.89606060899996,-12.945391480999945],[-74.88929448399995,-12.932897105999928],[-74.88693985999998,-12.931333604999963],[-74.88699248399996,-12.928997230999926],[-74.88493110899992,-12.926299605999816],[-74.88182635999993,-12.924874479999914],[-74.88098660899988,-12.922329605999948],[-74.87704373499997,-12.91895635599991],[-74.87513960899997,-12.91975448099987],[-74.87136585899992,-12.923921355999937],[-74.86631673399995,-12.922956730999886],[-74.86147685899982,-12.920290730999909],[-74.85630885899997,-12.919962605999956],[-74.85052573399992,-12.920946980999872],[-74.8487619839999,-12.922874729999933],[-74.84593198399989,-12.927837605999969],[-74.84289685899995,-12.929273104999822],[-74.83957448399991,-12.929478230999905],[-74.83517598399999,-12.932567105999965],[-74.83084810899999,-12.938399355999877],[-74.83084810899999,-12.94101147999993],[-74.82710923499991,-12.943060104999972],[-74.82113535899998,-12.940115104999904],[-74.81798848399995,-12.939295730999959],[-74.81703798399997,-12.934903354999904],[-74.81995523399996,-12.930084855999837],[-74.81995523399996,-12.927855855999951],[-74.81831635899988,-12.926347980999822],[-74.81710348399997,-12.92215235599997],[-74.81229510899993,-12.921044605999953],[-74.80916735899996,-12.919285105999961],[-74.80744048399998,-12.91726497999997],[-74.80409523499998,-12.915257230999941],[-74.80362648399989,-12.911923855999873],[-74.80780010899991,-12.90995773099985],[-74.80632135899998,-12.90597785499989],[-74.80385748399993,-12.904935604999878],[-74.79799660999993,-12.900190729999963],[-74.79596048399998,-12.896202480999932],[-74.79254660899994,-12.891397854999923],[-74.7881633589999,-12.882884104999903],[-74.78293710899993,-12.877952854999933],[-74.77884898399998,-12.876983479999922],[-74.77615148399991,-12.8788379799999],[-74.77319935899999,-12.878635480999947],[-74.76917823399998,-12.872444605999931],[-74.76868635899996,-12.870419604999938],[-74.76533060899999,-12.868018605999964],[-74.76156985999995,-12.867526729999952],[-74.75643360899994,-12.869074105999914],[-74.75519923399997,-12.86940235599991],[-74.75194135899994,-12.87313472999989],[-74.74928523499995,-12.87310160599992],[-74.74838873399989,-12.874626980999892],[-74.74420898399995,-12.877931605999947],[-74.73864648399996,-12.877039104999938],[-74.73626560899993,-12.879267605999928],[-74.73343948399997,-12.879488230999982],[-74.73127535899988,-12.875583980999977],[-74.72726560899991,-12.873382855999921],[-74.72557623399996,-12.870656229999895],[-74.7260918589999,-12.86591210599994],[-74.72284573399997,-12.862703105999913],[-74.72174023399998,-12.85988673099996],[-74.71727935899992,-12.858845730999974],[-74.71545110899984,-12.854921855999919],[-74.71225385899999,-12.853695354999957],[-74.70935760899988,-12.854203105999886],[-74.70682423399995,-12.850581855999849],[-74.70493160899997,-12.850203104999935],[-74.70138873499991,-12.846808605999911],[-74.69918360899999,-12.8436426049999],[-74.69665235899998,-12.841039230999968],[-74.69554885899998,-12.838478480999981],[-74.69246485899998,-12.83843360499992],[-74.69015435899996,-12.836515605999978],[-74.68838873399994,-12.831621104999897],[-74.68332035899994,-12.826695354999913],[-74.67832810899995,-12.823369105999973],[-74.67401173399992,-12.825759730999948],[-74.67388098399994,-12.828576730999885],[-74.67021173399996,-12.83421747999995],[-74.66783048399992,-12.834978604999947],[-74.66505898399993,-12.837945230999935],[-74.66195573399995,-12.843390604999911],[-74.66218998399995,-12.847118480999882],[-74.66004298399997,-12.853149480999946],[-74.65736910899994,-12.854710855999883],[-74.65410960899999,-12.855159729999968],[-74.6604138589999,-12.868919604999917],[-74.66499260899997,-12.871790230999864],[-74.66619173399994,-12.876415855999937],[-74.66927560899995,-12.88138422999998],[-74.67209410899989,-12.88378497999986],[-74.67456873399993,-12.890110855999865],[-74.67963610899989,-12.897834855999974],[-74.68045698399999,-12.899874980999925],[-74.6778222339999,-12.898326229999952],[-74.67368948399991,-12.898683730999949],[-74.67071873399988,-12.898130855999966],[-74.66592973399986,-12.894908229999942],[-74.66431060899998,-12.892607480999914],[-74.65680073399983,-12.888165979999883],[-74.64970510899991,-12.881865230999892],[-74.64821873399995,-12.877812604999974],[-74.64456998399993,-12.87342622999995],[-74.64115998399996,-12.870734354999968],[-74.64069923399995,-12.867087855999898],[-74.63906635899991,-12.86336723099987],[-74.63751373399998,-12.862232480999978],[-74.63430073399996,-12.854292979999968],[-74.63444335899993,-12.848498105999909],[-74.63139260899993,-12.84693360599988],[-74.62841598399996,-12.843908230999943],[-74.62375198399997,-12.842374979999818],[-74.6181543589999,-12.845449355999904],[-74.61437110899988,-12.851025355999923],[-74.61400973399992,-12.85439648099998],[-74.61243560899999,-12.859695354999928],[-74.61095123399997,-12.860300729999835],[-74.60720898399995,-12.86672660499994],[-74.60291998399993,-12.870001980999973],[-74.60350585899988,-12.874003855999945],[-74.60248048399995,-12.876523480999879],[-74.60289048399989,-12.881601605999947],[-74.59992773399995,-12.88372460499994],[-74.59828510899996,-12.887224605999961],[-74.59676560899999,-12.8883574809999],[-74.59550785899995,-12.891693355999962],[-74.59273448399995,-12.894712854999966],[-74.58762110899994,-12.894162105999953],[-74.58033598399993,-12.896923855999944],[-74.57731623399997,-12.904494105999959],[-74.57815823399989,-12.908406230999901],[-74.57681835899996,-12.91167773099994],[-74.57475585899994,-12.914081980999924],[-74.57019923399986,-12.912441355999817],[-74.56920898399989,-12.909445355999821],[-74.56642573399989,-12.907001980999894],[-74.56455660899996,-12.902355480999915],[-74.5611894839999,-12.903064480999888],[-74.55857810899994,-12.900560605999942],[-74.55854498399998,-12.89430473099992],[-74.55677935899996,-12.893550729999902],[-74.55405473399998,-12.894349605999935],[-74.54935548399999,-12.897015604999979],[-74.54184573399993,-12.898679729999913],[-74.53459760899989,-12.900158229999931],[-74.53021873399996,-12.903531230999931],[-74.52659373399996,-12.903917980999893],[-74.5233576089999,-12.906593855999972],[-74.52064848399993,-12.907550730999901],[-74.51772460899997,-12.91287485499987],[-74.51446098399998,-12.91320123099996],[-74.50499610799989,-12.91868747999996],[-74.50406435899998,-12.922642604999908],[-74.50286523399996,-12.923890604999883],[-74.49871885899984,-12.923056730999974],[-74.48983785899998,-12.924341855999899],[-74.48433010899998,-12.926238230999957],[-74.48186523399988,-12.928583979999928],[-74.47706060899998,-12.92913473099992],[-74.47503910899997,-12.930904354999939],[-74.47392385799998,-12.935078105999878],[-74.47202735899998,-12.937734355999908],[-74.47127148399989,-12.942099604999896],[-74.46874998399988,-12.944246105999923],[-74.46806448399985,-12.946433605999914],[-74.46840623399999,-12.949933604999956],[-74.46661323299992,-12.9518651059999],[-74.46509373399988,-12.955361355999912],[-74.46083398399998,-12.960281230999954],[-74.45525785899991,-12.963904354999954],[-74.45317573399996,-12.96656635499994],[-74.44726560899994,-12.966708980999954],[-74.44646873399995,-12.965132855999911],[-74.44508010899995,-12.962933604999932],[-74.44168560799994,-12.963423855999906],[-74.44020510899992,-12.961683605999951],[-74.43897948299997,-12.957249604999902],[-74.43235548399997,-12.951710979999973],[-74.42908198399994,-12.95180273099993],[-74.42410935899989,-12.948980479999875],[-74.41898435799988,-12.948453104999942],[-74.41507035799992,-12.94728710599992],[-74.41108598399995,-12.944023479999828],[-74.40589448399993,-12.944156229999976],[-74.40056835899998,-12.943292980999956],[-74.39447260799983,-12.940586105999898],[-74.39236723399989,-12.938011729999971],[-74.39008198399989,-12.937255855999865],[-74.38765435899995,-12.939103479999972],[-74.37939060799994,-12.936462854999888],[-74.3770214839999,-12.93670122999987],[-74.37409185899998,-12.93537310499994],[-74.37288473399997,-12.931744105999883],[-74.36903323399997,-12.92751372999993],[-74.36642573299991,-12.926748104999888],[-74.36342973399996,-12.922914104999904],[-74.35873435899993,-12.920669979999957],[-74.35604885899994,-12.918593605999945],[-74.35490823399988,-12.91431248099991],[-74.35304098299997,-12.912283230999947],[-74.34581448399996,-12.90891010599995],[-74.34160348399996,-12.908203105999974],[-74.33644248299998,-12.906576354999913],[-74.33500585899992,-12.902481354999964],[-74.3324797329999,-12.900252355999896],[-74.32760860899992,-12.897445230999892],[-74.32518985899992,-12.893230480999875],[-74.32345123399995,-12.892142604999947],[-74.31944998299997,-12.88727998099995],[-74.32026735799997,-12.896375980999892],[-74.3227638589999,-12.901414229999943],[-74.3251241079999,-12.904546105999884],[-74.32630423299992,-12.911717730999897],[-74.33005998399989,-12.915419979999967],[-74.32852198299992,-12.922173105999889],[-74.3276728589999,-12.928390855999908],[-74.32340310899997,-12.930334105999918],[-74.32051998299988,-12.928599980999877],[-74.31503998399995,-12.931299979999835],[-74.30882998399994,-12.92867998099996],[-74.3035799839999,-12.92972998099998],[-74.29907335899998,-12.93269285599996],[-74.2960017339999,-12.93612648099986],[-74.29548048399994,-12.93873773099989],[-74.29832410899996,-12.942909604999954],[-74.29941998399994,-12.951889979999919],[-74.2992101079999,-12.958609980999938],[-74.2984199839999,-12.960169979999876],[-74.29748973399995,-12.967938980999918],[-74.2963299839999,-12.969109980999974],[-74.29347998299988,-12.97515998099982],[-74.29271598399993,-12.982391230999951],[-74.29207373399998,-12.987220979999961],[-74.29022998399995,-12.991289980999909],[-74.28575485899995,-12.998154355999816],[-74.2820754469999,-12.99977452099995],[-74.27904827499998,-13.002727296999979],[-74.27752003799992,-13.006410018999873],[-74.27777003799991,-13.008810019999942],[-74.27556003799992,-13.013040018999902],[-74.27364003899999,-13.014220019999925],[-74.27262003799996,-13.01668001999991],[-74.27403003899997,-13.02066001999998],[-74.27071003799983,-13.025680018999935],[-74.27162003799998,-13.03492001899997],[-74.27116003799995,-13.03829001899993],[-74.27496003899995,-13.043700018999914],[-74.27462003799997,-13.047080019999896],[-74.27280003899983,-13.04958001999995],[-74.27197003799989,-13.053410018999955],[-74.2724200379999,-13.057460018999961],[-74.2711500389999,-13.059380018999946],[-74.27117003799998,-13.062280018999957],[-74.2698900389999,-13.064410019999912],[-74.2706786359999,-13.067462945999978],[-74.27357003899994,-13.070980018999933],[-74.27738623399995,-13.07350910599996],[-74.28013685799988,-13.074185480999972],[-74.28407498399997,-13.072096230999932],[-74.28871948299991,-13.06594860599995],[-74.29452148399992,-13.063994605999824],[-74.29892288299993,-13.063815764999958],[-74.30292360899995,-13.061424355999975],[-74.31034885799994,-13.059605605999934],[-74.31613573399994,-13.05375860599986],[-74.3197581089999,-13.051924855999914],[-74.32474835799997,-13.04819723099996],[-74.32632660899998,-13.046333355999934],[-74.33133010899991,-13.043205105999903],[-74.33236723299996,-13.04176948099996],[-74.33463810899997,-13.035614980999924],[-74.33702335899989,-13.03240410599983],[-74.34174810899992,-13.028459230999943],[-74.34587635899999,-13.025844605999964],[-74.35494998399997,-13.024949980999907],[-74.3578399839999,-13.025799980999977],[-74.36240998399995,-13.022759980999979],[-74.36803735899997,-13.021172355999965],[-74.37618998399995,-13.025349980999977],[-74.37990998399988,-13.024489979999942],[-74.38125998299995,-13.027249980999954],[-74.38622998399995,-13.02930998099987],[-74.38923998399997,-13.034439979999945],[-74.38993998399997,-13.039609980999899],[-74.38947048399984,-13.041871730999901],[-74.39435998399995,-13.046979979999946],[-74.39661998399987,-13.05038997999992],[-74.40087998399991,-13.054409979999946],[-74.40389998399996,-13.059999980999976],[-74.40447998399998,-13.062799980999898],[-74.4061999839999,-13.06480998099994],[-74.40800998399999,-13.069269980999934],[-74.40659260899997,-13.070704855999907],[-74.40857060899992,-13.075953355999957],[-74.41110985899996,-13.078869980999968],[-74.40955998399994,-13.081569980999973],[-74.40992098399994,-13.088416729999892],[-74.41218948399995,-13.093462980999902],[-74.41055985899993,-13.096722230999944],[-74.41116673399989,-13.099441854999952],[-74.4107900379999,-13.10357001899996],[-74.41151003799996,-13.106000018999907],[-74.40847003899995,-13.109760018999964],[-74.4109200389999,-13.111460018999935],[-74.41087003899997,-13.119700018999879],[-74.40882003899998,-13.121560018999958],[-74.40172010799995,-13.122600105999936],[-74.40020003899997,-13.123990019999837],[-74.39425003799988,-13.12623001999998],[-74.39144003899997,-13.126320018999877],[-74.389250039,-13.128310018999969],[-74.38872003799992,-13.129660019999903],[-74.38937003899997,-13.134320018999915],[-74.38803003899994,-13.13718001899997],[-74.39026998399999,-13.143709980999972],[-74.38957002599989,-13.151750018999962],[-74.38978995999997,-13.153079977999937],[-74.39436001299993,-13.15574001899995],[-74.39834001299988,-13.160360018999938],[-74.39710001199995,-13.163300018999848],[-74.39775245799996,-13.168719480999926],[-74.40298233299995,-13.166335980999975],[-74.4077382079999,-13.161499980999963],[-74.41030858299996,-13.160275355999943],[-74.42042570799993,-13.159539105999954],[-74.42979495799995,-13.163484355999913],[-74.43254882399998,-13.16742959499993],[-74.43557865899993,-13.1687571679999],[-74.4392988329999,-13.171445355999936],[-74.44228320799994,-13.174615230999848],[-74.44927920799995,-13.178634730999875],[-74.45153908299989,-13.180992229999902],[-74.45403120799995,-13.185021480999865],[-74.45843883299995,-13.190038105999975],[-74.46256520799994,-13.189883355999882],[-74.46794920799988,-13.187718730999904],[-74.47270108299995,-13.189445355999965],[-74.47596683299997,-13.191677730999913],[-74.48198633299995,-13.192521480999915],[-74.48628908299997,-13.190785105999964],[-74.49194333299994,-13.187226605999967],[-74.49417183299994,-13.186595730999898],[-74.4993413329999,-13.188284480999926],[-74.50243595799998,-13.191482355999938],[-74.50684595799999,-13.19390660599987],[-74.51241658299995,-13.19377760599997],[-74.51705870799998,-13.196691855999916],[-74.51988283299988,-13.194638730999941],[-74.52310933299998,-13.190214855999955],[-74.52561133299997,-13.189593730999889],[-74.52840433299986,-13.191544980999936],[-74.53071670799994,-13.195517605999953],[-74.53660545799994,-13.196017605999941],[-74.53874220799997,-13.196798855999816],[-74.5422128329999,-13.200501979999956],[-74.5444725829999,-13.1993944809999],[-74.54623445799996,-13.196466855999972],[-74.55131758399989,-13.190324355999962],[-74.55317435899997,-13.188983331999907],[-74.55554708299996,-13.186796355999888]]]},"properties":{"ubigeo":"080300","nombre":"ANGARAES"}},{"type":"Feature","geometry":{"type":"Polygon","coordinates":[[[-75.50359648399996,-13.358327980999945],[-75.50291598499996,-13.365950105999957],[-75.50350573499992,-13.369171355999981],[-75.50522985999993,-13.371848231999934],[-75.51136110999994,-13.37698298099997],[-75.51384235899997,-13.380527730999972],[-75.51658935999995,-13.385933105999925],[-75.52234923499992,-13.39133848099982],[-75.52505335999996,-13.391477605999967],[-75.5304706099999,-13.389170855999964],[-75.53288223399994,-13.392456230999926],[-75.53382585999998,-13.395846480999865],[-75.53630735999997,-13.40045985599994],[-75.53678460999998,-13.403817855999932],[-75.53891773399994,-13.405012481999847],[-75.54510548499997,-13.404140605999828],[-75.54897723499994,-13.406440605999876],[-75.55179185999992,-13.406268230999899],[-75.55587010999994,-13.404774855999904],[-75.55784898499991,-13.402916105999964],[-75.57088323499994,-13.40234948099993],[-75.57920698499987,-13.40341198099992],[-75.58512210999999,-13.40266823199994],[-75.58947873499994,-13.397638606999976],[-75.59153310999994,-13.396646855999904],[-75.59291448499994,-13.393813230999854],[-75.59557098499988,-13.391263105999883],[-75.59897110999992,-13.389987980999877],[-75.60286735999989,-13.394663355999853],[-75.60506348499996,-13.399657480999963],[-75.60786160999993,-13.404297480999844],[-75.61359960999988,-13.409575105999977],[-75.61388298499998,-13.413435855999921],[-75.61494548499996,-13.416796230999978],[-75.61950585999989,-13.416929105999941],[-75.62194098499992,-13.414936730999955],[-75.62446460999996,-13.414493980999907],[-75.63048598499995,-13.414848230999894],[-75.6342391099999,-13.411872730999903],[-75.63715073499992,-13.416801980999935],[-75.6390663599999,-13.417721355999959],[-75.64218210999996,-13.417414730999894],[-75.64539410999998,-13.421990980999908],[-75.64879235999996,-13.42410173099995],[-75.64995323499988,-13.426085730999944],[-75.65339360999997,-13.427753105999898],[-75.65989448499988,-13.427141105999965],[-75.66244848499991,-13.42747873199994],[-75.66576223499999,-13.430328230999976],[-75.66941373499998,-13.430750355999976],[-75.6764633599999,-13.429716105999944],[-75.67979823499996,-13.431235730999902],[-75.68279010999998,-13.435850230999904],[-75.68928098499998,-13.439670106999927],[-75.69577085999993,-13.435507231999964],[-75.69851473499995,-13.430810980999865],[-75.70110035999994,-13.428146105999929],[-75.70273460999988,-13.42247748099993],[-75.70433635999996,-13.421629480999911],[-75.70786948499995,-13.42243035599995],[-75.70947123499991,-13.42177085599991],[-75.71216285999998,-13.416420230999961],[-75.71697185999994,-13.41548860599994],[-75.71935673499996,-13.412425855999857],[-75.72387560999994,-13.413404980999871],[-75.73035248499997,-13.411120480999955],[-75.73615148499988,-13.40981510599994],[-75.74051960999992,-13.405246105999879],[-75.74493810999985,-13.404794355999911],[-75.74817648499999,-13.407379980999963],[-75.74933123499989,-13.41031710599998],[-75.75214298499992,-13.41285273099993],[-75.75583948499997,-13.414079606999906],[-75.75825585999996,-13.413263730999972],[-75.76252348499992,-13.413765855999884],[-75.7662577349999,-13.412290980999956],[-75.76977235999993,-13.409717730999944],[-75.7719062349999,-13.41069060599989],[-75.77884123499996,-13.409247105999839],[-75.78323448499992,-13.406454105999956],[-75.78797298599994,-13.406516980999982],[-75.79016960999996,-13.404414480999947],[-75.79299385999997,-13.403724105999913],[-75.79713598499995,-13.404006605999939],[-75.80269035999999,-13.402845480999872],[-75.80680110999992,-13.400805730999934],[-75.80938860999998,-13.396846355999969],[-75.80884998499988,-13.393749105999973],[-75.80965798499994,-13.38885648199988],[-75.80781760999992,-13.38414348099991],[-75.80243123499986,-13.38194398099995],[-75.80117435999995,-13.380507605999924],[-75.79844923499996,-13.371197230999883],[-75.79506885999996,-13.361915980999981],[-75.79468548499995,-13.356645105999974],[-75.79305635999998,-13.350392105999958],[-75.79142723499996,-13.347301480999931],[-75.7902053599999,-13.342509855999936],[-75.78780948499991,-13.337526605999926],[-75.78447935999998,-13.332447480999974],[-75.78261060999989,-13.331656855999938],[-75.77923248499991,-13.330602730999942],[-75.77643985999987,-13.326168480999911],[-75.77224873499995,-13.324842730999933],[-75.76638935999995,-13.320694105999962],[-75.76224073599991,-13.319154480999941],[-75.76044448499988,-13.31731548099998],[-75.75911873499996,-13.312824730999978],[-75.75317060999993,-13.309108605999882],[-75.75060185999996,-13.311536230999934],[-75.74374935999998,-13.313588980999953],[-75.73920510999994,-13.312281230999929],[-75.73778510999989,-13.310005855999975],[-75.73343948499996,-13.310876855999823],[-75.73092773499997,-13.31030660599987],[-75.72468160999989,-13.305558480999935],[-75.72094710999988,-13.300894480999887],[-75.71429198499999,-13.295892230999982],[-75.71080460999997,-13.291323355999964],[-75.70648148499998,-13.288286855999957],[-75.70395960999997,-13.279228730999932],[-75.70401098499997,-13.275986355999976],[-75.70511760999995,-13.27251223099995],[-75.70341923499996,-13.266799605999893],[-75.70480873499997,-13.26203885599989],[-75.70411398499988,-13.25923385599998],[-75.70413973499996,-13.252054230999931],[-75.70532335999991,-13.246264230999941],[-75.70066573499992,-13.242301230999885],[-75.70079435999992,-13.23298585599997],[-75.70228685999996,-13.229460355999947],[-75.70244135999997,-13.22688698099995],[-75.70120610999999,-13.22436510599988],[-75.69695998499992,-13.218883855999877],[-75.69282073499994,-13.216303980999953],[-75.68943160999999,-13.21560348099996],[-75.68894935999998,-13.214274105999948],[-75.69172898499994,-13.207174855999881],[-75.69561510999995,-13.20408473099991],[-75.6984711099999,-13.198044980999896],[-75.70212298499996,-13.192520355999932],[-75.70586860999992,-13.18840023099989],[-75.70633673499992,-13.186761605999948],[-75.70312010999999,-13.177473605999978],[-75.69891398499993,-13.170797230999938],[-75.70064973499996,-13.166791355999976],[-75.69980860999988,-13.164347605999922],[-75.69544223499992,-13.159981480999875],[-75.69463285999996,-13.156939480999824],[-75.69676910999993,-13.154152229999966],[-75.69377398499984,-13.147504355999956],[-75.69520160999991,-13.14542060599996],[-75.69761960999995,-13.144211605999828],[-75.69854960999999,-13.142258604999881],[-75.70110710999995,-13.141747105999912],[-75.70784960999998,-13.142722605999893],[-75.70650923499988,-13.13924748099987],[-75.70650923499988,-13.135466230999896],[-75.70826823499988,-13.13244698099993],[-75.71040723499993,-13.121937980999974],[-75.71212773499991,-13.116171854999891],[-75.71412735999996,-13.113707355999907],[-75.71817773499998,-13.112080105999837],[-75.71876823499991,-13.109764730999927],[-75.71582310999997,-13.106267480999918],[-75.71410523499992,-13.102402105999943],[-75.71066935999994,-13.09841410599995],[-75.70956498499999,-13.09227860599998],[-75.70508598499998,-13.087186104999944],[-75.70459523499989,-13.085222730999874],[-75.70551548499992,-13.08043710499993],[-75.70410435999997,-13.079209980999906],[-75.69698723499994,-13.076755855999977],[-75.69496248499996,-13.074792480999974],[-75.69416485999994,-13.071479230999955],[-75.69404210999988,-13.066877605999878],[-75.69576010999992,-13.061539730999982],[-75.69563735999998,-13.058226479999973],[-75.69275373499988,-13.04896198099982],[-75.6866183599999,-13.043071980999912],[-75.6814643599999,-13.040556354999978],[-75.67631060999997,-13.042703855999832],[-75.67545160999987,-13.045341980999979],[-75.67704685999996,-13.048900604999972],[-75.67808985999994,-13.053440980999937],[-75.67637198499989,-13.05583373099995],[-75.6673527349999,-13.061355730999878],[-75.66324460999988,-13.064856855999949],[-75.66009123499992,-13.065191605999928],[-75.65251885999999,-13.07050385599996],[-75.64741598499995,-13.067771480999966],[-75.64025585999991,-13.062554855999963],[-75.63842973499999,-13.06301948099997],[-75.63498435999992,-13.06133785599991],[-75.63090035999988,-13.057884730999945],[-75.62860823499994,-13.057066730999907],[-75.62888148499991,-13.053432730999873],[-75.63079373499994,-13.050138480999976],[-75.63630085999995,-13.04369685599994],[-75.63803160999998,-13.040204480999876],[-75.63920610999992,-13.035846730999936],[-75.63858798499996,-13.029974605999882],[-75.6362699849999,-13.027934855999945],[-75.63036698499997,-13.024535230999959],[-75.62834260999989,-13.020034730999896],[-75.62574698499998,-13.01937073099998],[-75.62097835999998,-13.019672605999972],[-75.61946910999995,-13.013696605999883],[-75.61506260999988,-13.01007485599996],[-75.61190323499994,-13.009102104999954],[-75.60995023499999,-13.006763479999904],[-75.60840635999989,-13.002990479999937],[-75.61021085999988,-12.996867355999825],[-75.60908673499995,-12.994766979999952],[-75.60692735999999,-12.987282855999922],[-75.60337773499992,-12.983792229999949],[-75.60260848499996,-12.98018335599994],[-75.60493798499988,-12.97446310499987],[-75.6090054849999,-12.968472855999948],[-75.61439310999998,-12.964933355999904],[-75.61379723499988,-12.963674105999928],[-75.61435073499996,-12.957625980999978],[-75.61854448499992,-12.95127173099985],[-75.62209298499982,-12.949833354999953],[-75.62214523499995,-12.948602980999908],[-75.61820560899997,-12.945997729999931],[-75.6184174849999,-12.941697980999948],[-75.62440010999995,-12.938912729999913],[-75.6280969849999,-12.93496260499984],[-75.6273133599999,-12.929455605999976],[-75.62879598499995,-12.926066605999893],[-75.63303210999999,-12.92170335599991],[-75.63410660999995,-12.918112730999951],[-75.63612460999997,-12.916175229999851],[-75.63543810999988,-12.913200855999946],[-75.63286248499998,-12.911800605999929],[-75.63077460999995,-12.909073605999879],[-75.63051910999997,-12.903150855999911],[-75.62843223499993,-12.897479730999919],[-75.62374085999994,-12.892998229999932],[-75.62128510999986,-12.889775355999973],[-75.62100998499994,-12.887886855999966],[-75.61729873499996,-12.879133980999882],[-75.61309160999997,-12.866975354999909],[-75.61211160999994,-12.861521354999923],[-75.6128784849999,-12.85951873099998],[-75.60665485999994,-12.856439480999938],[-75.60374060999993,-12.855948980999926],[-75.59990285999993,-12.856901229999949],[-75.59536073499999,-12.854723230999923],[-75.59265185999993,-12.852074480999875],[-75.58657160999991,-12.851171480999938],[-75.58013023499996,-12.847438980999925],[-75.57340085999988,-12.844800604999875],[-75.57041110999995,-12.842858855999964],[-75.56612673499995,-12.83740322999995],[-75.56547935999993,-12.833759855999915],[-75.56171923499994,-12.829389479999975],[-75.56085610999992,-12.821190730999945],[-75.56128785999994,-12.817923605999965],[-75.55604873399989,-12.816641355999934],[-75.55111635999998,-12.82183798099993],[-75.54698610999992,-12.823101730999952],[-75.54387310999994,-12.821683854999947],[-75.54128398499995,-12.816998979999937],[-75.53990085999999,-12.816224604999888],[-75.53567435999997,-12.820142855999904],[-75.53108185999997,-12.822207855999977],[-75.52901673499997,-12.819433855999876],[-75.52584210899994,-12.812683854999932],[-75.52226673499996,-12.806211105999978],[-75.52165023499992,-12.79872135599993],[-75.52181585999995,-12.793671730999847],[-75.5202236099999,-12.788728729999946],[-75.51801348499993,-12.78782560499991],[-75.51389260999986,-12.788652355999943],[-75.50979148499988,-12.794363105999935],[-75.50755223499988,-12.795482729999947],[-75.50531285999995,-12.794391855999834],[-75.50023148499992,-12.793989979999878],[-75.49581023499985,-12.792554480999968],[-75.49411648499995,-12.796602480999866],[-75.49196323499996,-12.797434979999935],[-75.4795921089999,-12.7970164809999],[-75.48006860999999,-12.793472479999878],[-75.47940335899983,-12.788635105999958],[-75.47659973499992,-12.781174480999937],[-75.47484148499996,-12.778275729999962],[-75.47137248499996,-12.776897604999817],[-75.46795098499996,-12.778798479999978],[-75.46400698499991,-12.77732535499996],[-75.45051948499997,-12.775447229999884],[-75.44658398499996,-12.774177480999981],[-75.44200335999994,-12.77522222999994],[-75.44039610999988,-12.77699022999991],[-75.43790485999995,-12.783177980999938],[-75.43359548499996,-12.791421729999911],[-75.42553085999998,-12.797140980999927],[-75.41952348499996,-12.797223354999971],[-75.41392773399997,-12.794507730999896],[-75.41236423499993,-12.792285729999833],[-75.40792048499998,-12.79199785599991],[-75.3986216099999,-12.797758230999932],[-75.39261423499994,-12.803312854999888],[-75.39147748399995,-12.80610160499998],[-75.38543960899989,-12.808733480999933],[-75.38299360999991,-12.811210604999928],[-75.38026885999989,-12.812015605999818],[-75.37896835899994,-12.813966230999938],[-75.37791560999989,-12.818641730999957],[-75.37534573499988,-12.822635980999962],[-75.37130885999994,-12.825651605999894],[-75.37705673499988,-12.830864479999832],[-75.38041560999989,-12.834969730999944],[-75.38097535999992,-12.84255835599987],[-75.38047535899995,-12.843897229999982],[-75.37811248399993,-12.850722980999876],[-75.37596860999997,-12.855098479999981],[-75.37356198499998,-12.858161355999925],[-75.37001785999996,-12.864068355999905],[-75.36800510999996,-12.864374605999842],[-75.36542348499995,-12.866781230999948],[-75.36150585999997,-12.86799223099996],[-75.35885110899989,-12.870017354999902],[-75.35766823399996,-12.87241673099993],[-75.35783723499992,-12.87599885599991],[-75.35432273499993,-12.877553355999908],[-75.35276823499998,-12.880527104999942],[-75.35597860999997,-12.88248723099997],[-75.3571951099999,-12.884345854999879],[-75.36138560899997,-12.88772522999983],[-75.36050698399993,-12.89059772999991],[-75.35824273499998,-12.892997105999939],[-75.35546098399988,-12.899115230999882],[-75.35499923499987,-12.90439635499996],[-75.35241685899996,-12.90838310599986],[-75.34833948499994,-12.910195230999932],[-75.34608335899998,-12.917720230999976],[-75.34775060899989,-12.92119960499997],[-75.3545426099999,-12.928045980999968],[-75.34868560899997,-12.931177355999978],[-75.34110448499996,-12.933627854999884],[-75.3366479849999,-12.936511355999926],[-75.33477910999989,-12.936174354999821],[-75.33147210999994,-12.931625355999927],[-75.3301409849999,-12.930856230999893],[-75.32499423399997,-12.931654854999977],[-75.32171098499998,-12.931329480999977],[-75.31934473499996,-12.923550354999975],[-75.31848698499988,-12.916628855999818],[-75.31751885999995,-12.91310673099997],[-75.31488173499991,-12.910949105999975],[-75.31008698499994,-12.911308605999977],[-75.30752985899994,-12.909470729999953],[-75.30661085999992,-12.90447610599989],[-75.30489885999992,-12.904246230999945],[-75.29720048499996,-12.908183480999924],[-75.29537885999997,-12.910005230999957],[-75.29426235999995,-12.91400122999994],[-75.29212323499996,-12.915687355999978],[-75.2863763599999,-12.918575855999961],[-75.28062973499988,-12.917342230999964],[-75.27698885899991,-12.914223730999936],[-75.27557135999996,-12.909060230999842],[-75.27265548499992,-12.903668980999896],[-75.26982060899985,-12.900226605999933],[-75.26560885899988,-12.899619230999917],[-75.26658085999992,-12.896824729999878],[-75.26394835999997,-12.891762479999898],[-75.26293598399997,-12.886011730999883],[-75.25568685899998,-12.883622354999886],[-75.24981973399991,-12.879239980999955],[-75.24587473399998,-12.881543354999906],[-75.24306810999997,-12.885673729999894],[-75.23907023499999,-12.886891730999878],[-75.23681985999997,-12.888718479999852],[-75.23486048499996,-12.895470104999902],[-75.23215985899998,-12.896873355999844],[-75.22863248499993,-12.901786730999959],[-75.22440860899997,-12.903848729999936],[-75.222013985,-12.906708980999895],[-75.21862160899997,-12.908571480999967],[-75.21403723499998,-12.913209605999953],[-75.21335973399988,-12.916043980999916],[-75.21375735999993,-12.918397980999885],[-75.21213685899994,-12.921852605999845],[-75.21030260999999,-12.922586355999954],[-75.20782623399998,-12.91980435599993],[-75.2056556099999,-12.92053810599998],[-75.20189523399989,-12.92365635599998],[-75.19948010899998,-12.927355605999878],[-75.19822660999995,-12.933133730999941],[-75.1956586089999,-12.935793480999905],[-75.19309048399998,-12.940379354999948],[-75.19208173399988,-12.94728860499987],[-75.1898804839999,-12.947502604999897],[-75.18290998499998,-12.952118980999956],[-75.18174823499993,-12.956154480999885],[-75.17858410899998,-12.957247980999966],[-75.17460423499995,-12.954108104999875],[-75.16864435899993,-12.961627855999893],[-75.16796435999998,-12.963687854999876],[-75.16234448399996,-12.970727729999908],[-75.15864260999996,-12.976662730999976],[-75.15813198399991,-12.97954285599991],[-75.14727973399994,-12.975553980999905],[-75.14519960899997,-12.971653729999957],[-75.14557523399998,-12.968937980999954],[-75.14759748499995,-12.967926854999973],[-75.1497354839999,-12.965037730999939],[-75.149471109,-12.960056355999882],[-75.14782810999992,-12.958109605999937],[-75.14392948399995,-12.955510480999976],[-75.14140685999996,-12.954784354999958],[-75.13554060999996,-12.949393854999926],[-75.13339585899996,-12.946534229999884],[-75.13218010999998,-12.94329873099997],[-75.13260823399997,-12.941464104999966],[-75.13190498499995,-12.93678572999994],[-75.12750185999988,-12.932443855999963],[-75.12065035899991,-12.931834855999966],[-75.11852185999993,-12.933963480999921],[-75.11287885899998,-12.935101980999889],[-75.10406023499985,-12.929522480999935],[-75.10057110899999,-12.928739230999952],[-75.09176010899989,-12.929566855999951],[-75.08212148399997,-12.926207980999948],[-75.07876260899997,-12.92353060499994],[-75.07730223499993,-12.920561104999933],[-75.06902673499991,-12.919441480999922],[-75.06425610899998,-12.91754297999995],[-75.06245335999995,-12.915665480999962],[-75.05722873499991,-12.914255105999871],[-75.05450410899994,-12.916114229999948],[-75.04915123499995,-12.914960355999938],[-75.04444023399998,-12.915016730999923],[-75.04382735999997,-12.916364855999973],[-75.04628110899989,-12.91912310499987],[-75.04991510899998,-12.927316355999835],[-75.04911410999989,-12.931321605999926],[-75.04006860999993,-12.934058729999833],[-75.03703110999999,-12.939632980999818],[-75.03644560999993,-12.947556479999946],[-75.03783348399992,-12.954278980999959],[-75.03733673499994,-12.958619730999942],[-75.03525273399998,-12.962670854999942],[-75.03745360999994,-12.96469647999993],[-75.03854423399991,-12.967929605999927],[-75.03545073499993,-12.972811105999881],[-75.03429735899994,-12.973312605999979],[-75.0330283589999,-12.975352605999944],[-75.0326164839999,-12.979059480999979],[-75.03324498399996,-12.983307355999898],[-75.03464860999992,-12.98624323099989],[-75.03437585899991,-12.989406980999831],[-75.03170310899992,-12.995134605999965],[-75.02979560999995,-13.001441855999929],[-75.02997173399996,-13.003775479999945],[-75.03207860999999,-13.009063855999898],[-75.02953135899992,-13.014298605999954],[-75.02931123499991,-13.01865760599992],[-75.03236435899993,-13.021239855999966],[-75.03775610999992,-13.023525105999965],[-75.0359459849999,-13.029945105999957],[-75.0356017339999,-13.033990480999819],[-75.0389154849999,-13.03876748099998],[-75.03814085899995,-13.041521855999974],[-75.04012060899998,-13.044878730999926],[-75.03977623399999,-13.050258105999944],[-75.03530048399995,-13.055594605999886],[-75.03308923499998,-13.06183910599998],[-75.03496198399995,-13.067662230999872],[-75.03265398399992,-13.072118105999948],[-75.0310008589999,-13.078114730999971],[-75.03393435999999,-13.082984730999954],[-75.03619960999998,-13.083970355999895],[-75.03829323399987,-13.089413104999949],[-75.03538448399996,-13.093972730999894],[-75.03315035999998,-13.099756605999971],[-75.03185573399998,-13.100904979999882],[-75.02919485999996,-13.105861730999948],[-75.02336498399995,-13.108791230999941],[-75.01713798499998,-13.113520105999953],[-75.01545285999998,-13.113816105999945],[-75.00650173399993,-13.12228435599991],[-75.0024103589999,-13.123599355999943],[-75.00092485999994,-13.125109355999882],[-74.99732048399994,-13.131538605999935],[-74.99506060899989,-13.132779354999911],[-74.99213323399994,-13.137846105999927],[-74.98895498399992,-13.141519105999976],[-74.99144310899999,-13.144305605999875],[-74.99703048399994,-13.144116855999869],[-75.00428310899997,-13.146088105999922],[-75.01012248499995,-13.151183605999904],[-75.01172223499998,-13.1553109809999],[-75.01695235999989,-13.159949730999926],[-75.01860648399997,-13.162471480999955],[-75.0226376089999,-13.164664855999888],[-75.02826935999997,-13.162589980999883],[-75.03834723499989,-13.167836355999953],[-75.0410277339999,-13.170124854999926],[-75.04208985899993,-13.172722604999933],[-75.0458926099999,-13.178066355999931],[-75.04726898399991,-13.179135479999843],[-75.04910548399988,-13.186556480999968],[-75.05161510899995,-13.188056605999975],[-75.05448635899995,-13.187974605999955],[-75.05800185899994,-13.189828105999936],[-75.06032810999994,-13.188081980999868],[-75.06497610899987,-13.189616480999916],[-75.07740198399995,-13.196118855999941],[-75.08341448399995,-13.197855730999947],[-75.08711110899998,-13.199859980999975],[-75.0903982349999,-13.20020885599996],[-75.09486048399998,-13.201685980999969],[-75.1019418599999,-13.200973355999963],[-75.10381248399995,-13.197633105999898],[-75.10608385899997,-13.195584230999941],[-75.11093835899999,-13.193357605999836],[-75.114946735,-13.193936480999923],[-75.11695085899999,-13.196742355999959],[-75.11681723399994,-13.20324473099987],[-75.11922235899988,-13.210370730999898],[-75.12109285999986,-13.211929480999913],[-75.13374135899994,-13.215225230999863],[-75.14500923399993,-13.21776385599992],[-75.1512444839999,-13.21958985599997],[-75.15992923399995,-13.221460480999895],[-75.16799998399989,-13.22451173099995],[-75.16841798399992,-13.235607480999931],[-75.16827348399988,-13.248790980999956],[-75.16848810999994,-13.254887605999897],[-75.16922785899999,-13.259663480999905],[-75.16718298399996,-13.268815855999833],[-75.16392885999994,-13.273936855999978],[-75.16744298399993,-13.277484605999973],[-75.17438873399993,-13.281052855999974],[-75.17430698499993,-13.28519323099988],[-75.17585960899999,-13.286909230999925],[-75.18215173499993,-13.288952105999954],[-75.18403123399992,-13.290668105999828],[-75.18544760899988,-13.294236480999928],[-75.1919304839999,-13.301127855999937],[-75.19259098499992,-13.302951980999921],[-75.19671935999992,-13.30720798099992],[-75.20416748499997,-13.311974855999892],[-75.20523148499996,-13.313762355999927],[-75.20659323399985,-13.322061605999863],[-75.21059410899994,-13.331169605999946],[-75.21144535899992,-13.334616980999954],[-75.21097710899994,-13.338192105999838],[-75.20550548499989,-13.344433855999966],[-75.2082319839999,-13.351682355999856],[-75.21126135999998,-13.35746573099982],[-75.2155831099999,-13.362411730999952],[-75.21731198399988,-13.369038230999877],[-75.21846435999993,-13.370574980999947],[-75.21731198499998,-13.373936355999945],[-75.21759923499991,-13.376908980999872],[-75.22021123399998,-13.376908980999872],[-75.22439660899994,-13.37841948099998],[-75.22792110899996,-13.382006981999893],[-75.22880210899996,-13.386349730999939],[-75.23168410899996,-13.389674855999942],[-75.23561773499989,-13.396743105999974],[-75.23309760899991,-13.399447480999982],[-75.23291335999994,-13.401660105999952],[-75.23623235899993,-13.406023980999976],[-75.23703135999995,-13.408543980999923],[-75.23962023499996,-13.410761730999923],[-75.24352348399998,-13.410252605999972],[-75.24677373499986,-13.41228223099995],[-75.25207710899997,-13.413797480999904],[-75.25582735999996,-13.417471980999949],[-75.25885785999998,-13.41660073099996],[-75.26101710899991,-13.411713980999934],[-75.26310048499982,-13.409819980999885],[-75.26681285899986,-13.408115355999882],[-75.26972973499994,-13.405501480999874],[-75.27291173399988,-13.404743855999982],[-75.27723023499988,-13.402622605999909],[-75.28109410999997,-13.402130105999902],[-75.28476848499992,-13.402887730999907],[-75.29113260999998,-13.40167548099987],[-75.29378423399993,-13.402281605999917],[-75.29454185999998,-13.40489535599994],[-75.29340548499994,-13.410160855999948],[-75.29514798499997,-13.41428998099991],[-75.29802698499998,-13.416752230999975],[-75.30022398399996,-13.420275105999963],[-75.30291360999996,-13.428798355999959],[-75.30840635999988,-13.431147105999969],[-75.30969435999998,-13.433722855999918],[-75.30768423399991,-13.439962980999951],[-75.30886798399996,-13.446325856999977],[-75.31034773399995,-13.450247106999882],[-75.31252973499988,-13.45284473099997],[-75.31761923499994,-13.455879730999982],[-75.3228113589999,-13.456264855999962],[-75.3281139849999,-13.459986980999929],[-75.32959248499992,-13.460394855999937],[-75.33963685999993,-13.461006605999899],[-75.34131935899995,-13.46172048099993],[-75.34529085999992,-13.457711105999977],[-75.34891798499996,-13.452149355999893],[-75.3538993599999,-13.452487855999834],[-75.36187935999999,-13.456211855999925],[-75.36497448499995,-13.456792230999895],[-75.37411510899994,-13.454277480999849],[-75.37875798499994,-13.454519105999964],[-75.38519023499998,-13.456066730999908],[-75.39129385899997,-13.462506980999876],[-75.39441098499992,-13.463829230999863],[-75.39866160999992,-13.464396105999867],[-75.40380673399994,-13.467414731999952],[-75.40795385899997,-13.467147231999945],[-75.41384023499995,-13.469153855999878],[-75.4207522339999,-13.468128231999913],[-75.42474698499996,-13.468038856999897],[-75.43061723399995,-13.470022230999973],[-75.4346113599999,-13.469640605999928],[-75.4335054849999,-13.47339023099994],[-75.4331043599999,-13.477715730999876],[-75.43488798499999,-13.48239810699988],[-75.4344867349999,-13.489800480999975],[-75.43569073499998,-13.495285355999897],[-75.43974848499988,-13.497960855999963],[-75.44438635999984,-13.499298606999957],[-75.44795373499994,-13.501171605999957],[-75.45148198499993,-13.504404730999966],[-75.45614498499992,-13.503599355999938],[-75.45839160999992,-13.50410798099989],[-75.46075185999996,-13.506834855999955],[-75.46409635999993,-13.508529355999883],[-75.46837723499993,-13.513256230999957],[-75.47225685899997,-13.516333105999877],[-75.47495535999997,-13.519836605999956],[-75.47731048499986,-13.525484356999982],[-75.48453285899996,-13.526305980999837],[-75.4890234849999,-13.524263730999962],[-75.4934354849999,-13.52435748199997],[-75.4942167349999,-13.522585980999963],[-75.49062885999996,-13.519968731999938],[-75.48783210999994,-13.519935605999876],[-75.4837207349999,-13.51419348199994],[-75.48480860999996,-13.50947460599997],[-75.48451360999996,-13.504833981999923],[-75.48193160999995,-13.50119923099993],[-75.48120310999997,-13.49774810699995],[-75.47764060999998,-13.494736355999976],[-75.47606448399995,-13.491863230999911],[-75.47666798499989,-13.489185606999968],[-75.47563860999998,-13.487433605999968],[-75.47322660999998,-13.48666998099992],[-75.470449235,-13.484259730999895],[-75.46970310999995,-13.480400355999961],[-75.47131635999995,-13.478679730999886],[-75.46963473499989,-13.474251980999895],[-75.47082610999996,-13.469050731999971],[-75.4724569849999,-13.467048855999963],[-75.47343948499991,-13.46325973099988],[-75.47184573499999,-13.456271480999874],[-75.47231835999997,-13.452355481999973],[-75.4708672349999,-13.451589855999941],[-75.47110173499993,-13.448624980999966],[-75.47012698499987,-13.446402355999908],[-75.47044335899994,-13.442910106999875],[-75.46901935999995,-13.437839855999925],[-75.46570510999999,-13.434138730999962],[-75.46577535999995,-13.432160105999913],[-75.47162110999994,-13.426966855999922],[-75.47627535999999,-13.425439480999955],[-75.48100385999999,-13.420917980999945],[-75.48300198499993,-13.417460980999977],[-75.48633010999998,-13.413900355999886],[-75.48665823499994,-13.407869105999964],[-75.48864848499994,-13.404708980999942],[-75.48901948499991,-13.401064480999935],[-75.49139260899989,-13.396068356999933],[-75.49824998399998,-13.391152355999964],[-75.49981048399997,-13.389080105999938],[-75.4976852339999,-13.386908230999893],[-75.49235023499989,-13.378501731999961],[-75.49299673499996,-13.376427355999908],[-75.49655273499991,-13.373194730999955],[-75.49639110999993,-13.367322105999904],[-75.50039148499991,-13.35541760599989],[-75.50324385999994,-13.352765105999822],[-75.50359648399996,-13.358327980999945]]]},"properties":{"ubigeo":"080400","nombre":"CASTROVIRREYNA"}},{"type":"Feature","geometry":{"type":"Polygon","coordinates":[[[-74.80440235899988,-12.470839854999952],[-74.81074023399998,-12.47362110499995],[-74.81136510899995,-12.473919979999891],[-74.81348435899997,-12.474710979999884],[-74.81537698399995,-12.476148354999964],[-74.82089448399995,-12.480935605999946],[-74.81802935999997,-12.485572229999889],[-74.81834185899987,-12.48706448099989],[-74.82179098399996,-12.490331980999883],[-74.8212441089999,-12.494410105999975],[-74.82217973399997,-12.498515604999966],[-74.82607223399998,-12.499576229999946],[-74.82934973399995,-12.499206979999883],[-74.83266398399996,-12.498496104999958],[-74.83738473399995,-12.496960979999926],[-74.83934573399995,-12.498111354999821],[-74.84315823499998,-12.505308604999982],[-74.84412110999989,-12.50834185499997],[-74.84693560999989,-12.509896480999885],[-74.84763085999992,-12.510275479999962],[-74.84975198399997,-12.510353479999935],[-74.85067773399999,-12.510050730999922],[-74.85241223399998,-12.509671854999965],[-74.85283598399997,-12.510089854999876],[-74.8536836099999,-12.511984354999981],[-74.85376173399999,-12.512742229999958],[-74.85383785899995,-12.513121104999982],[-74.85430073399988,-12.514257730999873],[-74.85460748399998,-12.515017604999969],[-74.85815435899997,-12.518580104999899],[-74.85892573399997,-12.518960854999875],[-74.85954298399997,-12.519453104999968],[-74.86016010899993,-12.51994535499989],[-74.86077748399993,-12.520515604999844],[-74.86355273399988,-12.523054730999945],[-74.86432423399998,-12.52324410499989],[-74.86581835899995,-12.523705104999863],[-74.87245898499998,-12.527076230999967],[-74.87566010899997,-12.530867229999956],[-74.88186910899998,-12.532536979999975],[-74.8849179849999,-12.528634729999965],[-74.88461135899996,-12.523292979999951],[-74.88310748399994,-12.52071485499988],[-74.88287898499988,-12.517683604999888],[-74.88458785899996,-12.516146479999918],[-74.88908785899997,-12.516435605999959],[-74.89290435899989,-12.520832104999897],[-74.89487110899995,-12.522046854999871],[-74.89996285899997,-12.523601604999897],[-74.90543948399994,-12.523111355999959],[-74.90763673399994,-12.524626854999838],[-74.91461910899989,-12.526146479999966],[-74.92163673399995,-12.529595730999915],[-74.9247988589999,-12.532210979999945],[-74.92803910899994,-12.532781229999955],[-74.92928710899992,-12.534078105999981],[-74.93914848499998,-12.532669854999881],[-74.94385348399999,-12.533050729999957],[-74.94570510999989,-12.530966854999917],[-74.94783785999988,-12.526701229999958],[-74.94830073399999,-12.515501979999954],[-74.95089073499997,-12.511072229999911],[-74.95512110899995,-12.510542854999812],[-74.95866785999993,-12.513689479999925],[-74.96391410999996,-12.514712729999928],[-74.96588085899998,-12.511529355999812],[-74.9690819839999,-12.508158230999925],[-74.9763339839999,-12.506869104999964],[-74.98096098399992,-12.507058604999827],[-74.9833124839999,-12.505357604999858],[-74.9852812339999,-12.503914229999964],[-74.98900385899998,-12.503677729999936],[-74.9928769849999,-12.502242229999922],[-74.99689848399993,-12.499369104999971],[-75.00034960899984,-12.498394479999888],[-75.00215235899998,-12.496414104999815],[-75.00706248399996,-12.493226604999961],[-75.00792973499995,-12.487216854999929],[-75.00917773399993,-12.48329885499993],[-75.00947848499993,-12.476935604999937],[-75.00971085999998,-12.472564479999903],[-75.01387698499997,-12.464011729999982],[-75.01441798399998,-12.459548855999913],[-75.01919535899992,-12.454486354999915],[-75.02181635999989,-12.449865229999943],[-75.02085735999998,-12.443833980999955],[-75.02118360999998,-12.439904354999896],[-75.02335935899993,-12.438148479999938],[-75.02426760899993,-12.434714854999868],[-75.03163860899991,-12.431687479999937],[-75.03519723499994,-12.42910935499998],[-75.0349101089999,-12.424290979999967],[-75.0380038589999,-12.417007979999937],[-75.03987698499998,-12.413869104999833],[-75.04210935899994,-12.408150354999975],[-75.04631048399995,-12.407083979999925],[-75.05213473399988,-12.403121104999968],[-75.05505473499983,-12.403173855999967],[-75.06099410899998,-12.401521479999928],[-75.06341985899996,-12.39987310499987],[-75.06669535899994,-12.393955104999975],[-75.06953323399989,-12.393261730999882],[-75.07928910999993,-12.38967185499996],[-75.0829472339999,-12.389740229999916],[-75.08819335899994,-12.388664104999975],[-75.0909979839999,-12.387189479999904],[-75.09661523399996,-12.381609354999966],[-75.09804098399997,-12.379468729999871],[-75.10110935999995,-12.377210979999859],[-75.10404098399994,-12.379124979999858],[-75.10935935999998,-12.382337854999946],[-75.11387498499994,-12.382339854999941],[-75.11775785899988,-12.380761729999904],[-75.12369335999989,-12.380566354999928],[-75.12586723499999,-12.379251979999879],[-75.13100998499982,-12.378499854999916],[-75.1335699849999,-12.37193997999998],[-75.13313998499984,-12.367329854999923],[-75.1353499839999,-12.359759979999865],[-75.13503998399995,-12.355989979999947],[-75.1366099849999,-12.349129979999873],[-75.13823998399994,-12.347219979999977],[-75.14022998399992,-12.342099979999887],[-75.13855998399993,-12.33850997999997],[-75.13520998399997,-12.335269980999954],[-75.13051998399993,-12.33554997999994],[-75.12934985899994,-12.334359979999931],[-75.13047998399992,-12.328569979999884],[-75.12675498499993,-12.323717229999886],[-75.12393323399994,-12.317814354999825],[-75.12045685899989,-12.308000229999948],[-75.11619748399983,-12.307496854999954],[-75.1104362339999,-12.303464854999959],[-75.10374748399988,-12.295117729999959],[-75.09824923399998,-12.283603729999925],[-75.09845423399997,-12.282563229999823],[-75.10418873399993,-12.27832785499993],[-75.10522148399991,-12.271142229999953],[-75.10398873399998,-12.26541810499998],[-75.10107248399999,-12.258178104999956],[-75.10016748399988,-12.254457479999928],[-75.10044710899996,-12.25110060499992],[-75.09268935899996,-12.250469479999936],[-75.09165960999991,-12.249336729999982],[-75.09238048399999,-12.244445604999953],[-75.09029085999998,-12.241274604999944],[-75.08550960999997,-12.236727729999814],[-75.07961223399991,-12.23430322999991],[-75.07446373499988,-12.235641979999968],[-75.07162785899999,-12.235202604999927],[-75.07012710999999,-12.22987247999987],[-75.06849698399998,-12.227181604999885],[-75.06313710999996,-12.220911979999926],[-75.05979060899989,-12.211953604999906],[-75.05917273399996,-12.205775479999943],[-75.05845773399994,-12.205369479999945],[-75.05480610999996,-12.205341354999916],[-75.05228873499993,-12.205222854999874],[-75.04935660999996,-12.201342979999936],[-75.05119298499994,-12.197549104999894],[-75.05376410899999,-12.18763935499993],[-75.05099335899996,-12.178641104999883],[-75.05039035899989,-12.175581354999963],[-75.04832723499999,-12.170329729999935],[-75.04957760999997,-12.16629735499987],[-75.05197085899994,-12.16468585499996],[-75.0557179839999,-12.165226729999858],[-75.05971023399991,-12.162916479999922],[-75.06715923399992,-12.159382229999892],[-75.0726206089999,-12.15779997999988],[-75.07445810899998,-12.155656229999977],[-75.07449685899996,-12.151665729999934],[-75.07694535899998,-12.147145729999977],[-75.07660648399991,-12.143794729999968],[-75.07423435899995,-12.142476854999927],[-75.06901448399998,-12.142857229999947],[-75.06733260999988,-12.142158604999963],[-75.06474523499998,-12.139182979999873],[-75.06291973499998,-12.134715979999953],[-75.0631483599999,-12.133477729999981],[-75.06787873399998,-12.128647604999912],[-75.06772060999992,-12.125950229999944],[-75.06712573399983,-12.121096854999905],[-75.06508160899989,-12.11814722999992],[-75.06512773399999,-12.11529210499998],[-75.07055373499998,-12.114060104999908],[-75.07094685999988,-12.112932979999925],[-75.06911198399996,-12.108843729999933],[-75.06884573399992,-12.106232854999917],[-75.07130760899997,-12.102386479999893],[-75.06991685899993,-12.098796479999976],[-75.06581548399993,-12.093871104999948],[-75.06584160899996,-12.089481729999932],[-75.06875248399996,-12.08598872999994],[-75.07007585899993,-12.08291085499991],[-75.06949485899992,-12.075522354999919],[-75.07097335999993,-12.07213597999987],[-75.07378735899988,-12.06874960499988],[-75.07460660999999,-12.060146729999872],[-75.08457423499988,-12.056216354999947],[-75.08605448399999,-12.054830603999847],[-75.08573948399999,-12.051366229999928],[-75.08273473499997,-12.050312604999931],[-75.07931923499984,-12.046218979999878],[-75.0773887339999,-12.041872978999947],[-75.07539235899998,-12.04016485499983],[-75.07472485899984,-12.037975979999885],[-75.07184573399991,-12.036622979999947],[-75.06734835999993,-12.036154604999922],[-75.06744210899996,-12.03112197999991],[-75.06523260899996,-12.025405229999933],[-75.06231348499983,-12.024167854999973],[-75.06064710899989,-12.021966104999876],[-75.05350348399998,-12.01539310499993],[-75.05039635899993,-12.013070229999926],[-75.04705260999987,-12.011563604999878],[-75.0481544839999,-12.007139354999936],[-75.04826010899995,-12.002990979999879],[-75.04926323399997,-11.999849604999952],[-75.04754235999997,-11.998558979999927],[-75.0439296099999,-11.99837422999991],[-75.04022848499994,-11.999251979999883],[-75.03609348399993,-11.999251979999883],[-75.03313460899989,-12.001395603999981],[-75.03017248499992,-12.002344479999977],[-75.02681473399997,-12.002196354999967],[-75.02508648399993,-12.003973979999955],[-75.02217310899994,-12.004912229999945],[-75.02103735899993,-12.007529354999974],[-75.02259160899985,-12.012286979999885],[-75.02077885899996,-12.013287979999916],[-75.01577348499995,-12.011610604999873],[-75.01225623399989,-12.011231729999963],[-75.01036235899988,-12.015939479999929],[-75.00606048399993,-12.017806354999948],[-75.00059510999989,-12.01913210499987],[-74.99853885899995,-12.020836604999943],[-74.99637698499993,-12.020840979999946],[-74.99452623399992,-12.018921604999946],[-74.98966460999992,-12.017399728999976],[-74.97954648399997,-12.019299729999943],[-74.97637673399998,-12.020929104999936],[-74.97420673399995,-12.023690729999942],[-74.97035423399996,-12.023464854999872],[-74.96846048399993,-12.024645854999903],[-74.96563023499994,-12.024564354999825],[-74.95907010899992,-12.02288260499995],[-74.95675235899984,-12.019680103999974],[-74.95262898399989,-12.015811229999883],[-74.94883198499997,-12.018750479999824],[-74.94341685899991,-12.017241354999896],[-74.93901573399984,-12.018355604999897],[-74.93667035999994,-12.020480354999961],[-74.93037423399988,-12.022858354999869],[-74.92668360999988,-12.02811472999997],[-74.92000448399989,-12.032879104999893],[-74.91630985899991,-12.034278479999955],[-74.91089010899998,-12.035327104999851],[-74.90786685899997,-12.03652035499988],[-74.90285473399996,-12.04320322999996],[-74.89633098399992,-12.048878354999943],[-74.89153098399998,-12.050257353999882],[-74.88569673399996,-12.05343972999998],[-74.88085935999993,-12.053685604999941],[-74.87579923499993,-12.05976185399993],[-74.87201823399994,-12.062455229999841],[-74.8707741099999,-12.065991979999978],[-74.86020698399989,-12.066220729999827],[-74.85450610899994,-12.068063354999936],[-74.85097598399994,-12.069755104999956],[-74.84678910899993,-12.070460979999837],[-74.83737360899983,-12.0708184799999],[-74.83543573399999,-12.070099729999981],[-74.83185323399994,-12.06641647999993],[-74.83011998399996,-12.062599979999902],[-74.82311998399996,-12.05725997999997],[-74.81899998399996,-12.053629979999869],[-74.80928998399992,-12.056500104999941],[-74.80654998499995,-12.056509979999873],[-74.80144998499998,-12.0578499799999],[-74.7942799839999,-12.05828997899988],[-74.78630998399996,-12.056509978999884],[-74.77992998399998,-12.052999854999882],[-74.77144998399996,-12.052929979999874],[-74.76843998399994,-12.051879979999967],[-74.76310998399998,-12.051899979999916],[-74.75911998399982,-12.051119978999964],[-74.75486998399998,-12.04624997999997],[-74.74860998399993,-12.041419978999954],[-74.7435701089999,-12.040949978999947],[-74.7407199839999,-12.041999979999957],[-74.73401998499997,-12.04582997999995],[-74.73052998399993,-12.046939979999877],[-74.72480998499998,-12.05235997899996],[-74.7219399839999,-12.053319979999912],[-74.71998998399994,-12.056049978999908],[-74.72008662548768,-12.059026537787911],[-74.71955417729568,-12.05917869160912],[-74.71711522155769,-12.059400423546585],[-74.71539353790627,-12.05886756424636],[-74.71105773937583,-12.05729134997863],[-74.70788705205628,-12.05367763612274],[-74.70587497797219,-12.052255929734416],[-74.70411998399993,-12.05076997999987],[-74.7024999458542,-12.047940411111975],[-74.70214896562037,-12.04723954595275],[-74.70201185421739,-12.04708790716717],[-74.70190998399988,-12.046909979999953],[-74.70138895219213,-12.046399006721305],[-74.69972616406578,-12.04456004098484],[-74.69915738547613,-12.044282508342908],[-74.69470998399993,-12.041889979999837],[-74.69189010999986,-12.041719979999982],[-74.68819998399988,-12.039449979999915],[-74.68421999628116,-12.038575453550536],[-74.6827812599354,-12.03688133819034],[-74.68228677040679,-12.0344205800929],[-74.68256492190514,-12.03121633385497],[-74.68176339852099,-12.02907109273234],[-74.67917389793506,-12.025523060444314],[-74.67918574658981,-12.025386285755912],[-74.68008062525219,-12.02083923111698],[-74.67915260201715,-12.01774082217317],[-74.67314210108908,-12.014563015011401],[-74.67182519011662,-12.013126065778659],[-74.66980928009059,-12.01006287032008],[-74.6686748414654,-12.009497114349251],[-74.66845135899996,-12.00923360499985],[-74.66236668145477,-12.006130765172097],[-74.66065986616569,-12.00422241645208],[-74.66021543521386,-11.99945760760015],[-74.65893089317912,-11.99474016535954],[-74.65766716916472,-11.99169146190571],[-74.65715284015698,-11.992603560451874],[-74.65547848399996,-11.992282478999925],[-74.65085960899995,-11.994792729999972],[-74.64890873399992,-11.994893229999946],[-74.64695785899988,-11.992253729999959],[-74.64269760899998,-11.988667604999875],[-74.64045985899992,-11.987677853999969],[-74.63571185899991,-11.987061103999906],[-74.63181010899996,-11.985339729999964],[-74.62416460899993,-11.985181979999936],[-74.62209898399988,-11.986530354999957],[-74.62108048399989,-11.98898335499996],[-74.6172504839999,-11.990059104999887],[-74.61432423399998,-11.98780697899997],[-74.6125454839999,-11.987979104999908],[-74.60801273399994,-11.992569353999954],[-74.60736723399992,-11.996657479999953],[-74.60355160899996,-11.999540729999978],[-74.60154335899989,-11.99916772999984],[-74.59731173399996,-11.996600104999914],[-74.59385473399993,-11.996284604999857],[-74.59246310899988,-11.994979229999956],[-74.59287923399995,-11.991292728999895],[-74.59465798399998,-11.98744835499997],[-74.59283623399995,-11.986616354999967],[-74.58457385899993,-11.98635822999995],[-74.58203485899992,-11.987936104999903],[-74.5737724839999,-11.984823354999946],[-74.57170685899996,-11.984808978999979],[-74.56922523399999,-11.994583353999872],[-74.56695885899995,-11.99746360499995],[-74.5624689839999,-11.99766447899998],[-74.5576779839999,-12.000949354999818],[-74.5538479839999,-11.99998835499997],[-74.55199748399991,-11.997004604999916],[-74.54899948399992,-11.996990353999877],[-74.54574335899997,-11.99866860499992],[-74.54356298399989,-11.999012853999886],[-74.5425014839999,-12.000475978999816],[-74.53918785899998,-12.005066229999898],[-74.53631898399993,-12.008250729999872],[-74.53441123399995,-12.009297854999943],[-74.5304951089999,-12.013242604999903],[-74.5290751089999,-12.014662729999884],[-74.52775535899997,-12.015408604999891],[-74.52378198399992,-12.015508979999936],[-74.52168760899991,-12.016326604999904],[-74.51733773399991,-12.017773604999888],[-74.51373360899993,-12.018347479999875],[-74.51280910899993,-12.01870035499985],[-74.51232023399996,-12.018963604999954],[-74.51083498399993,-12.020918729999892],[-74.50968810899997,-12.021511104999888],[-74.50840023399991,-12.021520478999946],[-74.5052604839999,-12.020185604999881],[-74.50275998399997,-12.020213853999905],[-74.50200785899983,-12.020420729999898],[-74.50057885899997,-12.021163354999885],[-74.49962023399996,-12.021821354999872],[-74.49868948399995,-12.023315979999893],[-74.49797510899992,-12.025346479999882],[-74.4974862339999,-12.026389979999976],[-74.49723248399994,-12.02670022999996],[-74.4944388589999,-12.028137104999928],[-74.49401410899992,-12.028121728999906],[-74.49237360899991,-12.028031979999923],[-74.49006923399992,-12.029172479999886],[-74.4888753589999,-12.030676604999826],[-74.4886968589999,-12.032622479999873],[-74.48837723399993,-12.033195979999903],[-74.48622448399988,-12.033910354999932],[-74.48363460899998,-12.03210985499993],[-74.48185723299991,-12.02755647999993],[-74.47946310899982,-12.02715985499998],[-74.47878748399995,-12.028129354999919],[-74.47806773399992,-12.029010729999925],[-74.4766283589999,-12.029627604999973],[-74.47454260899991,-12.029363229999944],[-74.47321398399993,-12.027911103999884],[-74.4728131089999,-12.02738447999991],[-74.4714303589999,-12.02701422999985],[-74.46989260799995,-12.027534479999815],[-74.46770385899993,-12.030855479999957],[-74.46753623399991,-12.03111110499998],[-74.46545048399992,-12.033872604999942],[-74.46311510899994,-12.035120979999931],[-74.45704885899994,-12.034004729999936],[-74.45618223399993,-12.03375497999997],[-74.45393498399994,-12.034386604999838],[-74.45346485799996,-12.035429479999948],[-74.4528039839999,-12.037412354999901],[-74.45162885899992,-12.039439354999843],[-74.45159948399998,-12.04104035399996],[-74.45206960899998,-12.04233297999997],[-74.4533621089999,-12.045521729999962],[-74.45306835899993,-12.048620979999953],[-74.45265698399999,-12.049105729999837],[-74.44935223299996,-12.04892947999997],[-74.44691398299983,-12.046990604999962],[-74.44525410899996,-12.045095854999943],[-74.44381473399989,-12.044669854999881],[-74.44288935899988,-12.04594772999991],[-74.44310960899998,-12.046388353999873],[-74.44306560899992,-12.047019979999902],[-74.44149398399998,-12.049267229999941],[-74.43998260899991,-12.051558354999884],[-74.43956973399992,-12.052945229999978],[-74.44034823399994,-12.0551426049999],[-74.43861498299998,-12.059873729999936],[-74.43729310899994,-12.062400104999881],[-74.43551585899996,-12.065264354999897],[-74.43357698399996,-12.069362354999953],[-74.43091835899997,-12.071359979999954],[-74.42687910899991,-12.069538603999888],[-74.42223760899992,-12.067349978999914],[-74.42088623399985,-12.067805354999905],[-74.41969648399999,-12.068789479999907],[-74.4184479839999,-12.071697729999926],[-74.41463748299992,-12.075849604999917],[-74.41420398399993,-12.076721979999888],[-74.41446748399989,-12.078674729999875],[-74.41448223399993,-12.080349103999879],[-74.41412960899999,-12.081700479999938],[-74.41402685899993,-12.083611479999888],[-74.41458498399993,-12.084551354999917],[-74.41586285899996,-12.085535604999848],[-74.41819835899992,-12.08701910499991],[-74.41890523399996,-12.087583229999893],[-74.4194174839999,-12.091352104999885],[-74.41952023399989,-12.093775854999876],[-74.41922648399992,-12.094701104999956],[-74.41793398399983,-12.097080604999917],[-74.41552360899988,-12.099345729999925],[-74.41398485899992,-12.099821228999929],[-74.41244760899991,-12.101067479999926],[-74.41237985899988,-12.10112372999987],[-74.41237498399994,-12.101980479999895],[-74.41199460899992,-12.10188222999983],[-74.41030998399987,-12.106485229999919],[-74.40663810899991,-12.107203603999949],[-74.40140985899995,-12.103332229999921],[-74.39969360899988,-12.10325247999998],[-74.39769810899998,-12.104689229999849],[-74.39526348399988,-12.108999604999951],[-74.39278960899992,-12.11075097999992],[-74.38853560899992,-12.11336772999988],[-74.38458648399984,-12.116396229999907],[-74.38149423399989,-12.118298854999864],[-74.37835998399999,-12.12121360499998],[-74.37590560899986,-12.125245604999918],[-74.37320098399982,-12.127649854999959],[-74.36796685899998,-12.132007479999913],[-74.3657879829999,-12.134336479999888],[-74.36491148299996,-12.135688854999955],[-74.36348398399997,-12.137842604999832],[-74.36165598399998,-12.138618979999933],[-74.36042873299988,-12.138693979999914],[-74.3587257339999,-12.137116354999876],[-74.35744498399998,-12.135832604999962],[-74.35642685899995,-12.135509604999868],[-74.35426798399993,-12.13551347999993],[-74.35304085899992,-12.135864104999882],[-74.3514743589999,-12.137575604999938],[-74.35163835899988,-12.141548979999982],[-74.35226448399999,-12.144053354999812],[-74.35231460899996,-12.144829729999913],[-74.35230623399991,-12.147255479999899],[-74.35276685899998,-12.14829447999989],[-74.35292960899989,-12.148401604999947],[-74.35379210899993,-12.1486113549999],[-74.35819323299984,-12.148695854999971],[-74.3587257339999,-12.149112229999957],[-74.36097960899997,-12.152993979999962],[-74.36130523399993,-12.15522285499992],[-74.36045373399998,-12.15761960499998],[-74.35704785899992,-12.162252604999878],[-74.3563716079999,-12.163104104999888],[-74.35463598399991,-12.16425247999996],[-74.35329735799985,-12.164545604999887],[-74.3503601089999,-12.16466172999992],[-74.3489837329999,-12.164706854999906],[-74.34567798399985,-12.165959104999956],[-74.3443456089999,-12.167411854999898],[-74.3432988589999,-12.169089479999968],[-74.3444258589999,-12.172770979999939],[-74.34617998399989,-12.170499979999875],[-74.34743998399995,-12.16999997999983],[-74.34825985899994,-12.168289979999827],[-74.3489699839999,-12.168029979999972],[-74.3515999839999,-12.16810997999994],[-74.35480998399993,-12.171089979999863],[-74.35709998399989,-12.17222997999994],[-74.36043998399992,-12.17337997999988],[-74.3627499829999,-12.175489979999838],[-74.36492998299997,-12.175279854999872],[-74.36734998399993,-12.175959979999845],[-74.3695899839999,-12.177910104999967],[-74.3721599829999,-12.177789979999886],[-74.37567998399993,-12.176489979999815],[-74.37782998399985,-12.175929979999921],[-74.37833998299993,-12.175929979999921],[-74.38150998399993,-12.178169979999893],[-74.38209998399998,-12.17860997999992],[-74.38170998399988,-12.180199979999827],[-74.38033998399993,-12.182269979999944],[-74.38007998399985,-12.183479979999959],[-74.38145998399989,-12.18613997999995],[-74.38363998399996,-12.184939979999967],[-74.38529998399991,-12.186099979999938],[-74.38741562190063,-12.188272068432354],[-74.38741998299992,-12.188299979999897],[-74.38758998399993,-12.189759979999906],[-74.38875998399993,-12.191419979999921],[-74.38887998399991,-12.192189979999966],[-74.38709998399997,-12.19496997999994],[-74.38722998299983,-12.196569979999822],[-74.38709998399997,-12.196829854999919],[-74.38430998399997,-12.199499979999928],[-74.38348998399988,-12.201679979999938],[-74.38323998399983,-12.202639979999958],[-74.38263998399992,-12.203529979999871],[-74.37995998399987,-12.206059979999964],[-74.38000998399991,-12.206749979999927],[-74.38051998399999,-12.208709979999924],[-74.38022998399998,-12.20908997999993],[-74.37920998399989,-12.209919979999938],[-74.37778998399989,-12.212679979999962],[-74.37714998399991,-12.214589979999971],[-74.37715998399983,-12.221169979999956],[-74.37778998399989,-12.223909979999917],[-74.37680998399998,-12.226339979999977],[-74.37622998399996,-12.228329979999955],[-74.37610998399998,-12.22973997999992],[-74.37626998399998,-12.230129979999958],[-74.3774699839999,-12.231189979999897],[-74.37819998399988,-12.232109979999905],[-74.37949998399989,-12.233019979999881],[-74.38061998299992,-12.234329979999927],[-74.38338998399996,-12.237739979999901],[-74.38526985899989,-12.239069979999897],[-74.38545998299992,-12.241729979999889],[-74.3876699839999,-12.24447997999988],[-74.3882099839999,-12.246409979999953],[-74.39004998399992,-12.248499979999963],[-74.39319998299993,-12.25172997999988],[-74.39370998399994,-12.252939979999894],[-74.39371998399997,-12.256559979999906],[-74.39369998399985,-12.256729979999932],[-74.39324998399991,-12.258819979999771],[-74.39237998399994,-12.26100997999987],[-74.3907099839999,-12.262809979999929],[-74.38896998399997,-12.26447997999992],[-74.38696998299997,-12.265770104999888],[-74.38508998399993,-12.268059979999919],[-74.3854199839999,-12.272769979999964],[-74.38747998399998,-12.274379979999878],[-74.39116998399993,-12.275729979999937],[-74.39377998399988,-12.279299979999905],[-74.39783998399992,-12.283919979999894],[-74.40096998399997,-12.286069979999809],[-74.4061099839999,-12.28987997999991],[-74.40641998399997,-12.290169979999916],[-74.40867998399983,-12.293439979999846],[-74.41028998399992,-12.297949979999885],[-74.41264998399987,-12.301389979999954],[-74.4163769913086,-12.304772457871593],[-74.41985911742421,-12.301290683822003],[-74.42007907876575,-12.298761076357891],[-74.42255746740403,-12.292968228967652],[-74.42931537973857,-12.291084845770456],[-74.43221460437405,-12.288877054824468],[-74.43232632731412,-12.286768885255185],[-74.43543920639632,-12.284877759424546],[-74.43662850170313,-12.28013630144153],[-74.43995633608444,-12.277929300255266],[-74.44007266618542,-12.273607306470637],[-74.44457909365372,-12.271613489165418],[-74.4503682937958,-12.271308897791414],[-74.45305143583795,-12.269732956362418],[-74.45594547459666,-12.26984413653355],[-74.46140576687549,-12.273122959121736],[-74.46344206578846,-12.273337794438191],[-74.4697702321431,-12.271557956948016],[-74.47469977119766,-12.272305394807006],[-74.47726852563767,-12.274313303025167],[-74.4798866144672,-12.278468125953736],[-74.48508755221133,-12.277596156805828],[-74.48733647375127,-12.278760005259869],[-74.48915377235824,-12.281398925220117],[-74.49482893694778,-12.28478292580752],[-74.49696355119653,-12.289741646867242],[-74.49770617147914,-12.29385443123141],[-74.49613749686051,-12.295143869139508],[-74.49595574890282,-12.298588875856126],[-74.49712183325272,-12.299548061394944],[-74.49916422325731,-12.300317440433446],[-74.50283660899998,-12.302673729999924],[-74.50710235899999,-12.312464479999846],[-74.51392748399991,-12.312220729999922],[-74.51543060899985,-12.311123854999835],[-74.51721810899994,-12.306858229999875],[-74.52006185899995,-12.304014354999936],[-74.52362523299985,-12.30425347999983],[-74.52493698399991,-12.303526854999916],[-74.52581048399992,-12.302107479999904],[-74.52916198399993,-12.301048729999877],[-74.53025898399983,-12.300479979999977],[-74.53504885899991,-12.295003854999834],[-74.53620848399993,-12.294641854999838],[-74.53814023399991,-12.293776730999923],[-74.54134973399988,-12.29369547999994],[-74.54277160899994,-12.293654854999886],[-74.5455341089999,-12.292151729999944],[-74.54935298399994,-12.289714229999959],[-74.55211723399987,-12.28733985499997],[-74.55544685899997,-12.28808910499987],[-74.55804698399999,-12.290811104999932],[-74.56032185899988,-12.297636229999966],[-74.56190423399988,-12.29918360499994],[-74.56564260899995,-12.301144479999891],[-74.56617198399988,-12.303404979999982],[-74.56808398399988,-12.306310604999965],[-74.57222523399997,-12.309783229999937],[-74.57356585899998,-12.313886479999894],[-74.57478460899989,-12.319573979999916],[-74.58009385899999,-12.322986354999898],[-74.58101460899996,-12.325387854999917],[-74.58063473399989,-12.328714729999945],[-74.58033785899994,-12.33107235499989],[-74.58117698399991,-12.33266935499995],[-74.57913148399996,-12.336149229999933],[-74.5784408589999,-12.339805604999867],[-74.57563773399988,-12.345980604999909],[-74.57458148399996,-12.357030854999834],[-74.57531273399991,-12.36320585599998],[-74.57510960899998,-12.369908979999934],[-74.57598998399999,-12.373169979999886],[-74.5823632339999,-12.370220729999971],[-74.58608598399991,-12.365261729999872],[-74.59658010899994,-12.36127147999997],[-74.59944135899997,-12.36049810499992],[-74.60356248399995,-12.359970729999873],[-74.60592573399992,-12.360706979999975],[-74.61437885899988,-12.361134730999936],[-74.61833010899988,-12.363058604999935],[-74.62085548399995,-12.366986354999938],[-74.62498635899988,-12.368496104999963],[-74.61938873399998,-12.376353479999977],[-74.61633210899998,-12.383953104999932],[-74.61328910899988,-12.388408230999971],[-74.61054685899984,-12.389714854999966],[-74.60719323399991,-12.392740229999902],[-74.60514448399994,-12.396570354999938],[-74.60284373399992,-12.397345729999927],[-74.60088085899997,-12.399910104999947],[-74.59917973399996,-12.405107479999913],[-74.5974569839999,-12.407175729999892],[-74.59729498399992,-12.410015604999955],[-74.59951760899997,-12.412431604999824],[-74.59941998399995,-12.41698047999995],[-74.59676948399994,-12.423035105999816],[-74.5961172339999,-12.428343729999938],[-74.59673435899998,-12.433580104999919],[-74.59590623399993,-12.440062479999938],[-74.59465998399992,-12.442085979999945],[-74.59609185899996,-12.444638729999951],[-74.59534760899999,-12.4499628559999],[-74.59147073399993,-12.452589854999928],[-74.59174873399996,-12.455601729999898],[-74.58918148399988,-12.460816479999892],[-74.58733623399996,-12.462581479999926],[-74.5878978589999,-12.464988354999946],[-74.58742585899995,-12.471154354999953],[-74.59295223399994,-12.474535354999944],[-74.59776573399995,-12.475096980999922],[-74.59920985899998,-12.471165854999924],[-74.60217823399995,-12.468758980999894],[-74.60636485899994,-12.470582104999949],[-74.61830385899992,-12.477503730999956],[-74.63350410899994,-12.484802104999972],[-74.63578998399998,-12.487024604999874],[-74.63712348399991,-12.49131085599987],[-74.63864748399999,-12.492644229999883],[-74.63437973399994,-12.494693230999872],[-74.63163760899988,-12.497952729999952],[-74.63091323399982,-12.500746605999893],[-74.63184448399994,-12.5049374809999],[-74.6293609839999,-12.507989979999877],[-74.63059748399996,-12.512479605999829],[-74.63326335899995,-12.514034479999964],[-74.63623960899997,-12.518392479999932],[-74.64166048399989,-12.517276354999979],[-74.64511498399997,-12.518764479999902],[-74.64607160899999,-12.52078397999992],[-74.6452212339999,-12.524132229999964],[-74.64676248399996,-12.525460855999938],[-74.65080160899993,-12.524716854999895],[-74.65704998399991,-12.521839979999982],[-74.66375998399991,-12.521529980999901],[-74.67046998399991,-12.52603997999995],[-74.6748399839999,-12.527119980999885],[-74.6781299839999,-12.526059979999843],[-74.68114998399994,-12.526589979999926],[-74.69020998399992,-12.524089979999928],[-74.69121998399999,-12.524379979999935],[-74.69296873399992,-12.521132854999905],[-74.6961757339999,-12.520915979999927],[-74.70138873399992,-12.52153710499988],[-74.70479685899988,-12.523558605999824],[-74.70675385899983,-12.52207810599998],[-74.70812110899988,-12.517058604999875],[-74.70775973399992,-12.514052729999946],[-74.71004498399998,-12.51105272999996],[-74.71024410899997,-12.508230480999885],[-74.70869335899988,-12.50559372999993],[-74.70930860899989,-12.503753854999957],[-74.71331248399997,-12.502906230999884],[-74.71782810999997,-12.5043222299999],[-74.72009760899988,-12.5007422299999],[-74.71698435899998,-12.499148479999917],[-74.71807423399997,-12.497179855999946],[-74.72110935899991,-12.497796854999933],[-74.72263085899988,-12.49483198099989],[-74.72122848399994,-12.490146479999908],[-74.72193160899991,-12.487480354999946],[-74.72648635899992,-12.486470729999894],[-74.73016998399999,-12.484132854999928],[-74.73479098399997,-12.483035105999932],[-74.73804885899995,-12.483552729999872],[-74.74420510899995,-12.483414105999941],[-74.74555660899995,-12.485179729999913],[-74.75095123399984,-12.48466797999987],[-74.75146285899996,-12.481693354999948],[-74.75356060899998,-12.478304729999877],[-74.76710948399989,-12.475314479999895],[-74.77243360899996,-12.470617105999906],[-74.77594335999993,-12.466197229999977],[-74.7796894839999,-12.46384960499995],[-74.78453123399993,-12.463816354999949],[-74.78857810899996,-12.465257854999948],[-74.79123823399993,-12.46418360499996],[-74.79670310899996,-12.466050729999836],[-74.79905660899988,-12.46815035499992],[-74.80288473399992,-12.46966210599993],[-74.80440235899988,-12.470839854999952]]]},"properties":{"ubigeo":"080500","nombre":"TAYACAJA"}},{"type":"Feature","geometry":{"type":"Polygon","coordinates":[[[-75.25852910999993,-14.043166230999873],[-75.26101835999992,-14.040993856999876],[-75.25958760999987,-14.037866606999955],[-75.2558302349999,-14.03389485699995],[-75.25032160899997,-14.029619480999884],[-75.24744385899999,-14.024768606999885],[-75.24103085999997,-14.020082231999936],[-75.23651810999996,-14.014420606999977],[-75.23301848499995,-14.007262105999928],[-75.23232910999991,-14.004769980999981],[-75.23520235899997,-14.003138481999883],[-75.23936685899986,-14.004365481999969],[-75.24094360899994,-14.001590730999908],[-75.2446379839999,-14.000142981999943],[-75.24728398499997,-14.0002427309999],[-75.24873185899997,-13.998645231999888],[-75.25267573499997,-13.998145981999812],[-75.25637160999997,-14.001302481999858],[-75.26081335999993,-14.004136855999889],[-75.26715373499997,-14.00728210699998],[-75.2708863599999,-14.010628606999944],[-75.27625435999988,-14.008542981999938],[-75.2777758599999,-14.008594230999904],[-75.28541760999991,-14.011500481999974],[-75.29577760899991,-14.012628856999982],[-75.30171785999988,-14.013852981999833],[-75.30662973399996,-14.015706355999953],[-75.30978073499983,-14.015567481999938],[-75.31334873499998,-14.017328356999883],[-75.31904848499988,-14.018996481999977],[-75.32229198399995,-14.019228230999943],[-75.32396010999992,-14.018301355999938],[-75.32901098399998,-14.018023356999834],[-75.33322773399988,-14.015984480999975],[-75.34762498399988,-14.00489848199993],[-75.35068535999989,-13.999808605999874],[-75.35568360999991,-13.995765606999953],[-75.35343685999999,-13.992428606999965],[-75.35580473499988,-13.987800731999869],[-75.35885735999994,-13.984142606999967],[-75.35967185999993,-13.98069335699995],[-75.35908410899998,-13.976398856999879],[-75.35921873499996,-13.97150385599997],[-75.36574023499998,-13.968548856999973],[-75.37335548499988,-13.965785105999942],[-75.37636910999998,-13.965283230999887],[-75.38168948499992,-13.962763731999871],[-75.38373698499998,-13.96050335599989],[-75.38548723499991,-13.956726231999937],[-75.39052860999988,-13.949529605999942],[-75.39588085999998,-13.944699231999948],[-75.40167060999994,-13.945364981999944],[-75.40536035899999,-13.943574856999874],[-75.40899998499992,-13.93697260699986],[-75.41191598499995,-13.935802730999967],[-75.41481835999997,-13.931382981999946],[-75.41543160899988,-13.927375106999875],[-75.41933398499998,-13.923966855999936],[-75.4253183589999,-13.921289105999904],[-75.42886723499998,-13.91730273199994],[-75.43103510999987,-13.917052730999956],[-75.43381635999992,-13.913900356999875],[-75.44398823399996,-13.912960981999959],[-75.4456698599999,-13.909664105999866],[-75.45128710899996,-13.907144481999921],[-75.45415035999991,-13.908005856999978],[-75.45754885999997,-13.90546085699998],[-75.46059373499997,-13.908841855999867],[-75.46323635999994,-13.90706623099993],[-75.46525785899996,-13.907316356999956],[-75.46677735999998,-13.910351480999964],[-75.46824023499988,-13.910320356999875],[-75.47438860899996,-13.912556605999896],[-75.47725585999996,-13.911816356999964],[-75.47749760999989,-13.910020605999875],[-75.48233985999997,-13.910367230999952],[-75.49185735999998,-13.90423435699995],[-75.49243360999998,-13.903287106999812],[-75.49926535999998,-13.90059060699997],[-75.50224023499993,-13.901410106999947],[-75.50394823399995,-13.89724010599997],[-75.50674760999993,-13.896878606999962],[-75.5110596099999,-13.892194605999919],[-75.51415385899998,-13.890681105999931],[-75.51785348499993,-13.887452356999972],[-75.52206010999998,-13.885114730999817],[-75.52928710999993,-13.885249981999891],[-75.53753123499996,-13.88841410599997],[-75.53926760999991,-13.887443355999949],[-75.54550210999997,-13.889482480999959],[-75.54725973499995,-13.888945231999855],[-75.55025985999993,-13.88590023099988],[-75.54999023499988,-13.88137110599996],[-75.55196673499995,-13.879775355999982],[-75.55550223499989,-13.879051355999934],[-75.55669535999994,-13.876087106999933],[-75.56008023499987,-13.870927105999897],[-75.55949773499998,-13.863265980999927],[-75.5629639849999,-13.85927523099997],[-75.56331360999997,-13.857440105999899],[-75.56618548499989,-13.854054730999849],[-75.56430410999997,-13.845467730999871],[-75.56482835999998,-13.843486981999945],[-75.56337698499988,-13.840869231999932],[-75.55866598499989,-13.840455106999912],[-75.55207423499996,-13.838716855999905],[-75.55121673499997,-13.836548855999922],[-75.54422848499996,-13.835615231999952],[-75.54190035999994,-13.832744106999883],[-75.53594135999992,-13.828851606999876],[-75.53497660999994,-13.823970730999974],[-75.53059373399998,-13.82082423099996],[-75.52792773499993,-13.820984356999872],[-75.52487848499993,-13.817899230999956],[-75.52486123499995,-13.81311748099995],[-75.52617573499998,-13.800549356999909],[-75.52752235999998,-13.79695835699988],[-75.53265223499994,-13.79455373099995],[-75.53627510999996,-13.794521730999975],[-75.53835910999999,-13.792822481999906],[-75.54028285999988,-13.787211606999904],[-75.54153323499997,-13.781440605999876],[-75.53884010999997,-13.779516855999873],[-75.53819885999997,-13.776759481999932],[-75.53948135999991,-13.771950231999881],[-75.53752560999993,-13.76582648099992],[-75.53758973399982,-13.762395855999955],[-75.54230273499996,-13.759029481999846],[-75.54871510999999,-13.756913356999974],[-75.55458235899988,-13.749571230999948],[-75.55095935999998,-13.747903980999979],[-75.54602185999994,-13.743639855999959],[-75.54169360999998,-13.7442488559999],[-75.53736523499998,-13.745884106999938],[-75.53323623499995,-13.744745730999966],[-75.52943985999997,-13.740066855999942],[-75.5280532349999,-13.73458835699995],[-75.52906785999994,-13.728433480999968],[-75.52622723399998,-13.725254605999964],[-75.52565223499994,-13.722210980999932],[-75.5194634849999,-13.7192011059999],[-75.51858423499982,-13.717949855999962],[-75.5180048599999,-13.711538980999933],[-75.51624160899996,-13.710004356999889],[-75.51625785999988,-13.707297981999943],[-75.51758673499995,-13.705239855999935],[-75.51580910999996,-13.698798481999972],[-75.51591048499995,-13.69639310599996],[-75.5107954849999,-13.692012355999964],[-75.50758360999998,-13.686535230999937],[-75.50164885999993,-13.687128731999962],[-75.50046198499996,-13.685990980999975],[-75.499868484,-13.68035310699986],[-75.49774185999996,-13.677583605999928],[-75.49620873499998,-13.673330355999838],[-75.49259835999993,-13.673429356999861],[-75.48859248499997,-13.676099980999936],[-75.48859248499997,-13.673874355999885],[-75.48671173499986,-13.668885855999974],[-75.48553460899996,-13.657369855999889],[-75.4845621099999,-13.654708480999943],[-75.4848692349999,-13.650972230999969],[-75.48799123499992,-13.646365980999974],[-75.48809360999996,-13.643192730999885],[-75.4902943599999,-13.64073598099992],[-75.49239285999988,-13.635362105999889],[-75.49444010899998,-13.633007731999953],[-75.4986459839999,-13.6303888569999],[-75.50184023499997,-13.626994355999955],[-75.50393098499995,-13.62594885599998],[-75.50567323499996,-13.62298698099994],[-75.50860610999996,-13.621447855999975],[-75.51400710999991,-13.617092230999845],[-75.51727835999986,-13.61212885599997],[-75.51948273499988,-13.602847980999968],[-75.51696860999988,-13.59802398099987],[-75.51286035899989,-13.595178480999891],[-75.51095998499994,-13.588899980999827],[-75.5096909849999,-13.565427855999928],[-75.50378998499991,-13.565119980999953],[-75.50107610999999,-13.567152355999951],[-75.49582185899999,-13.567053856999962],[-75.47731048499986,-13.525484356999982],[-75.47495535999997,-13.519836605999956],[-75.47225685899997,-13.516333105999877],[-75.46837723499993,-13.513256230999957],[-75.46409635999993,-13.508529355999883],[-75.46075185999996,-13.506834855999955],[-75.45839160999992,-13.50410798099989],[-75.45614498499992,-13.503599355999938],[-75.45148198499993,-13.504404730999966],[-75.44795373499994,-13.501171605999957],[-75.44438635999984,-13.499298606999957],[-75.43974848499988,-13.497960855999963],[-75.43569073499998,-13.495285355999897],[-75.4344867349999,-13.489800480999975],[-75.43488798499999,-13.48239810699988],[-75.4331043599999,-13.477715730999876],[-75.4335054849999,-13.47339023099994],[-75.4346113599999,-13.469640605999928],[-75.43061723399995,-13.470022230999973],[-75.42474698499996,-13.468038856999897],[-75.4207522339999,-13.468128231999913],[-75.41384023499995,-13.469153855999878],[-75.40795385899997,-13.467147231999945],[-75.40380673399994,-13.467414731999952],[-75.39866160999992,-13.464396105999867],[-75.39441098499992,-13.463829230999863],[-75.39129385899997,-13.462506980999876],[-75.38519023499998,-13.456066730999908],[-75.37875798499994,-13.454519105999964],[-75.37411510899994,-13.454277480999849],[-75.36497448499995,-13.456792230999895],[-75.36187935999999,-13.456211855999925],[-75.3538993599999,-13.452487855999834],[-75.34891798499996,-13.452149355999893],[-75.34529085999992,-13.457711105999977],[-75.34131935899995,-13.46172048099993],[-75.33963685999993,-13.461006605999899],[-75.32959248499992,-13.460394855999937],[-75.3281139849999,-13.459986980999929],[-75.3228113589999,-13.456264855999962],[-75.31761923499994,-13.455879730999982],[-75.31252973499988,-13.45284473099997],[-75.31034773399995,-13.450247106999882],[-75.30886798399996,-13.446325856999977],[-75.30768423399991,-13.439962980999951],[-75.30969435999998,-13.433722855999918],[-75.30840635999988,-13.431147105999969],[-75.30291360999996,-13.428798355999959],[-75.30022398399996,-13.420275105999963],[-75.29802698499998,-13.416752230999975],[-75.29514798499997,-13.41428998099991],[-75.29340548499994,-13.410160855999948],[-75.29454185999998,-13.40489535599994],[-75.29378423399993,-13.402281605999917],[-75.29113260999998,-13.40167548099987],[-75.28476848499992,-13.402887730999907],[-75.28109410999997,-13.402130105999902],[-75.27723023499988,-13.402622605999909],[-75.27291173399988,-13.404743855999982],[-75.26972973499994,-13.405501480999874],[-75.26681285899986,-13.408115355999882],[-75.26310048499982,-13.409819980999885],[-75.26101710899991,-13.411713980999934],[-75.25885785999998,-13.41660073099996],[-75.25582735999996,-13.417471980999949],[-75.25207710899997,-13.413797480999904],[-75.24677373499986,-13.41228223099995],[-75.24352348399998,-13.410252605999972],[-75.23962023499996,-13.410761730999923],[-75.23703135999995,-13.408543980999923],[-75.23623235899993,-13.406023980999976],[-75.23291335999994,-13.401660105999952],[-75.23309760899991,-13.399447480999982],[-75.23561773499989,-13.396743105999974],[-75.23168410899996,-13.389674855999942],[-75.22880210899996,-13.386349730999939],[-75.22792110899996,-13.382006981999893],[-75.22439660899994,-13.37841948099998],[-75.22021123399998,-13.376908980999872],[-75.21759923499991,-13.376908980999872],[-75.21731198499998,-13.373936355999945],[-75.21846435999993,-13.370574980999947],[-75.21731198399988,-13.369038230999877],[-75.2155831099999,-13.362411730999952],[-75.21126135999998,-13.35746573099982],[-75.2082319839999,-13.351682355999856],[-75.20550548499989,-13.344433855999966],[-75.21097710899994,-13.338192105999838],[-75.21144535899992,-13.334616980999954],[-75.21059410899994,-13.331169605999946],[-75.20659323399985,-13.322061605999863],[-75.20523148499996,-13.313762355999927],[-75.20416748499997,-13.311974855999892],[-75.19671935999992,-13.30720798099992],[-75.19259098499992,-13.302951980999921],[-75.1919304839999,-13.301127855999937],[-75.18544760899988,-13.294236480999928],[-75.18403123399992,-13.290668105999828],[-75.18215173499993,-13.288952105999954],[-75.17585960899999,-13.286909230999925],[-75.17430698499993,-13.28519323099988],[-75.17438873399993,-13.281052855999974],[-75.16744298399993,-13.277484605999973],[-75.16392885999994,-13.273936855999978],[-75.16718298399996,-13.268815855999833],[-75.16922785899999,-13.259663480999905],[-75.16848810999994,-13.254887605999897],[-75.16827348399988,-13.248790980999956],[-75.16841798399992,-13.235607480999931],[-75.16799998399989,-13.22451173099995],[-75.15992923399995,-13.221460480999895],[-75.1512444839999,-13.21958985599997],[-75.14500923399993,-13.21776385599992],[-75.13374135899994,-13.215225230999863],[-75.12109285999986,-13.211929480999913],[-75.11922235899988,-13.210370730999898],[-75.11681723399994,-13.20324473099987],[-75.11695085899999,-13.196742355999959],[-75.114946735,-13.193936480999923],[-75.11093835899999,-13.193357605999836],[-75.10608385899997,-13.195584230999941],[-75.10381248399995,-13.197633105999898],[-75.1019418599999,-13.200973355999963],[-75.09486048399998,-13.201685980999969],[-75.0903982349999,-13.20020885599996],[-75.08711110899998,-13.199859980999975],[-75.08341448399995,-13.197855730999947],[-75.07740198399995,-13.196118855999941],[-75.06497610899987,-13.189616480999916],[-75.06032810999994,-13.188081980999868],[-75.05800185899994,-13.189828105999936],[-75.05448635899995,-13.187974605999955],[-75.05161510899995,-13.188056605999975],[-75.04910548399988,-13.186556480999968],[-75.04726898399991,-13.179135479999843],[-75.0458926099999,-13.178066355999931],[-75.04208985899993,-13.172722604999933],[-75.0410277339999,-13.170124854999926],[-75.03834723499989,-13.167836355999953],[-75.02826935999997,-13.162589980999883],[-75.0226376089999,-13.164664855999888],[-75.01860648399997,-13.162471480999955],[-75.01695235999989,-13.159949730999926],[-75.01172223499998,-13.1553109809999],[-75.01012248499995,-13.151183605999904],[-75.00428310899997,-13.146088105999922],[-74.99703048399994,-13.144116855999869],[-74.99144310899999,-13.144305605999875],[-74.98895498399992,-13.141519105999976],[-74.98788123399999,-13.15019760599995],[-74.98715935899997,-13.15153823099996],[-74.9878124839999,-13.156281855999964],[-74.98543648399993,-13.162164479999944],[-74.9818656089999,-13.164650480999853],[-74.97739060899994,-13.165690105999886],[-74.97350335899989,-13.164605355999925],[-74.96881498399995,-13.167903480999883],[-74.96532348399995,-13.169427730999871],[-74.96216473399994,-13.175551354999925],[-74.95881185899998,-13.176881355999853],[-74.95511548399992,-13.18185123099994],[-74.94925610899998,-13.180999730999815],[-74.94301898399993,-13.181548605999922],[-74.93527535899989,-13.18518385599998],[-74.93275873399995,-13.181204480999952],[-74.92562048399998,-13.182969105999973],[-74.92232585899995,-13.185440230999973],[-74.91299123399995,-13.184452480999937],[-74.91045785899996,-13.1810224809999],[-74.91176510899993,-13.178085605999911],[-74.91185110999993,-13.17279410599997],[-74.91325785999999,-13.167466855999976],[-74.90866073399991,-13.167842855999936],[-74.89916685999998,-13.166567480999902],[-74.89687460999994,-13.165421355999968],[-74.89703373399988,-13.162173730999939],[-74.89512348399995,-13.159435605999931],[-74.8874821099999,-13.159021605999953],[-74.8839764839999,-13.161229105999894],[-74.87710885999996,-13.162724480999941],[-74.86905998399993,-13.160126480999907],[-74.86146948399994,-13.156534980999936],[-74.85940635899993,-13.156764230999954],[-74.85359898399992,-13.154573855999843],[-74.85145923399989,-13.152765230999933],[-74.84868285899995,-13.148002105999922],[-74.84511685899997,-13.145225605999883],[-74.84142360899989,-13.143722980999883],[-74.82906998399994,-13.147798355999953],[-74.82909548399994,-13.150982229999954],[-74.82608973399994,-13.158088730999964],[-74.8206644839999,-13.161349105999875],[-74.81455135899995,-13.162469855999973],[-74.81039948399996,-13.16476223099994],[-74.80612035899992,-13.164482105999866],[-74.80255435899994,-13.16786973099994],[-74.79783048399997,-13.168400480999878],[-74.79529173499998,-13.167271605999929],[-74.79250198399995,-13.16751073099988],[-74.78817123499994,-13.164959980999981],[-74.78681610899997,-13.159938354999952],[-74.78272448399991,-13.157228355999905],[-74.77119610899996,-13.159630605999894],[-74.76514948399989,-13.16165973099993],[-74.76051810999996,-13.160958605999895],[-74.75634810899999,-13.165534605999824],[-74.75479810899998,-13.169907605999981],[-74.75005073399996,-13.172794980999981],[-74.74768560899992,-13.176390605999927],[-74.74165035899989,-13.175181605999967],[-74.73963085899993,-13.174119105999921],[-74.73433898399998,-13.175244730999964],[-74.72980073399998,-13.17821198099989],[-74.72480848399994,-13.177503980999916],[-74.72164085899993,-13.179189605999966],[-74.71981623399995,-13.185752605999937],[-74.72173635899992,-13.188999355999897],[-74.71901335899997,-13.192979105999939],[-74.71646485899998,-13.19420110599998],[-74.71569685899993,-13.196016355999973],[-74.7208287339999,-13.199926355999935],[-74.72173635899992,-13.210364480999942],[-74.72149198399995,-13.214553855999895],[-74.72264398399989,-13.218079730999875],[-74.72665873499989,-13.221361355999875],[-74.72515760899995,-13.225445855999965],[-74.72547173399994,-13.226877230999946],[-74.73077823399996,-13.231101355999954],[-74.72679835899999,-13.238293105999901],[-74.72596060899997,-13.241190480999933],[-74.72355173399995,-13.244786230999978],[-74.72100323399997,-13.259867605999943],[-74.72411023399997,-13.262381105999964],[-74.72582085999994,-13.26527873099991],[-74.72682785899997,-13.272109730999944],[-74.72408098399995,-13.278860605999967],[-74.7238946089999,-13.284726855999963],[-74.72212410899988,-13.289642105999917],[-74.71753835899995,-13.290008980999914],[-74.71361748399994,-13.292049855999949],[-74.70579873399993,-13.290628105999872],[-74.70086910899983,-13.291613980999841],[-74.69470123399992,-13.289894355999934],[-74.68940908699994,-13.28646396199997],[-74.68377457399993,-13.288963340999885],[-74.68170191699994,-13.291470169999911],[-74.67805492799988,-13.292141191999917],[-74.67646433699991,-13.294991853999818],[-74.6750870589999,-13.300823836999882],[-74.6733103709999,-13.30294490599988],[-74.67310809899988,-13.306805272999895],[-74.67094408299988,-13.309079730999883],[-74.67175795899988,-13.31251585599989],[-74.67003342499993,-13.317807702999971],[-74.6656328339999,-13.320146559999955],[-74.66558029499998,-13.322826045999875],[-74.66765870899991,-13.326260230999878],[-74.66601229499992,-13.328472819999888],[-74.66009366699996,-13.333010630999922],[-74.65388504299989,-13.33515544699992],[-74.65129756299996,-13.333572883999977],[-74.64441995799996,-13.336990480999873],[-74.63778883299983,-13.34130060599989],[-74.63540758299996,-13.342174730999943],[-74.63282997099998,-13.34478010599986],[-74.63876998399991,-13.346579980999934],[-74.64271998399988,-13.34937998099997],[-74.64679998399998,-13.351329980999935],[-74.65192998399988,-13.350719980999884],[-74.65812998399986,-13.35148998099993],[-74.65914985899997,-13.353509980999888],[-74.66242998399991,-13.355079855999918],[-74.66687985899995,-13.352999980999982],[-74.67238885899997,-13.351294605999897],[-74.67816998399991,-13.350659981999968],[-74.68454998399994,-13.35277998099997],[-74.68781998399999,-13.352799980999976],[-74.69186985899995,-13.357959980999965],[-74.69440998399989,-13.359239980999973],[-74.69607998399994,-13.361549980999882],[-74.69945998499992,-13.36350998099988],[-74.70451998399983,-13.364159980999943],[-74.70845998399994,-13.364059980999912],[-74.71355998399997,-13.362959980999847],[-74.71827998399993,-13.363789980999968],[-74.71991998399994,-13.362649980999947],[-74.72830723399994,-13.36219410599989],[-74.73435460899992,-13.357403980999948],[-74.73854598399998,-13.352853480999954],[-74.73674973399994,-13.344830105999904],[-74.73932623399998,-13.339236355999901],[-74.74519223399994,-13.338124105999896],[-74.749024234,-13.334052480999958],[-74.75225748399998,-13.328244605999942],[-74.75752648399998,-13.325071105999825],[-74.75962223399989,-13.325071105999825],[-74.7623222339999,-13.326943355999902],[-74.76419923399999,-13.330138605999878],[-74.76494535899997,-13.334660105999887],[-74.76386323399998,-13.341392605999886],[-74.77008785899994,-13.34632810599993],[-74.77880585899999,-13.34833598099982],[-74.78665998399998,-13.348159855999882],[-74.79363998399998,-13.351669980999873],[-74.79871998399994,-13.352319980999937],[-74.8042499849999,-13.355659980999974],[-74.80887998399999,-13.357419980999964],[-74.8121099839999,-13.357539980999945],[-74.81808998399998,-13.355339980999872],[-74.82192998399984,-13.356539980999969],[-74.83328998399998,-13.356439980999937],[-74.83733998399998,-13.354919980999966],[-74.84148998399996,-13.354959980999979],[-74.84670998399997,-13.353279980999957],[-74.85205998499993,-13.353829980999933],[-74.85399998399998,-13.355389980999917],[-74.85855998399995,-13.355599980999898],[-74.86195998499983,-13.35921998099991],[-74.86874998499997,-13.359899980999955],[-74.8705799839999,-13.36141998099987],[-74.87244998399996,-13.365059980999945],[-74.87588998399997,-13.36856998099995],[-74.87849998399992,-13.37425998099991],[-74.88178998399991,-13.377349980999952],[-74.8841599839999,-13.37784998099994],[-74.88769998499998,-13.380019980999975],[-74.89010998499998,-13.385629980999909],[-74.89221998399995,-13.38754998099995],[-74.89772010899992,-13.395309980999969],[-74.89461998399992,-13.40249010599996],[-74.89474998399993,-13.405539980999947],[-74.8934999839999,-13.408179980999932],[-74.89265998499997,-13.414459981999926],[-74.8953699839999,-13.417479980999872],[-74.89564998399999,-13.420879980999928],[-74.89801998399997,-13.42456998199998],[-74.90357998499991,-13.42945998099998],[-74.90452998399991,-13.436779980999916],[-74.90165998399993,-13.439929980999977],[-74.90182998499989,-13.443119980999938],[-74.89976998399999,-13.452289980999979],[-74.90091998399993,-13.45556998099994],[-74.9024399839999,-13.456819980999967],[-74.90309998399982,-13.462549980999881],[-74.90209998399996,-13.46643998099995],[-74.89795998399995,-13.469009980999886],[-74.8940399839999,-13.469869980999874],[-74.89042998399998,-13.469789980999849],[-74.88327998399984,-13.475099980999971],[-74.87578998399988,-13.474459980999882],[-74.87184998399994,-13.475629980999884],[-74.8681699839999,-13.479239980999978],[-74.8621799849999,-13.481789980999906],[-74.85686998399996,-13.487369980999858],[-74.85549998399989,-13.490019980999932],[-74.85505998399992,-13.494499980999933],[-74.85261998499993,-13.49699998099993],[-74.84757998499998,-13.499309980999953],[-74.84737998499998,-13.503499980999948],[-74.84521998399987,-13.508339855999964],[-74.84007998399994,-13.51161998099991],[-74.83897998399993,-13.513289980999957],[-74.83886998399998,-13.516539980999937],[-74.84040998399996,-13.519839980999961],[-74.83712998399983,-13.524799980999944],[-74.83270998399996,-13.52717998099996],[-74.83185998499988,-13.53218998099993],[-74.8295599839999,-13.534299980999833],[-74.82522998399992,-13.53513010699993],[-74.82155998399998,-13.537009981999972],[-74.81582998399995,-13.535369980999974],[-74.81131998399991,-13.538439980999897],[-74.80856998399992,-13.542059980999909],[-74.80425998399994,-13.545509980999896],[-74.7995699839999,-13.547469980999892],[-74.79468998399983,-13.553239980999933],[-74.79119998399989,-13.559939980999957],[-74.79131998499997,-13.564390105999848],[-74.78607998399991,-13.572439981999935],[-74.7861999839999,-13.573819855999886],[-74.78241998399994,-13.578509980999911],[-74.77990823399989,-13.582162105999942],[-74.77696285899998,-13.588669980999896],[-74.77572660899995,-13.593623105999825],[-74.77507035899998,-13.599148605999858],[-74.77237560899994,-13.60364673099997],[-74.77138823399997,-13.606498855999973],[-74.77150260899992,-13.61364348099994],[-74.77407585899994,-13.619991605999928],[-74.77742160899993,-13.624489230999927],[-74.77797660899995,-13.630001980999964],[-74.77600198399989,-13.633544730999972],[-74.77484960899994,-13.638751980999814],[-74.77970898399991,-13.642960980999874],[-74.78115135899998,-13.648183730999847],[-74.78076735899992,-13.650980980999918],[-74.77879285899996,-13.655423730999871],[-74.77802498399996,-13.663650980999932],[-74.77397073399987,-13.671626980999918],[-74.7743501089999,-13.677801855999974],[-74.77374673399999,-13.684932105999906],[-74.77248523399999,-13.691513980999957],[-74.77456948399993,-13.69513398099997],[-74.77473398399997,-13.700728355999956],[-74.77425385899994,-13.704244106999965],[-74.77539123399998,-13.710538480999958],[-74.77369198399998,-13.716963605999979],[-74.77248523399999,-13.71877360699989],[-74.76343523399999,-13.723271230999956],[-74.75707285899989,-13.730182105999972],[-74.75438523399993,-13.733966730999953],[-74.75389060899994,-13.736976605999928],[-74.75619523399996,-13.741974480999943],[-74.76118648499994,-13.748830605999842],[-74.76157035899996,-13.750805105999973],[-74.75954098399984,-13.757715980999876],[-74.76014435899992,-13.759964855999954],[-74.76294160899994,-13.763091231999908],[-74.76585360899998,-13.769085981999979],[-74.76652535899996,-13.772234355999956],[-74.76607423399986,-13.775064480999902],[-74.76258123399992,-13.780247981999878],[-74.76380860899997,-13.78379685599998],[-74.76720510899997,-13.785130856999956],[-74.77597848399989,-13.783771481999906],[-74.77759573499998,-13.782804731999875],[-74.77892385899997,-13.784605481999904],[-74.77824410899996,-13.794650355999977],[-74.77507810899994,-13.803798855999844],[-74.7705294839999,-13.80838860599988],[-74.76699810899999,-13.814749980999977],[-74.76423635899994,-13.822515606999843],[-74.76091223399999,-13.828635105999979],[-74.76036373399995,-13.831487230999926],[-74.76074773399995,-13.83768510699997],[-74.76227535899994,-13.851402355999937],[-74.76541010899996,-13.85782623199998],[-74.7673867339999,-13.866587855999967],[-74.77396485999992,-13.87192973099991],[-74.77884760899997,-13.876699230999918],[-74.78285160899998,-13.879150480999897],[-74.78422285899984,-13.883154356999967],[-74.78515523399989,-13.88831023199998],[-74.7852089839999,-13.891949231999888],[-74.78343948499986,-13.89426360699997],[-74.77700785899998,-13.897503855999958],[-74.77767185899995,-13.905515481999885],[-74.77875585899994,-13.908861356999978],[-74.78517973399994,-13.920603481999933],[-74.78641673499999,-13.924510231999875],[-74.7859231089999,-13.928788356999917],[-74.78361960899991,-13.934986230999982],[-74.78049310899996,-13.941622855999924],[-74.77643435899995,-13.948533606999945],[-74.77626985899997,-13.954896106999968],[-74.77500823399998,-13.962245855999925],[-74.77233198399989,-13.969498106999936],[-74.77036810899995,-13.971487855999897],[-74.76834973399991,-13.976051231999975],[-74.76795473399994,-13.978552356999899],[-74.7694904839999,-13.983686105999936],[-74.77475598399991,-13.984080981999853],[-74.77909998499996,-13.982369730999835],[-74.78199610899998,-13.983905481999898],[-74.7847603589999,-13.988688231999959],[-74.78502210899995,-13.991582106999942],[-74.77908248399996,-13.996275106999917],[-74.77859098399995,-13.998345981999933],[-74.78007535999996,-14.006671105999885],[-74.7827304839999,-14.012712855999894],[-74.78388285899996,-14.016945356999884],[-74.78127935899994,-14.02423048199995],[-74.77837298499998,-14.029580106999902],[-74.77801560999995,-14.034146481999926],[-74.77661135899996,-14.038783231999957],[-74.77399410899994,-14.04465823199996],[-74.77096485899995,-14.045324231999814],[-74.76859960899998,-14.044581981999954],[-74.76787498399989,-14.046632856999906],[-74.76706635899995,-14.057664106999937],[-74.76546485899996,-14.064216730999874],[-74.76604485899998,-14.06793360699993],[-74.76568560899995,-14.071830106999926],[-74.76225973399988,-14.076285106999933],[-74.75871285899996,-14.078595731999883],[-74.7598339839999,-14.080894481999906],[-74.76532810899994,-14.08657810599982],[-74.77028710899998,-14.08979298099996],[-74.77252935899998,-14.090318356999944],[-74.77655860899995,-14.089273481999896],[-74.77901373399993,-14.090189481999914],[-74.78122660899999,-14.089630856999975],[-74.78461523399989,-14.08731060699995],[-74.78757423399992,-14.086208980999913],[-74.79206060899998,-14.08935160599998],[-74.79899610899997,-14.08667973199988],[-74.8064569849999,-14.089081981999868],[-74.81006635899996,-14.086988231999896],[-74.81913673399998,-14.09173248199994],[-74.82518748399997,-14.092279230999907],[-74.82830073399998,-14.090148480999915],[-74.83095510899989,-14.084515606999958],[-74.8360136099999,-14.078462856999977],[-74.83863873399997,-14.076746106999963],[-74.84138473399997,-14.073402356999964],[-74.84365823399997,-14.072962855999947],[-74.84670310999991,-14.074580106999974],[-74.85274410999989,-14.076205105999975],[-74.85710160899998,-14.074234356999966],[-74.85873435899993,-14.068982356999925],[-74.86079485899995,-14.067193356999951],[-74.86696685999993,-14.072486481999874],[-74.87144535899995,-14.074802731999853],[-74.8781132339999,-14.076253856999926],[-74.87888285899999,-14.079906231999871],[-74.88337885899995,-14.083101606999946],[-74.88567385899995,-14.0856249819999],[-74.88884760899998,-14.09145898099996],[-74.89620123399993,-14.103904231999934],[-74.89960548499994,-14.1021054819999],[-74.90100785899989,-14.097195356999976],[-74.90789060899988,-14.092154230999938],[-74.91146098399997,-14.092263731999935],[-74.91468748499994,-14.0943262319999],[-74.91799998399995,-14.09512310699995],[-74.92215823499993,-14.09864060599989],[-74.92420123399995,-14.09947460699982],[-74.92647460899991,-14.098697231999893],[-74.93350198399997,-14.091880855999875],[-74.9387128589999,-14.092263731999935],[-74.94236135899996,-14.094687481999927],[-74.94509960899995,-14.093556606999982],[-74.94590035899995,-14.090265606999935],[-74.94892185899994,-14.087273481999887],[-74.95337685999988,-14.086089730999902],[-74.95795510899995,-14.086136731999886],[-74.96296685899995,-14.083126981999897],[-74.96445510899997,-14.081181605999973],[-74.97081060999994,-14.07762110699997],[-74.9741367339999,-14.074790981999854],[-74.97730273399992,-14.074023481999859],[-74.98271098399994,-14.075044981999895],[-74.9856484849999,-14.073888731999887],[-74.9890137349999,-14.074982356999953],[-74.99627735899998,-14.072097606999932],[-75.00145510899989,-14.072070356999973],[-75.00971285999998,-14.06985548199998],[-75.01450385999988,-14.06915235699995],[-75.01948823399994,-14.071273481999981],[-75.02413085899991,-14.07233198199998],[-75.02912998399995,-14.071949981999978],[-75.03029985899991,-14.074389980999968],[-75.02949010999998,-14.080689981999967],[-75.03079998499999,-14.08471998199991],[-75.03530998499986,-14.094059981999976],[-75.03598998499996,-14.096809981999968],[-75.0378599849999,-14.099299981999934],[-75.04339998399996,-14.101079980999941],[-75.04466998399988,-14.102349981999964],[-75.04610998399994,-14.106589981999946],[-75.05034998499991,-14.110949981999909],[-75.05078998499994,-14.112529981999899],[-75.05425410899994,-14.114785856999958],[-75.05507998499996,-14.121580106999886],[-75.0544299849999,-14.12286998199994],[-75.05526985899996,-14.127889981999886],[-75.05904998499989,-14.129619981999952],[-75.0574333589999,-14.123953730999915],[-75.06095935899998,-14.110926856999981],[-75.06249385899991,-14.10730285699998],[-75.06148173499992,-14.101458856999955],[-75.06154710899995,-14.097410356999887],[-75.06251223399994,-14.090639105999912],[-75.06353248499988,-14.088407230999906],[-75.06794023499998,-14.082800106999969],[-75.06959998399998,-14.07984648199988],[-75.08850210999998,-14.08156985699992],[-75.09635935999995,-14.066298856999936],[-75.10398635999996,-14.050458981999952],[-75.10884173499994,-14.032884731999957],[-75.11769885899997,-14.038794230999883],[-75.12338110899992,-14.04487748199989],[-75.12677823399997,-14.050879231999886],[-75.14916535999998,-14.064417481999953],[-75.16567998399995,-14.072529981999935],[-75.18267048399997,-14.05609785699994],[-75.18659173499987,-14.054113231999963],[-75.19163473399993,-14.052943356999947],[-75.21055473399997,-14.050441356999897],[-75.21919135899992,-14.04892923199992],[-75.25852910999993,-14.043166230999873]]]},"properties":{"ubigeo":"080600","nombre":"HUAYTARA"}},{"type":"Feature","geometry":{"type":"Polygon","coordinates":[[[-74.50351223399997,-12.76934548099996],[-74.50768160799998,-12.769535104999932],[-74.51012110899984,-12.766826355999967],[-74.51570123399995,-12.764158230999954],[-74.51936523399996,-12.764253854999936],[-74.52409573399996,-12.761396480999963],[-74.52542973399994,-12.758677729999874],[-74.5276601089999,-12.756488230999935],[-74.53087885899998,-12.756419980999965],[-74.53327935899989,-12.7546503559999],[-74.53300598399994,-12.751343729999974],[-74.53766410899993,-12.746972480999943],[-74.53907810899989,-12.746347604999926],[-74.54251948399997,-12.744964854999921],[-74.54245898399995,-12.743378855999879],[-74.53933598399993,-12.742265605999876],[-74.54051948399996,-12.73993748099997],[-74.53984373399999,-12.734873104999906],[-74.541660859,-12.730204729999912],[-74.54382223399995,-12.72843360599984],[-74.54369548399984,-12.72414447999995],[-74.54442773399995,-12.7228418549999],[-74.54886523399995,-12.71990022999995],[-74.54981448399997,-12.715337854999973],[-74.55184373399999,-12.716990230999897],[-74.55425185899992,-12.716691354999966],[-74.55615623399996,-12.714984354999842],[-74.56037698399984,-12.708080105999954],[-74.56341410899995,-12.706802729999936],[-74.56518948399997,-12.70262497999994],[-74.57366210899994,-12.69991998099988],[-74.57499610899998,-12.695935605999978],[-74.5821464839999,-12.69468160599996],[-74.58585748399992,-12.692035104999945],[-74.58929098399989,-12.690994105999948],[-74.59000198399991,-12.688218730999893],[-74.58996485899996,-12.682706980999967],[-74.59078335899989,-12.677945354999963],[-74.59428323399993,-12.675439480999842],[-74.59892973399991,-12.67491410499997],[-74.60276948399991,-12.678099604999943],[-74.60626373399992,-12.678808604999972],[-74.61158785899988,-12.673345855999969],[-74.61458785899998,-12.671456980999949],[-74.61612498399995,-12.669312480999963],[-74.6186856089999,-12.663205105999907],[-74.62114848399995,-12.660869105999893],[-74.62279098399995,-12.656781229999979],[-74.62762698399996,-12.654884729999822],[-74.62749610899988,-12.649790979999977],[-74.62912110899993,-12.645994105999876],[-74.63285348399995,-12.645677730999978],[-74.63598823399997,-12.648798855999871],[-74.63990035899991,-12.64599610599987],[-74.64023248399997,-12.640624980999974],[-74.6429101089999,-12.633867230999954],[-74.64871485899994,-12.632742229999963],[-74.64934373399996,-12.628009729999974],[-74.64891798399998,-12.625947229999952],[-74.65230285899997,-12.619357479999962],[-74.65511135899993,-12.617716855999959],[-74.65926948399988,-12.61676947999996],[-74.66657810899994,-12.603240229999926],[-74.67156060899998,-12.59967185599993],[-74.67413873399988,-12.59477722999992],[-74.67328135899999,-12.591292980999981],[-74.67635348399989,-12.591509730999974],[-74.68399998399991,-12.590761729999883],[-74.68646285899996,-12.589855479999926],[-74.69059373399989,-12.590236355999934],[-74.69475973399994,-12.585593729999914],[-74.69500973399994,-12.583956979999869],[-74.69263473399991,-12.577380729999845],[-74.68865823399994,-12.5746347299999],[-74.68909185899997,-12.571863229999849],[-74.69277535899994,-12.568761729999892],[-74.69395310899995,-12.56647460499994],[-74.69795698399992,-12.566455104999932],[-74.70332223399993,-12.564878855999893],[-74.70700585899988,-12.562238229999878],[-74.70931635899996,-12.558712855999886],[-74.70944135899998,-12.556599604999917],[-74.70804298399997,-12.553289105999909],[-74.70463473399991,-12.549701230999972],[-74.70162885899998,-12.548581980999927],[-74.69898048399995,-12.549539105999884],[-74.69653510899997,-12.54779885499994],[-74.69577935999996,-12.537509729999954],[-74.69295898399992,-12.534263729999964],[-74.69121998399999,-12.524379979999935],[-74.69020998399992,-12.524089979999928],[-74.68114998399994,-12.526589979999926],[-74.6781299839999,-12.526059979999843],[-74.6748399839999,-12.527119980999885],[-74.67046998399991,-12.52603997999995],[-74.66375998399991,-12.521529980999901],[-74.65704998399991,-12.521839979999982],[-74.65080160899993,-12.524716854999895],[-74.64676248399996,-12.525460855999938],[-74.6452212339999,-12.524132229999964],[-74.64607160899999,-12.52078397999992],[-74.64511498399997,-12.518764479999902],[-74.64166048399989,-12.517276354999979],[-74.63623960899997,-12.518392479999932],[-74.63326335899995,-12.514034479999964],[-74.63059748399996,-12.512479605999829],[-74.6293609839999,-12.507989979999877],[-74.63184448399994,-12.5049374809999],[-74.63091323399982,-12.500746605999893],[-74.63163760899988,-12.497952729999952],[-74.63437973399994,-12.494693230999872],[-74.63864748399999,-12.492644229999883],[-74.63712348399991,-12.49131085599987],[-74.63578998399998,-12.487024604999874],[-74.63350410899994,-12.484802104999972],[-74.61830385899992,-12.477503730999956],[-74.60636485899994,-12.470582104999949],[-74.60217823399995,-12.468758980999894],[-74.59920985899998,-12.471165854999924],[-74.59776573399995,-12.475096980999922],[-74.59295223399994,-12.474535354999944],[-74.58742585899995,-12.471154354999953],[-74.5878978589999,-12.464988354999946],[-74.58733623399996,-12.462581479999926],[-74.58918148399988,-12.460816479999892],[-74.59174873399996,-12.455601729999898],[-74.59147073399993,-12.452589854999928],[-74.59534760899999,-12.4499628559999],[-74.59609185899996,-12.444638729999951],[-74.59465998399992,-12.442085979999945],[-74.59590623399993,-12.440062479999938],[-74.59673435899998,-12.433580104999919],[-74.5961172339999,-12.428343729999938],[-74.59676948399994,-12.423035105999816],[-74.59941998399995,-12.41698047999995],[-74.59951760899997,-12.412431604999824],[-74.59729498399992,-12.410015604999955],[-74.5974569839999,-12.407175729999892],[-74.59917973399996,-12.405107479999913],[-74.60088085899997,-12.399910104999947],[-74.60284373399992,-12.397345729999927],[-74.60514448399994,-12.396570354999938],[-74.60719323399991,-12.392740229999902],[-74.61054685899984,-12.389714854999966],[-74.61328910899988,-12.388408230999971],[-74.61633210899998,-12.383953104999932],[-74.61938873399998,-12.376353479999977],[-74.62498635899988,-12.368496104999963],[-74.62085548399995,-12.366986354999938],[-74.61833010899988,-12.363058604999935],[-74.61437885899988,-12.361134730999936],[-74.60592573399992,-12.360706979999975],[-74.60356248399995,-12.359970729999873],[-74.59944135899997,-12.36049810499992],[-74.59658010899994,-12.36127147999997],[-74.58608598399991,-12.365261729999872],[-74.5823632339999,-12.370220729999971],[-74.57598998399999,-12.373169979999886],[-74.57349998399991,-12.373429979999912],[-74.57163998399994,-12.371989979999967],[-74.57039998399995,-12.369039979999968],[-74.56953998399985,-12.367149979999965],[-74.56715998399994,-12.36224997999983],[-74.56461998399999,-12.360909979999974],[-74.5609898589999,-12.364859979999949],[-74.55804998399987,-12.366809979999914],[-74.55602998399996,-12.369869979999976],[-74.55309998399991,-12.372479980999913],[-74.54942998399991,-12.373849979999932],[-74.54842998399988,-12.375140104999844],[-74.54817998399989,-12.384019979999948],[-74.54646998399988,-12.385979979999945],[-74.54539998399991,-12.386479979999933],[-74.54333998399989,-12.38720997999991],[-74.54218998399995,-12.388719979999962],[-74.54205998399988,-12.389579980999827],[-74.53911998399997,-12.393149854999876],[-74.53913998399986,-12.396529979999968],[-74.53940998399997,-12.399509979999948],[-74.53564998399992,-12.405209854999953],[-74.53542998399985,-12.407259979999935],[-74.53519010899998,-12.409489979999876],[-74.53100998399998,-12.411999979999905],[-74.52896998399996,-12.411989980999977],[-74.52662998399995,-12.410289979999902],[-74.52256998399992,-12.40869997999988],[-74.52145998399999,-12.408809980999933],[-74.52015998399992,-12.411300104999896],[-74.51946998399995,-12.41490997999989],[-74.51935998399989,-12.415509854999982],[-74.51903998399996,-12.416629980999915],[-74.51753998399994,-12.418439980999949],[-74.5173999839999,-12.419889979999823],[-74.51751998399999,-12.42309997999996],[-74.51787998399993,-12.425469979999946],[-74.51715998399993,-12.429569979999883],[-74.51823998399993,-12.431359979999911],[-74.52162998399996,-12.434229979999884],[-74.52211998399991,-12.435199979999936],[-74.52204998399998,-12.436129979999976],[-74.51799998399997,-12.44030998099987],[-74.51016998399996,-12.44470997999997],[-74.5071583589999,-12.44806197999992],[-74.50353998399993,-12.449809979999884],[-74.50196998399997,-12.449739979999947],[-74.49853998399993,-12.446579979999967],[-74.4963699839999,-12.44625997999998],[-74.48776998399995,-12.445619980999936],[-74.48396998399994,-12.444749979999926],[-74.47798998399998,-12.44479997999997],[-74.47508998399991,-12.443769980999889],[-74.47178998399988,-12.443949979999957],[-74.46674998399999,-12.444769979999876],[-74.46355998399991,-12.44574010599996],[-74.4582999839999,-12.445479979999902],[-74.45392998299991,-12.443909979999944],[-74.45210998399995,-12.444289979999951],[-74.44628998399997,-12.447999979999963],[-74.44224998399994,-12.448279979999938],[-74.43794998399994,-12.44681997999993],[-74.43286998399998,-12.447509979999893],[-74.42895998399996,-12.445799979999833],[-74.42437998399998,-12.445819979999953],[-74.42315998299995,-12.445269979999921],[-74.41879998299999,-12.448079979999932],[-74.41635010799996,-12.449699979999934],[-74.41101998399995,-12.450729979999892],[-74.40924998399993,-12.451919979999957],[-74.4086999839999,-12.454309979999891],[-74.40700998399996,-12.457709979999834],[-74.40596985899998,-12.461489979999953],[-74.40200998299997,-12.465739979999967],[-74.40157998399991,-12.46747997999995],[-74.40354998399994,-12.47515997999983],[-74.41093998399998,-12.479549980999877],[-74.41179998399997,-12.480879979999884],[-74.41259998399994,-12.485929979999923],[-74.41518998399988,-12.491749980999884],[-74.41434998399995,-12.49442997999995],[-74.41112985899997,-12.497739979999892],[-74.40928998399994,-12.497549979999917],[-74.40665998399993,-12.49618997999994],[-74.40284998399994,-12.496949979999897],[-74.40164998399996,-12.498359979999975],[-74.39938998399998,-12.501699980999831],[-74.3984099839999,-12.504549980999911],[-74.39873998399997,-12.510899979999976],[-74.39762998399993,-12.513109979999854],[-74.3971699839999,-12.517629979999981],[-74.39805998399999,-12.520739980999906],[-74.39994998399999,-12.52360997999989],[-74.39961998399991,-12.525479980999876],[-74.3976199839999,-12.528229979999878],[-74.39537998399993,-12.529419979999943],[-74.3942899839999,-12.531129979999946],[-74.39357998399987,-12.534019980999972],[-74.38616998399993,-12.541359979999925],[-74.38479998399993,-12.543539980999924],[-74.38383998299997,-12.54937997999997],[-74.38377998399994,-12.558829979999814],[-74.3873299839999,-12.565539979999869],[-74.38705998299997,-12.566339980999885],[-74.38283998299994,-12.571299980999981],[-74.3773799839999,-12.571379980999836],[-74.37269998399995,-12.574099980999904],[-74.36718998399994,-12.575099979999948],[-74.36570998399998,-12.576679979999938],[-74.36593998399997,-12.579249979999872],[-74.36831998299982,-12.582869979999884],[-74.36811010899993,-12.587029979999954],[-74.36687998299993,-12.590049979999947],[-74.36328998399995,-12.594269980999968],[-74.35777998299994,-12.596249979999925],[-74.35509998399993,-12.596369854999978],[-74.35131998399993,-12.598099979999972],[-74.34711998399996,-12.598759980999944],[-74.33875998399998,-12.602969979999955],[-74.33128998399997,-12.605169979999914],[-74.32860998299992,-12.604849980999973],[-74.32679010899989,-12.602999980999869],[-74.32401998399985,-12.60449998099989],[-74.32364998399999,-12.608419979999951],[-74.32422998399989,-12.611389979999956],[-74.32574998399997,-12.613249979999921],[-74.33030998399988,-12.616129980999915],[-74.33506998399992,-12.615309854999907],[-74.33843998299994,-12.61713997999982],[-74.33886998399998,-12.62051997999987],[-74.34115998399994,-12.622659979999924],[-74.34211998399996,-12.623799980999934],[-74.34164998299997,-12.630169980999938],[-74.34008998399997,-12.635779980999928],[-74.33698998399996,-12.64095998099998],[-74.33499998399998,-12.642219980999869],[-74.33202998399992,-12.644509980999942],[-74.33128998299998,-12.648809979999896],[-74.33220998299998,-12.654160104999903],[-74.33203998399995,-12.65641997999984],[-74.32856998299997,-12.660979854999823],[-74.32764998399989,-12.66518997999998],[-74.32778998299995,-12.670839979999926],[-74.32716998399997,-12.68019998099993],[-74.32752998299992,-12.681269979999968],[-74.32982998399996,-12.684709979999923],[-74.3330999829999,-12.688629980999906],[-74.33700998399996,-12.68840998099995],[-74.33927998399992,-12.688889980999932],[-74.34010998399992,-12.689470104999884],[-74.34127998399993,-12.691179979999959],[-74.34280998299994,-12.697899980999978],[-74.34346998399997,-12.69960998099998],[-74.34476998399992,-12.702149980999934],[-74.34642998399988,-12.70623998099984],[-74.34876998299995,-12.712429980999957],[-74.34907998399996,-12.718219979999958],[-74.34144998399995,-12.725579980999896],[-74.34031998299997,-12.728399980999882],[-74.34091998399998,-12.729829979999977],[-74.34035998399992,-12.732829980999952],[-74.33633998299985,-12.73478997999996],[-74.33491998399995,-12.735659980999912],[-74.33104998399995,-12.738109979999933],[-74.33100998399982,-12.73937010499992],[-74.33111998299995,-12.739589980999938],[-74.33253998399994,-12.74066998099994],[-74.32750998399996,-12.744659980999927],[-74.32522998399998,-12.744849979999913],[-74.32006998299994,-12.741489979999926],[-74.31739298399998,-12.737777479999977],[-74.3123599839999,-12.737349979999863],[-74.30808998399993,-12.73964997999991],[-74.30371998399994,-12.745449979999933],[-74.30257998399992,-12.74638998099988],[-74.29707998399988,-12.748579979999931],[-74.29408998399992,-12.751179979999904],[-74.28919998399988,-12.758009980999873],[-74.28860998299984,-12.760969980999903],[-74.29327998399998,-12.766449979999948],[-74.29301998399995,-12.767959980999876],[-74.28974998399991,-12.772150104999923],[-74.2879099839999,-12.772679979999907],[-74.28723998399988,-12.773069980999935],[-74.28604998399993,-12.777229854999973],[-74.28795985899995,-12.781159980999973],[-74.28630010899997,-12.783779979999963],[-74.28498998399988,-12.7878799799999],[-74.28636998299993,-12.79306997999987],[-74.28554260899989,-12.799720729999933],[-74.28832998399986,-12.802519979999829],[-74.29498998399998,-12.798879980999914],[-74.29714998299988,-12.80095997999996],[-74.29839623399988,-12.806551479999882],[-74.29461448399996,-12.812609480999924],[-74.29485985899993,-12.818539979999969],[-74.29239998399999,-12.824759980999943],[-74.29463235899993,-12.829797355999972],[-74.29699798399992,-12.831419979999964],[-74.30571348399997,-12.827450979999924],[-74.30826123399999,-12.828239604999965],[-74.31033273399999,-12.832521605999887],[-74.31332585899997,-12.834941230999902],[-74.31892998399996,-12.835039980999966],[-74.32361998399995,-12.83250998099993],[-74.3258199839999,-12.831669979999958],[-74.3324336089999,-12.8344863559999],[-74.33950385899988,-12.836919980999937],[-74.34193360899991,-12.836498105999908],[-74.34808985799992,-12.833019479999962],[-74.35551948399996,-12.833367230999954],[-74.35924023399997,-12.834453104999909],[-74.36277148399984,-12.833865230999947],[-74.36568160899992,-12.830345729999976],[-74.36825585799994,-12.829185605999896],[-74.37124410899997,-12.824417854999979],[-74.3756034839999,-12.820585979999976],[-74.3764999839999,-12.81563285599998],[-74.38082423299994,-12.814456979999932],[-74.38420898299995,-12.8129551049999],[-74.3873007339999,-12.814988230999916],[-74.38971485899998,-12.814640605999955],[-74.39038873399994,-12.81040235599994],[-74.38978710899994,-12.807904354999891],[-74.39419923399993,-12.80804098099992],[-74.39627735899995,-12.80606635499987],[-74.39887310799998,-12.807826230999922],[-74.40169335899998,-12.811097605999976],[-74.40405860899995,-12.812169980999954],[-74.40709373399994,-12.810548854999979],[-74.40995123399995,-12.810619104999887],[-74.41278323399996,-12.80907035599995],[-74.41737498399993,-12.803808605999961],[-74.42181635899988,-12.803302729999928],[-74.4262531089999,-12.80430248099998],[-74.43543948399997,-12.801513855999872],[-74.44040035899991,-12.799427729999934],[-74.44447260899989,-12.799462854999945],[-74.44666598399994,-12.799322229999916],[-74.45076948399998,-12.802152355999965],[-74.45439648399997,-12.803408230999935],[-74.45739260899995,-12.802347605999955],[-74.46069535899994,-12.804886730999897],[-74.46560735899993,-12.804886729999964],[-74.46991798399989,-12.800943355999948],[-74.47446485899997,-12.799226605999934],[-74.47801373399989,-12.794078105999972],[-74.47964648399989,-12.792652355999962],[-74.48349610899999,-12.793339855999932],[-74.48714648399988,-12.792921855999964],[-74.48937698399993,-12.787951230999909],[-74.4911132339999,-12.785822230999884],[-74.49444348399993,-12.788359355999944],[-74.49719710899996,-12.788193354999976],[-74.50153910899996,-12.787218604999964],[-74.49928110899998,-12.78278135599993],[-74.49957035899996,-12.777121104999935],[-74.50154885899997,-12.774521479999862],[-74.49902935899996,-12.770816354999965],[-74.50351223399997,-12.76934548099996]]]},"properties":{"ubigeo":"080700","nombre":"CHURCAMPA"}}]}