{"type":"FeatureCollection","features":[{"type":"Feature","geometry":{"type":"Polygon","coordinates":[[[-71.92170123199992,-13.60495885599994],[-71.92244973199996,-13.607918481999945],[-71.92751860699997,-13.611184480999952],[-71.92840310699995,-13.615436856999906],[-71.93003610599999,-13.615402855999946],[-71.93405048099993,-13.612613230999955],[-71.93653385699997,-13.613633855999865],[-71.94211310599985,-13.611966855999981],[-71.94381410599988,-13.612647230999926],[-71.94786248099985,-13.617410106999955],[-71.94966560599983,-13.618124480999882],[-71.95223523099997,-13.617430855999885],[-71.95447285699993,-13.615075480999963],[-71.95877135699999,-13.615193230999921],[-71.95883035699995,-13.612837856999818],[-71.96077348099988,-13.610305856999844],[-71.96577148199998,-13.609248106999871],[-71.97478785699991,-13.611424606999947],[-71.98014635599992,-13.610011480999901],[-71.98303160599988,-13.610423605999813],[-71.98490235599996,-13.609408230999975],[-71.98895060699988,-13.609090730999924],[-71.9922569819999,-13.609705980999934],[-71.99587098199999,-13.608860106999941],[-72.00737698099994,-13.613051230999872],[-72.01221948199998,-13.613671231999945],[-72.01946348199988,-13.613089981999963],[-72.02364710699993,-13.613942230999953],[-72.02566148199998,-13.617041355999959],[-72.02864435699996,-13.618629605999956],[-72.03441410699998,-13.624580105999883],[-72.03917573099994,-13.628279355999894],[-72.04261723099995,-13.632859355999926],[-72.04558198199993,-13.634531230999926],[-72.04548435599992,-13.638376981999954],[-72.05012885699989,-13.639351605999934],[-72.05619535599993,-13.642095605999884],[-72.05972260699991,-13.641210981999961],[-72.06604685599996,-13.643501980999872],[-72.07149998099999,-13.647472605999894],[-72.07462310599993,-13.647615231999964],[-72.07940035699994,-13.6464121059999],[-72.08299023099988,-13.647285105999913],[-72.08553323199999,-13.646771606999891],[-72.08963873099992,-13.647730481999929],[-72.09136723199987,-13.649162105999949],[-72.09673435599996,-13.64625785599992],[-72.10018360699996,-13.645753855999942],[-72.10483598099995,-13.641701231999946],[-72.10742573199991,-13.640179730999819],[-72.11124710699994,-13.636440731999869],[-72.11371535699993,-13.63157973199992],[-72.11319348099994,-13.629283605999944],[-72.11554185699998,-13.628474730999812],[-72.11872510699993,-13.631944855999961],[-72.12149085699997,-13.637789730999941],[-72.12683985699988,-13.638207230999967],[-72.13220698199996,-13.639304731999971],[-72.13350135599995,-13.632299731999922],[-72.13449685699999,-13.630860606999931],[-72.1347921069999,-13.62598898199991],[-72.13792910699993,-13.622815105999962],[-72.14110310599995,-13.622150730999977],[-72.14903785699988,-13.615987480999934],[-72.15335585699995,-13.611226605999889],[-72.15874423199995,-13.609565731999965],[-72.16122660599996,-13.60943748099993],[-72.16457760699996,-13.606284855999945],[-72.16412873199994,-13.600214480999853],[-72.16623110699999,-13.595254356999874],[-72.1679316069999,-13.592750605999925],[-72.16627060599996,-13.587578605999909],[-72.16736260699997,-13.584422605999919],[-72.16740123199997,-13.580021230999876],[-72.1626523569999,-13.569596981999894],[-72.15856535699987,-13.565825481999866],[-72.15849048099989,-13.562346855999976],[-72.15729360699999,-13.55800785599996],[-72.15744323199993,-13.555389480999963],[-72.16008748199994,-13.551564730999871],[-72.16120335699998,-13.548673606999841],[-72.15871798199998,-13.543753605999882],[-72.15455885699993,-13.540355230999978],[-72.14919748099999,-13.537012730999948],[-72.14680348199994,-13.536809855999934],[-72.14079810599998,-13.53831110599998],[-72.13901260699998,-13.538108230999967],[-72.13422048199993,-13.540425231999848],[-72.12944848199999,-13.545943730999909],[-72.12266410699988,-13.549806730999876],[-72.1167561069999,-13.551884231999907],[-72.11026373199991,-13.55094285599995],[-72.10815373199995,-13.553182730999879],[-72.10571910599992,-13.55399423199998],[-72.10308960699996,-13.553344980999896],[-72.10208323199993,-13.551104980999924],[-72.09932398099988,-13.548118605999946],[-72.09666223099993,-13.547307105999948],[-72.09481185699997,-13.543801230999918],[-72.09328623099992,-13.53925660599998],[-72.08822648099988,-13.535106480999957],[-72.0837784819999,-13.53395235599993],[-72.08004660699987,-13.529586605999953],[-72.07823823199988,-13.52837698199994],[-72.07074723199997,-13.529877606999946],[-72.06590110699989,-13.52823035599988],[-72.06146085699987,-13.527943855999979],[-72.0622202319999,-13.524497105999899],[-72.06091848199992,-13.516786480999826],[-72.05736348199997,-13.505320480999956],[-72.05455960599994,-13.503968605999944],[-72.05220635599994,-13.500013106999859],[-72.05142148199991,-13.489838230999965],[-72.04814848199999,-13.490269480999928],[-72.0456836059999,-13.48784385599987],[-72.04499810699991,-13.48444535599998],[-72.03855273099998,-13.478294981999852],[-72.03337885699983,-13.478343731999871],[-72.03158985599987,-13.477382855999963],[-72.0262069819999,-13.477851605999945],[-72.02326948099994,-13.476902105999955],[-72.01897348199992,-13.475370230999886],[-72.01720848199994,-13.473571855999921],[-72.01511035699997,-13.469309106999958],[-72.01048135699995,-13.466445105999924],[-72.00765073199995,-13.463880855999946],[-72.00638523199996,-13.45815285599997],[-72.00388748099988,-13.455089105999946],[-72.00241073199999,-13.45121723099993],[-72.00021185599996,-13.44798760599997],[-72.00060323199995,-13.444038231999969],[-71.99187210699995,-13.441535230999818],[-71.98369373099996,-13.434043481999879],[-71.9818207319999,-13.430672230999846],[-71.98021685699996,-13.429496105999874],[-71.9784106059999,-13.431227105999938],[-71.97017673199997,-13.436340730999973],[-71.9651499819999,-13.436990730999923],[-71.96194310599992,-13.439720855999951],[-71.95539948199996,-13.44071773099995],[-71.94973073099999,-13.440351730999964],[-71.94480785699994,-13.441122605999965],[-71.9405811069999,-13.442589480999914],[-71.93826885599992,-13.44241535599997],[-71.92923323099996,-13.436067855999966],[-71.92785235699995,-13.439158230999965],[-71.92726460699998,-13.444642980999902],[-71.92772173099996,-13.446601730999873],[-71.92445698199992,-13.457179480999969],[-71.92445698099993,-13.4593342309999],[-71.92909285699989,-13.464100730999917],[-71.93167323199998,-13.467599105999852],[-71.9279517309999,-13.471069855999872],[-71.92305935599995,-13.471780605999982],[-71.91482173099996,-13.47612948099993],[-71.91210373099995,-13.476882105999834],[-71.90737273199983,-13.479938230999835],[-71.90475923099996,-13.48074235599995],[-71.89754160699988,-13.48560773099996],[-71.89615448099994,-13.487578106999933],[-71.89110823199997,-13.492000980999933],[-71.88856785699988,-13.493381230999944],[-71.88686260599997,-13.495993105999958],[-71.88294885699986,-13.498097230999974],[-71.87940860599997,-13.497556980999946],[-71.87545510599995,-13.499350980999964],[-71.8673738569999,-13.498741355999982],[-71.86480310599995,-13.496512605999953],[-71.86050523099993,-13.494923730999915],[-71.85522310699997,-13.49592673099994],[-71.84960673099988,-13.491948480999952],[-71.85157923199995,-13.48726810599993],[-71.84649773099994,-13.486566105999941],[-71.84286023099997,-13.490561356999933],[-71.83738560699999,-13.493005106999817],[-71.83413273099995,-13.49340710599995],[-71.8279191069999,-13.495709731999966],[-71.82494035599984,-13.499547605999965],[-71.82250973099997,-13.50110098099998],[-71.82013398199996,-13.50124710599988],[-71.81680060699995,-13.50290485599993],[-71.81469985699994,-13.505498355999919],[-71.81244923099996,-13.507186355999977],[-71.80660860599988,-13.507480980999844],[-71.8046259809999,-13.508258105999914],[-71.81931060699998,-13.517044981999959],[-71.82089848099997,-13.52174998099997],[-71.81709185599988,-13.536363230999939],[-71.81511323099994,-13.538480481999954],[-71.81602148099995,-13.54125198099996],[-71.81793560699998,-13.54307423099982],[-71.81661723199994,-13.547072230999959],[-71.81504298099992,-13.549050730999966],[-71.81495310599996,-13.553197230999956],[-71.81803510599997,-13.558509730999958],[-71.81732035699997,-13.56212110599995],[-71.81481060599998,-13.566097606999904],[-71.8174354809999,-13.567945355999939],[-71.81756060599997,-13.569923856999935],[-71.81590985599996,-13.576244981999821],[-71.81850023099997,-13.578962355999863],[-71.82099610699998,-13.580169980999926],[-71.82735748099998,-13.58476948099991],[-71.82977735599991,-13.585619105999967],[-71.83335660599994,-13.588253480999981],[-71.83559010699992,-13.590832355999908],[-71.82983685699998,-13.594870105999973],[-71.82734798199994,-13.598439731999918],[-71.82315560599994,-13.601619606999918],[-71.8198176059999,-13.607757730999936],[-71.82210160699998,-13.609820356999819],[-71.82746060599999,-13.613221480999925],[-71.83237223199995,-13.62194485599997],[-71.83590710699997,-13.622093230999894],[-71.83924410699984,-13.62735823099996],[-71.84315885699993,-13.630794730999924],[-71.85228560699994,-13.626383105999935],[-71.85520585599988,-13.624172231999978],[-71.86221410699994,-13.615411730999881],[-71.87422835599995,-13.612783605999937],[-71.88328073199995,-13.607110230999922],[-71.89421035699996,-13.602771730999962],[-71.8980066069999,-13.602938606999828],[-71.89893685599986,-13.60189160699997],[-71.90547798199998,-13.59942198199991],[-71.90651248199998,-13.59751973199991],[-71.90604398099993,-13.594362355999976],[-71.91269710699999,-13.594331730999897],[-71.9161311069999,-13.59368785699985],[-71.91628435699988,-13.599635856999953],[-71.91800135599993,-13.601935355999956],[-71.92272298099982,-13.600954231999935],[-71.92170123199992,-13.60495885599994]]]},"properties":{"ubigeo":"070100","nombre":"CUSCO"}},{"type":"Feature","geometry":{"type":"Polygon","coordinates":[[[-71.44332798099992,-14.10816373199998],[-71.45099123099999,-14.10836473199987],[-71.45563948099993,-14.106304480999938],[-71.46091598099997,-14.1087416069999],[-71.4614184809999,-14.110173856999836],[-71.45920735599998,-14.11512360599994],[-71.45943535599986,-14.119366856999932],[-71.4606328569999,-14.121669356999917],[-71.46722085599993,-14.128808356999969],[-71.47214023099997,-14.131671856999901],[-71.48117098099988,-14.135636605999935],[-71.49181710599993,-14.138279731999887],[-71.49519923199989,-14.137906106999878],[-71.49673635599999,-14.136444231999974],[-71.50420498099987,-14.123236981999924],[-71.50809548099988,-14.1207793559999],[-71.51023073099998,-14.121262731999934],[-71.51321185599994,-14.12017498199998],[-71.52083823099997,-14.11416023199996],[-71.52367435599996,-14.111388481999882],[-71.5307003559999,-14.106360731999814],[-71.53418110599995,-14.102750981999918],[-71.53688835599996,-14.098077731999979],[-71.54631673099988,-14.09018060699998],[-71.55279410599991,-14.085278231999894],[-71.55739360599995,-14.083456731999945],[-71.56085448199997,-14.088420481999947],[-71.57237698099988,-14.094640606999974],[-71.57427110599986,-14.097853356999963],[-71.5834078559999,-14.101129980999929],[-71.58447910699988,-14.103398481999932],[-71.58340785699988,-14.107998231999943],[-71.58832285699998,-14.11417348099991],[-71.59024148099991,-14.122231231999933],[-71.5925839809999,-14.127689481999937],[-71.5953437309999,-14.135648481999965],[-71.5947929809999,-14.140591855999958],[-71.59581835599994,-14.142746106999937],[-71.59491598199997,-14.14785348199996],[-71.59572660599997,-14.14988673199997],[-71.59928335599983,-14.14999423199987],[-71.60297598099999,-14.151314981999917],[-71.60583935699987,-14.15419110699986],[-71.60919610599996,-14.153880606999905],[-71.61288973199993,-14.150924606999865],[-71.61526173099992,-14.147808606999945],[-71.61663110599989,-14.144645606999916],[-71.61938548099988,-14.143148856999971],[-71.6249086059999,-14.136682606999898],[-71.6300924809999,-14.136157606999973],[-71.63470823099982,-14.136283606999939],[-71.63873410599996,-14.133834481999884],[-71.64435348099994,-14.133517606999874],[-71.64785548099997,-14.130978481999932],[-71.64975785699988,-14.128519481999945],[-71.65489448099999,-14.12762310699992],[-71.65630860699991,-14.126484355999935],[-71.66100973099998,-14.125824231999957],[-71.66411723199997,-14.12303510699985],[-71.67100585599997,-14.120937606999917],[-71.67821873099984,-14.117915981999943],[-71.69046485599995,-14.118511731999945],[-71.69824023099989,-14.117333981999934],[-71.69970898199989,-14.11628510699984],[-71.70176760599998,-14.111978481999927],[-71.70163885599999,-14.103248106999956],[-71.70212310699998,-14.100066481999932],[-71.70467185699994,-14.09149023099991],[-71.70772660699998,-14.078853481999886],[-71.71393348099991,-14.07081835699995],[-71.71518160599999,-14.06448435599998],[-71.7182091059999,-14.06021485599996],[-71.72052735599988,-14.048279356999899],[-71.72032810699994,-14.043267606999905],[-71.72163873199992,-14.039802855999937],[-71.72128710599998,-14.037845730999834],[-71.72396685599989,-14.028466855999909],[-71.72314260699994,-14.022187480999946],[-71.72247073099993,-14.019103481999935],[-71.72261135599985,-14.013968730999977],[-71.72384185599998,-14.011130856999955],[-71.72409573099998,-14.004892606999874],[-71.7259981059999,-13.999999981999906],[-71.72493360599998,-13.997888731999922],[-71.72616598099995,-13.99254685699998],[-71.72818948099996,-13.98765435699994],[-71.72696873099994,-13.98383010599997],[-71.72938285599986,-13.975175731999968],[-71.73634960599986,-13.96986723099991],[-71.74194335599992,-13.964935606999973],[-71.74410935599991,-13.960484356999928],[-71.75159373099996,-13.955964856999913],[-71.75640698199993,-13.951698980999936],[-71.76103323099983,-13.95173048199996],[-71.7649726059999,-13.948550731999944],[-71.76807223099996,-13.943349606999902],[-71.77070123099998,-13.941927730999964],[-71.77576373199997,-13.940632856999912],[-71.7784082309999,-13.937550730999817],[-71.77878323099986,-13.935630856999865],[-71.77771485599993,-13.931482481999979],[-71.77857798199994,-13.929480606999903],[-71.77889060599995,-13.922324106999952],[-71.78008923099992,-13.919356606999884],[-71.78053123099988,-13.915675731999954],[-71.77803323099988,-13.91223423199989],[-71.77984910699996,-13.906573606999928],[-71.78340773099995,-13.905011855999874],[-71.78594223199997,-13.900787480999952],[-71.78886710699993,-13.899755856999946],[-71.79391598099988,-13.899111356999981],[-71.79729498199987,-13.896271480999928],[-71.79994535599997,-13.895953105999979],[-71.80475198199991,-13.897246105999841],[-71.80927935599988,-13.894173856999942],[-71.81082223099992,-13.889451231999885],[-71.81066010599994,-13.887554855999895],[-71.80755273099993,-13.87978710599998],[-71.80709198099993,-13.876830105999943],[-71.8079687309999,-13.871373106999954],[-71.80508785699993,-13.870097606999934],[-71.80344335599995,-13.871705105999979],[-71.79997260599998,-13.871347605999972],[-71.79895310699993,-13.86812498199987],[-71.80037698199999,-13.86583398199997],[-71.80301085599996,-13.862935355999923],[-71.80332985599995,-13.8600133569999],[-71.80052548099991,-13.857544731999951],[-71.8010137309999,-13.851103480999882],[-71.80299998099991,-13.847810605999939],[-71.8050632309999,-13.84721235599983],[-71.80570785699996,-13.838972480999928],[-71.80914060599997,-13.835763856999904],[-71.8068124809999,-13.834070356999916],[-71.8061074819999,-13.831759731999966],[-71.80767648099999,-13.827310605999912],[-71.81096285599995,-13.82592385699985],[-71.81419310599995,-13.821172105999949],[-71.81728710599998,-13.81911323099996],[-71.82017573099995,-13.818718730999933],[-71.82451748099993,-13.816310606999878],[-71.82976560599985,-13.816015731999926],[-71.83321485599987,-13.813212855999893],[-71.83444223099997,-13.81141535599994],[-71.8340954819999,-13.807651231999898],[-71.83241160699993,-13.803243231999943],[-71.83196585699989,-13.800172605999933],[-71.8323126059999,-13.795566480999923],[-71.82929135599994,-13.78481898099983],[-71.82988673199992,-13.78094135699996],[-71.82908348199999,-13.77898335599997],[-71.82455273099993,-13.775164981999978],[-71.8219311069999,-13.770520106999982],[-71.82059173099992,-13.763652605999823],[-71.81705823199997,-13.759777230999873],[-71.81557348099994,-13.757124231999853],[-71.81662235599993,-13.751333981999949],[-71.81601735599997,-13.748300855999958],[-71.81316385599996,-13.746178356999962],[-71.80796123199997,-13.73573685699995],[-71.80724410699997,-13.730282731999978],[-71.80456123099998,-13.729310605999899],[-71.80155560599997,-13.726289480999867],[-71.79953373099994,-13.720223731999965],[-71.79470898099993,-13.715773355999886],[-71.79474260699999,-13.709909355999912],[-71.79416498099988,-13.706654105999974],[-71.78976173099989,-13.698355480999908],[-71.78342785699994,-13.696993355999894],[-71.77975260699998,-13.699251106999952],[-71.76992848099997,-13.703234855999938],[-71.76391273199994,-13.708143480999922],[-71.75329298099996,-13.710716980999962],[-71.74836723199996,-13.71032810599985],[-71.74523248199995,-13.717552855999884],[-71.74523248199995,-13.719936855999947],[-71.74658048099991,-13.723784480999882],[-71.74651948099995,-13.726335980999977],[-71.7398152319999,-13.73255248099997],[-71.73587823099996,-13.736858606999931],[-71.73135685599993,-13.735658980999972],[-71.73028035699997,-13.733659730999932],[-71.72714298199998,-13.733013855999957],[-71.72231398099984,-13.737873605999823],[-71.71939198099994,-13.739842106999959],[-71.71296360599996,-13.742794855999932],[-71.71277898099999,-13.74676260599989],[-71.70921110699999,-13.750145980999946],[-71.70330285599988,-13.759524480999858],[-71.7047221059999,-13.764727855999979],[-71.70382323199988,-13.768275605999975],[-71.7019311059999,-13.77097185699995],[-71.70163748199997,-13.779017855999882],[-71.70104735599989,-13.780316355999958],[-71.7013128559999,-13.788490856999886],[-71.69600098199999,-13.795366981999848],[-71.69921760699992,-13.798052355999971],[-71.7021982309999,-13.798258980999947],[-71.70458860699995,-13.801711731999887],[-71.70458860699995,-13.803659481999944],[-71.70866110699995,-13.808794356999897],[-71.70810035599999,-13.810594480999896],[-71.70945785599997,-13.812630855999885],[-71.7102547319999,-13.816998356999932],[-71.71246798099997,-13.820303606999971],[-71.7090177319999,-13.822557606999965],[-71.70168198199991,-13.81979060599997],[-71.69586898099988,-13.82353935599997],[-71.68922560599998,-13.824085106999917],[-71.68538185599994,-13.825911981999923],[-71.67994873099997,-13.824820606999936],[-71.67064773099992,-13.821522606999906],[-71.66908185599993,-13.82147510599998],[-71.66307910599994,-13.823705480999877],[-71.65997085599997,-13.824322356999858],[-71.65695760599988,-13.82301735699997],[-71.65337498199995,-13.823942731999978],[-71.64755360599986,-13.823370481999973],[-71.64185373199996,-13.828282606999949],[-71.63777573099998,-13.835233731999836],[-71.63586698099994,-13.839334355999938],[-71.63452160599991,-13.845605981999881],[-71.6389096069999,-13.849849106999955],[-71.63874460599999,-13.857139731999837],[-71.63807523099996,-13.86111610599994],[-71.63613573099997,-13.865190105999886],[-71.63239210599994,-13.870621606999975],[-71.63215898099992,-13.875935856999945],[-71.62903573099999,-13.884186856999975],[-71.62390798099989,-13.892158106999943],[-71.6201757319999,-13.897267856999974],[-71.61594410599997,-13.897267855999928],[-71.61069535599995,-13.900604230999875],[-71.60853885599994,-13.903452480999817],[-71.60634173099993,-13.903208356999869],[-71.60085135599996,-13.90627285699992],[-71.59393373199987,-13.904769105999947],[-71.58976685599998,-13.902039981999906],[-71.58086148099989,-13.902345981999929],[-71.5763748569999,-13.905642856999862],[-71.57389035699998,-13.90607060699989],[-71.57038323099994,-13.90533460699993],[-71.56538235599999,-13.903277856999921],[-71.56293610599988,-13.905745856999943],[-71.5616587319999,-13.910746856999936],[-71.56202673199988,-13.912738481999952],[-71.55920523099996,-13.916258481999876],[-71.55864585699993,-13.922178731999963],[-71.5647526059999,-13.921479481999938],[-71.56722323099996,-13.923344106999934],[-71.56646473099994,-13.930101105999938],[-71.56239473099998,-13.934712355999977],[-71.55672273099998,-13.937396856999953],[-71.55066098099996,-13.941337105999935],[-71.54765173099986,-13.94495235699992],[-71.54217723099987,-13.945815606999929],[-71.54117598099998,-13.942027105999898],[-71.53695435599991,-13.941296356999942],[-71.53606135599983,-13.943975481999928],[-71.53091960599994,-13.948440606999952],[-71.5315421059999,-13.951552606999883],[-71.53064910599994,-13.955178981999893],[-71.52729348099984,-13.961159480999925],[-71.52466848099988,-13.964677480999967],[-71.51952685599991,-13.964596231999963],[-71.51687885599995,-13.967218731999878],[-71.51804410599988,-13.974870856999928],[-71.51692735599994,-13.979605355999979],[-71.51339885599992,-13.98337973199989],[-71.50080073199985,-13.98686235699995],[-71.49357035599996,-13.986480481999877],[-71.49097048099998,-13.988945231999878],[-71.49067635599988,-13.99712160699994],[-71.49120585599991,-13.999533355999915],[-71.49026460599998,-14.003915731999882],[-71.48802935699996,-14.0063568569999],[-71.48741173099995,-14.008709730999897],[-71.48955873099993,-14.010533230999954],[-71.48961760599985,-14.012944981999908],[-71.48733248099995,-14.016269106999971],[-71.48273698099996,-14.017934980999883],[-71.4816144809999,-14.023737106999818],[-71.48226085599998,-14.028635981999969],[-71.47991348099993,-14.033364731999882],[-71.47719623099988,-14.03735785699996],[-71.47328398099995,-14.040377106999927],[-71.46941423099986,-14.042205606999971],[-71.4630354809999,-14.043736606999971],[-71.45776235599988,-14.046245480999914],[-71.45405548099995,-14.050136356999872],[-71.45215823099994,-14.051212856999939],[-71.45191798099995,-14.053177731999824],[-71.44794135599989,-14.055624856999884],[-71.44888873099995,-14.059175730999982],[-71.44716410599989,-14.063003856999956],[-71.44583398099996,-14.067843731999972],[-71.44278510699996,-14.069908230999886],[-71.43924810599987,-14.073871106999945],[-71.43932623099994,-14.080013731999884],[-71.44086323099998,-14.083140606999962],[-71.44364060599986,-14.086548856999968],[-71.44312110599986,-14.090400356999965],[-71.44428510599988,-14.095074231999888],[-71.44285160599992,-14.098540981999918],[-71.44115623099998,-14.099587855999971],[-71.44033985599987,-14.10366598099995],[-71.44101623099988,-14.10590248099993],[-71.44332798099992,-14.10816373199998]]]},"properties":{"ubigeo":"070200","nombre":"ACOMAYO"}},{"type":"Feature","geometry":{"type":"Polygon","coordinates":[[[-72.1679316069999,-13.592750605999925],[-72.16623110699999,-13.595254356999874],[-72.16412873199994,-13.600214480999853],[-72.16457760699996,-13.606284855999945],[-72.16122660599996,-13.60943748099993],[-72.15874423199995,-13.609565731999965],[-72.15335585699995,-13.611226605999889],[-72.14903785699988,-13.615987480999934],[-72.14110310599995,-13.622150730999977],[-72.13792910699993,-13.622815105999962],[-72.1347921069999,-13.62598898199991],[-72.13449685699999,-13.630860606999931],[-72.13350135599995,-13.632299731999922],[-72.13220698199996,-13.639304731999971],[-72.13584860699984,-13.642350981999982],[-72.14059510699997,-13.644215856999892],[-72.14680698199999,-13.644706230999873],[-72.15032135699988,-13.643643731999816],[-72.15220123099988,-13.645932231999893],[-72.15751385599998,-13.646667856999898],[-72.1611101069999,-13.648506855999926],[-72.16478810699994,-13.647812106999936],[-72.16785310699998,-13.649528481999823],[-72.17255273199999,-13.655413230999898],[-72.17565860699995,-13.656761856999935],[-72.17990873199994,-13.660439855999982],[-72.18411798199998,-13.662646605999953],[-72.18857248199993,-13.66665160599996],[-72.19020710699994,-13.669471355999917],[-72.19077923099991,-13.673312855999882],[-72.19413035699989,-13.678625480999926],[-72.19474335599989,-13.682058230999871],[-72.20111848199997,-13.685572855999908],[-72.20242623099995,-13.688474356999905],[-72.20784235599996,-13.693120355999895],[-72.21141960599994,-13.694049731999883],[-72.21532198199998,-13.699392356999965],[-72.21848123199987,-13.701436605999845],[-72.21917810699989,-13.706500480999978],[-72.22201198099998,-13.708405230999915],[-72.22642135699994,-13.71271635599993],[-72.2286741069999,-13.71405535699995],[-72.23024810699985,-13.711694355999896],[-72.23067535699994,-13.706072855999935],[-72.23215510699998,-13.704397606999976],[-72.2386047309999,-13.700907606999863],[-72.24477510699995,-13.698213230999954],[-72.24513785599993,-13.69666373199982],[-72.24350048199989,-13.689185480999924],[-72.24525385599992,-13.687376105999874],[-72.24802360699994,-13.69045848199994],[-72.2480347319999,-13.692558105999922],[-72.25059223199992,-13.692948981999962],[-72.25787373199995,-13.687967980999929],[-72.25768385699996,-13.684930230999953],[-72.26136935699998,-13.68219410599994],[-72.26616048199992,-13.68500848099984],[-72.27387760699986,-13.684047980999935],[-72.27741785699993,-13.684148481999898],[-72.28103635699995,-13.689933605999954],[-72.28275623199994,-13.69093873099996],[-72.29028348199995,-13.690056355999957],[-72.29297498199998,-13.69325048199994],[-72.2972858569999,-13.696478106999905],[-72.29805610699987,-13.69834348199987],[-72.29704023099998,-13.702732105999928],[-72.29916585699993,-13.704445355999894],[-72.3094062319999,-13.708124981999902],[-72.31233973199988,-13.708490231999917],[-72.31638285699984,-13.705140605999873],[-72.31640223199992,-13.701251980999928],[-72.31484960699999,-13.698476605999872],[-72.31760348199992,-13.696984355999973],[-72.32326760699988,-13.695080106999967],[-72.32470123199994,-13.693812480999895],[-72.32830860699988,-13.693597606999958],[-72.33422260699984,-13.691007855999828],[-72.33783198199995,-13.686982480999916],[-72.34186523199998,-13.684206980999875],[-72.34467385699992,-13.684390606999955],[-72.34732048199999,-13.683083981999857],[-72.3498593569999,-13.683671856999979],[-72.3546446069999,-13.681632855999965],[-72.3579218569999,-13.67904498099989],[-72.36694923199997,-13.669507855999939],[-72.36943748099986,-13.665660105999962],[-72.37889648199985,-13.661548855999968],[-72.38314448199998,-13.66333398199987],[-72.38793160699998,-13.664060605999964],[-72.40174810699995,-13.659505855999953],[-72.40368360599984,-13.657589856999891],[-72.40444135699994,-13.653835981999976],[-72.40319723199991,-13.650988230999872],[-72.39847460699997,-13.648318355999947],[-72.3978007319999,-13.64595123099997],[-72.3998222319999,-13.64184960699987],[-72.39878935699988,-13.63926898099993],[-72.40000260699992,-13.633323105999864],[-72.40346935699995,-13.629479605999904],[-72.40462985699997,-13.625244230999954],[-72.40947560699982,-13.620247730999893],[-72.41525585699998,-13.616230980999887],[-72.4183156069999,-13.61472373099997],[-72.41826285699989,-13.612530730999879],[-72.41977010699998,-13.608385730999942],[-72.42139785699993,-13.606079731999955],[-72.4272007319999,-13.606079730999909],[-72.43087848199991,-13.604323730999965],[-72.43616135699995,-13.605393855999921],[-72.43950735699997,-13.604753355999947],[-72.44462448199988,-13.6018971069999],[-72.45128660699999,-13.599967855999978],[-72.45834960699995,-13.594965355999932],[-72.45961398199995,-13.590547605999973],[-72.46222973199991,-13.58993523099997],[-72.46632123199998,-13.587796856999944],[-72.47076760699997,-13.587849605999963],[-72.4724078569999,-13.58865398099988],[-72.4769773569999,-13.588264105999883],[-72.48336060699995,-13.590027605999978],[-72.48640623199987,-13.59190323099989],[-72.48895998199987,-13.591821230999926],[-72.49085160699997,-13.589944731999935],[-72.49177098199993,-13.582619480999938],[-72.49483823199995,-13.579348730999925],[-72.50069385699993,-13.577540105999958],[-72.50492160699997,-13.574171355999908],[-72.51045323199992,-13.574502981999842],[-72.51347523199985,-13.57397548199998],[-72.51934598199995,-13.571315230999971],[-72.52006185699992,-13.56793898099994],[-72.5249513569999,-13.566619730999946],[-72.53338035699994,-13.57238760699994],[-72.53663523199987,-13.571655480999937],[-72.53712285699999,-13.567962105999982],[-72.54193285699995,-13.56379723099991],[-72.54274885699988,-13.559385605999921],[-72.54410548199996,-13.557573605999949],[-72.5481184819999,-13.556016856999975],[-72.55066123199998,-13.554528106999896],[-72.55560410699997,-13.554300480999927],[-72.56048048199983,-13.551805356999978],[-72.56304210699994,-13.551416231999838],[-72.5648826069999,-13.552649730999917],[-72.56531898199995,-13.554917105999948],[-72.56813673299996,-13.557526106999887],[-72.56904748199997,-13.559518480999827],[-72.5715711069999,-13.561368480999931],[-72.57592685699996,-13.562764730999902],[-72.58203173199996,-13.561041730999932],[-72.58454160699989,-13.561956356999929],[-72.58761598199999,-13.56038998199989],[-72.59339035699992,-13.562169105999942],[-72.59286798199997,-13.558095480999953],[-72.59436673199997,-13.555655105999904],[-72.59484873299988,-13.552301355999873],[-72.59618873199997,-13.549893230999942],[-72.59910660699984,-13.548815605999948],[-72.60060123199997,-13.545109730999911],[-72.60207310699997,-13.544181230999925],[-72.60885435699998,-13.543939856999941],[-72.61299098199987,-13.546062105999965],[-72.61473848199995,-13.542101230999947],[-72.61906485699996,-13.539861230999975],[-72.62103548299996,-13.54089910599987],[-72.62583573199993,-13.535560605999933],[-72.62741010699989,-13.535342855999943],[-72.63121135699993,-13.537741480999898],[-72.63345598299992,-13.541151980999928],[-72.6368758569999,-13.542142481999974],[-72.64080035799998,-13.539603730999886],[-72.64216023299997,-13.537052356999936],[-72.64242573199994,-13.53154310699989],[-72.64920623199998,-13.524312855999938],[-72.64804673299994,-13.519401855999945],[-72.64969160699997,-13.51763873199991],[-72.6518096069999,-13.518207106999967],[-72.65493385699995,-13.514029480999966],[-72.65676810799994,-13.51335498099985],[-72.65961998299997,-13.515331105999906],[-72.66445985699994,-13.517177105999906],[-72.66836498199996,-13.517283605999921],[-72.67004535699988,-13.521046730999956],[-72.67206748299998,-13.52209960599987],[-72.67622248199996,-13.520088230999875],[-72.67755960799991,-13.517141605999882],[-72.68024585699993,-13.514810480999927],[-72.68571298199993,-13.514774980999903],[-72.69002023199988,-13.51195860599995],[-72.69570048299994,-13.510360980999906],[-72.69903760699992,-13.507828605999919],[-72.70210248199993,-13.502976855999918],[-72.70765235699997,-13.502089355999942],[-72.70923810699998,-13.501178231999972],[-72.71040960699992,-13.49643298199993],[-72.71629085699982,-13.490433355999926],[-72.7187877319999,-13.48972323099997],[-72.72245623199996,-13.489959980999913],[-72.72533173199992,-13.49168760599997],[-72.7297013569999,-13.49055485599996],[-72.73137873199994,-13.48534485599987],[-72.73328248199988,-13.483784730999957],[-72.73744935699995,-13.482989981999935],[-72.74544885699999,-13.482895355999972],[-72.74846635699998,-13.481120355999963],[-72.75032460699998,-13.478201355999943],[-72.75133973299995,-13.472357730999931],[-72.75541023199997,-13.467594105999979],[-72.75886598199997,-13.462616855999897],[-72.76350635799997,-13.45945448099991],[-72.76734185699996,-13.45575973099983],[-72.7701246069999,-13.453890480999974],[-72.77050485799992,-13.449663105999946],[-72.77286310699992,-13.448880605999875],[-72.76898048199985,-13.443826230999946],[-72.76718748199988,-13.442351605999932],[-72.76652535699992,-13.43994335699989],[-72.76132623199999,-13.429626980999956],[-72.75461523199982,-13.421876980999969],[-72.7510663569999,-13.419720730999927],[-72.74771485699989,-13.416603480999925],[-72.7444023569999,-13.415335980999942],[-72.73802535799985,-13.415812480999932],[-72.73537698199993,-13.415058605999889],[-72.73001173199998,-13.412039105999895],[-72.72701373199999,-13.409265605999963],[-72.72534960699988,-13.406667980999941],[-72.72208198199996,-13.40472073099994],[-72.71957410699997,-13.405711230999941],[-72.71513860699997,-13.409932105999928],[-72.71102510699995,-13.415297480999868],[-72.7047489819999,-13.41781635599989],[-72.70023873299994,-13.418830230999959],[-72.69492960699995,-13.421003231999975],[-72.69357748199997,-13.419375730999889],[-72.69016648199994,-13.41259685599988],[-72.68533610699996,-13.406667730999914],[-72.67972748199998,-13.403600105999942],[-72.67542373199984,-13.402569980999886],[-72.66710335699992,-13.403193605999888],[-72.66246785699997,-13.400251355999899],[-72.65253073199989,-13.39658748099987],[-72.64786748199998,-13.391008105999902],[-72.64320423199996,-13.387621730999967],[-72.63942935699998,-13.383680230999971],[-72.6380942319999,-13.380291105999959],[-72.63369748199995,-13.3786256059999],[-72.62972260699985,-13.374650730999917],[-72.62497048199992,-13.378825480999922],[-72.61639910799994,-13.382089730999894],[-72.61437835699991,-13.383621980999862],[-72.61224660699992,-13.378869855999937],[-72.60431910699998,-13.369232605999969],[-72.60001123199999,-13.365302105999945],[-72.59550335699987,-13.363636731999975],[-72.59378510699997,-13.360623105999935],[-72.58713160699995,-13.361105230999954],[-72.58366773199998,-13.362304355999868],[-72.57866073199995,-13.361580355999934],[-72.57663710699984,-13.358098605999942],[-72.57171985699995,-13.353535105999924],[-72.56510460699997,-13.350315980999937],[-72.56340660699993,-13.347238355999934],[-72.5618147319999,-13.342038105999904],[-72.55852473199991,-13.336590230999889],[-72.55222798199992,-13.333583355999963],[-72.54668160699993,-13.332609355999864],[-72.54410535699986,-13.334175105999918],[-72.54252085799993,-13.335996105999925],[-72.54103735699994,-13.343808855999953],[-72.5355343579999,-13.34912335599995],[-72.53511973199988,-13.351686355999902],[-72.53802573199988,-13.356371355999954],[-72.54089035699997,-13.363909730999978],[-72.54067923199989,-13.367799480999963],[-72.53335198299999,-13.372895355999958],[-72.52451710699995,-13.370724356999858],[-72.51411423199994,-13.374010980999913],[-72.50775198199995,-13.372382730999846],[-72.50669660699987,-13.367950230999895],[-72.50223385699991,-13.365688731999853],[-72.49578110699997,-13.366955230999906],[-72.49144373199994,-13.368769605999944],[-72.48473610699995,-13.366726230999973],[-72.48153548199991,-13.366614605999871],[-72.47606473199994,-13.364642105999849],[-72.47264085699999,-13.361329856999873],[-72.46814423199999,-13.361586730999932],[-72.46571485699991,-13.364825980999967],[-72.46309485699993,-13.365183230999946],[-72.45890285699983,-13.36203923099987],[-72.45671160699999,-13.361300855999957],[-72.4537104819999,-13.362968105999812],[-72.45125723199988,-13.362539480999942],[-72.44939935699989,-13.359228730999916],[-72.44368298199998,-13.354988856999967],[-72.44280160699998,-13.352750105999917],[-72.44475473199998,-13.348296105999964],[-72.44368298199998,-13.344675730999938],[-72.43910160699988,-13.344052730999977],[-72.43694235699991,-13.34612860599998],[-72.43039235699996,-13.34586648099986],[-72.42786760699994,-13.348700980999979],[-72.42522373199995,-13.34917748099997],[-72.41498185699993,-13.347367105999922],[-72.4139338569999,-13.345985730999871],[-72.40897960699988,-13.34489010599998],[-72.40759823199983,-13.346200105999912],[-72.40483523199998,-13.34634298099985],[-72.40092910699991,-13.351082855999891],[-72.39892835699993,-13.352511855999921],[-72.39574598199988,-13.353083980999827],[-72.39169473199996,-13.356663355999956],[-72.3872358569999,-13.36239885599997],[-72.38305648199997,-13.365245105999918],[-72.38082085699989,-13.36548048099985],[-72.37799860699988,-13.36405548099998],[-72.37386498199999,-13.363216355999896],[-72.37120348199994,-13.36134485599996],[-72.36914335699993,-13.358814605999953],[-72.37105898199991,-13.356898980999915],[-72.37340823199997,-13.352127980999967],[-72.37402735699993,-13.344855480999968],[-72.37373660699996,-13.342282980999926],[-72.37571498199986,-13.341660730999934],[-72.38126335699991,-13.342436980999878],[-72.38365573099998,-13.333810980999885],[-72.38050823199995,-13.325881230999869],[-72.38360173199993,-13.322611980999909],[-72.38439873199991,-13.319234730999824],[-72.38188610699996,-13.314128230999813],[-72.38356535699995,-13.307612480999978],[-72.38579910699997,-13.30448973099982],[-72.38223310699993,-13.300495230999957],[-72.37704685699993,-13.300267480999878],[-72.37566560699986,-13.296513105999907],[-72.37150523199989,-13.290688480999904],[-72.3670476069999,-13.286260605999928],[-72.36348160699993,-13.28480448099998],[-72.35838385699992,-13.286299855999971],[-72.35615773199993,-13.29017498099995],[-72.34813973199994,-13.297368480999978],[-72.34622298199997,-13.30359323099998],[-72.34618160699989,-13.306788105999829],[-72.34513048199989,-13.309426230999975],[-72.34142573199995,-13.31095510599988],[-72.33955110699992,-13.312957480999955],[-72.3357232319999,-13.314749730999893],[-72.32954973199992,-13.315148105999981],[-72.32342073199993,-13.311983980999855],[-72.32005735699994,-13.30921810599989],[-72.31538860699999,-13.307779855999968],[-72.31282573199996,-13.308806980999975],[-72.31353173199994,-13.313209355999902],[-72.30975248199996,-13.315389730999982],[-72.30327360699988,-13.317653105999966],[-72.29957735699998,-13.316822480999974],[-72.29365923199992,-13.316324105999968],[-72.28537373199998,-13.311714105999897],[-72.28175598199988,-13.31352635599984],[-72.27783623199991,-13.316390730999956],[-72.27766398199998,-13.318178230999877],[-72.27386673199993,-13.321282730999883],[-72.27150448199995,-13.324875230999965],[-72.26889610699999,-13.327336230999833],[-72.26712448199993,-13.330239605999964],[-72.26550048199994,-13.33058410599989],[-72.26107123099996,-13.32940298099993],[-72.25865623199996,-13.327925730999937],[-72.25605148199992,-13.328566355999897],[-72.24934910699994,-13.326785480999831],[-72.24425923199988,-13.327566605999891],[-72.23896773199994,-13.330136730999982],[-72.23355035699996,-13.331144605999896],[-72.23171485699999,-13.328601605999893],[-72.22752148199993,-13.326885230999892],[-72.22170873199991,-13.326022105999982],[-72.21952173199998,-13.326280980999911],[-72.21286348199993,-13.329715980999936],[-72.21153498199999,-13.331310230999918],[-72.21173973199996,-13.335679230999915],[-72.21475398099994,-13.339855605999901],[-72.21548035699993,-13.342579605999958],[-72.21380285699996,-13.351365230999818],[-72.21446535599995,-13.35397110599996],[-72.21106448199993,-13.357946105999929],[-72.21252198199994,-13.361302730999967],[-72.21194785699993,-13.364526980999926],[-72.20996035599995,-13.366779480999924],[-72.19969510599998,-13.372424855999952],[-72.19613360699992,-13.375675605999959],[-72.19406998199997,-13.376297480999938],[-72.19121023199995,-13.37491623099993],[-72.18629885599995,-13.378824105999968],[-72.17906398199995,-13.38199260599987],[-72.17695160699998,-13.38399935599989],[-72.17716798099991,-13.387173230999963],[-72.17425298199998,-13.39046848099997],[-72.16669073199989,-13.39342598099995],[-72.16081835699993,-13.39393273099995],[-72.1542699819999,-13.392242730999953],[-72.14666548199989,-13.391778105999947],[-72.14210273199996,-13.391693605999876],[-72.13314085699989,-13.389180980999981],[-72.12903623199998,-13.39026998099996],[-72.12288910699993,-13.394143605999943],[-72.11698335699998,-13.397010480999882],[-72.11486898099992,-13.400792980999938],[-72.1173711059999,-13.404933605999872],[-72.11443760699996,-13.412377230999937],[-72.11322673099994,-13.41672773099998],[-72.10927985699993,-13.420360481999921],[-72.10829323199994,-13.422917106999876],[-72.10322523199994,-13.426774105999982],[-72.09869535699994,-13.431034605999969],[-72.09349998199986,-13.431464730999949],[-72.08465010599991,-13.432999230999826],[-72.07767435699998,-13.433751480999888],[-72.07000998199999,-13.438337605999834],[-72.06536085599998,-13.445562355999868],[-72.06077485599997,-13.450965230999884],[-72.05423248099999,-13.453076231999944],[-72.05065435699993,-13.453669981999951],[-72.04054298199998,-13.452224605999902],[-72.03847060599986,-13.450003730999981],[-72.03424410699984,-13.447109355999942],[-72.03004298199994,-13.446222605999935],[-72.02239448199992,-13.44563673099998],[-72.0178672319999,-13.438848605999908],[-72.01443885599991,-13.43952023099996],[-72.01269485699993,-13.440982980999934],[-72.00948798199988,-13.44177060599992],[-72.00596723099994,-13.441222105999941],[-72.00060323199995,-13.444038231999969],[-72.00021185599996,-13.44798760599997],[-72.00241073199999,-13.45121723099993],[-72.00388748099988,-13.455089105999946],[-72.00638523199996,-13.45815285599997],[-72.00765073199995,-13.463880855999946],[-72.01048135699995,-13.466445105999924],[-72.01511035699997,-13.469309106999958],[-72.01720848199994,-13.473571855999921],[-72.01897348199992,-13.475370230999886],[-72.02326948099994,-13.476902105999955],[-72.0262069819999,-13.477851605999945],[-72.03158985599987,-13.477382855999963],[-72.03337885699983,-13.478343731999871],[-72.03855273099998,-13.478294981999852],[-72.04499810699991,-13.48444535599998],[-72.0456836059999,-13.48784385599987],[-72.04814848199999,-13.490269480999928],[-72.05142148199991,-13.489838230999965],[-72.05220635599994,-13.500013106999859],[-72.05455960599994,-13.503968605999944],[-72.05736348199997,-13.505320480999956],[-72.06091848199992,-13.516786480999826],[-72.0622202319999,-13.524497105999899],[-72.06146085699987,-13.527943855999979],[-72.06590110699989,-13.52823035599988],[-72.07074723199997,-13.529877606999946],[-72.07823823199988,-13.52837698199994],[-72.08004660699987,-13.529586605999953],[-72.0837784819999,-13.53395235599993],[-72.08822648099988,-13.535106480999957],[-72.09328623099992,-13.53925660599998],[-72.09481185699997,-13.543801230999918],[-72.09666223099993,-13.547307105999948],[-72.09932398099988,-13.548118605999946],[-72.10208323199993,-13.551104980999924],[-72.10308960699996,-13.553344980999896],[-72.10571910599992,-13.55399423199998],[-72.10815373199995,-13.553182730999879],[-72.11026373199991,-13.55094285599995],[-72.1167561069999,-13.551884231999907],[-72.12266410699988,-13.549806730999876],[-72.12944848199999,-13.545943730999909],[-72.13422048199993,-13.540425231999848],[-72.13901260699998,-13.538108230999967],[-72.14079810599998,-13.53831110599998],[-72.14680348199994,-13.536809855999934],[-72.14919748099999,-13.537012730999948],[-72.15455885699993,-13.540355230999978],[-72.15871798199998,-13.543753605999882],[-72.16120335699998,-13.548673606999841],[-72.16008748199994,-13.551564730999871],[-72.15744323199993,-13.555389480999963],[-72.15729360699999,-13.55800785599996],[-72.15849048099989,-13.562346855999976],[-72.15856535699987,-13.565825481999866],[-72.1626523569999,-13.569596981999894],[-72.16740123199997,-13.580021230999876],[-72.16736260699997,-13.584422605999919],[-72.16627060599996,-13.587578605999909],[-72.1679316069999,-13.592750605999925]]]},"properties":{"ubigeo":"070300","nombre":"ANTA"}},{"type":"Feature","geometry":{"type":"Polygon","coordinates":[[[-71.74622210699994,-13.432665355999973],[-71.74239198099986,-13.438674730999935],[-71.73961848199997,-13.447094480999965],[-71.73743923099994,-13.445971856999904],[-71.73291573099993,-13.448547355999949],[-71.72573410599995,-13.456801355999971],[-71.73616210699998,-13.462661730999969],[-71.73229123099998,-13.465421980999906],[-71.72872323099989,-13.469057230999965],[-71.72801635699994,-13.471884730999875],[-71.72966560599997,-13.474880480999957],[-71.73151698099997,-13.475789355999837],[-71.73461373199996,-13.474914105999972],[-71.73791248099985,-13.476361480999913],[-71.73639773099995,-13.480400730999975],[-71.73323373099998,-13.48521423099993],[-71.72852123199988,-13.48959010699997],[-71.72626598099998,-13.494470856999953],[-71.72633323199994,-13.504194605999885],[-71.72515510599999,-13.509075356999972],[-71.72515510599999,-13.513913980999916],[-71.72448198099988,-13.519299730999933],[-71.72073723099993,-13.531459605999942],[-71.72092035599991,-13.540105480999955],[-71.71952348099995,-13.552474605999919],[-71.72170735599991,-13.554371981999964],[-71.72285273099999,-13.556913481999914],[-71.73238473099997,-13.560537106999902],[-71.73767160699998,-13.570121605999873],[-71.74256835599988,-13.574330105999934],[-71.74655048099993,-13.574967106999964],[-71.7482817319999,-13.569875230999912],[-71.74914960699994,-13.56356710599988],[-71.75101598199984,-13.56089273099991],[-71.75420948199991,-13.559156481999878],[-71.76010035699989,-13.5508782309999],[-71.76158860599986,-13.549389980999877],[-71.76864960599994,-13.54699835599996],[-71.7699988569999,-13.545629106999911],[-71.77275698099987,-13.538644480999949],[-71.7734317309999,-13.53537035699992],[-71.77561435599995,-13.532770980999885],[-71.77960298199991,-13.525627480999901],[-71.78440485599992,-13.522016105999967],[-71.78716298099988,-13.520627105999893],[-71.79371273199996,-13.515832730999932],[-71.79756035599996,-13.51202073099995],[-71.80277735699997,-13.508365105999815],[-71.8046259809999,-13.508258105999914],[-71.80660860599988,-13.507480980999844],[-71.81244923099996,-13.507186355999977],[-71.81469985699994,-13.505498355999919],[-71.81680060699995,-13.50290485599993],[-71.82013398199996,-13.50124710599988],[-71.82250973099997,-13.50110098099998],[-71.82494035599984,-13.499547605999965],[-71.8279191069999,-13.495709731999966],[-71.83413273099995,-13.49340710599995],[-71.83738560699999,-13.493005106999817],[-71.84286023099997,-13.490561356999933],[-71.84649773099994,-13.486566105999941],[-71.85157923199995,-13.48726810599993],[-71.84960673099988,-13.491948480999952],[-71.85522310699997,-13.49592673099994],[-71.86050523099993,-13.494923730999915],[-71.86480310599995,-13.496512605999953],[-71.8673738569999,-13.498741355999982],[-71.87545510599995,-13.499350980999964],[-71.87940860599997,-13.497556980999946],[-71.88294885699986,-13.498097230999974],[-71.88686260599997,-13.495993105999958],[-71.88856785699988,-13.493381230999944],[-71.89110823199997,-13.492000980999933],[-71.89615448099994,-13.487578106999933],[-71.89754160699988,-13.48560773099996],[-71.90475923099996,-13.48074235599995],[-71.90737273199983,-13.479938230999835],[-71.91210373099995,-13.476882105999834],[-71.91482173099996,-13.47612948099993],[-71.92305935599995,-13.471780605999982],[-71.9279517309999,-13.471069855999872],[-71.93167323199998,-13.467599105999852],[-71.92909285699989,-13.464100730999917],[-71.92445698099993,-13.4593342309999],[-71.92445698199992,-13.457179480999969],[-71.92772173099996,-13.446601730999873],[-71.92726460699998,-13.444642980999902],[-71.92785235699995,-13.439158230999965],[-71.92923323099996,-13.436067855999966],[-71.93826885599992,-13.44241535599997],[-71.9405811069999,-13.442589480999914],[-71.94480785699994,-13.441122605999965],[-71.94973073099999,-13.440351730999964],[-71.95539948199996,-13.44071773099995],[-71.96194310599992,-13.439720855999951],[-71.9651499819999,-13.436990730999923],[-71.97017673199997,-13.436340730999973],[-71.9784106059999,-13.431227105999938],[-71.98021685699996,-13.429496105999874],[-71.97827898199995,-13.428141480999955],[-71.97390248199997,-13.422755105999897],[-71.97258898199988,-13.417714355999976],[-71.97267923099997,-13.411822855999958],[-71.97163098099992,-13.407821480999928],[-71.96939623199995,-13.402099231999955],[-71.96867898199986,-13.398602105999942],[-71.97169773199994,-13.394537230999958],[-71.97274385599991,-13.39139885599991],[-71.97498198099998,-13.38765148099992],[-71.97408510599996,-13.38421423099993],[-71.97468298199993,-13.38178573099998],[-71.97823335699991,-13.380212480999944],[-71.98267198199989,-13.380378855999936],[-71.98530748199983,-13.377604730999906],[-71.98554248199997,-13.371432855999956],[-71.98692185699997,-13.367816355999935],[-71.99120273099999,-13.36255235599998],[-71.99291035599998,-13.35689223099996],[-71.99437410599995,-13.354452605999825],[-71.99949748199998,-13.351036980999936],[-72.00214523199998,-13.34553323099982],[-72.00657373199994,-13.3400082309999],[-72.00767023199995,-13.334947105999845],[-72.01121310699989,-13.327355480999927],[-72.01762385599994,-13.32031210599996],[-72.02095248199998,-13.317248855999821],[-72.02416635599991,-13.31576598099997],[-72.02610748199993,-13.31606248099996],[-72.02874398199992,-13.320435605999876],[-72.03286323099996,-13.318982480999978],[-72.03151560699996,-13.32258398099998],[-72.03437885699998,-13.324507855999911],[-72.03837798199999,-13.31912048099997],[-72.03989173199994,-13.316153480999958],[-72.03996910599994,-13.312435730999937],[-72.03865248099999,-13.306743105999942],[-72.04252510599997,-13.299733855999932],[-72.04412773199994,-13.290567855999882],[-72.0437118559999,-13.284329730999957],[-72.04485098199984,-13.281490855999891],[-72.04438085699991,-13.278832855999951],[-72.04532110699984,-13.27461998099983],[-72.04490523199996,-13.269394355999907],[-72.0479981069999,-13.264232480999851],[-72.0483758559999,-13.261310855999966],[-72.04702935699987,-13.256556605999947],[-72.05012435699996,-13.25499810599996],[-72.05339423099997,-13.250433855999972],[-72.05256135699989,-13.246642105999967],[-72.05538598099992,-13.244393605999903],[-72.05503298199994,-13.24108585599987],[-72.05592485699992,-13.23881873099998],[-72.05566473199991,-13.233429605999902],[-72.05853648099992,-13.228035855999963],[-72.05742173199997,-13.223890480999955],[-72.05846673199994,-13.221626105999917],[-72.05768298099991,-13.219448980999914],[-72.05955548099996,-13.214986355999883],[-72.06267510599997,-13.212039980999918],[-72.06697323099996,-13.210930730999962],[-72.07061285699996,-13.207637855999849],[-72.07511898199994,-13.206597980999959],[-72.07719873199994,-13.201710480999964],[-72.08443273099994,-13.19541235599985],[-72.08776035699987,-13.195717355999932],[-72.08827673199994,-13.193243105999954],[-72.09830985699983,-13.188968355999918],[-72.10040373199996,-13.188750105999816],[-72.10507548099997,-13.190326605999871],[-72.11175385699994,-13.188927730999922],[-72.11680123099984,-13.190717480999979],[-72.1200397319999,-13.18979610599996],[-72.12777310699994,-13.191610855999897],[-72.13120698099993,-13.191666605999899],[-72.1342222319999,-13.188707355999895],[-72.13789448099993,-13.188037105999967],[-72.13734273099993,-13.184016605999943],[-72.13776273199994,-13.180854730999897],[-72.14592385599991,-13.180065980999927],[-72.15007423099996,-13.174951230999909],[-72.14839848199995,-13.171494480999911],[-72.15002760699991,-13.168788855999935],[-72.15058173199992,-13.164448480999908],[-72.14987398199997,-13.162183855999956],[-72.15130660699987,-13.158142605999956],[-72.14905023199987,-13.155578605999949],[-72.15008098199996,-13.153247230999966],[-72.15159748099995,-13.14485060599992],[-72.15328035699991,-13.142186230999926],[-72.15242160699984,-13.138597855999933],[-72.15691510699992,-13.132991230999949],[-72.16025223199989,-13.131736980999904],[-72.16098323199998,-13.13041210599988],[-72.16446485599994,-13.128640605999976],[-72.16340473199989,-13.126254480999876],[-72.16258235599997,-13.120223605999968],[-72.16536923099989,-13.116568605999873],[-72.16664860599997,-13.112136855999893],[-72.17021223199993,-13.109943855999916],[-72.17578610599998,-13.110263605999819],[-72.17843610699998,-13.109167105999973],[-72.18099460699989,-13.106699980999906],[-72.18241098199996,-13.10194835599998],[-72.18442123199992,-13.099435604999883],[-72.19063460699994,-13.096150355999953],[-72.19119548099997,-13.094502979999959],[-72.18582898199998,-13.086577105999936],[-72.18335210599992,-13.076174480999953],[-72.18037998199986,-13.071468480999954],[-72.1826091069999,-13.06453335599997],[-72.18436135699994,-13.062382855999942],[-72.17914148199998,-13.059249355999953],[-72.17682985699992,-13.055121355999972],[-72.17592160599992,-13.050085105999926],[-72.17303198099995,-13.042984854999872],[-72.17047260699991,-13.033655480999812],[-72.16915160699995,-13.026307355999961],[-72.17000735599999,-13.023224605999872],[-72.17708860599993,-13.01939847999995],[-72.18062923199994,-13.016885730999945],[-72.17994398199994,-13.01151773099997],[-72.18228535699996,-13.006720730999916],[-72.18536923099992,-13.005921230999945],[-72.19030860699996,-13.006369104999976],[-72.19964598199994,-13.004093855999827],[-72.20290098199996,-13.002380605999974],[-72.20627035699994,-12.998782854999945],[-72.21146810599993,-12.997477230999834],[-72.21371035699991,-12.995628980999925],[-72.21589160699995,-12.991326730999958],[-72.21483123099995,-12.987994104999814],[-72.21477060699988,-12.982176980999895],[-72.21907285599997,-12.972693855999978],[-72.21712123199995,-12.96733985599991],[-72.21798210699995,-12.965816229999973],[-72.22282973199998,-12.96227148099996],[-72.22128460699992,-12.958696354999972],[-72.22147260699995,-12.95659960599994],[-72.2241022319999,-12.956484729999943],[-72.22619273099997,-12.953121605999968],[-72.22982848199996,-12.952394480999942],[-72.2337064809999,-12.953788105999934],[-72.23809973199997,-12.949485855999967],[-72.2400387319999,-12.949061730999972],[-72.24415923199996,-12.950061605999906],[-72.25091548199987,-12.94718335499988],[-72.25367260699988,-12.944183855999938],[-72.25906560699997,-12.941729729999906],[-72.26433735699999,-12.941487355999925],[-72.26794273199988,-12.942184230999942],[-72.26979085699992,-12.937336605999974],[-72.2749387319999,-12.936037854999881],[-72.2786507319999,-12.938893230999895],[-72.2804209819999,-12.938550605999978],[-72.2852751069999,-12.933011230999853],[-72.28653148199993,-12.929870229999949],[-72.28864448199988,-12.93009873099993],[-72.29178548199997,-12.93335385499995],[-72.29583985699998,-12.93369648099997],[-72.29995160699991,-12.92878523099995],[-72.30537685699994,-12.925758604999885],[-72.30977398199997,-12.924959105999903],[-72.31194410699999,-12.92364560599998],[-72.31325760599998,-12.918106229999921],[-72.31519910699996,-12.916564229999949],[-72.32016748199999,-12.914793980999946],[-72.31976760699996,-12.910796479999874],[-72.32216623199997,-12.907427230999815],[-72.32233773099995,-12.90280148099987],[-72.32536423199991,-12.900574355999822],[-72.32742010699991,-12.898004604999926],[-72.32799123199993,-12.894635229999949],[-72.33132748199995,-12.89017322999996],[-72.33367573199996,-12.889194730999975],[-72.33537173199989,-12.881628105999937],[-72.33824185699996,-12.878073105999931],[-72.33653985699988,-12.871641980999925],[-72.33344110699994,-12.865841854999928],[-72.33693710699998,-12.86226648099995],[-72.33876460699986,-12.859326605999968],[-72.34497560699992,-12.85727122999998],[-72.34851898199992,-12.85024773099991],[-72.35022735699988,-12.84860260499994],[-72.35440348199984,-12.846577855999953],[-72.35547910699995,-12.84366723099987],[-72.35511523199995,-12.838435605999905],[-72.35636498199995,-12.837276479999957],[-72.35842235699994,-12.832858980999902],[-72.35980673199998,-12.831474730999958],[-72.36225623199988,-12.824412604999964],[-72.36060010699998,-12.81944423099992],[-72.36139960699995,-12.81184897999998],[-72.36117110699996,-12.804710605999958],[-72.35865835699997,-12.799570980999874],[-72.35803023199998,-12.795744729999967],[-72.35551748199998,-12.792889354999943],[-72.3552319819999,-12.788777729999936],[-72.35780185699991,-12.786493355999937],[-72.35974348199989,-12.783295354999893],[-72.3643691069999,-12.781582230999902],[-72.36516860699999,-12.778783980999947],[-72.36391223199985,-12.774558104999869],[-72.36624998199983,-12.767539104999969],[-72.36516860699999,-12.761537604999887],[-72.36259885599998,-12.75554135599998],[-72.36276385699995,-12.748252354999977],[-72.36358373199994,-12.74521935599995],[-72.36251810699997,-12.738907604999952],[-72.36358373199994,-12.732595730999947],[-72.36243610699984,-12.726365854999813],[-72.36288673199982,-12.718562480999935],[-72.35907523199995,-12.706528854999931],[-72.35505860599994,-12.698987479999971],[-72.35145185699997,-12.694478854999886],[-72.35295698199997,-12.686638729999913],[-72.34817298199982,-12.686035980999975],[-72.34153335699989,-12.684560479999902],[-72.33776260699989,-12.679724104999877],[-72.33522148199995,-12.677838730999952],[-72.33227060699988,-12.676937105999855],[-72.32972948199995,-12.674969729999873],[-72.32397548199992,-12.67185185499983],[-72.32208823199994,-12.668758979999893],[-72.32885835699989,-12.665218354999865],[-72.33349298199994,-12.661836229999892],[-72.33660898199992,-12.65867322999992],[-72.33997548199994,-12.657248355999968],[-72.34395273199993,-12.656606354999894],[-72.34744448099985,-12.656997855999975],[-72.35275248199991,-12.654570855999964],[-72.35560223199997,-12.65104772999996],[-72.36441773199994,-12.645583104999957],[-72.36993360699995,-12.639261730999976],[-72.36754498199997,-12.632820979999906],[-72.3657656069999,-12.631040979999966],[-72.35783135699995,-12.632444480999936],[-72.35135548199997,-12.632143355999972],[-72.34751535599986,-12.63395047999984],[-72.34058773199996,-12.635531729999911],[-72.33586135699989,-12.63290435599987],[-72.33381085699995,-12.636284729999886],[-72.32906710699996,-12.639748604999966],[-72.32417260599988,-12.644115979999981],[-72.31641673199988,-12.648935104999964],[-72.30808460699996,-12.651443104999885],[-72.30216810699983,-12.651901729999906],[-72.29478385699991,-12.65382798099995],[-72.28900498199988,-12.654424229999904],[-72.2839599809999,-12.655662604999975],[-72.27844535699995,-12.655406230999972],[-72.27470698199983,-12.65375972999982],[-72.27189448199982,-12.654328104999934],[-72.26817573199997,-12.653431604999923],[-72.26444860699996,-12.65577197999994],[-72.25648435699992,-12.658107480999945],[-72.24119135699988,-12.658960979999847],[-72.23730960699999,-12.659443229999965],[-72.23017385599991,-12.663390604999961],[-72.22658373099995,-12.66484210499982],[-72.22111285699992,-12.664770229999931],[-72.21434610699993,-12.663042604999873],[-72.20606773199995,-12.659443229999965],[-72.20318835599994,-12.656131855999888],[-72.19580860699995,-12.657058604999918],[-72.19260635599994,-12.6585794799999],[-72.18576760699995,-12.65713972999987],[-72.18180835699991,-12.653396480999959],[-72.1806566059999,-12.649509104999936],[-72.17914660699995,-12.647732479999831],[-72.17496973199997,-12.646485729999881],[-72.16612498199999,-12.641361354999901],[-72.16042848099994,-12.640294980999954],[-72.15718910699997,-12.637631479999925],[-72.15164610699998,-12.63439210499996],[-72.14545535699995,-12.628993104999893],[-72.14178398199994,-12.626401730999817],[-72.13732085599997,-12.621002604999944],[-72.13537723199994,-12.616971355999965],[-72.13681698099992,-12.613156104999973],[-72.13481948199995,-12.610179855999831],[-72.13182673099993,-12.599788479999972],[-72.1294991069999,-12.593803105999882],[-72.12916660599996,-12.591226105999908],[-72.12642323199998,-12.588399604999836],[-72.12451123199997,-12.582497354999873],[-72.12135235699998,-12.578756479999981],[-72.12035473199995,-12.568780729999958],[-72.12160173099994,-12.56080035499997],[-72.12185110699994,-12.555978730999982],[-72.12451123199997,-12.548496979999982],[-72.11835960699989,-12.545421105999935],[-72.11116998199992,-12.540078104999907],[-72.10746948199989,-12.53286848099998],[-72.1019176069999,-12.52881485499995],[-72.0981186059999,-12.526954729999886],[-72.09245948199998,-12.51998972999985],[-72.09150973199985,-12.517259230999969],[-72.08864823199997,-12.51510972999995],[-72.08401460699992,-12.515038480999976],[-72.08037910699994,-12.518388855999888],[-72.07538910699998,-12.517604730999949],[-72.0720959819999,-12.51429973099988],[-72.07113235699995,-12.511484230999883],[-72.06608435699997,-12.507015979999949],[-72.0643221069999,-12.50659110499987],[-72.05733835699994,-12.507956729999876],[-72.05469548199983,-12.509001479999881],[-72.05196048199991,-12.511767230999965],[-72.05184610699996,-12.51866223099995],[-72.04979023199996,-12.520946479999964],[-72.04265185599996,-12.522317104999956],[-72.04156685599997,-12.523687604999907],[-72.03705535699999,-12.525800604999972],[-72.0339144809999,-12.524487105999981],[-72.03145885699996,-12.524772729999825],[-72.02740435699997,-12.527799479999885],[-72.02432048199995,-12.532596354999953],[-72.01992323199994,-12.53802148099993],[-72.01524048099998,-12.542875605999939],[-72.01307048099994,-12.54595935499998],[-72.00987248099995,-12.54710148099997],[-72.00798785599994,-12.550984855999957],[-72.00804398199989,-12.560415104999947],[-72.00308098199986,-12.565869855999892],[-71.99775585699996,-12.572687480999946],[-71.99096435599989,-12.577986604999978],[-71.98689560699995,-12.576555854999981],[-71.9836766069999,-12.579462104999948],[-71.98139610699985,-12.580490479999924],[-71.98215623199997,-12.58545335499997],[-71.98166448199993,-12.589700854999933],[-71.98349760699989,-12.594663854999965],[-71.98358698099992,-12.601638729999934],[-71.98452598199998,-12.60575222999995],[-71.98389998199997,-12.608792479999977],[-71.98001010699994,-12.611117479999962],[-71.97795085699988,-12.610671855999954],[-71.97097848199996,-12.611922354999933],[-71.96936710699993,-12.61091360499995],[-71.96641060699994,-12.612820105999958],[-71.96469760699995,-12.61643948099993],[-71.96657648199988,-12.620418229999814],[-71.96594098199995,-12.627270479999936],[-71.96505673199982,-12.631967604999886],[-71.96149260599998,-12.635421230999953],[-71.96048910699989,-12.637577605999923],[-71.95712585599989,-12.63948785599996],[-71.9587296069999,-12.645506104999981],[-71.95720998099983,-12.648407230999965],[-71.95725635599996,-12.652247855999974],[-71.95638098099988,-12.65487260499998],[-71.9609733559999,-12.658375729999932],[-71.96936710599994,-12.66142085499996],[-71.97027885699998,-12.66316160499997],[-71.96931185699998,-12.666228479999972],[-71.97102485699997,-12.671975479999844],[-71.97301423099998,-12.674710729999958],[-71.97710335599993,-12.6774186049999],[-71.97807048099992,-12.678938229999972],[-71.97859548099996,-12.68333135599994],[-71.97108010699992,-12.687558729999921],[-71.96765398199994,-12.691896604999954],[-71.96489098199987,-12.693581980999852],[-71.95775785699993,-12.693927729999928],[-71.95312073099996,-12.690653229999896],[-71.94676585599996,-12.691924230999973],[-71.94367135699997,-12.694272730999955],[-71.93690198099989,-12.696648979999964],[-71.9315781059999,-12.6976874799999],[-71.92648560599991,-12.699494855999944],[-71.92037935599996,-12.698141104999934],[-71.91742285599997,-12.699329104999947],[-71.9164607319999,-12.70331635599996],[-71.91875960699997,-12.71211822999993],[-71.91751623099987,-12.715986355999974],[-71.91841423199992,-12.718991104999873],[-71.9175853559999,-12.721305105999932],[-71.91530585599992,-12.723204729999907],[-71.91143760699998,-12.72458610599989],[-71.90694785599993,-12.727003729999922],[-71.90389560599988,-12.73066035499994],[-71.90035160699995,-12.733355479999943],[-71.89971960699995,-12.736991729999886],[-71.9026119809999,-12.741608479999968],[-71.90635748199992,-12.743962854999893],[-71.91041460599996,-12.744077230999949],[-71.9115558559999,-12.746051355999953],[-71.91158673099989,-12.749876104999942],[-71.91393098199995,-12.751942604999954],[-71.92090185599994,-12.751973479999947],[-71.91775573199988,-12.756384229999924],[-71.91399260599991,-12.757772229999944],[-71.91041873199998,-12.760105604999978],[-71.90668360699993,-12.761250230999849],[-71.90517760599994,-12.765105855999934],[-71.90445460599994,-12.770587979999902],[-71.90239648099993,-12.773111355999959],[-71.8990867309999,-12.774149105999868],[-71.89444835599983,-12.776799604999951],[-71.89354473199995,-12.778847730999871],[-71.89432785599996,-12.782281355999942],[-71.89221948199997,-12.787883605999923],[-71.88860510699988,-12.78969085599988],[-71.88541235599996,-12.790353479999908],[-71.88161735599994,-12.794389479999893],[-71.87752735599997,-12.795785104999936],[-71.87866573099996,-12.798967729999902],[-71.88318360699992,-12.802220604999945],[-71.88468948199989,-12.80469048099991],[-71.8924002309999,-12.80818435599997],[-71.89480973099995,-12.811075854999956],[-71.89595435599989,-12.816316730999972],[-71.8958941059999,-12.819931104999966],[-71.89324360699999,-12.825352604999921],[-71.89415148099994,-12.828671855999971],[-71.89359135699988,-12.830968855999913],[-71.89140648099993,-12.833209854999893],[-71.88714860699997,-12.834554355999956],[-71.88401123199992,-12.837579605999963],[-71.8763358569999,-12.841277230999935],[-71.87482335699997,-12.84620722999989],[-71.87577573099992,-12.848616354999933],[-71.87521548099994,-12.851025355999923],[-71.87637498199996,-12.854330104999917],[-71.87706435699994,-12.859652980999954],[-71.87700835599986,-12.863910730999919],[-71.87588785699995,-12.86609572999987],[-71.87275048099997,-12.86945710599997],[-71.86644135599994,-12.87159572999991],[-71.86342173099996,-12.87916973099982],[-71.86404985699994,-12.88213922999995],[-71.86570598099996,-12.884366480999915],[-71.86519198199994,-12.887907104999954],[-71.86360535699987,-12.889681855999982],[-71.85687873099994,-12.890902229999881],[-71.85284035599994,-12.893393730999946],[-71.85093348099997,-12.895611105999933],[-71.84820048199998,-12.90138185499984],[-71.84409835699995,-12.905206980999878],[-71.84481910599999,-12.909475355999973],[-71.84226898199984,-12.914741605999893],[-71.84121573199991,-12.919176355999923],[-71.83594948099983,-12.920562230999906],[-71.83339948099996,-12.919231855999897],[-71.83007335699989,-12.92022973099995],[-71.82841035699988,-12.921726355999965],[-71.82760648199991,-12.925210480999851],[-71.82392560699998,-12.930220480999935],[-71.82518660599999,-12.934344605999968],[-71.82811785599995,-12.936730480999927],[-71.82903973099991,-12.949736230999974],[-71.82850348099987,-12.954227979999928],[-71.83152035699999,-12.959725355999865],[-71.83544173099989,-12.962605854999879],[-71.83909123199999,-12.96149248099988],[-71.84317373199991,-12.961430604999919],[-71.84518385599995,-12.962574980999932],[-71.84776373099999,-12.968410105999908],[-71.84914410599998,-12.9738998549999],[-71.84897423099994,-12.979777230999957],[-71.8493752309999,-12.984115480999947],[-71.85123448199994,-12.986995479999962],[-71.85634748099994,-12.988244105999968],[-71.86388910599999,-12.993042605999904],[-71.86890173099994,-12.995093229999952],[-71.87090685599986,-12.995093229999952],[-71.87801573099989,-12.992495730999963],[-71.88056773199992,-12.992814730999953],[-71.88207135699997,-12.994455229999971],[-71.88375748099998,-12.998920980999912],[-71.88758535699998,-13.001427354999976],[-71.88968148199996,-13.005756480999878],[-71.89390210599993,-13.009529355999973],[-71.89754235699996,-13.016767230999903],[-71.90390110599998,-13.020618104999869],[-71.90636773199998,-13.020791230999976],[-71.90752498099988,-13.02724285599993],[-71.91059148099998,-13.0314702309999],[-71.90852610699994,-13.032911105999858],[-71.90497185599997,-13.032911105999858],[-71.90391523099993,-13.03401585499995],[-71.90497185699996,-13.037233980999929],[-71.90305060699995,-13.039779605999968],[-71.90310910599993,-13.04427173099998],[-71.89612973099986,-13.047498980999933],[-71.89500398099995,-13.050425855999947],[-71.88889048199997,-13.053487605999976],[-71.88791010699993,-13.05712310499996],[-71.88868623099995,-13.062024980999922],[-71.88741985599995,-13.064639355999873],[-71.88803773099994,-13.066748104999931],[-71.88773135599996,-13.079972980999912],[-71.88577748099993,-13.082515980999915],[-71.88946285699996,-13.084425980999924],[-71.88871898199989,-13.087347980999937],[-71.88685948199986,-13.088782355999967],[-71.88690410599992,-13.094052480999835],[-71.88429023099991,-13.09580660499995],[-71.87847748199982,-13.098420480999948],[-71.8793029819999,-13.102135105999878],[-71.88314635599994,-13.104808730999935],[-71.88588610599999,-13.109572230999902],[-71.88135585599997,-13.112486980999904],[-71.88093448199999,-13.1153313559999],[-71.87510510599992,-13.117543855999827],[-71.87268198099991,-13.120001980999973],[-71.87099635599998,-13.120001980999973],[-71.86579910599994,-13.124426605999872],[-71.8636218559999,-13.124742730999856],[-71.86372723199992,-13.128710855999884],[-71.8624938559999,-13.130853730999945],[-71.86179173199992,-13.134732480999958],[-71.86319610599992,-13.137909105999881],[-71.86632048099989,-13.140746855999964],[-71.86903710599995,-13.141259480999906],[-71.87384160599993,-13.145010355999943],[-71.87435573199991,-13.148800605999895],[-71.87845798199999,-13.15047335599985],[-71.88006498099998,-13.153076730999942],[-71.87844735599998,-13.155664980999973],[-71.87825760599992,-13.159498855999914],[-71.87637298099997,-13.161760230999903],[-71.87453560699998,-13.166801355999894],[-71.87448860699993,-13.171913105999977],[-71.87157035599995,-13.174501730999964],[-71.87342223199988,-13.181809855999973],[-71.87184823099994,-13.183833605999894],[-71.87146673199999,-13.187437730999932],[-71.86758010699992,-13.189458730999831],[-71.86677185699995,-13.193403355999976],[-71.86110023099997,-13.195078229999979],[-71.85744598199994,-13.199569855999925],[-71.85756023099998,-13.202691105999975],[-71.85512410699988,-13.20596473099988],[-71.85481960699991,-13.208629230999975],[-71.85801698099993,-13.21376785599989],[-71.85797885599999,-13.215709105999906],[-71.86170923199984,-13.22347435599994],[-71.86418348199999,-13.226405355999873],[-71.86384098199983,-13.22777560599991],[-71.86003435599997,-13.230516355999953],[-71.85816923199997,-13.233180855999933],[-71.85824535599994,-13.239651855999966],[-71.85527635599993,-13.24048923099997],[-71.85230723099994,-13.242582730999914],[-71.84933823199998,-13.24848273099991],[-71.84754910599997,-13.2507666059999],[-71.85021373199993,-13.253545355999961],[-71.84701635599998,-13.257009230999927],[-71.84566960599983,-13.261744355999951],[-71.84306498099988,-13.265959105999968],[-71.83993710699997,-13.267143355999906],[-71.83741548099988,-13.271035480999899],[-71.83740135699998,-13.274413230999926],[-71.83609723099988,-13.276043480999931],[-71.83075535599994,-13.27797460599993],[-71.82987760599997,-13.280658105999976],[-71.83153285699996,-13.28996260599996],[-71.83351410599994,-13.291642855999896],[-71.83802373099996,-13.300773105999951],[-71.83571023199994,-13.302271605999977],[-71.83202973099998,-13.306004730999916],[-71.82987398199992,-13.30684598099998],[-71.82550985699999,-13.312182855999879],[-71.82511548099995,-13.31796660599997],[-71.82129698099999,-13.31959935599997],[-71.81199035699996,-13.31570998099994],[-71.80379498099995,-13.314089480999883],[-71.79911848199993,-13.314598730999933],[-71.79453473199999,-13.317376855999953],[-71.79166398099989,-13.323164605999978],[-71.78893223199998,-13.330294980999952],[-71.78907098199994,-13.332054480999943],[-71.78666335699995,-13.337842105999925],[-71.78325535699997,-13.342818480999824],[-71.77944423199995,-13.346243730999902],[-71.77621198199984,-13.347739105999892],[-71.76796273099995,-13.354444855999873],[-71.76251148199992,-13.357821730999945],[-71.75894148199995,-13.362742355999956],[-71.75479273199994,-13.36563685599998],[-71.74981185699994,-13.375098230999981],[-71.74908823099986,-13.378535480999915],[-71.74577160599995,-13.380284230999905],[-71.73968110599998,-13.385590730999866],[-71.73847498099985,-13.390595855999834],[-71.7355202309999,-13.39288735599996],[-71.7314799809999,-13.401691480999943],[-71.72822360599997,-13.405309605999832],[-71.72792210599994,-13.40790260599988],[-71.72918848199993,-13.412183980999828],[-71.72611310599996,-13.415802105999944],[-71.7246152319999,-13.419566355999848],[-71.72508798099994,-13.420807230999912],[-71.7321432309999,-13.420264480999947],[-71.7380528569999,-13.421048355999972],[-71.74372123099988,-13.41954085599997],[-71.74649510599988,-13.420927855999878],[-71.7530078559999,-13.429490730999873],[-71.75479573099994,-13.431307355999877],[-71.7521654809999,-13.433259730999964],[-71.74978823099997,-13.43177385599995],[-71.74622210699994,-13.432665355999973]]]},"properties":{"ubigeo":"070400","nombre":"CALCA"}},{"type":"Feature","geometry":{"type":"Polygon","coordinates":[[[-70.97083448099994,-14.430638231999922],[-70.96635810599997,-14.43522185699993],[-70.96584410599996,-14.440255231999913],[-70.9628668549999,-14.44278260699997],[-70.96250273099997,-14.44481735699992],[-70.96957097999996,-14.447301981999885],[-70.97376897999993,-14.447109231999946],[-70.98137260499988,-14.449015481999936],[-70.98572022999997,-14.452351731999897],[-70.98808998099986,-14.45593860699995],[-70.98743510499992,-14.457958356999825],[-70.98845435599998,-14.461225356999933],[-70.98501272999988,-14.465396231999819],[-70.9846481049999,-14.469361981999953],[-70.98309823099993,-14.472233732999939],[-70.98266535599998,-14.475812231999953],[-70.9845341059999,-14.47797735699993],[-70.98594722999991,-14.48287760699992],[-70.98895572999999,-14.486592731999906],[-70.9891608559999,-14.48944160699989],[-70.98658535499999,-14.495732232999842],[-70.98658535499999,-14.49871798199996],[-70.98802123099995,-14.499652356999832],[-70.99340010499992,-14.500222231999885],[-70.99916647999999,-14.502273481999964],[-70.99672773099991,-14.505692231999944],[-70.99418973099989,-14.51259773199996],[-70.99044847999994,-14.519786732999876],[-70.98823223099998,-14.526295106999953],[-70.9832374799999,-14.531965481999919],[-70.98174873099998,-14.536049606999882],[-70.97910072999991,-14.538526481999838],[-70.97927198099995,-14.54212323199988],[-70.98236798099998,-14.543071732999863],[-70.98276322999999,-14.545100606999938],[-70.98157210499994,-14.54851698199991],[-70.97376060599987,-14.554047231999903],[-70.97111247999987,-14.559494231999906],[-70.9686581059999,-14.562831357999926],[-70.96611648099997,-14.568335981999894],[-70.96903010499989,-14.57036435699996],[-70.97252810599986,-14.570003356999905],[-70.97533960599986,-14.580345981999926],[-70.97651073099996,-14.582344232999958],[-70.97978735599997,-14.582978106999917],[-70.98470785499995,-14.580227731999912],[-70.99072423099994,-14.578648481999892],[-70.99356260599995,-14.573558232999972],[-71.00144973099998,-14.572214856999949],[-71.00413647999989,-14.572821481999938],[-71.01471035599991,-14.577978481999878],[-71.01921723099997,-14.582095356999957],[-71.02043073099992,-14.58534548199998],[-71.0151052309999,-14.588285106999933],[-71.01231248099992,-14.591579981999928],[-71.00986497999986,-14.596694731999946],[-71.01159072999991,-14.59791860699994],[-71.01494835599982,-14.596757481999873],[-71.01921585599996,-14.593274231999885],[-71.02489560599997,-14.591925106999895],[-71.03104197999994,-14.593262606999815],[-71.03877035599999,-14.598193857999888],[-71.04275423099995,-14.601380856999981],[-71.05016985599985,-14.610144981999895],[-71.05195885599989,-14.61421835699997],[-71.05710798099989,-14.618406981999954],[-71.05941685499988,-14.619469482999875],[-71.06564748099998,-14.624096856999927],[-71.06936760599996,-14.626045731999966],[-71.07390485599996,-14.631446481999888],[-71.07786335599997,-14.631557106999935],[-71.08068698099993,-14.629896231999965],[-71.08562823099993,-14.63007010699988],[-71.0907801059999,-14.631068106999976],[-71.09649848099997,-14.633198982999943],[-71.10027460499998,-14.632632482999895],[-71.10972535499997,-14.634220606999918],[-71.11016373099983,-14.636782981999943],[-71.11297848099991,-14.643925731999957],[-71.1172752309999,-14.646377106999978],[-71.11794060499989,-14.648917732999962],[-71.12085698099997,-14.647210856999948],[-71.12714185599987,-14.64529985799993],[-71.12903160499997,-14.641860231999942],[-71.13315085499994,-14.640564981999944],[-71.13879885599988,-14.640288981999959],[-71.14172898099997,-14.638929981999866],[-71.14512623099995,-14.640586231999919],[-71.14894660599992,-14.640220106999948],[-71.15392635599994,-14.636908731999938],[-71.15655185599991,-14.633773856999937],[-71.15827635599987,-14.628930356999831],[-71.16051985599995,-14.627277231999926],[-71.16768898099991,-14.626534982999942],[-71.16942710599994,-14.624166856999977],[-71.17260110599983,-14.622076231999927],[-71.17482797999998,-14.618791356999964],[-71.18025210599995,-14.61453510799987],[-71.18318310599989,-14.61477148199998],[-71.18531847999992,-14.62191860799993],[-71.18575435599996,-14.625099981999881],[-71.18749760499992,-14.62601523199993],[-71.18775910599999,-14.6285428569999],[-71.1939038559999,-14.633118856999886],[-71.19765185599988,-14.63760760699995],[-71.20135622999999,-14.639307231999965],[-71.20689085599997,-14.639699482999958],[-71.20928785599995,-14.644275357999902],[-71.21316648099997,-14.647587606999878],[-71.21765535599997,-14.64841560699989],[-71.22362585599996,-14.647849106999956],[-71.2312242299999,-14.646295481999971],[-71.23777835599998,-14.644082606999973],[-71.24041698099995,-14.64229498199984],[-71.24467285599991,-14.640847981999912],[-71.24782223099999,-14.640592606999917],[-71.24943948099997,-14.642635356999847],[-71.24926923099991,-14.647572232999948],[-71.25191998099996,-14.649010607999912],[-71.25711635599993,-14.653071606999958],[-71.26130835599997,-14.65224210699995],[-71.26401560599993,-14.649883981999892],[-71.26715960499996,-14.64857398199996],[-71.26951760599991,-14.649141606999933],[-71.27253060499999,-14.651237606999814],[-71.27523798099998,-14.650931981999918],[-71.28322898099992,-14.644905981999955],[-71.29040798099999,-14.643017481999948],[-71.29466660599991,-14.64139523199998],[-71.29685673099993,-14.641597981999894],[-71.29981748099993,-14.644355981999922],[-71.30148048099989,-14.648979606999944],[-71.30387335599988,-14.653603357999884],[-71.30663135599991,-14.657294106999927],[-71.30951098099996,-14.65899760799988],[-71.31243123099995,-14.65911923199991],[-71.31458085599996,-14.657821356999932],[-71.3165682309999,-14.652670481999962],[-71.31944785599995,-14.648127856999906],[-71.32208423099996,-14.641841356999976],[-71.32545060599995,-14.637420481999925],[-71.33011485599997,-14.62943035799998],[-71.33503385599994,-14.616430356999956],[-71.33851935599995,-14.61476685699995],[-71.34311385599995,-14.615004606999946],[-71.34802523099995,-14.617460231999871],[-71.35111460599995,-14.618093981999948],[-71.3575311059999,-14.618410856999958],[-71.36497698099993,-14.617933231999928],[-71.36960673099992,-14.6198973569999],[-71.37432998099996,-14.620364981999955],[-71.37793085599998,-14.61877498299998],[-71.3818123559999,-14.614145231999942],[-71.38310748099985,-14.609083981999959],[-71.38733010599998,-14.608255856999847],[-71.39244135599995,-14.606281231999958],[-71.40299023099988,-14.6071444829999],[-71.40670123099994,-14.605578106999872],[-71.40827935599998,-14.60268948199996],[-71.41166935599989,-14.603736356999889],[-71.41716998099992,-14.602072231999955],[-71.41868098099997,-14.60741710699989],[-71.42355898099999,-14.610926731999939],[-71.42462973099992,-14.616756481999914],[-71.42665223099993,-14.621812856999952],[-71.42986448099998,-14.621277356999883],[-71.43041960599999,-14.618834356999969],[-71.43273785599996,-14.615425231999893],[-71.43765748099997,-14.612550231999876],[-71.44438673099995,-14.613886731999969],[-71.44607110599998,-14.611895731999937],[-71.44887523099999,-14.61091285699996],[-71.45418473099983,-14.606299856999897],[-71.45547460599988,-14.600535106999871],[-71.45932673099992,-14.599122232999946],[-71.46490085599999,-14.59550348199997],[-71.47097385599994,-14.595205357999873],[-71.47681773099993,-14.59302835699998],[-71.48245535599995,-14.589109606999898],[-71.48678673099994,-14.587459481999815],[-71.4877492309999,-14.586336606999964],[-71.48770335599994,-14.581546856999978],[-71.4892846059999,-14.578521857999874],[-71.49350135599985,-14.579186482999887],[-71.49874948099995,-14.580859481999937],[-71.50466210599996,-14.580171856999982],[-71.50887885599997,-14.576780106999934],[-71.51206435599994,-14.577009231999966],[-71.51687685599995,-14.576367607999885],[-71.52150623099982,-14.571852981999939],[-71.52845010699997,-14.571669606999933],[-71.53216260599993,-14.569079981999892],[-71.53459473099997,-14.562517107999952],[-71.53745035599991,-14.557573231999982],[-71.53972335599997,-14.555912231999912],[-71.54033523099997,-14.553027231999977],[-71.53823710599983,-14.545683857999961],[-71.53893648099995,-14.541924731999814],[-71.54356985599998,-14.537990731999912],[-71.55196235599993,-14.538165481999897],[-71.56743610599989,-14.541400107999948],[-71.57145748099992,-14.543935356999896],[-71.5767902309999,-14.54603348199987],[-71.57941285599992,-14.547694481999883],[-71.58309010599999,-14.547796606999896],[-71.59295485599995,-14.545813731999885],[-71.59412223099991,-14.546529106999913],[-71.59984498099993,-14.545550231999925],[-71.6018779819999,-14.54611498199995],[-71.60985973099997,-14.543366481999897],[-71.61237273099988,-14.540056231999927],[-71.6140154819999,-14.53452348199994],[-71.61538010599986,-14.533252856999923],[-71.62215710599997,-14.533535231999963],[-71.6320871069999,-14.529534981999973],[-71.64027598199988,-14.530334981999943],[-71.64517048099992,-14.530193856999972],[-71.64775885599994,-14.532170481999913],[-71.65180610599998,-14.52732298199993],[-71.65133560599998,-14.524028732999966],[-71.64860598099989,-14.519369481999888],[-71.64984573099997,-14.513890606999894],[-71.64648173099988,-14.510316981999893],[-71.64680623099991,-14.506511106999938],[-71.64630460599989,-14.502439606999872],[-71.64449423199994,-14.500833357999909],[-71.63790410599984,-14.497498606999955],[-71.63576035599993,-14.497498606999955],[-71.63004373099994,-14.499165981999909],[-71.62662960599994,-14.499245356999893],[-71.62319335599989,-14.49723785699996],[-71.60705873199993,-14.480743231999895],[-71.60496998199994,-14.477573856999925],[-71.60691473099985,-14.470442981999952],[-71.60720285599996,-14.466913731999966],[-71.60914760599996,-14.464680606999934],[-71.60986785599994,-14.461583356999824],[-71.60947385599985,-14.457946981999953],[-71.60765910599997,-14.4544276069999],[-71.60925385599995,-14.451128106999931],[-71.60913998099994,-14.445061106999958],[-71.60589235599997,-14.442254606999882],[-71.60072035599995,-14.442094231999931],[-71.59418523199997,-14.438966982999943],[-71.58781835699995,-14.437652356999934],[-71.58644723099985,-14.436000106999927],[-71.58592598099989,-14.431790231999969],[-71.58047335599991,-14.428542731999926],[-71.57694510599993,-14.42485410699993],[-71.57594273099994,-14.418278856999962],[-71.57337685599992,-14.418038356999944],[-71.56896660599989,-14.416354356999875],[-71.56732273099993,-14.41438985699989],[-71.5629124809999,-14.414510106999955],[-71.55441273099996,-14.410741356999893],[-71.5531698559999,-14.409378231999938],[-71.54974610599993,-14.405521481999926],[-71.55365235599993,-14.39839398199996],[-71.55559048099991,-14.393665106999833],[-71.55357485599995,-14.39102935699998],[-71.55341985599989,-14.384827356999836],[-71.55590060599997,-14.38250173199998],[-71.56452060599992,-14.379515481999874],[-71.56785148099982,-14.377324231999921],[-71.56864035599989,-14.375045231999934],[-71.56653673099993,-14.369961356999852],[-71.56346885599993,-14.365578606999975],[-71.55812198099994,-14.365666356999952],[-71.55522935599987,-14.363474981999957],[-71.55487885699989,-14.361809606999941],[-71.55610598099992,-14.357339231999902],[-71.55375285699989,-14.350660106999896],[-71.5601399809999,-14.345760231999918],[-71.56022748099997,-14.341429356999981],[-71.55878385599988,-14.335917106999943],[-71.55681523099997,-14.330711231999885],[-71.55410285599999,-14.327911356999948],[-71.55502148099998,-14.323317981999878],[-71.55834635599984,-14.319643106999933],[-71.5578651059999,-14.313780981999912],[-71.55677148099994,-14.311856106999926],[-71.55265923099995,-14.30844385699993],[-71.55025310599996,-14.30336910699998],[-71.55007810599989,-14.300919231999956],[-71.55143423099992,-14.297375731999864],[-71.5545976059999,-14.292945356999951],[-71.55275348099991,-14.28925660699997],[-71.55080060599988,-14.280917605999946],[-71.54779223099996,-14.275059231999933],[-71.54927010599994,-14.272472981999954],[-71.54884785599995,-14.264767356999926],[-71.54911723099997,-14.262384731999873],[-71.54578660599998,-14.262444981999977],[-71.54378110599998,-14.263500606999912],[-71.53528623099999,-14.265496481999946],[-71.52996760699995,-14.264491731999954],[-71.52836910599984,-14.265820356999939],[-71.52586523199989,-14.265724606999925],[-71.52344723099992,-14.264253856999915],[-71.52038085599997,-14.260505856999941],[-71.51697848099991,-14.254380856999944],[-71.51497223099983,-14.252546606999886],[-71.51782710599997,-14.247780856999839],[-71.52017623099982,-14.2404168569999],[-71.52173298099984,-14.233885481999948],[-71.52089073199994,-14.229847106999955],[-71.52175135599992,-14.22737260699995],[-71.52179110599985,-14.223590231999879],[-71.52271598099998,-14.22160110699997],[-71.52682323099992,-14.219807981999963],[-71.52889485599991,-14.217055481999921],[-71.52947035599993,-14.214204106999887],[-71.53470323099998,-14.208148731999927],[-71.53539348099997,-14.206143606999888],[-71.53873185599997,-14.200109106999946],[-71.54255935599997,-14.197647105999977],[-71.54438423099987,-14.19514473199996],[-71.54359510599994,-14.189356356999951],[-71.5447337309999,-14.185438481999881],[-71.54743160599992,-14.182034231999921],[-71.54987835599997,-14.17519535699995],[-71.55120523199997,-14.17354648199995],[-71.55414173099996,-14.172870231999923],[-71.55745948099991,-14.169830481999952],[-71.55977935599992,-14.16424760699988],[-71.56337735599993,-14.161186980999958],[-71.56886060599999,-14.158247606999964],[-71.57526235599988,-14.158832980999875],[-71.5812966069999,-14.155772856999818],[-71.58278360599996,-14.15269935699996],[-71.58796923099999,-14.149091356999975],[-71.59572660599997,-14.14988673199997],[-71.59491598199997,-14.14785348199996],[-71.59581835599994,-14.142746106999937],[-71.5947929809999,-14.140591855999958],[-71.5953437309999,-14.135648481999965],[-71.5925839809999,-14.127689481999937],[-71.59024148099991,-14.122231231999933],[-71.58832285699998,-14.11417348099991],[-71.58340785699988,-14.107998231999943],[-71.58447910699988,-14.103398481999932],[-71.5834078559999,-14.101129980999929],[-71.57427110599986,-14.097853356999963],[-71.57237698099988,-14.094640606999974],[-71.56085448199997,-14.088420481999947],[-71.55739360599995,-14.083456731999945],[-71.55279410599991,-14.085278231999894],[-71.54631673099988,-14.09018060699998],[-71.53688835599996,-14.098077731999979],[-71.53418110599995,-14.102750981999918],[-71.5307003559999,-14.106360731999814],[-71.52367435599996,-14.111388481999882],[-71.52083823099997,-14.11416023199996],[-71.51321185599994,-14.12017498199998],[-71.51023073099998,-14.121262731999934],[-71.50809548099988,-14.1207793559999],[-71.50420498099987,-14.123236981999924],[-71.49673635599999,-14.136444231999974],[-71.49519923199989,-14.137906106999878],[-71.49181710599993,-14.138279731999887],[-71.48117098099988,-14.135636605999935],[-71.47214023099997,-14.131671856999901],[-71.46722085599993,-14.128808356999969],[-71.4606328569999,-14.121669356999917],[-71.45943535599986,-14.119366856999932],[-71.45920735599998,-14.11512360599994],[-71.4614184809999,-14.110173856999836],[-71.46091598099997,-14.1087416069999],[-71.45563948099993,-14.106304480999938],[-71.45099123099999,-14.10836473199987],[-71.44332798099992,-14.10816373199998],[-71.44101623099988,-14.10590248099993],[-71.44033985599987,-14.10366598099995],[-71.43775198099996,-14.101829981999913],[-71.42877535599996,-14.106453230999932],[-71.42447260599982,-14.106378856999982],[-71.42046285599997,-14.112232481999968],[-71.41682623099996,-14.11512110599989],[-71.42274998099992,-14.118896481999968],[-71.42633785599998,-14.123288981999963],[-71.42736323099996,-14.127423856999883],[-71.42744923099997,-14.131800731999931],[-71.43041210599989,-14.138294981999934],[-71.43685548099995,-14.143927731999952],[-71.43547223099989,-14.145177231999924],[-71.43371110599992,-14.1497797319999],[-71.44091748099999,-14.152127855999936],[-71.44009823099992,-14.156320606999941],[-71.43764048099996,-14.160368731999938],[-71.43532723099997,-14.166681731999859],[-71.42843360599989,-14.177417981999895],[-71.42747198099994,-14.180609105999963],[-71.42504248099988,-14.18582773199995],[-71.41942185599999,-14.18904935699993],[-71.41793673099994,-14.19135710699993],[-71.41902198099996,-14.195243606999895],[-71.41699310599995,-14.199191731999974],[-71.4173769809999,-14.202022856999918],[-71.41600960599999,-14.209885106999934],[-71.41338885599998,-14.20583998099994],[-71.40957160599999,-14.20339023199989],[-71.40834673099994,-14.201139730999955],[-71.40621023099993,-14.200626981999903],[-71.4000571059999,-14.202193731999955],[-71.39678110599993,-14.20085485699991],[-71.39712298099988,-14.208574730999885],[-71.39296373099984,-14.214272106999942],[-71.38750723099992,-14.217089856999849],[-71.38516660599987,-14.219072481999945],[-71.38423560599995,-14.221507106999923],[-71.38022573099988,-14.22419223199995],[-71.37471210599995,-14.225373731999923],[-71.37034410599995,-14.228560106999964],[-71.36674223099988,-14.229900355999916],[-71.36744973099991,-14.239709856999866],[-71.36707773099994,-14.245015606999914],[-71.36619673099989,-14.248343980999891],[-71.36878110599991,-14.250399731999892],[-71.36746935599984,-14.255901356999914],[-71.36956423099997,-14.25911223199995],[-71.36731273099986,-14.263380356999846],[-71.36996198099996,-14.264989730999957],[-71.37258673099996,-14.273065481999879],[-71.37221985599996,-14.27713498199995],[-71.37085223099996,-14.279503356999896],[-71.36781673099989,-14.28077085699988],[-71.36464785599998,-14.27943660699998],[-71.3626889809999,-14.283731481999894],[-71.35925860599986,-14.28560848199993],[-71.35323923099998,-14.287032481999972],[-71.3470904809999,-14.287097231999951],[-71.34217998099996,-14.285125106999942],[-71.3368948559999,-14.279766106999887],[-71.33548635599988,-14.278923856999938],[-71.3302792309999,-14.281096606999938],[-71.32809860599997,-14.284459856999945],[-71.32735348099993,-14.289386731999912],[-71.32717285599983,-14.295201356999883],[-71.32632910599983,-14.30016698199995],[-71.32694573099997,-14.303834356999914],[-71.32632910599983,-14.308183356999962],[-71.3295421059999,-14.310227981999958],[-71.32925285599998,-14.314578231999974],[-71.33253660599996,-14.31829035699991],[-71.33404898099997,-14.32262885699987],[-71.33732073099998,-14.324583481999866],[-71.33720598099995,-14.32935510699997],[-71.3353364809999,-14.331360606999965],[-71.33149523099996,-14.331020731999956],[-71.32918385599993,-14.329593106999937],[-71.32537673099989,-14.330102981999914],[-71.32265735599998,-14.329593106999937],[-71.31636873099995,-14.326125856999852],[-71.31684460599996,-14.321536856999955],[-71.31490710599996,-14.318647606999889],[-71.30970623099995,-14.320449106999888],[-71.30712285599998,-14.317967731999943],[-71.30372360599995,-14.320381106999946],[-71.30114023099998,-14.31915748199998],[-71.29944060599996,-14.315214356999945],[-71.29604135599988,-14.31351473199993],[-71.29291410599996,-14.313548731999958],[-71.28810910599992,-14.31796660699996],[-71.28503023099984,-14.320091481999896],[-71.28260197999998,-14.32061185699996],[-71.27778835599997,-14.319744481999976],[-71.27622723099995,-14.320741981999902],[-71.27194535599995,-14.325572231999956],[-71.27006960599994,-14.326119106999897],[-71.26716410499995,-14.325078356999938],[-71.2560351059999,-14.325359356999911],[-71.25404035599996,-14.327668231999837],[-71.24881848099994,-14.331267106999974],[-71.24951398099984,-14.334454606999941],[-71.24973248099997,-14.34437310699991],[-71.25041410599988,-14.347818356999937],[-71.24957110599996,-14.35019723199997],[-71.25009348099991,-14.352685731999884],[-71.24840373099988,-14.356618106999917],[-71.24920248099988,-14.36236298199998],[-71.24861860599998,-14.364359856999897],[-71.24597673099998,-14.366940481999904],[-71.24625323099997,-14.368568731999915],[-71.25061573099987,-14.369490481999946],[-71.25671398099996,-14.369771731999947],[-71.25904685599988,-14.370912106999981],[-71.2586994809999,-14.377552856999955],[-71.25521135599996,-14.38463635699992],[-71.25054273099994,-14.386353606999819],[-71.24828885599999,-14.388822231999882],[-71.24319085599996,-14.392202981999901],[-71.23728848099984,-14.395082856999977],[-71.23455148099993,-14.3986478569999],[-71.23218598099999,-14.40035423199987],[-71.23144260599992,-14.404814731999977],[-71.23223160599991,-14.40844885699994],[-71.23100160599995,-14.41217960699987],[-71.22916348099994,-14.413544481999907],[-71.22677473099998,-14.417470106999929],[-71.22411810599982,-14.417532606999941],[-71.22134560599994,-14.41526598199988],[-71.21979548099984,-14.416463731999954],[-71.21856248099994,-14.42062085699996],[-71.21391223099994,-14.42424948199988],[-71.20991597999995,-14.429089856999894],[-71.20471735599989,-14.429956606999951],[-71.20249785499993,-14.428793981999945],[-71.19989085499998,-14.429569106999963],[-71.19837610599996,-14.433268106999947],[-71.19527585499992,-14.432951106999894],[-71.19295072999995,-14.429498606999971],[-71.19050235599997,-14.429861481999978],[-71.18974135599996,-14.43310260699991],[-71.18387923099993,-14.437640106999936],[-71.18215998099998,-14.437893731999964],[-71.17956710599987,-14.440289356999926],[-71.17549535599994,-14.441246856999896],[-71.16824498099999,-14.445950356999958],[-71.16308310599993,-14.445339106999938],[-71.15805710599994,-14.440584731999934],[-71.15459323099986,-14.438513106999949],[-71.15077273099996,-14.43915835699994],[-71.14854835599994,-14.441246856999896],[-71.14425248099991,-14.441858231999959],[-71.13997360599984,-14.44134873199988],[-71.13783410499991,-14.451757356999963],[-71.13564373099996,-14.45177435699992],[-71.13470623099994,-14.458282356999973],[-71.13682948099995,-14.461598106999872],[-71.13581148099996,-14.463575981999952],[-71.13232985599996,-14.46461435699996],[-71.12853710499991,-14.46459110699982],[-71.12395310599999,-14.461752356999966],[-71.12111435599996,-14.461193856999898],[-71.11757748099996,-14.463218231999974],[-71.11355198099994,-14.459960606999914],[-71.10978248099997,-14.46131023199996],[-71.10565122999992,-14.458978481999964],[-71.10340810599996,-14.459290106999958],[-71.0981699809999,-14.458129106999934],[-71.09586610499997,-14.458963231999917],[-71.09217210599996,-14.463014731999863],[-71.08986835599995,-14.466708731999972],[-71.08899448099993,-14.470482106999896],[-71.08669072999993,-14.473024231999887],[-71.08261598099995,-14.47269385699991],[-71.0809313559999,-14.471117606999883],[-71.0815271059999,-14.46631148199998],[-71.08078348099991,-14.458303481999963],[-71.07745847999996,-14.455373356999814],[-71.07315435599992,-14.450236356999937],[-71.0704598559999,-14.449659481999902],[-71.06499023099997,-14.449809731999892],[-71.05733248099989,-14.45165498199998],[-71.04980423099988,-14.451606856999945],[-71.04610023099991,-14.453001856999947],[-71.04393560599988,-14.452328356999942],[-71.03647948099996,-14.45165498199998],[-71.03431485599992,-14.446868606999942],[-71.03065897999994,-14.443188731999896],[-71.03123623099992,-14.439773356999922],[-71.02866260499997,-14.437728856999968],[-71.02705110499994,-14.433543981999946],[-71.02707523099991,-14.430441231999964],[-71.02523935499988,-14.429269606999924],[-71.02060910599994,-14.429042606999815],[-71.01434460499996,-14.42736298199992],[-71.00741960599993,-14.428320481999947],[-71.00209360499997,-14.428295606999825],[-70.9983604809999,-14.429141856999934],[-70.99549848099997,-14.428544481999893],[-70.99323372999993,-14.429589731999954],[-70.98999835599994,-14.429689356999859],[-70.9868873559999,-14.427449481999872],[-70.98633985599992,-14.425757106999924],[-70.98254072999998,-14.42104773199992],[-70.97939985599999,-14.41859223199998],[-70.97872460499997,-14.41666410699986],[-70.97396410499994,-14.418019856999933],[-70.97206085499994,-14.420402606999914],[-70.97192698099985,-14.422306356999968],[-70.97400460499989,-14.428517731999818],[-70.97083448099994,-14.430638231999922]],[[-71.23671648099992,-14.492473606999965],[-71.23394810599996,-14.49361060699988],[-71.2284849809999,-14.49950998199995],[-71.22389272999999,-14.502581732999886],[-71.21696635599994,-14.503728481999929],[-71.21221010599999,-14.50628698199995],[-71.20793222999998,-14.509892481999941],[-71.20393535599993,-14.511557481999944],[-71.2025053559999,-14.51323698199991],[-71.19491585499998,-14.517834106999885],[-71.19115385499992,-14.51926410699997],[-71.18872423099998,-14.519203232999928],[-71.18230248099997,-14.521650606999913],[-71.17779473099995,-14.522394357999815],[-71.17432447999994,-14.523905106999848],[-71.16985985599996,-14.523697856999945],[-71.16735098099991,-14.520598481999968],[-71.16439835599988,-14.515199481999957],[-71.16369223099997,-14.51097673199996],[-71.15837873099997,-14.503498356999899],[-71.15651448099993,-14.500000106999892],[-71.15682660499982,-14.496354981999957],[-71.16059810599995,-14.494017981999946],[-71.16209735599983,-14.49216773199987],[-71.16414498099988,-14.487077106999948],[-71.16683685599992,-14.483914106999976],[-71.17007273099989,-14.483266856999876],[-71.17726447999996,-14.485432981999963],[-71.18161297999995,-14.483248231999937],[-71.18751923099995,-14.47923648199992],[-71.19240773099995,-14.47813998199996],[-71.19718973099992,-14.476043606999895],[-71.19965560599996,-14.46991823199994],[-71.20414260499996,-14.466568856999857],[-71.21048498099998,-14.463223231999962],[-71.21767373099988,-14.462328981999974],[-71.22658985599998,-14.456526231999817],[-71.23504848099986,-14.452606856999978],[-71.23999935599994,-14.447229481999955],[-71.24128823099994,-14.444933356999911],[-71.24816660599998,-14.438878981999949],[-71.25048997999994,-14.438689606999958],[-71.25348685599994,-14.44075798199998],[-71.25748310599988,-14.440517856999975],[-71.26117285599992,-14.437913731999913],[-71.26633573099997,-14.435514481999974],[-71.26971860599991,-14.434631981999871],[-71.27265635599997,-14.435476606999941],[-71.27591473099994,-14.433670231999884],[-71.28426310599997,-14.435577231999957],[-71.28429810599994,-14.437387231999935],[-71.28016048099994,-14.442595981999887],[-71.27861935599998,-14.446097356999871],[-71.27846785499997,-14.451430606999907],[-71.27553923099998,-14.455701106999925],[-71.27398948099989,-14.459006856999963],[-71.26771098099982,-14.465595106999842],[-71.25697585599994,-14.472988481999948],[-71.2526742309999,-14.477438231999884],[-71.24459023099985,-14.483272231999877],[-71.23965523099997,-14.48815848199996],[-71.23671648099992,-14.492473606999965]]]},"properties":{"ubigeo":"070500","nombre":"CANAS"}},{"type":"Feature","geometry":{"type":"Polygon","coordinates":[[[-70.94287910499992,-14.351939481999977],[-70.94831760599993,-14.352597981999907],[-70.95581698099988,-14.357950606999964],[-70.96040323099999,-14.360091481999973],[-70.96257723099995,-14.36184523199995],[-70.96343160599992,-14.365131231999953],[-70.96623560599994,-14.370761356999878],[-70.96910535599989,-14.375077106999981],[-70.97048248099998,-14.378283856999929],[-70.97264748099997,-14.378586606999932],[-70.97680860499997,-14.377352856999892],[-70.97804235599995,-14.37924848199998],[-70.98520472999996,-14.379149856999902],[-70.98592673099984,-14.38151273199992],[-70.98483835499991,-14.38329660699992],[-70.98139398099994,-14.385228981999944],[-70.97982573099995,-14.388505356999929],[-70.98060985599983,-14.391585856999939],[-70.97869160499994,-14.394484356999953],[-70.98074985499994,-14.399258981999935],[-70.98488448099994,-14.403235231999929],[-70.98582085599998,-14.406725606999885],[-70.98412560599985,-14.408432231999882],[-70.98160110499987,-14.413644606999867],[-70.97872460499997,-14.41666410699986],[-70.97939985599999,-14.41859223199998],[-70.98254072999998,-14.42104773199992],[-70.98633985599992,-14.425757106999924],[-70.9868873559999,-14.427449481999872],[-70.98999835599994,-14.429689356999859],[-70.99323372999993,-14.429589731999954],[-70.99549848099997,-14.428544481999893],[-70.9983604809999,-14.429141856999934],[-71.00209360499997,-14.428295606999825],[-71.00741960599993,-14.428320481999947],[-71.01434460499996,-14.42736298199992],[-71.02060910599994,-14.429042606999815],[-71.02523935499988,-14.429269606999924],[-71.02707523099991,-14.430441231999964],[-71.02705110499994,-14.433543981999946],[-71.02866260499997,-14.437728856999968],[-71.03123623099992,-14.439773356999922],[-71.03065897999994,-14.443188731999896],[-71.03431485599992,-14.446868606999942],[-71.03647948099996,-14.45165498199998],[-71.04393560599988,-14.452328356999942],[-71.04610023099991,-14.453001856999947],[-71.04980423099988,-14.451606856999945],[-71.05733248099989,-14.45165498199998],[-71.06499023099997,-14.449809731999892],[-71.0704598559999,-14.449659481999902],[-71.07315435599992,-14.450236356999937],[-71.07745847999996,-14.455373356999814],[-71.08078348099991,-14.458303481999963],[-71.0815271059999,-14.46631148199998],[-71.0809313559999,-14.471117606999883],[-71.08261598099995,-14.47269385699991],[-71.08669072999993,-14.473024231999887],[-71.08899448099993,-14.470482106999896],[-71.08986835599995,-14.466708731999972],[-71.09217210599996,-14.463014731999863],[-71.09586610499997,-14.458963231999917],[-71.0981699809999,-14.458129106999934],[-71.10340810599996,-14.459290106999958],[-71.10565122999992,-14.458978481999964],[-71.10978248099997,-14.46131023199996],[-71.11355198099994,-14.459960606999914],[-71.11757748099996,-14.463218231999974],[-71.12111435599996,-14.461193856999898],[-71.12395310599999,-14.461752356999966],[-71.12853710499991,-14.46459110699982],[-71.13232985599996,-14.46461435699996],[-71.13581148099996,-14.463575981999952],[-71.13682948099995,-14.461598106999872],[-71.13470623099994,-14.458282356999973],[-71.13564373099996,-14.45177435699992],[-71.13783410499991,-14.451757356999963],[-71.13997360599984,-14.44134873199988],[-71.14425248099991,-14.441858231999959],[-71.14854835599994,-14.441246856999896],[-71.15077273099996,-14.43915835699994],[-71.15459323099986,-14.438513106999949],[-71.15805710599994,-14.440584731999934],[-71.16308310599993,-14.445339106999938],[-71.16824498099999,-14.445950356999958],[-71.17549535599994,-14.441246856999896],[-71.17956710599987,-14.440289356999926],[-71.18215998099998,-14.437893731999964],[-71.18387923099993,-14.437640106999936],[-71.18974135599996,-14.43310260699991],[-71.19050235599997,-14.429861481999978],[-71.19295072999995,-14.429498606999971],[-71.19527585499992,-14.432951106999894],[-71.19837610599996,-14.433268106999947],[-71.19989085499998,-14.429569106999963],[-71.20249785499993,-14.428793981999945],[-71.20471735599989,-14.429956606999951],[-71.20991597999995,-14.429089856999894],[-71.21391223099994,-14.42424948199988],[-71.21856248099994,-14.42062085699996],[-71.21979548099984,-14.416463731999954],[-71.22134560599994,-14.41526598199988],[-71.22411810599982,-14.417532606999941],[-71.22677473099998,-14.417470106999929],[-71.22916348099994,-14.413544481999907],[-71.23100160599995,-14.41217960699987],[-71.23223160599991,-14.40844885699994],[-71.23144260599992,-14.404814731999977],[-71.23218598099999,-14.40035423199987],[-71.23455148099993,-14.3986478569999],[-71.23728848099984,-14.395082856999977],[-71.24319085599996,-14.392202981999901],[-71.24828885599999,-14.388822231999882],[-71.25054273099994,-14.386353606999819],[-71.25521135599996,-14.38463635699992],[-71.2586994809999,-14.377552856999955],[-71.25904685599988,-14.370912106999981],[-71.25671398099996,-14.369771731999947],[-71.25061573099987,-14.369490481999946],[-71.24625323099997,-14.368568731999915],[-71.24597673099998,-14.366940481999904],[-71.24861860599998,-14.364359856999897],[-71.24920248099988,-14.36236298199998],[-71.24840373099988,-14.356618106999917],[-71.25009348099991,-14.352685731999884],[-71.24957110599996,-14.35019723199997],[-71.25041410599988,-14.347818356999937],[-71.24973248099997,-14.34437310699991],[-71.24951398099984,-14.334454606999941],[-71.24881848099994,-14.331267106999974],[-71.25404035599996,-14.327668231999837],[-71.2560351059999,-14.325359356999911],[-71.26716410499995,-14.325078356999938],[-71.27006960599994,-14.326119106999897],[-71.27194535599995,-14.325572231999956],[-71.27622723099995,-14.320741981999902],[-71.27778835599997,-14.319744481999976],[-71.28260197999998,-14.32061185699996],[-71.28503023099984,-14.320091481999896],[-71.28810910599992,-14.31796660699996],[-71.29291410599996,-14.313548731999958],[-71.29604135599988,-14.31351473199993],[-71.29944060599996,-14.315214356999945],[-71.30114023099998,-14.31915748199998],[-71.30372360599995,-14.320381106999946],[-71.30712285599998,-14.317967731999943],[-71.30970623099995,-14.320449106999888],[-71.31490710599996,-14.318647606999889],[-71.31684460599996,-14.321536856999955],[-71.31636873099995,-14.326125856999852],[-71.32265735599998,-14.329593106999937],[-71.32537673099989,-14.330102981999914],[-71.32918385599993,-14.329593106999937],[-71.33149523099996,-14.331020731999956],[-71.3353364809999,-14.331360606999965],[-71.33720598099995,-14.32935510699997],[-71.33732073099998,-14.324583481999866],[-71.33404898099997,-14.32262885699987],[-71.33253660599996,-14.31829035699991],[-71.32925285599998,-14.314578231999974],[-71.3295421059999,-14.310227981999958],[-71.32632910599983,-14.308183356999962],[-71.32694573099997,-14.303834356999914],[-71.32632910599983,-14.30016698199995],[-71.32717285599983,-14.295201356999883],[-71.32735348099993,-14.289386731999912],[-71.32809860599997,-14.284459856999945],[-71.3302792309999,-14.281096606999938],[-71.33548635599988,-14.278923856999938],[-71.3368948559999,-14.279766106999887],[-71.34217998099996,-14.285125106999942],[-71.3470904809999,-14.287097231999951],[-71.35323923099998,-14.287032481999972],[-71.35925860599986,-14.28560848199993],[-71.3626889809999,-14.283731481999894],[-71.36464785599998,-14.27943660699998],[-71.36781673099989,-14.28077085699988],[-71.37085223099996,-14.279503356999896],[-71.37221985599996,-14.27713498199995],[-71.37258673099996,-14.273065481999879],[-71.36996198099996,-14.264989730999957],[-71.36731273099986,-14.263380356999846],[-71.36956423099997,-14.25911223199995],[-71.36746935599984,-14.255901356999914],[-71.36878110599991,-14.250399731999892],[-71.36619673099989,-14.248343980999891],[-71.36707773099994,-14.245015606999914],[-71.36744973099991,-14.239709856999866],[-71.36674223099988,-14.229900355999916],[-71.37034410599995,-14.228560106999964],[-71.37471210599995,-14.225373731999923],[-71.38022573099988,-14.22419223199995],[-71.38423560599995,-14.221507106999923],[-71.38516660599987,-14.219072481999945],[-71.38750723099992,-14.217089856999849],[-71.39296373099984,-14.214272106999942],[-71.39712298099988,-14.208574730999885],[-71.39678110599993,-14.20085485699991],[-71.4000571059999,-14.202193731999955],[-71.40621023099993,-14.200626981999903],[-71.40834673099994,-14.201139730999955],[-71.40957160599999,-14.20339023199989],[-71.41338885599998,-14.20583998099994],[-71.41600960599999,-14.209885106999934],[-71.4173769809999,-14.202022856999918],[-71.41699310599995,-14.199191731999974],[-71.41902198099996,-14.195243606999895],[-71.41793673099994,-14.19135710699993],[-71.41942185599999,-14.18904935699993],[-71.42504248099988,-14.18582773199995],[-71.42747198099994,-14.180609105999963],[-71.42843360599989,-14.177417981999895],[-71.43532723099997,-14.166681731999859],[-71.43764048099996,-14.160368731999938],[-71.44009823099992,-14.156320606999941],[-71.44091748099999,-14.152127855999936],[-71.43371110599992,-14.1497797319999],[-71.43547223099989,-14.145177231999924],[-71.43685548099995,-14.143927731999952],[-71.43041210599989,-14.138294981999934],[-71.42744923099997,-14.131800731999931],[-71.42736323099996,-14.127423856999883],[-71.42633785599998,-14.123288981999963],[-71.42274998099992,-14.118896481999968],[-71.41682623099996,-14.11512110599989],[-71.42046285599997,-14.112232481999968],[-71.42447260599982,-14.106378856999982],[-71.42877535599996,-14.106453230999932],[-71.43775198099996,-14.101829981999913],[-71.44033985599987,-14.10366598099995],[-71.44115623099998,-14.099587855999971],[-71.44285160599992,-14.098540981999918],[-71.44428510599988,-14.095074231999888],[-71.44312110599986,-14.090400356999965],[-71.44364060599986,-14.086548856999968],[-71.44086323099998,-14.083140606999962],[-71.43932623099994,-14.080013731999884],[-71.43924810599987,-14.073871106999945],[-71.44278510699996,-14.069908230999886],[-71.44583398099996,-14.067843731999972],[-71.44716410599989,-14.063003856999956],[-71.44888873099995,-14.059175730999982],[-71.44794135599989,-14.055624856999884],[-71.45191798099995,-14.053177731999824],[-71.45215823099994,-14.051212856999939],[-71.45405548099995,-14.050136356999872],[-71.45776235599988,-14.046245480999914],[-71.4630354809999,-14.043736606999971],[-71.46941423099986,-14.042205606999971],[-71.47328398099995,-14.040377106999927],[-71.47719623099988,-14.03735785699996],[-71.47991348099993,-14.033364731999882],[-71.48226085599998,-14.028635981999969],[-71.4816144809999,-14.023737106999818],[-71.48273698099996,-14.017934980999883],[-71.48733248099995,-14.016269106999971],[-71.48961760599985,-14.012944981999908],[-71.48955873099993,-14.010533230999954],[-71.48741173099995,-14.008709730999897],[-71.48802935699996,-14.0063568569999],[-71.49026460599998,-14.003915731999882],[-71.49120585599991,-13.999533355999915],[-71.49067635599988,-13.99712160699994],[-71.49097048099998,-13.988945231999878],[-71.49357035599996,-13.986480481999877],[-71.50080073199985,-13.98686235699995],[-71.51339885599992,-13.98337973199989],[-71.51692735599994,-13.979605355999979],[-71.51804410599988,-13.974870856999928],[-71.51687885599995,-13.967218731999878],[-71.51359498099998,-13.960785105999946],[-71.50905660599994,-13.958386731999951],[-71.50403860599994,-13.956689481999831],[-71.50271198099989,-13.951944731999902],[-71.49530335599991,-13.94676323099992],[-71.48962198099997,-13.944036106999874],[-71.48531848099992,-13.93975023199988],[-71.48226448199995,-13.935469480999927],[-71.47881898099996,-13.932885355999872],[-71.47847973099988,-13.929779105999899],[-71.47539960599994,-13.926777356999878],[-71.47292573099998,-13.925771606999888],[-71.46686423099999,-13.927038356999901],[-71.46165323099996,-13.931941730999881],[-71.46017673099993,-13.934394106999946],[-71.4567222309999,-13.93737385699984],[-71.45019523099995,-13.93533048199987],[-71.44297635599997,-13.937782605999928],[-71.44112023099996,-13.936086731999922],[-71.44187635599997,-13.932420106999928],[-71.44093673099997,-13.931045106999932],[-71.44185348099995,-13.928317981999896],[-71.44098260599992,-13.926003356999956],[-71.43610135599982,-13.925040856999829],[-71.43252635599998,-13.926232605999928],[-71.42604098099991,-13.925476355999876],[-71.42271810599993,-13.925774230999934],[-71.42125135599991,-13.923070106999944],[-71.41685135599994,-13.92080135599997],[-71.41515560599987,-13.91814298199995],[-71.41242848099989,-13.91601173099997],[-71.4122909809999,-13.913857605999908],[-71.41442223099995,-13.911222230999897],[-71.41359723099998,-13.906799231999969],[-71.41201598099997,-13.90519510699994],[-71.41226810599994,-13.901734731999966],[-71.40908260599991,-13.9006347319999],[-71.40834935599997,-13.896899356999938],[-71.40555360599996,-13.896074356999975],[-71.40305560599995,-13.896509606999928],[-71.39881598099998,-13.894905606999885],[-71.39597435599995,-13.8961659819999],[-71.39317873099986,-13.896211856999969],[-71.39029110599995,-13.902399355999876],[-71.38861810599997,-13.90400348199995],[-71.38859523099995,-13.907670106999888],[-71.38728835599994,-13.90965823099998],[-71.38379898099987,-13.911455105999892],[-71.37882598099998,-13.915007231999823],[-71.37554535599998,-13.919875605999948],[-71.37345610599994,-13.920335355999953],[-71.36789798099994,-13.914254980999942],[-71.3637763559999,-13.912408606999918],[-71.36192998099989,-13.909094356999958],[-71.35221773099994,-13.901162106999948],[-71.3486419809999,-13.900684355999942],[-71.34526910599993,-13.901483856999903],[-71.34112173099993,-13.900284480999971],[-71.33617523099997,-13.904082106999965],[-71.33505098099994,-13.905680980999819],[-71.32880510599995,-13.908379231999959],[-71.32648348099997,-13.907156106999935],[-71.32023273099998,-13.905993356999886],[-71.31945310599997,-13.905093731999898],[-71.31777373099999,-13.898646231999976],[-71.31303560599991,-13.895977231999836],[-71.31138623099997,-13.892228731999921],[-71.30781773099994,-13.890009606999968],[-71.30883723099998,-13.883892106999895],[-71.3107264809999,-13.88122310599988],[-71.31141623099995,-13.875855106999893],[-71.3051787309999,-13.873216356999876],[-71.30080048099995,-13.872976355999924],[-71.30171673099989,-13.866301605999922],[-71.30316798099989,-13.863852856999927],[-71.30277398099997,-13.85972385599996],[-71.3044293559999,-13.857571856999982],[-71.3010792309999,-13.84781673099991],[-71.29768560599996,-13.843976605999956],[-71.29765660599998,-13.840483355999936],[-71.28931235599993,-13.82770623099998],[-71.28475560599992,-13.826657981999915],[-71.28036410599992,-13.827401231999943],[-71.27531973099991,-13.825284230999955],[-71.27061297999995,-13.826207605999969],[-71.26749260499997,-13.825117606999925],[-71.26248323099998,-13.824806980999881],[-71.25797860499995,-13.825816605999933],[-71.25157123099996,-13.82461285599993],[-71.24225148099998,-13.819486855999969],[-71.23708123099993,-13.814861230999952],[-71.23358973099994,-13.806992106999928],[-71.2307756059999,-13.797924355999953],[-71.22895160599995,-13.793181981999965],[-71.22848260599989,-13.789325730999963],[-71.22472960599998,-13.785397480999904],[-71.22361835599986,-13.780387230999963],[-71.21930985599988,-13.780250731999956],[-71.21445548099996,-13.778573980999965],[-71.21092660599999,-13.78245360699998],[-71.20809973099995,-13.787035105999962],[-71.20480498099994,-13.78898473199996],[-71.19758473099995,-13.790925856999934],[-71.19309823099996,-13.793154981999976],[-71.18322223099995,-13.788724855999874],[-71.18266735599997,-13.785869980999905],[-71.18380072999986,-13.78271673199987],[-71.18233048099995,-13.78042523199997],[-71.17901635499993,-13.779108605999966],[-71.17851698099992,-13.776021356999934],[-71.17947035599985,-13.774205356999971],[-71.17952023099997,-13.768119356999932],[-71.17878935599998,-13.765624605999903],[-71.17661010599988,-13.762764355999934],[-71.17262385599992,-13.759036980999952],[-71.17040835599994,-13.754424356999948],[-71.16779348099993,-13.752281356999902],[-71.16746648099996,-13.74919410599989],[-71.16463423099992,-13.743691855999941],[-71.16376948099997,-13.743197230999954],[-71.13829210599988,-13.744064230999982],[-71.13605660599984,-13.746648106999828],[-71.13615485599996,-13.750971231999927],[-71.13222472999996,-13.755981980999934],[-71.1237611059999,-13.759896731999902],[-71.12219148099996,-13.761587106999968],[-71.11579223099994,-13.760862731999907],[-71.11156635599997,-13.75971560599993],[-71.1068574809999,-13.759534480999946],[-71.10353710599998,-13.76037973099983],[-71.10118273099988,-13.758387605999928],[-71.09864722999998,-13.751384605999931],[-71.09368548099997,-13.746628106999935],[-71.09061798099998,-13.738586230999886],[-71.08699573099994,-13.734722480999949],[-71.08524510599995,-13.73146248199987],[-71.08228698099998,-13.72904773099998],[-71.08097073099998,-13.725501981999969],[-71.07594760599994,-13.729764856999907],[-71.06200685499994,-13.736618355999951],[-71.05920310599987,-13.739616730999899],[-71.04872810499995,-13.747249106999902],[-71.04129048099998,-13.750130730999956],[-71.03557373099989,-13.753225105999888],[-71.03289035499995,-13.753283481999858],[-71.02551135499994,-13.750075230999869],[-71.0200718559999,-13.751991355999962],[-71.01743523099998,-13.751664731999938],[-71.01223198099996,-13.752784730999963],[-71.00870872999991,-13.75521135699995],[-71.0036687299999,-13.756051356999876],[-70.99997210599997,-13.75994948199991],[-70.99163585599996,-13.761338855999952],[-70.98827210499991,-13.763313230999813],[-70.98618810499988,-13.766786730999968],[-70.98300710599995,-13.769199855999886],[-70.98311685599998,-13.772015106999959],[-70.98214410499992,-13.777199980999967],[-70.9754023559999,-13.778192355999977],[-70.97204847999996,-13.779629731999876],[-70.96999523099998,-13.782743980999896],[-70.96924235599994,-13.794858605999877],[-70.96852373099989,-13.796364356999959],[-70.96304810499998,-13.797972730999959],[-70.95935223099991,-13.799991855999963],[-70.95818860599991,-13.80375635699994],[-70.95654598099998,-13.804714481999838],[-70.95113885599989,-13.804919856999959],[-70.9493593549999,-13.80382473099985],[-70.94422598099999,-13.80406435599997],[-70.94114597999987,-13.80344835699998],[-70.9386786049999,-13.801784106999946],[-70.93501260499988,-13.800623231999964],[-70.93281298099998,-13.801173106999897],[-70.92977210599997,-13.804367356999876],[-70.92210523099999,-13.807463606999931],[-70.91587573099997,-13.811923730999922],[-70.91252148099989,-13.813803605999965],[-70.90706610599995,-13.809196105999945],[-70.90533372999988,-13.80396185599983],[-70.90472122999995,-13.796064230999889],[-70.90514573099995,-13.793068231999882],[-70.90057935599998,-13.790819730999942],[-70.89735097999994,-13.787657106999973],[-70.89629673099995,-13.785219356999903],[-70.88832447999994,-13.777905855999904],[-70.88582073099991,-13.777971731999855],[-70.87751898099992,-13.782715606999943],[-70.87211622999985,-13.78423098099995],[-70.87020548099991,-13.785944105999931],[-70.86944785599997,-13.790351855999916],[-70.86438773099997,-13.793198231999895],[-70.86250235499995,-13.800291856999934],[-70.86517135599996,-13.80353785699998],[-70.87382748099986,-13.80909235699994],[-70.87519810599991,-13.812626981999927],[-70.87931597999994,-13.815672605999964],[-70.88025360599988,-13.818074106999973],[-70.8784064809999,-13.822629981999967],[-70.87843073099998,-13.827983605999918],[-70.88125485499995,-13.831543230999898],[-70.88122535499991,-13.832837730999927],[-70.87781285499983,-13.836573855999973],[-70.87228222999988,-13.840927731999955],[-70.86898735499994,-13.842016231999935],[-70.86307422999982,-13.84231035599987],[-70.86127972999992,-13.843310605999932],[-70.85830860599987,-13.848723606999897],[-70.85351335599995,-13.85375410699993],[-70.84504085599997,-13.852136105999818],[-70.8387453549999,-13.852812731999848],[-70.83339110599991,-13.85575460699988],[-70.83127298099998,-13.85893173099987],[-70.83162610599999,-13.865256605999946],[-70.82841948099997,-13.875729481999883],[-70.82562473099989,-13.878730355999949],[-70.83028847999998,-13.890906231999907],[-70.83085960599988,-13.895075106999968],[-70.82709048099997,-13.897701980999898],[-70.81846735499994,-13.89861573199994],[-70.81418423099996,-13.901128356999891],[-70.81070072999995,-13.905068855999957],[-70.80967285599996,-13.912264230999881],[-70.81104335499992,-13.918603230999906],[-70.81686847999998,-13.924256731999947],[-70.81991210499996,-13.929408230999968],[-70.82434935499998,-13.931223855999974],[-70.82731885599992,-13.934079231999931],[-70.83154485599994,-13.936134981999828],[-70.83303910599983,-13.938099731999955],[-70.83565210499995,-13.945422730999951],[-70.83847110499994,-13.95082048199987],[-70.83819623099993,-13.952230105999888],[-70.84019035599982,-13.956424481999932],[-70.84562248099996,-13.962200355999812],[-70.84679135599993,-13.965053980999926],[-70.84675698099994,-13.969935981999924],[-70.84393772999988,-13.975368105999962],[-70.84589747999996,-13.982725606999963],[-70.8475477309999,-13.986713730999895],[-70.84991998099997,-13.989395355999932],[-70.85236098099989,-13.996065230999932],[-70.85198285499996,-14.000500230999933],[-70.85009185599989,-14.00252873099987],[-70.84586310599997,-14.003113231999919],[-70.84046535499994,-14.007273231999875],[-70.84166860499994,-14.009886106999886],[-70.84445347999986,-14.011089480999885],[-70.84935160499992,-14.011263856999904],[-70.85353460499994,-14.012859356999968],[-70.85784685599992,-14.020190356999876],[-70.86121047999995,-14.023208981999971],[-70.86181423099993,-14.026227606999896],[-70.85883872999995,-14.034377980999977],[-70.85287898099995,-14.040919231999851],[-70.85068835599998,-14.04826360699991],[-70.85008473099992,-14.052532856999846],[-70.84818722999995,-14.055551480999952],[-70.84210685499994,-14.058181981999894],[-70.83259710599992,-14.060662230999924],[-70.83061523099991,-14.065214856999944],[-70.83132610599995,-14.070773980999945],[-70.82947173099996,-14.076336856999944],[-70.82235635499995,-14.071377731999974],[-70.82037272999986,-14.068445356999973],[-70.81623285599989,-14.068143481999982],[-70.80756510599991,-14.069092230999956],[-70.79588285499995,-14.072119106999935],[-70.79309185499994,-14.075927731999855],[-70.78981835599996,-14.078816355999948],[-70.7913473559999,-14.084037481999928],[-70.79537235599997,-14.088766481999869],[-70.79697197999997,-14.08960635699998],[-70.8056102299999,-14.099284356999874],[-70.80633010599996,-14.101403981999852],[-70.80605010499988,-14.106442981999976],[-70.80493022999997,-14.114441355999872],[-70.80613010599996,-14.120320106999941],[-70.80892960499995,-14.124199356999895],[-70.81388860499999,-14.126798855999937],[-70.81856760599999,-14.131437856999923],[-70.82167685599995,-14.13381648199993],[-70.82190210599992,-14.136048356999936],[-70.82089885599987,-14.140000105999945],[-70.82177922999995,-14.141331106999928],[-70.82528060499993,-14.141085356999952],[-70.83398235599998,-14.142942480999977],[-70.8409899809999,-14.148310481999943],[-70.8447881049999,-14.148240480999903],[-70.84910485599994,-14.150847356999975],[-70.85194985599998,-14.156439356999897],[-70.85440085599998,-14.15924335699998],[-70.85918535599984,-14.15865535699993],[-70.86327497999991,-14.160740356999952],[-70.86450460599997,-14.16496360699989],[-70.86683010499996,-14.169080106999957],[-70.87102660599993,-14.169186981999928],[-70.87361948099988,-14.171352105999915],[-70.87979410499997,-14.169721606999929],[-70.88252048099997,-14.168358356999931],[-70.88618247999989,-14.171405481999898],[-70.88736523099988,-14.176216856999929],[-70.8877862299999,-14.179290856999955],[-70.88960935599994,-14.185044981999908],[-70.88869998099995,-14.188848106999899],[-70.88353235499994,-14.192265731999953],[-70.88274747999992,-14.193684481999924],[-70.88214385599997,-14.198785606999934],[-70.88480023099993,-14.201713481999889],[-70.88534335599985,-14.203615106999962],[-70.88809010499983,-14.206301481999901],[-70.89183310599998,-14.20675423199998],[-70.89457972999998,-14.209108606999905],[-70.89750760599992,-14.220125981999956],[-70.89681335599994,-14.224955356999942],[-70.89934885499997,-14.229301981999981],[-70.8997926049999,-14.232986230999813],[-70.89855622999994,-14.235690731999853],[-70.89295410599993,-14.237873606999813],[-70.89214273099986,-14.241602106999949],[-70.88953672999997,-14.247190730999932],[-70.88210310599999,-14.253789731999973],[-70.88278235599995,-14.25631298199994],[-70.88059722999998,-14.259292606999907],[-70.88090622999988,-14.263067106999927],[-70.88258372999996,-14.265759856999978],[-70.88058085499995,-14.270881606999922],[-70.88915610499993,-14.271709606999877],[-70.89169910499993,-14.273838606999902],[-70.89169910599992,-14.28401060699997],[-70.89282273099997,-14.28667185699993],[-70.89672523099995,-14.291474606999941],[-70.90213573099999,-14.296432981999942],[-70.90808460499994,-14.298488106999969],[-70.91230310599985,-14.301714981999964],[-70.91392547999999,-14.304419106999887],[-70.91365885599993,-14.311549106999905],[-70.91443698099994,-14.31472598199997],[-70.91388047999999,-14.324260481999943],[-70.91296773099987,-14.327579981999975],[-70.90863423099995,-14.331955481999898],[-70.90782697999987,-14.333973731999947],[-70.91165098099998,-14.337564106999878],[-70.91218210499994,-14.341473106999956],[-70.91502897999999,-14.343873731999963],[-70.91770585499995,-14.344723606999935],[-70.92473773099994,-14.34153685699988],[-70.92641610499999,-14.34007098199993],[-70.92977272999997,-14.340878231999909],[-70.93325685599996,-14.34281160699993],[-70.94287910499992,-14.351939481999977]]]},"properties":{"ubigeo":"070600","nombre":"CANCHIS"}},{"type":"Feature","geometry":{"type":"Polygon","coordinates":[[[-71.70923210699993,-14.579432981999958],[-71.71239460599998,-14.582342481999888],[-71.71278035599988,-14.591342856999972],[-71.71065523199991,-14.600248232999945],[-71.71040223199998,-14.604549231999954],[-71.71222373099994,-14.606977981999876],[-71.71278035699999,-14.610418731999914],[-71.71834635599998,-14.613859481999953],[-71.72239423199989,-14.61745198199992],[-71.7257843559999,-14.618868731999896],[-71.73140085599994,-14.620285606999971],[-71.74253273099993,-14.620993981999959],[-71.7508816059999,-14.623523981999881],[-71.75376573099999,-14.62494073299996],[-71.75417048199989,-14.627065856999934],[-71.75184298199997,-14.631265606999932],[-71.75184298099998,-14.635009982999975],[-71.7456193569999,-14.639513231999956],[-71.74298810699997,-14.644117856999856],[-71.73838360599984,-14.64851985699994],[-71.73671385599988,-14.6546931069999],[-71.73706798099988,-14.658133856999939],[-71.73949673099992,-14.65980360799989],[-71.74809860599993,-14.66071435799995],[-71.75204535599994,-14.665167106999945],[-71.75538498099985,-14.672756981999896],[-71.75796560699996,-14.677057981999951],[-71.76034373099998,-14.679334857999947],[-71.76666860599988,-14.680397482999865],[-71.77162735599995,-14.679385481999873],[-71.77774985599996,-14.68252260699984],[-71.77866060599985,-14.684344232999933],[-71.77987498099998,-14.691023356999949],[-71.78250610599997,-14.699523981999846],[-71.78402410699988,-14.701800981999952],[-71.79206935699995,-14.705950107999968],[-71.79677510599993,-14.706810232999885],[-71.79900148099995,-14.709795606999933],[-71.80203760699999,-14.70928960699996],[-71.81043698199994,-14.704077982999877],[-71.81858335699991,-14.704634482999893],[-71.82237835599994,-14.70589948199995],[-71.82672985599993,-14.70488748299988],[-71.83244760599996,-14.702357606999897],[-71.83573660599995,-14.700181856999905],[-71.83947923199992,-14.695701606999933],[-71.84023985699997,-14.693452106999871],[-71.84251685699991,-14.691529357999968],[-71.84992160699994,-14.689139981999972],[-71.85328948099993,-14.691018232999966],[-71.85814698199988,-14.692313606999846],[-71.8611262309999,-14.703000106999866],[-71.86436460599998,-14.70636810699989],[-71.86556285699999,-14.708958731999928],[-71.86870398199994,-14.711290356999939],[-71.87157473199994,-14.711417482999877],[-71.8774804809999,-14.71036960799995],[-71.88062398099999,-14.71036960799995],[-71.88411798099997,-14.716368232999969],[-71.88394673099998,-14.720678482999915],[-71.8856309809999,-14.723104856999953],[-71.88497435699992,-14.727272481999933],[-71.88577360599999,-14.731040481999912],[-71.88788598099995,-14.733923607999827],[-71.89173960699998,-14.735636231999933],[-71.89108310599994,-14.739033106999898],[-71.89265323099988,-14.746511982999891],[-71.88971285699995,-14.750565482999946],[-71.88468898199994,-14.752286731999959],[-71.8790368569999,-14.75651148199995],[-71.88209135599988,-14.758395481999855],[-71.88220548099997,-14.762505982999869],[-71.88366135599995,-14.763847606999946],[-71.88628748099995,-14.762220481999975],[-71.8900268559999,-14.761364106999963],[-71.89630685699996,-14.762534481999921],[-71.90061723199989,-14.764960856999949],[-71.90207298199982,-14.766816356999982],[-71.90241560699991,-14.770327356999871],[-71.9011488569999,-14.774805357999924],[-71.8984371059999,-14.77876610699991],[-71.8963719809999,-14.780402981999885],[-71.89339973099993,-14.785167481999963],[-71.89285710599995,-14.787290982999878],[-71.89389860699998,-14.789601232999871],[-71.90048985599992,-14.788148857999886],[-71.90331273099997,-14.79196260699996],[-71.90798948099996,-14.790601732999903],[-71.91022485699989,-14.788849982999977],[-71.91150660699992,-14.791285482999967],[-71.9144211059999,-14.79207423299988],[-71.91823573099998,-14.791105231999893],[-71.92076873099995,-14.791308356999934],[-71.92400360699997,-14.789796857999931],[-71.9289856069999,-14.784958857999925],[-71.92969510599983,-14.781037357999821],[-71.92900848199986,-14.775062481999896],[-71.9277877319999,-14.773058857999956],[-71.92912298099998,-14.769818357999952],[-71.93077848099995,-14.762704857999893],[-71.93057248199995,-14.761137107999957],[-71.93281548199997,-14.756463106999945],[-71.93671410699989,-14.754320106999899],[-71.93762210699998,-14.750986106999903],[-71.94165023099998,-14.748892731999888],[-71.94317623099988,-14.745292606999897],[-71.94699098099994,-14.74393173199985],[-71.94868473199995,-14.744226481999817],[-71.95431523199994,-14.737729982999895],[-71.95368960599995,-14.734785107999869],[-71.95896910699997,-14.73259348199997],[-71.95779423199997,-14.730601356999898],[-71.95863348199993,-14.728015857999935],[-71.9520797319999,-14.719568232999904],[-71.94935610699997,-14.717652356999906],[-71.94739535699983,-14.712728481999932],[-71.94597623099992,-14.710818231999951],[-71.95027160599994,-14.703451107999967],[-71.94799035599993,-14.700836232999961],[-71.94216923099998,-14.696777356999974],[-71.93613435699996,-14.693857231999914],[-71.93374635599992,-14.690678606999938],[-71.92961123099997,-14.689635231999944],[-71.93065648099997,-14.688087481999958],[-71.9412154819999,-14.685324606999927],[-71.94425198199997,-14.682064106999917],[-71.94989010699999,-14.677898356999947],[-71.95124810599992,-14.675124107999977],[-71.95115660699997,-14.672503356999869],[-71.95624548099988,-14.672163982999962],[-71.95843510699996,-14.67107960699991],[-71.9633254819999,-14.665120981999848],[-71.96363073099997,-14.663763107999955],[-71.96926123099996,-14.661764107999943],[-71.97356410699985,-14.657990482999878],[-71.97618873199991,-14.65405460799991],[-71.97621160599994,-14.645913106999956],[-71.98081210699985,-14.642882357999952],[-71.98149873099999,-14.638695731999917],[-71.9879149809999,-14.632949856999971],[-71.99079123199994,-14.633743231999972],[-71.99602510699992,-14.639059981999935],[-72.00146485599998,-14.641733107999869],[-72.00796510599992,-14.64072798199993],[-72.01072698199994,-14.643312481999828],[-72.01467135699988,-14.648367106999899],[-72.01564785699992,-14.651027731999932],[-72.01583098099991,-14.658390981999958],[-72.02113348099988,-14.663576106999926],[-72.02449035699988,-14.667734107999877],[-72.02534485599989,-14.674101856999982],[-72.03058623199996,-14.676653856999906],[-72.03358460699997,-14.681267732999913],[-72.03615573199988,-14.681780856999922],[-72.03888698099985,-14.687045106999847],[-72.04048160699989,-14.688092231999974],[-72.0402144819999,-14.691089607999913],[-72.04186248099984,-14.694371232999913],[-72.04318235599999,-14.700672106999889],[-72.04441835699993,-14.702810231999877],[-72.04437260699996,-14.70604898199997],[-72.0419846069999,-14.709226606999891],[-72.0449752319999,-14.716476481999962],[-72.04402160699988,-14.718960731999914],[-72.04195398099995,-14.720146231999934],[-72.04161835699989,-14.723278982999886],[-72.04344935699993,-14.726697106999893],[-72.04329685599993,-14.728218982999977],[-72.04735560599994,-14.734876606999876],[-72.04779048199998,-14.738767606999943],[-72.04318235699998,-14.754126607999979],[-72.03977198099989,-14.756988481999883],[-72.03819273199997,-14.760427481999955],[-72.03855898099988,-14.763310481999895],[-72.03701023199989,-14.767253857999947],[-72.03709410599998,-14.769663857999888],[-72.03888698199995,-14.77241235799994],[-72.04096223199997,-14.778769481999916],[-72.0396499819999,-14.782414481999979],[-72.03894048099994,-14.788134481999862],[-72.03543835599999,-14.78994548299994],[-72.03449248199996,-14.792941107999923],[-72.03491960699995,-14.795333856999946],[-72.03447723199992,-14.800931981999952],[-72.03504185699995,-14.802931732999923],[-72.03895573199992,-14.804779106999945],[-72.04054260699996,-14.809761981999827],[-72.0390014809999,-14.812740356999882],[-72.03425598099994,-14.811989731999859],[-72.03224185699997,-14.81582835799992],[-72.02564998199989,-14.82223610799997],[-72.02528385699998,-14.829634607999878],[-72.02672573099994,-14.831294981999974],[-72.0325316069999,-14.832463106999967],[-72.03607935699989,-14.836738731999901],[-72.03814698199989,-14.836927356999979],[-72.04038235699994,-14.839689231999955],[-72.03925323199996,-14.84489623199994],[-72.04084785599991,-14.846487981999928],[-72.04094698199992,-14.850349481999956],[-72.04326635699982,-14.85173223199996],[-72.0422821059999,-14.862666107999928],[-72.04513548199992,-14.865534732999947],[-72.04465485699995,-14.868847856999878],[-72.04712673099993,-14.875062981999974],[-72.04602810699998,-14.877659857999902],[-72.04325098199996,-14.879183732999934],[-72.04314423099993,-14.880883231999974],[-72.04639435699988,-14.887109732999932],[-72.04801935699999,-14.887322481999945],[-72.05020910699989,-14.884469107999848],[-72.05516048099992,-14.883638357999928],[-72.05917360599989,-14.88481610699995],[-72.06309510699998,-14.887876482999957],[-72.06713098099988,-14.887109732999932],[-72.07188410699996,-14.884871482999927],[-72.07687373099998,-14.883466731999931],[-72.07860560699999,-14.876088106999873],[-72.07960498199992,-14.873883357999887],[-72.0827102319999,-14.873005857999942],[-72.08546448099997,-14.869131106999873],[-72.08728023199984,-14.863146731999905],[-72.09024810699998,-14.856802982999909],[-72.09254460699992,-14.855869232999964],[-72.09754185699995,-14.85119723199989],[-72.09808348199994,-14.849872606999895],[-72.10169223199989,-14.84986685799987],[-72.10444635599998,-14.84762860799998],[-72.10765823199989,-14.84724235699997],[-72.11158748199995,-14.841289482999912],[-72.11551660699996,-14.842062982999892],[-72.11603548199997,-14.83902548199984],[-72.11919398099991,-14.834738731999892],[-72.12436673199988,-14.832889606999913],[-72.12869260699989,-14.830601731999877],[-72.13117210599995,-14.828312856999958],[-72.13250735699995,-14.825425107999934],[-72.13230898199998,-14.820824607999953],[-72.13293460699998,-14.816822982999895],[-72.13809198199993,-14.813296356999956],[-72.13811498099994,-14.807679232999874],[-72.13577273199996,-14.800355857999875],[-72.13612360599996,-14.798700356999916],[-72.13471985599995,-14.794964731999926],[-72.13228623099997,-14.791651731999934],[-72.13168335699999,-14.789396231999888],[-72.13478848099999,-14.783511106999924],[-72.13842010599996,-14.781185106999942],[-72.14132685599998,-14.781101232999958],[-72.1446991069999,-14.777712856999926],[-72.14928435699994,-14.778083857999945],[-72.15400698199983,-14.777131106999889],[-72.15666960699997,-14.778758106999874],[-72.15752410699997,-14.7808132319999],[-72.15756985599984,-14.785945106999975],[-72.15966798099998,-14.78634160699994],[-72.16256710699997,-14.782533606999891],[-72.16525273199994,-14.780539481999938],[-72.16804498099987,-14.780650106999929],[-72.17063135699988,-14.77864448199989],[-72.17532348099991,-14.778937356999961],[-72.17827610599994,-14.776792482999952],[-72.1808702319999,-14.776972731999933],[-72.18383785699996,-14.779619231999902],[-72.18647760599998,-14.780279106999956],[-72.1883927319999,-14.778337482999973],[-72.19056698099996,-14.77883435799987],[-72.1956558569999,-14.784357106999948],[-72.1997069819999,-14.785806732999902],[-72.20236973199997,-14.788366357999962],[-72.20204148199997,-14.79014773299997],[-72.20388798199997,-14.793161356999917],[-72.20278935599993,-14.797868732999973],[-72.20648960699987,-14.800141356999973],[-72.21360010699993,-14.80326273299994],[-72.21736910599998,-14.800881356999923],[-72.22029110699998,-14.799929606999967],[-72.22375485599986,-14.805058481999936],[-72.23172760699998,-14.809238482999945],[-72.23910523199993,-14.812240606999922],[-72.24466710699988,-14.811808731999974],[-72.25003810699991,-14.805394231999912],[-72.25228885699988,-14.803659481999944],[-72.2555542319999,-14.804925857999876],[-72.26136773199994,-14.80924798299992],[-72.26464848099988,-14.81112098199992],[-72.2726974819999,-14.81406785799993],[-72.27564235699992,-14.814344356999982],[-72.27938848199994,-14.81609435799993],[-72.28497310699998,-14.81538298299995],[-72.28854373199982,-14.818872607999936],[-72.29192348199996,-14.818374606999953],[-72.29779810699983,-14.821706731999939],[-72.30080410699986,-14.824129107999909],[-72.30409998199997,-14.825050357999942],[-72.30564885699988,-14.827569981999943],[-72.31544485699993,-14.833863231999942],[-72.31838973199996,-14.834089231999883],[-72.32502748199994,-14.833319607999954],[-72.32954410699989,-14.832247731999928],[-72.33632660699993,-14.829400107999959],[-72.34132385699996,-14.829412482999885],[-72.35014348099998,-14.827785607999942],[-72.35277560599997,-14.82772060799988],[-72.36250310699995,-14.828784981999945],[-72.36660760699993,-14.827554732999943],[-72.37530523199996,-14.82763098199996],[-72.37862398199997,-14.826304482999944],[-72.38548273199996,-14.826984356999901],[-72.39104460699991,-14.825234356999886],[-72.39568323199995,-14.825007481999933],[-72.40196223199996,-14.826591606999898],[-72.40647885699991,-14.827085481999916],[-72.41671748199991,-14.822833982999953],[-72.41863248199991,-14.82024385699998],[-72.41884610699992,-14.815679607999982],[-72.41811373199982,-14.810667982999917],[-72.41960910699999,-14.806316357999947],[-72.42308048199999,-14.80274585799998],[-72.43041223199998,-14.799992481999936],[-72.43234248199991,-14.798689856999943],[-72.43342573199993,-14.796246482999948],[-72.43393710699996,-14.791146232999836],[-72.43537898199997,-14.789908356999888],[-72.43960573199996,-14.791047106999883],[-72.44470973199992,-14.790779106999935],[-72.44700623199986,-14.78960798299994],[-72.44965360699996,-14.786839481999891],[-72.45090485699995,-14.784110106999947],[-72.45421598199988,-14.783329981999884],[-72.46189885699994,-14.78286260799996],[-72.46527098199994,-14.784393356999942],[-72.46628573199996,-14.787009231999946],[-72.46918485699996,-14.78698923199994],[-72.4697189819999,-14.783794357999852],[-72.46887973199995,-14.781043981999915],[-72.47094735699994,-14.774774607999973],[-72.4686356069999,-14.764020106999908],[-72.47019185699997,-14.76004510699994],[-72.47294610699993,-14.75737760699991],[-72.47956848199988,-14.754862732999925],[-72.47933198199985,-14.752685606999933],[-72.48101048199999,-14.748901356999966],[-72.48479473199995,-14.745552981999879],[-72.48696898199995,-14.740630106999959],[-72.4846572319999,-14.73821835699988],[-72.48264310699989,-14.730405856999823],[-72.48565673199994,-14.728091107999944],[-72.48654935699989,-14.72524548299998],[-72.48846435699988,-14.723461107999924],[-72.48748773199998,-14.720062232999908],[-72.48770123199989,-14.716154106999966],[-72.48612973199988,-14.712543482999877],[-72.48268885699997,-14.710632356999952],[-72.47597498199991,-14.707998231999966],[-72.47193910699991,-14.705789606999929],[-72.47129823199992,-14.701498981999919],[-72.46894835699993,-14.698314606999872],[-72.46846010699994,-14.693101857999977],[-72.46658323199989,-14.689817481999967],[-72.46624760699984,-14.687226357999918],[-72.46454623199992,-14.683615731999964],[-72.46195223199999,-14.681490856999915],[-72.46025848199997,-14.67622360699994],[-72.46242523199993,-14.672018106999928],[-72.46314235699987,-14.66810985799998],[-72.46616360699988,-14.66509435699993],[-72.47126010699998,-14.662799856999982],[-72.47177123199998,-14.661398856999881],[-72.47040535699995,-14.659850482999957],[-72.46912835699999,-14.656064856999876],[-72.46674298199997,-14.65194160699997],[-72.46565248199988,-14.644887731999972],[-72.46377823199998,-14.642502356999955],[-72.46371010699994,-14.63885610799997],[-72.46520948199992,-14.634426107999957],[-72.4654616069999,-14.625020856999981],[-72.46489248199998,-14.620745856999974],[-72.46218485699995,-14.613910981999936],[-72.46169948199991,-14.605869606999931],[-72.46742448199996,-14.601984857999923],[-72.46844198199994,-14.599632231999976],[-72.46942973199998,-14.591175856999882],[-72.47148823199996,-14.589138732999913],[-72.47490623199997,-14.589003856999966],[-72.47781785699988,-14.585150856999917],[-72.48398585699988,-14.582015857999977],[-72.48405398199992,-14.576222732999895],[-72.48470148199993,-14.573598856999979],[-72.48793873199992,-14.569066607999957],[-72.49383410699994,-14.566101856999978],[-72.49884335699994,-14.558741231999875],[-72.50056535699997,-14.557102607999923],[-72.50291023199992,-14.551661982999974],[-72.49703723199991,-14.548586356999976],[-72.49420123199991,-14.545634731999826],[-72.49408960699992,-14.538284981999936],[-72.49163948199998,-14.53353998199998],[-72.48708048199995,-14.529027981999945],[-72.48292610699997,-14.52713423299997],[-72.48149485699992,-14.524463356999945],[-72.47317260699992,-14.519543356999975],[-72.47036035699995,-14.517276231999915],[-72.46754498199988,-14.513548856999876],[-72.46389360699993,-14.510231106999981],[-72.4597592319999,-14.504466106999928],[-72.45164335699985,-14.502292106999903],[-72.44685898199992,-14.499216356999966],[-72.4427001069999,-14.494598356999973],[-72.44049723199998,-14.488858856999911],[-72.4414698569999,-14.483180731999937],[-72.44049810699988,-14.481748106999817],[-72.42746098199996,-14.479023481999889],[-72.42052585699992,-14.480535732999954],[-72.40857135699997,-14.483730481999885],[-72.40193410699993,-14.483853981999971],[-72.39927535699996,-14.484169981999912],[-72.3930819819999,-14.481849606999958],[-72.38887110699994,-14.477574231999881],[-72.38388285699995,-14.46935123299994],[-72.38186473199994,-14.467474481999886],[-72.3779011069999,-14.466119606999882],[-72.3685566069999,-14.46380910699986],[-72.36392110699995,-14.45975748199993],[-72.36310548199998,-14.456620481999948],[-72.36388473199997,-14.449472606999905],[-72.36249610699991,-14.44635160699994],[-72.35739623199993,-14.439994481999918],[-72.35762535699996,-14.435963856999933],[-72.35420285699985,-14.434773606999954],[-72.3438651059999,-14.42887585699998],[-72.34088823199988,-14.427838357999917],[-72.33876810699996,-14.428334606999954],[-72.33412223199997,-14.43140173199987],[-72.32980798199998,-14.435906481999893],[-72.3259449819999,-14.438741731999926],[-72.31973448199994,-14.440632731999926],[-72.31719923199995,-14.440689481999982],[-72.31111260699987,-14.43708473199996],[-72.30996423199997,-14.434177606999867],[-72.30806898199984,-14.432603606999919],[-72.30569135699994,-14.42875385699989],[-72.29817523199995,-14.428588231999981],[-72.29309973199992,-14.42666098199993],[-72.28902023199998,-14.422484856999972],[-72.29017660699992,-14.42046123199998],[-72.29242523199997,-14.419369106999852],[-72.29566960599993,-14.411884481999891],[-72.29480223199994,-14.410792356999934],[-72.28725210699997,-14.410096731999943],[-72.28044623199997,-14.410783731999857],[-72.27601048199995,-14.408864981999898],[-72.27155185699996,-14.405066856999952],[-72.26978273199995,-14.404452106999827],[-72.25436385699999,-14.40409073199993],[-72.24950523199988,-14.40292623199997],[-72.24765823199994,-14.399111731999938],[-72.24736085699993,-14.395463606999954],[-72.24874235599998,-14.386142106999898],[-72.24577785699995,-14.376063106999936],[-72.24255873199996,-14.368595106999976],[-72.24038910699994,-14.361510106999958],[-72.23961535699988,-14.354677606999928],[-72.23951560699999,-14.348472356999878],[-72.23737898099995,-14.34771535699997],[-72.23217898199994,-14.349002106999933],[-72.22826410599998,-14.348277606999943],[-72.22454598199994,-14.349081856999874],[-72.22296385699997,-14.344021231999932],[-72.22059473199994,-14.33956423199993],[-72.2163787319999,-14.337476231999915],[-72.21621723199996,-14.334086106999905],[-72.21120960699994,-14.331863606999946],[-72.20754498199994,-14.331774481999958],[-72.20659385599998,-14.322778606999918],[-72.20557735699998,-14.320250356999964],[-72.19916448199996,-14.315266981999969],[-72.19435760699997,-14.31407560699995],[-72.18710685699989,-14.313223606999884],[-72.18620323099992,-14.312230481999961],[-72.18659373199989,-14.304799856999978],[-72.18220810599996,-14.303626856999813],[-72.17644535699992,-14.299437481999917],[-72.17310973199989,-14.295890356999962],[-72.1702824809999,-14.291179356999919],[-72.16984385699993,-14.28330935699995],[-72.17069910599992,-14.276774856999907],[-72.16996135599999,-14.273833106999973],[-72.16626723199994,-14.27025935599994],[-72.16349660699996,-14.266083356999957],[-72.16116773199997,-14.263794731999951],[-72.15582723199998,-14.26162648199994],[-72.15161123099995,-14.25829373199997],[-72.14320685699988,-14.25616960699989],[-72.13957248199995,-14.25916148199991],[-72.13627260699991,-14.259819481999898],[-72.13371498099997,-14.258724231999963],[-72.13010435699982,-14.255491356999926],[-72.12592873099999,-14.254001981999977],[-72.12181735699983,-14.248897856999974],[-72.11567598199997,-14.24555760699991],[-72.11364448199993,-14.24212498199995],[-72.10912885699997,-14.237935856999968],[-72.10781710699996,-14.23565085699994],[-72.09923648199992,-14.229426231999867],[-72.09654798199989,-14.224118231999967],[-72.09560960599998,-14.220145481999964],[-72.09164998199998,-14.21783273199992],[-72.08579385699994,-14.209064981999973],[-72.08209710699998,-14.206876981999926],[-72.07648048099986,-14.207429730999934],[-72.07755860599997,-14.204681606999827],[-72.08148823199997,-14.202302731999907],[-72.08227535699996,-14.19725585699996],[-72.08656448099993,-14.192406231999882],[-72.08865235699994,-14.191273481999929],[-72.08999410599995,-14.186675730999923],[-72.09409960699998,-14.178109356999926],[-72.09519535699997,-14.173734356999944],[-72.09410160599998,-14.172246106999978],[-72.09109185699998,-14.171404356999972],[-72.08941998099993,-14.169874981999897],[-72.08790435699996,-14.163224606999961],[-72.08672260699996,-14.161664231999907],[-72.08369135699996,-14.160650480999891],[-72.07748435599996,-14.15567973199984],[-72.07540235699992,-14.153029356999923],[-72.06992585699993,-14.149906356999963],[-72.06646485699991,-14.14422848199996],[-72.0619433569999,-14.142234356999893],[-72.06109373099997,-14.140238230999955],[-72.06294135699989,-14.138037106999889],[-72.05970123199995,-14.135251980999954],[-72.0602363569999,-14.131886731999941],[-72.05775198199996,-14.13072073199993],[-72.05666985699992,-14.128810606999878],[-72.05731635699988,-14.124748106999903],[-72.06120310599994,-14.122189480999964],[-72.06443560699995,-14.11588085699998],[-72.06258985699992,-14.111941356999978],[-72.06058010599992,-14.111521481999944],[-72.05908198199995,-14.108695355999885],[-72.0585878569999,-14.108343730999934],[-72.05779498199996,-14.105736356999955],[-72.06068560699993,-14.10147848199989],[-72.06242773199995,-14.094146481999928],[-72.06440823199995,-14.091289106999966],[-72.06439435699991,-14.089437480999948],[-72.06242385599995,-14.08728323199989],[-72.06176560599994,-14.082396481999865],[-72.06790235599993,-14.076542981999864],[-72.06627935699993,-14.068994106999924],[-72.06342385699992,-14.06415435699995],[-72.06333198199997,-14.05289835699989],[-72.06403323199999,-14.051158231999977],[-72.06262498099989,-14.04469535699991],[-72.0577148569999,-14.039132856999913],[-72.05775198199996,-14.034708981999927],[-72.0563418569999,-14.032476606999921],[-72.05315235699987,-14.031525356999907],[-72.05129873199996,-14.02551760699987],[-72.05385348199997,-14.022992231999979],[-72.05235348099995,-14.018611231999955],[-72.05342973099988,-14.015417980999928],[-72.05167385599992,-14.012386730999935],[-72.05321285699989,-14.010191356999826],[-72.0530176069999,-14.008025356999951],[-72.05435548199995,-14.002927731999932],[-72.05414448199997,-13.999999981999906],[-72.05551173199996,-13.992509731999917],[-72.05815235699993,-13.987095731999887],[-72.05775198099997,-13.98283598199987],[-72.05873248099988,-13.976525356999957],[-72.05680473099989,-13.972019481999837],[-72.06012310599993,-13.965675731999966],[-72.05860548199996,-13.962949230999868],[-72.05730860699992,-13.957753856999943],[-72.05763473099995,-13.954847731999962],[-72.0560468569999,-13.952390606999927],[-72.05750198199996,-13.947968730999833],[-72.05491998199994,-13.937900356999876],[-72.05567573099995,-13.934853480999948],[-72.05408010599996,-13.936242230999824],[-72.04890623099982,-13.937851606999914],[-72.0448691069999,-13.938421856999867],[-72.04010160699988,-13.94098048199993],[-72.03569335699984,-13.940361356999915],[-72.03300785699997,-13.941044980999834],[-72.02772073199992,-13.94375198199998],[-72.0256777319999,-13.945656230999873],[-72.02114848199994,-13.945898480999972],[-72.01662498199994,-13.948220731999982],[-72.01066210599998,-13.94745898099984],[-72.00338085599998,-13.948560606999933],[-71.99810548199991,-13.94791998099987],[-71.99326760599996,-13.94424023099998],[-71.98547848199996,-13.946837856999878],[-71.98337110599994,-13.949743981999973],[-71.97710935599997,-13.95321673199993],[-71.97482623199988,-13.956171856999902],[-71.96803898199994,-13.960337231999915],[-71.96736910699991,-13.964267605999964],[-71.96787310599996,-13.966841856999963],[-71.96571648099996,-13.968957230999933],[-71.9642872309999,-13.972306981999907],[-71.95924023099997,-13.975656731999948],[-71.95995485699984,-13.983026231999872],[-71.96424260599997,-13.985214731999974],[-71.96459985699994,-13.987537231999909],[-71.96209873099986,-13.989189856999872],[-71.95921685699989,-13.992368981999903],[-71.95693360599995,-13.993183605999832],[-71.95053910599995,-13.990777356999956],[-71.94925585699991,-13.988011856999947],[-71.94727285699997,-13.987247981999872],[-71.94034960699997,-13.98228510599995],[-71.93819998099997,-13.979429855999967],[-71.93698435699997,-13.982281230999888],[-71.93845123099999,-13.985767480999925],[-71.93721098099996,-13.991435606999971],[-71.93869535699986,-13.994732481999904],[-71.94231448199997,-13.997126980999951],[-71.94424410599993,-14.000914106999971],[-71.94358598099996,-14.006308606999823],[-71.94083598099996,-14.011818356999981],[-71.93724010699998,-14.014986356999884],[-71.93294923099995,-14.028595731999928],[-71.92972073199996,-14.030509730999938],[-71.92423248099993,-14.036081980999938],[-71.92133398099998,-14.037753855999938],[-71.9174199819999,-14.0435058569999],[-71.91580860599998,-14.049589730999969],[-71.91399398099992,-14.05283698099987],[-71.91093760599989,-14.056609731999913],[-71.91022298099995,-14.05935235699991],[-71.91276373099993,-14.06814448199998],[-71.91001923099986,-14.068779856999981],[-71.90897023199994,-14.072398606999968],[-71.90897023199994,-14.076594230999945],[-71.91017648199988,-14.085824731999935],[-71.9112778569999,-14.090020355999968],[-71.91096323099998,-14.09269510699994],[-71.90734448199998,-14.097519981999937],[-71.90519410599995,-14.104967481999893],[-71.90356823199988,-14.10722260699987],[-71.90381448199992,-14.109662106999963],[-71.90545635699988,-14.110683981999955],[-71.90823598099985,-14.117292106999912],[-71.90807873099999,-14.122064731999956],[-71.90718710699991,-14.126102856999921],[-71.90487948199996,-14.130508481999925],[-71.90157523099992,-14.133707606999963],[-71.90241460599992,-14.137850856999933],[-71.9080262309999,-14.143514980999896],[-71.90855073199987,-14.149336480999978],[-71.91091073099989,-14.152220981999903],[-71.91557835699984,-14.152955230999908],[-71.91725673099995,-14.155000606999977],[-71.91295610599997,-14.15736060699993],[-71.90634798099995,-14.15951085699993],[-71.90477460699998,-14.160927106999964],[-71.90257185599995,-14.165070231999835],[-71.90189010599994,-14.168479106999882],[-71.89890073199996,-14.174510356999917],[-71.88951285599995,-14.181695481999895],[-71.88762485599995,-14.18473735699996],[-71.88707898199982,-14.191937856999914],[-71.88596535599987,-14.19371148199997],[-71.87877523199995,-14.197176856999874],[-71.87699410599993,-14.200259731999893],[-71.87012885599995,-14.201460981999958],[-71.86610548199997,-14.204318356999977],[-71.86455660699988,-14.203505856999982],[-71.85711723199995,-14.203873106999879],[-71.85214648099998,-14.201140106999901],[-71.84616335599998,-14.200500106999982],[-71.84136535599993,-14.2008256069999],[-71.83315173099999,-14.203834356999891],[-71.83124060699993,-14.203631105999932],[-71.82989873199995,-14.20151673199996],[-71.82680848099994,-14.199646231999907],[-71.82554798199993,-14.19765385699992],[-71.82091248099982,-14.197491231999948],[-71.8151384809999,-14.198751731999891],[-71.81314610699991,-14.200012231999949],[-71.8101982309999,-14.200071856999955],[-71.80727698099997,-14.19504560699994],[-71.80495723099995,-14.189074106999954],[-71.80371135699988,-14.187570606999884],[-71.8037543559999,-14.18134148099989],[-71.80203598199984,-14.179708981999909],[-71.7995442319999,-14.180224481999971],[-71.79576385599984,-14.183575356999825],[-71.79275660699989,-14.185121856999956],[-71.78772660599998,-14.188835981999887],[-71.7817832309999,-14.191361356999948],[-71.77638910699994,-14.19087848199996],[-71.76887110599995,-14.191093231999957],[-71.76371598199995,-14.19242498199992],[-71.75869710599989,-14.196310606999873],[-71.75585435599987,-14.199470356999939],[-71.75631748099988,-14.205358481999951],[-71.75540998199995,-14.209427606999952],[-71.75642760599987,-14.212726856999893],[-71.7548102319999,-14.21509185699989],[-71.7498832309999,-14.213490606999926],[-71.74595935599996,-14.21839998199988],[-71.74880985599998,-14.222670230999881],[-71.74937810599994,-14.225085106999927],[-71.74820623199997,-14.227500106999912],[-71.74522285599994,-14.230802856999901],[-71.74323498199988,-14.237150606999933],[-71.74071198099995,-14.240014356999836],[-71.74185348099996,-14.248332106999953],[-71.73995873099994,-14.251850606999938],[-71.74030673199996,-14.253783981999959],[-71.74394148099998,-14.255910606999976],[-71.74892948199994,-14.255949355999974],[-71.75418823099994,-14.257611981999958],[-71.7571268559999,-14.259467981999876],[-71.75973210699982,-14.259659606999833],[-71.75523823099996,-14.262722606999944],[-71.75091598199998,-14.263966856999957],[-71.74849223099994,-14.266109356999948],[-71.74735935699988,-14.273753856999974],[-71.74426385599992,-14.275169981999909],[-71.74159360599998,-14.272624856999926],[-71.73818948099995,-14.27183785699998],[-71.73360935599999,-14.267384731999982],[-71.73038285599989,-14.265673856999967],[-71.72577935699996,-14.267107481999858],[-71.72045698099993,-14.266601606999927],[-71.71434373099993,-14.269787106999956],[-71.7109396059999,-14.273310606999928],[-71.70875585599998,-14.273976606999952],[-71.70313285599997,-14.278419981999889],[-71.69772260599996,-14.277794981999875],[-71.69266010699994,-14.278734356999962],[-71.68954498099993,-14.27551948199988],[-71.68941410699995,-14.27228510699996],[-71.68797660599995,-14.269900355999937],[-71.68430473099988,-14.267915981999977],[-71.68173823099988,-14.265181606999931],[-71.67962498099985,-14.26469723199989],[-71.68076773099989,-14.261210981999852],[-71.68351760599995,-14.260126981999974],[-71.68293160599995,-14.258033231999889],[-71.68539060599994,-14.253636731999961],[-71.68451373199997,-14.251511606999884],[-71.68487698099989,-14.246597606999899],[-71.68445310599998,-14.243312481999965],[-71.68675785699992,-14.242267606999917],[-71.68399810699992,-14.237029356999926],[-71.68315623099988,-14.229501981999931],[-71.68007035599999,-14.227140481999925],[-71.67684185599995,-14.222841856999878],[-71.67790435599994,-14.21759573199995],[-71.67622460599995,-14.215025356999888],[-71.67597460599995,-14.211908231999928],[-71.6773221059999,-14.210603481999954],[-71.67607810699991,-14.207064481999964],[-71.67634960599997,-14.203287106999824],[-71.67339248099995,-14.19688285699982],[-71.67411323199997,-14.194296856999813],[-71.67764060599995,-14.19094335699998],[-71.67759960699993,-14.184521481999923],[-71.67984373099989,-14.175105481999879],[-71.6802676069999,-14.169896606999941],[-71.67945510599998,-14.165128856999956],[-71.68093160599994,-14.159968731999982],[-71.68301760599996,-14.157773481999982],[-71.68408010599995,-14.154732481999872],[-71.68360348099998,-14.150402356999905],[-71.68201760699992,-14.148562481999818],[-71.68255660599993,-14.145746106999923],[-71.6857734809999,-14.143802731999813],[-71.68678135599998,-14.138777356999924],[-71.68959960599994,-14.132837855999924],[-71.69998048199989,-14.127119105999896],[-71.70154298099993,-14.12440035599991],[-71.7000332319999,-14.11956448199993],[-71.69970898199989,-14.11628510699984],[-71.69824023099989,-14.117333981999934],[-71.69046485599995,-14.118511731999945],[-71.67821873099984,-14.117915981999943],[-71.67100585599997,-14.120937606999917],[-71.66411723199997,-14.12303510699985],[-71.66100973099998,-14.125824231999957],[-71.65630860699991,-14.126484355999935],[-71.65489448099999,-14.12762310699992],[-71.64975785699988,-14.128519481999945],[-71.64785548099997,-14.130978481999932],[-71.64435348099994,-14.133517606999874],[-71.63873410599996,-14.133834481999884],[-71.63470823099982,-14.136283606999939],[-71.6300924809999,-14.136157606999973],[-71.6249086059999,-14.136682606999898],[-71.61938548099988,-14.143148856999971],[-71.61663110599989,-14.144645606999916],[-71.61526173099992,-14.147808606999945],[-71.61288973199993,-14.150924606999865],[-71.60919610599996,-14.153880606999905],[-71.60583935699987,-14.15419110699986],[-71.60297598099999,-14.151314981999917],[-71.59928335599983,-14.14999423199987],[-71.59572660599997,-14.14988673199997],[-71.58796923099999,-14.149091356999975],[-71.58278360599996,-14.15269935699996],[-71.5812966069999,-14.155772856999818],[-71.57526235599988,-14.158832980999875],[-71.56886060599999,-14.158247606999964],[-71.56337735599993,-14.161186980999958],[-71.55977935599992,-14.16424760699988],[-71.55745948099991,-14.169830481999952],[-71.55414173099996,-14.172870231999923],[-71.55120523199997,-14.17354648199995],[-71.54987835599997,-14.17519535699995],[-71.54743160599992,-14.182034231999921],[-71.5447337309999,-14.185438481999881],[-71.54359510599994,-14.189356356999951],[-71.54438423099987,-14.19514473199996],[-71.54255935599997,-14.197647105999977],[-71.53873185599997,-14.200109106999946],[-71.53539348099997,-14.206143606999888],[-71.53470323099998,-14.208148731999927],[-71.52947035599993,-14.214204106999887],[-71.52889485599991,-14.217055481999921],[-71.52682323099992,-14.219807981999963],[-71.52271598099998,-14.22160110699997],[-71.52179110599985,-14.223590231999879],[-71.52175135599992,-14.22737260699995],[-71.52089073199994,-14.229847106999955],[-71.52173298099984,-14.233885481999948],[-71.52017623099982,-14.2404168569999],[-71.51782710599997,-14.247780856999839],[-71.51497223099983,-14.252546606999886],[-71.51697848099991,-14.254380856999944],[-71.52038085599997,-14.260505856999941],[-71.52344723099992,-14.264253856999915],[-71.52586523199989,-14.265724606999925],[-71.52836910599984,-14.265820356999939],[-71.52996760699995,-14.264491731999954],[-71.53528623099999,-14.265496481999946],[-71.54378110599998,-14.263500606999912],[-71.54578660599998,-14.262444981999977],[-71.54911723099997,-14.262384731999873],[-71.54884785599995,-14.264767356999926],[-71.54927010599994,-14.272472981999954],[-71.54779223099996,-14.275059231999933],[-71.55080060599988,-14.280917605999946],[-71.55275348099991,-14.28925660699997],[-71.5545976059999,-14.292945356999951],[-71.55143423099992,-14.297375731999864],[-71.55007810599989,-14.300919231999956],[-71.55025310599996,-14.30336910699998],[-71.55265923099995,-14.30844385699993],[-71.55677148099994,-14.311856106999926],[-71.5578651059999,-14.313780981999912],[-71.55834635599984,-14.319643106999933],[-71.55502148099998,-14.323317981999878],[-71.55410285599999,-14.327911356999948],[-71.55681523099997,-14.330711231999885],[-71.55878385599988,-14.335917106999943],[-71.56022748099997,-14.341429356999981],[-71.5601399809999,-14.345760231999918],[-71.55375285699989,-14.350660106999896],[-71.55610598099992,-14.357339231999902],[-71.55487885699989,-14.361809606999941],[-71.55522935599987,-14.363474981999957],[-71.55812198099994,-14.365666356999952],[-71.56346885599993,-14.365578606999975],[-71.56653673099993,-14.369961356999852],[-71.56864035599989,-14.375045231999934],[-71.56785148099982,-14.377324231999921],[-71.56452060599992,-14.379515481999874],[-71.55590060599997,-14.38250173199998],[-71.55341985599989,-14.384827356999836],[-71.55357485599995,-14.39102935699998],[-71.55559048099991,-14.393665106999833],[-71.55365235599993,-14.39839398199996],[-71.54974610599993,-14.405521481999926],[-71.5531698559999,-14.409378231999938],[-71.55441273099996,-14.410741356999893],[-71.5629124809999,-14.414510106999955],[-71.56732273099993,-14.41438985699989],[-71.56896660599989,-14.416354356999875],[-71.57337685599992,-14.418038356999944],[-71.57594273099994,-14.418278856999962],[-71.57694510599993,-14.42485410699993],[-71.58047335599991,-14.428542731999926],[-71.58592598099989,-14.431790231999969],[-71.58644723099985,-14.436000106999927],[-71.58781835699995,-14.437652356999934],[-71.59418523199997,-14.438966982999943],[-71.60072035599995,-14.442094231999931],[-71.60589235599997,-14.442254606999882],[-71.60913998099994,-14.445061106999958],[-71.60925385599995,-14.451128106999931],[-71.60765910599997,-14.4544276069999],[-71.60947385599985,-14.457946981999953],[-71.60986785599994,-14.461583356999824],[-71.60914760599996,-14.464680606999934],[-71.60720285599996,-14.466913731999966],[-71.60691473099985,-14.470442981999952],[-71.60496998199994,-14.477573856999925],[-71.60705873199993,-14.480743231999895],[-71.62319335599989,-14.49723785699996],[-71.62662960599994,-14.499245356999893],[-71.63004373099994,-14.499165981999909],[-71.63576035599993,-14.497498606999955],[-71.63790410599984,-14.497498606999955],[-71.64449423199994,-14.500833357999909],[-71.64630460599989,-14.502439606999872],[-71.64680623099991,-14.506511106999938],[-71.64648173099988,-14.510316981999893],[-71.64984573099997,-14.513890606999894],[-71.64860598099989,-14.519369481999888],[-71.65133560599998,-14.524028732999966],[-71.65180610599998,-14.52732298199993],[-71.64775885599994,-14.532170481999913],[-71.64860598099989,-14.53489985699997],[-71.64860598099989,-14.538617981999948],[-71.64997085599992,-14.543653606999953],[-71.65016060599999,-14.548348357999885],[-71.64872910599996,-14.552287731999968],[-71.64927573099999,-14.553955106999922],[-71.65228235599994,-14.556196481999905],[-71.65640973099994,-14.557918481999934],[-71.6588424819999,-14.562865981999948],[-71.66201310599996,-14.56453323199986],[-71.66794448199983,-14.56461523299987],[-71.6742038559999,-14.565407856999911],[-71.6792058559999,-14.564888481999958],[-71.68327023099994,-14.566181356999891],[-71.68882448099993,-14.566574981999963],[-71.69330723099995,-14.568652356999962],[-71.69678398199994,-14.570948356999963],[-71.70406573199995,-14.573331856999971],[-71.70923210699993,-14.579432981999958]]]},"properties":{"ubigeo":"070700","nombre":"CHUMBIVILCAS"}},{"type":"Feature","geometry":{"type":"Polygon","coordinates":[[[-70.97604810499996,-15.159950982999817],[-70.97581085599995,-15.163423357999875],[-70.97623085599997,-15.175641732999907],[-70.97189835599988,-15.179875607999918],[-70.97160910499991,-15.181792482999981],[-70.97323660599994,-15.186240981999902],[-70.97251322999995,-15.191919232999965],[-70.97291110499992,-15.196548606999954],[-70.97186223099999,-15.198790982999924],[-70.96778910599994,-15.201363232999938],[-70.96672073099995,-15.203988232999905],[-70.96678748099987,-15.21092860799996],[-70.96250248099989,-15.215636857999925],[-70.96507710599991,-15.218951982999954],[-70.96628122999988,-15.222329232999982],[-70.96639860499994,-15.22589248199995],[-70.96853897999995,-15.22901073199995],[-70.97032435599994,-15.233064982999906],[-70.97328135499998,-15.234242732999917],[-70.9756118549999,-15.236873981999963],[-70.97709035499986,-15.24191085799987],[-70.98170135499998,-15.243063607999943],[-70.98425735599989,-15.24536910799992],[-70.98528060499984,-15.249029607999944],[-70.98299097999995,-15.256030482999904],[-70.97676685599998,-15.260954982999976],[-70.97725160499988,-15.266786857999932],[-70.97603972999997,-15.271134356999937],[-70.97342310599998,-15.275025232999894],[-70.96658148099988,-15.278712982999934],[-70.96075872999995,-15.281187607999982],[-70.95229923099998,-15.2898431079999],[-70.9512433559999,-15.292078982999897],[-70.95003223099997,-15.298258857999883],[-70.95100598099998,-15.306633232999957],[-70.95541223099997,-15.314711107999926],[-70.95792973099998,-15.318226982999875],[-70.96079722999991,-15.319984732999842],[-70.96433160499998,-15.318486107999831],[-70.97487547999992,-15.320386732999964],[-70.97755348099997,-15.320414732999893],[-70.98388585599997,-15.316648607999923],[-70.98642435599999,-15.317373982999982],[-70.99136197999997,-15.322590482999942],[-71.00246460599993,-15.331851982999922],[-71.00611897999988,-15.335227357999884],[-71.01227735499998,-15.343752107999933],[-71.01918123099995,-15.36585135799993],[-71.01988198099991,-15.373258982999914],[-71.02568798099998,-15.377463357999886],[-71.03641685599996,-15.391950607999888],[-71.03714960499991,-15.399068107999938],[-71.03897098099998,-15.405165732999876],[-71.04049685599995,-15.412177982999822],[-71.04408260599996,-15.418115607999937],[-71.05303960599997,-15.426528982999912],[-71.05731198099988,-15.428444857999978],[-71.06213372999997,-15.433956107999904],[-71.06660460599994,-15.435810107999828],[-71.07407373099994,-15.437406482999904],[-71.07545473099992,-15.438301107999962],[-71.07543947999989,-15.442648857999814],[-71.07174685599989,-15.449273107999886],[-71.0729598559999,-15.452133232999927],[-71.07826235599998,-15.453689607999934],[-71.08201597999994,-15.457074107999915],[-71.08828735499998,-15.458288232999905],[-71.09690098099998,-15.456838607999885],[-71.10179135599998,-15.454826357999934],[-71.10383610499997,-15.453269982999927],[-71.10845185499994,-15.448089607999918],[-71.11021422999994,-15.439699232999828],[-71.1115646049999,-15.436775232999935],[-71.11721035599987,-15.429570232999936],[-71.11925510599986,-15.427576107999869],[-71.12464910599994,-15.426773107999963],[-71.12942510599993,-15.428173982999965],[-71.13233948099986,-15.430587732999982],[-71.13364410599996,-15.433836982999821],[-71.13871760599994,-15.437887232999913],[-71.14342498099995,-15.439990982999973],[-71.14705660599998,-15.440704357999948],[-71.1532712309999,-15.439834857999926],[-71.16011810499992,-15.43418885799997],[-71.16278835599996,-15.434001982999973],[-71.16806797999993,-15.429503482999905],[-71.17029572999996,-15.428788982999947],[-71.17433160599984,-15.424456607999957],[-71.17407985599988,-15.411424607999948],[-71.17277523099995,-15.407121607999954],[-71.17000585599993,-15.401289982999913],[-71.1690444809999,-15.398091357999931],[-71.17176060499992,-15.392475107999928],[-71.17157747999994,-15.388489732999972],[-71.16949460599994,-15.382284107999965],[-71.16605373099998,-15.376170107999826],[-71.16577910599989,-15.373950982999872],[-71.1622924809999,-15.370916357999874],[-71.15731048099997,-15.369194982999943],[-71.15115360599992,-15.363941232999878],[-71.15033723099998,-15.36249160799997],[-71.15042873099998,-15.356875357999968],[-71.15270235499997,-15.351936357999932],[-71.15402985599997,-15.345582982999872],[-71.15380860599987,-15.340854607999916],[-71.15573123099995,-15.337013232999936],[-71.16266635499994,-15.332484232999946],[-71.16471573099994,-15.326726232999931],[-71.16623998099993,-15.320869982999966],[-71.16484273099996,-15.317379982999967],[-71.16290285599996,-15.308910357999878],[-71.16487123099984,-15.300928107999937],[-71.16397098099998,-15.293328231999965],[-71.16539760599994,-15.288882232999981],[-71.17570498099997,-15.280218107999872],[-71.18051148099994,-15.2751636079999],[-71.19016260599989,-15.274388357999896],[-71.1923523559999,-15.27343085699988],[-71.19625085599995,-15.268906607999838],[-71.2006759809999,-15.261866607999877],[-71.19866185499995,-15.258349357999919],[-71.19690710599997,-15.252601606999974],[-71.20207972999998,-15.245132481999974],[-71.19784548099983,-15.240710232999902],[-71.19611360599998,-15.2371816079999],[-71.19178010599995,-15.233248732999925],[-71.18703460599988,-15.234718357999952],[-71.18317410599997,-15.233542482999894],[-71.17828373099996,-15.228690107999967],[-71.17688748099994,-15.225234982999893],[-71.17321010599994,-15.220566732999885],[-71.17234798099992,-15.217687607999892],[-71.16997523099997,-15.215097482999909],[-71.16831222999997,-15.214735982999912],[-71.16204523099998,-15.210311357999956],[-71.15950198099995,-15.204970732999925],[-71.1605193559999,-15.198294732999898],[-71.16414335499991,-15.193589982999924],[-71.16695397999996,-15.191748607999955],[-71.16944885499987,-15.188775107999959],[-71.17437748099991,-15.176425982999945],[-71.17675785599994,-15.172599731999924],[-71.17930598099991,-15.170982482999875],[-71.18446347999998,-15.170214607999924],[-71.18292998099992,-15.165156357999933],[-71.18038935499993,-15.162620482999955],[-71.17572023099996,-15.161427482999954],[-71.17273710599989,-15.15914635699994],[-71.17207335599994,-15.15426923299998],[-71.16835023099992,-15.149042107999946],[-71.16410823099994,-15.147726982999927],[-71.16024023099999,-15.148162857999864],[-71.15805810599994,-15.147293982999827],[-71.15602110599997,-15.141671231999908],[-71.14904023099996,-15.137721981999903],[-71.14381410599998,-15.128975857999933],[-71.14357760599995,-15.120560607999892],[-71.14772798099989,-15.119244607999974],[-71.15096298099996,-15.116683982999973],[-71.15570073099991,-15.114535357999898],[-71.16165160599996,-15.109302482999908],[-71.16271485599992,-15.106921857999964],[-71.16329948099991,-15.099719107999931],[-71.16390985599998,-15.098341982999955],[-71.16754148099989,-15.09580798299993],[-71.17459110599998,-15.094210607999969],[-71.18000797999991,-15.09229848299998],[-71.18257898099995,-15.088923482999974],[-71.18489073099988,-15.088316857999928],[-71.18907922999995,-15.089088482999955],[-71.1921616059999,-15.090795482999965],[-71.19535823099983,-15.09018998199997],[-71.19766998099988,-15.087215482999966],[-71.20310210499991,-15.07687860699997],[-71.20684048099997,-15.071888981999962],[-71.2077254809999,-15.067703231999928],[-71.20654298099993,-15.062187232999975],[-71.20956423099989,-15.05902860699996],[-71.20967097999994,-15.056349732999877],[-71.20768735599995,-15.05049223299983],[-71.21136473099995,-15.050424606999911],[-71.21539310599991,-15.048888231999968],[-71.21656173099996,-15.050009107999927],[-71.21882573099998,-15.05677123199996],[-71.22219185599994,-15.062133231999951],[-71.2238004809999,-15.067405856999926],[-71.22728723099993,-15.06945985799996],[-71.23165910599982,-15.065277107999918],[-71.24030298099996,-15.06156448299987],[-71.24190523099998,-15.05780410799997],[-71.24707035599988,-15.05667585699996],[-71.25365448099996,-15.057616232999976],[-71.25720210599991,-15.062505731999977],[-71.26404573099995,-15.062312107999901],[-71.2666244809999,-15.064060232999964],[-71.26692198099988,-15.065906482999935],[-71.26022523099994,-15.076908107999941],[-71.2605884809999,-15.078270231999852],[-71.26830685499993,-15.081266732999893],[-71.27744297999993,-15.088359857999933],[-71.28309635599987,-15.09478473299987],[-71.28727723099996,-15.097191857999917],[-71.29351048099994,-15.103487982999866],[-71.29756160599999,-15.108616857999948],[-71.29956823099985,-15.109855607999862],[-71.30301660599997,-15.110331482999982],[-71.30687710599983,-15.11233048299988],[-71.31008898099992,-15.118760107999947],[-71.31562810599985,-15.120224981999911],[-71.32167810599992,-15.119058607999875],[-71.32490535599999,-15.116888107999955],[-71.32780460599997,-15.11046698299998],[-71.32797235599998,-15.104315731999975],[-71.32915498099987,-15.100378981999938],[-71.33147435599994,-15.098586107999893],[-71.33788298099995,-15.097384481999882],[-71.34300998099997,-15.093419981999944],[-71.34516148099988,-15.092622732999871],[-71.35145573099993,-15.093287481999823],[-71.35424810599989,-15.092304232999822],[-71.35618585599997,-15.089302106999924],[-71.35829160599997,-15.083607732999951],[-71.36184698099999,-15.079142607999927],[-71.36455535599998,-15.079343731999927],[-71.36919398099997,-15.081142482999894],[-71.37268048099997,-15.079110107999952],[-71.37454223099991,-15.074089982999908],[-71.37973785599985,-15.064546607999887],[-71.38239285599997,-15.06265635799997],[-71.38751223099996,-15.06126210699989],[-71.39234160599995,-15.053872106999961],[-71.39415735599994,-15.049595857999975],[-71.39686585599992,-15.045240357999944],[-71.39942935599993,-15.042880981999872],[-71.40586848099997,-15.040055232999919],[-71.41065973099995,-15.035459481999908],[-71.41593160599996,-15.034667982999963],[-71.41736585599995,-15.03372573299987],[-71.41864773099996,-15.030184731999896],[-71.41925048099995,-15.018881732999944],[-71.42214960599989,-15.012004857999841],[-71.42823023099993,-15.011177981999879],[-71.43042760599997,-15.007965107999894],[-71.42755135599998,-15.00587160799995],[-71.42672735599996,-15.002123857999948],[-71.4289627309999,-14.998911857999929],[-71.4308166059999,-14.998084106999897],[-71.43668360599986,-14.997891482999876],[-71.44138335599996,-14.996675481999887],[-71.44580835599999,-14.991974856999889],[-71.44635773099998,-14.984184231999848],[-71.44750198099996,-14.979785856999968],[-71.45324998099994,-14.980079981999893],[-71.45757610599992,-14.979546732999893],[-71.46129535599994,-14.982700731999955],[-71.46504448099995,-14.984069356999953],[-71.46818548099998,-14.98282435799996],[-71.47705835599993,-14.981572106999977],[-71.47862248099995,-14.982023231999904],[-71.48400873099985,-14.981376607999891],[-71.48956298099995,-14.979026731999966],[-71.49433898099988,-14.978242856999941],[-71.5003204809999,-14.97924035799997],[-71.5052261059999,-14.975560231999964],[-71.50704960699994,-14.976275482999881],[-71.50796510599986,-14.982519107999906],[-71.50724798099992,-14.989609731999963],[-71.50769810599996,-14.997870606999925],[-71.51016998099993,-15.004634857999974],[-71.50845335699995,-15.007133481999915],[-71.50712585699995,-15.013829106999879],[-71.50499723099995,-15.016273482999964],[-71.50372310599988,-15.020950356999947],[-71.50431060599982,-15.025307606999888],[-71.50366985599999,-15.027326606999964],[-71.50064085599996,-15.029239607999955],[-71.49721523099998,-15.032427732999963],[-71.49240110599993,-15.03327748299995],[-71.48638910599988,-15.037087481999947],[-71.48460385599998,-15.039325732999941],[-71.4822082309999,-15.047717107999972],[-71.48268123099996,-15.05236723299987],[-71.48587035599996,-15.059104857999955],[-71.49092098099987,-15.064472232999947],[-71.49562073099997,-15.067257857999948],[-71.49977873099994,-15.067390482999826],[-71.50494398199999,-15.07132723299992],[-71.5090789809999,-15.075264857999969],[-71.5117111059999,-15.079447732999938],[-71.51456448099992,-15.079447731999949],[-71.5189591059999,-15.076421732999847],[-71.52561185599995,-15.075823856999932],[-71.53035735599997,-15.074524857999904],[-71.53960423099994,-15.074290232999942],[-71.54421998099997,-15.072331481999981],[-71.54649348099997,-15.068491981999898],[-71.55132685599983,-15.066911732999927],[-71.55602260599994,-15.066876356999899],[-71.56188023099992,-15.064154607999967],[-71.57062723199988,-15.061207231999902],[-71.57234373099988,-15.061931607999952],[-71.57195835699997,-15.065675857999963],[-71.57271885599994,-15.07023948299991],[-71.57603460599984,-15.077456482999935],[-71.5761871059999,-15.080665606999958],[-71.57778173199989,-15.087873481999964],[-71.58002473099992,-15.091852232999884],[-71.58383173199996,-15.095996857999978],[-71.58361810599996,-15.102387482999916],[-71.58647160599998,-15.110410731999934],[-71.58673860699997,-15.118168857999876],[-71.5876007309999,-15.125595106999981],[-71.58914173099993,-15.12887673199998],[-71.59302523099984,-15.130834607999816],[-71.60149385599993,-15.132644607999907],[-71.60155485599984,-15.135150856999871],[-71.60291285599993,-15.139182107999943],[-71.6062241059999,-15.140240606999953],[-71.61262510599988,-15.145173107999938],[-71.61760710599998,-15.14606473299989],[-71.62904360599998,-15.14218235699991],[-71.63602448099994,-15.139139232999923],[-71.64357760599995,-15.130709607999961],[-71.64357760699994,-15.126981731999877],[-71.64643860699988,-15.124360106999859],[-71.64903260599993,-15.120671232999882],[-71.65415185599994,-15.116847107999945],[-71.65777585599994,-15.11329560799993],[-71.66167448099998,-15.111497856999847],[-71.66371923199989,-15.108579607999957],[-71.66359710599994,-15.100923481999928],[-71.66452785699994,-15.099305107999896],[-71.66777023199995,-15.097935732999929],[-71.66732785599987,-15.09382623199997],[-71.66795348099993,-15.091896106999968],[-71.67144010599986,-15.089779857999929],[-71.67557523099998,-15.088599232999968],[-71.67918398199993,-15.08849048199994],[-71.68459323199994,-15.09052373299994],[-71.69107823099989,-15.091177982999966],[-71.69827273099997,-15.088970231999838],[-71.70194248099995,-15.088347482999893],[-71.70674135699994,-15.089281106999977],[-71.7127762319999,-15.08903210799997],[-71.71558385699996,-15.088160482999967],[-71.72126010599993,-15.083946232999892],[-71.72837835599995,-15.082501357999888],[-71.73448948099997,-15.082141857999886],[-71.74111935599996,-15.07994273199995],[-71.74414823099994,-15.081376982999927],[-71.75637060699995,-15.084654981999904],[-71.7591171059999,-15.083958606999943],[-71.76548773099995,-15.078683857999977],[-71.76786035599991,-15.078881232999947],[-71.76956935599992,-15.081451356999878],[-71.77253735599999,-15.082439481999927],[-71.77592473199996,-15.080794356999888],[-71.78047948199998,-15.076333107999972],[-71.78455348099999,-15.070514731999936],[-71.78630060699993,-15.069550482999944],[-71.79117585599994,-15.070227607999982],[-71.79459385599995,-15.069859482999902],[-71.79811098099998,-15.06813235699991],[-71.8029556059999,-15.067440981999937],[-71.80784610599989,-15.069912107999926],[-71.8089523559999,-15.071542731999898],[-71.81211085599995,-15.072751982999876],[-71.81389623199988,-15.076906232999875],[-71.81547548099991,-15.078221357999894],[-71.81883998199993,-15.078063982999936],[-71.82241823199996,-15.07664398199995],[-71.8326721059999,-15.077064482999901],[-71.83763123099999,-15.074841482999943],[-71.83868410599996,-15.07308573299997],[-71.84016423199995,-15.065401981999969],[-71.84585573199996,-15.056760731999873],[-71.84844210599988,-15.05187698299983],[-71.84931948199994,-15.04508973299994],[-71.84357448099985,-15.042705481999917],[-71.83873748099995,-15.042630232999898],[-71.83473210699998,-15.040588231999891],[-71.83253473199989,-15.038092607999886],[-71.82292935699996,-15.034991232999971],[-71.82149510599999,-15.03317648199993],[-71.81513973199992,-15.02788260799997],[-71.81135560599989,-15.023571981999964],[-71.80503848199993,-15.021386106999955],[-71.79679110599994,-15.020160731999908],[-71.79234323099996,-15.016997107999885],[-71.7778917309999,-15.013289231999977],[-71.77427373099994,-15.011726857999918],[-71.76745610599994,-15.010523982999871],[-71.76497648099996,-15.00830560799983],[-71.76371760599989,-15.003816607999909],[-71.76347223099992,-14.99479535699993],[-71.76447298099993,-14.991615356999887],[-71.76761623099998,-14.986581857999965],[-71.77024073199993,-14.984484732999931],[-71.77024073199993,-14.982176732999903],[-71.76866910699994,-14.978402107999955],[-71.76300048099995,-14.971060732999888],[-71.76038360699988,-14.966761607999956],[-71.75843460599992,-14.961365857999908],[-71.75572848099995,-14.955448107999928],[-71.75409285599994,-14.953366356999936],[-71.75031623099994,-14.951106356999958],[-71.74771885599995,-14.948301356999877],[-71.74595998099994,-14.939869982999937],[-71.74921585699991,-14.936118481999927],[-71.75362398199997,-14.933449731999929],[-71.76041410599993,-14.930821356999957],[-71.76247410699995,-14.928942731999882],[-71.7662277309999,-14.928048106999938],[-71.7702102319999,-14.92487235699997],[-71.77537535599998,-14.919103606999897],[-71.78515623099986,-14.912559482999939],[-71.78945923099991,-14.907074982999916],[-71.79038998199991,-14.899222357999975],[-71.79300685699997,-14.896168731999921],[-71.79762273099988,-14.895981732999928],[-71.80372623199997,-14.900031982999906],[-71.81668085699988,-14.907340982999926],[-71.82759860599998,-14.906064981999862],[-71.83053585699997,-14.898614731999885],[-71.83021548199986,-14.897208231999969],[-71.82633973099996,-14.892037356999879],[-71.82656860599991,-14.889513981999926],[-71.82891848199984,-14.887982357999931],[-71.83692935599998,-14.88809398199993],[-71.84322360699997,-14.88768010799987],[-71.84708410699989,-14.888751982999906],[-71.85208898099984,-14.888090107999972],[-71.85865785699997,-14.88440985699998],[-71.86124423099989,-14.881446856999958],[-71.86344148199998,-14.875378607999892],[-71.86341873199996,-14.873355857999968],[-71.85942835599985,-14.8682308569999],[-71.8562622309999,-14.862237982999943],[-71.85466748099992,-14.857664107999938],[-71.85497285699995,-14.854579982999951],[-71.85730748199995,-14.851411856999903],[-71.86428835599997,-14.845511606999935],[-71.86575323099993,-14.840870857999846],[-71.86909485699994,-14.83597085699995],[-71.86863710599982,-14.828189857999973],[-71.8726121069999,-14.823982231999935],[-71.87335210599986,-14.816805856999906],[-71.87323760699996,-14.810460107999859],[-71.87401585599997,-14.806402232999915],[-71.87667073199998,-14.800437981999892],[-71.8810462319999,-14.798231731999977],[-71.89004985699995,-14.790873482999928],[-71.89389860699998,-14.789601232999871],[-71.89285710599995,-14.787290982999878],[-71.89339973099993,-14.785167481999963],[-71.8963719809999,-14.780402981999885],[-71.8984371059999,-14.77876610699991],[-71.9011488569999,-14.774805357999924],[-71.90241560699991,-14.770327356999871],[-71.90207298199982,-14.766816356999982],[-71.90061723199989,-14.764960856999949],[-71.89630685699996,-14.762534481999921],[-71.8900268559999,-14.761364106999963],[-71.88628748099995,-14.762220481999975],[-71.88366135599995,-14.763847606999946],[-71.88220548099997,-14.762505982999869],[-71.88209135599988,-14.758395481999855],[-71.8790368569999,-14.75651148199995],[-71.88468898199994,-14.752286731999959],[-71.88971285699995,-14.750565482999946],[-71.89265323099988,-14.746511982999891],[-71.89108310599994,-14.739033106999898],[-71.89173960699998,-14.735636231999933],[-71.88788598099995,-14.733923607999827],[-71.88577360599999,-14.731040481999912],[-71.88497435699992,-14.727272481999933],[-71.8856309809999,-14.723104856999953],[-71.88394673099998,-14.720678482999915],[-71.88411798099997,-14.716368232999969],[-71.88062398099999,-14.71036960799995],[-71.8774804809999,-14.71036960799995],[-71.87157473199994,-14.711417482999877],[-71.86870398199994,-14.711290356999939],[-71.86556285699999,-14.708958731999928],[-71.86436460599998,-14.70636810699989],[-71.8611262309999,-14.703000106999866],[-71.85814698199988,-14.692313606999846],[-71.85328948099993,-14.691018232999966],[-71.84992160699994,-14.689139981999972],[-71.84251685699991,-14.691529357999968],[-71.84023985699997,-14.693452106999871],[-71.83947923199992,-14.695701606999933],[-71.83573660599995,-14.700181856999905],[-71.83244760599996,-14.702357606999897],[-71.82672985599993,-14.70488748299988],[-71.82237835599994,-14.70589948199995],[-71.81858335699991,-14.704634482999893],[-71.81043698199994,-14.704077982999877],[-71.80203760699999,-14.70928960699996],[-71.79900148099995,-14.709795606999933],[-71.79677510599993,-14.706810232999885],[-71.79206935699995,-14.705950107999968],[-71.78402410699988,-14.701800981999952],[-71.78250610599997,-14.699523981999846],[-71.77987498099998,-14.691023356999949],[-71.77866060599985,-14.684344232999933],[-71.77774985599996,-14.68252260699984],[-71.77162735599995,-14.679385481999873],[-71.76666860599988,-14.680397482999865],[-71.76034373099998,-14.679334857999947],[-71.75796560699996,-14.677057981999951],[-71.75538498099985,-14.672756981999896],[-71.75204535599994,-14.665167106999945],[-71.74809860599993,-14.66071435799995],[-71.73949673099992,-14.65980360799989],[-71.73706798099988,-14.658133856999939],[-71.73671385599988,-14.6546931069999],[-71.73838360599984,-14.64851985699994],[-71.74298810699997,-14.644117856999856],[-71.7456193569999,-14.639513231999956],[-71.75184298099998,-14.635009982999975],[-71.75184298199997,-14.631265606999932],[-71.75417048199989,-14.627065856999934],[-71.75376573099999,-14.62494073299996],[-71.7508816059999,-14.623523981999881],[-71.74253273099993,-14.620993981999959],[-71.73140085599994,-14.620285606999971],[-71.7257843559999,-14.618868731999896],[-71.72239423199989,-14.61745198199992],[-71.71834635599998,-14.613859481999953],[-71.71278035699999,-14.610418731999914],[-71.71222373099994,-14.606977981999876],[-71.71040223199998,-14.604549231999954],[-71.71065523199991,-14.600248232999945],[-71.71278035599988,-14.591342856999972],[-71.71239460599998,-14.582342481999888],[-71.70923210699993,-14.579432981999958],[-71.70406573199995,-14.573331856999971],[-71.69678398199994,-14.570948356999963],[-71.69330723099995,-14.568652356999962],[-71.68882448099993,-14.566574981999963],[-71.68327023099994,-14.566181356999891],[-71.6792058559999,-14.564888481999958],[-71.6742038559999,-14.565407856999911],[-71.66794448199983,-14.56461523299987],[-71.66201310599996,-14.56453323199986],[-71.6588424819999,-14.562865981999948],[-71.65640973099994,-14.557918481999934],[-71.65228235599994,-14.556196481999905],[-71.64927573099999,-14.553955106999922],[-71.64872910599996,-14.552287731999968],[-71.65016060599999,-14.548348357999885],[-71.64997085599992,-14.543653606999953],[-71.64860598099989,-14.538617981999948],[-71.64860598099989,-14.53489985699997],[-71.64775885599994,-14.532170481999913],[-71.64517048099992,-14.530193856999972],[-71.64027598199988,-14.530334981999943],[-71.6320871069999,-14.529534981999973],[-71.62215710599997,-14.533535231999963],[-71.61538010599986,-14.533252856999923],[-71.6140154819999,-14.53452348199994],[-71.61237273099988,-14.540056231999927],[-71.60985973099997,-14.543366481999897],[-71.6018779819999,-14.54611498199995],[-71.59984498099993,-14.545550231999925],[-71.59412223099991,-14.546529106999913],[-71.59295485599995,-14.545813731999885],[-71.58309010599999,-14.547796606999896],[-71.57941285599992,-14.547694481999883],[-71.5767902309999,-14.54603348199987],[-71.57145748099992,-14.543935356999896],[-71.56743610599989,-14.541400107999948],[-71.55196235599993,-14.538165481999897],[-71.54356985599998,-14.537990731999912],[-71.53893648099995,-14.541924731999814],[-71.53823710599983,-14.545683857999961],[-71.54033523099997,-14.553027231999977],[-71.53972335599997,-14.555912231999912],[-71.53745035599991,-14.557573231999982],[-71.53459473099997,-14.562517107999952],[-71.53216260599993,-14.569079981999892],[-71.52845010699997,-14.571669606999933],[-71.52150623099982,-14.571852981999939],[-71.51687685599995,-14.576367607999885],[-71.51206435599994,-14.577009231999966],[-71.50887885599997,-14.576780106999934],[-71.50466210599996,-14.580171856999982],[-71.49874948099995,-14.580859481999937],[-71.49350135599985,-14.579186482999887],[-71.4892846059999,-14.578521857999874],[-71.48770335599994,-14.581546856999978],[-71.4877492309999,-14.586336606999964],[-71.48678673099994,-14.587459481999815],[-71.48245535599995,-14.589109606999898],[-71.47681773099993,-14.59302835699998],[-71.47097385599994,-14.595205357999873],[-71.46490085599999,-14.59550348199997],[-71.45932673099992,-14.599122232999946],[-71.45547460599988,-14.600535106999871],[-71.45418473099983,-14.606299856999897],[-71.44887523099999,-14.61091285699996],[-71.44607110599998,-14.611895731999937],[-71.44438673099995,-14.613886731999969],[-71.43765748099997,-14.612550231999876],[-71.43273785599996,-14.615425231999893],[-71.43041960599999,-14.618834356999969],[-71.42986448099998,-14.621277356999883],[-71.42665223099993,-14.621812856999952],[-71.42462973099992,-14.616756481999914],[-71.42355898099999,-14.610926731999939],[-71.41868098099997,-14.60741710699989],[-71.41716998099992,-14.602072231999955],[-71.41166935599989,-14.603736356999889],[-71.40827935599998,-14.60268948199996],[-71.40670123099994,-14.605578106999872],[-71.40299023099988,-14.6071444829999],[-71.39244135599995,-14.606281231999958],[-71.38733010599998,-14.608255856999847],[-71.38310748099985,-14.609083981999959],[-71.3818123559999,-14.614145231999942],[-71.37793085599998,-14.61877498299998],[-71.37432998099996,-14.620364981999955],[-71.36960673099992,-14.6198973569999],[-71.36497698099993,-14.617933231999928],[-71.3575311059999,-14.618410856999958],[-71.35111460599995,-14.618093981999948],[-71.34802523099995,-14.617460231999871],[-71.34311385599995,-14.615004606999946],[-71.33851935599995,-14.61476685699995],[-71.33503385599994,-14.616430356999956],[-71.33011485599997,-14.62943035799998],[-71.32545060599995,-14.637420481999925],[-71.32208423099996,-14.641841356999976],[-71.31944785599995,-14.648127856999906],[-71.3165682309999,-14.652670481999962],[-71.31458085599996,-14.657821356999932],[-71.31243123099995,-14.65911923199991],[-71.30951098099996,-14.65899760799988],[-71.30663135599991,-14.657294106999927],[-71.30387335599988,-14.653603357999884],[-71.30148048099989,-14.648979606999944],[-71.29981748099993,-14.644355981999922],[-71.29685673099993,-14.641597981999894],[-71.29466660599991,-14.64139523199998],[-71.29040798099999,-14.643017481999948],[-71.28322898099992,-14.644905981999955],[-71.27523798099998,-14.650931981999918],[-71.27253060499999,-14.651237606999814],[-71.26951760599991,-14.649141606999933],[-71.26715960499996,-14.64857398199996],[-71.26401560599993,-14.649883981999892],[-71.26130835599997,-14.65224210699995],[-71.25711635599993,-14.653071606999958],[-71.25191998099996,-14.649010607999912],[-71.24926923099991,-14.647572232999948],[-71.24943948099997,-14.642635356999847],[-71.24782223099999,-14.640592606999917],[-71.24467285599991,-14.640847981999912],[-71.24041698099995,-14.64229498199984],[-71.23777835599998,-14.644082606999973],[-71.2312242299999,-14.646295481999971],[-71.22362585599996,-14.647849106999956],[-71.21765535599997,-14.64841560699989],[-71.21316648099997,-14.647587606999878],[-71.20928785599995,-14.644275357999902],[-71.20689085599997,-14.639699482999958],[-71.20135622999999,-14.639307231999965],[-71.19765185599988,-14.63760760699995],[-71.1939038559999,-14.633118856999886],[-71.18775910599999,-14.6285428569999],[-71.18749760499992,-14.62601523199993],[-71.18575435599996,-14.625099981999881],[-71.18531847999992,-14.62191860799993],[-71.18318310599989,-14.61477148199998],[-71.18025210599995,-14.61453510799987],[-71.17482797999998,-14.618791356999964],[-71.17260110599983,-14.622076231999927],[-71.16942710599994,-14.624166856999977],[-71.16768898099991,-14.626534982999942],[-71.16051985599995,-14.627277231999926],[-71.15827635599987,-14.628930356999831],[-71.15655185599991,-14.633773856999937],[-71.15392635599994,-14.636908731999938],[-71.14894660599992,-14.640220106999948],[-71.14512623099995,-14.640586231999919],[-71.14172898099997,-14.638929981999866],[-71.13879885599988,-14.640288981999959],[-71.13315085499994,-14.640564981999944],[-71.12903160499997,-14.641860231999942],[-71.12714185599987,-14.64529985799993],[-71.12085698099997,-14.647210856999948],[-71.11794060499989,-14.648917732999962],[-71.11679123099992,-14.653605731999903],[-71.11512785499997,-14.657597981999913],[-71.11503710599999,-14.661257606999925],[-71.1136761059999,-14.66673198299992],[-71.11158910599988,-14.669574981999972],[-71.11010697999984,-14.673537106999959],[-71.10481410499995,-14.677529482999887],[-71.10369522999991,-14.683124731999897],[-71.10151760599996,-14.685665356999891],[-71.09743447999989,-14.685241856999937],[-71.09162748099993,-14.690625481999973],[-71.08776122999996,-14.69714610699998],[-71.08884498099991,-14.702541981999957],[-71.08966148099995,-14.710768607999967],[-71.08951035599989,-14.71318810699995],[-71.08228172999998,-14.718753356999969],[-71.07868598099992,-14.722952231999955],[-71.07412435499998,-14.727709482999899],[-71.06767010599992,-14.731534231999944],[-71.06321785599994,-14.736524356999894],[-71.06185385599997,-14.741963107999936],[-71.05715610599998,-14.75092835799984],[-71.05324048099999,-14.754330482999933],[-71.05076597999988,-14.754890731999865],[-71.04854235599993,-14.753405356999963],[-71.04220147999985,-14.753496481999946],[-71.03569385599997,-14.752117357999964],[-71.03434060499995,-14.756610482999974],[-71.03241885599982,-14.75912748199994],[-71.02776348099991,-14.760074982999981],[-71.02546285599982,-14.758099107999954],[-71.0218088559999,-14.752902356999925],[-71.02069910499995,-14.746758106999948],[-71.01569185499994,-14.740884856999969],[-71.01309348099988,-14.739693856999963],[-71.01025147999997,-14.741101356999877],[-71.0087899809999,-14.743374981999978],[-71.00161860499992,-14.74431948199998],[-70.99902298099994,-14.745468357999982],[-70.99693798099997,-14.748276731999908],[-70.99001285499997,-14.750225607999937],[-70.98757485599987,-14.752790106999953],[-70.98152860599998,-14.755488232999937],[-70.97548335499994,-14.764133731999891],[-70.97488960599992,-14.766339356999879],[-70.9765014809999,-14.771146106999936],[-70.97994860599994,-14.772458356999891],[-70.98065360599998,-14.77377060699996],[-70.98092785499995,-14.779450481999959],[-70.98243598099992,-14.781879107999941],[-70.98370898099984,-14.786031232999903],[-70.98028147999992,-14.792612106999968],[-70.9808103549999,-14.795843607999927],[-70.98039910599988,-14.799603981999837],[-70.97820548099992,-14.803109857999914],[-70.97732410599991,-14.80782998199993],[-70.97918473099998,-14.810434856999905],[-70.9772851059999,-14.814959107999982],[-70.97722623099997,-14.817231106999941],[-70.97910635599993,-14.820599856999934],[-70.97832660599994,-14.824154606999969],[-70.97926747999998,-14.825145857999928],[-70.98580248099995,-14.827509981999981],[-70.99383548099996,-14.829163856999855],[-70.99577798099995,-14.831368982999948],[-70.99422922999997,-14.837748107999914],[-70.99189285499989,-14.840294481999933],[-70.99575185599991,-14.842473357999836],[-70.99659185499996,-14.843943482999975],[-70.99606685499992,-14.849587481999947],[-70.99336285499993,-14.853262731999905],[-70.99283773099995,-14.85777798199996],[-70.99147285599997,-14.860901857999977],[-70.99292422999997,-14.865996856999914],[-70.99245235599994,-14.871827732999975],[-70.99307648099995,-14.878084857999966],[-70.99543623099999,-14.87947023199996],[-70.99482710599995,-14.88198223199987],[-70.9966084809999,-14.8856969819999],[-70.99597335599992,-14.893905231999952],[-70.99433198099985,-14.896926356999927],[-70.99485535599996,-14.899043481999854],[-70.99388010599995,-14.902540232999968],[-70.99200085499996,-14.90587060699994],[-70.98886097999997,-14.908558607999964],[-70.98821848099993,-14.911817482999936],[-70.98629173099994,-14.91548085799991],[-70.98637398099999,-14.917843857999912],[-70.98840847999992,-14.920895731999963],[-70.99057022999989,-14.926872232999813],[-70.98981173099992,-14.932076232999975],[-70.98672285599997,-14.937032356999964],[-70.98720698099999,-14.939337482999917],[-70.98580072999988,-14.941412107999895],[-70.98474035599997,-14.946068481999873],[-70.99173810499997,-14.95106360699998],[-70.99663898099993,-14.953934357999913],[-70.99771485599996,-14.960140606999971],[-70.99625485599995,-14.963716606999924],[-71.00040773099994,-14.96652048299984],[-71.00405010599997,-14.97187723199994],[-71.00441010599997,-14.979611357999943],[-71.0033937309999,-14.980988982999975],[-71.00306847999991,-14.984662356999877],[-71.00389810499996,-14.986341107999976],[-71.00322960499983,-14.989076232999935],[-71.00319860599984,-14.994853356999954],[-71.00420635599988,-14.998656732999962],[-71.00392848099983,-15.001353481999956],[-70.99976523099997,-15.011989732999837],[-70.99657435599994,-15.016730356999858],[-70.99605073099997,-15.021011731999977],[-70.99678710599994,-15.028825357999892],[-70.99572347999998,-15.031833857999857],[-70.99396073099996,-15.033565982999903],[-70.99314035599991,-15.042348482999955],[-70.99654672999986,-15.054349857999966],[-70.99641960499991,-15.059118357999978],[-70.99463935599988,-15.064459107999937],[-70.99228685599991,-15.068273857999884],[-70.99190535599996,-15.07062635799997],[-70.99381285599998,-15.075712607999947],[-70.99457572999995,-15.080671982999888],[-70.99360035599989,-15.084587357999908],[-70.99294210599993,-15.087920482999948],[-70.99436322999992,-15.09338073299989],[-70.99338910499989,-15.096008856999902],[-70.99033022999993,-15.097399357999961],[-70.98482123099996,-15.103235606999931],[-70.98032260499997,-15.106350106999969],[-70.97864185599997,-15.111367857999937],[-70.9784467309999,-15.119393607999882],[-70.97911435599997,-15.12211760799994],[-70.97855348099995,-15.125428982999836],[-70.97705798099992,-15.126844357999971],[-70.97743185599995,-15.135443357999918],[-70.9766477309999,-15.142257357999824],[-70.97754048099989,-15.144661107999923],[-70.9805852309999,-15.145576857999856],[-70.98214160499998,-15.147420732999933],[-70.98171960499997,-15.150691732999917],[-70.97997860599992,-15.15538735799987],[-70.97604810499996,-15.159950982999817]]]},"properties":{"ubigeo":"070800","nombre":"ESPINAR"}},{"type":"Feature","geometry":{"type":"Polygon","coordinates":[[[-73.01512573299988,-13.426668855999878,2849.791550803257],[-73.01689010799993,-13.42671223099984,2849.791550803257],[-73.02125335699998,-13.42478273099988,2849.791550803257],[-73.02380873299995,-13.42234898099997,2849.791550803257],[-73.02744185699999,-13.420271730999957,2849.791550803257],[-73.02850248199991,-13.418682855999919,2849.791550803257],[-73.03113573299993,-13.413935480999953,2849.791550803257],[-73.03233523199998,-13.413222730999962,2849.791550803257],[-73.03728085799997,-13.415091480999877,2849.791550803257],[-73.03833248299998,-13.415230480999924,2849.791550803257],[-73.03888010699995,-13.414934980999874,2849.791550803257],[-73.04034035799998,-13.413622605999933,2849.791550803257],[-73.04206998199993,-13.41218848099993,2849.791550803257],[-73.04503585799995,-13.412875730999929,2849.791550803257],[-73.04639848299996,-13.416734230999907,2849.791550803257],[-73.04877123199998,-13.420584605999977,2849.791550803257],[-73.05296935799998,-13.426338480999902,2849.791550803257],[-73.05460348299994,-13.429806480999957,2849.791550803257],[-73.05880148199998,-13.436551230999896,2849.791550803257],[-73.06315598199996,-13.438619855999889,2849.791550803257],[-73.06494098199994,-13.43848110599987,2849.791550803257],[-73.06601560699994,-13.43822010599996,2849.791550803257],[-73.06726723199995,-13.43834173099998,2849.791550803257],[-73.07554173199998,-13.443382981999946,2849.791550803257],[-73.07997448299983,-13.444208731999936,2849.791550803257],[-73.08571098199991,-13.445025730999873,2849.791550803257],[-73.0873359819999,-13.444385230999899,2849.791550803257],[-73.0895527319999,-13.444582355999955,2849.791550803257],[-73.09321198299989,-13.44744198199993,2849.791550803257],[-73.09728835699991,-13.448876105999943,2849.791550803257],[-73.10338123199995,-13.448589230999914,2849.791550803257],[-73.1054237329999,-13.44400873099994,2849.791550803257],[-73.10590185699994,-13.44323523099996,2849.791550803257],[-73.10702298299998,-13.441948855999954,2849.791550803257],[-73.10777035799998,-13.438159230999815,2849.791550803257],[-73.10838760799999,-13.436690355999872,2849.791550803257],[-73.10888310699994,-13.435742980999976,2849.791550803257],[-73.10986523299994,-13.434925980999878,2849.791550803257],[-73.11316810699992,-13.434126355999979,2849.791550803257],[-73.11455873199998,-13.434334855999907,2849.791550803257],[-73.11753998299992,-13.438315730999875,2849.791550803257],[-73.12151210799993,-13.440097480999952,2849.791550803257],[-73.12429348199987,-13.440497481999842,2849.791550803257],[-73.12686623199994,-13.439263106999931,2849.791550803257],[-73.12778748199986,-13.437116230999948,2849.791550803257],[-73.13136285799999,-13.434611855999947,2849.791550803257],[-73.13625310699996,-13.429180730999974,2849.791550803257],[-73.13800023299996,-13.427902980999932,2849.791550803257],[-73.13941698199994,-13.422922730999915,2849.791550803257],[-73.14061648299997,-13.420871480999836,2849.791550803257],[-73.14307623299999,-13.419089605999943,2849.791550803257],[-73.14411048199997,-13.419115731999966,2849.791550803257],[-73.14673448299999,-13.420626230999972,2849.791550803257],[-73.14860410799997,-13.422105730999817,2849.791550803257],[-73.15027298299992,-13.423913606999918,2849.791550803257],[-73.15047285799994,-13.426164730999915,2849.791550803257],[-73.14855198299983,-13.431110230999934,2849.791550803257],[-73.14810873199991,-13.43353523099995,2849.791550803257],[-73.15000348199993,-13.436055855999939,2849.791550803257],[-73.15241110699992,-13.436438230999954,2849.791550803257],[-73.15772173199986,-13.437368355999922,2849.791550803257],[-73.16016435799997,-13.44333823099987,2849.791550803257],[-73.16132760799997,-13.445798980999882,2849.791550803257],[-73.16265060799998,-13.44782498099994,2849.791550803257],[-73.16660010799995,-13.451247231999957,2849.791550803257],[-73.1675422319999,-13.452282105999927,2849.791550803257],[-73.16977823299999,-13.452438355999902,2849.791550803257],[-73.17063248299996,-13.452296855999919,2849.791550803257],[-73.17619298299996,-13.45121298099997,2849.791550803257],[-73.17848260799997,-13.448527980999927,2849.791550803257],[-73.18054335699986,-13.445113980999963,2849.791550803257],[-73.18612435799997,-13.441134230999921,2849.791550803257],[-73.18466360799988,-13.436420481999903,2849.791550803257],[-73.18399573299996,-13.434463605999838,2849.791550803257],[-73.18387085799992,-13.434096481999916,2849.791550803257],[-73.18389798299995,-13.432315606999907,2849.791550803257],[-73.18461285699993,-13.43126498099997,2849.791550803257],[-73.18592123299993,-13.429925355999956,2849.791550803257],[-73.19033860799993,-13.426646605999906,2849.791550803257],[-73.19072685799983,-13.42515410599998,2849.791550803257],[-73.19022585799996,-13.424001106999981,2849.791550803257],[-73.18896748299994,-13.42256973099984,2849.791550803257],[-73.18678348199995,-13.419839606999972,2849.791550803257],[-73.18649460799986,-13.417021105999936,2849.791550803257],[-73.18842473199993,-13.415687480999964,2849.791550803257],[-73.19538648199989,-13.415438980999852,2849.791550803257],[-73.20389723299985,-13.411960105999867,2849.791550803257],[-73.20482110799998,-13.411719855999877,2849.791550803257],[-73.20586698299991,-13.41248748199996,2849.791550803257],[-73.20669385799994,-13.413812980999978,2849.791550803257],[-73.20945423299992,-13.417049105999922,2849.791550803257],[-73.21187560799996,-13.419064731999981,2849.791550803257],[-73.21797998299996,-13.417533855999977,2849.791550803257],[-73.22295573299988,-13.414477355999963,2849.791550803257],[-73.22643873299995,-13.411491855999941,2849.791550803257],[-73.22960198299984,-13.410354480999956,2849.791550803257],[-73.23272973299999,-13.410709855999869,2849.791550803257],[-73.2361059829999,-13.411136355999929,2849.791550803257],[-73.24477810799988,-13.406125105999877,2849.791550803257],[-73.24751473299995,-13.404241355999886,2849.791550803257],[-73.25021585799993,-13.40225110599988,2849.791550803257],[-73.25096223199989,-13.399301105999882,2849.791550803257],[-73.2525972329999,-13.392725980999955,2849.791550803257],[-73.25466135799996,-13.39455585599984,2849.791550803257],[-73.25656635799993,-13.395557105999899,2849.791550803257],[-73.25812935799996,-13.395129730999884,2849.791550803257],[-73.2591184829999,-13.391539605999924,2849.791550803257],[-73.25985123199996,-13.384542605999911,2849.791550803257],[-73.2644182329999,-13.382661980999899,2849.791550803257],[-73.26843573299988,-13.381611855999893,2849.791550803257],[-73.27334473299999,-13.379120730999944,2849.791550803257],[-73.27434598299993,-13.377166980999903,2849.791550803257],[-73.27512748299995,-13.375555105999979,2849.791550803257],[-73.27791173199995,-13.372416730999817,2849.791550803257],[-73.28067148199995,-13.371415480999815,2849.791550803257],[-73.28382923299989,-13.37310923099983,2849.791550803257],[-73.28735385799985,-13.371942980999961,2849.791550803257],[-73.2889088579999,-13.363468355999885,2849.791550803257],[-73.28911623199991,-13.359114355999964,2849.791550803257],[-73.29028248299994,-13.354319855999961,2849.791550803257],[-73.29212248299996,-13.354034730999956,2849.791550803257],[-73.29634685799988,-13.35473448099998,2849.791550803257],[-73.29911998299991,-13.354086605999896,2849.791550803257],[-73.30417360799999,-13.350173230999928,2849.791550803257],[-73.30383673199992,-13.348151730999916,2849.791550803257],[-73.30264460799998,-13.34737423099989,2849.791550803257],[-73.3036034829999,-13.342631480999955,2849.791550803257],[-73.30720585799997,-13.3393659809999,2849.791550803257],[-73.3117412329999,-13.338277480999977,2849.791550803257],[-73.31241510799998,-13.336592980999853,2849.791550803257],[-73.31065273199988,-13.33073585599982,2849.791550803257],[-73.31140435799983,-13.325889480999933,2849.791550803257],[-73.31529185799997,-13.32293498099989,2849.791550803257],[-73.31959398299995,-13.32259810599993,2849.791550803257],[-73.32260023299989,-13.319876855999837,2849.791550803257],[-73.32337773299992,-13.317362980999917,2849.791550803257],[-73.32731873299997,-13.310767230999886,2849.791550803257],[-73.32966260799998,-13.30861660599993,2849.791550803257],[-73.33387410799992,-13.30847898099995,2849.791550803257],[-73.33804698299997,-13.311209105999978,2849.791550803257],[-73.3407461079999,-13.311907230999964,2849.791550803257],[-73.34220435799995,-13.310030230999928,2849.791550803257],[-73.34277823299993,-13.306245105999949,2849.791550803257],[-73.34546198299995,-13.30419748099996,2849.791550803257],[-73.34746310799994,-13.302925480999875,2849.791550803257],[-73.34881260799995,-13.300489980999885,2849.791550803257],[-73.34836285799997,-13.298240605999922,2849.791550803257],[-73.34386410799988,-13.295370855999977,2849.791550803257],[-73.34141560799998,-13.293188855999915,2849.791550803257],[-73.34110048299993,-13.291274105999946,2849.791550803257],[-73.34725698299997,-13.291249855999979,2849.791550803257],[-73.34842048299993,-13.292534480999961,2849.791550803257],[-73.34907498299998,-13.292946480999944,2849.791550803257],[-73.35094123299996,-13.29229210599982,2849.791550803257],[-73.35203185799998,-13.291661855999962,2849.791550803257],[-73.35273485799996,-13.290692355999965,2849.791550803257],[-73.3524531079999,-13.28828360599988,2849.791550803257],[-73.34887798299997,-13.287950355999953,2849.791550803257],[-73.34739335799998,-13.28673848099993,2849.791550803257],[-73.34609060799988,-13.280466730999876,2849.791550803257],[-73.34621173199997,-13.278436855999871,2849.791550803257],[-73.3491809819999,-13.27334673099989,2849.791550803257],[-73.35313648299996,-13.26989935599994,2849.791550803257],[-73.35687373299993,-13.269340230999944,2849.791550803257],[-73.36175873299999,-13.270105355999931,2849.791550803257],[-73.36434835699993,-13.269428480999977,2849.791550803257],[-73.36515810799995,-13.265945230999876,2849.791550803257],[-73.36546885799993,-13.26495085599987,2849.791550803257],[-73.36727123299994,-13.263055105999968,2849.791550803257],[-73.36983510799996,-13.259341480999979,2849.791550803257],[-73.36930685799996,-13.255270355999926,2849.791550803257],[-73.3712943569999,-13.248271980999903,2849.791550803257],[-73.37063723299997,-13.24698123099995,2849.791550803257],[-73.37120048299994,-13.245479230999933,2849.791550803257],[-73.37577685799988,-13.24102010599995,2849.791550803257],[-73.37896860799992,-13.241395605999912,2849.791550803257],[-73.3810808579999,-13.240269105999971,2849.791550803257],[-73.38270023299987,-13.237053855999875,2849.791550803257],[-73.38049410799994,-13.2318203559999,2849.791550803257],[-73.38232473299996,-13.22487360599979,2849.791550803257],[-73.38847360799997,-13.219663480999827,2849.791550803257],[-73.39204085799997,-13.215814605999867,2849.791550803257],[-73.39861210799995,-13.210839105999867,2849.791550803257],[-73.40117023299996,-13.209665730999859,2849.791550803257],[-73.40408035799999,-13.209947355999873,2849.791550803257],[-73.40551210799993,-13.2116136059999,2849.791550803257],[-73.40694360799989,-13.212552355999946,2849.791550803257],[-73.40983023299998,-13.211331980999944,2849.791550803257],[-73.41102710799998,-13.20368110599992,2849.791550803257],[-73.41473523299993,-13.19715673099995,2849.791550803257],[-73.41440673299996,-13.194551730999876,2849.791550803257],[-73.41136048299995,-13.19310385599988,2849.791550803257],[-73.41000210699991,-13.192579480999825,2849.791550803257],[-73.40578410799998,-13.191483355999935,2849.791550803257],[-73.40290060799998,-13.18612148099993,2849.791550803257],[-73.40223335799993,-13.182832855999948,2849.791550803257],[-73.40268610799995,-13.180688105999877,2849.791550803257],[-73.40537898299993,-13.177756855999974,2849.791550803257],[-73.40790498299998,-13.175945730999956,2849.791550803257],[-73.40945398299993,-13.173681855999973,2849.791550803257],[-73.40938248299989,-13.16815310599992,2849.791550803257],[-73.40752373299995,-13.16291035599994,2849.791550803257],[-73.40950160799997,-13.158168104999959,2849.791550803257],[-73.41188473299991,-13.156213980999837,2849.791550803257],[-73.41581673299999,-13.152877730999819,2849.791550803257],[-73.41442310799988,-13.14654310599991,2849.791550803257],[-73.41466160799996,-13.145089105999944,2849.791550803257],[-73.4178082329999,-13.139056480999955,2849.791550803257],[-73.42190960799996,-13.132394605999878,2849.791550803257],[-73.42594573299988,-13.130267980999974,2849.791550803257],[-73.42748648299994,-13.133067480999955,2849.791550803257],[-73.42770348199991,-13.134390980999967,2849.791550803257],[-73.4288969829999,-13.13677798099991,2849.791550803257],[-73.43184823299993,-13.139403730999902,2849.791550803257],[-73.43490798299996,-13.139577355999904,2849.791550803257],[-73.43523348299993,-13.135888355999953,2849.791550803257],[-73.43768548299994,-13.129573605999951,2849.791550803257],[-73.43913948299996,-13.128271605999885,2849.791550803257],[-73.45372185799994,-13.122694730999967,2849.791550803257],[-73.45491535799994,-13.121414355999889,2849.791550803257],[-73.45502515737832,-13.121104963765731,2849.791550803257],[-73.45515410799987,-13.12074160599991,3218.2137169277576],[-73.45493710799997,-13.11972173099997,3218.2137169277576],[-73.45307085799988,-13.1188321059999,3218.2137169277576],[-73.45126973299989,-13.118050855999854,3218.2137169277576],[-73.44990273299987,-13.116575229999967,3218.2137169277576],[-73.44930737764525,-13.115469641124662,2849.791550803257],[-73.44929510799994,-13.115446855999949,2849.791550803257],[-73.44825360799985,-13.112842855999872,2849.791550803257],[-73.44918660799993,-13.110282230999928,2849.791550803257],[-73.44745510799993,-13.105916480999952,2849.791550803257],[-73.4436762329999,-13.105422605999934,2849.791550803257],[-73.44347860799991,-13.104236855999943,2849.791550803257],[-73.44365148299983,-13.103644230999976,2849.791550803257],[-73.44446660799986,-13.102112980999891,2849.791550803257],[-73.44629423299989,-13.101075604999949,2849.791550803257],[-73.44789960799994,-13.100458230999948,2849.791550803257],[-73.45261698299998,-13.099717230999943,2849.791550803257],[-73.45374573299995,-13.097739105999949,2849.791550803257],[-73.45439523299996,-13.096457105999946,2849.791550803257],[-73.45543260799991,-13.093394479999915,2849.791550803257],[-73.45587710799992,-13.089739230999896,2849.791550803257],[-73.45392598299998,-13.086898855999891,2849.791550803257],[-73.44982598299998,-13.083836355999892,2849.791550803257],[-73.44883810799996,-13.080279730999962,2849.791550803257],[-73.45162910799996,-13.078995479999946,2849.791550803257],[-73.45481510799988,-13.080526730999964,2849.791550803257],[-73.45711210799988,-13.080427979999968,2849.791550803257],[-73.46192823299992,-13.079983354999968,2849.791550803257],[-73.46336073299994,-13.077958105999926,2849.791550803257],[-73.4642992329999,-13.07556248099985,2849.791550803257],[-73.46615160699997,-13.071734230999823,2849.791550803257],[-73.46513898299992,-13.069042105999927,2849.791550803257],[-73.46538598299992,-13.067313230999957,2849.791550803257],[-73.46575648299995,-13.066918105999946,2849.791550803257],[-73.46736185799989,-13.066201855999907,2849.791550803257],[-73.46859673299986,-13.06583135499983,2849.791550803257],[-73.47227673299994,-13.061657355999955,2849.791550803257],[-73.47435135799992,-13.0593603559999,2849.791550803257],[-73.47597248299996,-13.05735573099986,2849.791550803257],[-73.47943685799999,-13.055692729999919,2849.791550803257],[-73.4803117329999,-13.055995980999967,2849.791550803257],[-73.48174948299999,-13.059191855999813,2849.791550803257],[-73.48165410799993,-13.061487104999912,2849.791550803257],[-73.48255498299994,-13.064527230999943,2849.791550803257],[-73.48320448299995,-13.066276730999903,2849.791550803257],[-73.48435648299989,-13.067255480999961,2849.791550803257],[-73.48912885799996,-13.067792480999913,2849.791550803257],[-73.49013348299997,-13.06700435599987,2849.791550803257],[-73.48974373299995,-13.060716230999901,2849.791550803257],[-73.48949260799986,-13.059243855999853,2849.791550803257],[-73.48934535799992,-13.05538960499996,2849.791550803257],[-73.49085573299993,-13.051442604999977,2849.791550803257],[-73.49201123299997,-13.049789105999935,2849.791550803257],[-73.49232985799995,-13.049291105999941,2849.791550803257],[-73.49264860799997,-13.048334855999883,2849.791550803257],[-73.49252910799993,-13.04702010599982,2849.791550803257],[-73.49013860799994,-13.043274980999911,2849.791550803257],[-73.48567635799992,-13.042697230999977,2849.791550803257],[-73.48426185799997,-13.042079730999944,2849.791550803257],[-73.48087535799988,-13.038852480999935,3341.124895937845],[-73.47884335799989,-13.035167105999903,3341.124895937845],[-73.4781262329999,-13.03058535599996,3341.124895937845],[-73.4785644829999,-13.027517480999961,3341.124895937845],[-73.47876373299988,-13.02333410599988,3341.124895937845],[-73.47960035799991,-13.020505354999955,3341.124895937845],[-73.47962035799998,-13.013851730999932,3341.124895937845],[-73.47916210799997,-13.010664354999903,3341.124895937845],[-73.47864423299995,-13.00805472999997,3341.124895937845],[-73.47625373299996,-13.00327360599988,3341.124895937845],[-73.47734935799991,-13.000564355999927,3341.124895937845],[-73.48416223299989,-12.99869185599988,3341.124895937845],[-73.48866448299998,-12.999408980999874,3341.124895937845],[-73.49101510799989,-13.002536605999921,3341.124895937845],[-73.49633398299989,-13.006321605999915,3341.124895937845],[-73.49968073299993,-13.010186230999977,3341.124895937845],[-73.50207123299992,-13.011361605999866,3341.124895937845],[-73.50468098299996,-13.011122480999973,3341.124895937845],[-73.50870498299992,-13.007935105999934,3341.124895937845],[-73.51376485799989,-13.007476980999968,3341.124895937845],[-73.51597610799996,-13.00737735499996,3341.124895937845],[-73.51994035799999,-13.004688105999946,3341.124895937845],[-73.52181285799992,-13.000146105999931,3341.124895937845],[-73.52181085799992,-12.998254105999877,3341.124895937845],[-73.52133435799993,-12.994977355999936,3341.124895937845],[-73.52103635799989,-12.992147479999915,3341.124895937845],[-73.52166198299994,-12.990687730999923,3341.124895937845],[-73.52222785799995,-12.990181355999937,3341.124895937845],[-73.52821548299988,-12.986904604999893,3341.124895937845],[-73.52970485799983,-12.985861980999971,3341.124895937845],[-73.52988373299996,-12.984580980999851,3341.124895937845],[-73.52857298299995,-12.98276385499986,3341.124895937845],[-73.52448185799994,-12.980540854999958,3341.124895937845],[-73.5170811079999,-12.978150480999886,3341.124895937845],[-73.51304610799991,-12.976066105999905,3341.124895937845],[-73.51138248299986,-12.975243730999978,3341.124895937845],[-73.51078960799993,-12.974823105999917,3341.124895937845],[-73.50843748299991,-12.972375355999816,3341.124895937845],[-73.50803585799997,-12.971897354999953,3341.124895937845],[-73.50719448299998,-12.969908355999962,3341.124895937845],[-73.5068693579999,-12.96799610599993,3341.124895937845],[-73.50715623299993,-12.965471855999965,3341.124895937845],[-73.51001223299988,-12.960318230999974,3341.124895937845],[-73.51057248299998,-12.958114604999821,3341.124895937845],[-73.50986285799996,-12.950569980999944,3341.124895937845],[-73.50597848299992,-12.948926605999873,3341.124895937845],[-73.50089885799991,-12.94657347999987,3341.124895937845],[-73.4969771079999,-12.940149355999893,3341.124895937845],[-73.49574460799988,-12.936937229999955,3341.124895937845],[-73.49593135799995,-12.933463605999975,3341.124895937845],[-73.49772410799989,-12.93148410599997,3341.124895937845],[-73.4996663579999,-12.930475604999913,3341.124895937845],[-73.50422298299998,-12.931110480999962,3341.124895937845],[-73.50721098299994,-12.931969730999981,3341.124895937845],[-73.51120748299985,-12.933463604999872,3341.124895937845],[-73.51595098299993,-12.936974604999932,3341.124895937845],[-73.51890160799991,-12.93895410599987,3341.124895937845],[-73.52226573299998,-12.938942105999843,3341.124895937845],[-73.52535410799999,-12.936816355999895,3341.124895937845],[-73.52984610799996,-12.931963355999812,3341.124895937845],[-73.53301460799986,-12.925746854999886,3341.124895937845],[-73.53329535799998,-12.919329479999874,3341.124895937845],[-73.53257335799992,-12.917484605999903,3341.124895937845],[-73.52242623299986,-12.907537980999905,3341.124895937845],[-73.52162410799991,-12.904650230999891,3341.124895937845],[-73.52367648299992,-12.89947810599989,3341.124895937845],[-73.52585460799992,-12.897599105999916,3341.124895937845],[-73.52886348299984,-12.896194980999837,3341.124895937845],[-73.53216351299994,-12.89289175399989,3341.124895937845],[-73.53593423299992,-12.890377979999926,3341.124895937845],[-73.54304148299991,-12.884716855999955,3341.124895937845],[-73.55198535799991,-12.876294230999918,3341.124895937845],[-73.55792123299989,-12.871280855999885,3341.124895937845],[-73.56064860799978,-12.868874354999832,3341.124895937845],[-73.56602298299993,-12.86590648099991,3341.124895937845],[-73.57332248299991,-12.862176480999949,3341.124895937845],[-73.5765540083055,-12.861238319821155,3341.124895937845],[-73.57913810799988,-12.860652355999946,3401.279834422307],[-73.58073449260576,-12.859511874784767,3401.279834422307],[-73.58144849487577,-12.85940074674815,3341.124895937845],[-73.58344386642517,-12.85878569439196,3341.124895937845],[-73.58488582005133,-12.85787631171406,3341.124895937845],[-73.58628117597921,-12.85654910953566,3341.124895937845],[-73.58713142585275,-12.85469095972275,3341.124895937845],[-73.588064964535,-12.85278959562172,3341.124895937845],[-73.58908647365779,-12.84788117600239,3341.124895937845],[-73.58969399946294,-12.84563147499556,3341.124895937845],[-73.59074020742798,-12.844362070411982,3401.279834422307],[-73.59080935799977,-12.844288605999964,3401.279834422307],[-73.590817761885,-12.844255458946519,3401.279834422307],[-73.591455795709,-12.8428610034688,3341.124895937845],[-73.5915215613613,-12.84147949542539,3401.279834422307],[-73.59153135799983,-12.841440854999973,3401.279834422307],[-73.59154100735417,-12.841071002623954,3401.279834422307],[-73.59157324318274,-12.84039383977533,3341.124895937845],[-73.59156092569893,-12.840307547694422,3401.279834422307],[-73.59156210799995,-12.840262230999883,3401.279834422307],[-73.59154827743397,-12.8402189382739,3401.279834422307],[-73.59136228722092,-12.83891595442127,3341.124895937845],[-73.59059889271333,-12.83713875636675,3341.124895937845],[-73.59048491080088,-12.836890365868992,3401.279834422307],[-73.5904697329999,-12.836842855999919,3401.279834422307],[-73.59014238869847,-12.836143938355288,3401.279834422307],[-73.58972170711598,-12.8352271849386,3341.124895937845],[-73.58947721114534,-12.834723707953623,3401.279834422307],[-73.58870272743135,-12.833070096356273,3401.279834422307],[-73.58869507749444,-12.833037742375648,3401.279834422307],[-73.58838435799993,-12.828066354999862,3401.279834422307],[-73.58998982139792,-12.824244080880863,3401.279834422307],[-73.59004050974453,-12.824147174073731,3401.279834422307],[-73.5947776079999,-12.818866354999898,3401.279834422307],[-73.5967048937139,-12.817478794316811,3401.279834422307],[-73.59786383680766,-12.8169495016884,3341.124895937845],[-73.60082270097362,-12.81495851076687,3341.124895937845],[-73.60084343867197,-12.814930682476756,3401.279834422307],[-73.60087485799983,-12.814911354999936,3401.279834422307],[-73.602124453603,-12.813211665518553,3401.279834422307],[-73.60277872267389,-12.81233369009388,3341.124895937845],[-73.6038702349226,-12.81087973366013,3341.124895937845],[-73.6039897234447,-12.810820599638514,3401.279834422307],[-73.60691985799986,-12.809774105999963,3401.279834422307],[-73.60693046168319,-12.809775207500527,3401.279834422307],[-73.6069342999029,-12.8098030668171,3401.279834422307],[-73.6080088651003,-12.80988723102428,3401.279834422307],[-73.60973923299991,-12.810066979999874,3401.279834422307],[-73.60973974475907,-12.81006690296283,3401.279834422307],[-73.6097444660388,-12.8100673983804,3401.279834422307],[-73.6115463292373,-12.810104542414,3401.279834422307],[-73.612871063006,-12.8096437313755,3401.279834422307],[-73.61312669952437,-12.809557051830582,3401.279834422307],[-73.61314460799986,-12.809554355999921,3401.279834422307],[-73.61316581974039,-12.809540214456424,3401.279834422307],[-73.6141489309306,-12.8090251215123,3401.279834422307],[-73.6147743529425,-12.8085886871597,3401.279834422307],[-73.615411231371,-12.8080663824037,3401.279834422307],[-73.61543872821024,-12.808024901087784,3401.279834422307],[-73.61545135799992,-12.808016480999868,3401.279834422307],[-73.61547882250068,-12.807964415447465,3401.279834422307],[-73.6165294767622,-12.8063794143148,3401.279834422307],[-73.61719759619199,-12.804706067427091,3401.279834422307],[-73.61720898299995,-12.804684480999867,3401.279834422307],[-73.61727402989993,-12.804063527222668,3401.279834422307],[-73.6175346967392,-12.8017867622072,3401.279834422307],[-73.6175738861674,-12.801201025212844,3401.279834422307],[-73.617611452045,-12.800842412064565,3401.279834422307],[-73.61761775759186,-12.800830601650794,3401.279834422307],[-73.61999325807608,-12.79723128774795,3401.279834422307],[-73.6200119181156,-12.7972065585316,3401.279834422307],[-73.6230976512065,-12.7928410606021,3401.279834422307],[-73.62463054614788,-12.790603569313229,3401.279834422307],[-73.62464198299989,-12.79058723099996,3401.279834422307],[-73.62514595008635,-12.789963242490794,3401.279834422307],[-73.6261821798169,-12.7886933172637,3401.279834422307],[-73.6267176728926,-12.7877084087,3401.279834422307],[-73.6271701451014,-12.7865436242232,3401.279834422307],[-73.6274336164059,-12.7847942909375,3401.279834422307],[-73.6273015675731,-12.7802023340101,3401.279834422307],[-73.62619606823041,-12.776058402596716,3401.279834422307],[-73.62617985799989,-12.775977354999952,3401.279834422307],[-73.62590840759555,-12.775374072549935,3401.279834422307],[-73.6255530546855,-12.7745545311532,3401.279834422307],[-73.62527235612897,-12.773960485828571,3401.279834422307],[-73.62453223299997,-12.77231560599995,3401.279834422307],[-73.62405623299992,-12.769972354999936,3401.279834422307],[-73.62486185799997,-12.766457104999972,3401.279834422307],[-73.62723660016844,-12.763095746330773,3401.279834422307],[-73.62725926749712,-12.76307579140917,3401.279834422307],[-73.63167178015323,-12.759882487421631,3401.279834422307],[-73.6322987850419,-12.7595192118814,3401.279834422307],[-73.6342591056981,-12.7582546981671,3401.279834422307],[-73.6355869141285,-12.7570562535683,3401.279834422307],[-73.636528680419,-12.7558998491781,3401.279834422307],[-73.6377405756982,-12.7540205132439,3401.279834422307],[-73.6386515741333,-12.7527525482631,3401.279834422307],[-73.6395695044518,-12.7510867269688,3401.279834422307],[-73.63998701067247,-12.750313262662193,3401.279834422307],[-73.64005748299996,-12.750199479999878,3401.279834422307],[-73.64463234277477,-12.745021693248082,3401.279834422307],[-73.6447328091092,-12.7449182047558,3401.279834422307],[-73.64668985612553,-12.743372084913018,3401.279834422307],[-73.64712648299991,-12.74303323099997,3401.279834422307],[-73.65023673299993,-12.740423104999934,3401.279834422307],[-73.6548719864023,-12.737713672573136,3401.279834422307],[-73.6554433115463,-12.7374012105348,3089.28854473134],[-73.6585233338935,-12.7361018233308,3089.28854473134],[-73.6585292696604,-12.73609455411242,3089.28854473134],[-73.65856423299982,-12.736079979999829,3089.28854473134],[-73.65862124901851,-12.735981911879193,3089.28854473134],[-73.6598308317194,-12.7345006002077,3089.28854473134],[-73.6605523806583,-12.7326731383196,3089.28854473134],[-73.66055097992486,-12.732662755479671,3089.28854473134],[-73.66057010799989,-12.732629854999914,3089.28854473134],[-73.6603694829999,-12.731305979999888,3089.28854473134],[-73.66036040575787,-12.731295649244505,3089.28854473134],[-73.6598449690172,-12.7302585698614,3089.28854473134],[-73.6584618266819,-12.72913488764455,3089.28854473134],[-73.65843873399984,-12.729108605999897,3089.28854473134],[-73.6576332329999,-12.7280833559999,3089.28854473134],[-73.65626807874759,-12.725771038439825,3089.28854473134],[-73.6562579279856,-12.7257456110395,3089.28854473134],[-73.6558510940371,-12.7250569281112,3089.28854473134],[-73.65584066655877,-12.725033890607062,3089.28854473134],[-73.6560953579999,-12.72346973099991,3089.28854473134],[-73.65736417049514,-12.72216465512079,3089.28854473134],[-73.65753348416364,-12.722047108587907,3089.28854473134],[-73.65799585909619,-12.721738625507546,3089.28854473134],[-73.6588633221568,-12.721291040169,3089.28854473134],[-73.65927673430409,-12.720884062896404,3089.28854473134],[-73.65936023299986,-12.720828354999924,3089.28854473134],[-73.65941728657027,-12.720745698365203,3089.28854473134],[-73.6594653059602,-12.7206984264104,3089.28854473134],[-73.6604285931226,-12.7194308152755,3089.28854473134],[-73.6614086702443,-12.7180427264811,3089.28854473134],[-73.6619563228875,-12.7171045141835,3089.28854473134],[-73.6624762608328,-12.7157811986404,3089.28854473134],[-73.6632723434229,-12.7136254982568,3089.28854473134],[-73.66346758275718,-12.713305043255623,3089.28854473134],[-73.66380323299995,-12.71277047999996,3089.28854473134],[-73.6702657329999,-12.705762854999875,3089.28854473134],[-73.6727241079999,-12.704000229999963,3089.28854473134],[-73.67791910799986,-12.69861960499992,3089.28854473134],[-73.67931060799998,-12.696578729999885,3089.28854473134],[-73.68190823299989,-12.688739730999941,3089.28854473134],[-73.68422735799993,-12.686930730999904,1993.465861899252],[-73.68543335799995,-12.686884354999904,1993.465861899252],[-73.6901182339999,-12.688136729999883,1993.465861899252],[-73.69229848299983,-12.688043979999918,1993.465861899252],[-73.69675123299999,-12.684425979999958,1993.465861899252],[-73.69842110799988,-12.679973104999874,1993.465861899252],[-73.69800360799996,-12.677607479999892,1993.465861899252],[-73.69744698299985,-12.675752105999948,1993.465861899252],[-73.69758610799988,-12.673432854999817,1993.465861899252],[-73.70022998399998,-12.67023235499994,1993.465861899252],[-73.70231735799985,-12.669258354999897,1993.465861899252],[-73.70811535799987,-12.668748229999892,1993.465861899252],[-73.70992435799997,-12.667959604999908,1993.465861899252],[-73.71210448299996,-12.665964979999899,1993.465861899252],[-73.71748510799983,-12.658543480999924,1993.465861899252],[-73.7185518579999,-12.65576047999997,1993.465861899252],[-73.71985060799989,-12.652652729999886,1993.465861899252],[-73.72429885799988,-12.644021480999982,1993.465861899252],[-73.72505885799995,-12.639481980999903,1993.465861899252],[-73.72503848299988,-12.636729604999914,1993.465861899252],[-73.72692810799992,-12.63666798099996,1993.465861899252],[-73.73076910799983,-12.636976104999974,1993.465861899252],[-73.7338912329999,-12.638229104999823,1993.465861899252],[-73.7369312329999,-12.640016104999972,1993.465861899252],[-73.73824573299993,-12.643959854999878,1993.465861899252],[-73.73865660899992,-12.647164104999945,1993.465861899252],[-73.74341585899987,-12.651528229999826,1993.465861899252],[-73.74723573299991,-12.652450230999818,1993.465861899252],[-73.75342660799993,-12.65225260599982,1993.465861899252],[-73.76003660799984,-12.649654729999895,1993.465861899252],[-73.76455698299992,-12.647839980999834,1993.465861899252],[-73.7671254839999,-12.64553485499988,1993.465861899252],[-73.7685744829999,-12.64434947999996,1993.465861899252],[-73.77162285799994,-12.642031104999887,1993.465861899252],[-73.7717543579999,-12.641360605999921,1993.465861899252],[-73.77182010799993,-12.64063760599987,1993.465861899252],[-73.7752643579999,-12.637114604999965,1993.465861899252],[-73.77729198299988,-12.633872855999982,1993.465861899252],[-73.77839360799999,-12.632017480999934,1993.465861899252],[-73.77897335799992,-12.631205730999909,1993.465861899252],[-73.78117660799995,-12.62859660499987,1993.465861899252],[-73.78465548299994,-12.624711854999873,1993.465861899252],[-73.78645285799996,-12.62291447999985,1993.465861899252],[-73.78892273299988,-12.621720855999854,1993.465861899252],[-73.79059223299998,-12.620655980999857,1993.465861899252],[-73.79308998299996,-12.619840980999925,1993.465861899252],[-73.7960453579999,-12.618931479999901,1993.465861899252],[-73.79739473399991,-12.61773210499996,1993.465861899252],[-73.79922410799992,-12.616112855999916,1993.465861899252],[-73.80117298299996,-12.613024229999894,1993.465861899252],[-73.80129298399993,-12.610655354999892,1993.465861899252],[-73.8015071079999,-12.605399104999947,1993.465861899252],[-73.8009513579999,-12.599014729999908,1993.465861899252],[-73.80458660799997,-12.594511980999926,1993.465861899252],[-73.80458660899995,-12.593314104999934,1993.465861899252],[-73.80371910799994,-12.58951347999988,1993.465861899252],[-73.80384298299998,-12.585837104999825,1993.465861899252],[-73.80512360799997,-12.584143229999825,1993.465861899252],[-73.80453198299989,-12.577614104999952,1993.465861899252],[-73.80511135799986,-12.575269354999932,1993.465861899252],[-73.80878985799995,-12.569151855999962,1993.4658618992505],[-73.81098585799992,-12.563099730999966,1993.4658618992505],[-73.81163098299999,-12.559074729999963,1993.4658618992505],[-73.81285310899995,-12.557018355999844,1993.4658618992505],[-73.82184473299998,-12.545970479999937,1993.4658618992505],[-73.82238910799998,-12.537255479999942,1993.4658618992505],[-73.8240229829999,-12.533477979999873,1993.4658618992505],[-73.82679898299995,-12.53115897999993,1993.4658618992505],[-73.83093473299982,-12.530784104999896,1993.4658618992505],[-73.83435373299989,-12.531088730999898,1993.4658618992505],[-73.83821235799996,-12.536471480999921,1993.4658618992505],[-73.84256073299997,-12.539260479999939,1993.4658618992505],[-73.84581098299992,-12.539128729999959,1993.4658618992505],[-73.85009348399996,-12.537086354999929,1993.4658618992505],[-73.85318998399993,-12.53436310499984,1993.4658618992505],[-73.85536423399998,-12.529904979999912,1993.4658618992505],[-73.85510073399996,-12.527928354999972,1993.4658618992505],[-73.8528826079999,-12.52303097999993,1993.4658618992505],[-73.85448573299993,-12.517540604999965,1993.4658618992505],[-73.85501285799995,-12.512840855999968,1993.4658618992505],[-73.85235548299988,-12.505286104999982,1993.4658618992505],[-73.85222373399995,-12.499993479999944,1993.4658618992505],[-73.85389285799994,-12.493339104999848,1993.4658618992505],[-73.85470535799993,-12.487519355999893,1993.4658618992505],[-73.85731873399988,-12.48431298099996,1993.4658618992505],[-73.85815335799992,-12.479986479999923,1993.4658618992505],[-73.86370960799991,-12.471750979999854,1993.4658618992505],[-73.86859035799989,-12.463962229999936,1993.4658618992505],[-73.87258985899996,-12.453781729999946,726.9074742817758],[-73.87506235899991,-12.443528479999827,726.9074742817758],[-73.87746185899994,-12.437274854999941,726.9074742817758],[-73.87986160899999,-12.427603354999974,726.9074742817758],[-73.88080698299996,-12.420840604999967,726.9074742817758],[-73.88400648399994,-12.411678229999836,726.9074742817758],[-73.88418998299994,-12.40985835499987,726.9074742817758],[-73.88679248299997,-12.405396980999967,726.9074742817758],[-73.89468260899997,-12.40440535499988,726.9074742817758],[-73.89992898299994,-12.402959729999907,726.9074742817758],[-73.90244885899995,-12.399530979999895,726.9074742817758],[-73.9029032339999,-12.397052479999843,726.9074742817758],[-73.90529398299992,-12.393302604999974,726.9074742817758],[-73.90965298399988,-12.39159985599997,726.9074742817758],[-73.91591923299995,-12.387240729999974,726.9074742817758],[-73.91939285799992,-12.383562729999937,726.9074742817758],[-73.92681623399994,-12.379668604999893,726.9074742817758],[-73.92682011782112,-12.379664949309024,613.685145807013],[-73.9280184675411,-12.3787508900754,632.556282329267],[-73.9302779918517,-12.37641018603909,651.3859951841139],[-73.93029135799998,-12.376397604999966,726.9074742817758],[-73.93161335899987,-12.374125604999904,726.9074742817758],[-73.93256348299997,-12.369416354999942,726.9074742817758],[-73.9341332329999,-12.367887854999935,726.9074742817758],[-73.93757396899868,-12.36671300979546,750.9982596119785],[-73.9385123912705,-12.3664819469865,765.098462335491],[-73.94089504207861,-12.365579023699734,840.4397023776555],[-73.94090798299999,-12.36557460499995,726.9074742817758],[-73.94210598399991,-12.363302604999888,726.9074742817758],[-73.9445217524568,-12.356082709911792,840.8714560509067],[-73.9449627450817,-12.3548323796467,840.873832545522],[-73.94572335606887,-12.352491532954456,840.9099787619804],[-73.94574123299998,-12.352438104999976,726.9074742817758],[-73.94776660799994,-12.350661854999885,726.9074742817758],[-73.95370573299994,-12.349691104999977,726.9074742817758],[-73.95701773299987,-12.351232854999978,726.9074742817758],[-73.95981610799993,-12.351347104999945,726.9074742817758],[-73.95985394319759,-12.351338499372213,845.6435947407937],[-73.9622451825981,-12.3508489384084,850.304149482348],[-73.96387327168291,-12.350424301830701,854.9168293555745],[-73.96573498299995,-12.350000854999905,726.9074742817758],[-73.9657366502505,-12.350000013446975,859.785638570945],[-73.9680901900756,-12.348967553218,878.706045197968],[-73.97005440761872,-12.347820604142425,916.2434759586424],[-73.9700724839999,-12.347811479999962,726.9074742817758],[-73.97007280934285,-12.347806994612249,916.7344818480573],[-73.9705671542941,-12.3461588589893,992.313628060445],[-73.97027892462884,-12.344965356403325,1001.750930224676],[-73.97027923299999,-12.344961104999925,726.9074742817758],[-73.96603774999994,-12.337810283999886,1115.7175705739833],[-73.96585898299998,-12.336451354999895,1115.7175705739833],[-73.96635023564157,-12.333252406994022,1041.5064737780717],[-73.9670152854642,-12.329965276512,1049.11741949168],[-73.96763086425237,-12.324913186002737,1067.9447149355947],[-73.96763523399994,-12.32488473099994,1115.7175705739833],[-73.96763973505466,-12.324875523647375,1068.0638307078316],[-73.9687086842581,-12.3231075492421,1070.4188412784],[-73.96945224579879,-12.32116785366372,1072.7844766448177],[-73.96945273399996,-12.321166854999944,1115.7175705739833],[-73.97019648399987,-12.31492910499992,1115.7175705739833],[-73.97139448399997,-12.312946229999909,1115.7175705739833],[-73.97145342060668,-12.312783452300794,1077.7192300664244],[-73.9728724104421,-12.309105470059,1082.25296449324],[-73.9739895131669,-12.3058234820771,1086.98661377918],[-73.97398997297978,-12.305777718817657,1087.205802167863],[-73.97399698399983,-12.30575835499991,1115.7175705739833],[-73.97399698399983,-12.305079941221567,1090.5478881295444],[-73.9740093736435,-12.3038468516389,1096.45391235105],[-73.97391381378594,-12.303416512164969,1096.8329055706254],[-73.97227754791736,-12.294728747038263,1105.3747772414138],[-73.97224539772229,-12.294477351933928,1105.6586384117993],[-73.97131485799986,-12.285009229999957,1115.7175705739833],[-73.97044035799996,-12.280228479999892,1115.7175705739833],[-73.9710816089999,-12.273406979999947,1115.7175705739833],[-73.97569060799998,-12.26523372999992,1115.7175705739833],[-73.9770951079999,-12.26341610499992,1115.7175705739833],[-73.97812785899993,-12.25895472999997,1115.7175705739833],[-73.98006935799998,-12.25540210499986,1115.7175705739833],[-73.9811021079999,-12.249907729999904,1115.7175705739833],[-73.97981260799997,-12.246425354999815,1115.7175705739833],[-73.98045160899989,-12.242588354999953,1115.7175705739833],[-73.9769522329999,-12.243495479999979,1115.7175705739833],[-73.97227998399995,-12.243549979999955,1115.7175705739833],[-73.9671699829999,-12.240709979999963,1115.7175705739833],[-73.96576998299997,-12.238829979999934,1115.7175705739833],[-73.96104998399989,-12.23814985499996,1115.7175705739833],[-73.95485998399994,-12.236239979999937,1115.7175705739833],[-73.95298985899996,-12.236309979999874,1115.7175705739833],[-73.94672635899997,-12.23330822999992,1115.7175705739833],[-73.94277685799995,-12.229551104999928,1115.7175705739833],[-73.93826685799996,-12.22306347999995,1115.7175705739833],[-73.93285948299996,-12.223748104999856,1115.7175705739833],[-73.92894785899995,-12.223487979999902,1115.7175705739833],[-73.9238368579999,-12.22474922999993,1115.7175705739833],[-73.91925685899997,-12.22853272999987,1115.7175705739833],[-73.91155723399999,-12.237294604999818,1115.7175705739833],[-73.90949385799996,-12.238456104999898,1115.7175705739833],[-73.90771323299998,-12.241353104999973,1115.7175705739833],[-73.90448435799988,-12.244492229999935,1115.7175705739833],[-73.9038223579999,-12.247173229999873,1115.7175705739833],[-73.90142385799999,-12.24900072999992,1115.7175705739833],[-73.89976773399991,-12.24865810499989,1115.7175705739833],[-73.89608885799998,-12.245163979999973,1115.7175705739833],[-73.88805360799995,-12.24034510499996,1115.7175705739833],[-73.88577448299992,-12.237306229999888,1115.7175705739833],[-73.88332660799989,-12.235786854999958,1115.7175705739833],[-73.87919048299989,-12.235364729999901,1115.7175705739833],[-73.87336998399996,-12.233609979999926,1115.7175705739833],[-73.86049998299984,-12.239899979999905,3172.703618601859],[-73.85193998299997,-12.239910104999865,3172.703618601859],[-73.85003998299999,-12.240409979999924,3172.703618601859],[-73.84324998299996,-12.23942997999984,3172.703618601859],[-73.83923135799989,-12.23633835499993,3172.703618601859],[-73.83770835899992,-12.23385385499995,3172.703618601859],[-73.8312352339999,-12.227760229999888,3172.703618601859],[-73.82357523399992,-12.226289479999878,3172.703618601859],[-73.82085448299995,-12.226277729999879,3172.703618601859],[-73.81391110799984,-12.224846104999926,3172.703618601859],[-73.80745210799984,-12.222160604999942,3172.703618601859],[-73.80520110799995,-12.220453479999946,3172.703618601859],[-73.80189398299996,-12.220297104999872,3172.703618601859],[-73.80006185799988,-12.221324854999978,3172.703618601859],[-73.79714648299995,-12.224667979999936,3172.703618601859],[-73.79564435899994,-12.228633979999927,3172.703618601859],[-73.79368048299989,-12.230543229999967,3172.703618601859],[-73.7827153579999,-12.236489479999818,3172.703618601859],[-73.77960585799985,-12.2376896049999,3172.703618601859],[-73.77507810799995,-12.237416854999879,3172.703618601859],[-73.77240498299994,-12.238344229999882,3172.703618601859],[-73.76509498399986,-12.245381479999935,3172.703618601859],[-73.76141373299998,-12.253247229999886,3172.703618601859],[-73.75200235799997,-12.255418979999945,3328.870623342644],[-73.74383848299993,-12.261205979999943,3328.870623342644],[-73.74211360799995,-12.261614104999921,3328.870623342644],[-73.73694073299998,-12.26678697999995,3328.870623342644],[-73.73301985799998,-12.26593035499991,3328.870623342644],[-73.72985673299996,-12.266490479999902,3328.870623342644],[-73.72745148299998,-12.264974854999934,3328.870623342644],[-73.72273985799995,-12.263755729999957,3328.870623342644],[-73.71771873299997,-12.264705104999962,3328.870623342644],[-73.71553573299991,-12.266873854999915,3328.870623342644],[-73.70781423299991,-12.267907229999878,3328.870623342644],[-73.7045379839999,-12.269445979999944,3328.870623342644],[-73.70040085799991,-12.273343729999965,3328.870623342644],[-73.69990660799988,-12.277429354999924,3328.870623342644],[-73.69087860799993,-12.291004104999956,3328.870623342644],[-73.68982435799995,-12.297692604999838,3328.870623342644],[-73.68906660799996,-12.299405979999847,3328.870623342644],[-73.68197285799982,-12.305221229999972,3328.870623342644],[-73.68208148299993,-12.307478354999944,3328.870623342644],[-73.67990685799992,-12.309850604999951,3328.870623342644],[-73.67789710799991,-12.31027897999985,3328.870623342644],[-73.67512948299998,-12.314924729999916,3328.870623342644],[-73.67170273299996,-12.316440354999827,3328.870623342644],[-73.66781485799999,-12.320492979999926,3328.870623342644],[-73.66496073299999,-12.321128979999969,3328.870623342644],[-73.65988023299991,-12.329721354999947,3328.870623342644],[-73.66114785799982,-12.333533354999929,3328.870623342644],[-73.66078298299993,-12.336713854999914,3328.870623342644],[-73.65719660799994,-12.346954104999895,2614.1148842711045],[-73.65714135799988,-12.350052104999975,2614.1148842711045],[-73.65597960799994,-12.351656354999932,2614.1148842711045],[-73.65833073299996,-12.357354354999927,2614.1148842711045],[-73.65683710799993,-12.35992672999987,2614.1148842711045],[-73.65129373299999,-12.361043229999893,2614.1148842711045],[-73.65100698299989,-12.363767729999893,2614.1148842711045],[-73.64562998299988,-12.368929604999948,2614.1148842711045],[-73.64448385799994,-12.372047229999907,2614.1148842711045],[-73.64482410799991,-12.372659854999881,2614.1148842711045],[-73.64401623299995,-12.372708479999972,2738.3802438566204],[-73.63960923299999,-12.373682604999942,2738.3802438566204],[-73.63905248399993,-12.374053604999915,2738.3802438566204],[-73.63807835799992,-12.375770104999901,2738.3802438566204],[-73.63733610799994,-12.377950479999924,2738.3802438566204],[-73.63558310799993,-12.379134104999878,2738.3802438566204],[-73.63322410799998,-12.378513354999882,2738.3802438566204],[-73.63142385799989,-12.375875105999967,2738.3802438566204],[-73.63005823299989,-12.3747576049999,2738.3802438566204],[-73.62881660799991,-12.373826479999934,2738.3802438566204],[-73.62835098299985,-12.373702354999978,2738.3802438566204],[-73.62683010799987,-12.37407485499989,2738.3802438566204],[-73.62614723299993,-12.374478354999951,2738.3802438566204],[-73.62464060799988,-12.375274979999972,2738.3802438566204],[-73.61706060799986,-12.37592385499994,2738.3802438566204],[-73.61601035799998,-12.376174354999876,2738.3802438566204],[-73.61233510799991,-12.3779546049999,2738.3802438566204],[-73.61090723299992,-12.378420229999904,2738.3802438566204],[-73.60721373299992,-12.38025147999997,2738.3802438566204],[-73.60625148299988,-12.382175854999957,2738.3802438566204],[-73.6060678579999,-12.383506979999936,2738.3802438566204],[-73.60469785799995,-12.38636085599984,2738.3802438566204],[-73.60376023299966,-12.386985855999853,2738.3802438566204],[-73.60321185799984,-12.38735935499983,2738.3802438566204],[-73.60362823299982,-12.386932979999813,2528.037005986735],[-73.6027842329998,-12.385831104999966,2528.037005986735],[-73.60162510799972,-12.385558229999845,2528.037005986735],[-73.59928959473129,-12.385397349960634,2952.84778224586],[-73.598380689874,-12.3847633763938,2952.8434611757],[-73.59683112074703,-12.383183091613235,2952.8386103383777],[-73.59478373399998,-12.38071722999996,2528.037005986735],[-73.59080623299985,-12.377194229999873,2528.037005986735],[-73.59040414233095,-12.376696722997526,2854.931956899277],[-73.58986134016843,-12.3759539827227,2834.719372271753],[-73.58952009342259,-12.375265071995033,2822.939737326157],[-73.589197374389,-12.374569819130851,2811.982468852638],[-73.58885210799991,-12.373239729999966,2528.037005986735],[-73.58873798299987,-12.372193980999953,2528.037005986735],[-73.58869882820099,-12.372085488794482,2787.798018741043],[-73.5886931354104,-12.3720363749317,2787.41510348676],[-73.5883104477553,-12.3706151692377,2772.37749689347],[-73.58765510807385,-12.36919349338835,2768.9603809908554],[-73.58764698299984,-12.369170979999865,2528.037005986735],[-73.58762901121098,-12.369136879573043,2768.8243049868383],[-73.5875894639933,-12.3690510869286,2768.61809524515],[-73.5875521933378,-12.36899112211496,2768.5527485802313],[-73.58609481717987,-12.366225835398758,2765.013123908138],[-73.58607178960854,-12.36616587001971,2764.919103313591],[-73.58612118062864,-12.366006983072927,2764.399663966994],[-73.58644158386132,-12.365406185221278,2762.108304382515],[-73.5866696079998,-12.36507985499992,2528.037005986735],[-73.58685493425328,-12.364937067570933,2760.709081969883],[-73.587894188717,-12.3641562572466,2759.21959112433],[-73.58793220964354,-12.364107064371746,2759.1822533555055],[-73.58805610799976,-12.364011604999916,2528.037005986735],[-73.58815964231768,-12.363812803602839,2758.958907177922],[-73.588851235284,-12.3629179951554,2758.27974071225],[-73.5895626750377,-12.3615305786065,2757.33989030017],[-73.58934169093341,-12.360439367876708,2754.620388817165],[-73.58923798299986,-12.359874979999859,2528.037005986735],[-73.58912169007037,-12.359594914985903,2753.1949623683895],[-73.5885965378089,-12.3579392699395,2751.70078782769],[-73.58746512305248,-12.355605450905976,2750.3839498313496],[-73.58701060799996,-12.354510854999944,2528.037005986735],[-73.58697156633765,-12.353935580397287,2748.966722659372],[-73.5869377330233,-12.3516495557068,2746.0616853552],[-73.5867908828086,-12.3502693090094,2744.18198453104],[-73.58659978622678,-12.349392471811907,2742.9166044217086],[-73.58655766742511,-12.34815112427077,2740.9200356661836],[-73.58657819847947,-12.348060040083027,2740.8410380858318],[-73.58726576136769,-12.346777486232305,2739.7104558451074],[-73.5875574238971,-12.3465165105964,2739.48273247063],[-73.5877296527414,-12.3459163031616,2739.01280726459],[-73.5877291871184,-12.345913029334957,2739.010273107273],[-73.58773785799991,-12.345896854999978,2528.037005986735],[-73.58772128998656,-12.345857504069997,2738.9672928973173],[-73.5876433092519,-12.3453092162813,2738.54288205855],[-73.587170129784,-12.344528094521,2736.66318123439],[-73.58716842843519,-12.344524939859024,2736.65737834083],[-73.58681649411062,-12.343402933694621,2734.513176508803],[-73.58693163484025,-12.343230255042435,2733.6647650457285],[-73.58737206595792,-12.342686243895157,2731.0517803490156],[-73.5873771090139,-12.3426804234713,2731.02407876191],[-73.5873773127218,-12.34267976320403,2731.023329745991],[-73.58738310799987,-12.342672604999848,2528.037005986735],[-73.58740594891346,-12.342586946285026,2730.9180370058734],[-73.5876327176769,-12.3418519331169,2730.08422834983],[-73.5878516790807,-12.340897436144404,2729.353760074999],[-73.58791873299987,-12.340627104999783,2528.037005986735],[-73.58791090685374,-12.340614262019486,2729.1308081034226],[-73.587669570147,-12.339960589117,2728.20452752566],[-73.5869154646685,-12.3389747630545,2727.73460231962],[-73.58690040373483,-12.338938448450488,2727.718380203433],[-73.58718823299972,-12.333926854999902,2528.037005986735],[-73.58712366334322,-12.333478999387749,2718.60742415929],[-73.5869956777362,-12.3323677554978,2715.98647216861],[-73.58681227564391,-12.331319212016366,2715.147975533817],[-73.58677998299987,-12.331095229999903,2528.037005986735],[-73.5862993579999,-12.327369479999845,2528.037005986735],[-73.58615210799996,-12.326300729999957,2528.037005986735],[-73.58525185799982,-12.32280185499991,2528.037005986735],[-73.58516446090331,-12.321812282835907,2677.245946178395],[-73.58476415025393,-12.316905597488132,2653.5399027679223],[-73.5847384829998,-12.316551104999917,2528.037005986735],[-73.58489998299984,-12.314344355999935,2528.037005986735],[-73.58488798888268,-12.314109428405262,2628.4881088134453],[-73.5849368422561,-12.3131756580652,2625.76083260884],[-73.58481186287325,-12.31261835573607,2625.246025223672],[-73.5848007329999,-12.312400355999955,2528.037005986735],[-73.58470188515136,-12.31212794812512,2624.793011757436],[-73.5844805087696,-12.3111407967218,2623.88113178467],[-73.58395210242662,-12.31006167433509,2623.407061746358],[-73.58294697069337,-12.307291702065239,2622.072700386296],[-73.5829070959316,-12.3071514149356,2622.00143096051],[-73.5826857016423,-12.3054587749279,2606.96382436722],[-73.5818756994934,-12.30101083613,2599.44502107057],[-73.58179265515653,-12.300895689621102,2599.0768017661203],[-73.5817907329997,-12.300884854999708,2528.037005986735],[-73.5817063363045,-12.300776002778624,2598.6940632332007],[-73.5801799871117,-12.2986596178743,2591.92621777392],[-73.57930975669139,-12.297684969258093,2571.04878220179],[-73.57910410799991,-12.297419729999888,2528.037005986735],[-73.57869560799986,-12.29624635499988,2528.037005986735],[-73.57710890133022,-12.289915318302837,2539.4632547784927],[-73.57709900470347,-12.289852785085964,2539.3291910543144],[-73.57695548299995,-12.28683610499985,2528.037005986735],[-73.57577385799988,-12.28295772999985,2528.037005986735],[-73.57573819061929,-12.28281270345739,2520.145965454014],[-73.5756136014607,-12.2819331059309,2516.73818480745],[-73.57524513345244,-12.280807891919004,2513.0980314589465],[-73.57523098299998,-12.280750354999839,2528.037005986735],[-73.57466057475602,-12.279102302160227,2504.3065363054634],[-73.5745946998607,-12.2786946214226,2501.70057821415],[-73.5745321341436,-12.2771188498843,2486.66297162085],[-73.57434234418726,-12.276970205066153,2484.9400510682694],[-73.57432635799984,-12.276842354999872,2528.037005986735],[-73.5740732374645,-12.276759438803072,2482.497089847214],[-73.573703893197,-12.2764701657955,2479.14416832421],[-73.572288883959,-12.2761467748157,2471.62536502756],[-73.5701904348753,-12.2762400331872,2473.95520555738],[-73.567298156468,-12.276531369265621,2476.119076615773],[-73.56705687863105,-12.276549798201787,2476.292727708992],[-73.5611803565466,-12.2753658026351,2478.61488661701],[-73.56013402102496,-12.275217380934466,2479.4695692382734],[-73.55974348299992,-12.27514160499993,2528.037005986735],[-73.55626374518606,-12.27223587521885,2487.952581335471],[-73.55642996627269,-12.270415972992478,2488.4327457709464],[-73.55646523299993,-12.27009385499997,2528.037005986735],[-73.55645509491652,-12.270064718729465,2488.5276730035603],[-73.5562498660507,-12.268343564011,2489.09916900119],[-73.55540428366079,-12.267044747424547,2489.3993841411766],[-73.55540123299983,-12.267035979999832,2528.037005986735],[-73.55537121412573,-12.266993952539089,2489.4111251320205],[-73.5546093157745,-12.2658236748375,2489.68162913364],[-73.55428918338697,-12.265479072125759,2489.9562519042515],[-73.55395385799989,-12.265009604999932,2528.037005986735],[-73.55341098299982,-12.264901104999751,2528.037005986735],[-73.5504558579999,-12.263671854999927,2528.037005986735],[-73.54904601744506,-12.262200101603666,2495.3978519794236],[-73.5480955241162,-12.2608927289777,2497.25361085555],[-73.5474772218018,-12.2606856837349,2498.41853112046],[-73.5463823393509,-12.2607199867299,2499.00099125291],[-73.54537659910349,-12.26121452853437,2499.2878396211836],[-73.54531727438025,-12.261220684679195,2499.3006893756155],[-73.54421248417326,-12.261185548532247,2499.513497793209],[-73.54387948299978,-12.261145604999967,2528.037005986735],[-73.54346518869971,-12.261027226414871,2500.860663214882],[-73.5424478806634,-12.2606385260005,2504.243132445],[-73.54156388315207,-12.260483955941378,2504.978263948977],[-73.54135310799984,-12.260423729999843,2528.037005986735],[-73.5408844167314,-12.26036514885938,2505.543307589167],[-73.539646241475,-12.2601486495818,2506.57297297482],[-73.5379864826268,-12.2599137690498,2507.73789323973],[-73.53620177580409,-12.259815929743452,2508.2459998356894],[-73.53374135799987,-12.258981729999903,2528.037005986735],[-73.53080448299994,-12.255356229999961,2528.037005986735],[-73.5295814829999,-12.254325479999864,2528.037005986735],[-73.52895991834536,-12.25388982323395,2519.524398516574],[-73.5275071228081,-12.2526791238803,2520.55201615372],[-73.5257722996243,-12.251655610505054,2521.5926803917446],[-73.52576248299994,-12.251648729999886,2528.037005986735],[-73.52575640169802,-12.251646231024582,2521.6022170427914],[-73.5255651605411,-12.251533402303,2521.71693641863],[-73.5228356711459,-12.2503950532378,2522.88185668354],[-73.5208194560031,-12.2496391098982,2525.21169721336],[-73.518456507297,-12.2491130625339,2525.79415734581],[-73.51843538622663,-12.249113204529484,2525.801486803674],[-73.51832248299985,-12.249083229999883,2528.037005986735],[-73.51814160817514,-12.249115179580253,2525.9034339972313],[-73.51677805008,-12.2491243466928,2526.37661747826],[-73.51449530267776,-12.249759259986282,2527.0456235779766],[-73.51369935799988,-12.249899854999967,2528.037005986735],[-73.51161334825431,-12.250446957975043,2529.6878111193855],[-73.511511584761,-12.2504655223926,2529.87137827299],[-73.5090745223994,-12.2518097682034,2531.0362985379],[-73.50708378500714,-12.253049432786309,2531.9881124900844],[-73.50453035799973,-12.252863354999931,2528.037005986735],[-73.50328710799971,-12.252801229999932,2528.037005986735],[-73.50039298299998,-12.252892604999886,2528.037005986735],[-73.4950178470223,-12.251577358487717,2534.3781256870093],[-73.4948969625185,-12.2515415634687,2534.38544429951],[-73.49432810085737,-12.251302380070191,2534.420437877696],[-73.49162319369303,-12.24978998710124,2534.89392277945],[-73.49144424297405,-12.249640710169764,2534.9655451457115],[-73.48898835799986,-12.247351729999878,2528.037005986735],[-73.4819690657319,-12.24302511638927,2539.011932839447],[-73.4815497913027,-12.2427594412662,2539.19074039226],[-73.48149531635856,-12.242733102549636,2539.2014787908965],[-73.48092648299985,-12.242382479999947,2528.037005986735],[-73.47738819295704,-12.240747302272151,2540.011097396956],[-73.4756402540896,-12.2399021712282,2540.35566065717],[-73.47506867710294,-12.239655637047994,2540.467116504896],[-73.47078648299993,-12.23755172999995,2528.037005986735],[-73.4698652329999,-12.236894479999819,2528.037005986735],[-73.46998560799983,-12.230605854999965,2528.037005986735],[-73.46957660799973,-12.222791854999855,2528.037005986735],[-73.4696484829999,-12.219966479999869,2528.037005986735],[-73.46852510799977,-12.218135604999816,2528.037005986735],[-73.46473860799983,-12.214765354999827,2528.037005986735],[-73.46453060799985,-12.21106210499994,2528.037005986735],[-73.46398973299995,-12.207150854999895,2528.037005986735],[-73.46286535799982,-12.205060854999886,2528.037005986735],[-73.46099048299976,-12.201508854999702,2528.037005986735],[-73.46089698299994,-12.196102604999794,2528.037005986735],[-73.45986323299985,-12.193521479999902,2528.037005986735],[-73.45845160799985,-12.192322479999916,2528.037005986735],[-73.45792748299982,-12.191611979999834,2528.037005986735],[-73.45695935799984,-12.189753104999852,2528.037005986735],[-73.45715298299996,-12.187352229999817,2528.037005986735],[-73.45657210799976,-12.184602729999938,2528.037005986735],[-73.45182260799999,-12.173110104999921,2528.037005986735],[-73.45063360799975,-12.170206354999834,2528.037005986735],[-73.4483553579999,-12.166779979999944,2528.037005986735],[-73.44725173299997,-12.16494447999986,2528.037005986735],[-73.44606060799993,-12.160289104999947,2528.037005986735],[-73.4449182329999,-12.15934897999989,2528.037005986735],[-73.44311360799998,-12.156550479999964,2528.037005986735],[-73.44141198299997,-12.154049854999926,2528.037005986735],[-73.43952110799984,-12.15200772999998,2528.037005986735],[-73.43645023299985,-12.15156910499985,2528.037005986735],[-73.43290810799988,-12.152720729999828,2528.037005986735],[-73.42900760799955,-12.15261272999976,2528.037005986735],[-73.4258311079999,-12.151478229999952,2528.037005986735],[-73.42204935799998,-12.149814229999947,2528.037005986735],[-73.41713298299999,-12.147242604999974,2528.037005986735],[-73.41718223299989,-12.145949229999815,2528.037005986735],[-73.41690610799986,-12.144595354999979,2528.037005986735],[-73.40109123299999,-12.141497104999758,2528.037005986735],[-73.39567835799994,-12.139268229999914,2528.037005986735],[-73.38887235799973,-12.13974585499983,2528.037005986735],[-73.38432535799984,-12.139235354999869,2528.037005986735],[-73.38174798299974,-12.140581604999966,2528.037005986735],[-73.37900173299971,-12.14030310499993,2528.037005986735],[-73.37291223299991,-12.13910897999989,2528.037005986735],[-73.36483260799957,-12.137596604999828,2528.037005986735],[-73.36188735799988,-12.135964729999955,2528.037005986735],[-73.36109123299963,-12.134292979999827,2528.037005986735],[-73.36121060799974,-12.130312979999871,2528.037005986735],[-73.36168823299982,-12.125894979999885,2528.037005986735],[-73.35878285799987,-12.121158729999877,2528.037005986735],[-73.35685598299995,-12.116747104999718,2528.037005986735],[-73.35536910799993,-12.114251979999949,2528.037005986735],[-73.35526735699978,-12.112214979999806,2528.037005986735],[-73.3565482319998,-12.110677854999722,2528.037005986735],[-73.35788623299993,-12.10999460499994,2528.037005986735],[-73.35999260799986,-12.111332354999888,2528.037005986735],[-73.36394935799996,-12.111674104999906,2528.037005986735],[-73.36975648299983,-12.107945104999942,2528.037005986735],[-73.37585610799977,-12.104807728999958,2528.037005986735],[-73.37784598299993,-12.10372585499988,2528.037005986735],[-73.37908473299984,-12.103708479999966,2528.037005986735],[-73.38111435799982,-12.104102229999853,2528.037005986735],[-73.38552648299992,-12.102251854999963,2528.037005986735],[-73.38669360799986,-12.101881854999817,2528.037005986735],[-73.39079273299973,-12.099405229999888,2528.037005986735],[-73.39343998299984,-12.097128104999854,2528.037005986735],[-73.40058510799986,-12.091520354999943,2528.037005986735],[-73.39966335799988,-12.087417604999928,2528.037005986735],[-73.39780198299997,-12.084950354999819,2528.037005986735],[-73.39746448299985,-12.084535229999915,2528.037005986735],[-73.39226373299994,-12.078136729999812,2528.037005986735],[-73.39123035799997,-12.075711104999982,2528.037005986735],[-73.39165748199997,-12.074821479999912,2528.037005986735],[-73.39278523299993,-12.074123229999884,2528.037005986735],[-73.39714548299992,-12.074200604999874,2528.037005986735],[-73.39879848299972,-12.073974229999976,2528.037005986735],[-73.4003364829997,-12.073461229999907,2528.037005986735],[-73.4028462329997,-12.07044822999984,2528.037005986735],[-73.40335760799974,-12.069938854999975,2528.037005986735],[-73.40768910799966,-12.065989729999785,2528.037005986735],[-73.40856948299995,-12.061421229999894,2528.037005986735],[-73.40792773299995,-12.060060604999933,2528.037005986735],[-73.40570560699996,-12.05801260499976,2528.037005986735],[-73.4032733579997,-12.057404354999903,2528.037005986735],[-73.40185848299996,-12.055463479999787,2528.037005986735],[-73.40160560799973,-12.053693104999866,2528.037005986735],[-73.40049285799995,-12.050809853999965,2528.037005986735],[-73.39887398299993,-12.045751603999861,2528.037005986735],[-73.39927885799995,-12.041300229999877,2528.037005986735],[-73.39867185799983,-12.034623354999951,2528.037005986735],[-73.39846948299987,-12.032498854999858,2528.037005986735],[-73.39790385799978,-12.02743010499995,2528.037005986735],[-73.39829723299982,-12.025160979999896,2528.037005986735],[-73.39788485799971,-12.020943479999971,2528.037005986735],[-73.39851910799979,-12.019706729999882,2528.037005986735],[-73.40162673299989,-12.015806479999924,2528.037005986735],[-73.40276823299973,-12.01184260499997,2528.037005986735],[-73.40517823299984,-12.01025710499988,2528.037005986735],[-73.40555873199997,-12.008291104999842,2528.037005986735],[-73.40501973299996,-12.00702272999996,2528.037005986735],[-73.40491848299985,-12.006243729999824,2528.037005986735],[-73.40502123199991,-12.00577747999995,2528.037005986735],[-73.40531448299993,-12.005494104999968,2528.037005986735],[-73.4059969819998,-12.00540622899996,2528.037005986735],[-73.40680673299994,-12.005572104999942,2528.037005986735],[-73.40765273299985,-12.006197479999969,2528.037005986735],[-73.4100298579998,-12.008100854999896,2528.037005986735],[-73.4133669829996,-12.010510854999836,2528.037005986735],[-73.41811860799965,-12.015058729999964,2528.037005986735],[-73.42069598299992,-12.015566854999918,2528.037005986735],[-73.42285198299987,-12.014598229999876,2528.037005986735],[-73.42497685799992,-12.009442478999972,2528.037005986735],[-73.42497685799992,-12.005474104999905,2528.037005986735],[-73.42607048199972,-12.002224354999953,2528.037005986735],[-73.42803898299996,-12.000911979999898,2528.037005986735],[-73.43269473299989,-11.999005979999936,2528.037005986735],[-73.4355069829997,-11.996724978999964,2528.037005986735],[-73.43660060799976,-11.994006479999825,2528.037005986735],[-73.43731935799991,-11.990694104999932,2528.037005986735],[-73.43769435799976,-11.98963185499997,2528.037005986735],[-73.43760060799991,-11.989006854999957,2528.037005986735],[-73.43666298299996,-11.986819604999823,2528.037005986735],[-73.4352258579998,-11.98578847999994,2528.037005986735],[-73.4335384829999,-11.985819729999946,2528.037005986735],[-73.43135123299993,-11.984757353999896,2528.037005986735],[-73.43044498299992,-11.983507478999854,2528.037005986735],[-73.43010135799972,-11.982101353999951,2528.037005986735],[-73.43360098299974,-11.9776017289999,2528.037005986735],[-73.43575698299986,-11.975226854999846,2528.037005986735],[-73.44019398299963,-11.970727479999823,2528.037005986735],[-73.44147523299995,-11.968665104999957,2528.037005986735],[-73.44381873299989,-11.964821728999937,2528.037005986735],[-73.44518523299996,-11.961038853999924,2528.037005986735],[-73.4449298579998,-11.958105479999972,3076.856321979859],[-73.44425460799988,-11.955481979999774,3076.856321979859],[-73.44322985799982,-11.951500603999875,3076.856321979859],[-73.44113498299987,-11.944200104999823,3076.856321979859],[-73.4415699829998,-11.941252979999831,3076.856321979859],[-73.44523723299983,-11.936619104999863,3076.856321979859],[-73.44740123299982,-11.934791354999788,3076.856321979859],[-73.45089823299998,-11.93400785499989,3076.856321979859],[-73.45375073299982,-11.934831479999843,3076.856321979859],[-73.45615235799994,-11.93410010499997,3076.856321979859],[-73.45882885799989,-11.932346479999921,3076.856321979859],[-73.4630852329999,-11.929256479999879,3076.856321979859],[-73.46329098299987,-11.92898047899996,3076.856321979859],[-73.46348973299996,-11.925701479999816,3076.856321979859],[-73.46348973299996,-11.924593979999827,3076.856321979859],[-73.46547398299992,-11.920809854999902,3076.856321979859],[-73.46801210799987,-11.918041228999812,3076.856321979859],[-73.4684751079999,-11.917459603999816,3076.856321979859],[-73.47110385799971,-11.914257229999976,3076.856321979859],[-73.47484173299989,-11.909411728999885,3076.856321979859],[-73.47821048299983,-11.90345885499994,3076.856321979859],[-73.48028698299987,-11.899351728999932,3076.856321979859],[-73.48259435799991,-11.896490729999812,3076.856321979859],[-73.48528310799998,-11.893278479999935,3076.856321979859],[-73.48614760799984,-11.887399854999728,3076.856321979859],[-73.48951635799995,-11.88278522999974,3076.856321979859],[-73.49053160799974,-11.878170479999937,3076.856321979859],[-73.49403873299985,-11.875401729999908,3076.856321979859],[-73.49902248299992,-11.871017853999831,3076.856321979859],[-73.50383098299977,-11.867726604999916,3076.856321979859],[-73.5065491079996,-11.865265478999845,3076.856321979859],[-73.51113035799995,-11.862412228999744,3076.856321979859],[-73.51456523299993,-11.861412353999981,3076.856321979859],[-73.53056160799991,-11.857483354999886,3076.856321979859],[-73.54557560799998,-11.852291604999834,3076.856321979859],[-73.55525760799992,-11.85236172999987,3076.856321979859],[-73.55883560799958,-11.850888354999825,3076.856321979859],[-73.5686579829997,-11.845135354999968,3076.856321979859],[-73.57434085799997,-11.840294354999969,3076.856321979859],[-73.57750510799985,-11.836484729999711,3076.856321979859],[-73.58081660799985,-11.82408060399996,3076.856321979859],[-73.58132173299998,-11.82020772999988,3076.856321979859],[-73.58115335799982,-11.814258229999837,3076.856321979859],[-73.58165848299996,-11.806961729999898,3076.856321979859],[-73.58087273299986,-11.800001854999948,3076.856321979859],[-73.58132735799956,-11.789062728999966,3076.856321979859],[-73.57967510799972,-11.778140603999816,3076.856321979859],[-73.57935885799975,-11.774772603999963,3076.856321979859],[-73.57918160799983,-11.772726604999946,3076.856321979859],[-73.58005235799993,-11.770285479999757,3076.856321979859],[-73.57991423299978,-11.769388104999848,3076.856321979859],[-73.57834385799998,-11.768507979999868,3076.856321979859],[-73.57499573299998,-11.76740347999987,3076.856321979859],[-73.57052298299982,-11.762889854999969,3076.856321979859],[-73.56995748299965,-11.756292729999927,3076.856321979859],[-73.57193660799999,-11.742627354999968,3076.856321979859],[-73.57448123299986,-11.734145478999949,3076.856321979859],[-73.57759123299996,-11.728302353999823,3076.856321979859],[-73.58318373399959,-11.718826978999743,3076.856321979859],[-73.58747210799976,-11.7140198539999,3076.856321979859],[-73.59741223299994,-11.700943354999822,3076.856321979859],[-73.60045223299994,-11.695731979999948,3076.856321979859],[-73.60204448299987,-11.690424228999973,3076.856321979859],[-73.60382985799998,-11.688349353999797,3076.856321979859],[-73.60682160899984,-11.686901729999931,3076.856321979859],[-73.60966848299972,-11.682993229999852,3076.856321979859],[-73.6106334829999,-11.68140085399989,3076.856321979859],[-73.61208110799987,-11.679760353999768,3076.856321979859],[-73.6126096079999,-11.676336604999904,3076.856321979859],[-73.61162323299999,-11.672489853999878,3076.856321979859],[-73.61073548299998,-11.670418354999981,3076.856321979859],[-73.60826960799989,-11.660160103999942,3076.856321979859],[-73.60442273299986,-11.652367728999934,3076.856321979859],[-73.59968810799995,-11.645068604999778,3076.856321979859],[-73.59436173299969,-11.640333979999753,3076.856321979859],[-73.59110660799956,-11.63520485399988,3076.856321979859],[-73.58361023299989,-11.620803603999718,3076.856321979859],[-73.58203198299981,-11.615575979999903,3076.856321979859],[-73.57267123299994,-11.605386729999907,3076.856321979859],[-73.56604285799995,-11.598205979999875,3076.856321979859],[-73.55965098299976,-11.592050979999897,3076.856321979859],[-73.55625798299974,-11.589762604999919,3076.856321979859],[-73.55104998299987,-11.586842853999826,3076.856321979859],[-73.54639423299994,-11.585264728999903,3076.856321979859],[-73.54189635799975,-11.582739604999972,3076.856321979859],[-73.53163810799998,-11.578557228999955,3076.856321979859],[-73.52492135799997,-11.574590354999827,3076.856321979859],[-73.5161213579999,-11.56937835499997,3076.856321979859],[-73.51427260799989,-11.568235603999824,3076.856321979859],[-73.50629685799987,-11.565419979999831,3076.856321979859],[-73.50233248299986,-11.563161979999961,3076.856321979859],[-73.49995885799984,-11.560636853999938,3076.856321979859],[-73.4973327329999,-11.557960228999889,3076.856321979859],[-73.49430260799983,-11.554879478999794,3076.856321979859],[-73.49213098299992,-11.551798978999841,3076.856321979859],[-73.49238360799995,-11.547960728999954,3076.856321979859],[-73.49248460799987,-11.543112728999915,3076.856321979859],[-73.48983323299996,-11.537865353999905,3076.856321979859],[-73.48607585799994,-11.534713978999832,3076.856321979859],[-73.48444135799997,-11.53528510399974,3076.856321979859],[-73.48295110799967,-11.537287978999814,3076.856321979859],[-73.4799751079999,-11.53855222899989,3076.856321979859],[-73.47929124578354,-11.538805495157703,3076.856321979859],[-73.47888423299997,-11.538956229999826,3076.856321979859],[-73.47617735799992,-11.539036979999935,3076.856321979859],[-73.4716182329999,-11.538165478999872,3076.856321979859],[-73.46854448299996,-11.537715604999846,3076.856321979859],[-73.4651709829999,-11.535991353999918,3076.856321979859],[-73.46209273299985,-11.53576647899996,3076.856321979859],[-73.45563723299995,-11.535695103999842,3076.856321979859],[-73.45190160799996,-11.53464197899973,3076.856321979859],[-73.44972760799993,-11.531943103999822,3076.856321979859],[-73.45100198299986,-11.52624547899984,3076.856321979859],[-73.45242635799985,-11.521522478999941,3076.856321979859],[-73.45392573299983,-11.508403103999967,3076.856321979859],[-73.45381335799976,-11.505327104999765,3076.856321979859],[-73.45526473299986,-11.502566853999895,3076.856321979859],[-73.4565972329998,-11.500806228999863,3076.856321979859],[-73.46036723299989,-11.497010478999869,3076.856321979859],[-73.46145998299988,-11.495291103999818,3076.856321979859],[-73.46313935799975,-11.491548853999973,3076.856321979859],[-73.46501048299984,-11.489341854999964,3076.856321979859],[-73.46755348299985,-11.484879728999886,3076.856321979859],[-73.46813423299994,-11.483614353999826,3076.856321979859],[-73.47060748299958,-11.481035103999943,3076.856321979859],[-73.47292710799985,-11.480273729999908,3076.856321979859],[-73.47585385799988,-11.477442854999822,3076.856321979859],[-73.47910210799989,-11.472400228999845,3076.856321979859],[-73.47971623299998,-11.47136385399989,3076.856321979859],[-73.47864148299988,-11.467141728999877,3076.856321979859],[-73.47572423299982,-11.464071103999913,3076.856321979859],[-73.47453448299979,-11.462151853999842,3076.856321979859],[-73.47486148299993,-11.461041103999946,3076.856321979859],[-73.47486248299992,-11.46103922899988,3076.856321979859],[-73.47620673299986,-11.460212854999895,3076.856321979859],[-73.47653035799982,-11.45958010399994,3076.856321979859],[-73.47656873299997,-11.45835185399983,3076.856321979859],[-73.47557085799991,-11.456739728999935,3076.856321979859],[-73.47380510799957,-11.455089228999896,3076.856321979859],[-73.47203948299995,-11.451519478999842,3076.856321979859],[-73.47081123299984,-11.450329604999979,3076.856321979859],[-73.46969810799993,-11.449408478999885,3076.856321979859],[-73.46969810799993,-11.448487353999894,3076.856321979859],[-73.46904560799976,-11.44522460499985,3076.856321979859],[-73.46681935799995,-11.443612478999853,3076.856321979859],[-73.46256973299978,-11.441724104999935,3076.856321979859],[-73.45902473299992,-11.443042603999857,3076.856321979859],[-73.4588354829998,-11.443036728999914,3076.856321979859],[-73.45676285799982,-11.44211560399998,3076.856321979859],[-73.45538110799998,-11.436050978999845,3076.856321979859],[-73.45518910799973,-11.43478435399993,3076.856321979859],[-73.45430635799988,-11.433786353999778,3076.856321979859],[-73.45353860799986,-11.43278835399991,3076.856321979859],[-73.45403760799985,-11.431713603999981,3076.856321979859],[-73.45446035799984,-11.430753228999833,3076.856321979859],[-73.45436948299977,-11.429756353999949,3076.856321979859],[-73.45380735799989,-11.427529853999943,3076.856321979859],[-73.4530012329999,-11.42538035399997,3076.856321979859],[-73.44651448299999,-11.421081354999899,3076.856321979859],[-73.44520935799983,-11.418471229999852,3076.856321979859],[-73.44517098299985,-11.417895478999924,3076.856321979859],[-73.44578510799977,-11.416743978999932,3076.856321979859],[-73.44486398299995,-11.413251104999858,3076.856321979859],[-73.44386598299997,-11.410909728999854,3076.856321979859],[-73.44085360799994,-11.407474603999844,3076.856321979859],[-73.43889423299993,-11.40616847899986,3076.856321979859],[-73.43587360799984,-11.403392728999961,3076.856321979859],[-73.43432235799992,-11.402168103999713,3076.856321979859],[-73.43010498299975,-11.399923103999868,3076.856321979859],[-73.42601198299985,-11.394677478999881,3076.856321979859],[-73.42534135799997,-11.394039353999858,3076.856321979859],[-73.4250399829998,-11.390051103999724,3076.856321979859],[-73.42392973299997,-11.388611978999847,3076.856321979859],[-73.41974948299986,-11.383938229999956,3076.856321979859],[-73.4161261079999,-11.386184479999827,3076.856321979859],[-73.41391073299974,-11.38722947899987,3076.856321979859],[-73.41281317156103,-11.387093182043657,3076.856321979859],[-73.41139844622779,-11.386125212078753,3076.856321979859],[-73.41043047626317,-11.385678456710423,3076.856321979859],[-73.40879237324549,-11.385976293622605,3076.856321979859],[-73.40855863032039,-11.385976293622434,3076.856321979859],[-73.40788778228983,-11.385688296007345,3076.856321979859],[-73.40685643331597,-11.384114812921212,3076.856321979859],[-73.40670751486027,-11.382849006044125,3076.856321979859],[-73.40358022728168,-11.378455911588787,3076.856321979859],[-73.4020910427206,-11.376892267799406,3076.856321979859],[-73.40052739893122,-11.375700920150337,3076.856321979859],[-73.39628322293186,-11.377413482395866,3076.856321979859],[-73.39323039458156,-11.375700920150337,3076.856321979859],[-73.38935385799988,-11.373939978999942,3076.856321979859],[-73.38626248299988,-11.371270228999833,3076.856321979859],[-73.38232798299987,-11.36335435399991,3076.856321979859],[-73.3808759829999,-11.359326228999862,3076.856321979859],[-73.3800796079999,-11.355719603999887,3076.856321979859],[-73.37914648299989,-11.352251978999846,3076.856321979859],[-73.37614985799974,-11.348567354999886,3076.856321979859],[-73.37221548299982,-11.345869478999873,3076.856321979859],[-73.36813110799983,-11.344932603999894,3076.856321979859],[-73.36523372483106,-11.342268726752025,3076.856321979859],[-73.36515926560321,-11.341151838331086,3076.856321979859],[-73.363595621814,-11.339737112998023,3076.856321979859],[-73.36010904821813,-11.340109409138336,3076.856321979859],[-73.35881991713865,-11.33918479060577,3076.856321979859],[-73.35295523299988,-11.33417835399996,3076.856321979859],[-73.34988260799975,-11.328482728999859,3076.856321979859],[-73.34849610799978,-11.325897228999906,3076.856321979859],[-73.34810810237758,-11.322537031316244,3076.856321979859],[-73.34870377620206,-11.319409743737765,3076.856321979859],[-73.34714013241268,-11.314495434685966,3076.856321979859],[-73.34483189634284,-11.312782872440607,3076.856321979859],[-73.34170460876453,-11.31099585096706,3076.856321979859],[-73.33835394350194,-11.310698014054879,3076.856321979859],[-73.3353755743795,-11.309581125633997,3076.856321979859],[-73.33053572455566,-11.30898545180952,3076.856321979859],[-73.32703614083675,-11.309059911037536,3076.856321979859],[-73.32351447002162,-11.309197296496563,3076.856321979859],[-73.3178199829996,-11.30743672899996,3076.856321979859],[-73.31501410799979,-11.307676478999895,3076.856321979859],[-73.30805948299991,-11.309427228999823,3076.856321979859],[-73.30012160799993,-11.308491853999953,3076.856321979859],[-73.29688410699993,-11.3083719789999,3076.856321979859],[-73.29405423199972,-11.309235354999828,3076.856321979859],[-73.29100860799997,-11.312064978999842,3076.856321979859],[-73.28947373299991,-11.312640728999952,3076.856321979859],[-73.28501323299997,-11.312304978999975,3076.856321979859],[-73.28153585799993,-11.311249728999883,3076.856321979859],[-73.27801060699983,-11.310626228999979,3076.856321979859],[-73.27551648299988,-11.310890103999895,3076.856321979859],[-73.2748929829998,-11.310698103999812,3076.856321979859],[-73.27326223299997,-11.30971497899992,3076.856321979859],[-73.26890498299997,-11.30969947899996,3076.856321979859],[-73.2621336079996,-11.31213022899982,3076.856321979859],[-73.25744573299977,-11.312708854999812,3076.856321979859],[-73.2520056069996,-11.311551479999707,3076.856321979859],[-73.24714410699988,-11.309467978999976,3076.856321979859],[-73.2451763579997,-11.308136854999816,3076.856321979859],[-73.24071998299956,-11.302407228999925,3076.856321979859],[-73.2382313579999,-11.300207979999868,3076.856321979859],[-73.23713173299996,-11.29951347899987,3076.856321979859],[-73.2349326079999,-11.299339853999982,3076.856321979859],[-73.23313848199996,-11.299629228999947,3076.856321979859],[-73.22214223299989,-11.299166228999923,3076.856321979859],[-73.21641273299974,-11.298703228999898,3076.856321979859],[-73.21437932878337,-11.29938021138986,3076.856321979859],[-73.21154987811724,-11.29714643454821,3076.856321979859],[-73.21006069355599,-11.29342347314514,3076.856321979859],[-73.20812475362646,-11.292232125496184,3076.856321979859],[-73.20738423199987,-11.29100597899992,3076.856321979859],[-73.20477985799994,-11.290022104999878,3076.856321979859],[-73.20330073299976,-11.28999035399977,3076.856321979859],[-73.19820573299967,-11.29292385399998,3076.856321979859],[-73.19372823299972,-11.29315547899995,3076.856321979859],[-73.19144588654109,-11.292083207039866,3076.856321979859],[-73.19025453889225,-11.290072807882382,3076.856321979859],[-73.18950994661162,-11.288807001005466,3076.856321979859],[-73.1875740066821,-11.286424305707612,3076.856321979859],[-73.18645711826116,-11.285977550339169,3076.856321979859],[-73.18362766759503,-11.2860520095673,3076.856321979859],[-73.18072375770043,-11.28761565335651,3076.856321979859],[-73.17811768471859,-11.288881460233597,3076.856321979859],[-73.17692633706969,-11.288955919461614,3076.856321979859],[-73.17535535799993,-11.288755228999946,3076.856321979859],[-73.17357998299985,-11.288986854999848,3076.856321979859],[-73.17126398299962,-11.289449978999869,3076.856321979859],[-73.168399943802,-11.293315325319156,3076.856321979859],[-73.16531069749249,-11.292827799320662,3076.856321979859],[-73.16166219531743,-11.291413073987599,3076.856321979859],[-73.15868085799997,-11.290916728999832,3076.856321979859],[-73.14988023199993,-11.291765978999933,3076.856321979859],[-73.13737448299975,-11.29377310399991,3076.856321979859],[-73.13166198299996,-11.293927478999876,3076.856321979859],[-73.12401948299964,-11.291843103999724,3076.856321979859],[-73.11730323299986,-11.288755228999946,3076.856321979859],[-73.11166785699987,-11.285281353999835,3076.856321979859],[-73.10283940515075,-11.281807833567939,3076.856321979859],[-73.10105238367737,-11.280393108234875,3076.856321979859],[-73.09814847378289,-11.277563657568578,3076.856321979859],[-73.09449997160817,-11.27592555455135,3076.856321979859],[-73.09263849090678,-11.275553258411037,3076.856321979859],[-73.08861769259158,-11.275032043814576,3076.856321979859],[-73.08511810887268,-11.273915155393524,3076.856321979859],[-73.08213729235382,-11.273284213308386,3076.856321979859],[-73.07923582985609,-11.274659747674264,3076.856321979859],[-73.0770765122424,-11.277191361428265,3076.856321979859],[-73.07299223299987,-11.28003197899983,3076.856321979859],[-73.06959548299983,-11.283583103999831,3076.856321979859],[-73.06504098299985,-11.284354978999943,3076.856321979859],[-73.06118110799986,-11.282888353999851,3076.856321979859],[-73.05625385699994,-11.280134728999883,3076.856321979859],[-73.05068235699991,-11.27733010399993,3076.856321979859],[-73.04512410699994,-11.276480978999928,3076.856321979859],[-73.04131448299984,-11.275581978999867,3076.856321979859],[-73.03902560799992,-11.271308728999884,3076.856321979859],[-73.02555072642537,-11.264160996518001,3076.856321979859],[-73.02398708263615,-11.261480464307851,3076.856321979859],[-73.02339140881168,-11.259172228238015,3076.856321979859],[-73.02376370495199,-11.25723628830849,3076.856321979859],[-73.02138100965385,-11.253289949221312,3076.856321979859],[-73.02212560193476,-11.250683876239293,3076.856321979859],[-73.01993035799967,-11.244827853999709,3076.856321979859],[-73.01937061049648,-11.242835873601848,3076.856321979859],[-73.01899831435617,-11.236879135357128,3076.856321979859],[-73.01857450848416,-11.234171223963699,3076.856321979859],[-73.01572210832171,-11.231369152480681,3076.856321979859],[-73.01207360614666,-11.228911997954697,3076.856321979859],[-73.00768051169115,-11.226901598797156,3076.856321979859],[-73.00269174341116,-11.224369985043154,3076.856321979859],[-72.9950224429212,-11.221778803906659,3076.856321979859],[-72.98660855015027,-11.218130301731776,3076.856321979859],[-72.98296004797555,-11.215598687977774,3076.856321979859],[-72.98094964881801,-11.214258421872728,3076.856321979859],[-72.97826911660786,-11.212471400399181,3076.856321979859],[-72.97613335699992,-11.213180103999889,3076.856321979859],[-72.97048660799999,-11.215211353999905,3076.856321979859],[-72.96666798199988,-11.216633103999754,3076.856321979859],[-72.9663023569999,-11.218176978999963,3076.856321979859],[-72.9717864819998,-11.219679978999977,3076.856321979859],[-72.97393960699969,-11.221507978999966,3076.856321979859],[-72.97548323199987,-11.224351603999878,3076.856321979859],[-72.97450835799987,-11.238691854999786,3076.856321979859],[-72.9744271079997,-11.246978978999891,3076.856321979859],[-72.97434585699983,-11.24937585399988,3076.856321979859],[-72.97361460799954,-11.251610103999724,3076.856321979859],[-72.9713396079996,-11.251975728999867,3076.856321979859],[-72.96844460799997,-11.252643728999715,3076.856321979859],[-72.96738010799999,-11.257132853999906,3076.856321979859],[-72.96821323299991,-11.262339353999835,3076.856321979859],[-72.96846773299984,-11.26509310399996,3076.856321979859],[-72.96643135699992,-11.267800478999959,3076.856321979859],[-72.96427935799994,-11.26886485399973,3076.856321979859],[-72.96323810799976,-11.268980603999978,3076.856321979859],[-72.96194223299983,-11.268078103999926,3076.856321979859],[-72.9616413579999,-11.265810478999981,3076.856321979859],[-72.96090098299993,-11.26463022899992,3076.856321979859],[-72.95712910799995,-11.26298735399979,3076.856321979859],[-72.95587948299993,-11.263380728999834,3076.856321979859],[-72.95527785799999,-11.265000478999923,3076.856321979859],[-72.95696710699985,-11.271572353999943,3076.856321979859],[-72.9562728569997,-11.272868104999759,3076.856321979859],[-72.9546531069999,-11.274256604999891,3076.856321979859],[-72.95062673299981,-11.275066478999861,3076.856321979859],[-72.94784998299974,-11.275158978999968,3076.856321979859],[-72.94611448199959,-11.275043353999706,3076.856321979859],[-72.94518885799965,-11.27543672899992,3076.856321979859],[-72.94481860699966,-11.275945728999943,3076.856321979859],[-72.94525823199962,-11.278167228999905,3076.856321979859],[-72.94525823199962,-11.279000228999905,3076.856321979859],[-72.94183335699984,-11.28027297899996,3076.856321979859],[-72.93988973199987,-11.28129110399982,3076.856321979859],[-72.93898723199999,-11.282818353999971,3076.856321979859],[-72.93965835799992,-11.284576978999837,3076.856321979859],[-72.93968148199997,-11.285849728999892,3076.856321979859],[-72.93588648199994,-11.29001497899992,3076.856321979859],[-72.93577085699997,-11.291611603999854,3076.856321979859],[-72.93708985699993,-11.292745478999962,3076.856321979859],[-72.93810798199962,-11.292953728999976,3076.856321979859],[-72.94150960799988,-11.294411478999962,3076.856321979859],[-72.94451773199972,-11.295360228999868,3076.856321979859],[-72.94940035699994,-11.293462854999916,3076.856321979859],[-72.95062673299981,-11.292930603999821,3076.856321979859],[-72.95215398299979,-11.292907479999883,3076.856321979859],[-72.95307960699972,-11.294180103999906,3076.856321979859],[-72.95159860699994,-11.297628103999841,3076.856321979859],[-72.95268623299995,-11.300404853999908,3076.856321979859],[-72.95504648199966,-11.302718728999764,3076.856321979859],[-72.95557873199982,-11.304084104999959,3076.856321979859],[-72.95472248199985,-11.305472478999889,3076.856321979859],[-72.94754910699999,-11.304755103999867,3076.856321979859],[-72.94528135799993,-11.305449353999848,3076.856321979859],[-72.93854760699969,-11.305703728999845,3076.856321979859],[-72.9371129829999,-11.305032853999933,3076.856321979859],[-72.93496085799973,-11.30382960399993,3076.856321979859],[-72.9334568569999,-11.304269228999885,3076.856321979859],[-72.93299398199997,-11.304940228999897,3076.856321979859],[-72.93227660799977,-11.309475728999928,3076.856321979859],[-72.93394273199988,-11.313154978999876,3076.856321979859],[-72.9373212329998,-11.315839228999835,3076.856321979859],[-72.93658073199964,-11.318106978999879,3076.856321979859],[-72.93665010699988,-11.319934978999981,3076.856321979859],[-72.93801535699987,-11.321739978999915,3076.856321979859],[-72.94197235699988,-11.322503603999962,3076.856321979859],[-72.94535085699982,-11.317250728999909,3076.856321979859],[-72.94602185699983,-11.315306978999843,3076.856321979859],[-72.94592935799955,-11.314936728999953,3076.856321979859],[-72.94523510799985,-11.314520229999857,3076.856321979859],[-72.94204173199995,-11.312692228999879,3076.856321979859],[-72.94303673299993,-11.310910353999873,3076.856321979859],[-72.94442535699972,-11.309869103999972,3076.856321979859],[-72.94891435699998,-11.311095478999903,3076.856321979859],[-72.95134410699984,-11.312113729999965,3076.856321979859],[-72.95287135699982,-11.313363228999776,3076.856321979859],[-72.9546531069999,-11.313802853999846,3076.856321979859],[-72.95699023199973,-11.313386353999931,3076.856321979859],[-72.95791598199986,-11.313502103999895,3076.856321979859],[-72.95951248299997,-11.314196478999975,3076.856321979859],[-72.96064635699963,-11.317921853999849,3076.856321979859],[-72.95988273299969,-11.319310228999882,3076.856321979859],[-72.95782323299983,-11.320374729999855,3076.856321979859],[-72.9566431079997,-11.320166478999852,3076.856321979859],[-72.95449110699963,-11.319634229999963,3076.856321979859],[-72.9529407319996,-11.319911853999827,3076.856321979859],[-72.95102010699986,-11.322318479999922,3076.856321979859],[-72.95092760799974,-11.324632478999888,3076.856321979859],[-72.95213085799992,-11.328265478999924,3076.856321979859],[-72.95759198299987,-11.327316728999847,3076.856321979859],[-72.95944060799997,-11.327601353999853,3076.856321979859],[-72.96490010699961,-11.32949847899988,3076.856321979859],[-72.96526873199991,-11.330276478999963,3076.856321979859],[-72.96438023299976,-11.332575478999843,3076.856321979859],[-72.96167460699962,-11.334854728999858,3076.856321979859],[-72.9590617319999,-11.334725103999972,3076.856321979859],[-72.95335410699988,-11.331519103999824,3076.856321979859],[-72.95133410699981,-11.330425728999955,3076.856321979859],[-72.94890660699969,-11.330926103999786,3076.856321979859],[-72.94849885799988,-11.331444978999912,3076.856321979859],[-72.94840623199985,-11.333094353999968,3076.856321979859],[-72.94946248199994,-11.33618897999986,3076.856321979859],[-72.94953660699986,-11.337634478999917,3076.856321979859],[-72.94636773299976,-11.33989535399985,3076.856321979859],[-72.94473698199965,-11.33991385399986,3076.856321979859],[-72.94151260799987,-11.33898722899994,3076.856321979859],[-72.94051185699993,-11.338486853999825,3076.856321979859],[-72.93914060699962,-11.337078478999842,3076.856321979859],[-72.93660173199987,-11.33207510499983,3076.856321979859],[-72.93485985699982,-11.331537603999948,3076.856321979859],[-72.93265473299988,-11.33120410399988,3076.856321979859],[-72.92816985799988,-11.328776478999828,3076.856321979859],[-72.92585360699991,-11.327312478999943,3076.856321979859],[-72.92294410799968,-11.328331728999899,3076.856321979859],[-72.92209173299995,-11.329165603999968,3076.856321979859],[-72.92073898199993,-11.332853354999827,3076.856321979859],[-72.92133198199997,-11.335225353999704,3076.856321979859],[-72.92238823199989,-11.336559603999888,3076.856321979859],[-72.92577948299999,-11.339079853999863,3076.856321979859],[-72.93367385699992,-11.34380535399987,3076.856321979859],[-72.93469298199994,-11.347066854999923,3076.856321979859],[-72.93283985699992,-11.350383979999833,3076.856321979859],[-72.92915210699988,-11.351106729999856,3076.856321979859],[-72.92318510799964,-11.35510947999984,3076.856321979859],[-72.92001623299973,-11.35403472899992,3076.856321979859],[-72.92388923199991,-11.351292103999924,3076.856321979859],[-72.92637248299985,-11.348252978999824,3076.856321979859],[-72.9257053569998,-11.346214478999912,3076.856321979859],[-72.92298123199993,-11.3436016039999,3076.856321979859],[-72.92146160799996,-11.343416228999843,3076.856321979859],[-72.91845960799981,-11.344046354999932,3076.856321979859],[-72.91588373299993,-11.34530647899993,3076.856321979859],[-72.91310398299964,-11.347456103999889,3076.856321979859],[-72.91184385799971,-11.349624229999847,3076.856321979859],[-72.91056523299989,-11.351347603999898,3076.856321979859],[-72.90900860699969,-11.351903603999972,3076.856321979859],[-72.90452398199989,-11.351699728999904,3076.856321979859],[-72.90137373199974,-11.353256353999825,3076.856321979859],[-72.89907585699996,-11.356110228999967,3076.856321979859],[-72.89701898199985,-11.35792610399983,3076.856321979859],[-72.89405398299994,-11.357963353999821,3076.856321979859],[-72.89170035699988,-11.353348978999747,3076.856321979859],[-72.89275660799979,-11.351532978999956,3076.856321979859],[-72.89496185699983,-11.34838260399988,3076.856321979859],[-72.89485073199995,-11.34506547999996,3076.856321979859],[-72.89401673199995,-11.343953603999978,3076.856321979859],[-72.89275660699997,-11.343305103999967,3076.856321979859],[-72.89186710799981,-11.343101228999899,3076.856321979859],[-72.89036610699998,-11.343175353999982,3076.856321979859],[-72.88908748299997,-11.344101853999803,3076.856321979859],[-72.88853148199996,-11.3455659789999,3076.856321979859],[-72.89034760699968,-11.350939978999918,3076.856321979859],[-72.8899583569999,-11.35275597899971,3076.856321979859],[-72.88723435699984,-11.356499354999926,3076.856321979859],[-72.88501060699997,-11.357611228999815,3076.856321979859],[-72.88258298299968,-11.357296228999758,3076.856321979859],[-72.88119298199985,-11.355646978999914,3076.856321979859],[-72.8814392329997,-11.35288560499987,3076.856321979859],[-72.88010673299993,-11.352433478999956,3076.856321979859],[-72.87653760799986,-11.35476535399988,3076.856321979859],[-72.87584735699994,-11.357668229999831,3076.856321979859],[-72.87746560699964,-11.36085672899975,3076.856321979859],[-72.87784623299996,-11.363022103999867,3076.856321979859],[-72.87751310699974,-11.363688353999919,3076.856321979859],[-72.87622823199985,-11.364782853999884,3076.856321979859],[-72.8740153579999,-11.364877979999847,3076.856321979859],[-72.8724211069997,-11.36311722899984,3076.856321979859],[-72.87106485799984,-11.359191103999876,3076.856321979859],[-72.86975610799982,-11.357049603999883,3076.856321979859],[-72.86699598199988,-11.355693353999925,3076.856321979859],[-72.8630459819999,-11.354860478999854,3076.856321979859],[-72.86035723299966,-11.354931854999904,3076.856321979859],[-72.85916748299991,-11.355431603999932,3076.856321979859],[-72.8565738579997,-11.35776347899997,3076.856321979859],[-72.85488448299964,-11.36166572899998,3076.856321979859],[-72.85414685799998,-11.363902478999876,3076.856321979859],[-72.85355198199989,-11.364901853999868,3076.856321979859],[-72.85205285699965,-11.365282603999844,3076.856321979859],[-72.84791260699984,-11.362451103999774,3076.856321979859],[-72.84510485699968,-11.362569978999943,3076.856321979859],[-72.8444386069998,-11.36328385399986,3076.856321979859],[-72.84403410799973,-11.365805978999902,3076.856321979859],[-72.84555698199989,-11.37142160399992,3076.856321979859],[-72.84491448199992,-11.372968228999923,3076.856321979859],[-72.84284435799998,-11.37294435399997,3076.856321979859],[-72.84134535699985,-11.370945603999814,3076.856321979859],[-72.83877548199985,-11.370422228999928,3076.856321979859],[-72.83534910699984,-11.372349603999965,3076.856321979859],[-72.83396898299969,-11.374300728999856,3076.856321979859],[-72.83408798199986,-11.379654478999896,3076.856321979859],[-72.83618198299985,-11.380606229999955,3076.856321979859],[-72.83751435699986,-11.38041597899985,3076.856321979859],[-72.8399652319996,-11.380082853999909,3076.856321979859],[-72.84167848199996,-11.38043972999975,3076.856321979859],[-72.84258260799999,-11.381986353999821,3076.856321979859],[-72.84351060699976,-11.383080853999786,3076.856321979859],[-72.84362960799984,-11.38350922899997,3076.856321979859],[-72.84381998299978,-11.384936854999978,3076.856321979859],[-72.8435582319998,-11.385555604999922,3076.856321979859],[-72.84246373199983,-11.38684047899983,3076.856321979859],[-72.84086098199964,-11.387448353999844,3076.856321979859],[-72.83700535699984,-11.386966353999753,3076.856321979859],[-72.83444598199964,-11.386151978999976,3076.856321979859],[-72.8308563569999,-11.387996728999838,3076.856321979859],[-72.82889523299991,-11.38806322899984,3076.856321979859],[-72.8274326069996,-11.387847228999817,3076.856321979859],[-72.82625273199994,-11.387996728999838,3076.856321979859],[-72.82361035799971,-11.389326228999892,3076.856321979859],[-72.82088473199997,-11.389226604999806,3076.856321979859],[-72.81982110699971,-11.38751485499995,3076.856321979859],[-72.82002060699989,-11.386833353999862,3076.856321979859],[-72.82111748199986,-11.385387603999959,3076.856321979859],[-72.82196498199983,-11.385104978999948,3076.856321979859],[-72.82299535699963,-11.384423604999881,3076.856321979859],[-72.82375985799973,-11.38189747899986,3076.856321979859],[-72.82156610699985,-11.377925603999927,3076.856321979859],[-72.8189569819998,-11.376180478999856,3076.856321979859],[-72.81706235699971,-11.375266478999833,3076.856321979859],[-72.81556660699977,-11.375116853999884,3076.856321979859],[-72.81453623199997,-11.37564872899992,3076.856321979859],[-72.81410398199972,-11.377426978999893,3076.856321979859],[-72.81425373199994,-11.378124978999892,3076.856321979859],[-72.81432023299976,-11.379454478999946,3076.856321979859],[-72.81332298199976,-11.379903229999968,3076.856321979859],[-72.81207660799993,-11.379005728999857,3076.856321979859],[-72.80707423199993,-11.37642985499997,3076.856321979859],[-72.80496360799964,-11.377028103999919,3076.856321979859],[-72.80434873199965,-11.380069353999943,3076.856321979859],[-72.80414923199976,-11.382961103999833,3076.856321979859],[-72.80358423199982,-11.384224228999813,3076.856321979859],[-72.80107473199985,-11.38586947899995,3076.856321979859],[-72.79924648199983,-11.385055103999889,3076.856321979859],[-72.79876460699984,-11.38435710399989,3076.856321979859],[-72.79819960799989,-11.381598353999891,3076.856321979859],[-72.79617210699973,-11.372723728999858,3076.856321979859],[-72.7962551069997,-11.371227978999912,3076.856321979859],[-72.79878123299989,-11.36855235399986,3076.856321979859],[-72.79974535699989,-11.367737978999969,3076.856321979859],[-72.79814973299995,-11.36494597899997,3076.856321979859],[-72.79263223199968,-11.364314478999859,3076.856321979859],[-72.79106998199956,-11.365062353999917,3076.856321979859],[-72.78964073199978,-11.367654853999852,3076.856321979859],[-72.78942473199976,-11.369466354999815,3076.856321979859],[-72.78995648299997,-11.371909353999968,3076.856321979859],[-72.79246598299977,-11.375083603999883,3076.856321979859],[-72.79522473199995,-11.377942103999885,3076.856321979859],[-72.79680360699984,-11.381531854999878,3076.856321979859],[-72.79653773199988,-11.383592728999872,3076.856321979859],[-72.79497548199976,-11.384556603999954,3076.856321979859],[-72.78819498199971,-11.378906103999952,3076.856321979859],[-72.78470485699995,-11.375964478999947,3076.856321979859],[-72.78254435799971,-11.375266478999833,3076.856321979859],[-72.77568060699997,-11.375748478999924,3076.856321979859],[-72.76943185699969,-11.374136354999848,3076.856321979859],[-72.76451248299998,-11.37215872999991,3076.856321979859],[-72.76334923199983,-11.371610228999828,3076.856321979859],[-72.76105573299986,-11.369067478999852,3076.856321979859],[-72.75834685699982,-11.363749353999822,3076.856321979859],[-72.75741610799992,-11.36275222899991,3076.856321979859],[-72.75208135699984,-11.36049197899996,3076.856321979859],[-72.74957185699986,-11.359012978999885,3076.856321979859],[-72.74388823199962,-11.354027229999929,3076.856321979859],[-72.74127898299992,-11.350337728999818,3076.856321979859],[-72.74001585799994,-11.34889185399993,3076.856321979859],[-72.73847035699987,-11.347545728999933,3076.856321979859],[-72.73597748199967,-11.34997210399996,3076.856321979859],[-72.73414935699975,-11.3519829789999,3076.856321979859],[-72.7329692319999,-11.351999603999843,3076.856321979859],[-72.7291303579998,-11.351368103999903,3076.856321979859],[-72.72713598199971,-11.350088478999908,3076.856321979859],[-72.72590623199966,-11.349639728999819,3076.856321979859],[-72.72424435799991,-11.350055228999906,3076.856321979859],[-72.72206723199963,-11.352548103999936,3076.856321979859],[-72.72171823199989,-11.354891353999733,3076.856321979859],[-72.72288148199976,-11.359036228999855,3076.856321979859],[-72.72180123199973,-11.361462603999883,3076.856321979859],[-72.71767973199997,-11.36211072999987,3076.856321979859],[-72.71631698199974,-11.358903228999964,3076.856321979859],[-72.71626710799978,-11.35682585499984,3076.856321979859],[-72.71704823199985,-11.354166729999918,3076.856321979859],[-72.71851073199997,-11.350992478999899,3076.856321979859],[-72.71718110699965,-11.349097978999737,3076.856321979859],[-72.71508710799986,-11.34798447899982,3076.856321979859],[-72.71159710799992,-11.34768535399985,3076.856321979859],[-72.71079935699964,-11.348183854999775,3076.856321979859],[-72.70785785699962,-11.35092597899984,3076.856321979859],[-72.70747560699988,-11.351540978999822,3076.856321979859],[-72.70732598199976,-11.353535228999704,3076.856321979859],[-72.70810710699982,-11.355213729999946,3076.856321979859],[-72.70937010699987,-11.356476853999823,3076.856321979859],[-72.71149735699993,-11.357440728999904,3076.856321979859],[-72.71445560799992,-11.358620728999938,3076.856321979859],[-72.71472148199962,-11.36016635399983,3076.856321979859],[-72.7134418569998,-11.365268354999728,3076.856321979859],[-72.71279373199991,-11.367096478999827,3076.856321979859],[-72.70988535699996,-11.371749978999844,3076.856321979859],[-72.7097856079996,-11.372115478999888,3076.856321979859],[-72.70995185799995,-11.375289728999974,3076.856321979859],[-72.70908760699967,-11.379926479999938,3076.856321979859],[-72.70734260699999,-11.381339103999835,3076.856321979859],[-72.70494948199968,-11.381156354999803,3076.856321979859],[-72.70071173199989,-11.379826729999934,3076.856321979859],[-72.69861748199997,-11.380408478999925,3076.856321979859],[-72.69752073199982,-11.381904353999971,3076.856321979859],[-72.69580885799985,-11.384945479999885,3076.856321979859],[-72.69441285799962,-11.38619185399989,3076.856321979859],[-72.69233560699979,-11.388252853999973,3076.856321979859],[-72.6926179829997,-11.395132978999925,3076.856321979859],[-72.69152110699963,-11.396163353999725,3076.856321979859],[-72.68861285699961,-11.396828229999869,3076.856321979859],[-72.68432510799994,-11.394036103999952,3076.856321979859],[-72.68309523199997,-11.392939353999964,3076.856321979859],[-72.68224760699991,-11.391493479999895,3076.856321979859],[-72.68085160699968,-11.389648853999859,3076.856321979859],[-72.67729510699985,-11.38778735399984,3076.856321979859],[-72.67496848299999,-11.387222353999903,3076.856321979859],[-72.67295760699989,-11.387538103999816,3076.856321979859],[-72.67204348299992,-11.38868472899992,3076.856321979859],[-72.6705144819997,-11.388734603999865,3076.856321979859],[-72.66946748199985,-11.387604603999819,3076.856321979859],[-72.66860335699994,-11.386491104999777,3076.856321979859],[-72.66637635799998,-11.385759853999957,3076.856321979859],[-72.6639666079999,-11.388285978999875,3076.856321979859],[-72.66381698299995,-11.389449228999752,3076.856321979859],[-72.66448173199962,-11.392822979999835,3076.856321979859],[-72.66346798199976,-11.395315854999865,3076.856321979859],[-72.66019398199995,-11.396479228999851,3076.856321979859],[-72.65790060799964,-11.39689472899994,3076.856321979859],[-72.65715273199993,-11.396612103999928,3076.856321979859],[-72.65494235699992,-11.395880728999884,3076.856321979859],[-72.65313085699978,-11.395847603999812,3076.856321979859],[-72.65203398199998,-11.396296353999901,3076.856321979859],[-72.65072110699998,-11.399736478999955,3076.856321979859],[-72.65226673199987,-11.401016228999708,3076.856321979859],[-72.65263235699985,-11.402096354999912,3076.856321979859],[-72.6506213579998,-11.404489603999878,3076.856321979859],[-72.64957435699995,-11.404589354999871,3076.856321979859],[-72.6491754819998,-11.404722229999834,3076.856321979859],[-72.64821160699972,-11.406716603999826,3076.856321979859],[-72.64836123199984,-11.407431103999897,3076.856321979859],[-72.64832798199967,-11.408295353999904,3076.856321979859],[-72.64729760699987,-11.409043228999963,3076.856321979859],[-72.64620073299989,-11.411469728999919,3076.856321979859],[-72.64601785699966,-11.412084603999972,3076.856321979859],[-72.64497085699963,-11.41313160399983,3076.856321979859],[-72.64362473199981,-11.413297728999908,3076.856321979859],[-72.6427604819998,-11.41253335399989,3076.856321979859],[-72.6412813579999,-11.408793978999938,3076.856321979859],[-72.63902123199995,-11.406001979999871,3076.856321979859],[-72.63421823199991,-11.405054728999914,3076.856321979859],[-72.63292198299996,-11.405686228999855,3076.856321979859],[-72.63137635699997,-11.408411728999852,3076.856321979859],[-72.63154260699969,-11.410937853999883,3076.856321979859],[-72.63285548199997,-11.413679979999927,3076.856321979859],[-72.6308279819998,-11.416239353999856,3076.856321979859],[-72.62767035699966,-11.416538478999826,3076.856321979859],[-72.62547660699988,-11.414394603999881,3076.856321979859],[-72.6246456069996,-11.413447353999857,3076.856321979859],[-72.62349885799983,-11.412815853999916,3076.856321979859],[-72.62231898199991,-11.413048479999702,3076.856321979859],[-72.62047410699995,-11.416039978999947,3076.856321979859],[-72.61716698199996,-11.417784978999919,3076.856321979859],[-72.61739973199985,-11.419330478999825,3076.856321979859],[-72.6228008569999,-11.421906353999873,3076.856321979859],[-72.62403060699995,-11.422820604999742,3076.856321979859],[-72.62429660699985,-11.423418854999966,3076.856321979859],[-72.62444623299962,-11.42461547899984,3076.856321979859],[-72.62432985699985,-11.425612604999912,3076.856321979859],[-72.62404735699965,-11.425978228999895,3076.856321979859],[-72.62205298199984,-11.426775978999899,3076.856321979859],[-72.62070685799983,-11.427075104999972,3076.856321979859],[-72.6172501069999,-11.427955853999833,3076.856321979859],[-72.60998748199967,-11.428238354999849,3076.856321979859],[-72.60819260799985,-11.428770228999895,3076.856321979859],[-72.60737835699962,-11.429734103999976,3076.856321979859],[-72.60963848199992,-11.432692478999968,3076.856321979859],[-72.6100041069999,-11.433772603999898,3076.856321979859],[-72.6108351069999,-11.438292978999982,3076.856321979859],[-72.6076941079998,-11.440104479999945,3076.856321979859],[-72.60634798199999,-11.438957728999924,3076.856321979859],[-72.60576623199972,-11.436730853999961,3076.856321979859],[-72.6032069829999,-11.432609228999922,3076.856321979859],[-72.60312385699967,-11.428919853999844,3076.856321979859],[-72.60440348299994,-11.425612603999923,3076.856321979859],[-72.60450323299995,-11.422089353999922,3076.856321979859],[-72.60204360699964,-11.419014728999969,3076.856321979859],[-72.60114610699964,-11.418433103999917,3076.856321979859],[-72.6003151069998,-11.418532853999977,3076.856321979859],[-72.59860335699983,-11.419313853999938,3076.856321979859],[-72.59692485699986,-11.419878978999975,3076.856321979859],[-72.59566185699981,-11.420560353999974,3076.856321979859],[-72.59519648199995,-11.421906353999873,3076.856321979859],[-72.59473110699963,-11.426160978999917,3076.856321979859],[-72.59396660699997,-11.428587353999944,3076.856321979859],[-72.59213848199988,-11.43053185399998,3076.856321979859],[-72.59104173199972,-11.43209410399993,3076.856321979859],[-72.59125773199975,-11.433307228999922,3076.856321979859],[-72.59237123199995,-11.434171478999758,3076.856321979859],[-72.59398323199974,-11.434786353999925,3076.856321979859],[-72.59562860799991,-11.435085479999884,3076.856321979859],[-72.59660910699995,-11.436082604999967,3076.856321979859],[-72.59684173199992,-11.436697604999893,3076.856321979859],[-72.59692485699986,-11.438093604999835,3076.856321979859],[-72.5966922319999,-11.43933997899984,3076.856321979859],[-72.59411623199992,-11.440835728999957,3076.856321979859],[-72.5924874819998,-11.440486729999861,3076.856321979859],[-72.59180610699991,-11.440037979999943,3076.856321979859],[-72.59102510699995,-11.438658603999954,3076.856321979859],[-72.59069273199998,-11.4345371039999,3076.856321979859],[-72.58911373199999,-11.432974854999884,3076.856321979859],[-72.58475960699997,-11.432310103999953,3076.856321979859],[-72.5808208569996,-11.43079760399985,3076.856321979859],[-72.57861048199976,-11.431894603999751,3076.856321979859],[-72.57935835699982,-11.434969228999876,3076.856321979859],[-72.58244960699989,-11.43702997999975,3076.856321979859],[-72.58234985699971,-11.43904085399987,3076.856321979859],[-72.5808208569996,-11.438907853999979,3076.856321979859],[-72.57945810799981,-11.438542104999897,3076.856321979859],[-72.57879335699988,-11.438575478999837,3076.856321979859],[-72.57754410699982,-11.439032853999834,3076.856321979859],[-72.57607285699976,-11.438850228999911,3076.856321979859],[-72.57389923199986,-11.437263353999981,3076.856321979859],[-72.57302423199985,-11.436734478999824,3076.856321979859],[-72.56993710799986,-11.434724478999954,3076.856321979859],[-72.56743673199992,-11.432608854999785,3076.856321979859],[-72.56648473199994,-11.431599103999815,3076.856321979859],[-72.56482098199967,-11.43201260499984,3076.856321979859],[-72.56315723199987,-11.43353210399988,3076.856321979859],[-72.55877198199994,-11.435378478999894,3076.856321979859],[-72.55715635699994,-11.433262728999978,3076.856321979859],[-72.55588685799978,-11.43230097899982,3076.856321979859],[-72.55366535699983,-11.432079853999824,3076.856321979859],[-72.55204023199957,-11.432983854999918,3076.856321979859],[-72.55166510699979,-11.434022478999964,3076.856321979859],[-72.55168435699989,-11.436090103999788,3076.856321979859],[-72.55163623199962,-11.437811604999865,3076.856321979859],[-72.55168435699989,-11.44037922899986,3076.856321979859],[-72.55227098199992,-11.442446853999968,3076.856321979859],[-72.55078998199969,-11.444985728999882,3076.856321979859],[-72.54969360699965,-11.447139978999871,3076.856321979859],[-72.54653923199987,-11.448072729999865,3076.856321979859],[-72.54597198199974,-11.444072103999872,3076.856321979859],[-72.54681810699986,-11.442619978999971,3076.856321979859],[-72.54823185699968,-11.440792729999885,3076.856321979859],[-72.54861660699999,-11.436532478999709,3076.856321979859],[-72.54703935699996,-11.43419560399991,3076.856321979859],[-72.54650085799972,-11.43341660399983,3076.856321979859],[-72.54526035699985,-11.432772354999827,3076.856321979859],[-72.54442360699989,-11.43274347899984,3076.856321979859],[-72.54225973199982,-11.433368603999952,3076.856321979859],[-72.54123073199986,-11.433743603999972,3076.856321979859],[-72.5392881069996,-11.434205228999815,3076.856321979859],[-72.53771098199968,-11.434609103999833,3076.856321979859],[-72.53631648199985,-11.43480147899993,3076.856321979859],[-72.53642235699982,-11.432695353999748,3076.856321979859],[-72.53709548199964,-11.43105085399975,3076.856321979859],[-72.53689348199998,-11.429089104999889,3076.856321979859],[-72.53580685699978,-11.426261728999975,3076.856321979859],[-72.53506635699989,-11.425396228999887,3076.856321979859],[-72.5342104819996,-11.42497297999995,3076.856321979859],[-72.53302760699995,-11.42491535399978,3076.856321979859],[-72.53136385699997,-11.42739647899981,3076.856321979859],[-72.53156573199988,-11.431425978999812,3076.856321979859],[-72.53266210699991,-11.433580103999873,3076.856321979859],[-72.5350856069997,-11.43508047899985,3076.856321979859],[-72.53522023199992,-11.436330603999977,3076.856321979859],[-72.5329121069999,-11.43945610399976,3076.856321979859],[-72.53181585699997,-11.43920597899995,3076.856321979859],[-72.53151773199983,-11.439004103999935,3076.856321979859],[-72.53095998199967,-11.438032729999861,3076.856321979859],[-72.53051760699975,-11.437648104999823,3076.856321979859],[-72.52952698199977,-11.437811603999762,3076.856321979859],[-72.5276324819996,-11.439119478999885,3076.856321979859],[-72.52466085699984,-11.437571103999858,3076.856321979859],[-72.52534373199995,-11.436176728999953,3076.856321979859],[-72.52622848199996,-11.43421485399989,3076.856321979859],[-72.52367035699996,-11.430839354999932,3076.856321979859],[-72.52217973199981,-11.431156728999895,3076.856321979859],[-72.51938123299982,-11.432656853999958,3076.856321979859],[-72.51713085699987,-11.432349228999897,3076.856321979859],[-72.51631348199965,-11.431493228999955,3076.856321979859],[-72.51589023199989,-11.430031478999979,3076.856321979859],[-72.51686160699961,-11.427175229999818,3076.856321979859],[-72.51886185699965,-11.421953353999925,3076.856321979859],[-72.5187176069997,-11.419712603999812,3076.856321979859],[-72.51805410699978,-11.418019979999826,3076.856321979859],[-72.51746748199992,-11.41749110399985,3076.856321979859],[-72.51437085699968,-11.417067978999853,3076.856321979859],[-72.51340910699986,-11.417885353999964,3076.856321979859],[-72.51253398199992,-11.419895353999834,3076.856321979859],[-72.51230323199985,-11.421395603999883,3076.856321979859],[-72.5126301069999,-11.422443728999838,3076.856321979859],[-72.51299560699994,-11.424011353999958,3076.856321979859],[-72.51184160699984,-11.425030728999843,3076.856321979859],[-72.51136073199984,-11.425088479999715,3076.856321979859],[-72.51011035699986,-11.424251728999934,3076.856321979859],[-72.50742748199974,-11.42110697999982,3076.856321979859],[-72.5070716069996,-11.419231728999819,3076.856321979859],[-72.50875460699996,-11.415173478999861,3076.856321979859],[-72.50829298199994,-11.414375228999972,3076.856321979859],[-72.5093219819999,-11.413451978999888,3076.856321979859],[-72.50978360699992,-11.412942354999814,3076.856321979859],[-72.50982198199989,-11.411509353999918,3076.856321979859],[-72.50943735699968,-11.410759228999837,3076.856321979859],[-72.50736973199986,-11.40927822999987,3076.856321979859],[-72.50662923199968,-11.40873972899982,3076.856321979859],[-72.5065618569999,-11.4084993539999,3076.856321979859],[-72.50687923199968,-11.407672228999957,3076.856321979859],[-72.50419610699998,-11.408624353999755,3076.856321979859],[-72.50284023199998,-11.409307104999868,3076.856321979859],[-72.50213810699961,-11.409364854999922,3076.856321979859],[-72.5012149819998,-11.409018603999868,3076.856321979859],[-72.50107073199985,-11.40854735399978,3076.856321979859],[-72.50076298199997,-11.407075978999899,3076.856321979859],[-72.4984452319996,-11.40430635399997,3076.856321979859],[-72.49760860699956,-11.403200353999864,3076.856321979859],[-72.49961285699993,-11.401845978999972,3076.856321979859],[-72.50034910699992,-11.401229853999894,3076.856321979859],[-72.50357973199988,-11.400763978999976,3076.856321979859],[-72.50362485699998,-11.399592103999737,3076.856321979859],[-72.50308385699998,-11.398840603999929,3076.856321979859],[-72.50147610699992,-11.397262853999848,3076.856321979859],[-72.50049935699991,-11.396736978999854,3076.856321979859],[-72.49988335699993,-11.396135853999851,3076.856321979859],[-72.49797498199968,-11.395835228999943,3076.856321979859],[-72.49768948199977,-11.397608478999928,3076.856321979859],[-72.49705835699996,-11.398840603999929,3076.856321979859],[-72.49477435699998,-11.398299854999948,3076.856321979859],[-72.49429348199999,-11.397563478999928,3076.856321979859],[-72.4934519819999,-11.398810603999834,3076.856321979859],[-72.49501473199962,-11.402011228999982,3076.856321979859],[-72.4938427319999,-11.40346872899977,3076.856321979859],[-72.49339185699972,-11.404069853999943,3076.856321979859],[-72.49306135699982,-11.404009728999768,3076.856321979859],[-72.49285098199982,-11.40300297899978,3076.856321979859],[-72.49220485699965,-11.40035835399982,3076.856321979859],[-72.49088248199985,-11.399546854999812,3076.856321979859],[-72.48904923199996,-11.401034478999975,3076.856321979859],[-72.48859848199987,-11.402762728999903,3076.856321979859],[-72.48819285699989,-11.40292785399987,3076.856321979859],[-72.4876367319996,-11.40270247899997,3076.856321979859],[-72.48784710699988,-11.398870728999839,3076.856321979859],[-72.4854729819998,-11.39843497899983,3076.856321979859],[-72.48221223199994,-11.398119353999846,3076.856321979859],[-72.48246773199958,-11.397458228999938,3076.856321979859],[-72.48365485699992,-11.396797103999859,3076.856321979859],[-72.48625423199996,-11.395009103999882,3076.856321979859],[-72.48751660699998,-11.393340979999891,3076.856321979859],[-72.48717098199961,-11.39299535399988,3076.856321979859],[-72.4862092319998,-11.393205728999703,3076.856321979859],[-72.48527760699972,-11.393025478999903,3076.856321979859],[-72.4857133569999,-11.389824853999926,3076.856321979859],[-72.48455635699992,-11.38973472899994,3076.856321979859],[-72.48303873199984,-11.389298978999932,3076.856321979859],[-72.48209210699986,-11.388532603999863,3076.856321979859],[-72.48111535699968,-11.387555853999856,3076.856321979859],[-72.47953760699988,-11.387826353999856,3076.856321979859],[-72.47698310699991,-11.390170478999835,3076.856321979859],[-72.47621673199973,-11.391778228999897,3076.856321979859],[-72.47566073199982,-11.39215397899983,3076.856321979859],[-72.47433848199967,-11.39234922899982,3076.856321979859],[-72.47139310699987,-11.391312478999907,3076.856321979859],[-72.47103260699987,-11.38793147899986,3076.856321979859],[-72.47034148199998,-11.386068228999875,3076.856321979859],[-72.4693647319998,-11.385256978999905,3076.856321979859],[-72.46652473199993,-11.386308728999893,3076.856321979859],[-72.46662985699993,-11.387615978999861,3076.856321979859],[-72.46650973199985,-11.389569353999832,3076.856321979859],[-72.46574335699967,-11.39027560399984,3076.856321979859],[-72.46485685699986,-11.390606228999843,3076.856321979859],[-72.46400035699969,-11.390095353999925,3076.856321979859],[-72.46381998199996,-11.387570853999875,3076.856321979859],[-72.46119035699962,-11.387841353999875,3076.856321979859],[-72.4610401069998,-11.388412353999854,3076.856321979859],[-72.46182148199989,-11.389434103999918,3076.856321979859],[-72.46162610699997,-11.390095353999925,3076.856321979859],[-72.45986810699992,-11.389674603999936,3076.856321979859],[-72.45821510699983,-11.384505478999813,3076.856321979859],[-72.45546535699987,-11.384430353999903,3076.856321979859],[-72.4543984819997,-11.385316854999871,3076.856321979859],[-72.45397773199988,-11.3855573539999,3076.856321979859],[-72.45285073199972,-11.385512228999971,3076.856321979859],[-72.44786198199995,-11.385031478999906,3076.856321979859],[-72.44735110699969,-11.38402460399982,3076.856321979859],[-72.44739610699986,-11.38355885399983,3076.856321979859],[-72.44765160699995,-11.382086353999853,3076.856321979859],[-72.44795198199967,-11.378780479999875,3076.856321979859],[-72.44889885699968,-11.378104228999973,3076.856321979859],[-72.44987548199992,-11.377908978999699,3076.856321979859],[-72.4513631069999,-11.376826978999702,3076.856321979859],[-72.45074710699993,-11.37533947899982,3076.856321979859],[-72.44974023199984,-11.374873603999902,3076.856321979859],[-72.44894385699985,-11.373626354999828,3076.856321979859],[-72.44986048199985,-11.371958478999943,3076.856321979859],[-72.44989060699993,-11.37170297899985,3076.856321979859],[-72.44954498199985,-11.371116978999964,3076.856321979859],[-72.44922935699975,-11.370801478999965,3076.856321979859],[-72.44859810699984,-11.37089160499977,3076.856321979859],[-72.44822260699976,-11.372063729999866,3076.856321979859],[-72.44733610699996,-11.372875103999945,3076.856321979859],[-72.44517223199989,-11.37293522899995,3076.856321979859],[-72.44448123199965,-11.373806728999739,3076.856321979859],[-72.44338410699982,-11.374197354999922,3076.856321979859],[-72.44257273199992,-11.374347728999737,3076.856321979859],[-72.44117523199975,-11.37499385399991,3076.856321979859],[-72.43832023199997,-11.37301035399986,3076.856321979859],[-72.43548023199963,-11.372454353999842,3076.856321979859],[-72.43438335699983,-11.370080229999871,3076.856321979859],[-72.43462373199992,-11.36913347899997,3076.856321979859],[-72.43672760699991,-11.366954729999918,3076.856321979859],[-72.4364419819999,-11.36633860499984,3076.856321979859],[-72.43403773199992,-11.36651897899992,3076.856321979859],[-72.43223460699994,-11.367315353999913,3076.856321979859],[-72.43184385699976,-11.367405479999718,3076.856321979859],[-72.43112260699996,-11.367345353999895,3076.856321979859],[-72.43047648199996,-11.366999728999815,3076.856321979859],[-72.42974023199997,-11.367255229999898,3076.856321979859],[-72.42568323199976,-11.368607603999976,3076.856321979859],[-72.42488660699985,-11.368126728999812,3076.856321979859],[-72.42485660699975,-11.367705978999822,3076.856321979859],[-72.42518723199993,-11.366533978999826,3076.856321979859],[-72.42578823199983,-11.365542228999914,3076.856321979859],[-72.42583335699993,-11.364535478999926,3076.856321979859],[-72.42632935699993,-11.361740603999976,3076.856321979859],[-72.42619398199992,-11.358915603999833,3076.856321979859],[-72.42445098199994,-11.35597047899995,3076.856321979859],[-72.42359435699967,-11.355173978999858,3076.856321979859],[-72.42179123199998,-11.354648103999864,3076.856321979859],[-72.42078448199999,-11.355113978999952,3076.856321979859],[-72.41902635699972,-11.35661660399984,3076.856321979859],[-72.41851548199992,-11.356841979999842,3076.856321979859],[-72.41788435699965,-11.356841978999853,3076.856321979859],[-72.41633660699966,-11.355444478999857,3076.856321979859],[-72.41241473199989,-11.35155272899982,3076.856321979859],[-72.41070173199972,-11.351762978999886,3076.856321979859],[-72.41010073199965,-11.352003478999904,3076.856321979859],[-72.40885348199993,-11.353265728999872,3076.856321979859],[-72.40838773199994,-11.354407728999774,3076.856321979859],[-72.40496173199989,-11.357473103999837,3076.856321979859],[-72.40338398199981,-11.357112478999852,3076.856321979859],[-72.40264760699972,-11.355384353999852,3076.856321979859],[-72.40440573199999,-11.352935103999698,3076.856321979859],[-72.40413523199999,-11.352033478999886,3076.856321979859],[-72.40119010699993,-11.34757072899987,3076.856321979859],[-72.39962735699976,-11.343363353999905,3076.856321979859],[-72.39932685699995,-11.3431529799999,3076.856321979859],[-72.3982899819996,-11.343408353999905,3076.856321979859],[-72.39887598199977,-11.345331728999952,3076.856321979859],[-72.39908635699976,-11.346819353999763,3076.856321979859],[-72.39869573199968,-11.34794635399993,3076.856321979859],[-72.39705785699988,-11.349388853999926,3076.856321979859],[-72.39548010699963,-11.349959853999906,3076.856321979859],[-72.39468360699982,-11.348532353999929,3076.856321979859],[-72.39412773199973,-11.346488603999944,3076.856321979859],[-72.39519448199962,-11.343949353999903,3076.856321979859],[-72.3956904819999,-11.343092853999906,3076.856321979859],[-72.39538985699971,-11.34277722999991,3076.856321979859],[-72.39285048199974,-11.342086103999918,3076.856321979859],[-72.39104723199995,-11.342747228999826,3076.856321979859],[-72.38886848199996,-11.3435737289999,3076.856321979859],[-72.38844773199997,-11.34376897899989,3076.856321979859],[-72.38811710699997,-11.344460228999878,3076.856321979859],[-72.38892860699997,-11.344895979999876,3076.856321979859],[-72.39001048199987,-11.345406853999975,3076.856321979859],[-72.39037110699968,-11.345812603999775,3076.856321979859],[-72.38885348199989,-11.346729228999948,3076.856321979859],[-72.3880119819998,-11.347255103999942,3076.856321979859],[-72.38709535699991,-11.347660729999745,3076.856321979859],[-72.38683985699998,-11.34752560399994,3076.856321979859],[-72.38625385699982,-11.34688872899983,3076.856321979859],[-72.38635348199989,-11.344632853999883,3076.856321979859],[-72.38587885699997,-11.343398478999973,3076.856321979859],[-72.38436910699966,-11.339699228999962,3076.856321979859],[-72.38310935699997,-11.33875785499987,3076.856321979859],[-72.38239260699999,-11.338081979999913,3076.856321979859],[-72.38128723199992,-11.338009728999964,3076.856321979859],[-72.3803476069998,-11.33923047899998,3076.856321979859],[-72.37962310699999,-11.339015603999883,3076.856321979859],[-72.3794394819999,-11.338408228999981,3076.856321979859],[-72.37980660699981,-11.337986353999895,3076.856321979859],[-72.38222460699996,-11.334845728999824,3076.856321979859],[-72.37883010699966,-11.332638728999825,3076.856321979859],[-72.37702148099976,-11.332414103999895,3076.856321979859],[-72.3761288569998,-11.332722603999855,3076.856321979859],[-72.37493160699995,-11.334609353999895,3076.856321979859],[-72.37449610699997,-11.335347603999878,3076.856321979859],[-72.37375585699965,-11.335982478999824,3076.856321979859],[-72.37308598199974,-11.33584960499985,3076.856321979859],[-72.37328323199989,-11.334441478999963,3076.856321979859],[-72.37319923199988,-11.331251979999934,3076.856321979859],[-72.37249810699996,-11.331373104999841,3076.856321979859],[-72.37189448199956,-11.332478478999974,3076.856321979859],[-72.37184960699994,-11.333896478999975,3076.856321979859],[-72.37155073199972,-11.334228353999833,3076.856321979859],[-72.37020898199972,-11.333429728999818,3076.856321979859],[-72.36873635699965,-11.336054729999944,3076.856321979859],[-72.36825585699995,-11.336068353999906,3076.856321979859],[-72.36714260699995,-11.334568353999884,3076.856321979859],[-72.36461723199972,-11.33455472899982,3076.856321979859],[-72.36350973199984,-11.333956978999936,3076.856321979859],[-72.3619238569998,-11.33399610399988,3076.856321979859],[-72.36071873199984,-11.333652353999867,3076.856321979859],[-72.36012310699994,-11.33305860399986,3076.856321979859],[-72.3588943569996,-11.332623229999967,3076.856321979859],[-72.35855073099987,-11.332458978999966,3076.856321979859],[-72.35807810699993,-11.331650354999852,3076.856321979859],[-72.35803323199985,-11.33043947899995,3076.856321979859],[-72.35720910699996,-11.329626978999954,3076.856321979859],[-72.35427935699994,-11.329925853999896,3076.856321979859],[-72.35215035699991,-11.327947353999889,3076.856321979859],[-72.3500663569996,-11.325578103999874,3076.856321979859],[-72.34998248199986,-11.324050728999794,3076.856321979859],[-72.34994535699991,-11.323617353999907,3076.856321979859],[-72.34886910699976,-11.32253322899993,3076.856321979859],[-72.34671873199983,-11.322820353999873,3076.856321979859],[-72.34518348199998,-11.32371872899995,3076.856321979859],[-72.34486335699961,-11.323751853999852,3076.856321979859],[-72.34394198199993,-11.323399853999945,3076.856321979859],[-72.34384960699975,-11.323400353999716,3076.856321979859],[-72.34333010699976,-11.32368560499998,3076.856321979859],[-72.34337698199982,-11.324433604999854,3076.856321979859],[-72.34314648199984,-11.32504685399988,3076.856321979859],[-72.34216410699992,-11.32360935399987,3076.856321979859],[-72.34126948199997,-11.323404228999948,3076.856321979859],[-72.3397363569996,-11.323841853999852,3076.856321979859],[-72.33881448199998,-11.323517603999846,3076.856321979859],[-72.33721873199983,-11.32023247899997,3076.856321979859],[-72.33684560699987,-11.318665978999945,3076.856321979859],[-72.33702935699989,-11.318162103999839,3076.856321979859],[-72.33875973199997,-11.317671853999855,3076.856321979859],[-72.3378828569999,-11.317021478999948,3076.856321979859],[-72.33642573199995,-11.316628853999703,3076.856321979859],[-72.33572460699975,-11.316613228999927,3076.856321979859],[-72.33443360699988,-11.316548853999848,3076.856321979859],[-72.33428110699987,-11.31599610399985,3076.856321979859],[-72.33367973199967,-11.31598047899979,3076.856321979859],[-72.32892573199996,-11.317330103999836,3076.856321979859],[-72.32824810699958,-11.316753853999842,3076.856321979859],[-72.32731635699986,-11.317540978999943,3076.856321979859],[-72.32329510699975,-11.316763728999945,3076.856321979859],[-72.32332623199966,-11.318281228999922,3076.856321979859],[-72.32403510699987,-11.322253854999815,3076.856321979859],[-72.32324998199994,-11.32292372899991,3076.856321979859],[-72.3239902319998,-11.324683603999858,3076.856321979859],[-72.32279298199995,-11.324708978999922,3076.856321979859],[-72.32254885699973,-11.324581978999959,3076.856321979859],[-72.32166998199995,-11.323226603999728,3076.856321979859],[-72.31777148199996,-11.321439478999935,3076.856321979859],[-72.3167949819998,-11.321212978999938,3076.856321979859],[-72.31578910699972,-11.321873104999838,3076.856321979859],[-72.31500198199996,-11.321775228999911,3076.856321979859],[-72.31440035699984,-11.321371103999866,3076.856321979859],[-72.31382035699971,-11.320417978999956,3076.856321979859],[-72.31712298199994,-11.31984185399989,3076.856321979859],[-72.31722260699985,-11.319328103999851,3076.856321979859],[-72.31536135699986,-11.317720728999916,3076.856321979859],[-72.31499410699985,-11.31652535399985,3076.856321979859],[-72.31450585699986,-11.316080103999866,3076.856321979859],[-72.31476560699986,-11.314716854999972,3076.856321979859],[-72.31478910699985,-11.314373103999856,3076.856321979859],[-72.31377348199993,-11.313460978999956,3076.856321979859],[-72.31329298199995,-11.312779353999872,3076.856321979859],[-72.31272073199995,-11.312710979999906,3076.856321979859],[-72.31184373199994,-11.313064478999934,3076.856321979859],[-72.31147848199993,-11.312021478999782,3076.856321979859],[-72.31201960699985,-11.311466853999832,3076.856321979859],[-72.31131835599973,-11.31008785499995,3076.856321979859],[-72.30999023199962,-11.309296853999854,3076.856321979859],[-72.30886135699984,-11.308636728999943,3076.856321979859],[-72.30832623199979,-11.30753910399983,3076.856321979859],[-72.30770898199978,-11.306999978999897,3076.856321979859],[-72.30567973199993,-11.307333978999907,3076.856321979859],[-72.30506060699986,-11.307925728999919,3076.856321979859],[-72.30451173199992,-11.30917572899989,3076.856321979859],[-72.30271885699955,-11.309818353999844,3076.856321979859],[-72.30110160699985,-11.309289104999834,3076.856321979859],[-72.30081248199991,-11.310894478999899,3076.856321979859],[-72.30110160699985,-11.31196285399983,3076.856321979859],[-72.30006448099994,-11.312189478999926,3076.856321979859],[-72.29882035699984,-11.31285547899995,3076.856321979859],[-72.29632623199961,-11.313464853999847,3076.856321979859],[-72.29619535699999,-11.314745979999884,3076.856321979859],[-72.29483010599955,-11.315437478999911,3076.856321979859],[-72.29438098199978,-11.317123228999947,3076.856321979859],[-72.29172460699982,-11.316349479999872,3076.856321979859],[-72.29103923199978,-11.316632853999863,3076.856321979859],[-72.29077148199991,-11.317171853999866,3076.856321979859],[-72.28940623199975,-11.316933603999871,3076.856321979859],[-72.28932998099992,-11.316624978999926,3076.856321979859],[-72.2898867319999,-11.315945354999826,3076.856321979859],[-72.29034373199988,-11.315794978999918,3076.856321979859],[-72.2903986069997,-11.31538085399984,3076.856321979859],[-72.29031448199976,-11.315206978999925,3076.856321979859],[-72.28895523199992,-11.315150353999854,3076.856321979859],[-72.28758198199989,-11.314306603999853,3076.856321979859],[-72.28636135699998,-11.314050728999916,3076.856321979859],[-72.2864609819996,-11.31500972899994,3076.856321979859],[-72.28671285699966,-11.315589853999711,3076.856321979859],[-72.28658198199957,-11.31711522899991,3076.856321979859],[-72.28617185699966,-11.317382853999845,3076.856321979859],[-72.28489648199974,-11.316748103999885,3076.856321979859],[-72.28402735699996,-11.316730478999943,3076.856321979859],[-72.28340235699966,-11.318242228999964,3076.856321979859],[-72.28407223099993,-11.319720728999926,3076.856321979859],[-72.28285160699983,-11.323206979999895,3076.856321979859],[-72.28104485699964,-11.323398478999934,3076.856321979859],[-72.28038085699995,-11.324115228999801,3076.856321979859],[-72.2801816069998,-11.326046853999856,3076.856321979859],[-72.28200585699966,-11.328474603999894,3076.856321979859],[-72.28279885699982,-11.330117228999939,3076.856321979859],[-72.28295898199974,-11.330470728999956,3076.856321979859],[-72.28189848199975,-11.330931603999886,3076.856321979859],[-72.28163873099993,-11.331109354999853,3076.856321979859],[-72.28157810699997,-11.331316228999924,3076.856321979859],[-72.28169335699965,-11.332392603999892,3076.856321979859],[-72.28073048199974,-11.3335488539999,3076.856321979859],[-72.28059373199989,-11.334271478999938,3076.856321979859],[-72.28093748199973,-11.33477935399975,3076.856321979859],[-72.28231060699983,-11.335578103999865,3076.856321979859],[-72.28264648199973,-11.33627735399989,3076.856321979859],[-72.28153910699996,-11.33637497899997,3076.856321979859],[-72.2804413569998,-11.338515603999895,3076.856321979859],[-72.28044923199974,-11.339248104999854,3076.856321979859],[-72.27407810699964,-11.337843728999815,3076.856321979859],[-72.27132423199987,-11.33984960399988,3076.856321979859],[-72.27098823199987,-11.339828103999878,3076.856321979859],[-72.27074410699993,-11.338841853999895,3076.856321979859],[-72.27026373199988,-11.338150353999879,3076.856321979859],[-72.26746285699994,-11.33731247899982,3076.856321979859],[-72.26682223199987,-11.337306603999878,3076.856321979859],[-72.26611323199984,-11.336964854999849,3076.856321979859],[-72.26482410699992,-11.336095729999954,3076.856321979859],[-72.26241210699993,-11.337220604999857,3076.856321979859],[-72.26127535699993,-11.334310604999871,3076.856321979859],[-72.26033010599997,-11.333984353999881,3076.856321979859],[-72.26004885599997,-11.334072228999958,3076.856321979859],[-72.25947660699978,-11.334644478999962,3076.856321979859],[-72.25913285699994,-11.334740228999976,3076.856321979859],[-72.25875773199982,-11.33389847899997,3076.856321979859],[-72.25778123199984,-11.332597728999815,3076.856321979859],[-72.25740035599995,-11.331734353999877,3076.856321979859],[-72.25717185699978,-11.329880853999896,3076.856321979859],[-72.2564003559998,-11.330206978999968,3076.856321979859],[-72.25505073199969,-11.330068353999877,3076.856321979859],[-72.2531894819997,-11.330078103999881,3076.856321979859],[-72.25208198199982,-11.330566479999959,3076.856321979859],[-72.24873435699976,-11.333488229999944,3076.856321979859],[-72.24868748199998,-11.334328103999894,3076.856321979859],[-72.25001560699991,-11.339056603999893,3076.856321979859],[-72.25017573099984,-11.339915978999954,3076.856321979859],[-72.25012310699992,-11.34109960499984,3076.856321979859],[-72.24698760699965,-11.345580728999948,3076.856321979859],[-72.24434585699993,-11.345967228999882,3076.856321979859],[-72.24253260599983,-11.345202104999885,3076.856321979859],[-72.24004873199965,-11.344750603999842,3076.856321979859],[-72.23925835699998,-11.345060979999857,3076.856321979859],[-72.24065760599984,-11.353565478999826,3076.856321979859],[-72.24208010699954,-11.359257853999907,3076.856321979859],[-72.24256060599987,-11.363923854999882,3076.856321979859],[-72.24394623199998,-11.37041985399992,3076.856321979859],[-72.24466373199994,-11.373296353999876,3076.856321979859],[-72.24562385699988,-11.378096728999878,3076.856321979859],[-72.24670260699997,-11.381652228999883,3076.856321979859],[-72.24789448199982,-11.385005853999814,3076.856321979859],[-72.25118173199985,-11.389232353999944,3076.856321979859],[-72.25731485699998,-11.393504853999787,3076.856321979859],[-72.26193185699998,-11.394331729999976,3076.856321979859],[-72.26668660599984,-11.396467979999898,3076.856321979859],[-72.27082135699965,-11.400189103999935,3076.856321979859],[-72.27510810599995,-11.407376979999754,3076.856321979859],[-72.27758323199993,-11.411127228999817,3076.856321979859],[-72.27975848199998,-11.415327478999814,3076.856321979859],[-72.28050848199985,-11.41915272999995,3076.856321979859],[-72.28245860699991,-11.421627853999837,3076.856321979859],[-72.28583385699994,-11.42252797999987,3076.856321979859],[-72.28740885699978,-11.424253103999888,3076.856321979859],[-72.28803523199991,-11.429204103999894,3076.856321979859],[-72.28887860599997,-11.430891229999816,3076.856321979859],[-72.29200485699982,-11.432578354999748,3076.856321979859],[-72.2926498569999,-11.43808622899985,3076.856321979859],[-72.29299735699988,-11.439624478999747,3076.856321979859],[-72.29289810699993,-11.440170354999793,3076.856321979859],[-72.29314623199986,-11.441956853999727,3076.856321979859],[-72.29255073199988,-11.442899478999834,3076.856321979859],[-72.28987123199977,-11.443693478999819,3076.856321979859],[-72.29011923199977,-11.44463635499983,3076.856321979859],[-72.29135985699975,-11.447315853999953,3076.856321979859],[-72.29210410699977,-11.451980228999957,3076.856321979859],[-72.29116135699985,-11.456247728999926,3076.856321979859],[-72.28846473199957,-11.462926479999794,3076.856321979859],[-72.28745673199984,-11.466647978999958,3076.856321979859],[-72.28830960699997,-11.475099229999955,3076.856321979859],[-72.2890849819999,-11.478122978999863,3076.856321979859],[-72.28962773199987,-11.482852479999849,3076.856321979859],[-72.29055810699975,-11.484325603999878,3076.856321979859],[-72.29303923099997,-11.48533360499988,3076.856321979859],[-72.29497748199975,-11.486961729999848,3076.856321979859],[-72.2956457319998,-11.488354728999923,3076.856321979859],[-72.29571910699974,-11.489269604999947,3076.856321979859],[-72.29689010699991,-11.491062603999978,3076.856321979859],[-72.30054085699982,-11.49276397899996,3076.856321979859],[-72.30390923199963,-11.496387728999935,3076.856321979859],[-72.30397523199986,-11.497840853999833,3076.856321979859],[-72.30159723199984,-11.499624354999867,3076.856321979859],[-72.30054035699987,-11.500549103999901,3076.856321979859],[-72.2982284819999,-11.502927103999752,3076.856321979859],[-72.29908723199998,-11.50543722999987,3076.856321979859],[-72.30377710699997,-11.50979697899993,3076.856321979859],[-72.30470185699994,-11.511448354999857,3076.856321979859],[-72.30542848199974,-11.51488322899985,3076.856321979859],[-72.30503223199992,-11.52565022899995,3076.856321979859],[-72.30357898199975,-11.529679604999842,3076.856321979859],[-72.30377710599998,-11.531529228999943,3076.856321979859],[-72.30813673199992,-11.540644853999936,3076.856321979859],[-72.30899548199983,-11.548571478999861,3076.856321979859],[-72.30985423199974,-11.55293122899991,3076.856321979859],[-72.31163773199995,-11.557555228999945,3076.856321979859],[-72.31223223199976,-11.558876103999808,3076.856321979859],[-72.31302485699962,-11.561518354999862,3076.856321979859],[-72.31262860699997,-11.565415603999895,3076.856321979859],[-72.31183585699983,-11.566472603999955,3076.856321979859],[-72.3084671069999,-11.569709228999898,3076.856321979859],[-72.30774035699972,-11.570369853999921,3076.856321979859],[-72.30598748199981,-11.573691104999853,3076.856321979859],[-72.30601660699983,-11.574590978999879,3076.856321979859],[-72.30743885699991,-11.576593729999843,3076.856321979859],[-72.30915135699985,-11.581266979999896,3076.856321979859],[-72.30851285699987,-11.583472978999964,3076.856321979859],[-72.3081354819999,-11.585882104999826,3076.856321979859],[-72.30789448199977,-11.587537103999978,3076.856321979859],[-72.30987698199993,-11.587710728999866,3076.856321979859],[-72.31153148199996,-11.58805910399991,3076.856321979859],[-72.31222810699995,-11.588320228999862,3076.856321979859],[-72.31515985699997,-11.592529103999937,3076.856321979859],[-72.31545010699983,-11.593777228999897,3076.856321979859],[-72.31608860699998,-11.59650572899983,3076.856321979859],[-72.3182076069998,-11.597318479999899,3076.856321979859],[-72.32119723099999,-11.599756604999925,3076.856321979859],[-72.32247435699998,-11.602020728999946,3076.856321979859],[-72.32436110699985,-11.60294947899996,3076.856321979859],[-72.32549310699972,-11.60344297999984,3076.856321979859],[-72.32731085699993,-11.606334728999911,3076.856321979859],[-72.32789148199993,-11.607531979999862,3076.856321979859],[-72.33006835699973,-11.609164728999872,3076.856321979859],[-72.33543373199984,-11.61169097999965,3076.856321979859],[-72.34078535699979,-11.613414354999861,3076.856321979859],[-72.34318910699955,-11.614366728999869,3076.856321979859],[-72.34545685699987,-11.61667985399987,3076.856321979859],[-72.34885848199986,-11.61872072899996,3076.856321979859],[-72.35094460699997,-11.62180485399989,3076.856321979859],[-72.35262260699955,-11.628653104999955,3076.856321979859],[-72.35375648199994,-11.630875479999872,3076.856321979859],[-72.35562310699993,-11.635025353999879,3076.856321979859],[-72.35643235699973,-11.635138604999838,3076.856321979859],[-72.35915348199973,-11.634639728999844,3076.856321979859],[-72.36269123099987,-11.632462853999868,3076.856321979859],[-72.36582048199989,-11.631963854999867,3076.856321979859],[-72.3678161069999,-11.630966103999924,3076.856321979859],[-72.37099073199994,-11.630784728999913,3076.856321979859],[-72.37226073199986,-11.631736979999744,3076.856321979859],[-72.37452835699997,-11.632508103999953,3076.856321979859],[-72.37540598199985,-11.634444229999929,3076.856321979859],[-72.37428323099977,-11.636364854999954,3076.856321979859],[-72.37422410699986,-11.637398979999887,3076.856321979859],[-72.37440135699995,-11.640383354999813,3076.856321979859],[-72.3753173569998,-11.644165479999856,3076.856321979859],[-72.3781834809999,-11.647179229999892,3076.856321979859],[-72.38106810699992,-11.64928085399987,3076.856321979859],[-72.38841810699984,-11.65027810499987,3076.856321979859],[-72.39019098199998,-11.652087854999877,3076.856321979859],[-72.38967385699982,-11.65423010399985,3076.856321979859],[-72.38743985699989,-11.65928697899983,3076.856321979859],[-72.3895137319999,-11.662893854999936,3076.856321979859],[-72.39239923199989,-11.665689353999937,3076.856321979859],[-72.39402235699998,-11.667492728999946,3076.856321979859],[-72.39708823199982,-11.671189728999934,3076.856321979859],[-72.4000638569999,-11.67209147999995,3076.856321979859],[-72.40529385699983,-11.67479660399988,3076.856321979859],[-72.40610548199993,-11.67623935399996,3076.856321979859],[-72.40646610699974,-11.677501853999956,3076.856321979859],[-72.40808923199984,-11.687601103999896,3076.856321979859],[-72.40944185699993,-11.6916588549999,3076.856321979859],[-72.41277823199994,-11.696528104999913,3076.856321979859],[-72.41692610699977,-11.70022522999983,3076.856321979859],[-72.42423010699997,-11.702389354999923,3076.856321979859],[-72.42819760699973,-11.70518460399984,3076.856321979859],[-72.42873873199989,-11.708971854999845,3076.856321979859],[-72.4281076069999,-11.71375085499983,3076.856321979859],[-72.42702535699988,-11.721325478999802,3076.856321979859],[-72.42540235699988,-11.724842229999979,3076.856321979859],[-72.42459073199996,-11.727096479999886,3076.856321979859],[-72.42497048199994,-11.731619478999846,3076.856321979859],[-72.42506448199981,-11.733169228999884,3076.856321979859],[-72.42412523199982,-11.734577979999926,3076.856321979859],[-72.42243460699973,-11.738945353999895,3076.856321979859],[-72.41745310699986,-11.742779354999868,3076.856321979859],[-72.41379373199976,-11.745191228999943,3076.856321979859],[-72.41313623199972,-11.746036604999972,3076.856321979859],[-72.40289873199998,-11.752235479999854,3076.856321979859],[-72.4003158569999,-11.753033854999842,3076.856321979859],[-72.39745123199992,-11.754818354999884,3076.856321979859],[-72.39252023199987,-11.760078103999945,3076.856321979859],[-72.38993735699995,-11.76139285499994,3076.856321979859],[-72.38688485699998,-11.761486854999816,3076.856321979859],[-72.38524123199988,-11.764022729999738,3076.856321979859],[-72.38566398199987,-11.765807228999961,3076.856321979859],[-72.38545848199982,-11.767444978999833,3076.856321979859],[-72.38275823199996,-11.770614979999948,3076.856321979859],[-72.38212023199992,-11.77241397999984,3076.856321979859],[-72.38227523199987,-11.774118729999941,3076.856321979859],[-72.37840073199993,-11.776443478999909,3076.856321979859],[-72.37669598199983,-11.77745097999997,3076.856321979859],[-72.37394510699977,-11.78163522999995,3076.856321979859],[-72.37076798199979,-11.784967354999878,3076.856321979859],[-72.37047610699989,-11.787419229999898,3076.856321979859],[-72.37386635699983,-11.793715228999815,3076.856321979859],[-72.37973860699987,-11.79922447999985,3076.856321979859],[-72.38754823199997,-11.801827603999925,3076.856321979859],[-72.38815360699988,-11.803098979999959,3076.856321979859],[-72.39003035699983,-11.805217854999853,3076.856321979859],[-72.39178598199987,-11.809516103999954,3076.856321979859],[-72.39154385699982,-11.811332354999877,3076.856321979859],[-72.39015148199991,-11.814540854999962,3076.856321979859],[-72.39118060699997,-11.816296479999835,3076.856321979859],[-72.39287585699998,-11.817567854999936,3076.856321979859],[-72.39190710699995,-11.82216885399987,3076.856321979859],[-72.39148323199987,-11.824893103999955,3076.856321979859],[-72.38978823199977,-11.828343853999911,3076.856321979859],[-72.38724548199997,-11.82888872999996,3076.856321979859],[-72.37653010699978,-11.833973979999826,3076.856321979859],[-72.37174748199993,-11.834942604999924,3076.856321979859],[-72.37065785699974,-11.8350032299997,3076.856321979859],[-72.36884160699992,-11.835669104999909,3076.856321979859],[-72.36672260699993,-11.837303729999974,3076.856321979859],[-72.36520923199976,-11.838514479999787,3076.856321979859],[-72.36526973199989,-11.840633354999966,3076.856321979859],[-72.36442223199992,-11.84238897999984,3076.856321979859],[-72.36097148199997,-11.845476479999945,3076.856321979859],[-72.35970010699992,-11.846505729999933,3076.856321979859],[-72.35600723199991,-11.847655853999868,3076.856321979859],[-72.35291973199998,-11.847776978999946,3076.856321979859],[-72.34825823199975,-11.850985604999948,3076.856321979859],[-72.34071010599996,-11.853955979999967,3076.856321979859],[-72.33655423199991,-11.854968729999825,3076.856321979859],[-72.33327160699992,-11.855178229999922,3076.856321979859],[-72.33183973199993,-11.856086229999732,3076.856321979859],[-72.33271285699988,-11.859264104999966,3076.856321979859],[-72.33428785699971,-11.862519229999805,3076.856321979859],[-72.33483048099976,-11.865774854999813,3076.856321979859],[-72.33742298199985,-11.867101229999946,3076.856321979859],[-72.34025648199986,-11.868005604999894,3076.856321979859],[-72.34194473199989,-11.870899478999888,3076.856321979859],[-72.34170348199973,-11.87620497999984,3076.856321979859],[-72.34212560699984,-11.87927972999995,3076.856321979859],[-72.34348998199994,-11.882536854999898,3076.856321979859],[-72.3462182319999,-11.886288354999976,3076.856321979859],[-72.34751423199992,-11.891267479999726,3076.856321979859],[-72.34683210699961,-11.895087103999856,3076.856321979859],[-72.34478585699986,-11.901225729999908,3076.856321979859],[-72.34512685699974,-11.905249979999894,3076.856321979859],[-72.34744585699985,-11.910979478999934,3076.856321979859],[-72.3471049819999,-11.914321603999781,3076.856321979859],[-72.34614998199993,-11.916981729999975,3076.856321979859],[-72.34178473099979,-11.921005978999972,3076.856321979859],[-72.33919285599984,-11.923256853999874,3076.856321979859],[-72.33833173199992,-11.92620085499982,3076.856321979859],[-72.33792023199987,-11.93040947999998,3076.856321979859],[-72.33682148199983,-11.937336603999881,3076.856321979859],[-72.33738648199994,-11.94285085499979,3076.856321979859],[-72.3384208569999,-11.948977979999881,3076.856321979859],[-72.33784610699996,-11.954244729999914,3076.856321979859],[-72.33934348199995,-11.957015104999812,3076.856321979859],[-72.3408876069999,-11.961629978999895,3076.856321979859],[-72.34048973199975,-11.965767728999879,3076.856321979859],[-72.33746598199986,-11.96807522999984,3076.856321979859],[-72.32911098099993,-11.970303228999967,3076.856321979859],[-72.32139248199962,-11.971019479999825,3076.856321979859],[-72.31781173199983,-11.97237210499992,3076.856321979859],[-72.31653860599982,-11.973008729999833,3076.856321979859],[-72.31184385699987,-11.97444097999994,3076.856321979859],[-72.30141998199991,-11.974918479999928,3076.856321979859],[-72.29171223199995,-11.97475935499989,3076.856321979859],[-72.28622173099978,-11.975316354999734,3076.856321979859],[-72.28455073099991,-11.976430354999877,3076.856321979859],[-72.28236798199987,-11.979475729999876,3076.856321979859],[-72.28274235699985,-11.982320729999799,3076.856321979859],[-72.28229323199992,-11.984641729999908,3076.856321979859],[-72.28146960699979,-11.989732854999886,3076.856321979859],[-72.28244273199994,-11.993326478999961,3076.856321979859],[-72.28154448199996,-11.995797229999937,3076.856321979859],[-72.27611773199982,-11.998418354999899,3076.856321979859],[-72.27292860699993,-11.999776729999951,3076.856321979859],[-72.26952098199979,-12.001421229999949,3076.856321979859],[-72.26678685699989,-12.002378104999877,3076.856321979859],[-72.2654538569999,-12.003540104999843,3076.856321979859],[-72.26367685699995,-12.004736354999977,3076.856321979859],[-72.2613306069997,-12.005194479999943,3076.856321979859],[-72.25946685699995,-12.005509354999901,3076.856321979859],[-72.25903323199987,-12.005925728999955,3076.856321979859],[-72.25930310699982,-12.006302729999902,3076.856321979859],[-72.26371085699992,-12.01045860499994,3076.856321979859],[-72.26543610699986,-12.013077978999945,3076.856321979859],[-72.2670972319998,-12.017162729999882,3076.856321979859],[-72.26918310699972,-12.021167729999888,3076.856321979859],[-72.27089460599984,-12.029954354999916,3076.856321979859],[-72.26969423199984,-12.032472979999852,3076.856321979859],[-72.26912360699987,-12.03347660399993,3076.856321979859],[-72.26914110699971,-12.03635297999989,3076.856321979859],[-72.27004848099983,-12.03957647999988,3076.856321979859],[-72.27151198199977,-12.044387354999856,3076.856321979859],[-72.27248535699994,-12.047381979999841,3076.856321979859],[-72.2710187319999,-12.051872354999944,3076.856321979859],[-72.27010085720667,-12.05329072982056,3076.856321979859],[-72.26893285699998,-12.05437535499982,3076.856321979859],[-72.26626285699996,-12.054709104999915,3076.856321979859],[-72.26197473199989,-12.055486104999886,3076.856321979859],[-72.25853448099991,-12.055803103999835,3076.856321979859],[-72.25568273199985,-12.056798979999883,3076.856321979859],[-72.25142785699978,-12.057070603999819,3076.856321979859],[-72.24785185699994,-12.058066354999767,3076.856321979859],[-72.24441185599989,-12.058745354999814,3076.856321979859],[-72.24260110699998,-12.058156979999978,3076.856321979859],[-72.23979460599986,-12.057251604999863,3076.856321979859],[-72.23553960699996,-12.058971604999897,3076.856321979859],[-72.23291423199998,-12.061099229999797,3076.856321979859],[-72.23042460699986,-12.061778103999927,3076.856321979859],[-72.22816135699992,-12.061144479999825,3076.856321979859],[-72.22612435599996,-12.06055597999989,3076.856321979859],[-72.22372535699998,-12.060284354999965,3076.856321979859],[-72.22042085699985,-12.06023910499988,3076.856321979859],[-72.21888198199997,-12.060691854999845,3076.856321979859],[-72.20933085699983,-12.0608728549999,3076.856321979859],[-72.20584548099993,-12.060058104999825,3076.856321979859],[-72.20258635699992,-12.060827604999815,3076.856321979859],[-72.19896210699972,-12.060340354999823,3076.856321979859],[-72.18982023199987,-12.058854729999894,3076.856321979859],[-72.18609185599985,-12.060595729999704,3076.856321979859],[-72.17994710699992,-12.060558979999882,3076.856321979859],[-72.17373298199965,-12.059810354999911,3076.856321979859],[-72.17223548199973,-12.060184604999904,3076.856321979859],[-72.17006435699977,-12.061382604999892,3076.856321979859],[-72.16467373199998,-12.062430729999846,3076.856321979859],[-72.16070573099984,-12.065275729999883,3076.856321979859],[-72.15988223099993,-12.065650104999861,3076.856321979859],[-72.15538998099993,-12.066548479999938,3076.856321979859],[-72.1531439819999,-12.06684797999992,3076.856321979859],[-72.14850210699979,-12.06879460499988,3076.856321979859],[-72.14528273099978,-12.069692979999957,3076.856321979859],[-72.13891885699957,-12.070366854999747,3076.856321979859],[-72.13719685699982,-12.069917604999887,3076.856321979859],[-72.1333784819999,-12.070816104999892,3076.856321979859],[-72.13151760599976,-12.071316354999908,3076.856321979859],[-72.12506798199973,-12.074409729999957,3076.856321979859],[-72.11975235699992,-12.077703979999853,3076.856321979859],[-72.11638323099987,-12.07882710499996,3076.856321979859],[-72.11174135699986,-12.078901979999955,3076.856321979859],[-72.10807273199998,-12.080024979999962,3076.856321979859],[-72.10163398099996,-12.083244354999977,3076.856321979859],[-72.09639310599994,-12.084517104999861,3076.856321979859],[-72.09392248199998,-12.085864729999969,3076.856321979859],[-72.09377285599976,-12.089907729999823,3076.856321979859],[-72.09444660699972,-12.095373103999862,3076.856321979859],[-72.09583010699998,-12.100761729999931,3076.856321979859],[-72.09579423199995,-12.103234354999813,3076.856321979859],[-72.09459635699977,-12.106004479999797,3076.856321979859],[-72.09467123199994,-12.109373604999917,3076.856321979859],[-72.09414710699991,-12.111544854999977,3076.856321979859],[-72.09377285599976,-12.116486229999907,3076.856321979859],[-72.09384760599983,-12.123149604999753,3076.856321979859],[-72.09309885699986,-12.12502135499983,3076.856321979859],[-72.09309885699986,-12.130262104999929,3076.856321979859],[-72.09264960699954,-12.13228372999987,3076.856321979859],[-72.08905598199993,-12.139096729999835,3076.856321979859],[-72.08778323099978,-12.14388835499983,3076.856321979859],[-72.08935548099993,-12.1474071049999,3076.856321979859],[-72.0909277319999,-12.150177354999869,3076.856321979859],[-72.09257485699993,-12.155118604999814,3076.856321979859],[-72.09504548099972,-12.157514479999975,3076.856321979859],[-72.09863923199998,-12.163878354999838,3076.856321979859],[-72.09923823199989,-12.165001354999845,3076.856321979859],[-72.10043623099989,-12.169418729999961,3076.856321979859],[-72.10021148199985,-12.171664729999975,3076.856321979859],[-72.09601885599989,-12.178852229999961,3076.856321979859],[-72.09612898199993,-12.181150979999813,3076.856321979859],[-72.09323273199993,-12.18759760499995,3076.856321979859],[-72.09271898099996,-12.18904585499996,3076.856321979859],[-72.0922049809999,-12.192362604999857,3076.856321979859],[-72.0922049809999,-12.194417979999912,3076.856321979859],[-72.09252610699963,-12.197016479999888,3076.856321979859],[-72.09451148199986,-12.199760979999951,3076.856321979859],[-72.09713923199985,-12.205249979999905,3076.856321979859],[-72.09959173199991,-12.210388604999821,3076.856321979859],[-72.10134348199972,-12.216227979999871,3076.856321979859],[-72.10122673199993,-12.218505354999934,3076.856321979859],[-72.10040923099996,-12.225979604999907,3076.856321979859],[-72.10116835699989,-12.227381104999893,3076.856321979859],[-72.10315373099985,-12.23070947999986,3076.856321979859],[-72.10437998199978,-12.23473872999989,3076.856321979859],[-72.10508810699986,-12.236936979999882,3076.856321979859],[-72.10561135699999,-12.238792979999971,3076.856321979859],[-72.10341435699974,-12.238907354999924,3076.856321979859],[-72.09947498099984,-12.23754160499982,3076.856321979859],[-72.09638010599974,-12.23800872999982,3076.856321979859],[-72.09252610599981,-12.240052479999918,3076.856321979859],[-72.08908098199987,-12.244607229999929,3076.856321979859],[-72.08715398199985,-12.24618372999987,3076.856321979859],[-72.08353360699988,-12.246125354999947,3076.856321979859],[-72.0785701059998,-12.24425685499989,3076.856321979859],[-72.07687660699975,-12.243497729999945,3076.856321979859],[-72.07366510699995,-12.244490354999925,3076.856321979859],[-72.06981098199992,-12.2489867299999,3076.856321979859],[-72.06654110599999,-12.25143922999996,3076.856321979859],[-72.06362135599983,-12.253424604999907,3076.856321979859],[-72.06023460699981,-12.254884354999831,3076.856321979859],[-72.05643898099964,-12.257278479999854,3076.856321979859],[-72.0540448569999,-12.25669460499995,3076.856321979859],[-72.05071648199993,-12.254534104999891,3076.856321979859],[-72.04516910599995,-12.254125354999815,3076.856321979859],[-72.04394285699982,-12.254592479999928,3076.856321979859],[-72.04008885699989,-12.25815447999986,3076.856321979859],[-72.03384073199993,-12.265044854999871,3076.856321979859],[-72.03273123199972,-12.26778935499982,3076.856321979859],[-72.03290648099971,-12.272752854999794,3076.856321979859],[-72.0302203569999,-12.279759979999938,3076.856321979859],[-72.03040823199996,-12.2833319799999,3076.856321979859],[-72.0289357309997,-12.287234354999953,3076.856321979859],[-72.02619123199992,-12.289278104999937,3076.856321979859],[-72.0218982319999,-12.2922146049998,3076.856321979859],[-72.01805898099985,-12.293854729999964,3076.856321979859],[-72.01578523199993,-12.295904729999961,3076.856321979859],[-72.01339960699988,-12.29806672999996,3076.856321979859],[-72.01172235599984,-12.298364854999932,3076.856321979859],[-72.01067860699999,-12.299632229999816,3076.856321979859],[-72.00874035699985,-12.30026597999995,3076.856321979859],[-72.00478923099996,-12.30127235499998,3076.856321979859],[-72.00076373199977,-12.30272610499992,3076.856321979859],[-71.99763248099987,-12.304291605999765,3076.856321979859],[-71.99558235599989,-12.304850729999941,3076.856321979859],[-71.99375598099994,-12.305372604999945,3076.856321979859],[-71.99250573199987,-12.305810604999863,3076.856321979859],[-71.99006573099996,-12.306565354999975,3076.856321979859],[-71.98529448099998,-12.311634729999923,3076.856321979859],[-71.98294623099974,-12.314653979999889,3076.856321979859],[-71.97884610599988,-12.317673229999855,3076.856321979859],[-71.97642323199977,-12.319164229999956,3076.856321979859],[-71.97414948099976,-12.319648604999884,3076.856321979859],[-71.97303123199987,-12.320543355999916,3076.856321979859],[-71.97019835699996,-12.320729729999812,3076.856321979859],[-71.96818548199985,-12.321102479999922,3076.856321979859],[-71.96464448199998,-12.321624354999926,3076.856321979859],[-71.9625943559999,-12.321773354999834,3076.856321979859],[-71.95882960599988,-12.320095979999849,3076.856321979859],[-71.95745048099991,-12.32069247999982,3076.856321979859],[-71.95651860699991,-12.320953354999915,3076.856321979859],[-71.95226923199994,-12.322854354999834,3076.856321979859],[-71.95096460699972,-12.32408448099983,3076.856321979859],[-71.94924998199997,-12.326917354999921,3076.856321979859],[-71.94831810699986,-12.328482854999947,3076.856321979859],[-71.94567123199988,-12.331190354999876,3076.856321979859],[-71.94570885699989,-12.332583104999912,3076.856321979859],[-71.94645435699994,-12.333999479999875,3076.856321979859],[-71.94921273099999,-12.334409480999966,3076.856321979859],[-71.95368573199971,-12.337316979999912,3076.856321979859],[-71.95540035699992,-12.337615104999884,3076.856321979859],[-71.9590904819998,-12.338025104999872,3076.856321979859],[-71.96188610599984,-12.33817422999988,3076.856321979859],[-71.96322798199992,-12.339926104999961,3076.856321979859],[-71.96453273199978,-12.34428722999985,3076.856321979859],[-71.96483085599994,-12.344920980999973,3076.856321979859],[-71.96572535699988,-12.346449229999848,3076.856321979859],[-71.9671789819999,-12.347641980999867,3076.856321979859],[-71.96775385699993,-12.351025354999933,3076.856321979859],[-71.96867010599982,-12.354537854999876,3076.856321979859],[-71.96967648099985,-12.35658785499993,3076.856321979859],[-71.97045923199988,-12.35979347999995,3076.856321979859],[-71.96807373099995,-12.366092979999905,3076.856321979859],[-71.96493360699992,-12.369738229999882,3076.856321979859],[-71.96419710599992,-12.37026772999991,3076.856321979859],[-71.96296710599984,-12.37146047999994,3076.856321979859],[-71.96292973199985,-12.372280479999915,3076.856321979859],[-71.96315348199988,-12.375076104999948,3076.856321979859],[-71.96471898099992,-12.38223285599986,3076.856321979859],[-71.9671789819999,-12.383872979999865,3076.856321979859],[-71.97068298199991,-12.384506604999956,3076.856321979859],[-71.97116748199994,-12.384991229999912,3076.856321979859],[-71.97127935699996,-12.386482230999832,3076.856321979859],[-71.97183848199995,-12.388942354999813,3076.856321979859],[-71.97496948199984,-12.39203597999989,3076.856321979859],[-71.9762368559999,-12.39416072999984,3076.856321979859],[-71.97601323199996,-12.398782854999922,3076.856321979859],[-71.97754148199994,-12.399453730999824,3076.856321979859],[-71.98175348199982,-12.398186479999765,3076.856321979859],[-71.98914860699983,-12.399142105999886,3076.856321979859],[-71.99252535699998,-12.39897660499986,3076.856321979859],[-71.99494848199993,-12.399910104999833,3076.856321979859],[-71.99767610599991,-12.40144610499982,3076.856321979859],[-72.00116898199991,-12.402365855999903,3076.856321979859],[-72.00335885699991,-12.40171360599993,3076.856321979859],[-72.00550210599988,-12.402086229999952,3076.856321979859],[-72.00755223099986,-12.403251104999867,3076.856321979859],[-72.0090897319999,-12.403670480999835,3076.856321979859],[-72.01067398199996,-12.405720604999829,3076.856321979859],[-72.01183873199989,-12.410100354999827,3076.856321979859],[-72.01500710599993,-12.410799229999839,3076.856321979859],[-72.01561285599996,-12.411637854999867,3076.856321979859],[-72.01747660599989,-12.415178979999837,3076.856321979859],[-72.02316098199992,-12.41541197999993,3076.856321979859],[-72.02800660699984,-12.417881354999963,3076.856321979859],[-72.03033635599996,-12.419931479999946,3076.856321979859],[-72.03373760699992,-12.421049729999936,3076.856321979859],[-72.03881635599976,-12.42300672999994,3076.856321979859],[-72.04422110599984,-12.422214604999851,3076.856321979859],[-72.04752923199982,-12.42300672999994,3076.856321979859],[-72.04867948099997,-12.425792979999812,3076.856321979859],[-72.04876710699983,-12.429733105999958,3076.856321979859],[-72.04989310699983,-12.434442479999973,3076.856321979859],[-72.05204535699983,-12.43486010499987,3076.856321979859],[-72.05541823099992,-12.435020729999849,3076.856321979859],[-72.05702435699976,-12.435887979999848,3076.856321979859],[-72.05952985599987,-12.437494104999871,3076.856321979859],[-72.06094323199983,-12.439228729999854,3076.856321979859],[-72.06164998099996,-12.441766480999945,3076.856321979859],[-72.06168210699985,-12.445235604999937,3076.856321979859],[-72.06091110699992,-12.447387854999931,3076.856321979859],[-72.05985085699996,-12.449323979999974,3076.856321979859],[-72.0594884809999,-12.450697730999877,3076.856321979859],[-72.06062198199999,-12.451467354999863,3076.856321979859],[-72.06389848099974,-12.454904479999868,3076.856321979859],[-72.06476585599984,-12.456671229999927,3076.856321979859],[-72.0648621069999,-12.457313729999896,3076.856321979859],[-72.06418760599996,-12.460750730999962,3076.856321979859],[-72.06376998199977,-12.461971479999818,3076.856321979859],[-72.06438035699983,-12.467432229999815,3076.856321979859],[-72.06495860699988,-12.471158479999929,3076.856321979859],[-72.06533998199973,-12.471811854999828,3076.856321979859],[-72.06730348199983,-12.472828855999865,3076.856321979859],[-72.06801023199978,-12.473920979999889,3076.856321979859],[-72.06797810699987,-12.474434979999955,3076.856321979859],[-72.06772110699984,-12.477422355999863,3076.856321979859],[-72.06801023199978,-12.478128979999894,3076.856321979859],[-72.06951998099981,-12.479670855999927,3076.856321979859],[-72.07048360699997,-12.481437604999826,3076.856321979859],[-72.07093335599978,-12.484135854999977,3076.856321979859],[-72.07086910599998,-12.488857855999868,3076.856321979859],[-72.07327823199984,-12.49287322999993,3076.856321979859],[-72.07687598199988,-12.495989104999978,3076.856321979859],[-72.07862960599994,-12.498295229999826,3076.856321979859],[-72.07894260599971,-12.49860810499996,3076.856321979859],[-72.08106448199987,-12.497815604999857,3076.856321979859],[-72.07896160699971,-12.498627229999954,3076.856321979859],[-72.07752810699992,-12.502784230999907,3076.856321979859],[-72.07625048199992,-12.503665229999967,3076.856321979859],[-72.07541360599987,-12.50776210599986,3076.856321979859],[-72.07395985599993,-12.509964730999911,3076.856321979859],[-72.07113235699995,-12.511484230999883,3076.856321979859],[-72.0720959819999,-12.51429973099988,3076.856321979859],[-72.07538910699998,-12.517604730999949,3076.856321979859],[-72.08037910699994,-12.518388855999888,3076.856321979859],[-72.08401460699992,-12.515038480999976,3076.856321979859],[-72.08864823199997,-12.51510972999995,3076.856321979859],[-72.09150973199985,-12.517259230999969,3076.856321979859],[-72.09245948199998,-12.51998972999985,3076.856321979859],[-72.0981186059999,-12.526954729999886,3076.856321979859],[-72.1019176069999,-12.52881485499995,3076.856321979859],[-72.10746948199989,-12.53286848099998,3076.856321979859],[-72.11116998199992,-12.540078104999907,3076.856321979859],[-72.11835960699989,-12.545421105999935,3076.856321979859],[-72.12451123199997,-12.548496979999982,3076.856321979859],[-72.12185110699994,-12.555978730999982,3076.856321979859],[-72.12160173099994,-12.56080035499997,3076.856321979859],[-72.12035473199995,-12.568780729999958,3076.856321979859],[-72.12135235699998,-12.578756479999981,3076.856321979859],[-72.12451123199997,-12.582497354999873,3076.856321979859],[-72.12642323199998,-12.588399604999836,3076.856321979859],[-72.12916660599996,-12.591226105999908,3076.856321979859],[-72.1294991069999,-12.593803105999882,3076.856321979859],[-72.13182673099993,-12.599788479999972,3076.856321979859],[-72.13481948199995,-12.610179855999831,3076.856321979859],[-72.13681698099992,-12.613156104999973,3076.856321979859],[-72.13537723199994,-12.616971355999965,3076.856321979859],[-72.13732085599997,-12.621002604999944,3076.856321979859],[-72.14178398199994,-12.626401730999817,3076.856321979859],[-72.14545535699995,-12.628993104999893,3076.856321979859],[-72.15164610699998,-12.63439210499996,3076.856321979859],[-72.15718910699997,-12.637631479999925,3076.856321979859],[-72.16042848099994,-12.640294980999954,3076.856321979859],[-72.16612498199999,-12.641361354999901,3076.856321979859],[-72.17496973199997,-12.646485729999881,3076.856321979859],[-72.17914660699995,-12.647732479999831,3076.856321979859],[-72.1806566059999,-12.649509104999936,3076.856321979859],[-72.18180835699991,-12.653396480999959,3076.856321979859],[-72.18576760699995,-12.65713972999987,3076.856321979859],[-72.19260635599994,-12.6585794799999,3076.856321979859],[-72.19580860699995,-12.657058604999918,3076.856321979859],[-72.20318835599994,-12.656131855999888,3076.856321979859],[-72.20606773199995,-12.659443229999965,3076.856321979859],[-72.21434610699993,-12.663042604999873,3076.856321979859],[-72.22111285699992,-12.664770229999931,3076.856321979859],[-72.22658373099995,-12.66484210499982,3076.856321979859],[-72.23017385599991,-12.663390604999961,3076.856321979859],[-72.23730960699999,-12.659443229999965,3076.856321979859],[-72.24119135699988,-12.658960979999847,3076.856321979859],[-72.25648435699992,-12.658107480999945,3076.856321979859],[-72.26444860699996,-12.65577197999994,3076.856321979859],[-72.26817573199997,-12.653431604999923,3076.856321979859],[-72.27189448199982,-12.654328104999934,3076.856321979859],[-72.27470698199983,-12.65375972999982,3076.856321979859],[-72.27844535699995,-12.655406230999972,3076.856321979859],[-72.2839599809999,-12.655662604999975,3076.856321979859],[-72.28900498199988,-12.654424229999904,3076.856321979859],[-72.29478385699991,-12.65382798099995,3076.856321979859],[-72.30216810699983,-12.651901729999906,3076.856321979859],[-72.30808460699996,-12.651443104999885,3076.856321979859],[-72.31641673199988,-12.648935104999964,3076.856321979859],[-72.32417260599988,-12.644115979999981,3076.856321979859],[-72.32906710699996,-12.639748604999966,3076.856321979859],[-72.33381085699995,-12.636284729999886,3076.856321979859],[-72.33586135699989,-12.63290435599987,3076.856321979859],[-72.34058773199996,-12.635531729999911,3076.856321979859],[-72.34751535599986,-12.63395047999984,3076.856321979859],[-72.35135548199997,-12.632143355999972,3076.856321979859],[-72.35783135699995,-12.632444480999936,3076.856321979859],[-72.3657656069999,-12.631040979999966,3076.856321979859],[-72.36754498199997,-12.632820979999906,3076.856321979859],[-72.36993360699995,-12.639261730999976,3076.856321979859],[-72.36441773199994,-12.645583104999957,3076.856321979859],[-72.35560223199997,-12.65104772999996,3076.856321979859],[-72.35275248199991,-12.654570855999964,3076.856321979859],[-72.34744448099985,-12.656997855999975,3076.856321979859],[-72.34395273199993,-12.656606354999894,3076.856321979859],[-72.33997548199994,-12.657248355999968,3076.856321979859],[-72.33660898199992,-12.65867322999992,3076.856321979859],[-72.33349298199994,-12.661836229999892,3076.856321979859],[-72.32885835699989,-12.665218354999865,3076.856321979859],[-72.32208823199994,-12.668758979999893,3076.856321979859],[-72.32397548199992,-12.67185185499983,3076.856321979859],[-72.32972948199995,-12.674969729999873,3076.856321979859],[-72.33227060699988,-12.676937105999855,3076.856321979859],[-72.33522148199995,-12.677838730999952,3076.856321979859],[-72.33776260699989,-12.679724104999877,3076.856321979859],[-72.34153335699989,-12.684560479999902,3076.856321979859],[-72.34817298199982,-12.686035980999975,3076.856321979859],[-72.35295698199997,-12.686638729999913,3076.856321979859],[-72.35145185699997,-12.694478854999886,3076.856321979859],[-72.35505860599994,-12.698987479999971,3076.856321979859],[-72.35907523199995,-12.706528854999931,3076.856321979859],[-72.36288673199982,-12.718562480999935,3076.856321979859],[-72.36243610699984,-12.726365854999813,3076.856321979859],[-72.36358373199994,-12.732595730999947,3076.856321979859],[-72.36251810699997,-12.738907604999952,3076.856321979859],[-72.36358373199994,-12.74521935599995,3076.856321979859],[-72.36276385699995,-12.748252354999977,3076.856321979859],[-72.36259885599998,-12.75554135599998,3076.856321979859],[-72.36516860699999,-12.761537604999887,3076.856321979859],[-72.36624998199983,-12.767539104999969,3076.856321979859],[-72.36391223199985,-12.774558104999869,3076.856321979859],[-72.36516860699999,-12.778783980999947,3076.856321979859],[-72.3643691069999,-12.781582230999902,3076.856321979859],[-72.35974348199989,-12.783295354999893,3076.856321979859],[-72.35780185699991,-12.786493355999937,3076.856321979859],[-72.3552319819999,-12.788777729999936,3076.856321979859],[-72.35551748199998,-12.792889354999943,3076.856321979859],[-72.35803023199998,-12.795744729999967,3076.856321979859],[-72.35865835699997,-12.799570980999874,3076.856321979859],[-72.36117110699996,-12.804710605999958,3076.856321979859],[-72.36139960699995,-12.81184897999998,3076.856321979859],[-72.36060010699998,-12.81944423099992,3076.856321979859],[-72.36225623199988,-12.824412604999964,3076.856321979859],[-72.35980673199998,-12.831474730999958,3076.856321979859],[-72.35842235699994,-12.832858980999902,3076.856321979859],[-72.35636498199995,-12.837276479999957,3076.856321979859],[-72.35511523199995,-12.838435605999905,3076.856321979859],[-72.35547910699995,-12.84366723099987,3076.856321979859],[-72.35440348199984,-12.846577855999953,3076.856321979859],[-72.35022735699988,-12.84860260499994,3076.856321979859],[-72.34851898199992,-12.85024773099991,3076.856321979859],[-72.34497560699992,-12.85727122999998,3076.856321979859],[-72.33876460699986,-12.859326605999968,3076.856321979859],[-72.33693710699998,-12.86226648099995,3076.856321979859],[-72.33344110699994,-12.865841854999928,3076.856321979859],[-72.33653985699988,-12.871641980999925,3076.856321979859],[-72.33824185699996,-12.878073105999931,3076.856321979859],[-72.33537173199989,-12.881628105999937,3076.856321979859],[-72.33367573199996,-12.889194730999975,3076.856321979859],[-72.33132748199995,-12.89017322999996,3076.856321979859],[-72.32799123199993,-12.894635229999949,3076.856321979859],[-72.32742010699991,-12.898004604999926,3076.856321979859],[-72.32536423199991,-12.900574355999822,3076.856321979859],[-72.32233773099995,-12.90280148099987,3076.856321979859],[-72.32216623199997,-12.907427230999815,3076.856321979859],[-72.31976760699996,-12.910796479999874,3076.856321979859],[-72.32016748199999,-12.914793980999946,3076.856321979859],[-72.31519910699996,-12.916564229999949,3076.856321979859],[-72.31325760599998,-12.918106229999921,3076.856321979859],[-72.31194410699999,-12.92364560599998,3076.856321979859],[-72.30977398199997,-12.924959105999903,3076.856321979859],[-72.30537685699994,-12.925758604999885,3076.856321979859],[-72.29995160699991,-12.92878523099995,3076.856321979859],[-72.29583985699998,-12.93369648099997,3076.856321979859],[-72.29178548199997,-12.93335385499995,3076.856321979859],[-72.28864448199988,-12.93009873099993,3076.856321979859],[-72.28653148199993,-12.929870229999949,3076.856321979859],[-72.2852751069999,-12.933011230999853,3076.856321979859],[-72.2804209819999,-12.938550605999978,3076.856321979859],[-72.2786507319999,-12.938893230999895,3076.856321979859],[-72.2749387319999,-12.936037854999881,3076.856321979859],[-72.26979085699992,-12.937336605999974,3076.856321979859],[-72.26794273199988,-12.942184230999942,3076.856321979859],[-72.26433735699999,-12.941487355999925,3076.856321979859],[-72.25906560699997,-12.941729729999906,3076.856321979859],[-72.25367260699988,-12.944183855999938,3076.856321979859],[-72.25091548199987,-12.94718335499988,3076.856321979859],[-72.24415923199996,-12.950061605999906,3076.856321979859],[-72.2400387319999,-12.949061730999972,3076.856321979859],[-72.23809973199997,-12.949485855999967,3076.856321979859],[-72.2337064809999,-12.953788105999934,3076.856321979859],[-72.22982848199996,-12.952394480999942,3076.856321979859],[-72.22619273099997,-12.953121605999968,3076.856321979859],[-72.2241022319999,-12.956484729999943,3076.856321979859],[-72.22147260699995,-12.95659960599994,3076.856321979859],[-72.22128460699992,-12.958696354999972,3076.856321979859],[-72.22282973199998,-12.96227148099996,3076.856321979859],[-72.21798210699995,-12.965816229999973,3076.856321979859],[-72.21712123199995,-12.96733985599991,3076.856321979859],[-72.21907285599997,-12.972693855999978,3076.856321979859],[-72.21477060699988,-12.982176980999895,3076.856321979859],[-72.21483123099995,-12.987994104999814,3076.856321979859],[-72.21589160699995,-12.991326730999958,3076.856321979859],[-72.21371035699991,-12.995628980999925,3076.856321979859],[-72.21146810599993,-12.997477230999834,3076.856321979859],[-72.20627035699994,-12.998782854999945,3076.856321979859],[-72.20290098199996,-13.002380605999974,3076.856321979859],[-72.19964598199994,-13.004093855999827,3076.856321979859],[-72.19030860699996,-13.006369104999976,3076.856321979859],[-72.18536923099992,-13.005921230999945,3076.856321979859],[-72.18228535699996,-13.006720730999916,3076.856321979859],[-72.17994398199994,-13.01151773099997,3076.856321979859],[-72.18062923199994,-13.016885730999945,3076.856321979859],[-72.17708860599993,-13.01939847999995,3076.856321979859],[-72.17000735599999,-13.023224605999872,3076.856321979859],[-72.16915160699995,-13.026307355999961,3076.856321979859],[-72.17047260699991,-13.033655480999812,3076.856321979859],[-72.17303198099995,-13.042984854999872,3076.856321979859],[-72.17592160599992,-13.050085105999926,3076.856321979859],[-72.17682985699992,-13.055121355999972,3076.856321979859],[-72.17914148199998,-13.059249355999953,3076.856321979859],[-72.18436135699994,-13.062382855999942,3076.856321979859],[-72.1826091069999,-13.06453335599997,3076.856321979859],[-72.18037998199986,-13.071468480999954,3076.856321979859],[-72.18335210599992,-13.076174480999953,3076.856321979859],[-72.18582898199998,-13.086577105999936,3076.856321979859],[-72.19119548099997,-13.094502979999959,3076.856321979859],[-72.19063460699994,-13.096150355999953,3076.856321979859],[-72.19586835699982,-13.100698355999953,3076.856321979859],[-72.19583235699997,-13.103658105999955,3076.856321979859],[-72.19781748099996,-13.105607230999908,3076.856321979859],[-72.20048848199991,-13.103766354999948,3076.856321979859],[-72.20662448199994,-13.102358730999981,3076.856321979859],[-72.20879035699988,-13.099543355999913,3076.856321979859],[-72.21669510699996,-13.100192980999964,3076.856321979859],[-72.22156785699991,-13.099398980999979,3076.856321979859],[-72.22416685699994,-13.101781230999904,3076.856321979859],[-72.22488860699997,-13.104740980999907,3076.856321979859],[-72.22745898199992,-13.10715623099992,3076.856321979859],[-72.2248524819999,-13.115388855999868,3076.856321979859],[-72.2270542309999,-13.119431480999936,3076.856321979859],[-72.22730698199996,-13.121705480999879,3076.856321979859],[-72.2316744819999,-13.126289480999844,3076.856321979859],[-72.23059160699995,-13.129610229999969,3076.856321979859],[-72.2274513569999,-13.132606105999969,3076.856321979859],[-72.22954485699984,-13.136756980999962,3076.856321979859],[-72.22912010699997,-13.139899355999887,3076.856321979859],[-72.23010810699998,-13.14292910599994,3076.856321979859],[-72.23946298199996,-13.140859604999946,3076.856321979859],[-72.24200398099998,-13.140928855999903,3076.856321979859],[-72.2461852319999,-13.138757355999928,3076.856321979859],[-72.25191410699989,-13.132081355999958,3076.856321979859],[-72.25292598199997,-13.129134355999952,3076.856321979859],[-72.25227785699997,-13.124361730999965,3076.856321979859],[-72.25573498199992,-13.122906230999945,3076.856321979859],[-72.25876748199994,-13.12320948099989,3076.856321979859],[-72.26798648199986,-13.119145855999932,3076.856321979859],[-72.27138298199986,-13.121784230999936,3076.856321979859],[-72.27641410699994,-13.12281060599986,3076.856321979859],[-72.27754848199999,-13.12092998099996,3076.856321979859],[-72.27754848199999,-13.116367730999968,3076.856321979859],[-72.27921560699991,-13.113450480999973,3076.856321979859],[-72.28129935699985,-13.107703730999845,3076.856321979859],[-72.28810548199988,-13.105332605999934,3076.856321979859],[-72.29468573199995,-13.10868423099987,3076.856321979859],[-72.2950016069999,-13.110719730999904,3076.856321979859],[-72.2987567319999,-13.11686110599993,3076.856321979859],[-72.30119585699993,-13.117492980999884,3076.856321979859],[-72.30555660699997,-13.117152354999916,3076.856321979859],[-72.30609835699994,-13.12201498099995,3076.856321979859],[-72.30528660699991,-13.130233855999961,3076.856321979859],[-72.30200985699997,-13.132396980999886,3076.856321979859],[-72.30070985699996,-13.135726355999964,3076.856321979859],[-72.30299285699994,-13.139023980999923,3076.856321979859],[-72.30346848199997,-13.14238510599995,3076.856321979859],[-72.31113985699989,-13.146486355999912,3076.856321979859],[-72.31337010699997,-13.14950173099993,3076.856321979859],[-72.31891960699994,-13.154579480999928,3076.856321979859],[-72.31897685699988,-13.156702105999898,3076.856321979859],[-72.32138635699994,-13.16146373099997,3076.856321979859],[-72.32798373199995,-13.16433210599996,3076.856321979859],[-72.33271660699995,-13.162266855999974,3076.856321979859],[-72.3359292319999,-13.158738730999914,3076.856321979859],[-72.34300348199992,-13.157193355999937,3076.856321979859],[-72.34856098199987,-13.15769535599992,3076.856321979859],[-72.35580710699998,-13.160859355999946,3076.856321979859],[-72.36432373199995,-13.161584855999934,3076.856321979859],[-72.36679560699986,-13.160671355999966,3076.856321979859],[-72.36969698199994,-13.162766855999962,3076.856321979859],[-72.37025198199984,-13.164363230999982,3076.856321979859],[-72.37612148199992,-13.166242730999954,3076.856321979859],[-72.38283810699994,-13.17003760599988,3076.856321979859],[-72.38549110699995,-13.170272730999898,3076.856321979859],[-72.38955473099992,-13.174134730999981,3076.856321979859],[-72.39731235699998,-13.173664605999875,3076.856321979859],[-72.4006152319999,-13.172701230999905,3076.856321979859],[-72.41061985699997,-13.168543230999887,3076.856321979859],[-72.41448623199989,-13.16134023099994,3076.856321979859],[-72.41646348199998,-13.159539479999921,3076.856321979859],[-72.4172497319999,-13.157161105999933,3076.856321979859],[-72.42147023199988,-13.155423355999972,3076.856321979859],[-72.42624235699992,-13.155119855999885,3076.856321979859],[-72.4339386069999,-13.151754480999955,3076.856321979859],[-72.4363936069999,-13.151616605999948,3076.856321979859],[-72.43860048199997,-13.14629273099996,3076.856321979859],[-72.44188310699997,-13.142872105999913,3076.856321979859],[-72.44537648199992,-13.14196573099997,3076.856321979859],[-72.44616860699995,-13.135188605999929,3076.856321979859],[-72.44825160699997,-13.132342855999923,3076.856321979859],[-72.4477528569999,-13.12926235599997,3076.856321979859],[-72.44877960699995,-13.127912980999952,3076.856321979859],[-72.45276960699994,-13.127795480999907,3076.856321979859],[-72.45687685699988,-13.126064605999886,3076.856321979859],[-72.45995735699995,-13.121898604999899,3076.856321979859],[-72.46309523199994,-13.12393035599996,3076.856321979859],[-72.46907273199992,-13.12372023099988,3076.856321979859],[-72.47507198199997,-13.118975605999879,3076.856321979859],[-72.47811085699988,-13.114329230999942,3076.856321979859],[-72.48048310699988,-13.111741355999982,3076.856321979859],[-72.47832648199994,-13.109133730999929,3076.856321979859],[-72.48201410699988,-13.104443730999947,3076.856321979859],[-72.48581273199994,-13.101809229999901,3076.856321979859],[-72.4902852319999,-13.099726230999977,3076.856321979859],[-72.49567660699995,-13.098347730999933,3076.856321979859],[-72.50207910699999,-13.098225104999926,3076.856321979859],[-72.5113303569999,-13.094150979999881,3076.856321979859],[-72.51672185699988,-13.093078730999821,3076.856321979859],[-72.52196010699987,-13.093139980999979,3076.856321979859],[-72.52722910699998,-13.087258355999893,3076.856321979859],[-72.53216110699998,-13.085971855999958,3076.856321979859],[-72.54205573199994,-13.082345979999957,3076.856321979859],[-72.54581498199991,-13.084839730999875,3076.856321979859],[-72.55104723199992,-13.093860354999833,3076.856321979859],[-72.55279435699998,-13.095069980999824,3076.856321979859],[-72.55958148199994,-13.095405980999885,3076.856321979859],[-72.56374023199999,-13.092486479999934,3076.856321979859],[-72.57016210699993,-13.092914230999952,3076.856321979859],[-72.57892573199985,-13.096642605999932,3076.856321979859],[-72.58015435699997,-13.097654355999964,3076.856321979859],[-72.58640235699994,-13.0992499809999,3076.856321979859],[-72.5898887319999,-13.102249980999886,3076.856321979859],[-72.59251948199989,-13.105992230999902,3076.856321979859],[-72.59694535699998,-13.107902355999954,3076.856321979859],[-72.60072160699997,-13.106737105999969,3076.856321979859],[-72.59578435699996,-13.117286605999936,3076.856321979859],[-72.59584810699988,-13.119027855999946,3076.856321979859],[-72.59389723199985,-13.121261355999934,3076.856321979859],[-72.5897856069999,-13.12754272999996,3076.856321979859],[-72.59002923199989,-13.130925730999934,3076.856321979859],[-72.58854498299985,-13.136449230999972,3076.856321979859],[-72.58431048199998,-13.138539105999882,3076.856321979859],[-72.57999810699994,-13.145298855999897,3076.856321979859],[-72.5792089819999,-13.14964260599993,3076.856321979859],[-72.58152535699998,-13.15312885599991,3076.856321979859],[-72.58122460699997,-13.157724605999931,3076.856321979859],[-72.5797617319999,-13.160826230999874,3076.856321979859],[-72.58048048199998,-13.168695355999944,3076.856321979859],[-72.57942385699994,-13.172562480999886,3076.856321979859],[-72.57582035699994,-13.174769480999885,3076.856321979859],[-72.56742573199983,-13.174232480999876,3076.856321979859],[-72.56656060699993,-13.175273480999863,3076.856321979859],[-72.56797260699994,-13.179806605999943,3076.856321979859],[-72.57141210699996,-13.187406229999908,3076.856321979859],[-72.57167773199984,-13.190294980999909,3076.856321979859],[-72.57072260699994,-13.193392605999975,3076.856321979859],[-72.56720698199996,-13.199644480999893,3076.856321979859],[-72.56395123199997,-13.203771480999933,3076.856321979859],[-72.56436910699995,-13.212277355999959,3076.856321979859],[-72.56041998199998,-13.215361355999846,3076.856321979859],[-72.55518560699994,-13.216089855999883,3076.856321979859],[-72.55171685699992,-13.218871105999881,3076.856321979859],[-72.55286523199999,-13.224167980999937,3076.856321979859],[-72.5541426069999,-13.226453105999894,3076.856321979859],[-72.5544238569999,-13.230080105999889,3076.856321979859],[-72.5529628569999,-13.233982480999941,3076.856321979859],[-72.55370310699993,-13.239179730999979,3076.856321979859],[-72.5516093569999,-13.253968730999816,3076.856321979859],[-72.55157223199996,-13.261294980999878,3076.856321979859],[-72.55472673199989,-13.268894355999919,3076.856321979859],[-72.55558398199997,-13.27239060599993,3076.856321979859],[-72.55511523199982,-13.279019480999978,3076.856321979859],[-72.55237698199994,-13.28664848099993,3076.856321979859],[-72.55052148199997,-13.288320480999914,3076.856321979859],[-72.54763060699997,-13.29635785599993,3076.856321979859],[-72.54518910699983,-13.30135285599988,3076.856321979859],[-72.5443378569999,-13.304645605999838,3076.856321979859],[-72.54607798199999,-13.314775855999926,3076.856321979859],[-72.54550423199998,-13.322412105999888,3076.856321979859],[-72.54612523199984,-13.32514510599998,3076.856321979859],[-72.54668160699993,-13.332609355999864,3076.856321979859],[-72.55222798199992,-13.333583355999963,3076.856321979859],[-72.55852473199991,-13.336590230999889,3076.856321979859],[-72.5618147319999,-13.342038105999904,3076.856321979859],[-72.56340660699993,-13.347238355999934,3076.856321979859],[-72.56510460699997,-13.350315980999937,3076.856321979859],[-72.57171985699995,-13.353535105999924,3076.856321979859],[-72.57663710699984,-13.358098605999942,3076.856321979859],[-72.57866073199995,-13.361580355999934,3076.856321979859],[-72.58366773199998,-13.362304355999868,3076.856321979859],[-72.58713160699995,-13.361105230999954,3076.856321979859],[-72.59378510699997,-13.360623105999935,3076.856321979859],[-72.59550335699987,-13.363636731999975,3076.856321979859],[-72.60001123199999,-13.365302105999945,3076.856321979859],[-72.60431910699998,-13.369232605999969,3076.856321979859],[-72.61224660699992,-13.378869855999937,3076.856321979859],[-72.61437835699991,-13.383621980999862,3076.856321979859],[-72.61639910799994,-13.382089730999894,3076.856321979859],[-72.62497048199992,-13.378825480999922,3179.822550628676],[-72.62972260699985,-13.374650730999917,3179.822550628676],[-72.63369748199995,-13.3786256059999,3179.822550628676],[-72.6380942319999,-13.380291105999959,3179.822550628676],[-72.63942935699998,-13.383680230999971,3179.822550628676],[-72.64320423199996,-13.387621730999967,3179.822550628676],[-72.64786748199998,-13.391008105999902,3179.822550628676],[-72.65253073199989,-13.39658748099987,3179.822550628676],[-72.66246785699997,-13.400251355999899,3179.822550628676],[-72.66710335699992,-13.403193605999888,3179.822550628676],[-72.67542373199984,-13.402569980999886,3179.822550628676],[-72.67972748199998,-13.403600105999942,3179.822550628676],[-72.68533610699996,-13.406667730999914,3179.822550628676],[-72.69016648199994,-13.41259685599988,3179.822550628676],[-72.69357748199997,-13.419375730999889,3179.822550628676],[-72.69492960699995,-13.421003231999975,3179.822550628676],[-72.70023873299994,-13.418830230999959,3179.822550628676],[-72.7047489819999,-13.41781635599989,3179.822550628676],[-72.71102510699995,-13.415297480999868,3179.822550628676],[-72.71513860699997,-13.409932105999928,3179.822550628676],[-72.71957410699997,-13.405711230999941,3179.822550628676],[-72.72208198199996,-13.40472073099994,3179.822550628676],[-72.72534960699988,-13.406667980999941,3179.822550628676],[-72.72701373199999,-13.409265605999963,3179.822550628676],[-72.73001173199998,-13.412039105999895,3179.822550628676],[-72.73537698199993,-13.415058605999889,3179.822550628676],[-72.73802535799985,-13.415812480999932,3179.822550628676],[-72.7444023569999,-13.415335980999942,3179.822550628676],[-72.74771485699989,-13.416603480999925,3179.822550628676],[-72.7510663569999,-13.419720730999927,3179.822550628676],[-72.75461523199982,-13.421876980999969,3179.822550628676],[-72.76132623199999,-13.429626980999956,3179.822550628676],[-72.76652535699992,-13.43994335699989,3179.822550628676],[-72.76718748199988,-13.442351605999932,3179.822550628676],[-72.76898048199985,-13.443826230999946,3179.822550628676],[-72.77286310699992,-13.448880605999875,3179.822550628676],[-72.7748843569999,-13.44953273199991,3179.822550628676],[-72.77863360699996,-13.454640355999913,3179.822550628676],[-72.78064935699996,-13.456535730999974,3179.822550628676],[-72.78580610799997,-13.458128856999906,3179.822550628676],[-72.78945748199999,-13.457922230999941,3179.822550628676],[-72.79395648199994,-13.455563980999955,3179.822550628676],[-72.79702110699992,-13.451238855999975,3179.822550628676],[-72.79766223199994,-13.44823948099986,3179.822550628676],[-72.79704285799994,-13.445305230999907,3179.822550628676],[-72.79440210699994,-13.440404105999903,3179.822550628676],[-72.79300023199994,-13.436307230999944,3179.822550628676],[-72.79341323299991,-13.426124480999874,3179.822550628676],[-72.79705373199994,-13.422451356999886,3179.822550628676],[-72.79908585799996,-13.421690606999903,3179.822550628676],[-72.80145498199988,-13.422690480999961,3179.822550628676],[-72.80574760699994,-13.421940605999907,3179.822550628676],[-72.81057260799986,-13.42357073099987,3179.822550628676],[-72.81625623299993,-13.426515730999938,3179.822550628676],[-72.82253748299996,-13.425298605999956,3179.822550628676],[-72.82512398199998,-13.423853230999896,3179.822550628676],[-72.82639548199995,-13.421821105999982,3179.822550628676],[-72.83117698199999,-13.42226660599988,3179.822550628676],[-72.8339917319999,-13.425081230999979,3179.822550628676],[-72.83827335699988,-13.427069980999931,3179.822550628676],[-72.8401426069999,-13.425668105999932,3179.822550628676],[-72.84786923299998,-13.424396605999902,3179.822550628676],[-72.8590653569999,-13.418637855999918,3179.822550628676],[-72.86578648199992,-13.415880855999887,3179.822550628676],[-72.8723674819999,-13.416013480999936,3179.822550628676],[-72.87718048199997,-13.414736105999964,3179.822550628676],[-72.88093435799993,-13.41722823099991,3179.822550628676],[-72.88630810799998,-13.41586535599987,3179.822550628676],[-72.88990823199993,-13.40798635599998,3179.822550628676],[-72.88853910699999,-13.402738230999944,3179.822550628676],[-72.8888376079999,-13.39942985599987,3179.822550628676],[-72.89239048199988,-13.396017605999816,3179.822550628676],[-72.89324860699992,-13.392012855999837,3179.822550628676],[-72.89549985799994,-13.388924230999976,3179.822550628676],[-72.89813248299998,-13.387916855999947,3179.822550628676],[-72.89815998299997,-13.387629980999918,3179.822550628676],[-72.89875848199989,-13.38786710599993,3179.822550628676],[-72.90119210799992,-13.387406730999942,3179.822550628676],[-72.90217873299991,-13.38753548099993,3179.822550628676],[-72.90356285799999,-13.388079730999948,3179.822550628676],[-72.90610223199991,-13.389452855999934,3179.822550628676],[-72.90692160699996,-13.38967048099994,3179.822550628676],[-72.90924323299993,-13.389276730999939,3179.822550628676],[-72.91013873199995,-13.387551980999945,3179.822550628676],[-72.91013048199989,-13.385972480999897,3179.822550628676],[-72.91030873299991,-13.384761855999955,3179.822550628676],[-72.91098460799998,-13.384450855999944,3179.822550628676],[-72.91522360799996,-13.385688105999918,3179.822550628676],[-72.91607660699992,-13.385645855999883,3179.822550628676],[-72.91865273299999,-13.38513473099988,3179.822550628676],[-72.92269535799988,-13.383561606999933,3179.822550628676],[-72.9243514829999,-13.383123105999971,3179.822550628676],[-72.92596060699998,-13.383068355999967,3179.822550628676],[-72.92859148199994,-13.38385523099987,3179.822550628676],[-72.92993048299991,-13.384372105999944,3179.822550628676],[-72.9321151069999,-13.385225605999949,3179.822550628676],[-72.93265923199993,-13.385382105999838,3179.822550628676],[-72.93372810699998,-13.385609230999876,3179.822550628676],[-72.93485173199997,-13.38579710599987,3179.822550628676],[-72.93857848299996,-13.386143980999975,3179.822550628676],[-72.94340798199994,-13.386222356999895,3179.822550628676],[-72.94613110799992,-13.38715573099995,3179.822550628676],[-72.94761873199991,-13.387335730999894,3179.822550628676],[-72.95191360699988,-13.38961048099992,3179.822550628676],[-72.95998260699997,-13.388439855999877,3179.822550628676],[-72.96373723299996,-13.388843105999854,3179.822550628676],[-72.96452023199998,-13.389152355999954,3179.822550628676],[-72.97146198299998,-13.390228480999895,3179.822550628676],[-72.97459623199995,-13.389007730999879,3179.822550628676],[-72.97582185699991,-13.388520980999942,3179.822550628676],[-72.97682998299996,-13.388129855999978,3179.822550628676],[-72.97723498299996,-13.388349355999935,3179.822550628676],[-72.9792811079999,-13.390798105999977,3179.822550628676],[-72.97904648199994,-13.39385760599987,3179.822550628676],[-72.98099335799998,-13.395830605999947,3179.822550628676],[-72.98559998299993,-13.397855855999921,3179.822550628676],[-72.98710360699982,-13.40026348099991,3179.822550628676],[-72.98714060799995,-13.403698855999949,3179.822550628676],[-72.98756123299995,-13.404213480999886,3179.822550628676],[-72.99010635699995,-13.404472730999942,3179.822550628676],[-72.99105835699993,-13.405295980999938,3179.822550628676],[-72.99372510699993,-13.409565480999959,3179.822550628676],[-72.99603710799994,-13.410601855999914,3179.822550628676],[-72.99988048299997,-13.410815230999901,3179.822550628676],[-73.00280085699984,-13.413770355999816,3179.822550628676],[-73.0036092329999,-13.415543480999872,3179.822550628676],[-73.00471298199994,-13.420393355999977,3179.822550628676],[-73.00813760799997,-13.423487605999924,3179.822550628676],[-73.01249210799995,-13.42367023099996,3179.822550628676],[-73.01366548299995,-13.425521480999976,3179.822550628676],[-73.01477902326349,-13.426460812181176,2849.791550803257],[-73.01512573299988,-13.426668855999878,2849.791550803257]]]},"properties":{"ubigeo":"070900","nombre":"LA CONVENCION"}},{"type":"Feature","geometry":{"type":"Polygon","coordinates":[[[-71.72032810699994,-14.043267606999905],[-71.72052735599988,-14.048279356999899],[-71.7182091059999,-14.06021485599996],[-71.71518160599999,-14.06448435599998],[-71.71393348099991,-14.07081835699995],[-71.70772660699998,-14.078853481999886],[-71.70467185699994,-14.09149023099991],[-71.70212310699998,-14.100066481999932],[-71.70163885599999,-14.103248106999956],[-71.70176760599998,-14.111978481999927],[-71.69970898199989,-14.11628510699984],[-71.7000332319999,-14.11956448199993],[-71.70154298099993,-14.12440035599991],[-71.69998048199989,-14.127119105999896],[-71.68959960599994,-14.132837855999924],[-71.68678135599998,-14.138777356999924],[-71.6857734809999,-14.143802731999813],[-71.68255660599993,-14.145746106999923],[-71.68201760699992,-14.148562481999818],[-71.68360348099998,-14.150402356999905],[-71.68408010599995,-14.154732481999872],[-71.68301760599996,-14.157773481999982],[-71.68093160599994,-14.159968731999982],[-71.67945510599998,-14.165128856999956],[-71.6802676069999,-14.169896606999941],[-71.67984373099989,-14.175105481999879],[-71.67759960699993,-14.184521481999923],[-71.67764060599995,-14.19094335699998],[-71.67411323199997,-14.194296856999813],[-71.67339248099995,-14.19688285699982],[-71.67634960599997,-14.203287106999824],[-71.67607810699991,-14.207064481999964],[-71.6773221059999,-14.210603481999954],[-71.67597460599995,-14.211908231999928],[-71.67622460599995,-14.215025356999888],[-71.67790435599994,-14.21759573199995],[-71.67684185599995,-14.222841856999878],[-71.68007035599999,-14.227140481999925],[-71.68315623099988,-14.229501981999931],[-71.68399810699992,-14.237029356999926],[-71.68675785699992,-14.242267606999917],[-71.68445310599998,-14.243312481999965],[-71.68487698099989,-14.246597606999899],[-71.68451373199997,-14.251511606999884],[-71.68539060599994,-14.253636731999961],[-71.68293160599995,-14.258033231999889],[-71.68351760599995,-14.260126981999974],[-71.68076773099989,-14.261210981999852],[-71.67962498099985,-14.26469723199989],[-71.68173823099988,-14.265181606999931],[-71.68430473099988,-14.267915981999977],[-71.68797660599995,-14.269900355999937],[-71.68941410699995,-14.27228510699996],[-71.68954498099993,-14.27551948199988],[-71.69266010699994,-14.278734356999962],[-71.69772260599996,-14.277794981999875],[-71.70313285599997,-14.278419981999889],[-71.70875585599998,-14.273976606999952],[-71.7109396059999,-14.273310606999928],[-71.71434373099993,-14.269787106999956],[-71.72045698099993,-14.266601606999927],[-71.72577935699996,-14.267107481999858],[-71.73038285599989,-14.265673856999967],[-71.73360935599999,-14.267384731999982],[-71.73818948099995,-14.27183785699998],[-71.74159360599998,-14.272624856999926],[-71.74426385599992,-14.275169981999909],[-71.74735935699988,-14.273753856999974],[-71.74849223099994,-14.266109356999948],[-71.75091598199998,-14.263966856999957],[-71.75523823099996,-14.262722606999944],[-71.75973210699982,-14.259659606999833],[-71.7571268559999,-14.259467981999876],[-71.75418823099994,-14.257611981999958],[-71.74892948199994,-14.255949355999974],[-71.74394148099998,-14.255910606999976],[-71.74030673199996,-14.253783981999959],[-71.73995873099994,-14.251850606999938],[-71.74185348099996,-14.248332106999953],[-71.74071198099995,-14.240014356999836],[-71.74323498199988,-14.237150606999933],[-71.74522285599994,-14.230802856999901],[-71.74820623199997,-14.227500106999912],[-71.74937810599994,-14.225085106999927],[-71.74880985599998,-14.222670230999881],[-71.74595935599996,-14.21839998199988],[-71.7498832309999,-14.213490606999926],[-71.7548102319999,-14.21509185699989],[-71.75642760599987,-14.212726856999893],[-71.75540998199995,-14.209427606999952],[-71.75631748099988,-14.205358481999951],[-71.75585435599987,-14.199470356999939],[-71.75869710599989,-14.196310606999873],[-71.76371598199995,-14.19242498199992],[-71.76887110599995,-14.191093231999957],[-71.77638910699994,-14.19087848199996],[-71.7817832309999,-14.191361356999948],[-71.78772660599998,-14.188835981999887],[-71.79275660699989,-14.185121856999956],[-71.79576385599984,-14.183575356999825],[-71.7995442319999,-14.180224481999971],[-71.80203598199984,-14.179708981999909],[-71.8037543559999,-14.18134148099989],[-71.80371135699988,-14.187570606999884],[-71.80495723099995,-14.189074106999954],[-71.80727698099997,-14.19504560699994],[-71.8101982309999,-14.200071856999955],[-71.81314610699991,-14.200012231999949],[-71.8151384809999,-14.198751731999891],[-71.82091248099982,-14.197491231999948],[-71.82554798199993,-14.19765385699992],[-71.82680848099994,-14.199646231999907],[-71.82989873199995,-14.20151673199996],[-71.83124060699993,-14.203631105999932],[-71.83315173099999,-14.203834356999891],[-71.84136535599993,-14.2008256069999],[-71.84616335599998,-14.200500106999982],[-71.85214648099998,-14.201140106999901],[-71.85711723199995,-14.203873106999879],[-71.86455660699988,-14.203505856999982],[-71.86610548199997,-14.204318356999977],[-71.87012885599995,-14.201460981999958],[-71.87699410599993,-14.200259731999893],[-71.87877523199995,-14.197176856999874],[-71.88596535599987,-14.19371148199997],[-71.88707898199982,-14.191937856999914],[-71.88762485599995,-14.18473735699996],[-71.88951285599995,-14.181695481999895],[-71.89890073199996,-14.174510356999917],[-71.90189010599994,-14.168479106999882],[-71.90257185599995,-14.165070231999835],[-71.90477460699998,-14.160927106999964],[-71.90634798099995,-14.15951085699993],[-71.91295610599997,-14.15736060699993],[-71.91725673099995,-14.155000606999977],[-71.91557835699984,-14.152955230999908],[-71.91091073099989,-14.152220981999903],[-71.90855073199987,-14.149336480999978],[-71.9080262309999,-14.143514980999896],[-71.90241460599992,-14.137850856999933],[-71.90157523099992,-14.133707606999963],[-71.90487948199996,-14.130508481999925],[-71.90718710699991,-14.126102856999921],[-71.90807873099999,-14.122064731999956],[-71.90823598099985,-14.117292106999912],[-71.90545635699988,-14.110683981999955],[-71.90381448199992,-14.109662106999963],[-71.90356823199988,-14.10722260699987],[-71.90519410599995,-14.104967481999893],[-71.90734448199998,-14.097519981999937],[-71.91096323099998,-14.09269510699994],[-71.9112778569999,-14.090020355999968],[-71.91017648199988,-14.085824731999935],[-71.90897023199994,-14.076594230999945],[-71.90897023199994,-14.072398606999968],[-71.91001923099986,-14.068779856999981],[-71.91276373099993,-14.06814448199998],[-71.91022298099995,-14.05935235699991],[-71.91093760599989,-14.056609731999913],[-71.91399398099992,-14.05283698099987],[-71.91580860599998,-14.049589730999969],[-71.9174199819999,-14.0435058569999],[-71.92133398099998,-14.037753855999938],[-71.92423248099993,-14.036081980999938],[-71.92972073199996,-14.030509730999938],[-71.93294923099995,-14.028595731999928],[-71.93724010699998,-14.014986356999884],[-71.94083598099996,-14.011818356999981],[-71.94358598099996,-14.006308606999823],[-71.94424410599993,-14.000914106999971],[-71.94231448199997,-13.997126980999951],[-71.93869535699986,-13.994732481999904],[-71.93721098099996,-13.991435606999971],[-71.93845123099999,-13.985767480999925],[-71.93698435699997,-13.982281230999888],[-71.93819998099997,-13.979429855999967],[-71.94034960699997,-13.98228510599995],[-71.94727285699997,-13.987247981999872],[-71.94925585699991,-13.988011856999947],[-71.95053910599995,-13.990777356999956],[-71.95693360599995,-13.993183605999832],[-71.95921685699989,-13.992368981999903],[-71.96209873099986,-13.989189856999872],[-71.96459985699994,-13.987537231999909],[-71.96424260599997,-13.985214731999974],[-71.95995485699984,-13.983026231999872],[-71.95924023099997,-13.975656731999948],[-71.9642872309999,-13.972306981999907],[-71.96571648099996,-13.968957230999933],[-71.96787310599996,-13.966841856999963],[-71.96736910699991,-13.964267605999964],[-71.96803898199994,-13.960337231999915],[-71.97482623199988,-13.956171856999902],[-71.97710935599997,-13.95321673199993],[-71.98337110599994,-13.949743981999973],[-71.98547848199996,-13.946837856999878],[-71.99326760599996,-13.94424023099998],[-71.99810548199991,-13.94791998099987],[-72.00338085599998,-13.948560606999933],[-72.01066210599998,-13.94745898099984],[-72.01662498199994,-13.948220731999982],[-72.02114848199994,-13.945898480999972],[-72.0256777319999,-13.945656230999873],[-72.02772073199992,-13.94375198199998],[-72.03300785699997,-13.941044980999834],[-72.03569335699984,-13.940361356999915],[-72.04010160699988,-13.94098048199993],[-72.0448691069999,-13.938421856999867],[-72.04890623099982,-13.937851606999914],[-72.05408010599996,-13.936242230999824],[-72.05567573099995,-13.934853480999948],[-72.05573123099998,-13.930123731999913],[-72.05854960699997,-13.928676480999968],[-72.06065623199999,-13.924992231999965],[-72.06201173199997,-13.92087498099994],[-72.06970898099985,-13.915505855999868],[-72.07562110699996,-13.90964448199992],[-72.0778262319999,-13.90672848099996],[-72.07792573099988,-13.904683605999878],[-72.07981635599998,-13.900595731999942],[-72.07959185599998,-13.897669980999922],[-72.08131060599999,-13.89214060699993],[-72.0811132309999,-13.88947660699995],[-72.08251560599996,-13.887667981999869],[-72.08585173099993,-13.88588473099992],[-72.0899754809999,-13.886137356999939],[-72.09123685599991,-13.885389105999934],[-72.09099998099992,-13.880736355999943],[-72.09349410599998,-13.87790035699993],[-72.09326173099993,-13.875089855999931],[-72.09557223199988,-13.872601606999979],[-72.09901373199989,-13.867421855999964],[-72.1004394819999,-13.863400356999932],[-72.10473048199992,-13.856078105999927],[-72.10327723099994,-13.854054730999849],[-72.10560348199988,-13.851201231999823],[-72.1065429819999,-13.847320356999887],[-72.10615823099994,-13.844410106999874],[-72.10684185699995,-13.839492231999941],[-72.10835160699997,-13.834675730999948],[-72.1084569809999,-13.831783106999978],[-72.11291798099995,-13.822915981999927],[-72.1141054819999,-13.821865231999936],[-72.11781623199988,-13.822460981999939],[-72.11932623199993,-13.821533231999922],[-72.11951948099994,-13.817986356999882],[-72.12161135699984,-13.815755855999896],[-72.12201760599999,-13.812976606999882],[-72.12517573199995,-13.808214856999825],[-72.12506248099999,-13.805419981999933],[-72.12830273199995,-13.797015480999903],[-72.13056948199994,-13.793178731999888],[-72.12984948199994,-13.790036480999959],[-72.13469723199995,-13.783513730999914],[-72.14408598199998,-13.779274856999848],[-72.14755185699988,-13.779242481999916],[-72.14869810699997,-13.777128731999824],[-72.15378723199996,-13.771347106999826],[-72.15297735699988,-13.76767060599991],[-72.15401398099988,-13.765152231999934],[-72.15811148099988,-13.762309730999903],[-72.15965010699989,-13.759127355999965],[-72.16235473199998,-13.757021981999912],[-72.1618364819999,-13.753150980999976],[-72.16635935699992,-13.747415106999938],[-72.17237185699992,-13.746122230999902],[-72.17709285699993,-13.744121980999978],[-72.18133623199992,-13.745555355999898],[-72.1867374819999,-13.745943981999915],[-72.18990373199995,-13.745028980999962],[-72.19246273199997,-13.740607481999973],[-72.19609048199999,-13.738372480999885],[-72.19809885699988,-13.73501998199987],[-72.20401023199997,-13.730857731999947],[-72.20636673199994,-13.728071980999914],[-72.21017273199988,-13.727488980999908],[-72.2137519819999,-13.725561606999861],[-72.22300785699997,-13.725010980999969],[-72.22717023199993,-13.722419731999935],[-72.23028785699995,-13.722686856999928],[-72.2318751069999,-13.721723231999874],[-72.23241010699996,-13.718405231999952],[-72.2286237319999,-13.715972355999952],[-72.2286741069999,-13.71405535699995],[-72.22642135699994,-13.71271635599993],[-72.22201198099998,-13.708405230999915],[-72.21917810699989,-13.706500480999978],[-72.21848123199987,-13.701436605999845],[-72.21532198199998,-13.699392356999965],[-72.21141960599994,-13.694049731999883],[-72.20784235599996,-13.693120355999895],[-72.20242623099995,-13.688474356999905],[-72.20111848199997,-13.685572855999908],[-72.19474335599989,-13.682058230999871],[-72.19413035699989,-13.678625480999926],[-72.19077923099991,-13.673312855999882],[-72.19020710699994,-13.669471355999917],[-72.18857248199993,-13.66665160599996],[-72.18411798199998,-13.662646605999953],[-72.17990873199994,-13.660439855999982],[-72.17565860699995,-13.656761856999935],[-72.17255273199999,-13.655413230999898],[-72.16785310699998,-13.649528481999823],[-72.16478810699994,-13.647812106999936],[-72.1611101069999,-13.648506855999926],[-72.15751385599998,-13.646667856999898],[-72.15220123099988,-13.645932231999893],[-72.15032135699988,-13.643643731999816],[-72.14680698199999,-13.644706230999873],[-72.14059510699997,-13.644215856999892],[-72.13584860699984,-13.642350981999982],[-72.13220698199996,-13.639304731999971],[-72.12683985699988,-13.638207230999967],[-72.12149085699997,-13.637789730999941],[-72.11872510699993,-13.631944855999961],[-72.11554185699998,-13.628474730999812],[-72.11319348099994,-13.629283605999944],[-72.11371535699993,-13.63157973199992],[-72.11124710699994,-13.636440731999869],[-72.10742573199991,-13.640179730999819],[-72.10483598099995,-13.641701231999946],[-72.10018360699996,-13.645753855999942],[-72.09673435599996,-13.64625785599992],[-72.09136723199987,-13.649162105999949],[-72.08963873099992,-13.647730481999929],[-72.08553323199999,-13.646771606999891],[-72.08299023099988,-13.647285105999913],[-72.07940035699994,-13.6464121059999],[-72.07462310599993,-13.647615231999964],[-72.07149998099999,-13.647472605999894],[-72.06604685599996,-13.643501980999872],[-72.05972260699991,-13.641210981999961],[-72.05619535599993,-13.642095605999884],[-72.05012885699989,-13.639351605999934],[-72.04548435599992,-13.638376981999954],[-72.04558198199993,-13.634531230999926],[-72.04261723099995,-13.632859355999926],[-72.03917573099994,-13.628279355999894],[-72.03441410699998,-13.624580105999883],[-72.02864435699996,-13.618629605999956],[-72.02566148199998,-13.617041355999959],[-72.02364710699993,-13.613942230999953],[-72.01946348199988,-13.613089981999963],[-72.01221948199998,-13.613671231999945],[-72.00737698099994,-13.613051230999872],[-71.99587098199999,-13.608860106999941],[-71.9922569819999,-13.609705980999934],[-71.98895060699988,-13.609090730999924],[-71.98490235599996,-13.609408230999975],[-71.98303160599988,-13.610423605999813],[-71.98014635599992,-13.610011480999901],[-71.97478785699991,-13.611424606999947],[-71.96577148199998,-13.609248106999871],[-71.96077348099988,-13.610305856999844],[-71.95883035699995,-13.612837856999818],[-71.95877135699999,-13.615193230999921],[-71.95447285699993,-13.615075480999963],[-71.95223523099997,-13.617430855999885],[-71.94966560599983,-13.618124480999882],[-71.94786248099985,-13.617410106999955],[-71.94381410599988,-13.612647230999926],[-71.94211310599985,-13.611966855999981],[-71.93653385699997,-13.613633855999865],[-71.93405048099993,-13.612613230999955],[-71.93003610599999,-13.615402855999946],[-71.92840310699995,-13.615436856999906],[-71.92751860699997,-13.611184480999952],[-71.92244973199996,-13.607918481999945],[-71.92170123199992,-13.60495885599994],[-71.92272298099982,-13.600954231999935],[-71.91800135599993,-13.601935355999956],[-71.91628435699988,-13.599635856999953],[-71.9161311069999,-13.59368785699985],[-71.91269710699999,-13.594331730999897],[-71.90604398099993,-13.594362355999976],[-71.90651248199998,-13.59751973199991],[-71.90547798199998,-13.59942198199991],[-71.89893685599986,-13.60189160699997],[-71.8980066069999,-13.602938606999828],[-71.89421035699996,-13.602771730999962],[-71.88328073199995,-13.607110230999922],[-71.87422835599995,-13.612783605999937],[-71.86221410699994,-13.615411730999881],[-71.85520585599988,-13.624172231999978],[-71.85228560699994,-13.626383105999935],[-71.84315885699993,-13.630794730999924],[-71.83838298099982,-13.637757231999842],[-71.83554510599993,-13.64099560599982],[-71.83593735599999,-13.64458173199995],[-71.83246323199995,-13.647831606999944],[-71.83106235599996,-13.652426355999978],[-71.82887710599988,-13.655115980999938],[-71.82770035599992,-13.660663355999816],[-71.82551510599995,-13.662680480999825],[-71.82512285699994,-13.667387355999892],[-71.82716110599989,-13.671442730999956],[-71.82232823199996,-13.678376855999943],[-71.81609448099988,-13.685170980999942],[-71.81140160599989,-13.686431731999903],[-71.80703385699991,-13.686335981999889],[-71.80379985699994,-13.684808855999847],[-71.79891910699996,-13.689300480999975],[-71.79736198099988,-13.69154623199995],[-71.79667098099992,-13.694819230999883],[-71.79411960599992,-13.697490105999975],[-71.78976173099989,-13.698355480999908],[-71.79416498099988,-13.706654105999974],[-71.79474260699999,-13.709909355999912],[-71.79470898099993,-13.715773355999886],[-71.79953373099994,-13.720223731999965],[-71.80155560599997,-13.726289480999867],[-71.80456123099998,-13.729310605999899],[-71.80724410699997,-13.730282731999978],[-71.80796123199997,-13.73573685699995],[-71.81316385599996,-13.746178356999962],[-71.81601735599997,-13.748300855999958],[-71.81662235599993,-13.751333981999949],[-71.81557348099994,-13.757124231999853],[-71.81705823199997,-13.759777230999873],[-71.82059173099992,-13.763652605999823],[-71.8219311069999,-13.770520106999982],[-71.82455273099993,-13.775164981999978],[-71.82908348199999,-13.77898335599997],[-71.82988673199992,-13.78094135699996],[-71.82929135599994,-13.78481898099983],[-71.8323126059999,-13.795566480999923],[-71.83196585699989,-13.800172605999933],[-71.83241160699993,-13.803243231999943],[-71.8340954819999,-13.807651231999898],[-71.83444223099997,-13.81141535599994],[-71.83321485599987,-13.813212855999893],[-71.82976560599985,-13.816015731999926],[-71.82451748099993,-13.816310606999878],[-71.82017573099995,-13.818718730999933],[-71.81728710599998,-13.81911323099996],[-71.81419310599995,-13.821172105999949],[-71.81096285599995,-13.82592385699985],[-71.80767648099999,-13.827310605999912],[-71.8061074819999,-13.831759731999966],[-71.8068124809999,-13.834070356999916],[-71.80914060599997,-13.835763856999904],[-71.80570785699996,-13.838972480999928],[-71.8050632309999,-13.84721235599983],[-71.80299998099991,-13.847810605999939],[-71.8010137309999,-13.851103480999882],[-71.80052548099991,-13.857544731999951],[-71.80332985599995,-13.8600133569999],[-71.80301085599996,-13.862935355999923],[-71.80037698199999,-13.86583398199997],[-71.79895310699993,-13.86812498199987],[-71.79997260599998,-13.871347605999972],[-71.80344335599995,-13.871705105999979],[-71.80508785699993,-13.870097606999934],[-71.8079687309999,-13.871373106999954],[-71.80709198099993,-13.876830105999943],[-71.80755273099993,-13.87978710599998],[-71.81066010599994,-13.887554855999895],[-71.81082223099992,-13.889451231999885],[-71.80927935599988,-13.894173856999942],[-71.80475198199991,-13.897246105999841],[-71.79994535599997,-13.895953105999979],[-71.79729498199987,-13.896271480999928],[-71.79391598099988,-13.899111356999981],[-71.78886710699993,-13.899755856999946],[-71.78594223199997,-13.900787480999952],[-71.78340773099995,-13.905011855999874],[-71.77984910699996,-13.906573606999928],[-71.77803323099988,-13.91223423199989],[-71.78053123099988,-13.915675731999954],[-71.78008923099992,-13.919356606999884],[-71.77889060599995,-13.922324106999952],[-71.77857798199994,-13.929480606999903],[-71.77771485599993,-13.931482481999979],[-71.77878323099986,-13.935630856999865],[-71.7784082309999,-13.937550730999817],[-71.77576373199997,-13.940632856999912],[-71.77070123099998,-13.941927730999964],[-71.76807223099996,-13.943349606999902],[-71.7649726059999,-13.948550731999944],[-71.76103323099983,-13.95173048199996],[-71.75640698199993,-13.951698980999936],[-71.75159373099996,-13.955964856999913],[-71.74410935599991,-13.960484356999928],[-71.74194335599992,-13.964935606999973],[-71.73634960599986,-13.96986723099991],[-71.72938285599986,-13.975175731999968],[-71.72696873099994,-13.98383010599997],[-71.72818948099996,-13.98765435699994],[-71.72616598099995,-13.99254685699998],[-71.72493360599998,-13.997888731999922],[-71.7259981059999,-13.999999981999906],[-71.72409573099998,-14.004892606999874],[-71.72384185599998,-14.011130856999955],[-71.72261135599985,-14.013968730999977],[-71.72247073099993,-14.019103481999935],[-71.72314260699994,-14.022187480999946],[-71.72396685599989,-14.028466855999909],[-71.72128710599998,-14.037845730999834],[-71.72163873199992,-14.039802855999937],[-71.72032810699994,-14.043267606999905]]]},"properties":{"ubigeo":"071000","nombre":"PARURO"}},{"type":"Feature","geometry":{"type":"Polygon","coordinates":[[[-71.62470985699997,-13.575972355999909],[-71.6247574809999,-13.582988480999916],[-71.62003235599985,-13.589097730999924],[-71.61931648199993,-13.595922855999959],[-71.61972398099994,-13.597476981999932],[-71.61986498099992,-13.599877980999963],[-71.62154785599984,-13.601313356999981],[-71.62263673199993,-13.604283105999968],[-71.62936810599984,-13.609331730999884],[-71.63184298099998,-13.612944981999874],[-71.63816460599998,-13.617476481999915],[-71.64367235599997,-13.623536981999905],[-71.6459987319999,-13.624675355999955],[-71.64891898099995,-13.628585480999902],[-71.6507007319999,-13.63284210699993],[-71.65574610599992,-13.640009730999964],[-71.65998948199996,-13.637601605999919],[-71.66587623099991,-13.637601605999919],[-71.67072510599996,-13.636313105999875],[-71.67516248099992,-13.634345106999945],[-71.6807808559999,-13.62947823099995],[-71.68138873099991,-13.626203105999878],[-71.68351373099989,-13.622132855999894],[-71.68114648099998,-13.619501980999928],[-71.68099810599995,-13.61779685599987],[-71.68403123099989,-13.616355480999971],[-71.68675973199998,-13.611040980999917],[-71.68814848199997,-13.60978910599988],[-71.69632623199988,-13.605263730999923],[-71.69858010599995,-13.602718731999914],[-71.70069335599999,-13.597773480999933],[-71.70280073099991,-13.594706980999888],[-71.70310348099991,-13.589544980999904],[-71.70392185599997,-13.58694335599995],[-71.70601948199999,-13.585322231999896],[-71.70853523099993,-13.584933605999936],[-71.71069335599998,-13.580646480999917],[-71.71306060599989,-13.580123105999974],[-71.71728323099995,-13.576193480999905],[-71.72172073099995,-13.575097605999929],[-71.72428510599997,-13.57236910599994],[-71.72513473099997,-13.566685605999965],[-71.72445123199992,-13.563468730999887],[-71.71730760599996,-13.56216685599992],[-71.71619135599997,-13.559765605999928],[-71.71737310599997,-13.55566010699988],[-71.71952348099995,-13.552474605999919],[-71.72092035599991,-13.540105480999955],[-71.72073723099993,-13.531459605999942],[-71.72448198099988,-13.519299730999933],[-71.72515510599999,-13.513913980999916],[-71.72515510599999,-13.509075356999972],[-71.72633323199994,-13.504194605999885],[-71.72626598099998,-13.494470856999953],[-71.72852123199988,-13.48959010699997],[-71.73323373099998,-13.48521423099993],[-71.73639773099995,-13.480400730999975],[-71.73791248099985,-13.476361480999913],[-71.73461373199996,-13.474914105999972],[-71.73151698099997,-13.475789355999837],[-71.72966560599997,-13.474880480999957],[-71.72801635699994,-13.471884730999875],[-71.72872323099989,-13.469057230999965],[-71.73229123099998,-13.465421980999906],[-71.73616210699998,-13.462661730999969],[-71.72573410599995,-13.456801355999971],[-71.73291573099993,-13.448547355999949],[-71.73743923099994,-13.445971856999904],[-71.73961848199997,-13.447094480999965],[-71.74239198099986,-13.438674730999935],[-71.74622210699994,-13.432665355999973],[-71.74978823099997,-13.43177385599995],[-71.7521654809999,-13.433259730999964],[-71.75479573099994,-13.431307355999877],[-71.7530078559999,-13.429490730999873],[-71.74649510599988,-13.420927855999878],[-71.74372123099988,-13.41954085599997],[-71.7380528569999,-13.421048355999972],[-71.7321432309999,-13.420264480999947],[-71.72508798099994,-13.420807230999912],[-71.7246152319999,-13.419566355999848],[-71.72611310599996,-13.415802105999944],[-71.72918848199993,-13.412183980999828],[-71.72792210599994,-13.40790260599988],[-71.72822360599997,-13.405309605999832],[-71.7314799809999,-13.401691480999943],[-71.7355202309999,-13.39288735599996],[-71.73847498099985,-13.390595855999834],[-71.73968110599998,-13.385590730999866],[-71.74577160599995,-13.380284230999905],[-71.74908823099986,-13.378535480999915],[-71.74981185699994,-13.375098230999981],[-71.75479273199994,-13.36563685599998],[-71.75894148199995,-13.362742355999956],[-71.76251148199992,-13.357821730999945],[-71.76796273099995,-13.354444855999873],[-71.77621198199984,-13.347739105999892],[-71.77944423199995,-13.346243730999902],[-71.78325535699997,-13.342818480999824],[-71.78666335699995,-13.337842105999925],[-71.78907098199994,-13.332054480999943],[-71.78893223199998,-13.330294980999952],[-71.79166398099989,-13.323164605999978],[-71.79453473199999,-13.317376855999953],[-71.79911848199993,-13.314598730999933],[-71.80379498099995,-13.314089480999883],[-71.81199035699996,-13.31570998099994],[-71.82129698099999,-13.31959935599997],[-71.82511548099995,-13.31796660599997],[-71.82550985699999,-13.312182855999879],[-71.82987398199992,-13.30684598099998],[-71.83202973099998,-13.306004730999916],[-71.83571023199994,-13.302271605999977],[-71.83802373099996,-13.300773105999951],[-71.83351410599994,-13.291642855999896],[-71.83153285699996,-13.28996260599996],[-71.82987760599997,-13.280658105999976],[-71.83075535599994,-13.27797460599993],[-71.83609723099988,-13.276043480999931],[-71.83740135699998,-13.274413230999926],[-71.83741548099988,-13.271035480999899],[-71.83993710699997,-13.267143355999906],[-71.84306498099988,-13.265959105999968],[-71.84566960599983,-13.261744355999951],[-71.84701635599998,-13.257009230999927],[-71.85021373199993,-13.253545355999961],[-71.84754910599997,-13.2507666059999],[-71.84933823199998,-13.24848273099991],[-71.85230723099994,-13.242582730999914],[-71.85527635599993,-13.24048923099997],[-71.85824535599994,-13.239651855999966],[-71.85816923199997,-13.233180855999933],[-71.86003435599997,-13.230516355999953],[-71.86384098199983,-13.22777560599991],[-71.86418348199999,-13.226405355999873],[-71.86170923199984,-13.22347435599994],[-71.85797885599999,-13.215709105999906],[-71.85801698099993,-13.21376785599989],[-71.85481960699991,-13.208629230999975],[-71.85512410699988,-13.20596473099988],[-71.85756023099998,-13.202691105999975],[-71.85744598199994,-13.199569855999925],[-71.86110023099997,-13.195078229999979],[-71.86677185699995,-13.193403355999976],[-71.86758010699992,-13.189458730999831],[-71.87146673199999,-13.187437730999932],[-71.87184823099994,-13.183833605999894],[-71.87342223199988,-13.181809855999973],[-71.87157035599995,-13.174501730999964],[-71.87448860699993,-13.171913105999977],[-71.87453560699998,-13.166801355999894],[-71.87637298099997,-13.161760230999903],[-71.87825760599992,-13.159498855999914],[-71.87844735599998,-13.155664980999973],[-71.88006498099998,-13.153076730999942],[-71.87845798199999,-13.15047335599985],[-71.87435573199991,-13.148800605999895],[-71.87384160599993,-13.145010355999943],[-71.86903710599995,-13.141259480999906],[-71.86632048099989,-13.140746855999964],[-71.86319610599992,-13.137909105999881],[-71.86179173199992,-13.134732480999958],[-71.8624938559999,-13.130853730999945],[-71.86372723199992,-13.128710855999884],[-71.8636218559999,-13.124742730999856],[-71.86579910599994,-13.124426605999872],[-71.87099635599998,-13.120001980999973],[-71.87268198099991,-13.120001980999973],[-71.87510510599992,-13.117543855999827],[-71.88093448199999,-13.1153313559999],[-71.88135585599997,-13.112486980999904],[-71.88588610599999,-13.109572230999902],[-71.88314635599994,-13.104808730999935],[-71.8793029819999,-13.102135105999878],[-71.87847748199982,-13.098420480999948],[-71.88429023099991,-13.09580660499995],[-71.88690410599992,-13.094052480999835],[-71.88685948199986,-13.088782355999967],[-71.88871898199989,-13.087347980999937],[-71.88946285699996,-13.084425980999924],[-71.88577748099993,-13.082515980999915],[-71.88773135599996,-13.079972980999912],[-71.88803773099994,-13.066748104999931],[-71.88741985599995,-13.064639355999873],[-71.88868623099995,-13.062024980999922],[-71.88791010699993,-13.05712310499996],[-71.88889048199997,-13.053487605999976],[-71.89500398099995,-13.050425855999947],[-71.89612973099986,-13.047498980999933],[-71.90310910599993,-13.04427173099998],[-71.90305060699995,-13.039779605999968],[-71.90497185699996,-13.037233980999929],[-71.90391523099993,-13.03401585499995],[-71.90497185599997,-13.032911105999858],[-71.90852610699994,-13.032911105999858],[-71.91059148099998,-13.0314702309999],[-71.90752498099988,-13.02724285599993],[-71.90636773199998,-13.020791230999976],[-71.90390110599998,-13.020618104999869],[-71.89754235699996,-13.016767230999903],[-71.89390210599993,-13.009529355999973],[-71.88968148199996,-13.005756480999878],[-71.88758535699998,-13.001427354999976],[-71.88375748099998,-12.998920980999912],[-71.88207135699997,-12.994455229999971],[-71.88056773199992,-12.992814730999953],[-71.87801573099989,-12.992495730999963],[-71.87090685599986,-12.995093229999952],[-71.86890173099994,-12.995093229999952],[-71.86388910599999,-12.993042605999904],[-71.85634748099994,-12.988244105999968],[-71.85123448199994,-12.986995479999962],[-71.8493752309999,-12.984115480999947],[-71.84897423099994,-12.979777230999957],[-71.84914410599998,-12.9738998549999],[-71.84776373099999,-12.968410105999908],[-71.84518385599995,-12.962574980999932],[-71.84317373199991,-12.961430604999919],[-71.83909123199999,-12.96149248099988],[-71.83544173099989,-12.962605854999879],[-71.83152035699999,-12.959725355999865],[-71.82850348099987,-12.954227979999928],[-71.82903973099991,-12.949736230999974],[-71.82811785599995,-12.936730480999927],[-71.82518660599999,-12.934344605999968],[-71.82392560699998,-12.930220480999935],[-71.82760648199991,-12.925210480999851],[-71.82841035699988,-12.921726355999965],[-71.83007335699989,-12.92022973099995],[-71.83339948099996,-12.919231855999897],[-71.83594948099983,-12.920562230999906],[-71.84121573199991,-12.919176355999923],[-71.84226898199984,-12.914741605999893],[-71.84481910599999,-12.909475355999973],[-71.84409835699995,-12.905206980999878],[-71.84820048199998,-12.90138185499984],[-71.85093348099997,-12.895611105999933],[-71.85284035599994,-12.893393730999946],[-71.85687873099994,-12.890902229999881],[-71.86360535699987,-12.889681855999982],[-71.86519198199994,-12.887907104999954],[-71.86570598099996,-12.884366480999915],[-71.86404985699994,-12.88213922999995],[-71.86342173099996,-12.87916973099982],[-71.86644135599994,-12.87159572999991],[-71.87275048099997,-12.86945710599997],[-71.87588785699995,-12.86609572999987],[-71.87700835599986,-12.863910730999919],[-71.87706435699994,-12.859652980999954],[-71.87637498199996,-12.854330104999917],[-71.87521548099994,-12.851025355999923],[-71.87577573099992,-12.848616354999933],[-71.87482335699997,-12.84620722999989],[-71.8763358569999,-12.841277230999935],[-71.88401123199992,-12.837579605999963],[-71.88714860699997,-12.834554355999956],[-71.89140648099993,-12.833209854999893],[-71.89359135699988,-12.830968855999913],[-71.89415148099994,-12.828671855999971],[-71.89324360699999,-12.825352604999921],[-71.8958941059999,-12.819931104999966],[-71.89595435599989,-12.816316730999972],[-71.89480973099995,-12.811075854999956],[-71.8924002309999,-12.80818435599997],[-71.88468948199989,-12.80469048099991],[-71.88318360699992,-12.802220604999945],[-71.87866573099996,-12.798967729999902],[-71.87752735599997,-12.795785104999936],[-71.88161735599994,-12.794389479999893],[-71.88541235599996,-12.790353479999908],[-71.88860510699988,-12.78969085599988],[-71.89221948199997,-12.787883605999923],[-71.89432785599996,-12.782281355999942],[-71.89354473199995,-12.778847730999871],[-71.89444835599983,-12.776799604999951],[-71.8990867309999,-12.774149105999868],[-71.90239648099993,-12.773111355999959],[-71.90445460599994,-12.770587979999902],[-71.90517760599994,-12.765105855999934],[-71.90668360699993,-12.761250230999849],[-71.91041873199998,-12.760105604999978],[-71.91399260599991,-12.757772229999944],[-71.91775573199988,-12.756384229999924],[-71.92090185599994,-12.751973479999947],[-71.91393098199995,-12.751942604999954],[-71.91158673099989,-12.749876104999942],[-71.9115558559999,-12.746051355999953],[-71.91041460599996,-12.744077230999949],[-71.90635748199992,-12.743962854999893],[-71.9026119809999,-12.741608479999968],[-71.89971960699995,-12.736991729999886],[-71.90035160699995,-12.733355479999943],[-71.89362310599995,-12.732665980999968],[-71.89129685699993,-12.732890605999842],[-71.8861387309999,-12.730660104999913],[-71.8816152309999,-12.730439480999962],[-71.87739648099989,-12.731830105999848],[-71.87136910599992,-12.73525585599998],[-71.86663085599992,-12.735705104999909],[-71.86275385599993,-12.734880855999847],[-71.85800973099998,-12.734787105999885],[-71.85274410599993,-12.736234354999908],[-71.84945698199994,-12.738908229999936],[-71.84281248099995,-12.739693355999862],[-71.83952348099996,-12.738923854999939],[-71.83502148099996,-12.740300730999934],[-71.8325507319999,-12.74232210599996],[-71.82568360599998,-12.742505854999933],[-71.82272260699995,-12.740441355999849],[-71.81977935599986,-12.740896479999947],[-71.81676560699998,-12.742636729999958],[-71.81059185599997,-12.744978479999816],[-71.80794535599983,-12.750390605999883],[-71.80407035599995,-12.753638730999967],[-71.80232223099989,-12.759076355999923],[-71.80040035699994,-12.76153510499995],[-71.79975973199998,-12.765273480999952],[-71.78995510599998,-12.766460979999863],[-71.78528510699994,-12.76487498099982],[-71.77682423099998,-12.766220729999873],[-71.77526173199982,-12.76739260599993],[-71.77208010699991,-12.767298854999979],[-71.76935548099988,-12.765910104999932],[-71.76466410599994,-12.767458979999901],[-71.76365623199996,-12.769654354999943],[-71.76360348099996,-12.773277355999937],[-71.76153510599994,-12.776705105999952],[-71.76004885599991,-12.782665979999877],[-71.76020898199994,-12.78792185499998],[-71.7580038559999,-12.790878979999945],[-71.7535253559999,-12.794710980999923],[-71.7497031069999,-12.794787105999944],[-71.74694135599992,-12.796107480999922],[-71.74138673199997,-12.792806604999953],[-71.73902148099995,-12.792892605999953],[-71.73528323099998,-12.791423854999948],[-71.72975973099994,-12.787089854999977],[-71.72664648099993,-12.786328105999928],[-71.72351760599997,-12.78666798099988],[-71.72218360599999,-12.784332105999965],[-71.71800198199992,-12.782505854999954],[-71.71627735699997,-12.779505855999957],[-71.7127909809999,-12.777960979999875],[-71.70760348099992,-12.771962855999902],[-71.70593360599997,-12.766667980999955],[-71.70063873099991,-12.764373104999947],[-71.69828710599995,-12.76197460599991],[-71.69848648099992,-12.75953510599993],[-71.69654885599994,-12.75769335599989],[-71.69648048199986,-12.755542980999962],[-71.69474810599996,-12.753736355999933],[-71.69435160599994,-12.750749979999966],[-71.69292385699993,-12.747783229999982],[-71.6930312309999,-12.74468360499992],[-71.69536523099993,-12.740585980999981],[-71.6949687319999,-12.73879310599989],[-71.6879569809999,-12.73614448099994],[-71.68383010699995,-12.733152355999891],[-71.67498048099998,-12.731904354999926],[-71.67077998099995,-12.729929979999838],[-71.66341998099983,-12.729609979999907],[-71.66054498199998,-12.72892385599988],[-71.65687498099999,-12.725988229999928],[-71.65342773099997,-12.721152354999901],[-71.64814060699985,-12.718685604999905],[-71.64522460599989,-12.714929729999938],[-71.64262310599992,-12.715298855999947],[-71.64228910599991,-12.713107480999952],[-71.63847260599988,-12.709378854999954],[-71.63379360599998,-12.709903604999909],[-71.63309523099986,-12.707377854999947],[-71.62859085699995,-12.707866730999967],[-71.62650735699992,-12.706469980999941],[-71.62236373099984,-12.705480604999877],[-71.61744023099988,-12.705143105999923],[-71.61175585599995,-12.70189960599987],[-71.60484510699985,-12.701558480999893],[-71.60029848099998,-12.700058104999925],[-71.59674548099997,-12.70058710599983],[-71.5929102309999,-12.702331354999899],[-71.58768160599993,-12.702425104999918],[-71.5773664809999,-12.703419730999883],[-71.56972248099999,-12.705067855999914],[-71.5657441059999,-12.705437230999962],[-71.56318673099986,-12.706943354999964],[-71.56202160599992,-12.709870230999911],[-71.55852635699989,-12.710580605999894],[-71.55682135599994,-12.708108355999968],[-71.55213273099997,-12.709301979999964],[-71.54879185599998,-12.714041729999906],[-71.55054135599994,-12.720782104999842],[-71.55267260599999,-12.724021604999905],[-71.55085398099988,-12.727516729999934],[-71.54764298099991,-12.729619604999982],[-71.54664835599988,-12.731608729999891],[-71.54730198099998,-12.734450355999911],[-71.54576748199992,-12.736098480999942],[-71.54106635599999,-12.737931354999887],[-71.53462023099996,-12.738028479999969],[-71.53343785599992,-12.738579104999928],[-71.52995560599993,-12.744102104999968],[-71.52352573099995,-12.747195605999934],[-71.52035123099989,-12.746061855999926],[-71.51651273099992,-12.743405604999964],[-71.51416660599995,-12.74349360499997],[-71.51227435699997,-12.745191854999973],[-71.50733073099997,-12.752831979999826],[-71.50412873099998,-12.754105354999922],[-71.50264935599995,-12.756165229999908],[-71.50183123099993,-12.763898355999913],[-71.49840798099984,-12.769925604999912],[-71.49837285599995,-12.777709479999942],[-71.4956576059999,-12.781980354999973],[-71.4939313569999,-12.78326772999992],[-71.49042048099994,-12.783799230999932],[-71.48606360599996,-12.78752435499996],[-71.48428198099998,-12.792124230999946],[-71.48167185599993,-12.79453248099992],[-71.4791154809999,-12.79826260599998],[-71.47526798099994,-12.80193885499989],[-71.46484648099994,-12.809697229999927],[-71.46329160599998,-12.811786354999924],[-71.46271210599997,-12.81638885599989],[-71.45984473099998,-12.818495479999967],[-71.45999835599997,-12.824416604999954],[-71.45832235699987,-12.825896479999926],[-71.45104748099993,-12.82496935499995],[-71.44874735599996,-12.825432979999846],[-71.44616198099993,-12.827661729999932],[-71.44650073099996,-12.82996185599984],[-71.44888998099998,-12.833385355999951],[-71.4544531059999,-12.836238230999925],[-71.45596873099998,-12.840053980999869],[-71.45432835599996,-12.84222923099992],[-71.45049473099994,-12.842247104999899],[-71.44724960599996,-12.839768604999904],[-71.44507423099998,-12.840731605999906],[-71.44469985599994,-12.846027105999838],[-71.44354098099996,-12.848452105999911],[-71.44248873099986,-12.85360523099996],[-71.44330910599996,-12.854924604999894],[-71.4466254809999,-12.855869605999942],[-71.44976373099996,-12.858294480999916],[-71.44887223099983,-12.863340605999895],[-71.44541310599988,-12.867013605999944],[-71.44166860599995,-12.867388105999964],[-71.43758560599997,-12.87264810499994],[-71.43885148099997,-12.87473423099982],[-71.43590935599991,-12.87651723099998],[-71.43380535599994,-12.874805605999939],[-71.42990048099995,-12.876089355999966],[-71.42430173099996,-12.875893230999964],[-71.42711898099992,-12.879833729999973],[-71.42685148099991,-12.882686604999947],[-71.42351723099989,-12.884255729999893],[-71.41980860599983,-12.882240730999968],[-71.41766885599998,-12.883881230999918],[-71.41897048099992,-12.888980854999886],[-71.41870298099991,-12.891209604999915],[-71.41524385599996,-12.894258604999948],[-71.41034048099988,-12.89199410599997],[-71.40877135599999,-12.890193230999841],[-71.40276248099997,-12.887376105999977],[-71.40069423099999,-12.883863479999945],[-71.3983941059999,-12.882508479999956],[-71.39621873099986,-12.882864979999965],[-71.38858723099992,-12.888445855999919],[-71.38564510599991,-12.891494855999952],[-71.38245810599994,-12.897225230999823],[-71.38036298099996,-12.899231104999956],[-71.37561560599994,-12.900612855999896],[-71.37169285599998,-12.897871480999981],[-71.36636598099994,-12.895553605999964],[-71.36251023099993,-12.89276760599995],[-71.36021448099996,-12.890115230999868],[-71.35923385599995,-12.88692810599997],[-71.35992473099998,-12.882514980999929],[-71.35493810599996,-12.883978729999967],[-71.35380698099988,-12.886511979999966],[-71.3512266059999,-12.887996605999888],[-71.3481396059999,-12.892509230999963],[-71.34127048099998,-12.895537355999977],[-71.33988023099988,-12.89848285499994],[-71.33712298099994,-12.900344480999877],[-71.3334352309999,-12.904527229999928],[-71.32871048099997,-12.914648355999816],[-71.32610660599988,-12.918312604999926],[-71.32190023099992,-12.919973980999941],[-71.3196028559999,-12.922000480999884],[-71.32005273099992,-12.92416210599987],[-71.31581060599996,-12.924488229999952],[-71.31541410599982,-12.93072848099996],[-71.3127519809999,-12.931853479999972],[-71.31045510599995,-12.929976730999954],[-71.3065722309999,-12.934728479999933],[-71.30268160599996,-12.934066355999846],[-71.30162110599997,-12.935097604999896],[-71.30100973099991,-12.940695354999946],[-71.29768360599996,-12.943001980999952],[-71.29560160599993,-12.946599730999822],[-71.29382998099999,-12.944437480999966],[-71.28796485599997,-12.948906230999967],[-71.27876373099997,-12.951246104999939],[-71.27906835599993,-12.953501980999818],[-71.2720489809999,-12.954414104999955],[-71.27172073099996,-12.961843730999817],[-71.26699823099989,-12.961406105999913],[-71.2649531059999,-12.962878854999929],[-71.26155860599994,-12.962429730999872],[-71.25788873099998,-12.964820355999962],[-71.25211323099995,-12.96397660599996],[-71.24533785599988,-12.967259729999853],[-71.24221873099998,-12.970703105999917],[-71.23875385599985,-12.971933604999947],[-71.2338341059999,-12.969753855999954],[-71.23114848099993,-12.972296855999957],[-71.22972073099993,-12.971958979999897],[-71.22973635599988,-12.96722260499996],[-71.22650198099996,-12.966482355999915],[-71.22731835599996,-12.964550730999974],[-71.22627935599996,-12.96095310599992],[-71.22275585599982,-12.961056604999953],[-71.22093160599997,-12.95766398099994],[-71.21909373099993,-12.9594512299999],[-71.21241010599994,-12.958822230999942],[-71.20827535499996,-12.959779355999956],[-71.20557210599998,-12.96157310599989],[-71.19954185499995,-12.95919423099997],[-71.19506060599997,-12.959968730999947],[-71.19041348099995,-12.966220479999947],[-71.18645573099997,-12.968750729999954],[-71.17832648099989,-12.96847710499992],[-71.17641010599993,-12.970943354999974],[-71.17207323099996,-12.965311355999916],[-71.16992373099998,-12.96480335599989],[-71.16352873099987,-12.965852480999956],[-71.16139135599997,-12.968111980999936],[-71.16102498099991,-12.973791230999893],[-71.15900060599995,-12.97867885599993],[-71.16459473099997,-12.979129480999973],[-71.16774860599998,-12.981645105999917],[-71.17086485599998,-12.981457355999964],[-71.17304248099992,-12.983334605999914],[-71.17424398099996,-12.990468355999894],[-71.17867698099991,-12.995290480999927],[-71.17939510599984,-12.99941935499993],[-71.17825810499983,-13.00372773099997],[-71.17610410599997,-13.004146604999903],[-71.1747874809999,-13.006959104999908],[-71.16862410499994,-13.010130480999976],[-71.16766673099994,-13.011925730999906],[-71.16790598099993,-13.014977480999903],[-71.16652972999992,-13.017670230999954],[-71.16623048099996,-13.022517230999881],[-71.16826510599998,-13.02580835599997],[-71.16995810599991,-13.033095105999962],[-71.17182548099987,-13.03684110499995],[-71.17199998099994,-13.039763730999937],[-71.17100273099999,-13.04349823099983],[-71.17175073099997,-13.04776173099998],[-71.17347110599997,-13.051726105999819],[-71.1733214809999,-13.056438355999887],[-71.1674871059999,-13.060402730999897],[-71.16157810599992,-13.06646135599982],[-71.16081885599993,-13.071859480999876],[-71.16137460499988,-13.075749604999942],[-71.16568148099998,-13.084641230999978],[-71.16762660599989,-13.089920605999907],[-71.16818223099995,-13.094088605999957],[-71.16651510599996,-13.103396980999946],[-71.16464047999995,-13.105491980999886],[-71.16525910599995,-13.109269730999927],[-71.16478985599986,-13.112345730999948],[-71.16249598099995,-13.115473730999952],[-71.16166185599997,-13.119592230999956],[-71.15822098099989,-13.122980980999898],[-71.15259060599988,-13.12339797999988],[-71.15114385599992,-13.124119855999936],[-71.14617485499991,-13.130717855999876],[-71.14542185599998,-13.13438673099995],[-71.14397560599986,-13.137234605999936],[-71.14381260599987,-13.140004230999978],[-71.14576760599988,-13.142773855999963],[-71.14650073099995,-13.1474984809999],[-71.14576823099992,-13.150980980999918],[-71.14310148099992,-13.155798105999963],[-71.14232723099997,-13.160443355999917],[-71.14254785599985,-13.163122105999946],[-71.14042022999985,-13.166698105999899],[-71.14023922999996,-13.16973098099993],[-71.14214047999997,-13.178739355999937],[-71.14064648099998,-13.180911980999838],[-71.13934510599995,-13.195799230999967],[-71.1365726059999,-13.199081105999824],[-71.1347618559999,-13.204003855999815],[-71.13486323099994,-13.211001980999924],[-71.13255510599993,-13.216056230999982],[-71.13153660599994,-13.220017105999943],[-71.12763235599994,-13.22686373099998],[-71.12201173099993,-13.233529230999977],[-71.11828185599995,-13.23546323099987],[-71.11054585499983,-13.236844730999962],[-71.10750660499997,-13.238226105999956],[-71.09920773099998,-13.238059480999937],[-71.09642085599995,-13.238422980999815],[-71.09105660499995,-13.240320355999927],[-71.08682223099999,-13.245281230999979],[-71.08289260599992,-13.244644480999966],[-71.07857548099992,-13.247070230999952],[-71.06417873099997,-13.256700980999938],[-71.06680835599985,-13.262179355999876],[-71.06976660599992,-13.266452355999945],[-71.07815298099996,-13.277374480999981],[-71.08157673099993,-13.281140480999966],[-71.08979347999997,-13.283280355999977],[-71.09090623099985,-13.286361605999844],[-71.09344785499991,-13.288383605999968],[-71.09460198099993,-13.292261605999954],[-71.09171660599992,-13.295475980999981],[-71.09229360499995,-13.29818823099987],[-71.09685260599997,-13.303266605999966],[-71.10146923099995,-13.30442073099988],[-71.10406623099988,-13.30372823099998],[-71.1074132309999,-13.300900480999928],[-71.11058710499987,-13.301708480999821],[-71.11514060599995,-13.30155223099996],[-71.11833785499988,-13.305206980999913],[-71.11674648099995,-13.308510730999956],[-71.11503360599988,-13.309474355999953],[-71.1120359809999,-13.317235980999897],[-71.11348122999988,-13.318948855999963],[-71.11910173099994,-13.320501105999881],[-71.12231335599995,-13.326014480999959],[-71.12140335599997,-13.328958605999958],[-71.12188510599992,-13.33093910599996],[-71.12638285599996,-13.332558605999907],[-71.13102498099988,-13.336084480999887],[-71.1326977299999,-13.34137035599997],[-71.13497273099995,-13.346455480999907],[-71.13443748099996,-13.349160105999886],[-71.13771598099999,-13.352811980999945],[-71.13965635599999,-13.353815605999955],[-71.14347023099998,-13.357897105999882],[-71.14773323099996,-13.366053105999981],[-71.14664710599999,-13.37165235599997],[-71.15268160599999,-13.373979980999934],[-71.15297660599992,-13.375373105999927],[-71.14837123099994,-13.380100980999941],[-71.14906098099988,-13.384626730999969],[-71.15026785599991,-13.38699748099998],[-71.15008460599995,-13.39140898099987],[-71.15284597999988,-13.39363148099983],[-71.15729110499996,-13.393564105999928],[-71.15877285599998,-13.394708980999894],[-71.15985035499989,-13.401309480999885],[-71.16173623099996,-13.40339735599997],[-71.16146685599989,-13.409526230999916],[-71.15816673099994,-13.41222035699991],[-71.15823398099991,-13.415924480999877],[-71.15675235599997,-13.419224730999929],[-71.15439510599998,-13.42030223099988],[-71.15082548099997,-13.424343355999952],[-71.14985372999985,-13.429699980999942],[-71.14754848099989,-13.438246480999908],[-71.1452431059999,-13.441732480999974],[-71.14586160499994,-13.445162231999973],[-71.1489541059999,-13.45067248099997],[-71.14822310599993,-13.455564105999883],[-71.14912285499986,-13.458319230999962],[-71.1485042299999,-13.463154730999918],[-71.14648010599996,-13.464897605999965],[-71.14518685499996,-13.46962098199998],[-71.14603023099994,-13.472207355999956],[-71.14327510599998,-13.476536730999953],[-71.14715485499983,-13.480697480999936],[-71.14901023099986,-13.48508310599982],[-71.15058460599994,-13.487444605999883],[-71.15356460599992,-13.488569105999943],[-71.15578122999995,-13.487986355999965],[-71.16031448099994,-13.49758198099994],[-71.16185085599994,-13.497656855999935],[-71.16504235599996,-13.495649230999902],[-71.17049885599988,-13.493590230999928],[-71.17317572999997,-13.494207980999931],[-71.17529685599993,-13.497392605999949],[-71.18023173099988,-13.500550105999878],[-71.18224235599996,-13.50571085599995],[-71.18405198099993,-13.508592730999908],[-71.18435048099997,-13.514053855999919],[-71.18588585599997,-13.51525360599993],[-71.18909073099996,-13.519942230999959],[-71.18992160599993,-13.523087730999919],[-71.18956560599997,-13.52569910699998],[-71.19300785599995,-13.526648731999956],[-71.20003410599998,-13.52305898099985],[-71.20167998099993,-13.520075480999822],[-71.2066659809999,-13.519040980999932],[-71.20878685599996,-13.519788605999963],[-71.21733560599995,-13.518552105999959],[-71.21956835599997,-13.517195105999974],[-71.21894460599987,-13.515727980999884],[-71.22037210599996,-13.511053605999962],[-71.22209898099999,-13.509580105999873],[-71.22301560599982,-13.506287605999944],[-71.2298481059999,-13.501825855999982],[-71.2347806059999,-13.50024248099993],[-71.23821098099995,-13.493183605999945],[-71.24154010599989,-13.491656105999937],[-71.24750785599991,-13.485383855999942],[-71.25274498099998,-13.48154748099995],[-71.26047873099998,-13.481851855999878],[-71.2630972309999,-13.482399980999958],[-71.26632460599996,-13.479720730999873],[-71.26669010599988,-13.471377855999947],[-71.26547210599995,-13.469246480999914],[-71.26577660599997,-13.465653605999819],[-71.26772535599986,-13.4652273559999],[-71.2715617309999,-13.467906730999971],[-71.27673785599984,-13.466810730999896],[-71.28106148099988,-13.466749730999936],[-71.28410635599994,-13.465592730999845],[-71.29190098099997,-13.460538355999972],[-71.29409323099998,-13.45530135699994],[-71.30115710599995,-13.45420523099989],[-71.3095608559999,-13.456458355999814],[-71.31199648099994,-13.454692480999881],[-71.3149804809999,-13.454022480999981],[-71.32046110599998,-13.454874980999875],[-71.32636798099992,-13.458589730999961],[-71.32843848099992,-13.46066010599992],[-71.33233585599999,-13.459320480999907],[-71.33605048099992,-13.45938135599988],[-71.33952160599989,-13.460538355999972],[-71.34341873099993,-13.459685855999965],[-71.34849160599998,-13.45205560599993],[-71.35073248099997,-13.450447980999968],[-71.35618873099997,-13.453322230999959],[-71.36297498099992,-13.448620980999976],[-71.3706527309999,-13.44632160599997],[-71.37279635599998,-13.446204731999899],[-71.37486185599988,-13.44827023099998],[-71.37544648099987,-13.453492730999926],[-71.37688848099998,-13.45649360699997],[-71.38109760599991,-13.458247480999944],[-71.38265648099991,-13.462846355999886],[-71.38265648099991,-13.467172355999878],[-71.38343610599986,-13.469354855999882],[-71.38752823099998,-13.473641980999957],[-71.38752823099998,-13.47574648199992],[-71.39111385599989,-13.478708480999956],[-71.39555673099989,-13.483735980999825],[-71.39925923099997,-13.484983230999887],[-71.40136385599993,-13.488997480999956],[-71.4061186059999,-13.496441355999934],[-71.40627448099991,-13.50053360599992],[-71.40385810599992,-13.504352980999954],[-71.40541710599996,-13.506145730999947],[-71.41024973099985,-13.509575355999914],[-71.41274398099989,-13.513433730999964],[-71.41625160599995,-13.516941355999847],[-71.41991510599996,-13.518266480999955],[-71.4256052309999,-13.517759855999884],[-71.42954160599999,-13.52033198099997],[-71.43222848099992,-13.520121105999863],[-71.43488073099991,-13.51491473099992],[-71.43932385599999,-13.508678980999946],[-71.44868160599987,-13.50722260599997],[-71.45871673099998,-13.50040098099987],[-71.46737073099996,-13.494939981999948],[-71.47286135599995,-13.489152480999905],[-71.47642573099984,-13.483615230999874],[-71.47753135599999,-13.47827348199985],[-71.48028523099998,-13.472529480999924],[-71.48329098099998,-13.469390605999934],[-71.49053123099986,-13.468812480999873],[-71.49398823099989,-13.466357355999946],[-71.49888673099991,-13.458005855999943],[-71.50228710599998,-13.454896480999878],[-71.50204885599999,-13.45689448099995],[-71.50514260599994,-13.461462855999912],[-71.51145123099991,-13.46358598099988],[-71.51438673099995,-13.466294980999862],[-71.52031635599997,-13.469456980999894],[-71.52602273099996,-13.469176980999919],[-71.52661785599997,-13.469842105999874],[-71.52637285599997,-13.47645860599988],[-71.52465748099996,-13.48261998199996],[-71.51772598099996,-13.489166355999885],[-71.51604560599998,-13.49480260699994],[-71.51597560599998,-13.499143605999961],[-71.51355998099996,-13.501769231999958],[-71.51317498099996,-13.507125355999904],[-71.51426023099998,-13.509120855999981],[-71.51762098099994,-13.51073110599998],[-71.51720085599993,-13.521338480999873],[-71.51653573099998,-13.52553935599991],[-71.51482035599997,-13.531525730999874],[-71.51205473199991,-13.535656606999908],[-71.51289485599989,-13.539017355999874],[-71.5127167309999,-13.54374373099995],[-71.51497998199994,-13.547309231999918],[-71.51501235599994,-13.552043230999914],[-71.51043185599985,-13.556389605999925],[-71.50802473099998,-13.562273855999877],[-71.50792435599993,-13.56407923099988],[-71.50989698099994,-13.568459105999978],[-71.51196985599984,-13.571367731999942],[-71.51196985699994,-13.575613855999904],[-71.51768698099983,-13.579224605999968],[-71.51939210599994,-13.582935730999907],[-71.52333723199996,-13.588385355999947],[-71.52631285599995,-13.590926355999954],[-71.53156185599994,-13.590859480999939],[-71.53333373099991,-13.593467230999977],[-71.53756823099997,-13.597060606999946],[-71.54452398099988,-13.599293981999892],[-71.54706260599994,-13.599078855999949],[-71.55265635599994,-13.594560855999873],[-71.55523798099995,-13.589698730999942],[-71.55575435599997,-13.58302935699993],[-71.55915360599994,-13.580447605999893],[-71.55872323099993,-13.57154073099997],[-71.56636335599995,-13.56554523099993],[-71.56905660599995,-13.562181605999967],[-71.57355773099988,-13.569514605999927],[-71.57713748099997,-13.568574355999942],[-71.58162273099998,-13.565140981999889],[-71.59001748099985,-13.564267855999958],[-71.59353023099999,-13.562759480999944],[-71.59677935599996,-13.562810606999903],[-71.59896848099999,-13.564042855999958],[-71.60459648099999,-13.564980855999977],[-71.60797148199998,-13.567579480999939],[-71.61120973099986,-13.564149106999878],[-71.6136247309999,-13.563984480999864],[-71.61656110599995,-13.565548730999978],[-71.62012660699992,-13.564584980999882],[-71.62362235599988,-13.564817980999976],[-71.62660935599985,-13.566173855999978],[-71.62673010599997,-13.568370855999945],[-71.62470985699997,-13.575972355999909]]]},"properties":{"ubigeo":"071100","nombre":"PAUCARTAMBO"}},{"type":"Feature","geometry":{"type":"Polygon","coordinates":[[[-71.64185373199996,-13.828282606999949],[-71.64755360599986,-13.823370481999973],[-71.65337498199995,-13.823942731999978],[-71.65695760599988,-13.82301735699997],[-71.65997085599997,-13.824322356999858],[-71.66307910599994,-13.823705480999877],[-71.66908185599993,-13.82147510599998],[-71.67064773099992,-13.821522606999906],[-71.67994873099997,-13.824820606999936],[-71.68538185599994,-13.825911981999923],[-71.68922560599998,-13.824085106999917],[-71.69586898099988,-13.82353935599997],[-71.70168198199991,-13.81979060599997],[-71.7090177319999,-13.822557606999965],[-71.71246798099997,-13.820303606999971],[-71.7102547319999,-13.816998356999932],[-71.70945785599997,-13.812630855999885],[-71.70810035599999,-13.810594480999896],[-71.70866110699995,-13.808794356999897],[-71.70458860699995,-13.803659481999944],[-71.70458860699995,-13.801711731999887],[-71.7021982309999,-13.798258980999947],[-71.69921760699992,-13.798052355999971],[-71.69600098199999,-13.795366981999848],[-71.7013128559999,-13.788490856999886],[-71.70104735599989,-13.780316355999958],[-71.70163748199997,-13.779017855999882],[-71.7019311059999,-13.77097185699995],[-71.70382323199988,-13.768275605999975],[-71.7047221059999,-13.764727855999979],[-71.70330285599988,-13.759524480999858],[-71.70921110699999,-13.750145980999946],[-71.71277898099999,-13.74676260599989],[-71.71296360599996,-13.742794855999932],[-71.71939198099994,-13.739842106999959],[-71.72231398099984,-13.737873605999823],[-71.72714298199998,-13.733013855999957],[-71.73028035699997,-13.733659730999932],[-71.73135685599993,-13.735658980999972],[-71.73587823099996,-13.736858606999931],[-71.7398152319999,-13.73255248099997],[-71.74651948099995,-13.726335980999977],[-71.74658048099991,-13.723784480999882],[-71.74523248199995,-13.719936855999947],[-71.74523248199995,-13.717552855999884],[-71.74836723199996,-13.71032810599985],[-71.75329298099996,-13.710716980999962],[-71.76391273199994,-13.708143480999922],[-71.76992848099997,-13.703234855999938],[-71.77975260699998,-13.699251106999952],[-71.78342785699994,-13.696993355999894],[-71.78976173099989,-13.698355480999908],[-71.79411960599992,-13.697490105999975],[-71.79667098099992,-13.694819230999883],[-71.79736198099988,-13.69154623199995],[-71.79891910699996,-13.689300480999975],[-71.80379985699994,-13.684808855999847],[-71.80703385699991,-13.686335981999889],[-71.81140160599989,-13.686431731999903],[-71.81609448099988,-13.685170980999942],[-71.82232823199996,-13.678376855999943],[-71.82716110599989,-13.671442730999956],[-71.82512285699994,-13.667387355999892],[-71.82551510599995,-13.662680480999825],[-71.82770035599992,-13.660663355999816],[-71.82887710599988,-13.655115980999938],[-71.83106235599996,-13.652426355999978],[-71.83246323199995,-13.647831606999944],[-71.83593735599999,-13.64458173199995],[-71.83554510599993,-13.64099560599982],[-71.83838298099982,-13.637757231999842],[-71.84315885699993,-13.630794730999924],[-71.83924410699984,-13.62735823099996],[-71.83590710699997,-13.622093230999894],[-71.83237223199995,-13.62194485599997],[-71.82746060599999,-13.613221480999925],[-71.82210160699998,-13.609820356999819],[-71.8198176059999,-13.607757730999936],[-71.82315560599994,-13.601619606999918],[-71.82734798199994,-13.598439731999918],[-71.82983685699998,-13.594870105999973],[-71.83559010699992,-13.590832355999908],[-71.83335660599994,-13.588253480999981],[-71.82977735599991,-13.585619105999967],[-71.82735748099998,-13.58476948099991],[-71.82099610699998,-13.580169980999926],[-71.81850023099997,-13.578962355999863],[-71.81590985599996,-13.576244981999821],[-71.81756060599997,-13.569923856999935],[-71.8174354809999,-13.567945355999939],[-71.81481060599998,-13.566097606999904],[-71.81732035699997,-13.56212110599995],[-71.81803510599997,-13.558509730999958],[-71.81495310599996,-13.553197230999956],[-71.81504298099992,-13.549050730999966],[-71.81661723199994,-13.547072230999959],[-71.81793560699998,-13.54307423099982],[-71.81602148099995,-13.54125198099996],[-71.81511323099994,-13.538480481999954],[-71.81709185599988,-13.536363230999939],[-71.82089848099997,-13.52174998099997],[-71.81931060699998,-13.517044981999959],[-71.8046259809999,-13.508258105999914],[-71.80277735699997,-13.508365105999815],[-71.79756035599996,-13.51202073099995],[-71.79371273199996,-13.515832730999932],[-71.78716298099988,-13.520627105999893],[-71.78440485599992,-13.522016105999967],[-71.77960298199991,-13.525627480999901],[-71.77561435599995,-13.532770980999885],[-71.7734317309999,-13.53537035699992],[-71.77275698099987,-13.538644480999949],[-71.7699988569999,-13.545629106999911],[-71.76864960599994,-13.54699835599996],[-71.76158860599986,-13.549389980999877],[-71.76010035699989,-13.5508782309999],[-71.75420948199991,-13.559156481999878],[-71.75101598199984,-13.56089273099991],[-71.74914960699994,-13.56356710599988],[-71.7482817319999,-13.569875230999912],[-71.74655048099993,-13.574967106999964],[-71.74256835599988,-13.574330105999934],[-71.73767160699998,-13.570121605999873],[-71.73238473099997,-13.560537106999902],[-71.72285273099999,-13.556913481999914],[-71.72170735599991,-13.554371981999964],[-71.71952348099995,-13.552474605999919],[-71.71737310599997,-13.55566010699988],[-71.71619135599997,-13.559765605999928],[-71.71730760599996,-13.56216685599992],[-71.72445123199992,-13.563468730999887],[-71.72513473099997,-13.566685605999965],[-71.72428510599997,-13.57236910599994],[-71.72172073099995,-13.575097605999929],[-71.71728323099995,-13.576193480999905],[-71.71306060599989,-13.580123105999974],[-71.71069335599998,-13.580646480999917],[-71.70853523099993,-13.584933605999936],[-71.70601948199999,-13.585322231999896],[-71.70392185599997,-13.58694335599995],[-71.70310348099991,-13.589544980999904],[-71.70280073099991,-13.594706980999888],[-71.70069335599999,-13.597773480999933],[-71.69858010599995,-13.602718731999914],[-71.69632623199988,-13.605263730999923],[-71.68814848199997,-13.60978910599988],[-71.68675973199998,-13.611040980999917],[-71.68403123099989,-13.616355480999971],[-71.68099810599995,-13.61779685599987],[-71.68114648099998,-13.619501980999928],[-71.68351373099989,-13.622132855999894],[-71.68138873099991,-13.626203105999878],[-71.6807808559999,-13.62947823099995],[-71.67516248099992,-13.634345106999945],[-71.67072510599996,-13.636313105999875],[-71.66587623099991,-13.637601605999919],[-71.65998948199996,-13.637601605999919],[-71.65574610599992,-13.640009730999964],[-71.6507007319999,-13.63284210699993],[-71.64891898099995,-13.628585480999902],[-71.6459987319999,-13.624675355999955],[-71.64367235599997,-13.623536981999905],[-71.63816460599998,-13.617476481999915],[-71.63184298099998,-13.612944981999874],[-71.62936810599984,-13.609331730999884],[-71.62263673199993,-13.604283105999968],[-71.62154785599984,-13.601313356999981],[-71.61986498099992,-13.599877980999963],[-71.61972398099994,-13.597476981999932],[-71.61931648199993,-13.595922855999959],[-71.62003235599985,-13.589097730999924],[-71.6247574809999,-13.582988480999916],[-71.62470985699997,-13.575972355999909],[-71.62673010599997,-13.568370855999945],[-71.62660935599985,-13.566173855999978],[-71.62362235599988,-13.564817980999976],[-71.62012660699992,-13.564584980999882],[-71.61656110599995,-13.565548730999978],[-71.6136247309999,-13.563984480999864],[-71.61120973099986,-13.564149106999878],[-71.60797148199998,-13.567579480999939],[-71.60459648099999,-13.564980855999977],[-71.59896848099999,-13.564042855999958],[-71.59677935599996,-13.562810606999903],[-71.59353023099999,-13.562759480999944],[-71.59001748099985,-13.564267855999958],[-71.58162273099998,-13.565140981999889],[-71.57713748099997,-13.568574355999942],[-71.57355773099988,-13.569514605999927],[-71.56905660599995,-13.562181605999967],[-71.56636335599995,-13.56554523099993],[-71.55872323099993,-13.57154073099997],[-71.55915360599994,-13.580447605999893],[-71.55575435599997,-13.58302935699993],[-71.55523798099995,-13.589698730999942],[-71.55265635599994,-13.594560855999873],[-71.54706260599994,-13.599078855999949],[-71.54452398099988,-13.599293981999892],[-71.53756823099997,-13.597060606999946],[-71.53333373099991,-13.593467230999977],[-71.53156185599994,-13.590859480999939],[-71.52631285599995,-13.590926355999954],[-71.52333723199996,-13.588385355999947],[-71.51939210599994,-13.582935730999907],[-71.51768698099983,-13.579224605999968],[-71.51196985699994,-13.575613855999904],[-71.51196985599984,-13.571367731999942],[-71.50989698099994,-13.568459105999978],[-71.50792435599993,-13.56407923099988],[-71.50802473099998,-13.562273855999877],[-71.51043185599985,-13.556389605999925],[-71.51501235599994,-13.552043230999914],[-71.51497998199994,-13.547309231999918],[-71.5127167309999,-13.54374373099995],[-71.51289485599989,-13.539017355999874],[-71.51205473199991,-13.535656606999908],[-71.51482035599997,-13.531525730999874],[-71.51653573099998,-13.52553935599991],[-71.51720085599993,-13.521338480999873],[-71.51762098099994,-13.51073110599998],[-71.51426023099998,-13.509120855999981],[-71.51317498099996,-13.507125355999904],[-71.51355998099996,-13.501769231999958],[-71.51597560599998,-13.499143605999961],[-71.51604560599998,-13.49480260699994],[-71.51772598099996,-13.489166355999885],[-71.52465748099996,-13.48261998199996],[-71.52637285599997,-13.47645860599988],[-71.52661785599997,-13.469842105999874],[-71.52602273099996,-13.469176980999919],[-71.52031635599997,-13.469456980999894],[-71.51438673099995,-13.466294980999862],[-71.51145123099991,-13.46358598099988],[-71.50514260599994,-13.461462855999912],[-71.50204885599999,-13.45689448099995],[-71.50228710599998,-13.454896480999878],[-71.49888673099991,-13.458005855999943],[-71.49398823099989,-13.466357355999946],[-71.49053123099986,-13.468812480999873],[-71.48329098099998,-13.469390605999934],[-71.48028523099998,-13.472529480999924],[-71.47753135599999,-13.47827348199985],[-71.47642573099984,-13.483615230999874],[-71.47286135599995,-13.489152480999905],[-71.46737073099996,-13.494939981999948],[-71.45871673099998,-13.50040098099987],[-71.44868160599987,-13.50722260599997],[-71.43932385599999,-13.508678980999946],[-71.43488073099991,-13.51491473099992],[-71.43222848099992,-13.520121105999863],[-71.42954160599999,-13.52033198099997],[-71.4256052309999,-13.517759855999884],[-71.41991510599996,-13.518266480999955],[-71.41625160599995,-13.516941355999847],[-71.41274398099989,-13.513433730999964],[-71.41024973099985,-13.509575355999914],[-71.40541710599996,-13.506145730999947],[-71.40385810599992,-13.504352980999954],[-71.40627448099991,-13.50053360599992],[-71.4061186059999,-13.496441355999934],[-71.40136385599993,-13.488997480999956],[-71.39925923099997,-13.484983230999887],[-71.39555673099989,-13.483735980999825],[-71.39111385599989,-13.478708480999956],[-71.38752823099998,-13.47574648199992],[-71.38752823099998,-13.473641980999957],[-71.38343610599986,-13.469354855999882],[-71.38265648099991,-13.467172355999878],[-71.38265648099991,-13.462846355999886],[-71.38109760599991,-13.458247480999944],[-71.37688848099998,-13.45649360699997],[-71.37544648099987,-13.453492730999926],[-71.37486185599988,-13.44827023099998],[-71.37279635599998,-13.446204731999899],[-71.3706527309999,-13.44632160599997],[-71.36297498099992,-13.448620980999976],[-71.35618873099997,-13.453322230999959],[-71.35073248099997,-13.450447980999968],[-71.34849160599998,-13.45205560599993],[-71.34341873099993,-13.459685855999965],[-71.33952160599989,-13.460538355999972],[-71.33605048099992,-13.45938135599988],[-71.33233585599999,-13.459320480999907],[-71.32843848099992,-13.46066010599992],[-71.32636798099992,-13.458589730999961],[-71.32046110599998,-13.454874980999875],[-71.3149804809999,-13.454022480999981],[-71.31199648099994,-13.454692480999881],[-71.3095608559999,-13.456458355999814],[-71.30115710599995,-13.45420523099989],[-71.29409323099998,-13.45530135699994],[-71.29190098099997,-13.460538355999972],[-71.28410635599994,-13.465592730999845],[-71.28106148099988,-13.466749730999936],[-71.27673785599984,-13.466810730999896],[-71.2715617309999,-13.467906730999971],[-71.26772535599986,-13.4652273559999],[-71.26577660599997,-13.465653605999819],[-71.26547210599995,-13.469246480999914],[-71.26669010599988,-13.471377855999947],[-71.26632460599996,-13.479720730999873],[-71.2630972309999,-13.482399980999958],[-71.26047873099998,-13.481851855999878],[-71.25274498099998,-13.48154748099995],[-71.24750785599991,-13.485383855999942],[-71.24154010599989,-13.491656105999937],[-71.23821098099995,-13.493183605999945],[-71.2347806059999,-13.50024248099993],[-71.2298481059999,-13.501825855999982],[-71.22301560599982,-13.506287605999944],[-71.22209898099999,-13.509580105999873],[-71.22037210599996,-13.511053605999962],[-71.21894460599987,-13.515727980999884],[-71.21956835599997,-13.517195105999974],[-71.21733560599995,-13.518552105999959],[-71.20878685599996,-13.519788605999963],[-71.2066659809999,-13.519040980999932],[-71.20167998099993,-13.520075480999822],[-71.20003410599998,-13.52305898099985],[-71.19300785599995,-13.526648731999956],[-71.18956560599997,-13.52569910699998],[-71.18992160599993,-13.523087730999919],[-71.18909073099996,-13.519942230999959],[-71.18588585599997,-13.51525360599993],[-71.18435048099997,-13.514053855999919],[-71.18405198099993,-13.508592730999908],[-71.18224235599996,-13.50571085599995],[-71.18023173099988,-13.500550105999878],[-71.17529685599993,-13.497392605999949],[-71.17317572999997,-13.494207980999931],[-71.17049885599988,-13.493590230999928],[-71.16504235599996,-13.495649230999902],[-71.16185085599994,-13.497656855999935],[-71.16031448099994,-13.49758198099994],[-71.15578122999995,-13.487986355999965],[-71.15356460599992,-13.488569105999943],[-71.15058460599994,-13.487444605999883],[-71.14901023099986,-13.48508310599982],[-71.14715485499983,-13.480697480999936],[-71.14327510599998,-13.476536730999953],[-71.14603023099994,-13.472207355999956],[-71.14518685499996,-13.46962098199998],[-71.14648010599996,-13.464897605999965],[-71.1485042299999,-13.463154730999918],[-71.14912285499986,-13.458319230999962],[-71.14822310599993,-13.455564105999883],[-71.1489541059999,-13.45067248099997],[-71.14586160499994,-13.445162231999973],[-71.1452431059999,-13.441732480999974],[-71.14754848099989,-13.438246480999908],[-71.14985372999985,-13.429699980999942],[-71.15082548099997,-13.424343355999952],[-71.15439510599998,-13.42030223099988],[-71.15675235599997,-13.419224730999929],[-71.15823398099991,-13.415924480999877],[-71.15816673099994,-13.41222035699991],[-71.16146685599989,-13.409526230999916],[-71.16173623099996,-13.40339735599997],[-71.15985035499989,-13.401309480999885],[-71.15877285599998,-13.394708980999894],[-71.15729110499996,-13.393564105999928],[-71.15284597999988,-13.39363148099983],[-71.15008460599995,-13.39140898099987],[-71.15026785599991,-13.38699748099998],[-71.14906098099988,-13.384626730999969],[-71.14837123099994,-13.380100980999941],[-71.15297660599992,-13.375373105999927],[-71.15268160599999,-13.373979980999934],[-71.14664710599999,-13.37165235599997],[-71.14773323099996,-13.366053105999981],[-71.14347023099998,-13.357897105999882],[-71.13965635599999,-13.353815605999955],[-71.13771598099999,-13.352811980999945],[-71.13443748099996,-13.349160105999886],[-71.13497273099995,-13.346455480999907],[-71.1326977299999,-13.34137035599997],[-71.13102498099988,-13.336084480999887],[-71.12638285599996,-13.332558605999907],[-71.12188510599992,-13.33093910599996],[-71.12140335599997,-13.328958605999958],[-71.12231335599995,-13.326014480999959],[-71.11910173099994,-13.320501105999881],[-71.11348122999988,-13.318948855999963],[-71.1120359809999,-13.317235980999897],[-71.11503360599988,-13.309474355999953],[-71.11674648099995,-13.308510730999956],[-71.11833785499988,-13.305206980999913],[-71.11514060599995,-13.30155223099996],[-71.11058710499987,-13.301708480999821],[-71.1074132309999,-13.300900480999928],[-71.10406623099988,-13.30372823099998],[-71.10146923099995,-13.30442073099988],[-71.09685260599997,-13.303266605999966],[-71.09229360499995,-13.29818823099987],[-71.09171660599992,-13.295475980999981],[-71.09460198099993,-13.292261605999954],[-71.09344785499991,-13.288383605999968],[-71.09090623099985,-13.286361605999844],[-71.08979347999997,-13.283280355999977],[-71.08157673099993,-13.281140480999966],[-71.07815298099996,-13.277374480999981],[-71.06976660599992,-13.266452355999945],[-71.06680835599985,-13.262179355999876],[-71.06417873099997,-13.256700980999938],[-71.05940548099983,-13.257453355999928],[-71.05361948099988,-13.25965748099992],[-71.04764973099998,-13.262780105999923],[-71.04094523099991,-13.268749855999943],[-71.03626122999987,-13.270494855999914],[-71.03203648099998,-13.271045855999944],[-71.02790360599988,-13.270678480999948],[-71.02340335599996,-13.269117230999882],[-71.0183521059999,-13.26902535599993],[-71.01403535499986,-13.267188480999891],[-71.01200198099991,-13.264962855999954],[-71.00965385599989,-13.26066360599998],[-71.00811323099987,-13.255902355999922],[-71.00789897999988,-13.251530355999932],[-71.00901698099995,-13.245661355999971],[-71.01149235599996,-13.239792230999967],[-71.0078592299999,-13.230968730999962],[-71.00111172999993,-13.229331730999888],[-70.99472360499993,-13.222783855999978],[-70.9924478559999,-13.2229836059999],[-70.99085085599995,-13.22154635599992],[-70.99057135499999,-13.21551748099995],[-70.99432435599994,-13.203220480999903],[-70.99352573099992,-13.20098448099992],[-70.98993248099998,-13.197670855999945],[-70.98841535599996,-13.194636480999975],[-70.98780472999988,-13.189593730999889],[-70.98486197999995,-13.185932730999923],[-70.9838238559999,-13.18253898099988],[-70.98082948099989,-13.178546480999955],[-70.97791497999998,-13.173555730999908],[-70.97747573099997,-13.170481355999925],[-70.97452123099998,-13.16828560599987],[-70.96973022999998,-13.167726605999974],[-70.96669585599994,-13.16936360599982],[-70.9629827309999,-13.169483355999944],[-70.95954923099998,-13.166409105999946],[-70.9573532309999,-13.16345460599996],[-70.94928335599991,-13.158638605999897],[-70.94384347999994,-13.157540605999884],[-70.94219022999994,-13.156498854999938],[-70.93857197999995,-13.150135730999978],[-70.9376362299999,-13.144084605999979],[-70.93994210499983,-13.13862073099989],[-70.94228035499992,-13.135486605999915],[-70.94043960599987,-13.132750355999917],[-70.93536873099998,-13.130008855999904],[-70.92825810499994,-13.129237480999961],[-70.92520610599996,-13.12443635599982],[-70.92214610499997,-13.121517730999926],[-70.92304060599992,-13.115632980999976],[-70.92139285499991,-13.110830980999935],[-70.91706160499984,-13.109748355999898],[-70.91371910599986,-13.107817980999869],[-70.90816385599993,-13.107629730999918],[-70.89747723099998,-13.104051729999924],[-70.8899447309999,-13.102874855999971],[-70.89309897999993,-13.09647223099995],[-70.89498210499994,-13.091340730999889],[-70.89460547999988,-13.088515980999944],[-70.89710060599998,-13.08625610599995],[-70.89667685599994,-13.08399647999994],[-70.89903073099993,-13.08074810599993],[-70.8985129809999,-13.076699480999935],[-70.90006647999991,-13.071191355999929],[-70.89926622999997,-13.06968485599998],[-70.89215735599998,-13.070485105999921],[-70.89069798099996,-13.069637730999887],[-70.88217685499995,-13.070673480999972],[-70.87912110499997,-13.073837855999955],[-70.87511523099994,-13.074816355999928],[-70.86970123099996,-13.078394230999947],[-70.86311035599988,-13.080324355999949],[-70.85939110499999,-13.079618355999969],[-70.85529535599994,-13.07975948099994],[-70.85242360599995,-13.079100480999841],[-70.85082297999992,-13.077405605999957],[-70.84945772999993,-13.07199160599987],[-70.84296098099998,-13.067048480999972],[-70.83698198099984,-13.068037105999963],[-70.82954373099989,-13.067001230999892],[-70.82634235599994,-13.068601980999915],[-70.8209754799999,-13.070014354999898],[-70.81735348099988,-13.06985148099983],[-70.81334885599983,-13.072933230999979],[-70.81203072999995,-13.077593980999893],[-70.80722872999996,-13.081736980999949],[-70.80289760599999,-13.084137730999885],[-70.79985347999991,-13.089910105999934],[-70.79621248099994,-13.091764355999942],[-70.79174847999997,-13.092554980999921],[-70.77887535599996,-13.09988522999987],[-70.77429085499989,-13.103278230999877],[-70.77136385499989,-13.10353735599989],[-70.76962847999994,-13.105298605999963],[-70.76286823099997,-13.107733480999912],[-70.75841310599986,-13.108044230999951],[-70.7540468549999,-13.105585980999933],[-70.75072172999995,-13.105465980999952],[-70.74601697999998,-13.103492979999942],[-70.73220610499999,-13.10511185599995],[-70.72780485499987,-13.10511185599995],[-70.72294822999993,-13.105820105999953],[-70.71298222999991,-13.109260105999908],[-70.71004810499988,-13.109462605999965],[-70.70564685499988,-13.10516248099998],[-70.70205498099995,-13.104352980999977],[-70.69588310499984,-13.105870730999982],[-70.69305010599999,-13.10501060599995],[-70.68763710499996,-13.10551660599998],[-70.68520872999994,-13.1067812309999],[-70.68394410499991,-13.105465979999963],[-70.68343822999998,-13.098434104999967],[-70.67913810499988,-13.096359980999978],[-70.67463560599987,-13.096612855999922],[-70.66962098099998,-13.090672479999967],[-70.65975610499993,-13.08845910599996],[-70.65842822999991,-13.090229730999908],[-70.65387510499994,-13.093265105999876],[-70.64793097999984,-13.093391605999955],[-70.64167385499991,-13.09075585599993],[-70.63737047999996,-13.090798855999935],[-70.63003497999989,-13.091810730999953],[-70.62491285599992,-13.093138605999968],[-70.62118197999996,-13.095857855999895],[-70.61422585499986,-13.09946235599989],[-70.6097993549999,-13.099715230999948],[-70.60638460599995,-13.101738854999951],[-70.60126247999989,-13.100474105999922],[-70.59949185499994,-13.09914623099985],[-70.58754010499996,-13.103129980999938],[-70.58507397999995,-13.105280105999952],[-70.58355623099993,-13.112994854999954],[-70.57799147999992,-13.117547980999973],[-70.57438685499994,-13.122922980999931],[-70.57052960499993,-13.130321729999878],[-70.56673535499993,-13.13101723099993],[-70.56161035499991,-13.133820355999887],[-70.55800848099989,-13.136694229999932],[-70.55670572999992,-13.140181105999943],[-70.55455985499992,-13.143131605999884],[-70.55103460599992,-13.145967105999944],[-70.54984672999996,-13.152864355999952],[-70.54199160499996,-13.154626980999979],[-70.5351711049999,-13.154320480999843],[-70.52972985499991,-13.15255785599993],[-70.52555322999996,-13.153055980999909],[-70.52195135499989,-13.155355105999888],[-70.5118353549999,-13.15723260599998],[-70.50903322999989,-13.158703105999905],[-70.50432497999998,-13.159455105999939],[-70.50076147999988,-13.156542980999973],[-70.49773435499998,-13.156542980999973],[-70.49429847999994,-13.157649855999978],[-70.47937385499989,-13.160167230999889],[-70.47086260599997,-13.159148229999971],[-70.46424772999995,-13.15969060499998],[-70.4582914799999,-13.163281230999871],[-70.44912472999994,-13.167632230999914],[-70.44650572999996,-13.17037810599993],[-70.43847247999992,-13.171986355999934],[-70.43594497999987,-13.173461730999975],[-70.43104485499998,-13.173461729999872],[-70.42546885499985,-13.176123105999977],[-70.42048423099999,-13.175404980999929],[-70.41773835499998,-13.176629980999905],[-70.41372535499994,-13.176756729999909],[-70.41228910499996,-13.177643855999975],[-70.40959760499999,-13.18275198099991],[-70.40485435499994,-13.18359998099993],[-70.40105247999998,-13.181234480999876],[-70.39843347999988,-13.182670605999931],[-70.39547647999984,-13.183050855999966],[-70.39125260499992,-13.187632105999967],[-70.38846685499993,-13.192388730999937],[-70.38739897999994,-13.195671605999962],[-70.38532710499993,-13.199038355999903],[-70.38446385499992,-13.2047358559999],[-70.38722622999995,-13.211037730999976],[-70.39000897999989,-13.215340105999928],[-70.3910742299999,-13.219084605999967],[-70.39065872999998,-13.222037605999958],[-70.38794660499997,-13.225163230999954],[-70.38839860499996,-13.228233855999974],[-70.39062648099991,-13.232108480999955],[-70.39408135499997,-13.234174855999925],[-70.4005278549999,-13.234743730999924],[-70.40276622999994,-13.237806855999906],[-70.40641835499986,-13.237924605999979],[-70.41127772999994,-13.241178605999892],[-70.41525297999993,-13.241986105999842],[-70.41736472999997,-13.243600980999872],[-70.42202322999987,-13.249936480999963],[-70.42295497999993,-13.254719105999982],[-70.42040835499989,-13.258570105999922],[-70.4163088549999,-13.260681980999891],[-70.40792360499995,-13.263042230999872],[-70.40748885499994,-13.26739010599988],[-70.40535235499993,-13.269408480999914],[-70.40134722999994,-13.27060448099985],[-70.39351560499995,-13.270363355999962],[-70.38656935499995,-13.271739105999927],[-70.38240097999994,-13.271612730999948],[-70.37608522999989,-13.273507480999967],[-70.37083747999992,-13.276411355999812],[-70.36706860499993,-13.28168773099992],[-70.36329972999994,-13.284223230999942],[-70.35816035499994,-13.286347480999893],[-70.35473410499998,-13.291897980999977],[-70.35260972999998,-13.292994480999937],[-70.34829272999991,-13.293611105999958],[-70.34664810499999,-13.295187230999886],[-70.34507197999989,-13.29977835599982],[-70.34678510499998,-13.302724980999926],[-70.34692222999996,-13.305260480999891],[-70.34512060499998,-13.310460480999836],[-70.34584660499985,-13.312746105999963],[-70.34826660499988,-13.313122605999922],[-70.35001447999991,-13.311643730999947],[-70.35878047999984,-13.308847105999916],[-70.36673985499988,-13.307126230999927],[-70.36918685499995,-13.307583355999896],[-70.36999347999989,-13.31132110599998],[-70.37281685499994,-13.31331085599993],[-70.37814110599999,-13.312530980999895],[-70.38222822999995,-13.311025230999917],[-70.38658435499997,-13.31175123099996],[-70.38895072999998,-13.313283980999927],[-70.39283622999994,-13.314160730999902],[-70.3955987299999,-13.316665480999973],[-70.40195072999995,-13.326540230999967],[-70.4022818549999,-13.33211510599989],[-70.4011387299999,-13.334885105999945],[-70.39475510499994,-13.338154730999918],[-70.39335385499999,-13.340723730999969],[-70.39273110499988,-13.344771855999966],[-70.39389872999993,-13.350532480999902],[-70.39623422999983,-13.353023605999965],[-70.39701272999991,-13.35831735599993],[-70.39958172999997,-13.363766605999956],[-70.39911460499997,-13.367581105999932],[-70.39950035499999,-13.371643605999964],[-70.40454960499994,-13.370097980999901],[-70.40661210499997,-13.367918355999961],[-70.41275260499992,-13.36400423099991],[-70.41723647999993,-13.361813730999927],[-70.41886635499998,-13.35893723099997],[-70.42266997999991,-13.358713480999938],[-70.42631360499985,-13.359608480999896],[-70.4290303549999,-13.357850605999943],[-70.4320027309999,-13.358010230999923],[-70.43404835499996,-13.362101480999968],[-70.44060047999994,-13.363156230999834],[-70.44440385499996,-13.364562480999837],[-70.45044460499992,-13.36449860599987],[-70.45236235599998,-13.36852573099992],[-70.44836710499999,-13.374694355999964],[-70.44603397999992,-13.38166198099998],[-70.44708860499998,-13.385752981999872],[-70.44523485499997,-13.388054230999956],[-70.44255010499995,-13.393359855999904],[-70.44315735499993,-13.395820980999872],[-70.44868672999996,-13.397770606999927],[-70.45095597999995,-13.402117355999849],[-70.45076422999989,-13.410842855999874],[-70.45268322999993,-13.413334730999907],[-70.45709372999994,-13.416324230999976],[-70.45812623099994,-13.421542605999946],[-70.45916297999997,-13.423443356999826],[-70.46233435599993,-13.425800980999952],[-70.46767197999998,-13.435836855999867],[-70.47045260499982,-13.437818481999955],[-70.47182698099994,-13.439927980999869],[-70.47099610499993,-13.442325105999885],[-70.46866272999995,-13.443028230999971],[-70.45741222999999,-13.444274730999894],[-70.4531613559999,-13.445457355999963],[-70.45261797999996,-13.447918355999946],[-70.45624497999995,-13.451587605999862],[-70.45662497999996,-13.456558730999859],[-70.4594746059999,-13.459820105999881],[-70.46393910499984,-13.463366355999938],[-70.46621885499991,-13.466184356999861],[-70.46881523099995,-13.472010355999885],[-70.46910022999992,-13.474258605999921],[-70.47141160599995,-13.476348230999974],[-70.47479960499987,-13.47805798099995],[-70.48258872999997,-13.487651980999829],[-70.48477347999989,-13.490913230999922],[-70.48879472999982,-13.500380730999893],[-70.48996622999994,-13.501077105999968],[-70.49576060499993,-13.501425480999899],[-70.50447872999996,-13.505909980999888],[-70.50940422999992,-13.50897073099992],[-70.51987385499996,-13.513967605999824],[-70.53403172999998,-13.525270106999926],[-70.53982760499997,-13.532619605999969],[-70.54249010499984,-13.54000223199995],[-70.54590647999999,-13.545437105999838],[-70.54659773099996,-13.549843355999883],[-70.54594960499998,-13.553169730999969],[-70.54304185499984,-13.557015730999979],[-70.54215285499998,-13.55977473099989],[-70.54267398099995,-13.567101230999981],[-70.54242873099992,-13.572741730999951],[-70.54172372999994,-13.574488980999945],[-70.54362547999989,-13.577635230999931],[-70.54660872999989,-13.578225980999946],[-70.55027122999991,-13.576837605999913],[-70.55425873099995,-13.580795730999853],[-70.55836423099993,-13.583335855999962],[-70.56037273099992,-13.58661435599987],[-70.56964722999999,-13.587205105999942],[-70.57165572999992,-13.58602360599997],[-70.57439273099999,-13.586454730999833],[-70.57787010499993,-13.585841105999975],[-70.58032460599998,-13.586932106999882],[-70.58423835499997,-13.59124435599989],[-70.58584822999995,-13.596428855999875],[-70.58860422999999,-13.598584480999875],[-70.59247872999993,-13.599484980999875],[-70.59728135499995,-13.5986663569999],[-70.60071935499991,-13.599075605999928],[-70.60486697999988,-13.603032231999919],[-70.60770472999997,-13.604696730999876],[-70.61067897999993,-13.608953481999947],[-70.61619085599989,-13.6090624819999],[-70.62167547999991,-13.617575980999902],[-70.62156635599996,-13.621095980999826],[-70.62526060499994,-13.625852481999914],[-70.62747510499992,-13.627750480999907],[-70.6332053559999,-13.629879605999975],[-70.63691635599992,-13.632775230999982],[-70.63740297999988,-13.637666106999916],[-70.64428922999997,-13.641157980999935],[-70.64786610599998,-13.644832231999828],[-70.64836172999986,-13.650231605999977],[-70.65360610599998,-13.652623731999938],[-70.65391285599998,-13.6559361059999],[-70.66016935499994,-13.657040231999872],[-70.66280698099985,-13.660567105999917],[-70.66489248099998,-13.661395231999961],[-70.66875685499991,-13.661211231999914],[-70.67065835499994,-13.662069980999945],[-70.68096322999992,-13.658113605999972],[-70.68458222999993,-13.654617230999975],[-70.68887585599992,-13.652593106999973],[-70.69194285499987,-13.653053105999959],[-70.6982607299999,-13.657285480999917],[-70.69899685499996,-13.659401730999946],[-70.70424123099986,-13.658420106999927],[-70.70694022999999,-13.6604444809999],[-70.71009910499993,-13.660689730999934],[-70.71537423099994,-13.662652605999938],[-70.71439285599996,-13.66780510599989],[-70.71500622999997,-13.672589480999932],[-70.71425235499993,-13.677209356999981],[-70.71625397999992,-13.680599105999875],[-70.7209404809999,-13.683006855999963],[-70.72044960499994,-13.687588606999896],[-70.72103872999986,-13.689552231999926],[-70.72054785499984,-13.69439573099993],[-70.72123510599994,-13.700155606999886],[-70.72388247999999,-13.703173231999926],[-70.72717485499999,-13.704061230999912],[-70.73134522999999,-13.706680355999936],[-70.73564498099995,-13.711784480999825],[-70.73578360599993,-13.713226980999877],[-70.73353673099984,-13.716084230999968],[-70.7339251059999,-13.720716731999914],[-70.73253810499989,-13.72812360699993],[-70.73495410499999,-13.734280981999916],[-70.73474710499988,-13.739016730999879],[-70.73105697999995,-13.7413947309999],[-70.72641022999994,-13.747134855999946],[-70.72389560499988,-13.755170980999878],[-70.72170885599996,-13.757385106999948],[-70.72231023099988,-13.761457856999925],[-70.71982285499996,-13.76301585699997],[-70.71840148099994,-13.765776480999875],[-70.72159948099988,-13.769111231999943],[-70.72181822999994,-13.771024605999969],[-70.71941272999999,-13.77209060599995],[-70.7149301049999,-13.772309356999926],[-70.71350872999989,-13.773320731999945],[-70.71225135599985,-13.776600731999906],[-70.70790172999995,-13.782512605999955],[-70.70574310499995,-13.787871605999896],[-70.70518498099995,-13.792560855999909],[-70.69945347999993,-13.801083356999868],[-70.69885822999998,-13.80316760699992],[-70.70302647999995,-13.81332723199995],[-70.70280310499999,-13.817086231999951],[-70.70421735499991,-13.82151498199994],[-70.70650985499998,-13.823950855999954],[-70.70855835499998,-13.828099731999941],[-70.70950973099986,-13.840480480999872],[-70.71063472999992,-13.841578106999918],[-70.71306235599997,-13.836757856999895],[-70.71831247999995,-13.832615231999966],[-70.72136135599999,-13.829341855999928],[-70.72386322999995,-13.829107480999937],[-70.72860347999995,-13.826341855999885],[-70.72912298099993,-13.824990231999948],[-70.73260935599995,-13.823414105999916],[-70.7359238549999,-13.824248106999903],[-70.74283397999994,-13.82010160699997],[-70.74925585499989,-13.818031231999953],[-70.7519141059999,-13.81648248199997],[-70.75725585599986,-13.815978480999945],[-70.76837497999998,-13.81433210699987],[-70.7721913549999,-13.81447660699996],[-70.77373047999998,-13.815572230999976],[-70.77852147999988,-13.815066356999978],[-70.78263672999998,-13.816839855999888],[-70.78725585599994,-13.817662106999876],[-70.79025585499994,-13.816732481999964],[-70.79449410599995,-13.818058606999841],[-70.79631447999992,-13.822150356999884],[-70.80007622999989,-13.822423855999887],[-70.80441410599997,-13.820165981999935],[-70.80642185599999,-13.821439605999899],[-70.81104297999991,-13.821787106999977],[-70.8143652309999,-13.820326231999957],[-70.81790623099988,-13.820525356999838],[-70.81966397999992,-13.823708980999982],[-70.82387310599995,-13.824767606999899],[-70.82655473099993,-13.8272363559999],[-70.82840035599997,-13.827630855999928],[-70.8302246049999,-13.825998105999929],[-70.83497072999995,-13.824327980999954],[-70.83617772999997,-13.822191355999905],[-70.83891997999996,-13.819958980999957],[-70.84045685599995,-13.820162106999874],[-70.84335347999996,-13.817945356999871],[-70.84706448099996,-13.816970731999959],[-70.85027085599995,-13.81278623199995],[-70.84995073099986,-13.808082355999943],[-70.8511396049999,-13.80118635699995],[-70.85392648099992,-13.798604981999972],[-70.85652060599989,-13.800287355999899],[-70.86250235499995,-13.800291856999934],[-70.86438773099997,-13.793198231999895],[-70.86944785599997,-13.790351855999916],[-70.87020548099991,-13.785944105999931],[-70.87211622999985,-13.78423098099995],[-70.87751898099992,-13.782715606999943],[-70.88582073099991,-13.777971731999855],[-70.88832447999994,-13.777905855999904],[-70.89629673099995,-13.785219356999903],[-70.89735097999994,-13.787657106999973],[-70.90057935599998,-13.790819730999942],[-70.90514573099995,-13.793068231999882],[-70.90472122999995,-13.796064230999889],[-70.90533372999988,-13.80396185599983],[-70.90706610599995,-13.809196105999945],[-70.91252148099989,-13.813803605999965],[-70.91587573099997,-13.811923730999922],[-70.92210523099999,-13.807463606999931],[-70.92977210599997,-13.804367356999876],[-70.93281298099998,-13.801173106999897],[-70.93501260499988,-13.800623231999964],[-70.9386786049999,-13.801784106999946],[-70.94114597999987,-13.80344835699998],[-70.94422598099999,-13.80406435599997],[-70.9493593549999,-13.80382473099985],[-70.95113885599989,-13.804919856999959],[-70.95654598099998,-13.804714481999838],[-70.95818860599991,-13.80375635699994],[-70.95935223099991,-13.799991855999963],[-70.96304810499998,-13.797972730999959],[-70.96852373099989,-13.796364356999959],[-70.96924235599994,-13.794858605999877],[-70.96999523099998,-13.782743980999896],[-70.97204847999996,-13.779629731999876],[-70.9754023559999,-13.778192355999977],[-70.98214410499992,-13.777199980999967],[-70.98311685599998,-13.772015106999959],[-70.98300710599995,-13.769199855999886],[-70.98618810499988,-13.766786730999968],[-70.98827210499991,-13.763313230999813],[-70.99163585599996,-13.761338855999952],[-70.99997210599997,-13.75994948199991],[-71.0036687299999,-13.756051356999876],[-71.00870872999991,-13.75521135699995],[-71.01223198099996,-13.752784730999963],[-71.01743523099998,-13.751664731999938],[-71.0200718559999,-13.751991355999962],[-71.02551135499994,-13.750075230999869],[-71.03289035499995,-13.753283481999858],[-71.03557373099989,-13.753225105999888],[-71.04129048099998,-13.750130730999956],[-71.04872810499995,-13.747249106999902],[-71.05920310599987,-13.739616730999899],[-71.06200685499994,-13.736618355999951],[-71.07594760599994,-13.729764856999907],[-71.08097073099998,-13.725501981999969],[-71.08228698099998,-13.72904773099998],[-71.08524510599995,-13.73146248199987],[-71.08699573099994,-13.734722480999949],[-71.09061798099998,-13.738586230999886],[-71.09368548099997,-13.746628106999935],[-71.09864722999998,-13.751384605999931],[-71.10118273099988,-13.758387605999928],[-71.10353710599998,-13.76037973099983],[-71.1068574809999,-13.759534480999946],[-71.11156635599997,-13.75971560599993],[-71.11579223099994,-13.760862731999907],[-71.12219148099996,-13.761587106999968],[-71.1237611059999,-13.759896731999902],[-71.13222472999996,-13.755981980999934],[-71.13615485599996,-13.750971231999927],[-71.13605660599984,-13.746648106999828],[-71.13829210599988,-13.744064230999982],[-71.16376948099997,-13.743197230999954],[-71.16463423099992,-13.743691855999941],[-71.16746648099996,-13.74919410599989],[-71.16779348099993,-13.752281356999902],[-71.17040835599994,-13.754424356999948],[-71.17262385599992,-13.759036980999952],[-71.17661010599988,-13.762764355999934],[-71.17878935599998,-13.765624605999903],[-71.17952023099997,-13.768119356999932],[-71.17947035599985,-13.774205356999971],[-71.17851698099992,-13.776021356999934],[-71.17901635499993,-13.779108605999966],[-71.18233048099995,-13.78042523199997],[-71.18380072999986,-13.78271673199987],[-71.18266735599997,-13.785869980999905],[-71.18322223099995,-13.788724855999874],[-71.19309823099996,-13.793154981999976],[-71.19758473099995,-13.790925856999934],[-71.20480498099994,-13.78898473199996],[-71.20809973099995,-13.787035105999962],[-71.21092660599999,-13.78245360699998],[-71.21445548099996,-13.778573980999965],[-71.21930985599988,-13.780250731999956],[-71.22361835599986,-13.780387230999963],[-71.22472960599998,-13.785397480999904],[-71.22848260599989,-13.789325730999963],[-71.22895160599995,-13.793181981999965],[-71.2307756059999,-13.797924355999953],[-71.23358973099994,-13.806992106999928],[-71.23708123099993,-13.814861230999952],[-71.24225148099998,-13.819486855999969],[-71.25157123099996,-13.82461285599993],[-71.25797860499995,-13.825816605999933],[-71.26248323099998,-13.824806980999881],[-71.26749260499997,-13.825117606999925],[-71.27061297999995,-13.826207605999969],[-71.27531973099991,-13.825284230999955],[-71.28036410599992,-13.827401231999943],[-71.28475560599992,-13.826657981999915],[-71.28931235599993,-13.82770623099998],[-71.29765660599998,-13.840483355999936],[-71.29768560599996,-13.843976605999956],[-71.3010792309999,-13.84781673099991],[-71.3044293559999,-13.857571856999982],[-71.30277398099997,-13.85972385599996],[-71.30316798099989,-13.863852856999927],[-71.30171673099989,-13.866301605999922],[-71.30080048099995,-13.872976355999924],[-71.3051787309999,-13.873216356999876],[-71.31141623099995,-13.875855106999893],[-71.3107264809999,-13.88122310599988],[-71.30883723099998,-13.883892106999895],[-71.30781773099994,-13.890009606999968],[-71.31138623099997,-13.892228731999921],[-71.31303560599991,-13.895977231999836],[-71.31777373099999,-13.898646231999976],[-71.31945310599997,-13.905093731999898],[-71.32023273099998,-13.905993356999886],[-71.32648348099997,-13.907156106999935],[-71.32880510599995,-13.908379231999959],[-71.33505098099994,-13.905680980999819],[-71.33617523099997,-13.904082106999965],[-71.34112173099993,-13.900284480999971],[-71.34526910599993,-13.901483856999903],[-71.3486419809999,-13.900684355999942],[-71.35221773099994,-13.901162106999948],[-71.36192998099989,-13.909094356999958],[-71.3637763559999,-13.912408606999918],[-71.36789798099994,-13.914254980999942],[-71.37345610599994,-13.920335355999953],[-71.37554535599998,-13.919875605999948],[-71.37882598099998,-13.915007231999823],[-71.38379898099987,-13.911455105999892],[-71.38728835599994,-13.90965823099998],[-71.38859523099995,-13.907670106999888],[-71.38861810599997,-13.90400348199995],[-71.39029110599995,-13.902399355999876],[-71.39317873099986,-13.896211856999969],[-71.39597435599995,-13.8961659819999],[-71.39881598099998,-13.894905606999885],[-71.40305560599995,-13.896509606999928],[-71.40555360599996,-13.896074356999975],[-71.40834935599997,-13.896899356999938],[-71.40908260599991,-13.9006347319999],[-71.41226810599994,-13.901734731999966],[-71.41201598099997,-13.90519510699994],[-71.41359723099998,-13.906799231999969],[-71.41442223099995,-13.911222230999897],[-71.4122909809999,-13.913857605999908],[-71.41242848099989,-13.91601173099997],[-71.41515560599987,-13.91814298199995],[-71.41685135599994,-13.92080135599997],[-71.42125135599991,-13.923070106999944],[-71.42271810599993,-13.925774230999934],[-71.42604098099991,-13.925476355999876],[-71.43252635599998,-13.926232605999928],[-71.43610135599982,-13.925040856999829],[-71.44098260599992,-13.926003356999956],[-71.44185348099995,-13.928317981999896],[-71.44093673099997,-13.931045106999932],[-71.44187635599997,-13.932420106999928],[-71.44112023099996,-13.936086731999922],[-71.44297635599997,-13.937782605999928],[-71.45019523099995,-13.93533048199987],[-71.4567222309999,-13.93737385699984],[-71.46017673099993,-13.934394106999946],[-71.46165323099996,-13.931941730999881],[-71.46686423099999,-13.927038356999901],[-71.47292573099998,-13.925771606999888],[-71.47539960599994,-13.926777356999878],[-71.47847973099988,-13.929779105999899],[-71.47881898099996,-13.932885355999872],[-71.48226448199995,-13.935469480999927],[-71.48531848099992,-13.93975023199988],[-71.48962198099997,-13.944036106999874],[-71.49530335599991,-13.94676323099992],[-71.50271198099989,-13.951944731999902],[-71.50403860599994,-13.956689481999831],[-71.50905660599994,-13.958386731999951],[-71.51359498099998,-13.960785105999946],[-71.51687885599995,-13.967218731999878],[-71.51952685599991,-13.964596231999963],[-71.52466848099988,-13.964677480999967],[-71.52729348099984,-13.961159480999925],[-71.53064910599994,-13.955178981999893],[-71.5315421059999,-13.951552606999883],[-71.53091960599994,-13.948440606999952],[-71.53606135599983,-13.943975481999928],[-71.53695435599991,-13.941296356999942],[-71.54117598099998,-13.942027105999898],[-71.54217723099987,-13.945815606999929],[-71.54765173099986,-13.94495235699992],[-71.55066098099996,-13.941337105999935],[-71.55672273099998,-13.937396856999953],[-71.56239473099998,-13.934712355999977],[-71.56646473099994,-13.930101105999938],[-71.56722323099996,-13.923344106999934],[-71.5647526059999,-13.921479481999938],[-71.55864585699993,-13.922178731999963],[-71.55920523099996,-13.916258481999876],[-71.56202673199988,-13.912738481999952],[-71.5616587319999,-13.910746856999936],[-71.56293610599988,-13.905745856999943],[-71.56538235599999,-13.903277856999921],[-71.57038323099994,-13.90533460699993],[-71.57389035699998,-13.90607060699989],[-71.5763748569999,-13.905642856999862],[-71.58086148099989,-13.902345981999929],[-71.58976685599998,-13.902039981999906],[-71.59393373199987,-13.904769105999947],[-71.60085135599996,-13.90627285699992],[-71.60634173099993,-13.903208356999869],[-71.60853885599994,-13.903452480999817],[-71.61069535599995,-13.900604230999875],[-71.61594410599997,-13.897267855999928],[-71.6201757319999,-13.897267856999974],[-71.62390798099989,-13.892158106999943],[-71.62903573099999,-13.884186856999975],[-71.63215898099992,-13.875935856999945],[-71.63239210599994,-13.870621606999975],[-71.63613573099997,-13.865190105999886],[-71.63807523099996,-13.86111610599994],[-71.63874460599999,-13.857139731999837],[-71.6389096069999,-13.849849106999955],[-71.63452160599991,-13.845605981999881],[-71.63586698099994,-13.839334355999938],[-71.63777573099998,-13.835233731999836],[-71.64185373199996,-13.828282606999949]]]},"properties":{"ubigeo":"071200","nombre":"QUISPICANCHI"}},{"type":"Feature","geometry":{"type":"Polygon","coordinates":[[[-71.97823335699991,-13.380212480999944],[-71.97468298199993,-13.38178573099998],[-71.97408510599996,-13.38421423099993],[-71.97498198099998,-13.38765148099992],[-71.97274385599991,-13.39139885599991],[-71.97169773199994,-13.394537230999958],[-71.96867898199986,-13.398602105999942],[-71.96939623199995,-13.402099231999955],[-71.97163098099992,-13.407821480999928],[-71.97267923099997,-13.411822855999958],[-71.97258898199988,-13.417714355999976],[-71.97390248199997,-13.422755105999897],[-71.97827898199995,-13.428141480999955],[-71.98021685699996,-13.429496105999874],[-71.9818207319999,-13.430672230999846],[-71.98369373099996,-13.434043481999879],[-71.99187210699995,-13.441535230999818],[-72.00060323199995,-13.444038231999969],[-72.00596723099994,-13.441222105999941],[-72.00948798199988,-13.44177060599992],[-72.01269485699993,-13.440982980999934],[-72.01443885599991,-13.43952023099996],[-72.0178672319999,-13.438848605999908],[-72.02239448199992,-13.44563673099998],[-72.03004298199994,-13.446222605999935],[-72.03424410699984,-13.447109355999942],[-72.03847060599986,-13.450003730999981],[-72.04054298199998,-13.452224605999902],[-72.05065435699993,-13.453669981999951],[-72.05423248099999,-13.453076231999944],[-72.06077485599997,-13.450965230999884],[-72.06536085599998,-13.445562355999868],[-72.07000998199999,-13.438337605999834],[-72.07767435699998,-13.433751480999888],[-72.08465010599991,-13.432999230999826],[-72.09349998199986,-13.431464730999949],[-72.09869535699994,-13.431034605999969],[-72.10322523199994,-13.426774105999982],[-72.10829323199994,-13.422917106999876],[-72.10927985699993,-13.420360481999921],[-72.11322673099994,-13.41672773099998],[-72.11443760699996,-13.412377230999937],[-72.1173711059999,-13.404933605999872],[-72.11486898099992,-13.400792980999938],[-72.11698335699998,-13.397010480999882],[-72.12288910699993,-13.394143605999943],[-72.12903623199998,-13.39026998099996],[-72.13314085699989,-13.389180980999981],[-72.14210273199996,-13.391693605999876],[-72.14666548199989,-13.391778105999947],[-72.1542699819999,-13.392242730999953],[-72.16081835699993,-13.39393273099995],[-72.16669073199989,-13.39342598099995],[-72.17425298199998,-13.39046848099997],[-72.17716798099991,-13.387173230999963],[-72.17695160699998,-13.38399935599989],[-72.17906398199995,-13.38199260599987],[-72.18629885599995,-13.378824105999968],[-72.19121023199995,-13.37491623099993],[-72.19406998199997,-13.376297480999938],[-72.19613360699992,-13.375675605999959],[-72.19969510599998,-13.372424855999952],[-72.20996035599995,-13.366779480999924],[-72.21194785699993,-13.364526980999926],[-72.21252198199994,-13.361302730999967],[-72.21106448199993,-13.357946105999929],[-72.21446535599995,-13.35397110599996],[-72.21380285699996,-13.351365230999818],[-72.21548035699993,-13.342579605999958],[-72.21475398099994,-13.339855605999901],[-72.21173973199996,-13.335679230999915],[-72.21153498199999,-13.331310230999918],[-72.21286348199993,-13.329715980999936],[-72.21952173199998,-13.326280980999911],[-72.22170873199991,-13.326022105999982],[-72.22752148199993,-13.326885230999892],[-72.23171485699999,-13.328601605999893],[-72.23355035699996,-13.331144605999896],[-72.23896773199994,-13.330136730999982],[-72.24425923199988,-13.327566605999891],[-72.24934910699994,-13.326785480999831],[-72.25605148199992,-13.328566355999897],[-72.25865623199996,-13.327925730999937],[-72.26107123099996,-13.32940298099993],[-72.26550048199994,-13.33058410599989],[-72.26712448199993,-13.330239605999964],[-72.26889610699999,-13.327336230999833],[-72.27150448199995,-13.324875230999965],[-72.27386673199993,-13.321282730999883],[-72.27766398199998,-13.318178230999877],[-72.27783623199991,-13.316390730999956],[-72.28175598199988,-13.31352635599984],[-72.28537373199998,-13.311714105999897],[-72.29365923199992,-13.316324105999968],[-72.29957735699998,-13.316822480999974],[-72.30327360699988,-13.317653105999966],[-72.30975248199996,-13.315389730999982],[-72.31353173199994,-13.313209355999902],[-72.31282573199996,-13.308806980999975],[-72.31538860699999,-13.307779855999968],[-72.32005735699994,-13.30921810599989],[-72.32342073199993,-13.311983980999855],[-72.32954973199992,-13.315148105999981],[-72.3357232319999,-13.314749730999893],[-72.33955110699992,-13.312957480999955],[-72.34142573199995,-13.31095510599988],[-72.34513048199989,-13.309426230999975],[-72.34618160699989,-13.306788105999829],[-72.34622298199997,-13.30359323099998],[-72.34813973199994,-13.297368480999978],[-72.35615773199993,-13.29017498099995],[-72.35838385699992,-13.286299855999971],[-72.36348160699993,-13.28480448099998],[-72.3670476069999,-13.286260605999928],[-72.37150523199989,-13.290688480999904],[-72.37566560699986,-13.296513105999907],[-72.37704685699993,-13.300267480999878],[-72.38223310699993,-13.300495230999957],[-72.38579910699997,-13.30448973099982],[-72.38356535699995,-13.307612480999978],[-72.38188610699996,-13.314128230999813],[-72.38439873199991,-13.319234730999824],[-72.38360173199993,-13.322611980999909],[-72.38050823199995,-13.325881230999869],[-72.38365573099998,-13.333810980999885],[-72.38126335699991,-13.342436980999878],[-72.37571498199986,-13.341660730999934],[-72.37373660699996,-13.342282980999926],[-72.37402735699993,-13.344855480999968],[-72.37340823199997,-13.352127980999967],[-72.37105898199991,-13.356898980999915],[-72.36914335699993,-13.358814605999953],[-72.37120348199994,-13.36134485599996],[-72.37386498199999,-13.363216355999896],[-72.37799860699988,-13.36405548099998],[-72.38082085699989,-13.36548048099985],[-72.38305648199997,-13.365245105999918],[-72.3872358569999,-13.36239885599997],[-72.39169473199996,-13.356663355999956],[-72.39574598199988,-13.353083980999827],[-72.39892835699993,-13.352511855999921],[-72.40092910699991,-13.351082855999891],[-72.40483523199998,-13.34634298099985],[-72.40759823199983,-13.346200105999912],[-72.40897960699988,-13.34489010599998],[-72.4139338569999,-13.345985730999871],[-72.41498185699993,-13.347367105999922],[-72.42522373199995,-13.34917748099997],[-72.42786760699994,-13.348700980999979],[-72.43039235699996,-13.34586648099986],[-72.43694235699991,-13.34612860599998],[-72.43910160699988,-13.344052730999977],[-72.44368298199998,-13.344675730999938],[-72.44475473199998,-13.348296105999964],[-72.44280160699998,-13.352750105999917],[-72.44368298199998,-13.354988856999967],[-72.44939935699989,-13.359228730999916],[-72.45125723199988,-13.362539480999942],[-72.4537104819999,-13.362968105999812],[-72.45671160699999,-13.361300855999957],[-72.45890285699983,-13.36203923099987],[-72.46309485699993,-13.365183230999946],[-72.46571485699991,-13.364825980999967],[-72.46814423199999,-13.361586730999932],[-72.47264085699999,-13.361329856999873],[-72.47606473199994,-13.364642105999849],[-72.48153548199991,-13.366614605999871],[-72.48473610699995,-13.366726230999973],[-72.49144373199994,-13.368769605999944],[-72.49578110699997,-13.366955230999906],[-72.50223385699991,-13.365688731999853],[-72.50669660699987,-13.367950230999895],[-72.50775198199995,-13.372382730999846],[-72.51411423199994,-13.374010980999913],[-72.52451710699995,-13.370724356999858],[-72.53335198299999,-13.372895355999958],[-72.54067923199989,-13.367799480999963],[-72.54089035699997,-13.363909730999978],[-72.53802573199988,-13.356371355999954],[-72.53511973199988,-13.351686355999902],[-72.5355343579999,-13.34912335599995],[-72.54103735699994,-13.343808855999953],[-72.54252085799993,-13.335996105999925],[-72.54410535699986,-13.334175105999918],[-72.54668160699993,-13.332609355999864],[-72.54612523199984,-13.32514510599998],[-72.54550423199998,-13.322412105999888],[-72.54607798199999,-13.314775855999926],[-72.5443378569999,-13.304645605999838],[-72.54518910699983,-13.30135285599988],[-72.54763060699997,-13.29635785599993],[-72.55052148199997,-13.288320480999914],[-72.55237698199994,-13.28664848099993],[-72.55511523199982,-13.279019480999978],[-72.55558398199997,-13.27239060599993],[-72.55472673199989,-13.268894355999919],[-72.55157223199996,-13.261294980999878],[-72.5516093569999,-13.253968730999816],[-72.55370310699993,-13.239179730999979],[-72.5529628569999,-13.233982480999941],[-72.5544238569999,-13.230080105999889],[-72.5541426069999,-13.226453105999894],[-72.55286523199999,-13.224167980999937],[-72.55171685699992,-13.218871105999881],[-72.55518560699994,-13.216089855999883],[-72.56041998199998,-13.215361355999846],[-72.56436910699995,-13.212277355999959],[-72.56395123199997,-13.203771480999933],[-72.56720698199996,-13.199644480999893],[-72.57072260699994,-13.193392605999975],[-72.57167773199984,-13.190294980999909],[-72.57141210699996,-13.187406229999908],[-72.56797260699994,-13.179806605999943],[-72.56656060699993,-13.175273480999863],[-72.56742573199983,-13.174232480999876],[-72.57582035699994,-13.174769480999885],[-72.57942385699994,-13.172562480999886],[-72.58048048199998,-13.168695355999944],[-72.5797617319999,-13.160826230999874],[-72.58122460699997,-13.157724605999931],[-72.58152535699998,-13.15312885599991],[-72.5792089819999,-13.14964260599993],[-72.57999810699994,-13.145298855999897],[-72.58431048199998,-13.138539105999882],[-72.58854498299985,-13.136449230999972],[-72.59002923199989,-13.130925730999934],[-72.5897856069999,-13.12754272999996],[-72.59389723199985,-13.121261355999934],[-72.59584810699988,-13.119027855999946],[-72.59578435699996,-13.117286605999936],[-72.60072160699997,-13.106737105999969],[-72.59694535699998,-13.107902355999954],[-72.59251948199989,-13.105992230999902],[-72.5898887319999,-13.102249980999886],[-72.58640235699994,-13.0992499809999],[-72.58015435699997,-13.097654355999964],[-72.57892573199985,-13.096642605999932],[-72.57016210699993,-13.092914230999952],[-72.56374023199999,-13.092486479999934],[-72.55958148199994,-13.095405980999885],[-72.55279435699998,-13.095069980999824],[-72.55104723199992,-13.093860354999833],[-72.54581498199991,-13.084839730999875],[-72.54205573199994,-13.082345979999957],[-72.53216110699998,-13.085971855999958],[-72.52722910699998,-13.087258355999893],[-72.52196010699987,-13.093139980999979],[-72.51672185699988,-13.093078730999821],[-72.5113303569999,-13.094150979999881],[-72.50207910699999,-13.098225104999926],[-72.49567660699995,-13.098347730999933],[-72.4902852319999,-13.099726230999977],[-72.48581273199994,-13.101809229999901],[-72.48201410699988,-13.104443730999947],[-72.47832648199994,-13.109133730999929],[-72.48048310699988,-13.111741355999982],[-72.47811085699988,-13.114329230999942],[-72.47507198199997,-13.118975605999879],[-72.46907273199992,-13.12372023099988],[-72.46309523199994,-13.12393035599996],[-72.45995735699995,-13.121898604999899],[-72.45687685699988,-13.126064605999886],[-72.45276960699994,-13.127795480999907],[-72.44877960699995,-13.127912980999952],[-72.4477528569999,-13.12926235599997],[-72.44825160699997,-13.132342855999923],[-72.44616860699995,-13.135188605999929],[-72.44537648199992,-13.14196573099997],[-72.44188310699997,-13.142872105999913],[-72.43860048199997,-13.14629273099996],[-72.4363936069999,-13.151616605999948],[-72.4339386069999,-13.151754480999955],[-72.42624235699992,-13.155119855999885],[-72.42147023199988,-13.155423355999972],[-72.4172497319999,-13.157161105999933],[-72.41646348199998,-13.159539479999921],[-72.41448623199989,-13.16134023099994],[-72.41061985699997,-13.168543230999887],[-72.4006152319999,-13.172701230999905],[-72.39731235699998,-13.173664605999875],[-72.38955473099992,-13.174134730999981],[-72.38549110699995,-13.170272730999898],[-72.38283810699994,-13.17003760599988],[-72.37612148199992,-13.166242730999954],[-72.37025198199984,-13.164363230999982],[-72.36969698199994,-13.162766855999962],[-72.36679560699986,-13.160671355999966],[-72.36432373199995,-13.161584855999934],[-72.35580710699998,-13.160859355999946],[-72.34856098199987,-13.15769535599992],[-72.34300348199992,-13.157193355999937],[-72.3359292319999,-13.158738730999914],[-72.33271660699995,-13.162266855999974],[-72.32798373199995,-13.16433210599996],[-72.32138635699994,-13.16146373099997],[-72.31897685699988,-13.156702105999898],[-72.31891960699994,-13.154579480999928],[-72.31337010699997,-13.14950173099993],[-72.31113985699989,-13.146486355999912],[-72.30346848199997,-13.14238510599995],[-72.30299285699994,-13.139023980999923],[-72.30070985699996,-13.135726355999964],[-72.30200985699997,-13.132396980999886],[-72.30528660699991,-13.130233855999961],[-72.30609835699994,-13.12201498099995],[-72.30555660699997,-13.117152354999916],[-72.30119585699993,-13.117492980999884],[-72.2987567319999,-13.11686110599993],[-72.2950016069999,-13.110719730999904],[-72.29468573199995,-13.10868423099987],[-72.28810548199988,-13.105332605999934],[-72.28129935699985,-13.107703730999845],[-72.27921560699991,-13.113450480999973],[-72.27754848199999,-13.116367730999968],[-72.27754848199999,-13.12092998099996],[-72.27641410699994,-13.12281060599986],[-72.27138298199986,-13.121784230999936],[-72.26798648199986,-13.119145855999932],[-72.25876748199994,-13.12320948099989],[-72.25573498199992,-13.122906230999945],[-72.25227785699997,-13.124361730999965],[-72.25292598199997,-13.129134355999952],[-72.25191410699989,-13.132081355999958],[-72.2461852319999,-13.138757355999928],[-72.24200398099998,-13.140928855999903],[-72.23946298199996,-13.140859604999946],[-72.23010810699998,-13.14292910599994],[-72.22912010699997,-13.139899355999887],[-72.22954485699984,-13.136756980999962],[-72.2274513569999,-13.132606105999969],[-72.23059160699995,-13.129610229999969],[-72.2316744819999,-13.126289480999844],[-72.22730698199996,-13.121705480999879],[-72.2270542309999,-13.119431480999936],[-72.2248524819999,-13.115388855999868],[-72.22745898199992,-13.10715623099992],[-72.22488860699997,-13.104740980999907],[-72.22416685699994,-13.101781230999904],[-72.22156785699991,-13.099398980999979],[-72.21669510699996,-13.100192980999964],[-72.20879035699988,-13.099543355999913],[-72.20662448199994,-13.102358730999981],[-72.20048848199991,-13.103766354999948],[-72.19781748099996,-13.105607230999908],[-72.19583235699997,-13.103658105999955],[-72.19586835699982,-13.100698355999953],[-72.19063460699994,-13.096150355999953],[-72.18442123199992,-13.099435604999883],[-72.18241098199996,-13.10194835599998],[-72.18099460699989,-13.106699980999906],[-72.17843610699998,-13.109167105999973],[-72.17578610599998,-13.110263605999819],[-72.17021223199993,-13.109943855999916],[-72.16664860599997,-13.112136855999893],[-72.16536923099989,-13.116568605999873],[-72.16258235599997,-13.120223605999968],[-72.16340473199989,-13.126254480999876],[-72.16446485599994,-13.128640605999976],[-72.16098323199998,-13.13041210599988],[-72.16025223199989,-13.131736980999904],[-72.15691510699992,-13.132991230999949],[-72.15242160699984,-13.138597855999933],[-72.15328035699991,-13.142186230999926],[-72.15159748099995,-13.14485060599992],[-72.15008098199996,-13.153247230999966],[-72.14905023199987,-13.155578605999949],[-72.15130660699987,-13.158142605999956],[-72.14987398199997,-13.162183855999956],[-72.15058173199992,-13.164448480999908],[-72.15002760699991,-13.168788855999935],[-72.14839848199995,-13.171494480999911],[-72.15007423099996,-13.174951230999909],[-72.14592385599991,-13.180065980999927],[-72.13776273199994,-13.180854730999897],[-72.13734273099993,-13.184016605999943],[-72.13789448099993,-13.188037105999967],[-72.1342222319999,-13.188707355999895],[-72.13120698099993,-13.191666605999899],[-72.12777310699994,-13.191610855999897],[-72.1200397319999,-13.18979610599996],[-72.11680123099984,-13.190717480999979],[-72.11175385699994,-13.188927730999922],[-72.10507548099997,-13.190326605999871],[-72.10040373199996,-13.188750105999816],[-72.09830985699983,-13.188968355999918],[-72.08827673199994,-13.193243105999954],[-72.08776035699987,-13.195717355999932],[-72.08443273099994,-13.19541235599985],[-72.07719873199994,-13.201710480999964],[-72.07511898199994,-13.206597980999959],[-72.07061285699996,-13.207637855999849],[-72.06697323099996,-13.210930730999962],[-72.06267510599997,-13.212039980999918],[-72.05955548099996,-13.214986355999883],[-72.05768298099991,-13.219448980999914],[-72.05846673199994,-13.221626105999917],[-72.05742173199997,-13.223890480999955],[-72.05853648099992,-13.228035855999963],[-72.05566473199991,-13.233429605999902],[-72.05592485699992,-13.23881873099998],[-72.05503298199994,-13.24108585599987],[-72.05538598099992,-13.244393605999903],[-72.05256135699989,-13.246642105999967],[-72.05339423099997,-13.250433855999972],[-72.05012435699996,-13.25499810599996],[-72.04702935699987,-13.256556605999947],[-72.0483758559999,-13.261310855999966],[-72.0479981069999,-13.264232480999851],[-72.04490523199996,-13.269394355999907],[-72.04532110699984,-13.27461998099983],[-72.04438085699991,-13.278832855999951],[-72.04485098199984,-13.281490855999891],[-72.0437118559999,-13.284329730999957],[-72.04412773199994,-13.290567855999882],[-72.04252510599997,-13.299733855999932],[-72.03865248099999,-13.306743105999942],[-72.03996910599994,-13.312435730999937],[-72.03989173199994,-13.316153480999958],[-72.03837798199999,-13.31912048099997],[-72.03437885699998,-13.324507855999911],[-72.03151560699996,-13.32258398099998],[-72.03286323099996,-13.318982480999978],[-72.02874398199992,-13.320435605999876],[-72.02610748199993,-13.31606248099996],[-72.02416635599991,-13.31576598099997],[-72.02095248199998,-13.317248855999821],[-72.01762385599994,-13.32031210599996],[-72.01121310699989,-13.327355480999927],[-72.00767023199995,-13.334947105999845],[-72.00657373199994,-13.3400082309999],[-72.00214523199998,-13.34553323099982],[-71.99949748199998,-13.351036980999936],[-71.99437410599995,-13.354452605999825],[-71.99291035599998,-13.35689223099996],[-71.99120273099999,-13.36255235599998],[-71.98692185699997,-13.367816355999935],[-71.98554248199997,-13.371432855999956],[-71.98530748199983,-13.377604730999906],[-71.98267198199989,-13.380378855999936],[-71.97823335699991,-13.380212480999944]]]},"properties":{"ubigeo":"071300","nombre":"URUBAMBA"}}]}