{"type":"FeatureCollection","features":[{"type":"Feature","geometry":{"type":"Polygon","coordinates":[[[-77.79100211199989,-6.955916725999884],[-77.79460636199997,-6.958140099999923],[-77.79766661199994,-6.962243349999937],[-77.80193198699999,-6.966144474999965],[-77.80462361199994,-6.965231724999967],[-77.80988961199989,-6.961182724999958],[-77.82282173699991,-6.959776974999897],[-77.82718661199993,-6.957085474999872],[-77.83343461199996,-6.956782724999869],[-77.83528361199996,-6.959591224999883],[-77.83923661199998,-6.973233724999886],[-77.84219498699997,-6.976884849999919],[-77.84586473699994,-6.976398100999972],[-77.85361636199997,-6.973009099999956],[-77.85586073699994,-6.972826474999977],[-77.85829723699993,-6.970837099999926],[-77.86475373699989,-6.968257599999959],[-77.87204048699994,-6.966980099999944],[-77.87612223699995,-6.963740849999965],[-77.88034173699992,-6.962503850999951],[-77.88413598699998,-6.966493224999965],[-77.8870568619999,-6.971642224999925],[-77.89555723699988,-6.975670849999915],[-77.89808511199993,-6.979712099999915],[-77.90000648699993,-6.980670099999941],[-77.90542473699998,-6.980929349999883],[-77.91066186199998,-6.980316724999909],[-77.91529023699997,-6.980567849999943],[-77.91982886199997,-6.983263974999886],[-77.92752798699996,-6.986709224999856],[-77.93074223699989,-6.986167975999933],[-77.93358998699989,-6.983289849999892],[-77.93493998699995,-6.97969997499996],[-77.93729098699998,-6.978974599999901],[-77.93923823699998,-6.976554724999971],[-77.94199798699998,-6.976080099999933],[-77.94673436199997,-6.973652349999895],[-77.9549882369999,-6.974617224999974],[-77.96185548699992,-6.976642599999934],[-77.96717186199999,-6.972689474999981],[-77.97175586299994,-6.970314349999853],[-77.97288286299994,-6.970566349999899],[-77.97860998699997,-6.965989975999889],[-77.98099998699996,-6.965329975999907],[-77.98357998699993,-6.963089974999946],[-77.98605998699998,-6.962969974999965],[-77.98961911199984,-6.964086099999918],[-77.9921406119999,-6.964005849999978],[-77.99874411199988,-6.967675724999935],[-77.9995064869999,-6.970531599999958],[-78.00210373699997,-6.967844849999892],[-78.0018284869999,-6.964778224999975],[-77.99927298699987,-6.961436350999975],[-77.99939086199993,-6.957426099999907],[-77.99773961199992,-6.952039724999906],[-77.99829011199989,-6.950113224999939],[-78.00080636199982,-6.947597099999939],[-78.00088486199991,-6.942132099999867],[-78.00205198699996,-6.93828472499996],[-78.00443111199996,-6.937133099999869],[-78.01108023699999,-6.937079224999934],[-78.01299298799995,-6.934580099999948],[-78.01414336199986,-6.931602725999937],[-78.01349611199993,-6.929748099999813],[-78.00591523699995,-6.921630724999886],[-78.00495098699997,-6.915692849999857],[-78.00330148699993,-6.913485099999946],[-78.00091848699992,-6.912908724999966],[-78.00097811199998,-6.91050247499993],[-78.00088286299984,-6.896759224999926],[-78.00455173699999,-6.895116974999951],[-78.00598448699998,-6.892356474999872],[-78.00546023799996,-6.888128474999917],[-78.00234023699988,-6.884751974999972],[-78.00165148699995,-6.880930349999971],[-78.00646286199992,-6.878339849999918],[-78.00554661199999,-6.874620599999957],[-78.00220111199991,-6.871275099999821],[-78.00119923699998,-6.868251599999951],[-78.00144973699992,-6.86578272499986],[-78.00330273699996,-6.862425724999923],[-78.00717473699996,-6.858903724999834],[-78.00989411199998,-6.854920099999902],[-78.01282811199991,-6.853584224999963],[-78.01993661199992,-6.852820974999872],[-78.02298998699996,-6.851532849999955],[-78.02716448699994,-6.851127349999899],[-78.03040861299996,-6.849051974999952],[-78.03121973699996,-6.84704822499998],[-78.028190237,-6.843159974999878],[-78.02415886199998,-6.841227849999882],[-78.02403961299996,-6.838413099999968],[-78.02081923699996,-6.835288099999957],[-78.01623923699998,-6.833021974999951],[-78.01671636199995,-6.829014474999894],[-78.01406386199994,-6.822303224999928],[-78.01619161199994,-6.820164599999885],[-78.01910173699997,-6.820307724999907],[-78.02110548699994,-6.81758834999988],[-78.02041373699996,-6.814725849999945],[-78.0175512379999,-6.808165974999838],[-78.01802836199994,-6.806663224999909],[-78.02210723699994,-6.801296099999945],[-78.02382486199997,-6.797097724999958],[-78.02115323699996,-6.794092099999943],[-78.02136786199998,-6.790990974999943],[-78.02399186199989,-6.783882474999928],[-78.02179723699993,-6.778801599999895],[-78.02241748699993,-6.777346474999945],[-78.02597173799995,-6.775891349999881],[-78.02554236199995,-6.772981099999981],[-78.02306161199994,-6.772480224999924],[-78.02232223699997,-6.770309474999976],[-78.02389661199993,-6.767494724999892],[-78.02776086199998,-6.769379224999966],[-78.03079036299994,-6.766397224999935],[-78.03167286299993,-6.762461474999895],[-78.02964536199994,-6.759861224999952],[-78.03000311299996,-6.757953099999838],[-78.0338913619999,-6.754541849999953],[-78.03814648699989,-6.745757849999961],[-78.03586886199992,-6.743240724999964],[-78.03467573699999,-6.744984349999982],[-78.02782036199994,-6.745910099999946],[-78.02179298799996,-6.744455099999868],[-78.01699998699996,-6.74493947499991],[-78.00886136199989,-6.742964849999964],[-78.00632611299989,-6.739128849999929],[-78.00569923699999,-6.736874974999921],[-78.00156361199993,-6.729797599999927],[-78.00102486299994,-6.721211849999975],[-77.99552411299999,-6.719938224999964],[-77.98960586199996,-6.719198223999911],[-77.98510411199999,-6.719539224999892],[-77.97906023699989,-6.716993224999896],[-77.97230761199995,-6.717668474999925],[-77.965735237,-6.712400849999881],[-77.95954848699995,-6.713947599999869],[-77.9553608619999,-6.708117849999894],[-77.95122048699983,-6.706190474999971],[-77.94183336199995,-6.702975224999932],[-77.93968011199996,-6.697100974999898],[-77.93914148699997,-6.693748349999964],[-77.93596686199993,-6.689789098999938],[-77.93289348699994,-6.692100473999972],[-77.92944873699992,-6.692163224999888],[-77.91948336199994,-6.690256849999912],[-77.91579623699988,-6.696014849999926],[-77.91354861199989,-6.698060474999977],[-77.91084648699996,-6.69912322499988],[-77.90688136199998,-6.702227474999972],[-77.90507298699993,-6.714525099999889],[-77.9026486119999,-6.717490224999892],[-77.89763823699991,-6.720991599999877],[-77.8955673619999,-6.725133349999908],[-77.89630461199988,-6.730612724999958],[-77.89561786199994,-6.732356099999947],[-77.89281461199988,-6.734123974999875],[-77.89091998699996,-6.732939974999965],[-77.88559998699998,-6.731579974999875],[-77.88238998699995,-6.732089974999951],[-77.87636998699992,-6.731709974999887],[-77.86612998699991,-6.728449974999876],[-77.86276998699998,-6.729039974999864],[-77.85810998699998,-6.72760997499995],[-77.85382998699998,-6.728259973999968],[-77.85059998699995,-6.727479974999937],[-77.84457998699997,-6.728959974999896],[-77.83535998699995,-6.732889974999978],[-77.83257998699997,-6.73196997499997],[-77.83060998699995,-6.729889974999935],[-77.83015998699994,-6.727789974999894],[-77.82701998699991,-6.726309974999936],[-77.82392998699999,-6.721949974999973],[-77.82295998699982,-6.715509974999918],[-77.818929987,-6.711919974999887],[-77.81442998699998,-6.709899974999928],[-77.81098998699991,-6.706739974999948],[-77.80637998699996,-6.706019974999947],[-77.80315998699996,-6.707069974999968],[-77.8026899869999,-6.704519974999926],[-77.80097998699989,-6.703149974999974],[-77.79829998699995,-6.695569974999955],[-77.79800998699994,-6.690729974999897],[-77.79921998699996,-6.685839973999975],[-77.79745998699997,-6.680949974999919],[-77.7976899869999,-6.676569974999893],[-77.80000998699995,-6.671729974999892],[-77.80037998699999,-6.666499974999965],[-77.79818998699989,-6.662679974999946],[-77.79886998699993,-6.660159974999942],[-77.79791986199984,-6.657398474999923],[-77.80143548699994,-6.655498099999875],[-77.80336523699998,-6.652070349999974],[-77.80246286199986,-6.64930859999987],[-77.80453511199988,-6.644148474999952],[-77.80947848699998,-6.637546849999978],[-77.81396873699998,-6.63358997399996],[-77.81257811199993,-6.631335974999899],[-77.81320311199988,-6.628681599999936],[-77.81237511199993,-6.626927723999927],[-77.8140976119999,-6.624136724999914],[-77.81316411199992,-6.62082222499987],[-77.81167773699997,-6.619945349999966],[-77.8127128619999,-6.61605072499998],[-77.81140823699997,-6.614662099999975],[-77.81211723699994,-6.611339849999922],[-77.81541798699999,-6.60273634899994],[-77.81531461199995,-6.60034184999995],[-77.81757423699997,-6.596414098999958],[-77.8177323619999,-6.593613224999956],[-77.81903711199993,-6.592505849999895],[-77.82218948699995,-6.585783223999954],[-77.82293548699994,-6.581804724999927],[-77.82724798699996,-6.575066349999872],[-77.83035936199991,-6.567453099999966],[-77.82987698699998,-6.565580099999977],[-77.83017573699982,-6.561312473999976],[-77.82793748699999,-6.558927723999943],[-77.82874461199998,-6.556246223999949],[-77.82782236199995,-6.554044974999954],[-77.82726761199996,-6.547005849999948],[-77.82786136199991,-6.544654349999973],[-77.83099411199993,-6.539978474999884],[-77.83114061199996,-6.537824223999962],[-77.83231836199991,-6.532078099999978],[-77.83393748699996,-6.529306599999927],[-77.83771873699999,-6.527474599999948],[-77.84183598699985,-6.522711099999981],[-77.84408198699998,-6.517689474999884],[-77.84615236199994,-6.516097599999966],[-77.85140823699999,-6.508980474999873],[-77.85314061199995,-6.504789099999925],[-77.85243161199998,-6.498974598999951],[-77.85433986199996,-6.494589848999965],[-77.85685348699991,-6.492134724999971],[-77.8592792369999,-6.488294973999871],[-77.8588144869999,-6.486281223999981],[-77.85998236199998,-6.484103473999937],[-77.86087498699987,-6.479716849999875],[-77.86370698699989,-6.477099598999928],[-77.8632382369999,-6.473232474999975],[-77.86112111199998,-6.470585974999949],[-77.85921098699993,-6.464121098999897],[-77.8607734869999,-6.458445348999874],[-77.8613047369999,-6.453201348999926],[-77.86116598699988,-6.448677724999925],[-77.86258398699988,-6.445498098999849],[-77.86500586199998,-6.443706974999884],[-77.86825786199995,-6.439947349999954],[-77.8729784869999,-6.435843723999938],[-77.87469336199996,-6.43113472399989],[-77.87666986199997,-6.428779349999957],[-77.87724223699996,-6.426107474999867],[-77.87473048699991,-6.423103474999891],[-77.87288673699993,-6.419792974999893],[-77.87224411199998,-6.416941349999945],[-77.87463861199996,-6.413904349999939],[-77.87453711199998,-6.410365223999861],[-77.87786323699993,-6.407068348999928],[-77.88483986199998,-6.408642598999961],[-77.88832623699994,-6.406699224999954],[-77.88938286199988,-6.400673848999929],[-77.89111911199984,-6.398419973999978],[-77.89610148699995,-6.394669973999896],[-77.89977923699996,-6.38977347499997],[-77.90546673699998,-6.380460974999949],[-77.90398048699996,-6.378478474999952],[-77.90446873799993,-6.373662099999876],[-77.90619536199989,-6.370220724999967],[-77.90578123699999,-6.367849598999896],[-77.90798436199992,-6.366654349999976],[-77.91193548699994,-6.366187473999958],[-77.91988861199991,-6.368501973999969],[-77.91970311199992,-6.365095724999946],[-77.9206933619999,-6.362615224999956],[-77.92372848699995,-6.35904684999997],[-77.92424211199989,-6.357248099999879],[-77.92585736199993,-6.35688472399994],[-77.92608986199991,-6.351882849999981],[-77.92710936199995,-6.347048849999965],[-77.92917186199992,-6.345326223999962],[-77.93042773699983,-6.34147459999997],[-77.93016011199995,-6.338798849999932],[-77.93199411199993,-6.336138723999909],[-77.93095511199994,-6.333484348999946],[-77.92804886199991,-6.331753848999938],[-77.92718548699997,-6.329392598999959],[-77.93096873699983,-6.325124974999881],[-77.93137111199997,-6.320599599999923],[-77.93457811199994,-6.319199223999874],[-77.93631636199996,-6.31636522499997],[-77.93609373699996,-6.311351598999977],[-77.93747461199996,-6.307109349999905],[-77.93553711199996,-6.306552723999971],[-77.93456248699988,-6.304074224999965],[-77.93401761199993,-6.295408223999971],[-77.93526761199996,-6.292441348999944],[-77.93476948699998,-6.290773348999892],[-77.93634961199996,-6.288113224999961],[-77.93610936199997,-6.285505848999946],[-77.93792186199994,-6.284109349999881],[-77.94127536199994,-6.283496099999866],[-77.94031048699998,-6.280966848999924],[-77.94131636199995,-6.278546849999884],[-77.94086136199996,-6.27383597499994],[-77.94201173699997,-6.268826223999952],[-77.94000786199996,-6.261201224999922],[-77.93818548699988,-6.258501973999955],[-77.93690423699996,-6.254490223999937],[-77.93420511199997,-6.250345724999931],[-77.93159961199996,-6.248863224999923],[-77.92898636299992,-6.249240224999937],[-77.92579686199991,-6.248351599999978],[-77.92243548699997,-6.245394474999898],[-77.92088086199993,-6.241927723999936],[-77.92076173699996,-6.23756647499988],[-77.91794923699996,-6.236601598999869],[-77.91659948699998,-6.233787099999972],[-77.91685936199991,-6.230996098999981],[-77.91539261199989,-6.225708973999929],[-77.91545698699997,-6.223347598999965],[-77.9139941119999,-6.221310598999935],[-77.91061136199988,-6.219828099999916],[-77.90905473699996,-6.215996099999927],[-77.90743748699998,-6.215533224999888],[-77.90590623699995,-6.210167973999887],[-77.90282423699995,-6.208074224999962],[-77.9028398619999,-6.20456447499987],[-77.90168948699994,-6.203509724999947],[-77.90203123699996,-6.199347598999907],[-77.9064863619999,-6.194265599999881],[-77.90549998699998,-6.190763724999954],[-77.90632423699998,-6.187570349999874],[-77.91025786199992,-6.181691348999891],[-77.90879298699997,-6.177640598999915],[-77.90912698699998,-6.174335848999874],[-77.90804486199988,-6.172390598999868],[-77.90516986199998,-6.171160098999906],[-77.90345698699997,-6.169113223999943],[-77.90308598699994,-6.166296849999981],[-77.90410936199999,-6.160857473999954],[-77.90576761199992,-6.157105473999934],[-77.90354298699998,-6.151228474999925],[-77.90429686199991,-6.146189473999925],[-77.90219336199988,-6.144056598999953],[-77.90070698699998,-6.140486348999957],[-77.89765423699993,-6.137943348999954],[-77.89805286199993,-6.136283223999897],[-77.89649798699998,-6.132441349999965],[-77.89539061199997,-6.125351599999931],[-77.89630273699998,-6.118763724999894],[-77.8953398619999,-6.115744098999926],[-77.89541411199991,-6.111423849999937],[-77.89369136199997,-6.106281223999872],[-77.89094923699997,-6.10269134899994],[-77.88698823699991,-6.10390034999989],[-77.88050586199995,-6.102212848999955],[-77.87608786199996,-6.102488223999956],[-77.8735194869999,-6.104447224999944],[-77.86788098699992,-6.111259724999968],[-77.86268161199996,-6.115742224999963],[-77.86138686199996,-6.11921684899994],[-77.85841211199994,-6.121621098999981],[-77.85500011199997,-6.122726598999975],[-77.84144923699989,-6.128646474999869],[-77.83394536199995,-6.1287734739999],[-77.83064061199991,-6.129259723999894],[-77.82941011199995,-6.128251973999909],[-77.82398636199991,-6.129261723999889],[-77.82187498699994,-6.13049997499985],[-77.81779298699996,-6.128476723999938],[-77.81283786199992,-6.128160098999956],[-77.81181248699994,-6.12678909899995],[-77.80804298699996,-6.128263599999968],[-77.8040468619999,-6.127863349999927],[-77.79869136199989,-6.125986348999959],[-77.79224411199988,-6.125433599999951],[-77.79054486199988,-6.123910098999943],[-77.78898436199984,-6.121953099999928],[-77.78959961199996,-6.117347599999903],[-77.79143361199988,-6.116017598999974],[-77.79424798699995,-6.109761723999895],[-77.79564848699994,-6.107724598999937],[-77.79611723699998,-6.102392598999927],[-77.79840623699994,-6.099562599999899],[-77.8007011119999,-6.094781223999973],[-77.80494711199998,-6.090933598999925],[-77.80570698699995,-6.088828098999898],[-77.80552148699996,-6.084412098999906],[-77.80781048699998,-6.080931598999882],[-77.80786911199988,-6.078445348999935],[-77.80636723699996,-6.072955098999898],[-77.80700786199992,-6.06643747499993],[-77.80566011199988,-6.061820348999902],[-77.80724798699998,-6.057089849999954],[-77.8079413619999,-6.053062598999873],[-77.80509373699994,-6.047300723999911],[-77.80558398699998,-6.045230473999936],[-77.80534773699998,-6.039562473999922],[-77.80408198699996,-6.035113223999929],[-77.80623436199988,-6.031873098999938],[-77.80214648699996,-6.02980072399987],[-77.79949023699999,-6.027064473999928],[-77.79668948699998,-6.02544722499988],[-77.79319723699996,-6.026023473999885],[-77.79029673699995,-6.028214724999827],[-77.78810348699994,-6.027344973999959],[-77.79048611199994,-6.022552723999866],[-77.78866686199996,-6.016936723999891],[-77.78490961199992,-6.009066598999937],[-77.78462311199996,-6.006072224999969],[-77.7818878619999,-6.00059822399993],[-77.78016386199994,-5.995501474999912],[-77.77615386199994,-5.989529723999908],[-77.77278836199986,-5.988546473999918],[-77.77209598699994,-5.982331724999881],[-77.77450323699998,-5.974316848999933],[-77.77341561199995,-5.971537349999892],[-77.76986823699991,-5.966513973999952],[-77.7591636119999,-5.956862473999934],[-77.75463748699997,-5.955643724999959],[-77.74814223599998,-5.951027848999956],[-77.74538423699994,-5.94698822499987],[-77.74483398699988,-5.944943348999971],[-77.73796873699996,-5.94571109899988],[-77.73173436199994,-5.944384723999917],[-77.72939848699997,-5.942644473999906],[-77.72614448699994,-5.943544973999906],[-77.71725786199994,-5.94419534899987],[-77.70958786199986,-5.948236348999956],[-77.70867573699996,-5.949984348999976],[-77.70372661199991,-5.952900473999932],[-77.70184173699994,-5.956931598999972],[-77.69970898699995,-5.959859348999885],[-77.69652736199998,-5.962558598999976],[-77.69385161199989,-5.967378848999886],[-77.69309761199997,-5.9699960989999],[-77.68936511199996,-5.974568348999867],[-77.68756448599999,-5.979095724999979],[-77.68456061199998,-5.979166223999869],[-77.67666386199994,-5.976444848999961],[-77.67167486099999,-5.974104348999845],[-77.66922486199996,-5.980365098999869],[-77.66270273699996,-5.983530348999921],[-77.6606263619999,-5.988450348999947],[-77.65667173699984,-5.989258348999954],[-77.64924773699994,-5.992227973999888],[-77.64587848699995,-5.995368973999973],[-77.64343998699997,-5.998696098999915],[-77.63913986199998,-6.001079473999937],[-77.63274386199998,-6.00056559899997],[-77.6220808619999,-6.004831723999928],[-77.61985698699993,-6.004339848999962],[-77.61623736099995,-6.000917723999976],[-77.61346248699994,-6.001072098999884],[-77.60715061199994,-6.003390348999915],[-77.59770786199982,-6.004415973999869],[-77.59446736099994,-6.006878848999918],[-77.59345636099994,-6.009347349999871],[-77.59420873699992,-6.014213598999902],[-77.59580736199996,-6.018656723999925],[-77.59599136199989,-6.021155348999969],[-77.59797373699996,-6.027817098999947],[-77.59825198699997,-6.031279348999931],[-77.5963616119999,-6.033330849999913],[-77.59130061199994,-6.035236723999958],[-77.59024936099996,-6.036370598999895],[-77.58619948699999,-6.036916598999937],[-77.58224073699995,-6.032730348999962],[-77.57796098699993,-6.0321414739999],[-77.5756711119999,-6.033651849999899],[-77.57267748699996,-6.033477973999936],[-77.56805098699994,-6.028102848999879],[-77.56513311199984,-6.02917784999994],[-77.55795111199996,-6.039595723999923],[-77.55800586199996,-6.046410223999942],[-77.55538586199998,-6.048723098999915],[-77.55473536199997,-6.050728724999942],[-77.54975298699998,-6.052047848999962],[-77.54222811199998,-6.052787849999959],[-77.54149336199998,-6.059503473999882],[-77.53802548699997,-6.063107474999924],[-77.53380886199994,-6.063371348999908],[-77.53136536199992,-6.06917059999995],[-77.52554073699997,-6.078381223999884],[-77.5229171119999,-6.080276099999935],[-77.52216286199985,-6.084168598999952],[-77.51825298699998,-6.086397598999952],[-77.51225286199985,-6.085911849999945],[-77.50992061199997,-6.086494973999947],[-77.50651973699996,-6.089312848999953],[-77.50599261199994,-6.090903223999931],[-77.50814361199991,-6.097180223999942],[-77.50732611199999,-6.102609223999934],[-77.505208612,-6.107210348999956],[-77.50546911199996,-6.108866098999954],[-77.5083814869999,-6.109485224999958],[-77.50931748699998,-6.110868473999915],[-77.50938036199994,-6.118729223999821],[-77.50567011099992,-6.120972223999956],[-77.4997168619999,-6.128308849999939],[-77.49760011199993,-6.132823223999935],[-77.49549461199996,-6.141440348999936],[-77.4984393609999,-6.148290599999939],[-77.49976811199997,-6.153001973999949],[-77.4981859859999,-6.15642859999997],[-77.49522186199988,-6.158730098999968],[-77.48806911099996,-6.158601599999827],[-77.48666848699997,-6.160477474999936],[-77.48731511199998,-6.164645848999953],[-77.48407948599998,-6.168253974999971],[-77.47994573599988,-6.169633723999937],[-77.47589498599996,-6.17436022499993],[-77.47419386199994,-6.178039973999944],[-77.4698114869999,-6.182348598999909],[-77.46964973699994,-6.186460348999958],[-77.47343698699996,-6.189350224999941],[-77.47951361199995,-6.190544348999936],[-77.4826211109999,-6.191896974999906],[-77.48564336199996,-6.196090224999864],[-77.48869773699982,-6.201846599999897],[-77.49659423599991,-6.210705973999893],[-77.4978777369999,-6.212944723999954],[-77.50133086199997,-6.215686973999937],[-77.50693336199998,-6.217280723999977],[-77.50878773699992,-6.221907474999909],[-77.51225873699997,-6.222282348999954],[-77.51529973699996,-6.225037473999976],[-77.51685923699995,-6.228910224999879],[-77.51898136199986,-6.232211099999972],[-77.52103348599991,-6.233041473999947],[-77.52420823599988,-6.240678973999934],[-77.52975973699995,-6.245707973999913],[-77.5300116119999,-6.250422224999966],[-77.52762936199997,-6.255328848999966],[-77.52769586199997,-6.258959349999884],[-77.53045611199991,-6.264410973999929],[-77.53282861199995,-6.266037974999904],[-77.53533373699997,-6.273977098999978],[-77.53593936199991,-6.279227848999938],[-77.53801723699996,-6.282285599999966],[-77.54013073699997,-6.287454348999972],[-77.54384261199993,-6.292080098999918],[-77.54684423699996,-6.294352474999926],[-77.55480811199999,-6.302578224999877],[-77.55648786199987,-6.303497848999939],[-77.56392223699993,-6.305684349999865],[-77.56788286199998,-6.309462598999914],[-77.57437423699997,-6.305815474999974],[-77.58145223699995,-6.303683098999898],[-77.58336023699991,-6.304198224999936],[-77.58627748699996,-6.302998849999881],[-77.58900973699991,-6.304417973999875],[-77.59282923599994,-6.299522348999915],[-77.59658998699996,-6.296298849999914],[-77.59854923599988,-6.292559724999876],[-77.60309661199989,-6.289672723999956],[-77.60560386199995,-6.289732474999937],[-77.60852886199996,-6.287284973999931],[-77.61318498599991,-6.284598723999977],[-77.61527436199987,-6.281673723999972],[-77.61757348699996,-6.280755973999874],[-77.62031723699994,-6.283210223999902],[-77.62346248699993,-6.289709099999925],[-77.62292923599995,-6.292612348999967],[-77.62347173699999,-6.30114247399996],[-77.62417461199988,-6.306129723999959],[-77.62604223599993,-6.308409849999975],[-77.62908723699991,-6.313742599999955],[-77.63520323699998,-6.316106598999966],[-77.63913586199993,-6.316339974999892],[-77.6400909869999,-6.319744723999975],[-77.64835623699997,-6.32328697399987],[-77.65189848699998,-6.327091599999903],[-77.65924536199998,-6.331683349999935],[-77.66331236099995,-6.332076973999904],[-77.67004498699993,-6.339823849999902],[-77.67572173599996,-6.33975734899991],[-77.67942836099996,-6.336568099999909],[-77.68227198699998,-6.336475474999872],[-77.69010586199994,-6.335836849999964],[-77.69282073699998,-6.336260724999875],[-77.69417823699985,-6.335190349999948],[-77.69902786199998,-6.335594599999979],[-77.70604348699999,-6.338899349999963],[-77.7086684869999,-6.341403348999961],[-77.71047511199998,-6.346125848999975],[-77.71081098699989,-6.348668849999967],[-77.70983248699991,-6.35317084999997],[-77.7075082369999,-6.35673522399992],[-77.70439023699993,-6.360131723999928],[-77.70793973699983,-6.360990098999878],[-77.70995336199991,-6.362371473999872],[-77.7159786119999,-6.362358974999893],[-77.71745498699994,-6.362964474999899],[-77.72700073699997,-6.36931384899998],[-77.72985548699995,-6.371617474999937],[-77.73112261199998,-6.375795223999887],[-77.73505573699998,-6.378831473999924],[-77.74279986199997,-6.383226849999915],[-77.74432261199996,-6.384573098999908],[-77.74766348699995,-6.392411098999958],[-77.74963398699992,-6.39867234999997],[-77.75226323699997,-6.403551849999928],[-77.74870036199997,-6.406682848999935],[-77.74800773699997,-6.410055849999935],[-77.74517698699992,-6.414603224999951],[-77.74351798699996,-6.420664974999966],[-77.74509148699997,-6.427267474999894],[-77.74501611199997,-6.435251849999929],[-77.74605598699992,-6.436603599999955],[-77.74408023699988,-6.440138974999968],[-77.74023298699996,-6.443778348999842],[-77.73804936199997,-6.447833598999978],[-77.73260473699992,-6.453146474999926],[-77.7327956119999,-6.45586759999992],[-77.73374223699989,-6.46139409999995],[-77.73506948699998,-6.462816223999937],[-77.7385802369999,-6.464088099999913],[-77.73529523699989,-6.468332348999979],[-77.73468736199993,-6.470535724999877],[-77.73499123699997,-6.474942473999874],[-77.73326823699995,-6.480449224999973],[-77.73134436199985,-6.482540223999877],[-77.72942486199992,-6.490218598999888],[-77.72884361199988,-6.494119098999931],[-77.7312098619999,-6.502087848999963],[-77.73070161199996,-6.505955974999949],[-77.72848136199991,-6.515374598999927],[-77.72948761099997,-6.522527599999819],[-77.72936498699994,-6.527725474999897],[-77.72571523699992,-6.534408724999935],[-77.72623661199998,-6.536873473999947],[-77.72800698699984,-6.538091724999902],[-77.72833261199997,-6.540652099999932],[-77.72534636199998,-6.548464099999876],[-77.72617823699994,-6.55205559999996],[-77.72137736099995,-6.555280223999944],[-77.71731886199996,-6.558977474999949],[-77.70803461199995,-6.559190849999936],[-77.70647898699991,-6.560299849999979],[-77.70902586199998,-6.564938474999963],[-77.70943461199988,-6.571615724999901],[-77.70883961099986,-6.577688223999928],[-77.70618448699997,-6.581590474999928],[-77.70412036199991,-6.58225297499996],[-77.69966373699992,-6.582664849999844],[-77.69599448699995,-6.585386473999961],[-77.69137686199997,-6.58608922499991],[-77.68906798699999,-6.584934724999869],[-77.68274748699997,-6.579050098999971],[-77.67657023699991,-6.578811349999967],[-77.67203448699996,-6.580305599999861],[-77.6690312369999,-6.57856134899987],[-77.66654536199991,-6.57826072499995],[-77.66502948699991,-6.580167599999811],[-77.66276586199996,-6.585233473999892],[-77.66186948699993,-6.593782849999968],[-77.65929736099991,-6.597250974999952],[-77.65587323699992,-6.603662349999979],[-77.65278948699995,-6.604518974999905],[-77.64325261199991,-6.604576099999917],[-77.63959036199998,-6.605811349999897],[-77.63554311199994,-6.608459349999976],[-77.6308624859999,-6.609322098999939],[-77.6266641119999,-6.612740224999868],[-77.63117386199991,-6.613367224999877],[-77.63664648699995,-6.616859348999981],[-77.63980661199992,-6.620982474999892],[-77.64343748599987,-6.622363223999912],[-77.64520111199994,-6.62499997499998],[-77.6517734869999,-6.629986349999967],[-77.6548672369999,-6.633972599999936],[-77.6559374869999,-6.636886724999897],[-77.66051761199998,-6.641505848999884],[-77.65952736199995,-6.642904349999981],[-77.65983261199989,-6.649658974999909],[-77.66180648599988,-6.654364849999979],[-77.66266186199994,-6.659899849999931],[-77.6644249869999,-6.661196598999936],[-77.66998773699999,-6.66339459999989],[-77.67314636199995,-6.665928349999945],[-77.67584173699993,-6.671373099999869],[-77.67915611199999,-6.67382809999998],[-77.68837298699992,-6.677365099999975],[-77.69102923699995,-6.677339849999896],[-77.69336323699991,-6.678525349999916],[-77.69766598699994,-6.677232474999926],[-77.70193361199989,-6.676761724999949],[-77.70635936199989,-6.673234349999859],[-77.70966011199988,-6.672019599999885],[-77.71291123699996,-6.667521474999944],[-77.71593548699997,-6.659123099999874],[-77.72636323699999,-6.654242224999962],[-77.73320336199998,-6.648035849999928],[-77.73896511199996,-6.646468849999962],[-77.7402966119999,-6.647456223999939],[-77.73874023699989,-6.652957474999823],[-77.74349823699993,-6.65997434999997],[-77.74560648699998,-6.665158224999971],[-77.74636586199989,-6.668985099999816],[-77.74596611199996,-6.671554849999893],[-77.74233636199983,-6.677986849999968],[-77.74209936199992,-6.682107224999925],[-77.74105486199994,-6.686688223999965],[-77.74472848699997,-6.692328099999941],[-77.74465273699991,-6.695711224999911],[-77.74316786199995,-6.699365974999978],[-77.74379598699988,-6.706618599999956],[-77.74056048699998,-6.708947473999956],[-77.73950048699993,-6.711099724999883],[-77.74142786199997,-6.715500599999871],[-77.7429697369999,-6.721732349999968],[-77.74578911199995,-6.728445349999959],[-77.74589286199995,-6.732718349999914],[-77.74810936199998,-6.744924974999947],[-77.74671373699988,-6.751838474999886],[-77.74374086199987,-6.754786599999932],[-77.74007861199988,-6.756553349999933],[-77.73716923699993,-6.760329349999893],[-77.73587073699997,-6.767892724999967],[-77.73520698699997,-6.777949224999929],[-77.73193348699994,-6.781959724999922],[-77.73350498699989,-6.786507349999965],[-77.73532448599991,-6.788290599999868],[-77.73982173699994,-6.789639849999958],[-77.74656748699988,-6.790603474999955],[-77.74993948699989,-6.791706974999954],[-77.75399473699997,-6.791598349999902],[-77.75948086199998,-6.793269724999902],[-77.76471686199994,-6.79844147499989],[-77.76404211199997,-6.802713724999933],[-77.76171761199993,-6.80774834999994],[-77.75703948699999,-6.813378474999979],[-77.75495148699991,-6.817522349999933],[-77.75116098699988,-6.822469349999892],[-77.74758948699997,-6.832190349999962],[-77.74168486199994,-6.840586474999952],[-77.74014298699996,-6.844087849999937],[-77.74014298699996,-6.849066849999929],[-77.74097811199988,-6.853917349999904],[-77.73818348699996,-6.857450849999964],[-77.73686748699993,-6.863603474999934],[-77.73163036199998,-6.86638097499997],[-77.73124498699997,-6.868758224999851],[-77.73323661199998,-6.873833474999913],[-77.73118073699999,-6.87833059999997],[-77.72877148699996,-6.881285974999969],[-77.72703886199992,-6.88602109999988],[-77.72332486199997,-6.893455974999938],[-77.72132661199998,-6.895844224999905],[-77.71810673699997,-6.89660847499988],[-77.71565786199994,-6.898752599999909],[-77.71498411199997,-6.901142474999972],[-77.70883636199994,-6.906116224999892],[-77.70730873699995,-6.908847474999959],[-77.71428536199994,-6.915443849999861],[-77.71526686199996,-6.920655349999947],[-77.72000161199998,-6.922898099999941],[-77.72720248699989,-6.924732849999884],[-77.73381636199991,-6.928577349999955],[-77.73443786199994,-6.931206724999981],[-77.73985198599996,-6.935490099999981],[-77.74021936199989,-6.940484849999905],[-77.73838448699996,-6.948343349999959],[-77.7429329869999,-6.952806350999936],[-77.74568923699997,-6.956201974999942],[-77.74873573699995,-6.958417599999962],[-77.75893361199996,-6.964507849999904],[-77.76593586199988,-6.962118974999953],[-77.76750386199996,-6.960176349999927],[-77.77190398699997,-6.950580474999981],[-77.77929986199996,-6.941452724999976],[-77.78428498699992,-6.946508099999903],[-77.78625098699996,-6.949293224999963],[-77.78763186199984,-6.954910350999967],[-77.79100211199989,-6.955916725999884]]]},"properties":{"ubigeo":"010100","nombre":"CHACHAPOYAS"}},{"type":"Feature","geometry":{"type":"Polygon","coordinates":[[[-78.45787911199989,-5.727224348999925],[-78.45714123699997,-5.72092709899988],[-78.45783711199988,-5.717447098999912],[-78.45945661199994,-5.715840973999889],[-78.46418136299991,-5.715144973999941],[-78.46809461299995,-5.713102223999954],[-78.46839586199991,-5.710692973999926],[-78.47245136299989,-5.705814348999922],[-78.48181711299998,-5.700393598999938],[-78.48937598799995,-5.695585223999899],[-78.49329098799996,-5.694460973999981],[-78.49676173799998,-5.692502973999979],[-78.49959923799992,-5.693377223999903],[-78.50331123799992,-5.691557098999965],[-78.5046742369999,-5.688106098999981],[-78.50273711299997,-5.685657098999854],[-78.49780473699997,-5.681435848999968],[-78.49939611299999,-5.679800973999818],[-78.50376648699995,-5.680940473999954],[-78.50557523799995,-5.680083223999873],[-78.50555961299989,-5.676121348999914],[-78.50821748699997,-5.669541473999971],[-78.5145371129999,-5.664857473999973],[-78.51377498699992,-5.66128872399986],[-78.51637723799985,-5.657478473999902],[-78.52251098799985,-5.653798223999956],[-78.52596811199999,-5.653389223999966],[-78.52704623799991,-5.651679223999963],[-78.52539198799991,-5.64855659899996],[-78.53361861299999,-5.644046223999965],[-78.54086661199989,-5.646995223999909],[-78.54311498799996,-5.64729822399994],[-78.54633323799993,-5.645567098999948],[-78.54879273799997,-5.647554598999932],[-78.54938498699994,-5.651017848999913],[-78.55219573799997,-5.650475848999861],[-78.56024648799996,-5.646580973999903],[-78.56029661199995,-5.64222422399996],[-78.5574858629999,-5.640718472999879],[-78.55659661299995,-5.637251098999968],[-78.5594834879999,-5.6326175989999],[-78.56371973799992,-5.627548223999952],[-78.56305723799994,-5.626694973999975],[-78.55601411299989,-5.626064347999943],[-78.55516061299988,-5.62495434899995],[-78.55584061299993,-5.621401723999952],[-78.55354386199997,-5.620714848999967],[-78.54923498799997,-5.620929848999936],[-78.54717661299992,-5.619282848999887],[-78.5461158629999,-5.615838973999871],[-78.54224348799994,-5.611697723999953],[-78.54237423799992,-5.609147598999925],[-78.54655923799999,-5.608951473999923],[-78.54567286199995,-5.606285098999933],[-78.54734373699989,-5.605093598999929],[-78.54948698799996,-5.606800848999967],[-78.55583686299997,-5.604069098999901],[-78.559571238,-5.604948223999941],[-78.56176536299995,-5.60445422399988],[-78.56284786299983,-5.601591723999945],[-78.56005073799992,-5.597799223999914],[-78.56394498799995,-5.593367348999948],[-78.56157648799996,-5.590417598999977],[-78.55755148799994,-5.589952598999957],[-78.55766773799996,-5.587780473999828],[-78.56143861199985,-5.587329848999957],[-78.56360348699991,-5.588993597999945],[-78.56536173799998,-5.58788197399997],[-78.56244836299999,-5.583544598999936],[-78.56371973799992,-5.577587098999913],[-78.56021786299993,-5.574847972999976],[-78.56120598799998,-5.571782098999961],[-78.56545611299998,-5.572167098999898],[-78.56431548699993,-5.566202223999937],[-78.56199786299993,-5.565097973999968],[-78.55971861299997,-5.566216848999886],[-78.55824748799995,-5.568480848999911],[-78.55322398799996,-5.565027723999947],[-78.55252261299995,-5.562298723999902],[-78.55448923699993,-5.559950847999971],[-78.56143886299998,-5.55723559899991],[-78.56336223799991,-5.555567722999967],[-78.56367498799995,-5.552991223999925],[-78.56231811199996,-5.551100723999923],[-78.55962723799996,-5.551070223999886],[-78.55347548799989,-5.548066848999895],[-78.5534217369999,-5.546390223999822],[-78.55572911299993,-5.544592098999885],[-78.55611848699994,-5.542446598999902],[-78.554747363,-5.538074723999955],[-78.55292473799989,-5.536813348999942],[-78.55023461299999,-5.533094723999909],[-78.55173786299991,-5.530562848999978],[-78.55163461199999,-5.525683348999905],[-78.55041036299997,-5.521715348999976],[-78.55053698699999,-5.516776473999869],[-78.55095911199999,-5.514032598999961],[-78.55311198699997,-5.511246598999833],[-78.55235211299987,-5.508080597999879],[-78.55581361299994,-5.505252348999932],[-78.55627798799998,-5.50263522299997],[-78.55851523799998,-5.49908934799987],[-78.55715411199998,-5.494818723999913],[-78.55357736299999,-5.493351348999965],[-78.54855611299985,-5.488536348999958],[-78.54307711299992,-5.481767098999967],[-78.54759961299993,-5.477519473999962],[-78.544857988,-5.473391472999936],[-78.54213761299991,-5.470386848999908],[-78.53726548799995,-5.466489098999944],[-78.53166211199994,-5.463724598999875],[-78.52337761299998,-5.458108098999958],[-78.51517811299993,-5.454349222999895],[-78.51310761199994,-5.452237848999914],[-78.51132098799991,-5.446797223999965],[-78.51128036299991,-5.443427348999933],[-78.5122142379999,-5.431246848999933],[-78.51375711199995,-5.426090348999878],[-78.52159323799992,-5.420568598999978],[-78.52277061199999,-5.416873848999899],[-78.52214848799997,-5.408888723999951],[-78.52049223699998,-5.406238223999935],[-78.5184023629999,-5.399279348999926],[-78.51957061199994,-5.396391473999927],[-78.52267923799991,-5.394361348999894],[-78.52445898799994,-5.389425722999931],[-78.5264222369999,-5.38731947399998],[-78.52870611199995,-5.382180847999962],[-78.53244911299993,-5.378437847999976],[-78.53720711299997,-5.374504598999977],[-78.53904686299995,-5.372157348999906],[-78.5386027369999,-5.369112222999945],[-78.5398716119999,-5.365686473999915],[-78.54611911199999,-5.362343723999913],[-78.55131448799989,-5.360267598999826],[-78.55750798799994,-5.352998348999904],[-78.55998211199994,-5.34919197399995],[-78.56397886299999,-5.344624223999915],[-78.56849898799993,-5.341650473999891],[-78.57864948699995,-5.335861597999894],[-78.58316948799984,-5.331817222999859],[-78.58981148699996,-5.324943598999937],[-78.60449223799998,-5.309898473999965],[-78.60965823799995,-5.307505848999938],[-78.6154447379999,-5.306916972999886],[-78.62432636199998,-5.306996348999974],[-78.62615423799997,-5.306373097999938],[-78.63419336299995,-5.3059335989999],[-78.63844186299997,-5.305330973999958],[-78.6415704879999,-5.303751972999976],[-78.64545511299997,-5.298509722999825],[-78.64799411299998,-5.293347598999901],[-78.65159573799991,-5.280150347999893],[-78.65442586299997,-5.274300723999943],[-78.66459961199996,-5.268505847999904],[-78.67146261199997,-5.266835972999957],[-78.67400636199994,-5.267313098999978],[-78.67713323799995,-5.2691324729999],[-78.68064873799995,-5.268902847999925],[-78.68424411299998,-5.267490222999925],[-78.68843161299998,-5.254953098999977],[-78.68542973799993,-5.242476598999929],[-78.68408623699997,-5.239820473999941],[-78.68529386199998,-5.237646722999955],[-78.69016986299988,-5.233876973999884],[-78.69355273799994,-5.232746098999939],[-78.69731048799997,-5.223275348999948],[-78.69968148799995,-5.212252722999949],[-78.70298823799999,-5.207726598999898],[-78.70233823799998,-5.198486098999979],[-78.70513298799995,-5.19306909799991],[-78.70613348799992,-5.185754598999949],[-78.70513298799995,-5.183270348999827],[-78.70596098799996,-5.180096098999911],[-78.70911323799999,-5.179628847999879],[-78.70954948799994,-5.173885598999959],[-78.70968736299989,-5.165259972999934],[-78.7108949879999,-5.156772222999905],[-78.71048298699992,-5.154823722999879],[-78.70823823699999,-5.153666973999918],[-78.70583161299999,-5.149594598999954],[-78.70387298799994,-5.135232472999917],[-78.70428361299997,-5.125975098999959],[-78.70393886199997,-5.123712473999944],[-78.70046698699997,-5.115536723999924],[-78.70062423799999,-5.104082723999966],[-78.69792598799995,-5.102307847999953],[-78.69611548799998,-5.099147222999932],[-78.6955017379999,-5.093470098999944],[-78.69338423799996,-5.09113784799996],[-78.69028486299999,-5.089480722999895],[-78.68555911299995,-5.088744222999821],[-78.68341098799993,-5.087025722999897],[-78.68187648799989,-5.082238598999936],[-78.68156973799995,-5.07895509899987],[-78.68012736299994,-5.076101097999981],[-78.68019923799994,-5.072124972999973],[-78.67299611299995,-5.071523472999957],[-78.66825148799995,-5.068981723999968],[-78.66751173799992,-5.067712847999871],[-78.66332223799992,-5.068617222999933],[-78.66160761299983,-5.067590347999953],[-78.65771411299988,-5.067422972999964],[-78.65543236299993,-5.061122222999927],[-78.65145111299995,-5.055304723999939],[-78.65053411299994,-5.052330472999813],[-78.65059698799996,-5.048939347999976],[-78.64867111299998,-5.046134347999953],[-78.64900611299998,-5.04360147299991],[-78.64745698799999,-5.03933122299992],[-78.64527998799997,-5.037551847999964],[-78.64178523699991,-5.036369097999966],[-78.64046548799996,-5.032841972999904],[-78.64118011299996,-5.026570723999953],[-78.64348948699995,-5.02193822299995],[-78.64240161299995,-5.01823959799998],[-78.64218398799994,-5.013453097999957],[-78.64327186299988,-5.00834034899998],[-78.64305423799993,-5.00605584799996],[-78.64849348799993,-4.999202472999912],[-78.64979886199995,-4.99452472299987],[-78.65284486299998,-4.988215347999926],[-78.65153936299998,-4.982993722999936],[-78.65143436299991,-4.97856909799998],[-78.65354898699997,-4.977251222999826],[-78.66016611199984,-4.977110473999971],[-78.66382661299991,-4.977814473999956],[-78.66495286299994,-4.979503847999979],[-78.66776861199997,-4.97865909799998],[-78.67255548799989,-4.974294722999957],[-78.67396336299993,-4.969930222999892],[-78.67790536299998,-4.969507972999963],[-78.6783277379999,-4.968381597999951],[-78.67551198799998,-4.963313222999886],[-78.67311861299993,-4.961764597999831],[-78.67255548799989,-4.957822472999965],[-78.66931736199996,-4.954443597999898],[-78.66481211299993,-4.95176859799983],[-78.66298186299991,-4.949093597999934],[-78.66227786299993,-4.941350222999972],[-78.66143323799997,-4.938534473999937],[-78.65960298799996,-4.936281848999897],[-78.65791348799996,-4.930509597999958],[-78.6535489879999,-4.921217597999942],[-78.65004161299993,-4.919024472999979],[-78.64827173799995,-4.912690097999871],[-78.64510461299994,-4.90747359799991],[-78.64398673799997,-4.90356122299994],[-78.64258948799994,-4.895550097999944],[-78.64072648799998,-4.891824097999915],[-78.64100598699991,-4.889867847999881],[-78.64482511299997,-4.88772534799989],[-78.64454573799998,-4.883906097999898],[-78.64575673799999,-4.881763597999907],[-78.64594298799994,-4.877292347999969],[-78.64538411299998,-4.870957972999975],[-78.64305523799999,-4.856100222999885],[-78.63737298799998,-4.851163222999958],[-78.63625523799993,-4.849113847999945],[-78.63532361299997,-4.841568597999981],[-78.63187698799999,-4.836445222999885],[-78.63588261299992,-4.830297222999945],[-78.63606886299988,-4.823403972999927],[-78.6376524879999,-4.815858597999977],[-78.64128536299995,-4.811666847999902],[-78.64054011199994,-4.807661222999968],[-78.64212373799995,-4.804214597999874],[-78.64128536299995,-4.799836472999914],[-78.63718673799991,-4.791639097999962],[-78.63355373799999,-4.786981472999969],[-78.6288029879999,-4.782230722999827],[-78.62535636299992,-4.775710097999877],[-78.62079198799995,-4.768537472999981],[-78.62377286299994,-4.767000472999882],[-78.62805786299998,-4.762342847999889],[-78.62917561299992,-4.758709847999967],[-78.63113186299995,-4.757312597999885],[-78.63131811199992,-4.74753159799991],[-78.62826861199994,-4.739678972999968],[-78.63285911299988,-4.739220222999961],[-78.63816011199998,-4.740419972999916],[-78.64039648799996,-4.739851597999973],[-78.64466136199997,-4.736452347999943],[-78.64502686299988,-4.734833472999981],[-78.64424361299984,-4.726060097999891],[-78.64361686299992,-4.722926847999929],[-78.64372136299988,-4.717182347999881],[-78.6413191129999,-4.710706847999916],[-78.63999998799989,-4.705228472999977],[-78.63849911299997,-4.702768972999934],[-78.63594023699989,-4.701150097999971],[-78.63275473699997,-4.700941222999973],[-78.63171023799993,-4.698434597999892],[-78.63362111299995,-4.692857597999932],[-78.6339179869999,-4.689796847999901],[-78.63578361299994,-4.685378972999956],[-78.63981298699997,-4.68481197299991],[-78.64363161299991,-4.682156972999906],[-78.64185423799995,-4.677042972999971],[-78.6423766129999,-4.668295722999915],[-78.64146273699998,-4.665358222999885],[-78.63793773799989,-4.657981847999906],[-78.63878636299995,-4.655305472999885],[-78.64533973799996,-4.651589847999958],[-78.64968773699997,-4.646623472999977],[-78.65172261299995,-4.646183597999936],[-78.6568682379999,-4.648647097999913],[-78.66378773799983,-4.656023472999948],[-78.66770448799997,-4.654522097999916],[-78.67205073799994,-4.650988222999899],[-78.67840998799988,-4.647341597999969],[-78.67995423799994,-4.643322597999884],[-78.68176361299999,-4.642048847999945],[-78.68676561299998,-4.64329434799987],[-78.69224898799996,-4.639965222999933],[-78.69538223799998,-4.636962347999884],[-78.69817386299991,-4.629650347999927],[-78.70164898699994,-4.626256847999969],[-78.7059551129999,-4.623873097999933],[-78.7048902379999,-4.61994284799988],[-78.70255823799994,-4.616098847999979],[-78.69561811299997,-4.60745172299994],[-78.68971111199994,-4.604127597999877],[-78.68755498799999,-4.601634597999862],[-78.68252386299991,-4.599837847999879],[-78.68054748799989,-4.595031347999907],[-78.67486511299995,-4.592021722999959],[-78.67247311299991,-4.593418097999916],[-78.66821823799995,-4.594110097999874],[-78.66357986299994,-4.590991222999946],[-78.66272411199992,-4.587774597999896],[-78.66080598799994,-4.586063097999954],[-78.65581886299992,-4.584882597999979],[-78.65605486199985,-4.582256222999888],[-78.65974361299999,-4.57903972299988],[-78.6628602369999,-4.570089597999925],[-78.66187198799992,-4.567933472999925],[-78.65789061299995,-4.565134722999915],[-78.65657148799994,-4.562093847999961],[-78.65821848699989,-4.556224347999944],[-78.66071886299994,-4.55231234799993],[-78.6585479879999,-4.54858797299994],[-78.65875748799982,-4.546821097999953],[-78.66205173799989,-4.540382596999962],[-78.66268061299996,-4.536908847999939],[-78.6611233619999,-4.530080972999883],[-78.65950623799995,-4.527325847999919],[-78.65631373799994,-4.524893597999949],[-78.65226211299989,-4.518728097999883],[-78.65001011299984,-4.516572097999926],[-78.64783011299994,-4.511445222999953],[-78.64752348699994,-4.508970721999901],[-78.64308098799984,-4.506344597999885],[-78.63756773799992,-4.50091147299986],[-78.6357502379999,-4.500882472999933],[-78.63004536199998,-4.499451346999933],[-78.62541886199995,-4.500510722999934],[-78.6190892379999,-4.510011597999892],[-78.6100709879999,-4.510496847999889],[-78.60757711299988,-4.507719972999894],[-78.60422061299988,-4.50569797299994],[-78.60076973799994,-4.507099847999939],[-78.59891761299997,-4.509091222999928],[-78.59558398799993,-4.517128472999957],[-78.59422061299983,-4.523350222999966],[-78.59069923799996,-4.528628597999898],[-78.58694161299991,-4.531512097999837],[-78.58132811299998,-4.534008972999914],[-78.58163336299992,-4.541050972999926],[-78.5811287379999,-4.544315722999954],[-78.58344461199994,-4.547076472999947],[-78.58592923799989,-4.548426222999979],[-78.5870336129999,-4.55331884799989],[-78.58719973799998,-4.558066222999912],[-78.58871536299995,-4.56196647299987],[-78.5848556119999,-4.56773697299991],[-78.58483723799998,-4.570792472999869],[-78.58336623699995,-4.575428222999847],[-78.58249698799995,-4.580755097999941],[-78.58272136199997,-4.586827222999943],[-78.58367823799983,-4.590539347999936],[-78.58278673699988,-4.59985559799992],[-78.57932386199997,-4.602773472999957],[-78.57444048799994,-4.603071222999972],[-78.57148261299989,-4.600470722999944],[-78.57162936299989,-4.595381097999962],[-78.57044311299995,-4.593972847999908],[-78.56541811299996,-4.591887347999943],[-78.56411236199989,-4.588569972999892],[-78.55676961299997,-4.582014472999958],[-78.55530848799998,-4.579632347999961],[-78.55318048799995,-4.57902884799995],[-78.55030598699994,-4.580235847999973],[-78.54406698799994,-4.581052972999942],[-78.54025023699995,-4.584533347999923],[-78.52242998799989,-4.585746097999902],[-78.51362661199988,-4.591969972999834],[-78.49660048799996,-4.60628622299987],[-78.49278898799992,-4.607556472999931],[-78.48827786299995,-4.61671247299995],[-78.48751561299997,-4.619302722999976],[-78.48509498799996,-4.62036684799989],[-78.47990823699996,-4.625553597999954],[-78.47495723699996,-4.629090097999949],[-78.47241598699992,-4.62879097299998],[-78.47122736199998,-4.63112547299994],[-78.47282848799995,-4.633454222999887],[-78.46817086199997,-4.642769347999945],[-78.46787986299995,-4.647426972999938],[-78.46583011299998,-4.648492222999892],[-78.45635548799999,-4.64642234799993],[-78.44868461299995,-4.645501847999981],[-78.44306836299995,-4.647415972999909],[-78.44109961199996,-4.647061347999966],[-78.43016123699988,-4.653405597999893],[-78.42403573799993,-4.653077472999939],[-78.42108236299998,-4.657124722999981],[-78.41692573699999,-4.659531097999945],[-78.41025323699989,-4.659421722999923],[-78.4035808619999,-4.657780972999888],[-78.39975236199996,-4.657780972999888],[-78.39679911199994,-4.654936972999963],[-78.39297061299999,-4.652639972999964],[-78.38575111299997,-4.651764847999971],[-78.3699999879999,-4.651436722999961],[-78.36726536199996,-4.649467847999972],[-78.36126111199991,-4.647703597999907],[-78.35810611199992,-4.651933097999915],[-78.35122961299999,-4.65786459799989],[-78.3478481119999,-4.662119347999862],[-78.34398573699997,-4.664872347999903],[-78.34172623699999,-4.667928222999876],[-78.34201536299992,-4.674800347999962],[-78.33981736199996,-4.677735097999971],[-78.33347773799989,-4.678357597999934],[-78.3294804869999,-4.679537097999855],[-78.32582936199998,-4.672894472999928],[-78.32350311199997,-4.670049972999948],[-78.31774186299998,-4.667327097999873],[-78.31608298799995,-4.667571597999938],[-78.3112013629999,-4.671128222999812],[-78.30490786199988,-4.672844722999969],[-78.30024748799997,-4.675239972999918],[-78.29006461199992,-4.671770722999952],[-78.28508561199999,-4.673087722999924],[-78.28321086199998,-4.668829347999917],[-78.2772073619999,-4.662751722999872],[-78.27629886199998,-4.659976597999957],[-78.27298273799994,-4.661195222999936],[-78.2711659869999,-4.663790097999879],[-78.27131461299996,-4.668396347999817],[-78.26997723699998,-4.674191472999951],[-78.26537098699993,-4.679392097999937],[-78.26200173699988,-4.681244722999907],[-78.2638847369999,-4.68696872299995],[-78.26748236199995,-4.693003847999876],[-78.26891948699983,-4.703872222999962],[-78.26378823699997,-4.71076772299989],[-78.26241598699994,-4.721044972999891],[-78.2555053619999,-4.711611222999977],[-78.25334836199994,-4.705210472999909],[-78.2496542369999,-4.70219084799993],[-78.24705223699993,-4.698014972999886],[-78.23871098799998,-4.687558597999896],[-78.23476886299994,-4.680773972999873],[-78.23311261299995,-4.676205847999938],[-78.22708236199998,-4.667353597999977],[-78.22380686199995,-4.664783597999929],[-78.22268386299993,-4.661523597999974],[-78.21981448699995,-4.660113222999939],[-78.21889923799995,-4.658537722999881],[-78.2114336119999,-4.656744097999933],[-78.20381686199994,-4.65410497299996],[-78.19827748799997,-4.653419722999899],[-78.1908536119999,-4.655589722999878],[-78.18642286199997,-4.656103597999959],[-78.18015173699996,-4.648161097999946],[-78.1735357369999,-4.642414722999945],[-78.17226361299998,-4.638623097999925],[-78.17018261299995,-4.637026472999935],[-78.1635622369999,-4.634181347999913],[-78.16025348699998,-4.634366722999971],[-78.15551261299993,-4.636125972999878],[-78.15413511299982,-4.638485097999933],[-78.14728573699995,-4.64318759799994],[-78.14638786199998,-4.645169847999966],[-78.14719998699996,-4.649919972999896],[-78.15416048799995,-4.653874222999946],[-78.15612198699989,-4.656976972999928],[-78.15553373699998,-4.660489972999869],[-78.15232373799995,-4.662772472999961],[-78.15000548699999,-4.662968597999964],[-78.14581498699994,-4.658974222999973],[-78.14185811199991,-4.657917472999941],[-78.14007298699994,-4.659972847999882],[-78.14009273799996,-4.666169472999968],[-78.13702361199995,-4.667105722999963],[-78.13315836199996,-4.664878972999929],[-78.13253111199992,-4.668693597999891],[-78.12832998699997,-4.675876222999932],[-78.12606773699991,-4.685539972999948],[-78.12416936199998,-4.688505972999963],[-78.12365811199993,-4.69185747299997],[-78.12014111199994,-4.695803222999928],[-78.12014111199994,-4.699513347999869],[-78.12319136299999,-4.704341847999956],[-78.12676648699994,-4.711800222999898],[-78.12797111199995,-4.719316972999934],[-78.13143048699999,-4.723448097999949],[-78.13216311299993,-4.725845972999934],[-78.13177773699994,-4.729242972999828],[-78.13376136199992,-4.731955347999872],[-78.13601561199994,-4.738751972999921],[-78.13886061199997,-4.74191534799985],[-78.14020986299994,-4.746107347999953],[-78.1425634869999,-4.748998847999928],[-78.14464348799999,-4.754258847999949],[-78.14523986199993,-4.758099347999973],[-78.14873123799998,-4.759394097999916],[-78.15413861199994,-4.762699222999913],[-78.14495111199994,-4.771374847999823],[-78.14477111199989,-4.773911472999828],[-78.14282561199997,-4.777347972999962],[-78.13943173799998,-4.779957097999898],[-78.14011436199996,-4.783851972999855],[-78.13973661299997,-4.786965847999909],[-78.13637898699989,-4.79352747299987],[-78.14140686199988,-4.798759347999976],[-78.1428574869999,-4.801473097999974],[-78.13758073799994,-4.809694347999937],[-78.13255948699998,-4.818548723999925],[-78.13042973699999,-4.821172722999961],[-78.12783586199993,-4.826415222999913],[-78.12472648699998,-4.830210972999907],[-78.11941261199996,-4.840238973999931],[-78.11930936199991,-4.842097472999853],[-78.1237884869999,-4.843638722999913],[-78.12811823699997,-4.848554347999936],[-78.12880848699996,-4.857998223999914],[-78.12849873799996,-4.862954348999892],[-78.12746623699991,-4.866981222999925],[-78.1275694869999,-4.876377097999921],[-78.12684673799998,-4.880094222999901],[-78.12777598699995,-4.883294972999977],[-78.13056386199997,-4.886289222999949],[-78.13438398799997,-4.887425097999937],[-78.13582973699994,-4.893516972999919],[-78.13923698699995,-4.900641347999908],[-78.1390304869999,-4.904874597999878],[-78.14088898799992,-4.909314472999881],[-78.14605161199995,-4.913134722999871],[-78.14708411199996,-4.916645347999918],[-78.14997523699998,-4.919020098999965],[-78.15431173699994,-4.919639597999947],[-78.15656048699992,-4.917742097999962],[-78.15816311199995,-4.918601597999952],[-78.16121323799996,-4.92296359799991],[-78.16185736199998,-4.928814472999875],[-78.16517323699998,-4.936903098999892],[-78.16496486199998,-4.939427722999881],[-78.16301623699997,-4.943821722999928],[-78.16326123799996,-4.947388473999979],[-78.16075761199994,-4.952065597999876],[-78.15755023699995,-4.955430972999977],[-78.15368798799994,-4.961235722999959],[-78.14586586199994,-4.96816459899992],[-78.14777048699989,-4.975578097999858],[-78.14801048699996,-4.980211473999873],[-78.14752211199993,-4.985380472999907],[-78.14543198799993,-4.989574723999908],[-78.1464042369999,-4.99193747399994],[-78.14924936299997,-4.995257722999952],[-78.15617636299999,-4.993324597999958],[-78.16123611299992,-4.993674097999929],[-78.16842323699996,-4.993488722999928],[-78.17696386199998,-4.994541222999885],[-78.18010348799993,-4.996562472999813],[-78.181974987,-5.002636222999911],[-78.18502086299992,-5.004331972999978],[-78.18722661299995,-5.007238223999934],[-78.1882009869999,-5.018401723999887],[-78.18905623699999,-5.020365472999913],[-78.19391423799993,-5.021281222999903],[-78.19406548799992,-5.025283722999973],[-78.19602536199989,-5.031427722999922],[-78.19484098799995,-5.037893597999812],[-78.19325436199995,-5.040718722999884],[-78.18811248699996,-5.047740097999963],[-78.18528986199982,-5.054211848999955],[-78.17979211199986,-5.058297973999913],[-78.17727436199988,-5.061368222999931],[-78.17176161199995,-5.07254297399993],[-78.16711423699991,-5.076381097999956],[-78.1677069879999,-5.080912097999885],[-78.1608044869999,-5.078975098999933],[-78.15662786299993,-5.080417348999902],[-78.14809936199993,-5.081573722999906],[-78.14314448799996,-5.080658223999933],[-78.13932436199997,-5.082738347999907],[-78.13778911199995,-5.08550159899994],[-78.13907873699998,-5.088694848999978],[-78.14382611199994,-5.0955703489999],[-78.14870161199991,-5.095378473999915],[-78.15402598799994,-5.096534973999951],[-78.15469111199991,-5.100995973999943],[-78.15589998799999,-5.10246634899994],[-78.15719423699989,-5.106937847999973],[-78.15881136299993,-5.109946972999978],[-78.15927011199994,-5.114391223999917],[-78.15801173699992,-5.11635747299988],[-78.15138236199988,-5.119897722999951],[-78.14691761299986,-5.120463222999945],[-78.14239848699987,-5.118857472999878],[-78.13632123799994,-5.123677848999932],[-78.12971798699988,-5.127225473999943],[-78.12623436199993,-5.128498097999966],[-78.12364261199991,-5.131878848999918],[-78.12225173799993,-5.135199722999971],[-78.11831923699998,-5.137275347999946],[-78.11055073699998,-5.139857473999882],[-78.10755423699993,-5.143761722999898],[-78.10433723799997,-5.145714847999955],[-78.1006512379999,-5.143432473999894],[-78.096380862,-5.141896472999917],[-78.09932248799998,-5.146089973999892],[-78.10003111299994,-5.153531222999959],[-78.10101986199993,-5.157580223999958],[-78.10035161199988,-5.160681597999883],[-78.09724611299998,-5.169005722999941],[-78.09329298699998,-5.170939472999976],[-78.08798736299997,-5.174481597999943],[-78.08632936299989,-5.174911472999895],[-78.08204836199997,-5.173108472999957],[-78.07971486199989,-5.170759722999946],[-78.07549473799997,-5.174723348999976],[-78.07498573799995,-5.177611723999973],[-78.07616798699996,-5.181531223999968],[-78.0714933619999,-5.191421598999966],[-78.06617398699996,-5.197957848999977],[-78.06207023699989,-5.204453473999877],[-78.05689711199994,-5.20859172299987],[-78.05734786299996,-5.210912848999897],[-78.05943811199995,-5.212735472999896],[-78.0608594869999,-5.216482472999871],[-78.06065623699993,-5.22196884799996],[-78.06390736299994,-5.225626347999878],[-78.06960548699993,-5.228699223999968],[-78.06854173699998,-5.235441972999979],[-78.06699423699996,-5.23897934799993],[-78.0729157369999,-5.246182972999975],[-78.07582823799993,-5.251398348999942],[-78.07616686299997,-5.25400609899998],[-78.0717167379999,-5.260300473999848],[-78.07156173699997,-5.261568222999927],[-78.06761323699993,-5.265271472999927],[-78.0696874869999,-5.271890473999918],[-78.07356448699994,-5.282058598999981],[-78.07450748699989,-5.286720598999977],[-78.08001336199999,-5.292883723999978],[-78.08085873699997,-5.294595848999904],[-78.08420298699991,-5.312852097999894],[-78.09073686199997,-5.3183107239999],[-78.09097586299987,-5.322534597999891],[-78.09321948699994,-5.32573522399997],[-78.09663536299996,-5.33452634799994],[-78.09675786199989,-5.341275348999943],[-78.10118973699997,-5.342307098999868],[-78.106146487,-5.341998097999976],[-78.10918523699996,-5.340443222999909],[-78.11171311199996,-5.33753609799993],[-78.11436748699998,-5.333238598999969],[-78.11671773699999,-5.331033348999938],[-78.12125373699996,-5.328921848999926],[-78.14627998699996,-5.339879973999928],[-78.14751998699995,-5.344119973999852],[-78.14587998799988,-5.34890997399998],[-78.14594998699988,-5.353109972999903],[-78.14697998699995,-5.354109973999869],[-78.1482599869999,-5.360569973999873],[-78.1519099869999,-5.363449972999945],[-78.15613998799995,-5.364829972999928],[-78.15630998699999,-5.367449973999896],[-78.15961711299997,-5.370146097999964],[-78.16174411199995,-5.378253848999975],[-78.16340898799996,-5.386830347999933],[-78.17247848699992,-5.390621098999873],[-78.17499023699992,-5.397064598999918],[-78.17908198699996,-5.402250598999956],[-78.17969536199985,-5.406900473999883],[-78.18641298799992,-5.408949597999879],[-78.19221936299994,-5.41721384799996],[-78.19544923699993,-5.419725973999903],[-78.19839198799997,-5.42008484899992],[-78.20027148699995,-5.422330098999964],[-78.20434936299995,-5.424893723999901],[-78.20585548699995,-5.427396473999977],[-78.20908648699992,-5.429128472999935],[-78.21655123699992,-5.43106647299993],[-78.21956573699993,-5.434870597999918],[-78.22272661199992,-5.435253848999935],[-78.22286748699992,-5.439177098999892],[-78.22846598699988,-5.443483598999876],[-78.23119336199994,-5.454321722999964],[-78.23011673699995,-5.456403223999928],[-78.23040386199989,-5.459417848999976],[-78.23395636199996,-5.464956973999904],[-78.23886961299996,-5.470393723999962],[-78.24402448699988,-5.472326847999966],[-78.24692561299992,-5.472403473999975],[-78.24986398699997,-5.473857098999929],[-78.25351561199994,-5.474562473999924],[-78.25667373699991,-5.474203598999964],[-78.26708111199997,-5.474777723999978],[-78.27081361299997,-5.473198723999872],[-78.27424998699996,-5.470578098999965],[-78.27942661299994,-5.473485848999928],[-78.28244111199996,-5.476787472999888],[-78.28588636199999,-5.478581848999966],[-78.28801161299998,-5.480562473999953],[-78.29680348699992,-5.481434722999836],[-78.3029222369999,-5.483738223999978],[-78.31183036199997,-5.485992598999928],[-78.30917048799989,-5.488436473999968],[-78.30648623799993,-5.494832473999907],[-78.30315748699996,-5.50083097299995],[-78.30397461199993,-5.502513473999954],[-78.31090448699985,-5.50518247399998],[-78.3131232369999,-5.507629848999898],[-78.313499988,-5.509947223999973],[-78.31616648799991,-5.513527848999956],[-78.32138711199997,-5.523750223999912],[-78.32200198799995,-5.527011098999878],[-78.3245983629999,-5.533165598999915],[-78.32724286299998,-5.535906348999958],[-78.33099348699994,-5.53739684899989],[-78.33421486199995,-5.537204473999964],[-78.33502436199996,-5.539724598999953],[-78.32956636299991,-5.543888722999952],[-78.32759998699993,-5.547766098999887],[-78.32339536299986,-5.549930973999949],[-78.32391923699993,-5.553822598999886],[-78.32556573699992,-5.559211223999966],[-78.32613186199995,-5.566190473999939],[-78.32295686299989,-5.571755348999943],[-78.32192548699999,-5.575921098999913],[-78.31886348699999,-5.581317473999945],[-78.31877136299988,-5.589223972999889],[-78.31780473799995,-5.591473848999954],[-78.31350848799991,-5.596131723999974],[-78.31445186299999,-5.598954097999922],[-78.31652336299999,-5.601104973999895],[-78.31587823699988,-5.606224723999844],[-78.316098862,-5.611482973999955],[-78.31483986199993,-5.615935473999969],[-78.31650736199998,-5.617634223999914],[-78.32074748699995,-5.618401723999909],[-78.32400386199993,-5.620183598999972],[-78.331048362,-5.61996134899988],[-78.3358534869999,-5.622746098999926],[-78.34142386299993,-5.623273473999859],[-78.3530491119999,-5.625610973999926],[-78.36521561199999,-5.626213223999912],[-78.36813073699989,-5.626791473999958],[-78.37252973699998,-5.6332368489999],[-78.37791286199996,-5.640389223999932],[-78.38502536199985,-5.643232473999944],[-78.38717861299995,-5.64922297399994],[-78.38939423799991,-5.652886973999955],[-78.40232861199996,-5.671957848999966],[-78.40412486199989,-5.677808098999947],[-78.4053691119999,-5.684873223999944],[-78.40557061299995,-5.690257348999978],[-78.41123661199998,-5.692527723999888],[-78.41298473799998,-5.696852848999981],[-78.41590336299993,-5.702001098999972],[-78.42053873699996,-5.705899098999907],[-78.42276698799992,-5.708864723999909],[-78.4275959869999,-5.710799723999969],[-78.43020273699995,-5.712705098999947],[-78.43097473799997,-5.714878348999832],[-78.43306261199996,-5.715483348999953],[-78.43744998799997,-5.722209973999895],[-78.44485998799996,-5.725039973999969],[-78.4482898629999,-5.731369973999847],[-78.45069998799994,-5.733059973999957],[-78.45538448699989,-5.732973223999977],[-78.45482736199989,-5.730423223999935],[-78.45787911199989,-5.727224348999925]]]},"properties":{"ubigeo":"010200","nombre":"BAGUA"}},{"type":"Feature","geometry":{"type":"Polygon","coordinates":[[[-77.94082223699996,-6.03690434899994],[-77.94164261199995,-6.033765598999935],[-77.94624023699998,-6.030386723999925],[-77.95217773699989,-6.022246098999972],[-77.95376361199999,-6.017917973999886],[-77.95552736199994,-6.015654348999931],[-77.95743161199994,-6.010691348999956],[-77.95938286199998,-6.009074348999945],[-77.96109573699994,-6.003902348999929],[-77.96672073699995,-6.002165973999979],[-77.96747073699993,-6.000031223999827],[-77.96567573699991,-5.996724598999947],[-77.96598436299996,-5.993931598999893],[-77.96452736199996,-5.991474598999901],[-77.96606048699988,-5.987961098999961],[-77.96933198699992,-5.98542184899992],[-77.97024961199992,-5.98330272499993],[-77.97032811199995,-5.979318349999971],[-77.97235161199995,-5.977925723999931],[-77.9738164879999,-5.973689473999968],[-77.97828123699992,-5.971650348999901],[-77.97840036199995,-5.968533349999973],[-77.97982423699995,-5.964802723999981],[-77.98208011199989,-5.968466848999867],[-77.99670311199998,-5.970790973999954],[-77.99999461199997,-5.970520098999941],[-78.00320336199991,-5.972546098999942],[-78.00563861199998,-5.977928848999909],[-78.01510961199995,-5.975897099999941],[-78.01760161199991,-5.974956723999924],[-78.02740261199995,-5.975535473999969],[-78.03343423699994,-5.976586348999945],[-78.03721386199993,-5.975740723999877],[-78.04256111199999,-5.977057348999949],[-78.05030611199999,-5.977173723999954],[-78.05753373699997,-5.974732598999935],[-78.0607909869999,-5.97290822399998],[-78.06570111299993,-5.966412098999854],[-78.07046286199994,-5.963564473999952],[-78.07227923699992,-5.961080098999901],[-78.07619136199997,-5.95866209899998],[-78.07879486199982,-5.954121098999963],[-78.07730073699992,-5.948367223999924],[-78.07562886199997,-5.945494098999973],[-78.07704486199998,-5.943849598999975],[-78.08064848699996,-5.936640598999929],[-78.08263861199998,-5.933677723999892],[-78.07903711199998,-5.928761723999912],[-78.0794667369999,-5.92618159899996],[-78.07445311299995,-5.92037309899996],[-78.07658398699994,-5.916769598999963],[-78.07851948699994,-5.915984348999928],[-78.08295711199997,-5.916314598999975],[-78.08918373699998,-5.919410098999947],[-78.09488673799996,-5.919404348999933],[-78.09703911299988,-5.918503848999933],[-78.10058786199988,-5.919849599999907],[-78.10283973699995,-5.918859348999945],[-78.10565036299988,-5.919433598999944],[-78.11377923799995,-5.918121098999961],[-78.11940623699996,-5.920580098999949],[-78.12284573699998,-5.920263723999881],[-78.12736911199994,-5.91617572399997],[-78.12936136199994,-5.909564473999978],[-78.12919536199996,-5.906806598999935],[-78.13080473699989,-5.902560598999969],[-78.13142773699997,-5.899203098999919],[-78.13504098799996,-5.896437473999981],[-78.13522461299993,-5.894244098999934],[-78.13174611199997,-5.895128848999889],[-78.1303281129999,-5.893486348999943],[-78.12559573699997,-5.892785098999923],[-78.12211523699995,-5.890517598999907],[-78.12070311199994,-5.884374974999957],[-78.11888473699997,-5.881726598999933],[-78.11948436199992,-5.875812473999929],[-78.11873436199994,-5.872410098999978],[-78.11637111199991,-5.86888472399994],[-78.1135136119999,-5.866447223999955],[-78.11082998699999,-5.862142598999981],[-78.10539261299988,-5.8580037239999],[-78.10365236199988,-5.855908223999961],[-78.10249023699998,-5.852062473999922],[-78.10280073699994,-5.846091848999947],[-78.10249211299998,-5.841345723999893],[-78.10104486199998,-5.838412098999925],[-78.09631248799991,-5.837537099999963],[-78.09785348699995,-5.834609348999948],[-78.09701173699995,-5.83308784899998],[-78.09800373699994,-5.829902348999951],[-78.1022948619999,-5.825109348999945],[-78.10123623699997,-5.822392598999954],[-78.09753711299999,-5.818652348999933],[-78.0984628619999,-5.814148348999936],[-78.09702736199989,-5.809062473999973],[-78.093898487,-5.803517598999917],[-78.09374411199985,-5.801945348999936],[-78.09074998699998,-5.798171848999914],[-78.08827923699994,-5.796134723999955],[-78.08576948699994,-5.792253848999906],[-78.08630073799992,-5.786419973999955],[-78.0822676119999,-5.782794973999955],[-78.0806016119999,-5.778837848999899],[-78.07690823699994,-5.774193348999859],[-78.0763568619999,-5.769425723999973],[-78.07797548799988,-5.768296223999869],[-78.08326873699997,-5.767221348999954],[-78.08791723699994,-5.765179223999894],[-78.09402361199989,-5.757927098999915],[-78.09888636199997,-5.755865348999976],[-78.1039726119999,-5.755042973999934],[-78.09725973799993,-5.745015598999942],[-78.07842973699996,-5.715457098999934],[-78.06995311199995,-5.701917973999969],[-78.04413086199997,-5.661583973999939],[-78.02575586199993,-5.632658223999897],[-78.017394487,-5.61992572399987],[-78.01238861199988,-5.611501973999964],[-78.01129298699993,-5.606935598999939],[-78.01174023699997,-5.602285098999914],[-78.00746673699996,-5.59854884899994],[-78.00391598699997,-5.598187473999928],[-78.00212498699995,-5.595974598999931],[-78.00124798699994,-5.590937473999929],[-77.99841411199992,-5.588447223999935],[-77.995628862,-5.583402348999869],[-77.99151173799993,-5.582040973999938],[-77.98932611199996,-5.579683597999917],[-77.98900786199988,-5.577427723999961],[-77.98659761199997,-5.577015598999878],[-77.98504686199988,-5.575044973999979],[-77.98737298699996,-5.57147259899989],[-77.98673636299998,-5.568830098999968],[-77.98808398699992,-5.567720723999969],[-77.98756048699994,-5.563937473999943],[-77.98793948699995,-5.560322223999947],[-77.98735161199988,-5.556738223999901],[-77.98916211199997,-5.552609348999965],[-77.98866798699993,-5.54930472399991],[-77.99008198799993,-5.545349598999962],[-77.98916411199986,-5.542390597999827],[-77.99094136199989,-5.537242223999897],[-77.98996286199997,-5.532703098999946],[-77.98753323699998,-5.531558598999936],[-77.98480661199989,-5.527388723999877],[-77.98499223699997,-5.52479497399986],[-77.98894723699993,-5.52061909899993],[-77.98959573699995,-5.516859348999958],[-77.99126761199989,-5.514076223999894],[-77.98984173699995,-5.510351598999932],[-77.98689723699994,-5.510967723999954],[-77.97887848699997,-5.50858822399988],[-77.97454786199995,-5.508326473999887],[-77.97031711199998,-5.506300348999957],[-77.96543448699992,-5.502425473999949],[-77.95541686199994,-5.498546972999975],[-77.95427486199986,-5.497047848999898],[-77.94758311199996,-5.494204222999883],[-77.94142311199994,-5.489394973999879],[-77.93478711199992,-5.491908223999928],[-77.93256448699998,-5.490943348999906],[-77.93338323699993,-5.483318348999887],[-77.93288348699997,-5.472824973999934],[-77.93040773699994,-5.46623647399997],[-77.93136173699992,-5.460812598999894],[-77.93714273699999,-5.451671598999951],[-77.93778911199996,-5.447019473999887],[-77.9393318619999,-5.44334347399996],[-77.93843948699998,-5.433894848999955],[-77.94056911199993,-5.425283472999922],[-77.94327536199995,-5.42205472399985],[-77.94939698699994,-5.42095272399996],[-77.95467936199992,-5.418359098999872],[-77.95528311199996,-5.412179848999926],[-77.95348961199988,-5.403749223999966],[-77.95551511199989,-5.399720597999931],[-77.74528511199992,-5.133017597999981],[-77.7397727369999,-5.136619222999911],[-77.72758861199998,-5.140299348999918],[-77.72085573699985,-5.140454722999834],[-77.71126698699999,-5.149353348999966],[-77.7083227359999,-5.15082409799993],[-77.7067094869999,-5.156447723999975],[-77.70221661199997,-5.160808597999846],[-77.69597786199995,-5.163660223999955],[-77.695083862,-5.167103472999941],[-77.69758061199997,-5.170802972999979],[-77.7034342369999,-5.174775097999941],[-77.70468873699997,-5.177667097999915],[-77.70545686199983,-5.183747722999954],[-77.70723211199999,-5.189548473999935],[-77.70824261199994,-5.190907347999939],[-77.71178173699991,-5.191707097999938],[-77.71364323699993,-5.196273223999924],[-77.71747598699989,-5.198259222999923],[-77.72100048699991,-5.198858473999962],[-77.72753711199994,-5.200897722999912],[-77.73010486199996,-5.20268472399988],[-77.73650023699992,-5.210070973999962],[-77.73944323699999,-5.211232223999957],[-77.73955961199994,-5.212597347999917],[-77.7322146119999,-5.225889723999899],[-77.730183862,-5.228512472999967],[-77.72301598699988,-5.23456559899995],[-77.71610723699996,-5.238055973999963],[-77.70983198699997,-5.239740348999931],[-77.70390911199985,-5.246748097999955],[-77.70355461199989,-5.250765598999976],[-77.69909048699992,-5.253975973999957],[-77.69629673699995,-5.258770973999958],[-77.69308011199985,-5.267685473999904],[-77.69256411199996,-5.271816848999947],[-77.69317398699997,-5.278312848999917],[-77.69274711199989,-5.283588847999908],[-77.69148636199998,-5.284732472999963],[-77.6884866119999,-5.29087197299998],[-77.68510686199994,-5.294042597999976],[-77.68414823699987,-5.295881223999857],[-77.68460423699992,-5.300941848999969],[-77.68619923699993,-5.302466847999938],[-77.68482811199988,-5.31066272299995],[-77.68453486199996,-5.322434223999949],[-77.68364348699993,-5.326655722999931],[-77.68206648699993,-5.338395597999977],[-77.6823891119999,-5.340105098999913],[-77.68805048699988,-5.346352348999972],[-77.68893486199988,-5.35199447399998],[-77.69186261199991,-5.362668472999871],[-77.69503711199997,-5.369129223999948],[-77.69622661199998,-5.373441473999947],[-77.70278673699988,-5.380687723999813],[-77.70275873699995,-5.384877972999959],[-77.69840086199997,-5.396331347999933],[-77.69879823699983,-5.406638098999963],[-77.69595848699998,-5.411053098999957],[-77.69658661199998,-5.412138097999843],[-77.70111448599988,-5.413452348999954],[-77.70838198699994,-5.414843222999934],[-77.71270261199999,-5.416411223999887],[-77.72332511199988,-5.414694472999884],[-77.73395036199997,-5.410439598999972],[-77.73624236199998,-5.408570473999873],[-77.74303511199992,-5.40646684799998],[-77.74482773699998,-5.406899097999883],[-77.74552461199994,-5.407630723999944],[-77.74671961199994,-5.413786848999905],[-77.75018361199994,-5.415926598999931],[-77.75136223699997,-5.419220723999842],[-77.75753061199998,-5.424560723999889],[-77.76442973699989,-5.431097598999941],[-77.76774198699985,-5.435723347999954],[-77.76845123699991,-5.438048723999884],[-77.7633736119999,-5.443483473999891],[-77.75930198699996,-5.446326597999928],[-77.75065561199983,-5.455718348999937],[-77.74901073699988,-5.458092473999898],[-77.74912936199985,-5.461173598999949],[-77.75083311199995,-5.464190223999879],[-77.7537018619999,-5.466001348999896],[-77.76040623699987,-5.46830609899996],[-77.76536473699997,-5.470994848999965],[-77.77063748699999,-5.478153097999893],[-77.77157036199998,-5.493920598999978],[-77.77098661199989,-5.495298348999938],[-77.76757673699996,-5.497921473999952],[-77.7658642369999,-5.502650472999903],[-77.76176811199991,-5.504342223999913],[-77.75963798699996,-5.507205598999974],[-77.75873011199991,-5.511221223999939],[-77.75703736199995,-5.513941598999963],[-77.75711286199993,-5.516003722999869],[-77.75906886199988,-5.521267223999928],[-77.76527748699993,-5.532317472999921],[-77.76448186199991,-5.53541034899996],[-77.76576173699993,-5.538982473999909],[-77.76294698699996,-5.543238223999879],[-77.76108611199999,-5.548795723999888],[-77.7572613619999,-5.554652473999965],[-77.75440023699997,-5.561958347999962],[-77.75105748699997,-5.568272348999869],[-77.74986061199996,-5.57343947399994],[-77.75154623699996,-5.57919872399998],[-77.75167573699997,-5.582263598999873],[-77.74445586199994,-5.587332973999935],[-77.7392371119999,-5.596810598999923],[-77.73689061199991,-5.605138848999957],[-77.7363839869999,-5.609290098999963],[-77.73703098699997,-5.61412884899994],[-77.73879298699984,-5.618279348999977],[-77.73891873699995,-5.622166473999926],[-77.74621873699988,-5.631392848999951],[-77.75260623699995,-5.637577598999883],[-77.75343023699998,-5.640226973999972],[-77.75090498699996,-5.643037598999911],[-77.75391136199994,-5.649499722999906],[-77.75436523699989,-5.6521884739999],[-77.75436523699989,-5.658997722999914],[-77.75513348699997,-5.660568972999897],[-77.75900123699995,-5.66360809899993],[-77.76725623699997,-5.673182223999902],[-77.76917086199995,-5.674501598999939],[-77.76958998699996,-5.677120598999977],[-77.7686229869999,-5.67946684899988],[-77.77370711199995,-5.685207098999911],[-77.77509086199996,-5.68967934899996],[-77.7742456119999,-5.692039473999898],[-77.77502411199993,-5.696504348999952],[-77.77479086199997,-5.700663473999896],[-77.77566573699988,-5.703344598999934],[-77.77514798699997,-5.710751973999891],[-77.76946048699995,-5.714563598999973],[-77.7659058619999,-5.716028973999926],[-77.7639898619999,-5.722565223999823],[-77.75935861199997,-5.729847973999938],[-77.75941011199996,-5.733617223999886],[-77.76195761199989,-5.738411348999875],[-77.76171073699999,-5.742365848999953],[-77.76487323699996,-5.748372223999922],[-77.76727236199997,-5.750852348999956],[-77.77224223699994,-5.752865223999947],[-77.77104211199998,-5.755426723999904],[-77.76883323699997,-5.756855473999963],[-77.76440948699997,-5.764408223999965],[-77.76074111199995,-5.769227473999933],[-77.76114911199994,-5.772002598999961],[-77.76717386199994,-5.776275348999889],[-77.7683514869999,-5.778821973999925],[-77.76925611199988,-5.785749848999899],[-77.7703554869999,-5.788142598999912],[-77.76889373699993,-5.791385098999967],[-77.76510223699995,-5.8061023489999],[-77.7650194869999,-5.811101723999911],[-77.76392911199991,-5.819708723999952],[-77.76077098699994,-5.82491934899997],[-77.75864036199994,-5.826197848999925],[-77.75293711199993,-5.827778348999971],[-77.75096586199999,-5.829017223999813],[-77.74975348699996,-5.831678348999901],[-77.74762436199995,-5.83277322399988],[-77.7461383619999,-5.835110473999919],[-77.74051423699996,-5.835088599999892],[-77.73674286199991,-5.838727473999882],[-77.73264061199995,-5.841697723999971],[-77.72641598699994,-5.843981973999973],[-77.71934073699998,-5.843448348999971],[-77.71401886199993,-5.841007348999938],[-77.71034348699993,-5.840656098999943],[-77.70466411199999,-5.842166848999966],[-77.69808386199998,-5.840442348999943],[-77.69481336099989,-5.840232848999904],[-77.69054473699993,-5.842287098999975],[-77.68460986199995,-5.847682348999967],[-77.68152673599997,-5.84948709899993],[-77.6811334869999,-5.85486084899992],[-77.677882862,-5.859646598999859],[-77.68036586199997,-5.869121348999897],[-77.68342961199994,-5.876063098999964],[-77.68154411199998,-5.879161098999873],[-77.67256573699996,-5.88561247399997],[-77.66781536199994,-5.890877348999936],[-77.66579136199988,-5.891906973999937],[-77.66610598699998,-5.89385472399988],[-77.66888673699992,-5.896810973999891],[-77.66751761199998,-5.904279348999921],[-77.66474473599999,-5.908587223999916],[-77.66329386199999,-5.917670223999949],[-77.66239698699997,-5.919919348999883],[-77.65964298699998,-5.923350598999946],[-77.65880861199997,-5.927898473999903],[-77.65770536199983,-5.929728348999959],[-77.65189061199993,-5.935331973999894],[-77.65469386199999,-5.942201723999972],[-77.65636023699989,-5.947994973999926],[-77.65991386199994,-5.955134848999876],[-77.66533423699997,-5.959520973999872],[-77.6712459869999,-5.963261598999964],[-77.673576987,-5.970299974999932],[-77.67167486099999,-5.974104348999845],[-77.67666386199994,-5.976444848999961],[-77.68456061199998,-5.979166223999869],[-77.68756448599999,-5.979095724999979],[-77.68936511199996,-5.974568348999867],[-77.69309761199997,-5.9699960989999],[-77.69385161199989,-5.967378848999886],[-77.69652736199998,-5.962558598999976],[-77.69970898699995,-5.959859348999885],[-77.70184173699994,-5.956931598999972],[-77.70372661199991,-5.952900473999932],[-77.70867573699996,-5.949984348999976],[-77.70958786199986,-5.948236348999956],[-77.71725786199994,-5.94419534899987],[-77.72614448699994,-5.943544973999906],[-77.72939848699997,-5.942644473999906],[-77.73173436199994,-5.944384723999917],[-77.73796873699996,-5.94571109899988],[-77.74483398699988,-5.944943348999971],[-77.74538423699994,-5.94698822499987],[-77.74814223599998,-5.951027848999956],[-77.75463748699997,-5.955643724999959],[-77.7591636119999,-5.956862473999934],[-77.76986823699991,-5.966513973999952],[-77.77341561199995,-5.971537349999892],[-77.77450323699998,-5.974316848999933],[-77.77209598699994,-5.982331724999881],[-77.77278836199986,-5.988546473999918],[-77.77615386199994,-5.989529723999908],[-77.78016386199994,-5.995501474999912],[-77.7818878619999,-6.00059822399993],[-77.78462311199996,-6.006072224999969],[-77.78490961199992,-6.009066598999937],[-77.78866686199996,-6.016936723999891],[-77.79048611199994,-6.022552723999866],[-77.78810348699994,-6.027344973999959],[-77.79029673699995,-6.028214724999827],[-77.79319723699996,-6.026023473999885],[-77.79668948699998,-6.02544722499988],[-77.79949023699999,-6.027064473999928],[-77.80214648699996,-6.02980072399987],[-77.80623436199988,-6.031873098999938],[-77.80408198699996,-6.035113223999929],[-77.80534773699998,-6.039562473999922],[-77.80558398699998,-6.045230473999936],[-77.80509373699994,-6.047300723999911],[-77.8079413619999,-6.053062598999873],[-77.80724798699998,-6.057089849999954],[-77.80566011199988,-6.061820348999902],[-77.80700786199992,-6.06643747499993],[-77.80636723699996,-6.072955098999898],[-77.80786911199988,-6.078445348999935],[-77.80781048699998,-6.080931598999882],[-77.80552148699996,-6.084412098999906],[-77.80570698699995,-6.088828098999898],[-77.80494711199998,-6.090933598999925],[-77.8007011119999,-6.094781223999973],[-77.79840623699994,-6.099562599999899],[-77.79611723699998,-6.102392598999927],[-77.79564848699994,-6.107724598999937],[-77.79424798699995,-6.109761723999895],[-77.79143361199988,-6.116017598999974],[-77.78959961199996,-6.117347599999903],[-77.78898436199984,-6.121953099999928],[-77.79054486199988,-6.123910098999943],[-77.79224411199988,-6.125433599999951],[-77.79869136199989,-6.125986348999959],[-77.8040468619999,-6.127863349999927],[-77.80804298699996,-6.128263599999968],[-77.81181248699994,-6.12678909899995],[-77.81283786199992,-6.128160098999956],[-77.81779298699996,-6.128476723999938],[-77.82187498699994,-6.13049997499985],[-77.82398636199991,-6.129261723999889],[-77.82941011199995,-6.128251973999909],[-77.83064061199991,-6.129259723999894],[-77.83394536199995,-6.1287734739999],[-77.84144923699989,-6.128646474999869],[-77.85500011199997,-6.122726598999975],[-77.85841211199994,-6.121621098999981],[-77.86138686199996,-6.11921684899994],[-77.86268161199996,-6.115742224999963],[-77.86788098699992,-6.111259724999968],[-77.8735194869999,-6.104447224999944],[-77.87608786199996,-6.102488223999956],[-77.88050586199995,-6.102212848999955],[-77.88698823699991,-6.10390034999989],[-77.89094923699997,-6.10269134899994],[-77.89104098699994,-6.100964848999922],[-77.89336323699996,-6.099580099999912],[-77.89766211199998,-6.095398473999978],[-77.90392186199989,-6.09208397399982],[-77.9062343619999,-6.087103473999946],[-77.90732423799994,-6.081570349999879],[-77.90848436199991,-6.080007848999912],[-77.90914648699999,-6.07539447399995],[-77.91139061199988,-6.068939473999933],[-77.91647848699995,-6.064138723999974],[-77.91883598699997,-6.061189473999946],[-77.92134573799996,-6.060894473999952],[-77.92498436199992,-6.058777349999957],[-77.92621286199994,-6.056607473999975],[-77.93106836199996,-6.052626974999896],[-77.93173823699988,-6.048242223999921],[-77.93416211199997,-6.045517598999879],[-77.93503323699997,-6.042453224999917],[-77.93473436199992,-6.038414098999965],[-77.93778886199993,-6.037767598999949],[-77.94082223699996,-6.03690434899994]]]},"properties":{"ubigeo":"010300","nombre":"BONGARA"}},{"type":"Feature","geometry":{"type":"Polygon","coordinates":[[[-77.93914148699997,-6.693748349999964],[-77.93968011199996,-6.697100974999898],[-77.94183336199995,-6.702975224999932],[-77.95122048699983,-6.706190474999971],[-77.9553608619999,-6.708117849999894],[-77.95954848699995,-6.713947599999869],[-77.965735237,-6.712400849999881],[-77.97230761199995,-6.717668474999925],[-77.97906023699989,-6.716993224999896],[-77.98510411199999,-6.719539224999892],[-77.98960586199996,-6.719198223999911],[-77.99552411299999,-6.719938224999964],[-78.00102486299994,-6.721211849999975],[-78.00156361199993,-6.729797599999927],[-78.00569923699999,-6.736874974999921],[-78.00632611299989,-6.739128849999929],[-78.00886136199989,-6.742964849999964],[-78.01699998699996,-6.74493947499991],[-78.02179298799996,-6.744455099999868],[-78.02782036199994,-6.745910099999946],[-78.03467573699999,-6.744984349999982],[-78.03586886199992,-6.743240724999964],[-78.0344161129999,-6.739895474999912],[-78.03694461199996,-6.736579724999956],[-78.03937773699994,-6.731975849999969],[-78.03954473699997,-6.729256474999943],[-78.03816123699988,-6.725964599999941],[-78.04040348699988,-6.719166224999924],[-78.03978336199998,-6.715707349999946],[-78.04365623699988,-6.713816473999941],[-78.04503123699999,-6.71138972499989],[-78.04515048699989,-6.708145599999966],[-78.04667711199988,-6.702730724999924],[-78.04536523699988,-6.696624099999951],[-78.04598536199995,-6.691590849999898],[-78.04950786299997,-6.687363223999967],[-78.05187736199986,-6.683289724999952],[-78.05610173699995,-6.679901224999981],[-78.05819536299998,-6.676150223999969],[-78.06386561299996,-6.676964348999945],[-78.07456648699997,-6.672544474999881],[-78.07829911199991,-6.668735224999921],[-78.07916073799998,-6.666408974999911],[-78.07645636199993,-6.662221724999938],[-78.0759621119999,-6.659110349999878],[-78.08128336299995,-6.655184849999898],[-78.08305723699988,-6.655068473999961],[-78.0943082369999,-6.657319973999904],[-78.09544448699995,-6.655999099999974],[-78.09733448799989,-6.650590474999888],[-78.09953323699995,-6.648388723999972],[-78.10402248799994,-6.646810349999953],[-78.10759911199995,-6.642332224999961],[-78.10672673699997,-6.637650723999968],[-78.10382298799993,-6.635601723999969],[-78.10367261199997,-6.634298724999894],[-78.10542673799995,-6.628133849999926],[-78.10442436299996,-6.625076599999886],[-78.10582773699991,-6.620615974999964],[-78.10748173699989,-6.618210099999942],[-78.11350211299992,-6.612298848999956],[-78.11394723699993,-6.608486848999917],[-78.1160522369999,-6.602723098999888],[-78.12031248699998,-6.599415224999973],[-78.1215653619999,-6.594503474999954],[-78.1218661119999,-6.58919072499998],[-78.12121461299984,-6.587085599999966],[-78.11775836199996,-6.582052599999884],[-78.1170526119999,-6.57736934899998],[-78.11955461199989,-6.574642849999918],[-78.12653523699998,-6.570793849999973],[-78.12988336199999,-6.568355849999932],[-78.13347086199997,-6.566866098999981],[-78.137099488,-6.563682474999951],[-78.13765873799991,-6.561808974999963],[-78.1366869879999,-6.558464348999962],[-78.13263361299988,-6.553067224999893],[-78.13299223799999,-6.550429099999917],[-78.13713448699997,-6.549434099999928],[-78.13758511299994,-6.548033224999926],[-78.13624498799999,-6.543505849999974],[-78.13827323699996,-6.53861634999987],[-78.13457898699983,-6.53470472399988],[-78.13570173699998,-6.532060973999933],[-78.13602773799988,-6.52630197499991],[-78.13834561199997,-6.524056598999948],[-78.14443036299991,-6.519529224999872],[-78.14464773699996,-6.514313724999909],[-78.14788898699993,-6.51153034999993],[-78.15065998799997,-6.512176848999957],[-78.15185511199991,-6.510365973999967],[-78.15134811199988,-6.507250974999977],[-78.15218111199988,-6.499826349999978],[-78.15623761199998,-6.498124099999927],[-78.1582187379999,-6.495033224999816],[-78.16436536199996,-6.490800849999914],[-78.16742911199992,-6.493125974999941],[-78.1730431119999,-6.494176224999933],[-78.17429298699994,-6.491785098999912],[-78.17449173699998,-6.487403348999919],[-78.17670111199999,-6.483527973999969],[-78.17735298699995,-6.479145599999924],[-78.17651998699995,-6.475849724999932],[-78.17709373699995,-6.474420099999918],[-78.1857557379999,-6.471105099999932],[-78.18794923699994,-6.467800724999961],[-78.18829098699996,-6.462159099999951],[-78.19002948799994,-6.457016098999929],[-78.19245611199989,-6.456871224999929],[-78.19644011199995,-6.459261598999888],[-78.1984322369999,-6.459297848999881],[-78.20061523699997,-6.455439474999935],[-78.20346661199989,-6.455784599999902],[-78.20432248799995,-6.458524224999906],[-78.20774036199992,-6.459189224999875],[-78.20998586299999,-6.458030224999902],[-78.21111398699998,-6.453683474999934],[-78.20987723699989,-6.450460474999943],[-78.21150711299993,-6.447418224999979],[-78.21806261199993,-6.446947474999945],[-78.21875073799993,-6.438544599999943],[-78.22187886299992,-6.429712724999888],[-78.22610311199998,-6.427063349999969],[-78.22878323699985,-6.423658849999924],[-78.23117773699988,-6.422165974999871],[-78.23459573699989,-6.418040973999894],[-78.23669536299991,-6.41344722499997],[-78.2412062379999,-6.410475349999899],[-78.24193061299991,-6.404209474999902],[-78.24510161299997,-6.400599599999907],[-78.2500073619999,-6.399682223999946],[-78.25149223799986,-6.396422473999962],[-78.25515098699998,-6.394783348999965],[-78.26137986199996,-6.394466723999869],[-78.26597973799994,-6.391714099999945],[-78.26828711199983,-6.391109348999919],[-78.27188336199993,-6.392728224999928],[-78.27188336199993,-6.397581474999924],[-78.27296986199985,-6.399102723999874],[-78.27590361199992,-6.399754599999881],[-78.28006886199995,-6.395806848999939],[-78.27995998699993,-6.39298172499997],[-78.27793186299988,-6.388961474999917],[-78.28015048699996,-6.387222599999916],[-78.28307486199998,-6.381753974999981],[-78.28749348699995,-6.378928973999905],[-78.28901473699995,-6.374981099999957],[-78.2912602369999,-6.37251834999995],[-78.29354198699997,-6.371793973999957],[-78.2977071119999,-6.374872474999961],[-78.29951798799988,-6.375379598999871],[-78.30324861199995,-6.374111849999963],[-78.30426261299988,-6.372808099999929],[-78.30556648699996,-6.367918599999939],[-78.30962298699995,-6.363898349999943],[-78.31900361299995,-6.357016724999937],[-78.32179248699993,-6.357016723999948],[-78.32403523699998,-6.358189473999971],[-78.32745548699995,-6.356319098999961],[-78.33373498799995,-6.350977723999961],[-78.33480861199996,-6.345925723999926],[-78.33487761299989,-6.341866224999933],[-78.33287298799996,-6.336450973999888],[-78.33514673799988,-6.322299599999894],[-78.33538611299997,-6.318679473999964],[-78.33885661299996,-6.315178974999924],[-78.34190836199997,-6.309614224999962],[-78.34536723699989,-6.304591848999962],[-78.34774236299995,-6.298544349999929],[-78.34938786199996,-6.297407473999897],[-78.35312111199994,-6.296974598999952],[-78.35641873799995,-6.295432973999937],[-78.35866411299997,-6.292052723999973],[-78.35800436199992,-6.285529848999829],[-78.35973361299995,-6.281247599999972],[-78.36143548799998,-6.279863224999929],[-78.36512498699994,-6.280772848999959],[-78.36694998699988,-6.278469098999949],[-78.36996273799986,-6.271083974999954],[-78.36998698699989,-6.265408348999927],[-78.37021673699991,-6.260459973999957],[-78.37210423799996,-6.255052223999883],[-78.37220623699994,-6.252577849999966],[-78.37047173699995,-6.247425223999869],[-78.37093086199991,-6.244185723999976],[-78.37008911299989,-6.239083974999915],[-78.37480811199993,-6.236278099999936],[-78.38025586299995,-6.230738223999879],[-78.38439923699991,-6.231201974999976],[-78.38863361299997,-6.22990109899996],[-78.39409236299997,-6.227477723999925],[-78.39807161199997,-6.228753223999945],[-78.40072448799992,-6.227885848999961],[-78.40161723699998,-6.225972723999917],[-78.4020253619999,-6.219774223999877],[-78.40281611199998,-6.218728473999874],[-78.40732723799994,-6.214314599999966],[-78.40903186199984,-6.213690848999875],[-78.41207561199997,-6.214545099999953],[-78.41424386299997,-6.213805348999927],[-78.41636098699996,-6.211152473999903],[-78.41898623799995,-6.205714848999946],[-78.41886086199997,-6.203015223999955],[-78.41733036199997,-6.200847099999976],[-78.41694786299996,-6.193475224999929],[-78.41778948699994,-6.190516348999893],[-78.41972811299996,-6.188424599999962],[-78.41515423699997,-6.186831973999972],[-78.41391798699988,-6.184505848999891],[-78.41124798699997,-6.184091849999902],[-78.40729098699995,-6.181753848999904],[-78.40012298699997,-6.180837849999875],[-78.3982736129999,-6.178578098999878],[-78.39566011199992,-6.17718159899988],[-78.39401761199991,-6.175103474999958],[-78.38940623799994,-6.171435599999882],[-78.38736911199999,-6.171441348999906],[-78.3831249879999,-6.169816349999962],[-78.38057611299996,-6.170464849999973],[-78.37817573699994,-6.169509724999955],[-78.37306448699997,-6.169783223999957],[-78.37165236199996,-6.163998098999912],[-78.37228911299997,-6.158111348999853],[-78.37177148699993,-6.156001973999935],[-78.36903711299993,-6.152470723999954],[-78.36768748699996,-6.146861349999938],[-78.36955073799987,-6.141978473999927],[-78.3699999879999,-6.13671872499998],[-78.37245111299995,-6.13364447399988],[-78.36916311199997,-6.128938849999884],[-78.36756886199993,-6.120301473999973],[-78.36811611299999,-6.108618348999926],[-78.36395211299998,-6.10283622399993],[-78.36185811299993,-6.098791098999925],[-78.35374423699994,-6.092152474999978],[-78.34972286199996,-6.086869973999967],[-78.34228323699989,-6.083881098999939],[-78.33630898699994,-6.083256098999925],[-78.32994861299994,-6.080581974999973],[-78.32722636299991,-6.080003723999937],[-78.31761411299988,-6.079488848999972],[-78.3143133619999,-6.079844223999885],[-78.31200848799995,-6.08182547399997],[-78.30483236199996,-6.085104099999967],[-78.30058698799996,-6.083229474999939],[-78.29980548699996,-6.081765098999938],[-78.30034261299994,-6.07789747399994],[-78.29382936299993,-6.072450473999879],[-78.29140236199999,-6.06514559999988],[-78.28973848699997,-6.063193599999863],[-78.28438286199986,-6.064241349999975],[-78.2778407369999,-6.063599973999885],[-78.27024586299996,-6.063849723999965],[-78.26539136299994,-6.062991348999901],[-78.25597861299997,-6.058995348999929],[-78.2515681129999,-6.057870473999969],[-78.24908248699995,-6.058035099999927],[-78.24182486199993,-6.059992348999913],[-78.23499811199997,-6.059474473999956],[-78.22853748699993,-6.060028723999835],[-78.22371748699999,-6.061550849999833],[-78.2140454879999,-6.055285973999901],[-78.20684223699988,-6.039015223999968],[-78.20279523699998,-6.035284098999966],[-78.19743536299995,-6.031333973999892],[-78.19415423699996,-6.03064609899991],[-78.19055561199997,-6.027894098999923],[-78.18256448799991,-6.025459724999962],[-78.17933623699997,-6.024877598999922],[-78.16433223799993,-6.01726672399991],[-78.16682936199999,-6.013049348999857],[-78.16962298699991,-6.006211223999912],[-78.17031786199993,-6.002621473999909],[-78.17170998699993,-5.999999973999877],[-78.17062998699993,-5.996219973999871],[-78.17240998799997,-5.994149973999924],[-78.17092398799991,-5.990416723999942],[-78.16906223799998,-5.988322223999944],[-78.16459398699993,-5.9855760989999],[-78.16146198699994,-5.97812472399994],[-78.15983323799992,-5.972134598999958],[-78.15441348699994,-5.963814098999933],[-78.15204711199988,-5.962516348999941],[-78.14133611199998,-5.96086347399995],[-78.13588173699998,-5.958921224999926],[-78.1355742369999,-5.95750972399992],[-78.13877061199997,-5.954403599999978],[-78.14498336199995,-5.945687223999869],[-78.14467423699995,-5.940989098999978],[-78.1435251119999,-5.938140473999908],[-78.136908238,-5.928242223999916],[-78.13609573699989,-5.921290973999874],[-78.13656461299996,-5.917849598999965],[-78.13921086199997,-5.915560598999946],[-78.13879686199994,-5.911699223999847],[-78.13711323699988,-5.90937884899995],[-78.1347519869999,-5.903638723999961],[-78.13260161199997,-5.903960973999972],[-78.13080473699989,-5.902560598999969],[-78.12919536199996,-5.906806598999935],[-78.12936136199994,-5.909564473999978],[-78.12736911199994,-5.91617572399997],[-78.12284573699998,-5.920263723999881],[-78.11940623699996,-5.920580098999949],[-78.11377923799995,-5.918121098999961],[-78.10565036299988,-5.919433598999944],[-78.10283973699995,-5.918859348999945],[-78.10058786199988,-5.919849599999907],[-78.09703911299988,-5.918503848999933],[-78.09488673799996,-5.919404348999933],[-78.08918373699998,-5.919410098999947],[-78.08295711199997,-5.916314598999975],[-78.07851948699994,-5.915984348999928],[-78.07658398699994,-5.916769598999963],[-78.07445311299995,-5.92037309899996],[-78.0794667369999,-5.92618159899996],[-78.07903711199998,-5.928761723999912],[-78.08263861199998,-5.933677723999892],[-78.08064848699996,-5.936640598999929],[-78.07704486199998,-5.943849598999975],[-78.07562886199997,-5.945494098999973],[-78.07730073699992,-5.948367223999924],[-78.07879486199982,-5.954121098999963],[-78.07619136199997,-5.95866209899998],[-78.07227923699992,-5.961080098999901],[-78.07046286199994,-5.963564473999952],[-78.06570111299993,-5.966412098999854],[-78.0607909869999,-5.97290822399998],[-78.05753373699997,-5.974732598999935],[-78.05030611199999,-5.977173723999954],[-78.04256111199999,-5.977057348999949],[-78.03721386199993,-5.975740723999877],[-78.03343423699994,-5.976586348999945],[-78.02740261199995,-5.975535473999969],[-78.01760161199991,-5.974956723999924],[-78.01510961199995,-5.975897099999941],[-78.00563861199998,-5.977928848999909],[-78.00320336199991,-5.972546098999942],[-77.99999461199997,-5.970520098999941],[-77.99670311199998,-5.970790973999954],[-77.98208011199989,-5.968466848999867],[-77.97982423699995,-5.964802723999981],[-77.97840036199995,-5.968533349999973],[-77.97828123699992,-5.971650348999901],[-77.9738164879999,-5.973689473999968],[-77.97235161199995,-5.977925723999931],[-77.97032811199995,-5.979318349999971],[-77.97024961199992,-5.98330272499993],[-77.96933198699992,-5.98542184899992],[-77.96606048699988,-5.987961098999961],[-77.96452736199996,-5.991474598999901],[-77.96598436299996,-5.993931598999893],[-77.96567573699991,-5.996724598999947],[-77.96747073699993,-6.000031223999827],[-77.96672073699995,-6.002165973999979],[-77.96109573699994,-6.003902348999929],[-77.95938286199998,-6.009074348999945],[-77.95743161199994,-6.010691348999956],[-77.95552736199994,-6.015654348999931],[-77.95376361199999,-6.017917973999886],[-77.95217773699989,-6.022246098999972],[-77.94624023699998,-6.030386723999925],[-77.94164261199995,-6.033765598999935],[-77.94082223699996,-6.03690434899994],[-77.93778886199993,-6.037767598999949],[-77.93473436199992,-6.038414098999965],[-77.93503323699997,-6.042453224999917],[-77.93416211199997,-6.045517598999879],[-77.93173823699988,-6.048242223999921],[-77.93106836199996,-6.052626974999896],[-77.92621286199994,-6.056607473999975],[-77.92498436199992,-6.058777349999957],[-77.92134573799996,-6.060894473999952],[-77.91883598699997,-6.061189473999946],[-77.91647848699995,-6.064138723999974],[-77.91139061199988,-6.068939473999933],[-77.90914648699999,-6.07539447399995],[-77.90848436199991,-6.080007848999912],[-77.90732423799994,-6.081570349999879],[-77.9062343619999,-6.087103473999946],[-77.90392186199989,-6.09208397399982],[-77.89766211199998,-6.095398473999978],[-77.89336323699996,-6.099580099999912],[-77.89104098699994,-6.100964848999922],[-77.89094923699997,-6.10269134899994],[-77.89369136199997,-6.106281223999872],[-77.89541411199991,-6.111423849999937],[-77.8953398619999,-6.115744098999926],[-77.89630273699998,-6.118763724999894],[-77.89539061199997,-6.125351599999931],[-77.89649798699998,-6.132441349999965],[-77.89805286199993,-6.136283223999897],[-77.89765423699993,-6.137943348999954],[-77.90070698699998,-6.140486348999957],[-77.90219336199988,-6.144056598999953],[-77.90429686199991,-6.146189473999925],[-77.90354298699998,-6.151228474999925],[-77.90576761199992,-6.157105473999934],[-77.90410936199999,-6.160857473999954],[-77.90308598699994,-6.166296849999981],[-77.90345698699997,-6.169113223999943],[-77.90516986199998,-6.171160098999906],[-77.90804486199988,-6.172390598999868],[-77.90912698699998,-6.174335848999874],[-77.90879298699997,-6.177640598999915],[-77.91025786199992,-6.181691348999891],[-77.90632423699998,-6.187570349999874],[-77.90549998699998,-6.190763724999954],[-77.9064863619999,-6.194265599999881],[-77.90203123699996,-6.199347598999907],[-77.90168948699994,-6.203509724999947],[-77.9028398619999,-6.20456447499987],[-77.90282423699995,-6.208074224999962],[-77.90590623699995,-6.210167973999887],[-77.90743748699998,-6.215533224999888],[-77.90905473699996,-6.215996099999927],[-77.91061136199988,-6.219828099999916],[-77.9139941119999,-6.221310598999935],[-77.91545698699997,-6.223347598999965],[-77.91539261199989,-6.225708973999929],[-77.91685936199991,-6.230996098999981],[-77.91659948699998,-6.233787099999972],[-77.91794923699996,-6.236601598999869],[-77.92076173699996,-6.23756647499988],[-77.92088086199993,-6.241927723999936],[-77.92243548699997,-6.245394474999898],[-77.92579686199991,-6.248351599999978],[-77.92898636299992,-6.249240224999937],[-77.93159961199996,-6.248863224999923],[-77.93420511199997,-6.250345724999931],[-77.93690423699996,-6.254490223999937],[-77.93818548699988,-6.258501973999955],[-77.94000786199996,-6.261201224999922],[-77.94201173699997,-6.268826223999952],[-77.94086136199996,-6.27383597499994],[-77.94131636199995,-6.278546849999884],[-77.94031048699998,-6.280966848999924],[-77.94127536199994,-6.283496099999866],[-77.93792186199994,-6.284109349999881],[-77.93610936199997,-6.285505848999946],[-77.93634961199996,-6.288113224999961],[-77.93476948699998,-6.290773348999892],[-77.93526761199996,-6.292441348999944],[-77.93401761199993,-6.295408223999971],[-77.93456248699988,-6.304074224999965],[-77.93553711199996,-6.306552723999971],[-77.93747461199996,-6.307109349999905],[-77.93609373699996,-6.311351598999977],[-77.93631636199996,-6.31636522499997],[-77.93457811199994,-6.319199223999874],[-77.93137111199997,-6.320599599999923],[-77.93096873699983,-6.325124974999881],[-77.92718548699997,-6.329392598999959],[-77.92804886199991,-6.331753848999938],[-77.93095511199994,-6.333484348999946],[-77.93199411199993,-6.336138723999909],[-77.93016011199995,-6.338798849999932],[-77.93042773699983,-6.34147459999997],[-77.92917186199992,-6.345326223999962],[-77.92710936199995,-6.347048849999965],[-77.92608986199991,-6.351882849999981],[-77.92585736199993,-6.35688472399994],[-77.92424211199989,-6.357248099999879],[-77.92372848699995,-6.35904684999997],[-77.9206933619999,-6.362615224999956],[-77.91970311199992,-6.365095724999946],[-77.91988861199991,-6.368501973999969],[-77.91193548699994,-6.366187473999958],[-77.90798436199992,-6.366654349999976],[-77.90578123699999,-6.367849598999896],[-77.90619536199989,-6.370220724999967],[-77.90446873799993,-6.373662099999876],[-77.90398048699996,-6.378478474999952],[-77.90546673699998,-6.380460974999949],[-77.89977923699996,-6.38977347499997],[-77.89610148699995,-6.394669973999896],[-77.89111911199984,-6.398419973999978],[-77.88938286199988,-6.400673848999929],[-77.88832623699994,-6.406699224999954],[-77.88483986199998,-6.408642598999961],[-77.87786323699993,-6.407068348999928],[-77.87453711199998,-6.410365223999861],[-77.87463861199996,-6.413904349999939],[-77.87224411199998,-6.416941349999945],[-77.87288673699993,-6.419792974999893],[-77.87473048699991,-6.423103474999891],[-77.87724223699996,-6.426107474999867],[-77.87666986199997,-6.428779349999957],[-77.87469336199996,-6.43113472399989],[-77.8729784869999,-6.435843723999938],[-77.86825786199995,-6.439947349999954],[-77.86500586199998,-6.443706974999884],[-77.86258398699988,-6.445498098999849],[-77.86116598699988,-6.448677724999925],[-77.8613047369999,-6.453201348999926],[-77.8607734869999,-6.458445348999874],[-77.85921098699993,-6.464121098999897],[-77.86112111199998,-6.470585974999949],[-77.8632382369999,-6.473232474999975],[-77.86370698699989,-6.477099598999928],[-77.86087498699987,-6.479716849999875],[-77.85998236199998,-6.484103473999937],[-77.8588144869999,-6.486281223999981],[-77.8592792369999,-6.488294973999871],[-77.85685348699991,-6.492134724999971],[-77.85433986199996,-6.494589848999965],[-77.85243161199998,-6.498974598999951],[-77.85314061199995,-6.504789099999925],[-77.85140823699999,-6.508980474999873],[-77.84615236199994,-6.516097599999966],[-77.84408198699998,-6.517689474999884],[-77.84183598699985,-6.522711099999981],[-77.83771873699999,-6.527474599999948],[-77.83393748699996,-6.529306599999927],[-77.83231836199991,-6.532078099999978],[-77.83114061199996,-6.537824223999962],[-77.83099411199993,-6.539978474999884],[-77.82786136199991,-6.544654349999973],[-77.82726761199996,-6.547005849999948],[-77.82782236199995,-6.554044974999954],[-77.82874461199998,-6.556246223999949],[-77.82793748699999,-6.558927723999943],[-77.83017573699982,-6.561312473999976],[-77.82987698699998,-6.565580099999977],[-77.83035936199991,-6.567453099999966],[-77.82724798699996,-6.575066349999872],[-77.82293548699994,-6.581804724999927],[-77.82218948699995,-6.585783223999954],[-77.81903711199993,-6.592505849999895],[-77.8177323619999,-6.593613224999956],[-77.81757423699997,-6.596414098999958],[-77.81531461199995,-6.60034184999995],[-77.81541798699999,-6.60273634899994],[-77.81211723699994,-6.611339849999922],[-77.81140823699997,-6.614662099999975],[-77.8127128619999,-6.61605072499998],[-77.81167773699997,-6.619945349999966],[-77.81316411199992,-6.62082222499987],[-77.8140976119999,-6.624136724999914],[-77.81237511199993,-6.626927723999927],[-77.81320311199988,-6.628681599999936],[-77.81257811199993,-6.631335974999899],[-77.81396873699998,-6.63358997399996],[-77.80947848699998,-6.637546849999978],[-77.80453511199988,-6.644148474999952],[-77.80246286199986,-6.64930859999987],[-77.80336523699998,-6.652070349999974],[-77.80143548699994,-6.655498099999875],[-77.79791986199984,-6.657398474999923],[-77.79886998699993,-6.660159974999942],[-77.79818998699989,-6.662679974999946],[-77.80037998699999,-6.666499974999965],[-77.80000998699995,-6.671729974999892],[-77.7976899869999,-6.676569974999893],[-77.79745998699997,-6.680949974999919],[-77.79921998699996,-6.685839973999975],[-77.79800998699994,-6.690729974999897],[-77.79829998699995,-6.695569974999955],[-77.80097998699989,-6.703149974999974],[-77.8026899869999,-6.704519974999926],[-77.80315998699996,-6.707069974999968],[-77.80637998699996,-6.706019974999947],[-77.81098998699991,-6.706739974999948],[-77.81442998699998,-6.709899974999928],[-77.818929987,-6.711919974999887],[-77.82295998699982,-6.715509974999918],[-77.82392998699999,-6.721949974999973],[-77.82701998699991,-6.726309974999936],[-77.83015998699994,-6.727789974999894],[-77.83060998699995,-6.729889974999935],[-77.83257998699997,-6.73196997499997],[-77.83535998699995,-6.732889974999978],[-77.84457998699997,-6.728959974999896],[-77.85059998699995,-6.727479974999937],[-77.85382998699998,-6.728259973999968],[-77.85810998699998,-6.72760997499995],[-77.86276998699998,-6.729039974999864],[-77.86612998699991,-6.728449974999876],[-77.87636998699992,-6.731709974999887],[-77.88238998699995,-6.732089974999951],[-77.88559998699998,-6.731579974999875],[-77.89091998699996,-6.732939974999965],[-77.89281461199988,-6.734123974999875],[-77.89561786199994,-6.732356099999947],[-77.89630461199988,-6.730612724999958],[-77.8955673619999,-6.725133349999908],[-77.89763823699991,-6.720991599999877],[-77.9026486119999,-6.717490224999892],[-77.90507298699993,-6.714525099999889],[-77.90688136199998,-6.702227474999972],[-77.91084648699996,-6.69912322499988],[-77.91354861199989,-6.698060474999977],[-77.91579623699988,-6.696014849999926],[-77.91948336199994,-6.690256849999912],[-77.92944873699992,-6.692163224999888],[-77.93289348699994,-6.692100473999972],[-77.93596686199993,-6.689789098999938],[-77.93914148699997,-6.693748349999964]]]},"properties":{"ubigeo":"010400","nombre":"LUYA"}},{"type":"Feature","geometry":{"type":"Polygon","coordinates":[[[-77.4361491119999,-6.605217224999933],[-77.43598698599999,-6.615527598999961],[-77.43565436199992,-6.618070349999925],[-77.4335297369999,-6.621149724999952],[-77.42871586199993,-6.626347849999945],[-77.42663961199992,-6.632020224999962],[-77.42369261199997,-6.638061974999971],[-77.42118361199988,-6.639939473999959],[-77.41125961199998,-6.643577224999945],[-77.40765623699997,-6.646331974999896],[-77.40572536199994,-6.649813098999971],[-77.4046991109999,-6.654240349999895],[-77.40536198699988,-6.661110099999973],[-77.40498611199996,-6.663054349999925],[-77.39772811099994,-6.669349224999905],[-77.39643136199999,-6.674407224999925],[-77.39359786199987,-6.679114974999948],[-77.38971911099992,-6.681673849999925],[-77.38806623699992,-6.685106724999969],[-77.38543998699998,-6.692661223999892],[-77.38173298599997,-6.697589099999959],[-77.38192798699998,-6.698782474999916],[-77.38599123599994,-6.702096223999945],[-77.38965498599993,-6.703879474999951],[-77.39607461099996,-6.704787349999947],[-77.40013536199996,-6.708452849999901],[-77.40116373599994,-6.713781223999888],[-77.4025801119999,-6.717759724999894],[-77.40387461199998,-6.724251098999957],[-77.40714648699998,-6.726775349999969],[-77.41526886099996,-6.714676224999948],[-77.41865786199998,-6.708076474999928],[-77.42087073699992,-6.705958849999945],[-77.42750936099998,-6.702841723999882],[-77.43736036199994,-6.700985724999896],[-77.43993023599995,-6.698915599999964],[-77.44954323699989,-6.686756599999967],[-77.45465898699996,-6.681688348999899],[-77.46010798699996,-6.67957059999992],[-77.46293961199996,-6.679665849999878],[-77.47082423699993,-6.682793224999841],[-77.47548198599998,-6.683628474999921],[-77.48235636199996,-6.681476224999926],[-77.48704361199998,-6.678314099999966],[-77.48942061199995,-6.6756200989999],[-77.49295223699994,-6.67444297499992],[-77.49676561099989,-6.674054724999962],[-77.50139636199998,-6.675484224999934],[-77.50522236199998,-6.67562009999989],[-77.51065586099998,-6.672339349999959],[-77.51717548699992,-6.673627974999931],[-77.52061648699998,-6.67953647499985],[-77.52421598699988,-6.678653723999901],[-77.52853998699999,-6.676118224999925],[-77.53496936199997,-6.674035474999869],[-77.53908948699996,-6.674465599999962],[-77.54407423699996,-6.676996099999883],[-77.5500692359999,-6.67183947399991],[-77.55126898699996,-6.666791099999898],[-77.55498173699993,-6.661697474999926],[-77.55837748699997,-6.659637474999897],[-77.56114211199991,-6.654612349999979],[-77.56174973699996,-6.650416474999872],[-77.56369761199988,-6.644084724999857],[-77.56641423699995,-6.641617099999962],[-77.56876473699992,-6.63821772499989],[-77.57404336099995,-6.636251724999966],[-77.57577873699995,-6.634531099999947],[-77.57986148699996,-6.635663098999885],[-77.58390273599997,-6.634626599999933],[-77.58943761099988,-6.630094099999894],[-77.59477923699995,-6.626937474999863],[-77.59890048699998,-6.623121349999963],[-77.60317911199996,-6.616329724999957],[-77.61233673699996,-6.612261224999941],[-77.6166373609999,-6.613682598999958],[-77.62110886199997,-6.612775599999964],[-77.6266641119999,-6.612740224999868],[-77.6308624859999,-6.609322098999939],[-77.63554311199994,-6.608459349999976],[-77.63959036199998,-6.605811349999897],[-77.64325261199991,-6.604576099999917],[-77.65278948699995,-6.604518974999905],[-77.65587323699992,-6.603662349999979],[-77.65929736099991,-6.597250974999952],[-77.66186948699993,-6.593782849999968],[-77.66276586199996,-6.585233473999892],[-77.66502948699991,-6.580167599999811],[-77.66654536199991,-6.57826072499995],[-77.6690312369999,-6.57856134899987],[-77.67203448699996,-6.580305599999861],[-77.67657023699991,-6.578811349999967],[-77.68274748699997,-6.579050098999971],[-77.68906798699999,-6.584934724999869],[-77.69137686199997,-6.58608922499991],[-77.69599448699995,-6.585386473999961],[-77.69966373699992,-6.582664849999844],[-77.70412036199991,-6.58225297499996],[-77.70618448699997,-6.581590474999928],[-77.70883961099986,-6.577688223999928],[-77.70943461199988,-6.571615724999901],[-77.70902586199998,-6.564938474999963],[-77.70647898699991,-6.560299849999979],[-77.70803461199995,-6.559190849999936],[-77.71731886199996,-6.558977474999949],[-77.72137736099995,-6.555280223999944],[-77.72617823699994,-6.55205559999996],[-77.72534636199998,-6.548464099999876],[-77.72833261199997,-6.540652099999932],[-77.72800698699984,-6.538091724999902],[-77.72623661199998,-6.536873473999947],[-77.72571523699992,-6.534408724999935],[-77.72936498699994,-6.527725474999897],[-77.72948761099997,-6.522527599999819],[-77.72848136199991,-6.515374598999927],[-77.73070161199996,-6.505955974999949],[-77.7312098619999,-6.502087848999963],[-77.72884361199988,-6.494119098999931],[-77.72942486199992,-6.490218598999888],[-77.73134436199985,-6.482540223999877],[-77.73326823699995,-6.480449224999973],[-77.73499123699997,-6.474942473999874],[-77.73468736199993,-6.470535724999877],[-77.73529523699989,-6.468332348999979],[-77.7385802369999,-6.464088099999913],[-77.73506948699998,-6.462816223999937],[-77.73374223699989,-6.46139409999995],[-77.7327956119999,-6.45586759999992],[-77.73260473699992,-6.453146474999926],[-77.73804936199997,-6.447833598999978],[-77.74023298699996,-6.443778348999842],[-77.74408023699988,-6.440138974999968],[-77.74605598699992,-6.436603599999955],[-77.74501611199997,-6.435251849999929],[-77.74509148699997,-6.427267474999894],[-77.74351798699996,-6.420664974999966],[-77.74517698699992,-6.414603224999951],[-77.74800773699997,-6.410055849999935],[-77.74870036199997,-6.406682848999935],[-77.75226323699997,-6.403551849999928],[-77.74963398699992,-6.39867234999997],[-77.74766348699995,-6.392411098999958],[-77.74432261199996,-6.384573098999908],[-77.74279986199997,-6.383226849999915],[-77.73505573699998,-6.378831473999924],[-77.73112261199998,-6.375795223999887],[-77.72985548699995,-6.371617474999937],[-77.72700073699997,-6.36931384899998],[-77.71745498699994,-6.362964474999899],[-77.7159786119999,-6.362358974999893],[-77.70995336199991,-6.362371473999872],[-77.70793973699983,-6.360990098999878],[-77.70439023699993,-6.360131723999928],[-77.7075082369999,-6.35673522399992],[-77.70983248699991,-6.35317084999997],[-77.71081098699989,-6.348668849999967],[-77.71047511199998,-6.346125848999975],[-77.7086684869999,-6.341403348999961],[-77.70604348699999,-6.338899349999963],[-77.69902786199998,-6.335594599999979],[-77.69417823699985,-6.335190349999948],[-77.69282073699998,-6.336260724999875],[-77.69010586199994,-6.335836849999964],[-77.68227198699998,-6.336475474999872],[-77.67942836099996,-6.336568099999909],[-77.67572173599996,-6.33975734899991],[-77.67004498699993,-6.339823849999902],[-77.66331236099995,-6.332076973999904],[-77.65924536199998,-6.331683349999935],[-77.65189848699998,-6.327091599999903],[-77.64835623699997,-6.32328697399987],[-77.6400909869999,-6.319744723999975],[-77.63913586199993,-6.316339974999892],[-77.63520323699998,-6.316106598999966],[-77.62908723699991,-6.313742599999955],[-77.62604223599993,-6.308409849999975],[-77.62417461199988,-6.306129723999959],[-77.62347173699999,-6.30114247399996],[-77.62292923599995,-6.292612348999967],[-77.62346248699993,-6.289709099999925],[-77.62031723699994,-6.283210223999902],[-77.61757348699996,-6.280755973999874],[-77.61527436199987,-6.281673723999972],[-77.61318498599991,-6.284598723999977],[-77.60852886199996,-6.287284973999931],[-77.60560386199995,-6.289732474999937],[-77.60309661199989,-6.289672723999956],[-77.59854923599988,-6.292559724999876],[-77.59658998699996,-6.296298849999914],[-77.59282923599994,-6.299522348999915],[-77.58900973699991,-6.304417973999875],[-77.58627748699996,-6.302998849999881],[-77.58336023699991,-6.304198224999936],[-77.58145223699995,-6.303683098999898],[-77.57437423699997,-6.305815474999974],[-77.56788286199998,-6.309462598999914],[-77.56392223699993,-6.305684349999865],[-77.55648786199987,-6.303497848999939],[-77.55480811199999,-6.302578224999877],[-77.54684423699996,-6.294352474999926],[-77.54384261199993,-6.292080098999918],[-77.54013073699997,-6.287454348999972],[-77.53801723699996,-6.282285599999966],[-77.53593936199991,-6.279227848999938],[-77.53533373699997,-6.273977098999978],[-77.53282861199995,-6.266037974999904],[-77.53045611199991,-6.264410973999929],[-77.52769586199997,-6.258959349999884],[-77.52762936199997,-6.255328848999966],[-77.5300116119999,-6.250422224999966],[-77.52975973699995,-6.245707973999913],[-77.52420823599988,-6.240678973999934],[-77.52103348599991,-6.233041473999947],[-77.51898136199986,-6.232211099999972],[-77.51685923699995,-6.228910224999879],[-77.51529973699996,-6.225037473999976],[-77.51225873699997,-6.222282348999954],[-77.50878773699992,-6.221907474999909],[-77.50693336199998,-6.217280723999977],[-77.50133086199997,-6.215686973999937],[-77.4978777369999,-6.212944723999954],[-77.49659423599991,-6.210705973999893],[-77.48869773699982,-6.201846599999897],[-77.48564336199996,-6.196090224999864],[-77.4826211109999,-6.191896974999906],[-77.47951361199995,-6.190544348999936],[-77.47343698699996,-6.189350224999941],[-77.46964973699994,-6.186460348999958],[-77.4698114869999,-6.182348598999909],[-77.47419386199994,-6.178039973999944],[-77.47589498599996,-6.17436022499993],[-77.47994573599988,-6.169633723999937],[-77.48407948599998,-6.168253974999971],[-77.48731511199998,-6.164645848999953],[-77.48666848699997,-6.160477474999936],[-77.48806911099996,-6.158601599999827],[-77.49522186199988,-6.158730098999968],[-77.4981859859999,-6.15642859999997],[-77.49976811199997,-6.153001973999949],[-77.4984393609999,-6.148290599999939],[-77.49549461199996,-6.141440348999936],[-77.49760011199993,-6.132823223999935],[-77.4997168619999,-6.128308849999939],[-77.50567011099992,-6.120972223999956],[-77.50938036199994,-6.118729223999821],[-77.50931748699998,-6.110868473999915],[-77.5083814869999,-6.109485224999958],[-77.50546911199996,-6.108866098999954],[-77.505208612,-6.107210348999956],[-77.50732611199999,-6.102609223999934],[-77.50814361199991,-6.097180223999942],[-77.50599261199994,-6.090903223999931],[-77.50651973699996,-6.089312848999953],[-77.50992061199997,-6.086494973999947],[-77.51225286199985,-6.085911849999945],[-77.51825298699998,-6.086397598999952],[-77.52216286199985,-6.084168598999952],[-77.5229171119999,-6.080276099999935],[-77.52554073699997,-6.078381223999884],[-77.53136536199992,-6.06917059999995],[-77.53380886199994,-6.063371348999908],[-77.53156098699992,-6.060330474999944],[-77.52731886199996,-6.059939973999974],[-77.51884373599995,-6.055943348999961],[-77.51792186199992,-6.054853348999814],[-77.51587498599997,-6.047552723999956],[-77.5124061109999,-6.043200973999888],[-77.51053936199992,-6.039482223999869],[-77.50975186199997,-6.032496098999957],[-77.50267398699998,-6.032003723999878],[-77.49433373699992,-6.02893759899996],[-77.48975761099996,-6.028860098999928],[-77.48841498699994,-6.02714047399985],[-77.48898236199994,-6.024841723999884],[-77.48642723699999,-6.02017334899989],[-77.48633061099997,-6.017691223999975],[-77.48730898699995,-6.011169098999972],[-77.48622073599995,-6.008837849999907],[-77.47861523599994,-6.000894474999939],[-77.47690486199991,-5.999967598999888],[-77.47358048699994,-6.000050723999948],[-77.47196873699988,-6.002359349999892],[-77.47185411099997,-6.006753973999878],[-77.46996211199996,-6.009456973999875],[-77.46674986099998,-6.012155348999954],[-77.46765023699999,-6.014983598999947],[-77.46750836199993,-6.019614973999978],[-77.4651269869999,-6.021845724999878],[-77.45943461199994,-6.023613473999944],[-77.45835723599998,-6.026060474999952],[-77.4553081119999,-6.029696598999976],[-77.4553013609999,-6.03444847399993],[-77.45166873699998,-6.038571598999908],[-77.44923723699998,-6.04443372399993],[-77.44574648599996,-6.046227349999924],[-77.44524086199988,-6.049369098999875],[-77.4419908619999,-6.050560723999979],[-77.44114373699989,-6.052467098999898],[-77.43795386199992,-6.055431349999935],[-77.43446298699996,-6.060411723999891],[-77.43211573599996,-6.061916348999944],[-77.42963773699995,-6.061125223999966],[-77.42999423599986,-6.055025098999977],[-77.42907636199993,-6.051940473999935],[-77.42698973599994,-6.050664598999958],[-77.42226248699995,-6.050069723999968],[-77.42184698699998,-6.049208348999912],[-77.42129298699996,-6.040167848999943],[-77.42150273699997,-6.037045473999967],[-77.41930473699995,-6.032380848999935],[-77.41697286199991,-6.032381848999933],[-77.41563448599993,-6.033854099999871],[-77.41031623599997,-6.036232223999889],[-77.4046057359999,-6.034734348999962],[-77.39732423699996,-6.038849598999946],[-77.39549761199993,-6.039376723999908],[-77.39428711199997,-6.04210747399992],[-77.39332698699991,-6.049402348999877],[-77.3915504869999,-6.052148098999965],[-77.38928923699996,-6.057812349999949],[-77.38632236199999,-6.061136098999953],[-77.38241798699994,-6.063468723999961],[-77.38545448599996,-6.068642098999931],[-77.38333161099996,-6.072613474999969],[-77.38256248699992,-6.077141223999945],[-77.38050011199988,-6.079985974999886],[-77.3729721119999,-6.077495099999965],[-77.36838098699991,-6.074119348999943],[-77.35937223699989,-6.072139099999958],[-77.35812223699992,-6.07647684899996],[-77.3554404859999,-6.082851723999966],[-77.35242911099988,-6.087257724999972],[-77.35121636199989,-6.09019184899995],[-77.34657036099998,-6.108419223999931],[-77.34704373599999,-6.113053473999969],[-77.34642798699991,-6.114341098999944],[-77.33965436199992,-6.113636848999931],[-77.33241073599999,-6.112181598999939],[-77.32985848599998,-6.115604473999895],[-77.32524036199993,-6.116335098999969],[-77.32086136099991,-6.1210523499999],[-77.31964848599995,-6.123216848999959],[-77.3168724869999,-6.125550598999951],[-77.31106636099992,-6.126294974999894],[-77.30925048599988,-6.127334973999893],[-77.30614911099997,-6.131114724999975],[-77.30120623699997,-6.133130723999898],[-77.29000261099998,-6.133130723999898],[-77.28792848599994,-6.134371224999882],[-77.28153336199983,-6.141717598999946],[-77.27752736199994,-6.141822223999895],[-77.27287573699988,-6.138737349999928],[-77.268468236,-6.138561474999904],[-77.26198761199998,-6.139396723999937],[-77.25795561199999,-6.138015723999956],[-77.25382748699991,-6.138510223999958],[-77.25221936199989,-6.140786974999969],[-77.24520298599998,-6.147474099999897],[-77.24065411099991,-6.149761723999916],[-77.23755773599999,-6.149915349999901],[-77.23386361099995,-6.148758973999975],[-77.23101273699996,-6.144511849999958],[-77.22920648699989,-6.143759848999878],[-77.2243663619999,-6.14554684899997],[-77.22298511199983,-6.14689597399996],[-77.21863748599998,-6.155986598999903],[-77.21522723699991,-6.157767849999914],[-77.21212486199988,-6.160831598999948],[-77.21085736099991,-6.166960973999949],[-77.20529936199995,-6.17246584999998],[-77.20205673699996,-6.179714848999936],[-77.20408061199993,-6.182863473999873],[-77.21201661099991,-6.187351723999882],[-77.2184091119999,-6.19268022499989],[-77.21909323699998,-6.195731849999959],[-77.21421661199997,-6.202529474999892],[-77.21401173599997,-6.205149473999882],[-77.21240461099995,-6.210839849999957],[-77.2124191119999,-6.214185849999978],[-77.21071086099988,-6.217386974999897],[-77.20798286199994,-6.219393974999946],[-77.20584461099997,-6.223670348999917],[-77.20361611199996,-6.224633974999904],[-77.20108648699988,-6.227735848999885],[-77.19999598599998,-6.231179224999948],[-77.19727536099998,-6.23341997499989],[-77.19196161099995,-6.237553349999928],[-77.19044336199994,-6.239356098999963],[-77.18605911099996,-6.241498348999926],[-77.18085348599993,-6.245340098999918],[-77.17407023599992,-6.246529348999843],[-77.17254198699999,-6.250123099999939],[-77.16908311099996,-6.25501397499994],[-77.16900661099999,-6.257692598999938],[-77.17095123699988,-6.263873848999879],[-77.1707907359999,-6.265198974999919],[-77.1668757359999,-6.26742747499992],[-77.16061186199988,-6.269445224999913],[-77.15535248599991,-6.274490973999946],[-77.15385386099985,-6.277331848999893],[-77.15166761199998,-6.279443349999895],[-77.15043298599994,-6.282394599999918],[-77.1476144859999,-6.286216099999933],[-77.14495198699996,-6.288297224999894],[-77.13889886099997,-6.29173034899992],[-77.1370016109999,-6.294711723999967],[-77.13483336099995,-6.300192599999946],[-77.13272523599994,-6.302421098999957],[-77.13253911099997,-6.308394723999925],[-77.13319923599988,-6.315981474999887],[-77.13230273599999,-6.322550723999882],[-77.13311673699991,-6.324977349999926],[-77.1354471109999,-6.327973349999922],[-77.13763398699984,-6.332867474999944],[-77.14375398699997,-6.342354598999975],[-77.14434686099997,-6.349096599999939],[-77.14658286199989,-6.351112474999923],[-77.14912386099996,-6.353450224999904],[-77.14941186199991,-6.358938599999874],[-77.15166473699998,-6.362038599999948],[-77.15482423599991,-6.364477974999829],[-77.16241473599996,-6.372941473999958],[-77.16185161199996,-6.375734348999913],[-77.1634106119999,-6.378081099999918],[-77.1659482369999,-6.379430224999908],[-77.17173248699993,-6.381169973999874],[-77.17699786199995,-6.38042497399988],[-77.18148123599991,-6.378459473999897],[-77.19319386199993,-6.381523599999923],[-77.19671336099998,-6.380558224999902],[-77.20147023599992,-6.377825974999951],[-77.20823636099993,-6.375183598999911],[-77.210161611,-6.375234723999881],[-77.21437348699999,-6.377867099999889],[-77.22145636199997,-6.381132724999929],[-77.22521473699999,-6.372716599999819],[-77.22925011099994,-6.369336224999813],[-77.23022123599992,-6.365867099999946],[-77.23315973699994,-6.363057473999959],[-77.23347023599996,-6.359931724999967],[-77.23751773599992,-6.354663599999924],[-77.24127598599995,-6.352639974999931],[-77.24246848599995,-6.346469599999978],[-77.24294711199991,-6.340199599999892],[-77.2436531109999,-6.338120474999926],[-77.24745148599993,-6.336012474999961],[-77.25467123599998,-6.336450099999979],[-77.25804461099995,-6.333127599999898],[-77.26000773599992,-6.32770572499993],[-77.26365348699989,-6.32770572499993],[-77.26681373599996,-6.330282474999933],[-77.2724452359999,-6.327731974999949],[-77.27992598599997,-6.327883849999978],[-77.28470598699988,-6.329093974999921],[-77.28707036199995,-6.332628848999946],[-77.2867694869999,-6.339087849999942],[-77.28575348699997,-6.34705122399987],[-77.28285411199994,-6.355850724999925],[-77.2819227359999,-6.361120974999892],[-77.28098323699999,-6.363072349999868],[-77.28110361199998,-6.367095724999956],[-77.28254923699996,-6.373335599999962],[-77.27830898699995,-6.377455349999934],[-77.2754661109999,-6.382201473999885],[-77.27551436099998,-6.384731099999954],[-77.27826086099998,-6.388031723999916],[-77.27495161199988,-6.39563459999988],[-77.27315861199986,-6.406530848999921],[-77.28152311199995,-6.413020974999938],[-77.28486461199992,-6.416515348999951],[-77.28742898699994,-6.418133224999963],[-77.29015948599982,-6.421955849999904],[-77.29655398699998,-6.424133599999948],[-77.29802948699995,-6.425489348999974],[-77.29876723599989,-6.430606974999932],[-77.30179023699998,-6.436645724999948],[-77.30460198699996,-6.451322973999936],[-77.30752536099988,-6.456115349999891],[-77.31056986099998,-6.458531099999959],[-77.31553823599984,-6.459673223999971],[-77.32364736099993,-6.466583223999976],[-77.32635661199993,-6.468027349999886],[-77.32677936199991,-6.471464099999935],[-77.32874673599997,-6.47693922499991],[-77.32919198699994,-6.479911348999963],[-77.33224311099991,-6.487461349999933],[-77.33285036199999,-6.491462099999922],[-77.33048348699998,-6.497492724999915],[-77.33194248699988,-6.504560848999972],[-77.33246136199995,-6.509716099999935],[-77.33563273699997,-6.515546723999876],[-77.33515236199992,-6.522328474999938],[-77.33905886199994,-6.5285110989999],[-77.34303111199989,-6.538053473999923],[-77.34484673699984,-6.547229098999935],[-77.35079148699992,-6.553542474999972],[-77.35489786199997,-6.560587224999949],[-77.35775098699997,-6.563440473999947],[-77.36095511099995,-6.565068349999876],[-77.36579986199996,-6.565193099999931],[-77.37055848699998,-6.567033224999932],[-77.37867573699992,-6.567433599999902],[-77.3839161109999,-6.573378098999967],[-77.38474948699997,-6.57533159999997],[-77.38758361099997,-6.587571849999961],[-77.3915031109999,-6.593350474999966],[-77.39244336199988,-6.599056849999954],[-77.39386986099998,-6.602688224999952],[-77.40087723599999,-6.60445572499998],[-77.40862223599999,-6.602915099999962],[-77.41105398699995,-6.602915099999962],[-77.41583848699992,-6.604217849999941],[-77.42574136199994,-6.602493724999931],[-77.43083173699995,-6.603595974999905],[-77.43788086199993,-6.602527349999946],[-77.4361491119999,-6.605217224999933]]]},"properties":{"ubigeo":"010500","nombre":"RODRIGUEZ DE MENDOZA"}},{"type":"Feature","geometry":{"type":"Polygon","coordinates":[[[-77.58594311199994,-4.47501309799992],[-77.58908786099988,-4.480464847999883],[-77.5910481119999,-4.482654722999882],[-77.59438623699998,-4.484356847999948],[-77.59797311199992,-4.485163972999942],[-77.60454686199989,-4.485810597999887],[-77.60473273699995,-4.487679472999957],[-77.60788773699994,-4.492244097999901],[-77.61102048699996,-4.494265722999955],[-77.61752173699989,-4.495879847999902],[-77.62801336199988,-4.496553597999878],[-77.64063086099998,-4.496515596999927],[-77.64097448699994,-4.507505972999979],[-77.64135261199993,-4.510060722999981],[-77.6454259869999,-4.511210222999864],[-77.65275286199994,-4.51521534799997],[-77.65545698699998,-4.518544972999962],[-77.65567748599989,-4.521840097999927],[-77.65464623699995,-4.531076347999942],[-77.65191961199992,-4.537051346999931],[-77.64901561199997,-4.54641597299991],[-77.65096961199993,-4.549025097999959],[-77.65663286199998,-4.55207347299995],[-77.65860636099995,-4.554262346999963],[-77.65965336199997,-4.557974222999974],[-77.65859923699998,-4.564509347999945],[-77.65720748699994,-4.567332347999923],[-77.6557977359999,-4.572424722999926],[-77.65261323699997,-4.574570347999895],[-77.6531206119999,-4.575987347999899],[-77.65924986199997,-4.5813790979999],[-77.66002736199994,-4.582603472999949],[-77.6609599869999,-4.588145722999968],[-77.66293698699997,-4.593618597999978],[-77.66261498699998,-4.60105184799994],[-77.66489923699999,-4.609218222999914],[-77.66615823699993,-4.615683597999919],[-77.6686952369999,-4.619768847999978],[-77.66950411199997,-4.623980472999847],[-77.6718222369999,-4.627691347999928],[-77.67194536199997,-4.629468472999974],[-77.67761811199995,-4.635996847999934],[-77.68044986099994,-4.640160847999937],[-77.68650198699993,-4.646349597999972],[-77.68706536199994,-4.648706722999975],[-77.69103836199992,-4.652819597999894],[-77.69451236199995,-4.658673097999895],[-77.69667773699996,-4.659577222999928],[-77.70024686199997,-4.659267972999942],[-77.70533898699995,-4.659719972999937],[-77.7095004869999,-4.661446972999897],[-77.71596973699997,-4.66508797299997],[-77.71868148699997,-4.667958972999941],[-77.71997186199997,-4.67064247299993],[-77.72703961199983,-4.680064472999959],[-77.72856248699998,-4.681587222999951],[-77.73139411199998,-4.68844022299993],[-77.74019548699988,-4.694453597999939],[-77.7513339869999,-4.700678597999911],[-77.75595811199997,-4.702461222999887],[-77.75993186199997,-4.707386722999956],[-77.76652411199996,-4.713504847999957],[-77.77187886199994,-4.717558597999925],[-77.77434336199991,-4.722847097999875],[-77.77522373699992,-4.728319847999899],[-77.77860261199999,-4.731317972999932],[-77.78305473699993,-4.732894472999874],[-77.78731136199997,-4.739265472999875],[-77.7904923619999,-4.746668097999873],[-77.7911301119999,-4.75356184799989],[-77.7938693619999,-4.757477972999936],[-77.79462186199999,-4.763006847999975],[-77.79266473699988,-4.770260722999922],[-77.7898452369999,-4.775469597999972],[-77.79019861199993,-4.779388597999969],[-77.78926711199995,-4.785106473999974],[-77.79032711199989,-4.787611972999912],[-77.79431023699988,-4.791209722999952],[-77.795402487,-4.793040722999933],[-77.79514548699996,-4.797056097999928],[-77.79645311199988,-4.80321284799993],[-77.79531736199988,-4.805702222999969],[-77.79511336199988,-4.814787847999924],[-77.7958156119999,-4.818580847999897],[-77.79897073699993,-4.822213472999977],[-77.79911348699994,-4.824592847999952],[-77.79716923699982,-4.828793347999977],[-77.79259573699994,-4.83180884799998],[-77.79174561199994,-4.833774847999905],[-77.7948442369999,-4.837680722999892],[-77.79529486199988,-4.839234347999934],[-77.79480411199995,-4.845300348999899],[-77.79357486199996,-4.849963472999832],[-77.78781748699998,-4.856824348999965],[-77.7866932369999,-4.861883722999949],[-77.78243698699998,-4.864895223999895],[-77.78073823699992,-4.870189472999925],[-77.77894361199986,-4.871841722999932],[-77.7748027369999,-4.878218722999975],[-77.77368161199996,-4.88276172299993],[-77.7741942369999,-4.888713223999957],[-77.77378811199998,-4.891669097999909],[-77.77123748699995,-4.896508347999941],[-77.76800698699992,-4.900025098999947],[-77.76456861199989,-4.90255909799987],[-77.76015173699994,-4.90934509799996],[-77.76183823699995,-4.913199847999863],[-77.76537336199988,-4.916627597999877],[-77.76693161199995,-4.921218722999981],[-77.76635473699997,-4.923927847999948],[-77.76344536199997,-4.930712723999932],[-77.76273023699997,-4.937935597999967],[-77.76115861199986,-4.944970597999941],[-77.7584454869999,-4.950052722999942],[-77.75928973699996,-4.951781347999884],[-77.76817698699995,-4.955934222999872],[-77.77004573699986,-4.958425972999976],[-77.77153898699993,-4.96419084799993],[-77.77837386199997,-4.975033347999897],[-77.786267362,-4.988049973999978],[-77.78923048699994,-4.990468723999925],[-77.79632511199998,-4.999324472999888],[-77.80067386199988,-5.005445347999967],[-77.8083351119999,-5.015494348999937],[-77.80948773699998,-5.01612634799983],[-77.81642186199991,-5.023837722999872],[-77.81762986199993,-5.024640347999934],[-77.82461961199994,-5.031778723999935],[-77.82595798699998,-5.035050472999956],[-77.82484261199988,-5.037541473999966],[-77.8192286119999,-5.037355597999976],[-77.81603123699995,-5.03828509799996],[-77.81335436199998,-5.041259347999926],[-77.81491598699995,-5.048025972999881],[-77.81443248699998,-5.051818348999973],[-77.81193161199991,-5.054714848999936],[-77.81279061199996,-5.05812997299995],[-77.81787911199996,-5.063792598999953],[-77.81920898699997,-5.070613222999953],[-77.82227748699984,-5.081792722999921],[-77.8208099869999,-5.08880572399994],[-77.81766011199988,-5.091230473999929],[-77.81145348699988,-5.092431723999937],[-77.80747673699994,-5.091703472999882],[-77.80201886199995,-5.086196723999876],[-77.79983511199993,-5.087040972999944],[-77.79495536199994,-5.092803598999978],[-77.79100498699995,-5.095220222999899],[-77.78412048699994,-5.096828597999945],[-77.77428673699995,-5.097177972999873],[-77.76871336199991,-5.103292723999971],[-77.76770773699997,-5.106337722999967],[-77.76756811199994,-5.111589473999913],[-77.76279123699993,-5.117707222999911],[-77.75545248699996,-5.122407223999971],[-77.74528511199992,-5.133017597999981],[-77.95551511199989,-5.399720597999931],[-77.95955998699998,-5.395949597999959],[-77.96544198699996,-5.393094347999977],[-77.96680023699997,-5.39305047299996],[-77.97168086199997,-5.395247848999873],[-77.97982236199988,-5.395210848999909],[-77.98676223699988,-5.393989847999876],[-77.99239361199989,-5.391781972999979],[-77.99597386199991,-5.386024222999936],[-77.99632973699988,-5.383951473999957],[-77.9994493619999,-5.380915473999892],[-78.00606561299992,-5.378926473999911],[-78.00717061199998,-5.376965972999869],[-78.00898636199992,-5.371034348999899],[-78.01523961199996,-5.367572723999956],[-78.02179123699989,-5.365814973999875],[-78.02956998699995,-5.368540472999882],[-78.03935923699999,-5.372932598999967],[-78.04512861199993,-5.374421472999927],[-78.05089798699998,-5.375054223999882],[-78.05151673799986,-5.376031098999874],[-78.05242411199998,-5.383912972999951],[-78.05525286199997,-5.39109684899995],[-78.05512298699989,-5.395425723999949],[-78.04836686199991,-5.403156722999938],[-78.04695248699994,-5.406916098999943],[-78.04832973699996,-5.410526597999933],[-78.05145636199984,-5.412945972999978],[-78.0554354869999,-5.413798848999932],[-78.06329286299996,-5.411047723999957],[-78.06801998699996,-5.410973223999918],[-78.07319373699994,-5.409186598999952],[-78.0740246119999,-5.408005473999935],[-78.08056373799997,-5.402374972999837],[-78.08101773699997,-5.400478973999896],[-78.078628112,-5.398206222999875],[-78.07792098699997,-5.395005098999945],[-78.07896311199988,-5.39221347299997],[-78.08354148699988,-5.386109098999952],[-78.08522836299994,-5.381247723999934],[-78.08752411199998,-5.377064222999934],[-78.08875248699991,-5.37088547399992],[-78.09251186299997,-5.365860472999941],[-78.0928754869999,-5.3619774739999],[-78.09383136299988,-5.360467597999957],[-78.10245011199999,-5.352907348999963],[-78.10367836199998,-5.350413348999894],[-78.10416223799996,-5.3465423479999],[-78.106146487,-5.341998097999976],[-78.10118973699997,-5.342307098999868],[-78.09675786199989,-5.341275348999943],[-78.09663536299996,-5.33452634799994],[-78.09321948699994,-5.32573522399997],[-78.09097586299987,-5.322534597999891],[-78.09073686199997,-5.3183107239999],[-78.08420298699991,-5.312852097999894],[-78.08085873699997,-5.294595848999904],[-78.08001336199999,-5.292883723999978],[-78.07450748699989,-5.286720598999977],[-78.07356448699994,-5.282058598999981],[-78.0696874869999,-5.271890473999918],[-78.06761323699993,-5.265271472999927],[-78.07156173699997,-5.261568222999927],[-78.0717167379999,-5.260300473999848],[-78.07616686299997,-5.25400609899998],[-78.07582823799993,-5.251398348999942],[-78.0729157369999,-5.246182972999975],[-78.06699423699996,-5.23897934799993],[-78.06854173699998,-5.235441972999979],[-78.06960548699993,-5.228699223999968],[-78.06390736299994,-5.225626347999878],[-78.06065623699993,-5.22196884799996],[-78.0608594869999,-5.216482472999871],[-78.05943811199995,-5.212735472999896],[-78.05734786299996,-5.210912848999897],[-78.05689711199994,-5.20859172299987],[-78.06207023699989,-5.204453473999877],[-78.06617398699996,-5.197957848999977],[-78.0714933619999,-5.191421598999966],[-78.07616798699996,-5.181531223999968],[-78.07498573799995,-5.177611723999973],[-78.07549473799997,-5.174723348999976],[-78.07971486199989,-5.170759722999946],[-78.08204836199997,-5.173108472999957],[-78.08632936299989,-5.174911472999895],[-78.08798736299997,-5.174481597999943],[-78.09329298699998,-5.170939472999976],[-78.09724611299998,-5.169005722999941],[-78.10035161199988,-5.160681597999883],[-78.10101986199993,-5.157580223999958],[-78.10003111299994,-5.153531222999959],[-78.09932248799998,-5.146089973999892],[-78.096380862,-5.141896472999917],[-78.1006512379999,-5.143432473999894],[-78.10433723799997,-5.145714847999955],[-78.10755423699993,-5.143761722999898],[-78.11055073699998,-5.139857473999882],[-78.11831923699998,-5.137275347999946],[-78.12225173799993,-5.135199722999971],[-78.12364261199991,-5.131878848999918],[-78.12623436199993,-5.128498097999966],[-78.12971798699988,-5.127225473999943],[-78.13632123799994,-5.123677848999932],[-78.14239848699987,-5.118857472999878],[-78.14691761299986,-5.120463222999945],[-78.15138236199988,-5.119897722999951],[-78.15801173699992,-5.11635747299988],[-78.15927011199994,-5.114391223999917],[-78.15881136299993,-5.109946972999978],[-78.15719423699989,-5.106937847999973],[-78.15589998799999,-5.10246634899994],[-78.15469111199991,-5.100995973999943],[-78.15402598799994,-5.096534973999951],[-78.14870161199991,-5.095378473999915],[-78.14382611199994,-5.0955703489999],[-78.13907873699998,-5.088694848999978],[-78.13778911199995,-5.08550159899994],[-78.13932436199997,-5.082738347999907],[-78.14314448799996,-5.080658223999933],[-78.14809936199993,-5.081573722999906],[-78.15662786299993,-5.080417348999902],[-78.1608044869999,-5.078975098999933],[-78.1677069879999,-5.080912097999885],[-78.16711423699991,-5.076381097999956],[-78.17176161199995,-5.07254297399993],[-78.17727436199988,-5.061368222999931],[-78.17979211199986,-5.058297973999913],[-78.18528986199982,-5.054211848999955],[-78.18811248699996,-5.047740097999963],[-78.19325436199995,-5.040718722999884],[-78.19484098799995,-5.037893597999812],[-78.19602536199989,-5.031427722999922],[-78.19406548799992,-5.025283722999973],[-78.19391423799993,-5.021281222999903],[-78.18905623699999,-5.020365472999913],[-78.1882009869999,-5.018401723999887],[-78.18722661299995,-5.007238223999934],[-78.18502086299992,-5.004331972999978],[-78.181974987,-5.002636222999911],[-78.18010348799993,-4.996562472999813],[-78.17696386199998,-4.994541222999885],[-78.16842323699996,-4.993488722999928],[-78.16123611299992,-4.993674097999929],[-78.15617636299999,-4.993324597999958],[-78.14924936299997,-4.995257722999952],[-78.1464042369999,-4.99193747399994],[-78.14543198799993,-4.989574723999908],[-78.14752211199993,-4.985380472999907],[-78.14801048699996,-4.980211473999873],[-78.14777048699989,-4.975578097999858],[-78.14586586199994,-4.96816459899992],[-78.15368798799994,-4.961235722999959],[-78.15755023699995,-4.955430972999977],[-78.16075761199994,-4.952065597999876],[-78.16326123799996,-4.947388473999979],[-78.16301623699997,-4.943821722999928],[-78.16496486199998,-4.939427722999881],[-78.16517323699998,-4.936903098999892],[-78.16185736199998,-4.928814472999875],[-78.16121323799996,-4.92296359799991],[-78.15816311199995,-4.918601597999952],[-78.15656048699992,-4.917742097999962],[-78.15431173699994,-4.919639597999947],[-78.14997523699998,-4.919020098999965],[-78.14708411199996,-4.916645347999918],[-78.14605161199995,-4.913134722999871],[-78.14088898799992,-4.909314472999881],[-78.1390304869999,-4.904874597999878],[-78.13923698699995,-4.900641347999908],[-78.13582973699994,-4.893516972999919],[-78.13438398799997,-4.887425097999937],[-78.13056386199997,-4.886289222999949],[-78.12777598699995,-4.883294972999977],[-78.12684673799998,-4.880094222999901],[-78.1275694869999,-4.876377097999921],[-78.12746623699991,-4.866981222999925],[-78.12849873799996,-4.862954348999892],[-78.12880848699996,-4.857998223999914],[-78.12811823699997,-4.848554347999936],[-78.1237884869999,-4.843638722999913],[-78.11930936199991,-4.842097472999853],[-78.11941261199996,-4.840238973999931],[-78.12472648699998,-4.830210972999907],[-78.12783586199993,-4.826415222999913],[-78.13042973699999,-4.821172722999961],[-78.13255948699998,-4.818548723999925],[-78.13758073799994,-4.809694347999937],[-78.1428574869999,-4.801473097999974],[-78.14140686199988,-4.798759347999976],[-78.13637898699989,-4.79352747299987],[-78.13973661299997,-4.786965847999909],[-78.14011436199996,-4.783851972999855],[-78.13943173799998,-4.779957097999898],[-78.14282561199997,-4.777347972999962],[-78.14477111199989,-4.773911472999828],[-78.14495111199994,-4.771374847999823],[-78.15413861199994,-4.762699222999913],[-78.14873123799998,-4.759394097999916],[-78.14523986199993,-4.758099347999973],[-78.14464348799999,-4.754258847999949],[-78.1425634869999,-4.748998847999928],[-78.14020986299994,-4.746107347999953],[-78.13886061199997,-4.74191534799985],[-78.13601561199994,-4.738751972999921],[-78.13376136199992,-4.731955347999872],[-78.13177773699994,-4.729242972999828],[-78.13216311299993,-4.725845972999934],[-78.13143048699999,-4.723448097999949],[-78.12797111199995,-4.719316972999934],[-78.12676648699994,-4.711800222999898],[-78.12319136299999,-4.704341847999956],[-78.12014111199994,-4.699513347999869],[-78.12014111199994,-4.695803222999928],[-78.12365811199993,-4.69185747299997],[-78.12416936199998,-4.688505972999963],[-78.12606773699991,-4.685539972999948],[-78.12832998699997,-4.675876222999932],[-78.13253111199992,-4.668693597999891],[-78.13315836199996,-4.664878972999929],[-78.13702361199995,-4.667105722999963],[-78.14009273799996,-4.666169472999968],[-78.14007298699994,-4.659972847999882],[-78.14185811199991,-4.657917472999941],[-78.14581498699994,-4.658974222999973],[-78.15000548699999,-4.662968597999964],[-78.15232373799995,-4.662772472999961],[-78.15553373699998,-4.660489972999869],[-78.15612198699989,-4.656976972999928],[-78.15416048799995,-4.653874222999946],[-78.14719998699996,-4.649919972999896],[-78.14638786199998,-4.645169847999966],[-78.14728573699995,-4.64318759799994],[-78.15413511299982,-4.638485097999933],[-78.15551261299993,-4.636125972999878],[-78.16025348699998,-4.634366722999971],[-78.1635622369999,-4.634181347999913],[-78.17018261299995,-4.637026472999935],[-78.17226361299998,-4.638623097999925],[-78.1735357369999,-4.642414722999945],[-78.18015173699996,-4.648161097999946],[-78.18642286199997,-4.656103597999959],[-78.1908536119999,-4.655589722999878],[-78.19827748799997,-4.653419722999899],[-78.20381686199994,-4.65410497299996],[-78.2114336119999,-4.656744097999933],[-78.21889923799995,-4.658537722999881],[-78.21981448699995,-4.660113222999939],[-78.22268386299993,-4.661523597999974],[-78.22380686199995,-4.664783597999929],[-78.22708236199998,-4.667353597999977],[-78.23311261299995,-4.676205847999938],[-78.23476886299994,-4.680773972999873],[-78.23871098799998,-4.687558597999896],[-78.24705223699993,-4.698014972999886],[-78.2496542369999,-4.70219084799993],[-78.25334836199994,-4.705210472999909],[-78.2555053619999,-4.711611222999977],[-78.26241598699994,-4.721044972999891],[-78.26378823699997,-4.71076772299989],[-78.26891948699983,-4.703872222999962],[-78.26748236199995,-4.693003847999876],[-78.2638847369999,-4.68696872299995],[-78.26200173699988,-4.681244722999907],[-78.26537098699993,-4.679392097999937],[-78.26997723699998,-4.674191472999951],[-78.27131461299996,-4.668396347999817],[-78.2711659869999,-4.663790097999879],[-78.27298273799994,-4.661195222999936],[-78.27629886199998,-4.659976597999957],[-78.2772073619999,-4.662751722999872],[-78.28321086199998,-4.668829347999917],[-78.28508561199999,-4.673087722999924],[-78.29006461199992,-4.671770722999952],[-78.30024748799997,-4.675239972999918],[-78.30490786199988,-4.672844722999969],[-78.3112013629999,-4.671128222999812],[-78.31608298799995,-4.667571597999938],[-78.31774186299998,-4.667327097999873],[-78.32350311199997,-4.670049972999948],[-78.32582936199998,-4.672894472999928],[-78.3294804869999,-4.679537097999855],[-78.33347773799989,-4.678357597999934],[-78.33981736199996,-4.677735097999971],[-78.34201536299992,-4.674800347999962],[-78.34172623699999,-4.667928222999876],[-78.34398573699997,-4.664872347999903],[-78.3478481119999,-4.662119347999862],[-78.35122961299999,-4.65786459799989],[-78.35810611199992,-4.651933097999915],[-78.36126111199991,-4.647703597999907],[-78.36726536199996,-4.649467847999972],[-78.3699999879999,-4.651436722999961],[-78.38575111299997,-4.651764847999971],[-78.39297061299999,-4.652639972999964],[-78.39679911199994,-4.654936972999963],[-78.39975236199996,-4.657780972999888],[-78.4035808619999,-4.657780972999888],[-78.41025323699989,-4.659421722999923],[-78.41692573699999,-4.659531097999945],[-78.42108236299998,-4.657124722999981],[-78.42403573799993,-4.653077472999939],[-78.43016123699988,-4.653405597999893],[-78.44109961199996,-4.647061347999966],[-78.44306836299995,-4.647415972999909],[-78.44868461299995,-4.645501847999981],[-78.45635548799999,-4.64642234799993],[-78.46583011299998,-4.648492222999892],[-78.46787986299995,-4.647426972999938],[-78.46817086199997,-4.642769347999945],[-78.47282848799995,-4.633454222999887],[-78.47122736199998,-4.63112547299994],[-78.47241598699992,-4.62879097299998],[-78.47495723699996,-4.629090097999949],[-78.47990823699996,-4.625553597999954],[-78.48509498799996,-4.62036684799989],[-78.48751561299997,-4.619302722999976],[-78.48827786299995,-4.61671247299995],[-78.49278898799992,-4.607556472999931],[-78.49660048799996,-4.60628622299987],[-78.51362661199988,-4.591969972999834],[-78.52242998799989,-4.585746097999902],[-78.54025023699995,-4.584533347999923],[-78.54406698799994,-4.581052972999942],[-78.55030598699994,-4.580235847999973],[-78.55318048799995,-4.57902884799995],[-78.55530848799998,-4.579632347999961],[-78.55676961299997,-4.582014472999958],[-78.56411236199989,-4.588569972999892],[-78.56541811299996,-4.591887347999943],[-78.57044311299995,-4.593972847999908],[-78.57162936299989,-4.595381097999962],[-78.57148261299989,-4.600470722999944],[-78.57444048799994,-4.603071222999972],[-78.57932386199997,-4.602773472999957],[-78.58278673699988,-4.59985559799992],[-78.58367823799983,-4.590539347999936],[-78.58272136199997,-4.586827222999943],[-78.58249698799995,-4.580755097999941],[-78.58336623699995,-4.575428222999847],[-78.58483723799998,-4.570792472999869],[-78.5848556119999,-4.56773697299991],[-78.58871536299995,-4.56196647299987],[-78.58719973799998,-4.558066222999912],[-78.5870336129999,-4.55331884799989],[-78.58592923799989,-4.548426222999979],[-78.58344461199994,-4.547076472999947],[-78.5811287379999,-4.544315722999954],[-78.58163336299992,-4.541050972999926],[-78.58132811299998,-4.534008972999914],[-78.58694161299991,-4.531512097999837],[-78.59069923799996,-4.528628597999898],[-78.59422061299983,-4.523350222999966],[-78.59558398799993,-4.517128472999957],[-78.59891761299997,-4.509091222999928],[-78.60076973799994,-4.507099847999939],[-78.60422061299988,-4.50569797299994],[-78.60757711299988,-4.507719972999894],[-78.6100709879999,-4.510496847999889],[-78.6190892379999,-4.510011597999892],[-78.62541886199995,-4.500510722999934],[-78.63004536199998,-4.499451346999933],[-78.6357502379999,-4.500882472999933],[-78.63800448699999,-4.497421847999874],[-78.63847248699989,-4.493235222999942],[-78.63743223799997,-4.488479722999955],[-78.63876798799993,-4.485157472999958],[-78.6374142379999,-4.478212597999971],[-78.63423648799989,-4.474764722999964],[-78.63394098799995,-4.469100347999927],[-78.63465423799983,-4.465676847999873],[-78.6338234879999,-4.462872722999975],[-78.62761173699994,-4.458215097999869],[-78.62353411299989,-4.449461347999886],[-78.62295723799997,-4.445458222999946],[-78.62372073799997,-4.44311847299997],[-78.61988861299989,-4.436785097999973],[-78.61531548799996,-4.43793459799997],[-78.60970023799996,-4.436003722999828],[-78.6008738619999,-4.428832221999926],[-78.60026323699992,-4.425147972999923],[-78.60057811199994,-4.420687472999873],[-78.60254848799991,-4.413464722999947],[-78.60396711299995,-4.411652097999877],[-78.61137498799997,-4.414292222999904],[-78.62033936299997,-4.414095222999947],[-78.62185636299989,-4.41446947299994],[-78.62467486199995,-4.418213222999896],[-78.62578511299989,-4.418470721999881],[-78.63175198799996,-4.415499972999953],[-78.63407811299993,-4.413238221999961],[-78.63589536299992,-4.408294846999922],[-78.64112886299995,-4.400931597999886],[-78.64095486299993,-4.396612597999933],[-78.639198863,-4.392014097999947],[-78.63856636299994,-4.379863222999916],[-78.64242111299995,-4.368617097999959],[-78.6445161119999,-4.364907972999902],[-78.64891936299989,-4.359125846999973],[-78.65075848799995,-4.351823472999968],[-78.64754486299995,-4.346062471999915],[-78.64941786299994,-4.340518972999973],[-78.65162398799998,-4.339274222999961],[-78.65243536199995,-4.336894222999945],[-78.65227298699995,-4.332512722999979],[-78.64908161199992,-4.327914972999963],[-78.64610661299997,-4.325048097999968],[-78.6462496129999,-4.321838722999814],[-78.64532311299996,-4.318281971999966],[-78.64561973799994,-4.316068722999887],[-78.64442986299997,-4.313093847999937],[-78.64161698799995,-4.309972972999901],[-78.6406259879999,-4.306101097999942],[-78.63817973799985,-4.302650221999954],[-78.6342046119999,-4.300199472999964],[-78.62886623799983,-4.298212221999904],[-78.62495298699997,-4.295573472999877],[-78.61824411199996,-4.294221722999964],[-78.61740723699984,-4.29203972199997],[-78.61755473799997,-4.286134722999975],[-78.61394023799994,-4.283521597999879],[-78.61308386299999,-4.279060596999898],[-78.61305648799998,-4.275067222999894],[-78.61083873799998,-4.272038096999893],[-78.61086148799995,-4.267262347999974],[-78.60636361299993,-4.265223722999963],[-78.60349223799994,-4.259365222999918],[-78.59998223799994,-4.258893471999954],[-78.60252273799995,-4.254021722999937],[-78.60183536299996,-4.24998672299995],[-78.60601973799999,-4.247206972999891],[-78.60598986299993,-4.240930471999889],[-78.60814186299996,-4.237134721999894],[-78.608888988,-4.233936597999957],[-78.60895473799991,-4.226094221999972],[-78.6077363629999,-4.22029672199983],[-78.60368023699994,-4.213667097999917],[-78.5983361129999,-4.207906596999976],[-78.59277211299997,-4.207506721999948],[-78.58941836199995,-4.203341597999895],[-78.57870823799993,-4.197770221999974],[-78.5772812379999,-4.195548972999973],[-78.57804923799995,-4.192047597999817],[-78.5773027379999,-4.189998971999955],[-78.57874798799992,-4.181661597999948],[-78.57812861299993,-4.179549347999966],[-78.57523823699995,-4.175070971999901],[-78.57437411299998,-4.170737847999931],[-78.57557173799995,-4.163906471999951],[-78.57741598699994,-4.159509722999928],[-78.57738223799998,-4.154997221999963],[-78.57949586299998,-4.151457596999933],[-78.58019311199996,-4.146913971999879],[-78.57843161299996,-4.142222597999933],[-78.58036786299994,-4.140386721999903],[-78.58132223799993,-4.135498096999811],[-78.57630223799998,-4.123235346999934],[-78.57506361299988,-4.12156784799987],[-78.57208273799989,-4.114950971999974],[-78.57125211199991,-4.110832096999957],[-78.56969573799995,-4.108005471999945],[-78.56834573799989,-4.102288346999956],[-78.56661986299997,-4.100369471999898],[-78.56286698799988,-4.099636221999901],[-78.55764848799993,-4.089216846999932],[-78.55576373799988,-4.087542972999927],[-78.55159323699996,-4.08580147299989],[-78.54670011199994,-4.080451971999935],[-78.54547723699983,-4.077323347999879],[-78.54079236299998,-4.073877222999954],[-78.54069798799998,-4.070622346999926],[-78.5375358629999,-4.060628097999881],[-78.539251988,-4.059503971999959],[-78.5465139879999,-4.05766359699993],[-78.55063461299994,-4.054372971999896],[-78.55885173799993,-4.050746597999876],[-78.56263486299997,-4.04981484699988],[-78.56768861299997,-4.045099972999935],[-78.567828363,-4.039974972999914],[-78.56970161299989,-4.037412221999944],[-78.56888848799986,-4.03352734799995],[-78.56726223699997,-4.031042847999913],[-78.56554573799986,-4.026457846999961],[-78.56491336299985,-4.022934347999865],[-78.56550061299993,-4.020653097999912],[-78.56538761299998,-4.015706722999937],[-78.56380661199995,-4.013764347999881],[-78.56333223799993,-4.008185472999969],[-78.56428086299991,-4.004865346999964],[-78.56235923799989,-4.00131122199997],[-78.56586198799988,-3.997773222999911],[-78.56611036299995,-3.993301096999971],[-78.56138986299999,-3.985350721999964],[-78.55878861299988,-3.98431559799991],[-78.55469298799994,-3.981514846999914],[-78.54813923799998,-3.974961846999975],[-78.54413511199988,-3.975157096999965],[-78.54169348699992,-3.972617846999981],[-78.5428654879999,-3.964609596999878],[-78.54110748799985,-3.961972721999928],[-78.53690798799994,-3.959531096999967],[-78.53339211299988,-3.955526972999962],[-78.53208123799999,-3.951470596999968],[-78.52867161299986,-3.949662472999933],[-78.5283137379999,-3.94370972199988],[-78.52450486299989,-3.937263971999926],[-78.51942636299998,-3.937752347999833],[-78.51307848699992,-3.934920097999964],[-78.50852711299996,-3.934379471999932],[-78.50131861299991,-3.934653222999827],[-78.49447336299994,-3.933147346999931],[-78.4918924879999,-3.934245096999973],[-78.48866911199991,-3.933608096999933],[-78.48472011299992,-3.924236847999964],[-78.48024561299991,-3.915451471999916],[-78.47812548799999,-3.912969971999871],[-78.4770413629999,-3.908127471999933],[-78.47554761299995,-3.90605559699992],[-78.47641011299999,-3.901365221999811],[-78.47860736199988,-3.901478097999927],[-78.48012511299999,-3.897213846999932],[-78.48496761299998,-3.896539221999831],[-78.48655773799993,-3.892443596999954],[-78.48405211199992,-3.889841596999872],[-78.48039261299988,-3.887937471999976],[-78.47760736299995,-3.882242221999945],[-78.47745086299994,-3.878060596999887],[-78.47895123799992,-3.872828096999967],[-78.47714448799991,-3.866964846999963],[-78.47653123699996,-3.858693347999974],[-78.47343848799994,-3.853580221999948],[-78.46993161299997,-3.849599597999941],[-78.46836823699994,-3.844620846999931],[-78.46528448699996,-3.845030471999962],[-78.46195973699992,-3.843584972999849],[-78.46338111299997,-3.841440722999891],[-78.46030473699994,-3.837681597999961],[-78.46083011199983,-3.832400346999975],[-78.46168186199998,-3.831418846999952],[-78.46603323799991,-3.831380722999938],[-78.46644536199989,-3.828683597999941],[-78.46333298699994,-3.824841346999904],[-78.461937488,-3.824650346999931],[-78.4593047379999,-3.826824221999857],[-78.45319023799988,-3.826937347999888],[-78.45037148799992,-3.824455846999911],[-78.44615548699994,-3.823411471999918],[-78.44319198699998,-3.820962596999891],[-78.43564648799997,-3.818478471999981],[-78.43663411299997,-3.81533634699997],[-78.43256748799996,-3.813662596999961],[-78.43006186299993,-3.811108846999957],[-78.42433211199995,-3.803056096999967],[-78.42119598699998,-3.800917971999979],[-78.41859411199994,-3.797183596999901],[-78.41390736299991,-3.792609721999895],[-78.4120169869999,-3.788679096999942],[-78.4114403619999,-3.785395471999948],[-78.40936686199984,-3.782391096999959],[-78.41004136299995,-3.77778959699998],[-78.40864398799988,-3.775597221999874],[-78.40867423799989,-3.771677346999979],[-78.41148686299994,-3.769501846999958],[-78.41582348799989,-3.767357721999929],[-78.41613823699993,-3.76542547299988],[-78.41461911199991,-3.76127934699997],[-78.41230423799988,-3.759323471999949],[-78.41171286199994,-3.757365221999919],[-78.40917423799988,-3.754709346999903],[-78.40922223799993,-3.751384721999898],[-78.40711161199994,-3.74641047199998],[-78.40440386299997,-3.741579221999928],[-78.40247648699994,-3.735387596999942],[-78.40442798799995,-3.734423971999888],[-78.40965586299995,-3.734062471999891],[-78.41252286299994,-3.731918346999976],[-78.41729311199998,-3.726449471999899],[-78.42122623799992,-3.724814471999878],[-78.42175011199998,-3.723293346999981],[-78.41742773699997,-3.719535096999948],[-78.41720511199992,-3.71769722199997],[-78.4185973619999,-3.713349846999961],[-78.41787123799998,-3.709199471999909],[-78.41943723799994,-3.706766221999942],[-78.4228342369999,-3.70527247199982],[-78.42312348699994,-3.701369596999939],[-78.42240061299992,-3.696430721999945],[-78.42343661299992,-3.693202346999954],[-78.42273786299995,-3.690889596999909],[-78.41832898699994,-3.686793971999975],[-78.41575123699988,-3.685974721999969],[-78.41172786299995,-3.689974096999947],[-78.40996911199994,-3.690648721999878],[-78.40141648699989,-3.690311346999977],[-78.39729673799991,-3.687155346999873],[-78.3960921129999,-3.685468846999925],[-78.39506823699998,-3.680995221999979],[-78.39321748799989,-3.677179971999976],[-78.39457423799996,-3.674651471999937],[-78.39862173699993,-3.671109971999897],[-78.39915098799992,-3.668615471999942],[-78.39681036199988,-3.665582221999955],[-78.39586936199993,-3.661545971999942],[-78.3945713629999,-3.659815971999876],[-78.3961987369999,-3.656351971999925],[-78.40081761199997,-3.651339221999933],[-78.39832661299994,-3.646617471999946],[-78.38996136299994,-3.642490596999892],[-78.38630973799997,-3.640098721999891],[-78.38799998799993,-3.636925846999929],[-78.39364211299994,-3.631634221999946],[-78.39449723699994,-3.628102221999939],[-78.39643048699998,-3.626168971999846],[-78.39781248699995,-3.622599721999904],[-78.39617023699998,-3.619959971999833],[-78.3961483619999,-3.616218596999886],[-78.39985098699987,-3.608099846999949],[-78.39929298799996,-3.60493972199987],[-78.39531511299998,-3.605683221999925],[-78.3928613619999,-3.603675596999892],[-78.39256248699996,-3.599552721999942],[-78.39537886199992,-3.594621096999902],[-78.39447848799995,-3.590484346999858],[-78.39475223699998,-3.587757971999963],[-78.3928613629999,-3.582818096999972],[-78.38999848799995,-3.580475846999889],[-78.38988698699995,-3.575679721999961],[-78.38620636199994,-3.573709221999934],[-78.3856113619999,-3.565158096999937],[-78.38657798699995,-3.563596596999957],[-78.39059336199995,-3.561849096999936],[-78.39118823799993,-3.560101596999971],[-78.38769336199988,-3.554970971999978],[-78.38018323799997,-3.552145346999964],[-78.37698436199997,-3.549488221999866],[-78.37654098699994,-3.54454884699993],[-78.37563286199997,-3.543167971999878],[-78.37135348699991,-3.541777346999936],[-78.36907223699995,-3.539244096999937],[-78.36999611299996,-3.536087846999976],[-78.36748436199997,-3.533496096999954],[-78.36714848699995,-3.531599596999968],[-78.36492973799989,-3.529699221999977],[-78.36568361299999,-3.522867221999888],[-78.36655473699994,-3.520802721999871],[-78.36657036199983,-3.514140596999937],[-78.36241211299995,-3.508615221999946],[-78.36139448699993,-3.504822221999973],[-78.35828573699996,-3.500930970999889],[-78.35835661199997,-3.4977420969999],[-78.35523573699999,-3.493570096999974],[-78.35606448699991,-3.485728471999948],[-78.35424023699989,-3.483365221999975],[-78.35391998799992,-3.480944096999963],[-78.35809373799998,-3.477109346999839],[-78.35940698699989,-3.473805221999839],[-78.35918311199993,-3.469521971999825],[-78.35691823699995,-3.464670346999924],[-78.35351398799992,-3.461534846999939],[-78.34876598699998,-3.45624922199994],[-78.34802686299997,-3.451859596999839],[-78.34535161299993,-3.44843747199991],[-78.34525973699988,-3.440847596999959],[-78.34470311199993,-3.435613221999972],[-78.34138473699988,-3.427103471999828],[-78.34450598699993,-3.424400346999903],[-78.34844323699986,-3.416687471999978],[-78.35242486299995,-3.413088221999885],[-78.35465448699995,-3.405762096999979],[-78.35623111199993,-3.403558096999973],[-78.3508439879999,-3.398747471999854],[-78.3468863619999,-3.393979596999884],[-78.34425811199998,-3.391818721999869],[-78.34493811199991,-3.38718172199998],[-78.34657998799997,-3.384303471999885],[-78.34433011299996,-3.381749471999967],[-78.33999248699996,-3.38215497199991],[-78.33234086299996,-3.385328221999941],[-78.32461386199998,-3.389737845999946],[-78.31874023699999,-3.395069471999932],[-78.31641998799995,-3.396049346999973],[-78.31062948699991,-3.395606096999813],[-78.30501173699997,-3.397185346999834],[-78.30362348699992,-3.399217096999962],[-78.30118548699994,-3.399762721999934],[-78.29684386199989,-3.398555346999956],[-78.29329148699986,-3.398427720999962],[-78.28969273799999,-3.396198721999895],[-78.28795136199989,-3.396338096999898],[-78.28279698699998,-3.400517346999834],[-78.2802702379999,-3.401611596999942],[-78.27641786199996,-3.401469971999973],[-78.27252148699995,-3.404302596999855],[-78.26908398799992,-3.404672970999854],[-78.26641011199996,-3.402962845999923],[-78.26239611299991,-3.402631345999964],[-78.25776761299994,-3.403859345999933],[-78.25387623699993,-3.40350872199997],[-78.24905773799986,-3.402039471999899],[-78.24621098799997,-3.402326221999942],[-78.2448654879999,-3.406883971999832],[-78.24247661199996,-3.408126971999934],[-78.24155661199995,-3.40996509699994],[-78.24223236199998,-3.413587846999917],[-78.24132073699997,-3.416018596999947],[-78.24256986299997,-3.418469971999912],[-78.24341936299999,-3.422556721999968],[-78.24248498699995,-3.429492471999936],[-78.24419986299989,-3.436648846999844],[-78.24323673699996,-3.439813596999954],[-78.23665073699993,-3.44558522199992],[-78.23675586199994,-3.449154346999933],[-78.2350808619999,-3.452390596999976],[-78.23640286199998,-3.455499596999914],[-78.23636748699994,-3.461518971999965],[-78.23027723699983,-3.477983846999962],[-78.22942748699995,-3.482870221999974],[-78.22925848699998,-3.487760971999819],[-78.22632036199997,-3.491031221999947],[-78.22694886299996,-3.492926096999952],[-78.23084373699999,-3.495971221999923],[-78.23140211299989,-3.498810846999959],[-78.2295334879999,-3.501388721999945],[-78.22492698699989,-3.503840596999851],[-78.22140211199991,-3.505048471999942],[-78.21729236199997,-3.508856596999919],[-78.21478961299994,-3.508593721999944],[-78.20645161299996,-3.505305846999931],[-78.20460623699995,-3.503725721999956],[-78.20381623699996,-3.500577471999975],[-78.20172373699995,-3.498466471999905],[-78.20078761199994,-3.495777596999915],[-78.19875611199996,-3.495638221999911],[-78.1929019879999,-3.500159721999921],[-78.18780161199999,-3.497868971999935],[-78.18561073799998,-3.497829096999908],[-78.18172686199989,-3.496375096999884],[-78.18132848699997,-3.494124471999896],[-78.17915748799993,-3.4934137219999],[-78.17744148799994,-3.491322096999966],[-78.16816323799992,-3.490678846999913],[-78.16089923699991,-3.480543471999852],[-78.15993861199996,-3.479902971999877],[-78.15616123799987,-3.481020721999926],[-78.1528524869999,-3.47995534699993],[-78.1491693619999,-3.480796096999882],[-78.14758511199994,-3.47959959699989],[-78.14608511199998,-3.475335721999897],[-78.14569748799988,-3.466858471999956],[-78.14489061299992,-3.460445346999961],[-78.14677611199994,-3.458549721999873],[-78.14706261299995,-3.454235471999937],[-78.14669373699996,-3.447799096999972],[-78.15098948699995,-3.442741220999892],[-78.15168061199995,-3.44026384599988],[-78.1504669869999,-3.433050596999919],[-78.15196698799991,-3.431213596999896],[-78.15291548699997,-3.426829721999979],[-78.1528749869999,-3.422822345999975],[-78.15489036199995,-3.417335721999962],[-78.15491348699999,-3.411561720999885],[-78.15877823799997,-3.407156721999911],[-78.16064186199998,-3.410324971999955],[-78.16470461199992,-3.411144971999931],[-78.16899111299995,-3.409504971999979],[-78.17238798799997,-3.412129221999862],[-78.17774273699985,-3.410091095999974],[-78.1789264869999,-3.408302721999974],[-78.18121086199983,-3.402249346999952],[-78.17946936199996,-3.399508346999937],[-78.17966698699996,-3.396116220999943],[-78.18124786199996,-3.39493059699987],[-78.18533161199997,-3.393810846999941],[-78.18777636299995,-3.38943072099994],[-78.18903311199989,-3.385619971999915],[-78.19023773699985,-3.378536971999893],[-78.18985448799992,-3.370963721999885],[-78.19343173799996,-3.365480721999973],[-78.19580336199994,-3.362876221999954],[-78.19573986299997,-3.360758720999911],[-78.19129311199993,-3.360885846999963],[-78.18816686299994,-3.358565471999896],[-78.17823673699996,-3.353480846999901],[-78.17599411199996,-3.350095721999878],[-78.17120873699992,-3.350827845999959],[-78.16875298699995,-3.348886221999976],[-78.16793773699999,-3.345620221999923],[-78.16485511199994,-3.342648596999936],[-78.16051561199998,-3.340564596999968],[-78.15821861199998,-3.338445470999943],[-78.15750198799998,-3.335955096999953],[-78.15525623699995,-3.333715345999906],[-78.15160698699998,-3.333211846999916],[-78.15173886199989,-3.328535221999971],[-78.13919086199996,-3.327678971999887],[-78.1367536119999,-3.326070221999942],[-78.14141136199999,-3.320159596999815],[-78.13953323699991,-3.316585970999881],[-78.1361698629999,-3.313703095999927],[-78.13537698799996,-3.310767470999963],[-78.13361323799995,-3.308232471999816],[-78.12928948699994,-3.303967970999906],[-78.12733986299992,-3.298615221999967],[-78.12450673699993,-3.296486596999955],[-78.12322261299988,-3.294234720999896],[-78.11930286299992,-3.292407721999894],[-78.11793548799994,-3.289332096999885],[-78.11449423699997,-3.287869971999953],[-78.11229823699989,-3.285283096999876],[-78.11227786199998,-3.280441720999875],[-78.10725473699995,-3.277150346999974],[-78.10654761199999,-3.272720971999945],[-78.10783173699991,-3.270506345999934],[-78.10578448799998,-3.263322596999899],[-78.09897823699993,-3.261481221999873],[-78.09973611299995,-3.256715846999953],[-78.09685748699997,-3.254553596999926],[-78.09476498699996,-3.25146759699993],[-78.09402098699991,-3.243029970999885],[-78.09225636199994,-3.240427221999937],[-78.09071173699994,-3.234310596999933],[-78.08883448699999,-3.232169846999909],[-78.0834332369999,-3.229403346999959],[-78.07062011199997,-3.22562584699989],[-78.06702973799997,-3.225712721999969],[-78.06477111199996,-3.22444797199995],[-78.06164298699997,-3.220226471999979],[-78.05974073699997,-3.215857971999924],[-78.05467723699996,-3.208386971999971],[-78.04986198799998,-3.20573522199993],[-78.04530861199999,-3.205608721999852],[-78.04156823799997,-3.203675345999955],[-78.03949036299997,-3.195598471999915],[-78.03710523699993,-3.190484970999933],[-78.0353823619999,-3.189058971999827],[-78.02910061199992,-3.187557721999951],[-78.02234286299989,-3.18710597199987],[-78.02008423699988,-3.186076096999955],[-78.01707086299996,-3.182439220999925],[-78.01269398699992,-3.178848471999913],[-78.01031636199991,-3.161972596999931],[-78.00913436199994,-3.158069096999952],[-78.00154536199994,-3.15087759599993],[-77.99850961299995,-3.149251346999847],[-77.99467911199997,-3.145727971999975],[-77.99392023699983,-3.142493471999899],[-77.99193261199997,-3.139367596999875],[-77.98784898799994,-3.136729595999952],[-77.98495798699992,-3.133603596999933],[-77.98362086199995,-3.130351220999955],[-77.98386061199989,-3.126870470999961],[-77.98244636199985,-3.119654346999937],[-77.98076673699995,-3.118574345999946],[-77.97214711199996,-3.11840759699993],[-77.97075573699988,-3.117413721999924],[-77.96887648799998,-3.113546971999824],[-77.96786473699996,-3.109878970999887],[-77.96421511199998,-3.103662220999979],[-77.96421511199998,-3.101549221999846],[-77.96226573699994,-3.100247596999964],[-77.9618991129999,-3.096796970999947],[-77.9605188619999,-3.093971846999921],[-77.95136711199996,-3.090525346999868],[-77.94968961299998,-3.088276846999918],[-77.94718148699997,-3.079327346999889],[-77.94733261199991,-3.072538345999931],[-77.94075473699996,-3.065473596999936],[-77.84005386199993,-3.008198096999877],[-77.8445742369999,-2.99799809599989],[-77.81419323699998,-2.987638720999939],[-77.80861598699994,-2.98612509599991],[-77.81331898699995,-2.990942845999939],[-77.81482523699998,-2.995836345999976],[-77.81725098699997,-3.000792095999941],[-77.81694661199998,-3.002784346999931],[-77.81481136199989,-3.006112470999881],[-77.81433598699994,-3.009681595999893],[-77.81159161199997,-3.012542095999947],[-77.81149798699994,-3.016343096999947],[-77.80826348699992,-3.022954095999921],[-77.79973936199991,-3.035637220999945],[-77.79314723699991,-3.043981346999942],[-77.79254098699994,-3.048683721999907],[-77.79067061199999,-3.054439345999981],[-77.78927598699988,-3.061908846999927],[-77.78969486199998,-3.070359345999975],[-77.78766411199985,-3.074775345999967],[-77.79140786199997,-3.081371470999841],[-77.79430698699997,-3.087952221999956],[-77.79434461199997,-3.09011134699989],[-77.78643323699998,-3.102736971999889],[-77.78582786199996,-3.1062827209999],[-77.78629798699995,-3.10862597199997],[-77.79041786199997,-3.114665595999895],[-77.79093648699995,-3.117630345999885],[-77.78805473699992,-3.138039096999933],[-77.78328711199998,-3.174232471999915],[-77.78139848699993,-3.1816328459999],[-77.7785246119999,-3.187176220999902],[-77.77785536199997,-3.191860721999831],[-77.7776044869999,-3.198720345999959],[-77.77927748699994,-3.220553720999874],[-77.77875973699992,-3.258011721999878],[-77.77988736199995,-3.272711471999969],[-77.77984961199996,-3.291579971999965],[-77.77646673699991,-3.313294970999891],[-77.7752752369999,-3.32405997099994],[-77.77726611199995,-3.344437970999934],[-77.77834961199994,-3.359292971999935],[-77.77762711199989,-3.366865846999929],[-77.77795486199994,-3.381630346999941],[-77.77666986199995,-3.38553122199994],[-77.77677411199994,-3.390387220999912],[-77.77613461199996,-3.401456346999964],[-77.77647886199992,-3.409130970999854],[-77.77496486199982,-3.418039096999905],[-77.77254323699998,-3.428809471999955],[-77.76890273699996,-3.437861596999824],[-77.76732848699999,-3.44081334699996],[-77.76426648699999,-3.44352472199995],[-77.7635403619999,-3.446913721999977],[-77.76368798699997,-3.453013970999962],[-77.76260548699992,-3.456792971999903],[-77.76053936199997,-3.459802971999977],[-77.75488186199993,-3.461229720999938],[-77.75301248699998,-3.462410471999931],[-77.74681361199998,-3.475201471999981],[-77.74564223699997,-3.48222897099987],[-77.74244723699996,-3.486070346999895],[-77.73368548699995,-3.494644470999958],[-77.72939823699994,-3.500439096999969],[-77.72772548699999,-3.505457096999919],[-77.72024773699997,-3.509343596999884],[-77.71645961199982,-3.512442971999917],[-77.71513123599993,-3.514853596999956],[-77.71089448699996,-3.526257846999954],[-77.71192548699992,-3.529560721999871],[-77.7172014869999,-3.537307471999839],[-77.71782036199994,-3.53999222199991],[-77.71645961199982,-3.542305096999883],[-77.70909961199999,-3.547540971999865],[-77.69972748699996,-3.552494971999863],[-77.68983986199999,-3.555693346999931],[-77.67041198599992,-3.568379096999877],[-77.66667298699991,-3.57187197199994],[-77.66303248699995,-3.576447221999956],[-77.65933786199997,-3.582435596999858],[-77.65228573699994,-3.597909846999869],[-77.65112698699988,-3.600996221999822],[-77.64883911199996,-3.610238096999865],[-77.64564273699989,-3.616392596999958],[-77.6430096119999,-3.619346346999862],[-77.63518748699983,-3.620625471999915],[-77.63095661199998,-3.620330346999936],[-77.62195361199997,-3.620527096999922],[-77.61996673699997,-3.622408221999876],[-77.6192478619999,-3.62643059699991],[-77.6169356119999,-3.634301971999889],[-77.61713248699994,-3.636712596999928],[-77.62021348599995,-3.648856346999935],[-77.61671673699993,-3.652400346999968],[-77.62014061199989,-3.656388721999917],[-77.62106248699996,-3.659316471999944],[-77.62135936099992,-3.664326346999871],[-77.61946548699996,-3.671397221999882],[-77.61778323699997,-3.674724596999965],[-77.61870673699991,-3.678184971999883],[-77.6208967369999,-3.681846721999932],[-77.62135273699988,-3.686109346999899],[-77.61890361199994,-3.696043221999844],[-77.61894923699998,-3.700093721999963],[-77.6180671109999,-3.703471846999946],[-77.61562298699994,-3.707718721999811],[-77.62001761099992,-3.713011721999976],[-77.62230273699998,-3.717730471999971],[-77.62564548699999,-3.728420846999938],[-77.62605236199988,-3.734964346999902],[-77.63226761199991,-3.742917971999873],[-77.6395167369999,-3.747945221999885],[-77.64320648599994,-3.753061596999828],[-77.64398436199997,-3.760570346999828],[-77.64783086199992,-3.772198971999899],[-77.65019223699983,-3.777512096999942],[-77.65182223699998,-3.779009721999955],[-77.65043823699995,-3.783268096999961],[-77.64433798699986,-3.788532096999973],[-77.63915323699996,-3.795822096999871],[-77.63574048699991,-3.801259346999871],[-77.63261698699995,-3.80825847299991],[-77.63140223699997,-3.81352222299995],[-77.6231306119999,-3.822140971999943],[-77.61896111199991,-3.823462096999947],[-77.61462386199997,-3.823801096999944],[-77.60923636199988,-3.825242221999872],[-77.5989198609999,-3.835662096999954],[-77.59892573699995,-3.84197847199988],[-77.59091086199999,-3.852437971999962],[-77.58191598699995,-3.862816346999978],[-77.57528698699991,-3.867535222999948],[-77.56940486199994,-3.872749596999938],[-77.56259811199999,-3.875395222999884],[-77.56169386199991,-3.877556096999967],[-77.56519161199998,-3.879223221999894],[-77.56737573699996,-3.881251722999878],[-77.56874861199992,-3.887646346999873],[-77.56901861199998,-3.893073971999968],[-77.56781723699999,-3.896371347999946],[-77.56087886199998,-3.904015596999898],[-77.55716223699989,-3.91816409799992],[-77.55293136099993,-3.925100721999911],[-77.54577548599991,-3.934605096999917],[-77.54177286199996,-3.943334221999919],[-77.54137023699985,-3.948124596999946],[-77.53787736199996,-3.961899471999971],[-77.53912436199994,-3.974737221999931],[-77.54115198699998,-3.982788596999967],[-77.54122936199991,-3.986378222999974],[-77.53887698699998,-3.992472596999903],[-77.53809736199986,-4.003469847999895],[-77.53908011199997,-4.021669972999973],[-77.53812336199996,-4.028707971999893],[-77.54058311199998,-4.043368471999941],[-77.54068148699997,-4.047205721999887],[-77.54182611199991,-4.050773472999879],[-77.54451886199996,-4.075198347999844],[-77.54716211199997,-4.084837846999903],[-77.54914323699995,-4.101026346999902],[-77.54840536199998,-4.105404847999978],[-77.54965573699997,-4.109892847999959],[-77.55283598699998,-4.113949221999974],[-77.55450573699989,-4.119917721999968],[-77.55837698699992,-4.129972597999938],[-77.56119636199998,-4.144417472999976],[-77.56558786099998,-4.155445346999841],[-77.56571273599991,-4.163824222999892],[-77.56899986199994,-4.16987697199994],[-77.56807436199995,-4.171838596999976],[-77.56759186099998,-4.179002221999838],[-77.56998448699994,-4.187749347999954],[-77.5711172369999,-4.195158221999975],[-77.5736431119999,-4.20615872299993],[-77.57549711199994,-4.210046471999931],[-77.5769751119999,-4.218262971999934],[-77.5766229869999,-4.224040972999831],[-77.5806034869999,-4.24071284799993],[-77.58367898699998,-4.248172222999926],[-77.58555073699995,-4.251333972999873],[-77.58238473699993,-4.270087847999946],[-77.58005611199991,-4.274041472999954],[-77.57956048599993,-4.276179722999927],[-77.58067811199993,-4.290087347999929],[-77.57900536199992,-4.301156471999889],[-77.57670511199996,-4.307939471999873],[-77.57156248599995,-4.328806597999915],[-77.57023336199995,-4.341389597999978],[-77.56803323599996,-4.350490221999905],[-77.56775561199993,-4.355587097999887],[-77.56585923599988,-4.36553572299988],[-77.56538686199997,-4.372462471999881],[-77.56788986199996,-4.38527384799994],[-77.56816211199998,-4.3884120969999],[-77.56487948699998,-4.393551846999912],[-77.56506636199998,-4.398898471999871],[-77.56845286199996,-4.417569472999901],[-77.56827536099996,-4.420919971999922],[-77.57349048599997,-4.430439222999951],[-77.57372661099998,-4.435353471999917],[-77.57581161199982,-4.443035346999977],[-77.57900048699997,-4.450314472999935],[-77.58100198699992,-4.459540972999889],[-77.58594311199994,-4.47501309799992]]]},"properties":{"ubigeo":"010600","nombre":"CONDORCANQUI"}},{"type":"Feature","geometry":{"type":"Polygon","coordinates":[[[-78.29140236199999,-6.06514559999988],[-78.29382936299993,-6.072450473999879],[-78.30034261299994,-6.07789747399994],[-78.29980548699996,-6.081765098999938],[-78.30058698799996,-6.083229474999939],[-78.30483236199996,-6.085104099999967],[-78.31200848799995,-6.08182547399997],[-78.3143133619999,-6.079844223999885],[-78.31761411299988,-6.079488848999972],[-78.32722636299991,-6.080003723999937],[-78.32994861299994,-6.080581974999973],[-78.33630898699994,-6.083256098999925],[-78.34228323699989,-6.083881098999939],[-78.34972286199996,-6.086869973999967],[-78.35374423699994,-6.092152474999978],[-78.36185811299993,-6.098791098999925],[-78.36395211299998,-6.10283622399993],[-78.36811611299999,-6.108618348999926],[-78.36756886199993,-6.120301473999973],[-78.36916311199997,-6.128938849999884],[-78.37245111299995,-6.13364447399988],[-78.3699999879999,-6.13671872499998],[-78.36955073799987,-6.141978473999927],[-78.36768748699996,-6.146861349999938],[-78.36903711299993,-6.152470723999954],[-78.37177148699993,-6.156001973999935],[-78.37228911299997,-6.158111348999853],[-78.37165236199996,-6.163998098999912],[-78.37306448699997,-6.169783223999957],[-78.37817573699994,-6.169509724999955],[-78.38057611299996,-6.170464849999973],[-78.3831249879999,-6.169816349999962],[-78.38736911199999,-6.171441348999906],[-78.38940623799994,-6.171435599999882],[-78.39401761199991,-6.175103474999958],[-78.39566011199992,-6.17718159899988],[-78.3982736129999,-6.178578098999878],[-78.40012298699997,-6.180837849999875],[-78.40729098699995,-6.181753848999904],[-78.41124798699997,-6.184091849999902],[-78.41391798699988,-6.184505848999891],[-78.41515423699997,-6.186831973999972],[-78.41972811299996,-6.188424599999962],[-78.42544198799993,-6.184547348999956],[-78.42744536299995,-6.179908223999973],[-78.43235736299994,-6.17561322399996],[-78.43702273799988,-6.173629848999894],[-78.43816423699991,-6.165692849999914],[-78.44242211199997,-6.16172722399989],[-78.44982223799997,-6.156929723999951],[-78.45653261199988,-6.150224848999926],[-78.46050198699993,-6.148173724999879],[-78.46471361199997,-6.14392322499998],[-78.46561111299997,-6.142169974999888],[-78.46552711299995,-6.137644598999827],[-78.46738523799996,-6.134635223999965],[-78.47035948799993,-6.135181974999966],[-78.47584223699988,-6.132626223999978],[-78.47901173799994,-6.126210973999889],[-78.47686448799993,-6.117711098999962],[-78.47728273799999,-6.114830348999874],[-78.47872848699996,-6.112681598999927],[-78.4826458629999,-6.109029474999886],[-78.48578848799997,-6.108030723999946],[-78.49024648799997,-6.104875973999981],[-78.4963001129999,-6.104084224999895],[-78.49844386199999,-6.102500849999899],[-78.49714736299995,-6.098485849999975],[-78.49723348699996,-6.094350223999925],[-78.49888261199999,-6.088653223999927],[-78.50199261299997,-6.086778348999928],[-78.5051026129999,-6.087263598999925],[-78.50906423699996,-6.085308348999888],[-78.50980073799997,-6.084219723999979],[-78.51103586199986,-6.077338098999917],[-78.5156328629999,-6.072746098999914],[-78.51880298799989,-6.071475598999882],[-78.52227336199991,-6.072520848999943],[-78.52578536299995,-6.073231598999939],[-78.52912411299997,-6.071468598999843],[-78.53330248799995,-6.071032099999968],[-78.5361712379999,-6.072279348999928],[-78.54222048799994,-6.073090098999955],[-78.55132548799992,-6.071156849999966],[-78.55681348799999,-6.070969723999951],[-78.56055523799995,-6.072715848999906],[-78.56429698799991,-6.076769474999935],[-78.56971673699991,-6.077822223999931],[-78.57318261299997,-6.077655598999968],[-78.57683286299994,-6.078568349999898],[-78.58429686199986,-6.078404348999925],[-78.5894427369999,-6.076535848999981],[-78.5953259879999,-6.071698598999944],[-78.59837111299998,-6.068247473999975],[-78.60190348799995,-6.065527223999936],[-78.60300698799995,-6.062342973999932],[-78.60385936299991,-6.059230473999946],[-78.60857423799996,-6.057410098999981],[-78.6105488629999,-6.053394473999958],[-78.61084611299998,-6.046670473999882],[-78.60964323799993,-6.041609974999972],[-78.61156911299997,-6.035545973999945],[-78.61142023699989,-6.026574223999887],[-78.61197486199995,-6.021449223999866],[-78.6122716129999,-6.018182473999957],[-78.61478511299993,-6.014939348999917],[-78.62046061299998,-6.012669098999936],[-78.62232548799989,-6.011087973999906],[-78.62619336199998,-6.004874973999961],[-78.62823236299994,-5.995984348999912],[-78.62818548799999,-5.990613223999958],[-78.62981261199997,-5.989046848999919],[-78.63586323799996,-5.988744098999916],[-78.63774023799988,-5.984974599999873],[-78.63943348799995,-5.974474598999905],[-78.64151748799998,-5.969847598999877],[-78.64319536299996,-5.96820484899996],[-78.64766161199992,-5.967392724999968],[-78.65001648799989,-5.963048348999962],[-78.65336723799987,-5.962580098999979],[-78.65837498799988,-5.958345723999969],[-78.66032036299998,-5.955558598999971],[-78.66005661299994,-5.950216848999958],[-78.6615644879999,-5.942915973999902],[-78.66288673799988,-5.94156634899997],[-78.67023436299996,-5.92739647399992],[-78.6717967379999,-5.919255848999967],[-78.67315036299993,-5.916445348999957],[-78.67629486299995,-5.913824223999882],[-78.68277061299989,-5.911075973999971],[-78.68491911199993,-5.907954348999965],[-78.68462886299983,-5.904597598999942],[-78.68600223799996,-5.900878598999896],[-78.68765823799993,-5.896908223999958],[-78.69068748799992,-5.89342384899993],[-78.69593361299991,-5.888527348999901],[-78.69604698799998,-5.883193473999938],[-78.69165386299994,-5.876216098999919],[-78.69133011299988,-5.871960973999933],[-78.69268748799993,-5.869755598999973],[-78.69589198799997,-5.866809598999907],[-78.69837273799993,-5.860865973999921],[-78.6967706129999,-5.852751473999831],[-78.69821773699994,-5.849288723999848],[-78.69914798799988,-5.840760848999878],[-78.7015807379999,-5.836330348999979],[-78.70677773799986,-5.831985973999963],[-78.71201536299998,-5.830443098999922],[-78.71191398799994,-5.826754598999912],[-78.70912311299992,-5.816675973999907],[-78.70839948799994,-5.811300848999963],[-78.70602198799992,-5.807062723999877],[-78.70431648799996,-5.794555223999907],[-78.70178386299995,-5.791609223999956],[-78.70057048799998,-5.785220848999927],[-78.69873861299993,-5.781883598999968],[-78.69471898799998,-5.777051848999918],[-78.69252648699995,-5.771854848999965],[-78.69354148799988,-5.769296848999886],[-78.69289423699996,-5.762769473999924],[-78.6915504879999,-5.758272973999965],[-78.69253248799998,-5.755792098999848],[-78.69175511299989,-5.750741848999951],[-78.68994823799994,-5.747832848999963],[-78.68603023799994,-5.744367598999929],[-78.68245723799998,-5.74306809899997],[-78.67498661299999,-5.742256098999974],[-78.67291586299996,-5.740550848999817],[-78.66865273799993,-5.73990122399988],[-78.66193561299997,-5.73754772399991],[-78.65500986299998,-5.736513973999934],[-78.65345936299997,-5.734963473999812],[-78.65448273799996,-5.72914172399993],[-78.65273686299992,-5.725325223999903],[-78.65241198799998,-5.722767348999923],[-78.65418286299996,-5.718734598999959],[-78.65625023799993,-5.717907723999929],[-78.66074673799994,-5.718011098999966],[-78.66643198799994,-5.717390848999969],[-78.67087686299999,-5.715013348999889],[-78.67640698799988,-5.710568598999942],[-78.68379786299988,-5.707054098999947],[-78.68633023799998,-5.701368848999891],[-78.68633023799998,-5.698887973999888],[-78.68374611299998,-5.694649848999973],[-78.6792091129999,-5.690732473999958],[-78.66958473799986,-5.68601872399995],[-78.66642448799996,-5.683598223999923],[-78.65981648799993,-5.681315348999874],[-78.65583673799989,-5.678007598999955],[-78.65108186299994,-5.675630098999932],[-78.64917511299996,-5.671148973999891],[-78.64845073799995,-5.664991348999877],[-78.64881298799997,-5.662274723999928],[-78.64701398799991,-5.658249973999943],[-78.64279111199994,-5.653626848999977],[-78.64015198699997,-5.648780848999934],[-78.63993873699997,-5.646563723999975],[-78.63757861199991,-5.644344473999979],[-78.63031836299996,-5.64278509899998],[-78.62477098799991,-5.639364723999961],[-78.62295973799996,-5.634520098999928],[-78.62139223699995,-5.632428472999891],[-78.61956523699996,-5.622724473999881],[-78.61818473799997,-5.62069447399989],[-78.60919573799998,-5.614960473999929],[-78.60765648799998,-5.611519473999977],[-78.60543761299994,-5.609708473999945],[-78.60481598699994,-5.607207848999906],[-78.60626673699988,-5.604185723999876],[-78.60694648799995,-5.599055223999926],[-78.60812111199994,-5.5961499739999],[-78.60450198799998,-5.59235447299983],[-78.59999511299998,-5.590243223999948],[-78.59903448799997,-5.584529223999937],[-78.59612936199994,-5.581747598999925],[-78.59463573799997,-5.57753484899996],[-78.59418911299997,-5.570713723999916],[-78.59163123799988,-5.568358848999935],[-78.5851348629999,-5.564826473999972],[-78.58338886299998,-5.561415973999942],[-78.58521611299989,-5.557721223999977],[-78.58508723799997,-5.554971473999899],[-78.58299048799995,-5.550738598999885],[-78.58073548799996,-5.548483598999894],[-78.57417248799999,-5.545581223999932],[-78.56982811299997,-5.545378348999918],[-78.56708723799994,-5.539938598999868],[-78.56408061199994,-5.538277098999913],[-78.554747363,-5.538074723999955],[-78.55611848699994,-5.542446598999902],[-78.55572911299993,-5.544592098999885],[-78.5534217369999,-5.546390223999822],[-78.55347548799989,-5.548066848999895],[-78.55962723799996,-5.551070223999886],[-78.56231811199996,-5.551100723999923],[-78.56367498799995,-5.552991223999925],[-78.56336223799991,-5.555567722999967],[-78.56143886299998,-5.55723559899991],[-78.55448923699993,-5.559950847999971],[-78.55252261299995,-5.562298723999902],[-78.55322398799996,-5.565027723999947],[-78.55824748799995,-5.568480848999911],[-78.55971861299997,-5.566216848999886],[-78.56199786299993,-5.565097973999968],[-78.56431548699993,-5.566202223999937],[-78.56545611299998,-5.572167098999898],[-78.56120598799998,-5.571782098999961],[-78.56021786299993,-5.574847972999976],[-78.56371973799992,-5.577587098999913],[-78.56244836299999,-5.583544598999936],[-78.56536173799998,-5.58788197399997],[-78.56360348699991,-5.588993597999945],[-78.56143861199985,-5.587329848999957],[-78.55766773799996,-5.587780473999828],[-78.55755148799994,-5.589952598999957],[-78.56157648799996,-5.590417598999977],[-78.56394498799995,-5.593367348999948],[-78.56005073799992,-5.597799223999914],[-78.56284786299983,-5.601591723999945],[-78.56176536299995,-5.60445422399988],[-78.559571238,-5.604948223999941],[-78.55583686299997,-5.604069098999901],[-78.54948698799996,-5.606800848999967],[-78.54734373699989,-5.605093598999929],[-78.54567286199995,-5.606285098999933],[-78.54655923799999,-5.608951473999923],[-78.54237423799992,-5.609147598999925],[-78.54224348799994,-5.611697723999953],[-78.5461158629999,-5.615838973999871],[-78.54717661299992,-5.619282848999887],[-78.54923498799997,-5.620929848999936],[-78.55354386199997,-5.620714848999967],[-78.55584061299993,-5.621401723999952],[-78.55516061299988,-5.62495434899995],[-78.55601411299989,-5.626064347999943],[-78.56305723799994,-5.626694973999975],[-78.56371973799992,-5.627548223999952],[-78.5594834879999,-5.6326175989999],[-78.55659661299995,-5.637251098999968],[-78.5574858629999,-5.640718472999879],[-78.56029661199995,-5.64222422399996],[-78.56024648799996,-5.646580973999903],[-78.55219573799997,-5.650475848999861],[-78.54938498699994,-5.651017848999913],[-78.54879273799997,-5.647554598999932],[-78.54633323799993,-5.645567098999948],[-78.54311498799996,-5.64729822399994],[-78.54086661199989,-5.646995223999909],[-78.53361861299999,-5.644046223999965],[-78.52539198799991,-5.64855659899996],[-78.52704623799991,-5.651679223999963],[-78.52596811199999,-5.653389223999966],[-78.52251098799985,-5.653798223999956],[-78.51637723799985,-5.657478473999902],[-78.51377498699992,-5.66128872399986],[-78.5145371129999,-5.664857473999973],[-78.50821748699997,-5.669541473999971],[-78.50555961299989,-5.676121348999914],[-78.50557523799995,-5.680083223999873],[-78.50376648699995,-5.680940473999954],[-78.49939611299999,-5.679800973999818],[-78.49780473699997,-5.681435848999968],[-78.50273711299997,-5.685657098999854],[-78.5046742369999,-5.688106098999981],[-78.50331123799992,-5.691557098999965],[-78.49959923799992,-5.693377223999903],[-78.49676173799998,-5.692502973999979],[-78.49329098799996,-5.694460973999981],[-78.48937598799995,-5.695585223999899],[-78.48181711299998,-5.700393598999938],[-78.47245136299989,-5.705814348999922],[-78.46839586199991,-5.710692973999926],[-78.46809461299995,-5.713102223999954],[-78.46418136299991,-5.715144973999941],[-78.45945661199994,-5.715840973999889],[-78.45783711199988,-5.717447098999912],[-78.45714123699997,-5.72092709899988],[-78.45787911199989,-5.727224348999925],[-78.45482736199989,-5.730423223999935],[-78.45538448699989,-5.732973223999977],[-78.45069998799994,-5.733059973999957],[-78.4482898629999,-5.731369973999847],[-78.44485998799996,-5.725039973999969],[-78.43744998799997,-5.722209973999895],[-78.43306261199996,-5.715483348999953],[-78.43097473799997,-5.714878348999832],[-78.43020273699995,-5.712705098999947],[-78.4275959869999,-5.710799723999969],[-78.42276698799992,-5.708864723999909],[-78.42053873699996,-5.705899098999907],[-78.41590336299993,-5.702001098999972],[-78.41298473799998,-5.696852848999981],[-78.41123661199998,-5.692527723999888],[-78.40557061299995,-5.690257348999978],[-78.4053691119999,-5.684873223999944],[-78.40412486199989,-5.677808098999947],[-78.40232861199996,-5.671957848999966],[-78.38939423799991,-5.652886973999955],[-78.38717861299995,-5.64922297399994],[-78.38502536199985,-5.643232473999944],[-78.37791286199996,-5.640389223999932],[-78.37252973699998,-5.6332368489999],[-78.36813073699989,-5.626791473999958],[-78.36521561199999,-5.626213223999912],[-78.3530491119999,-5.625610973999926],[-78.34142386299993,-5.623273473999859],[-78.3358534869999,-5.622746098999926],[-78.331048362,-5.61996134899988],[-78.32400386199993,-5.620183598999972],[-78.32074748699995,-5.618401723999909],[-78.31650736199998,-5.617634223999914],[-78.31483986199993,-5.615935473999969],[-78.316098862,-5.611482973999955],[-78.31587823699988,-5.606224723999844],[-78.31652336299999,-5.601104973999895],[-78.31445186299999,-5.598954097999922],[-78.31350848799991,-5.596131723999974],[-78.31780473799995,-5.591473848999954],[-78.31877136299988,-5.589223972999889],[-78.31886348699999,-5.581317473999945],[-78.32192548699999,-5.575921098999913],[-78.32295686299989,-5.571755348999943],[-78.32613186199995,-5.566190473999939],[-78.32556573699992,-5.559211223999966],[-78.32391923699993,-5.553822598999886],[-78.32339536299986,-5.549930973999949],[-78.32759998699993,-5.547766098999887],[-78.32956636299991,-5.543888722999952],[-78.33502436199996,-5.539724598999953],[-78.33421486199995,-5.537204473999964],[-78.33099348699994,-5.53739684899989],[-78.32724286299998,-5.535906348999958],[-78.3245983629999,-5.533165598999915],[-78.32200198799995,-5.527011098999878],[-78.32138711199997,-5.523750223999912],[-78.31616648799991,-5.513527848999956],[-78.313499988,-5.509947223999973],[-78.3131232369999,-5.507629848999898],[-78.31090448699985,-5.50518247399998],[-78.30397461199993,-5.502513473999954],[-78.30315748699996,-5.50083097299995],[-78.30648623799993,-5.494832473999907],[-78.30917048799989,-5.488436473999968],[-78.31183036199997,-5.485992598999928],[-78.3029222369999,-5.483738223999978],[-78.29680348699992,-5.481434722999836],[-78.28801161299998,-5.480562473999953],[-78.28588636199999,-5.478581848999966],[-78.28244111199996,-5.476787472999888],[-78.27942661299994,-5.473485848999928],[-78.27424998699996,-5.470578098999965],[-78.27081361299997,-5.473198723999872],[-78.26708111199997,-5.474777723999978],[-78.25667373699991,-5.474203598999964],[-78.25351561199994,-5.474562473999924],[-78.24986398699997,-5.473857098999929],[-78.24692561299992,-5.472403473999975],[-78.24402448699988,-5.472326847999966],[-78.23886961299996,-5.470393723999962],[-78.23395636199996,-5.464956973999904],[-78.23040386199989,-5.459417848999976],[-78.23011673699995,-5.456403223999928],[-78.23119336199994,-5.454321722999964],[-78.22846598699988,-5.443483598999876],[-78.22286748699992,-5.439177098999892],[-78.22272661199992,-5.435253848999935],[-78.21956573699993,-5.434870597999918],[-78.21655123699992,-5.43106647299993],[-78.20908648699992,-5.429128472999935],[-78.20585548699995,-5.427396473999977],[-78.20434936299995,-5.424893723999901],[-78.20027148699995,-5.422330098999964],[-78.19839198799997,-5.42008484899992],[-78.19544923699993,-5.419725973999903],[-78.19221936299994,-5.41721384799996],[-78.18641298799992,-5.408949597999879],[-78.17969536199985,-5.406900473999883],[-78.17908198699996,-5.402250598999956],[-78.17499023699992,-5.397064598999918],[-78.17247848699992,-5.390621098999873],[-78.16340898799996,-5.386830347999933],[-78.16174411199995,-5.378253848999975],[-78.15961711299997,-5.370146097999964],[-78.15630998699999,-5.367449973999896],[-78.15613998799995,-5.364829972999928],[-78.1519099869999,-5.363449972999945],[-78.1482599869999,-5.360569973999873],[-78.14697998699995,-5.354109973999869],[-78.14594998699988,-5.353109972999903],[-78.14587998799988,-5.34890997399998],[-78.14751998699995,-5.344119973999852],[-78.14627998699996,-5.339879973999928],[-78.12125373699996,-5.328921848999926],[-78.11671773699999,-5.331033348999938],[-78.11436748699998,-5.333238598999969],[-78.11171311199996,-5.33753609799993],[-78.10918523699996,-5.340443222999909],[-78.106146487,-5.341998097999976],[-78.10416223799996,-5.3465423479999],[-78.10367836199998,-5.350413348999894],[-78.10245011199999,-5.352907348999963],[-78.09383136299988,-5.360467597999957],[-78.0928754869999,-5.3619774739999],[-78.09251186299997,-5.365860472999941],[-78.08875248699991,-5.37088547399992],[-78.08752411199998,-5.377064222999934],[-78.08522836299994,-5.381247723999934],[-78.08354148699988,-5.386109098999952],[-78.07896311199988,-5.39221347299997],[-78.07792098699997,-5.395005098999945],[-78.078628112,-5.398206222999875],[-78.08101773699997,-5.400478973999896],[-78.08056373799997,-5.402374972999837],[-78.0740246119999,-5.408005473999935],[-78.07319373699994,-5.409186598999952],[-78.06801998699996,-5.410973223999918],[-78.06329286299996,-5.411047723999957],[-78.0554354869999,-5.413798848999932],[-78.05145636199984,-5.412945972999978],[-78.04832973699996,-5.410526597999933],[-78.04695248699994,-5.406916098999943],[-78.04836686199991,-5.403156722999938],[-78.05512298699989,-5.395425723999949],[-78.05525286199997,-5.39109684899995],[-78.05242411199998,-5.383912972999951],[-78.05151673799986,-5.376031098999874],[-78.05089798699998,-5.375054223999882],[-78.04512861199993,-5.374421472999927],[-78.03935923699999,-5.372932598999967],[-78.02956998699995,-5.368540472999882],[-78.02179123699989,-5.365814973999875],[-78.01523961199996,-5.367572723999956],[-78.00898636199992,-5.371034348999899],[-78.00717061199998,-5.376965972999869],[-78.00606561299992,-5.378926473999911],[-77.9994493619999,-5.380915473999892],[-77.99632973699988,-5.383951473999957],[-77.99597386199991,-5.386024222999936],[-77.99239361199989,-5.391781972999979],[-77.98676223699988,-5.393989847999876],[-77.97982236199988,-5.395210848999909],[-77.97168086199997,-5.395247848999873],[-77.96680023699997,-5.39305047299996],[-77.96544198699996,-5.393094347999977],[-77.95955998699998,-5.395949597999959],[-77.95551511199989,-5.399720597999931],[-77.95348961199988,-5.403749223999966],[-77.95528311199996,-5.412179848999926],[-77.95467936199992,-5.418359098999872],[-77.94939698699994,-5.42095272399996],[-77.94327536199995,-5.42205472399985],[-77.94056911199993,-5.425283472999922],[-77.93843948699998,-5.433894848999955],[-77.9393318619999,-5.44334347399996],[-77.93778911199996,-5.447019473999887],[-77.93714273699999,-5.451671598999951],[-77.93136173699992,-5.460812598999894],[-77.93040773699994,-5.46623647399997],[-77.93288348699997,-5.472824973999934],[-77.93338323699993,-5.483318348999887],[-77.93256448699998,-5.490943348999906],[-77.93478711199992,-5.491908223999928],[-77.94142311199994,-5.489394973999879],[-77.94758311199996,-5.494204222999883],[-77.95427486199986,-5.497047848999898],[-77.95541686199994,-5.498546972999975],[-77.96543448699992,-5.502425473999949],[-77.97031711199998,-5.506300348999957],[-77.97454786199995,-5.508326473999887],[-77.97887848699997,-5.50858822399988],[-77.98689723699994,-5.510967723999954],[-77.98984173699995,-5.510351598999932],[-77.99126761199989,-5.514076223999894],[-77.98959573699995,-5.516859348999958],[-77.98894723699993,-5.52061909899993],[-77.98499223699997,-5.52479497399986],[-77.98480661199989,-5.527388723999877],[-77.98753323699998,-5.531558598999936],[-77.98996286199997,-5.532703098999946],[-77.99094136199989,-5.537242223999897],[-77.98916411199986,-5.542390597999827],[-77.99008198799993,-5.545349598999962],[-77.98866798699993,-5.54930472399991],[-77.98916211199997,-5.552609348999965],[-77.98735161199988,-5.556738223999901],[-77.98793948699995,-5.560322223999947],[-77.98756048699994,-5.563937473999943],[-77.98808398699992,-5.567720723999969],[-77.98673636299998,-5.568830098999968],[-77.98737298699996,-5.57147259899989],[-77.98504686199988,-5.575044973999979],[-77.98659761199997,-5.577015598999878],[-77.98900786199988,-5.577427723999961],[-77.98932611199996,-5.579683597999917],[-77.99151173799993,-5.582040973999938],[-77.995628862,-5.583402348999869],[-77.99841411199992,-5.588447223999935],[-78.00124798699994,-5.590937473999929],[-78.00212498699995,-5.595974598999931],[-78.00391598699997,-5.598187473999928],[-78.00746673699996,-5.59854884899994],[-78.01174023699997,-5.602285098999914],[-78.01129298699993,-5.606935598999939],[-78.01238861199988,-5.611501973999964],[-78.017394487,-5.61992572399987],[-78.02575586199993,-5.632658223999897],[-78.04413086199997,-5.661583973999939],[-78.06995311199995,-5.701917973999969],[-78.07842973699996,-5.715457098999934],[-78.09725973799993,-5.745015598999942],[-78.1039726119999,-5.755042973999934],[-78.09888636199997,-5.755865348999976],[-78.09402361199989,-5.757927098999915],[-78.08791723699994,-5.765179223999894],[-78.08326873699997,-5.767221348999954],[-78.07797548799988,-5.768296223999869],[-78.0763568619999,-5.769425723999973],[-78.07690823699994,-5.774193348999859],[-78.0806016119999,-5.778837848999899],[-78.0822676119999,-5.782794973999955],[-78.08630073799992,-5.786419973999955],[-78.08576948699994,-5.792253848999906],[-78.08827923699994,-5.796134723999955],[-78.09074998699998,-5.798171848999914],[-78.09374411199985,-5.801945348999936],[-78.093898487,-5.803517598999917],[-78.09702736199989,-5.809062473999973],[-78.0984628619999,-5.814148348999936],[-78.09753711299999,-5.818652348999933],[-78.10123623699997,-5.822392598999954],[-78.1022948619999,-5.825109348999945],[-78.09800373699994,-5.829902348999951],[-78.09701173699995,-5.83308784899998],[-78.09785348699995,-5.834609348999948],[-78.09631248799991,-5.837537099999963],[-78.10104486199998,-5.838412098999925],[-78.10249211299998,-5.841345723999893],[-78.10280073699994,-5.846091848999947],[-78.10249023699998,-5.852062473999922],[-78.10365236199988,-5.855908223999961],[-78.10539261299988,-5.8580037239999],[-78.11082998699999,-5.862142598999981],[-78.1135136119999,-5.866447223999955],[-78.11637111199991,-5.86888472399994],[-78.11873436199994,-5.872410098999978],[-78.11948436199992,-5.875812473999929],[-78.11888473699997,-5.881726598999933],[-78.12070311199994,-5.884374974999957],[-78.12211523699995,-5.890517598999907],[-78.12559573699997,-5.892785098999923],[-78.1303281129999,-5.893486348999943],[-78.13174611199997,-5.895128848999889],[-78.13522461299993,-5.894244098999934],[-78.13504098799996,-5.896437473999981],[-78.13142773699997,-5.899203098999919],[-78.13080473699989,-5.902560598999969],[-78.13260161199997,-5.903960973999972],[-78.1347519869999,-5.903638723999961],[-78.13711323699988,-5.90937884899995],[-78.13879686199994,-5.911699223999847],[-78.13921086199997,-5.915560598999946],[-78.13656461299996,-5.917849598999965],[-78.13609573699989,-5.921290973999874],[-78.136908238,-5.928242223999916],[-78.1435251119999,-5.938140473999908],[-78.14467423699995,-5.940989098999978],[-78.14498336199995,-5.945687223999869],[-78.13877061199997,-5.954403599999978],[-78.1355742369999,-5.95750972399992],[-78.13588173699998,-5.958921224999926],[-78.14133611199998,-5.96086347399995],[-78.15204711199988,-5.962516348999941],[-78.15441348699994,-5.963814098999933],[-78.15983323799992,-5.972134598999958],[-78.16146198699994,-5.97812472399994],[-78.16459398699993,-5.9855760989999],[-78.16906223799998,-5.988322223999944],[-78.17092398799991,-5.990416723999942],[-78.17240998799997,-5.994149973999924],[-78.17062998699993,-5.996219973999871],[-78.17170998699993,-5.999999973999877],[-78.17031786199993,-6.002621473999909],[-78.16962298699991,-6.006211223999912],[-78.16682936199999,-6.013049348999857],[-78.16433223799993,-6.01726672399991],[-78.17933623699997,-6.024877598999922],[-78.18256448799991,-6.025459724999962],[-78.19055561199997,-6.027894098999923],[-78.19415423699996,-6.03064609899991],[-78.19743536299995,-6.031333973999892],[-78.20279523699998,-6.035284098999966],[-78.20684223699988,-6.039015223999968],[-78.2140454879999,-6.055285973999901],[-78.22371748699999,-6.061550849999833],[-78.22853748699993,-6.060028723999835],[-78.23499811199997,-6.059474473999956],[-78.24182486199993,-6.059992348999913],[-78.24908248699995,-6.058035099999927],[-78.2515681129999,-6.057870473999969],[-78.25597861299997,-6.058995348999929],[-78.26539136299994,-6.062991348999901],[-78.27024586299996,-6.063849723999965],[-78.2778407369999,-6.063599973999885],[-78.28438286199986,-6.064241349999975],[-78.28973848699997,-6.063193599999863],[-78.29140236199999,-6.06514559999988]]]},"properties":{"ubigeo":"010700","nombre":"UTCUBAMBA"}}]}