mesa_id,partido_nombre,votos_pre_recount,votos_post_recount,delta,delta_pct
000034,FUERZA POPULAR,41,44.0,3.0,7.317073170731707
000123,FUERZA POPULAR,19,18.0,-1.0,-5.263157894736842
000356,FUERZA POPULAR,0,0.0,0.0,
000758,FUERZA POPULAR,2,2.0,0.0,0.0
000812,FUERZA POPULAR,38,37.0,-1.0,-2.631578947368421
000962,FUERZA POPULAR,28,28.0,0.0,0.0
000990,FUERZA POPULAR,26,23.0,-3.0,-11.538461538461538
001015,FUERZA POPULAR,25,25.0,0.0,0.0
001046,FUERZA POPULAR,24,24.0,0.0,0.0
001386,FUERZA POPULAR,39,38.0,-1.0,-2.564102564102564
001560,FUERZA POPULAR,20,21.0,1.0,5.0
001675,FUERZA POPULAR,58,57.0,-1.0,-1.7241379310344827
001763,FUERZA POPULAR,42,46.0,4.0,9.523809523809524
001947,FUERZA POPULAR,16,17.0,1.0,6.25
001998,FUERZA POPULAR,3,12.0,9.0,300.0
002021,FUERZA POPULAR,8,8.0,0.0,0.0
002061,FUERZA POPULAR,4,4.0,0.0,0.0
002071,FUERZA POPULAR,10,11.0,1.0,10.0
002135,FUERZA POPULAR,14,16.0,2.0,14.285714285714285
002143,FUERZA POPULAR,12,20.0,8.0,66.66666666666666
002151,FUERZA POPULAR,24,24.0,0.0,0.0
002167,FUERZA POPULAR,8,8.0,0.0,0.0
002176,FUERZA POPULAR,3,3.0,0.0,0.0
002183,FUERZA POPULAR,14,16.0,2.0,14.285714285714285
002267,FUERZA POPULAR,3,4.0,1.0,33.33333333333333
002391,FUERZA POPULAR,15,15.0,0.0,0.0
002920,FUERZA POPULAR,27,30.0,3.0,11.11111111111111
003202,FUERZA POPULAR,33,34.0,1.0,3.0303030303030303
003214,FUERZA POPULAR,43,44.0,1.0,2.3255813953488373
003347,FUERZA POPULAR,32,32.0,0.0,0.0
003403,FUERZA POPULAR,29,30.0,1.0,3.4482758620689653
003404,FUERZA POPULAR,28,29.0,1.0,3.571428571428571
003562,FUERZA POPULAR,30,31.0,1.0,3.3333333333333335
003574,FUERZA POPULAR,34,35.0,1.0,2.941176470588235
003630,FUERZA POPULAR,35,35.0,0.0,0.0
003724,FUERZA POPULAR,17,17.0,0.0,0.0
003737,FUERZA POPULAR,13,13.0,0.0,0.0
003955,FUERZA POPULAR,2,3.0,1.0,50.0
003956,FUERZA POPULAR,0,3.0,3.0,
003958,FUERZA POPULAR,1,1.0,0.0,0.0
003970,FUERZA POPULAR,15,16.0,1.0,6.666666666666667
003972,FUERZA POPULAR,2,18.0,16.0,800.0
003978,FUERZA POPULAR,16,16.0,0.0,0.0
004042,FUERZA POPULAR,64,68.0,4.0,6.25
004073,FUERZA POPULAR,63,67.0,4.0,6.349206349206349
004539,FUERZA POPULAR,18,18.0,0.0,0.0
004616,FUERZA POPULAR,10,10.0,0.0,0.0
004661,FUERZA POPULAR,17,17.0,0.0,0.0
004768,FUERZA POPULAR,15,14.0,-1.0,-6.666666666666667
005178,FUERZA POPULAR,22,22.0,0.0,0.0
005260,FUERZA POPULAR,12,14.0,2.0,16.666666666666664
006394,FUERZA POPULAR,10,10.0,0.0,0.0
007312,FUERZA POPULAR,18,18.0,0.0,0.0
008536,FUERZA POPULAR,5,5.0,0.0,0.0
008688,FUERZA POPULAR,14,14.0,0.0,0.0
008908,FUERZA POPULAR,22,24.0,2.0,9.090909090909092
009579,FUERZA POPULAR,19,21.0,2.0,10.526315789473683
009935,FUERZA POPULAR,10,10.0,0.0,0.0
010142,FUERZA POPULAR,15,18.0,3.0,20.0
010396,FUERZA POPULAR,19,20.0,1.0,5.263157894736842
010646,FUERZA POPULAR,11,11.0,0.0,0.0
011386,FUERZA POPULAR,33,33.0,0.0,0.0
011421,FUERZA POPULAR,36,37.0,1.0,2.7777777777777777
011456,FUERZA POPULAR,31,31.0,0.0,0.0
011515,FUERZA POPULAR,33,34.0,1.0,3.0303030303030303
011577,FUERZA POPULAR,33,35.0,2.0,6.0606060606060606
011662,FUERZA POPULAR,37,37.0,0.0,0.0
011761,FUERZA POPULAR,32,32.0,0.0,0.0
011857,FUERZA POPULAR,36,5.0,-31.0,-86.11111111111111
011862,FUERZA POPULAR,46,36.0,-10.0,-21.73913043478261
011864,FUERZA POPULAR,47,50.0,3.0,6.382978723404255
011867,FUERZA POPULAR,52,52.0,0.0,0.0
012119,FUERZA POPULAR,28,31.0,3.0,10.714285714285714
012144,FUERZA POPULAR,36,38.0,2.0,5.555555555555555
012254,FUERZA POPULAR,11,10.0,-1.0,-9.090909090909092
012673,FUERZA POPULAR,13,,,
013489,FUERZA POPULAR,33,33.0,0.0,0.0
013530,FUERZA POPULAR,33,33.0,0.0,0.0
013597,FUERZA POPULAR,22,22.0,0.0,0.0
013662,FUERZA POPULAR,30,32.0,2.0,6.666666666666667
013856,FUERZA POPULAR,12,12.0,0.0,0.0
013966,FUERZA POPULAR,33,35.0,2.0,6.0606060606060606
013968,FUERZA POPULAR,33,33.0,0.0,0.0
014218,FUERZA POPULAR,39,39.0,0.0,0.0
014263,FUERZA POPULAR,14,14.0,0.0,0.0
014415,FUERZA POPULAR,17,18.0,1.0,5.88235294117647
014474,FUERZA POPULAR,15,15.0,0.0,0.0
014509,FUERZA POPULAR,11,13.0,2.0,18.181818181818183
014782,FUERZA POPULAR,17,15.0,-2.0,-11.76470588235294
015502,FUERZA POPULAR,29,29.0,0.0,0.0
015580,FUERZA POPULAR,19,19.0,0.0,0.0
015661,FUERZA POPULAR,27,29.0,2.0,7.4074074074074066
015936,FUERZA POPULAR,17,18.0,1.0,5.88235294117647
016009,FUERZA POPULAR,12,12.0,0.0,0.0
016108,FUERZA POPULAR,11,11.0,0.0,0.0
016132,FUERZA POPULAR,0,10.0,10.0,
016198,FUERZA POPULAR,13,13.0,0.0,0.0
016229,FUERZA POPULAR,9,8.0,-1.0,-11.11111111111111
016955,FUERZA POPULAR,0,4.0,4.0,
017044,FUERZA POPULAR,13,13.0,0.0,0.0
017171,FUERZA POPULAR,4,4.0,0.0,0.0
017373,FUERZA POPULAR,7,7.0,0.0,0.0
017378,FUERZA POPULAR,7,7.0,0.0,0.0
017436,FUERZA POPULAR,6,6.0,0.0,0.0
017600,FUERZA POPULAR,0,0.0,0.0,
017613,FUERZA POPULAR,15,17.0,2.0,13.333333333333334
017623,FUERZA POPULAR,8,8.0,0.0,0.0
017722,FUERZA POPULAR,8,8.0,0.0,0.0
017738,FUERZA POPULAR,9,10.0,1.0,11.11111111111111
017804,FUERZA POPULAR,3,3.0,0.0,0.0
017960,FUERZA POPULAR,6,6.0,0.0,0.0
017980,FUERZA POPULAR,5,6.0,1.0,20.0
018147,FUERZA POPULAR,4,4.0,0.0,0.0
018272,FUERZA POPULAR,6,8.0,2.0,33.33333333333333
018304,FUERZA POPULAR,8,8.0,0.0,0.0
018455,FUERZA POPULAR,12,13.0,1.0,8.333333333333332
018545,FUERZA POPULAR,9,9.0,0.0,0.0
018702,FUERZA POPULAR,4,4.0,0.0,0.0
018793,FUERZA POPULAR,3,3.0,0.0,0.0
018835,FUERZA POPULAR,20,19.0,-1.0,-5.0
019300,FUERZA POPULAR,11,11.0,0.0,0.0
019549,FUERZA POPULAR,28,32.0,4.0,14.285714285714285
019713,FUERZA POPULAR,24,24.0,0.0,0.0
019793,FUERZA POPULAR,14,29.0,15.0,107.14285714285714
019858,FUERZA POPULAR,4,4.0,0.0,0.0
019864,FUERZA POPULAR,29,30.0,1.0,3.4482758620689653
019918,FUERZA POPULAR,32,31.0,-1.0,-3.125
020032,FUERZA POPULAR,21,22.0,1.0,4.761904761904762
020074,FUERZA POPULAR,27,14.0,-13.0,-48.148148148148145
020105,FUERZA POPULAR,27,28.0,1.0,3.7037037037037033
020127,FUERZA POPULAR,23,21.0,-2.0,-8.695652173913043
020222,FUERZA POPULAR,27,24.0,-3.0,-11.11111111111111
020235,FUERZA POPULAR,7,7.0,0.0,0.0
020275,FUERZA POPULAR,30,33.0,3.0,10.0
020287,FUERZA POPULAR,30,29.0,-1.0,-3.3333333333333335
020360,FUERZA POPULAR,33,33.0,0.0,0.0
020394,FUERZA POPULAR,21,22.0,1.0,4.761904761904762
020717,FUERZA POPULAR,21,21.0,0.0,0.0
020949,FUERZA POPULAR,26,26.0,0.0,0.0
021028,FUERZA POPULAR,32,32.0,0.0,0.0
021030,FUERZA POPULAR,53,53.0,0.0,0.0
021077,FUERZA POPULAR,45,45.0,0.0,0.0
021119,FUERZA POPULAR,11,11.0,0.0,0.0
021124,FUERZA POPULAR,0,5.0,5.0,
021131,FUERZA POPULAR,8,10.0,2.0,25.0
021248,FUERZA POPULAR,43,42.0,-1.0,-2.3255813953488373
021383,FUERZA POPULAR,8,6.0,-2.0,-25.0
021515,FUERZA POPULAR,8,11.0,3.0,37.5
021532,FUERZA POPULAR,4,4.0,0.0,0.0
021625,FUERZA POPULAR,36,36.0,0.0,0.0
021796,FUERZA POPULAR,32,31.0,-1.0,-3.125
021911,FUERZA POPULAR,23,31.0,8.0,34.78260869565217
022061,FUERZA POPULAR,44,44.0,0.0,0.0
022088,FUERZA POPULAR,55,57.0,2.0,3.6363636363636362
022146,FUERZA POPULAR,56,56.0,0.0,0.0
022279,FUERZA POPULAR,43,38.0,-5.0,-11.627906976744185
022323,FUERZA POPULAR,40,42.0,2.0,5.0
022339,FUERZA POPULAR,48,48.0,0.0,0.0
022437,FUERZA POPULAR,64,65.0,1.0,1.5625
022470,FUERZA POPULAR,20,20.0,0.0,0.0
022519,FUERZA POPULAR,24,23.0,-1.0,-4.166666666666666
022571,FUERZA POPULAR,30,30.0,0.0,0.0
022807,FUERZA POPULAR,50,47.0,-3.0,-6.0
022860,FUERZA POPULAR,48,50.0,2.0,4.166666666666666
022936,FUERZA POPULAR,39,39.0,0.0,0.0
022944,FUERZA POPULAR,37,42.0,5.0,13.513513513513514
023120,FUERZA POPULAR,76,78.0,2.0,2.631578947368421
023156,FUERZA POPULAR,42,35.0,-7.0,-16.666666666666664
023242,FUERZA POPULAR,67,66.0,-1.0,-1.4925373134328357
023369,FUERZA POPULAR,33,33.0,0.0,0.0
023438,FUERZA POPULAR,11,12.0,1.0,9.090909090909092
023487,FUERZA POPULAR,45,48.0,3.0,6.666666666666667
023506,FUERZA POPULAR,27,28.0,1.0,3.7037037037037033
023560,FUERZA POPULAR,32,32.0,0.0,0.0
023621,FUERZA POPULAR,36,25.0,-11.0,-30.555555555555557
023677,FUERZA POPULAR,32,32.0,0.0,0.0
023696,FUERZA POPULAR,46,49.0,3.0,6.521739130434782
023735,FUERZA POPULAR,49,48.0,-1.0,-2.0408163265306123
023738,FUERZA POPULAR,38,38.0,0.0,0.0
023877,FUERZA POPULAR,40,35.0,-5.0,-12.5
023884,FUERZA POPULAR,32,33.0,1.0,3.125
023931,FUERZA POPULAR,38,38.0,0.0,0.0
023977,FUERZA POPULAR,27,28.0,1.0,3.7037037037037033
024694,FUERZA POPULAR,29,29.0,0.0,0.0
024998,FUERZA POPULAR,25,25.0,0.0,0.0
025218,FUERZA POPULAR,8,10.0,2.0,25.0
025277,FUERZA POPULAR,21,21.0,0.0,0.0
025789,FUERZA POPULAR,44,43.0,-1.0,-2.272727272727273
026226,FUERZA POPULAR,38,35.0,-3.0,-7.894736842105263
026396,FUERZA POPULAR,46,47.0,1.0,2.1739130434782608
026485,FUERZA POPULAR,38,37.0,-1.0,-2.631578947368421
026491,FUERZA POPULAR,40,40.0,0.0,0.0
026624,FUERZA POPULAR,39,40.0,1.0,2.564102564102564
026664,FUERZA POPULAR,24,26.0,2.0,8.333333333333332
026758,FUERZA POPULAR,32,31.0,-1.0,-3.125
026764,FUERZA POPULAR,29,31.0,2.0,6.896551724137931
026773,FUERZA POPULAR,27,27.0,0.0,0.0
026797,FUERZA POPULAR,32,32.0,0.0,0.0
027030,FUERZA POPULAR,39,39.0,0.0,0.0
027042,FUERZA POPULAR,33,37.0,4.0,12.121212121212121
027043,FUERZA POPULAR,51,50.0,-1.0,-1.9607843137254901
027178,FUERZA POPULAR,32,34.0,2.0,6.25
027285,FUERZA POPULAR,24,22.0,-2.0,-8.333333333333332
027465,FUERZA POPULAR,29,33.0,4.0,13.793103448275861
027506,FUERZA POPULAR,38,37.0,-1.0,-2.631578947368421
027514,FUERZA POPULAR,31,31.0,0.0,0.0
027749,FUERZA POPULAR,25,36.0,11.0,44.0
027768,FUERZA POPULAR,29,30.0,1.0,3.4482758620689653
027838,FUERZA POPULAR,28,28.0,0.0,0.0
027850,FUERZA POPULAR,24,25.0,1.0,4.166666666666666
028004,FUERZA POPULAR,23,25.0,2.0,8.695652173913043
028020,FUERZA POPULAR,34,32.0,-2.0,-5.88235294117647
028174,FUERZA POPULAR,32,32.0,0.0,0.0
028547,FUERZA POPULAR,41,42.0,1.0,2.4390243902439024
028554,FUERZA POPULAR,47,49.0,2.0,4.25531914893617
028624,FUERZA POPULAR,51,51.0,0.0,0.0
028653,FUERZA POPULAR,56,57.0,1.0,1.7857142857142856
028683,FUERZA POPULAR,26,26.0,0.0,0.0
028812,FUERZA POPULAR,40,43.0,3.0,7.5
028901,FUERZA POPULAR,40,41.0,1.0,2.5
028943,FUERZA POPULAR,34,32.0,-2.0,-5.88235294117647
028969,FUERZA POPULAR,60,58.0,-2.0,-3.3333333333333335
029039,FUERZA POPULAR,33,33.0,0.0,0.0
029043,FUERZA POPULAR,26,25.0,-1.0,-3.8461538461538463
029136,FUERZA POPULAR,43,43.0,0.0,0.0
029173,FUERZA POPULAR,34,33.0,-1.0,-2.941176470588235
029177,FUERZA POPULAR,26,27.0,1.0,3.8461538461538463
029231,FUERZA POPULAR,32,34.0,2.0,6.25
029309,FUERZA POPULAR,43,44.0,1.0,2.3255813953488373
029338,FUERZA POPULAR,36,38.0,2.0,5.555555555555555
029408,FUERZA POPULAR,45,44.0,-1.0,-2.2222222222222223
029439,FUERZA POPULAR,42,44.0,2.0,4.761904761904762
029855,FUERZA POPULAR,42,41.0,-1.0,-2.380952380952381
030054,FUERZA POPULAR,45,45.0,0.0,0.0
030055,FUERZA POPULAR,37,45.0,8.0,21.62162162162162
030102,FUERZA POPULAR,49,51.0,2.0,4.081632653061225
030148,FUERZA POPULAR,33,35.0,2.0,6.0606060606060606
030239,FUERZA POPULAR,47,48.0,1.0,2.127659574468085
030264,FUERZA POPULAR,46,45.0,-1.0,-2.1739130434782608
030316,FUERZA POPULAR,36,35.0,-1.0,-2.7777777777777777
030317,FUERZA POPULAR,54,54.0,0.0,0.0
030939,FUERZA POPULAR,34,33.0,-1.0,-2.941176470588235
030941,FUERZA POPULAR,33,34.0,1.0,3.0303030303030303
030959,FUERZA POPULAR,33,35.0,2.0,6.0606060606060606
031575,FUERZA POPULAR,44,55.0,11.0,25.0
031642,FUERZA POPULAR,39,39.0,0.0,0.0
031736,FUERZA POPULAR,64,68.0,4.0,6.25
031756,FUERZA POPULAR,55,57.0,2.0,3.6363636363636362
031907,FUERZA POPULAR,65,65.0,0.0,0.0
031936,FUERZA POPULAR,41,41.0,0.0,0.0
031994,FUERZA POPULAR,43,45.0,2.0,4.651162790697675
032070,FUERZA POPULAR,37,40.0,3.0,8.108108108108109
032134,FUERZA POPULAR,31,31.0,0.0,0.0
032303,FUERZA POPULAR,33,32.0,-1.0,-3.0303030303030303
032324,FUERZA POPULAR,34,39.0,5.0,14.705882352941178
032341,FUERZA POPULAR,33,34.0,1.0,3.0303030303030303
032362,FUERZA POPULAR,27,30.0,3.0,11.11111111111111
032363,FUERZA POPULAR,32,36.0,4.0,12.5
032367,FUERZA POPULAR,25,21.0,-4.0,-16.0
032389,FUERZA POPULAR,30,30.0,0.0,0.0
032394,FUERZA POPULAR,30,36.0,6.0,20.0
032411,FUERZA POPULAR,31,32.0,1.0,3.225806451612903
032439,FUERZA POPULAR,30,29.0,-1.0,-3.3333333333333335
032440,FUERZA POPULAR,29,29.0,0.0,0.0
032447,FUERZA POPULAR,33,33.0,0.0,0.0
032482,FUERZA POPULAR,28,30.0,2.0,7.142857142857142
032510,FUERZA POPULAR,26,26.0,0.0,0.0
032574,FUERZA POPULAR,27,27.0,0.0,0.0
032674,FUERZA POPULAR,32,32.0,0.0,0.0
032791,FUERZA POPULAR,24,24.0,0.0,0.0
032851,FUERZA POPULAR,56,56.0,0.0,0.0
033157,FUERZA POPULAR,44,40.0,-4.0,-9.090909090909092
033309,FUERZA POPULAR,30,30.0,0.0,0.0
033428,FUERZA POPULAR,32,33.0,1.0,3.125
033534,FUERZA POPULAR,29,28.0,-1.0,-3.4482758620689653
033548,FUERZA POPULAR,65,0.0,-65.0,-100.0
033629,FUERZA POPULAR,93,89.0,-4.0,-4.301075268817205
033665,FUERZA POPULAR,105,99.0,-6.0,-5.714285714285714
033872,FUERZA POPULAR,45,0.0,-45.0,-100.0
034169,FUERZA POPULAR,59,59.0,0.0,0.0
034213,FUERZA POPULAR,69,68.0,-1.0,-1.4492753623188406
034321,FUERZA POPULAR,79,82.0,3.0,3.79746835443038
034487,FUERZA POPULAR,37,36.0,-1.0,-2.7027027027027026
034569,FUERZA POPULAR,49,43.0,-6.0,-12.244897959183673
034615,FUERZA POPULAR,65,63.0,-2.0,-3.076923076923077
034620,FUERZA POPULAR,55,59.0,4.0,7.2727272727272725
034816,FUERZA POPULAR,50,50.0,0.0,0.0
034823,FUERZA POPULAR,40,46.0,6.0,15.0
034936,FUERZA POPULAR,35,0.0,-35.0,-100.0
034981,FUERZA POPULAR,46,48.0,2.0,4.3478260869565215
035124,FUERZA POPULAR,41,47.0,6.0,14.634146341463413
035489,FUERZA POPULAR,44,0.0,-44.0,-100.0
035834,FUERZA POPULAR,45,45.0,0.0,0.0
035857,FUERZA POPULAR,61,60.0,-1.0,-1.639344262295082
036155,FUERZA POPULAR,45,45.0,0.0,0.0
036156,FUERZA POPULAR,47,47.0,0.0,0.0
036366,FUERZA POPULAR,38,39.0,1.0,2.631578947368421
036510,FUERZA POPULAR,33,34.0,1.0,3.0303030303030303
036518,FUERZA POPULAR,39,36.0,-3.0,-7.6923076923076925
036584,FUERZA POPULAR,60,60.0,0.0,0.0
036803,FUERZA POPULAR,34,46.0,12.0,35.294117647058826
036901,FUERZA POPULAR,23,23.0,0.0,0.0
037008,FUERZA POPULAR,62,52.0,-10.0,-16.129032258064516
037042,FUERZA POPULAR,42,43.0,1.0,2.380952380952381
037065,FUERZA POPULAR,43,43.0,0.0,0.0
037084,FUERZA POPULAR,52,52.0,0.0,0.0
037126,FUERZA POPULAR,38,38.0,0.0,0.0
037298,FUERZA POPULAR,30,30.0,0.0,0.0
037470,FUERZA POPULAR,44,43.0,-1.0,-2.272727272727273
037647,FUERZA POPULAR,37,38.0,1.0,2.7027027027027026
037786,FUERZA POPULAR,39,44.0,5.0,12.82051282051282
038564,FUERZA POPULAR,34,35.0,1.0,2.941176470588235
038740,FUERZA POPULAR,44,46.0,2.0,4.545454545454546
039366,FUERZA POPULAR,40,41.0,1.0,2.5
039495,FUERZA POPULAR,40,42.0,2.0,5.0
039692,FUERZA POPULAR,0,44.0,44.0,
039763,FUERZA POPULAR,24,35.0,11.0,45.83333333333333
039981,FUERZA POPULAR,39,39.0,0.0,0.0
041701,FUERZA POPULAR,41,42.0,1.0,2.4390243902439024
041801,FUERZA POPULAR,46,52.0,6.0,13.043478260869565
041982,FUERZA POPULAR,30,29.0,-1.0,-3.3333333333333335
042799,FUERZA POPULAR,0,43.0,43.0,
042820,FUERZA POPULAR,45,42.0,-3.0,-6.666666666666667
042942,FUERZA POPULAR,44,44.0,0.0,0.0
043041,FUERZA POPULAR,47,47.0,0.0,0.0
043112,FUERZA POPULAR,41,41.0,0.0,0.0
044405,FUERZA POPULAR,15,17.0,2.0,13.333333333333334
044511,FUERZA POPULAR,28,44.0,16.0,57.14285714285714
044549,FUERZA POPULAR,40,41.0,1.0,2.5
044560,FUERZA POPULAR,35,36.0,1.0,2.857142857142857
044573,FUERZA POPULAR,47,48.0,1.0,2.127659574468085
044616,FUERZA POPULAR,49,49.0,0.0,0.0
044645,FUERZA POPULAR,24,25.0,1.0,4.166666666666666
044663,FUERZA POPULAR,46,57.0,11.0,23.91304347826087
044716,FUERZA POPULAR,58,58.0,0.0,0.0
044936,FUERZA POPULAR,24,24.0,0.0,0.0
045210,FUERZA POPULAR,17,18.0,1.0,5.88235294117647
045386,FUERZA POPULAR,23,23.0,0.0,0.0
045414,FUERZA POPULAR,27,27.0,0.0,0.0
045571,FUERZA POPULAR,35,29.0,-6.0,-17.142857142857142
045578,FUERZA POPULAR,26,28.0,2.0,7.6923076923076925
045641,FUERZA POPULAR,42,44.0,2.0,4.761904761904762
045672,FUERZA POPULAR,0,33.0,33.0,
045739,FUERZA POPULAR,29,29.0,0.0,0.0
046051,FUERZA POPULAR,27,0.0,-27.0,-100.0
046347,FUERZA POPULAR,59,59.0,0.0,0.0
046865,FUERZA POPULAR,40,35.0,-5.0,-12.5
046976,FUERZA POPULAR,31,31.0,0.0,0.0
047093,FUERZA POPULAR,8,37.0,29.0,362.5
047096,FUERZA POPULAR,39,40.0,1.0,2.564102564102564
047181,FUERZA POPULAR,43,36.0,-7.0,-16.27906976744186
047193,FUERZA POPULAR,52,53.0,1.0,1.9230769230769231
047202,FUERZA POPULAR,35,32.0,-3.0,-8.571428571428571
047613,FUERZA POPULAR,26,31.0,5.0,19.230769230769234
047619,FUERZA POPULAR,48,47.0,-1.0,-2.083333333333333
047635,FUERZA POPULAR,0,47.0,47.0,
047667,FUERZA POPULAR,44,43.0,-1.0,-2.272727272727273
048188,FUERZA POPULAR,37,40.0,3.0,8.108108108108109
048448,FUERZA POPULAR,47,47.0,0.0,0.0
048726,FUERZA POPULAR,44,44.0,0.0,0.0
048780,FUERZA POPULAR,54,54.0,0.0,0.0
048879,FUERZA POPULAR,14,15.0,1.0,7.142857142857142
049140,FUERZA POPULAR,41,41.0,0.0,0.0
049300,FUERZA POPULAR,38,38.0,0.0,0.0
049377,FUERZA POPULAR,27,27.0,0.0,0.0
049479,FUERZA POPULAR,42,42.0,0.0,0.0
049506,FUERZA POPULAR,32,31.0,-1.0,-3.125
050078,FUERZA POPULAR,30,30.0,0.0,0.0
050314,FUERZA POPULAR,32,36.0,4.0,12.5
050519,FUERZA POPULAR,33,33.0,0.0,0.0
050554,FUERZA POPULAR,29,30.0,1.0,3.4482758620689653
050623,FUERZA POPULAR,26,30.0,4.0,15.384615384615385
050624,FUERZA POPULAR,20,20.0,0.0,0.0
050634,FUERZA POPULAR,25,27.0,2.0,8.0
050645,FUERZA POPULAR,32,31.0,-1.0,-3.125
050827,FUERZA POPULAR,17,17.0,0.0,0.0
050981,FUERZA POPULAR,22,23.0,1.0,4.545454545454546
051071,FUERZA POPULAR,0,39.0,39.0,
051429,FUERZA POPULAR,29,42.0,13.0,44.827586206896555
051478,FUERZA POPULAR,24,23.0,-1.0,-4.166666666666666
051624,FUERZA POPULAR,18,18.0,0.0,0.0
051653,FUERZA POPULAR,18,20.0,2.0,11.11111111111111
052073,FUERZA POPULAR,23,22.0,-1.0,-4.3478260869565215
052283,FUERZA POPULAR,52,54.0,2.0,3.8461538461538463
052319,FUERZA POPULAR,41,41.0,0.0,0.0
052337,FUERZA POPULAR,47,46.0,-1.0,-2.127659574468085
052395,FUERZA POPULAR,31,35.0,4.0,12.903225806451612
052539,FUERZA POPULAR,41,42.0,1.0,2.4390243902439024
052653,FUERZA POPULAR,36,36.0,0.0,0.0
052803,FUERZA POPULAR,26,26.0,0.0,0.0
053114,FUERZA POPULAR,54,56.0,2.0,3.7037037037037033
053186,FUERZA POPULAR,44,46.0,2.0,4.545454545454546
053193,FUERZA POPULAR,62,60.0,-2.0,-3.225806451612903
054299,FUERZA POPULAR,42,44.0,2.0,4.761904761904762
054339,FUERZA POPULAR,56,61.0,5.0,8.928571428571429
054429,FUERZA POPULAR,36,39.0,3.0,8.333333333333332
054936,FUERZA POPULAR,40,40.0,0.0,0.0
054943,FUERZA POPULAR,37,37.0,0.0,0.0
055006,FUERZA POPULAR,52,53.0,1.0,1.9230769230769231
055193,FUERZA POPULAR,50,51.0,1.0,2.0
055247,FUERZA POPULAR,32,32.0,0.0,0.0
055253,FUERZA POPULAR,47,48.0,1.0,2.127659574468085
055258,FUERZA POPULAR,48,48.0,0.0,0.0
055271,FUERZA POPULAR,36,37.0,1.0,2.7777777777777777
055393,FUERZA POPULAR,21,20.0,-1.0,-4.761904761904762
055501,FUERZA POPULAR,39,39.0,0.0,0.0
055534,FUERZA POPULAR,32,32.0,0.0,0.0
055635,FUERZA POPULAR,37,39.0,2.0,5.405405405405405
055637,FUERZA POPULAR,33,32.0,-1.0,-3.0303030303030303
055757,FUERZA POPULAR,38,36.0,-2.0,-5.263157894736842
055772,FUERZA POPULAR,29,30.0,1.0,3.4482758620689653
055808,FUERZA POPULAR,34,33.0,-1.0,-2.941176470588235
055885,FUERZA POPULAR,33,32.0,-1.0,-3.0303030303030303
055973,FUERZA POPULAR,58,58.0,0.0,0.0
056391,FUERZA POPULAR,53,55.0,2.0,3.7735849056603774
056557,FUERZA POPULAR,52,53.0,1.0,1.9230769230769231
056680,FUERZA POPULAR,44,44.0,0.0,0.0
057012,FUERZA POPULAR,38,38.0,0.0,0.0
057201,FUERZA POPULAR,1,42.0,41.0,4100.0
057502,FUERZA POPULAR,38,38.0,0.0,0.0
057575,FUERZA POPULAR,51,52.0,1.0,1.9607843137254901
057618,FUERZA POPULAR,40,40.0,0.0,0.0
057717,FUERZA POPULAR,41,41.0,0.0,0.0
057746,FUERZA POPULAR,39,43.0,4.0,10.256410256410255
057747,FUERZA POPULAR,41,41.0,0.0,0.0
057852,FUERZA POPULAR,42,42.0,0.0,0.0
057941,FUERZA POPULAR,36,36.0,0.0,0.0
057951,FUERZA POPULAR,44,46.0,2.0,4.545454545454546
057981,FUERZA POPULAR,36,35.0,-1.0,-2.7777777777777777
058273,FUERZA POPULAR,29,29.0,0.0,0.0
058299,FUERZA POPULAR,24,25.0,1.0,4.166666666666666
058346,FUERZA POPULAR,33,32.0,-1.0,-3.0303030303030303
058359,FUERZA POPULAR,33,33.0,0.0,0.0
058469,FUERZA POPULAR,20,27.0,7.0,35.0
058470,FUERZA POPULAR,27,26.0,-1.0,-3.7037037037037033
058916,FUERZA POPULAR,42,44.0,2.0,4.761904761904762
058917,FUERZA POPULAR,39,41.0,2.0,5.128205128205128
058938,FUERZA POPULAR,37,39.0,2.0,5.405405405405405
058941,FUERZA POPULAR,42,41.0,-1.0,-2.380952380952381
058968,FUERZA POPULAR,32,32.0,0.0,0.0
059452,FUERZA POPULAR,37,41.0,4.0,10.81081081081081
059468,FUERZA POPULAR,48,50.0,2.0,4.166666666666666
059472,FUERZA POPULAR,58,58.0,0.0,0.0
059585,FUERZA POPULAR,36,36.0,0.0,0.0
059605,FUERZA POPULAR,36,57.0,21.0,58.333333333333336
059633,FUERZA POPULAR,44,40.0,-4.0,-9.090909090909092
059671,FUERZA POPULAR,48,57.0,9.0,18.75
059736,FUERZA POPULAR,32,35.0,3.0,9.375
059803,FUERZA POPULAR,45,26.0,-19.0,-42.22222222222222
059821,FUERZA POPULAR,45,47.0,2.0,4.444444444444445
059841,FUERZA POPULAR,53,54.0,1.0,1.8867924528301887
059951,FUERZA POPULAR,50,56.0,6.0,12.0
059973,FUERZA POPULAR,40,0.0,-40.0,-100.0
059981,FUERZA POPULAR,63,63.0,0.0,0.0
059983,FUERZA POPULAR,51,50.0,-1.0,-1.9607843137254901
059999,FUERZA POPULAR,62,64.0,2.0,3.225806451612903
060046,FUERZA POPULAR,44,0.0,-44.0,-100.0
060049,FUERZA POPULAR,42,0.0,-42.0,-100.0
060055,FUERZA POPULAR,40,0.0,-40.0,-100.0
060105,FUERZA POPULAR,41,41.0,0.0,0.0
060208,FUERZA POPULAR,54,0.0,-54.0,-100.0
060244,FUERZA POPULAR,60,60.0,0.0,0.0
060383,FUERZA POPULAR,55,55.0,0.0,0.0
060471,FUERZA POPULAR,55,43.0,-12.0,-21.818181818181817
060498,FUERZA POPULAR,60,50.0,-10.0,-16.666666666666664
060499,FUERZA POPULAR,48,0.0,-48.0,-100.0
060518,FUERZA POPULAR,44,45.0,1.0,2.272727272727273
060528,FUERZA POPULAR,54,54.0,0.0,0.0
060565,FUERZA POPULAR,43,44.0,1.0,2.3255813953488373
060570,FUERZA POPULAR,29,29.0,0.0,0.0
060753,FUERZA POPULAR,46,52.0,6.0,13.043478260869565
060807,FUERZA POPULAR,34,46.0,12.0,35.294117647058826
061124,FUERZA POPULAR,0,48.0,48.0,
061482,FUERZA POPULAR,34,35.0,1.0,2.941176470588235
061653,FUERZA POPULAR,0,34.0,34.0,
061802,FUERZA POPULAR,46,48.0,2.0,4.3478260869565215
062060,FUERZA POPULAR,43,43.0,0.0,0.0
062081,FUERZA POPULAR,36,40.0,4.0,11.11111111111111
062217,FUERZA POPULAR,34,38.0,4.0,11.76470588235294
062259,FUERZA POPULAR,50,50.0,0.0,0.0
062333,FUERZA POPULAR,44,46.0,2.0,4.545454545454546
062348,FUERZA POPULAR,23,23.0,0.0,0.0
062353,FUERZA POPULAR,43,44.0,1.0,2.3255813953488373
062360,FUERZA POPULAR,43,43.0,0.0,0.0
062490,FUERZA POPULAR,29,30.0,1.0,3.4482758620689653
062532,FUERZA POPULAR,55,55.0,0.0,0.0
062533,FUERZA POPULAR,60,60.0,0.0,0.0
062555,FUERZA POPULAR,55,55.0,0.0,0.0
062581,FUERZA POPULAR,49,49.0,0.0,0.0
062694,FUERZA POPULAR,51,51.0,0.0,0.0
062702,FUERZA POPULAR,62,57.0,-5.0,-8.064516129032258
062709,FUERZA POPULAR,68,67.0,-1.0,-1.4705882352941175
062719,FUERZA POPULAR,75,72.0,-3.0,-4.0
063053,FUERZA POPULAR,36,39.0,3.0,8.333333333333332
063397,FUERZA POPULAR,36,39.0,3.0,8.333333333333332
063521,FUERZA POPULAR,35,36.0,1.0,2.857142857142857
063604,FUERZA POPULAR,38,38.0,0.0,0.0
063677,FUERZA POPULAR,22,27.0,5.0,22.727272727272727
063679,FUERZA POPULAR,25,25.0,0.0,0.0
063862,FUERZA POPULAR,42,40.0,-2.0,-4.761904761904762
063981,FUERZA POPULAR,59,72.0,13.0,22.033898305084744
064379,FUERZA POPULAR,25,26.0,1.0,4.0
064593,FUERZA POPULAR,54,55.0,1.0,1.8518518518518516
064963,FUERZA POPULAR,58,58.0,0.0,0.0
065113,FUERZA POPULAR,30,30.0,0.0,0.0
065209,FUERZA POPULAR,38,25.0,-13.0,-34.21052631578947
065412,FUERZA POPULAR,34,36.0,2.0,5.88235294117647
065459,FUERZA POPULAR,32,31.0,-1.0,-3.125
065468,FUERZA POPULAR,30,9.0,-21.0,-70.0
065469,FUERZA POPULAR,20,20.0,0.0,0.0
065512,FUERZA POPULAR,18,17.0,-1.0,-5.555555555555555
065585,FUERZA POPULAR,49,50.0,1.0,2.0408163265306123
065594,FUERZA POPULAR,55,59.0,4.0,7.2727272727272725
065891,FUERZA POPULAR,62,62.0,0.0,0.0
065939,FUERZA POPULAR,64,35.0,-29.0,-45.3125
065958,FUERZA POPULAR,55,55.0,0.0,0.0
066009,FUERZA POPULAR,68,69.0,1.0,1.4705882352941175
066012,FUERZA POPULAR,43,43.0,0.0,0.0
066111,FUERZA POPULAR,41,43.0,2.0,4.878048780487805
066135,FUERZA POPULAR,50,0.0,-50.0,-100.0
066214,FUERZA POPULAR,60,57.0,-3.0,-5.0
066228,FUERZA POPULAR,42,42.0,0.0,0.0
066236,FUERZA POPULAR,30,30.0,0.0,0.0
066304,FUERZA POPULAR,27,27.0,0.0,0.0
066557,FUERZA POPULAR,9,9.0,0.0,0.0
066583,FUERZA POPULAR,21,22.0,1.0,4.761904761904762
066692,FUERZA POPULAR,42,46.0,4.0,9.523809523809524
066993,FUERZA POPULAR,26,26.0,0.0,0.0
067076,FUERZA POPULAR,60,63.0,3.0,5.0
067184,FUERZA POPULAR,14,14.0,0.0,0.0
067237,FUERZA POPULAR,30,19.0,-11.0,-36.666666666666664
067255,FUERZA POPULAR,10,10.0,0.0,0.0
067408,FUERZA POPULAR,36,35.0,-1.0,-2.7777777777777777
067415,FUERZA POPULAR,15,31.0,16.0,106.66666666666667
067465,FUERZA POPULAR,30,29.0,-1.0,-3.3333333333333335
067669,FUERZA POPULAR,6,6.0,0.0,0.0
067885,FUERZA POPULAR,6,7.0,1.0,16.666666666666664
067998,FUERZA POPULAR,3,3.0,0.0,0.0
068309,FUERZA POPULAR,17,17.0,0.0,0.0
068582,FUERZA POPULAR,20,20.0,0.0,0.0
068689,FUERZA POPULAR,21,21.0,0.0,0.0
068898,FUERZA POPULAR,67,64.0,-3.0,-4.477611940298507
069109,FUERZA POPULAR,66,67.0,1.0,1.5151515151515151
069241,FUERZA POPULAR,42,44.0,2.0,4.761904761904762
069256,FUERZA POPULAR,28,32.0,4.0,14.285714285714285
069274,FUERZA POPULAR,38,38.0,0.0,0.0
069441,FUERZA POPULAR,35,37.0,2.0,5.714285714285714
069633,FUERZA POPULAR,26,26.0,0.0,0.0
069701,FUERZA POPULAR,49,,,
069764,FUERZA POPULAR,50,48.0,-2.0,-4.0
069809,FUERZA POPULAR,39,40.0,1.0,2.564102564102564
069839,FUERZA POPULAR,48,46.0,-2.0,-4.166666666666666
069992,FUERZA POPULAR,48,47.0,-1.0,-2.083333333333333
070083,FUERZA POPULAR,42,44.0,2.0,4.761904761904762
070084,FUERZA POPULAR,49,50.0,1.0,2.0408163265306123
070106,FUERZA POPULAR,52,54.0,2.0,3.8461538461538463
070357,FUERZA POPULAR,43,45.0,2.0,4.651162790697675
070523,FUERZA POPULAR,71,72.0,1.0,1.4084507042253522
070604,FUERZA POPULAR,63,65.0,2.0,3.1746031746031744
070630,FUERZA POPULAR,44,64.0,20.0,45.45454545454545
070647,FUERZA POPULAR,58,75.0,17.0,29.310344827586203
070659,FUERZA POPULAR,0,68.0,68.0,
070685,FUERZA POPULAR,57,57.0,0.0,0.0
070737,FUERZA POPULAR,52,54.0,2.0,3.8461538461538463
070739,FUERZA POPULAR,67,75.0,8.0,11.940298507462686
070741,FUERZA POPULAR,69,69.0,0.0,0.0
070944,FUERZA POPULAR,40,41.0,1.0,2.5
071006,FUERZA POPULAR,49,49.0,0.0,0.0
071009,FUERZA POPULAR,45,45.0,0.0,0.0
071030,FUERZA POPULAR,60,60.0,0.0,0.0
071040,FUERZA POPULAR,57,57.0,0.0,0.0
071083,FUERZA POPULAR,53,54.0,1.0,1.8867924528301887
071237,FUERZA POPULAR,60,61.0,1.0,1.6666666666666667
071264,FUERZA POPULAR,2,10.0,8.0,400.0
071274,FUERZA POPULAR,4,3.0,-1.0,-25.0
071281,FUERZA POPULAR,14,16.0,2.0,14.285714285714285
071283,FUERZA POPULAR,14,15.0,1.0,7.142857142857142
071349,FUERZA POPULAR,11,12.0,1.0,9.090909090909092
071364,FUERZA POPULAR,18,17.0,-1.0,-5.555555555555555
071399,FUERZA POPULAR,0,1.0,1.0,
071410,FUERZA POPULAR,0,19.0,19.0,
071431,FUERZA POPULAR,4,5.0,1.0,25.0
071444,FUERZA POPULAR,4,4.0,0.0,0.0
071460,FUERZA POPULAR,11,11.0,0.0,0.0
071559,FUERZA POPULAR,31,,,
071605,FUERZA POPULAR,20,21.0,1.0,5.0
071682,FUERZA POPULAR,29,28.0,-1.0,-3.4482758620689653
071683,FUERZA POPULAR,30,32.0,2.0,6.666666666666667
071722,FUERZA POPULAR,6,6.0,0.0,0.0
071846,FUERZA POPULAR,56,59.0,3.0,5.357142857142857
071869,FUERZA POPULAR,34,76.0,42.0,123.52941176470588
072144,FUERZA POPULAR,59,65.0,6.0,10.16949152542373
072186,FUERZA POPULAR,26,29.0,3.0,11.538461538461538
072194,FUERZA POPULAR,10,10.0,0.0,0.0
072323,FUERZA POPULAR,59,61.0,2.0,3.389830508474576
072399,FUERZA POPULAR,65,67.0,2.0,3.076923076923077
072427,FUERZA POPULAR,37,37.0,0.0,0.0
072491,FUERZA POPULAR,52,51.0,-1.0,-1.9230769230769231
072496,FUERZA POPULAR,39,44.0,5.0,12.82051282051282
072535,FUERZA POPULAR,37,36.0,-1.0,-2.7027027027027026
072691,FUERZA POPULAR,63,64.0,1.0,1.5873015873015872
072723,FUERZA POPULAR,57,60.0,3.0,5.263157894736842
072756,FUERZA POPULAR,64,58.0,-6.0,-9.375
072784,FUERZA POPULAR,84,83.0,-1.0,-1.1904761904761905
072879,FUERZA POPULAR,53,57.0,4.0,7.547169811320755
072918,FUERZA POPULAR,67,59.0,-8.0,-11.940298507462686
073010,FUERZA POPULAR,67,71.0,4.0,5.970149253731343
073099,FUERZA POPULAR,83,97.0,14.0,16.867469879518072
073140,FUERZA POPULAR,90,,,
073189,FUERZA POPULAR,72,77.0,5.0,6.944444444444445
073271,FUERZA POPULAR,59,62.0,3.0,5.084745762711865
073325,FUERZA POPULAR,71,,,
073409,FUERZA POPULAR,1,,,
073721,FUERZA POPULAR,34,,,
073754,FUERZA POPULAR,29,,,
073763,FUERZA POPULAR,23,,,
073788,FUERZA POPULAR,37,,,
073849,FUERZA POPULAR,102,,,
073853,FUERZA POPULAR,92,,,
073890,FUERZA POPULAR,33,31.0,-2.0,-6.0606060606060606
073943,FUERZA POPULAR,44,42.0,-2.0,-4.545454545454546
073973,FUERZA POPULAR,50,36.0,-14.0,-28.000000000000004
074358,FUERZA POPULAR,6,8.0,2.0,33.33333333333333
074551,FUERZA POPULAR,8,8.0,0.0,0.0
074619,FUERZA POPULAR,13,12.0,-1.0,-7.6923076923076925
074724,FUERZA POPULAR,4,5.0,1.0,25.0
074730,FUERZA POPULAR,6,6.0,0.0,0.0
075047,FUERZA POPULAR,10,10.0,0.0,0.0
075153,FUERZA POPULAR,4,4.0,0.0,0.0
075709,FUERZA POPULAR,7,7.0,0.0,0.0
076196,FUERZA POPULAR,5,5.0,0.0,0.0
076330,FUERZA POPULAR,11,10.0,-1.0,-9.090909090909092
076541,FUERZA POPULAR,12,12.0,0.0,0.0
076949,FUERZA POPULAR,5,5.0,0.0,0.0
077700,FUERZA POPULAR,25,25.0,0.0,0.0
077933,FUERZA POPULAR,25,25.0,0.0,0.0
077946,FUERZA POPULAR,31,31.0,0.0,0.0
077950,FUERZA POPULAR,33,32.0,-1.0,-3.0303030303030303
078174,FUERZA POPULAR,53,53.0,0.0,0.0
078218,FUERZA POPULAR,32,33.0,1.0,3.125
078388,FUERZA POPULAR,55,60.0,5.0,9.090909090909092
078630,FUERZA POPULAR,29,29.0,0.0,0.0
078652,FUERZA POPULAR,16,17.0,1.0,6.25
078692,FUERZA POPULAR,36,51.0,15.0,41.66666666666667
079028,FUERZA POPULAR,29,31.0,2.0,6.896551724137931
079110,FUERZA POPULAR,24,25.0,1.0,4.166666666666666
079159,FUERZA POPULAR,44,43.0,-1.0,-2.272727272727273
079412,FUERZA POPULAR,67,65.0,-2.0,-2.9850746268656714
079465,FUERZA POPULAR,12,15.0,3.0,25.0
079644,FUERZA POPULAR,19,19.0,0.0,0.0
079852,FUERZA POPULAR,18,17.0,-1.0,-5.555555555555555
079934,FUERZA POPULAR,12,15.0,3.0,25.0
079940,FUERZA POPULAR,19,19.0,0.0,0.0
080092,FUERZA POPULAR,20,20.0,0.0,0.0
080116,FUERZA POPULAR,13,13.0,0.0,0.0
080224,FUERZA POPULAR,9,9.0,0.0,0.0
080228,FUERZA POPULAR,16,18.0,2.0,12.5
080272,FUERZA POPULAR,15,15.0,0.0,0.0
080427,FUERZA POPULAR,9,9.0,0.0,0.0
080449,FUERZA POPULAR,9,9.0,0.0,0.0
080594,FUERZA POPULAR,32,35.0,3.0,9.375
080595,FUERZA POPULAR,57,55.0,-2.0,-3.508771929824561
080609,FUERZA POPULAR,49,44.0,-5.0,-10.204081632653061
080649,FUERZA POPULAR,53,48.0,-5.0,-9.433962264150944
080720,FUERZA POPULAR,51,49.0,-2.0,-3.9215686274509802
080794,FUERZA POPULAR,53,49.0,-4.0,-7.547169811320755
080829,FUERZA POPULAR,56,57.0,1.0,1.7857142857142856
080832,FUERZA POPULAR,3,51.0,48.0,1600.0
080847,FUERZA POPULAR,51,52.0,1.0,1.9607843137254901
080963,FUERZA POPULAR,75,70.0,-5.0,-6.666666666666667
081051,FUERZA POPULAR,105,104.0,-1.0,-0.9523809523809524
081053,FUERZA POPULAR,112,112.0,0.0,0.0
081162,FUERZA POPULAR,33,35.0,2.0,6.0606060606060606
081175,FUERZA POPULAR,47,48.0,1.0,2.127659574468085
081192,FUERZA POPULAR,57,59.0,2.0,3.508771929824561
081212,FUERZA POPULAR,57,57.0,0.0,0.0
081240,FUERZA POPULAR,31,33.0,2.0,6.451612903225806
081571,FUERZA POPULAR,48,47.0,-1.0,-2.083333333333333
081590,FUERZA POPULAR,46,48.0,2.0,4.3478260869565215
081989,FUERZA POPULAR,51,53.0,2.0,3.9215686274509802
082585,FUERZA POPULAR,34,35.0,1.0,2.941176470588235
082766,FUERZA POPULAR,35,35.0,0.0,0.0
082767,FUERZA POPULAR,53,52.0,-1.0,-1.8867924528301887
083060,FUERZA POPULAR,61,63.0,2.0,3.278688524590164
083091,FUERZA POPULAR,45,58.0,13.0,28.888888888888886
083188,FUERZA POPULAR,34,37.0,3.0,8.823529411764707
083205,FUERZA POPULAR,44,45.0,1.0,2.272727272727273
083582,FUERZA POPULAR,51,53.0,2.0,3.9215686274509802
084045,FUERZA POPULAR,51,48.0,-3.0,-5.88235294117647
084047,FUERZA POPULAR,48,49.0,1.0,2.083333333333333
084083,FUERZA POPULAR,5,63.0,58.0,1160.0
084162,FUERZA POPULAR,59,56.0,-3.0,-5.084745762711865
084163,FUERZA POPULAR,43,41.0,-2.0,-4.651162790697675
084209,FUERZA POPULAR,67,70.0,3.0,4.477611940298507
084318,FUERZA POPULAR,65,65.0,0.0,0.0
084319,FUERZA POPULAR,63,64.0,1.0,1.5873015873015872
084345,FUERZA POPULAR,63,65.0,2.0,3.1746031746031744
084394,FUERZA POPULAR,61,57.0,-4.0,-6.557377049180328
084426,FUERZA POPULAR,46,51.0,5.0,10.869565217391305
084457,FUERZA POPULAR,53,,,
084480,FUERZA POPULAR,46,46.0,0.0,0.0
084515,FUERZA POPULAR,55,58.0,3.0,5.454545454545454
084564,FUERZA POPULAR,52,52.0,0.0,0.0
084656,FUERZA POPULAR,51,52.0,1.0,1.9607843137254901
084760,FUERZA POPULAR,64,63.0,-1.0,-1.5625
084834,FUERZA POPULAR,50,51.0,1.0,2.0
084992,FUERZA POPULAR,57,57.0,0.0,0.0
085031,FUERZA POPULAR,84,81.0,-3.0,-3.571428571428571
085056,FUERZA POPULAR,45,46.0,1.0,2.2222222222222223
085081,FUERZA POPULAR,49,55.0,6.0,12.244897959183673
085084,FUERZA POPULAR,62,62.0,0.0,0.0
085138,FUERZA POPULAR,52,,,
085181,FUERZA POPULAR,36,36.0,0.0,0.0
085298,FUERZA POPULAR,41,41.0,0.0,0.0
085336,FUERZA POPULAR,30,30.0,0.0,0.0
085355,FUERZA POPULAR,18,24.0,6.0,33.33333333333333
085368,FUERZA POPULAR,13,13.0,0.0,0.0
085390,FUERZA POPULAR,40,,,
085434,FUERZA POPULAR,47,,,
085535,FUERZA POPULAR,0,28.0,28.0,
085787,FUERZA POPULAR,27,26.0,-1.0,-3.7037037037037033
085821,FUERZA POPULAR,7,7.0,0.0,0.0
085822,FUERZA POPULAR,4,4.0,0.0,0.0
085823,FUERZA POPULAR,24,6.0,-18.0,-75.0
085905,FUERZA POPULAR,21,14.0,-7.0,-33.33333333333333
085990,FUERZA POPULAR,2,2.0,0.0,0.0
086010,FUERZA POPULAR,40,43.0,3.0,7.5
086025,FUERZA POPULAR,0,23.0,23.0,
086032,FUERZA POPULAR,0,35.0,35.0,
086034,FUERZA POPULAR,0,0.0,0.0,
086049,FUERZA POPULAR,0,34.0,34.0,
086058,FUERZA POPULAR,0,35.0,35.0,
086064,FUERZA POPULAR,0,0.0,0.0,
086084,FUERZA POPULAR,0,27.0,27.0,
086123,FUERZA POPULAR,0,32.0,32.0,
086195,FUERZA POPULAR,0,36.0,36.0,
086208,FUERZA POPULAR,42,42.0,0.0,0.0
086512,FUERZA POPULAR,0,18.0,18.0,
086629,FUERZA POPULAR,19,20.0,1.0,5.263157894736842
086671,FUERZA POPULAR,14,7.0,-7.0,-50.0
086687,FUERZA POPULAR,0,10.0,10.0,
086697,FUERZA POPULAR,13,13.0,0.0,0.0
086710,FUERZA POPULAR,9,9.0,0.0,0.0
086719,FUERZA POPULAR,12,12.0,0.0,0.0
086767,FUERZA POPULAR,0,11.0,11.0,
086769,FUERZA POPULAR,0,15.0,15.0,
086772,FUERZA POPULAR,0,11.0,11.0,
086780,FUERZA POPULAR,0,11.0,11.0,
086782,FUERZA POPULAR,0,13.0,13.0,
086783,FUERZA POPULAR,0,19.0,19.0,
086785,FUERZA POPULAR,0,9.0,9.0,
086789,FUERZA POPULAR,0,14.0,14.0,
086797,FUERZA POPULAR,0,17.0,17.0,
086813,FUERZA POPULAR,0,15.0,15.0,
086824,FUERZA POPULAR,0,22.0,22.0,
086826,FUERZA POPULAR,0,12.0,12.0,
086828,FUERZA POPULAR,0,13.0,13.0,
086959,FUERZA POPULAR,25,26.0,1.0,4.0
087023,FUERZA POPULAR,6,6.0,0.0,0.0
087053,FUERZA POPULAR,34,35.0,1.0,2.941176470588235
087096,FUERZA POPULAR,20,21.0,1.0,5.0
087289,FUERZA POPULAR,0,25.0,25.0,
087363,FUERZA POPULAR,22,21.0,-1.0,-4.545454545454546
087388,FUERZA POPULAR,19,30.0,11.0,57.89473684210527
087398,FUERZA POPULAR,0,17.0,17.0,
087403,FUERZA POPULAR,0,18.0,18.0,
087456,FUERZA POPULAR,34,35.0,1.0,2.941176470588235
087500,FUERZA POPULAR,31,31.0,0.0,0.0
087625,FUERZA POPULAR,18,16.0,-2.0,-11.11111111111111
087639,FUERZA POPULAR,18,19.0,1.0,5.555555555555555
087676,FUERZA POPULAR,24,11.0,-13.0,-54.166666666666664
087677,FUERZA POPULAR,16,15.0,-1.0,-6.25
087678,FUERZA POPULAR,23,23.0,0.0,0.0
087680,FUERZA POPULAR,19,19.0,0.0,0.0
087681,FUERZA POPULAR,12,25.0,13.0,108.33333333333333
087682,FUERZA POPULAR,16,15.0,-1.0,-6.25
087683,FUERZA POPULAR,21,22.0,1.0,4.761904761904762
087684,FUERZA POPULAR,19,17.0,-2.0,-10.526315789473683
087685,FUERZA POPULAR,13,13.0,0.0,0.0
087976,FUERZA POPULAR,0,17.0,17.0,
088055,FUERZA POPULAR,0,14.0,14.0,
088056,FUERZA POPULAR,14,10.0,-4.0,-28.57142857142857
088057,FUERZA POPULAR,0,10.0,10.0,
088058,FUERZA POPULAR,0,7.0,7.0,
088059,FUERZA POPULAR,0,7.0,7.0,
900093,FUERZA POPULAR,1,1.0,0.0,0.0
900110,FUERZA POPULAR,23,21.0,-2.0,-8.695652173913043
900147,FUERZA POPULAR,27,30.0,3.0,11.11111111111111
900375,FUERZA POPULAR,5,5.0,0.0,0.0
900409,FUERZA POPULAR,0,0.0,0.0,
900547,FUERZA POPULAR,1,2.0,1.0,100.0
900549,FUERZA POPULAR,13,15.0,2.0,15.384615384615385
901184,FUERZA POPULAR,28,29.0,1.0,3.571428571428571
901250,FUERZA POPULAR,22,24.0,2.0,9.090909090909092
901297,FUERZA POPULAR,1,1.0,0.0,0.0
901357,FUERZA POPULAR,4,4.0,0.0,0.0
901510,FUERZA POPULAR,23,23.0,0.0,0.0
901830,FUERZA POPULAR,9,9.0,0.0,0.0
901884,FUERZA POPULAR,7,7.0,0.0,0.0
901921,FUERZA POPULAR,3,3.0,0.0,0.0
902117,FUERZA POPULAR,4,5.0,1.0,25.0
902457,FUERZA POPULAR,11,12.0,1.0,9.090909090909092
902524,FUERZA POPULAR,67,76.0,9.0,13.432835820895523
902541,FUERZA POPULAR,9,9.0,0.0,0.0
902583,FUERZA POPULAR,42,42.0,0.0,0.0
902686,FUERZA POPULAR,30,28.0,-2.0,-6.666666666666667
902708,FUERZA POPULAR,5,6.0,1.0,20.0
902725,FUERZA POPULAR,25,26.0,1.0,4.0
902748,FUERZA POPULAR,52,55.0,3.0,5.769230769230769
902760,FUERZA POPULAR,56,61.0,5.0,8.928571428571429
902911,FUERZA POPULAR,19,19.0,0.0,0.0
902929,FUERZA POPULAR,25,28.0,3.0,12.0
903132,FUERZA POPULAR,42,43.0,1.0,2.380952380952381
903331,FUERZA POPULAR,33,37.0,4.0,12.121212121212121
903358,FUERZA POPULAR,2,2.0,0.0,0.0
903434,FUERZA POPULAR,0,0.0,0.0,
903457,FUERZA POPULAR,35,33.0,-2.0,-5.714285714285714
903486,FUERZA POPULAR,28,27.0,-1.0,-3.571428571428571
903740,FUERZA POPULAR,60,66.0,6.0,10.0
903788,FUERZA POPULAR,84,85.0,1.0,1.1904761904761905
904006,FUERZA POPULAR,16,15.0,-1.0,-6.25
904017,FUERZA POPULAR,19,,,
904033,FUERZA POPULAR,14,14.0,0.0,0.0
904447,FUERZA POPULAR,14,14.0,0.0,0.0
904631,FUERZA POPULAR,24,0.0,-24.0,-100.0
004384,FUERZA POPULAR,24,24.0,0.0,0.0
037542,FUERZA POPULAR,38,38.0,0.0,0.0
044282,FUERZA POPULAR,26,30.0,4.0,15.384615384615385
049019,FUERZA POPULAR,33,34.0,1.0,3.0303030303030303
049357,FUERZA POPULAR,34,34.0,0.0,0.0
058979,FUERZA POPULAR,35,36.0,1.0,2.857142857142857
069466,FUERZA POPULAR,60,60.0,0.0,0.0
086060,FUERZA POPULAR,0,38.0,38.0,
086614,FUERZA POPULAR,0,12.0,12.0,
903206,FUERZA POPULAR,30,38.0,8.0,26.666666666666668
903209,FUERZA POPULAR,38,39.0,1.0,2.631578947368421
903214,FUERZA POPULAR,0,42.0,42.0,
000034,JUNTOS POR EL PERÚ,11,15.0,4.0,36.36363636363637
000123,JUNTOS POR EL PERÚ,44,45.0,1.0,2.272727272727273
000356,JUNTOS POR EL PERÚ,43,41.0,-2.0,-4.651162790697675
000758,JUNTOS POR EL PERÚ,68,67.0,-1.0,-1.4705882352941175
000812,JUNTOS POR EL PERÚ,54,56.0,2.0,3.7037037037037033
000962,JUNTOS POR EL PERÚ,54,53.0,-1.0,-1.8518518518518516
000990,JUNTOS POR EL PERÚ,84,80.0,-4.0,-4.761904761904762
001015,JUNTOS POR EL PERÚ,51,52.0,1.0,1.9607843137254901
001046,JUNTOS POR EL PERÚ,14,15.0,1.0,7.142857142857142
001386,JUNTOS POR EL PERÚ,45,45.0,0.0,0.0
001560,JUNTOS POR EL PERÚ,36,39.0,3.0,8.333333333333332
001675,JUNTOS POR EL PERÚ,12,12.0,0.0,0.0
001763,JUNTOS POR EL PERÚ,10,10.0,0.0,0.0
001947,JUNTOS POR EL PERÚ,38,37.0,-1.0,-2.631578947368421
001998,JUNTOS POR EL PERÚ,0,48.0,48.0,
002021,JUNTOS POR EL PERÚ,14,15.0,1.0,7.142857142857142
002061,JUNTOS POR EL PERÚ,65,65.0,0.0,0.0
002071,JUNTOS POR EL PERÚ,34,35.0,1.0,2.941176470588235
002135,JUNTOS POR EL PERÚ,18,19.0,1.0,5.555555555555555
002143,JUNTOS POR EL PERÚ,36,36.0,0.0,0.0
002151,JUNTOS POR EL PERÚ,31,31.0,0.0,0.0
002167,JUNTOS POR EL PERÚ,23,23.0,0.0,0.0
002176,JUNTOS POR EL PERÚ,10,11.0,1.0,10.0
002183,JUNTOS POR EL PERÚ,7,7.0,0.0,0.0
002267,JUNTOS POR EL PERÚ,52,52.0,0.0,0.0
002391,JUNTOS POR EL PERÚ,30,31.0,1.0,3.3333333333333335
002920,JUNTOS POR EL PERÚ,10,10.0,0.0,0.0
003202,JUNTOS POR EL PERÚ,13,13.0,0.0,0.0
003214,JUNTOS POR EL PERÚ,15,16.0,1.0,6.666666666666667
003347,JUNTOS POR EL PERÚ,11,12.0,1.0,9.090909090909092
003403,JUNTOS POR EL PERÚ,7,7.0,0.0,0.0
003404,JUNTOS POR EL PERÚ,2,2.0,0.0,0.0
003562,JUNTOS POR EL PERÚ,11,11.0,0.0,0.0
003574,JUNTOS POR EL PERÚ,10,12.0,2.0,20.0
003630,JUNTOS POR EL PERÚ,11,11.0,0.0,0.0
003724,JUNTOS POR EL PERÚ,28,28.0,0.0,0.0
003737,JUNTOS POR EL PERÚ,35,35.0,0.0,0.0
003955,JUNTOS POR EL PERÚ,38,46.0,8.0,21.052631578947366
003956,JUNTOS POR EL PERÚ,48,48.0,0.0,0.0
003958,JUNTOS POR EL PERÚ,31,31.0,0.0,0.0
003970,JUNTOS POR EL PERÚ,34,34.0,0.0,0.0
003972,JUNTOS POR EL PERÚ,27,28.0,1.0,3.7037037037037033
003978,JUNTOS POR EL PERÚ,37,38.0,1.0,2.7027027027027026
004042,JUNTOS POR EL PERÚ,15,16.0,1.0,6.666666666666667
004073,JUNTOS POR EL PERÚ,21,21.0,0.0,0.0
004539,JUNTOS POR EL PERÚ,61,62.0,1.0,1.639344262295082
004616,JUNTOS POR EL PERÚ,61,61.0,0.0,0.0
004661,JUNTOS POR EL PERÚ,45,44.0,-1.0,-2.2222222222222223
004768,JUNTOS POR EL PERÚ,75,74.0,-1.0,-1.3333333333333335
005178,JUNTOS POR EL PERÚ,104,106.0,2.0,1.9230769230769231
005260,JUNTOS POR EL PERÚ,62,61.0,-1.0,-1.6129032258064515
006394,JUNTOS POR EL PERÚ,73,72.0,-1.0,-1.36986301369863
007312,JUNTOS POR EL PERÚ,20,20.0,0.0,0.0
008536,JUNTOS POR EL PERÚ,29,29.0,0.0,0.0
008688,JUNTOS POR EL PERÚ,43,42.0,-1.0,-2.3255813953488373
008908,JUNTOS POR EL PERÚ,30,30.0,0.0,0.0
009579,JUNTOS POR EL PERÚ,34,34.0,0.0,0.0
009935,JUNTOS POR EL PERÚ,33,33.0,0.0,0.0
010142,JUNTOS POR EL PERÚ,35,36.0,1.0,2.857142857142857
010396,JUNTOS POR EL PERÚ,48,48.0,0.0,0.0
010646,JUNTOS POR EL PERÚ,63,62.0,-1.0,-1.5873015873015872
011386,JUNTOS POR EL PERÚ,44,38.0,-6.0,-13.636363636363635
011421,JUNTOS POR EL PERÚ,31,32.0,1.0,3.225806451612903
011456,JUNTOS POR EL PERÚ,31,31.0,0.0,0.0
011515,JUNTOS POR EL PERÚ,41,40.0,-1.0,-2.4390243902439024
011577,JUNTOS POR EL PERÚ,28,27.0,-1.0,-3.571428571428571
011662,JUNTOS POR EL PERÚ,31,31.0,0.0,0.0
011761,JUNTOS POR EL PERÚ,64,63.0,-1.0,-1.5625
011857,JUNTOS POR EL PERÚ,54,2.0,-52.0,-96.29629629629629
011862,JUNTOS POR EL PERÚ,68,55.0,-13.0,-19.11764705882353
011864,JUNTOS POR EL PERÚ,55,77.0,22.0,40.0
011867,JUNTOS POR EL PERÚ,53,56.0,3.0,5.660377358490567
012119,JUNTOS POR EL PERÚ,37,37.0,0.0,0.0
012144,JUNTOS POR EL PERÚ,44,43.0,-1.0,-2.272727272727273
012254,JUNTOS POR EL PERÚ,41,41.0,0.0,0.0
012673,JUNTOS POR EL PERÚ,25,,,
013489,JUNTOS POR EL PERÚ,3,53.0,50.0,1666.6666666666667
013530,JUNTOS POR EL PERÚ,38,36.0,-2.0,-5.263157894736842
013597,JUNTOS POR EL PERÚ,32,31.0,-1.0,-3.125
013662,JUNTOS POR EL PERÚ,33,33.0,0.0,0.0
013856,JUNTOS POR EL PERÚ,72,72.0,0.0,0.0
013966,JUNTOS POR EL PERÚ,86,88.0,2.0,2.3255813953488373
013968,JUNTOS POR EL PERÚ,88,91.0,3.0,3.4090909090909087
014218,JUNTOS POR EL PERÚ,56,56.0,0.0,0.0
014263,JUNTOS POR EL PERÚ,55,56.0,1.0,1.8181818181818181
014415,JUNTOS POR EL PERÚ,69,68.0,-1.0,-1.4492753623188406
014474,JUNTOS POR EL PERÚ,76,75.0,-1.0,-1.3157894736842104
014509,JUNTOS POR EL PERÚ,62,63.0,1.0,1.6129032258064515
014782,JUNTOS POR EL PERÚ,7,7.0,0.0,0.0
015502,JUNTOS POR EL PERÚ,14,14.0,0.0,0.0
015580,JUNTOS POR EL PERÚ,10,10.0,0.0,0.0
015661,JUNTOS POR EL PERÚ,14,15.0,1.0,7.142857142857142
015936,JUNTOS POR EL PERÚ,8,8.0,0.0,0.0
016009,JUNTOS POR EL PERÚ,35,32.0,-3.0,-8.571428571428571
016108,JUNTOS POR EL PERÚ,41,41.0,0.0,0.0
016132,JUNTOS POR EL PERÚ,56,57.0,1.0,1.7857142857142856
016198,JUNTOS POR EL PERÚ,31,32.0,1.0,3.225806451612903
016229,JUNTOS POR EL PERÚ,64,61.0,-3.0,-4.6875
016955,JUNTOS POR EL PERÚ,3,43.0,40.0,1333.3333333333335
017044,JUNTOS POR EL PERÚ,51,50.0,-1.0,-1.9607843137254901
017171,JUNTOS POR EL PERÚ,69,69.0,0.0,0.0
017373,JUNTOS POR EL PERÚ,10,10.0,0.0,0.0
017378,JUNTOS POR EL PERÚ,26,26.0,0.0,0.0
017436,JUNTOS POR EL PERÚ,43,43.0,0.0,0.0
017600,JUNTOS POR EL PERÚ,0,0.0,0.0,
017613,JUNTOS POR EL PERÚ,53,54.0,1.0,1.8867924528301887
017623,JUNTOS POR EL PERÚ,44,44.0,0.0,0.0
017722,JUNTOS POR EL PERÚ,56,57.0,1.0,1.7857142857142856
017738,JUNTOS POR EL PERÚ,41,41.0,0.0,0.0
017804,JUNTOS POR EL PERÚ,26,26.0,0.0,0.0
017960,JUNTOS POR EL PERÚ,83,78.0,-5.0,-6.024096385542169
017980,JUNTOS POR EL PERÚ,100,102.0,2.0,2.0
018147,JUNTOS POR EL PERÚ,186,183.0,-3.0,-1.6129032258064515
018272,JUNTOS POR EL PERÚ,33,33.0,0.0,0.0
018304,JUNTOS POR EL PERÚ,20,20.0,0.0,0.0
018455,JUNTOS POR EL PERÚ,52,52.0,0.0,0.0
018545,JUNTOS POR EL PERÚ,36,39.0,3.0,8.333333333333332
018702,JUNTOS POR EL PERÚ,77,78.0,1.0,1.2987012987012987
018793,JUNTOS POR EL PERÚ,51,49.0,-2.0,-3.9215686274509802
018835,JUNTOS POR EL PERÚ,54,55.0,1.0,1.8518518518518516
019300,JUNTOS POR EL PERÚ,61,62.0,1.0,1.639344262295082
019549,JUNTOS POR EL PERÚ,16,19.0,3.0,18.75
019713,JUNTOS POR EL PERÚ,27,27.0,0.0,0.0
019793,JUNTOS POR EL PERÚ,60,16.0,-44.0,-73.33333333333333
019858,JUNTOS POR EL PERÚ,68,68.0,0.0,0.0
019864,JUNTOS POR EL PERÚ,42,41.0,-1.0,-2.380952380952381
019918,JUNTOS POR EL PERÚ,22,23.0,1.0,4.545454545454546
020032,JUNTOS POR EL PERÚ,17,16.0,-1.0,-5.88235294117647
020074,JUNTOS POR EL PERÚ,20,59.0,39.0,195.0
020105,JUNTOS POR EL PERÚ,19,19.0,0.0,0.0
020127,JUNTOS POR EL PERÚ,15,20.0,5.0,33.33333333333333
020222,JUNTOS POR EL PERÚ,21,21.0,0.0,0.0
020235,JUNTOS POR EL PERÚ,72,77.0,5.0,6.944444444444445
020275,JUNTOS POR EL PERÚ,29,30.0,1.0,3.4482758620689653
020287,JUNTOS POR EL PERÚ,37,37.0,0.0,0.0
020360,JUNTOS POR EL PERÚ,72,70.0,-2.0,-2.7777777777777777
020394,JUNTOS POR EL PERÚ,72,70.0,-2.0,-2.7777777777777777
020717,JUNTOS POR EL PERÚ,82,82.0,0.0,0.0
020949,JUNTOS POR EL PERÚ,37,36.0,-1.0,-2.7027027027027026
021028,JUNTOS POR EL PERÚ,31,31.0,0.0,0.0
021030,JUNTOS POR EL PERÚ,32,33.0,1.0,3.125
021077,JUNTOS POR EL PERÚ,17,17.0,0.0,0.0
021119,JUNTOS POR EL PERÚ,104,100.0,-4.0,-3.8461538461538463
021124,JUNTOS POR EL PERÚ,0,64.0,64.0,
021131,JUNTOS POR EL PERÚ,78,78.0,0.0,0.0
021248,JUNTOS POR EL PERÚ,48,49.0,1.0,2.083333333333333
021383,JUNTOS POR EL PERÚ,37,40.0,3.0,8.108108108108109
021515,JUNTOS POR EL PERÚ,54,53.0,-1.0,-1.8518518518518516
021532,JUNTOS POR EL PERÚ,75,76.0,1.0,1.3333333333333335
021625,JUNTOS POR EL PERÚ,11,13.0,2.0,18.181818181818183
021796,JUNTOS POR EL PERÚ,8,8.0,0.0,0.0
021911,JUNTOS POR EL PERÚ,5,6.0,1.0,20.0
022061,JUNTOS POR EL PERÚ,10,11.0,1.0,10.0
022088,JUNTOS POR EL PERÚ,16,17.0,1.0,6.25
022146,JUNTOS POR EL PERÚ,15,15.0,0.0,0.0
022279,JUNTOS POR EL PERÚ,13,12.0,-1.0,-7.6923076923076925
022323,JUNTOS POR EL PERÚ,10,11.0,1.0,10.0
022339,JUNTOS POR EL PERÚ,13,13.0,0.0,0.0
022437,JUNTOS POR EL PERÚ,5,5.0,0.0,0.0
022470,JUNTOS POR EL PERÚ,29,29.0,0.0,0.0
022519,JUNTOS POR EL PERÚ,16,16.0,0.0,0.0
022571,JUNTOS POR EL PERÚ,10,10.0,0.0,0.0
022807,JUNTOS POR EL PERÚ,12,13.0,1.0,8.333333333333332
022860,JUNTOS POR EL PERÚ,9,9.0,0.0,0.0
022936,JUNTOS POR EL PERÚ,29,30.0,1.0,3.4482758620689653
022944,JUNTOS POR EL PERÚ,14,14.0,0.0,0.0
023120,JUNTOS POR EL PERÚ,4,4.0,0.0,0.0
023156,JUNTOS POR EL PERÚ,26,18.0,-8.0,-30.76923076923077
023242,JUNTOS POR EL PERÚ,19,18.0,-1.0,-5.263157894736842
023369,JUNTOS POR EL PERÚ,19,19.0,0.0,0.0
023438,JUNTOS POR EL PERÚ,14,14.0,0.0,0.0
023487,JUNTOS POR EL PERÚ,24,23.0,-1.0,-4.166666666666666
023506,JUNTOS POR EL PERÚ,6,6.0,0.0,0.0
023560,JUNTOS POR EL PERÚ,10,10.0,0.0,0.0
023621,JUNTOS POR EL PERÚ,16,12.0,-4.0,-25.0
023677,JUNTOS POR EL PERÚ,10,10.0,0.0,0.0
023696,JUNTOS POR EL PERÚ,34,34.0,0.0,0.0
023735,JUNTOS POR EL PERÚ,38,38.0,0.0,0.0
023738,JUNTOS POR EL PERÚ,31,31.0,0.0,0.0
023877,JUNTOS POR EL PERÚ,14,23.0,9.0,64.28571428571429
023884,JUNTOS POR EL PERÚ,16,15.0,-1.0,-6.25
023931,JUNTOS POR EL PERÚ,11,12.0,1.0,9.090909090909092
023977,JUNTOS POR EL PERÚ,28,29.0,1.0,3.571428571428571
024694,JUNTOS POR EL PERÚ,6,7.0,1.0,16.666666666666664
024998,JUNTOS POR EL PERÚ,11,11.0,0.0,0.0
025218,JUNTOS POR EL PERÚ,65,68.0,3.0,4.615384615384616
025277,JUNTOS POR EL PERÚ,29,29.0,0.0,0.0
025789,JUNTOS POR EL PERÚ,14,14.0,0.0,0.0
026226,JUNTOS POR EL PERÚ,17,17.0,0.0,0.0
026396,JUNTOS POR EL PERÚ,38,38.0,0.0,0.0
026485,JUNTOS POR EL PERÚ,25,25.0,0.0,0.0
026491,JUNTOS POR EL PERÚ,24,24.0,0.0,0.0
026624,JUNTOS POR EL PERÚ,39,40.0,1.0,2.564102564102564
026664,JUNTOS POR EL PERÚ,45,43.0,-2.0,-4.444444444444445
026758,JUNTOS POR EL PERÚ,53,52.0,-1.0,-1.8867924528301887
026764,JUNTOS POR EL PERÚ,34,40.0,6.0,17.647058823529413
026773,JUNTOS POR EL PERÚ,39,38.0,-1.0,-2.564102564102564
026797,JUNTOS POR EL PERÚ,28,28.0,0.0,0.0
027030,JUNTOS POR EL PERÚ,22,22.0,0.0,0.0
027042,JUNTOS POR EL PERÚ,41,43.0,2.0,4.878048780487805
027043,JUNTOS POR EL PERÚ,36,37.0,1.0,2.7777777777777777
027178,JUNTOS POR EL PERÚ,27,27.0,0.0,0.0
027285,JUNTOS POR EL PERÚ,16,16.0,0.0,0.0
027465,JUNTOS POR EL PERÚ,24,27.0,3.0,12.5
027506,JUNTOS POR EL PERÚ,2,2.0,0.0,0.0
027514,JUNTOS POR EL PERÚ,8,7.0,-1.0,-12.5
027749,JUNTOS POR EL PERÚ,1,3.0,2.0,200.0
027768,JUNTOS POR EL PERÚ,6,6.0,0.0,0.0
027838,JUNTOS POR EL PERÚ,3,4.0,1.0,33.33333333333333
027850,JUNTOS POR EL PERÚ,5,5.0,0.0,0.0
028004,JUNTOS POR EL PERÚ,4,4.0,0.0,0.0
028020,JUNTOS POR EL PERÚ,2,2.0,0.0,0.0
028174,JUNTOS POR EL PERÚ,2,1.0,-1.0,-50.0
028547,JUNTOS POR EL PERÚ,3,3.0,0.0,0.0
028554,JUNTOS POR EL PERÚ,10,11.0,1.0,10.0
028624,JUNTOS POR EL PERÚ,16,17.0,1.0,6.25
028653,JUNTOS POR EL PERÚ,16,16.0,0.0,0.0
028683,JUNTOS POR EL PERÚ,9,9.0,0.0,0.0
028812,JUNTOS POR EL PERÚ,5,4.0,-1.0,-20.0
028901,JUNTOS POR EL PERÚ,4,4.0,0.0,0.0
028943,JUNTOS POR EL PERÚ,13,13.0,0.0,0.0
028969,JUNTOS POR EL PERÚ,9,9.0,0.0,0.0
029039,JUNTOS POR EL PERÚ,2,2.0,0.0,0.0
029043,JUNTOS POR EL PERÚ,5,5.0,0.0,0.0
029136,JUNTOS POR EL PERÚ,5,5.0,0.0,0.0
029173,JUNTOS POR EL PERÚ,2,2.0,0.0,0.0
029177,JUNTOS POR EL PERÚ,5,5.0,0.0,0.0
029231,JUNTOS POR EL PERÚ,3,3.0,0.0,0.0
029309,JUNTOS POR EL PERÚ,11,11.0,0.0,0.0
029338,JUNTOS POR EL PERÚ,6,6.0,0.0,0.0
029408,JUNTOS POR EL PERÚ,14,14.0,0.0,0.0
029439,JUNTOS POR EL PERÚ,14,14.0,0.0,0.0
029855,JUNTOS POR EL PERÚ,5,4.0,-1.0,-20.0
030054,JUNTOS POR EL PERÚ,5,4.0,-1.0,-20.0
030055,JUNTOS POR EL PERÚ,6,5.0,-1.0,-16.666666666666664
030102,JUNTOS POR EL PERÚ,11,5.0,-6.0,-54.54545454545454
030148,JUNTOS POR EL PERÚ,3,3.0,0.0,0.0
030239,JUNTOS POR EL PERÚ,6,6.0,0.0,0.0
030264,JUNTOS POR EL PERÚ,12,12.0,0.0,0.0
030316,JUNTOS POR EL PERÚ,18,17.0,-1.0,-5.555555555555555
030317,JUNTOS POR EL PERÚ,18,18.0,0.0,0.0
030939,JUNTOS POR EL PERÚ,18,18.0,0.0,0.0
030941,JUNTOS POR EL PERÚ,18,19.0,1.0,5.555555555555555
030959,JUNTOS POR EL PERÚ,11,11.0,0.0,0.0
031575,JUNTOS POR EL PERÚ,8,7.0,-1.0,-12.5
031642,JUNTOS POR EL PERÚ,2,3.0,1.0,50.0
031736,JUNTOS POR EL PERÚ,11,11.0,0.0,0.0
031756,JUNTOS POR EL PERÚ,14,14.0,0.0,0.0
031907,JUNTOS POR EL PERÚ,23,23.0,0.0,0.0
031936,JUNTOS POR EL PERÚ,16,16.0,0.0,0.0
031994,JUNTOS POR EL PERÚ,16,19.0,3.0,18.75
032070,JUNTOS POR EL PERÚ,41,44.0,3.0,7.317073170731707
032134,JUNTOS POR EL PERÚ,22,23.0,1.0,4.545454545454546
032303,JUNTOS POR EL PERÚ,19,19.0,0.0,0.0
032324,JUNTOS POR EL PERÚ,21,20.0,-1.0,-4.761904761904762
032341,JUNTOS POR EL PERÚ,18,17.0,-1.0,-5.555555555555555
032362,JUNTOS POR EL PERÚ,30,30.0,0.0,0.0
032363,JUNTOS POR EL PERÚ,22,21.0,-1.0,-4.545454545454546
032367,JUNTOS POR EL PERÚ,28,25.0,-3.0,-10.714285714285714
032389,JUNTOS POR EL PERÚ,19,19.0,0.0,0.0
032394,JUNTOS POR EL PERÚ,14,15.0,1.0,7.142857142857142
032411,JUNTOS POR EL PERÚ,26,27.0,1.0,3.8461538461538463
032439,JUNTOS POR EL PERÚ,19,21.0,2.0,10.526315789473683
032440,JUNTOS POR EL PERÚ,25,24.0,-1.0,-4.0
032447,JUNTOS POR EL PERÚ,31,29.0,-2.0,-6.451612903225806
032482,JUNTOS POR EL PERÚ,59,57.0,-2.0,-3.389830508474576
032510,JUNTOS POR EL PERÚ,45,43.0,-2.0,-4.444444444444445
032574,JUNTOS POR EL PERÚ,6,6.0,0.0,0.0
032674,JUNTOS POR EL PERÚ,8,8.0,0.0,0.0
032791,JUNTOS POR EL PERÚ,9,9.0,0.0,0.0
032851,JUNTOS POR EL PERÚ,11,10.0,-1.0,-9.090909090909092
033157,JUNTOS POR EL PERÚ,21,19.0,-2.0,-9.523809523809524
033309,JUNTOS POR EL PERÚ,6,6.0,0.0,0.0
033428,JUNTOS POR EL PERÚ,11,12.0,1.0,9.090909090909092
033534,JUNTOS POR EL PERÚ,7,6.0,-1.0,-14.285714285714285
033548,JUNTOS POR EL PERÚ,32,0.0,-32.0,-100.0
033629,JUNTOS POR EL PERÚ,15,15.0,0.0,0.0
033665,JUNTOS POR EL PERÚ,2,2.0,0.0,0.0
033872,JUNTOS POR EL PERÚ,22,0.0,-22.0,-100.0
034169,JUNTOS POR EL PERÚ,26,25.0,-1.0,-3.8461538461538463
034213,JUNTOS POR EL PERÚ,22,22.0,0.0,0.0
034321,JUNTOS POR EL PERÚ,26,26.0,0.0,0.0
034487,JUNTOS POR EL PERÚ,14,13.0,-1.0,-7.142857142857142
034569,JUNTOS POR EL PERÚ,24,22.0,-2.0,-8.333333333333332
034615,JUNTOS POR EL PERÚ,25,24.0,-1.0,-4.0
034620,JUNTOS POR EL PERÚ,15,15.0,0.0,0.0
034816,JUNTOS POR EL PERÚ,30,30.0,0.0,0.0
034823,JUNTOS POR EL PERÚ,27,27.0,0.0,0.0
034936,JUNTOS POR EL PERÚ,36,0.0,-36.0,-100.0
034981,JUNTOS POR EL PERÚ,17,17.0,0.0,0.0
035124,JUNTOS POR EL PERÚ,39,39.0,0.0,0.0
035489,JUNTOS POR EL PERÚ,35,0.0,-35.0,-100.0
035834,JUNTOS POR EL PERÚ,37,36.0,-1.0,-2.7027027027027026
035857,JUNTOS POR EL PERÚ,4,4.0,0.0,0.0
036155,JUNTOS POR EL PERÚ,6,6.0,0.0,0.0
036156,JUNTOS POR EL PERÚ,2,2.0,0.0,0.0
036366,JUNTOS POR EL PERÚ,7,6.0,-1.0,-14.285714285714285
036510,JUNTOS POR EL PERÚ,3,3.0,0.0,0.0
036518,JUNTOS POR EL PERÚ,10,8.0,-2.0,-20.0
036584,JUNTOS POR EL PERÚ,3,3.0,0.0,0.0
036803,JUNTOS POR EL PERÚ,2,6.0,4.0,200.0
036901,JUNTOS POR EL PERÚ,2,2.0,0.0,0.0
037008,JUNTOS POR EL PERÚ,17,11.0,-6.0,-35.294117647058826
037042,JUNTOS POR EL PERÚ,12,11.0,-1.0,-8.333333333333332
037065,JUNTOS POR EL PERÚ,11,11.0,0.0,0.0
037084,JUNTOS POR EL PERÚ,17,17.0,0.0,0.0
037126,JUNTOS POR EL PERÚ,15,14.0,-1.0,-6.666666666666667
037298,JUNTOS POR EL PERÚ,2,2.0,0.0,0.0
037470,JUNTOS POR EL PERÚ,14,14.0,0.0,0.0
037647,JUNTOS POR EL PERÚ,15,15.0,0.0,0.0
037786,JUNTOS POR EL PERÚ,5,5.0,0.0,0.0
038564,JUNTOS POR EL PERÚ,7,12.0,5.0,71.42857142857143
038740,JUNTOS POR EL PERÚ,21,21.0,0.0,0.0
039366,JUNTOS POR EL PERÚ,6,6.0,0.0,0.0
039495,JUNTOS POR EL PERÚ,8,8.0,0.0,0.0
039692,JUNTOS POR EL PERÚ,0,17.0,17.0,
039763,JUNTOS POR EL PERÚ,17,19.0,2.0,11.76470588235294
039981,JUNTOS POR EL PERÚ,8,9.0,1.0,12.5
041701,JUNTOS POR EL PERÚ,5,5.0,0.0,0.0
041801,JUNTOS POR EL PERÚ,6,6.0,0.0,0.0
041982,JUNTOS POR EL PERÚ,5,5.0,0.0,0.0
042799,JUNTOS POR EL PERÚ,0,12.0,12.0,
042820,JUNTOS POR EL PERÚ,6,6.0,0.0,0.0
042942,JUNTOS POR EL PERÚ,1,1.0,0.0,0.0
043041,JUNTOS POR EL PERÚ,11,11.0,0.0,0.0
043112,JUNTOS POR EL PERÚ,6,6.0,0.0,0.0
044405,JUNTOS POR EL PERÚ,5,5.0,0.0,0.0
044511,JUNTOS POR EL PERÚ,5,5.0,0.0,0.0
044549,JUNTOS POR EL PERÚ,7,7.0,0.0,0.0
044560,JUNTOS POR EL PERÚ,1,1.0,0.0,0.0
044573,JUNTOS POR EL PERÚ,17,20.0,3.0,17.647058823529413
044616,JUNTOS POR EL PERÚ,4,4.0,0.0,0.0
044645,JUNTOS POR EL PERÚ,6,6.0,0.0,0.0
044663,JUNTOS POR EL PERÚ,13,15.0,2.0,15.384615384615385
044716,JUNTOS POR EL PERÚ,26,27.0,1.0,3.8461538461538463
044936,JUNTOS POR EL PERÚ,3,3.0,0.0,0.0
045210,JUNTOS POR EL PERÚ,1,1.0,0.0,0.0
045386,JUNTOS POR EL PERÚ,1,1.0,0.0,0.0
045414,JUNTOS POR EL PERÚ,1,1.0,0.0,0.0
045571,JUNTOS POR EL PERÚ,18,20.0,2.0,11.11111111111111
045578,JUNTOS POR EL PERÚ,13,14.0,1.0,7.6923076923076925
045641,JUNTOS POR EL PERÚ,22,22.0,0.0,0.0
045672,JUNTOS POR EL PERÚ,0,15.0,15.0,
045739,JUNTOS POR EL PERÚ,18,18.0,0.0,0.0
046051,JUNTOS POR EL PERÚ,1,0.0,-1.0,-100.0
046347,JUNTOS POR EL PERÚ,12,11.0,-1.0,-8.333333333333332
046865,JUNTOS POR EL PERÚ,17,16.0,-1.0,-5.88235294117647
046976,JUNTOS POR EL PERÚ,10,10.0,0.0,0.0
047093,JUNTOS POR EL PERÚ,9,9.0,0.0,0.0
047096,JUNTOS POR EL PERÚ,8,8.0,0.0,0.0
047181,JUNTOS POR EL PERÚ,4,2.0,-2.0,-50.0
047193,JUNTOS POR EL PERÚ,8,8.0,0.0,0.0
047202,JUNTOS POR EL PERÚ,2,3.0,1.0,50.0
047613,JUNTOS POR EL PERÚ,2,2.0,0.0,0.0
047619,JUNTOS POR EL PERÚ,6,6.0,0.0,0.0
047635,JUNTOS POR EL PERÚ,0,5.0,5.0,
047667,JUNTOS POR EL PERÚ,2,2.0,0.0,0.0
048188,JUNTOS POR EL PERÚ,7,7.0,0.0,0.0
048448,JUNTOS POR EL PERÚ,0,0.0,0.0,
048726,JUNTOS POR EL PERÚ,0,0.0,0.0,
048780,JUNTOS POR EL PERÚ,1,1.0,0.0,0.0
048879,JUNTOS POR EL PERÚ,0,0.0,0.0,
049140,JUNTOS POR EL PERÚ,1,2.0,1.0,100.0
049300,JUNTOS POR EL PERÚ,7,7.0,0.0,0.0
049377,JUNTOS POR EL PERÚ,9,9.0,0.0,0.0
049479,JUNTOS POR EL PERÚ,6,7.0,1.0,16.666666666666664
049506,JUNTOS POR EL PERÚ,3,3.0,0.0,0.0
050078,JUNTOS POR EL PERÚ,1,1.0,0.0,0.0
050314,JUNTOS POR EL PERÚ,2,6.0,4.0,200.0
050519,JUNTOS POR EL PERÚ,1,1.0,0.0,0.0
050554,JUNTOS POR EL PERÚ,1,1.0,0.0,0.0
050623,JUNTOS POR EL PERÚ,2,0.0,-2.0,-100.0
050624,JUNTOS POR EL PERÚ,2,2.0,0.0,0.0
050634,JUNTOS POR EL PERÚ,1,2.0,1.0,100.0
050645,JUNTOS POR EL PERÚ,2,2.0,0.0,0.0
050827,JUNTOS POR EL PERÚ,0,0.0,0.0,
050981,JUNTOS POR EL PERÚ,1,1.0,0.0,0.0
051071,JUNTOS POR EL PERÚ,0,3.0,3.0,
051429,JUNTOS POR EL PERÚ,2,2.0,0.0,0.0
051478,JUNTOS POR EL PERÚ,0,0.0,0.0,
051624,JUNTOS POR EL PERÚ,0,0.0,0.0,
051653,JUNTOS POR EL PERÚ,1,1.0,0.0,0.0
052073,JUNTOS POR EL PERÚ,9,9.0,0.0,0.0
052283,JUNTOS POR EL PERÚ,10,8.0,-2.0,-20.0
052319,JUNTOS POR EL PERÚ,6,6.0,0.0,0.0
052337,JUNTOS POR EL PERÚ,2,2.0,0.0,0.0
052395,JUNTOS POR EL PERÚ,6,6.0,0.0,0.0
052539,JUNTOS POR EL PERÚ,8,7.0,-1.0,-12.5
052653,JUNTOS POR EL PERÚ,9,9.0,0.0,0.0
052803,JUNTOS POR EL PERÚ,6,5.0,-1.0,-16.666666666666664
053114,JUNTOS POR EL PERÚ,8,9.0,1.0,12.5
053186,JUNTOS POR EL PERÚ,4,4.0,0.0,0.0
053193,JUNTOS POR EL PERÚ,10,10.0,0.0,0.0
054299,JUNTOS POR EL PERÚ,6,6.0,0.0,0.0
054339,JUNTOS POR EL PERÚ,2,2.0,0.0,0.0
054429,JUNTOS POR EL PERÚ,5,4.0,-1.0,-20.0
054936,JUNTOS POR EL PERÚ,3,3.0,0.0,0.0
054943,JUNTOS POR EL PERÚ,10,10.0,0.0,0.0
055006,JUNTOS POR EL PERÚ,13,13.0,0.0,0.0
055193,JUNTOS POR EL PERÚ,6,6.0,0.0,0.0
055247,JUNTOS POR EL PERÚ,2,2.0,0.0,0.0
055253,JUNTOS POR EL PERÚ,13,13.0,0.0,0.0
055258,JUNTOS POR EL PERÚ,9,9.0,0.0,0.0
055271,JUNTOS POR EL PERÚ,6,6.0,0.0,0.0
055393,JUNTOS POR EL PERÚ,2,2.0,0.0,0.0
055501,JUNTOS POR EL PERÚ,7,7.0,0.0,0.0
055534,JUNTOS POR EL PERÚ,4,4.0,0.0,0.0
055635,JUNTOS POR EL PERÚ,6,9.0,3.0,50.0
055637,JUNTOS POR EL PERÚ,16,12.0,-4.0,-25.0
055757,JUNTOS POR EL PERÚ,6,1.0,-5.0,-83.33333333333334
055772,JUNTOS POR EL PERÚ,11,11.0,0.0,0.0
055808,JUNTOS POR EL PERÚ,5,5.0,0.0,0.0
055885,JUNTOS POR EL PERÚ,5,5.0,0.0,0.0
055973,JUNTOS POR EL PERÚ,16,16.0,0.0,0.0
056391,JUNTOS POR EL PERÚ,11,12.0,1.0,9.090909090909092
056557,JUNTOS POR EL PERÚ,18,18.0,0.0,0.0
056680,JUNTOS POR EL PERÚ,10,11.0,1.0,10.0
057012,JUNTOS POR EL PERÚ,4,4.0,0.0,0.0
057201,JUNTOS POR EL PERÚ,3,6.0,3.0,100.0
057502,JUNTOS POR EL PERÚ,7,7.0,0.0,0.0
057575,JUNTOS POR EL PERÚ,6,6.0,0.0,0.0
057618,JUNTOS POR EL PERÚ,11,11.0,0.0,0.0
057717,JUNTOS POR EL PERÚ,6,7.0,1.0,16.666666666666664
057746,JUNTOS POR EL PERÚ,6,6.0,0.0,0.0
057747,JUNTOS POR EL PERÚ,4,4.0,0.0,0.0
057852,JUNTOS POR EL PERÚ,4,4.0,0.0,0.0
057941,JUNTOS POR EL PERÚ,12,11.0,-1.0,-8.333333333333332
057951,JUNTOS POR EL PERÚ,6,6.0,0.0,0.0
057981,JUNTOS POR EL PERÚ,7,6.0,-1.0,-14.285714285714285
058273,JUNTOS POR EL PERÚ,6,6.0,0.0,0.0
058299,JUNTOS POR EL PERÚ,9,9.0,0.0,0.0
058346,JUNTOS POR EL PERÚ,3,3.0,0.0,0.0
058359,JUNTOS POR EL PERÚ,8,8.0,0.0,0.0
058469,JUNTOS POR EL PERÚ,5,6.0,1.0,20.0
058470,JUNTOS POR EL PERÚ,6,6.0,0.0,0.0
058916,JUNTOS POR EL PERÚ,16,17.0,1.0,6.25
058917,JUNTOS POR EL PERÚ,20,21.0,1.0,5.0
058938,JUNTOS POR EL PERÚ,16,17.0,1.0,6.25
058941,JUNTOS POR EL PERÚ,13,5.0,-8.0,-61.53846153846154
058968,JUNTOS POR EL PERÚ,16,16.0,0.0,0.0
059452,JUNTOS POR EL PERÚ,5,4.0,-1.0,-20.0
059468,JUNTOS POR EL PERÚ,6,6.0,0.0,0.0
059472,JUNTOS POR EL PERÚ,4,5.0,1.0,25.0
059585,JUNTOS POR EL PERÚ,3,3.0,0.0,0.0
059605,JUNTOS POR EL PERÚ,5,9.0,4.0,80.0
059633,JUNTOS POR EL PERÚ,4,4.0,0.0,0.0
059671,JUNTOS POR EL PERÚ,6,5.0,-1.0,-16.666666666666664
059736,JUNTOS POR EL PERÚ,4,5.0,1.0,25.0
059803,JUNTOS POR EL PERÚ,4,3.0,-1.0,-25.0
059821,JUNTOS POR EL PERÚ,13,4.0,-9.0,-69.23076923076923
059841,JUNTOS POR EL PERÚ,6,6.0,0.0,0.0
059951,JUNTOS POR EL PERÚ,2,3.0,1.0,50.0
059973,JUNTOS POR EL PERÚ,7,0.0,-7.0,-100.0
059981,JUNTOS POR EL PERÚ,0,0.0,0.0,
059983,JUNTOS POR EL PERÚ,7,7.0,0.0,0.0
059999,JUNTOS POR EL PERÚ,4,5.0,1.0,25.0
060046,JUNTOS POR EL PERÚ,2,0.0,-2.0,-100.0
060049,JUNTOS POR EL PERÚ,1,0.0,-1.0,-100.0
060055,JUNTOS POR EL PERÚ,2,0.0,-2.0,-100.0
060105,JUNTOS POR EL PERÚ,10,10.0,0.0,0.0
060208,JUNTOS POR EL PERÚ,15,0.0,-15.0,-100.0
060244,JUNTOS POR EL PERÚ,10,9.0,-1.0,-10.0
060383,JUNTOS POR EL PERÚ,10,10.0,0.0,0.0
060471,JUNTOS POR EL PERÚ,9,4.0,-5.0,-55.55555555555556
060498,JUNTOS POR EL PERÚ,3,7.0,4.0,133.33333333333331
060499,JUNTOS POR EL PERÚ,7,0.0,-7.0,-100.0
060518,JUNTOS POR EL PERÚ,6,5.0,-1.0,-16.666666666666664
060528,JUNTOS POR EL PERÚ,7,6.0,-1.0,-14.285714285714285
060565,JUNTOS POR EL PERÚ,2,3.0,1.0,50.0
060570,JUNTOS POR EL PERÚ,6,6.0,0.0,0.0
060753,JUNTOS POR EL PERÚ,8,7.0,-1.0,-12.5
060807,JUNTOS POR EL PERÚ,3,4.0,1.0,33.33333333333333
061124,JUNTOS POR EL PERÚ,0,3.0,3.0,
061482,JUNTOS POR EL PERÚ,3,3.0,0.0,0.0
061653,JUNTOS POR EL PERÚ,0,8.0,8.0,
061802,JUNTOS POR EL PERÚ,4,4.0,0.0,0.0
062060,JUNTOS POR EL PERÚ,5,5.0,0.0,0.0
062081,JUNTOS POR EL PERÚ,4,8.0,4.0,100.0
062217,JUNTOS POR EL PERÚ,29,30.0,1.0,3.4482758620689653
062259,JUNTOS POR EL PERÚ,18,17.0,-1.0,-5.555555555555555
062333,JUNTOS POR EL PERÚ,13,13.0,0.0,0.0
062348,JUNTOS POR EL PERÚ,3,3.0,0.0,0.0
062353,JUNTOS POR EL PERÚ,13,13.0,0.0,0.0
062360,JUNTOS POR EL PERÚ,14,14.0,0.0,0.0
062490,JUNTOS POR EL PERÚ,12,12.0,0.0,0.0
062532,JUNTOS POR EL PERÚ,25,25.0,0.0,0.0
062533,JUNTOS POR EL PERÚ,21,21.0,0.0,0.0
062555,JUNTOS POR EL PERÚ,18,18.0,0.0,0.0
062581,JUNTOS POR EL PERÚ,22,22.0,0.0,0.0
062694,JUNTOS POR EL PERÚ,17,17.0,0.0,0.0
062702,JUNTOS POR EL PERÚ,7,9.0,2.0,28.57142857142857
062709,JUNTOS POR EL PERÚ,16,13.0,-3.0,-18.75
062719,JUNTOS POR EL PERÚ,14,14.0,0.0,0.0
063053,JUNTOS POR EL PERÚ,12,2.0,-10.0,-83.33333333333334
063397,JUNTOS POR EL PERÚ,16,15.0,-1.0,-6.25
063521,JUNTOS POR EL PERÚ,33,33.0,0.0,0.0
063604,JUNTOS POR EL PERÚ,14,14.0,0.0,0.0
063677,JUNTOS POR EL PERÚ,10,7.0,-3.0,-30.0
063679,JUNTOS POR EL PERÚ,13,13.0,0.0,0.0
063862,JUNTOS POR EL PERÚ,9,9.0,0.0,0.0
063981,JUNTOS POR EL PERÚ,18,18.0,0.0,0.0
064379,JUNTOS POR EL PERÚ,14,14.0,0.0,0.0
064593,JUNTOS POR EL PERÚ,9,9.0,0.0,0.0
064963,JUNTOS POR EL PERÚ,9,9.0,0.0,0.0
065113,JUNTOS POR EL PERÚ,7,7.0,0.0,0.0
065209,JUNTOS POR EL PERÚ,11,5.0,-6.0,-54.54545454545454
065412,JUNTOS POR EL PERÚ,17,8.0,-9.0,-52.94117647058824
065459,JUNTOS POR EL PERÚ,11,11.0,0.0,0.0
065468,JUNTOS POR EL PERÚ,6,1.0,-5.0,-83.33333333333334
065469,JUNTOS POR EL PERÚ,9,9.0,0.0,0.0
065512,JUNTOS POR EL PERÚ,1,1.0,0.0,0.0
065585,JUNTOS POR EL PERÚ,11,11.0,0.0,0.0
065594,JUNTOS POR EL PERÚ,5,6.0,1.0,20.0
065891,JUNTOS POR EL PERÚ,8,8.0,0.0,0.0
065939,JUNTOS POR EL PERÚ,7,4.0,-3.0,-42.857142857142854
065958,JUNTOS POR EL PERÚ,11,11.0,0.0,0.0
066009,JUNTOS POR EL PERÚ,7,7.0,0.0,0.0
066012,JUNTOS POR EL PERÚ,11,11.0,0.0,0.0
066111,JUNTOS POR EL PERÚ,4,4.0,0.0,0.0
066135,JUNTOS POR EL PERÚ,5,0.0,-5.0,-100.0
066214,JUNTOS POR EL PERÚ,16,10.0,-6.0,-37.5
066228,JUNTOS POR EL PERÚ,3,3.0,0.0,0.0
066236,JUNTOS POR EL PERÚ,7,8.0,1.0,14.285714285714285
066304,JUNTOS POR EL PERÚ,26,25.0,-1.0,-3.8461538461538463
066557,JUNTOS POR EL PERÚ,9,9.0,0.0,0.0
066583,JUNTOS POR EL PERÚ,46,49.0,3.0,6.521739130434782
066692,JUNTOS POR EL PERÚ,2,3.0,1.0,50.0
066993,JUNTOS POR EL PERÚ,24,25.0,1.0,4.166666666666666
067076,JUNTOS POR EL PERÚ,3,3.0,0.0,0.0
067184,JUNTOS POR EL PERÚ,0,0.0,0.0,
067237,JUNTOS POR EL PERÚ,33,39.0,6.0,18.181818181818183
067255,JUNTOS POR EL PERÚ,46,46.0,0.0,0.0
067408,JUNTOS POR EL PERÚ,50,42.0,-8.0,-16.0
067415,JUNTOS POR EL PERÚ,24,23.0,-1.0,-4.166666666666666
067465,JUNTOS POR EL PERÚ,35,35.0,0.0,0.0
067669,JUNTOS POR EL PERÚ,55,55.0,0.0,0.0
067885,JUNTOS POR EL PERÚ,15,14.0,-1.0,-6.666666666666667
067998,JUNTOS POR EL PERÚ,61,61.0,0.0,0.0
068309,JUNTOS POR EL PERÚ,21,21.0,0.0,0.0
068582,JUNTOS POR EL PERÚ,44,44.0,0.0,0.0
068689,JUNTOS POR EL PERÚ,14,14.0,0.0,0.0
068898,JUNTOS POR EL PERÚ,4,12.0,8.0,200.0
069109,JUNTOS POR EL PERÚ,29,29.0,0.0,0.0
069241,JUNTOS POR EL PERÚ,15,15.0,0.0,0.0
069256,JUNTOS POR EL PERÚ,7,8.0,1.0,14.285714285714285
069274,JUNTOS POR EL PERÚ,4,4.0,0.0,0.0
069441,JUNTOS POR EL PERÚ,10,11.0,1.0,10.0
069633,JUNTOS POR EL PERÚ,5,6.0,1.0,20.0
069701,JUNTOS POR EL PERÚ,10,,,
069764,JUNTOS POR EL PERÚ,3,3.0,0.0,0.0
069809,JUNTOS POR EL PERÚ,5,5.0,0.0,0.0
069839,JUNTOS POR EL PERÚ,9,9.0,0.0,0.0
069992,JUNTOS POR EL PERÚ,10,10.0,0.0,0.0
070083,JUNTOS POR EL PERÚ,16,11.0,-5.0,-31.25
070084,JUNTOS POR EL PERÚ,9,9.0,0.0,0.0
070106,JUNTOS POR EL PERÚ,6,7.0,1.0,16.666666666666664
070357,JUNTOS POR EL PERÚ,47,46.0,-1.0,-2.127659574468085
070523,JUNTOS POR EL PERÚ,49,52.0,3.0,6.122448979591836
070604,JUNTOS POR EL PERÚ,16,11.0,-5.0,-31.25
070630,JUNTOS POR EL PERÚ,17,12.0,-5.0,-29.411764705882355
070647,JUNTOS POR EL PERÚ,12,13.0,1.0,8.333333333333332
070659,JUNTOS POR EL PERÚ,9,8.0,-1.0,-11.11111111111111
070685,JUNTOS POR EL PERÚ,7,7.0,0.0,0.0
070737,JUNTOS POR EL PERÚ,8,10.0,2.0,25.0
070739,JUNTOS POR EL PERÚ,21,23.0,2.0,9.523809523809524
070741,JUNTOS POR EL PERÚ,18,18.0,0.0,0.0
070944,JUNTOS POR EL PERÚ,20,20.0,0.0,0.0
071006,JUNTOS POR EL PERÚ,7,7.0,0.0,0.0
071009,JUNTOS POR EL PERÚ,7,7.0,0.0,0.0
071030,JUNTOS POR EL PERÚ,12,12.0,0.0,0.0
071040,JUNTOS POR EL PERÚ,8,8.0,0.0,0.0
071083,JUNTOS POR EL PERÚ,13,14.0,1.0,7.6923076923076925
071237,JUNTOS POR EL PERÚ,9,9.0,0.0,0.0
071264,JUNTOS POR EL PERÚ,41,41.0,0.0,0.0
071274,JUNTOS POR EL PERÚ,50,47.0,-3.0,-6.0
071281,JUNTOS POR EL PERÚ,68,67.0,-1.0,-1.4705882352941175
071283,JUNTOS POR EL PERÚ,79,78.0,-1.0,-1.2658227848101267
071349,JUNTOS POR EL PERÚ,47,45.0,-2.0,-4.25531914893617
071364,JUNTOS POR EL PERÚ,11,11.0,0.0,0.0
071399,JUNTOS POR EL PERÚ,31,31.0,0.0,0.0
071410,JUNTOS POR EL PERÚ,77,78.0,1.0,1.2987012987012987
071431,JUNTOS POR EL PERÚ,46,47.0,1.0,2.1739130434782608
071444,JUNTOS POR EL PERÚ,29,27.0,-2.0,-6.896551724137931
071460,JUNTOS POR EL PERÚ,4,66.0,62.0,1550.0
071559,JUNTOS POR EL PERÚ,70,,,
071605,JUNTOS POR EL PERÚ,40,40.0,0.0,0.0
071682,JUNTOS POR EL PERÚ,45,45.0,0.0,0.0
071683,JUNTOS POR EL PERÚ,66,65.0,-1.0,-1.5151515151515151
071722,JUNTOS POR EL PERÚ,44,44.0,0.0,0.0
071846,JUNTOS POR EL PERÚ,6,7.0,1.0,16.666666666666664
071869,JUNTOS POR EL PERÚ,7,11.0,4.0,57.14285714285714
072144,JUNTOS POR EL PERÚ,31,33.0,2.0,6.451612903225806
072186,JUNTOS POR EL PERÚ,33,34.0,1.0,3.0303030303030303
072194,JUNTOS POR EL PERÚ,19,19.0,0.0,0.0
072323,JUNTOS POR EL PERÚ,12,12.0,0.0,0.0
072399,JUNTOS POR EL PERÚ,11,11.0,0.0,0.0
072427,JUNTOS POR EL PERÚ,9,9.0,0.0,0.0
072491,JUNTOS POR EL PERÚ,11,11.0,0.0,0.0
072496,JUNTOS POR EL PERÚ,12,11.0,-1.0,-8.333333333333332
072535,JUNTOS POR EL PERÚ,22,22.0,0.0,0.0
072691,JUNTOS POR EL PERÚ,10,8.0,-2.0,-20.0
072723,JUNTOS POR EL PERÚ,7,7.0,0.0,0.0
072756,JUNTOS POR EL PERÚ,7,9.0,2.0,28.57142857142857
072784,JUNTOS POR EL PERÚ,0,9.0,9.0,
072879,JUNTOS POR EL PERÚ,13,12.0,-1.0,-7.6923076923076925
072918,JUNTOS POR EL PERÚ,8,8.0,0.0,0.0
073010,JUNTOS POR EL PERÚ,7,7.0,0.0,0.0
073099,JUNTOS POR EL PERÚ,12,13.0,1.0,8.333333333333332
073140,JUNTOS POR EL PERÚ,4,,,
073189,JUNTOS POR EL PERÚ,8,4.0,-4.0,-50.0
073271,JUNTOS POR EL PERÚ,5,5.0,0.0,0.0
073325,JUNTOS POR EL PERÚ,5,,,
073409,JUNTOS POR EL PERÚ,11,,,
073721,JUNTOS POR EL PERÚ,9,,,
073754,JUNTOS POR EL PERÚ,9,,,
073763,JUNTOS POR EL PERÚ,10,,,
073788,JUNTOS POR EL PERÚ,6,,,
073849,JUNTOS POR EL PERÚ,7,,,
073853,JUNTOS POR EL PERÚ,8,,,
073890,JUNTOS POR EL PERÚ,9,8.0,-1.0,-11.11111111111111
073943,JUNTOS POR EL PERÚ,6,6.0,0.0,0.0
073973,JUNTOS POR EL PERÚ,20,22.0,2.0,10.0
074358,JUNTOS POR EL PERÚ,19,19.0,0.0,0.0
074551,JUNTOS POR EL PERÚ,44,45.0,1.0,2.272727272727273
074619,JUNTOS POR EL PERÚ,29,30.0,1.0,3.4482758620689653
074724,JUNTOS POR EL PERÚ,80,79.0,-1.0,-1.25
074730,JUNTOS POR EL PERÚ,58,71.0,13.0,22.413793103448278
075047,JUNTOS POR EL PERÚ,76,75.0,-1.0,-1.3157894736842104
075153,JUNTOS POR EL PERÚ,82,80.0,-2.0,-2.4390243902439024
075709,JUNTOS POR EL PERÚ,45,44.0,-1.0,-2.2222222222222223
076196,JUNTOS POR EL PERÚ,24,24.0,0.0,0.0
076330,JUNTOS POR EL PERÚ,18,20.0,2.0,11.11111111111111
076541,JUNTOS POR EL PERÚ,22,23.0,1.0,4.545454545454546
076949,JUNTOS POR EL PERÚ,45,40.0,-5.0,-11.11111111111111
077700,JUNTOS POR EL PERÚ,53,53.0,0.0,0.0
077933,JUNTOS POR EL PERÚ,63,63.0,0.0,0.0
077946,JUNTOS POR EL PERÚ,44,45.0,1.0,2.272727272727273
077950,JUNTOS POR EL PERÚ,32,31.0,-1.0,-3.125
078174,JUNTOS POR EL PERÚ,61,62.0,1.0,1.639344262295082
078218,JUNTOS POR EL PERÚ,55,53.0,-2.0,-3.6363636363636362
078388,JUNTOS POR EL PERÚ,14,15.0,1.0,7.142857142857142
078630,JUNTOS POR EL PERÚ,18,18.0,0.0,0.0
078652,JUNTOS POR EL PERÚ,21,21.0,0.0,0.0
078692,JUNTOS POR EL PERÚ,7,9.0,2.0,28.57142857142857
079028,JUNTOS POR EL PERÚ,34,35.0,1.0,2.941176470588235
079110,JUNTOS POR EL PERÚ,28,29.0,1.0,3.571428571428571
079159,JUNTOS POR EL PERÚ,42,41.0,-1.0,-2.380952380952381
079412,JUNTOS POR EL PERÚ,36,32.0,-4.0,-11.11111111111111
079465,JUNTOS POR EL PERÚ,88,81.0,-7.0,-7.954545454545454
079644,JUNTOS POR EL PERÚ,14,15.0,1.0,7.142857142857142
079852,JUNTOS POR EL PERÚ,18,19.0,1.0,5.555555555555555
079934,JUNTOS POR EL PERÚ,34,36.0,2.0,5.88235294117647
079940,JUNTOS POR EL PERÚ,20,20.0,0.0,0.0
080092,JUNTOS POR EL PERÚ,28,27.0,-1.0,-3.571428571428571
080116,JUNTOS POR EL PERÚ,33,33.0,0.0,0.0
080224,JUNTOS POR EL PERÚ,31,31.0,0.0,0.0
080228,JUNTOS POR EL PERÚ,20,21.0,1.0,5.0
080272,JUNTOS POR EL PERÚ,29,29.0,0.0,0.0
080427,JUNTOS POR EL PERÚ,49,52.0,3.0,6.122448979591836
080449,JUNTOS POR EL PERÚ,60,60.0,0.0,0.0
080594,JUNTOS POR EL PERÚ,8,7.0,-1.0,-12.5
080595,JUNTOS POR EL PERÚ,16,15.0,-1.0,-6.25
080609,JUNTOS POR EL PERÚ,6,6.0,0.0,0.0
080649,JUNTOS POR EL PERÚ,9,9.0,0.0,0.0
080720,JUNTOS POR EL PERÚ,9,7.0,-2.0,-22.22222222222222
080794,JUNTOS POR EL PERÚ,5,21.0,16.0,320.0
080829,JUNTOS POR EL PERÚ,10,10.0,0.0,0.0
080832,JUNTOS POR EL PERÚ,18,17.0,-1.0,-5.555555555555555
080847,JUNTOS POR EL PERÚ,13,13.0,0.0,0.0
080963,JUNTOS POR EL PERÚ,7,7.0,0.0,0.0
081051,JUNTOS POR EL PERÚ,13,14.0,1.0,7.6923076923076925
081053,JUNTOS POR EL PERÚ,5,5.0,0.0,0.0
081162,JUNTOS POR EL PERÚ,4,4.0,0.0,0.0
081175,JUNTOS POR EL PERÚ,1,1.0,0.0,0.0
081192,JUNTOS POR EL PERÚ,1,1.0,0.0,0.0
081212,JUNTOS POR EL PERÚ,0,1.0,1.0,
081240,JUNTOS POR EL PERÚ,3,3.0,0.0,0.0
081571,JUNTOS POR EL PERÚ,5,5.0,0.0,0.0
081590,JUNTOS POR EL PERÚ,1,1.0,0.0,0.0
081989,JUNTOS POR EL PERÚ,2,2.0,0.0,0.0
082585,JUNTOS POR EL PERÚ,0,0.0,0.0,
082766,JUNTOS POR EL PERÚ,2,2.0,0.0,0.0
082767,JUNTOS POR EL PERÚ,5,5.0,0.0,0.0
083060,JUNTOS POR EL PERÚ,2,2.0,0.0,0.0
083091,JUNTOS POR EL PERÚ,6,7.0,1.0,16.666666666666664
083188,JUNTOS POR EL PERÚ,4,5.0,1.0,25.0
083205,JUNTOS POR EL PERÚ,7,5.0,-2.0,-28.57142857142857
083582,JUNTOS POR EL PERÚ,8,8.0,0.0,0.0
084045,JUNTOS POR EL PERÚ,11,12.0,1.0,9.090909090909092
084047,JUNTOS POR EL PERÚ,12,13.0,1.0,8.333333333333332
084083,JUNTOS POR EL PERÚ,12,13.0,1.0,8.333333333333332
084162,JUNTOS POR EL PERÚ,7,8.0,1.0,14.285714285714285
084163,JUNTOS POR EL PERÚ,16,14.0,-2.0,-12.5
084209,JUNTOS POR EL PERÚ,21,19.0,-2.0,-9.523809523809524
084318,JUNTOS POR EL PERÚ,15,18.0,3.0,20.0
084319,JUNTOS POR EL PERÚ,11,9.0,-2.0,-18.181818181818183
084345,JUNTOS POR EL PERÚ,10,10.0,0.0,0.0
084394,JUNTOS POR EL PERÚ,11,12.0,1.0,9.090909090909092
084426,JUNTOS POR EL PERÚ,5,5.0,0.0,0.0
084457,JUNTOS POR EL PERÚ,9,,,
084480,JUNTOS POR EL PERÚ,17,16.0,-1.0,-5.88235294117647
084515,JUNTOS POR EL PERÚ,9,10.0,1.0,11.11111111111111
084564,JUNTOS POR EL PERÚ,12,10.0,-2.0,-16.666666666666664
084656,JUNTOS POR EL PERÚ,11,10.0,-1.0,-9.090909090909092
084760,JUNTOS POR EL PERÚ,15,17.0,2.0,13.333333333333334
084834,JUNTOS POR EL PERÚ,33,33.0,0.0,0.0
084992,JUNTOS POR EL PERÚ,12,12.0,0.0,0.0
085031,JUNTOS POR EL PERÚ,14,12.0,-2.0,-14.285714285714285
085056,JUNTOS POR EL PERÚ,17,18.0,1.0,5.88235294117647
085081,JUNTOS POR EL PERÚ,16,12.0,-4.0,-25.0
085084,JUNTOS POR EL PERÚ,10,11.0,1.0,10.0
085138,JUNTOS POR EL PERÚ,11,,,
085181,JUNTOS POR EL PERÚ,45,48.0,3.0,6.666666666666667
085298,JUNTOS POR EL PERÚ,41,41.0,0.0,0.0
085336,JUNTOS POR EL PERÚ,70,68.0,-2.0,-2.857142857142857
085355,JUNTOS POR EL PERÚ,59,75.0,16.0,27.11864406779661
085368,JUNTOS POR EL PERÚ,75,77.0,2.0,2.666666666666667
085390,JUNTOS POR EL PERÚ,16,,,
085434,JUNTOS POR EL PERÚ,13,,,
085535,JUNTOS POR EL PERÚ,0,2.0,2.0,
085787,JUNTOS POR EL PERÚ,5,5.0,0.0,0.0
085821,JUNTOS POR EL PERÚ,0,0.0,0.0,
085822,JUNTOS POR EL PERÚ,0,1.0,1.0,
085823,JUNTOS POR EL PERÚ,1,0.0,-1.0,-100.0
085905,JUNTOS POR EL PERÚ,2,2.0,0.0,0.0
085990,JUNTOS POR EL PERÚ,2,22.0,20.0,1000.0
086010,JUNTOS POR EL PERÚ,29,18.0,-11.0,-37.93103448275862
086025,JUNTOS POR EL PERÚ,0,4.0,4.0,
086032,JUNTOS POR EL PERÚ,0,2.0,2.0,
086034,JUNTOS POR EL PERÚ,0,0.0,0.0,
086049,JUNTOS POR EL PERÚ,0,1.0,1.0,
086058,JUNTOS POR EL PERÚ,0,5.0,5.0,
086064,JUNTOS POR EL PERÚ,0,0.0,0.0,
086084,JUNTOS POR EL PERÚ,0,3.0,3.0,
086123,JUNTOS POR EL PERÚ,0,4.0,4.0,
086195,JUNTOS POR EL PERÚ,0,5.0,5.0,
086208,JUNTOS POR EL PERÚ,7,7.0,0.0,0.0
086512,JUNTOS POR EL PERÚ,0,0.0,0.0,
086629,JUNTOS POR EL PERÚ,0,0.0,0.0,
086671,JUNTOS POR EL PERÚ,1,1.0,0.0,0.0
086687,JUNTOS POR EL PERÚ,0,3.0,3.0,
086697,JUNTOS POR EL PERÚ,0,0.0,0.0,
086710,JUNTOS POR EL PERÚ,1,1.0,0.0,0.0
086719,JUNTOS POR EL PERÚ,2,2.0,0.0,0.0
086767,JUNTOS POR EL PERÚ,0,2.0,2.0,
086769,JUNTOS POR EL PERÚ,0,3.0,3.0,
086772,JUNTOS POR EL PERÚ,0,0.0,0.0,
086780,JUNTOS POR EL PERÚ,0,0.0,0.0,
086782,JUNTOS POR EL PERÚ,0,0.0,0.0,
086783,JUNTOS POR EL PERÚ,0,1.0,1.0,
086785,JUNTOS POR EL PERÚ,0,0.0,0.0,
086789,JUNTOS POR EL PERÚ,0,0.0,0.0,
086797,JUNTOS POR EL PERÚ,0,2.0,2.0,
086813,JUNTOS POR EL PERÚ,0,2.0,2.0,
086824,JUNTOS POR EL PERÚ,0,0.0,0.0,
086826,JUNTOS POR EL PERÚ,0,0.0,0.0,
086828,JUNTOS POR EL PERÚ,0,2.0,2.0,
086959,JUNTOS POR EL PERÚ,11,1.0,-10.0,-90.9090909090909
087023,JUNTOS POR EL PERÚ,1,1.0,0.0,0.0
087053,JUNTOS POR EL PERÚ,1,1.0,0.0,0.0
087096,JUNTOS POR EL PERÚ,5,5.0,0.0,0.0
087289,JUNTOS POR EL PERÚ,0,2.0,2.0,
087363,JUNTOS POR EL PERÚ,5,5.0,0.0,0.0
087388,JUNTOS POR EL PERÚ,2,2.0,0.0,0.0
087398,JUNTOS POR EL PERÚ,0,5.0,5.0,
087403,JUNTOS POR EL PERÚ,0,1.0,1.0,
087456,JUNTOS POR EL PERÚ,5,5.0,0.0,0.0
087500,JUNTOS POR EL PERÚ,5,5.0,0.0,0.0
087625,JUNTOS POR EL PERÚ,3,2.0,-1.0,-33.33333333333333
087639,JUNTOS POR EL PERÚ,3,3.0,0.0,0.0
087676,JUNTOS POR EL PERÚ,1,4.0,3.0,300.0
087677,JUNTOS POR EL PERÚ,1,2.0,1.0,100.0
087678,JUNTOS POR EL PERÚ,1,1.0,0.0,0.0
087680,JUNTOS POR EL PERÚ,1,1.0,0.0,0.0
087681,JUNTOS POR EL PERÚ,4,2.0,-2.0,-50.0
087682,JUNTOS POR EL PERÚ,2,2.0,0.0,0.0
087683,JUNTOS POR EL PERÚ,1,1.0,0.0,0.0
087684,JUNTOS POR EL PERÚ,3,3.0,0.0,0.0
087685,JUNTOS POR EL PERÚ,2,2.0,0.0,0.0
087976,JUNTOS POR EL PERÚ,0,3.0,3.0,
088055,JUNTOS POR EL PERÚ,0,2.0,2.0,
088056,JUNTOS POR EL PERÚ,2,3.0,1.0,50.0
088057,JUNTOS POR EL PERÚ,0,0.0,0.0,
088058,JUNTOS POR EL PERÚ,0,3.0,3.0,
088059,JUNTOS POR EL PERÚ,0,2.0,2.0,
900093,JUNTOS POR EL PERÚ,98,98.0,0.0,0.0
900110,JUNTOS POR EL PERÚ,64,63.0,-1.0,-1.5625
900147,JUNTOS POR EL PERÚ,49,47.0,-2.0,-4.081632653061225
900375,JUNTOS POR EL PERÚ,29,30.0,1.0,3.4482758620689653
900409,JUNTOS POR EL PERÚ,70,69.0,-1.0,-1.4285714285714286
900547,JUNTOS POR EL PERÚ,0,33.0,33.0,
900549,JUNTOS POR EL PERÚ,87,82.0,-5.0,-5.747126436781609
901184,JUNTOS POR EL PERÚ,24,25.0,1.0,4.166666666666666
901250,JUNTOS POR EL PERÚ,63,67.0,4.0,6.349206349206349
901297,JUNTOS POR EL PERÚ,101,101.0,0.0,0.0
901357,JUNTOS POR EL PERÚ,115,110.0,-5.0,-4.3478260869565215
901510,JUNTOS POR EL PERÚ,68,68.0,0.0,0.0
901830,JUNTOS POR EL PERÚ,49,49.0,0.0,0.0
901884,JUNTOS POR EL PERÚ,22,21.0,-1.0,-4.545454545454546
901921,JUNTOS POR EL PERÚ,103,107.0,4.0,3.8834951456310676
902117,JUNTOS POR EL PERÚ,66,70.0,4.0,6.0606060606060606
902457,JUNTOS POR EL PERÚ,72,76.0,4.0,5.555555555555555
902524,JUNTOS POR EL PERÚ,32,33.0,1.0,3.125
902541,JUNTOS POR EL PERÚ,60,61.0,1.0,1.6666666666666667
902583,JUNTOS POR EL PERÚ,40,40.0,0.0,0.0
902686,JUNTOS POR EL PERÚ,14,16.0,2.0,14.285714285714285
902708,JUNTOS POR EL PERÚ,73,72.0,-1.0,-1.36986301369863
902725,JUNTOS POR EL PERÚ,93,93.0,0.0,0.0
902748,JUNTOS POR EL PERÚ,26,28.0,2.0,7.6923076923076925
902760,JUNTOS POR EL PERÚ,15,15.0,0.0,0.0
902911,JUNTOS POR EL PERÚ,60,62.0,2.0,3.3333333333333335
902929,JUNTOS POR EL PERÚ,13,14.0,1.0,7.6923076923076925
903132,JUNTOS POR EL PERÚ,13,13.0,0.0,0.0
903331,JUNTOS POR EL PERÚ,50,49.0,-1.0,-2.0
903358,JUNTOS POR EL PERÚ,56,57.0,1.0,1.7857142857142856
903434,JUNTOS POR EL PERÚ,54,56.0,2.0,3.7037037037037033
903457,JUNTOS POR EL PERÚ,5,5.0,0.0,0.0
903486,JUNTOS POR EL PERÚ,3,4.0,1.0,33.33333333333333
903740,JUNTOS POR EL PERÚ,9,10.0,1.0,11.11111111111111
903788,JUNTOS POR EL PERÚ,10,10.0,0.0,0.0
904006,JUNTOS POR EL PERÚ,52,53.0,1.0,1.9230769230769231
904017,JUNTOS POR EL PERÚ,28,,,
904033,JUNTOS POR EL PERÚ,110,111.0,1.0,0.9090909090909091
904447,JUNTOS POR EL PERÚ,60,62.0,2.0,3.3333333333333335
904631,JUNTOS POR EL PERÚ,7,0.0,-7.0,-100.0
004384,JUNTOS POR EL PERÚ,43,43.0,0.0,0.0
037542,JUNTOS POR EL PERÚ,10,10.0,0.0,0.0
044282,JUNTOS POR EL PERÚ,14,16.0,2.0,14.285714285714285
049019,JUNTOS POR EL PERÚ,3,3.0,0.0,0.0
049357,JUNTOS POR EL PERÚ,9,9.0,0.0,0.0
058979,JUNTOS POR EL PERÚ,9,8.0,-1.0,-11.11111111111111
069466,JUNTOS POR EL PERÚ,10,10.0,0.0,0.0
086060,JUNTOS POR EL PERÚ,0,4.0,4.0,
086614,JUNTOS POR EL PERÚ,0,2.0,2.0,
903206,JUNTOS POR EL PERÚ,20,21.0,1.0,5.0
903209,JUNTOS POR EL PERÚ,15,15.0,0.0,0.0
903214,JUNTOS POR EL PERÚ,0,18.0,18.0,
000034,RENOVACIÓN POPULAR,21,21.0,0.0,0.0
000123,RENOVACIÓN POPULAR,13,13.0,0.0,0.0
000356,RENOVACIÓN POPULAR,0,0.0,0.0,
000758,RENOVACIÓN POPULAR,0,0.0,0.0,
000812,RENOVACIÓN POPULAR,4,4.0,0.0,0.0
000962,RENOVACIÓN POPULAR,6,6.0,0.0,0.0
000990,RENOVACIÓN POPULAR,4,4.0,0.0,0.0
001015,RENOVACIÓN POPULAR,3,3.0,0.0,0.0
001046,RENOVACIÓN POPULAR,20,22.0,2.0,10.0
001386,RENOVACIÓN POPULAR,1,1.0,0.0,0.0
001560,RENOVACIÓN POPULAR,10,11.0,1.0,10.0
001675,RENOVACIÓN POPULAR,17,17.0,0.0,0.0
001763,RENOVACIÓN POPULAR,12,13.0,1.0,8.333333333333332
001947,RENOVACIÓN POPULAR,0,1.0,1.0,
001998,RENOVACIÓN POPULAR,8,8.0,0.0,0.0
002021,RENOVACIÓN POPULAR,1,1.0,0.0,0.0
002061,RENOVACIÓN POPULAR,2,2.0,0.0,0.0
002071,RENOVACIÓN POPULAR,4,4.0,0.0,0.0
002135,RENOVACIÓN POPULAR,3,3.0,0.0,0.0
002143,RENOVACIÓN POPULAR,11,5.0,-6.0,-54.54545454545454
002151,RENOVACIÓN POPULAR,3,3.0,0.0,0.0
002167,RENOVACIÓN POPULAR,7,8.0,1.0,14.285714285714285
002176,RENOVACIÓN POPULAR,5,5.0,0.0,0.0
002183,RENOVACIÓN POPULAR,2,2.0,0.0,0.0
002267,RENOVACIÓN POPULAR,2,2.0,0.0,0.0
002391,RENOVACIÓN POPULAR,5,6.0,1.0,20.0
002920,RENOVACIÓN POPULAR,24,25.0,1.0,4.166666666666666
003202,RENOVACIÓN POPULAR,5,5.0,0.0,0.0
003214,RENOVACIÓN POPULAR,2,2.0,0.0,0.0
003347,RENOVACIÓN POPULAR,13,14.0,1.0,7.6923076923076925
003403,RENOVACIÓN POPULAR,25,28.0,3.0,12.0
003404,RENOVACIÓN POPULAR,28,36.0,8.0,28.57142857142857
003562,RENOVACIÓN POPULAR,20,21.0,1.0,5.0
003574,RENOVACIÓN POPULAR,13,13.0,0.0,0.0
003630,RENOVACIÓN POPULAR,30,26.0,-4.0,-13.333333333333334
003724,RENOVACIÓN POPULAR,4,5.0,1.0,25.0
003737,RENOVACIÓN POPULAR,2,2.0,0.0,0.0
003955,RENOVACIÓN POPULAR,5,4.0,-1.0,-20.0
003956,RENOVACIÓN POPULAR,3,3.0,0.0,0.0
003958,RENOVACIÓN POPULAR,0,3.0,3.0,
003970,RENOVACIÓN POPULAR,7,7.0,0.0,0.0
003972,RENOVACIÓN POPULAR,0,8.0,8.0,
003978,RENOVACIÓN POPULAR,3,4.0,1.0,33.33333333333333
004042,RENOVACIÓN POPULAR,12,12.0,0.0,0.0
004073,RENOVACIÓN POPULAR,5,5.0,0.0,0.0
004539,RENOVACIÓN POPULAR,20,20.0,0.0,0.0
004616,RENOVACIÓN POPULAR,2,2.0,0.0,0.0
004661,RENOVACIÓN POPULAR,5,5.0,0.0,0.0
004768,RENOVACIÓN POPULAR,6,6.0,0.0,0.0
005178,RENOVACIÓN POPULAR,3,8.0,5.0,166.66666666666669
005260,RENOVACIÓN POPULAR,1,12.0,11.0,1100.0
006394,RENOVACIÓN POPULAR,4,10.0,6.0,150.0
007312,RENOVACIÓN POPULAR,3,19.0,16.0,533.3333333333333
008536,RENOVACIÓN POPULAR,1,0.0,-1.0,-100.0
008688,RENOVACIÓN POPULAR,6,6.0,0.0,0.0
008908,RENOVACIÓN POPULAR,20,21.0,1.0,5.0
009579,RENOVACIÓN POPULAR,9,9.0,0.0,0.0
009935,RENOVACIÓN POPULAR,0,1.0,1.0,
010142,RENOVACIÓN POPULAR,4,4.0,0.0,0.0
010396,RENOVACIÓN POPULAR,5,5.0,0.0,0.0
010646,RENOVACIÓN POPULAR,3,3.0,0.0,0.0
011386,RENOVACIÓN POPULAR,9,10.0,1.0,11.11111111111111
011421,RENOVACIÓN POPULAR,23,23.0,0.0,0.0
011456,RENOVACIÓN POPULAR,25,25.0,0.0,0.0
011515,RENOVACIÓN POPULAR,10,12.0,2.0,20.0
011577,RENOVACIÓN POPULAR,14,14.0,0.0,0.0
011662,RENOVACIÓN POPULAR,9,11.0,2.0,22.22222222222222
011761,RENOVACIÓN POPULAR,3,3.0,0.0,0.0
011857,RENOVACIÓN POPULAR,8,1.0,-7.0,-87.5
011862,RENOVACIÓN POPULAR,6,10.0,4.0,66.66666666666666
011864,RENOVACIÓN POPULAR,13,10.0,-3.0,-23.076923076923077
011867,RENOVACIÓN POPULAR,13,13.0,0.0,0.0
012119,RENOVACIÓN POPULAR,2,3.0,1.0,50.0
012144,RENOVACIÓN POPULAR,6,6.0,0.0,0.0
012254,RENOVACIÓN POPULAR,5,5.0,0.0,0.0
012673,RENOVACIÓN POPULAR,6,,,
013489,RENOVACIÓN POPULAR,15,14.0,-1.0,-6.666666666666667
013530,RENOVACIÓN POPULAR,10,9.0,-1.0,-10.0
013597,RENOVACIÓN POPULAR,12,12.0,0.0,0.0
013662,RENOVACIÓN POPULAR,11,10.0,-1.0,-9.090909090909092
013856,RENOVACIÓN POPULAR,3,2.0,-1.0,-33.33333333333333
013966,RENOVACIÓN POPULAR,6,5.0,-1.0,-16.666666666666664
013968,RENOVACIÓN POPULAR,2,2.0,0.0,0.0
014218,RENOVACIÓN POPULAR,1,1.0,0.0,0.0
014263,RENOVACIÓN POPULAR,6,6.0,0.0,0.0
014415,RENOVACIÓN POPULAR,2,3.0,1.0,50.0
014474,RENOVACIÓN POPULAR,4,4.0,0.0,0.0
014509,RENOVACIÓN POPULAR,4,5.0,1.0,25.0
014782,RENOVACIÓN POPULAR,19,18.0,-1.0,-5.263157894736842
015502,RENOVACIÓN POPULAR,22,22.0,0.0,0.0
015580,RENOVACIÓN POPULAR,13,13.0,0.0,0.0
015661,RENOVACIÓN POPULAR,9,9.0,0.0,0.0
015936,RENOVACIÓN POPULAR,31,36.0,5.0,16.129032258064516
016009,RENOVACIÓN POPULAR,2,2.0,0.0,0.0
016108,RENOVACIÓN POPULAR,3,2.0,-1.0,-33.33333333333333
016132,RENOVACIÓN POPULAR,2,2.0,0.0,0.0
016198,RENOVACIÓN POPULAR,2,2.0,0.0,0.0
016229,RENOVACIÓN POPULAR,2,2.0,0.0,0.0
016955,RENOVACIÓN POPULAR,0,2.0,2.0,
017044,RENOVACIÓN POPULAR,2,3.0,1.0,50.0
017171,RENOVACIÓN POPULAR,1,1.0,0.0,0.0
017373,RENOVACIÓN POPULAR,1,1.0,0.0,0.0
017378,RENOVACIÓN POPULAR,3,3.0,0.0,0.0
017436,RENOVACIÓN POPULAR,2,2.0,0.0,0.0
017600,RENOVACIÓN POPULAR,0,0.0,0.0,
017613,RENOVACIÓN POPULAR,1,1.0,0.0,0.0
017623,RENOVACIÓN POPULAR,4,4.0,0.0,0.0
017722,RENOVACIÓN POPULAR,2,2.0,0.0,0.0
017738,RENOVACIÓN POPULAR,0,0.0,0.0,
017804,RENOVACIÓN POPULAR,0,0.0,0.0,
017960,RENOVACIÓN POPULAR,1,1.0,0.0,0.0
017980,RENOVACIÓN POPULAR,1,3.0,2.0,200.0
018147,RENOVACIÓN POPULAR,0,0.0,0.0,
018272,RENOVACIÓN POPULAR,0,0.0,0.0,
018304,RENOVACIÓN POPULAR,12,12.0,0.0,0.0
018455,RENOVACIÓN POPULAR,11,11.0,0.0,0.0
018545,RENOVACIÓN POPULAR,4,4.0,0.0,0.0
018702,RENOVACIÓN POPULAR,2,2.0,0.0,0.0
018793,RENOVACIÓN POPULAR,1,1.0,0.0,0.0
018835,RENOVACIÓN POPULAR,13,13.0,0.0,0.0
019300,RENOVACIÓN POPULAR,33,3.0,-30.0,-90.9090909090909
019549,RENOVACIÓN POPULAR,29,26.0,-3.0,-10.344827586206897
019713,RENOVACIÓN POPULAR,17,15.0,-2.0,-11.76470588235294
019793,RENOVACIÓN POPULAR,1,14.0,13.0,1300.0
019858,RENOVACIÓN POPULAR,1,2.0,1.0,100.0
019864,RENOVACIÓN POPULAR,6,5.0,-1.0,-16.666666666666664
019918,RENOVACIÓN POPULAR,21,20.0,-1.0,-4.761904761904762
020032,RENOVACIÓN POPULAR,21,21.0,0.0,0.0
020074,RENOVACIÓN POPULAR,16,1.0,-15.0,-93.75
020105,RENOVACIÓN POPULAR,18,17.0,-1.0,-5.555555555555555
020127,RENOVACIÓN POPULAR,17,6.0,-11.0,-64.70588235294117
020222,RENOVACIÓN POPULAR,15,15.0,0.0,0.0
020235,RENOVACIÓN POPULAR,6,7.0,1.0,16.666666666666664
020275,RENOVACIÓN POPULAR,10,11.0,1.0,10.0
020287,RENOVACIÓN POPULAR,16,18.0,2.0,12.5
020360,RENOVACIÓN POPULAR,10,10.0,0.0,0.0
020394,RENOVACIÓN POPULAR,10,8.0,-2.0,-20.0
020717,RENOVACIÓN POPULAR,2,2.0,0.0,0.0
020949,RENOVACIÓN POPULAR,7,6.0,-1.0,-14.285714285714285
021028,RENOVACIÓN POPULAR,7,7.0,0.0,0.0
021030,RENOVACIÓN POPULAR,11,11.0,0.0,0.0
021077,RENOVACIÓN POPULAR,17,17.0,0.0,0.0
021119,RENOVACIÓN POPULAR,2,2.0,0.0,0.0
021124,RENOVACIÓN POPULAR,0,2.0,2.0,
021131,RENOVACIÓN POPULAR,1,1.0,0.0,0.0
021248,RENOVACIÓN POPULAR,6,5.0,-1.0,-16.666666666666664
021383,RENOVACIÓN POPULAR,1,1.0,0.0,0.0
021515,RENOVACIÓN POPULAR,3,3.0,0.0,0.0
021532,RENOVACIÓN POPULAR,5,4.0,-1.0,-20.0
021625,RENOVACIÓN POPULAR,33,34.0,1.0,3.0303030303030303
021796,RENOVACIÓN POPULAR,21,23.0,2.0,9.523809523809524
021911,RENOVACIÓN POPULAR,32,30.0,-2.0,-6.25
022061,RENOVACIÓN POPULAR,25,27.0,2.0,8.0
022088,RENOVACIÓN POPULAR,22,23.0,1.0,4.545454545454546
022146,RENOVACIÓN POPULAR,11,11.0,0.0,0.0
022279,RENOVACIÓN POPULAR,10,8.0,-2.0,-20.0
022323,RENOVACIÓN POPULAR,12,13.0,1.0,8.333333333333332
022339,RENOVACIÓN POPULAR,37,39.0,2.0,5.405405405405405
022437,RENOVACIÓN POPULAR,14,16.0,2.0,14.285714285714285
022470,RENOVACIÓN POPULAR,14,12.0,-2.0,-14.285714285714285
022519,RENOVACIÓN POPULAR,15,14.0,-1.0,-6.666666666666667
022571,RENOVACIÓN POPULAR,29,30.0,1.0,3.4482758620689653
022807,RENOVACIÓN POPULAR,29,30.0,1.0,3.4482758620689653
022860,RENOVACIÓN POPULAR,21,21.0,0.0,0.0
022936,RENOVACIÓN POPULAR,20,19.0,-1.0,-5.0
022944,RENOVACIÓN POPULAR,6,10.0,4.0,66.66666666666666
023120,RENOVACIÓN POPULAR,16,16.0,0.0,0.0
023156,RENOVACIÓN POPULAR,16,13.0,-3.0,-18.75
023242,RENOVACIÓN POPULAR,10,12.0,2.0,20.0
023369,RENOVACIÓN POPULAR,14,14.0,0.0,0.0
023438,RENOVACIÓN POPULAR,8,8.0,0.0,0.0
023487,RENOVACIÓN POPULAR,8,8.0,0.0,0.0
023506,RENOVACIÓN POPULAR,17,19.0,2.0,11.76470588235294
023560,RENOVACIÓN POPULAR,14,14.0,0.0,0.0
023621,RENOVACIÓN POPULAR,18,13.0,-5.0,-27.77777777777778
023677,RENOVACIÓN POPULAR,15,15.0,0.0,0.0
023696,RENOVACIÓN POPULAR,7,7.0,0.0,0.0
023735,RENOVACIÓN POPULAR,4,5.0,1.0,25.0
023738,RENOVACIÓN POPULAR,6,7.0,1.0,16.666666666666664
023877,RENOVACIÓN POPULAR,6,10.0,4.0,66.66666666666666
023884,RENOVACIÓN POPULAR,6,6.0,0.0,0.0
023931,RENOVACIÓN POPULAR,18,20.0,2.0,11.11111111111111
023977,RENOVACIÓN POPULAR,2,2.0,0.0,0.0
024694,RENOVACIÓN POPULAR,34,34.0,0.0,0.0
024998,RENOVACIÓN POPULAR,25,25.0,0.0,0.0
025218,RENOVACIÓN POPULAR,2,4.0,2.0,100.0
025277,RENOVACIÓN POPULAR,15,15.0,0.0,0.0
025789,RENOVACIÓN POPULAR,7,6.0,-1.0,-14.285714285714285
026226,RENOVACIÓN POPULAR,5,5.0,0.0,0.0
026396,RENOVACIÓN POPULAR,20,21.0,1.0,5.0
026485,RENOVACIÓN POPULAR,11,11.0,0.0,0.0
026491,RENOVACIÓN POPULAR,8,8.0,0.0,0.0
026624,RENOVACIÓN POPULAR,17,12.0,-5.0,-29.411764705882355
026664,RENOVACIÓN POPULAR,3,4.0,1.0,33.33333333333333
026758,RENOVACIÓN POPULAR,10,14.0,4.0,40.0
026764,RENOVACIÓN POPULAR,7,7.0,0.0,0.0
026773,RENOVACIÓN POPULAR,7,7.0,0.0,0.0
026797,RENOVACIÓN POPULAR,13,14.0,1.0,7.6923076923076925
027030,RENOVACIÓN POPULAR,5,5.0,0.0,0.0
027042,RENOVACIÓN POPULAR,3,5.0,2.0,66.66666666666666
027043,RENOVACIÓN POPULAR,6,6.0,0.0,0.0
027178,RENOVACIÓN POPULAR,6,7.0,1.0,16.666666666666664
027285,RENOVACIÓN POPULAR,6,7.0,1.0,16.666666666666664
027465,RENOVACIÓN POPULAR,2,2.0,0.0,0.0
027506,RENOVACIÓN POPULAR,30,31.0,1.0,3.3333333333333335
027514,RENOVACIÓN POPULAR,31,34.0,3.0,9.67741935483871
027749,RENOVACIÓN POPULAR,35,42.0,7.0,20.0
027768,RENOVACIÓN POPULAR,44,45.0,1.0,2.272727272727273
027838,RENOVACIÓN POPULAR,46,37.0,-9.0,-19.565217391304348
027850,RENOVACIÓN POPULAR,29,29.0,0.0,0.0
028004,RENOVACIÓN POPULAR,36,37.0,1.0,2.7777777777777777
028020,RENOVACIÓN POPULAR,32,32.0,0.0,0.0
028174,RENOVACIÓN POPULAR,47,46.0,-1.0,-2.127659574468085
028547,RENOVACIÓN POPULAR,13,14.0,1.0,7.6923076923076925
028554,RENOVACIÓN POPULAR,11,10.0,-1.0,-9.090909090909092
028624,RENOVACIÓN POPULAR,20,18.0,-2.0,-10.0
028653,RENOVACIÓN POPULAR,11,11.0,0.0,0.0
028683,RENOVACIÓN POPULAR,7,7.0,0.0,0.0
028812,RENOVACIÓN POPULAR,11,12.0,1.0,9.090909090909092
028901,RENOVACIÓN POPULAR,16,15.0,-1.0,-6.25
028943,RENOVACIÓN POPULAR,11,11.0,0.0,0.0
028969,RENOVACIÓN POPULAR,7,7.0,0.0,0.0
029039,RENOVACIÓN POPULAR,39,39.0,0.0,0.0
029043,RENOVACIÓN POPULAR,36,36.0,0.0,0.0
029136,RENOVACIÓN POPULAR,38,38.0,0.0,0.0
029173,RENOVACIÓN POPULAR,31,32.0,1.0,3.225806451612903
029177,RENOVACIÓN POPULAR,63,50.0,-13.0,-20.634920634920633
029231,RENOVACIÓN POPULAR,7,9.0,2.0,28.57142857142857
029309,RENOVACIÓN POPULAR,13,13.0,0.0,0.0
029338,RENOVACIÓN POPULAR,7,6.0,-1.0,-14.285714285714285
029408,RENOVACIÓN POPULAR,7,8.0,1.0,14.285714285714285
029439,RENOVACIÓN POPULAR,6,6.0,0.0,0.0
029855,RENOVACIÓN POPULAR,12,12.0,0.0,0.0
030054,RENOVACIÓN POPULAR,12,11.0,-1.0,-8.333333333333332
030055,RENOVACIÓN POPULAR,11,13.0,2.0,18.181818181818183
030102,RENOVACIÓN POPULAR,12,11.0,-1.0,-8.333333333333332
030148,RENOVACIÓN POPULAR,12,11.0,-1.0,-8.333333333333332
030239,RENOVACIÓN POPULAR,3,4.0,1.0,33.33333333333333
030264,RENOVACIÓN POPULAR,0,3.0,3.0,
030316,RENOVACIÓN POPULAR,9,9.0,0.0,0.0
030317,RENOVACIÓN POPULAR,2,2.0,0.0,0.0
030939,RENOVACIÓN POPULAR,17,18.0,1.0,5.88235294117647
030941,RENOVACIÓN POPULAR,9,15.0,6.0,66.66666666666666
030959,RENOVACIÓN POPULAR,10,10.0,0.0,0.0
031575,RENOVACIÓN POPULAR,12,11.0,-1.0,-8.333333333333332
031642,RENOVACIÓN POPULAR,9,9.0,0.0,0.0
031736,RENOVACIÓN POPULAR,11,9.0,-2.0,-18.181818181818183
031756,RENOVACIÓN POPULAR,13,13.0,0.0,0.0
031907,RENOVACIÓN POPULAR,11,13.0,2.0,18.181818181818183
031936,RENOVACIÓN POPULAR,11,11.0,0.0,0.0
031994,RENOVACIÓN POPULAR,11,12.0,1.0,9.090909090909092
032070,RENOVACIÓN POPULAR,5,4.0,-1.0,-20.0
032134,RENOVACIÓN POPULAR,5,5.0,0.0,0.0
032303,RENOVACIÓN POPULAR,13,12.0,-1.0,-7.6923076923076925
032324,RENOVACIÓN POPULAR,5,15.0,10.0,200.0
032341,RENOVACIÓN POPULAR,7,7.0,0.0,0.0
032362,RENOVACIÓN POPULAR,8,8.0,0.0,0.0
032363,RENOVACIÓN POPULAR,9,10.0,1.0,11.11111111111111
032367,RENOVACIÓN POPULAR,5,6.0,1.0,20.0
032389,RENOVACIÓN POPULAR,4,4.0,0.0,0.0
032394,RENOVACIÓN POPULAR,2,5.0,3.0,150.0
032411,RENOVACIÓN POPULAR,9,9.0,0.0,0.0
032439,RENOVACIÓN POPULAR,8,8.0,0.0,0.0
032440,RENOVACIÓN POPULAR,6,6.0,0.0,0.0
032447,RENOVACIÓN POPULAR,8,9.0,1.0,12.5
032482,RENOVACIÓN POPULAR,7,7.0,0.0,0.0
032510,RENOVACIÓN POPULAR,1,2.0,1.0,100.0
032574,RENOVACIÓN POPULAR,80,83.0,3.0,3.75
032674,RENOVACIÓN POPULAR,42,44.0,2.0,4.761904761904762
032791,RENOVACIÓN POPULAR,34,34.0,0.0,0.0
032851,RENOVACIÓN POPULAR,41,41.0,0.0,0.0
033157,RENOVACIÓN POPULAR,35,34.0,-1.0,-2.857142857142857
033309,RENOVACIÓN POPULAR,31,31.0,0.0,0.0
033428,RENOVACIÓN POPULAR,37,35.0,-2.0,-5.405405405405405
033534,RENOVACIÓN POPULAR,35,35.0,0.0,0.0
033548,RENOVACIÓN POPULAR,8,0.0,-8.0,-100.0
033629,RENOVACIÓN POPULAR,10,12.0,2.0,20.0
033665,RENOVACIÓN POPULAR,7,7.0,0.0,0.0
033872,RENOVACIÓN POPULAR,19,0.0,-19.0,-100.0
034169,RENOVACIÓN POPULAR,9,9.0,0.0,0.0
034213,RENOVACIÓN POPULAR,6,9.0,3.0,50.0
034321,RENOVACIÓN POPULAR,17,17.0,0.0,0.0
034487,RENOVACIÓN POPULAR,16,18.0,2.0,12.5
034569,RENOVACIÓN POPULAR,25,24.0,-1.0,-4.0
034615,RENOVACIÓN POPULAR,12,13.0,1.0,8.333333333333332
034620,RENOVACIÓN POPULAR,19,19.0,0.0,0.0
034816,RENOVACIÓN POPULAR,19,20.0,1.0,5.263157894736842
034823,RENOVACIÓN POPULAR,13,14.0,1.0,7.6923076923076925
034936,RENOVACIÓN POPULAR,10,0.0,-10.0,-100.0
034981,RENOVACIÓN POPULAR,12,14.0,2.0,16.666666666666664
035124,RENOVACIÓN POPULAR,2,2.0,0.0,0.0
035489,RENOVACIÓN POPULAR,9,0.0,-9.0,-100.0
035834,RENOVACIÓN POPULAR,4,4.0,0.0,0.0
035857,RENOVACIÓN POPULAR,4,4.0,0.0,0.0
036155,RENOVACIÓN POPULAR,59,59.0,0.0,0.0
036156,RENOVACIÓN POPULAR,37,38.0,1.0,2.7027027027027026
036366,RENOVACIÓN POPULAR,39,39.0,0.0,0.0
036510,RENOVACIÓN POPULAR,62,61.0,-1.0,-1.6129032258064515
036518,RENOVACIÓN POPULAR,36,30.0,-6.0,-16.666666666666664
036584,RENOVACIÓN POPULAR,40,37.0,-3.0,-7.5
036803,RENOVACIÓN POPULAR,44,24.0,-20.0,-45.45454545454545
036901,RENOVACIÓN POPULAR,50,50.0,0.0,0.0
037008,RENOVACIÓN POPULAR,25,32.0,7.0,28.000000000000004
037042,RENOVACIÓN POPULAR,26,28.0,2.0,7.6923076923076925
037065,RENOVACIÓN POPULAR,24,24.0,0.0,0.0
037084,RENOVACIÓN POPULAR,24,23.0,-1.0,-4.166666666666666
037126,RENOVACIÓN POPULAR,14,14.0,0.0,0.0
037298,RENOVACIÓN POPULAR,82,83.0,1.0,1.2195121951219512
037470,RENOVACIÓN POPULAR,14,17.0,3.0,21.428571428571427
037647,RENOVACIÓN POPULAR,18,18.0,0.0,0.0
037786,RENOVACIÓN POPULAR,33,39.0,6.0,18.181818181818183
038564,RENOVACIÓN POPULAR,41,42.0,1.0,2.4390243902439024
038740,RENOVACIÓN POPULAR,36,36.0,0.0,0.0
039366,RENOVACIÓN POPULAR,14,14.0,0.0,0.0
039495,RENOVACIÓN POPULAR,18,18.0,0.0,0.0
039692,RENOVACIÓN POPULAR,14,14.0,0.0,0.0
039763,RENOVACIÓN POPULAR,13,14.0,1.0,7.6923076923076925
039981,RENOVACIÓN POPULAR,27,29.0,2.0,7.4074074074074066
041701,RENOVACIÓN POPULAR,42,44.0,2.0,4.761904761904762
041801,RENOVACIÓN POPULAR,43,44.0,1.0,2.3255813953488373
041982,RENOVACIÓN POPULAR,43,44.0,1.0,2.3255813953488373
042799,RENOVACIÓN POPULAR,0,43.0,43.0,
042820,RENOVACIÓN POPULAR,37,39.0,2.0,5.405405405405405
042942,RENOVACIÓN POPULAR,44,45.0,1.0,2.272727272727273
043041,RENOVACIÓN POPULAR,37,37.0,0.0,0.0
043112,RENOVACIÓN POPULAR,32,32.0,0.0,0.0
044405,RENOVACIÓN POPULAR,29,30.0,1.0,3.4482758620689653
044511,RENOVACIÓN POPULAR,25,36.0,11.0,44.0
044549,RENOVACIÓN POPULAR,40,40.0,0.0,0.0
044560,RENOVACIÓN POPULAR,44,45.0,1.0,2.272727272727273
044573,RENOVACIÓN POPULAR,19,21.0,2.0,10.526315789473683
044616,RENOVACIÓN POPULAR,42,42.0,0.0,0.0
044645,RENOVACIÓN POPULAR,12,12.0,0.0,0.0
044663,RENOVACIÓN POPULAR,43,46.0,3.0,6.976744186046512
044716,RENOVACIÓN POPULAR,31,31.0,0.0,0.0
044936,RENOVACIÓN POPULAR,71,71.0,0.0,0.0
045210,RENOVACIÓN POPULAR,124,123.0,-1.0,-0.8064516129032258
045386,RENOVACIÓN POPULAR,87,88.0,1.0,1.1494252873563218
045414,RENOVACIÓN POPULAR,75,74.0,-1.0,-1.3333333333333335
045571,RENOVACIÓN POPULAR,15,20.0,5.0,33.33333333333333
045578,RENOVACIÓN POPULAR,18,18.0,0.0,0.0
045641,RENOVACIÓN POPULAR,20,20.0,0.0,0.0
045672,RENOVACIÓN POPULAR,0,16.0,16.0,
045739,RENOVACIÓN POPULAR,21,21.0,0.0,0.0
046051,RENOVACIÓN POPULAR,57,0.0,-57.0,-100.0
046347,RENOVACIÓN POPULAR,23,23.0,0.0,0.0
046865,RENOVACIÓN POPULAR,22,20.0,-2.0,-9.090909090909092
046976,RENOVACIÓN POPULAR,21,22.0,1.0,4.761904761904762
047093,RENOVACIÓN POPULAR,37,37.0,0.0,0.0
047096,RENOVACIÓN POPULAR,40,41.0,1.0,2.5
047181,RENOVACIÓN POPULAR,42,37.0,-5.0,-11.904761904761903
047193,RENOVACIÓN POPULAR,26,26.0,0.0,0.0
047202,RENOVACIÓN POPULAR,29,34.0,5.0,17.24137931034483
047613,RENOVACIÓN POPULAR,18,27.0,9.0,50.0
047619,RENOVACIÓN POPULAR,23,23.0,0.0,0.0
047635,RENOVACIÓN POPULAR,0,43.0,43.0,
047667,RENOVACIÓN POPULAR,35,35.0,0.0,0.0
048188,RENOVACIÓN POPULAR,23,23.0,0.0,0.0
048448,RENOVACIÓN POPULAR,50,50.0,0.0,0.0
048726,RENOVACIÓN POPULAR,49,50.0,1.0,2.0408163265306123
048780,RENOVACIÓN POPULAR,35,35.0,0.0,0.0
048879,RENOVACIÓN POPULAR,25,25.0,0.0,0.0
049140,RENOVACIÓN POPULAR,46,47.0,1.0,2.1739130434782608
049300,RENOVACIÓN POPULAR,26,26.0,0.0,0.0
049377,RENOVACIÓN POPULAR,36,38.0,2.0,5.555555555555555
049479,RENOVACIÓN POPULAR,39,39.0,0.0,0.0
049506,RENOVACIÓN POPULAR,34,34.0,0.0,0.0
050078,RENOVACIÓN POPULAR,70,69.0,-1.0,-1.4285714285714286
050314,RENOVACIÓN POPULAR,62,60.0,-2.0,-3.225806451612903
050519,RENOVACIÓN POPULAR,71,71.0,0.0,0.0
050554,RENOVACIÓN POPULAR,87,86.0,-1.0,-1.1494252873563218
050623,RENOVACIÓN POPULAR,76,58.0,-18.0,-23.684210526315788
050624,RENOVACIÓN POPULAR,67,68.0,1.0,1.4925373134328357
050634,RENOVACIÓN POPULAR,77,77.0,0.0,0.0
050645,RENOVACIÓN POPULAR,67,69.0,2.0,2.9850746268656714
050827,RENOVACIÓN POPULAR,148,147.0,-1.0,-0.6756756756756757
050981,RENOVACIÓN POPULAR,80,80.0,0.0,0.0
051071,RENOVACIÓN POPULAR,0,40.0,40.0,
051429,RENOVACIÓN POPULAR,84,109.0,25.0,29.761904761904763
051478,RENOVACIÓN POPULAR,109,99.0,-10.0,-9.174311926605505
051624,RENOVACIÓN POPULAR,77,77.0,0.0,0.0
051653,RENOVACIÓN POPULAR,74,82.0,8.0,10.81081081081081
052073,RENOVACIÓN POPULAR,21,22.0,1.0,4.761904761904762
052283,RENOVACIÓN POPULAR,23,30.0,7.0,30.434782608695656
052319,RENOVACIÓN POPULAR,29,28.0,-1.0,-3.4482758620689653
052337,RENOVACIÓN POPULAR,22,23.0,1.0,4.545454545454546
052395,RENOVACIÓN POPULAR,37,39.0,2.0,5.405405405405405
052539,RENOVACIÓN POPULAR,12,13.0,1.0,8.333333333333332
052653,RENOVACIÓN POPULAR,35,35.0,0.0,0.0
052803,RENOVACIÓN POPULAR,18,19.0,1.0,5.555555555555555
053114,RENOVACIÓN POPULAR,34,35.0,1.0,2.941176470588235
053186,RENOVACIÓN POPULAR,30,30.0,0.0,0.0
053193,RENOVACIÓN POPULAR,33,32.0,-1.0,-3.0303030303030303
054299,RENOVACIÓN POPULAR,30,31.0,1.0,3.3333333333333335
054339,RENOVACIÓN POPULAR,40,36.0,-4.0,-10.0
054429,RENOVACIÓN POPULAR,29,31.0,2.0,6.896551724137931
054936,RENOVACIÓN POPULAR,36,35.0,-1.0,-2.7777777777777777
054943,RENOVACIÓN POPULAR,85,84.0,-1.0,-1.1764705882352942
055006,RENOVACIÓN POPULAR,52,52.0,0.0,0.0
055193,RENOVACIÓN POPULAR,32,32.0,0.0,0.0
055247,RENOVACIÓN POPULAR,47,47.0,0.0,0.0
055253,RENOVACIÓN POPULAR,33,33.0,0.0,0.0
055258,RENOVACIÓN POPULAR,23,25.0,2.0,8.695652173913043
055271,RENOVACIÓN POPULAR,30,32.0,2.0,6.666666666666667
055393,RENOVACIÓN POPULAR,55,58.0,3.0,5.454545454545454
055501,RENOVACIÓN POPULAR,34,34.0,0.0,0.0
055534,RENOVACIÓN POPULAR,45,45.0,0.0,0.0
055635,RENOVACIÓN POPULAR,23,25.0,2.0,8.695652173913043
055637,RENOVACIÓN POPULAR,38,39.0,1.0,2.631578947368421
055757,RENOVACIÓN POPULAR,44,49.0,5.0,11.363636363636363
055772,RENOVACIÓN POPULAR,39,39.0,0.0,0.0
055808,RENOVACIÓN POPULAR,42,43.0,1.0,2.380952380952381
055885,RENOVACIÓN POPULAR,47,41.0,-6.0,-12.76595744680851
055973,RENOVACIÓN POPULAR,19,19.0,0.0,0.0
056391,RENOVACIÓN POPULAR,13,14.0,1.0,7.6923076923076925
056557,RENOVACIÓN POPULAR,19,21.0,2.0,10.526315789473683
056680,RENOVACIÓN POPULAR,40,40.0,0.0,0.0
057012,RENOVACIÓN POPULAR,14,14.0,0.0,0.0
057201,RENOVACIÓN POPULAR,13,25.0,12.0,92.3076923076923
057502,RENOVACIÓN POPULAR,18,18.0,0.0,0.0
057575,RENOVACIÓN POPULAR,32,31.0,-1.0,-3.125
057618,RENOVACIÓN POPULAR,17,16.0,-1.0,-5.88235294117647
057717,RENOVACIÓN POPULAR,26,25.0,-1.0,-3.8461538461538463
057746,RENOVACIÓN POPULAR,15,17.0,2.0,13.333333333333334
057747,RENOVACIÓN POPULAR,25,25.0,0.0,0.0
057852,RENOVACIÓN POPULAR,22,22.0,0.0,0.0
057941,RENOVACIÓN POPULAR,14,14.0,0.0,0.0
057951,RENOVACIÓN POPULAR,18,18.0,0.0,0.0
057981,RENOVACIÓN POPULAR,0,14.0,14.0,
058273,RENOVACIÓN POPULAR,10,9.0,-1.0,-10.0
058299,RENOVACIÓN POPULAR,23,26.0,3.0,13.043478260869565
058346,RENOVACIÓN POPULAR,14,14.0,0.0,0.0
058359,RENOVACIÓN POPULAR,28,28.0,0.0,0.0
058469,RENOVACIÓN POPULAR,8,9.0,1.0,12.5
058470,RENOVACIÓN POPULAR,15,15.0,0.0,0.0
058916,RENOVACIÓN POPULAR,38,38.0,0.0,0.0
058917,RENOVACIÓN POPULAR,35,35.0,0.0,0.0
058938,RENOVACIÓN POPULAR,36,36.0,0.0,0.0
058941,RENOVACIÓN POPULAR,39,20.0,-19.0,-48.717948717948715
058968,RENOVACIÓN POPULAR,25,26.0,1.0,4.0
059452,RENOVACIÓN POPULAR,25,25.0,0.0,0.0
059468,RENOVACIÓN POPULAR,27,30.0,3.0,11.11111111111111
059472,RENOVACIÓN POPULAR,22,28.0,6.0,27.27272727272727
059585,RENOVACIÓN POPULAR,26,26.0,0.0,0.0
059605,RENOVACIÓN POPULAR,14,18.0,4.0,28.57142857142857
059633,RENOVACIÓN POPULAR,36,36.0,0.0,0.0
059671,RENOVACIÓN POPULAR,27,25.0,-2.0,-7.4074074074074066
059736,RENOVACIÓN POPULAR,29,29.0,0.0,0.0
059803,RENOVACIÓN POPULAR,25,10.0,-15.0,-60.0
059821,RENOVACIÓN POPULAR,16,15.0,-1.0,-6.25
059841,RENOVACIÓN POPULAR,32,32.0,0.0,0.0
059951,RENOVACIÓN POPULAR,34,35.0,1.0,2.941176470588235
059973,RENOVACIÓN POPULAR,20,0.0,-20.0,-100.0
059981,RENOVACIÓN POPULAR,33,35.0,2.0,6.0606060606060606
059983,RENOVACIÓN POPULAR,24,24.0,0.0,0.0
059999,RENOVACIÓN POPULAR,27,28.0,1.0,3.7037037037037033
060046,RENOVACIÓN POPULAR,25,0.0,-25.0,-100.0
060049,RENOVACIÓN POPULAR,22,0.0,-22.0,-100.0
060055,RENOVACIÓN POPULAR,19,0.0,-19.0,-100.0
060105,RENOVACIÓN POPULAR,41,40.0,-1.0,-2.4390243902439024
060208,RENOVACIÓN POPULAR,22,0.0,-22.0,-100.0
060244,RENOVACIÓN POPULAR,27,27.0,0.0,0.0
060383,RENOVACIÓN POPULAR,23,24.0,1.0,4.3478260869565215
060471,RENOVACIÓN POPULAR,25,33.0,8.0,32.0
060498,RENOVACIÓN POPULAR,31,30.0,-1.0,-3.225806451612903
060499,RENOVACIÓN POPULAR,31,0.0,-31.0,-100.0
060518,RENOVACIÓN POPULAR,22,22.0,0.0,0.0
060528,RENOVACIÓN POPULAR,32,32.0,0.0,0.0
060565,RENOVACIÓN POPULAR,18,19.0,1.0,5.555555555555555
060570,RENOVACIÓN POPULAR,27,27.0,0.0,0.0
060753,RENOVACIÓN POPULAR,39,44.0,5.0,12.82051282051282
060807,RENOVACIÓN POPULAR,68,43.0,-25.0,-36.76470588235294
061124,RENOVACIÓN POPULAR,0,42.0,42.0,
061482,RENOVACIÓN POPULAR,39,38.0,-1.0,-2.564102564102564
061653,RENOVACIÓN POPULAR,0,52.0,52.0,
061802,RENOVACIÓN POPULAR,37,36.0,-1.0,-2.7027027027027026
062060,RENOVACIÓN POPULAR,37,39.0,2.0,5.405405405405405
062081,RENOVACIÓN POPULAR,34,19.0,-15.0,-44.11764705882353
062217,RENOVACIÓN POPULAR,13,13.0,0.0,0.0
062259,RENOVACIÓN POPULAR,8,8.0,0.0,0.0
062333,RENOVACIÓN POPULAR,28,33.0,5.0,17.857142857142858
062348,RENOVACIÓN POPULAR,15,16.0,1.0,6.666666666666667
062353,RENOVACIÓN POPULAR,16,17.0,1.0,6.25
062360,RENOVACIÓN POPULAR,16,16.0,0.0,0.0
062490,RENOVACIÓN POPULAR,0,20.0,20.0,
062532,RENOVACIÓN POPULAR,12,12.0,0.0,0.0
062533,RENOVACIÓN POPULAR,17,16.0,-1.0,-5.88235294117647
062555,RENOVACIÓN POPULAR,0,0.0,0.0,
062581,RENOVACIÓN POPULAR,8,8.0,0.0,0.0
062694,RENOVACIÓN POPULAR,12,12.0,0.0,0.0
062702,RENOVACIÓN POPULAR,15,17.0,2.0,13.333333333333334
062709,RENOVACIÓN POPULAR,21,22.0,1.0,4.761904761904762
062719,RENOVACIÓN POPULAR,8,19.0,11.0,137.5
063053,RENOVACIÓN POPULAR,22,25.0,3.0,13.636363636363635
063397,RENOVACIÓN POPULAR,16,17.0,1.0,6.25
063521,RENOVACIÓN POPULAR,3,4.0,1.0,33.33333333333333
063604,RENOVACIÓN POPULAR,2,2.0,0.0,0.0
063677,RENOVACIÓN POPULAR,11,14.0,3.0,27.27272727272727
063679,RENOVACIÓN POPULAR,12,13.0,1.0,8.333333333333332
063862,RENOVACIÓN POPULAR,17,17.0,0.0,0.0
063981,RENOVACIÓN POPULAR,28,32.0,4.0,14.285714285714285
064379,RENOVACIÓN POPULAR,15,13.0,-2.0,-13.333333333333334
064593,RENOVACIÓN POPULAR,12,12.0,0.0,0.0
064963,RENOVACIÓN POPULAR,6,6.0,0.0,0.0
065113,RENOVACIÓN POPULAR,17,17.0,0.0,0.0
065209,RENOVACIÓN POPULAR,25,11.0,-14.0,-56.00000000000001
065412,RENOVACIÓN POPULAR,1,2.0,1.0,100.0
065459,RENOVACIÓN POPULAR,6,6.0,0.0,0.0
065468,RENOVACIÓN POPULAR,16,8.0,-8.0,-50.0
065469,RENOVACIÓN POPULAR,13,13.0,0.0,0.0
065512,RENOVACIÓN POPULAR,2,2.0,0.0,0.0
065585,RENOVACIÓN POPULAR,7,7.0,0.0,0.0
065594,RENOVACIÓN POPULAR,77,9.0,-68.0,-88.31168831168831
065891,RENOVACIÓN POPULAR,12,12.0,0.0,0.0
065939,RENOVACIÓN POPULAR,12,3.0,-9.0,-75.0
065958,RENOVACIÓN POPULAR,17,17.0,0.0,0.0
066009,RENOVACIÓN POPULAR,12,12.0,0.0,0.0
066012,RENOVACIÓN POPULAR,8,9.0,1.0,12.5
066111,RENOVACIÓN POPULAR,4,4.0,0.0,0.0
066135,RENOVACIÓN POPULAR,7,0.0,-7.0,-100.0
066214,RENOVACIÓN POPULAR,11,10.0,-1.0,-9.090909090909092
066228,RENOVACIÓN POPULAR,4,4.0,0.0,0.0
066236,RENOVACIÓN POPULAR,8,8.0,0.0,0.0
066304,RENOVACIÓN POPULAR,11,10.0,-1.0,-9.090909090909092
066557,RENOVACIÓN POPULAR,10,11.0,1.0,10.0
066583,RENOVACIÓN POPULAR,2,7.0,5.0,250.0
066692,RENOVACIÓN POPULAR,3,3.0,0.0,0.0
066993,RENOVACIÓN POPULAR,5,6.0,1.0,20.0
067076,RENOVACIÓN POPULAR,10,11.0,1.0,10.0
067184,RENOVACIÓN POPULAR,4,4.0,0.0,0.0
067237,RENOVACIÓN POPULAR,4,4.0,0.0,0.0
067255,RENOVACIÓN POPULAR,4,4.0,0.0,0.0
067408,RENOVACIÓN POPULAR,10,11.0,1.0,10.0
067415,RENOVACIÓN POPULAR,8,8.0,0.0,0.0
067465,RENOVACIÓN POPULAR,13,17.0,4.0,30.76923076923077
067669,RENOVACIÓN POPULAR,2,2.0,0.0,0.0
067885,RENOVACIÓN POPULAR,9,9.0,0.0,0.0
067998,RENOVACIÓN POPULAR,1,0.0,-1.0,-100.0
068309,RENOVACIÓN POPULAR,4,4.0,0.0,0.0
068582,RENOVACIÓN POPULAR,2,2.0,0.0,0.0
068689,RENOVACIÓN POPULAR,6,5.0,-1.0,-16.666666666666664
068898,RENOVACIÓN POPULAR,29,26.0,-3.0,-10.344827586206897
069109,RENOVACIÓN POPULAR,6,3.0,-3.0,-50.0
069241,RENOVACIÓN POPULAR,35,34.0,-1.0,-2.857142857142857
069256,RENOVACIÓN POPULAR,52,56.0,4.0,7.6923076923076925
069274,RENOVACIÓN POPULAR,39,39.0,0.0,0.0
069441,RENOVACIÓN POPULAR,33,34.0,1.0,3.0303030303030303
069633,RENOVACIÓN POPULAR,42,48.0,6.0,14.285714285714285
069701,RENOVACIÓN POPULAR,33,,,
069764,RENOVACIÓN POPULAR,17,16.0,-1.0,-5.88235294117647
069809,RENOVACIÓN POPULAR,31,34.0,3.0,9.67741935483871
069839,RENOVACIÓN POPULAR,16,18.0,2.0,12.5
069992,RENOVACIÓN POPULAR,26,26.0,0.0,0.0
070083,RENOVACIÓN POPULAR,21,20.0,-1.0,-4.761904761904762
070084,RENOVACIÓN POPULAR,19,19.0,0.0,0.0
070106,RENOVACIÓN POPULAR,8,8.0,0.0,0.0
070357,RENOVACIÓN POPULAR,4,4.0,0.0,0.0
070523,RENOVACIÓN POPULAR,5,5.0,0.0,0.0
070604,RENOVACIÓN POPULAR,7,8.0,1.0,14.285714285714285
070630,RENOVACIÓN POPULAR,6,7.0,1.0,16.666666666666664
070647,RENOVACIÓN POPULAR,2,2.0,0.0,0.0
070659,RENOVACIÓN POPULAR,0,8.0,8.0,
070685,RENOVACIÓN POPULAR,2,2.0,0.0,0.0
070737,RENOVACIÓN POPULAR,8,8.0,0.0,0.0
070739,RENOVACIÓN POPULAR,5,6.0,1.0,20.0
070741,RENOVACIÓN POPULAR,6,7.0,1.0,16.666666666666664
070944,RENOVACIÓN POPULAR,8,10.0,2.0,25.0
071006,RENOVACIÓN POPULAR,15,19.0,4.0,26.666666666666668
071009,RENOVACIÓN POPULAR,20,22.0,2.0,10.0
071030,RENOVACIÓN POPULAR,12,13.0,1.0,8.333333333333332
071040,RENOVACIÓN POPULAR,14,13.0,-1.0,-7.142857142857142
071083,RENOVACIÓN POPULAR,9,9.0,0.0,0.0
071237,RENOVACIÓN POPULAR,12,12.0,0.0,0.0
071264,RENOVACIÓN POPULAR,1,1.0,0.0,0.0
071274,RENOVACIÓN POPULAR,0,0.0,0.0,
071281,RENOVACIÓN POPULAR,2,3.0,1.0,50.0
071283,RENOVACIÓN POPULAR,7,7.0,0.0,0.0
071349,RENOVACIÓN POPULAR,1,1.0,0.0,0.0
071364,RENOVACIÓN POPULAR,2,1.0,-1.0,-50.0
071399,RENOVACIÓN POPULAR,3,1.0,-2.0,-66.66666666666666
071410,RENOVACIÓN POPULAR,7,8.0,1.0,14.285714285714285
071431,RENOVACIÓN POPULAR,1,1.0,0.0,0.0
071444,RENOVACIÓN POPULAR,2,2.0,0.0,0.0
071460,RENOVACIÓN POPULAR,2,2.0,0.0,0.0
071559,RENOVACIÓN POPULAR,2,,,
071605,RENOVACIÓN POPULAR,1,1.0,0.0,0.0
071682,RENOVACIÓN POPULAR,5,4.0,-1.0,-20.0
071683,RENOVACIÓN POPULAR,0,1.0,1.0,
071722,RENOVACIÓN POPULAR,2,3.0,1.0,50.0
071846,RENOVACIÓN POPULAR,13,13.0,0.0,0.0
071869,RENOVACIÓN POPULAR,4,13.0,9.0,225.0
072144,RENOVACIÓN POPULAR,8,9.0,1.0,12.5
072186,RENOVACIÓN POPULAR,17,10.0,-7.0,-41.17647058823529
072194,RENOVACIÓN POPULAR,6,8.0,2.0,33.33333333333333
072323,RENOVACIÓN POPULAR,15,14.0,-1.0,-6.666666666666667
072399,RENOVACIÓN POPULAR,4,4.0,0.0,0.0
072427,RENOVACIÓN POPULAR,13,13.0,0.0,0.0
072491,RENOVACIÓN POPULAR,11,10.0,-1.0,-9.090909090909092
072496,RENOVACIÓN POPULAR,10,11.0,1.0,10.0
072535,RENOVACIÓN POPULAR,5,5.0,0.0,0.0
072691,RENOVACIÓN POPULAR,22,21.0,-1.0,-4.545454545454546
072723,RENOVACIÓN POPULAR,13,15.0,2.0,15.384615384615385
072756,RENOVACIÓN POPULAR,20,12.0,-8.0,-40.0
072784,RENOVACIÓN POPULAR,8,8.0,0.0,0.0
072879,RENOVACIÓN POPULAR,10,11.0,1.0,10.0
072918,RENOVACIÓN POPULAR,12,11.0,-1.0,-8.333333333333332
073010,RENOVACIÓN POPULAR,34,25.0,-9.0,-26.47058823529412
073099,RENOVACIÓN POPULAR,5,5.0,0.0,0.0
073140,RENOVACIÓN POPULAR,5,,,
073189,RENOVACIÓN POPULAR,8,10.0,2.0,25.0
073271,RENOVACIÓN POPULAR,5,7.0,2.0,40.0
073325,RENOVACIÓN POPULAR,2,,,
073409,RENOVACIÓN POPULAR,5,,,
073721,RENOVACIÓN POPULAR,9,,,
073754,RENOVACIÓN POPULAR,9,,,
073763,RENOVACIÓN POPULAR,7,,,
073788,RENOVACIÓN POPULAR,7,,,
073849,RENOVACIÓN POPULAR,16,,,
073853,RENOVACIÓN POPULAR,9,,,
073890,RENOVACIÓN POPULAR,8,11.0,3.0,37.5
073943,RENOVACIÓN POPULAR,7,8.0,1.0,14.285714285714285
073973,RENOVACIÓN POPULAR,3,5.0,2.0,66.66666666666666
074358,RENOVACIÓN POPULAR,2,3.0,1.0,50.0
074551,RENOVACIÓN POPULAR,2,2.0,0.0,0.0
074619,RENOVACIÓN POPULAR,4,4.0,0.0,0.0
074724,RENOVACIÓN POPULAR,5,4.0,-1.0,-20.0
074730,RENOVACIÓN POPULAR,8,7.0,-1.0,-12.5
075047,RENOVACIÓN POPULAR,5,5.0,0.0,0.0
075153,RENOVACIÓN POPULAR,0,0.0,0.0,
075709,RENOVACIÓN POPULAR,5,5.0,0.0,0.0
076196,RENOVACIÓN POPULAR,5,5.0,0.0,0.0
076330,RENOVACIÓN POPULAR,5,7.0,2.0,40.0
076541,RENOVACIÓN POPULAR,4,4.0,0.0,0.0
076949,RENOVACIÓN POPULAR,0,0.0,0.0,
077700,RENOVACIÓN POPULAR,5,5.0,0.0,0.0
077933,RENOVACIÓN POPULAR,0,0.0,0.0,
077946,RENOVACIÓN POPULAR,3,3.0,0.0,0.0
077950,RENOVACIÓN POPULAR,3,3.0,0.0,0.0
078174,RENOVACIÓN POPULAR,10,5.0,-5.0,-50.0
078218,RENOVACIÓN POPULAR,1,1.0,0.0,0.0
078388,RENOVACIÓN POPULAR,29,28.0,-1.0,-3.4482758620689653
078630,RENOVACIÓN POPULAR,11,12.0,1.0,9.090909090909092
078652,RENOVACIÓN POPULAR,2,2.0,0.0,0.0
078692,RENOVACIÓN POPULAR,9,10.0,1.0,11.11111111111111
079028,RENOVACIÓN POPULAR,6,8.0,2.0,33.33333333333333
079110,RENOVACIÓN POPULAR,33,3.0,-30.0,-90.9090909090909
079159,RENOVACIÓN POPULAR,14,14.0,0.0,0.0
079412,RENOVACIÓN POPULAR,24,19.0,-5.0,-20.833333333333336
079465,RENOVACIÓN POPULAR,8,7.0,-1.0,-12.5
079644,RENOVACIÓN POPULAR,16,16.0,0.0,0.0
079852,RENOVACIÓN POPULAR,26,26.0,0.0,0.0
079934,RENOVACIÓN POPULAR,10,12.0,2.0,20.0
079940,RENOVACIÓN POPULAR,12,14.0,2.0,16.666666666666664
080092,RENOVACIÓN POPULAR,5,5.0,0.0,0.0
080116,RENOVACIÓN POPULAR,11,11.0,0.0,0.0
080224,RENOVACIÓN POPULAR,13,13.0,0.0,0.0
080228,RENOVACIÓN POPULAR,6,8.0,2.0,33.33333333333333
080272,RENOVACIÓN POPULAR,7,7.0,0.0,0.0
080427,RENOVACIÓN POPULAR,2,2.0,0.0,0.0
080449,RENOVACIÓN POPULAR,3,4.0,1.0,33.33333333333333
080594,RENOVACIÓN POPULAR,6,8.0,2.0,33.33333333333333
080595,RENOVACIÓN POPULAR,15,15.0,0.0,0.0
080609,RENOVACIÓN POPULAR,7,9.0,2.0,28.57142857142857
080649,RENOVACIÓN POPULAR,7,8.0,1.0,14.285714285714285
080720,RENOVACIÓN POPULAR,7,7.0,0.0,0.0
080794,RENOVACIÓN POPULAR,19,18.0,-1.0,-5.263157894736842
080829,RENOVACIÓN POPULAR,13,13.0,0.0,0.0
080832,RENOVACIÓN POPULAR,11,11.0,0.0,0.0
080847,RENOVACIÓN POPULAR,10,10.0,0.0,0.0
080963,RENOVACIÓN POPULAR,14,13.0,-1.0,-7.142857142857142
081051,RENOVACIÓN POPULAR,6,6.0,0.0,0.0
081053,RENOVACIÓN POPULAR,10,11.0,1.0,10.0
081162,RENOVACIÓN POPULAR,31,31.0,0.0,0.0
081175,RENOVACIÓN POPULAR,26,26.0,0.0,0.0
081192,RENOVACIÓN POPULAR,25,26.0,1.0,4.0
081212,RENOVACIÓN POPULAR,39,39.0,0.0,0.0
081240,RENOVACIÓN POPULAR,37,37.0,0.0,0.0
081571,RENOVACIÓN POPULAR,37,37.0,0.0,0.0
081590,RENOVACIÓN POPULAR,46,46.0,0.0,0.0
081989,RENOVACIÓN POPULAR,25,25.0,0.0,0.0
082585,RENOVACIÓN POPULAR,43,44.0,1.0,2.3255813953488373
082766,RENOVACIÓN POPULAR,23,22.0,-1.0,-4.3478260869565215
082767,RENOVACIÓN POPULAR,32,32.0,0.0,0.0
083060,RENOVACIÓN POPULAR,40,39.0,-1.0,-2.5
083091,RENOVACIÓN POPULAR,26,31.0,5.0,19.230769230769234
083188,RENOVACIÓN POPULAR,20,22.0,2.0,10.0
083205,RENOVACIÓN POPULAR,16,17.0,1.0,6.25
083582,RENOVACIÓN POPULAR,16,16.0,0.0,0.0
084045,RENOVACIÓN POPULAR,4,9.0,5.0,125.0
084047,RENOVACIÓN POPULAR,15,16.0,1.0,6.666666666666667
084083,RENOVACIÓN POPULAR,0,13.0,13.0,
084162,RENOVACIÓN POPULAR,10,10.0,0.0,0.0
084163,RENOVACIÓN POPULAR,15,15.0,0.0,0.0
084209,RENOVACIÓN POPULAR,18,21.0,3.0,16.666666666666664
084318,RENOVACIÓN POPULAR,17,16.0,-1.0,-5.88235294117647
084319,RENOVACIÓN POPULAR,13,14.0,1.0,7.6923076923076925
084345,RENOVACIÓN POPULAR,21,21.0,0.0,0.0
084394,RENOVACIÓN POPULAR,7,8.0,1.0,14.285714285714285
084426,RENOVACIÓN POPULAR,18,17.0,-1.0,-5.555555555555555
084457,RENOVACIÓN POPULAR,4,,,
084480,RENOVACIÓN POPULAR,15,19.0,4.0,26.666666666666668
084515,RENOVACIÓN POPULAR,13,13.0,0.0,0.0
084564,RENOVACIÓN POPULAR,8,11.0,3.0,37.5
084656,RENOVACIÓN POPULAR,20,20.0,0.0,0.0
084760,RENOVACIÓN POPULAR,4,14.0,10.0,250.0
084834,RENOVACIÓN POPULAR,5,5.0,0.0,0.0
084992,RENOVACIÓN POPULAR,5,5.0,0.0,0.0
085031,RENOVACIÓN POPULAR,6,6.0,0.0,0.0
085056,RENOVACIÓN POPULAR,5,6.0,1.0,20.0
085081,RENOVACIÓN POPULAR,4,9.0,5.0,125.0
085084,RENOVACIÓN POPULAR,4,3.0,-1.0,-25.0
085138,RENOVACIÓN POPULAR,2,,,
085181,RENOVACIÓN POPULAR,11,11.0,0.0,0.0
085298,RENOVACIÓN POPULAR,19,19.0,0.0,0.0
085336,RENOVACIÓN POPULAR,4,4.0,0.0,0.0
085355,RENOVACIÓN POPULAR,5,7.0,2.0,40.0
085368,RENOVACIÓN POPULAR,1,1.0,0.0,0.0
085390,RENOVACIÓN POPULAR,0,,,
085434,RENOVACIÓN POPULAR,2,,,
085535,RENOVACIÓN POPULAR,0,7.0,7.0,
085787,RENOVACIÓN POPULAR,18,18.0,0.0,0.0
085821,RENOVACIÓN POPULAR,6,6.0,0.0,0.0
085822,RENOVACIÓN POPULAR,11,10.0,-1.0,-9.090909090909092
085823,RENOVACIÓN POPULAR,26,7.0,-19.0,-73.07692307692307
085905,RENOVACIÓN POPULAR,74,74.0,0.0,0.0
085990,RENOVACIÓN POPULAR,2,6.0,4.0,200.0
086010,RENOVACIÓN POPULAR,21,24.0,3.0,14.285714285714285
086025,RENOVACIÓN POPULAR,0,9.0,9.0,
086032,RENOVACIÓN POPULAR,0,16.0,16.0,
086034,RENOVACIÓN POPULAR,0,0.0,0.0,
086049,RENOVACIÓN POPULAR,0,26.0,26.0,
086058,RENOVACIÓN POPULAR,0,18.0,18.0,
086064,RENOVACIÓN POPULAR,0,0.0,0.0,
086084,RENOVACIÓN POPULAR,0,20.0,20.0,
086123,RENOVACIÓN POPULAR,0,30.0,30.0,
086195,RENOVACIÓN POPULAR,0,14.0,14.0,
086208,RENOVACIÓN POPULAR,14,14.0,0.0,0.0
086512,RENOVACIÓN POPULAR,0,59.0,59.0,
086629,RENOVACIÓN POPULAR,30,30.0,0.0,0.0
086671,RENOVACIÓN POPULAR,30,30.0,0.0,0.0
086687,RENOVACIÓN POPULAR,0,20.0,20.0,
086697,RENOVACIÓN POPULAR,29,28.0,-1.0,-3.4482758620689653
086710,RENOVACIÓN POPULAR,37,36.0,-1.0,-2.7027027027027026
086719,RENOVACIÓN POPULAR,36,38.0,2.0,5.555555555555555
086767,RENOVACIÓN POPULAR,0,37.0,37.0,
086769,RENOVACIÓN POPULAR,0,28.0,28.0,
086772,RENOVACIÓN POPULAR,0,53.0,53.0,
086780,RENOVACIÓN POPULAR,0,40.0,40.0,
086782,RENOVACIÓN POPULAR,0,39.0,39.0,
086783,RENOVACIÓN POPULAR,0,42.0,42.0,
086785,RENOVACIÓN POPULAR,0,45.0,45.0,
086789,RENOVACIÓN POPULAR,0,38.0,38.0,
086797,RENOVACIÓN POPULAR,0,39.0,39.0,
086813,RENOVACIÓN POPULAR,0,34.0,34.0,
086824,RENOVACIÓN POPULAR,0,21.0,21.0,
086826,RENOVACIÓN POPULAR,0,25.0,25.0,
086828,RENOVACIÓN POPULAR,0,17.0,17.0,
086959,RENOVACIÓN POPULAR,43,42.0,-1.0,-2.3255813953488373
087023,RENOVACIÓN POPULAR,34,35.0,1.0,2.941176470588235
087053,RENOVACIÓN POPULAR,55,54.0,-1.0,-1.8181818181818181
087096,RENOVACIÓN POPULAR,13,13.0,0.0,0.0
087289,RENOVACIÓN POPULAR,0,40.0,40.0,
087363,RENOVACIÓN POPULAR,29,29.0,0.0,0.0
087388,RENOVACIÓN POPULAR,30,33.0,3.0,10.0
087398,RENOVACIÓN POPULAR,0,16.0,16.0,
087403,RENOVACIÓN POPULAR,0,22.0,22.0,
087456,RENOVACIÓN POPULAR,17,18.0,1.0,5.88235294117647
087500,RENOVACIÓN POPULAR,31,30.0,-1.0,-3.225806451612903
087625,RENOVACIÓN POPULAR,38,39.0,1.0,2.631578947368421
087639,RENOVACIÓN POPULAR,27,29.0,2.0,7.4074074074074066
087676,RENOVACIÓN POPULAR,16,15.0,-1.0,-6.25
087677,RENOVACIÓN POPULAR,12,13.0,1.0,8.333333333333332
087678,RENOVACIÓN POPULAR,14,13.0,-1.0,-7.142857142857142
087680,RENOVACIÓN POPULAR,14,14.0,0.0,0.0
087681,RENOVACIÓN POPULAR,4,16.0,12.0,300.0
087682,RENOVACIÓN POPULAR,15,15.0,0.0,0.0
087683,RENOVACIÓN POPULAR,13,13.0,0.0,0.0
087684,RENOVACIÓN POPULAR,15,17.0,2.0,13.333333333333334
087685,RENOVACIÓN POPULAR,18,18.0,0.0,0.0
087976,RENOVACIÓN POPULAR,0,32.0,32.0,
088055,RENOVACIÓN POPULAR,0,64.0,64.0,
088056,RENOVACIÓN POPULAR,64,50.0,-14.0,-21.875
088057,RENOVACIÓN POPULAR,0,74.0,74.0,
088058,RENOVACIÓN POPULAR,0,52.0,52.0,
088059,RENOVACIÓN POPULAR,0,54.0,54.0,
900093,RENOVACIÓN POPULAR,1,1.0,0.0,0.0
900110,RENOVACIÓN POPULAR,1,1.0,0.0,0.0
900147,RENOVACIÓN POPULAR,3,4.0,1.0,33.33333333333333
900375,RENOVACIÓN POPULAR,5,5.0,0.0,0.0
900409,RENOVACIÓN POPULAR,0,0.0,0.0,
900547,RENOVACIÓN POPULAR,1,1.0,0.0,0.0
900549,RENOVACIÓN POPULAR,0,0.0,0.0,
901184,RENOVACIÓN POPULAR,0,0.0,0.0,
901250,RENOVACIÓN POPULAR,3,2.0,-1.0,-33.33333333333333
901297,RENOVACIÓN POPULAR,0,0.0,0.0,
901357,RENOVACIÓN POPULAR,1,1.0,0.0,0.0
901510,RENOVACIÓN POPULAR,0,0.0,0.0,
901830,RENOVACIÓN POPULAR,9,8.0,-1.0,-11.11111111111111
901884,RENOVACIÓN POPULAR,1,1.0,0.0,0.0
901921,RENOVACIÓN POPULAR,1,1.0,0.0,0.0
902117,RENOVACIÓN POPULAR,2,2.0,0.0,0.0
902457,RENOVACIÓN POPULAR,6,5.0,-1.0,-16.666666666666664
902524,RENOVACIÓN POPULAR,4,5.0,1.0,25.0
902541,RENOVACIÓN POPULAR,6,7.0,1.0,16.666666666666664
902583,RENOVACIÓN POPULAR,3,3.0,0.0,0.0
902686,RENOVACIÓN POPULAR,1,1.0,0.0,0.0
902708,RENOVACIÓN POPULAR,1,4.0,3.0,300.0
902725,RENOVACIÓN POPULAR,0,0.0,0.0,
902748,RENOVACIÓN POPULAR,6,7.0,1.0,16.666666666666664
902760,RENOVACIÓN POPULAR,9,11.0,2.0,22.22222222222222
902911,RENOVACIÓN POPULAR,2,3.0,1.0,50.0
902929,RENOVACIÓN POPULAR,0,0.0,0.0,
903132,RENOVACIÓN POPULAR,18,18.0,0.0,0.0
903331,RENOVACIÓN POPULAR,1,0.0,-1.0,-100.0
903358,RENOVACIÓN POPULAR,3,3.0,0.0,0.0
903434,RENOVACIÓN POPULAR,0,0.0,0.0,
903457,RENOVACIÓN POPULAR,6,7.0,1.0,16.666666666666664
903486,RENOVACIÓN POPULAR,30,33.0,3.0,10.0
903740,RENOVACIÓN POPULAR,1,1.0,0.0,0.0
903788,RENOVACIÓN POPULAR,5,5.0,0.0,0.0
904006,RENOVACIÓN POPULAR,1,1.0,0.0,0.0
904017,RENOVACIÓN POPULAR,3,,,
904033,RENOVACIÓN POPULAR,0,0.0,0.0,
904447,RENOVACIÓN POPULAR,0,0.0,0.0,
904631,RENOVACIÓN POPULAR,3,0.0,-3.0,-100.0
004384,RENOVACIÓN POPULAR,6,6.0,0.0,0.0
037542,RENOVACIÓN POPULAR,32,32.0,0.0,0.0
044282,RENOVACIÓN POPULAR,29,31.0,2.0,6.896551724137931
049019,RENOVACIÓN POPULAR,34,38.0,4.0,11.76470588235294
049357,RENOVACIÓN POPULAR,47,47.0,0.0,0.0
058979,RENOVACIÓN POPULAR,19,20.0,1.0,5.263157894736842
069466,RENOVACIÓN POPULAR,30,30.0,0.0,0.0
086060,RENOVACIÓN POPULAR,0,32.0,32.0,
086614,RENOVACIÓN POPULAR,0,46.0,46.0,
903206,RENOVACIÓN POPULAR,23,26.0,3.0,13.043478260869565
903209,RENOVACIÓN POPULAR,23,28.0,5.0,21.73913043478261
903214,RENOVACIÓN POPULAR,0,28.0,28.0,
