mpio_reg_code_7,votantes,votos_validos,votos_blanco,votos_nulos,indig_0011,indig_0285,indig_0234,indig_0006,indig_0306,indig_0252,indig_0188,indig_0237,indig_0300,indig_0347,icand_0011_000000|SOLO POR LA LISTA,icand_0011_000201|MARTHA ISABEL PERALTA EPIEYU,icand_0011_000202|NELSON CUCUÑAME LULIGO,icand_0011_000203|JULIO CESAR ESTRADA CORDERO,icand_0285_000000|SOLO POR LA LISTA,icand_0285_000201|RICHARD HUMBERTO FUELANTALA DELGADO,icand_0285_000202|ANTONIO DE JESUS GUEVARA BETANCUR,icand_0285_000203|ZUNILDA AMAYA URIANA,icand_0234_000000|SOLO POR LA LISTA,icand_0234_000201|LOT USIEL VILLAZON ARIAS,icand_0234_000202|MARIA YANETH CASTILLO MARCHENA,icand_0234_000203|ATANACIO MOSCOTE GIL,icand_0006_000000|SOLO POR LA LISTA,icand_0006_000201|JESUS OMERO CUASAPUD CHASPUENGAL,icand_0006_000202|MARIA ESPERANZA TARAPUEZ GUEPUD,icand_0006_000203|RUBEN MARINO BORJE,icand_0306_000000|SOLO POR LA LISTA,icand_0306_000201|ANDRES AGREDA CHICUNQUE,icand_0252_000000|SOLO POR LA LISTA,icand_0252_000201|JOSE MANUEL MAESTRE BELLO,icand_0252_000202|HERMES BOCANEGRA BARBOSA,icand_0252_000203|MARIA ARIXMENDI JULIAN USNAS,icand_0188_000000|SOLO POR LA LISTA,icand_0188_000201|JOSE WILMAN TUMBO CHEPE,icand_0188_000202|MANUEL JESUS MAVISOY JUAGIBIOY,icand_0188_000203|LUZ EMILSE PANCHI,icand_0237_000000|SOLO POR LA LISTA,icand_0237_000201|CARLOS ALBERTO REDONDO RINCON,icand_0300_000000|SOLO POR LA LISTA,icand_0300_000202|ROSA ELENA MONTAÑO SALGADO,icand_0300_000203|OSWALDO WILFREDO HUETIO PRIETO,icand_0347_000000|SOLO POR LA LISTA,icand_0347_000201|FABIAN JOSE ARRIETA ALDANA,censo,mesas_total,mesas_escrutadas,turnout_pct,pct_blanco,pct_nulo,winner_col,winner_votes,winner_pct,winner,winner_color,mpio_name_reg,mpio_dane_code,mpio_name_dane,dept_reg_code,dept_dane_code
0100001,5168,3444,2367,967,249,212,46,216,81,17,142,29,44,41,56,123,41,29,41,105,51,15,46,0,0,0,35,58,34,89,81,0,17,0,0,0,32,64,28,18,29,0,14,19,11,41,0,0,0,0,,68.72822299651567,18.711300309597522,indig_0011,249,7.229965156794425,"MOVIMIENTO ALTERNATIVO INDÍGENA Y SOCIAL ""MAIS""",#E30613,MEDELLIN,05001,MEDELLÍN,0100,01
0100004,13,7,6,0,0,0,0,0,0,0,1,0,0,0,0,0,0,0,0,0,0,0,0,0,0,0,0,0,0,0,0,0,0,0,0,0,0,1,0,0,0,0,0,0,0,0,0,0,0,0,,85.71428571428571,0.0,indig_0188,1,14.285714285714285,MOVIMIENTO UNIDAD EN MINGA POR COLOMBIA,#DA5403,ABEJORRAL,05002,ABEJORRAL,0100,01
0100007,4,2,2,0,0,0,0,0,0,0,0,0,0,0,0,0,0,0,0,0,0,0,0,0,0,0,0,0,0,0,0,0,0,0,0,0,0,0,0,0,0,0,0,0,0,0,0,0,0,0,,100.0,0.0,indig_0011,0,0.0,"MOVIMIENTO ALTERNATIVO INDÍGENA Y SOCIAL ""MAIS""",#E30613,ABRIAQUI,05004,ABRIAQUÍ,0100,01
0100010,27,1,1,15,0,0,0,0,0,0,0,0,0,0,0,0,0,0,0,0,0,0,0,0,0,0,0,0,0,0,0,0,0,0,0,0,0,0,0,0,0,0,0,0,0,0,0,0,0,0,,100.0,55.55555555555556,indig_0011,0,0.0,"MOVIMIENTO ALTERNATIVO INDÍGENA Y SOCIAL ""MAIS""",#E30613,ALEJANDRIA,05021,ALEJANDRÍA,0100,01
0100013,123,24,16,36,0,1,0,0,2,1,2,1,1,0,0,0,0,0,0,1,0,0,0,0,0,0,0,0,0,0,2,0,1,0,0,0,0,2,0,0,1,0,0,1,0,0,0,0,0,0,,66.66666666666666,29.268292682926827,indig_0306,2,8.333333333333332,"ASOCIACIÓN NACIONAL INDÍGENA DE COLOMBIA ""ANIC""",#659A02,AMAGA,05030,AMAGÁ,0100,01
0100016,26,5,5,9,0,0,0,0,0,0,0,0,0,0,0,0,0,0,0,0,0,0,0,0,0,0,0,0,0,0,0,0,0,0,0,0,0,0,0,0,0,0,0,0,0,0,0,0,0,0,,100.0,34.61538461538461,indig_0011,0,0.0,"MOVIMIENTO ALTERNATIVO INDÍGENA Y SOCIAL ""MAIS""",#E30613,AMALFI,05031,AMALFI,0100,01
0100019,69,16,10,23,2,2,0,2,0,0,0,0,0,0,1,1,0,0,1,0,1,0,0,0,0,0,1,0,0,1,0,0,0,0,0,0,0,0,0,0,0,0,0,0,0,0,0,0,0,0,,62.5,33.33333333333333,indig_0011,2,12.5,"MOVIMIENTO ALTERNATIVO INDÍGENA Y SOCIAL ""MAIS""",#E30613,ANDES,05034,ANDES,0100,01
0100022,30,2,2,18,0,0,0,0,0,0,0,0,0,0,0,0,0,0,0,0,0,0,0,0,0,0,0,0,0,0,0,0,0,0,0,0,0,0,0,0,0,0,0,0,0,0,0,0,0,0,,100.0,60.0,indig_0011,0,0.0,"MOVIMIENTO ALTERNATIVO INDÍGENA Y SOCIAL ""MAIS""",#E30613,ANGELOPOLIS,05036,ANGELÓPOLIS,0100,01
0100025,50,17,17,20,0,0,0,0,0,0,0,0,0,0,0,0,0,0,0,0,0,0,0,0,0,0,0,0,0,0,0,0,0,0,0,0,0,0,0,0,0,0,0,0,0,0,0,0,0,0,,100.0,40.0,indig_0011,0,0.0,"MOVIMIENTO ALTERNATIVO INDÍGENA Y SOCIAL ""MAIS""",#E30613,ANGOSTURA,05038,ANGOSTURA,0100,01
0100028,16,14,2,1,8,1,0,2,0,0,0,1,0,0,0,6,1,1,0,0,0,1,0,0,0,0,0,2,0,0,0,0,0,0,0,0,0,0,0,0,1,0,0,0,0,0,0,0,0,0,,14.285714285714285,6.25,indig_0011,8,57.14285714285714,"MOVIMIENTO ALTERNATIVO INDÍGENA Y SOCIAL ""MAIS""",#E30613,ANORI,05040,ANORÍ,0100,01
0100031,41,25,19,10,3,1,0,0,0,0,0,1,1,0,1,2,0,0,0,1,0,0,0,0,0,0,0,0,0,0,0,0,0,0,0,0,0,0,0,0,1,0,1,0,0,0,0,0,0,0,,76.0,24.390243902439025,indig_0011,3,12.0,"MOVIMIENTO ALTERNATIVO INDÍGENA Y SOCIAL ""MAIS""",#E30613,ANTIOQUIA,05042,SANTA FÉ DE ANTIOQUIA,0100,01
0100034,47,13,13,23,0,0,0,0,0,0,0,0,0,0,0,0,0,0,0,0,0,0,0,0,0,0,0,0,0,0,0,0,0,0,0,0,0,0,0,0,0,0,0,0,0,0,0,0,0,0,,100.0,48.93617021276596,indig_0011,0,0.0,"MOVIMIENTO ALTERNATIVO INDÍGENA Y SOCIAL ""MAIS""",#E30613,ANZA,05044,ANZÁ,0100,01
0100035,463,275,143,66,73,8,1,13,5,0,20,2,8,2,11,49,12,1,3,3,2,0,1,0,0,0,2,6,3,2,5,0,0,0,0,0,9,10,1,0,2,0,3,2,3,2,0,0,0,0,,52.0,14.254859611231103,indig_0011,73,26.545454545454543,"MOVIMIENTO ALTERNATIVO INDÍGENA Y SOCIAL ""MAIS""",#E30613,APARTADO,05045,APARTADÓ,0100,01
0100037,367,270,21,39,230,8,1,0,0,0,10,0,0,0,19,200,11,0,1,6,1,0,1,0,0,0,0,0,0,0,0,0,0,0,0,0,3,4,1,2,0,0,0,0,0,0,0,0,0,0,,7.777777777777778,10.626702997275205,indig_0011,230,85.18518518518519,"MOVIMIENTO ALTERNATIVO INDÍGENA Y SOCIAL ""MAIS""",#E30613,ARBOLETES,05051,ARBOLETES,0100,01
0100039,24,5,4,5,0,0,0,0,0,0,0,0,1,0,0,0,0,0,0,0,0,0,0,0,0,0,0,0,0,0,0,0,0,0,0,0,0,0,0,0,0,0,1,0,0,0,0,0,0,0,,80.0,20.833333333333336,indig_0300,1,20.0,MOVIMIENTO SI,#E538E8,ARGELIA,05055,ARGELIA,0100,01
0100040,5,0,0,2,0,0,0,0,0,0,0,0,0,0,0,0,0,0,0,0,0,0,0,0,0,0,0,0,0,0,0,0,0,0,0,0,0,0,0,0,0,0,0,0,0,0,0,0,0,0,,,40.0,indig_0011,0,,"MOVIMIENTO ALTERNATIVO INDÍGENA Y SOCIAL ""MAIS""",#E30613,ARMENIA,05059,ARMENIA,0100,01
0100043,302,159,117,61,4,5,1,27,3,0,0,0,1,1,2,2,0,0,1,2,1,1,1,0,0,0,1,26,0,0,3,0,0,0,0,0,0,0,0,0,0,0,1,0,0,1,0,0,0,0,,73.58490566037736,20.198675496688743,indig_0006,27,16.9811320754717,"MOVIMIENTO AUTORIDADES INDÍGENAS DE COLOMBIA ""AICO""",#C05B16,BARBOSA,05079,BARBOSA,0100,01
0100046,12,5,5,4,0,0,0,0,0,0,0,0,0,0,0,0,0,0,0,0,0,0,0,0,0,0,0,0,0,0,0,0,0,0,0,0,0,0,0,0,0,0,0,0,0,0,0,0,0,0,,100.0,33.33333333333333,indig_0011,0,0.0,"MOVIMIENTO ALTERNATIVO INDÍGENA Y SOCIAL ""MAIS""",#E30613,BELMIRA,05086,BELMIRA,0100,01
0100049,1540,956,713,311,76,40,10,26,44,2,18,4,12,11,19,29,21,7,12,15,11,2,10,0,0,0,5,4,5,12,44,0,2,0,0,0,2,9,4,3,4,0,7,5,0,11,0,0,0,0,,74.581589958159,20.194805194805195,indig_0011,76,7.949790794979079,"MOVIMIENTO ALTERNATIVO INDÍGENA Y SOCIAL ""MAIS""",#E30613,BELLO,05088,BELLO,0100,01
0100052,9,3,3,6,0,0,0,0,0,0,0,0,0,0,0,0,0,0,0,0,0,0,0,0,0,0,0,0,0,0,0,0,0,0,0,0,0,0,0,0,0,0,0,0,0,0,0,0,0,0,,100.0,66.66666666666666,indig_0011,0,0.0,"MOVIMIENTO ALTERNATIVO INDÍGENA Y SOCIAL ""MAIS""",#E30613,BETANIA,05091,BETANIA,0100,01
0100055,30,2,1,1,0,0,0,1,0,0,0,0,0,0,0,0,0,0,0,0,0,0,0,0,0,0,1,0,0,0,0,0,0,0,0,0,0,0,0,0,0,0,0,0,0,0,0,0,0,0,,50.0,3.3333333333333335,indig_0006,1,50.0,"MOVIMIENTO AUTORIDADES INDÍGENAS DE COLOMBIA ""AICO""",#C05B16,BETULIA,05093,BETULIA,0100,01
0100058,122,103,2,8,97,1,0,0,1,0,2,0,0,0,7,88,1,1,0,1,0,0,0,0,0,0,0,0,0,0,1,0,0,0,0,0,2,0,0,0,0,0,0,0,0,0,0,0,0,0,,1.9417475728155338,6.557377049180328,indig_0011,97,94.1747572815534,"MOVIMIENTO ALTERNATIVO INDÍGENA Y SOCIAL ""MAIS""",#E30613,BOLIVAR,05101,CIUDAD BOLÍVAR,0100,01
0100061,42,8,8,22,0,0,0,0,0,0,0,0,0,0,0,0,0,0,0,0,0,0,0,0,0,0,0,0,0,0,0,0,0,0,0,0,0,0,0,0,0,0,0,0,0,0,0,0,0,0,,100.0,52.38095238095239,indig_0011,0,0.0,"MOVIMIENTO ALTERNATIVO INDÍGENA Y SOCIAL ""MAIS""",#E30613,BURITICA,05113,BURITICÁ,0100,01
0100062,0,0,0,0,0,0,0,0,0,0,0,0,0,0,0,0,0,0,0,0,0,0,0,0,0,0,0,0,0,0,0,0,0,0,0,0,0,0,0,0,0,0,0,0,0,0,0,0,0,0,,,,indig_0011,0,,"MOVIMIENTO ALTERNATIVO INDÍGENA Y SOCIAL ""MAIS""",#E30613,BRICEÑO,05107,BRICEÑO,0100,01
0100064,243,86,59,38,10,4,0,10,0,0,2,0,1,0,1,3,3,3,3,0,1,0,0,0,0,0,2,7,1,0,0,0,0,0,0,0,0,1,0,1,0,0,1,0,0,0,0,0,0,0,,68.6046511627907,15.637860082304528,indig_0011,10,11.627906976744185,"MOVIMIENTO ALTERNATIVO INDÍGENA Y SOCIAL ""MAIS""",#E30613,CACERES,05120,CÁCERES,0100,01
0100067,21,5,5,8,0,0,0,0,0,0,0,0,0,0,0,0,0,0,0,0,0,0,0,0,0,0,0,0,0,0,0,0,0,0,0,0,0,0,0,0,0,0,0,0,0,0,0,0,0,0,,100.0,38.095238095238095,indig_0011,0,0.0,"MOVIMIENTO ALTERNATIVO INDÍGENA Y SOCIAL ""MAIS""",#E30613,CAICEDO,05125,CAICEDO,0100,01
0100070,133,65,51,36,6,0,0,5,1,0,0,0,1,1,3,2,1,0,0,0,0,0,0,0,0,0,0,2,0,3,1,0,0,0,0,0,0,0,0,0,0,0,0,0,1,1,0,0,0,0,,78.46153846153847,27.06766917293233,indig_0011,6,9.230769230769232,"MOVIMIENTO ALTERNATIVO INDÍGENA Y SOCIAL ""MAIS""",#E30613,CALDAS,05129,CALDAS,0100,01
0100073,39,13,13,9,0,0,0,0,0,0,0,0,0,0,0,0,0,0,0,0,0,0,0,0,0,0,0,0,0,0,0,0,0,0,0,0,0,0,0,0,0,0,0,0,0,0,0,0,0,0,,100.0,23.076923076923077,indig_0011,0,0.0,"MOVIMIENTO ALTERNATIVO INDÍGENA Y SOCIAL ""MAIS""",#E30613,CAMPAMENTO,05134,CAMPAMENTO,0100,01
0100076,85,6,5,33,0,0,0,1,0,0,0,0,0,0,0,0,0,0,0,0,0,0,0,0,0,0,0,1,0,0,0,0,0,0,0,0,0,0,0,0,0,0,0,0,0,0,0,0,0,0,,83.33333333333334,38.82352941176471,indig_0006,1,16.666666666666664,"MOVIMIENTO AUTORIDADES INDÍGENAS DE COLOMBIA ""AICO""",#C05B16,CAÑASGORDAS,05138,CAÑASGORDAS,0100,01
0100078,0,0,0,0,0,0,0,0,0,0,0,0,0,0,0,0,0,0,0,0,0,0,0,0,0,0,0,0,0,0,0,0,0,0,0,0,0,0,0,0,0,0,0,0,0,0,0,0,0,0,,,,indig_0011,0,,"MOVIMIENTO ALTERNATIVO INDÍGENA Y SOCIAL ""MAIS""",#E30613,CARACOLI,05142,CARACOLÍ,0100,01
0100079,1,1,0,0,1,0,0,0,0,0,0,0,0,0,0,0,0,1,0,0,0,0,0,0,0,0,0,0,0,0,0,0,0,0,0,0,0,0,0,0,0,0,0,0,0,0,0,0,0,0,,0.0,0.0,indig_0011,1,100.0,"MOVIMIENTO ALTERNATIVO INDÍGENA Y SOCIAL ""MAIS""",#E30613,CARAMANTA,05145,CARAMANTA,0100,01
0100080,192,108,64,22,7,9,0,5,1,5,10,0,4,3,2,3,2,0,3,4,2,0,0,0,0,0,1,3,1,0,1,0,5,0,0,0,1,7,2,0,0,0,1,3,0,3,0,0,0,0,,59.25925925925925,11.458333333333332,indig_0188,10,9.25925925925926,MOVIMIENTO UNIDAD EN MINGA POR COLOMBIA,#DA5403,CAREPA,05147,CAREPA,0100,01
0100082,130,84,70,31,1,5,0,8,0,0,0,0,0,0,0,1,0,0,1,2,0,2,0,0,0,0,1,0,0,7,0,0,0,0,0,0,0,0,0,0,0,0,0,0,0,0,0,0,0,0,,83.33333333333334,23.846153846153847,indig_0006,8,9.523809523809524,"MOVIMIENTO AUTORIDADES INDÍGENAS DE COLOMBIA ""AICO""",#C05B16,CARMEN DE VIBORAL,05148,EL CARMEN DE VIBORAL,0100,01
0100085,11,1,1,3,0,0,0,0,0,0,0,0,0,0,0,0,0,0,0,0,0,0,0,0,0,0,0,0,0,0,0,0,0,0,0,0,0,0,0,0,0,0,0,0,0,0,0,0,0,0,,100.0,27.27272727272727,indig_0011,0,0.0,"MOVIMIENTO ALTERNATIVO INDÍGENA Y SOCIAL ""MAIS""",#E30613,CAROLINA,05150,CAROLINA,0100,01
0100088,520,200,99,142,62,3,1,3,4,1,14,1,9,3,17,34,8,3,2,0,0,1,1,0,0,0,1,0,1,1,4,0,1,0,0,0,4,3,3,4,1,0,7,2,0,3,0,0,0,0,,49.5,27.307692307692307,indig_0011,62,31.0,"MOVIMIENTO ALTERNATIVO INDÍGENA Y SOCIAL ""MAIS""",#E30613,CAUCASIA,05154,CAUCASIA,0100,01
0100091,51,6,6,14,0,0,0,0,0,0,0,0,0,0,0,0,0,0,0,0,0,0,0,0,0,0,0,0,0,0,0,0,0,0,0,0,0,0,0,0,0,0,0,0,0,0,0,0,0,0,,100.0,27.450980392156865,indig_0011,0,0.0,"MOVIMIENTO ALTERNATIVO INDÍGENA Y SOCIAL ""MAIS""",#E30613,CISNEROS,05190,CISNEROS,0100,01
0100094,21,18,2,2,16,0,0,0,0,0,0,0,0,0,0,13,3,0,0,0,0,0,0,0,0,0,0,0,0,0,0,0,0,0,0,0,0,0,0,0,0,0,0,0,0,0,0,0,0,0,,11.11111111111111,9.523809523809524,indig_0011,16,88.88888888888889,"MOVIMIENTO ALTERNATIVO INDÍGENA Y SOCIAL ""MAIS""",#E30613,COCORNA,05197,COCORNÁ,0100,01
0100097,0,0,0,0,0,0,0,0,0,0,0,0,0,0,0,0,0,0,0,0,0,0,0,0,0,0,0,0,0,0,0,0,0,0,0,0,0,0,0,0,0,0,0,0,0,0,0,0,0,0,,,,indig_0011,0,,"MOVIMIENTO ALTERNATIVO INDÍGENA Y SOCIAL ""MAIS""",#E30613,CONCEPCION,05206,CONCEPCIÓN,0100,01
0100100,17,7,7,5,0,0,0,0,0,0,0,0,0,0,0,0,0,0,0,0,0,0,0,0,0,0,0,0,0,0,0,0,0,0,0,0,0,0,0,0,0,0,0,0,0,0,0,0,0,0,,100.0,29.411764705882355,indig_0011,0,0.0,"MOVIMIENTO ALTERNATIVO INDÍGENA Y SOCIAL ""MAIS""",#E30613,CONCORDIA,05209,CONCORDIA,0100,01
0100103,203,116,92,50,8,5,0,6,0,0,3,1,0,1,2,4,1,1,1,2,2,0,0,0,0,0,2,3,0,1,0,0,0,0,0,0,1,0,1,1,1,0,0,0,0,1,0,0,0,0,,79.3103448275862,24.63054187192118,indig_0011,8,6.896551724137931,"MOVIMIENTO ALTERNATIVO INDÍGENA Y SOCIAL ""MAIS""",#E30613,COPACABANA,05212,COPACABANA,0100,01
0100106,306,191,73,33,89,6,3,5,3,0,8,0,2,2,14,64,6,5,3,2,0,1,3,0,0,0,2,2,0,1,3,0,0,0,0,0,3,4,1,0,0,0,0,0,2,2,0,0,0,0,,38.21989528795812,10.784313725490197,indig_0011,89,46.596858638743456,"MOVIMIENTO ALTERNATIVO INDÍGENA Y SOCIAL ""MAIS""",#E30613,CHIGORODO,05172,CHIGORODÓ,0100,01
0100109,107,67,13,15,50,0,1,1,1,0,1,0,0,0,7,40,3,0,0,0,0,0,1,0,0,0,0,1,0,0,1,0,0,0,0,0,1,0,0,0,0,0,0,0,0,0,0,0,0,0,,19.402985074626866,14.018691588785046,indig_0011,50,74.6268656716418,"MOVIMIENTO ALTERNATIVO INDÍGENA Y SOCIAL ""MAIS""",#E30613,DABEIBA,05234,DABEIBA,0100,01
0100112,52,14,14,15,0,0,0,0,0,0,0,0,0,0,0,0,0,0,0,0,0,0,0,0,0,0,0,0,0,0,0,0,0,0,0,0,0,0,0,0,0,0,0,0,0,0,0,0,0,0,,100.0,28.846153846153843,indig_0011,0,0.0,"MOVIMIENTO ALTERNATIVO INDÍGENA Y SOCIAL ""MAIS""",#E30613,DON MATIAS,05237,DONMATÍAS,0100,01
0100115,37,11,7,8,0,0,1,1,1,0,1,0,0,0,0,0,0,0,0,0,0,0,1,0,0,0,0,1,0,0,1,0,0,0,0,0,0,0,1,0,0,0,0,0,0,0,0,0,0,0,,63.63636363636363,21.62162162162162,indig_0234,1,9.090909090909092,ASOCIACIÓN DE CABILDOS INDÍGENAS POR COLOMBIA,#0B5C59,EBEJICO,05240,EBÉJICO,0100,01
0100117,275,113,55,40,36,4,0,6,0,0,8,2,1,1,5,20,6,5,1,0,2,1,0,0,0,0,1,5,0,0,0,0,0,0,0,0,2,2,3,1,2,0,1,0,0,1,0,0,0,0,,48.67256637168141,14.545454545454545,indig_0011,36,31.858407079646017,"MOVIMIENTO ALTERNATIVO INDÍGENA Y SOCIAL ""MAIS""",#E30613,EL BAGRE,05250,EL BAGRE,0100,01
0100118,47,23,23,13,0,0,0,0,0,0,0,0,0,0,0,0,0,0,0,0,0,0,0,0,0,0,0,0,0,0,0,0,0,0,0,0,0,0,0,0,0,0,0,0,0,0,0,0,0,0,,100.0,27.659574468085108,indig_0011,0,0.0,"MOVIMIENTO ALTERNATIVO INDÍGENA Y SOCIAL ""MAIS""",#E30613,ENTRERRIOS,05264,ENTRERRÍOS,0100,01
0100121,483,324,266,85,14,15,1,12,5,1,4,2,3,1,2,9,1,2,3,11,1,0,1,0,0,0,0,8,0,4,5,0,1,0,0,0,0,3,0,1,2,0,1,2,0,1,0,0,0,0,,82.09876543209876,17.598343685300208,indig_0285,15,4.62962962962963,ASOCIACIÓN DE AUTORIDADES TRADICIONALES INDÍGENAS,#811EC5,ENVIGADO,05266,ENVIGADO,0100,01
0100124,73,14,9,32,1,1,1,0,0,0,2,0,0,0,0,0,0,1,0,1,0,0,1,0,0,0,0,0,0,0,0,0,0,0,0,0,1,1,0,0,0,0,0,0,0,0,0,0,0,0,,64.28571428571429,43.83561643835616,indig_0188,2,14.285714285714285,MOVIMIENTO UNIDAD EN MINGA POR COLOMBIA,#DA5403,FREDONIA,05282,FREDONIA,0100,01
0100127,125,72,15,15,46,6,0,1,2,0,1,0,1,0,2,42,1,1,3,2,1,0,0,0,0,0,0,1,0,0,2,0,0,0,0,0,1,0,0,0,0,0,1,0,0,0,0,0,0,0,,20.833333333333336,12.0,indig_0011,46,63.888888888888886,"MOVIMIENTO ALTERNATIVO INDÍGENA Y SOCIAL ""MAIS""",#E30613,FRONTINO,05284,FRONTINO,0100,01
0100130,17,7,7,4,0,0,0,0,0,0,0,0,0,0,0,0,0,0,0,0,0,0,0,0,0,0,0,0,0,0,0,0,0,0,0,0,0,0,0,0,0,0,0,0,0,0,0,0,0,0,,100.0,23.52941176470588,indig_0011,0,0.0,"MOVIMIENTO ALTERNATIVO INDÍGENA Y SOCIAL ""MAIS""",#E30613,GIRALDO,05306,GIRALDO,0100,01
0100133,301,170,135,93,5,3,9,3,1,1,8,2,2,1,2,1,1,1,1,2,0,0,9,0,0,0,1,2,0,0,1,0,1,0,0,0,2,4,1,1,2,0,1,1,0,1,0,0,0,0,,79.41176470588235,30.89700996677741,indig_0234,9,5.294117647058823,ASOCIACIÓN DE CABILDOS INDÍGENAS POR COLOMBIA,#0B5C59,GIRARDOTA,05308,GIRARDOTA,0100,01
0100136,13,1,0,7,0,1,0,0,0,0,0,0,0,0,0,0,0,0,1,0,0,0,0,0,0,0,0,0,0,0,0,0,0,0,0,0,0,0,0,0,0,0,0,0,0,0,0,0,0,0,,0.0,53.84615384615385,indig_0285,1,100.0,ASOCIACIÓN DE AUTORIDADES TRADICIONALES INDÍGENAS,#811EC5,GOMEZ PLATA,05310,GÓMEZ PLATA,0100,01
0100139,1,1,0,0,1,0,0,0,0,0,0,0,0,0,0,1,0,0,0,0,0,0,0,0,0,0,0,0,0,0,0,0,0,0,0,0,0,0,0,0,0,0,0,0,0,0,0,0,0,0,,0.0,0.0,indig_0011,1,100.0,"MOVIMIENTO ALTERNATIVO INDÍGENA Y SOCIAL ""MAIS""",#E30613,GRANADA,05313,GRANADA,0100,01
0100140,38,7,7,11,0,0,0,0,0,0,0,0,0,0,0,0,0,0,0,0,0,0,0,0,0,0,0,0,0,0,0,0,0,0,0,0,0,0,0,0,0,0,0,0,0,0,0,0,0,0,,100.0,28.947368421052634,indig_0011,0,0.0,"MOVIMIENTO ALTERNATIVO INDÍGENA Y SOCIAL ""MAIS""",#E30613,GUADALUPE,05315,GUADALUPE,0100,01
0100142,129,64,54,41,2,0,1,5,0,0,0,1,0,1,1,1,0,0,0,0,0,0,1,0,0,0,0,2,0,3,0,0,0,0,0,0,0,0,0,0,1,0,0,0,0,1,0,0,0,0,,84.375,31.782945736434108,indig_0006,5,7.8125,"MOVIMIENTO AUTORIDADES INDÍGENAS DE COLOMBIA ""AICO""",#C05B16,GUARNE,05318,GUARNE,0100,01
0100145,34,3,2,13,1,0,0,0,0,0,0,0,0,0,0,1,0,0,0,0,0,0,0,0,0,0,0,0,0,0,0,0,0,0,0,0,0,0,0,0,0,0,0,0,0,0,0,0,0,0,,66.66666666666666,38.23529411764706,indig_0011,1,33.33333333333333,"MOVIMIENTO ALTERNATIVO INDÍGENA Y SOCIAL ""MAIS""",#E30613,GUATAPE,05321,GUATAPÉ,0100,01
0100148,23,22,0,0,21,1,0,0,0,0,0,0,0,0,0,21,0,0,0,1,0,0,0,0,0,0,0,0,0,0,0,0,0,0,0,0,0,0,0,0,0,0,0,0,0,0,0,0,0,0,,0.0,0.0,indig_0011,21,95.45454545454545,"MOVIMIENTO ALTERNATIVO INDÍGENA Y SOCIAL ""MAIS""",#E30613,HELICONIA,05347,HELICONIA,0100,01
0100150,31,5,5,10,0,0,0,0,0,0,0,0,0,0,0,0,0,0,0,0,0,0,0,0,0,0,0,0,0,0,0,0,0,0,0,0,0,0,0,0,0,0,0,0,0,0,0,0,0,0,,100.0,32.25806451612903,indig_0011,0,0.0,"MOVIMIENTO ALTERNATIVO INDÍGENA Y SOCIAL ""MAIS""",#E30613,HISPANIA,05353,HISPANIA,0100,01
0100151,702,408,266,157,28,20,11,51,2,1,12,3,5,9,5,15,4,4,3,11,5,1,11,0,0,0,5,35,6,5,2,0,1,0,0,0,4,6,1,1,3,0,2,2,1,9,0,0,0,0,,65.19607843137256,22.364672364672362,indig_0006,51,12.5,"MOVIMIENTO AUTORIDADES INDÍGENAS DE COLOMBIA ""AICO""",#C05B16,ITAGUI,05360,ITAGÜÍ,0100,01
0100154,33,19,19,6,0,0,0,0,0,0,0,0,0,0,0,0,0,0,0,0,0,0,0,0,0,0,0,0,0,0,0,0,0,0,0,0,0,0,0,0,0,0,0,0,0,0,0,0,0,0,,100.0,18.181818181818183,indig_0011,0,0.0,"MOVIMIENTO ALTERNATIVO INDÍGENA Y SOCIAL ""MAIS""",#E30613,ITUANGO,05361,ITUANGO,0100,01
0100157,92,47,13,6,29,0,0,0,3,0,0,1,0,1,6,11,1,11,0,0,0,0,0,0,0,0,0,0,0,0,3,0,0,0,0,0,0,0,0,0,1,0,0,0,0,1,0,0,0,0,,27.659574468085108,6.521739130434782,indig_0011,29,61.702127659574465,"MOVIMIENTO ALTERNATIVO INDÍGENA Y SOCIAL ""MAIS""",#E30613,JARDIN,05364,JARDÍN,0100,01
0100160,38,18,16,6,0,0,0,2,0,0,0,0,0,0,0,0,0,0,0,0,0,0,0,0,0,0,1,1,0,0,0,0,0,0,0,0,0,0,0,0,0,0,0,0,0,0,0,0,0,0,,88.88888888888889,15.789473684210526,indig_0006,2,11.11111111111111,"MOVIMIENTO AUTORIDADES INDÍGENAS DE COLOMBIA ""AICO""",#C05B16,JERICO,05368,JERICÓ,0100,01
0100163,107,57,33,15,7,6,1,6,0,1,2,0,0,1,1,3,3,0,1,3,1,1,1,0,0,0,1,0,0,5,0,0,1,0,0,0,0,1,1,0,0,0,0,0,0,1,0,0,0,0,,57.89473684210527,14.018691588785046,indig_0011,7,12.280701754385964,"MOVIMIENTO ALTERNATIVO INDÍGENA Y SOCIAL ""MAIS""",#E30613,LA CEJA,05376,LA CEJA,0100,01
0100166,142,69,54,34,6,3,1,0,1,0,3,0,1,0,2,4,0,0,2,1,0,0,1,0,0,0,0,0,0,0,1,0,0,0,0,0,2,0,0,1,0,0,0,1,0,0,0,0,0,0,,78.26086956521739,23.943661971830984,indig_0011,6,8.695652173913043,"MOVIMIENTO ALTERNATIVO INDÍGENA Y SOCIAL ""MAIS""",#E30613,LA ESTRELLA,05380,LA ESTRELLA,0100,01
0100168,56,31,5,14,1,0,0,25,0,0,0,0,0,0,0,1,0,0,0,0,0,0,0,0,0,0,6,19,0,0,0,0,0,0,0,0,0,0,0,0,0,0,0,0,0,0,0,0,0,0,,16.129032258064516,25.0,indig_0006,25,80.64516129032258,"MOVIMIENTO AUTORIDADES INDÍGENAS DE COLOMBIA ""AICO""",#C05B16,PUERTO NARE-LA MAGDALENA,05585,PUERTO NARE,0100,01
0100169,63,28,26,11,0,0,1,0,0,0,0,1,0,0,0,0,0,0,0,0,0,0,1,0,0,0,0,0,0,0,0,0,0,0,0,0,0,0,0,0,1,0,0,0,0,0,0,0,0,0,,92.85714285714286,17.46031746031746,indig_0234,1,3.571428571428571,ASOCIACIÓN DE CABILDOS INDÍGENAS POR COLOMBIA,#0B5C59,LA UNION,05400,LA UNIÓN,0100,01
0100170,1,1,0,0,0,0,0,1,0,0,0,0,0,0,0,0,0,0,0,0,0,0,0,0,0,0,0,0,0,1,0,0,0,0,0,0,0,0,0,0,0,0,0,0,0,0,0,0,0,0,,0.0,0.0,indig_0006,1,100.0,"MOVIMIENTO AUTORIDADES INDÍGENAS DE COLOMBIA ""AICO""",#C05B16,LA PINTADA,05390,LA PINTADA,0100,01
0100172,38,9,9,12,0,0,0,0,0,0,0,0,0,0,0,0,0,0,0,0,0,0,0,0,0,0,0,0,0,0,0,0,0,0,0,0,0,0,0,0,0,0,0,0,0,0,0,0,0,0,,100.0,31.57894736842105,indig_0011,0,0.0,"MOVIMIENTO ALTERNATIVO INDÍGENA Y SOCIAL ""MAIS""",#E30613,LIBORINA,05411,LIBORINA,0100,01
0100175,20,4,3,10,0,0,0,0,0,0,1,0,0,0,0,0,0,0,0,0,0,0,0,0,0,0,0,0,0,0,0,0,0,0,0,0,0,0,0,1,0,0,0,0,0,0,0,0,0,0,,75.0,50.0,indig_0188,1,25.0,MOVIMIENTO UNIDAD EN MINGA POR COLOMBIA,#DA5403,MACEO,05425,MACEO,0100,01
0100178,113,54,28,26,5,6,0,7,2,0,3,0,1,2,1,3,0,1,1,1,3,1,0,0,0,0,0,2,1,4,2,0,0,0,0,0,0,2,0,1,0,0,0,0,1,2,0,0,0,0,,51.85185185185185,23.008849557522122,indig_0006,7,12.962962962962962,"MOVIMIENTO AUTORIDADES INDÍGENAS DE COLOMBIA ""AICO""",#C05B16,MARINILLA,05440,MARINILLA,0100,01
0100181,25,5,3,13,0,0,1,1,0,0,0,0,0,0,0,0,0,0,0,0,0,0,1,0,0,0,0,0,1,0,0,0,0,0,0,0,0,0,0,0,0,0,0,0,0,0,0,0,0,0,,60.0,52.0,indig_0234,1,20.0,ASOCIACIÓN DE CABILDOS INDÍGENAS POR COLOMBIA,#0B5C59,MONTEBELLO,05467,MONTEBELLO,0100,01
0100184,186,138,2,10,125,4,0,1,3,0,1,0,2,0,14,102,6,3,2,2,0,0,0,0,0,0,0,0,1,0,3,0,0,0,0,0,1,0,0,0,0,0,2,0,0,0,0,0,0,0,,1.4492753623188406,5.376344086021505,indig_0011,125,90.57971014492753,"MOVIMIENTO ALTERNATIVO INDÍGENA Y SOCIAL ""MAIS""",#E30613,MURINDO,05475,MURINDÓ,0100,01
0100187,107,42,19,24,17,1,0,1,0,0,3,0,0,1,3,10,3,1,1,0,0,0,0,0,0,0,0,0,0,1,0,0,0,0,0,0,1,2,0,0,0,0,0,0,0,1,0,0,0,0,,45.23809523809524,22.429906542056074,indig_0011,17,40.476190476190474,"MOVIMIENTO ALTERNATIVO INDÍGENA Y SOCIAL ""MAIS""",#E30613,MUTATA,05480,MUTATÁ,0100,01
0100190,32,3,1,6,0,0,0,1,0,0,1,0,0,0,0,0,0,0,0,0,0,0,0,0,0,0,0,1,0,0,0,0,0,0,0,0,0,0,0,1,0,0,0,0,0,0,0,0,0,0,,33.33333333333333,18.75,indig_0006,1,33.33333333333333,"MOVIMIENTO AUTORIDADES INDÍGENAS DE COLOMBIA ""AICO""",#C05B16,NARIÑO,05483,NARIÑO,0100,01
0100191,117,12,9,31,2,0,0,0,0,0,0,0,1,0,0,1,1,0,0,0,0,0,0,0,0,0,0,0,0,0,0,0,0,0,0,0,0,0,0,0,0,0,0,1,0,0,0,0,0,0,,75.0,26.495726495726498,indig_0011,2,16.666666666666664,"MOVIMIENTO ALTERNATIVO INDÍGENA Y SOCIAL ""MAIS""",#E30613,NECHI,05495,NECHÍ,0100,01
0100192,698,440,86,104,242,14,3,18,2,1,60,2,8,4,25,208,7,2,5,8,1,0,3,0,0,0,1,15,2,0,2,0,1,0,0,0,11,35,9,5,2,0,1,5,2,4,0,0,0,0,,19.545454545454547,14.899713467048711,indig_0011,242,55.00000000000001,"MOVIMIENTO ALTERNATIVO INDÍGENA Y SOCIAL ""MAIS""",#E30613,NECOCLI,05490,NECOCLÍ,0100,01
0100193,0,0,0,0,0,0,0,0,0,0,0,0,0,0,0,0,0,0,0,0,0,0,0,0,0,0,0,0,0,0,0,0,0,0,0,0,0,0,0,0,0,0,0,0,0,0,0,0,0,0,,,,indig_0011,0,,"MOVIMIENTO ALTERNATIVO INDÍGENA Y SOCIAL ""MAIS""",#E30613,OLAYA,05501,OLAYA,0100,01
0100196,30,5,4,3,0,0,0,1,0,0,0,0,0,0,0,0,0,0,0,0,0,0,0,0,0,0,0,1,0,0,0,0,0,0,0,0,0,0,0,0,0,0,0,0,0,0,0,0,0,0,,80.0,10.0,indig_0006,1,20.0,"MOVIMIENTO AUTORIDADES INDÍGENAS DE COLOMBIA ""AICO""",#C05B16,PEÑOL,05541,PEÑOL,0100,01
0100199,17,4,4,3,0,0,0,0,0,0,0,0,0,0,0,0,0,0,0,0,0,0,0,0,0,0,0,0,0,0,0,0,0,0,0,0,0,0,0,0,0,0,0,0,0,0,0,0,0,0,,100.0,17.647058823529413,indig_0011,0,0.0,"MOVIMIENTO ALTERNATIVO INDÍGENA Y SOCIAL ""MAIS""",#E30613,PEQUE,05543,PEQUE,0100,01
0100202,65,45,6,2,34,4,0,1,0,0,0,0,0,0,6,26,1,1,3,0,1,0,0,0,0,0,0,1,0,0,0,0,0,0,0,0,0,0,0,0,0,0,0,0,0,0,0,0,0,0,,13.333333333333334,3.076923076923077,indig_0011,34,75.55555555555556,"MOVIMIENTO ALTERNATIVO INDÍGENA Y SOCIAL ""MAIS""",#E30613,PUEBLORRICO,05576,PUEBLORRICO,0100,01
0100205,173,98,47,23,47,0,0,2,2,0,0,0,0,0,4,40,2,1,0,0,0,0,0,0,0,0,0,2,0,0,2,0,0,0,0,0,0,0,0,0,0,0,0,0,0,0,0,0,0,0,,47.95918367346938,13.294797687861271,indig_0011,47,47.95918367346938,"MOVIMIENTO ALTERNATIVO INDÍGENA Y SOCIAL ""MAIS""",#E30613,PUERTO BERRIO,05579,PUERTO BERRÍO,0100,01
0100206,29,4,2,12,2,0,0,0,0,0,0,0,0,0,0,2,0,0,0,0,0,0,0,0,0,0,0,0,0,0,0,0,0,0,0,0,0,0,0,0,0,0,0,0,0,0,0,0,0,0,,50.0,41.37931034482759,indig_0011,2,50.0,"MOVIMIENTO ALTERNATIVO INDÍGENA Y SOCIAL ""MAIS""",#E30613,PUERTO TRIUNFO,05591,PUERTO TRIUNFO,0100,01
0100208,123,62,30,16,7,3,3,11,1,0,1,1,5,0,2,3,2,0,0,2,1,0,3,0,0,0,3,8,0,0,1,0,0,0,0,0,0,1,0,0,1,0,1,3,1,0,0,0,0,0,,48.38709677419355,13.008130081300814,indig_0006,11,17.741935483870968,"MOVIMIENTO AUTORIDADES INDÍGENAS DE COLOMBIA ""AICO""",#C05B16,REMEDIOS,05604,REMEDIOS,0100,01
0100211,84,15,14,12,0,0,0,1,0,0,0,0,0,0,0,0,0,0,0,0,0,0,0,0,0,0,1,0,0,0,0,0,0,0,0,0,0,0,0,0,0,0,0,0,0,0,0,0,0,0,,93.33333333333333,14.285714285714285,indig_0006,1,6.666666666666667,"MOVIMIENTO AUTORIDADES INDÍGENAS DE COLOMBIA ""AICO""",#C05B16,RETIRO,05607,RETIRO,0100,01
0100214,773,531,206,104,24,10,0,276,6,0,4,1,3,1,5,12,2,5,4,3,0,3,0,0,0,0,21,4,6,245,6,0,0,0,0,0,1,0,1,2,1,0,0,2,1,1,0,0,0,0,,38.79472693032015,13.454075032341525,indig_0006,276,51.9774011299435,"MOVIMIENTO AUTORIDADES INDÍGENAS DE COLOMBIA ""AICO""",#C05B16,RIONEGRO,05615,RIONEGRO,0100,01
0100217,9,4,4,5,0,0,0,0,0,0,0,0,0,0,0,0,0,0,0,0,0,0,0,0,0,0,0,0,0,0,0,0,0,0,0,0,0,0,0,0,0,0,0,0,0,0,0,0,0,0,,100.0,55.55555555555556,indig_0011,0,0.0,"MOVIMIENTO ALTERNATIVO INDÍGENA Y SOCIAL ""MAIS""",#E30613,SABANALARGA,05628,SABANALARGA,0100,01
0100218,347,209,169,85,10,6,3,9,3,0,4,5,0,0,3,2,3,2,2,3,0,1,3,0,0,0,1,3,0,5,3,0,0,0,0,0,2,0,2,0,5,0,0,0,0,0,0,0,0,0,,80.86124401913875,24.495677233429394,indig_0011,10,4.784688995215311,"MOVIMIENTO ALTERNATIVO INDÍGENA Y SOCIAL ""MAIS""",#E30613,SABANETA,05631,SABANETA,0100,01
0100220,17,1,1,4,0,0,0,0,0,0,0,0,0,0,0,0,0,0,0,0,0,0,0,0,0,0,0,0,0,0,0,0,0,0,0,0,0,0,0,0,0,0,0,0,0,0,0,0,0,0,,100.0,23.52941176470588,indig_0011,0,0.0,"MOVIMIENTO ALTERNATIVO INDÍGENA Y SOCIAL ""MAIS""",#E30613,SALGAR,05642,SALGAR,0100,01
0100223,16,6,6,2,0,0,0,0,0,0,0,0,0,0,0,0,0,0,0,0,0,0,0,0,0,0,0,0,0,0,0,0,0,0,0,0,0,0,0,0,0,0,0,0,0,0,0,0,0,0,,100.0,12.5,indig_0011,0,0.0,"MOVIMIENTO ALTERNATIVO INDÍGENA Y SOCIAL ""MAIS""",#E30613,SAN ANDRES,05647,SAN ANDRÉS DE CUERQUÍA,0100,01
0100226,55,54,0,1,0,2,0,52,0,0,0,0,0,0,0,0,0,0,1,1,0,0,0,0,0,0,3,39,9,1,0,0,0,0,0,0,0,0,0,0,0,0,0,0,0,0,0,0,0,0,,0.0,1.8181818181818181,indig_0006,52,96.29629629629629,"MOVIMIENTO AUTORIDADES INDÍGENAS DE COLOMBIA ""AICO""",#C05B16,SAN CARLOS,05649,SAN CARLOS,0100,01
0100227,1,1,0,0,0,0,0,1,0,0,0,0,0,0,0,0,0,0,0,0,0,0,0,0,0,0,0,0,0,1,0,0,0,0,0,0,0,0,0,0,0,0,0,0,0,0,0,0,0,0,,0.0,0.0,indig_0006,1,100.0,"MOVIMIENTO AUTORIDADES INDÍGENAS DE COLOMBIA ""AICO""",#C05B16,SAN FRANCISCO,05652,SAN FRANCISCO,0100,01
0100229,58,12,8,29,0,0,0,4,0,0,0,0,0,0,0,0,0,0,0,0,0,0,0,0,0,0,0,3,1,0,0,0,0,0,0,0,0,0,0,0,0,0,0,0,0,0,0,0,0,0,,66.66666666666666,50.0,indig_0006,4,33.33333333333333,"MOVIMIENTO AUTORIDADES INDÍGENAS DE COLOMBIA ""AICO""",#C05B16,SAN JERONIMO,05656,SAN JERÓNIMO,0100,01
0100230,8,2,2,4,0,0,0,0,0,0,0,0,0,0,0,0,0,0,0,0,0,0,0,0,0,0,0,0,0,0,0,0,0,0,0,0,0,0,0,0,0,0,0,0,0,0,0,0,0,0,,100.0,50.0,indig_0011,0,0.0,"MOVIMIENTO ALTERNATIVO INDÍGENA Y SOCIAL ""MAIS""",#E30613,SAN JOSE DE LA MONTAÑA,05658,SAN JOSÉ DE LA MONTAÑA,0100,01
0100231,240,144,15,33,127,1,0,1,0,0,0,0,0,0,3,120,4,0,0,1,0,0,0,0,0,0,0,1,0,0,0,0,0,0,0,0,0,0,0,0,0,0,0,0,0,0,0,0,0,0,,10.416666666666668,13.750000000000002,indig_0011,127,88.19444444444444,"MOVIMIENTO ALTERNATIVO INDÍGENA Y SOCIAL ""MAIS""",#E30613,SAN JUAN DE URABA,05659,SAN JUAN DE URABÁ,0100,01
0100232,23,4,4,5,0,0,0,0,0,0,0,0,0,0,0,0,0,0,0,0,0,0,0,0,0,0,0,0,0,0,0,0,0,0,0,0,0,0,0,0,0,0,0,0,0,0,0,0,0,0,,100.0,21.73913043478261,indig_0011,0,0.0,"MOVIMIENTO ALTERNATIVO INDÍGENA Y SOCIAL ""MAIS""",#E30613,SAN LUIS,05660,SAN LUIS,0100,01
0100235,91,42,40,20,0,2,0,0,0,0,0,0,0,0,0,0,0,0,0,2,0,0,0,0,0,0,0,0,0,0,0,0,0,0,0,0,0,0,0,0,0,0,0,0,0,0,0,0,0,0,,95.23809523809523,21.978021978021978,indig_0285,2,4.761904761904762,ASOCIACIÓN DE AUTORIDADES TRADICIONALES INDÍGENAS,#811EC5,SAN PEDRO,05664,SAN PEDRO DE LOS MILAGROS,0100,01
0100237,117,44,23,18,13,0,0,1,0,0,5,1,0,1,3,9,1,0,0,0,0,0,0,0,0,0,0,0,1,0,0,0,0,0,0,0,0,3,1,1,1,0,0,0,0,1,0,0,0,0,,52.27272727272727,15.384615384615385,indig_0011,13,29.545454545454547,"MOVIMIENTO ALTERNATIVO INDÍGENA Y SOCIAL ""MAIS""",#E30613,SAN PEDRO DE URABA,05665,SAN PEDRO DE URABÁ,0100,01
0100238,47,8,5,14,2,1,0,0,0,0,0,0,0,0,0,1,1,0,0,0,1,0,0,0,0,0,0,0,0,0,0,0,0,0,0,0,0,0,0,0,0,0,0,0,0,0,0,0,0,0,,62.5,29.78723404255319,indig_0011,2,25.0,"MOVIMIENTO ALTERNATIVO INDÍGENA Y SOCIAL ""MAIS""",#E30613,SAN RAFAEL,05667,SAN RAFAEL,0100,01
0100241,23,3,1,8,1,0,0,0,0,0,1,0,0,0,0,0,0,1,0,0,0,0,0,0,0,0,0,0,0,0,0,0,0,0,0,0,0,1,0,0,0,0,0,0,0,0,0,0,0,0,,33.33333333333333,34.78260869565217,indig_0011,1,33.33333333333333,"MOVIMIENTO ALTERNATIVO INDÍGENA Y SOCIAL ""MAIS""",#E30613,SAN ROQUE,05670,SAN ROQUE,0100,01
0100244,41,9,1,10,1,0,0,6,0,0,1,0,0,0,1,0,0,0,0,0,0,0,0,0,0,0,0,6,0,0,0,0,0,0,0,0,0,1,0,0,0,0,0,0,0,0,0,0,0,0,,11.11111111111111,24.390243902439025,indig_0006,6,66.66666666666666,"MOVIMIENTO AUTORIDADES INDÍGENAS DE COLOMBIA ""AICO""",#C05B16,SAN VICENTE,05674,SAN VICENTE FERRER,0100,01
0100247,48,16,11,12,3,0,0,0,0,0,1,0,1,0,0,2,1,0,0,0,0,0,0,0,0,0,0,0,0,0,0,0,0,0,0,0,0,1,0,0,0,0,0,1,0,0,0,0,0,0,,68.75,25.0,indig_0011,3,18.75,"MOVIMIENTO ALTERNATIVO INDÍGENA Y SOCIAL ""MAIS""",#E30613,SANTA BARBARA,05679,SANTA BÁRBARA,0100,01
0100250,42,18,16,7,1,0,0,0,0,0,0,0,0,1,1,0,0,0,0,0,0,0,0,0,0,0,0,0,0,0,0,0,0,0,0,0,0,0,0,0,0,0,0,0,0,1,0,0,0,0,,88.88888888888889,16.666666666666664,indig_0011,1,5.555555555555555,"MOVIMIENTO ALTERNATIVO INDÍGENA Y SOCIAL ""MAIS""",#E30613,SANTA ROSA DE OSOS,05686,SANTA ROSA DE OSOS,0100,01
0100253,110,16,14,29,1,0,0,1,0,0,0,0,0,0,0,1,0,0,0,0,0,0,0,0,0,0,0,1,0,0,0,0,0,0,0,0,0,0,0,0,0,0,0,0,0,0,0,0,0,0,,87.5,26.36363636363636,indig_0011,1,6.25,"MOVIMIENTO ALTERNATIVO INDÍGENA Y SOCIAL ""MAIS""",#E30613,SANTO DOMINGO,05690,SANTO DOMINGO,0100,01
0100256,91,32,31,16,0,0,0,1,0,0,0,0,0,0,0,0,0,0,0,0,0,0,0,0,0,0,1,0,0,0,0,0,0,0,0,0,0,0,0,0,0,0,0,0,0,0,0,0,0,0,,96.875,17.582417582417584,indig_0006,1,3.125,"MOVIMIENTO AUTORIDADES INDÍGENAS DE COLOMBIA ""AICO""",#C05B16,SANTUARIO,05697,EL SANTUARIO,0100,01
0100259,153,81,44,32,17,6,0,4,2,1,4,1,1,1,5,2,9,1,3,1,0,2,0,0,0,0,0,1,2,1,2,0,1,0,0,0,1,0,2,1,1,0,0,0,1,1,0,0,0,0,,54.32098765432099,20.915032679738562,indig_0011,17,20.98765432098765,"MOVIMIENTO ALTERNATIVO INDÍGENA Y SOCIAL ""MAIS""",#E30613,SEGOVIA,05736,SEGOVIA,0100,01
0100262,87,17,17,20,0,0,0,0,0,0,0,0,0,0,0,0,0,0,0,0,0,0,0,0,0,0,0,0,0,0,0,0,0,0,0,0,0,0,0,0,0,0,0,0,0,0,0,0,0,0,,100.0,22.988505747126435,indig_0011,0,0.0,"MOVIMIENTO ALTERNATIVO INDÍGENA Y SOCIAL ""MAIS""",#E30613,SONSON,05756,SONSÓN,0100,01
0100265,0,0,0,0,0,0,0,0,0,0,0,0,0,0,0,0,0,0,0,0,0,0,0,0,0,0,0,0,0,0,0,0,0,0,0,0,0,0,0,0,0,0,0,0,0,0,0,0,0,0,,,,indig_0011,0,,"MOVIMIENTO ALTERNATIVO INDÍGENA Y SOCIAL ""MAIS""",#E30613,SOPETRAN,05761,SOPETRÁN,0100,01
0100268,128,66,9,14,53,0,0,1,0,0,3,0,0,0,5,47,1,0,0,0,0,0,0,0,0,0,1,0,0,0,0,0,0,0,0,0,1,1,0,1,0,0,0,0,0,0,0,0,0,0,,13.636363636363635,10.9375,indig_0011,53,80.3030303030303,"MOVIMIENTO ALTERNATIVO INDÍGENA Y SOCIAL ""MAIS""",#E30613,TAMESIS,05789,TÁMESIS,0100,01
0100270,149,19,16,21,0,0,0,1,1,0,0,0,1,0,0,0,0,0,0,0,0,0,0,0,0,0,0,1,0,0,1,0,0,0,0,0,0,0,0,0,0,0,0,1,0,0,0,0,0,0,,84.21052631578947,14.093959731543624,indig_0006,1,5.263157894736842,"MOVIMIENTO AUTORIDADES INDÍGENAS DE COLOMBIA ""AICO""",#C05B16,TARAZA,05790,TARAZÁ,0100,01
0100271,14,9,9,3,0,0,0,0,0,0,0,0,0,0,0,0,0,0,0,0,0,0,0,0,0,0,0,0,0,0,0,0,0,0,0,0,0,0,0,0,0,0,0,0,0,0,0,0,0,0,,100.0,21.428571428571427,indig_0011,0,0.0,"MOVIMIENTO ALTERNATIVO INDÍGENA Y SOCIAL ""MAIS""",#E30613,TARSO,05792,TARSO,0100,01
0100274,51,18,18,17,0,0,0,0,0,0,0,0,0,0,0,0,0,0,0,0,0,0,0,0,0,0,0,0,0,0,0,0,0,0,0,0,0,0,0,0,0,0,0,0,0,0,0,0,0,0,,100.0,33.33333333333333,indig_0011,0,0.0,"MOVIMIENTO ALTERNATIVO INDÍGENA Y SOCIAL ""MAIS""",#E30613,TITIRIBI,05809,TITIRIBÍ,0100,01
0100277,0,0,0,0,0,0,0,0,0,0,0,0,0,0,0,0,0,0,0,0,0,0,0,0,0,0,0,0,0,0,0,0,0,0,0,0,0,0,0,0,0,0,0,0,0,0,0,0,0,0,,,,indig_0011,0,,"MOVIMIENTO ALTERNATIVO INDÍGENA Y SOCIAL ""MAIS""",#E30613,TOLEDO,05819,TOLEDO,0100,01
0100280,1147,527,277,187,153,22,2,12,9,2,30,0,11,9,23,107,18,5,13,9,0,0,2,0,0,0,3,4,2,3,9,0,2,0,0,0,7,14,5,4,0,0,5,5,1,9,0,0,0,0,,52.56166982922201,16.303400174367916,indig_0011,153,29.03225806451613,"MOVIMIENTO ALTERNATIVO INDÍGENA Y SOCIAL ""MAIS""",#E30613,TURBO,05837,TURBO,0100,01
0100282,18,9,2,2,7,0,0,0,0,0,0,0,0,0,1,4,2,0,0,0,0,0,0,0,0,0,0,0,0,0,0,0,0,0,0,0,0,0,0,0,0,0,0,0,0,0,0,0,0,0,,22.22222222222222,11.11111111111111,indig_0011,7,77.77777777777779,"MOVIMIENTO ALTERNATIVO INDÍGENA Y SOCIAL ""MAIS""",#E30613,URAMITA,05842,URAMITA,0100,01
0100283,332,273,15,26,158,5,0,2,1,1,90,0,0,1,17,131,7,3,1,4,0,0,0,0,0,0,1,0,0,1,1,0,1,0,0,0,14,76,0,0,0,0,0,0,0,1,0,0,0,0,,5.4945054945054945,7.83132530120482,indig_0011,158,57.87545787545788,"MOVIMIENTO ALTERNATIVO INDÍGENA Y SOCIAL ""MAIS""",#E30613,URRAO,05847,URRAO,0100,01
0100286,1,1,0,0,0,0,0,0,0,0,1,0,0,0,0,0,0,0,0,0,0,0,0,0,0,0,0,0,0,0,0,0,0,0,0,0,0,1,0,0,0,0,0,0,0,0,0,0,0,0,,0.0,0.0,indig_0188,1,100.0,MOVIMIENTO UNIDAD EN MINGA POR COLOMBIA,#DA5403,VALDIVIA,05854,VALDIVIA,0100,01
0100289,133,118,12,7,95,0,0,0,0,0,11,0,0,0,1,6,4,84,0,0,0,0,0,0,0,0,0,0,0,0,0,0,0,0,0,0,1,1,2,7,0,0,0,0,0,0,0,0,0,0,,10.16949152542373,5.263157894736842,indig_0011,95,80.50847457627118,"MOVIMIENTO ALTERNATIVO INDÍGENA Y SOCIAL ""MAIS""",#E30613,VALPARAISO,05856,VALPARAÍSO,0100,01
0100290,38,19,11,3,3,2,0,2,1,0,0,0,0,0,1,2,0,0,0,2,0,0,0,0,0,0,0,2,0,0,1,0,0,0,0,0,0,0,0,0,0,0,0,0,0,0,0,0,0,0,,57.89473684210527,7.894736842105263,indig_0011,3,15.789473684210526,"MOVIMIENTO ALTERNATIVO INDÍGENA Y SOCIAL ""MAIS""",#E30613,VEGACHI,05858,VEGACHÍ,0100,01
0100291,246,119,25,40,80,1,1,0,8,1,0,1,2,0,5,68,5,2,0,0,1,0,1,0,0,0,0,0,0,0,8,0,1,0,0,0,0,0,0,0,1,0,0,2,0,0,0,0,0,0,,21.008403361344538,16.260162601626014,indig_0011,80,67.22689075630252,"MOVIMIENTO ALTERNATIVO INDÍGENA Y SOCIAL ""MAIS""",#E30613,VIGIA DEL FUERTE,05873,VIGÍA DEL FUERTE,0100,01
0100292,23,10,9,3,0,0,0,1,0,0,0,0,0,0,0,0,0,0,0,0,0,0,0,0,0,0,1,0,0,0,0,0,0,0,0,0,0,0,0,0,0,0,0,0,0,0,0,0,0,0,,90.0,13.043478260869565,indig_0006,1,10.0,"MOVIMIENTO AUTORIDADES INDÍGENAS DE COLOMBIA ""AICO""",#C05B16,VENECIA,05861,VENECIA,0100,01
0100293,0,0,0,0,0,0,0,0,0,0,0,0,0,0,0,0,0,0,0,0,0,0,0,0,0,0,0,0,0,0,0,0,0,0,0,0,0,0,0,0,0,0,0,0,0,0,0,0,0,0,,,,indig_0011,0,,"MOVIMIENTO ALTERNATIVO INDÍGENA Y SOCIAL ""MAIS""",#E30613,YALI,05885,YALÍ,0100,01
0100295,85,35,33,28,1,0,0,0,0,0,0,1,0,0,1,0,0,0,0,0,0,0,0,0,0,0,0,0,0,0,0,0,0,0,0,0,0,0,0,0,1,0,0,0,0,0,0,0,0,0,,94.28571428571428,32.94117647058823,indig_0011,1,2.857142857142857,"MOVIMIENTO ALTERNATIVO INDÍGENA Y SOCIAL ""MAIS""",#E30613,YARUMAL,05887,YARUMAL,0100,01
0100298,53,26,12,8,1,3,0,0,0,1,4,0,4,1,1,0,0,0,2,0,1,0,0,0,0,0,0,0,0,0,0,0,1,0,0,0,0,4,0,0,0,0,3,1,0,1,0,0,0,0,,46.15384615384615,15.09433962264151,indig_0188,4,15.384615384615385,MOVIMIENTO UNIDAD EN MINGA POR COLOMBIA,#DA5403,YOLOMBO,05890,YOLOMBÓ,0100,01
0100300,67,42,17,15,3,2,0,18,0,0,1,0,1,0,2,0,1,0,1,1,0,0,0,0,0,0,1,16,1,0,0,0,0,0,0,0,0,1,0,0,0,0,1,0,0,0,0,0,0,0,,40.476190476190474,22.388059701492537,indig_0006,18,42.857142857142854,"MOVIMIENTO AUTORIDADES INDÍGENAS DE COLOMBIA ""AICO""",#C05B16,YONDO-CASABE,05893,YONDÓ,0100,01
0100301,178,83,31,32,25,8,0,4,2,0,7,0,5,1,9,13,2,1,1,3,4,0,0,0,0,0,1,0,2,1,2,0,0,0,0,0,1,4,2,0,0,0,3,2,0,1,0,0,0,0,,37.34939759036144,17.97752808988764,indig_0011,25,30.120481927710845,"MOVIMIENTO ALTERNATIVO INDÍGENA Y SOCIAL ""MAIS""",#E30613,ZARAGOZA,05895,ZARAGOZA,0100,01
0300001,24273,18505,3977,2328,917,758,112,11500,160,102,501,76,319,83,155,408,153,201,124,169,132,333,112,0,0,0,1208,393,390,9509,160,0,102,0,0,0,104,134,91,172,76,0,89,120,110,83,0,0,0,0,,21.491488786814376,9.590903472994686,indig_0006,11500,62.145366117265596,"MOVIMIENTO AUTORIDADES INDÍGENAS DE COLOMBIA ""AICO""",#C05B16,BARRANQUILLA,08001,BARRANQUILLA,0300,03
0300004,700,550,83,65,21,20,1,412,0,1,4,1,5,2,2,10,3,6,2,4,3,11,1,0,0,0,14,9,17,372,0,0,1,0,0,0,0,3,0,1,1,0,1,2,2,2,0,0,0,0,,15.090909090909092,9.285714285714286,indig_0006,412,74.90909090909092,"MOVIMIENTO AUTORIDADES INDÍGENAS DE COLOMBIA ""AICO""",#C05B16,BARANOA,08078,BARANOA,0300,03
0300007,292,77,53,92,6,3,0,6,2,1,2,0,3,1,2,3,1,0,0,3,0,0,0,0,0,0,1,1,0,4,2,0,1,0,0,0,0,1,1,0,0,0,0,2,1,1,0,0,0,0,,68.83116883116884,31.506849315068493,indig_0011,6,7.792207792207792,"MOVIMIENTO ALTERNATIVO INDÍGENA Y SOCIAL ""MAIS""",#E30613,CAMPO DE LA CRUZ,08137,CAMPO DE LA CRUZ,0300,03
0300010,109,72,5,23,2,2,0,62,0,0,1,0,0,0,0,1,0,1,0,0,0,2,0,0,0,0,11,0,1,50,0,0,0,0,0,0,1,0,0,0,0,0,0,0,0,0,0,0,0,0,,6.944444444444445,21.100917431192663,indig_0006,62,86.11111111111111,"MOVIMIENTO AUTORIDADES INDÍGENAS DE COLOMBIA ""AICO""",#C05B16,CANDELARIA,08141,CANDELARIA,0300,03
0300013,610,431,131,89,58,7,1,207,3,0,13,10,1,0,5,37,12,4,0,3,1,3,1,0,0,0,8,7,9,183,3,0,0,0,0,0,3,2,0,8,10,0,0,1,0,0,0,0,0,0,,30.39443155452436,14.59016393442623,indig_0006,207,48.027842227378194,"MOVIMIENTO AUTORIDADES INDÍGENAS DE COLOMBIA ""AICO""",#C05B16,GALAPA,08296,GALAPA,0300,03
0300016,121,36,27,36,3,1,0,4,0,0,1,0,0,0,0,3,0,0,0,0,0,1,0,0,0,0,0,1,0,3,0,0,0,0,0,0,0,1,0,0,0,0,0,0,0,0,0,0,0,0,,75.0,29.75206611570248,indig_0006,4,11.11111111111111,"MOVIMIENTO AUTORIDADES INDÍGENAS DE COLOMBIA ""AICO""",#C05B16,JUAN DE ACOSTA,08372,JUAN DE ACOSTA,0300,03
0300019,549,434,16,70,13,14,3,356,9,2,18,1,2,0,3,1,3,6,1,3,3,7,3,0,0,0,23,6,7,320,9,0,2,0,0,0,1,1,1,15,1,0,0,0,2,0,0,0,0,0,,3.686635944700461,12.750455373406194,indig_0006,356,82.02764976958525,"MOVIMIENTO AUTORIDADES INDÍGENAS DE COLOMBIA ""AICO""",#C05B16,LURUACO,08421,LURUACO,0300,03
0300022,2645,2004,311,367,1137,32,3,464,4,10,20,4,10,9,126,938,55,18,7,12,4,9,3,0,0,0,27,25,14,398,4,0,10,0,0,0,2,13,3,2,4,0,3,7,0,9,0,0,0,0,,15.518962075848302,13.875236294896029,indig_0011,1137,56.73652694610778,"MOVIMIENTO ALTERNATIVO INDÍGENA Y SOCIAL ""MAIS""",#E30613,MALAMBO,08433,MALAMBO,0300,03
0300025,105,15,11,63,1,0,0,3,0,0,0,0,0,0,0,1,0,0,0,0,0,0,0,0,0,0,1,0,0,2,0,0,0,0,0,0,0,0,0,0,0,0,0,0,0,0,0,0,0,0,,73.33333333333333,60.0,indig_0006,3,20.0,"MOVIMIENTO AUTORIDADES INDÍGENAS DE COLOMBIA ""AICO""",#C05B16,MANATI,08436,MANATÍ,0300,03
0300028,728,613,30,66,9,29,0,537,1,0,2,0,4,1,0,5,0,4,0,8,0,21,0,0,0,0,32,7,13,485,1,0,0,0,0,0,0,1,0,1,0,0,3,0,1,1,0,0,0,0,,4.893964110929853,9.065934065934066,indig_0006,537,87.60195758564437,"MOVIMIENTO AUTORIDADES INDÍGENAS DE COLOMBIA ""AICO""",#C05B16,PALMAR DE VARELA,08520,PALMAR DE VARELA,0300,03
0300031,57,6,2,25,2,0,0,1,1,0,0,0,0,0,0,2,0,0,0,0,0,0,0,0,0,0,0,0,0,1,1,0,0,0,0,0,0,0,0,0,0,0,0,0,0,0,0,0,0,0,,33.33333333333333,43.859649122807014,indig_0011,2,33.33333333333333,"MOVIMIENTO ALTERNATIVO INDÍGENA Y SOCIAL ""MAIS""",#E30613,PIOJO,08549,PIOJÓ,0300,03
0300034,310,240,29,39,0,13,0,194,0,0,1,0,2,1,0,0,0,0,5,4,0,4,0,0,0,0,21,4,6,163,0,0,0,0,0,0,0,0,0,1,0,0,0,2,0,1,0,0,0,0,,12.083333333333334,12.580645161290322,indig_0006,194,80.83333333333333,"MOVIMIENTO AUTORIDADES INDÍGENAS DE COLOMBIA ""AICO""",#C05B16,POLONUEVO,08558,POLONUEVO,0300,03
0300035,239,86,15,78,1,1,0,62,2,0,2,0,1,2,0,0,1,0,1,0,0,0,0,0,0,0,1,0,1,60,2,0,0,0,0,0,0,1,0,1,0,0,0,0,1,2,0,0,0,0,,17.441860465116278,32.63598326359833,indig_0006,62,72.09302325581395,"MOVIMIENTO AUTORIDADES INDÍGENAS DE COLOMBIA ""AICO""",#C05B16,PONEDERA,08560,PONEDERA,0300,03
0300037,756,653,77,44,161,12,0,385,1,2,9,2,3,1,10,134,13,4,0,6,0,6,0,0,0,0,26,5,6,348,1,0,2,0,0,0,2,3,1,3,2,0,1,2,0,1,0,0,0,0,,11.791730474732006,5.82010582010582,indig_0006,385,58.95865237366002,"MOVIMIENTO AUTORIDADES INDÍGENAS DE COLOMBIA ""AICO""",#C05B16,PUERTO COLOMBIA,08573,PUERTO COLOMBIA,0300,03
0300040,570,393,46,108,13,14,0,299,2,11,6,0,1,1,2,8,2,1,1,4,0,9,0,0,0,0,26,6,12,255,2,0,11,0,0,0,2,2,0,2,0,0,0,1,0,1,0,0,0,0,,11.704834605597965,18.947368421052634,indig_0006,299,76.08142493638677,"MOVIMIENTO AUTORIDADES INDÍGENAS DE COLOMBIA ""AICO""",#C05B16,REPELON,08606,REPELÓN,0300,03
0300043,329,249,13,33,20,5,1,193,6,0,6,2,2,1,2,12,2,4,1,1,1,2,1,0,0,0,14,5,2,172,6,0,0,0,0,0,1,5,0,0,2,0,1,0,1,1,0,0,0,0,,5.220883534136546,10.030395136778116,indig_0006,193,77.51004016064257,"MOVIMIENTO AUTORIDADES INDÍGENAS DE COLOMBIA ""AICO""",#C05B16,SABANAGRANDE,08634,SABANAGRANDE,0300,03
0300046,2923,2570,135,182,162,53,4,2123,46,5,23,2,14,3,10,125,11,16,6,7,6,34,4,0,0,0,43,31,55,1994,46,0,5,0,0,0,2,2,2,17,2,0,2,7,5,3,0,0,0,0,,5.252918287937743,6.226479644201163,indig_0006,2123,82.60700389105058,"MOVIMIENTO AUTORIDADES INDÍGENAS DE COLOMBIA ""AICO""",#C05B16,SABANALARGA,08638,SABANALARGA,0300,03
0300047,408,278,14,77,3,8,0,249,1,0,2,0,1,0,1,1,0,1,1,1,2,4,0,0,0,0,24,2,7,216,1,0,0,0,0,0,0,1,1,0,0,0,0,0,1,0,0,0,0,0,,5.0359712230215825,18.872549019607842,indig_0006,249,89.568345323741,"MOVIMIENTO AUTORIDADES INDÍGENAS DE COLOMBIA ""AICO""",#C05B16,SANTA LUCIA,08675,SANTA LUCÍA,0300,03
0300049,357,238,66,83,9,5,0,151,1,0,2,0,2,2,1,4,3,1,0,0,0,5,0,0,0,0,6,6,1,138,1,0,0,0,0,0,0,1,0,1,0,0,1,1,0,2,0,0,0,0,,27.73109243697479,23.249299719887954,indig_0006,151,63.4453781512605,"MOVIMIENTO AUTORIDADES INDÍGENAS DE COLOMBIA ""AICO""",#C05B16,SANTO TOMAS,08685,SANTO TOMÁS,0300,03
0300052,4584,3273,969,533,225,161,15,1617,45,18,95,15,79,34,51,105,41,28,46,36,24,55,15,0,0,0,161,64,55,1337,45,0,18,0,0,0,24,34,15,22,15,0,30,35,14,34,0,0,0,0,,29.605866177818513,11.62739965095986,indig_0006,1617,49.40421631530706,"MOVIMIENTO AUTORIDADES INDÍGENAS DE COLOMBIA ""AICO""",#C05B16,SOLEDAD,08758,SOLEDAD,0300,03
0300055,221,127,5,62,2,1,0,108,0,0,10,0,1,0,1,0,0,1,0,0,0,1,0,0,0,0,5,0,0,103,0,0,0,0,0,0,0,1,0,9,0,0,1,0,0,0,0,0,0,0,,3.937007874015748,28.054298642533936,indig_0006,108,85.03937007874016,"MOVIMIENTO AUTORIDADES INDÍGENAS DE COLOMBIA ""AICO""",#C05B16,SUAN,08770,SUAN,0300,03
0300058,45,12,6,14,0,1,0,3,0,0,0,0,2,0,0,0,0,0,0,0,1,0,0,0,0,0,1,0,0,2,0,0,0,0,0,0,0,0,0,0,0,0,0,0,2,0,0,0,0,0,,50.0,31.11111111111111,indig_0006,3,25.0,"MOVIMIENTO AUTORIDADES INDÍGENAS DE COLOMBIA ""AICO""",#C05B16,TUBARA,08832,TUBARÁ,0300,03
0300061,66,24,12,15,5,0,0,5,0,0,1,0,1,0,1,2,2,0,0,0,0,0,0,0,0,0,0,1,0,4,0,0,0,0,0,0,0,0,1,0,0,0,1,0,0,0,0,0,0,0,,50.0,22.727272727272727,indig_0011,5,20.833333333333336,"MOVIMIENTO ALTERNATIVO INDÍGENA Y SOCIAL ""MAIS""",#E30613,USIACURI,08849,USIACURÍ,0300,03
0500001,7055,3862,1738,1668,1426,138,53,93,44,22,160,29,137,22,163,1139,88,36,44,61,21,12,53,0,0,0,14,22,8,49,44,0,22,0,0,0,88,43,18,11,29,0,100,28,9,22,0,0,0,0,,45.00258933195236,23.64280652019844,indig_0011,1426,36.923873640600725,"MOVIMIENTO ALTERNATIVO INDÍGENA Y SOCIAL ""MAIS""",#E30613,CARTAGENA,13001,CARTAGENA DE INDIAS,0500,05
0500004,31,5,3,19,2,0,0,0,0,0,0,0,0,0,0,2,0,0,0,0,0,0,0,0,0,0,0,0,0,0,0,0,0,0,0,0,0,0,0,0,0,0,0,0,0,0,0,0,0,0,,60.0,61.29032258064516,indig_0011,2,40.0,"MOVIMIENTO ALTERNATIVO INDÍGENA Y SOCIAL ""MAIS""",#E30613,ACHI,13006,ACHÍ,0500,05
0500005,36,5,3,19,2,0,0,0,0,0,0,0,0,0,0,0,2,0,0,0,0,0,0,0,0,0,0,0,0,0,0,0,0,0,0,0,0,0,0,0,0,0,0,0,0,0,0,0,0,0,,60.0,52.77777777777778,indig_0011,2,40.0,"MOVIMIENTO ALTERNATIVO INDÍGENA Y SOCIAL ""MAIS""",#E30613,ARENAL,13042,ARENAL,0500,05
0500006,29,2,1,14,1,0,0,0,0,0,0,0,0,0,0,1,0,0,0,0,0,0,0,0,0,0,0,0,0,0,0,0,0,0,0,0,0,0,0,0,0,0,0,0,0,0,0,0,0,0,,50.0,48.275862068965516,indig_0011,1,50.0,"MOVIMIENTO ALTERNATIVO INDÍGENA Y SOCIAL ""MAIS""",#E30613,ALTOS DEL ROSARIO,13030,ALTOS DEL ROSARIO,0500,05
0500007,498,129,104,192,14,5,2,1,1,0,0,1,0,1,5,5,1,3,1,0,3,1,2,0,0,0,1,0,0,0,1,0,0,0,0,0,0,0,0,0,1,0,0,0,0,1,0,0,0,0,,80.62015503875969,38.55421686746988,indig_0011,14,10.852713178294573,"MOVIMIENTO ALTERNATIVO INDÍGENA Y SOCIAL ""MAIS""",#E30613,ARJONA,13052,ARJONA,0500,05
0500009,45,14,13,23,0,0,0,0,0,0,0,0,1,0,0,0,0,0,0,0,0,0,0,0,0,0,0,0,0,0,0,0,0,0,0,0,0,0,0,0,0,0,1,0,0,0,0,0,0,0,,92.85714285714286,51.11111111111111,indig_0300,1,7.142857142857142,MOVIMIENTO SI,#E538E8,ARROYO HONDO,13062,ARROYOHONDO,0500,05
0500010,37,6,4,20,2,0,0,0,0,0,0,0,0,0,0,2,0,0,0,0,0,0,0,0,0,0,0,0,0,0,0,0,0,0,0,0,0,0,0,0,0,0,0,0,0,0,0,0,0,0,,66.66666666666666,54.054054054054056,indig_0011,2,33.33333333333333,"MOVIMIENTO ALTERNATIVO INDÍGENA Y SOCIAL ""MAIS""",#E30613,BARRANCO DE LOBA,13074,BARRANCO DE LOBA,0500,05
0500013,346,77,16,201,0,0,3,58,0,0,0,0,0,0,0,0,0,0,0,0,0,0,3,0,0,0,6,0,2,50,0,0,0,0,0,0,0,0,0,0,0,0,0,0,0,0,0,0,0,0,,20.77922077922078,58.092485549132945,indig_0006,58,75.32467532467533,"MOVIMIENTO AUTORIDADES INDÍGENAS DE COLOMBIA ""AICO""",#C05B16,CALAMAR,13140,CALAMAR,0500,05
0500014,35,1,1,23,0,0,0,0,0,0,0,0,0,0,0,0,0,0,0,0,0,0,0,0,0,0,0,0,0,0,0,0,0,0,0,0,0,0,0,0,0,0,0,0,0,0,0,0,0,0,,100.0,65.71428571428571,indig_0011,0,0.0,"MOVIMIENTO ALTERNATIVO INDÍGENA Y SOCIAL ""MAIS""",#E30613,CANTAGALLO,13160,CANTAGALLO,0500,05
0500015,64,1,1,54,0,0,0,0,0,0,0,0,0,0,0,0,0,0,0,0,0,0,0,0,0,0,0,0,0,0,0,0,0,0,0,0,0,0,0,0,0,0,0,0,0,0,0,0,0,0,,100.0,84.375,indig_0011,0,0.0,"MOVIMIENTO ALTERNATIVO INDÍGENA Y SOCIAL ""MAIS""",#E30613,CICUCO,13188,CICUCO,0500,05
0500016,50,19,2,15,4,0,0,10,3,0,0,0,0,0,0,4,0,0,0,0,0,0,0,0,0,0,0,0,0,10,3,0,0,0,0,0,0,0,0,0,0,0,0,0,0,0,0,0,0,0,,10.526315789473683,30.0,indig_0006,10,52.63157894736842,"MOVIMIENTO AUTORIDADES INDÍGENAS DE COLOMBIA ""AICO""",#C05B16,CORDOBA,13212,CÓRDOBA,0500,05
0500018,138,20,14,59,3,0,0,1,0,0,1,0,1,0,0,3,0,0,0,0,0,0,0,0,0,0,0,1,0,0,0,0,0,0,0,0,1,0,0,0,0,0,0,1,0,0,0,0,0,0,,70.0,42.7536231884058,indig_0011,3,15.0,"MOVIMIENTO ALTERNATIVO INDÍGENA Y SOCIAL ""MAIS""",#E30613,CLEMENCIA,13222,CLEMENCIA,0500,05
0500022,349,89,44,172,31,4,0,4,0,0,3,1,1,1,3,27,0,1,2,0,2,0,0,0,0,0,1,0,0,3,0,0,0,0,0,0,0,3,0,0,1,0,0,1,0,1,0,0,0,0,,49.43820224719101,49.28366762177651,indig_0011,31,34.831460674157306,"MOVIMIENTO ALTERNATIVO INDÍGENA Y SOCIAL ""MAIS""",#E30613,EL CARMEN DE BOLIVAR,13244,EL CARMEN DE BOLÍVAR,0500,05
0500025,36,6,4,25,0,0,0,2,0,0,0,0,0,0,0,0,0,0,0,0,0,0,0,0,0,0,0,0,0,2,0,0,0,0,0,0,0,0,0,0,0,0,0,0,0,0,0,0,0,0,,66.66666666666666,69.44444444444444,indig_0006,2,33.33333333333333,"MOVIMIENTO AUTORIDADES INDÍGENAS DE COLOMBIA ""AICO""",#C05B16,EL GUAMO,13248,EL GUAMO,0500,05
0500026,55,27,3,11,21,0,0,0,2,0,1,0,0,0,2,17,2,0,0,0,0,0,0,0,0,0,0,0,0,0,2,0,0,0,0,0,0,1,0,0,0,0,0,0,0,0,0,0,0,0,,11.11111111111111,20.0,indig_0011,21,77.77777777777779,"MOVIMIENTO ALTERNATIVO INDÍGENA Y SOCIAL ""MAIS""",#E30613,HATILLO DE LOBA,13300,HATILLO DE LOBA,0500,05
0500027,13,1,0,11,1,0,0,0,0,0,0,0,0,0,0,1,0,0,0,0,0,0,0,0,0,0,0,0,0,0,0,0,0,0,0,0,0,0,0,0,0,0,0,0,0,0,0,0,0,0,,0.0,84.61538461538461,indig_0011,1,100.0,"MOVIMIENTO ALTERNATIVO INDÍGENA Y SOCIAL ""MAIS""",#E30613,EL PEÑON,13268,EL PEÑÓN,0500,05
0500028,340,64,42,187,9,1,0,6,3,1,0,2,0,0,1,7,1,0,0,1,0,0,0,0,0,0,0,4,0,2,3,0,1,0,0,0,0,0,0,0,2,0,0,0,0,0,0,0,0,0,,65.625,55.00000000000001,indig_0011,9,14.0625,"MOVIMIENTO ALTERNATIVO INDÍGENA Y SOCIAL ""MAIS""",#E30613,MAGANGUE,13430,MAGANGUÉ,0500,05
0500031,156,31,29,78,2,0,0,0,0,0,0,0,0,0,1,1,0,0,0,0,0,0,0,0,0,0,0,0,0,0,0,0,0,0,0,0,0,0,0,0,0,0,0,0,0,0,0,0,0,0,,93.54838709677419,50.0,indig_0011,2,6.451612903225806,"MOVIMIENTO ALTERNATIVO INDÍGENA Y SOCIAL ""MAIS""",#E30613,MAHATES,13433,MAHATES,0500,05
0500037,27,0,0,12,0,0,0,0,0,0,0,0,0,0,0,0,0,0,0,0,0,0,0,0,0,0,0,0,0,0,0,0,0,0,0,0,0,0,0,0,0,0,0,0,0,0,0,0,0,0,,,44.44444444444444,indig_0011,0,,"MOVIMIENTO ALTERNATIVO INDÍGENA Y SOCIAL ""MAIS""",#E30613,MARGARITA,13440,MARGARITA,0500,05
0500040,431,56,32,228,19,1,0,2,1,0,0,0,0,1,3,14,0,2,0,1,0,0,0,0,0,0,0,0,0,2,1,0,0,0,0,0,0,0,0,0,0,0,0,0,0,1,0,0,0,0,,57.14285714285714,52.90023201856149,indig_0011,19,33.92857142857143,"MOVIMIENTO ALTERNATIVO INDÍGENA Y SOCIAL ""MAIS""",#E30613,MARIA LA BAJA,13442,MARÍA LA BAJA,0500,05
0500041,48,5,4,19,1,0,0,0,0,0,0,0,0,0,0,0,0,1,0,0,0,0,0,0,0,0,0,0,0,0,0,0,0,0,0,0,0,0,0,0,0,0,0,0,0,0,0,0,0,0,,80.0,39.58333333333333,indig_0011,1,20.0,"MOVIMIENTO ALTERNATIVO INDÍGENA Y SOCIAL ""MAIS""",#E30613,MONTECRISTO,13458,MONTECRISTO,0500,05
0500043,201,63,43,98,2,1,2,15,0,0,0,0,0,0,1,1,0,0,1,0,0,0,2,0,0,0,8,0,0,7,0,0,0,0,0,0,0,0,0,0,0,0,0,0,0,0,0,0,0,0,,68.25396825396825,48.756218905472636,indig_0006,15,23.809523809523807,"MOVIMIENTO AUTORIDADES INDÍGENAS DE COLOMBIA ""AICO""",#C05B16,MOMPOS,13468,SANTA CRUZ DE MOMPOX,0500,05
0500044,79,6,6,47,0,0,0,0,0,0,0,0,0,0,0,0,0,0,0,0,0,0,0,0,0,0,0,0,0,0,0,0,0,0,0,0,0,0,0,0,0,0,0,0,0,0,0,0,0,0,,100.0,59.49367088607595,indig_0011,0,0.0,"MOVIMIENTO ALTERNATIVO INDÍGENA Y SOCIAL ""MAIS""",#E30613,MORALES,13473,MORALES,0500,05
0500050,6,2,1,4,0,0,0,1,0,0,0,0,0,0,0,0,0,0,0,0,0,0,0,0,0,0,1,0,0,0,0,0,0,0,0,0,0,0,0,0,0,0,0,0,0,0,0,0,0,0,,50.0,66.66666666666666,indig_0006,1,50.0,"MOVIMIENTO AUTORIDADES INDÍGENAS DE COLOMBIA ""AICO""",#C05B16,NOROSI,13490,NOROSÍ,0500,05
0500059,44,0,0,33,0,0,0,0,0,0,0,0,0,0,0,0,0,0,0,0,0,0,0,0,0,0,0,0,0,0,0,0,0,0,0,0,0,0,0,0,0,0,0,0,0,0,0,0,0,0,,,75.0,indig_0011,0,,"MOVIMIENTO ALTERNATIVO INDÍGENA Y SOCIAL ""MAIS""",#E30613,PINILLOS,13549,PINILLOS,0500,05
0500063,34,3,3,22,0,0,0,0,0,0,0,0,0,0,0,0,0,0,0,0,0,0,0,0,0,0,0,0,0,0,0,0,0,0,0,0,0,0,0,0,0,0,0,0,0,0,0,0,0,0,,100.0,64.70588235294117,indig_0011,0,0.0,"MOVIMIENTO ALTERNATIVO INDÍGENA Y SOCIAL ""MAIS""",#E30613,REGIDOR,13580,REGIDOR,0500,05
0500065,24,1,1,12,0,0,0,0,0,0,0,0,0,0,0,0,0,0,0,0,0,0,0,0,0,0,0,0,0,0,0,0,0,0,0,0,0,0,0,0,0,0,0,0,0,0,0,0,0,0,,100.0,50.0,indig_0011,0,0.0,"MOVIMIENTO ALTERNATIVO INDÍGENA Y SOCIAL ""MAIS""",#E30613,RIOVIEJO,13600,RÍO VIEJO,0500,05
0500070,132,61,30,42,7,2,0,2,3,16,1,0,0,0,2,4,1,0,0,2,0,0,0,0,0,0,1,1,0,0,3,0,16,0,0,0,1,0,0,0,0,0,0,0,0,0,0,0,0,0,,49.18032786885246,31.818181818181817,indig_0252,16,26.229508196721312,TRIETNICO GOBERNATIVO TRIGO,#FDC418,SAN ESTANISLAO,13647,SAN ESTANISLAO,0500,05
0500072,66,20,3,24,17,0,0,0,0,0,0,0,0,0,3,11,3,0,0,0,0,0,0,0,0,0,0,0,0,0,0,0,0,0,0,0,0,0,0,0,0,0,0,0,0,0,0,0,0,0,,15.0,36.36363636363637,indig_0011,17,85.0,"MOVIMIENTO ALTERNATIVO INDÍGENA Y SOCIAL ""MAIS""",#E30613,SAN CRISTOBAL,13620,SAN CRISTÓBAL,0500,05
0500073,22,2,2,18,0,0,0,0,0,0,0,0,0,0,0,0,0,0,0,0,0,0,0,0,0,0,0,0,0,0,0,0,0,0,0,0,0,0,0,0,0,0,0,0,0,0,0,0,0,0,,100.0,81.81818181818183,indig_0011,0,0.0,"MOVIMIENTO ALTERNATIVO INDÍGENA Y SOCIAL ""MAIS""",#E30613,SAN FERNANDO,13650,SAN FERNANDO,0500,05
0500076,215,69,16,73,47,1,0,3,0,0,1,0,1,0,4,38,3,2,0,1,0,0,0,0,0,0,0,1,0,2,0,0,0,0,0,0,0,1,0,0,0,0,0,0,1,0,0,0,0,0,,23.18840579710145,33.95348837209302,indig_0011,47,68.11594202898551,"MOVIMIENTO ALTERNATIVO INDÍGENA Y SOCIAL ""MAIS""",#E30613,SAN JACINTO,13654,SAN JACINTO,0500,05
0500078,18,1,0,13,0,1,0,0,0,0,0,0,0,0,0,0,0,0,0,0,0,1,0,0,0,0,0,0,0,0,0,0,0,0,0,0,0,0,0,0,0,0,0,0,0,0,0,0,0,0,,0.0,72.22222222222221,indig_0285,1,100.0,ASOCIACIÓN DE AUTORIDADES TRADICIONALES INDÍGENAS,#811EC5,SAN JACINTO DEL CAUCA,13655,SAN JACINTO DEL CAUCA,0500,05
0500079,525,390,22,64,39,5,0,320,0,0,3,0,0,1,4,23,4,8,1,1,0,3,0,0,0,0,16,4,4,296,0,0,0,0,0,0,0,2,1,0,0,0,0,0,0,1,0,0,0,0,,5.641025641025641,12.19047619047619,indig_0006,320,82.05128205128204,"MOVIMIENTO AUTORIDADES INDÍGENAS DE COLOMBIA ""AICO""",#C05B16,SAN JUAN NEPOMUCENO,13657,SAN JUAN NEPOMUCENO,0500,05
0500082,149,30,22,64,3,1,0,3,0,0,0,0,1,0,0,2,0,1,0,0,0,1,0,0,0,0,1,0,0,2,0,0,0,0,0,0,0,0,0,0,0,0,0,1,0,0,0,0,0,0,,73.33333333333333,42.95302013422819,indig_0011,3,10.0,"MOVIMIENTO ALTERNATIVO INDÍGENA Y SOCIAL ""MAIS""",#E30613,SAN MARTIN DE LOBA,13667,SAN MARTÍN DE LOBA,0500,05
0500084,130,24,20,53,1,1,0,0,1,0,1,0,0,0,0,1,0,0,0,1,0,0,0,0,0,0,0,0,0,0,1,0,0,0,0,0,0,0,0,1,0,0,0,0,0,0,0,0,0,0,,83.33333333333334,40.76923076923077,indig_0011,1,4.166666666666666,"MOVIMIENTO ALTERNATIVO INDÍGENA Y SOCIAL ""MAIS""",#E30613,SAN PABLO,13670,SAN PABLO,0500,05
0500091,36,5,4,16,0,0,0,0,0,0,0,1,0,0,0,0,0,0,0,0,0,0,0,0,0,0,0,0,0,0,0,0,0,0,0,0,0,0,0,0,1,0,0,0,0,0,0,0,0,0,,80.0,44.44444444444444,indig_0237,1,20.0,ACMIZSAM,#F2459B,SANTA CATALINA,13673,SANTA CATALINA,0500,05
0500094,210,61,38,86,23,0,0,0,0,0,0,0,0,0,2,15,3,3,0,0,0,0,0,0,0,0,0,0,0,0,0,0,0,0,0,0,0,0,0,0,0,0,0,0,0,0,0,0,0,0,,62.295081967213115,40.95238095238095,indig_0011,23,37.704918032786885,"MOVIMIENTO ALTERNATIVO INDÍGENA Y SOCIAL ""MAIS""",#E30613,SANTA ROSA,13683,SANTA ROSA,0500,05
0500095,62,38,24,8,5,4,0,1,0,1,0,2,1,0,0,3,1,1,1,2,1,0,0,0,0,0,0,1,0,0,0,0,1,0,0,0,0,0,0,0,2,0,0,1,0,0,0,0,0,0,,63.1578947368421,12.903225806451612,indig_0011,5,13.157894736842104,"MOVIMIENTO ALTERNATIVO INDÍGENA Y SOCIAL ""MAIS""",#E30613,SANTA ROSA DEL SUR,13688,SANTA ROSA DEL SUR,0500,05
0500097,52,21,9,15,10,1,0,1,0,0,0,0,0,0,0,10,0,0,0,0,1,0,0,0,0,0,0,0,0,1,0,0,0,0,0,0,0,0,0,0,0,0,0,0,0,0,0,0,0,0,,42.857142857142854,28.846153846153843,indig_0011,10,47.61904761904761,"MOVIMIENTO ALTERNATIVO INDÍGENA Y SOCIAL ""MAIS""",#E30613,SIMITI,13744,SIMITÍ,0500,05
0500106,70,22,11,31,9,0,0,2,0,0,0,0,0,0,4,5,0,0,0,0,0,0,0,0,0,0,0,1,0,1,0,0,0,0,0,0,0,0,0,0,0,0,0,0,0,0,0,0,0,0,,50.0,44.285714285714285,indig_0011,9,40.909090909090914,"MOVIMIENTO ALTERNATIVO INDÍGENA Y SOCIAL ""MAIS""",#E30613,SOPLAVIENTO,13760,SOPLAVIENTO,0500,05
0500110,39,15,3,15,11,0,0,1,0,0,0,0,0,0,0,10,1,0,0,0,0,0,0,0,0,0,0,0,0,1,0,0,0,0,0,0,0,0,0,0,0,0,0,0,0,0,0,0,0,0,,20.0,38.46153846153847,indig_0011,11,73.33333333333333,"MOVIMIENTO ALTERNATIVO INDÍGENA Y SOCIAL ""MAIS""",#E30613,TALAIGUA NUEVO,13780,TALAIGUA NUEVO,0500,05
0500113,41,8,2,24,6,0,0,0,0,0,0,0,0,0,0,6,0,0,0,0,0,0,0,0,0,0,0,0,0,0,0,0,0,0,0,0,0,0,0,0,0,0,0,0,0,0,0,0,0,0,,25.0,58.536585365853654,indig_0011,6,75.0,"MOVIMIENTO ALTERNATIVO INDÍGENA Y SOCIAL ""MAIS""",#E30613,TIQUISIO (PTO. RICO),13810,TIQUISIO,0500,05
0500118,755,308,214,227,52,7,3,9,4,2,6,4,5,2,5,31,9,7,1,3,3,0,3,0,0,0,0,5,3,1,4,0,2,0,0,0,3,0,2,1,4,0,1,4,0,2,0,0,0,0,,69.48051948051948,30.066225165562916,indig_0011,52,16.883116883116884,"MOVIMIENTO ALTERNATIVO INDÍGENA Y SOCIAL ""MAIS""",#E30613,TURBACO,13836,TURBACO,0500,05
0500121,96,11,11,26,0,0,0,0,0,0,0,0,0,0,0,0,0,0,0,0,0,0,0,0,0,0,0,0,0,0,0,0,0,0,0,0,0,0,0,0,0,0,0,0,0,0,0,0,0,0,,100.0,27.083333333333332,indig_0011,0,0.0,"MOVIMIENTO ALTERNATIVO INDÍGENA Y SOCIAL ""MAIS""",#E30613,TURBANA,13838,TURBANA,0500,05
0500124,232,44,29,107,6,3,0,4,0,0,0,0,2,0,0,5,0,1,0,0,2,1,0,0,0,0,1,0,0,3,0,0,0,0,0,0,0,0,0,0,0,0,1,0,1,0,0,0,0,0,,65.9090909090909,46.12068965517241,indig_0011,6,13.636363636363635,"MOVIMIENTO ALTERNATIVO INDÍGENA Y SOCIAL ""MAIS""",#E30613,VILLANUEVA,13873,VILLANUEVA,0500,05
0500127,24,6,0,13,6,0,0,0,0,0,0,0,0,0,0,5,1,0,0,0,0,0,0,0,0,0,0,0,0,0,0,0,0,0,0,0,0,0,0,0,0,0,0,0,0,0,0,0,0,0,,0.0,54.166666666666664,indig_0011,6,100.0,"MOVIMIENTO ALTERNATIVO INDÍGENA Y SOCIAL ""MAIS""",#E30613,ZAMBRANO,13894,ZAMBRANO,0500,05
0700001,926,785,215,92,392,30,15,99,5,1,18,2,5,3,21,305,18,48,5,21,3,1,15,0,0,0,7,3,2,87,5,0,1,0,0,0,3,11,3,1,2,0,4,0,1,3,0,0,0,0,,27.388535031847134,9.935205183585314,indig_0011,392,49.93630573248408,"MOVIMIENTO ALTERNATIVO INDÍGENA Y SOCIAL ""MAIS""",#E30613,TUNJA,15001,TUNJA,0700,07
0700007,1,1,0,0,0,0,1,0,0,0,0,0,0,0,0,0,0,0,0,0,0,0,1,0,0,0,0,0,0,0,0,0,0,0,0,0,0,0,0,0,0,0,0,0,0,0,0,0,0,0,,0.0,0.0,indig_0234,1,100.0,ASOCIACIÓN DE CABILDOS INDÍGENAS POR COLOMBIA,#0B5C59,ALMEIDA,15022,ALMEIDA,0700,07
0700008,33,10,4,8,6,0,0,0,0,0,0,0,0,0,0,6,0,0,0,0,0,0,0,0,0,0,0,0,0,0,0,0,0,0,0,0,0,0,0,0,0,0,0,0,0,0,0,0,0,0,,40.0,24.242424242424242,indig_0011,6,60.0,"MOVIMIENTO ALTERNATIVO INDÍGENA Y SOCIAL ""MAIS""",#E30613,AQUITANIA (PUEBLOVIEJO),15047,AQUITANIA,0700,07
0700010,0,0,0,0,0,0,0,0,0,0,0,0,0,0,0,0,0,0,0,0,0,0,0,0,0,0,0,0,0,0,0,0,0,0,0,0,0,0,0,0,0,0,0,0,0,0,0,0,0,0,,,,indig_0011,0,,"MOVIMIENTO ALTERNATIVO INDÍGENA Y SOCIAL ""MAIS""",#E30613,ARCABUCO,15051,ARCABUCO,0700,07
0700013,14,4,4,7,0,0,0,0,0,0,0,0,0,0,0,0,0,0,0,0,0,0,0,0,0,0,0,0,0,0,0,0,0,0,0,0,0,0,0,0,0,0,0,0,0,0,0,0,0,0,,100.0,50.0,indig_0011,0,0.0,"MOVIMIENTO ALTERNATIVO INDÍGENA Y SOCIAL ""MAIS""",#E30613,BELEN,15087,BELÉN,0700,07
0700016,0,0,0,0,0,0,0,0,0,0,0,0,0,0,0,0,0,0,0,0,0,0,0,0,0,0,0,0,0,0,0,0,0,0,0,0,0,0,0,0,0,0,0,0,0,0,0,0,0,0,,,,indig_0011,0,,"MOVIMIENTO ALTERNATIVO INDÍGENA Y SOCIAL ""MAIS""",#E30613,BERBEO,15090,BERBEO,0700,07
0700019,31,19,6,6,12,0,0,0,0,0,0,1,0,0,0,9,2,1,0,0,0,0,0,0,0,0,0,0,0,0,0,0,0,0,0,0,0,0,0,0,1,0,0,0,0,0,0,0,0,0,,31.57894736842105,19.35483870967742,indig_0011,12,63.1578947368421,"MOVIMIENTO ALTERNATIVO INDÍGENA Y SOCIAL ""MAIS""",#E30613,BETEITIVA,15092,BETÉITIVA,0700,07
0700022,0,0,0,0,0,0,0,0,0,0,0,0,0,0,0,0,0,0,0,0,0,0,0,0,0,0,0,0,0,0,0,0,0,0,0,0,0,0,0,0,0,0,0,0,0,0,0,0,0,0,,,,indig_0011,0,,"MOVIMIENTO ALTERNATIVO INDÍGENA Y SOCIAL ""MAIS""",#E30613,BOAVITA,15097,BOAVITA,0700,07
0700025,14,6,0,0,1,1,0,4,0,0,0,0,0,0,0,1,0,0,0,0,0,1,0,0,0,0,0,0,0,4,0,0,0,0,0,0,0,0,0,0,0,0,0,0,0,0,0,0,0,0,,0.0,0.0,indig_0006,4,66.66666666666666,"MOVIMIENTO AUTORIDADES INDÍGENAS DE COLOMBIA ""AICO""",#C05B16,BOYACA,15104,BOYACÁ,0700,07
0700028,4,3,3,1,0,0,0,0,0,0,0,0,0,0,0,0,0,0,0,0,0,0,0,0,0,0,0,0,0,0,0,0,0,0,0,0,0,0,0,0,0,0,0,0,0,0,0,0,0,0,,100.0,25.0,indig_0011,0,0.0,"MOVIMIENTO ALTERNATIVO INDÍGENA Y SOCIAL ""MAIS""",#E30613,BRICEÑO,15106,BRICEÑO,0700,07
0700031,5,2,2,0,0,0,0,0,0,0,0,0,0,0,0,0,0,0,0,0,0,0,0,0,0,0,0,0,0,0,0,0,0,0,0,0,0,0,0,0,0,0,0,0,0,0,0,0,0,0,,100.0,0.0,indig_0011,0,0.0,"MOVIMIENTO ALTERNATIVO INDÍGENA Y SOCIAL ""MAIS""",#E30613,BUENAVISTA,15109,BUENAVISTA,0700,07
0700034,1,1,0,0,0,0,0,0,0,1,0,0,0,0,0,0,0,0,0,0,0,0,0,0,0,0,0,0,0,0,0,0,1,0,0,0,0,0,0,0,0,0,0,0,0,0,0,0,0,0,,0.0,0.0,indig_0252,1,100.0,TRIETNICO GOBERNATIVO TRIGO,#FDC418,BUSBANZA,15114,BUSBANZÁ,0700,07
0700037,1,1,1,0,0,0,0,0,0,0,0,0,0,0,0,0,0,0,0,0,0,0,0,0,0,0,0,0,0,0,0,0,0,0,0,0,0,0,0,0,0,0,0,0,0,0,0,0,0,0,,100.0,0.0,indig_0011,0,0.0,"MOVIMIENTO ALTERNATIVO INDÍGENA Y SOCIAL ""MAIS""",#E30613,CALDAS,15131,CALDAS,0700,07
0700040,0,0,0,0,0,0,0,0,0,0,0,0,0,0,0,0,0,0,0,0,0,0,0,0,0,0,0,0,0,0,0,0,0,0,0,0,0,0,0,0,0,0,0,0,0,0,0,0,0,0,,,,indig_0011,0,,"MOVIMIENTO ALTERNATIVO INDÍGENA Y SOCIAL ""MAIS""",#E30613,CAMPOHERMOSO,15135,CAMPOHERMOSO,0700,07
0700043,27,4,2,10,0,2,0,0,0,0,0,0,0,0,0,0,0,0,0,2,0,0,0,0,0,0,0,0,0,0,0,0,0,0,0,0,0,0,0,0,0,0,0,0,0,0,0,0,0,0,,50.0,37.03703703703704,indig_0285,2,50.0,ASOCIACIÓN DE AUTORIDADES TRADICIONALES INDÍGENAS,#811EC5,CERINZA,15162,CERINZA,0700,07
0700046,18,17,6,0,11,0,0,0,0,0,0,0,0,0,1,10,0,0,0,0,0,0,0,0,0,0,0,0,0,0,0,0,0,0,0,0,0,0,0,0,0,0,0,0,0,0,0,0,0,0,,35.294117647058826,0.0,indig_0011,11,64.70588235294117,"MOVIMIENTO ALTERNATIVO INDÍGENA Y SOCIAL ""MAIS""",#E30613,CIENEGA,15189,CIÉNEGA,0700,07
0700049,108,66,24,16,29,0,0,13,0,0,0,0,0,0,0,26,3,0,0,0,0,0,0,0,0,0,1,5,1,6,0,0,0,0,0,0,0,0,0,0,0,0,0,0,0,0,0,0,0,0,,36.36363636363637,14.814814814814813,indig_0011,29,43.93939393939394,"MOVIMIENTO ALTERNATIVO INDÍGENA Y SOCIAL ""MAIS""",#E30613,COMBITA,15204,CÓMBITA,0700,07
0700052,2,1,0,0,0,0,0,0,0,0,0,0,0,1,0,0,0,0,0,0,0,0,0,0,0,0,0,0,0,0,0,0,0,0,0,0,0,0,0,0,0,0,0,0,0,1,0,0,0,0,,0.0,0.0,indig_0347,1,100.0,CABILDO INDÍGENA TEVIS,#1C1C80,COPER,15212,COPER,0700,07
0700055,3,3,2,0,0,0,0,0,1,0,0,0,0,0,0,0,0,0,0,0,0,0,0,0,0,0,0,0,0,0,1,0,0,0,0,0,0,0,0,0,0,0,0,0,0,0,0,0,0,0,,66.66666666666666,0.0,indig_0306,1,33.33333333333333,"ASOCIACIÓN NACIONAL INDÍGENA DE COLOMBIA ""ANIC""",#659A02,CORRALES,15215,CORRALES,0700,07
0700058,13,6,6,6,0,0,0,0,0,0,0,0,0,0,0,0,0,0,0,0,0,0,0,0,0,0,0,0,0,0,0,0,0,0,0,0,0,0,0,0,0,0,0,0,0,0,0,0,0,0,,100.0,46.15384615384615,indig_0011,0,0.0,"MOVIMIENTO ALTERNATIVO INDÍGENA Y SOCIAL ""MAIS""",#E30613,COVARACHIA,15218,COVARACHÍA,0700,07
0700059,185,153,17,18,127,5,1,1,0,0,0,1,1,0,53,19,7,48,2,2,1,0,1,0,0,0,0,0,0,1,0,0,0,0,0,0,0,0,0,0,1,0,1,0,0,0,0,0,0,0,,11.11111111111111,9.72972972972973,indig_0011,127,83.00653594771242,"MOVIMIENTO ALTERNATIVO INDÍGENA Y SOCIAL ""MAIS""",#E30613,CUBARA,15223,CUBARÁ,0700,07
0700060,15,15,0,0,13,0,0,0,0,0,2,0,0,0,0,12,1,0,0,0,0,0,0,0,0,0,0,0,0,0,0,0,0,0,0,0,0,2,0,0,0,0,0,0,0,0,0,0,0,0,,0.0,0.0,indig_0011,13,86.66666666666667,"MOVIMIENTO ALTERNATIVO INDÍGENA Y SOCIAL ""MAIS""",#E30613,CUCAITA,15224,CUCAITA,0700,07
0700061,25,25,0,0,25,0,0,0,0,0,0,0,0,0,8,16,1,0,0,0,0,0,0,0,0,0,0,0,0,0,0,0,0,0,0,0,0,0,0,0,0,0,0,0,0,0,0,0,0,0,,0.0,0.0,indig_0011,25,100.0,"MOVIMIENTO ALTERNATIVO INDÍGENA Y SOCIAL ""MAIS""",#E30613,CUITIVA,15226,CUÍTIVA,0700,07
0700064,8,5,5,1,0,0,0,0,0,0,0,0,0,0,0,0,0,0,0,0,0,0,0,0,0,0,0,0,0,0,0,0,0,0,0,0,0,0,0,0,0,0,0,0,0,0,0,0,0,0,,100.0,12.5,indig_0011,0,0.0,"MOVIMIENTO ALTERNATIVO INDÍGENA Y SOCIAL ""MAIS""",#E30613,CHINAVITA,15172,CHINAVITA,0700,07
0700067,141,70,54,45,4,2,2,5,0,0,1,2,0,0,2,0,0,2,0,1,1,0,2,0,0,0,0,2,1,2,0,0,0,0,0,0,0,0,1,0,2,0,0,0,0,0,0,0,0,0,,77.14285714285715,31.914893617021278,indig_0006,5,7.142857142857142,"MOVIMIENTO AUTORIDADES INDÍGENAS DE COLOMBIA ""AICO""",#C05B16,CHIQUINQUIRA,15176,CHIQUINQUIRÁ,0700,07
0700068,2,2,0,0,2,0,0,0,0,0,0,0,0,0,1,1,0,0,0,0,0,0,0,0,0,0,0,0,0,0,0,0,0,0,0,0,0,0,0,0,0,0,0,0,0,0,0,0,0,0,,0.0,0.0,indig_0011,2,100.0,"MOVIMIENTO ALTERNATIVO INDÍGENA Y SOCIAL ""MAIS""",#E30613,CHIQUIZA,15232,CHÍQUIZA,0700,07
0700070,8,3,3,2,0,0,0,0,0,0,0,0,0,0,0,0,0,0,0,0,0,0,0,0,0,0,0,0,0,0,0,0,0,0,0,0,0,0,0,0,0,0,0,0,0,0,0,0,0,0,,100.0,25.0,indig_0011,0,0.0,"MOVIMIENTO ALTERNATIVO INDÍGENA Y SOCIAL ""MAIS""",#E30613,CHISCAS,15180,CHISCAS,0700,07
0700073,13,1,1,4,0,0,0,0,0,0,0,0,0,0,0,0,0,0,0,0,0,0,0,0,0,0,0,0,0,0,0,0,0,0,0,0,0,0,0,0,0,0,0,0,0,0,0,0,0,0,,100.0,30.76923076923077,indig_0011,0,0.0,"MOVIMIENTO ALTERNATIVO INDÍGENA Y SOCIAL ""MAIS""",#E30613,CHITA,15183,CHITA,0700,07
0700076,14,2,1,5,0,0,0,0,0,0,1,0,0,0,0,0,0,0,0,0,0,0,0,0,0,0,0,0,0,0,0,0,0,0,0,0,0,1,0,0,0,0,0,0,0,0,0,0,0,0,,50.0,35.714285714285715,indig_0188,1,50.0,MOVIMIENTO UNIDAD EN MINGA POR COLOMBIA,#DA5403,CHITARAQUE,15185,CHITARAQUE,0700,07
0700077,1,0,0,1,0,0,0,0,0,0,0,0,0,0,0,0,0,0,0,0,0,0,0,0,0,0,0,0,0,0,0,0,0,0,0,0,0,0,0,0,0,0,0,0,0,0,0,0,0,0,,,100.0,indig_0011,0,,"MOVIMIENTO ALTERNATIVO INDÍGENA Y SOCIAL ""MAIS""",#E30613,CHIVATA,15187,CHIVATÁ,0700,07
0700078,13,3,3,3,0,0,0,0,0,0,0,0,0,0,0,0,0,0,0,0,0,0,0,0,0,0,0,0,0,0,0,0,0,0,0,0,0,0,0,0,0,0,0,0,0,0,0,0,0,0,,100.0,23.076923076923077,indig_0011,0,0.0,"MOVIMIENTO ALTERNATIVO INDÍGENA Y SOCIAL ""MAIS""",#E30613,CHIVOR,15236,CHIVOR,0700,07
0700079,278,229,74,24,121,10,1,10,2,1,4,4,1,1,13,92,10,6,2,8,0,0,1,0,0,0,0,2,0,8,2,0,1,0,0,0,3,0,1,0,4,0,0,0,1,1,0,0,0,0,,32.314410480349345,8.633093525179856,indig_0011,121,52.838427947598255,"MOVIMIENTO ALTERNATIVO INDÍGENA Y SOCIAL ""MAIS""",#E30613,DUITAMA,15238,DUITAMA,0700,07
0700082,0,0,0,0,0,0,0,0,0,0,0,0,0,0,0,0,0,0,0,0,0,0,0,0,0,0,0,0,0,0,0,0,0,0,0,0,0,0,0,0,0,0,0,0,0,0,0,0,0,0,,,,indig_0011,0,,"MOVIMIENTO ALTERNATIVO INDÍGENA Y SOCIAL ""MAIS""",#E30613,EL COCUY,15244,EL COCUY,0700,07
0700085,18,18,0,0,0,18,0,0,0,0,0,0,0,0,0,0,0,0,0,16,2,0,0,0,0,0,0,0,0,0,0,0,0,0,0,0,0,0,0,0,0,0,0,0,0,0,0,0,0,0,,0.0,0.0,indig_0285,18,100.0,ASOCIACIÓN DE AUTORIDADES TRADICIONALES INDÍGENAS,#811EC5,EL ESPINO,15248,EL ESPINO,0700,07
0700088,13,11,11,2,0,0,0,0,0,0,0,0,0,0,0,0,0,0,0,0,0,0,0,0,0,0,0,0,0,0,0,0,0,0,0,0,0,0,0,0,0,0,0,0,0,0,0,0,0,0,,100.0,15.384615384615385,indig_0011,0,0.0,"MOVIMIENTO ALTERNATIVO INDÍGENA Y SOCIAL ""MAIS""",#E30613,FIRAVITOBA,15272,FIRAVITOBA,0700,07
0700091,1,1,0,0,1,0,0,0,0,0,0,0,0,0,0,1,0,0,0,0,0,0,0,0,0,0,0,0,0,0,0,0,0,0,0,0,0,0,0,0,0,0,0,0,0,0,0,0,0,0,,0.0,0.0,indig_0011,1,100.0,"MOVIMIENTO ALTERNATIVO INDÍGENA Y SOCIAL ""MAIS""",#E30613,FLORESTA,15276,FLORESTA,0700,07
0700094,0,0,0,0,0,0,0,0,0,0,0,0,0,0,0,0,0,0,0,0,0,0,0,0,0,0,0,0,0,0,0,0,0,0,0,0,0,0,0,0,0,0,0,0,0,0,0,0,0,0,,,,indig_0011,0,,"MOVIMIENTO ALTERNATIVO INDÍGENA Y SOCIAL ""MAIS""",#E30613,GACHANTIVA,15293,GACHANTIVÁ,0700,07
0700097,1,1,0,0,1,0,0,0,0,0,0,0,0,0,0,0,1,0,0,0,0,0,0,0,0,0,0,0,0,0,0,0,0,0,0,0,0,0,0,0,0,0,0,0,0,0,0,0,0,0,,0.0,0.0,indig_0011,1,100.0,"MOVIMIENTO ALTERNATIVO INDÍGENA Y SOCIAL ""MAIS""",#E30613,GAMEZA,15296,GÁMEZA,0700,07
0700100,31,19,12,9,1,1,0,2,0,0,3,0,0,0,1,0,0,0,0,1,0,0,0,0,0,0,0,0,1,1,0,0,0,0,0,0,0,1,0,2,0,0,0,0,0,0,0,0,0,0,,63.1578947368421,29.03225806451613,indig_0188,3,15.789473684210526,MOVIMIENTO UNIDAD EN MINGA POR COLOMBIA,#DA5403,GARAGOA,15299,GARAGOA,0700,07
0700103,0,0,0,0,0,0,0,0,0,0,0,0,0,0,0,0,0,0,0,0,0,0,0,0,0,0,0,0,0,0,0,0,0,0,0,0,0,0,0,0,0,0,0,0,0,0,0,0,0,0,,,,indig_0011,0,,"MOVIMIENTO ALTERNATIVO INDÍGENA Y SOCIAL ""MAIS""",#E30613,GUACAMAYAS,15317,GUACAMAYAS,0700,07
0700106,27,23,20,4,0,0,0,2,0,0,1,0,0,0,0,0,0,0,0,0,0,0,0,0,0,0,0,1,0,1,0,0,0,0,0,0,0,0,0,1,0,0,0,0,0,0,0,0,0,0,,86.95652173913044,14.814814814814813,indig_0006,2,8.695652173913043,"MOVIMIENTO AUTORIDADES INDÍGENAS DE COLOMBIA ""AICO""",#C05B16,GUATEQUE,15322,GUATEQUE,0700,07
0700109,4,2,2,2,0,0,0,0,0,0,0,0,0,0,0,0,0,0,0,0,0,0,0,0,0,0,0,0,0,0,0,0,0,0,0,0,0,0,0,0,0,0,0,0,0,0,0,0,0,0,,100.0,50.0,indig_0011,0,0.0,"MOVIMIENTO ALTERNATIVO INDÍGENA Y SOCIAL ""MAIS""",#E30613,GUAYATA,15325,GUAYATÁ,0700,07
0700112,12,11,0,0,8,3,0,0,0,0,0,0,0,0,6,0,1,1,0,0,3,0,0,0,0,0,0,0,0,0,0,0,0,0,0,0,0,0,0,0,0,0,0,0,0,0,0,0,0,0,,0.0,0.0,indig_0011,8,72.72727272727273,"MOVIMIENTO ALTERNATIVO INDÍGENA Y SOCIAL ""MAIS""",#E30613,GUICAN,15332,GÜICÁN DE LA SIERRA,0700,07
0700118,1,0,0,0,0,0,0,0,0,0,0,0,0,0,0,0,0,0,0,0,0,0,0,0,0,0,0,0,0,0,0,0,0,0,0,0,0,0,0,0,0,0,0,0,0,0,0,0,0,0,,,0.0,indig_0011,0,,"MOVIMIENTO ALTERNATIVO INDÍGENA Y SOCIAL ""MAIS""",#E30613,IZA,15362,IZA,0700,07
0700121,16,8,8,3,0,0,0,0,0,0,0,0,0,0,0,0,0,0,0,0,0,0,0,0,0,0,0,0,0,0,0,0,0,0,0,0,0,0,0,0,0,0,0,0,0,0,0,0,0,0,,100.0,18.75,indig_0011,0,0.0,"MOVIMIENTO ALTERNATIVO INDÍGENA Y SOCIAL ""MAIS""",#E30613,JENESANO,15367,JENESANO,0700,07
0700124,8,0,0,0,0,0,0,0,0,0,0,0,0,0,0,0,0,0,0,0,0,0,0,0,0,0,0,0,0,0,0,0,0,0,0,0,0,0,0,0,0,0,0,0,0,0,0,0,0,0,,,0.0,indig_0011,0,,"MOVIMIENTO ALTERNATIVO INDÍGENA Y SOCIAL ""MAIS""",#E30613,JERICO,15368,JERICÓ,0700,07
0700127,36,2,1,6,0,0,0,0,0,0,0,0,0,1,0,0,0,0,0,0,0,0,0,0,0,0,0,0,0,0,0,0,0,0,0,0,0,0,0,0,0,0,0,0,0,1,0,0,0,0,,50.0,16.666666666666664,indig_0347,1,50.0,CABILDO INDÍGENA TEVIS,#1C1C80,LABRANZAGRANDE,15377,LABRANZAGRANDE,0700,07
0700130,0,0,0,0,0,0,0,0,0,0,0,0,0,0,0,0,0,0,0,0,0,0,0,0,0,0,0,0,0,0,0,0,0,0,0,0,0,0,0,0,0,0,0,0,0,0,0,0,0,0,,,,indig_0011,0,,"MOVIMIENTO ALTERNATIVO INDÍGENA Y SOCIAL ""MAIS""",#E30613,LA CAPILLA,15380,LA CAPILLA,0700,07
0700136,1,1,0,0,0,0,0,0,0,0,1,0,0,0,0,0,0,0,0,0,0,0,0,0,0,0,0,0,0,0,0,0,0,0,0,0,0,1,0,0,0,0,0,0,0,0,0,0,0,0,,0.0,0.0,indig_0188,1,100.0,MOVIMIENTO UNIDAD EN MINGA POR COLOMBIA,#DA5403,LA UVITA,15403,LA UVITA,0700,07
0700137,8,0,0,8,0,0,0,0,0,0,0,0,0,0,0,0,0,0,0,0,0,0,0,0,0,0,0,0,0,0,0,0,0,0,0,0,0,0,0,0,0,0,0,0,0,0,0,0,0,0,,,100.0,indig_0011,0,,"MOVIMIENTO ALTERNATIVO INDÍGENA Y SOCIAL ""MAIS""",#E30613,LA VICTORIA,15401,LA VICTORIA,0700,07
0700139,34,12,8,19,2,0,0,2,0,0,0,0,0,0,1,1,0,0,0,0,0,0,0,0,0,0,0,1,0,1,0,0,0,0,0,0,0,0,0,0,0,0,0,0,0,0,0,0,0,0,,66.66666666666666,55.88235294117647,indig_0011,2,16.666666666666664,"MOVIMIENTO ALTERNATIVO INDÍGENA Y SOCIAL ""MAIS""",#E30613,VILLA DE LEIVA,15407,VILLA DE LEYVA,0700,07
0700142,1,1,0,0,0,0,0,1,0,0,0,0,0,0,0,0,0,0,0,0,0,0,0,0,0,0,0,0,0,1,0,0,0,0,0,0,0,0,0,0,0,0,0,0,0,0,0,0,0,0,,0.0,0.0,indig_0006,1,100.0,"MOVIMIENTO AUTORIDADES INDÍGENAS DE COLOMBIA ""AICO""",#C05B16,MACANAL,15425,MACANAL,0700,07
0700148,0,0,0,0,0,0,0,0,0,0,0,0,0,0,0,0,0,0,0,0,0,0,0,0,0,0,0,0,0,0,0,0,0,0,0,0,0,0,0,0,0,0,0,0,0,0,0,0,0,0,,,,indig_0011,0,,"MOVIMIENTO ALTERNATIVO INDÍGENA Y SOCIAL ""MAIS""",#E30613,MARIPI,15442,MARIPÍ,0700,07
0700151,25,9,7,10,0,0,0,1,1,0,0,0,0,0,0,0,0,0,0,0,0,0,0,0,0,0,0,1,0,0,1,0,0,0,0,0,0,0,0,0,0,0,0,0,0,0,0,0,0,0,,77.77777777777779,40.0,indig_0006,1,11.11111111111111,"MOVIMIENTO AUTORIDADES INDÍGENAS DE COLOMBIA ""AICO""",#C05B16,MIRAFLORES,15455,MIRAFLORES,0700,07
0700154,1,1,0,0,0,0,0,1,0,0,0,0,0,0,0,0,0,0,0,0,0,0,0,0,0,0,0,0,0,1,0,0,0,0,0,0,0,0,0,0,0,0,0,0,0,0,0,0,0,0,,0.0,0.0,indig_0006,1,100.0,"MOVIMIENTO AUTORIDADES INDÍGENAS DE COLOMBIA ""AICO""",#C05B16,MONGUA,15464,MONGUA,0700,07
0700157,1,1,0,0,0,1,0,0,0,0,0,0,0,0,0,0,0,0,0,1,0,0,0,0,0,0,0,0,0,0,0,0,0,0,0,0,0,0,0,0,0,0,0,0,0,0,0,0,0,0,,0.0,0.0,indig_0285,1,100.0,ASOCIACIÓN DE AUTORIDADES TRADICIONALES INDÍGENAS,#811EC5,MONGUI,15466,MONGUÍ,0700,07
0700160,91,21,13,44,6,0,0,2,0,0,0,0,0,0,0,5,0,1,0,0,0,0,0,0,0,0,0,0,0,2,0,0,0,0,0,0,0,0,0,0,0,0,0,0,0,0,0,0,0,0,,61.904761904761905,48.35164835164835,indig_0011,6,28.57142857142857,"MOVIMIENTO ALTERNATIVO INDÍGENA Y SOCIAL ""MAIS""",#E30613,MONIQUIRA,15469,MONIQUIRÁ,0700,07
0700161,28,8,1,8,3,2,0,2,0,0,0,0,0,0,0,3,0,0,0,2,0,0,0,0,0,0,0,0,0,2,0,0,0,0,0,0,0,0,0,0,0,0,0,0,0,0,0,0,0,0,,12.5,28.57142857142857,indig_0011,3,37.5,"MOVIMIENTO ALTERNATIVO INDÍGENA Y SOCIAL ""MAIS""",#E30613,MOTAVITA,15476,MOTAVITA,0700,07
0700163,5,5,1,0,4,0,0,0,0,0,0,0,0,0,0,4,0,0,0,0,0,0,0,0,0,0,0,0,0,0,0,0,0,0,0,0,0,0,0,0,0,0,0,0,0,0,0,0,0,0,,20.0,0.0,indig_0011,4,80.0,"MOVIMIENTO ALTERNATIVO INDÍGENA Y SOCIAL ""MAIS""",#E30613,MUZO,15480,MUZO,0700,07
0700166,23,22,0,0,11,3,0,7,0,0,0,0,1,0,2,8,1,0,1,1,1,0,0,0,0,0,0,6,0,1,0,0,0,0,0,0,0,0,0,0,0,0,0,0,1,0,0,0,0,0,,0.0,0.0,indig_0011,11,50.0,"MOVIMIENTO ALTERNATIVO INDÍGENA Y SOCIAL ""MAIS""",#E30613,NOBSA,15491,NOBSA,0700,07
0700169,11,7,5,1,2,0,0,0,0,0,0,0,0,0,0,2,0,0,0,0,0,0,0,0,0,0,0,0,0,0,0,0,0,0,0,0,0,0,0,0,0,0,0,0,0,0,0,0,0,0,,71.42857142857143,9.090909090909092,indig_0011,2,28.57142857142857,"MOVIMIENTO ALTERNATIVO INDÍGENA Y SOCIAL ""MAIS""",#E30613,NUEVO COLON,15494,NUEVO COLÓN,0700,07
0700173,1,1,0,0,0,1,0,0,0,0,0,0,0,0,0,0,0,0,0,1,0,0,0,0,0,0,0,0,0,0,0,0,0,0,0,0,0,0,0,0,0,0,0,0,0,0,0,0,0,0,,0.0,0.0,indig_0285,1,100.0,ASOCIACIÓN DE AUTORIDADES TRADICIONALES INDÍGENAS,#811EC5,OICATA,15500,OICATÁ,0700,07
0700176,56,32,2,5,29,1,0,0,0,0,0,0,0,0,0,27,1,1,0,0,0,1,0,0,0,0,0,0,0,0,0,0,0,0,0,0,0,0,0,0,0,0,0,0,0,0,0,0,0,0,,6.25,8.928571428571429,indig_0011,29,90.625,"MOVIMIENTO ALTERNATIVO INDÍGENA Y SOCIAL ""MAIS""",#E30613,OTANCHE,15507,OTANCHE,0700,07
0700178,2,1,0,0,0,0,0,0,0,0,0,1,0,0,0,0,0,0,0,0,0,0,0,0,0,0,0,0,0,0,0,0,0,0,0,0,0,0,0,0,1,0,0,0,0,0,0,0,0,0,,0.0,0.0,indig_0237,1,100.0,ACMIZSAM,#F2459B,PACHAVITA,15511,PACHAVITA,0700,07
0700179,1,1,0,0,1,0,0,0,0,0,0,0,0,0,0,1,0,0,0,0,0,0,0,0,0,0,0,0,0,0,0,0,0,0,0,0,0,0,0,0,0,0,0,0,0,0,0,0,0,0,,0.0,0.0,indig_0011,1,100.0,"MOVIMIENTO ALTERNATIVO INDÍGENA Y SOCIAL ""MAIS""",#E30613,PAEZ,15514,PÁEZ,0700,07
0700181,116,65,55,20,2,2,0,0,2,0,4,0,0,0,0,1,0,1,1,1,0,0,0,0,0,0,0,0,0,0,2,0,0,0,0,0,2,1,1,0,0,0,0,0,0,0,0,0,0,0,,84.61538461538461,17.24137931034483,indig_0188,4,6.153846153846154,MOVIMIENTO UNIDAD EN MINGA POR COLOMBIA,#DA5403,PAIPA,15516,PAIPA,0700,07
0700184,0,0,0,0,0,0,0,0,0,0,0,0,0,0,0,0,0,0,0,0,0,0,0,0,0,0,0,0,0,0,0,0,0,0,0,0,0,0,0,0,0,0,0,0,0,0,0,0,0,0,,,,indig_0011,0,,"MOVIMIENTO ALTERNATIVO INDÍGENA Y SOCIAL ""MAIS""",#E30613,PAJARITO,15518,PAJARITO,0700,07
0700187,9,2,2,3,0,0,0,0,0,0,0,0,0,0,0,0,0,0,0,0,0,0,0,0,0,0,0,0,0,0,0,0,0,0,0,0,0,0,0,0,0,0,0,0,0,0,0,0,0,0,,100.0,33.33333333333333,indig_0011,0,0.0,"MOVIMIENTO ALTERNATIVO INDÍGENA Y SOCIAL ""MAIS""",#E30613,PANQUEBA,15522,PANQUEBA,0700,07
0700190,14,6,5,6,1,0,0,0,0,0,0,0,0,0,0,0,1,0,0,0,0,0,0,0,0,0,0,0,0,0,0,0,0,0,0,0,0,0,0,0,0,0,0,0,0,0,0,0,0,0,,83.33333333333334,42.857142857142854,indig_0011,1,16.666666666666664,"MOVIMIENTO ALTERNATIVO INDÍGENA Y SOCIAL ""MAIS""",#E30613,PAUNA,15531,PAUNA,0700,07
0700193,0,0,0,0,0,0,0,0,0,0,0,0,0,0,0,0,0,0,0,0,0,0,0,0,0,0,0,0,0,0,0,0,0,0,0,0,0,0,0,0,0,0,0,0,0,0,0,0,0,0,,,,indig_0011,0,,"MOVIMIENTO ALTERNATIVO INDÍGENA Y SOCIAL ""MAIS""",#E30613,PAYA,15533,PAYA,0700,07
0700199,7,3,3,2,0,0,0,0,0,0,0,0,0,0,0,0,0,0,0,0,0,0,0,0,0,0,0,0,0,0,0,0,0,0,0,0,0,0,0,0,0,0,0,0,0,0,0,0,0,0,,100.0,28.57142857142857,indig_0011,0,0.0,"MOVIMIENTO ALTERNATIVO INDÍGENA Y SOCIAL ""MAIS""",#E30613,PAZ DE RIO,15537,PAZ DE RÍO,0700,07
0700202,0,0,0,0,0,0,0,0,0,0,0,0,0,0,0,0,0,0,0,0,0,0,0,0,0,0,0,0,0,0,0,0,0,0,0,0,0,0,0,0,0,0,0,0,0,0,0,0,0,0,,,,indig_0011,0,,"MOVIMIENTO ALTERNATIVO INDÍGENA Y SOCIAL ""MAIS""",#E30613,PESCA,15542,PESCA,0700,07
0700205,0,0,0,0,0,0,0,0,0,0,0,0,0,0,0,0,0,0,0,0,0,0,0,0,0,0,0,0,0,0,0,0,0,0,0,0,0,0,0,0,0,0,0,0,0,0,0,0,0,0,,,,indig_0011,0,,"MOVIMIENTO ALTERNATIVO INDÍGENA Y SOCIAL ""MAIS""",#E30613,PISBA,15550,PISBA,0700,07
0700214,367,208,56,60,16,9,0,117,2,0,3,1,3,1,1,10,1,4,0,6,2,1,0,0,0,0,1,105,6,5,2,0,0,0,0,0,0,2,1,0,1,0,1,1,1,1,0,0,0,0,,26.923076923076923,16.348773841961854,indig_0006,117,56.25,"MOVIMIENTO AUTORIDADES INDÍGENAS DE COLOMBIA ""AICO""",#C05B16,PUERTO BOYACA,15572,PUERTO BOYACÁ,0700,07
0700215,0,0,0,0,0,0,0,0,0,0,0,0,0,0,0,0,0,0,0,0,0,0,0,0,0,0,0,0,0,0,0,0,0,0,0,0,0,0,0,0,0,0,0,0,0,0,0,0,0,0,,,,indig_0011,0,,"MOVIMIENTO ALTERNATIVO INDÍGENA Y SOCIAL ""MAIS""",#E30613,QUIPAMA,15580,QUÍPAMA,0700,07
0700217,0,0,0,0,0,0,0,0,0,0,0,0,0,0,0,0,0,0,0,0,0,0,0,0,0,0,0,0,0,0,0,0,0,0,0,0,0,0,0,0,0,0,0,0,0,0,0,0,0,0,,,,indig_0011,0,,"MOVIMIENTO ALTERNATIVO INDÍGENA Y SOCIAL ""MAIS""",#E30613,RAMIRIQUI,15599,RAMIRIQUÍ,0700,07
0700220,0,0,0,0,0,0,0,0,0,0,0,0,0,0,0,0,0,0,0,0,0,0,0,0,0,0,0,0,0,0,0,0,0,0,0,0,0,0,0,0,0,0,0,0,0,0,0,0,0,0,,,,indig_0011,0,,"MOVIMIENTO ALTERNATIVO INDÍGENA Y SOCIAL ""MAIS""",#E30613,RAQUIRA,15600,RÁQUIRA,0700,07
0700223,24,24,0,0,24,0,0,0,0,0,0,0,0,0,0,24,0,0,0,0,0,0,0,0,0,0,0,0,0,0,0,0,0,0,0,0,0,0,0,0,0,0,0,0,0,0,0,0,0,0,,0.0,0.0,indig_0011,24,100.0,"MOVIMIENTO ALTERNATIVO INDÍGENA Y SOCIAL ""MAIS""",#E30613,RONDON,15621,RONDÓN,0700,07
0700226,55,6,6,29,0,0,0,0,0,0,0,0,0,0,0,0,0,0,0,0,0,0,0,0,0,0,0,0,0,0,0,0,0,0,0,0,0,0,0,0,0,0,0,0,0,0,0,0,0,0,,100.0,52.72727272727272,indig_0011,0,0.0,"MOVIMIENTO ALTERNATIVO INDÍGENA Y SOCIAL ""MAIS""",#E30613,SABOYA,15632,SABOYÁ,0700,07
0700232,6,5,0,1,5,0,0,0,0,0,0,0,0,0,0,4,1,0,0,0,0,0,0,0,0,0,0,0,0,0,0,0,0,0,0,0,0,0,0,0,0,0,0,0,0,0,0,0,0,0,,0.0,16.666666666666664,indig_0011,5,100.0,"MOVIMIENTO ALTERNATIVO INDÍGENA Y SOCIAL ""MAIS""",#E30613,SACHICA,15638,SÁCHICA,0700,07
0700235,70,41,14,13,23,1,0,0,0,0,3,0,0,0,3,17,3,0,0,0,0,1,0,0,0,0,0,0,0,0,0,0,0,0,0,0,0,2,1,0,0,0,0,0,0,0,0,0,0,0,,34.146341463414636,18.571428571428573,indig_0011,23,56.09756097560976,"MOVIMIENTO ALTERNATIVO INDÍGENA Y SOCIAL ""MAIS""",#E30613,SAMACA,15646,SAMACÁ,0700,07
0700237,0,0,0,0,0,0,0,0,0,0,0,0,0,0,0,0,0,0,0,0,0,0,0,0,0,0,0,0,0,0,0,0,0,0,0,0,0,0,0,0,0,0,0,0,0,0,0,0,0,0,,,,indig_0011,0,,"MOVIMIENTO ALTERNATIVO INDÍGENA Y SOCIAL ""MAIS""",#E30613,SAN EDUARDO,15660,SAN EDUARDO,0700,07
0700238,12,6,4,4,2,0,0,0,0,0,0,0,0,0,0,2,0,0,0,0,0,0,0,0,0,0,0,0,0,0,0,0,0,0,0,0,0,0,0,0,0,0,0,0,0,0,0,0,0,0,,66.66666666666666,33.33333333333333,indig_0011,2,33.33333333333333,"MOVIMIENTO ALTERNATIVO INDÍGENA Y SOCIAL ""MAIS""",#E30613,SAN JOSE DE PARE,15664,SAN JOSÉ DE PARE,0700,07
0700241,0,0,0,0,0,0,0,0,0,0,0,0,0,0,0,0,0,0,0,0,0,0,0,0,0,0,0,0,0,0,0,0,0,0,0,0,0,0,0,0,0,0,0,0,0,0,0,0,0,0,,,,indig_0011,0,,"MOVIMIENTO ALTERNATIVO INDÍGENA Y SOCIAL ""MAIS""",#E30613,SAN LUIS DE GACENO,15667,SAN LUIS DE GACENO,0700,07
0700247,0,0,0,0,0,0,0,0,0,0,0,0,0,0,0,0,0,0,0,0,0,0,0,0,0,0,0,0,0,0,0,0,0,0,0,0,0,0,0,0,0,0,0,0,0,0,0,0,0,0,,,,indig_0011,0,,"MOVIMIENTO ALTERNATIVO INDÍGENA Y SOCIAL ""MAIS""",#E30613,SAN MATEO,15673,SAN MATEO,0700,07
0700248,17,7,7,4,0,0,0,0,0,0,0,0,0,0,0,0,0,0,0,0,0,0,0,0,0,0,0,0,0,0,0,0,0,0,0,0,0,0,0,0,0,0,0,0,0,0,0,0,0,0,,100.0,23.52941176470588,indig_0011,0,0.0,"MOVIMIENTO ALTERNATIVO INDÍGENA Y SOCIAL ""MAIS""",#E30613,SAN MIGUEL DE SEMA,15676,SAN MIGUEL DE SEMA,0700,07
0700249,24,2,2,6,0,0,0,0,0,0,0,0,0,0,0,0,0,0,0,0,0,0,0,0,0,0,0,0,0,0,0,0,0,0,0,0,0,0,0,0,0,0,0,0,0,0,0,0,0,0,,100.0,25.0,indig_0011,0,0.0,"MOVIMIENTO ALTERNATIVO INDÍGENA Y SOCIAL ""MAIS""",#E30613,SAN PABLO DE BORBUR,15681,SAN PABLO DE BORBUR,0700,07
0700250,19,5,4,6,0,0,1,0,0,0,0,0,0,0,0,0,0,0,0,0,0,0,1,0,0,0,0,0,0,0,0,0,0,0,0,0,0,0,0,0,0,0,0,0,0,0,0,0,0,0,,80.0,31.57894736842105,indig_0234,1,20.0,ASOCIACIÓN DE CABILDOS INDÍGENAS POR COLOMBIA,#0B5C59,SANTANA,15686,SANTANA,0700,07
0700251,0,0,0,0,0,0,0,0,0,0,0,0,0,0,0,0,0,0,0,0,0,0,0,0,0,0,0,0,0,0,0,0,0,0,0,0,0,0,0,0,0,0,0,0,0,0,0,0,0,0,,,,indig_0011,0,,"MOVIMIENTO ALTERNATIVO INDÍGENA Y SOCIAL ""MAIS""",#E30613,SANTA MARIA,15690,SANTA MARÍA,0700,07
0700253,9,6,4,3,0,0,0,2,0,0,0,0,0,0,0,0,0,0,0,0,0,0,0,0,0,0,0,0,0,2,0,0,0,0,0,0,0,0,0,0,0,0,0,0,0,0,0,0,0,0,,66.66666666666666,33.33333333333333,indig_0006,2,33.33333333333333,"MOVIMIENTO AUTORIDADES INDÍGENAS DE COLOMBIA ""AICO""",#C05B16,SANTA ROSA DE VITERBO,15693,SANTA ROSA DE VITERBO,0700,07
0700256,0,0,0,0,0,0,0,0,0,0,0,0,0,0,0,0,0,0,0,0,0,0,0,0,0,0,0,0,0,0,0,0,0,0,0,0,0,0,0,0,0,0,0,0,0,0,0,0,0,0,,,,indig_0011,0,,"MOVIMIENTO ALTERNATIVO INDÍGENA Y SOCIAL ""MAIS""",#E30613,SANTA SOFIA,15696,SANTA SOFÍA,0700,07
0700259,16,3,0,2,2,0,0,1,0,0,0,0,0,0,0,0,0,2,0,0,0,0,0,0,0,0,0,0,0,1,0,0,0,0,0,0,0,0,0,0,0,0,0,0,0,0,0,0,0,0,,0.0,12.5,indig_0011,2,66.66666666666666,"MOVIMIENTO ALTERNATIVO INDÍGENA Y SOCIAL ""MAIS""",#E30613,SATIVANORTE,15720,SATIVANORTE,0700,07
0700262,0,0,0,0,0,0,0,0,0,0,0,0,0,0,0,0,0,0,0,0,0,0,0,0,0,0,0,0,0,0,0,0,0,0,0,0,0,0,0,0,0,0,0,0,0,0,0,0,0,0,,,,indig_0011,0,,"MOVIMIENTO ALTERNATIVO INDÍGENA Y SOCIAL ""MAIS""",#E30613,SATIVASUR,15723,SATIVASUR,0700,07
0700265,6,5,0,1,1,0,0,4,0,0,0,0,0,0,0,1,0,0,0,0,0,0,0,0,0,0,0,0,0,4,0,0,0,0,0,0,0,0,0,0,0,0,0,0,0,0,0,0,0,0,,0.0,16.666666666666664,indig_0006,4,80.0,"MOVIMIENTO AUTORIDADES INDÍGENAS DE COLOMBIA ""AICO""",#C05B16,SIACHOQUE,15740,SIACHOQUE,0700,07
0700268,63,62,0,0,61,0,0,0,1,0,0,0,0,0,0,55,3,3,0,0,0,0,0,0,0,0,0,0,0,0,1,0,0,0,0,0,0,0,0,0,0,0,0,0,0,0,0,0,0,0,,0.0,0.0,indig_0011,61,98.38709677419355,"MOVIMIENTO ALTERNATIVO INDÍGENA Y SOCIAL ""MAIS""",#E30613,SOATA,15753,SOATÁ,0700,07
0700271,54,32,7,7,25,0,0,0,0,0,0,0,0,0,1,0,1,23,0,0,0,0,0,0,0,0,0,0,0,0,0,0,0,0,0,0,0,0,0,0,0,0,0,0,0,0,0,0,0,0,,21.875,12.962962962962962,indig_0011,25,78.125,"MOVIMIENTO ALTERNATIVO INDÍGENA Y SOCIAL ""MAIS""",#E30613,SOCOTA,15755,SOCOTÁ,0700,07
0700274,4,3,3,1,0,0,0,0,0,0,0,0,0,0,0,0,0,0,0,0,0,0,0,0,0,0,0,0,0,0,0,0,0,0,0,0,0,0,0,0,0,0,0,0,0,0,0,0,0,0,,100.0,25.0,indig_0011,0,0.0,"MOVIMIENTO ALTERNATIVO INDÍGENA Y SOCIAL ""MAIS""",#E30613,SOCHA,15757,SOCHA,0700,07
0700277,324,225,104,73,48,3,59,1,0,1,2,1,3,3,7,31,5,5,1,1,0,1,59,0,0,0,0,0,0,1,0,0,1,0,0,0,0,0,1,1,1,0,2,0,1,3,0,0,0,0,,46.22222222222222,22.530864197530864,indig_0234,59,26.222222222222225,ASOCIACIÓN DE CABILDOS INDÍGENAS POR COLOMBIA,#0B5C59,SOGAMOSO,15759,SOGAMOSO,0700,07
0700280,0,0,0,0,0,0,0,0,0,0,0,0,0,0,0,0,0,0,0,0,0,0,0,0,0,0,0,0,0,0,0,0,0,0,0,0,0,0,0,0,0,0,0,0,0,0,0,0,0,0,,,,indig_0011,0,,"MOVIMIENTO ALTERNATIVO INDÍGENA Y SOCIAL ""MAIS""",#E30613,SOMONDOCO,15761,SOMONDOCO,0700,07
0700281,8,0,0,0,0,0,0,0,0,0,0,0,0,0,0,0,0,0,0,0,0,0,0,0,0,0,0,0,0,0,0,0,0,0,0,0,0,0,0,0,0,0,0,0,0,0,0,0,0,0,,,0.0,indig_0011,0,,"MOVIMIENTO ALTERNATIVO INDÍGENA Y SOCIAL ""MAIS""",#E30613,SORA,15762,SORA,0700,07
0700282,79,46,25,11,12,0,0,7,0,0,2,0,0,0,2,8,2,0,0,0,0,0,0,0,0,0,0,0,0,7,0,0,0,0,0,0,2,0,0,0,0,0,0,0,0,0,0,0,0,0,,54.347826086956516,13.924050632911392,indig_0011,12,26.08695652173913,"MOVIMIENTO ALTERNATIVO INDÍGENA Y SOCIAL ""MAIS""",#E30613,SORACA,15764,SORACÁ,0700,07
0700283,5,5,0,0,0,0,0,5,0,0,0,0,0,0,0,0,0,0,0,0,0,0,0,0,0,0,0,0,0,5,0,0,0,0,0,0,0,0,0,0,0,0,0,0,0,0,0,0,0,0,,0.0,0.0,indig_0006,5,100.0,"MOVIMIENTO AUTORIDADES INDÍGENAS DE COLOMBIA ""AICO""",#C05B16,SOTAQUIRA,15763,SOTAQUIRÁ,0700,07
0700286,0,0,0,0,0,0,0,0,0,0,0,0,0,0,0,0,0,0,0,0,0,0,0,0,0,0,0,0,0,0,0,0,0,0,0,0,0,0,0,0,0,0,0,0,0,0,0,0,0,0,,,,indig_0011,0,,"MOVIMIENTO ALTERNATIVO INDÍGENA Y SOCIAL ""MAIS""",#E30613,SUSACON,15774,SUSACÓN,0700,07
0700289,11,7,7,3,0,0,0,0,0,0,0,0,0,0,0,0,0,0,0,0,0,0,0,0,0,0,0,0,0,0,0,0,0,0,0,0,0,0,0,0,0,0,0,0,0,0,0,0,0,0,,100.0,27.27272727272727,indig_0011,0,0.0,"MOVIMIENTO ALTERNATIVO INDÍGENA Y SOCIAL ""MAIS""",#E30613,SUTAMARCHAN,15776,SUTAMARCHÁN,0700,07
0700292,0,0,0,0,0,0,0,0,0,0,0,0,0,0,0,0,0,0,0,0,0,0,0,0,0,0,0,0,0,0,0,0,0,0,0,0,0,0,0,0,0,0,0,0,0,0,0,0,0,0,,,,indig_0011,0,,"MOVIMIENTO ALTERNATIVO INDÍGENA Y SOCIAL ""MAIS""",#E30613,SUTATENZA,15778,SUTATENZA,0700,07
0700298,9,1,0,0,0,1,0,0,0,0,0,0,0,0,0,0,0,0,1,0,0,0,0,0,0,0,0,0,0,0,0,0,0,0,0,0,0,0,0,0,0,0,0,0,0,0,0,0,0,0,,0.0,0.0,indig_0285,1,100.0,ASOCIACIÓN DE AUTORIDADES TRADICIONALES INDÍGENAS,#811EC5,TASCO,15790,TASCO,0700,07
0700301,0,0,0,0,0,0,0,0,0,0,0,0,0,0,0,0,0,0,0,0,0,0,0,0,0,0,0,0,0,0,0,0,0,0,0,0,0,0,0,0,0,0,0,0,0,0,0,0,0,0,,,,indig_0011,0,,"MOVIMIENTO ALTERNATIVO INDÍGENA Y SOCIAL ""MAIS""",#E30613,TENZA,15798,TENZA,0700,07
0700304,1,1,0,0,1,0,0,0,0,0,0,0,0,0,0,1,0,0,0,0,0,0,0,0,0,0,0,0,0,0,0,0,0,0,0,0,0,0,0,0,0,0,0,0,0,0,0,0,0,0,,0.0,0.0,indig_0011,1,100.0,"MOVIMIENTO ALTERNATIVO INDÍGENA Y SOCIAL ""MAIS""",#E30613,TIBANA,15804,TIBANÁ,0700,07
0700307,6,6,0,0,0,2,0,0,0,0,3,0,1,0,0,0,0,0,1,0,1,0,0,0,0,0,0,0,0,0,0,0,0,0,0,0,1,0,2,0,0,0,0,1,0,0,0,0,0,0,,0.0,0.0,indig_0188,3,50.0,MOVIMIENTO UNIDAD EN MINGA POR COLOMBIA,#DA5403,TIBASOSA,15806,TIBASOSA,0700,07
0700310,1,1,0,0,0,0,0,0,1,0,0,0,0,0,0,0,0,0,0,0,0,0,0,0,0,0,0,0,0,0,1,0,0,0,0,0,0,0,0,0,0,0,0,0,0,0,0,0,0,0,,0.0,0.0,indig_0306,1,100.0,"ASOCIACIÓN NACIONAL INDÍGENA DE COLOMBIA ""ANIC""",#659A02,TINJACA,15808,TINJACÁ,0700,07
0700311,3,2,0,0,0,0,0,1,0,0,1,0,0,0,0,0,0,0,0,0,0,0,0,0,0,0,0,1,0,0,0,0,0,0,0,0,0,1,0,0,0,0,0,0,0,0,0,0,0,0,,0.0,0.0,indig_0006,1,50.0,"MOVIMIENTO AUTORIDADES INDÍGENAS DE COLOMBIA ""AICO""",#C05B16,TIPACOQUE,15810,TIPACOQUE,0700,07
0700313,6,6,0,0,1,2,0,3,0,0,0,0,0,0,0,1,0,0,1,1,0,0,0,0,0,0,0,0,0,3,0,0,0,0,0,0,0,0,0,0,0,0,0,0,0,0,0,0,0,0,,0.0,0.0,indig_0006,3,50.0,"MOVIMIENTO AUTORIDADES INDÍGENAS DE COLOMBIA ""AICO""",#C05B16,TOCA,15814,TOCA,0700,07
0700316,0,0,0,0,0,0,0,0,0,0,0,0,0,0,0,0,0,0,0,0,0,0,0,0,0,0,0,0,0,0,0,0,0,0,0,0,0,0,0,0,0,0,0,0,0,0,0,0,0,0,,,,indig_0011,0,,"MOVIMIENTO ALTERNATIVO INDÍGENA Y SOCIAL ""MAIS""",#E30613,TOGUI,15816,TOGÜÍ,0700,07
0700319,6,3,3,2,0,0,0,0,0,0,0,0,0,0,0,0,0,0,0,0,0,0,0,0,0,0,0,0,0,0,0,0,0,0,0,0,0,0,0,0,0,0,0,0,0,0,0,0,0,0,,100.0,33.33333333333333,indig_0011,0,0.0,"MOVIMIENTO ALTERNATIVO INDÍGENA Y SOCIAL ""MAIS""",#E30613,TOPAGA,15820,TÓPAGA,0700,07
0700322,50,5,5,9,0,0,0,0,0,0,0,0,0,0,0,0,0,0,0,0,0,0,0,0,0,0,0,0,0,0,0,0,0,0,0,0,0,0,0,0,0,0,0,0,0,0,0,0,0,0,,100.0,18.0,indig_0011,0,0.0,"MOVIMIENTO ALTERNATIVO INDÍGENA Y SOCIAL ""MAIS""",#E30613,TOTA,15822,TOTA,0700,07
0700324,0,0,0,0,0,0,0,0,0,0,0,0,0,0,0,0,0,0,0,0,0,0,0,0,0,0,0,0,0,0,0,0,0,0,0,0,0,0,0,0,0,0,0,0,0,0,0,0,0,0,,,,indig_0011,0,,"MOVIMIENTO ALTERNATIVO INDÍGENA Y SOCIAL ""MAIS""",#E30613,TUNUNGUA,15832,TUNUNGUÁ,0700,07
0700325,15,4,2,4,1,1,0,0,0,0,0,0,0,0,0,1,0,0,0,1,0,0,0,0,0,0,0,0,0,0,0,0,0,0,0,0,0,0,0,0,0,0,0,0,0,0,0,0,0,0,,50.0,26.666666666666668,indig_0011,1,25.0,"MOVIMIENTO ALTERNATIVO INDÍGENA Y SOCIAL ""MAIS""",#E30613,TURMEQUE,15835,TURMEQUÉ,0700,07
0700328,12,12,0,0,5,0,1,6,0,0,0,0,0,0,0,5,0,0,0,0,0,0,1,0,0,0,0,0,0,6,0,0,0,0,0,0,0,0,0,0,0,0,0,0,0,0,0,0,0,0,,0.0,0.0,indig_0006,6,50.0,"MOVIMIENTO AUTORIDADES INDÍGENAS DE COLOMBIA ""AICO""",#C05B16,TUTA,15837,TUTA,0700,07
0700331,0,0,0,0,0,0,0,0,0,0,0,0,0,0,0,0,0,0,0,0,0,0,0,0,0,0,0,0,0,0,0,0,0,0,0,0,0,0,0,0,0,0,0,0,0,0,0,0,0,0,,,,indig_0011,0,,"MOVIMIENTO ALTERNATIVO INDÍGENA Y SOCIAL ""MAIS""",#E30613,TUTAZA,15839,TUTAZÁ,0700,07
0700334,6,2,0,0,0,1,0,0,0,0,1,0,0,0,0,0,0,0,0,1,0,0,0,0,0,0,0,0,0,0,0,0,0,0,0,0,0,1,0,0,0,0,0,0,0,0,0,0,0,0,,0.0,0.0,indig_0285,1,50.0,ASOCIACIÓN DE AUTORIDADES TRADICIONALES INDÍGENAS,#811EC5,UMBITA,15842,ÚMBITA,0700,07
0700337,107,69,23,17,45,0,0,0,0,0,0,0,0,1,5,40,0,0,0,0,0,0,0,0,0,0,0,0,0,0,0,0,0,0,0,0,0,0,0,0,0,0,0,0,0,1,0,0,0,0,,33.33333333333333,15.887850467289718,indig_0011,45,65.21739130434783,"MOVIMIENTO ALTERNATIVO INDÍGENA Y SOCIAL ""MAIS""",#E30613,VENTAQUEMADA,15861,VENTAQUEMADA,0700,07
0700340,0,0,0,0,0,0,0,0,0,0,0,0,0,0,0,0,0,0,0,0,0,0,0,0,0,0,0,0,0,0,0,0,0,0,0,0,0,0,0,0,0,0,0,0,0,0,0,0,0,0,,,,indig_0011,0,,"MOVIMIENTO ALTERNATIVO INDÍGENA Y SOCIAL ""MAIS""",#E30613,VIRACACHA,15879,VIRACACHÁ,0700,07
0700346,6,4,4,1,0,0,0,0,0,0,0,0,0,0,0,0,0,0,0,0,0,0,0,0,0,0,0,0,0,0,0,0,0,0,0,0,0,0,0,0,0,0,0,0,0,0,0,0,0,0,,100.0,16.666666666666664,indig_0011,0,0.0,"MOVIMIENTO ALTERNATIVO INDÍGENA Y SOCIAL ""MAIS""",#E30613,ZETAQUIRA,15897,ZETAQUIRA,0700,07
0900001,1090,685,420,254,43,70,4,42,12,11,62,6,11,4,9,22,6,6,8,27,33,2,4,0,0,0,4,31,5,2,12,0,11,0,0,0,6,43,11,2,6,0,4,4,3,4,0,0,0,0,,61.31386861313869,23.30275229357798,indig_0285,70,10.218978102189782,ASOCIACIÓN DE AUTORIDADES TRADICIONALES INDÍGENAS,#811EC5,MANIZALES,17001,MANIZALES,0900,09
0900004,41,6,5,7,1,0,0,0,0,0,0,0,0,0,0,0,0,1,0,0,0,0,0,0,0,0,0,0,0,0,0,0,0,0,0,0,0,0,0,0,0,0,0,0,0,0,0,0,0,0,,83.33333333333334,17.073170731707318,indig_0011,1,16.666666666666664,"MOVIMIENTO ALTERNATIVO INDÍGENA Y SOCIAL ""MAIS""",#E30613,AGUADAS,17013,AGUADAS,0900,09
0900007,190,115,20,39,10,4,0,2,2,0,76,0,0,1,5,5,0,0,2,0,1,1,0,0,0,0,0,1,0,1,2,0,0,0,0,0,1,66,8,1,0,0,0,0,0,1,0,0,0,0,,17.391304347826086,20.526315789473685,indig_0188,76,66.08695652173913,MOVIMIENTO UNIDAD EN MINGA POR COLOMBIA,#DA5403,ANSERMA,17042,ANSERMA,0900,09
0900013,1,1,0,0,0,0,0,0,0,0,1,0,0,0,0,0,0,0,0,0,0,0,0,0,0,0,0,0,0,0,0,0,0,0,0,0,0,1,0,0,0,0,0,0,0,0,0,0,0,0,,0.0,0.0,indig_0188,1,100.0,MOVIMIENTO UNIDAD EN MINGA POR COLOMBIA,#DA5403,ARANZAZU,17050,ARANZAZU,0900,09
0900022,37,26,6,2,3,1,0,0,0,0,15,0,1,0,2,0,0,1,0,1,0,0,0,0,0,0,0,0,0,0,0,0,0,0,0,0,1,10,0,4,0,0,1,0,0,0,0,0,0,0,,23.076923076923077,5.405405405405405,indig_0188,15,57.692307692307686,MOVIMIENTO UNIDAD EN MINGA POR COLOMBIA,#DA5403,BELALCAZAR,17088,BELALCÁZAR,0900,09
0900034,294,142,119,84,2,2,0,5,0,0,13,1,0,0,2,0,0,0,0,1,1,0,0,0,0,0,1,3,1,0,0,0,0,0,0,0,2,7,2,2,1,0,0,0,0,0,0,0,0,0,,83.80281690140845,28.57142857142857,indig_0188,13,9.15492957746479,MOVIMIENTO UNIDAD EN MINGA POR COLOMBIA,#DA5403,CHINCHINA,17174,CHINCHINÁ,0900,09
0900037,27,23,8,1,4,2,0,6,0,0,1,1,0,1,1,3,0,0,0,0,1,1,0,0,0,0,6,0,0,0,0,0,0,0,0,0,0,1,0,0,1,0,0,0,0,1,0,0,0,0,,34.78260869565217,3.7037037037037033,indig_0006,6,26.08695652173913,"MOVIMIENTO AUTORIDADES INDÍGENAS DE COLOMBIA ""AICO""",#C05B16,FILADELFIA,17272,FILADELFIA,0900,09
0900049,230,75,63,86,8,1,0,1,1,0,0,1,0,0,1,5,1,1,0,1,0,0,0,0,0,0,0,0,0,1,1,0,0,0,0,0,0,0,0,0,1,0,0,0,0,0,0,0,0,0,,84.0,37.391304347826086,indig_0011,8,10.666666666666668,"MOVIMIENTO ALTERNATIVO INDÍGENA Y SOCIAL ""MAIS""",#E30613,LA DORADA,17380,LA DORADA,0900,09
0900052,9,7,3,2,0,0,0,0,0,0,4,0,0,0,0,0,0,0,0,0,0,0,0,0,0,0,0,0,0,0,0,0,0,0,0,0,2,2,0,0,0,0,0,0,0,0,0,0,0,0,,42.857142857142854,22.22222222222222,indig_0188,4,57.14285714285714,MOVIMIENTO UNIDAD EN MINGA POR COLOMBIA,#DA5403,LA MERCED,17388,LA MERCED,0900,09
0900055,42,12,12,10,0,0,0,0,0,0,0,0,0,0,0,0,0,0,0,0,0,0,0,0,0,0,0,0,0,0,0,0,0,0,0,0,0,0,0,0,0,0,0,0,0,0,0,0,0,0,,100.0,23.809523809523807,indig_0011,0,0.0,"MOVIMIENTO ALTERNATIVO INDÍGENA Y SOCIAL ""MAIS""",#E30613,MANZANARES,17433,MANZANARES,0900,09
0900058,78,62,5,14,11,3,0,2,0,1,40,0,0,0,3,4,4,0,2,0,1,0,0,0,0,0,0,2,0,0,0,0,1,0,0,0,2,36,1,1,0,0,0,0,0,0,0,0,0,0,,8.064516129032258,17.94871794871795,indig_0188,40,64.51612903225806,MOVIMIENTO UNIDAD EN MINGA POR COLOMBIA,#DA5403,MARMATO,17442,MARMATO,0900,09
0900061,29,4,3,5,0,0,0,0,0,0,1,0,0,0,0,0,0,0,0,0,0,0,0,0,0,0,0,0,0,0,0,0,0,0,0,0,0,1,0,0,0,0,0,0,0,0,0,0,0,0,,75.0,17.24137931034483,indig_0188,1,25.0,MOVIMIENTO UNIDAD EN MINGA POR COLOMBIA,#DA5403,MARQUETALIA,17444,MARQUETALIA,0900,09
0900067,3,1,1,0,0,0,0,0,0,0,0,0,0,0,0,0,0,0,0,0,0,0,0,0,0,0,0,0,0,0,0,0,0,0,0,0,0,0,0,0,0,0,0,0,0,0,0,0,0,0,,100.0,0.0,indig_0011,0,0.0,"MOVIMIENTO ALTERNATIVO INDÍGENA Y SOCIAL ""MAIS""",#E30613,MARULANDA,17446,MARULANDA,0900,09
0900076,86,47,14,17,1,0,0,0,0,0,32,0,0,0,0,1,0,0,0,0,0,0,0,0,0,0,0,0,0,0,0,0,0,0,0,0,2,30,0,0,0,0,0,0,0,0,0,0,0,0,,29.78723404255319,19.767441860465116,indig_0188,32,68.08510638297872,MOVIMIENTO UNIDAD EN MINGA POR COLOMBIA,#DA5403,NEIRA,17486,NEIRA,0900,09
0900078,10,2,1,5,1,0,0,0,0,0,0,0,0,0,0,1,0,0,0,0,0,0,0,0,0,0,0,0,0,0,0,0,0,0,0,0,0,0,0,0,0,0,0,0,0,0,0,0,0,0,,50.0,50.0,indig_0011,1,50.0,"MOVIMIENTO ALTERNATIVO INDÍGENA Y SOCIAL ""MAIS""",#E30613,NORCASIA,17495,NORCASIA,0900,09
0900079,2,2,1,0,0,0,0,0,0,0,1,0,0,0,0,0,0,0,0,0,0,0,0,0,0,0,0,0,0,0,0,0,0,0,0,0,0,1,0,0,0,0,0,0,0,0,0,0,0,0,,50.0,0.0,indig_0188,1,50.0,MOVIMIENTO UNIDAD EN MINGA POR COLOMBIA,#DA5403,PACORA,17513,PÁCORA,0900,09
0900082,33,7,7,15,0,0,0,0,0,0,0,0,0,0,0,0,0,0,0,0,0,0,0,0,0,0,0,0,0,0,0,0,0,0,0,0,0,0,0,0,0,0,0,0,0,0,0,0,0,0,,100.0,45.45454545454545,indig_0011,0,0.0,"MOVIMIENTO ALTERNATIVO INDÍGENA Y SOCIAL ""MAIS""",#E30613,PALESTINA,17524,PALESTINA,0900,09
0900085,29,6,5,7,0,0,0,0,0,0,1,0,0,0,0,0,0,0,0,0,0,0,0,0,0,0,0,0,0,0,0,0,0,0,0,0,0,1,0,0,0,0,0,0,0,0,0,0,0,0,,83.33333333333334,24.137931034482758,indig_0188,1,16.666666666666664,MOVIMIENTO UNIDAD EN MINGA POR COLOMBIA,#DA5403,PENSILVANIA,17541,PENSILVANIA,0900,09
0900103,8103,7247,426,453,646,190,10,52,16,4,5843,11,37,12,228,272,105,41,33,49,105,3,10,0,0,0,11,29,8,4,16,0,4,0,0,0,606,4966,176,95,11,0,14,19,4,12,0,0,0,0,,5.878294466675866,5.590522028878193,indig_0188,5843,80.62646612391335,MOVIMIENTO UNIDAD EN MINGA POR COLOMBIA,#DA5403,RIOSUCIO,17614,RIOSUCIO,0900,09
0900106,27,16,4,2,3,0,1,2,0,0,6,0,0,0,1,1,0,1,0,0,0,0,1,0,0,0,1,0,0,1,0,0,0,0,0,0,1,1,0,4,0,0,0,0,0,0,0,0,0,0,,25.0,7.4074074074074066,indig_0188,6,37.5,MOVIMIENTO UNIDAD EN MINGA POR COLOMBIA,#DA5403,RISARALDA,17616,RISARALDA,0900,09
0900109,64,15,15,15,0,0,0,0,0,0,0,0,0,0,0,0,0,0,0,0,0,0,0,0,0,0,0,0,0,0,0,0,0,0,0,0,0,0,0,0,0,0,0,0,0,0,0,0,0,0,,100.0,23.4375,indig_0011,0,0.0,"MOVIMIENTO ALTERNATIVO INDÍGENA Y SOCIAL ""MAIS""",#E30613,SALAMINA,17653,SALAMINA,0900,09
0900115,15,4,4,8,0,0,0,0,0,0,0,0,0,0,0,0,0,0,0,0,0,0,0,0,0,0,0,0,0,0,0,0,0,0,0,0,0,0,0,0,0,0,0,0,0,0,0,0,0,0,,100.0,53.333333333333336,indig_0011,0,0.0,"MOVIMIENTO ALTERNATIVO INDÍGENA Y SOCIAL ""MAIS""",#E30613,SAMANA,17662,SAMANÁ,0900,09
0900120,3,3,0,0,3,0,0,0,0,0,0,0,0,0,1,0,2,0,0,0,0,0,0,0,0,0,0,0,0,0,0,0,0,0,0,0,0,0,0,0,0,0,0,0,0,0,0,0,0,0,,0.0,0.0,indig_0011,3,100.0,"MOVIMIENTO ALTERNATIVO INDÍGENA Y SOCIAL ""MAIS""",#E30613,SAN JOSE,17665,SAN JOSÉ,0900,09
0900124,1515,1172,103,172,161,28,1,15,9,6,824,1,16,8,51,60,32,18,7,14,4,3,1,0,0,0,2,8,3,2,9,0,6,0,0,0,116,647,40,21,1,0,3,10,3,8,0,0,0,0,,8.788395904436861,11.353135313531352,indig_0188,824,70.30716723549489,MOVIMIENTO UNIDAD EN MINGA POR COLOMBIA,#DA5403,SUPIA,17777,SUPÍA,0900,09
0900127,20,11,8,7,3,0,0,0,0,0,0,0,0,0,1,2,0,0,0,0,0,0,0,0,0,0,0,0,0,0,0,0,0,0,0,0,0,0,0,0,0,0,0,0,0,0,0,0,0,0,,72.72727272727273,35.0,indig_0011,3,27.27272727272727,"MOVIMIENTO ALTERNATIVO INDÍGENA Y SOCIAL ""MAIS""",#E30613,VICTORIA,17867,VICTORIA,0900,09
0900130,369,131,113,118,1,3,0,5,0,0,6,0,2,1,0,1,0,0,0,3,0,0,0,0,0,0,2,3,0,0,0,0,0,0,0,0,1,4,1,0,0,0,0,2,0,1,0,0,0,0,,86.25954198473282,31.978319783197833,indig_0188,6,4.580152671755725,MOVIMIENTO UNIDAD EN MINGA POR COLOMBIA,#DA5403,VILLAMARIA,17873,VILLAMARÍA,0900,09
0900133,68,31,8,15,3,0,0,0,0,0,20,0,0,0,1,1,1,0,0,0,0,0,0,0,0,0,0,0,0,0,0,0,0,0,0,0,4,12,3,1,0,0,0,0,0,0,0,0,0,0,,25.806451612903224,22.058823529411764,indig_0188,20,64.51612903225806,MOVIMIENTO UNIDAD EN MINGA POR COLOMBIA,#DA5403,VITERBO,17877,VITERBO,0900,09
1100001,2464,1985,454,242,312,86,6,163,15,4,920,2,20,3,50,75,56,131,14,62,7,3,6,0,0,0,14,134,9,6,15,0,4,0,0,0,82,782,39,17,2,0,12,3,5,3,0,0,0,0,,22.87153652392947,9.821428571428571,indig_0188,920,46.34760705289673,MOVIMIENTO UNIDAD EN MINGA POR COLOMBIA,#DA5403,POPAYAN,19001,POPAYÁN,1100,11
1100004,926,851,32,33,38,17,0,12,2,0,747,0,3,0,11,19,3,5,3,11,2,1,0,0,0,0,0,9,0,3,2,0,0,0,0,0,44,665,10,28,0,0,1,0,2,0,0,0,0,0,,3.7602820211515864,3.5637149028077757,indig_0188,747,87.77908343125735,MOVIMIENTO UNIDAD EN MINGA POR COLOMBIA,#DA5403,ALMAGUER,19022,ALMAGUER,1100,11
1100005,143,21,19,35,0,0,1,0,0,0,0,1,0,0,0,0,0,0,0,0,0,0,1,0,0,0,0,0,0,0,0,0,0,0,0,0,0,0,0,0,1,0,0,0,0,0,0,0,0,0,,90.47619047619048,24.475524475524477,indig_0234,1,4.761904761904762,ASOCIACIÓN DE CABILDOS INDÍGENAS POR COLOMBIA,#0B5C59,ARGELIA,19050,ARGELIA,1100,11
1100006,61,12,11,10,0,0,0,0,0,0,1,0,0,0,0,0,0,0,0,0,0,0,0,0,0,0,0,0,0,0,0,0,0,0,0,0,0,0,1,0,0,0,0,0,0,0,0,0,0,0,,91.66666666666666,16.39344262295082,indig_0188,1,8.333333333333332,MOVIMIENTO UNIDAD EN MINGA POR COLOMBIA,#DA5403,BALBOA,19075,BALBOA,1100,11
1100007,544,487,18,18,7,14,0,6,0,0,441,0,0,1,2,4,1,0,2,10,0,2,0,0,0,0,0,5,0,1,0,0,0,0,0,0,19,408,6,8,0,0,0,0,0,1,0,0,0,0,,3.696098562628337,3.308823529411765,indig_0188,441,90.55441478439425,MOVIMIENTO UNIDAD EN MINGA POR COLOMBIA,#DA5403,BOLIVAR,19100,BOLÍVAR,1100,11
1100010,783,654,55,41,338,121,3,23,3,0,100,0,9,2,23,27,280,8,8,13,98,2,3,0,0,0,2,13,6,2,3,0,0,0,0,0,13,76,10,1,0,0,2,5,2,2,0,0,0,0,,8.409785932721713,5.236270753512133,indig_0011,338,51.681957186544345,"MOVIMIENTO ALTERNATIVO INDÍGENA Y SOCIAL ""MAIS""",#E30613,BUENOS AIRES,19110,BUENOS AIRES,1100,11
1100013,419,248,36,54,7,3,0,9,1,1,186,1,4,0,1,5,1,0,1,2,0,0,0,0,0,0,2,2,1,4,1,0,1,0,0,0,4,175,6,1,1,0,2,0,2,0,0,0,0,0,,14.516129032258066,12.887828162291171,indig_0188,186,75.0,MOVIMIENTO UNIDAD EN MINGA POR COLOMBIA,#DA5403,CAJIBIO,19130,CAJIBÍO,1100,11
1100016,8510,7870,189,312,403,114,8,95,9,8,6983,7,45,9,108,215,61,19,29,71,12,2,8,0,0,0,18,60,10,7,9,0,8,0,0,0,525,6258,132,68,7,0,22,16,7,9,0,0,0,0,,2.401524777636595,3.666274970622797,indig_0188,6983,88.72935196950445,MOVIMIENTO UNIDAD EN MINGA POR COLOMBIA,#DA5403,CALDONO,19137,CALDONO,1100,11
1100019,2917,2682,90,98,169,35,12,25,12,1,2329,2,4,3,48,85,29,7,12,18,5,0,12,0,0,0,1,17,5,2,12,0,1,0,0,0,143,2094,77,15,2,0,2,2,0,3,0,0,0,0,,3.3557046979865772,3.359616043880699,indig_0188,2329,86.83818046234154,MOVIMIENTO UNIDAD EN MINGA POR COLOMBIA,#DA5403,CALOTO,19142,CALOTO,1100,11
1100022,2902,2648,98,97,179,44,31,38,2,3,2226,0,20,7,58,65,42,14,7,27,8,2,31,0,0,0,8,18,6,6,2,0,3,0,0,0,113,2018,67,28,0,0,8,7,5,7,0,0,0,0,,3.7009063444108756,3.3425223983459684,indig_0188,2226,84.06344410876133,MOVIMIENTO UNIDAD EN MINGA POR COLOMBIA,#DA5403,CORINTO,19212,CORINTO,1100,11
1100025,139,83,26,14,24,3,1,4,2,0,19,0,4,0,9,1,9,5,0,3,0,0,1,0,0,0,2,1,0,1,2,0,0,0,0,0,1,17,1,0,0,0,2,1,1,0,0,0,0,0,,31.32530120481928,10.071942446043165,indig_0011,24,28.915662650602407,"MOVIMIENTO ALTERNATIVO INDÍGENA Y SOCIAL ""MAIS""",#E30613,EL TAMBO,19256,EL TAMBO,1100,11
1100027,14,2,0,3,0,0,0,0,0,0,2,0,0,0,0,0,0,0,0,0,0,0,0,0,0,0,0,0,0,0,0,0,0,0,0,0,0,2,0,0,0,0,0,0,0,0,0,0,0,0,,0.0,21.428571428571427,indig_0188,2,100.0,MOVIMIENTO UNIDAD EN MINGA POR COLOMBIA,#DA5403,FLORENCIA,19290,FLORENCIA,1100,11
1100028,183,30,15,62,1,0,0,5,5,0,0,0,2,2,0,1,0,0,0,0,0,0,0,0,0,0,0,0,0,5,5,0,0,0,0,0,0,0,0,0,0,0,1,1,0,2,0,0,0,0,,50.0,33.87978142076503,indig_0006,5,16.666666666666664,"MOVIMIENTO AUTORIDADES INDÍGENAS DE COLOMBIA ""AICO""",#C05B16,GUAPI,19318,GUAPI,1100,11
1100029,64,31,8,23,0,4,0,0,0,0,19,0,0,0,0,0,0,0,2,2,0,0,0,0,0,0,0,0,0,0,0,0,0,0,0,0,3,15,0,1,0,0,0,0,0,0,0,0,0,0,,25.806451612903224,35.9375,indig_0188,19,61.29032258064516,MOVIMIENTO UNIDAD EN MINGA POR COLOMBIA,#DA5403,GUACHENE,19300,GUACHENÉ,1100,11
1100031,2866,2622,79,122,216,54,5,28,8,2,2203,1,19,7,57,117,27,15,18,27,2,7,5,0,0,0,4,19,4,1,8,0,2,0,0,0,153,1972,38,40,1,0,12,2,5,7,0,0,0,0,,3.012967200610221,4.256803907885555,indig_0188,2203,84.01983218916857,MOVIMIENTO UNIDAD EN MINGA POR COLOMBIA,#DA5403,INZA,19355,INZÁ,1100,11
1100034,4387,3995,88,150,270,108,6,55,10,2,3423,1,26,6,94,128,34,14,28,69,8,3,6,0,0,0,8,40,4,3,10,0,2,0,0,0,291,3003,104,25,1,0,14,8,4,6,0,0,0,0,,2.202753441802253,3.419193070435377,indig_0188,3423,85.68210262828536,MOVIMIENTO UNIDAD EN MINGA POR COLOMBIA,#DA5403,JAMBALO,19364,JAMBALÓ,1100,11
1100037,213,198,5,10,10,5,0,3,8,0,165,0,1,1,1,6,3,0,2,3,0,0,0,0,0,0,1,2,0,0,8,0,0,0,0,0,14,130,19,2,0,0,1,0,0,1,0,0,0,0,,2.525252525252525,4.694835680751173,indig_0188,165,83.33333333333334,MOVIMIENTO UNIDAD EN MINGA POR COLOMBIA,#DA5403,LA SIERRA,19392,LA SIERRA,1100,11
1100040,235,145,16,14,10,10,0,3,1,0,100,0,2,3,7,3,0,0,2,6,1,1,0,0,0,0,2,1,0,0,1,0,0,0,0,0,15,80,4,1,0,0,1,1,0,3,0,0,0,0,,11.03448275862069,5.957446808510639,indig_0188,100,68.96551724137932,MOVIMIENTO UNIDAD EN MINGA POR COLOMBIA,#DA5403,LA VEGA,19397,LA VEGA,1100,11
1100043,345,331,3,0,2,12,0,13,0,0,301,0,0,0,0,2,0,0,0,10,0,2,0,0,0,0,0,0,0,13,0,0,0,0,0,0,46,255,0,0,0,0,0,0,0,0,0,0,0,0,,0.906344410876133,0.0,indig_0188,301,90.93655589123867,MOVIMIENTO UNIDAD EN MINGA POR COLOMBIA,#DA5403,LOPEZ (MICAY),19418,LÓPEZ DE MICAY,1100,11
1100046,12,10,1,0,5,0,0,1,0,0,3,0,0,0,1,4,0,0,0,0,0,0,0,0,0,0,0,1,0,0,0,0,0,0,0,0,0,3,0,0,0,0,0,0,0,0,0,0,0,0,,10.0,0.0,indig_0011,5,50.0,"MOVIMIENTO ALTERNATIVO INDÍGENA Y SOCIAL ""MAIS""",#E30613,MERCADERES,19450,MERCADERES,1100,11
1100049,839,742,47,28,35,12,3,5,2,0,634,0,2,2,14,9,8,4,5,6,1,0,3,0,0,0,1,4,0,0,2,0,0,0,0,0,128,481,19,6,0,0,1,1,0,2,0,0,0,0,,6.334231805929918,3.3373063170441,indig_0188,634,85.44474393530997,MOVIMIENTO UNIDAD EN MINGA POR COLOMBIA,#DA5403,MIRANDA,19455,MIRANDA,1100,11
1100052,1968,1681,154,72,190,28,6,64,5,1,1216,3,9,5,74,75,28,13,9,13,5,1,6,0,0,0,15,31,9,9,5,0,1,0,0,0,157,907,64,88,3,0,0,3,6,5,0,0,0,0,,9.161213563355146,3.6585365853658534,indig_0188,1216,72.33789411064842,MOVIMIENTO UNIDAD EN MINGA POR COLOMBIA,#DA5403,MORALES,19473,MORALES,1100,11
1100053,77,11,5,30,0,0,2,0,0,0,4,0,0,0,0,0,0,0,0,0,0,0,2,0,0,0,0,0,0,0,0,0,0,0,0,0,1,3,0,0,0,0,0,0,0,0,0,0,0,0,,45.45454545454545,38.961038961038966,indig_0188,4,36.36363636363637,MOVIMIENTO UNIDAD EN MINGA POR COLOMBIA,#DA5403,PADILLA,19513,PADILLA,1100,11
1100055,6126,5576,241,294,435,149,5,79,9,44,4586,4,18,6,138,230,39,28,40,82,15,12,5,0,0,0,14,51,5,9,9,0,44,0,0,0,266,4165,79,76,4,0,12,3,3,6,0,0,0,0,,4.322094691535151,4.799216454456415,indig_0188,4586,82.24533715925395,MOVIMIENTO UNIDAD EN MINGA POR COLOMBIA,#DA5403,PAEZ (BELALCAZAR),19517,PÁEZ,1100,11
1100058,216,180,30,17,126,3,0,4,1,1,13,0,1,1,8,112,3,3,0,3,0,0,0,0,0,0,1,3,0,0,1,0,1,0,0,0,1,9,1,2,0,0,1,0,0,1,0,0,0,0,,16.666666666666664,7.87037037037037,indig_0011,126,70.0,"MOVIMIENTO ALTERNATIVO INDÍGENA Y SOCIAL ""MAIS""",#E30613,PATIA (EL BORDO),19532,PATÍA,1100,11
1100060,133,94,13,11,31,11,0,6,0,0,28,0,3,2,7,19,3,2,4,5,1,1,0,0,0,0,0,2,2,2,0,0,0,0,0,0,3,24,1,0,0,0,0,2,1,2,0,0,0,0,,13.829787234042554,8.270676691729323,indig_0011,31,32.97872340425532,"MOVIMIENTO ALTERNATIVO INDÍGENA Y SOCIAL ""MAIS""",#E30613,PIAMONTE,19533,PIAMONTE,1100,11
1100061,813,659,71,51,42,20,8,224,38,1,246,1,5,3,15,17,3,7,4,10,5,1,8,0,0,0,17,179,13,15,38,0,1,0,0,0,18,212,10,6,1,0,4,0,1,3,0,0,0,0,,10.773899848254933,6.273062730627306,indig_0188,246,37.329286798179055,MOVIMIENTO UNIDAD EN MINGA POR COLOMBIA,#DA5403,PIENDAMO,19548,PIENDAMÓ - TUNÍA,1100,11
1100064,183,71,38,64,4,2,0,2,0,0,24,0,1,0,2,2,0,0,0,2,0,0,0,0,0,0,1,1,0,0,0,0,0,0,0,0,3,18,2,1,0,0,1,0,0,0,0,0,0,0,,53.52112676056338,34.97267759562842,indig_0188,24,33.80281690140845,MOVIMIENTO UNIDAD EN MINGA POR COLOMBIA,#DA5403,PUERTO TEJADA,19573,PUERTO TEJADA,1100,11
1100067,525,433,51,19,78,18,0,8,1,2,264,0,6,5,25,18,11,24,6,6,4,2,0,0,0,0,2,4,1,1,1,0,2,0,0,0,26,226,7,5,0,0,4,0,2,5,0,0,0,0,,11.778290993071593,3.619047619047619,indig_0188,264,60.969976905311775,MOVIMIENTO UNIDAD EN MINGA POR COLOMBIA,#DA5403,PURACE (COCONUCO),19585,PURACÉ,1100,11
1100070,62,33,5,13,0,2,0,0,0,0,26,0,0,0,0,0,0,0,1,0,1,0,0,0,0,0,0,0,0,0,0,0,0,0,0,0,6,19,1,0,0,0,0,0,0,0,0,0,0,0,,15.151515151515152,20.967741935483872,indig_0188,26,78.78787878787878,MOVIMIENTO UNIDAD EN MINGA POR COLOMBIA,#DA5403,ROSAS,19622,ROSAS,1100,11
1100073,238,152,12,20,6,6,0,1,1,0,121,0,3,2,3,3,0,0,1,3,2,0,0,0,0,0,0,0,0,1,1,0,0,0,0,0,2,111,7,1,0,0,1,2,0,2,0,0,0,0,,7.894736842105263,8.403361344537815,indig_0188,121,79.60526315789474,MOVIMIENTO UNIDAD EN MINGA POR COLOMBIA,#DA5403,SAN SEBASTIAN,19693,SAN SEBASTIÁN,1100,11
1100076,2255,1886,358,145,400,51,41,66,23,5,905,3,16,18,101,128,153,18,14,20,10,7,41,0,0,0,15,23,25,3,23,0,5,0,0,0,100,717,77,11,3,0,4,12,0,18,0,0,0,0,,18.981972428419937,6.430155210643015,indig_0188,905,47.98515376458112,MOVIMIENTO UNIDAD EN MINGA POR COLOMBIA,#DA5403,SANTANDER DE QUILICHAO,19698,SANTANDER DE QUILICHAO,1100,11
1100079,152,139,8,4,25,5,0,2,0,0,97,0,2,0,6,11,7,1,2,0,0,3,0,0,0,0,0,2,0,0,0,0,0,0,0,0,6,79,10,2,0,0,1,1,0,0,0,0,0,0,,5.755395683453238,2.631578947368421,indig_0188,97,69.7841726618705,MOVIMIENTO UNIDAD EN MINGA POR COLOMBIA,#DA5403,SANTA ROSA,19701,SANTA ROSA,1100,11
1100082,4723,4193,321,194,313,117,8,1541,23,7,1799,4,36,24,133,113,44,23,40,47,9,21,8,0,0,0,304,980,99,158,23,0,7,0,0,0,210,1490,65,34,4,0,24,9,3,24,0,0,0,0,,7.655616503696637,4.107558755028584,indig_0188,1799,42.904841402337226,MOVIMIENTO UNIDAD EN MINGA POR COLOMBIA,#DA5403,SILVIA,19743,SILVIA,1100,11
1100085,346,286,11,15,23,10,0,5,2,0,234,0,1,0,10,7,5,1,1,9,0,0,0,0,0,0,2,2,1,0,2,0,0,0,0,0,17,205,9,3,0,0,0,1,0,0,0,0,0,0,,3.8461538461538463,4.335260115606936,indig_0188,234,81.81818181818183,MOVIMIENTO UNIDAD EN MINGA POR COLOMBIA,#DA5403,SOTARA (PAISPAMBA),19760,SOTARÁ PAISPAMBA,1100,11
1100086,27,3,3,3,0,0,0,0,0,0,0,0,0,0,0,0,0,0,0,0,0,0,0,0,0,0,0,0,0,0,0,0,0,0,0,0,0,0,0,0,0,0,0,0,0,0,0,0,0,0,,100.0,11.11111111111111,indig_0011,0,0.0,"MOVIMIENTO ALTERNATIVO INDÍGENA Y SOCIAL ""MAIS""",#E30613,SUCRE,19785,SUCRE,1100,11
1100087,753,519,116,69,48,11,1,24,2,1,303,1,6,6,16,12,14,6,4,4,2,1,1,0,0,0,6,17,1,0,2,0,1,0,0,0,25,257,18,3,1,0,3,2,1,6,0,0,0,0,,22.350674373795762,9.163346613545817,indig_0188,303,58.38150289017341,MOVIMIENTO UNIDAD EN MINGA POR COLOMBIA,#DA5403,SUAREZ,19780,SUÁREZ,1100,11
1100088,288,231,29,24,17,4,0,50,8,0,119,1,3,0,2,4,8,3,2,1,1,0,0,0,0,0,1,48,1,0,8,0,0,0,0,0,11,102,5,1,1,0,0,3,0,0,0,0,0,0,,12.554112554112553,8.333333333333332,indig_0188,119,51.515151515151516,MOVIMIENTO UNIDAD EN MINGA POR COLOMBIA,#DA5403,TIMBIO,19807,TIMBÍO,1100,11
1100091,254,216,19,29,156,3,0,1,0,0,37,0,0,0,1,39,24,92,1,1,1,0,0,0,0,0,1,0,0,0,0,0,0,0,0,0,1,32,1,3,0,0,0,0,0,0,0,0,0,0,,8.796296296296296,11.41732283464567,indig_0011,156,72.22222222222221,"MOVIMIENTO ALTERNATIVO INDÍGENA Y SOCIAL ""MAIS""",#E30613,TIMBIQUI,19809,TIMBIQUÍ,1100,11
1100094,6112,5406,302,287,694,85,15,90,24,4,4117,5,46,24,248,246,151,49,24,50,7,4,15,0,0,0,19,56,11,4,24,0,4,0,0,0,319,3586,168,44,5,0,24,16,6,24,0,0,0,0,,5.5863854975952645,4.695680628272251,indig_0188,4117,76.15612282648908,MOVIMIENTO UNIDAD EN MINGA POR COLOMBIA,#DA5403,TORIBIO,19821,TORIBÍO,1100,11
1100097,691,533,54,42,73,37,3,21,1,1,337,1,5,0,24,16,11,22,15,11,6,5,3,0,0,0,4,7,6,4,1,0,1,0,0,0,26,280,14,17,1,0,5,0,0,0,0,0,0,0,,10.131332082551594,6.078147612156296,indig_0188,337,63.22701688555347,MOVIMIENTO UNIDAD EN MINGA POR COLOMBIA,#DA5403,TOTORO,19824,TOTORÓ,1100,11
1100098,123,51,24,29,2,2,7,0,2,1,12,1,0,0,1,0,0,1,0,2,0,0,7,0,0,0,0,0,0,0,2,0,1,0,0,0,2,10,0,0,1,0,0,0,0,0,0,0,0,0,,47.05882352941176,23.577235772357724,indig_0188,12,23.52941176470588,MOVIMIENTO UNIDAD EN MINGA POR COLOMBIA,#DA5403,VILLA RICA,19845,VILLA RICA,1100,11
1200001,3793,2899,633,499,1711,60,165,136,40,7,116,8,20,3,185,1355,120,51,7,35,12,6,165,0,0,0,17,18,9,92,40,0,7,0,0,0,16,38,58,4,8,0,6,11,3,3,0,0,0,0,,21.835115557088653,13.155813340363828,indig_0011,1711,59.020351845463956,"MOVIMIENTO ALTERNATIVO INDÍGENA Y SOCIAL ""MAIS""",#E30613,VALLEDUPAR,20001,VALLEDUPAR,1200,12
1200075,711,363,124,200,72,27,74,52,4,3,4,0,2,1,2,63,7,0,6,16,4,1,74,0,0,0,3,3,0,46,4,0,3,0,0,0,1,1,1,1,0,0,0,2,0,1,0,0,0,0,,34.15977961432507,28.129395218002813,indig_0234,74,20.385674931129476,ASOCIACIÓN DE CABILDOS INDÍGENAS POR COLOMBIA,#0B5C59,AGUACHICA,20011,AGUACHICA,1200,12
1200150,852,738,44,59,63,22,2,577,14,2,6,7,0,1,5,31,2,25,2,3,2,15,2,0,0,0,49,12,7,509,14,0,2,0,0,0,1,2,0,3,7,0,0,0,0,1,0,0,0,0,,5.9620596205962055,6.924882629107981,indig_0006,577,78.18428184281842,"MOVIMIENTO AUTORIDADES INDÍGENAS DE COLOMBIA ""AICO""",#C05B16,AGUSTIN CODAZZI,20013,AGUSTÍN CODAZZI,1200,12
1200170,116,20,12,42,7,1,0,0,0,0,0,0,0,0,0,5,2,0,0,0,1,0,0,0,0,0,0,0,0,0,0,0,0,0,0,0,0,0,0,0,0,0,0,0,0,0,0,0,0,0,,60.0,36.206896551724135,indig_0011,7,35.0,"MOVIMIENTO ALTERNATIVO INDÍGENA Y SOCIAL ""MAIS""",#E30613,ASTREA,20032,ASTREA,1200,12
1200180,402,319,19,65,294,0,4,1,0,0,0,0,1,0,20,208,49,17,0,0,0,0,4,0,0,0,1,0,0,0,0,0,0,0,0,0,0,0,0,0,0,0,0,1,0,0,0,0,0,0,,5.956112852664576,16.169154228855724,indig_0011,294,92.16300940438872,"MOVIMIENTO ALTERNATIVO INDÍGENA Y SOCIAL ""MAIS""",#E30613,BECERRIL,20045,BECERRIL,1200,12
1200200,444,224,60,126,148,0,7,3,3,0,1,0,2,0,21,121,6,0,0,0,0,0,7,0,0,0,0,0,0,3,3,0,0,0,0,0,0,1,0,0,0,0,0,2,0,0,0,0,0,0,,26.785714285714285,28.37837837837838,indig_0011,148,66.07142857142857,"MOVIMIENTO ALTERNATIVO INDÍGENA Y SOCIAL ""MAIS""",#E30613,BOSCONIA,20060,BOSCONIA,1200,12
1200225,164,52,28,61,15,0,0,1,0,0,8,0,0,0,3,11,1,0,0,0,0,0,0,0,0,0,1,0,0,0,0,0,0,0,0,0,1,0,7,0,0,0,0,0,0,0,0,0,0,0,,53.84615384615385,37.19512195121951,indig_0011,15,28.846153846153843,"MOVIMIENTO ALTERNATIVO INDÍGENA Y SOCIAL ""MAIS""",#E30613,CURUMANI,20228,CURUMANÍ,1200,12
1200300,245,121,12,68,77,0,5,22,2,1,0,0,1,1,5,65,6,1,0,0,0,0,5,0,0,0,1,0,0,21,2,0,1,0,0,0,0,0,0,0,0,0,0,1,0,1,0,0,0,0,,9.917355371900827,27.755102040816325,indig_0011,77,63.63636363636363,"MOVIMIENTO ALTERNATIVO INDÍGENA Y SOCIAL ""MAIS""",#E30613,CHIMICHAGUA,20175,CHIMICHAGUA,1200,12
1200375,236,51,27,109,19,1,4,0,0,0,0,0,0,0,5,12,2,0,1,0,0,0,4,0,0,0,0,0,0,0,0,0,0,0,0,0,0,0,0,0,0,0,0,0,0,0,0,0,0,0,,52.94117647058824,46.186440677966104,indig_0011,19,37.254901960784316,"MOVIMIENTO ALTERNATIVO INDÍGENA Y SOCIAL ""MAIS""",#E30613,CHIRIGUANA,20178,CHIRIGUANÁ,1200,12
1200410,246,64,36,108,11,3,0,8,2,0,3,0,1,0,2,9,0,0,1,2,0,0,0,0,0,0,0,0,0,8,2,0,0,0,0,0,2,1,0,0,0,0,1,0,0,0,0,0,0,0,,56.25,43.90243902439025,indig_0011,11,17.1875,"MOVIMIENTO ALTERNATIVO INDÍGENA Y SOCIAL ""MAIS""",#E30613,EL COPEY,20238,EL COPEY,1200,12
1200415,271,70,47,120,14,0,0,1,0,0,6,0,1,1,6,5,2,1,0,0,0,0,0,0,0,0,1,0,0,0,0,0,0,0,0,0,0,6,0,0,0,0,1,0,0,1,0,0,0,0,,67.14285714285714,44.28044280442804,indig_0011,14,20.0,"MOVIMIENTO ALTERNATIVO INDÍGENA Y SOCIAL ""MAIS""",#E30613,EL PASO,20250,EL PASO,1200,12
1200450,162,98,6,34,73,2,1,0,12,0,4,0,0,0,1,68,4,0,0,2,0,0,1,0,0,0,0,0,0,0,12,0,0,0,0,0,0,4,0,0,0,0,0,0,0,0,0,0,0,0,,6.122448979591836,20.98765432098765,indig_0011,73,74.48979591836735,"MOVIMIENTO ALTERNATIVO INDÍGENA Y SOCIAL ""MAIS""",#E30613,GAMARRA,20295,GAMARRA,1200,12
1200525,0,0,0,0,0,0,0,0,0,0,0,0,0,0,0,0,0,0,0,0,0,0,0,0,0,0,0,0,0,0,0,0,0,0,0,0,0,0,0,0,0,0,0,0,0,0,0,0,0,0,,,,indig_0011,0,,"MOVIMIENTO ALTERNATIVO INDÍGENA Y SOCIAL ""MAIS""",#E30613,GONZALEZ,20310,GONZÁLEZ,1200,12
1200600,111,13,5,47,8,0,0,0,0,0,0,0,0,0,0,7,0,1,0,0,0,0,0,0,0,0,0,0,0,0,0,0,0,0,0,0,0,0,0,0,0,0,0,0,0,0,0,0,0,0,,38.46153846153847,42.34234234234234,indig_0011,8,61.53846153846154,"MOVIMIENTO ALTERNATIVO INDÍGENA Y SOCIAL ""MAIS""",#E30613,LA GLORIA,20383,LA GLORIA,1200,12
1200608,143,59,22,45,32,3,1,0,0,0,0,0,1,0,0,23,5,4,1,2,0,0,1,0,0,0,0,0,0,0,0,0,0,0,0,0,0,0,0,0,0,0,0,0,1,0,0,0,0,0,,37.28813559322034,31.46853146853147,indig_0011,32,54.23728813559322,"MOVIMIENTO ALTERNATIVO INDÍGENA Y SOCIAL ""MAIS""",#E30613,LA JAGUA DE IBIRICO,20400,LA JAGUA DE IBIRICO,1200,12
1200625,88,28,11,37,14,0,1,0,1,0,0,0,0,1,5,4,5,0,0,0,0,0,1,0,0,0,0,0,0,0,1,0,0,0,0,0,0,0,0,0,0,0,0,0,0,1,0,0,0,0,,39.285714285714285,42.04545454545455,indig_0011,14,50.0,"MOVIMIENTO ALTERNATIVO INDÍGENA Y SOCIAL ""MAIS""",#E30613,MANAURE BALCON DEL CESAR (MANA,20443,MANAURE BALCÓN DEL CESAR,1200,12
1200650,102,57,2,41,6,0,41,0,4,0,1,0,0,3,0,6,0,0,0,0,0,0,41,0,0,0,0,0,0,0,4,0,0,0,0,0,1,0,0,0,0,0,0,0,0,3,0,0,0,0,,3.508771929824561,40.19607843137255,indig_0234,41,71.9298245614035,ASOCIACIÓN DE CABILDOS INDÍGENAS POR COLOMBIA,#0B5C59,PAILITAS,20517,PAILITAS,1200,12
1200700,65,14,7,31,1,0,3,1,2,0,0,0,0,0,0,1,0,0,0,0,0,0,3,0,0,0,0,1,0,0,2,0,0,0,0,0,0,0,0,0,0,0,0,0,0,0,0,0,0,0,,50.0,47.69230769230769,indig_0234,3,21.428571428571427,ASOCIACIÓN DE CABILDOS INDÍGENAS POR COLOMBIA,#0B5C59,PELAYA,20550,PELAYA,1200,12
1200720,186,51,13,53,20,1,1,4,3,0,6,1,2,0,6,13,0,1,0,1,0,0,1,0,0,0,0,1,0,3,3,0,0,0,0,0,0,4,2,0,1,0,2,0,0,0,0,0,0,0,,25.49019607843137,28.49462365591398,indig_0011,20,39.21568627450981,"MOVIMIENTO ALTERNATIVO INDÍGENA Y SOCIAL ""MAIS""",#E30613,PUEBLO BELLO,20570,PUEBLO BELLO,1200,12
1200750,39,3,2,22,0,0,0,0,0,0,0,0,1,0,0,0,0,0,0,0,0,0,0,0,0,0,0,0,0,0,0,0,0,0,0,0,0,0,0,0,0,0,0,1,0,0,0,0,0,0,,66.66666666666666,56.41025641025641,indig_0300,1,33.33333333333333,MOVIMIENTO SI,#E538E8,RIO DE ORO,20614,RÍO DE ORO,1200,12
1200800,82,44,33,23,1,1,0,7,0,0,0,0,1,1,0,1,0,0,0,0,1,0,0,0,0,0,1,0,0,6,0,0,0,0,0,0,0,0,0,0,0,0,1,0,0,1,0,0,0,0,,75.0,28.04878048780488,indig_0006,7,15.909090909090908,"MOVIMIENTO AUTORIDADES INDÍGENAS DE COLOMBIA ""AICO""",#C05B16,SAN ALBERTO,20710,SAN ALBERTO,1200,12
1200825,162,61,20,68,37,1,2,1,0,0,0,0,0,0,4,29,4,0,0,1,0,0,2,0,0,0,0,0,0,1,0,0,0,0,0,0,0,0,0,0,0,0,0,0,0,0,0,0,0,0,,32.78688524590164,41.9753086419753,indig_0011,37,60.65573770491803,"MOVIMIENTO ALTERNATIVO INDÍGENA Y SOCIAL ""MAIS""",#E30613,LA PAZ,20621,LA PAZ,1200,12
1200850,112,33,3,47,14,1,14,0,1,0,0,0,0,0,1,12,1,0,0,0,1,0,14,0,0,0,0,0,0,0,1,0,0,0,0,0,0,0,0,0,0,0,0,0,0,0,0,0,0,0,,9.090909090909092,41.964285714285715,indig_0011,14,42.42424242424242,"MOVIMIENTO ALTERNATIVO INDÍGENA Y SOCIAL ""MAIS""",#E30613,SAN DIEGO,20750,SAN DIEGO,1200,12
1200875,37,32,0,3,0,0,1,30,0,0,0,0,0,1,0,0,0,0,0,0,0,0,1,0,0,0,0,0,2,28,0,0,0,0,0,0,0,0,0,0,0,0,0,0,0,1,0,0,0,0,,0.0,8.108108108108109,indig_0006,30,93.75,"MOVIMIENTO AUTORIDADES INDÍGENAS DE COLOMBIA ""AICO""",#C05B16,SAN MARTIN,20770,SAN MARTÍN,1200,12
1200900,25,8,4,10,4,0,0,0,0,0,0,0,0,0,0,3,1,0,0,0,0,0,0,0,0,0,0,0,0,0,0,0,0,0,0,0,0,0,0,0,0,0,0,0,0,0,0,0,0,0,,50.0,40.0,indig_0011,4,50.0,"MOVIMIENTO ALTERNATIVO INDÍGENA Y SOCIAL ""MAIS""",#E30613,TAMALAMEQUE,20787,TAMALAMEQUE,1200,12
1300001,2501,1451,762,544,525,25,7,50,15,3,35,9,10,10,75,351,75,24,10,8,3,4,7,0,0,0,9,15,4,22,15,0,3,0,0,0,10,11,10,4,9,0,3,6,1,10,0,0,0,0,,52.51550654720882,21.751299480207916,indig_0011,525,36.18194348725017,"MOVIMIENTO ALTERNATIVO INDÍGENA Y SOCIAL ""MAIS""",#E30613,MONTERIA,23001,MONTERÍA,1300,13
1300004,93,8,7,52,0,0,0,0,0,0,1,0,0,0,0,0,0,0,0,0,0,0,0,0,0,0,0,0,0,0,0,0,0,0,0,0,0,1,0,0,0,0,0,0,0,0,0,0,0,0,,87.5,55.91397849462365,indig_0188,1,12.5,MOVIMIENTO UNIDAD EN MINGA POR COLOMBIA,#DA5403,AYAPEL,23068,AYAPEL,1300,13
1300007,100,17,15,66,1,0,0,1,0,0,0,0,0,0,0,1,0,0,0,0,0,0,0,0,0,0,0,1,0,0,0,0,0,0,0,0,0,0,0,0,0,0,0,0,0,0,0,0,0,0,,88.23529411764706,66.0,indig_0011,1,5.88235294117647,"MOVIMIENTO ALTERNATIVO INDÍGENA Y SOCIAL ""MAIS""",#E30613,BUENAVISTA,23079,BUENAVISTA,1300,13
1300009,35,6,1,14,3,1,0,0,0,0,0,0,1,0,2,0,1,0,0,1,0,0,0,0,0,0,0,0,0,0,0,0,0,0,0,0,0,0,0,0,0,0,0,1,0,0,0,0,0,0,,16.666666666666664,40.0,indig_0011,3,50.0,"MOVIMIENTO ALTERNATIVO INDÍGENA Y SOCIAL ""MAIS""",#E30613,CANALETE,23090,CANALETE,1300,13
1300010,523,179,91,175,53,4,3,6,8,5,3,1,2,3,10,39,4,0,0,3,0,1,3,0,0,0,1,3,0,2,8,0,5,0,0,0,1,1,0,1,1,0,0,2,0,3,0,0,0,0,,50.83798882681564,33.460803059273424,indig_0011,53,29.608938547486037,"MOVIMIENTO ALTERNATIVO INDÍGENA Y SOCIAL ""MAIS""",#E30613,CERETE,23162,CERETÉ,1300,13
1300013,161,37,24,65,5,0,0,4,2,0,2,0,0,0,0,5,0,0,0,0,0,0,0,0,0,0,2,2,0,0,2,0,0,0,0,0,1,1,0,0,0,0,0,0,0,0,0,0,0,0,,64.86486486486487,40.37267080745342,indig_0011,5,13.513513513513514,"MOVIMIENTO ALTERNATIVO INDÍGENA Y SOCIAL ""MAIS""",#E30613,CIENAGA DE ORO,23189,CIÉNAGA DE ORO,1300,13
1300014,111,6,4,60,1,0,0,0,0,0,0,1,0,0,1,0,0,0,0,0,0,0,0,0,0,0,0,0,0,0,0,0,0,0,0,0,0,0,0,0,1,0,0,0,0,0,0,0,0,0,,66.66666666666666,54.054054054054056,indig_0011,1,16.666666666666664,"MOVIMIENTO ALTERNATIVO INDÍGENA Y SOCIAL ""MAIS""",#E30613,COTORRA (BONGO),23300,COTORRA,1300,13
1300016,32,2,2,16,0,0,0,0,0,0,0,0,0,0,0,0,0,0,0,0,0,0,0,0,0,0,0,0,0,0,0,0,0,0,0,0,0,0,0,0,0,0,0,0,0,0,0,0,0,0,,100.0,50.0,indig_0011,0,0.0,"MOVIMIENTO ALTERNATIVO INDÍGENA Y SOCIAL ""MAIS""",#E30613,CHIMA,23168,CHIMÁ,1300,13
1300019,217,137,13,48,116,2,2,3,1,0,0,0,0,0,2,109,5,0,1,1,0,0,2,0,0,0,0,1,0,2,1,0,0,0,0,0,0,0,0,0,0,0,0,0,0,0,0,0,0,0,,9.48905109489051,22.119815668202765,indig_0011,116,84.67153284671532,"MOVIMIENTO ALTERNATIVO INDÍGENA Y SOCIAL ""MAIS""",#E30613,CHINU,23182,CHINÚ,1300,13
1300020,85,20,17,35,0,0,0,0,1,0,2,0,0,0,0,0,0,0,0,0,0,0,0,0,0,0,0,0,0,0,1,0,0,0,0,0,0,1,0,1,0,0,0,0,0,0,0,0,0,0,,85.0,41.17647058823529,indig_0188,2,10.0,MOVIMIENTO UNIDAD EN MINGA POR COLOMBIA,#DA5403,LA APARTADA (FRONTERA),23350,LA APARTADA,1300,13
1300022,415,87,54,228,7,1,3,14,2,0,1,0,3,2,1,6,0,0,0,0,1,0,3,0,0,0,5,1,1,7,2,0,0,0,0,0,0,0,0,1,0,0,0,3,0,2,0,0,0,0,,62.06896551724138,54.93975903614457,indig_0006,14,16.091954022988507,"MOVIMIENTO AUTORIDADES INDÍGENAS DE COLOMBIA ""AICO""",#C05B16,LORICA,23417,LORICA,1300,13
1300023,24,5,4,16,1,0,0,0,0,0,0,0,0,0,0,1,0,0,0,0,0,0,0,0,0,0,0,0,0,0,0,0,0,0,0,0,0,0,0,0,0,0,0,0,0,0,0,0,0,0,,80.0,66.66666666666666,indig_0011,1,20.0,"MOVIMIENTO ALTERNATIVO INDÍGENA Y SOCIAL ""MAIS""",#E30613,LOS CORDOBAS,23419,LOS CÓRDOBAS,1300,13
1300024,71,12,7,42,5,0,0,0,0,0,0,0,0,0,0,5,0,0,0,0,0,0,0,0,0,0,0,0,0,0,0,0,0,0,0,0,0,0,0,0,0,0,0,0,0,0,0,0,0,0,,58.333333333333336,59.154929577464785,indig_0011,5,41.66666666666667,"MOVIMIENTO ALTERNATIVO INDÍGENA Y SOCIAL ""MAIS""",#E30613,MOMIL,23464,MOMIL,1300,13
1300025,303,141,65,112,71,1,0,1,0,0,0,0,3,0,3,60,6,2,0,0,1,0,0,0,0,0,1,0,0,0,0,0,0,0,0,0,0,0,0,0,0,0,0,3,0,0,0,0,0,0,,46.09929078014184,36.96369636963696,indig_0011,71,50.35460992907801,"MOVIMIENTO ALTERNATIVO INDÍGENA Y SOCIAL ""MAIS""",#E30613,MONTELIBANO,23466,MONTELÍBANO,1300,13
1300027,83,14,10,34,0,0,0,1,0,0,3,0,0,0,0,0,0,0,0,0,0,0,0,0,0,0,1,0,0,0,0,0,0,0,0,0,0,3,0,0,0,0,0,0,0,0,0,0,0,0,,71.42857142857143,40.963855421686745,indig_0188,3,21.428571428571427,MOVIMIENTO UNIDAD EN MINGA POR COLOMBIA,#DA5403,MOÑITOS,23500,MOÑITOS,1300,13
1300028,229,70,44,94,10,3,1,3,3,0,2,1,1,2,2,6,2,0,1,1,0,1,1,0,0,0,1,1,0,1,3,0,0,0,0,0,1,0,0,1,1,0,1,0,0,2,0,0,0,0,,62.857142857142854,41.04803493449782,indig_0011,10,14.285714285714285,"MOVIMIENTO ALTERNATIVO INDÍGENA Y SOCIAL ""MAIS""",#E30613,PLANETA RICA,23555,PLANETA RICA,1300,13
1300031,120,11,11,65,0,0,0,0,0,0,0,0,0,0,0,0,0,0,0,0,0,0,0,0,0,0,0,0,0,0,0,0,0,0,0,0,0,0,0,0,0,0,0,0,0,0,0,0,0,0,,100.0,54.166666666666664,indig_0011,0,0.0,"MOVIMIENTO ALTERNATIVO INDÍGENA Y SOCIAL ""MAIS""",#E30613,PUEBLO NUEVO,23570,PUEBLO NUEVO,1300,13
1300032,184,94,19,60,66,2,1,4,1,0,1,0,0,0,3,57,5,1,0,2,0,0,1,0,0,0,0,3,1,0,1,0,0,0,0,0,0,1,0,0,0,0,0,0,0,0,0,0,0,0,,20.212765957446805,32.608695652173914,indig_0011,66,70.2127659574468,"MOVIMIENTO ALTERNATIVO INDÍGENA Y SOCIAL ""MAIS""",#E30613,PUERTO LIBERTADOR,23580,PUERTO LIBERTADOR,1300,13
1300033,44,10,7,16,0,0,0,0,0,0,0,0,3,0,0,0,0,0,0,0,0,0,0,0,0,0,0,0,0,0,0,0,0,0,0,0,0,0,0,0,0,0,0,3,0,0,0,0,0,0,,70.0,36.36363636363637,indig_0300,3,30.0,MOVIMIENTO SI,#E538E8,PUERTO ESCONDIDO,23574,PUERTO ESCONDIDO,1300,13
1300034,139,99,17,27,71,2,0,1,1,0,7,0,0,0,10,59,2,0,1,1,0,0,0,0,0,0,0,0,1,0,1,0,0,0,0,0,6,0,1,0,0,0,0,0,0,0,0,0,0,0,,17.17171717171717,19.424460431654676,indig_0011,71,71.71717171717171,"MOVIMIENTO ALTERNATIVO INDÍGENA Y SOCIAL ""MAIS""",#E30613,PURISIMA,23586,PURÍSIMA DE LA CONCEPCIÓN,1300,13
1300037,234,73,41,99,20,0,1,2,3,0,2,0,1,3,2,17,1,0,0,0,0,0,1,0,0,0,0,0,0,2,3,0,0,0,0,0,0,1,0,1,0,0,0,1,0,3,0,0,0,0,,56.16438356164384,42.30769230769231,indig_0011,20,27.397260273972602,"MOVIMIENTO ALTERNATIVO INDÍGENA Y SOCIAL ""MAIS""",#E30613,SAHAGUN,23660,SAHAGÚN,1300,13
1300040,141,42,13,61,24,1,0,2,1,0,0,0,0,1,2,16,5,1,1,0,0,0,0,0,0,0,0,0,0,2,1,0,0,0,0,0,0,0,0,0,0,0,0,0,0,1,0,0,0,0,,30.952380952380953,43.262411347517734,indig_0011,24,57.14285714285714,"MOVIMIENTO ALTERNATIVO INDÍGENA Y SOCIAL ""MAIS""",#E30613,SAN ANDRES DE SOTAVENTO,23670,SAN ANDRÉS DE SOTAVENTO,1300,13
1300043,172,42,32,93,8,2,0,0,0,0,0,0,0,0,5,2,1,0,2,0,0,0,0,0,0,0,0,0,0,0,0,0,0,0,0,0,0,0,0,0,0,0,0,0,0,0,0,0,0,0,,76.19047619047619,54.06976744186046,indig_0011,8,19.047619047619047,"MOVIMIENTO ALTERNATIVO INDÍGENA Y SOCIAL ""MAIS""",#E30613,SAN ANTERO,23672,SAN ANTERO,1300,13
1300046,75,19,10,38,8,0,0,0,0,0,0,0,1,0,2,2,4,0,0,0,0,0,0,0,0,0,0,0,0,0,0,0,0,0,0,0,0,0,0,0,0,0,0,1,0,0,0,0,0,0,,52.63157894736842,50.66666666666667,indig_0011,8,42.10526315789473,"MOVIMIENTO ALTERNATIVO INDÍGENA Y SOCIAL ""MAIS""",#E30613,SAN BERNARDO DEL VIENTO,23675,SAN BERNARDO DEL VIENTO,1300,13
1300049,52,6,3,34,3,0,0,0,0,0,0,0,0,0,0,3,0,0,0,0,0,0,0,0,0,0,0,0,0,0,0,0,0,0,0,0,0,0,0,0,0,0,0,0,0,0,0,0,0,0,,50.0,65.38461538461539,indig_0011,3,50.0,"MOVIMIENTO ALTERNATIVO INDÍGENA Y SOCIAL ""MAIS""",#E30613,SAN CARLOS,23678,SAN CARLOS,1300,13
1300052,98,17,9,40,1,2,1,0,2,0,0,1,1,0,0,1,0,0,1,0,1,0,1,0,0,0,0,0,0,0,2,0,0,0,0,0,0,0,0,0,1,0,0,1,0,0,0,0,0,0,,52.94117647058824,40.816326530612244,indig_0285,2,11.76470588235294,ASOCIACIÓN DE AUTORIDADES TRADICIONALES INDÍGENAS,#811EC5,SAN JOSE DE URE,23682,SAN JOSÉ DE URÉ,1300,13
1300055,43,14,7,21,1,2,0,3,1,0,0,0,0,0,0,1,0,0,0,1,0,1,0,0,0,0,0,0,0,3,1,0,0,0,0,0,0,0,0,0,0,0,0,0,0,0,0,0,0,0,,50.0,48.837209302325576,indig_0006,3,21.428571428571427,"MOVIMIENTO AUTORIDADES INDÍGENAS DE COLOMBIA ""AICO""",#C05B16,SAN PELAYO,23686,SAN PELAYO,1300,13
1300058,772,549,59,85,462,6,1,0,1,2,14,1,3,0,29,320,104,9,4,2,0,0,1,0,0,0,0,0,0,0,1,0,2,0,0,0,4,9,1,0,1,0,0,1,2,0,0,0,0,0,,10.746812386156648,11.010362694300518,indig_0011,462,84.15300546448088,"MOVIMIENTO ALTERNATIVO INDÍGENA Y SOCIAL ""MAIS""",#E30613,TIERRALTA,23807,TIERRALTA,1300,13
1300060,714,607,42,37,145,14,4,359,3,2,14,1,19,4,15,110,14,6,2,6,3,3,4,0,0,0,11,10,9,329,3,0,2,0,0,0,1,6,3,4,1,0,4,14,1,4,0,0,0,0,,6.919275123558484,5.182072829131653,indig_0006,359,59.14332784184514,"MOVIMIENTO AUTORIDADES INDÍGENAS DE COLOMBIA ""AICO""",#C05B16,TUCHIN,23815,TUCHÍN,1300,13
1300061,116,57,9,27,39,0,1,2,0,0,0,0,6,0,1,37,1,0,0,0,0,0,1,0,0,0,0,1,0,1,0,0,0,0,0,0,0,0,0,0,0,0,0,5,1,0,0,0,0,0,,15.789473684210526,23.275862068965516,indig_0011,39,68.42105263157895,"MOVIMIENTO ALTERNATIVO INDÍGENA Y SOCIAL ""MAIS""",#E30613,VALENCIA,23855,VALENCIA,1300,13
1500004,3,1,0,1,1,0,0,0,0,0,0,0,0,0,0,1,0,0,0,0,0,0,0,0,0,0,0,0,0,0,0,0,0,0,0,0,0,0,0,0,0,0,0,0,0,0,0,0,0,0,,0.0,33.33333333333333,indig_0011,1,100.0,"MOVIMIENTO ALTERNATIVO INDÍGENA Y SOCIAL ""MAIS""",#E30613,AGUA DE DIOS,25001,AGUA DE DIOS,1500,15
1500007,4,4,1,0,3,0,0,0,0,0,0,0,0,0,0,3,0,0,0,0,0,0,0,0,0,0,0,0,0,0,0,0,0,0,0,0,0,0,0,0,0,0,0,0,0,0,0,0,0,0,,25.0,0.0,indig_0011,3,75.0,"MOVIMIENTO ALTERNATIVO INDÍGENA Y SOCIAL ""MAIS""",#E30613,ALBAN,25019,ALBÁN,1500,15
1500010,34,18,12,5,0,0,0,6,0,0,0,0,0,0,0,0,0,0,0,0,0,0,0,0,0,0,0,6,0,0,0,0,0,0,0,0,0,0,0,0,0,0,0,0,0,0,0,0,0,0,,66.66666666666666,14.705882352941178,indig_0006,6,33.33333333333333,"MOVIMIENTO AUTORIDADES INDÍGENAS DE COLOMBIA ""AICO""",#C05B16,ANAPOIMA,25035,ANAPOIMA,1500,15
1500013,27,21,20,6,1,0,0,0,0,0,0,0,0,0,0,0,1,0,0,0,0,0,0,0,0,0,0,0,0,0,0,0,0,0,0,0,0,0,0,0,0,0,0,0,0,0,0,0,0,0,,95.23809523809523,22.22222222222222,indig_0011,1,4.761904761904762,"MOVIMIENTO ALTERNATIVO INDÍGENA Y SOCIAL ""MAIS""",#E30613,ANOLAIMA,25040,ANOLAIMA,1500,15
1500016,10,8,0,1,6,1,0,1,0,0,0,0,0,0,0,6,0,0,0,1,0,0,0,0,0,0,0,0,1,0,0,0,0,0,0,0,0,0,0,0,0,0,0,0,0,0,0,0,0,0,,0.0,10.0,indig_0011,6,75.0,"MOVIMIENTO ALTERNATIVO INDÍGENA Y SOCIAL ""MAIS""",#E30613,ARBELAEZ,25053,ARBELÁEZ,1500,15
1500019,0,0,0,0,0,0,0,0,0,0,0,0,0,0,0,0,0,0,0,0,0,0,0,0,0,0,0,0,0,0,0,0,0,0,0,0,0,0,0,0,0,0,0,0,0,0,0,0,0,0,,,,indig_0011,0,,"MOVIMIENTO ALTERNATIVO INDÍGENA Y SOCIAL ""MAIS""",#E30613,BELTRAN,25086,BELTRÁN,1500,15
1500022,2,2,0,0,2,0,0,0,0,0,0,0,0,0,0,2,0,0,0,0,0,0,0,0,0,0,0,0,0,0,0,0,0,0,0,0,0,0,0,0,0,0,0,0,0,0,0,0,0,0,,0.0,0.0,indig_0011,2,100.0,"MOVIMIENTO ALTERNATIVO INDÍGENA Y SOCIAL ""MAIS""",#E30613,BITUIMA,25095,BITUIMA,1500,15
1500025,57,40,20,14,16,2,0,0,2,0,0,0,0,0,0,15,1,0,1,1,0,0,0,0,0,0,0,0,0,0,2,0,0,0,0,0,0,0,0,0,0,0,0,0,0,0,0,0,0,0,,50.0,24.561403508771928,indig_0011,16,40.0,"MOVIMIENTO ALTERNATIVO INDÍGENA Y SOCIAL ""MAIS""",#E30613,BOJACA,25099,BOJACÁ,1500,15
1500029,0,0,0,0,0,0,0,0,0,0,0,0,0,0,0,0,0,0,0,0,0,0,0,0,0,0,0,0,0,0,0,0,0,0,0,0,0,0,0,0,0,0,0,0,0,0,0,0,0,0,,,,indig_0011,0,,"MOVIMIENTO ALTERNATIVO INDÍGENA Y SOCIAL ""MAIS""",#E30613,CABRERA,25120,CABRERA,1500,15
1500030,61,21,17,20,1,2,0,0,1,0,0,0,0,0,0,1,0,0,1,1,0,0,0,0,0,0,0,0,0,0,1,0,0,0,0,0,0,0,0,0,0,0,0,0,0,0,0,0,0,0,,80.95238095238095,32.78688524590164,indig_0285,2,9.523809523809524,ASOCIACIÓN DE AUTORIDADES TRADICIONALES INDÍGENAS,#811EC5,CACHIPAY,25123,CACHIPAY,1500,15
1500031,323,223,158,62,16,10,1,26,1,0,4,4,3,0,5,9,1,1,2,5,1,2,1,0,0,0,3,17,4,2,1,0,0,0,0,0,0,4,0,0,4,0,2,1,0,0,0,0,0,0,,70.85201793721974,19.195046439628484,indig_0006,26,11.659192825112108,"MOVIMIENTO AUTORIDADES INDÍGENAS DE COLOMBIA ""AICO""",#C05B16,CAJICA,25126,CAJICÁ,1500,15
1500034,42,4,4,9,0,0,0,0,0,0,0,0,0,0,0,0,0,0,0,0,0,0,0,0,0,0,0,0,0,0,0,0,0,0,0,0,0,0,0,0,0,0,0,0,0,0,0,0,0,0,,100.0,21.428571428571427,indig_0011,0,0.0,"MOVIMIENTO ALTERNATIVO INDÍGENA Y SOCIAL ""MAIS""",#E30613,CAPARRAPI,25148,CAPARRAPÍ,1500,15
1500037,9,5,1,1,0,4,0,0,0,0,0,0,0,0,0,0,0,0,1,3,0,0,0,0,0,0,0,0,0,0,0,0,0,0,0,0,0,0,0,0,0,0,0,0,0,0,0,0,0,0,,20.0,11.11111111111111,indig_0285,4,80.0,ASOCIACIÓN DE AUTORIDADES TRADICIONALES INDÍGENAS,#811EC5,CAQUEZA,25151,CÁQUEZA,1500,15
1500040,82,33,17,5,2,2,3,0,0,0,0,0,0,9,1,1,0,0,0,1,1,0,3,0,0,0,0,0,0,0,0,0,0,0,0,0,0,0,0,0,0,0,0,0,0,9,0,0,0,0,,51.515151515151516,6.097560975609756,indig_0347,9,27.27272727272727,CABILDO INDÍGENA TEVIS,#1C1C80,CARMEN DE CARUPA,25154,CARMEN DE CARUPA,1500,15
1500043,77,51,45,23,3,0,0,0,0,0,3,0,0,0,0,2,0,1,0,0,0,0,0,0,0,0,0,0,0,0,0,0,0,0,0,0,0,3,0,0,0,0,0,0,0,0,0,0,0,0,,88.23529411764706,29.87012987012987,indig_0011,3,5.88235294117647,"MOVIMIENTO ALTERNATIVO INDÍGENA Y SOCIAL ""MAIS""",#E30613,COGUA,25200,COGUA,1500,15
1500046,66,53,23,3,12,5,2,4,2,0,3,0,1,1,3,4,2,3,1,2,1,1,2,0,0,0,1,2,1,0,2,0,0,0,0,0,0,1,2,0,0,0,0,0,1,1,0,0,0,0,,43.39622641509434,4.545454545454546,indig_0011,12,22.641509433962266,"MOVIMIENTO ALTERNATIVO INDÍGENA Y SOCIAL ""MAIS""",#E30613,COTA,25214,COTA,1500,15
1500049,42,32,26,5,1,2,0,3,0,0,0,0,0,0,0,0,0,1,0,2,0,0,0,0,0,0,1,2,0,0,0,0,0,0,0,0,0,0,0,0,0,0,0,0,0,0,0,0,0,0,,81.25,11.904761904761903,indig_0006,3,9.375,"MOVIMIENTO AUTORIDADES INDÍGENAS DE COLOMBIA ""AICO""",#C05B16,CUCUNUBA,25224,CUCUNUBÁ,1500,15
1500052,4,0,0,0,0,0,0,0,0,0,0,0,0,0,0,0,0,0,0,0,0,0,0,0,0,0,0,0,0,0,0,0,0,0,0,0,0,0,0,0,0,0,0,0,0,0,0,0,0,0,,,0.0,indig_0011,0,,"MOVIMIENTO ALTERNATIVO INDÍGENA Y SOCIAL ""MAIS""",#E30613,CHAGUANI,25168,CHAGUANÍ,1500,15
1500055,575,454,201,80,77,20,8,38,20,3,14,64,3,6,16,38,14,9,4,12,3,1,8,0,0,0,12,11,9,6,20,0,3,0,0,0,4,5,3,2,64,0,3,0,0,6,0,0,0,0,,44.27312775330397,13.91304347826087,indig_0011,77,16.96035242290749,"MOVIMIENTO ALTERNATIVO INDÍGENA Y SOCIAL ""MAIS""",#E30613,CHIA,25175,CHÍA,1500,15
1500058,23,7,4,8,1,0,0,0,0,0,1,0,1,0,0,1,0,0,0,0,0,0,0,0,0,0,0,0,0,0,0,0,0,0,0,0,0,1,0,0,0,0,0,0,1,0,0,0,0,0,,57.14285714285714,34.78260869565217,indig_0011,1,14.285714285714285,"MOVIMIENTO ALTERNATIVO INDÍGENA Y SOCIAL ""MAIS""",#E30613,CHIPAQUE,25178,CHIPAQUE,1500,15
1500061,1,1,0,0,1,0,0,0,0,0,0,0,0,0,0,1,0,0,0,0,0,0,0,0,0,0,0,0,0,0,0,0,0,0,0,0,0,0,0,0,0,0,0,0,0,0,0,0,0,0,,0.0,0.0,indig_0011,1,100.0,"MOVIMIENTO ALTERNATIVO INDÍGENA Y SOCIAL ""MAIS""",#E30613,CHOACHI,25181,CHOACHÍ,1500,15
1500064,29,14,12,6,0,1,0,0,1,0,0,0,0,0,0,0,0,0,0,0,0,1,0,0,0,0,0,0,0,0,1,0,0,0,0,0,0,0,0,0,0,0,0,0,0,0,0,0,0,0,,85.71428571428571,20.689655172413794,indig_0285,1,7.142857142857142,ASOCIACIÓN DE AUTORIDADES TRADICIONALES INDÍGENAS,#811EC5,CHOCONTA,25183,CHOCONTÁ,1500,15
1500067,73,18,13,27,1,1,0,0,2,0,0,0,0,1,0,0,1,0,0,0,1,0,0,0,0,0,0,0,0,0,2,0,0,0,0,0,0,0,0,0,0,0,0,0,0,1,0,0,0,0,,72.22222222222221,36.986301369863014,indig_0306,2,11.11111111111111,"ASOCIACIÓN NACIONAL INDÍGENA DE COLOMBIA ""ANIC""",#659A02,EL COLEGIO,25245,EL COLEGIO,1500,15
1500070,0,0,0,0,0,0,0,0,0,0,0,0,0,0,0,0,0,0,0,0,0,0,0,0,0,0,0,0,0,0,0,0,0,0,0,0,0,0,0,0,0,0,0,0,0,0,0,0,0,0,,,,indig_0011,0,,"MOVIMIENTO ALTERNATIVO INDÍGENA Y SOCIAL ""MAIS""",#E30613,EL PEÑON,25258,EL PEÑÓN,1500,15
1500072,273,127,98,89,21,4,1,1,1,1,0,0,0,0,6,12,2,1,2,1,1,0,1,0,0,0,1,0,0,0,1,0,1,0,0,0,0,0,0,0,0,0,0,0,0,0,0,0,0,0,,77.16535433070865,32.6007326007326,indig_0011,21,16.535433070866144,"MOVIMIENTO ALTERNATIVO INDÍGENA Y SOCIAL ""MAIS""",#E30613,EL ROSAL,25260,EL ROSAL,1500,15
1500076,695,431,278,210,71,12,2,34,5,2,12,2,4,9,3,58,3,7,2,6,3,1,2,0,0,0,6,20,7,1,5,0,2,0,0,0,4,5,2,1,2,0,1,3,0,9,0,0,0,0,,64.50116009280742,30.215827338129497,indig_0011,71,16.473317865429234,"MOVIMIENTO ALTERNATIVO INDÍGENA Y SOCIAL ""MAIS""",#E30613,FACATATIVA,25269,FACATATIVÁ,1500,15
1500079,13,12,10,1,0,0,1,0,1,0,0,0,0,0,0,0,0,0,0,0,0,0,1,0,0,0,0,0,0,0,1,0,0,0,0,0,0,0,0,0,0,0,0,0,0,0,0,0,0,0,,83.33333333333334,7.6923076923076925,indig_0234,1,8.333333333333332,ASOCIACIÓN DE CABILDOS INDÍGENAS POR COLOMBIA,#0B5C59,FOMEQUE,25279,FÓMEQUE,1500,15
1500085,4,3,3,0,0,0,0,0,0,0,0,0,0,0,0,0,0,0,0,0,0,0,0,0,0,0,0,0,0,0,0,0,0,0,0,0,0,0,0,0,0,0,0,0,0,0,0,0,0,0,,100.0,0.0,indig_0011,0,0.0,"MOVIMIENTO ALTERNATIVO INDÍGENA Y SOCIAL ""MAIS""",#E30613,FOSCA,25281,FOSCA,1500,15
1500088,529,395,218,73,75,12,3,24,4,3,8,1,4,43,8,61,3,3,4,8,0,0,3,0,0,0,2,3,0,19,4,0,3,0,0,0,1,2,2,3,1,0,1,2,1,43,0,0,0,0,,55.18987341772152,13.799621928166353,indig_0011,75,18.9873417721519,"MOVIMIENTO ALTERNATIVO INDÍGENA Y SOCIAL ""MAIS""",#E30613,FUNZA,25286,FUNZA,1500,15
1500091,4,4,0,0,0,4,0,0,0,0,0,0,0,0,0,0,0,0,0,3,1,0,0,0,0,0,0,0,0,0,0,0,0,0,0,0,0,0,0,0,0,0,0,0,0,0,0,0,0,0,,0.0,0.0,indig_0285,4,100.0,ASOCIACIÓN DE AUTORIDADES TRADICIONALES INDÍGENAS,#811EC5,FUQUENE,25288,FÚQUENE,1500,15
1500094,742,421,215,158,170,16,3,4,4,1,3,2,3,0,18,121,18,13,6,6,1,3,3,0,0,0,1,2,1,0,4,0,1,0,0,0,0,2,1,0,2,0,1,2,0,0,0,0,0,0,,51.06888361045131,21.293800539083556,indig_0011,170,40.38004750593824,"MOVIMIENTO ALTERNATIVO INDÍGENA Y SOCIAL ""MAIS""",#E30613,FUSAGASUGA,25290,FUSAGASUGÁ,1500,15
1500097,1,0,0,0,0,0,0,0,0,0,0,0,0,0,0,0,0,0,0,0,0,0,0,0,0,0,0,0,0,0,0,0,0,0,0,0,0,0,0,0,0,0,0,0,0,0,0,0,0,0,,,0.0,indig_0011,0,,"MOVIMIENTO ALTERNATIVO INDÍGENA Y SOCIAL ""MAIS""",#E30613,GACHALA,25293,GACHALÁ,1500,15
1500100,56,51,24,4,11,5,0,0,9,0,2,0,0,0,2,2,6,1,2,1,1,1,0,0,0,0,0,0,0,0,9,0,0,0,0,0,0,2,0,0,0,0,0,0,0,0,0,0,0,0,,47.05882352941176,7.142857142857142,indig_0011,11,21.568627450980394,"MOVIMIENTO ALTERNATIVO INDÍGENA Y SOCIAL ""MAIS""",#E30613,GACHANCIPA,25295,GACHANCIPÁ,1500,15
1500103,37,16,11,5,0,1,0,3,0,0,0,0,0,1,0,0,0,0,0,0,1,0,0,0,0,0,0,1,0,2,0,0,0,0,0,0,0,0,0,0,0,0,0,0,0,1,0,0,0,0,,68.75,13.513513513513514,indig_0006,3,18.75,"MOVIMIENTO AUTORIDADES INDÍGENAS DE COLOMBIA ""AICO""",#C05B16,GACHETA,25297,GACHETÁ,1500,15
1500106,8,7,7,0,0,0,0,0,0,0,0,0,0,0,0,0,0,0,0,0,0,0,0,0,0,0,0,0,0,0,0,0,0,0,0,0,0,0,0,0,0,0,0,0,0,0,0,0,0,0,,100.0,0.0,indig_0011,0,0.0,"MOVIMIENTO ALTERNATIVO INDÍGENA Y SOCIAL ""MAIS""",#E30613,GAMA,25299,GAMA,1500,15
1500109,549,390,108,92,248,6,0,6,3,1,3,0,2,13,14,224,4,6,0,5,0,1,0,0,0,0,2,2,0,2,3,0,1,0,0,0,1,1,0,1,0,0,0,2,0,13,0,0,0,0,,27.692307692307693,16.757741347905284,indig_0011,248,63.589743589743584,"MOVIMIENTO ALTERNATIVO INDÍGENA Y SOCIAL ""MAIS""",#E30613,GIRARDOT,25307,GIRARDOT,1500,15
1500112,17,4,0,0,1,2,0,0,0,0,1,0,0,0,0,0,0,1,0,2,0,0,0,0,0,0,0,0,0,0,0,0,0,0,0,0,0,0,0,1,0,0,0,0,0,0,0,0,0,0,,0.0,0.0,indig_0285,2,50.0,ASOCIACIÓN DE AUTORIDADES TRADICIONALES INDÍGENAS,#811EC5,GUACHETA,25317,GUACHETÁ,1500,15
1500115,34,25,20,6,0,0,1,2,1,0,0,0,1,0,0,0,0,0,0,0,0,0,1,0,0,0,1,1,0,0,1,0,0,0,0,0,0,0,0,0,0,0,0,1,0,0,0,0,0,0,,80.0,17.647058823529413,indig_0006,2,8.0,"MOVIMIENTO AUTORIDADES INDÍGENAS DE COLOMBIA ""AICO""",#C05B16,GUADUAS,25320,GUADUAS,1500,15
1500118,69,27,26,23,0,1,0,0,0,0,0,0,0,0,0,0,0,0,1,0,0,0,0,0,0,0,0,0,0,0,0,0,0,0,0,0,0,0,0,0,0,0,0,0,0,0,0,0,0,0,,96.29629629629629,33.33333333333333,indig_0285,1,3.7037037037037033,ASOCIACIÓN DE AUTORIDADES TRADICIONALES INDÍGENAS,#811EC5,GUASCA,25322,GUASCA,1500,15
1500121,46,46,0,0,44,0,0,1,0,0,0,0,1,0,0,41,3,0,0,0,0,0,0,0,0,0,0,1,0,0,0,0,0,0,0,0,0,0,0,0,0,0,0,1,0,0,0,0,0,0,,0.0,0.0,indig_0011,44,95.65217391304348,"MOVIMIENTO ALTERNATIVO INDÍGENA Y SOCIAL ""MAIS""",#E30613,GUATAQUI,25324,GUATAQUÍ,1500,15
1500124,20,15,13,3,0,1,0,0,1,0,0,0,0,0,0,0,0,0,0,1,0,0,0,0,0,0,0,0,0,0,1,0,0,0,0,0,0,0,0,0,0,0,0,0,0,0,0,0,0,0,,86.66666666666667,15.0,indig_0285,1,6.666666666666667,ASOCIACIÓN DE AUTORIDADES TRADICIONALES INDÍGENAS,#811EC5,GUATAVITA,25326,GUATAVITA,1500,15
1500127,15,4,1,4,1,1,0,0,0,0,0,0,1,0,0,0,1,0,0,1,0,0,0,0,0,0,0,0,0,0,0,0,0,0,0,0,0,0,0,0,0,0,0,1,0,0,0,0,0,0,,25.0,26.666666666666668,indig_0011,1,25.0,"MOVIMIENTO ALTERNATIVO INDÍGENA Y SOCIAL ""MAIS""",#E30613,GUAYABAL DE SIQUIMA,25328,GUAYABAL DE SÍQUIMA,1500,15
1500128,6,4,3,2,1,0,0,0,0,0,0,0,0,0,0,1,0,0,0,0,0,0,0,0,0,0,0,0,0,0,0,0,0,0,0,0,0,0,0,0,0,0,0,0,0,0,0,0,0,0,,75.0,33.33333333333333,indig_0011,1,25.0,"MOVIMIENTO ALTERNATIVO INDÍGENA Y SOCIAL ""MAIS""",#E30613,GUAYABETAL,25335,GUAYABETAL,1500,15
1500130,0,0,0,0,0,0,0,0,0,0,0,0,0,0,0,0,0,0,0,0,0,0,0,0,0,0,0,0,0,0,0,0,0,0,0,0,0,0,0,0,0,0,0,0,0,0,0,0,0,0,,,,indig_0011,0,,"MOVIMIENTO ALTERNATIVO INDÍGENA Y SOCIAL ""MAIS""",#E30613,GUTIERREZ,25339,GUTIÉRREZ,1500,15
1500132,30,9,8,13,0,0,0,0,0,0,0,0,1,0,0,0,0,0,0,0,0,0,0,0,0,0,0,0,0,0,0,0,0,0,0,0,0,0,0,0,0,0,0,1,0,0,0,0,0,0,,88.88888888888889,43.333333333333336,indig_0300,1,11.11111111111111,MOVIMIENTO SI,#E538E8,GRANADA,25312,GRANADA,1500,15
1500133,17,17,0,0,16,0,0,0,0,1,0,0,0,0,0,16,0,0,0,0,0,0,0,0,0,0,0,0,0,0,0,0,1,0,0,0,0,0,0,0,0,0,0,0,0,0,0,0,0,0,,0.0,0.0,indig_0011,16,94.11764705882352,"MOVIMIENTO ALTERNATIVO INDÍGENA Y SOCIAL ""MAIS""",#E30613,JERUSALEN,25368,JERUSALÉN,1500,15
1500136,3,1,0,1,0,1,0,0,0,0,0,0,0,0,0,0,0,0,0,1,0,0,0,0,0,0,0,0,0,0,0,0,0,0,0,0,0,0,0,0,0,0,0,0,0,0,0,0,0,0,,0.0,33.33333333333333,indig_0285,1,100.0,ASOCIACIÓN DE AUTORIDADES TRADICIONALES INDÍGENAS,#811EC5,JUNIN,25372,JUNÍN,1500,15
1500139,64,45,32,8,3,5,0,0,1,0,3,1,0,0,1,1,0,1,2,2,1,0,0,0,0,0,0,0,0,0,1,0,0,0,0,0,0,0,2,1,1,0,0,0,0,0,0,0,0,0,,71.11111111111111,12.5,indig_0285,5,11.11111111111111,ASOCIACIÓN DE AUTORIDADES TRADICIONALES INDÍGENAS,#811EC5,LA CALERA,25377,LA CALERA,1500,15
1500142,73,30,24,27,2,1,1,1,0,0,0,1,0,0,1,0,0,1,0,0,1,0,1,0,0,0,0,1,0,0,0,0,0,0,0,0,0,0,0,0,1,0,0,0,0,0,0,0,0,0,,80.0,36.986301369863014,indig_0011,2,6.666666666666667,"MOVIMIENTO ALTERNATIVO INDÍGENA Y SOCIAL ""MAIS""",#E30613,LA MESA,25386,LA MESA,1500,15
1500145,5,4,0,0,3,1,0,0,0,0,0,0,0,0,0,2,1,0,0,1,0,0,0,0,0,0,0,0,0,0,0,0,0,0,0,0,0,0,0,0,0,0,0,0,0,0,0,0,0,0,,0.0,0.0,indig_0011,3,75.0,"MOVIMIENTO ALTERNATIVO INDÍGENA Y SOCIAL ""MAIS""",#E30613,LA PALMA,25394,LA PALMA,1500,15
1500148,1,1,1,0,0,0,0,0,0,0,0,0,0,0,0,0,0,0,0,0,0,0,0,0,0,0,0,0,0,0,0,0,0,0,0,0,0,0,0,0,0,0,0,0,0,0,0,0,0,0,,100.0,0.0,indig_0011,0,0.0,"MOVIMIENTO ALTERNATIVO INDÍGENA Y SOCIAL ""MAIS""",#E30613,LA PEÑA,25398,LA PEÑA,1500,15
1500151,11,11,1,0,1,0,7,0,0,0,2,0,0,0,0,0,0,1,0,0,0,0,7,0,0,0,0,0,0,0,0,0,0,0,0,0,0,0,2,0,0,0,0,0,0,0,0,0,0,0,,9.090909090909092,0.0,indig_0234,7,63.63636363636363,ASOCIACIÓN DE CABILDOS INDÍGENAS POR COLOMBIA,#0B5C59,LA VEGA,25402,LA VEGA,1500,15
1500154,30,22,3,0,19,0,0,0,0,0,0,0,0,0,0,19,0,0,0,0,0,0,0,0,0,0,0,0,0,0,0,0,0,0,0,0,0,0,0,0,0,0,0,0,0,0,0,0,0,0,,13.636363636363635,0.0,indig_0011,19,86.36363636363636,"MOVIMIENTO ALTERNATIVO INDÍGENA Y SOCIAL ""MAIS""",#E30613,LENGUAZAQUE,25407,LENGUAZAQUE,1500,15
1500157,1,1,0,0,0,1,0,0,0,0,0,0,0,0,0,0,0,0,0,1,0,0,0,0,0,0,0,0,0,0,0,0,0,0,0,0,0,0,0,0,0,0,0,0,0,0,0,0,0,0,,0.0,0.0,indig_0285,1,100.0,ASOCIACIÓN DE AUTORIDADES TRADICIONALES INDÍGENAS,#811EC5,MACHETA,25426,MACHETÁ,1500,15
1500160,1081,771,407,211,271,28,9,17,7,1,14,4,9,4,36,214,19,2,8,16,4,0,9,0,0,0,4,5,5,3,7,0,1,0,0,0,4,7,2,1,4,0,3,4,2,4,0,0,0,0,,52.788586251621275,19.518963922294173,indig_0011,271,35.1491569390402,"MOVIMIENTO ALTERNATIVO INDÍGENA Y SOCIAL ""MAIS""",#E30613,MADRID,25430,MADRID,1500,15
1500163,4,4,2,0,1,0,0,0,1,0,0,0,0,0,0,1,0,0,0,0,0,0,0,0,0,0,0,0,0,0,1,0,0,0,0,0,0,0,0,0,0,0,0,0,0,0,0,0,0,0,,50.0,0.0,indig_0011,1,25.0,"MOVIMIENTO ALTERNATIVO INDÍGENA Y SOCIAL ""MAIS""",#E30613,MANTA,25436,MANTA,1500,15
1500166,14,8,5,1,0,1,0,0,0,0,1,0,1,0,0,0,0,0,0,1,0,0,0,0,0,0,0,0,0,0,0,0,0,0,0,0,0,1,0,0,0,0,1,0,0,0,0,0,0,0,,62.5,7.142857142857142,indig_0285,1,12.5,ASOCIACIÓN DE AUTORIDADES TRADICIONALES INDÍGENAS,#811EC5,MEDINA,25438,MEDINA,1500,15
1500169,430,357,121,37,175,14,4,12,6,1,11,2,5,6,16,147,11,1,4,9,1,0,4,0,0,0,4,3,3,2,6,0,1,0,0,0,2,8,1,0,2,0,0,5,0,6,0,0,0,0,,33.89355742296919,8.604651162790699,indig_0011,175,49.01960784313725,"MOVIMIENTO ALTERNATIVO INDÍGENA Y SOCIAL ""MAIS""",#E30613,MOSQUERA,25473,MOSQUERA,1500,15
1500172,36,35,0,1,34,0,0,0,1,0,0,0,0,0,7,27,0,0,0,0,0,0,0,0,0,0,0,0,0,0,1,0,0,0,0,0,0,0,0,0,0,0,0,0,0,0,0,0,0,0,,0.0,2.7777777777777777,indig_0011,34,97.14285714285714,"MOVIMIENTO ALTERNATIVO INDÍGENA Y SOCIAL ""MAIS""",#E30613,NARIÑO,25483,NARIÑO,1500,15
1500175,25,19,6,5,2,5,1,0,2,0,1,0,1,1,1,0,0,1,0,3,2,0,1,0,0,0,0,0,0,0,2,0,0,0,0,0,0,0,1,0,0,0,0,0,1,1,0,0,0,0,,31.57894736842105,20.0,indig_0285,5,26.31578947368421,ASOCIACIÓN DE AUTORIDADES TRADICIONALES INDÍGENAS,#811EC5,NEMOCON,25486,NEMOCÓN,1500,15
1500178,11,2,2,5,0,0,0,0,0,0,0,0,0,0,0,0,0,0,0,0,0,0,0,0,0,0,0,0,0,0,0,0,0,0,0,0,0,0,0,0,0,0,0,0,0,0,0,0,0,0,,100.0,45.45454545454545,indig_0011,0,0.0,"MOVIMIENTO ALTERNATIVO INDÍGENA Y SOCIAL ""MAIS""",#E30613,NILO,25488,NILO,1500,15
1500181,0,0,0,0,0,0,0,0,0,0,0,0,0,0,0,0,0,0,0,0,0,0,0,0,0,0,0,0,0,0,0,0,0,0,0,0,0,0,0,0,0,0,0,0,0,0,0,0,0,0,,,,indig_0011,0,,"MOVIMIENTO ALTERNATIVO INDÍGENA Y SOCIAL ""MAIS""",#E30613,NIMAIMA,25489,NIMAIMA,1500,15
1500184,37,2,1,1,0,0,1,0,0,0,0,0,0,0,0,0,0,0,0,0,0,0,1,0,0,0,0,0,0,0,0,0,0,0,0,0,0,0,0,0,0,0,0,0,0,0,0,0,0,0,,50.0,2.7027027027027026,indig_0234,1,50.0,ASOCIACIÓN DE CABILDOS INDÍGENAS POR COLOMBIA,#0B5C59,NOCAIMA,25491,NOCAIMA,1500,15
1500190,43,14,10,8,0,1,0,1,0,1,0,1,0,0,0,0,0,0,0,0,0,1,0,0,0,0,0,0,0,1,0,0,1,0,0,0,0,0,0,0,1,0,0,0,0,0,0,0,0,0,,71.42857142857143,18.6046511627907,indig_0285,1,7.142857142857142,ASOCIACIÓN DE AUTORIDADES TRADICIONALES INDÍGENAS,#811EC5,PACHO,25513,PACHO,1500,15
1500193,17,5,4,3,0,0,0,0,0,0,0,1,0,0,0,0,0,0,0,0,0,0,0,0,0,0,0,0,0,0,0,0,0,0,0,0,0,0,0,0,1,0,0,0,0,0,0,0,0,0,,80.0,17.647058823529413,indig_0237,1,20.0,ACMIZSAM,#F2459B,PAIME,25518,PAIME,1500,15
1500196,0,0,0,0,0,0,0,0,0,0,0,0,0,0,0,0,0,0,0,0,0,0,0,0,0,0,0,0,0,0,0,0,0,0,0,0,0,0,0,0,0,0,0,0,0,0,0,0,0,0,,,,indig_0011,0,,"MOVIMIENTO ALTERNATIVO INDÍGENA Y SOCIAL ""MAIS""",#E30613,PANDI,25524,PANDI,1500,15
1500198,54,22,18,18,0,0,0,1,0,0,3,0,0,0,0,0,0,0,0,0,0,0,0,0,0,0,0,1,0,0,0,0,0,0,0,0,0,0,3,0,0,0,0,0,0,0,0,0,0,0,,81.81818181818183,33.33333333333333,indig_0188,3,13.636363636363635,MOVIMIENTO UNIDAD EN MINGA POR COLOMBIA,#DA5403,PARATEBUENO (LA NAGUAYA),25530,PARATEBUENO,1500,15
1500199,25,16,3,4,13,0,0,0,0,0,0,0,0,0,3,9,1,0,0,0,0,0,0,0,0,0,0,0,0,0,0,0,0,0,0,0,0,0,0,0,0,0,0,0,0,0,0,0,0,0,,18.75,16.0,indig_0011,13,81.25,"MOVIMIENTO ALTERNATIVO INDÍGENA Y SOCIAL ""MAIS""",#E30613,PASCA,25535,PASCA,1500,15
1500202,24,17,8,3,9,0,0,0,0,0,0,0,0,0,1,7,1,0,0,0,0,0,0,0,0,0,0,0,0,0,0,0,0,0,0,0,0,0,0,0,0,0,0,0,0,0,0,0,0,0,,47.05882352941176,12.5,indig_0011,9,52.94117647058824,"MOVIMIENTO ALTERNATIVO INDÍGENA Y SOCIAL ""MAIS""",#E30613,PUERTO SALGAR,25572,PUERTO SALGAR,1500,15
1500205,1,1,0,0,0,0,0,0,0,1,0,0,0,0,0,0,0,0,0,0,0,0,0,0,0,0,0,0,0,0,0,0,1,0,0,0,0,0,0,0,0,0,0,0,0,0,0,0,0,0,,0.0,0.0,indig_0252,1,100.0,TRIETNICO GOBERNATIVO TRIGO,#FDC418,PULI,25580,PULÍ,1500,15
1500208,18,6,4,6,2,0,0,0,0,0,0,0,0,0,0,2,0,0,0,0,0,0,0,0,0,0,0,0,0,0,0,0,0,0,0,0,0,0,0,0,0,0,0,0,0,0,0,0,0,0,,66.66666666666666,33.33333333333333,indig_0011,2,33.33333333333333,"MOVIMIENTO ALTERNATIVO INDÍGENA Y SOCIAL ""MAIS""",#E30613,QUEBRADANEGRA,25592,QUEBRADANEGRA,1500,15
1500211,0,0,0,0,0,0,0,0,0,0,0,0,0,0,0,0,0,0,0,0,0,0,0,0,0,0,0,0,0,0,0,0,0,0,0,0,0,0,0,0,0,0,0,0,0,0,0,0,0,0,,,,indig_0011,0,,"MOVIMIENTO ALTERNATIVO INDÍGENA Y SOCIAL ""MAIS""",#E30613,QUETAME,25594,QUETAME,1500,15
1500214,3,3,3,0,0,0,0,0,0,0,0,0,0,0,0,0,0,0,0,0,0,0,0,0,0,0,0,0,0,0,0,0,0,0,0,0,0,0,0,0,0,0,0,0,0,0,0,0,0,0,,100.0,0.0,indig_0011,0,0.0,"MOVIMIENTO ALTERNATIVO INDÍGENA Y SOCIAL ""MAIS""",#E30613,QUIPILE,25596,QUIPILE,1500,15
1500217,43,7,1,13,6,0,0,0,0,0,0,0,0,0,0,3,3,0,0,0,0,0,0,0,0,0,0,0,0,0,0,0,0,0,0,0,0,0,0,0,0,0,0,0,0,0,0,0,0,0,,14.285714285714285,30.23255813953488,indig_0011,6,85.71428571428571,"MOVIMIENTO ALTERNATIVO INDÍGENA Y SOCIAL ""MAIS""",#E30613,APULO,25599,APULO,1500,15
1500218,38,27,22,9,4,0,0,0,0,0,1,0,0,0,0,3,1,0,0,0,0,0,0,0,0,0,0,0,0,0,0,0,0,0,0,0,0,0,1,0,0,0,0,0,0,0,0,0,0,0,,81.48148148148148,23.684210526315788,indig_0011,4,14.814814814814813,"MOVIMIENTO ALTERNATIVO INDÍGENA Y SOCIAL ""MAIS""",#E30613,RICAURTE,25612,RICAURTE,1500,15
1500220,35,10,9,14,0,0,0,0,0,1,0,0,0,0,0,0,0,0,0,0,0,0,0,0,0,0,0,0,0,0,0,0,1,0,0,0,0,0,0,0,0,0,0,0,0,0,0,0,0,0,,90.0,40.0,indig_0252,1,10.0,TRIETNICO GOBERNATIVO TRIGO,#FDC418,SAN ANTONIO DEL TEQUENDAMA,25645,SAN ANTONIO DEL TEQUENDAMA,1500,15
1500223,27,11,5,8,6,0,0,0,0,0,0,0,0,0,0,6,0,0,0,0,0,0,0,0,0,0,0,0,0,0,0,0,0,0,0,0,0,0,0,0,0,0,0,0,0,0,0,0,0,0,,45.45454545454545,29.629629629629626,indig_0011,6,54.54545454545454,"MOVIMIENTO ALTERNATIVO INDÍGENA Y SOCIAL ""MAIS""",#E30613,SAN BERNARDO,25649,SAN BERNARDO,1500,15
1500226,14,2,2,3,0,0,0,0,0,0,0,0,0,0,0,0,0,0,0,0,0,0,0,0,0,0,0,0,0,0,0,0,0,0,0,0,0,0,0,0,0,0,0,0,0,0,0,0,0,0,,100.0,21.428571428571427,indig_0011,0,0.0,"MOVIMIENTO ALTERNATIVO INDÍGENA Y SOCIAL ""MAIS""",#E30613,SAN CAYETANO,25653,SAN CAYETANO,1500,15
1500229,12,10,9,2,1,0,0,0,0,0,0,0,0,0,0,1,0,0,0,0,0,0,0,0,0,0,0,0,0,0,0,0,0,0,0,0,0,0,0,0,0,0,0,0,0,0,0,0,0,0,,90.0,16.666666666666664,indig_0011,1,10.0,"MOVIMIENTO ALTERNATIVO INDÍGENA Y SOCIAL ""MAIS""",#E30613,SAN FRANCISCO,25658,SAN FRANCISCO,1500,15
1500232,10,5,4,4,1,0,0,0,0,0,0,0,0,0,0,0,0,1,0,0,0,0,0,0,0,0,0,0,0,0,0,0,0,0,0,0,0,0,0,0,0,0,0,0,0,0,0,0,0,0,,80.0,40.0,indig_0011,1,20.0,"MOVIMIENTO ALTERNATIVO INDÍGENA Y SOCIAL ""MAIS""",#E30613,SAN JUAN DE RIOSECO,25662,SAN JUAN DE RIOSECO,1500,15
1500235,15,12,7,2,5,0,0,0,0,0,0,0,0,0,1,4,0,0,0,0,0,0,0,0,0,0,0,0,0,0,0,0,0,0,0,0,0,0,0,0,0,0,0,0,0,0,0,0,0,0,,58.333333333333336,13.333333333333334,indig_0011,5,41.66666666666667,"MOVIMIENTO ALTERNATIVO INDÍGENA Y SOCIAL ""MAIS""",#E30613,SASAIMA,25718,SASAIMA,1500,15
1500238,66,40,18,10,7,12,1,2,0,0,0,0,0,0,4,3,0,0,1,9,2,0,1,0,0,0,1,1,0,0,0,0,0,0,0,0,0,0,0,0,0,0,0,0,0,0,0,0,0,0,,45.0,15.151515151515152,indig_0285,12,30.0,ASOCIACIÓN DE AUTORIDADES TRADICIONALES INDÍGENAS,#811EC5,SESQUILE,25736,SESQUILÉ,1500,15
1500239,40,30,19,6,3,1,1,1,0,0,1,2,1,1,1,1,1,0,1,0,0,0,1,0,0,0,0,1,0,0,0,0,0,0,0,0,0,0,0,1,2,0,1,0,0,1,0,0,0,0,,63.33333333333333,15.0,indig_0011,3,10.0,"MOVIMIENTO ALTERNATIVO INDÍGENA Y SOCIAL ""MAIS""",#E30613,SIBATE,25740,SIBATÉ,1500,15
1500241,61,32,21,13,6,1,2,2,0,0,0,0,0,0,1,3,1,1,0,0,1,0,2,0,0,0,0,2,0,0,0,0,0,0,0,0,0,0,0,0,0,0,0,0,0,0,0,0,0,0,,65.625,21.311475409836063,indig_0011,6,18.75,"MOVIMIENTO ALTERNATIVO INDÍGENA Y SOCIAL ""MAIS""",#E30613,SILVANIA,25743,SILVANIA,1500,15
1500244,18,14,10,0,1,3,0,0,0,0,0,0,0,0,0,1,0,0,0,3,0,0,0,0,0,0,0,0,0,0,0,0,0,0,0,0,0,0,0,0,0,0,0,0,0,0,0,0,0,0,,71.42857142857143,0.0,indig_0285,3,21.428571428571427,ASOCIACIÓN DE AUTORIDADES TRADICIONALES INDÍGENAS,#811EC5,SIMIJACA,25745,SIMIJACA,1500,15
1500247,2816,1939,1146,561,315,89,37,126,53,19,70,9,40,35,72,153,51,39,30,26,25,8,37,0,0,0,19,76,19,12,53,0,19,0,0,0,24,18,21,7,9,0,22,13,5,35,0,0,0,0,,59.102630221763796,19.921875,indig_0011,315,16.24548736462094,"MOVIMIENTO ALTERNATIVO INDÍGENA Y SOCIAL ""MAIS""",#E30613,SOACHA,25754,SOACHA,1500,15
1500250,77,54,36,16,6,2,0,7,0,0,1,0,0,2,1,5,0,0,0,2,0,0,0,0,0,0,1,1,3,2,0,0,0,0,0,0,0,0,1,0,0,0,0,0,0,2,0,0,0,0,,66.66666666666666,20.77922077922078,indig_0006,7,12.962962962962962,"MOVIMIENTO AUTORIDADES INDÍGENAS DE COLOMBIA ""AICO""",#C05B16,SOPO,25758,SOPÓ,1500,15
1500256,107,53,49,24,0,2,0,0,1,0,0,0,0,1,0,0,0,0,0,2,0,0,0,0,0,0,0,0,0,0,1,0,0,0,0,0,0,0,0,0,0,0,0,0,0,1,0,0,0,0,,92.45283018867924,22.429906542056074,indig_0285,2,3.7735849056603774,ASOCIACIÓN DE AUTORIDADES TRADICIONALES INDÍGENAS,#811EC5,SUBACHOQUE,25769,SUBACHOQUE,1500,15
1500259,53,39,32,9,0,0,2,2,0,0,2,0,0,1,0,0,0,0,0,0,0,0,2,0,0,0,1,1,0,0,0,0,0,0,0,0,1,1,0,0,0,0,0,0,0,1,0,0,0,0,,82.05128205128204,16.9811320754717,indig_0234,2,5.128205128205128,ASOCIACIÓN DE CABILDOS INDÍGENAS POR COLOMBIA,#0B5C59,SUESCA,25772,SUESCA,1500,15
1500262,1,1,0,0,0,0,0,1,0,0,0,0,0,0,0,0,0,0,0,0,0,0,0,0,0,0,0,1,0,0,0,0,0,0,0,0,0,0,0,0,0,0,0,0,0,0,0,0,0,0,,0.0,0.0,indig_0006,1,100.0,"MOVIMIENTO AUTORIDADES INDÍGENAS DE COLOMBIA ""AICO""",#C05B16,SUPATA,25777,SUPATÁ,1500,15
1500265,1,1,0,0,0,1,0,0,0,0,0,0,0,0,0,0,0,0,0,1,0,0,0,0,0,0,0,0,0,0,0,0,0,0,0,0,0,0,0,0,0,0,0,0,0,0,0,0,0,0,,0.0,0.0,indig_0285,1,100.0,ASOCIACIÓN DE AUTORIDADES TRADICIONALES INDÍGENAS,#811EC5,SUSA,25779,SUSA,1500,15
1500268,1,1,0,0,0,0,0,0,0,0,1,0,0,0,0,0,0,0,0,0,0,0,0,0,0,0,0,0,0,0,0,0,0,0,0,0,0,1,0,0,0,0,0,0,0,0,0,0,0,0,,0.0,0.0,indig_0188,1,100.0,MOVIMIENTO UNIDAD EN MINGA POR COLOMBIA,#DA5403,SUTATAUSA,25781,SUTATAUSA,1500,15
1500271,104,90,34,11,36,6,0,4,3,0,2,2,1,2,14,17,2,3,2,4,0,0,0,0,0,0,1,2,1,0,3,0,0,0,0,0,2,0,0,0,2,0,0,1,0,2,0,0,0,0,,37.77777777777778,10.576923076923077,indig_0011,36,40.0,"MOVIMIENTO ALTERNATIVO INDÍGENA Y SOCIAL ""MAIS""",#E30613,TABIO,25785,TABIO,1500,15
1500274,5,5,0,0,4,1,0,0,0,0,0,0,0,0,0,4,0,0,0,1,0,0,0,0,0,0,0,0,0,0,0,0,0,0,0,0,0,0,0,0,0,0,0,0,0,0,0,0,0,0,,0.0,0.0,indig_0011,4,80.0,"MOVIMIENTO ALTERNATIVO INDÍGENA Y SOCIAL ""MAIS""",#E30613,TAUSA,25793,TAUSA,1500,15
1500277,11,2,2,3,0,0,0,0,0,0,0,0,0,0,0,0,0,0,0,0,0,0,0,0,0,0,0,0,0,0,0,0,0,0,0,0,0,0,0,0,0,0,0,0,0,0,0,0,0,0,,100.0,27.27272727272727,indig_0011,0,0.0,"MOVIMIENTO ALTERNATIVO INDÍGENA Y SOCIAL ""MAIS""",#E30613,TENA,25797,TENA,1500,15
1500280,147,85,50,43,13,5,0,7,1,2,5,0,2,0,5,5,2,1,0,4,1,0,0,0,0,0,0,1,2,4,1,0,2,0,0,0,0,2,1,2,0,0,1,1,0,0,0,0,0,0,,58.82352941176471,29.25170068027211,indig_0011,13,15.294117647058824,"MOVIMIENTO ALTERNATIVO INDÍGENA Y SOCIAL ""MAIS""",#E30613,TENJO,25799,TENJO,1500,15
1500283,4,3,2,0,0,1,0,0,0,0,0,0,0,0,0,0,0,0,0,1,0,0,0,0,0,0,0,0,0,0,0,0,0,0,0,0,0,0,0,0,0,0,0,0,0,0,0,0,0,0,,66.66666666666666,0.0,indig_0285,1,33.33333333333333,ASOCIACIÓN DE AUTORIDADES TRADICIONALES INDÍGENAS,#811EC5,TIBACUY,25805,TIBACUY,1500,15
1500286,1,1,1,0,0,0,0,0,0,0,0,0,0,0,0,0,0,0,0,0,0,0,0,0,0,0,0,0,0,0,0,0,0,0,0,0,0,0,0,0,0,0,0,0,0,0,0,0,0,0,,100.0,0.0,indig_0011,0,0.0,"MOVIMIENTO ALTERNATIVO INDÍGENA Y SOCIAL ""MAIS""",#E30613,TIBIRITA,25807,TIBIRITA,1500,15
1500289,10,7,2,1,2,0,0,2,0,0,0,1,0,0,0,2,0,0,0,0,0,0,0,0,0,0,0,0,0,2,0,0,0,0,0,0,0,0,0,0,1,0,0,0,0,0,0,0,0,0,,28.57142857142857,10.0,indig_0011,2,28.57142857142857,"MOVIMIENTO ALTERNATIVO INDÍGENA Y SOCIAL ""MAIS""",#E30613,TOCAIMA,25815,TOCAIMA,1500,15
1500292,420,273,130,104,112,10,2,4,3,1,6,1,0,4,15,91,5,1,2,6,2,0,2,0,0,0,2,2,0,0,3,0,1,0,0,0,2,2,2,0,1,0,0,0,0,4,0,0,0,0,,47.61904761904761,24.761904761904763,indig_0011,112,41.02564102564102,"MOVIMIENTO ALTERNATIVO INDÍGENA Y SOCIAL ""MAIS""",#E30613,TOCANCIPA,25817,TOCANCIPÁ,1500,15
1500295,27,4,3,7,1,0,0,0,0,0,0,0,0,0,0,1,0,0,0,0,0,0,0,0,0,0,0,0,0,0,0,0,0,0,0,0,0,0,0,0,0,0,0,0,0,0,0,0,0,0,,75.0,25.925925925925924,indig_0011,1,25.0,"MOVIMIENTO ALTERNATIVO INDÍGENA Y SOCIAL ""MAIS""",#E30613,TOPAIPI,25823,TOPAIPÍ,1500,15
1500298,36,11,10,12,1,0,0,0,0,0,0,0,0,0,0,1,0,0,0,0,0,0,0,0,0,0,0,0,0,0,0,0,0,0,0,0,0,0,0,0,0,0,0,0,0,0,0,0,0,0,,90.9090909090909,33.33333333333333,indig_0011,1,9.090909090909092,"MOVIMIENTO ALTERNATIVO INDÍGENA Y SOCIAL ""MAIS""",#E30613,UBALA,25839,UBALÁ,1500,15
1500301,16,16,4,0,1,2,0,8,0,0,0,0,0,1,0,0,0,1,0,1,0,1,0,0,0,0,1,0,0,7,0,0,0,0,0,0,0,0,0,0,0,0,0,0,0,1,0,0,0,0,,25.0,0.0,indig_0006,8,50.0,"MOVIMIENTO AUTORIDADES INDÍGENAS DE COLOMBIA ""AICO""",#C05B16,UBAQUE,25841,UBAQUE,1500,15
1500304,222,197,26,20,135,15,0,14,6,0,0,0,0,1,8,120,5,2,0,13,2,0,0,0,0,0,0,11,2,1,6,0,0,0,0,0,0,0,0,0,0,0,0,0,0,1,0,0,0,0,,13.19796954314721,9.00900900900901,indig_0011,135,68.52791878172589,"MOVIMIENTO ALTERNATIVO INDÍGENA Y SOCIAL ""MAIS""",#E30613,UBATE,25843,VILLA DE SAN DIEGO DE UBATÉ,1500,15
1500307,3,3,1,0,0,1,0,0,0,0,1,0,0,0,0,0,0,0,0,1,0,0,0,0,0,0,0,0,0,0,0,0,0,0,0,0,1,0,0,0,0,0,0,0,0,0,0,0,0,0,,33.33333333333333,0.0,indig_0285,1,33.33333333333333,ASOCIACIÓN DE AUTORIDADES TRADICIONALES INDÍGENAS,#811EC5,UNE,25845,UNE,1500,15
1500316,3,2,1,0,0,0,0,0,0,0,0,1,0,0,0,0,0,0,0,0,0,0,0,0,0,0,0,0,0,0,0,0,0,0,0,0,0,0,0,0,1,0,0,0,0,0,0,0,0,0,,50.0,0.0,indig_0237,1,50.0,ACMIZSAM,#F2459B,UTICA,25851,ÚTICA,1500,15
1500318,5,3,3,0,0,0,0,0,0,0,0,0,0,0,0,0,0,0,0,0,0,0,0,0,0,0,0,0,0,0,0,0,0,0,0,0,0,0,0,0,0,0,0,0,0,0,0,0,0,0,,100.0,0.0,indig_0011,0,0.0,"MOVIMIENTO ALTERNATIVO INDÍGENA Y SOCIAL ""MAIS""",#E30613,VENECIA,25506,VENECIA,1500,15
1500319,1,1,1,0,0,0,0,0,0,0,0,0,0,0,0,0,0,0,0,0,0,0,0,0,0,0,0,0,0,0,0,0,0,0,0,0,0,0,0,0,0,0,0,0,0,0,0,0,0,0,,100.0,0.0,indig_0011,0,0.0,"MOVIMIENTO ALTERNATIVO INDÍGENA Y SOCIAL ""MAIS""",#E30613,VERGARA,25862,VERGARA,1500,15
1500322,1,1,0,0,0,0,0,0,1,0,0,0,0,0,0,0,0,0,0,0,0,0,0,0,0,0,0,0,0,0,1,0,0,0,0,0,0,0,0,0,0,0,0,0,0,0,0,0,0,0,,0.0,0.0,indig_0306,1,100.0,"ASOCIACIÓN NACIONAL INDÍGENA DE COLOMBIA ""ANIC""",#659A02,VIANI,25867,VIANÍ,1500,15
1500323,0,0,0,0,0,0,0,0,0,0,0,0,0,0,0,0,0,0,0,0,0,0,0,0,0,0,0,0,0,0,0,0,0,0,0,0,0,0,0,0,0,0,0,0,0,0,0,0,0,0,,,,indig_0011,0,,"MOVIMIENTO ALTERNATIVO INDÍGENA Y SOCIAL ""MAIS""",#E30613,VILLAGOMEZ,25871,VILLAGÓMEZ,1500,15
1500325,50,34,11,5,1,19,0,1,1,0,1,0,0,0,1,0,0,0,0,19,0,0,0,0,0,0,0,0,1,0,1,0,0,0,0,0,0,0,1,0,0,0,0,0,0,0,0,0,0,0,,32.35294117647059,10.0,indig_0285,19,55.88235294117647,ASOCIACIÓN DE AUTORIDADES TRADICIONALES INDÍGENAS,#811EC5,VILLAPINZON,25873,VILLAPINZÓN,1500,15
1500328,23,4,3,4,0,1,0,0,0,0,0,0,0,0,0,0,0,0,0,1,0,0,0,0,0,0,0,0,0,0,0,0,0,0,0,0,0,0,0,0,0,0,0,0,0,0,0,0,0,0,,75.0,17.391304347826086,indig_0285,1,25.0,ASOCIACIÓN DE AUTORIDADES TRADICIONALES INDÍGENAS,#811EC5,VILLETA,25875,VILLETA,1500,15
1500331,27,26,3,0,22,0,0,0,0,0,1,0,0,0,3,17,0,2,0,0,0,0,0,0,0,0,0,0,0,0,0,0,0,0,0,0,0,1,0,0,0,0,0,0,0,0,0,0,0,0,,11.538461538461538,0.0,indig_0011,22,84.61538461538461,"MOVIMIENTO ALTERNATIVO INDÍGENA Y SOCIAL ""MAIS""",#E30613,VIOTA,25878,VIOTÁ,1500,15
1500334,29,2,2,14,0,0,0,0,0,0,0,0,0,0,0,0,0,0,0,0,0,0,0,0,0,0,0,0,0,0,0,0,0,0,0,0,0,0,0,0,0,0,0,0,0,0,0,0,0,0,,100.0,48.275862068965516,indig_0011,0,0.0,"MOVIMIENTO ALTERNATIVO INDÍGENA Y SOCIAL ""MAIS""",#E30613,YACOPI,25885,YACOPÍ,1500,15
1500337,8,0,0,0,0,0,0,0,0,0,0,0,0,0,0,0,0,0,0,0,0,0,0,0,0,0,0,0,0,0,0,0,0,0,0,0,0,0,0,0,0,0,0,0,0,0,0,0,0,0,,,0.0,indig_0011,0,,"MOVIMIENTO ALTERNATIVO INDÍGENA Y SOCIAL ""MAIS""",#E30613,ZIPACON,25898,ZIPACÓN,1500,15
1500340,594,416,273,112,76,14,6,28,9,0,7,0,0,3,12,54,6,4,3,8,1,2,6,0,0,0,4,11,1,12,9,0,0,0,0,0,3,2,2,0,0,0,0,0,0,3,0,0,0,0,,65.625,18.855218855218855,indig_0011,76,18.269230769230766,"MOVIMIENTO ALTERNATIVO INDÍGENA Y SOCIAL ""MAIS""",#E30613,ZIPAQUIRA,25899,ZIPAQUIRÁ,1500,15
1600001,20027,14713,8065,3145,2207,1238,540,571,435,247,772,187,222,229,526,989,298,394,304,613,240,81,540,0,0,0,155,212,100,104,435,0,247,0,0,0,206,283,214,69,187,0,93,82,47,229,0,0,0,0,,54.815469312852585,15.703799870175263,indig_0011,2207,15.000339835519608,"MOVIMIENTO ALTERNATIVO INDÍGENA Y SOCIAL ""MAIS""",#E30613,BOGOTA. D.C.,11001,"BOGOTÁ, D.C.",1600,16
1700001,1403,590,277,453,270,8,2,5,1,1,11,0,13,2,64,173,19,14,2,4,1,1,2,0,0,0,1,4,0,0,1,0,1,0,0,0,1,5,4,1,0,0,10,2,1,2,0,0,0,0,,46.94915254237288,32.287954383464005,indig_0011,270,45.76271186440678,"MOVIMIENTO ALTERNATIVO INDÍGENA Y SOCIAL ""MAIS""",#E30613,QUIBDO,27001,QUIBDÓ,1700,17
1700002,30,6,5,14,1,0,0,0,0,0,0,0,0,0,1,0,0,0,0,0,0,0,0,0,0,0,0,0,0,0,0,0,0,0,0,0,0,0,0,0,0,0,0,0,0,0,0,0,0,0,,83.33333333333334,46.666666666666664,indig_0011,1,16.666666666666664,"MOVIMIENTO ALTERNATIVO INDÍGENA Y SOCIAL ""MAIS""",#E30613,ATRATO (YUTO),27050,ATRATO,1700,17
1700004,46,7,2,9,2,0,0,1,0,0,1,0,0,1,0,2,0,0,0,0,0,0,0,0,0,0,0,1,0,0,0,0,0,0,0,0,0,1,0,0,0,0,0,0,0,1,0,0,0,0,,28.57142857142857,19.565217391304348,indig_0011,2,28.57142857142857,"MOVIMIENTO ALTERNATIVO INDÍGENA Y SOCIAL ""MAIS""",#E30613,ACANDI,27006,ACANDÍ,1700,17
1700006,254,209,3,20,204,0,0,2,0,0,0,0,0,0,5,193,1,5,0,0,0,0,0,0,0,0,1,1,0,0,0,0,0,0,0,0,0,0,0,0,0,0,0,0,0,0,0,0,0,0,,1.4354066985645932,7.874015748031496,indig_0011,204,97.60765550239235,"MOVIMIENTO ALTERNATIVO INDÍGENA Y SOCIAL ""MAIS""",#E30613,ALTO BAUDO (PIE DE PATO),27025,ALTO BAUDÓ,1700,17
1700007,310,28,6,6,16,0,6,0,0,0,0,0,0,0,4,8,4,0,0,0,0,0,6,0,0,0,0,0,0,0,0,0,0,0,0,0,0,0,0,0,0,0,0,0,0,0,0,0,0,0,,21.428571428571427,1.935483870967742,indig_0011,16,57.14285714285714,"MOVIMIENTO ALTERNATIVO INDÍGENA Y SOCIAL ""MAIS""",#E30613,BAGADO,27073,BAGADÓ,1700,17
1700008,124,61,11,25,43,3,0,1,0,0,3,0,0,0,2,38,3,0,0,2,1,0,0,0,0,0,0,1,0,0,0,0,0,0,0,0,0,3,0,0,0,0,0,0,0,0,0,0,0,0,,18.0327868852459,20.161290322580644,indig_0011,43,70.49180327868852,"MOVIMIENTO ALTERNATIVO INDÍGENA Y SOCIAL ""MAIS""",#E30613,BAHIA SOLANO (MUTIS),27075,BAHÍA SOLANO,1700,17
1700010,8,4,1,4,2,1,0,0,0,0,0,0,0,0,1,0,0,1,0,1,0,0,0,0,0,0,0,0,0,0,0,0,0,0,0,0,0,0,0,0,0,0,0,0,0,0,0,0,0,0,,25.0,50.0,indig_0011,2,50.0,"MOVIMIENTO ALTERNATIVO INDÍGENA Y SOCIAL ""MAIS""",#E30613,BAJO BAUDO (PIZARRO),27077,BAJO BAUDÓ,1700,17
1700011,28,13,13,15,0,0,0,0,0,0,0,0,0,0,0,0,0,0,0,0,0,0,0,0,0,0,0,0,0,0,0,0,0,0,0,0,0,0,0,0,0,0,0,0,0,0,0,0,0,0,,100.0,53.57142857142857,indig_0011,0,0.0,"MOVIMIENTO ALTERNATIVO INDÍGENA Y SOCIAL ""MAIS""",#E30613,BOJAYA (BELLAVISTA),27099,BOJAYÁ,1700,17
1700012,74,25,1,22,24,0,0,0,0,0,0,0,0,0,0,24,0,0,0,0,0,0,0,0,0,0,0,0,0,0,0,0,0,0,0,0,0,0,0,0,0,0,0,0,0,0,0,0,0,0,,4.0,29.72972972972973,indig_0011,24,96.0,"MOVIMIENTO ALTERNATIVO INDÍGENA Y SOCIAL ""MAIS""",#E30613,MEDIO ATRATO (BETE),27425,MEDIO ATRATO,1700,17
1700013,63,8,2,29,3,0,0,1,0,0,2,0,0,0,0,3,0,0,0,0,0,0,0,0,0,0,0,0,0,1,0,0,0,0,0,0,0,2,0,0,0,0,0,0,0,0,0,0,0,0,,25.0,46.03174603174603,indig_0011,3,37.5,"MOVIMIENTO ALTERNATIVO INDÍGENA Y SOCIAL ""MAIS""",#E30613,CONDOTO,27205,CONDOTO,1700,17
1700014,160,84,10,57,74,0,0,0,0,0,0,0,0,0,2,70,2,0,0,0,0,0,0,0,0,0,0,0,0,0,0,0,0,0,0,0,0,0,0,0,0,0,0,0,0,0,0,0,0,0,,11.904761904761903,35.625,indig_0011,74,88.09523809523809,"MOVIMIENTO ALTERNATIVO INDÍGENA Y SOCIAL ""MAIS""",#E30613,CERTEGUI,27160,CÉRTEGUI,1700,17
1700015,253,80,63,64,11,0,1,2,1,0,1,0,1,0,2,5,3,1,0,0,0,0,1,0,0,0,2,0,0,0,1,0,0,0,0,0,1,0,0,0,0,0,0,1,0,0,0,0,0,0,,78.75,25.296442687747035,indig_0011,11,13.750000000000002,"MOVIMIENTO ALTERNATIVO INDÍGENA Y SOCIAL ""MAIS""",#E30613,CARMEN DEL DARIEN,27150,CARMEN DEL DARIÉN,1700,17
1700016,355,183,7,31,170,3,0,1,0,0,2,0,0,0,40,97,29,4,1,2,0,0,0,0,0,0,0,1,0,0,0,0,0,0,0,0,1,1,0,0,0,0,0,0,0,0,0,0,0,0,,3.825136612021858,8.732394366197182,indig_0011,170,92.89617486338798,"MOVIMIENTO ALTERNATIVO INDÍGENA Y SOCIAL ""MAIS""",#E30613,EL CARMEN,27245,EL CARMEN DE ATRATO,1700,17
1700017,61,4,4,24,0,0,0,0,0,0,0,0,0,0,0,0,0,0,0,0,0,0,0,0,0,0,0,0,0,0,0,0,0,0,0,0,0,0,0,0,0,0,0,0,0,0,0,0,0,0,,100.0,39.34426229508197,indig_0011,0,0.0,"MOVIMIENTO ALTERNATIVO INDÍGENA Y SOCIAL ""MAIS""",#E30613,EL CANTON DEL SAN PABLO (MAN.,27135,EL CANTÓN DEL SAN PABLO,1700,17
1700019,302,40,39,94,1,0,0,0,0,0,0,0,0,0,0,0,1,0,0,0,0,0,0,0,0,0,0,0,0,0,0,0,0,0,0,0,0,0,0,0,0,0,0,0,0,0,0,0,0,0,,97.5,31.125827814569533,indig_0011,1,2.5,"MOVIMIENTO ALTERNATIVO INDÍGENA Y SOCIAL ""MAIS""",#E30613,ISTMINA,27361,ISTMINA,1700,17
1700022,11,1,0,10,1,0,0,0,0,0,0,0,0,0,0,1,0,0,0,0,0,0,0,0,0,0,0,0,0,0,0,0,0,0,0,0,0,0,0,0,0,0,0,0,0,0,0,0,0,0,,0.0,90.9090909090909,indig_0011,1,100.0,"MOVIMIENTO ALTERNATIVO INDÍGENA Y SOCIAL ""MAIS""",#E30613,JURADO,27372,JURADÓ,1700,17
1700025,155,54,18,85,31,0,0,0,1,0,0,0,4,0,6,24,1,0,0,0,0,0,0,0,0,0,0,0,0,0,1,0,0,0,0,0,0,0,0,0,0,0,0,2,2,0,0,0,0,0,,33.33333333333333,54.83870967741935,indig_0011,31,57.407407407407405,"MOVIMIENTO ALTERNATIVO INDÍGENA Y SOCIAL ""MAIS""",#E30613,LLORO,27413,LLORÓ,1700,17
1700026,89,82,0,7,82,0,0,0,0,0,0,0,0,0,2,79,1,0,0,0,0,0,0,0,0,0,0,0,0,0,0,0,0,0,0,0,0,0,0,0,0,0,0,0,0,0,0,0,0,0,,0.0,7.865168539325842,indig_0011,82,100.0,"MOVIMIENTO ALTERNATIVO INDÍGENA Y SOCIAL ""MAIS""",#E30613,MEDIO BAUDO (PUERTO MELUK),27430,MEDIO BAUDÓ,1700,17
1700027,280,255,3,7,4,0,0,3,0,0,245,0,0,0,1,3,0,0,0,0,0,0,0,0,0,0,0,0,3,0,0,0,0,0,0,0,0,1,244,0,0,0,0,0,0,0,0,0,0,0,,1.1764705882352942,2.5,indig_0188,245,96.07843137254902,MOVIMIENTO UNIDAD EN MINGA POR COLOMBIA,#DA5403,MEDIO SAN JUAN,27450,MEDIO SAN JUAN,1700,17
1700028,14,4,2,4,2,0,0,0,0,0,0,0,0,0,0,2,0,0,0,0,0,0,0,0,0,0,0,0,0,0,0,0,0,0,0,0,0,0,0,0,0,0,0,0,0,0,0,0,0,0,,50.0,28.57142857142857,indig_0011,2,50.0,"MOVIMIENTO ALTERNATIVO INDÍGENA Y SOCIAL ""MAIS""",#E30613,NOVITA,27491,NÓVITA,1700,17
1700031,159,111,0,25,97,7,0,1,1,0,2,0,3,0,4,67,23,3,1,4,1,1,0,0,0,0,1,0,0,0,1,0,0,0,0,0,0,2,0,0,0,0,1,2,0,0,0,0,0,0,,0.0,15.723270440251572,indig_0011,97,87.38738738738738,"MOVIMIENTO ALTERNATIVO INDÍGENA Y SOCIAL ""MAIS""",#E30613,NUQUI,27495,NUQUÍ,1700,17
1700032,2,0,0,2,0,0,0,0,0,0,0,0,0,0,0,0,0,0,0,0,0,0,0,0,0,0,0,0,0,0,0,0,0,0,0,0,0,0,0,0,0,0,0,0,0,0,0,0,0,0,,,100.0,indig_0011,0,,"MOVIMIENTO ALTERNATIVO INDÍGENA Y SOCIAL ""MAIS""",#E30613,RIO IRO,27580,RÍO IRÓ,1700,17
1700034,358,181,19,93,150,5,0,4,0,0,3,0,0,0,50,83,16,1,1,2,2,0,0,0,0,0,1,1,1,1,0,0,0,0,0,0,1,1,1,0,0,0,0,0,0,0,0,0,0,0,,10.497237569060774,25.977653631284912,indig_0011,150,82.87292817679558,"MOVIMIENTO ALTERNATIVO INDÍGENA Y SOCIAL ""MAIS""",#E30613,RIOSUCIO,27615,RIOSUCIO,1700,17
1700035,126,41,3,61,1,0,0,0,0,0,37,0,0,0,0,0,1,0,0,0,0,0,0,0,0,0,0,0,0,0,0,0,0,0,0,0,1,0,36,0,0,0,0,0,0,0,0,0,0,0,,7.317073170731707,48.41269841269841,indig_0188,37,90.2439024390244,MOVIMIENTO UNIDAD EN MINGA POR COLOMBIA,#DA5403,RIO QUITO (PAIMADO),27600,RÍO QUITO,1700,17
1700037,33,27,2,2,24,0,0,1,0,0,0,0,0,0,0,22,2,0,0,0,0,0,0,0,0,0,0,1,0,0,0,0,0,0,0,0,0,0,0,0,0,0,0,0,0,0,0,0,0,0,,7.4074074074074066,6.0606060606060606,indig_0011,24,88.88888888888889,"MOVIMIENTO ALTERNATIVO INDÍGENA Y SOCIAL ""MAIS""",#E30613,SAN JOSE DEL PALMAR,27660,SAN JOSÉ DEL PALMAR,1700,17
1700038,948,871,13,31,57,12,2,25,3,0,757,0,2,0,15,22,14,6,1,7,3,1,2,0,0,0,5,5,15,0,3,0,0,0,0,0,118,39,599,1,0,0,1,1,0,0,0,0,0,0,,1.4925373134328357,3.2700421940928273,indig_0188,757,86.91159586681975,MOVIMIENTO UNIDAD EN MINGA POR COLOMBIA,#DA5403,EL LITORAL DEL SAN JUAN,27250,EL LITORAL DEL SAN JUAN,1700,17
1700040,26,0,0,15,0,0,0,0,0,0,0,0,0,0,0,0,0,0,0,0,0,0,0,0,0,0,0,0,0,0,0,0,0,0,0,0,0,0,0,0,0,0,0,0,0,0,0,0,0,0,,,57.692307692307686,indig_0011,0,,"MOVIMIENTO ALTERNATIVO INDÍGENA Y SOCIAL ""MAIS""",#E30613,SIPI,27745,SIPÍ,1700,17
1700043,155,12,2,62,4,1,0,0,0,0,5,0,0,0,0,1,3,0,1,0,0,0,0,0,0,0,0,0,0,0,0,0,0,0,0,0,3,1,1,0,0,0,0,0,0,0,0,0,0,0,,16.666666666666664,40.0,indig_0188,5,41.66666666666667,MOVIMIENTO UNIDAD EN MINGA POR COLOMBIA,#DA5403,TADO,27787,TADÓ,1700,17
1700048,221,155,11,24,19,0,0,120,3,0,0,0,2,0,3,11,4,1,0,0,0,0,0,0,0,0,5,3,5,107,3,0,0,0,0,0,0,0,0,0,0,0,1,1,0,0,0,0,0,0,,7.096774193548387,10.85972850678733,indig_0006,120,77.41935483870968,"MOVIMIENTO AUTORIDADES INDÍGENAS DE COLOMBIA ""AICO""",#C05B16,UNGUIA,27800,UNGUÍA,1700,17
1700060,57,27,5,17,18,0,1,0,0,1,0,0,2,0,2,14,2,0,0,0,0,0,1,0,0,0,0,0,0,0,0,0,1,0,0,0,0,0,0,0,0,0,0,1,1,0,0,0,0,0,,18.51851851851852,29.82456140350877,indig_0011,18,66.66666666666666,"MOVIMIENTO ALTERNATIVO INDÍGENA Y SOCIAL ""MAIS""",#E30613,UNION PANAMERICANA (LAS ANIMAS,27810,UNIÓN PANAMERICANA,1700,17
1700082,214,37,20,18,10,4,0,1,0,1,0,0,1,0,2,6,1,1,1,2,0,1,0,0,0,0,0,1,0,0,0,0,1,0,0,0,0,0,0,0,0,0,0,1,0,0,0,0,0,0,,54.054054054054056,8.411214953271028,indig_0011,10,27.027027027027028,"MOVIMIENTO ALTERNATIVO INDÍGENA Y SOCIAL ""MAIS""",#E30613,,,,,
1900001,1036,657,381,215,67,39,9,29,14,1,93,7,9,8,14,31,16,6,11,21,6,1,9,0,0,0,9,9,4,7,14,0,1,0,0,0,8,63,20,2,7,0,1,5,3,8,0,0,0,0,,57.99086757990868,20.752895752895753,indig_0188,93,14.15525114155251,MOVIMIENTO UNIDAD EN MINGA POR COLOMBIA,#DA5403,NEIVA,41001,NEIVA,1900,19
1900004,56,25,12,7,8,0,0,3,0,0,2,0,0,0,3,3,1,1,0,0,0,0,0,0,0,0,0,2,1,0,0,0,0,0,0,0,1,1,0,0,0,0,0,0,0,0,0,0,0,0,,48.0,12.5,indig_0011,8,32.0,"MOVIMIENTO ALTERNATIVO INDÍGENA Y SOCIAL ""MAIS""",#E30613,ACEVEDO,41006,ACEVEDO,1900,19
1900007,5,4,4,1,0,0,0,0,0,0,0,0,0,0,0,0,0,0,0,0,0,0,0,0,0,0,0,0,0,0,0,0,0,0,0,0,0,0,0,0,0,0,0,0,0,0,0,0,0,0,,100.0,20.0,indig_0011,0,0.0,"MOVIMIENTO ALTERNATIVO INDÍGENA Y SOCIAL ""MAIS""",#E30613,AGRADO,41013,AGRADO,1900,19
1900010,8,6,3,2,0,0,0,0,0,0,1,2,0,0,0,0,0,0,0,0,0,0,0,0,0,0,0,0,0,0,0,0,0,0,0,0,0,1,0,0,2,0,0,0,0,0,0,0,0,0,,50.0,25.0,indig_0237,2,33.33333333333333,ACMIZSAM,#F2459B,AIPE,41016,AIPE,1900,19
1900013,113,26,24,40,0,0,0,0,0,0,2,0,0,0,0,0,0,0,0,0,0,0,0,0,0,0,0,0,0,0,0,0,0,0,0,0,0,2,0,0,0,0,0,0,0,0,0,0,0,0,,92.3076923076923,35.39823008849557,indig_0188,2,7.6923076923076925,MOVIMIENTO UNIDAD EN MINGA POR COLOMBIA,#DA5403,ALGECIRAS,41020,ALGECIRAS,1900,19
1900016,9,5,5,2,0,0,0,0,0,0,0,0,0,0,0,0,0,0,0,0,0,0,0,0,0,0,0,0,0,0,0,0,0,0,0,0,0,0,0,0,0,0,0,0,0,0,0,0,0,0,,100.0,22.22222222222222,indig_0011,0,0.0,"MOVIMIENTO ALTERNATIVO INDÍGENA Y SOCIAL ""MAIS""",#E30613,ALTAMIRA,41026,ALTAMIRA,1900,19
1900019,9,8,2,1,1,2,0,2,0,0,0,0,1,0,1,0,0,0,2,0,0,0,0,0,0,0,1,0,0,1,0,0,0,0,0,0,0,0,0,0,0,0,0,1,0,0,0,0,0,0,,25.0,11.11111111111111,indig_0285,2,25.0,ASOCIACIÓN DE AUTORIDADES TRADICIONALES INDÍGENAS,#811EC5,BARAYA,41078,BARAYA,1900,19
1900022,49,35,29,6,2,0,0,0,1,1,2,0,0,0,1,0,0,1,0,0,0,0,0,0,0,0,0,0,0,0,1,0,1,0,0,0,0,0,2,0,0,0,0,0,0,0,0,0,0,0,,82.85714285714286,12.244897959183673,indig_0011,2,5.714285714285714,"MOVIMIENTO ALTERNATIVO INDÍGENA Y SOCIAL ""MAIS""",#E30613,CAMPOALEGRE,41132,CAMPOALEGRE,1900,19
1900025,14,14,4,0,1,0,1,1,0,0,7,0,0,0,1,0,0,0,0,0,0,0,1,0,0,0,0,0,1,0,0,0,0,0,0,0,0,7,0,0,0,0,0,0,0,0,0,0,0,0,,28.57142857142857,0.0,indig_0188,7,50.0,MOVIMIENTO UNIDAD EN MINGA POR COLOMBIA,#DA5403,TESALIA (CARNICERIAS),41797,TESALIA,1900,19
1900028,32,4,4,11,0,0,0,0,0,0,0,0,0,0,0,0,0,0,0,0,0,0,0,0,0,0,0,0,0,0,0,0,0,0,0,0,0,0,0,0,0,0,0,0,0,0,0,0,0,0,,100.0,34.375,indig_0011,0,0.0,"MOVIMIENTO ALTERNATIVO INDÍGENA Y SOCIAL ""MAIS""",#E30613,COLOMBIA,41206,COLOMBIA,1900,19
1900031,9,8,2,1,0,1,2,0,0,0,3,0,0,0,0,0,0,0,1,0,0,0,2,0,0,0,0,0,0,0,0,0,0,0,0,0,1,0,1,1,0,0,0,0,0,0,0,0,0,0,,25.0,11.11111111111111,indig_0188,3,37.5,MOVIMIENTO UNIDAD EN MINGA POR COLOMBIA,#DA5403,ELIAS,41244,ELÍAS,1900,19
1900034,163,48,30,51,6,1,2,3,0,1,2,1,0,2,0,5,1,0,0,0,1,0,2,0,0,0,1,0,2,0,0,0,1,0,0,0,1,1,0,0,1,0,0,0,0,2,0,0,0,0,,62.5,31.28834355828221,indig_0011,6,12.5,"MOVIMIENTO ALTERNATIVO INDÍGENA Y SOCIAL ""MAIS""",#E30613,GARZON,41298,GARZÓN,1900,19
1900037,10,10,4,0,0,2,0,2,0,1,1,0,0,0,0,0,0,0,1,1,0,0,0,0,0,0,1,1,0,0,0,0,1,0,0,0,0,1,0,0,0,0,0,0,0,0,0,0,0,0,,40.0,0.0,indig_0285,2,20.0,ASOCIACIÓN DE AUTORIDADES TRADICIONALES INDÍGENAS,#811EC5,GIGANTE,41306,GIGANTE,1900,19
1900040,26,20,16,4,2,2,0,0,0,0,0,0,0,0,0,2,0,0,0,2,0,0,0,0,0,0,0,0,0,0,0,0,0,0,0,0,0,0,0,0,0,0,0,0,0,0,0,0,0,0,,80.0,15.384615384615385,indig_0011,2,10.0,"MOVIMIENTO ALTERNATIVO INDÍGENA Y SOCIAL ""MAIS""",#E30613,GUADALUPE,41319,GUADALUPE,1900,19
1900043,23,0,0,0,0,0,0,0,0,0,0,0,0,0,0,0,0,0,0,0,0,0,0,0,0,0,0,0,0,0,0,0,0,0,0,0,0,0,0,0,0,0,0,0,0,0,0,0,0,0,,,0.0,indig_0011,0,,"MOVIMIENTO ALTERNATIVO INDÍGENA Y SOCIAL ""MAIS""",#E30613,HOBO,41349,HOBO,1900,19
1900044,143,113,12,11,6,2,0,3,1,1,87,0,0,1,1,5,0,0,0,2,0,0,0,0,0,0,0,2,0,1,1,0,1,0,0,0,0,82,5,0,0,0,0,0,0,1,0,0,0,0,,10.619469026548673,7.6923076923076925,indig_0188,87,76.99115044247787,MOVIMIENTO UNIDAD EN MINGA POR COLOMBIA,#DA5403,ISNOS,41359,ISNOS,1900,19
1900046,619,601,2,15,14,4,0,5,0,0,576,0,0,0,1,12,0,1,0,3,1,0,0,0,0,0,0,4,0,1,0,0,0,0,0,0,18,553,5,0,0,0,0,0,0,0,0,0,0,0,,0.33277870216306155,2.4232633279483036,indig_0188,576,95.84026622296173,MOVIMIENTO UNIDAD EN MINGA POR COLOMBIA,#DA5403,IQUIRA,41357,ÍQUIRA,1900,19
1900047,217,185,14,13,3,3,0,2,0,0,163,0,0,0,2,1,0,0,0,3,0,0,0,0,0,0,0,2,0,0,0,0,0,0,0,0,6,151,4,2,0,0,0,0,0,0,0,0,0,0,,7.567567567567568,5.990783410138248,indig_0188,163,88.10810810810811,MOVIMIENTO UNIDAD EN MINGA POR COLOMBIA,#DA5403,LA ARGENTINA (PLATA VIEJA),41378,LA ARGENTINA,1900,19
1900049,583,484,31,42,14,10,0,10,2,2,413,1,0,1,4,6,4,0,4,6,0,0,0,0,0,0,2,6,1,1,2,0,2,0,0,0,25,361,27,0,1,0,0,0,0,1,0,0,0,0,,6.40495867768595,7.204116638078903,indig_0188,413,85.3305785123967,MOVIMIENTO UNIDAD EN MINGA POR COLOMBIA,#DA5403,LA PLATA,41396,LA PLATA,1900,19
1900050,138,129,6,8,5,3,0,3,0,0,111,0,1,0,0,2,1,2,1,2,0,0,0,0,0,0,0,1,2,0,0,0,0,0,0,0,3,104,4,0,0,0,0,1,0,0,0,0,0,0,,4.651162790697675,5.797101449275362,indig_0188,111,86.04651162790698,MOVIMIENTO UNIDAD EN MINGA POR COLOMBIA,#DA5403,NATAGA,41483,NÁTAGA,1900,19
1900051,21,14,10,5,0,0,0,0,0,0,4,0,0,0,0,0,0,0,0,0,0,0,0,0,0,0,0,0,0,0,0,0,0,0,0,0,0,2,2,0,0,0,0,0,0,0,0,0,0,0,,71.42857142857143,23.809523809523807,indig_0188,4,28.57142857142857,MOVIMIENTO UNIDAD EN MINGA POR COLOMBIA,#DA5403,OPORAPA,41503,OPORAPA,1900,19
1900052,5,5,1,0,1,0,0,0,0,2,1,0,0,0,0,1,0,0,0,0,0,0,0,0,0,0,0,0,0,0,0,0,2,0,0,0,0,1,0,0,0,0,0,0,0,0,0,0,0,0,,20.0,0.0,indig_0252,2,40.0,TRIETNICO GOBERNATIVO TRIGO,#FDC418,PAICOL,41518,PAICOL,1900,19
1900055,81,46,40,21,2,1,1,0,1,0,1,0,0,0,0,0,0,2,0,0,0,1,1,0,0,0,0,0,0,0,1,0,0,0,0,0,0,1,0,0,0,0,0,0,0,0,0,0,0,0,,86.95652173913044,25.925925925925924,indig_0011,2,4.3478260869565215,"MOVIMIENTO ALTERNATIVO INDÍGENA Y SOCIAL ""MAIS""",#E30613,PALERMO,41524,PALERMO,1900,19
1900056,42,27,10,10,1,0,0,11,0,0,5,0,0,0,0,0,1,0,0,0,0,0,0,0,0,0,1,9,1,0,0,0,0,0,0,0,1,2,2,0,0,0,0,0,0,0,0,0,0,0,,37.03703703703704,23.809523809523807,indig_0006,11,40.74074074074074,"MOVIMIENTO AUTORIDADES INDÍGENAS DE COLOMBIA ""AICO""",#C05B16,PALESTINA,41530,PALESTINA,1900,19
1900058,76,42,11,18,1,0,0,0,0,0,30,0,0,0,1,0,0,0,0,0,0,0,0,0,0,0,0,0,0,0,0,0,0,0,0,0,3,26,1,0,0,0,0,0,0,0,0,0,0,0,,26.190476190476193,23.684210526315788,indig_0188,30,71.42857142857143,MOVIMIENTO UNIDAD EN MINGA POR COLOMBIA,#DA5403,PITAL,41548,PITAL,1900,19
1900061,399,310,97,38,21,5,6,8,0,0,157,10,6,0,3,10,3,5,1,1,2,1,6,0,0,0,1,3,3,1,0,0,0,0,0,0,11,89,55,2,10,0,2,3,1,0,0,0,0,0,,31.290322580645164,9.523809523809524,indig_0188,157,50.645161290322584,MOVIMIENTO UNIDAD EN MINGA POR COLOMBIA,#DA5403,PITALITO,41551,PITALITO,1900,19
1900064,17,15,9,1,0,0,1,1,0,0,3,0,0,1,0,0,0,0,0,0,0,0,1,0,0,0,1,0,0,0,0,0,0,0,0,0,2,0,1,0,0,0,0,0,0,1,0,0,0,0,,60.0,5.88235294117647,indig_0188,3,20.0,MOVIMIENTO UNIDAD EN MINGA POR COLOMBIA,#DA5403,RIVERA,41615,RIVERA,1900,19
1900067,7,2,1,3,1,0,0,0,0,0,0,0,0,0,1,0,0,0,0,0,0,0,0,0,0,0,0,0,0,0,0,0,0,0,0,0,0,0,0,0,0,0,0,0,0,0,0,0,0,0,,50.0,42.857142857142854,indig_0011,1,50.0,"MOVIMIENTO ALTERNATIVO INDÍGENA Y SOCIAL ""MAIS""",#E30613,SALADOBLANCO,41660,SALADOBLANCO,1900,19
1900070,266,154,41,38,3,5,2,2,0,0,100,0,0,1,0,0,3,0,1,4,0,0,2,0,0,0,0,2,0,0,0,0,0,0,0,0,17,55,20,8,0,0,0,0,0,1,0,0,0,0,,26.623376623376622,14.285714285714285,indig_0188,100,64.93506493506493,MOVIMIENTO UNIDAD EN MINGA POR COLOMBIA,#DA5403,SAN AGUSTIN,41668,SAN AGUSTÍN,1900,19
1900074,97,17,11,26,2,0,0,0,1,0,2,0,1,0,0,1,0,1,0,0,0,0,0,0,0,0,0,0,0,0,1,0,0,0,0,0,0,0,2,0,0,0,1,0,0,0,0,0,0,0,,64.70588235294117,26.804123711340207,indig_0011,2,11.76470588235294,"MOVIMIENTO ALTERNATIVO INDÍGENA Y SOCIAL ""MAIS""",#E30613,SANTA MARIA,41676,SANTA MARÍA,1900,19
1900076,28,23,4,2,1,1,0,1,0,0,16,0,0,0,0,0,0,1,1,0,0,0,0,0,0,0,0,1,0,0,0,0,0,0,0,0,1,12,3,0,0,0,0,0,0,0,0,0,0,0,,17.391304347826086,7.142857142857142,indig_0188,16,69.56521739130434,MOVIMIENTO UNIDAD EN MINGA POR COLOMBIA,#DA5403,SUAZA,41770,SUAZA,1900,19
1900079,15,7,4,5,0,0,0,3,0,0,0,0,0,0,0,0,0,0,0,0,0,0,0,0,0,0,0,3,0,0,0,0,0,0,0,0,0,0,0,0,0,0,0,0,0,0,0,0,0,0,,57.14285714285714,33.33333333333333,indig_0006,3,42.857142857142854,"MOVIMIENTO AUTORIDADES INDÍGENAS DE COLOMBIA ""AICO""",#C05B16,TARQUI,41791,TARQUI,1900,19
1900082,70,54,41,9,0,1,0,0,1,0,11,0,0,0,0,0,0,0,1,0,0,0,0,0,0,0,0,0,0,0,1,0,0,0,0,0,1,0,10,0,0,0,0,0,0,0,0,0,0,0,,75.92592592592592,12.857142857142856,indig_0188,11,20.37037037037037,MOVIMIENTO UNIDAD EN MINGA POR COLOMBIA,#DA5403,TELLO,41799,TELLO,1900,19
1900085,25,9,9,6,0,0,0,0,0,0,0,0,0,0,0,0,0,0,0,0,0,0,0,0,0,0,0,0,0,0,0,0,0,0,0,0,0,0,0,0,0,0,0,0,0,0,0,0,0,0,,100.0,24.0,indig_0011,0,0.0,"MOVIMIENTO ALTERNATIVO INDÍGENA Y SOCIAL ""MAIS""",#E30613,TERUEL,41801,TERUEL,1900,19
1900088,68,41,22,14,0,1,0,1,0,0,16,0,1,0,0,0,0,0,1,0,0,0,0,0,0,0,0,1,0,0,0,0,0,0,0,0,0,3,13,0,0,0,0,0,1,0,0,0,0,0,,53.65853658536586,20.588235294117645,indig_0188,16,39.02439024390244,MOVIMIENTO UNIDAD EN MINGA POR COLOMBIA,#DA5403,TIMANA,41807,TIMANÁ,1900,19
1900091,29,19,6,7,0,2,0,1,0,0,9,0,1,0,0,0,0,0,2,0,0,0,0,0,0,0,0,1,0,0,0,0,0,0,0,0,2,7,0,0,0,0,0,1,0,0,0,0,0,0,,31.57894736842105,24.137931034482758,indig_0188,9,47.368421052631575,MOVIMIENTO UNIDAD EN MINGA POR COLOMBIA,#DA5403,VILLAVIEJA,41872,VILLAVIEJA,1900,19
1900094,30,11,11,9,0,0,0,0,0,0,0,0,0,0,0,0,0,0,0,0,0,0,0,0,0,0,0,0,0,0,0,0,0,0,0,0,0,0,0,0,0,0,0,0,0,0,0,0,0,0,,100.0,30.0,indig_0011,0,0.0,"MOVIMIENTO ALTERNATIVO INDÍGENA Y SOCIAL ""MAIS""",#E30613,YAGUARA,41885,YAGUARÁ,1900,19
2100001,3316,2263,622,636,863,70,47,493,40,14,54,6,39,15,107,674,50,32,17,23,7,23,47,0,0,0,35,33,9,416,40,0,14,0,0,0,10,27,7,10,6,0,20,16,3,15,0,0,0,0,,27.485638532920902,19.179734620024124,indig_0011,863,38.13521873619089,"MOVIMIENTO ALTERNATIVO INDÍGENA Y SOCIAL ""MAIS""",#E30613,SANTA MARTA,47001,SANTA MARTA,2100,21
2100008,103,84,7,5,67,0,1,7,1,0,1,0,0,0,8,54,4,1,0,0,0,0,1,0,0,0,0,0,0,7,1,0,0,0,0,0,0,1,0,0,0,0,0,0,0,0,0,0,0,0,,8.333333333333332,4.854368932038835,indig_0011,67,79.76190476190477,"MOVIMIENTO ALTERNATIVO INDÍGENA Y SOCIAL ""MAIS""",#E30613,ALGARROBO,47030,ALGARROBO,2100,21
2100010,161,96,12,35,17,2,0,54,1,1,8,0,0,1,3,12,0,2,0,2,0,0,0,0,0,0,10,8,2,34,1,0,1,0,0,0,3,2,0,3,0,0,0,0,0,1,0,0,0,0,,12.5,21.73913043478261,indig_0006,54,56.25,"MOVIMIENTO AUTORIDADES INDÍGENAS DE COLOMBIA ""AICO""",#C05B16,ARACATACA,47053,ARACATACA,2100,21
2100012,100,24,22,53,2,0,0,0,0,0,0,0,0,0,0,1,1,0,0,0,0,0,0,0,0,0,0,0,0,0,0,0,0,0,0,0,0,0,0,0,0,0,0,0,0,0,0,0,0,0,,91.66666666666666,53.0,indig_0011,2,8.333333333333332,"MOVIMIENTO ALTERNATIVO INDÍGENA Y SOCIAL ""MAIS""",#E30613,ARIGUANI (EL DIFICIL),47058,ARIGUANÍ,2100,21
2100013,46,7,2,20,0,0,0,3,2,0,0,0,0,0,0,0,0,0,0,0,0,0,0,0,0,0,0,0,0,3,2,0,0,0,0,0,0,0,0,0,0,0,0,0,0,0,0,0,0,0,,28.57142857142857,43.47826086956522,indig_0006,3,42.857142857142854,"MOVIMIENTO AUTORIDADES INDÍGENAS DE COLOMBIA ""AICO""",#C05B16,CERRO DE SAN ANTONIO,47161,CERRO DE SAN ANTONIO,2100,21
2100015,91,1,1,61,0,0,0,0,0,0,0,0,0,0,0,0,0,0,0,0,0,0,0,0,0,0,0,0,0,0,0,0,0,0,0,0,0,0,0,0,0,0,0,0,0,0,0,0,0,0,,100.0,67.03296703296702,indig_0011,0,0.0,"MOVIMIENTO ALTERNATIVO INDÍGENA Y SOCIAL ""MAIS""",#E30613,CHIVOLO,47170,CHIVOLO,2100,21
2100016,1147,791,185,173,502,10,39,40,4,1,6,1,1,2,47,423,27,5,3,2,1,4,39,0,0,0,5,8,1,26,4,0,1,0,0,0,0,4,0,2,1,0,1,0,0,2,0,0,0,0,,23.38811630847029,15.082824760244115,indig_0011,502,63.46396965865993,"MOVIMIENTO ALTERNATIVO INDÍGENA Y SOCIAL ""MAIS""",#E30613,CIENAGA,47189,CIÉNAGA,2100,21
2100020,58,4,2,39,0,0,0,2,0,0,0,0,0,0,0,0,0,0,0,0,0,0,0,0,0,0,0,1,0,1,0,0,0,0,0,0,0,0,0,0,0,0,0,0,0,0,0,0,0,0,,50.0,67.24137931034483,indig_0006,2,50.0,"MOVIMIENTO AUTORIDADES INDÍGENAS DE COLOMBIA ""AICO""",#C05B16,CONCORDIA,47205,CONCORDIA,2100,21
2100025,132,28,5,72,11,1,6,0,3,0,0,1,1,0,1,10,0,0,1,0,0,0,6,0,0,0,0,0,0,0,3,0,0,0,0,0,0,0,0,0,1,0,1,0,0,0,0,0,0,0,,17.857142857142858,54.54545454545454,indig_0011,11,39.285714285714285,"MOVIMIENTO ALTERNATIVO INDÍGENA Y SOCIAL ""MAIS""",#E30613,EL BANCO,47245,EL BANCO,2100,21
2100028,68,36,1,14,33,0,0,1,0,1,0,0,0,0,1,30,1,1,0,0,0,0,0,0,0,0,0,1,0,0,0,0,1,0,0,0,0,0,0,0,0,0,0,0,0,0,0,0,0,0,,2.7777777777777777,20.588235294117645,indig_0011,33,91.66666666666666,"MOVIMIENTO ALTERNATIVO INDÍGENA Y SOCIAL ""MAIS""",#E30613,EL PIÑON,47258,EL PIÑÓN,2100,21
2100030,167,77,8,41,17,4,1,47,0,0,0,0,0,0,5,10,0,2,3,0,0,1,1,0,0,0,5,1,1,40,0,0,0,0,0,0,0,0,0,0,0,0,0,0,0,0,0,0,0,0,,10.38961038961039,24.550898203592812,indig_0006,47,61.038961038961034,"MOVIMIENTO AUTORIDADES INDÍGENAS DE COLOMBIA ""AICO""",#C05B16,EL RETEN,47268,EL RETÉN,2100,21
2100031,650,424,66,118,253,4,1,88,2,0,7,1,0,2,21,218,4,10,0,4,0,0,1,0,0,0,7,3,2,76,2,0,0,0,0,0,2,1,2,2,1,0,0,0,0,2,0,0,0,0,,15.566037735849056,18.153846153846153,indig_0011,253,59.66981132075472,"MOVIMIENTO ALTERNATIVO INDÍGENA Y SOCIAL ""MAIS""",#E30613,FUNDACION,47288,FUNDACIÓN,2100,21
2100040,64,11,5,29,4,0,1,0,0,0,1,0,0,0,0,4,0,0,0,0,0,0,1,0,0,0,0,0,0,0,0,0,0,0,0,0,0,1,0,0,0,0,0,0,0,0,0,0,0,0,,45.45454545454545,45.3125,indig_0011,4,36.36363636363637,"MOVIMIENTO ALTERNATIVO INDÍGENA Y SOCIAL ""MAIS""",#E30613,GUAMAL,47318,GUAMAL,2100,21
2100042,64,24,5,20,12,1,1,5,0,0,0,0,0,0,3,9,0,0,0,0,0,1,1,0,0,0,0,0,0,5,0,0,0,0,0,0,0,0,0,0,0,0,0,0,0,0,0,0,0,0,,20.833333333333336,31.25,indig_0011,12,50.0,"MOVIMIENTO ALTERNATIVO INDÍGENA Y SOCIAL ""MAIS""",#E30613,NUEVA GRANADA,47460,NUEVA GRANADA,2100,21
2100046,66,1,1,26,0,0,0,0,0,0,0,0,0,0,0,0,0,0,0,0,0,0,0,0,0,0,0,0,0,0,0,0,0,0,0,0,0,0,0,0,0,0,0,0,0,0,0,0,0,0,,100.0,39.39393939393939,indig_0011,0,0.0,"MOVIMIENTO ALTERNATIVO INDÍGENA Y SOCIAL ""MAIS""",#E30613,PEDRAZA,47541,PEDRAZA,2100,21
2100048,19,1,0,7,0,1,0,0,0,0,0,0,0,0,0,0,0,0,0,1,0,0,0,0,0,0,0,0,0,0,0,0,0,0,0,0,0,0,0,0,0,0,0,0,0,0,0,0,0,0,,0.0,36.84210526315789,indig_0285,1,100.0,ASOCIACIÓN DE AUTORIDADES TRADICIONALES INDÍGENAS,#811EC5,PIJIÑO DEL CARMEN,47545,PIJIÑO DEL CARMEN,2100,21
2100049,97,13,6,67,6,1,0,0,0,0,0,0,0,0,1,4,1,0,1,0,0,0,0,0,0,0,0,0,0,0,0,0,0,0,0,0,0,0,0,0,0,0,0,0,0,0,0,0,0,0,,46.15384615384615,69.0721649484536,indig_0011,6,46.15384615384615,"MOVIMIENTO ALTERNATIVO INDÍGENA Y SOCIAL ""MAIS""",#E30613,PIVIJAY,47551,PIVIJAY,2100,21
2100052,290,43,40,134,1,1,0,1,0,0,0,0,0,0,0,0,1,0,0,1,0,0,0,0,0,0,0,1,0,0,0,0,0,0,0,0,0,0,0,0,0,0,0,0,0,0,0,0,0,0,,93.02325581395348,46.206896551724135,indig_0011,1,2.3255813953488373,"MOVIMIENTO ALTERNATIVO INDÍGENA Y SOCIAL ""MAIS""",#E30613,PLATO,47555,PLATO,2100,21
2100055,177,66,31,59,34,0,0,0,1,0,0,0,0,0,11,19,4,0,0,0,0,0,0,0,0,0,0,0,0,0,1,0,0,0,0,0,0,0,0,0,0,0,0,0,0,0,0,0,0,0,,46.96969696969697,33.33333333333333,indig_0011,34,51.515151515151516,"MOVIMIENTO ALTERNATIVO INDÍGENA Y SOCIAL ""MAIS""",#E30613,PUEBLOVIEJO,47570,PUEBLOVIEJO,2100,21
2100058,40,16,16,24,0,0,0,0,0,0,0,0,0,0,0,0,0,0,0,0,0,0,0,0,0,0,0,0,0,0,0,0,0,0,0,0,0,0,0,0,0,0,0,0,0,0,0,0,0,0,,100.0,60.0,indig_0011,0,0.0,"MOVIMIENTO ALTERNATIVO INDÍGENA Y SOCIAL ""MAIS""",#E30613,REMOLINO,47605,REMOLINO,2100,21
2100060,31,25,2,3,21,0,0,0,0,0,1,0,1,0,0,15,6,0,0,0,0,0,0,0,0,0,0,0,0,0,0,0,0,0,0,0,0,1,0,0,0,0,1,0,0,0,0,0,0,0,,8.0,9.67741935483871,indig_0011,21,84.0,"MOVIMIENTO ALTERNATIVO INDÍGENA Y SOCIAL ""MAIS""",#E30613,SABANAS DE SAN ANGEL,47660,SABANAS DE SAN ÁNGEL,2100,21
2100067,2,2,0,0,0,0,0,2,0,0,0,0,0,0,0,0,0,0,0,0,0,0,0,0,0,0,0,0,0,2,0,0,0,0,0,0,0,0,0,0,0,0,0,0,0,0,0,0,0,0,,0.0,0.0,indig_0006,2,100.0,"MOVIMIENTO AUTORIDADES INDÍGENAS DE COLOMBIA ""AICO""",#C05B16,SALAMINA,47675,SALAMINA,2100,21
2100070,60,10,6,30,0,2,0,2,0,0,0,0,0,0,0,0,0,0,0,1,0,1,0,0,0,0,0,0,0,2,0,0,0,0,0,0,0,0,0,0,0,0,0,0,0,0,0,0,0,0,,60.0,50.0,indig_0285,2,20.0,ASOCIACIÓN DE AUTORIDADES TRADICIONALES INDÍGENAS,#811EC5,SAN SEBASTIAN DE BUENAVISTA,47692,SAN SEBASTIÁN DE BUENAVISTA,2100,21
2100073,11,2,1,8,1,0,0,0,0,0,0,0,0,0,0,1,0,0,0,0,0,0,0,0,0,0,0,0,0,0,0,0,0,0,0,0,0,0,0,0,0,0,0,0,0,0,0,0,0,0,,50.0,72.72727272727273,indig_0011,1,50.0,"MOVIMIENTO ALTERNATIVO INDÍGENA Y SOCIAL ""MAIS""",#E30613,SAN ZENON,47703,SAN ZENÓN,2100,21
2100076,82,28,8,43,19,0,0,0,1,0,0,0,0,0,3,12,4,0,0,0,0,0,0,0,0,0,0,0,0,0,1,0,0,0,0,0,0,0,0,0,0,0,0,0,0,0,0,0,0,0,,28.57142857142857,52.4390243902439,indig_0011,19,67.85714285714286,"MOVIMIENTO ALTERNATIVO INDÍGENA Y SOCIAL ""MAIS""",#E30613,SANTA ANA,47707,SANTA ANA,2100,21
2100078,9,1,1,3,0,0,0,0,0,0,0,0,0,0,0,0,0,0,0,0,0,0,0,0,0,0,0,0,0,0,0,0,0,0,0,0,0,0,0,0,0,0,0,0,0,0,0,0,0,0,,100.0,33.33333333333333,indig_0011,0,0.0,"MOVIMIENTO ALTERNATIVO INDÍGENA Y SOCIAL ""MAIS""",#E30613,SANTA BARBARA DE PINTO,47720,SANTA BÁRBARA DE PINTO,2100,21
2100079,366,91,24,154,2,1,2,37,1,0,21,2,1,0,0,2,0,0,1,0,0,0,2,0,0,0,12,0,0,25,1,0,0,0,0,0,10,0,1,10,2,0,1,0,0,0,0,0,0,0,,26.373626373626376,42.07650273224044,indig_0006,37,40.65934065934066,"MOVIMIENTO AUTORIDADES INDÍGENAS DE COLOMBIA ""AICO""",#C05B16,SITIONUEVO,47745,SITIONUEVO,2100,21
2100085,51,6,1,31,3,1,0,1,0,0,0,0,0,0,0,3,0,0,0,0,0,1,0,0,0,0,0,0,0,1,0,0,0,0,0,0,0,0,0,0,0,0,0,0,0,0,0,0,0,0,,16.666666666666664,60.78431372549019,indig_0011,3,50.0,"MOVIMIENTO ALTERNATIVO INDÍGENA Y SOCIAL ""MAIS""",#E30613,TENERIFE,47798,TENERIFE,2100,21
2100090,88,10,10,42,0,0,0,0,0,0,0,0,0,0,0,0,0,0,0,0,0,0,0,0,0,0,0,0,0,0,0,0,0,0,0,0,0,0,0,0,0,0,0,0,0,0,0,0,0,0,,100.0,47.72727272727273,indig_0011,0,0.0,"MOVIMIENTO ALTERNATIVO INDÍGENA Y SOCIAL ""MAIS""",#E30613,ZAPAYAN,47960,ZAPAYÁN,2100,21
2100095,1043,660,104,190,494,11,0,27,10,0,8,2,4,0,77,375,33,9,2,3,2,4,0,0,0,0,5,4,2,16,10,0,0,0,0,0,2,5,1,0,2,0,4,0,0,0,0,0,0,0,,15.757575757575756,18.21668264621285,indig_0011,494,74.84848484848486,"MOVIMIENTO ALTERNATIVO INDÍGENA Y SOCIAL ""MAIS""",#E30613,ZONA BANANERA (SEVILLA),47980,ZONA BANANERA,2100,21
2300001,6399,5848,559,288,285,668,13,4078,11,7,177,13,22,15,45,194,28,18,74,542,31,21,13,0,0,0,270,3555,175,78,11,0,7,0,0,0,17,82,71,7,13,0,12,9,1,15,0,0,0,0,,9.558823529411764,4.50070323488045,indig_0006,4078,69.73324213406292,"MOVIMIENTO AUTORIDADES INDÍGENAS DE COLOMBIA ""AICO""",#C05B16,PASTO,52001,PASTO,2300,23
2300004,121,99,12,13,0,6,0,79,0,0,2,0,0,0,0,0,0,0,0,6,0,0,0,0,0,0,8,70,1,0,0,0,0,0,0,0,0,2,0,0,0,0,0,0,0,0,0,0,0,0,,12.121212121212121,10.743801652892563,indig_0006,79,79.7979797979798,"MOVIMIENTO AUTORIDADES INDÍGENAS DE COLOMBIA ""AICO""",#C05B16,ALBAN (SAN JOSE),52019,ALBÁN,2300,23
2300007,1973,1799,97,83,67,160,1,1425,3,0,30,1,12,3,12,47,6,2,16,133,10,1,1,0,0,0,107,1210,81,27,3,0,0,0,0,0,1,27,2,0,1,0,6,3,3,3,0,0,0,0,,5.391884380211229,4.206791687785099,indig_0006,1425,79.2106725958866,"MOVIMIENTO AUTORIDADES INDÍGENAS DE COLOMBIA ""AICO""",#C05B16,ALDANA,52022,ALDANA,2300,23
2300010,80,62,5,3,1,1,0,51,0,0,2,1,0,1,0,1,0,0,0,1,0,0,0,0,0,0,0,50,1,0,0,0,0,0,0,0,0,2,0,0,1,0,0,0,0,1,0,0,0,0,,8.064516129032258,3.75,indig_0006,51,82.25806451612904,"MOVIMIENTO AUTORIDADES INDÍGENAS DE COLOMBIA ""AICO""",#C05B16,ANCUYA,52036,ANCUYA,2300,23
2300013,78,78,0,0,0,4,0,70,4,0,0,0,0,0,0,0,0,0,0,4,0,0,0,0,0,0,0,70,0,0,4,0,0,0,0,0,0,0,0,0,0,0,0,0,0,0,0,0,0,0,,0.0,0.0,indig_0006,70,89.74358974358975,"MOVIMIENTO AUTORIDADES INDÍGENAS DE COLOMBIA ""AICO""",#C05B16,ARBOLEDA (BERRUECOS),52051,ARBOLEDA,2300,23
2300016,597,347,49,128,190,16,0,14,1,0,74,0,1,2,33,13,21,123,6,1,8,1,0,0,0,0,4,6,2,2,1,0,0,0,0,0,2,3,64,5,0,0,1,0,0,2,0,0,0,0,,14.121037463976945,21.440536013400337,indig_0011,190,54.7550432276657,"MOVIMIENTO ALTERNATIVO INDÍGENA Y SOCIAL ""MAIS""",#E30613,BARBACOAS,52079,BARBACOAS,2300,23
2300017,799,768,11,17,16,35,2,700,0,0,4,0,0,0,5,10,0,1,5,27,2,1,2,0,0,0,74,606,15,5,0,0,0,0,0,0,0,4,0,0,0,0,0,0,0,0,0,0,0,0,,1.4322916666666665,2.127659574468085,indig_0006,700,91.14583333333334,"MOVIMIENTO AUTORIDADES INDÍGENAS DE COLOMBIA ""AICO""",#C05B16,BELEN,52083,BELÉN,2300,23
2300019,130,108,7,9,1,5,0,94,0,0,1,0,0,0,0,1,0,0,1,4,0,0,0,0,0,0,3,89,2,0,0,0,0,0,0,0,1,0,0,0,0,0,0,0,0,0,0,0,0,0,,6.481481481481481,6.923076923076923,indig_0006,94,87.03703703703704,"MOVIMIENTO AUTORIDADES INDÍGENAS DE COLOMBIA ""AICO""",#C05B16,BUESACO,52110,BUESACO,2300,23
2300022,15,10,0,1,0,0,0,10,0,0,0,0,0,0,0,0,0,0,0,0,0,0,0,0,0,0,0,10,0,0,0,0,0,0,0,0,0,0,0,0,0,0,0,0,0,0,0,0,0,0,,0.0,6.666666666666667,indig_0006,10,100.0,"MOVIMIENTO AUTORIDADES INDÍGENAS DE COLOMBIA ""AICO""",#C05B16,COLON (GENOVA),52203,COLÓN,2300,23
2300025,188,170,3,9,0,12,0,153,0,0,1,0,0,1,0,0,0,0,0,9,3,0,0,0,0,0,0,146,7,0,0,0,0,0,0,0,1,0,0,0,0,0,0,0,0,1,0,0,0,0,,1.7647058823529411,4.787234042553192,indig_0006,153,90.0,"MOVIMIENTO AUTORIDADES INDÍGENAS DE COLOMBIA ""AICO""",#C05B16,CONSACA,52207,CONSACÁ,2300,23
2300028,942,881,19,17,17,95,1,736,0,0,11,0,1,1,3,11,3,0,8,73,14,0,1,0,0,0,22,647,58,9,0,0,0,0,0,0,0,11,0,0,0,0,0,1,0,1,0,0,0,0,,2.1566401816118046,1.8046709129511678,indig_0006,736,83.54143019296254,"MOVIMIENTO AUTORIDADES INDÍGENAS DE COLOMBIA ""AICO""",#C05B16,CONTADERO,52210,CONTADERO,2300,23
2300031,1798,1651,77,52,99,170,2,1250,2,3,46,2,0,0,16,65,9,9,11,144,14,1,2,0,0,0,51,1106,82,11,2,0,3,0,0,0,1,41,4,0,2,0,0,0,0,0,0,0,0,0,,4.663840096910963,2.8921023359288096,indig_0006,1250,75.71168988491823,"MOVIMIENTO AUTORIDADES INDÍGENAS DE COLOMBIA ""AICO""",#C05B16,CORDOBA,52215,CÓRDOBA,2300,23
2300034,1997,1849,55,65,20,294,1,1453,2,0,16,0,6,2,2,17,0,1,22,257,9,6,1,0,0,0,106,1272,58,17,2,0,0,0,0,0,1,14,0,1,0,0,4,1,1,2,0,0,0,0,,2.9745808545159544,3.254882323485228,indig_0006,1453,78.58301784748512,"MOVIMIENTO AUTORIDADES INDÍGENAS DE COLOMBIA ""AICO""",#C05B16,CUASPUD (CARLOSAMA),52224,CUASPUD CARLOSAMA,2300,23
2300037,6909,6298,371,151,94,2934,8,2651,5,3,195,5,27,5,19,43,20,12,166,2475,215,78,8,0,0,0,447,1732,313,159,5,0,3,0,0,0,12,146,34,3,5,0,12,9,6,5,0,0,0,0,,5.8907589711019375,2.185555073093067,indig_0285,2934,46.58621784693553,ASOCIACIÓN DE AUTORIDADES TRADICIONALES INDÍGENAS,#811EC5,CUMBAL,52227,CUMBAL,2300,23
2300038,45,24,5,9,0,4,0,9,0,0,6,0,0,0,0,0,0,0,0,3,1,0,0,0,0,0,0,9,0,0,0,0,0,0,0,0,1,5,0,0,0,0,0,0,0,0,0,0,0,0,,20.833333333333336,20.0,indig_0006,9,37.5,"MOVIMIENTO AUTORIDADES INDÍGENAS DE COLOMBIA ""AICO""",#C05B16,CHACHAGUI,52240,CHACHAGÜÍ,2300,23
2300039,1996,1807,165,57,83,43,5,1387,5,4,89,1,16,9,23,54,5,1,17,23,3,0,5,0,0,0,88,1268,22,9,5,0,4,0,0,0,9,67,13,0,1,0,8,6,2,9,0,0,0,0,,9.131156613171001,2.8557114228456912,indig_0006,1387,76.75705589374654,"MOVIMIENTO AUTORIDADES INDÍGENAS DE COLOMBIA ""AICO""",#C05B16,CUMBITARA,52233,CUMBITARA,2300,23
2300040,520,471,7,14,1,6,0,443,0,0,12,0,2,0,0,1,0,0,1,5,0,0,0,0,0,0,5,437,1,0,0,0,0,0,0,0,0,12,0,0,0,0,1,0,1,0,0,0,0,0,,1.48619957537155,2.6923076923076925,indig_0006,443,94.0552016985138,"MOVIMIENTO AUTORIDADES INDÍGENAS DE COLOMBIA ""AICO""",#C05B16,EL ROSARIO,52256,EL ROSARIO,2300,23
2300041,72,13,7,38,3,2,0,0,0,0,0,0,1,0,1,1,1,0,1,0,0,1,0,0,0,0,0,0,0,0,0,0,0,0,0,0,0,0,0,0,0,0,1,0,0,0,0,0,0,0,,53.84615384615385,52.77777777777778,indig_0011,3,23.076923076923077,"MOVIMIENTO ALTERNATIVO INDÍGENA Y SOCIAL ""MAIS""",#E30613,EL CHARCO,52250,EL CHARCO,2300,23
2300043,712,669,13,27,11,32,0,590,1,0,19,0,3,0,1,10,0,0,3,29,0,0,0,0,0,0,9,562,13,6,1,0,0,0,0,0,1,12,5,1,0,0,1,2,0,0,0,0,0,0,,1.9431988041853512,3.7921348314606744,indig_0006,590,88.19133034379672,"MOVIMIENTO AUTORIDADES INDÍGENAS DE COLOMBIA ""AICO""",#C05B16,EL TABLON,52258,EL TABLÓN DE GÓMEZ,2300,23
2300044,160,149,4,5,2,17,0,120,0,0,5,0,0,1,0,2,0,0,2,14,1,0,0,0,0,0,4,115,1,0,0,0,0,0,0,0,1,4,0,0,0,0,0,0,0,1,0,0,0,0,,2.684563758389262,3.125,indig_0006,120,80.53691275167785,"MOVIMIENTO AUTORIDADES INDÍGENAS DE COLOMBIA ""AICO""",#C05B16,EL PEÑOL,52254,EL PEÑOL,2300,23
2300046,16,14,0,0,0,3,0,10,0,0,1,0,0,0,0,0,0,0,0,3,0,0,0,0,0,0,0,8,1,1,0,0,0,0,0,0,0,0,1,0,0,0,0,0,0,0,0,0,0,0,,0.0,0.0,indig_0006,10,71.42857142857143,"MOVIMIENTO AUTORIDADES INDÍGENAS DE COLOMBIA ""AICO""",#C05B16,EL TAMBO,52260,EL TAMBO,2300,23
2300047,36,1,1,26,0,0,0,0,0,0,0,0,0,0,0,0,0,0,0,0,0,0,0,0,0,0,0,0,0,0,0,0,0,0,0,0,0,0,0,0,0,0,0,0,0,0,0,0,0,0,,100.0,72.22222222222221,indig_0011,0,0.0,"MOVIMIENTO ALTERNATIVO INDÍGENA Y SOCIAL ""MAIS""",#E30613,FRANCISCO PIZARRO (SALAHONDA),52520,FRANCISCO PIZARRO,2300,23
2300049,427,416,3,6,3,29,0,378,0,0,3,0,0,0,1,2,0,0,3,24,1,1,0,0,0,0,11,355,5,7,0,0,0,0,0,0,0,3,0,0,0,0,0,0,0,0,0,0,0,0,,0.7211538461538461,1.405152224824356,indig_0006,378,90.86538461538461,"MOVIMIENTO AUTORIDADES INDÍGENAS DE COLOMBIA ""AICO""",#C05B16,FUNES,52287,FUNES,2300,23
2300052,3475,3186,183,102,22,539,8,2372,5,0,31,2,8,16,7,9,5,1,118,388,19,14,8,0,0,0,1275,893,126,78,5,0,0,0,0,0,6,20,5,0,2,0,6,2,0,16,0,0,0,0,,5.743879472693032,2.935251798561151,indig_0006,2372,74.45072190834902,"MOVIMIENTO AUTORIDADES INDÍGENAS DE COLOMBIA ""AICO""",#C05B16,GUACHUCAL,52317,GUACHUCAL,2300,23
2300055,84,75,2,6,1,5,0,64,1,0,2,0,0,0,0,1,0,0,1,3,1,0,0,0,0,0,4,55,4,1,1,0,0,0,0,0,0,2,0,0,0,0,0,0,0,0,0,0,0,0,,2.666666666666667,7.142857142857142,indig_0006,64,85.33333333333334,"MOVIMIENTO AUTORIDADES INDÍGENAS DE COLOMBIA ""AICO""",#C05B16,GUAITARILLA,52320,GUAITARILLA,2300,23
2300058,575,536,30,21,6,82,0,401,0,0,15,0,1,1,1,4,1,0,3,71,6,2,0,0,0,0,12,368,21,0,0,0,0,0,0,0,0,12,3,0,0,0,0,1,0,1,0,0,0,0,,5.597014925373134,3.6521739130434785,indig_0006,401,74.81343283582089,"MOVIMIENTO AUTORIDADES INDÍGENAS DE COLOMBIA ""AICO""",#C05B16,GUALMATAN,52323,GUALMATÁN,2300,23
2300061,729,677,26,20,10,69,2,555,1,0,8,1,5,0,0,9,1,0,5,54,6,4,2,0,0,0,19,511,16,9,1,0,0,0,0,0,0,5,2,1,1,0,2,3,0,0,0,0,0,0,,3.8404726735598227,2.7434842249657065,indig_0006,555,81.97932053175776,"MOVIMIENTO AUTORIDADES INDÍGENAS DE COLOMBIA ""AICO""",#C05B16,ILES,52352,ILES,2300,23
2300064,164,160,7,2,2,8,0,109,0,0,34,0,0,0,1,1,0,0,0,6,2,0,0,0,0,0,1,105,3,0,0,0,0,0,0,0,0,34,0,0,0,0,0,0,0,0,0,0,0,0,,4.375,1.2195121951219512,indig_0006,109,68.125,"MOVIMIENTO AUTORIDADES INDÍGENAS DE COLOMBIA ""AICO""",#C05B16,IMUES,52354,IMUÉS,2300,23
2300067,7180,6415,391,270,130,867,7,4865,7,2,104,9,21,12,25,89,13,3,111,652,85,19,7,0,0,0,337,3999,453,76,7,0,2,0,0,0,19,64,19,2,9,0,10,9,2,12,0,0,0,0,,6.095089633671083,3.7604456824512535,indig_0006,4865,75.83787996882307,"MOVIMIENTO AUTORIDADES INDÍGENAS DE COLOMBIA ""AICO""",#C05B16,IPIALES,52356,IPIALES,2300,23
2300073,68,58,9,7,2,4,1,36,0,0,4,0,1,1,1,1,0,0,1,3,0,0,1,0,0,0,2,31,3,0,0,0,0,0,0,0,0,4,0,0,0,0,0,1,0,1,0,0,0,0,,15.517241379310345,10.294117647058822,indig_0006,36,62.06896551724138,"MOVIMIENTO AUTORIDADES INDÍGENAS DE COLOMBIA ""AICO""",#C05B16,LA CRUZ,52378,LA CRUZ,2300,23
2300076,15,15,0,0,0,0,0,14,0,0,1,0,0,0,0,0,0,0,0,0,0,0,0,0,0,0,0,12,2,0,0,0,0,0,0,0,0,1,0,0,0,0,0,0,0,0,0,0,0,0,,0.0,0.0,indig_0006,14,93.33333333333333,"MOVIMIENTO AUTORIDADES INDÍGENAS DE COLOMBIA ""AICO""",#C05B16,LA FLORIDA,52381,LA FLORIDA,2300,23
2300077,2,2,0,0,0,2,0,0,0,0,0,0,0,0,0,0,0,0,0,2,0,0,0,0,0,0,0,0,0,0,0,0,0,0,0,0,0,0,0,0,0,0,0,0,0,0,0,0,0,0,,0.0,0.0,indig_0285,2,100.0,ASOCIACIÓN DE AUTORIDADES TRADICIONALES INDÍGENAS,#811EC5,LA LLANADA,52385,LA LLANADA,2300,23
2300078,83,6,5,61,1,0,0,0,0,0,0,0,0,0,0,1,0,0,0,0,0,0,0,0,0,0,0,0,0,0,0,0,0,0,0,0,0,0,0,0,0,0,0,0,0,0,0,0,0,0,,83.33333333333334,73.49397590361446,indig_0011,1,16.666666666666664,"MOVIMIENTO ALTERNATIVO INDÍGENA Y SOCIAL ""MAIS""",#E30613,LA TOLA,52390,LA TOLA,2300,23
2300079,335,277,18,35,5,127,0,114,2,0,8,0,2,1,2,3,0,0,5,110,12,0,0,0,0,0,4,107,3,0,2,0,0,0,0,0,0,6,2,0,0,0,1,1,0,1,0,0,0,0,,6.4981949458483745,10.44776119402985,indig_0285,127,45.84837545126354,ASOCIACIÓN DE AUTORIDADES TRADICIONALES INDÍGENAS,#811EC5,LA UNION,52399,LA UNIÓN,2300,23
2300080,1749,1605,97,45,27,27,2,1387,2,2,53,1,6,1,4,16,6,1,8,14,4,1,2,0,0,0,25,1313,43,6,2,0,2,0,0,0,6,42,5,0,1,0,2,4,0,1,0,0,0,0,,6.043613707165109,2.5728987993138936,indig_0006,1387,86.41744548286604,"MOVIMIENTO AUTORIDADES INDÍGENAS DE COLOMBIA ""AICO""",#C05B16,LEIVA,52405,LEIVA,2300,23
2300082,41,33,2,8,4,0,0,23,0,0,4,0,0,0,0,4,0,0,0,0,0,0,0,0,0,0,0,23,0,0,0,0,0,0,0,0,0,4,0,0,0,0,0,0,0,0,0,0,0,0,,6.0606060606060606,19.51219512195122,indig_0006,23,69.6969696969697,"MOVIMIENTO AUTORIDADES INDÍGENAS DE COLOMBIA ""AICO""",#C05B16,LINARES,52411,LINARES,2300,23
2300085,84,76,4,4,1,1,0,69,0,0,0,0,0,1,1,0,0,0,0,1,0,0,0,0,0,0,2,65,2,0,0,0,0,0,0,0,0,0,0,0,0,0,0,0,0,1,0,0,0,0,,5.263157894736842,4.761904761904762,indig_0006,69,90.78947368421053,"MOVIMIENTO AUTORIDADES INDÍGENAS DE COLOMBIA ""AICO""",#C05B16,LOS ANDES (SOTOMAYOR),52418,LOS ANDES,2300,23
2300088,15,5,3,3,0,1,0,1,0,0,0,0,0,0,0,0,0,0,0,1,0,0,0,0,0,0,0,1,0,0,0,0,0,0,0,0,0,0,0,0,0,0,0,0,0,0,0,0,0,0,,60.0,20.0,indig_0285,1,20.0,ASOCIACIÓN DE AUTORIDADES TRADICIONALES INDÍGENAS,#811EC5,MAGUI (PAYAN),52427,MAGÜÍ,2300,23
2300091,711,649,51,24,32,53,1,501,2,0,6,0,2,1,7,20,3,2,9,35,6,3,1,0,0,0,54,393,35,19,2,0,0,0,0,0,1,5,0,0,0,0,0,2,0,1,0,0,0,0,,7.858243451463791,3.375527426160337,indig_0006,501,77.19568567026194,"MOVIMIENTO AUTORIDADES INDÍGENAS DE COLOMBIA ""AICO""",#C05B16,MALLAMA (PIEDRANCHA),52435,MALLAMA,2300,23
2300094,47,2,2,35,0,0,0,0,0,0,0,0,0,0,0,0,0,0,0,0,0,0,0,0,0,0,0,0,0,0,0,0,0,0,0,0,0,0,0,0,0,0,0,0,0,0,0,0,0,0,,100.0,74.46808510638297,indig_0011,0,0.0,"MOVIMIENTO ALTERNATIVO INDÍGENA Y SOCIAL ""MAIS""",#E30613,MOSQUERA,52473,MOSQUERA,2300,23
2300095,146,65,12,74,45,2,0,2,1,1,1,0,1,0,14,3,3,25,0,0,1,1,0,0,0,0,1,0,0,1,1,0,1,0,0,0,0,1,0,0,0,0,0,0,1,0,0,0,0,0,,18.461538461538463,50.68493150684932,indig_0011,45,69.23076923076923,"MOVIMIENTO ALTERNATIVO INDÍGENA Y SOCIAL ""MAIS""",#E30613,OLAYA HERRERA,52490,OLAYA HERRERA,2300,23
2300096,46,45,2,1,1,3,0,35,0,0,4,0,0,0,0,0,1,0,0,3,0,0,0,0,0,0,2,32,1,0,0,0,0,0,0,0,0,4,0,0,0,0,0,0,0,0,0,0,0,0,,4.444444444444445,2.1739130434782608,indig_0006,35,77.77777777777779,"MOVIMIENTO AUTORIDADES INDÍGENAS DE COLOMBIA ""AICO""",#C05B16,NARIÑO,52480,NARIÑO,2300,23
2300097,56,55,1,1,0,8,0,45,0,0,1,0,0,0,0,0,0,0,1,5,1,1,0,0,0,0,0,44,1,0,0,0,0,0,0,0,0,1,0,0,0,0,0,0,0,0,0,0,0,0,,1.8181818181818181,1.7857142857142856,indig_0006,45,81.81818181818183,"MOVIMIENTO AUTORIDADES INDÍGENAS DE COLOMBIA ""AICO""",#C05B16,OSPINA,52506,OSPINA,2300,23
2300098,1582,1414,102,63,46,33,5,1123,4,1,84,1,11,4,4,23,12,7,4,21,6,2,5,0,0,0,40,1052,16,15,4,0,1,0,0,0,13,61,5,5,1,0,2,5,4,4,0,0,0,0,,7.213578500707214,3.982300884955752,indig_0006,1123,79.42008486562942,"MOVIMIENTO AUTORIDADES INDÍGENAS DE COLOMBIA ""AICO""",#C05B16,POLICARPA,52540,POLICARPA,2300,23
2300100,2298,2168,33,63,48,187,1,1860,1,0,29,1,6,2,2,41,5,0,31,136,18,2,1,0,0,0,35,1769,51,5,1,0,0,0,0,0,3,23,3,0,1,0,0,6,0,2,0,0,0,0,,1.522140221402214,2.741514360313316,indig_0006,1860,85.79335793357934,"MOVIMIENTO AUTORIDADES INDÍGENAS DE COLOMBIA ""AICO""",#C05B16,POTOSI,52560,POTOSÍ,2300,23
2300101,210,204,1,3,1,10,0,188,0,0,3,0,0,1,0,1,0,0,0,10,0,0,0,0,0,0,16,168,4,0,0,0,0,0,0,0,0,2,1,0,0,0,0,0,0,1,0,0,0,0,,0.49019607843137253,1.4285714285714286,indig_0006,188,92.15686274509804,"MOVIMIENTO AUTORIDADES INDÍGENAS DE COLOMBIA ""AICO""",#C05B16,PROVIDENCIA,52565,PROVIDENCIA,2300,23
2300103,376,357,5,5,0,55,0,292,0,0,4,1,0,0,0,0,0,0,0,54,1,0,0,0,0,0,8,274,8,2,0,0,0,0,0,0,0,4,0,0,1,0,0,0,0,0,0,0,0,0,,1.400560224089636,1.3297872340425532,indig_0006,292,81.79271708683473,"MOVIMIENTO AUTORIDADES INDÍGENAS DE COLOMBIA ""AICO""",#C05B16,PUERRES,52573,PUERRES,2300,23
2300106,876,828,28,29,27,156,0,596,1,2,13,1,2,2,3,21,2,1,10,115,29,2,0,0,0,0,23,363,194,16,1,0,2,0,0,0,1,8,4,0,1,0,0,2,0,2,0,0,0,0,,3.3816425120772946,3.3105022831050226,indig_0006,596,71.98067632850241,"MOVIMIENTO AUTORIDADES INDÍGENAS DE COLOMBIA ""AICO""",#C05B16,PUPIALES,52585,PUPIALES,2300,23
2300109,2078,1850,83,73,643,85,1,667,10,4,335,2,12,8,86,461,35,61,23,50,8,4,1,0,0,0,49,585,19,14,10,0,4,0,0,0,8,297,27,3,2,0,2,8,2,8,0,0,0,0,,4.486486486486487,3.512993262752647,indig_0006,667,36.05405405405405,"MOVIMIENTO AUTORIDADES INDÍGENAS DE COLOMBIA ""AICO""",#C05B16,RICAURTE,52612,RICAURTE,2300,23
2300112,75,4,3,63,0,1,0,0,0,0,0,0,0,0,0,0,0,0,0,0,1,0,0,0,0,0,0,0,0,0,0,0,0,0,0,0,0,0,0,0,0,0,0,0,0,0,0,0,0,0,,75.0,84.0,indig_0285,1,25.0,ASOCIACIÓN DE AUTORIDADES TRADICIONALES INDÍGENAS,#811EC5,ROBERTO PAYAN (SAN JOSE),52621,ROBERTO PAYÁN,2300,23
2300115,962,911,13,27,14,35,2,543,1,0,301,1,0,1,1,10,3,0,6,27,2,0,2,0,0,0,15,518,9,1,1,0,0,0,0,0,3,255,41,2,1,0,0,0,0,1,0,0,0,0,,1.4270032930845227,2.806652806652807,indig_0006,543,59.60482985729967,"MOVIMIENTO AUTORIDADES INDÍGENAS DE COLOMBIA ""AICO""",#C05B16,SAMANIEGO,52678,SAMANIEGO,2300,23
2300118,59,56,2,1,0,9,0,44,0,0,1,0,0,0,0,0,0,0,4,5,0,0,0,0,0,0,0,43,1,0,0,0,0,0,0,0,1,0,0,0,0,0,0,0,0,0,0,0,0,0,,3.571428571428571,1.694915254237288,indig_0006,44,78.57142857142857,"MOVIMIENTO AUTORIDADES INDÍGENAS DE COLOMBIA ""AICO""",#C05B16,SANDONA,52683,SANDONÁ,2300,23
2300120,132,129,4,1,1,11,0,108,0,0,5,0,0,0,0,1,0,0,0,11,0,0,0,0,0,0,1,107,0,0,0,0,0,0,0,0,0,5,0,0,0,0,0,0,0,0,0,0,0,0,,3.10077519379845,0.7575757575757576,indig_0006,108,83.72093023255815,"MOVIMIENTO AUTORIDADES INDÍGENAS DE COLOMBIA ""AICO""",#C05B16,SAN BERNARDO,52685,SAN BERNARDO,2300,23
2300121,54,52,0,0,1,19,0,22,4,1,5,0,0,0,1,0,0,0,0,19,0,0,0,0,0,0,0,22,0,0,4,0,1,0,0,0,0,4,0,1,0,0,0,0,0,0,0,0,0,0,,0.0,0.0,indig_0006,22,42.30769230769231,"MOVIMIENTO AUTORIDADES INDÍGENAS DE COLOMBIA ""AICO""",#C05B16,SAN LORENZO,52687,SAN LORENZO,2300,23
2300123,13,11,1,1,2,1,0,7,0,0,0,0,0,0,0,1,1,0,0,0,1,0,0,0,0,0,0,5,2,0,0,0,0,0,0,0,0,0,0,0,0,0,0,0,0,0,0,0,0,0,,9.090909090909092,7.6923076923076925,indig_0006,7,63.63636363636363,"MOVIMIENTO AUTORIDADES INDÍGENAS DE COLOMBIA ""AICO""",#C05B16,SAN PEDRO DE CARTAGO,52694,SAN PEDRO DE CARTAGO,2300,23
2300124,18,6,0,12,0,1,0,5,0,0,0,0,0,0,0,0,0,0,0,1,0,0,0,0,0,0,0,5,0,0,0,0,0,0,0,0,0,0,0,0,0,0,0,0,0,0,0,0,0,0,,0.0,66.66666666666666,indig_0006,5,83.33333333333334,"MOVIMIENTO AUTORIDADES INDÍGENAS DE COLOMBIA ""AICO""",#C05B16,SAN PABLO,52693,SAN PABLO,2300,23
2300125,18,4,0,14,2,0,0,0,0,0,2,0,0,0,1,1,0,0,0,0,0,0,0,0,0,0,0,0,0,0,0,0,0,0,0,0,1,1,0,0,0,0,0,0,0,0,0,0,0,0,,0.0,77.77777777777779,indig_0011,2,50.0,"MOVIMIENTO ALTERNATIVO INDÍGENA Y SOCIAL ""MAIS""",#E30613,SANTA BARBARA (ISCUANDE),52696,SANTA BÁRBARA,2300,23
2300127,1461,1379,16,40,9,48,2,1245,0,0,55,0,2,2,0,8,0,1,5,40,0,3,2,0,0,0,28,1177,28,12,0,0,0,0,0,0,6,49,0,0,0,0,0,2,0,2,0,0,0,0,,1.160261058738216,2.737850787132101,indig_0006,1245,90.28281363306743,"MOVIMIENTO AUTORIDADES INDÍGENAS DE COLOMBIA ""AICO""",#C05B16,SANTACRUZ (GUACHAVES),52699,SANTACRUZ,2300,23
2300130,370,337,7,14,4,35,0,282,0,0,7,0,2,0,0,3,0,1,1,32,2,0,0,0,0,0,7,266,5,4,0,0,0,0,0,0,1,6,0,0,0,0,0,2,0,0,0,0,0,0,,2.0771513353115725,3.783783783783784,indig_0006,282,83.67952522255193,"MOVIMIENTO AUTORIDADES INDÍGENAS DE COLOMBIA ""AICO""",#C05B16,SAPUYES,52720,SAPUYES,2300,23
2300133,13,9,1,2,1,1,0,6,0,0,0,0,0,0,0,1,0,0,0,1,0,0,0,0,0,0,0,6,0,0,0,0,0,0,0,0,0,0,0,0,0,0,0,0,0,0,0,0,0,0,,11.11111111111111,15.384615384615385,indig_0006,6,66.66666666666666,"MOVIMIENTO AUTORIDADES INDÍGENAS DE COLOMBIA ""AICO""",#C05B16,TAMINANGO,52786,TAMINANGO,2300,23
2300136,887,822,22,24,21,64,0,694,1,0,15,0,2,3,1,17,2,1,10,46,8,0,0,0,0,0,14,660,19,1,1,0,0,0,0,0,0,12,3,0,0,0,1,0,1,3,0,0,0,0,,2.67639902676399,2.705749718151071,indig_0006,694,84.42822384428223,"MOVIMIENTO AUTORIDADES INDÍGENAS DE COLOMBIA ""AICO""",#C05B16,TANGUA,52788,TANGUA,2300,23
2300139,2277,1401,245,337,909,39,24,47,8,6,95,3,19,6,107,114,36,652,9,21,5,4,24,0,0,0,12,22,5,8,8,0,6,0,0,0,29,17,48,1,3,0,5,11,3,6,0,0,0,0,,17.48750892219843,14.800175669740886,indig_0011,909,64.88222698072805,"MOVIMIENTO ALTERNATIVO INDÍGENA Y SOCIAL ""MAIS""",#E30613,TUMACO,52835,SAN ANDRÉS DE TUMACO,2300,23
2300142,4239,3896,148,185,98,244,2,3216,0,2,170,3,12,1,5,83,5,5,23,198,17,6,2,0,0,0,114,2912,133,57,0,0,2,0,0,0,5,158,5,2,3,0,7,4,1,1,0,0,0,0,,3.798767967145791,4.364236848313281,indig_0006,3216,82.54620123203286,"MOVIMIENTO AUTORIDADES INDÍGENAS DE COLOMBIA ""AICO""",#C05B16,TUQUERRES,52838,TÚQUERRES,2300,23
2300145,325,307,7,12,1,58,0,217,0,0,24,0,0,0,0,1,0,0,7,43,5,3,0,0,0,0,4,207,5,1,0,0,0,0,0,0,0,23,1,0,0,0,0,0,0,0,0,0,0,0,,2.2801302931596092,3.6923076923076925,indig_0006,217,70.68403908794788,"MOVIMIENTO AUTORIDADES INDÍGENAS DE COLOMBIA ""AICO""",#C05B16,YACUANQUER,52885,YACUANQUER,2300,23
2400001,1691,898,528,392,85,99,14,29,17,8,98,3,14,3,19,46,8,12,8,21,67,3,14,0,0,0,4,15,2,8,17,0,8,0,0,0,9,71,14,4,3,0,5,7,2,3,0,0,0,0,,58.797327394209354,23.18154937906564,indig_0285,99,11.024498886414253,ASOCIACIÓN DE AUTORIDADES TRADICIONALES INDÍGENAS,#811EC5,PEREIRA,66001,PEREIRA,2400,24
2400008,6,3,0,1,2,1,0,0,0,0,0,0,0,0,0,1,1,0,1,0,0,0,0,0,0,0,0,0,0,0,0,0,0,0,0,0,0,0,0,0,0,0,0,0,0,0,0,0,0,0,,0.0,16.666666666666664,indig_0011,2,66.66666666666666,"MOVIMIENTO ALTERNATIVO INDÍGENA Y SOCIAL ""MAIS""",#E30613,APIA,66045,APÍA,2400,24
2400013,57,18,18,29,0,0,0,0,0,0,0,0,0,0,0,0,0,0,0,0,0,0,0,0,0,0,0,0,0,0,0,0,0,0,0,0,0,0,0,0,0,0,0,0,0,0,0,0,0,0,,100.0,50.877192982456144,indig_0011,0,0.0,"MOVIMIENTO ALTERNATIVO INDÍGENA Y SOCIAL ""MAIS""",#E30613,BALBOA,66075,BALBOA,2400,24
2400021,48,21,8,4,9,3,0,0,0,0,1,0,0,0,2,7,0,0,0,0,3,0,0,0,0,0,0,0,0,0,0,0,0,0,0,0,1,0,0,0,0,0,0,0,0,0,0,0,0,0,,38.095238095238095,8.333333333333332,indig_0011,9,42.857142857142854,"MOVIMIENTO ALTERNATIVO INDÍGENA Y SOCIAL ""MAIS""",#E30613,BELEN DE UMBRIA,66088,BELÉN DE UMBRÍA,2400,24
2400025,738,410,239,164,85,40,3,16,2,0,17,0,5,3,15,57,8,5,5,6,28,1,3,0,0,0,0,7,5,4,2,0,0,0,0,0,2,9,3,3,0,0,3,1,1,3,0,0,0,0,,58.292682926829265,22.22222222222222,indig_0011,85,20.73170731707317,"MOVIMIENTO ALTERNATIVO INDÍGENA Y SOCIAL ""MAIS""",#E30613,DOSQUEBRADAS,66170,DOSQUEBRADAS,2400,24
2400029,258,213,17,22,172,15,0,1,2,0,6,0,0,0,6,139,21,6,3,9,3,0,0,0,0,0,0,1,0,0,2,0,0,0,0,0,0,6,0,0,0,0,0,0,0,0,0,0,0,0,,7.981220657276995,8.527131782945736,indig_0011,172,80.75117370892019,"MOVIMIENTO ALTERNATIVO INDÍGENA Y SOCIAL ""MAIS""",#E30613,GUATICA,66318,GUÁTICA,2400,24
2400038,21,1,0,6,1,0,0,0,0,0,0,0,0,0,0,1,0,0,0,0,0,0,0,0,0,0,0,0,0,0,0,0,0,0,0,0,0,0,0,0,0,0,0,0,0,0,0,0,0,0,,0.0,28.57142857142857,indig_0011,1,100.0,"MOVIMIENTO ALTERNATIVO INDÍGENA Y SOCIAL ""MAIS""",#E30613,LA CELIA,66383,LA CELIA,2400,24
2400046,110,37,18,25,17,2,0,0,0,0,0,0,0,0,1,15,0,1,1,0,1,0,0,0,0,0,0,0,0,0,0,0,0,0,0,0,0,0,0,0,0,0,0,0,0,0,0,0,0,0,,48.64864864864865,22.727272727272727,indig_0011,17,45.94594594594595,"MOVIMIENTO ALTERNATIVO INDÍGENA Y SOCIAL ""MAIS""",#E30613,LA VIRGINIA,66400,LA VIRGINIA,2400,24
2400054,101,84,7,7,74,1,0,1,0,0,0,1,0,0,4,64,1,5,0,1,0,0,0,0,0,0,0,1,0,0,0,0,0,0,0,0,0,0,0,0,1,0,0,0,0,0,0,0,0,0,,8.333333333333332,6.9306930693069315,indig_0011,74,88.09523809523809,"MOVIMIENTO ALTERNATIVO INDÍGENA Y SOCIAL ""MAIS""",#E30613,MARSELLA,66440,MARSELLA,2400,24
2400062,1617,1364,27,96,1277,36,1,4,1,0,12,0,6,0,119,1071,52,35,7,18,9,2,1,0,0,0,0,2,1,1,1,0,0,0,0,0,2,10,0,0,0,0,3,1,2,0,0,0,0,0,,1.9794721407624634,5.936920222634509,indig_0011,1277,93.62170087976538,"MOVIMIENTO ALTERNATIVO INDÍGENA Y SOCIAL ""MAIS""",#E30613,MISTRATO,66456,MISTRATÓ,2400,24
2400070,1358,1066,22,81,963,46,1,13,3,0,15,0,3,0,50,718,67,128,17,16,5,8,1,0,0,0,0,7,1,5,3,0,0,0,0,0,1,6,4,4,0,0,1,2,0,0,0,0,0,0,,2.0637898686679175,5.964653902798233,indig_0011,963,90.33771106941839,"MOVIMIENTO ALTERNATIVO INDÍGENA Y SOCIAL ""MAIS""",#E30613,PUEBLO RICO,66572,PUEBLO RICO,2400,24
2400078,1611,1438,27,103,930,132,0,20,0,0,325,0,4,0,73,794,56,7,11,13,102,6,0,0,0,0,3,12,2,3,0,0,0,0,0,0,21,290,11,3,0,0,2,2,0,0,0,0,0,0,,1.8776077885952713,6.393544382371198,indig_0011,930,64.67315716272601,"MOVIMIENTO ALTERNATIVO INDÍGENA Y SOCIAL ""MAIS""",#E30613,QUINCHIA,66594,QUINCHÍA,2400,24
2400086,448,200,150,123,23,13,0,3,7,0,4,0,0,0,3,15,4,1,2,4,7,0,0,0,0,0,0,0,3,0,7,0,0,0,0,0,0,2,1,1,0,0,0,0,0,0,0,0,0,0,,75.0,27.455357142857146,indig_0011,23,11.5,"MOVIMIENTO ALTERNATIVO INDÍGENA Y SOCIAL ""MAIS""",#E30613,SANTA ROSA DE CABAL,66682,SANTA ROSA DE CABAL,2400,24
2400094,11,7,3,0,2,2,0,0,0,0,0,0,0,0,1,0,0,1,1,0,1,0,0,0,0,0,0,0,0,0,0,0,0,0,0,0,0,0,0,0,0,0,0,0,0,0,0,0,0,0,,42.857142857142854,0.0,indig_0011,2,28.57142857142857,"MOVIMIENTO ALTERNATIVO INDÍGENA Y SOCIAL ""MAIS""",#E30613,SANTUARIO,66687,SANTUARIO,2400,24
2500001,1542,642,490,573,39,22,3,36,12,3,22,4,7,4,9,24,4,2,5,14,0,3,3,0,0,0,2,1,4,29,12,0,3,0,0,0,3,14,3,2,4,0,4,3,0,4,0,0,0,0,,76.32398753894081,37.159533073929964,indig_0011,39,6.074766355140187,"MOVIMIENTO ALTERNATIVO INDÍGENA Y SOCIAL ""MAIS""",#E30613,CUCUTA,54001,SAN JOSÉ DE CÚCUTA,2500,25
2500004,48,14,12,17,0,0,0,1,0,1,0,0,0,0,0,0,0,0,0,0,0,0,0,0,0,0,0,1,0,0,0,0,1,0,0,0,0,0,0,0,0,0,0,0,0,0,0,0,0,0,,85.71428571428571,35.41666666666667,indig_0006,1,7.142857142857142,"MOVIMIENTO AUTORIDADES INDÍGENAS DE COLOMBIA ""AICO""",#C05B16,ABREGO,54003,ÁBREGO,2500,25
2500007,21,1,1,8,0,0,0,0,0,0,0,0,0,0,0,0,0,0,0,0,0,0,0,0,0,0,0,0,0,0,0,0,0,0,0,0,0,0,0,0,0,0,0,0,0,0,0,0,0,0,,100.0,38.095238095238095,indig_0011,0,0.0,"MOVIMIENTO ALTERNATIVO INDÍGENA Y SOCIAL ""MAIS""",#E30613,ARBOLEDAS,54051,ARBOLEDAS,2500,25
2500010,0,0,0,0,0,0,0,0,0,0,0,0,0,0,0,0,0,0,0,0,0,0,0,0,0,0,0,0,0,0,0,0,0,0,0,0,0,0,0,0,0,0,0,0,0,0,0,0,0,0,,,,indig_0011,0,,"MOVIMIENTO ALTERNATIVO INDÍGENA Y SOCIAL ""MAIS""",#E30613,BOCHALEMA,54099,BOCHALEMA,2500,25
2500013,0,0,0,0,0,0,0,0,0,0,0,0,0,0,0,0,0,0,0,0,0,0,0,0,0,0,0,0,0,0,0,0,0,0,0,0,0,0,0,0,0,0,0,0,0,0,0,0,0,0,,,,indig_0011,0,,"MOVIMIENTO ALTERNATIVO INDÍGENA Y SOCIAL ""MAIS""",#E30613,BUCARASICA,54109,BUCARASICA,2500,25
2500016,28,2,2,6,0,0,0,0,0,0,0,0,0,0,0,0,0,0,0,0,0,0,0,0,0,0,0,0,0,0,0,0,0,0,0,0,0,0,0,0,0,0,0,0,0,0,0,0,0,0,,100.0,21.428571428571427,indig_0011,0,0.0,"MOVIMIENTO ALTERNATIVO INDÍGENA Y SOCIAL ""MAIS""",#E30613,CACOTA,54125,CÁCOTA,2500,25
2500019,18,0,0,10,0,0,0,0,0,0,0,0,0,0,0,0,0,0,0,0,0,0,0,0,0,0,0,0,0,0,0,0,0,0,0,0,0,0,0,0,0,0,0,0,0,0,0,0,0,0,,,55.55555555555556,indig_0011,0,,"MOVIMIENTO ALTERNATIVO INDÍGENA Y SOCIAL ""MAIS""",#E30613,CACHIRA,54128,CÁCHIRA,2500,25
2500022,48,26,3,13,21,1,0,1,0,0,0,0,0,0,4,17,0,0,0,0,0,1,0,0,0,0,0,0,0,1,0,0,0,0,0,0,0,0,0,0,0,0,0,0,0,0,0,0,0,0,,11.538461538461538,27.083333333333332,indig_0011,21,80.76923076923077,"MOVIMIENTO ALTERNATIVO INDÍGENA Y SOCIAL ""MAIS""",#E30613,CONVENCION,54206,CONVENCIÓN,2500,25
2500025,1,1,0,0,1,0,0,0,0,0,0,0,0,0,0,1,0,0,0,0,0,0,0,0,0,0,0,0,0,0,0,0,0,0,0,0,0,0,0,0,0,0,0,0,0,0,0,0,0,0,,0.0,0.0,indig_0011,1,100.0,"MOVIMIENTO ALTERNATIVO INDÍGENA Y SOCIAL ""MAIS""",#E30613,CUCUTILLA,54223,CUCUTILLA,2500,25
2500028,39,30,23,5,1,0,1,5,0,0,0,0,0,0,0,0,0,1,0,0,0,0,1,0,0,0,0,5,0,0,0,0,0,0,0,0,0,0,0,0,0,0,0,0,0,0,0,0,0,0,,76.66666666666667,12.82051282051282,indig_0006,5,16.666666666666664,"MOVIMIENTO AUTORIDADES INDÍGENAS DE COLOMBIA ""AICO""",#C05B16,CHINACOTA,54172,CHINÁCOTA,2500,25
2500031,13,7,6,5,0,0,0,1,0,0,0,0,0,0,0,0,0,0,0,0,0,0,0,0,0,0,0,0,0,1,0,0,0,0,0,0,0,0,0,0,0,0,0,0,0,0,0,0,0,0,,85.71428571428571,38.46153846153847,indig_0006,1,14.285714285714285,"MOVIMIENTO AUTORIDADES INDÍGENAS DE COLOMBIA ""AICO""",#C05B16,CHITAGA,54174,CHITAGÁ,2500,25
2500034,0,0,0,0,0,0,0,0,0,0,0,0,0,0,0,0,0,0,0,0,0,0,0,0,0,0,0,0,0,0,0,0,0,0,0,0,0,0,0,0,0,0,0,0,0,0,0,0,0,0,,,,indig_0011,0,,"MOVIMIENTO ALTERNATIVO INDÍGENA Y SOCIAL ""MAIS""",#E30613,DURANIA,54239,DURANIA,2500,25
2500036,41,12,5,7,5,0,0,1,0,0,0,0,0,1,0,4,1,0,0,0,0,0,0,0,0,0,0,0,1,0,0,0,0,0,0,0,0,0,0,0,0,0,0,0,0,1,0,0,0,0,,41.66666666666667,17.073170731707318,indig_0011,5,41.66666666666667,"MOVIMIENTO ALTERNATIVO INDÍGENA Y SOCIAL ""MAIS""",#E30613,EL TARRA,54250,EL TARRA,2500,25
2500037,76,49,6,14,30,0,1,12,0,0,0,0,0,0,10,18,1,1,0,0,0,0,1,0,0,0,0,5,0,7,0,0,0,0,0,0,0,0,0,0,0,0,0,0,0,0,0,0,0,0,,12.244897959183673,18.421052631578945,indig_0011,30,61.224489795918366,"MOVIMIENTO ALTERNATIVO INDÍGENA Y SOCIAL ""MAIS""",#E30613,EL CARMEN,54245,EL CARMEN,2500,25
2500038,121,27,20,46,0,6,0,0,1,0,0,0,0,0,0,0,0,0,0,6,0,0,0,0,0,0,0,0,0,0,1,0,0,0,0,0,0,0,0,0,0,0,0,0,0,0,0,0,0,0,,74.07407407407408,38.01652892561984,indig_0285,6,22.22222222222222,ASOCIACIÓN DE AUTORIDADES TRADICIONALES INDÍGENAS,#811EC5,EL ZULIA,54261,EL ZULIA,2500,25
2500040,0,0,0,0,0,0,0,0,0,0,0,0,0,0,0,0,0,0,0,0,0,0,0,0,0,0,0,0,0,0,0,0,0,0,0,0,0,0,0,0,0,0,0,0,0,0,0,0,0,0,,,,indig_0011,0,,"MOVIMIENTO ALTERNATIVO INDÍGENA Y SOCIAL ""MAIS""",#E30613,GRAMALOTE,54313,GRAMALOTE,2500,25
2500043,12,3,3,3,0,0,0,0,0,0,0,0,0,0,0,0,0,0,0,0,0,0,0,0,0,0,0,0,0,0,0,0,0,0,0,0,0,0,0,0,0,0,0,0,0,0,0,0,0,0,,100.0,25.0,indig_0011,0,0.0,"MOVIMIENTO ALTERNATIVO INDÍGENA Y SOCIAL ""MAIS""",#E30613,HACARI,54344,HACARÍ,2500,25
2500046,0,0,0,0,0,0,0,0,0,0,0,0,0,0,0,0,0,0,0,0,0,0,0,0,0,0,0,0,0,0,0,0,0,0,0,0,0,0,0,0,0,0,0,0,0,0,0,0,0,0,,,,indig_0011,0,,"MOVIMIENTO ALTERNATIVO INDÍGENA Y SOCIAL ""MAIS""",#E30613,HERRAN,54347,HERRÁN,2500,25
2500049,20,3,2,7,0,0,0,1,0,0,0,0,0,0,0,0,0,0,0,0,0,0,0,0,0,0,0,0,0,1,0,0,0,0,0,0,0,0,0,0,0,0,0,0,0,0,0,0,0,0,,66.66666666666666,35.0,indig_0006,1,33.33333333333333,"MOVIMIENTO AUTORIDADES INDÍGENAS DE COLOMBIA ""AICO""",#C05B16,LABATECA,54377,LABATECA,2500,25
2500051,1,1,0,0,0,0,0,0,0,0,1,0,0,0,0,0,0,0,0,0,0,0,0,0,0,0,0,0,0,0,0,0,0,0,0,0,0,1,0,0,0,0,0,0,0,0,0,0,0,0,,0.0,0.0,indig_0188,1,100.0,MOVIMIENTO UNIDAD EN MINGA POR COLOMBIA,#DA5403,LA ESPERANZA,54385,LA ESPERANZA,2500,25
2500052,55,3,3,25,0,0,0,0,0,0,0,0,0,0,0,0,0,0,0,0,0,0,0,0,0,0,0,0,0,0,0,0,0,0,0,0,0,0,0,0,0,0,0,0,0,0,0,0,0,0,,100.0,45.45454545454545,indig_0011,0,0.0,"MOVIMIENTO ALTERNATIVO INDÍGENA Y SOCIAL ""MAIS""",#E30613,LA PLAYA,54398,LA PLAYA,2500,25
2500054,588,516,64,59,62,5,0,374,5,0,3,1,1,1,4,53,3,2,1,0,0,4,0,0,0,0,12,10,2,350,5,0,0,0,0,0,0,1,0,2,1,0,0,0,1,1,0,0,0,0,,12.4031007751938,10.034013605442176,indig_0006,374,72.48062015503875,"MOVIMIENTO AUTORIDADES INDÍGENAS DE COLOMBIA ""AICO""",#C05B16,LOS PATIOS,54405,LOS PATIOS,2500,25
2500055,0,0,0,0,0,0,0,0,0,0,0,0,0,0,0,0,0,0,0,0,0,0,0,0,0,0,0,0,0,0,0,0,0,0,0,0,0,0,0,0,0,0,0,0,0,0,0,0,0,0,,,,indig_0011,0,,"MOVIMIENTO ALTERNATIVO INDÍGENA Y SOCIAL ""MAIS""",#E30613,LOURDES,54418,LOURDES,2500,25
2500058,0,0,0,0,0,0,0,0,0,0,0,0,0,0,0,0,0,0,0,0,0,0,0,0,0,0,0,0,0,0,0,0,0,0,0,0,0,0,0,0,0,0,0,0,0,0,0,0,0,0,,,,indig_0011,0,,"MOVIMIENTO ALTERNATIVO INDÍGENA Y SOCIAL ""MAIS""",#E30613,MUTISCUA,54480,MUTISCUA,2500,25
2500061,267,77,66,89,5,3,1,1,0,0,1,0,0,0,0,3,2,0,0,2,1,0,1,0,0,0,0,1,0,0,0,0,0,0,0,0,0,1,0,0,0,0,0,0,0,0,0,0,0,0,,85.71428571428571,33.33333333333333,indig_0011,5,6.493506493506493,"MOVIMIENTO ALTERNATIVO INDÍGENA Y SOCIAL ""MAIS""",#E30613,OCAÑA,54498,OCAÑA,2500,25
2500064,133,88,39,28,31,5,2,1,2,1,2,2,2,1,2,27,2,0,1,2,0,2,2,0,0,0,0,0,0,1,2,0,1,0,0,0,1,0,1,0,2,0,1,1,0,1,0,0,0,0,,44.31818181818182,21.052631578947366,indig_0011,31,35.22727272727273,"MOVIMIENTO ALTERNATIVO INDÍGENA Y SOCIAL ""MAIS""",#E30613,PAMPLONA,54518,PAMPLONA,2500,25
2500067,0,0,0,0,0,0,0,0,0,0,0,0,0,0,0,0,0,0,0,0,0,0,0,0,0,0,0,0,0,0,0,0,0,0,0,0,0,0,0,0,0,0,0,0,0,0,0,0,0,0,,,,indig_0011,0,,"MOVIMIENTO ALTERNATIVO INDÍGENA Y SOCIAL ""MAIS""",#E30613,PAMPLONITA,54520,PAMPLONITA,2500,25
2500069,27,3,3,12,0,0,0,0,0,0,0,0,0,0,0,0,0,0,0,0,0,0,0,0,0,0,0,0,0,0,0,0,0,0,0,0,0,0,0,0,0,0,0,0,0,0,0,0,0,0,,100.0,44.44444444444444,indig_0011,0,0.0,"MOVIMIENTO ALTERNATIVO INDÍGENA Y SOCIAL ""MAIS""",#E30613,PUERTO SANTANDER,54553,PUERTO SANTANDER,2500,25
2500070,29,1,1,14,0,0,0,0,0,0,0,0,0,0,0,0,0,0,0,0,0,0,0,0,0,0,0,0,0,0,0,0,0,0,0,0,0,0,0,0,0,0,0,0,0,0,0,0,0,0,,100.0,48.275862068965516,indig_0011,0,0.0,"MOVIMIENTO ALTERNATIVO INDÍGENA Y SOCIAL ""MAIS""",#E30613,RAGONVALIA,54599,RAGONVALIA,2500,25
2500073,6,2,1,2,1,0,0,0,0,0,0,0,0,0,0,0,1,0,0,0,0,0,0,0,0,0,0,0,0,0,0,0,0,0,0,0,0,0,0,0,0,0,0,0,0,0,0,0,0,0,,50.0,33.33333333333333,indig_0011,1,50.0,"MOVIMIENTO ALTERNATIVO INDÍGENA Y SOCIAL ""MAIS""",#E30613,SALAZAR,54660,SALAZAR,2500,25
2500076,6,1,1,4,0,0,0,0,0,0,0,0,0,0,0,0,0,0,0,0,0,0,0,0,0,0,0,0,0,0,0,0,0,0,0,0,0,0,0,0,0,0,0,0,0,0,0,0,0,0,,100.0,66.66666666666666,indig_0011,0,0.0,"MOVIMIENTO ALTERNATIVO INDÍGENA Y SOCIAL ""MAIS""",#E30613,SAN CALIXTO,54670,SAN CALIXTO,2500,25
2500079,41,8,8,25,0,0,0,0,0,0,0,0,0,0,0,0,0,0,0,0,0,0,0,0,0,0,0,0,0,0,0,0,0,0,0,0,0,0,0,0,0,0,0,0,0,0,0,0,0,0,,100.0,60.97560975609756,indig_0011,0,0.0,"MOVIMIENTO ALTERNATIVO INDÍGENA Y SOCIAL ""MAIS""",#E30613,SAN CAYETANO,54673,SAN CAYETANO,2500,25
2500082,0,0,0,0,0,0,0,0,0,0,0,0,0,0,0,0,0,0,0,0,0,0,0,0,0,0,0,0,0,0,0,0,0,0,0,0,0,0,0,0,0,0,0,0,0,0,0,0,0,0,,,,indig_0011,0,,"MOVIMIENTO ALTERNATIVO INDÍGENA Y SOCIAL ""MAIS""",#E30613,SANTIAGO,54680,SANTIAGO,2500,25
2500085,13,11,10,1,0,0,0,0,0,0,0,0,0,1,0,0,0,0,0,0,0,0,0,0,0,0,0,0,0,0,0,0,0,0,0,0,0,0,0,0,0,0,0,0,0,1,0,0,0,0,,90.9090909090909,7.6923076923076925,indig_0347,1,9.090909090909092,CABILDO INDÍGENA TEVIS,#1C1C80,SARDINATA,54720,SARDINATA,2500,25
2500088,25,3,3,20,0,0,0,0,0,0,0,0,0,0,0,0,0,0,0,0,0,0,0,0,0,0,0,0,0,0,0,0,0,0,0,0,0,0,0,0,0,0,0,0,0,0,0,0,0,0,,100.0,80.0,indig_0011,0,0.0,"MOVIMIENTO ALTERNATIVO INDÍGENA Y SOCIAL ""MAIS""",#E30613,SILOS,54743,SILOS,2500,25
2500091,240,91,33,31,53,0,0,1,0,0,1,1,1,1,16,20,10,7,0,0,0,0,0,0,0,0,0,1,0,0,0,0,0,0,0,0,0,1,0,0,1,0,0,0,1,1,0,0,0,0,,36.26373626373626,12.916666666666668,indig_0011,53,58.24175824175825,"MOVIMIENTO ALTERNATIVO INDÍGENA Y SOCIAL ""MAIS""",#E30613,TEORAMA,54800,TEORAMA,2500,25
2500093,214,85,38,44,23,5,0,4,2,0,1,1,3,8,4,10,2,7,0,4,1,0,0,0,0,0,0,3,0,1,2,0,0,0,0,0,1,0,0,0,1,0,0,2,1,8,0,0,0,0,,44.70588235294118,20.5607476635514,indig_0011,23,27.058823529411764,"MOVIMIENTO ALTERNATIVO INDÍGENA Y SOCIAL ""MAIS""",#E30613,TIBU,54810,TIBÚ,2500,25
2500094,61,40,10,9,24,5,0,0,0,0,1,0,0,0,16,0,3,5,3,0,1,1,0,0,0,0,0,0,0,0,0,0,0,0,0,0,0,1,0,0,0,0,0,0,0,0,0,0,0,0,,25.0,14.754098360655737,indig_0011,24,60.0,"MOVIMIENTO ALTERNATIVO INDÍGENA Y SOCIAL ""MAIS""",#E30613,TOLEDO,54820,TOLEDO,2500,25
2500097,0,0,0,0,0,0,0,0,0,0,0,0,0,0,0,0,0,0,0,0,0,0,0,0,0,0,0,0,0,0,0,0,0,0,0,0,0,0,0,0,0,0,0,0,0,0,0,0,0,0,,,,indig_0011,0,,"MOVIMIENTO ALTERNATIVO INDÍGENA Y SOCIAL ""MAIS""",#E30613,VILLA CARO,54871,VILLA CARO,2500,25
2500100,157,63,40,65,4,1,2,12,0,0,0,1,1,2,1,2,0,1,0,1,0,0,2,0,0,0,11,0,0,1,0,0,0,0,0,0,0,0,0,0,1,0,0,1,0,2,0,0,0,0,,63.49206349206349,41.40127388535032,indig_0006,12,19.047619047619047,"MOVIMIENTO AUTORIDADES INDÍGENAS DE COLOMBIA ""AICO""",#C05B16,VILLA DEL ROSARIO,54874,VILLA DEL ROSARIO,2500,25
2600001,1167,725,467,238,81,47,4,71,11,4,19,7,6,8,14,42,8,17,12,6,24,5,4,0,0,0,8,47,4,12,11,0,4,0,0,0,4,5,8,2,7,0,2,3,1,8,0,0,0,0,,64.41379310344828,20.394173093401886,indig_0011,81,11.172413793103448,"MOVIMIENTO ALTERNATIVO INDÍGENA Y SOCIAL ""MAIS""",#E30613,ARMENIA,63001,ARMENIA,2600,26
2600005,35,16,10,10,6,0,0,0,0,0,0,0,0,0,0,0,2,4,0,0,0,0,0,0,0,0,0,0,0,0,0,0,0,0,0,0,0,0,0,0,0,0,0,0,0,0,0,0,0,0,,62.5,28.57142857142857,indig_0011,6,37.5,"MOVIMIENTO ALTERNATIVO INDÍGENA Y SOCIAL ""MAIS""",#E30613,BUENAVISTA,63111,BUENAVISTA,2600,26
2600010,149,94,34,21,28,1,1,23,2,0,5,0,0,0,5,17,2,4,0,1,0,0,1,0,0,0,2,20,0,1,2,0,0,0,0,0,0,4,1,0,0,0,0,0,0,0,0,0,0,0,,36.17021276595745,14.093959731543624,indig_0011,28,29.78723404255319,"MOVIMIENTO ALTERNATIVO INDÍGENA Y SOCIAL ""MAIS""",#E30613,CALARCA,63130,CALARCÁ,2600,26
2600020,77,31,27,22,0,3,0,0,0,0,1,0,0,0,0,0,0,0,0,1,2,0,0,0,0,0,0,0,0,0,0,0,0,0,0,0,0,1,0,0,0,0,0,0,0,0,0,0,0,0,,87.09677419354838,28.57142857142857,indig_0285,3,9.67741935483871,ASOCIACIÓN DE AUTORIDADES TRADICIONALES INDÍGENAS,#811EC5,CIRCASIA,63190,CIRCASIA,2600,26
2600025,28,19,0,1,18,0,0,1,0,0,0,0,0,0,0,16,1,1,0,0,0,0,0,0,0,0,0,1,0,0,0,0,0,0,0,0,0,0,0,0,0,0,0,0,0,0,0,0,0,0,,0.0,3.571428571428571,indig_0011,18,94.73684210526315,"MOVIMIENTO ALTERNATIVO INDÍGENA Y SOCIAL ""MAIS""",#E30613,CORDOBA,63212,CÓRDOBA,2600,26
2600030,39,21,17,9,0,0,0,1,0,0,3,0,0,0,0,0,0,0,0,0,0,0,0,0,0,0,0,1,0,0,0,0,0,0,0,0,0,3,0,0,0,0,0,0,0,0,0,0,0,0,,80.95238095238095,23.076923076923077,indig_0188,3,14.285714285714285,MOVIMIENTO UNIDAD EN MINGA POR COLOMBIA,#DA5403,FILANDIA,63272,FILANDIA,2600,26
2600040,23,7,1,5,5,0,0,0,0,0,0,1,0,0,1,0,0,4,0,0,0,0,0,0,0,0,0,0,0,0,0,0,0,0,0,0,0,0,0,0,1,0,0,0,0,0,0,0,0,0,,14.285714285714285,21.73913043478261,indig_0011,5,71.42857142857143,"MOVIMIENTO ALTERNATIVO INDÍGENA Y SOCIAL ""MAIS""",#E30613,GENOVA,63302,GÉNOVA,2600,26
2600050,86,47,26,21,6,0,0,8,3,0,3,1,0,0,1,4,1,0,0,0,0,0,0,0,0,0,0,7,1,0,3,0,0,0,0,0,1,1,1,0,1,0,0,0,0,0,0,0,0,0,,55.319148936170215,24.418604651162788,indig_0006,8,17.02127659574468,"MOVIMIENTO AUTORIDADES INDÍGENAS DE COLOMBIA ""AICO""",#C05B16,LA TEBAIDA,63401,LA TEBAIDA,2600,26
2600060,188,91,24,39,55,1,1,2,2,5,0,0,1,0,5,46,4,0,0,0,1,0,1,0,0,0,0,2,0,0,2,0,5,0,0,0,0,0,0,0,0,0,0,1,0,0,0,0,0,0,,26.373626373626376,20.74468085106383,indig_0011,55,60.43956043956044,"MOVIMIENTO ALTERNATIVO INDÍGENA Y SOCIAL ""MAIS""",#E30613,MONTENEGRO,63470,MONTENEGRO,2600,26
2600070,31,28,0,0,17,0,0,11,0,0,0,0,0,0,11,2,3,1,0,0,0,0,0,0,0,0,0,5,4,2,0,0,0,0,0,0,0,0,0,0,0,0,0,0,0,0,0,0,0,0,,0.0,0.0,indig_0011,17,60.71428571428571,"MOVIMIENTO ALTERNATIVO INDÍGENA Y SOCIAL ""MAIS""",#E30613,PIJAO,63548,PIJAO,2600,26
2600080,65,19,14,18,0,2,1,2,0,0,0,0,0,0,0,0,0,0,0,1,1,0,1,0,0,0,0,1,0,1,0,0,0,0,0,0,0,0,0,0,0,0,0,0,0,0,0,0,0,0,,73.68421052631578,27.692307692307693,indig_0285,2,10.526315789473683,ASOCIACIÓN DE AUTORIDADES TRADICIONALES INDÍGENAS,#811EC5,QUIMBAYA,63594,QUIMBAYA,2600,26
2600090,24,3,1,7,0,2,0,0,0,0,0,0,0,0,0,0,0,0,1,1,0,0,0,0,0,0,0,0,0,0,0,0,0,0,0,0,0,0,0,0,0,0,0,0,0,0,0,0,0,0,,33.33333333333333,29.166666666666668,indig_0285,2,66.66666666666666,ASOCIACIÓN DE AUTORIDADES TRADICIONALES INDÍGENAS,#811EC5,SALENTO,63690,SALENTO,2600,26
2700001,1493,1083,489,249,237,52,20,223,20,1,21,11,4,5,21,188,10,18,7,25,16,4,20,0,0,0,16,14,8,185,20,0,1,0,0,0,4,11,3,3,11,0,2,2,0,5,0,0,0,0,,45.15235457063712,16.67782987273945,indig_0011,237,21.88365650969529,"MOVIMIENTO ALTERNATIVO INDÍGENA Y SOCIAL ""MAIS""",#E30613,BUCARAMANGA,68001,BUCARAMANGA,2700,27
2700004,0,0,0,0,0,0,0,0,0,0,0,0,0,0,0,0,0,0,0,0,0,0,0,0,0,0,0,0,0,0,0,0,0,0,0,0,0,0,0,0,0,0,0,0,0,0,0,0,0,0,,,,indig_0011,0,,"MOVIMIENTO ALTERNATIVO INDÍGENA Y SOCIAL ""MAIS""",#E30613,AGUADA,68013,AGUADA,2700,27
2700007,1,1,1,0,0,0,0,0,0,0,0,0,0,0,0,0,0,0,0,0,0,0,0,0,0,0,0,0,0,0,0,0,0,0,0,0,0,0,0,0,0,0,0,0,0,0,0,0,0,0,,100.0,0.0,indig_0011,0,0.0,"MOVIMIENTO ALTERNATIVO INDÍGENA Y SOCIAL ""MAIS""",#E30613,ALBANIA,68020,ALBANIA,2700,27
2700010,35,6,6,13,0,0,0,0,0,0,0,0,0,0,0,0,0,0,0,0,0,0,0,0,0,0,0,0,0,0,0,0,0,0,0,0,0,0,0,0,0,0,0,0,0,0,0,0,0,0,,100.0,37.142857142857146,indig_0011,0,0.0,"MOVIMIENTO ALTERNATIVO INDÍGENA Y SOCIAL ""MAIS""",#E30613,ARATOCA,68051,ARATOCA,2700,27
2700013,63,22,15,22,0,1,0,5,1,0,0,0,0,0,0,0,0,0,0,0,0,1,0,0,0,0,0,0,0,5,1,0,0,0,0,0,0,0,0,0,0,0,0,0,0,0,0,0,0,0,,68.18181818181817,34.92063492063492,indig_0006,5,22.727272727272727,"MOVIMIENTO AUTORIDADES INDÍGENAS DE COLOMBIA ""AICO""",#C05B16,BARBOSA,68077,BARBOSA,2700,27
2700016,3,3,0,0,2,0,0,0,0,0,1,0,0,0,0,2,0,0,0,0,0,0,0,0,0,0,0,0,0,0,0,0,0,0,0,0,0,1,0,0,0,0,0,0,0,0,0,0,0,0,,0.0,0.0,indig_0011,2,66.66666666666666,"MOVIMIENTO ALTERNATIVO INDÍGENA Y SOCIAL ""MAIS""",#E30613,BARICHARA,68079,BARICHARA,2700,27
2700019,1330,880,389,257,308,29,6,34,9,2,11,72,16,4,31,248,25,4,14,9,2,4,6,0,0,0,6,6,6,16,9,0,2,0,0,0,1,7,2,1,72,0,8,4,4,4,0,0,0,0,,44.20454545454545,19.32330827067669,indig_0011,308,35.0,"MOVIMIENTO ALTERNATIVO INDÍGENA Y SOCIAL ""MAIS""",#E30613,BARRANCABERMEJA,68081,BARRANCABERMEJA,2700,27
2700022,9,3,3,5,0,0,0,0,0,0,0,0,0,0,0,0,0,0,0,0,0,0,0,0,0,0,0,0,0,0,0,0,0,0,0,0,0,0,0,0,0,0,0,0,0,0,0,0,0,0,,100.0,55.55555555555556,indig_0011,0,0.0,"MOVIMIENTO ALTERNATIVO INDÍGENA Y SOCIAL ""MAIS""",#E30613,BETULIA,68092,BETULIA,2700,27
2700025,5,1,0,0,1,0,0,0,0,0,0,0,0,0,0,1,0,0,0,0,0,0,0,0,0,0,0,0,0,0,0,0,0,0,0,0,0,0,0,0,0,0,0,0,0,0,0,0,0,0,,0.0,0.0,indig_0011,1,100.0,"MOVIMIENTO ALTERNATIVO INDÍGENA Y SOCIAL ""MAIS""",#E30613,BOLIVAR,68101,BOLÍVAR,2700,27
2700028,0,0,0,0,0,0,0,0,0,0,0,0,0,0,0,0,0,0,0,0,0,0,0,0,0,0,0,0,0,0,0,0,0,0,0,0,0,0,0,0,0,0,0,0,0,0,0,0,0,0,,,,indig_0011,0,,"MOVIMIENTO ALTERNATIVO INDÍGENA Y SOCIAL ""MAIS""",#E30613,CABRERA,68121,CABRERA,2700,27
2700031,6,6,0,0,1,1,0,4,0,0,0,0,0,0,0,0,0,1,0,0,0,1,0,0,0,0,0,0,0,4,0,0,0,0,0,0,0,0,0,0,0,0,0,0,0,0,0,0,0,0,,0.0,0.0,indig_0006,4,66.66666666666666,"MOVIMIENTO AUTORIDADES INDÍGENAS DE COLOMBIA ""AICO""",#C05B16,CALIFORNIA,68132,CALIFORNIA,2700,27
2700034,0,0,0,0,0,0,0,0,0,0,0,0,0,0,0,0,0,0,0,0,0,0,0,0,0,0,0,0,0,0,0,0,0,0,0,0,0,0,0,0,0,0,0,0,0,0,0,0,0,0,,,,indig_0011,0,,"MOVIMIENTO ALTERNATIVO INDÍGENA Y SOCIAL ""MAIS""",#E30613,CAPITANEJO,68147,CAPITANEJO,2700,27
2700037,16,5,0,4,0,0,0,5,0,0,0,0,0,0,0,0,0,0,0,0,0,0,0,0,0,0,0,0,0,5,0,0,0,0,0,0,0,0,0,0,0,0,0,0,0,0,0,0,0,0,,0.0,25.0,indig_0006,5,100.0,"MOVIMIENTO AUTORIDADES INDÍGENAS DE COLOMBIA ""AICO""",#C05B16,CARCASI,68152,CARCASÍ,2700,27
2700040,0,0,0,0,0,0,0,0,0,0,0,0,0,0,0,0,0,0,0,0,0,0,0,0,0,0,0,0,0,0,0,0,0,0,0,0,0,0,0,0,0,0,0,0,0,0,0,0,0,0,,,,indig_0011,0,,"MOVIMIENTO ALTERNATIVO INDÍGENA Y SOCIAL ""MAIS""",#E30613,CEPITA,68160,CEPITÁ,2700,27
2700043,37,34,0,1,33,1,0,0,0,0,0,0,0,0,20,2,2,9,1,0,0,0,0,0,0,0,0,0,0,0,0,0,0,0,0,0,0,0,0,0,0,0,0,0,0,0,0,0,0,0,,0.0,2.7027027027027026,indig_0011,33,97.05882352941177,"MOVIMIENTO ALTERNATIVO INDÍGENA Y SOCIAL ""MAIS""",#E30613,CERRITO,68162,CERRITO,2700,27
2700045,108,34,20,31,10,0,1,3,0,0,0,0,0,0,1,7,1,1,0,0,0,0,1,0,0,0,0,0,0,3,0,0,0,0,0,0,0,0,0,0,0,0,0,0,0,0,0,0,0,0,,58.82352941176471,28.703703703703702,indig_0011,10,29.411764705882355,"MOVIMIENTO ALTERNATIVO INDÍGENA Y SOCIAL ""MAIS""",#E30613,CIMITARRA,68190,CIMITARRA,2700,27
2700046,11,9,0,1,9,0,0,0,0,0,0,0,0,0,6,0,0,3,0,0,0,0,0,0,0,0,0,0,0,0,0,0,0,0,0,0,0,0,0,0,0,0,0,0,0,0,0,0,0,0,,0.0,9.090909090909092,indig_0011,9,100.0,"MOVIMIENTO ALTERNATIVO INDÍGENA Y SOCIAL ""MAIS""",#E30613,CONCEPCION,68207,CONCEPCIÓN,2700,27
2700049,0,0,0,0,0,0,0,0,0,0,0,0,0,0,0,0,0,0,0,0,0,0,0,0,0,0,0,0,0,0,0,0,0,0,0,0,0,0,0,0,0,0,0,0,0,0,0,0,0,0,,,,indig_0011,0,,"MOVIMIENTO ALTERNATIVO INDÍGENA Y SOCIAL ""MAIS""",#E30613,CONFINES,68209,CONFINES,2700,27
2700052,0,0,0,0,0,0,0,0,0,0,0,0,0,0,0,0,0,0,0,0,0,0,0,0,0,0,0,0,0,0,0,0,0,0,0,0,0,0,0,0,0,0,0,0,0,0,0,0,0,0,,,,indig_0011,0,,"MOVIMIENTO ALTERNATIVO INDÍGENA Y SOCIAL ""MAIS""",#E30613,CONTRATACION,68211,CONTRATACIÓN,2700,27
2700055,1,1,0,0,0,1,0,0,0,0,0,0,0,0,0,0,0,0,0,0,1,0,0,0,0,0,0,0,0,0,0,0,0,0,0,0,0,0,0,0,0,0,0,0,0,0,0,0,0,0,,0.0,0.0,indig_0285,1,100.0,ASOCIACIÓN DE AUTORIDADES TRADICIONALES INDÍGENAS,#811EC5,COROMORO,68217,COROMORO,2700,27
2700058,10,10,1,0,0,0,0,6,0,0,3,0,0,0,0,0,0,0,0,0,0,0,0,0,0,0,1,0,1,4,0,0,0,0,0,0,0,1,0,2,0,0,0,0,0,0,0,0,0,0,,10.0,0.0,indig_0006,6,60.0,"MOVIMIENTO AUTORIDADES INDÍGENAS DE COLOMBIA ""AICO""",#C05B16,CURITI,68229,CURITÍ,2700,27
2700061,3,3,0,0,2,0,0,1,0,0,0,0,0,0,0,2,0,0,0,0,0,0,0,0,0,0,1,0,0,0,0,0,0,0,0,0,0,0,0,0,0,0,0,0,0,0,0,0,0,0,,0.0,0.0,indig_0011,2,66.66666666666666,"MOVIMIENTO ALTERNATIVO INDÍGENA Y SOCIAL ""MAIS""",#E30613,CHARALA,68167,CHARALÁ,2700,27
2700064,7,1,1,2,0,0,0,0,0,0,0,0,0,0,0,0,0,0,0,0,0,0,0,0,0,0,0,0,0,0,0,0,0,0,0,0,0,0,0,0,0,0,0,0,0,0,0,0,0,0,,100.0,28.57142857142857,indig_0011,0,0.0,"MOVIMIENTO ALTERNATIVO INDÍGENA Y SOCIAL ""MAIS""",#E30613,CHARTA,68169,CHARTA,2700,27
2700067,9,9,0,0,0,0,0,9,0,0,0,0,0,0,0,0,0,0,0,0,0,0,0,0,0,0,1,0,0,8,0,0,0,0,0,0,0,0,0,0,0,0,0,0,0,0,0,0,0,0,,0.0,0.0,indig_0006,9,100.0,"MOVIMIENTO AUTORIDADES INDÍGENAS DE COLOMBIA ""AICO""",#C05B16,CHIMA,68176,CHIMA,2700,27
2700070,21,1,1,11,0,0,0,0,0,0,0,0,0,0,0,0,0,0,0,0,0,0,0,0,0,0,0,0,0,0,0,0,0,0,0,0,0,0,0,0,0,0,0,0,0,0,0,0,0,0,,100.0,52.38095238095239,indig_0011,0,0.0,"MOVIMIENTO ALTERNATIVO INDÍGENA Y SOCIAL ""MAIS""",#E30613,CHIPATA,68179,CHIPATÁ,2700,27
2700071,12,6,5,2,0,0,0,0,0,1,0,0,0,0,0,0,0,0,0,0,0,0,0,0,0,0,0,0,0,0,0,0,1,0,0,0,0,0,0,0,0,0,0,0,0,0,0,0,0,0,,83.33333333333334,16.666666666666664,indig_0252,1,16.666666666666664,TRIETNICO GOBERNATIVO TRIGO,#FDC418,EL CARMEN,68235,EL CARMEN DE CHUCURÍ,2700,27
2700073,1,1,0,0,0,0,0,1,0,0,0,0,0,0,0,0,0,0,0,0,0,0,0,0,0,0,0,0,0,1,0,0,0,0,0,0,0,0,0,0,0,0,0,0,0,0,0,0,0,0,,0.0,0.0,indig_0006,1,100.0,"MOVIMIENTO AUTORIDADES INDÍGENAS DE COLOMBIA ""AICO""",#C05B16,EL GUACAMAYO,68245,EL GUACAMAYO,2700,27
2700074,1,1,0,0,1,0,0,0,0,0,0,0,0,0,1,0,0,0,0,0,0,0,0,0,0,0,0,0,0,0,0,0,0,0,0,0,0,0,0,0,0,0,0,0,0,0,0,0,0,0,,0.0,0.0,indig_0011,1,100.0,"MOVIMIENTO ALTERNATIVO INDÍGENA Y SOCIAL ""MAIS""",#E30613,EL PLAYON,68255,EL PLAYÓN,2700,27
2700075,29,7,0,4,0,0,0,7,0,0,0,0,0,0,0,0,0,0,0,0,0,0,0,0,0,0,0,0,1,6,0,0,0,0,0,0,0,0,0,0,0,0,0,0,0,0,0,0,0,0,,0.0,13.793103448275861,indig_0006,7,100.0,"MOVIMIENTO AUTORIDADES INDÍGENAS DE COLOMBIA ""AICO""",#C05B16,EL PEÑON,68250,EL PEÑÓN,2700,27
2700076,0,0,0,0,0,0,0,0,0,0,0,0,0,0,0,0,0,0,0,0,0,0,0,0,0,0,0,0,0,0,0,0,0,0,0,0,0,0,0,0,0,0,0,0,0,0,0,0,0,0,,,,indig_0011,0,,"MOVIMIENTO ALTERNATIVO INDÍGENA Y SOCIAL ""MAIS""",#E30613,ENCINO,68264,ENCINO,2700,27
2700079,0,0,0,0,0,0,0,0,0,0,0,0,0,0,0,0,0,0,0,0,0,0,0,0,0,0,0,0,0,0,0,0,0,0,0,0,0,0,0,0,0,0,0,0,0,0,0,0,0,0,,,,indig_0011,0,,"MOVIMIENTO ALTERNATIVO INDÍGENA Y SOCIAL ""MAIS""",#E30613,ENCISO,68266,ENCISO,2700,27
2700080,0,0,0,0,0,0,0,0,0,0,0,0,0,0,0,0,0,0,0,0,0,0,0,0,0,0,0,0,0,0,0,0,0,0,0,0,0,0,0,0,0,0,0,0,0,0,0,0,0,0,,,,indig_0011,0,,"MOVIMIENTO ALTERNATIVO INDÍGENA Y SOCIAL ""MAIS""",#E30613,FLORIAN,68271,FLORIÁN,2700,27
2700082,692,510,227,114,124,32,12,90,3,0,14,1,2,5,4,106,11,3,5,22,4,1,12,0,0,0,5,11,2,72,3,0,0,0,0,0,3,6,2,3,1,0,0,1,1,5,0,0,0,0,,44.509803921568626,16.473988439306357,indig_0011,124,24.313725490196077,"MOVIMIENTO ALTERNATIVO INDÍGENA Y SOCIAL ""MAIS""",#E30613,FLORIDABLANCA,68276,FLORIDABLANCA,2700,27
2700085,12,11,2,1,0,0,0,9,0,0,0,0,0,0,0,0,0,0,0,0,0,0,0,0,0,0,0,0,0,9,0,0,0,0,0,0,0,0,0,0,0,0,0,0,0,0,0,0,0,0,,18.181818181818183,8.333333333333332,indig_0006,9,81.81818181818183,"MOVIMIENTO AUTORIDADES INDÍGENAS DE COLOMBIA ""AICO""",#C05B16,GALAN,68296,GALÁN,2700,27
2700088,6,3,3,2,0,0,0,0,0,0,0,0,0,0,0,0,0,0,0,0,0,0,0,0,0,0,0,0,0,0,0,0,0,0,0,0,0,0,0,0,0,0,0,0,0,0,0,0,0,0,,100.0,33.33333333333333,indig_0011,0,0.0,"MOVIMIENTO ALTERNATIVO INDÍGENA Y SOCIAL ""MAIS""",#E30613,GAMBITA,68298,GÁMBITA,2700,27
2700091,550,370,195,107,35,11,3,111,4,1,6,1,2,1,4,25,3,3,5,4,1,1,3,0,0,0,7,33,1,70,4,0,1,0,0,0,1,4,0,1,1,0,0,0,2,1,0,0,0,0,,52.702702702702695,19.454545454545453,indig_0006,111,30.0,"MOVIMIENTO AUTORIDADES INDÍGENAS DE COLOMBIA ""AICO""",#C05B16,GIRON,68307,GIRÓN,2700,27
2700094,6,4,1,1,0,1,0,2,0,0,0,0,0,0,0,0,0,0,0,1,0,0,0,0,0,0,0,0,0,2,0,0,0,0,0,0,0,0,0,0,0,0,0,0,0,0,0,0,0,0,,25.0,16.666666666666664,indig_0006,2,50.0,"MOVIMIENTO AUTORIDADES INDÍGENAS DE COLOMBIA ""AICO""",#C05B16,GUACA,68318,GUACA,2700,27
2700097,4,4,0,0,3,0,0,1,0,0,0,0,0,0,0,3,0,0,0,0,0,0,0,0,0,0,0,0,0,1,0,0,0,0,0,0,0,0,0,0,0,0,0,0,0,0,0,0,0,0,,0.0,0.0,indig_0011,3,75.0,"MOVIMIENTO ALTERNATIVO INDÍGENA Y SOCIAL ""MAIS""",#E30613,GUADALUPE,68320,GUADALUPE,2700,27
2700100,0,0,0,0,0,0,0,0,0,0,0,0,0,0,0,0,0,0,0,0,0,0,0,0,0,0,0,0,0,0,0,0,0,0,0,0,0,0,0,0,0,0,0,0,0,0,0,0,0,0,,,,indig_0011,0,,"MOVIMIENTO ALTERNATIVO INDÍGENA Y SOCIAL ""MAIS""",#E30613,GUAPOTA,68322,GUAPOTÁ,2700,27
2700103,7,1,1,2,0,0,0,0,0,0,0,0,0,0,0,0,0,0,0,0,0,0,0,0,0,0,0,0,0,0,0,0,0,0,0,0,0,0,0,0,0,0,0,0,0,0,0,0,0,0,,100.0,28.57142857142857,indig_0011,0,0.0,"MOVIMIENTO ALTERNATIVO INDÍGENA Y SOCIAL ""MAIS""",#E30613,GUAVATA,68324,GUAVATÁ,2700,27
2700106,0,0,0,0,0,0,0,0,0,0,0,0,0,0,0,0,0,0,0,0,0,0,0,0,0,0,0,0,0,0,0,0,0,0,0,0,0,0,0,0,0,0,0,0,0,0,0,0,0,0,,,,indig_0011,0,,"MOVIMIENTO ALTERNATIVO INDÍGENA Y SOCIAL ""MAIS""",#E30613,GUEPSA,68327,GÜEPSA,2700,27
2700109,1,1,0,0,1,0,0,0,0,0,0,0,0,0,0,1,0,0,0,0,0,0,0,0,0,0,0,0,0,0,0,0,0,0,0,0,0,0,0,0,0,0,0,0,0,0,0,0,0,0,,0.0,0.0,indig_0011,1,100.0,"MOVIMIENTO ALTERNATIVO INDÍGENA Y SOCIAL ""MAIS""",#E30613,HATO,68344,HATO,2700,27
2700112,0,0,0,0,0,0,0,0,0,0,0,0,0,0,0,0,0,0,0,0,0,0,0,0,0,0,0,0,0,0,0,0,0,0,0,0,0,0,0,0,0,0,0,0,0,0,0,0,0,0,,,,indig_0011,0,,"MOVIMIENTO ALTERNATIVO INDÍGENA Y SOCIAL ""MAIS""",#E30613,JESUS MARIA,68368,JESÚS MARÍA,2700,27
2700115,0,0,0,0,0,0,0,0,0,0,0,0,0,0,0,0,0,0,0,0,0,0,0,0,0,0,0,0,0,0,0,0,0,0,0,0,0,0,0,0,0,0,0,0,0,0,0,0,0,0,,,,indig_0011,0,,"MOVIMIENTO ALTERNATIVO INDÍGENA Y SOCIAL ""MAIS""",#E30613,JORDAN,68370,JORDÁN,2700,27
2700118,0,0,0,0,0,0,0,0,0,0,0,0,0,0,0,0,0,0,0,0,0,0,0,0,0,0,0,0,0,0,0,0,0,0,0,0,0,0,0,0,0,0,0,0,0,0,0,0,0,0,,,,indig_0011,0,,"MOVIMIENTO ALTERNATIVO INDÍGENA Y SOCIAL ""MAIS""",#E30613,LA PAZ,68397,LA PAZ,2700,27
2700119,9,7,6,0,0,1,0,0,0,0,0,0,0,0,0,0,0,0,0,1,0,0,0,0,0,0,0,0,0,0,0,0,0,0,0,0,0,0,0,0,0,0,0,0,0,0,0,0,0,0,,85.71428571428571,0.0,indig_0285,1,14.285714285714285,ASOCIACIÓN DE AUTORIDADES TRADICIONALES INDÍGENAS,#811EC5,LA BELLEZA,68377,LA BELLEZA,2700,27
2700120,0,0,0,0,0,0,0,0,0,0,0,0,0,0,0,0,0,0,0,0,0,0,0,0,0,0,0,0,0,0,0,0,0,0,0,0,0,0,0,0,0,0,0,0,0,0,0,0,0,0,,,,indig_0011,0,,"MOVIMIENTO ALTERNATIVO INDÍGENA Y SOCIAL ""MAIS""",#E30613,LANDAZURI,68385,LANDÁZURI,2700,27
2700121,136,94,34,23,26,0,0,32,0,0,0,1,0,1,1,25,0,0,0,0,0,0,0,0,0,0,1,2,1,28,0,0,0,0,0,0,0,0,0,0,1,0,0,0,0,1,0,0,0,0,,36.17021276595745,16.911764705882355,indig_0006,32,34.04255319148936,"MOVIMIENTO AUTORIDADES INDÍGENAS DE COLOMBIA ""AICO""",#C05B16,LEBRIJA,68406,LEBRIJA,2700,27
2700124,58,16,12,15,1,1,0,2,0,0,0,0,0,0,0,1,0,0,0,1,0,0,0,0,0,0,0,2,0,0,0,0,0,0,0,0,0,0,0,0,0,0,0,0,0,0,0,0,0,0,,75.0,25.862068965517242,indig_0006,2,12.5,"MOVIMIENTO AUTORIDADES INDÍGENAS DE COLOMBIA ""AICO""",#C05B16,LOS SANTOS,68418,LOS SANTOS,2700,27
2700127,0,0,0,0,0,0,0,0,0,0,0,0,0,0,0,0,0,0,0,0,0,0,0,0,0,0,0,0,0,0,0,0,0,0,0,0,0,0,0,0,0,0,0,0,0,0,0,0,0,0,,,,indig_0011,0,,"MOVIMIENTO ALTERNATIVO INDÍGENA Y SOCIAL ""MAIS""",#E30613,MACARAVITA,68425,MACARAVITA,2700,27
2700130,15,15,2,0,1,8,0,4,0,0,0,0,0,0,0,1,0,0,1,6,0,1,0,0,0,0,0,3,0,1,0,0,0,0,0,0,0,0,0,0,0,0,0,0,0,0,0,0,0,0,,13.333333333333334,0.0,indig_0285,8,53.333333333333336,ASOCIACIÓN DE AUTORIDADES TRADICIONALES INDÍGENAS,#811EC5,MALAGA,68432,MÁLAGA,2700,27
2700133,8,3,0,0,2,0,0,1,0,0,0,0,0,0,0,2,0,0,0,0,0,0,0,0,0,0,0,0,0,1,0,0,0,0,0,0,0,0,0,0,0,0,0,0,0,0,0,0,0,0,,0.0,0.0,indig_0011,2,66.66666666666666,"MOVIMIENTO ALTERNATIVO INDÍGENA Y SOCIAL ""MAIS""",#E30613,MATANZA,68444,MATANZA,2700,27
2700136,28,1,1,15,0,0,0,0,0,0,0,0,0,0,0,0,0,0,0,0,0,0,0,0,0,0,0,0,0,0,0,0,0,0,0,0,0,0,0,0,0,0,0,0,0,0,0,0,0,0,,100.0,53.57142857142857,indig_0011,0,0.0,"MOVIMIENTO ALTERNATIVO INDÍGENA Y SOCIAL ""MAIS""",#E30613,MOGOTES,68464,MOGOTES,2700,27
2700139,16,0,0,4,0,0,0,0,0,0,0,0,0,0,0,0,0,0,0,0,0,0,0,0,0,0,0,0,0,0,0,0,0,0,0,0,0,0,0,0,0,0,0,0,0,0,0,0,0,0,,,25.0,indig_0011,0,,"MOVIMIENTO ALTERNATIVO INDÍGENA Y SOCIAL ""MAIS""",#E30613,MOLAGAVITA,68468,MOLAGAVITA,2700,27
2700142,0,0,0,0,0,0,0,0,0,0,0,0,0,0,0,0,0,0,0,0,0,0,0,0,0,0,0,0,0,0,0,0,0,0,0,0,0,0,0,0,0,0,0,0,0,0,0,0,0,0,,,,indig_0011,0,,"MOVIMIENTO ALTERNATIVO INDÍGENA Y SOCIAL ""MAIS""",#E30613,OCAMONTE,68498,OCAMONTE,2700,27
2700145,14,8,3,2,2,1,0,1,0,0,1,0,0,0,1,0,0,1,1,0,0,0,0,0,0,0,0,0,0,1,0,0,0,0,0,0,0,1,0,0,0,0,0,0,0,0,0,0,0,0,,37.5,14.285714285714285,indig_0011,2,25.0,"MOVIMIENTO ALTERNATIVO INDÍGENA Y SOCIAL ""MAIS""",#E30613,OIBA,68500,OIBA,2700,27
2700148,0,0,0,0,0,0,0,0,0,0,0,0,0,0,0,0,0,0,0,0,0,0,0,0,0,0,0,0,0,0,0,0,0,0,0,0,0,0,0,0,0,0,0,0,0,0,0,0,0,0,,,,indig_0011,0,,"MOVIMIENTO ALTERNATIVO INDÍGENA Y SOCIAL ""MAIS""",#E30613,ONZAGA,68502,ONZAGA,2700,27
2700151,1,1,0,0,1,0,0,0,0,0,0,0,0,0,0,0,1,0,0,0,0,0,0,0,0,0,0,0,0,0,0,0,0,0,0,0,0,0,0,0,0,0,0,0,0,0,0,0,0,0,,0.0,0.0,indig_0011,1,100.0,"MOVIMIENTO ALTERNATIVO INDÍGENA Y SOCIAL ""MAIS""",#E30613,PALMAR,68522,PALMAR,2700,27
2700154,9,8,7,1,1,0,0,0,0,0,0,0,0,0,1,0,0,0,0,0,0,0,0,0,0,0,0,0,0,0,0,0,0,0,0,0,0,0,0,0,0,0,0,0,0,0,0,0,0,0,,87.5,11.11111111111111,indig_0011,1,12.5,"MOVIMIENTO ALTERNATIVO INDÍGENA Y SOCIAL ""MAIS""",#E30613,PALMAS DEL SOCORRO,68524,PALMAS DEL SOCORRO,2700,27
2700157,14,2,1,6,0,0,0,0,0,0,0,1,0,0,0,0,0,0,0,0,0,0,0,0,0,0,0,0,0,0,0,0,0,0,0,0,0,0,0,0,1,0,0,0,0,0,0,0,0,0,,50.0,42.857142857142854,indig_0237,1,50.0,ACMIZSAM,#F2459B,PARAMO,68533,PÁRAMO,2700,27
2700160,580,343,254,113,12,9,3,54,1,2,6,1,0,1,3,9,0,0,0,7,2,0,3,0,0,0,6,6,0,42,1,0,2,0,0,0,0,1,1,4,1,0,0,0,0,1,0,0,0,0,,74.05247813411079,19.482758620689655,indig_0006,54,15.743440233236154,"MOVIMIENTO AUTORIDADES INDÍGENAS DE COLOMBIA ""AICO""",#C05B16,PIEDECUESTA,68547,PIEDECUESTA,2700,27
2700163,27,10,9,5,0,0,0,1,0,0,0,0,0,0,0,0,0,0,0,0,0,0,0,0,0,0,0,0,0,1,0,0,0,0,0,0,0,0,0,0,0,0,0,0,0,0,0,0,0,0,,90.0,18.51851851851852,indig_0006,1,10.0,"MOVIMIENTO AUTORIDADES INDÍGENAS DE COLOMBIA ""AICO""",#C05B16,PINCHOTE,68549,PINCHOTE,2700,27
2700166,28,5,5,16,0,0,0,0,0,0,0,0,0,0,0,0,0,0,0,0,0,0,0,0,0,0,0,0,0,0,0,0,0,0,0,0,0,0,0,0,0,0,0,0,0,0,0,0,0,0,,100.0,57.14285714285714,indig_0011,0,0.0,"MOVIMIENTO ALTERNATIVO INDÍGENA Y SOCIAL ""MAIS""",#E30613,PUENTE NACIONAL,68572,PUENTE NACIONAL,2700,27
2700167,0,0,0,0,0,0,0,0,0,0,0,0,0,0,0,0,0,0,0,0,0,0,0,0,0,0,0,0,0,0,0,0,0,0,0,0,0,0,0,0,0,0,0,0,0,0,0,0,0,0,,,,indig_0011,0,,"MOVIMIENTO ALTERNATIVO INDÍGENA Y SOCIAL ""MAIS""",#E30613,PUERTO PARRA,68573,PUERTO PARRA,2700,27
2700169,113,21,19,33,2,0,0,0,0,0,0,0,0,0,0,2,0,0,0,0,0,0,0,0,0,0,0,0,0,0,0,0,0,0,0,0,0,0,0,0,0,0,0,0,0,0,0,0,0,0,,90.47619047619048,29.20353982300885,indig_0011,2,9.523809523809524,"MOVIMIENTO ALTERNATIVO INDÍGENA Y SOCIAL ""MAIS""",#E30613,PUERTO WILCHES,68575,PUERTO WILCHES,2700,27
2700172,64,48,8,10,23,4,0,13,0,0,0,0,0,0,0,18,3,2,1,2,1,0,0,0,0,0,2,0,0,11,0,0,0,0,0,0,0,0,0,0,0,0,0,0,0,0,0,0,0,0,,16.666666666666664,15.625,indig_0011,23,47.91666666666667,"MOVIMIENTO ALTERNATIVO INDÍGENA Y SOCIAL ""MAIS""",#E30613,RIONEGRO,68615,RIONEGRO,2700,27
2700174,57,20,18,24,1,0,0,1,0,0,0,0,0,0,0,1,0,0,0,0,0,0,0,0,0,0,0,0,0,1,0,0,0,0,0,0,0,0,0,0,0,0,0,0,0,0,0,0,0,0,,90.0,42.10526315789473,indig_0011,1,5.0,"MOVIMIENTO ALTERNATIVO INDÍGENA Y SOCIAL ""MAIS""",#E30613,SABANA DE TORRES,68655,SABANA DE TORRES,2700,27
2700175,6,2,1,3,0,0,0,1,0,0,0,0,0,0,0,0,0,0,0,0,0,0,0,0,0,0,0,0,0,1,0,0,0,0,0,0,0,0,0,0,0,0,0,0,0,0,0,0,0,0,,50.0,50.0,indig_0006,1,50.0,"MOVIMIENTO AUTORIDADES INDÍGENAS DE COLOMBIA ""AICO""",#C05B16,SAN ANDRES,68669,SAN ANDRÉS,2700,27
2700178,0,0,0,0,0,0,0,0,0,0,0,0,0,0,0,0,0,0,0,0,0,0,0,0,0,0,0,0,0,0,0,0,0,0,0,0,0,0,0,0,0,0,0,0,0,0,0,0,0,0,,,,indig_0011,0,,"MOVIMIENTO ALTERNATIVO INDÍGENA Y SOCIAL ""MAIS""",#E30613,SAN BENITO,68673,SAN BENITO,2700,27
2700181,56,40,28,12,1,3,1,6,0,0,0,0,1,0,0,1,0,0,1,1,0,1,1,0,0,0,0,0,0,6,0,0,0,0,0,0,0,0,0,0,0,0,0,1,0,0,0,0,0,0,,70.0,21.428571428571427,indig_0006,6,15.0,"MOVIMIENTO AUTORIDADES INDÍGENAS DE COLOMBIA ""AICO""",#C05B16,SAN GIL,68679,SAN GIL,2700,27
2700184,0,0,0,0,0,0,0,0,0,0,0,0,0,0,0,0,0,0,0,0,0,0,0,0,0,0,0,0,0,0,0,0,0,0,0,0,0,0,0,0,0,0,0,0,0,0,0,0,0,0,,,,indig_0011,0,,"MOVIMIENTO ALTERNATIVO INDÍGENA Y SOCIAL ""MAIS""",#E30613,SAN JOAQUIN,68682,SAN JOAQUÍN,2700,27
2700187,9,2,2,6,0,0,0,0,0,0,0,0,0,0,0,0,0,0,0,0,0,0,0,0,0,0,0,0,0,0,0,0,0,0,0,0,0,0,0,0,0,0,0,0,0,0,0,0,0,0,,100.0,66.66666666666666,indig_0011,0,0.0,"MOVIMIENTO ALTERNATIVO INDÍGENA Y SOCIAL ""MAIS""",#E30613,SAN JOSE DE MIRANDA,68684,SAN JOSÉ DE MIRANDA,2700,27
2700190,0,0,0,0,0,0,0,0,0,0,0,0,0,0,0,0,0,0,0,0,0,0,0,0,0,0,0,0,0,0,0,0,0,0,0,0,0,0,0,0,0,0,0,0,0,0,0,0,0,0,,,,indig_0011,0,,"MOVIMIENTO ALTERNATIVO INDÍGENA Y SOCIAL ""MAIS""",#E30613,SAN MIGUEL,68686,SAN MIGUEL,2700,27
2700193,42,8,5,16,1,0,0,2,0,0,0,0,0,0,0,1,0,0,0,0,0,0,0,0,0,0,0,0,0,2,0,0,0,0,0,0,0,0,0,0,0,0,0,0,0,0,0,0,0,0,,62.5,38.095238095238095,indig_0006,2,25.0,"MOVIMIENTO AUTORIDADES INDÍGENAS DE COLOMBIA ""AICO""",#C05B16,SAN VICENTE DE CHUCURI,68689,SAN VICENTE DE CHUCURÍ,2700,27
2700194,1,1,0,0,1,0,0,0,0,0,0,0,0,0,0,1,0,0,0,0,0,0,0,0,0,0,0,0,0,0,0,0,0,0,0,0,0,0,0,0,0,0,0,0,0,0,0,0,0,0,,0.0,0.0,indig_0011,1,100.0,"MOVIMIENTO ALTERNATIVO INDÍGENA Y SOCIAL ""MAIS""",#E30613,SANTA HELENA DEL OPON,68720,SANTA HELENA DEL OPÓN,2700,27
2700195,1,1,0,0,0,0,0,1,0,0,0,0,0,0,0,0,0,0,0,0,0,0,0,0,0,0,0,0,0,1,0,0,0,0,0,0,0,0,0,0,0,0,0,0,0,0,0,0,0,0,,0.0,0.0,indig_0006,1,100.0,"MOVIMIENTO AUTORIDADES INDÍGENAS DE COLOMBIA ""AICO""",#C05B16,SANTA BARBARA,68705,SANTA BÁRBARA,2700,27
2700196,2,2,0,0,0,1,0,0,0,0,0,1,0,0,0,0,0,0,0,1,0,0,0,0,0,0,0,0,0,0,0,0,0,0,0,0,0,0,0,0,1,0,0,0,0,0,0,0,0,0,,0.0,0.0,indig_0285,1,50.0,ASOCIACIÓN DE AUTORIDADES TRADICIONALES INDÍGENAS,#811EC5,SIMACOTA,68745,SIMACOTA,2700,27
2700199,120,87,5,11,45,2,0,28,0,0,3,1,3,0,3,37,2,3,0,2,0,0,0,0,0,0,1,0,0,27,0,0,0,0,0,0,1,1,0,1,1,0,0,0,3,0,0,0,0,0,,5.747126436781609,9.166666666666666,indig_0011,45,51.724137931034484,"MOVIMIENTO ALTERNATIVO INDÍGENA Y SOCIAL ""MAIS""",#E30613,SOCORRO,68755,SOCORRO,2700,27
2700202,11,4,4,1,0,0,0,0,0,0,0,0,0,0,0,0,0,0,0,0,0,0,0,0,0,0,0,0,0,0,0,0,0,0,0,0,0,0,0,0,0,0,0,0,0,0,0,0,0,0,,100.0,9.090909090909092,indig_0011,0,0.0,"MOVIMIENTO ALTERNATIVO INDÍGENA Y SOCIAL ""MAIS""",#E30613,SUAITA,68770,SUAITA,2700,27
2700205,0,0,0,0,0,0,0,0,0,0,0,0,0,0,0,0,0,0,0,0,0,0,0,0,0,0,0,0,0,0,0,0,0,0,0,0,0,0,0,0,0,0,0,0,0,0,0,0,0,0,,,,indig_0011,0,,"MOVIMIENTO ALTERNATIVO INDÍGENA Y SOCIAL ""MAIS""",#E30613,SUCRE,68773,SUCRE,2700,27
2700208,3,3,0,0,0,0,0,3,0,0,0,0,0,0,0,0,0,0,0,0,0,0,0,0,0,0,0,0,0,3,0,0,0,0,0,0,0,0,0,0,0,0,0,0,0,0,0,0,0,0,,0.0,0.0,indig_0006,3,100.0,"MOVIMIENTO AUTORIDADES INDÍGENAS DE COLOMBIA ""AICO""",#C05B16,SURATA,68780,SURATÁ,2700,27
2700211,3,3,0,0,1,0,1,1,0,0,0,0,0,0,0,1,0,0,0,0,0,0,1,0,0,0,0,0,0,1,0,0,0,0,0,0,0,0,0,0,0,0,0,0,0,0,0,0,0,0,,0.0,0.0,indig_0011,1,33.33333333333333,"MOVIMIENTO ALTERNATIVO INDÍGENA Y SOCIAL ""MAIS""",#E30613,TONA,68820,TONA,2700,27
2700217,0,0,0,0,0,0,0,0,0,0,0,0,0,0,0,0,0,0,0,0,0,0,0,0,0,0,0,0,0,0,0,0,0,0,0,0,0,0,0,0,0,0,0,0,0,0,0,0,0,0,,,,indig_0011,0,,"MOVIMIENTO ALTERNATIVO INDÍGENA Y SOCIAL ""MAIS""",#E30613,VALLE DE SAN JOSE,68855,VALLE DE SAN JOSÉ,2700,27
2700219,1,1,0,0,0,0,0,1,0,0,0,0,0,0,0,0,0,0,0,0,0,0,0,0,0,0,0,0,0,1,0,0,0,0,0,0,0,0,0,0,0,0,0,0,0,0,0,0,0,0,,0.0,0.0,indig_0006,1,100.0,"MOVIMIENTO AUTORIDADES INDÍGENAS DE COLOMBIA ""AICO""",#C05B16,VETAS,68867,VETAS,2700,27
2700220,46,30,16,12,4,0,0,10,0,0,0,0,0,0,0,4,0,0,0,0,0,0,0,0,0,0,0,10,0,0,0,0,0,0,0,0,0,0,0,0,0,0,0,0,0,0,0,0,0,0,,53.333333333333336,26.08695652173913,indig_0006,10,33.33333333333333,"MOVIMIENTO AUTORIDADES INDÍGENAS DE COLOMBIA ""AICO""",#C05B16,VELEZ,68861,VÉLEZ,2700,27
2700221,0,0,0,0,0,0,0,0,0,0,0,0,0,0,0,0,0,0,0,0,0,0,0,0,0,0,0,0,0,0,0,0,0,0,0,0,0,0,0,0,0,0,0,0,0,0,0,0,0,0,,,,indig_0011,0,,"MOVIMIENTO ALTERNATIVO INDÍGENA Y SOCIAL ""MAIS""",#E30613,VILLANUEVA,68872,VILLANUEVA,2700,27
2700223,15,4,3,5,1,0,0,0,0,0,0,0,0,0,0,1,0,0,0,0,0,0,0,0,0,0,0,0,0,0,0,0,0,0,0,0,0,0,0,0,0,0,0,0,0,0,0,0,0,0,,75.0,33.33333333333333,indig_0011,1,25.0,"MOVIMIENTO ALTERNATIVO INDÍGENA Y SOCIAL ""MAIS""",#E30613,ZAPATOCA,68895,ZAPATOCA,2700,27
2800001,1084,546,301,289,106,29,6,22,9,1,27,20,18,7,10,77,14,5,10,12,5,2,6,0,0,0,2,7,1,12,9,0,1,0,0,0,8,12,5,2,20,0,5,9,4,7,0,0,0,0,,55.12820512820513,26.660516605166052,indig_0011,106,19.413919413919416,"MOVIMIENTO ALTERNATIVO INDÍGENA Y SOCIAL ""MAIS""",#E30613,SINCELEJO,70001,SINCELEJO,2800,28
2800010,21,0,0,18,0,0,0,0,0,0,0,0,0,0,0,0,0,0,0,0,0,0,0,0,0,0,0,0,0,0,0,0,0,0,0,0,0,0,0,0,0,0,0,0,0,0,0,0,0,0,,,85.71428571428571,indig_0011,0,,"MOVIMIENTO ALTERNATIVO INDÍGENA Y SOCIAL ""MAIS""",#E30613,BUENAVISTA,70110,BUENAVISTA,2800,28
2800020,37,11,4,19,6,0,0,0,1,0,0,0,0,0,0,4,2,0,0,0,0,0,0,0,0,0,0,0,0,0,1,0,0,0,0,0,0,0,0,0,0,0,0,0,0,0,0,0,0,0,,36.36363636363637,51.35135135135135,indig_0011,6,54.54545454545454,"MOVIMIENTO ALTERNATIVO INDÍGENA Y SOCIAL ""MAIS""",#E30613,CAIMITO,70124,CAIMITO,2800,28
2800030,13,0,0,7,0,0,0,0,0,0,0,0,0,0,0,0,0,0,0,0,0,0,0,0,0,0,0,0,0,0,0,0,0,0,0,0,0,0,0,0,0,0,0,0,0,0,0,0,0,0,,,53.84615384615385,indig_0011,0,,"MOVIMIENTO ALTERNATIVO INDÍGENA Y SOCIAL ""MAIS""",#E30613,COLOSO (RICAURTE),70204,COLOSÓ,2800,28
2800040,198,56,30,93,17,2,0,2,2,0,2,0,1,0,2,11,2,2,0,2,0,0,0,0,0,0,0,0,0,2,2,0,0,0,0,0,0,2,0,0,0,0,0,1,0,0,0,0,0,0,,53.57142857142857,46.96969696969697,indig_0011,17,30.357142857142854,"MOVIMIENTO ALTERNATIVO INDÍGENA Y SOCIAL ""MAIS""",#E30613,COROZAL,70215,COROZAL,2800,28
2800041,83,42,12,23,12,1,2,0,0,0,3,10,2,0,2,10,0,0,0,1,0,0,2,0,0,0,0,0,0,0,0,0,0,0,0,0,0,2,1,0,10,0,0,2,0,0,0,0,0,0,,28.57142857142857,27.710843373493976,indig_0011,12,28.57142857142857,"MOVIMIENTO ALTERNATIVO INDÍGENA Y SOCIAL ""MAIS""",#E30613,COVEÑAS,70221,COVEÑAS,2800,28
2800042,26,8,7,16,1,0,0,0,0,0,0,0,0,0,0,1,0,0,0,0,0,0,0,0,0,0,0,0,0,0,0,0,0,0,0,0,0,0,0,0,0,0,0,0,0,0,0,0,0,0,,87.5,61.53846153846154,indig_0011,1,12.5,"MOVIMIENTO ALTERNATIVO INDÍGENA Y SOCIAL ""MAIS""",#E30613,EL ROBLE,70233,EL ROBLE,2800,28
2800045,0,0,0,0,0,0,0,0,0,0,0,0,0,0,0,0,0,0,0,0,0,0,0,0,0,0,0,0,0,0,0,0,0,0,0,0,0,0,0,0,0,0,0,0,0,0,0,0,0,0,,,,indig_0011,0,,"MOVIMIENTO ALTERNATIVO INDÍGENA Y SOCIAL ""MAIS""",#E30613,CHALAN,70230,CHALÁN,2800,28
2800048,69,21,5,23,14,0,0,0,0,0,0,1,0,1,2,12,0,0,0,0,0,0,0,0,0,0,0,0,0,0,0,0,0,0,0,0,0,0,0,0,1,0,0,0,0,1,0,0,0,0,,23.809523809523807,33.33333333333333,indig_0011,14,66.66666666666666,"MOVIMIENTO ALTERNATIVO INDÍGENA Y SOCIAL ""MAIS""",#E30613,GALERAS (NUEVA GRANADA),70235,GALERAS,2800,28
2800049,53,3,3,43,0,0,0,0,0,0,0,0,0,0,0,0,0,0,0,0,0,0,0,0,0,0,0,0,0,0,0,0,0,0,0,0,0,0,0,0,0,0,0,0,0,0,0,0,0,0,,100.0,81.13207547169812,indig_0011,0,0.0,"MOVIMIENTO ALTERNATIVO INDÍGENA Y SOCIAL ""MAIS""",#E30613,GUARANDA,70265,GUARANDA,2800,28
2800050,35,8,4,17,3,0,1,0,0,0,0,0,0,0,0,3,0,0,0,0,0,0,1,0,0,0,0,0,0,0,0,0,0,0,0,0,0,0,0,0,0,0,0,0,0,0,0,0,0,0,,50.0,48.57142857142857,indig_0011,3,37.5,"MOVIMIENTO ALTERNATIVO INDÍGENA Y SOCIAL ""MAIS""",#E30613,LA UNION,70400,LA UNIÓN,2800,28
2800055,42,12,6,19,6,0,0,0,0,0,0,0,0,0,0,6,0,0,0,0,0,0,0,0,0,0,0,0,0,0,0,0,0,0,0,0,0,0,0,0,0,0,0,0,0,0,0,0,0,0,,50.0,45.23809523809524,indig_0011,6,50.0,"MOVIMIENTO ALTERNATIVO INDÍGENA Y SOCIAL ""MAIS""",#E30613,LOS PALMITOS,70418,LOS PALMITOS,2800,28
2800060,62,14,10,41,3,0,0,1,0,0,0,0,0,0,2,1,0,0,0,0,0,0,0,0,0,0,0,0,1,0,0,0,0,0,0,0,0,0,0,0,0,0,0,0,0,0,0,0,0,0,,71.42857142857143,66.12903225806451,indig_0011,3,21.428571428571427,"MOVIMIENTO ALTERNATIVO INDÍGENA Y SOCIAL ""MAIS""",#E30613,MAJAGUAL,70429,MAJAGUAL,2800,28
2800080,14,10,5,2,2,0,0,2,0,0,0,0,1,0,0,2,0,0,0,0,0,0,0,0,0,0,0,2,0,0,0,0,0,0,0,0,0,0,0,0,0,0,1,0,0,0,0,0,0,0,,50.0,14.285714285714285,indig_0011,2,20.0,"MOVIMIENTO ALTERNATIVO INDÍGENA Y SOCIAL ""MAIS""",#E30613,MORROA,70473,MORROA,2800,28
2800100,335,248,14,67,38,7,1,185,0,0,2,1,0,0,2,27,5,4,1,3,0,3,1,0,0,0,7,12,3,163,0,0,0,0,0,0,0,1,1,0,1,0,0,0,0,0,0,0,0,0,,5.64516129032258,20.0,indig_0006,185,74.59677419354838,"MOVIMIENTO AUTORIDADES INDÍGENAS DE COLOMBIA ""AICO""",#C05B16,OVEJAS,70508,OVEJAS,2800,28
2800120,105,7,3,58,4,0,0,0,0,0,0,0,0,0,1,1,1,1,0,0,0,0,0,0,0,0,0,0,0,0,0,0,0,0,0,0,0,0,0,0,0,0,0,0,0,0,0,0,0,0,,42.857142857142854,55.23809523809524,indig_0011,4,57.14285714285714,"MOVIMIENTO ALTERNATIVO INDÍGENA Y SOCIAL ""MAIS""",#E30613,PALMITO,70523,PALMITO,2800,28
2800160,314,175,49,69,100,10,0,0,4,0,6,1,4,1,18,66,12,4,3,5,2,0,0,0,0,0,0,0,0,0,4,0,0,0,0,0,0,4,1,1,1,0,3,1,0,1,0,0,0,0,,28.000000000000004,21.97452229299363,indig_0011,100,57.14285714285714,"MOVIMIENTO ALTERNATIVO INDÍGENA Y SOCIAL ""MAIS""",#E30613,SAMPUES,70670,SAMPUÉS,2800,28
2800180,21,9,1,10,5,0,0,3,0,0,0,0,0,0,1,2,2,0,0,0,0,0,0,0,0,0,0,1,0,2,0,0,0,0,0,0,0,0,0,0,0,0,0,0,0,0,0,0,0,0,,11.11111111111111,47.61904761904761,indig_0011,5,55.55555555555556,"MOVIMIENTO ALTERNATIVO INDÍGENA Y SOCIAL ""MAIS""",#E30613,SAN BENITO ABAD,70678,SAN BENITO ABAD,2800,28
2800190,15,7,4,2,2,0,0,0,1,0,0,0,0,0,0,1,0,1,0,0,0,0,0,0,0,0,0,0,0,0,1,0,0,0,0,0,0,0,0,0,0,0,0,0,0,0,0,0,0,0,,57.14285714285714,13.333333333333334,indig_0011,2,28.57142857142857,"MOVIMIENTO ALTERNATIVO INDÍGENA Y SOCIAL ""MAIS""",#E30613,SAN JUAN DE BETULIA (BETULIA),70702,SAN JUAN DE BETULIA,2800,28
2800200,144,65,9,52,49,0,1,1,0,0,5,0,0,0,0,45,4,0,0,0,0,0,1,0,0,0,1,0,0,0,0,0,0,0,0,0,0,5,0,0,0,0,0,0,0,0,0,0,0,0,,13.846153846153847,36.11111111111111,indig_0011,49,75.38461538461539,"MOVIMIENTO ALTERNATIVO INDÍGENA Y SOCIAL ""MAIS""",#E30613,SAN MARCOS,70708,SAN MARCOS,2800,28
2800220,285,54,31,122,14,0,0,2,0,0,4,1,2,0,2,9,2,1,0,0,0,0,0,0,0,0,0,2,0,0,0,0,0,0,0,0,0,2,1,1,1,0,1,0,1,0,0,0,0,0,,57.407407407407405,42.80701754385965,indig_0011,14,25.925925925925924,"MOVIMIENTO ALTERNATIVO INDÍGENA Y SOCIAL ""MAIS""",#E30613,SAN ONOFRE,70713,SAN ONOFRE,2800,28
2800240,38,8,3,21,3,1,0,0,0,0,1,0,0,0,0,2,0,1,0,0,1,0,0,0,0,0,0,0,0,0,0,0,0,0,0,0,0,1,0,0,0,0,0,0,0,0,0,0,0,0,,37.5,55.26315789473685,indig_0011,3,37.5,"MOVIMIENTO ALTERNATIVO INDÍGENA Y SOCIAL ""MAIS""",#E30613,SAN PEDRO,70717,SAN PEDRO,2800,28
2800260,88,22,14,55,7,0,0,1,0,0,0,0,0,0,0,7,0,0,0,0,0,0,0,0,0,0,1,0,0,0,0,0,0,0,0,0,0,0,0,0,0,0,0,0,0,0,0,0,0,0,,63.63636363636363,62.5,indig_0011,7,31.818181818181817,"MOVIMIENTO ALTERNATIVO INDÍGENA Y SOCIAL ""MAIS""",#E30613,SINCE,70742,SAN LUIS DE SINCÉ,2800,28
2800280,102,10,9,61,1,0,0,0,0,0,0,0,0,0,1,0,0,0,0,0,0,0,0,0,0,0,0,0,0,0,0,0,0,0,0,0,0,0,0,0,0,0,0,0,0,0,0,0,0,0,,90.0,59.80392156862745,indig_0011,1,10.0,"MOVIMIENTO ALTERNATIVO INDÍGENA Y SOCIAL ""MAIS""",#E30613,SUCRE,70771,SUCRE,2800,28
2800300,144,38,11,79,24,0,1,0,0,0,1,0,0,1,1,21,1,1,0,0,0,0,1,0,0,0,0,0,0,0,0,0,0,0,0,0,0,1,0,0,0,0,0,0,0,1,0,0,0,0,,28.947368421052634,54.861111111111114,indig_0011,24,63.1578947368421,"MOVIMIENTO ALTERNATIVO INDÍGENA Y SOCIAL ""MAIS""",#E30613,TOLU,70820,SANTIAGO DE TOLÚ,2800,28
2800320,132,58,27,44,22,5,2,1,0,0,0,0,0,1,3,14,5,0,0,3,2,0,2,0,0,0,1,0,0,0,0,0,0,0,0,0,0,0,0,0,0,0,0,0,0,1,0,0,0,0,,46.55172413793103,33.33333333333333,indig_0011,22,37.93103448275862,"MOVIMIENTO ALTERNATIVO INDÍGENA Y SOCIAL ""MAIS""",#E30613,TOLUVIEJO,70823,SAN JOSÉ DE TOLUVIEJO,2800,28
2900001,1793,1222,637,311,138,80,16,211,21,10,71,12,20,6,31,80,17,10,17,32,26,5,16,0,0,0,25,163,14,9,21,0,10,0,0,0,13,40,9,9,12,0,7,8,5,6,0,0,0,0,,52.12765957446809,17.345231455660905,indig_0006,211,17.266775777414075,"MOVIMIENTO AUTORIDADES INDÍGENAS DE COLOMBIA ""AICO""",#C05B16,IBAGUE,73001,IBAGUÉ,2900,29
2900004,47,13,13,15,0,0,0,0,0,0,0,0,0,0,0,0,0,0,0,0,0,0,0,0,0,0,0,0,0,0,0,0,0,0,0,0,0,0,0,0,0,0,0,0,0,0,0,0,0,0,,100.0,31.914893617021278,indig_0011,0,0.0,"MOVIMIENTO ALTERNATIVO INDÍGENA Y SOCIAL ""MAIS""",#E30613,ALPUJARRA,73024,ALPUJARRA,2900,29
2900007,32,3,3,6,0,0,0,0,0,0,0,0,0,0,0,0,0,0,0,0,0,0,0,0,0,0,0,0,0,0,0,0,0,0,0,0,0,0,0,0,0,0,0,0,0,0,0,0,0,0,,100.0,18.75,indig_0011,0,0.0,"MOVIMIENTO ALTERNATIVO INDÍGENA Y SOCIAL ""MAIS""",#E30613,ALVARADO,73026,ALVARADO,2900,29
2900010,57,5,5,27,0,0,0,0,0,0,0,0,0,0,0,0,0,0,0,0,0,0,0,0,0,0,0,0,0,0,0,0,0,0,0,0,0,0,0,0,0,0,0,0,0,0,0,0,0,0,,100.0,47.368421052631575,indig_0011,0,0.0,"MOVIMIENTO ALTERNATIVO INDÍGENA Y SOCIAL ""MAIS""",#E30613,AMBALEMA,73030,AMBALEMA,2900,29
2900013,50,4,3,17,1,0,0,0,0,0,0,0,0,0,0,0,1,0,0,0,0,0,0,0,0,0,0,0,0,0,0,0,0,0,0,0,0,0,0,0,0,0,0,0,0,0,0,0,0,0,,75.0,34.0,indig_0011,1,25.0,"MOVIMIENTO ALTERNATIVO INDÍGENA Y SOCIAL ""MAIS""",#E30613,ANZOATEGUI,73043,ANZOÁTEGUI,2900,29
2900016,46,19,14,16,1,0,0,3,0,0,1,0,0,0,0,1,0,0,0,0,0,0,0,0,0,0,0,3,0,0,0,0,0,0,0,0,0,1,0,0,0,0,0,0,0,0,0,0,0,0,,73.68421052631578,34.78260869565217,indig_0006,3,15.789473684210526,"MOVIMIENTO AUTORIDADES INDÍGENAS DE COLOMBIA ""AICO""",#C05B16,ARMERO (GUAYABAL),73055,ARMERO,2900,29
2900019,44,32,12,3,13,0,0,4,0,0,1,1,1,0,2,10,0,1,0,0,0,0,0,0,0,0,1,2,0,1,0,0,0,0,0,0,0,1,0,0,1,0,0,1,0,0,0,0,0,0,,37.5,6.8181818181818175,indig_0011,13,40.625,"MOVIMIENTO ALTERNATIVO INDÍGENA Y SOCIAL ""MAIS""",#E30613,ATACO,73067,ATACO,2900,29
2900022,56,22,12,10,2,1,0,6,0,0,1,0,0,0,0,0,1,1,1,0,0,0,0,0,0,0,0,5,1,0,0,0,0,0,0,0,0,1,0,0,0,0,0,0,0,0,0,0,0,0,,54.54545454545454,17.857142857142858,indig_0006,6,27.27272727272727,"MOVIMIENTO AUTORIDADES INDÍGENAS DE COLOMBIA ""AICO""",#C05B16,CAJAMARCA,73124,CAJAMARCA,2900,29
2900025,40,16,8,9,6,1,0,0,0,0,0,0,1,0,1,5,0,0,0,1,0,0,0,0,0,0,0,0,0,0,0,0,0,0,0,0,0,0,0,0,0,0,0,0,1,0,0,0,0,0,,50.0,22.5,indig_0011,6,37.5,"MOVIMIENTO ALTERNATIVO INDÍGENA Y SOCIAL ""MAIS""",#E30613,CARMEN DE APICALA,73148,CARMEN DE APICALÁ,2900,29
2900028,15,2,2,5,0,0,0,0,0,0,0,0,0,0,0,0,0,0,0,0,0,0,0,0,0,0,0,0,0,0,0,0,0,0,0,0,0,0,0,0,0,0,0,0,0,0,0,0,0,0,,100.0,33.33333333333333,indig_0011,0,0.0,"MOVIMIENTO ALTERNATIVO INDÍGENA Y SOCIAL ""MAIS""",#E30613,CASABIANCA,73152,CASABIANCA,2900,29
2900031,13,4,1,3,2,0,0,1,0,0,0,0,0,0,0,2,0,0,0,0,0,0,0,0,0,0,1,0,0,0,0,0,0,0,0,0,0,0,0,0,0,0,0,0,0,0,0,0,0,0,,25.0,23.076923076923077,indig_0011,2,50.0,"MOVIMIENTO ALTERNATIVO INDÍGENA Y SOCIAL ""MAIS""",#E30613,COELLO,73200,COELLO,2900,29
2900034,236,101,13,54,67,4,1,1,0,2,5,0,8,0,19,40,4,4,1,2,0,1,1,0,0,0,0,1,0,0,0,0,2,0,0,0,2,3,0,0,0,0,1,7,0,0,0,0,0,0,,12.871287128712872,22.88135593220339,indig_0011,67,66.33663366336634,"MOVIMIENTO ALTERNATIVO INDÍGENA Y SOCIAL ""MAIS""",#E30613,COYAIMA,73217,COYAIMA,2900,29
2900037,2,1,0,1,0,1,0,0,0,0,0,0,0,0,0,0,0,0,0,0,1,0,0,0,0,0,0,0,0,0,0,0,0,0,0,0,0,0,0,0,0,0,0,0,0,0,0,0,0,0,,0.0,50.0,indig_0285,1,100.0,ASOCIACIÓN DE AUTORIDADES TRADICIONALES INDÍGENAS,#811EC5,CUNDAY,73226,CUNDAY,2900,29
2900040,222,134,70,41,46,4,1,2,2,1,8,0,0,0,4,27,9,6,1,1,1,1,1,0,0,0,1,1,0,0,2,0,1,0,0,0,1,7,0,0,0,0,0,0,0,0,0,0,0,0,,52.23880597014925,18.46846846846847,indig_0011,46,34.32835820895522,"MOVIMIENTO ALTERNATIVO INDÍGENA Y SOCIAL ""MAIS""",#E30613,CHAPARRAL,73168,CHAPARRAL,2900,29
2900043,0,0,0,0,0,0,0,0,0,0,0,0,0,0,0,0,0,0,0,0,0,0,0,0,0,0,0,0,0,0,0,0,0,0,0,0,0,0,0,0,0,0,0,0,0,0,0,0,0,0,,,,indig_0011,0,,"MOVIMIENTO ALTERNATIVO INDÍGENA Y SOCIAL ""MAIS""",#E30613,DOLORES,73236,DOLORES,2900,29
2900046,416,195,142,121,12,5,0,6,1,0,26,0,1,2,1,5,3,3,2,2,1,0,0,0,0,0,1,5,0,0,1,0,0,0,0,0,0,24,1,1,0,0,1,0,0,2,0,0,0,0,,72.82051282051282,29.086538461538463,indig_0188,26,13.333333333333334,MOVIMIENTO UNIDAD EN MINGA POR COLOMBIA,#DA5403,ESPINAL,73268,ESPINAL,2900,29
2900049,14,0,0,14,0,0,0,0,0,0,0,0,0,0,0,0,0,0,0,0,0,0,0,0,0,0,0,0,0,0,0,0,0,0,0,0,0,0,0,0,0,0,0,0,0,0,0,0,0,0,,,100.0,indig_0011,0,,"MOVIMIENTO ALTERNATIVO INDÍGENA Y SOCIAL ""MAIS""",#E30613,FALAN,73270,FALAN,2900,29
2900052,62,17,7,29,6,2,0,1,0,0,0,0,1,0,0,5,0,1,1,1,0,0,0,0,0,0,0,0,1,0,0,0,0,0,0,0,0,0,0,0,0,0,0,1,0,0,0,0,0,0,,41.17647058823529,46.774193548387096,indig_0011,6,35.294117647058826,"MOVIMIENTO ALTERNATIVO INDÍGENA Y SOCIAL ""MAIS""",#E30613,FLANDES,73275,FLANDES,2900,29
2900055,109,34,31,25,0,0,1,1,1,0,0,0,0,0,0,0,0,0,0,0,0,0,1,0,0,0,0,1,0,0,1,0,0,0,0,0,0,0,0,0,0,0,0,0,0,0,0,0,0,0,,91.17647058823529,22.93577981651376,indig_0234,1,2.941176470588235,ASOCIACIÓN DE CABILDOS INDÍGENAS POR COLOMBIA,#0B5C59,FRESNO,73283,FRESNO,2900,29
2900058,60,9,5,11,1,1,0,0,0,0,1,0,0,1,0,0,0,1,0,1,0,0,0,0,0,0,0,0,0,0,0,0,0,0,0,0,0,0,1,0,0,0,0,0,0,1,0,0,0,0,,55.55555555555556,18.333333333333332,indig_0011,1,11.11111111111111,"MOVIMIENTO ALTERNATIVO INDÍGENA Y SOCIAL ""MAIS""",#E30613,GUAMO,73319,GUAMO,2900,29
2900061,16,0,0,8,0,0,0,0,0,0,0,0,0,0,0,0,0,0,0,0,0,0,0,0,0,0,0,0,0,0,0,0,0,0,0,0,0,0,0,0,0,0,0,0,0,0,0,0,0,0,,,50.0,indig_0011,0,,"MOVIMIENTO ALTERNATIVO INDÍGENA Y SOCIAL ""MAIS""",#E30613,HERVEO,73347,HERVEO,2900,29
2900064,45,3,0,28,0,1,0,1,0,0,0,0,0,1,0,0,0,0,0,0,1,0,0,0,0,0,0,0,0,1,0,0,0,0,0,0,0,0,0,0,0,0,0,0,0,1,0,0,0,0,,0.0,62.22222222222222,indig_0285,1,33.33333333333333,ASOCIACIÓN DE AUTORIDADES TRADICIONALES INDÍGENAS,#811EC5,HONDA,73349,HONDA,2900,29
2900067,12,6,0,1,2,1,1,0,0,2,0,0,0,0,1,1,0,0,1,0,0,0,1,0,0,0,0,0,0,0,0,0,2,0,0,0,0,0,0,0,0,0,0,0,0,0,0,0,0,0,,0.0,8.333333333333332,indig_0011,2,33.33333333333333,"MOVIMIENTO ALTERNATIVO INDÍGENA Y SOCIAL ""MAIS""",#E30613,ICONONZO,73352,ICONONZO,2900,29
2900070,39,17,16,13,0,0,1,0,0,0,0,0,0,0,0,0,0,0,0,0,0,0,1,0,0,0,0,0,0,0,0,0,0,0,0,0,0,0,0,0,0,0,0,0,0,0,0,0,0,0,,94.11764705882352,33.33333333333333,indig_0234,1,5.88235294117647,ASOCIACIÓN DE CABILDOS INDÍGENAS POR COLOMBIA,#0B5C59,LERIDA,73408,LÉRIDA,2900,29
2900073,112,36,21,37,6,1,0,8,0,0,0,0,0,0,0,3,2,1,0,1,0,0,0,0,0,0,0,8,0,0,0,0,0,0,0,0,0,0,0,0,0,0,0,0,0,0,0,0,0,0,,58.333333333333336,33.035714285714285,indig_0006,8,22.22222222222222,"MOVIMIENTO AUTORIDADES INDÍGENAS DE COLOMBIA ""AICO""",#C05B16,LIBANO,73411,LÍBANO,2900,29
2900076,62,29,19,12,6,3,0,0,0,0,1,0,0,0,4,1,0,1,1,1,1,0,0,0,0,0,0,0,0,0,0,0,0,0,0,0,0,1,0,0,0,0,0,0,0,0,0,0,0,0,,65.51724137931035,19.35483870967742,indig_0011,6,20.689655172413794,"MOVIMIENTO ALTERNATIVO INDÍGENA Y SOCIAL ""MAIS""",#E30613,MARIQUITA,73443,SAN SEBASTIÁN DE MARIQUITA,2900,29
2900079,104,44,34,22,1,2,0,4,0,0,2,0,0,1,0,1,0,0,1,0,1,0,0,0,0,0,0,4,0,0,0,0,0,0,0,0,0,1,1,0,0,0,0,0,0,1,0,0,0,0,,77.27272727272727,21.153846153846153,indig_0006,4,9.090909090909092,"MOVIMIENTO AUTORIDADES INDÍGENAS DE COLOMBIA ""AICO""",#C05B16,MELGAR,73449,MELGAR,2900,29
2900080,10,3,3,4,0,0,0,0,0,0,0,0,0,0,0,0,0,0,0,0,0,0,0,0,0,0,0,0,0,0,0,0,0,0,0,0,0,0,0,0,0,0,0,0,0,0,0,0,0,0,,100.0,40.0,indig_0011,0,0.0,"MOVIMIENTO ALTERNATIVO INDÍGENA Y SOCIAL ""MAIS""",#E30613,MURILLO,73461,MURILLO,2900,29
2900082,94,67,11,10,53,0,0,1,0,0,2,0,0,0,5,43,1,4,0,0,0,0,0,0,0,0,1,0,0,0,0,0,0,0,0,0,0,1,1,0,0,0,0,0,0,0,0,0,0,0,,16.417910447761194,10.638297872340425,indig_0011,53,79.1044776119403,"MOVIMIENTO ALTERNATIVO INDÍGENA Y SOCIAL ""MAIS""",#E30613,NATAGAIMA,73483,NATAGAIMA,2900,29
2900085,738,550,31,67,483,7,2,7,1,0,11,0,5,3,58,389,20,16,2,1,3,1,2,0,0,0,0,4,2,1,1,0,0,0,0,0,4,4,1,2,0,0,2,3,0,3,0,0,0,0,,5.636363636363637,9.078590785907858,indig_0011,483,87.81818181818181,"MOVIMIENTO ALTERNATIVO INDÍGENA Y SOCIAL ""MAIS""",#E30613,ORTEGA,73504,ORTEGA,2900,29
2900087,8,0,0,8,0,0,0,0,0,0,0,0,0,0,0,0,0,0,0,0,0,0,0,0,0,0,0,0,0,0,0,0,0,0,0,0,0,0,0,0,0,0,0,0,0,0,0,0,0,0,,,100.0,indig_0011,0,,"MOVIMIENTO ALTERNATIVO INDÍGENA Y SOCIAL ""MAIS""",#E30613,PALOCABILDO,73520,PALOCABILDO,2900,29
2900088,9,1,1,0,0,0,0,0,0,0,0,0,0,0,0,0,0,0,0,0,0,0,0,0,0,0,0,0,0,0,0,0,0,0,0,0,0,0,0,0,0,0,0,0,0,0,0,0,0,0,,100.0,0.0,indig_0011,0,0.0,"MOVIMIENTO ALTERNATIVO INDÍGENA Y SOCIAL ""MAIS""",#E30613,PIEDRAS,73547,PIEDRAS,2900,29
2900089,876,711,22,41,25,14,0,13,0,1,631,1,4,0,2,11,11,1,3,8,2,1,0,0,0,0,3,6,2,2,0,0,1,0,0,0,24,572,26,9,1,0,0,3,1,0,0,0,0,0,,3.0942334739803097,4.680365296803653,indig_0188,631,88.74824191279887,MOVIMIENTO UNIDAD EN MINGA POR COLOMBIA,#DA5403,PLANADAS,73555,PLANADAS,2900,29
2900091,113,107,10,4,79,14,0,4,0,0,0,0,0,0,12,65,1,1,2,12,0,0,0,0,0,0,0,3,1,0,0,0,0,0,0,0,0,0,0,0,0,0,0,0,0,0,0,0,0,0,,9.345794392523365,3.5398230088495577,indig_0011,79,73.83177570093457,"MOVIMIENTO ALTERNATIVO INDÍGENA Y SOCIAL ""MAIS""",#E30613,PRADO,73563,PRADO,2900,29
2900094,100,51,23,25,7,7,0,0,0,11,2,0,1,0,0,5,2,0,2,4,1,0,0,0,0,0,0,0,0,0,0,0,11,0,0,0,0,2,0,0,0,0,1,0,0,0,0,0,0,0,,45.09803921568628,25.0,indig_0252,11,21.568627450980394,TRIETNICO GOBERNATIVO TRIGO,#FDC418,PURIFICACION,73585,PURIFICACIÓN,2900,29
2900097,188,137,13,15,15,6,1,2,1,1,94,1,2,1,6,6,1,2,4,1,0,1,1,0,0,0,1,1,0,0,1,0,1,0,0,0,16,75,3,0,1,0,0,1,1,1,0,0,0,0,,9.48905109489051,7.9787234042553195,indig_0188,94,68.61313868613139,MOVIMIENTO UNIDAD EN MINGA POR COLOMBIA,#DA5403,RIOBLANCO,73616,RIOBLANCO,2900,29
2900100,1,1,0,0,1,0,0,0,0,0,0,0,0,0,0,0,1,0,0,0,0,0,0,0,0,0,0,0,0,0,0,0,0,0,0,0,0,0,0,0,0,0,0,0,0,0,0,0,0,0,,0.0,0.0,indig_0011,1,100.0,"MOVIMIENTO ALTERNATIVO INDÍGENA Y SOCIAL ""MAIS""",#E30613,RONCESVALLES,73622,RONCESVALLES,2900,29
2900103,55,13,13,18,0,0,0,0,0,0,0,0,0,0,0,0,0,0,0,0,0,0,0,0,0,0,0,0,0,0,0,0,0,0,0,0,0,0,0,0,0,0,0,0,0,0,0,0,0,0,,100.0,32.72727272727273,indig_0011,0,0.0,"MOVIMIENTO ALTERNATIVO INDÍGENA Y SOCIAL ""MAIS""",#E30613,ROVIRA,73624,ROVIRA,2900,29
2900105,38,28,10,8,6,4,0,7,0,1,0,0,0,0,1,4,0,1,1,3,0,0,0,0,0,0,2,4,1,0,0,0,1,0,0,0,0,0,0,0,0,0,0,0,0,0,0,0,0,0,,35.714285714285715,21.052631578947366,indig_0006,7,25.0,"MOVIMIENTO AUTORIDADES INDÍGENAS DE COLOMBIA ""AICO""",#C05B16,SALDAÑA,73671,SALDAÑA,2900,29
2900106,199,135,16,26,111,2,0,1,1,0,3,0,1,0,9,93,5,4,0,1,1,0,0,0,0,0,0,1,0,0,1,0,0,0,0,0,0,3,0,0,0,0,0,0,1,0,0,0,0,0,,11.851851851851853,13.06532663316583,indig_0011,111,82.22222222222221,"MOVIMIENTO ALTERNATIVO INDÍGENA Y SOCIAL ""MAIS""",#E30613,SAN ANTONIO,73675,SAN ANTONIO,2900,29
2900109,29,6,4,12,2,0,0,0,0,0,0,0,0,0,0,2,0,0,0,0,0,0,0,0,0,0,0,0,0,0,0,0,0,0,0,0,0,0,0,0,0,0,0,0,0,0,0,0,0,0,,66.66666666666666,41.37931034482759,indig_0011,2,33.33333333333333,"MOVIMIENTO ALTERNATIVO INDÍGENA Y SOCIAL ""MAIS""",#E30613,SAN LUIS,73678,SAN LUIS,2900,29
2900112,7,3,3,2,0,0,0,0,0,0,0,0,0,0,0,0,0,0,0,0,0,0,0,0,0,0,0,0,0,0,0,0,0,0,0,0,0,0,0,0,0,0,0,0,0,0,0,0,0,0,,100.0,28.57142857142857,indig_0011,0,0.0,"MOVIMIENTO ALTERNATIVO INDÍGENA Y SOCIAL ""MAIS""",#E30613,SANTA ISABEL,73686,SANTA ISABEL,2900,29
2900115,10,4,3,2,0,0,0,1,0,0,0,0,0,0,0,0,0,0,0,0,0,0,0,0,0,0,1,0,0,0,0,0,0,0,0,0,0,0,0,0,0,0,0,0,0,0,0,0,0,0,,75.0,20.0,indig_0006,1,25.0,"MOVIMIENTO AUTORIDADES INDÍGENAS DE COLOMBIA ""AICO""",#C05B16,SUAREZ,73770,SUÁREZ,2900,29
2900118,0,0,0,0,0,0,0,0,0,0,0,0,0,0,0,0,0,0,0,0,0,0,0,0,0,0,0,0,0,0,0,0,0,0,0,0,0,0,0,0,0,0,0,0,0,0,0,0,0,0,,,,indig_0011,0,,"MOVIMIENTO ALTERNATIVO INDÍGENA Y SOCIAL ""MAIS""",#E30613,VALLE DE SAN JUAN,73854,VALLE DE SAN JUAN,2900,29
2900121,21,5,4,13,0,0,0,0,0,0,1,0,0,0,0,0,0,0,0,0,0,0,0,0,0,0,0,0,0,0,0,0,0,0,0,0,0,0,1,0,0,0,0,0,0,0,0,0,0,0,,80.0,61.904761904761905,indig_0188,1,20.0,MOVIMIENTO UNIDAD EN MINGA POR COLOMBIA,#DA5403,VENADILLO,73861,VENADILLO,2900,29
2900124,13,6,6,2,0,0,0,0,0,0,0,0,0,0,0,0,0,0,0,0,0,0,0,0,0,0,0,0,0,0,0,0,0,0,0,0,0,0,0,0,0,0,0,0,0,0,0,0,0,0,,100.0,15.384615384615385,indig_0011,0,0.0,"MOVIMIENTO ALTERNATIVO INDÍGENA Y SOCIAL ""MAIS""",#E30613,VILLAHERMOSA,73870,VILLAHERMOSA,2900,29
2900127,2,1,1,1,0,0,0,0,0,0,0,0,0,0,0,0,0,0,0,0,0,0,0,0,0,0,0,0,0,0,0,0,0,0,0,0,0,0,0,0,0,0,0,0,0,0,0,0,0,0,,100.0,50.0,indig_0011,0,0.0,"MOVIMIENTO ALTERNATIVO INDÍGENA Y SOCIAL ""MAIS""",#E30613,VILLARRICA,73873,VILLARRICA,2900,29
3100001,6208,3922,2199,1223,380,252,71,285,101,43,411,25,95,60,100,160,63,57,75,120,51,6,71,0,0,0,61,105,29,90,101,0,43,0,0,0,88,246,48,29,25,0,46,20,29,60,0,0,0,0,,56.06833248342682,19.700386597938145,indig_0188,411,10.479347271800101,MOVIMIENTO UNIDAD EN MINGA POR COLOMBIA,#DA5403,CALI,76001,CALI,3100,31
3100004,94,60,23,23,29,0,0,1,6,0,0,0,1,0,2,27,0,0,0,0,0,0,0,0,0,0,0,0,1,0,6,0,0,0,0,0,0,0,0,0,0,0,0,1,0,0,0,0,0,0,,38.333333333333336,24.46808510638298,indig_0011,29,48.333333333333336,"MOVIMIENTO ALTERNATIVO INDÍGENA Y SOCIAL ""MAIS""",#E30613,ALCALA,76020,ALCALÁ,3100,31
3100007,86,54,26,23,27,0,0,0,0,0,1,0,0,0,2,22,3,0,0,0,0,0,0,0,0,0,0,0,0,0,0,0,0,0,0,0,0,1,0,0,0,0,0,0,0,0,0,0,0,0,,48.148148148148145,26.744186046511626,indig_0011,27,50.0,"MOVIMIENTO ALTERNATIVO INDÍGENA Y SOCIAL ""MAIS""",#E30613,ANDALUCIA,76036,ANDALUCÍA,3100,31
3100010,76,35,18,17,13,3,0,0,1,0,0,0,0,0,3,9,0,1,2,1,0,0,0,0,0,0,0,0,0,0,1,0,0,0,0,0,0,0,0,0,0,0,0,0,0,0,0,0,0,0,,51.42857142857142,22.36842105263158,indig_0011,13,37.142857142857146,"MOVIMIENTO ALTERNATIVO INDÍGENA Y SOCIAL ""MAIS""",#E30613,ANSERMANUEVO,76041,ANSERMANUEVO,3100,31
3100013,168,137,3,21,130,1,0,2,0,0,1,0,0,0,36,94,0,0,0,1,0,0,0,0,0,0,0,2,0,0,0,0,0,0,0,0,0,1,0,0,0,0,0,0,0,0,0,0,0,0,,2.18978102189781,12.5,indig_0011,130,94.8905109489051,"MOVIMIENTO ALTERNATIVO INDÍGENA Y SOCIAL ""MAIS""",#E30613,ARGELIA,76054,ARGELIA,3100,31
3100016,268,221,6,24,209,1,0,3,0,0,2,0,0,0,7,186,9,7,0,0,1,0,0,0,0,0,1,2,0,0,0,0,0,0,0,0,0,2,0,0,0,0,0,0,0,0,0,0,0,0,,2.7149321266968327,8.955223880597014,indig_0011,209,94.57013574660633,"MOVIMIENTO ALTERNATIVO INDÍGENA Y SOCIAL ""MAIS""",#E30613,BOLIVAR,76100,BOLÍVAR,3100,31
3100019,3402,1629,370,938,449,17,5,716,14,0,36,2,14,6,46,130,40,233,3,9,2,3,5,0,0,0,25,13,23,655,14,0,0,0,0,0,4,12,16,4,2,0,7,5,2,6,0,0,0,0,,22.713321055862494,27.572016460905353,indig_0006,716,43.95334561080417,"MOVIMIENTO AUTORIDADES INDÍGENAS DE COLOMBIA ""AICO""",#C05B16,BUENAVENTURA,76109,BUENAVENTURA,3100,31
3100022,317,184,139,74,9,13,3,10,3,1,3,1,1,1,0,3,3,3,3,6,4,0,3,0,0,0,4,2,0,4,3,0,1,0,0,0,0,2,1,0,1,0,0,1,0,1,0,0,0,0,,75.54347826086956,23.34384858044164,indig_0285,13,7.065217391304348,ASOCIACIÓN DE AUTORIDADES TRADICIONALES INDÍGENAS,#811EC5,BUGA,76111,GUADALAJARA DE BUGA,3100,31
3100025,77,53,6,9,36,1,0,10,0,0,0,0,0,0,0,21,1,14,1,0,0,0,0,0,0,0,0,0,0,10,0,0,0,0,0,0,0,0,0,0,0,0,0,0,0,0,0,0,0,0,,11.320754716981133,11.688311688311687,indig_0011,36,67.9245283018868,"MOVIMIENTO ALTERNATIVO INDÍGENA Y SOCIAL ""MAIS""",#E30613,BUGALAGRANDE,76113,BUGALAGRANDE,3100,31
3100028,97,23,14,34,3,1,0,2,0,0,0,0,2,1,0,2,1,0,0,0,0,1,0,0,0,0,0,2,0,0,0,0,0,0,0,0,0,0,0,0,0,0,1,1,0,1,0,0,0,0,,60.86956521739131,35.051546391752574,indig_0011,3,13.043478260869565,"MOVIMIENTO ALTERNATIVO INDÍGENA Y SOCIAL ""MAIS""",#E30613,CAICEDONIA,76122,CAICEDONIA,3100,31
3100031,851,495,129,202,22,9,0,314,8,0,10,1,1,1,5,12,0,5,0,2,0,7,0,0,0,0,36,9,5,264,8,0,0,0,0,0,2,7,0,1,1,0,0,0,1,1,0,0,0,0,,26.060606060606062,23.73678025851939,indig_0006,314,63.43434343434343,"MOVIMIENTO AUTORIDADES INDÍGENAS DE COLOMBIA ""AICO""",#C05B16,CANDELARIA,76130,CANDELARIA,3100,31
3100034,484,217,141,130,55,7,1,6,2,0,4,0,0,1,3,49,2,1,2,1,4,0,1,0,0,0,2,2,0,2,2,0,0,0,0,0,2,2,0,0,0,0,0,0,0,1,0,0,0,0,,64.97695852534562,26.859504132231404,indig_0011,55,25.34562211981567,"MOVIMIENTO ALTERNATIVO INDÍGENA Y SOCIAL ""MAIS""",#E30613,CARTAGO,76147,CARTAGO,3100,31
3100037,252,173,18,21,145,1,0,4,1,0,4,0,0,0,24,12,25,84,0,1,0,0,0,0,0,0,0,2,0,2,1,0,0,0,0,0,1,2,1,0,0,0,0,0,0,0,0,0,0,0,,10.404624277456648,8.333333333333332,indig_0011,145,83.8150289017341,"MOVIMIENTO ALTERNATIVO INDÍGENA Y SOCIAL ""MAIS""",#E30613,DAGUA,76233,DAGUA,3100,31
3100040,58,41,9,6,13,1,0,13,0,0,3,1,1,0,0,3,0,10,0,1,0,0,0,0,0,0,0,0,0,13,0,0,0,0,0,0,0,1,0,2,1,0,0,0,1,0,0,0,0,0,,21.951219512195124,10.344827586206897,indig_0011,13,31.70731707317073,"MOVIMIENTO ALTERNATIVO INDÍGENA Y SOCIAL ""MAIS""",#E30613,CALIMA (DARIEN),76126,CALIMA,3100,31
3100043,23,21,1,2,20,0,0,0,0,0,0,0,0,0,0,18,2,0,0,0,0,0,0,0,0,0,0,0,0,0,0,0,0,0,0,0,0,0,0,0,0,0,0,0,0,0,0,0,0,0,,4.761904761904762,8.695652173913043,indig_0011,20,95.23809523809523,"MOVIMIENTO ALTERNATIVO INDÍGENA Y SOCIAL ""MAIS""",#E30613,EL AGUILA,76243,EL ÁGUILA,3100,31
3100046,1,1,0,0,0,0,0,1,0,0,0,0,0,0,0,0,0,0,0,0,0,0,0,0,0,0,0,1,0,0,0,0,0,0,0,0,0,0,0,0,0,0,0,0,0,0,0,0,0,0,,0.0,0.0,indig_0006,1,100.0,"MOVIMIENTO AUTORIDADES INDÍGENAS DE COLOMBIA ""AICO""",#C05B16,EL CAIRO,76246,EL CAIRO,3100,31
3100049,415,161,100,138,30,5,0,21,1,0,0,0,3,1,4,20,2,4,1,3,0,1,0,0,0,0,1,2,0,18,1,0,0,0,0,0,0,0,0,0,0,0,1,0,2,1,0,0,0,0,,62.11180124223602,33.25301204819277,indig_0011,30,18.633540372670808,"MOVIMIENTO ALTERNATIVO INDÍGENA Y SOCIAL ""MAIS""",#E30613,EL CERRITO,76248,EL CERRITO,3100,31
3100052,484,412,19,46,380,2,0,3,0,0,5,1,2,0,78,286,14,2,0,1,0,1,0,0,0,0,1,2,0,0,0,0,0,0,0,0,1,3,0,1,1,0,2,0,0,0,0,0,0,0,,4.611650485436893,9.50413223140496,indig_0011,380,92.23300970873787,"MOVIMIENTO ALTERNATIVO INDÍGENA Y SOCIAL ""MAIS""",#E30613,EL DOVIO,76250,EL DOVIO,3100,31
3100055,1754,1454,138,160,138,22,1,13,1,1,1136,0,3,1,27,82,18,11,4,16,1,1,1,0,0,0,3,7,1,2,1,0,1,0,0,0,107,998,22,9,0,0,0,2,1,1,0,0,0,0,,9.491059147180192,9.122006841505131,indig_0188,1136,78.1292984869326,MOVIMIENTO UNIDAD EN MINGA POR COLOMBIA,#DA5403,FLORIDA,76275,FLORIDA,3100,31
3100058,87,49,25,15,3,2,1,4,12,1,0,0,0,1,0,3,0,0,1,1,0,0,1,0,0,0,2,2,0,0,12,0,1,0,0,0,0,0,0,0,0,0,0,0,0,1,0,0,0,0,,51.02040816326531,17.24137931034483,indig_0306,12,24.489795918367346,"ASOCIACIÓN NACIONAL INDÍGENA DE COLOMBIA ""ANIC""",#659A02,GINEBRA,76306,GINEBRA,3100,31
3100061,137,42,23,49,11,1,0,1,2,0,3,0,0,1,0,10,1,0,0,1,0,0,0,0,0,0,0,1,0,0,2,0,0,0,0,0,1,2,0,0,0,0,0,0,0,1,0,0,0,0,,54.761904761904766,35.76642335766424,indig_0011,11,26.190476190476193,"MOVIMIENTO ALTERNATIVO INDÍGENA Y SOCIAL ""MAIS""",#E30613,GUACARI,76318,GUACARÍ,3100,31
3100064,1101,713,311,201,276,11,3,19,4,1,82,1,2,3,35,207,14,20,2,4,5,0,3,0,0,0,5,9,2,3,4,0,1,0,0,0,11,60,10,1,1,0,1,0,1,3,0,0,0,0,,43.61851332398317,18.256130790190735,indig_0011,276,38.70967741935484,"MOVIMIENTO ALTERNATIVO INDÍGENA Y SOCIAL ""MAIS""",#E30613,JAMUNDI,76364,JAMUNDÍ,3100,31
3100067,66,27,7,19,0,1,0,18,0,0,1,0,0,0,0,0,0,0,0,0,0,1,0,0,0,0,1,1,1,15,0,0,0,0,0,0,0,1,0,0,0,0,0,0,0,0,0,0,0,0,,25.925925925925924,28.78787878787879,indig_0006,18,66.66666666666666,"MOVIMIENTO AUTORIDADES INDÍGENAS DE COLOMBIA ""AICO""",#C05B16,LA CUMBRE,76377,LA CUMBRE,3100,31
3100070,119,26,23,47,1,1,0,0,0,1,0,0,0,0,0,1,0,0,0,1,0,0,0,0,0,0,0,0,0,0,0,0,1,0,0,0,0,0,0,0,0,0,0,0,0,0,0,0,0,0,,88.46153846153845,39.49579831932773,indig_0011,1,3.8461538461538463,"MOVIMIENTO ALTERNATIVO INDÍGENA Y SOCIAL ""MAIS""",#E30613,LA UNION,76400,LA UNIÓN,3100,31
3100073,45,5,3,18,2,0,0,0,0,0,0,0,0,0,0,2,0,0,0,0,0,0,0,0,0,0,0,0,0,0,0,0,0,0,0,0,0,0,0,0,0,0,0,0,0,0,0,0,0,0,,60.0,40.0,indig_0011,2,40.0,"MOVIMIENTO ALTERNATIVO INDÍGENA Y SOCIAL ""MAIS""",#E30613,LA VICTORIA,76403,LA VICTORIA,3100,31
3100076,123,43,11,42,32,0,0,0,0,0,0,0,0,0,1,31,0,0,0,0,0,0,0,0,0,0,0,0,0,0,0,0,0,0,0,0,0,0,0,0,0,0,0,0,0,0,0,0,0,0,,25.581395348837212,34.146341463414636,indig_0011,32,74.4186046511628,"MOVIMIENTO ALTERNATIVO INDÍGENA Y SOCIAL ""MAIS""",#E30613,OBANDO,76497,OBANDO,3100,31
3100079,1259,721,362,271,77,43,8,164,15,2,26,9,12,3,20,44,7,6,12,17,7,7,8,0,0,0,102,26,5,31,15,0,2,0,0,0,10,7,7,2,9,0,4,4,4,3,0,0,0,0,,50.20804438280167,21.52501985702939,indig_0006,164,22.74618585298197,"MOVIMIENTO AUTORIDADES INDÍGENAS DE COLOMBIA ""AICO""",#C05B16,PALMIRA,76520,PALMIRA,3100,31
3100082,410,247,75,83,6,1,1,3,3,0,153,3,1,1,2,3,1,0,0,0,1,0,1,0,0,0,1,1,1,0,3,0,0,0,0,0,35,75,43,0,3,0,0,0,1,1,0,0,0,0,,30.364372469635626,20.243902439024392,indig_0188,153,61.943319838056674,MOVIMIENTO UNIDAD EN MINGA POR COLOMBIA,#DA5403,PRADERA,76563,PRADERA,3100,31
3100085,56,40,8,7,29,0,0,0,0,0,3,0,0,0,2,16,1,10,0,0,0,0,0,0,0,0,0,0,0,0,0,0,0,0,0,0,0,3,0,0,0,0,0,0,0,0,0,0,0,0,,20.0,12.5,indig_0011,29,72.5,"MOVIMIENTO ALTERNATIVO INDÍGENA Y SOCIAL ""MAIS""",#E30613,RESTREPO,76606,RESTREPO,3100,31
3100088,49,6,6,16,0,0,0,0,0,0,0,0,0,0,0,0,0,0,0,0,0,0,0,0,0,0,0,0,0,0,0,0,0,0,0,0,0,0,0,0,0,0,0,0,0,0,0,0,0,0,,100.0,32.6530612244898,indig_0011,0,0.0,"MOVIMIENTO ALTERNATIVO INDÍGENA Y SOCIAL ""MAIS""",#E30613,RIOFRIO,76616,RIOFRÍO,3100,31
3100091,99,55,39,26,13,1,0,1,0,0,1,0,0,0,0,13,0,0,1,0,0,0,0,0,0,0,0,1,0,0,0,0,0,0,0,0,1,0,0,0,0,0,0,0,0,0,0,0,0,0,,70.9090909090909,26.262626262626267,indig_0011,13,23.636363636363637,"MOVIMIENTO ALTERNATIVO INDÍGENA Y SOCIAL ""MAIS""",#E30613,ROLDANILLO,76622,ROLDANILLO,3100,31
3100094,73,43,11,19,1,1,0,27,2,0,0,0,1,0,0,0,0,1,0,1,0,0,0,0,0,0,2,0,0,25,2,0,0,0,0,0,0,0,0,0,0,0,0,1,0,0,0,0,0,0,,25.581395348837212,26.027397260273972,indig_0006,27,62.7906976744186,"MOVIMIENTO AUTORIDADES INDÍGENAS DE COLOMBIA ""AICO""",#C05B16,SAN PEDRO,76670,SAN PEDRO,3100,31
3100097,187,136,12,17,84,1,0,35,0,1,1,0,2,0,4,7,1,72,0,1,0,0,0,0,0,0,2,0,1,32,0,0,1,0,0,0,0,0,0,1,0,0,0,2,0,0,0,0,0,0,,8.823529411764707,9.090909090909092,indig_0011,84,61.76470588235294,"MOVIMIENTO ALTERNATIVO INDÍGENA Y SOCIAL ""MAIS""",#E30613,SEVILLA,76736,SEVILLA,3100,31
3100100,19,2,2,4,0,0,0,0,0,0,0,0,0,0,0,0,0,0,0,0,0,0,0,0,0,0,0,0,0,0,0,0,0,0,0,0,0,0,0,0,0,0,0,0,0,0,0,0,0,0,,100.0,21.052631578947366,indig_0011,0,0.0,"MOVIMIENTO ALTERNATIVO INDÍGENA Y SOCIAL ""MAIS""",#E30613,TORO,76823,TORO,3100,31
3100103,189,166,5,15,158,1,0,2,0,0,0,0,0,0,12,100,2,44,0,0,0,1,0,0,0,0,0,1,0,1,0,0,0,0,0,0,0,0,0,0,0,0,0,0,0,0,0,0,0,0,,3.0120481927710845,7.936507936507936,indig_0011,158,95.18072289156626,"MOVIMIENTO ALTERNATIVO INDÍGENA Y SOCIAL ""MAIS""",#E30613,TRUJILLO,76828,TRUJILLO,3100,31
3100106,601,397,133,121,117,13,8,68,17,1,22,8,2,8,18,89,6,4,0,5,2,6,8,0,0,0,8,3,2,55,17,0,1,0,0,0,2,15,2,3,8,0,2,0,0,8,0,0,0,0,,33.50125944584383,20.133111480865225,indig_0011,117,29.47103274559194,"MOVIMIENTO ALTERNATIVO INDÍGENA Y SOCIAL ""MAIS""",#E30613,TULUA,76834,TULUÁ,3100,31
3100109,40,1,0,30,0,0,0,1,0,0,0,0,0,0,0,0,0,0,0,0,0,0,0,0,0,0,0,1,0,0,0,0,0,0,0,0,0,0,0,0,0,0,0,0,0,0,0,0,0,0,,0.0,75.0,indig_0006,1,100.0,"MOVIMIENTO AUTORIDADES INDÍGENAS DE COLOMBIA ""AICO""",#C05B16,ULLOA,76845,ULLOA,3100,31
3100112,11,5,3,2,0,0,0,1,0,0,0,0,1,0,0,0,0,0,0,0,0,0,0,0,0,0,0,0,0,1,0,0,0,0,0,0,0,0,0,0,0,0,0,0,1,0,0,0,0,0,,60.0,18.181818181818183,indig_0006,1,20.0,"MOVIMIENTO AUTORIDADES INDÍGENAS DE COLOMBIA ""AICO""",#C05B16,VERSALLES,76863,VERSALLES,3100,31
3100115,110,101,3,3,95,1,0,2,0,0,0,0,0,0,6,2,6,81,0,0,1,0,0,0,0,0,0,0,0,2,0,0,0,0,0,0,0,0,0,0,0,0,0,0,0,0,0,0,0,0,,2.9702970297029703,2.727272727272727,indig_0011,95,94.05940594059405,"MOVIMIENTO ALTERNATIVO INDÍGENA Y SOCIAL ""MAIS""",#E30613,VIJES,76869,VIJES,3100,31
3100118,34,24,9,8,10,1,0,0,1,0,3,0,0,0,0,0,0,10,0,0,0,1,0,0,0,0,0,0,0,0,1,0,0,0,0,0,0,2,1,0,0,0,0,0,0,0,0,0,0,0,,37.5,23.52941176470588,indig_0011,10,41.66666666666667,"MOVIMIENTO ALTERNATIVO INDÍGENA Y SOCIAL ""MAIS""",#E30613,YOTOCO,76890,YOTOCO,3100,31
3100121,1505,1127,196,191,346,13,9,527,4,5,24,1,2,0,24,289,9,24,1,6,0,6,9,0,0,0,16,28,7,476,4,0,5,0,0,0,3,18,1,2,1,0,0,1,1,0,0,0,0,0,,17.391304347826086,12.691029900332227,indig_0006,527,46.76131322094055,"MOVIMIENTO AUTORIDADES INDÍGENAS DE COLOMBIA ""AICO""",#C05B16,YUMBO,76892,YUMBO,3100,31
3100124,209,106,50,57,56,0,0,0,0,0,0,0,0,0,7,46,2,1,0,0,0,0,0,0,0,0,0,0,0,0,0,0,0,0,0,0,0,0,0,0,0,0,0,0,0,0,0,0,0,0,,47.16981132075472,27.27272727272727,indig_0011,56,52.83018867924528,"MOVIMIENTO ALTERNATIVO INDÍGENA Y SOCIAL ""MAIS""",#E30613,ZARZAL,76895,ZARZAL,3100,31
4000001,292,149,96,73,40,5,1,2,2,0,0,0,2,1,7,7,5,21,1,2,1,1,1,0,0,0,0,0,2,0,2,0,0,0,0,0,0,0,0,0,0,0,1,0,1,1,0,0,0,0,,64.42953020134227,25.0,indig_0011,40,26.845637583892618,"MOVIMIENTO ALTERNATIVO INDÍGENA Y SOCIAL ""MAIS""",#E30613,ARAUCA,81001,ARAUCA,4000,40
4000005,301,192,49,22,111,13,0,7,1,1,3,0,4,3,34,18,29,30,3,4,5,1,0,0,0,0,1,4,0,2,1,0,1,0,0,0,0,1,2,0,0,0,1,2,1,3,0,0,0,0,,25.520833333333332,7.308970099667775,indig_0011,111,57.8125,"MOVIMIENTO ALTERNATIVO INDÍGENA Y SOCIAL ""MAIS""",#E30613,TAME,81794,TAME,4000,40
4000010,317,134,80,61,44,4,1,2,0,0,0,0,2,1,5,10,4,25,1,2,1,0,1,0,0,0,0,0,1,1,0,0,0,0,0,0,0,0,0,0,0,0,2,0,0,1,0,0,0,0,,59.70149253731343,19.242902208201894,indig_0011,44,32.83582089552239,"MOVIMIENTO ALTERNATIVO INDÍGENA Y SOCIAL ""MAIS""",#E30613,ARAUQUITA,81065,ARAUQUITA,4000,40
4000015,24,19,0,0,18,1,0,0,0,0,0,0,0,0,2,7,5,4,1,0,0,0,0,0,0,0,0,0,0,0,0,0,0,0,0,0,0,0,0,0,0,0,0,0,0,0,0,0,0,0,,0.0,0.0,indig_0011,18,94.73684210526315,"MOVIMIENTO ALTERNATIVO INDÍGENA Y SOCIAL ""MAIS""",#E30613,CRAVO NORTE,81220,CRAVO NORTE,4000,40
4000017,133,69,14,13,39,8,0,3,0,0,2,0,3,0,10,3,8,18,3,2,2,1,0,0,0,0,0,1,2,0,0,0,0,0,0,0,0,0,2,0,0,0,2,0,1,0,0,0,0,0,,20.28985507246377,9.774436090225564,indig_0011,39,56.52173913043478,"MOVIMIENTO ALTERNATIVO INDÍGENA Y SOCIAL ""MAIS""",#E30613,FORTUL,81300,FORTUL,4000,40
4000020,0,0,0,0,0,0,0,0,0,0,0,0,0,0,0,0,0,0,0,0,0,0,0,0,0,0,0,0,0,0,0,0,0,0,0,0,0,0,0,0,0,0,0,0,0,0,0,0,0,0,,,,indig_0011,0,,"MOVIMIENTO ALTERNATIVO INDÍGENA Y SOCIAL ""MAIS""",#E30613,PUERTO RONDON,81591,PUERTO RONDÓN,4000,40
4000025,348,241,41,43,181,10,0,6,0,0,0,0,3,0,10,15,28,128,4,1,3,2,0,0,0,0,0,1,4,1,0,0,0,0,0,0,0,0,0,0,0,0,1,1,1,0,0,0,0,0,,17.012448132780083,12.35632183908046,indig_0011,181,75.10373443983403,"MOVIMIENTO ALTERNATIVO INDÍGENA Y SOCIAL ""MAIS""",#E30613,SARAVENA,81736,SARAVENA,4000,40
4400001,706,515,193,72,141,23,4,20,9,0,104,2,16,3,13,26,40,62,5,6,10,2,4,0,0,0,4,9,6,1,9,0,0,0,0,0,10,83,9,2,2,0,5,11,0,3,0,0,0,0,,37.4757281553398,10.198300283286118,indig_0011,141,27.378640776699033,"MOVIMIENTO ALTERNATIVO INDÍGENA Y SOCIAL ""MAIS""",#E30613,FLORENCIA,18001,FLORENCIA,4400,44
4400002,6,6,0,0,4,0,0,2,0,0,0,0,0,0,0,0,0,4,0,0,0,0,0,0,0,0,0,0,0,2,0,0,0,0,0,0,0,0,0,0,0,0,0,0,0,0,0,0,0,0,,0.0,0.0,indig_0011,4,66.66666666666666,"MOVIMIENTO ALTERNATIVO INDÍGENA Y SOCIAL ""MAIS""",#E30613,ALBANIA,18029,ALBANIA,4400,44
4400003,151,101,58,13,7,6,1,6,3,1,15,0,3,1,1,3,3,0,3,2,0,1,1,0,0,0,0,3,3,0,3,0,1,0,0,0,4,4,6,1,0,0,2,1,0,1,0,0,0,0,,57.42574257425742,8.609271523178808,indig_0188,15,14.85148514851485,MOVIMIENTO UNIDAD EN MINGA POR COLOMBIA,#DA5403,CARTAGENA DEL CHAIRA,18150,CARTAGENA DEL CHAIRÁ,4400,44
4400004,7,6,2,0,1,0,0,1,0,0,1,1,0,0,0,0,1,0,0,0,0,0,0,0,0,0,1,0,0,0,0,0,0,0,0,0,0,1,0,0,1,0,0,0,0,0,0,0,0,0,,33.33333333333333,0.0,indig_0011,1,16.666666666666664,"MOVIMIENTO ALTERNATIVO INDÍGENA Y SOCIAL ""MAIS""",#E30613,BELEN DE LOS ANDAQUIES,18094,BELÉN DE LOS ANDAQUÍES,4400,44
4400005,31,18,17,3,0,0,0,0,1,0,0,0,0,0,0,0,0,0,0,0,0,0,0,0,0,0,0,0,0,0,1,0,0,0,0,0,0,0,0,0,0,0,0,0,0,0,0,0,0,0,,94.44444444444444,9.67741935483871,indig_0306,1,5.555555555555555,"ASOCIACIÓN NACIONAL INDÍGENA DE COLOMBIA ""ANIC""",#659A02,EL DONCELLO,18247,EL DONCELLO,4400,44
4400006,43,18,14,9,2,0,0,1,0,0,1,0,0,0,0,1,0,1,0,0,0,0,0,0,0,0,0,0,1,0,0,0,0,0,0,0,0,0,0,1,0,0,0,0,0,0,0,0,0,0,,77.77777777777779,20.930232558139537,indig_0011,2,11.11111111111111,"MOVIMIENTO ALTERNATIVO INDÍGENA Y SOCIAL ""MAIS""",#E30613,EL PAUJIL,18256,EL PAUJÍL,4400,44
4400007,53,8,7,18,1,0,0,0,0,0,0,0,0,0,0,0,1,0,0,0,0,0,0,0,0,0,0,0,0,0,0,0,0,0,0,0,0,0,0,0,0,0,0,0,0,0,0,0,0,0,,87.5,33.9622641509434,indig_0011,1,12.5,"MOVIMIENTO ALTERNATIVO INDÍGENA Y SOCIAL ""MAIS""",#E30613,LA MONTAÑITA,18410,LA MONTAÑITA,4400,44
4400009,156,101,24,12,33,13,1,11,3,0,12,0,3,1,4,8,12,9,2,7,4,0,1,0,0,0,2,4,4,1,3,0,0,0,0,0,0,11,1,0,0,0,2,0,1,1,0,0,0,0,,23.762376237623762,7.6923076923076925,indig_0011,33,32.67326732673268,"MOVIMIENTO ALTERNATIVO INDÍGENA Y SOCIAL ""MAIS""",#E30613,PUERTO RICO,18592,PUERTO RICO,4400,44
4400010,336,201,89,49,26,27,9,19,1,0,16,1,9,4,6,6,10,4,10,10,5,2,9,0,0,0,4,3,4,8,1,0,0,0,0,0,2,7,4,3,1,0,3,4,2,4,0,0,0,0,,44.27860696517413,14.583333333333334,indig_0285,27,13.432835820895523,ASOCIACIÓN DE AUTORIDADES TRADICIONALES INDÍGENAS,#811EC5,SAN VICENTE DEL CAGUAN,18753,SAN VICENTE DEL CAGUÁN,4400,44
4400012,11,6,1,5,2,0,0,0,1,0,1,0,0,1,0,1,0,1,0,0,0,0,0,0,0,0,0,0,0,0,1,0,0,0,0,0,0,0,1,0,0,0,0,0,0,1,0,0,0,0,,16.666666666666664,45.45454545454545,indig_0011,2,33.33333333333333,"MOVIMIENTO ALTERNATIVO INDÍGENA Y SOCIAL ""MAIS""",#E30613,CURILLO,18205,CURILLO,4400,44
4400016,45,22,13,5,7,0,0,1,0,0,1,0,0,0,0,1,5,1,0,0,0,0,0,0,0,0,1,0,0,0,0,0,0,0,0,0,1,0,0,0,0,0,0,0,0,0,0,0,0,0,,59.09090909090909,11.11111111111111,indig_0011,7,31.818181818181817,"MOVIMIENTO ALTERNATIVO INDÍGENA Y SOCIAL ""MAIS""",#E30613,MILAN,18460,MILÁN,4400,44
4400017,19,7,7,7,0,0,0,0,0,0,0,0,0,0,0,0,0,0,0,0,0,0,0,0,0,0,0,0,0,0,0,0,0,0,0,0,0,0,0,0,0,0,0,0,0,0,0,0,0,0,,100.0,36.84210526315789,indig_0011,0,0.0,"MOVIMIENTO ALTERNATIVO INDÍGENA Y SOCIAL ""MAIS""",#E30613,MORELIA,18479,MORELIA,4400,44
4400020,48,10,6,7,2,1,0,1,0,0,0,0,0,0,1,0,1,0,0,0,0,1,0,0,0,0,0,1,0,0,0,0,0,0,0,0,0,0,0,0,0,0,0,0,0,0,0,0,0,0,,60.0,14.583333333333334,indig_0011,2,20.0,"MOVIMIENTO ALTERNATIVO INDÍGENA Y SOCIAL ""MAIS""",#E30613,SAN JOSE DEL FRAGUA,18610,SAN JOSÉ DEL FRAGUA,4400,44
4400022,157,96,16,6,64,3,0,6,1,0,3,0,3,0,6,10,5,43,1,1,1,0,0,0,0,0,1,0,3,2,1,0,0,0,0,0,1,0,2,0,0,0,1,0,2,0,0,0,0,0,,16.666666666666664,3.821656050955414,indig_0011,64,66.66666666666666,"MOVIMIENTO ALTERNATIVO INDÍGENA Y SOCIAL ""MAIS""",#E30613,SOLANO,18756,SOLANO,4400,44
4400024,45,14,14,11,0,0,0,0,0,0,0,0,0,0,0,0,0,0,0,0,0,0,0,0,0,0,0,0,0,0,0,0,0,0,0,0,0,0,0,0,0,0,0,0,0,0,0,0,0,0,,100.0,24.444444444444443,indig_0011,0,0.0,"MOVIMIENTO ALTERNATIVO INDÍGENA Y SOCIAL ""MAIS""",#E30613,SOLITA,18785,SOLITA,4400,44
4400040,7,4,0,1,1,1,0,0,0,0,2,0,0,0,0,0,1,0,0,1,0,0,0,0,0,0,0,0,0,0,0,0,0,0,0,0,0,0,2,0,0,0,0,0,0,0,0,0,0,0,,0.0,14.285714285714285,indig_0188,2,50.0,MOVIMIENTO UNIDAD EN MINGA POR COLOMBIA,#DA5403,VALPARAISO,18860,VALPARAÍSO,4400,44
4600001,430,287,186,77,48,11,10,8,3,0,12,2,2,5,6,10,7,25,3,7,1,0,10,0,0,0,2,4,2,0,3,0,0,0,0,0,1,7,4,0,2,0,2,0,0,5,0,0,0,0,,64.80836236933798,17.906976744186046,indig_0011,48,16.72473867595819,"MOVIMIENTO ALTERNATIVO INDÍGENA Y SOCIAL ""MAIS""",#E30613,YOPAL,85001,YOPAL,4600,46
4600040,127,85,34,25,2,2,0,47,0,0,0,0,0,0,0,1,0,1,1,1,0,0,0,0,0,0,5,37,5,0,0,0,0,0,0,0,0,0,0,0,0,0,0,0,0,0,0,0,0,0,,40.0,19.68503937007874,indig_0006,47,55.294117647058826,"MOVIMIENTO AUTORIDADES INDÍGENAS DE COLOMBIA ""AICO""",#C05B16,AGUAZUL,85010,AGUAZUL,4600,46
4600120,0,0,0,0,0,0,0,0,0,0,0,0,0,0,0,0,0,0,0,0,0,0,0,0,0,0,0,0,0,0,0,0,0,0,0,0,0,0,0,0,0,0,0,0,0,0,0,0,0,0,,,,indig_0011,0,,"MOVIMIENTO ALTERNATIVO INDÍGENA Y SOCIAL ""MAIS""",#E30613,CHAMEZA,85015,CHÁMEZA,4600,46
4600320,220,183,6,20,166,4,1,4,0,0,1,0,1,0,26,12,11,117,2,1,1,0,1,0,0,0,0,0,2,2,0,0,0,0,0,0,0,1,0,0,0,0,0,1,0,0,0,0,0,0,,3.278688524590164,9.090909090909092,indig_0011,166,90.7103825136612,"MOVIMIENTO ALTERNATIVO INDÍGENA Y SOCIAL ""MAIS""",#E30613,HATO COROZAL,85125,HATO COROZAL,4600,46
4600480,3,3,0,0,0,0,3,0,0,0,0,0,0,0,0,0,0,0,0,0,0,0,3,0,0,0,0,0,0,0,0,0,0,0,0,0,0,0,0,0,0,0,0,0,0,0,0,0,0,0,,0.0,0.0,indig_0234,3,100.0,ASOCIACIÓN DE CABILDOS INDÍGENAS POR COLOMBIA,#0B5C59,LA SALINA,85136,LA SALINA,4600,46
4600520,30,28,6,1,20,0,0,0,1,0,0,1,0,0,1,17,2,0,0,0,0,0,0,0,0,0,0,0,0,0,1,0,0,0,0,0,0,0,0,0,1,0,0,0,0,0,0,0,0,0,,21.428571428571427,3.3333333333333335,indig_0011,20,71.42857142857143,"MOVIMIENTO ALTERNATIVO INDÍGENA Y SOCIAL ""MAIS""",#E30613,MANI,85139,MANÍ,4600,46
4600540,39,21,17,8,0,0,1,1,0,2,0,0,0,0,0,0,0,0,0,0,0,0,1,0,0,0,1,0,0,0,0,0,2,0,0,0,0,0,0,0,0,0,0,0,0,0,0,0,0,0,,80.95238095238095,20.51282051282051,indig_0252,2,9.523809523809524,TRIETNICO GOBERNATIVO TRIGO,#FDC418,MONTERREY,85162,MONTERREY,4600,46
4600560,5,1,0,0,1,0,0,0,0,0,0,0,0,0,0,1,0,0,0,0,0,0,0,0,0,0,0,0,0,0,0,0,0,0,0,0,0,0,0,0,0,0,0,0,0,0,0,0,0,0,,0.0,0.0,indig_0011,1,100.0,"MOVIMIENTO ALTERNATIVO INDÍGENA Y SOCIAL ""MAIS""",#E30613,NUNCHIA,85225,NUNCHÍA,4600,46
4600640,331,274,30,19,224,4,9,3,2,0,2,0,0,0,24,14,14,172,1,3,0,0,9,0,0,0,0,1,1,1,2,0,0,0,0,0,0,1,0,1,0,0,0,0,0,0,0,0,0,0,,10.948905109489052,5.740181268882175,indig_0011,224,81.75182481751825,"MOVIMIENTO ALTERNATIVO INDÍGENA Y SOCIAL ""MAIS""",#E30613,OROCUE,85230,OROCUÉ,4600,46
4600680,249,154,34,45,80,16,1,7,3,2,4,0,7,0,24,28,5,23,9,6,0,1,1,0,0,0,0,3,1,3,3,0,2,0,0,0,2,1,0,1,0,0,1,4,2,0,0,0,0,0,,22.07792207792208,18.072289156626507,indig_0011,80,51.94805194805194,"MOVIMIENTO ALTERNATIVO INDÍGENA Y SOCIAL ""MAIS""",#E30613,PAZ DE ARIPORO (MORENO),85250,PAZ DE ARIPORO,4600,46
4600700,12,3,3,7,0,0,0,0,0,0,0,0,0,0,0,0,0,0,0,0,0,0,0,0,0,0,0,0,0,0,0,0,0,0,0,0,0,0,0,0,0,0,0,0,0,0,0,0,0,0,,100.0,58.333333333333336,indig_0011,0,0.0,"MOVIMIENTO ALTERNATIVO INDÍGENA Y SOCIAL ""MAIS""",#E30613,PORE,85263,PORE,4600,46
4600760,0,0,0,0,0,0,0,0,0,0,0,0,0,0,0,0,0,0,0,0,0,0,0,0,0,0,0,0,0,0,0,0,0,0,0,0,0,0,0,0,0,0,0,0,0,0,0,0,0,0,,,,indig_0011,0,,"MOVIMIENTO ALTERNATIVO INDÍGENA Y SOCIAL ""MAIS""",#E30613,RECETOR,85279,RECETOR,4600,46
4600800,3,3,0,0,0,1,0,2,0,0,0,0,0,0,0,0,0,0,0,0,1,0,0,0,0,0,0,2,0,0,0,0,0,0,0,0,0,0,0,0,0,0,0,0,0,0,0,0,0,0,,0.0,0.0,indig_0006,2,66.66666666666666,"MOVIMIENTO AUTORIDADES INDÍGENAS DE COLOMBIA ""AICO""",#C05B16,SABANALARGA,85300,SABANALARGA,4600,46
4600815,150,131,1,14,125,0,0,4,0,0,1,0,0,0,2,2,6,115,0,0,0,0,0,0,0,0,0,0,0,4,0,0,0,0,0,0,0,0,0,1,0,0,0,0,0,0,0,0,0,0,,0.7633587786259541,9.333333333333334,indig_0011,125,95.41984732824427,"MOVIMIENTO ALTERNATIVO INDÍGENA Y SOCIAL ""MAIS""",#E30613,SACAMA,85315,SÁCAMA,4600,46
4600830,57,47,2,3,42,0,1,2,0,0,0,0,0,0,3,1,0,38,0,0,0,0,1,0,0,0,0,1,1,0,0,0,0,0,0,0,0,0,0,0,0,0,0,0,0,0,0,0,0,0,,4.25531914893617,5.263157894736842,indig_0011,42,89.36170212765957,"MOVIMIENTO ALTERNATIVO INDÍGENA Y SOCIAL ""MAIS""",#E30613,SAN LUIS DE PALENQUE,85325,SAN LUIS DE PALENQUE,4600,46
4600840,13,1,0,0,1,0,0,0,0,0,0,0,0,0,1,0,0,0,0,0,0,0,0,0,0,0,0,0,0,0,0,0,0,0,0,0,0,0,0,0,0,0,0,0,0,0,0,0,0,0,,0.0,0.0,indig_0011,1,100.0,"MOVIMIENTO ALTERNATIVO INDÍGENA Y SOCIAL ""MAIS""",#E30613,TAMARA,85400,TÁMARA,4600,46
4600850,55,45,20,6,4,2,1,15,0,2,0,0,1,0,1,2,1,0,0,2,0,0,1,0,0,0,0,14,1,0,0,0,2,0,0,0,0,0,0,0,0,0,0,0,1,0,0,0,0,0,,44.44444444444444,10.909090909090908,indig_0006,15,33.33333333333333,"MOVIMIENTO AUTORIDADES INDÍGENAS DE COLOMBIA ""AICO""",#C05B16,TAURAMENA,85410,TAURAMENA,4600,46
4600865,45,31,24,8,5,0,0,0,0,0,2,0,0,0,0,2,0,3,0,0,0,0,0,0,0,0,0,0,0,0,0,0,0,0,0,0,1,1,0,0,0,0,0,0,0,0,0,0,0,0,,77.41935483870968,17.77777777777778,indig_0011,5,16.129032258064516,"MOVIMIENTO ALTERNATIVO INDÍGENA Y SOCIAL ""MAIS""",#E30613,TRINIDAD,85430,TRINIDAD,4600,46
4600880,56,41,24,13,2,2,1,1,0,10,1,0,0,0,1,1,0,0,0,1,1,0,1,0,0,0,0,1,0,0,0,0,10,0,0,0,0,1,0,0,0,0,0,0,0,0,0,0,0,0,,58.536585365853654,23.214285714285715,indig_0252,10,24.390243902439025,TRIETNICO GOBERNATIVO TRIGO,#FDC418,VILLANUEVA,85440,VILLANUEVA,4600,46
4800001,10686,9407,670,590,7679,295,30,413,21,7,175,18,72,27,652,6306,465,256,48,178,17,52,30,0,0,0,36,45,22,310,21,0,7,0,0,0,31,105,13,26,18,0,23,35,14,27,0,0,0,0,,7.1223556925693625,5.52124274752012,indig_0011,7679,81.63070054214946,"MOVIMIENTO ALTERNATIVO INDÍGENA Y SOCIAL ""MAIS""",#E30613,RIOHACHA,44001,RIOHACHA,4800,48
4800002,5876,5428,114,238,5064,85,10,29,6,2,87,2,29,0,520,4197,285,62,8,63,5,9,10,0,0,0,2,10,5,12,6,0,2,0,0,0,6,74,4,3,2,0,9,14,6,0,0,0,0,0,,2.1002210759027267,4.050374404356705,indig_0011,5064,93.29403095062638,"MOVIMIENTO ALTERNATIVO INDÍGENA Y SOCIAL ""MAIS""",#E30613,ALBANIA,44035,ALBANIA,4800,48
4800004,846,541,52,188,423,14,2,23,3,1,19,0,4,0,19,357,29,18,3,7,0,4,2,0,0,0,1,0,1,21,3,0,1,0,0,0,1,15,1,2,0,0,2,1,1,0,0,0,0,0,,9.611829944547134,22.22222222222222,indig_0011,423,78.18853974121997,"MOVIMIENTO ALTERNATIVO INDÍGENA Y SOCIAL ""MAIS""",#E30613,BARRANCAS,44078,BARRANCAS,4800,48
4800005,2048,1860,51,79,1735,32,4,7,1,0,20,1,8,1,51,1595,75,14,2,16,8,6,4,0,0,0,2,3,2,0,1,0,0,0,0,0,2,13,1,4,1,0,3,4,1,1,0,0,0,0,,2.741935483870968,3.857421875,indig_0011,1735,93.27956989247312,"MOVIMIENTO ALTERNATIVO INDÍGENA Y SOCIAL ""MAIS""",#E30613,DIBULLA,44090,DIBULLA,4800,48
4800006,1752,1631,24,74,1560,21,6,3,2,0,7,0,4,4,51,1439,50,20,2,11,2,6,6,0,0,0,0,2,0,1,2,0,0,0,0,0,2,4,1,0,0,0,2,2,0,4,0,0,0,0,,1.471489883507051,4.223744292237443,indig_0011,1560,95.64684242795832,"MOVIMIENTO ALTERNATIVO INDÍGENA Y SOCIAL ""MAIS""",#E30613,EL MOLINO,44110,EL MOLINO,4800,48
4800007,1443,1271,55,83,1151,15,6,13,2,1,20,2,4,2,50,981,91,29,4,8,3,0,6,0,0,0,0,8,0,5,2,0,1,0,0,0,3,15,2,0,2,0,2,1,1,2,0,0,0,0,,4.327301337529504,5.751905751905752,indig_0011,1151,90.558615263572,"MOVIMIENTO ALTERNATIVO INDÍGENA Y SOCIAL ""MAIS""",#E30613,FONSECA,44279,FONSECA,4800,48
4800008,488,431,19,27,399,2,3,3,2,0,3,0,0,0,23,336,20,20,1,1,0,0,3,0,0,0,0,0,0,3,2,0,0,0,0,0,1,0,2,0,0,0,0,0,0,0,0,0,0,0,,4.408352668213457,5.532786885245901,indig_0011,399,92.5754060324826,"MOVIMIENTO ALTERNATIVO INDÍGENA Y SOCIAL ""MAIS""",#E30613,DISTRACCION,44098,DISTRACCIÓN,4800,48
4800009,1375,1229,64,51,1101,22,1,8,2,0,20,2,5,4,119,893,68,21,4,10,6,2,1,0,0,0,1,1,1,5,2,0,0,0,0,0,2,13,3,2,2,0,5,0,0,4,0,0,0,0,,5.207485760781123,3.709090909090909,indig_0011,1101,89.58502847843775,"MOVIMIENTO ALTERNATIVO INDÍGENA Y SOCIAL ""MAIS""",#E30613,HATONUEVO,44378,HATONUEVO,4800,48
4800010,7557,6353,547,475,5060,128,187,136,36,7,140,24,67,21,515,3908,391,246,28,47,28,25,187,0,0,0,26,40,14,56,36,0,7,0,0,0,32,78,11,19,24,0,19,28,20,21,0,0,0,0,,8.610105461986462,6.285563054122006,indig_0011,5060,79.64741067212341,"MOVIMIENTO ALTERNATIVO INDÍGENA Y SOCIAL ""MAIS""",#E30613,MAICAO,44430,MAICAO,4800,48
4800011,3871,2810,203,295,2168,116,12,141,11,5,81,5,60,8,282,1639,161,86,13,65,21,17,12,0,0,0,23,36,9,73,11,0,5,0,0,0,6,48,12,15,5,0,16,17,27,8,0,0,0,0,,7.224199288256228,7.620769826918108,indig_0011,2168,77.15302491103203,"MOVIMIENTO ALTERNATIVO INDÍGENA Y SOCIAL ""MAIS""",#E30613,MANAURE,44560,MANAURE,4800,48
4800012,77,47,6,19,37,0,0,0,1,0,3,0,0,0,8,28,0,1,0,0,0,0,0,0,0,0,0,0,0,0,1,0,0,0,0,0,1,1,0,1,0,0,0,0,0,0,0,0,0,0,,12.76595744680851,24.675324675324674,indig_0011,37,78.72340425531915,"MOVIMIENTO ALTERNATIVO INDÍGENA Y SOCIAL ""MAIS""",#E30613,LA JAGUA DEL PILAR,44420,LA JAGUA DEL PILAR,4800,48
4800013,991,837,74,98,708,27,8,5,6,0,4,1,1,3,66,579,41,22,4,16,5,2,8,0,0,0,0,1,1,3,6,0,0,0,0,0,0,2,1,1,1,0,1,0,0,3,0,0,0,0,,8.841099163679809,9.889001009081735,indig_0011,708,84.58781362007169,"MOVIMIENTO ALTERNATIVO INDÍGENA Y SOCIAL ""MAIS""",#E30613,SAN JUAN DEL CESAR,44650,SAN JUAN DEL CESAR,4800,48
4800016,21085,17459,565,1311,14406,655,22,1053,37,24,404,25,238,30,1965,11159,1024,258,138,350,79,88,22,0,0,0,123,108,83,739,37,0,24,0,0,0,55,242,53,54,25,0,101,83,54,30,0,0,0,0,,3.2361532733833553,6.217690301161963,indig_0011,14406,82.51331691391259,"MOVIMIENTO ALTERNATIVO INDÍGENA Y SOCIAL ""MAIS""",#E30613,URIBIA,44847,URIBIA,4800,48
4800018,445,396,20,37,351,0,1,16,1,5,2,0,0,0,12,324,9,6,0,0,0,0,1,0,0,0,3,1,0,12,1,0,5,0,0,0,0,2,0,0,0,0,0,0,0,0,0,0,0,0,,5.05050505050505,8.314606741573034,indig_0011,351,88.63636363636364,"MOVIMIENTO ALTERNATIVO INDÍGENA Y SOCIAL ""MAIS""",#E30613,URUMITA,44855,URUMITA,4800,48
4800020,393,249,41,85,200,0,1,0,1,0,2,0,4,0,10,181,9,0,0,0,0,0,1,0,0,0,0,0,0,0,1,0,0,0,0,0,1,0,0,1,0,0,1,1,2,0,0,0,0,0,,16.46586345381526,21.62849872773537,indig_0011,200,80.32128514056225,"MOVIMIENTO ALTERNATIVO INDÍGENA Y SOCIAL ""MAIS""",#E30613,VILLANUEVA,44874,VILLANUEVA,4800,48
5000001,703,448,116,16,127,31,6,79,3,0,59,2,23,2,7,77,13,30,10,19,2,0,6,0,0,0,13,60,4,2,3,0,0,0,0,0,5,34,14,6,2,0,4,13,6,2,0,0,0,0,,25.892857142857146,2.275960170697013,indig_0011,127,28.348214285714285,"MOVIMIENTO ALTERNATIVO INDÍGENA Y SOCIAL ""MAIS""",#E30613,INIRIDA,94001,INÍRIDA,5000,50
5000070,396,282,37,13,121,60,2,31,2,5,17,1,6,0,8,33,22,58,3,38,16,3,2,0,0,0,0,22,8,1,2,0,5,0,0,0,1,12,4,0,1,0,0,5,1,0,0,0,0,0,,13.120567375886525,3.2828282828282833,indig_0011,121,42.90780141843972,"MOVIMIENTO ALTERNATIVO INDÍGENA Y SOCIAL ""MAIS""",#E30613,BARRANCO MINAS,94343,BARRANCOMINAS,5000,50
5000073,0,0,0,0,0,0,0,0,0,0,0,0,0,0,0,0,0,0,0,0,0,0,0,0,0,0,0,0,0,0,0,0,0,0,0,0,0,0,0,0,0,0,0,0,0,0,0,0,0,0,,,,indig_0011,0,,"MOVIMIENTO ALTERNATIVO INDÍGENA Y SOCIAL ""MAIS""",#E30613,CACAHUAL,94886,CACAHUAL,5000,50
5000078,0,0,0,0,0,0,0,0,0,0,0,0,0,0,0,0,0,0,0,0,0,0,0,0,0,0,0,0,0,0,0,0,0,0,0,0,0,0,0,0,0,0,0,0,0,0,0,0,0,0,,,,indig_0011,0,,"MOVIMIENTO ALTERNATIVO INDÍGENA Y SOCIAL ""MAIS""",#E30613,LA GUADALUPE,94885,LA GUADALUPE,5000,50
5000083,0,0,0,0,0,0,0,0,0,0,0,0,0,0,0,0,0,0,0,0,0,0,0,0,0,0,0,0,0,0,0,0,0,0,0,0,0,0,0,0,0,0,0,0,0,0,0,0,0,0,,,,indig_0011,0,,"MOVIMIENTO ALTERNATIVO INDÍGENA Y SOCIAL ""MAIS""",#E30613,MORICHAL (MORICHAL NUEVO),94888,MORICHAL,5000,50
5000087,21,2,2,19,0,0,0,0,0,0,0,0,0,0,0,0,0,0,0,0,0,0,0,0,0,0,0,0,0,0,0,0,0,0,0,0,0,0,0,0,0,0,0,0,0,0,0,0,0,0,,100.0,90.47619047619048,indig_0011,0,0.0,"MOVIMIENTO ALTERNATIVO INDÍGENA Y SOCIAL ""MAIS""",#E30613,PANA PANA (CAMPO ALEGRE),94887,PANA PANA,5000,50
5000090,21,20,0,1,0,4,2,12,0,0,2,0,0,0,0,0,0,0,0,4,0,0,2,0,0,0,0,11,1,0,0,0,0,0,0,0,0,2,0,0,0,0,0,0,0,0,0,0,0,0,,0.0,4.761904761904762,indig_0006,12,60.0,"MOVIMIENTO AUTORIDADES INDÍGENAS DE COLOMBIA ""AICO""",#C05B16,PUERTO COLOMBIA,94884,PUERTO COLOMBIA,5000,50
5000092,0,0,0,0,0,0,0,0,0,0,0,0,0,0,0,0,0,0,0,0,0,0,0,0,0,0,0,0,0,0,0,0,0,0,0,0,0,0,0,0,0,0,0,0,0,0,0,0,0,0,,,,indig_0011,0,,"MOVIMIENTO ALTERNATIVO INDÍGENA Y SOCIAL ""MAIS""",#E30613,SAN FELIPE,94883,SAN FELIPE,5000,50
5200001,1535,1053,384,242,156,57,64,292,13,17,37,10,10,13,26,33,15,82,17,16,20,4,64,0,0,0,17,208,14,53,13,0,17,0,0,0,5,26,3,3,10,0,8,0,2,13,0,0,0,0,,36.46723646723647,15.765472312703583,indig_0006,292,27.730294396961064,"MOVIMIENTO AUTORIDADES INDÍGENAS DE COLOMBIA ""AICO""",#C05B16,VILLAVICENCIO,50001,VILLAVICENCIO,5200,52
5200005,446,285,80,98,16,18,4,148,3,1,9,0,3,3,4,6,3,3,7,6,4,1,4,0,0,0,7,125,7,9,3,0,1,0,0,0,1,6,1,1,0,0,2,0,1,3,0,0,0,0,,28.07017543859649,21.973094170403588,indig_0006,148,51.92982456140351,"MOVIMIENTO AUTORIDADES INDÍGENAS DE COLOMBIA ""AICO""",#C05B16,ACACIAS,50006,ACACÍAS,5200,52
5200006,33,16,11,13,0,1,0,1,0,2,0,0,1,0,0,0,0,0,0,1,0,0,0,0,0,0,0,1,0,0,0,0,2,0,0,0,0,0,0,0,0,0,0,1,0,0,0,0,0,0,,68.75,39.39393939393939,indig_0252,2,12.5,TRIETNICO GOBERNATIVO TRIGO,#FDC418,BARRANCA DE UPIA,50110,BARRANCA DE UPÍA,5200,52
5200008,6,5,0,0,0,1,0,3,1,0,0,0,0,0,0,0,0,0,1,0,0,0,0,0,0,0,0,2,1,0,1,0,0,0,0,0,0,0,0,0,0,0,0,0,0,0,0,0,0,0,,0.0,0.0,indig_0006,3,60.0,"MOVIMIENTO AUTORIDADES INDÍGENAS DE COLOMBIA ""AICO""",#C05B16,CABUYARO,50124,CABUYARO,5200,52
5200010,105,95,13,9,2,2,1,74,0,1,2,0,0,0,2,0,0,0,0,0,0,2,1,0,0,0,4,67,2,1,0,0,1,0,0,0,0,2,0,0,0,0,0,0,0,0,0,0,0,0,,13.684210526315791,8.571428571428571,indig_0006,74,77.89473684210526,"MOVIMIENTO AUTORIDADES INDÍGENAS DE COLOMBIA ""AICO""",#C05B16,CASTILLA LA NUEVA,50150,CASTILLA LA NUEVA,5200,52
5200015,8,5,1,2,0,0,0,3,0,0,1,0,0,0,0,0,0,0,0,0,0,0,0,0,0,0,0,3,0,0,0,0,0,0,0,0,0,1,0,0,0,0,0,0,0,0,0,0,0,0,,20.0,25.0,indig_0006,3,60.0,"MOVIMIENTO AUTORIDADES INDÍGENAS DE COLOMBIA ""AICO""",#C05B16,CUBARRAL,50223,CUBARRAL,5200,52
5200020,48,19,9,18,2,0,0,7,0,0,1,0,0,0,1,1,0,0,0,0,0,0,0,0,0,0,0,6,1,0,0,0,0,0,0,0,0,1,0,0,0,0,0,0,0,0,0,0,0,0,,47.368421052631575,37.5,indig_0006,7,36.84210526315789,"MOVIMIENTO AUTORIDADES INDÍGENAS DE COLOMBIA ""AICO""",#C05B16,CUMARAL,50226,CUMARAL,5200,52
5200025,0,0,0,0,0,0,0,0,0,0,0,0,0,0,0,0,0,0,0,0,0,0,0,0,0,0,0,0,0,0,0,0,0,0,0,0,0,0,0,0,0,0,0,0,0,0,0,0,0,0,,,,indig_0011,0,,"MOVIMIENTO ALTERNATIVO INDÍGENA Y SOCIAL ""MAIS""",#E30613,EL CALVARIO,50245,EL CALVARIO,5200,52
5200027,4,3,0,0,0,0,0,3,0,0,0,0,0,0,0,0,0,0,0,0,0,0,0,0,0,0,1,1,0,1,0,0,0,0,0,0,0,0,0,0,0,0,0,0,0,0,0,0,0,0,,0.0,0.0,indig_0006,3,100.0,"MOVIMIENTO AUTORIDADES INDÍGENAS DE COLOMBIA ""AICO""",#C05B16,EL CASTILLO,50251,EL CASTILLO,5200,52
5200028,3,3,0,0,1,0,0,2,0,0,0,0,0,0,0,1,0,0,0,0,0,0,0,0,0,0,0,2,0,0,0,0,0,0,0,0,0,0,0,0,0,0,0,0,0,0,0,0,0,0,,0.0,0.0,indig_0006,2,66.66666666666666,"MOVIMIENTO AUTORIDADES INDÍGENAS DE COLOMBIA ""AICO""",#C05B16,EL DORADO,50270,EL DORADO,5200,52
5200030,32,23,1,1,0,0,0,21,0,0,1,0,0,0,0,0,0,0,0,0,0,0,0,0,0,0,1,19,0,1,0,0,0,0,0,0,0,0,1,0,0,0,0,0,0,0,0,0,0,0,,4.3478260869565215,3.125,indig_0006,21,91.30434782608695,"MOVIMIENTO AUTORIDADES INDÍGENAS DE COLOMBIA ""AICO""",#C05B16,FUENTE DE ORO,50287,FUENTE DE ORO,5200,52
5200035,139,99,40,17,14,4,0,35,0,1,2,1,2,0,3,0,3,8,1,1,0,2,0,0,0,0,0,32,2,1,0,0,1,0,0,0,0,2,0,0,1,0,0,2,0,0,0,0,0,0,,40.4040404040404,12.23021582733813,indig_0006,35,35.35353535353536,"MOVIMIENTO AUTORIDADES INDÍGENAS DE COLOMBIA ""AICO""",#C05B16,GRANADA,50313,GRANADA,5200,52
5200040,12,3,2,1,0,0,0,1,0,0,0,0,0,0,0,0,0,0,0,0,0,0,0,0,0,0,0,1,0,0,0,0,0,0,0,0,0,0,0,0,0,0,0,0,0,0,0,0,0,0,,66.66666666666666,8.333333333333332,indig_0006,1,33.33333333333333,"MOVIMIENTO AUTORIDADES INDÍGENAS DE COLOMBIA ""AICO""",#C05B16,GUAMAL,50318,GUAMAL,5200,52
5200041,166,104,16,25,18,4,1,34,2,0,25,1,2,1,3,4,10,1,2,1,1,0,1,0,0,0,1,29,4,0,2,0,0,0,0,0,1,22,2,0,1,0,1,1,0,1,0,0,0,0,,15.384615384615385,15.060240963855422,indig_0006,34,32.69230769230769,"MOVIMIENTO AUTORIDADES INDÍGENAS DE COLOMBIA ""AICO""",#C05B16,LA MACARENA,50350,LA MACARENA,5200,52
5200042,4,4,1,0,0,0,0,2,0,0,1,0,0,0,0,0,0,0,0,0,0,0,0,0,0,0,0,1,1,0,0,0,0,0,0,0,0,1,0,0,0,0,0,0,0,0,0,0,0,0,,25.0,0.0,indig_0006,2,50.0,"MOVIMIENTO AUTORIDADES INDÍGENAS DE COLOMBIA ""AICO""",#C05B16,LEJANIAS,50400,LEJANÍAS,5200,52
5200043,1329,1021,285,122,459,73,10,93,17,4,40,2,26,12,218,122,73,46,32,15,13,13,10,0,0,0,28,36,20,9,17,0,4,0,0,0,12,22,5,1,2,0,12,10,4,12,0,0,0,0,,27.913809990205678,9.179834462001505,indig_0011,459,44.95592556317336,"MOVIMIENTO ALTERNATIVO INDÍGENA Y SOCIAL ""MAIS""",#E30613,PUERTO GAITAN,50568,PUERTO GAITÁN,5200,52
5200044,147,62,13,13,14,2,1,29,1,0,2,0,0,0,5,5,4,0,0,0,1,1,1,0,0,0,2,22,3,2,1,0,0,0,0,0,0,1,1,0,0,0,0,0,0,0,0,0,0,0,,20.967741935483872,8.843537414965986,indig_0006,29,46.774193548387096,"MOVIMIENTO AUTORIDADES INDÍGENAS DE COLOMBIA ""AICO""",#C05B16,MESETAS,50330,MESETAS,5200,52
5200045,223,165,36,22,14,2,1,105,1,1,2,0,3,0,3,3,7,1,1,1,0,0,1,0,0,0,6,96,3,0,1,0,1,0,0,0,1,1,0,0,0,0,1,1,1,0,0,0,0,0,,21.818181818181817,9.865470852017937,indig_0006,105,63.63636363636363,"MOVIMIENTO AUTORIDADES INDÍGENAS DE COLOMBIA ""AICO""",#C05B16,PUERTO LOPEZ,50573,PUERTO LÓPEZ,5200,52
5200046,80,52,1,3,19,6,1,25,0,0,0,0,0,0,8,1,10,0,3,3,0,0,1,0,0,0,0,21,3,1,0,0,0,0,0,0,0,0,0,0,0,0,0,0,0,0,0,0,0,0,,1.9230769230769231,3.75,indig_0006,25,48.07692307692308,"MOVIMIENTO AUTORIDADES INDÍGENAS DE COLOMBIA ""AICO""",#C05B16,MAPIRIPAN,50325,MAPIRIPÁN,5200,52
5200047,94,58,12,9,37,2,0,3,0,0,3,0,1,0,12,0,0,25,1,1,0,0,0,0,0,0,0,1,0,2,0,0,0,0,0,0,0,0,1,2,0,0,0,0,1,0,0,0,0,0,,20.689655172413794,9.574468085106384,indig_0011,37,63.793103448275865,"MOVIMIENTO ALTERNATIVO INDÍGENA Y SOCIAL ""MAIS""",#E30613,PUERTO CONCORDIA,50450,PUERTO CONCORDIA,5200,52
5200048,75,72,0,0,2,1,0,60,0,0,7,1,0,1,0,0,0,2,0,1,0,0,0,0,0,0,1,53,6,0,0,0,0,0,0,0,0,6,1,0,1,0,0,0,0,1,0,0,0,0,,0.0,0.0,indig_0006,60,83.33333333333334,"MOVIMIENTO AUTORIDADES INDÍGENAS DE COLOMBIA ""AICO""",#C05B16,PUERTO LLERAS,50577,PUERTO LLERAS,5200,52
5200049,200,161,18,17,8,7,1,121,0,0,3,1,2,0,5,2,0,1,2,4,1,0,1,0,0,0,2,114,5,0,0,0,0,0,0,0,0,0,1,2,1,0,0,1,1,0,0,0,0,0,,11.180124223602485,8.5,indig_0006,121,75.15527950310559,"MOVIMIENTO AUTORIDADES INDÍGENAS DE COLOMBIA ""AICO""",#C05B16,PUERTO RICO,50590,PUERTO RICO,5200,52
5200050,58,40,6,7,7,1,0,25,0,0,0,1,0,0,0,6,0,1,0,0,1,0,0,0,0,0,0,23,2,0,0,0,0,0,0,0,0,0,0,0,1,0,0,0,0,0,0,0,0,0,,15.0,12.068965517241379,indig_0006,25,62.5,"MOVIMIENTO AUTORIDADES INDÍGENAS DE COLOMBIA ""AICO""",#C05B16,RESTREPO,50606,RESTREPO,5200,52
5200055,19,17,0,2,0,0,0,16,0,0,1,0,0,0,0,0,0,0,0,0,0,0,0,0,0,0,1,14,1,0,0,0,0,0,0,0,0,1,0,0,0,0,0,0,0,0,0,0,0,0,,0.0,10.526315789473683,indig_0006,16,94.11764705882352,"MOVIMIENTO AUTORIDADES INDÍGENAS DE COLOMBIA ""AICO""",#C05B16,SAN CARLOS DE GUAROA,50680,SAN CARLOS DE GUAROA,5200,52
5200058,35,7,7,8,0,0,0,0,0,0,0,0,0,0,0,0,0,0,0,0,0,0,0,0,0,0,0,0,0,0,0,0,0,0,0,0,0,0,0,0,0,0,0,0,0,0,0,0,0,0,,100.0,22.857142857142858,indig_0011,0,0.0,"MOVIMIENTO ALTERNATIVO INDÍGENA Y SOCIAL ""MAIS""",#E30613,SAN JUAN DE ARAMA,50683,SAN JUAN DE ARAMA,5200,52
5200059,0,0,0,0,0,0,0,0,0,0,0,0,0,0,0,0,0,0,0,0,0,0,0,0,0,0,0,0,0,0,0,0,0,0,0,0,0,0,0,0,0,0,0,0,0,0,0,0,0,0,,,,indig_0011,0,,"MOVIMIENTO ALTERNATIVO INDÍGENA Y SOCIAL ""MAIS""",#E30613,SAN JUANITO,50686,SAN JUANITO,5200,52
5200060,80,28,18,34,2,1,0,6,0,0,1,0,0,0,2,0,0,0,0,0,1,0,0,0,0,0,0,3,3,0,0,0,0,0,0,0,0,1,0,0,0,0,0,0,0,0,0,0,0,0,,64.28571428571429,42.5,indig_0006,6,21.428571428571427,"MOVIMIENTO AUTORIDADES INDÍGENAS DE COLOMBIA ""AICO""",#C05B16,SAN MARTIN DE LOS LLANOS,50689,SAN MARTÍN,5200,52
5200074,37,25,13,5,2,1,0,6,1,0,2,0,0,0,0,1,1,0,0,0,1,0,0,0,0,0,1,5,0,0,1,0,0,0,0,0,0,0,2,0,0,0,0,0,0,0,0,0,0,0,,52.0,13.513513513513514,indig_0006,6,24.0,"MOVIMIENTO AUTORIDADES INDÍGENAS DE COLOMBIA ""AICO""",#C05B16,URIBE,50370,URIBE,5200,52
5200080,30,17,15,9,1,0,0,1,0,0,0,0,0,0,0,0,1,0,0,0,0,0,0,0,0,0,0,1,0,0,0,0,0,0,0,0,0,0,0,0,0,0,0,0,0,0,0,0,0,0,,88.23529411764706,30.0,indig_0011,1,5.88235294117647,"MOVIMIENTO ALTERNATIVO INDÍGENA Y SOCIAL ""MAIS""",#E30613,VISTA HERMOSA,50711,VISTAHERMOSA,5200,52
5400001,275,205,49,24,64,9,0,13,4,0,60,1,5,0,9,23,9,23,3,2,2,2,0,0,0,0,0,6,3,4,4,0,0,0,0,0,4,50,5,1,1,0,2,2,1,0,0,0,0,0,,23.902439024390244,8.727272727272728,indig_0011,64,31.21951219512195,"MOVIMIENTO ALTERNATIVO INDÍGENA Y SOCIAL ""MAIS""",#E30613,SAN JOSE DEL GUAVIARE,95001,SAN JOSÉ DEL GUAVIARE,5400,54
5400003,79,54,14,6,19,7,0,6,0,2,2,0,3,1,5,6,4,4,3,1,2,1,0,0,0,0,0,1,0,5,0,0,2,0,0,0,0,0,2,0,0,0,1,2,0,1,0,0,0,0,,25.925925925925924,7.59493670886076,indig_0011,19,35.18518518518518,"MOVIMIENTO ALTERNATIVO INDÍGENA Y SOCIAL ""MAIS""",#E30613,CALAMAR,95015,CALAMAR,5400,54
5400007,29,22,3,2,10,2,0,0,0,0,6,0,1,0,1,2,2,5,0,0,1,1,0,0,0,0,0,0,0,0,0,0,0,0,0,0,0,5,1,0,0,0,0,0,1,0,0,0,0,0,,13.636363636363635,6.896551724137931,indig_0011,10,45.45454545454545,"MOVIMIENTO ALTERNATIVO INDÍGENA Y SOCIAL ""MAIS""",#E30613,EL RETORNO,95025,EL RETORNO,5400,54
5400012,59,42,6,2,25,6,1,1,1,0,0,0,2,0,0,9,2,14,0,3,2,1,1,0,0,0,0,1,0,0,1,0,0,0,0,0,0,0,0,0,0,0,0,2,0,0,0,0,0,0,,14.285714285714285,3.389830508474576,indig_0011,25,59.523809523809526,"MOVIMIENTO ALTERNATIVO INDÍGENA Y SOCIAL ""MAIS""",#E30613,MIRAFLORES,95200,MIRAFLORES,5400,54
5600001,649,492,198,29,23,8,3,225,2,1,19,3,6,4,2,17,4,0,2,2,1,3,3,0,0,0,25,8,4,188,2,0,1,0,0,0,0,4,5,10,3,0,0,4,2,4,0,0,0,0,,40.243902439024396,4.468412942989214,indig_0006,225,45.73170731707317,"MOVIMIENTO AUTORIDADES INDÍGENAS DE COLOMBIA ""AICO""",#C05B16,SAN ANDRES,88001,SAN ANDRES,5600,56
5600004,14,6,1,0,0,0,1,4,0,0,0,0,0,0,0,0,0,0,0,0,0,0,1,0,0,0,0,0,0,4,0,0,0,0,0,0,0,0,0,0,0,0,0,0,0,0,0,0,0,0,,16.666666666666664,0.0,indig_0006,4,66.66666666666666,"MOVIMIENTO AUTORIDADES INDÍGENAS DE COLOMBIA ""AICO""",#C05B16,PROVIDENCIA,88564,PROVIDENCIA,5600,56
6000001,720,525,164,46,308,18,1,14,3,1,5,2,7,2,36,125,38,109,2,10,1,5,1,0,0,0,1,8,2,3,3,0,1,0,0,0,2,3,0,0,2,0,3,2,2,2,0,0,0,0,,31.238095238095237,6.388888888888888,indig_0011,308,58.666666666666664,"MOVIMIENTO ALTERNATIVO INDÍGENA Y SOCIAL ""MAIS""",#E30613,LETICIA,91001,LETICIA,6000,60
6000007,191,90,33,10,51,2,0,2,0,0,2,0,0,0,14,19,12,6,1,1,0,0,0,0,0,0,1,0,1,0,0,0,0,0,0,0,0,2,0,0,0,0,0,0,0,0,0,0,0,0,,36.666666666666664,5.2356020942408374,indig_0011,51,56.666666666666664,"MOVIMIENTO ALTERNATIVO INDÍGENA Y SOCIAL ""MAIS""",#E30613,PUERTO NARIÑO,91540,PUERTO NARIÑO,6000,60
6000010,86,49,2,5,40,7,0,0,0,0,0,0,0,0,6,6,4,24,1,0,0,6,0,0,0,0,0,0,0,0,0,0,0,0,0,0,0,0,0,0,0,0,0,0,0,0,0,0,0,0,,4.081632653061225,5.813953488372093,indig_0011,40,81.63265306122449,"MOVIMIENTO ALTERNATIVO INDÍGENA Y SOCIAL ""MAIS""",#E30613,EL ENCANTO,91263,EL ENCANTO,6000,60
6000013,94,76,3,1,67,0,1,1,0,1,1,0,2,0,6,14,6,41,0,0,0,0,1,0,0,0,0,1,0,0,0,0,1,0,0,0,1,0,0,0,0,0,1,1,0,0,0,0,0,0,,3.9473684210526314,1.0638297872340425,indig_0011,67,88.1578947368421,"MOVIMIENTO ALTERNATIVO INDÍGENA Y SOCIAL ""MAIS""",#E30613,LA CHORRERA,91405,LA CHORRERA,6000,60
6000016,78,74,2,1,65,0,3,2,0,0,0,0,0,2,8,10,8,39,0,0,0,0,3,0,0,0,1,1,0,0,0,0,0,0,0,0,0,0,0,0,0,0,0,0,0,2,0,0,0,0,,2.7027027027027026,1.282051282051282,indig_0011,65,87.83783783783784,"MOVIMIENTO ALTERNATIVO INDÍGENA Y SOCIAL ""MAIS""",#E30613,LA PEDRERA,91407,LA PEDRERA,6000,60
6000017,13,2,1,1,1,0,0,0,0,0,0,0,0,0,0,1,0,0,0,0,0,0,0,0,0,0,0,0,0,0,0,0,0,0,0,0,0,0,0,0,0,0,0,0,0,0,0,0,0,0,,50.0,7.6923076923076925,indig_0011,1,50.0,"MOVIMIENTO ALTERNATIVO INDÍGENA Y SOCIAL ""MAIS""",#E30613,LA VICTORIA,91430,LA VICTORIA,6000,60
6000019,65,59,0,0,47,5,4,2,0,1,0,0,0,0,22,1,2,22,0,1,1,3,4,0,0,0,1,0,0,1,0,0,1,0,0,0,0,0,0,0,0,0,0,0,0,0,0,0,0,0,,0.0,0.0,indig_0011,47,79.66101694915254,"MOVIMIENTO ALTERNATIVO INDÍGENA Y SOCIAL ""MAIS""",#E30613,MIRITI PARANA,91460,MIRITÍ - PARANÁ,6000,60
6000021,102,82,11,2,56,8,0,0,0,0,1,1,5,0,8,31,6,11,4,2,1,1,0,0,0,0,0,0,0,0,0,0,0,0,0,0,0,1,0,0,1,0,1,3,1,0,0,0,0,0,,13.414634146341465,1.9607843137254901,indig_0011,56,68.29268292682927,"MOVIMIENTO ALTERNATIVO INDÍGENA Y SOCIAL ""MAIS""",#E30613,PUERTO SANTANDER,91669,PUERTO SANTANDER,6000,60
6000022,183,152,5,3,140,2,0,2,0,0,0,0,2,1,24,26,11,79,1,1,0,0,0,0,0,0,0,0,2,0,0,0,0,0,0,0,0,0,0,0,0,0,0,1,1,1,0,0,0,0,,3.289473684210526,1.639344262295082,indig_0011,140,92.10526315789474,"MOVIMIENTO ALTERNATIVO INDÍGENA Y SOCIAL ""MAIS""",#E30613,TARAPACA,91798,TARAPACÁ,6000,60
6000030,97,83,1,7,80,2,0,0,0,0,0,0,0,0,9,7,8,56,2,0,0,0,0,0,0,0,0,0,0,0,0,0,0,0,0,0,0,0,0,0,0,0,0,0,0,0,0,0,0,0,,1.2048192771084338,7.216494845360824,indig_0011,80,96.3855421686747,"MOVIMIENTO ALTERNATIVO INDÍGENA Y SOCIAL ""MAIS""",#E30613,PUERTO ALEGRIA,91530,PUERTO ALEGRÍA,6000,60
6000040,49,44,2,0,40,1,0,0,0,0,1,0,0,0,5,4,4,27,1,0,0,0,0,0,0,0,0,0,0,0,0,0,0,0,0,0,0,1,0,0,0,0,0,0,0,0,0,0,0,0,,4.545454545454546,0.0,indig_0011,40,90.9090909090909,"MOVIMIENTO ALTERNATIVO INDÍGENA Y SOCIAL ""MAIS""",#E30613,PUERTO ARICA,91536,PUERTO ARICA,6000,60
6400001,827,629,173,62,240,33,2,83,2,1,73,2,12,8,15,128,18,79,6,18,3,6,2,0,0,0,6,62,9,6,2,0,1,0,0,0,4,19,44,6,2,0,6,3,3,8,0,0,0,0,,27.503974562798096,7.496977025392987,indig_0011,240,38.15580286168522,"MOVIMIENTO ALTERNATIVO INDÍGENA Y SOCIAL ""MAIS""",#E30613,MOCOA,86001,MOCOA,6400,64
6400002,866,657,179,61,162,54,3,189,6,1,36,5,16,6,33,27,36,66,21,17,13,3,3,0,0,0,30,120,34,5,6,0,1,0,0,0,13,13,7,3,5,0,7,8,1,6,0,0,0,0,,27.24505327245053,7.043879907621248,indig_0006,189,28.767123287671232,"MOVIMIENTO AUTORIDADES INDÍGENAS DE COLOMBIA ""AICO""",#C05B16,PUERTO ASIS,86568,PUERTO ASÍS,6400,64
6400004,941,821,73,20,677,14,4,29,3,2,5,3,10,1,146,60,62,409,4,2,3,5,4,0,0,0,12,6,2,9,3,0,2,0,0,0,1,2,1,1,3,0,4,4,2,1,0,0,0,0,,8.891595615103533,2.1253985122210417,indig_0011,677,82.46041412911083,"MOVIMIENTO ALTERNATIVO INDÍGENA Y SOCIAL ""MAIS""",#E30613,PUERTO LEGUIZAMO,86573,PUERTO LEGUÍZAMO,6400,64
6400007,138,131,12,1,22,29,1,28,0,0,35,0,3,1,5,9,7,1,0,27,2,0,1,0,0,0,0,22,5,1,0,0,0,0,0,0,2,5,26,2,0,0,1,2,0,1,0,0,0,0,,9.16030534351145,0.7246376811594203,indig_0188,35,26.717557251908396,MOVIMIENTO UNIDAD EN MINGA POR COLOMBIA,#DA5403,COLON,86219,COLÓN,6400,64
6400013,239,213,23,8,100,7,0,20,1,0,57,0,4,1,6,11,13,70,2,4,0,1,0,0,0,0,1,17,1,1,1,0,0,0,0,0,0,4,53,0,0,0,2,2,0,1,0,0,0,0,,10.7981220657277,3.3472803347280333,indig_0011,100,46.948356807511736,"MOVIMIENTO ALTERNATIVO INDÍGENA Y SOCIAL ""MAIS""",#E30613,SAN FRANCISCO,86755,SAN FRANCISCO,6400,64
6400016,258,243,16,6,193,4,0,2,0,1,26,0,1,0,30,30,15,118,0,4,0,0,0,0,0,0,0,2,0,0,0,0,1,0,0,0,1,2,23,0,0,0,1,0,0,0,0,0,0,0,,6.584362139917696,2.3255813953488373,indig_0011,193,79.42386831275721,"MOVIMIENTO ALTERNATIVO INDÍGENA Y SOCIAL ""MAIS""",#E30613,SANTIAGO,86760,SANTIAGO,6400,64
6400018,275,209,47,11,24,16,2,58,0,1,48,0,6,7,1,13,7,3,4,7,4,1,2,0,0,0,5,44,6,3,0,0,1,0,0,0,3,4,40,1,0,0,2,2,2,7,0,0,0,0,,22.48803827751196,4.0,indig_0006,58,27.751196172248804,"MOVIMIENTO AUTORIDADES INDÍGENAS DE COLOMBIA ""AICO""",#C05B16,SAN MIGUEL (LA DORADA),86757,SAN MIGUEL,6400,64
6400019,792,745,80,11,121,20,4,110,10,0,381,1,14,4,21,18,12,70,5,6,6,3,4,0,0,0,4,93,10,3,10,0,0,0,0,0,18,16,338,9,1,0,7,6,1,4,0,0,0,0,,10.738255033557047,1.3888888888888888,indig_0188,381,51.14093959731544,MOVIMIENTO UNIDAD EN MINGA POR COLOMBIA,#DA5403,SIBUNDOY,86749,SIBUNDOY,6400,64
6400023,516,418,62,25,284,14,1,31,1,0,23,0,2,0,27,139,22,96,2,6,4,2,1,0,0,0,2,26,3,0,1,0,0,0,0,0,4,6,11,2,0,0,0,1,1,0,0,0,0,0,,14.832535885167463,4.844961240310078,indig_0011,284,67.94258373205741,"MOVIMIENTO ALTERNATIVO INDÍGENA Y SOCIAL ""MAIS""",#E30613,ORITO,86320,ORITO,6400,64
6400025,157,57,31,30,9,3,0,3,2,0,7,0,2,0,2,6,0,1,0,1,2,0,0,0,0,0,1,2,0,0,2,0,0,0,0,0,0,2,2,3,0,0,1,1,0,0,0,0,0,0,,54.385964912280706,19.10828025477707,indig_0011,9,15.789473684210526,"MOVIMIENTO ALTERNATIVO INDÍGENA Y SOCIAL ""MAIS""",#E30613,PUERTO GUZMAN,86571,PUERTO GUZMÁN,6400,64
6400026,68,40,10,4,14,4,0,5,0,0,2,0,4,1,1,5,2,6,2,1,1,0,0,0,0,0,1,2,0,2,0,0,0,0,0,0,0,2,0,0,0,0,2,2,0,1,0,0,0,0,,25.0,5.88235294117647,indig_0011,14,35.0,"MOVIMIENTO ALTERNATIVO INDÍGENA Y SOCIAL ""MAIS""",#E30613,PUERTO CAICEDO,86569,PUERTO CAICEDO,6400,64
6400028,651,543,89,19,181,38,1,169,5,0,42,1,11,6,23,26,13,119,8,15,12,3,1,0,0,0,12,129,14,14,5,0,0,0,0,0,4,15,21,2,1,0,6,4,1,6,0,0,0,0,,16.390423572744016,2.9185867895545314,indig_0011,181,33.33333333333333,"MOVIMIENTO ALTERNATIVO INDÍGENA Y SOCIAL ""MAIS""",#E30613,VALLE DEL GUAMUEZ (LA HORMIGA),86865,VALLE DEL GUAMUEZ,6400,64
6400030,263,220,48,7,70,31,1,23,2,0,38,0,4,3,14,23,10,23,9,15,5,2,1,0,0,0,6,9,6,2,2,0,0,0,0,0,3,5,28,2,0,0,3,1,0,3,0,0,0,0,,21.818181818181817,2.6615969581749046,indig_0011,70,31.818181818181817,"MOVIMIENTO ALTERNATIVO INDÍGENA Y SOCIAL ""MAIS""",#E30613,VILLAGARZON,86885,VILLAGARZÓN,6400,64
6800001,832,665,77,15,484,24,1,24,1,5,27,0,22,0,19,130,52,283,2,10,9,3,1,0,0,0,1,11,4,8,1,0,5,0,0,0,0,20,5,2,0,0,3,14,5,0,0,0,0,0,,11.578947368421053,1.8028846153846152,indig_0011,484,72.78195488721805,"MOVIMIENTO ALTERNATIVO INDÍGENA Y SOCIAL ""MAIS""",#E30613,MITU,97001,MITÚ,6800,68
6800004,46,39,4,0,21,2,0,4,0,0,4,0,4,0,0,5,2,14,0,1,0,1,0,0,0,0,0,2,0,2,0,0,0,0,0,0,1,0,2,1,0,0,0,4,0,0,0,0,0,0,,10.256410256410255,0.0,indig_0011,21,53.84615384615385,"MOVIMIENTO ALTERNATIVO INDÍGENA Y SOCIAL ""MAIS""",#E30613,CARURU,97161,CARURÚ,6800,68
6800010,0,0,0,0,0,0,0,0,0,0,0,0,0,0,0,0,0,0,0,0,0,0,0,0,0,0,0,0,0,0,0,0,0,0,0,0,0,0,0,0,0,0,0,0,0,0,0,0,0,0,,,,indig_0011,0,,"MOVIMIENTO ALTERNATIVO INDÍGENA Y SOCIAL ""MAIS""",#E30613,MORICHAL (PAPUNAGUA),97777,PAPUNAHUA,6800,68
6800013,151,98,7,4,78,0,0,5,1,0,4,0,3,0,24,10,1,43,0,0,0,0,0,0,0,0,1,2,0,2,1,0,0,0,0,0,0,4,0,0,0,0,1,2,0,0,0,0,0,0,,7.142857142857142,2.6490066225165565,indig_0011,78,79.59183673469387,"MOVIMIENTO ALTERNATIVO INDÍGENA Y SOCIAL ""MAIS""",#E30613,BUENOS AIRES (PACOA),97511,PACOA,6800,68
6800017,30,18,7,0,11,0,0,0,0,0,0,0,0,0,0,2,1,8,0,0,0,0,0,0,0,0,0,0,0,0,0,0,0,0,0,0,0,0,0,0,0,0,0,0,0,0,0,0,0,0,,38.88888888888889,0.0,indig_0011,11,61.111111111111114,"MOVIMIENTO ALTERNATIVO INDÍGENA Y SOCIAL ""MAIS""",#E30613,TARAIRA,97666,TARAIRA,6800,68
6800022,64,21,8,2,12,0,0,1,0,0,0,0,0,0,1,2,4,5,0,0,0,0,0,0,0,0,0,1,0,0,0,0,0,0,0,0,0,0,0,0,0,0,0,0,0,0,0,0,0,0,,38.095238095238095,3.125,indig_0011,12,57.14285714285714,"MOVIMIENTO ALTERNATIVO INDÍGENA Y SOCIAL ""MAIS""",#E30613,YAVARATE,97889,YAVARATÉ,6800,68
7200001,145,76,18,10,23,16,2,6,1,0,7,0,3,0,5,9,3,6,5,6,4,1,2,0,0,0,1,3,1,1,1,0,0,0,0,0,0,3,4,0,0,0,0,2,1,0,0,0,0,0,,23.684210526315788,6.896551724137931,indig_0011,23,30.263157894736842,"MOVIMIENTO ALTERNATIVO INDÍGENA Y SOCIAL ""MAIS""",#E30613,PUERTO CARREÑO,99001,PUERTO CARREÑO,7200,72
7200002,23,22,0,0,6,1,14,1,0,0,0,0,0,0,0,6,0,0,0,0,0,1,14,0,0,0,0,1,0,0,0,0,0,0,0,0,0,0,0,0,0,0,0,0,0,0,0,0,0,0,,0.0,0.0,indig_0234,14,63.63636363636363,ASOCIACIÓN DE CABILDOS INDÍGENAS POR COLOMBIA,#0B5C59,SANTA ROSALIA,99624,SANTA ROSALÍA,7200,72
7200006,963,542,62,59,124,47,62,89,4,2,135,0,16,1,18,66,12,28,9,27,9,2,62,0,0,0,8,76,5,0,4,0,2,0,0,0,16,16,102,1,0,0,4,6,6,1,0,0,0,0,,11.439114391143912,6.12668743509865,indig_0188,135,24.907749077490777,MOVIMIENTO UNIDAD EN MINGA POR COLOMBIA,#DA5403,CUMARIBO,99773,CUMARIBO,7200,72
7200008,14,14,8,0,6,0,0,0,0,0,0,0,0,0,1,5,0,0,0,0,0,0,0,0,0,0,0,0,0,0,0,0,0,0,0,0,0,0,0,0,0,0,0,0,0,0,0,0,0,0,,57.14285714285714,0.0,indig_0011,6,42.857142857142854,"MOVIMIENTO ALTERNATIVO INDÍGENA Y SOCIAL ""MAIS""",#E30613,LA PRIMAVERA,99524,LA PRIMAVERA,7200,72
