mpio_reg_code_7,votantes,votos_validos,votos_blanco,votos_nulos,votos_no_marcados,mesas_total,mesas_escrutadas,indig_0006,indig_0011,indig_0188,indig_0234,indig_0237,indig_0252,indig_0285,indig_0300,indig_0306,indig_0347,icand_0006_000000|SOLO POR LA LISTA,icand_0006_000201|JESUS OMERO CUASAPUD CHASPUENGAL,icand_0006_000202|MARIA ESPERANZA TARAPUEZ GUEPUD,icand_0006_000203|RUBEN MARINO BORJE,icand_0011_000000|SOLO POR LA LISTA,icand_0011_000201|MARTHA ISABEL PERALTA EPIEYU,icand_0011_000202|NELSON CUCUÑAME LULIGO,icand_0011_000203|JULIO CESAR ESTRADA CORDERO,icand_0188_000000|SOLO POR LA LISTA,icand_0188_000201|JOSE WILMAN TUMBO CHEPE,icand_0188_000202|MANUEL JESUS MAVISOY JUAGIBIOY,icand_0188_000203|LUZ EMILSE PANCHI,icand_0234_000000|SOLO POR LA LISTA,icand_0234_000201|LOT USIEL VILLAZON ARIAS,icand_0234_000202|MARIA YANETH CASTILLO MARCHENA,icand_0234_000203|ATANACIO MOSCOTE GIL,icand_0237_000000|SOLO POR LA LISTA,icand_0237_000201|CARLOS ALBERTO REDONDO RINCON,icand_0252_000000|SOLO POR LA LISTA,icand_0252_000201|JOSE MANUEL MAESTRE BELLO,icand_0252_000202|HERMES BOCANEGRA BARBOSA,icand_0252_000203|MARIA ARIXMENDI JULIAN USNAS,icand_0285_000000|SOLO POR LA LISTA,icand_0285_000201|RICHARD HUMBERTO FUELANTALA DELGADO,icand_0285_000202|ANTONIO DE JESUS GUEVARA BETANCUR,icand_0285_000203|ZUNILDA AMAYA URIANA,icand_0300_000000|SOLO POR LA LISTA,icand_0300_000202|ROSA ELENA MONTAÑO SALGADO,icand_0300_000203|OSWALDO WILFREDO HUETIO PRIETO,icand_0306_000000|SOLO POR LA LISTA,icand_0306_000201|ANDRES AGREDA CHICUNQUE,icand_0347_000000|SOLO POR LA LISTA,icand_0347_000201|FABIAN JOSE ARRIETA ALDANA
0100001,5168,3444,2367,967,757,5499,5495,216,249,142,46,29,17,212,44,81,41,35,58,34,89,56,123,41,29,32,64,28,18,46,0,0,0,29,0,17,0,0,0,41,105,51,15,14,19,11,81,0,41,0
0100004,13,7,6,0,6,51,51,0,0,1,0,0,0,0,0,0,0,0,0,0,0,0,0,0,0,0,1,0,0,0,0,0,0,0,0,0,0,0,0,0,0,0,0,0,0,0,0,0,0,0
0100007,4,2,2,0,2,7,7,0,0,0,0,0,0,0,0,0,0,0,0,0,0,0,0,0,0,0,0,0,0,0,0,0,0,0,0,0,0,0,0,0,0,0,0,0,0,0,0,0,0,0
0100010,27,1,1,15,11,15,15,0,0,0,0,0,0,0,0,0,0,0,0,0,0,0,0,0,0,0,0,0,0,0,0,0,0,0,0,0,0,0,0,0,0,0,0,0,0,0,0,0,0,0
0100013,123,24,16,36,63,78,78,0,0,2,0,1,1,1,1,2,0,0,0,0,0,0,0,0,0,0,2,0,0,0,0,0,0,1,0,1,0,0,0,0,1,0,0,0,1,0,2,0,0,0
0100016,26,5,5,9,12,60,60,0,0,0,0,0,0,0,0,0,0,0,0,0,0,0,0,0,0,0,0,0,0,0,0,0,0,0,0,0,0,0,0,0,0,0,0,0,0,0,0,0,0,0
0100019,69,16,10,23,30,115,115,2,2,0,0,0,0,2,0,0,0,1,0,0,1,1,1,0,0,0,0,0,0,0,0,0,0,0,0,0,0,0,0,1,0,1,0,0,0,0,0,0,0,0
0100022,30,2,2,18,10,20,20,0,0,0,0,0,0,0,0,0,0,0,0,0,0,0,0,0,0,0,0,0,0,0,0,0,0,0,0,0,0,0,0,0,0,0,0,0,0,0,0,0,0,0
0100025,50,17,17,20,13,30,30,0,0,0,0,0,0,0,0,0,0,0,0,0,0,0,0,0,0,0,0,0,0,0,0,0,0,0,0,0,0,0,0,0,0,0,0,0,0,0,0,0,0,0
0100028,16,14,2,1,1,45,45,2,8,0,0,1,0,1,0,0,0,0,2,0,0,0,6,1,1,0,0,0,0,0,0,0,0,1,0,0,0,0,0,0,0,0,1,0,0,0,0,0,0,0
0100031,41,25,19,10,6,77,77,0,3,0,0,1,0,1,1,0,0,0,0,0,0,1,2,0,0,0,0,0,0,0,0,0,0,1,0,0,0,0,0,0,1,0,0,1,0,0,0,0,0,0
0100034,47,13,13,23,11,21,21,0,0,0,0,0,0,0,0,0,0,0,0,0,0,0,0,0,0,0,0,0,0,0,0,0,0,0,0,0,0,0,0,0,0,0,0,0,0,0,0,0,0,0
0100035,463,275,143,66,122,336,336,13,73,20,1,2,0,8,8,5,2,2,6,3,2,11,49,12,1,9,10,1,0,1,0,0,0,2,0,0,0,0,0,3,3,2,0,3,2,3,5,0,2,0
0100037,367,270,21,39,58,75,75,0,230,10,1,0,0,8,0,0,0,0,0,0,0,19,200,11,0,3,4,1,2,1,0,0,0,0,0,0,0,0,0,1,6,1,0,0,0,0,0,0,0,0
0100039,24,5,4,5,14,25,25,0,0,0,0,0,0,0,1,0,0,0,0,0,0,0,0,0,0,0,0,0,0,0,0,0,0,0,0,0,0,0,0,0,0,0,0,1,0,0,0,0,0,0
0100040,5,0,0,2,3,15,15,0,0,0,0,0,0,0,0,0,0,0,0,0,0,0,0,0,0,0,0,0,0,0,0,0,0,0,0,0,0,0,0,0,0,0,0,0,0,0,0,0,0,0
0100043,302,159,117,61,82,145,145,27,4,0,1,0,0,5,1,3,1,1,26,0,0,2,2,0,0,0,0,0,0,1,0,0,0,0,0,0,0,0,0,1,2,1,1,1,0,0,3,0,1,0
0100046,12,5,5,4,3,20,20,0,0,0,0,0,0,0,0,0,0,0,0,0,0,0,0,0,0,0,0,0,0,0,0,0,0,0,0,0,0,0,0,0,0,0,0,0,0,0,0,0,0,0
0100049,1540,956,713,311,273,1063,1063,26,76,18,10,4,2,40,12,44,11,5,4,5,12,19,29,21,7,2,9,4,3,10,0,0,0,4,0,2,0,0,0,12,15,11,2,7,5,0,44,0,11,0
0100052,9,3,3,6,0,27,27,0,0,0,0,0,0,0,0,0,0,0,0,0,0,0,0,0,0,0,0,0,0,0,0,0,0,0,0,0,0,0,0,0,0,0,0,0,0,0,0,0,0,0
0100055,30,2,1,1,27,45,45,1,0,0,0,0,0,0,0,0,0,1,0,0,0,0,0,0,0,0,0,0,0,0,0,0,0,0,0,0,0,0,0,0,0,0,0,0,0,0,0,0,0,0
0100058,122,103,2,8,11,75,75,0,97,2,0,0,0,1,0,1,0,0,0,0,0,7,88,1,1,2,0,0,0,0,0,0,0,0,0,0,0,0,0,0,1,0,0,0,0,0,1,0,0,0
0100061,42,8,8,22,12,28,28,0,0,0,0,0,0,0,0,0,0,0,0,0,0,0,0,0,0,0,0,0,0,0,0,0,0,0,0,0,0,0,0,0,0,0,0,0,0,0,0,0,0,0
0100062,0,0,0,0,0,25,25,0,0,0,0,0,0,0,0,0,0,0,0,0,0,0,0,0,0,0,0,0,0,0,0,0,0,0,0,0,0,0,0,0,0,0,0,0,0,0,0,0,0,0
0100064,243,86,59,38,119,66,66,10,10,2,0,0,0,4,1,0,0,2,7,1,0,1,3,3,3,0,1,0,1,0,0,0,0,0,0,0,0,0,0,3,0,1,0,1,0,0,0,0,0,0
0100067,21,5,5,8,8,22,22,0,0,0,0,0,0,0,0,0,0,0,0,0,0,0,0,0,0,0,0,0,0,0,0,0,0,0,0,0,0,0,0,0,0,0,0,0,0,0,0,0,0,0
0100070,133,65,51,36,32,223,223,5,6,0,0,0,0,0,1,1,1,0,2,0,3,3,2,1,0,0,0,0,0,0,0,0,0,0,0,0,0,0,0,0,0,0,0,0,0,1,1,0,1,0
0100073,39,13,13,9,17,23,23,0,0,0,0,0,0,0,0,0,0,0,0,0,0,0,0,0,0,0,0,0,0,0,0,0,0,0,0,0,0,0,0,0,0,0,0,0,0,0,0,0,0,0
0100076,85,6,5,33,46,46,46,1,0,0,0,0,0,0,0,0,0,0,1,0,0,0,0,0,0,0,0,0,0,0,0,0,0,0,0,0,0,0,0,0,0,0,0,0,0,0,0,0,0,0
0100078,0,0,0,0,0,17,17,0,0,0,0,0,0,0,0,0,0,0,0,0,0,0,0,0,0,0,0,0,0,0,0,0,0,0,0,0,0,0,0,0,0,0,0,0,0,0,0,0,0,0
0100079,1,1,0,0,0,16,16,0,1,0,0,0,0,0,0,0,0,0,0,0,0,0,0,0,1,0,0,0,0,0,0,0,0,0,0,0,0,0,0,0,0,0,0,0,0,0,0,0,0,0
0100080,192,108,64,22,62,155,155,5,7,10,0,0,5,9,4,1,3,1,3,1,0,2,3,2,0,1,7,2,0,0,0,0,0,0,0,5,0,0,0,3,4,2,0,1,3,0,1,0,3,0
0100082,130,84,70,31,15,141,141,8,1,0,0,0,0,5,0,0,0,1,0,0,7,0,1,0,0,0,0,0,0,0,0,0,0,0,0,0,0,0,0,1,2,0,2,0,0,0,0,0,0,0
0100085,11,1,1,3,7,14,14,0,0,0,0,0,0,0,0,0,0,0,0,0,0,0,0,0,0,0,0,0,0,0,0,0,0,0,0,0,0,0,0,0,0,0,0,0,0,0,0,0,0,0
0100088,520,200,99,142,178,248,247,3,62,14,1,1,1,3,9,4,3,1,0,1,1,17,34,8,3,4,3,3,4,1,0,0,0,1,0,1,0,0,0,2,0,0,1,7,2,0,4,0,3,0
0100091,51,6,6,14,31,39,39,0,0,0,0,0,0,0,0,0,0,0,0,0,0,0,0,0,0,0,0,0,0,0,0,0,0,0,0,0,0,0,0,0,0,0,0,0,0,0,0,0,0,0
0100094,21,18,2,2,1,48,48,0,16,0,0,0,0,0,0,0,0,0,0,0,0,0,13,3,0,0,0,0,0,0,0,0,0,0,0,0,0,0,0,0,0,0,0,0,0,0,0,0,0,0
0100097,0,0,0,0,0,14,14,0,0,0,0,0,0,0,0,0,0,0,0,0,0,0,0,0,0,0,0,0,0,0,0,0,0,0,0,0,0,0,0,0,0,0,0,0,0,0,0,0,0,0
0100100,17,7,7,5,5,52,52,0,0,0,0,0,0,0,0,0,0,0,0,0,0,0,0,0,0,0,0,0,0,0,0,0,0,0,0,0,0,0,0,0,0,0,0,0,0,0,0,0,0,0
0100103,203,116,92,50,37,241,241,6,8,3,0,1,0,5,0,0,1,2,3,0,1,2,4,1,1,1,0,1,1,0,0,0,0,1,0,0,0,0,0,1,2,2,0,0,0,0,0,0,1,0
0100106,306,191,73,33,82,165,165,5,89,8,3,0,0,6,2,3,2,2,2,0,1,14,64,6,5,3,4,1,0,3,0,0,0,0,0,0,0,0,0,3,2,0,1,0,0,2,3,0,2,0
0100109,107,67,13,15,25,67,67,1,50,1,1,0,0,0,0,1,0,0,1,0,0,7,40,3,0,1,0,0,0,1,0,0,0,0,0,0,0,0,0,0,0,0,0,0,0,0,1,0,0,0
0100112,52,14,14,15,23,58,58,0,0,0,0,0,0,0,0,0,0,0,0,0,0,0,0,0,0,0,0,0,0,0,0,0,0,0,0,0,0,0,0,0,0,0,0,0,0,0,0,0,0,0
0100115,37,11,7,8,18,37,37,1,0,1,1,0,0,0,0,1,0,0,1,0,0,0,0,0,0,0,0,1,0,1,0,0,0,0,0,0,0,0,0,0,0,0,0,0,0,0,1,0,0,0
0100117,275,113,55,40,122,131,131,6,36,8,0,2,0,4,1,0,1,1,5,0,0,5,20,6,5,2,2,3,1,0,0,0,0,2,0,0,0,0,0,1,0,2,1,1,0,0,0,0,1,0
0100118,47,23,23,13,11,30,30,0,0,0,0,0,0,0,0,0,0,0,0,0,0,0,0,0,0,0,0,0,0,0,0,0,0,0,0,0,0,0,0,0,0,0,0,0,0,0,0,0,0,0
0100121,483,324,266,85,74,752,752,12,14,4,1,2,1,15,3,5,1,0,8,0,4,2,9,1,2,0,3,0,1,1,0,0,0,2,0,1,0,0,0,3,11,1,0,1,2,0,5,0,1,0
0100124,73,14,9,32,27,60,60,0,1,2,1,0,0,1,0,0,0,0,0,0,0,0,0,0,1,1,1,0,0,1,0,0,0,0,0,0,0,0,0,0,1,0,0,0,0,0,0,0,0,0
0100127,125,72,15,15,38,59,59,1,46,1,0,0,0,6,1,2,0,0,1,0,0,2,42,1,1,1,0,0,0,0,0,0,0,0,0,0,0,0,0,3,2,1,0,1,0,0,2,0,0,0
0100130,17,7,7,4,6,17,17,0,0,0,0,0,0,0,0,0,0,0,0,0,0,0,0,0,0,0,0,0,0,0,0,0,0,0,0,0,0,0,0,0,0,0,0,0,0,0,0,0,0,0
0100133,301,170,135,93,38,173,173,3,5,8,9,2,1,3,2,1,1,1,2,0,0,2,1,1,1,2,4,1,1,9,0,0,0,2,0,1,0,0,0,1,2,0,0,1,1,0,1,0,1,0
0100136,13,1,0,7,5,28,28,0,0,0,0,0,0,1,0,0,0,0,0,0,0,0,0,0,0,0,0,0,0,0,0,0,0,0,0,0,0,0,0,1,0,0,0,0,0,0,0,0,0,0
0100139,1,1,0,0,0,32,32,0,1,0,0,0,0,0,0,0,0,0,0,0,0,0,1,0,0,0,0,0,0,0,0,0,0,0,0,0,0,0,0,0,0,0,0,0,0,0,0,0,0,0
0100140,38,7,7,11,20,20,20,0,0,0,0,0,0,0,0,0,0,0,0,0,0,0,0,0,0,0,0,0,0,0,0,0,0,0,0,0,0,0,0,0,0,0,0,0,0,0,0,0,0,0
0100142,129,64,54,41,24,136,135,5,2,0,1,1,0,0,0,0,1,0,2,0,3,1,1,0,0,0,0,0,0,1,0,0,0,1,0,0,0,0,0,0,0,0,0,0,0,0,0,0,1,0
0100145,34,3,2,13,18,25,25,0,1,0,0,0,0,0,0,0,0,0,0,0,0,0,1,0,0,0,0,0,0,0,0,0,0,0,0,0,0,0,0,0,0,0,0,0,0,0,0,0,0,0
0100148,23,22,0,0,1,20,20,0,21,0,0,0,0,1,0,0,0,0,0,0,0,0,21,0,0,0,0,0,0,0,0,0,0,0,0,0,0,0,0,0,1,0,0,0,0,0,0,0,0,0
0100150,31,5,5,10,16,17,17,0,0,0,0,0,0,0,0,0,0,0,0,0,0,0,0,0,0,0,0,0,0,0,0,0,0,0,0,0,0,0,0,0,0,0,0,0,0,0,0,0,0,0
0100151,702,408,266,157,137,770,769,51,28,12,11,3,1,20,5,2,9,5,35,6,5,5,15,4,4,4,6,1,1,11,0,0,0,3,0,1,0,0,0,3,11,5,1,2,2,1,2,0,9,0
0100154,33,19,19,6,8,62,62,0,0,0,0,0,0,0,0,0,0,0,0,0,0,0,0,0,0,0,0,0,0,0,0,0,0,0,0,0,0,0,0,0,0,0,0,0,0,0,0,0,0,0
0100157,92,47,13,6,39,42,42,0,29,0,0,1,0,0,0,3,1,0,0,0,0,6,11,1,11,0,0,0,0,0,0,0,0,1,0,0,0,0,0,0,0,0,0,0,0,0,3,0,1,0
0100160,38,18,16,6,14,36,36,2,0,0,0,0,0,0,0,0,0,1,1,0,0,0,0,0,0,0,0,0,0,0,0,0,0,0,0,0,0,0,0,0,0,0,0,0,0,0,0,0,0,0
0100163,107,57,33,15,35,183,183,6,7,2,1,0,1,6,0,0,1,1,0,0,5,1,3,3,0,0,1,1,0,1,0,0,0,0,0,1,0,0,0,1,3,1,1,0,0,0,0,0,1,0
0100166,142,69,54,34,39,205,205,0,6,3,1,0,0,3,1,1,0,0,0,0,0,2,4,0,0,2,0,0,1,1,0,0,0,0,0,0,0,0,0,2,1,0,0,0,1,0,1,0,0,0
0100168,56,31,5,14,11,39,39,25,1,0,0,0,0,0,0,0,0,6,19,0,0,0,1,0,0,0,0,0,0,0,0,0,0,0,0,0,0,0,0,0,0,0,0,0,0,0,0,0,0,0
0100169,63,28,26,11,24,63,63,0,0,0,1,1,0,0,0,0,0,0,0,0,0,0,0,0,0,0,0,0,0,1,0,0,0,1,0,0,0,0,0,0,0,0,0,0,0,0,0,0,0,0
0100170,1,1,0,0,0,23,23,1,0,0,0,0,0,0,0,0,0,0,0,0,1,0,0,0,0,0,0,0,0,0,0,0,0,0,0,0,0,0,0,0,0,0,0,0,0,0,0,0,0,0
0100172,38,9,9,12,17,31,31,0,0,0,0,0,0,0,0,0,0,0,0,0,0,0,0,0,0,0,0,0,0,0,0,0,0,0,0,0,0,0,0,0,0,0,0,0,0,0,0,0,0,0
0100175,20,4,3,10,6,28,28,0,0,1,0,0,0,0,0,0,0,0,0,0,0,0,0,0,0,0,0,0,1,0,0,0,0,0,0,0,0,0,0,0,0,0,0,0,0,0,0,0,0,0
0100178,113,54,28,26,33,159,159,7,5,3,0,0,0,6,1,2,2,0,2,1,4,1,3,0,1,0,2,0,1,0,0,0,0,0,0,0,0,0,0,1,1,3,1,0,0,1,2,0,2,0
0100181,25,5,3,13,7,21,21,1,0,0,1,0,0,0,0,0,0,0,0,1,0,0,0,0,0,0,0,0,0,1,0,0,0,0,0,0,0,0,0,0,0,0,0,0,0,0,0,0,0,0
0100184,186,138,2,10,38,13,13,1,125,1,0,0,0,4,2,3,0,0,0,1,0,14,102,6,3,1,0,0,0,0,0,0,0,0,0,0,0,0,0,2,2,0,0,2,0,0,3,0,0,0
0100187,107,42,19,24,41,51,51,1,17,3,0,0,0,1,0,0,1,0,0,0,1,3,10,3,1,1,2,0,0,0,0,0,0,0,0,0,0,0,0,1,0,0,0,0,0,0,0,0,1,0
0100190,32,3,1,6,23,30,30,1,0,1,0,0,0,0,0,0,0,0,1,0,0,0,0,0,0,0,0,0,1,0,0,0,0,0,0,0,0,0,0,0,0,0,0,0,0,0,0,0,0,0
0100191,117,12,9,31,74,68,68,0,2,0,0,0,0,0,1,0,0,0,0,0,0,0,1,1,0,0,0,0,0,0,0,0,0,0,0,0,0,0,0,0,0,0,0,0,1,0,0,0,0,0
0100192,698,440,86,104,154,121,117,18,242,60,3,2,1,14,8,2,4,1,15,2,0,25,208,7,2,11,35,9,5,3,0,0,0,2,0,1,0,0,0,5,8,1,0,1,5,2,2,0,4,0
0100193,0,0,0,0,0,10,10,0,0,0,0,0,0,0,0,0,0,0,0,0,0,0,0,0,0,0,0,0,0,0,0,0,0,0,0,0,0,0,0,0,0,0,0,0,0,0,0,0,0,0
0100196,30,5,4,3,22,57,57,1,0,0,0,0,0,0,0,0,0,0,1,0,0,0,0,0,0,0,0,0,0,0,0,0,0,0,0,0,0,0,0,0,0,0,0,0,0,0,0,0,0,0
0100199,17,4,4,3,10,23,23,0,0,0,0,0,0,0,0,0,0,0,0,0,0,0,0,0,0,0,0,0,0,0,0,0,0,0,0,0,0,0,0,0,0,0,0,0,0,0,0,0,0,0
0100202,65,45,6,2,18,23,23,1,34,0,0,0,0,4,0,0,0,0,1,0,0,6,26,1,1,0,0,0,0,0,0,0,0,0,0,0,0,0,0,3,0,1,0,0,0,0,0,0,0,0
0100205,173,98,47,23,52,114,114,2,47,0,0,0,0,0,0,2,0,0,2,0,0,4,40,2,1,0,0,0,0,0,0,0,0,0,0,0,0,0,0,0,0,0,0,0,0,0,2,0,0,0
0100206,29,4,2,12,13,47,47,0,2,0,0,0,0,0,0,0,0,0,0,0,0,0,2,0,0,0,0,0,0,0,0,0,0,0,0,0,0,0,0,0,0,0,0,0,0,0,0,0,0,0
0100208,123,62,30,16,45,75,75,11,7,1,3,1,0,3,5,1,0,3,8,0,0,2,3,2,0,0,1,0,0,3,0,0,0,1,0,0,0,0,0,0,2,1,0,1,3,1,1,0,0,0
0100211,84,15,14,12,57,67,67,1,0,0,0,0,0,0,0,0,0,1,0,0,0,0,0,0,0,0,0,0,0,0,0,0,0,0,0,0,0,0,0,0,0,0,0,0,0,0,0,0,0,0
0100214,773,531,206,104,138,390,390,276,24,4,0,1,0,10,3,6,1,21,4,6,245,5,12,2,5,1,0,1,2,0,0,0,0,1,0,0,0,0,0,4,3,0,3,0,2,1,6,0,1,0
0100217,9,4,4,5,0,26,26,0,0,0,0,0,0,0,0,0,0,0,0,0,0,0,0,0,0,0,0,0,0,0,0,0,0,0,0,0,0,0,0,0,0,0,0,0,0,0,0,0,0,0
0100218,347,209,169,85,53,297,297,9,10,4,3,5,0,6,0,3,0,1,3,0,5,3,2,3,2,2,0,2,0,3,0,0,0,5,0,0,0,0,0,2,3,0,1,0,0,0,3,0,0,0
0100220,17,1,1,4,12,46,46,0,0,0,0,0,0,0,0,0,0,0,0,0,0,0,0,0,0,0,0,0,0,0,0,0,0,0,0,0,0,0,0,0,0,0,0,0,0,0,0,0,0,0
0100223,16,6,6,2,8,22,22,0,0,0,0,0,0,0,0,0,0,0,0,0,0,0,0,0,0,0,0,0,0,0,0,0,0,0,0,0,0,0,0,0,0,0,0,0,0,0,0,0,0,0
0100226,55,54,0,1,0,50,50,52,0,0,0,0,0,2,0,0,0,3,39,9,1,0,0,0,0,0,0,0,0,0,0,0,0,0,0,0,0,0,0,1,1,0,0,0,0,0,0,0,0,0
0100227,1,1,0,0,0,21,21,1,0,0,0,0,0,0,0,0,0,0,0,0,1,0,0,0,0,0,0,0,0,0,0,0,0,0,0,0,0,0,0,0,0,0,0,0,0,0,0,0,0,0
0100229,58,12,8,29,17,44,44,4,0,0,0,0,0,0,0,0,0,0,3,1,0,0,0,0,0,0,0,0,0,0,0,0,0,0,0,0,0,0,0,0,0,0,0,0,0,0,0,0,0,0
0100230,8,2,2,4,2,10,10,0,0,0,0,0,0,0,0,0,0,0,0,0,0,0,0,0,0,0,0,0,0,0,0,0,0,0,0,0,0,0,0,0,0,0,0,0,0,0,0,0,0,0
0100231,240,144,15,33,63,66,66,1,127,0,0,0,0,1,0,0,0,0,1,0,0,3,120,4,0,0,0,0,0,0,0,0,0,0,0,0,0,0,0,0,1,0,0,0,0,0,0,0,0,0
0100232,23,4,4,5,14,40,40,0,0,0,0,0,0,0,0,0,0,0,0,0,0,0,0,0,0,0,0,0,0,0,0,0,0,0,0,0,0,0,0,0,0,0,0,0,0,0,0,0,0,0
0100235,91,42,40,20,29,74,74,0,0,0,0,0,0,2,0,0,0,0,0,0,0,0,0,0,0,0,0,0,0,0,0,0,0,0,0,0,0,0,0,0,2,0,0,0,0,0,0,0,0,0
0100237,117,44,23,18,55,94,92,1,13,5,0,1,0,0,0,0,1,0,0,1,0,3,9,1,0,0,3,1,1,0,0,0,0,1,0,0,0,0,0,0,0,0,0,0,0,0,0,0,1,0
0100238,47,8,5,14,25,43,43,0,2,0,0,0,0,1,0,0,0,0,0,0,0,0,1,1,0,0,0,0,0,0,0,0,0,0,0,0,0,0,0,0,0,1,0,0,0,0,0,0,0,0
0100241,23,3,1,8,12,51,51,0,1,1,0,0,0,0,0,0,0,0,0,0,0,0,0,0,1,0,1,0,0,0,0,0,0,0,0,0,0,0,0,0,0,0,0,0,0,0,0,0,0,0
0100244,41,9,1,10,22,56,56,6,1,1,0,0,0,0,0,0,0,0,6,0,0,1,0,0,0,0,1,0,0,0,0,0,0,0,0,0,0,0,0,0,0,0,0,0,0,0,0,0,0,0
0100247,48,16,11,12,20,73,73,0,3,1,0,0,0,0,1,0,0,0,0,0,0,0,2,1,0,0,1,0,0,0,0,0,0,0,0,0,0,0,0,0,0,0,0,0,1,0,0,0,0,0
0100250,42,18,16,7,17,94,94,0,1,0,0,0,0,0,0,0,1,0,0,0,0,1,0,0,0,0,0,0,0,0,0,0,0,0,0,0,0,0,0,0,0,0,0,0,0,0,0,0,1,0
0100253,110,16,14,29,65,33,33,1,1,0,0,0,0,0,0,0,0,0,1,0,0,0,1,0,0,0,0,0,0,0,0,0,0,0,0,0,0,0,0,0,0,0,0,0,0,0,0,0,0,0
0100256,91,32,31,16,43,96,95,1,0,0,0,0,0,0,0,0,0,1,0,0,0,0,0,0,0,0,0,0,0,0,0,0,0,0,0,0,0,0,0,0,0,0,0,0,0,0,0,0,0,0
0100259,153,81,44,32,40,101,100,4,17,4,0,1,1,6,1,2,1,0,1,2,1,5,2,9,1,1,0,2,1,0,0,0,0,1,0,1,0,0,0,3,1,0,2,0,0,1,2,0,1,0
0100262,87,17,17,20,50,97,97,0,0,0,0,0,0,0,0,0,0,0,0,0,0,0,0,0,0,0,0,0,0,0,0,0,0,0,0,0,0,0,0,0,0,0,0,0,0,0,0,0,0,0
0100265,0,0,0,0,0,45,45,0,0,0,0,0,0,0,0,0,0,0,0,0,0,0,0,0,0,0,0,0,0,0,0,0,0,0,0,0,0,0,0,0,0,0,0,0,0,0,0,0,0,0
0100268,128,66,9,14,48,47,47,1,53,3,0,0,0,0,0,0,0,1,0,0,0,5,47,1,0,1,1,0,1,0,0,0,0,0,0,0,0,0,0,0,0,0,0,0,0,0,0,0,0,0
0100270,149,19,16,21,109,81,81,1,0,0,0,0,0,0,1,1,0,0,1,0,0,0,0,0,0,0,0,0,0,0,0,0,0,0,0,0,0,0,0,0,0,0,0,0,1,0,1,0,0,0
0100271,14,9,9,3,2,19,19,0,0,0,0,0,0,0,0,0,0,0,0,0,0,0,0,0,0,0,0,0,0,0,0,0,0,0,0,0,0,0,0,0,0,0,0,0,0,0,0,0,0,0
0100274,51,18,18,17,16,29,29,0,0,0,0,0,0,0,0,0,0,0,0,0,0,0,0,0,0,0,0,0,0,0,0,0,0,0,0,0,0,0,0,0,0,0,0,0,0,0,0,0,0,0
0100277,0,0,0,0,0,15,15,0,0,0,0,0,0,0,0,0,0,0,0,0,0,0,0,0,0,0,0,0,0,0,0,0,0,0,0,0,0,0,0,0,0,0,0,0,0,0,0,0,0,0
0100280,1147,527,277,187,433,301,297,12,153,30,2,0,2,22,11,9,9,3,4,2,3,23,107,18,5,7,14,5,4,2,0,0,0,0,0,2,0,0,0,13,9,0,0,5,5,1,9,0,9,0
0100282,18,9,2,2,7,22,22,0,7,0,0,0,0,0,0,0,0,0,0,0,0,1,4,2,0,0,0,0,0,0,0,0,0,0,0,0,0,0,0,0,0,0,0,0,0,0,0,0,0,0
0100283,332,273,15,26,33,82,82,2,158,90,0,0,1,5,0,1,1,1,0,0,1,17,131,7,3,14,76,0,0,0,0,0,0,0,0,1,0,0,0,1,4,0,0,0,0,0,1,0,1,0
0100286,1,1,0,0,0,39,39,0,0,1,0,0,0,0,0,0,0,0,0,0,0,0,0,0,0,0,1,0,0,0,0,0,0,0,0,0,0,0,0,0,0,0,0,0,0,0,0,0,0,0
0100289,133,118,12,7,8,19,19,0,95,11,0,0,0,0,0,0,0,0,0,0,0,1,6,4,84,1,1,2,7,0,0,0,0,0,0,0,0,0,0,0,0,0,0,0,0,0,0,0,0,0
0100290,38,19,11,3,16,40,40,2,3,0,0,0,0,2,0,1,0,0,2,0,0,1,2,0,0,0,0,0,0,0,0,0,0,0,0,0,0,0,0,0,2,0,0,0,0,0,1,0,0,0
0100291,246,119,25,40,87,26,23,0,80,0,1,1,1,1,2,8,0,0,0,0,0,5,68,5,2,0,0,0,0,1,0,0,0,1,0,1,0,0,0,0,0,1,0,0,2,0,8,0,0,0
0100292,23,10,9,3,10,37,37,1,0,0,0,0,0,0,0,0,0,1,0,0,0,0,0,0,0,0,0,0,0,0,0,0,0,0,0,0,0,0,0,0,0,0,0,0,0,0,0,0,0,0
0100293,0,0,0,0,0,21,21,0,0,0,0,0,0,0,0,0,0,0,0,0,0,0,0,0,0,0,0,0,0,0,0,0,0,0,0,0,0,0,0,0,0,0,0,0,0,0,0,0,0,0
0100295,85,35,33,28,22,115,115,0,1,0,0,1,0,0,0,0,0,0,0,0,0,1,0,0,0,0,0,0,0,0,0,0,0,1,0,0,0,0,0,0,0,0,0,0,0,0,0,0,0,0
0100298,53,26,12,8,19,55,55,0,1,4,0,0,1,3,4,0,1,0,0,0,0,1,0,0,0,0,4,0,0,0,0,0,0,0,0,1,0,0,0,2,0,1,0,3,1,0,0,0,1,0
0100300,67,42,17,15,10,52,52,18,3,1,0,0,0,2,1,0,0,1,16,1,0,2,0,1,0,0,1,0,0,0,0,0,0,0,0,0,0,0,0,1,1,0,0,1,0,0,0,0,0,0
0100301,178,83,31,32,63,69,69,4,25,7,0,0,0,8,5,2,1,1,0,2,1,9,13,2,1,1,4,2,0,0,0,0,0,0,0,0,0,0,0,1,3,4,0,3,2,0,2,0,1,0
0300001,24273,18505,3977,2328,3440,3648,3606,11500,917,501,112,76,102,758,319,160,83,1208,393,390,9509,155,408,153,201,104,134,91,172,112,0,0,0,76,0,102,0,0,0,124,169,132,333,89,120,110,160,0,83,0
0300004,700,550,83,65,85,165,156,412,21,4,1,1,1,20,5,0,2,14,9,17,372,2,10,3,6,0,3,0,1,1,0,0,0,1,0,1,0,0,0,2,4,3,11,1,2,2,0,0,2,0
0300007,292,77,53,92,123,74,69,6,6,2,0,0,1,3,3,2,1,1,1,0,4,2,3,1,0,0,1,1,0,0,0,0,0,0,0,1,0,0,0,0,3,0,0,0,2,1,2,0,1,0
0300010,109,72,5,23,14,46,42,62,2,1,0,0,0,2,0,0,0,11,0,1,50,0,1,0,1,1,0,0,0,0,0,0,0,0,0,0,0,0,0,0,0,0,2,0,0,0,0,0,0,0
0300013,610,431,131,89,90,143,139,207,58,13,1,10,0,7,1,3,0,8,7,9,183,5,37,12,4,3,2,0,8,1,0,0,0,10,0,0,0,0,0,0,3,1,3,0,1,0,3,0,0,0
0300016,121,36,27,36,49,60,59,4,3,1,0,0,0,1,0,0,0,0,1,0,3,0,3,0,0,0,1,0,0,0,0,0,0,0,0,0,0,0,0,0,0,0,1,0,0,0,0,0,0,0
0300019,549,434,16,70,45,80,78,356,13,18,3,1,2,14,2,9,0,23,6,7,320,3,1,3,6,1,1,1,15,3,0,0,0,1,0,2,0,0,0,1,3,3,7,0,0,2,9,0,0,0
0300022,2645,2004,311,367,274,292,276,464,1137,20,3,4,10,32,10,4,9,27,25,14,398,126,938,55,18,2,13,3,2,3,0,0,0,4,0,10,0,0,0,7,12,4,9,3,7,0,4,0,9,0
0300025,105,15,11,63,27,52,51,3,1,0,0,0,0,0,0,0,0,1,0,0,2,0,1,0,0,0,0,0,0,0,0,0,0,0,0,0,0,0,0,0,0,0,0,0,0,0,0,0,0,0
0300028,728,613,30,66,49,73,69,537,9,2,0,0,0,29,4,1,1,32,7,13,485,0,5,0,4,0,1,0,1,0,0,0,0,0,0,0,0,0,0,0,8,0,21,3,0,1,1,0,1,0
0300031,57,6,2,25,26,19,17,1,2,0,0,0,0,0,0,1,0,0,0,0,1,0,2,0,0,0,0,0,0,0,0,0,0,0,0,0,0,0,0,0,0,0,0,0,0,0,1,0,0,0
0300034,310,240,29,39,31,46,38,194,0,1,0,0,0,13,2,0,1,21,4,6,163,0,0,0,0,0,0,0,1,0,0,0,0,0,0,0,0,0,0,5,4,0,4,0,2,0,0,0,1,0
0300035,239,86,15,78,75,63,55,62,1,2,0,0,0,1,1,2,2,1,0,1,60,0,0,1,0,0,1,0,1,0,0,0,0,0,0,0,0,0,0,1,0,0,0,0,0,1,2,0,2,0
0300037,756,653,77,44,59,121,117,385,161,9,0,2,2,12,3,1,1,26,5,6,348,10,134,13,4,2,3,1,3,0,0,0,0,2,0,2,0,0,0,0,6,0,6,1,2,0,1,0,1,0
0300040,570,393,46,108,69,70,62,299,13,6,0,0,11,14,1,2,1,26,6,12,255,2,8,2,1,2,2,0,2,0,0,0,0,0,0,11,0,0,0,1,4,0,9,0,1,0,2,0,1,0
0300043,329,249,13,33,47,81,80,193,20,6,1,2,0,5,2,6,1,14,5,2,172,2,12,2,4,1,5,0,0,1,0,0,0,2,0,0,0,0,0,1,1,1,2,1,0,1,6,0,1,0
0300046,2923,2570,135,182,171,236,221,2123,162,23,4,2,5,53,14,46,3,43,31,55,1994,10,125,11,16,2,2,2,17,4,0,0,0,2,0,5,0,0,0,6,7,6,34,2,7,5,46,0,3,0
0300047,408,278,14,77,53,41,37,249,3,2,0,0,0,8,1,1,0,24,2,7,216,1,1,0,1,0,1,1,0,0,0,0,0,0,0,0,0,0,0,1,1,2,4,0,0,1,1,0,0,0
0300049,357,238,66,83,36,87,84,151,9,2,0,0,0,5,2,1,2,6,6,1,138,1,4,3,1,0,1,0,1,0,0,0,0,0,0,0,0,0,0,0,0,0,5,1,1,0,1,0,2,0
0300052,4584,3273,969,533,778,1049,1036,1617,225,95,15,15,18,161,79,45,34,161,64,55,1337,51,105,41,28,24,34,15,22,15,0,0,0,15,0,18,0,0,0,46,36,24,55,30,35,14,45,0,34,0
0300055,221,127,5,62,32,36,35,108,2,10,0,0,0,1,1,0,0,5,0,0,103,1,0,0,1,0,1,0,9,0,0,0,0,0,0,0,0,0,0,0,0,0,1,1,0,0,0,0,0,0
0300058,45,12,6,14,19,35,34,3,0,0,0,0,0,1,2,0,0,1,0,0,2,0,0,0,0,0,0,0,0,0,0,0,0,0,0,0,0,0,0,0,0,1,0,0,0,2,0,0,0,0
0300061,66,24,12,15,27,28,27,5,5,1,0,0,0,0,1,0,0,0,1,0,4,1,2,2,0,0,0,1,0,0,0,0,0,0,0,0,0,0,0,0,0,0,0,1,0,0,0,0,0,0
0500001,7055,3862,1738,1668,1525,2641,2637,93,1426,160,53,29,22,138,137,44,22,14,22,8,49,163,1139,88,36,88,43,18,11,53,0,0,0,29,0,22,0,0,0,44,61,21,12,100,28,9,44,0,22,0
0500004,31,5,3,19,7,63,63,0,2,0,0,0,0,0,0,0,0,0,0,0,0,0,2,0,0,0,0,0,0,0,0,0,0,0,0,0,0,0,0,0,0,0,0,0,0,0,0,0,0,0
0500005,36,5,3,19,12,25,24,0,2,0,0,0,0,0,0,0,0,0,0,0,0,0,0,2,0,0,0,0,0,0,0,0,0,0,0,0,0,0,0,0,0,0,0,0,0,0,0,0,0,0
0500006,29,2,1,14,13,27,27,0,1,0,0,0,0,0,0,0,0,0,0,0,0,0,1,0,0,0,0,0,0,0,0,0,0,0,0,0,0,0,0,0,0,0,0,0,0,0,0,0,0,0
0500007,498,129,104,192,177,175,175,1,14,0,2,1,0,5,0,1,1,1,0,0,0,5,5,1,3,0,0,0,0,2,0,0,0,1,0,0,0,0,0,1,0,3,1,0,0,0,1,0,1,0
0500009,45,14,13,23,8,33,33,0,0,0,0,0,0,0,1,0,0,0,0,0,0,0,0,0,0,0,0,0,0,0,0,0,0,0,0,0,0,0,0,0,0,0,0,1,0,0,0,0,0,0
0500010,37,6,4,20,11,41,41,0,2,0,0,0,0,0,0,0,0,0,0,0,0,0,2,0,0,0,0,0,0,0,0,0,0,0,0,0,0,0,0,0,0,0,0,0,0,0,0,0,0,0
0500013,346,77,16,201,68,64,62,58,0,0,3,0,0,0,0,0,0,6,0,2,50,0,0,0,0,0,0,0,0,3,0,0,0,0,0,0,0,0,0,0,0,0,0,0,0,0,0,0,0,0
0500014,35,1,1,23,11,26,26,0,0,0,0,0,0,0,0,0,0,0,0,0,0,0,0,0,0,0,0,0,0,0,0,0,0,0,0,0,0,0,0,0,0,0,0,0,0,0,0,0,0,0
0500015,64,1,1,54,9,36,36,0,0,0,0,0,0,0,0,0,0,0,0,0,0,0,0,0,0,0,0,0,0,0,0,0,0,0,0,0,0,0,0,0,0,0,0,0,0,0,0,0,0,0
0500016,50,19,2,15,16,49,49,10,4,0,0,0,0,0,0,3,0,0,0,0,10,0,4,0,0,0,0,0,0,0,0,0,0,0,0,0,0,0,0,0,0,0,0,0,0,0,3,0,0,0
0500018,138,20,14,59,59,41,41,1,3,1,0,0,0,0,1,0,0,0,1,0,0,0,3,0,0,1,0,0,0,0,0,0,0,0,0,0,0,0,0,0,0,0,0,0,1,0,0,0,0,0
0500022,349,89,44,172,88,197,196,4,31,3,0,1,0,4,1,0,1,1,0,0,3,3,27,0,1,0,3,0,0,0,0,0,0,1,0,0,0,0,0,2,0,2,0,0,1,0,0,0,1,0
0500025,36,6,4,25,5,28,28,2,0,0,0,0,0,0,0,0,0,0,0,0,2,0,0,0,0,0,0,0,0,0,0,0,0,0,0,0,0,0,0,0,0,0,0,0,0,0,0,0,0,0
0500026,55,27,3,11,17,39,39,0,21,1,0,0,0,0,0,2,0,0,0,0,0,2,17,2,0,0,1,0,0,0,0,0,0,0,0,0,0,0,0,0,0,0,0,0,0,0,2,0,0,0
0500027,13,1,0,11,1,22,22,0,1,0,0,0,0,0,0,0,0,0,0,0,0,0,1,0,0,0,0,0,0,0,0,0,0,0,0,0,0,0,0,0,0,0,0,0,0,0,0,0,0,0
0500028,340,64,42,187,89,322,321,6,9,0,0,2,1,1,0,3,0,0,4,0,2,1,7,1,0,0,0,0,0,0,0,0,0,2,0,1,0,0,0,0,1,0,0,0,0,0,3,0,0,0
0500031,156,31,29,78,47,69,69,0,2,0,0,0,0,0,0,0,0,0,0,0,0,1,1,0,0,0,0,0,0,0,0,0,0,0,0,0,0,0,0,0,0,0,0,0,0,0,0,0,0,0
0500037,27,0,0,12,15,35,35,0,0,0,0,0,0,0,0,0,0,0,0,0,0,0,0,0,0,0,0,0,0,0,0,0,0,0,0,0,0,0,0,0,0,0,0,0,0,0,0,0,0,0
0500040,431,56,32,228,147,142,142,2,19,0,0,0,0,1,0,1,1,0,0,0,2,3,14,0,2,0,0,0,0,0,0,0,0,0,0,0,0,0,0,0,1,0,0,0,0,0,1,0,1,0
0500041,48,5,4,19,24,38,38,0,1,0,0,0,0,0,0,0,0,0,0,0,0,0,0,0,1,0,0,0,0,0,0,0,0,0,0,0,0,0,0,0,0,0,0,0,0,0,0,0,0,0
0500043,201,63,43,98,40,130,129,15,2,0,2,0,0,1,0,0,0,8,0,0,7,1,1,0,0,0,0,0,0,2,0,0,0,0,0,0,0,0,0,1,0,0,0,0,0,0,0,0,0,0
0500044,79,6,6,47,26,44,44,0,0,0,0,0,0,0,0,0,0,0,0,0,0,0,0,0,0,0,0,0,0,0,0,0,0,0,0,0,0,0,0,0,0,0,0,0,0,0,0,0,0,0
0500050,6,2,1,4,0,20,20,1,0,0,0,0,0,0,0,0,0,1,0,0,0,0,0,0,0,0,0,0,0,0,0,0,0,0,0,0,0,0,0,0,0,0,0,0,0,0,0,0,0,0
0500059,44,0,0,33,11,66,66,0,0,0,0,0,0,0,0,0,0,0,0,0,0,0,0,0,0,0,0,0,0,0,0,0,0,0,0,0,0,0,0,0,0,0,0,0,0,0,0,0,0,0
0500063,34,3,3,22,9,20,20,0,0,0,0,0,0,0,0,0,0,0,0,0,0,0,0,0,0,0,0,0,0,0,0,0,0,0,0,0,0,0,0,0,0,0,0,0,0,0,0,0,0,0
0500065,24,1,1,12,11,25,25,0,0,0,0,0,0,0,0,0,0,0,0,0,0,0,0,0,0,0,0,0,0,0,0,0,0,0,0,0,0,0,0,0,0,0,0,0,0,0,0,0,0,0
0500070,132,61,30,42,29,49,49,2,7,1,0,0,16,2,0,3,0,1,1,0,0,2,4,1,0,1,0,0,0,0,0,0,0,0,0,16,0,0,0,0,2,0,0,0,0,0,3,0,0,0
0500072,66,20,3,24,22,25,25,0,17,0,0,0,0,0,0,0,0,0,0,0,0,3,11,3,0,0,0,0,0,0,0,0,0,0,0,0,0,0,0,0,0,0,0,0,0,0,0,0,0,0
0500073,22,2,2,18,2,36,36,0,0,0,0,0,0,0,0,0,0,0,0,0,0,0,0,0,0,0,0,0,0,0,0,0,0,0,0,0,0,0,0,0,0,0,0,0,0,0,0,0,0,0
0500076,215,69,16,73,73,72,72,3,47,1,0,0,0,1,1,0,0,0,1,0,2,4,38,3,2,0,1,0,0,0,0,0,0,0,0,0,0,0,0,0,1,0,0,0,0,1,0,0,0,0
0500078,18,1,0,13,4,25,25,0,0,0,0,0,0,1,0,0,0,0,0,0,0,0,0,0,0,0,0,0,0,0,0,0,0,0,0,0,0,0,0,0,0,0,1,0,0,0,0,0,0,0
0500079,525,390,22,64,71,105,105,320,39,3,0,0,0,5,0,0,1,16,4,4,296,4,23,4,8,0,2,1,0,0,0,0,0,0,0,0,0,0,0,1,1,0,3,0,0,0,0,0,1,0
0500082,149,30,22,64,55,41,41,3,3,0,0,0,0,1,1,0,0,1,0,0,2,0,2,0,1,0,0,0,0,0,0,0,0,0,0,0,0,0,0,0,0,0,1,0,1,0,0,0,0,0
0500084,130,24,20,53,53,68,68,0,1,1,0,0,0,1,0,1,0,0,0,0,0,0,1,0,0,0,0,0,1,0,0,0,0,0,0,0,0,0,0,0,1,0,0,0,0,0,1,0,0,0
0500091,36,5,4,16,15,43,43,0,0,0,0,1,0,0,0,0,0,0,0,0,0,0,0,0,0,0,0,0,0,0,0,0,0,1,0,0,0,0,0,0,0,0,0,0,0,0,0,0,0,0
0500094,210,61,38,86,63,53,52,0,23,0,0,0,0,0,0,0,0,0,0,0,0,2,15,3,3,0,0,0,0,0,0,0,0,0,0,0,0,0,0,0,0,0,0,0,0,0,0,0,0,0
0500095,62,38,24,8,16,89,89,1,5,0,0,2,1,4,1,0,0,0,1,0,0,0,3,1,1,0,0,0,0,0,0,0,0,2,0,1,0,0,0,1,2,1,0,0,1,0,0,0,0,0
0500097,52,21,9,15,16,51,51,1,10,0,0,0,0,1,0,0,0,0,0,0,1,0,10,0,0,0,0,0,0,0,0,0,0,0,0,0,0,0,0,0,0,1,0,0,0,0,0,0,0,0
0500106,70,22,11,31,17,27,27,2,9,0,0,0,0,0,0,0,0,0,1,0,1,4,5,0,0,0,0,0,0,0,0,0,0,0,0,0,0,0,0,0,0,0,0,0,0,0,0,0,0,0
0500110,39,15,3,15,9,35,35,1,11,0,0,0,0,0,0,0,0,0,0,0,1,0,10,1,0,0,0,0,0,0,0,0,0,0,0,0,0,0,0,0,0,0,0,0,0,0,0,0,0,0
0500113,41,8,2,24,9,52,52,0,6,0,0,0,0,0,0,0,0,0,0,0,0,0,6,0,0,0,0,0,0,0,0,0,0,0,0,0,0,0,0,0,0,0,0,0,0,0,0,0,0,0
0500118,755,308,214,227,220,220,219,9,52,6,3,4,2,7,5,4,2,0,5,3,1,5,31,9,7,3,0,2,1,3,0,0,0,4,0,2,0,0,0,1,3,3,0,1,4,0,4,0,2,0
0500121,96,11,11,26,59,53,53,0,0,0,0,0,0,0,0,0,0,0,0,0,0,0,0,0,0,0,0,0,0,0,0,0,0,0,0,0,0,0,0,0,0,0,0,0,0,0,0,0,0,0
0500124,232,44,29,107,81,55,55,4,6,0,0,0,0,3,2,0,0,1,0,0,3,0,5,0,1,0,0,0,0,0,0,0,0,0,0,0,0,0,0,0,0,2,1,1,0,1,0,0,0,0
0500127,24,6,0,13,5,32,32,0,6,0,0,0,0,0,0,0,0,0,0,0,0,0,5,1,0,0,0,0,0,0,0,0,0,0,0,0,0,0,0,0,0,0,0,0,0,0,0,0,0,0
0700001,926,785,215,92,49,424,424,99,392,18,15,2,1,30,5,5,3,7,3,2,87,21,305,18,48,3,11,3,1,15,0,0,0,2,0,1,0,0,0,5,21,3,1,4,0,1,5,0,3,0
0700007,1,1,0,0,0,7,7,0,0,0,1,0,0,0,0,0,0,0,0,0,0,0,0,0,0,0,0,0,0,1,0,0,0,0,0,0,0,0,0,0,0,0,0,0,0,0,0,0,0,0
0700008,33,10,4,8,15,47,47,0,6,0,0,0,0,0,0,0,0,0,0,0,0,0,6,0,0,0,0,0,0,0,0,0,0,0,0,0,0,0,0,0,0,0,0,0,0,0,0,0,0,0
0700010,0,0,0,0,0,16,16,0,0,0,0,0,0,0,0,0,0,0,0,0,0,0,0,0,0,0,0,0,0,0,0,0,0,0,0,0,0,0,0,0,0,0,0,0,0,0,0,0,0,0
0700013,14,4,4,7,3,22,22,0,0,0,0,0,0,0,0,0,0,0,0,0,0,0,0,0,0,0,0,0,0,0,0,0,0,0,0,0,0,0,0,0,0,0,0,0,0,0,0,0,0,0
0700016,0,0,0,0,0,5,5,0,0,0,0,0,0,0,0,0,0,0,0,0,0,0,0,0,0,0,0,0,0,0,0,0,0,0,0,0,0,0,0,0,0,0,0,0,0,0,0,0,0,0
0700019,31,19,6,6,6,7,7,0,12,0,0,1,0,0,0,0,0,0,0,0,0,0,9,2,1,0,0,0,0,0,0,0,0,1,0,0,0,0,0,0,0,0,0,0,0,0,0,0,0,0
0700022,0,0,0,0,0,17,17,0,0,0,0,0,0,0,0,0,0,0,0,0,0,0,0,0,0,0,0,0,0,0,0,0,0,0,0,0,0,0,0,0,0,0,0,0,0,0,0,0,0,0
0700025,14,6,0,0,8,14,14,4,1,0,0,0,0,1,0,0,0,0,0,0,4,0,1,0,0,0,0,0,0,0,0,0,0,0,0,0,0,0,0,0,0,0,1,0,0,0,0,0,0,0
0700028,4,3,3,1,0,8,8,0,0,0,0,0,0,0,0,0,0,0,0,0,0,0,0,0,0,0,0,0,0,0,0,0,0,0,0,0,0,0,0,0,0,0,0,0,0,0,0,0,0,0
0700031,5,2,2,0,3,17,17,0,0,0,0,0,0,0,0,0,0,0,0,0,0,0,0,0,0,0,0,0,0,0,0,0,0,0,0,0,0,0,0,0,0,0,0,0,0,0,0,0,0,0
0700034,1,1,0,0,0,4,4,0,0,0,0,0,1,0,0,0,0,0,0,0,0,0,0,0,0,0,0,0,0,0,0,0,0,0,0,1,0,0,0,0,0,0,0,0,0,0,0,0,0,0
0700037,1,1,1,0,0,13,13,0,0,0,0,0,0,0,0,0,0,0,0,0,0,0,0,0,0,0,0,0,0,0,0,0,0,0,0,0,0,0,0,0,0,0,0,0,0,0,0,0,0,0
0700040,0,0,0,0,0,9,9,0,0,0,0,0,0,0,0,0,0,0,0,0,0,0,0,0,0,0,0,0,0,0,0,0,0,0,0,0,0,0,0,0,0,0,0,0,0,0,0,0,0,0
0700043,27,4,2,10,13,12,12,0,0,0,0,0,0,2,0,0,0,0,0,0,0,0,0,0,0,0,0,0,0,0,0,0,0,0,0,0,0,0,0,0,2,0,0,0,0,0,0,0,0,0
0700046,18,17,6,0,1,12,12,0,11,0,0,0,0,0,0,0,0,0,0,0,0,1,10,0,0,0,0,0,0,0,0,0,0,0,0,0,0,0,0,0,0,0,0,0,0,0,0,0,0,0
0700049,108,66,24,16,26,32,32,13,29,0,0,0,0,0,0,0,0,1,5,1,6,0,26,3,0,0,0,0,0,0,0,0,0,0,0,0,0,0,0,0,0,0,0,0,0,0,0,0,0,0
0700052,2,1,0,0,1,13,13,0,0,0,0,0,0,0,0,0,1,0,0,0,0,0,0,0,0,0,0,0,0,0,0,0,0,0,0,0,0,0,0,0,0,0,0,0,0,0,0,0,1,0
0700055,3,3,2,0,0,8,8,0,0,0,0,0,0,0,0,1,0,0,0,0,0,0,0,0,0,0,0,0,0,0,0,0,0,0,0,0,0,0,0,0,0,0,0,0,0,0,1,0,0,0
0700058,13,6,6,6,1,12,12,0,0,0,0,0,0,0,0,0,0,0,0,0,0,0,0,0,0,0,0,0,0,0,0,0,0,0,0,0,0,0,0,0,0,0,0,0,0,0,0,0,0,0
0700059,185,153,17,18,14,23,23,1,127,0,1,1,0,5,1,0,0,0,0,0,1,53,19,7,48,0,0,0,0,1,0,0,0,1,0,0,0,0,0,2,2,1,0,1,0,0,0,0,0,0
0700060,15,15,0,0,0,11,11,0,13,2,0,0,0,0,0,0,0,0,0,0,0,0,12,1,0,0,2,0,0,0,0,0,0,0,0,0,0,0,0,0,0,0,0,0,0,0,0,0,0,0
0700061,25,25,0,0,0,6,6,0,25,0,0,0,0,0,0,0,0,0,0,0,0,8,16,1,0,0,0,0,0,0,0,0,0,0,0,0,0,0,0,0,0,0,0,0,0,0,0,0,0,0
0700064,8,5,5,1,2,10,10,0,0,0,0,0,0,0,0,0,0,0,0,0,0,0,0,0,0,0,0,0,0,0,0,0,0,0,0,0,0,0,0,0,0,0,0,0,0,0,0,0,0,0
0700067,141,70,54,45,26,139,139,5,4,1,2,2,0,2,0,0,0,0,2,1,2,2,0,0,2,0,0,1,0,2,0,0,0,2,0,0,0,0,0,0,1,1,0,0,0,0,0,0,0,0
0700068,2,2,0,0,0,16,16,0,2,0,0,0,0,0,0,0,0,0,0,0,0,1,1,0,0,0,0,0,0,0,0,0,0,0,0,0,0,0,0,0,0,0,0,0,0,0,0,0,0,0
0700070,8,3,3,2,3,11,11,0,0,0,0,0,0,0,0,0,0,0,0,0,0,0,0,0,0,0,0,0,0,0,0,0,0,0,0,0,0,0,0,0,0,0,0,0,0,0,0,0,0,0
0700073,13,1,1,4,8,24,24,0,0,0,0,0,0,0,0,0,0,0,0,0,0,0,0,0,0,0,0,0,0,0,0,0,0,0,0,0,0,0,0,0,0,0,0,0,0,0,0,0,0,0
0700076,14,2,1,5,7,19,19,0,0,1,0,0,0,0,0,0,0,0,0,0,0,0,0,0,0,0,1,0,0,0,0,0,0,0,0,0,0,0,0,0,0,0,0,0,0,0,0,0,0,0
0700077,1,0,0,1,0,10,10,0,0,0,0,0,0,0,0,0,0,0,0,0,0,0,0,0,0,0,0,0,0,0,0,0,0,0,0,0,0,0,0,0,0,0,0,0,0,0,0,0,0,0
0700078,13,3,3,3,7,7,7,0,0,0,0,0,0,0,0,0,0,0,0,0,0,0,0,0,0,0,0,0,0,0,0,0,0,0,0,0,0,0,0,0,0,0,0,0,0,0,0,0,0,0
0700079,278,229,74,24,25,287,287,10,121,4,1,4,1,10,1,2,1,0,2,0,8,13,92,10,6,3,0,1,0,1,0,0,0,4,0,1,0,0,0,2,8,0,0,0,0,1,2,0,1,0
0700082,0,0,0,0,0,12,12,0,0,0,0,0,0,0,0,0,0,0,0,0,0,0,0,0,0,0,0,0,0,0,0,0,0,0,0,0,0,0,0,0,0,0,0,0,0,0,0,0,0,0
0700085,18,18,0,0,0,8,8,0,0,0,0,0,0,18,0,0,0,0,0,0,0,0,0,0,0,0,0,0,0,0,0,0,0,0,0,0,0,0,0,0,16,2,0,0,0,0,0,0,0,0
0700088,13,11,11,2,0,20,20,0,0,0,0,0,0,0,0,0,0,0,0,0,0,0,0,0,0,0,0,0,0,0,0,0,0,0,0,0,0,0,0,0,0,0,0,0,0,0,0,0,0,0
0700091,1,1,0,0,0,12,12,0,1,0,0,0,0,0,0,0,0,0,0,0,0,0,1,0,0,0,0,0,0,0,0,0,0,0,0,0,0,0,0,0,0,0,0,0,0,0,0,0,0,0
0700094,0,0,0,0,0,10,10,0,0,0,0,0,0,0,0,0,0,0,0,0,0,0,0,0,0,0,0,0,0,0,0,0,0,0,0,0,0,0,0,0,0,0,0,0,0,0,0,0,0,0
0700097,1,1,0,0,0,14,14,0,1,0,0,0,0,0,0,0,0,0,0,0,0,0,0,1,0,0,0,0,0,0,0,0,0,0,0,0,0,0,0,0,0,0,0,0,0,0,0,0,0,0
0700100,31,19,12,9,3,41,41,2,1,3,0,0,0,1,0,0,0,0,0,1,1,1,0,0,0,0,1,0,2,0,0,0,0,0,0,0,0,0,0,0,1,0,0,0,0,0,0,0,0,0
0700103,0,0,0,0,0,5,5,0,0,0,0,0,0,0,0,0,0,0,0,0,0,0,0,0,0,0,0,0,0,0,0,0,0,0,0,0,0,0,0,0,0,0,0,0,0,0,0,0,0,0
0700106,27,23,20,4,0,29,29,2,0,1,0,0,0,0,0,0,0,0,1,0,1,0,0,0,0,0,0,0,1,0,0,0,0,0,0,0,0,0,0,0,0,0,0,0,0,0,0,0,0,0
0700109,4,2,2,2,0,12,12,0,0,0,0,0,0,0,0,0,0,0,0,0,0,0,0,0,0,0,0,0,0,0,0,0,0,0,0,0,0,0,0,0,0,0,0,0,0,0,0,0,0,0
0700112,12,11,0,0,1,12,12,0,8,0,0,0,0,3,0,0,0,0,0,0,0,6,0,1,1,0,0,0,0,0,0,0,0,0,0,0,0,0,0,0,0,3,0,0,0,0,0,0,0,0
0700118,1,0,0,0,1,7,7,0,0,0,0,0,0,0,0,0,0,0,0,0,0,0,0,0,0,0,0,0,0,0,0,0,0,0,0,0,0,0,0,0,0,0,0,0,0,0,0,0,0,0
0700121,16,8,8,3,5,20,20,0,0,0,0,0,0,0,0,0,0,0,0,0,0,0,0,0,0,0,0,0,0,0,0,0,0,0,0,0,0,0,0,0,0,0,0,0,0,0,0,0,0,0
0700124,8,0,0,0,8,12,12,0,0,0,0,0,0,0,0,0,0,0,0,0,0,0,0,0,0,0,0,0,0,0,0,0,0,0,0,0,0,0,0,0,0,0,0,0,0,0,0,0,0,0
0700127,36,2,1,6,28,10,10,0,0,0,0,0,0,0,0,0,1,0,0,0,0,0,0,0,0,0,0,0,0,0,0,0,0,0,0,0,0,0,0,0,0,0,0,0,0,0,0,0,1,0
0700130,0,0,0,0,0,8,8,0,0,0,0,0,0,0,0,0,0,0,0,0,0,0,0,0,0,0,0,0,0,0,0,0,0,0,0,0,0,0,0,0,0,0,0,0,0,0,0,0,0,0
0700136,1,1,0,0,0,9,9,0,0,1,0,0,0,0,0,0,0,0,0,0,0,0,0,0,0,0,1,0,0,0,0,0,0,0,0,0,0,0,0,0,0,0,0,0,0,0,0,0,0,0
0700137,8,0,0,8,0,7,7,0,0,0,0,0,0,0,0,0,0,0,0,0,0,0,0,0,0,0,0,0,0,0,0,0,0,0,0,0,0,0,0,0,0,0,0,0,0,0,0,0,0,0
0700139,34,12,8,19,3,42,42,2,2,0,0,0,0,0,0,0,0,0,1,0,1,1,1,0,0,0,0,0,0,0,0,0,0,0,0,0,0,0,0,0,0,0,0,0,0,0,0,0,0,0
0700142,1,1,0,0,0,12,12,1,0,0,0,0,0,0,0,0,0,0,0,0,1,0,0,0,0,0,0,0,0,0,0,0,0,0,0,0,0,0,0,0,0,0,0,0,0,0,0,0,0,0
0700148,0,0,0,0,0,20,20,0,0,0,0,0,0,0,0,0,0,0,0,0,0,0,0,0,0,0,0,0,0,0,0,0,0,0,0,0,0,0,0,0,0,0,0,0,0,0,0,0,0,0
0700151,25,9,7,10,6,24,24,1,0,0,0,0,0,0,0,1,0,0,1,0,0,0,0,0,0,0,0,0,0,0,0,0,0,0,0,0,0,0,0,0,0,0,0,0,0,0,1,0,0,0
0700154,1,1,0,0,0,13,13,1,0,0,0,0,0,0,0,0,0,0,0,0,1,0,0,0,0,0,0,0,0,0,0,0,0,0,0,0,0,0,0,0,0,0,0,0,0,0,0,0,0,0
0700157,1,1,0,0,0,13,13,0,0,0,0,0,0,1,0,0,0,0,0,0,0,0,0,0,0,0,0,0,0,0,0,0,0,0,0,0,0,0,0,0,1,0,0,0,0,0,0,0,0,0
0700160,91,21,13,44,26,61,61,2,6,0,0,0,0,0,0,0,0,0,0,0,2,0,5,0,1,0,0,0,0,0,0,0,0,0,0,0,0,0,0,0,0,0,0,0,0,0,0,0,0,0
0700161,28,8,1,8,12,19,19,2,3,0,0,0,0,2,0,0,0,0,0,0,2,0,3,0,0,0,0,0,0,0,0,0,0,0,0,0,0,0,0,0,2,0,0,0,0,0,0,0,0,0
0700163,5,5,1,0,0,26,26,0,4,0,0,0,0,0,0,0,0,0,0,0,0,0,4,0,0,0,0,0,0,0,0,0,0,0,0,0,0,0,0,0,0,0,0,0,0,0,0,0,0,0
0700166,23,22,0,0,1,42,41,7,11,0,0,0,0,3,1,0,0,0,6,0,1,2,8,1,0,0,0,0,0,0,0,0,0,0,0,0,0,0,0,1,1,1,0,0,0,1,0,0,0,0
0700169,11,7,5,1,3,15,15,0,2,0,0,0,0,0,0,0,0,0,0,0,0,0,2,0,0,0,0,0,0,0,0,0,0,0,0,0,0,0,0,0,0,0,0,0,0,0,0,0,0,0
0700173,1,1,0,0,0,9,9,0,0,0,0,0,0,1,0,0,0,0,0,0,0,0,0,0,0,0,0,0,0,0,0,0,0,0,0,0,0,0,0,0,1,0,0,0,0,0,0,0,0,0
0700176,56,32,2,5,19,28,28,0,29,0,0,0,0,1,0,0,0,0,0,0,0,0,27,1,1,0,0,0,0,0,0,0,0,0,0,0,0,0,0,0,0,0,1,0,0,0,0,0,0,0
0700178,2,1,0,0,1,6,6,0,0,0,0,1,0,0,0,0,0,0,0,0,0,0,0,0,0,0,0,0,0,0,0,0,0,1,0,0,0,0,0,0,0,0,0,0,0,0,0,0,0,0
0700179,1,1,0,0,0,9,9,0,1,0,0,0,0,0,0,0,0,0,0,0,0,0,1,0,0,0,0,0,0,0,0,0,0,0,0,0,0,0,0,0,0,0,0,0,0,0,0,0,0,0
0700181,116,65,55,20,31,95,95,0,2,4,0,0,0,2,0,2,0,0,0,0,0,0,1,0,1,2,1,1,0,0,0,0,0,0,0,0,0,0,0,1,1,0,0,0,0,0,2,0,0,0
0700184,0,0,0,0,0,7,7,0,0,0,0,0,0,0,0,0,0,0,0,0,0,0,0,0,0,0,0,0,0,0,0,0,0,0,0,0,0,0,0,0,0,0,0,0,0,0,0,0,0,0
0700187,9,2,2,3,4,5,5,0,0,0,0,0,0,0,0,0,0,0,0,0,0,0,0,0,0,0,0,0,0,0,0,0,0,0,0,0,0,0,0,0,0,0,0,0,0,0,0,0,0,0
0700190,14,6,5,6,2,23,23,0,1,0,0,0,0,0,0,0,0,0,0,0,0,0,0,1,0,0,0,0,0,0,0,0,0,0,0,0,0,0,0,0,0,0,0,0,0,0,0,0,0,0
0700193,0,0,0,0,0,7,7,0,0,0,0,0,0,0,0,0,0,0,0,0,0,0,0,0,0,0,0,0,0,0,0,0,0,0,0,0,0,0,0,0,0,0,0,0,0,0,0,0,0,0
0700199,7,3,3,2,2,14,14,0,0,0,0,0,0,0,0,0,0,0,0,0,0,0,0,0,0,0,0,0,0,0,0,0,0,0,0,0,0,0,0,0,0,0,0,0,0,0,0,0,0,0
0700202,0,0,0,0,0,21,21,0,0,0,0,0,0,0,0,0,0,0,0,0,0,0,0,0,0,0,0,0,0,0,0,0,0,0,0,0,0,0,0,0,0,0,0,0,0,0,0,0,0,0
0700205,0,0,0,0,0,4,4,0,0,0,0,0,0,0,0,0,0,0,0,0,0,0,0,0,0,0,0,0,0,0,0,0,0,0,0,0,0,0,0,0,0,0,0,0,0,0,0,0,0,0
0700214,367,208,56,60,99,125,125,117,16,3,0,1,0,9,3,2,1,1,105,6,5,1,10,1,4,0,2,1,0,0,0,0,0,1,0,0,0,0,0,0,6,2,1,1,1,1,2,0,1,0
0700215,0,0,0,0,0,18,18,0,0,0,0,0,0,0,0,0,0,0,0,0,0,0,0,0,0,0,0,0,0,0,0,0,0,0,0,0,0,0,0,0,0,0,0,0,0,0,0,0,0,0
0700217,0,0,0,0,0,30,30,0,0,0,0,0,0,0,0,0,0,0,0,0,0,0,0,0,0,0,0,0,0,0,0,0,0,0,0,0,0,0,0,0,0,0,0,0,0,0,0,0,0,0
0700220,0,0,0,0,0,18,18,0,0,0,0,0,0,0,0,0,0,0,0,0,0,0,0,0,0,0,0,0,0,0,0,0,0,0,0,0,0,0,0,0,0,0,0,0,0,0,0,0,0,0
0700223,24,24,0,0,0,8,8,0,24,0,0,0,0,0,0,0,0,0,0,0,0,0,24,0,0,0,0,0,0,0,0,0,0,0,0,0,0,0,0,0,0,0,0,0,0,0,0,0,0,0
0700226,55,6,6,29,20,36,36,0,0,0,0,0,0,0,0,0,0,0,0,0,0,0,0,0,0,0,0,0,0,0,0,0,0,0,0,0,0,0,0,0,0,0,0,0,0,0,0,0,0,0
0700232,6,5,0,1,0,14,14,0,5,0,0,0,0,0,0,0,0,0,0,0,0,0,4,1,0,0,0,0,0,0,0,0,0,0,0,0,0,0,0,0,0,0,0,0,0,0,0,0,0,0
0700235,70,41,14,13,16,50,50,0,23,3,0,0,0,1,0,0,0,0,0,0,0,3,17,3,0,0,2,1,0,0,0,0,0,0,0,0,0,0,0,0,0,0,1,0,0,0,0,0,0,0
0700237,0,0,0,0,0,5,5,0,0,0,0,0,0,0,0,0,0,0,0,0,0,0,0,0,0,0,0,0,0,0,0,0,0,0,0,0,0,0,0,0,0,0,0,0,0,0,0,0,0,0
0700238,12,6,4,4,2,19,19,0,2,0,0,0,0,0,0,0,0,0,0,0,0,0,2,0,0,0,0,0,0,0,0,0,0,0,0,0,0,0,0,0,0,0,0,0,0,0,0,0,0,0
0700241,0,0,0,0,0,16,16,0,0,0,0,0,0,0,0,0,0,0,0,0,0,0,0,0,0,0,0,0,0,0,0,0,0,0,0,0,0,0,0,0,0,0,0,0,0,0,0,0,0,0
0700247,0,0,0,0,0,11,11,0,0,0,0,0,0,0,0,0,0,0,0,0,0,0,0,0,0,0,0,0,0,0,0,0,0,0,0,0,0,0,0,0,0,0,0,0,0,0,0,0,0,0
0700248,17,7,7,4,6,9,9,0,0,0,0,0,0,0,0,0,0,0,0,0,0,0,0,0,0,0,0,0,0,0,0,0,0,0,0,0,0,0,0,0,0,0,0,0,0,0,0,0,0,0
0700249,24,2,2,6,16,20,20,0,0,0,0,0,0,0,0,0,0,0,0,0,0,0,0,0,0,0,0,0,0,0,0,0,0,0,0,0,0,0,0,0,0,0,0,0,0,0,0,0,0,0
0700250,19,5,4,6,8,23,23,0,0,0,1,0,0,0,0,0,0,0,0,0,0,0,0,0,0,0,0,0,0,1,0,0,0,0,0,0,0,0,0,0,0,0,0,0,0,0,0,0,0,0
0700251,0,0,0,0,0,12,12,0,0,0,0,0,0,0,0,0,0,0,0,0,0,0,0,0,0,0,0,0,0,0,0,0,0,0,0,0,0,0,0,0,0,0,0,0,0,0,0,0,0,0
0700253,9,6,4,3,0,28,28,2,0,0,0,0,0,0,0,0,0,0,0,0,2,0,0,0,0,0,0,0,0,0,0,0,0,0,0,0,0,0,0,0,0,0,0,0,0,0,0,0,0,0
0700256,0,0,0,0,0,10,10,0,0,0,0,0,0,0,0,0,0,0,0,0,0,0,0,0,0,0,0,0,0,0,0,0,0,0,0,0,0,0,0,0,0,0,0,0,0,0,0,0,0,0
0700259,16,3,0,2,11,9,9,1,2,0,0,0,0,0,0,0,0,0,0,0,1,0,0,0,2,0,0,0,0,0,0,0,0,0,0,0,0,0,0,0,0,0,0,0,0,0,0,0,0,0
0700262,0,0,0,0,0,4,4,0,0,0,0,0,0,0,0,0,0,0,0,0,0,0,0,0,0,0,0,0,0,0,0,0,0,0,0,0,0,0,0,0,0,0,0,0,0,0,0,0,0,0
0700265,6,5,0,1,0,20,20,4,1,0,0,0,0,0,0,0,0,0,0,0,4,0,1,0,0,0,0,0,0,0,0,0,0,0,0,0,0,0,0,0,0,0,0,0,0,0,0,0,0,0
0700268,63,62,0,0,1,24,24,0,61,0,0,0,0,0,0,1,0,0,0,0,0,0,55,3,3,0,0,0,0,0,0,0,0,0,0,0,0,0,0,0,0,0,0,0,0,0,1,0,0,0
0700271,54,32,7,7,15,21,21,0,25,0,0,0,0,0,0,0,0,0,0,0,0,1,0,1,23,0,0,0,0,0,0,0,0,0,0,0,0,0,0,0,0,0,0,0,0,0,0,0,0,0
0700274,4,3,3,1,0,23,23,0,0,0,0,0,0,0,0,0,0,0,0,0,0,0,0,0,0,0,0,0,0,0,0,0,0,0,0,0,0,0,0,0,0,0,0,0,0,0,0,0,0,0
0700277,324,225,104,73,26,301,301,1,48,2,59,1,1,3,3,0,3,0,0,0,1,7,31,5,5,0,0,1,1,59,0,0,0,1,0,1,0,0,0,1,1,0,1,2,0,1,0,0,3,0
0700280,0,0,0,0,0,9,9,0,0,0,0,0,0,0,0,0,0,0,0,0,0,0,0,0,0,0,0,0,0,0,0,0,0,0,0,0,0,0,0,0,0,0,0,0,0,0,0,0,0,0
0700281,8,0,0,0,8,10,10,0,0,0,0,0,0,0,0,0,0,0,0,0,0,0,0,0,0,0,0,0,0,0,0,0,0,0,0,0,0,0,0,0,0,0,0,0,0,0,0,0,0,0
0700282,79,46,25,11,22,20,20,7,12,2,0,0,0,0,0,0,0,0,0,0,7,2,8,2,0,2,0,0,0,0,0,0,0,0,0,0,0,0,0,0,0,0,0,0,0,0,0,0,0,0
0700283,5,5,0,0,0,20,20,5,0,0,0,0,0,0,0,0,0,0,0,0,5,0,0,0,0,0,0,0,0,0,0,0,0,0,0,0,0,0,0,0,0,0,0,0,0,0,0,0,0,0
0700286,0,0,0,0,0,9,9,0,0,0,0,0,0,0,0,0,0,0,0,0,0,0,0,0,0,0,0,0,0,0,0,0,0,0,0,0,0,0,0,0,0,0,0,0,0,0,0,0,0,0
0700289,11,7,7,3,1,19,19,0,0,0,0,0,0,0,0,0,0,0,0,0,0,0,0,0,0,0,0,0,0,0,0,0,0,0,0,0,0,0,0,0,0,0,0,0,0,0,0,0,0,0
0700292,0,0,0,0,0,12,12,0,0,0,0,0,0,0,0,0,0,0,0,0,0,0,0,0,0,0,0,0,0,0,0,0,0,0,0,0,0,0,0,0,0,0,0,0,0,0,0,0,0,0
0700298,9,1,0,0,8,15,15,0,0,0,0,0,0,1,0,0,0,0,0,0,0,0,0,0,0,0,0,0,0,0,0,0,0,0,0,0,0,0,0,1,0,0,0,0,0,0,0,0,0,0
0700301,0,0,0,0,0,11,11,0,0,0,0,0,0,0,0,0,0,0,0,0,0,0,0,0,0,0,0,0,0,0,0,0,0,0,0,0,0,0,0,0,0,0,0,0,0,0,0,0,0,0
0700304,1,1,0,0,0,25,25,0,1,0,0,0,0,0,0,0,0,0,0,0,0,0,1,0,0,0,0,0,0,0,0,0,0,0,0,0,0,0,0,0,0,0,0,0,0,0,0,0,0,0
0700307,6,6,0,0,0,31,31,0,0,3,0,0,0,2,1,0,0,0,0,0,0,0,0,0,0,1,0,2,0,0,0,0,0,0,0,0,0,0,0,1,0,1,0,0,1,0,0,0,0,0
0700310,1,1,0,0,0,10,10,0,0,0,0,0,0,0,0,1,0,0,0,0,0,0,0,0,0,0,0,0,0,0,0,0,0,0,0,0,0,0,0,0,0,0,0,0,0,0,1,0,0,0
0700311,3,2,0,0,1,12,12,1,0,1,0,0,0,0,0,0,0,0,1,0,0,0,0,0,0,0,1,0,0,0,0,0,0,0,0,0,0,0,0,0,0,0,0,0,0,0,0,0,0,0
0700313,6,6,0,0,0,25,25,3,1,0,0,0,0,2,0,0,0,0,0,0,3,0,1,0,0,0,0,0,0,0,0,0,0,0,0,0,0,0,0,1,1,0,0,0,0,0,0,0,0,0
0700316,0,0,0,0,0,14,14,0,0,0,0,0,0,0,0,0,0,0,0,0,0,0,0,0,0,0,0,0,0,0,0,0,0,0,0,0,0,0,0,0,0,0,0,0,0,0,0,0,0,0
0700319,6,3,3,2,1,12,12,0,0,0,0,0,0,0,0,0,0,0,0,0,0,0,0,0,0,0,0,0,0,0,0,0,0,0,0,0,0,0,0,0,0,0,0,0,0,0,0,0,0,0
0700322,50,5,5,9,36,15,15,0,0,0,0,0,0,0,0,0,0,0,0,0,0,0,0,0,0,0,0,0,0,0,0,0,0,0,0,0,0,0,0,0,0,0,0,0,0,0,0,0,0,0
0700324,0,0,0,0,0,5,5,0,0,0,0,0,0,0,0,0,0,0,0,0,0,0,0,0,0,0,0,0,0,0,0,0,0,0,0,0,0,0,0,0,0,0,0,0,0,0,0,0,0,0
0700325,15,4,2,4,7,18,18,0,1,0,0,0,0,1,0,0,0,0,0,0,0,0,1,0,0,0,0,0,0,0,0,0,0,0,0,0,0,0,0,0,1,0,0,0,0,0,0,0,0,0
0700328,12,12,0,0,0,27,27,6,5,0,1,0,0,0,0,0,0,0,0,0,6,0,5,0,0,0,0,0,0,1,0,0,0,0,0,0,0,0,0,0,0,0,0,0,0,0,0,0,0,0
0700331,0,0,0,0,0,7,7,0,0,0,0,0,0,0,0,0,0,0,0,0,0,0,0,0,0,0,0,0,0,0,0,0,0,0,0,0,0,0,0,0,0,0,0,0,0,0,0,0,0,0
0700334,6,2,0,0,4,18,18,0,0,1,0,0,0,1,0,0,0,0,0,0,0,0,0,0,0,0,1,0,0,0,0,0,0,0,0,0,0,0,0,0,1,0,0,0,0,0,0,0,0,0
0700337,107,69,23,17,21,37,37,0,45,0,0,0,0,0,0,0,1,0,0,0,0,5,40,0,0,0,0,0,0,0,0,0,0,0,0,0,0,0,0,0,0,0,0,0,0,0,0,0,1,0
0700340,0,0,0,0,0,8,8,0,0,0,0,0,0,0,0,0,0,0,0,0,0,0,0,0,0,0,0,0,0,0,0,0,0,0,0,0,0,0,0,0,0,0,0,0,0,0,0,0,0,0
0700346,6,4,4,1,1,14,14,0,0,0,0,0,0,0,0,0,0,0,0,0,0,0,0,0,0,0,0,0,0,0,0,0,0,0,0,0,0,0,0,0,0,0,0,0,0,0,0,0,0,0
0900001,1090,685,420,254,151,1065,1065,42,43,62,4,6,11,70,11,12,4,4,31,5,2,9,22,6,6,6,43,11,2,4,0,0,0,6,0,11,0,0,0,8,27,33,2,4,4,3,12,0,4,0
0900004,41,6,5,7,28,63,63,0,1,0,0,0,0,0,0,0,0,0,0,0,0,0,0,0,1,0,0,0,0,0,0,0,0,0,0,0,0,0,0,0,0,0,0,0,0,0,0,0,0,0
0900007,190,115,20,39,36,96,96,2,10,76,0,0,0,4,0,2,1,0,1,0,1,5,5,0,0,1,66,8,1,0,0,0,0,0,0,0,0,0,0,2,0,1,1,0,0,0,2,0,1,0
0900013,1,1,0,0,0,40,40,0,0,1,0,0,0,0,0,0,0,0,0,0,0,0,0,0,0,0,1,0,0,0,0,0,0,0,0,0,0,0,0,0,0,0,0,0,0,0,0,0,0,0
0900022,37,26,6,2,9,33,33,0,3,15,0,0,0,1,1,0,0,0,0,0,0,2,0,0,1,1,10,0,4,0,0,0,0,0,0,0,0,0,0,0,1,0,0,1,0,0,0,0,0,0
0900034,294,142,119,84,68,148,148,5,2,13,0,1,0,2,0,0,0,1,3,1,0,2,0,0,0,2,7,2,2,0,0,0,0,1,0,0,0,0,0,0,1,1,0,0,0,0,0,0,0,0
0900037,27,23,8,1,3,31,31,6,4,1,0,1,0,2,0,0,1,6,0,0,0,1,3,0,0,0,1,0,0,0,0,0,0,1,0,0,0,0,0,0,0,1,1,0,0,0,0,0,1,0
0900049,230,75,63,86,69,183,182,1,8,0,0,1,0,1,0,1,0,0,0,0,1,1,5,1,1,0,0,0,0,0,0,0,0,1,0,0,0,0,0,0,1,0,0,0,0,0,1,0,0,0
0900052,9,7,3,2,0,20,20,0,0,4,0,0,0,0,0,0,0,0,0,0,0,0,0,0,0,2,2,0,0,0,0,0,0,0,0,0,0,0,0,0,0,0,0,0,0,0,0,0,0,0
0900055,42,12,12,10,20,51,51,0,0,0,0,0,0,0,0,0,0,0,0,0,0,0,0,0,0,0,0,0,0,0,0,0,0,0,0,0,0,0,0,0,0,0,0,0,0,0,0,0,0,0
0900058,78,62,5,14,2,25,25,2,11,40,0,0,1,3,0,0,0,0,2,0,0,3,4,4,0,2,36,1,1,0,0,0,0,0,0,1,0,0,0,2,0,1,0,0,0,0,0,0,0,0
0900061,29,4,3,5,20,39,39,0,0,1,0,0,0,0,0,0,0,0,0,0,0,0,0,0,0,0,1,0,0,0,0,0,0,0,0,0,0,0,0,0,0,0,0,0,0,0,0,0,0,0
0900067,3,1,1,0,2,9,9,0,0,0,0,0,0,0,0,0,0,0,0,0,0,0,0,0,0,0,0,0,0,0,0,0,0,0,0,0,0,0,0,0,0,0,0,0,0,0,0,0,0,0
0900076,86,47,14,17,22,65,65,0,1,32,0,0,0,0,0,0,0,0,0,0,0,0,1,0,0,2,30,0,0,0,0,0,0,0,0,0,0,0,0,0,0,0,0,0,0,0,0,0,0,0
0900078,10,2,1,5,3,22,22,0,1,0,0,0,0,0,0,0,0,0,0,0,0,0,1,0,0,0,0,0,0,0,0,0,0,0,0,0,0,0,0,0,0,0,0,0,0,0,0,0,0,0
0900079,2,2,1,0,0,42,42,0,0,1,0,0,0,0,0,0,0,0,0,0,0,0,0,0,0,0,1,0,0,0,0,0,0,0,0,0,0,0,0,0,0,0,0,0,0,0,0,0,0,0
0900082,33,7,7,15,11,48,48,0,0,0,0,0,0,0,0,0,0,0,0,0,0,0,0,0,0,0,0,0,0,0,0,0,0,0,0,0,0,0,0,0,0,0,0,0,0,0,0,0,0,0
0900085,29,6,5,7,16,55,55,0,0,1,0,0,0,0,0,0,0,0,0,0,0,0,0,0,0,0,1,0,0,0,0,0,0,0,0,0,0,0,0,0,0,0,0,0,0,0,0,0,0,0
0900103,8103,7247,426,453,403,130,130,52,646,5843,10,11,4,190,37,16,12,11,29,8,4,228,272,105,41,606,4966,176,95,10,0,0,0,11,0,4,0,0,0,33,49,105,3,14,19,4,16,0,12,0
0900106,27,16,4,2,9,34,34,2,3,6,1,0,0,0,0,0,0,1,0,0,1,1,1,0,1,1,1,0,4,1,0,0,0,0,0,0,0,0,0,0,0,0,0,0,0,0,0,0,0,0
0900109,64,15,15,15,34,49,49,0,0,0,0,0,0,0,0,0,0,0,0,0,0,0,0,0,0,0,0,0,0,0,0,0,0,0,0,0,0,0,0,0,0,0,0,0,0,0,0,0,0,0
0900115,15,4,4,8,3,54,54,0,0,0,0,0,0,0,0,0,0,0,0,0,0,0,0,0,0,0,0,0,0,0,0,0,0,0,0,0,0,0,0,0,0,0,0,0,0,0,0,0,0,0
0900120,3,3,0,0,0,17,17,0,3,0,0,0,0,0,0,0,0,0,0,0,0,1,0,2,0,0,0,0,0,0,0,0,0,0,0,0,0,0,0,0,0,0,0,0,0,0,0,0,0,0
0900124,1515,1172,103,172,171,78,78,15,161,824,1,1,6,28,16,9,8,2,8,3,2,51,60,32,18,116,647,40,21,1,0,0,0,1,0,6,0,0,0,7,14,4,3,3,10,3,9,0,8,0
0900127,20,11,8,7,2,28,28,0,3,0,0,0,0,0,0,0,0,0,0,0,0,1,2,0,0,0,0,0,0,0,0,0,0,0,0,0,0,0,0,0,0,0,0,0,0,0,0,0,0,0
0900130,369,131,113,118,120,154,154,5,1,6,0,0,0,3,2,0,1,2,3,0,0,0,1,0,0,1,4,1,0,0,0,0,0,0,0,0,0,0,0,0,3,0,0,0,2,0,0,0,1,0
0900133,68,31,8,15,22,47,47,0,3,20,0,0,0,0,0,0,0,0,0,0,0,1,1,1,0,4,12,3,1,0,0,0,0,0,0,0,0,0,0,0,0,0,0,0,0,0,0,0,0,0
1100001,2464,1985,454,242,237,801,801,163,312,920,6,2,4,86,20,15,3,14,134,9,6,50,75,56,131,82,782,39,17,6,0,0,0,2,0,4,0,0,0,14,62,7,3,12,3,5,15,0,3,0
1100004,926,851,32,33,42,45,45,12,38,747,0,0,0,17,3,2,0,0,9,0,3,11,19,3,5,44,665,10,28,0,0,0,0,0,0,0,0,0,0,3,11,2,1,1,0,2,2,0,0,0
1100005,143,21,19,35,87,74,74,0,0,0,1,1,0,0,0,0,0,0,0,0,0,0,0,0,0,0,0,0,0,1,0,0,0,1,0,0,0,0,0,0,0,0,0,0,0,0,0,0,0,0
1100006,61,12,11,10,39,55,55,0,0,1,0,0,0,0,0,0,0,0,0,0,0,0,0,0,0,0,0,1,0,0,0,0,0,0,0,0,0,0,0,0,0,0,0,0,0,0,0,0,0,0
1100007,544,487,18,18,39,122,122,6,7,441,0,0,0,14,0,0,1,0,5,0,1,2,4,1,0,19,408,6,8,0,0,0,0,0,0,0,0,0,0,2,10,0,2,0,0,0,0,0,1,0
1100010,783,654,55,41,88,61,61,23,338,100,3,0,0,121,9,3,2,2,13,6,2,23,27,280,8,13,76,10,1,3,0,0,0,0,0,0,0,0,0,8,13,98,2,2,5,2,3,0,2,0
1100013,419,248,36,54,117,85,85,9,7,186,0,1,1,3,4,1,0,2,2,1,4,1,5,1,0,4,175,6,1,0,0,0,0,1,0,1,0,0,0,1,2,0,0,2,0,2,1,0,0,0
1100016,8510,7870,189,312,328,79,79,95,403,6983,8,7,8,114,45,9,9,18,60,10,7,108,215,61,19,525,6258,132,68,8,0,0,0,7,0,8,0,0,0,29,71,12,2,22,16,7,9,0,9,0
1100019,2917,2682,90,98,137,70,70,25,169,2329,12,2,1,35,4,12,3,1,17,5,2,48,85,29,7,143,2094,77,15,12,0,0,0,2,0,1,0,0,0,12,18,5,0,2,2,0,12,0,3,0
1100022,2902,2648,98,97,157,61,61,38,179,2226,31,0,3,44,20,2,7,8,18,6,6,58,65,42,14,113,2018,67,28,31,0,0,0,0,0,3,0,0,0,7,27,8,2,8,7,5,2,0,7,0
1100025,139,83,26,14,42,137,123,4,24,19,1,0,0,3,4,2,0,2,1,0,1,9,1,9,5,1,17,1,0,1,0,0,0,0,0,0,0,0,0,0,3,0,0,2,1,1,2,0,0,0
1100027,14,2,0,3,9,17,17,0,0,2,0,0,0,0,0,0,0,0,0,0,0,0,0,0,0,0,2,0,0,0,0,0,0,0,0,0,0,0,0,0,0,0,0,0,0,0,0,0,0,0
1100028,183,30,15,62,91,74,73,5,1,0,0,0,0,0,2,5,2,0,0,0,5,0,1,0,0,0,0,0,0,0,0,0,0,0,0,0,0,0,0,0,0,0,0,1,1,0,5,0,2,0
1100029,64,31,8,23,10,48,48,0,0,19,0,0,0,4,0,0,0,0,0,0,0,0,0,0,0,3,15,0,1,0,0,0,0,0,0,0,0,0,0,2,2,0,0,0,0,0,0,0,0,0
1100031,2866,2622,79,122,122,65,65,28,216,2203,5,1,2,54,19,8,7,4,19,4,1,57,117,27,15,153,1972,38,40,5,0,0,0,1,0,2,0,0,0,18,27,2,7,12,2,5,8,0,7,0
1100034,4387,3995,88,150,242,34,34,55,270,3423,6,1,2,108,26,10,6,8,40,4,3,94,128,34,14,291,3003,104,25,6,0,0,0,1,0,2,0,0,0,28,69,8,3,14,8,4,10,0,6,0
1100037,213,198,5,10,5,31,31,3,10,165,0,0,0,5,1,8,1,1,2,0,0,1,6,3,0,14,130,19,2,0,0,0,0,0,0,0,0,0,0,2,3,0,0,1,0,0,8,0,1,0
1100040,235,145,16,14,76,54,54,3,10,100,0,0,0,10,2,1,3,2,1,0,0,7,3,0,0,15,80,4,1,0,0,0,0,0,0,0,0,0,0,2,6,1,1,1,1,0,1,0,3,0
1100043,345,331,3,0,14,62,62,13,2,301,0,0,0,12,0,0,0,0,0,0,13,0,2,0,0,46,255,0,0,0,0,0,0,0,0,0,0,0,0,0,10,0,2,0,0,0,0,0,0,0
1100046,12,10,1,0,2,49,49,1,5,3,0,0,0,0,0,0,0,0,1,0,0,1,4,0,0,0,3,0,0,0,0,0,0,0,0,0,0,0,0,0,0,0,0,0,0,0,0,0,0,0
1100049,839,742,47,28,69,72,72,5,35,634,3,0,0,12,2,2,2,1,4,0,0,14,9,8,4,128,481,19,6,3,0,0,0,0,0,0,0,0,0,5,6,1,0,1,1,0,2,0,2,0
1100052,1968,1681,154,72,215,77,77,64,190,1216,6,3,1,28,9,5,5,15,31,9,9,74,75,28,13,157,907,64,88,6,0,0,0,3,0,1,0,0,0,9,13,5,1,0,3,6,5,0,5,0
1100053,77,11,5,30,36,25,25,0,0,4,2,0,0,0,0,0,0,0,0,0,0,0,0,0,0,1,3,0,0,2,0,0,0,0,0,0,0,0,0,0,0,0,0,0,0,0,0,0,0,0
1100055,6126,5576,241,294,256,81,81,79,435,4586,5,4,44,149,18,9,6,14,51,5,9,138,230,39,28,266,4165,79,76,5,0,0,0,4,0,44,0,0,0,40,82,15,12,12,3,3,9,0,6,0
1100058,216,180,30,17,19,93,92,4,126,13,0,0,1,3,1,1,1,1,3,0,0,8,112,3,3,1,9,1,2,0,0,0,0,0,0,1,0,0,0,0,3,0,0,1,0,0,1,0,1,0
1100060,133,94,13,11,28,26,26,6,31,28,0,0,0,11,3,0,2,0,2,2,2,7,19,3,2,3,24,1,0,0,0,0,0,0,0,0,0,0,0,4,5,1,1,0,2,1,0,0,2,0
1100061,813,659,71,51,103,105,105,224,42,246,8,1,1,20,5,38,3,17,179,13,15,15,17,3,7,18,212,10,6,8,0,0,0,1,0,1,0,0,0,4,10,5,1,4,0,1,38,0,3,0
1100064,183,71,38,64,48,104,104,2,4,24,0,0,0,2,1,0,0,1,1,0,0,2,2,0,0,3,18,2,1,0,0,0,0,0,0,0,0,0,0,0,2,0,0,1,0,0,0,0,0,0
1100067,525,433,51,19,73,32,32,8,78,264,0,0,2,18,6,1,5,2,4,1,1,25,18,11,24,26,226,7,5,0,0,0,0,0,0,2,0,0,0,6,6,4,2,4,0,2,1,0,5,0
1100070,62,33,5,13,16,30,30,0,0,26,0,0,0,2,0,0,0,0,0,0,0,0,0,0,0,6,19,1,0,0,0,0,0,0,0,0,0,0,0,1,0,1,0,0,0,0,0,0,0,0
1100073,238,152,12,20,66,24,24,1,6,121,0,0,0,6,3,1,2,0,0,0,1,3,3,0,0,2,111,7,1,0,0,0,0,0,0,0,0,0,0,1,3,2,0,1,2,0,1,0,2,0
1100076,2255,1886,358,145,224,247,247,66,400,905,41,3,5,51,16,23,18,15,23,25,3,101,128,153,18,100,717,77,11,41,0,0,0,3,0,5,0,0,0,14,20,10,7,4,12,0,23,0,18,0
1100079,152,139,8,4,9,19,19,2,25,97,0,0,0,5,2,0,0,0,2,0,0,6,11,7,1,6,79,10,2,0,0,0,0,0,0,0,0,0,0,2,0,0,3,1,1,0,0,0,0,0
1100082,4723,4193,321,194,336,81,81,1541,313,1799,8,4,7,117,36,23,24,304,980,99,158,133,113,44,23,210,1490,65,34,8,0,0,0,4,0,7,0,0,0,40,47,9,21,24,9,3,23,0,24,0
1100085,346,286,11,15,45,29,29,5,23,234,0,0,0,10,1,2,0,2,2,1,0,10,7,5,1,17,205,9,3,0,0,0,0,0,0,0,0,0,0,1,9,0,0,0,1,0,2,0,0,0
1100086,27,3,3,3,21,23,23,0,0,0,0,0,0,0,0,0,0,0,0,0,0,0,0,0,0,0,0,0,0,0,0,0,0,0,0,0,0,0,0,0,0,0,0,0,0,0,0,0,0,0
1100087,753,519,116,69,165,62,62,24,48,303,1,1,1,11,6,2,6,6,17,1,0,16,12,14,6,25,257,18,3,1,0,0,0,1,0,1,0,0,0,4,4,2,1,3,2,1,2,0,6,0
1100088,288,231,29,24,33,93,93,50,17,119,0,1,0,4,3,8,0,1,48,1,0,2,4,8,3,11,102,5,1,0,0,0,0,1,0,0,0,0,0,2,1,1,0,0,3,0,8,0,0,0
1100091,254,216,19,29,9,61,59,1,156,37,0,0,0,3,0,0,0,1,0,0,0,1,39,24,92,1,32,1,3,0,0,0,0,0,0,0,0,0,0,1,1,1,0,0,0,0,0,0,0,0
1100094,6112,5406,302,287,419,68,68,90,694,4117,15,5,4,85,46,24,24,19,56,11,4,248,246,151,49,319,3586,168,44,15,0,0,0,5,0,4,0,0,0,24,50,7,4,24,16,6,24,0,24,0
1100097,691,533,54,42,116,44,44,21,73,337,3,1,1,37,5,1,0,4,7,6,4,24,16,11,22,26,280,14,17,3,0,0,0,1,0,1,0,0,0,15,11,6,5,5,0,0,1,0,0,0
1100098,123,51,24,29,43,49,49,0,2,12,7,1,1,2,0,2,0,0,0,0,0,1,0,0,1,2,10,0,0,7,0,0,0,1,0,1,0,0,0,0,2,0,0,0,0,0,2,0,0,0
1200001,3793,2899,633,499,395,1047,1044,136,1711,116,165,8,7,60,20,40,3,17,18,9,92,185,1355,120,51,16,38,58,4,165,0,0,0,8,0,7,0,0,0,7,35,12,6,6,11,3,40,0,3,0
1200075,711,363,124,200,148,245,245,52,72,4,74,0,3,27,2,4,1,3,3,0,46,2,63,7,0,1,1,1,1,74,0,0,0,0,0,3,0,0,0,6,16,4,1,0,2,0,4,0,1,0
1200150,852,738,44,59,55,157,156,577,63,6,2,7,2,22,0,14,1,49,12,7,509,5,31,2,25,1,2,0,3,2,0,0,0,7,0,2,0,0,0,2,3,2,15,0,0,0,14,0,1,0
1200170,116,20,12,42,54,53,53,0,7,0,0,0,0,1,0,0,0,0,0,0,0,0,5,2,0,0,0,0,0,0,0,0,0,0,0,0,0,0,0,0,0,1,0,0,0,0,0,0,0,0
1200180,402,319,19,65,18,62,61,1,294,0,4,0,0,0,1,0,0,1,0,0,0,20,208,49,17,0,0,0,0,4,0,0,0,0,0,0,0,0,0,0,0,0,0,0,1,0,0,0,0,0
1200200,444,224,60,126,94,104,104,3,148,1,7,0,0,0,2,3,0,0,0,0,3,21,121,6,0,0,1,0,0,7,0,0,0,0,0,0,0,0,0,0,0,0,0,0,2,0,3,0,0,0
1200225,164,52,28,61,51,100,100,1,15,8,0,0,0,0,0,0,0,1,0,0,0,3,11,1,0,1,0,7,0,0,0,0,0,0,0,0,0,0,0,0,0,0,0,0,0,0,0,0,0,0
1200300,245,121,12,68,56,86,86,22,77,0,5,0,1,0,1,2,1,1,0,0,21,5,65,6,1,0,0,0,0,5,0,0,0,0,0,1,0,0,0,0,0,0,0,0,1,0,2,0,1,0
1200375,236,51,27,109,76,77,75,0,19,0,4,0,0,1,0,0,0,0,0,0,0,5,12,2,0,0,0,0,0,4,0,0,0,0,0,0,0,0,0,1,0,0,0,0,0,0,0,0,0,0
1200410,246,64,36,108,74,82,82,8,11,3,0,0,0,3,1,2,0,0,0,0,8,2,9,0,0,2,1,0,0,0,0,0,0,0,0,0,0,0,0,1,2,0,0,1,0,0,2,0,0,0
1200415,271,70,47,120,81,86,86,1,14,6,0,0,0,0,1,0,1,1,0,0,0,6,5,2,1,0,6,0,0,0,0,0,0,0,0,0,0,0,0,0,0,0,0,1,0,0,0,0,1,0
1200450,162,98,6,34,30,38,38,0,73,4,1,0,0,2,0,12,0,0,0,0,0,1,68,4,0,0,4,0,0,1,0,0,0,0,0,0,0,0,0,0,2,0,0,0,0,0,12,0,0,0
1200525,0,0,0,0,0,19,19,0,0,0,0,0,0,0,0,0,0,0,0,0,0,0,0,0,0,0,0,0,0,0,0,0,0,0,0,0,0,0,0,0,0,0,0,0,0,0,0,0,0,0
1200600,111,13,5,47,51,39,39,0,8,0,0,0,0,0,0,0,0,0,0,0,0,0,7,0,1,0,0,0,0,0,0,0,0,0,0,0,0,0,0,0,0,0,0,0,0,0,0,0,0,0
1200608,143,59,22,45,39,101,101,0,32,0,1,0,0,3,1,0,0,0,0,0,0,0,23,5,4,0,0,0,0,1,0,0,0,0,0,0,0,0,0,1,2,0,0,0,0,1,0,0,0,0
1200625,88,28,11,37,23,31,31,0,14,0,1,0,0,0,0,1,1,0,0,0,0,5,4,5,0,0,0,0,0,1,0,0,0,0,0,0,0,0,0,0,0,0,0,0,0,0,1,0,1,0
1200650,102,57,2,41,4,52,52,0,6,1,41,0,0,0,0,4,3,0,0,0,0,0,6,0,0,1,0,0,0,41,0,0,0,0,0,0,0,0,0,0,0,0,0,0,0,0,4,0,3,0
1200700,65,14,7,31,20,53,53,1,1,0,3,0,0,0,0,2,0,0,1,0,0,0,1,0,0,0,0,0,0,3,0,0,0,0,0,0,0,0,0,0,0,0,0,0,0,0,2,0,0,0
1200720,186,51,13,53,82,73,73,4,20,6,1,1,0,1,2,3,0,0,1,0,3,6,13,0,1,0,4,2,0,1,0,0,0,1,0,0,0,0,0,0,1,0,0,2,0,0,3,0,0,0
1200750,39,3,2,22,14,56,56,0,0,0,0,0,0,0,1,0,0,0,0,0,0,0,0,0,0,0,0,0,0,0,0,0,0,0,0,0,0,0,0,0,0,0,0,0,1,0,0,0,0,0
1200800,82,44,33,23,15,65,65,7,1,0,0,0,0,1,1,0,1,1,0,0,6,0,1,0,0,0,0,0,0,0,0,0,0,0,0,0,0,0,0,0,0,1,0,1,0,0,0,0,1,0
1200825,162,61,20,68,33,74,73,1,37,0,2,0,0,1,0,0,0,0,0,0,1,4,29,4,0,0,0,0,0,2,0,0,0,0,0,0,0,0,0,0,1,0,0,0,0,0,0,0,0,0
1200850,112,33,3,47,32,55,55,0,14,0,14,0,0,1,0,1,0,0,0,0,0,1,12,1,0,0,0,0,0,14,0,0,0,0,0,0,0,0,0,0,0,1,0,0,0,0,1,0,0,0
1200875,37,32,0,3,2,63,63,30,0,0,1,0,0,0,0,0,1,0,0,2,28,0,0,0,0,0,0,0,0,1,0,0,0,0,0,0,0,0,0,0,0,0,0,0,0,0,0,0,1,0
1200900,25,8,4,10,7,38,38,0,4,0,0,0,0,0,0,0,0,0,0,0,0,0,3,1,0,0,0,0,0,0,0,0,0,0,0,0,0,0,0,0,0,0,0,0,0,0,0,0,0,0
1300001,2501,1451,762,544,506,1138,1116,50,525,35,7,9,3,25,10,15,10,9,15,4,22,75,351,75,24,10,11,10,4,7,0,0,0,9,0,3,0,0,0,10,8,3,4,3,6,1,15,0,10,0
1300004,93,8,7,52,33,117,117,0,0,1,0,0,0,0,0,0,0,0,0,0,0,0,0,0,0,0,1,0,0,0,0,0,0,0,0,0,0,0,0,0,0,0,0,0,0,0,0,0,0,0
1300007,100,17,15,66,17,64,64,1,1,0,0,0,0,0,0,0,0,0,1,0,0,0,1,0,0,0,0,0,0,0,0,0,0,0,0,0,0,0,0,0,0,0,0,0,0,0,0,0,0,0
1300009,35,6,1,14,15,58,56,0,3,0,0,0,0,1,1,0,0,0,0,0,0,2,0,1,0,0,0,0,0,0,0,0,0,0,0,0,0,0,0,0,1,0,0,0,1,0,0,0,0,0
1300010,523,179,91,175,169,238,231,6,53,3,3,1,5,4,2,8,3,1,3,0,2,10,39,4,0,1,1,0,1,3,0,0,0,1,0,5,0,0,0,0,3,0,1,0,2,0,8,0,3,0
1300013,161,37,24,65,59,152,149,4,5,2,0,0,0,0,0,2,0,2,2,0,0,0,5,0,0,1,1,0,0,0,0,0,0,0,0,0,0,0,0,0,0,0,0,0,0,0,2,0,0,0
1300014,111,6,4,60,45,52,51,0,1,0,0,1,0,0,0,0,0,0,0,0,0,1,0,0,0,0,0,0,0,0,0,0,0,1,0,0,0,0,0,0,0,0,0,0,0,0,0,0,0,0
1300016,32,2,2,16,14,43,42,0,0,0,0,0,0,0,0,0,0,0,0,0,0,0,0,0,0,0,0,0,0,0,0,0,0,0,0,0,0,0,0,0,0,0,0,0,0,0,0,0,0,0
1300019,217,137,13,48,32,137,134,3,116,0,2,0,0,2,0,1,0,0,1,0,2,2,109,5,0,0,0,0,0,2,0,0,0,0,0,0,0,0,0,1,1,0,0,0,0,0,1,0,0,0
1300020,85,20,17,35,30,41,41,0,0,2,0,0,0,0,0,1,0,0,0,0,0,0,0,0,0,0,1,0,1,0,0,0,0,0,0,0,0,0,0,0,0,0,0,0,0,0,1,0,0,0
1300022,415,87,54,228,100,287,281,14,7,1,3,0,0,1,3,2,2,5,1,1,7,1,6,0,0,0,0,0,1,3,0,0,0,0,0,0,0,0,0,0,0,1,0,0,3,0,2,0,2,0
1300023,24,5,4,16,3,56,56,0,1,0,0,0,0,0,0,0,0,0,0,0,0,0,1,0,0,0,0,0,0,0,0,0,0,0,0,0,0,0,0,0,0,0,0,0,0,0,0,0,0,0
1300024,71,12,7,42,17,46,46,0,5,0,0,0,0,0,0,0,0,0,0,0,0,0,5,0,0,0,0,0,0,0,0,0,0,0,0,0,0,0,0,0,0,0,0,0,0,0,0,0,0,0
1300025,303,141,65,112,50,187,186,1,71,0,0,0,0,1,3,0,0,1,0,0,0,3,60,6,2,0,0,0,0,0,0,0,0,0,0,0,0,0,0,0,0,1,0,0,3,0,0,0,0,0
1300027,83,14,10,34,35,69,68,1,0,3,0,0,0,0,0,0,0,1,0,0,0,0,0,0,0,0,3,0,0,0,0,0,0,0,0,0,0,0,0,0,0,0,0,0,0,0,0,0,0,0
1300028,229,70,44,94,65,162,160,3,10,2,1,1,0,3,1,3,2,1,1,0,1,2,6,2,0,1,0,0,1,1,0,0,0,1,0,0,0,0,0,1,1,0,1,1,0,0,3,0,2,0
1300031,120,11,11,65,44,90,88,0,0,0,0,0,0,0,0,0,0,0,0,0,0,0,0,0,0,0,0,0,0,0,0,0,0,0,0,0,0,0,0,0,0,0,0,0,0,0,0,0,0,0
1300032,184,94,19,60,30,102,102,4,66,1,1,0,0,2,0,1,0,0,3,1,0,3,57,5,1,0,1,0,0,1,0,0,0,0,0,0,0,0,0,0,2,0,0,0,0,0,1,0,0,0
1300033,44,10,7,16,18,65,63,0,0,0,0,0,0,0,3,0,0,0,0,0,0,0,0,0,0,0,0,0,0,0,0,0,0,0,0,0,0,0,0,0,0,0,0,0,3,0,0,0,0,0
1300034,139,99,17,27,13,47,46,1,71,7,0,0,0,2,0,1,0,0,0,1,0,10,59,2,0,6,0,1,0,0,0,0,0,0,0,0,0,0,0,1,1,0,0,0,0,0,1,0,0,0
1300037,234,73,41,99,62,271,265,2,20,2,1,0,0,0,1,3,3,0,0,0,2,2,17,1,0,0,1,0,1,1,0,0,0,0,0,0,0,0,0,0,0,0,0,0,1,0,3,0,3,0
1300040,141,42,13,61,38,99,97,2,24,0,0,0,0,1,0,1,1,0,0,0,2,2,16,5,1,0,0,0,0,0,0,0,0,0,0,0,0,0,0,1,0,0,0,0,0,0,1,0,1,0
1300043,172,42,32,93,37,78,74,0,8,0,0,0,0,2,0,0,0,0,0,0,0,5,2,1,0,0,0,0,0,0,0,0,0,0,0,0,0,0,0,2,0,0,0,0,0,0,0,0,0,0
1300046,75,19,10,38,18,92,90,0,8,0,0,0,0,0,1,0,0,0,0,0,0,2,2,4,0,0,0,0,0,0,0,0,0,0,0,0,0,0,0,0,0,0,0,0,1,0,0,0,0,0
1300049,52,6,3,34,12,69,67,0,3,0,0,0,0,0,0,0,0,0,0,0,0,0,3,0,0,0,0,0,0,0,0,0,0,0,0,0,0,0,0,0,0,0,0,0,0,0,0,0,0,0
1300052,98,17,9,40,41,31,31,0,1,0,1,1,0,2,1,2,0,0,0,0,0,0,1,0,0,0,0,0,0,1,0,0,0,1,0,0,0,0,0,1,0,1,0,0,1,0,2,0,0,0
1300055,43,14,7,21,8,116,116,3,1,0,0,0,0,2,0,1,0,0,0,0,3,0,1,0,0,0,0,0,0,0,0,0,0,0,0,0,0,0,0,0,1,0,1,0,0,0,1,0,0,0
1300058,772,549,59,85,138,231,226,0,462,14,1,1,2,6,3,1,0,0,0,0,0,29,320,104,9,4,9,1,0,1,0,0,0,1,0,2,0,0,0,4,2,0,0,0,1,2,1,0,0,0
1300060,714,607,42,37,70,89,89,359,145,14,4,1,2,14,19,3,4,11,10,9,329,15,110,14,6,1,6,3,4,4,0,0,0,1,0,2,0,0,0,2,6,3,3,4,14,1,3,0,4,0
1300061,116,57,9,27,32,93,91,2,39,0,1,0,0,0,6,0,0,0,1,0,1,1,37,1,0,0,0,0,0,1,0,0,0,0,0,0,0,0,0,0,0,0,0,0,5,1,0,0,0,0
1500004,3,1,0,1,1,30,30,0,1,0,0,0,0,0,0,0,0,0,0,0,0,0,1,0,0,0,0,0,0,0,0,0,0,0,0,0,0,0,0,0,0,0,0,0,0,0,0,0,0,0
1500007,4,4,1,0,0,17,17,0,3,0,0,0,0,0,0,0,0,0,0,0,0,0,3,0,0,0,0,0,0,0,0,0,0,0,0,0,0,0,0,0,0,0,0,0,0,0,0,0,0,0
1500010,34,18,12,5,11,41,41,6,0,0,0,0,0,0,0,0,0,0,6,0,0,0,0,0,0,0,0,0,0,0,0,0,0,0,0,0,0,0,0,0,0,0,0,0,0,0,0,0,0,0
1500013,27,21,20,6,0,38,38,0,1,0,0,0,0,0,0,0,0,0,0,0,0,0,0,1,0,0,0,0,0,0,0,0,0,0,0,0,0,0,0,0,0,0,0,0,0,0,0,0,0,0
1500016,10,8,0,1,1,31,31,1,6,0,0,0,0,1,0,0,0,0,0,1,0,0,6,0,0,0,0,0,0,0,0,0,0,0,0,0,0,0,0,0,1,0,0,0,0,0,0,0,0,0
1500019,0,0,0,0,0,7,7,0,0,0,0,0,0,0,0,0,0,0,0,0,0,0,0,0,0,0,0,0,0,0,0,0,0,0,0,0,0,0,0,0,0,0,0,0,0,0,0,0,0,0
1500022,2,2,0,0,0,11,11,0,2,0,0,0,0,0,0,0,0,0,0,0,0,0,2,0,0,0,0,0,0,0,0,0,0,0,0,0,0,0,0,0,0,0,0,0,0,0,0,0,0,0
1500025,57,40,20,14,3,23,23,0,16,0,0,0,0,2,0,2,0,0,0,0,0,0,15,1,0,0,0,0,0,0,0,0,0,0,0,0,0,0,0,1,1,0,0,0,0,0,2,0,0,0
1500029,0,0,0,0,0,12,12,0,0,0,0,0,0,0,0,0,0,0,0,0,0,0,0,0,0,0,0,0,0,0,0,0,0,0,0,0,0,0,0,0,0,0,0,0,0,0,0,0,0,0
1500030,61,21,17,20,20,31,31,0,1,0,0,0,0,2,0,1,0,0,0,0,0,0,1,0,0,0,0,0,0,0,0,0,0,0,0,0,0,0,0,1,1,0,0,0,0,0,1,0,0,0
1500031,323,223,158,62,38,201,201,26,16,4,1,4,0,10,3,1,0,3,17,4,2,5,9,1,1,0,4,0,0,1,0,0,0,4,0,0,0,0,0,2,5,1,2,2,1,0,1,0,0,0
1500034,42,4,4,9,29,37,37,0,0,0,0,0,0,0,0,0,0,0,0,0,0,0,0,0,0,0,0,0,0,0,0,0,0,0,0,0,0,0,0,0,0,0,0,0,0,0,0,0,0,0
1500037,9,5,1,1,3,48,48,0,0,0,0,0,0,4,0,0,0,0,0,0,0,0,0,0,0,0,0,0,0,0,0,0,0,0,0,0,0,0,0,1,3,0,0,0,0,0,0,0,0,0
1500040,82,33,17,5,44,21,21,0,2,0,3,0,0,2,0,0,9,0,0,0,0,1,1,0,0,0,0,0,0,3,0,0,0,0,0,0,0,0,0,0,1,1,0,0,0,0,0,0,9,0
1500043,77,51,45,23,3,52,52,0,3,3,0,0,0,0,0,0,0,0,0,0,0,0,2,0,1,0,3,0,0,0,0,0,0,0,0,0,0,0,0,0,0,0,0,0,0,0,0,0,0,0
1500046,66,53,23,3,10,96,96,4,12,3,2,0,0,5,1,2,1,1,2,1,0,3,4,2,3,0,1,2,0,2,0,0,0,0,0,0,0,0,0,1,2,1,1,0,0,1,2,0,1,0
1500049,42,32,26,5,5,17,17,3,1,0,0,0,0,2,0,0,0,1,2,0,0,0,0,0,1,0,0,0,0,0,0,0,0,0,0,0,0,0,0,0,2,0,0,0,0,0,0,0,0,0
1500052,4,0,0,0,4,13,13,0,0,0,0,0,0,0,0,0,0,0,0,0,0,0,0,0,0,0,0,0,0,0,0,0,0,0,0,0,0,0,0,0,0,0,0,0,0,0,0,0,0,0
1500055,575,454,201,80,41,360,359,38,77,14,8,64,3,20,3,20,6,12,11,9,6,16,38,14,9,4,5,3,2,8,0,0,0,64,0,3,0,0,0,4,12,3,1,3,0,0,20,0,6,0
1500058,23,7,4,8,8,26,26,0,1,1,0,0,0,0,1,0,0,0,0,0,0,0,1,0,0,0,1,0,0,0,0,0,0,0,0,0,0,0,0,0,0,0,0,0,0,1,0,0,0,0
1500061,1,1,0,0,0,38,38,0,1,0,0,0,0,0,0,0,0,0,0,0,0,0,1,0,0,0,0,0,0,0,0,0,0,0,0,0,0,0,0,0,0,0,0,0,0,0,0,0,0,0
1500064,29,14,12,6,9,53,53,0,0,0,0,0,0,1,0,1,0,0,0,0,0,0,0,0,0,0,0,0,0,0,0,0,0,0,0,0,0,0,0,0,0,0,1,0,0,0,1,0,0,0
1500067,73,18,13,27,28,73,73,0,1,0,0,0,0,1,0,2,1,0,0,0,0,0,0,1,0,0,0,0,0,0,0,0,0,0,0,0,0,0,0,0,0,1,0,0,0,0,2,0,1,0
1500070,0,0,0,0,0,15,15,0,0,0,0,0,0,0,0,0,0,0,0,0,0,0,0,0,0,0,0,0,0,0,0,0,0,0,0,0,0,0,0,0,0,0,0,0,0,0,0,0,0,0
1500072,273,127,98,89,57,61,61,1,21,0,1,0,1,4,0,1,0,1,0,0,0,6,12,2,1,0,0,0,0,1,0,0,0,0,0,1,0,0,0,2,1,1,0,0,0,0,1,0,0,0
1500076,695,431,278,210,54,325,325,34,71,12,2,2,2,12,4,5,9,6,20,7,1,3,58,3,7,4,5,2,1,2,0,0,0,2,0,2,0,0,0,2,6,3,1,1,3,0,5,0,9,0
1500079,13,12,10,1,0,32,32,0,0,0,1,0,0,0,0,1,0,0,0,0,0,0,0,0,0,0,0,0,0,1,0,0,0,0,0,0,0,0,0,0,0,0,0,0,0,0,1,0,0,0
1500085,4,3,3,0,1,18,18,0,0,0,0,0,0,0,0,0,0,0,0,0,0,0,0,0,0,0,0,0,0,0,0,0,0,0,0,0,0,0,0,0,0,0,0,0,0,0,0,0,0,0
1500088,529,395,218,73,61,250,250,24,75,8,3,1,3,12,4,4,43,2,3,0,19,8,61,3,3,1,2,2,3,3,0,0,0,1,0,3,0,0,0,4,8,0,0,1,2,1,4,0,43,0
1500091,4,4,0,0,0,13,13,0,0,0,0,0,0,4,0,0,0,0,0,0,0,0,0,0,0,0,0,0,0,0,0,0,0,0,0,0,0,0,0,0,3,1,0,0,0,0,0,0,0,0
1500094,742,421,215,158,163,372,372,4,170,3,3,2,1,16,3,4,0,1,2,1,0,18,121,18,13,0,2,1,0,3,0,0,0,2,0,1,0,0,0,6,6,1,3,1,2,0,4,0,0,0
1500097,1,0,0,0,1,19,19,0,0,0,0,0,0,0,0,0,0,0,0,0,0,0,0,0,0,0,0,0,0,0,0,0,0,0,0,0,0,0,0,0,0,0,0,0,0,0,0,0,0,0
1500100,56,51,24,4,1,38,38,0,11,2,0,0,0,5,0,9,0,0,0,0,0,2,2,6,1,0,2,0,0,0,0,0,0,0,0,0,0,0,0,2,1,1,1,0,0,0,9,0,0,0
1500103,37,16,11,5,16,29,29,3,0,0,0,0,0,1,0,0,1,0,1,0,2,0,0,0,0,0,0,0,0,0,0,0,0,0,0,0,0,0,0,0,0,1,0,0,0,0,0,0,1,0
1500106,8,7,7,0,1,10,10,0,0,0,0,0,0,0,0,0,0,0,0,0,0,0,0,0,0,0,0,0,0,0,0,0,0,0,0,0,0,0,0,0,0,0,0,0,0,0,0,0,0,0
1500109,549,390,108,92,67,267,267,6,248,3,0,0,1,6,2,3,13,2,2,0,2,14,224,4,6,1,1,0,1,0,0,0,0,0,0,1,0,0,0,0,5,0,1,0,2,0,3,0,13,0
1500112,17,4,0,0,13,30,30,0,1,1,0,0,0,2,0,0,0,0,0,0,0,0,0,0,1,0,0,0,1,0,0,0,0,0,0,0,0,0,0,0,2,0,0,0,0,0,0,0,0,0
1500115,34,25,20,6,3,77,77,2,0,0,1,0,0,0,1,1,0,1,1,0,0,0,0,0,0,0,0,0,0,1,0,0,0,0,0,0,0,0,0,0,0,0,0,0,1,0,1,0,0,0
1500118,69,27,26,23,19,38,38,0,0,0,0,0,0,1,0,0,0,0,0,0,0,0,0,0,0,0,0,0,0,0,0,0,0,0,0,0,0,0,0,1,0,0,0,0,0,0,0,0,0,0
1500121,46,46,0,0,0,9,9,1,44,0,0,0,0,0,1,0,0,0,1,0,0,0,41,3,0,0,0,0,0,0,0,0,0,0,0,0,0,0,0,0,0,0,0,0,1,0,0,0,0,0
1500124,20,15,13,3,2,17,17,0,0,0,0,0,0,1,0,1,0,0,0,0,0,0,0,0,0,0,0,0,0,0,0,0,0,0,0,0,0,0,0,0,1,0,0,0,0,0,1,0,0,0
1500127,15,4,1,4,7,16,16,0,1,0,0,0,0,1,1,0,0,0,0,0,0,0,0,1,0,0,0,0,0,0,0,0,0,0,0,0,0,0,0,0,1,0,0,0,1,0,0,0,0,0
1500128,6,4,3,2,0,15,15,0,1,0,0,0,0,0,0,0,0,0,0,0,0,0,1,0,0,0,0,0,0,0,0,0,0,0,0,0,0,0,0,0,0,0,0,0,0,0,0,0,0,0
1500130,0,0,0,0,0,9,9,0,0,0,0,0,0,0,0,0,0,0,0,0,0,0,0,0,0,0,0,0,0,0,0,0,0,0,0,0,0,0,0,0,0,0,0,0,0,0,0,0,0,0
1500132,30,9,8,13,8,21,21,0,0,0,0,0,0,0,1,0,0,0,0,0,0,0,0,0,0,0,0,0,0,0,0,0,0,0,0,0,0,0,0,0,0,0,0,0,1,0,0,0,0,0
1500133,17,17,0,0,0,9,9,0,16,0,0,0,1,0,0,0,0,0,0,0,0,0,16,0,0,0,0,0,0,0,0,0,0,0,0,1,0,0,0,0,0,0,0,0,0,0,0,0,0,0
1500136,3,1,0,1,1,18,18,0,0,0,0,0,0,1,0,0,0,0,0,0,0,0,0,0,0,0,0,0,0,0,0,0,0,0,0,0,0,0,0,0,1,0,0,0,0,0,0,0,0,0
1500139,64,45,32,8,11,80,80,0,3,3,0,1,0,5,0,1,0,0,0,0,0,1,1,0,1,0,0,2,1,0,0,0,0,1,0,0,0,0,0,2,2,1,0,0,0,0,1,0,0,0
1500142,73,30,24,27,16,87,87,1,2,0,1,1,0,1,0,0,0,0,1,0,0,1,0,0,1,0,0,0,0,1,0,0,0,1,0,0,0,0,0,0,0,1,0,0,0,0,0,0,0,0
1500145,5,4,0,0,1,28,28,0,3,0,0,0,0,1,0,0,0,0,0,0,0,0,2,1,0,0,0,0,0,0,0,0,0,0,0,0,0,0,0,0,1,0,0,0,0,0,0,0,0,0
1500148,1,1,1,0,0,20,20,0,0,0,0,0,0,0,0,0,0,0,0,0,0,0,0,0,0,0,0,0,0,0,0,0,0,0,0,0,0,0,0,0,0,0,0,0,0,0,0,0,0,0
1500151,11,11,1,0,0,44,44,0,1,2,7,0,0,0,0,0,0,0,0,0,0,0,0,0,1,0,0,2,0,7,0,0,0,0,0,0,0,0,0,0,0,0,0,0,0,0,0,0,0,0
1500154,30,22,3,0,8,24,24,0,19,0,0,0,0,0,0,0,0,0,0,0,0,0,19,0,0,0,0,0,0,0,0,0,0,0,0,0,0,0,0,0,0,0,0,0,0,0,0,0,0,0
1500157,1,1,0,0,0,20,20,0,0,0,0,0,0,1,0,0,0,0,0,0,0,0,0,0,0,0,0,0,0,0,0,0,0,0,0,0,0,0,0,0,1,0,0,0,0,0,0,0,0,0
1500160,1081,771,407,211,99,273,273,17,271,14,9,4,1,28,9,7,4,4,5,5,3,36,214,19,2,4,7,2,1,9,0,0,0,4,0,1,0,0,0,8,16,4,0,3,4,2,7,0,4,0
1500163,4,4,2,0,0,13,13,0,1,0,0,0,0,0,0,1,0,0,0,0,0,0,1,0,0,0,0,0,0,0,0,0,0,0,0,0,0,0,0,0,0,0,0,0,0,0,1,0,0,0
1500166,14,8,5,1,5,26,26,0,0,1,0,0,0,1,1,0,0,0,0,0,0,0,0,0,0,0,1,0,0,0,0,0,0,0,0,0,0,0,0,0,1,0,0,1,0,0,0,0,0,0
1500169,430,357,121,37,36,292,292,12,175,11,4,2,1,14,5,6,6,4,3,3,2,16,147,11,1,2,8,1,0,4,0,0,0,2,0,1,0,0,0,4,9,1,0,0,5,0,6,0,6,0
1500172,36,35,0,1,0,9,9,0,34,0,0,0,0,0,0,1,0,0,0,0,0,7,27,0,0,0,0,0,0,0,0,0,0,0,0,0,0,0,0,0,0,0,0,0,0,0,1,0,0,0
1500175,25,19,6,5,1,35,35,0,2,1,1,0,0,5,1,2,1,0,0,0,0,1,0,0,1,0,0,1,0,1,0,0,0,0,0,0,0,0,0,0,3,2,0,0,0,1,2,0,1,0
1500178,11,2,2,5,4,20,20,0,0,0,0,0,0,0,0,0,0,0,0,0,0,0,0,0,0,0,0,0,0,0,0,0,0,0,0,0,0,0,0,0,0,0,0,0,0,0,0,0,0,0
1500181,0,0,0,0,0,12,12,0,0,0,0,0,0,0,0,0,0,0,0,0,0,0,0,0,0,0,0,0,0,0,0,0,0,0,0,0,0,0,0,0,0,0,0,0,0,0,0,0,0,0
1500184,37,2,1,1,34,17,17,0,0,0,1,0,0,0,0,0,0,0,0,0,0,0,0,0,0,0,0,0,0,1,0,0,0,0,0,0,0,0,0,0,0,0,0,0,0,0,0,0,0,0
1500190,43,14,10,8,21,75,75,1,0,0,0,1,1,1,0,0,0,0,0,0,1,0,0,0,0,0,0,0,0,0,0,0,0,1,0,1,0,0,0,0,0,0,1,0,0,0,0,0,0,0
1500193,17,5,4,3,9,16,16,0,0,0,0,1,0,0,0,0,0,0,0,0,0,0,0,0,0,0,0,0,0,0,0,0,0,1,0,0,0,0,0,0,0,0,0,0,0,0,0,0,0,0
1500196,0,0,0,0,0,14,14,0,0,0,0,0,0,0,0,0,0,0,0,0,0,0,0,0,0,0,0,0,0,0,0,0,0,0,0,0,0,0,0,0,0,0,0,0,0,0,0,0,0,0
1500198,54,22,18,18,14,26,26,1,0,3,0,0,0,0,0,0,0,0,1,0,0,0,0,0,0,0,0,3,0,0,0,0,0,0,0,0,0,0,0,0,0,0,0,0,0,0,0,0,0,0
1500199,25,16,3,4,5,26,26,0,13,0,0,0,0,0,0,0,0,0,0,0,0,3,9,1,0,0,0,0,0,0,0,0,0,0,0,0,0,0,0,0,0,0,0,0,0,0,0,0,0,0
1500202,24,17,8,3,4,42,42,0,9,0,0,0,0,0,0,0,0,0,0,0,0,1,7,1,0,0,0,0,0,0,0,0,0,0,0,0,0,0,0,0,0,0,0,0,0,0,0,0,0,0
1500205,1,1,0,0,0,12,12,0,0,0,0,0,1,0,0,0,0,0,0,0,0,0,0,0,0,0,0,0,0,0,0,0,0,0,0,1,0,0,0,0,0,0,0,0,0,0,0,0,0,0
1500208,18,6,4,6,6,14,14,0,2,0,0,0,0,0,0,0,0,0,0,0,0,0,2,0,0,0,0,0,0,0,0,0,0,0,0,0,0,0,0,0,0,0,0,0,0,0,0,0,0,0
1500211,0,0,0,0,0,18,18,0,0,0,0,0,0,0,0,0,0,0,0,0,0,0,0,0,0,0,0,0,0,0,0,0,0,0,0,0,0,0,0,0,0,0,0,0,0,0,0,0,0,0
1500214,3,3,3,0,0,21,21,0,0,0,0,0,0,0,0,0,0,0,0,0,0,0,0,0,0,0,0,0,0,0,0,0,0,0,0,0,0,0,0,0,0,0,0,0,0,0,0,0,0,0
1500217,43,7,1,13,23,23,23,0,6,0,0,0,0,0,0,0,0,0,0,0,0,0,3,3,0,0,0,0,0,0,0,0,0,0,0,0,0,0,0,0,0,0,0,0,0,0,0,0,0,0
1500218,38,27,22,9,2,40,40,0,4,1,0,0,0,0,0,0,0,0,0,0,0,0,3,1,0,0,0,1,0,0,0,0,0,0,0,0,0,0,0,0,0,0,0,0,0,0,0,0,0,0
1500220,35,10,9,14,11,28,28,0,0,0,0,0,1,0,0,0,0,0,0,0,0,0,0,0,0,0,0,0,0,0,0,0,0,0,0,1,0,0,0,0,0,0,0,0,0,0,0,0,0,0
1500223,27,11,5,8,8,25,25,0,6,0,0,0,0,0,0,0,0,0,0,0,0,0,6,0,0,0,0,0,0,0,0,0,0,0,0,0,0,0,0,0,0,0,0,0,0,0,0,0,0,0
1500226,14,2,2,3,9,17,17,0,0,0,0,0,0,0,0,0,0,0,0,0,0,0,0,0,0,0,0,0,0,0,0,0,0,0,0,0,0,0,0,0,0,0,0,0,0,0,0,0,0,0
1500229,12,10,9,2,0,32,32,0,1,0,0,0,0,0,0,0,0,0,0,0,0,0,1,0,0,0,0,0,0,0,0,0,0,0,0,0,0,0,0,0,0,0,0,0,0,0,0,0,0,0
1500232,10,5,4,4,1,30,30,0,1,0,0,0,0,0,0,0,0,0,0,0,0,0,0,0,1,0,0,0,0,0,0,0,0,0,0,0,0,0,0,0,0,0,0,0,0,0,0,0,0,0
1500235,15,12,7,2,1,30,30,0,5,0,0,0,0,0,0,0,0,0,0,0,0,1,4,0,0,0,0,0,0,0,0,0,0,0,0,0,0,0,0,0,0,0,0,0,0,0,0,0,0,0
1500238,66,40,18,10,16,30,30,2,7,0,1,0,0,12,0,0,0,1,1,0,0,4,3,0,0,0,0,0,0,1,0,0,0,0,0,0,0,0,0,1,9,2,0,0,0,0,0,0,0,0
1500239,40,30,19,6,4,89,89,1,3,1,1,2,0,1,1,0,1,0,1,0,0,1,1,1,0,0,0,0,1,1,0,0,0,2,0,0,0,0,0,1,0,0,0,1,0,0,0,0,1,0
1500241,61,32,21,13,16,62,62,2,6,0,2,0,0,1,0,0,0,0,2,0,0,1,3,1,1,0,0,0,0,2,0,0,0,0,0,0,0,0,0,0,0,1,0,0,0,0,0,0,0,0
1500244,18,14,10,0,4,33,33,0,1,0,0,0,0,3,0,0,0,0,0,0,0,0,1,0,0,0,0,0,0,0,0,0,0,0,0,0,0,0,0,0,3,0,0,0,0,0,0,0,0,0
1500247,2816,1939,1146,561,316,1036,1035,126,315,70,37,9,19,89,40,53,35,19,76,19,12,72,153,51,39,24,18,21,7,37,0,0,0,9,0,19,0,0,0,30,26,25,8,22,13,5,53,0,35,0
1500250,77,54,36,16,7,65,65,7,6,1,0,0,0,2,0,0,2,1,1,3,2,1,5,0,0,0,0,1,0,0,0,0,0,0,0,0,0,0,0,0,2,0,0,0,0,0,0,0,2,0
1500256,107,53,49,24,30,41,41,0,0,0,0,0,0,2,0,1,1,0,0,0,0,0,0,0,0,0,0,0,0,0,0,0,0,0,0,0,0,0,0,0,2,0,0,0,0,0,1,0,1,0
1500259,53,39,32,9,5,38,38,2,0,2,2,0,0,0,0,0,1,1,1,0,0,0,0,0,0,1,1,0,0,2,0,0,0,0,0,0,0,0,0,0,0,0,0,0,0,0,0,0,1,0
1500262,1,1,0,0,0,15,15,1,0,0,0,0,0,0,0,0,0,0,1,0,0,0,0,0,0,0,0,0,0,0,0,0,0,0,0,0,0,0,0,0,0,0,0,0,0,0,0,0,0,0
1500265,1,1,0,0,0,17,17,0,0,0,0,0,0,1,0,0,0,0,0,0,0,0,0,0,0,0,0,0,0,0,0,0,0,0,0,0,0,0,0,0,1,0,0,0,0,0,0,0,0,0
1500268,1,1,0,0,0,14,14,0,0,1,0,0,0,0,0,0,0,0,0,0,0,0,0,0,0,0,1,0,0,0,0,0,0,0,0,0,0,0,0,0,0,0,0,0,0,0,0,0,0,0
1500271,104,90,34,11,3,58,58,4,36,2,0,2,0,6,1,3,2,1,2,1,0,14,17,2,3,2,0,0,0,0,0,0,0,2,0,0,0,0,0,2,4,0,0,0,1,0,3,0,2,0
1500274,5,5,0,0,0,21,21,0,4,0,0,0,0,1,0,0,0,0,0,0,0,0,4,0,0,0,0,0,0,0,0,0,0,0,0,0,0,0,0,0,1,0,0,0,0,0,0,0,0,0
1500277,11,2,2,3,6,24,24,0,0,0,0,0,0,0,0,0,0,0,0,0,0,0,0,0,0,0,0,0,0,0,0,0,0,0,0,0,0,0,0,0,0,0,0,0,0,0,0,0,0,0
1500280,147,85,50,43,19,58,58,7,13,5,0,0,2,5,2,1,0,0,1,2,4,5,5,2,1,0,2,1,2,0,0,0,0,0,0,2,0,0,0,0,4,1,0,1,1,0,1,0,0,0
1500283,4,3,2,0,1,15,15,0,0,0,0,0,0,1,0,0,0,0,0,0,0,0,0,0,0,0,0,0,0,0,0,0,0,0,0,0,0,0,0,0,1,0,0,0,0,0,0,0,0,0
1500286,1,1,1,0,0,10,10,0,0,0,0,0,0,0,0,0,0,0,0,0,0,0,0,0,0,0,0,0,0,0,0,0,0,0,0,0,0,0,0,0,0,0,0,0,0,0,0,0,0,0
1500289,10,7,2,1,2,41,41,2,2,0,0,1,0,0,0,0,0,0,0,0,2,0,2,0,0,0,0,0,0,0,0,0,0,1,0,0,0,0,0,0,0,0,0,0,0,0,0,0,0,0
1500292,420,273,130,104,43,126,126,4,112,6,2,1,1,10,0,3,4,2,2,0,0,15,91,5,1,2,2,2,0,2,0,0,0,1,0,1,0,0,0,2,6,2,0,0,0,0,3,0,4,0
1500295,27,4,3,7,16,14,14,0,1,0,0,0,0,0,0,0,0,0,0,0,0,0,1,0,0,0,0,0,0,0,0,0,0,0,0,0,0,0,0,0,0,0,0,0,0,0,0,0,0,0
1500298,36,11,10,12,13,35,35,0,1,0,0,0,0,0,0,0,0,0,0,0,0,0,1,0,0,0,0,0,0,0,0,0,0,0,0,0,0,0,0,0,0,0,0,0,0,0,0,0,0,0
1500301,16,16,4,0,0,20,20,8,1,0,0,0,0,2,0,0,1,1,0,0,7,0,0,0,1,0,0,0,0,0,0,0,0,0,0,0,0,0,0,0,1,0,1,0,0,0,0,0,1,0
1500304,222,197,26,20,5,119,118,14,135,0,0,0,0,15,0,6,1,0,11,2,1,8,120,5,2,0,0,0,0,0,0,0,0,0,0,0,0,0,0,0,13,2,0,0,0,0,6,0,1,0
1500307,3,3,1,0,0,23,23,0,0,1,0,0,0,1,0,0,0,0,0,0,0,0,0,0,0,1,0,0,0,0,0,0,0,0,0,0,0,0,0,0,1,0,0,0,0,0,0,0,0,0
1500316,3,2,1,0,1,16,16,0,0,0,0,1,0,0,0,0,0,0,0,0,0,0,0,0,0,0,0,0,0,0,0,0,0,1,0,0,0,0,0,0,0,0,0,0,0,0,0,0,0,0
1500318,5,3,3,0,2,14,14,0,0,0,0,0,0,0,0,0,0,0,0,0,0,0,0,0,0,0,0,0,0,0,0,0,0,0,0,0,0,0,0,0,0,0,0,0,0,0,0,0,0,0
1500319,1,1,1,0,0,24,24,0,0,0,0,0,0,0,0,0,0,0,0,0,0,0,0,0,0,0,0,0,0,0,0,0,0,0,0,0,0,0,0,0,0,0,0,0,0,0,0,0,0,0
1500322,1,1,0,0,0,14,14,0,0,0,0,0,0,0,0,1,0,0,0,0,0,0,0,0,0,0,0,0,0,0,0,0,0,0,0,0,0,0,0,0,0,0,0,0,0,0,1,0,0,0
1500323,0,0,0,0,0,8,8,0,0,0,0,0,0,0,0,0,0,0,0,0,0,0,0,0,0,0,0,0,0,0,0,0,0,0,0,0,0,0,0,0,0,0,0,0,0,0,0,0,0,0
1500325,50,34,11,5,11,45,45,1,1,1,0,0,0,19,0,1,0,0,0,1,0,1,0,0,0,0,0,1,0,0,0,0,0,0,0,0,0,0,0,0,19,0,0,0,0,0,1,0,0,0
1500328,23,4,3,4,15,81,81,0,0,0,0,0,0,1,0,0,0,0,0,0,0,0,0,0,0,0,0,0,0,0,0,0,0,0,0,0,0,0,0,0,1,0,0,0,0,0,0,0,0,0
1500331,27,26,3,0,1,39,39,0,22,1,0,0,0,0,0,0,0,0,0,0,0,3,17,0,2,0,1,0,0,0,0,0,0,0,0,0,0,0,0,0,0,0,0,0,0,0,0,0,0,0
1500334,29,2,2,14,13,39,39,0,0,0,0,0,0,0,0,0,0,0,0,0,0,0,0,0,0,0,0,0,0,0,0,0,0,0,0,0,0,0,0,0,0,0,0,0,0,0,0,0,0,0
1500337,8,0,0,0,8,13,13,0,0,0,0,0,0,0,0,0,0,0,0,0,0,0,0,0,0,0,0,0,0,0,0,0,0,0,0,0,0,0,0,0,0,0,0,0,0,0,0,0,0,0
1500340,594,416,273,112,66,336,336,28,76,7,6,0,0,14,0,9,3,4,11,1,12,12,54,6,4,3,2,2,0,6,0,0,0,0,0,0,0,0,0,3,8,1,2,0,0,0,9,0,3,0
1600001,20027,14713,8065,3145,2169,18157,18147,571,2207,772,540,187,247,1238,222,435,229,155,212,100,104,526,989,298,394,206,283,214,69,540,0,0,0,187,0,247,0,0,0,304,613,240,81,93,82,47,435,0,229,0
1700001,1403,590,277,453,360,283,279,5,270,11,2,0,1,8,13,1,2,1,4,0,0,64,173,19,14,1,5,4,1,2,0,0,0,0,0,1,0,0,0,2,4,1,1,10,2,1,1,0,2,0
1700002,30,6,5,14,10,28,27,0,1,0,0,0,0,0,0,0,0,0,0,0,0,1,0,0,0,0,0,0,0,0,0,0,0,0,0,0,0,0,0,0,0,0,0,0,0,0,0,0,0,0
1700004,46,7,2,9,30,37,37,1,2,1,0,0,0,0,0,0,1,0,1,0,0,0,2,0,0,0,1,0,0,0,0,0,0,0,0,0,0,0,0,0,0,0,0,0,0,0,0,0,1,0
1700006,254,209,3,20,25,54,48,2,204,0,0,0,0,0,0,0,0,1,1,0,0,5,193,1,5,0,0,0,0,0,0,0,0,0,0,0,0,0,0,0,0,0,0,0,0,0,0,0,0,0
1700007,310,28,6,6,276,31,23,0,16,0,6,0,0,0,0,0,0,0,0,0,0,4,8,4,0,0,0,0,0,6,0,0,0,0,0,0,0,0,0,0,0,0,0,0,0,0,0,0,0,0
1700008,124,61,11,25,38,30,30,1,43,3,0,0,0,3,0,0,0,0,1,0,0,2,38,3,0,0,3,0,0,0,0,0,0,0,0,0,0,0,0,0,2,1,0,0,0,0,0,0,0,0
1700010,8,4,1,4,0,45,32,0,2,0,0,0,0,1,0,0,0,0,0,0,0,1,0,0,1,0,0,0,0,0,0,0,0,0,0,0,0,0,0,0,1,0,0,0,0,0,0,0,0,0
1700011,28,13,13,15,0,36,29,0,0,0,0,0,0,0,0,0,0,0,0,0,0,0,0,0,0,0,0,0,0,0,0,0,0,0,0,0,0,0,0,0,0,0,0,0,0,0,0,0,0,0
1700012,74,25,1,22,27,26,23,0,24,0,0,0,0,0,0,0,0,0,0,0,0,0,24,0,0,0,0,0,0,0,0,0,0,0,0,0,0,0,0,0,0,0,0,0,0,0,0,0,0,0
1700013,63,8,2,29,26,42,42,1,3,2,0,0,0,0,0,0,0,0,0,0,1,0,3,0,0,0,2,0,0,0,0,0,0,0,0,0,0,0,0,0,0,0,0,0,0,0,0,0,0,0
1700014,160,84,10,57,19,18,18,0,74,0,0,0,0,0,0,0,0,0,0,0,0,2,70,2,0,0,0,0,0,0,0,0,0,0,0,0,0,0,0,0,0,0,0,0,0,0,0,0,0,0
1700015,253,80,63,64,109,38,36,2,11,1,1,0,0,0,1,1,0,2,0,0,0,2,5,3,1,1,0,0,0,1,0,0,0,0,0,0,0,0,0,0,0,0,0,0,1,0,1,0,0,0
1700016,355,183,7,31,141,24,24,1,170,2,0,0,0,3,0,0,0,0,1,0,0,40,97,29,4,1,1,0,0,0,0,0,0,0,0,0,0,0,0,1,2,0,0,0,0,0,0,0,0,0
1700017,61,4,4,24,33,19,19,0,0,0,0,0,0,0,0,0,0,0,0,0,0,0,0,0,0,0,0,0,0,0,0,0,0,0,0,0,0,0,0,0,0,0,0,0,0,0,0,0,0,0
1700019,302,40,39,94,168,84,83,0,1,0,0,0,0,0,0,0,0,0,0,0,0,0,0,1,0,0,0,0,0,0,0,0,0,0,0,0,0,0,0,0,0,0,0,0,0,0,0,0,0,0
1700022,11,1,0,10,0,14,14,0,1,0,0,0,0,0,0,0,0,0,0,0,0,0,1,0,0,0,0,0,0,0,0,0,0,0,0,0,0,0,0,0,0,0,0,0,0,0,0,0,0,0
1700025,155,54,18,85,16,32,32,0,31,0,0,0,0,0,4,1,0,0,0,0,0,6,24,1,0,0,0,0,0,0,0,0,0,0,0,0,0,0,0,0,0,0,0,0,2,2,1,0,0,0
1700026,89,82,0,7,0,37,34,0,82,0,0,0,0,0,0,0,0,0,0,0,0,2,79,1,0,0,0,0,0,0,0,0,0,0,0,0,0,0,0,0,0,0,0,0,0,0,0,0,0,0
1700027,280,255,3,7,18,30,29,3,4,245,0,0,0,0,0,0,0,0,0,3,0,1,3,0,0,0,1,244,0,0,0,0,0,0,0,0,0,0,0,0,0,0,0,0,0,0,0,0,0,0
1700028,14,4,2,4,6,26,26,0,2,0,0,0,0,0,0,0,0,0,0,0,0,0,2,0,0,0,0,0,0,0,0,0,0,0,0,0,0,0,0,0,0,0,0,0,0,0,0,0,0,0
1700031,159,111,0,25,23,24,24,1,97,2,0,0,0,7,3,1,0,1,0,0,0,4,67,23,3,0,2,0,0,0,0,0,0,0,0,0,0,0,0,1,4,1,1,1,2,0,1,0,0,0
1700032,2,0,0,2,0,20,20,0,0,0,0,0,0,0,0,0,0,0,0,0,0,0,0,0,0,0,0,0,0,0,0,0,0,0,0,0,0,0,0,0,0,0,0,0,0,0,0,0,0,0
1700034,358,181,19,93,84,53,50,4,150,3,0,0,0,5,0,0,0,1,1,1,1,50,83,16,1,1,1,1,0,0,0,0,0,0,0,0,0,0,0,1,2,2,0,0,0,0,0,0,0,0
1700035,126,41,3,61,24,25,25,0,1,37,0,0,0,0,0,0,0,0,0,0,0,0,0,1,0,1,0,36,0,0,0,0,0,0,0,0,0,0,0,0,0,0,0,0,0,0,0,0,0,0
1700037,33,27,2,2,4,22,22,1,24,0,0,0,0,0,0,0,0,0,1,0,0,0,22,2,0,0,0,0,0,0,0,0,0,0,0,0,0,0,0,0,0,0,0,0,0,0,0,0,0,0
1700038,948,871,13,31,46,43,43,25,57,757,2,0,0,12,2,3,0,5,5,15,0,15,22,14,6,118,39,599,1,2,0,0,0,0,0,0,0,0,0,1,7,3,1,1,1,0,3,0,0,0
1700040,26,0,0,15,11,12,12,0,0,0,0,0,0,0,0,0,0,0,0,0,0,0,0,0,0,0,0,0,0,0,0,0,0,0,0,0,0,0,0,0,0,0,0,0,0,0,0,0,0,0
1700043,155,12,2,62,81,51,51,0,4,5,0,0,0,1,0,0,0,0,0,0,0,0,1,3,0,3,1,1,0,0,0,0,0,0,0,0,0,0,0,1,0,0,0,0,0,0,0,0,0,0
1700048,221,155,11,24,42,34,34,120,19,0,0,0,0,0,2,3,0,5,3,5,107,3,11,4,1,0,0,0,0,0,0,0,0,0,0,0,0,0,0,0,0,0,0,1,1,0,3,0,0,0
1700060,57,27,5,17,13,22,22,0,18,0,1,0,1,0,2,0,0,0,0,0,0,2,14,2,0,0,0,0,0,1,0,0,0,0,0,1,0,0,0,0,0,0,0,0,1,1,0,0,0,0
1700082,214,37,20,18,159,40,40,1,10,0,0,0,1,4,1,0,0,0,1,0,0,2,6,1,1,0,0,0,0,0,0,0,0,0,0,1,0,0,0,1,2,0,1,0,1,0,0,0,0,0
1900001,1036,657,381,215,164,889,889,29,67,93,9,7,1,39,9,14,8,9,9,4,7,14,31,16,6,8,63,20,2,9,0,0,0,7,0,1,0,0,0,11,21,6,1,1,5,3,14,0,8,0
1900004,56,25,12,7,24,71,71,3,8,2,0,0,0,0,0,0,0,0,2,1,0,3,3,1,1,1,1,0,0,0,0,0,0,0,0,0,0,0,0,0,0,0,0,0,0,0,0,0,0,0
1900007,5,4,4,1,0,26,26,0,0,0,0,0,0,0,0,0,0,0,0,0,0,0,0,0,0,0,0,0,0,0,0,0,0,0,0,0,0,0,0,0,0,0,0,0,0,0,0,0,0,0
1900010,8,6,3,2,0,52,52,0,0,1,0,2,0,0,0,0,0,0,0,0,0,0,0,0,0,0,1,0,0,0,0,0,0,2,0,0,0,0,0,0,0,0,0,0,0,0,0,0,0,0
1900013,113,26,24,40,47,58,58,0,0,2,0,0,0,0,0,0,0,0,0,0,0,0,0,0,0,0,2,0,0,0,0,0,0,0,0,0,0,0,0,0,0,0,0,0,0,0,0,0,0,0
1900016,9,5,5,2,2,11,11,0,0,0,0,0,0,0,0,0,0,0,0,0,0,0,0,0,0,0,0,0,0,0,0,0,0,0,0,0,0,0,0,0,0,0,0,0,0,0,0,0,0,0
1900019,9,8,2,1,0,22,22,2,1,0,0,0,0,2,1,0,0,1,0,0,1,1,0,0,0,0,0,0,0,0,0,0,0,0,0,0,0,0,0,2,0,0,0,0,1,0,0,0,0,0
1900022,49,35,29,6,8,83,83,0,2,2,0,0,1,0,0,1,0,0,0,0,0,1,0,0,1,0,0,2,0,0,0,0,0,0,0,1,0,0,0,0,0,0,0,0,0,0,1,0,0,0
1900025,14,14,4,0,0,28,28,1,1,7,1,0,0,0,0,0,0,0,0,1,0,1,0,0,0,0,7,0,0,1,0,0,0,0,0,0,0,0,0,0,0,0,0,0,0,0,0,0,0,0
1900028,32,4,4,11,17,23,23,0,0,0,0,0,0,0,0,0,0,0,0,0,0,0,0,0,0,0,0,0,0,0,0,0,0,0,0,0,0,0,0,0,0,0,0,0,0,0,0,0,0,0
1900031,9,8,2,1,0,13,13,0,0,3,2,0,0,1,0,0,0,0,0,0,0,0,0,0,0,1,0,1,1,2,0,0,0,0,0,0,0,0,0,1,0,0,0,0,0,0,0,0,0,0
1900034,163,48,30,51,64,180,180,3,6,2,2,1,1,1,0,0,2,1,0,2,0,0,5,1,0,1,1,0,0,2,0,0,0,1,0,1,0,0,0,0,0,1,0,0,0,0,0,0,2,0
1900037,10,10,4,0,0,65,65,2,0,1,0,0,1,2,0,0,0,1,1,0,0,0,0,0,0,0,1,0,0,0,0,0,0,0,0,1,0,0,0,1,1,0,0,0,0,0,0,0,0,0
1900040,26,20,16,4,2,46,46,0,2,0,0,0,0,2,0,0,0,0,0,0,0,0,2,0,0,0,0,0,0,0,0,0,0,0,0,0,0,0,0,0,2,0,0,0,0,0,0,0,0,0
1900043,23,0,0,0,23,21,21,0,0,0,0,0,0,0,0,0,0,0,0,0,0,0,0,0,0,0,0,0,0,0,0,0,0,0,0,0,0,0,0,0,0,0,0,0,0,0,0,0,0,0
1900044,143,113,12,11,19,70,70,3,6,87,0,0,1,2,0,1,1,0,2,0,1,1,5,0,0,0,82,5,0,0,0,0,0,0,0,1,0,0,0,0,2,0,0,0,0,0,1,0,1,0
1900046,619,601,2,15,3,26,26,5,14,576,0,0,0,4,0,0,0,0,4,0,1,1,12,0,1,18,553,5,0,0,0,0,0,0,0,0,0,0,0,0,3,1,0,0,0,0,0,0,0,0
1900047,217,185,14,13,19,40,40,2,3,163,0,0,0,3,0,0,0,0,2,0,0,2,1,0,0,6,151,4,2,0,0,0,0,0,0,0,0,0,0,0,3,0,0,0,0,0,0,0,0,0
1900049,583,484,31,42,57,136,136,10,14,413,0,1,2,10,0,2,1,2,6,1,1,4,6,4,0,25,361,27,0,0,0,0,0,1,0,2,0,0,0,4,6,0,0,0,0,0,2,0,1,0
1900050,138,129,6,8,1,17,17,3,5,111,0,0,0,3,1,0,0,0,1,2,0,0,2,1,2,3,104,4,0,0,0,0,0,0,0,0,0,0,0,1,2,0,0,0,1,0,0,0,0,0
1900051,21,14,10,5,2,29,29,0,0,4,0,0,0,0,0,0,0,0,0,0,0,0,0,0,0,0,2,2,0,0,0,0,0,0,0,0,0,0,0,0,0,0,0,0,0,0,0,0,0,0
1900052,5,5,1,0,0,18,18,0,1,1,0,0,2,0,0,0,0,0,0,0,0,0,1,0,0,0,1,0,0,0,0,0,0,0,0,2,0,0,0,0,0,0,0,0,0,0,0,0,0,0
1900055,81,46,40,21,14,68,68,0,2,1,1,0,0,1,0,1,0,0,0,0,0,0,0,0,2,0,1,0,0,1,0,0,0,0,0,0,0,0,0,0,0,0,1,0,0,0,1,0,0,0
1900056,42,27,10,10,5,32,32,11,1,5,0,0,0,0,0,0,0,1,9,1,0,0,0,1,0,1,2,2,0,0,0,0,0,0,0,0,0,0,0,0,0,0,0,0,0,0,0,0,0,0
1900058,76,42,11,18,16,33,33,0,1,30,0,0,0,0,0,0,0,0,0,0,0,1,0,0,0,3,26,1,0,0,0,0,0,0,0,0,0,0,0,0,0,0,0,0,0,0,0,0,0,0
1900061,399,310,97,38,51,332,332,8,21,157,6,10,0,5,6,0,0,1,3,3,1,3,10,3,5,11,89,55,2,6,0,0,0,10,0,0,0,0,0,1,1,2,1,2,3,1,0,0,0,0
1900064,17,15,9,1,1,63,63,1,0,3,1,0,0,0,0,0,1,1,0,0,0,0,0,0,0,2,0,1,0,1,0,0,0,0,0,0,0,0,0,0,0,0,0,0,0,0,0,0,1,0
1900067,7,2,1,3,2,34,34,0,1,0,0,0,0,0,0,0,0,0,0,0,0,1,0,0,0,0,0,0,0,0,0,0,0,0,0,0,0,0,0,0,0,0,0,0,0,0,0,0,0,0
1900070,266,154,41,38,74,87,87,2,3,100,2,0,0,5,0,0,1,0,2,0,0,0,0,3,0,17,55,20,8,2,0,0,0,0,0,0,0,0,0,1,4,0,0,0,0,0,0,0,1,0
1900074,97,17,11,26,54,28,28,0,2,2,0,0,0,0,1,1,0,0,0,0,0,0,1,0,1,0,0,2,0,0,0,0,0,0,0,0,0,0,0,0,0,0,0,1,0,0,1,0,0,0
1900076,28,23,4,2,3,50,50,1,1,16,0,0,0,1,0,0,0,0,1,0,0,0,0,0,1,1,12,3,0,0,0,0,0,0,0,0,0,0,0,1,0,0,0,0,0,0,0,0,0,0
1900079,15,7,4,5,3,42,42,3,0,0,0,0,0,0,0,0,0,0,3,0,0,0,0,0,0,0,0,0,0,0,0,0,0,0,0,0,0,0,0,0,0,0,0,0,0,0,0,0,0,0
1900082,70,54,41,9,7,35,35,0,0,11,0,0,0,1,0,1,0,0,0,0,0,0,0,0,0,1,0,10,0,0,0,0,0,0,0,0,0,0,0,1,0,0,0,0,0,0,1,0,0,0
1900085,25,9,9,6,10,22,22,0,0,0,0,0,0,0,0,0,0,0,0,0,0,0,0,0,0,0,0,0,0,0,0,0,0,0,0,0,0,0,0,0,0,0,0,0,0,0,0,0,0,0
1900088,68,41,22,14,13,54,54,1,0,16,0,0,0,1,1,0,0,0,1,0,0,0,0,0,0,0,3,13,0,0,0,0,0,0,0,0,0,0,0,1,0,0,0,0,0,1,0,0,0,0
1900091,29,19,6,7,3,22,22,1,0,9,0,0,0,2,1,0,0,0,1,0,0,0,0,0,0,2,7,0,0,0,0,0,0,0,0,0,0,0,0,2,0,0,0,0,1,0,0,0,0,0
1900094,30,11,11,9,10,23,23,0,0,0,0,0,0,0,0,0,0,0,0,0,0,0,0,0,0,0,0,0,0,0,0,0,0,0,0,0,0,0,0,0,0,0,0,0,0,0,0,0,0,0
2100001,3316,2263,622,636,417,1233,1233,493,863,54,47,6,14,70,39,40,15,35,33,9,416,107,674,50,32,10,27,7,10,47,0,0,0,6,0,14,0,0,0,17,23,7,23,20,16,3,40,0,15,0
2100008,103,84,7,5,14,36,36,7,67,1,1,0,0,0,0,1,0,0,0,0,7,8,54,4,1,0,1,0,0,1,0,0,0,0,0,0,0,0,0,0,0,0,0,0,0,0,1,0,0,0
2100010,161,96,12,35,30,95,93,54,17,8,0,0,1,2,0,1,1,10,8,2,34,3,12,0,2,3,2,0,3,0,0,0,0,0,0,1,0,0,0,0,2,0,0,0,0,0,1,0,1,0
2100012,100,24,22,53,23,77,75,0,2,0,0,0,0,0,0,0,0,0,0,0,0,0,1,1,0,0,0,0,0,0,0,0,0,0,0,0,0,0,0,0,0,0,0,0,0,0,0,0,0,0
2100013,46,7,2,20,19,30,30,3,0,0,0,0,0,0,0,2,0,0,0,0,3,0,0,0,0,0,0,0,0,0,0,0,0,0,0,0,0,0,0,0,0,0,0,0,0,0,2,0,0,0
2100015,91,1,1,61,29,49,49,0,0,0,0,0,0,0,0,0,0,0,0,0,0,0,0,0,0,0,0,0,0,0,0,0,0,0,0,0,0,0,0,0,0,0,0,0,0,0,0,0,0,0
2100016,1147,791,185,173,183,283,282,40,502,6,39,1,1,10,1,4,2,5,8,1,26,47,423,27,5,0,4,0,2,39,0,0,0,1,0,1,0,0,0,3,2,1,4,1,0,0,4,0,2,0
2100020,58,4,2,39,15,38,38,2,0,0,0,0,0,0,0,0,0,0,1,0,1,0,0,0,0,0,0,0,0,0,0,0,0,0,0,0,0,0,0,0,0,0,0,0,0,0,0,0,0,0
2100025,132,28,5,72,32,162,162,0,11,0,6,1,0,1,1,3,0,0,0,0,0,1,10,0,0,0,0,0,0,6,0,0,0,1,0,0,0,0,0,1,0,0,0,1,0,0,3,0,0,0
2100028,68,36,1,14,18,46,46,1,33,0,0,0,1,0,0,0,0,0,1,0,0,1,30,1,1,0,0,0,0,0,0,0,0,0,0,1,0,0,0,0,0,0,0,0,0,0,0,0,0,0
2100030,167,77,8,41,49,51,51,47,17,0,1,0,0,4,0,0,0,5,1,1,40,5,10,0,2,0,0,0,0,1,0,0,0,0,0,0,0,0,0,3,0,0,1,0,0,0,0,0,0,0
2100031,650,424,66,118,108,176,175,88,253,7,1,1,0,4,0,2,2,7,3,2,76,21,218,4,10,2,1,2,2,1,0,0,0,1,0,0,0,0,0,0,4,0,0,0,0,0,2,0,2,0
2100040,64,11,5,29,24,82,82,0,4,1,1,0,0,0,0,0,0,0,0,0,0,0,4,0,0,0,1,0,0,1,0,0,0,0,0,0,0,0,0,0,0,0,0,0,0,0,0,0,0,0
2100042,64,24,5,20,20,54,54,5,12,0,1,0,0,1,0,0,0,0,0,0,5,3,9,0,0,0,0,0,0,1,0,0,0,0,0,0,0,0,0,0,0,0,1,0,0,0,0,0,0,0
2100046,66,1,1,26,39,32,32,0,0,0,0,0,0,0,0,0,0,0,0,0,0,0,0,0,0,0,0,0,0,0,0,0,0,0,0,0,0,0,0,0,0,0,0,0,0,0,0,0,0,0
2100048,19,1,0,7,11,36,36,0,0,0,0,0,0,1,0,0,0,0,0,0,0,0,0,0,0,0,0,0,0,0,0,0,0,0,0,0,0,0,0,0,1,0,0,0,0,0,0,0,0,0
2100049,97,13,6,67,17,96,93,0,6,0,0,0,0,1,0,0,0,0,0,0,0,1,4,1,0,0,0,0,0,0,0,0,0,0,0,0,0,0,0,1,0,0,0,0,0,0,0,0,0,0
2100052,290,43,40,134,113,132,127,1,1,0,0,0,0,1,0,0,0,0,1,0,0,0,0,1,0,0,0,0,0,0,0,0,0,0,0,0,0,0,0,0,1,0,0,0,0,0,0,0,0,0
2100055,177,66,31,59,52,69,61,0,34,0,0,0,0,0,0,1,0,0,0,0,0,11,19,4,0,0,0,0,0,0,0,0,0,0,0,0,0,0,0,0,0,0,0,0,0,0,1,0,0,0
2100058,40,16,16,24,0,26,25,0,0,0,0,0,0,0,0,0,0,0,0,0,0,0,0,0,0,0,0,0,0,0,0,0,0,0,0,0,0,0,0,0,0,0,0,0,0,0,0,0,0,0
2100060,31,25,2,3,3,43,43,0,21,1,0,0,0,0,1,0,0,0,0,0,0,0,15,6,0,0,1,0,0,0,0,0,0,0,0,0,0,0,0,0,0,0,0,1,0,0,0,0,0,0
2100067,2,2,0,0,0,26,26,2,0,0,0,0,0,0,0,0,0,0,0,0,2,0,0,0,0,0,0,0,0,0,0,0,0,0,0,0,0,0,0,0,0,0,0,0,0,0,0,0,0,0
2100070,60,10,6,30,20,60,60,2,0,0,0,0,0,2,0,0,0,0,0,0,2,0,0,0,0,0,0,0,0,0,0,0,0,0,0,0,0,0,0,0,1,0,1,0,0,0,0,0,0,0
2100073,11,2,1,8,1,32,31,0,1,0,0,0,0,0,0,0,0,0,0,0,0,0,1,0,0,0,0,0,0,0,0,0,0,0,0,0,0,0,0,0,0,0,0,0,0,0,0,0,0,0
2100076,82,28,8,43,11,57,57,0,19,0,0,0,0,0,0,1,0,0,0,0,0,3,12,4,0,0,0,0,0,0,0,0,0,0,0,0,0,0,0,0,0,0,0,0,0,0,1,0,0,0
2100078,9,1,1,3,5,30,29,0,0,0,0,0,0,0,0,0,0,0,0,0,0,0,0,0,0,0,0,0,0,0,0,0,0,0,0,0,0,0,0,0,0,0,0,0,0,0,0,0,0,0
2100079,366,91,24,154,121,66,61,37,2,21,2,2,0,1,1,1,0,12,0,0,25,0,2,0,0,10,0,1,10,2,0,0,0,2,0,0,0,0,0,1,0,0,0,1,0,0,1,0,0,0
2100085,51,6,1,31,14,40,40,1,3,0,0,0,0,1,0,0,0,0,0,0,1,0,3,0,0,0,0,0,0,0,0,0,0,0,0,0,0,0,0,0,0,0,1,0,0,0,0,0,0,0
2100090,88,10,10,42,36,30,30,0,0,0,0,0,0,0,0,0,0,0,0,0,0,0,0,0,0,0,0,0,0,0,0,0,0,0,0,0,0,0,0,0,0,0,0,0,0,0,0,0,0,0
2100095,1043,660,104,190,193,153,152,27,494,8,0,2,0,11,4,10,0,5,4,2,16,77,375,33,9,2,5,1,0,0,0,0,0,2,0,0,0,0,0,2,3,2,4,4,0,0,10,0,0,0
2300001,6399,5848,559,288,263,943,943,4078,285,177,13,13,7,668,22,11,15,270,3555,175,78,45,194,28,18,17,82,71,7,13,0,0,0,13,0,7,0,0,0,74,542,31,21,12,9,1,11,0,15,0
2300004,121,99,12,13,9,26,26,79,0,2,0,0,0,6,0,0,0,8,70,1,0,0,0,0,0,0,2,0,0,0,0,0,0,0,0,0,0,0,0,0,6,0,0,0,0,0,0,0,0,0
2300007,1973,1799,97,83,91,21,21,1425,67,30,1,1,0,160,12,3,3,107,1210,81,27,12,47,6,2,1,27,2,0,1,0,0,0,1,0,0,0,0,0,16,133,10,1,6,3,3,3,0,3,0
2300010,80,62,5,3,15,26,26,51,1,2,0,1,0,1,0,0,1,0,50,1,0,0,1,0,0,0,2,0,0,0,0,0,0,1,0,0,0,0,0,0,1,0,0,0,0,0,0,0,1,0
2300013,78,78,0,0,0,20,20,70,0,0,0,0,0,4,0,4,0,0,70,0,0,0,0,0,0,0,0,0,0,0,0,0,0,0,0,0,0,0,0,0,4,0,0,0,0,0,4,0,0,0
2300016,597,347,49,128,122,94,88,14,190,74,0,0,0,16,1,1,2,4,6,2,2,33,13,21,123,2,3,64,5,0,0,0,0,0,0,0,0,0,0,6,1,8,1,1,0,0,1,0,2,0
2300017,799,768,11,17,14,18,18,700,16,4,2,0,0,35,0,0,0,74,606,15,5,5,10,0,1,0,4,0,0,2,0,0,0,0,0,0,0,0,0,5,27,2,1,0,0,0,0,0,0,0
2300019,130,108,7,9,13,63,63,94,1,1,0,0,0,5,0,0,0,3,89,2,0,0,1,0,0,1,0,0,0,0,0,0,0,0,0,0,0,0,0,1,4,0,0,0,0,0,0,0,0,0
2300022,15,10,0,1,4,25,25,10,0,0,0,0,0,0,0,0,0,0,10,0,0,0,0,0,0,0,0,0,0,0,0,0,0,0,0,0,0,0,0,0,0,0,0,0,0,0,0,0,0,0
2300025,188,170,3,9,9,35,35,153,0,1,0,0,0,12,0,0,1,0,146,7,0,0,0,0,0,1,0,0,0,0,0,0,0,0,0,0,0,0,0,0,9,3,0,0,0,0,0,0,1,0
2300028,942,881,19,17,44,22,22,736,17,11,1,0,0,95,1,0,1,22,647,58,9,3,11,3,0,0,11,0,0,1,0,0,0,0,0,0,0,0,0,8,73,14,0,0,1,0,0,0,1,0
2300031,1798,1651,77,52,95,36,36,1250,99,46,2,2,3,170,0,2,0,51,1106,82,11,16,65,9,9,1,41,4,0,2,0,0,0,2,0,3,0,0,0,11,144,14,1,0,0,0,2,0,0,0
2300034,1997,1849,55,65,83,26,26,1453,20,16,1,0,0,294,6,2,2,106,1272,58,17,2,17,0,1,1,14,0,1,1,0,0,0,0,0,0,0,0,0,22,257,9,6,4,1,1,2,0,2,0
2300037,6909,6298,371,151,460,83,83,2651,94,195,8,5,3,2934,27,5,5,447,1732,313,159,19,43,20,12,12,146,34,3,8,0,0,0,5,0,3,0,0,0,166,2475,215,78,12,9,6,5,0,5,0
2300038,45,24,5,9,12,37,37,9,0,6,0,0,0,4,0,0,0,0,9,0,0,0,0,0,0,1,5,0,0,0,0,0,0,0,0,0,0,0,0,0,3,1,0,0,0,0,0,0,0,0
2300039,1996,1807,165,57,132,27,27,1387,83,89,5,1,4,43,16,5,9,88,1268,22,9,23,54,5,1,9,67,13,0,5,0,0,0,1,0,4,0,0,0,17,23,3,0,8,6,2,5,0,9,0
2300040,520,471,7,14,35,26,26,443,1,12,0,0,0,6,2,0,0,5,437,1,0,0,1,0,0,0,12,0,0,0,0,0,0,0,0,0,0,0,0,1,5,0,0,1,0,1,0,0,0,0
2300041,72,13,7,38,21,62,62,0,3,0,0,0,0,2,1,0,0,0,0,0,0,1,1,1,0,0,0,0,0,0,0,0,0,0,0,0,0,0,0,1,0,0,1,1,0,0,0,0,0,0
2300043,712,669,13,27,16,36,36,590,11,19,0,0,0,32,3,1,0,9,562,13,6,1,10,0,0,1,12,5,1,0,0,0,0,0,0,0,0,0,0,3,29,0,0,1,2,0,1,0,0,0
2300044,160,149,4,5,6,21,21,120,2,5,0,0,0,17,0,0,1,4,115,1,0,0,2,0,0,1,4,0,0,0,0,0,0,0,0,0,0,0,0,2,14,1,0,0,0,0,0,0,1,0
2300046,16,14,0,0,2,39,39,10,0,1,0,0,0,3,0,0,0,0,8,1,1,0,0,0,0,0,0,1,0,0,0,0,0,0,0,0,0,0,0,0,3,0,0,0,0,0,0,0,0,0
2300047,36,1,1,26,9,26,26,0,0,0,0,0,0,0,0,0,0,0,0,0,0,0,0,0,0,0,0,0,0,0,0,0,0,0,0,0,0,0,0,0,0,0,0,0,0,0,0,0,0,0
2300049,427,416,3,6,5,21,21,378,3,3,0,0,0,29,0,0,0,11,355,5,7,1,2,0,0,0,3,0,0,0,0,0,0,0,0,0,0,0,0,3,24,1,1,0,0,0,0,0,0,0
2300052,3475,3186,183,102,187,47,47,2372,22,31,8,2,0,539,8,5,16,1275,893,126,78,7,9,5,1,6,20,5,0,8,0,0,0,2,0,0,0,0,0,118,388,19,14,6,2,0,5,0,16,0
2300055,84,75,2,6,3,37,37,64,1,2,0,0,0,5,0,1,0,4,55,4,1,0,1,0,0,0,2,0,0,0,0,0,0,0,0,0,0,0,0,1,3,1,0,0,0,0,1,0,0,0
2300058,575,536,30,21,18,17,17,401,6,15,0,0,0,82,1,0,1,12,368,21,0,1,4,1,0,0,12,3,0,0,0,0,0,0,0,0,0,0,0,3,71,6,2,0,1,0,0,0,1,0
2300061,729,677,26,20,32,25,25,555,10,8,2,1,0,69,5,1,0,19,511,16,9,0,9,1,0,0,5,2,1,2,0,0,0,1,0,0,0,0,0,5,54,6,4,2,3,0,1,0,0,0
2300064,164,160,7,2,2,26,26,109,2,34,0,0,0,8,0,0,0,1,105,3,0,1,1,0,0,0,34,0,0,0,0,0,0,0,0,0,0,0,0,0,6,2,0,0,0,0,0,0,0,0
2300067,7180,6415,391,270,495,307,307,4865,130,104,7,9,2,867,21,7,12,337,3999,453,76,25,89,13,3,19,64,19,2,7,0,0,0,9,0,2,0,0,0,111,652,85,19,10,9,2,7,0,12,0
2300073,68,58,9,7,3,48,47,36,2,4,1,0,0,4,1,0,1,2,31,3,0,1,1,0,0,0,4,0,0,1,0,0,0,0,0,0,0,0,0,1,3,0,0,0,1,0,0,0,1,0
2300076,15,15,0,0,0,32,32,14,0,1,0,0,0,0,0,0,0,0,12,2,0,0,0,0,0,0,1,0,0,0,0,0,0,0,0,0,0,0,0,0,0,0,0,0,0,0,0,0,0,0
2300077,2,2,0,0,0,14,14,0,0,0,0,0,0,2,0,0,0,0,0,0,0,0,0,0,0,0,0,0,0,0,0,0,0,0,0,0,0,0,0,0,2,0,0,0,0,0,0,0,0,0
2300078,83,6,5,61,16,20,20,0,1,0,0,0,0,0,0,0,0,0,0,0,0,0,1,0,0,0,0,0,0,0,0,0,0,0,0,0,0,0,0,0,0,0,0,0,0,0,0,0,0,0
2300079,335,277,18,35,23,82,82,114,5,8,0,0,0,127,2,2,1,4,107,3,0,2,3,0,0,0,6,2,0,0,0,0,0,0,0,0,0,0,0,5,110,12,0,1,1,0,2,0,1,0
2300080,1749,1605,97,45,99,31,31,1387,27,53,2,1,2,27,6,2,1,25,1313,43,6,4,16,6,1,6,42,5,0,2,0,0,0,1,0,2,0,0,0,8,14,4,1,2,4,0,2,0,1,0
2300082,41,33,2,8,0,30,30,23,4,4,0,0,0,0,0,0,0,0,23,0,0,0,4,0,0,0,4,0,0,0,0,0,0,0,0,0,0,0,0,0,0,0,0,0,0,0,0,0,0,0
2300085,84,76,4,4,4,27,27,69,1,0,0,0,0,1,0,0,1,2,65,2,0,1,0,0,0,0,0,0,0,0,0,0,0,0,0,0,0,0,0,0,1,0,0,0,0,0,0,0,1,0
2300088,15,5,3,3,7,32,32,1,0,0,0,0,0,1,0,0,0,0,1,0,0,0,0,0,0,0,0,0,0,0,0,0,0,0,0,0,0,0,0,0,1,0,0,0,0,0,0,0,0,0
2300091,711,649,51,24,38,23,23,501,32,6,1,0,0,53,2,2,1,54,393,35,19,7,20,3,2,1,5,0,0,1,0,0,0,0,0,0,0,0,0,9,35,6,3,0,2,0,2,0,1,0
2300094,47,2,2,35,10,27,27,0,0,0,0,0,0,0,0,0,0,0,0,0,0,0,0,0,0,0,0,0,0,0,0,0,0,0,0,0,0,0,0,0,0,0,0,0,0,0,0,0,0,0
2300095,146,65,12,74,7,55,55,2,45,1,0,0,1,2,1,1,0,1,0,0,1,14,3,3,25,0,1,0,0,0,0,0,0,0,0,1,0,0,0,0,0,1,1,0,0,1,1,0,0,0
2300096,46,45,2,1,0,17,17,35,1,4,0,0,0,3,0,0,0,2,32,1,0,0,0,1,0,0,4,0,0,0,0,0,0,0,0,0,0,0,0,0,3,0,0,0,0,0,0,0,0,0
2300097,56,55,1,1,0,20,20,45,0,1,0,0,0,8,0,0,0,0,44,1,0,0,0,0,0,0,1,0,0,0,0,0,0,0,0,0,0,0,0,1,5,1,1,0,0,0,0,0,0,0
2300098,1582,1414,102,63,105,41,41,1123,46,84,5,1,1,33,11,4,4,40,1052,16,15,4,23,12,7,13,61,5,5,5,0,0,0,1,0,1,0,0,0,4,21,6,2,2,5,4,4,0,4,0
2300100,2298,2168,33,63,67,37,37,1860,48,29,1,1,0,187,6,1,2,35,1769,51,5,2,41,5,0,3,23,3,0,1,0,0,0,1,0,0,0,0,0,31,136,18,2,0,6,0,1,0,2,0
2300101,210,204,1,3,3,16,16,188,1,3,0,0,0,10,0,0,1,16,168,4,0,0,1,0,0,0,2,1,0,0,0,0,0,0,0,0,0,0,0,0,10,0,0,0,0,0,0,0,1,0
2300103,376,357,5,5,14,25,25,292,0,4,0,1,0,55,0,0,0,8,274,8,2,0,0,0,0,0,4,0,0,0,0,0,0,1,0,0,0,0,0,0,54,1,0,0,0,0,0,0,0,0
2300106,876,828,28,29,19,47,47,596,27,13,0,1,2,156,2,1,2,23,363,194,16,3,21,2,1,1,8,4,0,0,0,0,0,1,0,2,0,0,0,10,115,29,2,0,2,0,1,0,2,0
2300109,2078,1850,83,73,155,65,65,667,643,335,1,2,4,85,12,10,8,49,585,19,14,86,461,35,61,8,297,27,3,1,0,0,0,2,0,4,0,0,0,23,50,8,4,2,8,2,10,0,8,0
2300112,75,4,3,63,8,39,37,0,0,0,0,0,0,1,0,0,0,0,0,0,0,0,0,0,0,0,0,0,0,0,0,0,0,0,0,0,0,0,0,0,0,1,0,0,0,0,0,0,0,0
2300115,962,911,13,27,24,84,84,543,14,301,2,1,0,35,0,1,1,15,518,9,1,1,10,3,0,3,255,41,2,2,0,0,0,1,0,0,0,0,0,6,27,2,0,0,0,0,1,0,1,0
2300118,59,56,2,1,2,55,55,44,0,1,0,0,0,9,0,0,0,0,43,1,0,0,0,0,0,1,0,0,0,0,0,0,0,0,0,0,0,0,0,4,5,0,0,0,0,0,0,0,0,0
2300120,132,129,4,1,2,21,21,108,1,5,0,0,0,11,0,0,0,1,107,0,0,0,1,0,0,0,5,0,0,0,0,0,0,0,0,0,0,0,0,0,11,0,0,0,0,0,0,0,0,0
2300121,54,52,0,0,2,42,42,22,1,5,0,0,1,19,0,4,0,0,22,0,0,1,0,0,0,0,4,0,1,0,0,0,0,0,0,1,0,0,0,0,19,0,0,0,0,0,4,0,0,0
2300123,13,11,1,1,1,20,20,7,2,0,0,0,0,1,0,0,0,0,5,2,0,0,1,1,0,0,0,0,0,0,0,0,0,0,0,0,0,0,0,0,0,1,0,0,0,0,0,0,0,0
2300124,18,6,0,12,0,42,42,5,0,0,0,0,0,1,0,0,0,0,5,0,0,0,0,0,0,0,0,0,0,0,0,0,0,0,0,0,0,0,0,0,1,0,0,0,0,0,0,0,0,0
2300125,18,4,0,14,0,30,29,0,2,2,0,0,0,0,0,0,0,0,0,0,0,1,1,0,0,1,1,0,0,0,0,0,0,0,0,0,0,0,0,0,0,0,0,0,0,0,0,0,0,0
2300127,1461,1379,16,40,42,28,27,1245,9,55,2,0,0,48,2,0,2,28,1177,28,12,0,8,0,1,6,49,0,0,2,0,0,0,0,0,0,0,0,0,5,40,0,3,0,2,0,0,0,2,0
2300130,370,337,7,14,19,19,19,282,4,7,0,0,0,35,2,0,0,7,266,5,4,0,3,0,1,1,6,0,0,0,0,0,0,0,0,0,0,0,0,1,32,2,0,0,2,0,0,0,0,0
2300133,13,9,1,2,2,45,45,6,1,0,0,0,0,1,0,0,0,0,6,0,0,0,1,0,0,0,0,0,0,0,0,0,0,0,0,0,0,0,0,0,1,0,0,0,0,0,0,0,0,0
2300136,887,822,22,24,41,37,37,694,21,15,0,0,0,64,2,1,3,14,660,19,1,1,17,2,1,0,12,3,0,0,0,0,0,0,0,0,0,0,0,10,46,8,0,1,0,1,1,0,3,0
2300139,2277,1401,245,337,539,525,503,47,909,95,24,3,6,39,19,8,6,12,22,5,8,107,114,36,652,29,17,48,1,24,0,0,0,3,0,6,0,0,0,9,21,5,4,5,11,3,8,0,6,0
2300142,4239,3896,148,185,158,120,120,3216,98,170,2,3,2,244,12,0,1,114,2912,133,57,5,83,5,5,5,158,5,2,2,0,0,0,3,0,2,0,0,0,23,198,17,6,7,4,1,0,0,1,0
2300145,325,307,7,12,6,30,30,217,1,24,0,0,0,58,0,0,0,4,207,5,1,0,1,0,0,0,23,1,0,0,0,0,0,0,0,0,0,0,0,7,43,5,3,0,0,0,0,0,0,0
2400001,1691,898,528,392,401,1378,1377,29,85,98,14,3,8,99,14,17,3,4,15,2,8,19,46,8,12,9,71,14,4,14,0,0,0,3,0,8,0,0,0,8,21,67,3,5,7,2,17,0,3,0
2400008,6,3,0,1,2,35,35,0,2,0,0,0,0,1,0,0,0,0,0,0,0,0,1,1,0,0,0,0,0,0,0,0,0,0,0,0,0,0,0,1,0,0,0,0,0,0,0,0,0,0
2400013,57,18,18,29,10,20,20,0,0,0,0,0,0,0,0,0,0,0,0,0,0,0,0,0,0,0,0,0,0,0,0,0,0,0,0,0,0,0,0,0,0,0,0,0,0,0,0,0,0,0
2400021,48,21,8,4,23,72,72,0,9,1,0,0,0,3,0,0,0,0,0,0,0,2,7,0,0,1,0,0,0,0,0,0,0,0,0,0,0,0,0,0,0,3,0,0,0,0,0,0,0,0
2400025,738,410,239,164,164,547,547,16,85,17,3,0,0,40,5,2,3,0,7,5,4,15,57,8,5,2,9,3,3,3,0,0,0,0,0,0,0,0,0,5,6,28,1,3,1,1,2,0,3,0
2400029,258,213,17,22,23,34,34,1,172,6,0,0,0,15,0,2,0,0,1,0,0,6,139,21,6,0,6,0,0,0,0,0,0,0,0,0,0,0,0,3,9,3,0,0,0,0,2,0,0,0
2400038,21,1,0,6,14,22,22,0,1,0,0,0,0,0,0,0,0,0,0,0,0,0,1,0,0,0,0,0,0,0,0,0,0,0,0,0,0,0,0,0,0,0,0,0,0,0,0,0,0,0
2400046,110,37,18,25,48,98,98,0,17,0,0,0,0,2,0,0,0,0,0,0,0,1,15,0,1,0,0,0,0,0,0,0,0,0,0,0,0,0,0,1,0,1,0,0,0,0,0,0,0,0
2400054,101,84,7,7,10,51,51,1,74,0,0,1,0,1,0,0,0,0,1,0,0,4,64,1,5,0,0,0,0,0,0,0,0,1,0,0,0,0,0,0,1,0,0,0,0,0,0,0,0,0
2400062,1617,1364,27,96,157,41,41,4,1277,12,1,0,0,36,6,1,0,0,2,1,1,119,1071,52,35,2,10,0,0,1,0,0,0,0,0,0,0,0,0,7,18,9,2,3,1,2,1,0,0,0
2400070,1358,1066,22,81,211,38,38,13,963,15,1,0,0,46,3,3,0,0,7,1,5,50,718,67,128,1,6,4,4,1,0,0,0,0,0,0,0,0,0,17,16,5,8,1,2,0,3,0,0,0
2400078,1611,1438,27,103,70,68,68,20,930,325,0,0,0,132,4,0,0,3,12,2,3,73,794,56,7,21,290,11,3,0,0,0,0,0,0,0,0,0,0,11,13,102,6,2,2,0,0,0,0,0
2400086,448,200,150,123,125,199,199,3,23,4,0,0,0,13,0,7,0,0,0,3,0,3,15,4,1,0,2,1,1,0,0,0,0,0,0,0,0,0,0,2,4,7,0,0,0,0,7,0,0,0
2400094,11,7,3,0,4,39,39,0,2,0,0,0,0,2,0,0,0,0,0,0,0,1,0,0,1,0,0,0,0,0,0,0,0,0,0,0,0,0,0,1,0,1,0,0,0,0,0,0,0,0
2500001,1542,642,490,573,327,1995,1985,36,39,22,3,4,3,22,7,12,4,2,1,4,29,9,24,4,2,3,14,3,2,3,0,0,0,4,0,3,0,0,0,5,14,0,3,4,3,0,12,0,4,0
2500004,48,14,12,17,17,89,89,1,0,0,0,0,1,0,0,0,0,0,1,0,0,0,0,0,0,0,0,0,0,0,0,0,0,0,0,1,0,0,0,0,0,0,0,0,0,0,0,0,0,0
2500007,21,1,1,8,12,26,26,0,0,0,0,0,0,0,0,0,0,0,0,0,0,0,0,0,0,0,0,0,0,0,0,0,0,0,0,0,0,0,0,0,0,0,0,0,0,0,0,0,0,0
2500010,0,0,0,0,0,29,29,0,0,0,0,0,0,0,0,0,0,0,0,0,0,0,0,0,0,0,0,0,0,0,0,0,0,0,0,0,0,0,0,0,0,0,0,0,0,0,0,0,0,0
2500013,0,0,0,0,0,15,15,0,0,0,0,0,0,0,0,0,0,0,0,0,0,0,0,0,0,0,0,0,0,0,0,0,0,0,0,0,0,0,0,0,0,0,0,0,0,0,0,0,0,0
2500016,28,2,2,6,20,9,9,0,0,0,0,0,0,0,0,0,0,0,0,0,0,0,0,0,0,0,0,0,0,0,0,0,0,0,0,0,0,0,0,0,0,0,0,0,0,0,0,0,0,0
2500019,18,0,0,10,8,27,27,0,0,0,0,0,0,0,0,0,0,0,0,0,0,0,0,0,0,0,0,0,0,0,0,0,0,0,0,0,0,0,0,0,0,0,0,0,0,0,0,0,0,0
2500022,48,26,3,13,9,57,57,1,21,0,0,0,0,1,0,0,0,0,0,0,1,4,17,0,0,0,0,0,0,0,0,0,0,0,0,0,0,0,0,0,0,0,1,0,0,0,0,0,0,0
2500025,1,1,0,0,0,23,23,0,1,0,0,0,0,0,0,0,0,0,0,0,0,0,1,0,0,0,0,0,0,0,0,0,0,0,0,0,0,0,0,0,0,0,0,0,0,0,0,0,0,0
2500028,39,30,23,5,4,50,50,5,1,0,1,0,0,0,0,0,0,0,5,0,0,0,0,0,1,0,0,0,0,1,0,0,0,0,0,0,0,0,0,0,0,0,0,0,0,0,0,0,0,0
2500031,13,7,6,5,1,32,32,1,0,0,0,0,0,0,0,0,0,0,0,0,1,0,0,0,0,0,0,0,0,0,0,0,0,0,0,0,0,0,0,0,0,0,0,0,0,0,0,0,0,0
2500034,0,0,0,0,0,23,23,0,0,0,0,0,0,0,0,0,0,0,0,0,0,0,0,0,0,0,0,0,0,0,0,0,0,0,0,0,0,0,0,0,0,0,0,0,0,0,0,0,0,0
2500036,41,12,5,7,22,54,54,1,5,0,0,0,0,0,0,0,1,0,0,1,0,0,4,1,0,0,0,0,0,0,0,0,0,0,0,0,0,0,0,0,0,0,0,0,0,0,0,0,1,0
2500037,76,49,6,14,13,46,46,12,30,0,1,0,0,0,0,0,0,0,5,0,7,10,18,1,1,0,0,0,0,1,0,0,0,0,0,0,0,0,0,0,0,0,0,0,0,0,0,0,0,0
2500038,121,27,20,46,48,79,77,0,0,0,0,0,0,6,0,1,0,0,0,0,0,0,0,0,0,0,0,0,0,0,0,0,0,0,0,0,0,0,0,0,6,0,0,0,0,0,1,0,0,0
2500040,0,0,0,0,0,19,19,0,0,0,0,0,0,0,0,0,0,0,0,0,0,0,0,0,0,0,0,0,0,0,0,0,0,0,0,0,0,0,0,0,0,0,0,0,0,0,0,0,0,0
2500043,12,3,3,3,6,27,27,0,0,0,0,0,0,0,0,0,0,0,0,0,0,0,0,0,0,0,0,0,0,0,0,0,0,0,0,0,0,0,0,0,0,0,0,0,0,0,0,0,0,0
2500046,0,0,0,0,0,17,17,0,0,0,0,0,0,0,0,0,0,0,0,0,0,0,0,0,0,0,0,0,0,0,0,0,0,0,0,0,0,0,0,0,0,0,0,0,0,0,0,0,0,0
2500049,20,3,2,7,10,19,19,1,0,0,0,0,0,0,0,0,0,0,0,0,1,0,0,0,0,0,0,0,0,0,0,0,0,0,0,0,0,0,0,0,0,0,0,0,0,0,0,0,0,0
2500051,1,1,0,0,0,35,35,0,0,1,0,0,0,0,0,0,0,0,0,0,0,0,0,0,0,0,1,0,0,0,0,0,0,0,0,0,0,0,0,0,0,0,0,0,0,0,0,0,0,0
2500052,55,3,3,25,27,23,23,0,0,0,0,0,0,0,0,0,0,0,0,0,0,0,0,0,0,0,0,0,0,0,0,0,0,0,0,0,0,0,0,0,0,0,0,0,0,0,0,0,0,0
2500054,588,516,64,59,13,259,259,374,62,3,0,1,0,5,1,5,1,12,10,2,350,4,53,3,2,0,1,0,2,0,0,0,0,1,0,0,0,0,0,1,0,0,4,0,0,1,5,0,1,0
2500055,0,0,0,0,0,12,12,0,0,0,0,0,0,0,0,0,0,0,0,0,0,0,0,0,0,0,0,0,0,0,0,0,0,0,0,0,0,0,0,0,0,0,0,0,0,0,0,0,0,0
2500058,0,0,0,0,0,11,11,0,0,0,0,0,0,0,0,0,0,0,0,0,0,0,0,0,0,0,0,0,0,0,0,0,0,0,0,0,0,0,0,0,0,0,0,0,0,0,0,0,0,0
2500061,267,77,66,89,101,285,285,1,5,1,1,0,0,3,0,0,0,0,1,0,0,0,3,2,0,0,1,0,0,1,0,0,0,0,0,0,0,0,0,0,2,1,0,0,0,0,0,0,0,0
2500064,133,88,39,28,17,155,155,1,31,2,2,2,1,5,2,2,1,0,0,0,1,2,27,2,0,1,0,1,0,2,0,0,0,2,0,1,0,0,0,1,2,0,2,1,1,0,2,0,1,0
2500067,0,0,0,0,0,14,14,0,0,0,0,0,0,0,0,0,0,0,0,0,0,0,0,0,0,0,0,0,0,0,0,0,0,0,0,0,0,0,0,0,0,0,0,0,0,0,0,0,0,0
2500069,27,3,3,12,12,64,64,0,0,0,0,0,0,0,0,0,0,0,0,0,0,0,0,0,0,0,0,0,0,0,0,0,0,0,0,0,0,0,0,0,0,0,0,0,0,0,0,0,0,0
2500070,29,1,1,14,14,32,32,0,0,0,0,0,0,0,0,0,0,0,0,0,0,0,0,0,0,0,0,0,0,0,0,0,0,0,0,0,0,0,0,0,0,0,0,0,0,0,0,0,0,0
2500073,6,2,1,2,2,34,34,0,1,0,0,0,0,0,0,0,0,0,0,0,0,0,0,1,0,0,0,0,0,0,0,0,0,0,0,0,0,0,0,0,0,0,0,0,0,0,0,0,0,0
2500076,6,1,1,4,1,33,33,0,0,0,0,0,0,0,0,0,0,0,0,0,0,0,0,0,0,0,0,0,0,0,0,0,0,0,0,0,0,0,0,0,0,0,0,0,0,0,0,0,0,0
2500079,41,8,8,25,8,32,31,0,0,0,0,0,0,0,0,0,0,0,0,0,0,0,0,0,0,0,0,0,0,0,0,0,0,0,0,0,0,0,0,0,0,0,0,0,0,0,0,0,0,0
2500082,0,0,0,0,0,17,17,0,0,0,0,0,0,0,0,0,0,0,0,0,0,0,0,0,0,0,0,0,0,0,0,0,0,0,0,0,0,0,0,0,0,0,0,0,0,0,0,0,0,0
2500085,13,11,10,1,1,75,75,0,0,0,0,0,0,0,0,0,1,0,0,0,0,0,0,0,0,0,0,0,0,0,0,0,0,0,0,0,0,0,0,0,0,0,0,0,0,0,0,0,1,0
2500088,25,3,3,20,2,16,16,0,0,0,0,0,0,0,0,0,0,0,0,0,0,0,0,0,0,0,0,0,0,0,0,0,0,0,0,0,0,0,0,0,0,0,0,0,0,0,0,0,0,0
2500091,240,91,33,31,118,40,40,1,53,1,0,1,0,0,1,0,1,0,1,0,0,16,20,10,7,0,1,0,0,0,0,0,0,1,0,0,0,0,0,0,0,0,0,0,0,1,0,0,1,0
2500093,214,85,38,44,85,144,144,4,23,1,0,1,0,5,3,2,8,0,3,0,1,4,10,2,7,1,0,0,0,0,0,0,0,1,0,0,0,0,0,0,4,1,0,0,2,1,2,0,8,0
2500094,61,40,10,9,12,45,45,0,24,1,0,0,0,5,0,0,0,0,0,0,0,16,0,3,5,0,1,0,0,0,0,0,0,0,0,0,0,0,0,3,0,1,1,0,0,0,0,0,0,0
2500097,0,0,0,0,0,14,14,0,0,0,0,0,0,0,0,0,0,0,0,0,0,0,0,0,0,0,0,0,0,0,0,0,0,0,0,0,0,0,0,0,0,0,0,0,0,0,0,0,0,0
2500100,157,63,40,65,29,336,336,12,4,0,2,1,0,1,1,0,2,11,0,0,1,1,2,0,1,0,0,0,0,2,0,0,0,1,0,0,0,0,0,0,1,0,0,0,1,0,0,0,2,0
2600001,1167,725,467,238,204,845,845,71,81,19,4,7,4,47,6,11,8,8,47,4,12,14,42,8,17,4,5,8,2,4,0,0,0,7,0,4,0,0,0,12,6,24,5,2,3,1,11,0,8,0
2600005,35,16,10,10,9,9,9,0,6,0,0,0,0,0,0,0,0,0,0,0,0,0,0,2,4,0,0,0,0,0,0,0,0,0,0,0,0,0,0,0,0,0,0,0,0,0,0,0,0,0
2600010,149,94,34,21,34,191,191,23,28,5,1,0,0,1,0,2,0,2,20,0,1,5,17,2,4,0,4,1,0,1,0,0,0,0,0,0,0,0,0,0,1,0,0,0,0,0,2,0,0,0
2600020,77,31,27,22,24,79,79,0,0,1,0,0,0,3,0,0,0,0,0,0,0,0,0,0,0,0,1,0,0,0,0,0,0,0,0,0,0,0,0,0,1,2,0,0,0,0,0,0,0,0
2600025,28,19,0,1,8,17,17,1,18,0,0,0,0,0,0,0,0,0,1,0,0,0,16,1,1,0,0,0,0,0,0,0,0,0,0,0,0,0,0,0,0,0,0,0,0,0,0,0,0,0
2600030,39,21,17,9,9,35,35,1,0,3,0,0,0,0,0,0,0,0,1,0,0,0,0,0,0,0,3,0,0,0,0,0,0,0,0,0,0,0,0,0,0,0,0,0,0,0,0,0,0,0
2600040,23,7,1,5,11,24,24,0,5,0,0,1,0,0,0,0,0,0,0,0,0,1,0,0,4,0,0,0,0,0,0,0,0,1,0,0,0,0,0,0,0,0,0,0,0,0,0,0,0,0
2600050,86,47,26,21,18,94,94,8,6,3,0,1,0,0,0,3,0,0,7,1,0,1,4,1,0,1,1,1,0,0,0,0,0,1,0,0,0,0,0,0,0,0,0,0,0,0,3,0,0,0
2600060,188,91,24,39,58,110,110,2,55,0,1,0,5,1,1,2,0,0,2,0,0,5,46,4,0,0,0,0,0,1,0,0,0,0,0,5,0,0,0,0,0,1,0,0,1,0,2,0,0,0
2600070,31,28,0,0,3,19,19,11,17,0,0,0,0,0,0,0,0,0,5,4,2,11,2,3,1,0,0,0,0,0,0,0,0,0,0,0,0,0,0,0,0,0,0,0,0,0,0,0,0,0
2600080,65,19,14,18,28,91,91,2,0,0,1,0,0,2,0,0,0,0,1,0,1,0,0,0,0,0,0,0,0,1,0,0,0,0,0,0,0,0,0,0,1,1,0,0,0,0,0,0,0,0
2600090,24,3,1,7,14,21,21,0,0,0,0,0,0,2,0,0,0,0,0,0,0,0,0,0,0,0,0,0,0,0,0,0,0,0,0,0,0,0,0,1,1,0,0,0,0,0,0,0,0,0
2700001,1493,1083,489,249,161,1621,1621,223,237,21,20,11,1,52,4,20,5,16,14,8,185,21,188,10,18,4,11,3,3,20,0,0,0,11,0,1,0,0,0,7,25,16,4,2,2,0,20,0,5,0
2700004,0,0,0,0,0,5,5,0,0,0,0,0,0,0,0,0,0,0,0,0,0,0,0,0,0,0,0,0,0,0,0,0,0,0,0,0,0,0,0,0,0,0,0,0,0,0,0,0,0,0
2700007,1,1,1,0,0,15,15,0,0,0,0,0,0,0,0,0,0,0,0,0,0,0,0,0,0,0,0,0,0,0,0,0,0,0,0,0,0,0,0,0,0,0,0,0,0,0,0,0,0,0
2700010,35,6,6,13,16,22,22,0,0,0,0,0,0,0,0,0,0,0,0,0,0,0,0,0,0,0,0,0,0,0,0,0,0,0,0,0,0,0,0,0,0,0,0,0,0,0,0,0,0,0
2700013,63,22,15,22,19,86,86,5,0,0,0,0,0,1,0,1,0,0,0,0,5,0,0,0,0,0,0,0,0,0,0,0,0,0,0,0,0,0,0,0,0,0,1,0,0,0,1,0,0,0
2700016,3,3,0,0,0,24,24,0,2,1,0,0,0,0,0,0,0,0,0,0,0,0,2,0,0,0,1,0,0,0,0,0,0,0,0,0,0,0,0,0,0,0,0,0,0,0,0,0,0,0
2700019,1330,880,389,257,193,595,595,34,308,11,6,72,2,29,16,9,4,6,6,6,16,31,248,25,4,1,7,2,1,6,0,0,0,72,0,2,0,0,0,14,9,2,4,8,4,4,9,0,4,0
2700022,9,3,3,5,1,16,16,0,0,0,0,0,0,0,0,0,0,0,0,0,0,0,0,0,0,0,0,0,0,0,0,0,0,0,0,0,0,0,0,0,0,0,0,0,0,0,0,0,0,0
2700025,5,1,0,0,4,35,35,0,1,0,0,0,0,0,0,0,0,0,0,0,0,0,1,0,0,0,0,0,0,0,0,0,0,0,0,0,0,0,0,0,0,0,0,0,0,0,0,0,0,0
2700028,0,0,0,0,0,6,6,0,0,0,0,0,0,0,0,0,0,0,0,0,0,0,0,0,0,0,0,0,0,0,0,0,0,0,0,0,0,0,0,0,0,0,0,0,0,0,0,0,0,0
2700031,6,6,0,0,0,6,6,4,1,0,0,0,0,1,0,0,0,0,0,0,4,0,0,0,1,0,0,0,0,0,0,0,0,0,0,0,0,0,0,0,0,0,1,0,0,0,0,0,0,0
2700034,0,0,0,0,0,16,16,0,0,0,0,0,0,0,0,0,0,0,0,0,0,0,0,0,0,0,0,0,0,0,0,0,0,0,0,0,0,0,0,0,0,0,0,0,0,0,0,0,0,0
2700037,16,5,0,4,7,16,16,5,0,0,0,0,0,0,0,0,0,0,0,0,5,0,0,0,0,0,0,0,0,0,0,0,0,0,0,0,0,0,0,0,0,0,0,0,0,0,0,0,0,0
2700040,0,0,0,0,0,11,11,0,0,0,0,0,0,0,0,0,0,0,0,0,0,0,0,0,0,0,0,0,0,0,0,0,0,0,0,0,0,0,0,0,0,0,0,0,0,0,0,0,0,0
2700043,37,34,0,1,2,20,20,0,33,0,0,0,0,1,0,0,0,0,0,0,0,20,2,2,9,0,0,0,0,0,0,0,0,0,0,0,0,0,0,1,0,0,0,0,0,0,0,0,0,0
2700045,108,34,20,31,43,98,98,3,10,0,1,0,0,0,0,0,0,0,0,0,3,1,7,1,1,0,0,0,0,1,0,0,0,0,0,0,0,0,0,0,0,0,0,0,0,0,0,0,0,0
2700046,11,9,0,1,1,20,20,0,9,0,0,0,0,0,0,0,0,0,0,0,0,6,0,0,3,0,0,0,0,0,0,0,0,0,0,0,0,0,0,0,0,0,0,0,0,0,0,0,0,0
2700049,0,0,0,0,0,10,10,0,0,0,0,0,0,0,0,0,0,0,0,0,0,0,0,0,0,0,0,0,0,0,0,0,0,0,0,0,0,0,0,0,0,0,0,0,0,0,0,0,0,0
2700052,0,0,0,0,0,10,10,0,0,0,0,0,0,0,0,0,0,0,0,0,0,0,0,0,0,0,0,0,0,0,0,0,0,0,0,0,0,0,0,0,0,0,0,0,0,0,0,0,0,0
2700055,1,1,0,0,0,14,14,0,0,0,0,0,0,1,0,0,0,0,0,0,0,0,0,0,0,0,0,0,0,0,0,0,0,0,0,0,0,0,0,0,0,1,0,0,0,0,0,0,0,0
2700058,10,10,1,0,0,36,36,6,0,3,0,0,0,0,0,0,0,1,0,1,4,0,0,0,0,0,1,0,2,0,0,0,0,0,0,0,0,0,0,0,0,0,0,0,0,0,0,0,0,0
2700061,3,3,0,0,0,34,34,1,2,0,0,0,0,0,0,0,0,1,0,0,0,0,2,0,0,0,0,0,0,0,0,0,0,0,0,0,0,0,0,0,0,0,0,0,0,0,0,0,0,0
2700064,7,1,1,2,4,13,12,0,0,0,0,0,0,0,0,0,0,0,0,0,0,0,0,0,0,0,0,0,0,0,0,0,0,0,0,0,0,0,0,0,0,0,0,0,0,0,0,0,0,0
2700067,9,9,0,0,0,9,9,9,0,0,0,0,0,0,0,0,0,1,0,0,8,0,0,0,0,0,0,0,0,0,0,0,0,0,0,0,0,0,0,0,0,0,0,0,0,0,0,0,0,0
2700070,21,1,1,11,9,14,14,0,0,0,0,0,0,0,0,0,0,0,0,0,0,0,0,0,0,0,0,0,0,0,0,0,0,0,0,0,0,0,0,0,0,0,0,0,0,0,0,0,0,0
2700071,12,6,5,2,4,44,44,0,0,0,0,0,1,0,0,0,0,0,0,0,0,0,0,0,0,0,0,0,0,0,0,0,0,0,0,1,0,0,0,0,0,0,0,0,0,0,0,0,0,0
2700073,1,1,0,0,0,6,6,1,0,0,0,0,0,0,0,0,0,0,0,0,1,0,0,0,0,0,0,0,0,0,0,0,0,0,0,0,0,0,0,0,0,0,0,0,0,0,0,0,0,0
2700074,1,1,0,0,0,46,46,0,1,0,0,0,0,0,0,0,0,0,0,0,0,1,0,0,0,0,0,0,0,0,0,0,0,0,0,0,0,0,0,0,0,0,0,0,0,0,0,0,0,0
2700075,29,7,0,4,18,17,17,7,0,0,0,0,0,0,0,0,0,0,0,1,6,0,0,0,0,0,0,0,0,0,0,0,0,0,0,0,0,0,0,0,0,0,0,0,0,0,0,0,0,0
2700076,0,0,0,0,0,8,8,0,0,0,0,0,0,0,0,0,0,0,0,0,0,0,0,0,0,0,0,0,0,0,0,0,0,0,0,0,0,0,0,0,0,0,0,0,0,0,0,0,0,0
2700079,0,0,0,0,0,16,16,0,0,0,0,0,0,0,0,0,0,0,0,0,0,0,0,0,0,0,0,0,0,0,0,0,0,0,0,0,0,0,0,0,0,0,0,0,0,0,0,0,0,0
2700080,0,0,0,0,0,22,22,0,0,0,0,0,0,0,0,0,0,0,0,0,0,0,0,0,0,0,0,0,0,0,0,0,0,0,0,0,0,0,0,0,0,0,0,0,0,0,0,0,0,0
2700082,692,510,227,114,68,682,682,90,124,14,12,1,0,32,2,3,5,5,11,2,72,4,106,11,3,3,6,2,3,12,0,0,0,1,0,0,0,0,0,5,22,4,1,0,1,1,3,0,5,0
2700085,12,11,2,1,0,14,14,9,0,0,0,0,0,0,0,0,0,0,0,0,9,0,0,0,0,0,0,0,0,0,0,0,0,0,0,0,0,0,0,0,0,0,0,0,0,0,0,0,0,0
2700088,6,3,3,2,1,13,13,0,0,0,0,0,0,0,0,0,0,0,0,0,0,0,0,0,0,0,0,0,0,0,0,0,0,0,0,0,0,0,0,0,0,0,0,0,0,0,0,0,0,0
2700091,550,370,195,107,73,416,416,111,35,6,3,1,1,11,2,4,1,7,33,1,70,4,25,3,3,1,4,0,1,3,0,0,0,1,0,1,0,0,0,5,4,1,1,0,0,2,4,0,1,0
2700094,6,4,1,1,1,23,23,2,0,0,0,0,0,1,0,0,0,0,0,0,2,0,0,0,0,0,0,0,0,0,0,0,0,0,0,0,0,0,0,0,1,0,0,0,0,0,0,0,0,0
2700097,4,4,0,0,0,16,16,1,3,0,0,0,0,0,0,0,0,0,0,0,1,0,3,0,0,0,0,0,0,0,0,0,0,0,0,0,0,0,0,0,0,0,0,0,0,0,0,0,0,0
2700100,0,0,0,0,0,7,7,0,0,0,0,0,0,0,0,0,0,0,0,0,0,0,0,0,0,0,0,0,0,0,0,0,0,0,0,0,0,0,0,0,0,0,0,0,0,0,0,0,0,0
2700103,7,1,1,2,4,15,15,0,0,0,0,0,0,0,0,0,0,0,0,0,0,0,0,0,0,0,0,0,0,0,0,0,0,0,0,0,0,0,0,0,0,0,0,0,0,0,0,0,0,0
2700106,0,0,0,0,0,14,14,0,0,0,0,0,0,0,0,0,0,0,0,0,0,0,0,0,0,0,0,0,0,0,0,0,0,0,0,0,0,0,0,0,0,0,0,0,0,0,0,0,0,0
2700109,1,1,0,0,0,8,8,0,1,0,0,0,0,0,0,0,0,0,0,0,0,0,1,0,0,0,0,0,0,0,0,0,0,0,0,0,0,0,0,0,0,0,0,0,0,0,0,0,0,0
2700112,0,0,0,0,0,12,12,0,0,0,0,0,0,0,0,0,0,0,0,0,0,0,0,0,0,0,0,0,0,0,0,0,0,0,0,0,0,0,0,0,0,0,0,0,0,0,0,0,0,0
2700115,0,0,0,0,0,6,6,0,0,0,0,0,0,0,0,0,0,0,0,0,0,0,0,0,0,0,0,0,0,0,0,0,0,0,0,0,0,0,0,0,0,0,0,0,0,0,0,0,0,0
2700118,0,0,0,0,0,14,14,0,0,0,0,0,0,0,0,0,0,0,0,0,0,0,0,0,0,0,0,0,0,0,0,0,0,0,0,0,0,0,0,0,0,0,0,0,0,0,0,0,0,0
2700119,9,7,6,0,2,19,19,0,0,0,0,0,0,1,0,0,0,0,0,0,0,0,0,0,0,0,0,0,0,0,0,0,0,0,0,0,0,0,0,0,1,0,0,0,0,0,0,0,0,0
2700120,0,0,0,0,0,36,36,0,0,0,0,0,0,0,0,0,0,0,0,0,0,0,0,0,0,0,0,0,0,0,0,0,0,0,0,0,0,0,0,0,0,0,0,0,0,0,0,0,0,0
2700121,136,94,34,23,19,117,117,32,26,0,0,1,0,0,0,0,1,1,2,1,28,1,25,0,0,0,0,0,0,0,0,0,0,1,0,0,0,0,0,0,0,0,0,0,0,0,0,0,1,0
2700124,58,16,12,15,27,34,34,2,1,0,0,0,0,1,0,0,0,0,2,0,0,0,1,0,0,0,0,0,0,0,0,0,0,0,0,0,0,0,0,0,1,0,0,0,0,0,0,0,0,0
2700127,0,0,0,0,0,8,8,0,0,0,0,0,0,0,0,0,0,0,0,0,0,0,0,0,0,0,0,0,0,0,0,0,0,0,0,0,0,0,0,0,0,0,0,0,0,0,0,0,0,0
2700130,15,15,2,0,0,56,56,4,1,0,0,0,0,8,0,0,0,0,3,0,1,0,1,0,0,0,0,0,0,0,0,0,0,0,0,0,0,0,0,1,6,0,1,0,0,0,0,0,0,0
2700133,8,3,0,0,5,18,18,1,2,0,0,0,0,0,0,0,0,0,0,0,1,0,2,0,0,0,0,0,0,0,0,0,0,0,0,0,0,0,0,0,0,0,0,0,0,0,0,0,0,0
2700136,28,1,1,15,12,29,29,0,0,0,0,0,0,0,0,0,0,0,0,0,0,0,0,0,0,0,0,0,0,0,0,0,0,0,0,0,0,0,0,0,0,0,0,0,0,0,0,0,0,0
2700139,16,0,0,4,12,17,17,0,0,0,0,0,0,0,0,0,0,0,0,0,0,0,0,0,0,0,0,0,0,0,0,0,0,0,0,0,0,0,0,0,0,0,0,0,0,0,0,0,0,0
2700142,0,0,0,0,0,13,13,0,0,0,0,0,0,0,0,0,0,0,0,0,0,0,0,0,0,0,0,0,0,0,0,0,0,0,0,0,0,0,0,0,0,0,0,0,0,0,0,0,0,0
2700145,14,8,3,2,4,33,33,1,2,1,0,0,0,1,0,0,0,0,0,0,1,1,0,0,1,0,1,0,0,0,0,0,0,0,0,0,0,0,0,1,0,0,0,0,0,0,0,0,0,0
2700148,0,0,0,0,0,14,14,0,0,0,0,0,0,0,0,0,0,0,0,0,0,0,0,0,0,0,0,0,0,0,0,0,0,0,0,0,0,0,0,0,0,0,0,0,0,0,0,0,0,0
2700151,1,1,0,0,0,6,6,0,1,0,0,0,0,0,0,0,0,0,0,0,0,0,0,1,0,0,0,0,0,0,0,0,0,0,0,0,0,0,0,0,0,0,0,0,0,0,0,0,0,0
2700154,9,8,7,1,0,8,8,0,1,0,0,0,0,0,0,0,0,0,0,0,0,1,0,0,0,0,0,0,0,0,0,0,0,0,0,0,0,0,0,0,0,0,0,0,0,0,0,0,0,0
2700157,14,2,1,6,6,13,13,0,0,0,0,1,0,0,0,0,0,0,0,0,0,0,0,0,0,0,0,0,0,0,0,0,0,1,0,0,0,0,0,0,0,0,0,0,0,0,0,0,0,0
2700160,580,343,254,113,124,414,413,54,12,6,3,1,2,9,0,1,1,6,6,0,42,3,9,0,0,0,1,1,4,3,0,0,0,1,0,2,0,0,0,0,7,2,0,0,0,0,1,0,1,0
2700163,27,10,9,5,12,12,12,1,0,0,0,0,0,0,0,0,0,0,0,0,1,0,0,0,0,0,0,0,0,0,0,0,0,0,0,0,0,0,0,0,0,0,0,0,0,0,0,0,0,0
2700166,28,5,5,16,7,46,46,0,0,0,0,0,0,0,0,0,0,0,0,0,0,0,0,0,0,0,0,0,0,0,0,0,0,0,0,0,0,0,0,0,0,0,0,0,0,0,0,0,0,0
2700167,0,0,0,0,0,22,22,0,0,0,0,0,0,0,0,0,0,0,0,0,0,0,0,0,0,0,0,0,0,0,0,0,0,0,0,0,0,0,0,0,0,0,0,0,0,0,0,0,0,0
2700169,113,21,19,33,59,85,85,0,2,0,0,0,0,0,0,0,0,0,0,0,0,0,2,0,0,0,0,0,0,0,0,0,0,0,0,0,0,0,0,0,0,0,0,0,0,0,0,0,0,0
2700172,64,48,8,10,6,86,86,13,23,0,0,0,0,4,0,0,0,2,0,0,11,0,18,3,2,0,0,0,0,0,0,0,0,0,0,0,0,0,0,1,2,1,0,0,0,0,0,0,0,0
2700174,57,20,18,24,13,78,78,1,1,0,0,0,0,0,0,0,0,0,0,0,1,0,1,0,0,0,0,0,0,0,0,0,0,0,0,0,0,0,0,0,0,0,0,0,0,0,0,0,0,0
2700175,6,2,1,3,1,27,27,1,0,0,0,0,0,0,0,0,0,0,0,0,1,0,0,0,0,0,0,0,0,0,0,0,0,0,0,0,0,0,0,0,0,0,0,0,0,0,0,0,0,0
2700178,0,0,0,0,0,10,10,0,0,0,0,0,0,0,0,0,0,0,0,0,0,0,0,0,0,0,0,0,0,0,0,0,0,0,0,0,0,0,0,0,0,0,0,0,0,0,0,0,0,0
2700181,56,40,28,12,4,153,153,6,1,0,1,0,0,3,1,0,0,0,0,0,6,0,1,0,0,0,0,0,0,1,0,0,0,0,0,0,0,0,0,1,1,0,1,0,1,0,0,0,0,0
2700184,0,0,0,0,0,7,7,0,0,0,0,0,0,0,0,0,0,0,0,0,0,0,0,0,0,0,0,0,0,0,0,0,0,0,0,0,0,0,0,0,0,0,0,0,0,0,0,0,0,0
2700187,9,2,2,6,1,17,17,0,0,0,0,0,0,0,0,0,0,0,0,0,0,0,0,0,0,0,0,0,0,0,0,0,0,0,0,0,0,0,0,0,0,0,0,0,0,0,0,0,0,0
2700190,0,0,0,0,0,11,11,0,0,0,0,0,0,0,0,0,0,0,0,0,0,0,0,0,0,0,0,0,0,0,0,0,0,0,0,0,0,0,0,0,0,0,0,0,0,0,0,0,0,0
2700193,42,8,5,16,18,82,82,2,1,0,0,0,0,0,0,0,0,0,0,0,2,0,1,0,0,0,0,0,0,0,0,0,0,0,0,0,0,0,0,0,0,0,0,0,0,0,0,0,0,0
2700194,1,1,0,0,0,12,12,0,1,0,0,0,0,0,0,0,0,0,0,0,0,0,1,0,0,0,0,0,0,0,0,0,0,0,0,0,0,0,0,0,0,0,0,0,0,0,0,0,0,0
2700195,1,1,0,0,0,9,9,1,0,0,0,0,0,0,0,0,0,0,0,0,1,0,0,0,0,0,0,0,0,0,0,0,0,0,0,0,0,0,0,0,0,0,0,0,0,0,0,0,0,0
2700196,2,2,0,0,0,23,23,0,0,0,0,1,0,1,0,0,0,0,0,0,0,0,0,0,0,0,0,0,0,0,0,0,0,1,0,0,0,0,0,0,1,0,0,0,0,0,0,0,0,0
2700199,120,87,5,11,22,79,79,28,45,3,0,1,0,2,3,0,0,1,0,0,27,3,37,2,3,1,1,0,1,0,0,0,0,1,0,0,0,0,0,0,2,0,0,0,0,3,0,0,0,0
2700202,11,4,4,1,6,28,28,0,0,0,0,0,0,0,0,0,0,0,0,0,0,0,0,0,0,0,0,0,0,0,0,0,0,0,0,0,0,0,0,0,0,0,0,0,0,0,0,0,0,0
2700205,0,0,0,0,0,23,23,0,0,0,0,0,0,0,0,0,0,0,0,0,0,0,0,0,0,0,0,0,0,0,0,0,0,0,0,0,0,0,0,0,0,0,0,0,0,0,0,0,0,0
2700208,3,3,0,0,0,14,14,3,0,0,0,0,0,0,0,0,0,0,0,0,3,0,0,0,0,0,0,0,0,0,0,0,0,0,0,0,0,0,0,0,0,0,0,0,0,0,0,0,0,0
2700211,3,3,0,0,0,19,19,1,1,0,1,0,0,0,0,0,0,0,0,0,1,0,1,0,0,0,0,0,0,1,0,0,0,0,0,0,0,0,0,0,0,0,0,0,0,0,0,0,0,0
2700217,0,0,0,0,0,17,17,0,0,0,0,0,0,0,0,0,0,0,0,0,0,0,0,0,0,0,0,0,0,0,0,0,0,0,0,0,0,0,0,0,0,0,0,0,0,0,0,0,0,0
2700219,1,1,0,0,0,5,5,1,0,0,0,0,0,0,0,0,0,0,0,0,1,0,0,0,0,0,0,0,0,0,0,0,0,0,0,0,0,0,0,0,0,0,0,0,0,0,0,0,0,0
2700220,46,30,16,12,4,54,54,10,4,0,0,0,0,0,0,0,0,0,10,0,0,0,4,0,0,0,0,0,0,0,0,0,0,0,0,0,0,0,0,0,0,0,0,0,0,0,0,0,0,0
2700221,0,0,0,0,0,23,23,0,0,0,0,0,0,0,0,0,0,0,0,0,0,0,0,0,0,0,0,0,0,0,0,0,0,0,0,0,0,0,0,0,0,0,0,0,0,0,0,0,0,0
2700223,15,4,3,5,6,26,26,0,1,0,0,0,0,0,0,0,0,0,0,0,0,0,1,0,0,0,0,0,0,0,0,0,0,0,0,0,0,0,0,0,0,0,0,0,0,0,0,0,0,0
2800001,1084,546,301,289,249,665,663,22,106,27,6,20,1,29,18,9,7,2,7,1,12,10,77,14,5,8,12,5,2,6,0,0,0,20,0,1,0,0,0,10,12,5,2,5,9,4,9,0,7,0
2800010,21,0,0,18,3,33,31,0,0,0,0,0,0,0,0,0,0,0,0,0,0,0,0,0,0,0,0,0,0,0,0,0,0,0,0,0,0,0,0,0,0,0,0,0,0,0,0,0,0,0
2800020,37,11,4,19,7,37,37,0,6,0,0,0,0,0,0,1,0,0,0,0,0,0,4,2,0,0,0,0,0,0,0,0,0,0,0,0,0,0,0,0,0,0,0,0,0,0,1,0,0,0
2800030,13,0,0,7,6,28,28,0,0,0,0,0,0,0,0,0,0,0,0,0,0,0,0,0,0,0,0,0,0,0,0,0,0,0,0,0,0,0,0,0,0,0,0,0,0,0,0,0,0,0
2800040,198,56,30,93,49,161,160,2,17,2,0,0,0,2,1,2,0,0,0,0,2,2,11,2,2,0,2,0,0,0,0,0,0,0,0,0,0,0,0,0,2,0,0,0,1,0,2,0,0,0
2800041,83,42,12,23,18,47,47,0,12,3,2,10,0,1,2,0,0,0,0,0,0,2,10,0,0,0,2,1,0,2,0,0,0,10,0,0,0,0,0,0,1,0,0,0,2,0,0,0,0,0
2800042,26,8,7,16,2,37,37,0,1,0,0,0,0,0,0,0,0,0,0,0,0,0,1,0,0,0,0,0,0,0,0,0,0,0,0,0,0,0,0,0,0,0,0,0,0,0,0,0,0,0
2800045,0,0,0,0,0,17,17,0,0,0,0,0,0,0,0,0,0,0,0,0,0,0,0,0,0,0,0,0,0,0,0,0,0,0,0,0,0,0,0,0,0,0,0,0,0,0,0,0,0,0
2800048,69,21,5,23,25,59,59,0,14,0,0,1,0,0,0,0,1,0,0,0,0,2,12,0,0,0,0,0,0,0,0,0,0,1,0,0,0,0,0,0,0,0,0,0,0,0,0,0,1,0
2800049,53,3,3,43,7,53,53,0,0,0,0,0,0,0,0,0,0,0,0,0,0,0,0,0,0,0,0,0,0,0,0,0,0,0,0,0,0,0,0,0,0,0,0,0,0,0,0,0,0,0
2800050,35,8,4,17,10,35,35,0,3,0,1,0,0,0,0,0,0,0,0,0,0,0,3,0,0,0,0,0,0,1,0,0,0,0,0,0,0,0,0,0,0,0,0,0,0,0,0,0,0,0
2800055,42,12,6,19,11,63,63,0,6,0,0,0,0,0,0,0,0,0,0,0,0,0,6,0,0,0,0,0,0,0,0,0,0,0,0,0,0,0,0,0,0,0,0,0,0,0,0,0,0,0
2800060,62,14,10,41,7,102,96,1,3,0,0,0,0,0,0,0,0,0,0,1,0,2,1,0,0,0,0,0,0,0,0,0,0,0,0,0,0,0,0,0,0,0,0,0,0,0,0,0,0,0
2800080,14,10,5,2,2,52,52,2,2,0,0,0,0,0,1,0,0,0,2,0,0,0,2,0,0,0,0,0,0,0,0,0,0,0,0,0,0,0,0,0,0,0,0,1,0,0,0,0,0,0
2800100,335,248,14,67,20,76,76,185,38,2,1,1,0,7,0,0,0,7,12,3,163,2,27,5,4,0,1,1,0,1,0,0,0,1,0,0,0,0,0,1,3,0,3,0,0,0,0,0,0,0
2800120,105,7,3,58,40,41,40,0,4,0,0,0,0,0,0,0,0,0,0,0,0,1,1,1,1,0,0,0,0,0,0,0,0,0,0,0,0,0,0,0,0,0,0,0,0,0,0,0,0,0
2800160,314,175,49,69,70,118,115,0,100,6,0,1,0,10,4,4,1,0,0,0,0,18,66,12,4,0,4,1,1,0,0,0,0,1,0,0,0,0,0,3,5,2,0,3,1,0,4,0,1,0
2800180,21,9,1,10,2,74,73,3,5,0,0,0,0,0,0,0,0,0,1,0,2,1,2,2,0,0,0,0,0,0,0,0,0,0,0,0,0,0,0,0,0,0,0,0,0,0,0,0,0,0
2800190,15,7,4,2,6,40,40,0,2,0,0,0,0,0,0,1,0,0,0,0,0,0,1,0,1,0,0,0,0,0,0,0,0,0,0,0,0,0,0,0,0,0,0,0,0,0,1,0,0,0
2800200,144,65,9,52,27,153,148,1,49,5,1,0,0,0,0,0,0,1,0,0,0,0,45,4,0,0,5,0,0,1,0,0,0,0,0,0,0,0,0,0,0,0,0,0,0,0,0,0,0,0
2800220,285,54,31,122,109,158,157,2,14,4,0,1,0,0,2,0,0,0,2,0,0,2,9,2,1,0,2,1,1,0,0,0,0,1,0,0,0,0,0,0,0,0,0,1,0,1,0,0,0,0
2800240,38,8,3,21,9,55,54,0,3,1,0,0,0,1,0,0,0,0,0,0,0,0,2,0,1,0,1,0,0,0,0,0,0,0,0,0,0,0,0,0,0,1,0,0,0,0,0,0,0,0
2800260,88,22,14,55,11,90,90,1,7,0,0,0,0,0,0,0,0,1,0,0,0,0,7,0,0,0,0,0,0,0,0,0,0,0,0,0,0,0,0,0,0,0,0,0,0,0,0,0,0,0
2800280,102,10,9,61,31,79,79,0,1,0,0,0,0,0,0,0,0,0,0,0,0,1,0,0,0,0,0,0,0,0,0,0,0,0,0,0,0,0,0,0,0,0,0,0,0,0,0,0,0,0
2800300,144,38,11,79,27,84,84,0,24,1,1,0,0,0,0,0,1,0,0,0,0,1,21,1,1,0,1,0,0,1,0,0,0,0,0,0,0,0,0,0,0,0,0,0,0,0,0,0,1,0
2800320,132,58,27,44,30,68,63,1,22,0,2,0,0,5,0,0,1,1,0,0,0,3,14,5,0,0,0,0,0,2,0,0,0,0,0,0,0,0,0,0,3,2,0,0,0,0,0,0,1,0
2900001,1793,1222,637,311,260,1425,1424,211,138,71,16,12,10,80,20,21,6,25,163,14,9,31,80,17,10,13,40,9,9,16,0,0,0,12,0,10,0,0,0,17,32,26,5,7,8,5,21,0,6,0
2900004,47,13,13,15,19,16,16,0,0,0,0,0,0,0,0,0,0,0,0,0,0,0,0,0,0,0,0,0,0,0,0,0,0,0,0,0,0,0,0,0,0,0,0,0,0,0,0,0,0,0
2900007,32,3,3,6,23,30,30,0,0,0,0,0,0,0,0,0,0,0,0,0,0,0,0,0,0,0,0,0,0,0,0,0,0,0,0,0,0,0,0,0,0,0,0,0,0,0,0,0,0,0
2900010,57,5,5,27,25,24,24,0,0,0,0,0,0,0,0,0,0,0,0,0,0,0,0,0,0,0,0,0,0,0,0,0,0,0,0,0,0,0,0,0,0,0,0,0,0,0,0,0,0,0
2900013,50,4,3,17,29,28,28,0,1,0,0,0,0,0,0,0,0,0,0,0,0,0,0,1,0,0,0,0,0,0,0,0,0,0,0,0,0,0,0,0,0,0,0,0,0,0,0,0,0,0
2900016,46,19,14,16,11,35,35,3,1,1,0,0,0,0,0,0,0,0,3,0,0,0,1,0,0,0,1,0,0,0,0,0,0,0,0,0,0,0,0,0,0,0,0,0,0,0,0,0,0,0
2900019,44,32,12,3,9,56,56,4,13,1,0,1,0,0,1,0,0,1,2,0,1,2,10,0,1,0,1,0,0,0,0,0,0,1,0,0,0,0,0,0,0,0,0,0,1,0,0,0,0,0
2900022,56,22,12,10,24,56,56,6,2,1,0,0,0,1,0,0,0,0,5,1,0,0,0,1,1,0,1,0,0,0,0,0,0,0,0,0,0,0,0,1,0,0,0,0,0,0,0,0,0,0
2900025,40,16,8,9,15,34,34,0,6,0,0,0,0,1,1,0,0,0,0,0,0,1,5,0,0,0,0,0,0,0,0,0,0,0,0,0,0,0,0,0,1,0,0,0,0,1,0,0,0,0
2900028,15,2,2,5,8,19,19,0,0,0,0,0,0,0,0,0,0,0,0,0,0,0,0,0,0,0,0,0,0,0,0,0,0,0,0,0,0,0,0,0,0,0,0,0,0,0,0,0,0,0
2900031,13,4,1,3,6,28,28,1,2,0,0,0,0,0,0,0,0,1,0,0,0,0,2,0,0,0,0,0,0,0,0,0,0,0,0,0,0,0,0,0,0,0,0,0,0,0,0,0,0,0
2900034,236,101,13,54,81,60,60,1,67,5,1,0,2,4,8,0,0,0,1,0,0,19,40,4,4,2,3,0,0,1,0,0,0,0,0,2,0,0,0,1,2,0,1,1,7,0,0,0,0,0
2900037,2,1,0,1,0,25,25,0,0,0,0,0,0,1,0,0,0,0,0,0,0,0,0,0,0,0,0,0,0,0,0,0,0,0,0,0,0,0,0,0,0,1,0,0,0,0,0,0,0,0
2900040,222,134,70,41,47,127,127,2,46,8,1,0,1,4,0,2,0,1,1,0,0,4,27,9,6,1,7,0,0,1,0,0,0,0,0,1,0,0,0,1,1,1,1,0,0,0,2,0,0,0
2900043,0,0,0,0,0,25,25,0,0,0,0,0,0,0,0,0,0,0,0,0,0,0,0,0,0,0,0,0,0,0,0,0,0,0,0,0,0,0,0,0,0,0,0,0,0,0,0,0,0,0
2900046,416,195,142,121,100,190,189,6,12,26,0,0,0,5,1,1,2,1,5,0,0,1,5,3,3,0,24,1,1,0,0,0,0,0,0,0,0,0,0,2,2,1,0,1,0,0,1,0,2,0
2900049,14,0,0,14,0,21,21,0,0,0,0,0,0,0,0,0,0,0,0,0,0,0,0,0,0,0,0,0,0,0,0,0,0,0,0,0,0,0,0,0,0,0,0,0,0,0,0,0,0,0
2900052,62,17,7,29,16,61,61,1,6,0,0,0,0,2,1,0,0,0,0,1,0,0,5,0,1,0,0,0,0,0,0,0,0,0,0,0,0,0,0,1,1,0,0,0,1,0,0,0,0,0
2900055,109,34,31,25,50,94,94,1,0,0,1,0,0,0,0,1,0,0,1,0,0,0,0,0,0,0,0,0,0,1,0,0,0,0,0,0,0,0,0,0,0,0,0,0,0,0,1,0,0,0
2900058,60,9,5,11,40,85,85,0,1,1,0,0,0,1,0,0,1,0,0,0,0,0,0,0,1,0,0,1,0,0,0,0,0,0,0,0,0,0,0,0,1,0,0,0,0,0,0,0,1,0
2900061,16,0,0,8,8,21,21,0,0,0,0,0,0,0,0,0,0,0,0,0,0,0,0,0,0,0,0,0,0,0,0,0,0,0,0,0,0,0,0,0,0,0,0,0,0,0,0,0,0,0
2900064,45,3,0,28,14,63,63,1,0,0,0,0,0,1,0,0,1,0,0,0,1,0,0,0,0,0,0,0,0,0,0,0,0,0,0,0,0,0,0,0,0,1,0,0,0,0,0,0,1,0
2900067,12,6,0,1,5,30,30,0,2,0,1,0,2,1,0,0,0,0,0,0,0,1,1,0,0,0,0,0,0,1,0,0,0,0,0,2,0,0,0,1,0,0,0,0,0,0,0,0,0,0
2900070,39,17,16,13,9,50,50,0,0,0,1,0,0,0,0,0,0,0,0,0,0,0,0,0,0,0,0,0,0,1,0,0,0,0,0,0,0,0,0,0,0,0,0,0,0,0,0,0,0,0
2900073,112,36,21,37,39,100,100,8,6,0,0,0,0,1,0,0,0,0,8,0,0,0,3,2,1,0,0,0,0,0,0,0,0,0,0,0,0,0,0,0,1,0,0,0,0,0,0,0,0,0
2900076,62,29,19,12,21,96,96,0,6,1,0,0,0,3,0,0,0,0,0,0,0,4,1,0,1,0,1,0,0,0,0,0,0,0,0,0,0,0,0,1,1,1,0,0,0,0,0,0,0,0
2900079,104,44,34,22,38,104,104,4,1,2,0,0,0,2,0,0,1,0,4,0,0,0,1,0,0,0,1,1,0,0,0,0,0,0,0,0,0,0,0,1,0,1,0,0,0,0,0,0,1,0
2900080,10,3,3,4,3,13,13,0,0,0,0,0,0,0,0,0,0,0,0,0,0,0,0,0,0,0,0,0,0,0,0,0,0,0,0,0,0,0,0,0,0,0,0,0,0,0,0,0,0,0
2900082,94,67,11,10,17,49,49,1,53,2,0,0,0,0,0,0,0,1,0,0,0,5,43,1,4,0,1,1,0,0,0,0,0,0,0,0,0,0,0,0,0,0,0,0,0,0,0,0,0,0
2900085,738,550,31,67,121,80,80,7,483,11,2,0,0,7,5,1,3,0,4,2,1,58,389,20,16,4,4,1,2,2,0,0,0,0,0,0,0,0,0,2,1,3,1,2,3,0,1,0,3,0
2900087,8,0,0,8,0,27,27,0,0,0,0,0,0,0,0,0,0,0,0,0,0,0,0,0,0,0,0,0,0,0,0,0,0,0,0,0,0,0,0,0,0,0,0,0,0,0,0,0,0,0
2900088,9,1,1,0,8,19,19,0,0,0,0,0,0,0,0,0,0,0,0,0,0,0,0,0,0,0,0,0,0,0,0,0,0,0,0,0,0,0,0,0,0,0,0,0,0,0,0,0,0,0
2900089,876,711,22,41,124,78,78,13,25,631,0,1,1,14,4,0,0,3,6,2,2,2,11,11,1,24,572,26,9,0,0,0,0,1,0,1,0,0,0,3,8,2,1,0,3,1,0,0,0,0
2900091,113,107,10,4,2,27,27,4,79,0,0,0,0,14,0,0,0,0,3,1,0,12,65,1,1,0,0,0,0,0,0,0,0,0,0,0,0,0,0,2,12,0,0,0,0,0,0,0,0,0
2900094,100,51,23,25,24,65,65,0,7,2,0,0,11,7,1,0,0,0,0,0,0,0,5,2,0,0,2,0,0,0,0,0,0,0,0,11,0,0,0,2,4,1,0,1,0,0,0,0,0,0
2900097,188,137,13,15,36,61,61,2,15,94,1,1,1,6,2,1,1,1,1,0,0,6,6,1,2,16,75,3,0,1,0,0,0,1,0,1,0,0,0,4,1,0,1,0,1,1,1,0,1,0
2900100,1,1,0,0,0,15,15,0,1,0,0,0,0,0,0,0,0,0,0,0,0,0,0,1,0,0,0,0,0,0,0,0,0,0,0,0,0,0,0,0,0,0,0,0,0,0,0,0,0,0
2900103,55,13,13,18,24,73,73,0,0,0,0,0,0,0,0,0,0,0,0,0,0,0,0,0,0,0,0,0,0,0,0,0,0,0,0,0,0,0,0,0,0,0,0,0,0,0,0,0,0,0
2900105,38,28,10,8,2,41,41,7,6,0,0,0,1,4,0,0,0,2,4,1,0,1,4,0,1,0,0,0,0,0,0,0,0,0,0,1,0,0,0,1,3,0,0,0,0,0,0,0,0,0
2900106,199,135,16,26,38,34,34,1,111,3,0,0,0,2,1,1,0,0,1,0,0,9,93,5,4,0,3,0,0,0,0,0,0,0,0,0,0,0,0,0,1,1,0,0,0,1,1,0,0,0
2900109,29,6,4,12,11,42,42,0,2,0,0,0,0,0,0,0,0,0,0,0,0,0,2,0,0,0,0,0,0,0,0,0,0,0,0,0,0,0,0,0,0,0,0,0,0,0,0,0,0,0
2900112,7,3,3,2,2,25,25,0,0,0,0,0,0,0,0,0,0,0,0,0,0,0,0,0,0,0,0,0,0,0,0,0,0,0,0,0,0,0,0,0,0,0,0,0,0,0,0,0,0,0
2900115,10,4,3,2,4,18,18,1,0,0,0,0,0,0,0,0,0,1,0,0,0,0,0,0,0,0,0,0,0,0,0,0,0,0,0,0,0,0,0,0,0,0,0,0,0,0,0,0,0,0
2900118,0,0,0,0,0,16,16,0,0,0,0,0,0,0,0,0,0,0,0,0,0,0,0,0,0,0,0,0,0,0,0,0,0,0,0,0,0,0,0,0,0,0,0,0,0,0,0,0,0,0
2900121,21,5,4,13,3,41,41,0,0,1,0,0,0,0,0,0,0,0,0,0,0,0,0,0,0,0,0,1,0,0,0,0,0,0,0,0,0,0,0,0,0,0,0,0,0,0,0,0,0,0
2900124,13,6,6,2,5,26,26,0,0,0,0,0,0,0,0,0,0,0,0,0,0,0,0,0,0,0,0,0,0,0,0,0,0,0,0,0,0,0,0,0,0,0,0,0,0,0,0,0,0,0
2900127,2,1,1,1,0,18,18,0,0,0,0,0,0,0,0,0,0,0,0,0,0,0,0,0,0,0,0,0,0,0,0,0,0,0,0,0,0,0,0,0,0,0,0,0,0,0,0,0,0,0
3100001,6208,3922,2199,1223,1063,5443,5434,285,380,411,71,25,43,252,95,101,60,61,105,29,90,100,160,63,57,88,246,48,29,71,0,0,0,25,0,43,0,0,0,75,120,51,6,46,20,29,101,0,60,0
3100004,94,60,23,23,11,40,40,1,29,0,0,0,0,0,1,6,0,0,0,1,0,2,27,0,0,0,0,0,0,0,0,0,0,0,0,0,0,0,0,0,0,0,0,0,1,0,6,0,0,0
3100007,86,54,26,23,9,62,62,0,27,1,0,0,0,0,0,0,0,0,0,0,0,2,22,3,0,0,1,0,0,0,0,0,0,0,0,0,0,0,0,0,0,0,0,0,0,0,0,0,0,0
3100010,76,35,18,17,24,67,67,0,13,0,0,0,0,3,0,1,0,0,0,0,0,3,9,0,1,0,0,0,0,0,0,0,0,0,0,0,0,0,0,2,1,0,0,0,0,0,1,0,0,0
3100013,168,137,3,21,10,21,21,2,130,1,0,0,0,1,0,0,0,0,2,0,0,36,94,0,0,0,1,0,0,0,0,0,0,0,0,0,0,0,0,0,1,0,0,0,0,0,0,0,0,0
3100016,268,221,6,24,23,47,47,3,209,2,0,0,0,1,0,0,0,1,2,0,0,7,186,9,7,0,2,0,0,0,0,0,0,0,0,0,0,0,0,0,0,1,0,0,0,0,0,0,0,0
3100019,3402,1629,370,938,835,730,723,716,449,36,5,2,0,17,14,14,6,25,13,23,655,46,130,40,233,4,12,16,4,5,0,0,0,2,0,0,0,0,0,3,9,2,3,7,5,2,14,0,6,0
3100022,317,184,139,74,59,354,354,10,9,3,3,1,1,13,1,3,1,4,2,0,4,0,3,3,3,0,2,1,0,3,0,0,0,1,0,1,0,0,0,3,6,4,0,0,1,0,3,0,1,0
3100025,77,53,6,9,15,70,70,10,36,0,0,0,0,1,0,0,0,0,0,0,10,0,21,1,14,0,0,0,0,0,0,0,0,0,0,0,0,0,0,1,0,0,0,0,0,0,0,0,0,0
3100028,97,23,14,34,40,91,91,2,3,0,0,0,0,1,2,0,1,0,2,0,0,0,2,1,0,0,0,0,0,0,0,0,0,0,0,0,0,0,0,0,0,0,1,1,1,0,0,0,1,0
3100031,851,495,129,202,154,246,245,314,22,10,0,1,0,9,1,8,1,36,9,5,264,5,12,0,5,2,7,0,1,0,0,0,0,1,0,0,0,0,0,0,2,0,7,0,0,1,8,0,1,0
3100034,484,217,141,130,137,373,373,6,55,4,1,0,0,7,0,2,1,2,2,0,2,3,49,2,1,2,2,0,0,1,0,0,0,0,0,0,0,0,0,2,1,4,0,0,0,0,2,0,1,0
3100037,252,173,18,21,58,123,123,4,145,4,0,0,0,1,0,1,0,0,2,0,2,24,12,25,84,1,2,1,0,0,0,0,0,0,0,0,0,0,0,0,1,0,0,0,0,0,1,0,0,0
3100040,58,41,9,6,11,56,56,13,13,3,0,1,0,1,1,0,0,0,0,0,13,0,3,0,10,0,1,0,2,0,0,0,0,1,0,0,0,0,0,0,1,0,0,0,0,1,0,0,0,0
3100043,23,21,1,2,0,33,33,0,20,0,0,0,0,0,0,0,0,0,0,0,0,0,18,2,0,0,0,0,0,0,0,0,0,0,0,0,0,0,0,0,0,0,0,0,0,0,0,0,0,0
3100046,1,1,0,0,0,25,25,1,0,0,0,0,0,0,0,0,0,0,1,0,0,0,0,0,0,0,0,0,0,0,0,0,0,0,0,0,0,0,0,0,0,0,0,0,0,0,0,0,0,0
3100049,415,161,100,138,116,175,175,21,30,0,0,0,0,5,3,1,1,1,2,0,18,4,20,2,4,0,0,0,0,0,0,0,0,0,0,0,0,0,0,1,3,0,1,1,0,2,1,0,1,0
3100052,484,412,19,46,26,39,39,3,380,5,0,1,0,2,2,0,0,1,2,0,0,78,286,14,2,1,3,0,1,0,0,0,0,1,0,0,0,0,0,0,1,0,1,2,0,0,0,0,0,0
3100055,1754,1454,138,160,140,169,169,13,138,1136,1,0,1,22,3,1,1,3,7,1,2,27,82,18,11,107,998,22,9,1,0,0,0,0,0,1,0,0,0,4,16,1,1,0,2,1,1,0,1,0
3100058,87,49,25,15,23,60,60,4,3,0,1,0,1,2,0,12,1,2,2,0,0,0,3,0,0,0,0,0,0,1,0,0,0,0,0,1,0,0,0,1,1,0,0,0,0,0,12,0,1,0
3100061,137,42,23,49,46,94,94,1,11,3,0,0,0,1,0,2,1,0,1,0,0,0,10,1,0,1,2,0,0,0,0,0,0,0,0,0,0,0,0,0,1,0,0,0,0,0,2,0,1,0
3100064,1101,713,311,201,187,381,381,19,276,82,3,1,1,11,2,4,3,5,9,2,3,35,207,14,20,11,60,10,1,3,0,0,0,1,0,1,0,0,0,2,4,5,0,1,0,1,4,0,3,0
3100067,66,27,7,19,20,47,47,18,0,1,0,0,0,1,0,0,0,1,1,1,15,0,0,0,0,0,1,0,0,0,0,0,0,0,0,0,0,0,0,0,0,0,1,0,0,0,0,0,0,0
3100070,119,26,23,47,46,93,93,0,1,0,0,0,1,1,0,0,0,0,0,0,0,0,1,0,0,0,0,0,0,0,0,0,0,0,0,1,0,0,0,0,1,0,0,0,0,0,0,0,0,0
3100073,45,5,3,18,22,37,37,0,2,0,0,0,0,0,0,0,0,0,0,0,0,0,2,0,0,0,0,0,0,0,0,0,0,0,0,0,0,0,0,0,0,0,0,0,0,0,0,0,0,0
3100076,123,43,11,42,38,37,37,0,32,0,0,0,0,0,0,0,0,0,0,0,0,1,31,0,0,0,0,0,0,0,0,0,0,0,0,0,0,0,0,0,0,0,0,0,0,0,0,0,0,0
3100079,1259,721,362,271,267,885,885,164,77,26,8,9,2,43,12,15,3,102,26,5,31,20,44,7,6,10,7,7,2,8,0,0,0,9,0,2,0,0,0,12,17,7,7,4,4,4,15,0,3,0
3100082,410,247,75,83,80,138,138,3,6,153,1,3,0,1,1,3,1,1,1,1,0,2,3,1,0,35,75,43,0,1,0,0,0,3,0,0,0,0,0,0,0,1,0,0,0,1,3,0,1,0
3100085,56,40,8,7,9,55,55,0,29,3,0,0,0,0,0,0,0,0,0,0,0,2,16,1,10,0,3,0,0,0,0,0,0,0,0,0,0,0,0,0,0,0,0,0,0,0,0,0,0,0
3100088,49,6,6,16,27,50,50,0,0,0,0,0,0,0,0,0,0,0,0,0,0,0,0,0,0,0,0,0,0,0,0,0,0,0,0,0,0,0,0,0,0,0,0,0,0,0,0,0,0,0
3100091,99,55,39,26,18,109,109,1,13,1,0,0,0,1,0,0,0,0,1,0,0,0,13,0,0,1,0,0,0,0,0,0,0,0,0,0,0,0,0,1,0,0,0,0,0,0,0,0,0,0
3100094,73,43,11,19,11,54,54,27,1,0,0,0,0,1,1,2,0,2,0,0,25,0,0,0,1,0,0,0,0,0,0,0,0,0,0,0,0,0,0,0,1,0,0,0,1,0,2,0,0,0
3100097,187,136,12,17,34,120,120,35,84,1,0,0,1,1,2,0,0,2,0,1,32,4,7,1,72,0,0,0,1,0,0,0,0,0,0,1,0,0,0,0,1,0,0,0,2,0,0,0,0,0
3100100,19,2,2,4,13,46,46,0,0,0,0,0,0,0,0,0,0,0,0,0,0,0,0,0,0,0,0,0,0,0,0,0,0,0,0,0,0,0,0,0,0,0,0,0,0,0,0,0,0,0
3100103,189,166,5,15,8,58,58,2,158,0,0,0,0,1,0,0,0,0,1,0,1,12,100,2,44,0,0,0,0,0,0,0,0,0,0,0,0,0,0,0,0,0,1,0,0,0,0,0,0,0
3100106,601,397,133,121,83,534,534,68,117,22,8,8,1,13,2,17,8,8,3,2,55,18,89,6,4,2,15,2,3,8,0,0,0,8,0,1,0,0,0,0,5,2,6,2,0,0,17,0,8,0
3100109,40,1,0,30,9,19,19,1,0,0,0,0,0,0,0,0,0,0,1,0,0,0,0,0,0,0,0,0,0,0,0,0,0,0,0,0,0,0,0,0,0,0,0,0,0,0,0,0,0,0
3100112,11,5,3,2,4,33,33,1,0,0,0,0,0,0,1,0,0,0,0,0,1,0,0,0,0,0,0,0,0,0,0,0,0,0,0,0,0,0,0,0,0,0,0,0,0,1,0,0,0,0
3100115,110,101,3,3,6,38,38,2,95,0,0,0,0,1,0,0,0,0,0,0,2,6,2,6,81,0,0,0,0,0,0,0,0,0,0,0,0,0,0,0,0,1,0,0,0,0,0,0,0,0
3100118,34,24,9,8,2,52,52,0,10,3,0,0,0,1,0,1,0,0,0,0,0,0,0,0,10,0,2,1,0,0,0,0,0,0,0,0,0,0,0,0,0,0,1,0,0,0,1,0,0,0
3100121,1505,1127,196,191,187,343,343,527,346,24,9,1,5,13,2,4,0,16,28,7,476,24,289,9,24,3,18,1,2,9,0,0,0,1,0,5,0,0,0,1,6,0,6,0,1,1,4,0,0,0
3100124,209,106,50,57,46,124,124,0,56,0,0,0,0,0,0,0,0,0,0,0,0,7,46,2,1,0,0,0,0,0,0,0,0,0,0,0,0,0,0,0,0,0,0,0,0,0,0,0,0,0
4000001,292,149,96,73,70,260,260,2,40,0,1,0,0,5,2,2,1,0,0,2,0,7,7,5,21,0,0,0,0,1,0,0,0,0,0,0,0,0,0,1,2,1,1,1,0,1,2,0,1,0
4000005,301,192,49,22,87,127,127,7,111,3,0,0,1,13,4,1,3,1,4,0,2,34,18,29,30,0,1,2,0,0,0,0,0,0,0,1,0,0,0,3,4,5,1,1,2,1,1,0,3,0
4000010,317,134,80,61,122,115,115,2,44,0,1,0,0,4,2,0,1,0,0,1,1,5,10,4,25,0,0,0,0,1,0,0,0,0,0,0,0,0,0,1,2,1,0,2,0,0,0,0,1,0
4000015,24,19,0,0,5,12,12,0,18,0,0,0,0,1,0,0,0,0,0,0,0,2,7,5,4,0,0,0,0,0,0,0,0,0,0,0,0,0,0,1,0,0,0,0,0,0,0,0,0,0
4000017,133,69,14,13,51,44,44,3,39,2,0,0,0,8,3,0,0,0,1,2,0,10,3,8,18,0,0,2,0,0,0,0,0,0,0,0,0,0,0,3,2,2,1,2,0,1,0,0,0,0
4000020,0,0,0,0,0,13,13,0,0,0,0,0,0,0,0,0,0,0,0,0,0,0,0,0,0,0,0,0,0,0,0,0,0,0,0,0,0,0,0,0,0,0,0,0,0,0,0,0,0,0
4000025,348,241,41,43,64,128,128,6,181,0,0,0,0,10,3,0,0,0,1,4,1,10,15,28,128,0,0,0,0,0,0,0,0,0,0,0,0,0,0,4,1,3,2,1,1,1,0,0,0,0
4400001,706,515,193,72,119,420,420,20,141,104,4,2,0,23,16,9,3,4,9,6,1,13,26,40,62,10,83,9,2,4,0,0,0,2,0,0,0,0,0,5,6,10,2,5,11,0,9,0,3,0
4400002,6,6,0,0,0,14,14,2,4,0,0,0,0,0,0,0,0,0,0,0,2,0,0,0,4,0,0,0,0,0,0,0,0,0,0,0,0,0,0,0,0,0,0,0,0,0,0,0,0,0
4400003,151,101,58,13,37,73,73,6,7,15,1,0,1,6,3,3,1,0,3,3,0,1,3,3,0,4,4,6,1,1,0,0,0,0,0,1,0,0,0,3,2,0,1,2,1,0,3,0,1,0
4400004,7,6,2,0,1,27,27,1,1,1,0,1,0,0,0,0,0,1,0,0,0,0,0,1,0,0,1,0,0,0,0,0,0,1,0,0,0,0,0,0,0,0,0,0,0,0,0,0,0,0
4400005,31,18,17,3,10,52,52,0,0,0,0,0,0,0,0,1,0,0,0,0,0,0,0,0,0,0,0,0,0,0,0,0,0,0,0,0,0,0,0,0,0,0,0,0,0,0,1,0,0,0
4400006,43,18,14,9,16,36,36,1,2,1,0,0,0,0,0,0,0,0,0,1,0,0,1,0,1,0,0,0,1,0,0,0,0,0,0,0,0,0,0,0,0,0,0,0,0,0,0,0,0,0
4400007,53,8,7,18,27,40,40,0,1,0,0,0,0,0,0,0,0,0,0,0,0,0,0,1,0,0,0,0,0,0,0,0,0,0,0,0,0,0,0,0,0,0,0,0,0,0,0,0,0,0
4400009,156,101,24,12,43,63,63,11,33,12,1,0,0,13,3,3,1,2,4,4,1,4,8,12,9,0,11,1,0,1,0,0,0,0,0,0,0,0,0,2,7,4,0,2,0,1,3,0,1,0
4400010,336,201,89,49,86,133,133,19,26,16,9,1,0,27,9,1,4,4,3,4,8,6,6,10,4,2,7,4,3,9,0,0,0,1,0,0,0,0,0,10,10,5,2,3,4,2,1,0,4,0
4400012,11,6,1,5,0,25,25,0,2,1,0,0,0,0,0,1,1,0,0,0,0,0,1,0,1,0,0,1,0,0,0,0,0,0,0,0,0,0,0,0,0,0,0,0,0,0,1,0,1,0
4400016,45,22,13,5,18,24,24,1,7,1,0,0,0,0,0,0,0,1,0,0,0,0,1,5,1,1,0,0,0,0,0,0,0,0,0,0,0,0,0,0,0,0,0,0,0,0,0,0,0,0
4400017,19,7,7,7,5,15,15,0,0,0,0,0,0,0,0,0,0,0,0,0,0,0,0,0,0,0,0,0,0,0,0,0,0,0,0,0,0,0,0,0,0,0,0,0,0,0,0,0,0,0
4400020,48,10,6,7,31,35,35,1,2,0,0,0,0,1,0,0,0,0,1,0,0,1,0,1,0,0,0,0,0,0,0,0,0,0,0,0,0,0,0,0,0,0,1,0,0,0,0,0,0,0
4400022,157,96,16,6,55,32,32,6,64,3,0,0,0,3,3,1,0,1,0,3,2,6,10,5,43,1,0,2,0,0,0,0,0,0,0,0,0,0,0,1,1,1,0,1,0,2,1,0,0,0
4400024,45,14,14,11,20,20,20,0,0,0,0,0,0,0,0,0,0,0,0,0,0,0,0,0,0,0,0,0,0,0,0,0,0,0,0,0,0,0,0,0,0,0,0,0,0,0,0,0,0,0
4400040,7,4,0,1,2,19,19,0,1,2,0,0,0,1,0,0,0,0,0,0,0,0,0,1,0,0,0,2,0,0,0,0,0,0,0,0,0,0,0,0,1,0,0,0,0,0,0,0,0,0
4600001,430,287,186,77,66,424,424,8,48,12,10,2,0,11,2,3,5,2,4,2,0,6,10,7,25,1,7,4,0,10,0,0,0,2,0,0,0,0,0,3,7,1,0,2,0,0,3,0,5,0
4600040,127,85,34,25,17,94,94,47,2,0,0,0,0,2,0,0,0,5,37,5,0,0,1,0,1,0,0,0,0,0,0,0,0,0,0,0,0,0,0,1,1,0,0,0,0,0,0,0,0,0
4600120,0,0,0,0,0,6,6,0,0,0,0,0,0,0,0,0,0,0,0,0,0,0,0,0,0,0,0,0,0,0,0,0,0,0,0,0,0,0,0,0,0,0,0,0,0,0,0,0,0,0
4600320,220,183,6,20,17,34,34,4,166,1,1,0,0,4,1,0,0,0,0,2,2,26,12,11,117,0,1,0,0,1,0,0,0,0,0,0,0,0,0,2,1,1,0,0,1,0,0,0,0,0
4600480,3,3,0,0,0,4,4,0,0,0,3,0,0,0,0,0,0,0,0,0,0,0,0,0,0,0,0,0,0,3,0,0,0,0,0,0,0,0,0,0,0,0,0,0,0,0,0,0,0,0
4600520,30,28,6,1,1,42,42,0,20,0,0,1,0,0,0,1,0,0,0,0,0,1,17,2,0,0,0,0,0,0,0,0,0,1,0,0,0,0,0,0,0,0,0,0,0,0,1,0,0,0
4600540,39,21,17,8,10,41,41,1,0,0,1,0,2,0,0,0,0,1,0,0,0,0,0,0,0,0,0,0,0,1,0,0,0,0,0,2,0,0,0,0,0,0,0,0,0,0,0,0,0,0
4600560,5,1,0,0,4,27,27,0,1,0,0,0,0,0,0,0,0,0,0,0,0,0,1,0,0,0,0,0,0,0,0,0,0,0,0,0,0,0,0,0,0,0,0,0,0,0,0,0,0,0
4600640,331,274,30,19,38,31,31,3,224,2,9,0,0,4,0,2,0,0,1,1,1,24,14,14,172,0,1,0,1,9,0,0,0,0,0,0,0,0,0,1,3,0,0,0,0,0,2,0,0,0
4600680,249,154,34,45,50,90,90,7,80,4,1,0,2,16,7,3,0,0,3,1,3,24,28,5,23,2,1,0,1,1,0,0,0,0,0,2,0,0,0,9,6,0,1,1,4,2,3,0,0,0
4600700,12,3,3,7,2,27,27,0,0,0,0,0,0,0,0,0,0,0,0,0,0,0,0,0,0,0,0,0,0,0,0,0,0,0,0,0,0,0,0,0,0,0,0,0,0,0,0,0,0,0
4600760,0,0,0,0,0,5,5,0,0,0,0,0,0,0,0,0,0,0,0,0,0,0,0,0,0,0,0,0,0,0,0,0,0,0,0,0,0,0,0,0,0,0,0,0,0,0,0,0,0,0
4600800,3,3,0,0,0,10,10,2,0,0,0,0,0,1,0,0,0,0,2,0,0,0,0,0,0,0,0,0,0,0,0,0,0,0,0,0,0,0,0,0,0,1,0,0,0,0,0,0,0,0
4600815,150,131,1,14,5,6,6,4,125,1,0,0,0,0,0,0,0,0,0,0,4,2,2,6,115,0,0,0,1,0,0,0,0,0,0,0,0,0,0,0,0,0,0,0,0,0,0,0,0,0
4600830,57,47,2,3,7,24,24,2,42,0,1,0,0,0,0,0,0,0,1,1,0,3,1,0,38,0,0,0,0,1,0,0,0,0,0,0,0,0,0,0,0,0,0,0,0,0,0,0,0,0
4600840,13,1,0,0,12,18,18,0,1,0,0,0,0,0,0,0,0,0,0,0,0,1,0,0,0,0,0,0,0,0,0,0,0,0,0,0,0,0,0,0,0,0,0,0,0,0,0,0,0,0
4600850,55,45,20,6,4,63,63,15,4,0,1,0,2,2,1,0,0,0,14,1,0,1,2,1,0,0,0,0,0,1,0,0,0,0,0,2,0,0,0,0,2,0,0,0,0,1,0,0,0,0
4600865,45,31,24,8,6,36,36,0,5,2,0,0,0,0,0,0,0,0,0,0,0,0,2,0,3,1,1,0,0,0,0,0,0,0,0,0,0,0,0,0,0,0,0,0,0,0,0,0,0,0
4600880,56,41,24,13,2,88,88,1,2,1,1,0,10,2,0,0,0,0,1,0,0,1,1,0,0,0,1,0,0,1,0,0,0,0,0,10,0,0,0,0,1,1,0,0,0,0,0,0,0,0
4800001,10686,9407,670,590,689,494,494,413,7679,175,30,18,7,295,72,21,27,36,45,22,310,652,6306,465,256,31,105,13,26,30,0,0,0,18,0,7,0,0,0,48,178,17,52,23,35,14,21,0,27,0
4800002,5876,5428,114,238,210,64,64,29,5064,87,10,2,2,85,29,6,0,2,10,5,12,520,4197,285,62,6,74,4,3,10,0,0,0,2,0,2,0,0,0,8,63,5,9,9,14,6,6,0,0,0
4800004,846,541,52,188,117,84,83,23,423,19,2,0,1,14,4,3,0,1,0,1,21,19,357,29,18,1,15,1,2,2,0,0,0,0,0,1,0,0,0,3,7,0,4,2,1,1,3,0,0,0
4800005,2048,1860,51,79,109,74,73,7,1735,20,4,1,0,32,8,1,1,2,3,2,0,51,1595,75,14,2,13,1,4,4,0,0,0,1,0,0,0,0,0,2,16,8,6,3,4,1,1,0,1,0
4800006,1752,1631,24,74,47,27,27,3,1560,7,6,0,0,21,4,2,4,0,2,0,1,51,1439,50,20,2,4,1,0,6,0,0,0,0,0,0,0,0,0,2,11,2,6,2,2,0,2,0,4,0
4800007,1443,1271,55,83,89,103,103,13,1151,20,6,2,1,15,4,2,2,0,8,0,5,50,981,91,29,3,15,2,0,6,0,0,0,2,0,1,0,0,0,4,8,3,0,2,1,1,2,0,2,0
4800008,488,431,19,27,30,35,35,3,399,3,3,0,0,2,0,2,0,0,0,0,3,23,336,20,20,1,0,2,0,3,0,0,0,0,0,0,0,0,0,1,1,0,0,0,0,0,2,0,0,0
4800009,1375,1229,64,51,95,51,50,8,1101,20,1,2,0,22,5,2,4,1,1,1,5,119,893,68,21,2,13,3,2,1,0,0,0,2,0,0,0,0,0,4,10,6,2,5,0,0,2,0,4,0
4800010,7557,6353,547,475,729,419,417,136,5060,140,187,24,7,128,67,36,21,26,40,14,56,515,3908,391,246,32,78,11,19,187,0,0,0,24,0,7,0,0,0,28,47,28,25,19,28,20,36,0,21,0
4800011,3871,2810,203,295,766,188,187,141,2168,81,12,5,5,116,60,11,8,23,36,9,73,282,1639,161,86,6,48,12,15,12,0,0,0,5,0,5,0,0,0,13,65,21,17,16,17,27,11,0,8,0
4800012,77,47,6,19,11,16,15,0,37,3,0,0,0,0,0,1,0,0,0,0,0,8,28,0,1,1,1,0,1,0,0,0,0,0,0,0,0,0,0,0,0,0,0,0,0,0,1,0,0,0
4800013,991,837,74,98,56,120,119,5,708,4,8,1,0,27,1,6,3,0,1,1,3,66,579,41,22,0,2,1,1,8,0,0,0,1,0,0,0,0,0,4,16,5,2,1,0,0,6,0,3,0
4800016,21085,17459,565,1311,2315,387,383,1053,14406,404,22,25,24,655,238,37,30,123,108,83,739,1965,11159,1024,258,55,242,53,54,22,0,0,0,25,0,24,0,0,0,138,350,79,88,101,83,54,37,0,30,0
4800018,445,396,20,37,12,30,30,16,351,2,1,0,5,0,0,1,0,3,1,0,12,12,324,9,6,0,2,0,0,1,0,0,0,0,0,5,0,0,0,0,0,0,0,0,0,0,1,0,0,0
4800020,393,249,41,85,59,63,63,0,200,2,1,0,0,0,4,1,0,0,0,0,0,10,181,9,0,1,0,0,1,1,0,0,0,0,0,0,0,0,0,0,0,0,0,1,1,2,1,0,0,0
5000001,703,448,116,16,239,88,88,79,127,59,6,2,0,31,23,3,2,13,60,4,2,7,77,13,30,5,34,14,6,6,0,0,0,2,0,0,0,0,0,10,19,2,0,4,13,6,3,0,2,0
5000070,396,282,37,13,101,19,18,31,121,17,2,1,5,60,6,2,0,0,22,8,1,8,33,22,58,1,12,4,0,2,0,0,0,1,0,5,0,0,0,3,38,16,3,0,5,1,2,0,0,0
5000073,0,0,0,0,0,1,1,0,0,0,0,0,0,0,0,0,0,0,0,0,0,0,0,0,0,0,0,0,0,0,0,0,0,0,0,0,0,0,0,0,0,0,0,0,0,0,0,0,0,0
5000078,0,0,0,0,0,1,1,0,0,0,0,0,0,0,0,0,0,0,0,0,0,0,0,0,0,0,0,0,0,0,0,0,0,0,0,0,0,0,0,0,0,0,0,0,0,0,0,0,0,0
5000083,0,0,0,0,0,1,1,0,0,0,0,0,0,0,0,0,0,0,0,0,0,0,0,0,0,0,0,0,0,0,0,0,0,0,0,0,0,0,0,0,0,0,0,0,0,0,0,0,0,0
5000087,21,2,2,19,0,4,4,0,0,0,0,0,0,0,0,0,0,0,0,0,0,0,0,0,0,0,0,0,0,0,0,0,0,0,0,0,0,0,0,0,0,0,0,0,0,0,0,0,0,0
5000090,21,20,0,1,0,5,5,12,0,2,2,0,0,4,0,0,0,0,11,1,0,0,0,0,0,0,2,0,0,2,0,0,0,0,0,0,0,0,0,0,4,0,0,0,0,0,0,0,0,0
5000092,0,0,0,0,0,3,3,0,0,0,0,0,0,0,0,0,0,0,0,0,0,0,0,0,0,0,0,0,0,0,0,0,0,0,0,0,0,0,0,0,0,0,0,0,0,0,0,0,0,0
5200001,1535,1053,384,242,240,1236,1235,292,156,37,64,10,17,57,10,13,13,17,208,14,53,26,33,15,82,5,26,3,3,64,0,0,0,10,0,17,0,0,0,17,16,20,4,8,0,2,13,0,13,0
5200005,446,285,80,98,63,233,232,148,16,9,4,0,1,18,3,3,3,7,125,7,9,4,6,3,3,1,6,1,1,4,0,0,0,0,0,1,0,0,0,7,6,4,1,2,0,1,3,0,3,0
5200006,33,16,11,13,4,19,19,1,0,0,0,0,2,1,1,0,0,0,1,0,0,0,0,0,0,0,0,0,0,0,0,0,0,0,0,2,0,0,0,0,1,0,0,0,1,0,0,0,0,0
5200008,6,5,0,0,1,20,20,3,0,0,0,0,0,1,0,1,0,0,2,1,0,0,0,0,0,0,0,0,0,0,0,0,0,0,0,0,0,0,0,1,0,0,0,0,0,0,1,0,0,0
5200010,105,95,13,9,1,41,41,74,2,2,1,0,1,2,0,0,0,4,67,2,1,2,0,0,0,0,2,0,0,1,0,0,0,0,0,1,0,0,0,0,0,0,2,0,0,0,0,0,0,0
5200015,8,5,1,2,1,18,18,3,0,1,0,0,0,0,0,0,0,0,3,0,0,0,0,0,0,0,1,0,0,0,0,0,0,0,0,0,0,0,0,0,0,0,0,0,0,0,0,0,0,0
5200020,48,19,9,18,11,64,64,7,2,1,0,0,0,0,0,0,0,0,6,1,0,1,1,0,0,0,1,0,0,0,0,0,0,0,0,0,0,0,0,0,0,0,0,0,0,0,0,0,0,0
5200025,0,0,0,0,0,8,8,0,0,0,0,0,0,0,0,0,0,0,0,0,0,0,0,0,0,0,0,0,0,0,0,0,0,0,0,0,0,0,0,0,0,0,0,0,0,0,0,0,0,0
5200027,4,3,0,0,1,21,21,3,0,0,0,0,0,0,0,0,0,1,1,0,1,0,0,0,0,0,0,0,0,0,0,0,0,0,0,0,0,0,0,0,0,0,0,0,0,0,0,0,0,0
5200028,3,3,0,0,0,13,13,2,1,0,0,0,0,0,0,0,0,0,2,0,0,0,1,0,0,0,0,0,0,0,0,0,0,0,0,0,0,0,0,0,0,0,0,0,0,0,0,0,0,0
5200030,32,23,1,1,8,33,33,21,0,1,0,0,0,0,0,0,0,1,19,0,1,0,0,0,0,0,0,1,0,0,0,0,0,0,0,0,0,0,0,0,0,0,0,0,0,0,0,0,0,0
5200035,139,99,40,17,23,177,177,35,14,2,0,1,1,4,2,0,0,0,32,2,1,3,0,3,8,0,2,0,0,0,0,0,0,1,0,1,0,0,0,1,1,0,2,0,2,0,0,0,0,0
5200040,12,3,2,1,8,42,42,1,0,0,0,0,0,0,0,0,0,0,1,0,0,0,0,0,0,0,0,0,0,0,0,0,0,0,0,0,0,0,0,0,0,0,0,0,0,0,0,0,0,0
5200041,166,104,16,25,37,37,37,34,18,25,1,1,0,4,2,2,1,1,29,4,0,3,4,10,1,1,22,2,0,1,0,0,0,1,0,0,0,0,0,2,1,1,0,1,1,0,2,0,1,0
5200042,4,4,1,0,0,28,28,2,0,1,0,0,0,0,0,0,0,0,1,1,0,0,0,0,0,0,1,0,0,0,0,0,0,0,0,0,0,0,0,0,0,0,0,0,0,0,0,0,0,0
5200043,1329,1021,285,122,186,174,174,93,459,40,10,2,4,73,26,17,12,28,36,20,9,218,122,73,46,12,22,5,1,10,0,0,0,2,0,4,0,0,0,32,15,13,13,12,10,4,17,0,12,0
5200044,147,62,13,13,72,29,29,29,14,2,1,0,0,2,0,1,0,2,22,3,2,5,5,4,0,0,1,1,0,1,0,0,0,0,0,0,0,0,0,0,0,1,1,0,0,0,1,0,0,0
5200045,223,165,36,22,36,84,84,105,14,2,1,0,1,2,3,1,0,6,96,3,0,3,3,7,1,1,1,0,0,1,0,0,0,0,0,1,0,0,0,1,1,0,0,1,1,1,1,0,0,0
5200046,80,52,1,3,25,24,24,25,19,0,1,0,0,6,0,0,0,0,21,3,1,8,1,10,0,0,0,0,0,1,0,0,0,0,0,0,0,0,0,3,3,0,0,0,0,0,0,0,0,0
5200047,94,58,12,9,27,23,23,3,37,3,0,0,0,2,1,0,0,0,1,0,2,12,0,0,25,0,0,1,2,0,0,0,0,0,0,0,0,0,0,1,1,0,0,0,0,1,0,0,0,0
5200048,75,72,0,0,3,25,25,60,2,7,0,1,0,1,0,0,1,1,53,6,0,0,0,0,2,0,6,1,0,0,0,0,0,1,0,0,0,0,0,0,1,0,0,0,0,0,0,0,1,0
5200049,200,161,18,17,22,31,31,121,8,3,1,1,0,7,2,0,0,2,114,5,0,5,2,0,1,0,0,1,2,1,0,0,0,1,0,0,0,0,0,2,4,1,0,0,1,1,0,0,0,0
5200050,58,40,6,7,11,54,54,25,7,0,0,1,0,1,0,0,0,0,23,2,0,0,6,0,1,0,0,0,0,0,0,0,0,1,0,0,0,0,0,0,0,1,0,0,0,0,0,0,0,0
5200055,19,17,0,2,0,31,31,16,0,1,0,0,0,0,0,0,0,1,14,1,0,0,0,0,0,0,1,0,0,0,0,0,0,0,0,0,0,0,0,0,0,0,0,0,0,0,0,0,0,0
5200058,35,7,7,8,20,22,22,0,0,0,0,0,0,0,0,0,0,0,0,0,0,0,0,0,0,0,0,0,0,0,0,0,0,0,0,0,0,0,0,0,0,0,0,0,0,0,0,0,0,0
5200059,0,0,0,0,0,7,7,0,0,0,0,0,0,0,0,0,0,0,0,0,0,0,0,0,0,0,0,0,0,0,0,0,0,0,0,0,0,0,0,0,0,0,0,0,0,0,0,0,0,0
5200060,80,28,18,34,18,62,62,6,2,1,0,0,0,1,0,0,0,0,3,3,0,2,0,0,0,0,1,0,0,0,0,0,0,0,0,0,0,0,0,0,0,1,0,0,0,0,0,0,0,0
5200074,37,25,13,5,7,23,23,6,2,2,0,0,0,1,0,1,0,1,5,0,0,0,1,1,0,0,0,2,0,0,0,0,0,0,0,0,0,0,0,0,0,1,0,0,0,0,1,0,0,0
5200080,30,17,15,9,4,48,48,1,1,0,0,0,0,0,0,0,0,0,1,0,0,0,0,1,0,0,0,0,0,0,0,0,0,0,0,0,0,0,0,0,0,0,0,0,0,0,0,0,0,0
5400001,275,205,49,24,46,156,150,13,64,60,0,1,0,9,5,4,0,0,6,3,4,9,23,9,23,4,50,5,1,0,0,0,0,1,0,0,0,0,0,3,2,2,2,2,2,1,4,0,0,0
5400003,79,54,14,6,19,24,24,6,19,2,0,0,2,7,3,0,1,0,1,0,5,5,6,4,4,0,0,2,0,0,0,0,0,0,0,2,0,0,0,3,1,2,1,1,2,0,0,0,1,0
5400007,29,22,3,2,5,33,33,0,10,6,0,0,0,2,1,0,0,0,0,0,0,1,2,2,5,0,5,1,0,0,0,0,0,0,0,0,0,0,0,0,0,1,1,0,0,1,0,0,0,0
5400012,59,42,6,2,15,15,15,1,25,0,1,0,0,6,2,1,0,0,1,0,0,0,9,2,14,0,0,0,0,1,0,0,0,0,0,0,0,0,0,0,3,2,1,0,2,0,1,0,0,0
5600001,649,492,198,29,128,151,151,225,23,19,3,3,1,8,6,2,4,25,8,4,188,2,17,4,0,0,4,5,10,3,0,0,0,3,0,1,0,0,0,2,2,1,3,0,4,2,2,0,4,0
5600004,14,6,1,0,8,15,15,4,0,0,1,0,0,0,0,0,0,0,0,0,4,0,0,0,0,0,0,0,0,1,0,0,0,0,0,0,0,0,0,0,0,0,0,0,0,0,0,0,0,0
6000001,720,525,164,46,149,142,142,14,308,5,1,2,1,18,7,3,2,1,8,2,3,36,125,38,109,2,3,0,0,1,0,0,0,2,0,1,0,0,0,2,10,1,5,3,2,2,3,0,2,0
6000007,191,90,33,10,91,17,17,2,51,2,0,0,0,2,0,0,0,1,0,1,0,14,19,12,6,0,2,0,0,0,0,0,0,0,0,0,0,0,0,1,1,0,0,0,0,0,0,0,0,0
6000010,86,49,2,5,32,3,3,0,40,0,0,0,0,7,0,0,0,0,0,0,0,6,6,4,24,0,0,0,0,0,0,0,0,0,0,0,0,0,0,1,0,0,6,0,0,0,0,0,0,0
6000013,94,76,3,1,17,4,4,1,67,1,1,0,1,0,2,0,0,0,1,0,0,6,14,6,41,1,0,0,0,1,0,0,0,0,0,1,0,0,0,0,0,0,0,1,1,0,0,0,0,0
6000016,78,74,2,1,3,4,4,2,65,0,3,0,0,0,0,0,2,1,1,0,0,8,10,8,39,0,0,0,0,3,0,0,0,0,0,0,0,0,0,0,0,0,0,0,0,0,0,0,2,0
6000017,13,2,1,1,10,1,1,0,1,0,0,0,0,0,0,0,0,0,0,0,0,0,1,0,0,0,0,0,0,0,0,0,0,0,0,0,0,0,0,0,0,0,0,0,0,0,0,0,0,0
6000019,65,59,0,0,6,3,3,2,47,0,4,0,1,5,0,0,0,1,0,0,1,22,1,2,22,0,0,0,0,4,0,0,0,0,0,1,0,0,0,0,1,1,3,0,0,0,0,0,0,0
6000021,102,82,11,2,18,2,2,0,56,1,0,1,0,8,5,0,0,0,0,0,0,8,31,6,11,0,1,0,0,0,0,0,0,1,0,0,0,0,0,4,2,1,1,1,3,1,0,0,0,0
6000022,183,152,5,3,28,6,6,2,140,0,0,0,0,2,2,0,1,0,0,2,0,24,26,11,79,0,0,0,0,0,0,0,0,0,0,0,0,0,0,1,1,0,0,0,1,1,0,0,1,0
6000030,97,83,1,7,7,1,1,0,80,0,0,0,0,2,0,0,0,0,0,0,0,9,7,8,56,0,0,0,0,0,0,0,0,0,0,0,0,0,0,2,0,0,0,0,0,0,0,0,0,0
6000040,49,44,2,0,5,2,2,0,40,1,0,0,0,1,0,0,0,0,0,0,0,5,4,4,27,0,1,0,0,0,0,0,0,0,0,0,0,0,0,1,0,0,0,0,0,0,0,0,0,0
6400001,827,629,173,62,136,141,141,83,240,73,2,2,1,33,12,2,8,6,62,9,6,15,128,18,79,4,19,44,6,2,0,0,0,2,0,1,0,0,0,6,18,3,6,6,3,3,2,0,8,0
6400002,866,657,179,61,148,167,167,189,162,36,3,5,1,54,16,6,6,30,120,34,5,33,27,36,66,13,13,7,3,3,0,0,0,5,0,1,0,0,0,21,17,13,3,7,8,1,6,0,6,0
6400004,941,821,73,20,100,53,53,29,677,5,4,3,2,14,10,3,1,12,6,2,9,146,60,62,409,1,2,1,1,4,0,0,0,3,0,2,0,0,0,4,2,3,5,4,4,2,3,0,1,0
6400007,138,131,12,1,6,15,15,28,22,35,1,0,0,29,3,0,1,0,22,5,1,5,9,7,1,2,5,26,2,1,0,0,0,0,0,0,0,0,0,0,27,2,0,1,2,0,0,0,1,0
6400013,239,213,23,8,18,16,16,20,100,57,0,0,0,7,4,1,1,1,17,1,1,6,11,13,70,0,4,53,0,0,0,0,0,0,0,0,0,0,0,2,4,0,1,2,2,0,1,0,1,0
6400016,258,243,16,6,9,21,21,2,193,26,0,0,1,4,1,0,0,0,2,0,0,30,30,15,118,1,2,23,0,0,0,0,0,0,0,1,0,0,0,0,4,0,0,1,0,0,0,0,0,0
6400018,275,209,47,11,55,52,52,58,24,48,2,0,1,16,6,0,7,5,44,6,3,1,13,7,3,3,4,40,1,2,0,0,0,0,0,1,0,0,0,4,7,4,1,2,2,2,0,0,7,0
6400019,792,745,80,11,36,35,35,110,121,381,4,1,0,20,14,10,4,4,93,10,3,21,18,12,70,18,16,338,9,4,0,0,0,1,0,0,0,0,0,5,6,6,3,7,6,1,10,0,4,0
6400023,516,418,62,25,73,101,101,31,284,23,1,0,0,14,2,1,0,2,26,3,0,27,139,22,96,4,6,11,2,1,0,0,0,0,0,0,0,0,0,2,6,4,2,0,1,1,1,0,0,0
6400025,157,57,31,30,70,45,45,3,9,7,0,0,0,3,2,2,0,1,2,0,0,2,6,0,1,0,2,2,3,0,0,0,0,0,0,0,0,0,0,0,1,2,0,1,1,0,2,0,0,0
6400026,68,40,10,4,24,35,35,5,14,2,0,0,0,4,4,0,1,1,2,0,2,1,5,2,6,0,2,0,0,0,0,0,0,0,0,0,0,0,0,2,1,1,0,2,2,0,0,0,1,0
6400028,651,543,89,19,89,99,99,169,181,42,1,1,0,38,11,5,6,12,129,14,14,23,26,13,119,4,15,21,2,1,0,0,0,1,0,0,0,0,0,8,15,12,3,6,4,1,5,0,6,0
6400030,263,220,48,7,36,66,66,23,70,38,1,0,0,31,4,2,3,6,9,6,2,14,23,10,23,3,5,28,2,1,0,0,0,0,0,0,0,0,0,9,15,5,2,3,1,0,2,0,3,0
6800001,832,665,77,15,152,67,67,24,484,27,1,0,5,24,22,1,0,1,11,4,8,19,130,52,283,0,20,5,2,1,0,0,0,0,0,5,0,0,0,2,10,9,3,3,14,5,1,0,0,0
6800004,46,39,4,0,7,6,6,4,21,4,0,0,0,2,4,0,0,0,2,0,2,0,5,2,14,1,0,2,1,0,0,0,0,0,0,0,0,0,0,0,1,0,1,0,4,0,0,0,0,0
6800010,0,0,0,0,0,2,2,0,0,0,0,0,0,0,0,0,0,0,0,0,0,0,0,0,0,0,0,0,0,0,0,0,0,0,0,0,0,0,0,0,0,0,0,0,0,0,0,0,0,0
6800013,151,98,7,4,49,6,6,5,78,4,0,0,0,0,3,1,0,1,2,0,2,24,10,1,43,0,4,0,0,0,0,0,0,0,0,0,0,0,0,0,0,0,0,1,2,0,1,0,0,0
6800017,30,18,7,0,12,6,6,0,11,0,0,0,0,0,0,0,0,0,0,0,0,0,2,1,8,0,0,0,0,0,0,0,0,0,0,0,0,0,0,0,0,0,0,0,0,0,0,0,0,0
6800022,64,21,8,2,41,4,4,1,12,0,0,0,0,0,0,0,0,0,1,0,0,1,2,4,5,0,0,0,0,0,0,0,0,0,0,0,0,0,0,0,0,0,0,0,0,0,0,0,0,0
7200001,145,76,18,10,59,69,69,6,23,7,2,0,0,16,3,1,0,1,3,1,1,5,9,3,6,0,3,4,0,2,0,0,0,0,0,0,0,0,0,5,6,4,1,0,2,1,1,0,0,0
7200002,23,22,0,0,1,13,13,1,6,0,14,0,0,1,0,0,0,0,1,0,0,0,6,0,0,0,0,0,0,14,0,0,0,0,0,0,0,0,0,0,0,0,1,0,0,0,0,0,0,0
7200006,963,542,62,59,362,93,91,89,124,135,62,0,2,47,16,4,1,8,76,5,0,18,66,12,28,16,16,102,1,62,0,0,0,0,0,2,0,0,0,9,27,9,2,4,6,6,4,0,1,0
7200008,14,14,8,0,0,28,28,0,6,0,0,0,0,0,0,0,0,0,0,0,0,1,5,0,0,0,0,0,0,0,0,0,0,0,0,0,0,0,0,0,0,0,0,0,0,0,0,0,0,0
8800115,0,0,0,0,0,8,8,0,0,0,0,0,0,0,0,0,0,0,0,0,0,0,0,0,0,0,0,0,0,0,0,0,0,0,0,0,0,0,0,0,0,0,0,0,0,0,0,0,0,0
8800120,60,60,11,0,0,40,40,4,16,9,6,2,1,6,1,3,1,1,2,1,0,4,10,1,1,3,3,3,0,6,0,0,0,2,0,1,0,0,0,0,2,3,1,0,1,0,3,0,1,0
8800130,0,0,0,0,0,7,7,0,0,0,0,0,0,0,0,0,0,0,0,0,0,0,0,0,0,0,0,0,0,0,0,0,0,0,0,0,0,0,0,0,0,0,0,0,0,0,0,0,0,0
8800135,0,0,0,0,0,7,7,0,0,0,0,0,0,0,0,0,0,0,0,0,0,0,0,0,0,0,0,0,0,0,0,0,0,0,0,0,0,0,0,0,0,0,0,0,0,0,0,0,0,0
8800140,4,3,0,0,1,10,10,0,0,0,0,0,0,1,0,0,2,0,0,0,0,0,0,0,0,0,0,0,0,0,0,0,0,0,0,0,0,0,0,1,0,0,0,0,0,0,0,0,2,0
8800155,48,47,9,0,1,41,41,6,11,7,1,0,1,4,1,5,2,2,2,2,0,5,2,3,1,6,0,1,0,1,0,0,0,0,0,1,0,0,0,1,2,0,1,0,0,1,5,0,2,0
8800160,6,6,1,0,0,15,15,1,1,1,1,0,0,1,0,0,0,1,0,0,0,0,1,0,0,1,0,0,0,1,0,0,0,0,0,0,0,0,0,1,0,0,0,0,0,0,0,0,0,0
8800165,78,77,34,1,0,71,71,6,6,6,5,2,0,10,0,6,2,0,5,0,1,1,1,2,2,4,2,0,0,5,0,0,0,2,0,0,0,0,0,1,7,2,0,0,0,0,6,0,2,0
8800170,8,7,5,1,0,11,11,1,1,0,0,0,0,0,0,0,0,0,1,0,0,0,0,0,1,0,0,0,0,0,0,0,0,0,0,0,0,0,0,0,0,0,0,0,0,0,0,0,0,0
8800190,14,14,1,0,0,14,14,1,5,0,1,2,0,2,0,2,0,0,1,0,0,2,0,2,1,0,0,0,0,1,0,0,0,2,0,0,0,0,0,0,0,2,0,0,0,0,2,0,0,0
8800215,4,4,3,0,0,10,10,0,0,1,0,0,0,0,0,0,0,0,0,0,0,0,0,0,0,1,0,0,0,0,0,0,0,0,0,0,0,0,0,0,0,0,0,0,0,0,0,0,0,0
8800220,14,14,1,0,0,49,49,0,4,0,1,1,0,0,1,5,1,0,0,0,0,0,2,2,0,0,0,0,0,1,0,0,0,1,0,0,0,0,0,0,0,0,0,0,1,0,5,0,1,0
8800250,81,79,15,1,1,209,209,6,17,8,5,1,0,18,1,5,3,1,3,0,2,4,11,1,1,3,1,4,0,5,0,0,0,1,0,0,0,0,0,5,10,2,1,0,1,0,5,0,3,0
8800275,1,1,0,0,0,7,7,0,0,0,1,0,0,0,0,0,0,0,0,0,0,0,0,0,0,0,0,0,0,1,0,0,0,0,0,0,0,0,0,0,0,0,0,0,0,0,0,0,0,0
8800285,28,26,11,2,0,26,26,1,1,2,2,0,0,4,1,4,0,1,0,0,0,0,0,0,1,2,0,0,0,2,0,0,0,0,0,0,0,0,0,2,1,1,0,1,0,0,4,0,0,0
8800290,9,9,0,0,0,8,8,4,2,2,0,0,0,0,0,1,0,1,2,1,0,0,1,0,1,1,1,0,0,0,0,0,0,0,0,0,0,0,0,0,0,0,0,0,0,0,1,0,0,0
8800305,75,67,19,4,4,121,121,7,10,10,0,2,0,6,6,5,2,0,3,1,3,2,6,2,0,5,2,3,0,0,0,0,0,2,0,0,0,0,0,2,3,1,0,3,1,2,5,0,2,0
8800315,5,5,2,0,0,28,28,1,0,0,0,1,0,1,0,0,0,0,1,0,0,0,0,0,0,0,0,0,0,0,0,0,0,1,0,0,0,0,0,1,0,0,0,0,0,0,0,0,0,0
8800325,2,2,0,0,0,8,8,1,0,0,0,0,0,1,0,0,0,0,1,0,0,0,0,0,0,0,0,0,0,0,0,0,0,0,0,0,0,0,0,1,0,0,0,0,0,0,0,0,0,0
8800330,116,87,16,13,16,106,106,10,11,15,4,1,2,14,5,6,3,5,3,2,0,4,4,3,0,9,6,0,0,4,0,0,0,1,0,2,0,0,0,4,2,5,3,4,1,0,6,0,3,0
8800335,0,0,0,0,0,8,8,0,0,0,0,0,0,0,0,0,0,0,0,0,0,0,0,0,0,0,0,0,0,0,0,0,0,0,0,0,0,0,0,0,0,0,0,0,0,0,0,0,0,0
8800340,2,2,0,0,0,9,9,0,0,0,0,0,0,2,0,0,0,0,0,0,0,0,0,0,0,0,0,0,0,0,0,0,0,0,0,0,0,0,0,0,1,1,0,0,0,0,0,0,0,0
8800350,5,5,0,0,0,13,13,1,0,0,1,0,0,3,0,0,0,1,0,0,0,0,0,0,0,0,0,0,0,1,0,0,0,0,0,0,0,0,0,0,2,1,0,0,0,0,0,0,0,0
8800355,380,331,108,25,24,574,568,24,57,42,17,10,0,35,9,21,8,4,5,2,13,15,30,9,3,16,9,12,5,17,0,0,0,10,0,0,0,0,0,8,13,10,4,4,4,1,21,0,8,0
8800360,287,223,68,44,20,841,805,29,28,18,9,3,5,39,6,10,8,8,6,2,13,4,20,1,3,8,3,4,3,9,0,0,0,3,0,5,0,0,0,15,14,7,3,4,1,1,10,0,8,0
8800370,0,0,0,0,0,7,7,0,0,0,0,0,0,0,0,0,0,0,0,0,0,0,0,0,0,0,0,0,0,0,0,0,0,0,0,0,0,0,0,0,0,0,0,0,0,0,0,0,0,0
8800375,2,2,0,0,0,7,7,0,1,0,0,0,0,1,0,0,0,0,0,0,0,0,0,0,1,0,0,0,0,0,0,0,0,0,0,0,0,0,0,0,0,1,0,0,0,0,0,0,0,0
8800380,66,62,18,2,2,108,108,5,14,8,3,0,0,5,5,2,2,3,1,1,0,5,5,2,2,5,2,1,0,3,0,0,0,0,0,0,0,0,0,1,2,2,0,3,1,1,2,0,2,0
8800410,2,2,1,0,0,9,9,0,1,0,0,0,0,0,0,0,0,0,0,0,0,1,0,0,0,0,0,0,0,0,0,0,0,0,0,0,0,0,0,0,0,0,0,0,0,0,0,0,0,0
8800430,0,0,0,0,0,7,7,0,0,0,0,0,0,0,0,0,0,0,0,0,0,0,0,0,0,0,0,0,0,0,0,0,0,0,0,0,0,0,0,0,0,0,0,0,0,0,0,0,0,0
8800435,8,8,1,0,0,21,21,0,3,2,1,0,1,0,0,0,0,0,0,0,0,0,2,1,0,1,1,0,0,1,0,0,0,0,0,1,0,0,0,0,0,0,0,0,0,0,0,0,0,0
8800440,0,0,0,0,0,8,8,0,0,0,0,0,0,0,0,0,0,0,0,0,0,0,0,0,0,0,0,0,0,0,0,0,0,0,0,0,0,0,0,0,0,0,0,0,0,0,0,0,0,0
8800445,0,0,0,0,0,7,7,0,0,0,0,0,0,0,0,0,0,0,0,0,0,0,0,0,0,0,0,0,0,0,0,0,0,0,0,0,0,0,0,0,0,0,0,0,0,0,0,0,0,0
8800455,2,2,1,0,0,7,7,1,0,0,0,0,0,0,0,0,0,0,0,1,0,0,0,0,0,0,0,0,0,0,0,0,0,0,0,0,0,0,0,0,0,0,0,0,0,0,0,0,0,0
8800460,0,0,0,0,0,7,7,0,0,0,0,0,0,0,0,0,0,0,0,0,0,0,0,0,0,0,0,0,0,0,0,0,0,0,0,0,0,0,0,0,0,0,0,0,0,0,0,0,0,0
8800465,40,36,10,0,4,71,71,2,8,4,1,0,0,7,1,3,0,1,1,0,0,3,3,2,0,1,3,0,0,1,0,0,0,0,0,0,0,0,0,4,0,2,1,0,1,0,3,0,0,0
8800470,5,5,0,0,0,8,8,0,1,2,0,0,0,2,0,0,0,0,0,0,0,0,0,0,1,1,1,0,0,0,0,0,0,0,0,0,0,0,0,1,0,1,0,0,0,0,0,0,0,0
8800490,0,0,0,0,0,10,10,0,0,0,0,0,0,0,0,0,0,0,0,0,0,0,0,0,0,0,0,0,0,0,0,0,0,0,0,0,0,0,0,0,0,0,0,0,0,0,0,0,0,0
8800495,28,26,2,1,1,42,42,1,6,4,4,0,1,4,2,2,0,0,0,1,0,1,5,0,0,0,1,2,1,4,0,0,0,0,0,1,0,0,0,0,2,1,1,0,0,2,2,0,0,0
8800500,4,3,1,0,1,8,8,0,0,1,0,0,0,1,0,0,0,0,0,0,0,0,0,0,0,0,0,0,1,0,0,0,0,0,0,0,0,0,0,0,0,1,0,0,0,0,0,0,0,0
8800505,3,3,0,0,0,16,16,0,3,0,0,0,0,0,0,0,0,0,0,0,0,1,1,1,0,0,0,0,0,0,0,0,0,0,0,0,0,0,0,0,0,0,0,0,0,0,0,0,0,0
8800515,0,0,0,0,0,7,7,0,0,0,0,0,0,0,0,0,0,0,0,0,0,0,0,0,0,0,0,0,0,0,0,0,0,0,0,0,0,0,0,0,0,0,0,0,0,0,0,0,0,0
8800535,0,0,0,0,0,9,9,0,0,0,0,0,0,0,0,0,0,0,0,0,0,0,0,0,0,0,0,0,0,0,0,0,0,0,0,0,0,0,0,0,0,0,0,0,0,0,0,0,0,0
8800560,0,0,0,0,0,7,7,0,0,0,0,0,0,0,0,0,0,0,0,0,0,0,0,0,0,0,0,0,0,0,0,0,0,0,0,0,0,0,0,0,0,0,0,0,0,0,0,0,0,0
8800580,0,0,0,0,0,7,7,0,0,0,0,0,0,0,0,0,0,0,0,0,0,0,0,0,0,0,0,0,0,0,0,0,0,0,0,0,0,0,0,0,0,0,0,0,0,0,0,0,0,0
8800590,26,26,7,0,0,83,83,4,4,3,3,0,0,4,0,1,0,2,1,1,0,0,2,2,0,2,1,0,0,3,0,0,0,0,0,0,0,0,0,1,2,1,0,0,0,0,1,0,0,0
8800620,0,0,0,0,0,7,7,0,0,0,0,0,0,0,0,0,0,0,0,0,0,0,0,0,0,0,0,0,0,0,0,0,0,0,0,0,0,0,0,0,0,0,0,0,0,0,0,0,0,0
8800625,4,4,2,0,0,10,10,0,0,1,1,0,0,0,0,0,0,0,0,0,0,0,0,0,0,0,1,0,0,1,0,0,0,0,0,0,0,0,0,0,0,0,0,0,0,0,0,0,0,0
8800635,6,6,0,0,0,8,8,0,2,2,1,0,0,0,0,1,0,0,0,0,0,0,2,0,0,2,0,0,0,1,0,0,0,0,0,0,0,0,0,0,0,0,0,0,0,0,1,0,0,0
8800655,29,29,8,0,0,72,71,1,4,1,0,5,0,4,1,1,4,0,0,0,1,1,3,0,0,0,0,0,1,0,0,0,0,5,0,0,0,0,0,3,0,1,0,0,1,0,1,0,4,0
8800665,0,0,0,0,0,7,7,0,0,0,0,0,0,0,0,0,0,0,0,0,0,0,0,0,0,0,0,0,0,0,0,0,0,0,0,0,0,0,0,0,0,0,0,0,0,0,0,0,0,0
8800670,18,15,3,1,2,25,25,1,3,2,0,0,0,2,0,3,1,0,1,0,0,1,0,0,2,1,1,0,0,0,0,0,0,0,0,0,0,0,0,2,0,0,0,0,0,0,3,0,1,0
8800675,6,6,1,0,0,11,11,0,2,1,0,0,0,1,0,1,0,0,0,0,0,0,1,1,0,1,0,0,0,0,0,0,0,0,0,0,0,0,0,0,1,0,0,0,0,0,1,0,0,0
8800680,15,15,6,0,0,13,13,2,2,3,1,0,0,0,0,1,0,1,1,0,0,1,1,0,0,0,2,1,0,1,0,0,0,0,0,0,0,0,0,0,0,0,0,0,0,0,1,0,0,0
8800683,5,4,1,0,1,10,10,0,1,0,1,0,0,0,0,0,1,0,0,0,0,0,1,0,0,0,0,0,0,1,0,0,0,0,0,0,0,0,0,0,0,0,0,0,0,0,0,0,1,0
8800685,0,0,0,0,0,12,12,0,0,0,0,0,0,0,0,0,0,0,0,0,0,0,0,0,0,0,0,0,0,0,0,0,0,0,0,0,0,0,0,0,0,0,0,0,0,0,0,0,0,0
8800688,0,0,0,0,0,7,7,0,0,0,0,0,0,0,0,0,0,0,0,0,0,0,0,0,0,0,0,0,0,0,0,0,0,0,0,0,0,0,0,0,0,0,0,0,0,0,0,0,0,0
8800690,0,0,0,0,0,7,7,0,0,0,0,0,0,0,0,0,0,0,0,0,0,0,0,0,0,0,0,0,0,0,0,0,0,0,0,0,0,0,0,0,0,0,0,0,0,0,0,0,0,0
8800700,3,3,1,0,0,8,8,0,0,0,0,0,0,1,0,0,1,0,0,0,0,0,0,0,0,0,0,0,0,0,0,0,0,0,0,0,0,0,0,0,0,1,0,0,0,0,0,0,1,0
8800745,0,0,0,0,0,8,8,0,0,0,0,0,0,0,0,0,0,0,0,0,0,0,0,0,0,0,0,0,0,0,0,0,0,0,0,0,0,0,0,0,0,0,0,0,0,0,0,0,0,0
8800755,5,5,2,0,0,24,24,0,2,0,0,0,0,1,0,0,0,0,0,0,0,0,1,1,0,0,0,0,0,0,0,0,0,0,0,0,0,0,0,0,1,0,0,0,0,0,0,0,0,0
8800760,16,14,2,0,2,19,19,2,5,0,3,0,0,0,0,2,0,1,0,1,0,3,1,1,0,0,0,0,0,3,0,0,0,0,0,0,0,0,0,0,0,0,0,0,0,0,2,0,0,0
8800765,0,0,0,0,0,7,7,0,0,0,0,0,0,0,0,0,0,0,0,0,0,0,0,0,0,0,0,0,0,0,0,0,0,0,0,0,0,0,0,0,0,0,0,0,0,0,0,0,0,0
8800770,3,3,1,0,0,14,14,0,1,0,0,0,0,0,0,0,1,0,0,0,0,0,1,0,0,0,0,0,0,0,0,0,0,0,0,0,0,0,0,0,0,0,0,0,0,0,0,0,1,0
8800785,0,0,0,0,0,9,9,0,0,0,0,0,0,0,0,0,0,0,0,0,0,0,0,0,0,0,0,0,0,0,0,0,0,0,0,0,0,0,0,0,0,0,0,0,0,0,0,0,0,0
8800805,1,1,0,0,0,8,8,0,0,1,0,0,0,0,0,0,0,0,0,0,0,0,0,0,0,0,0,0,1,0,0,0,0,0,0,0,0,0,0,0,0,0,0,0,0,0,0,0,0,0
8800815,632,597,12,3,32,349,349,8,536,7,3,5,0,10,10,6,0,1,2,2,3,15,511,9,1,1,4,1,1,3,0,0,0,5,0,0,0,0,0,2,4,3,1,4,5,1,6,0,0,0
