ubigeo_distrito,ubigeo_provincia,ubigeo_dept,nombre_distrito,nombre_provincia,nombre_dept,is_exterior,has_geometry,num_mesas,num_electores
010101,010100,010000,CHACHAPOYAS,CHACHAPOYAS,AMAZONAS,False,True,0,0
010102,010100,010000,ASUNCION,CHACHAPOYAS,AMAZONAS,False,True,0,0
010103,010100,010000,BALSAS,CHACHAPOYAS,AMAZONAS,False,True,0,0
010104,010100,010000,CHETO,CHACHAPOYAS,AMAZONAS,False,True,0,0
010105,010100,010000,CHILIQUIN,CHACHAPOYAS,AMAZONAS,False,True,0,0
010106,010100,010000,CHUQUIBAMBA,CHACHAPOYAS,AMAZONAS,False,True,0,0
010107,010100,010000,GRANADA,CHACHAPOYAS,AMAZONAS,False,True,0,0
010108,010100,010000,HUANCAS,CHACHAPOYAS,AMAZONAS,False,True,0,0
010109,010100,010000,LA JALCA,CHACHAPOYAS,AMAZONAS,False,True,0,0
010110,010100,010000,LEIMEBAMBA,CHACHAPOYAS,AMAZONAS,False,True,0,0
010111,010100,010000,LEVANTO,CHACHAPOYAS,AMAZONAS,False,True,0,0
010112,010100,010000,MAGDALENA,CHACHAPOYAS,AMAZONAS,False,True,0,0
010113,010100,010000,MARISCAL CASTILLA,CHACHAPOYAS,AMAZONAS,False,True,0,0
010114,010100,010000,MOLINOPAMPA,CHACHAPOYAS,AMAZONAS,False,True,0,0
010115,010100,010000,MONTEVIDEO,CHACHAPOYAS,AMAZONAS,False,True,0,0
010116,010100,010000,OLLEROS,CHACHAPOYAS,AMAZONAS,False,True,0,0
010117,010100,010000,QUINJALCA,CHACHAPOYAS,AMAZONAS,False,True,0,0
010118,010100,010000,SAN FRANCISCO DE DAGUAS,CHACHAPOYAS,AMAZONAS,False,True,0,0
010119,010100,010000,SAN ISIDRO DE MAINO,CHACHAPOYAS,AMAZONAS,False,True,0,0
010120,010100,010000,SOLOCO,CHACHAPOYAS,AMAZONAS,False,True,0,0
010121,010100,010000,SONCHE,CHACHAPOYAS,AMAZONAS,False,True,0,0
010201,010200,010000,LA PECA,BAGUA,AMAZONAS,False,True,0,0
010202,010200,010000,ARAMANGO,BAGUA,AMAZONAS,False,True,0,0
010203,010200,010000,COPALLIN,BAGUA,AMAZONAS,False,True,0,0
010204,010200,010000,EL PARCO,BAGUA,AMAZONAS,False,True,0,0
010205,010200,010000,BAGUA,BAGUA,AMAZONAS,False,True,0,0
010206,010200,010000,IMAZA,BAGUA,AMAZONAS,False,True,0,0
010301,010300,010000,JUMBILLA,BONGARA,AMAZONAS,False,True,0,0
010302,010300,010000,COROSHA,BONGARA,AMAZONAS,False,True,0,0
010303,010300,010000,CUISPES,BONGARA,AMAZONAS,False,True,0,0
010304,010300,010000,CHISQUILLA,BONGARA,AMAZONAS,False,True,0,0
010305,010300,010000,CHURUJA,BONGARA,AMAZONAS,False,True,0,0
010306,010300,010000,FLORIDA,BONGARA,AMAZONAS,False,True,0,0
010307,010300,010000,RECTA,BONGARA,AMAZONAS,False,True,0,0
010308,010300,010000,SAN CARLOS,BONGARA,AMAZONAS,False,True,0,0
010309,010300,010000,SHIPASBAMBA,BONGARA,AMAZONAS,False,True,0,0
010310,010300,010000,VALERA,BONGARA,AMAZONAS,False,True,0,0
010311,010300,010000,YAMBRASBAMBA,BONGARA,AMAZONAS,False,True,0,0
010312,010300,010000,JAZAN,BONGARA,AMAZONAS,False,True,0,0
010401,010400,010000,LAMUD,LUYA,AMAZONAS,False,True,0,0
010402,010400,010000,CAMPORREDONDO,LUYA,AMAZONAS,False,True,0,0
010403,010400,010000,COCABAMBA,LUYA,AMAZONAS,False,True,0,0
010404,010400,010000,COLCAMAR,LUYA,AMAZONAS,False,True,0,0
010405,010400,010000,CONILA,LUYA,AMAZONAS,False,True,0,0
010406,010400,010000,INGUILPATA,LUYA,AMAZONAS,False,True,0,0
010407,010400,010000,LONGUITA,LUYA,AMAZONAS,False,True,0,0
010408,010400,010000,LONYA CHICO,LUYA,AMAZONAS,False,True,0,0
010409,010400,010000,LUYA,LUYA,AMAZONAS,False,True,0,0
010410,010400,010000,LUYA VIEJO,LUYA,AMAZONAS,False,True,0,0
010411,010400,010000,MARIA,LUYA,AMAZONAS,False,True,0,0
010412,010400,010000,OCALLI,LUYA,AMAZONAS,False,True,0,0
010413,010400,010000,OCUMAL,LUYA,AMAZONAS,False,True,0,0
010414,010400,010000,PISUQUIA,LUYA,AMAZONAS,False,True,0,0
010415,010400,010000,SAN CRISTOBAL,LUYA,AMAZONAS,False,True,0,0
010416,010400,010000,SAN FRANCISCO DEL YESO,LUYA,AMAZONAS,False,True,0,0
010417,010400,010000,SAN JERONIMO,LUYA,AMAZONAS,False,True,0,0
010418,010400,010000,SAN JUAN DE LOPECANCHA,LUYA,AMAZONAS,False,True,0,0
010419,010400,010000,SANTA CATALINA,LUYA,AMAZONAS,False,True,0,0
010420,010400,010000,SANTO TOMAS,LUYA,AMAZONAS,False,True,0,0
010421,010400,010000,TINGO,LUYA,AMAZONAS,False,True,0,0
010422,010400,010000,TRITA,LUYA,AMAZONAS,False,True,0,0
010423,010400,010000,PROVIDENCIA,LUYA,AMAZONAS,False,True,0,0
010501,010500,010000,SAN NICOLAS,RODRIGUEZ DE MENDOZA,AMAZONAS,False,True,0,0
010502,010500,010000,COCHAMAL,RODRIGUEZ DE MENDOZA,AMAZONAS,False,True,0,0
010503,010500,010000,CHIRIMOTO,RODRIGUEZ DE MENDOZA,AMAZONAS,False,True,0,0
010504,010500,010000,HUAMBO,RODRIGUEZ DE MENDOZA,AMAZONAS,False,True,0,0
010505,010500,010000,LIMABAMBA,RODRIGUEZ DE MENDOZA,AMAZONAS,False,True,0,0
010506,010500,010000,LONGAR,RODRIGUEZ DE MENDOZA,AMAZONAS,False,True,0,0
010507,010500,010000,MILPUCC,RODRIGUEZ DE MENDOZA,AMAZONAS,False,True,0,0
010508,010500,010000,MARISCAL BENAVIDES,RODRIGUEZ DE MENDOZA,AMAZONAS,False,True,0,0
010509,010500,010000,OMIA,RODRIGUEZ DE MENDOZA,AMAZONAS,False,True,0,0
010510,010500,010000,SANTA ROSA,RODRIGUEZ DE MENDOZA,AMAZONAS,False,True,0,0
010511,010500,010000,TOTORA,RODRIGUEZ DE MENDOZA,AMAZONAS,False,True,0,0
010512,010500,010000,VISTA ALEGRE,RODRIGUEZ DE MENDOZA,AMAZONAS,False,True,0,0
010601,010600,010000,NIEVA,CONDORCANQUI,AMAZONAS,False,True,0,0
010602,010600,010000,RIO SANTIAGO,CONDORCANQUI,AMAZONAS,False,True,0,0
010603,010600,010000,EL CENEPA,CONDORCANQUI,AMAZONAS,False,True,0,0
010701,010700,010000,BAGUA GRANDE,UTCUBAMBA,AMAZONAS,False,True,0,0
010702,010700,010000,CAJARURO,UTCUBAMBA,AMAZONAS,False,True,0,0
010703,010700,010000,CUMBA,UTCUBAMBA,AMAZONAS,False,True,0,0
010704,010700,010000,EL MILAGRO,UTCUBAMBA,AMAZONAS,False,True,0,0
010705,010700,010000,JAMALCA,UTCUBAMBA,AMAZONAS,False,True,0,0
010706,010700,010000,LONYA GRANDE,UTCUBAMBA,AMAZONAS,False,True,0,0
010707,010700,010000,YAMON,UTCUBAMBA,AMAZONAS,False,True,0,0
020101,020100,020000,HUARAZ,HUARAZ,ANCASH,False,True,0,0
020102,020100,020000,INDEPENDENCIA,HUARAZ,ANCASH,False,True,0,0
020103,020100,020000,COCHABAMBA,HUARAZ,ANCASH,False,True,0,0
020104,020100,020000,COLCABAMBA,HUARAZ,ANCASH,False,True,0,0
020105,020100,020000,HUANCHAY,HUARAZ,ANCASH,False,True,0,0
020106,020100,020000,JANGAS,HUARAZ,ANCASH,False,True,0,0
020107,020100,020000,LA LIBERTAD,HUARAZ,ANCASH,False,True,0,0
020108,020100,020000,OLLEROS,HUARAZ,ANCASH,False,True,0,0
020109,020100,020000,PAMPAS GRANDE,HUARAZ,ANCASH,False,True,0,0
020110,020100,020000,PARIACOTO,HUARAZ,ANCASH,False,True,0,0
020111,020100,020000,PIRA,HUARAZ,ANCASH,False,True,0,0
020112,020100,020000,TARICA,HUARAZ,ANCASH,False,True,0,0
020201,020200,020000,AIJA,AIJA,ANCASH,False,True,0,0
020203,020200,020000,CORIS,AIJA,ANCASH,False,True,0,0
020205,020200,020000,HUACLLAN,AIJA,ANCASH,False,True,0,0
020206,020200,020000,LA MERCED,AIJA,ANCASH,False,True,0,0
020208,020200,020000,SUCCHA,AIJA,ANCASH,False,True,0,0
020301,020300,020000,CHIQUIAN,BOLOGNESI,ANCASH,False,True,0,0
020302,020300,020000,ABELARDO PARDO LEZAMETA,BOLOGNESI,ANCASH,False,True,0,0
020304,020300,020000,AQUIA,BOLOGNESI,ANCASH,False,True,0,0
020305,020300,020000,CAJACAY,BOLOGNESI,ANCASH,False,True,0,0
020310,020300,020000,HUAYLLACAYAN,BOLOGNESI,ANCASH,False,True,0,0
020311,020300,020000,HUASTA,BOLOGNESI,ANCASH,False,True,0,0
020313,020300,020000,MANGAS,BOLOGNESI,ANCASH,False,True,0,0
020315,020300,020000,PACLLON,BOLOGNESI,ANCASH,False,True,0,0
020317,020300,020000,SAN MIGUEL DE CORPANQUI,BOLOGNESI,ANCASH,False,True,0,0
020320,020300,020000,TICLLOS,BOLOGNESI,ANCASH,False,True,0,0
020321,020300,020000,ANTONIO RAYMONDI,BOLOGNESI,ANCASH,False,True,0,0
020322,020300,020000,CANIS,BOLOGNESI,ANCASH,False,True,0,0
020323,020300,020000,COLQUIOC,BOLOGNESI,ANCASH,False,True,0,0
020324,020300,020000,LA PRIMAVERA,BOLOGNESI,ANCASH,False,True,0,0
020325,020300,020000,HUALLANCA,BOLOGNESI,ANCASH,False,True,0,0
020401,020400,020000,CARHUAZ,CARHUAZ,ANCASH,False,True,0,0
020402,020400,020000,ACOPAMPA,CARHUAZ,ANCASH,False,True,0,0
020403,020400,020000,AMASHCA,CARHUAZ,ANCASH,False,True,0,0
020404,020400,020000,ANTA,CARHUAZ,ANCASH,False,True,0,0
020405,020400,020000,ATAQUERO,CARHUAZ,ANCASH,False,True,0,0
020406,020400,020000,MARCARA,CARHUAZ,ANCASH,False,True,0,0
020407,020400,020000,PARIAHUANCA,CARHUAZ,ANCASH,False,True,0,0
020408,020400,020000,SAN MIGUEL DE ACO,CARHUAZ,ANCASH,False,True,0,0
020409,020400,020000,SHILLA,CARHUAZ,ANCASH,False,True,0,0
020410,020400,020000,TINCO,CARHUAZ,ANCASH,False,True,0,0
020411,020400,020000,YUNGAR,CARHUAZ,ANCASH,False,True,0,0
020501,020500,020000,CASMA,CASMA,ANCASH,False,True,0,0
020502,020500,020000,BUENA VISTA ALTA,CASMA,ANCASH,False,True,0,0
020503,020500,020000,COMANDANTE NOEL,CASMA,ANCASH,False,True,0,0
020505,020500,020000,YAUTAN,CASMA,ANCASH,False,True,0,0
020601,020600,020000,CORONGO,CORONGO,ANCASH,False,True,0,0
020602,020600,020000,ACO,CORONGO,ANCASH,False,True,0,0
020603,020600,020000,BAMBAS,CORONGO,ANCASH,False,True,0,0
020604,020600,020000,CUSCA,CORONGO,ANCASH,False,True,0,0
020605,020600,020000,LA PAMPA,CORONGO,ANCASH,False,True,0,0
020606,020600,020000,YANAC,CORONGO,ANCASH,False,True,0,0
020607,020600,020000,YUPAN,CORONGO,ANCASH,False,True,0,0
020701,020700,020000,CARAZ,HUAYLAS,ANCASH,False,True,0,0
020702,020700,020000,HUALLANCA,HUAYLAS,ANCASH,False,True,0,0
020703,020700,020000,HUATA,HUAYLAS,ANCASH,False,True,0,0
020704,020700,020000,HUAYLAS,HUAYLAS,ANCASH,False,True,0,0
020705,020700,020000,MATO,HUAYLAS,ANCASH,False,True,0,0
020706,020700,020000,PAMPAROMAS,HUAYLAS,ANCASH,False,True,0,0
020707,020700,020000,PUEBLO LIBRE,HUAYLAS,ANCASH,False,True,0,0
020708,020700,020000,SANTA CRUZ,HUAYLAS,ANCASH,False,True,0,0
020709,020700,020000,YURACMARCA,HUAYLAS,ANCASH,False,True,0,0
020710,020700,020000,SANTO TORIBIO,HUAYLAS,ANCASH,False,True,0,0
020801,020800,020000,HUARI,HUARI,ANCASH,False,True,0,0
020802,020800,020000,CAJAY,HUARI,ANCASH,False,True,0,0
020803,020800,020000,CHAVIN DE HUANTAR,HUARI,ANCASH,False,True,0,0
020804,020800,020000,HUACACHI,HUARI,ANCASH,False,True,0,0
020805,020800,020000,HUACHIS,HUARI,ANCASH,False,True,0,0
020806,020800,020000,HUACCHIS,HUARI,ANCASH,False,True,0,0
020807,020800,020000,HUANTAR,HUARI,ANCASH,False,True,0,0
020808,020800,020000,MASIN,HUARI,ANCASH,False,True,0,0
020809,020800,020000,PAUCAS,HUARI,ANCASH,False,True,0,0
020810,020800,020000,PONTO,HUARI,ANCASH,False,True,0,0
020811,020800,020000,RAHUAPAMPA,HUARI,ANCASH,False,True,0,0
020812,020800,020000,RAPAYAN,HUARI,ANCASH,False,True,0,0
020813,020800,020000,SAN MARCOS,HUARI,ANCASH,False,True,0,0
020814,020800,020000,SAN PEDRO DE CHANA,HUARI,ANCASH,False,True,0,0
020815,020800,020000,UCO,HUARI,ANCASH,False,True,0,0
020816,020800,020000,ANRA,HUARI,ANCASH,False,True,0,0
020901,020900,020000,PISCOBAMBA,MARISCAL LUZURIAGA,ANCASH,False,True,0,0
020902,020900,020000,CASCA,MARISCAL LUZURIAGA,ANCASH,False,True,0,0
020903,020900,020000,LUCMA,MARISCAL LUZURIAGA,ANCASH,False,True,0,0
020904,020900,020000,FIDEL OLIVAS ESCUDERO,MARISCAL LUZURIAGA,ANCASH,False,True,0,0
020905,020900,020000,LLAMA,MARISCAL LUZURIAGA,ANCASH,False,True,0,0
020906,020900,020000,LLUMPA,MARISCAL LUZURIAGA,ANCASH,False,True,0,0
020907,020900,020000,MUSGA,MARISCAL LUZURIAGA,ANCASH,False,True,0,0
020908,020900,020000,ELEAZAR GUZMAN BARRON,MARISCAL LUZURIAGA,ANCASH,False,True,0,0
021001,021000,020000,CABANA,PALLASCA,ANCASH,False,True,0,0
021002,021000,020000,BOLOGNESI,PALLASCA,ANCASH,False,True,0,0
021003,021000,020000,CONCHUCOS,PALLASCA,ANCASH,False,True,0,0
021004,021000,020000,HUACASCHUQUE,PALLASCA,ANCASH,False,True,0,0
021005,021000,020000,HUANDOVAL,PALLASCA,ANCASH,False,True,0,0
021006,021000,020000,LACABAMBA,PALLASCA,ANCASH,False,True,0,0
021007,021000,020000,LLAPO,PALLASCA,ANCASH,False,True,0,0
021008,021000,020000,PALLASCA,PALLASCA,ANCASH,False,True,0,0
021009,021000,020000,PAMPAS,PALLASCA,ANCASH,False,True,0,0
021010,021000,020000,SANTA ROSA,PALLASCA,ANCASH,False,True,0,0
021011,021000,020000,TAUCA,PALLASCA,ANCASH,False,True,0,0
021101,021100,020000,POMABAMBA,POMABAMBA,ANCASH,False,True,0,0
021102,021100,020000,HUAYLLAN,POMABAMBA,ANCASH,False,True,0,0
021103,021100,020000,PAROBAMBA,POMABAMBA,ANCASH,False,True,0,0
021104,021100,020000,QUINUABAMBA,POMABAMBA,ANCASH,False,True,0,0
021201,021200,020000,RECUAY,RECUAY,ANCASH,False,True,0,0
021202,021200,020000,COTAPARACO,RECUAY,ANCASH,False,True,0,0
021203,021200,020000,HUAYLLAPAMPA,RECUAY,ANCASH,False,True,0,0
021204,021200,020000,MARCA,RECUAY,ANCASH,False,True,0,0
021205,021200,020000,PAMPAS CHICO,RECUAY,ANCASH,False,True,0,0
021206,021200,020000,PARARIN,RECUAY,ANCASH,False,True,0,0
021207,021200,020000,TAPACOCHA,RECUAY,ANCASH,False,True,0,0
021208,021200,020000,TICAPAMPA,RECUAY,ANCASH,False,True,0,0
021209,021200,020000,LLACLLIN,RECUAY,ANCASH,False,True,0,0
021210,021200,020000,CATAC,RECUAY,ANCASH,False,True,0,0
021301,021300,020000,CHIMBOTE,SANTA,ANCASH,False,True,0,0
021302,021300,020000,CACERES DEL PERU,SANTA,ANCASH,False,True,0,0
021303,021300,020000,MACATE,SANTA,ANCASH,False,True,0,0
021304,021300,020000,MORO,SANTA,ANCASH,False,True,0,0
021305,021300,020000,NEPEÑA,SANTA,ANCASH,False,True,0,0
021306,021300,020000,SAMANCO,SANTA,ANCASH,False,True,0,0
021307,021300,020000,SANTA,SANTA,ANCASH,False,True,0,0
021308,021300,020000,COISHCO,SANTA,ANCASH,False,True,0,0
021309,021300,020000,NUEVO CHIMBOTE,SANTA,ANCASH,False,True,0,0
021401,021400,020000,SIHUAS,SIHUAS,ANCASH,False,True,0,0
021402,021400,020000,ALFONSO UGARTE,SIHUAS,ANCASH,False,True,0,0
021403,021400,020000,CHINGALPO,SIHUAS,ANCASH,False,True,0,0
021404,021400,020000,HUAYLLABAMBA,SIHUAS,ANCASH,False,True,0,0
021405,021400,020000,QUICHES,SIHUAS,ANCASH,False,True,0,0
021406,021400,020000,SICSIBAMBA,SIHUAS,ANCASH,False,True,0,0
021407,021400,020000,ACOBAMBA,SIHUAS,ANCASH,False,True,0,0
021408,021400,020000,CASHAPAMPA,SIHUAS,ANCASH,False,True,0,0
021409,021400,020000,RAGASH,SIHUAS,ANCASH,False,True,0,0
021410,021400,020000,SAN JUAN,SIHUAS,ANCASH,False,True,0,0
021501,021500,020000,YUNGAY,YUNGAY,ANCASH,False,True,0,0
021502,021500,020000,CASCAPARA,YUNGAY,ANCASH,False,True,0,0
021503,021500,020000,MANCOS,YUNGAY,ANCASH,False,True,0,0
021504,021500,020000,MATACOTO,YUNGAY,ANCASH,False,True,0,0
021505,021500,020000,QUILLO,YUNGAY,ANCASH,False,True,0,0
021506,021500,020000,RANRAHIRCA,YUNGAY,ANCASH,False,True,0,0
021507,021500,020000,SHUPLUY,YUNGAY,ANCASH,False,True,0,0
021508,021500,020000,YANAMA,YUNGAY,ANCASH,False,True,0,0
021601,021600,020000,LLAMELLIN,ANTONIO RAIMONDI,ANCASH,False,True,0,0
021602,021600,020000,ACZO,ANTONIO RAIMONDI,ANCASH,False,True,0,0
021603,021600,020000,CHACCHO,ANTONIO RAIMONDI,ANCASH,False,True,0,0
021604,021600,020000,CHINGAS,ANTONIO RAIMONDI,ANCASH,False,True,0,0
021605,021600,020000,MIRGAS,ANTONIO RAIMONDI,ANCASH,False,True,0,0
021606,021600,020000,SAN JUAN DE RONTOY,ANTONIO RAIMONDI,ANCASH,False,True,0,0
021701,021700,020000,SAN LUIS,CARLOS FERMIN FITZCARRALD,ANCASH,False,True,0,0
021702,021700,020000,YAUYA,CARLOS FERMIN FITZCARRALD,ANCASH,False,True,0,0
021703,021700,020000,SAN NICOLAS,CARLOS FERMIN FITZCARRALD,ANCASH,False,True,0,0
021801,021800,020000,CHACAS,ASUNCION,ANCASH,False,True,0,0
021802,021800,020000,ACOCHACA,ASUNCION,ANCASH,False,True,0,0
021901,021900,020000,HUARMEY,HUARMEY,ANCASH,False,True,0,0
021902,021900,020000,COCHAPETI,HUARMEY,ANCASH,False,True,0,0
021903,021900,020000,HUAYAN,HUARMEY,ANCASH,False,True,0,0
021904,021900,020000,MALVAS,HUARMEY,ANCASH,False,True,0,0
021905,021900,020000,CULEBRAS,HUARMEY,ANCASH,False,True,0,0
022001,022000,020000,ACAS,OCROS,ANCASH,False,True,0,0
022002,022000,020000,CAJAMARQUILLA,OCROS,ANCASH,False,True,0,0
022003,022000,020000,CARHUAPAMPA,OCROS,ANCASH,False,True,0,0
022004,022000,020000,COCHAS,OCROS,ANCASH,False,True,0,0
022005,022000,020000,CONGAS,OCROS,ANCASH,False,True,0,0
022006,022000,020000,LLIPA,OCROS,ANCASH,False,True,0,0
022007,022000,020000,OCROS,OCROS,ANCASH,False,True,0,0
022008,022000,020000,SAN CRISTOBAL DE RAJAN,OCROS,ANCASH,False,True,0,0
022009,022000,020000,SAN PEDRO,OCROS,ANCASH,False,True,0,0
022010,022000,020000,SANTIAGO DE CHILCAS,OCROS,ANCASH,False,True,0,0
030101,030100,030000,ABANCAY,ABANCAY,APURIMAC,False,True,0,0
030102,030100,030000,CIRCA,ABANCAY,APURIMAC,False,True,0,0
030103,030100,030000,CURAHUASI,ABANCAY,APURIMAC,False,True,0,0
030104,030100,030000,CHACOCHE,ABANCAY,APURIMAC,False,True,0,0
030105,030100,030000,HUANIPACA,ABANCAY,APURIMAC,False,True,0,0
030106,030100,030000,LAMBRAMA,ABANCAY,APURIMAC,False,True,0,0
030107,030100,030000,PICHIRHUA,ABANCAY,APURIMAC,False,True,0,0
030108,030100,030000,SAN PEDRO DE CACHORA,ABANCAY,APURIMAC,False,True,0,0
030109,030100,030000,TAMBURCO,ABANCAY,APURIMAC,False,True,0,0
030201,030200,030000,CHALHUANCA,AYMARAES,APURIMAC,False,True,0,0
030202,030200,030000,CAPAYA,AYMARAES,APURIMAC,False,True,0,0
030203,030200,030000,CARAYBAMBA,AYMARAES,APURIMAC,False,True,0,0
030204,030200,030000,COLCABAMBA,AYMARAES,APURIMAC,False,True,0,0
030205,030200,030000,COTARUSE,AYMARAES,APURIMAC,False,True,0,0
030206,030200,030000,CHAPIMARCA,AYMARAES,APURIMAC,False,True,0,0
030207,030200,030000,IHUAYLLO,AYMARAES,APURIMAC,False,True,0,0
030208,030200,030000,LUCRE,AYMARAES,APURIMAC,False,True,0,0
030209,030200,030000,POCOHUANCA,AYMARAES,APURIMAC,False,True,0,0
030210,030200,030000,SAÑAYCA,AYMARAES,APURIMAC,False,True,0,0
030211,030200,030000,SORAYA,AYMARAES,APURIMAC,False,True,0,0
030212,030200,030000,TAPAIRIHUA,AYMARAES,APURIMAC,False,True,0,0
030213,030200,030000,TINTAY,AYMARAES,APURIMAC,False,True,0,0
030214,030200,030000,TORAYA,AYMARAES,APURIMAC,False,True,0,0
030215,030200,030000,YANACA,AYMARAES,APURIMAC,False,True,0,0
030216,030200,030000,SAN JUAN DE CHACÑA,AYMARAES,APURIMAC,False,True,0,0
030217,030200,030000,JUSTO APU SAHUARAURA,AYMARAES,APURIMAC,False,True,0,0
030301,030300,030000,ANDAHUAYLAS,ANDAHUAYLAS,APURIMAC,False,True,0,0
030302,030300,030000,ANDARAPA,ANDAHUAYLAS,APURIMAC,False,True,0,0
030303,030300,030000,CHIARA,ANDAHUAYLAS,APURIMAC,False,True,0,0
030304,030300,030000,HUANCARAMA,ANDAHUAYLAS,APURIMAC,False,True,0,0
030305,030300,030000,HUANCARAY,ANDAHUAYLAS,APURIMAC,False,True,0,0
030306,030300,030000,KISHUARA,ANDAHUAYLAS,APURIMAC,False,True,0,0
030307,030300,030000,PACOBAMBA,ANDAHUAYLAS,APURIMAC,False,True,0,0
030308,030300,030000,PAMPACHIRI,ANDAHUAYLAS,APURIMAC,False,True,0,0
030309,030300,030000,SAN ANTONIO DE CACHI,ANDAHUAYLAS,APURIMAC,False,True,0,0
030310,030300,030000,SAN JERONIMO,ANDAHUAYLAS,APURIMAC,False,True,0,0
030311,030300,030000,TALAVERA,ANDAHUAYLAS,APURIMAC,False,True,0,0
030312,030300,030000,TURPO,ANDAHUAYLAS,APURIMAC,False,True,0,0
030313,030300,030000,PACUCHA,ANDAHUAYLAS,APURIMAC,False,True,0,0
030314,030300,030000,POMACOCHA,ANDAHUAYLAS,APURIMAC,False,True,0,0
030315,030300,030000,SANTA MARIA DE CHICMO,ANDAHUAYLAS,APURIMAC,False,True,0,0
030316,030300,030000,TUMAY HUARACA,ANDAHUAYLAS,APURIMAC,False,True,0,0
030317,030300,030000,HUAYANA,ANDAHUAYLAS,APURIMAC,False,True,0,0
030318,030300,030000,SAN MIGUEL DE CHACCRAMPA,ANDAHUAYLAS,APURIMAC,False,True,0,0
030319,030300,030000,KAQUIABAMBA,ANDAHUAYLAS,APURIMAC,False,True,0,0
030320,030300,030000,JOSE MARIA ARGUEDAS,ANDAHUAYLAS,APURIMAC,False,True,0,0
030401,030400,030000,ANTABAMBA,ANTABAMBA,APURIMAC,False,True,0,0
030402,030400,030000,EL ORO,ANTABAMBA,APURIMAC,False,True,0,0
030403,030400,030000,HUAQUIRCA,ANTABAMBA,APURIMAC,False,True,0,0
030404,030400,030000,JUAN ESPINOZA MEDRANO,ANTABAMBA,APURIMAC,False,True,0,0
030405,030400,030000,OROPESA,ANTABAMBA,APURIMAC,False,True,0,0
030406,030400,030000,PACHACONAS,ANTABAMBA,APURIMAC,False,True,0,0
030407,030400,030000,SABAINO,ANTABAMBA,APURIMAC,False,True,0,0
030501,030500,030000,TAMBOBAMBA,COTABAMBAS,APURIMAC,False,True,0,0
030502,030500,030000,COYLLURQUI,COTABAMBAS,APURIMAC,False,True,0,0
030503,030500,030000,COTABAMBAS,COTABAMBAS,APURIMAC,False,True,0,0
030504,030500,030000,HAQUIRA,COTABAMBAS,APURIMAC,False,True,0,0
030505,030500,030000,MARA,COTABAMBAS,APURIMAC,False,True,0,0
030506,030500,030000,CHALLHUAHUACHO,COTABAMBAS,APURIMAC,False,True,0,0
030601,030600,030000,CHUQUIBAMBILLA,GRAU,APURIMAC,False,True,0,0
030602,030600,030000,CURPAHUASI,GRAU,APURIMAC,False,True,0,0
030603,030600,030000,HUAYLLATI,GRAU,APURIMAC,False,True,0,0
030604,030600,030000,MAMARA,GRAU,APURIMAC,False,True,0,0
030605,030600,030000,MARISCAL GAMARRA,GRAU,APURIMAC,False,True,0,0
030606,030600,030000,MICAELA BASTIDAS,GRAU,APURIMAC,False,True,0,0
030607,030600,030000,PROGRESO,GRAU,APURIMAC,False,True,0,0
030608,030600,030000,PATAYPAMPA,GRAU,APURIMAC,False,True,0,0
030609,030600,030000,SAN ANTONIO,GRAU,APURIMAC,False,True,0,0
030610,030600,030000,TURPAY,GRAU,APURIMAC,False,True,0,0
030611,030600,030000,VILCABAMBA,GRAU,APURIMAC,False,True,0,0
030612,030600,030000,VIRUNDO,GRAU,APURIMAC,False,True,0,0
030613,030600,030000,SANTA ROSA,GRAU,APURIMAC,False,True,0,0
030614,030600,030000,CURASCO,GRAU,APURIMAC,False,True,0,0
030701,030700,030000,CHINCHEROS,CHINCHEROS,APURIMAC,False,True,0,0
030702,030700,030000,ONGOY,CHINCHEROS,APURIMAC,False,True,0,0
030703,030700,030000,OCOBAMBA,CHINCHEROS,APURIMAC,False,True,0,0
030704,030700,030000,COCHARCAS,CHINCHEROS,APURIMAC,False,True,0,0
030705,030700,030000,ANCO-HUALLO,CHINCHEROS,APURIMAC,False,True,0,0
030706,030700,030000,HUACCANA,CHINCHEROS,APURIMAC,False,True,0,0
030707,030700,030000,URANMARCA,CHINCHEROS,APURIMAC,False,True,0,0
030708,030700,030000,RANRACANCHA,CHINCHEROS,APURIMAC,False,True,0,0
030709,030700,030000,ROCCHACC,CHINCHEROS,APURIMAC,False,True,0,0
030710,030700,030000,EL PORVENIR,CHINCHEROS,APURIMAC,False,True,0,0
030711,030700,030000,LOS CHANKAS,CHINCHEROS,APURIMAC,False,True,0,0
030712,030700,030000,AHUAYRO,CHINCHEROS,APURIMAC,False,True,0,0
040101,040100,040000,AREQUIPA,AREQUIPA,AREQUIPA,False,True,0,0
040102,040100,040000,CAYMA,AREQUIPA,AREQUIPA,False,True,0,0
040103,040100,040000,CERRO COLORADO,AREQUIPA,AREQUIPA,False,True,0,0
040104,040100,040000,CHARACATO,AREQUIPA,AREQUIPA,False,True,0,0
040105,040100,040000,CHIGUATA,AREQUIPA,AREQUIPA,False,True,0,0
040106,040100,040000,LA JOYA,AREQUIPA,AREQUIPA,False,True,0,0
040107,040100,040000,MIRAFLORES,AREQUIPA,AREQUIPA,False,True,0,0
040108,040100,040000,MOLLEBAYA,AREQUIPA,AREQUIPA,False,True,0,0
040109,040100,040000,PAUCARPATA,AREQUIPA,AREQUIPA,False,True,0,0
040110,040100,040000,POCSI,AREQUIPA,AREQUIPA,False,True,0,0
040111,040100,040000,POLOBAYA,AREQUIPA,AREQUIPA,False,True,0,0
040112,040100,040000,QUEQUEÑA,AREQUIPA,AREQUIPA,False,True,0,0
040113,040100,040000,SABANDIA,AREQUIPA,AREQUIPA,False,True,0,0
040114,040100,040000,SACHACA,AREQUIPA,AREQUIPA,False,True,0,0
040115,040100,040000,SAN JUAN DE SIGUAS,AREQUIPA,AREQUIPA,False,True,0,0
040116,040100,040000,SAN JUAN DE TARUCANI,AREQUIPA,AREQUIPA,False,True,0,0
040117,040100,040000,SANTA ISABEL DE SIGUAS,AREQUIPA,AREQUIPA,False,True,0,0
040118,040100,040000,SANTA RITA DE SIHUAS,AREQUIPA,AREQUIPA,False,True,0,0
040119,040100,040000,SOCABAYA,AREQUIPA,AREQUIPA,False,True,0,0
040120,040100,040000,TIABAYA,AREQUIPA,AREQUIPA,False,True,0,0
040121,040100,040000,UCHUMAYO,AREQUIPA,AREQUIPA,False,True,0,0
040122,040100,040000,VITOR,AREQUIPA,AREQUIPA,False,True,0,0
040123,040100,040000,YANAHUARA,AREQUIPA,AREQUIPA,False,True,0,0
040124,040100,040000,YARABAMBA,AREQUIPA,AREQUIPA,False,True,0,0
040125,040100,040000,YURA,AREQUIPA,AREQUIPA,False,True,0,0
040126,040100,040000,MARIANO MELGAR,AREQUIPA,AREQUIPA,False,True,0,0
040127,040100,040000,JACOBO HUNTER,AREQUIPA,AREQUIPA,False,True,0,0
040128,040100,040000,ALTO SELVA ALEGRE,AREQUIPA,AREQUIPA,False,True,0,0
040129,040100,040000,JOSE LUIS BUSTAMANTE Y RIVERO,AREQUIPA,AREQUIPA,False,True,0,0
040201,040200,040000,CHIVAY,CAYLLOMA,AREQUIPA,False,True,0,0
040202,040200,040000,ACHOMA,CAYLLOMA,AREQUIPA,False,True,0,0
040203,040200,040000,CABANACONDE,CAYLLOMA,AREQUIPA,False,True,0,0
040204,040200,040000,CAYLLOMA,CAYLLOMA,AREQUIPA,False,True,0,0
040205,040200,040000,CALLALLI,CAYLLOMA,AREQUIPA,False,True,0,0
040206,040200,040000,COPORAQUE,CAYLLOMA,AREQUIPA,False,True,0,0
040207,040200,040000,HUAMBO,CAYLLOMA,AREQUIPA,False,True,0,0
040208,040200,040000,HUANCA,CAYLLOMA,AREQUIPA,False,True,0,0
040209,040200,040000,ICHUPAMPA,CAYLLOMA,AREQUIPA,False,True,0,0
040210,040200,040000,LARI,CAYLLOMA,AREQUIPA,False,True,0,0
040211,040200,040000,LLUTA,CAYLLOMA,AREQUIPA,False,True,0,0
040212,040200,040000,MACA,CAYLLOMA,AREQUIPA,False,True,0,0
040213,040200,040000,MADRIGAL,CAYLLOMA,AREQUIPA,False,True,0,0
040214,040200,040000,SAN ANTONIO DE CHUCA,CAYLLOMA,AREQUIPA,False,True,0,0
040215,040200,040000,SIBAYO,CAYLLOMA,AREQUIPA,False,True,0,0
040216,040200,040000,TAPAY,CAYLLOMA,AREQUIPA,False,True,0,0
040217,040200,040000,TISCO,CAYLLOMA,AREQUIPA,False,True,0,0
040218,040200,040000,TUTI,CAYLLOMA,AREQUIPA,False,True,0,0
040219,040200,040000,YANQUE,CAYLLOMA,AREQUIPA,False,True,0,0
040220,040200,040000,MAJES,CAYLLOMA,AREQUIPA,False,True,0,0
040301,040300,040000,CAMANA,CAMANA,AREQUIPA,False,True,0,0
040302,040300,040000,JOSE MARIA QUIMPER,CAMANA,AREQUIPA,False,True,0,0
040303,040300,040000,MARIANO NICOLAS VALCARCEL,CAMANA,AREQUIPA,False,True,0,0
040304,040300,040000,MARISCAL CACERES,CAMANA,AREQUIPA,False,True,0,0
040305,040300,040000,NICOLAS DE PIEROLA,CAMANA,AREQUIPA,False,True,0,0
040306,040300,040000,OCOÑA,CAMANA,AREQUIPA,False,True,0,0
040307,040300,040000,QUILCA,CAMANA,AREQUIPA,False,True,0,0
040308,040300,040000,SAMUEL PASTOR,CAMANA,AREQUIPA,False,True,0,0
040401,040400,040000,CARAVELI,CARAVELI,AREQUIPA,False,True,0,0
040402,040400,040000,ACARI,CARAVELI,AREQUIPA,False,True,0,0
040403,040400,040000,ATICO,CARAVELI,AREQUIPA,False,True,0,0
040404,040400,040000,ATIQUIPA,CARAVELI,AREQUIPA,False,True,0,0
040405,040400,040000,BELLA UNION,CARAVELI,AREQUIPA,False,True,0,0
040406,040400,040000,CAHUACHO,CARAVELI,AREQUIPA,False,True,0,0
040407,040400,040000,CHALA,CARAVELI,AREQUIPA,False,True,0,0
040408,040400,040000,CHAPARRA,CARAVELI,AREQUIPA,False,True,0,0
040409,040400,040000,HUANUHUANU,CARAVELI,AREQUIPA,False,True,0,0
040410,040400,040000,JAQUI,CARAVELI,AREQUIPA,False,True,0,0
040411,040400,040000,LOMAS,CARAVELI,AREQUIPA,False,True,0,0
040412,040400,040000,QUICACHA,CARAVELI,AREQUIPA,False,True,0,0
040413,040400,040000,YAUCA,CARAVELI,AREQUIPA,False,True,0,0
040501,040500,040000,APLAO,CASTILLA,AREQUIPA,False,True,0,0
040502,040500,040000,ANDAGUA,CASTILLA,AREQUIPA,False,True,0,0
040503,040500,040000,AYO,CASTILLA,AREQUIPA,False,True,0,0
040504,040500,040000,CHACHAS,CASTILLA,AREQUIPA,False,True,0,0
040505,040500,040000,CHILCAYMARCA,CASTILLA,AREQUIPA,False,True,0,0
040506,040500,040000,CHOCO,CASTILLA,AREQUIPA,False,True,0,0
040507,040500,040000,HUANCARQUI,CASTILLA,AREQUIPA,False,True,0,0
040508,040500,040000,MACHAGUAY,CASTILLA,AREQUIPA,False,True,0,0
040509,040500,040000,ORCOPAMPA,CASTILLA,AREQUIPA,False,True,0,0
040510,040500,040000,PAMPACOLCA,CASTILLA,AREQUIPA,False,True,0,0
040511,040500,040000,TIPAN,CASTILLA,AREQUIPA,False,True,0,0
040512,040500,040000,URACA,CASTILLA,AREQUIPA,False,True,0,0
040513,040500,040000,UÑON,CASTILLA,AREQUIPA,False,True,0,0
040514,040500,040000,VIRACO,CASTILLA,AREQUIPA,False,True,0,0
040601,040600,040000,CHUQUIBAMBA,CONDESUYOS,AREQUIPA,False,True,0,0
040602,040600,040000,ANDARAY,CONDESUYOS,AREQUIPA,False,True,0,0
040603,040600,040000,CAYARANI,CONDESUYOS,AREQUIPA,False,True,0,0
040604,040600,040000,CHICHAS,CONDESUYOS,AREQUIPA,False,True,0,0
040605,040600,040000,IRAY,CONDESUYOS,AREQUIPA,False,True,0,0
040606,040600,040000,SALAMANCA,CONDESUYOS,AREQUIPA,False,True,0,0
040607,040600,040000,YANAQUIHUA,CONDESUYOS,AREQUIPA,False,True,0,0
040608,040600,040000,RIO GRANDE,CONDESUYOS,AREQUIPA,False,True,0,0
040701,040700,040000,MOLLENDO,ISLAY,AREQUIPA,False,True,0,0
040702,040700,040000,COCACHACRA,ISLAY,AREQUIPA,False,True,0,0
040703,040700,040000,DEAN VALDIVIA,ISLAY,AREQUIPA,False,True,0,0
040704,040700,040000,ISLAY,ISLAY,AREQUIPA,False,True,0,0
040705,040700,040000,MEJIA,ISLAY,AREQUIPA,False,True,0,0
040706,040700,040000,PUNTA DE BOMBON,ISLAY,AREQUIPA,False,True,0,0
040801,040800,040000,COTAHUASI,LA UNION,AREQUIPA,False,True,0,0
040802,040800,040000,ALCA,LA UNION,AREQUIPA,False,True,0,0
040803,040800,040000,CHARCANA,LA UNION,AREQUIPA,False,True,0,0
040804,040800,040000,HUAYNACOTAS,LA UNION,AREQUIPA,False,True,0,0
040805,040800,040000,PAMPAMARCA,LA UNION,AREQUIPA,False,True,0,0
040806,040800,040000,PUYCA,LA UNION,AREQUIPA,False,True,0,0
040807,040800,040000,QUECHUALLA,LA UNION,AREQUIPA,False,True,0,0
040808,040800,040000,SAYLA,LA UNION,AREQUIPA,False,True,0,0
040809,040800,040000,TAURIA,LA UNION,AREQUIPA,False,True,0,0
040810,040800,040000,TOMEPAMPA,LA UNION,AREQUIPA,False,True,0,0
040811,040800,040000,TORO,LA UNION,AREQUIPA,False,True,0,0
050101,050100,050000,AYACUCHO,HUAMANGA,AYACUCHO,False,True,0,0
050102,050100,050000,ACOS VINCHOS,HUAMANGA,AYACUCHO,False,True,0,0
050103,050100,050000,CARMEN ALTO,HUAMANGA,AYACUCHO,False,True,0,0
050104,050100,050000,CHIARA,HUAMANGA,AYACUCHO,False,True,0,0
050105,050100,050000,QUINUA,HUAMANGA,AYACUCHO,False,True,0,0
050106,050100,050000,SAN JOSE DE TICLLAS,HUAMANGA,AYACUCHO,False,True,0,0
050107,050100,050000,SAN JUAN BAUTISTA,HUAMANGA,AYACUCHO,False,True,0,0
050108,050100,050000,SANTIAGO DE PISCHA,HUAMANGA,AYACUCHO,False,True,0,0
050109,050100,050000,VINCHOS,HUAMANGA,AYACUCHO,False,True,0,0
050110,050100,050000,TAMBILLO,HUAMANGA,AYACUCHO,False,True,0,0
050111,050100,050000,ACOCRO,HUAMANGA,AYACUCHO,False,True,0,0
050112,050100,050000,SOCOS,HUAMANGA,AYACUCHO,False,True,0,0
050113,050100,050000,OCROS,HUAMANGA,AYACUCHO,False,True,0,0
050114,050100,050000,PACAYCASA,HUAMANGA,AYACUCHO,False,True,0,0
050115,050100,050000,JESUS NAZARENO,HUAMANGA,AYACUCHO,False,True,0,0
050116,050100,050000,ANDRES AVELINO CACERES DORREGARAY,HUAMANGA,AYACUCHO,False,True,0,0
050201,050200,050000,CANGALLO,CANGALLO,AYACUCHO,False,True,0,0
050204,050200,050000,CHUSCHI,CANGALLO,AYACUCHO,False,True,0,0
050206,050200,050000,LOS MOROCHUCOS,CANGALLO,AYACUCHO,False,True,0,0
050207,050200,050000,PARAS,CANGALLO,AYACUCHO,False,True,0,0
050208,050200,050000,TOTOS,CANGALLO,AYACUCHO,False,True,0,0
050211,050200,050000,MARIA PARADO DE BELLIDO,CANGALLO,AYACUCHO,False,True,0,0
050301,050300,050000,HUANTA,HUANTA,AYACUCHO,False,True,0,0
050302,050300,050000,AYAHUANCO,HUANTA,AYACUCHO,False,True,0,0
050303,050300,050000,HUAMANGUILLA,HUANTA,AYACUCHO,False,True,0,0
050304,050300,050000,IGUAIN,HUANTA,AYACUCHO,False,True,0,0
050305,050300,050000,LURICOCHA,HUANTA,AYACUCHO,False,True,0,0
050307,050300,050000,SANTILLANA,HUANTA,AYACUCHO,False,True,0,0
050308,050300,050000,SIVIA,HUANTA,AYACUCHO,False,True,0,0
050309,050300,050000,LLOCHEGUA,HUANTA,AYACUCHO,False,True,0,0
050310,050300,050000,CANAYRE,HUANTA,AYACUCHO,False,True,0,0
050311,050300,050000,UCHURACCAY,HUANTA,AYACUCHO,False,True,0,0
050312,050300,050000,PUCACOLPA,HUANTA,AYACUCHO,False,True,0,0
050313,050300,050000,CHACA,HUANTA,AYACUCHO,False,True,0,0
050314,050300,050000,PUTIS,HUANTA,AYACUCHO,False,True,0,0
050401,050400,050000,SAN MIGUEL,LA MAR,AYACUCHO,False,True,0,0
050402,050400,050000,ANCO,LA MAR,AYACUCHO,False,True,0,0
050403,050400,050000,AYNA,LA MAR,AYACUCHO,False,True,0,0
050404,050400,050000,CHILCAS,LA MAR,AYACUCHO,False,True,0,0
050405,050400,050000,CHUNGUI,LA MAR,AYACUCHO,False,True,0,0
050406,050400,050000,TAMBO,LA MAR,AYACUCHO,False,True,0,0
050407,050400,050000,LUIS CARRANZA,LA MAR,AYACUCHO,False,True,0,0
050408,050400,050000,SANTA ROSA,LA MAR,AYACUCHO,False,True,0,0
050409,050400,050000,SAMUGARI,LA MAR,AYACUCHO,False,True,0,0
050410,050400,050000,ANCHIHUAY,LA MAR,AYACUCHO,False,True,0,0
050411,050400,050000,ORONCCOY,LA MAR,AYACUCHO,False,True,0,0
050412,050400,050000,UNION PROGRESO,LA MAR,AYACUCHO,False,True,0,0
050413,050400,050000,PATIBAMBA,LA MAR,AYACUCHO,False,True,0,0
050414,050400,050000,NINABAMBA,LA MAR,AYACUCHO,False,True,0,0
050415,050400,050000,RIO MAGDALENA,LA MAR,AYACUCHO,False,True,0,0
050501,050500,050000,PUQUIO,LUCANAS,AYACUCHO,False,True,0,0
050502,050500,050000,AUCARA,LUCANAS,AYACUCHO,False,True,0,0
050503,050500,050000,CABANA,LUCANAS,AYACUCHO,False,True,0,0
050504,050500,050000,CARMEN SALCEDO,LUCANAS,AYACUCHO,False,True,0,0
050506,050500,050000,CHAVIÑA,LUCANAS,AYACUCHO,False,True,0,0
050508,050500,050000,CHIPAO,LUCANAS,AYACUCHO,False,True,0,0
050510,050500,050000,HUAC-HUAS,LUCANAS,AYACUCHO,False,True,0,0
050511,050500,050000,LARAMATE,LUCANAS,AYACUCHO,False,True,0,0
050512,050500,050000,LEONCIO PRADO,LUCANAS,AYACUCHO,False,True,0,0
050513,050500,050000,LUCANAS,LUCANAS,AYACUCHO,False,True,0,0
050514,050500,050000,LLAUTA,LUCANAS,AYACUCHO,False,True,0,0
050516,050500,050000,OCAÑA,LUCANAS,AYACUCHO,False,True,0,0
050517,050500,050000,OTOCA,LUCANAS,AYACUCHO,False,True,0,0
050520,050500,050000,SANCOS,LUCANAS,AYACUCHO,False,True,0,0
050521,050500,050000,SAN JUAN,LUCANAS,AYACUCHO,False,True,0,0
050522,050500,050000,SAN PEDRO,LUCANAS,AYACUCHO,False,True,0,0
050524,050500,050000,SANTA ANA DE HUAYCAHUACHO,LUCANAS,AYACUCHO,False,True,0,0
050525,050500,050000,SANTA LUCIA,LUCANAS,AYACUCHO,False,True,0,0
050529,050500,050000,SAISA,LUCANAS,AYACUCHO,False,True,0,0
050531,050500,050000,SAN PEDRO DE PALCO,LUCANAS,AYACUCHO,False,True,0,0
050532,050500,050000,SAN CRISTOBAL,LUCANAS,AYACUCHO,False,True,0,0
050601,050600,050000,CORACORA,PARINACOCHAS,AYACUCHO,False,True,0,0
050604,050600,050000,CORONEL CASTAÑEDA,PARINACOCHAS,AYACUCHO,False,True,0,0
050605,050600,050000,CHUMPI,PARINACOCHAS,AYACUCHO,False,True,0,0
050608,050600,050000,PACAPAUSA,PARINACOCHAS,AYACUCHO,False,True,0,0
050611,050600,050000,PULLO,PARINACOCHAS,AYACUCHO,False,True,0,0
050612,050600,050000,PUYUSCA,PARINACOCHAS,AYACUCHO,False,True,0,0
050615,050600,050000,SAN FRANCISCO DE RAVACAYCO,PARINACOCHAS,AYACUCHO,False,True,0,0
050616,050600,050000,UPAHUACHO,PARINACOCHAS,AYACUCHO,False,True,0,0
050701,050700,050000,HUANCAPI,VICTOR FAJARDO,AYACUCHO,False,True,0,0
050702,050700,050000,ALCAMENCA,VICTOR FAJARDO,AYACUCHO,False,True,0,0
050703,050700,050000,APONGO,VICTOR FAJARDO,AYACUCHO,False,True,0,0
050704,050700,050000,CANARIA,VICTOR FAJARDO,AYACUCHO,False,True,0,0
050706,050700,050000,CAYARA,VICTOR FAJARDO,AYACUCHO,False,True,0,0
050707,050700,050000,COLCA,VICTOR FAJARDO,AYACUCHO,False,True,0,0
050708,050700,050000,HUALLA,VICTOR FAJARDO,AYACUCHO,False,True,0,0
050709,050700,050000,HUAMANQUIQUIA,VICTOR FAJARDO,AYACUCHO,False,True,0,0
050710,050700,050000,HUANCARAYLLA,VICTOR FAJARDO,AYACUCHO,False,True,0,0
050713,050700,050000,SARHUA,VICTOR FAJARDO,AYACUCHO,False,True,0,0
050714,050700,050000,VILCANCHOS,VICTOR FAJARDO,AYACUCHO,False,True,0,0
050715,050700,050000,ASQUIPATA,VICTOR FAJARDO,AYACUCHO,False,True,0,0
050801,050800,050000,SANCOS,HUANCA SANCOS,AYACUCHO,False,True,0,0
050802,050800,050000,SACSAMARCA,HUANCA SANCOS,AYACUCHO,False,True,0,0
050803,050800,050000,SANTIAGO DE LUCANAMARCA,HUANCA SANCOS,AYACUCHO,False,True,0,0
050804,050800,050000,CARAPO,HUANCA SANCOS,AYACUCHO,False,True,0,0
050901,050900,050000,VILCAS HUAMAN,VILCAS HUAMAN,AYACUCHO,False,True,0,0
050902,050900,050000,VISCHONGO,VILCAS HUAMAN,AYACUCHO,False,True,0,0
050903,050900,050000,ACCOMARCA,VILCAS HUAMAN,AYACUCHO,False,True,0,0
050904,050900,050000,CARHUANCA,VILCAS HUAMAN,AYACUCHO,False,True,0,0
050905,050900,050000,CONCEPCION,VILCAS HUAMAN,AYACUCHO,False,True,0,0
050906,050900,050000,HUAMBALPA,VILCAS HUAMAN,AYACUCHO,False,True,0,0
050907,050900,050000,SAURAMA,VILCAS HUAMAN,AYACUCHO,False,True,0,0
050908,050900,050000,INDEPENDENCIA,VILCAS HUAMAN,AYACUCHO,False,True,0,0
051001,051000,050000,PAUSA,PAUCAR DEL SARA SARA,AYACUCHO,False,True,0,0
051002,051000,050000,COLTA,PAUCAR DEL SARA SARA,AYACUCHO,False,True,0,0
051003,051000,050000,CORCULLA,PAUCAR DEL SARA SARA,AYACUCHO,False,True,0,0
051004,051000,050000,LAMPA,PAUCAR DEL SARA SARA,AYACUCHO,False,True,0,0
051005,051000,050000,MARCABAMBA,PAUCAR DEL SARA SARA,AYACUCHO,False,True,0,0
051006,051000,050000,OYOLO,PAUCAR DEL SARA SARA,AYACUCHO,False,True,0,0
051007,051000,050000,PARARCA,PAUCAR DEL SARA SARA,AYACUCHO,False,True,0,0
051008,051000,050000,SAN JAVIER DE ALPABAMBA,PAUCAR DEL SARA SARA,AYACUCHO,False,True,0,0
051009,051000,050000,SAN JOSE DE USHUA,PAUCAR DEL SARA SARA,AYACUCHO,False,True,0,0
051010,051000,050000,SARA SARA,PAUCAR DEL SARA SARA,AYACUCHO,False,True,0,0
051101,051100,050000,QUEROBAMBA,SUCRE,AYACUCHO,False,True,0,0
051102,051100,050000,BELEN,SUCRE,AYACUCHO,False,True,0,0
051103,051100,050000,CHALCOS,SUCRE,AYACUCHO,False,True,0,0
051104,051100,050000,SAN SALVADOR DE QUIJE,SUCRE,AYACUCHO,False,True,0,0
051105,051100,050000,PAICO,SUCRE,AYACUCHO,False,True,0,0
051106,051100,050000,SANTIAGO DE PAUCARAY,SUCRE,AYACUCHO,False,True,0,0
051107,051100,050000,SAN PEDRO DE LARCAY,SUCRE,AYACUCHO,False,True,0,0
051108,051100,050000,SORAS,SUCRE,AYACUCHO,False,True,0,0
051109,051100,050000,HUACAÑA,SUCRE,AYACUCHO,False,True,0,0
051110,051100,050000,CHILCAYOC,SUCRE,AYACUCHO,False,True,0,0
051111,051100,050000,MORCOLLA,SUCRE,AYACUCHO,False,True,0,0
060101,060100,060000,CAJAMARCA,CAJAMARCA,CAJAMARCA,False,True,0,0
060102,060100,060000,ASUNCION,CAJAMARCA,CAJAMARCA,False,True,0,0
060103,060100,060000,COSPAN,CAJAMARCA,CAJAMARCA,False,True,0,0
060104,060100,060000,CHETILLA,CAJAMARCA,CAJAMARCA,False,True,0,0
060105,060100,060000,ENCAÑADA,CAJAMARCA,CAJAMARCA,False,True,0,0
060106,060100,060000,JESUS,CAJAMARCA,CAJAMARCA,False,True,0,0
060107,060100,060000,LOS BAÑOS DEL INCA,CAJAMARCA,CAJAMARCA,False,True,0,0
060108,060100,060000,LLACANORA,CAJAMARCA,CAJAMARCA,False,True,0,0
060109,060100,060000,MAGDALENA,CAJAMARCA,CAJAMARCA,False,True,0,0
060110,060100,060000,MATARA,CAJAMARCA,CAJAMARCA,False,True,0,0
060111,060100,060000,NAMORA,CAJAMARCA,CAJAMARCA,False,True,0,0
060112,060100,060000,SAN JUAN,CAJAMARCA,CAJAMARCA,False,True,0,0
060201,060200,060000,CAJABAMBA,CAJABAMBA,CAJAMARCA,False,True,0,0
060202,060200,060000,CACHACHI,CAJABAMBA,CAJAMARCA,False,True,0,0
060203,060200,060000,CONDEBAMBA,CAJABAMBA,CAJAMARCA,False,True,0,0
060205,060200,060000,SITACOCHA,CAJABAMBA,CAJAMARCA,False,True,0,0
060301,060300,060000,CELENDIN,CELENDIN,CAJAMARCA,False,True,0,0
060302,060300,060000,CORTEGANA,CELENDIN,CAJAMARCA,False,True,0,0
060303,060300,060000,CHUMUCH,CELENDIN,CAJAMARCA,False,True,0,0
060304,060300,060000,HUASMIN,CELENDIN,CAJAMARCA,False,True,0,0
060305,060300,060000,JORGE CHAVEZ,CELENDIN,CAJAMARCA,False,True,0,0
060306,060300,060000,JOSE GALVEZ,CELENDIN,CAJAMARCA,False,True,0,0
060307,060300,060000,MIGUEL IGLESIAS,CELENDIN,CAJAMARCA,False,True,0,0
060308,060300,060000,OXAMARCA,CELENDIN,CAJAMARCA,False,True,0,0
060309,060300,060000,SOROCHUCO,CELENDIN,CAJAMARCA,False,True,0,0
060310,060300,060000,SUCRE,CELENDIN,CAJAMARCA,False,True,0,0
060311,060300,060000,UTCO,CELENDIN,CAJAMARCA,False,True,0,0
060312,060300,060000,LA LIBERTAD DE PALLAN,CELENDIN,CAJAMARCA,False,True,0,0
060401,060400,060000,CONTUMAZA,CONTUMAZA,CAJAMARCA,False,True,0,0
060403,060400,060000,CHILETE,CONTUMAZA,CAJAMARCA,False,True,0,0
060404,060400,060000,GUZMANGO,CONTUMAZA,CAJAMARCA,False,True,0,0
060405,060400,060000,SAN BENITO,CONTUMAZA,CAJAMARCA,False,True,0,0
060406,060400,060000,CUPISNIQUE,CONTUMAZA,CAJAMARCA,False,True,0,0
060407,060400,060000,TANTARICA,CONTUMAZA,CAJAMARCA,False,True,0,0
060408,060400,060000,YONAN,CONTUMAZA,CAJAMARCA,False,True,0,0
060409,060400,060000,SANTA CRUZ DE TOLED,CONTUMAZA,CAJAMARCA,False,True,0,0
060501,060500,060000,CUTERVO,CUTERVO,CAJAMARCA,False,True,0,0
060502,060500,060000,CALLAYUC,CUTERVO,CAJAMARCA,False,True,0,0
060503,060500,060000,CUJILLO,CUTERVO,CAJAMARCA,False,True,0,0
060504,060500,060000,CHOROS,CUTERVO,CAJAMARCA,False,True,0,0
060505,060500,060000,LA RAMADA,CUTERVO,CAJAMARCA,False,True,0,0
060506,060500,060000,PIMPINGOS,CUTERVO,CAJAMARCA,False,True,0,0
060507,060500,060000,QUEROCOTILLO,CUTERVO,CAJAMARCA,False,True,0,0
060508,060500,060000,SAN ANDRES DE CUTERVO,CUTERVO,CAJAMARCA,False,True,0,0
060509,060500,060000,SAN JUAN DE CUTERVO,CUTERVO,CAJAMARCA,False,True,0,0
060510,060500,060000,SAN LUIS DE LUCMA,CUTERVO,CAJAMARCA,False,True,0,0
060511,060500,060000,SANTA CRUZ,CUTERVO,CAJAMARCA,False,True,0,0
060512,060500,060000,SANTO DOMINGO DE LA CAPILLA,CUTERVO,CAJAMARCA,False,True,0,0
060513,060500,060000,SANTO TOMAS,CUTERVO,CAJAMARCA,False,True,0,0
060514,060500,060000,SOCOTA,CUTERVO,CAJAMARCA,False,True,0,0
060515,060500,060000,TORIBIO CASANOVA,CUTERVO,CAJAMARCA,False,True,0,0
060601,060600,060000,CHOTA,CHOTA,CAJAMARCA,False,True,0,0
060602,060600,060000,ANGUIA,CHOTA,CAJAMARCA,False,True,0,0
060603,060600,060000,COCHABAMBA,CHOTA,CAJAMARCA,False,True,0,0
060604,060600,060000,CONCHAN,CHOTA,CAJAMARCA,False,True,0,0
060605,060600,060000,CHADIN,CHOTA,CAJAMARCA,False,True,0,0
060606,060600,060000,CHIGUIRIP,CHOTA,CAJAMARCA,False,True,0,0
060607,060600,060000,CHIMBAN,CHOTA,CAJAMARCA,False,True,0,0
060608,060600,060000,HUAMBOS,CHOTA,CAJAMARCA,False,True,0,0
060609,060600,060000,LAJAS,CHOTA,CAJAMARCA,False,True,0,0
060610,060600,060000,LLAMA,CHOTA,CAJAMARCA,False,True,0,0
060611,060600,060000,MIRACOSTA,CHOTA,CAJAMARCA,False,True,0,0
060612,060600,060000,PACCHA,CHOTA,CAJAMARCA,False,True,0,0
060613,060600,060000,PION,CHOTA,CAJAMARCA,False,True,0,0
060614,060600,060000,QUEROCOTO,CHOTA,CAJAMARCA,False,True,0,0
060615,060600,060000,TACABAMBA,CHOTA,CAJAMARCA,False,True,0,0
060616,060600,060000,TOCMOCHE,CHOTA,CAJAMARCA,False,True,0,0
060617,060600,060000,SAN JUAN DE LICUPIS,CHOTA,CAJAMARCA,False,True,0,0
060618,060600,060000,CHOROPAMPA,CHOTA,CAJAMARCA,False,True,0,0
060619,060600,060000,CHALAMARCA,CHOTA,CAJAMARCA,False,True,0,0
060701,060700,060000,BAMBAMARCA,HUALGAYOC,CAJAMARCA,False,True,0,0
060702,060700,060000,CHUGUR,HUALGAYOC,CAJAMARCA,False,True,0,0
060703,060700,060000,HUALGAYOC,HUALGAYOC,CAJAMARCA,False,True,0,0
060801,060800,060000,JAEN,JAEN,CAJAMARCA,False,True,0,0
060802,060800,060000,BELLAVISTA,JAEN,CAJAMARCA,False,True,0,0
060803,060800,060000,COLASAY,JAEN,CAJAMARCA,False,True,0,0
060804,060800,060000,CHONTALI,JAEN,CAJAMARCA,False,True,0,0
060805,060800,060000,POMAHUACA,JAEN,CAJAMARCA,False,True,0,0
060806,060800,060000,PUCARA,JAEN,CAJAMARCA,False,True,0,0
060807,060800,060000,SALLIQUE,JAEN,CAJAMARCA,False,True,0,0
060808,060800,060000,SAN FELIPE,JAEN,CAJAMARCA,False,True,0,0
060809,060800,060000,SAN JOSE DEL ALTO,JAEN,CAJAMARCA,False,True,0,0
060810,060800,060000,SANTA ROSA,JAEN,CAJAMARCA,False,True,0,0
060811,060800,060000,LAS PIRIAS,JAEN,CAJAMARCA,False,True,0,0
060812,060800,060000,HUABAL,JAEN,CAJAMARCA,False,True,0,0
060901,060900,060000,SANTA CRUZ,SANTA CRUZ,CAJAMARCA,False,True,0,0
060902,060900,060000,CATACHE,SANTA CRUZ,CAJAMARCA,False,True,0,0
060903,060900,060000,CHANCAYBAÑOS,SANTA CRUZ,CAJAMARCA,False,True,0,0
060904,060900,060000,LA ESPERANZA,SANTA CRUZ,CAJAMARCA,False,True,0,0
060905,060900,060000,NINABAMBA,SANTA CRUZ,CAJAMARCA,False,True,0,0
060906,060900,060000,PULAN,SANTA CRUZ,CAJAMARCA,False,True,0,0
060907,060900,060000,SEXI,SANTA CRUZ,CAJAMARCA,False,True,0,0
060908,060900,060000,UTICYACU,SANTA CRUZ,CAJAMARCA,False,True,0,0
060909,060900,060000,YAUYUCAN,SANTA CRUZ,CAJAMARCA,False,True,0,0
060910,060900,060000,ANDABAMBA,SANTA CRUZ,CAJAMARCA,False,True,0,0
060911,060900,060000,SAUCEPAMPA,SANTA CRUZ,CAJAMARCA,False,True,0,0
061001,061000,060000,SAN MIGUEL,SAN MIGUEL,CAJAMARCA,False,True,0,0
061002,061000,060000,CALQUIS,SAN MIGUEL,CAJAMARCA,False,True,0,0
061003,061000,060000,LA FLORIDA,SAN MIGUEL,CAJAMARCA,False,True,0,0
061004,061000,060000,LLAPA,SAN MIGUEL,CAJAMARCA,False,True,0,0
061005,061000,060000,NANCHOC,SAN MIGUEL,CAJAMARCA,False,True,0,0
061006,061000,060000,NIEPOS,SAN MIGUEL,CAJAMARCA,False,True,0,0
061007,061000,060000,SAN GREGORIO,SAN MIGUEL,CAJAMARCA,False,True,0,0
061008,061000,060000,SAN SILVESTRE DE COCHAN,SAN MIGUEL,CAJAMARCA,False,True,0,0
061009,061000,060000,EL PRADO,SAN MIGUEL,CAJAMARCA,False,True,0,0
061010,061000,060000,UNION AGUA BLANCA,SAN MIGUEL,CAJAMARCA,False,True,0,0
061011,061000,060000,TONGOD,SAN MIGUEL,CAJAMARCA,False,True,0,0
061012,061000,060000,CATILLUC,SAN MIGUEL,CAJAMARCA,False,True,0,0
061013,061000,060000,BOLIVAR,SAN MIGUEL,CAJAMARCA,False,True,0,0
061101,061100,060000,SAN IGNACIO,SAN IGNACIO,CAJAMARCA,False,True,0,0
061102,061100,060000,CHIRINOS,SAN IGNACIO,CAJAMARCA,False,True,0,0
061103,061100,060000,HUARANGO,SAN IGNACIO,CAJAMARCA,False,True,0,0
061104,061100,060000,NAMBALLE,SAN IGNACIO,CAJAMARCA,False,True,0,0
061105,061100,060000,LA COIPA,SAN IGNACIO,CAJAMARCA,False,True,0,0
061106,061100,060000,SAN JOSE DE LOURDES,SAN IGNACIO,CAJAMARCA,False,True,0,0
061107,061100,060000,TABACONAS,SAN IGNACIO,CAJAMARCA,False,True,0,0
061201,061200,060000,PEDRO GALVEZ,SAN MARCOS,CAJAMARCA,False,True,0,0
061202,061200,060000,ICHOCAN,SAN MARCOS,CAJAMARCA,False,True,0,0
061203,061200,060000,GREGORIO PITA,SAN MARCOS,CAJAMARCA,False,True,0,0
061204,061200,060000,JOSE MANUEL QUIROZ,SAN MARCOS,CAJAMARCA,False,True,0,0
061205,061200,060000,EDUARDO VILLANUEVA,SAN MARCOS,CAJAMARCA,False,True,0,0
061206,061200,060000,JOSE SABOGAL,SAN MARCOS,CAJAMARCA,False,True,0,0
061207,061200,060000,CHANCAY,SAN MARCOS,CAJAMARCA,False,True,0,0
061301,061300,060000,SAN PABLO,SAN PABLO,CAJAMARCA,False,True,0,0
061302,061300,060000,SAN BERNARDINO,SAN PABLO,CAJAMARCA,False,True,0,0
061303,061300,060000,SAN LUIS,SAN PABLO,CAJAMARCA,False,True,0,0
061304,061300,060000,TUMBADEN,SAN PABLO,CAJAMARCA,False,True,0,0
070101,070100,070000,CUSCO,CUSCO,CUSCO,False,True,0,0
070102,070100,070000,CCORCA,CUSCO,CUSCO,False,True,0,0
070103,070100,070000,POROY,CUSCO,CUSCO,False,True,0,0
070104,070100,070000,SAN JERONIMO,CUSCO,CUSCO,False,True,0,0
070105,070100,070000,SAN SEBASTIAN,CUSCO,CUSCO,False,True,0,0
070106,070100,070000,SANTIAGO,CUSCO,CUSCO,False,True,0,0
070107,070100,070000,SAYLLA,CUSCO,CUSCO,False,True,0,0
070108,070100,070000,WANCHAQ,CUSCO,CUSCO,False,True,0,0
070201,070200,070000,ACOMAYO,ACOMAYO,CUSCO,False,True,0,0
070202,070200,070000,ACOPIA,ACOMAYO,CUSCO,False,True,0,0
070203,070200,070000,ACOS,ACOMAYO,CUSCO,False,True,0,0
070204,070200,070000,POMACANCHI,ACOMAYO,CUSCO,False,True,0,0
070205,070200,070000,RONDOCAN,ACOMAYO,CUSCO,False,True,0,0
070206,070200,070000,SANGARARA,ACOMAYO,CUSCO,False,True,0,0
070207,070200,070000,MOSOC LLACTA,ACOMAYO,CUSCO,False,True,0,0
070301,070300,070000,ANTA,ANTA,CUSCO,False,True,0,0
070302,070300,070000,CHINCHAYPUJIO,ANTA,CUSCO,False,True,0,0
070303,070300,070000,HUAROCONDO,ANTA,CUSCO,False,True,0,0
070304,070300,070000,LIMATAMBO,ANTA,CUSCO,False,True,0,0
070305,070300,070000,MOLLEPATA,ANTA,CUSCO,False,True,0,0
070306,070300,070000,PUCYURA,ANTA,CUSCO,False,True,0,0
070307,070300,070000,ZURITE,ANTA,CUSCO,False,True,0,0
070308,070300,070000,CACHIMAYO,ANTA,CUSCO,False,True,0,0
070309,070300,070000,ANCAHUASI,ANTA,CUSCO,False,True,0,0
070401,070400,070000,CALCA,CALCA,CUSCO,False,True,0,0
070402,070400,070000,COYA,CALCA,CUSCO,False,True,0,0
070403,070400,070000,LAMAY,CALCA,CUSCO,False,True,0,0
070404,070400,070000,LARES,CALCA,CUSCO,False,True,0,0
070405,070400,070000,PISAC,CALCA,CUSCO,False,True,0,0
070406,070400,070000,SAN SALVADOR,CALCA,CUSCO,False,True,0,0
070407,070400,070000,TARAY,CALCA,CUSCO,False,True,0,0
070408,070400,070000,YANATILE,CALCA,CUSCO,False,True,0,0
070501,070500,070000,YANAOCA,CANAS,CUSCO,False,True,0,0
070502,070500,070000,CHECCA,CANAS,CUSCO,False,True,0,0
070503,070500,070000,KUNTURKANKI,CANAS,CUSCO,False,True,0,0
070504,070500,070000,LANGUI,CANAS,CUSCO,False,True,0,0
070505,070500,070000,LAYO,CANAS,CUSCO,False,True,0,0
070506,070500,070000,PAMPAMARCA,CANAS,CUSCO,False,True,0,0
070507,070500,070000,QUEHUE,CANAS,CUSCO,False,True,0,0
070508,070500,070000,TUPAC AMARU,CANAS,CUSCO,False,True,0,0
070601,070600,070000,SICUANI,CANCHIS,CUSCO,False,True,0,0
070602,070600,070000,COMBAPATA,CANCHIS,CUSCO,False,True,0,0
070603,070600,070000,CHECACUPE,CANCHIS,CUSCO,False,True,0,0
070604,070600,070000,MARANGANI,CANCHIS,CUSCO,False,True,0,0
070605,070600,070000,PITUMARCA,CANCHIS,CUSCO,False,True,0,0
070606,070600,070000,SAN PABLO,CANCHIS,CUSCO,False,True,0,0
070607,070600,070000,SAN PEDRO,CANCHIS,CUSCO,False,True,0,0
070608,070600,070000,TINTA,CANCHIS,CUSCO,False,True,0,0
070701,070700,070000,SANTO TOMAS,CHUMBIVILCAS,CUSCO,False,True,0,0
070702,070700,070000,CAPACMARCA,CHUMBIVILCAS,CUSCO,False,True,0,0
070703,070700,070000,COLQUEMARCA,CHUMBIVILCAS,CUSCO,False,True,0,0
070704,070700,070000,CHAMACA,CHUMBIVILCAS,CUSCO,False,True,0,0
070705,070700,070000,LIVITACA,CHUMBIVILCAS,CUSCO,False,True,0,0
070706,070700,070000,LLUSCO,CHUMBIVILCAS,CUSCO,False,True,0,0
070707,070700,070000,QUIÑOTA,CHUMBIVILCAS,CUSCO,False,True,0,0
070708,070700,070000,VELILLE,CHUMBIVILCAS,CUSCO,False,True,0,0
070801,070800,070000,ESPINAR,ESPINAR,CUSCO,False,True,0,0
070802,070800,070000,CONDOROMA,ESPINAR,CUSCO,False,True,0,0
070803,070800,070000,COPORAQUE,ESPINAR,CUSCO,False,True,0,0
070804,070800,070000,OCORURO,ESPINAR,CUSCO,False,True,0,0
070805,070800,070000,PALLPATA,ESPINAR,CUSCO,False,True,0,0
070806,070800,070000,PICHIGUA,ESPINAR,CUSCO,False,True,0,0
070807,070800,070000,SUYCKUTAMBO,ESPINAR,CUSCO,False,True,0,0
070808,070800,070000,ALTO PICHIGUA,ESPINAR,CUSCO,False,True,0,0
070901,070900,070000,SANTA ANA,LA CONVENCION,CUSCO,False,True,0,0
070902,070900,070000,ECHARATE,LA CONVENCION,CUSCO,False,True,0,0
070903,070900,070000,HUAYOPATA,LA CONVENCION,CUSCO,False,True,0,0
070904,070900,070000,MARANURA,LA CONVENCION,CUSCO,False,True,0,0
070905,070900,070000,OCOBAMBA,LA CONVENCION,CUSCO,False,True,0,0
070906,070900,070000,SANTA TERESA,LA CONVENCION,CUSCO,False,True,0,0
070907,070900,070000,VILCABAMBA,LA CONVENCION,CUSCO,False,True,0,0
070908,070900,070000,QUELLOUNO,LA CONVENCION,CUSCO,False,True,0,0
070909,070900,070000,KIMBIRI,LA CONVENCION,CUSCO,False,True,0,0
070910,070900,070000,PICHARI,LA CONVENCION,CUSCO,False,True,0,0
070911,070900,070000,INKAWASI,LA CONVENCION,CUSCO,False,True,0,0
070912,070900,070000,VILLA VIRGEN,LA CONVENCION,CUSCO,False,True,0,0
070913,070900,070000,VILLA KINTIARINA,LA CONVENCION,CUSCO,False,True,0,0
070915,070900,070000,MEGANTONI,LA CONVENCION,CUSCO,False,True,0,0
070916,070900,070000,KUMPIRUSHIATO,LA CONVENCIÓN,CUSCO,False,False,0,0
070917,070900,070000,CIELO PUNCO,LA CONVENCION,CUSCO,False,True,0,0
070918,070900,070000,KUMPIRUSHIATO,LA CONVENCION,CUSCO,False,True,0,0
070919,070900,070000,UNION ASHANINKA,LA CONVENCION,CUSCO,False,True,0,0
071001,071000,070000,PARURO,PARURO,CUSCO,False,True,0,0
071002,071000,070000,ACCHA,PARURO,CUSCO,False,True,0,0
071003,071000,070000,CCAPI,PARURO,CUSCO,False,True,0,0
071004,071000,070000,COLCHA,PARURO,CUSCO,False,True,0,0
071005,071000,070000,HUANOQUITE,PARURO,CUSCO,False,True,0,0
071006,071000,070000,OMACHA,PARURO,CUSCO,False,True,0,0
071007,071000,070000,YAURISQUE,PARURO,CUSCO,False,True,0,0
071008,071000,070000,PACCARITAMBO,PARURO,CUSCO,False,True,0,0
071009,071000,070000,PILLPINTO,PARURO,CUSCO,False,True,0,0
071101,071100,070000,PAUCARTAMBO,PAUCARTAMBO,CUSCO,False,True,0,0
071102,071100,070000,CAICAY,PAUCARTAMBO,CUSCO,False,True,0,0
071103,071100,070000,COLQUEPATA,PAUCARTAMBO,CUSCO,False,True,0,0
071104,071100,070000,CHALLABAMBA,PAUCARTAMBO,CUSCO,False,True,0,0
071105,071100,070000,KOSÑIPATA,PAUCARTAMBO,CUSCO,False,True,0,0
071106,071100,070000,HUANCARANI,PAUCARTAMBO,CUSCO,False,True,0,0
071201,071200,070000,URCOS,QUISPICANCHI,CUSCO,False,True,0,0
071202,071200,070000,ANDAHUAYLILLAS,QUISPICANCHI,CUSCO,False,True,0,0
071203,071200,070000,CAMANTI,QUISPICANCHI,CUSCO,False,True,0,0
071204,071200,070000,CCARHUAYO,QUISPICANCHI,CUSCO,False,True,0,0
071205,071200,070000,CCATCA,QUISPICANCHI,CUSCO,False,True,0,0
071206,071200,070000,CUSIPATA,QUISPICANCHI,CUSCO,False,True,0,0
071207,071200,070000,HUARO,QUISPICANCHI,CUSCO,False,True,0,0
071208,071200,070000,LUCRE,QUISPICANCHI,CUSCO,False,True,0,0
071209,071200,070000,MARCAPATA,QUISPICANCHI,CUSCO,False,True,0,0
071210,071200,070000,OCONGATE,QUISPICANCHI,CUSCO,False,True,0,0
071211,071200,070000,OROPESA,QUISPICANCHI,CUSCO,False,True,0,0
071212,071200,070000,QUIQUIJANA,QUISPICANCHI,CUSCO,False,True,0,0
071301,071300,070000,URUBAMBA,URUBAMBA,CUSCO,False,True,0,0
071302,071300,070000,CHINCHERO,URUBAMBA,CUSCO,False,True,0,0
071303,071300,070000,HUAYLLABAMBA,URUBAMBA,CUSCO,False,True,0,0
071304,071300,070000,MACHUPICCHU,URUBAMBA,CUSCO,False,True,0,0
071305,071300,070000,MARAS,URUBAMBA,CUSCO,False,True,0,0
071306,071300,070000,OLLANTAYTAMBO,URUBAMBA,CUSCO,False,True,0,0
071307,071300,070000,YUCAY,URUBAMBA,CUSCO,False,True,0,0
080101,080100,080000,HUANCAVELICA,HUANCAVELICA,HUANCAVELICA,False,True,0,0
080102,080100,080000,ACOBAMBILLA,HUANCAVELICA,HUANCAVELICA,False,True,0,0
080103,080100,080000,ACORIA,HUANCAVELICA,HUANCAVELICA,False,True,0,0
080104,080100,080000,CONAYCA,HUANCAVELICA,HUANCAVELICA,False,True,0,0
080105,080100,080000,CUENCA,HUANCAVELICA,HUANCAVELICA,False,True,0,0
080106,080100,080000,HUACHOCOLPA,HUANCAVELICA,HUANCAVELICA,False,True,0,0
080108,080100,080000,HUAYLLAHUARA,HUANCAVELICA,HUANCAVELICA,False,True,0,0
080109,080100,080000,IZCUCHACA,HUANCAVELICA,HUANCAVELICA,False,True,0,0
080110,080100,080000,LARIA,HUANCAVELICA,HUANCAVELICA,False,True,0,0
080111,080100,080000,MANTA,HUANCAVELICA,HUANCAVELICA,False,True,0,0
080112,080100,080000,MARISCAL CACERES,HUANCAVELICA,HUANCAVELICA,False,True,0,0
080113,080100,080000,MOYA,HUANCAVELICA,HUANCAVELICA,False,True,0,0
080114,080100,080000,NUEVO OCCORO,HUANCAVELICA,HUANCAVELICA,False,True,0,0
080115,080100,080000,PALCA,HUANCAVELICA,HUANCAVELICA,False,True,0,0
080116,080100,080000,PILCHACA,HUANCAVELICA,HUANCAVELICA,False,True,0,0
080117,080100,080000,VILCA,HUANCAVELICA,HUANCAVELICA,False,True,0,0
080118,080100,080000,YAULI,HUANCAVELICA,HUANCAVELICA,False,True,0,0
080119,080100,080000,ASCENSION,HUANCAVELICA,HUANCAVELICA,False,True,0,0
080120,080100,080000,HUANDO,HUANCAVELICA,HUANCAVELICA,False,True,0,0
080201,080200,080000,ACOBAMBA,ACOBAMBA,HUANCAVELICA,False,True,0,0
080202,080200,080000,ANTA,ACOBAMBA,HUANCAVELICA,False,True,0,0
080203,080200,080000,ANDABAMBA,ACOBAMBA,HUANCAVELICA,False,True,0,0
080204,080200,080000,CAJA,ACOBAMBA,HUANCAVELICA,False,True,0,0
080205,080200,080000,MARCAS,ACOBAMBA,HUANCAVELICA,False,True,0,0
080206,080200,080000,PAUCARA,ACOBAMBA,HUANCAVELICA,False,True,0,0
080207,080200,080000,POMACOCHA,ACOBAMBA,HUANCAVELICA,False,True,0,0
080208,080200,080000,ROSARIO,ACOBAMBA,HUANCAVELICA,False,True,0,0
080301,080300,080000,LIRCAY,ANGARAES,HUANCAVELICA,False,True,0,0
080302,080300,080000,ANCHONGA,ANGARAES,HUANCAVELICA,False,True,0,0
080303,080300,080000,CALLANMARCA,ANGARAES,HUANCAVELICA,False,True,0,0
080304,080300,080000,CONGALLA,ANGARAES,HUANCAVELICA,False,True,0,0
080305,080300,080000,CHINCHO,ANGARAES,HUANCAVELICA,False,True,0,0
080306,080300,080000,HUALLAY-GRANDE,ANGARAES,HUANCAVELICA,False,True,0,0
080307,080300,080000,HUANCA-HUANCA,ANGARAES,HUANCAVELICA,False,True,0,0
080308,080300,080000,JULCAMARCA,ANGARAES,HUANCAVELICA,False,True,0,0
080309,080300,080000,SAN ANTONIO DE ANTAPARCO,ANGARAES,HUANCAVELICA,False,True,0,0
080310,080300,080000,SANTO TOMAS DE PATA,ANGARAES,HUANCAVELICA,False,True,0,0
080311,080300,080000,SECCLLA,ANGARAES,HUANCAVELICA,False,True,0,0
080312,080300,080000,CCOCHACCASA,ANGARAES,HUANCAVELICA,False,True,0,0
080401,080400,080000,CASTROVIRREYNA,CASTROVIRREYNA,HUANCAVELICA,False,True,0,0
080402,080400,080000,ARMA,CASTROVIRREYNA,HUANCAVELICA,False,True,0,0
080403,080400,080000,AURAHUA,CASTROVIRREYNA,HUANCAVELICA,False,True,0,0
080405,080400,080000,CAPILLAS,CASTROVIRREYNA,HUANCAVELICA,False,True,0,0
080406,080400,080000,COCAS,CASTROVIRREYNA,HUANCAVELICA,False,True,0,0
080408,080400,080000,CHUPAMARCA,CASTROVIRREYNA,HUANCAVELICA,False,True,0,0
080409,080400,080000,HUACHOS,CASTROVIRREYNA,HUANCAVELICA,False,True,0,0
080410,080400,080000,HUAMATAMBO,CASTROVIRREYNA,HUANCAVELICA,False,True,0,0
080414,080400,080000,MOLLEPAMPA,CASTROVIRREYNA,HUANCAVELICA,False,True,0,0
080422,080400,080000,SAN JUAN,CASTROVIRREYNA,HUANCAVELICA,False,True,0,0
080427,080400,080000,TANTARA,CASTROVIRREYNA,HUANCAVELICA,False,True,0,0
080428,080400,080000,TICRAPO,CASTROVIRREYNA,HUANCAVELICA,False,True,0,0
080429,080400,080000,SANTA ANA,CASTROVIRREYNA,HUANCAVELICA,False,True,0,0
080501,080500,080000,PAMPAS,TAYACAJA,HUANCAVELICA,False,True,0,0
080502,080500,080000,ACOSTAMBO,TAYACAJA,HUANCAVELICA,False,True,0,0
080503,080500,080000,ACRAQUIA,TAYACAJA,HUANCAVELICA,False,True,0,0
080504,080500,080000,AHUAYCHA,TAYACAJA,HUANCAVELICA,False,True,0,0
080506,080500,080000,COLCABAMBA,TAYACAJA,HUANCAVELICA,False,True,0,0
080509,080500,080000,DANIEL HERNANDEZ,TAYACAJA,HUANCAVELICA,False,True,0,0
080511,080500,080000,HUACHOCOLPA,TAYACAJA,HUANCAVELICA,False,True,0,0
080512,080500,080000,HUARIBAMBA,TAYACAJA,HUANCAVELICA,False,True,0,0
080515,080500,080000,ÑAHUIMPUQUIO,TAYACAJA,HUANCAVELICA,False,True,0,0
080517,080500,080000,PAZOS,TAYACAJA,HUANCAVELICA,False,True,0,0
080518,080500,080000,QUISHUAR,TAYACAJA,HUANCAVELICA,False,True,0,0
080519,080500,080000,SALCABAMBA,TAYACAJA,HUANCAVELICA,False,True,0,0
080520,080500,080000,SAN MARCOS DE ROCCHAC,TAYACAJA,HUANCAVELICA,False,True,0,0
080523,080500,080000,SURCUBAMBA,TAYACAJA,HUANCAVELICA,False,True,0,0
080525,080500,080000,TINTAY PUNCU,TAYACAJA,HUANCAVELICA,False,True,0,0
080526,080500,080000,SALCAHUASI,TAYACAJA,HUANCAVELICA,False,True,0,0
080528,080500,080000,QUICHUAS,TAYACAJA,HUANCAVELICA,False,True,0,0
080529,080500,080000,ANDAYMARCA,TAYACAJA,HUANCAVELICA,False,True,0,0
080530,080500,080000,ROBLE,TAYACAJA,HUANCAVELICA,False,True,0,0
080531,080500,080000,PICHOS,TAYACAJA,HUANCAVELICA,False,True,0,0
080532,080500,080000,SANTIAGO DE TUCUMA,TAYACAJA,HUANCAVELICA,False,True,0,0
080533,080500,080000,LAMBRAS,TAYACAJA,HUANCAVELICA,False,True,0,0
080534,080500,080000,COCHABAMBA,TAYACAJA,HUANCAVELICA,False,True,0,0
080601,080600,080000,AYAVI,HUAYTARA,HUANCAVELICA,False,True,0,0
080602,080600,080000,CORDOVA,HUAYTARA,HUANCAVELICA,False,True,0,0
080603,080600,080000,HUAYACUNDO ARMA,HUAYTARA,HUANCAVELICA,False,True,0,0
080604,080600,080000,HUAYTARA,HUAYTARA,HUANCAVELICA,False,True,0,0
080605,080600,080000,LARAMARCA,HUAYTARA,HUANCAVELICA,False,True,0,0
080606,080600,080000,OCOYO,HUAYTARA,HUANCAVELICA,False,True,0,0
080607,080600,080000,PILPICHACA,HUAYTARA,HUANCAVELICA,False,True,0,0
080608,080600,080000,QUERCO,HUAYTARA,HUANCAVELICA,False,True,0,0
080609,080600,080000,QUITO-ARMA,HUAYTARA,HUANCAVELICA,False,True,0,0
080610,080600,080000,SAN ANTONIO DE CUSICANCHA,HUAYTARA,HUANCAVELICA,False,True,0,0
080611,080600,080000,SAN FRANCISCO DE SANGAYAICO,HUAYTARA,HUANCAVELICA,False,True,0,0
080612,080600,080000,SAN ISIDRO,HUAYTARA,HUANCAVELICA,False,True,0,0
080613,080600,080000,SANTIAGO DE CHOCORVOS,HUAYTARA,HUANCAVELICA,False,True,0,0
080614,080600,080000,SANTIAGO DE QUIRAHUARA,HUAYTARA,HUANCAVELICA,False,True,0,0
080615,080600,080000,SANTO DOMINGO DE CAPILLAS,HUAYTARA,HUANCAVELICA,False,True,0,0
080616,080600,080000,TAMBO,HUAYTARA,HUANCAVELICA,False,True,0,0
080701,080700,080000,CHURCAMPA,CHURCAMPA,HUANCAVELICA,False,True,0,0
080702,080700,080000,ANCO,CHURCAMPA,HUANCAVELICA,False,True,0,0
080703,080700,080000,CHINCHIHUASI,CHURCAMPA,HUANCAVELICA,False,True,0,0
080704,080700,080000,EL CARMEN,CHURCAMPA,HUANCAVELICA,False,True,0,0
080705,080700,080000,LA MERCED,CHURCAMPA,HUANCAVELICA,False,True,0,0
080706,080700,080000,LOCROJA,CHURCAMPA,HUANCAVELICA,False,True,0,0
080707,080700,080000,PAUCARBAMBA,CHURCAMPA,HUANCAVELICA,False,True,0,0
080708,080700,080000,SAN MIGUEL DE MAYOCC,CHURCAMPA,HUANCAVELICA,False,True,0,0
080709,080700,080000,SAN PEDRO DE CORIS,CHURCAMPA,HUANCAVELICA,False,True,0,0
080710,080700,080000,PACHAMARCA,CHURCAMPA,HUANCAVELICA,False,True,0,0
080711,080700,080000,COSME,CHURCAMPA,HUANCAVELICA,False,True,0,0
090101,090100,090000,HUANUCO,HUANUCO,HUANUCO,False,True,0,0
090102,090100,090000,CHINCHAO,HUANUCO,HUANUCO,False,True,0,0
090103,090100,090000,CHURUBAMBA,HUANUCO,HUANUCO,False,True,0,0
090104,090100,090000,MARGOS,HUANUCO,HUANUCO,False,True,0,0
090105,090100,090000,QUISQUI,HUANUCO,HUANUCO,False,True,0,0
090106,090100,090000,SAN FRANCISCO DE CAYRAN,HUANUCO,HUANUCO,False,True,0,0
090107,090100,090000,SAN PEDRO DE CHAULAN,HUANUCO,HUANUCO,False,True,0,0
090108,090100,090000,SANTA MARIA DEL VALLE,HUANUCO,HUANUCO,False,True,0,0
090109,090100,090000,YARUMAYO,HUANUCO,HUANUCO,False,True,0,0
090110,090100,090000,AMARILIS,HUANUCO,HUANUCO,False,True,0,0
090111,090100,090000,PILLCO MARCA,HUANUCO,HUANUCO,False,True,0,0
090112,090100,090000,YACUS,HUANUCO,HUANUCO,False,True,0,0
090113,090100,090000,SAN PABLO DE PILLAO,HUANUCO,HUANUCO,False,True,0,0
090201,090200,090000,AMBO,AMBO,HUANUCO,False,True,0,0
090202,090200,090000,CAYNA,AMBO,HUANUCO,False,True,0,0
090203,090200,090000,COLPAS,AMBO,HUANUCO,False,True,0,0
090204,090200,090000,CONCHAMARCA,AMBO,HUANUCO,False,True,0,0
090205,090200,090000,HUACAR,AMBO,HUANUCO,False,True,0,0
090206,090200,090000,SAN FRANCISCO,AMBO,HUANUCO,False,True,0,0
090207,090200,090000,SAN RAFAEL,AMBO,HUANUCO,False,True,0,0
090208,090200,090000,TOMAY-KICHWA,AMBO,HUANUCO,False,True,0,0
090301,090300,090000,LA UNION,DOS DE MAYO,HUANUCO,False,True,0,0
090307,090300,090000,CHUQUIS,DOS DE MAYO,HUANUCO,False,True,0,0
090312,090300,090000,MARIAS,DOS DE MAYO,HUANUCO,False,True,0,0
090314,090300,090000,PACHAS,DOS DE MAYO,HUANUCO,False,True,0,0
090316,090300,090000,QUIVILLA,DOS DE MAYO,HUANUCO,False,True,0,0
090317,090300,090000,RIPAN,DOS DE MAYO,HUANUCO,False,True,0,0
090321,090300,090000,SHUNQUI,DOS DE MAYO,HUANUCO,False,True,0,0
090322,090300,090000,SILLAPATA,DOS DE MAYO,HUANUCO,False,True,0,0
090323,090300,090000,YANAS,DOS DE MAYO,HUANUCO,False,True,0,0
090401,090400,090000,LLATA,HUAMALIES,HUANUCO,False,True,0,0
090402,090400,090000,ARANCAY,HUAMALIES,HUANUCO,False,True,0,0
090403,090400,090000,CHAVIN DE PARIARCA,HUAMALIES,HUANUCO,False,True,0,0
090404,090400,090000,JACAS GRANDE,HUAMALIES,HUANUCO,False,True,0,0
090405,090400,090000,JIRCAN,HUAMALIES,HUANUCO,False,True,0,0
090406,090400,090000,MIRAFLORES,HUAMALIES,HUANUCO,False,True,0,0
090407,090400,090000,MONZON,HUAMALIES,HUANUCO,False,True,0,0
090408,090400,090000,PUNCHAO,HUAMALIES,HUANUCO,False,True,0,0
090409,090400,090000,PUÑOS,HUAMALIES,HUANUCO,False,True,0,0
090410,090400,090000,SINGA,HUAMALIES,HUANUCO,False,True,0,0
090411,090400,090000,TANTAMAYO,HUAMALIES,HUANUCO,False,True,0,0
090501,090500,090000,HUACRACHUCO,MARAÑON,HUANUCO,False,True,0,0
090502,090500,090000,CHOLON,MARAÑON,HUANUCO,False,True,0,0
090505,090500,090000,SAN BUENAVENTURA,MARAÑON,HUANUCO,False,True,0,0
090506,090500,090000,LA MORADA,MARAÑON,HUANUCO,False,True,0,0
090507,090500,090000,SANTA ROSA DE ALTO YANAJANCA,MARAÑON,HUANUCO,False,True,0,0
090601,090600,090000,RUPA-RUPA,LEONCIO PRADO,HUANUCO,False,True,0,0
090602,090600,090000,DANIEL ALOMIA ROBLES,LEONCIO PRADO,HUANUCO,False,True,0,0
090603,090600,090000,HERMILIO VALDIZAN,LEONCIO PRADO,HUANUCO,False,True,0,0
090604,090600,090000,LUYANDO,LEONCIO PRADO,HUANUCO,False,True,0,0
090605,090600,090000,MARIANO DAMASO BERAUN,LEONCIO PRADO,HUANUCO,False,True,0,0
090606,090600,090000,JOSE CRESPO Y CASTILLO,LEONCIO PRADO,HUANUCO,False,True,0,0
090607,090600,090000,PUCAYACU,LEONCIO PRADO,HUANUCO,False,True,0,0
090608,090600,090000,CASTILLO GRANDE,LEONCIO PRADO,HUANUCO,False,True,0,0
090609,090600,090000,PUEBLO NUEVO,LEONCIO PRADO,HUANUCO,False,True,0,0
090610,090600,090000,SANTO DOMINGO DE ANDA,LEONCIO PRADO,HUANUCO,False,True,0,0
090701,090700,090000,PANAO,PACHITEA,HUANUCO,False,True,0,0
090702,090700,090000,CHAGLLA,PACHITEA,HUANUCO,False,True,0,0
090704,090700,090000,MOLINO,PACHITEA,HUANUCO,False,True,0,0
090706,090700,090000,UMARI,PACHITEA,HUANUCO,False,True,0,0
090801,090800,090000,HONORIA,PUERTO INCA,HUANUCO,False,True,0,0
090802,090800,090000,PUERTO INCA,PUERTO INCA,HUANUCO,False,True,0,0
090803,090800,090000,CODO DEL POZUZO,PUERTO INCA,HUANUCO,False,True,0,0
090804,090800,090000,TOURNAVISTA,PUERTO INCA,HUANUCO,False,True,0,0
090805,090800,090000,YUYAPICHIS,PUERTO INCA,HUANUCO,False,True,0,0
090901,090900,090000,HUACAYBAMBA,HUACAYBAMBA,HUANUCO,False,True,0,0
090902,090900,090000,PINRA,HUACAYBAMBA,HUANUCO,False,True,0,0
090903,090900,090000,CANCHABAMBA,HUACAYBAMBA,HUANUCO,False,True,0,0
090904,090900,090000,COCHABAMBA,HUACAYBAMBA,HUANUCO,False,True,0,0
091001,091000,090000,JESUS,LAURICOCHA,HUANUCO,False,True,0,0
091002,091000,090000,BAÑOS,LAURICOCHA,HUANUCO,False,True,0,0
091003,091000,090000,SAN FRANCISCO DE ASIS,LAURICOCHA,HUANUCO,False,True,0,0
091004,091000,090000,QUEROPALCA,LAURICOCHA,HUANUCO,False,True,0,0
091005,091000,090000,SAN MIGUEL DE CAURI,LAURICOCHA,HUANUCO,False,True,0,0
091006,091000,090000,RONDOS,LAURICOCHA,HUANUCO,False,True,0,0
091007,091000,090000,JIVIA,LAURICOCHA,HUANUCO,False,True,0,0
091101,091100,090000,CHAVINILLO,YAROWILCA,HUANUCO,False,True,0,0
091102,091100,090000,APARICIO POMARES,YAROWILCA,HUANUCO,False,True,0,0
091103,091100,090000,CAHUAC,YAROWILCA,HUANUCO,False,True,0,0
091104,091100,090000,CHACABAMBA,YAROWILCA,HUANUCO,False,True,0,0
091105,091100,090000,JACAS CHICO,YAROWILCA,HUANUCO,False,True,0,0
091106,091100,090000,OBAS,YAROWILCA,HUANUCO,False,True,0,0
091107,091100,090000,PAMPAMARCA,YAROWILCA,HUANUCO,False,True,0,0
091108,091100,090000,CHORAS,YAROWILCA,HUANUCO,False,True,0,0
100101,100100,100000,ICA,ICA,ICA,False,True,0,0
100102,100100,100000,LA TINGUIÑA,ICA,ICA,False,True,0,0
100103,100100,100000,LOS AQUIJES,ICA,ICA,False,True,0,0
100104,100100,100000,PARCONA,ICA,ICA,False,True,0,0
100105,100100,100000,PUEBLO NUEVO,ICA,ICA,False,True,0,0
100106,100100,100000,SALAS,ICA,ICA,False,True,0,0
100107,100100,100000,SAN JOSE DE LOS MOLINOS,ICA,ICA,False,True,0,0
100108,100100,100000,SAN JUAN BAUTISTA,ICA,ICA,False,True,0,0
100109,100100,100000,SANTIAGO,ICA,ICA,False,True,0,0
100110,100100,100000,SUBTANJALLA,ICA,ICA,False,True,0,0
100111,100100,100000,YAUCA DEL ROSARIO,ICA,ICA,False,True,0,0
100112,100100,100000,TATE,ICA,ICA,False,True,0,0
100113,100100,100000,PACHACUTEC,ICA,ICA,False,True,0,0
100114,100100,100000,OCUCAJE,ICA,ICA,False,True,0,0
100201,100200,100000,CHINCHA ALTA,CHINCHA,ICA,False,True,0,0
100202,100200,100000,CHAVIN,CHINCHA,ICA,False,True,0,0
100203,100200,100000,CHINCHA BAJA,CHINCHA,ICA,False,True,0,0
100204,100200,100000,EL CARMEN,CHINCHA,ICA,False,True,0,0
100205,100200,100000,GROCIO PRADO,CHINCHA,ICA,False,True,0,0
100206,100200,100000,SAN PEDRO DE HUACARPANA,CHINCHA,ICA,False,True,0,0
100207,100200,100000,SUNAMPE,CHINCHA,ICA,False,True,0,0
100208,100200,100000,TAMBO DE MORA,CHINCHA,ICA,False,True,0,0
100209,100200,100000,ALTO LARAN,CHINCHA,ICA,False,True,0,0
100210,100200,100000,PUEBLO NUEVO,CHINCHA,ICA,False,True,0,0
100211,100200,100000,SAN JUAN DE YANAC,CHINCHA,ICA,False,True,0,0
100301,100300,100000,NASCA,NASCA,ICA,False,True,0,0
100302,100300,100000,CHANGUILLO,NASCA,ICA,False,True,0,0
100303,100300,100000,EL INGENIO,NASCA,ICA,False,True,0,0
100304,100300,100000,MARCONA,NASCA,ICA,False,True,0,0
100305,100300,100000,VISTA ALEGRE,NASCA,ICA,False,True,0,0
100401,100400,100000,PISCO,PISCO,ICA,False,True,0,0
100402,100400,100000,HUANCANO,PISCO,ICA,False,True,0,0
100403,100400,100000,HUMAY,PISCO,ICA,False,True,0,0
100404,100400,100000,INDEPENDENCIA,PISCO,ICA,False,True,0,0
100405,100400,100000,PARACAS,PISCO,ICA,False,True,0,0
100406,100400,100000,SAN ANDRES,PISCO,ICA,False,True,0,0
100407,100400,100000,SAN CLEMENTE,PISCO,ICA,False,True,0,0
100408,100400,100000,TUPAC AMARU INCA,PISCO,ICA,False,True,0,0
100501,100500,100000,PALPA,PALPA,ICA,False,True,0,0
100502,100500,100000,LLIPATA,PALPA,ICA,False,True,0,0
100503,100500,100000,RIO GRANDE,PALPA,ICA,False,True,0,0
100504,100500,100000,SANTA CRUZ,PALPA,ICA,False,True,0,0
100505,100500,100000,TIBILLO,PALPA,ICA,False,True,0,0
110101,110100,110000,HUANCAYO,HUANCAYO,JUNIN,False,True,0,0
110103,110100,110000,CARHUACALLANGA,HUANCAYO,JUNIN,False,True,0,0
110104,110100,110000,COLCA,HUANCAYO,JUNIN,False,True,0,0
110105,110100,110000,CULLHUAS,HUANCAYO,JUNIN,False,True,0,0
110106,110100,110000,CHACAPAMPA,HUANCAYO,JUNIN,False,True,0,0
110107,110100,110000,CHICCHE,HUANCAYO,JUNIN,False,True,0,0
110108,110100,110000,CHILCA,HUANCAYO,JUNIN,False,True,0,0
110109,110100,110000,CHONGOS ALTO,HUANCAYO,JUNIN,False,True,0,0
110112,110100,110000,CHUPURO,HUANCAYO,JUNIN,False,True,0,0
110113,110100,110000,EL TAMBO,HUANCAYO,JUNIN,False,True,0,0
110114,110100,110000,HUACRAPUQUIO,HUANCAYO,JUNIN,False,True,0,0
110116,110100,110000,HUALHUAS,HUANCAYO,JUNIN,False,True,0,0
110118,110100,110000,HUANCAN,HUANCAYO,JUNIN,False,True,0,0
110119,110100,110000,HUASICANCHA,HUANCAYO,JUNIN,False,True,0,0
110120,110100,110000,HUAYUCACHI,HUANCAYO,JUNIN,False,True,0,0
110121,110100,110000,INGENIO,HUANCAYO,JUNIN,False,True,0,0
110122,110100,110000,PARIAHUANCA,HUANCAYO,JUNIN,False,True,0,0
110123,110100,110000,PILCOMAYO,HUANCAYO,JUNIN,False,True,0,0
110124,110100,110000,PUCARA,HUANCAYO,JUNIN,False,True,0,0
110125,110100,110000,QUICHUAY,HUANCAYO,JUNIN,False,True,0,0
110126,110100,110000,QUILCAS,HUANCAYO,JUNIN,False,True,0,0
110127,110100,110000,SAN AGUSTIN,HUANCAYO,JUNIN,False,True,0,0
110128,110100,110000,SAN JERONIMO DE TUNAN,HUANCAYO,JUNIN,False,True,0,0
110131,110100,110000,SANTO DOMINGO DE ACOBAMBA,HUANCAYO,JUNIN,False,True,0,0
110132,110100,110000,SAÑO,HUANCAYO,JUNIN,False,True,0,0
110133,110100,110000,SAPALLANGA,HUANCAYO,JUNIN,False,True,0,0
110134,110100,110000,SICAYA,HUANCAYO,JUNIN,False,True,0,0
110136,110100,110000,VIQUES,HUANCAYO,JUNIN,False,True,0,0
110201,110200,110000,CONCEPCION,CONCEPCION,JUNIN,False,True,0,0
110202,110200,110000,ACO,CONCEPCION,JUNIN,False,True,0,0
110203,110200,110000,ANDAMARCA,CONCEPCION,JUNIN,False,True,0,0
110204,110200,110000,COMAS,CONCEPCION,JUNIN,False,True,0,0
110205,110200,110000,COCHAS,CONCEPCION,JUNIN,False,True,0,0
110206,110200,110000,CHAMBARA,CONCEPCION,JUNIN,False,True,0,0
110207,110200,110000,HEROINAS TOLEDO,CONCEPCION,JUNIN,False,True,0,0
110208,110200,110000,MANZANARES,CONCEPCION,JUNIN,False,True,0,0
110209,110200,110000,MARISCAL CASTILLA,CONCEPCION,JUNIN,False,True,0,0
110210,110200,110000,MATAHUASI,CONCEPCION,JUNIN,False,True,0,0
110211,110200,110000,MITO,CONCEPCION,JUNIN,False,True,0,0
110212,110200,110000,NUEVE DE JULIO,CONCEPCION,JUNIN,False,True,0,0
110213,110200,110000,ORCOTUNA,CONCEPCION,JUNIN,False,True,0,0
110214,110200,110000,SANTA ROSA DE OCOPA,CONCEPCION,JUNIN,False,True,0,0
110215,110200,110000,SAN JOSE DE QUERO,CONCEPCION,JUNIN,False,True,0,0
110301,110300,110000,JAUJA,JAUJA,JUNIN,False,True,0,0
110302,110300,110000,ACOLLA,JAUJA,JUNIN,False,True,0,0
110303,110300,110000,APATA,JAUJA,JUNIN,False,True,0,0
110304,110300,110000,ATAURA,JAUJA,JUNIN,False,True,0,0
110305,110300,110000,CANCHAYLLO,JAUJA,JUNIN,False,True,0,0
110306,110300,110000,EL MANTARO,JAUJA,JUNIN,False,True,0,0
110307,110300,110000,HUAMALI,JAUJA,JUNIN,False,True,0,0
110308,110300,110000,HUARIPAMPA,JAUJA,JUNIN,False,True,0,0
110309,110300,110000,HUERTAS,JAUJA,JUNIN,False,True,0,0
110310,110300,110000,JANJAILLO,JAUJA,JUNIN,False,True,0,0
110311,110300,110000,JULCAN,JAUJA,JUNIN,False,True,0,0
110312,110300,110000,LEONOR ORDOÑEZ,JAUJA,JUNIN,False,True,0,0
110313,110300,110000,LLOCLLAPAMPA,JAUJA,JUNIN,False,True,0,0
110314,110300,110000,MARCO,JAUJA,JUNIN,False,True,0,0
110315,110300,110000,MASMA,JAUJA,JUNIN,False,True,0,0
110316,110300,110000,MOLINOS,JAUJA,JUNIN,False,True,0,0
110317,110300,110000,MONOBAMBA,JAUJA,JUNIN,False,True,0,0
110318,110300,110000,MUQUI,JAUJA,JUNIN,False,True,0,0
110319,110300,110000,MUQUIYAUYO,JAUJA,JUNIN,False,True,0,0
110320,110300,110000,PACA,JAUJA,JUNIN,False,True,0,0
110321,110300,110000,PACCHA,JAUJA,JUNIN,False,True,0,0
110322,110300,110000,PANCAN,JAUJA,JUNIN,False,True,0,0
110323,110300,110000,PARCO,JAUJA,JUNIN,False,True,0,0
110324,110300,110000,POMACANCHA,JAUJA,JUNIN,False,True,0,0
110325,110300,110000,RICRAN,JAUJA,JUNIN,False,True,0,0
110326,110300,110000,SAN LORENZO,JAUJA,JUNIN,False,True,0,0
110327,110300,110000,SAN PEDRO DE CHUNAN,JAUJA,JUNIN,False,True,0,0
110328,110300,110000,SINCOS,JAUJA,JUNIN,False,True,0,0
110329,110300,110000,TUNAN MARCA,JAUJA,JUNIN,False,True,0,0
110330,110300,110000,YAULI,JAUJA,JUNIN,False,True,0,0
110331,110300,110000,CURICACA,JAUJA,JUNIN,False,True,0,0
110332,110300,110000,MASMA CHICCHE,JAUJA,JUNIN,False,True,0,0
110333,110300,110000,SAUSA,JAUJA,JUNIN,False,True,0,0
110334,110300,110000,YAUYOS,JAUJA,JUNIN,False,True,0,0
110401,110400,110000,JUNIN,JUNIN,JUNIN,False,True,0,0
110402,110400,110000,CARHUAMAYO,JUNIN,JUNIN,False,True,0,0
110403,110400,110000,ONDORES,JUNIN,JUNIN,False,True,0,0
110404,110400,110000,ULCUMAYO,JUNIN,JUNIN,False,True,0,0
110501,110500,110000,TARMA,TARMA,JUNIN,False,True,0,0
110502,110500,110000,ACOBAMBA,TARMA,JUNIN,False,True,0,0
110503,110500,110000,HUARICOLCA,TARMA,JUNIN,False,True,0,0
110504,110500,110000,HUASAHUASI,TARMA,JUNIN,False,True,0,0
110505,110500,110000,LA UNION,TARMA,JUNIN,False,True,0,0
110506,110500,110000,PALCA,TARMA,JUNIN,False,True,0,0
110507,110500,110000,PALCAMAYO,TARMA,JUNIN,False,True,0,0
110508,110500,110000,SAN PEDRO DE CAJAS,TARMA,JUNIN,False,True,0,0
110509,110500,110000,TAPO,TARMA,JUNIN,False,True,0,0
110601,110600,110000,LA OROYA,YAULI,JUNIN,False,True,0,0
110602,110600,110000,CHACAPALPA,YAULI,JUNIN,False,True,0,0
110603,110600,110000,HUAY-HUAY,YAULI,JUNIN,False,True,0,0
110604,110600,110000,MARCAPOMACOCHA,YAULI,JUNIN,False,True,0,0
110605,110600,110000,MOROCOCHA,YAULI,JUNIN,False,True,0,0
110606,110600,110000,PACCHA,YAULI,JUNIN,False,True,0,0
110607,110600,110000,SANTA BARBARA DE CARHUACAYAN,YAULI,JUNIN,False,True,0,0
110608,110600,110000,SUITUCANCHA,YAULI,JUNIN,False,True,0,0
110609,110600,110000,YAULI,YAULI,JUNIN,False,True,0,0
110610,110600,110000,SANTA ROSA DE SACCO,YAULI,JUNIN,False,True,0,0
110701,110700,110000,SATIPO,SATIPO,JUNIN,False,True,0,0
110702,110700,110000,COVIRIALI,SATIPO,JUNIN,False,True,0,0
110703,110700,110000,LLAYLLA,SATIPO,JUNIN,False,True,0,0
110704,110700,110000,MAZAMARI,SATIPO,JUNIN,False,True,0,0
110705,110700,110000,PAMPA HERMOSA,SATIPO,JUNIN,False,True,0,0
110706,110700,110000,PANGOA,SATIPO,JUNIN,False,True,0,0
110707,110700,110000,RIO NEGRO,SATIPO,JUNIN,False,True,0,0
110708,110700,110000,RIO TAMBO,SATIPO,JUNIN,False,True,0,0
110709,110700,110000,VIZCATAN DEL ENE,SATIPO,JUNIN,False,True,0,0
110801,110800,110000,CHANCHAMAYO,CHANCHAMAYO,JUNIN,False,True,0,0
110802,110800,110000,SAN RAMON,CHANCHAMAYO,JUNIN,False,True,0,0
110803,110800,110000,VITOC,CHANCHAMAYO,JUNIN,False,True,0,0
110804,110800,110000,SAN LUIS DE SHUARO,CHANCHAMAYO,JUNIN,False,True,0,0
110805,110800,110000,PICHANAQUI,CHANCHAMAYO,JUNIN,False,True,0,0
110806,110800,110000,PERENE,CHANCHAMAYO,JUNIN,False,True,0,0
110901,110900,110000,CHUPACA,CHUPACA,JUNIN,False,True,0,0
110902,110900,110000,AHUAC,CHUPACA,JUNIN,False,True,0,0
110903,110900,110000,CHONGOS BAJO,CHUPACA,JUNIN,False,True,0,0
110904,110900,110000,HUACHAC,CHUPACA,JUNIN,False,True,0,0
110905,110900,110000,HUAMANCACA CHICO,CHUPACA,JUNIN,False,True,0,0
110906,110900,110000,SAN JUAN DE YSCOS,CHUPACA,JUNIN,False,True,0,0
110907,110900,110000,SAN JUAN DE JARPA,CHUPACA,JUNIN,False,True,0,0
110908,110900,110000,TRES DE DICIEMBRE,CHUPACA,JUNIN,False,True,0,0
110909,110900,110000,YANACANCHA,CHUPACA,JUNIN,False,True,0,0
120101,120100,120000,TRUJILLO,TRUJILLO,LA LIBERTAD,False,True,0,0
120102,120100,120000,HUANCHACO,TRUJILLO,LA LIBERTAD,False,True,0,0
120103,120100,120000,LAREDO,TRUJILLO,LA LIBERTAD,False,True,0,0
120104,120100,120000,MOCHE,TRUJILLO,LA LIBERTAD,False,True,0,0
120105,120100,120000,SALAVERRY,TRUJILLO,LA LIBERTAD,False,True,0,0
120106,120100,120000,SIMBAL,TRUJILLO,LA LIBERTAD,False,True,0,0
120107,120100,120000,VICTOR LARCO HERRERA,TRUJILLO,LA LIBERTAD,False,True,0,0
120109,120100,120000,POROTO,TRUJILLO,LA LIBERTAD,False,True,0,0
120110,120100,120000,EL PORVENIR,TRUJILLO,LA LIBERTAD,False,True,0,0
120111,120100,120000,LA ESPERANZA,TRUJILLO,LA LIBERTAD,False,True,0,0
120112,120100,120000,FLORENCIA DE MORA,TRUJILLO,LA LIBERTAD,False,True,0,0
120113,120100,120000,ALTO TRUJILLO,TRUJILLO,LA LIBERTAD,False,False,0,0
120201,120200,120000,BOLIVAR,BOLIVAR,LA LIBERTAD,False,True,0,0
120202,120200,120000,BAMBAMARCA,BOLIVAR,LA LIBERTAD,False,True,0,0
120203,120200,120000,CONDORMARCA,BOLIVAR,LA LIBERTAD,False,True,0,0
120204,120200,120000,LONGOTEA,BOLIVAR,LA LIBERTAD,False,True,0,0
120205,120200,120000,UCUNCHA,BOLIVAR,LA LIBERTAD,False,True,0,0
120206,120200,120000,UCHUMARCA,BOLIVAR,LA LIBERTAD,False,True,0,0
120301,120300,120000,HUAMACHUCO,SANCHEZ CARRION,LA LIBERTAD,False,True,0,0
120302,120300,120000,COCHORCO,SANCHEZ CARRION,LA LIBERTAD,False,True,0,0
120303,120300,120000,CURGOS,SANCHEZ CARRION,LA LIBERTAD,False,True,0,0
120304,120300,120000,CHUGAY,SANCHEZ CARRION,LA LIBERTAD,False,True,0,0
120305,120300,120000,MARCABAL,SANCHEZ CARRION,LA LIBERTAD,False,True,0,0
120306,120300,120000,SANAGORAN,SANCHEZ CARRION,LA LIBERTAD,False,True,0,0
120307,120300,120000,SARIN,SANCHEZ CARRION,LA LIBERTAD,False,True,0,0
120308,120300,120000,SARTIMBAMBA,SANCHEZ CARRION,LA LIBERTAD,False,True,0,0
120401,120400,120000,OTUZCO,OTUZCO,LA LIBERTAD,False,True,0,0
120402,120400,120000,AGALLPAMPA,OTUZCO,LA LIBERTAD,False,True,0,0
120403,120400,120000,CHARAT,OTUZCO,LA LIBERTAD,False,True,0,0
120404,120400,120000,HUARANCHAL,OTUZCO,LA LIBERTAD,False,True,0,0
120405,120400,120000,LA CUESTA,OTUZCO,LA LIBERTAD,False,True,0,0
120408,120400,120000,PARANDAY,OTUZCO,LA LIBERTAD,False,True,0,0
120409,120400,120000,SALPO,OTUZCO,LA LIBERTAD,False,True,0,0
120410,120400,120000,SINSICAP,OTUZCO,LA LIBERTAD,False,True,0,0
120411,120400,120000,USQUIL,OTUZCO,LA LIBERTAD,False,True,0,0
120413,120400,120000,MACHE,OTUZCO,LA LIBERTAD,False,True,0,0
120501,120500,120000,SAN PEDRO DE LLOC,PACASMAYO,LA LIBERTAD,False,True,0,0
120503,120500,120000,GUADALUPE,PACASMAYO,LA LIBERTAD,False,True,0,0
120504,120500,120000,JEQUETEPEQUE,PACASMAYO,LA LIBERTAD,False,True,0,0
120506,120500,120000,PACASMAYO,PACASMAYO,LA LIBERTAD,False,True,0,0
120508,120500,120000,SAN JOSE,PACASMAYO,LA LIBERTAD,False,True,0,0
120601,120600,120000,TAYABAMBA,PATAZ,LA LIBERTAD,False,True,0,0
120602,120600,120000,BULDIBUYO,PATAZ,LA LIBERTAD,False,True,0,0
120603,120600,120000,CHILLIA,PATAZ,LA LIBERTAD,False,True,0,0
120604,120600,120000,HUAYLILLAS,PATAZ,LA LIBERTAD,False,True,0,0
120605,120600,120000,HUANCASPATA,PATAZ,LA LIBERTAD,False,True,0,0
120606,120600,120000,HUAYO,PATAZ,LA LIBERTAD,False,True,0,0
120607,120600,120000,ONGON,PATAZ,LA LIBERTAD,False,True,0,0
120608,120600,120000,PARCOY,PATAZ,LA LIBERTAD,False,True,0,0
120609,120600,120000,PATAZ,PATAZ,LA LIBERTAD,False,True,0,0
120610,120600,120000,PIAS,PATAZ,LA LIBERTAD,False,True,0,0
120611,120600,120000,TAURIJA,PATAZ,LA LIBERTAD,False,True,0,0
120612,120600,120000,URPAY,PATAZ,LA LIBERTAD,False,True,0,0
120613,120600,120000,SANTIAGO DE CHALLAS,PATAZ,LA LIBERTAD,False,True,0,0
120701,120700,120000,SANTIAGO DE CHUCO,SANTIAGO DE CHUCO,LA LIBERTAD,False,True,0,0
120702,120700,120000,CACHICADAN,SANTIAGO DE CHUCO,LA LIBERTAD,False,True,0,0
120703,120700,120000,MOLLEBAMBA,SANTIAGO DE CHUCO,LA LIBERTAD,False,True,0,0
120704,120700,120000,MOLLEPATA,SANTIAGO DE CHUCO,LA LIBERTAD,False,True,0,0
120705,120700,120000,QUIRUVILCA,SANTIAGO DE CHUCO,LA LIBERTAD,False,True,0,0
120706,120700,120000,SANTA CRUZ DE CHUCA,SANTIAGO DE CHUCO,LA LIBERTAD,False,True,0,0
120707,120700,120000,SITABAMBA,SANTIAGO DE CHUCO,LA LIBERTAD,False,True,0,0
120708,120700,120000,ANGASMARCA,SANTIAGO DE CHUCO,LA LIBERTAD,False,True,0,0
120801,120800,120000,ASCOPE,ASCOPE,LA LIBERTAD,False,True,0,0
120802,120800,120000,CHICAMA,ASCOPE,LA LIBERTAD,False,True,0,0
120803,120800,120000,CHOCOPE,ASCOPE,LA LIBERTAD,False,True,0,0
120804,120800,120000,SANTIAGO DE CAO,ASCOPE,LA LIBERTAD,False,True,0,0
120805,120800,120000,MAGDALENA DE CAO,ASCOPE,LA LIBERTAD,False,True,0,0
120806,120800,120000,PAIJAN,ASCOPE,LA LIBERTAD,False,True,0,0
120807,120800,120000,RAZURI,ASCOPE,LA LIBERTAD,False,True,0,0
120808,120800,120000,CASA GRANDE,ASCOPE,LA LIBERTAD,False,True,0,0
120901,120900,120000,CHEPEN,CHEPEN,LA LIBERTAD,False,True,0,0
120902,120900,120000,PACANGA,CHEPEN,LA LIBERTAD,False,True,0,0
120903,120900,120000,PUEBLO NUEVO,CHEPEN,LA LIBERTAD,False,True,0,0
121001,121000,120000,JULCAN,JULCAN,LA LIBERTAD,False,True,0,0
121002,121000,120000,CARABAMBA,JULCAN,LA LIBERTAD,False,True,0,0
121003,121000,120000,CALAMARCA,JULCAN,LA LIBERTAD,False,True,0,0
121004,121000,120000,HUASO,JULCAN,LA LIBERTAD,False,True,0,0
121101,121100,120000,CASCAS,GRAN CHIMU,LA LIBERTAD,False,True,0,0
121102,121100,120000,LUCMA,GRAN CHIMU,LA LIBERTAD,False,True,0,0
121103,121100,120000,MARMOT,GRAN CHIMU,LA LIBERTAD,False,True,0,0
121104,121100,120000,SAYAPULLO,GRAN CHIMU,LA LIBERTAD,False,True,0,0
121201,121200,120000,VIRU,VIRU,LA LIBERTAD,False,True,0,0
121202,121200,120000,CHAO,VIRU,LA LIBERTAD,False,True,0,0
121203,121200,120000,GUADALUPITO,VIRU,LA LIBERTAD,False,True,0,0
130101,130100,130000,CHICLAYO,CHICLAYO,LAMBAYEQUE,False,True,0,0
130102,130100,130000,CHONGOYAPE,CHICLAYO,LAMBAYEQUE,False,True,0,0
130103,130100,130000,ETEN,CHICLAYO,LAMBAYEQUE,False,True,0,0
130104,130100,130000,ETEN PUERTO,CHICLAYO,LAMBAYEQUE,False,True,0,0
130105,130100,130000,LAGUNAS,CHICLAYO,LAMBAYEQUE,False,True,0,0
130106,130100,130000,MONSEFU,CHICLAYO,LAMBAYEQUE,False,True,0,0
130107,130100,130000,NUEVA ARICA,CHICLAYO,LAMBAYEQUE,False,True,0,0
130108,130100,130000,OYOTUN,CHICLAYO,LAMBAYEQUE,False,True,0,0
130109,130100,130000,PICSI,CHICLAYO,LAMBAYEQUE,False,True,0,0
130110,130100,130000,PIMENTEL,CHICLAYO,LAMBAYEQUE,False,True,0,0
130111,130100,130000,REQUE,CHICLAYO,LAMBAYEQUE,False,True,0,0
130112,130100,130000,JOSE LEONARDO ORTIZ,CHICLAYO,LAMBAYEQUE,False,True,0,0
130113,130100,130000,SANTA ROSA,CHICLAYO,LAMBAYEQUE,False,True,0,0
130114,130100,130000,SAÑA,CHICLAYO,LAMBAYEQUE,False,True,0,0
130115,130100,130000,LA VICTORIA,CHICLAYO,LAMBAYEQUE,False,True,0,0
130116,130100,130000,CAYALTI,CHICLAYO,LAMBAYEQUE,False,True,0,0
130117,130100,130000,PATAPO,CHICLAYO,LAMBAYEQUE,False,True,0,0
130118,130100,130000,POMALCA,CHICLAYO,LAMBAYEQUE,False,True,0,0
130119,130100,130000,PUCALA,CHICLAYO,LAMBAYEQUE,False,True,0,0
130120,130100,130000,TUMAN,CHICLAYO,LAMBAYEQUE,False,True,0,0
130201,130200,130000,FERREÑAFE,FERREÑAFE,LAMBAYEQUE,False,True,0,0
130202,130200,130000,INCAHUASI,FERREÑAFE,LAMBAYEQUE,False,True,0,0
130203,130200,130000,CAÑARIS,FERREÑAFE,LAMBAYEQUE,False,True,0,0
130204,130200,130000,PITIPO,FERREÑAFE,LAMBAYEQUE,False,True,0,0
130205,130200,130000,PUEBLO NUEVO,FERREÑAFE,LAMBAYEQUE,False,True,0,0
130206,130200,130000,MANUEL ANTONIO MESONES MURO,FERREÑAFE,LAMBAYEQUE,False,True,0,0
130301,130300,130000,LAMBAYEQUE,LAMBAYEQUE,LAMBAYEQUE,False,True,0,0
130302,130300,130000,CHOCHOPE,LAMBAYEQUE,LAMBAYEQUE,False,True,0,0
130303,130300,130000,ILLIMO,LAMBAYEQUE,LAMBAYEQUE,False,True,0,0
130304,130300,130000,JAYANCA,LAMBAYEQUE,LAMBAYEQUE,False,True,0,0
130305,130300,130000,MOCHUMI,LAMBAYEQUE,LAMBAYEQUE,False,True,0,0
130306,130300,130000,MORROPE,LAMBAYEQUE,LAMBAYEQUE,False,True,0,0
130307,130300,130000,MOTUPE,LAMBAYEQUE,LAMBAYEQUE,False,True,0,0
130308,130300,130000,OLMOS,LAMBAYEQUE,LAMBAYEQUE,False,True,0,0
130309,130300,130000,PACORA,LAMBAYEQUE,LAMBAYEQUE,False,True,0,0
130310,130300,130000,SALAS,LAMBAYEQUE,LAMBAYEQUE,False,True,0,0
130311,130300,130000,SAN JOSE,LAMBAYEQUE,LAMBAYEQUE,False,True,0,0
130312,130300,130000,TUCUME,LAMBAYEQUE,LAMBAYEQUE,False,True,0,0
140101,140100,140000,LIMA,LIMA,LIMA,False,True,0,0
140102,140100,140000,ANCON,LIMA,LIMA,False,True,0,0
140103,140100,140000,ATE,LIMA,LIMA,False,True,0,0
140104,140100,140000,BREÑA,LIMA,LIMA,False,True,0,0
140105,140100,140000,CARABAYLLO,LIMA,LIMA,False,True,0,0
140106,140100,140000,COMAS,LIMA,LIMA,False,True,0,0
140107,140100,140000,CHACLACAYO,LIMA,LIMA,False,True,0,0
140108,140100,140000,CHORRILLOS,LIMA,LIMA,False,True,0,0
140109,140100,140000,LA VICTORIA,LIMA,LIMA,False,True,0,0
140110,140100,140000,LA MOLINA,LIMA,LIMA,False,True,0,0
140111,140100,140000,LINCE,LIMA,LIMA,False,True,0,0
140112,140100,140000,LURIGANCHO,LIMA,LIMA,False,True,0,0
140113,140100,140000,LURIN,LIMA,LIMA,False,True,0,0
140114,140100,140000,MAGDALENA DEL MAR,LIMA,LIMA,False,True,0,0
140115,140100,140000,MIRAFLORES,LIMA,LIMA,False,True,0,0
140116,140100,140000,PACHACAMAC,LIMA,LIMA,False,True,0,0
140117,140100,140000,PUEBLO LIBRE,LIMA,LIMA,False,True,0,0
140118,140100,140000,PUCUSANA,LIMA,LIMA,False,True,0,0
140119,140100,140000,PUENTE PIEDRA,LIMA,LIMA,False,True,0,0
140120,140100,140000,PUNTA HERMOSA,LIMA,LIMA,False,True,0,0
140121,140100,140000,PUNTA NEGRA,LIMA,LIMA,False,True,0,0
140122,140100,140000,RIMAC,LIMA,LIMA,False,True,0,0
140123,140100,140000,SAN BARTOLO,LIMA,LIMA,False,True,0,0
140124,140100,140000,SAN ISIDRO,LIMA,LIMA,False,True,0,0
140125,140100,140000,BARRANCO,LIMA,LIMA,False,True,0,0
140126,140100,140000,SAN MARTIN DE PORRES,LIMA,LIMA,False,True,0,0
140127,140100,140000,SAN MIGUEL,LIMA,LIMA,False,True,0,0
140128,140100,140000,SANTA MARIA DEL MAR,LIMA,LIMA,False,True,0,0
140129,140100,140000,SANTA ROSA,LIMA,LIMA,False,True,0,0
140130,140100,140000,SANTIAGO DE SURCO,LIMA,LIMA,False,True,0,0
140131,140100,140000,SURQUILLO,LIMA,LIMA,False,True,0,0
140132,140100,140000,VILLA MARIA DEL TRIUNFO,LIMA,LIMA,False,True,0,0
140133,140100,140000,JESUS MARIA,LIMA,LIMA,False,True,0,0
140134,140100,140000,INDEPENDENCIA,LIMA,LIMA,False,True,0,0
140135,140100,140000,EL AGUSTINO,LIMA,LIMA,False,True,0,0
140136,140100,140000,SAN JUAN DE MIRAFLORES,LIMA,LIMA,False,True,0,0
140137,140100,140000,SAN JUAN DE LURIGANCHO,LIMA,LIMA,False,True,0,0
140138,140100,140000,SAN LUIS,LIMA,LIMA,False,True,0,0
140139,140100,140000,CIENEGUILLA,LIMA,LIMA,False,True,0,0
140140,140100,140000,SAN BORJA,LIMA,LIMA,False,True,0,0
140141,140100,140000,VILLA EL SALVADOR,LIMA,LIMA,False,True,0,0
140142,140100,140000,LOS OLIVOS,LIMA,LIMA,False,True,0,0
140143,140100,140000,SANTA ANITA,LIMA,LIMA,False,True,0,0
140201,140200,140000,CAJATAMBO,CAJATAMBO,LIMA,False,True,0,0
140205,140200,140000,COPA,CAJATAMBO,LIMA,False,True,0,0
140206,140200,140000,GORGOR,CAJATAMBO,LIMA,False,True,0,0
140207,140200,140000,HUANCAPON,CAJATAMBO,LIMA,False,True,0,0
140208,140200,140000,MANAS,CAJATAMBO,LIMA,False,True,0,0
140301,140300,140000,CANTA,CANTA,LIMA,False,True,0,0
140302,140300,140000,ARAHUAY,CANTA,LIMA,False,True,0,0
140303,140300,140000,HUAMANTANGA,CANTA,LIMA,False,True,0,0
140304,140300,140000,HUAROS,CANTA,LIMA,False,True,0,0
140305,140300,140000,LACHAQUI,CANTA,LIMA,False,True,0,0
140306,140300,140000,SAN BUENAVENTURA,CANTA,LIMA,False,True,0,0
140307,140300,140000,SANTA ROSA DE QUIVES,CANTA,LIMA,False,True,0,0
140401,140400,140000,SAN VICENTE DE CAÑETE,CAÑETE,LIMA,False,True,0,0
140402,140400,140000,CALANGO,CAÑETE,LIMA,False,True,0,0
140403,140400,140000,CERRO AZUL,CAÑETE,LIMA,False,True,0,0
140404,140400,140000,COAYLLO,CAÑETE,LIMA,False,True,0,0
140405,140400,140000,CHILCA,CAÑETE,LIMA,False,True,0,0
140406,140400,140000,IMPERIAL,CAÑETE,LIMA,False,True,0,0
140407,140400,140000,LUNAHUANA,CAÑETE,LIMA,False,True,0,0
140408,140400,140000,MALA,CAÑETE,LIMA,False,True,0,0
140409,140400,140000,NUEVO IMPERIAL,CAÑETE,LIMA,False,True,0,0
140410,140400,140000,PACARAN,CAÑETE,LIMA,False,True,0,0
140411,140400,140000,QUILMANA,CAÑETE,LIMA,False,True,0,0
140412,140400,140000,SAN ANTONIO,CAÑETE,LIMA,False,True,0,0
140413,140400,140000,SAN LUIS,CAÑETE,LIMA,False,True,0,0
140414,140400,140000,SANTA CRUZ DE FLORES,CAÑETE,LIMA,False,True,0,0
140415,140400,140000,ZUÑIGA,CAÑETE,LIMA,False,True,0,0
140416,140400,140000,ASIA,CAÑETE,LIMA,False,True,0,0
140501,140500,140000,HUACHO,HUAURA,LIMA,False,True,0,0
140502,140500,140000,AMBAR,HUAURA,LIMA,False,True,0,0
140504,140500,140000,CALETA DE CARQUIN,HUAURA,LIMA,False,True,0,0
140505,140500,140000,CHECRAS,HUAURA,LIMA,False,True,0,0
140506,140500,140000,HUALMAY,HUAURA,LIMA,False,True,0,0
140507,140500,140000,HUAURA,HUAURA,LIMA,False,True,0,0
140508,140500,140000,LEONCIO PRADO,HUAURA,LIMA,False,True,0,0
140509,140500,140000,PACCHO,HUAURA,LIMA,False,True,0,0
140511,140500,140000,SANTA LEONOR,HUAURA,LIMA,False,True,0,0
140512,140500,140000,SANTA MARIA,HUAURA,LIMA,False,True,0,0
140513,140500,140000,SAYAN,HUAURA,LIMA,False,True,0,0
140516,140500,140000,VEGUETA,HUAURA,LIMA,False,True,0,0
140601,140600,140000,MATUCANA,HUAROCHIRI,LIMA,False,True,0,0
140602,140600,140000,ANTIOQUIA,HUAROCHIRI,LIMA,False,True,0,0
140603,140600,140000,CALLAHUANCA,HUAROCHIRI,LIMA,False,True,0,0
140604,140600,140000,CARAMPOMA,HUAROCHIRI,LIMA,False,True,0,0
140605,140600,140000,SAN PEDRO DE CASTA,HUAROCHIRI,LIMA,False,True,0,0
140606,140600,140000,CUENCA,HUAROCHIRI,LIMA,False,True,0,0
140607,140600,140000,CHICLA,HUAROCHIRI,LIMA,False,True,0,0
140608,140600,140000,HUANZA,HUAROCHIRI,LIMA,False,True,0,0
140609,140600,140000,HUAROCHIRI,HUAROCHIRI,LIMA,False,True,0,0
140610,140600,140000,LAHUAYTAMBO,HUAROCHIRI,LIMA,False,True,0,0
140611,140600,140000,LANGA,HUAROCHIRI,LIMA,False,True,0,0
140612,140600,140000,MARIATANA,HUAROCHIRI,LIMA,False,True,0,0
140613,140600,140000,RICARDO PALMA,HUAROCHIRI,LIMA,False,True,0,0
140614,140600,140000,SAN ANDRES DE TUPICOCHA,HUAROCHIRI,LIMA,False,True,0,0
140615,140600,140000,SAN ANTONIO,HUAROCHIRI,LIMA,False,True,0,0
140616,140600,140000,SAN BARTOLOME,HUAROCHIRI,LIMA,False,True,0,0
140617,140600,140000,SAN DAMIAN,HUAROCHIRI,LIMA,False,True,0,0
140618,140600,140000,SANGALLAYA,HUAROCHIRI,LIMA,False,True,0,0
140619,140600,140000,SAN JUAN DE TANTARANCHE,HUAROCHIRI,LIMA,False,True,0,0
140620,140600,140000,SAN LORENZO DE QUINTI,HUAROCHIRI,LIMA,False,True,0,0
140621,140600,140000,SAN MATEO,HUAROCHIRI,LIMA,False,True,0,0
140622,140600,140000,SAN MATEO DE OTAO,HUAROCHIRI,LIMA,False,True,0,0
140623,140600,140000,SAN PEDRO DE HUANCAYRE,HUAROCHIRI,LIMA,False,True,0,0
140624,140600,140000,SANTA CRUZ DE COCACHACRA,HUAROCHIRI,LIMA,False,True,0,0
140625,140600,140000,SANTA EULALIA,HUAROCHIRI,LIMA,False,True,0,0
140626,140600,140000,SANTIAGO DE ANCHUCAYA,HUAROCHIRI,LIMA,False,True,0,0
140627,140600,140000,SANTIAGO DE TUNA,HUAROCHIRI,LIMA,False,True,0,0
140628,140600,140000,SANTO DOMINGO DE LOS OLLEROS,HUAROCHIRI,LIMA,False,True,0,0
140629,140600,140000,SURCO,HUAROCHIRI,LIMA,False,True,0,0
140630,140600,140000,HUACHUPAMPA,HUAROCHIRI,LIMA,False,True,0,0
140631,140600,140000,SAN PEDRO DE LARAOS,HUAROCHIRI,LIMA,False,True,0,0
140632,140600,140000,SAN JUAN DE IRIS,HUAROCHIRI,LIMA,False,True,0,0
140701,140700,140000,YAUYOS,YAUYOS,LIMA,False,True,0,0
140702,140700,140000,ALIS,YAUYOS,LIMA,False,True,0,0
140703,140700,140000,ALLAUCA,YAUYOS,LIMA,False,True,0,0
140704,140700,140000,AYAVIRI,YAUYOS,LIMA,False,True,0,0
140705,140700,140000,AZANGARO,YAUYOS,LIMA,False,True,0,0
140706,140700,140000,CACRA,YAUYOS,LIMA,False,True,0,0
140707,140700,140000,CARANIA,YAUYOS,LIMA,False,True,0,0
140708,140700,140000,COCHAS,YAUYOS,LIMA,False,True,0,0
140709,140700,140000,COLONIA,YAUYOS,LIMA,False,True,0,0
140710,140700,140000,CHOCOS,YAUYOS,LIMA,False,True,0,0
140711,140700,140000,HUAMPARA,YAUYOS,LIMA,False,True,0,0
140712,140700,140000,HUANCAYA,YAUYOS,LIMA,False,True,0,0
140713,140700,140000,HUANGASCAR,YAUYOS,LIMA,False,True,0,0
140714,140700,140000,HUANTAN,YAUYOS,LIMA,False,True,0,0
140715,140700,140000,HUAÑEC,YAUYOS,LIMA,False,True,0,0
140716,140700,140000,LARAOS,YAUYOS,LIMA,False,True,0,0
140717,140700,140000,LINCHA,YAUYOS,LIMA,False,True,0,0
140718,140700,140000,MIRAFLORES,YAUYOS,LIMA,False,True,0,0
140719,140700,140000,OMAS,YAUYOS,LIMA,False,True,0,0
140720,140700,140000,QUINCHES,YAUYOS,LIMA,False,True,0,0
140721,140700,140000,QUINOCAY,YAUYOS,LIMA,False,True,0,0
140722,140700,140000,SAN JOAQUIN,YAUYOS,LIMA,False,True,0,0
140723,140700,140000,SAN PEDRO DE PILAS,YAUYOS,LIMA,False,True,0,0
140724,140700,140000,TANTA,YAUYOS,LIMA,False,True,0,0
140725,140700,140000,TAURIPAMPA,YAUYOS,LIMA,False,True,0,0
140726,140700,140000,TUPE,YAUYOS,LIMA,False,True,0,0
140727,140700,140000,TOMAS,YAUYOS,LIMA,False,True,0,0
140728,140700,140000,VIÑAC,YAUYOS,LIMA,False,True,0,0
140729,140700,140000,VITIS,YAUYOS,LIMA,False,True,0,0
140730,140700,140000,HONGOS,YAUYOS,LIMA,False,True,0,0
140731,140700,140000,MADEAN,YAUYOS,LIMA,False,True,0,0
140732,140700,140000,PUTINZA,YAUYOS,LIMA,False,True,0,0
140733,140700,140000,CATAHUASI,YAUYOS,LIMA,False,True,0,0
140801,140800,140000,HUARAL,HUARAL,LIMA,False,True,0,0
140802,140800,140000,ATAVILLOS ALTO,HUARAL,LIMA,False,True,0,0
140803,140800,140000,ATAVILLOS BAJO,HUARAL,LIMA,False,True,0,0
140804,140800,140000,AUCALLAMA,HUARAL,LIMA,False,True,0,0
140805,140800,140000,CHANCAY,HUARAL,LIMA,False,True,0,0
140806,140800,140000,IHUARI,HUARAL,LIMA,False,True,0,0
140807,140800,140000,LAMPIAN,HUARAL,LIMA,False,True,0,0
140808,140800,140000,PACARAOS,HUARAL,LIMA,False,True,0,0
140809,140800,140000,SAN MIGUEL DE ACOS,HUARAL,LIMA,False,True,0,0
140810,140800,140000,VEINTISIETE DE NOVIEMBRE,HUARAL,LIMA,False,True,0,0
140811,140800,140000,SANTA CRUZ DE ANDAMARCA,HUARAL,LIMA,False,True,0,0
140812,140800,140000,SUMBILCA,HUARAL,LIMA,False,True,0,0
140901,140900,140000,BARRANCA,BARRANCA,LIMA,False,True,0,0
140902,140900,140000,PARAMONGA,BARRANCA,LIMA,False,True,0,0
140903,140900,140000,PATIVILCA,BARRANCA,LIMA,False,True,0,0
140904,140900,140000,SUPE,BARRANCA,LIMA,False,True,0,0
140905,140900,140000,SUPE PUERTO,BARRANCA,LIMA,False,True,0,0
141001,141000,140000,OYON,OYON,LIMA,False,True,0,0
141002,141000,140000,NAVAN,OYON,LIMA,False,True,0,0
141003,141000,140000,CAUJUL,OYON,LIMA,False,True,0,0
141004,141000,140000,ANDAJES,OYON,LIMA,False,True,0,0
141005,141000,140000,PACHANGARA,OYON,LIMA,False,True,0,0
141006,141000,140000,COCHAMARCA,OYON,LIMA,False,True,0,0
150101,150100,150000,IQUITOS,MAYNAS,LORETO,False,True,0,0
150102,150100,150000,ALTO NANAY,MAYNAS,LORETO,False,True,0,0
150103,150100,150000,FERNANDO LORES,MAYNAS,LORETO,False,True,0,0
150104,150100,150000,LAS AMAZONAS,MAYNAS,LORETO,False,True,0,0
150105,150100,150000,MAZAN,MAYNAS,LORETO,False,True,0,0
150106,150100,150000,NAPO,MAYNAS,LORETO,False,True,0,0
150108,150100,150000,TORRES CAUSANA,MAYNAS,LORETO,False,True,0,0
150110,150100,150000,INDIANA,MAYNAS,LORETO,False,True,0,0
150111,150100,150000,PUNCHANA,MAYNAS,LORETO,False,True,0,0
150112,150100,150000,BELEN,MAYNAS,LORETO,False,True,0,0
150113,150100,150000,SAN JUAN BAUTISTA,MAYNAS,LORETO,False,True,0,0
150201,150200,150000,YURIMAGUAS,ALTO AMAZONAS,LORETO,False,True,0,0
150202,150200,150000,BALSAPUERTO,ALTO AMAZONAS,LORETO,False,True,0,0
150205,150200,150000,JEBEROS,ALTO AMAZONAS,LORETO,False,True,0,0
150206,150200,150000,LAGUNAS,ALTO AMAZONAS,LORETO,False,True,0,0
150210,150200,150000,SANTA CRUZ,ALTO AMAZONAS,LORETO,False,True,0,0
150211,150200,150000,TENIENTE CESAR LOPEZ ROJAS,ALTO AMAZONAS,LORETO,False,True,0,0
150301,150300,150000,NAUTA,LORETO,LORETO,False,True,0,0
150302,150300,150000,PARINARI,LORETO,LORETO,False,True,0,0
150303,150300,150000,TIGRE,LORETO,LORETO,False,True,0,0
150304,150300,150000,URARINAS,LORETO,LORETO,False,True,0,0
150305,150300,150000,TROMPETEROS,LORETO,LORETO,False,True,0,0
150401,150400,150000,REQUENA,REQUENA,LORETO,False,True,0,0
150402,150400,150000,ALTO TAPICHE,REQUENA,LORETO,False,True,0,0
150403,150400,150000,CAPELO,REQUENA,LORETO,False,True,0,0
150404,150400,150000,EMILIO SAN MARTIN,REQUENA,LORETO,False,True,0,0
150405,150400,150000,MAQUIA,REQUENA,LORETO,False,True,0,0
150406,150400,150000,PUINAHUA,REQUENA,LORETO,False,True,0,0
150407,150400,150000,SAQUENA,REQUENA,LORETO,False,True,0,0
150408,150400,150000,SOPLIN,REQUENA,LORETO,False,True,0,0
150409,150400,150000,TAPICHE,REQUENA,LORETO,False,True,0,0
150410,150400,150000,JENARO HERRERA,REQUENA,LORETO,False,True,0,0
150411,150400,150000,YAQUERANA,REQUENA,LORETO,False,True,0,0
150501,150500,150000,CONTAMANA,UCAYALI,LORETO,False,True,0,0
150502,150500,150000,VARGAS GUERRA,UCAYALI,LORETO,False,True,0,0
150503,150500,150000,PADRE MARQUEZ,UCAYALI,LORETO,False,True,0,0
150504,150500,150000,PAMPA HERMOSA,UCAYALI,LORETO,False,True,0,0
150505,150500,150000,SARAYACU,UCAYALI,LORETO,False,True,0,0
150506,150500,150000,INAHUAYA,UCAYALI,LORETO,False,True,0,0
150601,150600,150000,RAMON CASTILLA,MARISCAL RAMON CASTILLA,LORETO,False,True,0,0
150602,150600,150000,PEBAS,MARISCAL RAMON CASTILLA,LORETO,False,True,0,0
150603,150600,150000,YAVARI,MARISCAL RAMON CASTILLA,LORETO,False,True,0,0
150604,150600,150000,SAN PABLO,MARISCAL RAMON CASTILLA,LORETO,False,True,0,0
150605,150600,150000,SANTA ROSA DE LORETO,MARISCAL RAMON CASTILLA,LORETO,False,True,0,0
150701,150700,150000,BARRANCA,DATEM DEL MARAÑON,LORETO,False,True,0,0
150702,150700,150000,ANDOAS,DATEM DEL MARAÑON,LORETO,False,True,0,0
150703,150700,150000,CAHUAPANAS,DATEM DEL MARAÑON,LORETO,False,True,0,0
150704,150700,150000,MANSERICHE,DATEM DEL MARAÑON,LORETO,False,True,0,0
150705,150700,150000,MORONA,DATEM DEL MARAÑON,LORETO,False,True,0,0
150706,150700,150000,PASTAZA,DATEM DEL MARAÑON,LORETO,False,True,0,0
150901,150900,150000,PUTUMAYO,PUTUMAYO,LORETO,False,True,0,0
150902,150900,150000,ROSA PANDURO,PUTUMAYO,LORETO,False,True,0,0
150903,150900,150000,TENIENTE MANUEL CLAVERO,PUTUMAYO,LORETO,False,True,0,0
150904,150900,150000,YAGUAS,PUTUMAYO,LORETO,False,True,0,0
160101,160100,160000,TAMBOPATA,TAMBOPATA,MADRE DE DIOS,False,True,0,0
160102,160100,160000,INAMBARI,TAMBOPATA,MADRE DE DIOS,False,True,0,0
160103,160100,160000,LAS PIEDRAS,TAMBOPATA,MADRE DE DIOS,False,True,0,0
160104,160100,160000,LABERINTO,TAMBOPATA,MADRE DE DIOS,False,True,0,0
160201,160200,160000,MANU,MANU,MADRE DE DIOS,False,True,0,0
160202,160200,160000,FITZCARRALD,MANU,MADRE DE DIOS,False,True,0,0
160203,160200,160000,MADRE DE DIOS,MANU,MADRE DE DIOS,False,True,0,0
160204,160200,160000,HUEPETUHE,MANU,MADRE DE DIOS,False,True,0,0
160301,160300,160000,IÑAPARI,TAHUAMANU,MADRE DE DIOS,False,True,0,0
160302,160300,160000,IBERIA,TAHUAMANU,MADRE DE DIOS,False,True,0,0
160303,160300,160000,TAHUAMANU,TAHUAMANU,MADRE DE DIOS,False,True,0,0
170101,170100,170000,MOQUEGUA,MARISCAL NIETO,MOQUEGUA,False,True,0,0
170102,170100,170000,CARUMAS,MARISCAL NIETO,MOQUEGUA,False,True,0,0
170103,170100,170000,CUCHUMBAYA,MARISCAL NIETO,MOQUEGUA,False,True,0,0
170104,170100,170000,SAN CRISTOBAL,MARISCAL NIETO,MOQUEGUA,False,True,0,0
170105,170100,170000,TORATA,MARISCAL NIETO,MOQUEGUA,False,True,0,0
170106,170100,170000,SAMEGUA,MARISCAL NIETO,MOQUEGUA,False,True,0,0
170107,170100,170000,SAN ANTONIO,MARISCAL NIETO,MOQUEGUA,False,False,0,0
170201,170200,170000,OMATE,GENERAL SANCHEZ CERRO,MOQUEGUA,False,True,0,0
170202,170200,170000,COALAQUE,GENERAL SANCHEZ CERRO,MOQUEGUA,False,True,0,0
170203,170200,170000,CHOJATA,GENERAL SANCHEZ CERRO,MOQUEGUA,False,True,0,0
170204,170200,170000,ICHUÑA,GENERAL SANCHEZ CERRO,MOQUEGUA,False,True,0,0
170205,170200,170000,LA CAPILLA,GENERAL SANCHEZ CERRO,MOQUEGUA,False,True,0,0
170206,170200,170000,LLOQUE,GENERAL SANCHEZ CERRO,MOQUEGUA,False,True,0,0
170207,170200,170000,MATALAQUE,GENERAL SANCHEZ CERRO,MOQUEGUA,False,True,0,0
170208,170200,170000,PUQUINA,GENERAL SANCHEZ CERRO,MOQUEGUA,False,True,0,0
170209,170200,170000,QUINISTAQUILLAS,GENERAL SANCHEZ CERRO,MOQUEGUA,False,True,0,0
170210,170200,170000,UBINAS,GENERAL SANCHEZ CERRO,MOQUEGUA,False,True,0,0
170211,170200,170000,YUNGA,GENERAL SANCHEZ CERRO,MOQUEGUA,False,True,0,0
170301,170300,170000,ILO,ILO,MOQUEGUA,False,True,0,0
170302,170300,170000,EL ALGARROBAL,ILO,MOQUEGUA,False,True,0,0
170303,170300,170000,PACOCHA,ILO,MOQUEGUA,False,True,0,0
180101,180100,180000,CHAUPIMARCA,PASCO,PASCO,False,True,0,0
180103,180100,180000,HUACHON,PASCO,PASCO,False,True,0,0
180104,180100,180000,HUARIACA,PASCO,PASCO,False,True,0,0
180105,180100,180000,HUAYLLAY,PASCO,PASCO,False,True,0,0
180106,180100,180000,NINACACA,PASCO,PASCO,False,True,0,0
180107,180100,180000,PALLANCHACRA,PASCO,PASCO,False,True,0,0
180108,180100,180000,PAUCARTAMBO,PASCO,PASCO,False,True,0,0
180109,180100,180000,SAN FRANCISCO DE ASIS DE YARUSYACAN,PASCO,PASCO,False,True,0,0
180110,180100,180000,SIMON BOLIVAR,PASCO,PASCO,False,True,0,0
180111,180100,180000,TICLACAYAN,PASCO,PASCO,False,True,0,0
180112,180100,180000,TINYAHUARCO,PASCO,PASCO,False,True,0,0
180113,180100,180000,VICCO,PASCO,PASCO,False,True,0,0
180114,180100,180000,YANACANCHA,PASCO,PASCO,False,True,0,0
180201,180200,180000,YANAHUANCA,DANIEL ALCIDES CARRION,PASCO,False,True,0,0
180202,180200,180000,CHACAYAN,DANIEL ALCIDES CARRION,PASCO,False,True,0,0
180203,180200,180000,GOYLLARISQUIZGA,DANIEL ALCIDES CARRION,PASCO,False,True,0,0
180204,180200,180000,PAUCAR,DANIEL ALCIDES CARRION,PASCO,False,True,0,0
180205,180200,180000,SAN PEDRO DE PILLAO,DANIEL ALCIDES CARRION,PASCO,False,True,0,0
180206,180200,180000,SANTA ANA DE TUSI,DANIEL ALCIDES CARRION,PASCO,False,True,0,0
180207,180200,180000,TAPUC,DANIEL ALCIDES CARRION,PASCO,False,True,0,0
180208,180200,180000,VILCABAMBA,DANIEL ALCIDES CARRION,PASCO,False,True,0,0
180301,180300,180000,OXAPAMPA,OXAPAMPA,PASCO,False,True,0,0
180302,180300,180000,CHONTABAMBA,OXAPAMPA,PASCO,False,True,0,0
180303,180300,180000,HUANCABAMBA,OXAPAMPA,PASCO,False,True,0,0
180304,180300,180000,PUERTO BERMUDEZ,OXAPAMPA,PASCO,False,True,0,0
180305,180300,180000,VILLA RICA,OXAPAMPA,PASCO,False,True,0,0
180306,180300,180000,POZUZO,OXAPAMPA,PASCO,False,True,0,0
180307,180300,180000,PALCAZU,OXAPAMPA,PASCO,False,True,0,0
180308,180300,180000,CONSTITUCION,OXAPAMPA,PASCO,False,True,0,0
190101,190100,190000,PIURA,PIURA,PIURA,False,True,0,0
190103,190100,190000,CASTILLA,PIURA,PIURA,False,True,0,0
190104,190100,190000,CATACAOS,PIURA,PIURA,False,True,0,0
190105,190100,190000,LA ARENA,PIURA,PIURA,False,True,0,0
190106,190100,190000,LA UNION,PIURA,PIURA,False,True,0,0
190107,190100,190000,LAS LOMAS,PIURA,PIURA,False,True,0,0
190109,190100,190000,TAMBO GRANDE,PIURA,PIURA,False,True,0,0
190113,190100,190000,CURA MORI,PIURA,PIURA,False,True,0,0
190114,190100,190000,EL TALLAN,PIURA,PIURA,False,True,0,0
190115,190100,190000,VEINTISEIS DE OCTUBRE,PIURA,PIURA,False,True,0,0
190201,190200,190000,AYABACA,AYABACA,PIURA,False,True,0,0
190202,190200,190000,FRIAS,AYABACA,PIURA,False,True,0,0
190203,190200,190000,LAGUNAS,AYABACA,PIURA,False,True,0,0
190204,190200,190000,MONTERO,AYABACA,PIURA,False,True,0,0
190205,190200,190000,PACAIPAMPA,AYABACA,PIURA,False,True,0,0
190206,190200,190000,SAPILLICA,AYABACA,PIURA,False,True,0,0
190207,190200,190000,SICCHEZ,AYABACA,PIURA,False,True,0,0
190208,190200,190000,SUYO,AYABACA,PIURA,False,True,0,0
190209,190200,190000,JILILI,AYABACA,PIURA,False,True,0,0
190210,190200,190000,PAIMAS,AYABACA,PIURA,False,True,0,0
190301,190300,190000,HUANCABAMBA,HUANCABAMBA,PIURA,False,True,0,0
190302,190300,190000,CANCHAQUE,HUANCABAMBA,PIURA,False,True,0,0
190303,190300,190000,HUARMACA,HUANCABAMBA,PIURA,False,True,0,0
190304,190300,190000,SONDOR,HUANCABAMBA,PIURA,False,True,0,0
190305,190300,190000,SONDORILLO,HUANCABAMBA,PIURA,False,True,0,0
190306,190300,190000,EL CARMEN DE LA FRONTERA,HUANCABAMBA,PIURA,False,True,0,0
190307,190300,190000,SAN MIGUEL DE EL FAIQUE,HUANCABAMBA,PIURA,False,True,0,0
190308,190300,190000,LALAQUIZ,HUANCABAMBA,PIURA,False,True,0,0
190401,190400,190000,CHULUCANAS,MORROPON,PIURA,False,True,0,0
190402,190400,190000,BUENOS AIRES,MORROPON,PIURA,False,True,0,0
190403,190400,190000,CHALACO,MORROPON,PIURA,False,True,0,0
190404,190400,190000,MORROPON,MORROPON,PIURA,False,True,0,0
190405,190400,190000,SALITRAL,MORROPON,PIURA,False,True,0,0
190406,190400,190000,SANTA CATALINA DE MOSSA,MORROPON,PIURA,False,True,0,0
190407,190400,190000,SANTO DOMINGO,MORROPON,PIURA,False,True,0,0
190408,190400,190000,LA MATANZA,MORROPON,PIURA,False,True,0,0
190409,190400,190000,YAMANGO,MORROPON,PIURA,False,True,0,0
190410,190400,190000,SAN JUAN DE BIGOTE,MORROPON,PIURA,False,True,0,0
190501,190500,190000,PAITA,PAITA,PIURA,False,True,0,0
190502,190500,190000,AMOTAPE,PAITA,PIURA,False,True,0,0
190503,190500,190000,ARENAL,PAITA,PIURA,False,True,0,0
190504,190500,190000,LA HUACA,PAITA,PIURA,False,True,0,0
190505,190500,190000,COLAN,PAITA,PIURA,False,True,0,0
190506,190500,190000,TAMARINDO,PAITA,PIURA,False,True,0,0
190507,190500,190000,VICHAYAL,PAITA,PIURA,False,True,0,0
190601,190600,190000,SULLANA,SULLANA,PIURA,False,True,0,0
190602,190600,190000,BELLAVISTA,SULLANA,PIURA,False,True,0,0
190603,190600,190000,LANCONES,SULLANA,PIURA,False,True,0,0
190604,190600,190000,MARCAVELICA,SULLANA,PIURA,False,True,0,0
190605,190600,190000,MIGUEL CHECA,SULLANA,PIURA,False,True,0,0
190606,190600,190000,QUERECOTILLO,SULLANA,PIURA,False,True,0,0
190607,190600,190000,SALITRAL,SULLANA,PIURA,False,True,0,0
190608,190600,190000,IGNACIO ESCUDERO,SULLANA,PIURA,False,True,0,0
190701,190700,190000,PARIÑAS,TALARA,PIURA,False,True,0,0
190702,190700,190000,EL ALTO,TALARA,PIURA,False,True,0,0
190703,190700,190000,LA BREA,TALARA,PIURA,False,True,0,0
190704,190700,190000,LOBITOS,TALARA,PIURA,False,True,0,0
190705,190700,190000,MANCORA,TALARA,PIURA,False,True,0,0
190706,190700,190000,LOS ORGANOS,TALARA,PIURA,False,True,0,0
190801,190800,190000,SECHURA,SECHURA,PIURA,False,True,0,0
190802,190800,190000,VICE,SECHURA,PIURA,False,True,0,0
190803,190800,190000,BERNAL,SECHURA,PIURA,False,True,0,0
190804,190800,190000,BELLAVISTA DE LA UNION,SECHURA,PIURA,False,True,0,0
190805,190800,190000,CRISTO NOS VALGA,SECHURA,PIURA,False,True,0,0
190806,190800,190000,RINCONADA-LLICUAR,SECHURA,PIURA,False,True,0,0
200101,200100,200000,PUNO,PUNO,PUNO,False,True,0,0
200102,200100,200000,ACORA,PUNO,PUNO,False,True,0,0
200103,200100,200000,ATUNCOLLA,PUNO,PUNO,False,True,0,0
200104,200100,200000,CAPACHICA,PUNO,PUNO,False,True,0,0
200105,200100,200000,COATA,PUNO,PUNO,False,True,0,0
200106,200100,200000,CHUCUITO,PUNO,PUNO,False,True,0,0
200107,200100,200000,HUATA,PUNO,PUNO,False,True,0,0
200108,200100,200000,MAÑAZO,PUNO,PUNO,False,True,0,0
200109,200100,200000,PAUCARCOLLA,PUNO,PUNO,False,True,0,0
200110,200100,200000,PICHACANI,PUNO,PUNO,False,True,0,0
200111,200100,200000,SAN ANTONIO,PUNO,PUNO,False,True,0,0
200112,200100,200000,TIQUILLACA,PUNO,PUNO,False,True,0,0
200113,200100,200000,VILQUE,PUNO,PUNO,False,True,0,0
200114,200100,200000,PLATERIA,PUNO,PUNO,False,True,0,0
200115,200100,200000,AMANTANI,PUNO,PUNO,False,True,0,0
200201,200200,200000,AZANGARO,AZANGARO,PUNO,False,True,0,0
200202,200200,200000,ACHAYA,AZANGARO,PUNO,False,True,0,0
200203,200200,200000,ARAPA,AZANGARO,PUNO,False,True,0,0
200204,200200,200000,ASILLO,AZANGARO,PUNO,False,True,0,0
200205,200200,200000,CAMINACA,AZANGARO,PUNO,False,True,0,0
200206,200200,200000,CHUPA,AZANGARO,PUNO,False,True,0,0
200207,200200,200000,JOSE DOMINGO CHOQUEHUANCA,AZANGARO,PUNO,False,True,0,0
200208,200200,200000,MUÑANI,AZANGARO,PUNO,False,True,0,0
200210,200200,200000,POTONI,AZANGARO,PUNO,False,True,0,0
200212,200200,200000,SAMAN,AZANGARO,PUNO,False,True,0,0
200213,200200,200000,SAN ANTON,AZANGARO,PUNO,False,True,0,0
200214,200200,200000,SAN JOSE,AZANGARO,PUNO,False,True,0,0
200215,200200,200000,SAN JUAN DE SALINAS,AZANGARO,PUNO,False,True,0,0
200216,200200,200000,SANTIAGO DE PUPUJA,AZANGARO,PUNO,False,True,0,0
200217,200200,200000,TIRAPATA,AZANGARO,PUNO,False,True,0,0
200301,200300,200000,MACUSANI,CARABAYA,PUNO,False,True,0,0
200302,200300,200000,AJOYANI,CARABAYA,PUNO,False,True,0,0
200303,200300,200000,AYAPATA,CARABAYA,PUNO,False,True,0,0
200304,200300,200000,COASA,CARABAYA,PUNO,False,True,0,0
200305,200300,200000,CORANI,CARABAYA,PUNO,False,True,0,0
200306,200300,200000,CRUCERO,CARABAYA,PUNO,False,True,0,0
200307,200300,200000,ITUATA,CARABAYA,PUNO,False,True,0,0
200308,200300,200000,OLLACHEA,CARABAYA,PUNO,False,True,0,0
200309,200300,200000,SAN GABAN,CARABAYA,PUNO,False,True,0,0
200310,200300,200000,USICAYOS,CARABAYA,PUNO,False,True,0,0
200401,200400,200000,JULI,CHUCUITO,PUNO,False,True,0,0
200402,200400,200000,DESAGUADERO,CHUCUITO,PUNO,False,True,0,0
200403,200400,200000,HUACULLANI,CHUCUITO,PUNO,False,True,0,0
200406,200400,200000,PISACOMA,CHUCUITO,PUNO,False,True,0,0
200407,200400,200000,POMATA,CHUCUITO,PUNO,False,True,0,0
200410,200400,200000,ZEPITA,CHUCUITO,PUNO,False,True,0,0
200412,200400,200000,KELLUYO,CHUCUITO,PUNO,False,True,0,0
200501,200500,200000,HUANCANE,HUANCANE,PUNO,False,True,0,0
200502,200500,200000,COJATA,HUANCANE,PUNO,False,True,0,0
200504,200500,200000,INCHUPALLA,HUANCANE,PUNO,False,True,0,0
200506,200500,200000,PUSI,HUANCANE,PUNO,False,True,0,0
200507,200500,200000,ROSASPATA,HUANCANE,PUNO,False,True,0,0
200508,200500,200000,TARACO,HUANCANE,PUNO,False,True,0,0
200509,200500,200000,VILQUE CHICO,HUANCANE,PUNO,False,True,0,0
200511,200500,200000,HUATASANI,HUANCANE,PUNO,False,True,0,0
200601,200600,200000,LAMPA,LAMPA,PUNO,False,True,0,0
200602,200600,200000,CABANILLA,LAMPA,PUNO,False,True,0,0
200603,200600,200000,CALAPUJA,LAMPA,PUNO,False,True,0,0
200604,200600,200000,NICASIO,LAMPA,PUNO,False,True,0,0
200605,200600,200000,OCUVIRI,LAMPA,PUNO,False,True,0,0
200606,200600,200000,PALCA,LAMPA,PUNO,False,True,0,0
200607,200600,200000,PARATIA,LAMPA,PUNO,False,True,0,0
200608,200600,200000,PUCARA,LAMPA,PUNO,False,True,0,0
200609,200600,200000,SANTA LUCIA,LAMPA,PUNO,False,True,0,0
200610,200600,200000,VILAVILA,LAMPA,PUNO,False,True,0,0
200701,200700,200000,AYAVIRI,MELGAR,PUNO,False,True,0,0
200702,200700,200000,ANTAUTA,MELGAR,PUNO,False,True,0,0
200703,200700,200000,CUPI,MELGAR,PUNO,False,True,0,0
200704,200700,200000,LLALLI,MELGAR,PUNO,False,True,0,0
200705,200700,200000,MACARI,MELGAR,PUNO,False,True,0,0
200706,200700,200000,NUÑOA,MELGAR,PUNO,False,True,0,0
200707,200700,200000,ORURILLO,MELGAR,PUNO,False,True,0,0
200708,200700,200000,SANTA ROSA,MELGAR,PUNO,False,True,0,0
200709,200700,200000,UMACHIRI,MELGAR,PUNO,False,True,0,0
200801,200800,200000,SANDIA,SANDIA,PUNO,False,True,0,0
200803,200800,200000,CUYOCUYO,SANDIA,PUNO,False,True,0,0
200804,200800,200000,LIMBANI,SANDIA,PUNO,False,True,0,0
200805,200800,200000,PHARA,SANDIA,PUNO,False,True,0,0
200806,200800,200000,PATAMBUCO,SANDIA,PUNO,False,True,0,0
200807,200800,200000,QUIACA,SANDIA,PUNO,False,True,0,0
200808,200800,200000,SAN JUAN DEL ORO,SANDIA,PUNO,False,True,0,0
200810,200800,200000,YANAHUAYA,SANDIA,PUNO,False,True,0,0
200811,200800,200000,ALTO INAMBARI,SANDIA,PUNO,False,True,0,0
200812,200800,200000,SAN PEDRO DE PUTINA PUNCO,SANDIA,PUNO,False,True,0,0
200901,200900,200000,JULIACA,SAN ROMAN,PUNO,False,True,0,0
200902,200900,200000,CABANA,SAN ROMAN,PUNO,False,True,0,0
200903,200900,200000,CABANILLAS,SAN ROMAN,PUNO,False,True,0,0
200904,200900,200000,CARACOTO,SAN ROMAN,PUNO,False,True,0,0
200905,200900,200000,SAN MIGUEL,SAN ROMAN,PUNO,False,True,0,0
201001,201000,200000,YUNGUYO,YUNGUYO,PUNO,False,True,0,0
201002,201000,200000,UNICACHI,YUNGUYO,PUNO,False,True,0,0
201003,201000,200000,ANAPIA,YUNGUYO,PUNO,False,True,0,0
201004,201000,200000,COPANI,YUNGUYO,PUNO,False,True,0,0
201005,201000,200000,CUTURAPI,YUNGUYO,PUNO,False,True,0,0
201006,201000,200000,OLLARAYA,YUNGUYO,PUNO,False,True,0,0
201007,201000,200000,TINICACHI,YUNGUYO,PUNO,False,True,0,0
201101,201100,200000,PUTINA,SAN ANTONIO DE PUTINA,PUNO,False,True,0,0
201102,201100,200000,PEDRO VILCA APAZA,SAN ANTONIO DE PUTINA,PUNO,False,True,0,0
201103,201100,200000,QUILCAPUNCU,SAN ANTONIO DE PUTINA,PUNO,False,True,0,0
201104,201100,200000,ANANEA,SAN ANTONIO DE PUTINA,PUNO,False,True,0,0
201105,201100,200000,SINA,SAN ANTONIO DE PUTINA,PUNO,False,True,0,0
201201,201200,200000,ILAVE,EL COLLAO,PUNO,False,True,0,0
201202,201200,200000,PILCUYO,EL COLLAO,PUNO,False,True,0,0
201203,201200,200000,SANTA ROSA,EL COLLAO,PUNO,False,True,0,0
201204,201200,200000,CAPASO,EL COLLAO,PUNO,False,True,0,0
201205,201200,200000,CONDURIRI,EL COLLAO,PUNO,False,True,0,0
201301,201300,200000,MOHO,MOHO,PUNO,False,True,0,0
201302,201300,200000,CONIMA,MOHO,PUNO,False,True,0,0
201303,201300,200000,TILALI,MOHO,PUNO,False,True,0,0
201304,201300,200000,HUAYRAPATA,MOHO,PUNO,False,True,0,0
210101,210100,210000,MOYOBAMBA,MOYOBAMBA,SAN MARTIN,False,True,0,0
210102,210100,210000,CALZADA,MOYOBAMBA,SAN MARTIN,False,True,0,0
210103,210100,210000,HABANA,MOYOBAMBA,SAN MARTIN,False,True,0,0
210104,210100,210000,JEPELACIO,MOYOBAMBA,SAN MARTIN,False,True,0,0
210105,210100,210000,SORITOR,MOYOBAMBA,SAN MARTIN,False,True,0,0
210106,210100,210000,YANTALO,MOYOBAMBA,SAN MARTIN,False,True,0,0
210201,210200,210000,SAPOSOA,HUALLAGA,SAN MARTIN,False,True,0,0
210202,210200,210000,PISCOYACU,HUALLAGA,SAN MARTIN,False,True,0,0
210203,210200,210000,SACANCHE,HUALLAGA,SAN MARTIN,False,True,0,0
210204,210200,210000,TINGO DE SAPOSOA,HUALLAGA,SAN MARTIN,False,True,0,0
210205,210200,210000,ALTO SAPOSOA,HUALLAGA,SAN MARTIN,False,True,0,0
210206,210200,210000,EL ESLABON,HUALLAGA,SAN MARTIN,False,True,0,0
210301,210300,210000,LAMAS,LAMAS,SAN MARTIN,False,True,0,0
210303,210300,210000,BARRANQUITA,LAMAS,SAN MARTIN,False,True,0,0
210304,210300,210000,CAYNARACHI,LAMAS,SAN MARTIN,False,True,0,0
210305,210300,210000,CUÑUMBUQUI,LAMAS,SAN MARTIN,False,True,0,0
210306,210300,210000,PINTO RECODO,LAMAS,SAN MARTIN,False,True,0,0
210307,210300,210000,RUMISAPA,LAMAS,SAN MARTIN,False,True,0,0
210311,210300,210000,SHANAO,LAMAS,SAN MARTIN,False,True,0,0
210313,210300,210000,TABALOSOS,LAMAS,SAN MARTIN,False,True,0,0
210314,210300,210000,ZAPATERO,LAMAS,SAN MARTIN,False,True,0,0
210315,210300,210000,ALONSO DE ALVARADO,LAMAS,SAN MARTIN,False,True,0,0
210316,210300,210000,SAN ROQUE DE CUMBAZA,LAMAS,SAN MARTIN,False,True,0,0
210401,210400,210000,JUANJUI,MARISCAL CACERES,SAN MARTIN,False,True,0,0
210402,210400,210000,CAMPANILLA,MARISCAL CACERES,SAN MARTIN,False,True,0,0
210403,210400,210000,HUICUNGO,MARISCAL CACERES,SAN MARTIN,False,True,0,0
210404,210400,210000,PACHIZA,MARISCAL CACERES,SAN MARTIN,False,True,0,0
210405,210400,210000,PAJARILLO,MARISCAL CACERES,SAN MARTIN,False,True,0,0
210501,210500,210000,RIOJA,RIOJA,SAN MARTIN,False,True,0,0
210502,210500,210000,POSIC,RIOJA,SAN MARTIN,False,True,0,0
210503,210500,210000,YORONGOS,RIOJA,SAN MARTIN,False,True,0,0
210504,210500,210000,YURACYACU,RIOJA,SAN MARTIN,False,True,0,0
210505,210500,210000,NUEVA CAJAMARCA,RIOJA,SAN MARTIN,False,True,0,0
210506,210500,210000,ELIAS SOPLIN VARGAS,RIOJA,SAN MARTIN,False,True,0,0
210507,210500,210000,SAN FERNANDO,RIOJA,SAN MARTIN,False,True,0,0
210508,210500,210000,PARDO MIGUEL,RIOJA,SAN MARTIN,False,True,0,0
210509,210500,210000,AWAJUN,RIOJA,SAN MARTIN,False,True,0,0
210601,210600,210000,TARAPOTO,SAN MARTIN,SAN MARTIN,False,True,0,0
210602,210600,210000,ALBERTO LEVEAU,SAN MARTIN,SAN MARTIN,False,True,0,0
210604,210600,210000,CACATACHI,SAN MARTIN,SAN MARTIN,False,True,0,0
210606,210600,210000,CHAZUTA,SAN MARTIN,SAN MARTIN,False,True,0,0
210607,210600,210000,CHIPURANA,SAN MARTIN,SAN MARTIN,False,True,0,0
210608,210600,210000,EL PORVENIR,SAN MARTIN,SAN MARTIN,False,True,0,0
210609,210600,210000,HUIMBAYOC,SAN MARTIN,SAN MARTIN,False,True,0,0
210610,210600,210000,JUAN GUERRA,SAN MARTIN,SAN MARTIN,False,True,0,0
210611,210600,210000,MORALES,SAN MARTIN,SAN MARTIN,False,True,0,0
210612,210600,210000,PAPAPLAYA,SAN MARTIN,SAN MARTIN,False,True,0,0
210616,210600,210000,SAN ANTONIO,SAN MARTIN,SAN MARTIN,False,True,0,0
210619,210600,210000,SAUCE,SAN MARTIN,SAN MARTIN,False,True,0,0
210620,210600,210000,SHAPAJA,SAN MARTIN,SAN MARTIN,False,True,0,0
210621,210600,210000,LA BANDA DE SHILCAYO,SAN MARTIN,SAN MARTIN,False,True,0,0
210701,210700,210000,BELLAVISTA,BELLAVISTA,SAN MARTIN,False,True,0,0
210702,210700,210000,SAN RAFAEL,BELLAVISTA,SAN MARTIN,False,True,0,0
210703,210700,210000,SAN PABLO,BELLAVISTA,SAN MARTIN,False,True,0,0
210704,210700,210000,ALTO BIAVO,BELLAVISTA,SAN MARTIN,False,True,0,0
210705,210700,210000,HUALLAGA,BELLAVISTA,SAN MARTIN,False,True,0,0
210706,210700,210000,BAJO BIAVO,BELLAVISTA,SAN MARTIN,False,True,0,0
210801,210800,210000,TOCACHE,TOCACHE,SAN MARTIN,False,True,0,0
210802,210800,210000,NUEVO PROGRESO,TOCACHE,SAN MARTIN,False,True,0,0
210803,210800,210000,POLVORA,TOCACHE,SAN MARTIN,False,True,0,0
210804,210800,210000,SHUNTE,TOCACHE,SAN MARTIN,False,True,0,0
210805,210800,210000,UCHIZA,TOCACHE,SAN MARTIN,False,True,0,0
210806,210800,210000,SANTA LUCIA,TOCACHE,SAN MARTIN,False,True,0,0
210901,210900,210000,PICOTA,PICOTA,SAN MARTIN,False,True,0,0
210902,210900,210000,BUENOS AIRES,PICOTA,SAN MARTIN,False,True,0,0
210903,210900,210000,CASPIZAPA,PICOTA,SAN MARTIN,False,True,0,0
210904,210900,210000,PILLUANA,PICOTA,SAN MARTIN,False,True,0,0
210905,210900,210000,PUCACACA,PICOTA,SAN MARTIN,False,True,0,0
210906,210900,210000,SAN CRISTOBAL,PICOTA,SAN MARTIN,False,True,0,0
210907,210900,210000,SAN HILARION,PICOTA,SAN MARTIN,False,True,0,0
210908,210900,210000,TINGO DE PONASA,PICOTA,SAN MARTIN,False,True,0,0
210909,210900,210000,TRES UNIDOS,PICOTA,SAN MARTIN,False,True,0,0
210910,210900,210000,SHAMBOYACU,PICOTA,SAN MARTIN,False,True,0,0
211001,211000,210000,SAN JOSE DE SISA,EL DORADO,SAN MARTIN,False,True,0,0
211002,211000,210000,AGUA BLANCA,EL DORADO,SAN MARTIN,False,True,0,0
211003,211000,210000,SHATOJA,EL DORADO,SAN MARTIN,False,True,0,0
211004,211000,210000,SAN MARTIN,EL DORADO,SAN MARTIN,False,True,0,0
211005,211000,210000,SANTA ROSA,EL DORADO,SAN MARTIN,False,True,0,0
220101,220100,220000,TACNA,TACNA,TACNA,False,True,0,0
220102,220100,220000,CALANA,TACNA,TACNA,False,True,0,0
220104,220100,220000,INCLAN,TACNA,TACNA,False,True,0,0
220107,220100,220000,PACHIA,TACNA,TACNA,False,True,0,0
220108,220100,220000,PALCA,TACNA,TACNA,False,True,0,0
220109,220100,220000,POCOLLAY,TACNA,TACNA,False,True,0,0
220110,220100,220000,SAMA,TACNA,TACNA,False,True,0,0
220111,220100,220000,ALTO DE LA ALIANZA,TACNA,TACNA,False,True,0,0
220112,220100,220000,CIUDAD NUEVA,TACNA,TACNA,False,True,0,0
220113,220100,220000,CORONEL GREGORIO ALBARRACIN LANCHIPA,TACNA,TACNA,False,True,0,0
220114,220100,220000,LA YARADA LOS PALOS,TACNA,TACNA,False,True,0,0
220201,220200,220000,TARATA,TARATA,TACNA,False,True,0,0
220205,220200,220000,HEROES ALBARRACIN,TARATA,TACNA,False,True,0,0
220206,220200,220000,ESTIQUE,TARATA,TACNA,False,True,0,0
220207,220200,220000,ESTIQUE PAMPA,TARATA,TACNA,False,True,0,0
220210,220200,220000,SITAJARA,TARATA,TACNA,False,True,0,0
220211,220200,220000,SUSAPAYA,TARATA,TACNA,False,True,0,0
220212,220200,220000,TARUCACHI,TARATA,TACNA,False,True,0,0
220213,220200,220000,TICACO,TARATA,TACNA,False,True,0,0
220301,220300,220000,LOCUMBA,JORGE BASADRE,TACNA,False,True,0,0
220302,220300,220000,ITE,JORGE BASADRE,TACNA,False,True,0,0
220303,220300,220000,ILABAYA,JORGE BASADRE,TACNA,False,True,0,0
220401,220400,220000,CANDARAVE,CANDARAVE,TACNA,False,True,0,0
220402,220400,220000,CAIRANI,CANDARAVE,TACNA,False,True,0,0
220403,220400,220000,CURIBAYA,CANDARAVE,TACNA,False,True,0,0
220404,220400,220000,HUANUARA,CANDARAVE,TACNA,False,True,0,0
220405,220400,220000,QUILAHUANI,CANDARAVE,TACNA,False,True,0,0
220406,220400,220000,CAMILACA,CANDARAVE,TACNA,False,True,0,0
230101,230100,230000,TUMBES,TUMBES,TUMBES,False,True,0,0
230102,230100,230000,CORRALES,TUMBES,TUMBES,False,True,0,0
230103,230100,230000,LA CRUZ,TUMBES,TUMBES,False,True,0,0
230104,230100,230000,PAMPAS DE HOSPITAL,TUMBES,TUMBES,False,True,0,0
230105,230100,230000,SAN JACINTO,TUMBES,TUMBES,False,True,0,0
230106,230100,230000,SAN JUAN DE LA VIRGEN,TUMBES,TUMBES,False,True,0,0
230201,230200,230000,ZORRITOS,CONTRALMIRANTE VILLAR,TUMBES,False,True,0,0
230202,230200,230000,CASITAS,CONTRALMIRANTE VILLAR,TUMBES,False,True,0,0
230203,230200,230000,CANOAS DE PUNTA SAL,CONTRALMIRANTE VILLAR,TUMBES,False,True,0,0
230301,230300,230000,ZARUMILLA,ZARUMILLA,TUMBES,False,True,0,0
230302,230300,230000,MATAPALO,ZARUMILLA,TUMBES,False,True,0,0
230303,230300,230000,PAPAYAL,ZARUMILLA,TUMBES,False,True,0,0
230304,230300,230000,AGUAS VERDES,ZARUMILLA,TUMBES,False,True,0,0
240101,240100,240000,CALLAO,CALLAO,CALLAO,False,True,0,0
240102,240100,240000,BELLAVISTA,CALLAO,CALLAO,False,True,0,0
240103,240100,240000,LA PUNTA,CALLAO,CALLAO,False,True,0,0
240104,240100,240000,CARMEN DE LA LEGUA-REYNOSO,CALLAO,CALLAO,False,True,0,0
240105,240100,240000,LA PERLA,CALLAO,CALLAO,False,True,0,0
240106,240100,240000,VENTANILLA,CALLAO,CALLAO,False,True,0,0
240107,240100,240000,MI PERU,CALLAO,CALLAO,False,True,0,0
250101,250100,250000,CALLERIA,CORONEL PORTILLO,UCAYALI,False,True,0,0
250102,250100,250000,YARINACOCHA,CORONEL PORTILLO,UCAYALI,False,True,0,0
250103,250100,250000,MASISEA,CORONEL PORTILLO,UCAYALI,False,True,0,0
250104,250100,250000,CAMPOVERDE,CORONEL PORTILLO,UCAYALI,False,True,0,0
250105,250100,250000,IPARIA,CORONEL PORTILLO,UCAYALI,False,True,0,0
250106,250100,250000,NUEVA REQUENA,CORONEL PORTILLO,UCAYALI,False,True,0,0
250107,250100,250000,MANANTAY,CORONEL PORTILLO,UCAYALI,False,True,0,0
250201,250200,250000,PADRE ABAD,PADRE ABAD,UCAYALI,False,True,0,0
250202,250200,250000,IRAZOLA,PADRE ABAD,UCAYALI,False,True,0,0
250203,250200,250000,CURIMANA,PADRE ABAD,UCAYALI,False,True,0,0
250204,250200,250000,NESHUYA,PADRE ABAD,UCAYALI,False,True,0,0
250205,250200,250000,ALEXANDER VON HUMBOLDT,PADRE ABAD,UCAYALI,False,True,0,0
250206,250200,250000,BOQUERON,PADRE ABAD,UCAYALI,False,True,0,0
250207,250200,250000,HUAIPOCA,PADRE ABAD,UCAYALI,False,True,0,0
250301,250300,250000,RAIMONDI,ATALAYA,UCAYALI,False,True,0,0
250302,250300,250000,TAHUANIA,ATALAYA,UCAYALI,False,True,0,0
250303,250300,250000,YURUA,ATALAYA,UCAYALI,False,True,0,0
250304,250300,250000,SEPAHUA,ATALAYA,UCAYALI,False,True,0,0
250401,250400,250000,PURUS,PURUS,UCAYALI,False,True,0,0
910101,910100,910000,ARGEL,ARGELIA,ÁFRICA,True,False,0,0
910302,910300,910000,EL CAIRO,REPÚBLICA ÁRABE DE EGIPTO,ÁFRICA,True,False,0,0
910401,910400,910000,NAIROBI,KENIA,ÁFRICA,True,False,0,0
910502,910500,910000,RABAT,MARRUECOS,ÁFRICA,True,False,0,0
910603,910600,910000,PRETORIA,SUDÁFRICA,ÁFRICA,True,False,0,0
911201,911200,910000,ACRA,GHANA,ÁFRICA,True,False,0,0
920101,920100,920000,ARUBA,ANTILLAS HOLANDESAS,AMÉRICA,True,False,0,0
920202,920200,920000,BUENOS AIRES,ARGENTINA,AMÉRICA,True,False,0,0
920203,920200,920000,CÓRDOBA,ARGENTINA,AMÉRICA,True,False,0,0
920204,920200,920000,CORRIENTES,ARGENTINA,AMÉRICA,True,False,0,0
920205,920200,920000,LA PLATA,ARGENTINA,AMÉRICA,True,False,0,0
920206,920200,920000,MENDOZA,ARGENTINA,AMÉRICA,True,False,0,0
920207,920200,920000,ROSARIO DE SANTA FE,ARGENTINA,AMÉRICA,True,False,0,0
920208,920200,920000,SALTA,ARGENTINA,AMÉRICA,True,False,0,0
920210,920200,920000,SAN JUAN,ARGENTINA,AMÉRICA,True,False,0,0
920219,920200,920000,SAN LUIS,ARGENTINA,AMÉRICA,True,False,0,0
920224,920200,920000,CATAMARCA,ARGENTINA,AMÉRICA,True,False,0,0
920226,920200,920000,LA RIOJA,ARGENTINA,AMÉRICA,True,False,0,0
920401,920400,920000,COCHABAMBA,BOLIVIA,AMÉRICA,True,False,0,0
920403,920400,920000,LA PAZ,BOLIVIA,AMÉRICA,True,False,0,0
920405,920400,920000,SANTA CRUZ,BOLIVIA,AMÉRICA,True,False,0,0
920502,920500,920000,BELO HORIZONTE,BRASIL,AMÉRICA,True,False,0,0
920503,920500,920000,BRASILIA,BRASIL,AMÉRICA,True,False,0,0
920504,920500,920000,CURITIBA,BRASIL,AMÉRICA,True,False,0,0
920505,920500,920000,MANAOS,BRASIL,AMÉRICA,True,False,0,0
920506,920500,920000,PORTO ALEGRE,BRASIL,AMÉRICA,True,False,0,0
920508,920500,920000,RÍO BRANCO,BRASIL,AMÉRICA,True,False,0,0
920509,920500,920000,RÍO DE JANEIRO,BRASIL,AMÉRICA,True,False,0,0
920510,920500,920000,SAO PAULO,BRASIL,AMÉRICA,True,False,0,0
920511,920500,920000,SALVADOR,BRASIL,AMÉRICA,True,False,0,0
920532,920500,920000,GOIANIA,BRASIL,AMÉRICA,True,False,0,0
920536,920500,920000,FORTALEZA,BRASIL,AMÉRICA,True,False,0,0
920601,920600,920000,MONTREAL,CANADÁ,AMÉRICA,True,False,0,0
920602,920600,920000,OTTAWA,CANADÁ,AMÉRICA,True,False,0,0
920603,920600,920000,TORONTO,CANADÁ,AMÉRICA,True,False,0,0
920604,920600,920000,VANCOUVER,CANADÁ,AMÉRICA,True,False,0,0
920605,920600,920000,WINNIPEG,CANADÁ,AMÉRICA,True,False,0,0
920608,920600,920000,ALBERTA,CANADÁ,AMÉRICA,True,False,0,0
920701,920700,920000,BARRANQUILLA,COLOMBIA,AMÉRICA,True,False,0,0
920702,920700,920000,BOGOTÁ,COLOMBIA,AMÉRICA,True,False,0,0
920703,920700,920000,CALI,COLOMBIA,AMÉRICA,True,False,0,0
920705,920700,920000,LETICIA,COLOMBIA,AMÉRICA,True,False,0,0
920706,920700,920000,MEDELLÍN,COLOMBIA,AMÉRICA,True,False,0,0
920709,920700,920000,BUCARAMANGA,COLOMBIA,AMÉRICA,True,False,0,0
920717,920700,920000,PASTO,COLOMBIA,AMÉRICA,True,False,0,0
920737,920700,920000,CARTAGENA,COLOMBIA,AMÉRICA,True,False,0,0
920803,920800,920000,SAN JOSÉ,COSTA RICA,AMÉRICA,True,False,0,0
920901,920900,920000,LA HABANA,CUBA,AMÉRICA,True,False,0,0
921001,921000,920000,ANTOFAGASTA,CHILE,AMÉRICA,True,False,0,0
921002,921000,920000,ARICA,CHILE,AMÉRICA,True,False,0,0
921003,921000,920000,CONCEPCIÓN,CHILE,AMÉRICA,True,False,0,0
921005,921000,920000,IQUIQUE,CHILE,AMÉRICA,True,False,0,0
921006,921000,920000,SANTIAGO,CHILE,AMÉRICA,True,False,0,0
921007,921000,920000,VALPARAISO,CHILE,AMÉRICA,True,False,0,0
921026,921000,920000,COPIAPÓ,CHILE,AMÉRICA,True,False,0,0
921101,921100,920000,GUAYAQUIL,ECUADOR,AMÉRICA,True,False,0,0
921102,921100,920000,LOJA,ECUADOR,AMÉRICA,True,False,0,0
921104,921100,920000,MACHALA,ECUADOR,AMÉRICA,True,False,0,0
921105,921100,920000,QUITO,ECUADOR,AMÉRICA,True,False,0,0
921110,921100,920000,AZUAY,ECUADOR,AMÉRICA,True,False,0,0
921201,921200,920000,SAN SALVADOR,EL SALVADOR,AMÉRICA,True,False,0,0
921303,921300,920000,BOSTON,ESTADOS UNIDOS DE ÁMERICA,AMÉRICA,True,False,0,0
921304,921300,920000,CHICAGO,ESTADOS UNIDOS DE ÁMERICA,AMÉRICA,True,False,0,0
921308,921300,920000,DENVER,ESTADOS UNIDOS DE ÁMERICA,AMÉRICA,True,False,0,0
921313,921300,920000,HOUSTON,ESTADOS UNIDOS DE ÁMERICA,AMÉRICA,True,False,0,0
921315,921300,920000,LOS ÁNGELES,ESTADOS UNIDOS DE ÁMERICA,AMÉRICA,True,False,0,0
921317,921300,920000,MIAMI,ESTADOS UNIDOS DE ÁMERICA,AMÉRICA,True,False,0,0
921318,921300,920000,NUEVA ORLEANS,ESTADOS UNIDOS DE ÁMERICA,AMÉRICA,True,False,0,0
921319,921300,920000,NUEVA YORK,ESTADOS UNIDOS DE ÁMERICA,AMÉRICA,True,False,0,0
921320,921300,920000,ORLANDO,ESTADOS UNIDOS DE ÁMERICA,AMÉRICA,True,False,0,0
921322,921300,920000,OKLAHOMA,ESTADOS UNIDOS DE ÁMERICA,AMÉRICA,True,False,0,0
921323,921300,920000,SAN ANTONIO,ESTADOS UNIDOS DE ÁMERICA,AMÉRICA,True,False,0,0
921324,921300,920000,SAN DIEGO,ESTADOS UNIDOS DE ÁMERICA,AMÉRICA,True,False,0,0
921325,921300,920000,SAN FRANCISCO,ESTADOS UNIDOS DE ÁMERICA,AMÉRICA,True,False,0,0
921328,921300,920000,SEATTLE,ESTADOS UNIDOS DE ÁMERICA,AMÉRICA,True,False,0,0
921331,921300,920000,WASHINGTON D. C.,ESTADOS UNIDOS DE ÁMERICA,AMÉRICA,True,False,0,0
921335,921300,920000,NUEVA JERSEY,ESTADOS UNIDOS DE ÁMERICA,AMÉRICA,True,False,0,0
921350,921300,920000,CAROLINA DEL NORTE,ESTADOS UNIDOS DE ÁMERICA,AMÉRICA,True,False,0,0
921372,921300,920000,PHOENIX,ESTADOS UNIDOS DE ÁMERICA,AMÉRICA,True,False,0,0
921373,921300,920000,DALLAS,ESTADOS UNIDOS DE ÁMERICA,AMÉRICA,True,False,0,0
921374,921300,920000,SALT LAKE CITY,ESTADOS UNIDOS DE ÁMERICA,AMÉRICA,True,False,0,0
921381,921300,920000,ATLANTA,ESTADOS UNIDOS DE ÁMERICA,AMÉRICA,True,False,0,0
921385,921300,920000,HARTFORD,ESTADOS UNIDOS DE ÁMERICA,AMÉRICA,True,False,0,0
921501,921500,920000,GUATEMALA,GUATEMALA,AMÉRICA,True,False,0,0
921701,921700,920000,TEGUCIGALPA,HONDURAS,AMÉRICA,True,False,0,0
921901,921900,920000,GUADALAJARA,MÉXICO,AMÉRICA,True,False,0,0
921902,921900,920000,CIUDAD DE MÉXICO,MÉXICO,AMÉRICA,True,False,0,0
921903,921900,920000,MONTERREY,MÉXICO,AMÉRICA,True,False,0,0
922001,922000,920000,MANAGUA,NICARAGUA,AMÉRICA,True,False,0,0
922101,922100,920000,PANAMÁ,PANAMÁ,AMÉRICA,True,False,0,0
922102,922100,920000,DAVID,PANAMÁ,AMÉRICA,True,False,0,0
922103,922100,920000,COLON,PANAMÁ,AMÉRICA,True,False,0,0
922108,922100,920000,VERAGUAS,PANAMÁ,AMÉRICA,True,False,0,0
922201,922200,920000,ASUNCIÓN,PARAGUAY,AMÉRICA,True,False,0,0
922303,922300,920000,SAN JUAN,PUERTO RICO,AMÉRICA,True,False,0,0
922401,922400,920000,SANTO DOMINGO,REPÚBLICA DOMINICANA,AMÉRICA,True,False,0,0
922403,922400,920000,SANTIAGO DE LOS CABALLEROS,REPÚBLICA DOMINICANA,AMÉRICA,True,False,0,0
922601,922600,920000,PUERTO ESPAÑA,TRINIDAD Y TOBAGO,AMÉRICA,True,False,0,0
922701,922700,920000,MONTEVIDEO,URUGUAY,AMÉRICA,True,False,0,0
922802,922800,920000,CARACAS,VENEZUELA,AMÉRICA,True,False,0,0
923001,923000,920000,CAYENA,GUAYANA FRANCESA,AMÉRICA,True,False,0,0
930101,930100,930000,SEÚL,REPUBLICA DE COREA,ASIA,True,False,0,0
930201,930200,930000,BEIJING (PEKIN),REPÚBLICA POPULAR CHINA,ASIA,True,False,0,0
930206,930200,930000,SHANGHÁI,REPÚBLICA POPULAR CHINA,ASIA,True,False,0,0
930226,930200,930000,REGION ADMINISTRATIVA ESPECIAL HONG KONG,REPÚBLICA POPULAR CHINA,ASIA,True,False,0,0
930232,930200,930000,GUANGZHOU,REPÚBLICA POPULAR CHINA,ASIA,True,False,0,0
930402,930400,930000,NUEVA DELHI,INDIA,ASIA,True,False,0,0
930602,930600,930000,TEL AVIV,ISRAEL,ASIA,True,False,0,0
930603,930600,930000,RAMLA,ISRAEL,ASIA,True,False,0,0
930703,930700,930000,TOKIO,JAPÓN,ASIA,True,False,0,0
930704,930700,930000,OKINAWA,JAPÓN,ASIA,True,False,0,0
930705,930700,930000,FUKUOKA,JAPÓN,ASIA,True,False,0,0
930709,930700,930000,HIROSHIMA,JAPÓN,ASIA,True,False,0,0
930713,930700,930000,NAGOYA,JAPÓN,ASIA,True,False,0,0
930720,930700,930000,SAITAMA,JAPÓN,ASIA,True,False,0,0
930721,930700,930000,GUNMA,JAPÓN,ASIA,True,False,0,0
930726,930700,930000,SHIZUOKA,JAPÓN,ASIA,True,False,0,0
930727,930700,930000,MIE,JAPÓN,ASIA,True,False,0,0
930731,930700,930000,KOBE,JAPÓN,ASIA,True,False,0,0
930736,930700,930000,SHIGA,JAPÓN,ASIA,True,False,0,0
930801,930800,930000,BEIRUT,LÍBANO,ASIA,True,False,0,0
931001,931000,930000,BANGKOK,TAILANDIA,ASIA,True,False,0,0
931101,931100,930000,JAKARTA,INDONESIA,ASIA,True,False,0,0
931302,931300,930000,AMMAN,JORDANIA,ASIA,True,False,0,0
931501,931500,930000,ESTAMBUL,TURQUÍA,ASIA,True,False,0,0
931503,931500,930000,ANKARA,TURQUÍA,ASIA,True,False,0,0
931904,931900,930000,RIAD,ARABIA SAUDITA,ASIA,True,False,0,0
932002,932000,930000,HANÓI,VIETNAM,ASIA,True,False,0,0
932401,932400,930000,TEHERAN,IRÁN,ASIA,True,False,0,0
932501,932500,930000,SINGAPUR,SINGAPUR,ASIA,True,False,0,0
932801,932800,930000,AL - KUWAIT,KUWAIT,ASIA,True,False,0,0
933001,933000,930000,KUALA LUMPUR,MALASIA,ASIA,True,False,0,0
933201,933200,930000,MANILA,FILIPINAS,ASIA,True,False,0,0
933701,933700,930000,DUBÁI,EMIRATOS ÁRABES UNIDOS,ASIA,True,False,0,0
933702,933700,930000,ABU DABI,EMIRATOS ÁRABES UNIDOS,ASIA,True,False,0,0
933801,933800,930000,DOHA,CATAR,ASIA,True,False,0,0
940201,940200,940000,BERLÍN,ALEMANIA,EUROPA,True,False,0,0
940203,940200,940000,BREMEN,ALEMANIA,EUROPA,True,False,0,0
940205,940200,940000,FRANKFURT,ALEMANIA,EUROPA,True,False,0,0
940206,940200,940000,HAMBURGO,ALEMANIA,EUROPA,True,False,0,0
940213,940200,940000,COLONIA,ALEMANIA,EUROPA,True,False,0,0
940245,940200,940000,MÚNICH,ALEMANIA,EUROPA,True,False,0,0
940302,940300,940000,VIENA,AUSTRIA,EUROPA,True,False,0,0
940401,940400,940000,AMBERES,BÉLGICA,EUROPA,True,False,0,0
940402,940400,940000,BRUSELAS,BÉLGICA,EUROPA,True,False,0,0
940403,940400,940000,GANTE,BÉLGICA,EUROPA,True,False,0,0
940404,940400,940000,LIEJA,BÉLGICA,EUROPA,True,False,0,0
940601,940600,940000,PRAGA,REPÚBLICA CHECA,EUROPA,True,False,0,0
940801,940800,940000,COPENHAGUE,DINAMARCA,EUROPA,True,False,0,0
940902,940900,940000,BARCELONA,ESPAÑA,EUROPA,True,False,0,0
940903,940900,940000,BILBAO,ESPAÑA,EUROPA,True,False,0,0
940905,940900,940000,SALAMANCA,ESPAÑA,EUROPA,True,False,0,0
940909,940900,940000,LAS PALMAS,ESPAÑA,EUROPA,True,False,0,0
940910,940900,940000,MADRID,ESPAÑA,EUROPA,True,False,0,0
940911,940900,940000,MÁLAGA,ESPAÑA,EUROPA,True,False,0,0
940913,940900,940000,MALLORCA,ESPAÑA,EUROPA,True,False,0,0
940915,940900,940000,TENERIFE,ESPAÑA,EUROPA,True,False,0,0
940917,940900,940000,ZARAGOZA,ESPAÑA,EUROPA,True,False,0,0
940918,940900,940000,SEVILLA,ESPAÑA,EUROPA,True,False,0,0
940920,940900,940000,VALENCIA,ESPAÑA,EUROPA,True,False,0,0
940922,940900,940000,VIGO,ESPAÑA,EUROPA,True,False,0,0
940931,940900,940000,OVIEDO,ESPAÑA,EUROPA,True,False,0,0
940935,940900,940000,ALMERÍA,ESPAÑA,EUROPA,True,False,0,0
941001,941000,940000,HELSINKI,FINLANDIA,EUROPA,True,False,0,0
941101,941100,940000,BURDEOS,FRANCIA,EUROPA,True,False,0,0
941103,941100,940000,ESTRASBURGO,FRANCIA,EUROPA,True,False,0,0
941105,941100,940000,LYON,FRANCIA,EUROPA,True,False,0,0
941106,941100,940000,MARSELLA,FRANCIA,EUROPA,True,False,0,0
941107,941100,940000,NIZA,FRANCIA,EUROPA,True,False,0,0
941108,941100,940000,PARÍS,FRANCIA,EUROPA,True,False,0,0
941110,941100,940000,TOULOUSE,FRANCIA,EUROPA,True,False,0,0
941204,941200,940000,LONDRES,GRAN BRETAÑA,EUROPA,True,False,0,0
941301,941300,940000,ATENAS,GRECIA,EUROPA,True,False,0,0
941401,941400,940000,ÁMSTERDAM,HOLANDA,EUROPA,True,False,0,0
941501,941500,940000,BUDAPEST,HUNGRÍA,EUROPA,True,False,0,0
941701,941700,940000,BOLONIA,ITALIA,EUROPA,True,False,0,0
941703,941700,940000,FLORENCIA,ITALIA,EUROPA,True,False,0,0
941704,941700,940000,GÉNOVA,ITALIA,EUROPA,True,False,0,0
941706,941700,940000,MILÁN,ITALIA,EUROPA,True,False,0,0
941707,941700,940000,NÁPOLES,ITALIA,EUROPA,True,False,0,0
941709,941700,940000,ROMA,ITALIA,EUROPA,True,False,0,0
941710,941700,940000,TRIESTE,ITALIA,EUROPA,True,False,0,0
941711,941700,940000,TURÍN,ITALIA,EUROPA,True,False,0,0
941717,941700,940000,MARCAS,ITALIA,EUROPA,True,False,0,0
941748,941700,940000,PERUGIA,ITALIA,EUROPA,True,False,0,0
941755,941700,940000,BOLZANO,ITALIA,EUROPA,True,False,0,0
941801,941800,940000,DUBLÍN,IRLANDA,EUROPA,True,False,0,0
942001,942000,940000,LUXEMBURGO,GRAN DUCADO DE LUXEMBURGO,EUROPA,True,False,0,0
942101,942100,940000,LA VALETTA,MALTA,EUROPA,True,False,0,0
942302,942300,940000,OSLO,NORUEGA,EUROPA,True,False,0,0
942401,942400,940000,VARSOVIA,POLONIA,EUROPA,True,False,0,0
942502,942500,940000,LISBOA,PORTUGAL,EUROPA,True,False,0,0
942601,942600,940000,BUCAREST,RUMANÍA,EUROPA,True,False,0,0
942604,942600,940000,TIMISOARA,RUMANÍA,EUROPA,True,False,0,0
942701,942700,940000,ESTOCOLMO,SUECIA,EUROPA,True,False,0,0
942703,942700,940000,MALMO,SUECIA,EUROPA,True,False,0,0
942802,942800,940000,BERNA,SUIZA,EUROPA,True,False,0,0
942803,942800,940000,GINEBRA,SUIZA,EUROPA,True,False,0,0
942901,942900,940000,MOSCÚ,RUSIA,EUROPA,True,False,0,0
942910,942900,940000,SAN PETERSBURGO,RUSIA,EUROPA,True,False,0,0
943601,943600,940000,MINSK,BIELORRUSIA,EUROPA,True,False,0,0
943701,943700,940000,SKOPIE,MACEDONIA,EUROPA,True,False,0,0
944202,944200,940000,ANDORRA LA VELLA,PRINCIPADO DE ANDORRA,EUROPA,True,False,0,0
950102,950100,950000,BRISBANE,AUSTRALIA,OCEANÍA,True,False,0,0
950103,950100,950000,CAMBERRA,AUSTRALIA,OCEANÍA,True,False,0,0
950104,950100,950000,MELBOURNE,AUSTRALIA,OCEANÍA,True,False,0,0
950105,950100,950000,SÍDNEY,AUSTRALIA,OCEANÍA,True,False,0,0
950106,950100,950000,PERTH,AUSTRALIA,OCEANÍA,True,False,0,0
950201,950200,950000,AUCKLAND,NUEVA ZELANDA,OCEANÍA,True,False,0,0
950202,950200,950000,WELLINGTON,NUEVA ZELANDA,OCEANÍA,True,False,0,0
