{"type":"FeatureCollection","features":[{"type":"Feature","geometry":{"type":"MultiPolygon","coordinates":[[[[-77.83558786199995,-6.210671848999937],[-77.83264261199992,-6.212011723999979],[-77.83096486199992,-6.214328099999932],[-77.8283476119999,-6.215738223999892],[-77.82319336199993,-6.217347598999936],[-77.8202753619999,-6.220312473999911],[-77.81731048699999,-6.221539099999973],[-77.81394536199991,-6.225392598999974],[-77.81079098699996,-6.226562473999877],[-77.80555861199991,-6.222521473999905],[-77.79973448699997,-6.221066348999955],[-77.79614261199998,-6.224421848999953],[-77.79248823699993,-6.224304723999921],[-77.79123623699991,-6.227076223999916],[-77.78854886199997,-6.228777348999927],[-77.78226173699994,-6.227552723999906],[-77.7805917369999,-6.228771473999927],[-77.78023398699997,-6.237378974999899],[-77.7804396119999,-6.242445598999893],[-77.7792587369999,-6.246656848999976],[-77.77685548699992,-6.250630598999976],[-77.77162061199994,-6.256222473999912],[-77.76726623699994,-6.260172224999963],[-77.76421586199996,-6.269140723999953],[-77.76166036199999,-6.279327474999832],[-77.76362011199996,-6.28397847399998],[-77.76667711199991,-6.285807474999956],[-77.77835611199993,-6.288876473999949],[-77.78099586199994,-6.2887339749999],[-77.78371323699997,-6.285180349999962],[-77.78547548699993,-6.284682724999925],[-77.78904361199994,-6.285859724999966],[-77.79459236199995,-6.291956599999935],[-77.79932611199985,-6.298831974999928],[-77.80349436199992,-6.298963473999947],[-77.80857198699994,-6.297188474999928],[-77.81154698699999,-6.294306598999924],[-77.81362886199992,-6.287273474999949],[-77.81642973699996,-6.283576223999944],[-77.82503336199994,-6.279849849999948],[-77.82708986199992,-6.277642598999932],[-77.83226523699994,-6.278472474999944],[-77.83674198699998,-6.278334723999933],[-77.83992848699995,-6.276204973999938],[-77.84325048699998,-6.275751849999835],[-77.84805261199995,-6.276123098999904],[-77.84843723699998,-6.277407599999947],[-77.84624648699992,-6.283569098999976],[-77.84834711199989,-6.287047223999878],[-77.85416698699999,-6.28756372499987],[-77.86415386199991,-6.286026723999896],[-77.86924023699993,-6.286626973999944],[-77.87242361199998,-6.291978098999891],[-77.8765638619999,-6.291919599999972],[-77.8803586119999,-6.294654974999958],[-77.88583186199997,-6.296399723999912],[-77.88996673699995,-6.295300223999902],[-77.89293248699994,-6.291558473999942],[-77.89683786199998,-6.291363223999952],[-77.89821673699993,-6.289414098999941],[-77.90201948699996,-6.286583973999939],[-77.90341011299995,-6.286626974999933],[-77.90941411199992,-6.28340822499996],[-77.91599411199991,-6.282714849999877],[-77.92030073699993,-6.285126974999969],[-77.92465036199991,-6.286779348999914],[-77.93137873699999,-6.286933599999884],[-77.93610936199997,-6.285505848999946],[-77.93792186199994,-6.284109349999881],[-77.94127536199994,-6.283496099999866],[-77.94031048699998,-6.280966848999924],[-77.94131636199995,-6.278546849999884],[-77.94086136199996,-6.27383597499994],[-77.94201173699997,-6.268826223999952],[-77.94000786199996,-6.261201224999922],[-77.93818548699988,-6.258501973999955],[-77.93690423699996,-6.254490223999937],[-77.93420511199997,-6.250345724999931],[-77.93159961199996,-6.248863224999923],[-77.92898636299992,-6.249240224999937],[-77.92579686199991,-6.248351599999978],[-77.92243548699997,-6.245394474999898],[-77.92088086199993,-6.241927723999936],[-77.92076173699996,-6.23756647499988],[-77.91794923699996,-6.236601598999869],[-77.91659948699998,-6.233787099999972],[-77.91685936199991,-6.230996098999981],[-77.91539261199989,-6.225708973999929],[-77.91545698699997,-6.223347598999965],[-77.9139941119999,-6.221310598999935],[-77.91061136199988,-6.219828099999916],[-77.90905473699996,-6.215996099999927],[-77.90743748699998,-6.215533224999888],[-77.90590623699995,-6.210167973999887],[-77.90282423699995,-6.208074224999962],[-77.9028398619999,-6.20456447499987],[-77.90168948699994,-6.203509724999947],[-77.90203123699996,-6.199347598999907],[-77.9064863619999,-6.194265599999881],[-77.90549998699998,-6.190763724999954],[-77.90632423699998,-6.187570349999874],[-77.91025786199992,-6.181691348999891],[-77.90879298699997,-6.177640598999915],[-77.90807223699994,-6.178312474999927],[-77.89915623699994,-6.179050724999968],[-77.89170111199996,-6.177410223999971],[-77.88580073699995,-6.177800723999951],[-77.88071098699993,-6.17930859899991],[-77.87619136199999,-6.182138848999955],[-77.87556636199997,-6.183324224999978],[-77.87629761199997,-6.18982484999998],[-77.8784959869999,-6.19415247399985],[-77.87787711199985,-6.196353473999977],[-77.87255261199994,-6.195664598999883],[-77.86580011199999,-6.19602534899991],[-77.8618769869999,-6.19523447499995],[-77.85750111199997,-6.198602723999898],[-77.85456298699995,-6.199169723999944],[-77.84900586199996,-6.198777348999954],[-77.84657323699997,-6.20592234999998],[-77.84291348699992,-6.208654223999872],[-77.83558786199995,-6.210671848999937]]]]},"properties":{"ubigeo":"010101","nombre":"CHACHAPOYAS"}},{"type":"Feature","geometry":{"type":"MultiPolygon","coordinates":[[[[-77.70328723699998,-6.025533223999901],[-77.7053418619999,-6.030187849999948],[-77.70836786199999,-6.034050598999954],[-77.71382223599994,-6.044816348999973],[-77.71694873699988,-6.042137598999943],[-77.72058948699993,-6.040681348999954],[-77.72320211199991,-6.038753974999906],[-77.72615736199992,-6.034042598999918],[-77.72906986199996,-6.031686973999967],[-77.73738886199999,-6.028701349999949],[-77.73951623699998,-6.027291723999952],[-77.74124461199989,-6.023502849999943],[-77.74371773699988,-6.020379723999838],[-77.74495986199992,-6.017424473999938],[-77.74791511199999,-6.014169348999872],[-77.7508947369999,-6.013337848999925],[-77.75403986199996,-6.008258723999973],[-77.75682386199992,-6.005474848999938],[-77.76239761199997,-6.002190849999977],[-77.76586111199993,-6.001791349999962],[-77.76706036199994,-6.000206598999966],[-77.77404836199992,-5.995978473999969],[-77.77713211199989,-5.995231723999893],[-77.78016386199994,-5.995501474999912],[-77.77615386199994,-5.989529723999908],[-77.77278836199986,-5.988546473999918],[-77.77209598699994,-5.982331724999881],[-77.77450323699998,-5.974316848999933],[-77.77341561199995,-5.971537349999892],[-77.76986823699991,-5.966513973999952],[-77.7591636119999,-5.956862473999934],[-77.75463748699997,-5.955643724999959],[-77.74814223599998,-5.951027848999956],[-77.74538423699994,-5.94698822499987],[-77.74483398699988,-5.944943348999971],[-77.74286911199994,-5.949328098999956],[-77.74224611199998,-5.95296284899996],[-77.74413861199992,-5.95592572399994],[-77.74322661199994,-5.961099599999955],[-77.73843548699995,-5.966888723999944],[-77.73793361199995,-5.971417973999962],[-77.73607223699997,-5.97810547399996],[-77.73028911199992,-5.984224598999901],[-77.72856048599988,-5.990259723999941],[-77.72943748599988,-5.992316348999907],[-77.72855473699997,-6.000009723999824],[-77.72424223699994,-6.005400349999888],[-77.72323236199992,-6.008087848999935],[-77.72030473699994,-6.009640598999965],[-77.71852923699998,-6.014066348999961],[-77.71582048699997,-6.01537309899993],[-77.71133986199987,-6.020078098999932],[-77.70504486199985,-6.024798849999968],[-77.70328723699998,-6.025533223999901]]]]},"properties":{"ubigeo":"010102","nombre":"ASUNCION"}},{"type":"Feature","geometry":{"type":"MultiPolygon","coordinates":[[[[-77.89281461199988,-6.734123974999875],[-77.88943048699991,-6.736447349999821],[-77.8826623619999,-6.742962974999955],[-77.87940448699999,-6.747458349999931],[-77.88081873699997,-6.751120224999966],[-77.88023786199994,-6.7566509749999],[-77.88315973699997,-6.760262474999934],[-77.88349611199999,-6.762171849999845],[-77.88221211199988,-6.767534474999877],[-77.88026636199999,-6.772118349999914],[-77.88033886199997,-6.782865224999966],[-77.88427736199998,-6.786273474999973],[-77.88503623699995,-6.791502224999874],[-77.88998598699999,-6.79561872499994],[-77.89025098699994,-6.798273974999915],[-77.88930473699997,-6.801115224999876],[-77.88560236199999,-6.804947849999905],[-77.88448061199989,-6.80763984999993],[-77.88714786199995,-6.810353849999956],[-77.88848823699993,-6.818519474999903],[-77.88806798699989,-6.829173724999862],[-77.87900848699991,-6.834618974999898],[-77.88007386199996,-6.841490974999886],[-77.88151223699998,-6.845823724999946],[-77.88081448699995,-6.851765974999978],[-77.87625348699999,-6.855757224999877],[-77.87469961199992,-6.864441474999978],[-77.87643436199994,-6.868893474999936],[-77.87606036199998,-6.872224599999868],[-77.87435073699993,-6.875114849999932],[-77.87213973699994,-6.876205849999963],[-77.87186261199992,-6.878821724999909],[-77.87478473699997,-6.87972684999994],[-77.8757674869999,-6.882028349999928],[-77.8748881119999,-6.886915849999866],[-77.87749998699991,-6.892087849999939],[-77.88422348699993,-6.893018724999877],[-77.89095648699998,-6.89599109999989],[-77.89362736199996,-6.899340974999859],[-77.89589086199993,-6.900563349999913],[-77.90528911199988,-6.903665974999967],[-77.90603123699998,-6.906946349999942],[-77.91128248699988,-6.911880724999833],[-77.91644323699995,-6.913963099999933],[-77.9199013619999,-6.911724849999814],[-77.92839198699994,-6.907551974999933],[-77.92999536199994,-6.905871099999956],[-77.93175386199994,-6.900466349999874],[-77.93383248699996,-6.898384224999916],[-77.93917548699994,-6.896531599999946],[-77.94328611199995,-6.897898224999949],[-77.94766686199995,-6.901929599999903],[-77.95275198699989,-6.907914099999971],[-77.9544569869999,-6.908941349999964],[-77.9656464869999,-6.911339849999933],[-77.96890623799999,-6.912439474999871],[-77.97522848699992,-6.912152349999928],[-77.97604298699991,-6.911152349999952],[-77.98110736199999,-6.911388724999881],[-77.98340236199988,-6.910847599999954],[-77.98802736199997,-6.911646474999884],[-77.99148236199989,-6.910550724999894],[-77.9954843619999,-6.91022259999994],[-77.99838673699998,-6.910956974999976],[-78.00097811199998,-6.91050247499993],[-78.00088286299984,-6.896759224999926],[-78.00455173699999,-6.895116974999951],[-78.00598448699998,-6.892356474999872],[-78.00546023799996,-6.888128474999917],[-78.00234023699988,-6.884751974999972],[-78.00165148699995,-6.880930349999971],[-78.00646286199992,-6.878339849999918],[-78.00554661199999,-6.874620599999957],[-78.00220111199991,-6.871275099999821],[-78.00119923699998,-6.868251599999951],[-78.00144973699992,-6.86578272499986],[-78.00330273699996,-6.862425724999923],[-78.00717473699996,-6.858903724999834],[-78.00989411199998,-6.854920099999902],[-78.01282811199991,-6.853584224999963],[-78.01993661199992,-6.852820974999872],[-78.02298998699996,-6.851532849999955],[-78.02716448699994,-6.851127349999899],[-78.03040861299996,-6.849051974999952],[-78.03121973699996,-6.84704822499998],[-78.028190237,-6.843159974999878],[-78.02415886199998,-6.841227849999882],[-78.02403961299996,-6.838413099999968],[-78.02081923699996,-6.835288099999957],[-78.01623923699998,-6.833021974999951],[-78.01671636199995,-6.829014474999894],[-78.01406386199994,-6.822303224999928],[-78.01619161199994,-6.820164599999885],[-78.01910173699997,-6.820307724999907],[-78.02110548699994,-6.81758834999988],[-78.02041373699996,-6.814725849999945],[-78.0175512379999,-6.808165974999838],[-78.01802836199994,-6.806663224999909],[-78.02210723699994,-6.801296099999945],[-78.02382486199997,-6.797097724999958],[-78.02115323699996,-6.794092099999943],[-78.02136786199998,-6.790990974999943],[-78.02399186199989,-6.783882474999928],[-78.02179723699993,-6.778801599999895],[-78.02241748699993,-6.777346474999945],[-78.02597173799995,-6.775891349999881],[-78.02554236199995,-6.772981099999981],[-78.02306161199994,-6.772480224999924],[-78.02232223699997,-6.770309474999976],[-78.02389661199993,-6.767494724999892],[-78.02776086199998,-6.769379224999966],[-78.03079036299994,-6.766397224999935],[-78.03167286299993,-6.762461474999895],[-78.02964536199994,-6.759861224999952],[-78.03000311299996,-6.757953099999838],[-78.0338913619999,-6.754541849999953],[-78.03814648699989,-6.745757849999961],[-78.03586886199992,-6.743240724999964],[-78.03467573699999,-6.744984349999982],[-78.02782036199994,-6.745910099999946],[-78.02179298799996,-6.744455099999868],[-78.01699998699996,-6.74493947499991],[-78.00886136199989,-6.742964849999964],[-78.00632611299989,-6.739128849999929],[-78.00569923699999,-6.736874974999921],[-78.00156361199993,-6.729797599999927],[-78.00102486299994,-6.721211849999975],[-77.99552411299999,-6.719938224999964],[-77.98960586199996,-6.719198223999911],[-77.98510411199999,-6.719539224999892],[-77.97906023699989,-6.716993224999896],[-77.97230761199995,-6.717668474999925],[-77.965735237,-6.712400849999881],[-77.95954848699995,-6.713947599999869],[-77.9553608619999,-6.708117849999894],[-77.95122048699983,-6.706190474999971],[-77.94183336199995,-6.702975224999932],[-77.93968011199996,-6.697100974999898],[-77.93914148699997,-6.693748349999964],[-77.93596686199993,-6.689789098999938],[-77.93289348699994,-6.692100473999972],[-77.92944873699992,-6.692163224999888],[-77.91948336199994,-6.690256849999912],[-77.91579623699988,-6.696014849999926],[-77.91354861199989,-6.698060474999977],[-77.91084648699996,-6.69912322499988],[-77.90688136199998,-6.702227474999972],[-77.90507298699993,-6.714525099999889],[-77.9026486119999,-6.717490224999892],[-77.89763823699991,-6.720991599999877],[-77.8955673619999,-6.725133349999908],[-77.89630461199988,-6.730612724999958],[-77.89561786199994,-6.732356099999947],[-77.89281461199988,-6.734123974999875]]]]},"properties":{"ubigeo":"010103","nombre":"BALSAS"}},{"type":"Feature","geometry":{"type":"MultiPolygon","coordinates":[[[[-77.61757348699996,-6.280755973999874],[-77.62031723699994,-6.283210223999902],[-77.62346248699993,-6.289709099999925],[-77.62292923599995,-6.292612348999967],[-77.62347173699999,-6.30114247399996],[-77.62417461199988,-6.306129723999959],[-77.62604223599993,-6.308409849999975],[-77.62908723699991,-6.313742599999955],[-77.63520323699998,-6.316106598999966],[-77.63913586199993,-6.316339974999892],[-77.6400909869999,-6.319744723999975],[-77.64835623699997,-6.32328697399987],[-77.65189848699998,-6.327091599999903],[-77.65924536199998,-6.331683349999935],[-77.66331236099995,-6.332076973999904],[-77.67004498699993,-6.339823849999902],[-77.67572173599996,-6.33975734899991],[-77.67942836099996,-6.336568099999909],[-77.68227198699998,-6.336475474999872],[-77.68760786199994,-6.328764348999925],[-77.68935411199993,-6.326978723999957],[-77.69132586199999,-6.322524974999965],[-77.69302348699995,-6.320722599999954],[-77.70135548599995,-6.319749973999876],[-77.70353023699994,-6.320397349999951],[-77.70637473699992,-6.323827224999889],[-77.70774948699989,-6.324213098999962],[-77.71451623599995,-6.32335084999994],[-77.72521011199996,-6.326962474999959],[-77.73065736199993,-6.321904348999965],[-77.73292398699988,-6.318535099999963],[-77.73287611199993,-6.316029849999893],[-77.73535298699994,-6.314328099999955],[-77.7354178619999,-6.311536849999868],[-77.73324798699997,-6.309530349999932],[-77.72990036199991,-6.308421224999904],[-77.72913773699997,-6.305807724999966],[-77.7291222369999,-6.301644723999914],[-77.73011323699996,-6.298952348999933],[-77.72968311199998,-6.293044098999928],[-77.72667298699997,-6.28851947499993],[-77.72616811199993,-6.284032223999816],[-77.72510248699996,-6.282760848999942],[-77.72106386199994,-6.281807349999951],[-77.71972661099994,-6.279253849999975],[-77.71686023699993,-6.27628859899994],[-77.71739198699998,-6.270538224999939],[-77.71486586199995,-6.264123099999892],[-77.71449723699999,-6.259037349999915],[-77.71551286199991,-6.254885973999933],[-77.71551123699993,-6.248784223999962],[-77.71489061199992,-6.24594922499989],[-77.71351948699999,-6.250521473999925],[-77.7122871119999,-6.251972599999931],[-77.70758198699997,-6.252453098999979],[-77.70494136199989,-6.251839848999964],[-77.69874023599994,-6.252453098999979],[-77.69665036199984,-6.253941348999888],[-77.6944688619999,-6.259183598999869],[-77.69612886199997,-6.263386723999929],[-77.69389448699997,-6.26680072399995],[-77.69765823699998,-6.271568349999882],[-77.69534761199998,-6.272320349999973],[-77.69495098699991,-6.275193223999963],[-77.69600786199999,-6.277411973999961],[-77.69130473699994,-6.278892599999892],[-77.69061323699992,-6.2835878489999],[-77.69146486199998,-6.288148474999957],[-77.68907223699995,-6.290898474999949],[-77.6855958619999,-6.290859348999902],[-77.6807812369999,-6.288896474999945],[-77.67661711099998,-6.286201223999967],[-77.67527536199998,-6.28685347499993],[-77.67213861199997,-6.283191348999935],[-77.66705661199995,-6.282644473999937],[-77.66355073699987,-6.274021473999937],[-77.66099611199996,-6.273220724999931],[-77.65497098699996,-6.272803224999848],[-77.64227486199997,-6.2727827249999],[-77.63840898699993,-6.268981473999929],[-77.63670986099993,-6.265277849999961],[-77.63393948699996,-6.262423098999932],[-77.63126473699998,-6.261258224999949],[-77.62294423699996,-6.267502598999954],[-77.61908398699995,-6.274398473999952],[-77.61883098599998,-6.278186099999971],[-77.61757348699996,-6.280755973999874]]]]},"properties":{"ubigeo":"010104","nombre":"CHETO"}},{"type":"Feature","geometry":{"type":"MultiPolygon","coordinates":[[[[-77.71382223599994,-6.044816348999973],[-77.70906873699988,-6.04899222399996],[-77.70757048699994,-6.051051723999933],[-77.70188861199989,-6.061910098999874],[-77.70169261199993,-6.069018098999948],[-77.70447073699995,-6.081406473999891],[-77.70703061199993,-6.088309723999885],[-77.70633636199994,-6.093053724999947],[-77.7078643619999,-6.100999223999906],[-77.7078398619999,-6.103031223999835],[-77.70546698699997,-6.110976849999929],[-77.70225011199989,-6.116449473999921],[-77.70221186099991,-6.120228098999917],[-77.70820811199991,-6.1238258489999],[-77.71360748699993,-6.128420098999868],[-77.71590623699996,-6.131535098999962],[-77.71888673699993,-6.132809474999874],[-77.7227639869999,-6.136416974999861],[-77.72431473699999,-6.140867348999848],[-77.73496086199992,-6.143847598999969],[-77.73773198699996,-6.144931973999974],[-77.74218986199998,-6.145510349999938],[-77.74722611199991,-6.148835598999938],[-77.74798636199995,-6.150191349999943],[-77.74803911199996,-6.160435599999971],[-77.7485194869999,-6.164404348999881],[-77.75204986199998,-6.163363723999851],[-77.75584486199995,-6.158455473999879],[-77.76075386199994,-6.155615223999973],[-77.76172261199997,-6.151914223999938],[-77.76650198699991,-6.14908397399995],[-77.77050586199994,-6.144017598999881],[-77.77057611199996,-6.141275348999955],[-77.77467773699993,-6.13976947499998],[-77.77718161199994,-6.136902348999968],[-77.7803632369999,-6.131199223999886],[-77.78862498699993,-6.126109349999922],[-77.79054486199988,-6.123910098999943],[-77.78898436199984,-6.121953099999928],[-77.78959961199996,-6.117347599999903],[-77.79143361199988,-6.116017598999974],[-77.79424798699995,-6.109761723999895],[-77.79564848699994,-6.107724598999937],[-77.79611723699998,-6.102392598999927],[-77.79840623699994,-6.099562599999899],[-77.8007011119999,-6.094781223999973],[-77.80494711199998,-6.090933598999925],[-77.80570698699995,-6.088828098999898],[-77.80552148699996,-6.084412098999906],[-77.80781048699998,-6.080931598999882],[-77.80786911199988,-6.078445348999935],[-77.80636723699996,-6.072955098999898],[-77.80700786199992,-6.06643747499993],[-77.80566011199988,-6.061820348999902],[-77.80724798699998,-6.057089849999954],[-77.8079413619999,-6.053062598999873],[-77.80509373699994,-6.047300723999911],[-77.80558398699998,-6.045230473999936],[-77.80534773699998,-6.039562473999922],[-77.80408198699996,-6.035113223999929],[-77.80623436199988,-6.031873098999938],[-77.80214648699996,-6.02980072399987],[-77.79949023699999,-6.027064473999928],[-77.79668948699998,-6.02544722499988],[-77.79319723699996,-6.026023473999885],[-77.79029673699995,-6.028214724999827],[-77.78810348699994,-6.027344973999959],[-77.79048611199994,-6.022552723999866],[-77.78866686199996,-6.016936723999891],[-77.78490961199992,-6.009066598999937],[-77.78462311199996,-6.006072224999969],[-77.7818878619999,-6.00059822399993],[-77.78016386199994,-5.995501474999912],[-77.77713211199989,-5.995231723999893],[-77.77404836199992,-5.995978473999969],[-77.76706036199994,-6.000206598999966],[-77.76586111199993,-6.001791349999962],[-77.76239761199997,-6.002190849999977],[-77.75682386199992,-6.005474848999938],[-77.75403986199996,-6.008258723999973],[-77.7508947369999,-6.013337848999925],[-77.74791511199999,-6.014169348999872],[-77.74495986199992,-6.017424473999938],[-77.74371773699988,-6.020379723999838],[-77.74124461199989,-6.023502849999943],[-77.73951623699998,-6.027291723999952],[-77.73738886199999,-6.028701349999949],[-77.72906986199996,-6.031686973999967],[-77.72615736199992,-6.034042598999918],[-77.72320211199991,-6.038753974999906],[-77.72058948699993,-6.040681348999954],[-77.71694873699988,-6.042137598999943],[-77.71382223599994,-6.044816348999973]]]]},"properties":{"ubigeo":"010105","nombre":"CHILIQUIN"}},{"type":"Feature","geometry":{"type":"MultiPolygon","coordinates":[[[[-77.77929986199996,-6.941452724999976],[-77.78428498699992,-6.946508099999903],[-77.78625098699996,-6.949293224999963],[-77.78763186199984,-6.954910350999967],[-77.79100211199989,-6.955916725999884],[-77.79460636199997,-6.958140099999923],[-77.79766661199994,-6.962243349999937],[-77.80193198699999,-6.966144474999965],[-77.80462361199994,-6.965231724999967],[-77.80988961199989,-6.961182724999958],[-77.82282173699991,-6.959776974999897],[-77.82718661199993,-6.957085474999872],[-77.83343461199996,-6.956782724999869],[-77.83528361199996,-6.959591224999883],[-77.83923661199998,-6.973233724999886],[-77.84219498699997,-6.976884849999919],[-77.84586473699994,-6.976398100999972],[-77.85361636199997,-6.973009099999956],[-77.85586073699994,-6.972826474999977],[-77.85829723699993,-6.970837099999926],[-77.86475373699989,-6.968257599999959],[-77.87204048699994,-6.966980099999944],[-77.87612223699995,-6.963740849999965],[-77.88034173699992,-6.962503850999951],[-77.88413598699998,-6.966493224999965],[-77.8870568619999,-6.971642224999925],[-77.89555723699988,-6.975670849999915],[-77.89808511199993,-6.979712099999915],[-77.90000648699993,-6.980670099999941],[-77.90542473699998,-6.980929349999883],[-77.91066186199998,-6.980316724999909],[-77.91529023699997,-6.980567849999943],[-77.91982886199997,-6.983263974999886],[-77.92752798699996,-6.986709224999856],[-77.93074223699989,-6.986167975999933],[-77.93358998699989,-6.983289849999892],[-77.93493998699995,-6.97969997499996],[-77.93729098699998,-6.978974599999901],[-77.93923823699998,-6.976554724999971],[-77.94199798699998,-6.976080099999933],[-77.94673436199997,-6.973652349999895],[-77.9549882369999,-6.974617224999974],[-77.96185548699992,-6.976642599999934],[-77.96717186199999,-6.972689474999981],[-77.97175586299994,-6.970314349999853],[-77.97288286299994,-6.970566349999899],[-77.97860998699997,-6.965989975999889],[-77.98099998699996,-6.965329975999907],[-77.98357998699993,-6.963089974999946],[-77.98605998699998,-6.962969974999965],[-77.98961911199984,-6.964086099999918],[-77.9921406119999,-6.964005849999978],[-77.99874411199988,-6.967675724999935],[-77.9995064869999,-6.970531599999958],[-78.00210373699997,-6.967844849999892],[-78.0018284869999,-6.964778224999975],[-77.99927298699987,-6.961436350999975],[-77.99939086199993,-6.957426099999907],[-77.99773961199992,-6.952039724999906],[-77.99829011199989,-6.950113224999939],[-78.00080636199982,-6.947597099999939],[-78.00088486199991,-6.942132099999867],[-78.00205198699996,-6.93828472499996],[-78.00443111199996,-6.937133099999869],[-78.01108023699999,-6.937079224999934],[-78.01299298799995,-6.934580099999948],[-78.01414336199986,-6.931602725999937],[-78.01349611199993,-6.929748099999813],[-78.00591523699995,-6.921630724999886],[-78.00495098699997,-6.915692849999857],[-78.00330148699993,-6.913485099999946],[-78.00091848699992,-6.912908724999966],[-78.00097811199998,-6.91050247499993],[-77.99838673699998,-6.910956974999976],[-77.9954843619999,-6.91022259999994],[-77.99148236199989,-6.910550724999894],[-77.98802736199997,-6.911646474999884],[-77.98340236199988,-6.910847599999954],[-77.98110736199999,-6.911388724999881],[-77.97604298699991,-6.911152349999952],[-77.97522848699992,-6.912152349999928],[-77.96890623799999,-6.912439474999871],[-77.9656464869999,-6.911339849999933],[-77.9544569869999,-6.908941349999964],[-77.95275198699989,-6.907914099999971],[-77.94766686199995,-6.901929599999903],[-77.94328611199995,-6.897898224999949],[-77.93917548699994,-6.896531599999946],[-77.93383248699996,-6.898384224999916],[-77.93175386199994,-6.900466349999874],[-77.92999536199994,-6.905871099999956],[-77.92839198699994,-6.907551974999933],[-77.9199013619999,-6.911724849999814],[-77.91644323699995,-6.913963099999933],[-77.91128248699988,-6.911880724999833],[-77.90603123699998,-6.906946349999942],[-77.90528911199988,-6.903665974999967],[-77.89589086199993,-6.900563349999913],[-77.89362736199996,-6.899340974999859],[-77.89095648699998,-6.89599109999989],[-77.88422348699993,-6.893018724999877],[-77.87749998699991,-6.892087849999939],[-77.8748881119999,-6.886915849999866],[-77.8757674869999,-6.882028349999928],[-77.87478473699997,-6.87972684999994],[-77.87186261199992,-6.878821724999909],[-77.87213973699994,-6.876205849999963],[-77.87435073699993,-6.875114849999932],[-77.87606036199998,-6.872224599999868],[-77.86972798699998,-6.871264474999919],[-77.8666152369999,-6.868835974999968],[-77.86310973699995,-6.868374849999839],[-77.85695198699989,-6.871829599999955],[-77.8531874869999,-6.874619099999904],[-77.85238098699989,-6.878511974999981],[-77.85134248699995,-6.879558974999895],[-77.84696473699984,-6.8798724749999],[-77.84586586199993,-6.881599349999874],[-77.84521173699994,-6.885628724999947],[-77.84356336199994,-6.886936974999912],[-77.84235973699992,-6.89169897499994],[-77.83783323699993,-6.893164099999922],[-77.83697686199997,-6.896244349999961],[-77.83299286199991,-6.897324349999963],[-77.82650398699997,-6.897114974999965],[-77.82226536199988,-6.900725724999859],[-77.81873311199996,-6.909987974999979],[-77.81768873699997,-6.911312474999875],[-77.81316011199988,-6.913284724999926],[-77.81125011199993,-6.910799099999963],[-77.80749023699997,-6.909458974999893],[-77.80149073699988,-6.911714849999953],[-77.80086273699999,-6.913415474999965],[-77.80049648699998,-6.919747349999966],[-77.7958317369999,-6.922216849999927],[-77.79259761199984,-6.923246099999972],[-77.78430048699988,-6.924404599999889],[-77.78105611199993,-6.926628599999958],[-77.78021886199997,-6.934504224999955],[-77.78061136199983,-6.939004474999876],[-77.77929986199996,-6.941452724999976]]]]},"properties":{"ubigeo":"010106","nombre":"CHUQUIBAMBA"}},{"type":"Feature","geometry":{"type":"MultiPolygon","coordinates":[[[[-77.53380886199994,-6.063371348999908],[-77.53136536199992,-6.06917059999995],[-77.52554073699997,-6.078381223999884],[-77.5229171119999,-6.080276099999935],[-77.52216286199985,-6.084168598999952],[-77.51825298699998,-6.086397598999952],[-77.51225286199985,-6.085911849999945],[-77.50992061199997,-6.086494973999947],[-77.50651973699996,-6.089312848999953],[-77.50599261199994,-6.090903223999931],[-77.50814361199991,-6.097180223999942],[-77.50732611199999,-6.102609223999934],[-77.505208612,-6.107210348999956],[-77.50546911199996,-6.108866098999954],[-77.5083814869999,-6.109485224999958],[-77.50931748699998,-6.110868473999915],[-77.50938036199994,-6.118729223999821],[-77.50567011099992,-6.120972223999956],[-77.4997168619999,-6.128308849999939],[-77.49760011199993,-6.132823223999935],[-77.49549461199996,-6.141440348999936],[-77.4984393609999,-6.148290599999939],[-77.49976811199997,-6.153001973999949],[-77.4981859859999,-6.15642859999997],[-77.50543211199994,-6.157854223999891],[-77.51108486199985,-6.156732098999953],[-77.51368236199983,-6.156788599999913],[-77.52085348699995,-6.164072724999869],[-77.52987973699999,-6.165591849999885],[-77.53488523699991,-6.164778473999945],[-77.53878111199992,-6.166135723999957],[-77.54236698599988,-6.164891348999959],[-77.54446273599984,-6.162669723999954],[-77.547423112,-6.157509349999941],[-77.5531606109999,-6.153615724999952],[-77.55765473699995,-6.152263723999965],[-77.57276898699996,-6.144850848999909],[-77.58405723599992,-6.142018348999954],[-77.59019336199998,-6.142331973999944],[-77.59331498699999,-6.140779974999873],[-77.5955286119999,-6.140945974999966],[-77.60304448699986,-6.144200098999931],[-77.60787961199998,-6.145261473999881],[-77.61639473699995,-6.144217349999906],[-77.62301198699998,-6.145984098999975],[-77.62789461199992,-6.149613973999919],[-77.63120311199992,-6.150665974999924],[-77.63595461199998,-6.150692724999942],[-77.64247848699983,-6.149470724999901],[-77.63944448699988,-6.147013348999963],[-77.63723048599991,-6.139767598999981],[-77.63730648699999,-6.135843723999926],[-77.63643361199996,-6.134710973999915],[-77.63547661199993,-6.129056598999966],[-77.63591411199997,-6.126177723999888],[-77.63447661199996,-6.122421849999967],[-77.63460348699982,-6.114597598999978],[-77.63428123599988,-6.110501973999874],[-77.63538473699998,-6.108693349999896],[-77.64163861199995,-6.104287098999919],[-77.64223048699989,-6.10277734899995],[-77.64038086199992,-6.099244098999918],[-77.64095698699998,-6.094660098999896],[-77.64387111199994,-6.093103474999964],[-77.64447073699989,-6.089136723999957],[-77.64669336199995,-6.086267598999939],[-77.65305073699989,-6.082478474999959],[-77.65528711199994,-6.082808599999908],[-77.65726936199997,-6.08125784899994],[-77.65953923599994,-6.081691349999971],[-77.66099798699986,-6.080017598999916],[-77.66093361199995,-6.07484959899989],[-77.66222661199998,-6.071939473999976],[-77.66588861199995,-6.06942184899998],[-77.67050198699991,-6.063714848999894],[-77.67160548699991,-6.061079974999927],[-77.66930661199996,-6.06003509899989],[-77.66502148699988,-6.062202973999945],[-77.65748436199993,-6.055857473999936],[-77.64867386199995,-6.052632848999963],[-77.64485161199997,-6.051849599999969],[-77.63590236199991,-6.053775348999977],[-77.62852361199992,-6.054317723999816],[-77.62071048699994,-6.057097974999976],[-77.61848273699985,-6.057014974999959],[-77.61062198599996,-6.051169473999892],[-77.6032266119999,-6.050134723999918],[-77.60062498699995,-6.048017598999877],[-77.59935736199998,-6.043417973999908],[-77.5996016119999,-6.038236348999817],[-77.59825198699997,-6.031279348999931],[-77.5963616119999,-6.033330849999913],[-77.59130061199994,-6.035236723999958],[-77.59024936099996,-6.036370598999895],[-77.58619948699999,-6.036916598999937],[-77.58224073699995,-6.032730348999962],[-77.57796098699993,-6.0321414739999],[-77.5756711119999,-6.033651849999899],[-77.57267748699996,-6.033477973999936],[-77.56805098699994,-6.028102848999879],[-77.56513311199984,-6.02917784999994],[-77.55795111199996,-6.039595723999923],[-77.55800586199996,-6.046410223999942],[-77.55538586199998,-6.048723098999915],[-77.55473536199997,-6.050728724999942],[-77.54975298699998,-6.052047848999962],[-77.54222811199998,-6.052787849999959],[-77.54149336199998,-6.059503473999882],[-77.53802548699997,-6.063107474999924],[-77.53380886199994,-6.063371348999908]]]]},"properties":{"ubigeo":"010107","nombre":"GRANADA"}},{"type":"Feature","geometry":{"type":"MultiPolygon","coordinates":[[[[-77.86138686199996,-6.11921684899994],[-77.8638359869999,-6.122988223999869],[-77.86489261199995,-6.128208973999904],[-77.86776173699991,-6.13318172399994],[-77.86529098699992,-6.138910098999929],[-77.86428911199994,-6.143773473999943],[-77.8587714869999,-6.149349473999905],[-77.85796673699991,-6.154289098999868],[-77.8557422369999,-6.160267599999827],[-77.85288673699989,-6.165009848999887],[-77.85274223699992,-6.167486349999876],[-77.85005273699988,-6.17035159999989],[-77.8487089869999,-6.175456974999918],[-77.84699223699988,-6.179415973999937],[-77.84276948699988,-6.185494098999925],[-77.84112111199994,-6.18902734999989],[-77.83911136199993,-6.19090822499993],[-77.83641411199994,-6.196927723999977],[-77.83504098699996,-6.198320349999904],[-77.83419723699996,-6.201624974999959],[-77.83580661199994,-6.207505849999905],[-77.83558786199995,-6.210671848999937],[-77.84291348699992,-6.208654223999872],[-77.84657323699997,-6.20592234999998],[-77.84900586199996,-6.198777348999954],[-77.85456298699995,-6.199169723999944],[-77.85750111199997,-6.198602723999898],[-77.8618769869999,-6.19523447499995],[-77.86580011199999,-6.19602534899991],[-77.87255261199994,-6.195664598999883],[-77.87787711199985,-6.196353473999977],[-77.8784959869999,-6.19415247399985],[-77.87629761199997,-6.18982484999998],[-77.87556636199997,-6.183324224999978],[-77.87619136199999,-6.182138848999955],[-77.88071098699993,-6.17930859899991],[-77.88580073699995,-6.177800723999951],[-77.89170111199996,-6.177410223999971],[-77.89915623699994,-6.179050724999968],[-77.90807223699994,-6.178312474999927],[-77.90879298699997,-6.177640598999915],[-77.90912698699998,-6.174335848999874],[-77.90804486199988,-6.172390598999868],[-77.90516986199998,-6.171160098999906],[-77.90345698699997,-6.169113223999943],[-77.90308598699994,-6.166296849999981],[-77.90410936199999,-6.160857473999954],[-77.90576761199992,-6.157105473999934],[-77.90354298699998,-6.151228474999925],[-77.90429686199991,-6.146189473999925],[-77.90219336199988,-6.144056598999953],[-77.90070698699998,-6.140486348999957],[-77.89765423699993,-6.137943348999954],[-77.89805286199993,-6.136283223999897],[-77.89649798699998,-6.132441349999965],[-77.89539061199997,-6.125351599999931],[-77.89630273699998,-6.118763724999894],[-77.8953398619999,-6.115744098999926],[-77.89541411199991,-6.111423849999937],[-77.89369136199997,-6.106281223999872],[-77.89094923699997,-6.10269134899994],[-77.88698823699991,-6.10390034999989],[-77.88050586199995,-6.102212848999955],[-77.87608786199996,-6.102488223999956],[-77.8735194869999,-6.104447224999944],[-77.86788098699992,-6.111259724999968],[-77.86268161199996,-6.115742224999963],[-77.86138686199996,-6.11921684899994]]]]},"properties":{"ubigeo":"010108","nombre":"HUANCAS"}},{"type":"Feature","geometry":{"type":"MultiPolygon","coordinates":[[[[-77.72617823699994,-6.55205559999996],[-77.72784511199995,-6.550791974999925],[-77.73061798699996,-6.550738598999942],[-77.73939973699993,-6.548550599999942],[-77.74295111199996,-6.548425724999902],[-77.74877586199989,-6.546989474999975],[-77.75349436199997,-6.545298099999854],[-77.75807736199982,-6.546848974999932],[-77.76448748699994,-6.546011348999969],[-77.76746386199994,-6.546481974999949],[-77.77316211199997,-6.549638724999909],[-77.77879098699992,-6.549607474999959],[-77.78124736199987,-6.55125122499993],[-77.7832937369999,-6.55106509999996],[-77.78584961199988,-6.548706974999902],[-77.79208798699995,-6.548545223999952],[-77.79689111199997,-6.547530474999974],[-77.80061161199995,-6.550828349999904],[-77.81221286199991,-6.550699224999903],[-77.81547661199994,-6.552003849999949],[-77.81736323699994,-6.554728349999948],[-77.82343361199992,-6.555746099999965],[-77.8263573619999,-6.556792974999951],[-77.82874461199998,-6.556246223999949],[-77.82782236199995,-6.554044974999954],[-77.82726761199996,-6.547005849999948],[-77.82786136199991,-6.544654349999973],[-77.83099411199993,-6.539978474999884],[-77.83114061199996,-6.537824223999962],[-77.83231836199991,-6.532078099999978],[-77.83393748699996,-6.529306599999927],[-77.83771873699999,-6.527474599999948],[-77.84183598699985,-6.522711099999981],[-77.84408198699998,-6.517689474999884],[-77.84615236199994,-6.516097599999966],[-77.85140823699999,-6.508980474999873],[-77.85314061199995,-6.504789099999925],[-77.85243161199998,-6.498974598999951],[-77.85433986199996,-6.494589848999965],[-77.85685348699991,-6.492134724999971],[-77.8592792369999,-6.488294973999871],[-77.8588144869999,-6.486281223999981],[-77.85998236199998,-6.484103473999937],[-77.86087498699987,-6.479716849999875],[-77.85454298699989,-6.479359348999935],[-77.85117186199994,-6.478636723999955],[-77.84573048699986,-6.479990223999948],[-77.84219136199994,-6.477261724999948],[-77.83393361199995,-6.475333974999955],[-77.82904486199993,-6.472765473999971],[-77.81917573699997,-6.472996098999886],[-77.81563286199992,-6.469544973999973],[-77.81170698699998,-6.46845897399993],[-77.80479486199988,-6.467488224999954],[-77.80169923699998,-6.466044974999932],[-77.79604298699996,-6.465408224999976],[-77.78963361199999,-6.466251598999975],[-77.77968061199994,-6.465171848999887],[-77.77463786199996,-6.460480724999968],[-77.77088486199995,-6.459268473999941],[-77.76511823699991,-6.454835474999868],[-77.76378286199991,-6.451343473999884],[-77.75756711199995,-6.449030599999901],[-77.75395111199998,-6.442634724999891],[-77.75080073699985,-6.43367184899995],[-77.7491152369999,-6.430861223999898],[-77.74509148699997,-6.427267474999894],[-77.74501611199997,-6.435251849999929],[-77.74605598699992,-6.436603599999955],[-77.74408023699988,-6.440138974999968],[-77.74023298699996,-6.443778348999842],[-77.73804936199997,-6.447833598999978],[-77.73260473699992,-6.453146474999926],[-77.7327956119999,-6.45586759999992],[-77.73374223699989,-6.46139409999995],[-77.73506948699998,-6.462816223999937],[-77.7385802369999,-6.464088099999913],[-77.73529523699989,-6.468332348999979],[-77.73468736199993,-6.470535724999877],[-77.73499123699997,-6.474942473999874],[-77.73326823699995,-6.480449224999973],[-77.73134436199985,-6.482540223999877],[-77.72942486199992,-6.490218598999888],[-77.72884361199988,-6.494119098999931],[-77.7312098619999,-6.502087848999963],[-77.73070161199996,-6.505955974999949],[-77.72848136199991,-6.515374598999927],[-77.72948761099997,-6.522527599999819],[-77.72936498699994,-6.527725474999897],[-77.72571523699992,-6.534408724999935],[-77.72623661199998,-6.536873473999947],[-77.72800698699984,-6.538091724999902],[-77.72833261199997,-6.540652099999932],[-77.72534636199998,-6.548464099999876],[-77.72617823699994,-6.55205559999996]]]]},"properties":{"ubigeo":"010109","nombre":"LA JALCA"}},{"type":"Feature","geometry":{"type":"MultiPolygon","coordinates":[[[[-77.75893361199996,-6.964507849999904],[-77.76593586199988,-6.962118974999953],[-77.76750386199996,-6.960176349999927],[-77.77190398699997,-6.950580474999981],[-77.77929986199996,-6.941452724999976],[-77.78061136199983,-6.939004474999876],[-77.78021886199997,-6.934504224999955],[-77.78105611199993,-6.926628599999958],[-77.78430048699988,-6.924404599999889],[-77.79259761199984,-6.923246099999972],[-77.7958317369999,-6.922216849999927],[-77.80049648699998,-6.919747349999966],[-77.80086273699999,-6.913415474999965],[-77.80149073699988,-6.911714849999953],[-77.80749023699997,-6.909458974999893],[-77.81125011199993,-6.910799099999963],[-77.81316011199988,-6.913284724999926],[-77.81768873699997,-6.911312474999875],[-77.81873311199996,-6.909987974999979],[-77.82226536199988,-6.900725724999859],[-77.82650398699997,-6.897114974999965],[-77.83299286199991,-6.897324349999963],[-77.83697686199997,-6.896244349999961],[-77.83783323699993,-6.893164099999922],[-77.84235973699992,-6.89169897499994],[-77.84356336199994,-6.886936974999912],[-77.84521173699994,-6.885628724999947],[-77.84586586199993,-6.881599349999874],[-77.84696473699984,-6.8798724749999],[-77.85134248699995,-6.879558974999895],[-77.85238098699989,-6.878511974999981],[-77.8531874869999,-6.874619099999904],[-77.85695198699989,-6.871829599999955],[-77.86310973699995,-6.868374849999839],[-77.8666152369999,-6.868835974999968],[-77.86972798699998,-6.871264474999919],[-77.87606036199998,-6.872224599999868],[-77.87643436199994,-6.868893474999936],[-77.87469961199992,-6.864441474999978],[-77.87625348699999,-6.855757224999877],[-77.88081448699995,-6.851765974999978],[-77.88151223699998,-6.845823724999946],[-77.88007386199996,-6.841490974999886],[-77.87900848699991,-6.834618974999898],[-77.88806798699989,-6.829173724999862],[-77.88848823699993,-6.818519474999903],[-77.88714786199995,-6.810353849999956],[-77.88448061199989,-6.80763984999993],[-77.88560236199999,-6.804947849999905],[-77.88930473699997,-6.801115224999876],[-77.89025098699994,-6.798273974999915],[-77.88998598699999,-6.79561872499994],[-77.88503623699995,-6.791502224999874],[-77.88427736199998,-6.786273474999973],[-77.88033886199997,-6.782865224999966],[-77.88026636199999,-6.772118349999914],[-77.88221211199988,-6.767534474999877],[-77.88349611199999,-6.762171849999845],[-77.88315973699997,-6.760262474999934],[-77.88023786199994,-6.7566509749999],[-77.88081873699997,-6.751120224999966],[-77.87940448699999,-6.747458349999931],[-77.8826623619999,-6.742962974999955],[-77.88943048699991,-6.736447349999821],[-77.89281461199988,-6.734123974999875],[-77.89091998699996,-6.732939974999965],[-77.88559998699998,-6.731579974999875],[-77.88238998699995,-6.732089974999951],[-77.87636998699992,-6.731709974999887],[-77.86612998699991,-6.728449974999876],[-77.86276998699998,-6.729039974999864],[-77.85810998699998,-6.72760997499995],[-77.85382998699998,-6.728259973999968],[-77.85059998699995,-6.727479974999937],[-77.84457998699997,-6.728959974999896],[-77.83535998699995,-6.732889974999978],[-77.83257998699997,-6.73196997499997],[-77.83060998699995,-6.729889974999935],[-77.83015998699994,-6.727789974999894],[-77.82701998699991,-6.726309974999936],[-77.82392998699999,-6.721949974999973],[-77.82295998699982,-6.715509974999918],[-77.818929987,-6.711919974999887],[-77.81442998699998,-6.709899974999928],[-77.81098998699991,-6.706739974999948],[-77.80637998699996,-6.706019974999947],[-77.80315998699996,-6.707069974999968],[-77.8026899869999,-6.704519974999926],[-77.80097998699989,-6.703149974999974],[-77.79829998699995,-6.695569974999955],[-77.79800998699994,-6.690729974999897],[-77.79921998699996,-6.685839973999975],[-77.79745998699997,-6.680949974999919],[-77.7976899869999,-6.676569974999893],[-77.80000998699995,-6.671729974999892],[-77.80037998699999,-6.666499974999965],[-77.79818998699989,-6.662679974999946],[-77.79886998699993,-6.660159974999942],[-77.79791986199984,-6.657398474999923],[-77.79324998699997,-6.658613224999954],[-77.78771486199997,-6.658173849999969],[-77.78340036199995,-6.656050724999943],[-77.77816811199989,-6.658474599999977],[-77.77280273699989,-6.658605474999945],[-77.76848236199999,-6.66152934899992],[-77.76440236199994,-6.663052724999943],[-77.75808773699998,-6.661184724999941],[-77.75174886199994,-6.658272349999947],[-77.74562411199997,-6.653689474999965],[-77.74328711199996,-6.650357474999964],[-77.7402966119999,-6.647456223999939],[-77.73874023699989,-6.652957474999823],[-77.74349823699993,-6.65997434999997],[-77.74560648699998,-6.665158224999971],[-77.74636586199989,-6.668985099999816],[-77.74596611199996,-6.671554849999893],[-77.74233636199983,-6.677986849999968],[-77.74209936199992,-6.682107224999925],[-77.74105486199994,-6.686688223999965],[-77.74472848699997,-6.692328099999941],[-77.74465273699991,-6.695711224999911],[-77.74316786199995,-6.699365974999978],[-77.74379598699988,-6.706618599999956],[-77.74056048699998,-6.708947473999956],[-77.73950048699993,-6.711099724999883],[-77.74142786199997,-6.715500599999871],[-77.7429697369999,-6.721732349999968],[-77.74578911199995,-6.728445349999959],[-77.74589286199995,-6.732718349999914],[-77.74810936199998,-6.744924974999947],[-77.74671373699988,-6.751838474999886],[-77.74374086199987,-6.754786599999932],[-77.74007861199988,-6.756553349999933],[-77.73716923699993,-6.760329349999893],[-77.73587073699997,-6.767892724999967],[-77.73520698699997,-6.777949224999929],[-77.73193348699994,-6.781959724999922],[-77.73350498699989,-6.786507349999965],[-77.73532448599991,-6.788290599999868],[-77.73982173699994,-6.789639849999958],[-77.74656748699988,-6.790603474999955],[-77.74993948699989,-6.791706974999954],[-77.75399473699997,-6.791598349999902],[-77.75948086199998,-6.793269724999902],[-77.76471686199994,-6.79844147499989],[-77.76404211199997,-6.802713724999933],[-77.76171761199993,-6.80774834999994],[-77.75703948699999,-6.813378474999979],[-77.75495148699991,-6.817522349999933],[-77.75116098699988,-6.822469349999892],[-77.74758948699997,-6.832190349999962],[-77.74168486199994,-6.840586474999952],[-77.74014298699996,-6.844087849999937],[-77.74014298699996,-6.849066849999929],[-77.74097811199988,-6.853917349999904],[-77.73818348699996,-6.857450849999964],[-77.73686748699993,-6.863603474999934],[-77.73163036199998,-6.86638097499997],[-77.73124498699997,-6.868758224999851],[-77.73323661199998,-6.873833474999913],[-77.73118073699999,-6.87833059999997],[-77.72877148699996,-6.881285974999969],[-77.72703886199992,-6.88602109999988],[-77.72332486199997,-6.893455974999938],[-77.72132661199998,-6.895844224999905],[-77.71810673699997,-6.89660847499988],[-77.71565786199994,-6.898752599999909],[-77.71498411199997,-6.901142474999972],[-77.70883636199994,-6.906116224999892],[-77.70730873699995,-6.908847474999959],[-77.71428536199994,-6.915443849999861],[-77.71526686199996,-6.920655349999947],[-77.72000161199998,-6.922898099999941],[-77.72720248699989,-6.924732849999884],[-77.73381636199991,-6.928577349999955],[-77.73443786199994,-6.931206724999981],[-77.73985198599996,-6.935490099999981],[-77.74021936199989,-6.940484849999905],[-77.73838448699996,-6.948343349999959],[-77.7429329869999,-6.952806350999936],[-77.74568923699997,-6.956201974999942],[-77.74873573699995,-6.958417599999962],[-77.75893361199996,-6.964507849999904]]]]},"properties":{"ubigeo":"010110","nombre":"LEIMEBAMBA"}},{"type":"Feature","geometry":{"type":"MultiPolygon","coordinates":[[[[-77.80857198699994,-6.297188474999928],[-77.80749198699993,-6.29869059899994],[-77.80668511199997,-6.303837974999965],[-77.80525586199991,-6.306299723999871],[-77.80123161199992,-6.308039348999955],[-77.79814323699992,-6.308540223999898],[-77.79349673699988,-6.312908474999915],[-77.79288461199997,-6.314967474999946],[-77.79452623699996,-6.316525598999874],[-77.7940532369999,-6.318528848999904],[-77.79168811199997,-6.320810349999931],[-77.78957361199991,-6.321533848999934],[-77.78796486199997,-6.326947223999923],[-77.78378323699997,-6.330155848999937],[-77.78144911199996,-6.331049473999883],[-77.77655211199988,-6.330270348999932],[-77.77221161199992,-6.335334348999879],[-77.76984661199998,-6.33686459899991],[-77.76631811199996,-6.340590848999966],[-77.76104561199992,-6.34838659899998],[-77.76079811199997,-6.352985848999936],[-77.76280261199997,-6.354533224999955],[-77.77259961199996,-6.354306599999973],[-77.77848236199998,-6.35121872499991],[-77.78068361199996,-6.350607599999876],[-77.78259573699995,-6.347628848999875],[-77.78712498699991,-6.347656223999934],[-77.79654486199996,-6.344511724999904],[-77.79870698699995,-6.344521473999919],[-77.80186723699995,-6.341507848999981],[-77.80327923699997,-6.342456973999901],[-77.80696673699998,-6.338884723999911],[-77.80874036199992,-6.332228473999919],[-77.81060161199991,-6.329947223999909],[-77.8121738619999,-6.325843723999924],[-77.81822261199989,-6.320951223999884],[-77.82100786199993,-6.319933598999967],[-77.82515423699994,-6.317142598999965],[-77.82930473699997,-6.31665234899998],[-77.83260161199996,-6.311003973999902],[-77.83497261199994,-6.309912099999906],[-77.84327536199993,-6.308625099999972],[-77.84745311199998,-6.310142599999949],[-77.85549611199997,-6.310134723999852],[-77.86106248699991,-6.30812697399989],[-77.86432036199994,-6.309414099999913],[-77.86835161199997,-6.308443348999958],[-77.87052536199997,-6.306650348999938],[-77.87555861199996,-6.306330098999979],[-77.88020898699995,-6.308134723999899],[-77.88083198699991,-6.310328098999946],[-77.88587298699991,-6.313462724999965],[-77.88916598699996,-6.320880848999934],[-77.8917266119999,-6.324277348999942],[-77.89244148699999,-6.334767598999974],[-77.89429486199998,-6.341621099999941],[-77.89542773699998,-6.344056599999931],[-77.89567561199988,-6.348484349999978],[-77.89774611199988,-6.3522793489999],[-77.89765623699998,-6.354212849999954],[-77.90603323699997,-6.356742223999959],[-77.91057036199993,-6.35490434899998],[-77.91665823699998,-6.356390599999941],[-77.92099798699996,-6.355988224999919],[-77.92424211199989,-6.357248099999879],[-77.92585736199993,-6.35688472399994],[-77.92608986199991,-6.351882849999981],[-77.92710936199995,-6.347048849999965],[-77.92917186199992,-6.345326223999962],[-77.93042773699983,-6.34147459999997],[-77.93016011199995,-6.338798849999932],[-77.93199411199993,-6.336138723999909],[-77.93095511199994,-6.333484348999946],[-77.92804886199991,-6.331753848999938],[-77.92718548699997,-6.329392598999959],[-77.93096873699983,-6.325124974999881],[-77.93137111199997,-6.320599599999923],[-77.93457811199994,-6.319199223999874],[-77.93631636199996,-6.31636522499997],[-77.93609373699996,-6.311351598999977],[-77.93747461199996,-6.307109349999905],[-77.93553711199996,-6.306552723999971],[-77.93456248699988,-6.304074224999965],[-77.93401761199993,-6.295408223999971],[-77.93526761199996,-6.292441348999944],[-77.93476948699998,-6.290773348999892],[-77.93634961199996,-6.288113224999961],[-77.93610936199997,-6.285505848999946],[-77.93137873699999,-6.286933599999884],[-77.92465036199991,-6.286779348999914],[-77.92030073699993,-6.285126974999969],[-77.91599411199991,-6.282714849999877],[-77.90941411199992,-6.28340822499996],[-77.90341011299995,-6.286626974999933],[-77.90201948699996,-6.286583973999939],[-77.89821673699993,-6.289414098999941],[-77.89683786199998,-6.291363223999952],[-77.89293248699994,-6.291558473999942],[-77.88996673699995,-6.295300223999902],[-77.88583186199997,-6.296399723999912],[-77.8803586119999,-6.294654974999958],[-77.8765638619999,-6.291919599999972],[-77.87242361199998,-6.291978098999891],[-77.86924023699993,-6.286626973999944],[-77.86415386199991,-6.286026723999896],[-77.85416698699999,-6.28756372499987],[-77.84834711199989,-6.287047223999878],[-77.84624648699992,-6.283569098999976],[-77.84843723699998,-6.277407599999947],[-77.84805261199995,-6.276123098999904],[-77.84325048699998,-6.275751849999835],[-77.83992848699995,-6.276204973999938],[-77.83674198699998,-6.278334723999933],[-77.83226523699994,-6.278472474999944],[-77.82708986199992,-6.277642598999932],[-77.82503336199994,-6.279849849999948],[-77.81642973699996,-6.283576223999944],[-77.81362886199992,-6.287273474999949],[-77.81154698699999,-6.294306598999924],[-77.80857198699994,-6.297188474999928]]]]},"properties":{"ubigeo":"010111","nombre":"LEVANTO"}},{"type":"Feature","geometry":{"type":"MultiPolygon","coordinates":[[[[-77.74766348699995,-6.392411098999958],[-77.74963398699992,-6.39867234999997],[-77.75226323699997,-6.403551849999928],[-77.74870036199997,-6.406682848999935],[-77.74800773699997,-6.410055849999935],[-77.74517698699992,-6.414603224999951],[-77.74351798699996,-6.420664974999966],[-77.74509148699997,-6.427267474999894],[-77.7491152369999,-6.430861223999898],[-77.75080073699985,-6.43367184899995],[-77.75395111199998,-6.442634724999891],[-77.75756711199995,-6.449030599999901],[-77.76378286199991,-6.451343473999884],[-77.76511823699991,-6.454835474999868],[-77.77088486199995,-6.459268473999941],[-77.77463786199996,-6.460480724999968],[-77.77968061199994,-6.465171848999887],[-77.78963361199999,-6.466251598999975],[-77.79604298699996,-6.465408224999976],[-77.80169923699998,-6.466044974999932],[-77.80479486199988,-6.467488224999954],[-77.81170698699998,-6.46845897399993],[-77.81563286199992,-6.469544973999973],[-77.81917573699997,-6.472996098999886],[-77.82904486199993,-6.472765473999971],[-77.83393361199995,-6.475333974999955],[-77.84219136199994,-6.477261724999948],[-77.84573048699986,-6.479990223999948],[-77.85117186199994,-6.478636723999955],[-77.85454298699989,-6.479359348999935],[-77.86087498699987,-6.479716849999875],[-77.86370698699989,-6.477099598999928],[-77.8632382369999,-6.473232474999975],[-77.86112111199998,-6.470585974999949],[-77.85921098699993,-6.464121098999897],[-77.8607734869999,-6.458445348999874],[-77.8613047369999,-6.453201348999926],[-77.86116598699988,-6.448677724999925],[-77.86258398699988,-6.445498098999849],[-77.86500586199998,-6.443706974999884],[-77.86825786199995,-6.439947349999954],[-77.8729784869999,-6.435843723999938],[-77.87469336199996,-6.43113472399989],[-77.87666986199997,-6.428779349999957],[-77.87724223699996,-6.426107474999867],[-77.87473048699991,-6.423103474999891],[-77.87288673699993,-6.419792974999893],[-77.87224411199998,-6.416941349999945],[-77.87463861199996,-6.413904349999939],[-77.87453711199998,-6.410365223999861],[-77.87786323699993,-6.407068348999928],[-77.88483986199998,-6.408642598999961],[-77.88832623699994,-6.406699224999954],[-77.88938286199988,-6.400673848999929],[-77.89111911199984,-6.398419973999978],[-77.89610148699995,-6.394669973999896],[-77.89977923699996,-6.38977347499997],[-77.90546673699998,-6.380460974999949],[-77.90398048699996,-6.378478474999952],[-77.90446873799993,-6.373662099999876],[-77.90619536199989,-6.370220724999967],[-77.90578123699999,-6.367849598999896],[-77.90798436199992,-6.366654349999976],[-77.91193548699994,-6.366187473999958],[-77.91988861199991,-6.368501973999969],[-77.91970311199992,-6.365095724999946],[-77.9206933619999,-6.362615224999956],[-77.92372848699995,-6.35904684999997],[-77.92424211199989,-6.357248099999879],[-77.92099798699996,-6.355988224999919],[-77.91665823699998,-6.356390599999941],[-77.91057036199993,-6.35490434899998],[-77.90603323699997,-6.356742223999959],[-77.89765623699998,-6.354212849999954],[-77.8941933619999,-6.355728474999921],[-77.89087298699997,-6.355972599999973],[-77.88615623699997,-6.359097598999881],[-77.88539061199998,-6.361324348999915],[-77.88658798699998,-6.363890724999976],[-77.88534373699991,-6.368552723999926],[-77.88012498699993,-6.371865224999965],[-77.87802148699996,-6.374695349999911],[-77.86990236199995,-6.379660098999921],[-77.86719536199996,-6.380417973999954],[-77.85917773699992,-6.384167974999968],[-77.85466011199998,-6.38549809899996],[-77.85166023699992,-6.385513724999953],[-77.84958986199996,-6.387287099999924],[-77.84608986199999,-6.3874315999999],[-77.84002736199994,-6.385097599999881],[-77.83722861199993,-6.385421849999886],[-77.82996486199994,-6.384499973999937],[-77.82232423699998,-6.385509724999963],[-77.81925386199993,-6.388042974999962],[-77.81531836199991,-6.38949209999987],[-77.8108203619999,-6.38807222399987],[-77.80707811199989,-6.389115224999955],[-77.79599023699996,-6.388863224999966],[-77.79421673699994,-6.386939473999973],[-77.7846637369999,-6.38971759899988],[-77.77297173699992,-6.388636349999956],[-77.76904411199996,-6.38786309999989],[-77.75959998699994,-6.389244723999923],[-77.7581544869999,-6.390465223999911],[-77.75388223699997,-6.389790599999969],[-77.74766348699995,-6.392411098999958]]]]},"properties":{"ubigeo":"010112","nombre":"MAGDALENA"}},{"type":"Feature","geometry":{"type":"MultiPolygon","coordinates":[[[[-77.72617823699994,-6.55205559999996],[-77.72137736099995,-6.555280223999944],[-77.71731886199996,-6.558977474999949],[-77.70803461199995,-6.559190849999936],[-77.70647898699991,-6.560299849999979],[-77.70902586199998,-6.564938474999963],[-77.70943461199988,-6.571615724999901],[-77.70883961099986,-6.577688223999928],[-77.70618448699997,-6.581590474999928],[-77.70412036199991,-6.58225297499996],[-77.70880073699993,-6.583011724999949],[-77.71598436199992,-6.582214723999925],[-77.71741211199992,-6.582500224999876],[-77.7204131119999,-6.588855474999946],[-77.72198061199992,-6.59020959999998],[-77.72616298699995,-6.590814724999973],[-77.73237036199998,-6.594613224999932],[-77.73558786199993,-6.597966723999889],[-77.73652736199995,-6.601236349999908],[-77.73311611199989,-6.606110974999979],[-77.73494398699995,-6.609169224999903],[-77.73892186199993,-6.610068349999949],[-77.74277436199992,-6.611834099999953],[-77.74706561199997,-6.614977599999975],[-77.75179048699994,-6.61927709999992],[-77.75710023699997,-6.618696474999922],[-77.76560886199991,-6.615662598999904],[-77.76934761199993,-6.617652349999958],[-77.77628948699999,-6.615793599999904],[-77.77906811199995,-6.61367534999988],[-77.78369373699996,-6.611844349999899],[-77.78624098699993,-6.606900099999905],[-77.78836648699996,-6.606131349999885],[-77.79143761199998,-6.608169849999911],[-77.79780073699993,-6.608201349999945],[-77.80285936199988,-6.607040974999961],[-77.80732036199993,-6.609304724999845],[-77.80982611199988,-6.611376974999871],[-77.81211723699994,-6.611339849999922],[-77.81541798699999,-6.60273634899994],[-77.81531461199995,-6.60034184999995],[-77.81757423699997,-6.596414098999958],[-77.8177323619999,-6.593613224999956],[-77.81903711199993,-6.592505849999895],[-77.82218948699995,-6.585783223999954],[-77.82293548699994,-6.581804724999927],[-77.82724798699996,-6.575066349999872],[-77.83035936199991,-6.567453099999966],[-77.82987698699998,-6.565580099999977],[-77.83017573699982,-6.561312473999976],[-77.82793748699999,-6.558927723999943],[-77.82874461199998,-6.556246223999949],[-77.8263573619999,-6.556792974999951],[-77.82343361199992,-6.555746099999965],[-77.81736323699994,-6.554728349999948],[-77.81547661199994,-6.552003849999949],[-77.81221286199991,-6.550699224999903],[-77.80061161199995,-6.550828349999904],[-77.79689111199997,-6.547530474999974],[-77.79208798699995,-6.548545223999952],[-77.78584961199988,-6.548706974999902],[-77.7832937369999,-6.55106509999996],[-77.78124736199987,-6.55125122499993],[-77.77879098699992,-6.549607474999959],[-77.77316211199997,-6.549638724999909],[-77.76746386199994,-6.546481974999949],[-77.76448748699994,-6.546011348999969],[-77.75807736199982,-6.546848974999932],[-77.75349436199997,-6.545298099999854],[-77.74877586199989,-6.546989474999975],[-77.74295111199996,-6.548425724999902],[-77.73939973699993,-6.548550599999942],[-77.73061798699996,-6.550738598999942],[-77.72784511199995,-6.550791974999925],[-77.72617823699994,-6.55205559999996]]]]},"properties":{"ubigeo":"010113","nombre":"MARISCAL CASTILLA"}},{"type":"Feature","geometry":{"type":"MultiPolygon","coordinates":[[[[-77.4981859859999,-6.15642859999997],[-77.49522186199988,-6.158730098999968],[-77.48806911099996,-6.158601599999827],[-77.48666848699997,-6.160477474999936],[-77.48731511199998,-6.164645848999953],[-77.48407948599998,-6.168253974999971],[-77.47994573599988,-6.169633723999937],[-77.47589498599996,-6.17436022499993],[-77.47419386199994,-6.178039973999944],[-77.4698114869999,-6.182348598999909],[-77.46964973699994,-6.186460348999958],[-77.47343698699996,-6.189350224999941],[-77.47951361199995,-6.190544348999936],[-77.4826211109999,-6.191896974999906],[-77.48564336199996,-6.196090224999864],[-77.48869773699982,-6.201846599999897],[-77.49659423599991,-6.210705973999893],[-77.4978777369999,-6.212944723999954],[-77.50133086199997,-6.215686973999937],[-77.50693336199998,-6.217280723999977],[-77.50878773699992,-6.221907474999909],[-77.51225873699997,-6.222282348999954],[-77.51529973699996,-6.225037473999976],[-77.51685923699995,-6.228910224999879],[-77.51898136199986,-6.232211099999972],[-77.52103348599991,-6.233041473999947],[-77.52420823599988,-6.240678973999934],[-77.52975973699995,-6.245707973999913],[-77.5300116119999,-6.250422224999966],[-77.52762936199997,-6.255328848999966],[-77.52769586199997,-6.258959349999884],[-77.53045611199991,-6.264410973999929],[-77.53282861199995,-6.266037974999904],[-77.53533373699997,-6.273977098999978],[-77.53593936199991,-6.279227848999938],[-77.53801723699996,-6.282285599999966],[-77.54013073699997,-6.287454348999972],[-77.54384261199993,-6.292080098999918],[-77.54684423699996,-6.294352474999926],[-77.55480811199999,-6.302578224999877],[-77.55648786199987,-6.303497848999939],[-77.56392223699993,-6.305684349999865],[-77.56788286199998,-6.309462598999914],[-77.57437423699997,-6.305815474999974],[-77.58145223699995,-6.303683098999898],[-77.58336023699991,-6.304198224999936],[-77.58627748699996,-6.302998849999881],[-77.58900973699991,-6.304417973999875],[-77.59282923599994,-6.299522348999915],[-77.59658998699996,-6.296298849999914],[-77.59854923599988,-6.292559724999876],[-77.60309661199989,-6.289672723999956],[-77.60560386199995,-6.289732474999937],[-77.60852886199996,-6.287284973999931],[-77.61318498599991,-6.284598723999977],[-77.61527436199987,-6.281673723999972],[-77.61757348699996,-6.280755973999874],[-77.61883098599998,-6.278186099999971],[-77.61908398699995,-6.274398473999952],[-77.62294423699996,-6.267502598999954],[-77.63126473699998,-6.261258224999949],[-77.63393948699996,-6.262423098999932],[-77.63670986099993,-6.265277849999961],[-77.63840898699993,-6.268981473999929],[-77.64227486199997,-6.2727827249999],[-77.65497098699996,-6.272803224999848],[-77.66099611199996,-6.273220724999931],[-77.66355073699987,-6.274021473999937],[-77.66705661199995,-6.282644473999937],[-77.67213861199997,-6.283191348999935],[-77.67527536199998,-6.28685347499993],[-77.67661711099998,-6.286201223999967],[-77.6807812369999,-6.288896474999945],[-77.6855958619999,-6.290859348999902],[-77.68907223699995,-6.290898474999949],[-77.69146486199998,-6.288148474999957],[-77.69061323699992,-6.2835878489999],[-77.69130473699994,-6.278892599999892],[-77.69600786199999,-6.277411973999961],[-77.69495098699991,-6.275193223999963],[-77.69534761199998,-6.272320349999973],[-77.69765823699998,-6.271568349999882],[-77.69389448699997,-6.26680072399995],[-77.69612886199997,-6.263386723999929],[-77.6944688619999,-6.259183598999869],[-77.69665036199984,-6.253941348999888],[-77.69874023599994,-6.252453098999979],[-77.70494136199989,-6.251839848999964],[-77.70758198699997,-6.252453098999979],[-77.7122871119999,-6.251972599999931],[-77.71351948699999,-6.250521473999925],[-77.71489061199992,-6.24594922499989],[-77.7100317369999,-6.235487973999966],[-77.70602086199995,-6.228698224999903],[-77.70008186199988,-6.224015474999874],[-77.69037361199997,-6.222016724999889],[-77.68808936199991,-6.221959598999945],[-77.67878573699988,-6.22574697399989],[-77.67498436099999,-6.223962598999947],[-77.67369136199994,-6.218971724999847],[-77.67412973699999,-6.214340348999883],[-77.67641211199998,-6.213468723999881],[-77.6763359869999,-6.210828098999968],[-77.67851173699995,-6.210390598999936],[-77.68312498699993,-6.207919974999868],[-77.68564648699993,-6.207380848999946],[-77.68803511099998,-6.208613224999965],[-77.69268548699995,-6.20728322399998],[-77.69765236199999,-6.20482034999992],[-77.70166798699995,-6.20447847399987],[-77.70342573699998,-6.203224723999881],[-77.7080371109999,-6.203748099999927],[-77.70937111199987,-6.204753848999928],[-77.71437498699999,-6.20510347499993],[-77.71649998699996,-6.208458973999882],[-77.71894923699995,-6.206874974999948],[-77.7206073619999,-6.207810599999959],[-77.72519336199991,-6.207144473999961],[-77.72766798699996,-6.209771473999979],[-77.72829486199993,-6.207396473999893],[-77.73066598699995,-6.20429884899994],[-77.73040423699996,-6.200027349999914],[-77.72846873599997,-6.194798849999927],[-77.73038086199995,-6.192556598999943],[-77.73027736199992,-6.190214849999904],[-77.72833011199992,-6.187888723999947],[-77.72865036199994,-6.182847598999899],[-77.72690236199992,-6.178074224999932],[-77.72721873599988,-6.172474599999873],[-77.72143748599996,-6.167531223999958],[-77.71805473699999,-6.162746098999889],[-77.70964648699999,-6.159529348999911],[-77.70631448699999,-6.160087849999968],[-77.70177736199986,-6.156966849999947],[-77.7006016119999,-6.15307622399996],[-77.69841211199997,-6.150593723999918],[-77.69738673699993,-6.147703098999955],[-77.69453086199997,-6.143020974999956],[-77.69179236199994,-6.139746099999968],[-77.68598736199988,-6.13577934999995],[-77.68222298699999,-6.129053724999892],[-77.68003036199997,-6.12715309999993],[-77.67668948699992,-6.128222598999969],[-77.66802698699996,-6.136992349999957],[-77.65885861199996,-6.142881473999978],[-77.65119623699997,-6.146752098999855],[-77.64596898699989,-6.148985973999856],[-77.64247848699983,-6.149470724999901],[-77.63595461199998,-6.150692724999942],[-77.63120311199992,-6.150665974999924],[-77.62789461199992,-6.149613973999919],[-77.62301198699998,-6.145984098999975],[-77.61639473699995,-6.144217349999906],[-77.60787961199998,-6.145261473999881],[-77.60304448699986,-6.144200098999931],[-77.5955286119999,-6.140945974999966],[-77.59331498699999,-6.140779974999873],[-77.59019336199998,-6.142331973999944],[-77.58405723599992,-6.142018348999954],[-77.57276898699996,-6.144850848999909],[-77.55765473699995,-6.152263723999965],[-77.5531606109999,-6.153615724999952],[-77.547423112,-6.157509349999941],[-77.54446273599984,-6.162669723999954],[-77.54236698599988,-6.164891348999959],[-77.53878111199992,-6.166135723999957],[-77.53488523699991,-6.164778473999945],[-77.52987973699999,-6.165591849999885],[-77.52085348699995,-6.164072724999869],[-77.51368236199983,-6.156788599999913],[-77.51108486199985,-6.156732098999953],[-77.50543211199994,-6.157854223999891],[-77.4981859859999,-6.15642859999997]]]]},"properties":{"ubigeo":"010114","nombre":"MOLINOPAMPA"}},{"type":"Feature","geometry":{"type":"MultiPolygon","coordinates":[[[[-77.6266641119999,-6.612740224999868],[-77.63117386199991,-6.613367224999877],[-77.63664648699995,-6.616859348999981],[-77.63980661199992,-6.620982474999892],[-77.64343748599987,-6.622363223999912],[-77.64520111199994,-6.62499997499998],[-77.6517734869999,-6.629986349999967],[-77.6548672369999,-6.633972599999936],[-77.6559374869999,-6.636886724999897],[-77.66051761199998,-6.641505848999884],[-77.65952736199995,-6.642904349999981],[-77.65983261199989,-6.649658974999909],[-77.66180648599988,-6.654364849999979],[-77.66266186199994,-6.659899849999931],[-77.6644249869999,-6.661196598999936],[-77.66998773699999,-6.66339459999989],[-77.67314636199995,-6.665928349999945],[-77.67584173699993,-6.671373099999869],[-77.67915611199999,-6.67382809999998],[-77.68837298699992,-6.677365099999975],[-77.69102923699995,-6.677339849999896],[-77.69336323699991,-6.678525349999916],[-77.69766598699994,-6.677232474999926],[-77.70193361199989,-6.676761724999949],[-77.70635936199989,-6.673234349999859],[-77.70966011199988,-6.672019599999885],[-77.71291123699996,-6.667521474999944],[-77.71593548699997,-6.659123099999874],[-77.72636323699999,-6.654242224999962],[-77.73320336199998,-6.648035849999928],[-77.73896511199996,-6.646468849999962],[-77.7402966119999,-6.647456223999939],[-77.74328711199996,-6.650357474999964],[-77.74562411199997,-6.653689474999965],[-77.75174886199994,-6.658272349999947],[-77.75808773699998,-6.661184724999941],[-77.76440236199994,-6.663052724999943],[-77.76848236199999,-6.66152934899992],[-77.77280273699989,-6.658605474999945],[-77.77816811199989,-6.658474599999977],[-77.78340036199995,-6.656050724999943],[-77.78771486199997,-6.658173849999969],[-77.79324998699997,-6.658613224999954],[-77.79791986199984,-6.657398474999923],[-77.80143548699994,-6.655498099999875],[-77.80336523699998,-6.652070349999974],[-77.80246286199986,-6.64930859999987],[-77.80453511199988,-6.644148474999952],[-77.80947848699998,-6.637546849999978],[-77.81396873699998,-6.63358997399996],[-77.81257811199993,-6.631335974999899],[-77.81320311199988,-6.628681599999936],[-77.81237511199993,-6.626927723999927],[-77.8140976119999,-6.624136724999914],[-77.81316411199992,-6.62082222499987],[-77.81167773699997,-6.619945349999966],[-77.8127128619999,-6.61605072499998],[-77.81140823699997,-6.614662099999975],[-77.81211723699994,-6.611339849999922],[-77.80982611199988,-6.611376974999871],[-77.80732036199993,-6.609304724999845],[-77.80285936199988,-6.607040974999961],[-77.79780073699993,-6.608201349999945],[-77.79143761199998,-6.608169849999911],[-77.78836648699996,-6.606131349999885],[-77.78624098699993,-6.606900099999905],[-77.78369373699996,-6.611844349999899],[-77.77906811199995,-6.61367534999988],[-77.77628948699999,-6.615793599999904],[-77.76934761199993,-6.617652349999958],[-77.76560886199991,-6.615662598999904],[-77.75710023699997,-6.618696474999922],[-77.75179048699994,-6.61927709999992],[-77.74706561199997,-6.614977599999975],[-77.74277436199992,-6.611834099999953],[-77.73892186199993,-6.610068349999949],[-77.73494398699995,-6.609169224999903],[-77.73311611199989,-6.606110974999979],[-77.73652736199995,-6.601236349999908],[-77.73558786199993,-6.597966723999889],[-77.73237036199998,-6.594613224999932],[-77.72616298699995,-6.590814724999973],[-77.72198061199992,-6.59020959999998],[-77.7204131119999,-6.588855474999946],[-77.71741211199992,-6.582500224999876],[-77.71598436199992,-6.582214723999925],[-77.70880073699993,-6.583011724999949],[-77.70412036199991,-6.58225297499996],[-77.69966373699992,-6.582664849999844],[-77.69599448699995,-6.585386473999961],[-77.69137686199997,-6.58608922499991],[-77.68906798699999,-6.584934724999869],[-77.68274748699997,-6.579050098999971],[-77.67657023699991,-6.578811349999967],[-77.67203448699996,-6.580305599999861],[-77.6690312369999,-6.57856134899987],[-77.66654536199991,-6.57826072499995],[-77.66502948699991,-6.580167599999811],[-77.66276586199996,-6.585233473999892],[-77.66186948699993,-6.593782849999968],[-77.65929736099991,-6.597250974999952],[-77.65587323699992,-6.603662349999979],[-77.65278948699995,-6.604518974999905],[-77.64325261199991,-6.604576099999917],[-77.63959036199998,-6.605811349999897],[-77.63554311199994,-6.608459349999976],[-77.6308624859999,-6.609322098999939],[-77.6266641119999,-6.612740224999868]]]]},"properties":{"ubigeo":"010115","nombre":"MONTEVIDEO"}},{"type":"Feature","geometry":{"type":"MultiPolygon","coordinates":[[[[-77.67167486099999,-5.974104348999845],[-77.66922486199996,-5.980365098999869],[-77.66270273699996,-5.983530348999921],[-77.6606263619999,-5.988450348999947],[-77.65667173699984,-5.989258348999954],[-77.64924773699994,-5.992227973999888],[-77.64587848699995,-5.995368973999973],[-77.64343998699997,-5.998696098999915],[-77.63913986199998,-6.001079473999937],[-77.63274386199998,-6.00056559899997],[-77.6220808619999,-6.004831723999928],[-77.61985698699993,-6.004339848999962],[-77.61623736099995,-6.000917723999976],[-77.61346248699994,-6.001072098999884],[-77.60715061199994,-6.003390348999915],[-77.59770786199982,-6.004415973999869],[-77.59446736099994,-6.006878848999918],[-77.59345636099994,-6.009347349999871],[-77.59420873699992,-6.014213598999902],[-77.59580736199996,-6.018656723999925],[-77.59599136199989,-6.021155348999969],[-77.59797373699996,-6.027817098999947],[-77.59825198699997,-6.031279348999931],[-77.5996016119999,-6.038236348999817],[-77.59935736199998,-6.043417973999908],[-77.60062498699995,-6.048017598999877],[-77.6032266119999,-6.050134723999918],[-77.61062198599996,-6.051169473999892],[-77.61848273699985,-6.057014974999959],[-77.62071048699994,-6.057097974999976],[-77.62852361199992,-6.054317723999816],[-77.63590236199991,-6.053775348999977],[-77.64485161199997,-6.051849599999969],[-77.64867386199995,-6.052632848999963],[-77.65748436199993,-6.055857473999936],[-77.66502148699988,-6.062202973999945],[-77.66930661199996,-6.06003509899989],[-77.67160548699991,-6.061079974999927],[-77.67279298599993,-6.058746098999848],[-77.67621686099989,-6.055523473999926],[-77.68063086199999,-6.048835973999928],[-77.68792773699994,-6.043513724999912],[-77.68833786199997,-6.041746098999965],[-77.69074611199989,-6.039984348999951],[-77.69256636199998,-6.035599599999955],[-77.69718361199989,-6.033496098999933],[-77.70026361199984,-6.030169974999978],[-77.70185936199988,-6.026671848999968],[-77.70328723699998,-6.025533223999901],[-77.70504486199985,-6.024798849999968],[-77.71133986199987,-6.020078098999932],[-77.71582048699997,-6.01537309899993],[-77.71852923699998,-6.014066348999961],[-77.72030473699994,-6.009640598999965],[-77.72323236199992,-6.008087848999935],[-77.72424223699994,-6.005400349999888],[-77.72855473699997,-6.000009723999824],[-77.72943748599988,-5.992316348999907],[-77.72856048599988,-5.990259723999941],[-77.73028911199992,-5.984224598999901],[-77.73607223699997,-5.97810547399996],[-77.73793361199995,-5.971417973999962],[-77.73843548699995,-5.966888723999944],[-77.74322661199994,-5.961099599999955],[-77.74413861199992,-5.95592572399994],[-77.74224611199998,-5.95296284899996],[-77.74286911199994,-5.949328098999956],[-77.74483398699988,-5.944943348999971],[-77.73796873699996,-5.94571109899988],[-77.73173436199994,-5.944384723999917],[-77.72939848699997,-5.942644473999906],[-77.72614448699994,-5.943544973999906],[-77.71725786199994,-5.94419534899987],[-77.70958786199986,-5.948236348999956],[-77.70867573699996,-5.949984348999976],[-77.70372661199991,-5.952900473999932],[-77.70184173699994,-5.956931598999972],[-77.69970898699995,-5.959859348999885],[-77.69652736199998,-5.962558598999976],[-77.69385161199989,-5.967378848999886],[-77.69309761199997,-5.9699960989999],[-77.68936511199996,-5.974568348999867],[-77.68756448599999,-5.979095724999979],[-77.68456061199998,-5.979166223999869],[-77.67666386199994,-5.976444848999961],[-77.67167486099999,-5.974104348999845]]]]},"properties":{"ubigeo":"010116","nombre":"OLLEROS"}},{"type":"Feature","geometry":{"type":"MultiPolygon","coordinates":[[[[-77.64247848699983,-6.149470724999901],[-77.64596898699989,-6.148985973999856],[-77.65119623699997,-6.146752098999855],[-77.65885861199996,-6.142881473999978],[-77.66802698699996,-6.136992349999957],[-77.67668948699992,-6.128222598999969],[-77.68003036199997,-6.12715309999993],[-77.68222298699999,-6.129053724999892],[-77.68598736199988,-6.13577934999995],[-77.69179236199994,-6.139746099999968],[-77.69453086199997,-6.143020974999956],[-77.69738673699993,-6.147703098999955],[-77.69841211199997,-6.150593723999918],[-77.7006016119999,-6.15307622399996],[-77.70177736199986,-6.156966849999947],[-77.70631448699999,-6.160087849999968],[-77.70964648699999,-6.159529348999911],[-77.71805473699999,-6.162746098999889],[-77.72143748599996,-6.167531223999958],[-77.72721873599988,-6.172474599999873],[-77.73126336199988,-6.172847348999824],[-77.73772123699996,-6.171479098999953],[-77.73990611199991,-6.16827184899995],[-77.7485194869999,-6.164404348999881],[-77.74803911199996,-6.160435599999971],[-77.74798636199995,-6.150191349999943],[-77.74722611199991,-6.148835598999938],[-77.74218986199998,-6.145510349999938],[-77.73773198699996,-6.144931973999974],[-77.73496086199992,-6.143847598999969],[-77.72431473699999,-6.140867348999848],[-77.7227639869999,-6.136416974999861],[-77.71888673699993,-6.132809474999874],[-77.71590623699996,-6.131535098999962],[-77.71360748699993,-6.128420098999868],[-77.70820811199991,-6.1238258489999],[-77.70221186099991,-6.120228098999917],[-77.70225011199989,-6.116449473999921],[-77.70546698699997,-6.110976849999929],[-77.7078398619999,-6.103031223999835],[-77.7078643619999,-6.100999223999906],[-77.70633636199994,-6.093053724999947],[-77.70703061199993,-6.088309723999885],[-77.70447073699995,-6.081406473999891],[-77.70169261199993,-6.069018098999948],[-77.70188861199989,-6.061910098999874],[-77.70757048699994,-6.051051723999933],[-77.70906873699988,-6.04899222399996],[-77.71382223599994,-6.044816348999973],[-77.70836786199999,-6.034050598999954],[-77.7053418619999,-6.030187849999948],[-77.70328723699998,-6.025533223999901],[-77.70185936199988,-6.026671848999968],[-77.70026361199984,-6.030169974999978],[-77.69718361199989,-6.033496098999933],[-77.69256636199998,-6.035599599999955],[-77.69074611199989,-6.039984348999951],[-77.68833786199997,-6.041746098999965],[-77.68792773699994,-6.043513724999912],[-77.68063086199999,-6.048835973999928],[-77.67621686099989,-6.055523473999926],[-77.67279298599993,-6.058746098999848],[-77.67160548699991,-6.061079974999927],[-77.67050198699991,-6.063714848999894],[-77.66588861199995,-6.06942184899998],[-77.66222661199998,-6.071939473999976],[-77.66093361199995,-6.07484959899989],[-77.66099798699986,-6.080017598999916],[-77.65953923599994,-6.081691349999971],[-77.65726936199997,-6.08125784899994],[-77.65528711199994,-6.082808599999908],[-77.65305073699989,-6.082478474999959],[-77.64669336199995,-6.086267598999939],[-77.64447073699989,-6.089136723999957],[-77.64387111199994,-6.093103474999964],[-77.64095698699998,-6.094660098999896],[-77.64038086199992,-6.099244098999918],[-77.64223048699989,-6.10277734899995],[-77.64163861199995,-6.104287098999919],[-77.63538473699998,-6.108693349999896],[-77.63428123599988,-6.110501973999874],[-77.63460348699982,-6.114597598999978],[-77.63447661199996,-6.122421849999967],[-77.63591411199997,-6.126177723999888],[-77.63547661199993,-6.129056598999966],[-77.63643361199996,-6.134710973999915],[-77.63730648699999,-6.135843723999926],[-77.63723048599991,-6.139767598999981],[-77.63944448699988,-6.147013348999963],[-77.64247848699983,-6.149470724999901]]]]},"properties":{"ubigeo":"010117","nombre":"QUINJALCA"}},{"type":"Feature","geometry":{"type":"MultiPolygon","coordinates":[[[[-77.71489061199992,-6.24594922499989],[-77.72134973699997,-6.250109848999955],[-77.72571248699995,-6.256555348999939],[-77.72827248699997,-6.261276473999942],[-77.73089286199996,-6.261975598999868],[-77.73414798699991,-6.261233223999909],[-77.73968748699997,-6.25603647399987],[-77.74322798699995,-6.25483722499996],[-77.74722548699998,-6.24992597499994],[-77.74888748699982,-6.246965599999953],[-77.75247136199994,-6.245764348999955],[-77.75461361199996,-6.245904474999918],[-77.75589948699991,-6.248282848999963],[-77.75522598699996,-6.253852973999869],[-77.75513536199992,-6.260721848999935],[-77.75450348699997,-6.261984223999946],[-77.75617661199993,-6.266333974999952],[-77.76040273699994,-6.268381723999937],[-77.76421586199996,-6.269140723999953],[-77.76726623699994,-6.260172224999963],[-77.77162061199994,-6.256222473999912],[-77.77685548699992,-6.250630598999976],[-77.7792587369999,-6.246656848999976],[-77.7804396119999,-6.242445598999893],[-77.78023398699997,-6.237378974999899],[-77.7805917369999,-6.228771473999927],[-77.78226173699994,-6.227552723999906],[-77.78052536199982,-6.22545509899993],[-77.77591986199997,-6.225117224999906],[-77.77496486199982,-6.226003848999937],[-77.769831862,-6.223132848999967],[-77.76491411199999,-6.223355473999902],[-77.763820362,-6.225798848999943],[-77.7588847369999,-6.22499222499988],[-77.75821673699988,-6.223156223999922],[-77.75576173699989,-6.223109348999969],[-77.75477348699991,-6.220919973999912],[-77.75138286199996,-6.219179599999904],[-77.7494297369999,-6.219164098999954],[-77.74507036199998,-6.217382848999932],[-77.74290423699983,-6.217771473999903],[-77.74118161199993,-6.216423849999956],[-77.73670698699988,-6.216542974999868],[-77.73285736199995,-6.215746098999944],[-77.73015823699996,-6.214156099999911],[-77.72974998699982,-6.211789099999919],[-77.72766798699996,-6.209771473999979],[-77.72519336199991,-6.207144473999961],[-77.7206073619999,-6.207810599999959],[-77.71894923699995,-6.206874974999948],[-77.71649998699996,-6.208458973999882],[-77.71437498699999,-6.20510347499993],[-77.70937111199987,-6.204753848999928],[-77.7080371109999,-6.203748099999927],[-77.70342573699998,-6.203224723999881],[-77.70166798699995,-6.20447847399987],[-77.69765236199999,-6.20482034999992],[-77.69268548699995,-6.20728322399998],[-77.68803511099998,-6.208613224999965],[-77.68564648699993,-6.207380848999946],[-77.68312498699993,-6.207919974999868],[-77.67851173699995,-6.210390598999936],[-77.6763359869999,-6.210828098999968],[-77.67641211199998,-6.213468723999881],[-77.67412973699999,-6.214340348999883],[-77.67369136199994,-6.218971724999847],[-77.67498436099999,-6.223962598999947],[-77.67878573699988,-6.22574697399989],[-77.68808936199991,-6.221959598999945],[-77.69037361199997,-6.222016724999889],[-77.70008186199988,-6.224015474999874],[-77.70602086199995,-6.228698224999903],[-77.7100317369999,-6.235487973999966],[-77.71489061199992,-6.24594922499989]]]]},"properties":{"ubigeo":"010118","nombre":"SAN FRANCISCO DE DAGUAS"}},{"type":"Feature","geometry":{"type":"MultiPolygon","coordinates":[[[[-77.76104561199992,-6.34838659899998],[-77.75537061199987,-6.345946474999948],[-77.74898211199991,-6.3423787239999],[-77.74511686199992,-6.341407348999894],[-77.74254711199995,-6.342660098999943],[-77.7396881119999,-6.347382098999901],[-77.73747161199992,-6.349309474999927],[-77.73485148699996,-6.353171349999911],[-77.73444148699997,-6.358630724999898],[-77.73134936199989,-6.363515099999915],[-77.73134623699991,-6.370612348999884],[-77.72985548699995,-6.371617474999937],[-77.73112261199998,-6.375795223999887],[-77.73505573699998,-6.378831473999924],[-77.74279986199997,-6.383226849999915],[-77.74432261199996,-6.384573098999908],[-77.74766348699995,-6.392411098999958],[-77.75388223699997,-6.389790599999969],[-77.7581544869999,-6.390465223999911],[-77.75959998699994,-6.389244723999923],[-77.76904411199996,-6.38786309999989],[-77.77297173699992,-6.388636349999956],[-77.7846637369999,-6.38971759899988],[-77.79421673699994,-6.386939473999973],[-77.79599023699996,-6.388863224999966],[-77.80707811199989,-6.389115224999955],[-77.8108203619999,-6.38807222399987],[-77.81531836199991,-6.38949209999987],[-77.81925386199993,-6.388042974999962],[-77.82232423699998,-6.385509724999963],[-77.82996486199994,-6.384499973999937],[-77.83722861199993,-6.385421849999886],[-77.84002736199994,-6.385097599999881],[-77.84608986199999,-6.3874315999999],[-77.84958986199996,-6.387287099999924],[-77.85166023699992,-6.385513724999953],[-77.85466011199998,-6.38549809899996],[-77.85917773699992,-6.384167974999968],[-77.86719536199996,-6.380417973999954],[-77.86990236199995,-6.379660098999921],[-77.87802148699996,-6.374695349999911],[-77.88012498699993,-6.371865224999965],[-77.88534373699991,-6.368552723999926],[-77.88658798699998,-6.363890724999976],[-77.88539061199998,-6.361324348999915],[-77.88615623699997,-6.359097598999881],[-77.89087298699997,-6.355972599999973],[-77.8941933619999,-6.355728474999921],[-77.89765623699998,-6.354212849999954],[-77.89774611199988,-6.3522793489999],[-77.89567561199988,-6.348484349999978],[-77.89542773699998,-6.344056599999931],[-77.89429486199998,-6.341621099999941],[-77.89244148699999,-6.334767598999974],[-77.8917266119999,-6.324277348999942],[-77.88916598699996,-6.320880848999934],[-77.88587298699991,-6.313462724999965],[-77.88083198699991,-6.310328098999946],[-77.88020898699995,-6.308134723999899],[-77.87555861199996,-6.306330098999979],[-77.87052536199997,-6.306650348999938],[-77.86835161199997,-6.308443348999958],[-77.86432036199994,-6.309414099999913],[-77.86106248699991,-6.30812697399989],[-77.85549611199997,-6.310134723999852],[-77.84745311199998,-6.310142599999949],[-77.84327536199993,-6.308625099999972],[-77.83497261199994,-6.309912099999906],[-77.83260161199996,-6.311003973999902],[-77.82930473699997,-6.31665234899998],[-77.82515423699994,-6.317142598999965],[-77.82100786199993,-6.319933598999967],[-77.81822261199989,-6.320951223999884],[-77.8121738619999,-6.325843723999924],[-77.81060161199991,-6.329947223999909],[-77.80874036199992,-6.332228473999919],[-77.80696673699998,-6.338884723999911],[-77.80327923699997,-6.342456973999901],[-77.80186723699995,-6.341507848999981],[-77.79870698699995,-6.344521473999919],[-77.79654486199996,-6.344511724999904],[-77.78712498699991,-6.347656223999934],[-77.78259573699995,-6.347628848999875],[-77.78068361199996,-6.350607599999876],[-77.77848236199998,-6.35121872499991],[-77.77259961199996,-6.354306599999973],[-77.76280261199997,-6.354533224999955],[-77.76079811199997,-6.352985848999936],[-77.76104561199992,-6.34838659899998]]]]},"properties":{"ubigeo":"010119","nombre":"SAN ISIDRO DE MAINO"}},{"type":"Feature","geometry":{"type":"MultiPolygon","coordinates":[[[[-77.71489061199992,-6.24594922499989],[-77.71551123699993,-6.248784223999962],[-77.71551286199991,-6.254885973999933],[-77.71449723699999,-6.259037349999915],[-77.71486586199995,-6.264123099999892],[-77.71739198699998,-6.270538224999939],[-77.71686023699993,-6.27628859899994],[-77.71972661099994,-6.279253849999975],[-77.72106386199994,-6.281807349999951],[-77.72510248699996,-6.282760848999942],[-77.72616811199993,-6.284032223999816],[-77.72667298699997,-6.28851947499993],[-77.72968311199998,-6.293044098999928],[-77.73011323699996,-6.298952348999933],[-77.7291222369999,-6.301644723999914],[-77.72913773699997,-6.305807724999966],[-77.72990036199991,-6.308421224999904],[-77.73324798699997,-6.309530349999932],[-77.7354178619999,-6.311536849999868],[-77.73535298699994,-6.314328099999955],[-77.73287611199993,-6.316029849999893],[-77.73292398699988,-6.318535099999963],[-77.73065736199993,-6.321904348999965],[-77.72521011199996,-6.326962474999959],[-77.71451623599995,-6.32335084999994],[-77.70774948699989,-6.324213098999962],[-77.70637473699992,-6.323827224999889],[-77.70353023699994,-6.320397349999951],[-77.70135548599995,-6.319749973999876],[-77.69302348699995,-6.320722599999954],[-77.69132586199999,-6.322524974999965],[-77.68935411199993,-6.326978723999957],[-77.68760786199994,-6.328764348999925],[-77.68227198699998,-6.336475474999872],[-77.69010586199994,-6.335836849999964],[-77.69282073699998,-6.336260724999875],[-77.69417823699985,-6.335190349999948],[-77.69902786199998,-6.335594599999979],[-77.70604348699999,-6.338899349999963],[-77.7086684869999,-6.341403348999961],[-77.71047511199998,-6.346125848999975],[-77.71081098699989,-6.348668849999967],[-77.70983248699991,-6.35317084999997],[-77.7075082369999,-6.35673522399992],[-77.70439023699993,-6.360131723999928],[-77.70793973699983,-6.360990098999878],[-77.70995336199991,-6.362371473999872],[-77.7159786119999,-6.362358974999893],[-77.71745498699994,-6.362964474999899],[-77.72700073699997,-6.36931384899998],[-77.72985548699995,-6.371617474999937],[-77.73134623699991,-6.370612348999884],[-77.73134936199989,-6.363515099999915],[-77.73444148699997,-6.358630724999898],[-77.73485148699996,-6.353171349999911],[-77.73747161199992,-6.349309474999927],[-77.7396881119999,-6.347382098999901],[-77.74254711199995,-6.342660098999943],[-77.74511686199992,-6.341407348999894],[-77.74898211199991,-6.3423787239999],[-77.75537061199987,-6.345946474999948],[-77.76104561199992,-6.34838659899998],[-77.76631811199996,-6.340590848999966],[-77.76984661199998,-6.33686459899991],[-77.77221161199992,-6.335334348999879],[-77.77655211199988,-6.330270348999932],[-77.78144911199996,-6.331049473999883],[-77.78378323699997,-6.330155848999937],[-77.78796486199997,-6.326947223999923],[-77.78957361199991,-6.321533848999934],[-77.79168811199997,-6.320810349999931],[-77.7940532369999,-6.318528848999904],[-77.79452623699996,-6.316525598999874],[-77.79288461199997,-6.314967474999946],[-77.79349673699988,-6.312908474999915],[-77.79814323699992,-6.308540223999898],[-77.80123161199992,-6.308039348999955],[-77.80525586199991,-6.306299723999871],[-77.80668511199997,-6.303837974999965],[-77.80749198699993,-6.29869059899994],[-77.80857198699994,-6.297188474999928],[-77.80349436199992,-6.298963473999947],[-77.79932611199985,-6.298831974999928],[-77.79459236199995,-6.291956599999935],[-77.78904361199994,-6.285859724999966],[-77.78547548699993,-6.284682724999925],[-77.78371323699997,-6.285180349999962],[-77.78099586199994,-6.2887339749999],[-77.77835611199993,-6.288876473999949],[-77.76667711199991,-6.285807474999956],[-77.76362011199996,-6.28397847399998],[-77.76166036199999,-6.279327474999832],[-77.76421586199996,-6.269140723999953],[-77.76040273699994,-6.268381723999937],[-77.75617661199993,-6.266333974999952],[-77.75450348699997,-6.261984223999946],[-77.75513536199992,-6.260721848999935],[-77.75522598699996,-6.253852973999869],[-77.75589948699991,-6.248282848999963],[-77.75461361199996,-6.245904474999918],[-77.75247136199994,-6.245764348999955],[-77.74888748699982,-6.246965599999953],[-77.74722548699998,-6.24992597499994],[-77.74322798699995,-6.25483722499996],[-77.73968748699997,-6.25603647399987],[-77.73414798699991,-6.261233223999909],[-77.73089286199996,-6.261975598999868],[-77.72827248699997,-6.261276473999942],[-77.72571248699995,-6.256555348999939],[-77.72134973699997,-6.250109848999955],[-77.71489061199992,-6.24594922499989]]]]},"properties":{"ubigeo":"010120","nombre":"SOLOCO"}},{"type":"Feature","geometry":{"type":"MultiPolygon","coordinates":[[[[-77.79054486199988,-6.123910098999943],[-77.78862498699993,-6.126109349999922],[-77.7803632369999,-6.131199223999886],[-77.77718161199994,-6.136902348999968],[-77.77467773699993,-6.13976947499998],[-77.77057611199996,-6.141275348999955],[-77.77050586199994,-6.144017598999881],[-77.76650198699991,-6.14908397399995],[-77.76172261199997,-6.151914223999938],[-77.76075386199994,-6.155615223999973],[-77.75584486199995,-6.158455473999879],[-77.75204986199998,-6.163363723999851],[-77.7485194869999,-6.164404348999881],[-77.73990611199991,-6.16827184899995],[-77.73772123699996,-6.171479098999953],[-77.73126336199988,-6.172847348999824],[-77.72721873599988,-6.172474599999873],[-77.72690236199992,-6.178074224999932],[-77.72865036199994,-6.182847598999899],[-77.72833011199992,-6.187888723999947],[-77.73027736199992,-6.190214849999904],[-77.73038086199995,-6.192556598999943],[-77.72846873599997,-6.194798849999927],[-77.73040423699996,-6.200027349999914],[-77.73066598699995,-6.20429884899994],[-77.72829486199993,-6.207396473999893],[-77.72766798699996,-6.209771473999979],[-77.72974998699982,-6.211789099999919],[-77.73015823699996,-6.214156099999911],[-77.73285736199995,-6.215746098999944],[-77.73670698699988,-6.216542974999868],[-77.74118161199993,-6.216423849999956],[-77.74290423699983,-6.217771473999903],[-77.74507036199998,-6.217382848999932],[-77.7494297369999,-6.219164098999954],[-77.75138286199996,-6.219179599999904],[-77.75477348699991,-6.220919973999912],[-77.75576173699989,-6.223109348999969],[-77.75821673699988,-6.223156223999922],[-77.7588847369999,-6.22499222499988],[-77.763820362,-6.225798848999943],[-77.76491411199999,-6.223355473999902],[-77.769831862,-6.223132848999967],[-77.77496486199982,-6.226003848999937],[-77.77591986199997,-6.225117224999906],[-77.78052536199982,-6.22545509899993],[-77.78226173699994,-6.227552723999906],[-77.78854886199997,-6.228777348999927],[-77.79123623699991,-6.227076223999916],[-77.79248823699993,-6.224304723999921],[-77.79614261199998,-6.224421848999953],[-77.79973448699997,-6.221066348999955],[-77.80555861199991,-6.222521473999905],[-77.81079098699996,-6.226562473999877],[-77.81394536199991,-6.225392598999974],[-77.81731048699999,-6.221539099999973],[-77.8202753619999,-6.220312473999911],[-77.82319336199993,-6.217347598999936],[-77.8283476119999,-6.215738223999892],[-77.83096486199992,-6.214328099999932],[-77.83264261199992,-6.212011723999979],[-77.83558786199995,-6.210671848999937],[-77.83580661199994,-6.207505849999905],[-77.83419723699996,-6.201624974999959],[-77.83504098699996,-6.198320349999904],[-77.83641411199994,-6.196927723999977],[-77.83911136199993,-6.19090822499993],[-77.84112111199994,-6.18902734999989],[-77.84276948699988,-6.185494098999925],[-77.84699223699988,-6.179415973999937],[-77.8487089869999,-6.175456974999918],[-77.85005273699988,-6.17035159999989],[-77.85274223699992,-6.167486349999876],[-77.85288673699989,-6.165009848999887],[-77.8557422369999,-6.160267599999827],[-77.85796673699991,-6.154289098999868],[-77.8587714869999,-6.149349473999905],[-77.86428911199994,-6.143773473999943],[-77.86529098699992,-6.138910098999929],[-77.86776173699991,-6.13318172399994],[-77.86489261199995,-6.128208973999904],[-77.8638359869999,-6.122988223999869],[-77.86138686199996,-6.11921684899994],[-77.85841211199994,-6.121621098999981],[-77.85500011199997,-6.122726598999975],[-77.84144923699989,-6.128646474999869],[-77.83394536199995,-6.1287734739999],[-77.83064061199991,-6.129259723999894],[-77.82941011199995,-6.128251973999909],[-77.82398636199991,-6.129261723999889],[-77.82187498699994,-6.13049997499985],[-77.81779298699996,-6.128476723999938],[-77.81283786199992,-6.128160098999956],[-77.81181248699994,-6.12678909899995],[-77.80804298699996,-6.128263599999968],[-77.8040468619999,-6.127863349999927],[-77.79869136199989,-6.125986348999959],[-77.79224411199988,-6.125433599999951],[-77.79054486199988,-6.123910098999943]]]]},"properties":{"ubigeo":"010121","nombre":"SONCHE"}},{"type":"Feature","geometry":{"type":"MultiPolygon","coordinates":[[[[-78.36297661299994,-5.576753848999886],[-78.36721748699989,-5.584877223999968],[-78.37491261199995,-5.593249223999976],[-78.37564461199997,-5.594985098999871],[-78.37275861199998,-5.599084098999924],[-78.3724453619999,-5.601511723999977],[-78.37444573699997,-5.606264223999915],[-78.37859336199995,-5.61041897399997],[-78.38205311199994,-5.609127723999961],[-78.38840998699993,-5.608719973999882],[-78.39070998799997,-5.609809973999916],[-78.39215998699996,-5.61370997399996],[-78.39428998799991,-5.615629973999887],[-78.4006899879999,-5.62650997399993],[-78.40114998799999,-5.628469973999927],[-78.40406448799996,-5.62742759899993],[-78.40752536299988,-5.629882848999955],[-78.41065623699996,-5.629861348999952],[-78.4126953629999,-5.631857473999901],[-78.41507223799994,-5.636792973999889],[-78.41559173799999,-5.643781223999895],[-78.41676748799995,-5.647284973999888],[-78.41969923799996,-5.649095723999949],[-78.42116211299992,-5.648812473999897],[-78.42398823799994,-5.652540973999919],[-78.42685936299989,-5.653808598999944],[-78.42858198699997,-5.656193348999977],[-78.42761523699988,-5.662615223999921],[-78.42943561199996,-5.666960973999949],[-78.43120311299992,-5.669408223999937],[-78.43656248799988,-5.671150348999845],[-78.43800198799988,-5.674400348999882],[-78.44391011299996,-5.676712848999898],[-78.44530873699995,-5.678617223999936],[-78.44875786299997,-5.677927723999971],[-78.45079686199995,-5.675740223999981],[-78.4531582379999,-5.676302722999935],[-78.45749411299994,-5.671025348999876],[-78.45769923799992,-5.669480473999954],[-78.46058011299993,-5.666591848999872],[-78.46249611299999,-5.665886723999961],[-78.4656562379999,-5.667689473999928],[-78.46959073799991,-5.667439848999948],[-78.47725136199995,-5.664975223999875],[-78.48039136199998,-5.66012184899995],[-78.4780299869999,-5.659409973999914],[-78.47504011199999,-5.655869973999927],[-78.46993998799996,-5.655159972999911],[-78.46554448699999,-5.653834848999963],[-78.46435361199997,-5.65062297399993],[-78.46514261199997,-5.64461472399995],[-78.46258961199999,-5.644233973999974],[-78.45866961199994,-5.645301723999921],[-78.4568453629999,-5.643374348999885],[-78.45693998699994,-5.640787723999949],[-78.44811873799995,-5.638746223999931],[-78.44663061299991,-5.636152598999956],[-78.44436911199995,-5.635882847999881],[-78.44873436299997,-5.631321598999875],[-78.45495586299995,-5.628383723999889],[-78.45993198699995,-5.627131223999925],[-78.45989286199989,-5.613010598999892],[-78.45826673699992,-5.611732723999921],[-78.45823511199995,-5.608650848999957],[-78.46217873799992,-5.604508347999911],[-78.47676011199991,-5.602739973999974],[-78.47775348699986,-5.598829847999923],[-78.47907048699994,-5.596729723999886],[-78.48246798699995,-5.595406723999929],[-78.48537398699995,-5.59559534899995],[-78.48885998799989,-5.598531223999942],[-78.4901448629999,-5.60201872399989],[-78.49386548799998,-5.598691223999936],[-78.49420998699998,-5.591089973999942],[-78.49648986199998,-5.592019973999925],[-78.49936998699997,-5.59552997399993],[-78.50394998699994,-5.597319972999969],[-78.505209988,-5.598639973999866],[-78.5107199869999,-5.599999973999957],[-78.51217998699991,-5.59919997399993],[-78.51101998799999,-5.593749973999934],[-78.50937998799998,-5.591049973999873],[-78.50662998699988,-5.588659973999938],[-78.50585311299994,-5.584293972999944],[-78.50604561299997,-5.581469847999927],[-78.50398473799999,-5.57591997399993],[-78.50669998799992,-5.571989973999905],[-78.51081998799992,-5.567859973999873],[-78.51549998799999,-5.563989973999924],[-78.51965673799992,-5.562223848999906],[-78.52208186299998,-5.560408348999886],[-78.52282873799993,-5.556570222999937],[-78.52510186299997,-5.556371598999931],[-78.5273241129999,-5.552208223999969],[-78.52746786199998,-5.547115973999894],[-78.52852998799995,-5.54564897299997],[-78.53007986299991,-5.536019973999942],[-78.5279199869999,-5.536069972999883],[-78.52227998799992,-5.540119973999879],[-78.51528998699996,-5.542199973999971],[-78.51246998799996,-5.541279973999963],[-78.50803998799995,-5.538399973999958],[-78.50553998799995,-5.538929973999927],[-78.50157998799995,-5.541119973999855],[-78.50033998799995,-5.538449973999889],[-78.49691998799995,-5.537889973999938],[-78.49205998799988,-5.53558997399989],[-78.48817786299998,-5.530475473999843],[-78.48673861299989,-5.526301598999908],[-78.48472373699997,-5.524862348999932],[-78.48213311199993,-5.520976472999905],[-78.47779298799992,-5.517408222999904],[-78.4769617369999,-5.519415098999957],[-78.47656536299996,-5.528349097999921],[-78.47561911299994,-5.530629098999952],[-78.4715164879999,-5.532965973999922],[-78.46830223799998,-5.537140848999968],[-78.4659859869999,-5.541234723999935],[-78.45510948699996,-5.54517059799997],[-78.44881448799998,-5.548908222999955],[-78.4404882369999,-5.551503848999971],[-78.4360804879999,-5.550729347999948],[-78.4349994879999,-5.555511223999872],[-78.43047011199997,-5.55722172399993],[-78.42709173799994,-5.555664098999955],[-78.42496648699995,-5.560939973999837],[-78.4121842379999,-5.560859598999912],[-78.40775786299992,-5.55866997399994],[-78.40175736299994,-5.556626098999971],[-78.39558973699997,-5.556568973999845],[-78.38577698699993,-5.561615598999936],[-78.38059273699997,-5.567813348999948],[-78.37819723799993,-5.569771473999936],[-78.37148848699997,-5.573196598999914],[-78.36566361199993,-5.57525247399991],[-78.36297661299994,-5.576753848999886]]]]},"properties":{"ubigeo":"010201","nombre":"LA PECA"}},{"type":"Feature","geometry":{"type":"MultiPolygon","coordinates":[[[[-78.31183036199997,-5.485992598999928],[-78.30917048799989,-5.488436473999968],[-78.30648623799993,-5.494832473999907],[-78.30315748699996,-5.50083097299995],[-78.30397461199993,-5.502513473999954],[-78.31090448699985,-5.50518247399998],[-78.3131232369999,-5.507629848999898],[-78.313499988,-5.509947223999973],[-78.31616648799991,-5.513527848999956],[-78.32138711199997,-5.523750223999912],[-78.32200198799995,-5.527011098999878],[-78.3245983629999,-5.533165598999915],[-78.32724286299998,-5.535906348999958],[-78.33099348699994,-5.53739684899989],[-78.33421486199995,-5.537204473999964],[-78.33502436199996,-5.539724598999953],[-78.32956636299991,-5.543888722999952],[-78.32759998699993,-5.547766098999887],[-78.32339536299986,-5.549930973999949],[-78.32391923699993,-5.553822598999886],[-78.32556573699992,-5.559211223999966],[-78.33237623699989,-5.563551973999949],[-78.33507036199995,-5.567892723999933],[-78.33756611299998,-5.569613598999922],[-78.34125073799999,-5.570660223999937],[-78.34746023699995,-5.57064584799997],[-78.35456748799987,-5.573416598999927],[-78.36025311299994,-5.574645223999937],[-78.36297661299994,-5.576753848999886],[-78.36566361199993,-5.57525247399991],[-78.37148848699997,-5.573196598999914],[-78.37819723799993,-5.569771473999936],[-78.38059273699997,-5.567813348999948],[-78.38577698699993,-5.561615598999936],[-78.39558973699997,-5.556568973999845],[-78.40175736299994,-5.556626098999971],[-78.40775786299992,-5.55866997399994],[-78.4121842379999,-5.560859598999912],[-78.42496648699995,-5.560939973999837],[-78.42709173799994,-5.555664098999955],[-78.43047011199997,-5.55722172399993],[-78.4349994879999,-5.555511223999872],[-78.4360804879999,-5.550729347999948],[-78.4404882369999,-5.551503848999971],[-78.44881448799998,-5.548908222999955],[-78.45510948699996,-5.54517059799997],[-78.4659859869999,-5.541234723999935],[-78.46830223799998,-5.537140848999968],[-78.4715164879999,-5.532965973999922],[-78.47561911299994,-5.530629098999952],[-78.47656536299996,-5.528349097999921],[-78.4769617369999,-5.519415098999957],[-78.47779298799992,-5.517408222999904],[-78.48030548799989,-5.514810973999943],[-78.4804722369999,-5.512987598999928],[-78.48296923799995,-5.51010134899991],[-78.48759336299997,-5.498550723999927],[-78.48896936299997,-5.495840222999902],[-78.49196323799998,-5.492953223999962],[-78.49355623799988,-5.487625473999913],[-78.49338948799993,-5.484539723999944],[-78.49476561299997,-5.483955848999869],[-78.49764286199996,-5.487959098999909],[-78.50072861199993,-5.488959847999922],[-78.5103066129999,-5.485406223999973],[-78.51714561299991,-5.485230598999919],[-78.51965823799998,-5.485724098999981],[-78.52612311299993,-5.489017598999908],[-78.52951173799983,-5.485300597999867],[-78.53165023799994,-5.485176223999872],[-78.53488298799988,-5.486792598999955],[-78.53975686299992,-5.485947098999873],[-78.54199498799994,-5.484181597999907],[-78.54307711299992,-5.481767098999967],[-78.54759961299993,-5.477519473999962],[-78.544857988,-5.473391472999936],[-78.54213761299991,-5.470386848999908],[-78.53726548799995,-5.466489098999944],[-78.53166211199994,-5.463724598999875],[-78.52337761299998,-5.458108098999958],[-78.51517811299993,-5.454349222999895],[-78.51310761199994,-5.452237848999914],[-78.51132098799991,-5.446797223999965],[-78.51128036299991,-5.443427348999933],[-78.5122142379999,-5.431246848999933],[-78.51375711199995,-5.426090348999878],[-78.52159323799992,-5.420568598999978],[-78.52277061199999,-5.416873848999899],[-78.52214848799997,-5.408888723999951],[-78.52049223699998,-5.406238223999935],[-78.5184023629999,-5.399279348999926],[-78.51957061199994,-5.396391473999927],[-78.52267923799991,-5.394361348999894],[-78.52445898799994,-5.389425722999931],[-78.5264222369999,-5.38731947399998],[-78.52870611199995,-5.382180847999962],[-78.53244911299993,-5.378437847999976],[-78.53720711299997,-5.374504598999977],[-78.53904686299995,-5.372157348999906],[-78.5386027369999,-5.369112222999945],[-78.5398716119999,-5.365686473999915],[-78.54611911199999,-5.362343723999913],[-78.55131448799989,-5.360267598999826],[-78.55750798799994,-5.352998348999904],[-78.55998211199994,-5.34919197399995],[-78.56397886299999,-5.344624223999915],[-78.56849898799993,-5.341650473999891],[-78.57864948699995,-5.335861597999894],[-78.58316948799984,-5.331817222999859],[-78.58981148699996,-5.324943598999937],[-78.60449223799998,-5.309898473999965],[-78.60965823799995,-5.307505848999938],[-78.6154447379999,-5.306916972999886],[-78.62432636199998,-5.306996348999974],[-78.62615423799997,-5.306373097999938],[-78.62034661299992,-5.300028973999929],[-78.61768661199994,-5.295069972999954],[-78.61343361199994,-5.282003847999874],[-78.60856436299986,-5.270606473999919],[-78.60680723799993,-5.265371222999931],[-78.60532836299996,-5.264337223999974],[-78.60320023799994,-5.256120597999939],[-78.60041261299995,-5.252283097999964],[-78.59535261199994,-5.248148723999975],[-78.59643248799995,-5.246606098999905],[-78.59534411299995,-5.240967973999943],[-78.5916193629999,-5.235308597999961],[-78.58727261299998,-5.234968597999966],[-78.58464261199987,-5.235572348999938],[-78.58207111199988,-5.231540847999952],[-78.58259398799999,-5.228065972999957],[-78.58484236299995,-5.2254935979999],[-78.58081798699988,-5.220319348999965],[-78.58426748799991,-5.216130722999878],[-78.58007886299998,-5.211695723999924],[-78.57665811299995,-5.214706972999977],[-78.57655461299998,-5.218045223999923],[-78.57409411299989,-5.22144509899988],[-78.57041186299995,-5.227916972999878],[-78.56852848699998,-5.229576723999969],[-78.56406498799998,-5.235202098999935],[-78.56113586299995,-5.246914597999933],[-78.55699786199995,-5.255343098999901],[-78.54997973799993,-5.258912097999882],[-78.54462011299995,-5.259105848999923],[-78.53866236199997,-5.254975972999944],[-78.53541823799992,-5.250743472999943],[-78.53373936299994,-5.249839473999941],[-78.52914061199994,-5.243921722999914],[-78.52460211299996,-5.243059222999875],[-78.52179323699988,-5.239475347999928],[-78.52176086299994,-5.235600972999976],[-78.52088911199996,-5.23040272399993],[-78.52141073799993,-5.225212598999917],[-78.52092411299998,-5.218337598999881],[-78.51915736199999,-5.213968973999897],[-78.51408398799998,-5.208501722999927],[-78.51221873799994,-5.20722259899992],[-78.5072397379999,-5.205456472999913],[-78.50203573699991,-5.202212097999961],[-78.49599686299996,-5.199449473999891],[-78.48909248699994,-5.190822598999944],[-78.48310686299993,-5.188508598999874],[-78.48112398799992,-5.180786222999814],[-78.47630561299997,-5.177734597999915],[-78.46249286299991,-5.173719223999967],[-78.46005136299993,-5.173944097999879],[-78.45537998699996,-5.175839972999938],[-78.45282173799995,-5.178315348999831],[-78.45029948799998,-5.183040597999934],[-78.44808598799989,-5.190525347999937],[-78.44751036199995,-5.195593097999961],[-78.44581173799992,-5.198817973999894],[-78.44300536299988,-5.200344223999878],[-78.43934386299998,-5.200790347999941],[-78.43544561299996,-5.203400597999973],[-78.43470936199998,-5.205661597999836],[-78.43596486299992,-5.210757348999948],[-78.4377518629999,-5.223589223999909],[-78.43538861299993,-5.226697223999963],[-78.43296961199997,-5.227816098999881],[-78.42374961299998,-5.229434972999968],[-78.41400611299991,-5.229441848999841],[-78.4101718629999,-5.23025397299989],[-78.40282986199998,-5.235128472999975],[-78.40034348799992,-5.240815097999928],[-78.39520448799988,-5.24957909799997],[-78.39189061299999,-5.253593722999938],[-78.38894573699997,-5.255462473999955],[-78.38980311199992,-5.260855847999949],[-78.39386136299998,-5.269732472999976],[-78.39118586299992,-5.276165597999977],[-78.39089048699992,-5.280104473999927],[-78.38928511199998,-5.284173848999899],[-78.38702986199996,-5.298389723999946],[-78.38521498799997,-5.304290972999979],[-78.38571386199999,-5.307095973999878],[-78.390138988,-5.311144598999931],[-78.38960673699995,-5.317005097999868],[-78.37943698799995,-5.329182348999893],[-78.37187498799989,-5.333107472999927],[-78.36976373699997,-5.341029223999897],[-78.36918948699991,-5.345540973999903],[-78.3677993629999,-5.347235973999943],[-78.36344211199997,-5.349525347999872],[-78.35846286199995,-5.353456973999926],[-78.35790323799989,-5.355655098999932],[-78.34960811299993,-5.365539972999954],[-78.34700686299993,-5.369513973999972],[-78.34570623699994,-5.372765473999948],[-78.34378911299996,-5.38157809799992],[-78.34017873699992,-5.384752848999881],[-78.33850586299991,-5.387320348999879],[-78.33583986199994,-5.389007848999881],[-78.33215348799985,-5.397258473999955],[-78.33072561299991,-5.401271097999881],[-78.32367386199996,-5.406107472999906],[-78.32222323699995,-5.410410473999889],[-78.32449736299998,-5.416312223999967],[-78.32434973699998,-5.419438598999932],[-78.32176173699997,-5.426556597999934],[-78.31984473699998,-5.429605598999956],[-78.31888473799995,-5.435686098999895],[-78.31696123699987,-5.439418473999979],[-78.31617323699993,-5.443017098999917],[-78.3176883619999,-5.451685223999959],[-78.3204471119999,-5.459881097999926],[-78.32103261199995,-5.463058473999922],[-78.32041111199993,-5.470689973999981],[-78.31800061299998,-5.478652973999885],[-78.31457573699993,-5.483226973999876],[-78.31183036199997,-5.485992598999928]]]]},"properties":{"ubigeo":"010202","nombre":"ARAMANGO"}},{"type":"Feature","geometry":{"type":"MultiPolygon","coordinates":[[[[-78.45538448699989,-5.732973223999977],[-78.45482736199989,-5.730423223999935],[-78.45787911199989,-5.727224348999925],[-78.45714123699997,-5.72092709899988],[-78.45783711199988,-5.717447098999912],[-78.45945661199994,-5.715840973999889],[-78.46418136299991,-5.715144973999941],[-78.46809461299995,-5.713102223999954],[-78.46839586199991,-5.710692973999926],[-78.47245136299989,-5.705814348999922],[-78.48181711299998,-5.700393598999938],[-78.48937598799995,-5.695585223999899],[-78.49329098799996,-5.694460973999981],[-78.49676173799998,-5.692502973999979],[-78.49959923799992,-5.693377223999903],[-78.50331123799992,-5.691557098999965],[-78.5046742369999,-5.688106098999981],[-78.50273711299997,-5.685657098999854],[-78.49780473699997,-5.681435848999968],[-78.49768161299988,-5.682570348999889],[-78.49323823799995,-5.685859348999884],[-78.48906048699996,-5.686130848999881],[-78.4835839879999,-5.683765598999912],[-78.48026361299998,-5.679556598999909],[-78.47601761299995,-5.678869098999883],[-78.47337111299998,-5.677449223999929],[-78.46989648699991,-5.673609348999889],[-78.46888673699993,-5.669384848999869],[-78.46959073799991,-5.667439848999948],[-78.4656562379999,-5.667689473999928],[-78.46249611299999,-5.665886723999961],[-78.46058011299993,-5.666591848999872],[-78.45769923799992,-5.669480473999954],[-78.45749411299994,-5.671025348999876],[-78.4531582379999,-5.676302722999935],[-78.45079686199995,-5.675740223999981],[-78.44875786299997,-5.677927723999971],[-78.44530873699995,-5.678617223999936],[-78.44391011299996,-5.676712848999898],[-78.43800198799988,-5.674400348999882],[-78.43656248799988,-5.671150348999845],[-78.43120311299992,-5.669408223999937],[-78.42943561199996,-5.666960973999949],[-78.42761523699988,-5.662615223999921],[-78.42858198699997,-5.656193348999977],[-78.42685936299989,-5.653808598999944],[-78.42398823799994,-5.652540973999919],[-78.42116211299992,-5.648812473999897],[-78.41969923799996,-5.649095723999949],[-78.41676748799995,-5.647284973999888],[-78.41559173799999,-5.643781223999895],[-78.41507223799994,-5.636792973999889],[-78.4126953629999,-5.631857473999901],[-78.41065623699996,-5.629861348999952],[-78.40752536299988,-5.629882848999955],[-78.40406448799996,-5.62742759899993],[-78.40114998799999,-5.628469973999927],[-78.4006899879999,-5.62650997399993],[-78.39428998799991,-5.615629973999887],[-78.39215998699996,-5.61370997399996],[-78.39070998799997,-5.609809973999916],[-78.38840998699993,-5.608719973999882],[-78.38205311199994,-5.609127723999961],[-78.37859336199995,-5.61041897399997],[-78.37444573699997,-5.606264223999915],[-78.3724453619999,-5.601511723999977],[-78.37275861199998,-5.599084098999924],[-78.37564461199997,-5.594985098999871],[-78.37491261199995,-5.593249223999976],[-78.36721748699989,-5.584877223999968],[-78.36297661299994,-5.576753848999886],[-78.36025311299994,-5.574645223999937],[-78.35456748799987,-5.573416598999927],[-78.34746023699995,-5.57064584799997],[-78.34125073799999,-5.570660223999937],[-78.33756611299998,-5.569613598999922],[-78.33507036199995,-5.567892723999933],[-78.33237623699989,-5.563551973999949],[-78.32556573699992,-5.559211223999966],[-78.32613186199995,-5.566190473999939],[-78.32295686299989,-5.571755348999943],[-78.32192548699999,-5.575921098999913],[-78.31886348699999,-5.581317473999945],[-78.31877136299988,-5.589223972999889],[-78.31780473799995,-5.591473848999954],[-78.31350848799991,-5.596131723999974],[-78.31445186299999,-5.598954097999922],[-78.31652336299999,-5.601104973999895],[-78.31587823699988,-5.606224723999844],[-78.316098862,-5.611482973999955],[-78.31483986199993,-5.615935473999969],[-78.31650736199998,-5.617634223999914],[-78.32074748699995,-5.618401723999909],[-78.32400386199993,-5.620183598999972],[-78.331048362,-5.61996134899988],[-78.3358534869999,-5.622746098999926],[-78.34142386299993,-5.623273473999859],[-78.3530491119999,-5.625610973999926],[-78.36521561199999,-5.626213223999912],[-78.36813073699989,-5.626791473999958],[-78.37252973699998,-5.6332368489999],[-78.37791286199996,-5.640389223999932],[-78.38502536199985,-5.643232473999944],[-78.38717861299995,-5.64922297399994],[-78.38939423799991,-5.652886973999955],[-78.40232861199996,-5.671957848999966],[-78.40412486199989,-5.677808098999947],[-78.4053691119999,-5.684873223999944],[-78.40557061299995,-5.690257348999978],[-78.41123661199998,-5.692527723999888],[-78.41298473799998,-5.696852848999981],[-78.41590336299993,-5.702001098999972],[-78.42053873699996,-5.705899098999907],[-78.42276698799992,-5.708864723999909],[-78.4275959869999,-5.710799723999969],[-78.43020273699995,-5.712705098999947],[-78.43097473799997,-5.714878348999832],[-78.43306261199996,-5.715483348999953],[-78.43744998799997,-5.722209973999895],[-78.44485998799996,-5.725039973999969],[-78.4482898629999,-5.731369973999847],[-78.45069998799994,-5.733059973999957],[-78.45538448699989,-5.732973223999977]]]]},"properties":{"ubigeo":"010203","nombre":"COPALLIN"}},{"type":"Feature","geometry":{"type":"MultiPolygon","coordinates":[[[[-78.46514261199997,-5.64461472399995],[-78.46811686299992,-5.642644598999937],[-78.4729653629999,-5.643364598999881],[-78.47907673799983,-5.641292348999912],[-78.48272261299996,-5.640669473999935],[-78.48345611299999,-5.639486473999909],[-78.49142211299989,-5.638420223999958],[-78.49206061199993,-5.634165848999942],[-78.49359648799992,-5.631380598999954],[-78.49408886299989,-5.626646347999952],[-78.49089998799985,-5.617749973999878],[-78.49128698699997,-5.608883848999938],[-78.49406598699989,-5.604539598999963],[-78.49331861299993,-5.603093722999972],[-78.4901448629999,-5.60201872399989],[-78.48885998799989,-5.598531223999942],[-78.48537398699995,-5.59559534899995],[-78.48246798699995,-5.595406723999929],[-78.47907048699994,-5.596729723999886],[-78.47775348699986,-5.598829847999923],[-78.47676011199991,-5.602739973999974],[-78.46217873799992,-5.604508347999911],[-78.45823511199995,-5.608650848999957],[-78.45826673699992,-5.611732723999921],[-78.45989286199989,-5.613010598999892],[-78.45993198699995,-5.627131223999925],[-78.45495586299995,-5.628383723999889],[-78.44873436299997,-5.631321598999875],[-78.44436911199995,-5.635882847999881],[-78.44663061299991,-5.636152598999956],[-78.44811873799995,-5.638746223999931],[-78.45693998699994,-5.640787723999949],[-78.4568453629999,-5.643374348999885],[-78.45866961199994,-5.645301723999921],[-78.46258961199999,-5.644233973999974],[-78.46514261199997,-5.64461472399995]]]]},"properties":{"ubigeo":"010204","nombre":"EL PARCO"}},{"type":"Feature","geometry":{"type":"MultiPolygon","coordinates":[[[[-78.47779298799992,-5.517408222999904],[-78.48213311199993,-5.520976472999905],[-78.48472373699997,-5.524862348999932],[-78.48673861299989,-5.526301598999908],[-78.48817786299998,-5.530475473999843],[-78.49205998799988,-5.53558997399989],[-78.49691998799995,-5.537889973999938],[-78.50033998799995,-5.538449973999889],[-78.50157998799995,-5.541119973999855],[-78.50553998799995,-5.538929973999927],[-78.50803998799995,-5.538399973999958],[-78.51246998799996,-5.541279973999963],[-78.51528998699996,-5.542199973999971],[-78.52227998799992,-5.540119973999879],[-78.5279199869999,-5.536069972999883],[-78.53007986299991,-5.536019973999942],[-78.52852998799995,-5.54564897299997],[-78.52746786199998,-5.547115973999894],[-78.5273241129999,-5.552208223999969],[-78.52510186299997,-5.556371598999931],[-78.52282873799993,-5.556570222999937],[-78.52208186299998,-5.560408348999886],[-78.51965673799992,-5.562223848999906],[-78.51549998799999,-5.563989973999924],[-78.51081998799992,-5.567859973999873],[-78.50669998799992,-5.571989973999905],[-78.50398473799999,-5.57591997399993],[-78.50604561299997,-5.581469847999927],[-78.50585311299994,-5.584293972999944],[-78.50662998699988,-5.588659973999938],[-78.50937998799998,-5.591049973999873],[-78.51101998799999,-5.593749973999934],[-78.51217998699991,-5.59919997399993],[-78.5107199869999,-5.599999973999957],[-78.505209988,-5.598639973999866],[-78.50394998699994,-5.597319972999969],[-78.49936998699997,-5.59552997399993],[-78.49648986199998,-5.592019973999925],[-78.49420998699998,-5.591089973999942],[-78.49386548799998,-5.598691223999936],[-78.4901448629999,-5.60201872399989],[-78.49331861299993,-5.603093722999972],[-78.49406598699989,-5.604539598999963],[-78.49128698699997,-5.608883848999938],[-78.49089998799985,-5.617749973999878],[-78.49408886299989,-5.626646347999952],[-78.49359648799992,-5.631380598999954],[-78.49206061199993,-5.634165848999942],[-78.49142211299989,-5.638420223999958],[-78.48345611299999,-5.639486473999909],[-78.48272261299996,-5.640669473999935],[-78.47907673799983,-5.641292348999912],[-78.4729653629999,-5.643364598999881],[-78.46811686299992,-5.642644598999937],[-78.46514261199997,-5.64461472399995],[-78.46435361199997,-5.65062297399993],[-78.46554448699999,-5.653834848999963],[-78.46993998799996,-5.655159972999911],[-78.47504011199999,-5.655869973999927],[-78.4780299869999,-5.659409973999914],[-78.48039136199998,-5.66012184899995],[-78.47725136199995,-5.664975223999875],[-78.46959073799991,-5.667439848999948],[-78.46888673699993,-5.669384848999869],[-78.46989648699991,-5.673609348999889],[-78.47337111299998,-5.677449223999929],[-78.47601761299995,-5.678869098999883],[-78.48026361299998,-5.679556598999909],[-78.4835839879999,-5.683765598999912],[-78.48906048699996,-5.686130848999881],[-78.49323823799995,-5.685859348999884],[-78.49768161299988,-5.682570348999889],[-78.49780473699997,-5.681435848999968],[-78.49939611299999,-5.679800973999818],[-78.50376648699995,-5.680940473999954],[-78.50557523799995,-5.680083223999873],[-78.50555961299989,-5.676121348999914],[-78.50821748699997,-5.669541473999971],[-78.5145371129999,-5.664857473999973],[-78.51377498699992,-5.66128872399986],[-78.51637723799985,-5.657478473999902],[-78.52251098799985,-5.653798223999956],[-78.52596811199999,-5.653389223999966],[-78.52704623799991,-5.651679223999963],[-78.52539198799991,-5.64855659899996],[-78.53361861299999,-5.644046223999965],[-78.54086661199989,-5.646995223999909],[-78.54311498799996,-5.64729822399994],[-78.54633323799993,-5.645567098999948],[-78.54879273799997,-5.647554598999932],[-78.54938498699994,-5.651017848999913],[-78.55219573799997,-5.650475848999861],[-78.56024648799996,-5.646580973999903],[-78.56029661199995,-5.64222422399996],[-78.5574858629999,-5.640718472999879],[-78.55659661299995,-5.637251098999968],[-78.5594834879999,-5.6326175989999],[-78.56371973799992,-5.627548223999952],[-78.56305723799994,-5.626694973999975],[-78.55601411299989,-5.626064347999943],[-78.55516061299988,-5.62495434899995],[-78.55584061299993,-5.621401723999952],[-78.55354386199997,-5.620714848999967],[-78.54923498799997,-5.620929848999936],[-78.54717661299992,-5.619282848999887],[-78.5461158629999,-5.615838973999871],[-78.54224348799994,-5.611697723999953],[-78.54237423799992,-5.609147598999925],[-78.54655923799999,-5.608951473999923],[-78.54567286199995,-5.606285098999933],[-78.54734373699989,-5.605093598999929],[-78.54948698799996,-5.606800848999967],[-78.55583686299997,-5.604069098999901],[-78.559571238,-5.604948223999941],[-78.56176536299995,-5.60445422399988],[-78.56284786299983,-5.601591723999945],[-78.56005073799992,-5.597799223999914],[-78.56394498799995,-5.593367348999948],[-78.56157648799996,-5.590417598999977],[-78.55755148799994,-5.589952598999957],[-78.55766773799996,-5.587780473999828],[-78.56143861199985,-5.587329848999957],[-78.56360348699991,-5.588993597999945],[-78.56536173799998,-5.58788197399997],[-78.56244836299999,-5.583544598999936],[-78.56371973799992,-5.577587098999913],[-78.56021786299993,-5.574847972999976],[-78.56120598799998,-5.571782098999961],[-78.56545611299998,-5.572167098999898],[-78.56431548699993,-5.566202223999937],[-78.56199786299993,-5.565097973999968],[-78.55971861299997,-5.566216848999886],[-78.55824748799995,-5.568480848999911],[-78.55322398799996,-5.565027723999947],[-78.55252261299995,-5.562298723999902],[-78.55448923699993,-5.559950847999971],[-78.56143886299998,-5.55723559899991],[-78.56336223799991,-5.555567722999967],[-78.56367498799995,-5.552991223999925],[-78.56231811199996,-5.551100723999923],[-78.55962723799996,-5.551070223999886],[-78.55347548799989,-5.548066848999895],[-78.5534217369999,-5.546390223999822],[-78.55572911299993,-5.544592098999885],[-78.55611848699994,-5.542446598999902],[-78.554747363,-5.538074723999955],[-78.55292473799989,-5.536813348999942],[-78.55023461299999,-5.533094723999909],[-78.55173786299991,-5.530562848999978],[-78.55163461199999,-5.525683348999905],[-78.55041036299997,-5.521715348999976],[-78.55053698699999,-5.516776473999869],[-78.55095911199999,-5.514032598999961],[-78.55311198699997,-5.511246598999833],[-78.55235211299987,-5.508080597999879],[-78.55581361299994,-5.505252348999932],[-78.55627798799998,-5.50263522299997],[-78.55851523799998,-5.49908934799987],[-78.55715411199998,-5.494818723999913],[-78.55357736299999,-5.493351348999965],[-78.54855611299985,-5.488536348999958],[-78.54307711299992,-5.481767098999967],[-78.54199498799994,-5.484181597999907],[-78.53975686299992,-5.485947098999873],[-78.53488298799988,-5.486792598999955],[-78.53165023799994,-5.485176223999872],[-78.52951173799983,-5.485300597999867],[-78.52612311299993,-5.489017598999908],[-78.51965823799998,-5.485724098999981],[-78.51714561299991,-5.485230598999919],[-78.5103066129999,-5.485406223999973],[-78.50072861199993,-5.488959847999922],[-78.49764286199996,-5.487959098999909],[-78.49476561299997,-5.483955848999869],[-78.49338948799993,-5.484539723999944],[-78.49355623799988,-5.487625473999913],[-78.49196323799998,-5.492953223999962],[-78.48896936299997,-5.495840222999902],[-78.48759336299997,-5.498550723999927],[-78.48296923799995,-5.51010134899991],[-78.4804722369999,-5.512987598999928],[-78.48030548799989,-5.514810973999943],[-78.47779298799992,-5.517408222999904]]]]},"properties":{"ubigeo":"010205","nombre":"BAGUA"}},{"type":"Feature","geometry":{"type":"MultiPolygon","coordinates":[[[[-78.13315836199996,-4.664878972999929],[-78.13253111199992,-4.668693597999891],[-78.12832998699997,-4.675876222999932],[-78.12606773699991,-4.685539972999948],[-78.12416936199998,-4.688505972999963],[-78.12365811199993,-4.69185747299997],[-78.12014111199994,-4.695803222999928],[-78.12014111199994,-4.699513347999869],[-78.12319136299999,-4.704341847999956],[-78.12676648699994,-4.711800222999898],[-78.12797111199995,-4.719316972999934],[-78.13143048699999,-4.723448097999949],[-78.13216311299993,-4.725845972999934],[-78.13177773699994,-4.729242972999828],[-78.13376136199992,-4.731955347999872],[-78.13601561199994,-4.738751972999921],[-78.13886061199997,-4.74191534799985],[-78.14020986299994,-4.746107347999953],[-78.1425634869999,-4.748998847999928],[-78.14464348799999,-4.754258847999949],[-78.14523986199993,-4.758099347999973],[-78.14873123799998,-4.759394097999916],[-78.15413861199994,-4.762699222999913],[-78.14495111199994,-4.771374847999823],[-78.14477111199989,-4.773911472999828],[-78.14282561199997,-4.777347972999962],[-78.13943173799998,-4.779957097999898],[-78.14011436199996,-4.783851972999855],[-78.13973661299997,-4.786965847999909],[-78.13637898699989,-4.79352747299987],[-78.14140686199988,-4.798759347999976],[-78.1428574869999,-4.801473097999974],[-78.13758073799994,-4.809694347999937],[-78.13255948699998,-4.818548723999925],[-78.13042973699999,-4.821172722999961],[-78.12783586199993,-4.826415222999913],[-78.12472648699998,-4.830210972999907],[-78.11941261199996,-4.840238973999931],[-78.11930936199991,-4.842097472999853],[-78.1237884869999,-4.843638722999913],[-78.12811823699997,-4.848554347999936],[-78.12880848699996,-4.857998223999914],[-78.12849873799996,-4.862954348999892],[-78.12746623699991,-4.866981222999925],[-78.1275694869999,-4.876377097999921],[-78.12684673799998,-4.880094222999901],[-78.12777598699995,-4.883294972999977],[-78.13056386199997,-4.886289222999949],[-78.13438398799997,-4.887425097999937],[-78.13582973699994,-4.893516972999919],[-78.13923698699995,-4.900641347999908],[-78.1390304869999,-4.904874597999878],[-78.14088898799992,-4.909314472999881],[-78.14605161199995,-4.913134722999871],[-78.14708411199996,-4.916645347999918],[-78.14997523699998,-4.919020098999965],[-78.15431173699994,-4.919639597999947],[-78.15656048699992,-4.917742097999962],[-78.15816311199995,-4.918601597999952],[-78.16121323799996,-4.92296359799991],[-78.16185736199998,-4.928814472999875],[-78.16517323699998,-4.936903098999892],[-78.16496486199998,-4.939427722999881],[-78.16301623699997,-4.943821722999928],[-78.16326123799996,-4.947388473999979],[-78.16075761199994,-4.952065597999876],[-78.15755023699995,-4.955430972999977],[-78.15368798799994,-4.961235722999959],[-78.14586586199994,-4.96816459899992],[-78.14777048699989,-4.975578097999858],[-78.14801048699996,-4.980211473999873],[-78.14752211199993,-4.985380472999907],[-78.14543198799993,-4.989574723999908],[-78.1464042369999,-4.99193747399994],[-78.14924936299997,-4.995257722999952],[-78.15617636299999,-4.993324597999958],[-78.16123611299992,-4.993674097999929],[-78.16842323699996,-4.993488722999928],[-78.17696386199998,-4.994541222999885],[-78.18010348799993,-4.996562472999813],[-78.181974987,-5.002636222999911],[-78.18502086299992,-5.004331972999978],[-78.18722661299995,-5.007238223999934],[-78.1882009869999,-5.018401723999887],[-78.18905623699999,-5.020365472999913],[-78.19391423799993,-5.021281222999903],[-78.19406548799992,-5.025283722999973],[-78.19602536199989,-5.031427722999922],[-78.19484098799995,-5.037893597999812],[-78.19325436199995,-5.040718722999884],[-78.18811248699996,-5.047740097999963],[-78.18528986199982,-5.054211848999955],[-78.17979211199986,-5.058297973999913],[-78.17727436199988,-5.061368222999931],[-78.17176161199995,-5.07254297399993],[-78.16711423699991,-5.076381097999956],[-78.1677069879999,-5.080912097999885],[-78.1608044869999,-5.078975098999933],[-78.15662786299993,-5.080417348999902],[-78.14809936199993,-5.081573722999906],[-78.14314448799996,-5.080658223999933],[-78.13932436199997,-5.082738347999907],[-78.13778911199995,-5.08550159899994],[-78.13907873699998,-5.088694848999978],[-78.14382611199994,-5.0955703489999],[-78.14870161199991,-5.095378473999915],[-78.15402598799994,-5.096534973999951],[-78.15469111199991,-5.100995973999943],[-78.15589998799999,-5.10246634899994],[-78.15719423699989,-5.106937847999973],[-78.15881136299993,-5.109946972999978],[-78.15927011199994,-5.114391223999917],[-78.15801173699992,-5.11635747299988],[-78.15138236199988,-5.119897722999951],[-78.14691761299986,-5.120463222999945],[-78.14239848699987,-5.118857472999878],[-78.13632123799994,-5.123677848999932],[-78.12971798699988,-5.127225473999943],[-78.12623436199993,-5.128498097999966],[-78.12364261199991,-5.131878848999918],[-78.12225173799993,-5.135199722999971],[-78.11831923699998,-5.137275347999946],[-78.11055073699998,-5.139857473999882],[-78.10755423699993,-5.143761722999898],[-78.10433723799997,-5.145714847999955],[-78.1006512379999,-5.143432473999894],[-78.096380862,-5.141896472999917],[-78.09932248799998,-5.146089973999892],[-78.10003111299994,-5.153531222999959],[-78.10101986199993,-5.157580223999958],[-78.10035161199988,-5.160681597999883],[-78.09724611299998,-5.169005722999941],[-78.09329298699998,-5.170939472999976],[-78.08798736299997,-5.174481597999943],[-78.08632936299989,-5.174911472999895],[-78.08204836199997,-5.173108472999957],[-78.07971486199989,-5.170759722999946],[-78.07549473799997,-5.174723348999976],[-78.07498573799995,-5.177611723999973],[-78.07616798699996,-5.181531223999968],[-78.0714933619999,-5.191421598999966],[-78.06617398699996,-5.197957848999977],[-78.06207023699989,-5.204453473999877],[-78.05689711199994,-5.20859172299987],[-78.05734786299996,-5.210912848999897],[-78.05943811199995,-5.212735472999896],[-78.0608594869999,-5.216482472999871],[-78.06065623699993,-5.22196884799996],[-78.06390736299994,-5.225626347999878],[-78.06960548699993,-5.228699223999968],[-78.06854173699998,-5.235441972999979],[-78.06699423699996,-5.23897934799993],[-78.0729157369999,-5.246182972999975],[-78.07582823799993,-5.251398348999942],[-78.07616686299997,-5.25400609899998],[-78.0717167379999,-5.260300473999848],[-78.07156173699997,-5.261568222999927],[-78.06761323699993,-5.265271472999927],[-78.0696874869999,-5.271890473999918],[-78.07356448699994,-5.282058598999981],[-78.07450748699989,-5.286720598999977],[-78.08001336199999,-5.292883723999978],[-78.08085873699997,-5.294595848999904],[-78.08420298699991,-5.312852097999894],[-78.09073686199997,-5.3183107239999],[-78.09097586299987,-5.322534597999891],[-78.09321948699994,-5.32573522399997],[-78.09663536299996,-5.33452634799994],[-78.09675786199989,-5.341275348999943],[-78.10118973699997,-5.342307098999868],[-78.106146487,-5.341998097999976],[-78.10918523699996,-5.340443222999909],[-78.11171311199996,-5.33753609799993],[-78.11436748699998,-5.333238598999969],[-78.11671773699999,-5.331033348999938],[-78.12125373699996,-5.328921848999926],[-78.14627998699996,-5.339879973999928],[-78.14751998699995,-5.344119973999852],[-78.14587998799988,-5.34890997399998],[-78.14594998699988,-5.353109972999903],[-78.14697998699995,-5.354109973999869],[-78.1482599869999,-5.360569973999873],[-78.1519099869999,-5.363449972999945],[-78.15613998799995,-5.364829972999928],[-78.15630998699999,-5.367449973999896],[-78.15961711299997,-5.370146097999964],[-78.16174411199995,-5.378253848999975],[-78.16340898799996,-5.386830347999933],[-78.17247848699992,-5.390621098999873],[-78.17499023699992,-5.397064598999918],[-78.17908198699996,-5.402250598999956],[-78.17969536199985,-5.406900473999883],[-78.18641298799992,-5.408949597999879],[-78.19221936299994,-5.41721384799996],[-78.19544923699993,-5.419725973999903],[-78.19839198799997,-5.42008484899992],[-78.20027148699995,-5.422330098999964],[-78.20434936299995,-5.424893723999901],[-78.20585548699995,-5.427396473999977],[-78.20908648699992,-5.429128472999935],[-78.21655123699992,-5.43106647299993],[-78.21956573699993,-5.434870597999918],[-78.22272661199992,-5.435253848999935],[-78.22286748699992,-5.439177098999892],[-78.22846598699988,-5.443483598999876],[-78.23119336199994,-5.454321722999964],[-78.23011673699995,-5.456403223999928],[-78.23040386199989,-5.459417848999976],[-78.23395636199996,-5.464956973999904],[-78.23886961299996,-5.470393723999962],[-78.24402448699988,-5.472326847999966],[-78.24692561299992,-5.472403473999975],[-78.24986398699997,-5.473857098999929],[-78.25351561199994,-5.474562473999924],[-78.25667373699991,-5.474203598999964],[-78.26708111199997,-5.474777723999978],[-78.27081361299997,-5.473198723999872],[-78.27424998699996,-5.470578098999965],[-78.27942661299994,-5.473485848999928],[-78.28244111199996,-5.476787472999888],[-78.28588636199999,-5.478581848999966],[-78.28801161299998,-5.480562473999953],[-78.29680348699992,-5.481434722999836],[-78.3029222369999,-5.483738223999978],[-78.31183036199997,-5.485992598999928],[-78.31457573699993,-5.483226973999876],[-78.31800061299998,-5.478652973999885],[-78.32041111199993,-5.470689973999981],[-78.32103261199995,-5.463058473999922],[-78.3204471119999,-5.459881097999926],[-78.3176883619999,-5.451685223999959],[-78.31617323699993,-5.443017098999917],[-78.31696123699987,-5.439418473999979],[-78.31888473799995,-5.435686098999895],[-78.31984473699998,-5.429605598999956],[-78.32176173699997,-5.426556597999934],[-78.32434973699998,-5.419438598999932],[-78.32449736299998,-5.416312223999967],[-78.32222323699995,-5.410410473999889],[-78.32367386199996,-5.406107472999906],[-78.33072561299991,-5.401271097999881],[-78.33215348799985,-5.397258473999955],[-78.33583986199994,-5.389007848999881],[-78.33850586299991,-5.387320348999879],[-78.34017873699992,-5.384752848999881],[-78.34378911299996,-5.38157809799992],[-78.34570623699994,-5.372765473999948],[-78.34700686299993,-5.369513973999972],[-78.34960811299993,-5.365539972999954],[-78.35790323799989,-5.355655098999932],[-78.35846286199995,-5.353456973999926],[-78.36344211199997,-5.349525347999872],[-78.3677993629999,-5.347235973999943],[-78.36918948699991,-5.345540973999903],[-78.36976373699997,-5.341029223999897],[-78.37187498799989,-5.333107472999927],[-78.37943698799995,-5.329182348999893],[-78.38960673699995,-5.317005097999868],[-78.390138988,-5.311144598999931],[-78.38571386199999,-5.307095973999878],[-78.38521498799997,-5.304290972999979],[-78.38702986199996,-5.298389723999946],[-78.38928511199998,-5.284173848999899],[-78.39089048699992,-5.280104473999927],[-78.39118586299992,-5.276165597999977],[-78.39386136299998,-5.269732472999976],[-78.38980311199992,-5.260855847999949],[-78.38894573699997,-5.255462473999955],[-78.39189061299999,-5.253593722999938],[-78.39520448799988,-5.24957909799997],[-78.40034348799992,-5.240815097999928],[-78.40282986199998,-5.235128472999975],[-78.4101718629999,-5.23025397299989],[-78.41400611299991,-5.229441848999841],[-78.42374961299998,-5.229434972999968],[-78.43296961199997,-5.227816098999881],[-78.43538861299993,-5.226697223999963],[-78.4377518629999,-5.223589223999909],[-78.43596486299992,-5.210757348999948],[-78.43470936199998,-5.205661597999836],[-78.43544561299996,-5.203400597999973],[-78.43934386299998,-5.200790347999941],[-78.44300536299988,-5.200344223999878],[-78.44581173799992,-5.198817973999894],[-78.44751036199995,-5.195593097999961],[-78.44808598799989,-5.190525347999937],[-78.45029948799998,-5.183040597999934],[-78.45282173799995,-5.178315348999831],[-78.45537998699996,-5.175839972999938],[-78.46005136299993,-5.173944097999879],[-78.46249286299991,-5.173719223999967],[-78.47630561299997,-5.177734597999915],[-78.48112398799992,-5.180786222999814],[-78.48310686299993,-5.188508598999874],[-78.48909248699994,-5.190822598999944],[-78.49599686299996,-5.199449473999891],[-78.50203573699991,-5.202212097999961],[-78.5072397379999,-5.205456472999913],[-78.51221873799994,-5.20722259899992],[-78.51408398799998,-5.208501722999927],[-78.51915736199999,-5.213968973999897],[-78.52092411299998,-5.218337598999881],[-78.52141073799993,-5.225212598999917],[-78.52088911199996,-5.23040272399993],[-78.52176086299994,-5.235600972999976],[-78.52179323699988,-5.239475347999928],[-78.52460211299996,-5.243059222999875],[-78.52914061199994,-5.243921722999914],[-78.53373936299994,-5.249839473999941],[-78.53541823799992,-5.250743472999943],[-78.53866236199997,-5.254975972999944],[-78.54462011299995,-5.259105848999923],[-78.54997973799993,-5.258912097999882],[-78.55699786199995,-5.255343098999901],[-78.56113586299995,-5.246914597999933],[-78.56406498799998,-5.235202098999935],[-78.56852848699998,-5.229576723999969],[-78.57041186299995,-5.227916972999878],[-78.57409411299989,-5.22144509899988],[-78.57655461299998,-5.218045223999923],[-78.57665811299995,-5.214706972999977],[-78.58007886299998,-5.211695723999924],[-78.58426748799991,-5.216130722999878],[-78.58081798699988,-5.220319348999965],[-78.58484236299995,-5.2254935979999],[-78.58259398799999,-5.228065972999957],[-78.58207111199988,-5.231540847999952],[-78.58464261199987,-5.235572348999938],[-78.58727261299998,-5.234968597999966],[-78.5916193629999,-5.235308597999961],[-78.59534411299995,-5.240967973999943],[-78.59643248799995,-5.246606098999905],[-78.59535261199994,-5.248148723999975],[-78.60041261299995,-5.252283097999964],[-78.60320023799994,-5.256120597999939],[-78.60532836299996,-5.264337223999974],[-78.60680723799993,-5.265371222999931],[-78.60856436299986,-5.270606473999919],[-78.61343361199994,-5.282003847999874],[-78.61768661199994,-5.295069972999954],[-78.62034661299992,-5.300028973999929],[-78.62615423799997,-5.306373097999938],[-78.63419336299995,-5.3059335989999],[-78.63844186299997,-5.305330973999958],[-78.6415704879999,-5.303751972999976],[-78.64545511299997,-5.298509722999825],[-78.64799411299998,-5.293347598999901],[-78.65159573799991,-5.280150347999893],[-78.65442586299997,-5.274300723999943],[-78.66459961199996,-5.268505847999904],[-78.67146261199997,-5.266835972999957],[-78.67400636199994,-5.267313098999978],[-78.67713323799995,-5.2691324729999],[-78.68064873799995,-5.268902847999925],[-78.68424411299998,-5.267490222999925],[-78.68843161299998,-5.254953098999977],[-78.68542973799993,-5.242476598999929],[-78.68408623699997,-5.239820473999941],[-78.68529386199998,-5.237646722999955],[-78.69016986299988,-5.233876973999884],[-78.69355273799994,-5.232746098999939],[-78.69731048799997,-5.223275348999948],[-78.69968148799995,-5.212252722999949],[-78.70298823799999,-5.207726598999898],[-78.70233823799998,-5.198486098999979],[-78.70513298799995,-5.19306909799991],[-78.70613348799992,-5.185754598999949],[-78.70513298799995,-5.183270348999827],[-78.70596098799996,-5.180096098999911],[-78.70911323799999,-5.179628847999879],[-78.70954948799994,-5.173885598999959],[-78.70968736299989,-5.165259972999934],[-78.7108949879999,-5.156772222999905],[-78.71048298699992,-5.154823722999879],[-78.70823823699999,-5.153666973999918],[-78.70583161299999,-5.149594598999954],[-78.70387298799994,-5.135232472999917],[-78.70428361299997,-5.125975098999959],[-78.70393886199997,-5.123712473999944],[-78.70046698699997,-5.115536723999924],[-78.70062423799999,-5.104082723999966],[-78.69792598799995,-5.102307847999953],[-78.69611548799998,-5.099147222999932],[-78.6955017379999,-5.093470098999944],[-78.69338423799996,-5.09113784799996],[-78.69028486299999,-5.089480722999895],[-78.68555911299995,-5.088744222999821],[-78.68341098799993,-5.087025722999897],[-78.68187648799989,-5.082238598999936],[-78.68156973799995,-5.07895509899987],[-78.68012736299994,-5.076101097999981],[-78.68019923799994,-5.072124972999973],[-78.67299611299995,-5.071523472999957],[-78.66825148799995,-5.068981723999968],[-78.66751173799992,-5.067712847999871],[-78.66332223799992,-5.068617222999933],[-78.66160761299983,-5.067590347999953],[-78.65771411299988,-5.067422972999964],[-78.65543236299993,-5.061122222999927],[-78.65145111299995,-5.055304723999939],[-78.65053411299994,-5.052330472999813],[-78.65059698799996,-5.048939347999976],[-78.64867111299998,-5.046134347999953],[-78.64900611299998,-5.04360147299991],[-78.64745698799999,-5.03933122299992],[-78.64527998799997,-5.037551847999964],[-78.64178523699991,-5.036369097999966],[-78.64046548799996,-5.032841972999904],[-78.64118011299996,-5.026570723999953],[-78.64348948699995,-5.02193822299995],[-78.64240161299995,-5.01823959799998],[-78.64218398799994,-5.013453097999957],[-78.64327186299988,-5.00834034899998],[-78.64305423799993,-5.00605584799996],[-78.64849348799993,-4.999202472999912],[-78.64979886199995,-4.99452472299987],[-78.65284486299998,-4.988215347999926],[-78.65153936299998,-4.982993722999936],[-78.65143436299991,-4.97856909799998],[-78.65354898699997,-4.977251222999826],[-78.66016611199984,-4.977110473999971],[-78.66382661299991,-4.977814473999956],[-78.66495286299994,-4.979503847999979],[-78.66776861199997,-4.97865909799998],[-78.67255548799989,-4.974294722999957],[-78.67396336299993,-4.969930222999892],[-78.67790536299998,-4.969507972999963],[-78.6783277379999,-4.968381597999951],[-78.67551198799998,-4.963313222999886],[-78.67311861299993,-4.961764597999831],[-78.67255548799989,-4.957822472999965],[-78.66931736199996,-4.954443597999898],[-78.66481211299993,-4.95176859799983],[-78.66298186299991,-4.949093597999934],[-78.66227786299993,-4.941350222999972],[-78.66143323799997,-4.938534473999937],[-78.65960298799996,-4.936281848999897],[-78.65791348799996,-4.930509597999958],[-78.6535489879999,-4.921217597999942],[-78.65004161299993,-4.919024472999979],[-78.64827173799995,-4.912690097999871],[-78.64510461299994,-4.90747359799991],[-78.64398673799997,-4.90356122299994],[-78.64258948799994,-4.895550097999944],[-78.64072648799998,-4.891824097999915],[-78.64100598699991,-4.889867847999881],[-78.64482511299997,-4.88772534799989],[-78.64454573799998,-4.883906097999898],[-78.64575673799999,-4.881763597999907],[-78.64594298799994,-4.877292347999969],[-78.64538411299998,-4.870957972999975],[-78.64305523799999,-4.856100222999885],[-78.63737298799998,-4.851163222999958],[-78.63625523799993,-4.849113847999945],[-78.63532361299997,-4.841568597999981],[-78.63187698799999,-4.836445222999885],[-78.63588261299992,-4.830297222999945],[-78.63606886299988,-4.823403972999927],[-78.6376524879999,-4.815858597999977],[-78.64128536299995,-4.811666847999902],[-78.64054011199994,-4.807661222999968],[-78.64212373799995,-4.804214597999874],[-78.64128536299995,-4.799836472999914],[-78.63718673799991,-4.791639097999962],[-78.63355373799999,-4.786981472999969],[-78.6288029879999,-4.782230722999827],[-78.62535636299992,-4.775710097999877],[-78.62079198799995,-4.768537472999981],[-78.62377286299994,-4.767000472999882],[-78.62805786299998,-4.762342847999889],[-78.62917561299992,-4.758709847999967],[-78.63113186299995,-4.757312597999885],[-78.63131811199992,-4.74753159799991],[-78.62826861199994,-4.739678972999968],[-78.63285911299988,-4.739220222999961],[-78.63816011199998,-4.740419972999916],[-78.64039648799996,-4.739851597999973],[-78.64466136199997,-4.736452347999943],[-78.64502686299988,-4.734833472999981],[-78.64424361299984,-4.726060097999891],[-78.64361686299992,-4.722926847999929],[-78.64372136299988,-4.717182347999881],[-78.6413191129999,-4.710706847999916],[-78.63999998799989,-4.705228472999977],[-78.63849911299997,-4.702768972999934],[-78.63594023699989,-4.701150097999971],[-78.63275473699997,-4.700941222999973],[-78.63171023799993,-4.698434597999892],[-78.63362111299995,-4.692857597999932],[-78.6339179869999,-4.689796847999901],[-78.63578361299994,-4.685378972999956],[-78.63981298699997,-4.68481197299991],[-78.64363161299991,-4.682156972999906],[-78.64185423799995,-4.677042972999971],[-78.6423766129999,-4.668295722999915],[-78.64146273699998,-4.665358222999885],[-78.63793773799989,-4.657981847999906],[-78.63878636299995,-4.655305472999885],[-78.64533973799996,-4.651589847999958],[-78.64968773699997,-4.646623472999977],[-78.65172261299995,-4.646183597999936],[-78.6568682379999,-4.648647097999913],[-78.66378773799983,-4.656023472999948],[-78.66770448799997,-4.654522097999916],[-78.67205073799994,-4.650988222999899],[-78.67840998799988,-4.647341597999969],[-78.67995423799994,-4.643322597999884],[-78.68176361299999,-4.642048847999945],[-78.68676561299998,-4.64329434799987],[-78.69224898799996,-4.639965222999933],[-78.69538223799998,-4.636962347999884],[-78.69817386299991,-4.629650347999927],[-78.70164898699994,-4.626256847999969],[-78.7059551129999,-4.623873097999933],[-78.7048902379999,-4.61994284799988],[-78.70255823799994,-4.616098847999979],[-78.69561811299997,-4.60745172299994],[-78.68971111199994,-4.604127597999877],[-78.68755498799999,-4.601634597999862],[-78.68252386299991,-4.599837847999879],[-78.68054748799989,-4.595031347999907],[-78.67486511299995,-4.592021722999959],[-78.67247311299991,-4.593418097999916],[-78.66821823799995,-4.594110097999874],[-78.66357986299994,-4.590991222999946],[-78.66272411199992,-4.587774597999896],[-78.66080598799994,-4.586063097999954],[-78.65581886299992,-4.584882597999979],[-78.65605486199985,-4.582256222999888],[-78.65974361299999,-4.57903972299988],[-78.6628602369999,-4.570089597999925],[-78.66187198799992,-4.567933472999925],[-78.65789061299995,-4.565134722999915],[-78.65657148799994,-4.562093847999961],[-78.65821848699989,-4.556224347999944],[-78.66071886299994,-4.55231234799993],[-78.6585479879999,-4.54858797299994],[-78.65875748799982,-4.546821097999953],[-78.66205173799989,-4.540382596999962],[-78.66268061299996,-4.536908847999939],[-78.6611233619999,-4.530080972999883],[-78.65950623799995,-4.527325847999919],[-78.65631373799994,-4.524893597999949],[-78.65226211299989,-4.518728097999883],[-78.65001011299984,-4.516572097999926],[-78.64783011299994,-4.511445222999953],[-78.64752348699994,-4.508970721999901],[-78.64308098799984,-4.506344597999885],[-78.63756773799992,-4.50091147299986],[-78.6357502379999,-4.500882472999933],[-78.63004536199998,-4.499451346999933],[-78.62541886199995,-4.500510722999934],[-78.6190892379999,-4.510011597999892],[-78.6100709879999,-4.510496847999889],[-78.60757711299988,-4.507719972999894],[-78.60422061299988,-4.50569797299994],[-78.60076973799994,-4.507099847999939],[-78.59891761299997,-4.509091222999928],[-78.59558398799993,-4.517128472999957],[-78.59422061299983,-4.523350222999966],[-78.59069923799996,-4.528628597999898],[-78.58694161299991,-4.531512097999837],[-78.58132811299998,-4.534008972999914],[-78.58163336299992,-4.541050972999926],[-78.5811287379999,-4.544315722999954],[-78.58344461199994,-4.547076472999947],[-78.58592923799989,-4.548426222999979],[-78.5870336129999,-4.55331884799989],[-78.58719973799998,-4.558066222999912],[-78.58871536299995,-4.56196647299987],[-78.5848556119999,-4.56773697299991],[-78.58483723799998,-4.570792472999869],[-78.58336623699995,-4.575428222999847],[-78.58249698799995,-4.580755097999941],[-78.58272136199997,-4.586827222999943],[-78.58367823799983,-4.590539347999936],[-78.58278673699988,-4.59985559799992],[-78.57932386199997,-4.602773472999957],[-78.57444048799994,-4.603071222999972],[-78.57148261299989,-4.600470722999944],[-78.57162936299989,-4.595381097999962],[-78.57044311299995,-4.593972847999908],[-78.56541811299996,-4.591887347999943],[-78.56411236199989,-4.588569972999892],[-78.55676961299997,-4.582014472999958],[-78.55530848799998,-4.579632347999961],[-78.55318048799995,-4.57902884799995],[-78.55030598699994,-4.580235847999973],[-78.54406698799994,-4.581052972999942],[-78.54025023699995,-4.584533347999923],[-78.52242998799989,-4.585746097999902],[-78.51362661199988,-4.591969972999834],[-78.49660048799996,-4.60628622299987],[-78.49278898799992,-4.607556472999931],[-78.48827786299995,-4.61671247299995],[-78.48751561299997,-4.619302722999976],[-78.48509498799996,-4.62036684799989],[-78.47990823699996,-4.625553597999954],[-78.47495723699996,-4.629090097999949],[-78.47241598699992,-4.62879097299998],[-78.47122736199998,-4.63112547299994],[-78.47282848799995,-4.633454222999887],[-78.46817086199997,-4.642769347999945],[-78.46787986299995,-4.647426972999938],[-78.46583011299998,-4.648492222999892],[-78.45635548799999,-4.64642234799993],[-78.44868461299995,-4.645501847999981],[-78.44306836299995,-4.647415972999909],[-78.44109961199996,-4.647061347999966],[-78.43016123699988,-4.653405597999893],[-78.42403573799993,-4.653077472999939],[-78.42108236299998,-4.657124722999981],[-78.41692573699999,-4.659531097999945],[-78.41025323699989,-4.659421722999923],[-78.4035808619999,-4.657780972999888],[-78.39975236199996,-4.657780972999888],[-78.39679911199994,-4.654936972999963],[-78.39297061299999,-4.652639972999964],[-78.38575111299997,-4.651764847999971],[-78.3699999879999,-4.651436722999961],[-78.36726536199996,-4.649467847999972],[-78.36126111199991,-4.647703597999907],[-78.35810611199992,-4.651933097999915],[-78.35122961299999,-4.65786459799989],[-78.3478481119999,-4.662119347999862],[-78.34398573699997,-4.664872347999903],[-78.34172623699999,-4.667928222999876],[-78.34201536299992,-4.674800347999962],[-78.33981736199996,-4.677735097999971],[-78.33347773799989,-4.678357597999934],[-78.3294804869999,-4.679537097999855],[-78.32582936199998,-4.672894472999928],[-78.32350311199997,-4.670049972999948],[-78.31774186299998,-4.667327097999873],[-78.31608298799995,-4.667571597999938],[-78.3112013629999,-4.671128222999812],[-78.30490786199988,-4.672844722999969],[-78.30024748799997,-4.675239972999918],[-78.29006461199992,-4.671770722999952],[-78.28508561199999,-4.673087722999924],[-78.28321086199998,-4.668829347999917],[-78.2772073619999,-4.662751722999872],[-78.27629886199998,-4.659976597999957],[-78.27298273799994,-4.661195222999936],[-78.2711659869999,-4.663790097999879],[-78.27131461299996,-4.668396347999817],[-78.26997723699998,-4.674191472999951],[-78.26537098699993,-4.679392097999937],[-78.26200173699988,-4.681244722999907],[-78.2638847369999,-4.68696872299995],[-78.26748236199995,-4.693003847999876],[-78.26891948699983,-4.703872222999962],[-78.26378823699997,-4.71076772299989],[-78.26241598699994,-4.721044972999891],[-78.2555053619999,-4.711611222999977],[-78.25334836199994,-4.705210472999909],[-78.2496542369999,-4.70219084799993],[-78.24705223699993,-4.698014972999886],[-78.23871098799998,-4.687558597999896],[-78.23476886299994,-4.680773972999873],[-78.23311261299995,-4.676205847999938],[-78.22708236199998,-4.667353597999977],[-78.22380686199995,-4.664783597999929],[-78.22268386299993,-4.661523597999974],[-78.21981448699995,-4.660113222999939],[-78.21889923799995,-4.658537722999881],[-78.2114336119999,-4.656744097999933],[-78.20381686199994,-4.65410497299996],[-78.19827748799997,-4.653419722999899],[-78.1908536119999,-4.655589722999878],[-78.18642286199997,-4.656103597999959],[-78.18015173699996,-4.648161097999946],[-78.1735357369999,-4.642414722999945],[-78.17226361299998,-4.638623097999925],[-78.17018261299995,-4.637026472999935],[-78.1635622369999,-4.634181347999913],[-78.16025348699998,-4.634366722999971],[-78.15551261299993,-4.636125972999878],[-78.15413511299982,-4.638485097999933],[-78.14728573699995,-4.64318759799994],[-78.14638786199998,-4.645169847999966],[-78.14719998699996,-4.649919972999896],[-78.15416048799995,-4.653874222999946],[-78.15612198699989,-4.656976972999928],[-78.15553373699998,-4.660489972999869],[-78.15232373799995,-4.662772472999961],[-78.15000548699999,-4.662968597999964],[-78.14581498699994,-4.658974222999973],[-78.14185811199991,-4.657917472999941],[-78.14007298699994,-4.659972847999882],[-78.14009273799996,-4.666169472999968],[-78.13702361199995,-4.667105722999963],[-78.13315836199996,-4.664878972999929]]]]},"properties":{"ubigeo":"010206","nombre":"IMAZA"}},{"type":"Feature","geometry":{"type":"MultiPolygon","coordinates":[[[[-77.81047636199997,-5.869773848999955],[-77.80703111199989,-5.873322223999935],[-77.80425786199987,-5.878314473999978],[-77.80165423699998,-5.879123098999912],[-77.79624798699996,-5.88613472399993],[-77.79652911199997,-5.888048848999915],[-77.79457423699995,-5.89069722399995],[-77.79468536199994,-5.894888723999827],[-77.79230486199992,-5.898859348999906],[-77.79149498699991,-5.901482723999891],[-77.79157923699995,-5.911834848999945],[-77.78973236199988,-5.914972598999952],[-77.79533261199998,-5.922502473999941],[-77.7990424869999,-5.929188348999958],[-77.80032061199995,-5.936829098999965],[-77.80061248699997,-5.942703973999926],[-77.79981961199991,-5.945788848999939],[-77.79778573699991,-5.947985474999939],[-77.79843536199996,-5.951800223999953],[-77.79740711199997,-5.953223973999968],[-77.79167248699991,-5.956427348999966],[-77.79013011199993,-5.958207098999878],[-77.78678948699996,-5.964333348999958],[-77.78263736199995,-5.967725348999977],[-77.77877973699998,-5.971614099999954],[-77.77450323699998,-5.974316848999933],[-77.77209598699994,-5.982331724999881],[-77.77278836199986,-5.988546473999918],[-77.77615386199994,-5.989529723999908],[-77.78016386199994,-5.995501474999912],[-77.7818878619999,-6.00059822399993],[-77.78462311199996,-6.006072224999969],[-77.78490961199992,-6.009066598999937],[-77.78866686199996,-6.016936723999891],[-77.79048611199994,-6.022552723999866],[-77.78810348699994,-6.027344973999959],[-77.79029673699995,-6.028214724999827],[-77.79319723699996,-6.026023473999885],[-77.79668948699998,-6.02544722499988],[-77.79949023699999,-6.027064473999928],[-77.80214648699996,-6.02980072399987],[-77.80623436199988,-6.031873098999938],[-77.80408198699996,-6.035113223999929],[-77.80534773699998,-6.039562473999922],[-77.80558398699998,-6.045230473999936],[-77.80509373699994,-6.047300723999911],[-77.8079413619999,-6.053062598999873],[-77.80724798699998,-6.057089849999954],[-77.80566011199988,-6.061820348999902],[-77.80700786199992,-6.06643747499993],[-77.80636723699996,-6.072955098999898],[-77.80786911199988,-6.078445348999935],[-77.80781048699998,-6.080931598999882],[-77.80552148699996,-6.084412098999906],[-77.80570698699995,-6.088828098999898],[-77.80494711199998,-6.090933598999925],[-77.8007011119999,-6.094781223999973],[-77.79840623699994,-6.099562599999899],[-77.79611723699998,-6.102392598999927],[-77.79564848699994,-6.107724598999937],[-77.79424798699995,-6.109761723999895],[-77.79143361199988,-6.116017598999974],[-77.78959961199996,-6.117347599999903],[-77.78898436199984,-6.121953099999928],[-77.79054486199988,-6.123910098999943],[-77.79216848699997,-6.122203723999974],[-77.80301261199997,-6.118677724999884],[-77.80790623699994,-6.107351599999902],[-77.80973036199998,-6.10469534899994],[-77.81472836199998,-6.104039098999976],[-77.81811523699997,-6.102982349999877],[-77.82231598699991,-6.099840223999934],[-77.8230404869999,-6.096028223999951],[-77.82595111199993,-6.094021474999977],[-77.82616636199998,-6.092674973999976],[-77.82963336199998,-6.089492223999969],[-77.82889648699995,-6.085854848999929],[-77.83321386199992,-6.075056348999965],[-77.8343674869999,-6.070209849999969],[-77.83445823699992,-6.064009098999918],[-77.83472461199995,-6.05708784899997],[-77.83075286199994,-6.050862098999971],[-77.83066598699997,-6.039615223999931],[-77.83459573699997,-6.031941348999965],[-77.83248061199998,-6.027582598999913],[-77.83158636199994,-6.02379147399995],[-77.82720536199997,-6.021440849999976],[-77.82506011199996,-6.018876724999927],[-77.82236323699993,-6.013104473999874],[-77.81797123699994,-6.00715084899997],[-77.81377348699993,-6.008052723999981],[-77.81149111199989,-6.00504047499993],[-77.80654686199989,-6.00049222399997],[-77.80161161199993,-5.992248473999894],[-77.80121186199989,-5.987337223999873],[-77.80435273699999,-5.984710223999969],[-77.80954948699991,-5.984310598999912],[-77.81306473699988,-5.983371598999952],[-77.81840148699996,-5.980380598999886],[-77.82220261199996,-5.976906723999889],[-77.82655473699998,-5.975265473999968],[-77.83228261199997,-5.971439849999911],[-77.83434523699992,-5.972103973999879],[-77.8378789869999,-5.975001099999872],[-77.84126436199989,-5.976284098999884],[-77.84710761199995,-5.976098598999897],[-77.84875586199996,-5.977123098999925],[-77.84890136199994,-5.981184473999974],[-77.84769511199994,-5.98433797399997],[-77.84838448699998,-5.987341473999948],[-77.85030748699984,-5.987862473999883],[-77.85491748699997,-5.984401099999957],[-77.85984536199993,-5.978772973999924],[-77.86050973699992,-5.971507849999966],[-77.86368361199999,-5.964218723999977],[-77.86408611199988,-5.958089848999975],[-77.86395748699994,-5.956692098999952],[-77.85973686199992,-5.949973848999889],[-77.8598901119999,-5.94871722399995],[-77.86575386199996,-5.942187473999923],[-77.86533686199994,-5.938191848999907],[-77.87015748699997,-5.932258848999936],[-77.8713833619999,-5.929285848999939],[-77.87239486199991,-5.923799723999878],[-77.87190448699994,-5.922175348999872],[-77.86549073699996,-5.916866098999947],[-77.86460998699982,-5.912214473999938],[-77.86218873699994,-5.909517348999884],[-77.86592786199998,-5.903234348999945],[-77.86632436199983,-5.900221973999919],[-77.86559036199992,-5.897368223999877],[-77.86579336199992,-5.890927598999895],[-77.86640186199992,-5.887225723999961],[-77.8707563619999,-5.877815099999964],[-77.87876948699994,-5.87097072399996],[-77.87236636199998,-5.86403809899997],[-77.86764011199989,-5.86401447399993],[-77.86708923699996,-5.860164223999959],[-77.86849073699995,-5.858082973999956],[-77.86631673699998,-5.852435098999933],[-77.86645848699999,-5.850733598999909],[-77.86878348699997,-5.846108598999876],[-77.86756873699994,-5.842061223999963],[-77.86475698699991,-5.838705223999909],[-77.86050236199986,-5.837121223999929],[-77.85424098699997,-5.836814723999964],[-77.84859336199992,-5.834593348999931],[-77.84514298699992,-5.830292473999975],[-77.84292161199988,-5.82618059899994],[-77.84234761199997,-5.823566348999975],[-77.84153911199996,-5.826054723999903],[-77.84232811199996,-5.828607473999909],[-77.83991986199993,-5.832488223999917],[-77.84211723699985,-5.836767598999927],[-77.84113073699996,-5.838263723999944],[-77.84121673699997,-5.842671848999942],[-77.84030473699988,-5.844167973999902],[-77.835230487,-5.848757848999981],[-77.83227923699997,-5.848789098999873],[-77.83255073699996,-5.852456973999949],[-77.82670511199996,-5.856380848999834],[-77.82472848699996,-5.856218723999916],[-77.82133398699995,-5.859371098999873],[-77.81789061199993,-5.863482473999966],[-77.8135566119999,-5.86678322399996],[-77.81263861199989,-5.868964848999894],[-77.81047636199997,-5.869773848999955]]]]},"properties":{"ubigeo":"010301","nombre":"JUMBILLA"}},{"type":"Feature","geometry":{"type":"MultiPolygon","coordinates":[[[[-77.7703554869999,-5.788142598999912],[-77.76889373699993,-5.791385098999967],[-77.76510223699995,-5.8061023489999],[-77.7650194869999,-5.811101723999911],[-77.76392911199991,-5.819708723999952],[-77.76077098699994,-5.82491934899997],[-77.76378711199999,-5.828579223999895],[-77.76992261199996,-5.830153223999901],[-77.77287786199997,-5.831984223999882],[-77.77303848699995,-5.835035849999883],[-77.77467136199994,-5.837985723999964],[-77.77918286199991,-5.840041598999903],[-77.78544336199997,-5.841831973999888],[-77.78692386199998,-5.84365822399991],[-77.7887578619999,-5.849740223999902],[-77.79361723699998,-5.85236322399993],[-77.79988861199985,-5.854410098999949],[-77.80557423699997,-5.854617223999924],[-77.80858398699996,-5.857374973999924],[-77.80732223699994,-5.86317384899985],[-77.81033011199992,-5.867242223999938],[-77.81047636199997,-5.869773848999955],[-77.81263861199989,-5.868964848999894],[-77.8135566119999,-5.86678322399996],[-77.81789061199993,-5.863482473999966],[-77.82133398699995,-5.859371098999873],[-77.82472848699996,-5.856218723999916],[-77.82670511199996,-5.856380848999834],[-77.83255073699996,-5.852456973999949],[-77.83227923699997,-5.848789098999873],[-77.835230487,-5.848757848999981],[-77.84030473699988,-5.844167973999902],[-77.84121673699997,-5.842671848999942],[-77.84113073699996,-5.838263723999944],[-77.84211723699985,-5.836767598999927],[-77.83991986199993,-5.832488223999917],[-77.84232811199996,-5.828607473999909],[-77.84153911199996,-5.826054723999903],[-77.84234761199997,-5.823566348999975],[-77.84493948699998,-5.815150348999964],[-77.84797848699998,-5.814962848999926],[-77.84975386199994,-5.809199223999883],[-77.85271286199998,-5.80713284899997],[-77.85487111199996,-5.804175723999947],[-77.85732036199994,-5.80472459899994],[-77.85769548699994,-5.798541473999933],[-77.85590411199996,-5.79414447399995],[-77.85061711199995,-5.78592647399995],[-77.84823586199991,-5.779290098999923],[-77.84556448699988,-5.778068848999965],[-77.84106148699988,-5.777458348999971],[-77.83426886199999,-5.775321223999981],[-77.82882736199997,-5.776354723999873],[-77.82579711199998,-5.77951897399987],[-77.82320211199993,-5.783869348999929],[-77.81941936199996,-5.78853622399987],[-77.81803598699997,-5.789052348999974],[-77.80570773699992,-5.785797598999977],[-77.79194498699991,-5.792878848999919],[-77.78743161199998,-5.794218723999961],[-77.78335173699998,-5.794218723999961],[-77.77644336199995,-5.792900348999922],[-77.77288473699991,-5.790681598999925],[-77.7703554869999,-5.788142598999912]]]]},"properties":{"ubigeo":"010302","nombre":"COROSHA"}},{"type":"Feature","geometry":{"type":"MultiPolygon","coordinates":[[[[-77.87876948699994,-5.87097072399996],[-77.8707563619999,-5.877815099999964],[-77.86640186199992,-5.887225723999961],[-77.86579336199992,-5.890927598999895],[-77.86559036199992,-5.897368223999877],[-77.86632436199983,-5.900221973999919],[-77.86592786199998,-5.903234348999945],[-77.86218873699994,-5.909517348999884],[-77.86460998699982,-5.912214473999938],[-77.86549073699996,-5.916866098999947],[-77.87190448699994,-5.922175348999872],[-77.87239486199991,-5.923799723999878],[-77.8713833619999,-5.929285848999939],[-77.87015748699997,-5.932258848999936],[-77.86533686199994,-5.938191848999907],[-77.86575386199996,-5.942187473999923],[-77.8598901119999,-5.94871722399995],[-77.85973686199992,-5.949973848999889],[-77.86395748699994,-5.956692098999952],[-77.86408611199988,-5.958089848999975],[-77.8660547369999,-5.956706973999928],[-77.87292773699994,-5.955912098999875],[-77.87674223699992,-5.953677723999931],[-77.87992973699994,-5.950662098999828],[-77.88603711199988,-5.948525348999965],[-77.89031448699996,-5.948783223999953],[-77.89581636199989,-5.948175723999896],[-77.90195698699995,-5.950581973999931],[-77.91249023699999,-5.952984348999962],[-77.9207128619999,-5.951558599999942],[-77.9282011119999,-5.948013723999964],[-77.93159186199995,-5.947706974999903],[-77.93653711199994,-5.951275348999957],[-77.94161911199996,-5.953154348999874],[-77.9463652369999,-5.951583974999892],[-77.94934573699999,-5.951757848999875],[-77.95237698699992,-5.950214848999963],[-77.95538673799985,-5.951248098999883],[-77.95735736199998,-5.948373099999969],[-77.95919336199995,-5.947314598999981],[-77.96178123699991,-5.943615223999927],[-77.96147661199996,-5.942361349999942],[-77.96886323699994,-5.938626973999931],[-77.97139848699993,-5.938648474999866],[-77.96876761199997,-5.934308598999962],[-77.96468161299998,-5.929443348999939],[-77.9639492369999,-5.925779348999981],[-77.96268948699992,-5.924718724999877],[-77.96101173699992,-5.917763723999883],[-77.96345511199996,-5.912564473999851],[-77.96712298699993,-5.908470723999869],[-77.96698436199995,-5.902490223999962],[-77.97105861199998,-5.898701223999979],[-77.97462298699992,-5.896982473999969],[-77.97664448799992,-5.890394474999937],[-77.97408898699996,-5.889319348999891],[-77.96931248699991,-5.882302723999942],[-77.96734073699992,-5.88013097399994],[-77.96154011199997,-5.879746098999874],[-77.95772461199994,-5.87840034899989],[-77.95231123699995,-5.880698223999957],[-77.94824673699998,-5.881078098999922],[-77.94488673699988,-5.880056598999886],[-77.9409122369999,-5.882319723999899],[-77.93670736299998,-5.882796098999961],[-77.93406861199998,-5.880887598999891],[-77.9306873619999,-5.879891973999975],[-77.92865623699998,-5.87738984899994],[-77.92341011199994,-5.875239348999912],[-77.92201586199997,-5.871505598999818],[-77.91849473699995,-5.871080223999968],[-77.91804573699994,-5.869095223999977],[-77.91998348699997,-5.865243223999926],[-77.91747861199991,-5.8616512239999],[-77.91490273699992,-5.860635098999921],[-77.90780198699997,-5.86137209899988],[-77.90129223699995,-5.86313034899996],[-77.89713198699997,-5.863069098999972],[-77.89053036199988,-5.865249473999882],[-77.87876948699994,-5.87097072399996]]]]},"properties":{"ubigeo":"010303","nombre":"CUISPES"}},{"type":"Feature","geometry":{"type":"MultiPolygon","coordinates":[[[[-77.67167486099999,-5.974104348999845],[-77.67666386199994,-5.976444848999961],[-77.68456061199998,-5.979166223999869],[-77.68756448599999,-5.979095724999979],[-77.68936511199996,-5.974568348999867],[-77.69309761199997,-5.9699960989999],[-77.69385161199989,-5.967378848999886],[-77.69652736199998,-5.962558598999976],[-77.69970898699995,-5.959859348999885],[-77.70184173699994,-5.956931598999972],[-77.70372661199991,-5.952900473999932],[-77.70867573699996,-5.949984348999976],[-77.70958786199986,-5.948236348999956],[-77.71725786199994,-5.94419534899987],[-77.72614448699994,-5.943544973999906],[-77.72939848699997,-5.942644473999906],[-77.73173436199994,-5.944384723999917],[-77.73796873699996,-5.94571109899988],[-77.74483398699988,-5.944943348999971],[-77.74517973699989,-5.941888849999941],[-77.74645311199993,-5.940462848999971],[-77.74981836199998,-5.931275348999975],[-77.75536523699986,-5.925175723999871],[-77.75786723699991,-5.925333973999898],[-77.76239061199993,-5.920623098999954],[-77.7683729869999,-5.916706973999965],[-77.77532036199995,-5.912677723999877],[-77.77699398699991,-5.913736348999976],[-77.78027148699994,-5.910494098999948],[-77.78221286199982,-5.91062884899992],[-77.78333398699993,-5.907371099999921],[-77.78637311199998,-5.903541098999938],[-77.79230486199992,-5.898859348999906],[-77.79468536199994,-5.894888723999827],[-77.79457423699995,-5.89069722399995],[-77.79652911199997,-5.888048848999915],[-77.79624798699996,-5.88613472399993],[-77.80165423699998,-5.879123098999912],[-77.80425786199987,-5.878314473999978],[-77.80703111199989,-5.873322223999935],[-77.81047636199997,-5.869773848999955],[-77.81033011199992,-5.867242223999938],[-77.80732223699994,-5.86317384899985],[-77.80858398699996,-5.857374973999924],[-77.80557423699997,-5.854617223999924],[-77.79988861199985,-5.854410098999949],[-77.79361723699998,-5.85236322399993],[-77.7887578619999,-5.849740223999902],[-77.78692386199998,-5.84365822399991],[-77.78544336199997,-5.841831973999888],[-77.77918286199991,-5.840041598999903],[-77.77467136199994,-5.837985723999964],[-77.77303848699995,-5.835035849999883],[-77.77287786199997,-5.831984223999882],[-77.76992261199996,-5.830153223999901],[-77.76378711199999,-5.828579223999895],[-77.76077098699994,-5.82491934899997],[-77.75864036199994,-5.826197848999925],[-77.75293711199993,-5.827778348999971],[-77.75096586199999,-5.829017223999813],[-77.74975348699996,-5.831678348999901],[-77.74762436199995,-5.83277322399988],[-77.7461383619999,-5.835110473999919],[-77.74051423699996,-5.835088599999892],[-77.73674286199991,-5.838727473999882],[-77.73264061199995,-5.841697723999971],[-77.72641598699994,-5.843981973999973],[-77.71934073699998,-5.843448348999971],[-77.71401886199993,-5.841007348999938],[-77.71034348699993,-5.840656098999943],[-77.70466411199999,-5.842166848999966],[-77.69808386199998,-5.840442348999943],[-77.69481336099989,-5.840232848999904],[-77.69054473699993,-5.842287098999975],[-77.68460986199995,-5.847682348999967],[-77.68152673599997,-5.84948709899993],[-77.6811334869999,-5.85486084899992],[-77.677882862,-5.859646598999859],[-77.68036586199997,-5.869121348999897],[-77.68342961199994,-5.876063098999964],[-77.68154411199998,-5.879161098999873],[-77.67256573699996,-5.88561247399997],[-77.66781536199994,-5.890877348999936],[-77.66579136199988,-5.891906973999937],[-77.66610598699998,-5.89385472399988],[-77.66888673699992,-5.896810973999891],[-77.66751761199998,-5.904279348999921],[-77.66474473599999,-5.908587223999916],[-77.66329386199999,-5.917670223999949],[-77.66239698699997,-5.919919348999883],[-77.65964298699998,-5.923350598999946],[-77.65880861199997,-5.927898473999903],[-77.65770536199983,-5.929728348999959],[-77.65189061199993,-5.935331973999894],[-77.65469386199999,-5.942201723999972],[-77.65636023699989,-5.947994973999926],[-77.65991386199994,-5.955134848999876],[-77.66533423699997,-5.959520973999872],[-77.6712459869999,-5.963261598999964],[-77.673576987,-5.970299974999932],[-77.67167486099999,-5.974104348999845]]]]},"properties":{"ubigeo":"010304","nombre":"CHISQUILLA"}},{"type":"Feature","geometry":{"type":"MultiPolygon","coordinates":[[[[-77.89957311199998,-6.031426098999873],[-77.90264948699996,-6.02649509999992],[-77.9092636119999,-6.025282973999879],[-77.91281461199992,-6.026095348999945],[-77.91829761199989,-6.029110973999821],[-77.92216923699988,-6.030541974999892],[-77.92616686199989,-6.03105834999991],[-77.9316719869999,-6.030160223999928],[-77.93373823699983,-6.03112884899997],[-77.93663861199991,-6.034507848999965],[-77.93778886199993,-6.037767598999949],[-77.94082223699996,-6.03690434899994],[-77.94164261199995,-6.033765598999935],[-77.94624023699998,-6.030386723999925],[-77.95217773699989,-6.022246098999972],[-77.95376361199999,-6.017917973999886],[-77.95552736199994,-6.015654348999931],[-77.95743161199994,-6.010691348999956],[-77.95938286199998,-6.009074348999945],[-77.96109573699994,-6.003902348999929],[-77.96672073699995,-6.002165973999979],[-77.96747073699993,-6.000031223999827],[-77.96567573699991,-5.996724598999947],[-77.96598436299996,-5.993931598999893],[-77.96452736199996,-5.991474598999901],[-77.96606048699988,-5.987961098999961],[-77.96933198699992,-5.98542184899992],[-77.97024961199992,-5.98330272499993],[-77.96894336199995,-5.983699224999953],[-77.96403711199997,-5.982441348999885],[-77.96174611199996,-5.982789098999888],[-77.96017773699992,-5.984621223999966],[-77.95669536299994,-5.984929723999812],[-77.95357223699989,-5.986283223999976],[-77.94518548699989,-5.985749974999976],[-77.94164411199989,-5.986942723999903],[-77.93461998699996,-5.990369223999949],[-77.92936611199991,-5.99099734899994],[-77.9233698619999,-5.988884473999974],[-77.91428998699996,-5.984487224999953],[-77.91046373699999,-5.986029099999826],[-77.9070616119999,-5.991375098999924],[-77.9020689869999,-5.994709348999947],[-77.90035573699998,-5.996936473999938],[-77.89884111199996,-6.006060723999894],[-77.89467573699994,-6.012749973999973],[-77.89461648699995,-6.018930223999973],[-77.8970488619999,-6.02683597399988],[-77.89957311199998,-6.031426098999873]]]]},"properties":{"ubigeo":"010305","nombre":"CHURUJA"}},{"type":"Feature","geometry":{"type":"MultiPolygon","coordinates":[[[[-77.85732036199994,-5.80472459899994],[-77.85487111199996,-5.804175723999947],[-77.85271286199998,-5.80713284899997],[-77.84975386199994,-5.809199223999883],[-77.84797848699998,-5.814962848999926],[-77.84493948699998,-5.815150348999964],[-77.84234761199997,-5.823566348999975],[-77.84292161199988,-5.82618059899994],[-77.84514298699992,-5.830292473999975],[-77.84859336199992,-5.834593348999931],[-77.85424098699997,-5.836814723999964],[-77.86050236199986,-5.837121223999929],[-77.86475698699991,-5.838705223999909],[-77.86756873699994,-5.842061223999963],[-77.86878348699997,-5.846108598999876],[-77.86645848699999,-5.850733598999909],[-77.86631673699998,-5.852435098999933],[-77.86849073699995,-5.858082973999956],[-77.86708923699996,-5.860164223999959],[-77.86764011199989,-5.86401447399993],[-77.87236636199998,-5.86403809899997],[-77.87876948699994,-5.87097072399996],[-77.89053036199988,-5.865249473999882],[-77.89713198699997,-5.863069098999972],[-77.90129223699995,-5.86313034899996],[-77.90780198699997,-5.86137209899988],[-77.91490273699992,-5.860635098999921],[-77.91747861199991,-5.8616512239999],[-77.91998348699997,-5.865243223999926],[-77.91804573699994,-5.869095223999977],[-77.91849473699995,-5.871080223999968],[-77.92201586199997,-5.871505598999818],[-77.92341011199994,-5.875239348999912],[-77.92865623699998,-5.87738984899994],[-77.9306873619999,-5.879891973999975],[-77.93406861199998,-5.880887598999891],[-77.93670736299998,-5.882796098999961],[-77.9409122369999,-5.882319723999899],[-77.94488673699988,-5.880056598999886],[-77.94824673699998,-5.881078098999922],[-77.95231123699995,-5.880698223999957],[-77.95772461199994,-5.87840034899989],[-77.96154011199997,-5.879746098999874],[-77.96734073699992,-5.88013097399994],[-77.96931248699991,-5.882302723999942],[-77.97408898699996,-5.889319348999891],[-77.97664448799992,-5.890394474999937],[-77.98060748699993,-5.887639098999955],[-77.98437361199996,-5.886103599999899],[-77.98853311199997,-5.882901724999954],[-77.99393023799996,-5.876692598999909],[-77.99891336199994,-5.867971098999931],[-78.00171536199997,-5.864401348999877],[-78.0066083619999,-5.861866223999925],[-78.01161636299992,-5.862251473999891],[-78.01597261199993,-5.861629098999913],[-78.01885798699993,-5.860384473999886],[-78.02392161199998,-5.856791848999933],[-78.02785148699996,-5.849394348999965],[-78.03015823699997,-5.846089848999952],[-78.03605711199998,-5.832916724999961],[-78.03837673699996,-5.829465598999946],[-78.04001373699998,-5.828737099999898],[-78.04479811199997,-5.831191098999909],[-78.04892773699999,-5.832003848999932],[-78.05350586199995,-5.834382848999951],[-78.05477586199987,-5.831834098999934],[-78.0581814869999,-5.828981848999888],[-78.06272911299988,-5.828532348999943],[-78.06734586199997,-5.829604348999965],[-78.07610423699987,-5.83420147399994],[-78.08055173699995,-5.839718973999936],[-78.08519986199997,-5.840086848999931],[-78.09631248799991,-5.837537099999963],[-78.09785348699995,-5.834609348999948],[-78.09701173699995,-5.83308784899998],[-78.09800373699994,-5.829902348999951],[-78.1022948619999,-5.825109348999945],[-78.10123623699997,-5.822392598999954],[-78.09753711299999,-5.818652348999933],[-78.0984628619999,-5.814148348999936],[-78.09702736199989,-5.809062473999973],[-78.093898487,-5.803517598999917],[-78.09374411199985,-5.801945348999936],[-78.09074998699998,-5.798171848999914],[-78.08827923699994,-5.796134723999955],[-78.08576948699994,-5.792253848999906],[-78.08186523799992,-5.79087884899991],[-78.07820698699993,-5.791945348999946],[-78.07050198699994,-5.788507848999927],[-78.06969536199995,-5.787691348999886],[-78.06374736299995,-5.786605473999941],[-78.05817598699991,-5.787207848999856],[-78.05127973699996,-5.794405348999931],[-78.04790686199993,-5.798591348999878],[-78.04490473699997,-5.804636973999891],[-78.04435936199997,-5.807787098999938],[-78.04031286299994,-5.806703723999931],[-78.03854186199993,-5.803014223999924],[-78.03388823699993,-5.798636473999977],[-78.03352686199997,-5.794613098999889],[-78.02906023699995,-5.793279223999946],[-78.02025373699996,-5.793828223999981],[-78.01652523799993,-5.792409973999952],[-78.01085248699997,-5.797510973999977],[-78.00897686299993,-5.798242848999848],[-78.00556861199993,-5.797442348999937],[-77.99840036199998,-5.798264348999851],[-77.98488498699999,-5.793553098999951],[-77.97802886199992,-5.794523348999917],[-77.97430861199996,-5.793071223999959],[-77.97141623699997,-5.789879098999961],[-77.97050186299998,-5.787529973999938],[-77.9641972369999,-5.785986098999842],[-77.95934648699989,-5.786346223999885],[-77.95472736199997,-5.785278223999967],[-77.95268161199994,-5.783579723999935],[-77.94852561199997,-5.776078598999959],[-77.94327611199992,-5.771304973999975],[-77.94261973799996,-5.767921098999921],[-77.9400963619999,-5.765413598999942],[-77.93567598699991,-5.763146848999952],[-77.93046223699992,-5.754797223999958],[-77.92679748699993,-5.752152598999885],[-77.9182212369999,-5.748450098999967],[-77.9145942369999,-5.744747473999951],[-77.91338523699989,-5.74229172399987],[-77.91024798699993,-5.748165973999903],[-77.90837698699994,-5.756380848999868],[-77.90947261199989,-5.76223822399993],[-77.90788686199994,-5.764658223999959],[-77.90690823699998,-5.76892772399998],[-77.89859961199988,-5.776107473999957],[-77.89598048699997,-5.778894473999969],[-77.89132036199999,-5.779812473999925],[-77.88363086199996,-5.786140598999907],[-77.88035161199997,-5.786943473999941],[-77.87824023699994,-5.788751973999979],[-77.87514261199988,-5.789699223999946],[-77.87369136199999,-5.791802723999979],[-77.87194723699992,-5.791105473999949],[-77.86887111199997,-5.79311909899991],[-77.86888673699991,-5.796054723999873],[-77.8637382369999,-5.800328098999898],[-77.86120898699988,-5.801415973999951],[-77.85732036199994,-5.80472459899994]]]]},"properties":{"ubigeo":"010306","nombre":"FLORIDA"}},{"type":"Feature","geometry":{"type":"MultiPolygon","coordinates":[[[[-77.74483398699988,-5.944943348999971],[-77.74538423699994,-5.94698822499987],[-77.74814223599998,-5.951027848999956],[-77.75463748699997,-5.955643724999959],[-77.7591636119999,-5.956862473999934],[-77.76986823699991,-5.966513973999952],[-77.77341561199995,-5.971537349999892],[-77.77450323699998,-5.974316848999933],[-77.77877973699998,-5.971614099999954],[-77.78263736199995,-5.967725348999977],[-77.78678948699996,-5.964333348999958],[-77.79013011199993,-5.958207098999878],[-77.79167248699991,-5.956427348999966],[-77.79740711199997,-5.953223973999968],[-77.79843536199996,-5.951800223999953],[-77.79778573699991,-5.947985474999939],[-77.79981961199991,-5.945788848999939],[-77.80061248699997,-5.942703973999926],[-77.80032061199995,-5.936829098999965],[-77.7990424869999,-5.929188348999958],[-77.79533261199998,-5.922502473999941],[-77.78973236199988,-5.914972598999952],[-77.79157923699995,-5.911834848999945],[-77.79149498699991,-5.901482723999891],[-77.79230486199992,-5.898859348999906],[-77.78637311199998,-5.903541098999938],[-77.78333398699993,-5.907371099999921],[-77.78221286199982,-5.91062884899992],[-77.78027148699994,-5.910494098999948],[-77.77699398699991,-5.913736348999976],[-77.77532036199995,-5.912677723999877],[-77.7683729869999,-5.916706973999965],[-77.76239061199993,-5.920623098999954],[-77.75786723699991,-5.925333973999898],[-77.75536523699986,-5.925175723999871],[-77.74981836199998,-5.931275348999975],[-77.74645311199993,-5.940462848999971],[-77.74517973699989,-5.941888849999941],[-77.74483398699988,-5.944943348999971]]]]},"properties":{"ubigeo":"010307","nombre":"RECTA"}},{"type":"Feature","geometry":{"type":"MultiPolygon","coordinates":[[[[-77.95919336199995,-5.947314598999981],[-77.95735736199998,-5.948373099999969],[-77.95538673799985,-5.951248098999883],[-77.95237698699992,-5.950214848999963],[-77.94934573699999,-5.951757848999875],[-77.9463652369999,-5.951583974999892],[-77.94161911199996,-5.953154348999874],[-77.93653711199994,-5.951275348999957],[-77.93159186199995,-5.947706974999903],[-77.9282011119999,-5.948013723999964],[-77.9207128619999,-5.951558599999942],[-77.91249023699999,-5.952984348999962],[-77.90195698699995,-5.950581973999931],[-77.89581636199989,-5.948175723999896],[-77.89031448699996,-5.948783223999953],[-77.88603711199988,-5.948525348999965],[-77.87992973699994,-5.950662098999828],[-77.87674223699992,-5.953677723999931],[-77.87292773699994,-5.955912098999875],[-77.8660547369999,-5.956706973999928],[-77.86408611199988,-5.958089848999975],[-77.86368361199999,-5.964218723999977],[-77.86050973699992,-5.971507849999966],[-77.85984536199993,-5.978772973999924],[-77.85491748699997,-5.984401099999957],[-77.85030748699984,-5.987862473999883],[-77.84838448699998,-5.987341473999948],[-77.84769511199994,-5.98433797399997],[-77.84890136199994,-5.981184473999974],[-77.84875586199996,-5.977123098999925],[-77.84710761199995,-5.976098598999897],[-77.84126436199989,-5.976284098999884],[-77.8378789869999,-5.975001099999872],[-77.83434523699992,-5.972103973999879],[-77.83228261199997,-5.971439849999911],[-77.82655473699998,-5.975265473999968],[-77.82220261199996,-5.976906723999889],[-77.81840148699996,-5.980380598999886],[-77.81306473699988,-5.983371598999952],[-77.80954948699991,-5.984310598999912],[-77.80435273699999,-5.984710223999969],[-77.80121186199989,-5.987337223999873],[-77.80161161199993,-5.992248473999894],[-77.80654686199989,-6.00049222399997],[-77.81149111199989,-6.00504047499993],[-77.81377348699993,-6.008052723999981],[-77.81797123699994,-6.00715084899997],[-77.82236323699993,-6.013104473999874],[-77.82506011199996,-6.018876724999927],[-77.82720536199997,-6.021440849999976],[-77.83158636199994,-6.02379147399995],[-77.83248061199998,-6.027582598999913],[-77.83459573699997,-6.031941348999965],[-77.83066598699997,-6.039615223999931],[-77.83075286199994,-6.050862098999971],[-77.83472461199995,-6.05708784899997],[-77.83445823699992,-6.064009098999918],[-77.83867573699996,-6.06546872399997],[-77.84240823699997,-6.064816348999898],[-77.84666411199998,-6.060449223999967],[-77.8509902369999,-6.057175723999933],[-77.85442386199998,-6.053761723999969],[-77.85741411199996,-6.053804723999974],[-77.86029098699987,-6.054939473999923],[-77.86483861199997,-6.054362223999931],[-77.86746548699983,-6.051221348999945],[-77.87412561199994,-6.051900973999977],[-77.87713873699994,-6.051219224999954],[-77.88035848699997,-6.047119599999917],[-77.88582173699996,-6.044756098999869],[-77.89656411199996,-6.037469348999934],[-77.89902236199998,-6.034977223999874],[-77.89957311199998,-6.031426098999873],[-77.8970488619999,-6.02683597399988],[-77.89461648699995,-6.018930223999973],[-77.89467573699994,-6.012749973999973],[-77.89884111199996,-6.006060723999894],[-77.90035573699998,-5.996936473999938],[-77.9020689869999,-5.994709348999947],[-77.9070616119999,-5.991375098999924],[-77.91046373699999,-5.986029099999826],[-77.91428998699996,-5.984487224999953],[-77.9233698619999,-5.988884473999974],[-77.92936611199991,-5.99099734899994],[-77.93461998699996,-5.990369223999949],[-77.94164411199989,-5.986942723999903],[-77.94518548699989,-5.985749974999976],[-77.95357223699989,-5.986283223999976],[-77.95669536299994,-5.984929723999812],[-77.96017773699992,-5.984621223999966],[-77.96174611199996,-5.982789098999888],[-77.96403711199997,-5.982441348999885],[-77.96894336199995,-5.983699224999953],[-77.97024961199992,-5.98330272499993],[-77.97032811199995,-5.979318349999971],[-77.97235161199995,-5.977925723999931],[-77.9738164879999,-5.973689473999968],[-77.97828123699992,-5.971650348999901],[-77.97840036199995,-5.968533349999973],[-77.97982423699995,-5.964802723999981],[-77.97455836199998,-5.967263223999907],[-77.97193273699992,-5.96781422499987],[-77.97111811199994,-5.96975834999995],[-77.96557973699998,-5.971208223999952],[-77.95808011199995,-5.965435598999875],[-77.95598573699993,-5.961328724999873],[-77.95570023699992,-5.95858759999993],[-77.95962711199996,-5.95325934899995],[-77.95919336199995,-5.947314598999981]]]]},"properties":{"ubigeo":"010308","nombre":"SAN CARLOS"}},{"type":"Feature","geometry":{"type":"MultiPolygon","coordinates":[[[[-77.97664448799992,-5.890394474999937],[-77.97462298699992,-5.896982473999969],[-77.97105861199998,-5.898701223999979],[-77.96698436199995,-5.902490223999962],[-77.96712298699993,-5.908470723999869],[-77.96345511199996,-5.912564473999851],[-77.96101173699992,-5.917763723999883],[-77.96268948699992,-5.924718724999877],[-77.9639492369999,-5.925779348999981],[-77.96468161299998,-5.929443348999939],[-77.96876761199997,-5.934308598999962],[-77.97139848699993,-5.938648474999866],[-77.97153436199989,-5.933301098999891],[-77.97001148699991,-5.930707474999963],[-77.96708473699988,-5.927756973999919],[-77.96772723699996,-5.924235348999957],[-77.97034186199983,-5.922561848999976],[-77.97473636199999,-5.923820348999925],[-77.97726886299989,-5.928161473999978],[-77.97888486199997,-5.932966723999868],[-77.98165998699989,-5.936039973999925],[-77.98390423699993,-5.929962848999935],[-77.98550586299996,-5.927667973999917],[-77.9882148619999,-5.926415973999895],[-77.99006248699993,-5.924328098999979],[-77.99351761199989,-5.922501973999886],[-77.9999979879999,-5.921880848999933],[-78.00397073699997,-5.919986348999942],[-78.01190423699995,-5.917626974999962],[-78.01612298799995,-5.91680072399987],[-78.01823061199997,-5.917380848999926],[-78.02117573699996,-5.916501849999918],[-78.02603711199993,-5.91352934899993],[-78.03404886199996,-5.91517972399987],[-78.03674223799999,-5.914390723999873],[-78.04161323699998,-5.914505848999966],[-78.04608786199998,-5.913193348999926],[-78.04699798799999,-5.911734348999971],[-78.04669723699999,-5.905417973999874],[-78.04786898699996,-5.903861223999968],[-78.05230861199993,-5.903767598999934],[-78.05468748699991,-5.906091848999949],[-78.05627536199995,-5.911105474999943],[-78.05670898699992,-5.916330098999936],[-78.05823648699993,-5.917576223999902],[-78.06924998799991,-5.914679723999882],[-78.07406448699993,-5.915564473999893],[-78.07658398699994,-5.916769598999963],[-78.07851948699994,-5.915984348999928],[-78.08295711199997,-5.916314598999975],[-78.08918373699998,-5.919410098999947],[-78.09488673799996,-5.919404348999933],[-78.09703911299988,-5.918503848999933],[-78.10058786199988,-5.919849599999907],[-78.10283973699995,-5.918859348999945],[-78.10565036299988,-5.919433598999944],[-78.11377923799995,-5.918121098999961],[-78.11940623699996,-5.920580098999949],[-78.12284573699998,-5.920263723999881],[-78.12736911199994,-5.91617572399997],[-78.12936136199994,-5.909564473999978],[-78.12919536199996,-5.906806598999935],[-78.13080473699989,-5.902560598999969],[-78.13142773699997,-5.899203098999919],[-78.13504098799996,-5.896437473999981],[-78.13522461299993,-5.894244098999934],[-78.13174611199997,-5.895128848999889],[-78.1303281129999,-5.893486348999943],[-78.12559573699997,-5.892785098999923],[-78.12211523699995,-5.890517598999907],[-78.12070311199994,-5.884374974999957],[-78.11888473699997,-5.881726598999933],[-78.11948436199992,-5.875812473999929],[-78.11873436199994,-5.872410098999978],[-78.11637111199991,-5.86888472399994],[-78.1135136119999,-5.866447223999955],[-78.11082998699999,-5.862142598999981],[-78.10539261299988,-5.8580037239999],[-78.10365236199988,-5.855908223999961],[-78.10249023699998,-5.852062473999922],[-78.10280073699994,-5.846091848999947],[-78.10249211299998,-5.841345723999893],[-78.10104486199998,-5.838412098999925],[-78.09631248799991,-5.837537099999963],[-78.08519986199997,-5.840086848999931],[-78.08055173699995,-5.839718973999936],[-78.07610423699987,-5.83420147399994],[-78.06734586199997,-5.829604348999965],[-78.06272911299988,-5.828532348999943],[-78.0581814869999,-5.828981848999888],[-78.05477586199987,-5.831834098999934],[-78.05350586199995,-5.834382848999951],[-78.04892773699999,-5.832003848999932],[-78.04479811199997,-5.831191098999909],[-78.04001373699998,-5.828737099999898],[-78.03837673699996,-5.829465598999946],[-78.03605711199998,-5.832916724999961],[-78.03015823699997,-5.846089848999952],[-78.02785148699996,-5.849394348999965],[-78.02392161199998,-5.856791848999933],[-78.01885798699993,-5.860384473999886],[-78.01597261199993,-5.861629098999913],[-78.01161636299992,-5.862251473999891],[-78.0066083619999,-5.861866223999925],[-78.00171536199997,-5.864401348999877],[-77.99891336199994,-5.867971098999931],[-77.99393023799996,-5.876692598999909],[-77.98853311199997,-5.882901724999954],[-77.98437361199996,-5.886103599999899],[-77.98060748699993,-5.887639098999955],[-77.97664448799992,-5.890394474999937]]]]},"properties":{"ubigeo":"010309","nombre":"SHIPASBAMBA"}},{"type":"Feature","geometry":{"type":"MultiPolygon","coordinates":[[[[-77.89957311199998,-6.031426098999873],[-77.89902236199998,-6.034977223999874],[-77.89656411199996,-6.037469348999934],[-77.88582173699996,-6.044756098999869],[-77.88035848699997,-6.047119599999917],[-77.87713873699994,-6.051219224999954],[-77.87412561199994,-6.051900973999977],[-77.86746548699983,-6.051221348999945],[-77.86483861199997,-6.054362223999931],[-77.86029098699987,-6.054939473999923],[-77.85741411199996,-6.053804723999974],[-77.85442386199998,-6.053761723999969],[-77.8509902369999,-6.057175723999933],[-77.84666411199998,-6.060449223999967],[-77.84240823699997,-6.064816348999898],[-77.83867573699996,-6.06546872399997],[-77.83445823699992,-6.064009098999918],[-77.8343674869999,-6.070209849999969],[-77.83321386199992,-6.075056348999965],[-77.82889648699995,-6.085854848999929],[-77.82963336199998,-6.089492223999969],[-77.82616636199998,-6.092674973999976],[-77.82595111199993,-6.094021474999977],[-77.8230404869999,-6.096028223999951],[-77.82231598699991,-6.099840223999934],[-77.81811523699997,-6.102982349999877],[-77.81472836199998,-6.104039098999976],[-77.80973036199998,-6.10469534899994],[-77.80790623699994,-6.107351599999902],[-77.80301261199997,-6.118677724999884],[-77.79216848699997,-6.122203723999974],[-77.79054486199988,-6.123910098999943],[-77.79224411199988,-6.125433599999951],[-77.79869136199989,-6.125986348999959],[-77.8040468619999,-6.127863349999927],[-77.80804298699996,-6.128263599999968],[-77.81181248699994,-6.12678909899995],[-77.81283786199992,-6.128160098999956],[-77.81779298699996,-6.128476723999938],[-77.82187498699994,-6.13049997499985],[-77.82398636199991,-6.129261723999889],[-77.82941011199995,-6.128251973999909],[-77.83064061199991,-6.129259723999894],[-77.83394536199995,-6.1287734739999],[-77.84144923699989,-6.128646474999869],[-77.85500011199997,-6.122726598999975],[-77.85841211199994,-6.121621098999981],[-77.86138686199996,-6.11921684899994],[-77.86268161199996,-6.115742224999963],[-77.86788098699992,-6.111259724999968],[-77.8735194869999,-6.104447224999944],[-77.87608786199996,-6.102488223999956],[-77.88050586199995,-6.102212848999955],[-77.88698823699991,-6.10390034999989],[-77.89094923699997,-6.10269134899994],[-77.89104098699994,-6.100964848999922],[-77.89336323699996,-6.099580099999912],[-77.89766211199998,-6.095398473999978],[-77.90392186199989,-6.09208397399982],[-77.9062343619999,-6.087103473999946],[-77.90732423799994,-6.081570349999879],[-77.90848436199991,-6.080007848999912],[-77.90914648699999,-6.07539447399995],[-77.91139061199988,-6.068939473999933],[-77.91647848699995,-6.064138723999974],[-77.91883598699997,-6.061189473999946],[-77.92134573799996,-6.060894473999952],[-77.92498436199992,-6.058777349999957],[-77.92621286199994,-6.056607473999975],[-77.93106836199996,-6.052626974999896],[-77.93173823699988,-6.048242223999921],[-77.93416211199997,-6.045517598999879],[-77.93503323699997,-6.042453224999917],[-77.93473436199992,-6.038414098999965],[-77.93778886199993,-6.037767598999949],[-77.93663861199991,-6.034507848999965],[-77.93373823699983,-6.03112884899997],[-77.9316719869999,-6.030160223999928],[-77.92616686199989,-6.03105834999991],[-77.92216923699988,-6.030541974999892],[-77.91829761199989,-6.029110973999821],[-77.91281461199992,-6.026095348999945],[-77.9092636119999,-6.025282973999879],[-77.90264948699996,-6.02649509999992],[-77.89957311199998,-6.031426098999873]]]]},"properties":{"ubigeo":"010310","nombre":"VALERA"}},{"type":"Feature","geometry":{"type":"MultiPolygon","coordinates":[[[[-77.7083227359999,-5.15082409799993],[-77.7067094869999,-5.156447723999975],[-77.70221661199997,-5.160808597999846],[-77.69597786199995,-5.163660223999955],[-77.695083862,-5.167103472999941],[-77.69758061199997,-5.170802972999979],[-77.7034342369999,-5.174775097999941],[-77.70468873699997,-5.177667097999915],[-77.70545686199983,-5.183747722999954],[-77.70723211199999,-5.189548473999935],[-77.70824261199994,-5.190907347999939],[-77.71178173699991,-5.191707097999938],[-77.71364323699993,-5.196273223999924],[-77.71747598699989,-5.198259222999923],[-77.72100048699991,-5.198858473999962],[-77.72753711199994,-5.200897722999912],[-77.73010486199996,-5.20268472399988],[-77.73650023699992,-5.210070973999962],[-77.73944323699999,-5.211232223999957],[-77.73955961199994,-5.212597347999917],[-77.7322146119999,-5.225889723999899],[-77.730183862,-5.228512472999967],[-77.72301598699988,-5.23456559899995],[-77.71610723699996,-5.238055973999963],[-77.70983198699997,-5.239740348999931],[-77.70390911199985,-5.246748097999955],[-77.70355461199989,-5.250765598999976],[-77.69909048699992,-5.253975973999957],[-77.69629673699995,-5.258770973999958],[-77.69308011199985,-5.267685473999904],[-77.69256411199996,-5.271816848999947],[-77.69317398699997,-5.278312848999917],[-77.69274711199989,-5.283588847999908],[-77.69148636199998,-5.284732472999963],[-77.6884866119999,-5.29087197299998],[-77.68510686199994,-5.294042597999976],[-77.68414823699987,-5.295881223999857],[-77.68460423699992,-5.300941848999969],[-77.68619923699993,-5.302466847999938],[-77.68482811199988,-5.31066272299995],[-77.68453486199996,-5.322434223999949],[-77.68364348699993,-5.326655722999931],[-77.68206648699993,-5.338395597999977],[-77.6823891119999,-5.340105098999913],[-77.68805048699988,-5.346352348999972],[-77.68893486199988,-5.35199447399998],[-77.69186261199991,-5.362668472999871],[-77.69503711199997,-5.369129223999948],[-77.69622661199998,-5.373441473999947],[-77.70278673699988,-5.380687723999813],[-77.70275873699995,-5.384877972999959],[-77.69840086199997,-5.396331347999933],[-77.69879823699983,-5.406638098999963],[-77.69595848699998,-5.411053098999957],[-77.69658661199998,-5.412138097999843],[-77.70111448599988,-5.413452348999954],[-77.70838198699994,-5.414843222999934],[-77.71270261199999,-5.416411223999887],[-77.72332511199988,-5.414694472999884],[-77.73395036199997,-5.410439598999972],[-77.73624236199998,-5.408570473999873],[-77.74303511199992,-5.40646684799998],[-77.74482773699998,-5.406899097999883],[-77.74552461199994,-5.407630723999944],[-77.74671961199994,-5.413786848999905],[-77.75018361199994,-5.415926598999931],[-77.75136223699997,-5.419220723999842],[-77.75753061199998,-5.424560723999889],[-77.76442973699989,-5.431097598999941],[-77.76774198699985,-5.435723347999954],[-77.76845123699991,-5.438048723999884],[-77.7633736119999,-5.443483473999891],[-77.75930198699996,-5.446326597999928],[-77.75065561199983,-5.455718348999937],[-77.74901073699988,-5.458092473999898],[-77.74912936199985,-5.461173598999949],[-77.75083311199995,-5.464190223999879],[-77.7537018619999,-5.466001348999896],[-77.76040623699987,-5.46830609899996],[-77.76536473699997,-5.470994848999965],[-77.77063748699999,-5.478153097999893],[-77.77157036199998,-5.493920598999978],[-77.77098661199989,-5.495298348999938],[-77.76757673699996,-5.497921473999952],[-77.7658642369999,-5.502650472999903],[-77.76176811199991,-5.504342223999913],[-77.75963798699996,-5.507205598999974],[-77.75873011199991,-5.511221223999939],[-77.75703736199995,-5.513941598999963],[-77.75711286199993,-5.516003722999869],[-77.75906886199988,-5.521267223999928],[-77.76527748699993,-5.532317472999921],[-77.76448186199991,-5.53541034899996],[-77.76576173699993,-5.538982473999909],[-77.76294698699996,-5.543238223999879],[-77.76108611199999,-5.548795723999888],[-77.7572613619999,-5.554652473999965],[-77.75440023699997,-5.561958347999962],[-77.75105748699997,-5.568272348999869],[-77.74986061199996,-5.57343947399994],[-77.75154623699996,-5.57919872399998],[-77.75167573699997,-5.582263598999873],[-77.74445586199994,-5.587332973999935],[-77.7392371119999,-5.596810598999923],[-77.73689061199991,-5.605138848999957],[-77.7363839869999,-5.609290098999963],[-77.73703098699997,-5.61412884899994],[-77.73879298699984,-5.618279348999977],[-77.73891873699995,-5.622166473999926],[-77.74621873699988,-5.631392848999951],[-77.75260623699995,-5.637577598999883],[-77.75343023699998,-5.640226973999972],[-77.75090498699996,-5.643037598999911],[-77.75391136199994,-5.649499722999906],[-77.75436523699989,-5.6521884739999],[-77.75436523699989,-5.658997722999914],[-77.75513348699997,-5.660568972999897],[-77.75900123699995,-5.66360809899993],[-77.76725623699997,-5.673182223999902],[-77.76917086199995,-5.674501598999939],[-77.76958998699996,-5.677120598999977],[-77.7686229869999,-5.67946684899988],[-77.77370711199995,-5.685207098999911],[-77.77509086199996,-5.68967934899996],[-77.7742456119999,-5.692039473999898],[-77.77502411199993,-5.696504348999952],[-77.77479086199997,-5.700663473999896],[-77.77566573699988,-5.703344598999934],[-77.77514798699997,-5.710751973999891],[-77.76946048699995,-5.714563598999973],[-77.7659058619999,-5.716028973999926],[-77.7639898619999,-5.722565223999823],[-77.75935861199997,-5.729847973999938],[-77.75941011199996,-5.733617223999886],[-77.76195761199989,-5.738411348999875],[-77.76171073699999,-5.742365848999953],[-77.76487323699996,-5.748372223999922],[-77.76727236199997,-5.750852348999956],[-77.77224223699994,-5.752865223999947],[-77.77104211199998,-5.755426723999904],[-77.76883323699997,-5.756855473999963],[-77.76440948699997,-5.764408223999965],[-77.76074111199995,-5.769227473999933],[-77.76114911199994,-5.772002598999961],[-77.76717386199994,-5.776275348999889],[-77.7683514869999,-5.778821973999925],[-77.76925611199988,-5.785749848999899],[-77.7703554869999,-5.788142598999912],[-77.77288473699991,-5.790681598999925],[-77.77644336199995,-5.792900348999922],[-77.78335173699998,-5.794218723999961],[-77.78743161199998,-5.794218723999961],[-77.79194498699991,-5.792878848999919],[-77.80570773699992,-5.785797598999977],[-77.81803598699997,-5.789052348999974],[-77.81941936199996,-5.78853622399987],[-77.82320211199993,-5.783869348999929],[-77.82579711199998,-5.77951897399987],[-77.82882736199997,-5.776354723999873],[-77.83426886199999,-5.775321223999981],[-77.84106148699988,-5.777458348999971],[-77.84556448699988,-5.778068848999965],[-77.84823586199991,-5.779290098999923],[-77.85061711199995,-5.78592647399995],[-77.85590411199996,-5.79414447399995],[-77.85769548699994,-5.798541473999933],[-77.85732036199994,-5.80472459899994],[-77.86120898699988,-5.801415973999951],[-77.8637382369999,-5.800328098999898],[-77.86888673699991,-5.796054723999873],[-77.86887111199997,-5.79311909899991],[-77.87194723699992,-5.791105473999949],[-77.87369136199999,-5.791802723999979],[-77.87514261199988,-5.789699223999946],[-77.87824023699994,-5.788751973999979],[-77.88035161199997,-5.786943473999941],[-77.88363086199996,-5.786140598999907],[-77.89132036199999,-5.779812473999925],[-77.89598048699997,-5.778894473999969],[-77.89859961199988,-5.776107473999957],[-77.90690823699998,-5.76892772399998],[-77.90788686199994,-5.764658223999959],[-77.90947261199989,-5.76223822399993],[-77.90837698699994,-5.756380848999868],[-77.91024798699993,-5.748165973999903],[-77.91338523699989,-5.74229172399987],[-77.9145942369999,-5.744747473999951],[-77.9182212369999,-5.748450098999967],[-77.92679748699993,-5.752152598999885],[-77.93046223699992,-5.754797223999958],[-77.93567598699991,-5.763146848999952],[-77.9400963619999,-5.765413598999942],[-77.94261973799996,-5.767921098999921],[-77.94327611199992,-5.771304973999975],[-77.94852561199997,-5.776078598999959],[-77.95268161199994,-5.783579723999935],[-77.95472736199997,-5.785278223999967],[-77.95934648699989,-5.786346223999885],[-77.9641972369999,-5.785986098999842],[-77.97050186299998,-5.787529973999938],[-77.97141623699997,-5.789879098999961],[-77.97430861199996,-5.793071223999959],[-77.97802886199992,-5.794523348999917],[-77.98488498699999,-5.793553098999951],[-77.99840036199998,-5.798264348999851],[-78.00556861199993,-5.797442348999937],[-78.00897686299993,-5.798242848999848],[-78.01085248699997,-5.797510973999977],[-78.01652523799993,-5.792409973999952],[-78.02025373699996,-5.793828223999981],[-78.02906023699995,-5.793279223999946],[-78.03352686199997,-5.794613098999889],[-78.03388823699993,-5.798636473999977],[-78.03854186199993,-5.803014223999924],[-78.04031286299994,-5.806703723999931],[-78.04435936199997,-5.807787098999938],[-78.04490473699997,-5.804636973999891],[-78.04790686199993,-5.798591348999878],[-78.05127973699996,-5.794405348999931],[-78.05817598699991,-5.787207848999856],[-78.06374736299995,-5.786605473999941],[-78.06969536199995,-5.787691348999886],[-78.07050198699994,-5.788507848999927],[-78.07820698699993,-5.791945348999946],[-78.08186523799992,-5.79087884899991],[-78.08576948699994,-5.792253848999906],[-78.08630073799992,-5.786419973999955],[-78.0822676119999,-5.782794973999955],[-78.0806016119999,-5.778837848999899],[-78.07690823699994,-5.774193348999859],[-78.0763568619999,-5.769425723999973],[-78.07797548799988,-5.768296223999869],[-78.08326873699997,-5.767221348999954],[-78.08791723699994,-5.765179223999894],[-78.09402361199989,-5.757927098999915],[-78.09888636199997,-5.755865348999976],[-78.1039726119999,-5.755042973999934],[-78.09725973799993,-5.745015598999942],[-78.07842973699996,-5.715457098999934],[-78.06995311199995,-5.701917973999969],[-78.04413086199997,-5.661583973999939],[-78.02575586199993,-5.632658223999897],[-78.017394487,-5.61992572399987],[-78.01238861199988,-5.611501973999964],[-78.01129298699993,-5.606935598999939],[-78.01174023699997,-5.602285098999914],[-78.00746673699996,-5.59854884899994],[-78.00391598699997,-5.598187473999928],[-78.00212498699995,-5.595974598999931],[-78.00124798699994,-5.590937473999929],[-77.99841411199992,-5.588447223999935],[-77.995628862,-5.583402348999869],[-77.99151173799993,-5.582040973999938],[-77.98932611199996,-5.579683597999917],[-77.98900786199988,-5.577427723999961],[-77.98659761199997,-5.577015598999878],[-77.98504686199988,-5.575044973999979],[-77.98737298699996,-5.57147259899989],[-77.98673636299998,-5.568830098999968],[-77.98808398699992,-5.567720723999969],[-77.98756048699994,-5.563937473999943],[-77.98793948699995,-5.560322223999947],[-77.98735161199988,-5.556738223999901],[-77.98916211199997,-5.552609348999965],[-77.98866798699993,-5.54930472399991],[-77.99008198799993,-5.545349598999962],[-77.98916411199986,-5.542390597999827],[-77.99094136199989,-5.537242223999897],[-77.98996286199997,-5.532703098999946],[-77.98753323699998,-5.531558598999936],[-77.98480661199989,-5.527388723999877],[-77.98499223699997,-5.52479497399986],[-77.98894723699993,-5.52061909899993],[-77.98959573699995,-5.516859348999958],[-77.99126761199989,-5.514076223999894],[-77.98984173699995,-5.510351598999932],[-77.98689723699994,-5.510967723999954],[-77.97887848699997,-5.50858822399988],[-77.97454786199995,-5.508326473999887],[-77.97031711199998,-5.506300348999957],[-77.96543448699992,-5.502425473999949],[-77.95541686199994,-5.498546972999975],[-77.95427486199986,-5.497047848999898],[-77.94758311199996,-5.494204222999883],[-77.94142311199994,-5.489394973999879],[-77.93478711199992,-5.491908223999928],[-77.93256448699998,-5.490943348999906],[-77.93338323699993,-5.483318348999887],[-77.93288348699997,-5.472824973999934],[-77.93040773699994,-5.46623647399997],[-77.93136173699992,-5.460812598999894],[-77.93714273699999,-5.451671598999951],[-77.93778911199996,-5.447019473999887],[-77.9393318619999,-5.44334347399996],[-77.93843948699998,-5.433894848999955],[-77.94056911199993,-5.425283472999922],[-77.94327536199995,-5.42205472399985],[-77.94939698699994,-5.42095272399996],[-77.95467936199992,-5.418359098999872],[-77.95528311199996,-5.412179848999926],[-77.95348961199988,-5.403749223999966],[-77.95551511199989,-5.399720597999931],[-77.74528511199992,-5.133017597999981],[-77.7397727369999,-5.136619222999911],[-77.72758861199998,-5.140299348999918],[-77.72085573699985,-5.140454722999834],[-77.71126698699999,-5.149353348999966],[-77.7083227359999,-5.15082409799993]]]]},"properties":{"ubigeo":"010311","nombre":"YAMBRASBAMBA"}},{"type":"Feature","geometry":{"type":"MultiPolygon","coordinates":[[[[-77.97139848699993,-5.938648474999866],[-77.96886323699994,-5.938626973999931],[-77.96147661199996,-5.942361349999942],[-77.96178123699991,-5.943615223999927],[-77.95919336199995,-5.947314598999981],[-77.95962711199996,-5.95325934899995],[-77.95570023699992,-5.95858759999993],[-77.95598573699993,-5.961328724999873],[-77.95808011199995,-5.965435598999875],[-77.96557973699998,-5.971208223999952],[-77.97111811199994,-5.96975834999995],[-77.97193273699992,-5.96781422499987],[-77.97455836199998,-5.967263223999907],[-77.97982423699995,-5.964802723999981],[-77.98208011199989,-5.968466848999867],[-77.99670311199998,-5.970790973999954],[-77.99999461199997,-5.970520098999941],[-78.00320336199991,-5.972546098999942],[-78.00563861199998,-5.977928848999909],[-78.01510961199995,-5.975897099999941],[-78.01760161199991,-5.974956723999924],[-78.02740261199995,-5.975535473999969],[-78.03343423699994,-5.976586348999945],[-78.03721386199993,-5.975740723999877],[-78.04256111199999,-5.977057348999949],[-78.05030611199999,-5.977173723999954],[-78.05753373699997,-5.974732598999935],[-78.0607909869999,-5.97290822399998],[-78.06570111299993,-5.966412098999854],[-78.07046286199994,-5.963564473999952],[-78.07227923699992,-5.961080098999901],[-78.07619136199997,-5.95866209899998],[-78.07879486199982,-5.954121098999963],[-78.07730073699992,-5.948367223999924],[-78.07562886199997,-5.945494098999973],[-78.07704486199998,-5.943849598999975],[-78.08064848699996,-5.936640598999929],[-78.08263861199998,-5.933677723999892],[-78.07903711199998,-5.928761723999912],[-78.0794667369999,-5.92618159899996],[-78.07445311299995,-5.92037309899996],[-78.07658398699994,-5.916769598999963],[-78.07406448699993,-5.915564473999893],[-78.06924998799991,-5.914679723999882],[-78.05823648699993,-5.917576223999902],[-78.05670898699992,-5.916330098999936],[-78.05627536199995,-5.911105474999943],[-78.05468748699991,-5.906091848999949],[-78.05230861199993,-5.903767598999934],[-78.04786898699996,-5.903861223999968],[-78.04669723699999,-5.905417973999874],[-78.04699798799999,-5.911734348999971],[-78.04608786199998,-5.913193348999926],[-78.04161323699998,-5.914505848999966],[-78.03674223799999,-5.914390723999873],[-78.03404886199996,-5.91517972399987],[-78.02603711199993,-5.91352934899993],[-78.02117573699996,-5.916501849999918],[-78.01823061199997,-5.917380848999926],[-78.01612298799995,-5.91680072399987],[-78.01190423699995,-5.917626974999962],[-78.00397073699997,-5.919986348999942],[-77.9999979879999,-5.921880848999933],[-77.99351761199989,-5.922501973999886],[-77.99006248699993,-5.924328098999979],[-77.9882148619999,-5.926415973999895],[-77.98550586299996,-5.927667973999917],[-77.98390423699993,-5.929962848999935],[-77.98165998699989,-5.936039973999925],[-77.97888486199997,-5.932966723999868],[-77.97726886299989,-5.928161473999978],[-77.97473636199999,-5.923820348999925],[-77.97034186199983,-5.922561848999976],[-77.96772723699996,-5.924235348999957],[-77.96708473699988,-5.927756973999919],[-77.97001148699991,-5.930707474999963],[-77.97153436199989,-5.933301098999891],[-77.97139848699993,-5.938648474999866]]]]},"properties":{"ubigeo":"010312","nombre":"JAZAN"}},{"type":"Feature","geometry":{"type":"MultiPolygon","coordinates":[[[[-77.89094923699997,-6.10269134899994],[-77.89369136199997,-6.106281223999872],[-77.89541411199991,-6.111423849999937],[-77.8953398619999,-6.115744098999926],[-77.89630273699998,-6.118763724999894],[-77.89539061199997,-6.125351599999931],[-77.89649798699998,-6.132441349999965],[-77.89805286199993,-6.136283223999897],[-77.89765423699993,-6.137943348999954],[-77.90070698699998,-6.140486348999957],[-77.90219336199988,-6.144056598999953],[-77.90429686199991,-6.146189473999925],[-77.90354298699998,-6.151228474999925],[-77.90576761199992,-6.157105473999934],[-77.91057223699994,-6.160154348999981],[-77.9176137369999,-6.160974473999943],[-77.92240648699999,-6.16019984999997],[-77.92937361299994,-6.159742974999915],[-77.93245736199998,-6.15694472399997],[-77.93364898699997,-6.152803849999884],[-77.9342757369999,-6.147649223999906],[-77.93677536199993,-6.144238223999935],[-77.94142323699992,-6.143067723999934],[-77.94957386199991,-6.144087974999934],[-77.9511054869999,-6.144792973999927],[-77.9541972369999,-6.14480672499991],[-77.9555624869999,-6.146138724999901],[-77.96402736199997,-6.147585973999924],[-77.97138673699993,-6.146886723999955],[-77.97405861199996,-6.147308599999974],[-77.97799411199998,-6.14558784899998],[-77.98184961199996,-6.145462848999955],[-77.98398823699995,-6.143093724999915],[-77.98908198699996,-6.142154348999952],[-77.9929531119999,-6.142642598999828],[-77.99530261199999,-6.144830098999876],[-77.99824023699995,-6.14497659999995],[-78.00206448699998,-6.143847599999958],[-78.00437886299989,-6.14006059899998],[-78.0060898619999,-6.137863224999876],[-78.00729298799996,-6.133953098999939],[-78.01234961199992,-6.126843723999912],[-78.01353911199993,-6.121623099999965],[-78.02356098699994,-6.112402349999911],[-78.02118348699997,-6.108970223999961],[-78.01846373699993,-6.108596473999967],[-78.01404486199988,-6.109378849999928],[-78.00390473699991,-6.107657848999906],[-77.99720261199997,-6.105057848999934],[-77.99084661199998,-6.104973099999938],[-77.98847836199997,-6.105462224999883],[-77.98449173699998,-6.109333348999826],[-77.98125623699997,-6.114706598999874],[-77.97891411199998,-6.117324223999901],[-77.97694136199982,-6.117841849999934],[-77.97191011199999,-6.116316348999931],[-77.96836323699989,-6.116003849999913],[-77.9620547369999,-6.113806723999915],[-77.95887686199995,-6.113255848999927],[-77.95612886199996,-6.109408223999878],[-77.95333986199995,-6.110458973999869],[-77.95090036199997,-6.106994099999895],[-77.9492089869999,-6.099910223999871],[-77.94652736199998,-6.097900348999929],[-77.94337886199997,-6.096703224999942],[-77.93867573799997,-6.091095723999956],[-77.93791411199993,-6.087691349999886],[-77.93416986199992,-6.081281224999941],[-77.93033586199994,-6.078949223999928],[-77.92739636199991,-6.074003848999894],[-77.92671486199993,-6.069914098999902],[-77.92439061199991,-6.06729297399994],[-77.92122661199994,-6.067109348999907],[-77.91984573699995,-6.063937473999943],[-77.92134573799996,-6.060894473999952],[-77.91883598699997,-6.061189473999946],[-77.91647848699995,-6.064138723999974],[-77.91139061199988,-6.068939473999933],[-77.90914648699999,-6.07539447399995],[-77.90848436199991,-6.080007848999912],[-77.90732423799994,-6.081570349999879],[-77.9062343619999,-6.087103473999946],[-77.90392186199989,-6.09208397399982],[-77.89766211199998,-6.095398473999978],[-77.89336323699996,-6.099580099999912],[-77.89104098699994,-6.100964848999922],[-77.89094923699997,-6.10269134899994]]]]},"properties":{"ubigeo":"010401","nombre":"LAMUD"}},{"type":"Feature","geometry":{"type":"MultiPolygon","coordinates":[[[[-78.26573248699992,-6.136509723999893],[-78.26430073799986,-6.140300723999928],[-78.26521498699992,-6.144906223999953],[-78.26798636299998,-6.153458973999932],[-78.26925198699996,-6.155775349999942],[-78.26962298699993,-6.159025349999979],[-78.26843548699992,-6.163628848999849],[-78.26980473699996,-6.168443348999915],[-78.27177736199997,-6.171767599999896],[-78.27873636199985,-6.174081973999932],[-78.27733598799995,-6.177648474999955],[-78.28150586199985,-6.186431598999889],[-78.2861698619999,-6.188081973999942],[-78.28990998699993,-6.190751973999966],[-78.29147073799993,-6.193386724999925],[-78.28937698699997,-6.197361348999948],[-78.28873048699995,-6.202191349999907],[-78.29158398699997,-6.204941349999899],[-78.29288286299999,-6.210638723999864],[-78.2906953619999,-6.215333973999861],[-78.28939261199992,-6.220199224999874],[-78.28859573799991,-6.232396473999927],[-78.28774223799996,-6.236406223999893],[-78.29139848699998,-6.241785099999959],[-78.2948573619999,-6.248464849999948],[-78.29620698699995,-6.249710974999914],[-78.29856248799996,-6.254244099999937],[-78.30192973699997,-6.259037098999897],[-78.30558598699997,-6.261140598999873],[-78.30875786299987,-6.263839848999908],[-78.31173823799998,-6.261826223999947],[-78.31982811199993,-6.260199223999962],[-78.3248086129999,-6.261558598999898],[-78.32795898799998,-6.265839724999921],[-78.3326426129999,-6.270140598999888],[-78.33613086299994,-6.276208849999875],[-78.33972273799998,-6.277005849999853],[-78.34436523699992,-6.276070349999884],[-78.34797073699991,-6.272085974999925],[-78.35127536299996,-6.271292973999948],[-78.35930661299994,-6.268160099999875],[-78.36422661299997,-6.268154348999929],[-78.36840036299998,-6.266796849999878],[-78.36998698699989,-6.265408348999927],[-78.37021673699991,-6.260459973999957],[-78.37210423799996,-6.255052223999883],[-78.37220623699994,-6.252577849999966],[-78.37047173699995,-6.247425223999869],[-78.37093086199991,-6.244185723999976],[-78.37008911299989,-6.239083974999915],[-78.37480811199993,-6.236278099999936],[-78.38025586299995,-6.230738223999879],[-78.38439923699991,-6.231201974999976],[-78.38863361299997,-6.22990109899996],[-78.39409236299997,-6.227477723999925],[-78.39807161199997,-6.228753223999945],[-78.40072448799992,-6.227885848999961],[-78.40161723699998,-6.225972723999917],[-78.4020253619999,-6.219774223999877],[-78.40281611199998,-6.218728473999874],[-78.40732723799994,-6.214314599999966],[-78.40903186199984,-6.213690848999875],[-78.41207561199997,-6.214545099999953],[-78.41424386299997,-6.213805348999927],[-78.41636098699996,-6.211152473999903],[-78.41898623799995,-6.205714848999946],[-78.41886086199997,-6.203015223999955],[-78.41733036199997,-6.200847099999976],[-78.41694786299996,-6.193475224999929],[-78.41778948699994,-6.190516348999893],[-78.41972811299996,-6.188424599999962],[-78.41515423699997,-6.186831973999972],[-78.41391798699988,-6.184505848999891],[-78.41124798699997,-6.184091849999902],[-78.40729098699995,-6.181753848999904],[-78.40012298699997,-6.180837849999875],[-78.3982736129999,-6.178578098999878],[-78.39566011199992,-6.17718159899988],[-78.39401761199991,-6.175103474999958],[-78.38940623799994,-6.171435599999882],[-78.38736911199999,-6.171441348999906],[-78.3831249879999,-6.169816349999962],[-78.38057611299996,-6.170464849999973],[-78.37817573699994,-6.169509724999955],[-78.37306448699997,-6.169783223999957],[-78.37165236199996,-6.163998098999912],[-78.37228911299997,-6.158111348999853],[-78.37177148699993,-6.156001973999935],[-78.36903711299993,-6.152470723999954],[-78.36768748699996,-6.146861349999938],[-78.36955073799987,-6.141978473999927],[-78.3699999879999,-6.13671872499998],[-78.37245111299995,-6.13364447399988],[-78.36916311199997,-6.128938849999884],[-78.36756886199993,-6.120301473999973],[-78.36811611299999,-6.108618348999926],[-78.36395211299998,-6.10283622399993],[-78.36185811299993,-6.098791098999925],[-78.35374423699994,-6.092152474999978],[-78.34972286199996,-6.086869973999967],[-78.34228323699989,-6.083881098999939],[-78.33630898699994,-6.083256098999925],[-78.32994861299994,-6.080581974999973],[-78.32722636299991,-6.080003723999937],[-78.31761411299988,-6.079488848999972],[-78.3143133619999,-6.079844223999885],[-78.31200848799995,-6.08182547399997],[-78.30483236199996,-6.085104099999967],[-78.30130148799992,-6.088155348999919],[-78.29918761199991,-6.094448098999919],[-78.29468348699993,-6.097017224999945],[-78.29250461299995,-6.100838473999943],[-78.28643948699994,-6.102789723999933],[-78.28471586299997,-6.103846598999951],[-78.28338261199997,-6.10682222399987],[-78.28033398799994,-6.107742224999981],[-78.27754511199987,-6.110789723999972],[-78.2756263629999,-6.119358974999955],[-78.27669961299989,-6.131050098999879],[-78.27622798799996,-6.132887598999957],[-78.27304386199995,-6.135217849999947],[-78.26892411199992,-6.136518723999927],[-78.26573248699992,-6.136509723999893]]]]},"properties":{"ubigeo":"010402","nombre":"CAMPORREDONDO"}},{"type":"Feature","geometry":{"type":"MultiPolygon","coordinates":[[[[-77.94502261199995,-6.574881974999926],[-77.94404486199994,-6.576681599999858],[-77.94277386199997,-6.586181723999971],[-77.93969973699996,-6.592280099999869],[-77.9365741119999,-6.602532224999948],[-77.93544736199993,-6.61118797499995],[-77.9364777369999,-6.614706724999962],[-77.93226211199999,-6.617625224999927],[-77.928800487,-6.622898099999929],[-77.92261886199998,-6.62838134999987],[-77.92189648699997,-6.631650349999973],[-77.92220836199994,-6.636045974999945],[-77.91871511199997,-6.642547599999943],[-77.91993573699989,-6.646627348999914],[-77.91910311199996,-6.651229974999978],[-77.92156473699998,-6.658291974999941],[-77.92404736199995,-6.660793349999949],[-77.92558936199998,-6.667185724999968],[-77.92318011199995,-6.671074974999954],[-77.9241759869999,-6.675377099999935],[-77.92677798699998,-6.681480349999902],[-77.93114661199996,-6.686363098999891],[-77.93596686199993,-6.689789098999938],[-77.93914148699997,-6.693748349999964],[-77.93968011199996,-6.697100974999898],[-77.94183336199995,-6.702975224999932],[-77.95122048699983,-6.706190474999971],[-77.9553608619999,-6.708117849999894],[-77.95954848699995,-6.713947599999869],[-77.965735237,-6.712400849999881],[-77.97230761199995,-6.717668474999925],[-77.97906023699989,-6.716993224999896],[-77.98510411199999,-6.719539224999892],[-77.98960586199996,-6.719198223999911],[-77.99552411299999,-6.719938224999964],[-78.00102486299994,-6.721211849999975],[-78.00156361199993,-6.729797599999927],[-78.00569923699999,-6.736874974999921],[-78.00632611299989,-6.739128849999929],[-78.00886136199989,-6.742964849999964],[-78.01699998699996,-6.74493947499991],[-78.02179298799996,-6.744455099999868],[-78.02782036199994,-6.745910099999946],[-78.03467573699999,-6.744984349999982],[-78.03586886199992,-6.743240724999964],[-78.0344161129999,-6.739895474999912],[-78.03694461199996,-6.736579724999956],[-78.03937773699994,-6.731975849999969],[-78.03954473699997,-6.729256474999943],[-78.03816123699988,-6.725964599999941],[-78.04040348699988,-6.719166224999924],[-78.03978336199998,-6.715707349999946],[-78.04365623699988,-6.713816473999941],[-78.04503123699999,-6.71138972499989],[-78.04515048699989,-6.708145599999966],[-78.04667711199988,-6.702730724999924],[-78.04536523699988,-6.696624099999951],[-78.04598536199995,-6.691590849999898],[-78.04950786299997,-6.687363223999967],[-78.05187736199986,-6.683289724999952],[-78.05610173699995,-6.679901224999981],[-78.05819536299998,-6.676150223999969],[-78.06386561299996,-6.676964348999945],[-78.07456648699997,-6.672544474999881],[-78.07829911199991,-6.668735224999921],[-78.07916073799998,-6.666408974999911],[-78.07645636199993,-6.662221724999938],[-78.0759621119999,-6.659110349999878],[-78.08128336299995,-6.655184849999898],[-78.08305723699988,-6.655068473999961],[-78.0943082369999,-6.657319973999904],[-78.09544448699995,-6.655999099999974],[-78.09733448799989,-6.650590474999888],[-78.09953323699995,-6.648388723999972],[-78.10402248799994,-6.646810349999953],[-78.10759911199995,-6.642332224999961],[-78.10672673699997,-6.637650723999968],[-78.10382298799993,-6.635601723999969],[-78.10367261199997,-6.634298724999894],[-78.10542673799995,-6.628133849999926],[-78.10442436299996,-6.625076599999886],[-78.10582773699991,-6.620615974999964],[-78.10748173699989,-6.618210099999942],[-78.11350211299992,-6.612298848999956],[-78.11394723699993,-6.608486848999917],[-78.1160522369999,-6.602723098999888],[-78.12031248699998,-6.599415224999973],[-78.1215653619999,-6.594503474999954],[-78.1218661119999,-6.58919072499998],[-78.12121461299984,-6.587085599999966],[-78.11775836199996,-6.582052599999884],[-78.1170526119999,-6.57736934899998],[-78.11955461199989,-6.574642849999918],[-78.12653523699998,-6.570793849999973],[-78.12988336199999,-6.568355849999932],[-78.13347086199997,-6.566866098999981],[-78.137099488,-6.563682474999951],[-78.13765873799991,-6.561808974999963],[-78.1366869879999,-6.558464348999962],[-78.13364061199997,-6.560412099999837],[-78.12896286199992,-6.564867223999954],[-78.12605398699992,-6.565404099999967],[-78.12322098699991,-6.564343098999927],[-78.11913286199996,-6.558748099999889],[-78.11638473699998,-6.557414098999914],[-78.11498636199991,-6.555572224999935],[-78.10925398699999,-6.554535099999953],[-78.10761136199989,-6.552664099999959],[-78.1023046119999,-6.55337497499994],[-78.09774023799991,-6.550818348999883],[-78.09418361199988,-6.553265599999975],[-78.0914477369999,-6.552274348999845],[-78.08292798699995,-6.552631224999971],[-78.07510098699998,-6.554701349999903],[-78.06661886299992,-6.556165474999943],[-78.05952186199988,-6.556449599999894],[-78.05761273699994,-6.556006848999914],[-78.05415436199996,-6.552784848999977],[-78.04767323699997,-6.553188849999913],[-78.04531661199997,-6.55112347499994],[-78.04284311199996,-6.547525724999957],[-78.03713211299998,-6.542219598999964],[-78.03308711199998,-6.542552724999894],[-78.02799561199998,-6.544385599999941],[-78.02530411199996,-6.546979599999872],[-78.01884761199989,-6.551476849999915],[-78.01666311199995,-6.551155474999973],[-78.01561211199999,-6.549116849999962],[-78.01360348699995,-6.541906849999918],[-78.01020648699989,-6.53959134999991],[-78.00426373699997,-6.539334349999876],[-78.00284873799995,-6.538340349999885],[-78.00146911199994,-6.535126349999871],[-78.00235598699987,-6.530224098999895],[-78.00241311199989,-6.524113599999964],[-78.00167073699993,-6.520630099999948],[-77.99845898699994,-6.519060598999943],[-77.99526636199994,-6.521313223999869],[-77.98660223699989,-6.524639599999944],[-77.98267823699996,-6.528239723999945],[-77.9808713619999,-6.531431849999876],[-77.97394486199994,-6.535467349999919],[-77.96876511199991,-6.540074849999939],[-77.96629561199995,-6.543026224999892],[-77.96382623699992,-6.544320973999902],[-77.95900973699992,-6.545539599999927],[-77.95573086199988,-6.551450349999868],[-77.95268161199994,-6.555734348999977],[-77.95356186199984,-6.562383973999943],[-77.95342911199998,-6.568669599999964],[-77.94502261199995,-6.574881974999926]]]]},"properties":{"ubigeo":"010403","nombre":"COCABAMBA"}},{"type":"Feature","geometry":{"type":"MultiPolygon","coordinates":[[[[-77.94086136199996,-6.27383597499994],[-77.94131636199995,-6.278546849999884],[-77.94031048699998,-6.280966848999924],[-77.94127536199994,-6.283496099999866],[-77.93792186199994,-6.284109349999881],[-77.93610936199997,-6.285505848999946],[-77.93634961199996,-6.288113224999961],[-77.93476948699998,-6.290773348999892],[-77.93526761199996,-6.292441348999944],[-77.93401761199993,-6.295408223999971],[-77.93456248699988,-6.304074224999965],[-77.93553711199996,-6.306552723999971],[-77.93747461199996,-6.307109349999905],[-77.93609373699996,-6.311351598999977],[-77.93631636199996,-6.31636522499997],[-77.93457811199994,-6.319199223999874],[-77.93137111199997,-6.320599599999923],[-77.93238861199995,-6.321962848999931],[-77.93982223699999,-6.323521473999904],[-77.94632036199994,-6.327357599999971],[-77.95658598699993,-6.327833974999976],[-77.96465623699993,-6.329501973999925],[-77.97401986199992,-6.329330848999973],[-77.97641961199997,-6.331036974999961],[-77.97678686199998,-6.335097848999851],[-77.97830636199996,-6.339080224999918],[-77.9819263629999,-6.341379473999893],[-77.98755661199988,-6.348730223999894],[-77.9902921119999,-6.354042724999886],[-77.99204723699995,-6.35417984999998],[-77.99915211199988,-6.349171598999931],[-78.0066191119999,-6.350466474999962],[-78.0176467369999,-6.34731572499993],[-78.02092686199995,-6.350574348999885],[-78.02276348699996,-6.35522734999995],[-78.02558823699991,-6.35836484999993],[-78.0296779869999,-6.365642849999915],[-78.03103911199997,-6.367160099999978],[-78.03449186199987,-6.373695098999974],[-78.03716148699993,-6.377458599999954],[-78.04229036199996,-6.381596099999967],[-78.04231573699991,-6.368296223999891],[-78.04528911299997,-6.360285099999942],[-78.04646486199994,-6.358804723999981],[-78.04630073799996,-6.355447224999921],[-78.04830661299991,-6.352353473999926],[-78.04765448699993,-6.345501224999964],[-78.05252398699997,-6.337273224999876],[-78.05514386199997,-6.334932349999917],[-78.05574211199996,-6.329831348999903],[-78.05525373699999,-6.326641974999916],[-78.05570073699994,-6.321834599999875],[-78.06026936299992,-6.313142974999948],[-78.07147936199993,-6.311168349999946],[-78.07347073699992,-6.303253099999949],[-78.07568311199992,-6.301442974999929],[-78.07525211199999,-6.297477723999918],[-78.07686111199996,-6.292880349999962],[-78.08092798699994,-6.288220348999971],[-78.08043836199994,-6.282036724999898],[-78.08091286199993,-6.280540599999938],[-78.08804948699992,-6.271258598999964],[-78.08801361199988,-6.26704497399993],[-78.08549073699999,-6.269021724999959],[-78.08215873699999,-6.273061598999902],[-78.07929448799996,-6.274751974999958],[-78.07281836199996,-6.276142599999901],[-78.07147386199989,-6.273244099999886],[-78.06583561299993,-6.263950348999913],[-78.06403673799997,-6.261990848999972],[-78.05770848699996,-6.257397224999863],[-78.05620311199993,-6.256808599999943],[-78.04172998699994,-6.265217848999896],[-78.03750698799996,-6.270318724999981],[-78.03245998799997,-6.270696099999952],[-78.02876598699993,-6.270310598999913],[-78.02613386199994,-6.271724099999972],[-78.0259071129999,-6.278148598999962],[-78.0250771119999,-6.280634849999899],[-78.02622836199993,-6.28646834999995],[-78.02321298699997,-6.292481099999975],[-78.01875536199998,-6.294834598999898],[-78.01794073799988,-6.297100974999921],[-78.01965923699998,-6.304763473999969],[-78.01861223699996,-6.305382099999974],[-78.00981461199996,-6.301038974999926],[-78.0010072369999,-6.299390098999879],[-77.99630786299991,-6.297159348999969],[-77.99416636199993,-6.294750098999941],[-77.99377961199991,-6.292400474999965],[-77.99371948699991,-6.283545724999954],[-77.98994923699996,-6.282171849999884],[-77.98733798699999,-6.279874973999938],[-77.98153511199996,-6.276767598999925],[-77.97515423699991,-6.274802724999972],[-77.96855661199999,-6.278048849999891],[-77.95797661299997,-6.276330098999892],[-77.95526173699989,-6.275251974999946],[-77.94649611199998,-6.275744098999894],[-77.94086136199996,-6.27383597499994]]]]},"properties":{"ubigeo":"010404","nombre":"COLCAMAR"}},{"type":"Feature","geometry":{"type":"MultiPolygon","coordinates":[[[[-78.08260948699996,-6.171888723999928],[-78.08523086299988,-6.176140474999954],[-78.0922527379999,-6.182781348999924],[-78.09673398699988,-6.188588974999959],[-78.09729348699989,-6.191079973999933],[-78.10137561199997,-6.198542848999921],[-78.1059584869999,-6.202697348999948],[-78.10708598699995,-6.202951223999889],[-78.11750011199996,-6.201676348999854],[-78.12059598799988,-6.201792099999921],[-78.12714273699999,-6.203656474999889],[-78.12968923799997,-6.20518922499997],[-78.13507898699999,-6.209787849999884],[-78.13732886199989,-6.214312349999886],[-78.13987523799989,-6.216883598999914],[-78.14402898699996,-6.215301224999905],[-78.14643161299995,-6.212142598999947],[-78.1517402369999,-6.207681598999955],[-78.15296873699992,-6.204236348999927],[-78.15737661199995,-6.200946099999896],[-78.16905861199996,-6.197144849999972],[-78.17330861299996,-6.191134723999937],[-78.1774213629999,-6.189709224999831],[-78.1853391119999,-6.192342349999933],[-78.19008598699997,-6.189968723999868],[-78.19487011299998,-6.188318473999971],[-78.19881961199997,-6.182477473999938],[-78.2016752369999,-6.179881598999884],[-78.20821711199994,-6.178514849999885],[-78.21155848699993,-6.179028598999935],[-78.21350548699996,-6.181550348999963],[-78.21326448699995,-6.185629848999895],[-78.21959186199996,-6.189029223999967],[-78.22287486199991,-6.188376848999894],[-78.22571898699988,-6.18635484899994],[-78.23001323799991,-6.182152223999935],[-78.23058436299993,-6.176555723999968],[-78.23064148699996,-6.169017724999946],[-78.2353684869999,-6.165654723999978],[-78.23645648799993,-6.164025348999871],[-78.24088911299998,-6.160501598999929],[-78.24444173699993,-6.158772348999833],[-78.2514854879999,-6.148173473999975],[-78.25223498699995,-6.146253348999949],[-78.26017873699993,-6.142324974999838],[-78.26261198699984,-6.137867973999903],[-78.26573248699992,-6.136509723999893],[-78.26892411199992,-6.136518723999927],[-78.27304386199995,-6.135217849999947],[-78.27622798799996,-6.132887598999957],[-78.27669961299989,-6.131050098999879],[-78.2756263629999,-6.119358974999955],[-78.27754511199987,-6.110789723999972],[-78.28033398799994,-6.107742224999981],[-78.28338261199997,-6.10682222399987],[-78.28471586299997,-6.103846598999951],[-78.28643948699994,-6.102789723999933],[-78.29250461299995,-6.100838473999943],[-78.29468348699993,-6.097017224999945],[-78.29918761199991,-6.094448098999919],[-78.30130148799992,-6.088155348999919],[-78.30483236199996,-6.085104099999967],[-78.30058698799996,-6.083229474999939],[-78.29980548699996,-6.081765098999938],[-78.30034261299994,-6.07789747399994],[-78.29382936299993,-6.072450473999879],[-78.29140236199999,-6.06514559999988],[-78.28973848699997,-6.063193599999863],[-78.28438286199986,-6.064241349999975],[-78.2778407369999,-6.063599973999885],[-78.27024586299996,-6.063849723999965],[-78.26539136299994,-6.062991348999901],[-78.25597861299997,-6.058995348999929],[-78.2515681129999,-6.057870473999969],[-78.24908248699995,-6.058035099999927],[-78.24182486199993,-6.059992348999913],[-78.23499811199997,-6.059474473999956],[-78.22853748699993,-6.060028723999835],[-78.22371748699999,-6.061550849999833],[-78.2140454879999,-6.055285973999901],[-78.20684223699988,-6.039015223999968],[-78.20279523699998,-6.035284098999966],[-78.19743536299995,-6.031333973999892],[-78.19415423699996,-6.03064609899991],[-78.19055561199997,-6.027894098999923],[-78.18256448799991,-6.025459724999962],[-78.17933623699997,-6.024877598999922],[-78.16433223799993,-6.01726672399991],[-78.16361086199993,-6.020263224999951],[-78.16716223799989,-6.026145348999933],[-78.16771723699998,-6.029086348999897],[-78.16988136299989,-6.034080599999868],[-78.17354386199997,-6.040906098999926],[-78.17726173699992,-6.050173098999892],[-78.18086873799996,-6.053558098999929],[-78.18375423799995,-6.058940848999953],[-78.18403173699988,-6.063047223999831],[-78.17975886199997,-6.067264473999955],[-78.17493111199991,-6.074367473999871],[-78.17338998799994,-6.07789997499998],[-78.17254498699992,-6.082358223999961],[-78.17253998799987,-6.086059974999898],[-78.16924223799992,-6.087527348999913],[-78.16388473799998,-6.096035223999877],[-78.16020898699992,-6.097810598999956],[-78.15570311199997,-6.103552723999883],[-78.15415048699992,-6.107763723999881],[-78.15407423699992,-6.111035098999935],[-78.15056448699988,-6.115017599999931],[-78.1467089869999,-6.117806598999948],[-78.1422402369999,-6.119968724999978],[-78.13871098699991,-6.120923848999951],[-78.13402148699998,-6.124535098999957],[-78.12897661199997,-6.125464849999958],[-78.12373836199993,-6.123777348999965],[-78.11944923699997,-6.126449224999874],[-78.11192773799996,-6.13021872499985],[-78.103619112,-6.129662098999972],[-78.09955073799995,-6.128619099999923],[-78.09217386199998,-6.133087848999935],[-78.08970986299994,-6.140642474999879],[-78.08866986199996,-6.14932422399994],[-78.08564648699996,-6.158109348999972],[-78.08483786199997,-6.164113223999948],[-78.08301173699994,-6.166919973999939],[-78.08260948699996,-6.171888723999928]]]]},"properties":{"ubigeo":"010405","nombre":"CONILA"}},{"type":"Feature","geometry":{"type":"MultiPolygon","coordinates":[[[[-77.92088086199993,-6.241927723999936],[-77.92243548699997,-6.245394474999898],[-77.92579686199991,-6.248351599999978],[-77.92898636299992,-6.249240224999937],[-77.93159961199996,-6.248863224999923],[-77.93420511199997,-6.250345724999931],[-77.93690423699996,-6.254490223999937],[-77.93818548699988,-6.258501973999955],[-77.94000786199996,-6.261201224999922],[-77.94201173699997,-6.268826223999952],[-77.94086136199996,-6.27383597499994],[-77.94649611199998,-6.275744098999894],[-77.95526173699989,-6.275251974999946],[-77.95797661299997,-6.276330098999892],[-77.96855661199999,-6.278048849999891],[-77.97515423699991,-6.274802724999972],[-77.98153511199996,-6.276767598999925],[-77.98733798699999,-6.279874973999938],[-77.98994923699996,-6.282171849999884],[-77.99371948699991,-6.283545724999954],[-77.99377961199991,-6.292400474999965],[-77.99416636199993,-6.294750098999941],[-77.99630786299991,-6.297159348999969],[-78.0010072369999,-6.299390098999879],[-78.00981461199996,-6.301038974999926],[-78.01861223699996,-6.305382099999974],[-78.01965923699998,-6.304763473999969],[-78.01794073799988,-6.297100974999921],[-78.01875536199998,-6.294834598999898],[-78.02321298699997,-6.292481099999975],[-78.02622836199993,-6.28646834999995],[-78.0250771119999,-6.280634849999899],[-78.0259071129999,-6.278148598999962],[-78.02613386199994,-6.271724099999972],[-78.02876598699993,-6.270310598999913],[-78.03245998799997,-6.270696099999952],[-78.03750698799996,-6.270318724999981],[-78.04172998699994,-6.265217848999896],[-78.05620311199993,-6.256808599999943],[-78.05770848699996,-6.257397224999863],[-78.06403673799997,-6.261990848999972],[-78.06583561299993,-6.263950348999913],[-78.07147386199989,-6.273244099999886],[-78.07281836199996,-6.276142599999901],[-78.07929448799996,-6.274751974999958],[-78.08215873699999,-6.273061598999902],[-78.08549073699999,-6.269021724999959],[-78.08801361199988,-6.26704497399993],[-78.08789811199995,-6.259520099999918],[-78.08954423699998,-6.254366098999981],[-78.10153748799996,-6.252896349999958],[-78.10413661199988,-6.250576099999932],[-78.10706761199992,-6.250136349999934],[-78.11334336199997,-6.252366974999859],[-78.11607973699995,-6.250433724999937],[-78.1224091119999,-6.25011797499991],[-78.1275201119999,-6.251613349999957],[-78.13227036199993,-6.254061724999929],[-78.13599536199996,-6.253347098999939],[-78.13920311299995,-6.253591848999974],[-78.13996161199992,-6.247359348999964],[-78.13890036199996,-6.24230659899996],[-78.13480261299992,-6.241337849999979],[-78.13283598699985,-6.239576223999961],[-78.12966411199994,-6.238585973999932],[-78.12448823699998,-6.230027349999943],[-78.12171286199992,-6.227763723999942],[-78.11480236199998,-6.226421724999966],[-78.11211898699997,-6.223869973999854],[-78.10247673699996,-6.225160599999981],[-78.10060311199999,-6.224438723999924],[-78.09853561199998,-6.22055434899994],[-78.09050023699996,-6.219521974999964],[-78.0860191129999,-6.218341473999942],[-78.07416586199997,-6.207813224999938],[-78.07158173699997,-6.206409348999955],[-78.06725148799995,-6.206319474999873],[-78.06383036199998,-6.207451848999881],[-78.06210936299993,-6.20924572499996],[-78.06128486199992,-6.214271223999958],[-78.05918161199997,-6.214720724999836],[-78.05223048799996,-6.211970724999958],[-78.04891723799989,-6.211992348999956],[-78.04359311199988,-6.209885099999951],[-78.03896736199988,-6.21010197399994],[-78.03667386199993,-6.211970724999958],[-78.0357986119999,-6.214294223999957],[-78.03576311199998,-6.218413724999948],[-78.03297648699998,-6.223207848999948],[-78.03157111299998,-6.223304474999964],[-78.02624686199988,-6.220967473999963],[-78.02379698799996,-6.217388224999922],[-78.01470336199998,-6.211943349999956],[-78.01038448699995,-6.208983098999909],[-78.00511523699998,-6.203786973999968],[-78.00386861199996,-6.204672723999977],[-77.99735061199988,-6.206814723999912],[-77.99598436299988,-6.20952347399998],[-77.99634936299998,-6.214553348999914],[-77.99783048699999,-6.21834534899989],[-77.99647048699995,-6.219532848999904],[-77.99536173699988,-6.223203723999973],[-77.99599373699988,-6.226363724999942],[-77.98906148699996,-6.237739599999884],[-77.98803511199998,-6.238200599999857],[-77.98293911199994,-6.237107598999899],[-77.97596098699995,-6.238159599999904],[-77.96985836199997,-6.238091723999901],[-77.96454686199996,-6.237087848999977],[-77.96133398699993,-6.239331973999924],[-77.95804686199995,-6.23791209999996],[-77.95498786199988,-6.238372973999901],[-77.94864736199997,-6.240909598999906],[-77.94723398699995,-6.240877474999934],[-77.94386011199992,-6.237303848999886],[-77.93946161199989,-6.236670223999965],[-77.93526261199992,-6.23746422499994],[-77.92365786199997,-6.242098473999931],[-77.92088086199993,-6.241927723999936]]]]},"properties":{"ubigeo":"010406","nombre":"INGUILPATA"}},{"type":"Feature","geometry":{"type":"MultiPolygon","coordinates":[[[[-77.95633798699993,-6.420328099999949],[-77.9575292369999,-6.421664098999941],[-77.96370111199997,-6.424644473999876],[-77.96650386199997,-6.427494224999919],[-77.97333011199999,-6.431851599999959],[-77.97616011199995,-6.434494099999938],[-77.98024798699993,-6.435742224999899],[-77.98539061199989,-6.440335974999925],[-77.98798636299995,-6.441333973999917],[-77.99507173699999,-6.442098349999924],[-77.99980098699996,-6.441830724999875],[-78.00274748799995,-6.444366099999968],[-78.0064537369999,-6.4463502239999],[-78.01156123699997,-6.447868098999834],[-78.01581998699993,-6.450949224999931],[-78.01948348699983,-6.454965223999977],[-78.02171673699996,-6.455734474999929],[-78.02461998699994,-6.454171223999879],[-78.02479361199988,-6.44910909999993],[-78.02360261199993,-6.445957724999971],[-78.02340411199992,-6.44270709999995],[-78.02593511199996,-6.440275348999876],[-78.02814348699997,-6.433699599999898],[-78.03020323699985,-6.429778974999977],[-78.03092273699997,-6.426627599999904],[-78.03474411199994,-6.416900473999931],[-78.03836536199998,-6.409713349999947],[-78.04064011199989,-6.407619224999962],[-78.04241311199996,-6.401703598999973],[-78.04115023699995,-6.397750973999962],[-78.04100973699997,-6.393523348999906],[-78.04216498699998,-6.386854974999892],[-78.04229036199996,-6.381596099999967],[-78.03716148699993,-6.377458599999954],[-78.03449186199987,-6.373695098999974],[-78.03103911199997,-6.367160099999978],[-78.0296779869999,-6.365642849999915],[-78.02558823699991,-6.35836484999993],[-78.02276348699996,-6.35522734999995],[-78.02092686199995,-6.350574348999885],[-78.01835148699996,-6.355332223999937],[-78.01577186199995,-6.358092849999878],[-78.01434673699998,-6.363476724999941],[-78.00979886199991,-6.368492223999965],[-78.00353711299988,-6.370837849999873],[-78.00243361199989,-6.373734349999893],[-77.9994003619999,-6.375269474999925],[-77.9960566119999,-6.379230349999887],[-77.9954413619999,-6.381956849999881],[-77.99224223699997,-6.383445349999874],[-77.9899141119999,-6.390029349999907],[-77.98768161299995,-6.390890599999921],[-77.98457811199984,-6.390089848999935],[-77.97893161199983,-6.392964849999885],[-77.97621286199995,-6.397539098999971],[-77.97134761199999,-6.399919974999875],[-77.96899798699991,-6.399144474999957],[-77.96541598699991,-6.402792973999851],[-77.96179686199997,-6.403624974999957],[-77.95604886199999,-6.405964848999929],[-77.94885936199995,-6.40439847399989],[-77.94638611199997,-6.406165099999953],[-77.9477909869999,-6.407917974999975],[-77.95251561199996,-6.410031224999955],[-77.95455273799996,-6.413828099999932],[-77.95557036199995,-6.419417973999884],[-77.95633798699993,-6.420328099999949]]]]},"properties":{"ubigeo":"010407","nombre":"LONGUITA"}},{"type":"Feature","geometry":{"type":"MultiPolygon","coordinates":[[[[-78.06326361199996,-6.180562473999942],[-78.06018948699989,-6.18723609999995],[-78.05162498699991,-6.192292599999973],[-78.0480469869999,-6.195402348999949],[-78.03823636299995,-6.195298849999915],[-78.03522073699997,-6.196052724999959],[-78.03239648799996,-6.19279097499998],[-78.02546486199992,-6.186855474999959],[-78.01800198699982,-6.183126974999936],[-78.0144413619999,-6.178826223999977],[-78.01019336199988,-6.179341849999901],[-78.00479886199992,-6.182476599999916],[-77.99794336199989,-6.183925723999948],[-77.9957538619999,-6.186572223999974],[-77.98871673699995,-6.187748098999919],[-77.98551948699992,-6.189156223999817],[-77.97835161199998,-6.188902348999932],[-77.97655861199996,-6.187613223999961],[-77.97426761199995,-6.187902348999899],[-77.97197086299997,-6.186130848999937],[-77.97089036199998,-6.18859109899995],[-77.96682986199994,-6.191005973999893],[-77.96368773699993,-6.193878348999817],[-77.95862086199992,-6.19658322399988],[-77.95572986199988,-6.201720848999969],[-77.95217361199991,-6.210502099999928],[-77.95021711199996,-6.213126099999954],[-77.94621673699999,-6.2147109739999],[-77.94400786199998,-6.213611349999951],[-77.93709748699996,-6.212475724999877],[-77.93379011199994,-6.215402474999905],[-77.93287486199989,-6.219544973999916],[-77.93288861199994,-6.223443349999968],[-77.92982823699998,-6.228763724999908],[-77.92366011199994,-6.228748099999962],[-77.91911523699997,-6.231158223999898],[-77.91685936199991,-6.230996098999981],[-77.91659948699998,-6.233787099999972],[-77.91794923699996,-6.236601598999869],[-77.92076173699996,-6.23756647499988],[-77.92088086199993,-6.241927723999936],[-77.92365786199997,-6.242098473999931],[-77.93526261199992,-6.23746422499994],[-77.93946161199989,-6.236670223999965],[-77.94386011199992,-6.237303848999886],[-77.94723398699995,-6.240877474999934],[-77.94864736199997,-6.240909598999906],[-77.95498786199988,-6.238372973999901],[-77.95804686199995,-6.23791209999996],[-77.96133398699993,-6.239331973999924],[-77.96454686199996,-6.237087848999977],[-77.96985836199997,-6.238091723999901],[-77.97596098699995,-6.238159599999904],[-77.98293911199994,-6.237107598999899],[-77.98803511199998,-6.238200599999857],[-77.98906148699996,-6.237739599999884],[-77.99599373699988,-6.226363724999942],[-77.99536173699988,-6.223203723999973],[-77.99647048699995,-6.219532848999904],[-77.99783048699999,-6.21834534899989],[-77.99634936299998,-6.214553348999914],[-77.99598436299988,-6.20952347399998],[-77.99735061199988,-6.206814723999912],[-78.00386861199996,-6.204672723999977],[-78.00511523699998,-6.203786973999968],[-78.01038448699995,-6.208983098999909],[-78.01470336199998,-6.211943349999956],[-78.02379698799996,-6.217388224999922],[-78.02624686199988,-6.220967473999963],[-78.03157111299998,-6.223304474999964],[-78.03297648699998,-6.223207848999948],[-78.03576311199998,-6.218413724999948],[-78.0357986119999,-6.214294223999957],[-78.03667386199993,-6.211970724999958],[-78.03896736199988,-6.21010197399994],[-78.04359311199988,-6.209885099999951],[-78.04891723799989,-6.211992348999956],[-78.05223048799996,-6.211970724999958],[-78.05918161199997,-6.214720724999836],[-78.06128486199992,-6.214271223999958],[-78.06210936299993,-6.20924572499996],[-78.06383036199998,-6.207451848999881],[-78.06725148799995,-6.206319474999873],[-78.07158173699997,-6.206409348999955],[-78.07416586199997,-6.207813224999938],[-78.0860191129999,-6.218341473999942],[-78.09050023699996,-6.219521974999964],[-78.09853561199998,-6.22055434899994],[-78.10453361199995,-6.212290348999829],[-78.10600948699994,-6.204632973999878],[-78.10708598699995,-6.202951223999889],[-78.1059584869999,-6.202697348999948],[-78.10137561199997,-6.198542848999921],[-78.09729348699989,-6.191079973999933],[-78.09673398699988,-6.188588974999959],[-78.0922527379999,-6.182781348999924],[-78.08523086299988,-6.176140474999954],[-78.08260948699996,-6.171888723999928],[-78.07979886299995,-6.173292973999935],[-78.07759173699992,-6.173165973999971],[-78.07417973699995,-6.175255848999882],[-78.06791198699989,-6.176406223999948],[-78.06326361199996,-6.180562473999942]]]]},"properties":{"ubigeo":"010408","nombre":"LONYA CHICO"}},{"type":"Feature","geometry":{"type":"MultiPolygon","coordinates":[[[[-78.02356098699994,-6.112402349999911],[-78.01353911199993,-6.121623099999965],[-78.01234961199992,-6.126843723999912],[-78.00729298799996,-6.133953098999939],[-78.0060898619999,-6.137863224999876],[-78.00437886299989,-6.14006059899998],[-78.00363198699995,-6.145740724999939],[-78.00354248699989,-6.152420849999942],[-78.00426023799997,-6.157961599999965],[-78.00351786199997,-6.159503474999951],[-77.99723861199993,-6.164691599999912],[-77.99283873699994,-6.169440098999814],[-77.98775623699999,-6.170981974999847],[-77.97936148699995,-6.171210473999906],[-77.96948198699982,-6.170810723999978],[-77.96605661199999,-6.169050723999931],[-77.96350423799993,-6.16269047399993],[-77.96011011199994,-6.158319848999952],[-77.9511054869999,-6.144792973999927],[-77.94957386199991,-6.144087974999934],[-77.94142323699992,-6.143067723999934],[-77.93677536199993,-6.144238223999935],[-77.9342757369999,-6.147649223999906],[-77.93364898699997,-6.152803849999884],[-77.93245736199998,-6.15694472399997],[-77.92937361299994,-6.159742974999915],[-77.92240648699999,-6.16019984999997],[-77.9176137369999,-6.160974473999943],[-77.91057223699994,-6.160154348999981],[-77.90576761199992,-6.157105473999934],[-77.90410936199999,-6.160857473999954],[-77.90308598699994,-6.166296849999981],[-77.90345698699997,-6.169113223999943],[-77.90516986199998,-6.171160098999906],[-77.90804486199988,-6.172390598999868],[-77.90912698699998,-6.174335848999874],[-77.90879298699997,-6.177640598999915],[-77.91025786199992,-6.181691348999891],[-77.90632423699998,-6.187570349999874],[-77.90549998699998,-6.190763724999954],[-77.9064863619999,-6.194265599999881],[-77.90203123699996,-6.199347598999907],[-77.90168948699994,-6.203509724999947],[-77.9028398619999,-6.20456447499987],[-77.90282423699995,-6.208074224999962],[-77.90590623699995,-6.210167973999887],[-77.90743748699998,-6.215533224999888],[-77.90905473699996,-6.215996099999927],[-77.91061136199988,-6.219828099999916],[-77.9139941119999,-6.221310598999935],[-77.91545698699997,-6.223347598999965],[-77.91539261199989,-6.225708973999929],[-77.91685936199991,-6.230996098999981],[-77.91911523699997,-6.231158223999898],[-77.92366011199994,-6.228748099999962],[-77.92982823699998,-6.228763724999908],[-77.93288861199994,-6.223443349999968],[-77.93287486199989,-6.219544973999916],[-77.93379011199994,-6.215402474999905],[-77.93709748699996,-6.212475724999877],[-77.94400786199998,-6.213611349999951],[-77.94621673699999,-6.2147109739999],[-77.95021711199996,-6.213126099999954],[-77.95217361199991,-6.210502099999928],[-77.95572986199988,-6.201720848999969],[-77.95862086199992,-6.19658322399988],[-77.96368773699993,-6.193878348999817],[-77.96682986199994,-6.191005973999893],[-77.97089036199998,-6.18859109899995],[-77.97197086299997,-6.186130848999937],[-77.97426761199995,-6.187902348999899],[-77.97655861199996,-6.187613223999961],[-77.97835161199998,-6.188902348999932],[-77.98551948699992,-6.189156223999817],[-77.98871673699995,-6.187748098999919],[-77.9957538619999,-6.186572223999974],[-77.99794336199989,-6.183925723999948],[-78.00479886199992,-6.182476599999916],[-78.01019336199988,-6.179341849999901],[-78.0144413619999,-6.178826223999977],[-78.01800198699982,-6.183126974999936],[-78.02546486199992,-6.186855474999959],[-78.03239648799996,-6.19279097499998],[-78.03522073699997,-6.196052724999959],[-78.03823636299995,-6.195298849999915],[-78.0480469869999,-6.195402348999949],[-78.05162498699991,-6.192292599999973],[-78.06018948699989,-6.18723609999995],[-78.06326361199996,-6.180562473999942],[-78.06116548699998,-6.174335848999874],[-78.06049923699993,-6.169005973999958],[-78.05827148799989,-6.160156224999923],[-78.05381298699996,-6.154062973999885],[-78.05205136199993,-6.152376849999939],[-78.05080261199993,-6.147113848999936],[-78.04829486299991,-6.143580098999962],[-78.04131711199989,-6.137714099999869],[-78.03998636199998,-6.135096473999909],[-78.04159798699993,-6.129558723999935],[-78.04216736199999,-6.125525723999942],[-78.04159798699993,-6.116985474999979],[-78.03614161199994,-6.114518348999923],[-78.03552923799998,-6.112525473999881],[-78.0384663619999,-6.109488848999888],[-78.04098436199996,-6.10124022399998],[-78.03716411199997,-6.102968724999926],[-78.03297461199992,-6.107349598999974],[-78.02853711199992,-6.109263723999902],[-78.02567386199996,-6.108994098999972],[-78.02356098699994,-6.112402349999911]]]]},"properties":{"ubigeo":"010409","nombre":"LUYA"}},{"type":"Feature","geometry":{"type":"MultiPolygon","coordinates":[[[[-78.05205136199993,-6.152376849999939],[-78.05381298699996,-6.154062973999885],[-78.05827148799989,-6.160156224999923],[-78.06049923699993,-6.169005973999958],[-78.06116548699998,-6.174335848999874],[-78.06326361199996,-6.180562473999942],[-78.06791198699989,-6.176406223999948],[-78.07417973699995,-6.175255848999882],[-78.07759173699992,-6.173165973999971],[-78.07979886299995,-6.173292973999935],[-78.08260948699996,-6.171888723999928],[-78.08301173699994,-6.166919973999939],[-78.08483786199997,-6.164113223999948],[-78.08564648699996,-6.158109348999972],[-78.08866986199996,-6.14932422399994],[-78.08970986299994,-6.140642474999879],[-78.09217386199998,-6.133087848999935],[-78.09955073799995,-6.128619099999923],[-78.103619112,-6.129662098999972],[-78.11192773799996,-6.13021872499985],[-78.11944923699997,-6.126449224999874],[-78.12373836199993,-6.123777348999965],[-78.12897661199997,-6.125464849999958],[-78.13402148699998,-6.124535098999957],[-78.13871098699991,-6.120923848999951],[-78.1422402369999,-6.119968724999978],[-78.1467089869999,-6.117806598999948],[-78.15056448699988,-6.115017599999931],[-78.15407423699992,-6.111035098999935],[-78.15415048699992,-6.107763723999881],[-78.15570311199997,-6.103552723999883],[-78.16020898699992,-6.097810598999956],[-78.16388473799998,-6.096035223999877],[-78.16924223799992,-6.087527348999913],[-78.17253998799987,-6.086059974999898],[-78.17254498699992,-6.082358223999961],[-78.17338998799994,-6.07789997499998],[-78.17493111199991,-6.074367473999871],[-78.17975886199997,-6.067264473999955],[-78.18403173699988,-6.063047223999831],[-78.18375423799995,-6.058940848999953],[-78.18086873799996,-6.053558098999929],[-78.17726173699992,-6.050173098999892],[-78.17354386199997,-6.040906098999926],[-78.17248948699995,-6.041571973999851],[-78.1672732369999,-6.041516473999877],[-78.16416573699985,-6.043236723999939],[-78.16272298699994,-6.045067973999892],[-78.15906048699992,-6.053780098999937],[-78.15434373699992,-6.06132697399994],[-78.15500961199996,-6.07603222399996],[-78.15072998699998,-6.084079974999952],[-78.14695998699989,-6.087429973999861],[-78.14322998799992,-6.08668997399991],[-78.13844398699996,-6.087664348999965],[-78.13298573699996,-6.093861598999979],[-78.1305301129999,-6.095232099999976],[-78.12681811199991,-6.095460599999967],[-78.12322036199998,-6.093804473999967],[-78.12173561199995,-6.097916224999835],[-78.11962273699993,-6.099286723999967],[-78.11435161299988,-6.099456849999854],[-78.10878086299994,-6.104110848999881],[-78.10261323699996,-6.104448224999942],[-78.10073411199983,-6.103436349999981],[-78.09220548699989,-6.103171348999979],[-78.08076173699993,-6.110567599999968],[-78.07929461199996,-6.113815598999963],[-78.07737711199991,-6.120560349999892],[-78.07528486299992,-6.123722849999979],[-78.06963873699993,-6.128230224999811],[-78.06324686199997,-6.129166723999958],[-78.05972248799998,-6.130412723999825],[-78.06086936199989,-6.133580098999971],[-78.06103036199994,-6.137839848999818],[-78.05944036199998,-6.140586348999932],[-78.06100623699996,-6.146127473999968],[-78.06047623699999,-6.147693473999936],[-78.05595723699992,-6.151005098999917],[-78.05205136199993,-6.152376849999939]]]]},"properties":{"ubigeo":"010410","nombre":"LUYA VIEJO"}},{"type":"Feature","geometry":{"type":"MultiPolygon","coordinates":[[[[-77.94556848699989,-6.460089849999974],[-77.94222511299995,-6.463986974999898],[-77.94108611199994,-6.468494474999943],[-77.93902448699998,-6.471178349999946],[-77.94035223699996,-6.476331848999905],[-77.94928848699993,-6.483071849999931],[-77.95159323699994,-6.486412599999937],[-77.95118536199993,-6.487496724999914],[-77.94360611199988,-6.490395224999929],[-77.93768986199996,-6.487630724999974],[-77.93341898699998,-6.487206848999904],[-77.92811523699999,-6.488857973999927],[-77.92215398699994,-6.488887099999943],[-77.91924611199994,-6.492498974999933],[-77.91840423699995,-6.497970973999941],[-77.91633011199991,-6.504384724999966],[-77.91739961199994,-6.507617098999958],[-77.92013173799995,-6.511670723999885],[-77.92096748699993,-6.51402934999993],[-77.92147311199994,-6.519859098999916],[-77.91983723699991,-6.525242599999899],[-77.91942086199992,-6.528811723999979],[-77.91721986199991,-6.534343974999956],[-77.92266173699994,-6.539070348999871],[-77.92366111299987,-6.544186223999873],[-77.92654448699994,-6.546324849999962],[-77.92853536199993,-6.549591349999957],[-77.93454136199995,-6.553408724999883],[-77.93639448699997,-6.55789647499995],[-77.93972411199996,-6.562209598999971],[-77.93999873699994,-6.565640974999951],[-77.94157423799999,-6.569808599999874],[-77.94471673699996,-6.573091223999882],[-77.94502261199995,-6.574881974999926],[-77.95342911199998,-6.568669599999964],[-77.95356186199984,-6.562383973999943],[-77.95268161199994,-6.555734348999977],[-77.95573086199988,-6.551450349999868],[-77.95900973699992,-6.545539599999927],[-77.96382623699992,-6.544320973999902],[-77.96629561199995,-6.543026224999892],[-77.96876511199991,-6.540074849999939],[-77.97394486199994,-6.535467349999919],[-77.9808713619999,-6.531431849999876],[-77.98267823699996,-6.528239723999945],[-77.98660223699989,-6.524639599999944],[-77.99526636199994,-6.521313223999869],[-77.99845898699994,-6.519060598999943],[-77.99906398699989,-6.51525984999995],[-77.99692248699989,-6.50631597499995],[-77.99511573799998,-6.503394723999918],[-77.99461323699995,-6.495187474999966],[-77.99335536199999,-6.492729599999905],[-77.99095511199988,-6.491317723999941],[-77.99526536199994,-6.487394224999946],[-77.99476748699993,-6.483622223999873],[-77.99643348699993,-6.478878098999928],[-77.99827786199995,-6.465931598999873],[-78.0020558619999,-6.461173099999883],[-78.00330073699996,-6.457230723999942],[-78.00081086199992,-6.450729224999975],[-78.00094923699999,-6.447547724999879],[-78.00274748799995,-6.444366099999968],[-77.99980098699996,-6.441830724999875],[-77.99507173699999,-6.442098349999924],[-77.98798636299995,-6.441333973999917],[-77.98539061199989,-6.440335974999925],[-77.98024798699993,-6.435742224999899],[-77.97616011199995,-6.434494099999938],[-77.97333011199999,-6.431851599999959],[-77.96650386199997,-6.427494224999919],[-77.96370111199997,-6.424644473999876],[-77.9575292369999,-6.421664098999941],[-77.95633798699993,-6.420328099999949],[-77.95516011199999,-6.424296849999962],[-77.95445698799983,-6.430068348999953],[-77.95512036199983,-6.435646474999885],[-77.95702698699995,-6.439419973999918],[-77.95644473699997,-6.444001223999976],[-77.95330523699994,-6.44705009899991],[-77.94969898699998,-6.454078098999901],[-77.94890611199992,-6.457284349999895],[-77.94556848699989,-6.460089849999974]]]]},"properties":{"ubigeo":"010411","nombre":"MARIA"}},{"type":"Feature","geometry":{"type":"MultiPolygon","coordinates":[[[[-78.10708598699995,-6.202951223999889],[-78.10600948699994,-6.204632973999878],[-78.10453361199995,-6.212290348999829],[-78.09853561199998,-6.22055434899994],[-78.10060311199999,-6.224438723999924],[-78.10247673699996,-6.225160599999981],[-78.11211898699997,-6.223869973999854],[-78.11480236199998,-6.226421724999966],[-78.12171286199992,-6.227763723999942],[-78.12448823699998,-6.230027349999943],[-78.12966411199994,-6.238585973999932],[-78.13283598699985,-6.239576223999961],[-78.13480261299992,-6.241337849999979],[-78.13890036199996,-6.24230659899996],[-78.13996161199992,-6.247359348999964],[-78.13920311299995,-6.253591848999974],[-78.14558911299997,-6.258048848999977],[-78.14878711199998,-6.262274723999951],[-78.15589548799989,-6.263765599999829],[-78.16000586199993,-6.265802724999958],[-78.16612111199998,-6.270787099999893],[-78.17437698699996,-6.269757849999849],[-78.18009173699994,-6.269451224999955],[-78.18256248699993,-6.271654348999903],[-78.18699798699993,-6.270836098999951],[-78.19097461199988,-6.271312473999956],[-78.19732611199998,-6.269480474999966],[-78.19860548699995,-6.268089849999967],[-78.20206648799996,-6.267859349999981],[-78.20541798799997,-6.266742223999927],[-78.21141798699995,-6.266749973999936],[-78.21738086199991,-6.263751973999945],[-78.22029486299988,-6.262787098999979],[-78.22586523799998,-6.262613224999939],[-78.22814861199998,-6.263767599999881],[-78.23120311299994,-6.267396473999952],[-78.23429673699997,-6.266888724999944],[-78.23652148799982,-6.264962848999858],[-78.24362886199998,-6.262566348999883],[-78.25168748799985,-6.264376973999958],[-78.25391986299996,-6.263619099999971],[-78.25584173799984,-6.264576224999928],[-78.26140623799989,-6.265580099999966],[-78.26523048699994,-6.267509724999911],[-78.26991011199982,-6.267870973999948],[-78.27253911199989,-6.265234349999957],[-78.27588861199996,-6.264314473999946],[-78.28038473699996,-6.266320224999902],[-78.28897661199989,-6.266749973999936],[-78.29137498699998,-6.268652349999968],[-78.29297073699996,-6.271621099999891],[-78.29829686299996,-6.271437474999971],[-78.29974398799993,-6.269078099999888],[-78.30420311199993,-6.267886723999936],[-78.30673236199988,-6.264511723999931],[-78.30875786299987,-6.263839848999908],[-78.30558598699997,-6.261140598999873],[-78.30192973699997,-6.259037098999897],[-78.29856248799996,-6.254244099999937],[-78.29620698699995,-6.249710974999914],[-78.2948573619999,-6.248464849999948],[-78.29139848699998,-6.241785099999959],[-78.28774223799996,-6.236406223999893],[-78.28859573799991,-6.232396473999927],[-78.28939261199992,-6.220199224999874],[-78.2906953619999,-6.215333973999861],[-78.29288286299999,-6.210638723999864],[-78.29158398699997,-6.204941349999899],[-78.28873048699995,-6.202191349999907],[-78.28937698699997,-6.197361348999948],[-78.29147073799993,-6.193386724999925],[-78.28990998699993,-6.190751973999966],[-78.2861698619999,-6.188081973999942],[-78.28150586199985,-6.186431598999889],[-78.27733598799995,-6.177648474999955],[-78.27873636199985,-6.174081973999932],[-78.27177736199997,-6.171767599999896],[-78.26980473699996,-6.168443348999915],[-78.26843548699992,-6.163628848999849],[-78.26962298699993,-6.159025349999979],[-78.26925198699996,-6.155775349999942],[-78.26798636299998,-6.153458973999932],[-78.26521498699992,-6.144906223999953],[-78.26430073799986,-6.140300723999928],[-78.26573248699992,-6.136509723999893],[-78.26261198699984,-6.137867973999903],[-78.26017873699993,-6.142324974999838],[-78.25223498699995,-6.146253348999949],[-78.2514854879999,-6.148173473999975],[-78.24444173699993,-6.158772348999833],[-78.24088911299998,-6.160501598999929],[-78.23645648799993,-6.164025348999871],[-78.2353684869999,-6.165654723999978],[-78.23064148699996,-6.169017724999946],[-78.23058436299993,-6.176555723999968],[-78.23001323799991,-6.182152223999935],[-78.22571898699988,-6.18635484899994],[-78.22287486199991,-6.188376848999894],[-78.21959186199996,-6.189029223999967],[-78.21326448699995,-6.185629848999895],[-78.21350548699996,-6.181550348999963],[-78.21155848699993,-6.179028598999935],[-78.20821711199994,-6.178514849999885],[-78.2016752369999,-6.179881598999884],[-78.19881961199997,-6.182477473999938],[-78.19487011299998,-6.188318473999971],[-78.19008598699997,-6.189968723999868],[-78.1853391119999,-6.192342349999933],[-78.1774213629999,-6.189709224999831],[-78.17330861299996,-6.191134723999937],[-78.16905861199996,-6.197144849999972],[-78.15737661199995,-6.200946099999896],[-78.15296873699992,-6.204236348999927],[-78.1517402369999,-6.207681598999955],[-78.14643161299995,-6.212142598999947],[-78.14402898699996,-6.215301224999905],[-78.13987523799989,-6.216883598999914],[-78.13732886199989,-6.214312349999886],[-78.13507898699999,-6.209787849999884],[-78.12968923799997,-6.20518922499997],[-78.12714273699999,-6.203656474999889],[-78.12059598799988,-6.201792099999921],[-78.11750011199996,-6.201676348999854],[-78.10708598699995,-6.202951223999889]]]]},"properties":{"ubigeo":"010412","nombre":"OCALLI"}},{"type":"Feature","geometry":{"type":"MultiPolygon","coordinates":[[[[-78.08801361199988,-6.26704497399993],[-78.08804948699992,-6.271258598999964],[-78.08091286199993,-6.280540599999938],[-78.08043836199994,-6.282036724999898],[-78.08092798699994,-6.288220348999971],[-78.07686111199996,-6.292880349999962],[-78.07525211199999,-6.297477723999918],[-78.07568311199992,-6.301442974999929],[-78.07347073699992,-6.303253099999949],[-78.07147936199993,-6.311168349999946],[-78.06026936299992,-6.313142974999948],[-78.05570073699994,-6.321834599999875],[-78.05525373699999,-6.326641974999916],[-78.05574211199996,-6.329831348999903],[-78.05514386199997,-6.334932349999917],[-78.05252398699997,-6.337273224999876],[-78.04765448699993,-6.345501224999964],[-78.04830661299991,-6.352353473999926],[-78.04630073799996,-6.355447224999921],[-78.04646486199994,-6.358804723999981],[-78.04528911299997,-6.360285099999942],[-78.04231573699991,-6.368296223999891],[-78.04229036199996,-6.381596099999967],[-78.04425561199992,-6.378849973999877],[-78.04848673799995,-6.376410973999953],[-78.05460923699985,-6.37497634999994],[-78.05728536199996,-6.375150098999882],[-78.06843936299998,-6.380049974999963],[-78.07644136199997,-6.382089724999958],[-78.08173048699996,-6.385619099999872],[-78.08322661199998,-6.390406224999936],[-78.09038086299995,-6.396132848999969],[-78.09285548699995,-6.397263724999959],[-78.09616598699995,-6.397089849999929],[-78.10112111199987,-6.395445348999942],[-78.10685936199991,-6.398214848999942],[-78.10982223799994,-6.399005974999966],[-78.11642973699998,-6.403484349999928],[-78.1177148619999,-6.406201223999915],[-78.13000198699984,-6.41404684999992],[-78.13345898699998,-6.414935599999978],[-78.13578323799999,-6.416900348999945],[-78.13843548799997,-6.417386724999972],[-78.14326761299992,-6.419574224999849],[-78.14664648799999,-6.420460974999855],[-78.14950586299994,-6.420005849999939],[-78.15333198699989,-6.420841849999931],[-78.15622261199997,-6.423080099999936],[-78.15806048699989,-6.426205098999958],[-78.16922073699993,-6.429544974999885],[-78.1768417379999,-6.432915974999901],[-78.17993548699991,-6.435540974999867],[-78.18323823699996,-6.436484349999944],[-78.18958986299998,-6.435554724999918],[-78.19174023699998,-6.437812474999873],[-78.19279473699993,-6.444103474999906],[-78.19536323799991,-6.446005849999949],[-78.19668161299995,-6.448603473999924],[-78.19982811199992,-6.450728474999892],[-78.2027948619999,-6.45071672399996],[-78.20482611199992,-6.452312474999928],[-78.20617973699996,-6.455224599999951],[-78.20432248799995,-6.458524224999906],[-78.20774036199992,-6.459189224999875],[-78.20998586299999,-6.458030224999902],[-78.21111398699998,-6.453683474999934],[-78.20987723699989,-6.450460474999943],[-78.21150711299993,-6.447418224999979],[-78.21806261199993,-6.446947474999945],[-78.21875073799993,-6.438544599999943],[-78.22187886299992,-6.429712724999888],[-78.22610311199998,-6.427063349999969],[-78.22878323699985,-6.423658849999924],[-78.23117773699988,-6.422165974999871],[-78.23459573699989,-6.418040973999894],[-78.23669536299991,-6.41344722499997],[-78.2412062379999,-6.410475349999899],[-78.24193061299991,-6.404209474999902],[-78.24510161299997,-6.400599599999907],[-78.2500073619999,-6.399682223999946],[-78.25149223799986,-6.396422473999962],[-78.25515098699998,-6.394783348999965],[-78.26137986199996,-6.394466723999869],[-78.26597973799994,-6.391714099999945],[-78.26828711199983,-6.391109348999919],[-78.27188336199993,-6.392728224999928],[-78.27188336199993,-6.397581474999924],[-78.27296986199985,-6.399102723999874],[-78.27590361199992,-6.399754599999881],[-78.28006886199995,-6.395806848999939],[-78.27995998699993,-6.39298172499997],[-78.27793186299988,-6.388961474999917],[-78.28015048699996,-6.387222599999916],[-78.28307486199998,-6.381753974999981],[-78.28749348699995,-6.378928973999905],[-78.28901473699995,-6.374981099999957],[-78.2912602369999,-6.37251834999995],[-78.29354198699997,-6.371793973999957],[-78.2977071119999,-6.374872474999961],[-78.29951798799988,-6.375379598999871],[-78.30324861199995,-6.374111849999963],[-78.30426261299988,-6.372808099999929],[-78.30556648699996,-6.367918599999939],[-78.30962298699995,-6.363898349999943],[-78.31900361299995,-6.357016724999937],[-78.32179248699993,-6.357016723999948],[-78.32403523699998,-6.358189473999971],[-78.32745548699995,-6.356319098999961],[-78.3236738629999,-6.356248098999913],[-78.32301173799993,-6.352580098999852],[-78.32074998699983,-6.350441349999926],[-78.31678511199993,-6.348968724999906],[-78.31120311299986,-6.349662098999886],[-78.30562698699998,-6.353415848999873],[-78.29785736199989,-6.354222599999957],[-78.29231836199989,-6.357728474999931],[-78.28583986199999,-6.360699224999962],[-78.28338286299999,-6.363242223999976],[-78.27809173799989,-6.364599599999963],[-78.2751132379999,-6.366540973999975],[-78.27013486199996,-6.3679678499999],[-78.26582198699998,-6.370978349999973],[-78.26106298699995,-6.369996723999918],[-78.25852748699992,-6.367643599999894],[-78.25776148799997,-6.364137349999964],[-78.25301011199986,-6.357101849999879],[-78.25208211199998,-6.352675974999954],[-78.24989311199988,-6.348012224999934],[-78.25068261299992,-6.344655473999978],[-78.25514411199993,-6.33962884999994],[-78.2560067369999,-6.33760634999993],[-78.25535236199994,-6.334810473999937],[-78.25303398699998,-6.331998474999978],[-78.2522012369999,-6.328643474999978],[-78.25032136299995,-6.325645348999956],[-78.25147086299995,-6.324403349999955],[-78.25125673699989,-6.321381473999963],[-78.2489606119999,-6.319754098999965],[-78.24733198699988,-6.313523473999908],[-78.23543361299994,-6.309966848999977],[-78.23272661199996,-6.306691348999948],[-78.23328911199997,-6.305044973999884],[-78.23213673799995,-6.299752098999932],[-78.22985948799999,-6.296545099999946],[-78.2298984869999,-6.291599599999927],[-78.23143748699988,-6.284849599999916],[-78.2307226129999,-6.274574223999934],[-78.23120311299994,-6.267396473999952],[-78.22814861199998,-6.263767599999881],[-78.22586523799998,-6.262613224999939],[-78.22029486299988,-6.262787098999979],[-78.21738086199991,-6.263751973999945],[-78.21141798699995,-6.266749973999936],[-78.20541798799997,-6.266742223999927],[-78.20206648799996,-6.267859349999981],[-78.19860548699995,-6.268089849999967],[-78.19732611199998,-6.269480474999966],[-78.19097461199988,-6.271312473999956],[-78.18699798699993,-6.270836098999951],[-78.18256248699993,-6.271654348999903],[-78.18009173699994,-6.269451224999955],[-78.17437698699996,-6.269757849999849],[-78.16612111199998,-6.270787099999893],[-78.16000586199993,-6.265802724999958],[-78.15589548799989,-6.263765599999829],[-78.14878711199998,-6.262274723999951],[-78.14558911299997,-6.258048848999977],[-78.13920311299995,-6.253591848999974],[-78.13599536199996,-6.253347098999939],[-78.13227036199993,-6.254061724999929],[-78.1275201119999,-6.251613349999957],[-78.1224091119999,-6.25011797499991],[-78.11607973699995,-6.250433724999937],[-78.11334336199997,-6.252366974999859],[-78.10706761199992,-6.250136349999934],[-78.10413661199988,-6.250576099999932],[-78.10153748799996,-6.252896349999958],[-78.08954423699998,-6.254366098999981],[-78.08789811199995,-6.259520099999918],[-78.08801361199988,-6.26704497399993]]]]},"properties":{"ubigeo":"010413","nombre":"OCUMAL"}},{"type":"Feature","geometry":{"type":"MultiPolygon","coordinates":[[[[-78.00274748799995,-6.444366099999968],[-78.00094923699999,-6.447547724999879],[-78.00081086199992,-6.450729224999975],[-78.00330073699996,-6.457230723999942],[-78.0020558619999,-6.461173099999883],[-77.99827786199995,-6.465931598999873],[-77.99643348699993,-6.478878098999928],[-77.99476748699993,-6.483622223999873],[-77.99526536199994,-6.487394224999946],[-77.99095511199988,-6.491317723999941],[-77.99335536199999,-6.492729599999905],[-77.99461323699995,-6.495187474999966],[-77.99511573799998,-6.503394723999918],[-77.99692248699989,-6.50631597499995],[-77.99906398699989,-6.51525984999995],[-77.99845898699994,-6.519060598999943],[-78.00167073699993,-6.520630099999948],[-78.00241311199989,-6.524113599999964],[-78.00235598699987,-6.530224098999895],[-78.00146911199994,-6.535126349999871],[-78.00284873799995,-6.538340349999885],[-78.00426373699997,-6.539334349999876],[-78.01020648699989,-6.53959134999991],[-78.01360348699995,-6.541906849999918],[-78.01561211199999,-6.549116849999962],[-78.01666311199995,-6.551155474999973],[-78.01884761199989,-6.551476849999915],[-78.02530411199996,-6.546979599999872],[-78.02799561199998,-6.544385599999941],[-78.03308711199998,-6.542552724999894],[-78.03713211299998,-6.542219598999964],[-78.04284311199996,-6.547525724999957],[-78.04531661199997,-6.55112347499994],[-78.04767323699997,-6.553188849999913],[-78.05415436199996,-6.552784848999977],[-78.05761273699994,-6.556006848999914],[-78.05952186199988,-6.556449599999894],[-78.06661886299992,-6.556165474999943],[-78.07510098699998,-6.554701349999903],[-78.08292798699995,-6.552631224999971],[-78.0914477369999,-6.552274348999845],[-78.09418361199988,-6.553265599999975],[-78.09774023799991,-6.550818348999883],[-78.1023046119999,-6.55337497499994],[-78.10761136199989,-6.552664099999959],[-78.10925398699999,-6.554535099999953],[-78.11498636199991,-6.555572224999935],[-78.11638473699998,-6.557414098999914],[-78.11913286199996,-6.558748099999889],[-78.12322098699991,-6.564343098999927],[-78.12605398699992,-6.565404099999967],[-78.12896286199992,-6.564867223999954],[-78.13364061199997,-6.560412099999837],[-78.1366869879999,-6.558464348999962],[-78.13263361299988,-6.553067224999893],[-78.13299223799999,-6.550429099999917],[-78.13713448699997,-6.549434099999928],[-78.13758511299994,-6.548033224999926],[-78.13624498799999,-6.543505849999974],[-78.13827323699996,-6.53861634999987],[-78.13457898699983,-6.53470472399988],[-78.13570173699998,-6.532060973999933],[-78.13602773799988,-6.52630197499991],[-78.13834561199997,-6.524056598999948],[-78.14443036299991,-6.519529224999872],[-78.14464773699996,-6.514313724999909],[-78.14788898699993,-6.51153034999993],[-78.15065998799997,-6.512176848999957],[-78.15185511199991,-6.510365973999967],[-78.15134811199988,-6.507250974999977],[-78.15218111199988,-6.499826349999978],[-78.15623761199998,-6.498124099999927],[-78.1582187379999,-6.495033224999816],[-78.16436536199996,-6.490800849999914],[-78.16742911199992,-6.493125974999941],[-78.1730431119999,-6.494176224999933],[-78.17429298699994,-6.491785098999912],[-78.17449173699998,-6.487403348999919],[-78.17670111199999,-6.483527973999969],[-78.17735298699995,-6.479145599999924],[-78.17651998699995,-6.475849724999932],[-78.17709373699995,-6.474420099999918],[-78.1857557379999,-6.471105099999932],[-78.18794923699994,-6.467800724999961],[-78.18829098699996,-6.462159099999951],[-78.19002948799994,-6.457016098999929],[-78.19245611199989,-6.456871224999929],[-78.19644011199995,-6.459261598999888],[-78.1984322369999,-6.459297848999881],[-78.20061523699997,-6.455439474999935],[-78.20346661199989,-6.455784599999902],[-78.20432248799995,-6.458524224999906],[-78.20617973699996,-6.455224599999951],[-78.20482611199992,-6.452312474999928],[-78.2027948619999,-6.45071672399996],[-78.19982811199992,-6.450728474999892],[-78.19668161299995,-6.448603473999924],[-78.19536323799991,-6.446005849999949],[-78.19279473699993,-6.444103474999906],[-78.19174023699998,-6.437812474999873],[-78.18958986299998,-6.435554724999918],[-78.18323823699996,-6.436484349999944],[-78.17993548699991,-6.435540974999867],[-78.1768417379999,-6.432915974999901],[-78.16922073699993,-6.429544974999885],[-78.15806048699989,-6.426205098999958],[-78.15622261199997,-6.423080099999936],[-78.15333198699989,-6.420841849999931],[-78.14950586299994,-6.420005849999939],[-78.14664648799999,-6.420460974999855],[-78.14326761299992,-6.419574224999849],[-78.13843548799997,-6.417386724999972],[-78.13578323799999,-6.416900348999945],[-78.13345898699998,-6.414935599999978],[-78.13000198699984,-6.41404684999992],[-78.1177148619999,-6.406201223999915],[-78.11642973699998,-6.403484349999928],[-78.10982223799994,-6.399005974999966],[-78.10685936199991,-6.398214848999942],[-78.10112111199987,-6.395445348999942],[-78.09616598699995,-6.397089849999929],[-78.09285548699995,-6.397263724999959],[-78.09038086299995,-6.396132848999969],[-78.08322661199998,-6.390406224999936],[-78.08173048699996,-6.385619099999872],[-78.07644136199997,-6.382089724999958],[-78.06843936299998,-6.380049974999963],[-78.05728536199996,-6.375150098999882],[-78.05460923699985,-6.37497634999994],[-78.04848673799995,-6.376410973999953],[-78.04425561199992,-6.378849973999877],[-78.04229036199996,-6.381596099999967],[-78.04216498699998,-6.386854974999892],[-78.04100973699997,-6.393523348999906],[-78.04115023699995,-6.397750973999962],[-78.04241311199996,-6.401703598999973],[-78.04064011199989,-6.407619224999962],[-78.03836536199998,-6.409713349999947],[-78.03474411199994,-6.416900473999931],[-78.03092273699997,-6.426627599999904],[-78.03020323699985,-6.429778974999977],[-78.02814348699997,-6.433699599999898],[-78.02593511199996,-6.440275348999876],[-78.02340411199992,-6.44270709999995],[-78.02360261199993,-6.445957724999971],[-78.02479361199988,-6.44910909999993],[-78.02461998699994,-6.454171223999879],[-78.02171673699996,-6.455734474999929],[-78.01948348699983,-6.454965223999977],[-78.01581998699993,-6.450949224999931],[-78.01156123699997,-6.447868098999834],[-78.0064537369999,-6.4463502239999],[-78.00274748799995,-6.444366099999968]]]]},"properties":{"ubigeo":"010414","nombre":"PISUQUIA"}},{"type":"Feature","geometry":{"type":"MultiPolygon","coordinates":[[[[-77.92134573799996,-6.060894473999952],[-77.91984573699995,-6.063937473999943],[-77.92122661199994,-6.067109348999907],[-77.92439061199991,-6.06729297399994],[-77.92671486199993,-6.069914098999902],[-77.92739636199991,-6.074003848999894],[-77.93033586199994,-6.078949223999928],[-77.93416986199992,-6.081281224999941],[-77.93791411199993,-6.087691349999886],[-77.93867573799997,-6.091095723999956],[-77.94337886199997,-6.096703224999942],[-77.94652736199998,-6.097900348999929],[-77.9492089869999,-6.099910223999871],[-77.95090036199997,-6.106994099999895],[-77.95333986199995,-6.110458973999869],[-77.95612886199996,-6.109408223999878],[-77.95887686199995,-6.113255848999927],[-77.9620547369999,-6.113806723999915],[-77.96836323699989,-6.116003849999913],[-77.97191011199999,-6.116316348999931],[-77.97694136199982,-6.117841849999934],[-77.97891411199998,-6.117324223999901],[-77.98125623699997,-6.114706598999874],[-77.98449173699998,-6.109333348999826],[-77.98847836199997,-6.105462224999883],[-77.99084661199998,-6.104973099999938],[-77.99720261199997,-6.105057848999934],[-78.00390473699991,-6.107657848999906],[-78.01404486199988,-6.109378849999928],[-78.01846373699993,-6.108596473999967],[-78.02118348699997,-6.108970223999961],[-78.02356098699994,-6.112402349999911],[-78.02567386199996,-6.108994098999972],[-78.02853711199992,-6.109263723999902],[-78.03297461199992,-6.107349598999974],[-78.03716411199997,-6.102968724999926],[-78.04098436199996,-6.10124022399998],[-78.04144336199994,-6.092955099999926],[-78.03685736199992,-6.095691349999868],[-78.02791598799996,-6.097126974999981],[-78.02583198799994,-6.0969843499999],[-78.01888086199995,-6.09996872399995],[-78.01569723699998,-6.103554723999878],[-78.01365623699996,-6.104187474999947],[-78.00787498699998,-6.104066348999936],[-78.00163673699996,-6.101210973999969],[-77.99794536199988,-6.09878909899993],[-77.99671098699997,-6.096720723999965],[-77.9920976119999,-6.094861348999927],[-77.99078123699996,-6.093275348999896],[-77.98734573699994,-6.091640598999902],[-77.98345511199989,-6.092044973999975],[-77.97788286199989,-6.089712848999909],[-77.97424998699995,-6.090521474999946],[-77.97003323699994,-6.089882848999935],[-77.96553711199994,-6.084421849999899],[-77.96360548699994,-6.078017598999907],[-77.96393361199995,-6.067751974999965],[-77.9647714869999,-6.064304723999953],[-77.96351173699992,-6.060843723999938],[-77.96139848699994,-6.058785098999977],[-77.95958786199998,-6.053660098999956],[-77.9569922369999,-6.051203098999963],[-77.9508124869999,-6.047251973999948],[-77.94212698699988,-6.045187474999921],[-77.93908011199994,-6.042220723999947],[-77.93778886199993,-6.037767598999949],[-77.93473436199992,-6.038414098999965],[-77.93503323699997,-6.042453224999917],[-77.93416211199997,-6.045517598999879],[-77.93173823699988,-6.048242223999921],[-77.93106836199996,-6.052626974999896],[-77.92621286199994,-6.056607473999975],[-77.92498436199992,-6.058777349999957],[-77.92134573799996,-6.060894473999952]]]]},"properties":{"ubigeo":"010415","nombre":"SAN CRISTOBAL"}},{"type":"Feature","geometry":{"type":"MultiPolygon","coordinates":[[[[-77.81211723699994,-6.611339849999922],[-77.81140823699997,-6.614662099999975],[-77.8127128619999,-6.61605072499998],[-77.81167773699997,-6.619945349999966],[-77.81316411199992,-6.62082222499987],[-77.8140976119999,-6.624136724999914],[-77.81237511199993,-6.626927723999927],[-77.81320311199988,-6.628681599999936],[-77.81257811199993,-6.631335974999899],[-77.81396873699998,-6.63358997399996],[-77.80947848699998,-6.637546849999978],[-77.80453511199988,-6.644148474999952],[-77.80246286199986,-6.64930859999987],[-77.80336523699998,-6.652070349999974],[-77.80143548699994,-6.655498099999875],[-77.79791986199984,-6.657398474999923],[-77.79886998699993,-6.660159974999942],[-77.79818998699989,-6.662679974999946],[-77.80037998699999,-6.666499974999965],[-77.80000998699995,-6.671729974999892],[-77.7976899869999,-6.676569974999893],[-77.79745998699997,-6.680949974999919],[-77.79921998699996,-6.685839973999975],[-77.79800998699994,-6.690729974999897],[-77.79829998699995,-6.695569974999955],[-77.80097998699989,-6.703149974999974],[-77.8026899869999,-6.704519974999926],[-77.80315998699996,-6.707069974999968],[-77.80637998699996,-6.706019974999947],[-77.81098998699991,-6.706739974999948],[-77.81442998699998,-6.709899974999928],[-77.818929987,-6.711919974999887],[-77.82295998699982,-6.715509974999918],[-77.82392998699999,-6.721949974999973],[-77.82701998699991,-6.726309974999936],[-77.83015998699994,-6.727789974999894],[-77.83060998699995,-6.729889974999935],[-77.83257998699997,-6.73196997499997],[-77.83535998699995,-6.732889974999978],[-77.84457998699997,-6.728959974999896],[-77.85059998699995,-6.727479974999937],[-77.85382998699998,-6.728259973999968],[-77.85810998699998,-6.72760997499995],[-77.86276998699998,-6.729039974999864],[-77.86612998699991,-6.728449974999876],[-77.87636998699992,-6.731709974999887],[-77.88238998699995,-6.732089974999951],[-77.88559998699998,-6.731579974999875],[-77.89091998699996,-6.732939974999965],[-77.89281461199988,-6.734123974999875],[-77.89561786199994,-6.732356099999947],[-77.89630461199988,-6.730612724999958],[-77.8955673619999,-6.725133349999908],[-77.89763823699991,-6.720991599999877],[-77.9026486119999,-6.717490224999892],[-77.90507298699993,-6.714525099999889],[-77.90688136199998,-6.702227474999972],[-77.91084648699996,-6.69912322499988],[-77.91354861199989,-6.698060474999977],[-77.91579623699988,-6.696014849999926],[-77.91948336199994,-6.690256849999912],[-77.92944873699992,-6.692163224999888],[-77.93289348699994,-6.692100473999972],[-77.93596686199993,-6.689789098999938],[-77.93114661199996,-6.686363098999891],[-77.92677798699998,-6.681480349999902],[-77.9241759869999,-6.675377099999935],[-77.92318011199995,-6.671074974999954],[-77.92558936199998,-6.667185724999968],[-77.92404736199995,-6.660793349999949],[-77.92156473699998,-6.658291974999941],[-77.91910311199996,-6.651229974999978],[-77.91993573699989,-6.646627348999914],[-77.91871511199997,-6.642547599999943],[-77.92220836199994,-6.636045974999945],[-77.92189648699997,-6.631650349999973],[-77.91384748699994,-6.630433599999947],[-77.91238948699998,-6.62896247499998],[-77.9126469869999,-6.624691474999906],[-77.91071536199996,-6.620806724999909],[-77.90796811199993,-6.618381474999978],[-77.90674486199998,-6.615655724999954],[-77.90395473699994,-6.613681099999837],[-77.89513361199982,-6.608894974999941],[-77.88951036199995,-6.605329724999933],[-77.88641973699993,-6.605418099999952],[-77.88038873699992,-6.601941099999976],[-77.8769977369999,-6.598700224999959],[-77.87112348699998,-6.596412724999936],[-77.86813373699988,-6.591402974999937],[-77.86545086199993,-6.589385474999972],[-77.86199536199996,-6.584856974999923],[-77.85838973699992,-6.578911848999894],[-77.85801798699998,-6.575604474999977],[-77.85585711199991,-6.574254599999961],[-77.85197236199991,-6.573932474999935],[-77.84514723699994,-6.572365724999884],[-77.8389017369999,-6.572794974999965],[-77.83647636199993,-6.571829098999899],[-77.82987698699998,-6.565580099999977],[-77.83035936199991,-6.567453099999966],[-77.82724798699996,-6.575066349999872],[-77.82293548699994,-6.581804724999927],[-77.82218948699995,-6.585783223999954],[-77.81903711199993,-6.592505849999895],[-77.8177323619999,-6.593613224999956],[-77.81757423699997,-6.596414098999958],[-77.81531461199995,-6.60034184999995],[-77.81541798699999,-6.60273634899994],[-77.81211723699994,-6.611339849999922]]]]},"properties":{"ubigeo":"010416","nombre":"SAN FRANCISCO DE YESO"}},{"type":"Feature","geometry":{"type":"MultiPolygon","coordinates":[[[[-78.07658398699994,-5.916769598999963],[-78.07445311299995,-5.92037309899996],[-78.0794667369999,-5.92618159899996],[-78.07903711199998,-5.928761723999912],[-78.08263861199998,-5.933677723999892],[-78.08064848699996,-5.936640598999929],[-78.07704486199998,-5.943849598999975],[-78.07562886199997,-5.945494098999973],[-78.07730073699992,-5.948367223999924],[-78.07879486199982,-5.954121098999963],[-78.07619136199997,-5.95866209899998],[-78.07227923699992,-5.961080098999901],[-78.07046286199994,-5.963564473999952],[-78.06570111299993,-5.966412098999854],[-78.0607909869999,-5.97290822399998],[-78.05753373699997,-5.974732598999935],[-78.05030611199999,-5.977173723999954],[-78.04256111199999,-5.977057348999949],[-78.03721386199993,-5.975740723999877],[-78.03343423699994,-5.976586348999945],[-78.02740261199995,-5.975535473999969],[-78.01760161199991,-5.974956723999924],[-78.01510961199995,-5.975897099999941],[-78.00563861199998,-5.977928848999909],[-78.00320336199991,-5.972546098999942],[-77.99999461199997,-5.970520098999941],[-77.99670311199998,-5.970790973999954],[-77.98208011199989,-5.968466848999867],[-77.97982423699995,-5.964802723999981],[-77.97840036199995,-5.968533349999973],[-77.97828123699992,-5.971650348999901],[-77.9738164879999,-5.973689473999968],[-77.97235161199995,-5.977925723999931],[-77.97032811199995,-5.979318349999971],[-77.97024961199992,-5.98330272499993],[-77.96933198699992,-5.98542184899992],[-77.96606048699988,-5.987961098999961],[-77.96452736199996,-5.991474598999901],[-77.96598436299996,-5.993931598999893],[-77.96567573699991,-5.996724598999947],[-77.96747073699993,-6.000031223999827],[-77.96672073699995,-6.002165973999979],[-77.96109573699994,-6.003902348999929],[-77.95938286199998,-6.009074348999945],[-77.95743161199994,-6.010691348999956],[-77.95552736199994,-6.015654348999931],[-77.95376361199999,-6.017917973999886],[-77.95217773699989,-6.022246098999972],[-77.94624023699998,-6.030386723999925],[-77.94164261199995,-6.033765598999935],[-77.94082223699996,-6.03690434899994],[-77.93778886199993,-6.037767598999949],[-77.93908011199994,-6.042220723999947],[-77.94212698699988,-6.045187474999921],[-77.9508124869999,-6.047251973999948],[-77.9569922369999,-6.051203098999963],[-77.95958786199998,-6.053660098999956],[-77.96139848699994,-6.058785098999977],[-77.96351173699992,-6.060843723999938],[-77.9647714869999,-6.064304723999953],[-77.96393361199995,-6.067751974999965],[-77.96360548699994,-6.078017598999907],[-77.96553711199994,-6.084421849999899],[-77.97003323699994,-6.089882848999935],[-77.97424998699995,-6.090521474999946],[-77.97788286199989,-6.089712848999909],[-77.98345511199989,-6.092044973999975],[-77.98734573699994,-6.091640598999902],[-77.99078123699996,-6.093275348999896],[-77.9920976119999,-6.094861348999927],[-77.99671098699997,-6.096720723999965],[-77.99794536199988,-6.09878909899993],[-78.00163673699996,-6.101210973999969],[-78.00787498699998,-6.104066348999936],[-78.01365623699996,-6.104187474999947],[-78.01569723699998,-6.103554723999878],[-78.01888086199995,-6.09996872399995],[-78.02583198799994,-6.0969843499999],[-78.02791598799996,-6.097126974999981],[-78.03685736199992,-6.095691349999868],[-78.04144336199994,-6.092955099999926],[-78.04089073699987,-6.090311598999961],[-78.03897873799986,-6.087403348999942],[-78.0391403619999,-6.081855973999893],[-78.03642048699999,-6.073507973999938],[-78.03679748699994,-6.069845723999947],[-78.03392011199998,-6.065026098999965],[-78.02821286199992,-6.062037098999895],[-78.02688773799997,-6.057889223999894],[-78.02438336199998,-6.054873223999948],[-78.02209436199996,-6.049541224999928],[-78.02221986199993,-6.047249223999927],[-78.02459873699996,-6.042431973999953],[-78.03044236199992,-6.040923973999952],[-78.0335929869999,-6.036857724999948],[-78.03698823699989,-6.024849598999936],[-78.03980411299995,-6.021203223999919],[-78.04326048699994,-6.014560599999925],[-78.048875362,-6.007498473999931],[-78.05152161199999,-6.005354723999915],[-78.05456123699997,-6.004117973999939],[-78.05716686199997,-6.001600098999972],[-78.06128986199997,-6.002149848999977],[-78.06664973699998,-6.009158848999903],[-78.06981073699995,-6.008471723999889],[-78.07218023699988,-6.005886848999978],[-78.07537111299996,-6.006468724999934],[-78.08543498699999,-6.005532599999981],[-78.08822661199986,-6.007784473999891],[-78.09138761199989,-6.00654759899993],[-78.09592286299988,-6.001600098999972],[-78.10169498699992,-5.996789973999967],[-78.10430623699989,-5.996102723999854],[-78.10939123699995,-5.998301724999976],[-78.11227723699994,-6.002149849999967],[-78.11433873699997,-6.002287223999872],[-78.12382161199997,-6.000363223999955],[-78.13041836199994,-6.000912848999917],[-78.13495361199989,-5.999263723999888],[-78.14237498699998,-5.999675973999899],[-78.15281986199989,-6.002287223999872],[-78.15744311199995,-6.004630599999871],[-78.15872936199997,-6.003111848999879],[-78.16290386199995,-6.002583348999963],[-78.16603773699984,-6.000050848999933],[-78.16920336299995,-5.995682348999878],[-78.17240998799997,-5.994149973999924],[-78.17092398799991,-5.990416723999942],[-78.16906223799998,-5.988322223999944],[-78.16459398699993,-5.9855760989999],[-78.16146198699994,-5.97812472399994],[-78.15983323799992,-5.972134598999958],[-78.15441348699994,-5.963814098999933],[-78.15204711199988,-5.962516348999941],[-78.14133611199998,-5.96086347399995],[-78.13588173699998,-5.958921224999926],[-78.1355742369999,-5.95750972399992],[-78.13877061199997,-5.954403599999978],[-78.14498336199995,-5.945687223999869],[-78.14467423699995,-5.940989098999978],[-78.1435251119999,-5.938140473999908],[-78.136908238,-5.928242223999916],[-78.13609573699989,-5.921290973999874],[-78.13656461299996,-5.917849598999965],[-78.13921086199997,-5.915560598999946],[-78.13879686199994,-5.911699223999847],[-78.13711323699988,-5.90937884899995],[-78.1347519869999,-5.903638723999961],[-78.13260161199997,-5.903960973999972],[-78.13080473699989,-5.902560598999969],[-78.12919536199996,-5.906806598999935],[-78.12936136199994,-5.909564473999978],[-78.12736911199994,-5.91617572399997],[-78.12284573699998,-5.920263723999881],[-78.11940623699996,-5.920580098999949],[-78.11377923799995,-5.918121098999961],[-78.10565036299988,-5.919433598999944],[-78.10283973699995,-5.918859348999945],[-78.10058786199988,-5.919849599999907],[-78.09703911299988,-5.918503848999933],[-78.09488673799996,-5.919404348999933],[-78.08918373699998,-5.919410098999947],[-78.08295711199997,-5.916314598999975],[-78.07851948699994,-5.915984348999928],[-78.07658398699994,-5.916769598999963]]]]},"properties":{"ubigeo":"010417","nombre":"SAN JERONIMO"}},{"type":"Feature","geometry":{"type":"MultiPolygon","coordinates":[[[[-77.87473048699991,-6.423103474999891],[-77.87724223699996,-6.426107474999867],[-77.87666986199997,-6.428779349999957],[-77.87469336199996,-6.43113472399989],[-77.8729784869999,-6.435843723999938],[-77.86825786199995,-6.439947349999954],[-77.86500586199998,-6.443706974999884],[-77.86258398699988,-6.445498098999849],[-77.86116598699988,-6.448677724999925],[-77.8613047369999,-6.453201348999926],[-77.8607734869999,-6.458445348999874],[-77.85921098699993,-6.464121098999897],[-77.86112111199998,-6.470585974999949],[-77.8632382369999,-6.473232474999975],[-77.86370698699989,-6.477099598999928],[-77.86087498699987,-6.479716849999875],[-77.85998236199998,-6.484103473999937],[-77.8588144869999,-6.486281223999981],[-77.8592792369999,-6.488294973999871],[-77.85685348699991,-6.492134724999971],[-77.85433986199996,-6.494589848999965],[-77.85243161199998,-6.498974598999951],[-77.85314061199995,-6.504789099999925],[-77.85140823699999,-6.508980474999873],[-77.84615236199994,-6.516097599999966],[-77.84408198699998,-6.517689474999884],[-77.84183598699985,-6.522711099999981],[-77.83771873699999,-6.527474599999948],[-77.83393748699996,-6.529306599999927],[-77.83231836199991,-6.532078099999978],[-77.83114061199996,-6.537824223999962],[-77.8332844869999,-6.540172099999893],[-77.84120323699989,-6.540810224999973],[-77.84730636199993,-6.537919099999954],[-77.85077573699994,-6.538176099999873],[-77.85254248699994,-6.537116099999935],[-77.85334548699996,-6.534064473999933],[-77.85318498699996,-6.530273974999943],[-77.85425098699989,-6.527409224999872],[-77.8607016119999,-6.525840973999948],[-77.86660736199997,-6.523732474999917],[-77.86911786199994,-6.524556098999881],[-77.87242648699998,-6.527896849999877],[-77.87640973699996,-6.530049099999871],[-77.87840123699993,-6.530273974999943],[-77.88293061199983,-6.527896848999887],[-77.88492223699996,-6.525551849999943],[-77.88688173699995,-6.521504473999869],[-77.88884111199991,-6.519801973999961],[-77.89353111199995,-6.518388599999923],[-77.89603661199993,-6.518709723999962],[-77.90114423699993,-6.524170599999934],[-77.90242911199994,-6.529278099999942],[-77.90606248699999,-6.532005848999972],[-77.9090142369999,-6.531847848999973],[-77.91540661299996,-6.53489959999996],[-77.91721986199991,-6.534343974999956],[-77.91942086199992,-6.528811723999979],[-77.91983723699991,-6.525242599999899],[-77.92147311199994,-6.519859098999916],[-77.92096748699993,-6.51402934999993],[-77.92013173799995,-6.511670723999885],[-77.91739961199994,-6.507617098999958],[-77.91633011199991,-6.504384724999966],[-77.91840423699995,-6.497970973999941],[-77.91924611199994,-6.492498974999933],[-77.92215398699994,-6.488887099999943],[-77.92811523699999,-6.488857973999927],[-77.93341898699998,-6.487206848999904],[-77.93768986199996,-6.487630724999974],[-77.94360611199988,-6.490395224999929],[-77.95118536199993,-6.487496724999914],[-77.95159323699994,-6.486412599999937],[-77.94928848699993,-6.483071849999931],[-77.94035223699996,-6.476331848999905],[-77.93902448699998,-6.471178349999946],[-77.94108611199994,-6.468494474999943],[-77.94222511299995,-6.463986974999898],[-77.94556848699989,-6.460089849999974],[-77.94368548699998,-6.458646473999977],[-77.94078711199995,-6.458376974999965],[-77.936027487,-6.455560599999956],[-77.93473636199997,-6.453558599999951],[-77.93406248699984,-6.44870509999987],[-77.92888861199992,-6.444302848999882],[-77.92341011199994,-6.444322224999894],[-77.92021873699997,-6.445861349999973],[-77.91723048699998,-6.443859348999979],[-77.91647073699994,-6.442101599999944],[-77.91226761199994,-6.440824224999915],[-77.90598636199991,-6.43766009899997],[-77.89964261199987,-6.435087849999945],[-77.89190823699994,-6.430626974999882],[-77.88699798699992,-6.426212849999956],[-77.88550786199988,-6.422328099999959],[-77.88274611199984,-6.419456974999889],[-77.87902923699994,-6.418228474999978],[-77.87627348699993,-6.419877099999951],[-77.87473048699991,-6.423103474999891]]]]},"properties":{"ubigeo":"010418","nombre":"SAN JUAN DE LOPECANCHA"}},{"type":"Feature","geometry":{"type":"MultiPolygon","coordinates":[[[[-78.04144336199994,-6.092955099999926],[-78.04098436199996,-6.10124022399998],[-78.0384663619999,-6.109488848999888],[-78.03552923799998,-6.112525473999881],[-78.03614161199994,-6.114518348999923],[-78.04159798699993,-6.116985474999979],[-78.04216736199999,-6.125525723999942],[-78.04159798699993,-6.129558723999935],[-78.03998636199998,-6.135096473999909],[-78.04131711199989,-6.137714099999869],[-78.04829486299991,-6.143580098999962],[-78.05080261199993,-6.147113848999936],[-78.05205136199993,-6.152376849999939],[-78.05595723699992,-6.151005098999917],[-78.06047623699999,-6.147693473999936],[-78.06100623699996,-6.146127473999968],[-78.05944036199998,-6.140586348999932],[-78.06103036199994,-6.137839848999818],[-78.06086936199989,-6.133580098999971],[-78.05972248799998,-6.130412723999825],[-78.06324686199997,-6.129166723999958],[-78.06963873699993,-6.128230224999811],[-78.07528486299992,-6.123722849999979],[-78.07737711199991,-6.120560349999892],[-78.07929461199996,-6.113815598999963],[-78.08076173699993,-6.110567599999968],[-78.09220548699989,-6.103171348999979],[-78.10073411199983,-6.103436349999981],[-78.10261323699996,-6.104448224999942],[-78.10878086299994,-6.104110848999881],[-78.11435161299988,-6.099456849999854],[-78.11962273699993,-6.099286723999967],[-78.12173561199995,-6.097916224999835],[-78.12322036199998,-6.093804473999967],[-78.12681811199991,-6.095460599999967],[-78.1305301129999,-6.095232099999976],[-78.13298573699996,-6.093861598999979],[-78.13844398699996,-6.087664348999965],[-78.14322998799992,-6.08668997399991],[-78.14695998699989,-6.087429973999861],[-78.15072998699998,-6.084079974999952],[-78.15500961199996,-6.07603222399996],[-78.15434373699992,-6.06132697399994],[-78.15906048699992,-6.053780098999937],[-78.16272298699994,-6.045067973999892],[-78.16416573699985,-6.043236723999939],[-78.1672732369999,-6.041516473999877],[-78.17248948699995,-6.041571973999851],[-78.17354386199997,-6.040906098999926],[-78.16988136299989,-6.034080599999868],[-78.16771723699998,-6.029086348999897],[-78.16716223799989,-6.026145348999933],[-78.16361086199993,-6.020263224999951],[-78.16433223799993,-6.01726672399991],[-78.16682936199999,-6.013049348999857],[-78.16962298699991,-6.006211223999912],[-78.17031786199993,-6.002621473999909],[-78.17170998699993,-5.999999973999877],[-78.17062998699993,-5.996219973999871],[-78.17240998799997,-5.994149973999924],[-78.16920336299995,-5.995682348999878],[-78.16603773699984,-6.000050848999933],[-78.16290386199995,-6.002583348999963],[-78.15872936199997,-6.003111848999879],[-78.15744311199995,-6.004630599999871],[-78.15281986199989,-6.002287223999872],[-78.14237498699998,-5.999675973999899],[-78.13495361199989,-5.999263723999888],[-78.13041836199994,-6.000912848999917],[-78.12382161199997,-6.000363223999955],[-78.11433873699997,-6.002287223999872],[-78.11227723699994,-6.002149849999967],[-78.10939123699995,-5.998301724999976],[-78.10430623699989,-5.996102723999854],[-78.10169498699992,-5.996789973999967],[-78.09592286299988,-6.001600098999972],[-78.09138761199989,-6.00654759899993],[-78.08822661199986,-6.007784473999891],[-78.08543498699999,-6.005532599999981],[-78.07537111299996,-6.006468724999934],[-78.07218023699988,-6.005886848999978],[-78.06981073699995,-6.008471723999889],[-78.06664973699998,-6.009158848999903],[-78.06128986199997,-6.002149848999977],[-78.05716686199997,-6.001600098999972],[-78.05456123699997,-6.004117973999939],[-78.05152161199999,-6.005354723999915],[-78.048875362,-6.007498473999931],[-78.04326048699994,-6.014560599999925],[-78.03980411299995,-6.021203223999919],[-78.03698823699989,-6.024849598999936],[-78.0335929869999,-6.036857724999948],[-78.03044236199992,-6.040923973999952],[-78.02459873699996,-6.042431973999953],[-78.02221986199993,-6.047249223999927],[-78.02209436199996,-6.049541224999928],[-78.02438336199998,-6.054873223999948],[-78.02688773799997,-6.057889223999894],[-78.02821286199992,-6.062037098999895],[-78.03392011199998,-6.065026098999965],[-78.03679748699994,-6.069845723999947],[-78.03642048699999,-6.073507973999938],[-78.0391403619999,-6.081855973999893],[-78.03897873799986,-6.087403348999942],[-78.04089073699987,-6.090311598999961],[-78.04144336199994,-6.092955099999926]]]]},"properties":{"ubigeo":"010419","nombre":"SANTA CATALINA"}},{"type":"Feature","geometry":{"type":"MultiPolygon","coordinates":[[[[-77.83114061199996,-6.537824223999962],[-77.83099411199993,-6.539978474999884],[-77.82786136199991,-6.544654349999973],[-77.82726761199996,-6.547005849999948],[-77.82782236199995,-6.554044974999954],[-77.82874461199998,-6.556246223999949],[-77.82793748699999,-6.558927723999943],[-77.83017573699982,-6.561312473999976],[-77.82987698699998,-6.565580099999977],[-77.83647636199993,-6.571829098999899],[-77.8389017369999,-6.572794974999965],[-77.84514723699994,-6.572365724999884],[-77.85197236199991,-6.573932474999935],[-77.85585711199991,-6.574254599999961],[-77.85801798699998,-6.575604474999977],[-77.85838973699992,-6.578911848999894],[-77.86199536199996,-6.584856974999923],[-77.86545086199993,-6.589385474999972],[-77.86813373699988,-6.591402974999937],[-77.87112348699998,-6.596412724999936],[-77.8769977369999,-6.598700224999959],[-77.88038873699992,-6.601941099999976],[-77.88641973699993,-6.605418099999952],[-77.88951036199995,-6.605329724999933],[-77.89513361199982,-6.608894974999941],[-77.90395473699994,-6.613681099999837],[-77.90674486199998,-6.615655724999954],[-77.90796811199993,-6.618381474999978],[-77.91071536199996,-6.620806724999909],[-77.9126469869999,-6.624691474999906],[-77.91238948699998,-6.62896247499998],[-77.91384748699994,-6.630433599999947],[-77.92189648699997,-6.631650349999973],[-77.92261886199998,-6.62838134999987],[-77.928800487,-6.622898099999929],[-77.93226211199999,-6.617625224999927],[-77.9364777369999,-6.614706724999962],[-77.93544736199993,-6.61118797499995],[-77.9365741119999,-6.602532224999948],[-77.93969973699996,-6.592280099999869],[-77.94277386199997,-6.586181723999971],[-77.94404486199994,-6.576681599999858],[-77.94502261199995,-6.574881974999926],[-77.94471673699996,-6.573091223999882],[-77.94157423799999,-6.569808599999874],[-77.93999873699994,-6.565640974999951],[-77.93972411199996,-6.562209598999971],[-77.93639448699997,-6.55789647499995],[-77.93454136199995,-6.553408724999883],[-77.92853536199993,-6.549591349999957],[-77.92654448699994,-6.546324849999962],[-77.92366111299987,-6.544186223999873],[-77.92266173699994,-6.539070348999871],[-77.91721986199991,-6.534343974999956],[-77.91540661299996,-6.53489959999996],[-77.9090142369999,-6.531847848999973],[-77.90606248699999,-6.532005848999972],[-77.90242911199994,-6.529278099999942],[-77.90114423699993,-6.524170599999934],[-77.89603661199993,-6.518709723999962],[-77.89353111199995,-6.518388599999923],[-77.88884111199991,-6.519801973999961],[-77.88688173699995,-6.521504473999869],[-77.88492223699996,-6.525551849999943],[-77.88293061199983,-6.527896848999887],[-77.87840123699993,-6.530273974999943],[-77.87640973699996,-6.530049099999871],[-77.87242648699998,-6.527896849999877],[-77.86911786199994,-6.524556098999881],[-77.86660736199997,-6.523732474999917],[-77.8607016119999,-6.525840973999948],[-77.85425098699989,-6.527409224999872],[-77.85318498699996,-6.530273974999943],[-77.85334548699996,-6.534064473999933],[-77.85254248699994,-6.537116099999935],[-77.85077573699994,-6.538176099999873],[-77.84730636199993,-6.537919099999954],[-77.84120323699989,-6.540810224999973],[-77.8332844869999,-6.540172099999893],[-77.83114061199996,-6.537824223999962]]]]},"properties":{"ubigeo":"010420","nombre":"SANTO TOMAS"}},{"type":"Feature","geometry":{"type":"MultiPolygon","coordinates":[[[[-77.92424211199989,-6.357248099999879],[-77.92372848699995,-6.35904684999997],[-77.9206933619999,-6.362615224999956],[-77.91970311199992,-6.365095724999946],[-77.91988861199991,-6.368501973999969],[-77.91193548699994,-6.366187473999958],[-77.90798436199992,-6.366654349999976],[-77.90578123699999,-6.367849598999896],[-77.90619536199989,-6.370220724999967],[-77.90446873799993,-6.373662099999876],[-77.90398048699996,-6.378478474999952],[-77.90546673699998,-6.380460974999949],[-77.89977923699996,-6.38977347499997],[-77.89610148699995,-6.394669973999896],[-77.89111911199984,-6.398419973999978],[-77.88938286199988,-6.400673848999929],[-77.88832623699994,-6.406699224999954],[-77.88483986199998,-6.408642598999961],[-77.87786323699993,-6.407068348999928],[-77.87453711199998,-6.410365223999861],[-77.87463861199996,-6.413904349999939],[-77.87224411199998,-6.416941349999945],[-77.87288673699993,-6.419792974999893],[-77.87473048699991,-6.423103474999891],[-77.87627348699993,-6.419877099999951],[-77.87902923699994,-6.418228474999978],[-77.88274611199984,-6.419456974999889],[-77.88550786199988,-6.422328099999959],[-77.88699798699992,-6.426212849999956],[-77.89190823699994,-6.430626974999882],[-77.89964261199987,-6.435087849999945],[-77.90598636199991,-6.43766009899997],[-77.91226761199994,-6.440824224999915],[-77.91647073699994,-6.442101599999944],[-77.91723048699998,-6.443859348999979],[-77.92021873699997,-6.445861349999973],[-77.92341011199994,-6.444322224999894],[-77.92888861199992,-6.444302848999882],[-77.93406248699984,-6.44870509999987],[-77.93473636199997,-6.453558599999951],[-77.936027487,-6.455560599999956],[-77.94078711199995,-6.458376974999965],[-77.94368548699998,-6.458646473999977],[-77.94556848699989,-6.460089849999974],[-77.94890611199992,-6.457284349999895],[-77.94969898699998,-6.454078098999901],[-77.95330523699994,-6.44705009899991],[-77.95644473699997,-6.444001223999976],[-77.95702698699995,-6.439419973999918],[-77.95512036199983,-6.435646474999885],[-77.95445698799983,-6.430068348999953],[-77.95516011199999,-6.424296849999962],[-77.95633798699993,-6.420328099999949],[-77.95557036199995,-6.419417973999884],[-77.95455273799996,-6.413828099999932],[-77.95251561199996,-6.410031224999955],[-77.9477909869999,-6.407917974999975],[-77.94638611199997,-6.406165099999953],[-77.94885936199995,-6.40439847399989],[-77.95604886199999,-6.405964848999929],[-77.96179686199997,-6.403624974999957],[-77.96541598699991,-6.402792973999851],[-77.96899798699991,-6.399144474999957],[-77.97134761199999,-6.399919974999875],[-77.97621286199995,-6.397539098999971],[-77.97893161199983,-6.392964849999885],[-77.98457811199984,-6.390089848999935],[-77.98768161299995,-6.390890599999921],[-77.9899141119999,-6.390029349999907],[-77.99224223699997,-6.383445349999874],[-77.9954413619999,-6.381956849999881],[-77.9960566119999,-6.379230349999887],[-77.9994003619999,-6.375269474999925],[-78.00243361199989,-6.373734349999893],[-78.00353711299988,-6.370837849999873],[-78.00979886199991,-6.368492223999965],[-78.01434673699998,-6.363476724999941],[-78.01577186199995,-6.358092849999878],[-78.01835148699996,-6.355332223999937],[-78.02092686199995,-6.350574348999885],[-78.0176467369999,-6.34731572499993],[-78.0066191119999,-6.350466474999962],[-77.99915211199988,-6.349171598999931],[-77.99204723699995,-6.35417984999998],[-77.9902921119999,-6.354042724999886],[-77.98755661199988,-6.348730223999894],[-77.9819263629999,-6.341379473999893],[-77.97830636199996,-6.339080224999918],[-77.97678686199998,-6.335097848999851],[-77.97641961199997,-6.331036974999961],[-77.97401986199992,-6.329330848999973],[-77.96465623699993,-6.329501973999925],[-77.95658598699993,-6.327833974999976],[-77.94632036199994,-6.327357599999971],[-77.93982223699999,-6.323521473999904],[-77.93238861199995,-6.321962848999931],[-77.93137111199997,-6.320599599999923],[-77.93096873699983,-6.325124974999881],[-77.92718548699997,-6.329392598999959],[-77.92804886199991,-6.331753848999938],[-77.93095511199994,-6.333484348999946],[-77.93199411199993,-6.336138723999909],[-77.93016011199995,-6.338798849999932],[-77.93042773699983,-6.34147459999997],[-77.92917186199992,-6.345326223999962],[-77.92710936199995,-6.347048849999965],[-77.92608986199991,-6.351882849999981],[-77.92585736199993,-6.35688472399994],[-77.92424211199989,-6.357248099999879]]]]},"properties":{"ubigeo":"010421","nombre":"TINGO"}},{"type":"Feature","geometry":{"type":"MultiPolygon","coordinates":[[[[-77.9511054869999,-6.144792973999927],[-77.96011011199994,-6.158319848999952],[-77.96350423799993,-6.16269047399993],[-77.96605661199999,-6.169050723999931],[-77.96948198699982,-6.170810723999978],[-77.97936148699995,-6.171210473999906],[-77.98775623699999,-6.170981974999847],[-77.99283873699994,-6.169440098999814],[-77.99723861199993,-6.164691599999912],[-78.00351786199997,-6.159503474999951],[-78.00426023799997,-6.157961599999965],[-78.00354248699989,-6.152420849999942],[-78.00363198699995,-6.145740724999939],[-78.00437886299989,-6.14006059899998],[-78.00206448699998,-6.143847599999958],[-77.99824023699995,-6.14497659999995],[-77.99530261199999,-6.144830098999876],[-77.9929531119999,-6.142642598999828],[-77.98908198699996,-6.142154348999952],[-77.98398823699995,-6.143093724999915],[-77.98184961199996,-6.145462848999955],[-77.97799411199998,-6.14558784899998],[-77.97405861199996,-6.147308599999974],[-77.97138673699993,-6.146886723999955],[-77.96402736199997,-6.147585973999924],[-77.9555624869999,-6.146138724999901],[-77.9541972369999,-6.14480672499991],[-77.9511054869999,-6.144792973999927]]]]},"properties":{"ubigeo":"010422","nombre":"TRITA"}},{"type":"Feature","geometry":{"type":"MultiPolygon","coordinates":[[[[-78.23120311299994,-6.267396473999952],[-78.2307226129999,-6.274574223999934],[-78.23143748699988,-6.284849599999916],[-78.2298984869999,-6.291599599999927],[-78.22985948799999,-6.296545099999946],[-78.23213673799995,-6.299752098999932],[-78.23328911199997,-6.305044973999884],[-78.23272661199996,-6.306691348999948],[-78.23543361299994,-6.309966848999977],[-78.24733198699988,-6.313523473999908],[-78.2489606119999,-6.319754098999965],[-78.25125673699989,-6.321381473999963],[-78.25147086299995,-6.324403349999955],[-78.25032136299995,-6.325645348999956],[-78.2522012369999,-6.328643474999978],[-78.25303398699998,-6.331998474999978],[-78.25535236199994,-6.334810473999937],[-78.2560067369999,-6.33760634999993],[-78.25514411199993,-6.33962884999994],[-78.25068261299992,-6.344655473999978],[-78.24989311199988,-6.348012224999934],[-78.25208211199998,-6.352675974999954],[-78.25301011199986,-6.357101849999879],[-78.25776148799997,-6.364137349999964],[-78.25852748699992,-6.367643599999894],[-78.26106298699995,-6.369996723999918],[-78.26582198699998,-6.370978349999973],[-78.27013486199996,-6.3679678499999],[-78.2751132379999,-6.366540973999975],[-78.27809173799989,-6.364599599999963],[-78.28338286299999,-6.363242223999976],[-78.28583986199999,-6.360699224999962],[-78.29231836199989,-6.357728474999931],[-78.29785736199989,-6.354222599999957],[-78.30562698699998,-6.353415848999873],[-78.31120311299986,-6.349662098999886],[-78.31678511199993,-6.348968724999906],[-78.32074998699983,-6.350441349999926],[-78.32301173799993,-6.352580098999852],[-78.3236738629999,-6.356248098999913],[-78.32745548699995,-6.356319098999961],[-78.33373498799995,-6.350977723999961],[-78.33480861199996,-6.345925723999926],[-78.33487761299989,-6.341866224999933],[-78.33287298799996,-6.336450973999888],[-78.33514673799988,-6.322299599999894],[-78.33538611299997,-6.318679473999964],[-78.33885661299996,-6.315178974999924],[-78.34190836199997,-6.309614224999962],[-78.34536723699989,-6.304591848999962],[-78.34774236299995,-6.298544349999929],[-78.34938786199996,-6.297407473999897],[-78.35312111199994,-6.296974598999952],[-78.35641873799995,-6.295432973999937],[-78.35866411299997,-6.292052723999973],[-78.35800436199992,-6.285529848999829],[-78.35973361299995,-6.281247599999972],[-78.36143548799998,-6.279863224999929],[-78.36512498699994,-6.280772848999959],[-78.36694998699988,-6.278469098999949],[-78.36996273799986,-6.271083974999954],[-78.36998698699989,-6.265408348999927],[-78.36840036299998,-6.266796849999878],[-78.36422661299997,-6.268154348999929],[-78.35930661299994,-6.268160099999875],[-78.35127536299996,-6.271292973999948],[-78.34797073699991,-6.272085974999925],[-78.34436523699992,-6.276070349999884],[-78.33972273799998,-6.277005849999853],[-78.33613086299994,-6.276208849999875],[-78.3326426129999,-6.270140598999888],[-78.32795898799998,-6.265839724999921],[-78.3248086129999,-6.261558598999898],[-78.31982811199993,-6.260199223999962],[-78.31173823799998,-6.261826223999947],[-78.30875786299987,-6.263839848999908],[-78.30673236199988,-6.264511723999931],[-78.30420311199993,-6.267886723999936],[-78.29974398799993,-6.269078099999888],[-78.29829686299996,-6.271437474999971],[-78.29297073699996,-6.271621099999891],[-78.29137498699998,-6.268652349999968],[-78.28897661199989,-6.266749973999936],[-78.28038473699996,-6.266320224999902],[-78.27588861199996,-6.264314473999946],[-78.27253911199989,-6.265234349999957],[-78.26991011199982,-6.267870973999948],[-78.26523048699994,-6.267509724999911],[-78.26140623799989,-6.265580099999966],[-78.25584173799984,-6.264576224999928],[-78.25391986299996,-6.263619099999971],[-78.25168748799985,-6.264376973999958],[-78.24362886199998,-6.262566348999883],[-78.23652148799982,-6.264962848999858],[-78.23429673699997,-6.266888724999944],[-78.23120311299994,-6.267396473999952]]]]},"properties":{"ubigeo":"010423","nombre":"PROVIDENCIA"}},{"type":"Feature","geometry":{"type":"MultiPolygon","coordinates":[[[[-77.37860861199988,-6.320582974999979],[-77.37713398699992,-6.326287349999973],[-77.37350986199993,-6.337159349999979],[-77.37463636199993,-6.340930349999951],[-77.37899498699988,-6.344358474999922],[-77.38673948699994,-6.348316724999961],[-77.38825086099996,-6.35028422399995],[-77.38888761099997,-6.35439797499987],[-77.39190436199988,-6.358359848999953],[-77.39564586199992,-6.364829223999948],[-77.39917198599994,-6.368600224999909],[-77.40716411199986,-6.368123098999888],[-77.41028161199995,-6.368384598999967],[-77.42140586199997,-6.371195849999935],[-77.42424636199996,-6.373448598999971],[-77.42310836099995,-6.377526598999964],[-77.41915598599996,-6.382514349999951],[-77.41594611099987,-6.38438484999989],[-77.41482248699998,-6.386069099999872],[-77.41845698599997,-6.395199224999942],[-77.41881248599998,-6.398742223999875],[-77.42264848699995,-6.403859348999958],[-77.42389448599982,-6.407636723999872],[-77.42308398699998,-6.411396474999833],[-77.42348823699996,-6.41470309999994],[-77.42522661099997,-6.416593723999881],[-77.42749223699997,-6.421263724999903],[-77.42864973699989,-6.428427598999974],[-77.43041386099992,-6.4331864749999],[-77.43569136199994,-6.439160099999981],[-77.44094923599988,-6.445822223999926],[-77.44230661199992,-6.4426874749999],[-77.44540411099996,-6.438314224999885],[-77.4478786119999,-6.436934099999917],[-77.45368861099996,-6.436983224999892],[-77.45865761099992,-6.434816473999945],[-77.4615843609999,-6.430652349999946],[-77.4688033619999,-6.427730598999972],[-77.47112348699994,-6.427624223999942],[-77.47568448699991,-6.424703349999959],[-77.47923298599989,-6.423184848999881],[-77.48613186199998,-6.415482974999975],[-77.49393948699992,-6.410277849999886],[-77.50115223699993,-6.408121474999916],[-77.50240148699999,-6.406288348999965],[-77.50113086199997,-6.404554723999979],[-77.496484362,-6.403972599999918],[-77.49183611099994,-6.401080223999884],[-77.49011136099989,-6.400615223999978],[-77.48723048699992,-6.40186322399984],[-77.48561448699996,-6.401164598999856],[-77.49597673699998,-6.395684349999897],[-77.49748236199997,-6.391611349999891],[-77.49728948699999,-6.386330349999923],[-77.49554336199992,-6.381711848999885],[-77.48809711199993,-6.375864974999899],[-77.48647536199996,-6.37410822399994],[-77.48435836199997,-6.362827348999929],[-77.48183473599994,-6.358946849999938],[-77.47781948699992,-6.356083973999944],[-77.46878486099996,-6.34571109999996],[-77.46483398599992,-6.344333973999937],[-77.45810936199996,-6.347742224999934],[-77.4518416119999,-6.348714849999965],[-77.44815823699997,-6.350206974999935],[-77.44191211199995,-6.349335974999917],[-77.44111523699996,-6.34622072499991],[-77.44321486199993,-6.344181598999967],[-77.44254473699993,-6.338932098999919],[-77.44102611099993,-6.336778098999957],[-77.4340344869999,-6.330845849999946],[-77.42969123599994,-6.325937598999872],[-77.42464173699994,-6.317639474999964],[-77.42337048699989,-6.312519348999956],[-77.42118123699993,-6.310329974999945],[-77.40977573599992,-6.306269224999937],[-77.40748048599994,-6.301855348999936],[-77.4018659869999,-6.29800634999998],[-77.39653161099994,-6.301389349999965],[-77.39546811099996,-6.308270224999944],[-77.39249873699998,-6.315998099999945],[-77.39252011099995,-6.318207598999891],[-77.39074723599998,-6.320923224999945],[-77.38722161199996,-6.319837974999871],[-77.38346173699989,-6.319755098999963],[-77.37860861199988,-6.320582974999979]]]]},"properties":{"ubigeo":"010501","nombre":"SAN NICOLAS"}},{"type":"Feature","geometry":{"type":"MultiPolygon","coordinates":[[[[-77.55202536199994,-6.402878848999933],[-77.55734373699988,-6.406277349999925],[-77.5602284869999,-6.410148474999971],[-77.5675909869999,-6.413017848999971],[-77.57900623699999,-6.413583223999922],[-77.58402348699991,-6.415203099999928],[-77.58734948599994,-6.415002598999934],[-77.59252961199991,-6.412087599999893],[-77.59550598699997,-6.411212599999885],[-77.60741761199995,-6.413183223999965],[-77.60993161199991,-6.414746224999874],[-77.61296423699997,-6.409347348999916],[-77.61839761199991,-6.407007724999971],[-77.6209998619999,-6.403624849999915],[-77.62286036199993,-6.402940224999952],[-77.63013648699996,-6.394906599999956],[-77.63085211199996,-6.389935849999972],[-77.63276211199997,-6.38619747499996],[-77.63332148699999,-6.379830849999962],[-77.63716673699997,-6.378691848999949],[-77.64381661099998,-6.379586474999883],[-77.64696098699989,-6.381023474999949],[-77.6436817359999,-6.382911848999981],[-77.64370823699988,-6.385980724999968],[-77.64229936199985,-6.388473473999966],[-77.6390167369999,-6.391500349999944],[-77.64105736199991,-6.39730284999996],[-77.64440898699996,-6.398929349999889],[-77.64738373699998,-6.399135849999936],[-77.65017273699988,-6.396895473999962],[-77.65297511199998,-6.399080849999905],[-77.65324423699991,-6.402050723999878],[-77.65526798599996,-6.406965473999946],[-77.65501098699991,-6.408732224999937],[-77.6515738619999,-6.413903974999926],[-77.64787973699998,-6.417662349999944],[-77.64699161199997,-6.423365599999954],[-77.64801373699999,-6.426091099999951],[-77.65101173699998,-6.429566223999871],[-77.65441873699996,-6.430043224999906],[-77.6587113619999,-6.432973098999923],[-77.66293598699997,-6.438356098999975],[-77.66634286099998,-6.440604598999869],[-77.67002236199994,-6.441558599999951],[-77.6740184869999,-6.443575349999833],[-77.67710873699997,-6.45068909999992],[-77.67908473699998,-6.453005848999851],[-77.68242361199998,-6.450212098999884],[-77.6887591119999,-6.450307099999918],[-77.68993261199984,-6.453385098999945],[-77.69407523599995,-6.453755349999938],[-77.69632373699989,-6.452665099999876],[-77.6991856119999,-6.453891599999963],[-77.70354648699993,-6.453210224999964],[-77.70402348699997,-6.450007723999931],[-77.70560536199997,-6.449620349999975],[-77.71351698699988,-6.450783848999947],[-77.71577561199996,-6.452379848999897],[-77.72023148699998,-6.453179724999927],[-77.7297791119999,-6.457168224999975],[-77.7327956119999,-6.45586759999992],[-77.73260473699992,-6.453146474999926],[-77.73804936199997,-6.447833598999978],[-77.74023298699996,-6.443778348999842],[-77.74408023699988,-6.440138974999968],[-77.74605598699992,-6.436603599999955],[-77.74501611199997,-6.435251849999929],[-77.74509148699997,-6.427267474999894],[-77.74351798699996,-6.420664974999966],[-77.74517698699992,-6.414603224999951],[-77.74800773699997,-6.410055849999935],[-77.74870036199997,-6.406682848999935],[-77.75226323699997,-6.403551849999928],[-77.74963398699992,-6.39867234999997],[-77.74766348699995,-6.392411098999958],[-77.74432261199996,-6.384573098999908],[-77.74279986199997,-6.383226849999915],[-77.73505573699998,-6.378831473999924],[-77.73112261199998,-6.375795223999887],[-77.72985548699995,-6.371617474999937],[-77.72700073699997,-6.36931384899998],[-77.71745498699994,-6.362964474999899],[-77.7159786119999,-6.362358974999893],[-77.70995336199991,-6.362371473999872],[-77.70793973699983,-6.360990098999878],[-77.70439023699993,-6.360131723999928],[-77.7075082369999,-6.35673522399992],[-77.70983248699991,-6.35317084999997],[-77.71081098699989,-6.348668849999967],[-77.71047511199998,-6.346125848999975],[-77.7086684869999,-6.341403348999961],[-77.70604348699999,-6.338899349999963],[-77.69902786199998,-6.335594599999979],[-77.69417823699985,-6.335190349999948],[-77.69282073699998,-6.336260724999875],[-77.69010586199994,-6.335836849999964],[-77.68227198699998,-6.336475474999872],[-77.67942836099996,-6.336568099999909],[-77.67572173599996,-6.33975734899991],[-77.67004498699993,-6.339823849999902],[-77.66331236099995,-6.332076973999904],[-77.65924536199998,-6.331683349999935],[-77.65189848699998,-6.327091599999903],[-77.64835623699997,-6.32328697399987],[-77.6400909869999,-6.319744723999975],[-77.63913586199993,-6.316339974999892],[-77.63520323699998,-6.316106598999966],[-77.62908723699991,-6.313742599999955],[-77.62604223599993,-6.308409849999975],[-77.62417461199988,-6.306129723999959],[-77.62347173699999,-6.30114247399996],[-77.62292923599995,-6.292612348999967],[-77.62346248699993,-6.289709099999925],[-77.62031723699994,-6.283210223999902],[-77.61757348699996,-6.280755973999874],[-77.6155689869999,-6.286389724999935],[-77.6155689869999,-6.288697849999949],[-77.61865336199992,-6.293502349999926],[-77.61541598699995,-6.301380223999899],[-77.61373436199989,-6.302943348999975],[-77.61248823699998,-6.308736349999947],[-77.61859648699993,-6.312631224999905],[-77.61787073699992,-6.315383224999948],[-77.61599448599992,-6.317955599999891],[-77.61592211199996,-6.32152122399998],[-77.61801823699994,-6.324604973999953],[-77.61849536199992,-6.328889223999965],[-77.61397786199996,-6.335843724999904],[-77.61107036199991,-6.342293349999863],[-77.60895461199993,-6.343938973999968],[-77.60503648699984,-6.34511434999996],[-77.6010333619999,-6.345372349999877],[-77.5989241119999,-6.349345973999959],[-77.59744361199989,-6.353804598999886],[-77.59476948699995,-6.357779724999943],[-77.58958573699988,-6.362189974999978],[-77.58743786099996,-6.36843822499992],[-77.58622461199997,-6.369769474999941],[-77.58547073699992,-6.373976598999889],[-77.58264061099999,-6.379091848999906],[-77.58277348699994,-6.383081974999925],[-77.58117573699991,-6.387837849999869],[-77.57773836199988,-6.393810599999938],[-77.57334173699991,-6.393499973999951],[-77.56654686199994,-6.392322223999827],[-77.56373236199994,-6.389970724999955],[-77.5609902359999,-6.389238223999939],[-77.55863073599988,-6.390826223999966],[-77.5593867369999,-6.393357474999959],[-77.55900198699999,-6.396214849999922],[-77.56062698699992,-6.399335973999882],[-77.55831036199993,-6.401400349999903],[-77.55202536199994,-6.402878848999933]]]]},"properties":{"ubigeo":"010502","nombre":"COCHAMAL"}},{"type":"Feature","geometry":{"type":"MultiPolygon","coordinates":[[[[-77.33224311099991,-6.487461349999933],[-77.33285036199999,-6.491462099999922],[-77.33048348699998,-6.497492724999915],[-77.33194248699988,-6.504560848999972],[-77.33246136199995,-6.509716099999935],[-77.33563273699997,-6.515546723999876],[-77.33515236199992,-6.522328474999938],[-77.33905886199994,-6.5285110989999],[-77.34303111199989,-6.538053473999923],[-77.34484673699984,-6.547229098999935],[-77.35079148699992,-6.553542474999972],[-77.35489786199997,-6.560587224999949],[-77.35775098699997,-6.563440473999947],[-77.36095511099995,-6.565068349999876],[-77.36579986199996,-6.565193099999931],[-77.37055848699998,-6.567033224999932],[-77.37867573699992,-6.567433599999902],[-77.3839161109999,-6.573378098999967],[-77.38474948699997,-6.57533159999997],[-77.38758361099997,-6.587571849999961],[-77.3915031109999,-6.593350474999966],[-77.39244336199988,-6.599056849999954],[-77.39386986099998,-6.602688224999952],[-77.40087723599999,-6.60445572499998],[-77.40862223599999,-6.602915099999962],[-77.41105398699995,-6.602915099999962],[-77.41583848699992,-6.604217849999941],[-77.42574136199994,-6.602493724999931],[-77.43083173699995,-6.603595974999905],[-77.43788086199993,-6.602527349999946],[-77.44175273699994,-6.600075974999925],[-77.44346873699999,-6.597358974999963],[-77.44671648699995,-6.590290724999932],[-77.44983586199993,-6.584665973999961],[-77.45317111199995,-6.584430599999905],[-77.46140911199996,-6.58774284999987],[-77.46651786199999,-6.59125309999996],[-77.47194011199991,-6.598104099999887],[-77.47702923599991,-6.6008005999999],[-77.48832723599998,-6.593188099999963],[-77.49430723699999,-6.586064974999886],[-77.49708986199988,-6.580374974999927],[-77.5052118609999,-6.577622599999927],[-77.51113361199998,-6.572920849999889],[-77.51150161199996,-6.571847599999899],[-77.50811398699994,-6.567597348999868],[-77.50732248599996,-6.563464223999972],[-77.50565961099994,-6.559589349999953],[-77.50486011099997,-6.551943974999972],[-77.50345311099989,-6.549745474999952],[-77.50266161199994,-6.544029224999917],[-77.49522111199991,-6.538290973999949],[-77.49262173599993,-6.532677099999887],[-77.49220661199996,-6.521929974999921],[-77.49305861199997,-6.518923849999965],[-77.49555986199994,-6.515401599999961],[-77.49545336199992,-6.510255099999938],[-77.49355448699993,-6.50794822499995],[-77.48973011199996,-6.507894849999957],[-77.48789336199997,-6.509172599999886],[-77.47862098699989,-6.509616223999899],[-77.47622123699995,-6.508867223999914],[-77.46914936199994,-6.511039223999944],[-77.46449636199998,-6.513813349999907],[-77.46092273599987,-6.515196473999936],[-77.45494273599996,-6.515588224999931],[-77.45258423599995,-6.517434973999968],[-77.44601748699995,-6.518437724999899],[-77.44183123599993,-6.516719099999875],[-77.43959573699988,-6.518119099999922],[-77.43852261199993,-6.520527349999952],[-77.43862398699997,-6.525231473999895],[-77.43653773699992,-6.526469599999928],[-77.43621673699994,-6.529472974999919],[-77.43470373699995,-6.530825599999901],[-77.43076011199997,-6.531054973999971],[-77.42505136099999,-6.527180349999924],[-77.42262111199989,-6.526630099999977],[-77.4167689869999,-6.522407599999838],[-77.41245898699998,-6.520896474999972],[-77.40886136099994,-6.521638724999889],[-77.40693586099997,-6.523695224999869],[-77.39488973599998,-6.53417872499989],[-77.39128236199997,-6.53682259899989],[-77.3900078609999,-6.536398474999885],[-77.39093748699992,-6.532322224999916],[-77.38895698699991,-6.526611349999939],[-77.38774223699994,-6.517046724999943],[-77.38608398699995,-6.516345724999894],[-77.3849902369999,-6.512050724999881],[-77.3794159869999,-6.507710973999906],[-77.37748436099997,-6.505357474999869],[-77.37724611099998,-6.494728474999931],[-77.37847661099988,-6.489224598999954],[-77.3780234869999,-6.487929723999969],[-77.37966598599996,-6.483603473999949],[-77.37615236099998,-6.479876974999968],[-77.37428911199999,-6.476623098999937],[-77.36880848699985,-6.472302724999963],[-77.36375261099994,-6.472813224999925],[-77.35858086099995,-6.475961349999977],[-77.35617173699995,-6.479591099999936],[-77.34984348699999,-6.486658099999886],[-77.34560323699998,-6.488617599999941],[-77.34082498599997,-6.487899973999959],[-77.33644161199993,-6.488605348999897],[-77.33224311099991,-6.487461349999933]]]]},"properties":{"ubigeo":"010503","nombre":"CHIRIMOTO"}},{"type":"Feature","geometry":{"type":"MultiPolygon","coordinates":[[[[-77.50240148699999,-6.406288348999965],[-77.50115223699993,-6.408121474999916],[-77.49393948699992,-6.410277849999886],[-77.48613186199998,-6.415482974999975],[-77.47923298599989,-6.423184848999881],[-77.47568448699991,-6.424703349999959],[-77.47112348699994,-6.427624223999942],[-77.4688033619999,-6.427730598999972],[-77.47425636099996,-6.433537974999979],[-77.47650248699995,-6.437678849999941],[-77.4801476109999,-6.453121473999886],[-77.48354773699992,-6.46451309999992],[-77.4834247369999,-6.472115224999925],[-77.49738423699984,-6.477236349999885],[-77.50049336199993,-6.476279599999941],[-77.50820273599993,-6.476041849999888],[-77.51091536099995,-6.474590224999872],[-77.51536498699994,-6.47359084999988],[-77.51927186099994,-6.474243349999938],[-77.52282723699994,-6.474049474999902],[-77.52867748699998,-6.471657724999886],[-77.53190961199994,-6.467698474999963],[-77.5368796109999,-6.464608099999964],[-77.53911736199996,-6.460619849999944],[-77.54141223599993,-6.457888724999918],[-77.54519761099988,-6.456111724999971],[-77.5487808609999,-6.456847849999861],[-77.55282373699998,-6.456573973999923],[-77.55580436199989,-6.457978473999958],[-77.5577916119999,-6.454860724999946],[-77.56029248699997,-6.453901474999952],[-77.56641186199994,-6.449642723999943],[-77.57218423699999,-6.448249474999955],[-77.57894773699996,-6.442715223999869],[-77.58420111199996,-6.44065959999989],[-77.5949362369999,-6.433944349999933],[-77.60196698699997,-6.42654809999982],[-77.60993161199991,-6.414746224999874],[-77.60741761199995,-6.413183223999965],[-77.59550598699997,-6.411212599999885],[-77.59252961199991,-6.412087599999893],[-77.58734948599994,-6.415002598999934],[-77.58402348699991,-6.415203099999928],[-77.57900623699999,-6.413583223999922],[-77.5675909869999,-6.413017848999971],[-77.5602284869999,-6.410148474999971],[-77.55734373699988,-6.406277349999925],[-77.55202536199994,-6.402878848999933],[-77.54876961199994,-6.401439473999972],[-77.54366986199994,-6.40115034899992],[-77.53825198599986,-6.402306598999928],[-77.53230473699995,-6.402259723999975],[-77.52823236099994,-6.403275349999944],[-77.52685936199993,-6.401994099999911],[-77.52134373599995,-6.403523473999883],[-77.51922661099997,-6.405277349999949],[-77.5117148619999,-6.406066348999957],[-77.50646473699993,-6.405740349999974],[-77.50240148699999,-6.406288348999965]]]]},"properties":{"ubigeo":"010504","nombre":"HUAMBO"}},{"type":"Feature","geometry":{"type":"MultiPolygon","coordinates":[[[[-77.60993161199991,-6.414746224999874],[-77.60196698699997,-6.42654809999982],[-77.5949362369999,-6.433944349999933],[-77.58420111199996,-6.44065959999989],[-77.57894773699996,-6.442715223999869],[-77.57218423699999,-6.448249474999955],[-77.56641186199994,-6.449642723999943],[-77.56029248699997,-6.453901474999952],[-77.5577916119999,-6.454860724999946],[-77.55580436199989,-6.457978473999958],[-77.55282373699998,-6.456573973999923],[-77.5487808609999,-6.456847849999861],[-77.54519761099988,-6.456111724999971],[-77.54141223599993,-6.457888724999918],[-77.53911736199996,-6.460619849999944],[-77.5368796109999,-6.464608099999964],[-77.53190961199994,-6.467698474999963],[-77.52867748699998,-6.471657724999886],[-77.52282723699994,-6.474049474999902],[-77.51927186099994,-6.474243349999938],[-77.51536498699994,-6.47359084999988],[-77.51091536099995,-6.474590224999872],[-77.50820273599993,-6.476041849999888],[-77.50049336199993,-6.476279599999941],[-77.49738423699984,-6.477236349999885],[-77.49662498599997,-6.482163849999836],[-77.49106611199994,-6.48637059999993],[-77.48857211199999,-6.490126599999826],[-77.48266661199995,-6.494950349999954],[-77.47628611099998,-6.504369099999906],[-77.47622123699995,-6.508867223999914],[-77.47862098699989,-6.509616223999899],[-77.48789336199997,-6.509172599999886],[-77.48973011199996,-6.507894849999957],[-77.49355448699993,-6.50794822499995],[-77.49545336199992,-6.510255099999938],[-77.49555986199994,-6.515401599999961],[-77.49305861199997,-6.518923849999965],[-77.49220661199996,-6.521929974999921],[-77.49262173599993,-6.532677099999887],[-77.49522111199991,-6.538290973999949],[-77.50266161199994,-6.544029224999917],[-77.50345311099989,-6.549745474999952],[-77.50486011099997,-6.551943974999972],[-77.50565961099994,-6.559589349999953],[-77.50732248599996,-6.563464223999972],[-77.50811398699994,-6.567597348999868],[-77.51150161199996,-6.571847599999899],[-77.51113361199998,-6.572920849999889],[-77.5052118609999,-6.577622599999927],[-77.49708986199988,-6.580374974999927],[-77.49430723699999,-6.586064974999886],[-77.48832723599998,-6.593188099999963],[-77.47702923599991,-6.6008005999999],[-77.47194011199991,-6.598104099999887],[-77.46651786199999,-6.59125309999996],[-77.46140911199996,-6.58774284999987],[-77.45317111199995,-6.584430599999905],[-77.44983586199993,-6.584665973999961],[-77.44671648699995,-6.590290724999932],[-77.44346873699999,-6.597358974999963],[-77.44175273699994,-6.600075974999925],[-77.43788086199993,-6.602527349999946],[-77.4361491119999,-6.605217224999933],[-77.43598698599999,-6.615527598999961],[-77.43565436199992,-6.618070349999925],[-77.4335297369999,-6.621149724999952],[-77.42871586199993,-6.626347849999945],[-77.42663961199992,-6.632020224999962],[-77.42369261199997,-6.638061974999971],[-77.42118361199988,-6.639939473999959],[-77.41125961199998,-6.643577224999945],[-77.40765623699997,-6.646331974999896],[-77.40572536199994,-6.649813098999971],[-77.4046991109999,-6.654240349999895],[-77.40536198699988,-6.661110099999973],[-77.40498611199996,-6.663054349999925],[-77.39772811099994,-6.669349224999905],[-77.39643136199999,-6.674407224999925],[-77.39359786199987,-6.679114974999948],[-77.38971911099992,-6.681673849999925],[-77.38806623699992,-6.685106724999969],[-77.38543998699998,-6.692661223999892],[-77.38173298599997,-6.697589099999959],[-77.38192798699998,-6.698782474999916],[-77.38599123599994,-6.702096223999945],[-77.38965498599993,-6.703879474999951],[-77.39607461099996,-6.704787349999947],[-77.40013536199996,-6.708452849999901],[-77.40116373599994,-6.713781223999888],[-77.4025801119999,-6.717759724999894],[-77.40387461199998,-6.724251098999957],[-77.40714648699998,-6.726775349999969],[-77.41526886099996,-6.714676224999948],[-77.41865786199998,-6.708076474999928],[-77.42087073699992,-6.705958849999945],[-77.42750936099998,-6.702841723999882],[-77.43736036199994,-6.700985724999896],[-77.43993023599995,-6.698915599999964],[-77.44954323699989,-6.686756599999967],[-77.45465898699996,-6.681688348999899],[-77.46010798699996,-6.67957059999992],[-77.46293961199996,-6.679665849999878],[-77.47082423699993,-6.682793224999841],[-77.47548198599998,-6.683628474999921],[-77.48235636199996,-6.681476224999926],[-77.48704361199998,-6.678314099999966],[-77.48942061199995,-6.6756200989999],[-77.49295223699994,-6.67444297499992],[-77.49676561099989,-6.674054724999962],[-77.50139636199998,-6.675484224999934],[-77.50522236199998,-6.67562009999989],[-77.51065586099998,-6.672339349999959],[-77.51717548699992,-6.673627974999931],[-77.52061648699998,-6.67953647499985],[-77.52421598699988,-6.678653723999901],[-77.52853998699999,-6.676118224999925],[-77.53496936199997,-6.674035474999869],[-77.53908948699996,-6.674465599999962],[-77.54407423699996,-6.676996099999883],[-77.5500692359999,-6.67183947399991],[-77.55126898699996,-6.666791099999898],[-77.55498173699993,-6.661697474999926],[-77.55837748699997,-6.659637474999897],[-77.56114211199991,-6.654612349999979],[-77.56174973699996,-6.650416474999872],[-77.56369761199988,-6.644084724999857],[-77.56641423699995,-6.641617099999962],[-77.56876473699992,-6.63821772499989],[-77.57404336099995,-6.636251724999966],[-77.57577873699995,-6.634531099999947],[-77.57986148699996,-6.635663098999885],[-77.58390273599997,-6.634626599999933],[-77.58943761099988,-6.630094099999894],[-77.59477923699995,-6.626937474999863],[-77.59890048699998,-6.623121349999963],[-77.60317911199996,-6.616329724999957],[-77.61233673699996,-6.612261224999941],[-77.6166373609999,-6.613682598999958],[-77.62110886199997,-6.612775599999964],[-77.6266641119999,-6.612740224999868],[-77.6308624859999,-6.609322098999939],[-77.63554311199994,-6.608459349999976],[-77.63959036199998,-6.605811349999897],[-77.64325261199991,-6.604576099999917],[-77.65278948699995,-6.604518974999905],[-77.65587323699992,-6.603662349999979],[-77.65929736099991,-6.597250974999952],[-77.66186948699993,-6.593782849999968],[-77.66276586199996,-6.585233473999892],[-77.66502948699991,-6.580167599999811],[-77.66654536199991,-6.57826072499995],[-77.6690312369999,-6.57856134899987],[-77.67203448699996,-6.580305599999861],[-77.67657023699991,-6.578811349999967],[-77.68274748699997,-6.579050098999971],[-77.68906798699999,-6.584934724999869],[-77.69137686199997,-6.58608922499991],[-77.69599448699995,-6.585386473999961],[-77.69966373699992,-6.582664849999844],[-77.70412036199991,-6.58225297499996],[-77.70618448699997,-6.581590474999928],[-77.70883961099986,-6.577688223999928],[-77.70943461199988,-6.571615724999901],[-77.70902586199998,-6.564938474999963],[-77.70647898699991,-6.560299849999979],[-77.70803461199995,-6.559190849999936],[-77.71731886199996,-6.558977474999949],[-77.72137736099995,-6.555280223999944],[-77.72617823699994,-6.55205559999996],[-77.72534636199998,-6.548464099999876],[-77.72833261199997,-6.540652099999932],[-77.72800698699984,-6.538091724999902],[-77.72623661199998,-6.536873473999947],[-77.72571523699992,-6.534408724999935],[-77.72936498699994,-6.527725474999897],[-77.72948761099997,-6.522527599999819],[-77.72848136199991,-6.515374598999927],[-77.73070161199996,-6.505955974999949],[-77.7312098619999,-6.502087848999963],[-77.72884361199988,-6.494119098999931],[-77.72942486199992,-6.490218598999888],[-77.73134436199985,-6.482540223999877],[-77.73326823699995,-6.480449224999973],[-77.73499123699997,-6.474942473999874],[-77.73468736199993,-6.470535724999877],[-77.73529523699989,-6.468332348999979],[-77.7385802369999,-6.464088099999913],[-77.73506948699998,-6.462816223999937],[-77.73374223699989,-6.46139409999995],[-77.7327956119999,-6.45586759999992],[-77.7297791119999,-6.457168224999975],[-77.72023148699998,-6.453179724999927],[-77.71577561199996,-6.452379848999897],[-77.71351698699988,-6.450783848999947],[-77.70560536199997,-6.449620349999975],[-77.70402348699997,-6.450007723999931],[-77.70354648699993,-6.453210224999964],[-77.6991856119999,-6.453891599999963],[-77.69632373699989,-6.452665099999876],[-77.69407523599995,-6.453755349999938],[-77.68993261199984,-6.453385098999945],[-77.6887591119999,-6.450307099999918],[-77.68242361199998,-6.450212098999884],[-77.67908473699998,-6.453005848999851],[-77.67710873699997,-6.45068909999992],[-77.6740184869999,-6.443575349999833],[-77.67002236199994,-6.441558599999951],[-77.66634286099998,-6.440604598999869],[-77.66293598699997,-6.438356098999975],[-77.6587113619999,-6.432973098999923],[-77.65441873699996,-6.430043224999906],[-77.65101173699998,-6.429566223999871],[-77.64801373699999,-6.426091099999951],[-77.64699161199997,-6.423365599999954],[-77.64787973699998,-6.417662349999944],[-77.6515738619999,-6.413903974999926],[-77.65501098699991,-6.408732224999937],[-77.65526798599996,-6.406965473999946],[-77.65324423699991,-6.402050723999878],[-77.65297511199998,-6.399080849999905],[-77.65017273699988,-6.396895473999962],[-77.64738373699998,-6.399135849999936],[-77.64440898699996,-6.398929349999889],[-77.64105736199991,-6.39730284999996],[-77.6390167369999,-6.391500349999944],[-77.64229936199985,-6.388473473999966],[-77.64370823699988,-6.385980724999968],[-77.6436817359999,-6.382911848999981],[-77.64696098699989,-6.381023474999949],[-77.64381661099998,-6.379586474999883],[-77.63716673699997,-6.378691848999949],[-77.63332148699999,-6.379830849999962],[-77.63276211199997,-6.38619747499996],[-77.63085211199996,-6.389935849999972],[-77.63013648699996,-6.394906599999956],[-77.62286036199993,-6.402940224999952],[-77.6209998619999,-6.403624849999915],[-77.61839761199991,-6.407007724999971],[-77.61296423699997,-6.409347348999916],[-77.60993161199991,-6.414746224999874]]]]},"properties":{"ubigeo":"010505","nombre":"LIMABAMBA"}},{"type":"Feature","geometry":{"type":"MultiPolygon","coordinates":[[[[-77.56788286199998,-6.309462598999914],[-77.56131136199997,-6.313671599999907],[-77.55872661199999,-6.316639349999889],[-77.55425898699991,-6.319032724999943],[-77.54659273699997,-6.325891849999948],[-77.54120711199994,-6.332754723999869],[-77.53852661199994,-6.338849849999974],[-77.53833511199997,-6.342008973999953],[-77.53038911199997,-6.346317098999975],[-77.52821911199999,-6.349763474999861],[-77.52761286199996,-6.355124724999882],[-77.52596486099992,-6.361763723999957],[-77.524351487,-6.363123974999951],[-77.52118298699986,-6.368232223999939],[-77.519443487,-6.373314224999945],[-77.51832661099996,-6.381068848999973],[-77.51801761099995,-6.38639247499998],[-77.51581248699995,-6.390580099999909],[-77.51324798699994,-6.392302723999876],[-77.51290823599999,-6.394550724999931],[-77.51024798699996,-6.39425972399988],[-77.50768548699995,-6.396683599999903],[-77.50555486199988,-6.396072224999955],[-77.50382223599996,-6.397308598999928],[-77.49980473699998,-6.39794534899994],[-77.49670511099993,-6.401302724999937],[-77.49183611099994,-6.401080223999884],[-77.496484362,-6.403972599999918],[-77.50113086199997,-6.404554723999979],[-77.50240148699999,-6.406288348999965],[-77.50646473699993,-6.405740349999974],[-77.5117148619999,-6.406066348999957],[-77.51922661099997,-6.405277349999949],[-77.52134373599995,-6.403523473999883],[-77.52685936199993,-6.401994099999911],[-77.52823236099994,-6.403275349999944],[-77.53230473699995,-6.402259723999975],[-77.53825198599986,-6.402306598999928],[-77.54366986199994,-6.40115034899992],[-77.54876961199994,-6.401439473999972],[-77.55202536199994,-6.402878848999933],[-77.55831036199993,-6.401400349999903],[-77.56062698699992,-6.399335973999882],[-77.55900198699999,-6.396214849999922],[-77.5593867369999,-6.393357474999959],[-77.55863073599988,-6.390826223999966],[-77.5609902359999,-6.389238223999939],[-77.56373236199994,-6.389970724999955],[-77.56654686199994,-6.392322223999827],[-77.57334173699991,-6.393499973999951],[-77.57773836199988,-6.393810599999938],[-77.58117573699991,-6.387837849999869],[-77.58277348699994,-6.383081974999925],[-77.58264061099999,-6.379091848999906],[-77.58547073699992,-6.373976598999889],[-77.58622461199997,-6.369769474999941],[-77.58743786099996,-6.36843822499992],[-77.58958573699988,-6.362189974999978],[-77.59476948699995,-6.357779724999943],[-77.59744361199989,-6.353804598999886],[-77.5989241119999,-6.349345973999959],[-77.6010333619999,-6.345372349999877],[-77.60503648699984,-6.34511434999996],[-77.60895461199993,-6.343938973999968],[-77.61107036199991,-6.342293349999863],[-77.61397786199996,-6.335843724999904],[-77.61849536199992,-6.328889223999965],[-77.61801823699994,-6.324604973999953],[-77.61592211199996,-6.32152122399998],[-77.61599448599992,-6.317955599999891],[-77.61787073699992,-6.315383224999948],[-77.61859648699993,-6.312631224999905],[-77.61248823699998,-6.308736349999947],[-77.61373436199989,-6.302943348999975],[-77.61541598699995,-6.301380223999899],[-77.61865336199992,-6.293502349999926],[-77.6155689869999,-6.288697849999949],[-77.6155689869999,-6.286389724999935],[-77.61757348699996,-6.280755973999874],[-77.61527436199987,-6.281673723999972],[-77.61318498599991,-6.284598723999977],[-77.60852886199996,-6.287284973999931],[-77.60560386199995,-6.289732474999937],[-77.60309661199989,-6.289672723999956],[-77.59854923599988,-6.292559724999876],[-77.59658998699996,-6.296298849999914],[-77.59282923599994,-6.299522348999915],[-77.58900973699991,-6.304417973999875],[-77.58627748699996,-6.302998849999881],[-77.58336023699991,-6.304198224999936],[-77.58145223699995,-6.303683098999898],[-77.57437423699997,-6.305815474999974],[-77.56788286199998,-6.309462598999914]]]]},"properties":{"ubigeo":"010506","nombre":"LONGAR"}},{"type":"Feature","geometry":{"type":"MultiPolygon","coordinates":[[[[-77.37966598599996,-6.483603473999949],[-77.3780234869999,-6.487929723999969],[-77.37847661099988,-6.489224598999954],[-77.37724611099998,-6.494728474999931],[-77.37748436099997,-6.505357474999869],[-77.3794159869999,-6.507710973999906],[-77.3849902369999,-6.512050724999881],[-77.38608398699995,-6.516345724999894],[-77.38774223699994,-6.517046724999943],[-77.38895698699991,-6.526611349999939],[-77.39093748699992,-6.532322224999916],[-77.3900078609999,-6.536398474999885],[-77.39128236199997,-6.53682259899989],[-77.39488973599998,-6.53417872499989],[-77.40693586099997,-6.523695224999869],[-77.40886136099994,-6.521638724999889],[-77.41245898699998,-6.520896474999972],[-77.4167689869999,-6.522407599999838],[-77.42262111199989,-6.526630099999977],[-77.42505136099999,-6.527180349999924],[-77.43076011199997,-6.531054973999971],[-77.43470373699995,-6.530825599999901],[-77.43621673699994,-6.529472974999919],[-77.43653773699992,-6.526469599999928],[-77.43862398699997,-6.525231473999895],[-77.43852261199993,-6.520527349999952],[-77.43959573699988,-6.518119099999922],[-77.44197286099995,-6.511147474999973],[-77.44528498699998,-6.506864474999873],[-77.44891723699993,-6.504448599999932],[-77.45072848699988,-6.500505848999978],[-77.44989048699995,-6.492466848999925],[-77.44992373699995,-6.483323349999921],[-77.44825148599995,-6.48255534999987],[-77.44298173599992,-6.475810223999929],[-77.43905936099992,-6.473486474999959],[-77.43635161199995,-6.472775224999907],[-77.4338388619999,-6.470947849999959],[-77.43123236199989,-6.465277349999894],[-77.42928323699994,-6.467255849999844],[-77.42271198699996,-6.469935974999885],[-77.41581198699998,-6.471151224999915],[-77.41259973599983,-6.47243622499991],[-77.40716173699991,-6.476265349999949],[-77.40251311199995,-6.47529497499994],[-77.39821173699994,-6.475621223999951],[-77.39584311199991,-6.473470849999899],[-77.39051386199998,-6.47200609999993],[-77.3849569869999,-6.47178909999991],[-77.38373236199999,-6.475408223999978],[-77.38216598599996,-6.476007849999917],[-77.37978898699993,-6.479605598999967],[-77.37966598599996,-6.483603473999949]]]]},"properties":{"ubigeo":"010507","nombre":"MILPUCC"}},{"type":"Feature","geometry":{"type":"MultiPolygon","coordinates":[[[[-77.4018659869999,-6.29800634999998],[-77.40748048599994,-6.301855348999936],[-77.40977573599992,-6.306269224999937],[-77.42118123699993,-6.310329974999945],[-77.42337048699989,-6.312519348999956],[-77.42464173699994,-6.317639474999964],[-77.42969123599994,-6.325937598999872],[-77.4340344869999,-6.330845849999946],[-77.44102611099993,-6.336778098999957],[-77.44254473699993,-6.338932098999919],[-77.44321486199993,-6.344181598999967],[-77.44111523699996,-6.34622072499991],[-77.44191211199995,-6.349335974999917],[-77.44815823699997,-6.350206974999935],[-77.4518416119999,-6.348714849999965],[-77.45810936199996,-6.347742224999934],[-77.46483398599992,-6.344333973999937],[-77.46878486099996,-6.34571109999996],[-77.47781948699992,-6.356083973999944],[-77.48183473599994,-6.358946849999938],[-77.48435836199997,-6.362827348999929],[-77.48647536199996,-6.37410822399994],[-77.48809711199993,-6.375864974999899],[-77.49554336199992,-6.381711848999885],[-77.49728948699999,-6.386330349999923],[-77.49748236199997,-6.391611349999891],[-77.49597673699998,-6.395684349999897],[-77.48561448699996,-6.401164598999856],[-77.48723048699992,-6.40186322399984],[-77.49011136099989,-6.400615223999978],[-77.49183611099994,-6.401080223999884],[-77.49670511099993,-6.401302724999937],[-77.49980473699998,-6.39794534899994],[-77.50382223599996,-6.397308598999928],[-77.50555486199988,-6.396072224999955],[-77.50768548699995,-6.396683599999903],[-77.51024798699996,-6.39425972399988],[-77.51290823599999,-6.394550724999931],[-77.51324798699994,-6.392302723999876],[-77.51581248699995,-6.390580099999909],[-77.51801761099995,-6.38639247499998],[-77.51832661099996,-6.381068848999973],[-77.519443487,-6.373314224999945],[-77.52118298699986,-6.368232223999939],[-77.524351487,-6.363123974999951],[-77.52596486099992,-6.361763723999957],[-77.52761286199996,-6.355124724999882],[-77.52821911199999,-6.349763474999861],[-77.53038911199997,-6.346317098999975],[-77.53833511199997,-6.342008973999953],[-77.53852661199994,-6.338849849999974],[-77.54120711199994,-6.332754723999869],[-77.54659273699997,-6.325891849999948],[-77.55425898699991,-6.319032724999943],[-77.55872661199999,-6.316639349999889],[-77.56131136199997,-6.313671599999907],[-77.56788286199998,-6.309462598999914],[-77.56392223699993,-6.305684349999865],[-77.55648786199987,-6.303497848999939],[-77.55480811199999,-6.302578224999877],[-77.54684423699996,-6.294352474999926],[-77.54384261199993,-6.292080098999918],[-77.54013073699997,-6.287454348999972],[-77.53801723699996,-6.282285599999966],[-77.53593936199991,-6.279227848999938],[-77.53533373699997,-6.273977098999978],[-77.53282861199995,-6.266037974999904],[-77.53045611199991,-6.264410973999929],[-77.52769586199997,-6.258959349999884],[-77.52762936199997,-6.255328848999966],[-77.5300116119999,-6.250422224999966],[-77.52975973699995,-6.245707973999913],[-77.52420823599988,-6.240678973999934],[-77.52103348599991,-6.233041473999947],[-77.51898136199986,-6.232211099999972],[-77.51685923699995,-6.228910224999879],[-77.51529973699996,-6.225037473999976],[-77.51225873699997,-6.222282348999954],[-77.50878773699992,-6.221907474999909],[-77.50693336199998,-6.217280723999977],[-77.50133086199997,-6.215686973999937],[-77.4978777369999,-6.212944723999954],[-77.49659423599991,-6.210705973999893],[-77.48869773699982,-6.201846599999897],[-77.48564336199996,-6.196090224999864],[-77.4826211109999,-6.191896974999906],[-77.47951361199995,-6.190544348999936],[-77.47343698699996,-6.189350224999941],[-77.46964973699994,-6.186460348999958],[-77.45875298599992,-6.192985849999957],[-77.45670348599998,-6.204146974999901],[-77.45653198699995,-6.206902473999889],[-77.45479986199996,-6.210182974999896],[-77.45403523699991,-6.214025724999885],[-77.45271286199994,-6.216515599999923],[-77.44813373599999,-6.220848599999954],[-77.44758598699997,-6.222145973999943],[-77.44832986199992,-6.231494848999944],[-77.4468201119999,-6.237004098999876],[-77.44670836099988,-6.242945973999895],[-77.44339573699989,-6.247438098999964],[-77.43426086199992,-6.254891599999951],[-77.43421061199984,-6.260839349999912],[-77.43293073699988,-6.2631858499999],[-77.4327012359999,-6.266255974999979],[-77.4286017359999,-6.268882599999927],[-77.42501298699989,-6.276561848999961],[-77.4206839869999,-6.281166849999977],[-77.41190248599997,-6.280909723999912],[-77.40944586099994,-6.282468474999916],[-77.40833061099994,-6.289242848999891],[-77.40574611099993,-6.29317972399997],[-77.40302511199997,-6.293901098999868],[-77.4018659869999,-6.29800634999998]]]]},"properties":{"ubigeo":"010508","nombre":"MARISCAL BENAVIDES"}},{"type":"Feature","geometry":{"type":"MultiPolygon","coordinates":[[[[-77.2867694869999,-6.339087849999942],[-77.28575348699997,-6.34705122399987],[-77.28285411199994,-6.355850724999925],[-77.2819227359999,-6.361120974999892],[-77.28098323699999,-6.363072349999868],[-77.28110361199998,-6.367095724999956],[-77.28254923699996,-6.373335599999962],[-77.27830898699995,-6.377455349999934],[-77.2754661109999,-6.382201473999885],[-77.27551436099998,-6.384731099999954],[-77.27826086099998,-6.388031723999916],[-77.27495161199988,-6.39563459999988],[-77.27315861199986,-6.406530848999921],[-77.28152311199995,-6.413020974999938],[-77.28486461199992,-6.416515348999951],[-77.28742898699994,-6.418133224999963],[-77.29015948599982,-6.421955849999904],[-77.29655398699998,-6.424133599999948],[-77.29802948699995,-6.425489348999974],[-77.29876723599989,-6.430606974999932],[-77.30179023699998,-6.436645724999948],[-77.30460198699996,-6.451322973999936],[-77.30752536099988,-6.456115349999891],[-77.31056986099998,-6.458531099999959],[-77.31553823599984,-6.459673223999971],[-77.32364736099993,-6.466583223999976],[-77.32635661199993,-6.468027349999886],[-77.32677936199991,-6.471464099999935],[-77.32874673599997,-6.47693922499991],[-77.32919198699994,-6.479911348999963],[-77.33224311099991,-6.487461349999933],[-77.33644161199993,-6.488605348999897],[-77.34082498599997,-6.487899973999959],[-77.34560323699998,-6.488617599999941],[-77.34984348699999,-6.486658099999886],[-77.35617173699995,-6.479591099999936],[-77.35858086099995,-6.475961349999977],[-77.36375261099994,-6.472813224999925],[-77.36880848699985,-6.472302724999963],[-77.37428911199999,-6.476623098999937],[-77.37615236099998,-6.479876974999968],[-77.37966598599996,-6.483603473999949],[-77.37978898699993,-6.479605598999967],[-77.38216598599996,-6.476007849999917],[-77.38373236199999,-6.475408223999978],[-77.3849569869999,-6.47178909999991],[-77.39051386199998,-6.47200609999993],[-77.39584311199991,-6.473470849999899],[-77.39821173699994,-6.475621223999951],[-77.40251311199995,-6.47529497499994],[-77.40716173699991,-6.476265349999949],[-77.41259973599983,-6.47243622499991],[-77.41581198699998,-6.471151224999915],[-77.42271198699996,-6.469935974999885],[-77.42928323699994,-6.467255849999844],[-77.43123236199989,-6.465277349999894],[-77.43394873699992,-6.459827974999939],[-77.43436636099995,-6.45674409999998],[-77.43982711099994,-6.453596098999924],[-77.44117611099983,-6.451281473999927],[-77.44094923599988,-6.445822223999926],[-77.43569136199994,-6.439160099999981],[-77.43041386099992,-6.4331864749999],[-77.42864973699989,-6.428427598999974],[-77.42749223699997,-6.421263724999903],[-77.42522661099997,-6.416593723999881],[-77.42348823699996,-6.41470309999994],[-77.42308398699998,-6.411396474999833],[-77.42389448599982,-6.407636723999872],[-77.42264848699995,-6.403859348999958],[-77.41881248599998,-6.398742223999875],[-77.41845698599997,-6.395199224999942],[-77.41482248699998,-6.386069099999872],[-77.41594611099987,-6.38438484999989],[-77.41915598599996,-6.382514349999951],[-77.42310836099995,-6.377526598999964],[-77.42424636199996,-6.373448598999971],[-77.42140586199997,-6.371195849999935],[-77.41028161199995,-6.368384598999967],[-77.40716411199986,-6.368123098999888],[-77.39917198599994,-6.368600224999909],[-77.39564586199992,-6.364829223999948],[-77.39190436199988,-6.358359848999953],[-77.38888761099997,-6.35439797499987],[-77.38825086099996,-6.35028422399995],[-77.38673948699994,-6.348316724999961],[-77.37899498699988,-6.344358474999922],[-77.37463636199993,-6.340930349999951],[-77.37350986199993,-6.337159349999979],[-77.37713398699992,-6.326287349999973],[-77.37860861199988,-6.320582974999979],[-77.3757039869999,-6.318164973999899],[-77.36693123599997,-6.319169474999967],[-77.36459286199994,-6.320032473999959],[-77.36137298599988,-6.319749849999937],[-77.35683148699997,-6.322257723999883],[-77.34599273599997,-6.322986724999964],[-77.3419299869999,-6.327585098999975],[-77.33963086099993,-6.331179099999872],[-77.33563448699994,-6.333141098999931],[-77.32980886199994,-6.337273099999948],[-77.32317511199994,-6.337961849999942],[-77.31757411099989,-6.334880848999944],[-77.31001586099995,-6.331940598999893],[-77.30293961099994,-6.331019348999973],[-77.2992269859999,-6.332027349999976],[-77.29440536099992,-6.337429349999923],[-77.2867694869999,-6.339087849999942]]]]},"properties":{"ubigeo":"010509","nombre":"OMIA"}},{"type":"Feature","geometry":{"type":"MultiPolygon","coordinates":[[[[-77.44094923599988,-6.445822223999926],[-77.44117611099983,-6.451281473999927],[-77.43982711099994,-6.453596098999924],[-77.43436636099995,-6.45674409999998],[-77.43394873699992,-6.459827974999939],[-77.43123236199989,-6.465277349999894],[-77.4338388619999,-6.470947849999959],[-77.43635161199995,-6.472775224999907],[-77.43905936099992,-6.473486474999959],[-77.44298173599992,-6.475810223999929],[-77.44825148599995,-6.48255534999987],[-77.44992373699995,-6.483323349999921],[-77.45227998699994,-6.479981473999942],[-77.45492111199997,-6.4734140999999],[-77.45791148699993,-6.470049849999896],[-77.46373436199997,-6.468424224999978],[-77.46807036199993,-6.468388724999954],[-77.48189548599993,-6.471285474999945],[-77.4834247369999,-6.472115224999925],[-77.48354773699992,-6.46451309999992],[-77.4801476109999,-6.453121473999886],[-77.47650248699995,-6.437678849999941],[-77.47425636099996,-6.433537974999979],[-77.4688033619999,-6.427730598999972],[-77.4615843609999,-6.430652349999946],[-77.45865761099992,-6.434816473999945],[-77.45368861099996,-6.436983224999892],[-77.4478786119999,-6.436934099999917],[-77.44540411099996,-6.438314224999885],[-77.44230661199992,-6.4426874749999],[-77.44094923599988,-6.445822223999926]]]]},"properties":{"ubigeo":"010510","nombre":"SANTA ROSA"}},{"type":"Feature","geometry":{"type":"MultiPolygon","coordinates":[[[[-77.43959573699988,-6.518119099999922],[-77.44183123599993,-6.516719099999875],[-77.44601748699995,-6.518437724999899],[-77.45258423599995,-6.517434973999968],[-77.45494273599996,-6.515588224999931],[-77.46092273599987,-6.515196473999936],[-77.46449636199998,-6.513813349999907],[-77.46914936199994,-6.511039223999944],[-77.47622123699995,-6.508867223999914],[-77.47628611099998,-6.504369099999906],[-77.48266661199995,-6.494950349999954],[-77.48857211199999,-6.490126599999826],[-77.49106611199994,-6.48637059999993],[-77.49662498599997,-6.482163849999836],[-77.49738423699984,-6.477236349999885],[-77.4834247369999,-6.472115224999925],[-77.48189548599993,-6.471285474999945],[-77.46807036199993,-6.468388724999954],[-77.46373436199997,-6.468424224999978],[-77.45791148699993,-6.470049849999896],[-77.45492111199997,-6.4734140999999],[-77.45227998699994,-6.479981473999942],[-77.44992373699995,-6.483323349999921],[-77.44989048699995,-6.492466848999925],[-77.45072848699988,-6.500505848999978],[-77.44891723699993,-6.504448599999932],[-77.44528498699998,-6.506864474999873],[-77.44197286099995,-6.511147474999973],[-77.43959573699988,-6.518119099999922]]]]},"properties":{"ubigeo":"010511","nombre":"TOTORA"}},{"type":"Feature","geometry":{"type":"MultiPolygon","coordinates":[[[[-77.35937223699989,-6.072139099999958],[-77.35812223699992,-6.07647684899996],[-77.3554404859999,-6.082851723999966],[-77.35242911099988,-6.087257724999972],[-77.35121636199989,-6.09019184899995],[-77.34657036099998,-6.108419223999931],[-77.34704373599999,-6.113053473999969],[-77.34642798699991,-6.114341098999944],[-77.33965436199992,-6.113636848999931],[-77.33241073599999,-6.112181598999939],[-77.32985848599998,-6.115604473999895],[-77.32524036199993,-6.116335098999969],[-77.32086136099991,-6.1210523499999],[-77.31964848599995,-6.123216848999959],[-77.3168724869999,-6.125550598999951],[-77.31106636099992,-6.126294974999894],[-77.30925048599988,-6.127334973999893],[-77.30614911099997,-6.131114724999975],[-77.30120623699997,-6.133130723999898],[-77.29000261099998,-6.133130723999898],[-77.28792848599994,-6.134371224999882],[-77.28153336199983,-6.141717598999946],[-77.27752736199994,-6.141822223999895],[-77.27287573699988,-6.138737349999928],[-77.268468236,-6.138561474999904],[-77.26198761199998,-6.139396723999937],[-77.25795561199999,-6.138015723999956],[-77.25382748699991,-6.138510223999958],[-77.25221936199989,-6.140786974999969],[-77.24520298599998,-6.147474099999897],[-77.24065411099991,-6.149761723999916],[-77.23755773599999,-6.149915349999901],[-77.23386361099995,-6.148758973999975],[-77.23101273699996,-6.144511849999958],[-77.22920648699989,-6.143759848999878],[-77.2243663619999,-6.14554684899997],[-77.22298511199983,-6.14689597399996],[-77.21863748599998,-6.155986598999903],[-77.21522723699991,-6.157767849999914],[-77.21212486199988,-6.160831598999948],[-77.21085736099991,-6.166960973999949],[-77.20529936199995,-6.17246584999998],[-77.20205673699996,-6.179714848999936],[-77.20408061199993,-6.182863473999873],[-77.21201661099991,-6.187351723999882],[-77.2184091119999,-6.19268022499989],[-77.21909323699998,-6.195731849999959],[-77.21421661199997,-6.202529474999892],[-77.21401173599997,-6.205149473999882],[-77.21240461099995,-6.210839849999957],[-77.2124191119999,-6.214185849999978],[-77.21071086099988,-6.217386974999897],[-77.20798286199994,-6.219393974999946],[-77.20584461099997,-6.223670348999917],[-77.20361611199996,-6.224633974999904],[-77.20108648699988,-6.227735848999885],[-77.19999598599998,-6.231179224999948],[-77.19727536099998,-6.23341997499989],[-77.19196161099995,-6.237553349999928],[-77.19044336199994,-6.239356098999963],[-77.18605911099996,-6.241498348999926],[-77.18085348599993,-6.245340098999918],[-77.17407023599992,-6.246529348999843],[-77.17254198699999,-6.250123099999939],[-77.16908311099996,-6.25501397499994],[-77.16900661099999,-6.257692598999938],[-77.17095123699988,-6.263873848999879],[-77.1707907359999,-6.265198974999919],[-77.1668757359999,-6.26742747499992],[-77.16061186199988,-6.269445224999913],[-77.15535248599991,-6.274490973999946],[-77.15385386099985,-6.277331848999893],[-77.15166761199998,-6.279443349999895],[-77.15043298599994,-6.282394599999918],[-77.1476144859999,-6.286216099999933],[-77.14495198699996,-6.288297224999894],[-77.13889886099997,-6.29173034899992],[-77.1370016109999,-6.294711723999967],[-77.13483336099995,-6.300192599999946],[-77.13272523599994,-6.302421098999957],[-77.13253911099997,-6.308394723999925],[-77.13319923599988,-6.315981474999887],[-77.13230273599999,-6.322550723999882],[-77.13311673699991,-6.324977349999926],[-77.1354471109999,-6.327973349999922],[-77.13763398699984,-6.332867474999944],[-77.14375398699997,-6.342354598999975],[-77.14434686099997,-6.349096599999939],[-77.14658286199989,-6.351112474999923],[-77.14912386099996,-6.353450224999904],[-77.14941186199991,-6.358938599999874],[-77.15166473699998,-6.362038599999948],[-77.15482423599991,-6.364477974999829],[-77.16241473599996,-6.372941473999958],[-77.16185161199996,-6.375734348999913],[-77.1634106119999,-6.378081099999918],[-77.1659482369999,-6.379430224999908],[-77.17173248699993,-6.381169973999874],[-77.17699786199995,-6.38042497399988],[-77.18148123599991,-6.378459473999897],[-77.19319386199993,-6.381523599999923],[-77.19671336099998,-6.380558224999902],[-77.20147023599992,-6.377825974999951],[-77.20823636099993,-6.375183598999911],[-77.210161611,-6.375234723999881],[-77.21437348699999,-6.377867099999889],[-77.22145636199997,-6.381132724999929],[-77.22521473699999,-6.372716599999819],[-77.22925011099994,-6.369336224999813],[-77.23022123599992,-6.365867099999946],[-77.23315973699994,-6.363057473999959],[-77.23347023599996,-6.359931724999967],[-77.23751773599992,-6.354663599999924],[-77.24127598599995,-6.352639974999931],[-77.24246848599995,-6.346469599999978],[-77.24294711199991,-6.340199599999892],[-77.2436531109999,-6.338120474999926],[-77.24745148599993,-6.336012474999961],[-77.25467123599998,-6.336450099999979],[-77.25804461099995,-6.333127599999898],[-77.26000773599992,-6.32770572499993],[-77.26365348699989,-6.32770572499993],[-77.26681373599996,-6.330282474999933],[-77.2724452359999,-6.327731974999949],[-77.27992598599997,-6.327883849999978],[-77.28470598699988,-6.329093974999921],[-77.28707036199995,-6.332628848999946],[-77.2867694869999,-6.339087849999942],[-77.29440536099992,-6.337429349999923],[-77.2992269859999,-6.332027349999976],[-77.30293961099994,-6.331019348999973],[-77.31001586099995,-6.331940598999893],[-77.31757411099989,-6.334880848999944],[-77.32317511199994,-6.337961849999942],[-77.32980886199994,-6.337273099999948],[-77.33563448699994,-6.333141098999931],[-77.33963086099993,-6.331179099999872],[-77.3419299869999,-6.327585098999975],[-77.34599273599997,-6.322986724999964],[-77.35683148699997,-6.322257723999883],[-77.36137298599988,-6.319749849999937],[-77.36459286199994,-6.320032473999959],[-77.36693123599997,-6.319169474999967],[-77.3757039869999,-6.318164973999899],[-77.37860861199988,-6.320582974999979],[-77.38346173699989,-6.319755098999963],[-77.38722161199996,-6.319837974999871],[-77.39074723599998,-6.320923224999945],[-77.39252011099995,-6.318207598999891],[-77.39249873699998,-6.315998099999945],[-77.39546811099996,-6.308270224999944],[-77.39653161099994,-6.301389349999965],[-77.4018659869999,-6.29800634999998],[-77.40302511199997,-6.293901098999868],[-77.40574611099993,-6.29317972399997],[-77.40833061099994,-6.289242848999891],[-77.40944586099994,-6.282468474999916],[-77.41190248599997,-6.280909723999912],[-77.4206839869999,-6.281166849999977],[-77.42501298699989,-6.276561848999961],[-77.4286017359999,-6.268882599999927],[-77.4327012359999,-6.266255974999979],[-77.43293073699988,-6.2631858499999],[-77.43421061199984,-6.260839349999912],[-77.43426086199992,-6.254891599999951],[-77.44339573699989,-6.247438098999964],[-77.44670836099988,-6.242945973999895],[-77.4468201119999,-6.237004098999876],[-77.44832986199992,-6.231494848999944],[-77.44758598699997,-6.222145973999943],[-77.44813373599999,-6.220848599999954],[-77.45271286199994,-6.216515599999923],[-77.45403523699991,-6.214025724999885],[-77.45479986199996,-6.210182974999896],[-77.45653198699995,-6.206902473999889],[-77.45670348599998,-6.204146974999901],[-77.45875298599992,-6.192985849999957],[-77.46964973699994,-6.186460348999958],[-77.4698114869999,-6.182348598999909],[-77.47419386199994,-6.178039973999944],[-77.47589498599996,-6.17436022499993],[-77.47994573599988,-6.169633723999937],[-77.48407948599998,-6.168253974999971],[-77.48731511199998,-6.164645848999953],[-77.48666848699997,-6.160477474999936],[-77.48806911099996,-6.158601599999827],[-77.49522186199988,-6.158730098999968],[-77.4981859859999,-6.15642859999997],[-77.49976811199997,-6.153001973999949],[-77.4984393609999,-6.148290599999939],[-77.49549461199996,-6.141440348999936],[-77.49760011199993,-6.132823223999935],[-77.4997168619999,-6.128308849999939],[-77.50567011099992,-6.120972223999956],[-77.50938036199994,-6.118729223999821],[-77.50931748699998,-6.110868473999915],[-77.5083814869999,-6.109485224999958],[-77.50546911199996,-6.108866098999954],[-77.505208612,-6.107210348999956],[-77.50732611199999,-6.102609223999934],[-77.50814361199991,-6.097180223999942],[-77.50599261199994,-6.090903223999931],[-77.50651973699996,-6.089312848999953],[-77.50992061199997,-6.086494973999947],[-77.51225286199985,-6.085911849999945],[-77.51825298699998,-6.086397598999952],[-77.52216286199985,-6.084168598999952],[-77.5229171119999,-6.080276099999935],[-77.52554073699997,-6.078381223999884],[-77.53136536199992,-6.06917059999995],[-77.53380886199994,-6.063371348999908],[-77.53156098699992,-6.060330474999944],[-77.52731886199996,-6.059939973999974],[-77.51884373599995,-6.055943348999961],[-77.51792186199992,-6.054853348999814],[-77.51587498599997,-6.047552723999956],[-77.5124061109999,-6.043200973999888],[-77.51053936199992,-6.039482223999869],[-77.50975186199997,-6.032496098999957],[-77.50267398699998,-6.032003723999878],[-77.49433373699992,-6.02893759899996],[-77.48975761099996,-6.028860098999928],[-77.48841498699994,-6.02714047399985],[-77.48898236199994,-6.024841723999884],[-77.48642723699999,-6.02017334899989],[-77.48633061099997,-6.017691223999975],[-77.48730898699995,-6.011169098999972],[-77.48622073599995,-6.008837849999907],[-77.47861523599994,-6.000894474999939],[-77.47690486199991,-5.999967598999888],[-77.47358048699994,-6.000050723999948],[-77.47196873699988,-6.002359349999892],[-77.47185411099997,-6.006753973999878],[-77.46996211199996,-6.009456973999875],[-77.46674986099998,-6.012155348999954],[-77.46765023699999,-6.014983598999947],[-77.46750836199993,-6.019614973999978],[-77.4651269869999,-6.021845724999878],[-77.45943461199994,-6.023613473999944],[-77.45835723599998,-6.026060474999952],[-77.4553081119999,-6.029696598999976],[-77.4553013609999,-6.03444847399993],[-77.45166873699998,-6.038571598999908],[-77.44923723699998,-6.04443372399993],[-77.44574648599996,-6.046227349999924],[-77.44524086199988,-6.049369098999875],[-77.4419908619999,-6.050560723999979],[-77.44114373699989,-6.052467098999898],[-77.43795386199992,-6.055431349999935],[-77.43446298699996,-6.060411723999891],[-77.43211573599996,-6.061916348999944],[-77.42963773699995,-6.061125223999966],[-77.42999423599986,-6.055025098999977],[-77.42907636199993,-6.051940473999935],[-77.42698973599994,-6.050664598999958],[-77.42226248699995,-6.050069723999968],[-77.42184698699998,-6.049208348999912],[-77.42129298699996,-6.040167848999943],[-77.42150273699997,-6.037045473999967],[-77.41930473699995,-6.032380848999935],[-77.41697286199991,-6.032381848999933],[-77.41563448599993,-6.033854099999871],[-77.41031623599997,-6.036232223999889],[-77.4046057359999,-6.034734348999962],[-77.39732423699996,-6.038849598999946],[-77.39549761199993,-6.039376723999908],[-77.39428711199997,-6.04210747399992],[-77.39332698699991,-6.049402348999877],[-77.3915504869999,-6.052148098999965],[-77.38928923699996,-6.057812349999949],[-77.38632236199999,-6.061136098999953],[-77.38241798699994,-6.063468723999961],[-77.38545448599996,-6.068642098999931],[-77.38333161099996,-6.072613474999969],[-77.38256248699992,-6.077141223999945],[-77.38050011199988,-6.079985974999886],[-77.3729721119999,-6.077495099999965],[-77.36838098699991,-6.074119348999943],[-77.35937223699989,-6.072139099999958]]]]},"properties":{"ubigeo":"010512","nombre":"VISTA ALEGRE"}},{"type":"Feature","geometry":{"type":"MultiPolygon","coordinates":[[[[-77.58100198699992,-4.459540972999889],[-77.58594311199994,-4.47501309799992],[-77.58908786099988,-4.480464847999883],[-77.5910481119999,-4.482654722999882],[-77.59438623699998,-4.484356847999948],[-77.59797311199992,-4.485163972999942],[-77.60454686199989,-4.485810597999887],[-77.60473273699995,-4.487679472999957],[-77.60788773699994,-4.492244097999901],[-77.61102048699996,-4.494265722999955],[-77.61752173699989,-4.495879847999902],[-77.62801336199988,-4.496553597999878],[-77.64063086099998,-4.496515596999927],[-77.64097448699994,-4.507505972999979],[-77.64135261199993,-4.510060722999981],[-77.6454259869999,-4.511210222999864],[-77.65275286199994,-4.51521534799997],[-77.65545698699998,-4.518544972999962],[-77.65567748599989,-4.521840097999927],[-77.65464623699995,-4.531076347999942],[-77.65191961199992,-4.537051346999931],[-77.64901561199997,-4.54641597299991],[-77.65096961199993,-4.549025097999959],[-77.65663286199998,-4.55207347299995],[-77.65860636099995,-4.554262346999963],[-77.65965336199997,-4.557974222999974],[-77.65859923699998,-4.564509347999945],[-77.65720748699994,-4.567332347999923],[-77.6557977359999,-4.572424722999926],[-77.65261323699997,-4.574570347999895],[-77.6531206119999,-4.575987347999899],[-77.65924986199997,-4.5813790979999],[-77.66002736199994,-4.582603472999949],[-77.6609599869999,-4.588145722999968],[-77.66293698699997,-4.593618597999978],[-77.66261498699998,-4.60105184799994],[-77.66489923699999,-4.609218222999914],[-77.66615823699993,-4.615683597999919],[-77.6686952369999,-4.619768847999978],[-77.66950411199997,-4.623980472999847],[-77.6718222369999,-4.627691347999928],[-77.67194536199997,-4.629468472999974],[-77.67761811199995,-4.635996847999934],[-77.68044986099994,-4.640160847999937],[-77.68650198699993,-4.646349597999972],[-77.68706536199994,-4.648706722999975],[-77.69103836199992,-4.652819597999894],[-77.69451236199995,-4.658673097999895],[-77.69667773699996,-4.659577222999928],[-77.70024686199997,-4.659267972999942],[-77.70533898699995,-4.659719972999937],[-77.7095004869999,-4.661446972999897],[-77.71596973699997,-4.66508797299997],[-77.71868148699997,-4.667958972999941],[-77.71997186199997,-4.67064247299993],[-77.72703961199983,-4.680064472999959],[-77.72856248699998,-4.681587222999951],[-77.73139411199998,-4.68844022299993],[-77.74019548699988,-4.694453597999939],[-77.7513339869999,-4.700678597999911],[-77.75595811199997,-4.702461222999887],[-77.75993186199997,-4.707386722999956],[-77.76652411199996,-4.713504847999957],[-77.77187886199994,-4.717558597999925],[-77.77434336199991,-4.722847097999875],[-77.77522373699992,-4.728319847999899],[-77.77860261199999,-4.731317972999932],[-77.78305473699993,-4.732894472999874],[-77.78731136199997,-4.739265472999875],[-77.7904923619999,-4.746668097999873],[-77.7911301119999,-4.75356184799989],[-77.7938693619999,-4.757477972999936],[-77.79462186199999,-4.763006847999975],[-77.79266473699988,-4.770260722999922],[-77.7898452369999,-4.775469597999972],[-77.79019861199993,-4.779388597999969],[-77.78926711199995,-4.785106473999974],[-77.79032711199989,-4.787611972999912],[-77.79431023699988,-4.791209722999952],[-77.795402487,-4.793040722999933],[-77.79514548699996,-4.797056097999928],[-77.79645311199988,-4.80321284799993],[-77.79531736199988,-4.805702222999969],[-77.79511336199988,-4.814787847999924],[-77.7958156119999,-4.818580847999897],[-77.79897073699993,-4.822213472999977],[-77.79911348699994,-4.824592847999952],[-77.79716923699982,-4.828793347999977],[-77.79259573699994,-4.83180884799998],[-77.79174561199994,-4.833774847999905],[-77.7948442369999,-4.837680722999892],[-77.79529486199988,-4.839234347999934],[-77.79480411199995,-4.845300348999899],[-77.79357486199996,-4.849963472999832],[-77.78781748699998,-4.856824348999965],[-77.7866932369999,-4.861883722999949],[-77.78243698699998,-4.864895223999895],[-77.78073823699992,-4.870189472999925],[-77.77894361199986,-4.871841722999932],[-77.7748027369999,-4.878218722999975],[-77.77368161199996,-4.88276172299993],[-77.7741942369999,-4.888713223999957],[-77.77378811199998,-4.891669097999909],[-77.77123748699995,-4.896508347999941],[-77.76800698699992,-4.900025098999947],[-77.76456861199989,-4.90255909799987],[-77.76015173699994,-4.90934509799996],[-77.76183823699995,-4.913199847999863],[-77.76537336199988,-4.916627597999877],[-77.76693161199995,-4.921218722999981],[-77.76635473699997,-4.923927847999948],[-77.76344536199997,-4.930712723999932],[-77.76273023699997,-4.937935597999967],[-77.76115861199986,-4.944970597999941],[-77.7584454869999,-4.950052722999942],[-77.75928973699996,-4.951781347999884],[-77.76817698699995,-4.955934222999872],[-77.77004573699986,-4.958425972999976],[-77.77153898699993,-4.96419084799993],[-77.77837386199997,-4.975033347999897],[-77.786267362,-4.988049973999978],[-77.78923048699994,-4.990468723999925],[-77.79632511199998,-4.999324472999888],[-77.80067386199988,-5.005445347999967],[-77.8083351119999,-5.015494348999937],[-77.80948773699998,-5.01612634799983],[-77.81642186199991,-5.023837722999872],[-77.81762986199993,-5.024640347999934],[-77.82461961199994,-5.031778723999935],[-77.82595798699998,-5.035050472999956],[-77.82484261199988,-5.037541473999966],[-77.8192286119999,-5.037355597999976],[-77.81603123699995,-5.03828509799996],[-77.81335436199998,-5.041259347999926],[-77.81491598699995,-5.048025972999881],[-77.81443248699998,-5.051818348999973],[-77.81193161199991,-5.054714848999936],[-77.81279061199996,-5.05812997299995],[-77.81787911199996,-5.063792598999953],[-77.81920898699997,-5.070613222999953],[-77.82227748699984,-5.081792722999921],[-77.8208099869999,-5.08880572399994],[-77.81766011199988,-5.091230473999929],[-77.81145348699988,-5.092431723999937],[-77.80747673699994,-5.091703472999882],[-77.80201886199995,-5.086196723999876],[-77.79983511199993,-5.087040972999944],[-77.79495536199994,-5.092803598999978],[-77.79100498699995,-5.095220222999899],[-77.78412048699994,-5.096828597999945],[-77.77428673699995,-5.097177972999873],[-77.76871336199991,-5.103292723999971],[-77.76770773699997,-5.106337722999967],[-77.76756811199994,-5.111589473999913],[-77.76279123699993,-5.117707222999911],[-77.75545248699996,-5.122407223999971],[-77.74528511199992,-5.133017597999981],[-77.95551511199989,-5.399720597999931],[-77.95955998699998,-5.395949597999959],[-77.96544198699996,-5.393094347999977],[-77.96680023699997,-5.39305047299996],[-77.97168086199997,-5.395247848999873],[-77.97982236199988,-5.395210848999909],[-77.98676223699988,-5.393989847999876],[-77.99239361199989,-5.391781972999979],[-77.99597386199991,-5.386024222999936],[-77.99632973699988,-5.383951473999957],[-77.9994493619999,-5.380915473999892],[-78.00606561299992,-5.378926473999911],[-78.00717061199998,-5.376965972999869],[-78.00898636199992,-5.371034348999899],[-78.01523961199996,-5.367572723999956],[-78.02179123699989,-5.365814973999875],[-78.02956998699995,-5.368540472999882],[-78.03935923699999,-5.372932598999967],[-78.04512861199993,-5.374421472999927],[-78.05089798699998,-5.375054223999882],[-78.05151673799986,-5.376031098999874],[-78.05242411199998,-5.383912972999951],[-78.05525286199997,-5.39109684899995],[-78.05512298699989,-5.395425723999949],[-78.04836686199991,-5.403156722999938],[-78.04695248699994,-5.406916098999943],[-78.04832973699996,-5.410526597999933],[-78.05145636199984,-5.412945972999978],[-78.0554354869999,-5.413798848999932],[-78.06329286299996,-5.411047723999957],[-78.06801998699996,-5.410973223999918],[-78.07319373699994,-5.409186598999952],[-78.0740246119999,-5.408005473999935],[-78.08056373799997,-5.402374972999837],[-78.08101773699997,-5.400478973999896],[-78.078628112,-5.398206222999875],[-78.07792098699997,-5.395005098999945],[-78.07896311199988,-5.39221347299997],[-78.08354148699988,-5.386109098999952],[-78.08522836299994,-5.381247723999934],[-78.08752411199998,-5.377064222999934],[-78.08875248699991,-5.37088547399992],[-78.09251186299997,-5.365860472999941],[-78.0928754869999,-5.3619774739999],[-78.09383136299988,-5.360467597999957],[-78.10245011199999,-5.352907348999963],[-78.10367836199998,-5.350413348999894],[-78.10416223799996,-5.3465423479999],[-78.106146487,-5.341998097999976],[-78.10118973699997,-5.342307098999868],[-78.09675786199989,-5.341275348999943],[-78.09663536299996,-5.33452634799994],[-78.09321948699994,-5.32573522399997],[-78.09097586299987,-5.322534597999891],[-78.09073686199997,-5.3183107239999],[-78.08420298699991,-5.312852097999894],[-78.08085873699997,-5.294595848999904],[-78.08001336199999,-5.292883723999978],[-78.07450748699989,-5.286720598999977],[-78.07356448699994,-5.282058598999981],[-78.0696874869999,-5.271890473999918],[-78.06761323699993,-5.265271472999927],[-78.07156173699997,-5.261568222999927],[-78.0717167379999,-5.260300473999848],[-78.07616686299997,-5.25400609899998],[-78.07582823799993,-5.251398348999942],[-78.0729157369999,-5.246182972999975],[-78.06699423699996,-5.23897934799993],[-78.06854173699998,-5.235441972999979],[-78.06960548699993,-5.228699223999968],[-78.06390736299994,-5.225626347999878],[-78.06065623699993,-5.22196884799996],[-78.0608594869999,-5.216482472999871],[-78.05943811199995,-5.212735472999896],[-78.05734786299996,-5.210912848999897],[-78.05689711199994,-5.20859172299987],[-78.06207023699989,-5.204453473999877],[-78.06617398699996,-5.197957848999977],[-78.0714933619999,-5.191421598999966],[-78.07616798699996,-5.181531223999968],[-78.07498573799995,-5.177611723999973],[-78.07549473799997,-5.174723348999976],[-78.07971486199989,-5.170759722999946],[-78.08204836199997,-5.173108472999957],[-78.08632936299989,-5.174911472999895],[-78.08798736299997,-5.174481597999943],[-78.09329298699998,-5.170939472999976],[-78.09724611299998,-5.169005722999941],[-78.10035161199988,-5.160681597999883],[-78.10101986199993,-5.157580223999958],[-78.10003111299994,-5.153531222999959],[-78.09932248799998,-5.146089973999892],[-78.096380862,-5.141896472999917],[-78.1006512379999,-5.143432473999894],[-78.10433723799997,-5.145714847999955],[-78.10755423699993,-5.143761722999898],[-78.11055073699998,-5.139857473999882],[-78.11831923699998,-5.137275347999946],[-78.12225173799993,-5.135199722999971],[-78.12364261199991,-5.131878848999918],[-78.12623436199993,-5.128498097999966],[-78.12971798699988,-5.127225473999943],[-78.13632123799994,-5.123677848999932],[-78.14239848699987,-5.118857472999878],[-78.14691761299986,-5.120463222999945],[-78.15138236199988,-5.119897722999951],[-78.15801173699992,-5.11635747299988],[-78.15927011199994,-5.114391223999917],[-78.15881136299993,-5.109946972999978],[-78.15719423699989,-5.106937847999973],[-78.15589998799999,-5.10246634899994],[-78.15469111199991,-5.100995973999943],[-78.15402598799994,-5.096534973999951],[-78.14870161199991,-5.095378473999915],[-78.14382611199994,-5.0955703489999],[-78.13907873699998,-5.088694848999978],[-78.13778911199995,-5.08550159899994],[-78.13932436199997,-5.082738347999907],[-78.14314448799996,-5.080658223999933],[-78.14809936199993,-5.081573722999906],[-78.15662786299993,-5.080417348999902],[-78.1608044869999,-5.078975098999933],[-78.1677069879999,-5.080912097999885],[-78.16711423699991,-5.076381097999956],[-78.17176161199995,-5.07254297399993],[-78.17727436199988,-5.061368222999931],[-78.17979211199986,-5.058297973999913],[-78.18528986199982,-5.054211848999955],[-78.18811248699996,-5.047740097999963],[-78.19325436199995,-5.040718722999884],[-78.19484098799995,-5.037893597999812],[-78.19602536199989,-5.031427722999922],[-78.19406548799992,-5.025283722999973],[-78.19391423799993,-5.021281222999903],[-78.18905623699999,-5.020365472999913],[-78.1882009869999,-5.018401723999887],[-78.18722661299995,-5.007238223999934],[-78.18502086299992,-5.004331972999978],[-78.181974987,-5.002636222999911],[-78.18010348799993,-4.996562472999813],[-78.17696386199998,-4.994541222999885],[-78.16842323699996,-4.993488722999928],[-78.16123611299992,-4.993674097999929],[-78.15617636299999,-4.993324597999958],[-78.14924936299997,-4.995257722999952],[-78.1464042369999,-4.99193747399994],[-78.14543198799993,-4.989574723999908],[-78.14752211199993,-4.985380472999907],[-78.14801048699996,-4.980211473999873],[-78.14777048699989,-4.975578097999858],[-78.14586586199994,-4.96816459899992],[-78.15368798799994,-4.961235722999959],[-78.15755023699995,-4.955430972999977],[-78.16075761199994,-4.952065597999876],[-78.16326123799996,-4.947388473999979],[-78.16301623699997,-4.943821722999928],[-78.16496486199998,-4.939427722999881],[-78.16517323699998,-4.936903098999892],[-78.16185736199998,-4.928814472999875],[-78.16121323799996,-4.92296359799991],[-78.15816311199995,-4.918601597999952],[-78.15656048699992,-4.917742097999962],[-78.15431173699994,-4.919639597999947],[-78.14997523699998,-4.919020098999965],[-78.14708411199996,-4.916645347999918],[-78.14605161199995,-4.913134722999871],[-78.14088898799992,-4.909314472999881],[-78.1390304869999,-4.904874597999878],[-78.13923698699995,-4.900641347999908],[-78.13582973699994,-4.893516972999919],[-78.13438398799997,-4.887425097999937],[-78.13056386199997,-4.886289222999949],[-78.12777598699995,-4.883294972999977],[-78.12684673799998,-4.880094222999901],[-78.1275694869999,-4.876377097999921],[-78.12746623699991,-4.866981222999925],[-78.12849873799996,-4.862954348999892],[-78.12880848699996,-4.857998223999914],[-78.12811823699997,-4.848554347999936],[-78.1237884869999,-4.843638722999913],[-78.11930936199991,-4.842097472999853],[-78.11941261199996,-4.840238973999931],[-78.12472648699998,-4.830210972999907],[-78.12783586199993,-4.826415222999913],[-78.13042973699999,-4.821172722999961],[-78.13255948699998,-4.818548723999925],[-78.13758073799994,-4.809694347999937],[-78.1428574869999,-4.801473097999974],[-78.14140686199988,-4.798759347999976],[-78.13637898699989,-4.79352747299987],[-78.13973661299997,-4.786965847999909],[-78.14011436199996,-4.783851972999855],[-78.13943173799998,-4.779957097999898],[-78.14282561199997,-4.777347972999962],[-78.14477111199989,-4.773911472999828],[-78.14495111199994,-4.771374847999823],[-78.15413861199994,-4.762699222999913],[-78.14873123799998,-4.759394097999916],[-78.14523986199993,-4.758099347999973],[-78.14464348799999,-4.754258847999949],[-78.1425634869999,-4.748998847999928],[-78.14020986299994,-4.746107347999953],[-78.13886061199997,-4.74191534799985],[-78.13601561199994,-4.738751972999921],[-78.13376136199992,-4.731955347999872],[-78.13177773699994,-4.729242972999828],[-78.13216311299993,-4.725845972999934],[-78.13143048699999,-4.723448097999949],[-78.12797111199995,-4.719316972999934],[-78.12676648699994,-4.711800222999898],[-78.12319136299999,-4.704341847999956],[-78.12014111199994,-4.699513347999869],[-78.12014111199994,-4.695803222999928],[-78.12365811199993,-4.69185747299997],[-78.12416936199998,-4.688505972999963],[-78.12606773699991,-4.685539972999948],[-78.12832998699997,-4.675876222999932],[-78.13253111199992,-4.668693597999891],[-78.13315836199996,-4.664878972999929],[-78.13089423799994,-4.66068297299995],[-78.12865061199994,-4.659208472999978],[-78.12518361199994,-4.654388722999954],[-78.11930173699994,-4.647268097999927],[-78.11637748699991,-4.645022722999954],[-78.11260036199985,-4.639692847999868],[-78.11219073699988,-4.635717597999928],[-78.10955523699994,-4.631948097999953],[-78.10580486299989,-4.62440622299988],[-78.10554136199994,-4.618034097999953],[-78.10448136199989,-4.613504722999949],[-78.10479448699994,-4.603602972999909],[-78.1064568619999,-4.600133722999942],[-78.10638461199989,-4.597459472999901],[-78.10267436199996,-4.591797847999885],[-78.10291536199998,-4.587726221999958],[-78.1019998619999,-4.583221097999967],[-78.10224511299998,-4.580619847999969],[-78.10187936199998,-4.568669472999886],[-78.10445111299998,-4.564464597999972],[-78.10808673699995,-4.555477722999967],[-78.10903473699994,-4.550118597999926],[-78.11457598799996,-4.537807596999812],[-78.11691298699998,-4.530435347999912],[-78.11922561199992,-4.526725222999971],[-78.1160414869999,-4.521680597999932],[-78.11611798799993,-4.516862722999917],[-78.11117573699994,-4.509822222999958],[-78.10561811199989,-4.507601472999966],[-78.10267848699993,-4.507203972999946],[-78.09586836199992,-4.504848347999882],[-78.09271348699991,-4.503212722999933],[-78.08896411199993,-4.508645846999968],[-78.08918861199987,-4.513066222999953],[-78.08616336199992,-4.519949972999939],[-78.08569211199995,-4.524803847999976],[-78.08081486199995,-4.522527847999868],[-78.07575561199997,-4.521564222999928],[-78.07327398699988,-4.522648347999905],[-78.07098448699992,-4.522056597999949],[-78.06601286199998,-4.519326471999932],[-78.0574697369999,-4.512288596999895],[-78.04995298699998,-4.51048184699988],[-78.04655598699992,-4.508409847999872],[-78.03983436299995,-4.501615972999957],[-78.03756973699996,-4.497134847999916],[-78.02990823699997,-4.486871597999937],[-78.02583986199994,-4.484525347999977],[-78.02344373699992,-4.481898847999958],[-78.02300073699996,-4.477910847999965],[-78.02141073699994,-4.474887221999893],[-78.01270498699995,-4.471915847999981],[-78.00826198699997,-4.467222847999892],[-78.0025034869999,-4.459386347999953],[-78.00044761199996,-4.454303721999963],[-77.99982361199994,-4.448923722999893],[-77.99570511199988,-4.435640597999964],[-77.99189673699993,-4.430202346999977],[-77.98904136199991,-4.428660347999937],[-77.97703273699983,-4.427308722999896],[-77.97025311199997,-4.424720097999966],[-77.96762611199983,-4.42146497199991],[-77.9636444869999,-4.412412097999947],[-77.96072723699996,-4.40166584799988],[-77.95744261199997,-4.397813222999957],[-77.94526798699997,-4.392577347999918],[-77.94135698699995,-4.392454597999972],[-77.93313361199989,-4.395880971999873],[-77.92135273699989,-4.397806847999959],[-77.91188098699996,-4.400072847999979],[-77.90276911199999,-4.403030722999915],[-77.89801261199989,-4.405189471999961],[-77.89229586199997,-4.406822472999977],[-77.88317186199998,-4.406874971999969],[-77.87458786199994,-4.405646472999933],[-77.86734623699994,-4.405246722999948],[-77.85632461199998,-4.406445847999976],[-77.84941573699996,-4.407580222999968],[-77.8434341119999,-4.406706972999928],[-77.83747848699988,-4.404583971999955],[-77.83145748699991,-4.400075472999845],[-77.82588648699993,-4.392797222999889],[-77.81600698699998,-4.385658847999935],[-77.80274223699996,-4.383421847999898],[-77.7951738619999,-4.384126597999966],[-77.79247886199994,-4.38485934799985],[-77.78772073699997,-4.387667972999964],[-77.77682061199988,-4.391727097999933],[-77.76997661199994,-4.393000597999958],[-77.76299186199992,-4.392712972999959],[-77.75569948699996,-4.393658346999928],[-77.75023636199995,-4.395730472999958],[-77.7384804859999,-4.402085972999942],[-77.72323373699999,-4.411313347999908],[-77.69607611199996,-4.426234347999923],[-77.68060348699993,-4.432318346999978],[-77.67191411199997,-4.434244096999976],[-77.6657947359999,-4.43512697299991],[-77.65836323699989,-4.434923847999926],[-77.65017773699998,-4.432830097999954],[-77.64800198699999,-4.432837846999973],[-77.63920511199996,-4.436773471999913],[-77.63341223599991,-4.436261721999927],[-77.62368648699999,-4.43741847299998],[-77.6168099869999,-4.44123172299993],[-77.61503186199997,-4.444766347999916],[-77.6121328619999,-4.446863846999918],[-77.60376373699995,-4.449543597999934],[-77.59821536199996,-4.44909372199993],[-77.59573036099988,-4.450464722999868],[-77.59144586199994,-4.454299347999893],[-77.58938936199996,-4.454877722999868],[-77.58566186199994,-4.457919721999929],[-77.58100198699992,-4.459540972999889]]]]},"properties":{"ubigeo":"010601","nombre":"NIEVA"}},{"type":"Feature","geometry":{"type":"MultiPolygon","coordinates":[[[[-77.5711172369999,-4.195158221999975],[-77.5736431119999,-4.20615872299993],[-77.57549711199994,-4.210046471999931],[-77.5769751119999,-4.218262971999934],[-77.5766229869999,-4.224040972999831],[-77.5806034869999,-4.24071284799993],[-77.58367898699998,-4.248172222999926],[-77.58555073699995,-4.251333972999873],[-77.58238473699993,-4.270087847999946],[-77.58005611199991,-4.274041472999954],[-77.57956048599993,-4.276179722999927],[-77.58067811199993,-4.290087347999929],[-77.57900536199992,-4.301156471999889],[-77.57670511199996,-4.307939471999873],[-77.57156248599995,-4.328806597999915],[-77.57023336199995,-4.341389597999978],[-77.56803323599996,-4.350490221999905],[-77.56775561199993,-4.355587097999887],[-77.56585923599988,-4.36553572299988],[-77.56538686199997,-4.372462471999881],[-77.56788986199996,-4.38527384799994],[-77.56816211199998,-4.3884120969999],[-77.56487948699998,-4.393551846999912],[-77.56506636199998,-4.398898471999871],[-77.56845286199996,-4.417569472999901],[-77.56827536099996,-4.420919971999922],[-77.57349048599997,-4.430439222999951],[-77.57372661099998,-4.435353471999917],[-77.57581161199982,-4.443035346999977],[-77.57900048699997,-4.450314472999935],[-77.58100198699992,-4.459540972999889],[-77.58566186199994,-4.457919721999929],[-77.58938936199996,-4.454877722999868],[-77.59144586199994,-4.454299347999893],[-77.59573036099988,-4.450464722999868],[-77.59821536199996,-4.44909372199993],[-77.60376373699995,-4.449543597999934],[-77.6121328619999,-4.446863846999918],[-77.61503186199997,-4.444766347999916],[-77.6168099869999,-4.44123172299993],[-77.62368648699999,-4.43741847299998],[-77.63341223599991,-4.436261721999927],[-77.63920511199996,-4.436773471999913],[-77.64800198699999,-4.432837846999973],[-77.65017773699998,-4.432830097999954],[-77.65836323699989,-4.434923847999926],[-77.6657947359999,-4.43512697299991],[-77.67191411199997,-4.434244096999976],[-77.68060348699993,-4.432318346999978],[-77.69607611199996,-4.426234347999923],[-77.72323373699999,-4.411313347999908],[-77.7384804859999,-4.402085972999942],[-77.75023636199995,-4.395730472999958],[-77.75569948699996,-4.393658346999928],[-77.76299186199992,-4.392712972999959],[-77.76997661199994,-4.393000597999958],[-77.77682061199988,-4.391727097999933],[-77.78772073699997,-4.387667972999964],[-77.79247886199994,-4.38485934799985],[-77.7951738619999,-4.384126597999966],[-77.80274223699996,-4.383421847999898],[-77.81600698699998,-4.385658847999935],[-77.82588648699993,-4.392797222999889],[-77.83145748699991,-4.400075472999845],[-77.83747848699988,-4.404583971999955],[-77.8434341119999,-4.406706972999928],[-77.84941573699996,-4.407580222999968],[-77.85632461199998,-4.406445847999976],[-77.86734623699994,-4.405246722999948],[-77.87458786199994,-4.405646472999933],[-77.88317186199998,-4.406874971999969],[-77.89229586199997,-4.406822472999977],[-77.89801261199989,-4.405189471999961],[-77.90276911199999,-4.403030722999915],[-77.91188098699996,-4.400072847999979],[-77.92135273699989,-4.397806847999959],[-77.93313361199989,-4.395880971999873],[-77.94135698699995,-4.392454597999972],[-77.94526798699997,-4.392577347999918],[-77.95744261199997,-4.397813222999957],[-77.96072723699996,-4.40166584799988],[-77.9636444869999,-4.412412097999947],[-77.96762611199983,-4.42146497199991],[-77.97025311199997,-4.424720097999966],[-77.97703273699983,-4.427308722999896],[-77.98904136199991,-4.428660347999937],[-77.99189673699993,-4.430202346999977],[-77.99570511199988,-4.435640597999964],[-77.99982361199994,-4.448923722999893],[-78.00044761199996,-4.454303721999963],[-78.0025034869999,-4.459386347999953],[-78.00826198699997,-4.467222847999892],[-78.01270498699995,-4.471915847999981],[-78.02141073699994,-4.474887221999893],[-78.02300073699996,-4.477910847999965],[-78.02344373699992,-4.481898847999958],[-78.02583986199994,-4.484525347999977],[-78.02990823699997,-4.486871597999937],[-78.03756973699996,-4.497134847999916],[-78.03983436299995,-4.501615972999957],[-78.04655598699992,-4.508409847999872],[-78.04995298699998,-4.51048184699988],[-78.0574697369999,-4.512288596999895],[-78.06601286199998,-4.519326471999932],[-78.07098448699992,-4.522056597999949],[-78.07327398699988,-4.522648347999905],[-78.07575561199997,-4.521564222999928],[-78.08081486199995,-4.522527847999868],[-78.08569211199995,-4.524803847999976],[-78.08616336199992,-4.519949972999939],[-78.08918861199987,-4.513066222999953],[-78.08896411199993,-4.508645846999968],[-78.09271348699991,-4.503212722999933],[-78.09097911199996,-4.500846722999938],[-78.08590336299994,-4.496349847999966],[-78.08377948699996,-4.492177472999913],[-78.0767744879999,-4.488793347999945],[-78.06749873699988,-4.479936972999894],[-78.06527811299992,-4.47661084799995],[-78.06122161199994,-4.472097597999948],[-78.05825786199995,-4.467556597999874],[-78.05533498699992,-4.460177972999929],[-78.05299361199991,-4.457151222999869],[-78.05074111199997,-4.448165972999902],[-78.05087161299997,-4.444426472999965],[-78.04850186199997,-4.440404347999959],[-78.04858886199997,-4.437317097999937],[-78.04613211299994,-4.434468972999923],[-78.0465668619999,-4.430925097999818],[-78.04582223699998,-4.425564347999909],[-78.04385586299998,-4.417391096999893],[-78.04397986199996,-4.414258971999914],[-78.04210773699992,-4.410828722999952],[-78.04020148699993,-4.403732347999892],[-78.04123123799997,-4.398291847999872],[-78.04752048699999,-4.391404097999953],[-78.04696211199996,-4.387453721999918],[-78.04766011199996,-4.382474596999884],[-78.04725886199998,-4.377130222999938],[-78.04439023699996,-4.372308097999962],[-78.0452139869999,-4.362749846999975],[-78.04369686199988,-4.358923847999961],[-78.04420111199994,-4.351489721999826],[-78.04335073699991,-4.347649222999848],[-78.04243036299988,-4.338685971999951],[-78.04323911199992,-4.336139222999975],[-78.043394488,-4.328838471999973],[-78.03974436199996,-4.327167346999886],[-78.03578648699994,-4.324484722999898],[-78.0362818619999,-4.319084221999901],[-78.03796486199997,-4.315482471999871],[-78.03728511199995,-4.313400347999902],[-78.03413473699999,-4.309517596999967],[-78.03150236299996,-4.298472596999943],[-78.02733386199992,-4.294410597999956],[-78.02801236199986,-4.292083722999905],[-78.03104498699997,-4.290500097999882],[-78.03363086199994,-4.290740347999929],[-78.03684898699993,-4.292411472999845],[-78.04236636199994,-4.292168097999934],[-78.04616648699994,-4.294053847999919],[-78.05252661199995,-4.294222722999962],[-78.05790236199994,-4.292477721999887],[-78.06063236199992,-4.289747597999963],[-78.07003286199995,-4.287411596999959],[-78.07152448799991,-4.28637009799985],[-78.07507086199996,-4.281332222999936],[-78.07784086199996,-4.280227972999967],[-78.08568148799992,-4.275562597999851],[-78.09505373699994,-4.275562596999919],[-78.0991066119999,-4.274267846999919],[-78.10169598699991,-4.275421846999905],[-78.10704348699988,-4.27908059799995],[-78.11250361299994,-4.276428347999968],[-78.11379298799994,-4.276490222999939],[-78.1178792369999,-4.279418472999851],[-78.12046873699995,-4.277380846999904],[-78.12167873699997,-4.269896597999889],[-78.12332136199996,-4.267040847999965],[-78.1267589869999,-4.26527734799987],[-78.12779823699992,-4.260789846999955],[-78.12634048699994,-4.257476472999883],[-78.12694211199988,-4.255129222999926],[-78.12578811199995,-4.248824721999824],[-78.12274886199992,-4.245329721999838],[-78.12274898699997,-4.24402522299988],[-78.12553486199988,-4.239030346999868],[-78.12606961199998,-4.236300221999954],[-78.12619123799993,-4.227014722999854],[-78.12274848699991,-4.215557346999901],[-78.12272373699989,-4.211496971999964],[-78.12602923799994,-4.204203096999947],[-78.12663248799993,-4.199036097999908],[-78.12094723799999,-4.198417096999947],[-78.11539361199993,-4.194167596999876],[-78.11481161199993,-4.188115971999935],[-78.11595061199995,-4.182123971999943],[-78.11756973699988,-4.176435847999926],[-78.12032798699994,-4.172608097999955],[-78.12469048699984,-4.168921097999885],[-78.13154811299995,-4.167825222999909],[-78.13445673699994,-4.16599397199991],[-78.13752461299998,-4.165571847999956],[-78.1370446119999,-4.160435346999975],[-78.13566836299998,-4.157227097999908],[-78.13289148799998,-4.145874972999877],[-78.13153548799988,-4.138258596999947],[-78.13217186199995,-4.128886721999891],[-78.13051098699992,-4.125001096999938],[-78.13166373699994,-4.12006959699994],[-78.13025473699997,-4.113184721999914],[-78.13025473799996,-4.110334722999937],[-78.13147161199993,-4.104282472999842],[-78.13249636199998,-4.102393097999936],[-78.13344536199997,-4.094804721999822],[-78.13790823699998,-4.086413597999979],[-78.1372832369999,-4.082165971999927],[-78.1373762369999,-4.076973221999879],[-78.14014973799988,-4.071523096999954],[-78.14117448699994,-4.059226347999925],[-78.14348348799984,-4.054090722999888],[-78.14287173699995,-4.050420096999972],[-78.1451773629999,-4.038347472999817],[-78.14719473699995,-4.03661834699983],[-78.14779711199998,-4.032741096999928],[-78.14911611199994,-4.029509221999945],[-78.14893236299991,-4.027363847999879],[-78.14988473699987,-4.020799097999941],[-78.15126173699991,-4.015867596999954],[-78.15113361199997,-4.010903971999937],[-78.15377736199997,-4.005844471999978],[-78.15251061199996,-4.000112346999913],[-78.15439698699998,-3.992660597999929],[-78.15539786299996,-3.991214847999856],[-78.15995748699999,-3.975089472999969],[-78.16040236199996,-3.971530721999841],[-78.16173686299999,-3.968083221999962],[-78.16496198699991,-3.963523596999892],[-78.16640773799998,-3.962856346999956],[-78.16863198699997,-3.957406971999887],[-78.16852073699994,-3.954070721999813],[-78.16929923699996,-3.947175597999944],[-78.16952161199998,-3.941059097999869],[-78.16885436199993,-3.937722721999933],[-78.16485073799993,-3.931383847999939],[-78.16396111199998,-3.928937221999945],[-78.16840948699996,-3.92282059799993],[-78.17174586299996,-3.921819721999952],[-78.17508211299997,-3.917482471999847],[-78.17763998699996,-3.91181084699997],[-78.17652786199994,-3.907362346999946],[-78.17341398699995,-3.902802721999819],[-78.17242461199999,-3.897351721999883],[-78.17430361199996,-3.895351721999873],[-78.17519336199996,-3.89201534699987],[-78.17763998699996,-3.888456596999958],[-78.17953048799995,-3.8827849729999],[-78.18119873799998,-3.880671971999959],[-78.17997536199994,-3.87355447199991],[-78.17841848799998,-3.872664846999953],[-78.17574936199992,-3.869106096999928],[-78.17285786199994,-3.864101596999888],[-78.16651898699996,-3.856650471999956],[-78.16151448699986,-3.851534846999925],[-78.15617636199994,-3.847642472999837],[-78.15306248699989,-3.844750971999929],[-78.15244536199998,-3.842204971999877],[-78.15028223799999,-3.838189596999939],[-78.14739073699991,-3.834297221999918],[-78.14438811299982,-3.828736721999917],[-78.14416573699998,-3.82562284699992],[-78.14638986199998,-3.825622847999909],[-78.15083823799995,-3.823843471999965],[-78.15272886299982,-3.822286596999845],[-78.15895661199994,-3.820840846999943],[-78.16140323699989,-3.819172721999962],[-78.16251536199997,-3.815280346999941],[-78.16671848699986,-3.813639471999977],[-78.16921298799991,-3.808240596999951],[-78.17175823799994,-3.8040227219999],[-78.17289761299998,-3.800277596999933],[-78.17877586299988,-3.798338471999898],[-78.18363561199999,-3.799509471999954],[-78.18505398699995,-3.798374721999949],[-78.18673873799997,-3.793647971999917],[-78.18975661199994,-3.787151471999948],[-78.19434273799993,-3.786447846999977],[-78.19803998699996,-3.781107096999961],[-78.19796261299996,-3.773950721999881],[-78.19932011299994,-3.768477721999943],[-78.19692836199994,-3.764987221999945],[-78.19552786199995,-3.759708221999972],[-78.1934963619999,-3.757481471999938],[-78.19202336299998,-3.751202846999945],[-78.18992561199997,-3.749107096999921],[-78.18856823699991,-3.745465721999892],[-78.18695236199989,-3.738549096999975],[-78.18693061199997,-3.732882346999872],[-78.18620911199991,-3.72798509699993],[-78.18443798799996,-3.72114534699989],[-78.18488148699987,-3.715905471999861],[-78.18576061199997,-3.713319721999937],[-78.18640998799992,-3.707203596999818],[-78.18308886299997,-3.703580597999974],[-78.18370936199995,-3.701184596999894],[-78.19098136199989,-3.694140721999815],[-78.19249298699992,-3.690958596999963],[-78.19403461199994,-3.689790596999956],[-78.19531011199996,-3.683929846999888],[-78.1936209879999,-3.680551346999948],[-78.19134561199996,-3.671518846999902],[-78.19367261199994,-3.669553721999932],[-78.19548261199992,-3.66324484699993],[-78.19605148699992,-3.656349846999888],[-78.19375886199992,-3.649472096999887],[-78.19425873799992,-3.645490221999921],[-78.19679936199998,-3.644726971999944],[-78.19885248699995,-3.645493096999928],[-78.20432161299993,-3.640959471999963],[-78.21236673699991,-3.635319096999922],[-78.21583598799998,-3.630808596999941],[-78.21849561299996,-3.628393471999971],[-78.21772961199997,-3.625237096999911],[-78.21886336199992,-3.617759846999945],[-78.2187249879999,-3.614142221999941],[-78.22211173699992,-3.607830971999931],[-78.22419548699986,-3.602284346999909],[-78.22765561199998,-3.598368221999976],[-78.22947148799994,-3.59266709699989],[-78.22894036299988,-3.588049971999965],[-78.22992098799995,-3.585353221999924],[-78.23233048699996,-3.58248584699993],[-78.23767186199996,-3.581867221999971],[-78.24070786199997,-3.580817846999935],[-78.24499248699993,-3.582764346999966],[-78.24590436199998,-3.580632971999933],[-78.24684398799991,-3.571020346999944],[-78.24535036199995,-3.558877846999962],[-78.24486773699994,-3.552534971999876],[-78.24169823699998,-3.54870847199993],[-78.24006186299994,-3.542720721999899],[-78.23857423699991,-3.535356971999931],[-78.23840023799994,-3.531345346999899],[-78.23592323799988,-3.529419096999959],[-78.23063511199996,-3.529767971999945],[-78.22672123699994,-3.52905022199991],[-78.21797036199985,-3.52650547199994],[-78.21722648799994,-3.523716096999976],[-78.21832811199994,-3.518538346999946],[-78.21659061299988,-3.512992471999894],[-78.21729236199997,-3.508856596999919],[-78.21478961299994,-3.508593721999944],[-78.20645161299996,-3.505305846999931],[-78.20460623699995,-3.503725721999956],[-78.20381623699996,-3.500577471999975],[-78.20172373699995,-3.498466471999905],[-78.20078761199994,-3.495777596999915],[-78.19875611199996,-3.495638221999911],[-78.1929019879999,-3.500159721999921],[-78.18780161199999,-3.497868971999935],[-78.18561073799998,-3.497829096999908],[-78.18172686199989,-3.496375096999884],[-78.18132848699997,-3.494124471999896],[-78.17915748799993,-3.4934137219999],[-78.17744148799994,-3.491322096999966],[-78.16816323799992,-3.490678846999913],[-78.16089923699991,-3.480543471999852],[-78.15993861199996,-3.479902971999877],[-78.15616123799987,-3.481020721999926],[-78.1528524869999,-3.47995534699993],[-78.1491693619999,-3.480796096999882],[-78.14758511199994,-3.47959959699989],[-78.14608511199998,-3.475335721999897],[-78.14569748799988,-3.466858471999956],[-78.14489061299992,-3.460445346999961],[-78.14677611199994,-3.458549721999873],[-78.14706261299995,-3.454235471999937],[-78.14669373699996,-3.447799096999972],[-78.15098948699995,-3.442741220999892],[-78.15168061199995,-3.44026384599988],[-78.1504669869999,-3.433050596999919],[-78.15196698799991,-3.431213596999896],[-78.15291548699997,-3.426829721999979],[-78.1528749869999,-3.422822345999975],[-78.15489036199995,-3.417335721999962],[-78.15491348699999,-3.411561720999885],[-78.15877823799997,-3.407156721999911],[-78.16064186199998,-3.410324971999955],[-78.16470461199992,-3.411144971999931],[-78.16899111299995,-3.409504971999979],[-78.17238798799997,-3.412129221999862],[-78.17774273699985,-3.410091095999974],[-78.1789264869999,-3.408302721999974],[-78.18121086199983,-3.402249346999952],[-78.17946936199996,-3.399508346999937],[-78.17966698699996,-3.396116220999943],[-78.18124786199996,-3.39493059699987],[-78.18533161199997,-3.393810846999941],[-78.18777636299995,-3.38943072099994],[-78.18903311199989,-3.385619971999915],[-78.19023773699985,-3.378536971999893],[-78.18985448799992,-3.370963721999885],[-78.19343173799996,-3.365480721999973],[-78.19580336199994,-3.362876221999954],[-78.19573986299997,-3.360758720999911],[-78.19129311199993,-3.360885846999963],[-78.18816686299994,-3.358565471999896],[-78.17823673699996,-3.353480846999901],[-78.17599411199996,-3.350095721999878],[-78.17120873699992,-3.350827845999959],[-78.16875298699995,-3.348886221999976],[-78.16793773699999,-3.345620221999923],[-78.16485511199994,-3.342648596999936],[-78.16051561199998,-3.340564596999968],[-78.15821861199998,-3.338445470999943],[-78.15750198799998,-3.335955096999953],[-78.15525623699995,-3.333715345999906],[-78.15160698699998,-3.333211846999916],[-78.15173886199989,-3.328535221999971],[-78.13919086199996,-3.327678971999887],[-78.1367536119999,-3.326070221999942],[-78.14141136199999,-3.320159596999815],[-78.13953323699991,-3.316585970999881],[-78.1361698629999,-3.313703095999927],[-78.13537698799996,-3.310767470999963],[-78.13361323799995,-3.308232471999816],[-78.12928948699994,-3.303967970999906],[-78.12733986299992,-3.298615221999967],[-78.12450673699993,-3.296486596999955],[-78.12322261299988,-3.294234720999896],[-78.11930286299992,-3.292407721999894],[-78.11793548799994,-3.289332096999885],[-78.11449423699997,-3.287869971999953],[-78.11229823699989,-3.285283096999876],[-78.11227786199998,-3.280441720999875],[-78.10725473699995,-3.277150346999974],[-78.10654761199999,-3.272720971999945],[-78.10783173699991,-3.270506345999934],[-78.10578448799998,-3.263322596999899],[-78.09897823699993,-3.261481221999873],[-78.09973611299995,-3.256715846999953],[-78.09685748699997,-3.254553596999926],[-78.09476498699996,-3.25146759699993],[-78.09402098699991,-3.243029970999885],[-78.09225636199994,-3.240427221999937],[-78.09071173699994,-3.234310596999933],[-78.08883448699999,-3.232169846999909],[-78.0834332369999,-3.229403346999959],[-78.07062011199997,-3.22562584699989],[-78.06702973799997,-3.225712721999969],[-78.06477111199996,-3.22444797199995],[-78.06164298699997,-3.220226471999979],[-78.05974073699997,-3.215857971999924],[-78.05467723699996,-3.208386971999971],[-78.04986198799998,-3.20573522199993],[-78.04530861199999,-3.205608721999852],[-78.04156823799997,-3.203675345999955],[-78.03949036299997,-3.195598471999915],[-78.03710523699993,-3.190484970999933],[-78.0353823619999,-3.189058971999827],[-78.02910061199992,-3.187557721999951],[-78.02234286299989,-3.18710597199987],[-78.02008423699988,-3.186076096999955],[-78.01707086299996,-3.182439220999925],[-78.01269398699992,-3.178848471999913],[-78.01031636199991,-3.161972596999931],[-78.00913436199994,-3.158069096999952],[-78.00154536199994,-3.15087759599993],[-77.99850961299995,-3.149251346999847],[-77.99467911199997,-3.145727971999975],[-77.99392023699983,-3.142493471999899],[-77.99193261199997,-3.139367596999875],[-77.98784898799994,-3.136729595999952],[-77.98495798699992,-3.133603596999933],[-77.98362086199995,-3.130351220999955],[-77.98386061199989,-3.126870470999961],[-77.98244636199985,-3.119654346999937],[-77.98076673699995,-3.118574345999946],[-77.97214711199996,-3.11840759699993],[-77.97075573699988,-3.117413721999924],[-77.96887648799998,-3.113546971999824],[-77.96786473699996,-3.109878970999887],[-77.96421511199998,-3.103662220999979],[-77.96421511199998,-3.101549221999846],[-77.96226573699994,-3.100247596999964],[-77.9618991129999,-3.096796970999947],[-77.9605188619999,-3.093971846999921],[-77.95136711199996,-3.090525346999868],[-77.94968961299998,-3.088276846999918],[-77.94718148699997,-3.079327346999889],[-77.94733261199991,-3.072538345999931],[-77.94075473699996,-3.065473596999936],[-77.84005386199993,-3.008198096999877],[-77.8445742369999,-2.99799809599989],[-77.81419323699998,-2.987638720999939],[-77.80861598699994,-2.98612509599991],[-77.81331898699995,-2.990942845999939],[-77.81482523699998,-2.995836345999976],[-77.81725098699997,-3.000792095999941],[-77.81694661199998,-3.002784346999931],[-77.81481136199989,-3.006112470999881],[-77.81433598699994,-3.009681595999893],[-77.81159161199997,-3.012542095999947],[-77.81149798699994,-3.016343096999947],[-77.80826348699992,-3.022954095999921],[-77.79973936199991,-3.035637220999945],[-77.79314723699991,-3.043981346999942],[-77.79254098699994,-3.048683721999907],[-77.79067061199999,-3.054439345999981],[-77.78927598699988,-3.061908846999927],[-77.78969486199998,-3.070359345999975],[-77.78766411199985,-3.074775345999967],[-77.79140786199997,-3.081371470999841],[-77.79430698699997,-3.087952221999956],[-77.79434461199997,-3.09011134699989],[-77.78643323699998,-3.102736971999889],[-77.78582786199996,-3.1062827209999],[-77.78629798699995,-3.10862597199997],[-77.79041786199997,-3.114665595999895],[-77.79093648699995,-3.117630345999885],[-77.78805473699992,-3.138039096999933],[-77.78328711199998,-3.174232471999915],[-77.78139848699993,-3.1816328459999],[-77.7785246119999,-3.187176220999902],[-77.77785536199997,-3.191860721999831],[-77.7776044869999,-3.198720345999959],[-77.77927748699994,-3.220553720999874],[-77.77875973699992,-3.258011721999878],[-77.77988736199995,-3.272711471999969],[-77.77984961199996,-3.291579971999965],[-77.77646673699991,-3.313294970999891],[-77.7752752369999,-3.32405997099994],[-77.77726611199995,-3.344437970999934],[-77.77834961199994,-3.359292971999935],[-77.77762711199989,-3.366865846999929],[-77.77795486199994,-3.381630346999941],[-77.77666986199995,-3.38553122199994],[-77.77677411199994,-3.390387220999912],[-77.77613461199996,-3.401456346999964],[-77.77647886199992,-3.409130970999854],[-77.77496486199982,-3.418039096999905],[-77.77254323699998,-3.428809471999955],[-77.76890273699996,-3.437861596999824],[-77.76732848699999,-3.44081334699996],[-77.76426648699999,-3.44352472199995],[-77.7635403619999,-3.446913721999977],[-77.76368798699997,-3.453013970999962],[-77.76260548699992,-3.456792971999903],[-77.76053936199997,-3.459802971999977],[-77.75488186199993,-3.461229720999938],[-77.75301248699998,-3.462410471999931],[-77.74681361199998,-3.475201471999981],[-77.74564223699997,-3.48222897099987],[-77.74244723699996,-3.486070346999895],[-77.73368548699995,-3.494644470999958],[-77.72939823699994,-3.500439096999969],[-77.72772548699999,-3.505457096999919],[-77.72024773699997,-3.509343596999884],[-77.71645961199982,-3.512442971999917],[-77.71513123599993,-3.514853596999956],[-77.71089448699996,-3.526257846999954],[-77.71192548699992,-3.529560721999871],[-77.7172014869999,-3.537307471999839],[-77.71782036199994,-3.53999222199991],[-77.71645961199982,-3.542305096999883],[-77.70909961199999,-3.547540971999865],[-77.69972748699996,-3.552494971999863],[-77.68983986199999,-3.555693346999931],[-77.67041198599992,-3.568379096999877],[-77.66667298699991,-3.57187197199994],[-77.66303248699995,-3.576447221999956],[-77.65933786199997,-3.582435596999858],[-77.65228573699994,-3.597909846999869],[-77.65112698699988,-3.600996221999822],[-77.64883911199996,-3.610238096999865],[-77.64564273699989,-3.616392596999958],[-77.6430096119999,-3.619346346999862],[-77.63518748699983,-3.620625471999915],[-77.63095661199998,-3.620330346999936],[-77.62195361199997,-3.620527096999922],[-77.61996673699997,-3.622408221999876],[-77.6192478619999,-3.62643059699991],[-77.6169356119999,-3.634301971999889],[-77.61713248699994,-3.636712596999928],[-77.62021348599995,-3.648856346999935],[-77.61671673699993,-3.652400346999968],[-77.62014061199989,-3.656388721999917],[-77.62106248699996,-3.659316471999944],[-77.62135936099992,-3.664326346999871],[-77.61946548699996,-3.671397221999882],[-77.61778323699997,-3.674724596999965],[-77.61870673699991,-3.678184971999883],[-77.6208967369999,-3.681846721999932],[-77.62135273699988,-3.686109346999899],[-77.61890361199994,-3.696043221999844],[-77.61894923699998,-3.700093721999963],[-77.6180671109999,-3.703471846999946],[-77.61562298699994,-3.707718721999811],[-77.62001761099992,-3.713011721999976],[-77.62230273699998,-3.717730471999971],[-77.62564548699999,-3.728420846999938],[-77.62605236199988,-3.734964346999902],[-77.63226761199991,-3.742917971999873],[-77.6395167369999,-3.747945221999885],[-77.64320648599994,-3.753061596999828],[-77.64398436199997,-3.760570346999828],[-77.64783086199992,-3.772198971999899],[-77.65019223699983,-3.777512096999942],[-77.65182223699998,-3.779009721999955],[-77.65043823699995,-3.783268096999961],[-77.64433798699986,-3.788532096999973],[-77.63915323699996,-3.795822096999871],[-77.63574048699991,-3.801259346999871],[-77.63261698699995,-3.80825847299991],[-77.63140223699997,-3.81352222299995],[-77.6231306119999,-3.822140971999943],[-77.61896111199991,-3.823462096999947],[-77.61462386199997,-3.823801096999944],[-77.60923636199988,-3.825242221999872],[-77.5989198609999,-3.835662096999954],[-77.59892573699995,-3.84197847199988],[-77.59091086199999,-3.852437971999962],[-77.58191598699995,-3.862816346999978],[-77.57528698699991,-3.867535222999948],[-77.56940486199994,-3.872749596999938],[-77.56259811199999,-3.875395222999884],[-77.56169386199991,-3.877556096999967],[-77.56519161199998,-3.879223221999894],[-77.56737573699996,-3.881251722999878],[-77.56874861199992,-3.887646346999873],[-77.56901861199998,-3.893073971999968],[-77.56781723699999,-3.896371347999946],[-77.56087886199998,-3.904015596999898],[-77.55716223699989,-3.91816409799992],[-77.55293136099993,-3.925100721999911],[-77.54577548599991,-3.934605096999917],[-77.54177286199996,-3.943334221999919],[-77.54137023699985,-3.948124596999946],[-77.53787736199996,-3.961899471999971],[-77.53912436199994,-3.974737221999931],[-77.54115198699998,-3.982788596999967],[-77.54122936199991,-3.986378222999974],[-77.53887698699998,-3.992472596999903],[-77.53809736199986,-4.003469847999895],[-77.53908011199997,-4.021669972999973],[-77.53812336199996,-4.028707971999893],[-77.54058311199998,-4.043368471999941],[-77.54068148699997,-4.047205721999887],[-77.54182611199991,-4.050773472999879],[-77.54451886199996,-4.075198347999844],[-77.54716211199997,-4.084837846999903],[-77.54914323699995,-4.101026346999902],[-77.54840536199998,-4.105404847999978],[-77.54965573699997,-4.109892847999959],[-77.55283598699998,-4.113949221999974],[-77.55450573699989,-4.119917721999968],[-77.55837698699992,-4.129972597999938],[-77.56119636199998,-4.144417472999976],[-77.56558786099998,-4.155445346999841],[-77.56571273599991,-4.163824222999892],[-77.56899986199994,-4.16987697199994],[-77.56807436199995,-4.171838596999976],[-77.56759186099998,-4.179002221999838],[-77.56998448699994,-4.187749347999954],[-77.5711172369999,-4.195158221999975]]]]},"properties":{"ubigeo":"010602","nombre":"RIO SANTIAGO"}},{"type":"Feature","geometry":{"type":"MultiPolygon","coordinates":[[[[-78.21729236199997,-3.508856596999919],[-78.21659061299988,-3.512992471999894],[-78.21832811199994,-3.518538346999946],[-78.21722648799994,-3.523716096999976],[-78.21797036199985,-3.52650547199994],[-78.22672123699994,-3.52905022199991],[-78.23063511199996,-3.529767971999945],[-78.23592323799988,-3.529419096999959],[-78.23840023799994,-3.531345346999899],[-78.23857423699991,-3.535356971999931],[-78.24006186299994,-3.542720721999899],[-78.24169823699998,-3.54870847199993],[-78.24486773699994,-3.552534971999876],[-78.24535036199995,-3.558877846999962],[-78.24684398799991,-3.571020346999944],[-78.24590436199998,-3.580632971999933],[-78.24499248699993,-3.582764346999966],[-78.24070786199997,-3.580817846999935],[-78.23767186199996,-3.581867221999971],[-78.23233048699996,-3.58248584699993],[-78.22992098799995,-3.585353221999924],[-78.22894036299988,-3.588049971999965],[-78.22947148799994,-3.59266709699989],[-78.22765561199998,-3.598368221999976],[-78.22419548699986,-3.602284346999909],[-78.22211173699992,-3.607830971999931],[-78.2187249879999,-3.614142221999941],[-78.21886336199992,-3.617759846999945],[-78.21772961199997,-3.625237096999911],[-78.21849561299996,-3.628393471999971],[-78.21583598799998,-3.630808596999941],[-78.21236673699991,-3.635319096999922],[-78.20432161299993,-3.640959471999963],[-78.19885248699995,-3.645493096999928],[-78.19679936199998,-3.644726971999944],[-78.19425873799992,-3.645490221999921],[-78.19375886199992,-3.649472096999887],[-78.19605148699992,-3.656349846999888],[-78.19548261199992,-3.66324484699993],[-78.19367261199994,-3.669553721999932],[-78.19134561199996,-3.671518846999902],[-78.1936209879999,-3.680551346999948],[-78.19531011199996,-3.683929846999888],[-78.19403461199994,-3.689790596999956],[-78.19249298699992,-3.690958596999963],[-78.19098136199989,-3.694140721999815],[-78.18370936199995,-3.701184596999894],[-78.18308886299997,-3.703580597999974],[-78.18640998799992,-3.707203596999818],[-78.18576061199997,-3.713319721999937],[-78.18488148699987,-3.715905471999861],[-78.18443798799996,-3.72114534699989],[-78.18620911199991,-3.72798509699993],[-78.18693061199997,-3.732882346999872],[-78.18695236199989,-3.738549096999975],[-78.18856823699991,-3.745465721999892],[-78.18992561199997,-3.749107096999921],[-78.19202336299998,-3.751202846999945],[-78.1934963619999,-3.757481471999938],[-78.19552786199995,-3.759708221999972],[-78.19692836199994,-3.764987221999945],[-78.19932011299994,-3.768477721999943],[-78.19796261299996,-3.773950721999881],[-78.19803998699996,-3.781107096999961],[-78.19434273799993,-3.786447846999977],[-78.18975661199994,-3.787151471999948],[-78.18673873799997,-3.793647971999917],[-78.18505398699995,-3.798374721999949],[-78.18363561199999,-3.799509471999954],[-78.17877586299988,-3.798338471999898],[-78.17289761299998,-3.800277596999933],[-78.17175823799994,-3.8040227219999],[-78.16921298799991,-3.808240596999951],[-78.16671848699986,-3.813639471999977],[-78.16251536199997,-3.815280346999941],[-78.16140323699989,-3.819172721999962],[-78.15895661199994,-3.820840846999943],[-78.15272886299982,-3.822286596999845],[-78.15083823799995,-3.823843471999965],[-78.14638986199998,-3.825622847999909],[-78.14416573699998,-3.82562284699992],[-78.14438811299982,-3.828736721999917],[-78.14739073699991,-3.834297221999918],[-78.15028223799999,-3.838189596999939],[-78.15244536199998,-3.842204971999877],[-78.15306248699989,-3.844750971999929],[-78.15617636199994,-3.847642472999837],[-78.16151448699986,-3.851534846999925],[-78.16651898699996,-3.856650471999956],[-78.17285786199994,-3.864101596999888],[-78.17574936199992,-3.869106096999928],[-78.17841848799998,-3.872664846999953],[-78.17997536199994,-3.87355447199991],[-78.18119873799998,-3.880671971999959],[-78.17953048799995,-3.8827849729999],[-78.17763998699996,-3.888456596999958],[-78.17519336199996,-3.89201534699987],[-78.17430361199996,-3.895351721999873],[-78.17242461199999,-3.897351721999883],[-78.17341398699995,-3.902802721999819],[-78.17652786199994,-3.907362346999946],[-78.17763998699996,-3.91181084699997],[-78.17508211299997,-3.917482471999847],[-78.17174586299996,-3.921819721999952],[-78.16840948699996,-3.92282059799993],[-78.16396111199998,-3.928937221999945],[-78.16485073799993,-3.931383847999939],[-78.16885436199993,-3.937722721999933],[-78.16952161199998,-3.941059097999869],[-78.16929923699996,-3.947175597999944],[-78.16852073699994,-3.954070721999813],[-78.16863198699997,-3.957406971999887],[-78.16640773799998,-3.962856346999956],[-78.16496198699991,-3.963523596999892],[-78.16173686299999,-3.968083221999962],[-78.16040236199996,-3.971530721999841],[-78.15995748699999,-3.975089472999969],[-78.15539786299996,-3.991214847999856],[-78.15439698699998,-3.992660597999929],[-78.15251061199996,-4.000112346999913],[-78.15377736199997,-4.005844471999978],[-78.15113361199997,-4.010903971999937],[-78.15126173699991,-4.015867596999954],[-78.14988473699987,-4.020799097999941],[-78.14893236299991,-4.027363847999879],[-78.14911611199994,-4.029509221999945],[-78.14779711199998,-4.032741096999928],[-78.14719473699995,-4.03661834699983],[-78.1451773629999,-4.038347472999817],[-78.14287173699995,-4.050420096999972],[-78.14348348799984,-4.054090722999888],[-78.14117448699994,-4.059226347999925],[-78.14014973799988,-4.071523096999954],[-78.1373762369999,-4.076973221999879],[-78.1372832369999,-4.082165971999927],[-78.13790823699998,-4.086413597999979],[-78.13344536199997,-4.094804721999822],[-78.13249636199998,-4.102393097999936],[-78.13147161199993,-4.104282472999842],[-78.13025473799996,-4.110334722999937],[-78.13025473699997,-4.113184721999914],[-78.13166373699994,-4.12006959699994],[-78.13051098699992,-4.125001096999938],[-78.13217186199995,-4.128886721999891],[-78.13153548799988,-4.138258596999947],[-78.13289148799998,-4.145874972999877],[-78.13566836299998,-4.157227097999908],[-78.1370446119999,-4.160435346999975],[-78.13752461299998,-4.165571847999956],[-78.13445673699994,-4.16599397199991],[-78.13154811299995,-4.167825222999909],[-78.12469048699984,-4.168921097999885],[-78.12032798699994,-4.172608097999955],[-78.11756973699988,-4.176435847999926],[-78.11595061199995,-4.182123971999943],[-78.11481161199993,-4.188115971999935],[-78.11539361199993,-4.194167596999876],[-78.12094723799999,-4.198417096999947],[-78.12663248799993,-4.199036097999908],[-78.12602923799994,-4.204203096999947],[-78.12272373699989,-4.211496971999964],[-78.12274848699991,-4.215557346999901],[-78.12619123799993,-4.227014722999854],[-78.12606961199998,-4.236300221999954],[-78.12553486199988,-4.239030346999868],[-78.12274898699997,-4.24402522299988],[-78.12274886199992,-4.245329721999838],[-78.12578811199995,-4.248824721999824],[-78.12694211199988,-4.255129222999926],[-78.12634048699994,-4.257476472999883],[-78.12779823699992,-4.260789846999955],[-78.1267589869999,-4.26527734799987],[-78.12332136199996,-4.267040847999965],[-78.12167873699997,-4.269896597999889],[-78.12046873699995,-4.277380846999904],[-78.1178792369999,-4.279418472999851],[-78.11379298799994,-4.276490222999939],[-78.11250361299994,-4.276428347999968],[-78.10704348699988,-4.27908059799995],[-78.10169598699991,-4.275421846999905],[-78.0991066119999,-4.274267846999919],[-78.09505373699994,-4.275562596999919],[-78.08568148799992,-4.275562597999851],[-78.07784086199996,-4.280227972999967],[-78.07507086199996,-4.281332222999936],[-78.07152448799991,-4.28637009799985],[-78.07003286199995,-4.287411596999959],[-78.06063236199992,-4.289747597999963],[-78.05790236199994,-4.292477721999887],[-78.05252661199995,-4.294222722999962],[-78.04616648699994,-4.294053847999919],[-78.04236636199994,-4.292168097999934],[-78.03684898699993,-4.292411472999845],[-78.03363086199994,-4.290740347999929],[-78.03104498699997,-4.290500097999882],[-78.02801236199986,-4.292083722999905],[-78.02733386199992,-4.294410597999956],[-78.03150236299996,-4.298472596999943],[-78.03413473699999,-4.309517596999967],[-78.03728511199995,-4.313400347999902],[-78.03796486199997,-4.315482471999871],[-78.0362818619999,-4.319084221999901],[-78.03578648699994,-4.324484722999898],[-78.03974436199996,-4.327167346999886],[-78.043394488,-4.328838471999973],[-78.04323911199992,-4.336139222999975],[-78.04243036299988,-4.338685971999951],[-78.04335073699991,-4.347649222999848],[-78.04420111199994,-4.351489721999826],[-78.04369686199988,-4.358923847999961],[-78.0452139869999,-4.362749846999975],[-78.04439023699996,-4.372308097999962],[-78.04725886199998,-4.377130222999938],[-78.04766011199996,-4.382474596999884],[-78.04696211199996,-4.387453721999918],[-78.04752048699999,-4.391404097999953],[-78.04123123799997,-4.398291847999872],[-78.04020148699993,-4.403732347999892],[-78.04210773699992,-4.410828722999952],[-78.04397986199996,-4.414258971999914],[-78.04385586299998,-4.417391096999893],[-78.04582223699998,-4.425564347999909],[-78.0465668619999,-4.430925097999818],[-78.04613211299994,-4.434468972999923],[-78.04858886199997,-4.437317097999937],[-78.04850186199997,-4.440404347999959],[-78.05087161299997,-4.444426472999965],[-78.05074111199997,-4.448165972999902],[-78.05299361199991,-4.457151222999869],[-78.05533498699992,-4.460177972999929],[-78.05825786199995,-4.467556597999874],[-78.06122161199994,-4.472097597999948],[-78.06527811299992,-4.47661084799995],[-78.06749873699988,-4.479936972999894],[-78.0767744879999,-4.488793347999945],[-78.08377948699996,-4.492177472999913],[-78.08590336299994,-4.496349847999966],[-78.09097911199996,-4.500846722999938],[-78.09271348699991,-4.503212722999933],[-78.09586836199992,-4.504848347999882],[-78.10267848699993,-4.507203972999946],[-78.10561811199989,-4.507601472999966],[-78.11117573699994,-4.509822222999958],[-78.11611798799993,-4.516862722999917],[-78.1160414869999,-4.521680597999932],[-78.11922561199992,-4.526725222999971],[-78.11691298699998,-4.530435347999912],[-78.11457598799996,-4.537807596999812],[-78.10903473699994,-4.550118597999926],[-78.10808673699995,-4.555477722999967],[-78.10445111299998,-4.564464597999972],[-78.10187936199998,-4.568669472999886],[-78.10224511299998,-4.580619847999969],[-78.1019998619999,-4.583221097999967],[-78.10291536199998,-4.587726221999958],[-78.10267436199996,-4.591797847999885],[-78.10638461199989,-4.597459472999901],[-78.1064568619999,-4.600133722999942],[-78.10479448699994,-4.603602972999909],[-78.10448136199989,-4.613504722999949],[-78.10554136199994,-4.618034097999953],[-78.10580486299989,-4.62440622299988],[-78.10955523699994,-4.631948097999953],[-78.11219073699988,-4.635717597999928],[-78.11260036199985,-4.639692847999868],[-78.11637748699991,-4.645022722999954],[-78.11930173699994,-4.647268097999927],[-78.12518361199994,-4.654388722999954],[-78.12865061199994,-4.659208472999978],[-78.13089423799994,-4.66068297299995],[-78.13315836199996,-4.664878972999929],[-78.13702361199995,-4.667105722999963],[-78.14009273799996,-4.666169472999968],[-78.14007298699994,-4.659972847999882],[-78.14185811199991,-4.657917472999941],[-78.14581498699994,-4.658974222999973],[-78.15000548699999,-4.662968597999964],[-78.15232373799995,-4.662772472999961],[-78.15553373699998,-4.660489972999869],[-78.15612198699989,-4.656976972999928],[-78.15416048799995,-4.653874222999946],[-78.14719998699996,-4.649919972999896],[-78.14638786199998,-4.645169847999966],[-78.14728573699995,-4.64318759799994],[-78.15413511299982,-4.638485097999933],[-78.15551261299993,-4.636125972999878],[-78.16025348699998,-4.634366722999971],[-78.1635622369999,-4.634181347999913],[-78.17018261299995,-4.637026472999935],[-78.17226361299998,-4.638623097999925],[-78.1735357369999,-4.642414722999945],[-78.18015173699996,-4.648161097999946],[-78.18642286199997,-4.656103597999959],[-78.1908536119999,-4.655589722999878],[-78.19827748799997,-4.653419722999899],[-78.20381686199994,-4.65410497299996],[-78.2114336119999,-4.656744097999933],[-78.21889923799995,-4.658537722999881],[-78.21981448699995,-4.660113222999939],[-78.22268386299993,-4.661523597999974],[-78.22380686199995,-4.664783597999929],[-78.22708236199998,-4.667353597999977],[-78.23311261299995,-4.676205847999938],[-78.23476886299994,-4.680773972999873],[-78.23871098799998,-4.687558597999896],[-78.24705223699993,-4.698014972999886],[-78.2496542369999,-4.70219084799993],[-78.25334836199994,-4.705210472999909],[-78.2555053619999,-4.711611222999977],[-78.26241598699994,-4.721044972999891],[-78.26378823699997,-4.71076772299989],[-78.26891948699983,-4.703872222999962],[-78.26748236199995,-4.693003847999876],[-78.2638847369999,-4.68696872299995],[-78.26200173699988,-4.681244722999907],[-78.26537098699993,-4.679392097999937],[-78.26997723699998,-4.674191472999951],[-78.27131461299996,-4.668396347999817],[-78.2711659869999,-4.663790097999879],[-78.27298273799994,-4.661195222999936],[-78.27629886199998,-4.659976597999957],[-78.2772073619999,-4.662751722999872],[-78.28321086199998,-4.668829347999917],[-78.28508561199999,-4.673087722999924],[-78.29006461199992,-4.671770722999952],[-78.30024748799997,-4.675239972999918],[-78.30490786199988,-4.672844722999969],[-78.3112013629999,-4.671128222999812],[-78.31608298799995,-4.667571597999938],[-78.31774186299998,-4.667327097999873],[-78.32350311199997,-4.670049972999948],[-78.32582936199998,-4.672894472999928],[-78.3294804869999,-4.679537097999855],[-78.33347773799989,-4.678357597999934],[-78.33981736199996,-4.677735097999971],[-78.34201536299992,-4.674800347999962],[-78.34172623699999,-4.667928222999876],[-78.34398573699997,-4.664872347999903],[-78.3478481119999,-4.662119347999862],[-78.35122961299999,-4.65786459799989],[-78.35810611199992,-4.651933097999915],[-78.36126111199991,-4.647703597999907],[-78.36726536199996,-4.649467847999972],[-78.3699999879999,-4.651436722999961],[-78.38575111299997,-4.651764847999971],[-78.39297061299999,-4.652639972999964],[-78.39679911199994,-4.654936972999963],[-78.39975236199996,-4.657780972999888],[-78.4035808619999,-4.657780972999888],[-78.41025323699989,-4.659421722999923],[-78.41692573699999,-4.659531097999945],[-78.42108236299998,-4.657124722999981],[-78.42403573799993,-4.653077472999939],[-78.43016123699988,-4.653405597999893],[-78.44109961199996,-4.647061347999966],[-78.44306836299995,-4.647415972999909],[-78.44868461299995,-4.645501847999981],[-78.45635548799999,-4.64642234799993],[-78.46583011299998,-4.648492222999892],[-78.46787986299995,-4.647426972999938],[-78.46817086199997,-4.642769347999945],[-78.47282848799995,-4.633454222999887],[-78.47122736199998,-4.63112547299994],[-78.47241598699992,-4.62879097299998],[-78.47495723699996,-4.629090097999949],[-78.47990823699996,-4.625553597999954],[-78.48509498799996,-4.62036684799989],[-78.48751561299997,-4.619302722999976],[-78.48827786299995,-4.61671247299995],[-78.49278898799992,-4.607556472999931],[-78.49660048799996,-4.60628622299987],[-78.51362661199988,-4.591969972999834],[-78.52242998799989,-4.585746097999902],[-78.54025023699995,-4.584533347999923],[-78.54406698799994,-4.581052972999942],[-78.55030598699994,-4.580235847999973],[-78.55318048799995,-4.57902884799995],[-78.55530848799998,-4.579632347999961],[-78.55676961299997,-4.582014472999958],[-78.56411236199989,-4.588569972999892],[-78.56541811299996,-4.591887347999943],[-78.57044311299995,-4.593972847999908],[-78.57162936299989,-4.595381097999962],[-78.57148261299989,-4.600470722999944],[-78.57444048799994,-4.603071222999972],[-78.57932386199997,-4.602773472999957],[-78.58278673699988,-4.59985559799992],[-78.58367823799983,-4.590539347999936],[-78.58272136199997,-4.586827222999943],[-78.58249698799995,-4.580755097999941],[-78.58336623699995,-4.575428222999847],[-78.58483723799998,-4.570792472999869],[-78.5848556119999,-4.56773697299991],[-78.58871536299995,-4.56196647299987],[-78.58719973799998,-4.558066222999912],[-78.5870336129999,-4.55331884799989],[-78.58592923799989,-4.548426222999979],[-78.58344461199994,-4.547076472999947],[-78.5811287379999,-4.544315722999954],[-78.58163336299992,-4.541050972999926],[-78.58132811299998,-4.534008972999914],[-78.58694161299991,-4.531512097999837],[-78.59069923799996,-4.528628597999898],[-78.59422061299983,-4.523350222999966],[-78.59558398799993,-4.517128472999957],[-78.59891761299997,-4.509091222999928],[-78.60076973799994,-4.507099847999939],[-78.60422061299988,-4.50569797299994],[-78.60757711299988,-4.507719972999894],[-78.6100709879999,-4.510496847999889],[-78.6190892379999,-4.510011597999892],[-78.62541886199995,-4.500510722999934],[-78.63004536199998,-4.499451346999933],[-78.6357502379999,-4.500882472999933],[-78.63800448699999,-4.497421847999874],[-78.63847248699989,-4.493235222999942],[-78.63743223799997,-4.488479722999955],[-78.63876798799993,-4.485157472999958],[-78.6374142379999,-4.478212597999971],[-78.63423648799989,-4.474764722999964],[-78.63394098799995,-4.469100347999927],[-78.63465423799983,-4.465676847999873],[-78.6338234879999,-4.462872722999975],[-78.62761173699994,-4.458215097999869],[-78.62353411299989,-4.449461347999886],[-78.62295723799997,-4.445458222999946],[-78.62372073799997,-4.44311847299997],[-78.61988861299989,-4.436785097999973],[-78.61531548799996,-4.43793459799997],[-78.60970023799996,-4.436003722999828],[-78.6008738619999,-4.428832221999926],[-78.60026323699992,-4.425147972999923],[-78.60057811199994,-4.420687472999873],[-78.60254848799991,-4.413464722999947],[-78.60396711299995,-4.411652097999877],[-78.61137498799997,-4.414292222999904],[-78.62033936299997,-4.414095222999947],[-78.62185636299989,-4.41446947299994],[-78.62467486199995,-4.418213222999896],[-78.62578511299989,-4.418470721999881],[-78.63175198799996,-4.415499972999953],[-78.63407811299993,-4.413238221999961],[-78.63589536299992,-4.408294846999922],[-78.64112886299995,-4.400931597999886],[-78.64095486299993,-4.396612597999933],[-78.639198863,-4.392014097999947],[-78.63856636299994,-4.379863222999916],[-78.64242111299995,-4.368617097999959],[-78.6445161119999,-4.364907972999902],[-78.64891936299989,-4.359125846999973],[-78.65075848799995,-4.351823472999968],[-78.64754486299995,-4.346062471999915],[-78.64941786299994,-4.340518972999973],[-78.65162398799998,-4.339274222999961],[-78.65243536199995,-4.336894222999945],[-78.65227298699995,-4.332512722999979],[-78.64908161199992,-4.327914972999963],[-78.64610661299997,-4.325048097999968],[-78.6462496129999,-4.321838722999814],[-78.64532311299996,-4.318281971999966],[-78.64561973799994,-4.316068722999887],[-78.64442986299997,-4.313093847999937],[-78.64161698799995,-4.309972972999901],[-78.6406259879999,-4.306101097999942],[-78.63817973799985,-4.302650221999954],[-78.6342046119999,-4.300199472999964],[-78.62886623799983,-4.298212221999904],[-78.62495298699997,-4.295573472999877],[-78.61824411199996,-4.294221722999964],[-78.61740723699984,-4.29203972199997],[-78.61755473799997,-4.286134722999975],[-78.61394023799994,-4.283521597999879],[-78.61308386299999,-4.279060596999898],[-78.61305648799998,-4.275067222999894],[-78.61083873799998,-4.272038096999893],[-78.61086148799995,-4.267262347999974],[-78.60636361299993,-4.265223722999963],[-78.60349223799994,-4.259365222999918],[-78.59998223799994,-4.258893471999954],[-78.60252273799995,-4.254021722999937],[-78.60183536299996,-4.24998672299995],[-78.60601973799999,-4.247206972999891],[-78.60598986299993,-4.240930471999889],[-78.60814186299996,-4.237134721999894],[-78.608888988,-4.233936597999957],[-78.60895473799991,-4.226094221999972],[-78.6077363629999,-4.22029672199983],[-78.60368023699994,-4.213667097999917],[-78.5983361129999,-4.207906596999976],[-78.59277211299997,-4.207506721999948],[-78.58941836199995,-4.203341597999895],[-78.57870823799993,-4.197770221999974],[-78.5772812379999,-4.195548972999973],[-78.57804923799995,-4.192047597999817],[-78.5773027379999,-4.189998971999955],[-78.57874798799992,-4.181661597999948],[-78.57812861299993,-4.179549347999966],[-78.57523823699995,-4.175070971999901],[-78.57437411299998,-4.170737847999931],[-78.57557173799995,-4.163906471999951],[-78.57741598699994,-4.159509722999928],[-78.57738223799998,-4.154997221999963],[-78.57949586299998,-4.151457596999933],[-78.58019311199996,-4.146913971999879],[-78.57843161299996,-4.142222597999933],[-78.58036786299994,-4.140386721999903],[-78.58132223799993,-4.135498096999811],[-78.57630223799998,-4.123235346999934],[-78.57506361299988,-4.12156784799987],[-78.57208273799989,-4.114950971999974],[-78.57125211199991,-4.110832096999957],[-78.56969573799995,-4.108005471999945],[-78.56834573799989,-4.102288346999956],[-78.56661986299997,-4.100369471999898],[-78.56286698799988,-4.099636221999901],[-78.55764848799993,-4.089216846999932],[-78.55576373799988,-4.087542972999927],[-78.55159323699996,-4.08580147299989],[-78.54670011199994,-4.080451971999935],[-78.54547723699983,-4.077323347999879],[-78.54079236299998,-4.073877222999954],[-78.54069798799998,-4.070622346999926],[-78.5375358629999,-4.060628097999881],[-78.539251988,-4.059503971999959],[-78.5465139879999,-4.05766359699993],[-78.55063461299994,-4.054372971999896],[-78.55885173799993,-4.050746597999876],[-78.56263486299997,-4.04981484699988],[-78.56768861299997,-4.045099972999935],[-78.567828363,-4.039974972999914],[-78.56970161299989,-4.037412221999944],[-78.56888848799986,-4.03352734799995],[-78.56726223699997,-4.031042847999913],[-78.56554573799986,-4.026457846999961],[-78.56491336299985,-4.022934347999865],[-78.56550061299993,-4.020653097999912],[-78.56538761299998,-4.015706722999937],[-78.56380661199995,-4.013764347999881],[-78.56333223799993,-4.008185472999969],[-78.56428086299991,-4.004865346999964],[-78.56235923799989,-4.00131122199997],[-78.56586198799988,-3.997773222999911],[-78.56611036299995,-3.993301096999971],[-78.56138986299999,-3.985350721999964],[-78.55878861299988,-3.98431559799991],[-78.55469298799994,-3.981514846999914],[-78.54813923799998,-3.974961846999975],[-78.54413511199988,-3.975157096999965],[-78.54169348699992,-3.972617846999981],[-78.5428654879999,-3.964609596999878],[-78.54110748799985,-3.961972721999928],[-78.53690798799994,-3.959531096999967],[-78.53339211299988,-3.955526972999962],[-78.53208123799999,-3.951470596999968],[-78.52867161299986,-3.949662472999933],[-78.5283137379999,-3.94370972199988],[-78.52450486299989,-3.937263971999926],[-78.51942636299998,-3.937752347999833],[-78.51307848699992,-3.934920097999964],[-78.50852711299996,-3.934379471999932],[-78.50131861299991,-3.934653222999827],[-78.49447336299994,-3.933147346999931],[-78.4918924879999,-3.934245096999973],[-78.48866911199991,-3.933608096999933],[-78.48472011299992,-3.924236847999964],[-78.48024561299991,-3.915451471999916],[-78.47812548799999,-3.912969971999871],[-78.4770413629999,-3.908127471999933],[-78.47554761299995,-3.90605559699992],[-78.47641011299999,-3.901365221999811],[-78.47860736199988,-3.901478097999927],[-78.48012511299999,-3.897213846999932],[-78.48496761299998,-3.896539221999831],[-78.48655773799993,-3.892443596999954],[-78.48405211199992,-3.889841596999872],[-78.48039261299988,-3.887937471999976],[-78.47760736299995,-3.882242221999945],[-78.47745086299994,-3.878060596999887],[-78.47895123799992,-3.872828096999967],[-78.47714448799991,-3.866964846999963],[-78.47653123699996,-3.858693347999974],[-78.47343848799994,-3.853580221999948],[-78.46993161299997,-3.849599597999941],[-78.46836823699994,-3.844620846999931],[-78.46528448699996,-3.845030471999962],[-78.46195973699992,-3.843584972999849],[-78.46338111299997,-3.841440722999891],[-78.46030473699994,-3.837681597999961],[-78.46083011199983,-3.832400346999975],[-78.46168186199998,-3.831418846999952],[-78.46603323799991,-3.831380722999938],[-78.46644536199989,-3.828683597999941],[-78.46333298699994,-3.824841346999904],[-78.461937488,-3.824650346999931],[-78.4593047379999,-3.826824221999857],[-78.45319023799988,-3.826937347999888],[-78.45037148799992,-3.824455846999911],[-78.44615548699994,-3.823411471999918],[-78.44319198699998,-3.820962596999891],[-78.43564648799997,-3.818478471999981],[-78.43663411299997,-3.81533634699997],[-78.43256748799996,-3.813662596999961],[-78.43006186299993,-3.811108846999957],[-78.42433211199995,-3.803056096999967],[-78.42119598699998,-3.800917971999979],[-78.41859411199994,-3.797183596999901],[-78.41390736299991,-3.792609721999895],[-78.4120169869999,-3.788679096999942],[-78.4114403619999,-3.785395471999948],[-78.40936686199984,-3.782391096999959],[-78.41004136299995,-3.77778959699998],[-78.40864398799988,-3.775597221999874],[-78.40867423799989,-3.771677346999979],[-78.41148686299994,-3.769501846999958],[-78.41582348799989,-3.767357721999929],[-78.41613823699993,-3.76542547299988],[-78.41461911199991,-3.76127934699997],[-78.41230423799988,-3.759323471999949],[-78.41171286199994,-3.757365221999919],[-78.40917423799988,-3.754709346999903],[-78.40922223799993,-3.751384721999898],[-78.40711161199994,-3.74641047199998],[-78.40440386299997,-3.741579221999928],[-78.40247648699994,-3.735387596999942],[-78.40442798799995,-3.734423971999888],[-78.40965586299995,-3.734062471999891],[-78.41252286299994,-3.731918346999976],[-78.41729311199998,-3.726449471999899],[-78.42122623799992,-3.724814471999878],[-78.42175011199998,-3.723293346999981],[-78.41742773699997,-3.719535096999948],[-78.41720511199992,-3.71769722199997],[-78.4185973619999,-3.713349846999961],[-78.41787123799998,-3.709199471999909],[-78.41943723799994,-3.706766221999942],[-78.4228342369999,-3.70527247199982],[-78.42312348699994,-3.701369596999939],[-78.42240061299992,-3.696430721999945],[-78.42343661299992,-3.693202346999954],[-78.42273786299995,-3.690889596999909],[-78.41832898699994,-3.686793971999975],[-78.41575123699988,-3.685974721999969],[-78.41172786299995,-3.689974096999947],[-78.40996911199994,-3.690648721999878],[-78.40141648699989,-3.690311346999977],[-78.39729673799991,-3.687155346999873],[-78.3960921129999,-3.685468846999925],[-78.39506823699998,-3.680995221999979],[-78.39321748799989,-3.677179971999976],[-78.39457423799996,-3.674651471999937],[-78.39862173699993,-3.671109971999897],[-78.39915098799992,-3.668615471999942],[-78.39681036199988,-3.665582221999955],[-78.39586936199993,-3.661545971999942],[-78.3945713629999,-3.659815971999876],[-78.3961987369999,-3.656351971999925],[-78.40081761199997,-3.651339221999933],[-78.39832661299994,-3.646617471999946],[-78.38996136299994,-3.642490596999892],[-78.38630973799997,-3.640098721999891],[-78.38799998799993,-3.636925846999929],[-78.39364211299994,-3.631634221999946],[-78.39449723699994,-3.628102221999939],[-78.39643048699998,-3.626168971999846],[-78.39781248699995,-3.622599721999904],[-78.39617023699998,-3.619959971999833],[-78.3961483619999,-3.616218596999886],[-78.39985098699987,-3.608099846999949],[-78.39929298799996,-3.60493972199987],[-78.39531511299998,-3.605683221999925],[-78.3928613619999,-3.603675596999892],[-78.39256248699996,-3.599552721999942],[-78.39537886199992,-3.594621096999902],[-78.39447848799995,-3.590484346999858],[-78.39475223699998,-3.587757971999963],[-78.3928613629999,-3.582818096999972],[-78.38999848799995,-3.580475846999889],[-78.38988698699995,-3.575679721999961],[-78.38620636199994,-3.573709221999934],[-78.3856113619999,-3.565158096999937],[-78.38657798699995,-3.563596596999957],[-78.39059336199995,-3.561849096999936],[-78.39118823799993,-3.560101596999971],[-78.38769336199988,-3.554970971999978],[-78.38018323799997,-3.552145346999964],[-78.37698436199997,-3.549488221999866],[-78.37654098699994,-3.54454884699993],[-78.37563286199997,-3.543167971999878],[-78.37135348699991,-3.541777346999936],[-78.36907223699995,-3.539244096999937],[-78.36999611299996,-3.536087846999976],[-78.36748436199997,-3.533496096999954],[-78.36714848699995,-3.531599596999968],[-78.36492973799989,-3.529699221999977],[-78.36568361299999,-3.522867221999888],[-78.36655473699994,-3.520802721999871],[-78.36657036199983,-3.514140596999937],[-78.36241211299995,-3.508615221999946],[-78.36139448699993,-3.504822221999973],[-78.35828573699996,-3.500930970999889],[-78.35835661199997,-3.4977420969999],[-78.35523573699999,-3.493570096999974],[-78.35606448699991,-3.485728471999948],[-78.35424023699989,-3.483365221999975],[-78.35391998799992,-3.480944096999963],[-78.35809373799998,-3.477109346999839],[-78.35940698699989,-3.473805221999839],[-78.35918311199993,-3.469521971999825],[-78.35691823699995,-3.464670346999924],[-78.35351398799992,-3.461534846999939],[-78.34876598699998,-3.45624922199994],[-78.34802686299997,-3.451859596999839],[-78.34535161299993,-3.44843747199991],[-78.34525973699988,-3.440847596999959],[-78.34470311199993,-3.435613221999972],[-78.34138473699988,-3.427103471999828],[-78.34450598699993,-3.424400346999903],[-78.34844323699986,-3.416687471999978],[-78.35242486299995,-3.413088221999885],[-78.35465448699995,-3.405762096999979],[-78.35623111199993,-3.403558096999973],[-78.3508439879999,-3.398747471999854],[-78.3468863619999,-3.393979596999884],[-78.34425811199998,-3.391818721999869],[-78.34493811199991,-3.38718172199998],[-78.34657998799997,-3.384303471999885],[-78.34433011299996,-3.381749471999967],[-78.33999248699996,-3.38215497199991],[-78.33234086299996,-3.385328221999941],[-78.32461386199998,-3.389737845999946],[-78.31874023699999,-3.395069471999932],[-78.31641998799995,-3.396049346999973],[-78.31062948699991,-3.395606096999813],[-78.30501173699997,-3.397185346999834],[-78.30362348699992,-3.399217096999962],[-78.30118548699994,-3.399762721999934],[-78.29684386199989,-3.398555346999956],[-78.29329148699986,-3.398427720999962],[-78.28969273799999,-3.396198721999895],[-78.28795136199989,-3.396338096999898],[-78.28279698699998,-3.400517346999834],[-78.2802702379999,-3.401611596999942],[-78.27641786199996,-3.401469971999973],[-78.27252148699995,-3.404302596999855],[-78.26908398799992,-3.404672970999854],[-78.26641011199996,-3.402962845999923],[-78.26239611299991,-3.402631345999964],[-78.25776761299994,-3.403859345999933],[-78.25387623699993,-3.40350872199997],[-78.24905773799986,-3.402039471999899],[-78.24621098799997,-3.402326221999942],[-78.2448654879999,-3.406883971999832],[-78.24247661199996,-3.408126971999934],[-78.24155661199995,-3.40996509699994],[-78.24223236199998,-3.413587846999917],[-78.24132073699997,-3.416018596999947],[-78.24256986299997,-3.418469971999912],[-78.24341936299999,-3.422556721999968],[-78.24248498699995,-3.429492471999936],[-78.24419986299989,-3.436648846999844],[-78.24323673699996,-3.439813596999954],[-78.23665073699993,-3.44558522199992],[-78.23675586199994,-3.449154346999933],[-78.2350808619999,-3.452390596999976],[-78.23640286199998,-3.455499596999914],[-78.23636748699994,-3.461518971999965],[-78.23027723699983,-3.477983846999962],[-78.22942748699995,-3.482870221999974],[-78.22925848699998,-3.487760971999819],[-78.22632036199997,-3.491031221999947],[-78.22694886299996,-3.492926096999952],[-78.23084373699999,-3.495971221999923],[-78.23140211299989,-3.498810846999959],[-78.2295334879999,-3.501388721999945],[-78.22492698699989,-3.503840596999851],[-78.22140211199991,-3.505048471999942],[-78.21729236199997,-3.508856596999919]]]]},"properties":{"ubigeo":"010603","nombre":"EL CENEPA"}},{"type":"Feature","geometry":{"type":"MultiPolygon","coordinates":[[[[-78.49780473699997,-5.681435848999968],[-78.50273711299997,-5.685657098999854],[-78.5046742369999,-5.688106098999981],[-78.50331123799992,-5.691557098999965],[-78.49959923799992,-5.693377223999903],[-78.49676173799998,-5.692502973999979],[-78.49329098799996,-5.694460973999981],[-78.48937598799995,-5.695585223999899],[-78.48181711299998,-5.700393598999938],[-78.47245136299989,-5.705814348999922],[-78.46839586199991,-5.710692973999926],[-78.46809461299995,-5.713102223999954],[-78.46418136299991,-5.715144973999941],[-78.45945661199994,-5.715840973999889],[-78.45783711199988,-5.717447098999912],[-78.45714123699997,-5.72092709899988],[-78.45787911199989,-5.727224348999925],[-78.45482736199989,-5.730423223999935],[-78.45538448699989,-5.732973223999977],[-78.45565723699991,-5.735268473999895],[-78.4516552369999,-5.736325848999911],[-78.45018248699989,-5.74011534899995],[-78.44834936199993,-5.741411848999974],[-78.44205861199998,-5.738734973999954],[-78.44086736199995,-5.740274223999904],[-78.44279473799998,-5.748184473999913],[-78.44134386299999,-5.750671723999915],[-78.43578673799993,-5.753797223999925],[-78.42929048699995,-5.756682098999931],[-78.4266397369999,-5.756536348999873],[-78.42018836299991,-5.759869098999957],[-78.41751473699998,-5.762642848999917],[-78.4149551129999,-5.764031598999907],[-78.4143516129999,-5.765956973999948],[-78.41535261299992,-5.769217848999915],[-78.41278673799991,-5.772637848999921],[-78.40745973799994,-5.773106348999875],[-78.40442148799991,-5.769960973999957],[-78.39708623799999,-5.770440598999926],[-78.39088986299987,-5.771500223999965],[-78.38465036199989,-5.775757848999888],[-78.38071273799989,-5.777212723999924],[-78.37670773799988,-5.776469473999953],[-78.37059461199993,-5.776559598999881],[-78.36828786299992,-5.778043598999943],[-78.3637127369999,-5.777626723999958],[-78.35928123799988,-5.779307098999936],[-78.35873023699997,-5.781540348999954],[-78.35453548699996,-5.783068473999947],[-78.35048023799999,-5.786499348999939],[-78.34709898799991,-5.786920348999956],[-78.34368486299996,-5.789018973999873],[-78.3392402369999,-5.787593848999904],[-78.33803561199989,-5.788585598999873],[-78.33636798799995,-5.793772098999966],[-78.33233948799995,-5.795620723999946],[-78.33011548699989,-5.795582223999872],[-78.32459173799998,-5.798650098999872],[-78.31958886299992,-5.7981210989999],[-78.31846486299992,-5.799590348999971],[-78.31554836199996,-5.799641848999954],[-78.31172823799994,-5.796438973999898],[-78.30644136299998,-5.79544134899993],[-78.300907237,-5.796894223999971],[-78.29979048799999,-5.798194598999942],[-78.30019786299994,-5.802684223999961],[-78.29654561299998,-5.806530973999941],[-78.2960058619999,-5.80912697399998],[-78.29538473799994,-5.811783223999896],[-78.29786523799993,-5.812138723999851],[-78.29813673699994,-5.817281223999885],[-78.2996953629999,-5.82004497399987],[-78.29611323799992,-5.825486348999959],[-78.29410548699997,-5.826542973999892],[-78.29111723799997,-5.834335973999885],[-78.29198436199988,-5.837683598999945],[-78.29052536199998,-5.839140598999961],[-78.28896486199989,-5.842900348999933],[-78.28867973799993,-5.845900348999976],[-78.2859882379999,-5.851931598999954],[-78.28397848799995,-5.855165973999931],[-78.28386923799997,-5.85709959899998],[-78.28061523799994,-5.858222598999873],[-78.27901361199997,-5.861132848999887],[-78.27861911199989,-5.867970848999903],[-78.28090823699995,-5.870703098999854],[-78.28119711199997,-5.877796848999878],[-78.27886136299998,-5.881255849999889],[-78.27907036299996,-5.884601598999893],[-78.27783598699995,-5.886275348999902],[-78.27925973699996,-5.888496098999894],[-78.282007863,-5.898621098999911],[-78.28554298799992,-5.902787099999898],[-78.28649798699996,-5.910607473999903],[-78.29014261299989,-5.916218723999975],[-78.29172261299988,-5.919921848999934],[-78.29424411199989,-5.923105473999897],[-78.29837886299998,-5.933843723999928],[-78.30289848699994,-5.939531223999893],[-78.30403911299999,-5.942654348999952],[-78.30659573799994,-5.945720723999955],[-78.30766211199989,-5.954935598999896],[-78.30646286199993,-5.956437473999927],[-78.30862498799996,-5.962865223999927],[-78.30903511199989,-5.967763723999951],[-78.30798048699995,-5.969195349999836],[-78.30875973799994,-5.972208973999955],[-78.3119433629999,-5.972919973999979],[-78.31121486299992,-5.976097724999931],[-78.31353911299988,-5.984080098999925],[-78.31398648699997,-5.988808598999924],[-78.31685348799994,-5.989544973999955],[-78.32100973699983,-5.99421872399995],[-78.32315436199997,-5.99491597399998],[-78.32846011299995,-5.998991598999964],[-78.33332273799994,-6.000980848999973],[-78.34193161299993,-6.005386223999949],[-78.34513086299995,-5.999638723999965],[-78.34817123699997,-5.997475723999969],[-78.34919598699997,-5.993800098999941],[-78.35263786299998,-5.992336098999942],[-78.35443586299988,-5.990486723999879],[-78.3546669879999,-5.988175098999932],[-78.35720511299996,-5.986383223999894],[-78.3576464869999,-5.98254997399988],[-78.35988111299997,-5.980469598999889],[-78.36062598799987,-5.976385598999968],[-78.36322023699995,-5.974767348999876],[-78.3661739879999,-5.9746903489999],[-78.37574011299995,-5.973152598999945],[-78.38143098799998,-5.969681848999926],[-78.38464161299999,-5.969322098999953],[-78.38995848699989,-5.966830598999934],[-78.39432498799994,-5.963774098999977],[-78.39799798799993,-5.962155974999973],[-78.40588323799989,-5.960897348999879],[-78.4097361119999,-5.956325348999883],[-78.41115561299995,-5.952145473999906],[-78.41362886199994,-5.948185599999931],[-78.41930861199995,-5.948859848999916],[-78.42110523699995,-5.948478723999926],[-78.4262189879999,-5.945477223999887],[-78.42988748799996,-5.946382348999919],[-78.43330198799998,-5.945985348999955],[-78.43636698799997,-5.944254348999891],[-78.43903498699996,-5.944016099999885],[-78.44092261299988,-5.945050973999969],[-78.44611061299997,-5.944937223999887],[-78.45078686199997,-5.941639723999913],[-78.45468136199997,-5.940033473999961],[-78.45722786199991,-5.942933098999902],[-78.46162073799997,-5.945182223999836],[-78.46276873799991,-5.95021584899996],[-78.4644024879999,-5.951687724999942],[-78.46912711199991,-5.946536348999871],[-78.47219998799989,-5.938166724999974],[-78.47356186199994,-5.936999349999951],[-78.47743336299999,-5.936454723999873],[-78.48057873799996,-5.93856209899991],[-78.48395086299996,-5.938847598999928],[-78.48692698799994,-5.940006223999944],[-78.49218023799989,-5.938905973999965],[-78.49728523799996,-5.941309849999868],[-78.49779286199998,-5.938169223999978],[-78.49699336299989,-5.934228848999908],[-78.49771186299989,-5.928274098999907],[-78.49940186199996,-5.922657348999962],[-78.50237848799992,-5.917712723999955],[-78.50509123699993,-5.914212349999957],[-78.50894161199994,-5.914766598999961],[-78.51238748799994,-5.914326223999979],[-78.51625186299987,-5.910633849999954],[-78.52384273699988,-5.898383849999902],[-78.52833798799998,-5.893531724999889],[-78.53530661299993,-5.88679497399994],[-78.54221448699997,-5.88270984899998],[-78.54713336299989,-5.878443723999851],[-78.55481273799995,-5.876486098999976],[-78.56128736299996,-5.876837473999899],[-78.56371836299991,-5.877502098999912],[-78.56847348699989,-5.877308223999933],[-78.57468873799996,-5.875632848999885],[-78.57716473799985,-5.877404223999974],[-78.57900986299984,-5.876230223999926],[-78.58246836299998,-5.876435848999961],[-78.58728686199998,-5.8702120989999],[-78.59090061299992,-5.868605849999938],[-78.59300861299994,-5.863084848999961],[-78.59704811199992,-5.855627473999959],[-78.59640786299997,-5.84145209899998],[-78.59652211199995,-5.832317348999936],[-78.59468686299994,-5.829633098999977],[-78.59396236299995,-5.826444973999969],[-78.58859173699994,-5.820672849999937],[-78.58484361199999,-5.809344473999943],[-78.58360348699995,-5.804343723999978],[-78.57892773799995,-5.797539098999948],[-78.57609386299998,-5.789704598999947],[-78.57418673799998,-5.780720223999879],[-78.57403623799996,-5.775249348999921],[-78.57157673799998,-5.768674223999881],[-78.57122548799993,-5.764709098999901],[-78.57212886199989,-5.759589473999881],[-78.56991598799993,-5.755409973999917],[-78.56776223799994,-5.752763473999892],[-78.5663568629999,-5.748497098999962],[-78.56424886299993,-5.744481723999968],[-78.56422098799993,-5.742952598999921],[-78.56118711199997,-5.739010848999953],[-78.56163886299998,-5.736952973999905],[-78.56460011299993,-5.733439723999936],[-78.5667711129999,-5.727636473999951],[-78.56691461299994,-5.724072973999967],[-78.56437823699997,-5.716636348999884],[-78.56318973799995,-5.714933848999976],[-78.56380011199991,-5.711271848999957],[-78.56518136299997,-5.709633598999915],[-78.57334048699988,-5.702438098999892],[-78.57454336299992,-5.699289098999941],[-78.57427198799996,-5.696238598999969],[-78.57594248799995,-5.693219098999975],[-78.57523573699996,-5.689974598999925],[-78.57199136299988,-5.687501098999917],[-78.56367161299994,-5.685959223999873],[-78.55660761299998,-5.685945473999823],[-78.55240823799988,-5.683599598999876],[-78.55092186199994,-5.680828098999882],[-78.54763861299995,-5.678654348999885],[-78.5446034879999,-5.673181598999975],[-78.5412929879999,-5.668857473999935],[-78.5390321129999,-5.663802723999936],[-78.53592311299997,-5.65821697399997],[-78.53530073699989,-5.655091848999973],[-78.53570311199996,-5.65147847399993],[-78.53530073699989,-5.645810598999958],[-78.53361861299999,-5.644046223999965],[-78.52539198799991,-5.64855659899996],[-78.52704623799991,-5.651679223999963],[-78.52596811199999,-5.653389223999966],[-78.52251098799985,-5.653798223999956],[-78.51637723799985,-5.657478473999902],[-78.51377498699992,-5.66128872399986],[-78.5145371129999,-5.664857473999973],[-78.50821748699997,-5.669541473999971],[-78.50555961299989,-5.676121348999914],[-78.50557523799995,-5.680083223999873],[-78.50376648699995,-5.680940473999954],[-78.49939611299999,-5.679800973999818],[-78.49780473699997,-5.681435848999968]]]]},"properties":{"ubigeo":"010701","nombre":"BAGUA GRANDE"}},{"type":"Feature","geometry":{"type":"MultiPolygon","coordinates":[[[[-77.95551511199989,-5.399720597999931],[-77.95348961199988,-5.403749223999966],[-77.95528311199996,-5.412179848999926],[-77.95467936199992,-5.418359098999872],[-77.94939698699994,-5.42095272399996],[-77.94327536199995,-5.42205472399985],[-77.94056911199993,-5.425283472999922],[-77.93843948699998,-5.433894848999955],[-77.9393318619999,-5.44334347399996],[-77.93778911199996,-5.447019473999887],[-77.93714273699999,-5.451671598999951],[-77.93136173699992,-5.460812598999894],[-77.93040773699994,-5.46623647399997],[-77.93288348699997,-5.472824973999934],[-77.93338323699993,-5.483318348999887],[-77.93256448699998,-5.490943348999906],[-77.93478711199992,-5.491908223999928],[-77.94142311199994,-5.489394973999879],[-77.94758311199996,-5.494204222999883],[-77.95427486199986,-5.497047848999898],[-77.95541686199994,-5.498546972999975],[-77.96543448699992,-5.502425473999949],[-77.97031711199998,-5.506300348999957],[-77.97454786199995,-5.508326473999887],[-77.97887848699997,-5.50858822399988],[-77.98689723699994,-5.510967723999954],[-77.98984173699995,-5.510351598999932],[-77.99126761199989,-5.514076223999894],[-77.98959573699995,-5.516859348999958],[-77.98894723699993,-5.52061909899993],[-77.98499223699997,-5.52479497399986],[-77.98480661199989,-5.527388723999877],[-77.98753323699998,-5.531558598999936],[-77.98996286199997,-5.532703098999946],[-77.99094136199989,-5.537242223999897],[-77.98916411199986,-5.542390597999827],[-77.99008198799993,-5.545349598999962],[-77.98866798699993,-5.54930472399991],[-77.98916211199997,-5.552609348999965],[-77.98735161199988,-5.556738223999901],[-77.98793948699995,-5.560322223999947],[-77.98756048699994,-5.563937473999943],[-77.98808398699992,-5.567720723999969],[-77.98673636299998,-5.568830098999968],[-77.98737298699996,-5.57147259899989],[-77.98504686199988,-5.575044973999979],[-77.98659761199997,-5.577015598999878],[-77.98900786199988,-5.577427723999961],[-77.98932611199996,-5.579683597999917],[-77.99151173799993,-5.582040973999938],[-77.995628862,-5.583402348999869],[-77.99841411199992,-5.588447223999935],[-78.00124798699994,-5.590937473999929],[-78.00212498699995,-5.595974598999931],[-78.00391598699997,-5.598187473999928],[-78.00746673699996,-5.59854884899994],[-78.01174023699997,-5.602285098999914],[-78.01129298699993,-5.606935598999939],[-78.01238861199988,-5.611501973999964],[-78.017394487,-5.61992572399987],[-78.02575586199993,-5.632658223999897],[-78.04413086199997,-5.661583973999939],[-78.06995311199995,-5.701917973999969],[-78.07842973699996,-5.715457098999934],[-78.09725973799993,-5.745015598999942],[-78.1039726119999,-5.755042973999934],[-78.09888636199997,-5.755865348999976],[-78.09402361199989,-5.757927098999915],[-78.08791723699994,-5.765179223999894],[-78.08326873699997,-5.767221348999954],[-78.07797548799988,-5.768296223999869],[-78.0763568619999,-5.769425723999973],[-78.07690823699994,-5.774193348999859],[-78.0806016119999,-5.778837848999899],[-78.0822676119999,-5.782794973999955],[-78.08630073799992,-5.786419973999955],[-78.08576948699994,-5.792253848999906],[-78.08827923699994,-5.796134723999955],[-78.09074998699998,-5.798171848999914],[-78.09374411199985,-5.801945348999936],[-78.093898487,-5.803517598999917],[-78.09702736199989,-5.809062473999973],[-78.0984628619999,-5.814148348999936],[-78.09753711299999,-5.818652348999933],[-78.10123623699997,-5.822392598999954],[-78.1022948619999,-5.825109348999945],[-78.09800373699994,-5.829902348999951],[-78.09701173699995,-5.83308784899998],[-78.09785348699995,-5.834609348999948],[-78.09631248799991,-5.837537099999963],[-78.10104486199998,-5.838412098999925],[-78.10249211299998,-5.841345723999893],[-78.10280073699994,-5.846091848999947],[-78.10249023699998,-5.852062473999922],[-78.10365236199988,-5.855908223999961],[-78.10539261299988,-5.8580037239999],[-78.11082998699999,-5.862142598999981],[-78.1135136119999,-5.866447223999955],[-78.11637111199991,-5.86888472399994],[-78.11873436199994,-5.872410098999978],[-78.11948436199992,-5.875812473999929],[-78.11888473699997,-5.881726598999933],[-78.12070311199994,-5.884374974999957],[-78.12211523699995,-5.890517598999907],[-78.12559573699997,-5.892785098999923],[-78.1303281129999,-5.893486348999943],[-78.13174611199997,-5.895128848999889],[-78.13522461299993,-5.894244098999934],[-78.13556448799994,-5.893107473999976],[-78.14099611199998,-5.887667973999953],[-78.14712498699998,-5.88561322399994],[-78.15032823799999,-5.885466848999897],[-78.15414111199988,-5.883627474999855],[-78.16056836199994,-5.88557222399993],[-78.16725973699994,-5.884785098999885],[-78.17383786199997,-5.882947223999963],[-78.17890823699997,-5.88464447399997],[-78.18134573699996,-5.886265598999898],[-78.1850332379999,-5.886763723999934],[-78.1880176119999,-5.889181598999926],[-78.18957423699999,-5.888294974999951],[-78.19233011199987,-5.889456973999927],[-78.19753123699996,-5.886718723999934],[-78.20294723699999,-5.881015598999909],[-78.20648048699996,-5.879869098999905],[-78.20759573799995,-5.877081973999964],[-78.2103398619999,-5.874980473999926],[-78.21307811199989,-5.87406434899998],[-78.21501761199994,-5.868931598999893],[-78.21753123699995,-5.867789098999879],[-78.22184173799997,-5.862749973999939],[-78.22200586199995,-5.859027348999973],[-78.22785936199995,-5.855722598999876],[-78.23093748699989,-5.855339848999961],[-78.23664848699991,-5.851925723999898],[-78.23809373699999,-5.849980473999949],[-78.23701473699987,-5.846441848999916],[-78.2340878629999,-5.844287098999814],[-78.23424611299993,-5.841242223999927],[-78.23622661199994,-5.84040234899993],[-78.24062298799998,-5.836195473999908],[-78.24346486199994,-5.836263723999934],[-78.24634573799989,-5.834244098999932],[-78.24891011199998,-5.829937473999905],[-78.25019136299994,-5.826095723999913],[-78.2544374869999,-5.826045723999869],[-78.25798298799998,-5.822895098999879],[-78.26045523699992,-5.822815598999966],[-78.26317911199993,-5.824945223999975],[-78.26528448699997,-5.828309723999894],[-78.27282461199991,-5.824080598999899],[-78.27346798699995,-5.821911848999946],[-78.27871648699988,-5.81690209899989],[-78.28385648699998,-5.814125973999978],[-78.28715286199997,-5.813735598999926],[-78.28924561199995,-5.812121473999923],[-78.29475923699988,-5.810450723999963],[-78.2960058619999,-5.80912697399998],[-78.29654561299998,-5.806530973999941],[-78.30019786299994,-5.802684223999961],[-78.29979048799999,-5.798194598999942],[-78.300907237,-5.796894223999971],[-78.30644136299998,-5.79544134899993],[-78.31172823799994,-5.796438973999898],[-78.31554836199996,-5.799641848999954],[-78.31846486299992,-5.799590348999971],[-78.31958886299992,-5.7981210989999],[-78.32459173799998,-5.798650098999872],[-78.33011548699989,-5.795582223999872],[-78.33233948799995,-5.795620723999946],[-78.33636798799995,-5.793772098999966],[-78.33803561199989,-5.788585598999873],[-78.3392402369999,-5.787593848999904],[-78.34368486299996,-5.789018973999873],[-78.34709898799991,-5.786920348999956],[-78.35048023799999,-5.786499348999939],[-78.35453548699996,-5.783068473999947],[-78.35873023699997,-5.781540348999954],[-78.35928123799988,-5.779307098999936],[-78.3637127369999,-5.777626723999958],[-78.36828786299992,-5.778043598999943],[-78.37059461199993,-5.776559598999881],[-78.37670773799988,-5.776469473999953],[-78.38071273799989,-5.777212723999924],[-78.38465036199989,-5.775757848999888],[-78.39088986299987,-5.771500223999965],[-78.39708623799999,-5.770440598999926],[-78.40442148799991,-5.769960973999957],[-78.40745973799994,-5.773106348999875],[-78.41278673799991,-5.772637848999921],[-78.41535261299992,-5.769217848999915],[-78.4143516129999,-5.765956973999948],[-78.4149551129999,-5.764031598999907],[-78.41751473699998,-5.762642848999917],[-78.42018836299991,-5.759869098999957],[-78.4266397369999,-5.756536348999873],[-78.42929048699995,-5.756682098999931],[-78.43578673799993,-5.753797223999925],[-78.44134386299999,-5.750671723999915],[-78.44279473799998,-5.748184473999913],[-78.44086736199995,-5.740274223999904],[-78.44205861199998,-5.738734973999954],[-78.44834936199993,-5.741411848999974],[-78.45018248699989,-5.74011534899995],[-78.4516552369999,-5.736325848999911],[-78.45565723699991,-5.735268473999895],[-78.45538448699989,-5.732973223999977],[-78.45069998799994,-5.733059973999957],[-78.4482898629999,-5.731369973999847],[-78.44485998799996,-5.725039973999969],[-78.43744998799997,-5.722209973999895],[-78.43306261199996,-5.715483348999953],[-78.43097473799997,-5.714878348999832],[-78.43020273699995,-5.712705098999947],[-78.4275959869999,-5.710799723999969],[-78.42276698799992,-5.708864723999909],[-78.42053873699996,-5.705899098999907],[-78.41590336299993,-5.702001098999972],[-78.41298473799998,-5.696852848999981],[-78.41123661199998,-5.692527723999888],[-78.40557061299995,-5.690257348999978],[-78.4053691119999,-5.684873223999944],[-78.40412486199989,-5.677808098999947],[-78.40232861199996,-5.671957848999966],[-78.38939423799991,-5.652886973999955],[-78.38717861299995,-5.64922297399994],[-78.38502536199985,-5.643232473999944],[-78.37791286199996,-5.640389223999932],[-78.37252973699998,-5.6332368489999],[-78.36813073699989,-5.626791473999958],[-78.36521561199999,-5.626213223999912],[-78.3530491119999,-5.625610973999926],[-78.34142386299993,-5.623273473999859],[-78.3358534869999,-5.622746098999926],[-78.331048362,-5.61996134899988],[-78.32400386199993,-5.620183598999972],[-78.32074748699995,-5.618401723999909],[-78.31650736199998,-5.617634223999914],[-78.31483986199993,-5.615935473999969],[-78.316098862,-5.611482973999955],[-78.31587823699988,-5.606224723999844],[-78.31652336299999,-5.601104973999895],[-78.31445186299999,-5.598954097999922],[-78.31350848799991,-5.596131723999974],[-78.31780473799995,-5.591473848999954],[-78.31877136299988,-5.589223972999889],[-78.31886348699999,-5.581317473999945],[-78.32192548699999,-5.575921098999913],[-78.32295686299989,-5.571755348999943],[-78.32613186199995,-5.566190473999939],[-78.32556573699992,-5.559211223999966],[-78.32391923699993,-5.553822598999886],[-78.32339536299986,-5.549930973999949],[-78.32759998699993,-5.547766098999887],[-78.32956636299991,-5.543888722999952],[-78.33502436199996,-5.539724598999953],[-78.33421486199995,-5.537204473999964],[-78.33099348699994,-5.53739684899989],[-78.32724286299998,-5.535906348999958],[-78.3245983629999,-5.533165598999915],[-78.32200198799995,-5.527011098999878],[-78.32138711199997,-5.523750223999912],[-78.31616648799991,-5.513527848999956],[-78.313499988,-5.509947223999973],[-78.3131232369999,-5.507629848999898],[-78.31090448699985,-5.50518247399998],[-78.30397461199993,-5.502513473999954],[-78.30315748699996,-5.50083097299995],[-78.30648623799993,-5.494832473999907],[-78.30917048799989,-5.488436473999968],[-78.31183036199997,-5.485992598999928],[-78.3029222369999,-5.483738223999978],[-78.29680348699992,-5.481434722999836],[-78.28801161299998,-5.480562473999953],[-78.28588636199999,-5.478581848999966],[-78.28244111199996,-5.476787472999888],[-78.27942661299994,-5.473485848999928],[-78.27424998699996,-5.470578098999965],[-78.27081361299997,-5.473198723999872],[-78.26708111199997,-5.474777723999978],[-78.25667373699991,-5.474203598999964],[-78.25351561199994,-5.474562473999924],[-78.24986398699997,-5.473857098999929],[-78.24692561299992,-5.472403473999975],[-78.24402448699988,-5.472326847999966],[-78.23886961299996,-5.470393723999962],[-78.23395636199996,-5.464956973999904],[-78.23040386199989,-5.459417848999976],[-78.23011673699995,-5.456403223999928],[-78.23119336199994,-5.454321722999964],[-78.22846598699988,-5.443483598999876],[-78.22286748699992,-5.439177098999892],[-78.22272661199992,-5.435253848999935],[-78.21956573699993,-5.434870597999918],[-78.21655123699992,-5.43106647299993],[-78.20908648699992,-5.429128472999935],[-78.20585548699995,-5.427396473999977],[-78.20434936299995,-5.424893723999901],[-78.20027148699995,-5.422330098999964],[-78.19839198799997,-5.42008484899992],[-78.19544923699993,-5.419725973999903],[-78.19221936299994,-5.41721384799996],[-78.18641298799992,-5.408949597999879],[-78.17969536199985,-5.406900473999883],[-78.17908198699996,-5.402250598999956],[-78.17499023699992,-5.397064598999918],[-78.17247848699992,-5.390621098999873],[-78.16340898799996,-5.386830347999933],[-78.16174411199995,-5.378253848999975],[-78.15961711299997,-5.370146097999964],[-78.15630998699999,-5.367449973999896],[-78.15613998799995,-5.364829972999928],[-78.1519099869999,-5.363449972999945],[-78.1482599869999,-5.360569973999873],[-78.14697998699995,-5.354109973999869],[-78.14594998699988,-5.353109972999903],[-78.14587998799988,-5.34890997399998],[-78.14751998699995,-5.344119973999852],[-78.14627998699996,-5.339879973999928],[-78.12125373699996,-5.328921848999926],[-78.11671773699999,-5.331033348999938],[-78.11436748699998,-5.333238598999969],[-78.11171311199996,-5.33753609799993],[-78.10918523699996,-5.340443222999909],[-78.106146487,-5.341998097999976],[-78.10416223799996,-5.3465423479999],[-78.10367836199998,-5.350413348999894],[-78.10245011199999,-5.352907348999963],[-78.09383136299988,-5.360467597999957],[-78.0928754869999,-5.3619774739999],[-78.09251186299997,-5.365860472999941],[-78.08875248699991,-5.37088547399992],[-78.08752411199998,-5.377064222999934],[-78.08522836299994,-5.381247723999934],[-78.08354148699988,-5.386109098999952],[-78.07896311199988,-5.39221347299997],[-78.07792098699997,-5.395005098999945],[-78.078628112,-5.398206222999875],[-78.08101773699997,-5.400478973999896],[-78.08056373799997,-5.402374972999837],[-78.0740246119999,-5.408005473999935],[-78.07319373699994,-5.409186598999952],[-78.06801998699996,-5.410973223999918],[-78.06329286299996,-5.411047723999957],[-78.0554354869999,-5.413798848999932],[-78.05145636199984,-5.412945972999978],[-78.04832973699996,-5.410526597999933],[-78.04695248699994,-5.406916098999943],[-78.04836686199991,-5.403156722999938],[-78.05512298699989,-5.395425723999949],[-78.05525286199997,-5.39109684899995],[-78.05242411199998,-5.383912972999951],[-78.05151673799986,-5.376031098999874],[-78.05089798699998,-5.375054223999882],[-78.04512861199993,-5.374421472999927],[-78.03935923699999,-5.372932598999967],[-78.02956998699995,-5.368540472999882],[-78.02179123699989,-5.365814973999875],[-78.01523961199996,-5.367572723999956],[-78.00898636199992,-5.371034348999899],[-78.00717061199998,-5.376965972999869],[-78.00606561299992,-5.378926473999911],[-77.9994493619999,-5.380915473999892],[-77.99632973699988,-5.383951473999957],[-77.99597386199991,-5.386024222999936],[-77.99239361199989,-5.391781972999979],[-77.98676223699988,-5.393989847999876],[-77.97982236199988,-5.395210848999909],[-77.97168086199997,-5.395247848999873],[-77.96680023699997,-5.39305047299996],[-77.96544198699996,-5.393094347999977],[-77.95955998699998,-5.395949597999959],[-77.95551511199989,-5.399720597999931]]]]},"properties":{"ubigeo":"010702","nombre":"CAJARURO"}},{"type":"Feature","geometry":{"type":"MultiPolygon","coordinates":[[[[-78.59090061299992,-5.868605849999938],[-78.58728686199998,-5.8702120989999],[-78.58246836299998,-5.876435848999961],[-78.57900986299984,-5.876230223999926],[-78.57716473799985,-5.877404223999974],[-78.57468873799996,-5.875632848999885],[-78.56847348699989,-5.877308223999933],[-78.56371836299991,-5.877502098999912],[-78.56128736299996,-5.876837473999899],[-78.55481273799995,-5.876486098999976],[-78.54713336299989,-5.878443723999851],[-78.54221448699997,-5.88270984899998],[-78.53530661299993,-5.88679497399994],[-78.52833798799998,-5.893531724999889],[-78.52384273699988,-5.898383849999902],[-78.51625186299987,-5.910633849999954],[-78.51238748799994,-5.914326223999979],[-78.50894161199994,-5.914766598999961],[-78.50509123699993,-5.914212349999957],[-78.50237848799992,-5.917712723999955],[-78.49940186199996,-5.922657348999962],[-78.49771186299989,-5.928274098999907],[-78.49699336299989,-5.934228848999908],[-78.49779286199998,-5.938169223999978],[-78.49728523799996,-5.941309849999868],[-78.50223048699996,-5.944705473999932],[-78.50486661299993,-5.95131822399992],[-78.5115241119999,-5.952658598999903],[-78.51188148799991,-5.959718224999961],[-78.51018048699996,-5.966256223999835],[-78.51232836299994,-5.969011723999927],[-78.51375811299994,-5.973122348999937],[-78.51356923799995,-5.980674348999969],[-78.51465173799988,-5.983264848999966],[-78.51808398799994,-5.987726598999927],[-78.5220879869999,-5.988775349999855],[-78.5228926129999,-5.990406223999969],[-78.52798048799997,-5.991406223999945],[-78.53059761299994,-5.993540973999814],[-78.53896486299993,-5.995847473999959],[-78.54395898799999,-5.999177724999981],[-78.54846098799999,-6.000019473999942],[-78.55113086299997,-6.002328098999953],[-78.55653711199994,-6.002749973999869],[-78.55806448699991,-6.004646473999969],[-78.56364061199997,-6.007218724999973],[-78.57156636199988,-6.011439473999872],[-78.57662698799993,-6.016478348999954],[-78.57950386199997,-6.017150348999962],[-78.58207036199991,-6.018816348999962],[-78.58757036299988,-6.020195348999948],[-78.59101361299997,-6.019542973999876],[-78.59653123799995,-6.021410098999979],[-78.60092373799995,-6.022144473999901],[-78.60451948799994,-6.021943348999969],[-78.60775386199992,-6.023277348999954],[-78.61003911299991,-6.023142598999925],[-78.61197486199995,-6.021449223999866],[-78.6122716129999,-6.018182473999957],[-78.61478511299993,-6.014939348999917],[-78.62046061299998,-6.012669098999936],[-78.62232548799989,-6.011087973999906],[-78.62619336199998,-6.004874973999961],[-78.62823236299994,-5.995984348999912],[-78.62818548799999,-5.990613223999958],[-78.62981261199997,-5.989046848999919],[-78.63586323799996,-5.988744098999916],[-78.63774023799988,-5.984974599999873],[-78.63943348799995,-5.974474598999905],[-78.64151748799998,-5.969847598999877],[-78.64319536299996,-5.96820484899996],[-78.64766161199992,-5.967392724999968],[-78.65001648799989,-5.963048348999962],[-78.65336723799987,-5.962580098999979],[-78.65837498799988,-5.958345723999969],[-78.66032036299998,-5.955558598999971],[-78.66005661299994,-5.950216848999958],[-78.6615644879999,-5.942915973999902],[-78.66288673799988,-5.94156634899997],[-78.67023436299996,-5.92739647399992],[-78.6717967379999,-5.919255848999967],[-78.67315036299993,-5.916445348999957],[-78.67629486299995,-5.913824223999882],[-78.68277061299989,-5.911075973999971],[-78.68491911199993,-5.907954348999965],[-78.68462886299983,-5.904597598999942],[-78.68600223799996,-5.900878598999896],[-78.68765823799993,-5.896908223999958],[-78.69068748799992,-5.89342384899993],[-78.69593361299991,-5.888527348999901],[-78.69604698799998,-5.883193473999938],[-78.69165386299994,-5.876216098999919],[-78.69133011299988,-5.871960973999933],[-78.69268748799993,-5.869755598999973],[-78.69589198799997,-5.866809598999907],[-78.69837273799993,-5.860865973999921],[-78.6967706129999,-5.852751473999831],[-78.69821773699994,-5.849288723999848],[-78.69914798799988,-5.840760848999878],[-78.7015807379999,-5.836330348999979],[-78.70677773799986,-5.831985973999963],[-78.71201536299998,-5.830443098999922],[-78.71191398799994,-5.826754598999912],[-78.70912311299992,-5.816675973999907],[-78.70839948799994,-5.811300848999963],[-78.70602198799992,-5.807062723999877],[-78.70431648799996,-5.794555223999907],[-78.70178386299995,-5.791609223999956],[-78.70057048799998,-5.785220848999927],[-78.69873861299993,-5.781883598999968],[-78.69471898799998,-5.777051848999918],[-78.69252648699995,-5.771854848999965],[-78.69354148799988,-5.769296848999886],[-78.69289423699996,-5.762769473999924],[-78.6915504879999,-5.758272973999965],[-78.69253248799998,-5.755792098999848],[-78.69175511299989,-5.750741848999951],[-78.68994823799994,-5.747832848999963],[-78.68603023799994,-5.744367598999929],[-78.68245723799998,-5.74306809899997],[-78.67996336299996,-5.747520348999956],[-78.68480836299995,-5.749318473999949],[-78.6868562379999,-5.754113473999951],[-78.68570736299989,-5.760956348999912],[-78.68883311299999,-5.769695598999931],[-78.6880874879999,-5.775567098999943],[-78.68541586299995,-5.77778872399989],[-78.68221523799997,-5.783041223999874],[-78.6812087379999,-5.788043723999976],[-78.67501448699994,-5.795980973999917],[-78.67349761299994,-5.80062084899987],[-78.67412223799994,-5.806242348999945],[-78.67305148799989,-5.809186973999942],[-78.66843648799988,-5.814286473999914],[-78.66141236299984,-5.820339848999936],[-78.65861411299994,-5.826107598999954],[-78.65513061299993,-5.830333473999929],[-78.65393623699998,-5.835790348999979],[-78.6499797379999,-5.838420098999961],[-78.64362123799992,-5.841512723999926],[-78.63897148799998,-5.845319223999923],[-78.63658636299988,-5.848957098999961],[-78.62903573699998,-5.854293098999904],[-78.62927661299994,-5.8556582249999],[-78.62574311299994,-5.857866723999962],[-78.62269148799999,-5.862404098999946],[-78.61907773699994,-5.86609822399987],[-78.60947161299998,-5.86930872399995],[-78.60084398799995,-5.870864348999874],[-78.59619973799988,-5.869492223999941],[-78.59090061299992,-5.868605849999938]]]]},"properties":{"ubigeo":"010703","nombre":"CUMBA"}},{"type":"Feature","geometry":{"type":"MultiPolygon","coordinates":[[[[-78.554747363,-5.538074723999955],[-78.55611848699994,-5.542446598999902],[-78.55572911299993,-5.544592098999885],[-78.5534217369999,-5.546390223999822],[-78.55347548799989,-5.548066848999895],[-78.55962723799996,-5.551070223999886],[-78.56231811199996,-5.551100723999923],[-78.56367498799995,-5.552991223999925],[-78.56336223799991,-5.555567722999967],[-78.56143886299998,-5.55723559899991],[-78.55448923699993,-5.559950847999971],[-78.55252261299995,-5.562298723999902],[-78.55322398799996,-5.565027723999947],[-78.55824748799995,-5.568480848999911],[-78.55971861299997,-5.566216848999886],[-78.56199786299993,-5.565097973999968],[-78.56431548699993,-5.566202223999937],[-78.56545611299998,-5.572167098999898],[-78.56120598799998,-5.571782098999961],[-78.56021786299993,-5.574847972999976],[-78.56371973799992,-5.577587098999913],[-78.56244836299999,-5.583544598999936],[-78.56536173799998,-5.58788197399997],[-78.56360348699991,-5.588993597999945],[-78.56143861199985,-5.587329848999957],[-78.55766773799996,-5.587780473999828],[-78.55755148799994,-5.589952598999957],[-78.56157648799996,-5.590417598999977],[-78.56394498799995,-5.593367348999948],[-78.56005073799992,-5.597799223999914],[-78.56284786299983,-5.601591723999945],[-78.56176536299995,-5.60445422399988],[-78.559571238,-5.604948223999941],[-78.55583686299997,-5.604069098999901],[-78.54948698799996,-5.606800848999967],[-78.54734373699989,-5.605093598999929],[-78.54567286199995,-5.606285098999933],[-78.54655923799999,-5.608951473999923],[-78.54237423799992,-5.609147598999925],[-78.54224348799994,-5.611697723999953],[-78.5461158629999,-5.615838973999871],[-78.54717661299992,-5.619282848999887],[-78.54923498799997,-5.620929848999936],[-78.55354386199997,-5.620714848999967],[-78.55584061299993,-5.621401723999952],[-78.55516061299988,-5.62495434899995],[-78.55601411299989,-5.626064347999943],[-78.56305723799994,-5.626694973999975],[-78.56371973799992,-5.627548223999952],[-78.5594834879999,-5.6326175989999],[-78.55659661299995,-5.637251098999968],[-78.5574858629999,-5.640718472999879],[-78.56029661199995,-5.64222422399996],[-78.56024648799996,-5.646580973999903],[-78.55219573799997,-5.650475848999861],[-78.54938498699994,-5.651017848999913],[-78.54879273799997,-5.647554598999932],[-78.54633323799993,-5.645567098999948],[-78.54311498799996,-5.64729822399994],[-78.54086661199989,-5.646995223999909],[-78.53361861299999,-5.644046223999965],[-78.53530073699989,-5.645810598999958],[-78.53570311199996,-5.65147847399993],[-78.53530073699989,-5.655091848999973],[-78.53592311299997,-5.65821697399997],[-78.5390321129999,-5.663802723999936],[-78.5412929879999,-5.668857473999935],[-78.5446034879999,-5.673181598999975],[-78.54763861299995,-5.678654348999885],[-78.55092186199994,-5.680828098999882],[-78.55240823799988,-5.683599598999876],[-78.55660761299998,-5.685945473999823],[-78.56367161299994,-5.685959223999873],[-78.57199136299988,-5.687501098999917],[-78.57523573699996,-5.689974598999925],[-78.57594248799995,-5.693219098999975],[-78.57427198799996,-5.696238598999969],[-78.57454336299992,-5.699289098999941],[-78.57334048699988,-5.702438098999892],[-78.56518136299997,-5.709633598999915],[-78.56380011199991,-5.711271848999957],[-78.56318973799995,-5.714933848999976],[-78.56437823699997,-5.716636348999884],[-78.56691461299994,-5.724072973999967],[-78.5667711129999,-5.727636473999951],[-78.56460011299993,-5.733439723999936],[-78.56163886299998,-5.736952973999905],[-78.56118711199997,-5.739010848999953],[-78.56422098799993,-5.742952598999921],[-78.56424886299993,-5.744481723999968],[-78.5663568629999,-5.748497098999962],[-78.56776223799994,-5.752763473999892],[-78.56991598799993,-5.755409973999917],[-78.57212886199989,-5.759589473999881],[-78.57122548799993,-5.764709098999901],[-78.57157673799998,-5.768674223999881],[-78.57403623799996,-5.775249348999921],[-78.57418673799998,-5.780720223999879],[-78.57609386299998,-5.789704598999947],[-78.57892773799995,-5.797539098999948],[-78.58360348699995,-5.804343723999978],[-78.58484361199999,-5.809344473999943],[-78.58859173699994,-5.820672849999937],[-78.59396236299995,-5.826444973999969],[-78.59468686299994,-5.829633098999977],[-78.59652211199995,-5.832317348999936],[-78.59640786299997,-5.84145209899998],[-78.59704811199992,-5.855627473999959],[-78.59300861299994,-5.863084848999961],[-78.59090061299992,-5.868605849999938],[-78.59619973799988,-5.869492223999941],[-78.60084398799995,-5.870864348999874],[-78.60947161299998,-5.86930872399995],[-78.61907773699994,-5.86609822399987],[-78.62269148799999,-5.862404098999946],[-78.62574311299994,-5.857866723999962],[-78.62927661299994,-5.8556582249999],[-78.62903573699998,-5.854293098999904],[-78.63658636299988,-5.848957098999961],[-78.63897148799998,-5.845319223999923],[-78.64362123799992,-5.841512723999926],[-78.6499797379999,-5.838420098999961],[-78.65393623699998,-5.835790348999979],[-78.65513061299993,-5.830333473999929],[-78.65861411299994,-5.826107598999954],[-78.66141236299984,-5.820339848999936],[-78.66843648799988,-5.814286473999914],[-78.67305148799989,-5.809186973999942],[-78.67412223799994,-5.806242348999945],[-78.67349761299994,-5.80062084899987],[-78.67501448699994,-5.795980973999917],[-78.6812087379999,-5.788043723999976],[-78.68221523799997,-5.783041223999874],[-78.68541586299995,-5.77778872399989],[-78.6880874879999,-5.775567098999943],[-78.68883311299999,-5.769695598999931],[-78.68570736299989,-5.760956348999912],[-78.6868562379999,-5.754113473999951],[-78.68480836299995,-5.749318473999949],[-78.67996336299996,-5.747520348999956],[-78.68245723799998,-5.74306809899997],[-78.67498661299999,-5.742256098999974],[-78.67291586299996,-5.740550848999817],[-78.66865273799993,-5.73990122399988],[-78.66193561299997,-5.73754772399991],[-78.65500986299998,-5.736513973999934],[-78.65345936299997,-5.734963473999812],[-78.65448273799996,-5.72914172399993],[-78.65273686299992,-5.725325223999903],[-78.65241198799998,-5.722767348999923],[-78.65418286299996,-5.718734598999959],[-78.65625023799993,-5.717907723999929],[-78.66074673799994,-5.718011098999966],[-78.66643198799994,-5.717390848999969],[-78.67087686299999,-5.715013348999889],[-78.67640698799988,-5.710568598999942],[-78.68379786299988,-5.707054098999947],[-78.68633023799998,-5.701368848999891],[-78.68633023799998,-5.698887973999888],[-78.68374611299998,-5.694649848999973],[-78.6792091129999,-5.690732473999958],[-78.66958473799986,-5.68601872399995],[-78.66642448799996,-5.683598223999923],[-78.65981648799993,-5.681315348999874],[-78.65583673799989,-5.678007598999955],[-78.65108186299994,-5.675630098999932],[-78.64917511299996,-5.671148973999891],[-78.64845073799995,-5.664991348999877],[-78.64881298799997,-5.662274723999928],[-78.64701398799991,-5.658249973999943],[-78.64279111199994,-5.653626848999977],[-78.64015198699997,-5.648780848999934],[-78.63993873699997,-5.646563723999975],[-78.63757861199991,-5.644344473999979],[-78.63031836299996,-5.64278509899998],[-78.62477098799991,-5.639364723999961],[-78.62295973799996,-5.634520098999928],[-78.62139223699995,-5.632428472999891],[-78.61956523699996,-5.622724473999881],[-78.61818473799997,-5.62069447399989],[-78.60919573799998,-5.614960473999929],[-78.60765648799998,-5.611519473999977],[-78.60543761299994,-5.609708473999945],[-78.60481598699994,-5.607207848999906],[-78.60626673699988,-5.604185723999876],[-78.60694648799995,-5.599055223999926],[-78.60812111199994,-5.5961499739999],[-78.60450198799998,-5.59235447299983],[-78.59999511299998,-5.590243223999948],[-78.59903448799997,-5.584529223999937],[-78.59612936199994,-5.581747598999925],[-78.59463573799997,-5.57753484899996],[-78.59418911299997,-5.570713723999916],[-78.59163123799988,-5.568358848999935],[-78.5851348629999,-5.564826473999972],[-78.58338886299998,-5.561415973999942],[-78.58521611299989,-5.557721223999977],[-78.58508723799997,-5.554971473999899],[-78.58299048799995,-5.550738598999885],[-78.58073548799996,-5.548483598999894],[-78.57417248799999,-5.545581223999932],[-78.56982811299997,-5.545378348999918],[-78.56708723799994,-5.539938598999868],[-78.56408061199994,-5.538277098999913],[-78.554747363,-5.538074723999955]]]]},"properties":{"ubigeo":"010704","nombre":"EL MILAGRO"}},{"type":"Feature","geometry":{"type":"MultiPolygon","coordinates":[[[[-78.13522461299993,-5.894244098999934],[-78.13504098799996,-5.896437473999981],[-78.13142773699997,-5.899203098999919],[-78.13080473699989,-5.902560598999969],[-78.13260161199997,-5.903960973999972],[-78.1347519869999,-5.903638723999961],[-78.13711323699988,-5.90937884899995],[-78.13879686199994,-5.911699223999847],[-78.13921086199997,-5.915560598999946],[-78.13656461299996,-5.917849598999965],[-78.13609573699989,-5.921290973999874],[-78.136908238,-5.928242223999916],[-78.1435251119999,-5.938140473999908],[-78.14467423699995,-5.940989098999978],[-78.14498336199995,-5.945687223999869],[-78.13877061199997,-5.954403599999978],[-78.1355742369999,-5.95750972399992],[-78.13588173699998,-5.958921224999926],[-78.14133611199998,-5.96086347399995],[-78.15204711199988,-5.962516348999941],[-78.15441348699994,-5.963814098999933],[-78.15983323799992,-5.972134598999958],[-78.16146198699994,-5.97812472399994],[-78.16459398699993,-5.9855760989999],[-78.16906223799998,-5.988322223999944],[-78.17092398799991,-5.990416723999942],[-78.17240998799997,-5.994149973999924],[-78.17062998699993,-5.996219973999871],[-78.17170998699993,-5.999999973999877],[-78.17031786199993,-6.002621473999909],[-78.16962298699991,-6.006211223999912],[-78.16682936199999,-6.013049348999857],[-78.16433223799993,-6.01726672399991],[-78.17933623699997,-6.024877598999922],[-78.18256448799991,-6.025459724999962],[-78.19055561199997,-6.027894098999923],[-78.19415423699996,-6.03064609899991],[-78.19743536299995,-6.031333973999892],[-78.20279523699998,-6.035284098999966],[-78.20684223699988,-6.039015223999968],[-78.2140454879999,-6.055285973999901],[-78.22371748699999,-6.061550849999833],[-78.22853748699993,-6.060028723999835],[-78.23499811199997,-6.059474473999956],[-78.24182486199993,-6.059992348999913],[-78.24908248699995,-6.058035099999927],[-78.2515681129999,-6.057870473999969],[-78.25597861299997,-6.058995348999929],[-78.26539136299994,-6.062991348999901],[-78.27024586299996,-6.063849723999965],[-78.2778407369999,-6.063599973999885],[-78.28438286199986,-6.064241349999975],[-78.28700198699994,-6.062300723999954],[-78.28799611299996,-6.059371098999975],[-78.28945248799994,-6.050507348999929],[-78.29170848699988,-6.045267724999917],[-78.29861786199996,-6.037969848999978],[-78.30389398699992,-6.035512473999972],[-78.30755586299989,-6.031151848999912],[-78.30868836199988,-6.028501723999966],[-78.3127216129999,-6.025455724999972],[-78.31848073799989,-6.020315098999902],[-78.32131536199995,-6.019857224999953],[-78.32670923699993,-6.017226598999969],[-78.32916411199994,-6.012537473999942],[-78.33245186199991,-6.011181348999912],[-78.33493811299996,-6.007667598999888],[-78.33842298799988,-6.006966098999953],[-78.34193161299993,-6.005386223999949],[-78.33332273799994,-6.000980848999973],[-78.32846011299995,-5.998991598999964],[-78.32315436199997,-5.99491597399998],[-78.32100973699983,-5.99421872399995],[-78.31685348799994,-5.989544973999955],[-78.31398648699997,-5.988808598999924],[-78.31353911299988,-5.984080098999925],[-78.31121486299992,-5.976097724999931],[-78.3119433629999,-5.972919973999979],[-78.30875973799994,-5.972208973999955],[-78.30798048699995,-5.969195349999836],[-78.30903511199989,-5.967763723999951],[-78.30862498799996,-5.962865223999927],[-78.30646286199993,-5.956437473999927],[-78.30766211199989,-5.954935598999896],[-78.30659573799994,-5.945720723999955],[-78.30403911299999,-5.942654348999952],[-78.30289848699994,-5.939531223999893],[-78.29837886299998,-5.933843723999928],[-78.29424411199989,-5.923105473999897],[-78.29172261299988,-5.919921848999934],[-78.29014261299989,-5.916218723999975],[-78.28649798699996,-5.910607473999903],[-78.28554298799992,-5.902787099999898],[-78.282007863,-5.898621098999911],[-78.27925973699996,-5.888496098999894],[-78.27783598699995,-5.886275348999902],[-78.27907036299996,-5.884601598999893],[-78.27886136299998,-5.881255849999889],[-78.28119711199997,-5.877796848999878],[-78.28090823699995,-5.870703098999854],[-78.27861911199989,-5.867970848999903],[-78.27901361199997,-5.861132848999887],[-78.28061523799994,-5.858222598999873],[-78.28386923799997,-5.85709959899998],[-78.28397848799995,-5.855165973999931],[-78.2859882379999,-5.851931598999954],[-78.28867973799993,-5.845900348999976],[-78.28896486199989,-5.842900348999933],[-78.29052536199998,-5.839140598999961],[-78.29198436199988,-5.837683598999945],[-78.29111723799997,-5.834335973999885],[-78.29410548699997,-5.826542973999892],[-78.29611323799992,-5.825486348999959],[-78.2996953629999,-5.82004497399987],[-78.29813673699994,-5.817281223999885],[-78.29786523799993,-5.812138723999851],[-78.29538473799994,-5.811783223999896],[-78.2960058619999,-5.80912697399998],[-78.29475923699988,-5.810450723999963],[-78.28924561199995,-5.812121473999923],[-78.28715286199997,-5.813735598999926],[-78.28385648699998,-5.814125973999978],[-78.27871648699988,-5.81690209899989],[-78.27346798699995,-5.821911848999946],[-78.27282461199991,-5.824080598999899],[-78.26528448699997,-5.828309723999894],[-78.26317911199993,-5.824945223999975],[-78.26045523699992,-5.822815598999966],[-78.25798298799998,-5.822895098999879],[-78.2544374869999,-5.826045723999869],[-78.25019136299994,-5.826095723999913],[-78.24891011199998,-5.829937473999905],[-78.24634573799989,-5.834244098999932],[-78.24346486199994,-5.836263723999934],[-78.24062298799998,-5.836195473999908],[-78.23622661199994,-5.84040234899993],[-78.23424611299993,-5.841242223999927],[-78.2340878629999,-5.844287098999814],[-78.23701473699987,-5.846441848999916],[-78.23809373699999,-5.849980473999949],[-78.23664848699991,-5.851925723999898],[-78.23093748699989,-5.855339848999961],[-78.22785936199995,-5.855722598999876],[-78.22200586199995,-5.859027348999973],[-78.22184173799997,-5.862749973999939],[-78.21753123699995,-5.867789098999879],[-78.21501761199994,-5.868931598999893],[-78.21307811199989,-5.87406434899998],[-78.2103398619999,-5.874980473999926],[-78.20759573799995,-5.877081973999964],[-78.20648048699996,-5.879869098999905],[-78.20294723699999,-5.881015598999909],[-78.19753123699996,-5.886718723999934],[-78.19233011199987,-5.889456973999927],[-78.18957423699999,-5.888294974999951],[-78.1880176119999,-5.889181598999926],[-78.1850332379999,-5.886763723999934],[-78.18134573699996,-5.886265598999898],[-78.17890823699997,-5.88464447399997],[-78.17383786199997,-5.882947223999963],[-78.16725973699994,-5.884785098999885],[-78.16056836199994,-5.88557222399993],[-78.15414111199988,-5.883627474999855],[-78.15032823799999,-5.885466848999897],[-78.14712498699998,-5.88561322399994],[-78.14099611199998,-5.887667973999953],[-78.13556448799994,-5.893107473999976],[-78.13522461299993,-5.894244098999934]]]]},"properties":{"ubigeo":"010705","nombre":"JAMALCA"}},{"type":"Feature","geometry":{"type":"MultiPolygon","coordinates":[[[[-78.34193161299993,-6.005386223999949],[-78.33842298799988,-6.006966098999953],[-78.33493811299996,-6.007667598999888],[-78.33245186199991,-6.011181348999912],[-78.32916411199994,-6.012537473999942],[-78.32670923699993,-6.017226598999969],[-78.32131536199995,-6.019857224999953],[-78.31848073799989,-6.020315098999902],[-78.3127216129999,-6.025455724999972],[-78.30868836199988,-6.028501723999966],[-78.30755586299989,-6.031151848999912],[-78.30389398699992,-6.035512473999972],[-78.29861786199996,-6.037969848999978],[-78.29170848699988,-6.045267724999917],[-78.28945248799994,-6.050507348999929],[-78.28799611299996,-6.059371098999975],[-78.28700198699994,-6.062300723999954],[-78.28438286199986,-6.064241349999975],[-78.28973848699997,-6.063193599999863],[-78.29140236199999,-6.06514559999988],[-78.29382936299993,-6.072450473999879],[-78.30034261299994,-6.07789747399994],[-78.29980548699996,-6.081765098999938],[-78.30058698799996,-6.083229474999939],[-78.30483236199996,-6.085104099999967],[-78.31200848799995,-6.08182547399997],[-78.3143133619999,-6.079844223999885],[-78.31761411299988,-6.079488848999972],[-78.32722636299991,-6.080003723999937],[-78.32994861299994,-6.080581974999973],[-78.33630898699994,-6.083256098999925],[-78.34228323699989,-6.083881098999939],[-78.34972286199996,-6.086869973999967],[-78.35374423699994,-6.092152474999978],[-78.36185811299993,-6.098791098999925],[-78.36395211299998,-6.10283622399993],[-78.36811611299999,-6.108618348999926],[-78.36756886199993,-6.120301473999973],[-78.36916311199997,-6.128938849999884],[-78.37245111299995,-6.13364447399988],[-78.3699999879999,-6.13671872499998],[-78.36955073799987,-6.141978473999927],[-78.36768748699996,-6.146861349999938],[-78.36903711299993,-6.152470723999954],[-78.37177148699993,-6.156001973999935],[-78.37228911299997,-6.158111348999853],[-78.37165236199996,-6.163998098999912],[-78.37306448699997,-6.169783223999957],[-78.37817573699994,-6.169509724999955],[-78.38057611299996,-6.170464849999973],[-78.3831249879999,-6.169816349999962],[-78.38736911199999,-6.171441348999906],[-78.38940623799994,-6.171435599999882],[-78.39401761199991,-6.175103474999958],[-78.39566011199992,-6.17718159899988],[-78.3982736129999,-6.178578098999878],[-78.40012298699997,-6.180837849999875],[-78.40729098699995,-6.181753848999904],[-78.41124798699997,-6.184091849999902],[-78.41391798699988,-6.184505848999891],[-78.41515423699997,-6.186831973999972],[-78.41972811299996,-6.188424599999962],[-78.42544198799993,-6.184547348999956],[-78.42744536299995,-6.179908223999973],[-78.43235736299994,-6.17561322399996],[-78.43702273799988,-6.173629848999894],[-78.43816423699991,-6.165692849999914],[-78.44242211199997,-6.16172722399989],[-78.44982223799997,-6.156929723999951],[-78.45653261199988,-6.150224848999926],[-78.46050198699993,-6.148173724999879],[-78.46471361199997,-6.14392322499998],[-78.46561111299997,-6.142169974999888],[-78.46552711299995,-6.137644598999827],[-78.46738523799996,-6.134635223999965],[-78.47035948799993,-6.135181974999966],[-78.47584223699988,-6.132626223999978],[-78.47901173799994,-6.126210973999889],[-78.47686448799993,-6.117711098999962],[-78.47728273799999,-6.114830348999874],[-78.47872848699996,-6.112681598999927],[-78.4826458629999,-6.109029474999886],[-78.48578848799997,-6.108030723999946],[-78.49024648799997,-6.104875973999981],[-78.4963001129999,-6.104084224999895],[-78.49844386199999,-6.102500849999899],[-78.49714736299995,-6.098485849999975],[-78.49723348699996,-6.094350223999925],[-78.49888261199999,-6.088653223999927],[-78.50199261299997,-6.086778348999928],[-78.5051026129999,-6.087263598999925],[-78.50906423699996,-6.085308348999888],[-78.50980073799997,-6.084219723999979],[-78.51103586199986,-6.077338098999917],[-78.5156328629999,-6.072746098999914],[-78.51880298799989,-6.071475598999882],[-78.52227336199991,-6.072520848999943],[-78.52096661199994,-6.066732474999924],[-78.51676961199996,-6.064300723999963],[-78.51007611199992,-6.051445348999891],[-78.50599223799998,-6.048027348999881],[-78.50535548699997,-6.044996098999945],[-78.50279098699997,-6.041289098999869],[-78.50285736199993,-6.038740223999923],[-78.49882223799995,-6.033394348999934],[-78.49818748799993,-6.027238224999962],[-78.49514861299991,-6.022404348999942],[-78.49282036199992,-6.021140598999978],[-78.49176948699994,-6.016003848999958],[-78.49003911299997,-6.013718724999819],[-78.48689261299984,-6.007179723999968],[-78.48510936299988,-6.002123098999959],[-78.48415823799996,-6.002060599999936],[-78.47774798799992,-5.998271474999967],[-78.47475386199989,-5.995671848999905],[-78.47224411199988,-5.995507848999921],[-78.46631436199993,-5.99319334899991],[-78.46332048799991,-5.990792973999817],[-78.46037111199996,-5.98645122399995],[-78.45821286299997,-5.984642598999926],[-78.45755473799989,-5.982515598999896],[-78.45354298699993,-5.979269474999967],[-78.4472617369999,-5.97330272399995],[-78.44505273799984,-5.97248822499995],[-78.44148236299992,-5.969761723999966],[-78.43738286299993,-5.968925723999973],[-78.43478323799997,-5.96428909899987],[-78.42822261199996,-5.961945348999905],[-78.42310248799998,-5.956528973999866],[-78.41731373799996,-5.952244973999939],[-78.41362886199994,-5.948185599999931],[-78.41115561299995,-5.952145473999906],[-78.4097361119999,-5.956325348999883],[-78.40588323799989,-5.960897348999879],[-78.39799798799993,-5.962155974999973],[-78.39432498799994,-5.963774098999977],[-78.38995848699989,-5.966830598999934],[-78.38464161299999,-5.969322098999953],[-78.38143098799998,-5.969681848999926],[-78.37574011299995,-5.973152598999945],[-78.3661739879999,-5.9746903489999],[-78.36322023699995,-5.974767348999876],[-78.36062598799987,-5.976385598999968],[-78.35988111299997,-5.980469598999889],[-78.3576464869999,-5.98254997399988],[-78.35720511299996,-5.986383223999894],[-78.3546669879999,-5.988175098999932],[-78.35443586299988,-5.990486723999879],[-78.35263786299998,-5.992336098999942],[-78.34919598699997,-5.993800098999941],[-78.34817123699997,-5.997475723999969],[-78.34513086299995,-5.999638723999965],[-78.34193161299993,-6.005386223999949]]]]},"properties":{"ubigeo":"010706","nombre":"LONYA GRANDE"}},{"type":"Feature","geometry":{"type":"MultiPolygon","coordinates":[[[[-78.41362886199994,-5.948185599999931],[-78.41731373799996,-5.952244973999939],[-78.42310248799998,-5.956528973999866],[-78.42822261199996,-5.961945348999905],[-78.43478323799997,-5.96428909899987],[-78.43738286299993,-5.968925723999973],[-78.44148236299992,-5.969761723999966],[-78.44505273799984,-5.97248822499995],[-78.4472617369999,-5.97330272399995],[-78.45354298699993,-5.979269474999967],[-78.45755473799989,-5.982515598999896],[-78.45821286299997,-5.984642598999926],[-78.46037111199996,-5.98645122399995],[-78.46332048799991,-5.990792973999817],[-78.46631436199993,-5.99319334899991],[-78.47224411199988,-5.995507848999921],[-78.47475386199989,-5.995671848999905],[-78.47774798799992,-5.998271474999967],[-78.48415823799996,-6.002060599999936],[-78.48510936299988,-6.002123098999959],[-78.48689261299984,-6.007179723999968],[-78.49003911299997,-6.013718724999819],[-78.49176948699994,-6.016003848999958],[-78.49282036199992,-6.021140598999978],[-78.49514861299991,-6.022404348999942],[-78.49818748799993,-6.027238224999962],[-78.49882223799995,-6.033394348999934],[-78.50285736199993,-6.038740223999923],[-78.50279098699997,-6.041289098999869],[-78.50535548699997,-6.044996098999945],[-78.50599223799998,-6.048027348999881],[-78.51007611199992,-6.051445348999891],[-78.51676961199996,-6.064300723999963],[-78.52096661199994,-6.066732474999924],[-78.52227336199991,-6.072520848999943],[-78.52578536299995,-6.073231598999939],[-78.52912411299997,-6.071468598999843],[-78.53330248799995,-6.071032099999968],[-78.5361712379999,-6.072279348999928],[-78.54222048799994,-6.073090098999955],[-78.55132548799992,-6.071156849999966],[-78.55681348799999,-6.070969723999951],[-78.56055523799995,-6.072715848999906],[-78.56429698799991,-6.076769474999935],[-78.56971673699991,-6.077822223999931],[-78.57318261299997,-6.077655598999968],[-78.57683286299994,-6.078568349999898],[-78.58429686199986,-6.078404348999925],[-78.5894427369999,-6.076535848999981],[-78.5953259879999,-6.071698598999944],[-78.59837111299998,-6.068247473999975],[-78.60190348799995,-6.065527223999936],[-78.60300698799995,-6.062342973999932],[-78.60385936299991,-6.059230473999946],[-78.60857423799996,-6.057410098999981],[-78.6105488629999,-6.053394473999958],[-78.61084611299998,-6.046670473999882],[-78.60964323799993,-6.041609974999972],[-78.61156911299997,-6.035545973999945],[-78.61142023699989,-6.026574223999887],[-78.61197486199995,-6.021449223999866],[-78.61003911299991,-6.023142598999925],[-78.60775386199992,-6.023277348999954],[-78.60451948799994,-6.021943348999969],[-78.60092373799995,-6.022144473999901],[-78.59653123799995,-6.021410098999979],[-78.59101361299997,-6.019542973999876],[-78.58757036299988,-6.020195348999948],[-78.58207036199991,-6.018816348999962],[-78.57950386199997,-6.017150348999962],[-78.57662698799993,-6.016478348999954],[-78.57156636199988,-6.011439473999872],[-78.56364061199997,-6.007218724999973],[-78.55806448699991,-6.004646473999969],[-78.55653711199994,-6.002749973999869],[-78.55113086299997,-6.002328098999953],[-78.54846098799999,-6.000019473999942],[-78.54395898799999,-5.999177724999981],[-78.53896486299993,-5.995847473999959],[-78.53059761299994,-5.993540973999814],[-78.52798048799997,-5.991406223999945],[-78.5228926129999,-5.990406223999969],[-78.5220879869999,-5.988775349999855],[-78.51808398799994,-5.987726598999927],[-78.51465173799988,-5.983264848999966],[-78.51356923799995,-5.980674348999969],[-78.51375811299994,-5.973122348999937],[-78.51232836299994,-5.969011723999927],[-78.51018048699996,-5.966256223999835],[-78.51188148799991,-5.959718224999961],[-78.5115241119999,-5.952658598999903],[-78.50486661299993,-5.95131822399992],[-78.50223048699996,-5.944705473999932],[-78.49728523799996,-5.941309849999868],[-78.49218023799989,-5.938905973999965],[-78.48692698799994,-5.940006223999944],[-78.48395086299996,-5.938847598999928],[-78.48057873799996,-5.93856209899991],[-78.47743336299999,-5.936454723999873],[-78.47356186199994,-5.936999349999951],[-78.47219998799989,-5.938166724999974],[-78.46912711199991,-5.946536348999871],[-78.4644024879999,-5.951687724999942],[-78.46276873799991,-5.95021584899996],[-78.46162073799997,-5.945182223999836],[-78.45722786199991,-5.942933098999902],[-78.45468136199997,-5.940033473999961],[-78.45078686199997,-5.941639723999913],[-78.44611061299997,-5.944937223999887],[-78.44092261299988,-5.945050973999969],[-78.43903498699996,-5.944016099999885],[-78.43636698799997,-5.944254348999891],[-78.43330198799998,-5.945985348999955],[-78.42988748799996,-5.946382348999919],[-78.4262189879999,-5.945477223999887],[-78.42110523699995,-5.948478723999926],[-78.41930861199995,-5.948859848999916],[-78.41362886199994,-5.948185599999931]]]]},"properties":{"ubigeo":"010707","nombre":"YAMON"}}]}