{"type":"FeatureCollection","features":[{"type":"Feature","geometry":{"type":"MultiPolygon","coordinates":[[[[-71.52858785599989,-16.39054648399997],[-71.52876985599994,-16.39343560899988],[-71.52662410599999,-16.39612835899993],[-71.51650810599989,-16.402929483999912],[-71.51333048099997,-16.41039273399997],[-71.51501460699996,-16.41001698399998],[-71.52175135599992,-16.410972608999884],[-71.52475735599995,-16.41207310899989],[-71.53903960599996,-16.420062983999912],[-71.54453435599993,-16.42223710899998],[-71.54891973099996,-16.424306858999955],[-71.55302423099994,-16.428071983999928],[-71.55484773199998,-16.42805860899989],[-71.55843660599993,-16.430254983999873],[-71.5604584809999,-16.430025608999927],[-71.56275123099988,-16.432766483999956],[-71.56460623099997,-16.432193233999953],[-71.56665860599998,-16.43413848399996],[-71.5640106059999,-16.42919348399988],[-71.55667873099998,-16.42175098399997],[-71.55155185599995,-16.415853483999967],[-71.55441135599995,-16.413100608999912],[-71.55227185699994,-16.407517483999925],[-71.55191223099996,-16.403301358999954],[-71.54693610599998,-16.395813483999916],[-71.54503023099994,-16.395919483999876],[-71.5440596059999,-16.393460733999916],[-71.53986585599995,-16.392413733999888],[-71.53659535599996,-16.382837733999907],[-71.53484248099988,-16.381943733999947],[-71.53272073099998,-16.37400385899997],[-71.53158398099993,-16.377089858999966],[-71.53179323099994,-16.380813108999916],[-71.53337773099992,-16.38649585899998],[-71.5304073559999,-16.38723673399994],[-71.52858785599989,-16.39054648399997]]]]},"properties":{"ubigeo":"040101","nombre":"AREQUIPA"}},{"type":"Feature","geometry":{"type":"MultiPolygon","coordinates":[[[[-71.33856960599991,-16.22566223399997],[-71.33836360599992,-16.23383885899989],[-71.33940123099995,-16.239108983999927],[-71.34076698099989,-16.241355858999952],[-71.34648135599986,-16.24694823399983],[-71.35008235599997,-16.24706460899995],[-71.35124210599986,-16.250446358999966],[-71.35580448099995,-16.253263483999945],[-71.36369323099996,-16.264070482999955],[-71.36905685599999,-16.270265608999978],[-71.37098698099993,-16.27378085899994],[-71.37270360599996,-16.275098733999926],[-71.37660985599996,-16.279975858999876],[-71.37784573099998,-16.282436358999973],[-71.38210298099995,-16.288234733999957],[-71.38716123099988,-16.2918377339999],[-71.39278410599997,-16.29372598399982],[-71.3969878559999,-16.29582598399992],[-71.40211485599991,-16.29670535899993],[-71.40538798099993,-16.29514698399987],[-71.40896610599998,-16.29514698299988],[-71.41060635599996,-16.29621123399994],[-71.41410823099989,-16.295576108999967],[-71.42517085599997,-16.29042035899994],[-71.43404385599996,-16.289270358999943],[-71.43681335599996,-16.289934108999944],[-71.44248960599992,-16.287195357999906],[-71.45207210599989,-16.286043233999976],[-71.45623773099987,-16.28596685899987],[-71.46007535599995,-16.284526858999925],[-71.46099085599997,-16.287757858999953],[-71.46596523099993,-16.29218098399997],[-71.47040548099989,-16.29123498399997],[-71.47438048099997,-16.291942608999875],[-71.47520448099993,-16.29392623399997],[-71.47810360599993,-16.296592733999944],[-71.48081210599986,-16.297836358999916],[-71.48512273099993,-16.30357173399989],[-71.4910278559999,-16.30496973299995],[-71.49295048099992,-16.309345233999863],[-71.49485010599989,-16.310884483999928],[-71.50463873099994,-16.311769483999967],[-71.5077896059999,-16.31556710899997],[-71.51280210599992,-16.31777760899996],[-71.51702123099989,-16.318582483999876],[-71.52125548099986,-16.322446858999967],[-71.52678685599994,-16.324531608999962],[-71.53015898099994,-16.327142733999835],[-71.53456873099998,-16.333450358999926],[-71.53581235599984,-16.33842273399995],[-71.53601835599983,-16.344276483999977],[-71.53726960599988,-16.354892733999918],[-71.53685748099997,-16.365463233999947],[-71.53622435599982,-16.368303358999924],[-71.5358196059999,-16.3761028589999],[-71.5370102309999,-16.379744608999886],[-71.54009560599985,-16.38424323399994],[-71.54262510599989,-16.38341023399994],[-71.54474423199997,-16.385312733999967],[-71.54629860599988,-16.389776108999968],[-71.54628848099986,-16.392120233999947],[-71.5488321069999,-16.393209858999967],[-71.5517366069999,-16.390966733999903],[-71.55290985599999,-16.384746608999933],[-71.55229948099992,-16.382129608999946],[-71.55430598199996,-16.37809373399989],[-71.55390173099988,-16.374643358999947],[-71.55227660599996,-16.370616858999938],[-71.55324560699995,-16.367521232999877],[-71.55465698099994,-16.35976598399992],[-71.55323023099993,-16.35074223399988],[-71.5566939819999,-16.345842358999846],[-71.55640410599989,-16.342361482999934],[-71.55345998099995,-16.331929983999885],[-71.5518999809999,-16.327489983999953],[-71.5483199809999,-16.32362998399998],[-71.54561998099996,-16.31971998399996],[-71.54600998099983,-16.312059982999926],[-71.5450687309999,-16.308857108999973],[-71.54853585599983,-16.302418108999916],[-71.5498123559999,-16.292026483999962],[-71.54756148099995,-16.284498232999965],[-71.54555510599994,-16.28181073399992],[-71.5420379819999,-16.275457483999958],[-71.53676610599996,-16.27111623299993],[-71.53436273199998,-16.265249233999896],[-71.5328827319999,-16.26413923399997],[-71.52969373099995,-16.258773858999973],[-71.52864073099994,-16.251832983999975],[-71.52838898099998,-16.24628260899982],[-71.52939610699991,-16.24273110799993],[-71.52857210599996,-16.24009510899998],[-71.5255584809999,-16.23842235899997],[-71.52353673099998,-16.228589983999825],[-71.52148435599997,-16.22400098399993],[-71.51862335599992,-16.221555733999935],[-71.51160010599995,-16.218929983999885],[-71.50067760599995,-16.219560983999884],[-71.5005053559999,-16.217471233999902],[-71.5014822309999,-16.210814858999925],[-71.50542560599996,-16.20633023399995],[-71.50640348099995,-16.20350635799997],[-71.50563285599998,-16.200253858999872],[-71.4984969809999,-16.19611373299989],[-71.49555223099998,-16.193313608999972],[-71.4901733559999,-16.19108960899996],[-71.48274235599996,-16.18703460899991],[-71.47646335599984,-16.184701858999972],[-71.4726867309999,-16.17592048299997],[-71.4703368559999,-16.171527858999923],[-71.46728873099994,-16.167325483999946],[-71.46396648099994,-16.165060358999938],[-71.45888260599986,-16.164708107999957],[-71.45430210599994,-16.166822108999952],[-71.44962085599997,-16.16667110899982],[-71.44110873099999,-16.168092733999856],[-71.43477198099998,-16.168634233999967],[-71.42737260599995,-16.170446358999982],[-71.42551023099998,-16.173214733999885],[-71.42515773099984,-16.175681233999967],[-71.42101760599996,-16.18851760799987],[-71.41705385599988,-16.191637483999898],[-71.41478860599995,-16.195412733999888],[-71.41202023099999,-16.201654357999928],[-71.41246685599998,-16.208585982999978],[-71.40748998099997,-16.208650983999917],[-71.39732235599996,-16.20628523399995],[-71.38867185599997,-16.20679660899998],[-71.38516998099988,-16.20808223299997],[-71.37859748099999,-16.208801983999933],[-71.37361423099998,-16.210664358999907],[-71.37049348099993,-16.210714732999975],[-71.36450998099986,-16.213099982999893],[-71.36127998099994,-16.212759983999945],[-71.35930998099991,-16.213779982999938],[-71.35628998099997,-16.21768998399989],[-71.35290998099993,-16.220289983999976],[-71.34796998099984,-16.223039983999968],[-71.34277985599994,-16.223589983999943],[-71.34074523099997,-16.225462982999886],[-71.33856960599991,-16.22566223399997]]]]},"properties":{"ubigeo":"040102","nombre":"CAYMA"}},{"type":"Feature","geometry":{"type":"MultiPolygon","coordinates":[[[[-71.50563285599998,-16.200253858999872],[-71.50640348099995,-16.20350635799997],[-71.50542560599996,-16.20633023399995],[-71.5014822309999,-16.210814858999925],[-71.5005053559999,-16.217471233999902],[-71.50067760599995,-16.219560983999884],[-71.51160010599995,-16.218929983999885],[-71.51862335599992,-16.221555733999935],[-71.52148435599997,-16.22400098399993],[-71.52353673099998,-16.228589983999825],[-71.5255584809999,-16.23842235899997],[-71.52857210599996,-16.24009510899998],[-71.52939610699991,-16.24273110799993],[-71.52838898099998,-16.24628260899982],[-71.52864073099994,-16.251832983999975],[-71.52969373099995,-16.258773858999973],[-71.5328827319999,-16.26413923399997],[-71.53436273199998,-16.265249233999896],[-71.53676610599996,-16.27111623299993],[-71.5420379819999,-16.275457483999958],[-71.54555510599994,-16.28181073399992],[-71.54756148099995,-16.284498232999965],[-71.5498123559999,-16.292026483999962],[-71.54853585599983,-16.302418108999916],[-71.5450687309999,-16.308857108999973],[-71.54600998099983,-16.312059982999926],[-71.54561998099996,-16.31971998399996],[-71.5483199809999,-16.32362998399998],[-71.5518999809999,-16.327489983999953],[-71.55345998099995,-16.331929983999885],[-71.55640410599989,-16.342361482999934],[-71.5566939819999,-16.345842358999846],[-71.55323023099993,-16.35074223399988],[-71.55465698099994,-16.35976598399992],[-71.55324560699995,-16.367521232999877],[-71.55227660599996,-16.370616858999938],[-71.55390173099988,-16.374643358999947],[-71.55430598199996,-16.37809373399989],[-71.55229948099992,-16.382129608999946],[-71.55290985599999,-16.384746608999933],[-71.5517366069999,-16.390966733999903],[-71.55952285599994,-16.39407035899984],[-71.55965973099995,-16.39781923399994],[-71.56581123199993,-16.402067858999942],[-71.56661498099999,-16.404681358999937],[-71.56859585599994,-16.40421885899991],[-71.58530423099995,-16.405500358999916],[-71.60216210699997,-16.407482108999943],[-71.60569760599986,-16.40787885799989],[-71.61038210599986,-16.40604398399995],[-71.61548610599993,-16.40499110899998],[-71.60715485599991,-16.39374348399997],[-71.6144714809999,-16.39546598399994],[-71.62722773199994,-16.39928435899992],[-71.64102923199994,-16.398084608999966],[-71.64760585599998,-16.399738358999855],[-71.64684298099996,-16.39772610899996],[-71.64898673099987,-16.395273233999887],[-71.64758298099997,-16.392787983999938],[-71.65071985599991,-16.392559733999974],[-71.65022985699994,-16.388369983999894],[-71.64710998099991,-16.380609983999875],[-71.64690998099996,-16.37806998399998],[-71.64407998099995,-16.37514998399996],[-71.64261998099994,-16.371549983999955],[-71.6383999809999,-16.36915985899992],[-71.63758998199995,-16.361609983999926],[-71.63370998099998,-16.354289983999877],[-71.63210998099987,-16.345369983999944],[-71.63055998099998,-16.34123998399997],[-71.62351985599992,-16.330279983999958],[-71.62152998199997,-16.32807998399994],[-71.61880998099997,-16.322589982999887],[-71.61429998099993,-16.316979983999886],[-71.61268998199995,-16.3103999839999],[-71.61170998099993,-16.30889985899995],[-71.60380410599987,-16.302439358999834],[-71.6012711059999,-16.301145858999917],[-71.59954648099995,-16.298936233999882],[-71.59567660599993,-16.292167982999956],[-71.59641998099988,-16.284169983999902],[-71.59735910599994,-16.280301233999978],[-71.5927557309999,-16.277270733999956],[-71.59349060699998,-16.269666733999827],[-71.59461210599994,-16.265972108999904],[-71.59480860699995,-16.260918858999958],[-71.59558173099998,-16.25944973399993],[-71.60090035699994,-16.25607810899993],[-71.60063385599994,-16.251594232999935],[-71.59635235699994,-16.249570233999975],[-71.59199310599996,-16.24521085899994],[-71.59093998099996,-16.243349983999906],[-71.59119998199998,-16.233219983999902],[-71.58872998099997,-16.228479983999932],[-71.58872998099997,-16.226260107999963],[-71.59052998099997,-16.223659983999937],[-71.59024998099989,-16.219659983999918],[-71.58685998099998,-16.2128499829999],[-71.5814799819999,-16.20821998399998],[-71.5776433559999,-16.20076323399985],[-71.57114823099994,-16.19813423399995],[-71.56166835599998,-16.20056723399989],[-71.55065835699992,-16.199062107999964],[-71.54137985699998,-16.194964108999898],[-71.53511685699993,-16.192876482999907],[-71.53169135599984,-16.19487698399996],[-71.52952573099998,-16.194354983999972],[-71.52607023099995,-16.191639357999975],[-71.51640498099988,-16.189087733999884],[-71.51323498099998,-16.18970623399997],[-71.51021948099998,-16.195273357999895],[-71.50563285599998,-16.200253858999872]]]]},"properties":{"ubigeo":"040103","nombre":"CERRO COLORADO"}},{"type":"Feature","geometry":{"type":"MultiPolygon","coordinates":[[[[-71.25406648099994,-16.403953608999927],[-71.25325010599994,-16.40591435899995],[-71.24975585599987,-16.409151108999822],[-71.24553685599994,-16.416097608999905],[-71.24386597999995,-16.420091608999883],[-71.23982998099996,-16.42474748399991],[-71.23930360599996,-16.431339233999893],[-71.24485772999986,-16.432825108999907],[-71.24778748099999,-16.432359733999874],[-71.25845335599996,-16.432537108999895],[-71.26210035599985,-16.432041108999954],[-71.2683334809999,-16.434413858999903],[-71.27357485599998,-16.437835733999975],[-71.28011323099997,-16.438894233999974],[-71.28620910599994,-16.439273858999968],[-71.29174035599993,-16.442924483999946],[-71.2997664799999,-16.44617460899991],[-71.30435948099989,-16.446777358999952],[-71.30862423099995,-16.449153858999978],[-71.31476598099994,-16.451469358999873],[-71.32134998099997,-16.453308108999977],[-71.33108523099997,-16.45853810899996],[-71.33869935599989,-16.463232108999932],[-71.34329985599987,-16.46779823399993],[-71.3465347309999,-16.47019198399994],[-71.34878535599995,-16.473701483999946],[-71.35186010599983,-16.47506710899995],[-71.35443873099985,-16.4748401089999],[-71.36494448099984,-16.480150233999893],[-71.36816410599994,-16.480112108999947],[-71.37252810599989,-16.477571483999952],[-71.37612910599995,-16.476205858999947],[-71.3777999809999,-16.474611358999937],[-71.38531498099996,-16.474157358999832],[-71.39182285599992,-16.47542760899995],[-71.39546198099993,-16.47775448399983],[-71.39717860599995,-16.48232273399998],[-71.40343473099995,-16.486350858999913],[-71.40613560599996,-16.48966598399994],[-71.40792085599998,-16.490272483999945],[-71.41574098099989,-16.48903848399982],[-71.4204331059999,-16.491893733999973],[-71.42808535599994,-16.491416983999954],[-71.43334960599998,-16.493938483999955],[-71.44144435599986,-16.495006608999972],[-71.44828798099996,-16.494792983999957],[-71.45047010599995,-16.49495698399994],[-71.45086685599995,-16.48943523399987],[-71.45301823099993,-16.484699233999947],[-71.45492548099992,-16.483585358999903],[-71.46096035599999,-16.48252860899987],[-71.46376798099993,-16.481147733999933],[-71.46820835599993,-16.48227685899991],[-71.47138973099999,-16.485218108999902],[-71.47646335599984,-16.485013983999977],[-71.47824860599985,-16.484229983999967],[-71.48081210599986,-16.4851227339999],[-71.4853211059999,-16.484554233999972],[-71.49080660599998,-16.48501773399994],[-71.49433898099988,-16.487400108999964],[-71.49868010599988,-16.48757173399997],[-71.50266260599989,-16.488521608999974],[-71.50868985599988,-16.48753923399994],[-71.51615910599998,-16.48474885899998],[-71.51177210599997,-16.479198483999937],[-71.50930785599985,-16.47446435899991],[-71.50473023099988,-16.47171210899984],[-71.50259398099996,-16.467700983999976],[-71.49714660599994,-16.466592733999903],[-71.49444585599991,-16.463317858999915],[-71.49187473099983,-16.461532608999846],[-71.48915860599988,-16.46189885899986],[-71.48578648099993,-16.46429248399994],[-71.47576135599991,-16.46685023399982],[-71.47315973099995,-16.46824073399995],[-71.4694061059999,-16.466289483999958],[-71.4647293559999,-16.462436733999937],[-71.46071623099988,-16.462503483999967],[-71.45752710599999,-16.460367233999875],[-71.45580298099998,-16.45795635899998],[-71.45201873099995,-16.456577358999937],[-71.44840248099996,-16.456319858999905],[-71.44289398099988,-16.45476910899987],[-71.43319698099992,-16.454925483999943],[-71.4288482309999,-16.457389858999818],[-71.42506410599998,-16.458047858999976],[-71.41886135599998,-16.46022410899991],[-71.41393285599986,-16.461334233999935],[-71.41430660599997,-16.457349733999877],[-71.41220860599992,-16.453407233999883],[-71.41054535599989,-16.448203983999974],[-71.41069798099988,-16.445115983999926],[-71.40804285599995,-16.4416198589999],[-71.40776823099998,-16.437059358999875],[-71.4063797309999,-16.435218858999917],[-71.40789035599994,-16.431920983999873],[-71.40682223099992,-16.42856598399993],[-71.40573885599991,-16.43021960899989],[-71.4019774809999,-16.43143648399996],[-71.39733885599998,-16.434795358999963],[-71.39548498099998,-16.43815610899992],[-71.3929367309999,-16.440530733999935],[-71.39108273099998,-16.440587983999876],[-71.38761135599998,-16.436881983999854],[-71.38338473099998,-16.4375609839999],[-71.38176723099997,-16.436555858999952],[-71.37855535599988,-16.439668608999852],[-71.37418360599992,-16.44083023399986],[-71.36446385599993,-16.44179535899997],[-71.35661310599988,-16.439662983999938],[-71.35063935599999,-16.439573233999965],[-71.34957885599988,-16.440195108999887],[-71.34593973099999,-16.43875898399989],[-71.34085085599992,-16.43876835899988],[-71.3331069809999,-16.44088173399996],[-71.32213598099997,-16.439031608999812],[-71.31871798099996,-16.43898385899996],[-71.31516260599994,-16.43747710899987],[-71.30888360599994,-16.43715285899998],[-71.30735010599989,-16.436439483999834],[-71.29891210599999,-16.430246358999966],[-71.29380798099993,-16.429676108999956],[-71.28461460599982,-16.425844233999896],[-71.28033448099995,-16.423183483999935],[-71.27818298099993,-16.420230858999957],[-71.2766571059999,-16.415983232999963],[-71.26918035499989,-16.40939710899994],[-71.26789860599996,-16.40696723399998],[-71.26293185599997,-16.40341948399987],[-71.25406648099994,-16.403953608999927]]]]},"properties":{"ubigeo":"040104","nombre":"CHARACATO"}},{"type":"Feature","geometry":{"type":"MultiPolygon","coordinates":[[[[-71.25406648099994,-16.403953608999927],[-71.26293185599997,-16.40341948399987],[-71.26789860599996,-16.40696723399998],[-71.26918035499989,-16.40939710899994],[-71.2766571059999,-16.415983232999963],[-71.27818298099993,-16.420230858999957],[-71.28033448099995,-16.423183483999935],[-71.28461460599982,-16.425844233999896],[-71.29380798099993,-16.429676108999956],[-71.29891210599999,-16.430246358999966],[-71.30735010599989,-16.436439483999834],[-71.30888360599994,-16.43715285899998],[-71.31516260599994,-16.43747710899987],[-71.31871798099996,-16.43898385899996],[-71.32213598099997,-16.439031608999812],[-71.3331069809999,-16.44088173399996],[-71.34085085599992,-16.43876835899988],[-71.34593973099999,-16.43875898399989],[-71.34957885599988,-16.440195108999887],[-71.35063935599999,-16.439573233999965],[-71.35661310599988,-16.439662983999938],[-71.36446385599993,-16.44179535899997],[-71.37418360599992,-16.44083023399986],[-71.37855535599988,-16.439668608999852],[-71.38176723099997,-16.436555858999952],[-71.38338473099998,-16.4375609839999],[-71.38761135599998,-16.436881983999854],[-71.39108273099998,-16.440587983999876],[-71.3929367309999,-16.440530733999935],[-71.39548498099998,-16.43815610899992],[-71.39733885599998,-16.434795358999963],[-71.4019774809999,-16.43143648399996],[-71.40573885599991,-16.43021960899989],[-71.40682223099992,-16.42856598399993],[-71.40834048099998,-16.428966483999943],[-71.41130060599994,-16.427391108999814],[-71.41563410599991,-16.427518858999974],[-71.4202957309999,-16.42942998399991],[-71.42360685599994,-16.42787173399995],[-71.42543798099996,-16.420640983999874],[-71.42778773099991,-16.41955185899991],[-71.42994685599996,-16.41720773399993],[-71.44117735599997,-16.41690248399982],[-71.4470138559999,-16.41508098399993],[-71.44951635599983,-16.409547858999872],[-71.45011898099995,-16.405633983999962],[-71.44667810599998,-16.400875108999912],[-71.44911198099993,-16.39763260899997],[-71.45108035599992,-16.393033983999885],[-71.44817348099991,-16.390933983999957],[-71.44761660599994,-16.384017983999968],[-71.44632723099994,-16.382022857999914],[-71.44450360599996,-16.376047108999842],[-71.44275660599999,-16.37389373399992],[-71.43920910599991,-16.367734732999963],[-71.43304448099985,-16.359962483999936],[-71.43132785599994,-16.355712858999937],[-71.42636873099985,-16.351104733999932],[-71.42481235599996,-16.34243398399991],[-71.42288973099994,-16.337211608999894],[-71.42259973099993,-16.331655483999896],[-71.42108148099999,-16.32603273399991],[-71.42059323099983,-16.320571858999813],[-71.41879273099988,-16.314403483999968],[-71.41574860599991,-16.30896573399997],[-71.41060635599996,-16.29621123399994],[-71.40752410599993,-16.297470108999903],[-71.40455623099996,-16.296832983999934],[-71.40149685599994,-16.299156232999962],[-71.38182835599997,-16.301052107999965],[-71.37443548099998,-16.30249785899997],[-71.36473848099985,-16.302328108999973],[-71.36009973099988,-16.303901733999965],[-71.35814660599993,-16.30691910799993],[-71.35449223099994,-16.30942910899995],[-71.34420010599985,-16.31083098399995],[-71.33833310599988,-16.31057548399997],[-71.32456210599997,-16.308153108999818],[-71.32213598099997,-16.308067358999892],[-71.32015498099986,-16.30969048399993],[-71.27587123099988,-16.367634608999936],[-71.25406648099994,-16.403953608999927]]]]},"properties":{"ubigeo":"040105","nombre":"CHIGUATA"}},{"type":"Feature","geometry":{"type":"MultiPolygon","coordinates":[[[[-71.70536798099988,-16.54148860899994],[-71.70394898099988,-16.546529733999932],[-71.69900498099992,-16.55146985899995],[-71.69985198099994,-16.558868358999973],[-71.69760135599995,-16.56090548399993],[-71.68737035699996,-16.56673048399989],[-71.68678285599992,-16.568798108999886],[-71.69356535599997,-16.578117358999975],[-71.69377135599996,-16.58008573399991],[-71.69670110599998,-16.58491710899989],[-71.6998443569999,-16.586233108999977],[-71.69925685599998,-16.58850098399995],[-71.69545748199994,-16.59055135899996],[-71.69281773099993,-16.593185608999875],[-71.69055173099991,-16.592599858999904],[-71.6847687309999,-16.595014608999975],[-71.68003848199993,-16.599052483999913],[-71.67760473099992,-16.599052483999913],[-71.66735073099989,-16.59448810899994],[-71.66357423099998,-16.58916285899994],[-71.66194148099999,-16.588985483999977],[-71.6590499809999,-16.586288483999965],[-71.65290073099999,-16.584440233999885],[-71.64820860599997,-16.584291483999948],[-71.64201360699997,-16.584840733999897],[-71.63884735699997,-16.58790973399988],[-71.63603973099993,-16.58765035999994],[-71.63130948099996,-16.588533233999954],[-71.62792973099994,-16.586038608999957],[-71.6253357309999,-16.586818733999962],[-71.62423698099991,-16.59018323399988],[-71.62494660599992,-16.59567648399991],[-71.63058473099994,-16.59740060899992],[-71.63244623099996,-16.599218358999963],[-71.63311773099991,-16.608373608999955],[-71.63591760699995,-16.61039548399998],[-71.63777160699988,-16.61546710899995],[-71.63799285599998,-16.619508733999965],[-71.63721460599999,-16.62164873499995],[-71.63914485599992,-16.62419323399996],[-71.6429901059999,-16.626308483999935],[-71.64514923099995,-16.626422858999945],[-71.64753723099994,-16.624740733999943],[-71.64949035699988,-16.624910358999955],[-71.65572360599992,-16.630979483999965],[-71.66091160699995,-16.63438410899994],[-71.66440585599997,-16.634342233999917],[-71.66963948099993,-16.63578798399982],[-71.66635898099997,-16.641874358999814],[-71.66688535599985,-16.645505858999968],[-71.66915135599993,-16.647838608999905],[-71.67004398199998,-16.652339984999855],[-71.66876235599989,-16.65470123499989],[-71.66870123099989,-16.657323858999916],[-71.67499548099994,-16.65866273399996],[-71.67339323099998,-16.67002873399997],[-71.67470548099993,-16.671775858999922],[-71.67113498199984,-16.681482483999957],[-71.66946410599996,-16.68862910899992],[-71.66956323099998,-16.694919608999953],[-71.6705627309999,-16.696729608999874],[-71.66918948099988,-16.699890108999966],[-71.66697698099995,-16.7016334839999],[-71.67094423099996,-16.705694233999964],[-71.67287448099995,-16.705694233999964],[-71.67455285699992,-16.703676233999886],[-71.68024448099993,-16.70236585899994],[-71.68616485699988,-16.702743483999882],[-71.69158935699988,-16.700601608999875],[-71.69902035699994,-16.69896310899992],[-71.70300298099994,-16.69858735899993],[-71.71035760599989,-16.699279733999845],[-71.72447210599995,-16.699655483999948],[-71.73442835699996,-16.700538608999977],[-71.73908998099995,-16.700035109999817],[-71.74439998199989,-16.698142983999844],[-71.74800873099997,-16.698228858999926],[-71.75480648099995,-16.7010249839999],[-71.76523585699994,-16.708244358999934],[-71.86950698099992,-16.785982109999964],[-71.86978910599993,-16.77419085899993],[-71.86932373099995,-16.766155233999882],[-71.86946110599996,-16.75704585899996],[-71.87007898099995,-16.743287983999835],[-71.86994935599995,-16.734741234999944],[-71.87072748099996,-16.71343423399992],[-71.88351448099996,-16.700956358999917],[-71.89698023199998,-16.688247609999905],[-71.90514373199994,-16.679706609999926],[-71.90996548199996,-16.675044983999953],[-71.90017698099996,-16.662378358999888],[-71.89053348099992,-16.648643483999876],[-71.88652035599995,-16.64224810899998],[-71.87610623199998,-16.628593483999964],[-71.87317660699989,-16.625579858999856],[-71.91726685599991,-16.603282983999918],[-71.91700748199997,-16.59758760899996],[-71.91548923199991,-16.59133335899992],[-71.91289523099988,-16.587989858999947],[-71.91027835599988,-16.583320483999955],[-71.90860748099993,-16.58161160899988],[-71.90227510699992,-16.57768823399988],[-71.90058135599986,-16.57530398399996],[-71.89610285699996,-16.566709483999944],[-71.89529423199991,-16.5508994839999],[-71.89315798099989,-16.52600860899986],[-71.8917999819999,-16.512910858999874],[-71.89135748099989,-16.505554233999874],[-71.89199073099996,-16.498416858999974],[-71.89086910599997,-16.49131773399995],[-71.88925935599991,-16.48485185899989],[-71.88688660699995,-16.482395233999853],[-71.88377385699982,-16.481002858999943],[-71.88034060599995,-16.482477233999873],[-71.87779998199989,-16.482559233999893],[-71.87722785699998,-16.480266608999955],[-71.87944035699991,-16.4766636089999],[-71.87837223199989,-16.473634733999916],[-71.87260435699989,-16.468547858999955],[-71.86937710599994,-16.46416285899994],[-71.86424260699994,-16.453403358999935],[-71.85911560599999,-16.445209483999918],[-71.85861973199991,-16.43775935899987],[-71.85944348199996,-16.433704358999933],[-71.86119848199996,-16.430694608999943],[-71.85890960699999,-16.424398483999937],[-71.85865023199995,-16.419921858999885],[-71.86013035699995,-16.41582685899982],[-71.85985560599994,-16.409198733999858],[-71.85766598199996,-16.406217608999953],[-71.85557560699993,-16.405521358999977],[-71.8476714819999,-16.405288733999896],[-71.8403549809999,-16.40231510899997],[-71.83713535599998,-16.403148483999928],[-71.83052823199989,-16.398488983999925],[-71.82408148099984,-16.397909108999954],[-71.8208771059999,-16.398569108999936],[-71.81450648199996,-16.397668858999964],[-71.80773160699982,-16.395763358999943],[-71.80550385599997,-16.39380460899997],[-71.79936223099992,-16.39375110899988],[-71.79740910699996,-16.393062608999855],[-71.78713223099993,-16.39714048399992],[-71.78326410599988,-16.396556858999872],[-71.78141785599996,-16.397298858999875],[-71.77961735599996,-16.40021135799998],[-71.77394873099996,-16.400423108999917],[-71.76960760699995,-16.40227698399991],[-71.76892085599991,-16.40370560899993],[-71.77204135699998,-16.41074760899994],[-71.7719878559999,-16.414295233999837],[-71.76898960599982,-16.41572173399993],[-71.77135473099992,-16.422290858999872],[-71.76886748099992,-16.428911233999827],[-71.7653732309999,-16.430870108999898],[-71.76161198199992,-16.426898983999934],[-71.75785060699991,-16.426845608999884],[-71.75228885699983,-16.42981148399997],[-71.74333948099991,-16.430023233999975],[-71.73947910599998,-16.431610108999905],[-71.73937223099995,-16.435529733999942],[-71.73664860699989,-16.438054983999905],[-71.73702998099992,-16.44049260899982],[-71.73983760699997,-16.440265608999937],[-71.74225610599996,-16.44200898399987],[-71.74506373099985,-16.447843608999904],[-71.74695585599989,-16.449056608999967],[-71.74983973099995,-16.453754483999944],[-71.75036623099999,-16.45807460899988],[-71.75408173099993,-16.45966535899987],[-71.75908660699997,-16.459363983999822],[-71.7630233559999,-16.461864483999932],[-71.7643127309999,-16.465501733999872],[-71.76556398199989,-16.474786733999963],[-71.76549535699996,-16.4777049839999],[-71.76717373099996,-16.480583233999937],[-71.77612310599994,-16.48493385899991],[-71.77633673099996,-16.485837983999943],[-71.77146910599998,-16.492299983999942],[-71.76549535699996,-16.49751285899987],[-71.76187898099988,-16.498695358999896],[-71.75506585599999,-16.506687108999927],[-71.74958023199997,-16.509954483999877],[-71.74122623199992,-16.509996358999956],[-71.73612210599987,-16.515796483999907],[-71.72770685599983,-16.522060358999852],[-71.72356410699996,-16.523601483999983],[-71.72074123099992,-16.52341273399992],[-71.71843723099988,-16.524967233999917],[-71.71525573199989,-16.53218273399989],[-71.70722198099998,-16.538463608999905],[-71.70536798099988,-16.54148860899994]]]]},"properties":{"ubigeo":"040106","nombre":"LA JOYA"}},{"type":"Feature","geometry":{"type":"MultiPolygon","coordinates":[[[[-71.51650810599989,-16.402929483999912],[-71.52662410599999,-16.39612835899993],[-71.52876985599994,-16.39343560899988],[-71.52858785599989,-16.39054648399997],[-71.52526860599988,-16.389814358999956],[-71.51983648099997,-16.385774608999895],[-71.51773835599988,-16.38501735899996],[-71.51506810599994,-16.38175960899997],[-71.51423648099995,-16.379041733999884],[-71.50986485599992,-16.374875983999914],[-71.50236510599996,-16.369853983999974],[-71.49889373099995,-16.369489608999857],[-71.49475098099987,-16.36686710899994],[-71.48805235599991,-16.360773108999922],[-71.4782104819999,-16.355848358999935],[-71.4731063559999,-16.351282108999953],[-71.47145848099996,-16.349079108999945],[-71.46475223099986,-16.34228323399998],[-71.46217348099992,-16.338901482999916],[-71.45855710599994,-16.336933108999972],[-71.45093535599989,-16.33037760899998],[-71.44652560599991,-16.327903608999975],[-71.44638060599988,-16.32467835899996],[-71.44522860599989,-16.322399108999832],[-71.44224548099999,-16.320508983999957],[-71.43460848099994,-16.317275983999934],[-71.43069448099999,-16.31295585899983],[-71.42507173099983,-16.305084233999935],[-71.41393285599986,-16.298812858999895],[-71.41060635599996,-16.29621123399994],[-71.41574860599991,-16.30896573399997],[-71.41879273099988,-16.314403483999968],[-71.42059323099983,-16.320571858999813],[-71.42576598099998,-16.325277358999926],[-71.43106848099995,-16.33346360799993],[-71.43605810599996,-16.336898858999973],[-71.43959810599995,-16.338411358999963],[-71.44503023099998,-16.343793858999902],[-71.45050810599997,-16.34737398399983],[-71.45568085599996,-16.353567233999968],[-71.45648198099991,-16.35585598399996],[-71.46619410599999,-16.364488608999977],[-71.47125248099996,-16.368408358999943],[-71.47583773099996,-16.37445635899985],[-71.48120123099989,-16.37995723299997],[-71.48666573099996,-16.383815233999883],[-71.48803710599998,-16.38547323399996],[-71.49450523099995,-16.386888108999926],[-71.49495160599986,-16.39142398399997],[-71.4992859809999,-16.392921608999927],[-71.50285710599991,-16.39224485899996],[-71.50916423099994,-16.395931108999946],[-71.5123033569999,-16.400164733999873],[-71.51650810599989,-16.402929483999912]]]]},"properties":{"ubigeo":"040107","nombre":"MIRAFLORES"}},{"type":"Feature","geometry":{"type":"MultiPolygon","coordinates":[[[[-71.44828798099996,-16.494792983999957],[-71.44594573099988,-16.498928108999905],[-71.44064335599995,-16.501203483999973],[-71.43858335599992,-16.503530483999953],[-71.43561548099996,-16.504072233999977],[-71.43340298099992,-16.506673858999875],[-71.4333038559999,-16.509740858999976],[-71.43128985599998,-16.512479733999953],[-71.43135073099995,-16.51781648399998],[-71.42579648099985,-16.52731898399992],[-71.42494198099985,-16.531082108999954],[-71.43000035599994,-16.530897108999966],[-71.43772885599992,-16.52707098399992],[-71.43761448099997,-16.52532385899997],[-71.44059748099994,-16.52228923399997],[-71.44804373099993,-16.52155685899993],[-71.45571898099985,-16.51825335899997],[-71.45786285599996,-16.518259233999913],[-71.46284498099988,-16.521856358999912],[-71.4694061059999,-16.52227985899998],[-71.47446448099998,-16.521203983999953],[-71.47798923099998,-16.522886233999884],[-71.48077398099997,-16.521699858999966],[-71.4829253559999,-16.517837483999926],[-71.48781585599988,-16.51787760899998],[-71.49365998099984,-16.516664483999875],[-71.49654385599996,-16.517713608999884],[-71.50269323099991,-16.516298233999862],[-71.50468448099991,-16.51478198399991],[-71.51014710599992,-16.51281548399993],[-71.51343535599995,-16.50653260899992],[-71.51663210599992,-16.50599485899994],[-71.51705173099992,-16.501783358999887],[-71.51934823099998,-16.50071510899994],[-71.5220871059999,-16.496456233999936],[-71.52234648099989,-16.494453483999962],[-71.52473448099994,-16.4916801089999],[-71.52821348099991,-16.490793233999966],[-71.52778623099994,-16.486366233999945],[-71.52500148099989,-16.489429483999913],[-71.51644135599997,-16.49145698399991],[-71.5117111059999,-16.491081233999978],[-71.50714110599989,-16.49262235899988],[-71.50266260599989,-16.488521608999974],[-71.49868010599988,-16.48757173399997],[-71.49433898099988,-16.487400108999964],[-71.49080660599998,-16.48501773399994],[-71.4853211059999,-16.484554233999972],[-71.48081210599986,-16.4851227339999],[-71.47824860599985,-16.484229983999967],[-71.47646335599984,-16.485013983999977],[-71.47138973099999,-16.485218108999902],[-71.46820835599993,-16.48227685899991],[-71.46376798099993,-16.481147733999933],[-71.46096035599999,-16.48252860899987],[-71.45492548099992,-16.483585358999903],[-71.45301823099993,-16.484699233999947],[-71.45086685599995,-16.48943523399987],[-71.45047010599995,-16.49495698399994],[-71.44828798099996,-16.494792983999957]]]]},"properties":{"ubigeo":"040108","nombre":"MOLLEBAYA"}},{"type":"Feature","geometry":{"type":"MultiPolygon","coordinates":[[[[-71.42778773099991,-16.41955185899991],[-71.43199923099996,-16.42008585899987],[-71.4396362309999,-16.426036857999918],[-71.44332123099997,-16.42680173399998],[-71.44728085599996,-16.428684233999945],[-71.45007310599988,-16.427415858999893],[-71.45571135599994,-16.429752358999963],[-71.45841985599992,-16.432798358999946],[-71.46259310599999,-16.435769983999933],[-71.46341710599995,-16.43782998399996],[-71.46812435599998,-16.43733785899991],[-71.47193148099996,-16.43834498399991],[-71.47581485599983,-16.438472733999845],[-71.47785185599997,-16.437698358999967],[-71.48646548099998,-16.437663983999983],[-71.4910278559999,-16.439510358999883],[-71.49360660699995,-16.439563733999876],[-71.49632260599998,-16.44155498399988],[-71.49710848099988,-16.44336123399995],[-71.49999998099992,-16.444599108999967],[-71.50128135699998,-16.449068608999937],[-71.50309573099992,-16.44393360899994],[-71.50661135599995,-16.43874823399989],[-71.50815335599998,-16.43504298399995],[-71.51034548099989,-16.434207858999912],[-71.51551060599996,-16.42474360899996],[-71.51672348099993,-16.42021760899985],[-71.5153781059999,-16.414594483999906],[-71.51501460699996,-16.41001698399998],[-71.51333048099997,-16.41039273399997],[-71.50617223099994,-16.410171483999875],[-71.49391935599988,-16.405143733999978],[-71.4872512309999,-16.404785108999874],[-71.4829253559999,-16.40202523399995],[-71.47920985599995,-16.402358983999875],[-71.47675323099992,-16.401321358999894],[-71.46958160599996,-16.402643233999925],[-71.46726985599997,-16.400999107999894],[-71.46199035599994,-16.399097483999924],[-71.45544423099994,-16.39602460899988],[-71.45108035599992,-16.393033983999885],[-71.44911198099993,-16.39763260899997],[-71.44667810599998,-16.400875108999912],[-71.45011898099995,-16.405633983999962],[-71.44951635599983,-16.409547858999872],[-71.4470138559999,-16.41508098399993],[-71.44117735599997,-16.41690248399982],[-71.42994685599996,-16.41720773399993],[-71.42778773099991,-16.41955185899991]]]]},"properties":{"ubigeo":"040109","nombre":"PAUCARPATA"}},{"type":"Feature","geometry":{"type":"MultiPolygon","coordinates":[[[[-71.24210360599989,-16.46306423399983],[-71.24564360599987,-16.466863608999972],[-71.24597935599996,-16.468517358999918],[-71.24416347999988,-16.471013983999967],[-71.24328610599986,-16.47442248399983],[-71.24480435599997,-16.47786335899997],[-71.24934385599988,-16.482358983999973],[-71.25238798099997,-16.491699233999952],[-71.25502010599996,-16.496944483999982],[-71.2607269799999,-16.503929108999955],[-71.26313785599996,-16.509389733999967],[-71.27781673099992,-16.52042385899989],[-71.28226473099988,-16.525770233999935],[-71.28546910599982,-16.533954608999977],[-71.28804010499994,-16.53684048399998],[-71.2924347309999,-16.53957935899996],[-71.29859160599995,-16.54110523399993],[-71.30023198099997,-16.54248423399997],[-71.30383298099991,-16.54329298399989],[-71.30664060599997,-16.54844473399993],[-71.31206510599992,-16.548049983999874],[-71.31715398099988,-16.55023385899989],[-71.31806185599987,-16.55258560899989],[-71.3203811059999,-16.553323733999946],[-71.32790373099982,-16.55020898399988],[-71.33214573099997,-16.550939608999954],[-71.33718873099997,-16.547387983999897],[-71.34197235599999,-16.547616983999944],[-71.34735110599996,-16.55101960899998],[-71.35566710599994,-16.550250983999888],[-71.35749823099997,-16.54962160899987],[-71.36214448099997,-16.55047798399994],[-71.36491398099997,-16.54999923499986],[-71.37189485599998,-16.550123233999898],[-71.3736877309999,-16.548946358999956],[-71.37632748099992,-16.552278483999885],[-71.37837985599992,-16.552928983999948],[-71.38069148099999,-16.551162733999945],[-71.38154598099999,-16.548437108999906],[-71.38368223099997,-16.54650498399991],[-71.38539123099997,-16.548408483999935],[-71.3889542309999,-16.550178483999957],[-71.39086910599997,-16.55014423399996],[-71.39496610599997,-16.54834560899991],[-71.39905548099989,-16.54410748399988],[-71.40515135599998,-16.54410748399988],[-71.4097137309999,-16.546705233999887],[-71.41297148099989,-16.54743573399992],[-71.41925810599992,-16.546201733999965],[-71.41987610599989,-16.544404858999883],[-71.41847223099984,-16.536769858999946],[-71.42494198099985,-16.531082108999954],[-71.42579648099985,-16.52731898399992],[-71.43135073099995,-16.51781648399998],[-71.43128985599998,-16.512479733999953],[-71.4333038559999,-16.509740858999976],[-71.43340298099992,-16.506673858999875],[-71.43561548099996,-16.504072233999977],[-71.43858335599992,-16.503530483999953],[-71.44064335599995,-16.501203483999973],[-71.44594573099988,-16.498928108999905],[-71.44828798099996,-16.494792983999957],[-71.44144435599986,-16.495006608999972],[-71.43334960599998,-16.493938483999955],[-71.42808535599994,-16.491416983999954],[-71.4204331059999,-16.491893733999973],[-71.41574098099989,-16.48903848399982],[-71.40792085599998,-16.490272483999945],[-71.40613560599996,-16.48966598399994],[-71.40343473099995,-16.486350858999913],[-71.39717860599995,-16.48232273399998],[-71.39546198099993,-16.47775448399983],[-71.39182285599992,-16.47542760899995],[-71.38531498099996,-16.474157358999832],[-71.3777999809999,-16.474611358999937],[-71.37612910599995,-16.476205858999947],[-71.37252810599989,-16.477571483999952],[-71.36816410599994,-16.480112108999947],[-71.36494448099984,-16.480150233999893],[-71.35443873099985,-16.4748401089999],[-71.35186010599983,-16.47506710899995],[-71.34878535599995,-16.473701483999946],[-71.3465347309999,-16.47019198399994],[-71.34329985599987,-16.46779823399993],[-71.33869935599989,-16.463232108999932],[-71.33108523099997,-16.45853810899996],[-71.32134998099997,-16.453308108999977],[-71.31476598099994,-16.451469358999873],[-71.30862423099995,-16.449153858999978],[-71.30435948099989,-16.446777358999952],[-71.2997664799999,-16.44617460899991],[-71.29174035599993,-16.442924483999946],[-71.28620910599994,-16.439273858999968],[-71.28011323099997,-16.438894233999974],[-71.27357485599998,-16.437835733999975],[-71.2683334809999,-16.434413858999903],[-71.26210035599985,-16.432041108999954],[-71.25845335599996,-16.432537108999895],[-71.24778748099999,-16.432359733999874],[-71.24485772999986,-16.432825108999907],[-71.23930360599996,-16.431339233999893],[-71.23871610599991,-16.444845233999956],[-71.24037935599995,-16.447393358999932],[-71.24381260599989,-16.45006948399987],[-71.24459073099996,-16.45429998399993],[-71.2426987309999,-16.45935635899997],[-71.24210360599989,-16.46306423399983]]]]},"properties":{"ubigeo":"040110","nombre":"POCSI"}},{"type":"Feature","geometry":{"type":"MultiPolygon","coordinates":[[[[-71.28581235599995,-16.71635435999997],[-71.28927610599993,-16.7227172339999],[-71.2890929809999,-16.726457608999965],[-71.29597473099989,-16.732187234999913],[-71.30193310599992,-16.734882483999968],[-71.30578610599997,-16.735761608999894],[-71.31143185599984,-16.738679859999934],[-71.31265260599986,-16.74032398399993],[-71.31241610599983,-16.742969483999957],[-71.31416323099995,-16.744651733999945],[-71.31758123099996,-16.745588358999896],[-71.32238010599991,-16.749727234999966],[-71.32608035599992,-16.752176233999933],[-71.32756810599994,-16.752256359999876],[-71.33103185599998,-16.74806398399994],[-71.33300023099997,-16.746999733999814],[-71.33655548099995,-16.746742108999968],[-71.34367373099997,-16.744884483999954],[-71.34698485599995,-16.742242983999972],[-71.34853360599993,-16.736440608999942],[-71.34883885599987,-16.73246385899995],[-71.35060123099993,-16.73086923399984],[-71.35041810599989,-16.727872858999888],[-71.35328673099991,-16.72495273399994],[-71.35633848099991,-16.72462273499991],[-71.35818485599998,-16.72284123399993],[-71.36167910599994,-16.722091733999946],[-71.36378473099995,-16.72049335899993],[-71.36943048099994,-16.719676983999875],[-71.37496185599991,-16.722257608999882],[-71.37859348099994,-16.724588358999938],[-71.38376623099998,-16.726217233999932],[-71.3859558559999,-16.72809023399992],[-71.39026635599993,-16.729278608999948],[-71.3945617309999,-16.731199233999973],[-71.39823910599995,-16.731122984999956],[-71.4009018559999,-16.728143734999946],[-71.40709685599984,-16.730108358999928],[-71.41275785599998,-16.733789483999942],[-71.4176788559999,-16.738304108999955],[-71.42261523099995,-16.73775673399996],[-71.42592623099983,-16.741376858999956],[-71.42858885599998,-16.738824858999862],[-71.44063573099999,-16.730392483999935],[-71.44674685599983,-16.73122023399992],[-71.45276635599998,-16.73362160899984],[-71.45571898099985,-16.742069234999974],[-71.45233148099987,-16.746396983999944],[-71.45207973099991,-16.748441733999925],[-71.45370485599989,-16.75161935899996],[-71.45457460599994,-16.756435359999898],[-71.45705410599999,-16.75855060899994],[-71.46055598099991,-16.756607233999887],[-71.46270748099994,-16.75710485899998],[-71.46524048199996,-16.762004858999944],[-71.46952060599995,-16.762405359999946],[-71.47667698099991,-16.764869733999944],[-71.48122410599984,-16.763805358999946],[-71.4791564809999,-16.760547733999886],[-71.47753148099991,-16.748220483999944],[-71.47760010599984,-16.74041748399992],[-71.47940060599996,-16.736505483999963],[-71.48281098099994,-16.731288858999903],[-71.48307798099995,-16.72702985899997],[-71.47957610599991,-16.718248358999972],[-71.47698973099995,-16.713966358999812],[-71.47476960599994,-16.708423484999912],[-71.47470860599998,-16.704923608999877],[-71.47695923099991,-16.701518983999847],[-71.47805023099994,-16.696773483999948],[-71.48154448199995,-16.690072983999926],[-71.4821319809999,-16.684284234999893],[-71.47521210699995,-16.678417233999937],[-71.47093198099992,-16.66878510899994],[-71.47076423099992,-16.665111483999908],[-71.46732335599995,-16.662078859999895],[-71.46340948099987,-16.660083733999954],[-71.46366885599991,-16.657606108999914],[-71.46013635599996,-16.653825733999952],[-71.4571228559999,-16.65341373399997],[-71.45483398099998,-16.65155223399995],[-71.45326235599998,-16.648498358999973],[-71.44818873099996,-16.648263983999925],[-71.44403835599991,-16.642768858999943],[-71.44703673099991,-16.635128108999936],[-71.44629673099996,-16.632940109999822],[-71.44220735599993,-16.631740608999962],[-71.43917848099994,-16.629127483999923],[-71.43721773099998,-16.628526733999877],[-71.43082423099997,-16.623807858999953],[-71.4289093559999,-16.62068935899987],[-71.42524723099996,-16.61745260899994],[-71.42395023099994,-16.612663233999967],[-71.42454523099997,-16.607952108999882],[-71.42339323099986,-16.606220233999863],[-71.41774748099994,-16.603330608999954],[-71.41242223099994,-16.60326960899988],[-71.40867610599986,-16.601720858999897],[-71.4065093559999,-16.599660858999982],[-71.40467835599992,-16.595420858999887],[-71.40438085599999,-16.590103108999926],[-71.40534973099994,-16.585176483999874],[-71.40459448099989,-16.581687858999885],[-71.40406798099997,-16.574994983999886],[-71.40167235599989,-16.568813358999932],[-71.39846798099995,-16.566142983999953],[-71.39775848099998,-16.56226348399997],[-71.3950577309999,-16.55788423399997],[-71.39214323099998,-16.55138010899998],[-71.39086910599997,-16.55014423399996],[-71.3889542309999,-16.550178483999957],[-71.38539123099997,-16.548408483999935],[-71.38368223099997,-16.54650498399991],[-71.38154598099999,-16.548437108999906],[-71.38069148099999,-16.551162733999945],[-71.37837985599992,-16.552928983999948],[-71.37632748099992,-16.552278483999885],[-71.3736877309999,-16.548946358999956],[-71.37189485599998,-16.550123233999898],[-71.36491398099997,-16.54999923499986],[-71.36214448099997,-16.55047798399994],[-71.35749823099997,-16.54962160899987],[-71.35566710599994,-16.550250983999888],[-71.34735110599996,-16.55101960899998],[-71.34197235599999,-16.547616983999944],[-71.33718873099997,-16.547387983999897],[-71.33214573099997,-16.550939608999954],[-71.32790373099982,-16.55020898399988],[-71.3203811059999,-16.553323733999946],[-71.31806185599987,-16.55258560899989],[-71.31715398099988,-16.55023385899989],[-71.31206510599992,-16.548049983999874],[-71.30664060599997,-16.54844473399993],[-71.30383298099991,-16.54329298399989],[-71.30023198099997,-16.54248423399997],[-71.29859160599995,-16.54110523399993],[-71.2924347309999,-16.53957935899996],[-71.28804010499994,-16.53684048399998],[-71.28546910599982,-16.533954608999977],[-71.28226473099988,-16.525770233999935],[-71.27781673099992,-16.52042385899989],[-71.26313785599996,-16.509389733999967],[-71.2607269799999,-16.503929108999955],[-71.25502010599996,-16.496944483999982],[-71.25238798099997,-16.491699233999952],[-71.24934385599988,-16.482358983999973],[-71.24647523099992,-16.48854260899998],[-71.24460598099989,-16.48990435899998],[-71.24124147999999,-16.495819233999953],[-71.23706823099991,-16.502115233999973],[-71.23613735599997,-16.506482983999888],[-71.23823548099995,-16.516738858999815],[-71.24179073099992,-16.52165223399993],[-71.24276735599994,-16.525634733999937],[-71.24346160599998,-16.535892483999817],[-71.2433166059999,-16.5395412339999],[-71.24422460599999,-16.5434303589999],[-71.24479673099995,-16.550228108999875],[-71.24713135599995,-16.55435560899997],[-71.24804685599986,-16.560846358999925],[-71.24909973099994,-16.56410035899995],[-71.25163273099997,-16.568876358999887],[-71.25275423099998,-16.57256698399982],[-71.25933073099992,-16.577400233999867],[-71.26066585599989,-16.582563483999934],[-71.26284023099987,-16.584911233999946],[-71.25930023099988,-16.591058733999944],[-71.25967410599998,-16.6020793589999],[-71.26150498099997,-16.606662733999883],[-71.27043910599997,-16.606628358999956],[-71.27317810599999,-16.607017483999925],[-71.27751923099999,-16.61136248399987],[-71.27915185599988,-16.615821858999936],[-71.27958673099994,-16.623277608999956],[-71.27930448099994,-16.62722010899995],[-71.28047948099999,-16.632581608999885],[-71.27957910599991,-16.635934858999974],[-71.27998348099999,-16.64869698399997],[-71.28086085599989,-16.652277108999897],[-71.28037260599984,-16.657644233999974],[-71.28375248099996,-16.662893234999956],[-71.28473660599997,-16.667007483999953],[-71.28463748099995,-16.673387483999875],[-71.28368373099988,-16.677421608999964],[-71.28390497999999,-16.68223948399998],[-71.28630823099996,-16.68521498399997],[-71.28995498099988,-16.686984983999878],[-71.29364010599988,-16.690559358999963],[-71.29551698099993,-16.701030733999858],[-71.29603573099996,-16.707427859999882],[-71.29531098099994,-16.709732108999958],[-71.29254135599996,-16.7124003589999],[-71.28581235599995,-16.71635435999997]]]]},"properties":{"ubigeo":"040111","nombre":"POLOBAYA"}},{"type":"Feature","geometry":{"type":"MultiPolygon","coordinates":[[[[-71.42494198099985,-16.531082108999954],[-71.41847223099984,-16.536769858999946],[-71.41987610599989,-16.544404858999883],[-71.41925810599992,-16.546201733999965],[-71.41297148099989,-16.54743573399992],[-71.4097137309999,-16.546705233999887],[-71.40515135599998,-16.54410748399988],[-71.39905548099989,-16.54410748399988],[-71.39496610599997,-16.54834560899991],[-71.39086910599997,-16.55014423399996],[-71.39214323099998,-16.55138010899998],[-71.3950577309999,-16.55788423399997],[-71.39775848099998,-16.56226348399997],[-71.39846798099995,-16.566142983999953],[-71.40167235599989,-16.568813358999932],[-71.40543360599997,-16.56862073399998],[-71.40977473099997,-16.571712483999818],[-71.41571810699998,-16.57019423399987],[-71.41812123099993,-16.568191483999897],[-71.42201235599998,-16.566596983999943],[-71.42452998099986,-16.567442108999956],[-71.42771135599992,-16.565303858999982],[-71.43179323099997,-16.563861733999943],[-71.43528748099999,-16.56523898399996],[-71.43869035599988,-16.56456760899988],[-71.44918823099994,-16.565175858999964],[-71.45349123099999,-16.563604358999953],[-71.45530698099986,-16.561616858999912],[-71.45742798099985,-16.561569233999876],[-71.46080785599997,-16.558525108999902],[-71.46249385599998,-16.55802148399988],[-71.4652176059999,-16.554574983999828],[-71.46833785599995,-16.553861608999966],[-71.46933748099997,-16.54989048399983],[-71.47413635599986,-16.546483983999963],[-71.4759673559999,-16.542655983999964],[-71.48054510599997,-16.539762483999937],[-71.48781585599988,-16.537776983999947],[-71.48989873099993,-16.535940108999853],[-71.49018110599985,-16.524831733999918],[-71.49370573099998,-16.52352910899998],[-71.49288923099994,-16.519670483999903],[-71.49654385599996,-16.517713608999884],[-71.49365998099984,-16.516664483999875],[-71.48781585599988,-16.51787760899998],[-71.4829253559999,-16.517837483999926],[-71.48077398099997,-16.521699858999966],[-71.47798923099998,-16.522886233999884],[-71.47446448099998,-16.521203983999953],[-71.4694061059999,-16.52227985899998],[-71.46284498099988,-16.521856358999912],[-71.45786285599996,-16.518259233999913],[-71.45571898099985,-16.51825335899997],[-71.44804373099993,-16.52155685899993],[-71.44059748099994,-16.52228923399997],[-71.43761448099997,-16.52532385899997],[-71.43772885599992,-16.52707098399992],[-71.43000035599994,-16.530897108999966],[-71.42494198099985,-16.531082108999954]]]]},"properties":{"ubigeo":"040112","nombre":"QUEQUE\u00d1A"}},{"type":"Feature","geometry":{"type":"MultiPolygon","coordinates":[[[[-71.40682223099992,-16.42856598399993],[-71.40789035599994,-16.431920983999873],[-71.4063797309999,-16.435218858999917],[-71.40776823099998,-16.437059358999875],[-71.40804285599995,-16.4416198589999],[-71.41069798099988,-16.445115983999926],[-71.41054535599989,-16.448203983999974],[-71.41220860599992,-16.453407233999883],[-71.41430660599997,-16.457349733999877],[-71.41393285599986,-16.461334233999935],[-71.41886135599998,-16.46022410899991],[-71.42506410599998,-16.458047858999976],[-71.4288482309999,-16.457389858999818],[-71.43319698099992,-16.454925483999943],[-71.44289398099988,-16.45476910899987],[-71.44840248099996,-16.456319858999905],[-71.45201873099995,-16.456577358999937],[-71.45580298099998,-16.45795635899998],[-71.45752710599999,-16.460367233999875],[-71.46071623099988,-16.462503483999967],[-71.4647293559999,-16.462436733999937],[-71.4694061059999,-16.466289483999958],[-71.47315973099995,-16.46824073399995],[-71.47576135599991,-16.46685023399982],[-71.48578648099993,-16.46429248399994],[-71.48915860599988,-16.46189885899986],[-71.49187473099983,-16.461532608999846],[-71.49444585599991,-16.463317858999915],[-71.49714660599994,-16.466592733999903],[-71.50259398099996,-16.467700983999976],[-71.50473023099988,-16.47171210899984],[-71.50930785599985,-16.47446435899991],[-71.51177210599997,-16.479198483999937],[-71.51615910599998,-16.48474885899998],[-71.51588435599996,-16.48015398399997],[-71.51692185599995,-16.478885608999974],[-71.51975248099984,-16.479902233999894],[-71.52140810599997,-16.478851358999975],[-71.52078248099997,-16.47463035899989],[-71.51890560599992,-16.47010423399996],[-71.51814273199994,-16.465137483999968],[-71.52077485599995,-16.463008858999956],[-71.51525123099998,-16.457813233999957],[-71.51327510599998,-16.455306983999947],[-71.50753785599994,-16.452043483999944],[-71.50357823099995,-16.450971608999964],[-71.50128135699998,-16.449068608999937],[-71.49999998099992,-16.444599108999967],[-71.49710848099988,-16.44336123399995],[-71.49632260599998,-16.44155498399988],[-71.49360660699995,-16.439563733999876],[-71.4910278559999,-16.439510358999883],[-71.48646548099998,-16.437663983999983],[-71.47785185599997,-16.437698358999967],[-71.47581485599983,-16.438472733999845],[-71.47193148099996,-16.43834498399991],[-71.46812435599998,-16.43733785899991],[-71.46341710599995,-16.43782998399996],[-71.46259310599999,-16.435769983999933],[-71.45841985599992,-16.432798358999946],[-71.45571135599994,-16.429752358999963],[-71.45007310599988,-16.427415858999893],[-71.44728085599996,-16.428684233999945],[-71.44332123099997,-16.42680173399998],[-71.4396362309999,-16.426036857999918],[-71.43199923099996,-16.42008585899987],[-71.42778773099991,-16.41955185899991],[-71.42543798099996,-16.420640983999874],[-71.42360685599994,-16.42787173399995],[-71.4202957309999,-16.42942998399991],[-71.41563410599991,-16.427518858999974],[-71.41130060599994,-16.427391108999814],[-71.40834048099998,-16.428966483999943],[-71.40682223099992,-16.42856598399993]]]]},"properties":{"ubigeo":"040113","nombre":"SABANDIA"}},{"type":"Feature","geometry":{"type":"MultiPolygon","coordinates":[[[[-71.55227185699994,-16.407517483999925],[-71.55441135599995,-16.413100608999912],[-71.55155185599995,-16.415853483999967],[-71.55667873099998,-16.42175098399997],[-71.5640106059999,-16.42919348399988],[-71.56665860599998,-16.43413848399996],[-71.57168573099989,-16.441142983999896],[-71.57307435599995,-16.445262858999968],[-71.5754861069999,-16.448178233999954],[-71.57844160599996,-16.447519858999954],[-71.58473798099993,-16.442257733999952],[-71.58506323099982,-16.43712335899994],[-71.58584598099992,-16.434461858999896],[-71.58976985699996,-16.428833108999925],[-71.59106435699994,-16.425016608999897],[-71.59341010599996,-16.42298998399997],[-71.59602535599998,-16.417423233999898],[-71.59893998199993,-16.412999983999953],[-71.59857998099989,-16.408939983999915],[-71.60216210699997,-16.407482108999943],[-71.58530423099995,-16.405500358999916],[-71.56859585599994,-16.40421885899991],[-71.56661498099999,-16.404681358999937],[-71.55866823199983,-16.408619358999943],[-71.55596785599994,-16.40868948399998],[-71.55227185699994,-16.407517483999925]]]]},"properties":{"ubigeo":"040114","nombre":"SACHACA"}},{"type":"Feature","geometry":{"type":"MultiPolygon","coordinates":[[[[-72.19510648199991,-16.4833393589999],[-72.19833373099988,-16.47900773399988],[-72.19874573099997,-16.47715185899989],[-72.19593048199988,-16.46828285899994],[-72.19847110699999,-16.469657858999938],[-72.19875335599994,-16.46282198399996],[-72.19950860699993,-16.458721108999896],[-72.19922635699993,-16.452413608999905],[-72.1942291069999,-16.444767108999883],[-72.19128423099994,-16.438003608999907],[-72.18721773199985,-16.42648698399995],[-72.18452448199986,-16.417512733999956],[-72.18050385699996,-16.40859410899992],[-72.17275235599988,-16.395357107999814],[-72.17024235699995,-16.39016348399997],[-72.16706848199988,-16.385751733999882],[-72.16049960699996,-16.369378983999923],[-72.1552811069999,-16.362396232999856],[-72.15397648199996,-16.36149023399986],[-72.14582823199999,-16.3515281089999],[-72.14432523099998,-16.350580233999892],[-72.13815310699982,-16.348524108999868],[-72.13610073099983,-16.34406660899998],[-72.12860873099999,-16.341472608999936],[-72.12739560699998,-16.346652983999945],[-72.12694548199994,-16.351283983999963],[-72.13111110599988,-16.36334223399996],[-72.13319398199991,-16.36659435899992],[-72.13745123199993,-16.37090110899993],[-72.13792423199999,-16.372968733999926],[-72.12892910699992,-16.377023733999977],[-72.13360598199989,-16.38089948399994],[-72.13995360699994,-16.38907235899984],[-72.14236448199995,-16.394458733999898],[-72.14382173199988,-16.39930148399992],[-72.14749148199996,-16.405105608999918],[-72.14965823199998,-16.410110358999873],[-72.15082548199985,-16.41525273399992],[-72.15583798099988,-16.420560858999977],[-72.16149898099997,-16.427457983999943],[-72.16484835699998,-16.430709858999876],[-72.18060298099994,-16.449722233999978],[-72.18598935599982,-16.455367983999963],[-72.18659973099994,-16.456945233999875],[-72.18573760699996,-16.46147723399997],[-72.18644710699994,-16.4669703589999],[-72.1896057319999,-16.47348023399985],[-72.19300073199997,-16.478345858999887],[-72.19329835699989,-16.480880733999925],[-72.19510648199991,-16.4833393589999]]]]},"properties":{"ubigeo":"040115","nombre":"SAN JUAN DE SIGUAS"}},{"type":"Feature","geometry":{"type":"MultiPolygon","coordinates":[[[[-70.82019810599996,-15.978467983999906],[-70.82340235499998,-15.98215198299988],[-70.8253938549999,-15.986337732999914],[-70.82752985499997,-15.989150107999933],[-70.82910160499989,-15.995490107999956],[-70.8286056049999,-15.999205607999954],[-70.82619472999983,-16.000566482999943],[-70.81900785499988,-16.001371358999904],[-70.81655885499987,-16.002756108999904],[-70.8140258549999,-16.00976748399995],[-70.81437685599997,-16.016780857999947],[-70.81600185599996,-16.020557483999937],[-70.81899260599988,-16.02341273299993],[-70.82097622999999,-16.028676983999958],[-70.82012172999998,-16.031614357999956],[-70.81546785499984,-16.035587357999873],[-70.80985260499983,-16.03849985799991],[-70.80664823099983,-16.042297358999974],[-70.80503085599992,-16.050491358999977],[-70.80451197999997,-16.055133982999905],[-70.80654910599998,-16.055589732999977],[-70.81256860499991,-16.053960857999982],[-70.81983185499996,-16.054868733999967],[-70.82372297999996,-16.056035982999845],[-70.83271798099997,-16.055112857999916],[-70.83435060499988,-16.05572510899998],[-70.8389816049999,-16.05511285899985],[-70.84714510499998,-16.05552098299995],[-70.84952548099994,-16.055112857999916],[-70.85673522999997,-16.056337357999894],[-70.85905460599986,-16.058921857999962],[-70.86032110499991,-16.061744732999955],[-70.86449435599991,-16.06715585799992],[-70.86605835599988,-16.070898107999938],[-70.86531073099997,-16.07395935799991],[-70.86585235599989,-16.078586607999966],[-70.86680597999992,-16.0800819829999],[-70.87075047999991,-16.081375107999975],[-70.87810510499992,-16.081443733999947],[-70.87742610599997,-16.085920358999886],[-70.87473298099991,-16.091812107999942],[-70.87506098099993,-16.09457773399987],[-70.87987523099986,-16.097225232999904],[-70.88272860599994,-16.099786732999917],[-70.88548273099991,-16.10091785899982],[-70.88729860599989,-16.09930223399988],[-70.89036560599999,-16.100437108999927],[-70.89376073099999,-16.102830858999937],[-70.89537047999994,-16.107004107999956],[-70.89086148099989,-16.109786983999925],[-70.88919072999994,-16.111957607999955],[-70.88834397999995,-16.115346858999885],[-70.88613122999993,-16.118141233999893],[-70.87573248099983,-16.12467198299987],[-70.86820998099995,-16.126918858999886],[-70.86795047999988,-16.130626733999975],[-70.87123873099989,-16.134807608999893],[-70.87193297999994,-16.142879482999945],[-70.86746973099997,-16.146694108999895],[-70.86708072999994,-16.14845660899988],[-70.86782835599996,-16.153865858999893],[-70.87294010599999,-16.160140982999962],[-70.87775422999994,-16.163766858999963],[-70.87859347999995,-16.166616483999917],[-70.87692260499989,-16.169185608999953],[-70.87430572999989,-16.17103573399993],[-70.86609647999995,-16.172281108999925],[-70.86106873099999,-16.17474735899998],[-70.85865023099996,-16.17822460799988],[-70.85735322999994,-16.181407983999975],[-70.85413360599983,-16.192798608999965],[-70.85388948099995,-16.20248048399992],[-70.85524747999989,-16.206657357999916],[-70.85762773099992,-16.208679233999874],[-70.85844423099996,-16.211223608999887],[-70.86653135599994,-16.218389482999953],[-70.86695860499998,-16.224584608999976],[-70.8657761049999,-16.226270733999968],[-70.86219023099994,-16.226650233999976],[-70.85962672999995,-16.225765233999937],[-70.85050960599983,-16.227981607999936],[-70.84766385599994,-16.22929948399991],[-70.84513860599998,-16.232406608999952],[-70.84447473099993,-16.235877983999956],[-70.84640510599996,-16.23814773399988],[-70.85388185599999,-16.241466483999943],[-70.85609435599997,-16.24367910899997],[-70.85846710499999,-16.24784085899995],[-70.86347197999987,-16.25452998399993],[-70.86757660499995,-16.258640232999824],[-70.87200160599997,-16.26569748399993],[-70.87368772999992,-16.27049260899986],[-70.87448122999996,-16.27502248399992],[-70.87648010499987,-16.281553233999944],[-70.88080598099992,-16.284543983999924],[-70.88613885599995,-16.28527260899989],[-70.89371485499998,-16.280574858999955],[-70.90146635499991,-16.277702358999875],[-70.90342697999995,-16.27761073399995],[-70.90853123099987,-16.2801189839999],[-70.91578673099997,-16.282400108999923],[-70.91938785599996,-16.284589733999894],[-70.9209976059999,-16.28769498399987],[-70.93910985599996,-16.298932983999975],[-70.93926997999989,-16.303228358999945],[-70.94040685599998,-16.306384983999976],[-70.9403532309999,-16.31031798399988],[-70.94242085599984,-16.31388860899989],[-70.9462508549999,-16.31383510899991],[-70.95111848099998,-16.309747732999938],[-70.95701598099998,-16.308402983999883],[-70.96125797999986,-16.30824648399988],[-70.96622472999985,-16.308919858999843],[-70.97508235599997,-16.30849073399986],[-70.97897335599998,-16.309827858999938],[-70.98284148099998,-16.309417732999975],[-70.98628998099997,-16.309946107999906],[-70.98503873099997,-16.31360048399995],[-70.98506923099995,-16.317537358999914],[-70.98635860499996,-16.320190483999966],[-70.98513035599996,-16.325393858999973],[-70.98226922999999,-16.32827760899994],[-70.98001098099991,-16.33179860899986],[-70.97947698099989,-16.343357108999896],[-70.97781373099991,-16.34880448399997],[-70.97276310599995,-16.35374835899995],[-70.97264097999994,-16.354968983999925],[-70.97570797999998,-16.3594932339999],[-70.97557073099989,-16.36223798399982],[-70.97075647999998,-16.36660760899997],[-70.96939860499998,-16.36960798399997],[-70.96960447999999,-16.37226485899987],[-70.97183985499993,-16.374532733999956],[-70.97303773099992,-16.37730785899987],[-70.97539523099994,-16.388910233999923],[-70.97384648099995,-16.39419748399996],[-70.96482085599996,-16.397590608999963],[-70.96382910599988,-16.39974023399992],[-70.96424860599996,-16.401481608999916],[-70.96877285599999,-16.40860748399996],[-70.97312160499985,-16.40953260899994],[-70.97524260499983,-16.41216473399993],[-70.97561647999993,-16.418321608999975],[-70.97370148099986,-16.425865358999943],[-70.97034460499992,-16.431064608999918],[-70.9672088559999,-16.43294148399997],[-70.96489710599997,-16.43716435899995],[-70.96572873099984,-16.440702483999928],[-70.96482848099998,-16.44630048399995],[-70.96228785599999,-16.451257733999967],[-70.9583129799999,-16.45370673399998],[-70.95403285599997,-16.458356858999878],[-70.9529264809999,-16.460988983999982],[-70.95446010599989,-16.466129358999865],[-70.95543673099996,-16.471626233999928],[-70.95905298099996,-16.47394373399993],[-70.96424098099993,-16.47949023399991],[-70.96720123099982,-16.481109608999873],[-70.97609710599994,-16.479736358999958],[-70.97952273099992,-16.48057360899992],[-70.9853211059999,-16.486135483999874],[-70.9871749809999,-16.490018858999917],[-70.99245447999994,-16.49586673399989],[-70.99566648099994,-16.497501358999955],[-70.9996948559999,-16.49840923399995],[-71.0022507299999,-16.498025858999938],[-71.00540160599996,-16.49568173399996],[-71.00685123099998,-16.49568173399996],[-71.01149760499993,-16.49828148399996],[-71.01370998099992,-16.498067858999946],[-71.01593785599988,-16.494914983999934],[-71.01832585499994,-16.487415358999897],[-71.02389523099998,-16.487087233999944],[-71.0288162309999,-16.48595060899993],[-71.03168485499992,-16.486308983999947],[-71.0372578549999,-16.485685608999972],[-71.03741460599997,-16.480422983999915],[-71.03852848099996,-16.478675858999964],[-71.04130547999995,-16.478631983999946],[-71.04284673099994,-16.476074233999896],[-71.04255673099993,-16.473909358999833],[-71.04409023099998,-16.472125983999888],[-71.04447173099999,-16.469100983999965],[-71.04179385499987,-16.467096358999925],[-71.04325860599982,-16.463243483999918],[-71.04746248099991,-16.46043973399992],[-71.04811098099992,-16.455078108999942],[-71.05304723099988,-16.461566983999944],[-71.05484010599992,-16.462362233999897],[-71.05770873099993,-16.461606983999957],[-71.06494897999994,-16.461805358999925],[-71.06761935499998,-16.463834733999875],[-71.07265485599999,-16.465755483999942],[-71.07547760599994,-16.46394535899998],[-71.07826998099995,-16.458564733999935],[-71.0823517309999,-16.456935858999827],[-71.08522797999996,-16.458719233999943],[-71.08988185499999,-16.45698735899998],[-71.09161372999995,-16.457582483999943],[-71.09339910599988,-16.462289858999952],[-71.09447473099988,-16.46299935899998],[-71.10070035599995,-16.46413035899991],[-71.10587310599993,-16.461664233999898],[-71.10631560599995,-16.46392823399998],[-71.11019898099988,-16.46578785899993],[-71.11597448099991,-16.46303935899988],[-71.12391660499998,-16.460971858999812],[-71.12963098099993,-16.46408085899992],[-71.13639073099995,-16.46970748399997],[-71.13685610599998,-16.47400473399989],[-71.13951873099995,-16.474973733999946],[-71.14344785599997,-16.473983733999944],[-71.15203847999993,-16.473163608999926],[-71.15792835599996,-16.47096635899993],[-71.16338347999994,-16.470746983999902],[-71.16759485499995,-16.47176935899995],[-71.17425535599995,-16.471273483999937],[-71.18269348099989,-16.472631483999976],[-71.19136048099989,-16.471820858999934],[-71.19702910599995,-16.47165873399996],[-71.20423885499991,-16.465019233999953],[-71.20634460599996,-16.46380423399995],[-71.21913910599989,-16.460565608999957],[-71.22452548099994,-16.46055985899983],[-71.22947698099995,-16.461904483999945],[-71.23178085599994,-16.465053608999938],[-71.23620610599988,-16.46600910899997],[-71.24210360599989,-16.46306423399983],[-71.2426987309999,-16.45935635899997],[-71.24459073099996,-16.45429998399993],[-71.24381260599989,-16.45006948399987],[-71.24037935599995,-16.447393358999932],[-71.23871610599991,-16.444845233999956],[-71.23930360599996,-16.431339233999893],[-71.23982998099996,-16.42474748399991],[-71.24386597999995,-16.420091608999883],[-71.24553685599994,-16.416097608999905],[-71.24975585599987,-16.409151108999822],[-71.25325010599994,-16.40591435899995],[-71.25406648099994,-16.403953608999927],[-71.27587123099988,-16.367634608999936],[-71.32015498099986,-16.30969048399993],[-71.32213598099997,-16.308067358999892],[-71.32456210599997,-16.308153108999818],[-71.33833310599988,-16.31057548399997],[-71.34420010599985,-16.31083098399995],[-71.35449223099994,-16.30942910899995],[-71.35814660599993,-16.30691910799993],[-71.36009973099988,-16.303901733999965],[-71.36473848099985,-16.302328108999973],[-71.37443548099998,-16.30249785899997],[-71.38182835599997,-16.301052107999965],[-71.40149685599994,-16.299156232999962],[-71.40455623099996,-16.296832983999934],[-71.40752410599993,-16.297470108999903],[-71.41060635599996,-16.29621123399994],[-71.40896610599998,-16.29514698299988],[-71.40538798099993,-16.29514698399987],[-71.40211485599991,-16.29670535899993],[-71.3969878559999,-16.29582598399992],[-71.39278410599997,-16.29372598399982],[-71.38716123099988,-16.2918377339999],[-71.38210298099995,-16.288234733999957],[-71.37784573099998,-16.282436358999973],[-71.37660985599996,-16.279975858999876],[-71.37270360599996,-16.275098733999926],[-71.37098698099993,-16.27378085899994],[-71.36905685599999,-16.270265608999978],[-71.36369323099996,-16.264070482999955],[-71.35580448099995,-16.253263483999945],[-71.35124210599986,-16.250446358999966],[-71.35008235599997,-16.24706460899995],[-71.34648135599986,-16.24694823399983],[-71.34076698099989,-16.241355858999952],[-71.33940123099995,-16.239108983999927],[-71.33836360599992,-16.23383885899989],[-71.33856960599991,-16.22566223399997],[-71.33534998099998,-16.22290423399994],[-71.33329010599988,-16.218156983999904],[-71.33201598099998,-16.21282385799998],[-71.32793423099986,-16.2067871079999],[-71.32558435599992,-16.205530108999824],[-71.3259201059999,-16.20315173399996],[-71.32476810599996,-16.19678110899997],[-71.3254089809999,-16.192920733999927],[-71.32376860599999,-16.18756298299985],[-71.32228848099999,-16.185752858999933],[-71.32230385599985,-16.182205233999923],[-71.31903073099994,-16.180320733999963],[-71.31969448099994,-16.177431108999883],[-71.31684110599991,-16.17427448399991],[-71.31686398099998,-16.168716483999958],[-71.32084660599998,-16.16726110899998],[-71.32228848099999,-16.164058733999923],[-71.32281498099996,-16.158462483999926],[-71.31830598099998,-16.151935608999963],[-71.31591798099993,-16.146123858999886],[-71.31394960599988,-16.143421232999913],[-71.31308748099997,-16.136083608999968],[-71.31208035599985,-16.132661857999892],[-71.31465148099994,-16.12718773399996],[-71.31832885599994,-16.126403858999936],[-71.31971735599996,-16.12469860799996],[-71.32360835599997,-16.122203857999864],[-71.32265473099994,-16.119558358999825],[-71.32794948099996,-16.117740607999963],[-71.33222198099998,-16.114292108999905],[-71.33461760599994,-16.11092198399996],[-71.3345871059999,-16.10820010899988],[-71.33782210599998,-16.107603108999967],[-71.34129335599994,-16.10253523299997],[-71.34317010599989,-16.09883123399993],[-71.34300998099997,-16.096321108999973],[-71.34493260599999,-16.09525110899989],[-71.34439848099998,-16.092578983999886],[-71.34268948099998,-16.09063723399987],[-71.34512323099995,-16.087511107999944],[-71.34585573099997,-16.08512310799989],[-71.34927373099998,-16.082509983999955],[-71.35510248099996,-16.080497733999835],[-71.35717010599996,-16.08080110899988],[-71.36183160599995,-16.079210108999973],[-71.36411285599996,-16.07400510799988],[-71.3642273559999,-16.070350608999945],[-71.36224360599994,-16.06578448299996],[-71.3622512309999,-16.061029483999903],[-71.36001585599996,-16.057508482999822],[-71.36128998099997,-16.050476107999884],[-71.36099248099998,-16.048351233999938],[-71.36213685599995,-16.04545210899994],[-71.35979460599998,-16.03651998399988],[-71.35730748099996,-16.03567310899996],[-71.35343173099994,-16.031557108999948],[-71.35053248099996,-16.030746483999906],[-71.34612273099992,-16.03223798299996],[-71.34299460599993,-16.03126135799988],[-71.34076698099989,-16.02759173299995],[-71.33935548099998,-16.028142983999885],[-71.33456423099989,-16.02758023399997],[-71.32798773099995,-16.029668732999937],[-71.3252029809999,-16.029735608999943],[-71.32128910599988,-16.027837732999956],[-71.31848910599996,-16.028560608999896],[-71.31398785599993,-16.025716733999957],[-71.31124110599995,-16.022148108999943],[-71.30593873099997,-16.020027108999955],[-71.30030048099997,-16.01901823299994],[-71.29994210599995,-16.01474935799996],[-71.29727173099991,-16.010141357999885],[-71.29256435599996,-16.00760648399995],[-71.28830723099998,-16.004552857999897],[-71.28713223099993,-16.002262107999968],[-71.28859710599988,-15.999638608999817],[-71.29524235599996,-15.993490233999921],[-71.29554748099997,-15.988488232999941],[-71.29793548099985,-15.985183607999886],[-71.30541998099989,-15.979438732999938],[-71.30759435599992,-15.977238608999869],[-71.30827335599997,-15.974136357999953],[-71.31277460599989,-15.97099585799998],[-71.31509398099996,-15.966753982999933],[-71.31174473099998,-15.963037483999926],[-71.31050110599983,-15.958147982999947],[-71.30859373099992,-15.954896983999959],[-71.30255885599996,-15.951306358999886],[-71.29817960599996,-15.951102357999957],[-71.29386898099983,-15.95222285799997],[-71.29146998099992,-15.954749482999944],[-71.28817198099989,-15.95684823299996],[-71.28357485599992,-15.95704810799998],[-71.27667910599996,-15.95414985899987],[-71.27420810599995,-15.954441982999981],[-71.27306360599994,-15.956928233999918],[-71.27408060599998,-15.963244108999959],[-71.27398073099988,-15.965842733999978],[-71.27102660599996,-15.971826607999901],[-71.26889035599999,-15.974010482999859],[-71.26942448099993,-15.980027233999863],[-71.26379198099994,-15.984966358999941],[-71.25050960599998,-15.995899108999936],[-71.24648185599995,-15.9997352339999],[-71.24360473099995,-16.000310483999897],[-71.23526135599997,-16.000742107999884],[-71.23156910599994,-16.001940982999884],[-71.21759798099998,-16.01462923399987],[-71.21627810599995,-16.017076483999972],[-71.20809935599993,-16.02359010799995],[-71.2016831059999,-16.025598483999943],[-71.19943998099995,-16.024707733999946],[-71.19869998099983,-16.02256198299989],[-71.19414523099994,-16.015216857999917],[-71.19159698099992,-16.014726608999865],[-71.18778223099997,-16.01198385899994],[-71.17863460599989,-16.00947948299995],[-71.1761017309999,-16.006944608999902],[-71.17407985599988,-16.006683358999965],[-71.16868585499998,-16.00831035899995],[-71.16038173099997,-16.00475335799996],[-71.15263360599988,-16.001878733999888],[-71.15164948099994,-15.999641358999952],[-71.15128335599991,-15.993351982999968],[-71.14802548099993,-15.98958010799987],[-71.14519510499986,-15.987470607999967],[-71.14445497999998,-15.983701732999975],[-71.13894648099995,-15.982584982999924],[-71.13343810599997,-15.985896107999963],[-71.12802885599996,-15.986367233999943],[-71.12507635499992,-15.98454098399992],[-71.12216185499994,-15.984615358999974],[-71.11594385599989,-15.988238358999979],[-71.10846723099996,-15.986961358999906],[-71.10568998099995,-15.984902358999932],[-71.10301210599988,-15.984056482999904],[-71.0970611059999,-15.985463108999966],[-71.09214023099997,-15.98216535899985],[-71.08666998099989,-15.981054357999938],[-71.08532710499998,-15.982981732999974],[-71.08668523099993,-15.989656483999966],[-71.08654785499994,-15.994096858999853],[-71.08724973099999,-15.996368357999927],[-71.08595272999997,-15.998011607999842],[-71.08133698099988,-15.999620483999934],[-71.07962798099999,-16.002382232999878],[-71.07689660599993,-16.00419998399991],[-71.06768035499988,-16.00417323399995],[-71.06447597999994,-16.00178910799991],[-71.06163785599995,-15.998183233999896],[-71.05529785499994,-15.995613108999976],[-71.05138397999997,-15.99113848299993],[-71.04703523099994,-15.984318732999952],[-71.0438918559999,-15.981011357999932],[-71.03609460599995,-15.98023223399997],[-71.03379822999989,-15.977453232999949],[-71.03079985599999,-15.975302732999921],[-71.02843472999996,-15.97530460799993],[-71.02082822999995,-15.973287607999907],[-71.0119171049999,-15.972017233999964],[-71.0062179809999,-15.969953483999916],[-71.00353235499983,-15.968324608999978],[-70.9982681059999,-15.967929857999877],[-70.99442285499998,-15.968622232999962],[-70.97432710599992,-15.96989723299987],[-70.96134948099996,-15.969596857999875],[-70.95702372999989,-15.963431357999923],[-70.95430760599999,-15.962225858999943],[-70.94941710599988,-15.961492483999905],[-70.94194798099988,-15.963381733999881],[-70.93949122999999,-15.963491483999917],[-70.93585210599997,-15.962224983999931],[-70.93151098099997,-15.958935733999908],[-70.92310335599996,-15.954261732999896],[-70.9205779799999,-15.951634357999922],[-70.91892248099998,-15.948076232999881],[-70.91351323099997,-15.945694983999942],[-70.90625010499997,-15.943258232999938],[-70.90439610499993,-15.943536732999974],[-70.90042110599995,-15.946240483999873],[-70.89286798099994,-15.945865608999952],[-70.88549035499994,-15.947040608999885],[-70.88289647999989,-15.94794935899995],[-70.87798310599999,-15.947976108999967],[-70.8755112309999,-15.947261732999891],[-70.87203985499991,-15.942676483999946],[-70.86895748099988,-15.940552733999937],[-70.86891173099991,-15.935663233999833],[-70.8667068559999,-15.92969135899989],[-70.86394497999993,-15.927887858999895],[-70.86134335499997,-15.927522608999936],[-70.85451510499996,-15.924734107999882],[-70.84703822999995,-15.923518233999914],[-70.84533835499997,-15.92192848399992],[-70.84327697999993,-15.92325585899988],[-70.84387972999997,-15.92620748399986],[-70.8432541059999,-15.92871573399998],[-70.84111022999997,-15.930231233999962],[-70.83980560599997,-15.93352323399995],[-70.84014898099997,-15.937896732999889],[-70.83683010499988,-15.940015732999882],[-70.83917235599995,-15.944251983999948],[-70.83829497999994,-15.945849357999919],[-70.83441160599995,-15.946534107999923],[-70.83219923099995,-15.949095732999865],[-70.83270260499995,-15.951692607999973],[-70.83431248099993,-15.953432107999902],[-70.83838647999994,-15.95514873299993],[-70.84086610599996,-15.958840357999918],[-70.84048460499992,-15.96157835899993],[-70.84265135599998,-15.967433983999967],[-70.84194935499994,-15.970998733999977],[-70.83723447999995,-15.974691358999962],[-70.8343734799999,-15.974372858999914],[-70.83016960499998,-15.977428483999972],[-70.8265457309999,-15.978509858999814],[-70.82304385499998,-15.977555233999965],[-70.82019810599996,-15.978467983999906]],[[-71.13862610599989,-16.340639108999824],[-71.13637548099985,-16.342317608999963],[-71.13758848099991,-16.346336358999963],[-71.14035798099991,-16.34977910899994],[-71.14385223099993,-16.351819983999974],[-71.15240473099988,-16.352165233999926],[-71.15478523099995,-16.351203857999963],[-71.16181185599999,-16.351831482999955],[-71.17188260599988,-16.35091210899992],[-71.17505648099996,-16.348760608999896],[-71.17691023099997,-16.34891510899996],[-71.1810607299999,-16.353485108999905],[-71.18607335599995,-16.35386273399996],[-71.19081873099992,-16.35554310899994],[-71.19399260599988,-16.35546298399987],[-71.19735723099996,-16.356908733999944],[-71.19874573099997,-16.36067585899997],[-71.20158385599996,-16.36327173399991],[-71.20319360599996,-16.366149858999904],[-71.20333085599992,-16.36951260899997],[-71.20241548099995,-16.372850358999926],[-71.19747160599997,-16.37636948399995],[-71.19728098099995,-16.38151935899998],[-71.19404598099987,-16.385173858999963],[-71.19137572999989,-16.386445983999977],[-71.18841548099994,-16.386049233999813],[-71.18318172999989,-16.383985483999936],[-71.17863460599989,-16.379936233999842],[-71.17523198099991,-16.3793831079999],[-71.17161572999993,-16.376926483999966],[-71.16914373099985,-16.37969398399997],[-71.16226198099997,-16.383068108999964],[-71.15648648099994,-16.381891232999862],[-71.15343473099995,-16.382579857999815],[-71.15035248099997,-16.38492198399996],[-71.14360810599999,-16.393896108999968],[-71.13716885599996,-16.39909548399993],[-71.13373573099994,-16.398006483999893],[-71.12422947999994,-16.398336358999927],[-71.11539460599982,-16.40026660899997],[-71.11116785599995,-16.403285983999922],[-71.10994722999993,-16.40555573399996],[-71.10323335599998,-16.40870285899996],[-71.09542085599998,-16.40909385899988],[-71.08734135499992,-16.402223608999975],[-71.08583835599984,-16.39753910899998],[-71.08803560599983,-16.39528848399982],[-71.08956148099998,-16.399974858999883],[-71.09211735599996,-16.401700983999945],[-71.09513860599992,-16.399574233999942],[-71.09523010599992,-16.397252983999977],[-71.09278885599991,-16.39625935899994],[-71.09043885599988,-16.39297098399993],[-71.08813485599995,-16.39230923399998],[-71.08733372999995,-16.388957983999944],[-71.08867648099994,-16.38597673399994],[-71.08758548099996,-16.38110335899995],[-71.09117123099992,-16.38063435899994],[-71.09111785499994,-16.377269733999924],[-71.09281160499995,-16.376201608999907],[-71.09380335599991,-16.36528010899997],[-71.09596247999997,-16.362178858999982],[-71.09572597999994,-16.358106608999947],[-71.09790797999989,-16.355644233999953],[-71.09644323099997,-16.35077098399995],[-71.09908298099998,-16.347497983999972],[-71.10159297999996,-16.34142298399985],[-71.10613248099997,-16.337366108999902],[-71.10958860599993,-16.33593173399987],[-71.11233523099997,-16.336187358999894],[-71.11438748099988,-16.334686233999946],[-71.12092585599999,-16.327825483999902],[-71.1231384809999,-16.326835607999897],[-71.12705998099995,-16.328109733999895],[-71.13080598099998,-16.32774360899998],[-71.13915248099994,-16.325567233999948],[-71.14217373099996,-16.323324233999926],[-71.14607223099995,-16.324418983999976],[-71.14836885599982,-16.32737735799998],[-71.14911648099996,-16.3298187339999],[-71.14812472999995,-16.33289910899998],[-71.13862610599989,-16.340639108999824]]]]},"properties":{"ubigeo":"040116","nombre":"SAN JUAN DE TARUCANI"}},{"type":"Feature","geometry":{"type":"MultiPolygon","coordinates":[[[[-71.95734410599994,-16.14372823399998],[-71.96198260599994,-16.150125483999943],[-71.96247860699992,-16.15298273399992],[-71.96662135599996,-16.158483483999873],[-71.97290798199998,-16.163700108999933],[-71.97486110599993,-16.16476823399995],[-71.97734835599994,-16.17116160899991],[-71.98244473199992,-16.176731108999945],[-71.98337560699986,-16.179820983999832],[-71.98567198199999,-16.181043608999914],[-71.99106598199995,-16.186792357999934],[-71.99163823199996,-16.19297410899992],[-71.99077610699993,-16.196279483999945],[-71.99272160699996,-16.20188510899993],[-71.99665073099999,-16.208600983999872],[-71.99555973199989,-16.21146585799994],[-71.99707785599998,-16.21298610899987],[-72.00421910599988,-16.216127358999927],[-72.01004785599997,-16.221023483999943],[-72.01405335699991,-16.22591398399993],[-72.01782985599993,-16.232791858999917],[-72.02148435699996,-16.235971483999947],[-72.0218811069999,-16.238553982999917],[-72.02040860599993,-16.24563023399992],[-72.02259823199984,-16.2523174829999],[-72.02748110599998,-16.2551441089999],[-72.03118898199989,-16.260200483999938],[-72.03373723199991,-16.261264858999937],[-72.03613285599988,-16.264759107999907],[-72.03854373199994,-16.26675223399991],[-72.04016110699985,-16.26989173399994],[-72.04502110699997,-16.275575608999873],[-72.04697435599985,-16.279066108999928],[-72.05057523099998,-16.287563358999932],[-72.05072023199989,-16.290479608999874],[-72.05232998199995,-16.29404835899993],[-72.05261235699993,-16.29687685899995],[-72.05651098199996,-16.30351260799989],[-72.05738835699998,-16.30629923399988],[-72.06072998199988,-16.311857232999955],[-72.06298060599994,-16.313419358999965],[-72.06259923199991,-16.31724160899995],[-72.06532285599991,-16.327814108999974],[-72.06639860699994,-16.341340982999895],[-72.06771848199998,-16.346086608999883],[-72.06816098199994,-16.35304848399994],[-72.0695724819999,-16.35809710899997],[-72.0726242309999,-16.36281973399997],[-72.07408910699996,-16.368890733999933],[-72.07428735699995,-16.373445483999944],[-72.07622523099997,-16.381130233999954],[-72.07892623199996,-16.38434023399998],[-72.08163435699998,-16.391248608999945],[-72.08460235599995,-16.39665223399993],[-72.09464260599998,-16.39227485899994],[-72.12352748199993,-16.379331608999905],[-72.12892910699992,-16.377023733999977],[-72.13792423199999,-16.372968733999926],[-72.13745123199993,-16.37090110899993],[-72.13319398199991,-16.36659435899992],[-72.13111110599988,-16.36334223399996],[-72.12694548199994,-16.351283983999963],[-72.12739560699998,-16.346652983999945],[-72.12860873099999,-16.341472608999936],[-72.13610073099983,-16.34406660899998],[-72.13815310699982,-16.348524108999868],[-72.14432523099998,-16.350580233999892],[-72.14461523199998,-16.340667733999965],[-72.13983148199998,-16.33181948299989],[-72.13598648199996,-16.32373423399997],[-72.13256073199994,-16.313741733999905],[-72.13073735699999,-16.310115733999908],[-72.12532810699997,-16.303482108999958],[-72.12291723099997,-16.29949360899991],[-72.12019348199993,-16.29761510899982],[-72.11560060699998,-16.289482108999948],[-72.11281585599994,-16.28365710799983],[-72.10846710599992,-16.28042410799992],[-72.10546110699983,-16.276035358999877],[-72.08787535699997,-16.249214233999908],[-72.08559423199995,-16.245414857999947],[-72.08378598199982,-16.237266483999974],[-72.08290098099997,-16.230421108999963],[-72.07837673099988,-16.223619483999983],[-72.07474523199988,-16.222055483999952],[-72.07402798199996,-16.218252233999976],[-72.0734787319999,-16.209464983999965],[-72.08723448199987,-16.201150858999938],[-72.09131623199983,-16.189315733999933],[-72.0852889809999,-16.190410607999922],[-72.08276373199988,-16.18946835899993],[-72.07643123199995,-16.19312285899997],[-72.07355510699995,-16.196935607999876],[-72.07053373199994,-16.19910435899982],[-72.06392660699987,-16.200130482999896],[-72.06079860699998,-16.20378298399993],[-72.05731198199987,-16.205983982999896],[-72.05660248199996,-16.207488983999895],[-72.05231473099991,-16.19980623399988],[-72.04350285699985,-16.188764608999975],[-72.03623210599983,-16.18141560899994],[-72.03426360699996,-16.180086107999898],[-72.0312652309999,-16.176290483999935],[-72.03115085699994,-16.173479107999924],[-72.02731323199987,-16.169420233999915],[-72.02139285699991,-16.16657060799986],[-72.02037810699989,-16.16408173399998],[-72.01130673199992,-16.160770358999912],[-72.00752260699983,-16.155576733999965],[-72.00514985699988,-16.149728733999893],[-72.00088498099996,-16.14385223399995],[-71.99623110699991,-16.138612732999945],[-71.98715973099996,-16.138034858999845],[-71.98031610599992,-16.139432857999964],[-71.97417448199997,-16.14138035899998],[-71.96868135599988,-16.139583608999885],[-71.96548448099986,-16.137285233999876],[-71.9623302309999,-16.13803910899992],[-71.96082623199999,-16.14041410799996],[-71.95734410599994,-16.14372823399998]]]]},"properties":{"ubigeo":"040117","nombre":"SANTA ISABEL DE SIGUAS"}},{"type":"Feature","geometry":{"type":"MultiPolygon","coordinates":[[[[-72.2833709809999,-16.634582483999907],[-72.2820816069999,-16.62575148399992],[-72.28289035699993,-16.621410358999924],[-72.28099823199989,-16.614677483999913],[-72.2784576059999,-16.609271983999918],[-72.27438360699989,-16.605728108999926],[-72.27408598199997,-16.600795733999917],[-72.27182773099997,-16.599498733999894],[-72.26689148199995,-16.59205623399987],[-72.2620239819999,-16.583951983999896],[-72.25873560699995,-16.581182483999896],[-72.25322723199992,-16.57497210899993],[-72.24761198199991,-16.56654548399996],[-72.24292760699984,-16.561462358999904],[-72.24118810699997,-16.55798535899993],[-72.23731235699984,-16.54701810899985],[-72.23262785699984,-16.540998483999942],[-72.22881323199988,-16.53540798399996],[-72.22044373199998,-16.525035858999843],[-72.21338648199986,-16.515197858999954],[-72.21136473199994,-16.509778983999922],[-72.21102910699994,-16.506952233999982],[-72.2090148559999,-16.50349823399995],[-72.20319360699989,-16.498786983999935],[-72.19988248199996,-16.49500085899996],[-72.19768523199997,-16.491453108999963],[-72.19510648199991,-16.4833393589999],[-72.19329835699989,-16.480880733999925],[-72.19300073199997,-16.478345858999887],[-72.1896057319999,-16.47348023399985],[-72.18644710699994,-16.4669703589999],[-72.18573760699996,-16.46147723399997],[-72.18659973099994,-16.456945233999875],[-72.18598935599982,-16.455367983999963],[-72.18060298099994,-16.449722233999978],[-72.16484835699998,-16.430709858999876],[-72.16149898099997,-16.427457983999943],[-72.15583798099988,-16.420560858999977],[-72.15082548199985,-16.41525273399992],[-72.14965823199998,-16.410110358999873],[-72.14749148199996,-16.405105608999918],[-72.14382173199988,-16.39930148399992],[-72.14236448199995,-16.394458733999898],[-72.13995360699994,-16.38907235899984],[-72.13360598199989,-16.38089948399994],[-72.12892910699992,-16.377023733999977],[-72.12352748199993,-16.379331608999905],[-72.09464260599998,-16.39227485899994],[-72.08460235599995,-16.39665223399993],[-72.03378298099994,-16.419290483999873],[-72.03466798099998,-16.423753733999945],[-72.03630060699999,-16.4274749839999],[-72.03507998099997,-16.43124198399994],[-72.03519435599992,-16.434396733999904],[-72.03660585699993,-16.439048733999982],[-72.03937523099984,-16.44355960899992],[-72.04016873199993,-16.447284733999936],[-72.04357910699986,-16.45539273399993],[-72.0479736069999,-16.45944785899991],[-72.04998010599996,-16.462804733999917],[-72.05048373199998,-16.465974983999956],[-72.04985810599999,-16.474185983999973],[-72.05168910699996,-16.482358983999973],[-72.0545119809999,-16.48600960899995],[-72.05659485699994,-16.492910358999893],[-72.05637360599997,-16.497894233999887],[-72.05706023199991,-16.502437608999912],[-72.05901335599987,-16.507165858999883],[-72.05913548199993,-16.512325233999945],[-72.06101223199994,-16.517518983999878],[-72.0623856059999,-16.519447358999912],[-72.06262210599994,-16.52543448399996],[-72.06508635699998,-16.527454233999833],[-72.07032773099996,-16.53010373399985],[-72.07147210599999,-16.532089233999898],[-72.07285310699984,-16.537807483999813],[-72.07508085699988,-16.54067235899987],[-72.07453923199989,-16.546434483999974],[-72.07347110699999,-16.548648858999968],[-72.07528685699987,-16.551612858999874],[-72.07347873099991,-16.554599733999908],[-72.07437898199998,-16.55758660899994],[-72.0741806069999,-16.56043998399997],[-72.0761718569999,-16.563445983999827],[-72.07432560599989,-16.569887108999865],[-72.0781554809999,-16.574186358999953],[-72.07859035699988,-16.57630348399988],[-72.0758819809999,-16.582630108999865],[-72.0779494819999,-16.58560373399996],[-72.07820910599997,-16.590244358999882],[-72.07675935699984,-16.59315485899998],[-72.07773573099996,-16.598607983999898],[-72.07562273199994,-16.606281108999838],[-72.07617948199999,-16.609552358999963],[-72.08038335699985,-16.611770733999833],[-72.08357998199983,-16.617500233999976],[-72.08817285699996,-16.616910983999958],[-72.08963010699995,-16.618513108999935],[-72.09267423099993,-16.618953733999945],[-72.09526823099998,-16.620799983999973],[-72.10111235699998,-16.62155335899996],[-72.10588073199989,-16.62110135899985],[-72.11266323099994,-16.6235637339999],[-72.1157073569999,-16.622838983999827],[-72.12239073099994,-16.624170358999947],[-72.12517548199986,-16.627460483999926],[-72.12881473199997,-16.62907410899993],[-72.13090510699982,-16.628379858999892],[-72.13952635699985,-16.628436983999904],[-72.14350898199996,-16.629205733999925],[-72.14766698199998,-16.62892535899988],[-72.1510162319999,-16.627372733999948],[-72.15327448199997,-16.62759023399991],[-72.15657048199984,-16.63108823399989],[-72.16352848199989,-16.62860485899995],[-72.16769410699999,-16.62801748399994],[-72.17024235599996,-16.62617685999993],[-72.17575073199998,-16.626970359999973],[-72.18021398199988,-16.62867735899988],[-72.18943785699997,-16.625978483999972],[-72.19268035699992,-16.627538733999927],[-72.19685360699998,-16.628057483999953],[-72.19969173199996,-16.6270371089999],[-72.20268248199989,-16.627597858999934],[-72.20874023199991,-16.626369483999895],[-72.21083835699989,-16.62770273399991],[-72.2137069819999,-16.6269417339999],[-72.21730810699995,-16.630279483999857],[-72.22029873199989,-16.631532608999976],[-72.22035985699995,-16.634044608999886],[-72.22411348099996,-16.636169483999936],[-72.22921760699995,-16.632850608999945],[-72.23244473199998,-16.633033733999923],[-72.23927310699997,-16.637798359999977],[-72.24262998199998,-16.637229859999934],[-72.24568173199998,-16.63898835899994],[-72.24723810699999,-16.637865108999904],[-72.25003810599992,-16.638460108999936],[-72.2530669819999,-16.63371660899992],[-72.25217435699994,-16.63003735899997],[-72.25453948199987,-16.62816048399992],[-72.26109310699997,-16.629470858999923],[-72.26492310699996,-16.62627223499993],[-72.27173610699992,-16.629526108999983],[-72.27642823199994,-16.62953373399995],[-72.28168485699996,-16.63216210899992],[-72.2833709809999,-16.634582483999907]]]]},"properties":{"ubigeo":"040118","nombre":"SANTA RITA DE SIHUAS"}},{"type":"Feature","geometry":{"type":"MultiPolygon","coordinates":[[[[-71.51327510599998,-16.455306983999947],[-71.51525123099998,-16.457813233999957],[-71.52077485599995,-16.463008858999956],[-71.51814273199994,-16.465137483999968],[-71.51890560599992,-16.47010423399996],[-71.52078248099997,-16.47463035899989],[-71.52140810599997,-16.478851358999975],[-71.51975248099984,-16.479902233999894],[-71.51692185599995,-16.478885608999974],[-71.51588435599996,-16.48015398399997],[-71.51615910599998,-16.48474885899998],[-71.50868985599988,-16.48753923399994],[-71.50266260599989,-16.488521608999974],[-71.50714110599989,-16.49262235899988],[-71.5117111059999,-16.491081233999978],[-71.51644135599997,-16.49145698399991],[-71.52500148099989,-16.489429483999913],[-71.52778623099994,-16.486366233999945],[-71.52821348099991,-16.490793233999966],[-71.52473448099994,-16.4916801089999],[-71.52234648099989,-16.494453483999962],[-71.5220871059999,-16.496456233999936],[-71.51934823099998,-16.50071510899994],[-71.51705173099992,-16.501783358999887],[-71.52052310599998,-16.503335983999932],[-71.52053835699985,-16.506771108999942],[-71.52440648099997,-16.508041358999947],[-71.52883910599991,-16.50492673399998],[-71.53938298099996,-16.50534635899993],[-71.54209135699995,-16.502727483999934],[-71.54581448099998,-16.49404523399994],[-71.54820248099998,-16.494228233999877],[-71.55284123199988,-16.497261108999908],[-71.55638123099988,-16.496478983999964],[-71.56109623099991,-16.4940891089999],[-71.56082910599991,-16.491483733999814],[-71.55601498099986,-16.487651858999925],[-71.55487060599995,-16.483634983999934],[-71.5543442309999,-16.47484585899997],[-71.55731198099988,-16.46946710899988],[-71.55794535599995,-16.46491623399993],[-71.55326085699988,-16.461587858999962],[-71.55295560599995,-16.458131733999892],[-71.55128473199989,-16.456041358999983],[-71.54818723099993,-16.455564483999865],[-71.54684435599995,-16.452897983999947],[-71.54389960599991,-16.451799358999892],[-71.5409927309999,-16.45205685899998],[-71.53791810599989,-16.440746358999945],[-71.53782010599997,-16.436494608999965],[-71.53660773099983,-16.435112858999958],[-71.53148485599996,-16.434630483999968],[-71.53040285599997,-16.436285983999937],[-71.52748298099988,-16.437393983999925],[-71.52308998099994,-16.443286108999928],[-71.51805835599998,-16.443755358999965],[-71.51773248099994,-16.447444483999902],[-71.51652685599993,-16.450939108999876],[-71.51327510599998,-16.455306983999947]]]]},"properties":{"ubigeo":"040119","nombre":"SOCABAYA"}},{"type":"Feature","geometry":{"type":"MultiPolygon","coordinates":[[[[-71.5754861069999,-16.448178233999954],[-71.57851410599989,-16.450553858999967],[-71.58032985599993,-16.45327185899987],[-71.58262635599988,-16.45476910899987],[-71.58474735599998,-16.45814135899991],[-71.58551023099994,-16.4622536089999],[-71.58416760699998,-16.466142608999974],[-71.58096310599996,-16.470642108999925],[-71.57890323099997,-16.474508233999927],[-71.57519535599994,-16.47992898399997],[-71.5765304809999,-16.486965233999967],[-71.57412723099992,-16.49107748399996],[-71.57485960599996,-16.4919452339999],[-71.58251185599994,-16.49633210899998],[-71.58415223199995,-16.49925610899993],[-71.58174898099998,-16.504617733999908],[-71.58248135599996,-16.507924983999942],[-71.58696748099999,-16.510187108999958],[-71.59208685599998,-16.516860983999948],[-71.59249110599995,-16.51863098399997],[-71.59574123099992,-16.519674358999964],[-71.59979248099995,-16.51057048399997],[-71.60252385699988,-16.510997733999943],[-71.60341648099995,-16.50952723399996],[-71.60261535599983,-16.50648685899995],[-71.60543823099988,-16.505735358999857],[-71.60529323099996,-16.50254823399996],[-71.60698698099998,-16.50054173399991],[-71.61133573099988,-16.485496483999952],[-71.61712648099996,-16.478582358999915],[-71.6228864819999,-16.46995923399993],[-71.62397760599998,-16.467363358999933],[-71.62519073199996,-16.461337983999897],[-71.62376398199996,-16.45695110899993],[-71.62118535599996,-16.45361898399983],[-71.61921698099997,-16.4554824839999],[-71.61719498199983,-16.453130733999956],[-71.61321260599993,-16.452480358999935],[-71.60914073099991,-16.45500473399983],[-71.60797098199993,-16.45050860899994],[-71.61373898099998,-16.44614223399998],[-71.61703485599998,-16.441516858999933],[-71.6149826059999,-16.437913858999877],[-71.61576848099992,-16.43508148399991],[-71.61379248099996,-16.431831358999943],[-71.61297598099998,-16.42742160899985],[-71.61341860599993,-16.425447483999847],[-71.61640173199999,-16.422309858999938],[-71.61734010599992,-16.419528983999953],[-71.61494448199994,-16.413143108999975],[-71.60817723099996,-16.41037560899997],[-71.60569760599986,-16.40787885799989],[-71.60216210699997,-16.407482108999943],[-71.59857998099989,-16.408939983999915],[-71.59893998199993,-16.412999983999953],[-71.59602535599998,-16.417423233999898],[-71.59341010599996,-16.42298998399997],[-71.59106435699994,-16.425016608999897],[-71.58976985699996,-16.428833108999925],[-71.58584598099992,-16.434461858999896],[-71.58506323099982,-16.43712335899994],[-71.58473798099993,-16.442257733999952],[-71.57844160599996,-16.447519858999954],[-71.5754861069999,-16.448178233999954]]]]},"properties":{"ubigeo":"040120","nombre":"TIABAYA"}},{"type":"Feature","geometry":{"type":"MultiPolygon","coordinates":[[[[-71.65071985599991,-16.392559733999974],[-71.64758298099997,-16.392787983999938],[-71.64898673099987,-16.395273233999887],[-71.64684298099996,-16.39772610899996],[-71.64760585599998,-16.399738358999855],[-71.64102923199994,-16.398084608999966],[-71.62722773199994,-16.39928435899992],[-71.6144714809999,-16.39546598399994],[-71.60715485599991,-16.39374348399997],[-71.61548610599993,-16.40499110899998],[-71.61038210599986,-16.40604398399995],[-71.60569760599986,-16.40787885799989],[-71.60817723099996,-16.41037560899997],[-71.61494448199994,-16.413143108999975],[-71.61734010599992,-16.419528983999953],[-71.61640173199999,-16.422309858999938],[-71.61341860599993,-16.425447483999847],[-71.61297598099998,-16.42742160899985],[-71.61379248099996,-16.431831358999943],[-71.61576848099992,-16.43508148399991],[-71.6149826059999,-16.437913858999877],[-71.61703485599998,-16.441516858999933],[-71.61373898099998,-16.44614223399998],[-71.60797098199993,-16.45050860899994],[-71.60914073099991,-16.45500473399983],[-71.61321260599993,-16.452480358999935],[-71.61719498199983,-16.453130733999956],[-71.61921698099997,-16.4554824839999],[-71.62118535599996,-16.45361898399983],[-71.62376398199996,-16.45695110899993],[-71.62519073199996,-16.461337983999897],[-71.62397760599998,-16.467363358999933],[-71.6228864819999,-16.46995923399993],[-71.61712648099996,-16.478582358999915],[-71.61133573099988,-16.485496483999952],[-71.60698698099998,-16.50054173399991],[-71.60529323099996,-16.50254823399996],[-71.60543823099988,-16.505735358999857],[-71.60261535599983,-16.50648685899995],[-71.60341648099995,-16.50952723399996],[-71.60252385699988,-16.510997733999943],[-71.59979248099995,-16.51057048399997],[-71.59574123099992,-16.519674358999964],[-71.59722135699991,-16.52197835899989],[-71.60301973099996,-16.522901483999874],[-71.60801698099993,-16.522596358999976],[-71.61342623199994,-16.524600983999903],[-71.61906423199997,-16.522624983999947],[-71.62114710599997,-16.524030608999965],[-71.62171935599997,-16.52841373399997],[-71.62311548099996,-16.53253935899994],[-71.62172698099982,-16.53561010899989],[-71.62208560699992,-16.53909873399988],[-71.62375635599994,-16.54154023399991],[-71.62813560599983,-16.543321608999975],[-71.63146973099998,-16.546604108999873],[-71.63545223099999,-16.5487213589999],[-71.63944248099995,-16.552486358999943],[-71.64899448099999,-16.558139858999823],[-71.6592407309999,-16.556857983999976],[-71.66445923099991,-16.555732733999946],[-71.69905848199988,-16.540954608999982],[-71.70536798099988,-16.54148860899994],[-71.70722198099998,-16.538463608999905],[-71.71525573199989,-16.53218273399989],[-71.71843723099988,-16.524967233999917],[-71.72074123099992,-16.52341273399992],[-71.72356410699996,-16.523601483999983],[-71.72770685599983,-16.522060358999852],[-71.73612210599987,-16.515796483999907],[-71.74122623199992,-16.509996358999956],[-71.74958023199997,-16.509954483999877],[-71.75506585599999,-16.506687108999927],[-71.76187898099988,-16.498695358999896],[-71.76549535699996,-16.49751285899987],[-71.77146910599998,-16.492299983999942],[-71.77633673099996,-16.485837983999943],[-71.77612310599994,-16.48493385899991],[-71.76717373099996,-16.480583233999937],[-71.76549535699996,-16.4777049839999],[-71.76556398199989,-16.474786733999963],[-71.7643127309999,-16.465501733999872],[-71.7630233559999,-16.461864483999932],[-71.75908660699997,-16.459363983999822],[-71.75408173099993,-16.45966535899987],[-71.75036623099999,-16.45807460899988],[-71.74983973099995,-16.453754483999944],[-71.74695585599989,-16.449056608999967],[-71.74506373099985,-16.447843608999904],[-71.74225610599996,-16.44200898399987],[-71.73983760699997,-16.440265608999937],[-71.73702998099992,-16.44049260899982],[-71.73664860699989,-16.438054983999905],[-71.73937223099995,-16.435529733999942],[-71.73947910599998,-16.431610108999905],[-71.74333948099991,-16.430023233999975],[-71.75228885699983,-16.42981148399997],[-71.75785060699991,-16.426845608999884],[-71.76161198199992,-16.426898983999934],[-71.7653732309999,-16.430870108999898],[-71.76886748099992,-16.428911233999827],[-71.77135473099992,-16.422290858999872],[-71.76898960599982,-16.41572173399993],[-71.7719878559999,-16.414295233999837],[-71.77204135699998,-16.41074760899994],[-71.76892085599991,-16.40370560899993],[-71.76960760699995,-16.40227698399991],[-71.77394873099996,-16.400423108999917],[-71.77961735599996,-16.40021135799998],[-71.78141785599996,-16.397298858999875],[-71.78326410599988,-16.396556858999872],[-71.78713223099993,-16.39714048399992],[-71.79740910699996,-16.393062608999855],[-71.79936223099992,-16.39375110899988],[-71.80550385599997,-16.39380460899997],[-71.80773160699982,-16.395763358999943],[-71.81450648199996,-16.397668858999964],[-71.81524660599996,-16.394849732999944],[-71.8177642309999,-16.39201923399986],[-71.81888585699983,-16.388883608999947],[-71.82168573099995,-16.38543885899992],[-71.82155610699994,-16.379133233999937],[-71.81772610699994,-16.38080410799995],[-71.81436923099994,-16.379705483999942],[-71.81268310699988,-16.37704473399998],[-71.8082274809999,-16.37492748399984],[-71.80390935699995,-16.375867857999935],[-71.79951473199992,-16.378715608999983],[-71.79703523199987,-16.378963483999826],[-71.7931518559999,-16.376695608999853],[-71.78827673199993,-16.376024233999885],[-71.78749085599992,-16.37897873399993],[-71.78836060699996,-16.382717107999895],[-71.78509523099996,-16.38369748399998],[-71.77877810599995,-16.381492608999906],[-71.7755966069999,-16.37869260899987],[-71.76972960599994,-16.374797858999955],[-71.76804335699995,-16.375616108999964],[-71.76177210699996,-16.371856733999948],[-71.75997160599991,-16.36824035899997],[-71.75379948199992,-16.36620898399991],[-71.75313573099999,-16.371217733999913],[-71.75085448199997,-16.373741233999908],[-71.74309535599997,-16.377267858999858],[-71.73915098099991,-16.37715535899997],[-71.73146060599998,-16.380716358999905],[-71.7317581069999,-16.38352010799997],[-71.73378748099998,-16.385513358999958],[-71.73318473099994,-16.39355835799995],[-71.73069760699991,-16.391952483999944],[-71.72771448099991,-16.39226723399986],[-71.72235873099999,-16.391340233999813],[-71.71504210699999,-16.394390108999914],[-71.71194460599992,-16.39383698399996],[-71.70688623099994,-16.390140483999915],[-71.70466610599988,-16.386947607999957],[-71.70108798199988,-16.384101858999884],[-71.69963835599992,-16.385692608999875],[-71.6976394809999,-16.384164983999938],[-71.69625848099997,-16.386325858999953],[-71.69629685599995,-16.388652858999933],[-71.69321435599988,-16.39347460899984],[-71.69011685599992,-16.392187108999963],[-71.68010710599992,-16.392703983999922],[-71.67343135699997,-16.393682483999896],[-71.66535185599997,-16.39413073399993],[-71.66226198099992,-16.394906983999874],[-71.65733335599998,-16.394967983999948],[-71.65492248099991,-16.39117998399996],[-71.65071985599991,-16.392559733999974]]]]},"properties":{"ubigeo":"040121","nombre":"UCHUMAYO"}},{"type":"Feature","geometry":{"type":"MultiPolygon","coordinates":[[[[-71.90691798099994,-16.158197358999928],[-71.90207673099997,-16.165344233999974],[-71.89852910699994,-16.168538982999905],[-71.89842223199992,-16.17147823399995],[-71.89715573199993,-16.174470857999893],[-71.89690398099998,-16.17933848299998],[-71.89766698199986,-16.183444983999834],[-71.89124298199982,-16.186111483999923],[-71.88919835599995,-16.1877288579999],[-71.8885422319999,-16.19168085899986],[-71.88374323099993,-16.203571358999852],[-71.88241573099998,-16.205354733999968],[-71.88241573199997,-16.209379233999982],[-71.88136285699989,-16.21273998299995],[-71.87916560699989,-16.21571160899998],[-71.87432098099998,-16.220285358999945],[-71.87261960599989,-16.224006608999844],[-71.87226110599983,-16.226997358999938],[-71.8670119819999,-16.231536858999846],[-71.86626435699998,-16.233776108999848],[-71.86100010599995,-16.238382357999853],[-71.85895535599997,-16.243532232999883],[-71.85413360599989,-16.247756983999864],[-71.84627535599992,-16.253568608999956],[-71.8429107319999,-16.25739860899995],[-71.83725735599995,-16.258212983999897],[-71.83232110599988,-16.262269983999943],[-71.83039860699989,-16.265954982999915],[-71.82667535699994,-16.270416233999924],[-71.82295985599995,-16.273221983999974],[-71.8206482309999,-16.276670483999965],[-71.82144173099982,-16.28013998299997],[-71.82086948099999,-16.28299710899995],[-71.81599423099993,-16.285236358999953],[-71.81366735599994,-16.28817935799998],[-71.81336210599994,-16.292615858999966],[-71.8117752309999,-16.294593858999974],[-71.80554198099992,-16.296043358999896],[-71.80215448099995,-16.30026048399992],[-71.80000310699995,-16.308782608999934],[-71.80062098199988,-16.310977983999976],[-71.79848485699989,-16.312936733999948],[-71.79739385699997,-16.316146858999957],[-71.79503635599997,-16.31876373399996],[-71.79606623099988,-16.32290073399986],[-71.79477685699999,-16.3276748589999],[-71.79140473099994,-16.328134483999918],[-71.79048923099987,-16.33003423399998],[-71.7921676069999,-16.334697733999917],[-71.78961948099993,-16.338773733999915],[-71.78939060599998,-16.341808357999923],[-71.79073335599998,-16.34503935899994],[-71.79067998099993,-16.350713733999953],[-71.79290773199995,-16.35400773399988],[-71.79862210599998,-16.354686733999927],[-71.80172735699995,-16.35676960899997],[-71.80550385699996,-16.35764123399997],[-71.80676273099994,-16.361175483999943],[-71.80605310599992,-16.371684983999955],[-71.80390935699995,-16.375867857999935],[-71.8082274809999,-16.37492748399984],[-71.81268310699988,-16.37704473399998],[-71.81436923099994,-16.379705483999942],[-71.81772610699994,-16.38080410799995],[-71.82155610699994,-16.379133233999937],[-71.82168573099995,-16.38543885899992],[-71.81888585699983,-16.388883608999947],[-71.8177642309999,-16.39201923399986],[-71.81524660599996,-16.394849732999944],[-71.81450648199996,-16.397668858999964],[-71.8208771059999,-16.398569108999936],[-71.82408148099984,-16.397909108999954],[-71.83052823199989,-16.398488983999925],[-71.83713535599998,-16.403148483999928],[-71.8403549809999,-16.40231510899997],[-71.8476714819999,-16.405288733999896],[-71.85557560699993,-16.405521358999977],[-71.85766598199996,-16.406217608999953],[-71.85985560599994,-16.409198733999858],[-71.86013035699995,-16.41582685899982],[-71.85865023199995,-16.419921858999885],[-71.85890960699999,-16.424398483999937],[-71.86119848199996,-16.430694608999943],[-71.85944348199996,-16.433704358999933],[-71.85861973199991,-16.43775935899987],[-71.85911560599999,-16.445209483999918],[-71.86424260699994,-16.453403358999935],[-71.86937710599994,-16.46416285899994],[-71.87260435699989,-16.468547858999955],[-71.87837223199989,-16.473634733999916],[-71.87944035699991,-16.4766636089999],[-71.87722785699998,-16.480266608999955],[-71.87779998199989,-16.482559233999893],[-71.88034060599995,-16.482477233999873],[-71.88377385699982,-16.481002858999943],[-71.88688660699995,-16.482395233999853],[-71.88925935599991,-16.48485185899989],[-71.89086910599997,-16.49131773399995],[-71.89199073099996,-16.498416858999974],[-71.89135748099989,-16.505554233999874],[-71.8917999819999,-16.512910858999874],[-71.89315798099989,-16.52600860899986],[-71.89529423199991,-16.5508994839999],[-71.89610285699996,-16.566709483999944],[-71.90058135599986,-16.57530398399996],[-71.90227510699992,-16.57768823399988],[-71.90860748099993,-16.58161160899988],[-71.91027835599988,-16.583320483999955],[-71.91289523099988,-16.587989858999947],[-71.91548923199991,-16.59133335899992],[-71.91700748199997,-16.59758760899996],[-71.91726685599991,-16.603282983999918],[-71.87317660699989,-16.625579858999856],[-71.87610623199998,-16.628593483999964],[-71.88652035599995,-16.64224810899998],[-71.89053348099992,-16.648643483999876],[-71.90017698099996,-16.662378358999888],[-71.90996548199996,-16.675044983999953],[-71.91663360599995,-16.686006483999904],[-71.92423248099993,-16.696062108999968],[-71.93307498099995,-16.70845798399995],[-71.93894960599994,-16.71608735899997],[-71.94627385699994,-16.726877233999915],[-71.95488735599997,-16.738878233999912],[-71.96003723099989,-16.74664110899988],[-71.96955110599998,-16.75939748399992],[-71.9794387309999,-16.773490858999935],[-71.9880523569999,-16.785331734999886],[-71.99670410699997,-16.799554859999887],[-71.9992752309999,-16.79730610999991],[-72.00208285699995,-16.796421108999937],[-72.00466923099998,-16.79711910899988],[-72.01449585699993,-16.796791108999912],[-72.01742548199985,-16.793710734999877],[-72.0217437309999,-16.79198648399995],[-72.02433773199988,-16.79207998399994],[-72.03234098199994,-16.79090685899996],[-72.03833773099996,-16.792243983999924],[-72.03792573199996,-16.78754610999988],[-72.03855898199998,-16.78450398399997],[-72.04201510599995,-16.782369608999943],[-72.04532623099982,-16.781551358999934],[-72.04836273199999,-16.779540983999937],[-72.05346685699993,-16.781366359999822],[-72.05677798199991,-16.780027358999973],[-72.06310273199989,-16.78058248399998],[-72.06690973199994,-16.784431483999924],[-72.06787873199994,-16.781700108999814],[-72.07214360699993,-16.777517358999944],[-72.07796473199994,-16.775754983999946],[-72.0802993559999,-16.773948608999888],[-72.08260348199997,-16.770315108999966],[-72.08668535699991,-16.76996235899992],[-72.08880610599988,-16.76867673499987],[-72.0969314809999,-16.76757048399992],[-72.09889223199997,-16.769601858999863],[-72.10377498099984,-16.77031898499996],[-72.10697173099993,-16.771940233999885],[-72.10895535599991,-16.776000984999882],[-72.11580660599998,-16.77787585899995],[-72.11920923199995,-16.77968023399984],[-72.12193298199998,-16.77915573399997],[-72.12484748099996,-16.77480698399995],[-72.12461085699994,-16.771844858999884],[-72.12644198199985,-16.76922798399994],[-72.13190460699991,-16.76665685899991],[-72.13247685599993,-16.76503560899988],[-72.13016510699998,-16.761831233999942],[-72.12759398099996,-16.756586108999954],[-72.12869260699989,-16.75462910899995],[-72.13180548099996,-16.752815233999968],[-72.13135523199992,-16.747211483999934],[-72.13216398199995,-16.744090984999843],[-72.13482660699992,-16.74348835899997],[-72.13789373199995,-16.744337109999947],[-72.14373773099993,-16.744260734999955],[-72.14582060699996,-16.743642859999966],[-72.14823910699988,-16.740884734999952],[-72.1520004809999,-16.738481483999976],[-72.15508273199993,-16.733846608999897],[-72.15682223199997,-16.73246385899995],[-72.16136173199988,-16.730874983999968],[-72.16129298099997,-16.729196608999928],[-72.16383360699996,-16.72545810899993],[-72.16452023199997,-16.720226233999938],[-72.16718285699994,-16.716999108999914],[-72.17127985699989,-16.71552473399987],[-72.1730499819999,-16.711645234999878],[-72.17881773199991,-16.708038358999943],[-72.18588260699994,-16.70736885899987],[-72.19077298199994,-16.706052733999968],[-72.19589235699993,-16.702602358999968],[-72.1968612309999,-16.6986159839999],[-72.19473260699982,-16.69517310899994],[-72.19427485699998,-16.690263733999927],[-72.19564823199988,-16.686820983999894],[-72.2028198569999,-16.686189608999882],[-72.20500948199998,-16.685096733999956],[-72.21308135699991,-16.677961358999937],[-72.2177658569999,-16.676919983999937],[-72.22161848199994,-16.67478373399996],[-72.22715760699992,-16.667674983999916],[-72.23161310699999,-16.665729483999883],[-72.24013523199989,-16.666625983999893],[-72.24446873199997,-16.668468483999845],[-72.24857335599995,-16.668250983999883],[-72.25506585699998,-16.66663935899993],[-72.25801085599994,-16.66451448399988],[-72.26166535699997,-16.660448109999948],[-72.26605223099995,-16.658618984999976],[-72.26868435599994,-16.65945435899988],[-72.27171323199991,-16.656791733999967],[-72.27381898199997,-16.656606733999922],[-72.28064723199998,-16.64418223399997],[-72.28334810699988,-16.63730435899987],[-72.2833709809999,-16.634582483999907],[-72.28168485699996,-16.63216210899992],[-72.27642823199994,-16.62953373399995],[-72.27173610699992,-16.629526108999983],[-72.26492310699996,-16.62627223499993],[-72.26109310699997,-16.629470858999923],[-72.25453948199987,-16.62816048399992],[-72.25217435699994,-16.63003735899997],[-72.2530669819999,-16.63371660899992],[-72.25003810599992,-16.638460108999936],[-72.24723810699999,-16.637865108999904],[-72.24568173199998,-16.63898835899994],[-72.24262998199998,-16.637229859999934],[-72.23927310699997,-16.637798359999977],[-72.23244473199998,-16.633033733999923],[-72.22921760699995,-16.632850608999945],[-72.22411348099996,-16.636169483999936],[-72.22035985699995,-16.634044608999886],[-72.22029873199989,-16.631532608999976],[-72.21730810699995,-16.630279483999857],[-72.2137069819999,-16.6269417339999],[-72.21083835699989,-16.62770273399991],[-72.20874023199991,-16.626369483999895],[-72.20268248199989,-16.627597858999934],[-72.19969173199996,-16.6270371089999],[-72.19685360699998,-16.628057483999953],[-72.19268035699992,-16.627538733999927],[-72.18943785699997,-16.625978483999972],[-72.18021398199988,-16.62867735899988],[-72.17575073199998,-16.626970359999973],[-72.17024235599996,-16.62617685999993],[-72.16769410699999,-16.62801748399994],[-72.16352848199989,-16.62860485899995],[-72.15657048199984,-16.63108823399989],[-72.15327448199997,-16.62759023399991],[-72.1510162319999,-16.627372733999948],[-72.14766698199998,-16.62892535899988],[-72.14350898199996,-16.629205733999925],[-72.13952635699985,-16.628436983999904],[-72.13090510699982,-16.628379858999892],[-72.12881473199997,-16.62907410899993],[-72.12517548199986,-16.627460483999926],[-72.12239073099994,-16.624170358999947],[-72.1157073569999,-16.622838983999827],[-72.11266323099994,-16.6235637339999],[-72.10588073199989,-16.62110135899985],[-72.10111235699998,-16.62155335899996],[-72.09526823099998,-16.620799983999973],[-72.09267423099993,-16.618953733999945],[-72.08963010699995,-16.618513108999935],[-72.08817285699996,-16.616910983999958],[-72.08357998199983,-16.617500233999976],[-72.08038335699985,-16.611770733999833],[-72.07617948199999,-16.609552358999963],[-72.07562273199994,-16.606281108999838],[-72.07773573099996,-16.598607983999898],[-72.07675935699984,-16.59315485899998],[-72.07820910599997,-16.590244358999882],[-72.0779494819999,-16.58560373399996],[-72.0758819809999,-16.582630108999865],[-72.07859035699988,-16.57630348399988],[-72.0781554809999,-16.574186358999953],[-72.07432560599989,-16.569887108999865],[-72.0761718569999,-16.563445983999827],[-72.0741806069999,-16.56043998399997],[-72.07437898199998,-16.55758660899994],[-72.07347873099991,-16.554599733999908],[-72.07528685699987,-16.551612858999874],[-72.07347110699999,-16.548648858999968],[-72.07453923199989,-16.546434483999974],[-72.07508085699988,-16.54067235899987],[-72.07285310699984,-16.537807483999813],[-72.07147210599999,-16.532089233999898],[-72.07032773099996,-16.53010373399985],[-72.06508635699998,-16.527454233999833],[-72.06262210599994,-16.52543448399996],[-72.0623856059999,-16.519447358999912],[-72.06101223199994,-16.517518983999878],[-72.05913548199993,-16.512325233999945],[-72.05901335599987,-16.507165858999883],[-72.05706023199991,-16.502437608999912],[-72.05637360599997,-16.497894233999887],[-72.05659485699994,-16.492910358999893],[-72.0545119809999,-16.48600960899995],[-72.05168910699996,-16.482358983999973],[-72.04985810599999,-16.474185983999973],[-72.05048373199998,-16.465974983999956],[-72.04998010599996,-16.462804733999917],[-72.0479736069999,-16.45944785899991],[-72.04357910699986,-16.45539273399993],[-72.04016873199993,-16.447284733999936],[-72.03937523099984,-16.44355960899992],[-72.03660585699993,-16.439048733999982],[-72.03519435599992,-16.434396733999904],[-72.03507998099997,-16.43124198399994],[-72.03630060699999,-16.4274749839999],[-72.03466798099998,-16.423753733999945],[-72.03378298099994,-16.419290483999873],[-72.08460235599995,-16.39665223399993],[-72.08163435699998,-16.391248608999945],[-72.07892623199996,-16.38434023399998],[-72.07622523099997,-16.381130233999954],[-72.07428735699995,-16.373445483999944],[-72.07408910699996,-16.368890733999933],[-72.0726242309999,-16.36281973399997],[-72.0695724819999,-16.35809710899997],[-72.06816098199994,-16.35304848399994],[-72.06771848199998,-16.346086608999883],[-72.06639860699994,-16.341340982999895],[-72.06532285599991,-16.327814108999974],[-72.06259923199991,-16.31724160899995],[-72.06298060599994,-16.313419358999965],[-72.06072998199988,-16.311857232999955],[-72.05738835699998,-16.30629923399988],[-72.05651098199996,-16.30351260799989],[-72.05261235699993,-16.29687685899995],[-72.05232998199995,-16.29404835899993],[-72.05072023199989,-16.290479608999874],[-72.05057523099998,-16.287563358999932],[-72.04697435599985,-16.279066108999928],[-72.04502110699997,-16.275575608999873],[-72.04016110699985,-16.26989173399994],[-72.03854373199994,-16.26675223399991],[-72.03613285599988,-16.264759107999907],[-72.03373723199991,-16.261264858999937],[-72.03118898199989,-16.260200483999938],[-72.02748110599998,-16.2551441089999],[-72.02259823199984,-16.2523174829999],[-72.02040860599993,-16.24563023399992],[-72.0218811069999,-16.238553982999917],[-72.02148435699996,-16.235971483999947],[-72.01782985599993,-16.232791858999917],[-72.01405335699991,-16.22591398399993],[-72.01004785599997,-16.221023483999943],[-72.00421910599988,-16.216127358999927],[-71.99707785599998,-16.21298610899987],[-71.99555973199989,-16.21146585799994],[-71.99665073099999,-16.208600983999872],[-71.99272160699996,-16.20188510899993],[-71.99077610699993,-16.196279483999945],[-71.99163823199996,-16.19297410899992],[-71.99106598199995,-16.186792357999934],[-71.98567198199999,-16.181043608999914],[-71.98337560699986,-16.179820983999832],[-71.98244473199992,-16.176731108999945],[-71.97734835599994,-16.17116160899991],[-71.97486110599993,-16.16476823399995],[-71.97290798199998,-16.163700108999933],[-71.96662135599996,-16.158483483999873],[-71.96247860699992,-16.15298273399992],[-71.96198260599994,-16.150125483999943],[-71.95734410599994,-16.14372823399998],[-71.95327935699993,-16.144951232999915],[-71.94636323099996,-16.142431608999914],[-71.93387885699997,-16.146005858999956],[-71.92872073099994,-16.148292982999862],[-71.92116010699993,-16.153390608999928],[-71.9174082319999,-16.156615233999844],[-71.91272073199991,-16.158900358999972],[-71.90691798099994,-16.158197358999928]]]]},"properties":{"ubigeo":"040122","nombre":"VITOR"}},{"type":"Feature","geometry":{"type":"MultiPolygon","coordinates":[[[[-71.55227185699994,-16.407517483999925],[-71.55596785599994,-16.40868948399998],[-71.55866823199983,-16.408619358999943],[-71.56661498099999,-16.404681358999937],[-71.56581123199993,-16.402067858999942],[-71.55965973099995,-16.39781923399994],[-71.55952285599994,-16.39407035899984],[-71.5517366069999,-16.390966733999903],[-71.5488321069999,-16.393209858999967],[-71.54628848099986,-16.392120233999947],[-71.54629860599988,-16.389776108999968],[-71.54474423199997,-16.385312733999967],[-71.54262510599989,-16.38341023399994],[-71.54009560599985,-16.38424323399994],[-71.5370102309999,-16.379744608999886],[-71.5358196059999,-16.3761028589999],[-71.53622435599982,-16.368303358999924],[-71.53417185599989,-16.370673858999965],[-71.53272073099998,-16.37400385899997],[-71.53484248099988,-16.381943733999947],[-71.53659535599996,-16.382837733999907],[-71.53986585599995,-16.392413733999888],[-71.5440596059999,-16.393460733999916],[-71.54503023099994,-16.395919483999876],[-71.54693610599998,-16.395813483999916],[-71.55191223099996,-16.403301358999954],[-71.55227185699994,-16.407517483999925]]]]},"properties":{"ubigeo":"040123","nombre":"YANAHUARA"}},{"type":"Feature","geometry":{"type":"MultiPolygon","coordinates":[[[[-71.56109623099991,-16.4940891089999],[-71.55638123099988,-16.496478983999964],[-71.55284123199988,-16.497261108999908],[-71.54820248099998,-16.494228233999877],[-71.54581448099998,-16.49404523399994],[-71.54209135699995,-16.502727483999934],[-71.53938298099996,-16.50534635899993],[-71.52883910599991,-16.50492673399998],[-71.52440648099997,-16.508041358999947],[-71.52053835699985,-16.506771108999942],[-71.52052310599998,-16.503335983999932],[-71.51705173099992,-16.501783358999887],[-71.51663210599992,-16.50599485899994],[-71.51343535599995,-16.50653260899992],[-71.51014710599992,-16.51281548399993],[-71.50468448099991,-16.51478198399991],[-71.50269323099991,-16.516298233999862],[-71.49654385599996,-16.517713608999884],[-71.49288923099994,-16.519670483999903],[-71.49370573099998,-16.52352910899998],[-71.49018110599985,-16.524831733999918],[-71.48989873099993,-16.535940108999853],[-71.48781585599988,-16.537776983999947],[-71.48054510599997,-16.539762483999937],[-71.4759673559999,-16.542655983999964],[-71.47413635599986,-16.546483983999963],[-71.46933748099997,-16.54989048399983],[-71.46833785599995,-16.553861608999966],[-71.4652176059999,-16.554574983999828],[-71.46249385599998,-16.55802148399988],[-71.46080785599997,-16.558525108999902],[-71.45742798099985,-16.561569233999876],[-71.45530698099986,-16.561616858999912],[-71.45349123099999,-16.563604358999953],[-71.44918823099994,-16.565175858999964],[-71.43869035599988,-16.56456760899988],[-71.43528748099999,-16.56523898399996],[-71.43179323099997,-16.563861733999943],[-71.42771135599992,-16.565303858999982],[-71.42452998099986,-16.567442108999956],[-71.42201235599998,-16.566596983999943],[-71.41812123099993,-16.568191483999897],[-71.41571810699998,-16.57019423399987],[-71.40977473099997,-16.571712483999818],[-71.40543360599997,-16.56862073399998],[-71.40167235599989,-16.568813358999932],[-71.40406798099997,-16.574994983999886],[-71.40459448099989,-16.581687858999885],[-71.40534973099994,-16.585176483999874],[-71.40438085599999,-16.590103108999926],[-71.40467835599992,-16.595420858999887],[-71.4065093559999,-16.599660858999982],[-71.40867610599986,-16.601720858999897],[-71.41242223099994,-16.60326960899988],[-71.41774748099994,-16.603330608999954],[-71.42339323099986,-16.606220233999863],[-71.42454523099997,-16.607952108999882],[-71.42395023099994,-16.612663233999967],[-71.42524723099996,-16.61745260899994],[-71.4289093559999,-16.62068935899987],[-71.43082423099997,-16.623807858999953],[-71.43721773099998,-16.628526733999877],[-71.43917848099994,-16.629127483999923],[-71.44220735599993,-16.631740608999962],[-71.44629673099996,-16.632940109999822],[-71.44703673099991,-16.635128108999936],[-71.44403835599991,-16.642768858999943],[-71.44818873099996,-16.648263983999925],[-71.45326235599998,-16.648498358999973],[-71.45483398099998,-16.65155223399995],[-71.4571228559999,-16.65341373399997],[-71.46013635599996,-16.653825733999952],[-71.46366885599991,-16.657606108999914],[-71.46340948099987,-16.660083733999954],[-71.46732335599995,-16.662078859999895],[-71.47076423099992,-16.665111483999908],[-71.47093198099992,-16.66878510899994],[-71.47521210699995,-16.678417233999937],[-71.4821319809999,-16.684284234999893],[-71.48154448199995,-16.690072983999926],[-71.47805023099994,-16.696773483999948],[-71.47695923099991,-16.701518983999847],[-71.47470860599998,-16.704923608999877],[-71.47476960599994,-16.708423484999912],[-71.47698973099995,-16.713966358999812],[-71.47957610599991,-16.718248358999972],[-71.48307798099995,-16.72702985899997],[-71.48281098099994,-16.731288858999903],[-71.47940060599996,-16.736505483999963],[-71.47760010599984,-16.74041748399992],[-71.47753148099991,-16.748220483999944],[-71.4791564809999,-16.760547733999886],[-71.48122410599984,-16.763805358999946],[-71.49079135599999,-16.76673123399985],[-71.49268335699992,-16.767856609999967],[-71.50061798099989,-16.766618733999962],[-71.5031814809999,-16.764871608999897],[-71.50469210599994,-16.762302358999932],[-71.50777435599997,-16.75921635899988],[-71.51029210699994,-16.758659358999978],[-71.51268773099997,-16.75391385899991],[-71.5149002309999,-16.751367608999885],[-71.51285548099992,-16.74504285899991],[-71.51581573099998,-16.740169483999978],[-71.52317810599993,-16.73525810899997],[-71.52844235599997,-16.734682108999834],[-71.52983860599994,-16.733045608999873],[-71.53134160599996,-16.7285996089999],[-71.5309601059999,-16.72228810999991],[-71.52985373099995,-16.717809733999957],[-71.5306014819999,-16.713235983999937],[-71.53383635699993,-16.71105760899991],[-71.53472135599998,-16.709077858999876],[-71.53547673099996,-16.70075610899994],[-71.53725423099996,-16.698114359999977],[-71.54070285599983,-16.695396483999957],[-71.54512023099994,-16.6893081099999],[-71.55464935599991,-16.684278483999947],[-71.55973048199996,-16.68928723399995],[-71.56524660599996,-16.695646233999923],[-71.56915285599996,-16.69726748399995],[-71.57155610599983,-16.699491484999953],[-71.57372285599996,-16.699302733999957],[-71.57484435599986,-16.69595723499998],[-71.58151248099995,-16.692958858999873],[-71.58384723099994,-16.691095358999974],[-71.59368898099996,-16.686580609999908],[-71.5987701059999,-16.68780523399988],[-71.60353848099999,-16.68593785899992],[-71.60655973099995,-16.68316835899992],[-71.6093673559999,-16.683978983999964],[-71.61228185599992,-16.683135983999932],[-71.61572273099995,-16.683298108999907],[-71.6203689809999,-16.681907608999893],[-71.62873073099996,-16.68368335899993],[-71.63172910699996,-16.689500858999963],[-71.63256073099996,-16.692893983999966],[-71.63782498199993,-16.69891735899995],[-71.63882448099997,-16.704437233999897],[-71.64132685599998,-16.70476160999982],[-71.64119723099998,-16.701345483999944],[-71.64678198099995,-16.695699733999902],[-71.64932248099984,-16.694950108999876],[-71.65212248099988,-16.69618223499998],[-71.65324398099995,-16.698385233999886],[-71.65964510599997,-16.70120235899992],[-71.66697698099995,-16.7016334839999],[-71.66918948099988,-16.699890108999966],[-71.6705627309999,-16.696729608999874],[-71.66956323099998,-16.694919608999953],[-71.66946410599996,-16.68862910899992],[-71.67113498199984,-16.681482483999957],[-71.67470548099993,-16.671775858999922],[-71.67339323099998,-16.67002873399997],[-71.67499548099994,-16.65866273399996],[-71.66870123099989,-16.657323858999916],[-71.66876235599989,-16.65470123499989],[-71.67004398199998,-16.652339984999855],[-71.66915135599993,-16.647838608999905],[-71.66688535599985,-16.645505858999968],[-71.66635898099997,-16.641874358999814],[-71.66963948099993,-16.63578798399982],[-71.66440585599997,-16.634342233999917],[-71.66091160699995,-16.63438410899994],[-71.65572360599992,-16.630979483999965],[-71.64949035699988,-16.624910358999955],[-71.64753723099994,-16.624740733999943],[-71.64514923099995,-16.626422858999945],[-71.6429901059999,-16.626308483999935],[-71.63914485599992,-16.62419323399996],[-71.63721460599999,-16.62164873499995],[-71.63799285599998,-16.619508733999965],[-71.63777160699988,-16.61546710899995],[-71.63591760699995,-16.61039548399998],[-71.63311773099991,-16.608373608999955],[-71.63244623099996,-16.599218358999963],[-71.63058473099994,-16.59740060899992],[-71.62494660599992,-16.59567648399991],[-71.62423698099991,-16.59018323399988],[-71.6253357309999,-16.586818733999962],[-71.62792973099994,-16.586038608999957],[-71.63130948099996,-16.588533233999954],[-71.63603973099993,-16.58765035999994],[-71.63884735699997,-16.58790973399988],[-71.64201360699997,-16.584840733999897],[-71.64820860599997,-16.584291483999948],[-71.65290073099999,-16.584440233999885],[-71.6590499809999,-16.586288483999965],[-71.66194148099999,-16.588985483999977],[-71.66357423099998,-16.58916285899994],[-71.66735073099989,-16.59448810899994],[-71.67760473099992,-16.599052483999913],[-71.68003848199993,-16.599052483999913],[-71.6847687309999,-16.595014608999975],[-71.69055173099991,-16.592599858999904],[-71.69281773099993,-16.593185608999875],[-71.69545748199994,-16.59055135899996],[-71.69925685599998,-16.58850098399995],[-71.6998443569999,-16.586233108999977],[-71.69670110599998,-16.58491710899989],[-71.69377135599996,-16.58008573399991],[-71.69356535599997,-16.578117358999975],[-71.68678285599992,-16.568798108999886],[-71.68737035699996,-16.56673048399989],[-71.69760135599995,-16.56090548399993],[-71.69985198099994,-16.558868358999973],[-71.69900498099992,-16.55146985899995],[-71.70394898099988,-16.546529733999932],[-71.70536798099988,-16.54148860899994],[-71.69905848199988,-16.540954608999982],[-71.66445923099991,-16.555732733999946],[-71.6592407309999,-16.556857983999976],[-71.64899448099999,-16.558139858999823],[-71.63944248099995,-16.552486358999943],[-71.63545223099999,-16.5487213589999],[-71.63146973099998,-16.546604108999873],[-71.62813560599983,-16.543321608999975],[-71.62375635599994,-16.54154023399991],[-71.62208560699992,-16.53909873399988],[-71.62172698099982,-16.53561010899989],[-71.62311548099996,-16.53253935899994],[-71.62171935599997,-16.52841373399997],[-71.62114710599997,-16.524030608999965],[-71.61906423199997,-16.522624983999947],[-71.61342623199994,-16.524600983999903],[-71.60801698099993,-16.522596358999976],[-71.60301973099996,-16.522901483999874],[-71.59722135699991,-16.52197835899989],[-71.59574123099992,-16.519674358999964],[-71.59249110599995,-16.51863098399997],[-71.59208685599998,-16.516860983999948],[-71.58696748099999,-16.510187108999958],[-71.58248135599996,-16.507924983999942],[-71.58174898099998,-16.504617733999908],[-71.58415223199995,-16.49925610899993],[-71.58251185599994,-16.49633210899998],[-71.57485960599996,-16.4919452339999],[-71.57412723099992,-16.49107748399996],[-71.56658173199992,-16.496511483999882],[-71.56345373099992,-16.496019233999903],[-71.56109623099991,-16.4940891089999]]]]},"properties":{"ubigeo":"040124","nombre":"YARABAMBA"}},{"type":"Feature","geometry":{"type":"MultiPolygon","coordinates":[[[[-71.30859373099992,-15.954896983999959],[-71.31050110599983,-15.958147982999947],[-71.31174473099998,-15.963037483999926],[-71.31509398099996,-15.966753982999933],[-71.31277460599989,-15.97099585799998],[-71.30827335599997,-15.974136357999953],[-71.30759435599992,-15.977238608999869],[-71.30541998099989,-15.979438732999938],[-71.29793548099985,-15.985183607999886],[-71.29554748099997,-15.988488232999941],[-71.29524235599996,-15.993490233999921],[-71.28859710599988,-15.999638608999817],[-71.28713223099993,-16.002262107999968],[-71.28830723099998,-16.004552857999897],[-71.29256435599996,-16.00760648399995],[-71.29727173099991,-16.010141357999885],[-71.29994210599995,-16.01474935799996],[-71.30030048099997,-16.01901823299994],[-71.30593873099997,-16.020027108999955],[-71.31124110599995,-16.022148108999943],[-71.31398785599993,-16.025716733999957],[-71.31848910599996,-16.028560608999896],[-71.32128910599988,-16.027837732999956],[-71.3252029809999,-16.029735608999943],[-71.32798773099995,-16.029668732999937],[-71.33456423099989,-16.02758023399997],[-71.33935548099998,-16.028142983999885],[-71.34076698099989,-16.02759173299995],[-71.34299460599993,-16.03126135799988],[-71.34612273099992,-16.03223798299996],[-71.35053248099996,-16.030746483999906],[-71.35343173099994,-16.031557108999948],[-71.35730748099996,-16.03567310899996],[-71.35979460599998,-16.03651998399988],[-71.36213685599995,-16.04545210899994],[-71.36099248099998,-16.048351233999938],[-71.36128998099997,-16.050476107999884],[-71.36001585599996,-16.057508482999822],[-71.3622512309999,-16.061029483999903],[-71.36224360599994,-16.06578448299996],[-71.3642273559999,-16.070350608999945],[-71.36411285599996,-16.07400510799988],[-71.36183160599995,-16.079210108999973],[-71.35717010599996,-16.08080110899988],[-71.35510248099996,-16.080497733999835],[-71.34927373099998,-16.082509983999955],[-71.34585573099997,-16.08512310799989],[-71.34512323099995,-16.087511107999944],[-71.34268948099998,-16.09063723399987],[-71.34439848099998,-16.092578983999886],[-71.34493260599999,-16.09525110899989],[-71.34300998099997,-16.096321108999973],[-71.34317010599989,-16.09883123399993],[-71.34129335599994,-16.10253523299997],[-71.33782210599998,-16.107603108999967],[-71.3345871059999,-16.10820010899988],[-71.33461760599994,-16.11092198399996],[-71.33222198099998,-16.114292108999905],[-71.32794948099996,-16.117740607999963],[-71.32265473099994,-16.119558358999825],[-71.32360835599997,-16.122203857999864],[-71.31971735599996,-16.12469860799996],[-71.31832885599994,-16.126403858999936],[-71.31465148099994,-16.12718773399996],[-71.31208035599985,-16.132661857999892],[-71.31308748099997,-16.136083608999968],[-71.31394960599988,-16.143421232999913],[-71.31591798099993,-16.146123858999886],[-71.31830598099998,-16.151935608999963],[-71.32281498099996,-16.158462483999926],[-71.32228848099999,-16.164058733999923],[-71.32084660599998,-16.16726110899998],[-71.31686398099998,-16.168716483999958],[-71.31684110599991,-16.17427448399991],[-71.31969448099994,-16.177431108999883],[-71.31903073099994,-16.180320733999963],[-71.32230385599985,-16.182205233999923],[-71.32228848099999,-16.185752858999933],[-71.32376860599999,-16.18756298299985],[-71.3254089809999,-16.192920733999927],[-71.32476810599996,-16.19678110899997],[-71.3259201059999,-16.20315173399996],[-71.32558435599992,-16.205530108999824],[-71.32793423099986,-16.2067871079999],[-71.33201598099998,-16.21282385799998],[-71.33329010599988,-16.218156983999904],[-71.33534998099998,-16.22290423399994],[-71.33856960599991,-16.22566223399997],[-71.34074523099997,-16.225462982999886],[-71.34277985599994,-16.223589983999943],[-71.34796998099984,-16.223039983999968],[-71.35290998099993,-16.220289983999976],[-71.35628998099997,-16.21768998399989],[-71.35930998099991,-16.213779982999938],[-71.36127998099994,-16.212759983999945],[-71.36450998099986,-16.213099982999893],[-71.37049348099993,-16.210714732999975],[-71.37361423099998,-16.210664358999907],[-71.37859748099999,-16.208801983999933],[-71.38516998099988,-16.20808223299997],[-71.38867185599997,-16.20679660899998],[-71.39732235599996,-16.20628523399995],[-71.40748998099997,-16.208650983999917],[-71.41246685599998,-16.208585982999978],[-71.41202023099999,-16.201654357999928],[-71.41478860599995,-16.195412733999888],[-71.41705385599988,-16.191637483999898],[-71.42101760599996,-16.18851760799987],[-71.42515773099984,-16.175681233999967],[-71.42551023099998,-16.173214733999885],[-71.42737260599995,-16.170446358999982],[-71.43477198099998,-16.168634233999967],[-71.44110873099999,-16.168092733999856],[-71.44962085599997,-16.16667110899982],[-71.45430210599994,-16.166822108999952],[-71.45888260599986,-16.164708107999957],[-71.46396648099994,-16.165060358999938],[-71.46728873099994,-16.167325483999946],[-71.4703368559999,-16.171527858999923],[-71.4726867309999,-16.17592048299997],[-71.47646335599984,-16.184701858999972],[-71.48274235599996,-16.18703460899991],[-71.4901733559999,-16.19108960899996],[-71.49555223099998,-16.193313608999972],[-71.4984969809999,-16.19611373299989],[-71.50563285599998,-16.200253858999872],[-71.51021948099998,-16.195273357999895],[-71.51323498099998,-16.18970623399997],[-71.51640498099988,-16.189087733999884],[-71.52607023099995,-16.191639357999975],[-71.52952573099998,-16.194354983999972],[-71.53169135599984,-16.19487698399996],[-71.53511685699993,-16.192876482999907],[-71.54137985699998,-16.194964108999898],[-71.55065835699992,-16.199062107999964],[-71.56166835599998,-16.20056723399989],[-71.57114823099994,-16.19813423399995],[-71.5776433559999,-16.20076323399985],[-71.5814799819999,-16.20821998399998],[-71.58685998099998,-16.2128499829999],[-71.59024998099989,-16.219659983999918],[-71.59052998099997,-16.223659983999937],[-71.58872998099997,-16.226260107999963],[-71.58872998099997,-16.228479983999932],[-71.59119998199998,-16.233219983999902],[-71.59093998099996,-16.243349983999906],[-71.59199310599996,-16.24521085899994],[-71.59635235699994,-16.249570233999975],[-71.60063385599994,-16.251594232999935],[-71.60090035699994,-16.25607810899993],[-71.59558173099998,-16.25944973399993],[-71.59480860699995,-16.260918858999958],[-71.59461210599994,-16.265972108999904],[-71.59349060699998,-16.269666733999827],[-71.5927557309999,-16.277270733999956],[-71.59735910599994,-16.280301233999978],[-71.59641998099988,-16.284169983999902],[-71.59567660599993,-16.292167982999956],[-71.59954648099995,-16.298936233999882],[-71.6012711059999,-16.301145858999917],[-71.60380410599987,-16.302439358999834],[-71.61170998099993,-16.30889985899995],[-71.61268998199995,-16.3103999839999],[-71.61429998099993,-16.316979983999886],[-71.61880998099997,-16.322589982999887],[-71.62152998199997,-16.32807998399994],[-71.62351985599992,-16.330279983999958],[-71.63055998099998,-16.34123998399997],[-71.63210998099987,-16.345369983999944],[-71.63370998099998,-16.354289983999877],[-71.63758998199995,-16.361609983999926],[-71.6383999809999,-16.36915985899992],[-71.64261998099994,-16.371549983999955],[-71.64407998099995,-16.37514998399996],[-71.64690998099996,-16.37806998399998],[-71.64710998099991,-16.380609983999875],[-71.65022985699994,-16.388369983999894],[-71.65071985599991,-16.392559733999974],[-71.65492248099991,-16.39117998399996],[-71.65733335599998,-16.394967983999948],[-71.66226198099992,-16.394906983999874],[-71.66535185599997,-16.39413073399993],[-71.67343135699997,-16.393682483999896],[-71.68010710599992,-16.392703983999922],[-71.69011685599992,-16.392187108999963],[-71.69321435599988,-16.39347460899984],[-71.69629685599995,-16.388652858999933],[-71.69625848099997,-16.386325858999953],[-71.6976394809999,-16.384164983999938],[-71.69963835599992,-16.385692608999875],[-71.70108798199988,-16.384101858999884],[-71.70466610599988,-16.386947607999957],[-71.70688623099994,-16.390140483999915],[-71.71194460599992,-16.39383698399996],[-71.71504210699999,-16.394390108999914],[-71.72235873099999,-16.391340233999813],[-71.72771448099991,-16.39226723399986],[-71.73069760699991,-16.391952483999944],[-71.73318473099994,-16.39355835799995],[-71.73378748099998,-16.385513358999958],[-71.7317581069999,-16.38352010799997],[-71.73146060599998,-16.380716358999905],[-71.73915098099991,-16.37715535899997],[-71.74309535599997,-16.377267858999858],[-71.75085448199997,-16.373741233999908],[-71.75313573099999,-16.371217733999913],[-71.75379948199992,-16.36620898399991],[-71.75997160599991,-16.36824035899997],[-71.76177210699996,-16.371856733999948],[-71.76804335699995,-16.375616108999964],[-71.76972960599994,-16.374797858999955],[-71.7755966069999,-16.37869260899987],[-71.77877810599995,-16.381492608999906],[-71.78509523099996,-16.38369748399998],[-71.78836060699996,-16.382717107999895],[-71.78749085599992,-16.37897873399993],[-71.78827673199993,-16.376024233999885],[-71.7931518559999,-16.376695608999853],[-71.79703523199987,-16.378963483999826],[-71.79951473199992,-16.378715608999983],[-71.80390935699995,-16.375867857999935],[-71.80605310599992,-16.371684983999955],[-71.80676273099994,-16.361175483999943],[-71.80550385699996,-16.35764123399997],[-71.80172735699995,-16.35676960899997],[-71.79862210599998,-16.354686733999927],[-71.79290773199995,-16.35400773399988],[-71.79067998099993,-16.350713733999953],[-71.79073335599998,-16.34503935899994],[-71.78939060599998,-16.341808357999923],[-71.78961948099993,-16.338773733999915],[-71.7921676069999,-16.334697733999917],[-71.79048923099987,-16.33003423399998],[-71.79140473099994,-16.328134483999918],[-71.79477685699999,-16.3276748589999],[-71.79606623099988,-16.32290073399986],[-71.79503635599997,-16.31876373399996],[-71.79739385699997,-16.316146858999957],[-71.79848485699989,-16.312936733999948],[-71.80062098199988,-16.310977983999976],[-71.80000310699995,-16.308782608999934],[-71.80215448099995,-16.30026048399992],[-71.80554198099992,-16.296043358999896],[-71.8117752309999,-16.294593858999974],[-71.81336210599994,-16.292615858999966],[-71.81366735599994,-16.28817935799998],[-71.81599423099993,-16.285236358999953],[-71.82086948099999,-16.28299710899995],[-71.82144173099982,-16.28013998299997],[-71.8206482309999,-16.276670483999965],[-71.82295985599995,-16.273221983999974],[-71.82667535699994,-16.270416233999924],[-71.83039860699989,-16.265954982999915],[-71.83232110599988,-16.262269983999943],[-71.83725735599995,-16.258212983999897],[-71.8429107319999,-16.25739860899995],[-71.84627535599992,-16.253568608999956],[-71.85413360599989,-16.247756983999864],[-71.85895535599997,-16.243532232999883],[-71.86100010599995,-16.238382357999853],[-71.86626435699998,-16.233776108999848],[-71.8670119819999,-16.231536858999846],[-71.87226110599983,-16.226997358999938],[-71.87261960599989,-16.224006608999844],[-71.87432098099998,-16.220285358999945],[-71.87916560699989,-16.21571160899998],[-71.88136285699989,-16.21273998299995],[-71.88241573199997,-16.209379233999982],[-71.88241573099998,-16.205354733999968],[-71.88374323099993,-16.203571358999852],[-71.8885422319999,-16.19168085899986],[-71.88919835599995,-16.1877288579999],[-71.89124298199982,-16.186111483999923],[-71.89766698199986,-16.183444983999834],[-71.89690398099998,-16.17933848299998],[-71.89715573199993,-16.174470857999893],[-71.89842223199992,-16.17147823399995],[-71.89852910699994,-16.168538982999905],[-71.90207673099997,-16.165344233999974],[-71.90691798099994,-16.158197358999928],[-71.90439635699994,-16.15116410899992],[-71.89859373199988,-16.148234357999968],[-71.8927929809999,-16.146533233999833],[-71.8894512309999,-16.146123107999927],[-71.88734185599998,-16.144658233999962],[-71.88306248099991,-16.138386733999823],[-71.88083598199984,-16.136628857999938],[-71.87116410599998,-16.131294983999965],[-71.86987498099984,-16.13018160899992],[-71.86770698199996,-16.12150585799992],[-71.86641673199995,-16.117986108999958],[-71.86620348199989,-16.112199733999887],[-71.86479948099998,-16.10473635799991],[-71.86250323199988,-16.101213358999928],[-71.85701748099996,-16.100395232999915],[-71.85337060599994,-16.097608608999906],[-71.84812160599995,-16.094455733999894],[-71.84562685599991,-16.09101485899987],[-71.84077448099998,-16.086374233999948],[-71.83904260699995,-16.082473608999976],[-71.8365249819999,-16.069400732999952],[-71.83235173099996,-16.0675658589999],[-71.82879635599994,-16.06241985899993],[-71.82697298199997,-16.058752108999954],[-71.82426448199988,-16.060424857999976],[-71.81829073199998,-16.062347358999887],[-71.81688685599988,-16.061202983999976],[-71.81558985699996,-16.05772398299996],[-71.81571960599996,-16.05182648399989],[-71.81516260599994,-16.050815608999926],[-71.80739598199995,-16.04961973299993],[-71.80021673199985,-16.04374123399998],[-71.79455560599996,-16.041933107999853],[-71.79179385599997,-16.039398232999815],[-71.7868423569999,-16.037269482999875],[-71.78245548099994,-16.037099858999966],[-71.7815093559999,-16.03610223299995],[-71.77433773099995,-16.033189733999848],[-71.76927948199989,-16.032506982999905],[-71.76409910699994,-16.033531232999962],[-71.76115423099998,-16.031387357999904],[-71.7554168559999,-16.03043173399982],[-71.74921423099988,-16.024753607999855],[-71.74535373199996,-16.022605857999963],[-71.74342348099992,-16.019765858999904],[-71.73796085599986,-16.016197233999947],[-71.73777773099988,-16.01331898399991],[-71.73479460699997,-16.01029773399995],[-71.73435973099998,-16.008367482999972],[-71.73555760699998,-16.00264948399996],[-71.73085785599994,-15.999845483999877],[-71.7270659809999,-15.99242110899985],[-71.72454073099988,-15.989056607999885],[-71.72128298199988,-15.989078483999947],[-71.71637723199996,-15.98701460899997],[-71.70971685699993,-15.98540498299991],[-71.7069549819999,-15.983750358999885],[-71.70726773099994,-15.97680085899998],[-71.70613098199993,-15.974967983999932],[-71.70565035699997,-15.969683607999968],[-71.7067261059999,-15.96580123299998],[-71.70668035699993,-15.960924108999961],[-71.70917510599992,-15.956443732999958],[-71.71146398099995,-15.946179357999881],[-71.70927423099988,-15.94284348399998],[-71.70629123099997,-15.936469107999812],[-71.70433810599985,-15.93370535899993],[-71.69200123099995,-15.933403983999938],[-71.68984223099994,-15.935418107999965],[-71.68463910599985,-15.944313982999972],[-71.68168635599994,-15.947222732999876],[-71.67501073099999,-15.94981673399991],[-71.67163085599992,-15.954100608999966],[-71.66735835599991,-15.957900982999945],[-71.66531373099991,-15.958970107999903],[-71.66113285599994,-15.964471857999968],[-71.65880585599996,-15.972615232999942],[-71.65334323199988,-15.979969983999922],[-71.65205385699988,-15.983200982999904],[-71.65196985599994,-15.98755548399987],[-71.64871210599995,-15.98888973399994],[-71.64574435599991,-15.987691732999963],[-71.64263910599993,-15.987691732999963],[-71.63374323099998,-15.98114585899998],[-71.6296844819999,-15.980919858999982],[-71.62654873099996,-15.97917360799994],[-71.61619573099995,-15.981380483999942],[-71.61153410699995,-15.983221108999885],[-71.60668935599995,-15.983398482999917],[-71.60272210599987,-15.98178185899991],[-71.60029598099993,-15.982133857999884],[-71.59345248099993,-15.986150732999818],[-71.58798985599992,-15.988467233999927],[-71.5775909809999,-15.990863858999944],[-71.57191473099994,-15.987937982999881],[-71.56793973099991,-15.98401735899995],[-71.56430810599983,-15.979566607999857],[-71.56073010599988,-15.97765260899996],[-71.55649560599994,-15.972140357999933],[-71.55479435599995,-15.968921608999892],[-71.55297085599994,-15.967587482999818],[-71.55024723099996,-15.96324248399992],[-71.54695898099999,-15.95918748399987],[-71.54369348099993,-15.957469108999817],[-71.54257198099992,-15.955894483999828],[-71.54244235599987,-15.952382983999883],[-71.54008485699995,-15.949554482999872],[-71.53660585599994,-15.947524982999937],[-71.53521723099988,-15.944681107999884],[-71.53157810599998,-15.944146108999973],[-71.53080760599988,-15.939753482999947],[-71.53170010599996,-15.935039482999912],[-71.53144073099998,-15.932665857999893],[-71.52916723099997,-15.929961232999915],[-71.51796723099994,-15.92714498399988],[-71.51553348199997,-15.927699108999889],[-71.51238248199996,-15.926505107999958],[-71.50484460599995,-15.925452233999977],[-71.50100710599997,-15.926633858999878],[-71.49729160599992,-15.929020857999944],[-71.4900971059999,-15.932156608999946],[-71.48667923099998,-15.931694982999943],[-71.48416135599996,-15.92978760799997],[-71.47978973099998,-15.928372358999923],[-71.47227473099991,-15.926794983999969],[-71.46829223099991,-15.926515607999931],[-71.46351623099991,-15.927669482999931],[-71.46121973099997,-15.92900085899987],[-71.45626073099999,-15.930377982999971],[-71.45096585599993,-15.934965107999972],[-71.44622798099988,-15.930480983999928],[-71.44446560599988,-15.927434983999888],[-71.44261173099989,-15.926035732999935],[-71.4357299809999,-15.926322982999977],[-71.43034360599995,-15.92843148299994],[-71.4263458559999,-15.931268732999854],[-71.42247773099996,-15.930405608999934],[-71.41551210599988,-15.930118608999976],[-71.40830998099995,-15.926142732999892],[-71.40583035599985,-15.925523733999967],[-71.39830023099995,-15.925341608999872],[-71.38695523099989,-15.92696285799991],[-71.3823318559999,-15.928853983999886],[-71.37805935599988,-15.928953108999906],[-71.37269598099994,-15.926986733999854],[-71.37051385599995,-15.926915108999879],[-71.36625673099996,-15.930276858999946],[-71.35375210599994,-15.933569858999931],[-71.34780123099989,-15.937728858999947],[-71.34152235599998,-15.939279607999936],[-71.33709710599993,-15.941726732999882],[-71.33175660599994,-15.941467232999912],[-71.32807923099995,-15.939447357999939],[-71.3247833559999,-15.939883232999932],[-71.32198335599998,-15.941599857999961],[-71.31855773099994,-15.945033107999961],[-71.31419373099999,-15.947256108999966],[-71.31052398099996,-15.950778983999953],[-71.30859373099992,-15.954896983999959]]]]},"properties":{"ubigeo":"040125","nombre":"YURA"}},{"type":"Feature","geometry":{"type":"MultiPolygon","coordinates":[[[[-71.45108035599992,-16.393033983999885],[-71.45544423099994,-16.39602460899988],[-71.46199035599994,-16.399097483999924],[-71.46726985599997,-16.400999107999894],[-71.46958160599996,-16.402643233999925],[-71.47675323099992,-16.401321358999894],[-71.47920985599995,-16.402358983999875],[-71.4829253559999,-16.40202523399995],[-71.4872512309999,-16.404785108999874],[-71.49391935599988,-16.405143733999978],[-71.50617223099994,-16.410171483999875],[-71.51333048099997,-16.41039273399997],[-71.51650810599989,-16.402929483999912],[-71.5123033569999,-16.400164733999873],[-71.50916423099994,-16.395931108999946],[-71.50285710599991,-16.39224485899996],[-71.4992859809999,-16.392921608999927],[-71.49495160599986,-16.39142398399997],[-71.49450523099995,-16.386888108999926],[-71.48803710599998,-16.38547323399996],[-71.48666573099996,-16.383815233999883],[-71.48120123099989,-16.37995723299997],[-71.47583773099996,-16.37445635899985],[-71.47125248099996,-16.368408358999943],[-71.46619410599999,-16.364488608999977],[-71.45648198099991,-16.35585598399996],[-71.45568085599996,-16.353567233999968],[-71.45050810599997,-16.34737398399983],[-71.44503023099998,-16.343793858999902],[-71.43959810599995,-16.338411358999963],[-71.43605810599996,-16.336898858999973],[-71.43106848099995,-16.33346360799993],[-71.42576598099998,-16.325277358999926],[-71.42059323099983,-16.320571858999813],[-71.42108148099999,-16.32603273399991],[-71.42259973099993,-16.331655483999896],[-71.42288973099994,-16.337211608999894],[-71.42481235599996,-16.34243398399991],[-71.42636873099985,-16.351104733999932],[-71.43132785599994,-16.355712858999937],[-71.43304448099985,-16.359962483999936],[-71.43920910599991,-16.367734732999963],[-71.44275660599999,-16.37389373399992],[-71.44450360599996,-16.376047108999842],[-71.44632723099994,-16.382022857999914],[-71.44761660599994,-16.384017983999968],[-71.44817348099991,-16.390933983999957],[-71.45108035599992,-16.393033983999885]]]]},"properties":{"ubigeo":"040126","nombre":"MARIANO MELGAR"}},{"type":"Feature","geometry":{"type":"MultiPolygon","coordinates":[[[[-71.53782010599997,-16.436494608999965],[-71.53791810599989,-16.440746358999945],[-71.5409927309999,-16.45205685899998],[-71.54389960599991,-16.451799358999892],[-71.54684435599995,-16.452897983999947],[-71.54818723099993,-16.455564483999865],[-71.55128473199989,-16.456041358999983],[-71.55295560599995,-16.458131733999892],[-71.55326085699988,-16.461587858999962],[-71.55794535599995,-16.46491623399993],[-71.55731198099988,-16.46946710899988],[-71.5543442309999,-16.47484585899997],[-71.55487060599995,-16.483634983999934],[-71.55601498099986,-16.487651858999925],[-71.56082910599991,-16.491483733999814],[-71.56109623099991,-16.4940891089999],[-71.56345373099992,-16.496019233999903],[-71.56658173199992,-16.496511483999882],[-71.57412723099992,-16.49107748399996],[-71.5765304809999,-16.486965233999967],[-71.57519535599994,-16.47992898399997],[-71.57890323099997,-16.474508233999927],[-71.58096310599996,-16.470642108999925],[-71.58416760699998,-16.466142608999974],[-71.58551023099994,-16.4622536089999],[-71.58474735599998,-16.45814135899991],[-71.58262635599988,-16.45476910899987],[-71.58032985599993,-16.45327185899987],[-71.57851410599989,-16.450553858999967],[-71.5754861069999,-16.448178233999954],[-71.57307435599995,-16.445262858999968],[-71.57168573099989,-16.441142983999896],[-71.56665860599998,-16.43413848399996],[-71.56460623099997,-16.432193233999953],[-71.56275123099988,-16.432766483999956],[-71.5604584809999,-16.430025608999927],[-71.55843660599993,-16.430254983999873],[-71.55484773199998,-16.42805860899989],[-71.55302423099994,-16.428071983999928],[-71.54891973099996,-16.424306858999955],[-71.54453435599993,-16.42223710899998],[-71.54245610599992,-16.42387173399993],[-71.54751510599993,-16.427695983999968],[-71.54486435599989,-16.43105610899994],[-71.54676823099993,-16.43335910899998],[-71.54560223099992,-16.435673358999964],[-71.5417698569999,-16.43727673399991],[-71.53782010599997,-16.436494608999965]]]]},"properties":{"ubigeo":"040127","nombre":"JACOBO HUNTER"}},{"type":"Feature","geometry":{"type":"MultiPolygon","coordinates":[[[[-71.41060635599996,-16.29621123399994],[-71.41393285599986,-16.298812858999895],[-71.42507173099983,-16.305084233999935],[-71.43069448099999,-16.31295585899983],[-71.43460848099994,-16.317275983999934],[-71.44224548099999,-16.320508983999957],[-71.44522860599989,-16.322399108999832],[-71.44638060599988,-16.32467835899996],[-71.44652560599991,-16.327903608999975],[-71.45093535599989,-16.33037760899998],[-71.45855710599994,-16.336933108999972],[-71.46217348099992,-16.338901482999916],[-71.46475223099986,-16.34228323399998],[-71.47145848099996,-16.349079108999945],[-71.4731063559999,-16.351282108999953],[-71.4782104819999,-16.355848358999935],[-71.48805235599991,-16.360773108999922],[-71.49475098099987,-16.36686710899994],[-71.49889373099995,-16.369489608999857],[-71.50236510599996,-16.369853983999974],[-71.50986485599992,-16.374875983999914],[-71.51423648099995,-16.379041733999884],[-71.51506810599994,-16.38175960899997],[-71.51773835599988,-16.38501735899996],[-71.51983648099997,-16.385774608999895],[-71.52526860599988,-16.389814358999956],[-71.52858785599989,-16.39054648399997],[-71.5304073559999,-16.38723673399994],[-71.53337773099992,-16.38649585899998],[-71.53179323099994,-16.380813108999916],[-71.53158398099993,-16.377089858999966],[-71.53272073099998,-16.37400385899997],[-71.53417185599989,-16.370673858999965],[-71.53622435599982,-16.368303358999924],[-71.53685748099997,-16.365463233999947],[-71.53726960599988,-16.354892733999918],[-71.53601835599983,-16.344276483999977],[-71.53581235599984,-16.33842273399995],[-71.53456873099998,-16.333450358999926],[-71.53015898099994,-16.327142733999835],[-71.52678685599994,-16.324531608999962],[-71.52125548099986,-16.322446858999967],[-71.51702123099989,-16.318582483999876],[-71.51280210599992,-16.31777760899996],[-71.5077896059999,-16.31556710899997],[-71.50463873099994,-16.311769483999967],[-71.49485010599989,-16.310884483999928],[-71.49295048099992,-16.309345233999863],[-71.4910278559999,-16.30496973299995],[-71.48512273099993,-16.30357173399989],[-71.48081210599986,-16.297836358999916],[-71.47810360599993,-16.296592733999944],[-71.47520448099993,-16.29392623399997],[-71.47438048099997,-16.291942608999875],[-71.47040548099989,-16.29123498399997],[-71.46596523099993,-16.29218098399997],[-71.46099085599997,-16.287757858999953],[-71.46007535599995,-16.284526858999925],[-71.45623773099987,-16.28596685899987],[-71.45207210599989,-16.286043233999976],[-71.44248960599992,-16.287195357999906],[-71.43681335599996,-16.289934108999944],[-71.43404385599996,-16.289270358999943],[-71.42517085599997,-16.29042035899994],[-71.41410823099989,-16.295576108999967],[-71.41060635599996,-16.29621123399994]]]]},"properties":{"ubigeo":"040128","nombre":"ALTO SELVA ALEGRE"}},{"type":"Feature","geometry":{"type":"MultiPolygon","coordinates":[[[[-71.51501460699996,-16.41001698399998],[-71.5153781059999,-16.414594483999906],[-71.51672348099993,-16.42021760899985],[-71.51551060599996,-16.42474360899996],[-71.51034548099989,-16.434207858999912],[-71.50815335599998,-16.43504298399995],[-71.50661135599995,-16.43874823399989],[-71.50309573099992,-16.44393360899994],[-71.50128135699998,-16.449068608999937],[-71.50357823099995,-16.450971608999964],[-71.50753785599994,-16.452043483999944],[-71.51327510599998,-16.455306983999947],[-71.51652685599993,-16.450939108999876],[-71.51773248099994,-16.447444483999902],[-71.51805835599998,-16.443755358999965],[-71.52308998099994,-16.443286108999928],[-71.52748298099988,-16.437393983999925],[-71.53040285599997,-16.436285983999937],[-71.53148485599996,-16.434630483999968],[-71.53660773099983,-16.435112858999958],[-71.53782010599997,-16.436494608999965],[-71.5417698569999,-16.43727673399991],[-71.54560223099992,-16.435673358999964],[-71.54676823099993,-16.43335910899998],[-71.54486435599989,-16.43105610899994],[-71.54751510599993,-16.427695983999968],[-71.54245610599992,-16.42387173399993],[-71.54453435599993,-16.42223710899998],[-71.53903960599996,-16.420062983999912],[-71.52475735599995,-16.41207310899989],[-71.52175135599992,-16.410972608999884],[-71.51501460699996,-16.41001698399998]]]]},"properties":{"ubigeo":"040129","nombre":"JOSE LUIS BUSTAMANTE Y RIVERO"}},{"type":"Feature","geometry":{"type":"MultiPolygon","coordinates":[[[[-71.51397710599991,-15.73289110899998],[-71.51847073099992,-15.732829107999919],[-71.5230101059999,-15.733893358999978],[-71.52622985599993,-15.739275107999902],[-71.52673335599997,-15.742246607999846],[-71.53359985599991,-15.742511732999844],[-71.54109960599999,-15.74354273299997],[-71.54801935599988,-15.745146732999899],[-71.54904173099993,-15.752243982999971],[-71.55022448099999,-15.754394482999885],[-71.55339810599997,-15.757419733999939],[-71.55948635699991,-15.760636358999875],[-71.56229398099998,-15.763047232999952],[-71.56505585699995,-15.761187608999933],[-71.56589510599997,-15.759126608999907],[-71.56874085599998,-15.756552732999864],[-71.57033535599999,-15.751589732999832],[-71.57411198199992,-15.749673857999937],[-71.57926173099997,-15.745003733999965],[-71.58390810599997,-15.744125357999962],[-71.58913423099995,-15.741066108999973],[-71.59409335599992,-15.739179607999915],[-71.60577385599993,-15.730247482999914],[-71.6095581059999,-15.724358607999932],[-71.61349473099989,-15.711987482999973],[-71.61450198099993,-15.705841108999891],[-71.61421960599995,-15.700271607999866],[-71.61522673099995,-15.698177357999953],[-71.62326810599995,-15.688513732999922],[-71.62472535599994,-15.67931460799997],[-71.62424473199997,-15.674838107999847],[-71.6243667309999,-15.668580108999947],[-71.62274935599993,-15.663851857999873],[-71.62310023099991,-15.656960482999978],[-71.62234498099997,-15.652970357999891],[-71.61650848099998,-15.648058857999956],[-71.61540235599983,-15.64021298299997],[-71.61252598099998,-15.639308982999921],[-71.60897060599996,-15.636519482999972],[-71.60841373099998,-15.633414107999954],[-71.60509485599988,-15.634230607999939],[-71.60151660599996,-15.63115210899997],[-71.59896848099999,-15.629847482999935],[-71.59722898099994,-15.627577732999953],[-71.59590910599997,-15.623894732999872],[-71.59608460599992,-15.621302607999894],[-71.59362798199999,-15.619955107999886],[-71.59272760599998,-15.616710607999948],[-71.58636473099995,-15.61350823299989],[-71.58583823099991,-15.609384482999928],[-71.58681485599988,-15.603181857999914],[-71.58376310599988,-15.600517232999891],[-71.58375548099997,-15.59717373299992],[-71.58227535599997,-15.592637107999906],[-71.58112335599998,-15.591258108999853],[-71.58042910599988,-15.58586123299989],[-71.58199310599997,-15.583152732999963],[-71.58061223099998,-15.579912357999888],[-71.57749935699997,-15.577433607999978],[-71.57270823199997,-15.57628348299994],[-71.57115173099993,-15.574136732999932],[-71.57254023099989,-15.572211232999962],[-71.57637010599996,-15.572644232999835],[-71.57859810599984,-15.571886982999956],[-71.57953648099993,-15.568855232999965],[-71.57766723099991,-15.565984732999937],[-71.57700348099996,-15.561825732999978],[-71.57236485599998,-15.558513607999942],[-71.57032773099996,-15.55933185799995],[-71.56849673199991,-15.55776973299993],[-71.56536098099997,-15.559486358999948],[-71.56448360699994,-15.556621607999887],[-71.56251523099996,-15.554668482999944],[-71.55738823099995,-15.55333423299993],[-71.55858610599995,-15.54675573299994],[-71.55622098099985,-15.54483598299987],[-71.55728910599993,-15.542601608999917],[-71.55706023099992,-15.538829857999872],[-71.55529023099984,-15.537068357999942],[-71.54608148099999,-15.534150107999892],[-71.54008485599985,-15.535255482999958],[-71.53565210599999,-15.53300185799992],[-71.53289035599994,-15.529990232999978],[-71.53150173099993,-15.526933607999922],[-71.52639773199996,-15.523404107999852],[-71.52146910599993,-15.524185232999912],[-71.5170974809999,-15.523821857999963],[-71.5099334809999,-15.526089607999893],[-71.50366985699992,-15.525138857999934],[-71.5024566059999,-15.523221983999974],[-71.49866485599995,-15.520934107999949],[-71.49391173099997,-15.524031607999973],[-71.49218748099986,-15.531207107999933],[-71.49247735599994,-15.533932857999957],[-71.49093623199997,-15.535456607999834],[-71.48509973099988,-15.537772232999941],[-71.48317735599989,-15.53966523299988],[-71.48057560599983,-15.54583273299994],[-71.48007960599989,-15.549447982999936],[-71.47676085599994,-15.554218232999972],[-71.47653960599985,-15.559329983999817],[-71.47442610599995,-15.563945732999969],[-71.47287748099995,-15.565675732999864],[-71.47061923099989,-15.570366857999943],[-71.47270960699996,-15.575746482999932],[-71.47292323099992,-15.578309107999928],[-71.46890260599997,-15.581525857999907],[-71.46994785599998,-15.587301232999948],[-71.47746273099995,-15.596275357999957],[-71.47896573099996,-15.599148733999982],[-71.48191835599988,-15.601830482999958],[-71.48532873099998,-15.603416482999876],[-71.48925023099991,-15.606592233999947],[-71.4935073559999,-15.60739998299988],[-71.49748998099983,-15.61000348399989],[-71.50498960599987,-15.613428107999937],[-71.51478573099996,-15.620976482999936],[-71.52104185599995,-15.62400435799998],[-71.52504735599996,-15.627556857999934],[-71.53372198099999,-15.63164610799987],[-71.5301818559999,-15.636065482999982],[-71.53006748099995,-15.642104108999945],[-71.52850335599993,-15.644327108999903],[-71.52564235599993,-15.6533718579999],[-71.5254822309999,-15.658768607999946],[-71.52244573099995,-15.667230608999944],[-71.52128598099989,-15.671883608999906],[-71.52113348099988,-15.683034857999928],[-71.51982885599995,-15.68663785799987],[-71.51790623199992,-15.688834232999966],[-71.51041410599998,-15.695076983999911],[-71.5079271059999,-15.698174483999878],[-71.50533298099992,-15.70425798399998],[-71.50610348099991,-15.709125482999866],[-71.50885773099998,-15.714659732999905],[-71.50735473099996,-15.721154232999936],[-71.51078035599983,-15.72467710799998],[-71.51289373099996,-15.727988232999962],[-71.51397710599991,-15.73289110899998]]]]},"properties":{"ubigeo":"040201","nombre":"CHIVAY"}},{"type":"Feature","geometry":{"type":"MultiPolygon","coordinates":[[[[-71.67920685599995,-15.66110135799994],[-71.67685698099996,-15.662370732999932],[-71.67371373099996,-15.669277232999889],[-71.66923523099996,-15.675546607999934],[-71.66764823099999,-15.68019010899991],[-71.66333010599993,-15.684723858999973],[-71.66218573199995,-15.689147982999884],[-71.66360473099991,-15.693300232999832],[-71.66327673099988,-15.698161107999965],[-71.66464235599989,-15.701930232999871],[-71.66748048199997,-15.706948232999935],[-71.6671294819999,-15.709279107999976],[-71.66866298099995,-15.712636108999902],[-71.66655735599988,-15.715725857999928],[-71.66454310599994,-15.723277107999877],[-71.66426085599994,-15.731250733999957],[-71.66252898199991,-15.737613733999922],[-71.66135410599998,-15.739828107999926],[-71.66144560599997,-15.743717232999927],[-71.66055298099991,-15.752134358999967],[-71.65932460699997,-15.757799107999972],[-71.65731810599988,-15.764103857999885],[-71.65919498199992,-15.770624107999822],[-71.66067510599999,-15.777972107999915],[-71.66459660599992,-15.784527732999948],[-71.66596985699994,-15.790091482999912],[-71.66847223099995,-15.797361357999876],[-71.67112735599983,-15.801165607999963],[-71.67432398199998,-15.8044433579999],[-71.67785648099988,-15.80997948299995],[-71.68146510599996,-15.811896357999899],[-71.68381498199994,-15.816098232999934],[-71.68351748199996,-15.819639232999918],[-71.67628485599988,-15.825072233999947],[-71.67136385699996,-15.827803608999886],[-71.66966248099993,-15.832355482999958],[-71.66624448099992,-15.83325098299997],[-71.66529848199991,-15.834905608999975],[-71.66488648099994,-15.839193357999932],[-71.66160585699998,-15.843616482999892],[-71.65911098099997,-15.845407483999907],[-71.65262598099997,-15.848121607999872],[-71.6507263559999,-15.850671732999956],[-71.64502710599999,-15.853040732999943],[-71.64254010699989,-15.851937232999944],[-71.63818360699997,-15.848370607999982],[-71.63629148099989,-15.84793660799994],[-71.63127898099992,-15.849199232999979],[-71.62263485599988,-15.848607107999896],[-71.61652373199996,-15.846400232999827],[-71.61315923199993,-15.845816483999954],[-71.60810848099993,-15.846359233999976],[-71.60241698099992,-15.84956460799998],[-71.59302523099984,-15.86029923399991],[-71.59193423199997,-15.863210732999846],[-71.59289548099991,-15.866160358999934],[-71.6001128559999,-15.873410232999902],[-71.60143285699996,-15.87574198399983],[-71.60250085599995,-15.88244723399987],[-71.60163110599984,-15.886532733999957],[-71.60272985599988,-15.88981623299992],[-71.60137173099997,-15.892069858999946],[-71.60086060699996,-15.895289482999885],[-71.59860235599996,-15.900042483999982],[-71.60472110699999,-15.912097982999853],[-71.60800185699998,-15.913374858999873],[-71.61023710599994,-15.917310732999965],[-71.61047360699996,-15.920687733999955],[-71.61418148199988,-15.92341235799995],[-71.61695098199988,-15.926362982999933],[-71.61874385599998,-15.929903983999907],[-71.62104035699986,-15.930544857999905],[-71.62146760699994,-15.932949108999878],[-71.6239318559999,-15.934820232999982],[-71.62576298099998,-15.934732482999891],[-71.63025660599999,-15.93790048299985],[-71.63175198099998,-15.942089982999903],[-71.63257598099995,-15.950355482999896],[-71.63568110599994,-15.949841483999933],[-71.63630673199992,-15.952696858999843],[-71.63810735599998,-15.955404232999854],[-71.63866423099995,-15.959984732999942],[-71.64030460599986,-15.962424233999911],[-71.64412685699983,-15.964107482999907],[-71.6440353559999,-15.969161982999879],[-71.64752960699991,-15.969789483999932],[-71.64810185599993,-15.972721108999849],[-71.65105435599997,-15.979624732999866],[-71.64983373099994,-15.98257448399994],[-71.65205385699988,-15.983200982999904],[-71.65334323199988,-15.979969983999922],[-71.65880585599996,-15.972615232999942],[-71.66113285599994,-15.964471857999968],[-71.66531373099991,-15.958970107999903],[-71.66735835599991,-15.957900982999945],[-71.67163085599992,-15.954100608999966],[-71.67501073099999,-15.94981673399991],[-71.68168635599994,-15.947222732999876],[-71.68463910599985,-15.944313982999972],[-71.68984223099994,-15.935418107999965],[-71.69200123099995,-15.933403983999938],[-71.70433810599985,-15.93370535899993],[-71.70470423099994,-15.926802607999889],[-71.70791623199995,-15.923576358999924],[-71.7124099809999,-15.920553233999897],[-71.71998598199997,-15.917422232999911],[-71.72771448199984,-15.914970357999948],[-71.7316207319999,-15.910869608999917],[-71.73857110599988,-15.901064858999916],[-71.74034123199988,-15.897556357999974],[-71.74266810699987,-15.894946107999942],[-71.75133510599994,-15.889013233999947],[-71.75303648199997,-15.89138698399995],[-71.75990298099993,-15.894553232999897],[-71.76186373099995,-15.8988972329999],[-71.76617435599996,-15.901699107999889],[-71.76910398099994,-15.901189858999942],[-71.7710418559999,-15.902032857999927],[-71.77502435599996,-15.898170482999888],[-71.77921298099989,-15.892030733999945],[-71.78189848199997,-15.884714107999912],[-71.78414923199995,-15.883654608999848],[-71.78043360599997,-15.87770460799993],[-71.77768710599992,-15.870799108999961],[-71.77741235699995,-15.858597732999897],[-71.77780910599989,-15.853646233999939],[-71.77351385599997,-15.845561982999925],[-71.77167510599998,-15.840077357999974],[-71.77136998199995,-15.836433357999908],[-71.77355960599994,-15.830953732999944],[-71.77353673099998,-15.817314107999948],[-71.77011873099997,-15.809408233999932],[-71.76792910599983,-15.80729673299993],[-71.76239010699999,-15.805446607999954],[-71.76000210699993,-15.803230232999908],[-71.76116185699988,-15.797622732999912],[-71.76959223199992,-15.787680732999945],[-71.77016448199993,-15.781146982999871],[-71.76942448199992,-15.778274482999905],[-71.7656402319999,-15.772970233999956],[-71.76408385699989,-15.76876448299987],[-71.76185610699997,-15.765314107999927],[-71.75711060599997,-15.76142785899998],[-71.75527185599998,-15.758478107999906],[-71.75447848099998,-15.754634983999892],[-71.7505874819999,-15.748103107999896],[-71.7471694809999,-15.744564107999906],[-71.74236298099993,-15.740882857999964],[-71.73882298199987,-15.736474982999937],[-71.7351532319999,-15.726739857999974],[-71.73565673199988,-15.724001857999895],[-71.73481735699983,-15.72120860799987],[-71.73576360599998,-15.71839998399986],[-71.73593898099989,-15.713211232999981],[-71.73509210599991,-15.711770982999894],[-71.73149873099993,-15.700743733999957],[-71.72724148199995,-15.698633232999839],[-71.72827910599995,-15.69400023399993],[-71.72788998099998,-15.691978482999957],[-71.72106935599999,-15.686208733999877],[-71.71623998199988,-15.6830121079999],[-71.72541810599989,-15.684440608999978],[-71.7296294809999,-15.682070732999932],[-71.7311096059999,-15.676697732999969],[-71.73357385599996,-15.674333607999927],[-71.73551173099997,-15.67392735899989],[-71.73654173099993,-15.670890857999836],[-71.74000548099991,-15.667224857999884],[-71.74062348199988,-15.663902232999874],[-71.73841860599998,-15.659693733999916],[-71.7335968569999,-15.65574460799985],[-71.73289485599992,-15.651579857999934],[-71.73724373199985,-15.648083732999964],[-71.73744210699994,-15.645607107999865],[-71.73278048099996,-15.645312357999899],[-71.73135385599994,-15.644082107999964],[-71.72714998099991,-15.64613435799987],[-71.72488398099995,-15.645910232999881],[-71.72077160599986,-15.648001732999944],[-71.71857448199995,-15.648302982999894],[-71.71474460599995,-15.655051233999927],[-71.71015935599985,-15.65534398299991],[-71.6984176069999,-15.651857357999916],[-71.69554898199988,-15.65235523299998],[-71.69289398199993,-15.651443482999866],[-71.68971248199995,-15.652023357999951],[-71.68727110599991,-15.653861107999944],[-71.68641660599991,-15.656585732999872],[-71.68152623199995,-15.66081235799993],[-71.67920685599995,-15.66110135799994]]]]},"properties":{"ubigeo":"040202","nombre":"ACHOMA"}},{"type":"Feature","geometry":{"type":"MultiPolygon","coordinates":[[[[-72.00986485599998,-15.582429857999841],[-72.00595085599997,-15.586673732999884],[-72.00453185599997,-15.589193357999875],[-72.0019683569999,-15.591193357999828],[-71.99912260699989,-15.59688848299993],[-71.9997026069999,-15.599346107999907],[-71.99844360699996,-15.602392232999875],[-71.99511723099994,-15.603978107999978],[-71.99073785699989,-15.604697232999968],[-71.98461148199988,-15.601511982999966],[-71.98329923099993,-15.599259357999927],[-71.98061373099995,-15.59815785799998],[-71.97824098099983,-15.59561923299998],[-71.97588348099998,-15.59457010799997],[-71.97253423199999,-15.598377107999909],[-71.96903223099997,-15.598480232999918],[-71.96261598099994,-15.594342232999963],[-71.95607760599995,-15.594720857999903],[-71.95399473099997,-15.593802482999877],[-71.95243073199998,-15.595484732999978],[-71.95007323099998,-15.594400358999962],[-71.94726560599992,-15.594513857999914],[-71.94586185699995,-15.596696857999973],[-71.93874373099993,-15.599855482999942],[-71.93472285699988,-15.598962732999894],[-71.92870335599991,-15.598804483999857],[-71.92425535699994,-15.597123232999934],[-71.9213791069999,-15.594922107999878],[-71.9171294809999,-15.59471685799997],[-71.90946198099994,-15.596778857999936],[-71.90747835599996,-15.60152535799989],[-71.90370935699985,-15.60149385799997],[-71.90061948099998,-15.602308232999917],[-71.8975829819999,-15.599060982999958],[-71.89340210699993,-15.599091482999881],[-71.89286785699989,-15.596506232999957],[-71.88937373199997,-15.597724857999879],[-71.88687898199998,-15.597667733999856],[-71.88480373099992,-15.594830482999953],[-71.88072210699983,-15.596599607999963],[-71.87747198099993,-15.595677357999932],[-71.86980435699996,-15.596616733999952],[-71.86778260599982,-15.597683857999925],[-71.86457060699996,-15.5975093589999],[-71.85886385599997,-15.595154732999958],[-71.84922023099989,-15.599533107999832],[-71.84671023099997,-15.602550482999902],[-71.83907323099999,-15.602072733999819],[-71.83486173099988,-15.602376982999942],[-71.83097835699994,-15.603515607999896],[-71.83001710599996,-15.607802357999958],[-71.82679748199985,-15.608957232999956],[-71.82410435699995,-15.61433985799988],[-71.82275398199994,-15.614869232999979],[-71.81780248099989,-15.620624482999915],[-71.81082148099995,-15.623663983999961],[-71.81583898199995,-15.629312732999892],[-71.82017523099984,-15.637790733999907],[-71.82136535699988,-15.642286357999978],[-71.8231506059999,-15.64572523299995],[-71.8230972309999,-15.64908123299989],[-71.82543185599991,-15.662589983999908],[-71.82843023099991,-15.66958810899996],[-71.82871248199984,-15.67296023299997],[-71.83131410699997,-15.67633348399994],[-71.83719635599988,-15.680412232999913],[-71.83802035599984,-15.685576607999906],[-71.84195710699998,-15.688958107999895],[-71.84415435599993,-15.692008982999937],[-71.84280398099997,-15.696948983999903],[-71.84520723199995,-15.700419358999909],[-71.84741973099995,-15.705226857999946],[-71.84779360599998,-15.709258982999813],[-71.85018160599992,-15.71077723299993],[-71.85327148199997,-15.715736357999901],[-71.85424810699988,-15.7198123579999],[-71.85858148099993,-15.721506108999904],[-71.86092373099996,-15.719845732999943],[-71.86596673199995,-15.71761023299996],[-71.86725610699995,-15.720964482999932],[-71.87081148199997,-15.725906482999847],[-71.87542723099995,-15.723792108999874],[-71.87751010599999,-15.724329982999961],[-71.88568873099996,-15.732553482999947],[-71.88841248099993,-15.736365357999944],[-71.89504248099996,-15.73993110799995],[-71.89731598199995,-15.743012482999973],[-71.90019985599992,-15.745003733999965],[-71.90504460699992,-15.746925357999885],[-71.90867610699985,-15.753960607999886],[-71.91654210699983,-15.760138483999981],[-71.93051910699995,-15.762150732999942],[-71.93788148099992,-15.76428598299998],[-71.94910435699984,-15.770152982999832],[-71.95228573099996,-15.77287948399993],[-71.95377348199997,-15.775637607999954],[-71.95761110599989,-15.779214857999818],[-71.96479798199988,-15.783490232999952],[-71.96881098199992,-15.784828233999917],[-71.97192385699992,-15.784334232999981],[-71.97354885699991,-15.785206733999871],[-71.97736360599998,-15.789801607999948],[-71.98239135699993,-15.792128607999928],[-71.98704523099997,-15.799224857999889],[-71.99414060699996,-15.799704608999946],[-71.99766535699996,-15.79909223299984],[-72.00347898199993,-15.799041857999953],[-72.01470185699992,-15.790725608999935],[-72.0217437309999,-15.786337857999968],[-72.02251435699998,-15.782394357999976],[-72.02141573099993,-15.779210982999928],[-72.02160648099994,-15.776626607999958],[-72.0267104809999,-15.774724983999931],[-72.02893060699995,-15.770091108999964],[-72.03484348199993,-15.762844982999923],[-72.0371476059999,-15.75571923299998],[-72.03749085699997,-15.75254060799989],[-72.03916935699993,-15.748074482999925],[-72.04071810599999,-15.746914857999911],[-72.04157260599999,-15.743048608999857],[-72.03933698199995,-15.739226358999872],[-72.03959660699996,-15.737680482999963],[-72.04264835599992,-15.73531823299993],[-72.04157260699992,-15.73222535799988],[-72.04209135699995,-15.725353232999964],[-72.04663848199993,-15.724795357999938],[-72.05080410699998,-15.71903510899989],[-72.05496210599995,-15.715564732999837],[-72.05867773199998,-15.713709733999906],[-72.05922698099994,-15.71243860899989],[-72.05634310599999,-15.70628735799994],[-72.0572052309999,-15.699859607999883],[-72.05894473099994,-15.69593048399986],[-72.06404110599993,-15.689167982999948],[-72.06766510699993,-15.680104232999895],[-72.06965648099992,-15.67916873299987],[-72.07450860699993,-15.678584107999882],[-72.07824710599994,-15.675600982999981],[-72.08363348099982,-15.673262608999948],[-72.08585360699993,-15.66963673299989],[-72.08561710699996,-15.666069983999932],[-72.08100123199989,-15.665485358999945],[-72.07392123099993,-15.669052107999903],[-72.07089235699988,-15.668753607999918],[-72.06663510599998,-15.664917982999896],[-72.06242373199996,-15.66309360799994],[-72.06204985699992,-15.661175733999869],[-72.06439210599984,-15.65925773299989],[-72.06611635599995,-15.653767607999953],[-72.06916048199992,-15.653503358999956],[-72.0755233569999,-15.65060310799987],[-72.07733148199992,-15.648873357999946],[-72.08042148199996,-15.643777732999922],[-72.08543398199993,-15.642229982999936],[-72.0868453569999,-15.640514482999947],[-72.0959243559999,-15.634143858999948],[-72.09738160699993,-15.63237385899987],[-72.09887698099993,-15.624510732999966],[-72.09851073199991,-15.619722357999876],[-72.10359960599999,-15.614015607999875],[-72.10558323199996,-15.609716357999957],[-72.10789498199995,-15.606447232999926],[-72.10419473199994,-15.604300482999918],[-72.09808348099995,-15.603314358999967],[-72.08855435699991,-15.604620982999961],[-72.08346560699994,-15.60797023299989],[-72.07878873199996,-15.606870607999952],[-72.07331085699997,-15.604825982999898],[-72.07081598099995,-15.601247732999923],[-72.06681060699992,-15.599349982999968],[-72.06462098199995,-15.59677698299987],[-72.06106573199986,-15.59685135799998],[-72.0561294819999,-15.595162357999925],[-72.05015560699997,-15.595742232999953],[-72.04706573199996,-15.593539233999934],[-72.04005435699997,-15.594284982999909],[-72.0388717319999,-15.593047107999894],[-72.03775023099996,-15.588863358999959],[-72.03511798199992,-15.58490648299994],[-72.03318785699992,-15.580439607999836],[-72.0289917309999,-15.580195482999954],[-72.02566523099995,-15.578603732999966],[-72.01914210599995,-15.578555107999875],[-72.00986485599998,-15.582429857999841]]]]},"properties":{"ubigeo":"040203","nombre":"CABANACONDE"}},{"type":"Feature","geometry":{"type":"MultiPolygon","coordinates":[[[[-71.74595998099994,-14.939869982999937],[-71.74771885599995,-14.948301356999877],[-71.75031623099994,-14.951106356999958],[-71.75409285599994,-14.953366356999936],[-71.75572848099995,-14.955448107999928],[-71.75843460599992,-14.961365857999908],[-71.76038360699988,-14.966761607999956],[-71.76300048099995,-14.971060732999888],[-71.76866910699994,-14.978402107999955],[-71.77024073199993,-14.982176732999903],[-71.77024073199993,-14.984484732999931],[-71.76761623099998,-14.986581857999965],[-71.76447298099993,-14.991615356999887],[-71.76347223099992,-14.99479535699993],[-71.76371760599989,-15.003816607999909],[-71.76497648099996,-15.00830560799983],[-71.76745610599994,-15.010523982999871],[-71.77427373099994,-15.011726857999918],[-71.7778917309999,-15.013289231999977],[-71.79234323099996,-15.016997107999885],[-71.79679110599994,-15.020160731999908],[-71.80503848199993,-15.021386106999955],[-71.81135560599989,-15.023571981999964],[-71.81513973199992,-15.02788260799997],[-71.82149510599999,-15.03317648199993],[-71.82292935699996,-15.034991232999971],[-71.83253473199989,-15.038092607999886],[-71.83473210699998,-15.040588231999891],[-71.83873748099995,-15.042630232999898],[-71.84357448099985,-15.042705481999917],[-71.84931948199994,-15.04508973299994],[-71.84844210599988,-15.05187698299983],[-71.84585573199996,-15.056760731999873],[-71.84016423199995,-15.065401981999969],[-71.83868410599996,-15.07308573299997],[-71.83763123099999,-15.074841482999943],[-71.8326721059999,-15.077064482999901],[-71.82241823199996,-15.07664398199995],[-71.81883998199993,-15.078063982999936],[-71.81547548099991,-15.078221357999894],[-71.81389623199988,-15.076906232999875],[-71.81211085599995,-15.072751982999876],[-71.8089523559999,-15.071542731999898],[-71.80784610599989,-15.069912107999926],[-71.8029556059999,-15.067440981999937],[-71.79811098099998,-15.06813235699991],[-71.79459385599995,-15.069859482999902],[-71.79117585599994,-15.070227607999982],[-71.78630060699993,-15.069550482999944],[-71.78455348099999,-15.070514731999936],[-71.78047948199998,-15.076333107999972],[-71.77592473199996,-15.080794356999888],[-71.77253735599999,-15.082439481999927],[-71.76956935599992,-15.081451356999878],[-71.76786035599991,-15.078881232999947],[-71.76548773099995,-15.078683857999977],[-71.7591171059999,-15.083958606999943],[-71.75637060699995,-15.084654981999904],[-71.74414823099994,-15.081376982999927],[-71.74111935599996,-15.07994273199995],[-71.73448948099997,-15.082141857999886],[-71.72837835599995,-15.082501357999888],[-71.72126010599993,-15.083946232999892],[-71.71558385699996,-15.088160482999967],[-71.7127762319999,-15.08903210799997],[-71.70674135699994,-15.089281106999977],[-71.70194248099995,-15.088347482999893],[-71.69827273099997,-15.088970231999838],[-71.69107823099989,-15.091177982999966],[-71.68459323199994,-15.09052373299994],[-71.67918398199993,-15.08849048199994],[-71.67557523099998,-15.088599232999968],[-71.67144010599986,-15.089779857999929],[-71.66795348099993,-15.091896106999968],[-71.66732785599987,-15.09382623199997],[-71.66777023199995,-15.097935732999929],[-71.66452785699994,-15.099305107999896],[-71.66359710599994,-15.100923481999928],[-71.66371923199989,-15.108579607999957],[-71.66167448099998,-15.111497856999847],[-71.65777585599994,-15.11329560799993],[-71.65415185599994,-15.116847107999945],[-71.64903260599993,-15.120671232999882],[-71.64643860699988,-15.124360106999859],[-71.64357760699994,-15.126981731999877],[-71.64357760599995,-15.130709607999961],[-71.63602448099994,-15.139139232999923],[-71.62904360599998,-15.14218235699991],[-71.61760710599998,-15.14606473299989],[-71.61262510599988,-15.145173107999938],[-71.6062241059999,-15.140240606999953],[-71.60291285599993,-15.139182107999943],[-71.60155485599984,-15.135150856999871],[-71.60149385599993,-15.132644607999907],[-71.59302523099984,-15.130834607999816],[-71.58914173099993,-15.12887673199998],[-71.5896682309999,-15.131414357999972],[-71.58819585599991,-15.136853232999954],[-71.58489985599988,-15.137499857999899],[-71.58403010599994,-15.141623482999933],[-71.58029173099999,-15.143215232999921],[-71.57782748199992,-15.145925482999928],[-71.57704923099993,-15.148347856999976],[-71.5772476059999,-15.152898732999915],[-71.58006285699997,-15.158240357999944],[-71.57993310599988,-15.160929731999886],[-71.58184048099997,-15.167388857999981],[-71.58636473099995,-15.171815857999889],[-71.58787535599998,-15.174269732999903],[-71.59223173099991,-15.177710482999942],[-71.59094998099988,-15.181911482999965],[-71.59184260599994,-15.186010357999919],[-71.59080510599989,-15.191541732999895],[-71.59282685599993,-15.194505732999914],[-71.59480285699993,-15.202061606999905],[-71.60377498099996,-15.209405857999968],[-71.60880285599984,-15.21167560799995],[-71.61537173099998,-15.211228357999971],[-71.62294010599999,-15.212284982999904],[-71.62132260599992,-15.222271857999942],[-71.61933135599992,-15.22571660799997],[-71.61802673099999,-15.230198857999824],[-71.61978135599998,-15.236535107999885],[-71.62253573099986,-15.238987982999959],[-71.62123873099983,-15.247739857999875],[-71.62281035599995,-15.24868010699987],[-71.6229324809999,-15.252005607999877],[-71.62665560699992,-15.25147998299991],[-71.62678510599989,-15.253642982999907],[-71.62504573099994,-15.257011482999928],[-71.62676998099988,-15.26086523299989],[-71.62643435599995,-15.267849982999962],[-71.63021085599996,-15.272779482999908],[-71.6318054809999,-15.27875998299993],[-71.63071435599994,-15.283851607999964],[-71.63098148099994,-15.290359482999918],[-71.62938685599988,-15.295958482999822],[-71.62763973099999,-15.29800035799991],[-71.62796785599988,-15.299720732999958],[-71.62596898199996,-15.304886857999861],[-71.62689973099998,-15.313152357999854],[-71.62832635599989,-15.320757857999922],[-71.63263698199995,-15.323443232999978],[-71.63306423099993,-15.32584285799993],[-71.63049310599985,-15.330885857999931],[-71.62906648099994,-15.337505357999817],[-71.62432098099987,-15.342099232999942],[-71.61736298099999,-15.346322107999924],[-71.6144714809999,-15.34854510799994],[-71.60928348099998,-15.353730232999965],[-71.60476685599986,-15.357583107999972],[-71.60425573099991,-15.361446357999966],[-71.60558323099997,-15.363343232999966],[-71.61081698099997,-15.366794607999907],[-71.61210635599997,-15.368957482999974],[-71.61119848099997,-15.371384607999971],[-71.60899348099997,-15.372408857999915],[-71.60356898199996,-15.37297823299997],[-71.59871673099991,-15.376316107999912],[-71.59363560599996,-15.378061232999869],[-71.59461973099997,-15.38234710799992],[-71.59420010599996,-15.385078482999972],[-71.59233098199996,-15.389076357999897],[-71.5906753559999,-15.39219285799993],[-71.58977510699987,-15.397391357999936],[-71.59234623099996,-15.398418482999887],[-71.5960617309999,-15.397583982999947],[-71.59844210599994,-15.398354482999935],[-71.60100560599994,-15.40384198299995],[-71.60626985599987,-15.408527357999901],[-71.60932160599987,-15.408591232999981],[-71.61323548099995,-15.40497010799993],[-71.6177521059999,-15.40261360799991],[-71.62020873099988,-15.402111982999884],[-71.6232147309999,-15.403515857999878],[-71.63184360699995,-15.413444482999978],[-71.63437648099989,-15.415155357999879],[-71.63757323099998,-15.415969857999926],[-71.64703373099991,-15.415468232999899],[-71.65034385599995,-15.415882357999976],[-71.65534498099998,-15.415013857999895],[-71.66816698099996,-15.414778732999878],[-71.67428585599993,-15.416854857999965],[-71.6794357309999,-15.416854857999965],[-71.68161248099989,-15.415140357999974],[-71.68265223099996,-15.412822482999957],[-71.68339185699995,-15.407699732999902],[-71.68465773099996,-15.404025232999913],[-71.68956760599997,-15.39741423299995],[-71.69299310599996,-15.388280732999817],[-71.69412235699997,-15.380207982999877],[-71.70355985599986,-15.37509823299996],[-71.70434573099993,-15.37256335799998],[-71.70453648099993,-15.367960982999875],[-71.70578760599994,-15.364460982999901],[-71.70792385699997,-15.361494107999931],[-71.71349335699983,-15.357209232999935],[-71.72793573199993,-15.352327357999968],[-71.73123935599989,-15.351916357999812],[-71.73588560699994,-15.352858482999977],[-71.74244685599996,-15.357233107999889],[-71.7451248559999,-15.359867107999946],[-71.74905398099997,-15.359152732999917],[-71.7558364809999,-15.362009982999894],[-71.76027685599996,-15.366071732999956],[-71.76474760599984,-15.369023357999936],[-71.76966860599987,-15.373698107999928],[-71.77357485599987,-15.379108482999925],[-71.77947235699986,-15.383607857999891],[-71.78584285699998,-15.387839357999894],[-71.80164335599994,-15.393089232999955],[-71.80850223099998,-15.394910857999946],[-71.81637573099988,-15.39651773299994],[-71.82612610599989,-15.395713857999965],[-71.83576960599993,-15.393517482999926],[-71.83903498199993,-15.39405348299988],[-71.84230035599995,-15.39898110799993],[-71.8502349819999,-15.401766732999931],[-71.85210423099994,-15.403856232999885],[-71.85703273099995,-15.404605857999911],[-71.86255648099996,-15.407781607999937],[-71.8633728559999,-15.407100607999894],[-71.86653898099996,-15.40026573299997],[-71.86686710599992,-15.39745998299992],[-71.86499785599989,-15.393888482999898],[-71.86115273199988,-15.389431982999952],[-71.85971848199995,-15.384793232999982],[-71.86106110599997,-15.38018985799988],[-71.86302198099992,-15.378984482999897],[-71.8637313559999,-15.374191232999976],[-71.86557773099997,-15.370709357999885],[-71.86531835699992,-15.364183482999977],[-71.8631668559999,-15.360716857999932],[-71.85913085599992,-15.357039482999937],[-71.85699460599994,-15.353598607999913],[-71.85675810699996,-15.350631732999943],[-71.85829923199987,-15.347310107999874],[-71.86067198099988,-15.336630857999921],[-71.86257173199988,-15.333902357999932],[-71.86351773099989,-15.32820698199987],[-71.86584473199997,-15.320145607999905],[-71.8678664819999,-15.316444357999899],[-71.87416073099996,-15.31607248299997],[-71.87635035599993,-15.314216607999981],[-71.87795260699983,-15.311249732999897],[-71.88280485699994,-15.308196982999903],[-71.88727573099993,-15.307316732999823],[-71.88852685599988,-15.303947482999945],[-71.89723210699992,-15.295630482999968],[-71.90174860599996,-15.290203107999957],[-71.90460223199995,-15.284196857999916],[-71.90512848099996,-15.279062232999877],[-71.90264898199996,-15.273263982999936],[-71.90443423099998,-15.265973107999855],[-71.90880585699983,-15.259916357999828],[-71.90910335599995,-15.255347232999952],[-71.90997310699987,-15.252812482999957],[-71.91362760599998,-15.249118856999928],[-71.91693885699988,-15.24715998299996],[-71.92370610599988,-15.244833982999978],[-71.9305572319999,-15.243604607999941],[-71.93444060699989,-15.244097857999975],[-71.9441909819999,-15.248089732999972],[-71.94315335699986,-15.245599732999892],[-71.94400023199995,-15.236171732999935],[-71.94597623199991,-15.226960232999886],[-71.94332885599988,-15.22561648299984],[-71.93585210699996,-15.223481232999916],[-71.92652135599997,-15.221465106999972],[-71.92292785699988,-15.22023960699994],[-71.92129510699988,-15.217399607999937],[-71.92256160599999,-15.210950857999933],[-71.92080685699989,-15.205146732999935],[-71.91893010599995,-15.196093606999966],[-71.91784673199993,-15.194094607999943],[-71.91315460599992,-15.19013973299991],[-71.91059873199993,-15.185663232999957],[-71.90508273099988,-15.181163731999902],[-71.90401460699997,-15.17907910799994],[-71.90141298099991,-15.17079835699991],[-71.9018326069999,-15.168246231999944],[-71.90640260599992,-15.166503857999942],[-71.91261285599995,-15.167693107999924],[-71.9158249809999,-15.167590107999956],[-71.91966248099999,-15.165308982999932],[-71.9282608559999,-15.161816607999981],[-71.93127435699995,-15.15939898299996],[-71.93863673199996,-15.155666356999973],[-71.94307710699985,-15.152902607999977],[-71.94744110699997,-15.152947481999945],[-71.95291123099997,-15.151295607999884],[-71.96076960699992,-15.147367481999936],[-71.96415710699989,-15.143559482999933],[-71.96829223099991,-15.140650732999916],[-71.96971135599983,-15.135450232999972],[-71.96746060599992,-15.132826856999884],[-71.96083073199992,-15.127407982999955],[-71.95345310599993,-15.119624107999869],[-71.94995123099983,-15.114012732999981],[-71.94702910699988,-15.110272356999872],[-71.94808198099997,-15.107349357999965],[-71.95337673099993,-15.097081231999937],[-71.95614623099993,-15.09297848299991],[-71.95758823199998,-15.086059606999981],[-71.95892335699995,-15.082783732999928],[-71.96104435599995,-15.081261607999977],[-71.97271723099993,-15.080800107999892],[-71.97682948099992,-15.077339232999975],[-71.98148348099988,-15.069726982999953],[-71.98238373199996,-15.063702607999971],[-71.9805832319999,-15.060436231999972],[-71.97550960699988,-15.054466231999925],[-71.96369185699996,-15.045018231999961],[-71.9597626069999,-15.040557857999943],[-71.95912935599995,-15.037567107999962],[-71.95692448099993,-15.033841107999933],[-71.95513923199991,-15.028174356999955],[-71.95509973199995,-15.016579106999927],[-71.95294373099989,-15.005218857999978],[-71.95373823199998,-14.996761731999925],[-71.95312798099997,-14.992056356999967],[-71.95191898199994,-14.988465982999912],[-71.94807173099991,-14.982940857999893],[-71.94639110699995,-14.978349356999956],[-71.9439849819999,-14.977101232999814],[-71.93885798199989,-14.97742560699993],[-71.93753048199994,-14.971258107999972],[-71.93515773199988,-14.967493107999928],[-71.93282323199992,-14.965934731999937],[-71.92944335699997,-14.966097857999955],[-71.92405698099998,-14.968304606999936],[-71.92133335599993,-14.968337107999957],[-71.9198074809999,-14.964181856999971],[-71.91580960699997,-14.960360481999885],[-71.91380310599993,-14.957285982999963],[-71.91447448199989,-14.952806481999971],[-71.91601560599997,-14.950600732999874],[-71.91781598199998,-14.940773982999929],[-71.92049410699997,-14.935025232999976],[-71.92717748199988,-14.931415607999952],[-71.92897798099989,-14.929476732999944],[-71.93019673199996,-14.923618982999926],[-71.93136348099995,-14.922253981999972],[-71.93641660599997,-14.921297981999828],[-71.93957523199998,-14.919787356999962],[-71.94155698199995,-14.916556106999963],[-71.94139723199993,-14.913589607999938],[-71.93895723199995,-14.909532607999893],[-71.9384793559999,-14.903751606999947],[-71.94032510599999,-14.900016856999912],[-71.9401321069999,-14.890504856999826],[-71.94234460699988,-14.884159982999847],[-71.94317623099988,-14.87742048199982],[-71.94525910599998,-14.874145482999893],[-71.95216373099993,-14.868150732999936],[-71.95362085599999,-14.863882106999881],[-71.95240023199995,-14.855894981999938],[-71.95398710699999,-14.850919731999966],[-71.95156860699996,-14.840131731999975],[-71.95185085699995,-14.83732610699991],[-71.94816585699988,-14.828291856999897],[-71.94297023099989,-14.823615981999922],[-71.93997198099999,-14.822808232999876],[-71.9350891069999,-14.823975606999909],[-71.93294523099996,-14.825933482999915],[-71.92610935699997,-14.827632856999912],[-71.92168423199985,-14.830225981999888],[-71.91748048199992,-14.831417981999948],[-71.91596985699988,-14.834178981999912],[-71.91415410599996,-14.834367732999908],[-71.91264348199991,-14.832045607999817],[-71.90651698099998,-14.826255857999854],[-71.90693660599999,-14.818335481999895],[-71.90830248099991,-14.815850231999889],[-71.90943910699991,-14.810835856999972],[-71.90772248199988,-14.805078481999828],[-71.9025497319999,-14.796762482999895],[-71.89676648099987,-14.794157981999888],[-71.89389860699998,-14.789601232999871],[-71.89004985699995,-14.790873482999928],[-71.8810462319999,-14.798231731999977],[-71.87667073199998,-14.800437981999892],[-71.87401585599997,-14.806402232999915],[-71.87323760699996,-14.810460107999859],[-71.87335210599986,-14.816805856999906],[-71.8726121069999,-14.823982231999935],[-71.86863710599982,-14.828189857999973],[-71.86909485699994,-14.83597085699995],[-71.86575323099993,-14.840870857999846],[-71.86428835599997,-14.845511606999935],[-71.85730748199995,-14.851411856999903],[-71.85497285699995,-14.854579982999951],[-71.85466748099992,-14.857664107999938],[-71.8562622309999,-14.862237982999943],[-71.85942835599985,-14.8682308569999],[-71.86341873199996,-14.873355857999968],[-71.86344148199998,-14.875378607999892],[-71.86124423099989,-14.881446856999958],[-71.85865785699997,-14.88440985699998],[-71.85208898099984,-14.888090107999972],[-71.84708410699989,-14.888751982999906],[-71.84322360699997,-14.88768010799987],[-71.83692935599998,-14.88809398199993],[-71.82891848199984,-14.887982357999931],[-71.82656860599991,-14.889513981999926],[-71.82633973099996,-14.892037356999879],[-71.83021548199986,-14.897208231999969],[-71.83053585699997,-14.898614731999885],[-71.82759860599998,-14.906064981999862],[-71.81668085699988,-14.907340982999926],[-71.80372623199997,-14.900031982999906],[-71.79762273099988,-14.895981732999928],[-71.79300685699997,-14.896168731999921],[-71.79038998199991,-14.899222357999975],[-71.78945923099991,-14.907074982999916],[-71.78515623099986,-14.912559482999939],[-71.77537535599998,-14.919103606999897],[-71.7702102319999,-14.92487235699997],[-71.7662277309999,-14.928048106999938],[-71.76247410699995,-14.928942731999882],[-71.76041410599993,-14.930821356999957],[-71.75362398199997,-14.933449731999929],[-71.74921585699991,-14.936118481999927],[-71.74595998099994,-14.939869982999937]]]]},"properties":{"ubigeo":"040204","nombre":"CAYLLOMA"}},{"type":"Feature","geometry":{"type":"MultiPolygon","coordinates":[[[[-71.20207972999998,-15.245132481999974],[-71.19690710599997,-15.252601606999974],[-71.19866185499995,-15.258349357999919],[-71.2006759809999,-15.261866607999877],[-71.19625085599995,-15.268906607999838],[-71.1923523559999,-15.27343085699988],[-71.19016260599989,-15.274388357999896],[-71.18051148099994,-15.2751636079999],[-71.17570498099997,-15.280218107999872],[-71.16539760599994,-15.288882232999981],[-71.16397098099998,-15.293328231999965],[-71.16487123099984,-15.300928107999937],[-71.16290285599996,-15.308910357999878],[-71.16484273099996,-15.317379982999967],[-71.16623998099993,-15.320869982999966],[-71.16471573099994,-15.326726232999931],[-71.16266635499994,-15.332484232999946],[-71.15573123099995,-15.337013232999936],[-71.15380860599987,-15.340854607999916],[-71.15402985599997,-15.345582982999872],[-71.15270235499997,-15.351936357999932],[-71.15042873099998,-15.356875357999968],[-71.15033723099998,-15.36249160799997],[-71.15115360599992,-15.363941232999878],[-71.15731048099997,-15.369194982999943],[-71.1622924809999,-15.370916357999874],[-71.16577910599989,-15.373950982999872],[-71.16605373099998,-15.376170107999826],[-71.16949460599994,-15.382284107999965],[-71.17157747999994,-15.388489732999972],[-71.17176060499992,-15.392475107999928],[-71.1690444809999,-15.398091357999931],[-71.17000585599993,-15.401289982999913],[-71.17277523099995,-15.407121607999954],[-71.17407985599988,-15.411424607999948],[-71.17433160599984,-15.424456607999957],[-71.17029572999996,-15.428788982999947],[-71.16806797999993,-15.429503482999905],[-71.16278835599996,-15.434001982999973],[-71.16011810499992,-15.43418885799997],[-71.1532712309999,-15.439834857999926],[-71.14705660599998,-15.440704357999948],[-71.14342498099995,-15.439990982999973],[-71.13871760599994,-15.437887232999913],[-71.13364410599996,-15.433836982999821],[-71.13233948099986,-15.430587732999982],[-71.12942510599993,-15.428173982999965],[-71.12464910599994,-15.426773107999963],[-71.11925510599986,-15.427576107999869],[-71.11721035599987,-15.429570232999936],[-71.1115646049999,-15.436775232999935],[-71.11021422999994,-15.439699232999828],[-71.10845185499994,-15.448089607999918],[-71.10383610499997,-15.453269982999927],[-71.10179135599998,-15.454826357999934],[-71.09690098099998,-15.456838607999885],[-71.08828735499998,-15.458288232999905],[-71.08201597999994,-15.457074107999915],[-71.07826235599998,-15.453689607999934],[-71.0729598559999,-15.452133232999927],[-71.07174685599989,-15.449273107999886],[-71.07543947999989,-15.442648857999814],[-71.07545473099992,-15.438301107999962],[-71.07407373099994,-15.437406482999904],[-71.06660460599994,-15.435810107999828],[-71.06213372999997,-15.433956107999904],[-71.05731198099988,-15.428444857999978],[-71.05303960599997,-15.426528982999912],[-71.04408260599996,-15.418115607999937],[-71.04049685599995,-15.412177982999822],[-71.03897098099998,-15.405165732999876],[-71.03654485599998,-15.411894982999854],[-71.03246310599991,-15.418566732999977],[-71.02999873099986,-15.421625232999872],[-71.02764898099997,-15.427054357999964],[-71.02712248099994,-15.432039232999841],[-71.02320860599991,-15.435262732999945],[-71.01539623099984,-15.436401357999898],[-71.00591272999998,-15.441682857999979],[-71.0043716049999,-15.44298460799996],[-71.00355535499995,-15.446116357999927],[-70.99903873099998,-15.448028607999959],[-70.99395748099994,-15.454841607999924],[-70.99262235599997,-15.460508357999913],[-70.99446873099998,-15.46987723299992],[-70.99545285499994,-15.47227873299994],[-70.99785610599992,-15.47475810799989],[-71.00297548099985,-15.478458357999898],[-71.00569148099993,-15.482670732999907],[-71.0097808559999,-15.484953732999884],[-71.01517485499988,-15.489165357999923],[-71.01604460599992,-15.493849732999934],[-71.01836397999989,-15.50002198299984],[-71.01773073099997,-15.502879107999888],[-71.01512147999995,-15.505277607999915],[-71.01025385599996,-15.511310607999917],[-71.00991822999998,-15.515173857999912],[-71.00803373099995,-15.519240357999934],[-71.00926210499989,-15.520482107999953],[-71.01420597999993,-15.522013607999895],[-71.0179519809999,-15.52784535799998],[-71.01786035499998,-15.530528982999954],[-71.01577760499993,-15.531874607999953],[-71.01409147999988,-15.535616857999969],[-71.01409148099998,-15.53955460799989],[-71.00939173099994,-15.5407152329999],[-71.00719447999995,-15.542949732999944],[-71.00711060599997,-15.54788685799997],[-71.00490572999996,-15.551327732999937],[-71.00476073099986,-15.553513357999918],[-71.00786585599991,-15.558806232999927],[-71.00817873099987,-15.563968608999915],[-71.00618748099987,-15.56904310799996],[-71.00143435499996,-15.57584185899998],[-71.00037385599995,-15.580410857999937],[-71.00086973099997,-15.583532357999843],[-71.00341798099987,-15.59059710799994],[-71.00514222999988,-15.592650357999958],[-71.00678248099996,-15.596921982999959],[-71.00563047999998,-15.598565107999946],[-71.0062103549999,-15.602425608999965],[-71.01401523099997,-15.608612107999875],[-71.01937848099982,-15.612151107999978],[-71.02639773099997,-15.613094357999955],[-71.02924360599991,-15.616463482999904],[-71.03859710499995,-15.618103982999912],[-71.04647060499991,-15.623683982999864],[-71.05172735599996,-15.626801482999952],[-71.05951685599996,-15.633365607999963],[-71.06575772999997,-15.63443185799997],[-71.0692824809999,-15.634185732999981],[-71.07338710599998,-15.636237232999974],[-71.07518773099986,-15.633939733999966],[-71.07833860599999,-15.631688107999878],[-71.08063510599999,-15.632277483999815],[-71.08204660599989,-15.635986357999911],[-71.08563998099993,-15.63922410799995],[-71.0876007309999,-15.63972285799997],[-71.08975985599994,-15.642461732999948],[-71.09233098099998,-15.649290857999915],[-71.0957717309999,-15.653164857999911],[-71.09688572999988,-15.657849357999908],[-71.09925847999989,-15.660716108999964],[-71.10104373099983,-15.669314357999951],[-71.10160060499999,-15.675455107999937],[-71.10299685599995,-15.677520857999866],[-71.10614773099996,-15.67989160799982],[-71.11167910599988,-15.682642982999937],[-71.11321260599993,-15.684847857999898],[-71.11636348099995,-15.686501482999972],[-71.12178035499988,-15.693613108999955],[-71.12606048099991,-15.697941732999823],[-71.12928773099998,-15.704258858999879],[-71.13234710599994,-15.704501107999874],[-71.1340941059999,-15.703049607999958],[-71.13544460599991,-15.69987673299994],[-71.13527685599996,-15.696274733999928],[-71.13647460599998,-15.69472223299988],[-71.1407547309999,-15.694444607999912],[-71.14664460599988,-15.696665732999918],[-71.15142060599999,-15.700442357999975],[-71.15392297999989,-15.70047660799986],[-71.15643310499996,-15.698568482999974],[-71.1640701049999,-15.695172357999922],[-71.17237085599999,-15.690122607999967],[-71.18367773099999,-15.68856810799997],[-71.19378660599989,-15.684601732999965],[-71.19586947999994,-15.681208607999963],[-71.20122523099997,-15.676251358999878],[-71.20612335599998,-15.67483235799989],[-71.20975498099995,-15.678688982999972],[-71.21324922999997,-15.680640232999963],[-71.22078710599999,-15.681456607999905],[-71.22629548099997,-15.680158607999886],[-71.23063660599996,-15.67823410799997],[-71.24095148099997,-15.676124607999952],[-71.24308023099996,-15.67494873399994],[-71.24528498099994,-15.672157232999893],[-71.2487411059999,-15.664980857999979],[-71.25463098099982,-15.660424232999958],[-71.2590408559999,-15.659585982999886],[-71.26470185599999,-15.657500232999894],[-71.27417760599991,-15.651799232999963],[-71.27825160599986,-15.650602357999901],[-71.2859878559999,-15.650981733999913],[-71.28942873099999,-15.647460982999974],[-71.29586023099989,-15.64407623299985],[-71.30155185599995,-15.642098482999813],[-71.30406185599998,-15.64028548399989],[-71.30509185599993,-15.637111607999941],[-71.30171198099993,-15.633114857999885],[-71.30661773099996,-15.629652982999914],[-71.31049348099998,-15.630023982999944],[-71.31407923099994,-15.62907598399994],[-71.31609348099988,-15.630600982999908],[-71.31943510599996,-15.628952982999976],[-71.32159423099995,-15.62887860799998],[-71.32480623099997,-15.623849857999971],[-71.32814785599993,-15.621870982999951],[-71.3313979809999,-15.622047483999893],[-71.33087160599996,-15.618178357999966],[-71.33219148099994,-15.61584760799991],[-71.33448785599995,-15.614859608999893],[-71.33919523099996,-15.614513357999954],[-71.34527585599994,-15.619746232999944],[-71.35007473099989,-15.624464982999825],[-71.35287473099993,-15.628726982999922],[-71.35769648099983,-15.632980358999873],[-71.36086260599996,-15.634761858999923],[-71.36618048099996,-15.63398260799994],[-71.37060548099998,-15.631271357999879],[-71.37626648099996,-15.625747733999901],[-71.3819351059999,-15.623296732999961],[-71.38562773099994,-15.623870857999975],[-71.38809198099989,-15.627614983999933],[-71.38544460599996,-15.632722858999898],[-71.38640610599992,-15.634417482999936],[-71.39152523099983,-15.63673023299998],[-71.39295960599992,-15.641426108999951],[-71.39238735599992,-15.64671323399989],[-71.39363098099989,-15.649175607999894],[-71.39783473099999,-15.654272982999942],[-71.40272523099998,-15.65694710799994],[-71.40328985599996,-15.659958857999925],[-71.40592960599997,-15.665866857999902],[-71.40709685599984,-15.67052173299993],[-71.40990448099996,-15.67509360799994],[-71.41426098099998,-15.677212732999863],[-71.42176823099999,-15.67907423399987],[-71.42673498099998,-15.679652233999889],[-71.43369298099987,-15.678091982999945],[-71.43811035599998,-15.677613232999931],[-71.44108585599997,-15.67647835799994],[-71.4516601059999,-15.67717748299998],[-71.45707685599984,-15.680677357999912],[-71.46379085599989,-15.684279482999955],[-71.4689178559999,-15.68498423299991],[-71.47108460599998,-15.685982732999946],[-71.47766110599991,-15.69606585899993],[-71.48121648099993,-15.698622732999922],[-71.48426823099999,-15.70261385799995],[-71.49031835599999,-15.707790357999954],[-71.49194335699991,-15.716271357999858],[-71.4944992309999,-15.718142482999951],[-71.49568173099993,-15.720949232999942],[-71.49865710599994,-15.724935482999967],[-71.49922948099987,-15.728111232999936],[-71.50148773099994,-15.731947857999842],[-71.51123810699994,-15.736067732999913],[-71.51397710599991,-15.73289110899998],[-71.51289373099996,-15.727988232999962],[-71.51078035599983,-15.72467710799998],[-71.50735473099996,-15.721154232999936],[-71.50885773099998,-15.714659732999905],[-71.50610348099991,-15.709125482999866],[-71.50533298099992,-15.70425798399998],[-71.5079271059999,-15.698174483999878],[-71.51041410599998,-15.695076983999911],[-71.51790623199992,-15.688834232999966],[-71.51982885599995,-15.68663785799987],[-71.52113348099988,-15.683034857999928],[-71.52128598099989,-15.671883608999906],[-71.52244573099995,-15.667230608999944],[-71.5254822309999,-15.658768607999946],[-71.52564235599993,-15.6533718579999],[-71.52850335599993,-15.644327108999903],[-71.53006748099995,-15.642104108999945],[-71.5301818559999,-15.636065482999982],[-71.53372198099999,-15.63164610799987],[-71.52504735599996,-15.627556857999934],[-71.52104185599995,-15.62400435799998],[-71.51478573099996,-15.620976482999936],[-71.50498960599987,-15.613428107999937],[-71.49748998099983,-15.61000348399989],[-71.4935073559999,-15.60739998299988],[-71.48925023099991,-15.606592233999947],[-71.48532873099998,-15.603416482999876],[-71.48191835599988,-15.601830482999958],[-71.47896573099996,-15.599148733999982],[-71.47746273099995,-15.596275357999957],[-71.46994785599998,-15.587301232999948],[-71.46890260599997,-15.581525857999907],[-71.47292323099992,-15.578309107999928],[-71.47270960699996,-15.575746482999932],[-71.47061923099989,-15.570366857999943],[-71.47287748099995,-15.565675732999864],[-71.47442610599995,-15.563945732999969],[-71.47653960599985,-15.559329983999817],[-71.47676085599994,-15.554218232999972],[-71.48007960599989,-15.549447982999936],[-71.48057560599983,-15.54583273299994],[-71.48317735599989,-15.53966523299988],[-71.48509973099988,-15.537772232999941],[-71.49093623199997,-15.535456607999834],[-71.49247735599994,-15.533932857999957],[-71.49218748099986,-15.531207107999933],[-71.49391173099997,-15.524031607999973],[-71.49866485599995,-15.520934107999949],[-71.4947814809999,-15.51974198299996],[-71.49314885599989,-15.513531732999866],[-71.48924260599989,-15.511501357999919],[-71.48773198099997,-15.512854607999884],[-71.48466485699987,-15.511182732999941],[-71.48149873099999,-15.512556107999956],[-71.47966760699984,-15.51100348299991],[-71.47899623099988,-15.508415232999937],[-71.47563173099996,-15.504932357999962],[-71.47419735599993,-15.502344107999932],[-71.46995548099994,-15.499319107999952],[-71.46520235599996,-15.497308607999969],[-71.46257023099997,-15.491834607999976],[-71.4611587309999,-15.49099823299997],[-71.45723723099997,-15.492490732999954],[-71.44956210599997,-15.491476107999915],[-71.44640348099995,-15.489240607999932],[-71.44344335599999,-15.488901107999936],[-71.43819423099995,-15.486956607999957],[-71.43541723099997,-15.484556232999978],[-71.43171698099997,-15.476457482999933],[-71.43157960599996,-15.47271348299995],[-71.43340298099992,-15.468640357999902],[-71.43293760599988,-15.464381107999827],[-71.43120573099992,-15.462227857999835],[-71.43134310599993,-15.459559482999964],[-71.43017573099996,-15.456844357999898],[-71.42301173099992,-15.45211698299994],[-71.42070010599997,-15.448587357999827],[-71.4200134809999,-15.445844607999902],[-71.41561885599998,-15.437746107999942],[-71.41416173099998,-15.43615535799995],[-71.41471860599995,-15.43168923299993],[-71.40771485599998,-15.428767107999931],[-71.40447998099995,-15.42827323299997],[-71.40318298099999,-15.424232482999969],[-71.39999385599992,-15.42243673299987],[-71.39002973099997,-15.420327232999966],[-71.38271335599984,-15.426432607999914],[-71.38091273099997,-15.432134607999899],[-71.37956998099997,-15.43428898299993],[-71.37597660599994,-15.43469335799989],[-71.37139898099991,-15.43177510799984],[-71.36609648099994,-15.432942357999934],[-71.35877985599996,-15.436489107999876],[-71.35401898099991,-15.435411482999882],[-71.35067748099993,-15.43174173299991],[-71.34797673099996,-15.423687982999922],[-71.34589385599992,-15.413357732999827],[-71.34883885599987,-15.409245482999836],[-71.34849548099999,-15.40642373299994],[-71.34498598099992,-15.404493357999911],[-71.34237673099994,-15.401329982999926],[-71.34202573099998,-15.397043232999977],[-71.33976748099997,-15.392560982999953],[-71.33271785599999,-15.38534548299998],[-71.32737735599994,-15.378340732999902],[-71.32585910599994,-15.373012482999968],[-71.32341760599996,-15.37012010799998],[-71.31613160599994,-15.364071857999875],[-71.31434623099994,-15.362100607999935],[-71.31423948099996,-15.35798260799993],[-71.31061548099996,-15.353381107999951],[-71.30773923099991,-15.354019107999875],[-71.30532073099994,-15.353427857999975],[-71.30059047999998,-15.350462857999958],[-71.29712673099988,-15.350683232999927],[-71.29460898099995,-15.348692857999879],[-71.2905119809999,-15.347121232999882],[-71.28872685599998,-15.34537698299988],[-71.28659823099997,-15.33891773299996],[-71.28317260599988,-15.336687107999978],[-71.27886960599983,-15.335029607999957],[-71.27523798099998,-15.330849606999948],[-71.26925660599989,-15.327722607999874],[-71.26515198099992,-15.32394310799998],[-71.26075748099993,-15.31614585699998],[-71.26031498099991,-15.311885857999869],[-71.25443273099995,-15.304203107999967],[-71.25275423099998,-15.29989723299991],[-71.24970248099999,-15.295834482999965],[-71.24327085599992,-15.290936482999939],[-71.24089048099995,-15.286843357999942],[-71.2404174809999,-15.284577357999979],[-71.24213410599992,-15.279168107999965],[-71.24337773099995,-15.27255248299997],[-71.24219510599983,-15.269456857999955],[-71.23964685599992,-15.266923857999927],[-71.23939510599996,-15.264731357999949],[-71.23409273099992,-15.263999982999849],[-71.22864535599996,-15.260600981999971],[-71.22707373099996,-15.257384357999854],[-71.22476960599988,-15.250622732999943],[-71.22276310599989,-15.249709232999919],[-71.21621698099995,-15.24967285799994],[-71.21343998099996,-15.245213357999944],[-71.2096404809999,-15.243901232999974],[-71.20661923099993,-15.243977732999895],[-71.20207972999998,-15.245132481999974]]]]},"properties":{"ubigeo":"040205","nombre":"CALLALLI"}},{"type":"Feature","geometry":{"type":"MultiPolygon","coordinates":[[[[-71.57859810599984,-15.571886982999956],[-71.57637010599996,-15.572644232999835],[-71.57254023099989,-15.572211232999962],[-71.57115173099993,-15.574136732999932],[-71.57270823199997,-15.57628348299994],[-71.57749935699997,-15.577433607999978],[-71.58061223099998,-15.579912357999888],[-71.58199310599997,-15.583152732999963],[-71.58042910599988,-15.58586123299989],[-71.58112335599998,-15.591258108999853],[-71.58227535599997,-15.592637107999906],[-71.58375548099997,-15.59717373299992],[-71.58376310599988,-15.600517232999891],[-71.58681485599988,-15.603181857999914],[-71.58583823099991,-15.609384482999928],[-71.58636473099995,-15.61350823299989],[-71.59272760599998,-15.616710607999948],[-71.59362798199999,-15.619955107999886],[-71.59608460599992,-15.621302607999894],[-71.59590910599997,-15.623894732999872],[-71.59722898099994,-15.627577732999953],[-71.59896848099999,-15.629847482999935],[-71.60151660599996,-15.63115210899997],[-71.60509485599988,-15.634230607999939],[-71.60841373099998,-15.633414107999954],[-71.60897060599996,-15.636519482999972],[-71.61252598099998,-15.639308982999921],[-71.61540235599983,-15.64021298299997],[-71.61650848099998,-15.648058857999956],[-71.62234498099997,-15.652970357999891],[-71.62511448099997,-15.652406732999964],[-71.62823485599995,-15.65469935799996],[-71.63111110599982,-15.65434360799992],[-71.64519498099992,-15.646726607999938],[-71.6476746059999,-15.644078232999902],[-71.64764398099987,-15.640107107999881],[-71.64895635599993,-15.638949357999934],[-71.65540310599988,-15.639911607999977],[-71.66001110599996,-15.641290608999952],[-71.66148373099992,-15.64518735799993],[-71.66383360599997,-15.646115357999975],[-71.6642303569999,-15.649273857999958],[-71.66709898099992,-15.650297107999961],[-71.66838835599987,-15.653758107999977],[-71.67218785599982,-15.657859857999881],[-71.67462160599985,-15.659007982999924],[-71.67736810599996,-15.658851607999964],[-71.67920685599995,-15.66110135799994],[-71.6799468559999,-15.658492107999962],[-71.67726135599992,-15.653780982999933],[-71.67621610599997,-15.648322107999945],[-71.6763077309999,-15.643644357999904],[-71.67768098099992,-15.639590232999922],[-71.68183135699996,-15.634598732999962],[-71.68306735599998,-15.629113358999916],[-71.68247985699998,-15.621602107999934],[-71.68358610699994,-15.616026857999941],[-71.68234248199997,-15.611159357999895],[-71.68300623099992,-15.604124107999894],[-71.68172460599993,-15.598946607999892],[-71.68221273099988,-15.596734107999964],[-71.6815033559999,-15.5933713579999],[-71.68252560599996,-15.58753110799995],[-71.68159485699994,-15.58505348299991],[-71.68479910599996,-15.582215357999928],[-71.68405910599989,-15.58003410799995],[-71.68058010599998,-15.575438357999928],[-71.68032835599996,-15.571518857999877],[-71.67756648099999,-15.565630857999963],[-71.67872623199997,-15.56166760899987],[-71.68200685699992,-15.556882857999938],[-71.68238073199996,-15.552381482999976],[-71.68701173199997,-15.547476732999883],[-71.68707273099994,-15.543047982999894],[-71.68339535599995,-15.534416232999888],[-71.68388360699993,-15.531822233999947],[-71.68637085599994,-15.528338482999914],[-71.68859098099989,-15.526802982999982],[-71.68976598099994,-15.524021107999943],[-71.68406673099992,-15.518857982999918],[-71.67906185699997,-15.517070732999855],[-71.67617798099991,-15.516717857999879],[-71.67081448099998,-15.518197107999981],[-71.66687773099994,-15.516934357999958],[-71.66236873099996,-15.516415607999932],[-71.65908048199998,-15.51709273299997],[-71.65488435599997,-15.519495982999956],[-71.65261835599995,-15.520037607999939],[-71.64675910599993,-15.526267108999946],[-71.64949798199996,-15.532192232999932],[-71.6484527309999,-15.539774857999817],[-71.64279935599995,-15.545226107999838],[-71.64093785699993,-15.547663732999979],[-71.64064785599993,-15.55280685799994],[-71.63765710599989,-15.552691482999876],[-71.63380435599998,-15.55646798299989],[-71.62808985599997,-15.559190732999923],[-71.62384798099998,-15.55922985799998],[-71.61724085599997,-15.560474357999908],[-71.61200710599991,-15.557396857999834],[-71.61047360599997,-15.55976385799994],[-71.60057835699996,-15.567464857999937],[-71.59733585599997,-15.568329857999913],[-71.58943935599996,-15.568916357999854],[-71.58409123099995,-15.572714857999927],[-71.57859810599984,-15.571886982999956]]]]},"properties":{"ubigeo":"040206","nombre":"COPORAQUE"}},{"type":"Feature","geometry":{"type":"MultiPolygon","coordinates":[[[[-71.98704523099997,-15.799224857999889],[-71.99323273199991,-15.80518535799996],[-71.99685673099998,-15.81393435799987],[-72.00144960699998,-15.820650108999814],[-72.00454710699984,-15.824449482999853],[-72.00746173199985,-15.826128983999979],[-72.01020048199996,-15.83010485799997],[-72.01073460699985,-15.834081607999963],[-72.00975798199994,-15.837528232999944],[-72.0109939809999,-15.840532357999962],[-72.01187135599992,-15.845641107999882],[-72.0134201059999,-15.846502358999942],[-72.0199661069999,-15.846286732999943],[-72.02220148199996,-15.84465123299998],[-72.02287298199991,-15.841426857999977],[-72.02697748199995,-15.838864357999967],[-72.0337524819999,-15.833084107999923],[-72.03358460599998,-15.83069223299998],[-72.03649898099997,-15.829546982999886],[-72.04740148199994,-15.834218982999914],[-72.04721835699996,-15.839201982999953],[-72.05015560699997,-15.844318357999953],[-72.05296323199985,-15.846872358999974],[-72.05642698199983,-15.852156607999973],[-72.06155398199985,-15.857544857999926],[-72.06648248199997,-15.86156460799998],[-72.0686416069999,-15.862624107999977],[-72.06811523199997,-15.864620233999915],[-72.07520298099996,-15.874806358999933],[-72.0778732309999,-15.876433357999929],[-72.08507535699994,-15.879210483999941],[-72.09082798199984,-15.882210733999841],[-72.09622960599984,-15.884052233999967],[-72.09819798199999,-15.887709607999966],[-72.10107423099993,-15.891146608999975],[-72.11016085699993,-15.89104085899993],[-72.11566160599995,-15.89419835799987],[-72.11814123199997,-15.897156732999974],[-72.11865998199988,-15.89950560799997],[-72.12057498199988,-15.900766358999931],[-72.12509923199985,-15.901375732999895],[-72.12788385599993,-15.903376607999974],[-72.13023373199997,-15.906682983999815],[-72.12960048099995,-15.913658982999948],[-72.13455198199995,-15.912408857999822],[-72.14090723199996,-15.912028358999976],[-72.14427948199994,-15.912734983999883],[-72.1475448569999,-15.916867232999948],[-72.15098573199998,-15.917757858999892],[-72.15396123199997,-15.916704233999951],[-72.16271210699995,-15.909418107999898],[-72.16548923199997,-15.906318732999978],[-72.16679385599991,-15.907514608999975],[-72.16663360699988,-15.912517608999849],[-72.16864010699999,-15.91664985899996],[-72.17319485699988,-15.92107485899993],[-72.17795560699989,-15.924200982999935],[-72.17877198199994,-15.926784482999892],[-72.18080898199992,-15.92855173299995],[-72.18540185699999,-15.936819983999953],[-72.18952935599998,-15.940358107999884],[-72.19230648199988,-15.941862108999885],[-72.19680023199999,-15.941801107999822],[-72.19991298199989,-15.945983857999977],[-72.20162960599998,-15.9469108589999],[-72.21045685699994,-15.943270732999906],[-72.21258535599992,-15.944061232999957],[-72.21543885699992,-15.948387107999963],[-72.21763610699992,-15.950207732999957],[-72.21767423099988,-15.95237460899989],[-72.22308348199988,-15.957525233999945],[-72.22360235699995,-15.961045233999926],[-72.22535698199988,-15.961474357999919],[-72.23165898199994,-15.959897983999952],[-72.23394010699997,-15.957055107999906],[-72.23878473199989,-15.953941357999952],[-72.23970798199997,-15.950827608999873],[-72.24127198199989,-15.949439108999854],[-72.24941248199985,-15.946021108999844],[-72.25380723199993,-15.945431732999907],[-72.25875085699988,-15.942748982999888],[-72.26358798199988,-15.94344710799993],[-72.26968398199989,-15.941414858999906],[-72.27435298099994,-15.936841982999908],[-72.27684023199993,-15.935355232999939],[-72.2807922319999,-15.931586232999905],[-72.29259485699998,-15.92692660899985],[-72.29621885699999,-15.923507607999909],[-72.29653173199995,-15.921036733999927],[-72.29417423199993,-15.917941108999969],[-72.29339598199994,-15.91479873399993],[-72.29090123199984,-15.911379857999918],[-72.29067235699989,-15.909555483999895],[-72.29232773199993,-15.907425858999886],[-72.29167173199988,-15.902487732999873],[-72.28996273199988,-15.899826107999843],[-72.28881073099996,-15.89616585799996],[-72.28756710699992,-15.887906107999981],[-72.28607948199993,-15.885809857999902],[-72.28240960699998,-15.883845358999906],[-72.28219610599996,-15.882137357999966],[-72.28573610699993,-15.880727733999947],[-72.28864285699996,-15.876328482999952],[-72.29059598199996,-15.874843482999893],[-72.29600523199997,-15.874202732999834],[-72.29783635699988,-15.872616733999962],[-72.29709623199994,-15.867478357999971],[-72.29789723199997,-15.86520673299998],[-72.29962923199997,-15.85053160799987],[-72.29644773199993,-15.84087660799986],[-72.29763035699989,-15.839696857999854],[-72.29743960699994,-15.833641107999824],[-72.29618835699995,-15.830810607999922],[-72.29822535599999,-15.82442948299996],[-72.30136110699993,-15.819810857999983],[-72.30461885699992,-15.817603232999943],[-72.30802160699983,-15.816741982999929],[-72.31292723099989,-15.814255732999982],[-72.31243135599993,-15.812313857999982],[-72.30855560699996,-15.809499732999939],[-72.30571748199998,-15.808535607999943],[-72.30437473199999,-15.805695482999965],[-72.30380248199998,-15.801548982999975],[-72.30021673199991,-15.799761733999901],[-72.2976532319999,-15.797378483999978],[-72.29475410699996,-15.797394733999965],[-72.2931747319999,-15.794044483999869],[-72.28547673199989,-15.799179983999977],[-72.28442385699998,-15.801933233999875],[-72.28211973199996,-15.801677732999963],[-72.27779385699995,-15.803070108999975],[-72.27570348199993,-15.802430108999943],[-72.27513885599996,-15.795103107999978],[-72.27439123199997,-15.793677357999968],[-72.27593223199995,-15.78964235799998],[-72.27466585599996,-15.786896732999935],[-72.27619173199992,-15.7833928579999],[-72.27114873199992,-15.77590448299992],[-72.27103423199998,-15.772853858999838],[-72.26623535699991,-15.769404357999974],[-72.26398473199993,-15.765839607999965],[-72.26106260699993,-15.763503983999897],[-72.26071935699997,-15.761822732999974],[-72.25743085699992,-15.759314482999912],[-72.25757598199993,-15.757154482999908],[-72.25419610699998,-15.756239857999901],[-72.25347898199988,-15.754267732999892],[-72.25485235699989,-15.750255608999908],[-72.25087735599982,-15.747539482999912],[-72.24807735699994,-15.743107733999864],[-72.2437743569999,-15.73863310799993],[-72.24528498099994,-15.735808357999872],[-72.2446899819999,-15.729503607999845],[-72.24119573099989,-15.727125107999939],[-72.23722835699988,-15.723341982999841],[-72.23638135699997,-15.721443232999945],[-72.23625185699984,-15.716204607999941],[-72.23330685699989,-15.711843483999871],[-72.23069010699999,-15.706937732999961],[-72.22783660599998,-15.705119107999849],[-72.2252883569999,-15.699189232999913],[-72.22148898199987,-15.696224232999896],[-72.22031398199988,-15.694203357999925],[-72.21743773199995,-15.69262310799985],[-72.21518710699996,-15.688081732999876],[-72.20906835699998,-15.681509982999955],[-72.20491785699994,-15.680669732999888],[-72.20108798199993,-15.677728607999825],[-72.19723510699993,-15.675626732999888],[-72.19516748199999,-15.673527732999958],[-72.19017023199996,-15.671420107999836],[-72.18569948099997,-15.667983982999942],[-72.18045810699994,-15.66718573299994],[-72.1777267309999,-15.66608623399992],[-72.17474373199997,-15.662974358999918],[-72.17129510699993,-15.663162232999923],[-72.16315460599998,-15.659712732999878],[-72.16011048199988,-15.656070733999911],[-72.15628810699991,-15.654009858999927],[-72.15475460699997,-15.65111535799997],[-72.15036010699998,-15.647191107999902],[-72.14780423199988,-15.64336485799987],[-72.14317323199998,-15.639825857999881],[-72.1395034819999,-15.63440423399993],[-72.13808435699991,-15.629072233999977],[-72.12966160699995,-15.621011733999978],[-72.12656398199988,-15.620316482999954],[-72.12361160699987,-15.617800732999967],[-72.12126160699995,-15.61463835799998],[-72.11518098099998,-15.612043357999937],[-72.11497498199998,-15.61031060899984],[-72.10789498199995,-15.606447232999926],[-72.10558323199996,-15.609716357999957],[-72.10359960599999,-15.614015607999875],[-72.09851073199991,-15.619722357999876],[-72.09887698099993,-15.624510732999966],[-72.09738160699993,-15.63237385899987],[-72.0959243559999,-15.634143858999948],[-72.0868453569999,-15.640514482999947],[-72.08543398199993,-15.642229982999936],[-72.08042148199996,-15.643777732999922],[-72.07733148199992,-15.648873357999946],[-72.0755233569999,-15.65060310799987],[-72.06916048199992,-15.653503358999956],[-72.06611635599995,-15.653767607999953],[-72.06439210599984,-15.65925773299989],[-72.06204985699992,-15.661175733999869],[-72.06242373199996,-15.66309360799994],[-72.06663510599998,-15.664917982999896],[-72.07089235699988,-15.668753607999918],[-72.07392123099993,-15.669052107999903],[-72.08100123199989,-15.665485358999945],[-72.08561710699996,-15.666069983999932],[-72.08585360699993,-15.66963673299989],[-72.08363348099982,-15.673262608999948],[-72.07824710599994,-15.675600982999981],[-72.07450860699993,-15.678584107999882],[-72.06965648099992,-15.67916873299987],[-72.06766510699993,-15.680104232999895],[-72.06404110599993,-15.689167982999948],[-72.05894473099994,-15.69593048399986],[-72.0572052309999,-15.699859607999883],[-72.05634310599999,-15.70628735799994],[-72.05922698099994,-15.71243860899989],[-72.05867773199998,-15.713709733999906],[-72.05496210599995,-15.715564732999837],[-72.05080410699998,-15.71903510899989],[-72.04663848199993,-15.724795357999938],[-72.04209135699995,-15.725353232999964],[-72.04157260699992,-15.73222535799988],[-72.04264835599992,-15.73531823299993],[-72.03959660699996,-15.737680482999963],[-72.03933698199995,-15.739226358999872],[-72.04157260599999,-15.743048608999857],[-72.04071810599999,-15.746914857999911],[-72.03916935699993,-15.748074482999925],[-72.03749085699997,-15.75254060799989],[-72.0371476059999,-15.75571923299998],[-72.03484348199993,-15.762844982999923],[-72.02893060699995,-15.770091108999964],[-72.0267104809999,-15.774724983999931],[-72.02160648099994,-15.776626607999958],[-72.02141573099993,-15.779210982999928],[-72.02251435699998,-15.782394357999976],[-72.0217437309999,-15.786337857999968],[-72.01470185699992,-15.790725608999935],[-72.00347898199993,-15.799041857999953],[-71.99766535699996,-15.79909223299984],[-71.99414060699996,-15.799704608999946],[-71.98704523099997,-15.799224857999889]]]]},"properties":{"ubigeo":"040207","nombre":"HUAMBO"}},{"type":"Feature","geometry":{"type":"MultiPolygon","coordinates":[[[[-71.70433810599985,-15.93370535899993],[-71.70629123099997,-15.936469107999812],[-71.70927423099988,-15.94284348399998],[-71.71146398099995,-15.946179357999881],[-71.70917510599992,-15.956443732999958],[-71.70668035699993,-15.960924108999961],[-71.7067261059999,-15.96580123299998],[-71.70565035699997,-15.969683607999968],[-71.70613098199993,-15.974967983999932],[-71.70726773099994,-15.97680085899998],[-71.7069549819999,-15.983750358999885],[-71.70971685699993,-15.98540498299991],[-71.71637723199996,-15.98701460899997],[-71.72128298199988,-15.989078483999947],[-71.72454073099988,-15.989056607999885],[-71.7270659809999,-15.99242110899985],[-71.73085785599994,-15.999845483999877],[-71.73555760699998,-16.00264948399996],[-71.73435973099998,-16.008367482999972],[-71.73479460699997,-16.01029773399995],[-71.73777773099988,-16.01331898399991],[-71.73796085599986,-16.016197233999947],[-71.74342348099992,-16.019765858999904],[-71.74535373199996,-16.022605857999963],[-71.74921423099988,-16.024753607999855],[-71.7554168559999,-16.03043173399982],[-71.76115423099998,-16.031387357999904],[-71.76409910699994,-16.033531232999962],[-71.76927948199989,-16.032506982999905],[-71.77433773099995,-16.033189733999848],[-71.7815093559999,-16.03610223299995],[-71.78245548099994,-16.037099858999966],[-71.7868423569999,-16.037269482999875],[-71.79179385599997,-16.039398232999815],[-71.79455560599996,-16.041933107999853],[-71.80021673199985,-16.04374123399998],[-71.80739598199995,-16.04961973299993],[-71.81516260599994,-16.050815608999926],[-71.81571960599996,-16.05182648399989],[-71.81558985699996,-16.05772398299996],[-71.81688685599988,-16.061202983999976],[-71.81829073199998,-16.062347358999887],[-71.82426448199988,-16.060424857999976],[-71.82697298199997,-16.058752108999954],[-71.82879635599994,-16.06241985899993],[-71.83235173099996,-16.0675658589999],[-71.8365249819999,-16.069400732999952],[-71.83904260699995,-16.082473608999976],[-71.84077448099998,-16.086374233999948],[-71.84562685599991,-16.09101485899987],[-71.84812160599995,-16.094455733999894],[-71.85337060599994,-16.097608608999906],[-71.85701748099996,-16.100395232999915],[-71.86250323199988,-16.101213358999928],[-71.86479948099998,-16.10473635799991],[-71.86620348199989,-16.112199733999887],[-71.86641673199995,-16.117986108999958],[-71.86770698199996,-16.12150585799992],[-71.86987498099984,-16.13018160899992],[-71.87116410599998,-16.131294983999965],[-71.88083598199984,-16.136628857999938],[-71.88306248099991,-16.138386733999823],[-71.88734185599998,-16.144658233999962],[-71.8894512309999,-16.146123107999927],[-71.8927929809999,-16.146533233999833],[-71.89859373199988,-16.148234357999968],[-71.90439635699994,-16.15116410899992],[-71.90691798099994,-16.158197358999928],[-71.91272073199991,-16.158900358999972],[-71.9174082319999,-16.156615233999844],[-71.92116010699993,-16.153390608999928],[-71.92872073099994,-16.148292982999862],[-71.93387885699997,-16.146005858999956],[-71.94636323099996,-16.142431608999914],[-71.95327935699993,-16.144951232999915],[-71.95734410599994,-16.14372823399998],[-71.96082623199999,-16.14041410799996],[-71.9623302309999,-16.13803910899992],[-71.96548448099986,-16.137285233999876],[-71.96868135599988,-16.139583608999885],[-71.97417448199997,-16.14138035899998],[-71.98031610599992,-16.139432857999964],[-71.98715973099996,-16.138034858999845],[-71.99623110699991,-16.138612732999945],[-71.99304960699993,-16.136371607999877],[-71.98895260699999,-16.135520983999925],[-71.98702235699994,-16.13413423399993],[-71.98370360599989,-16.129693983999914],[-71.97616573099998,-16.124856983999905],[-71.97084810699994,-16.12345123299997],[-71.96697235599987,-16.12055773399993],[-71.96489710599991,-16.120113483999944],[-71.96134948199995,-16.116291107999928],[-71.96056360599994,-16.11452673399998],[-71.95169835599995,-16.111764857999958],[-71.94377135699983,-16.10789485899994],[-71.93753048199994,-16.106588358999943],[-71.93331910699999,-16.103471733999925],[-71.92737573099993,-16.101573982999923],[-71.92346185599985,-16.098844482999937],[-71.91886135699997,-16.09361460799994],[-71.91542048199994,-16.09147260799989],[-71.91348260699988,-16.088018358999932],[-71.91349798099992,-16.08304973399987],[-71.91513823099984,-16.076385357999925],[-71.91345210599997,-16.07101635799995],[-71.90881348199991,-16.06062685899991],[-71.90608210699997,-16.06157685799991],[-71.90400685699996,-16.0602244829999],[-71.90536498099988,-16.05610085899997],[-71.90334323199994,-16.051971482999875],[-71.89384460599996,-16.047059858999944],[-71.89070123099992,-16.040569358999903],[-71.89002985699989,-16.03653148299992],[-71.89405060599995,-16.025031982999963],[-71.89218135699991,-16.020694732999914],[-71.89210510599992,-16.013555357999962],[-71.89118960699994,-16.011016858999938],[-71.89218135699991,-16.003658233999943],[-71.8941649819999,-15.9997577339999],[-71.89501185699999,-15.995489232999944],[-71.89537048199992,-15.989892982999834],[-71.89778135599983,-15.989273982999975],[-71.90334323099995,-15.990834233999976],[-71.90328210599995,-15.985913232999962],[-71.90453335599989,-15.984174733999907],[-71.90860748099993,-15.98265260799991],[-71.91191098199988,-15.980410608999875],[-71.90483098099992,-15.976921983999887],[-71.89736185699991,-15.97926710799993],[-71.89505773199988,-15.979021107999927],[-71.89131160599999,-15.98010735899993],[-71.88878635599997,-15.977619232999928],[-71.88417810599998,-15.97616385799995],[-71.87782285599991,-15.970693608999966],[-71.87716673099999,-15.965009607999946],[-71.87327573099992,-15.957662607999907],[-71.87354273099999,-15.952070232999972],[-71.87528985599994,-15.947933233999947],[-71.87667073199998,-15.947118732999968],[-71.87680048099998,-15.943245857999898],[-71.87477110599991,-15.940830233999975],[-71.87258148199993,-15.935360858999957],[-71.87569423199994,-15.934351982999942],[-71.87778460699997,-15.932234732999916],[-71.87368760599998,-15.92589660799996],[-71.8695754819999,-15.923026983999932],[-71.86518860599995,-15.923876733999919],[-71.86150360699997,-15.923153858999967],[-71.8578338559999,-15.921103483999957],[-71.85666660599998,-15.917476607999902],[-71.85092923199988,-15.916289357999972],[-71.84844210599988,-15.916317983999875],[-71.84518435699982,-15.91424848299988],[-71.84320835699992,-15.910552982999832],[-71.84064485599993,-15.910480482999958],[-71.83781435699996,-15.913630482999906],[-71.83117673099997,-15.91312123399996],[-71.82929998099996,-15.909177733999968],[-71.82572173199992,-15.90675160799998],[-71.82384485699998,-15.902992232999964],[-71.82348635599988,-15.8982104829999],[-71.82074735599991,-15.892427483999882],[-71.81491085699992,-15.893970482999919],[-71.81092073199989,-15.892451357999903],[-71.80780798099994,-15.892270983999936],[-71.80702973199993,-15.894456858999945],[-71.80506135599995,-15.894484482999928],[-71.80393210599993,-15.89194673399993],[-71.79988098199988,-15.88792798399993],[-71.79709623099995,-15.889261233999946],[-71.79301448099989,-15.88473210799998],[-71.78978723099993,-15.886709232999976],[-71.78780360599995,-15.883566857999938],[-71.78414923199995,-15.883654608999848],[-71.78189848199997,-15.884714107999912],[-71.77921298099989,-15.892030733999945],[-71.77502435599996,-15.898170482999888],[-71.7710418559999,-15.902032857999927],[-71.76910398099994,-15.901189858999942],[-71.76617435599996,-15.901699107999889],[-71.76186373099995,-15.8988972329999],[-71.75990298099993,-15.894553232999897],[-71.75303648199997,-15.89138698399995],[-71.75133510599994,-15.889013233999947],[-71.74266810699987,-15.894946107999942],[-71.74034123199988,-15.897556357999974],[-71.73857110599988,-15.901064858999916],[-71.7316207319999,-15.910869608999917],[-71.72771448199984,-15.914970357999948],[-71.71998598199997,-15.917422232999911],[-71.7124099809999,-15.920553233999897],[-71.70791623199995,-15.923576358999924],[-71.70470423099994,-15.926802607999889],[-71.70433810599985,-15.93370535899993]]]]},"properties":{"ubigeo":"040208","nombre":"HUANCA"}},{"type":"Feature","geometry":{"type":"MultiPolygon","coordinates":[[[[-71.67920685599995,-15.66110135799994],[-71.68152623199995,-15.66081235799993],[-71.68641660599991,-15.656585732999872],[-71.68727110599991,-15.653861107999944],[-71.68971248199995,-15.652023357999951],[-71.69289398199993,-15.651443482999866],[-71.69554898199988,-15.65235523299998],[-71.6984176069999,-15.651857357999916],[-71.71015935599985,-15.65534398299991],[-71.71474460599995,-15.655051233999927],[-71.71857448199995,-15.648302982999894],[-71.72077160599986,-15.648001732999944],[-71.72488398099995,-15.645910232999881],[-71.72714998099991,-15.64613435799987],[-71.73135385599994,-15.644082107999964],[-71.73278048099996,-15.645312357999899],[-71.73744210699994,-15.645607107999865],[-71.73574060599992,-15.640719357999899],[-71.73604585599986,-15.637622857999872],[-71.73818973099998,-15.634064732999889],[-71.73619085599995,-15.631736732999912],[-71.73044585599996,-15.626735732999919],[-71.72631073199994,-15.618153607999943],[-71.72650910599992,-15.610620482999877],[-71.72474673099987,-15.605383857999868],[-71.72090910699995,-15.59126285799988],[-71.72138973099993,-15.585478732999945],[-71.72120660599995,-15.580327983999837],[-71.7247238569999,-15.578063107999924],[-71.72569273099998,-15.575845732999937],[-71.72549435699989,-15.572423982999908],[-71.72970585599995,-15.569820357999959],[-71.73183435699991,-15.566181232999952],[-71.72933198099997,-15.564326232999917],[-71.72605898099988,-15.559081982999885],[-71.7243501069999,-15.55335135799993],[-71.72400660599999,-15.54697510799997],[-71.72548673199998,-15.544820732999938],[-71.72496035599994,-15.539858857999945],[-71.7271348559999,-15.537197982999942],[-71.72799685699994,-15.533756357999948],[-71.73194885599997,-15.526767732999872],[-71.73281098099989,-15.524275732999854],[-71.7361678559999,-15.520707107999897],[-71.73587798099999,-15.517497982999942],[-71.73161310599983,-15.513505982999959],[-71.72700498099994,-15.512593232999905],[-71.72028348099997,-15.5104674829999],[-71.71585085699985,-15.510916732999931],[-71.70475010699994,-15.513652857999944],[-71.70348360599985,-15.515612607999913],[-71.69688410699996,-15.51872535799987],[-71.68976598099994,-15.524021107999943],[-71.68859098099989,-15.526802982999982],[-71.68637085599994,-15.528338482999914],[-71.68388360699993,-15.531822233999947],[-71.68339535599995,-15.534416232999888],[-71.68707273099994,-15.543047982999894],[-71.68701173199997,-15.547476732999883],[-71.68238073199996,-15.552381482999976],[-71.68200685699992,-15.556882857999938],[-71.67872623199997,-15.56166760899987],[-71.67756648099999,-15.565630857999963],[-71.68032835599996,-15.571518857999877],[-71.68058010599998,-15.575438357999928],[-71.68405910599989,-15.58003410799995],[-71.68479910599996,-15.582215357999928],[-71.68159485699994,-15.58505348299991],[-71.68252560599996,-15.58753110799995],[-71.6815033559999,-15.5933713579999],[-71.68221273099988,-15.596734107999964],[-71.68172460599993,-15.598946607999892],[-71.68300623099992,-15.604124107999894],[-71.68234248199997,-15.611159357999895],[-71.68358610699994,-15.616026857999941],[-71.68247985699998,-15.621602107999934],[-71.68306735599998,-15.629113358999916],[-71.68183135699996,-15.634598732999962],[-71.67768098099992,-15.639590232999922],[-71.6763077309999,-15.643644357999904],[-71.67621610599997,-15.648322107999945],[-71.67726135599992,-15.653780982999933],[-71.6799468559999,-15.658492107999962],[-71.67920685599995,-15.66110135799994]]]]},"properties":{"ubigeo":"040209","nombre":"ICHUPAMPA"}},{"type":"Feature","geometry":{"type":"MultiPolygon","coordinates":[[[[-71.65034385599995,-15.415882357999976],[-71.65576148199995,-15.41876323299988],[-71.65778498099996,-15.421024607999925],[-71.65909423099993,-15.428047232999859],[-71.66103073099993,-15.431653482999877],[-71.67298135599992,-15.44907860799998],[-71.67627710699986,-15.455128607999882],[-71.67687223099989,-15.458335857999941],[-71.67642973099998,-15.464616732999957],[-71.67731473099991,-15.474956482999971],[-71.67726135599992,-15.48029323299994],[-71.6750946059999,-15.490426982999963],[-71.67544560599998,-15.495394732999955],[-71.67870335599997,-15.49751760799984],[-71.6796646059999,-15.499399232999906],[-71.6811447319999,-15.506069233999881],[-71.67906185699997,-15.517070732999855],[-71.68406673099992,-15.518857982999918],[-71.68976598099994,-15.524021107999943],[-71.69688410699996,-15.51872535799987],[-71.70348360599985,-15.515612607999913],[-71.70475010699994,-15.513652857999944],[-71.71585085699985,-15.510916732999931],[-71.72028348099997,-15.5104674829999],[-71.72700498099994,-15.512593232999905],[-71.73161310599983,-15.513505982999959],[-71.73587798099999,-15.517497982999942],[-71.7361678559999,-15.520707107999897],[-71.73281098099989,-15.524275732999854],[-71.73194885599997,-15.526767732999872],[-71.72799685699994,-15.533756357999948],[-71.7271348559999,-15.537197982999942],[-71.72496035599994,-15.539858857999945],[-71.72548673199998,-15.544820732999938],[-71.72400660599999,-15.54697510799997],[-71.7243501069999,-15.55335135799993],[-71.72605898099988,-15.559081982999885],[-71.72933198099997,-15.564326232999917],[-71.73183435699991,-15.566181232999952],[-71.72970585599995,-15.569820357999959],[-71.72549435699989,-15.572423982999908],[-71.72569273099998,-15.575845732999937],[-71.7247238569999,-15.578063107999924],[-71.72120660599995,-15.580327983999837],[-71.72138973099993,-15.585478732999945],[-71.72090910699995,-15.59126285799988],[-71.72474673099987,-15.605383857999868],[-71.72650910599992,-15.610620482999877],[-71.72631073199994,-15.618153607999943],[-71.73044585599996,-15.626735732999919],[-71.73619085599995,-15.631736732999912],[-71.73818973099998,-15.634064732999889],[-71.73604585599986,-15.637622857999872],[-71.73574060599992,-15.640719357999899],[-71.73744210699994,-15.645607107999865],[-71.73948673099989,-15.641062732999899],[-71.74574285599988,-15.642855608999923],[-71.74680323099989,-15.639966983999955],[-71.75087735599993,-15.637497857999904],[-71.75782010599988,-15.635515232999921],[-71.76197810599984,-15.636157982999976],[-71.76361848199986,-15.634903857999973],[-71.76949310599991,-15.634014108999963],[-71.77165223099996,-15.63497448299995],[-71.77406310599991,-15.632877357999973],[-71.77690885599992,-15.634347982999884],[-71.77878560699997,-15.632326108999905],[-71.78278348099991,-15.632556983999848],[-71.78582773199997,-15.635648733999972],[-71.79090885599993,-15.633693732999916],[-71.79302973199992,-15.630148982999913],[-71.79495235699994,-15.630667732999939],[-71.79882048199988,-15.629111232999946],[-71.80042260599993,-15.626787107999917],[-71.80628185599994,-15.626237857999968],[-71.81082148099995,-15.623663983999961],[-71.80168448199998,-15.614094357999932],[-71.7995314819999,-15.607714982999937],[-71.79605098099995,-15.602506607999942],[-71.79534148199997,-15.600418107999872],[-71.79597460599996,-15.596391607999976],[-71.79331160599997,-15.593760107999913],[-71.79521948199994,-15.586645107999914],[-71.7936629809999,-15.58223535799982],[-71.7945174809999,-15.57878973399994],[-71.79240423099986,-15.576862357999971],[-71.78874210599997,-15.568618732999937],[-71.79083248199993,-15.566193607999878],[-71.79895023099994,-15.561604482999883],[-71.79949185599992,-15.559575982999831],[-71.79801060599993,-15.55399985799994],[-71.79860398099999,-15.55050598299988],[-71.80154960599998,-15.549927982999918],[-71.81094223199989,-15.552847982999936],[-71.81410260699994,-15.553322858999877],[-71.81976010599993,-15.551585107999927],[-71.82161073099996,-15.549897733999899],[-71.82188285699982,-15.54766610799993],[-71.82123085599994,-15.540768107999838],[-71.82109835599994,-15.532701482999869],[-71.8200988559999,-15.52630998299992],[-71.82225798199994,-15.52190023299994],[-71.81912998099995,-15.516955357999962],[-71.81971735699994,-15.513338107999914],[-71.82154848099987,-15.507680857999901],[-71.81961048199992,-15.503612482999927],[-71.82006835699997,-15.497631982999962],[-71.82133485599996,-15.493212732999893],[-71.82823185699993,-15.484564732999957],[-71.8292006069999,-15.482651732999955],[-71.82935335699995,-15.476732232999893],[-71.82756798199989,-15.474282232999883],[-71.82619473099999,-15.470042232999958],[-71.82962798099999,-15.462935482999853],[-71.8300552309999,-15.455592107999962],[-71.83121485599986,-15.45499998299988],[-71.83827973199988,-15.459501232999912],[-71.8421173559999,-15.460946107999916],[-71.84516910699989,-15.463291107999964],[-71.85121923199989,-15.465599982999947],[-71.85259248099993,-15.465342482999972],[-71.85734560599991,-15.460633232999953],[-71.86109923099997,-15.459882732999972],[-71.86790460599997,-15.460626607999927],[-71.87310785599988,-15.449014607999914],[-71.87243648199996,-15.446188982999956],[-71.87339785599988,-15.443942982999943],[-71.87673185599988,-15.439503607999882],[-71.87491610599994,-15.43717285799994],[-71.86916348099993,-15.434649482999873],[-71.86614985699998,-15.434991857999876],[-71.86387635599982,-15.433330482999907],[-71.86137385699988,-15.429114357999936],[-71.86130523099996,-15.425790732999928],[-71.85974123099999,-15.41417598299995],[-71.85997010699998,-15.411904357999902],[-71.86255648099996,-15.407781607999937],[-71.85703273099995,-15.404605857999911],[-71.85210423099994,-15.403856232999885],[-71.8502349819999,-15.401766732999931],[-71.84230035599995,-15.39898110799993],[-71.83903498199993,-15.39405348299988],[-71.83576960599993,-15.393517482999926],[-71.82612610599989,-15.395713857999965],[-71.81637573099988,-15.39651773299994],[-71.80850223099998,-15.394910857999946],[-71.80164335599994,-15.393089232999955],[-71.78584285699998,-15.387839357999894],[-71.77947235699986,-15.383607857999891],[-71.77357485599987,-15.379108482999925],[-71.76966860599987,-15.373698107999928],[-71.76474760599984,-15.369023357999936],[-71.76027685599996,-15.366071732999956],[-71.7558364809999,-15.362009982999894],[-71.74905398099997,-15.359152732999917],[-71.7451248559999,-15.359867107999946],[-71.74244685599996,-15.357233107999889],[-71.73588560699994,-15.352858482999977],[-71.73123935599989,-15.351916357999812],[-71.72793573199993,-15.352327357999968],[-71.71349335699983,-15.357209232999935],[-71.70792385699997,-15.361494107999931],[-71.70578760599994,-15.364460982999901],[-71.70453648099993,-15.367960982999875],[-71.70434573099993,-15.37256335799998],[-71.70355985599986,-15.37509823299996],[-71.69412235699997,-15.380207982999877],[-71.69299310599996,-15.388280732999817],[-71.68956760599997,-15.39741423299995],[-71.68465773099996,-15.404025232999913],[-71.68339185699995,-15.407699732999902],[-71.68265223099996,-15.412822482999957],[-71.68161248099989,-15.415140357999974],[-71.6794357309999,-15.416854857999965],[-71.67428585599993,-15.416854857999965],[-71.66816698099996,-15.414778732999878],[-71.65534498099998,-15.415013857999895],[-71.65034385599995,-15.415882357999976]]]]},"properties":{"ubigeo":"040210","nombre":"LARI"}},{"type":"Feature","geometry":{"type":"MultiPolygon","coordinates":[[[[-71.77780910599989,-15.853646233999939],[-71.77741235699995,-15.858597732999897],[-71.77768710599992,-15.870799108999961],[-71.78043360599997,-15.87770460799993],[-71.78414923199995,-15.883654608999848],[-71.78780360599995,-15.883566857999938],[-71.78978723099993,-15.886709232999976],[-71.79301448099989,-15.88473210799998],[-71.79709623099995,-15.889261233999946],[-71.79988098199988,-15.88792798399993],[-71.80393210599993,-15.89194673399993],[-71.80506135599995,-15.894484482999928],[-71.80702973199993,-15.894456858999945],[-71.80780798099994,-15.892270983999936],[-71.81092073199989,-15.892451357999903],[-71.81491085699992,-15.893970482999919],[-71.82074735599991,-15.892427483999882],[-71.82348635599988,-15.8982104829999],[-71.82384485699998,-15.902992232999964],[-71.82572173199992,-15.90675160799998],[-71.82929998099996,-15.909177733999968],[-71.83117673099997,-15.91312123399996],[-71.83781435699996,-15.913630482999906],[-71.84064485599993,-15.910480482999958],[-71.84320835699992,-15.910552982999832],[-71.84518435699982,-15.91424848299988],[-71.84844210599988,-15.916317983999875],[-71.85092923199988,-15.916289357999972],[-71.85666660599998,-15.917476607999902],[-71.8578338559999,-15.921103483999957],[-71.86150360699997,-15.923153858999967],[-71.86518860599995,-15.923876733999919],[-71.8695754819999,-15.923026983999932],[-71.87368760599998,-15.92589660799996],[-71.87778460699997,-15.932234732999916],[-71.87569423199994,-15.934351982999942],[-71.87258148199993,-15.935360858999957],[-71.87477110599991,-15.940830233999975],[-71.87680048099998,-15.943245857999898],[-71.87667073199998,-15.947118732999968],[-71.87528985599994,-15.947933233999947],[-71.87354273099999,-15.952070232999972],[-71.87327573099992,-15.957662607999907],[-71.87716673099999,-15.965009607999946],[-71.87782285599991,-15.970693608999966],[-71.88417810599998,-15.97616385799995],[-71.88878635599997,-15.977619232999928],[-71.89131160599999,-15.98010735899993],[-71.89505773199988,-15.979021107999927],[-71.89736185699991,-15.97926710799993],[-71.90483098099992,-15.976921983999887],[-71.91191098199988,-15.980410608999875],[-71.90860748099993,-15.98265260799991],[-71.90453335599989,-15.984174733999907],[-71.90328210599995,-15.985913232999962],[-71.90334323099995,-15.990834233999976],[-71.89778135599983,-15.989273982999975],[-71.89537048199992,-15.989892982999834],[-71.89501185699999,-15.995489232999944],[-71.8941649819999,-15.9997577339999],[-71.89218135699991,-16.003658233999943],[-71.89118960699994,-16.011016858999938],[-71.89210510599992,-16.013555357999962],[-71.89218135699991,-16.020694732999914],[-71.89405060599995,-16.025031982999963],[-71.89002985699989,-16.03653148299992],[-71.89070123099992,-16.040569358999903],[-71.89384460599996,-16.047059858999944],[-71.90334323199994,-16.051971482999875],[-71.90536498099988,-16.05610085899997],[-71.90400685699996,-16.0602244829999],[-71.90608210699997,-16.06157685799991],[-71.90881348199991,-16.06062685899991],[-71.91345210599997,-16.07101635799995],[-71.91513823099984,-16.076385357999925],[-71.91349798099992,-16.08304973399987],[-71.91348260699988,-16.088018358999932],[-71.91542048199994,-16.09147260799989],[-71.91886135699997,-16.09361460799994],[-71.92346185599985,-16.098844482999937],[-71.92737573099993,-16.101573982999923],[-71.93331910699999,-16.103471733999925],[-71.93753048199994,-16.106588358999943],[-71.94377135699983,-16.10789485899994],[-71.95169835599995,-16.111764857999958],[-71.96056360599994,-16.11452673399998],[-71.96134948199995,-16.116291107999928],[-71.96489710599991,-16.120113483999944],[-71.96697235599987,-16.12055773399993],[-71.97084810699994,-16.12345123299997],[-71.97616573099998,-16.124856983999905],[-71.98370360599989,-16.129693983999914],[-71.98702235699994,-16.13413423399993],[-71.98895260699999,-16.135520983999925],[-71.99304960699993,-16.136371607999877],[-71.99623110699991,-16.138612732999945],[-72.00088498099996,-16.14385223399995],[-72.00514985699988,-16.149728733999893],[-72.00752260699983,-16.155576733999965],[-72.01130673199992,-16.160770358999912],[-72.02037810699989,-16.16408173399998],[-72.02139285699991,-16.16657060799986],[-72.02731323199987,-16.169420233999915],[-72.03115085699994,-16.173479107999924],[-72.0312652309999,-16.176290483999935],[-72.03426360699996,-16.180086107999898],[-72.03623210599983,-16.18141560899994],[-72.04350285699985,-16.188764608999975],[-72.05231473099991,-16.19980623399988],[-72.05660248199996,-16.207488983999895],[-72.05731198199987,-16.205983982999896],[-72.06079860699998,-16.20378298399993],[-72.06392660699987,-16.200130482999896],[-72.07053373199994,-16.19910435899982],[-72.07355510699995,-16.196935607999876],[-72.07643123199995,-16.19312285899997],[-72.08276373199988,-16.18946835899993],[-72.0852889809999,-16.190410607999922],[-72.09131623199983,-16.189315733999933],[-72.09183498099992,-16.186147733999974],[-72.0910339809999,-16.17897798399997],[-72.09165185699999,-16.174211483999954],[-72.09390260699996,-16.169923733999894],[-72.09549710599998,-16.1640281089999],[-72.09575648099997,-16.160184733999927],[-72.09513860699997,-16.155855233999944],[-72.09583285699995,-16.152811107999923],[-72.09511560699997,-16.14570423399988],[-72.09580235699991,-16.141267733999882],[-72.09802248099993,-16.135669733999976],[-72.09971623199993,-16.135066983999934],[-72.09846485699995,-16.130172732999938],[-72.09525298099993,-16.127052358999947],[-72.09307860599989,-16.126733733999856],[-72.09159085699997,-16.121625983999934],[-72.08839410699989,-16.1196193589999],[-72.08806610599993,-16.111278482999978],[-72.08573910699994,-16.107730858999957],[-72.08648698199994,-16.10434910899994],[-72.08608248199994,-16.10090260899989],[-72.0882492319999,-16.098688108999966],[-72.08816523199988,-16.096597608999957],[-72.08612823199991,-16.094253482999875],[-72.08616635599998,-16.090150983999877],[-72.0845718569999,-16.089351608999948],[-72.08464810699991,-16.085548357999926],[-72.08567048099997,-16.08180048299988],[-72.08807373199994,-16.07893748399988],[-72.08682248199989,-16.07453160899985],[-72.08892823199994,-16.070825607999893],[-72.09262085599994,-16.0673961089999],[-72.09354398099993,-16.06451035799995],[-72.09190373199993,-16.05794335899992],[-72.08734898199992,-16.05526548299997],[-72.08573910699994,-16.049360232999845],[-72.08583073199998,-16.043775608999965],[-72.08717348199997,-16.039672858999893],[-72.09322360699997,-16.03735923299996],[-72.1006928569999,-16.03833385899992],[-72.10024260699998,-16.04267698299992],[-72.10312648099983,-16.045762983999907],[-72.10710910699993,-16.04746823399995],[-72.10966485699998,-16.051080732999935],[-72.11778260699992,-16.055669733999935],[-72.12212373099993,-16.054126732999976],[-72.12582398199987,-16.05619623399997],[-72.13633723199996,-16.051162733999945],[-72.13925935699996,-16.04913335899988],[-72.1417769819999,-16.048524857999894],[-72.14572148199994,-16.05179785899992],[-72.14859773199998,-16.05065923299992],[-72.15211485699996,-16.050592482999946],[-72.15774535599996,-16.053842483999972],[-72.16629023099989,-16.060710858999926],[-72.16987610699994,-16.07009123399996],[-72.17165373199992,-16.07136535799998],[-72.17188260599994,-16.076892858999884],[-72.17285923199995,-16.079137857999854],[-72.17604060699989,-16.08201985799991],[-72.17915348199989,-16.087980233999872],[-72.1822814819999,-16.088966358999926],[-72.18453210699994,-16.091657608999924],[-72.18505098099996,-16.095386482999913],[-72.18435673199991,-16.09812548399998],[-72.18453210699994,-16.10207560899994],[-72.18807235699995,-16.10033973399993],[-72.19443510699989,-16.103574733999892],[-72.19842523199998,-16.102552358999958],[-72.20005798099999,-16.09948923399992],[-72.20310210699989,-16.100873983999918],[-72.21012873199999,-16.110952357999963],[-72.2135696069999,-16.11854748299993],[-72.21366885699996,-16.12137035899991],[-72.21639248199989,-16.12627223399994],[-72.21649173199995,-16.13209348299995],[-72.21966548099988,-16.135162358999935],[-72.22203060599992,-16.138513607999926],[-72.2244338569999,-16.14327623299988],[-72.25113673199996,-16.139329858999872],[-72.27063748199998,-16.136880858999916],[-72.26822660699992,-16.132583608999823],[-72.26510623199994,-16.129562358999863],[-72.26404573199994,-16.126316107999855],[-72.26427460699995,-16.12260435899998],[-72.26155848199994,-16.120670483999902],[-72.26252748199988,-16.116479857999934],[-72.25990298199991,-16.11003298399993],[-72.25981135599994,-16.107870108999975],[-72.25547785699996,-16.10340310899994],[-72.25409698199985,-16.100732858999947],[-72.25285348199998,-16.094285983999896],[-72.25709535699997,-16.084157983999887],[-72.25810235699998,-16.077941857999917],[-72.25695798199996,-16.067668858999923],[-72.25843048199994,-16.065126357999873],[-72.25592035699998,-16.06225398399988],[-72.25485235699989,-16.058753983999907],[-72.24896235699998,-16.054481483999893],[-72.24314123199991,-16.053119608999964],[-72.23857098199989,-16.046119732999955],[-72.23334498199995,-16.042369858999905],[-72.23231510699998,-16.036071733999904],[-72.22917923199998,-16.03153998299996],[-72.23125460699998,-16.029588857999954],[-72.2316818569999,-16.027112982999938],[-72.23401635699997,-16.02529710899995],[-72.23451235699997,-16.022186232999957],[-72.2367248569999,-16.019355732999884],[-72.24182123099996,-16.015937857999972],[-72.24766535699996,-16.014005607999877],[-72.25032810699992,-16.010917607999943],[-72.25164798099996,-16.007593108999913],[-72.25068660699992,-16.003333983999937],[-72.24866485699988,-15.998511358999963],[-72.24404910699991,-15.99707323299998],[-72.24318698199988,-15.992979982999884],[-72.24016573199992,-15.98931698399997],[-72.24016573099993,-15.983887858999879],[-72.23913573199997,-15.979493107999815],[-72.23452760599997,-15.977144232999876],[-72.22838598199996,-15.972147982999957],[-72.22645573199986,-15.967936482999903],[-72.22535698199988,-15.961474357999919],[-72.22360235699995,-15.961045233999926],[-72.22308348199988,-15.957525233999945],[-72.21767423099988,-15.95237460899989],[-72.21763610699992,-15.950207732999957],[-72.21543885699992,-15.948387107999963],[-72.21258535599992,-15.944061232999957],[-72.21045685699994,-15.943270732999906],[-72.20162960599998,-15.9469108589999],[-72.19991298199989,-15.945983857999977],[-72.19680023199999,-15.941801107999822],[-72.19230648199988,-15.941862108999885],[-72.18952935599998,-15.940358107999884],[-72.18540185699999,-15.936819983999953],[-72.18080898199992,-15.92855173299995],[-72.17877198199994,-15.926784482999892],[-72.17795560699989,-15.924200982999935],[-72.17319485699988,-15.92107485899993],[-72.16864010699999,-15.91664985899996],[-72.16663360699988,-15.912517608999849],[-72.16679385599991,-15.907514608999975],[-72.16548923199997,-15.906318732999978],[-72.16271210699995,-15.909418107999898],[-72.15396123199997,-15.916704233999951],[-72.15098573199998,-15.917757858999892],[-72.1475448569999,-15.916867232999948],[-72.14427948199994,-15.912734983999883],[-72.14090723199996,-15.912028358999976],[-72.13455198199995,-15.912408857999822],[-72.12960048099995,-15.913658982999948],[-72.13023373199997,-15.906682983999815],[-72.12788385599993,-15.903376607999974],[-72.12509923199985,-15.901375732999895],[-72.12057498199988,-15.900766358999931],[-72.11865998199988,-15.89950560799997],[-72.11814123199997,-15.897156732999974],[-72.11566160599995,-15.89419835799987],[-72.11016085699993,-15.89104085899993],[-72.10107423099993,-15.891146608999975],[-72.09819798199999,-15.887709607999966],[-72.09622960599984,-15.884052233999967],[-72.09082798199984,-15.882210733999841],[-72.08507535699994,-15.879210483999941],[-72.0778732309999,-15.876433357999929],[-72.07520298099996,-15.874806358999933],[-72.06811523199997,-15.864620233999915],[-72.0686416069999,-15.862624107999977],[-72.06648248199997,-15.86156460799998],[-72.06155398199985,-15.857544857999926],[-72.05642698199983,-15.852156607999973],[-72.05296323199985,-15.846872358999974],[-72.05015560699997,-15.844318357999953],[-72.04721835699996,-15.839201982999953],[-72.04740148199994,-15.834218982999914],[-72.03649898099997,-15.829546982999886],[-72.03358460599998,-15.83069223299998],[-72.0337524819999,-15.833084107999923],[-72.02697748199995,-15.838864357999967],[-72.02287298199991,-15.841426857999977],[-72.02220148199996,-15.84465123299998],[-72.0199661069999,-15.846286732999943],[-72.0134201059999,-15.846502358999942],[-72.01187135599992,-15.845641107999882],[-72.0109939809999,-15.840532357999962],[-72.00975798199994,-15.837528232999944],[-72.01073460699985,-15.834081607999963],[-72.01020048199996,-15.83010485799997],[-72.00746173199985,-15.826128983999979],[-72.00454710699984,-15.824449482999853],[-72.00144960699998,-15.820650108999814],[-71.99685673099998,-15.81393435799987],[-71.99323273199991,-15.80518535799996],[-71.98704523099997,-15.799224857999889],[-71.98239135699993,-15.792128607999928],[-71.97736360599998,-15.789801607999948],[-71.97354885699991,-15.785206733999871],[-71.97192385699992,-15.784334232999981],[-71.96881098199992,-15.784828233999917],[-71.96479798199988,-15.783490232999952],[-71.95761110599989,-15.779214857999818],[-71.95377348199997,-15.775637607999954],[-71.95228573099996,-15.77287948399993],[-71.94910435699984,-15.770152982999832],[-71.93788148099992,-15.76428598299998],[-71.93051910699995,-15.762150732999942],[-71.91654210699983,-15.760138483999981],[-71.90867610699985,-15.753960607999886],[-71.90504460699992,-15.746925357999885],[-71.90019985599992,-15.745003733999965],[-71.89731598199995,-15.743012482999973],[-71.89504248099996,-15.73993110799995],[-71.88841248099993,-15.736365357999944],[-71.88568873099996,-15.732553482999947],[-71.87751010599999,-15.724329982999961],[-71.87542723099995,-15.723792108999874],[-71.87081148199997,-15.725906482999847],[-71.86941523099989,-15.73352048299995],[-71.86804960699999,-15.73525610799993],[-71.86011523099995,-15.736990982999941],[-71.85787198199995,-15.738900232999981],[-71.85681910699998,-15.742627108999955],[-71.86067198199999,-15.744135858999925],[-71.86366273099998,-15.74635310799988],[-71.86235810599999,-15.757232607999981],[-71.85919948199984,-15.759532982999872],[-71.85840598199991,-15.76287460799989],[-71.85949710699992,-15.766179108999836],[-71.85999298099995,-15.771667483999977],[-71.85578923199995,-15.776062857999875],[-71.85646060599998,-15.782576607999943],[-71.85489660599995,-15.78535360799998],[-71.85667423099989,-15.789403857999957],[-71.8597488559999,-15.792023607999909],[-71.86370848199988,-15.79802985799995],[-71.85666660699997,-15.805509607999966],[-71.85530085599993,-15.80765635899985],[-71.85259248099993,-15.809408232999942],[-71.84674073199989,-15.811467107999931],[-71.84477235699984,-15.816060982999886],[-71.84115598099993,-15.819318732999875],[-71.83721923199988,-15.820362983999928],[-71.83360285599991,-15.823868732999927],[-71.82788848199988,-15.824759482999923],[-71.82212060599994,-15.82644173299991],[-71.82002260699988,-15.825181983999983],[-71.81571185599995,-15.828216607999877],[-71.81386560599992,-15.828025857999819],[-71.80743398199996,-15.831300732999978],[-71.80515285599995,-15.833113607999962],[-71.80308535699999,-15.836261733999947],[-71.79885860699994,-15.839737857999978],[-71.79461673099996,-15.841155982999965],[-71.79064935699995,-15.843519232999938],[-71.78880310599999,-15.845982608999975],[-71.78540798199998,-15.847589482999979],[-71.78347773099989,-15.849672358999953],[-71.7833557319999,-15.852478983999902],[-71.78201298099992,-15.853568982999946],[-71.77780910599989,-15.853646233999939]]]]},"properties":{"ubigeo":"040211","nombre":"LLUTA"}},{"type":"Feature","geometry":{"type":"MultiPolygon","coordinates":[[[[-71.73744210699994,-15.645607107999865],[-71.73724373199985,-15.648083732999964],[-71.73289485599992,-15.651579857999934],[-71.7335968569999,-15.65574460799985],[-71.73841860599998,-15.659693733999916],[-71.74062348199988,-15.663902232999874],[-71.74000548099991,-15.667224857999884],[-71.73654173099993,-15.670890857999836],[-71.73551173099997,-15.67392735899989],[-71.73357385599996,-15.674333607999927],[-71.7311096059999,-15.676697732999969],[-71.7296294809999,-15.682070732999932],[-71.72541810599989,-15.684440608999978],[-71.71623998199988,-15.6830121079999],[-71.72106935599999,-15.686208733999877],[-71.72788998099998,-15.691978482999957],[-71.72827910599995,-15.69400023399993],[-71.72724148199995,-15.698633232999839],[-71.73149873099993,-15.700743733999957],[-71.73509210599991,-15.711770982999894],[-71.73593898099989,-15.713211232999981],[-71.73576360599998,-15.71839998399986],[-71.73481735699983,-15.72120860799987],[-71.73565673199988,-15.724001857999895],[-71.7351532319999,-15.726739857999974],[-71.73882298199987,-15.736474982999937],[-71.74236298099993,-15.740882857999964],[-71.7471694809999,-15.744564107999906],[-71.7505874819999,-15.748103107999896],[-71.75447848099998,-15.754634983999892],[-71.75527185599998,-15.758478107999906],[-71.75711060599997,-15.76142785899998],[-71.76185610699997,-15.765314107999927],[-71.76408385699989,-15.76876448299987],[-71.7656402319999,-15.772970233999956],[-71.76942448199992,-15.778274482999905],[-71.77016448199993,-15.781146982999871],[-71.76959223199992,-15.787680732999945],[-71.76116185699988,-15.797622732999912],[-71.76000210699993,-15.803230232999908],[-71.76239010699999,-15.805446607999954],[-71.76792910599983,-15.80729673299993],[-71.77011873099997,-15.809408233999932],[-71.77353673099998,-15.817314107999948],[-71.77355960599994,-15.830953732999944],[-71.77136998199995,-15.836433357999908],[-71.77167510599998,-15.840077357999974],[-71.77351385599997,-15.845561982999925],[-71.77780910599989,-15.853646233999939],[-71.78201298099992,-15.853568982999946],[-71.7833557319999,-15.852478983999902],[-71.78347773099989,-15.849672358999953],[-71.78540798199998,-15.847589482999979],[-71.78880310599999,-15.845982608999975],[-71.79064935699995,-15.843519232999938],[-71.79461673099996,-15.841155982999965],[-71.79885860699994,-15.839737857999978],[-71.80308535699999,-15.836261733999947],[-71.80515285599995,-15.833113607999962],[-71.80743398199996,-15.831300732999978],[-71.81386560599992,-15.828025857999819],[-71.81571185599995,-15.828216607999877],[-71.82002260699988,-15.825181983999983],[-71.82212060599994,-15.82644173299991],[-71.82788848199988,-15.824759482999923],[-71.83360285599991,-15.823868732999927],[-71.83721923199988,-15.820362983999928],[-71.84115598099993,-15.819318732999875],[-71.84477235699984,-15.816060982999886],[-71.84674073199989,-15.811467107999931],[-71.85259248099993,-15.809408232999942],[-71.85530085599993,-15.80765635899985],[-71.85666660699997,-15.805509607999966],[-71.86370848199988,-15.79802985799995],[-71.8597488559999,-15.792023607999909],[-71.85667423099989,-15.789403857999957],[-71.85489660599995,-15.78535360799998],[-71.85646060599998,-15.782576607999943],[-71.85578923199995,-15.776062857999875],[-71.85999298099995,-15.771667483999977],[-71.85949710699992,-15.766179108999836],[-71.85840598199991,-15.76287460799989],[-71.85919948199984,-15.759532982999872],[-71.86235810599999,-15.757232607999981],[-71.86366273099998,-15.74635310799988],[-71.86067198199999,-15.744135858999925],[-71.85681910699998,-15.742627108999955],[-71.85787198199995,-15.738900232999981],[-71.86011523099995,-15.736990982999941],[-71.86804960699999,-15.73525610799993],[-71.86941523099989,-15.73352048299995],[-71.87081148199997,-15.725906482999847],[-71.86725610699995,-15.720964482999932],[-71.86596673199995,-15.71761023299996],[-71.86092373099996,-15.719845732999943],[-71.85858148099993,-15.721506108999904],[-71.85424810699988,-15.7198123579999],[-71.85327148199997,-15.715736357999901],[-71.85018160599992,-15.71077723299993],[-71.84779360599998,-15.709258982999813],[-71.84741973099995,-15.705226857999946],[-71.84520723199995,-15.700419358999909],[-71.84280398099997,-15.696948983999903],[-71.84415435599993,-15.692008982999937],[-71.84195710699998,-15.688958107999895],[-71.83802035599984,-15.685576607999906],[-71.83719635599988,-15.680412232999913],[-71.83131410699997,-15.67633348399994],[-71.82871248199984,-15.67296023299997],[-71.82843023099991,-15.66958810899996],[-71.82543185599991,-15.662589983999908],[-71.8230972309999,-15.64908123299989],[-71.8231506059999,-15.64572523299995],[-71.82136535699988,-15.642286357999978],[-71.82017523099984,-15.637790733999907],[-71.81583898199995,-15.629312732999892],[-71.81082148099995,-15.623663983999961],[-71.80628185599994,-15.626237857999968],[-71.80042260599993,-15.626787107999917],[-71.79882048199988,-15.629111232999946],[-71.79495235699994,-15.630667732999939],[-71.79302973199992,-15.630148982999913],[-71.79090885599993,-15.633693732999916],[-71.78582773199997,-15.635648733999972],[-71.78278348099991,-15.632556983999848],[-71.77878560699997,-15.632326108999905],[-71.77690885599992,-15.634347982999884],[-71.77406310599991,-15.632877357999973],[-71.77165223099996,-15.63497448299995],[-71.76949310599991,-15.634014108999963],[-71.76361848199986,-15.634903857999973],[-71.76197810599984,-15.636157982999976],[-71.75782010599988,-15.635515232999921],[-71.75087735599993,-15.637497857999904],[-71.74680323099989,-15.639966983999955],[-71.74574285599988,-15.642855608999923],[-71.73948673099989,-15.641062732999899],[-71.73744210699994,-15.645607107999865]]]]},"properties":{"ubigeo":"040212","nombre":"MACA"}},{"type":"Feature","geometry":{"type":"MultiPolygon","coordinates":[[[[-71.81082148099995,-15.623663983999961],[-71.81780248099989,-15.620624482999915],[-71.82275398199994,-15.614869232999979],[-71.82410435699995,-15.61433985799988],[-71.82679748199985,-15.608957232999956],[-71.83001710599996,-15.607802357999958],[-71.83097835699994,-15.603515607999896],[-71.83486173099988,-15.602376982999942],[-71.83907323099999,-15.602072733999819],[-71.84671023099997,-15.602550482999902],[-71.84922023099989,-15.599533107999832],[-71.85886385599997,-15.595154732999958],[-71.86457060699996,-15.5975093589999],[-71.86778260599982,-15.597683857999925],[-71.86980435699996,-15.596616733999952],[-71.87747198099993,-15.595677357999932],[-71.88072210699983,-15.596599607999963],[-71.88480373099992,-15.594830482999953],[-71.88687898199998,-15.597667733999856],[-71.88937373199997,-15.597724857999879],[-71.89286785699989,-15.596506232999957],[-71.89340210699993,-15.599091482999881],[-71.8975829819999,-15.599060982999958],[-71.90061948099998,-15.602308232999917],[-71.90370935699985,-15.60149385799997],[-71.90747835599996,-15.60152535799989],[-71.90946198099994,-15.596778857999936],[-71.9171294809999,-15.59471685799997],[-71.9193114819999,-15.59045223399994],[-71.9208068559999,-15.585234607999894],[-71.92343135699997,-15.581400857999938],[-71.92663573099998,-15.578102107999939],[-71.92317960699995,-15.573080107999942],[-71.91513823199995,-15.568817108999895],[-71.91337585599996,-15.566208857999925],[-71.90853123099993,-15.563474607999979],[-71.90496060599997,-15.562382732999879],[-71.90377810699994,-15.557871857999942],[-71.90030660599996,-15.555490482999915],[-71.89632410599995,-15.555844357999888],[-71.89290623099993,-15.55426410799987],[-71.89396673199997,-15.54881748299988],[-71.89666748199994,-15.540902107999898],[-71.90024560599994,-15.537659607999956],[-71.90009310599987,-15.533113482999852],[-71.90179448199996,-15.530595733999974],[-71.90597535699993,-15.528415732999918],[-71.91616498099995,-15.52803335799996],[-71.91750035599995,-15.526384982999843],[-71.9157638559999,-15.522408482999879],[-71.91603085599996,-15.5193042329999],[-71.91372685699986,-15.515999732999944],[-71.91294098099985,-15.512900357999854],[-71.91345973099988,-15.505993857999954],[-71.91194148199992,-15.50273698299992],[-71.91342923199994,-15.499800732999915],[-71.91076660699997,-15.49512773299989],[-71.9100799819999,-15.49099060799989],[-71.90852360699995,-15.48897360799998],[-71.90548710599995,-15.487748107999835],[-71.90308385599997,-15.485731107999925],[-71.89585873099998,-15.482953107999947],[-71.89052798199998,-15.477080357999853],[-71.88559185699995,-15.475432107999893],[-71.88658148099995,-15.471817982999937],[-71.88456423099996,-15.465931232999935],[-71.88304023099994,-15.463849857999946],[-71.87593948099999,-15.461915357999828],[-71.86957548099991,-15.46146585799994],[-71.86790460599997,-15.460626607999927],[-71.86109923099997,-15.459882732999972],[-71.85734560599991,-15.460633232999953],[-71.85259248099993,-15.465342482999972],[-71.85121923199989,-15.465599982999947],[-71.84516910699989,-15.463291107999964],[-71.8421173559999,-15.460946107999916],[-71.83827973199988,-15.459501232999912],[-71.83121485599986,-15.45499998299988],[-71.8300552309999,-15.455592107999962],[-71.82962798099999,-15.462935482999853],[-71.82619473099999,-15.470042232999958],[-71.82756798199989,-15.474282232999883],[-71.82935335699995,-15.476732232999893],[-71.8292006069999,-15.482651732999955],[-71.82823185699993,-15.484564732999957],[-71.82133485599996,-15.493212732999893],[-71.82006835699997,-15.497631982999962],[-71.81961048199992,-15.503612482999927],[-71.82154848099987,-15.507680857999901],[-71.81971735699994,-15.513338107999914],[-71.81912998099995,-15.516955357999962],[-71.82225798199994,-15.52190023299994],[-71.8200988559999,-15.52630998299992],[-71.82109835599994,-15.532701482999869],[-71.82123085599994,-15.540768107999838],[-71.82188285699982,-15.54766610799993],[-71.82161073099996,-15.549897733999899],[-71.81976010599993,-15.551585107999927],[-71.81410260699994,-15.553322858999877],[-71.81094223199989,-15.552847982999936],[-71.80154960599998,-15.549927982999918],[-71.79860398099999,-15.55050598299988],[-71.79801060599993,-15.55399985799994],[-71.79949185599992,-15.559575982999831],[-71.79895023099994,-15.561604482999883],[-71.79083248199993,-15.566193607999878],[-71.78874210599997,-15.568618732999937],[-71.79240423099986,-15.576862357999971],[-71.7945174809999,-15.57878973399994],[-71.7936629809999,-15.58223535799982],[-71.79521948199994,-15.586645107999914],[-71.79331160599997,-15.593760107999913],[-71.79597460599996,-15.596391607999976],[-71.79534148199997,-15.600418107999872],[-71.79605098099995,-15.602506607999942],[-71.7995314819999,-15.607714982999937],[-71.80168448199998,-15.614094357999932],[-71.81082148099995,-15.623663983999961]]]]},"properties":{"ubigeo":"040213","nombre":"MADRIGAL"}},{"type":"Feature","geometry":{"type":"MultiPolygon","coordinates":[[[[-70.89054110499995,-15.851253483999926],[-70.89043423099997,-15.852833732999954],[-70.89333348099996,-15.854623732999983],[-70.89537047999994,-15.859914732999982],[-70.89385223099998,-15.8632459829999],[-70.8935012309999,-15.866705983999964],[-70.89441685499997,-15.869352232999972],[-70.89429473099995,-15.873498857999948],[-70.89626323099998,-15.876712733999966],[-70.89542385599998,-15.878913857999976],[-70.89382172999996,-15.886908483999946],[-70.89155572999988,-15.889804733999938],[-70.88590998099994,-15.893464982999944],[-70.88114160499998,-15.892323483999974],[-70.87655635599998,-15.889689482999927],[-70.87496947999995,-15.887630483999828],[-70.86578360499982,-15.889386108999872],[-70.86457822999989,-15.892970107999929],[-70.86202997999993,-15.897324607999963],[-70.86048885499997,-15.902879733999896],[-70.85544585599996,-15.905796107999947],[-70.85313410599991,-15.910663607999936],[-70.85134122999989,-15.912441232999925],[-70.84882360499995,-15.91698648299996],[-70.84976960599988,-15.918339732999982],[-70.84798435499988,-15.921868358999916],[-70.84533835499997,-15.92192848399992],[-70.84703822999995,-15.923518233999914],[-70.85451510499996,-15.924734107999882],[-70.86134335499997,-15.927522608999936],[-70.86394497999993,-15.927887858999895],[-70.8667068559999,-15.92969135899989],[-70.86891173099991,-15.935663233999833],[-70.86895748099988,-15.940552733999937],[-70.87203985499991,-15.942676483999946],[-70.8755112309999,-15.947261732999891],[-70.87798310599999,-15.947976108999967],[-70.88289647999989,-15.94794935899995],[-70.88549035499994,-15.947040608999885],[-70.89286798099994,-15.945865608999952],[-70.90042110599995,-15.946240483999873],[-70.90439610499993,-15.943536732999974],[-70.90625010499997,-15.943258232999938],[-70.91351323099997,-15.945694983999942],[-70.91892248099998,-15.948076232999881],[-70.9205779799999,-15.951634357999922],[-70.92310335599996,-15.954261732999896],[-70.93151098099997,-15.958935733999908],[-70.93585210599997,-15.962224983999931],[-70.93949122999999,-15.963491483999917],[-70.94194798099988,-15.963381733999881],[-70.94941710599988,-15.961492483999905],[-70.95430760599999,-15.962225858999943],[-70.95702372999989,-15.963431357999923],[-70.96134948099996,-15.969596857999875],[-70.97432710599992,-15.96989723299987],[-70.99442285499998,-15.968622232999962],[-70.9982681059999,-15.967929857999877],[-71.00353235499983,-15.968324608999978],[-71.0062179809999,-15.969953483999916],[-71.0119171049999,-15.972017233999964],[-71.02082822999995,-15.973287607999907],[-71.02843472999996,-15.97530460799993],[-71.03079985599999,-15.975302732999921],[-71.03379822999989,-15.977453232999949],[-71.03609460599995,-15.98023223399997],[-71.0438918559999,-15.981011357999932],[-71.04703523099994,-15.984318732999952],[-71.05138397999997,-15.99113848299993],[-71.05529785499994,-15.995613108999976],[-71.06163785599995,-15.998183233999896],[-71.06447597999994,-16.00178910799991],[-71.06768035499988,-16.00417323399995],[-71.07689660599993,-16.00419998399991],[-71.07962798099999,-16.002382232999878],[-71.08133698099988,-15.999620483999934],[-71.08595272999997,-15.998011607999842],[-71.08724973099999,-15.996368357999927],[-71.08654785499994,-15.994096858999853],[-71.08668523099993,-15.989656483999966],[-71.08532710499998,-15.982981732999974],[-71.08666998099989,-15.981054357999938],[-71.09214023099997,-15.98216535899985],[-71.0970611059999,-15.985463108999966],[-71.10301210599988,-15.984056482999904],[-71.10568998099995,-15.984902358999932],[-71.10846723099996,-15.986961358999906],[-71.11594385599989,-15.988238358999979],[-71.12216185499994,-15.984615358999974],[-71.12507635499992,-15.98454098399992],[-71.12802885599996,-15.986367233999943],[-71.13343810599997,-15.985896107999963],[-71.13894648099995,-15.982584982999924],[-71.14445497999998,-15.983701732999975],[-71.14519510499986,-15.987470607999967],[-71.14802548099993,-15.98958010799987],[-71.15128335599991,-15.993351982999968],[-71.15164948099994,-15.999641358999952],[-71.15263360599988,-16.001878733999888],[-71.16038173099997,-16.00475335799996],[-71.16868585499998,-16.00831035899995],[-71.17407985599988,-16.006683358999965],[-71.1761017309999,-16.006944608999902],[-71.17863460599989,-16.00947948299995],[-71.18778223099997,-16.01198385899994],[-71.19159698099992,-16.014726608999865],[-71.19414523099994,-16.015216857999917],[-71.19869998099983,-16.02256198299989],[-71.19943998099995,-16.024707733999946],[-71.2016831059999,-16.025598483999943],[-71.20809935599993,-16.02359010799995],[-71.21627810599995,-16.017076483999972],[-71.21759798099998,-16.01462923399987],[-71.23156910599994,-16.001940982999884],[-71.23526135599997,-16.000742107999884],[-71.24360473099995,-16.000310483999897],[-71.24648185599995,-15.9997352339999],[-71.25050960599998,-15.995899108999936],[-71.26379198099994,-15.984966358999941],[-71.26942448099993,-15.980027233999863],[-71.26889035599999,-15.974010482999859],[-71.27102660599996,-15.971826607999901],[-71.27398073099988,-15.965842733999978],[-71.27408060599998,-15.963244108999959],[-71.27306360599994,-15.956928233999918],[-71.27420810599995,-15.954441982999981],[-71.27667910599996,-15.95414985899987],[-71.28357485599992,-15.95704810799998],[-71.28817198099989,-15.95684823299996],[-71.29146998099992,-15.954749482999944],[-71.29386898099983,-15.95222285799997],[-71.29817960599996,-15.951102357999957],[-71.30255885599996,-15.951306358999886],[-71.30859373099992,-15.954896983999959],[-71.31052398099996,-15.950778983999953],[-71.31419373099999,-15.947256108999966],[-71.31855773099994,-15.945033107999961],[-71.32198335599998,-15.941599857999961],[-71.3247833559999,-15.939883232999932],[-71.32807923099995,-15.939447357999939],[-71.33175660599994,-15.941467232999912],[-71.33709710599993,-15.941726732999882],[-71.34152235599998,-15.939279607999936],[-71.34780123099989,-15.937728858999947],[-71.35375210599994,-15.933569858999931],[-71.36625673099996,-15.930276858999946],[-71.37051385599995,-15.926915108999879],[-71.37269598099994,-15.926986733999854],[-71.37805935599988,-15.928953108999906],[-71.3823318559999,-15.928853983999886],[-71.38695523099989,-15.92696285799991],[-71.39830023099995,-15.925341608999872],[-71.40583035599985,-15.925523733999967],[-71.40830998099995,-15.926142732999892],[-71.41551210599988,-15.930118608999976],[-71.42247773099996,-15.930405608999934],[-71.4263458559999,-15.931268732999854],[-71.43034360599995,-15.92843148299994],[-71.42737573099993,-15.927620857999898],[-71.42134098099996,-15.923593483999923],[-71.41838835599998,-15.917484233999915],[-71.41549685599995,-15.913451233999979],[-71.41481023099988,-15.910812357999873],[-71.41169735599988,-15.908697107999842],[-71.40882110599995,-15.903696982999918],[-71.40288548099988,-15.898832357999936],[-71.40000910599997,-15.897896733999971],[-71.39500410599999,-15.893605108999964],[-71.39001460599997,-15.89134973399996],[-71.38779448099996,-15.888597483999888],[-71.38749698099997,-15.885294857999952],[-71.38459010599996,-15.879694983999968],[-71.37895198099994,-15.875562607999882],[-71.37700648099997,-15.872539482999969],[-71.37342073099995,-15.870327983999971],[-71.36934660599991,-15.86682223399987],[-71.3680724809999,-15.864882482999974],[-71.36215210599988,-15.8613148579999],[-71.35361485599998,-15.86412710799982],[-71.34818273099995,-15.866294857999947],[-71.34567260599982,-15.868390983999916],[-71.34003448099998,-15.870605482999906],[-71.33319860599994,-15.870101983999973],[-71.32881160599999,-15.868656108999915],[-71.31877898099998,-15.862935983999932],[-71.31550598099994,-15.862276983999948],[-71.31313323099994,-15.859113733999948],[-71.31372835599996,-15.855079608999972],[-71.3157577309999,-15.851743732999978],[-71.31529235599987,-15.847568482999918],[-71.30989060599995,-15.845751732999815],[-71.31048598099983,-15.843127233999894],[-71.30928035599999,-15.839795107999976],[-71.31226348099989,-15.838738482999872],[-71.31202698099997,-15.836634607999883],[-71.30996698099995,-15.834545108999919],[-71.30973810599994,-15.832632982999883],[-71.30567160599992,-15.829958858999873],[-71.30449673099997,-15.826771732999873],[-71.30193310599992,-15.826205232999882],[-71.29936985599994,-15.821654358999865],[-71.29395298099996,-15.823961232999864],[-71.29212948099996,-15.822572733999891],[-71.28769685599991,-15.825260107999952],[-71.27763360499995,-15.825489983999944],[-71.27338410599998,-15.823101982999901],[-71.26982123099998,-15.82384210899994],[-71.26671610599993,-15.821997607999947],[-71.26604460599998,-15.820191232999946],[-71.26483148099993,-15.812009858999886],[-71.26525873099996,-15.809739107999974],[-71.27037048099993,-15.803312357999971],[-71.27365110599999,-15.797480607999887],[-71.27709960599992,-15.793218607999961],[-71.27841185599988,-15.790128608999964],[-71.27735135599988,-15.784577483999954],[-71.28301235599992,-15.773081733999959],[-71.28356935599993,-15.77005385799987],[-71.28295123099986,-15.765071857999885],[-71.28015898099994,-15.764104982999982],[-71.27266698099999,-15.763254107999956],[-71.26825710599996,-15.763369607999891],[-71.2633667309999,-15.76431273399993],[-71.25906373099997,-15.766214483999931],[-71.25479885599992,-15.766290607999906],[-71.25058748099991,-15.767277733999947],[-71.24385073099995,-15.770181607999973],[-71.23986810599985,-15.769413982999879],[-71.23885348099992,-15.76627248299991],[-71.23181148099991,-15.76150698299989],[-71.22907273099997,-15.762193857999875],[-71.22528073099983,-15.760135607999928],[-71.22155760599998,-15.75558660799993],[-71.22109222999984,-15.750099107999972],[-71.22181698099996,-15.74688623399993],[-71.22011560599992,-15.736687607999954],[-71.21337885599996,-15.730766357999983],[-71.21022035599992,-15.724278482999978],[-71.20660398099994,-15.721591982999882],[-71.20252223099999,-15.717561732999968],[-71.20123285599988,-15.714307732999941],[-71.20308685599997,-15.708831732999897],[-71.20102685599988,-15.704233107999812],[-71.20350648099998,-15.699325482999939],[-71.20805360499998,-15.695606232999921],[-71.20928960599991,-15.691111607999915],[-71.20809935599993,-15.68300060799993],[-71.20655060599995,-15.679952607999894],[-71.20122523099997,-15.676251358999878],[-71.19586947999994,-15.681208607999963],[-71.19378660599989,-15.684601732999965],[-71.18367773099999,-15.68856810799997],[-71.17237085599999,-15.690122607999967],[-71.1640701049999,-15.695172357999922],[-71.15643310499996,-15.698568482999974],[-71.15392297999989,-15.70047660799986],[-71.15142060599999,-15.700442357999975],[-71.14664460599988,-15.696665732999918],[-71.1407547309999,-15.694444607999912],[-71.13647460599998,-15.69472223299988],[-71.13527685599996,-15.696274733999928],[-71.13544460599991,-15.69987673299994],[-71.1340941059999,-15.703049607999958],[-71.13234710599994,-15.704501107999874],[-71.12928773099998,-15.704258858999879],[-71.12606048099991,-15.697941732999823],[-71.12178035499988,-15.693613108999955],[-71.11636348099995,-15.686501482999972],[-71.11321260599993,-15.684847857999898],[-71.11167910599988,-15.682642982999937],[-71.10614773099996,-15.67989160799982],[-71.10299685599995,-15.677520857999866],[-71.10160060499999,-15.675455107999937],[-71.10104373099983,-15.669314357999951],[-71.09925847999989,-15.660716108999964],[-71.09688572999988,-15.657849357999908],[-71.0957717309999,-15.653164857999911],[-71.09233098099998,-15.649290857999915],[-71.08975985599994,-15.642461732999948],[-71.0876007309999,-15.63972285799997],[-71.08563998099993,-15.63922410799995],[-71.08204660599989,-15.635986357999911],[-71.08063510599999,-15.632277483999815],[-71.07833860599999,-15.631688107999878],[-71.07518773099986,-15.633939733999966],[-71.07338710599998,-15.636237232999974],[-71.0692824809999,-15.634185732999981],[-71.06575772999997,-15.63443185799997],[-71.05951685599996,-15.633365607999963],[-71.05172735599996,-15.626801482999952],[-71.04647060499991,-15.623683982999864],[-71.03859710499995,-15.618103982999912],[-71.02924360599991,-15.616463482999904],[-71.02639773099997,-15.613094357999955],[-71.01937848099982,-15.612151107999978],[-71.01401523099997,-15.608612107999875],[-71.0062103549999,-15.602425608999965],[-71.00563047999998,-15.598565107999946],[-71.00678248099996,-15.596921982999959],[-71.00514222999988,-15.592650357999958],[-71.00341798099987,-15.59059710799994],[-71.00086973099997,-15.583532357999843],[-71.00037385599995,-15.580410857999937],[-71.00143435499996,-15.57584185899998],[-70.99988560599996,-15.575646357999972],[-70.99569698099998,-15.57909585799996],[-70.99208835499991,-15.585565607999854],[-70.9853363549999,-15.59240435799984],[-70.98303223099998,-15.597042982999938],[-70.97879035499983,-15.599618857999928],[-70.9762192309999,-15.602455107999901],[-70.97198498099993,-15.604546607999964],[-70.96891023099982,-15.605116857999974],[-70.96647647999998,-15.606708482999977],[-70.96128097999997,-15.606212607999964],[-70.95507047999985,-15.611154607999936],[-70.94910448099995,-15.613218232999884],[-70.94532010599994,-15.617189357999905],[-70.94200897999997,-15.617032983999934],[-70.9388579809999,-15.618499732999908],[-70.93845372999994,-15.622759857999938],[-70.93690485499997,-15.62474435799993],[-70.93309785499991,-15.626125357999967],[-70.93142698099996,-15.628887232999944],[-70.92665097999986,-15.63005448299998],[-70.92399610499984,-15.632996607999871],[-70.92072298099998,-15.640300732999947],[-70.91798397999997,-15.643800732999978],[-70.91732022999992,-15.649521857999957],[-70.91634373099993,-15.652198732999977],[-70.91656498099996,-15.656801232999953],[-70.91587060599988,-15.66388698299994],[-70.91825097999993,-15.673440982999978],[-70.91698460599997,-15.677555107999922],[-70.91756435499997,-15.687380732999884],[-70.91448210499993,-15.692462982999928],[-70.91238398099995,-15.697350482999923],[-70.90930935599994,-15.700654982999879],[-70.90919485499995,-15.703784983999924],[-70.90537260499991,-15.70645048299997],[-70.90013122999994,-15.712146732999827],[-70.89952085499988,-15.714424107999946],[-70.90077210499993,-15.72088723399986],[-70.90282435599994,-15.725867233999963],[-70.90390773099995,-15.735351608999906],[-70.90718835499996,-15.739701233999938],[-70.91557310599995,-15.741913732999933],[-70.92184447999989,-15.745470983999894],[-70.92408747999986,-15.748456982999869],[-70.92569735599983,-15.752685608999911],[-70.92575072999989,-15.757472982999957],[-70.92667385499988,-15.759685482999885],[-70.93321985499989,-15.770673733999843],[-70.93673710499996,-15.772591608999903],[-70.93884273099991,-15.772337857999958],[-70.94226835499984,-15.774552358999927],[-70.94026948099992,-15.779265357999975],[-70.93614197999989,-15.78483960799997],[-70.92963410599992,-15.791377107999892],[-70.92353060599987,-15.795943232999946],[-70.91982273099995,-15.799978232999933],[-70.91983797999995,-15.805580108999834],[-70.91683960599994,-15.810748108999974],[-70.91196435499995,-15.820708357999933],[-70.90903472999997,-15.82476335799987],[-70.90701298099992,-15.829021483999952],[-70.90623473099993,-15.833316857999819],[-70.90079498099988,-15.838427483999965],[-70.89523310499993,-15.847776357999976],[-70.89054110499995,-15.851253483999926]]]]},"properties":{"ubigeo":"040214","nombre":"SAN ANTONIO DE CHUCA"}},{"type":"Feature","geometry":{"type":"MultiPolygon","coordinates":[[[[-71.41471860599995,-15.43168923299993],[-71.41416173099998,-15.43615535799995],[-71.41561885599998,-15.437746107999942],[-71.4200134809999,-15.445844607999902],[-71.42070010599997,-15.448587357999827],[-71.42301173099992,-15.45211698299994],[-71.43017573099996,-15.456844357999898],[-71.43134310599993,-15.459559482999964],[-71.43120573099992,-15.462227857999835],[-71.43293760599988,-15.464381107999827],[-71.43340298099992,-15.468640357999902],[-71.43157960599996,-15.47271348299995],[-71.43171698099997,-15.476457482999933],[-71.43541723099997,-15.484556232999978],[-71.43819423099995,-15.486956607999957],[-71.44344335599999,-15.488901107999936],[-71.44640348099995,-15.489240607999932],[-71.44956210599997,-15.491476107999915],[-71.45723723099997,-15.492490732999954],[-71.4611587309999,-15.49099823299997],[-71.46257023099997,-15.491834607999976],[-71.46520235599996,-15.497308607999969],[-71.46995548099994,-15.499319107999952],[-71.47419735599993,-15.502344107999932],[-71.47563173099996,-15.504932357999962],[-71.47899623099988,-15.508415232999937],[-71.47966760699984,-15.51100348299991],[-71.48149873099999,-15.512556107999956],[-71.48466485699987,-15.511182732999941],[-71.48773198099997,-15.512854607999884],[-71.48924260599989,-15.511501357999919],[-71.49314885599989,-15.513531732999866],[-71.4947814809999,-15.51974198299996],[-71.49866485599995,-15.520934107999949],[-71.5024566059999,-15.523221983999974],[-71.50366985699992,-15.525138857999934],[-71.5099334809999,-15.526089607999893],[-71.51136785599994,-15.523497608999946],[-71.51030735599994,-15.520000482999876],[-71.51337435599987,-15.510972982999874],[-71.51276398099998,-15.507293857999969],[-71.51377873099995,-15.502629232999823],[-71.51164248099991,-15.498968107999929],[-71.51144410599994,-15.49537748299997],[-71.51420598099992,-15.492240857999946],[-71.51683810599991,-15.486143107999908],[-71.51784510599992,-15.478899982999963],[-71.51957698099989,-15.47334860799998],[-71.5195236059999,-15.461486857999887],[-71.52083585599996,-15.458609732999946],[-71.52452098099997,-15.454874982999968],[-71.52570348199998,-15.450860982999927],[-71.53211973099991,-15.44655223299992],[-71.53875735599996,-15.444786107999903],[-71.54052735599987,-15.441924107999967],[-71.5411987309999,-15.43857385799987],[-71.53997798099988,-15.43394560799993],[-71.54046635599997,-15.431692232999978],[-71.54436498099994,-15.429377607999982],[-71.55112460599997,-15.427490232999958],[-71.55579373199993,-15.424665482999899],[-71.56246948099994,-15.42251585799994],[-71.56577298199988,-15.419826482999838],[-71.56947323099996,-15.410365107999837],[-71.57298273099991,-15.405616732999874],[-71.57537835599999,-15.40427023299992],[-71.57818598099993,-15.4013233579999],[-71.5782928559999,-15.39899348299997],[-71.5804367319999,-15.394845857999883],[-71.58367923099996,-15.390952107999965],[-71.58753973099994,-15.389168732999906],[-71.59233098199996,-15.389076357999897],[-71.59420010599996,-15.385078482999972],[-71.59461973099997,-15.38234710799992],[-71.59363560599996,-15.378061232999869],[-71.59871673099991,-15.376316107999912],[-71.60356898199996,-15.37297823299997],[-71.60899348099997,-15.372408857999915],[-71.61119848099997,-15.371384607999971],[-71.61210635599997,-15.368957482999974],[-71.61081698099997,-15.366794607999907],[-71.60558323099997,-15.363343232999966],[-71.60425573099991,-15.361446357999966],[-71.60476685599986,-15.357583107999972],[-71.60928348099998,-15.353730232999965],[-71.6144714809999,-15.34854510799994],[-71.61736298099999,-15.346322107999924],[-71.62432098099987,-15.342099232999942],[-71.62906648099994,-15.337505357999817],[-71.63049310599985,-15.330885857999931],[-71.63306423099993,-15.32584285799993],[-71.63263698199995,-15.323443232999978],[-71.62832635599989,-15.320757857999922],[-71.62689973099998,-15.313152357999854],[-71.62596898199996,-15.304886857999861],[-71.62796785599988,-15.299720732999958],[-71.62763973099999,-15.29800035799991],[-71.62938685599988,-15.295958482999822],[-71.63098148099994,-15.290359482999918],[-71.63071435599994,-15.283851607999964],[-71.6318054809999,-15.27875998299993],[-71.63021085599996,-15.272779482999908],[-71.62643435599995,-15.267849982999962],[-71.62676998099988,-15.26086523299989],[-71.62504573099994,-15.257011482999928],[-71.62678510599989,-15.253642982999907],[-71.62665560699992,-15.25147998299991],[-71.6229324809999,-15.252005607999877],[-71.62281035599995,-15.24868010699987],[-71.62123873099983,-15.247739857999875],[-71.62253573099986,-15.238987982999959],[-71.61978135599998,-15.236535107999885],[-71.61802673099999,-15.230198857999824],[-71.61933135599992,-15.22571660799997],[-71.62132260599992,-15.222271857999942],[-71.62294010599999,-15.212284982999904],[-71.61537173099998,-15.211228357999971],[-71.60880285599984,-15.21167560799995],[-71.60377498099996,-15.209405857999968],[-71.59480285699993,-15.202061606999905],[-71.59282685599993,-15.194505732999914],[-71.59080510599989,-15.191541732999895],[-71.59184260599994,-15.186010357999919],[-71.59094998099988,-15.181911482999965],[-71.59223173099991,-15.177710482999942],[-71.58787535599998,-15.174269732999903],[-71.58386235699993,-15.178241732999936],[-71.58142085599997,-15.179439482999896],[-71.57847610599998,-15.186884856999882],[-71.57686610699989,-15.188536607999936],[-71.57660685699994,-15.194775607999873],[-71.57520298199995,-15.195316357999957],[-71.57173160599996,-15.199922607999952],[-71.56748960599998,-15.200552982999966],[-71.56417085599992,-15.206644106999931],[-71.56475835699996,-15.20840935799987],[-71.56282048099985,-15.212021857999957],[-71.55715185599996,-15.21504685799988],[-71.55290985599999,-15.215088857999888],[-71.55068210699994,-15.216769232999923],[-71.55043035599988,-15.219584482999892],[-71.55136110699982,-15.224254607999967],[-71.55070498099997,-15.22615810799988],[-71.54972073099998,-15.235703357999967],[-71.55154423099998,-15.238853481999968],[-71.55503085599997,-15.240933357999893],[-71.55649560599994,-15.243014357999982],[-71.55702985599999,-15.247739857999875],[-71.5550002309999,-15.256131231999973],[-71.55608373099994,-15.25939085799996],[-71.55981460599992,-15.264208731999872],[-71.55807498099995,-15.268809357999942],[-71.55484773099982,-15.275003482999978],[-71.5465317309999,-15.281283357999826],[-71.54902648099994,-15.286094607999928],[-71.55191035599995,-15.289999982999916],[-71.55677798099993,-15.294527982999853],[-71.56340023099995,-15.302339607999954],[-71.56566623099991,-15.303527857999939],[-71.56697085599995,-15.30635835799984],[-71.56207273099994,-15.311265982999828],[-71.5643768569999,-15.316437857999915],[-71.56420135599996,-15.318793357999937],[-71.56177523099996,-15.32138535799993],[-71.56067660699989,-15.325375607999945],[-71.55335998099991,-15.331114732999879],[-71.54991148099998,-15.332595857999934],[-71.54595185599999,-15.335372982999957],[-71.54389960599991,-15.342281481999919],[-71.54236598099993,-15.344511982999904],[-71.54258735599996,-15.34919360799995],[-71.54468535599989,-15.353457482999943],[-71.54470060599994,-15.355608982999968],[-71.5415498559999,-15.3599643579999],[-71.54036710699995,-15.363640732999897],[-71.5346603559999,-15.366673482999943],[-71.53221135599995,-15.36708635799988],[-71.53000635599994,-15.365998232999914],[-71.52519223099989,-15.366515107999874],[-71.51911923099993,-15.372510857999941],[-71.51805873099994,-15.376844357999914],[-71.51782223099991,-15.38208673299988],[-71.51934048099986,-15.388761482999882],[-71.51737973099989,-15.392595232999952],[-71.51412960599998,-15.395695732999968],[-71.5128937319999,-15.398404107999966],[-71.50607298099999,-15.400099732999934],[-71.50283048199992,-15.403314607999903],[-71.49999998099992,-15.403173482999875],[-71.49388885599996,-15.40075773299992],[-71.48652648099988,-15.398383107999905],[-71.4836121059999,-15.401831607999952],[-71.48040773099996,-15.404056607999962],[-71.4725418559999,-15.403777107999929],[-71.4692764809999,-15.404710732999888],[-71.46754460599988,-15.406277607999925],[-71.46730035599984,-15.409250357999952],[-71.46565248099989,-15.411941482999964],[-71.4660721059999,-15.415810607999902],[-71.46786498099993,-15.41756823299994],[-71.46509548099993,-15.420361482999965],[-71.46228785599999,-15.42467398299982],[-71.46013635599996,-15.424817982999912],[-71.45837398099997,-15.427706732999923],[-71.45841985599992,-15.429513982999879],[-71.46056360599994,-15.43187898299982],[-71.45955660599992,-15.435319857999957],[-71.45660398099989,-15.439113607999957],[-71.45305648099998,-15.438958107999952],[-71.44741823099997,-15.440710107999962],[-71.44425960599989,-15.43857385799987],[-71.44220735599993,-15.438445982999951],[-71.43823248099994,-15.440453482999885],[-71.43321223099997,-15.438689232999934],[-71.42413335599997,-15.437084982999977],[-71.42205048099999,-15.43571085799988],[-71.42044073099999,-15.430740357999923],[-71.41878510599997,-15.429603607999923],[-71.41471860599995,-15.43168923299993]]]]},"properties":{"ubigeo":"040215","nombre":"SIBAYO"}},{"type":"Feature","geometry":{"type":"MultiPolygon","coordinates":[[[[-71.86255648099996,-15.407781607999937],[-71.85997010699998,-15.411904357999902],[-71.85974123099999,-15.41417598299995],[-71.86130523099996,-15.425790732999928],[-71.86137385699988,-15.429114357999936],[-71.86387635599982,-15.433330482999907],[-71.86614985699998,-15.434991857999876],[-71.86916348099993,-15.434649482999873],[-71.87491610599994,-15.43717285799994],[-71.87673185599988,-15.439503607999882],[-71.87339785599988,-15.443942982999943],[-71.87243648199996,-15.446188982999956],[-71.87310785599988,-15.449014607999914],[-71.86790460599997,-15.460626607999927],[-71.86957548099991,-15.46146585799994],[-71.87593948099999,-15.461915357999828],[-71.88304023099994,-15.463849857999946],[-71.88456423099996,-15.465931232999935],[-71.88658148099995,-15.471817982999937],[-71.88559185699995,-15.475432107999893],[-71.89052798199998,-15.477080357999853],[-71.89585873099998,-15.482953107999947],[-71.90308385599997,-15.485731107999925],[-71.90548710599995,-15.487748107999835],[-71.90852360699995,-15.48897360799998],[-71.9100799819999,-15.49099060799989],[-71.91076660699997,-15.49512773299989],[-71.91342923199994,-15.499800732999915],[-71.91194148199992,-15.50273698299992],[-71.91345973099988,-15.505993857999954],[-71.91294098099985,-15.512900357999854],[-71.91372685699986,-15.515999732999944],[-71.91603085599996,-15.5193042329999],[-71.9157638559999,-15.522408482999879],[-71.91750035599995,-15.526384982999843],[-71.91616498099995,-15.52803335799996],[-71.90597535699993,-15.528415732999918],[-71.90179448199996,-15.530595733999974],[-71.90009310599987,-15.533113482999852],[-71.90024560599994,-15.537659607999956],[-71.89666748199994,-15.540902107999898],[-71.89396673199997,-15.54881748299988],[-71.89290623099993,-15.55426410799987],[-71.89632410599995,-15.555844357999888],[-71.90030660599996,-15.555490482999915],[-71.90377810699994,-15.557871857999942],[-71.90496060599997,-15.562382732999879],[-71.90853123099993,-15.563474607999979],[-71.91337585599996,-15.566208857999925],[-71.91513823199995,-15.568817108999895],[-71.92317960699995,-15.573080107999942],[-71.92663573099998,-15.578102107999939],[-71.92343135699997,-15.581400857999938],[-71.9208068559999,-15.585234607999894],[-71.9193114819999,-15.59045223399994],[-71.9171294809999,-15.59471685799997],[-71.9213791069999,-15.594922107999878],[-71.92425535699994,-15.597123232999934],[-71.92870335599991,-15.598804483999857],[-71.93472285699988,-15.598962732999894],[-71.93874373099993,-15.599855482999942],[-71.94586185699995,-15.596696857999973],[-71.94726560599992,-15.594513857999914],[-71.95007323099998,-15.594400358999962],[-71.95243073199998,-15.595484732999978],[-71.95399473099997,-15.593802482999877],[-71.95607760599995,-15.594720857999903],[-71.96261598099994,-15.594342232999963],[-71.96903223099997,-15.598480232999918],[-71.97253423199999,-15.598377107999909],[-71.97588348099998,-15.59457010799997],[-71.97824098099983,-15.59561923299998],[-71.98061373099995,-15.59815785799998],[-71.98329923099993,-15.599259357999927],[-71.98461148199988,-15.601511982999966],[-71.99073785699989,-15.604697232999968],[-71.99511723099994,-15.603978107999978],[-71.99844360699996,-15.602392232999875],[-71.9997026069999,-15.599346107999907],[-71.99912260699989,-15.59688848299993],[-72.0019683569999,-15.591193357999828],[-72.00453185599997,-15.589193357999875],[-72.00595085599997,-15.586673732999884],[-72.00986485599998,-15.582429857999841],[-72.00339510599991,-15.581884357999911],[-72.00193023099996,-15.57550998299996],[-71.99999998099992,-15.572873108999943],[-71.99717710699997,-15.571511232999967],[-71.99490360699997,-15.568296482999813],[-71.99311823099993,-15.562859482999897],[-71.99512485699995,-15.560695482999904],[-71.99564360599999,-15.557332107999969],[-71.99161535699994,-15.55331035799992],[-71.99054723099994,-15.549060857999962],[-71.99441523199994,-15.54762648299993],[-71.99848935599988,-15.544800733999978],[-71.99975585699997,-15.541623107999953],[-71.99913785699994,-15.538758232999896],[-71.99964135699992,-15.533592232999922],[-72.00201398199994,-15.530383107999967],[-72.00423435599998,-15.528871482999875],[-72.00041198199989,-15.526115357999913],[-72.00015260599986,-15.524513232999936],[-72.00296023199996,-15.521866857999953],[-71.99729160699991,-15.51578710799987],[-71.99625398199987,-15.508194982999896],[-71.99684910699989,-15.503212982999969],[-71.99538423199994,-15.500519732999976],[-71.99533085699994,-15.494831982999926],[-71.99908448199994,-15.493831607999937],[-71.99999998099992,-15.48994535799983],[-71.99928285699991,-15.48705860799987],[-71.99930585699997,-15.48192598299994],[-71.99774935599987,-15.48015610799996],[-71.99715423099991,-15.474099107999905],[-71.99925998099997,-15.473539357999982],[-71.99993898199995,-15.470359857999881],[-71.99871048099999,-15.464961107999954],[-72.00102235699995,-15.46190835799996],[-72.0001297309999,-15.456863357999964],[-71.99725335699998,-15.453324357999975],[-71.99758910699995,-15.449830107999958],[-71.99871823199999,-15.447761482999965],[-71.99613948099989,-15.44249823299998],[-71.99397273199992,-15.440576607999958],[-71.99362948099997,-15.437394107999978],[-71.99514773099997,-15.43352323299996],[-71.99481960599985,-15.42960935799988],[-71.99531560699995,-15.425234732999854],[-71.9935302319999,-15.423660232999964],[-71.99203485699991,-15.408040982999921],[-71.99307248199989,-15.403079982999941],[-71.99414823199999,-15.401503607999928],[-71.99365998199983,-15.398342107999895],[-71.98800660699993,-15.394902232999925],[-71.98564910599993,-15.389203107999947],[-71.98632048099995,-15.384739857999932],[-71.98493198199992,-15.382348107999917],[-71.98489385699997,-15.375863107999976],[-71.9819488569999,-15.375214607999965],[-71.98062135599997,-15.372439357999951],[-71.9802169809999,-15.369125357999849],[-71.98159785699994,-15.365750357999843],[-71.98304748199996,-15.364820482999903],[-71.98545073199995,-15.360299107999822],[-71.98384860699991,-15.357373232999919],[-71.98504635599988,-15.354572357999928],[-71.98439785599999,-15.345351232999974],[-71.98525235599988,-15.34148023199998],[-71.98410035699993,-15.337868732999937],[-71.98124698099986,-15.336444857999822],[-71.97879023199988,-15.333246232999954],[-71.97798923199997,-15.330264107999938],[-71.97812648199994,-15.324019482999972],[-71.97653198199998,-15.322093982999831],[-71.97563173199995,-15.318210607999958],[-71.97389985699982,-15.31551360799989],[-71.96903223199996,-15.313981982999906],[-71.96676635599988,-15.312103232999903],[-71.96293635599989,-15.311800982999955],[-71.96262360699995,-15.307695357999876],[-71.9636077319999,-15.304495857999939],[-71.96330260699989,-15.300989107999953],[-71.96483610699994,-15.295162232999928],[-71.96511073199991,-15.29161835799988],[-71.96271510699995,-15.286212982999928],[-71.96108248199988,-15.280706357999975],[-71.95887748099994,-15.27697848299988],[-71.95871735699995,-15.27263923199996],[-71.95968623099998,-15.26951698299996],[-71.95820623199995,-15.265210107999962],[-71.95573435699987,-15.260956732999944],[-71.95408635599995,-15.25387673299997],[-71.9515838559999,-15.251022357999943],[-71.9441909819999,-15.248089732999972],[-71.93444060699989,-15.244097857999975],[-71.9305572319999,-15.243604607999941],[-71.92370610599988,-15.244833982999978],[-71.91693885699988,-15.24715998299996],[-71.91362760599998,-15.249118856999928],[-71.90997310699987,-15.252812482999957],[-71.90910335599995,-15.255347232999952],[-71.90880585699983,-15.259916357999828],[-71.90443423099998,-15.265973107999855],[-71.90264898199996,-15.273263982999936],[-71.90512848099996,-15.279062232999877],[-71.90460223199995,-15.284196857999916],[-71.90174860599996,-15.290203107999957],[-71.89723210699992,-15.295630482999968],[-71.88852685599988,-15.303947482999945],[-71.88727573099993,-15.307316732999823],[-71.88280485699994,-15.308196982999903],[-71.87795260699983,-15.311249732999897],[-71.87635035599993,-15.314216607999981],[-71.87416073099996,-15.31607248299997],[-71.8678664819999,-15.316444357999899],[-71.86584473199997,-15.320145607999905],[-71.86351773099989,-15.32820698199987],[-71.86257173199988,-15.333902357999932],[-71.86067198099988,-15.336630857999921],[-71.85829923199987,-15.347310107999874],[-71.85675810699996,-15.350631732999943],[-71.85699460599994,-15.353598607999913],[-71.85913085599992,-15.357039482999937],[-71.8631668559999,-15.360716857999932],[-71.86531835699992,-15.364183482999977],[-71.86557773099997,-15.370709357999885],[-71.8637313559999,-15.374191232999976],[-71.86302198099992,-15.378984482999897],[-71.86106110599997,-15.38018985799988],[-71.85971848199995,-15.384793232999982],[-71.86115273199988,-15.389431982999952],[-71.86499785599989,-15.393888482999898],[-71.86686710599992,-15.39745998299992],[-71.86653898099996,-15.40026573299997],[-71.8633728559999,-15.407100607999894],[-71.86255648099996,-15.407781607999937]]]]},"properties":{"ubigeo":"040216","nombre":"TAPAY"}},{"type":"Feature","geometry":{"type":"MultiPolygon","coordinates":[[[[-71.44750198099996,-14.979785856999968],[-71.44635773099998,-14.984184231999848],[-71.44580835599999,-14.991974856999889],[-71.44138335599996,-14.996675481999887],[-71.43668360599986,-14.997891482999876],[-71.4308166059999,-14.998084106999897],[-71.4289627309999,-14.998911857999929],[-71.42672735599996,-15.002123857999948],[-71.42755135599998,-15.00587160799995],[-71.43042760599997,-15.007965107999894],[-71.42823023099993,-15.011177981999879],[-71.42214960599989,-15.012004857999841],[-71.41925048099995,-15.018881732999944],[-71.41864773099996,-15.030184731999896],[-71.41736585599995,-15.03372573299987],[-71.41593160599996,-15.034667982999963],[-71.41065973099995,-15.035459481999908],[-71.40586848099997,-15.040055232999919],[-71.39942935599993,-15.042880981999872],[-71.39686585599992,-15.045240357999944],[-71.39415735599994,-15.049595857999975],[-71.39234160599995,-15.053872106999961],[-71.38751223099996,-15.06126210699989],[-71.38239285599997,-15.06265635799997],[-71.37973785599985,-15.064546607999887],[-71.37454223099991,-15.074089982999908],[-71.37268048099997,-15.079110107999952],[-71.36919398099997,-15.081142482999894],[-71.36455535599998,-15.079343731999927],[-71.36184698099999,-15.079142607999927],[-71.35829160599997,-15.083607732999951],[-71.35618585599997,-15.089302106999924],[-71.35424810599989,-15.092304232999822],[-71.35145573099993,-15.093287481999823],[-71.34516148099988,-15.092622732999871],[-71.34300998099997,-15.093419981999944],[-71.33788298099995,-15.097384481999882],[-71.33147435599994,-15.098586107999893],[-71.32915498099987,-15.100378981999938],[-71.32797235599998,-15.104315731999975],[-71.32780460599997,-15.11046698299998],[-71.32490535599999,-15.116888107999955],[-71.32167810599992,-15.119058607999875],[-71.31562810599985,-15.120224981999911],[-71.31008898099992,-15.118760107999947],[-71.30687710599983,-15.11233048299988],[-71.30301660599997,-15.110331482999982],[-71.29956823099985,-15.109855607999862],[-71.29756160599999,-15.108616857999948],[-71.29351048099994,-15.103487982999866],[-71.28727723099996,-15.097191857999917],[-71.28309635599987,-15.09478473299987],[-71.27744297999993,-15.088359857999933],[-71.26830685499993,-15.081266732999893],[-71.2605884809999,-15.078270231999852],[-71.26022523099994,-15.076908107999941],[-71.26692198099988,-15.065906482999935],[-71.2666244809999,-15.064060232999964],[-71.26404573099995,-15.062312107999901],[-71.25720210599991,-15.062505731999977],[-71.25365448099996,-15.057616232999976],[-71.24707035599988,-15.05667585699996],[-71.24190523099998,-15.05780410799997],[-71.24030298099996,-15.06156448299987],[-71.23165910599982,-15.065277107999918],[-71.22728723099993,-15.06945985799996],[-71.2238004809999,-15.067405856999926],[-71.22219185599994,-15.062133231999951],[-71.21882573099998,-15.05677123199996],[-71.21656173099996,-15.050009107999927],[-71.21539310599991,-15.048888231999968],[-71.21136473099995,-15.050424606999911],[-71.20768735599995,-15.05049223299983],[-71.20967097999994,-15.056349732999877],[-71.20956423099989,-15.05902860699996],[-71.20654298099993,-15.062187232999975],[-71.2077254809999,-15.067703231999928],[-71.20684048099997,-15.071888981999962],[-71.20310210499991,-15.07687860699997],[-71.19766998099988,-15.087215482999966],[-71.19535823099983,-15.09018998199997],[-71.1921616059999,-15.090795482999965],[-71.18907922999995,-15.089088482999955],[-71.18489073099988,-15.088316857999928],[-71.18257898099995,-15.088923482999974],[-71.18000797999991,-15.09229848299998],[-71.17459110599998,-15.094210607999969],[-71.16754148099989,-15.09580798299993],[-71.16390985599998,-15.098341982999955],[-71.16329948099991,-15.099719107999931],[-71.16271485599992,-15.106921857999964],[-71.16165160599996,-15.109302482999908],[-71.15570073099991,-15.114535357999898],[-71.15096298099996,-15.116683982999973],[-71.14772798099989,-15.119244607999974],[-71.14357760599995,-15.120560607999892],[-71.14381410599998,-15.128975857999933],[-71.14904023099996,-15.137721981999903],[-71.15602110599997,-15.141671231999908],[-71.15805810599994,-15.147293982999827],[-71.16024023099999,-15.148162857999864],[-71.16410823099994,-15.147726982999927],[-71.16835023099992,-15.149042107999946],[-71.17207335599994,-15.15426923299998],[-71.17273710599989,-15.15914635699994],[-71.17572023099996,-15.161427482999954],[-71.18038935499993,-15.162620482999955],[-71.18292998099992,-15.165156357999933],[-71.18446347999998,-15.170214607999924],[-71.17930598099991,-15.170982482999875],[-71.17675785599994,-15.172599731999924],[-71.17437748099991,-15.176425982999945],[-71.16944885499987,-15.188775107999959],[-71.16695397999996,-15.191748607999955],[-71.16414335499991,-15.193589982999924],[-71.1605193559999,-15.198294732999898],[-71.15950198099995,-15.204970732999925],[-71.16204523099998,-15.210311357999956],[-71.16831222999997,-15.214735982999912],[-71.16997523099997,-15.215097482999909],[-71.17234798099992,-15.217687607999892],[-71.17321010599994,-15.220566732999885],[-71.17688748099994,-15.225234982999893],[-71.17828373099996,-15.228690107999967],[-71.18317410599997,-15.233542482999894],[-71.18703460599988,-15.234718357999952],[-71.19178010599995,-15.233248732999925],[-71.19611360599998,-15.2371816079999],[-71.19784548099983,-15.240710232999902],[-71.20207972999998,-15.245132481999974],[-71.20661923099993,-15.243977732999895],[-71.2096404809999,-15.243901232999974],[-71.21343998099996,-15.245213357999944],[-71.21621698099995,-15.24967285799994],[-71.22276310599989,-15.249709232999919],[-71.22476960599988,-15.250622732999943],[-71.22707373099996,-15.257384357999854],[-71.22864535599996,-15.260600981999971],[-71.23409273099992,-15.263999982999849],[-71.23939510599996,-15.264731357999949],[-71.23964685599992,-15.266923857999927],[-71.24219510599983,-15.269456857999955],[-71.24337773099995,-15.27255248299997],[-71.24213410599992,-15.279168107999965],[-71.2404174809999,-15.284577357999979],[-71.24089048099995,-15.286843357999942],[-71.24327085599992,-15.290936482999939],[-71.24970248099999,-15.295834482999965],[-71.25275423099998,-15.29989723299991],[-71.25443273099995,-15.304203107999967],[-71.26031498099991,-15.311885857999869],[-71.26075748099993,-15.31614585699998],[-71.26515198099992,-15.32394310799998],[-71.26925660599989,-15.327722607999874],[-71.27523798099998,-15.330849606999948],[-71.27886960599983,-15.335029607999957],[-71.28317260599988,-15.336687107999978],[-71.28659823099997,-15.33891773299996],[-71.28872685599998,-15.34537698299988],[-71.2905119809999,-15.347121232999882],[-71.29460898099995,-15.348692857999879],[-71.29712673099988,-15.350683232999927],[-71.30059047999998,-15.350462857999958],[-71.30532073099994,-15.353427857999975],[-71.30773923099991,-15.354019107999875],[-71.31061548099996,-15.353381107999951],[-71.31423948099996,-15.35798260799993],[-71.31434623099994,-15.362100607999935],[-71.31613160599994,-15.364071857999875],[-71.32341760599996,-15.37012010799998],[-71.32585910599994,-15.373012482999968],[-71.32737735599994,-15.378340732999902],[-71.33271785599999,-15.38534548299998],[-71.33976748099997,-15.392560982999953],[-71.34202573099998,-15.397043232999977],[-71.34237673099994,-15.401329982999926],[-71.34498598099992,-15.404493357999911],[-71.34849548099999,-15.40642373299994],[-71.34883885599987,-15.409245482999836],[-71.34589385599992,-15.413357732999827],[-71.34797673099996,-15.423687982999922],[-71.35067748099993,-15.43174173299991],[-71.35401898099991,-15.435411482999882],[-71.35877985599996,-15.436489107999876],[-71.36609648099994,-15.432942357999934],[-71.37139898099991,-15.43177510799984],[-71.37597660599994,-15.43469335799989],[-71.37956998099997,-15.43428898299993],[-71.38091273099997,-15.432134607999899],[-71.38271335599984,-15.426432607999914],[-71.39002973099997,-15.420327232999966],[-71.39999385599992,-15.42243673299987],[-71.40318298099999,-15.424232482999969],[-71.40447998099995,-15.42827323299997],[-71.40771485599998,-15.428767107999931],[-71.41471860599995,-15.43168923299993],[-71.41878510599997,-15.429603607999923],[-71.42044073099999,-15.430740357999923],[-71.42205048099999,-15.43571085799988],[-71.42413335599997,-15.437084982999977],[-71.43321223099997,-15.438689232999934],[-71.43823248099994,-15.440453482999885],[-71.44220735599993,-15.438445982999951],[-71.44425960599989,-15.43857385799987],[-71.44741823099997,-15.440710107999962],[-71.45305648099998,-15.438958107999952],[-71.45660398099989,-15.439113607999957],[-71.45955660599992,-15.435319857999957],[-71.46056360599994,-15.43187898299982],[-71.45841985599992,-15.429513982999879],[-71.45837398099997,-15.427706732999923],[-71.46013635599996,-15.424817982999912],[-71.46228785599999,-15.42467398299982],[-71.46509548099993,-15.420361482999965],[-71.46786498099993,-15.41756823299994],[-71.4660721059999,-15.415810607999902],[-71.46565248099989,-15.411941482999964],[-71.46730035599984,-15.409250357999952],[-71.46754460599988,-15.406277607999925],[-71.4692764809999,-15.404710732999888],[-71.4725418559999,-15.403777107999929],[-71.48040773099996,-15.404056607999962],[-71.4836121059999,-15.401831607999952],[-71.48652648099988,-15.398383107999905],[-71.49388885599996,-15.40075773299992],[-71.49999998099992,-15.403173482999875],[-71.50283048199992,-15.403314607999903],[-71.50607298099999,-15.400099732999934],[-71.5128937319999,-15.398404107999966],[-71.51412960599998,-15.395695732999968],[-71.51737973099989,-15.392595232999952],[-71.51934048099986,-15.388761482999882],[-71.51782223099991,-15.38208673299988],[-71.51805873099994,-15.376844357999914],[-71.51911923099993,-15.372510857999941],[-71.52519223099989,-15.366515107999874],[-71.53000635599994,-15.365998232999914],[-71.53221135599995,-15.36708635799988],[-71.5346603559999,-15.366673482999943],[-71.54036710699995,-15.363640732999897],[-71.5415498559999,-15.3599643579999],[-71.54470060599994,-15.355608982999968],[-71.54468535599989,-15.353457482999943],[-71.54258735599996,-15.34919360799995],[-71.54236598099993,-15.344511982999904],[-71.54389960599991,-15.342281481999919],[-71.54595185599999,-15.335372982999957],[-71.54991148099998,-15.332595857999934],[-71.55335998099991,-15.331114732999879],[-71.56067660699989,-15.325375607999945],[-71.56177523099996,-15.32138535799993],[-71.56420135599996,-15.318793357999937],[-71.5643768569999,-15.316437857999915],[-71.56207273099994,-15.311265982999828],[-71.56697085599995,-15.30635835799984],[-71.56566623099991,-15.303527857999939],[-71.56340023099995,-15.302339607999954],[-71.55677798099993,-15.294527982999853],[-71.55191035599995,-15.289999982999916],[-71.54902648099994,-15.286094607999928],[-71.5465317309999,-15.281283357999826],[-71.55484773099982,-15.275003482999978],[-71.55807498099995,-15.268809357999942],[-71.55981460599992,-15.264208731999872],[-71.55608373099994,-15.25939085799996],[-71.5550002309999,-15.256131231999973],[-71.55702985599999,-15.247739857999875],[-71.55649560599994,-15.243014357999982],[-71.55503085599997,-15.240933357999893],[-71.55154423099998,-15.238853481999968],[-71.54972073099998,-15.235703357999967],[-71.55070498099997,-15.22615810799988],[-71.55136110699982,-15.224254607999967],[-71.55043035599988,-15.219584482999892],[-71.55068210699994,-15.216769232999923],[-71.55290985599999,-15.215088857999888],[-71.55715185599996,-15.21504685799988],[-71.56282048099985,-15.212021857999957],[-71.56475835699996,-15.20840935799987],[-71.56417085599992,-15.206644106999931],[-71.56748960599998,-15.200552982999966],[-71.57173160599996,-15.199922607999952],[-71.57520298199995,-15.195316357999957],[-71.57660685699994,-15.194775607999873],[-71.57686610699989,-15.188536607999936],[-71.57847610599998,-15.186884856999882],[-71.58142085599997,-15.179439482999896],[-71.58386235699993,-15.178241732999936],[-71.58787535599998,-15.174269732999903],[-71.58636473099995,-15.171815857999889],[-71.58184048099997,-15.167388857999981],[-71.57993310599988,-15.160929731999886],[-71.58006285699997,-15.158240357999944],[-71.5772476059999,-15.152898732999915],[-71.57704923099993,-15.148347856999976],[-71.57782748199992,-15.145925482999928],[-71.58029173099999,-15.143215232999921],[-71.58403010599994,-15.141623482999933],[-71.58489985599988,-15.137499857999899],[-71.58819585599991,-15.136853232999954],[-71.5896682309999,-15.131414357999972],[-71.58914173099993,-15.12887673199998],[-71.5876007309999,-15.125595106999981],[-71.58673860699997,-15.118168857999876],[-71.58647160599998,-15.110410731999934],[-71.58361810599996,-15.102387482999916],[-71.58383173199996,-15.095996857999978],[-71.58002473099992,-15.091852232999884],[-71.57778173199989,-15.087873481999964],[-71.5761871059999,-15.080665606999958],[-71.57603460599984,-15.077456482999935],[-71.57271885599994,-15.07023948299991],[-71.57195835699997,-15.065675857999963],[-71.57234373099988,-15.061931607999952],[-71.57062723199988,-15.061207231999902],[-71.56188023099992,-15.064154607999967],[-71.55602260599994,-15.066876356999899],[-71.55132685599983,-15.066911732999927],[-71.54649348099997,-15.068491981999898],[-71.54421998099997,-15.072331481999981],[-71.53960423099994,-15.074290232999942],[-71.53035735599997,-15.074524857999904],[-71.52561185599995,-15.075823856999932],[-71.5189591059999,-15.076421732999847],[-71.51456448099992,-15.079447731999949],[-71.5117111059999,-15.079447732999938],[-71.5090789809999,-15.075264857999969],[-71.50494398199999,-15.07132723299992],[-71.49977873099994,-15.067390482999826],[-71.49562073099997,-15.067257857999948],[-71.49092098099987,-15.064472232999947],[-71.48587035599996,-15.059104857999955],[-71.48268123099996,-15.05236723299987],[-71.4822082309999,-15.047717107999972],[-71.48460385599998,-15.039325732999941],[-71.48638910599988,-15.037087481999947],[-71.49240110599993,-15.03327748299995],[-71.49721523099998,-15.032427732999963],[-71.50064085599996,-15.029239607999955],[-71.50366985599999,-15.027326606999964],[-71.50431060599982,-15.025307606999888],[-71.50372310599988,-15.020950356999947],[-71.50499723099995,-15.016273482999964],[-71.50712585699995,-15.013829106999879],[-71.50845335699995,-15.007133481999915],[-71.51016998099993,-15.004634857999974],[-71.50769810599996,-14.997870606999925],[-71.50724798099992,-14.989609731999963],[-71.50796510599986,-14.982519107999906],[-71.50704960699994,-14.976275482999881],[-71.5052261059999,-14.975560231999964],[-71.5003204809999,-14.97924035799997],[-71.49433898099988,-14.978242856999941],[-71.48956298099995,-14.979026731999966],[-71.48400873099985,-14.981376607999891],[-71.47862248099995,-14.982023231999904],[-71.47705835599993,-14.981572106999977],[-71.46818548099998,-14.98282435799996],[-71.46504448099995,-14.984069356999953],[-71.46129535599994,-14.982700731999955],[-71.45757610599992,-14.979546732999893],[-71.45324998099994,-14.980079981999893],[-71.44750198099996,-14.979785856999968]]]]},"properties":{"ubigeo":"040217","nombre":"TISCO"}},{"type":"Feature","geometry":{"type":"MultiPolygon","coordinates":[[[[-71.5099334809999,-15.526089607999893],[-71.5170974809999,-15.523821857999963],[-71.52146910599993,-15.524185232999912],[-71.52639773199996,-15.523404107999852],[-71.53150173099993,-15.526933607999922],[-71.53289035599994,-15.529990232999978],[-71.53565210599999,-15.53300185799992],[-71.54008485599985,-15.535255482999958],[-71.54608148099999,-15.534150107999892],[-71.55529023099984,-15.537068357999942],[-71.55706023099992,-15.538829857999872],[-71.55728910599993,-15.542601608999917],[-71.55622098099985,-15.54483598299987],[-71.55858610599995,-15.54675573299994],[-71.55738823099995,-15.55333423299993],[-71.56251523099996,-15.554668482999944],[-71.56448360699994,-15.556621607999887],[-71.56536098099997,-15.559486358999948],[-71.56849673199991,-15.55776973299993],[-71.57032773099996,-15.55933185799995],[-71.57236485599998,-15.558513607999942],[-71.57700348099996,-15.561825732999978],[-71.57766723099991,-15.565984732999937],[-71.57953648099993,-15.568855232999965],[-71.57859810599984,-15.571886982999956],[-71.58409123099995,-15.572714857999927],[-71.58943935599996,-15.568916357999854],[-71.59733585599997,-15.568329857999913],[-71.60057835699996,-15.567464857999937],[-71.61047360599997,-15.55976385799994],[-71.61200710599991,-15.557396857999834],[-71.61724085599997,-15.560474357999908],[-71.62384798099998,-15.55922985799998],[-71.62808985599997,-15.559190732999923],[-71.63380435599998,-15.55646798299989],[-71.63765710599989,-15.552691482999876],[-71.64064785599993,-15.55280685799994],[-71.64093785699993,-15.547663732999979],[-71.64279935599995,-15.545226107999838],[-71.6484527309999,-15.539774857999817],[-71.64949798199996,-15.532192232999932],[-71.64675910599993,-15.526267108999946],[-71.65261835599995,-15.520037607999939],[-71.65488435599997,-15.519495982999956],[-71.65908048199998,-15.51709273299997],[-71.66236873099996,-15.516415607999932],[-71.66687773099994,-15.516934357999958],[-71.67081448099998,-15.518197107999981],[-71.67617798099991,-15.516717857999879],[-71.67906185699997,-15.517070732999855],[-71.6811447319999,-15.506069233999881],[-71.6796646059999,-15.499399232999906],[-71.67870335599997,-15.49751760799984],[-71.67544560599998,-15.495394732999955],[-71.6750946059999,-15.490426982999963],[-71.67726135599992,-15.48029323299994],[-71.67731473099991,-15.474956482999971],[-71.67642973099998,-15.464616732999957],[-71.67687223099989,-15.458335857999941],[-71.67627710699986,-15.455128607999882],[-71.67298135599992,-15.44907860799998],[-71.66103073099993,-15.431653482999877],[-71.65909423099993,-15.428047232999859],[-71.65778498099996,-15.421024607999925],[-71.65576148199995,-15.41876323299988],[-71.65034385599995,-15.415882357999976],[-71.64703373099991,-15.415468232999899],[-71.63757323099998,-15.415969857999926],[-71.63437648099989,-15.415155357999879],[-71.63184360699995,-15.413444482999978],[-71.6232147309999,-15.403515857999878],[-71.62020873099988,-15.402111982999884],[-71.6177521059999,-15.40261360799991],[-71.61323548099995,-15.40497010799993],[-71.60932160599987,-15.408591232999981],[-71.60626985599987,-15.408527357999901],[-71.60100560599994,-15.40384198299995],[-71.59844210599994,-15.398354482999935],[-71.5960617309999,-15.397583982999947],[-71.59234623099996,-15.398418482999887],[-71.58977510699987,-15.397391357999936],[-71.5906753559999,-15.39219285799993],[-71.59233098199996,-15.389076357999897],[-71.58753973099994,-15.389168732999906],[-71.58367923099996,-15.390952107999965],[-71.5804367319999,-15.394845857999883],[-71.5782928559999,-15.39899348299997],[-71.57818598099993,-15.4013233579999],[-71.57537835599999,-15.40427023299992],[-71.57298273099991,-15.405616732999874],[-71.56947323099996,-15.410365107999837],[-71.56577298199988,-15.419826482999838],[-71.56246948099994,-15.42251585799994],[-71.55579373199993,-15.424665482999899],[-71.55112460599997,-15.427490232999958],[-71.54436498099994,-15.429377607999982],[-71.54046635599997,-15.431692232999978],[-71.53997798099988,-15.43394560799993],[-71.5411987309999,-15.43857385799987],[-71.54052735599987,-15.441924107999967],[-71.53875735599996,-15.444786107999903],[-71.53211973099991,-15.44655223299992],[-71.52570348199998,-15.450860982999927],[-71.52452098099997,-15.454874982999968],[-71.52083585599996,-15.458609732999946],[-71.5195236059999,-15.461486857999887],[-71.51957698099989,-15.47334860799998],[-71.51784510599992,-15.478899982999963],[-71.51683810599991,-15.486143107999908],[-71.51420598099992,-15.492240857999946],[-71.51144410599994,-15.49537748299997],[-71.51164248099991,-15.498968107999929],[-71.51377873099995,-15.502629232999823],[-71.51276398099998,-15.507293857999969],[-71.51337435599987,-15.510972982999874],[-71.51030735599994,-15.520000482999876],[-71.51136785599994,-15.523497608999946],[-71.5099334809999,-15.526089607999893]]]]},"properties":{"ubigeo":"040218","nombre":"TUTI"}},{"type":"Feature","geometry":{"type":"MultiPolygon","coordinates":[[[[-71.20122523099997,-15.676251358999878],[-71.20655060599995,-15.679952607999894],[-71.20809935599993,-15.68300060799993],[-71.20928960599991,-15.691111607999915],[-71.20805360499998,-15.695606232999921],[-71.20350648099998,-15.699325482999939],[-71.20102685599988,-15.704233107999812],[-71.20308685599997,-15.708831732999897],[-71.20123285599988,-15.714307732999941],[-71.20252223099999,-15.717561732999968],[-71.20660398099994,-15.721591982999882],[-71.21022035599992,-15.724278482999978],[-71.21337885599996,-15.730766357999983],[-71.22011560599992,-15.736687607999954],[-71.22181698099996,-15.74688623399993],[-71.22109222999984,-15.750099107999972],[-71.22155760599998,-15.75558660799993],[-71.22528073099983,-15.760135607999928],[-71.22907273099997,-15.762193857999875],[-71.23181148099991,-15.76150698299989],[-71.23885348099992,-15.76627248299991],[-71.23986810599985,-15.769413982999879],[-71.24385073099995,-15.770181607999973],[-71.25058748099991,-15.767277733999947],[-71.25479885599992,-15.766290607999906],[-71.25906373099997,-15.766214483999931],[-71.2633667309999,-15.76431273399993],[-71.26825710599996,-15.763369607999891],[-71.27266698099999,-15.763254107999956],[-71.28015898099994,-15.764104982999982],[-71.28295123099986,-15.765071857999885],[-71.28356935599993,-15.77005385799987],[-71.28301235599992,-15.773081733999959],[-71.27735135599988,-15.784577483999954],[-71.27841185599988,-15.790128608999964],[-71.27709960599992,-15.793218607999961],[-71.27365110599999,-15.797480607999887],[-71.27037048099993,-15.803312357999971],[-71.26525873099996,-15.809739107999974],[-71.26483148099993,-15.812009858999886],[-71.26604460599998,-15.820191232999946],[-71.26671610599993,-15.821997607999947],[-71.26982123099998,-15.82384210899994],[-71.27338410599998,-15.823101982999901],[-71.27763360499995,-15.825489983999944],[-71.28769685599991,-15.825260107999952],[-71.29212948099996,-15.822572733999891],[-71.29395298099996,-15.823961232999864],[-71.29936985599994,-15.821654358999865],[-71.30193310599992,-15.826205232999882],[-71.30449673099997,-15.826771732999873],[-71.30567160599992,-15.829958858999873],[-71.30973810599994,-15.832632982999883],[-71.30996698099995,-15.834545108999919],[-71.31202698099997,-15.836634607999883],[-71.31226348099989,-15.838738482999872],[-71.30928035599999,-15.839795107999976],[-71.31048598099983,-15.843127233999894],[-71.30989060599995,-15.845751732999815],[-71.31529235599987,-15.847568482999918],[-71.3157577309999,-15.851743732999978],[-71.31372835599996,-15.855079608999972],[-71.31313323099994,-15.859113733999948],[-71.31550598099994,-15.862276983999948],[-71.31877898099998,-15.862935983999932],[-71.32881160599999,-15.868656108999915],[-71.33319860599994,-15.870101983999973],[-71.34003448099998,-15.870605482999906],[-71.34567260599982,-15.868390983999916],[-71.34818273099995,-15.866294857999947],[-71.35361485599998,-15.86412710799982],[-71.36215210599988,-15.8613148579999],[-71.3680724809999,-15.864882482999974],[-71.36934660599991,-15.86682223399987],[-71.37342073099995,-15.870327983999971],[-71.37700648099997,-15.872539482999969],[-71.37895198099994,-15.875562607999882],[-71.38459010599996,-15.879694983999968],[-71.38749698099997,-15.885294857999952],[-71.38779448099996,-15.888597483999888],[-71.39001460599997,-15.89134973399996],[-71.39500410599999,-15.893605108999964],[-71.40000910599997,-15.897896733999971],[-71.40288548099988,-15.898832357999936],[-71.40882110599995,-15.903696982999918],[-71.41169735599988,-15.908697107999842],[-71.41481023099988,-15.910812357999873],[-71.41549685599995,-15.913451233999979],[-71.41838835599998,-15.917484233999915],[-71.42134098099996,-15.923593483999923],[-71.42737573099993,-15.927620857999898],[-71.43034360599995,-15.92843148299994],[-71.4357299809999,-15.926322982999977],[-71.44261173099989,-15.926035732999935],[-71.44446560599988,-15.927434983999888],[-71.44622798099988,-15.930480983999928],[-71.45096585599993,-15.934965107999972],[-71.45626073099999,-15.930377982999971],[-71.46121973099997,-15.92900085899987],[-71.46351623099991,-15.927669482999931],[-71.46829223099991,-15.926515607999931],[-71.47227473099991,-15.926794983999969],[-71.47978973099998,-15.928372358999923],[-71.48416135599996,-15.92978760799997],[-71.48667923099998,-15.931694982999943],[-71.4900971059999,-15.932156608999946],[-71.49729160599992,-15.929020857999944],[-71.50100710599997,-15.926633858999878],[-71.50484460599995,-15.925452233999977],[-71.51238248199996,-15.926505107999958],[-71.51553348199997,-15.927699108999889],[-71.51796723099994,-15.92714498399988],[-71.52916723099997,-15.929961232999915],[-71.53144073099998,-15.932665857999893],[-71.53170010599996,-15.935039482999912],[-71.53080760599988,-15.939753482999947],[-71.53157810599998,-15.944146108999973],[-71.53521723099988,-15.944681107999884],[-71.53660585599994,-15.947524982999937],[-71.54008485699995,-15.949554482999872],[-71.54244235599987,-15.952382983999883],[-71.54257198099992,-15.955894483999828],[-71.54369348099993,-15.957469108999817],[-71.54695898099999,-15.95918748399987],[-71.55024723099996,-15.96324248399992],[-71.55297085599994,-15.967587482999818],[-71.55479435599995,-15.968921608999892],[-71.55649560599994,-15.972140357999933],[-71.56073010599988,-15.97765260899996],[-71.56430810599983,-15.979566607999857],[-71.56793973099991,-15.98401735899995],[-71.57191473099994,-15.987937982999881],[-71.5775909809999,-15.990863858999944],[-71.58798985599992,-15.988467233999927],[-71.59345248099993,-15.986150732999818],[-71.60029598099993,-15.982133857999884],[-71.60272210599987,-15.98178185899991],[-71.60668935599995,-15.983398482999917],[-71.61153410699995,-15.983221108999885],[-71.61619573099995,-15.981380483999942],[-71.62654873099996,-15.97917360799994],[-71.6296844819999,-15.980919858999982],[-71.63374323099998,-15.98114585899998],[-71.64263910599993,-15.987691732999963],[-71.64574435599991,-15.987691732999963],[-71.64871210599995,-15.98888973399994],[-71.65196985599994,-15.98755548399987],[-71.65205385699988,-15.983200982999904],[-71.64983373099994,-15.98257448399994],[-71.65105435599997,-15.979624732999866],[-71.64810185599993,-15.972721108999849],[-71.64752960699991,-15.969789483999932],[-71.6440353559999,-15.969161982999879],[-71.64412685699983,-15.964107482999907],[-71.64030460599986,-15.962424233999911],[-71.63866423099995,-15.959984732999942],[-71.63810735599998,-15.955404232999854],[-71.63630673199992,-15.952696858999843],[-71.63568110599994,-15.949841483999933],[-71.63257598099995,-15.950355482999896],[-71.63175198099998,-15.942089982999903],[-71.63025660599999,-15.93790048299985],[-71.62576298099998,-15.934732482999891],[-71.6239318559999,-15.934820232999982],[-71.62146760699994,-15.932949108999878],[-71.62104035699986,-15.930544857999905],[-71.61874385599998,-15.929903983999907],[-71.61695098199988,-15.926362982999933],[-71.61418148199988,-15.92341235799995],[-71.61047360699996,-15.920687733999955],[-71.61023710599994,-15.917310732999965],[-71.60800185699998,-15.913374858999873],[-71.60472110699999,-15.912097982999853],[-71.59860235599996,-15.900042483999982],[-71.60086060699996,-15.895289482999885],[-71.60137173099997,-15.892069858999946],[-71.60272985599988,-15.88981623299992],[-71.60163110599984,-15.886532733999957],[-71.60250085599995,-15.88244723399987],[-71.60143285699996,-15.87574198399983],[-71.6001128559999,-15.873410232999902],[-71.59289548099991,-15.866160358999934],[-71.59193423199997,-15.863210732999846],[-71.59302523099984,-15.86029923399991],[-71.60241698099992,-15.84956460799998],[-71.60810848099993,-15.846359233999976],[-71.61315923199993,-15.845816483999954],[-71.61652373199996,-15.846400232999827],[-71.62263485599988,-15.848607107999896],[-71.63127898099992,-15.849199232999979],[-71.63629148099989,-15.84793660799994],[-71.63818360699997,-15.848370607999982],[-71.64254010699989,-15.851937232999944],[-71.64502710599999,-15.853040732999943],[-71.6507263559999,-15.850671732999956],[-71.65262598099997,-15.848121607999872],[-71.65911098099997,-15.845407483999907],[-71.66160585699998,-15.843616482999892],[-71.66488648099994,-15.839193357999932],[-71.66529848199991,-15.834905608999975],[-71.66624448099992,-15.83325098299997],[-71.66966248099993,-15.832355482999958],[-71.67136385699996,-15.827803608999886],[-71.67628485599988,-15.825072233999947],[-71.68351748199996,-15.819639232999918],[-71.68381498199994,-15.816098232999934],[-71.68146510599996,-15.811896357999899],[-71.67785648099988,-15.80997948299995],[-71.67432398199998,-15.8044433579999],[-71.67112735599983,-15.801165607999963],[-71.66847223099995,-15.797361357999876],[-71.66596985699994,-15.790091482999912],[-71.66459660599992,-15.784527732999948],[-71.66067510599999,-15.777972107999915],[-71.65919498199992,-15.770624107999822],[-71.65731810599988,-15.764103857999885],[-71.65932460699997,-15.757799107999972],[-71.66055298099991,-15.752134358999967],[-71.66144560599997,-15.743717232999927],[-71.66135410599998,-15.739828107999926],[-71.66252898199991,-15.737613733999922],[-71.66426085599994,-15.731250733999957],[-71.66454310599994,-15.723277107999877],[-71.66655735599988,-15.715725857999928],[-71.66866298099995,-15.712636108999902],[-71.6671294819999,-15.709279107999976],[-71.66748048199997,-15.706948232999935],[-71.66464235599989,-15.701930232999871],[-71.66327673099988,-15.698161107999965],[-71.66360473099991,-15.693300232999832],[-71.66218573199995,-15.689147982999884],[-71.66333010599993,-15.684723858999973],[-71.66764823099999,-15.68019010899991],[-71.66923523099996,-15.675546607999934],[-71.67371373099996,-15.669277232999889],[-71.67685698099996,-15.662370732999932],[-71.67920685599995,-15.66110135799994],[-71.67736810599996,-15.658851607999964],[-71.67462160599985,-15.659007982999924],[-71.67218785599982,-15.657859857999881],[-71.66838835599987,-15.653758107999977],[-71.66709898099992,-15.650297107999961],[-71.6642303569999,-15.649273857999958],[-71.66383360599997,-15.646115357999975],[-71.66148373099992,-15.64518735799993],[-71.66001110599996,-15.641290608999952],[-71.65540310599988,-15.639911607999977],[-71.64895635599993,-15.638949357999934],[-71.64764398099987,-15.640107107999881],[-71.6476746059999,-15.644078232999902],[-71.64519498099992,-15.646726607999938],[-71.63111110599982,-15.65434360799992],[-71.62823485599995,-15.65469935799996],[-71.62511448099997,-15.652406732999964],[-71.62234498099997,-15.652970357999891],[-71.62310023099991,-15.656960482999978],[-71.62274935599993,-15.663851857999873],[-71.6243667309999,-15.668580108999947],[-71.62424473199997,-15.674838107999847],[-71.62472535599994,-15.67931460799997],[-71.62326810599995,-15.688513732999922],[-71.61522673099995,-15.698177357999953],[-71.61421960599995,-15.700271607999866],[-71.61450198099993,-15.705841108999891],[-71.61349473099989,-15.711987482999973],[-71.6095581059999,-15.724358607999932],[-71.60577385599993,-15.730247482999914],[-71.59409335599992,-15.739179607999915],[-71.58913423099995,-15.741066108999973],[-71.58390810599997,-15.744125357999962],[-71.57926173099997,-15.745003733999965],[-71.57411198199992,-15.749673857999937],[-71.57033535599999,-15.751589732999832],[-71.56874085599998,-15.756552732999864],[-71.56589510599997,-15.759126608999907],[-71.56505585699995,-15.761187608999933],[-71.56229398099998,-15.763047232999952],[-71.55948635699991,-15.760636358999875],[-71.55339810599997,-15.757419733999939],[-71.55022448099999,-15.754394482999885],[-71.54904173099993,-15.752243982999971],[-71.54801935599988,-15.745146732999899],[-71.54109960599999,-15.74354273299997],[-71.53359985599991,-15.742511732999844],[-71.52673335599997,-15.742246607999846],[-71.52622985599993,-15.739275107999902],[-71.5230101059999,-15.733893358999978],[-71.51847073099992,-15.732829107999919],[-71.51397710599991,-15.73289110899998],[-71.51123810699994,-15.736067732999913],[-71.50148773099994,-15.731947857999842],[-71.49922948099987,-15.728111232999936],[-71.49865710599994,-15.724935482999967],[-71.49568173099993,-15.720949232999942],[-71.4944992309999,-15.718142482999951],[-71.49194335699991,-15.716271357999858],[-71.49031835599999,-15.707790357999954],[-71.48426823099999,-15.70261385799995],[-71.48121648099993,-15.698622732999922],[-71.47766110599991,-15.69606585899993],[-71.47108460599998,-15.685982732999946],[-71.4689178559999,-15.68498423299991],[-71.46379085599989,-15.684279482999955],[-71.45707685599984,-15.680677357999912],[-71.4516601059999,-15.67717748299998],[-71.44108585599997,-15.67647835799994],[-71.43811035599998,-15.677613232999931],[-71.43369298099987,-15.678091982999945],[-71.42673498099998,-15.679652233999889],[-71.42176823099999,-15.67907423399987],[-71.41426098099998,-15.677212732999863],[-71.40990448099996,-15.67509360799994],[-71.40709685599984,-15.67052173299993],[-71.40592960599997,-15.665866857999902],[-71.40328985599996,-15.659958857999925],[-71.40272523099998,-15.65694710799994],[-71.39783473099999,-15.654272982999942],[-71.39363098099989,-15.649175607999894],[-71.39238735599992,-15.64671323399989],[-71.39295960599992,-15.641426108999951],[-71.39152523099983,-15.63673023299998],[-71.38640610599992,-15.634417482999936],[-71.38544460599996,-15.632722858999898],[-71.38809198099989,-15.627614983999933],[-71.38562773099994,-15.623870857999975],[-71.3819351059999,-15.623296732999961],[-71.37626648099996,-15.625747733999901],[-71.37060548099998,-15.631271357999879],[-71.36618048099996,-15.63398260799994],[-71.36086260599996,-15.634761858999923],[-71.35769648099983,-15.632980358999873],[-71.35287473099993,-15.628726982999922],[-71.35007473099989,-15.624464982999825],[-71.34527585599994,-15.619746232999944],[-71.33919523099996,-15.614513357999954],[-71.33448785599995,-15.614859608999893],[-71.33219148099994,-15.61584760799991],[-71.33087160599996,-15.618178357999966],[-71.3313979809999,-15.622047483999893],[-71.32814785599993,-15.621870982999951],[-71.32480623099997,-15.623849857999971],[-71.32159423099995,-15.62887860799998],[-71.31943510599996,-15.628952982999976],[-71.31609348099988,-15.630600982999908],[-71.31407923099994,-15.62907598399994],[-71.31049348099998,-15.630023982999944],[-71.30661773099996,-15.629652982999914],[-71.30171198099993,-15.633114857999885],[-71.30509185599993,-15.637111607999941],[-71.30406185599998,-15.64028548399989],[-71.30155185599995,-15.642098482999813],[-71.29586023099989,-15.64407623299985],[-71.28942873099999,-15.647460982999974],[-71.2859878559999,-15.650981733999913],[-71.27825160599986,-15.650602357999901],[-71.27417760599991,-15.651799232999963],[-71.26470185599999,-15.657500232999894],[-71.2590408559999,-15.659585982999886],[-71.25463098099982,-15.660424232999958],[-71.2487411059999,-15.664980857999979],[-71.24528498099994,-15.672157232999893],[-71.24308023099996,-15.67494873399994],[-71.24095148099997,-15.676124607999952],[-71.23063660599996,-15.67823410799997],[-71.22629548099997,-15.680158607999886],[-71.22078710599999,-15.681456607999905],[-71.21324922999997,-15.680640232999963],[-71.20975498099995,-15.678688982999972],[-71.20612335599998,-15.67483235799989],[-71.20122523099997,-15.676251358999878]]]]},"properties":{"ubigeo":"040219","nombre":"YANQUE"}},{"type":"Feature","geometry":{"type":"MultiPolygon","coordinates":[[[[-72.09131623199983,-16.189315733999933],[-72.08723448199987,-16.201150858999938],[-72.0734787319999,-16.209464983999965],[-72.07402798199996,-16.218252233999976],[-72.07474523199988,-16.222055483999952],[-72.07837673099988,-16.223619483999983],[-72.08290098099997,-16.230421108999963],[-72.08378598199982,-16.237266483999974],[-72.08559423199995,-16.245414857999947],[-72.08787535699997,-16.249214233999908],[-72.10546110699983,-16.276035358999877],[-72.10846710599992,-16.28042410799992],[-72.11281585599994,-16.28365710799983],[-72.11560060699998,-16.289482108999948],[-72.12019348199993,-16.29761510899982],[-72.12291723099997,-16.29949360899991],[-72.12532810699997,-16.303482108999958],[-72.13073735699999,-16.310115733999908],[-72.13256073199994,-16.313741733999905],[-72.13598648199996,-16.32373423399997],[-72.13983148199998,-16.33181948299989],[-72.14461523199998,-16.340667733999965],[-72.14432523099998,-16.350580233999892],[-72.14582823199999,-16.3515281089999],[-72.15397648199996,-16.36149023399986],[-72.1552811069999,-16.362396232999856],[-72.16049960699996,-16.369378983999923],[-72.16706848199988,-16.385751733999882],[-72.17024235699995,-16.39016348399997],[-72.17275235599988,-16.395357107999814],[-72.18050385699996,-16.40859410899992],[-72.18452448199986,-16.417512733999956],[-72.18721773199985,-16.42648698399995],[-72.19128423099994,-16.438003608999907],[-72.1942291069999,-16.444767108999883],[-72.19922635699993,-16.452413608999905],[-72.19950860699993,-16.458721108999896],[-72.19971460599999,-16.46101373399989],[-72.19933335699989,-16.483812358999955],[-72.20279698199994,-16.487691858999938],[-72.20500948199998,-16.494596483999885],[-72.20827485599995,-16.49432560899993],[-72.21070860699996,-16.496364608999897],[-72.21044923199992,-16.498212858999977],[-72.21501923099993,-16.500503483999864],[-72.21579748199997,-16.501607858999932],[-72.21497348199989,-16.50506785899995],[-72.21645360699995,-16.508624983999937],[-72.21850585699997,-16.509660733999908],[-72.21846773199991,-16.511812233999933],[-72.22150423199997,-16.513946483999973],[-72.22124485699999,-16.51561160899996],[-72.22440348199996,-16.519370983999977],[-72.22663123199999,-16.51922985899995],[-72.22801210699993,-16.52197835899989],[-72.22998810699994,-16.522058483999956],[-72.23075860699998,-16.526964233999877],[-72.23204798199998,-16.528659858999845],[-72.23657223199996,-16.53097535899991],[-72.23951723199991,-16.534246483999937],[-72.25422673199984,-16.53341485899989],[-72.28870385699992,-16.586206483999945],[-72.31388098099995,-16.582244983999885],[-72.31389623199988,-16.587202108999975],[-72.31713098199992,-16.595600108999975],[-72.31787123199996,-16.6037121089999],[-72.3206711069999,-16.607149108999977],[-72.32632448199996,-16.60740848399996],[-72.32661435699998,-16.598310483999967],[-72.32987973199994,-16.593564983999897],[-72.33111573199989,-16.592876483999873],[-72.34056085699996,-16.594131483999888],[-72.34535985699995,-16.591835108999874],[-72.35160823199993,-16.590858483999966],[-72.35392760699989,-16.589330733999873],[-72.35787960699997,-16.589275358999828],[-72.36285398199993,-16.5903606089999],[-72.36646273199995,-16.594823858999973],[-72.36682123199995,-16.597287983999934],[-72.36891935699998,-16.600984609999898],[-72.37351985699996,-16.606586483999877],[-72.37800598099994,-16.60859685899993],[-72.38490298199997,-16.60973173399998],[-72.38743585699996,-16.61086660899997],[-72.39241023199992,-16.61182598399995],[-72.3956679819999,-16.611709608999945],[-72.40032960699989,-16.60969735899988],[-72.40279385699995,-16.61088748399993],[-72.40461735699984,-16.6095904849999],[-72.40643310699994,-16.60402298399987],[-72.41120148199997,-16.603336358999968],[-72.41761010699997,-16.606182108999974],[-72.41970823199995,-16.60635373399998],[-72.42501835699994,-16.60529135899992],[-72.42996210699988,-16.60655610899994],[-72.43433385699984,-16.605722483999955],[-72.4421463569999,-16.59716035899993],[-72.44541935699993,-16.596872358999917],[-72.44746398199999,-16.59919923399997],[-72.45044710699989,-16.599946983999928],[-72.45194248199982,-16.599142108999956],[-72.45426935699999,-16.5940437349999],[-72.45593260699991,-16.587669358999904],[-72.45409398199985,-16.583269108999957],[-72.45068360699992,-16.57213610899987],[-72.45202635699991,-16.564819358999955],[-72.45363610699997,-16.558967483999822],[-72.45505523199995,-16.556549108999832],[-72.46104435699993,-16.560596483999973],[-72.46961210699993,-16.562330233999944],[-72.47386935699996,-16.56374935899987],[-72.48043823199998,-16.565114983999877],[-72.48464198199997,-16.56427385899991],[-72.48616785699994,-16.559123983999882],[-72.48915860699998,-16.557390233999968],[-72.49336248199995,-16.557882358999905],[-72.49536898199989,-16.559957483999938],[-72.49649810699998,-16.56410035899995],[-72.49694823199991,-16.568910608999886],[-72.49843598199993,-16.571594233999974],[-72.50979610699989,-16.571523608999883],[-72.51515960699993,-16.56994998399989],[-72.51812748199984,-16.57111548399996],[-72.52057648199997,-16.57437710899984],[-72.52351373199997,-16.57509423399995],[-72.52564998199989,-16.572977108999908],[-72.52725223199997,-16.56813435899994],[-72.52646635699995,-16.565805483999895],[-72.53218073199997,-16.564861358999963],[-72.53738398199982,-16.565526983999973],[-72.54693598199992,-16.563297233999947],[-72.55236035699994,-16.56479648399994],[-72.5567932319999,-16.56996160899996],[-72.56121060699985,-16.57233235899986],[-72.56497185699999,-16.573402358999942],[-72.56623835699997,-16.572137983999937],[-72.56832123199996,-16.563144858999976],[-72.57062535699998,-16.563632983999923],[-72.57357785699992,-16.562593483999876],[-72.57773585699988,-16.559900233999883],[-72.58299260699988,-16.55947685899997],[-72.58393098199991,-16.556068358999937],[-72.58679673199998,-16.540906233999976],[-72.5900796069999,-16.542145983999944],[-72.5930403569999,-16.54191223399988],[-72.6046906069999,-16.53718560899995],[-72.60025023199995,-16.533447233999823],[-72.59111785699992,-16.526519733999976],[-72.5817261069999,-16.51889423399996],[-72.57157135699998,-16.51207548399998],[-72.54623410699998,-16.51281548399993],[-72.54425810699996,-16.509298358999956],[-72.53948973199988,-16.506956108999873],[-72.53344723199996,-16.493162108999968],[-72.51195523199993,-16.491416983999954],[-72.50087735699992,-16.479122108999945],[-72.49344635699998,-16.466451608999876],[-72.48471073199983,-16.451091733999874],[-72.47817998199992,-16.42465585899987],[-72.4769058569999,-16.41597748399994],[-72.47541810699994,-16.412031233999926],[-72.4727707319999,-16.400960983999937],[-72.46976473199999,-16.3860817339999],[-72.46635435699989,-16.38315585899994],[-72.44379423199985,-16.36547848399988],[-72.44245910699993,-16.34257123399982],[-72.4424971069999,-16.33141523399985],[-72.4372329819999,-16.31955148299994],[-72.43470760699995,-16.318548233999877],[-72.43057248199995,-16.314788858999975],[-72.42559810699993,-16.313022607999926],[-72.42199710699998,-16.31289673399982],[-72.41628260699991,-16.31396098299996],[-72.41197973199996,-16.312627732999943],[-72.40729523199997,-16.31332973399992],[-72.4012603569999,-16.312356983999905],[-72.39651485699983,-16.309167858999842],[-72.39334873199994,-16.303781483999956],[-72.39446260599993,-16.301061608999873],[-72.39405823199996,-16.297687483999937],[-72.38878635699996,-16.29603773399998],[-72.38649748199992,-16.29177273299996],[-72.37964635699996,-16.28894048399991],[-72.37337498199997,-16.29105560799985],[-72.37122348099984,-16.2925968589999],[-72.36769873199995,-16.291603107999947],[-72.37428285699991,-16.28416635899987],[-72.37502285699998,-16.28212360799995],[-72.37337498199997,-16.275367733999815],[-72.37309260699993,-16.27014535899997],[-72.36903385699986,-16.256113108999898],[-72.36798098199995,-16.24423223399998],[-72.37005610699998,-16.239837608999892],[-72.36813360699989,-16.236282358999915],[-72.3684387319999,-16.231752357999824],[-72.36811060699995,-16.223154108999893],[-72.3672408569999,-16.21965985899982],[-72.36925510699996,-16.211502108999923],[-72.36705785699996,-16.209882608999976],[-72.36443323199995,-16.20627023399993],[-72.35861973199991,-16.201606607999906],[-72.35770398199998,-16.196239482999943],[-72.35779573099995,-16.19011110899993],[-72.35842898199991,-16.181581483999935],[-72.35908510699994,-16.179529233999915],[-72.35610198199993,-16.17557523299996],[-72.35764310699994,-16.1703433589999],[-72.36090085699982,-16.16969473399996],[-72.36435698199995,-16.167671233999954],[-72.36611935699995,-16.164827358999958],[-72.36660760699993,-16.16216660799995],[-72.36882023199996,-16.161325483999917],[-72.35883335699998,-16.159320858999877],[-72.35475160699997,-16.158090607999952],[-72.34520735699994,-16.153184857999975],[-72.34211735699989,-16.15071310899998],[-72.33757785699999,-16.149276733999898],[-72.3326721069999,-16.145275108999897],[-72.33024610599989,-16.144061982999972],[-72.32472998199984,-16.139255358999947],[-72.31340785699996,-16.135726983999916],[-72.30692285699996,-16.135839483999916],[-72.29627223199998,-16.137401608999937],[-72.29182435699994,-16.1388664829999],[-72.28218060699993,-16.139411858999893],[-72.27934260699993,-16.138597483999945],[-72.27532198199998,-16.13897898299996],[-72.27063748199998,-16.136880858999916],[-72.25113673199996,-16.139329858999872],[-72.2244338569999,-16.14327623299988],[-72.22203060599992,-16.138513607999926],[-72.21966548099988,-16.135162358999935],[-72.21649173199995,-16.13209348299995],[-72.21639248199989,-16.12627223399994],[-72.21366885699996,-16.12137035899991],[-72.2135696069999,-16.11854748299993],[-72.21012873199999,-16.110952357999963],[-72.20310210699989,-16.100873983999918],[-72.20005798099999,-16.09948923399992],[-72.19842523199998,-16.102552358999958],[-72.19443510699989,-16.103574733999892],[-72.18807235699995,-16.10033973399993],[-72.18453210699994,-16.10207560899994],[-72.18435673199991,-16.09812548399998],[-72.18505098099996,-16.095386482999913],[-72.18453210699994,-16.091657608999924],[-72.1822814819999,-16.088966358999926],[-72.17915348199989,-16.087980233999872],[-72.17604060699989,-16.08201985799991],[-72.17285923199995,-16.079137857999854],[-72.17188260599994,-16.076892858999884],[-72.17165373199992,-16.07136535799998],[-72.16987610699994,-16.07009123399996],[-72.16629023099989,-16.060710858999926],[-72.15774535599996,-16.053842483999972],[-72.15211485699996,-16.050592482999946],[-72.14859773199998,-16.05065923299992],[-72.14572148199994,-16.05179785899992],[-72.1417769819999,-16.048524857999894],[-72.13925935699996,-16.04913335899988],[-72.13633723199996,-16.051162733999945],[-72.12582398199987,-16.05619623399997],[-72.12212373099993,-16.054126732999976],[-72.11778260699992,-16.055669733999935],[-72.10966485699998,-16.051080732999935],[-72.10710910699993,-16.04746823399995],[-72.10312648099983,-16.045762983999907],[-72.10024260699998,-16.04267698299992],[-72.1006928569999,-16.03833385899992],[-72.09322360699997,-16.03735923299996],[-72.08717348199997,-16.039672858999893],[-72.08583073199998,-16.043775608999965],[-72.08573910699994,-16.049360232999845],[-72.08734898199992,-16.05526548299997],[-72.09190373199993,-16.05794335899992],[-72.09354398099993,-16.06451035799995],[-72.09262085599994,-16.0673961089999],[-72.08892823199994,-16.070825607999893],[-72.08682248199989,-16.07453160899985],[-72.08807373199994,-16.07893748399988],[-72.08567048099997,-16.08180048299988],[-72.08464810699991,-16.085548357999926],[-72.0845718569999,-16.089351608999948],[-72.08616635599998,-16.090150983999877],[-72.08612823199991,-16.094253482999875],[-72.08816523199988,-16.096597608999957],[-72.0882492319999,-16.098688108999966],[-72.08608248199994,-16.10090260899989],[-72.08648698199994,-16.10434910899994],[-72.08573910699994,-16.107730858999957],[-72.08806610599993,-16.111278482999978],[-72.08839410699989,-16.1196193589999],[-72.09159085699997,-16.121625983999934],[-72.09307860599989,-16.126733733999856],[-72.09525298099993,-16.127052358999947],[-72.09846485699995,-16.130172732999938],[-72.09971623199993,-16.135066983999934],[-72.09802248099993,-16.135669733999976],[-72.09580235699991,-16.141267733999882],[-72.09511560699997,-16.14570423399988],[-72.09583285699995,-16.152811107999923],[-72.09513860699997,-16.155855233999944],[-72.09575648099997,-16.160184733999927],[-72.09549710599998,-16.1640281089999],[-72.09390260699996,-16.169923733999894],[-72.09165185699999,-16.174211483999954],[-72.0910339809999,-16.17897798399997],[-72.09183498099992,-16.186147733999974],[-72.09131623199983,-16.189315733999933]]]]},"properties":{"ubigeo":"040220","nombre":"MAJES"}},{"type":"Feature","geometry":{"type":"MultiPolygon","coordinates":[[[[-72.71508785799995,-16.611530483999957],[-72.71112823199996,-16.610713983999972],[-72.70552823199989,-16.610494608999943],[-72.70628360799986,-16.61441423399998],[-72.70052335699995,-16.613163108999913],[-72.69969173199996,-16.620546358999945],[-72.69949335799998,-16.630197483999893],[-72.70197285699999,-16.636394483999823],[-72.70215610699995,-16.64383510899995],[-72.70294948199995,-16.647045108999976],[-72.70341485699998,-16.653325983999878],[-72.70904535699992,-16.652692733999913],[-72.71902460699988,-16.64937023399989],[-72.72518160699985,-16.64809610899988],[-72.72526548199994,-16.63281835899994],[-72.72434235799994,-16.6220283589999],[-72.72343448199996,-16.6189937339999],[-72.72362523199996,-16.615793233999966],[-72.72584535699997,-16.615344983999876],[-72.72451785699991,-16.60957723399997],[-72.72206110799993,-16.61058235899992],[-72.71508785799995,-16.611530483999957]]]]},"properties":{"ubigeo":"040301","nombre":"CAMANA"}},{"type":"Feature","geometry":{"type":"MultiPolygon","coordinates":[[[[-72.71177673299997,-16.591930358999946],[-72.71121210699988,-16.595001233999938],[-72.71332548299995,-16.596824608999952],[-72.71187585699994,-16.606096233999892],[-72.71531673199996,-16.60950085899998],[-72.71508785799995,-16.611530483999957],[-72.72206110799993,-16.61058235899992],[-72.72451785699991,-16.60957723399997],[-72.72584535699997,-16.615344983999876],[-72.73342898199996,-16.614120483999898],[-72.73838060799994,-16.612026233999927],[-72.75150298299997,-16.610038733999943],[-72.75568385799994,-16.611782108999876],[-72.75830073299994,-16.609855608999908],[-72.75826260699989,-16.606586483999877],[-72.7601242319999,-16.603717858999914],[-72.75955960699991,-16.60037998399997],[-72.75716385799984,-16.595088983999972],[-72.7573547319999,-16.58941835899992],[-72.75477585699997,-16.582931483999914],[-72.75443273199988,-16.58056260999996],[-72.75116735699999,-16.575916233999976],[-72.74827573199991,-16.57501035899992],[-72.74376673199998,-16.57712748399996],[-72.74076835699998,-16.57969473399993],[-72.73801423299989,-16.57934948399992],[-72.73354335699997,-16.580640733999928],[-72.73088835699997,-16.57975573399989],[-72.72886660699993,-16.58049010899998],[-72.72937773199993,-16.58506585899994],[-72.72709660699985,-16.585262358999955],[-72.72132110699982,-16.587957358999915],[-72.71402735699996,-16.58599285899993],[-72.71372985699992,-16.588762233999887],[-72.71177673299997,-16.591930358999946]]]]},"properties":{"ubigeo":"040302","nombre":"JOSE MARIA QUIMPER"}},{"type":"Feature","geometry":{"type":"MultiPolygon","coordinates":[[[[-72.99788660799993,-16.019319483999936],[-72.99314123199997,-16.01996998399983],[-72.9889068579999,-16.021865857999842],[-72.98543548299989,-16.022636357999886],[-72.98707585699992,-16.027044357999955],[-72.98894510699995,-16.03014185799998],[-72.9948196069999,-16.03557398299995],[-72.9956741069999,-16.039886482999975],[-72.99712373299997,-16.042673107999974],[-72.99661260799996,-16.045007732999977],[-72.99877160699998,-16.049755108999932],[-73.00160223299997,-16.05259510899998],[-73.00492860699995,-16.05808448399995],[-73.00603485699997,-16.06247710799994],[-73.00808710799998,-16.06566423299995],[-73.01087948299983,-16.06833648399993],[-73.0120773569999,-16.073234607999893],[-73.01154323199995,-16.077901858999894],[-73.01331323199992,-16.083023107999963],[-73.01226060799996,-16.085807857999896],[-73.01277935699989,-16.08864598399998],[-73.01762385799998,-16.093276982999896],[-73.0188522329999,-16.095643858999892],[-73.02143860799998,-16.097501732999945],[-73.02269748299994,-16.103698733999977],[-73.02154535699998,-16.104852733999962],[-73.02241510699992,-16.10908698399993],[-73.02365110699998,-16.110843733999957],[-73.02846523299996,-16.11377710799985],[-73.03054048199988,-16.122491857999876],[-73.03306585699994,-16.13026223399993],[-73.03453060699997,-16.13229160799989],[-73.03371423199991,-16.13398935799995],[-73.03489685699998,-16.137088733999974],[-73.03828423199997,-16.139944108999885],[-73.03913110699995,-16.143590858999914],[-73.03787235699997,-16.146987858999978],[-73.03781123199997,-16.152322733999938],[-73.03864298299999,-16.161973858999943],[-73.04402923299995,-16.170497857999976],[-73.0432128569999,-16.175855607999893],[-73.0543059819999,-16.179819108999936],[-73.05685423299997,-16.180435358999944],[-73.06093598299992,-16.18283648399995],[-73.0658187329999,-16.184362358999977],[-73.07978060699998,-16.185129108999888],[-73.08347323199996,-16.18638035899994],[-73.08985135799992,-16.19032098299988],[-73.09272760699997,-16.19438748399989],[-73.10637660799995,-16.20096398299995],[-73.10929873299989,-16.20651435799988],[-73.11013035799994,-16.209787358999904],[-73.11531848299995,-16.214866607999966],[-73.12037660799996,-16.22284310899994],[-73.12432860699994,-16.22693823399993],[-73.1278609819999,-16.229272858999934],[-73.13133235799995,-16.23278235899994],[-73.14332585699998,-16.231653232999975],[-73.14665223199995,-16.23184948399995],[-73.15268710699985,-16.230758608999906],[-73.15631098299991,-16.234739357999956],[-73.1619186079999,-16.237197858999878],[-73.16571048199995,-16.237607983999908],[-73.17124935799995,-16.23682598399995],[-73.17495723299987,-16.234651608999968],[-73.18235010799998,-16.231899233999968],[-73.18507398299982,-16.22978210899987],[-73.18841548199998,-16.223495483999898],[-73.19145198299998,-16.22132110799987],[-73.1958847329999,-16.219781858999966],[-73.19989910799995,-16.219543108999915],[-73.19833373199987,-16.21652223399991],[-73.19770810799997,-16.21187035899993],[-73.19858548299999,-16.20336335899998],[-73.2008514829999,-16.19487185899993],[-73.20489498199998,-16.186212483999952],[-73.20546723299998,-16.183542108999973],[-73.20376585799988,-16.175289108999948],[-73.20716098299988,-16.16900060899991],[-73.20399473299983,-16.160261108999975],[-73.20323185799992,-16.152994108999962],[-73.20551298299995,-16.149099358999877],[-73.20837398299989,-16.14741898399984],[-73.21089173199994,-16.143171357999847],[-73.21178435799999,-16.138997983999957],[-73.21511073299996,-16.132095358999834],[-73.21837610799986,-16.128536233999966],[-73.21942135699999,-16.1235084839999],[-73.22203823299998,-16.11923410899982],[-73.22227473299995,-16.11590960899997],[-73.22089385699996,-16.111680983999975],[-73.22151185799999,-16.106599858999914],[-73.22251123299998,-16.103843732999962],[-73.22322085799988,-16.097764982999877],[-73.2224654829999,-16.09377460899998],[-73.22327410799994,-16.08470348299994],[-73.22259535799998,-16.082592108999904],[-73.2248001079999,-16.07629773399998],[-73.22371673299995,-16.07000535799989],[-73.22383885699992,-16.063859983999976],[-73.22792810799996,-16.05804635899989],[-73.23121648299991,-16.05588148299995],[-73.22993473299994,-16.051471733999847],[-73.23259735699997,-16.04694748299994],[-73.23342898199985,-16.03998760799982],[-73.23461910799989,-16.036203357999966],[-73.23223873299997,-16.034332233999976],[-73.23204798199998,-16.02897648399994],[-73.23397810699998,-16.02443885899993],[-73.2333908579999,-16.021024732999877],[-73.23484798299984,-16.01799398399993],[-73.23579410799994,-16.011548983999944],[-73.23962398299994,-16.004686357999844],[-73.24028773299989,-15.998206108999966],[-73.23516085799997,-15.995986983999899],[-73.22877498299988,-15.997074108999982],[-73.22570798299995,-15.995624483999961],[-73.22428898299995,-15.99328423399993],[-73.22135923299993,-15.992169358999888],[-73.22180935799997,-15.988982357999873],[-73.22499085799996,-15.98497198299998],[-73.2234573579999,-15.969057107999902],[-73.22330473299996,-15.962029482999924],[-73.22735598299988,-15.957828483999947],[-73.22988123299996,-15.953111733999947],[-73.22918698299998,-15.946799233999911],[-73.22804260799995,-15.941400483999871],[-73.22487635699997,-15.931370733999927],[-73.2251587319999,-15.926734983999893],[-73.2292174829999,-15.924312607999923],[-73.22958373299991,-15.915685607999933],[-73.23117823199993,-15.911954858999934],[-73.23542785799992,-15.907934232999935],[-73.23421473199994,-15.904237733999821],[-73.23257448299995,-15.894782982999914],[-73.23299410699991,-15.891033232999973],[-73.23109435699996,-15.888445857999955],[-73.22930148299992,-15.884009357999958],[-73.23324585699999,-15.874050108999882],[-73.22822573299999,-15.876560233999953],[-73.2241744829999,-15.876831983999864],[-73.22110748299997,-15.87809085899994],[-73.21840673299988,-15.876373233999914],[-73.21497348299988,-15.877477607999879],[-73.21276098299995,-15.880749732999902],[-73.20908360799996,-15.88365360899985],[-73.20004273299998,-15.883244482999942],[-73.1935272319999,-15.890904482999929],[-73.19155123199994,-15.894548358999941],[-73.18937685799995,-15.896218358999931],[-73.18897260799997,-15.898850482999933],[-73.19018560799998,-15.901523607999934],[-73.18870548299998,-15.904498108999974],[-73.18377685799999,-15.907401108999977],[-73.17404173199998,-15.912110357999893],[-73.17149348199996,-15.915473982999856],[-73.17110448199986,-15.917704607999951],[-73.16862485799993,-15.92308610799995],[-73.16763310699997,-15.926697732999912],[-73.16862485799993,-15.929424232999907],[-73.16717523299991,-15.933991358999947],[-73.16638948199983,-15.938899983999931],[-73.1616134819999,-15.946203232999892],[-73.16110223299995,-15.94888873399998],[-73.16201023299993,-15.955888732999881],[-73.16130060799992,-15.959603357999924],[-73.15489960799994,-15.96823298399994],[-73.15335848299998,-15.971463232999952],[-73.15116885799989,-15.97967148299989],[-73.15176385699993,-15.983644482999921],[-73.15598298299994,-15.989273108999953],[-73.16884610799997,-15.992470732999948],[-73.17631535799995,-16.00051310899994],[-73.17641448299992,-16.004243733999886],[-73.17527773299992,-16.006874108999853],[-73.17235560699999,-16.009790357999975],[-73.1700744829999,-16.01079935799993],[-73.16630548199998,-16.01551823299991],[-73.16640473199993,-16.017282483999963],[-73.16372685799996,-16.018680608999887],[-73.15912623299988,-16.017892857999982],[-73.1488189829999,-16.010206232999963],[-73.14452360799993,-16.007389107999927],[-73.13951110699998,-16.005590482999935],[-73.13346098199997,-16.00731848299995],[-73.13211060699996,-16.008434232999946],[-73.12349698199995,-16.012638233999894],[-73.1230316079999,-16.008933983999952],[-73.11949910699991,-16.004114108999943],[-73.11917873299996,-16.00023273299996],[-73.11673735699986,-15.99667648299993],[-73.11317448199992,-15.995089483999891],[-73.11019898299986,-15.992151233999891],[-73.10941310699985,-15.989717483999982],[-73.10684973299993,-15.988500608999914],[-73.10454560799997,-15.990325983999867],[-73.09841923299996,-15.997365983999885],[-73.09002685699994,-16.000383483999883],[-73.08838648299997,-16.0042706079999],[-73.08841710799999,-16.0078506079999],[-73.08576960699997,-16.00941273299992],[-73.08065035799996,-16.01019285899997],[-73.07678223199991,-16.00972748299995],[-73.07290648199995,-16.01382260899993],[-73.06926723199996,-16.01575085899998],[-73.06826023299993,-16.017188982999926],[-73.06491848199994,-16.01859285799992],[-73.06121060699991,-16.018341108999948],[-73.05678560799998,-16.015859608999904],[-73.05271910699997,-16.017764982999893],[-73.04801173299995,-16.01722523399991],[-73.04099273199995,-16.01787373399992],[-73.0331878579999,-16.016326857999843],[-73.03117373299995,-16.015462858999854],[-73.01940923199999,-16.01937485799988],[-73.01182560799992,-16.01851460899985],[-73.00509648299999,-16.020194982999953],[-72.99788660799993,-16.019319483999936]]]]},"properties":{"ubigeo":"040303","nombre":"MARIANO NICOLAS VALCARCEL"}},{"type":"Feature","geometry":{"type":"MultiPolygon","coordinates":[[[[-72.70622248199987,-16.379013108999914],[-72.70430760799997,-16.38314435899997],[-72.70414735699995,-16.38563348399998],[-72.69952398199996,-16.388105483999936],[-72.69940185699994,-16.392513233999978],[-72.70244598199997,-16.393091233999826],[-72.70465848199996,-16.39637560899996],[-72.70701598199997,-16.401437733999956],[-72.70980835699999,-16.4012127339999],[-72.71270748299997,-16.399703983999927],[-72.71569060699989,-16.401424358999975],[-72.71978760699994,-16.406995733999906],[-72.72228235699987,-16.41403960899993],[-72.73043823199993,-16.41980360899987],[-72.73274998199997,-16.424266858999943],[-72.73386385699996,-16.43212698399998],[-72.73185735699985,-16.434932733999972],[-72.73111723199997,-16.437828108999952],[-72.72805023299998,-16.440044358999955],[-72.72843935799995,-16.445367858999873],[-72.72950760699996,-16.448478733999877],[-72.73175048299998,-16.45135310899991],[-72.73594660699996,-16.45273585899986],[-72.73963160699998,-16.455738108999924],[-72.74095148299995,-16.45822335899993],[-72.74485773299983,-16.462516608999977],[-72.74627685699994,-16.46644973399998],[-72.74862673299992,-16.468080483999927],[-72.75275423199992,-16.47692485899995],[-72.75494385699983,-16.48245235899998],[-72.76140598199999,-16.488820983999858],[-72.76423648299988,-16.493322358999876],[-72.76647185699994,-16.502416608999965],[-72.76514435799999,-16.504337358999976],[-72.76792148199996,-16.51223560899996],[-72.76763910799997,-16.51940348399995],[-72.77020260799998,-16.52436635899994],[-72.77044673199993,-16.529539108999927],[-72.77231598199995,-16.535648358999936],[-72.77136998199995,-16.538021108999885],[-72.77218623199997,-16.542249733999938],[-72.77183535699999,-16.54590798399994],[-72.77022548199983,-16.547544483999957],[-72.76245885799989,-16.550062233999938],[-72.76100923299992,-16.548992108999926],[-72.76052860699997,-16.545616108999923],[-72.75886535799992,-16.541599233999932],[-72.75527948199988,-16.53747373399989],[-72.75345610699992,-16.537849483999935],[-72.75190735799993,-16.548992108999926],[-72.75190735699994,-16.552795358999845],[-72.75426485699995,-16.55863385899994],[-72.75302123199998,-16.566976608999937],[-72.75099185699997,-16.571424483999976],[-72.75116735699999,-16.575916233999976],[-72.75443273199988,-16.58056260999996],[-72.75477585699997,-16.582931483999914],[-72.7573547319999,-16.58941835899992],[-72.75716385799984,-16.595088983999972],[-72.75955960699991,-16.60037998399997],[-72.7601242319999,-16.603717858999914],[-72.75826260699989,-16.606586483999877],[-72.75830073299994,-16.609855608999908],[-72.75568385799994,-16.611782108999876],[-72.75150298299997,-16.610038733999943],[-72.73838060799994,-16.612026233999927],[-72.73342898199996,-16.614120483999898],[-72.72584535699997,-16.615344983999876],[-72.72362523199996,-16.615793233999966],[-72.72343448199996,-16.6189937339999],[-72.72434235799994,-16.6220283589999],[-72.72526548199994,-16.63281835899994],[-72.72518160699985,-16.64809610899988],[-72.73415373299997,-16.64487835899996],[-72.75199885699988,-16.63811498399997],[-72.75924685699988,-16.635047983999982],[-72.76784510699997,-16.630353983999896],[-72.77190398199997,-16.628803233999918],[-72.77606198199993,-16.626071983999964],[-72.78641510699998,-16.61816785899987],[-72.79020685699993,-16.61577798399992],[-72.79727935699998,-16.609830858999885],[-72.80487060799987,-16.602838483999903],[-72.81050873299989,-16.59838098399996],[-72.81229398199997,-16.596307733999936],[-72.82015985699996,-16.590295733999938],[-72.82229610699989,-16.587726608999844],[-72.82676698299997,-16.58386423399992],[-72.83294673199987,-16.577402108999934],[-72.8370208579999,-16.574460983999927],[-72.84530635699997,-16.567159608999873],[-72.86647798299992,-16.55200773399997],[-72.87154385699995,-16.549085608999917],[-72.87276460699997,-16.547538733999943],[-72.88511660799998,-16.539146483999957],[-72.89149473299994,-16.535625483999922],[-72.89310460799999,-16.53400610899996],[-72.89734660699997,-16.532230358999925],[-72.91629023299993,-16.52037223399998],[-72.92008973299988,-16.518485983999938],[-72.92277523299992,-16.518018733999952],[-72.92726135699996,-16.519872608999947],[-72.93071748199992,-16.519926108999982],[-72.93316648199988,-16.517719233999912],[-72.93709560799988,-16.518527983999945],[-72.93854523199985,-16.51702310899998],[-72.94089510799995,-16.517091733999962],[-72.94295498299994,-16.51549148399988],[-72.94566348199993,-16.51631923399998],[-72.95090473199991,-16.515197858999954],[-72.95688623299992,-16.517087983999943],[-72.96166998299998,-16.515663108999888],[-72.96362310799992,-16.518474608999895],[-72.96777348299997,-16.517915733999928],[-72.9709319829999,-16.51650048399989],[-72.97393798299993,-16.51680373399995],[-72.97419735799997,-16.514385233999917],[-72.98089598299993,-16.515367483999967],[-72.98101048299998,-16.517528483999968],[-72.98684698299991,-16.517435108999962],[-72.98986060699986,-16.515817608999953],[-72.99168398199998,-16.512584733999915],[-72.99479673299999,-16.511320108999882],[-72.99794773299993,-16.511547108999935],[-73.00412748299993,-16.50703235899988],[-73.00789648199992,-16.51015660899992],[-73.01169585799994,-16.51235960899993],[-73.01499935699991,-16.509153358999868],[-73.01453398299986,-16.505569483999977],[-73.01317610699994,-16.502078983999922],[-73.01110073299992,-16.499952358999906],[-73.00592798199995,-16.498567608999906],[-73.00457760699993,-16.49531748399994],[-72.99848935699998,-16.49096498399996],[-72.99494173199997,-16.489511483999877],[-72.98770923199993,-16.484699233999947],[-72.98284910699988,-16.482643108999923],[-72.98074335799998,-16.48091310899997],[-72.97725673199989,-16.47625923399994],[-72.97414398199993,-16.468919733999883],[-72.96943660699998,-16.463176733999887],[-72.96401210699997,-16.459346733999894],[-72.96313473199984,-16.45543673399993],[-72.95858760699991,-16.45041085899993],[-72.95811460799996,-16.446023983999964],[-72.95475773199996,-16.440679608999915],[-72.94992823299992,-16.437217733999944],[-72.94252773199992,-16.427104983999925],[-72.94155885699996,-16.423492483999894],[-72.93722535699999,-16.42076685899997],[-72.93498998299992,-16.41846085899988],[-72.9315643569999,-16.41209973399998],[-72.9287033579999,-16.411262483999906],[-72.92520910799988,-16.40846635899993],[-72.92121885799997,-16.404062358999965],[-72.91950998299995,-16.39928623399993],[-72.92113498199996,-16.392129858999965],[-72.91935735799996,-16.388025233999883],[-72.91367335699994,-16.385049858999878],[-72.91279598199998,-16.382074358999887],[-72.91543573199993,-16.37882998399988],[-72.91685485799991,-16.37835498399994],[-72.88294985699991,-16.347406358999933],[-72.86070248199991,-16.334558483999956],[-72.80104060699995,-16.304529233999915],[-72.79924010799994,-16.304172483999878],[-72.79792785799998,-16.308504108999898],[-72.79547123299994,-16.308647107999832],[-72.79284673299986,-16.31147198399998],[-72.7856444819999,-16.31297498399988],[-72.78385923299999,-16.31586460799997],[-72.77938085699998,-16.316974608999885],[-72.77188110799995,-16.32088285899988],[-72.76595310699992,-16.323020983999925],[-72.76287835799997,-16.32506560899992],[-72.75639348199996,-16.327182733999962],[-72.75202935699991,-16.326757483999927],[-72.74977110699996,-16.329627983999956],[-72.74599460699994,-16.339616733999947],[-72.74058535699999,-16.34359935899988],[-72.73497010699998,-16.346355483999844],[-72.72587585699983,-16.351871483999957],[-72.72128298199993,-16.35523973399995],[-72.71526348299989,-16.36157223399988],[-72.71321873199992,-16.363103857999874],[-72.71035760699988,-16.3672886089999],[-72.70841985699997,-16.37566373399983],[-72.70622248199987,-16.379013108999914]]]]},"properties":{"ubigeo":"040304","nombre":"MARISCAL CACERES"}},{"type":"Feature","geometry":{"type":"MultiPolygon","coordinates":[[[[-72.46635435699989,-16.38315585899994],[-72.46976473199999,-16.3860817339999],[-72.4727707319999,-16.400960983999937],[-72.47541810699994,-16.412031233999926],[-72.4769058569999,-16.41597748399994],[-72.47817998199992,-16.42465585899987],[-72.48471073199983,-16.451091733999874],[-72.49344635699998,-16.466451608999876],[-72.50087735699992,-16.479122108999945],[-72.51195523199993,-16.491416983999954],[-72.53344723199996,-16.493162108999968],[-72.53948973199988,-16.506956108999873],[-72.54425810699996,-16.509298358999956],[-72.54623410699998,-16.51281548399993],[-72.57157135699998,-16.51207548399998],[-72.5817261069999,-16.51889423399996],[-72.59111785699992,-16.526519733999976],[-72.60025023199995,-16.533447233999823],[-72.6046906069999,-16.53718560899995],[-72.60797123299994,-16.53412248399991],[-72.61405185699988,-16.53183560899987],[-72.61692810699992,-16.53295135899998],[-72.61959835699997,-16.532527983999955],[-72.63003535699994,-16.53989985899983],[-72.63746648299991,-16.541477233999956],[-72.64270785799982,-16.543943358999968],[-72.6483231069999,-16.545114483999896],[-72.65498348199998,-16.551349608999942],[-72.65886685699985,-16.550481733999902],[-72.66201785699997,-16.55215260899996],[-72.66870885799989,-16.553985608999824],[-72.67240910699996,-16.556076108999946],[-72.67385098199992,-16.559099233999973],[-72.67610173199989,-16.56109235899993],[-72.67681123199998,-16.56745910899997],[-72.67887110699996,-16.570577608999884],[-72.68118285699995,-16.579032859999927],[-72.68340298199996,-16.58038335899994],[-72.69353485699992,-16.582923733999905],[-72.69777673199997,-16.587007483999855],[-72.70240023299988,-16.58848385899995],[-72.70622248299998,-16.58727835899998],[-72.70749660699994,-16.589805483999896],[-72.71177673299997,-16.591930358999946],[-72.71372985699992,-16.588762233999887],[-72.71402735699996,-16.58599285899993],[-72.72132110699982,-16.587957358999915],[-72.72709660699985,-16.585262358999955],[-72.72937773199993,-16.58506585899994],[-72.72886660699993,-16.58049010899998],[-72.73088835699997,-16.57975573399989],[-72.73354335699997,-16.580640733999928],[-72.73801423299989,-16.57934948399992],[-72.74076835699998,-16.57969473399993],[-72.74376673199998,-16.57712748399996],[-72.74827573199991,-16.57501035899992],[-72.75116735699999,-16.575916233999976],[-72.75099185699997,-16.571424483999976],[-72.75302123199998,-16.566976608999937],[-72.75426485699995,-16.55863385899994],[-72.75190735699994,-16.552795358999845],[-72.75190735799993,-16.548992108999926],[-72.75345610699992,-16.537849483999935],[-72.75527948199988,-16.53747373399989],[-72.75886535799992,-16.541599233999932],[-72.76052860699997,-16.545616108999923],[-72.76100923299992,-16.548992108999926],[-72.76245885799989,-16.550062233999938],[-72.77022548199983,-16.547544483999957],[-72.77183535699999,-16.54590798399994],[-72.77218623199997,-16.542249733999938],[-72.77136998199995,-16.538021108999885],[-72.77231598199995,-16.535648358999936],[-72.77044673199993,-16.529539108999927],[-72.77020260799998,-16.52436635899994],[-72.76763910799997,-16.51940348399995],[-72.76792148199996,-16.51223560899996],[-72.76514435799999,-16.504337358999976],[-72.76647185699994,-16.502416608999965],[-72.76423648299988,-16.493322358999876],[-72.76140598199999,-16.488820983999858],[-72.75494385699983,-16.48245235899998],[-72.75275423199992,-16.47692485899995],[-72.74862673299992,-16.468080483999927],[-72.74627685699994,-16.46644973399998],[-72.74485773299983,-16.462516608999977],[-72.74095148299995,-16.45822335899993],[-72.73963160699998,-16.455738108999924],[-72.73594660699996,-16.45273585899986],[-72.73175048299998,-16.45135310899991],[-72.72950760699996,-16.448478733999877],[-72.72843935799995,-16.445367858999873],[-72.72805023299998,-16.440044358999955],[-72.73111723199997,-16.437828108999952],[-72.73185735699985,-16.434932733999972],[-72.73386385699996,-16.43212698399998],[-72.73274998199997,-16.424266858999943],[-72.73043823199993,-16.41980360899987],[-72.72228235699987,-16.41403960899993],[-72.71978760699994,-16.406995733999906],[-72.71569060699989,-16.401424358999975],[-72.71270748299997,-16.399703983999927],[-72.70980835699999,-16.4012127339999],[-72.70701598199997,-16.401437733999956],[-72.70465848199996,-16.39637560899996],[-72.70244598199997,-16.393091233999826],[-72.69940185699994,-16.392513233999978],[-72.69952398199996,-16.388105483999936],[-72.70414735699995,-16.38563348399998],[-72.70430760799997,-16.38314435899997],[-72.70622248199987,-16.379013108999914],[-72.70484160699993,-16.3814334839999],[-72.7002792319999,-16.384860982999896],[-72.69850923299998,-16.389907858999948],[-72.69687648199994,-16.391441358999828],[-72.6900406069999,-16.394401608999885],[-72.68595123199992,-16.397670733999917],[-72.68207548299989,-16.401550233999842],[-72.67921448199996,-16.405633983999962],[-72.67584223199992,-16.411811858999954],[-72.67148585699988,-16.42201610899997],[-72.66989898199995,-16.42442698399998],[-72.66410823299998,-16.42623898399995],[-72.66204835699983,-16.427547483999945],[-72.65991973199993,-16.431163733999938],[-72.6530838569999,-16.435487733999935],[-72.65029910799996,-16.435983608999948],[-72.64395135699993,-16.4406127339999],[-72.64095310699992,-16.447595608999904],[-72.63434598299995,-16.44959448399993],[-72.63126385699991,-16.452175108999825],[-72.62654873199995,-16.454513608999946],[-72.62335210799995,-16.457006483999976],[-72.61830898199997,-16.455192483999895],[-72.61341860699997,-16.456577358999937],[-72.61139673199995,-16.45840648399991],[-72.6088791069999,-16.458173733999843],[-72.60611710799998,-16.460376733999965],[-72.60292810699991,-16.459960983999906],[-72.59944148199992,-16.454866358999936],[-72.59682460699992,-16.447849233999932],[-72.59725185699995,-16.44175335899996],[-72.59711460699987,-16.4360637339999],[-72.59362798199993,-16.430480983999928],[-72.59277348199993,-16.429292733999944],[-72.58887485699995,-16.429296483999906],[-72.58562460699989,-16.426288608999982],[-72.58232885699994,-16.421955108999896],[-72.57727048199985,-16.42197035899983],[-72.57344810699993,-16.421029983999915],[-72.57185360699998,-16.418033608999963],[-72.5720748569999,-16.412261983999826],[-72.56927485699998,-16.40896985899991],[-72.56573485699988,-16.40317348399992],[-72.5596923569999,-16.397451358999888],[-72.55252073199989,-16.396886858999892],[-72.54621885699993,-16.398775108999928],[-72.54187010699991,-16.40301898399997],[-72.53350835799995,-16.409828233999974],[-72.52541348199998,-16.40958973399995],[-72.5229644819999,-16.41009523399987],[-72.52120223299994,-16.40822985899996],[-72.52111810699984,-16.40459248399992],[-72.51936335699997,-16.40293498399984],[-72.51237485699994,-16.400152233999904],[-72.51021573199989,-16.398647358999824],[-72.50639348199991,-16.39401048399992],[-72.50620273199996,-16.39142798399996],[-72.50472260699996,-16.38912198299994],[-72.50547023199982,-16.386751358999902],[-72.50466923199997,-16.38381573399994],[-72.50193785699992,-16.38118185899998],[-72.5021209819999,-16.378244358999893],[-72.49873348199992,-16.37567135899991],[-72.49682623199993,-16.372659732999978],[-72.49433898199993,-16.371086108999975],[-72.49117273199988,-16.36727710899993],[-72.48877710699992,-16.36310573299994],[-72.48348223199997,-16.357334108999964],[-72.48133848199996,-16.357694608999964],[-72.48118585699996,-16.363256482999873],[-72.47770685699993,-16.36950110899994],[-72.47385410699991,-16.370735108999952],[-72.47318273199988,-16.37399673399983],[-72.46635435699989,-16.38315585899994]]]]},"properties":{"ubigeo":"040305","nombre":"NICOLAS DE PIEROLA"}},{"type":"Feature","geometry":{"type":"MultiPolygon","coordinates":[[[[-72.89580535699997,-16.04135510799989],[-72.89359285699999,-16.0446453589999],[-72.89035798199995,-16.04654698299987],[-72.88450623299991,-16.047172608999915],[-72.88039410699992,-16.049756983999885],[-72.87750248299994,-16.05577285899983],[-72.87580110799996,-16.05752198299996],[-72.8729172319999,-16.065109233999976],[-72.8727112329999,-16.06828885899995],[-72.86914823299998,-16.07653235899994],[-72.86783598299996,-16.08123973299996],[-72.86605073199996,-16.083980607999877],[-72.86592860699994,-16.086780608999902],[-72.86332685699989,-16.09142873399992],[-72.86013798199991,-16.09399798299995],[-72.85800935799995,-16.09686473399995],[-72.85810085699995,-16.09945873399988],[-72.85620885799989,-16.102081358999897],[-72.85092923199994,-16.11471173399991],[-72.8462524819999,-16.121148983999888],[-72.84400935799994,-16.122749358999954],[-72.84333798299997,-16.126184483999964],[-72.84634398299983,-16.13465885799991],[-72.84561923199988,-16.137729607999972],[-72.8433684819999,-16.139989858999968],[-72.84465785799995,-16.144403483999895],[-72.84396360799997,-16.14743998399996],[-72.84477235799989,-16.15032198399996],[-72.84239960699995,-16.153755233999902],[-72.84377285699998,-16.15691760899989],[-72.84378823299994,-16.162160857999936],[-72.84267410699994,-16.169464108999875],[-72.84122473199983,-16.174461358999906],[-72.83989710799995,-16.176111233999904],[-72.83545685699988,-16.178790983999875],[-72.83077998199991,-16.185249358999897],[-72.82722473299998,-16.189145983999822],[-72.82296748199991,-16.194711733999895],[-72.8188323569999,-16.2011203589999],[-72.81713873299992,-16.202909483999974],[-72.81503298299998,-16.207912483999962],[-72.81488798199996,-16.215566608999893],[-72.81349948299999,-16.216789233999975],[-72.81127935799998,-16.221279108999966],[-72.81012723199996,-16.221448857999974],[-72.80929560699997,-16.230407733999925],[-72.80972285699988,-16.233440232999953],[-72.80905135799992,-16.23890498299994],[-72.81010435699994,-16.24381448399987],[-72.80939485699992,-16.24673460899993],[-72.80648798299995,-16.253642983999953],[-72.80708310699998,-16.25711635899995],[-72.8068847319999,-16.264133483999956],[-72.8092346069999,-16.269819233999897],[-72.80880735799997,-16.272466607999945],[-72.80491635699991,-16.278488108999966],[-72.80208585699995,-16.291196858999967],[-72.79917910699993,-16.298355108999942],[-72.80026248199988,-16.299842858999853],[-72.79846948199986,-16.301788358999886],[-72.79924010799994,-16.304172483999878],[-72.80104060699995,-16.304529233999915],[-72.86070248199991,-16.334558483999956],[-72.88294985699991,-16.347406358999933],[-72.91685485799991,-16.37835498399994],[-72.91543573199993,-16.37882998399988],[-72.91279598199998,-16.382074358999887],[-72.91367335699994,-16.385049858999878],[-72.91935735799996,-16.388025233999883],[-72.92113498199996,-16.392129858999965],[-72.91950998299995,-16.39928623399993],[-72.92121885799997,-16.404062358999965],[-72.92520910799988,-16.40846635899993],[-72.9287033579999,-16.411262483999906],[-72.9315643569999,-16.41209973399998],[-72.93498998299992,-16.41846085899988],[-72.93722535699999,-16.42076685899997],[-72.94155885699996,-16.423492483999894],[-72.94252773199992,-16.427104983999925],[-72.94992823299992,-16.437217733999944],[-72.95475773199996,-16.440679608999915],[-72.95811460799996,-16.446023983999964],[-72.95858760699991,-16.45041085899993],[-72.96313473199984,-16.45543673399993],[-72.96401210699997,-16.459346733999894],[-72.96943660699998,-16.463176733999887],[-72.97414398199993,-16.468919733999883],[-72.97725673199989,-16.47625923399994],[-72.98074335799998,-16.48091310899997],[-72.98284910699988,-16.482643108999923],[-72.98770923199993,-16.484699233999947],[-72.99494173199997,-16.489511483999877],[-72.99848935699998,-16.49096498399996],[-73.00457760699993,-16.49531748399994],[-73.00592798199995,-16.498567608999906],[-73.01110073299992,-16.499952358999906],[-73.01317610699994,-16.502078983999922],[-73.01453398299986,-16.505569483999977],[-73.01499935699991,-16.509153358999868],[-73.01763910699992,-16.508462858999906],[-73.0264511069999,-16.502359358999854],[-73.03045648299997,-16.502223983999954],[-73.0315552319999,-16.503045983999982],[-73.03478235799992,-16.49950410899993],[-73.04043560699995,-16.49983410899989],[-73.04444123199994,-16.49854660899996],[-73.04877473299985,-16.499944733999882],[-73.05295560799993,-16.497831358999917],[-73.05370335799995,-16.494419108999864],[-73.05334473299996,-16.489402733999952],[-73.05783848299995,-16.485218108999902],[-73.0612639819999,-16.483779858999924],[-73.06388860699997,-16.48158260899993],[-73.0689468569999,-16.48230935899994],[-73.06984710799998,-16.47895810899996],[-73.07247160699995,-16.47694010899994],[-73.07756810799992,-16.475189233999856],[-73.08065035799996,-16.47263335899993],[-73.08467860699994,-16.470474108999895],[-73.08998873299998,-16.466495358999964],[-73.09919735699998,-16.457872358999964],[-73.10506435799994,-16.453821233999975],[-73.1102294829999,-16.451906233999978],[-73.11262510699987,-16.454179733999865],[-73.11932373199988,-16.453739108999912],[-73.12226110699993,-16.450860983999974],[-73.1245269829999,-16.44998935899997],[-73.12847135799996,-16.451019233999943],[-73.13346860799999,-16.448850608999976],[-73.13485710799995,-16.446384483999964],[-73.13777160799992,-16.443983108999873],[-73.14105223199994,-16.443754233999925],[-73.1423796069999,-16.441356608999968],[-73.14512635799997,-16.439123108999922],[-73.14889523299996,-16.43855285899997],[-73.1506728579999,-16.43452260899994],[-73.15113835699987,-16.429973608999887],[-73.15383148299992,-16.42629435899994],[-73.15548710799999,-16.425567608999927],[-73.15646373299995,-16.42227748399995],[-73.15915685799996,-16.419925733999946],[-73.16458123299998,-16.417991608999955],[-73.16860960699995,-16.41731835899992],[-73.17108923299992,-16.41961285799988],[-73.17543035799991,-16.419574733999923],[-73.17644498299995,-16.41696935899995],[-73.18058010699997,-16.41576960899988],[-73.18257898299998,-16.41393848399997],[-73.18726335699995,-16.41580198399987],[-73.18934635799991,-16.41539760899991],[-73.19334410799985,-16.41219898399993],[-73.19577798299997,-16.4123229839999],[-73.19710535799999,-16.408937483999978],[-73.19998935799998,-16.407115983999915],[-73.20336910799995,-16.402616483999964],[-73.20910660799984,-16.40027048399992],[-73.21523285699993,-16.400157983999918],[-73.21807860699994,-16.401159108999877],[-73.2211227329999,-16.40336223399993],[-73.22150423299996,-16.405227608999894],[-73.22001648299994,-16.407331483999883],[-73.2222594829999,-16.40854448399989],[-73.22499848299998,-16.412771233999933],[-73.22821810799991,-16.41266435899996],[-73.2311324829999,-16.41393848399997],[-73.23487085699998,-16.414432483999974],[-73.23451998199988,-16.411724108999977],[-73.23851773299998,-16.40890498399989],[-73.24607085699984,-16.406331858999977],[-73.24916835699997,-16.409824358999913],[-73.2536621079999,-16.40810198399987],[-73.25608060799982,-16.410299358999964],[-73.26039123299995,-16.409278858999926],[-73.26036073299991,-16.401985108999952],[-73.26676935799992,-16.399253858999884],[-73.26910398199993,-16.40079873399992],[-73.27220910799997,-16.398200982999924],[-73.27621460699993,-16.400039733999904],[-73.27761835799998,-16.399738358999855],[-73.28247073199992,-16.40144535899998],[-73.28391260799987,-16.40120310899988],[-73.28811648299995,-16.404710733999934],[-73.29160310799989,-16.40540698399991],[-73.28561398199997,-16.399480858999937],[-73.28341673299997,-16.394256608999967],[-73.28356173199995,-16.390151983999885],[-73.28188323299997,-16.388519233999887],[-73.28269960799997,-16.38307385899992],[-73.27952573299996,-16.379541358999916],[-73.27877048299985,-16.376892108999925],[-73.2763977329999,-16.37438198399991],[-73.27465823199992,-16.371118483999965],[-73.2589111079999,-16.36294935899997],[-73.2540969829999,-16.36272623399998],[-73.24883273299992,-16.360151233999886],[-73.24680323299992,-16.356908733999944],[-73.24226373299996,-16.356311733999917],[-73.23973085799997,-16.354131733999964],[-73.23784635799996,-16.349712358999966],[-73.23573298299988,-16.338918733999947],[-73.23593898199994,-16.33295635899998],[-73.23500060799995,-16.330209857999932],[-73.23083498299997,-16.324413358999948],[-73.22962185699998,-16.320949608999967],[-73.22959135699995,-16.316818233999925],[-73.22784423299998,-16.31271548299992],[-73.22940823299996,-16.305416108999907],[-73.2276611079999,-16.303669108999884],[-73.22350310699994,-16.3029308589999],[-73.22334285799985,-16.298850983999955],[-73.2196197319999,-16.297182233999877],[-73.21845248299996,-16.295162232999928],[-73.21934510799991,-16.289335233999964],[-73.2159271079999,-16.28579898399994],[-73.20983123299993,-16.28661535899988],[-73.20419310799997,-16.28521723399996],[-73.19631198299999,-16.280515608999963],[-73.19506835799996,-16.27814673399996],[-73.19648748299994,-16.270652732999963],[-73.1963958579999,-16.26085848399987],[-73.19887548199983,-16.245426233999922],[-73.19952398199985,-16.239683108999827],[-73.20088198199994,-16.23406023399997],[-73.20170585699998,-16.222661983999956],[-73.19989910799995,-16.219543108999915],[-73.1958847329999,-16.219781858999966],[-73.19145198299998,-16.22132110799987],[-73.18841548199998,-16.223495483999898],[-73.18507398299982,-16.22978210899987],[-73.18235010799998,-16.231899233999968],[-73.17495723299987,-16.234651608999968],[-73.17124935799995,-16.23682598399995],[-73.16571048199995,-16.237607983999908],[-73.1619186079999,-16.237197858999878],[-73.15631098299991,-16.234739357999956],[-73.15268710699985,-16.230758608999906],[-73.14665223199995,-16.23184948399995],[-73.14332585699998,-16.231653232999975],[-73.13133235799995,-16.23278235899994],[-73.1278609819999,-16.229272858999934],[-73.12432860699994,-16.22693823399993],[-73.12037660799996,-16.22284310899994],[-73.11531848299995,-16.214866607999966],[-73.11013035799994,-16.209787358999904],[-73.10929873299989,-16.20651435799988],[-73.10637660799995,-16.20096398299995],[-73.09272760699997,-16.19438748399989],[-73.08985135799992,-16.19032098299988],[-73.08347323199996,-16.18638035899994],[-73.07978060699998,-16.185129108999888],[-73.0658187329999,-16.184362358999977],[-73.06093598299992,-16.18283648399995],[-73.05685423299997,-16.180435358999944],[-73.0543059819999,-16.179819108999936],[-73.0432128569999,-16.175855607999893],[-73.04402923299995,-16.170497857999976],[-73.03864298299999,-16.161973858999943],[-73.03781123199997,-16.152322733999938],[-73.03787235699997,-16.146987858999978],[-73.03913110699995,-16.143590858999914],[-73.03828423199997,-16.139944108999885],[-73.03489685699998,-16.137088733999974],[-73.03371423199991,-16.13398935799995],[-73.03453060699997,-16.13229160799989],[-73.03306585699994,-16.13026223399993],[-73.03054048199988,-16.122491857999876],[-73.02846523299996,-16.11377710799985],[-73.02365110699998,-16.110843733999957],[-73.02241510699992,-16.10908698399993],[-73.02154535699998,-16.104852733999962],[-73.02269748299994,-16.103698733999977],[-73.02143860799998,-16.097501732999945],[-73.0188522329999,-16.095643858999892],[-73.01762385799998,-16.093276982999896],[-73.01277935699989,-16.08864598399998],[-73.01226060799996,-16.085807857999896],[-73.01331323199992,-16.083023107999963],[-73.01154323199995,-16.077901858999894],[-73.0120773569999,-16.073234607999893],[-73.01087948299983,-16.06833648399993],[-73.00808710799998,-16.06566423299995],[-73.00603485699997,-16.06247710799994],[-73.00492860699995,-16.05808448399995],[-73.00160223299997,-16.05259510899998],[-72.99877160699998,-16.049755108999932],[-72.99661260799996,-16.045007732999977],[-72.99712373299997,-16.042673107999974],[-72.9956741069999,-16.039886482999975],[-72.9948196069999,-16.03557398299995],[-72.98894510699995,-16.03014185799998],[-72.98707585699992,-16.027044357999955],[-72.98543548299989,-16.022636357999886],[-72.98305523199997,-16.024543732999973],[-72.97637935699998,-16.02611535799997],[-72.96973423299994,-16.029579108999883],[-72.96485135799986,-16.032861732999947],[-72.96236410799992,-16.032876983999813],[-72.95684810799997,-16.035566357999926],[-72.95327760799995,-16.03468498299992],[-72.95132448299984,-16.03557398299995],[-72.94765473199993,-16.035469107999972],[-72.93957523299997,-16.036828982999964],[-72.93450160799995,-16.032304732999876],[-72.92773435799984,-16.031049733999964],[-72.92256923299993,-16.03135298299992],[-72.9121474829999,-16.030200983999976],[-72.91062160699994,-16.033439608999913],[-72.90632623199997,-16.033658982999953],[-72.90293885699992,-16.03467748299994],[-72.89580535699997,-16.04135510799989]]]]},"properties":{"ubigeo":"040306","nombre":"OCO\u00d1A"}},{"type":"Feature","geometry":{"type":"MultiPolygon","coordinates":[[[[-72.19510648199991,-16.4833393589999],[-72.19768523199997,-16.491453108999963],[-72.19988248199996,-16.49500085899996],[-72.20319360699989,-16.498786983999935],[-72.2090148559999,-16.50349823399995],[-72.21102910699994,-16.506952233999982],[-72.21136473199994,-16.509778983999922],[-72.21338648199986,-16.515197858999954],[-72.22044373199998,-16.525035858999843],[-72.22881323199988,-16.53540798399996],[-72.23262785699984,-16.540998483999942],[-72.23731235699984,-16.54701810899985],[-72.24118810699997,-16.55798535899993],[-72.24292760699984,-16.561462358999904],[-72.24761198199991,-16.56654548399996],[-72.25322723199992,-16.57497210899993],[-72.25873560699995,-16.581182483999896],[-72.2620239819999,-16.583951983999896],[-72.26689148199995,-16.59205623399987],[-72.27182773099997,-16.599498733999894],[-72.27408598199997,-16.600795733999917],[-72.27438360699989,-16.605728108999926],[-72.2784576059999,-16.609271983999918],[-72.28099823199989,-16.614677483999913],[-72.28289035699993,-16.621410358999924],[-72.2820816069999,-16.62575148399992],[-72.2833709809999,-16.634582483999907],[-72.28334810699988,-16.63730435899987],[-72.28064723199998,-16.64418223399997],[-72.27381898199997,-16.656606733999922],[-72.27171323199991,-16.656791733999967],[-72.26868435599994,-16.65945435899988],[-72.26605223099995,-16.658618984999976],[-72.26166535699997,-16.660448109999948],[-72.25801085599994,-16.66451448399988],[-72.25506585699998,-16.66663935899993],[-72.24857335599995,-16.668250983999883],[-72.24446873199997,-16.668468483999845],[-72.24013523199989,-16.666625983999893],[-72.23161310699999,-16.665729483999883],[-72.22715760699992,-16.667674983999916],[-72.22161848199994,-16.67478373399996],[-72.2177658569999,-16.676919983999937],[-72.21308135699991,-16.677961358999937],[-72.20500948199998,-16.685096733999956],[-72.2028198569999,-16.686189608999882],[-72.19564823199988,-16.686820983999894],[-72.19427485699998,-16.690263733999927],[-72.19473260699982,-16.69517310899994],[-72.1968612309999,-16.6986159839999],[-72.19589235699993,-16.702602358999968],[-72.19077298199994,-16.706052733999968],[-72.18588260699994,-16.70736885899987],[-72.17881773199991,-16.708038358999943],[-72.1730499819999,-16.711645234999878],[-72.17127985699989,-16.71552473399987],[-72.16718285699994,-16.716999108999914],[-72.16452023199997,-16.720226233999938],[-72.16383360699996,-16.72545810899993],[-72.16129298099997,-16.729196608999928],[-72.16136173199988,-16.730874983999968],[-72.15682223199997,-16.73246385899995],[-72.15508273199993,-16.733846608999897],[-72.1520004809999,-16.738481483999976],[-72.14823910699988,-16.740884734999952],[-72.14582060699996,-16.743642859999966],[-72.14373773099993,-16.744260734999955],[-72.13789373199995,-16.744337109999947],[-72.13482660699992,-16.74348835899997],[-72.13216398199995,-16.744090984999843],[-72.13135523199992,-16.747211483999934],[-72.13180548099996,-16.752815233999968],[-72.12869260699989,-16.75462910899995],[-72.12759398099996,-16.756586108999954],[-72.13016510699998,-16.761831233999942],[-72.13247685599993,-16.76503560899988],[-72.13190460699991,-16.76665685899991],[-72.13334660699996,-16.76924710999998],[-72.13307185699995,-16.77202985899993],[-72.13677973199998,-16.775396358999956],[-72.13867185699985,-16.778831483999966],[-72.14336398199993,-16.782588983999972],[-72.14533998199994,-16.785985983999865],[-72.14958185699999,-16.790164983999944],[-72.15294648199983,-16.794681608999895],[-72.16042323199991,-16.794967733999954],[-72.16420748199994,-16.797315483999967],[-72.16600798199988,-16.79702948399995],[-72.16961673099996,-16.794223734999946],[-72.17404935699989,-16.796485858999972],[-72.1794586069999,-16.797601733999954],[-72.18157198199998,-16.796886483999913],[-72.18309023199993,-16.794223733999956],[-72.18472285699994,-16.793880483999885],[-72.18738560699995,-16.796600358999967],[-72.19281773199992,-16.79908948399992],[-72.19837185699993,-16.798431233999906],[-72.20186610699994,-16.79969023399991],[-72.20558160699994,-16.79903223399998],[-72.20670323199994,-16.80157848399989],[-72.20933535599994,-16.802722983999843],[-72.21517173199987,-16.807874734999928],[-72.21508785599997,-16.812768983999888],[-72.21322635599995,-16.81574435899995],[-72.21076198099996,-16.81720348499988],[-72.21643060699995,-16.820293483999933],[-72.21977235699995,-16.823770483999965],[-72.21977235699995,-16.829803483999967],[-72.22383885699998,-16.834545108999976],[-72.2215194819999,-16.83636660899998],[-72.21626285699989,-16.836824358999934],[-72.21261598099989,-16.838884358999906],[-72.20674898199991,-16.839282983999965],[-72.20266723199995,-16.84445185899989],[-72.20101160699994,-16.844783733999975],[-72.1962967319999,-16.843553358999884],[-72.19377135699995,-16.8438853589999],[-72.18817898099996,-16.845998733999977],[-72.1850738569999,-16.845872859999872],[-72.17830660699991,-16.848644234999938],[-72.1719894819999,-16.8498859849999],[-72.16639710699997,-16.85428810899998],[-72.1642381069999,-16.85926998399998],[-72.15901948199996,-16.861631358999887],[-72.15489198199987,-16.869459108999877],[-72.15009310699998,-16.871963358999892],[-72.14857485699997,-16.874566984999944],[-72.14650723199998,-16.87548635899998],[-72.14662173199991,-16.881507859999942],[-72.15086360699996,-16.88537785899996],[-72.15391535699996,-16.886600483999928],[-72.15652460699994,-16.888696609999897],[-72.16396335599984,-16.889446234999923],[-72.16719823199998,-16.892330108999886],[-72.16932673199994,-16.898286858999825],[-72.1762542319999,-16.90554235899998],[-72.17726898099994,-16.912061733999963],[-72.17651373199988,-16.916660359999923],[-72.18128198199997,-16.92111398399993],[-72.18448635699997,-16.924770359999854],[-72.18894948199994,-16.925973858999953],[-72.19568635699994,-16.926803609999865],[-72.19369510699994,-16.92322923499995],[-72.19593048199988,-16.922658733999924],[-72.19672398199992,-16.919835984999963],[-72.20011135699997,-16.91983985899992],[-72.20091248199998,-16.918296859999884],[-72.19982910699997,-16.914968484999918],[-72.20281223199999,-16.915578859999982],[-72.20585635599997,-16.912494608999964],[-72.20520023199992,-16.908578858999874],[-72.21152498199996,-16.902446734999955],[-72.21400448199984,-16.902927358999932],[-72.21878810699997,-16.901428233999866],[-72.21956635699996,-16.900461233999977],[-72.22477723099996,-16.899696484999936],[-72.22683710699988,-16.89583010899986],[-72.22822573099995,-16.898157109999943],[-72.23252110599998,-16.900550859999896],[-72.23828885699999,-16.89582248499994],[-72.24018098199997,-16.895469608999974],[-72.24147798199988,-16.89082723499996],[-72.24633023199982,-16.887746858999947],[-72.24758148199999,-16.885932983999965],[-72.25048823099996,-16.88488960999996],[-72.25224298199993,-16.885995858999934],[-72.25713348199992,-16.8862533599999],[-72.25779723199992,-16.88383860899995],[-72.26052860699997,-16.88580510999992],[-72.26340485599991,-16.88566210899984],[-72.26639560699994,-16.882562608999876],[-72.26850123199989,-16.882444358999976],[-72.27196498199999,-16.87869260899987],[-72.27272035699986,-16.87677960999997],[-72.28285985699989,-16.873586609999904],[-72.28518673199989,-16.875974609999957],[-72.28827673199993,-16.875253733999898],[-72.28981023199998,-16.869836858999975],[-72.29182435699994,-16.86591148399998],[-72.29071810699998,-16.861429233999957],[-72.2886962319999,-16.86038973399991],[-72.29332735699995,-16.8576373599999],[-72.29534923199998,-16.85060498499996],[-72.29683685699996,-16.849033358999975],[-72.29632573199996,-16.844863859999975],[-72.2950897319999,-16.842746733999945],[-72.29241948199996,-16.841428734999965],[-72.29416660699991,-16.834651984999937],[-72.29454035699985,-16.83119198399993],[-72.29615785699991,-16.829589858999952],[-72.29541773199998,-16.827415484999904],[-72.29908748199995,-16.82643698399994],[-72.30636598199999,-16.817487858999982],[-72.30950923199998,-16.815887483999973],[-72.31219485699995,-16.813461358999973],[-72.31211848199996,-16.810691858999974],[-72.3102951059999,-16.810484109999948],[-72.31037898099999,-16.807388359999948],[-72.31227110699996,-16.806407983999918],[-72.31520085699998,-16.802883108999936],[-72.32147210699992,-16.802875483999912],[-72.32405085599993,-16.801956233999817],[-72.32582098199987,-16.803140609999957],[-72.32880398199995,-16.799623359999885],[-72.32891085699998,-16.795696233999934],[-72.33161923199998,-16.79499435899993],[-72.33056623199991,-16.78986935899991],[-72.33357998199995,-16.789331484999934],[-72.33455660699985,-16.787040733999902],[-72.33847810699996,-16.784738483999945],[-72.34367373199996,-16.779386483999872],[-72.34541323199994,-16.77923773399982],[-72.34770198199993,-16.776243233999935],[-72.34619898199992,-16.773197233999895],[-72.34954835699995,-16.77304260899996],[-72.35218048199994,-16.77187535899992],[-72.35391235699996,-16.769063858999914],[-72.35642248199991,-16.76759910899989],[-72.35928348199991,-16.764152483999908],[-72.36476135699985,-16.760604858999898],[-72.36808010699991,-16.762426359999893],[-72.37123873199994,-16.76263423399996],[-72.3742599819999,-16.760751734999815],[-72.37259673199998,-16.75303273499992],[-72.37463373199984,-16.752019858999972],[-72.37850185699995,-16.755432108999912],[-72.3811646069999,-16.75577360999995],[-72.3870621069999,-16.750091608999924],[-72.39202123199988,-16.75141148399996],[-72.39568323199995,-16.751066233999836],[-72.39885710699991,-16.7522639849999],[-72.40435785699992,-16.744914983999877],[-72.40393823199997,-16.740928609999912],[-72.40676110699991,-16.737510734999944],[-72.41065973199983,-16.735975234999955],[-72.41529085699995,-16.73712160899987],[-72.41587060699993,-16.73470873399998],[-72.41781610699996,-16.733715108999945],[-72.41921985699986,-16.728485108999905],[-72.42430873199999,-16.723514608999892],[-72.42990873199989,-16.72023010899983],[-72.43160248199996,-16.720197733999896],[-72.43499760699996,-16.717205108999906],[-72.43757623199997,-16.713170983999817],[-72.44363398199982,-16.70934485899994],[-72.44490048199998,-16.709691983999903],[-72.44721985699994,-16.70395660899993],[-72.45021823199988,-16.702659608999966],[-72.45470423199998,-16.70310210899993],[-72.4564819819999,-16.699537233999934],[-72.45996098199998,-16.69992260899994],[-72.4635466069999,-16.69854160899996],[-72.47033685699995,-16.69772335899995],[-72.48231510699992,-16.694461858999887],[-72.48622898199994,-16.69300648399991],[-72.49069210699992,-16.69214810999995],[-72.4999999819999,-16.689187983999886],[-72.50446323199998,-16.68895723499992],[-72.52024073199988,-16.684242233999953],[-72.53284448199992,-16.680789983999944],[-72.53981023199992,-16.6793327339999],[-72.54318998199989,-16.678058609999937],[-72.55416873199994,-16.676162733999888],[-72.56316373199996,-16.673879608999925],[-72.56777948299998,-16.674375484999928],[-72.57242585699998,-16.67385860899998],[-72.57758335699998,-16.671697609999967],[-72.59366610699982,-16.667327858999954],[-72.59643560699982,-16.667102858999897],[-72.61236585699993,-16.664075858999922],[-72.61287685699995,-16.6624354839999],[-72.61637873199993,-16.659173983999892],[-72.61659998199997,-16.65618323399997],[-72.61530298199995,-16.650089358999878],[-72.62075048199989,-16.641183859999956],[-72.62177273199995,-16.63596148399995],[-72.62144473299998,-16.632795358999942],[-72.62190248199994,-16.62769123399994],[-72.61956023199991,-16.622325858999886],[-72.61935423199992,-16.61891935899996],[-72.62030023199998,-16.616085109999915],[-72.61958310699998,-16.613638108999965],[-72.62070460699994,-16.60938273399995],[-72.61991123299993,-16.603263858999924],[-72.62163535699995,-16.597930858999916],[-72.61589810699996,-16.592954608999946],[-72.61088560699994,-16.583638983999947],[-72.61128235799998,-16.577934234999816],[-72.61006923199989,-16.572755858999813],[-72.61007685699997,-16.569898608999836],[-72.60818498299994,-16.56736198399983],[-72.6039123569999,-16.563711108999826],[-72.60226435699997,-16.559698108999953],[-72.59697723199997,-16.555042233999927],[-72.59225460699992,-16.554750483999953],[-72.58824935799998,-16.547532983999815],[-72.58679673199998,-16.540906233999976],[-72.58393098199991,-16.556068358999937],[-72.58299260699988,-16.55947685899997],[-72.57773585699988,-16.559900233999883],[-72.57357785699992,-16.562593483999876],[-72.57062535699998,-16.563632983999923],[-72.56832123199996,-16.563144858999976],[-72.56623835699997,-16.572137983999937],[-72.56497185699999,-16.573402358999942],[-72.56121060699985,-16.57233235899986],[-72.5567932319999,-16.56996160899996],[-72.55236035699994,-16.56479648399994],[-72.54693598199992,-16.563297233999947],[-72.53738398199982,-16.565526983999973],[-72.53218073199997,-16.564861358999963],[-72.52646635699995,-16.565805483999895],[-72.52725223199997,-16.56813435899994],[-72.52564998199989,-16.572977108999908],[-72.52351373199997,-16.57509423399995],[-72.52057648199997,-16.57437710899984],[-72.51812748199984,-16.57111548399996],[-72.51515960699993,-16.56994998399989],[-72.50979610699989,-16.571523608999883],[-72.49843598199993,-16.571594233999974],[-72.49694823199991,-16.568910608999886],[-72.49649810699998,-16.56410035899995],[-72.49536898199989,-16.559957483999938],[-72.49336248199995,-16.557882358999905],[-72.48915860699998,-16.557390233999968],[-72.48616785699994,-16.559123983999882],[-72.48464198199997,-16.56427385899991],[-72.48043823199998,-16.565114983999877],[-72.47386935699996,-16.56374935899987],[-72.46961210699993,-16.562330233999944],[-72.46104435699993,-16.560596483999973],[-72.45505523199995,-16.556549108999832],[-72.45363610699997,-16.558967483999822],[-72.45202635699991,-16.564819358999955],[-72.45068360699992,-16.57213610899987],[-72.45409398199985,-16.583269108999957],[-72.45593260699991,-16.587669358999904],[-72.45426935699999,-16.5940437349999],[-72.45194248199982,-16.599142108999956],[-72.45044710699989,-16.599946983999928],[-72.44746398199999,-16.59919923399997],[-72.44541935699993,-16.596872358999917],[-72.4421463569999,-16.59716035899993],[-72.43433385699984,-16.605722483999955],[-72.42996210699988,-16.60655610899994],[-72.42501835699994,-16.60529135899992],[-72.41970823199995,-16.60635373399998],[-72.41761010699997,-16.606182108999974],[-72.41120148199997,-16.603336358999968],[-72.40643310699994,-16.60402298399987],[-72.40461735699984,-16.6095904849999],[-72.40279385699995,-16.61088748399993],[-72.40032960699989,-16.60969735899988],[-72.3956679819999,-16.611709608999945],[-72.39241023199992,-16.61182598399995],[-72.38743585699996,-16.61086660899997],[-72.38490298199997,-16.60973173399998],[-72.37800598099994,-16.60859685899993],[-72.37351985699996,-16.606586483999877],[-72.36891935699998,-16.600984609999898],[-72.36682123199995,-16.597287983999934],[-72.36646273199995,-16.594823858999973],[-72.36285398199993,-16.5903606089999],[-72.35787960699997,-16.589275358999828],[-72.35392760699989,-16.589330733999873],[-72.35160823199993,-16.590858483999966],[-72.34535985699995,-16.591835108999874],[-72.34056085699996,-16.594131483999888],[-72.33111573199989,-16.592876483999873],[-72.32987973199994,-16.593564983999897],[-72.32661435699998,-16.598310483999967],[-72.32632448199996,-16.60740848399996],[-72.3206711069999,-16.607149108999977],[-72.31787123199996,-16.6037121089999],[-72.31713098199992,-16.595600108999975],[-72.31389623199988,-16.587202108999975],[-72.31388098099995,-16.582244983999885],[-72.28870385699992,-16.586206483999945],[-72.25422673199984,-16.53341485899989],[-72.23951723199991,-16.534246483999937],[-72.23657223199996,-16.53097535899991],[-72.23204798199998,-16.528659858999845],[-72.23075860699998,-16.526964233999877],[-72.22998810699994,-16.522058483999956],[-72.22801210699993,-16.52197835899989],[-72.22663123199999,-16.51922985899995],[-72.22440348199996,-16.519370983999977],[-72.22124485699999,-16.51561160899996],[-72.22150423199997,-16.513946483999973],[-72.21846773199991,-16.511812233999933],[-72.21850585699997,-16.509660733999908],[-72.21645360699995,-16.508624983999937],[-72.21497348199989,-16.50506785899995],[-72.21579748199997,-16.501607858999932],[-72.21501923099993,-16.500503483999864],[-72.21044923199992,-16.498212858999977],[-72.21070860699996,-16.496364608999897],[-72.20827485599995,-16.49432560899993],[-72.20500948199998,-16.494596483999885],[-72.20279698199994,-16.487691858999938],[-72.19933335699989,-16.483812358999955],[-72.19971460599999,-16.46101373399989],[-72.19950860699993,-16.458721108999896],[-72.19875335599994,-16.46282198399996],[-72.19847110699999,-16.469657858999938],[-72.19593048199988,-16.46828285899994],[-72.19874573099997,-16.47715185899989],[-72.19833373099988,-16.47900773399988],[-72.19510648199991,-16.4833393589999]]]]},"properties":{"ubigeo":"040307","nombre":"QUILCA"}},{"type":"Feature","geometry":{"type":"MultiPolygon","coordinates":[[[[-72.6046906069999,-16.53718560899995],[-72.5930403569999,-16.54191223399988],[-72.5900796069999,-16.542145983999944],[-72.58679673199998,-16.540906233999976],[-72.58824935799998,-16.547532983999815],[-72.59225460699992,-16.554750483999953],[-72.59697723199997,-16.555042233999927],[-72.60226435699997,-16.559698108999953],[-72.6039123569999,-16.563711108999826],[-72.60818498299994,-16.56736198399983],[-72.61007685699997,-16.569898608999836],[-72.61006923199989,-16.572755858999813],[-72.61128235799998,-16.577934234999816],[-72.61088560699994,-16.583638983999947],[-72.61589810699996,-16.592954608999946],[-72.62163535699995,-16.597930858999916],[-72.61991123299993,-16.603263858999924],[-72.62070460699994,-16.60938273399995],[-72.61958310699998,-16.613638108999965],[-72.62030023199998,-16.616085109999915],[-72.61935423199992,-16.61891935899996],[-72.61956023199991,-16.622325858999886],[-72.62190248199994,-16.62769123399994],[-72.62144473299998,-16.632795358999942],[-72.62177273199995,-16.63596148399995],[-72.62075048199989,-16.641183859999956],[-72.61530298199995,-16.650089358999878],[-72.61659998199997,-16.65618323399997],[-72.61637873199993,-16.659173983999892],[-72.61287685699995,-16.6624354839999],[-72.61236585699993,-16.664075858999922],[-72.62570948199988,-16.66199298399988],[-72.63459010699995,-16.661239608999892],[-72.63903048199995,-16.661395983999967],[-72.65296935699996,-16.659168233999935],[-72.66258235699996,-16.658981358999938],[-72.67033385799988,-16.658300359999885],[-72.67696385699998,-16.656713483999965],[-72.68767548299996,-16.655563358999927],[-72.69158935799999,-16.654361733999963],[-72.6956558569999,-16.65450673399988],[-72.70341485699998,-16.653325983999878],[-72.70294948199995,-16.647045108999976],[-72.70215610699995,-16.64383510899995],[-72.70197285699999,-16.636394483999823],[-72.69949335799998,-16.630197483999893],[-72.69969173199996,-16.620546358999945],[-72.70052335699995,-16.613163108999913],[-72.70628360799986,-16.61441423399998],[-72.70552823199989,-16.610494608999943],[-72.71112823199996,-16.610713983999972],[-72.71508785799995,-16.611530483999957],[-72.71531673199996,-16.60950085899998],[-72.71187585699994,-16.606096233999892],[-72.71332548299995,-16.596824608999952],[-72.71121210699988,-16.595001233999938],[-72.71177673299997,-16.591930358999946],[-72.70749660699994,-16.589805483999896],[-72.70622248299998,-16.58727835899998],[-72.70240023299988,-16.58848385899995],[-72.69777673199997,-16.587007483999855],[-72.69353485699992,-16.582923733999905],[-72.68340298199996,-16.58038335899994],[-72.68118285699995,-16.579032859999927],[-72.67887110699996,-16.570577608999884],[-72.67681123199998,-16.56745910899997],[-72.67610173199989,-16.56109235899993],[-72.67385098199992,-16.559099233999973],[-72.67240910699996,-16.556076108999946],[-72.66870885799989,-16.553985608999824],[-72.66201785699997,-16.55215260899996],[-72.65886685699985,-16.550481733999902],[-72.65498348199998,-16.551349608999942],[-72.6483231069999,-16.545114483999896],[-72.64270785799982,-16.543943358999968],[-72.63746648299991,-16.541477233999956],[-72.63003535699994,-16.53989985899983],[-72.61959835699997,-16.532527983999955],[-72.61692810699992,-16.53295135899998],[-72.61405185699988,-16.53183560899987],[-72.60797123299994,-16.53412248399991],[-72.6046906069999,-16.53718560899995]]]]},"properties":{"ubigeo":"040308","nombre":"SAMUEL PASTOR"}},{"type":"Feature","geometry":{"type":"MultiPolygon","coordinates":[[[[-73.23324585699999,-15.874050108999882],[-73.22930148299992,-15.884009357999958],[-73.23109435699996,-15.888445857999955],[-73.23299410699991,-15.891033232999973],[-73.23257448299995,-15.894782982999914],[-73.23421473199994,-15.904237733999821],[-73.23542785799992,-15.907934232999935],[-73.23117823199993,-15.911954858999934],[-73.22958373299991,-15.915685607999933],[-73.2292174829999,-15.924312607999923],[-73.2251587319999,-15.926734983999893],[-73.22487635699997,-15.931370733999927],[-73.22804260799995,-15.941400483999871],[-73.22918698299998,-15.946799233999911],[-73.22988123299996,-15.953111733999947],[-73.22735598299988,-15.957828483999947],[-73.22330473299996,-15.962029482999924],[-73.2234573579999,-15.969057107999902],[-73.22499085799996,-15.98497198299998],[-73.22180935799997,-15.988982357999873],[-73.22135923299993,-15.992169358999888],[-73.22428898299995,-15.99328423399993],[-73.22570798299995,-15.995624483999961],[-73.22877498299988,-15.997074108999982],[-73.23516085799997,-15.995986983999899],[-73.24028773299989,-15.998206108999966],[-73.23962398299994,-16.004686357999844],[-73.23579410799994,-16.011548983999944],[-73.23484798299984,-16.01799398399993],[-73.2333908579999,-16.021024732999877],[-73.23397810699998,-16.02443885899993],[-73.23204798199998,-16.02897648399994],[-73.23223873299997,-16.034332233999976],[-73.23461910799989,-16.036203357999966],[-73.23768610699983,-16.038009608999914],[-73.24291998299998,-16.043994983999937],[-73.24877160799991,-16.045015358999876],[-73.25341035799994,-16.049919108999973],[-73.25559235799983,-16.056281983999952],[-73.26694485799999,-16.05614473299994],[-73.27044673299991,-16.057636233999972],[-73.27198785799999,-16.06067273399998],[-73.27844235799995,-16.064130608999903],[-73.28054048199994,-16.0645523579999],[-73.28706360799998,-16.06215285899998],[-73.29285435799994,-16.057748733999972],[-73.3002167329999,-16.055408483999884],[-73.30232998299988,-16.051507983999898],[-73.30622860799997,-16.04615785899989],[-73.30735010799992,-16.042312607999975],[-73.30689998299988,-16.03924748399993],[-73.30823510699997,-16.033004732999814],[-73.30951685699989,-16.031331983999962],[-73.3145904829999,-16.028100982999888],[-73.31737523299995,-16.02403260799997],[-73.32261660699999,-16.02235985899995],[-73.3265152329999,-16.02252773399988],[-73.33236698299993,-16.019628482999906],[-73.33325960799988,-16.017177608999873],[-73.33226023299989,-16.00831598299993],[-73.33359523299987,-16.006700482999975],[-73.33922560799988,-16.00275798399997],[-73.34240710799986,-15.999482107999938],[-73.34745785799998,-15.9956979829999],[-73.34983060799982,-15.992730107999932],[-73.35287473299996,-15.98694323299992],[-73.36096185799994,-15.983117107999817],[-73.3667526079999,-15.975472483999965],[-73.36714935799995,-15.973480233999965],[-73.36608885799996,-15.96942998299994],[-73.36635585799996,-15.963387482999849],[-73.3637008579999,-15.956812857999978],[-73.36350248199994,-15.952695857999913],[-73.36124423299998,-15.950837108999963],[-73.36197660699997,-15.943200107999928],[-73.36090085799998,-15.93811698299993],[-73.35898585699988,-15.934324233999973],[-73.36125948299997,-15.928894983999896],[-73.36086273299992,-15.926060733999975],[-73.3619918579999,-15.923793733999958],[-73.35919185799997,-15.919211358999974],[-73.36281585799998,-15.916677482999944],[-73.36395260799998,-15.914612732999899],[-73.36346435799999,-15.911408482999889],[-73.36412048299991,-15.90836710799988],[-73.36259460799994,-15.905162982999968],[-73.36400598299986,-15.9005461079999],[-73.37079623299991,-15.89473535899998],[-73.37210085799995,-15.89169310799997],[-73.37568660799997,-15.888434357999927],[-73.37948610799992,-15.886805482999932],[-73.38432310699994,-15.882569358999945],[-73.39002223299997,-15.882406232999926],[-73.39247135699998,-15.880559983999945],[-73.39931485699992,-15.881102608999981],[-73.40680698299997,-15.879487982999876],[-73.40984348299986,-15.87818048399987],[-73.41072835799997,-15.87650010799996],[-73.40942385799997,-15.873512233999975],[-73.40741735799992,-15.871738608999976],[-73.40651698299996,-15.863413857999944],[-73.41242223299997,-15.8599022329999],[-73.41279598299997,-15.855793983999888],[-73.41768648299995,-15.84421635799987],[-73.41869348299997,-15.842699982999932],[-73.42169948299994,-15.84145635799996],[-73.42401123299999,-15.834806483999955],[-73.42440035799984,-15.829186482999944],[-73.42161560799991,-15.82330898299989],[-73.42242448299987,-15.820734983999898],[-73.43049623299999,-15.820092232999912],[-73.43357848299985,-15.820992482999884],[-73.43840785799995,-15.815444982999907],[-73.44151310799998,-15.81315710799987],[-73.44625085799987,-15.811931607999895],[-73.44886785799997,-15.80850023399995],[-73.44862360799982,-15.801268608999976],[-73.44960785799998,-15.798408482999946],[-73.44992823299992,-15.791789982999944],[-73.45156860799995,-15.784436233999827],[-73.45377348299996,-15.779125232999945],[-73.45393373299999,-15.776837358999899],[-73.45793910799989,-15.775203733999945],[-73.46071623299991,-15.768176107999977],[-73.46071623299991,-15.764907857999901],[-73.46300510799995,-15.762939483999844],[-73.46626285799994,-15.763316107999913],[-73.46881860799994,-15.762520732999917],[-73.47304535799998,-15.759258232999969],[-73.48044585799988,-15.758671732999971],[-73.48509210799989,-15.759759857999939],[-73.48847948299988,-15.758755733999976],[-73.49006648299991,-15.756496482999921],[-73.49211885799991,-15.751183482999977],[-73.49208073299997,-15.745117232999974],[-73.49462885799994,-15.74139398299991],[-73.50019073299995,-15.736876482999946],[-73.50126648299988,-15.73461148399997],[-73.44161985799997,-15.678244607999886],[-73.33582310799989,-15.664441107999949],[-73.22540285799994,-15.663985233999824],[-73.22772210799997,-15.668030607999981],[-73.23217773299996,-15.674130482999828],[-73.23897548199994,-15.680068982999842],[-73.2408828579999,-15.686203982999928],[-73.24132535799993,-15.691847858999836],[-73.24113460799998,-15.698718108999913],[-73.24363710799997,-15.70156473399993],[-73.24422460699992,-15.703675232999842],[-73.24471285699991,-15.711870232999956],[-73.24147798199994,-15.714569983999866],[-73.24015048299998,-15.718741357999932],[-73.24298860799996,-15.727387482999973],[-73.24606323299992,-15.732093858999917],[-73.24746710699998,-15.736663857999872],[-73.25045023299998,-15.739921607999918],[-73.25176235799984,-15.743225107999876],[-73.25149535799994,-15.74622060899992],[-73.25543210699988,-15.751469607999923],[-73.25688173299994,-15.757549232999963],[-73.25611110699992,-15.761605232999955],[-73.25665285799982,-15.767442732999939],[-73.2551574819999,-15.77201273299994],[-73.25144960799997,-15.77771385899996],[-73.25126648299994,-15.77952385799989],[-73.25316623299989,-15.784365608999906],[-73.25642398299988,-15.787713982999946],[-73.25701135799989,-15.790429108999888],[-73.25592798299988,-15.800112733999981],[-73.25475310699994,-15.80350585799988],[-73.25606535699995,-15.808619482999973],[-73.25556185699998,-15.814411107999888],[-73.25669848299998,-15.816809483999918],[-73.26181035799988,-15.82328035899991],[-73.26244348299997,-15.825497607999978],[-73.26054385799989,-15.834683357999893],[-73.25856023199998,-15.839522358999886],[-73.25418848299995,-15.848326732999965],[-73.25378423299998,-15.850340857999981],[-73.2496947329999,-15.85684398299992],[-73.24831385699997,-15.861619982999855],[-73.24865723299996,-15.865245858999913],[-73.25061798199994,-15.86835285899997],[-73.24906160799992,-15.870482482999932],[-73.24399560799998,-15.873244233999912],[-73.23324585699999,-15.874050108999882]]]]},"properties":{"ubigeo":"040401","nombre":"CARAVELI"}},{"type":"Feature","geometry":{"type":"MultiPolygon","coordinates":[[[[-74.60894010899995,-15.14461423299997],[-74.6072158589999,-15.14697835699991],[-74.60597223399998,-15.148497607999957],[-74.60263060899996,-15.148914357999956],[-74.59466560899995,-15.146550232999914],[-74.58509060899996,-15.149105107999844],[-74.58422085899997,-15.148890481999956],[-74.58250423399994,-15.145966482999938],[-74.57752985899992,-15.143767356999888],[-74.57624048399992,-15.143658607999953],[-74.57377610899994,-15.141599607999922],[-74.56816098399997,-15.140264607999882],[-74.56446835899999,-15.14010048199998],[-74.56195835899996,-15.140469607999876],[-74.55370335899994,-15.140043232999858],[-74.54640198399994,-15.141679731999886],[-74.54121398399997,-15.14358998299997],[-74.53615573399992,-15.14403535799994],[-74.5351409839999,-15.144933732999846],[-74.53397373399997,-15.146441482999876],[-74.52426148399991,-15.147274982999932],[-74.51983648399988,-15.148130357999946],[-74.51667023399995,-15.148070357999927],[-74.51552585899992,-15.148422107999977],[-74.51386260899994,-15.14832198299996],[-74.5124053589999,-15.149039106999965],[-74.51132198399989,-15.150299107999956],[-74.50929260899994,-15.151697107999894],[-74.50838473399995,-15.153634856999929],[-74.5060729839999,-15.15587898299998],[-74.50470998399993,-15.157989981999833],[-74.50360023399998,-15.160322482999902],[-74.50182985899994,-15.160568356999931],[-74.49867248399988,-15.162232356999937],[-74.48818973399995,-15.163695357999927],[-74.48427585899992,-15.165717106999978],[-74.47301485899999,-15.169766606999815],[-74.46778873299996,-15.172669357999894],[-74.46376035899988,-15.17389585799998],[-74.45514673299994,-15.175056481999889],[-74.45142135899994,-15.175972732999924],[-74.44442135899999,-15.169596982999906],[-74.43768898299993,-15.167813482999861],[-74.42710110799999,-15.168472232999932],[-74.42298885899999,-15.167847607999931],[-74.41832735899993,-15.16903498299996],[-74.41282648299989,-15.172857231999899],[-74.4067077339999,-15.17540835699998],[-74.40155023299997,-15.178522982999937],[-74.39871973399994,-15.181463232999931],[-74.39669135899999,-15.187083982999923],[-74.3956374839999,-15.192926357999909],[-74.39277648399991,-15.197431607999818],[-74.38992310899988,-15.203669482999885],[-74.38990035899997,-15.207140982999817],[-74.39498135899998,-15.214144732999955],[-74.39937585799998,-15.217396732999816],[-74.40081585899992,-15.219890481999983],[-74.40041460899994,-15.221896732999824],[-74.39617885899997,-15.224616481999874],[-74.39457385899993,-15.226756606999913],[-74.39377123399998,-15.230992357999924],[-74.39372660899994,-15.236476482999933],[-74.39279035899989,-15.240667607999967],[-74.39115173399995,-15.244697732999896],[-74.38884360899993,-15.247038857999883],[-74.3878783589999,-15.251779607999936],[-74.39160160899996,-15.257769607999933],[-74.39640048399991,-15.261849357999893],[-74.39969635899996,-15.265863356999944],[-74.39973448399996,-15.26907448199995],[-74.39742285899996,-15.27345660799989],[-74.39820860899994,-15.278050482999959],[-74.40560910899995,-15.286072732999969],[-74.41484835899996,-15.295417732999908],[-74.41530610899991,-15.299266982999939],[-74.41419223399993,-15.300602732999948],[-74.4129486089999,-15.301620482999965],[-74.41466523399998,-15.305023232999929],[-74.42239385899995,-15.309093481999923],[-74.42591860899995,-15.311722732999954],[-74.42967985899992,-15.317297981999957],[-74.43484498399988,-15.328403482999875],[-74.43310548399995,-15.331964482999922],[-74.43344060899994,-15.33853260799998],[-74.43583673399996,-15.344862982999928],[-74.43912510899992,-15.345966357999885],[-74.44686885899989,-15.344593982999868],[-74.45034785799999,-15.344439482999974],[-74.45358273399995,-15.345802356999911],[-74.4533919839999,-15.348204607999833],[-74.45030210899995,-15.351543482999944],[-74.44893648399994,-15.355376232999902],[-74.44881435899993,-15.35809610799987],[-74.45017248399995,-15.36100198299988],[-74.45461273399991,-15.365661607999982],[-74.45784760899994,-15.367498357999978],[-74.46364598399992,-15.372877107999955],[-74.46643823399995,-15.379154232999895],[-74.46542373399996,-15.386629107999852],[-74.4663467339999,-15.393103607999876],[-74.46356198399997,-15.398299232999818],[-74.46292110899998,-15.400978107999947],[-74.46432498399997,-15.40545273299989],[-74.46684073399996,-15.411003982999944],[-74.46647648399988,-15.41695310799986],[-74.46139523399995,-15.419888482999966],[-74.45917510899994,-15.426802607999889],[-74.45948785899998,-15.430550607999862],[-74.46080798399993,-15.433521232999965],[-74.46289060899994,-15.43482585799984],[-74.46804810899994,-15.43567373299993],[-74.47386935899993,-15.443852482999944],[-74.46816248399995,-15.451554357999896],[-74.46848298399993,-15.453412107999952],[-74.47102360899999,-15.455449107999925],[-74.47520448399996,-15.461344732999862],[-74.47809598399994,-15.463540107999961],[-74.48159023399995,-15.469612232999907],[-74.48110210899989,-15.477707857999974],[-74.48464198399995,-15.479633357999944],[-74.48590848399994,-15.481877357999906],[-74.48544085899988,-15.49012823299995],[-74.48602048399988,-15.491911732999881],[-74.49047910899992,-15.494408482999972],[-74.49533848399983,-15.49495798299995],[-74.50204373399987,-15.49787685799987],[-74.50625910899993,-15.497279232999915],[-74.5086257339999,-15.498555107999948],[-74.50987660899995,-15.50206073299995],[-74.50981898399988,-15.50653935799994],[-74.50669098399999,-15.516902982999909],[-74.50578310899994,-15.524430232999919],[-74.50495148399995,-15.525945607999972],[-74.51276948399993,-15.537956232999875],[-74.51846548399988,-15.549496357999942],[-74.52244573399997,-15.561380357999894],[-74.52630598399998,-15.56500723299996],[-74.52999110899998,-15.56702423299987],[-74.53272248399998,-15.571984232999853],[-74.53308110899991,-15.577888482999981],[-74.53475948399995,-15.584375357999875],[-74.53402710899996,-15.58651748299991],[-74.52870935899995,-15.589896232999877],[-74.52281948399997,-15.596692982999855],[-74.5230024839999,-15.598832107999897],[-74.52613073399993,-15.60267160799998],[-74.52904510899992,-15.604708732999939],[-74.53440098399994,-15.609773607999898],[-74.54838560899992,-15.620089482999902],[-74.5535354839999,-15.623589482999932],[-74.56531523399997,-15.6330976079999],[-74.57198348399987,-15.637311107999835],[-74.57779698399992,-15.640259732999823],[-74.58525848399995,-15.642656357999954],[-74.5928649839999,-15.64410785799987],[-74.60266110899983,-15.646394732999909],[-74.61191560899994,-15.646804857999939],[-74.62387298399995,-15.647943857999849],[-74.62905698399999,-15.64947985799995],[-74.63673685899994,-15.652743857999894],[-74.64603423399996,-15.655584357999885],[-74.65197748399999,-15.656371232999902],[-74.64791873399997,-15.654499107999982],[-74.64488210899998,-15.65157710799997],[-74.64270785899987,-15.65063185799994],[-74.63819885899983,-15.64935973299987],[-74.63681035899998,-15.647689857999978],[-74.63490298399995,-15.644041107999954],[-74.63452910899997,-15.641461357999844],[-74.63396448399993,-15.637283357999934],[-74.63596348399994,-15.630533232999824],[-74.63552873399988,-15.628958732999934],[-74.63571160899988,-15.622545232999983],[-74.63652035899986,-15.62082573299989],[-74.63640585899998,-15.618763982999894],[-74.63967135899998,-15.615179982999848],[-74.64099123399996,-15.608978232999903],[-74.64002985899998,-15.606103857999926],[-74.6376953589999,-15.606376607999948],[-74.6372757339999,-15.60663510799992],[-74.63681035899998,-15.605146357999956],[-74.6386947339999,-15.602658232999943],[-74.63937373399995,-15.599288982999951],[-74.63834385899992,-15.596566107999934],[-74.63920598399994,-15.592431982999813],[-74.63679498399995,-15.591295232999983],[-74.63685610899995,-15.58560560799998],[-74.63465123399999,-15.580980357999977],[-74.63501735899985,-15.573074357999872],[-74.63272098399989,-15.570733982999968],[-74.63105010899994,-15.570269607999933],[-74.63032535899993,-15.56939223299986],[-74.63058798399999,-15.559743107999964],[-74.62695660899993,-15.555422982999914],[-74.6271099839999,-15.553309982999963],[-74.63050073399995,-15.54744910799991],[-74.63403323399996,-15.546847357999866],[-74.63500210899991,-15.547095357999865],[-74.63543698399991,-15.547054232999926],[-74.63668060899988,-15.546058607999953],[-74.63531498399993,-15.543408357999965],[-74.63603210899998,-15.540749607999885],[-74.63434598399988,-15.53914073299984],[-74.63430023399991,-15.534103357999868],[-74.63248448399997,-15.531166107999923],[-74.63496398399997,-15.529134732999978],[-74.63332360899994,-15.523463232999859],[-74.63473498399992,-15.52058585799989],[-74.6323472339999,-15.518124607999937],[-74.63198085899995,-15.515274982999927],[-74.63423160899993,-15.514226857999915],[-74.6331406089999,-15.51088048299988],[-74.63421648399992,-15.508101482999962],[-74.63768773399988,-15.502345982999941],[-74.63889310899998,-15.492197982999869],[-74.63844298399994,-15.49079135799991],[-74.63792423399991,-15.489078482999957],[-74.63752748399997,-15.48764985799994],[-74.63764173399983,-15.48679448299987],[-74.63803848399988,-15.484453357999882],[-74.63667298399997,-15.48056985799991],[-74.63610073399997,-15.475144357999966],[-74.6370086089999,-15.468406732999938],[-74.63615423399995,-15.459896107999896],[-74.6347884839999,-15.452929482999934],[-74.63318635899998,-15.447562232999928],[-74.63290398399994,-15.446304357999907],[-74.6351568477013,-15.44557164568289],[-74.63664982744746,-15.439816952213846],[-74.63836061322104,-15.434163043329931],[-74.64566263987325,-15.426938945835332],[-74.65077868446008,-15.418933368051057],[-74.6510287403591,-15.41469122040263],[-74.64921200580437,-15.411388606064804],[-74.65177197183544,-15.406089452601123],[-74.65227922977766,-15.393244755624494],[-74.65143324025007,-15.390650762411383],[-74.64900659033822,-15.388997068106335],[-74.6499899644308,-15.382045546012648],[-74.64841901455713,-15.377211273518583],[-74.64866746999797,-15.373911900984922],[-74.65074310068911,-15.36743347940751],[-74.65026846786702,-15.360715348483836],[-74.65294648259857,-15.357066216468525],[-74.65331803713212,-15.35270638090077],[-74.65538576060857,-15.350824000038301],[-74.65661333709232,-15.342812151676128],[-74.655039915614,-15.339557087863682],[-74.65285708910312,-15.33766811690083],[-74.64983031360686,-15.332124476338322],[-74.64425119850432,-15.32799093600056],[-74.64413574521348,-15.3244552756899],[-74.64802690274956,-15.321279509600686],[-74.64791611669261,-15.314915470353299],[-74.64986463036365,-15.31150089793897],[-74.65290452677561,-15.308912949735145],[-74.65582100152449,-15.307503264565014],[-74.65946349228756,-15.307626690655809],[-74.66055971613292,-15.305507064884182],[-74.65996477915911,-15.29796378370628],[-74.66301471434423,-15.28889396567206],[-74.66471710542578,-15.287246624815623],[-74.67067177235776,-15.283719964938882],[-74.67250296919963,-15.27724090098934],[-74.6762741300405,-15.272296678609223],[-74.6755487926938,-15.270292177284375],[-74.68187267793485,-15.262994529154582],[-74.68466692867202,-15.261584272834966],[-74.68916779073669,-15.255344487129321],[-74.6903872442885,-15.251574959028176],[-74.69306444756262,-15.247029607224874],[-74.70655392771948,-15.235969682108077],[-74.70959058392509,-15.234441569293665],[-74.70826074863442,-15.230550768138698],[-74.7132406434526,-15.228082310819389],[-74.71421691202625,-15.224194473303953],[-74.71276615751219,-15.219949987417749],[-74.70985465660215,-15.218885589564252],[-74.70743013707335,-15.216761128506846],[-74.71059093692321,-15.212993986108017],[-74.70622214173272,-15.212634767911936],[-74.70185634566184,-15.210154150252322],[-74.69774027061561,-15.202841892950062],[-74.69750275253324,-15.19918819095659],[-74.69532299109585,-15.195885419363833],[-74.69484111299232,-15.193409893630815],[-74.70030536998854,-15.191178061288667],[-74.70383292543647,-15.18529016597762],[-74.70420157919125,-15.18199081294631],[-74.70651034623972,-15.179754657269541],[-74.70736531360586,-15.175748821270417],[-74.71210920466649,-15.167387473558449],[-74.71953054766402,-15.152665364234451],[-74.72184067980385,-15.149014817673958],[-74.71856968266013,-15.145239504571464],[-74.71384254545319,-15.141698007116702],[-74.71712216699137,-15.138873694634583],[-74.71591948399998,-15.137749732999964],[-74.71203610899988,-15.138261732999979],[-74.71006773399995,-15.138234107999892],[-74.70631410899995,-15.139372856999898],[-74.70511623399995,-15.13973998299997],[-74.70370485899997,-15.13920310799989],[-74.70084385899997,-15.137257607999857],[-74.69452673399996,-15.1373472329999],[-74.68945310899994,-15.13906673299988],[-74.6870117339999,-15.137453107999931],[-74.68432623399991,-15.136568107999892],[-74.67996210899997,-15.132564482999953],[-74.67653660899987,-15.133479231999956],[-74.67434698399995,-15.135153732999868],[-74.67055510899985,-15.134755106999933],[-74.66648873399993,-15.135281606999968],[-74.66069798399997,-15.137887982999871],[-74.65664673399988,-15.138883607999901],[-74.65203860899999,-15.139133482999966],[-74.64917773399998,-15.138136857999939],[-74.64170073399993,-15.133589732999951],[-74.63784248399992,-15.131804857999953],[-74.63067635899995,-15.124995231999833],[-74.62874598399998,-15.124123607999934],[-74.62762448399991,-15.125369106999926],[-74.62612910899992,-15.12729935799996],[-74.62469485899999,-15.129105607999918],[-74.62401585899988,-15.130537982999954],[-74.61815648399994,-15.135271857999953],[-74.61541748399998,-15.137276607999922],[-74.60980985899994,-15.142994857999895],[-74.60894010899995,-15.14461423299997]]]]},"properties":{"ubigeo":"040402","nombre":"ACARI"}},{"type":"Feature","geometry":{"type":"MultiPolygon","coordinates":[[[[-73.23461910799989,-16.036203357999966],[-73.23342898199985,-16.03998760799982],[-73.23259735699997,-16.04694748299994],[-73.22993473299994,-16.051471733999847],[-73.23121648299991,-16.05588148299995],[-73.22792810799996,-16.05804635899989],[-73.22383885699992,-16.063859983999976],[-73.22371673299995,-16.07000535799989],[-73.2248001079999,-16.07629773399998],[-73.22259535799998,-16.082592108999904],[-73.22327410799994,-16.08470348299994],[-73.2224654829999,-16.09377460899998],[-73.22322085799988,-16.097764982999877],[-73.22251123299998,-16.103843732999962],[-73.22151185799999,-16.106599858999914],[-73.22089385699996,-16.111680983999975],[-73.22227473299995,-16.11590960899997],[-73.22203823299998,-16.11923410899982],[-73.21942135699999,-16.1235084839999],[-73.21837610799986,-16.128536233999966],[-73.21511073299996,-16.132095358999834],[-73.21178435799999,-16.138997983999957],[-73.21089173199994,-16.143171357999847],[-73.20837398299989,-16.14741898399984],[-73.20551298299995,-16.149099358999877],[-73.20323185799992,-16.152994108999962],[-73.20399473299983,-16.160261108999975],[-73.20716098299988,-16.16900060899991],[-73.20376585799988,-16.175289108999948],[-73.20546723299998,-16.183542108999973],[-73.20489498199998,-16.186212483999952],[-73.2008514829999,-16.19487185899993],[-73.19858548299999,-16.20336335899998],[-73.19770810799997,-16.21187035899993],[-73.19833373199987,-16.21652223399991],[-73.19989910799995,-16.219543108999915],[-73.20170585699998,-16.222661983999956],[-73.20088198199994,-16.23406023399997],[-73.19952398199985,-16.239683108999827],[-73.19887548199983,-16.245426233999922],[-73.1963958579999,-16.26085848399987],[-73.19648748299994,-16.270652732999963],[-73.19506835799996,-16.27814673399996],[-73.19631198299999,-16.280515608999963],[-73.20419310799997,-16.28521723399996],[-73.20983123299993,-16.28661535899988],[-73.2159271079999,-16.28579898399994],[-73.21934510799991,-16.289335233999964],[-73.21845248299996,-16.295162232999928],[-73.2196197319999,-16.297182233999877],[-73.22334285799985,-16.298850983999955],[-73.22350310699994,-16.3029308589999],[-73.2276611079999,-16.303669108999884],[-73.22940823299996,-16.305416108999907],[-73.22784423299998,-16.31271548299992],[-73.22959135699995,-16.316818233999925],[-73.22962185699998,-16.320949608999967],[-73.23083498299997,-16.324413358999948],[-73.23500060799995,-16.330209857999932],[-73.23593898199994,-16.33295635899998],[-73.23573298299988,-16.338918733999947],[-73.23784635799996,-16.349712358999966],[-73.23973085799997,-16.354131733999964],[-73.24226373299996,-16.356311733999917],[-73.24680323299992,-16.356908733999944],[-73.24883273299992,-16.360151233999886],[-73.2540969829999,-16.36272623399998],[-73.2589111079999,-16.36294935899997],[-73.27465823199992,-16.371118483999965],[-73.2763977329999,-16.37438198399991],[-73.27877048299985,-16.376892108999925],[-73.27952573299996,-16.379541358999916],[-73.28269960799997,-16.38307385899992],[-73.28188323299997,-16.388519233999887],[-73.28356173199995,-16.390151983999885],[-73.28341673299997,-16.394256608999967],[-73.28561398199997,-16.399480858999937],[-73.29160310799989,-16.40540698399991],[-73.29083248299997,-16.401779233999946],[-73.29247285799983,-16.398139983999954],[-73.29383085699999,-16.397956858999976],[-73.29746248299995,-16.39294048399995],[-73.29621885799997,-16.390739483999937],[-73.29846948299985,-16.388374358999897],[-73.29785160699998,-16.387100233999888],[-73.29927060799997,-16.382924983999942],[-73.30480960799997,-16.37973973399994],[-73.30495448299996,-16.37253760899989],[-73.30330660799996,-16.369754733999855],[-73.30471798299993,-16.36542335899992],[-73.30719760699992,-16.3648796089999],[-73.30706785699994,-16.362466857999948],[-73.30352785799994,-16.360504108999976],[-73.30062098299987,-16.357850983999924],[-73.30076598299996,-16.35206410899991],[-73.30260473299995,-16.34943198399992],[-73.30758660799995,-16.34655185899993],[-73.31005098299994,-16.346183733999908],[-73.31089785799992,-16.34260373399991],[-73.31420135799988,-16.338703108999937],[-73.32056423299991,-16.33510573399991],[-73.32606510799997,-16.333970983999905],[-73.32781223199993,-16.331508607999922],[-73.33170310799989,-16.329238858999872],[-73.33911898299993,-16.325948733999894],[-73.34644323299995,-16.323221233999902],[-73.35375210799992,-16.32159810899998],[-73.35909273299995,-16.31963535899996],[-73.36501310799997,-16.316652357999942],[-73.36819460799995,-16.31595035899994],[-73.37165835799993,-16.312047982999957],[-73.37559510799997,-16.31328585899996],[-73.37984460799993,-16.312534358999926],[-73.38381960799995,-16.309965108999904],[-73.38824460799987,-16.308902733999844],[-73.3909683579999,-16.309070608999946],[-73.39316560799989,-16.30620385799989],[-73.39759060799997,-16.304470108999908],[-73.4051284819999,-16.299354608999863],[-73.41263598299997,-16.29691885899996],[-73.41915135799997,-16.293640107999977],[-73.42329410799988,-16.292690233999906],[-73.43056485799997,-16.289424982999947],[-73.43721010799993,-16.28783235899988],[-73.44710535799987,-16.28379823399996],[-73.45125585799991,-16.281307108999897],[-73.45850373299999,-16.279790858999945],[-73.46158598299996,-16.27862548299987],[-73.46952823299983,-16.28016473399998],[-73.47580723299995,-16.279443733999926],[-73.47948473299994,-16.281125983999914],[-73.48197173299991,-16.283672358999922],[-73.48503873299995,-16.28255848399988],[-73.48603823299993,-16.280137983999964],[-73.48887648299996,-16.279600108999887],[-73.49268335799997,-16.27619548299998],[-73.49713135799993,-16.273298232999934],[-73.50187685799995,-16.272197733999974],[-73.50263973299991,-16.270994233999886],[-73.5076217329999,-16.269180358999904],[-73.51326748299994,-16.265981732999933],[-73.5171281079999,-16.26479535899989],[-73.51863860799983,-16.263414358999967],[-73.52379610799989,-16.262121233999892],[-73.52741998299996,-16.26202398399994],[-73.53062435799995,-16.259279233999848],[-73.5309296079999,-16.257059108999897],[-73.53502660799995,-16.256097733999866],[-73.53783410799991,-16.254474608999942],[-73.54014585799996,-16.255090733999964],[-73.54656223299997,-16.25277698399998],[-73.54930873299998,-16.25062748399995],[-73.55119323299994,-16.25062373399993],[-73.55593110799998,-16.247566233999976],[-73.55933385799989,-16.244493483999918],[-73.56235498299992,-16.245336608999878],[-73.56224060799997,-16.247941982999976],[-73.56740573299993,-16.249540357999877],[-73.57327285799988,-16.24686435899997],[-73.57739260799997,-16.24577898299998],[-73.57798773299993,-16.244384733999823],[-73.58161160799983,-16.24302098299995],[-73.58676910799988,-16.24196810899997],[-73.58860773299995,-16.240873358999977],[-73.59579460799995,-16.24179073299996],[-73.5976562329999,-16.239692733999902],[-73.60258485799994,-16.23992923399993],[-73.6060409829999,-16.235937108999963],[-73.61304473299992,-16.23238560899989],[-73.61992648299992,-16.23008535899993],[-73.63316348399997,-16.22935298399989],[-73.63772585799995,-16.2304343589999],[-73.63950348299994,-16.232845357999906],[-73.6417464829999,-16.23199648399992],[-73.64329523299989,-16.22929948399991],[-73.6457901089999,-16.229425483999933],[-73.64781185799995,-16.232685108999817],[-73.65338135899998,-16.230522108999878],[-73.65538785899992,-16.230491608999955],[-73.6586608579999,-16.227769858999977],[-73.66258998399996,-16.22886448399987],[-73.66427598299998,-16.23073210799987],[-73.67121885799997,-16.22430223399988],[-73.67620848299998,-16.223558483999966],[-73.67743685799996,-16.226953358999936],[-73.67964935899994,-16.2257347339999],[-73.6848831079999,-16.228151358999924],[-73.68723298399993,-16.229875608999976],[-73.69401548299987,-16.231416732999946],[-73.69279485799996,-16.23345760899997],[-73.69458773299988,-16.23795323299987],[-73.7013626079999,-16.24046710899995],[-73.69937898299992,-16.23204623399988],[-73.69648748399993,-16.231206858999883],[-73.69926448299992,-16.225435233999917],[-73.69937123299997,-16.220703108999885],[-73.70159923299997,-16.21787448399988],[-73.70733648299989,-16.214073232999965],[-73.71434023299997,-16.210535108999977],[-73.71730035799999,-16.209541358999957],[-73.72066498299995,-16.207057858999917],[-73.7216949829999,-16.203124982999952],[-73.7266006079999,-16.1992073589999],[-73.72788235799999,-16.19524760899992],[-73.73669448299995,-16.192743358999905],[-73.74457548299989,-16.1885299839999],[-73.74787898299996,-16.188135107999926],[-73.75009923399989,-16.18660535899994],[-73.75243373299998,-16.186939233999908],[-73.75492860899988,-16.18405735899995],[-73.75888823399993,-16.183353483999895],[-73.75939173299986,-16.18196110899987],[-73.76862335799996,-16.177534108999964],[-73.77174373299994,-16.174997358999974],[-73.77615360899995,-16.174573858999906],[-73.7806091089999,-16.17287248399998],[-73.78581998299995,-16.172458608999932],[-73.79071048299994,-16.17111585899994],[-73.7937698579999,-16.169404983999982],[-73.80080410799991,-16.16867448399995],[-73.80538173299993,-16.165359483999907],[-73.80853273299988,-16.16482923399991],[-73.81118010799992,-16.162849358999893],[-73.8186416079999,-16.161052733999895],[-73.82522585799995,-16.15804673399998],[-73.82733923299998,-16.15800860899992],[-73.83016973299993,-16.15546035899996],[-73.83450323399995,-16.154733483999905],[-73.83591460799994,-16.15236285899988],[-73.8398284829999,-16.150772108999888],[-73.84503935799995,-16.146818108999867],[-73.85335535799993,-16.141916233999893],[-73.85739898399993,-16.140808108999977],[-73.86090085799998,-16.13887210799993],[-73.86692048299994,-16.13695523399997],[-73.86935423399996,-16.13554385799995],[-73.87203973399994,-16.132326108999905],[-73.87351985899994,-16.12867923399989],[-73.87899785799993,-16.122611983999946],[-73.87908935799987,-16.11972048299998],[-73.88087460799994,-16.116439858999968],[-73.88592523299997,-16.111617982999974],[-73.88938898299995,-16.10935210899993],[-73.89269260799989,-16.10894960899992],[-73.89669035799994,-16.105100607999873],[-73.90166473399984,-16.10357660899996],[-73.89987948299989,-16.100482982999893],[-73.89846798299999,-16.094852483999944],[-73.8935471079999,-16.081047107999893],[-73.89078523299992,-16.075904857999944],[-73.88488010799989,-16.066646608999974],[-73.8791961089999,-16.06697085899998],[-73.87599948299999,-16.068433733999882],[-73.87459560899993,-16.06675535799991],[-73.87416073299994,-16.062152857999934],[-73.87757110899992,-16.054357482999876],[-73.87611385799988,-16.050405483999896],[-73.87632748299995,-16.04802323299998],[-73.88033298399989,-16.041635483999983],[-73.88293460799997,-16.039903608999964],[-73.87953185899988,-16.036163358999943],[-73.87934110899994,-16.032808358999887],[-73.88353723299991,-16.029029858999934],[-73.88163760799995,-16.018348732999982],[-73.86837010899995,-15.999958982999942],[-73.86228185899984,-15.993712483999957],[-73.85413360899986,-15.986749607999968],[-73.85282135799997,-15.98458385899994],[-73.84803773299996,-15.979550358999916],[-73.84571073299998,-15.976206732999856],[-73.84238435799983,-15.96481423299997],[-73.84091185799986,-15.960806857999955],[-73.8313674829999,-15.93949985799992],[-73.83089448299995,-15.933889358999977],[-73.8284913579999,-15.928612733999898],[-73.82399735899992,-15.923894857999926],[-73.82426448299992,-15.919715857999904],[-73.82336423299995,-15.91782860799998],[-73.81900023399999,-15.913944232999938],[-73.81808473299992,-15.908832607999955],[-73.81562810799988,-15.901727733999962],[-73.81291960899995,-15.89855860799986],[-73.81240848299996,-15.89032935899985],[-73.81102748399996,-15.884655983999835],[-73.80888360799997,-15.88133435899988],[-73.80438235799994,-15.877346982999939],[-73.80096435799993,-15.87267573399987],[-73.80150598299997,-15.86592573299987],[-73.80317685799997,-15.861934607999956],[-73.80196385799997,-15.85883335799997],[-73.80202485799992,-15.854290858999889],[-73.80476373299996,-15.846875232999935],[-73.80418398299997,-15.842791483999918],[-73.79965210799998,-15.835419608999871],[-73.79443360899995,-15.832197233999977],[-73.78982548399995,-15.831512483999916],[-73.78920748399997,-15.83008098299996],[-73.79038998399994,-15.823050482999918],[-73.79038998399994,-15.81937985899998],[-73.78739923299986,-15.816828733999898],[-73.78298185799991,-15.816330982999943],[-73.77956385899995,-15.81004623299998],[-73.77545173399994,-15.806500608999954],[-73.77454373299997,-15.803886357999943],[-73.76714323299996,-15.794248607999975],[-73.7602233579999,-15.794547107999904],[-73.75778198299997,-15.79395010899998],[-73.74862673399991,-15.795841233999965],[-73.74578860799983,-15.797782857999948],[-73.74269860799996,-15.79783248299998],[-73.73979935899996,-15.800876607999953],[-73.73942560799986,-15.804256482999904],[-73.73687748299989,-15.805244482999967],[-73.73148348299998,-15.8049402339999],[-73.7279511079999,-15.803876858999956],[-73.72328185799995,-15.80452248399996],[-73.72074123399995,-15.802074482999956],[-73.72014623299992,-15.799990608999906],[-73.72163385899984,-15.796238857999981],[-73.72496798299994,-15.791533482999967],[-73.72473148399996,-15.786353107999958],[-73.72354123299982,-15.78474423299997],[-73.71960448299996,-15.782726232999892],[-73.71214310799996,-15.783922232999942],[-73.70795435799988,-15.78845210799983],[-73.70447535799997,-15.791302732999952],[-73.69504548299983,-15.792846732999976],[-73.69196323299997,-15.7944698579999],[-73.68875123299995,-15.794509858999959],[-73.68428035799997,-15.793124232999958],[-73.68265535899997,-15.791381857999966],[-73.67869573299998,-15.790748607999944],[-73.67271423299997,-15.79225248299997],[-73.66883848299994,-15.79039198299995],[-73.66665648299988,-15.787541357999885],[-73.66351323299995,-15.790357608999841],[-73.65690610799993,-15.793406482999956],[-73.65319823299996,-15.794473607999976],[-73.6501998579999,-15.794473607999976],[-73.64196773299994,-15.79604910799992],[-73.63760373299988,-15.798640232999901],[-73.63581848299998,-15.798284483999964],[-73.62886060799991,-15.789646108999932],[-73.62576298299996,-15.788427357999979],[-73.62403110799988,-15.783142982999948],[-73.62190248299999,-15.781313857999919],[-73.6181412329999,-15.782228482999926],[-73.61539460799986,-15.781973858999834],[-73.61178585799996,-15.779636357999948],[-73.60935210799994,-15.776486357999943],[-73.60771948299987,-15.77211660799992],[-73.60259248299985,-15.771304107999867],[-73.59938810799991,-15.769423482999969],[-73.59150698299993,-15.769760108999833],[-73.58769223299998,-15.766488982999874],[-73.58473973299994,-15.766289732999951],[-73.57963560799993,-15.761980982999944],[-73.57575223299995,-15.759580607999908],[-73.57411198299997,-15.75752635799995],[-73.57030485799999,-15.754659607999884],[-73.56587985799996,-15.750233607999974],[-73.5632018579999,-15.749921857999936],[-73.55577848299998,-15.751712858999895],[-73.54972835799987,-15.75064085899993],[-73.54714960799993,-15.751041357999952],[-73.54297635799998,-15.747445108999898],[-73.5366744829999,-15.74403085799986],[-73.53147885799996,-15.744574608999926],[-73.52864835799988,-15.743029607999972],[-73.52522273299996,-15.742453607999835],[-73.52057648299996,-15.740564357999915],[-73.51439660799986,-15.741620982999962],[-73.50921635799995,-15.736702857999887],[-73.50527948299998,-15.737726232999933],[-73.50253298299987,-15.737337108999952],[-73.50126648299988,-15.73461148399997],[-73.50019073299995,-15.736876482999946],[-73.49462885799994,-15.74139398299991],[-73.49208073299997,-15.745117232999974],[-73.49211885799991,-15.751183482999977],[-73.49006648299991,-15.756496482999921],[-73.48847948299988,-15.758755733999976],[-73.48509210799989,-15.759759857999939],[-73.48044585799988,-15.758671732999971],[-73.47304535799998,-15.759258232999969],[-73.46881860799994,-15.762520732999917],[-73.46626285799994,-15.763316107999913],[-73.46300510799995,-15.762939483999844],[-73.46071623299991,-15.764907857999901],[-73.46071623299991,-15.768176107999977],[-73.45793910799989,-15.775203733999945],[-73.45393373299999,-15.776837358999899],[-73.45377348299996,-15.779125232999945],[-73.45156860799995,-15.784436233999827],[-73.44992823299992,-15.791789982999944],[-73.44960785799998,-15.798408482999946],[-73.44862360799982,-15.801268608999976],[-73.44886785799997,-15.80850023399995],[-73.44625085799987,-15.811931607999895],[-73.44151310799998,-15.81315710799987],[-73.43840785799995,-15.815444982999907],[-73.43357848299985,-15.820992482999884],[-73.43049623299999,-15.820092232999912],[-73.42242448299987,-15.820734983999898],[-73.42161560799991,-15.82330898299989],[-73.42440035799984,-15.829186482999944],[-73.42401123299999,-15.834806483999955],[-73.42169948299994,-15.84145635799996],[-73.41869348299997,-15.842699982999932],[-73.41768648299995,-15.84421635799987],[-73.41279598299997,-15.855793983999888],[-73.41242223299997,-15.8599022329999],[-73.40651698299996,-15.863413857999944],[-73.40741735799992,-15.871738608999976],[-73.40942385799997,-15.873512233999975],[-73.41072835799997,-15.87650010799996],[-73.40984348299986,-15.87818048399987],[-73.40680698299997,-15.879487982999876],[-73.39931485699992,-15.881102608999981],[-73.39247135699998,-15.880559983999945],[-73.39002223299997,-15.882406232999926],[-73.38432310699994,-15.882569358999945],[-73.37948610799992,-15.886805482999932],[-73.37568660799997,-15.888434357999927],[-73.37210085799995,-15.89169310799997],[-73.37079623299991,-15.89473535899998],[-73.36400598299986,-15.9005461079999],[-73.36259460799994,-15.905162982999968],[-73.36412048299991,-15.90836710799988],[-73.36346435799999,-15.911408482999889],[-73.36395260799998,-15.914612732999899],[-73.36281585799998,-15.916677482999944],[-73.35919185799997,-15.919211358999974],[-73.3619918579999,-15.923793733999958],[-73.36086273299992,-15.926060733999975],[-73.36125948299997,-15.928894983999896],[-73.35898585699988,-15.934324233999973],[-73.36090085799998,-15.93811698299993],[-73.36197660699997,-15.943200107999928],[-73.36124423299998,-15.950837108999963],[-73.36350248199994,-15.952695857999913],[-73.3637008579999,-15.956812857999978],[-73.36635585799996,-15.963387482999849],[-73.36608885799996,-15.96942998299994],[-73.36714935799995,-15.973480233999965],[-73.3667526079999,-15.975472483999965],[-73.36096185799994,-15.983117107999817],[-73.35287473299996,-15.98694323299992],[-73.34983060799982,-15.992730107999932],[-73.34745785799998,-15.9956979829999],[-73.34240710799986,-15.999482107999938],[-73.33922560799988,-16.00275798399997],[-73.33359523299987,-16.006700482999975],[-73.33226023299989,-16.00831598299993],[-73.33325960799988,-16.017177608999873],[-73.33236698299993,-16.019628482999906],[-73.3265152329999,-16.02252773399988],[-73.32261660699999,-16.02235985899995],[-73.31737523299995,-16.02403260799997],[-73.3145904829999,-16.028100982999888],[-73.30951685699989,-16.031331983999962],[-73.30823510699997,-16.033004732999814],[-73.30689998299988,-16.03924748399993],[-73.30735010799992,-16.042312607999975],[-73.30622860799997,-16.04615785899989],[-73.30232998299988,-16.051507983999898],[-73.3002167329999,-16.055408483999884],[-73.29285435799994,-16.057748733999972],[-73.28706360799998,-16.06215285899998],[-73.28054048199994,-16.0645523579999],[-73.27844235799995,-16.064130608999903],[-73.27198785799999,-16.06067273399998],[-73.27044673299991,-16.057636233999972],[-73.26694485799999,-16.05614473299994],[-73.25559235799983,-16.056281983999952],[-73.25341035799994,-16.049919108999973],[-73.24877160799991,-16.045015358999876],[-73.24291998299998,-16.043994983999937],[-73.23768610699983,-16.038009608999914],[-73.23461910799989,-16.036203357999966]]]]},"properties":{"ubigeo":"040403","nombre":"ATICO"}},{"type":"Feature","geometry":{"type":"MultiPolygon","coordinates":[[[[-74.19374085899994,-15.491660107999962],[-74.19382473299999,-15.496437982999964],[-74.19779210799999,-15.501054732999933],[-74.20259098399993,-15.508372357999917],[-74.20207210899997,-15.518660482999849],[-74.20274348299995,-15.520728107999958],[-74.20812223399997,-15.52499198299995],[-74.21649185799998,-15.529091857999902],[-74.2229843589999,-15.536974857999951],[-74.22491460799995,-15.540374732999965],[-74.2298659839999,-15.550963357999876],[-74.23491660799988,-15.557340607999947],[-74.23401635899995,-15.558875107999938],[-74.22920985899998,-15.560943607999945],[-74.2253952339999,-15.566067732999954],[-74.22503660899997,-15.570200857999907],[-74.22676085899991,-15.573810607999974],[-74.22537998399997,-15.577994358999945],[-74.22480773399997,-15.585140232999834],[-74.22669223299994,-15.589348732999952],[-74.22637935899996,-15.591319107999936],[-74.22285460799992,-15.598576608999906],[-74.22346498299999,-15.602605857999947],[-74.22503660799998,-15.605908357999908],[-74.22788998399983,-15.609825107999882],[-74.22956848399997,-15.61480623299991],[-74.22995760899994,-15.61900335799993],[-74.22738648399991,-15.623703857999885],[-74.22811123399993,-15.627173482999922],[-74.22705073399993,-15.632039107999901],[-74.22502135899998,-15.635788857999898],[-74.22449498299994,-15.641229607999946],[-74.22253423399997,-15.645066232999966],[-74.22177885799994,-15.650544107999963],[-74.22185510799994,-15.654371232999893],[-74.21776573299996,-15.661087982999902],[-74.2204971079999,-15.665923107999959],[-74.22334285799991,-15.674469982999938],[-74.22356410899994,-15.676805357999967],[-74.22032160899994,-15.681425107999871],[-74.21869660899989,-15.687263482999924],[-74.2199859829999,-15.690800607999961],[-74.22644035899998,-15.694505732999914],[-74.23261260899994,-15.696863232999931],[-74.23463435899998,-15.700624482999842],[-74.24013523399992,-15.705227858999876],[-74.24378960899998,-15.709774982999875],[-74.24718473399997,-15.712280232999944],[-74.25096898399988,-15.717753357999982],[-74.25447848299984,-15.720140482999966],[-74.25614160899994,-15.720078483999828],[-74.26024623399985,-15.722129858999892],[-74.26239010899997,-15.724600732999875],[-74.26309198399991,-15.727584858999876],[-74.26248173399989,-15.73061460799994],[-74.26280985799997,-15.735370607999982],[-74.26477048399988,-15.738447232999874],[-74.26388535799992,-15.745594982999933],[-74.2654189829999,-15.75025648299993],[-74.26561735799999,-15.755109733999916],[-74.26787573399997,-15.759043732999828],[-74.26879885899996,-15.764204857999914],[-74.2683258589999,-15.769278482999937],[-74.26933285899992,-15.773109482999928],[-74.27719873399997,-15.783070608999878],[-74.28005985899995,-15.780329732999974],[-74.28246310799989,-15.779344482999875],[-74.28741460899988,-15.779168108999954],[-74.29084010899999,-15.783922232999942],[-74.29433435899989,-15.786144232999902],[-74.29697423399995,-15.791626982999958],[-74.2956084839999,-15.796513732999927],[-74.29442598399993,-15.797626483999977],[-74.29429623399994,-15.800945232999936],[-74.29257198399984,-15.805468607999842],[-74.29290010899996,-15.808658607999973],[-74.28966523399993,-15.816681857999924],[-74.2907943589999,-15.820005358999936],[-74.29017635899993,-15.822869357999934],[-74.29108423299994,-15.825320232999957],[-74.29033660799996,-15.829617482999879],[-74.29273985899994,-15.83488660799992],[-74.29141985899997,-15.836939857999823],[-74.29443360799996,-15.839357357999916],[-74.29417423299998,-15.841213232999905],[-74.29898073399994,-15.841526982999937],[-74.30292510899989,-15.842820107999898],[-74.30464173299998,-15.846372607999854],[-74.30764010899992,-15.844439482999974],[-74.31030273399995,-15.846519483999941],[-74.31181335899998,-15.844881107999981],[-74.3114623589999,-15.840589482999974],[-74.31391148399996,-15.840208982999968],[-74.31676498399997,-15.843884482999954],[-74.31834410799996,-15.847546607999902],[-74.32144160899992,-15.849331857999914],[-74.32673648299988,-15.84973048299986],[-74.32790373399985,-15.84871673299989],[-74.32628635799995,-15.843753857999957],[-74.32762898399994,-15.842177357999901],[-74.3321533589999,-15.843131107999966],[-74.33376310899996,-15.845015482999827],[-74.33713535899994,-15.843099608999921],[-74.34214023399994,-15.842838232999895],[-74.3438109839999,-15.841730108999968],[-74.34584048399995,-15.843214983999871],[-74.3511276079999,-15.84198285799988],[-74.3566743579999,-15.837853482999833],[-74.36173248399984,-15.838441857999953],[-74.36316685899993,-15.831954983999935],[-74.36585235899992,-15.830634982999982],[-74.36900323399993,-15.831304608999858],[-74.37139885899984,-15.83437160799997],[-74.37409973399991,-15.835419607999881],[-74.37611385899987,-15.833680232999939],[-74.38298798399995,-15.832618732999947],[-74.38321698399994,-15.83104710799995],[-74.38739010899991,-15.827824607999958],[-74.38885498399998,-15.829367607999814],[-74.39330285899996,-15.829308482999977],[-74.39665985899995,-15.827271483999937],[-74.4003906079999,-15.82284548299998],[-74.40567773399994,-15.821382482999923],[-74.40922548399993,-15.81787873299993],[-74.4137346089999,-15.814337732999945],[-74.41671748399989,-15.813597732999938],[-74.42276760899989,-15.810781482999971],[-74.42266085899996,-15.808718732999978],[-74.42413335899994,-15.805527733999952],[-74.42815398399989,-15.80565648299995],[-74.43022923399991,-15.802495982999915],[-74.4372024839999,-15.797288857999945],[-74.43929285799993,-15.794560482999941],[-74.44216160899998,-15.785271607999846],[-74.4445953579999,-15.780910482999957],[-74.44628148399988,-15.775589982999918],[-74.44762423399999,-15.773372607999931],[-74.45140835899997,-15.770644233999974],[-74.45323948399988,-15.766385107999895],[-74.45016473299995,-15.763630858999932],[-74.44609073399994,-15.757998483999927],[-74.44394685899982,-15.758237857999916],[-74.44113923399993,-15.75533023399987],[-74.43537135899993,-15.754601483999977],[-74.43312073399994,-15.756669982999881],[-74.4281768589999,-15.75885585799989],[-74.42092898399994,-15.758358983999926],[-74.41636660799998,-15.751962607999928],[-74.40950010899985,-15.74948698399993],[-74.40609748399993,-15.752360357999976],[-74.40215298399988,-15.75382998299989],[-74.39881135899998,-15.752860982999948],[-74.39053348399995,-15.75238710799988],[-74.38914485899988,-15.74689860799998],[-74.38793948299991,-15.745282233999944],[-74.3827438589999,-15.74536985899988],[-74.37547298399994,-15.739523858999974],[-74.3756562339999,-15.736256607999906],[-74.37155898299994,-15.729904232999957],[-74.36769098399998,-15.728016857999933],[-74.36170960899989,-15.728109358999859],[-74.35968023299995,-15.725807982999868],[-74.3572922329999,-15.724933607999901],[-74.35530848399998,-15.72194098299991],[-74.35512548399993,-15.719916482999906],[-74.35078435799994,-15.712780982999902],[-74.35028073399991,-15.70915698399989],[-74.34886935899993,-15.706446607999908],[-74.34842685899991,-15.702028232999965],[-74.34646610899995,-15.697510732999945],[-74.34773248399995,-15.695420232999936],[-74.34864810899984,-15.691052482999908],[-74.35045623399998,-15.687186232999863],[-74.34851073399994,-15.686663607999947],[-74.3441543589999,-15.683354357999974],[-74.34477985899997,-15.678372357999876],[-74.34240723399995,-15.677087732999894],[-74.34117123399989,-15.67207235799998],[-74.33145123399999,-15.665101107999874],[-74.33125310799994,-15.659148232999826],[-74.32972723299997,-15.656466482999974],[-74.32699585899996,-15.654486607999957],[-74.3249664839999,-15.648708357999965],[-74.32180785799994,-15.646300357999849],[-74.3199921079999,-15.642501857999946],[-74.31779485899983,-15.640147232999936],[-74.31372835899998,-15.637257607999913],[-74.31260685899991,-15.632174482999972],[-74.31035610799995,-15.628804232999926],[-74.30500798399993,-15.623340607999978],[-74.29632573399994,-15.618902232999972],[-74.28429410899997,-15.616764982999882],[-74.28355410899985,-15.614792857999873],[-74.28348535899994,-15.609830857999953],[-74.28668973299995,-15.607898732999956],[-74.28699498399999,-15.602304483999887],[-74.28482060899984,-15.599845857999867],[-74.28250885799997,-15.593501982999953],[-74.28008273399996,-15.588463732999912],[-74.28313448299997,-15.585409107999965],[-74.28408048399996,-15.581966357999931],[-74.284225484,-15.577640482999868],[-74.28622435899996,-15.574220607999962],[-74.28647610899992,-15.571576232999917],[-74.28549960899988,-15.56859873299993],[-74.28641510899996,-15.563616732999947],[-74.28795623399992,-15.56314085899993],[-74.29102310799993,-15.56492810799989],[-74.29473110799995,-15.564331982999875],[-74.29602048399988,-15.560935982999979],[-74.29829410799988,-15.559195482999883],[-74.2997436089999,-15.556482357999926],[-74.30423735899996,-15.55510048399998],[-74.30503848399997,-15.55162910799993],[-74.30644223399992,-15.550738357999933],[-74.30445098399991,-15.543037357999935],[-74.3012389829999,-15.538062107999963],[-74.29885098399996,-15.535691232999966],[-74.29573823399988,-15.529954857999883],[-74.28640748399994,-15.523174232999907],[-74.28524785899992,-15.519959482999923],[-74.28659060899992,-15.515378982999948],[-74.28372198399995,-15.512668607999956],[-74.28334685799985,-15.50669835799988],[-74.28187235899998,-15.506049482999913],[-74.26995085899989,-15.505242357999919],[-74.26629635799986,-15.504643482999938],[-74.26329798299992,-15.501110107999978],[-74.26158423299995,-15.494230232999882],[-74.25983423399987,-15.492295232999936],[-74.25444035799995,-15.490282107999974],[-74.24858710799998,-15.485062107999909],[-74.24133298399994,-15.482697482999924],[-74.24117573399997,-15.481039107999948],[-74.24001310899996,-15.482542982999917],[-74.23296360799998,-15.486171732999878],[-74.22772985899996,-15.484564732999957],[-74.21396635899993,-15.485726357999965],[-74.20928198299993,-15.486833607999927],[-74.19985973399997,-15.490488107999965],[-74.19374085899994,-15.491660107999962]]]]},"properties":{"ubigeo":"040404","nombre":"ATIQUIPA"}},{"type":"Feature","geometry":{"type":"MultiPolygon","coordinates":[[[[-74.7350616089999,-15.122098982999887],[-74.73043073399998,-15.12165635699995],[-74.7260589839999,-15.12213610799995],[-74.72143560899991,-15.124651857999936],[-74.72017673399995,-15.127672232999885],[-74.72061923399997,-15.131007232999877],[-74.71860498399991,-15.135662982999975],[-74.71721648399989,-15.136418357999958],[-74.71712216699137,-15.138873694634583],[-74.71384254545319,-15.141698007116702],[-74.71856968266013,-15.145239504571464],[-74.72184067980385,-15.149014817673958],[-74.71953054766402,-15.152665364234451],[-74.71210920466649,-15.167387473558449],[-74.70736531360586,-15.175748821270417],[-74.70651034623972,-15.179754657269541],[-74.70420157919125,-15.18199081294631],[-74.70383292543647,-15.18529016597762],[-74.70030536998854,-15.191178061288667],[-74.69484111299232,-15.193409893630815],[-74.69532299109585,-15.195885419363833],[-74.69750275253324,-15.19918819095659],[-74.69774027061561,-15.202841892950062],[-74.70185634566184,-15.210154150252322],[-74.70622214173272,-15.212634767911936],[-74.71059093692321,-15.212993986108017],[-74.70743013707335,-15.216761128506846],[-74.70985465660215,-15.218885589564252],[-74.71276615751219,-15.219949987417749],[-74.71421691202625,-15.224194473303953],[-74.7132406434526,-15.228082310819389],[-74.70826074863442,-15.230550768138698],[-74.70959058392509,-15.234441569293665],[-74.70655392771948,-15.235969682108077],[-74.69306444756262,-15.247029607224874],[-74.6903872442885,-15.251574959028176],[-74.68916779073669,-15.255344487129321],[-74.68466692867202,-15.261584272834966],[-74.68187267793485,-15.262994529154582],[-74.6755487926938,-15.270292177284375],[-74.6762741300405,-15.272296678609223],[-74.67250296919963,-15.27724090098934],[-74.67067177235776,-15.283719964938882],[-74.66471710542578,-15.287246624815623],[-74.66301471434423,-15.28889396567206],[-74.65996477915911,-15.29796378370628],[-74.66055971613292,-15.305507064884182],[-74.65946349228756,-15.307626690655809],[-74.65582100152449,-15.307503264565014],[-74.65290452677561,-15.308912949735145],[-74.64986463036365,-15.31150089793897],[-74.64791611669261,-15.314915470353299],[-74.64802690274956,-15.321279509600686],[-74.64413574521348,-15.3244552756899],[-74.64425119850432,-15.32799093600056],[-74.64983031360686,-15.332124476338322],[-74.65285708910312,-15.33766811690083],[-74.655039915614,-15.339557087863682],[-74.65661333709232,-15.342812151676128],[-74.65538576060857,-15.350824000038301],[-74.65331803713212,-15.35270638090077],[-74.65294648259857,-15.357066216468525],[-74.65026846786702,-15.360715348483836],[-74.65074310068911,-15.36743347940751],[-74.64866746999797,-15.373911900984922],[-74.64841901455713,-15.377211273518583],[-74.6499899644308,-15.382045546012648],[-74.64900659033822,-15.388997068106335],[-74.65143324025007,-15.390650762411383],[-74.65227922977766,-15.393244755624494],[-74.65177197183544,-15.406089452601123],[-74.64921200580437,-15.411388606064804],[-74.6510287403591,-15.41469122040263],[-74.65077868446008,-15.418933368051057],[-74.64566263987325,-15.426938945835332],[-74.63836061322104,-15.434163043329931],[-74.63664982744746,-15.439816952213846],[-74.6351568477013,-15.44557164568289],[-74.63290398399994,-15.446304357999907],[-74.63318635899998,-15.447562232999928],[-74.6347884839999,-15.452929482999934],[-74.63615423399995,-15.459896107999896],[-74.6370086089999,-15.468406732999938],[-74.63610073399997,-15.475144357999966],[-74.63667298399997,-15.48056985799991],[-74.63803848399988,-15.484453357999882],[-74.63764173399983,-15.48679448299987],[-74.63752748399997,-15.48764985799994],[-74.63792423399991,-15.489078482999957],[-74.63844298399994,-15.49079135799991],[-74.63889310899998,-15.492197982999869],[-74.63768773399988,-15.502345982999941],[-74.63421648399992,-15.508101482999962],[-74.6331406089999,-15.51088048299988],[-74.63423160899993,-15.514226857999915],[-74.63198085899995,-15.515274982999927],[-74.6323472339999,-15.518124607999937],[-74.63473498399992,-15.52058585799989],[-74.63332360899994,-15.523463232999859],[-74.63496398399997,-15.529134732999978],[-74.63248448399997,-15.531166107999923],[-74.63430023399991,-15.534103357999868],[-74.63434598399988,-15.53914073299984],[-74.63603210899998,-15.540749607999885],[-74.63531498399993,-15.543408357999965],[-74.63668060899988,-15.546058607999953],[-74.63543698399991,-15.547054232999926],[-74.63500210899991,-15.547095357999865],[-74.63403323399996,-15.546847357999866],[-74.63050073399995,-15.54744910799991],[-74.6271099839999,-15.553309982999963],[-74.62695660899993,-15.555422982999914],[-74.63058798399999,-15.559743107999964],[-74.63032535899993,-15.56939223299986],[-74.63105010899994,-15.570269607999933],[-74.63272098399989,-15.570733982999968],[-74.63501735899985,-15.573074357999872],[-74.63465123399999,-15.580980357999977],[-74.63685610899995,-15.58560560799998],[-74.63679498399995,-15.591295232999983],[-74.63920598399994,-15.592431982999813],[-74.63834385899992,-15.596566107999934],[-74.63937373399995,-15.599288982999951],[-74.6386947339999,-15.602658232999943],[-74.63681035899998,-15.605146357999956],[-74.6372757339999,-15.60663510799992],[-74.6376953589999,-15.606376607999948],[-74.64002985899998,-15.606103857999926],[-74.64099123399996,-15.608978232999903],[-74.63967135899998,-15.615179982999848],[-74.63640585899998,-15.618763982999894],[-74.63652035899986,-15.62082573299989],[-74.63571160899988,-15.622545232999983],[-74.63552873399988,-15.628958732999934],[-74.63596348399994,-15.630533232999824],[-74.63396448399993,-15.637283357999934],[-74.63452910899997,-15.641461357999844],[-74.63490298399995,-15.644041107999954],[-74.63681035899998,-15.647689857999978],[-74.63819885899983,-15.64935973299987],[-74.64270785899987,-15.65063185799994],[-74.64488210899998,-15.65157710799997],[-74.64791873399997,-15.654499107999982],[-74.65197748399999,-15.656371232999902],[-74.66127773399995,-15.652835857999946],[-74.66787723399995,-15.649268982999956],[-74.67397310899986,-15.647244482999895],[-74.6825561089999,-15.642853732999868],[-74.68584435899993,-15.64249998299988],[-74.68650823399997,-15.637740107999889],[-74.68783573399998,-15.635757482999963],[-74.69721985899997,-15.629629107999904],[-74.70114898399999,-15.627677857999913],[-74.708053609,-15.623296732999961],[-74.71588135899998,-15.619431482999971],[-74.71865085899998,-15.617271482999797],[-74.72647098399989,-15.613478482999938],[-74.72850798399998,-15.61168585799976],[-74.73310085899993,-15.609638232999885],[-74.73596948399995,-15.607648857999948],[-74.7431029839999,-15.604432107999969],[-74.74967960899994,-15.60038085799988],[-74.76496885899996,-15.593509732999905],[-74.76657098399994,-15.592212732999883],[-74.77897635899996,-15.587089482999886],[-74.78565973399998,-15.583929982999962],[-74.79801935899997,-15.579152107999903],[-74.80162810899986,-15.578054482999903],[-74.80900573399992,-15.574769982999953],[-74.81184398399995,-15.5741663579999],[-74.82032773399993,-15.570767357999955],[-74.82783448399988,-15.568390732999887],[-74.82733923399991,-15.562431357999913],[-74.82817073399997,-15.560004232999916],[-74.82858273399995,-15.551694857999848],[-74.82773585899997,-15.549500482999917],[-74.82775873399999,-15.54540635799998],[-74.83031460899991,-15.543318732999921],[-74.83075710899993,-15.541068107999877],[-74.8296661089999,-15.538907982999945],[-74.83011623399995,-15.535972607999895],[-74.83261873399994,-15.530953357999977],[-74.83359523399992,-15.524667732999944],[-74.83308410899991,-15.522137607999866],[-74.83337398399993,-15.520714732999977],[-74.83435823399998,-15.518914232999975],[-74.83754748399991,-15.513211232999879],[-74.83836360899994,-15.510113732999855],[-74.84297185899993,-15.501777607999884],[-74.84470373399995,-15.500163982999936],[-74.84662623399987,-15.497947732999876],[-74.84847260899994,-15.493663732999892],[-74.85224148399993,-15.488070482999944],[-74.85299685899992,-15.485090232999937],[-74.8524932339999,-15.48366160799992],[-74.85270685899991,-15.481655107999927],[-74.85488885899997,-15.476934357999937],[-74.85853573399999,-15.4703807329999],[-74.86363223399997,-15.45518973299994],[-74.86420435899998,-15.452320107999924],[-74.86403660899998,-15.450448982999944],[-74.86197660899995,-15.44642735799988],[-74.86220548399996,-15.445375482999907],[-74.86398310899989,-15.442685107999978],[-74.86544035899993,-15.43766035799996],[-74.86756898399994,-15.424435607999897],[-74.86848448399991,-15.413171732999956],[-74.86956785899991,-15.411486607999905],[-74.87394710899997,-15.407605232999913],[-74.87651823399995,-15.404160482999941],[-74.87788385899995,-15.400472607999973],[-74.87757885899993,-15.391314482999917],[-74.87830348399984,-15.386774982999952],[-74.87989048399999,-15.381857857999876],[-74.87930298399993,-15.376539232999903],[-74.87974548399995,-15.373603857999854],[-74.88130185899996,-15.370544482999946],[-74.88681798399983,-15.358226732999924],[-74.88659673399991,-15.354618982999966],[-74.89038848399991,-15.343640357999902],[-74.89275360899995,-15.340361607999967],[-74.89533998399997,-15.33327573299988],[-74.89532485899997,-15.328111607999972],[-74.89667510899989,-15.32358735799994],[-74.89300535899991,-15.309924107999905],[-74.89314273399998,-15.304144857999916],[-74.89515685899994,-15.297775232999925],[-74.89488223399997,-15.29312323199997],[-74.89511873399988,-15.29083448199998],[-74.89535523399991,-15.289433482999925],[-74.89630885899987,-15.288068732999932],[-74.89639285899989,-15.285974482999904],[-74.89636235899997,-15.28472810799991],[-74.90123748399998,-15.274898482999902],[-74.90120698399994,-15.271240231999911],[-74.90143585899989,-15.26781460799998],[-74.90579223399999,-15.25967973299987],[-74.90777585899997,-15.254675857999928],[-74.90834810899997,-15.25084785799993],[-74.90808110899991,-15.24752335799991],[-74.9075088589999,-15.24411298299998],[-74.90566248399995,-15.239646857999958],[-74.90271760899998,-15.235526981999953],[-74.90057373399998,-15.230177857999934],[-74.90022273399995,-15.228003482999895],[-74.89776610899992,-15.224357607999934],[-74.89735423399992,-15.222954732999938],[-74.89685060899996,-15.220192857999962],[-74.8947678589999,-15.214978232999897],[-74.89416498399993,-15.212778982999907],[-74.89278410899993,-15.211406732999876],[-74.89139560899997,-15.209496482999953],[-74.8892288589999,-15.20333760799997],[-74.88835148399988,-15.197490732999825],[-74.88845823399998,-15.194562857999927],[-74.88692473399993,-15.185066232999873],[-74.88562010899994,-15.180345482999883],[-74.88513935899994,-15.178241732999936],[-74.88335423399997,-15.17440223199992],[-74.88030248399997,-15.169794982999917],[-74.8783646089999,-15.165316607999955],[-74.87682348399994,-15.163565607999942],[-74.87476348399997,-15.162678732999893],[-74.8725433589999,-15.160669357999836],[-74.87100223399995,-15.157693732999917],[-74.86758423399993,-15.155839856999933],[-74.86194610899992,-15.156571357999951],[-74.86038210899994,-15.158084856999949],[-74.8559646089999,-15.157171232999929],[-74.85520935899996,-15.153830482999922],[-74.85192873399984,-15.152220857999964],[-74.84909823399994,-15.150989482999876],[-74.84294885899999,-15.148446981999939],[-74.83599085899988,-15.145554482999955],[-74.82572935899998,-15.142872857999862],[-74.81591798399995,-15.139497732999928],[-74.80912023399998,-15.134987856999885],[-74.80746460899996,-15.134243982999976],[-74.79878235899997,-15.128134732999968],[-74.79589848399996,-15.12508773199994],[-74.78835598399996,-15.120134982999957],[-74.78618623399984,-15.116152732999979],[-74.7816162339999,-15.11075210699994],[-74.77848810899997,-15.10795873199993],[-74.77024835899988,-15.104885106999916],[-74.76490785899989,-15.102343606999966],[-74.76333623399995,-15.100216856999907],[-74.76229860899991,-15.098054857999898],[-74.76006310899999,-15.100881607999952],[-74.75871273399997,-15.104196607999882],[-74.7534942339999,-15.111746731999915],[-74.75159448399995,-15.114201607999917],[-74.74687198399994,-15.115674982999963],[-74.74544523399999,-15.116824107999832],[-74.74021148399993,-15.122299982999948],[-74.73940035899989,-15.123185607999915],[-74.7350616089999,-15.122098982999887]]]]},"properties":{"ubigeo":"040405","nombre":"BELLA UNION"}},{"type":"Feature","geometry":{"type":"MultiPolygon","coordinates":[[[[-73.27479548299993,-15.392953857999942],[-73.26756285799996,-15.398500482999964],[-73.26721948199997,-15.400507982999954],[-73.26285548299995,-15.40277198299998],[-73.26169585799988,-15.40449810799987],[-73.26023873299994,-15.4138354829999],[-73.25855260699996,-15.417698857999937],[-73.25205998299992,-15.425511357999824],[-73.2539443579999,-15.430999732999965],[-73.25019835799992,-15.434171732999971],[-73.24910735799989,-15.437412232999975],[-73.24732210799988,-15.43961523299987],[-73.24817660699989,-15.449628857999926],[-73.24506373299988,-15.453046857999936],[-73.24247735799997,-15.457355482999901],[-73.24205023299999,-15.461162607999881],[-73.2390976079999,-15.465132732999848],[-73.23682398199998,-15.467064857999901],[-73.23577123299992,-15.471569982999824],[-73.23342135799993,-15.474616982999976],[-73.22904973299995,-15.478789357999858],[-73.22520448299997,-15.481460607999963],[-73.22406010699996,-15.483322107999982],[-73.2240218579999,-15.486292857999956],[-73.21844485799994,-15.494196857999952],[-73.21851348199993,-15.497701607999943],[-73.21998598199991,-15.50001323299989],[-73.21501160799994,-15.504785482999978],[-73.20794673199998,-15.50969510799996],[-73.20541385699994,-15.51060385799991],[-73.20415498299997,-15.514759982999976],[-73.20372010799991,-15.51897435799998],[-73.20453648299997,-15.522476982999876],[-73.20629123299994,-15.5259799829999],[-73.20642848299985,-15.529499108999914],[-73.2103729829999,-15.536754607999853],[-73.21086123199996,-15.540823982999939],[-73.21221148199999,-15.543104357999937],[-73.21231073299998,-15.546031982999978],[-73.21744535799996,-15.551292357999955],[-73.21836848299995,-15.554010232999929],[-73.22235860799992,-15.561428107999973],[-73.22634123299997,-15.570303982999917],[-73.22582248299994,-15.574611607999884],[-73.22326660699991,-15.581780482999932],[-73.22035985799994,-15.58761785799993],[-73.21887973199995,-15.589288732999876],[-73.21856685799992,-15.59387210899996],[-73.22027585799992,-15.599888857999872],[-73.2221832329999,-15.602938607999874],[-73.22129060799995,-15.610500357999967],[-73.22001648299994,-15.614412232999939],[-73.22064210699995,-15.618634233999842],[-73.22054285699988,-15.623696357999904],[-73.21696473299994,-15.629751232999979],[-73.21646873299994,-15.634218232999899],[-73.2185592329999,-15.63898273299992],[-73.21730798199997,-15.646394732999909],[-73.22020723199995,-15.652008982999916],[-73.22180935799997,-15.656888107999976],[-73.22415160799989,-15.660789482999974],[-73.22499848199988,-15.663757357999884],[-73.22540285799994,-15.663985233999824],[-73.33582310799989,-15.664441107999949],[-73.44161985799997,-15.678244607999886],[-73.50126648299988,-15.73461148399997],[-73.50253298299987,-15.737337108999952],[-73.50527948299998,-15.737726232999933],[-73.50921635799995,-15.736702857999887],[-73.51439660799986,-15.741620982999962],[-73.52057648299996,-15.740564357999915],[-73.52522273299996,-15.742453607999835],[-73.52864835799988,-15.743029607999972],[-73.53147885799996,-15.744574608999926],[-73.5366744829999,-15.74403085799986],[-73.54297635799998,-15.747445108999898],[-73.54714960799993,-15.751041357999952],[-73.54972835799987,-15.75064085899993],[-73.55577848299998,-15.751712858999895],[-73.55445860799989,-15.74578285799987],[-73.55410760799998,-15.739763232999962],[-73.55276485799993,-15.735116982999955],[-73.55364223299995,-15.731736233999982],[-73.55799860799988,-15.728290607999952],[-73.55683135799995,-15.724529233999931],[-73.56040185799998,-15.723328607999974],[-73.56085210799989,-15.71994873299991],[-73.56238560799994,-15.717831607999813],[-73.56227110799989,-15.714515732999814],[-73.56436160799996,-15.711810107999952],[-73.56561273299991,-15.70594498399987],[-73.56530760799996,-15.702931357999944],[-73.56626123299992,-15.699609732999875],[-73.56985473299989,-15.696587607999959],[-73.57430273299985,-15.689922357999933],[-73.57652285799998,-15.684130607999975],[-73.57865910799995,-15.68058973299992],[-73.57968898299998,-15.676291482999943],[-73.58268735799993,-15.671453483999926],[-73.58576948299986,-15.66227148299987],[-73.58538060799992,-15.659107232999872],[-73.58618160799995,-15.652488733999917],[-73.58821110799983,-15.6494998579999],[-73.58863085799999,-15.645049107999967],[-73.58976748299989,-15.642638232999957],[-73.5956116079999,-15.63618185799993],[-73.59724423299991,-15.632952732999911],[-73.59812923299995,-15.624742482999977],[-73.60000610799989,-15.621726982999917],[-73.60278323299991,-15.619275107999954],[-73.60414885799992,-15.616207107999912],[-73.60935210799994,-15.61162085799998],[-73.61585235799998,-15.609273858999927],[-73.61877435799988,-15.605483983999875],[-73.62335973399996,-15.595300732999931],[-73.62443548299996,-15.586896857999932],[-73.62925723299998,-15.577972358999887],[-73.63242335799998,-15.574945483999898],[-73.63771823299987,-15.572439232999841],[-73.63927460799994,-15.570489857999917],[-73.63989260799991,-15.567332232999945],[-73.64170073299994,-15.564372983999874],[-73.64407348299989,-15.557976732999919],[-73.63965610799988,-15.555002232999925],[-73.63667298299998,-15.550221482999973],[-73.63439935799988,-15.547954607999884],[-73.64004498299994,-15.546004232999906],[-73.64178460899996,-15.544317232999958],[-73.64794923299996,-15.542261107999934],[-73.64832310799989,-15.539187357999879],[-73.64766698299997,-15.532207482999922],[-73.64997860799991,-15.526763857999924],[-73.65655510799996,-15.522570607999967],[-73.66140748299989,-15.517427482999949],[-73.66444398299996,-15.514935482999931],[-73.65760035799991,-15.510361732999968],[-73.65580748299993,-15.50680448299994],[-73.65284723299993,-15.504798857999901],[-73.64779660799985,-15.49516960799997],[-73.64533235799996,-15.492984732999957],[-73.64333348299994,-15.489941607999981],[-73.63668823299992,-15.486702857999944],[-73.63412473299991,-15.483096107999927],[-73.63053898299995,-15.481344232999959],[-73.63013448299995,-15.476138982999942],[-73.62852473299984,-15.471281107999971],[-73.62660223299991,-15.469618857999933],[-73.62410735799989,-15.464552857999934],[-73.61982723299997,-15.460665732999814],[-73.62002560799993,-15.456155732999946],[-73.62218473299998,-15.450974482999982],[-73.62230685799989,-15.445445107999888],[-73.6217041079999,-15.44359585799998],[-73.61824798299995,-15.439447357999939],[-73.61729435899991,-15.434471107999968],[-73.61717223299996,-15.429499607999958],[-73.61788173299993,-15.427066857999932],[-73.62351223399997,-15.421111107999877],[-73.61286160799989,-15.419228607999912],[-73.61051923299988,-15.418231982999885],[-73.60614010799992,-15.414304607999895],[-73.59972385799989,-15.407066357999838],[-73.59613035799993,-15.40459435799994],[-73.59291073299983,-15.403620607999926],[-73.58769985799995,-15.40482048299998],[-73.58253473299999,-15.404878607999933],[-73.57841485799992,-15.40679360799993],[-73.57214360799998,-15.406967107999947],[-73.55740360799996,-15.408611482999959],[-73.5499114829999,-15.405755982999949],[-73.53663635799995,-15.397923482999886],[-73.53539285799997,-15.39598373299998],[-73.52957148299998,-15.392054607999967],[-73.51669310799997,-15.387542732999862],[-73.51385498299999,-15.387033482999982],[-73.50344848299994,-15.383031857999924],[-73.49559023299997,-15.382667482999977],[-73.48940273299996,-15.381867357999965],[-73.48588560799993,-15.380193732999942],[-73.47811123299988,-15.379620607999925],[-73.47186273299997,-15.374087357999883],[-73.46137235799995,-15.36888885799982],[-73.45661160799995,-15.364637357999925],[-73.45118710799983,-15.362289482999927],[-73.44697585799997,-15.35798260799993],[-73.44110210799994,-15.355723732999877],[-73.43765260799995,-15.356315607999932],[-73.43452435799986,-15.35936073299996],[-73.43155673299998,-15.35936073299996],[-73.42814635799988,-15.361385357999893],[-73.4267272329999,-15.364422857999955],[-73.42776485699994,-15.368265107999889],[-73.43093110799998,-15.371270232999962],[-73.43218998299989,-15.373642982999968],[-73.43093110799998,-15.378335982999886],[-73.42760473299995,-15.377808607999953],[-73.4211197329999,-15.380023982999944],[-73.41795348299996,-15.378758482999956],[-73.41744235799996,-15.37609860799995],[-73.40976710799993,-15.382842982999932],[-73.40331273299995,-15.391476607999834],[-73.39524073299998,-15.395891232999872],[-73.39216610799997,-15.398736982999878],[-73.38821410799983,-15.398969607999959],[-73.38176723299995,-15.393799732999923],[-73.37596135799998,-15.39185423299989],[-73.36727910799993,-15.387554107999904],[-73.36105348299998,-15.387922357999912],[-73.35675810799995,-15.389636982999946],[-73.35076898299991,-15.39311885799998],[-73.34748835799991,-15.394449107999947],[-73.34395598299994,-15.397418982999966],[-73.34072873299988,-15.402128107999886],[-73.33628085799995,-15.405148482999948],[-73.33044435799991,-15.402588857999888],[-73.32547760799986,-15.402486857999975],[-73.32092285699991,-15.401001982999958],[-73.31264498299998,-15.4000511079999],[-73.30661010799997,-15.395514482999886],[-73.30234523299998,-15.394718107999893],[-73.29803460799991,-15.39289185799987],[-73.29452510799996,-15.392330107999953],[-73.29026035699997,-15.393454607999956],[-73.28759760799994,-15.395889232999878],[-73.28370660799987,-15.395982732999983],[-73.27841185799991,-15.39504610799986],[-73.27479548299993,-15.392953857999942]]]]},"properties":{"ubigeo":"040406","nombre":"CAHUACHO"}},{"type":"Feature","geometry":{"type":"MultiPolygon","coordinates":[[[[-74.05763248299996,-15.669566108999902],[-74.05896760799993,-15.673712732999888],[-74.06182098399995,-15.676213232999942],[-74.06404873399998,-15.680184357999963],[-74.06460573399988,-15.686252607999961],[-74.0666732339999,-15.688862857999936],[-74.06900023399987,-15.689524607999886],[-74.06990810799994,-15.693104732999927],[-74.07159423299998,-15.695450733999962],[-74.07241823399988,-15.699113857999976],[-74.07212823399993,-15.702446982999902],[-74.07499685799996,-15.708440733999964],[-74.07407373399997,-15.710447358999886],[-74.07543185799983,-15.717064858999947],[-74.07645410799995,-15.719045607999874],[-74.08092510899996,-15.72097010799996],[-74.08132173299998,-15.723800607999863],[-74.08488460899991,-15.726913482999919],[-74.08516698299991,-15.731003732999966],[-74.08737948399994,-15.735745482999903],[-74.08699035899997,-15.738084732999937],[-74.08997348399998,-15.741961607999883],[-74.09075923399996,-15.747693108999897],[-74.09421548399996,-15.750846858999978],[-74.09777073399994,-15.751948482999921],[-74.10057073399997,-15.755803107999839],[-74.10152435899994,-15.762010607999969],[-74.10066985799983,-15.764062857999875],[-74.10177623399989,-15.7659159829999],[-74.10607910899995,-15.76781748299993],[-74.11013798299996,-15.773674858999982],[-74.11113735899994,-15.77642823299982],[-74.11639398299985,-15.783786732999886],[-74.11724085799995,-15.787091233999945],[-74.11489110799994,-15.788843107999924],[-74.11479185899998,-15.791046108999979],[-74.11716460899993,-15.795157482999969],[-74.1168518589999,-15.79959960799988],[-74.11485285799995,-15.806233358999975],[-74.12503810899989,-15.812622982999926],[-74.12727360899993,-15.815319982999938],[-74.12806698399987,-15.820396482999968],[-74.13143923399991,-15.828045857999939],[-74.1333466079999,-15.830504357999814],[-74.13877110899995,-15.833281607999936],[-74.14144135899988,-15.836404732999938],[-74.14642335899998,-15.838325483999881],[-74.14984148399992,-15.84138485799997],[-74.1569518579999,-15.842664732999935],[-74.15944673299992,-15.841882732999977],[-74.1620788589999,-15.842522607999967],[-74.16503148299995,-15.844720982999888],[-74.17213435899998,-15.844441357999926],[-74.17588048299996,-15.845470482999815],[-74.17833710899998,-15.844793358999937],[-74.18112185799998,-15.846388858999944],[-74.18254085899991,-15.843611733999921],[-74.18634798399995,-15.840564732999894],[-74.18782048399993,-15.837851482999952],[-74.19083398299995,-15.837337482999942],[-74.19194798299986,-15.839672107999945],[-74.19120785899997,-15.844627357999968],[-74.19214635899993,-15.850740483999914],[-74.19488523299998,-15.859587608999902],[-74.19876860899996,-15.868322357999944],[-74.20156098299998,-15.873648608999815],[-74.20452123299992,-15.876563983999972],[-74.20473485899993,-15.88191610799987],[-74.20961760799997,-15.887920358999907],[-74.21221923299998,-15.88737873399998],[-74.21327973299998,-15.885316857999953],[-74.22129060899994,-15.884558732999949],[-74.22287748399998,-15.883064233999846],[-74.22684473399994,-15.88221460899996],[-74.2306593589999,-15.880212732999894],[-74.23766310899993,-15.879550983999934],[-74.23957060899994,-15.877851483999905],[-74.24159998399989,-15.878699357999892],[-74.2475738579999,-15.874763607999967],[-74.24893948399995,-15.87071898299996],[-74.25047298399988,-15.868939357999977],[-74.2484131089999,-15.8624858579999],[-74.24989323399996,-15.858122858999934],[-74.25267785899996,-15.854230983999912],[-74.2564544839999,-15.851452857999902],[-74.26338960899994,-15.848280857999896],[-74.27519985899988,-15.840464607999877],[-74.27900698399992,-15.83881860799994],[-74.2855224839999,-15.837101857999926],[-74.29141985899997,-15.836939857999823],[-74.29273985899994,-15.83488660799992],[-74.29033660799996,-15.829617482999879],[-74.29108423299994,-15.825320232999957],[-74.29017635899993,-15.822869357999934],[-74.2907943589999,-15.820005358999936],[-74.28966523399993,-15.816681857999924],[-74.29290010899996,-15.808658607999973],[-74.29257198399984,-15.805468607999842],[-74.29429623399994,-15.800945232999936],[-74.29442598399993,-15.797626483999977],[-74.2956084839999,-15.796513732999927],[-74.29697423399995,-15.791626982999958],[-74.29433435899989,-15.786144232999902],[-74.29084010899999,-15.783922232999942],[-74.28741460899988,-15.779168108999954],[-74.28246310799989,-15.779344482999875],[-74.28005985899995,-15.780329732999974],[-74.27719873399997,-15.783070608999878],[-74.26933285899992,-15.773109482999928],[-74.2683258589999,-15.769278482999937],[-74.26879885899996,-15.764204857999914],[-74.26787573399997,-15.759043732999828],[-74.26561735799999,-15.755109733999916],[-74.2654189829999,-15.75025648299993],[-74.26388535799992,-15.745594982999933],[-74.26477048399988,-15.738447232999874],[-74.26280985799997,-15.735370607999982],[-74.26248173399989,-15.73061460799994],[-74.26309198399991,-15.727584858999876],[-74.26239010899997,-15.724600732999875],[-74.26024623399985,-15.722129858999892],[-74.25614160899994,-15.720078483999828],[-74.25447848299984,-15.720140482999966],[-74.25096898399988,-15.717753357999982],[-74.24718473399997,-15.712280232999944],[-74.24378960899998,-15.709774982999875],[-74.24013523399992,-15.705227858999876],[-74.23463435899998,-15.700624482999842],[-74.23261260899994,-15.696863232999931],[-74.22644035899998,-15.694505732999914],[-74.2199859829999,-15.690800607999961],[-74.21869660899989,-15.687263482999924],[-74.22032160899994,-15.681425107999871],[-74.22356410899994,-15.676805357999967],[-74.22334285799991,-15.674469982999938],[-74.2204971079999,-15.665923107999959],[-74.21776573299996,-15.661087982999902],[-74.21267698299994,-15.661520982999946],[-74.20607760899992,-15.662966732999905],[-74.20036310899997,-15.664982732999931],[-74.19358823399995,-15.67432023299989],[-74.19051360899994,-15.67520898299989],[-74.18579860899996,-15.674838107999847],[-74.18301385899997,-15.677392982999947],[-74.17793273299992,-15.674476608999953],[-74.17367548399994,-15.674301107999895],[-74.16943360899995,-15.680298857999958],[-74.16275785799996,-15.686171482999839],[-74.16202548399997,-15.68805223299995],[-74.15587610799997,-15.690002482999887],[-74.15328973299995,-15.689905107999948],[-74.14851373299985,-15.693221108999921],[-74.14665998299995,-15.697121607999975],[-74.14353948399992,-15.701364482999963],[-74.14090723399994,-15.702206607999926],[-74.1395263579999,-15.70017435799997],[-74.13674923399998,-15.69939798299987],[-74.13159948299995,-15.700169607999953],[-74.12989048299994,-15.70165448399996],[-74.12296298299998,-15.702148482999974],[-74.12058260899994,-15.70408248299998],[-74.11572260899999,-15.704936858999929],[-74.10807798399992,-15.699405732999878],[-74.10762785899993,-15.695852232999869],[-74.10214235899997,-15.69103998299994],[-74.09858698299996,-15.688970607999977],[-74.09413910899991,-15.685462982999923],[-74.09373473299996,-15.6818132329999],[-74.09070585899997,-15.683584232999976],[-74.08615873399998,-15.68309310899997],[-74.08178710899995,-15.681002482999872],[-74.07937623399994,-15.676692982999953],[-74.07745360899997,-15.67524248399991],[-74.07389073399986,-15.676287607999939],[-74.06829073399996,-15.674301107999895],[-74.06428523399984,-15.67391398299992],[-74.05763248299996,-15.669566108999902]]]]},"properties":{"ubigeo":"040407","nombre":"CHALA"}},{"type":"Feature","geometry":{"type":"MultiPolygon","coordinates":[[[[-73.71214310799996,-15.783922232999942],[-73.71960448299996,-15.782726232999892],[-73.72354123299982,-15.78474423299997],[-73.72473148399996,-15.786353107999958],[-73.72496798299994,-15.791533482999967],[-73.72163385899984,-15.796238857999981],[-73.72014623299992,-15.799990608999906],[-73.72074123399995,-15.802074482999956],[-73.72328185799995,-15.80452248399996],[-73.7279511079999,-15.803876858999956],[-73.73148348299998,-15.8049402339999],[-73.73687748299989,-15.805244482999967],[-73.73942560799986,-15.804256482999904],[-73.73979935899996,-15.800876607999953],[-73.74269860799996,-15.79783248299998],[-73.74578860799983,-15.797782857999948],[-73.74862673399991,-15.795841233999965],[-73.75778198299997,-15.79395010899998],[-73.7602233579999,-15.794547107999904],[-73.76714323299996,-15.794248607999975],[-73.77454373299997,-15.803886357999943],[-73.77545173399994,-15.806500608999954],[-73.77956385899995,-15.81004623299998],[-73.78298185799991,-15.816330982999943],[-73.78739923299986,-15.816828733999898],[-73.79038998399994,-15.81937985899998],[-73.79038998399994,-15.823050482999918],[-73.78920748399997,-15.83008098299996],[-73.78982548399995,-15.831512483999916],[-73.79443360899995,-15.832197233999977],[-73.79965210799998,-15.835419608999871],[-73.80418398299997,-15.842791483999918],[-73.80476373299996,-15.846875232999935],[-73.80202485799992,-15.854290858999889],[-73.80196385799997,-15.85883335799997],[-73.80317685799997,-15.861934607999956],[-73.80150598299997,-15.86592573299987],[-73.80096435799993,-15.87267573399987],[-73.80438235799994,-15.877346982999939],[-73.80888360799997,-15.88133435899988],[-73.81102748399996,-15.884655983999835],[-73.81240848299996,-15.89032935899985],[-73.81291960899995,-15.89855860799986],[-73.81562810799988,-15.901727733999962],[-73.81808473299992,-15.908832607999955],[-73.81900023399999,-15.913944232999938],[-73.82336423299995,-15.91782860799998],[-73.82426448299992,-15.919715857999904],[-73.82399735899992,-15.923894857999926],[-73.8284913579999,-15.928612733999898],[-73.83089448299995,-15.933889358999977],[-73.8313674829999,-15.93949985799992],[-73.84091185799986,-15.960806857999955],[-73.84238435799983,-15.96481423299997],[-73.84571073299998,-15.976206732999856],[-73.84803773299996,-15.979550358999916],[-73.85282135799997,-15.98458385899994],[-73.85413360899986,-15.986749607999968],[-73.86228185899984,-15.993712483999957],[-73.86837010899995,-15.999958982999942],[-73.88163760799995,-16.018348732999982],[-73.88353723299991,-16.029029858999934],[-73.87934110899994,-16.032808358999887],[-73.87953185899988,-16.036163358999943],[-73.88293460799997,-16.039903608999964],[-73.88033298399989,-16.041635483999983],[-73.87632748299995,-16.04802323299998],[-73.87611385799988,-16.050405483999896],[-73.87757110899992,-16.054357482999876],[-73.87416073299994,-16.062152857999934],[-73.87459560899993,-16.06675535799991],[-73.87599948299999,-16.068433733999882],[-73.8791961089999,-16.06697085899998],[-73.88488010799989,-16.066646608999974],[-73.89078523299992,-16.075904857999944],[-73.8935471079999,-16.081047107999893],[-73.89846798299999,-16.094852483999944],[-73.89987948299989,-16.100482982999893],[-73.90166473399984,-16.10357660899996],[-73.90413648299989,-16.10108373399987],[-73.91805273299997,-16.09523960799993],[-73.92401123399998,-16.092132607999815],[-73.92509460799988,-16.090297733999876],[-73.92998510799998,-16.08670423399991],[-73.93098448299997,-16.08507923399992],[-73.93427273299989,-16.08501248399989],[-73.94164273399997,-16.081010858999946],[-73.95123285899996,-16.074035607999917],[-73.95359798399988,-16.07401085899994],[-73.95365910899989,-16.070825607999893],[-73.95594023299998,-16.068269732999966],[-73.95942685899996,-16.060607857999912],[-73.96890260799995,-16.056064608999975],[-73.97116848299999,-16.054376607999927],[-73.97435760799982,-16.05381010899987],[-73.97513585799999,-16.05252460899993],[-73.97946160799995,-16.052816358999905],[-73.97956848399991,-16.046913107999956],[-73.98994448399992,-16.039014858999963],[-73.99366760799995,-16.038700107999944],[-73.99840548299994,-16.04224973299995],[-73.99999998299995,-16.039255107999963],[-74.00373073399993,-16.038305358999878],[-74.00748448399992,-16.03382485899988],[-74.01190185899992,-16.03384023399991],[-74.01625060799995,-16.036634482999943],[-74.01828760799998,-16.03639985799998],[-74.01860048299994,-16.031631482999956],[-74.02046198399995,-16.025798858999906],[-74.02469635799991,-16.024972858999945],[-74.02656560899987,-16.020210233999876],[-74.02835085899994,-16.019042983999952],[-74.03308110799992,-16.018058732999975],[-74.03314210899998,-16.013154982999936],[-74.03204348299994,-16.011510857999895],[-74.03237148399984,-16.008771857999932],[-74.02584835799996,-16.000545483999872],[-74.02626035799994,-15.999316233999878],[-74.02483373299992,-15.994447732999845],[-74.0282363579999,-15.987332358999879],[-74.03115848399995,-15.983027483999933],[-74.03649135899991,-15.972963358999891],[-74.04029860799989,-15.969668357999922],[-74.04227448399996,-15.969068608999976],[-74.04249573299995,-15.964167608999901],[-74.04871373299994,-15.958597232999978],[-74.05445098299998,-15.954523108999865],[-74.06450648299995,-15.9491272329999],[-74.07152560799983,-15.945857108999974],[-74.07795710799996,-15.943310732999919],[-74.08216098399998,-15.940511733999813],[-74.09003448399994,-15.936583483999925],[-74.10111998399987,-15.93157573399992],[-74.11164860799988,-15.927499733999923],[-74.11962123399996,-15.924103732999981],[-74.12339785899991,-15.92297460799989],[-74.12532048299983,-15.921189357999879],[-74.13233185799999,-15.917415607999942],[-74.13622285799994,-15.91613860799987],[-74.14588923399992,-15.911332107999897],[-74.15243535899987,-15.908650358999978],[-74.15578460899997,-15.90644548399996],[-74.15791323399998,-15.906806983999957],[-74.15933985899994,-15.904658358999882],[-74.16290285899998,-15.904177607999884],[-74.16719073299993,-15.900853107999978],[-74.1749496079999,-15.898174233999953],[-74.17530060899992,-15.896920233999936],[-74.18159485899997,-15.895345733999932],[-74.18393710899988,-15.893560358999935],[-74.18883510799998,-15.892492233999917],[-74.19567110899999,-15.892527608999899],[-74.19874585899993,-15.890937857999916],[-74.20195010899994,-15.891383232999829],[-74.2032776079999,-15.889638857999898],[-74.20650498299995,-15.890751857999874],[-74.20961760799997,-15.887920358999907],[-74.20473485899993,-15.88191610799987],[-74.20452123299992,-15.876563983999972],[-74.20156098299998,-15.873648608999815],[-74.19876860899996,-15.868322357999944],[-74.19488523299998,-15.859587608999902],[-74.19214635899993,-15.850740483999914],[-74.19120785899997,-15.844627357999968],[-74.19194798299986,-15.839672107999945],[-74.19083398299995,-15.837337482999942],[-74.18782048399993,-15.837851482999952],[-74.18634798399995,-15.840564732999894],[-74.18254085899991,-15.843611733999921],[-74.18112185799998,-15.846388858999944],[-74.17833710899998,-15.844793358999937],[-74.17588048299996,-15.845470482999815],[-74.17213435899998,-15.844441357999926],[-74.16503148299995,-15.844720982999888],[-74.1620788589999,-15.842522607999967],[-74.15944673299992,-15.841882732999977],[-74.1569518579999,-15.842664732999935],[-74.14984148399992,-15.84138485799997],[-74.14642335899998,-15.838325483999881],[-74.14144135899988,-15.836404732999938],[-74.13877110899995,-15.833281607999936],[-74.1333466079999,-15.830504357999814],[-74.13143923399991,-15.828045857999939],[-74.12806698399987,-15.820396482999968],[-74.12727360899993,-15.815319982999938],[-74.12503810899989,-15.812622982999926],[-74.11485285799995,-15.806233358999975],[-74.1168518589999,-15.79959960799988],[-74.11716460899993,-15.795157482999969],[-74.11479185899998,-15.791046108999979],[-74.11489110799994,-15.788843107999924],[-74.11724085799995,-15.787091233999945],[-74.11639398299985,-15.783786732999886],[-74.11113735899994,-15.77642823299982],[-74.11013798299996,-15.773674858999982],[-74.10607910899995,-15.76781748299993],[-74.10177623399989,-15.7659159829999],[-74.10066985799983,-15.764062857999875],[-74.10152435899994,-15.762010607999969],[-74.10057073399997,-15.755803107999839],[-74.09777073399994,-15.751948482999921],[-74.09421548399996,-15.750846858999978],[-74.09075923399996,-15.747693108999897],[-74.08997348399998,-15.741961607999883],[-74.08699035899997,-15.738084732999937],[-74.08737948399994,-15.735745482999903],[-74.08516698299991,-15.731003732999966],[-74.08488460899991,-15.726913482999919],[-74.08132173299998,-15.723800607999863],[-74.08092510899996,-15.72097010799996],[-74.07645410799995,-15.719045607999874],[-74.07543185799983,-15.717064858999947],[-74.07407373399997,-15.710447358999886],[-74.07499685799996,-15.708440733999964],[-74.07212823399993,-15.702446982999902],[-74.07241823399988,-15.699113857999976],[-74.07159423299998,-15.695450733999962],[-74.06990810799994,-15.693104732999927],[-74.06900023399987,-15.689524607999886],[-74.0666732339999,-15.688862857999936],[-74.06460573399988,-15.686252607999961],[-74.06404873399998,-15.680184357999963],[-74.06182098399995,-15.676213232999942],[-74.05896760799993,-15.673712732999888],[-74.05763248299996,-15.669566108999902],[-74.05811310899992,-15.667434732999936],[-74.05585498299996,-15.665555982999933],[-74.04859923299995,-15.663582857999927],[-74.04522710899994,-15.659992232999912],[-74.04235073399997,-15.65934948399996],[-74.04087060799998,-15.657116857999881],[-74.04099273299994,-15.65337185899989],[-74.03879548399988,-15.64990523299997],[-74.03588098399996,-15.64765260799993],[-74.0322189829999,-15.646919232999892],[-74.02725985899991,-15.648175107999975],[-74.02385710799996,-15.647740357999965],[-74.01255035799994,-15.643548982999903],[-74.00598148299997,-15.641571982999949],[-74.00250248299989,-15.642085982999845],[-73.99829098299995,-15.641406107999899],[-73.99481948299996,-15.64249423299998],[-73.99105073399988,-15.640317732999904],[-73.98816685799994,-15.640346482999973],[-73.98159023399995,-15.637588482999945],[-73.9734421089999,-15.63298223299995],[-73.96759798299996,-15.632471107999947],[-73.96078485899989,-15.629676857999925],[-73.95527648399997,-15.629991482999856],[-73.94886023399994,-15.62664510799982],[-73.94641873299997,-15.624716732999957],[-73.94570923299989,-15.622629983999957],[-73.94208523399988,-15.621252107999908],[-73.93681335799988,-15.616685857999926],[-73.93196873299996,-15.610269607999896],[-73.93264010899998,-15.60463998299997],[-73.92937473299992,-15.602042232999963],[-73.92646023299989,-15.601648357999977],[-73.91992185899983,-15.603381107999894],[-73.91697698399997,-15.602750732999937],[-73.91358948399989,-15.603971482999896],[-73.90673823299994,-15.602711732999921],[-73.90130610799991,-15.600073857999973],[-73.89634710799993,-15.595625857999948],[-73.89303585799996,-15.59393310799993],[-73.88880923299996,-15.587775232999888],[-73.88216398299988,-15.587310732999981],[-73.87793735899993,-15.587900107999928],[-73.87243648299989,-15.582953482999926],[-73.87187960799992,-15.578433982999968],[-73.87001035799989,-15.575065607999875],[-73.87213898299996,-15.573060982999948],[-73.87158198299988,-15.56990623299987],[-73.86979660799994,-15.56747535799991],[-73.86843110799998,-15.561463357999855],[-73.8651047329999,-15.558904732999963],[-73.86028285899988,-15.560652732999927],[-73.85585023299996,-15.560396982999976],[-73.8504104839999,-15.557517982999968],[-73.84700773299994,-15.559409107999954],[-73.84526823299996,-15.563302982999915],[-73.84220885799988,-15.564669607999917],[-73.84137723299989,-15.566575107999938],[-73.84224698399993,-15.570260982999912],[-73.84634398299988,-15.576184232999879],[-73.84607698299999,-15.579151107999962],[-73.84338373299994,-15.582879107999872],[-73.84405523299995,-15.58759135799994],[-73.84622960799993,-15.590283357999851],[-73.84488685899993,-15.598101607999979],[-73.84245298299999,-15.603123607999976],[-73.84260560799993,-15.604418732999932],[-73.84980773399997,-15.609181232999902],[-73.85018160899989,-15.617099732999975],[-73.85132598399997,-15.620479608999915],[-73.8522643579999,-15.626209233999816],[-73.85077673299992,-15.631436358999963],[-73.85099798299996,-15.636725482999964],[-73.85375210799998,-15.64370435799998],[-73.85469823299997,-15.650164482999912],[-73.85688023299991,-15.655055982999954],[-73.85883335799997,-15.657590857999935],[-73.8592834829999,-15.660355607999975],[-73.86165623299985,-15.664077732999942],[-73.86190035899989,-15.668828982999855],[-73.86058810799994,-15.670848857999886],[-73.85722348399997,-15.673264483999958],[-73.85591885799994,-15.675917607999907],[-73.85366823399988,-15.676226732999964],[-73.85053248299988,-15.673755607999965],[-73.84276585799995,-15.673402732999932],[-73.83667760799989,-15.675780357999827],[-73.83393860899992,-15.678926482999884],[-73.82728573399999,-15.682897607999848],[-73.82312773299992,-15.688684482999918],[-73.81932073299998,-15.688486108999939],[-73.8117447329999,-15.686327982999899],[-73.80650335799993,-15.683815982999874],[-73.80159760799995,-15.683461233999935],[-73.79764560799998,-15.682212857999957],[-73.79419710799993,-15.682388358999901],[-73.79188523299996,-15.683529858999918],[-73.78443910899989,-15.689351107999926],[-73.78080748399998,-15.689571358999956],[-73.7743682339999,-15.689094482999906],[-73.76704410799994,-15.690074857999946],[-73.76450348399993,-15.6932678579999],[-73.74168398299992,-15.668232857999897],[-73.73957060799995,-15.67098048299988],[-73.73971560799998,-15.674915357999907],[-73.73871610899994,-15.679116232999945],[-73.73471073299993,-15.685557357999926],[-73.7347564829999,-15.691040982999937],[-73.73373410799996,-15.698957482999845],[-73.7343444839999,-15.70392123299996],[-73.73712923399995,-15.707500482999876],[-73.7364654829999,-15.710647607999931],[-73.73340610799988,-15.712951607999969],[-73.73168185899988,-15.715300732999935],[-73.73039248299995,-15.719687482999973],[-73.7330703579999,-15.723270357999866],[-73.73462660799999,-15.727357857999948],[-73.7344742329999,-15.735068357999921],[-73.73329923299991,-15.738472982999895],[-73.72789760799992,-15.749358232999953],[-73.72041323299999,-15.753578232999871],[-73.71127323299993,-15.760207233999893],[-73.71007523299994,-15.762005858999942],[-73.70927423299992,-15.768664358999956],[-73.70960235799998,-15.775523232999888],[-73.71141810799986,-15.778778983999814],[-73.71214310799996,-15.783922232999942]]]]},"properties":{"ubigeo":"040408","nombre":"CHAPARRA"}},{"type":"Feature","geometry":{"type":"MultiPolygon","coordinates":[[[[-73.8765563579999,-15.43915285799983],[-73.87652585799987,-15.44270798299982],[-73.87322998399992,-15.447192232999953],[-73.87131498299993,-15.448198357999956],[-73.86545560799988,-15.448839232999944],[-73.86225123299994,-15.45011998299998],[-73.86046598399997,-15.453734357999963],[-73.86106110799989,-15.457531982999967],[-73.86037448299993,-15.461379982999915],[-73.85845185799991,-15.462981232999823],[-73.85740660799996,-15.466915107999966],[-73.85749810799996,-15.471124607999911],[-73.85589598399991,-15.473732982999934],[-73.85562135899994,-15.476752232999957],[-73.85406498299994,-15.48247148299987],[-73.85498048299996,-15.493452107999872],[-73.85585023299996,-15.496883357999934],[-73.85568998399992,-15.500192607999907],[-73.85455323299993,-15.502813357999969],[-73.84805298399988,-15.506745357999932],[-73.84577935899989,-15.512671482999906],[-73.84714510799984,-15.51722998299988],[-73.84788510799996,-15.524295857999903],[-73.84908298299996,-15.527565982999931],[-73.8491211089999,-15.53050135799998],[-73.85123448399997,-15.533748607999826],[-73.84934998299991,-15.539971357999889],[-73.85052485799997,-15.542749482999909],[-73.8514709829999,-15.549877107999976],[-73.84988398399997,-15.555622107999966],[-73.8504104839999,-15.557517982999968],[-73.85585023299996,-15.560396982999976],[-73.86028285899988,-15.560652732999927],[-73.8651047329999,-15.558904732999963],[-73.86843110799998,-15.561463357999855],[-73.86979660799994,-15.56747535799991],[-73.87158198299988,-15.56990623299987],[-73.87213898299996,-15.573060982999948],[-73.87001035799989,-15.575065607999875],[-73.87187960799992,-15.578433982999968],[-73.87243648299989,-15.582953482999926],[-73.87793735899993,-15.587900107999928],[-73.88216398299988,-15.587310732999981],[-73.88880923299996,-15.587775232999888],[-73.89303585799996,-15.59393310799993],[-73.89634710799993,-15.595625857999948],[-73.90130610799991,-15.600073857999973],[-73.90673823299994,-15.602711732999921],[-73.91358948399989,-15.603971482999896],[-73.91697698399997,-15.602750732999937],[-73.91992185899983,-15.603381107999894],[-73.92646023299989,-15.601648357999977],[-73.92937473299992,-15.602042232999963],[-73.93264010899998,-15.60463998299997],[-73.93196873299996,-15.610269607999896],[-73.93681335799988,-15.616685857999926],[-73.94208523399988,-15.621252107999908],[-73.94570923299989,-15.622629983999957],[-73.94641873299997,-15.624716732999957],[-73.94886023399994,-15.62664510799982],[-73.95527648399997,-15.629991482999856],[-73.96078485899989,-15.629676857999925],[-73.96759798299996,-15.632471107999947],[-73.9734421089999,-15.63298223299995],[-73.98159023399995,-15.637588482999945],[-73.98816685799994,-15.640346482999973],[-73.99105073399988,-15.640317732999904],[-73.99481948299996,-15.64249423299998],[-73.99829098299995,-15.641406107999899],[-74.00250248299989,-15.642085982999845],[-74.00598148299997,-15.641571982999949],[-74.01255035799994,-15.643548982999903],[-74.02385710799996,-15.647740357999965],[-74.02725985899991,-15.648175107999975],[-74.0322189829999,-15.646919232999892],[-74.03588098399996,-15.64765260799993],[-74.03879548399988,-15.64990523299997],[-74.04099273299994,-15.65337185899989],[-74.04087060799998,-15.657116857999881],[-74.04235073399997,-15.65934948399996],[-74.04522710899994,-15.659992232999912],[-74.04859923299995,-15.663582857999927],[-74.05585498299996,-15.665555982999933],[-74.05811310899992,-15.667434732999936],[-74.05763248299996,-15.669566108999902],[-74.06428523399984,-15.67391398299992],[-74.06829073399996,-15.674301107999895],[-74.07389073399986,-15.676287607999939],[-74.07745360899997,-15.67524248399991],[-74.07937623399994,-15.676692982999953],[-74.08178710899995,-15.681002482999872],[-74.08615873399998,-15.68309310899997],[-74.09070585899997,-15.683584232999976],[-74.09373473299996,-15.6818132329999],[-74.09413910899991,-15.685462982999923],[-74.09858698299996,-15.688970607999977],[-74.10214235899997,-15.69103998299994],[-74.10762785899993,-15.695852232999869],[-74.10807798399992,-15.699405732999878],[-74.11572260899999,-15.704936858999929],[-74.12058260899994,-15.70408248299998],[-74.12296298299998,-15.702148482999974],[-74.12989048299994,-15.70165448399996],[-74.13159948299995,-15.700169607999953],[-74.13674923399998,-15.69939798299987],[-74.1395263579999,-15.70017435799997],[-74.14090723399994,-15.702206607999926],[-74.14353948399992,-15.701364482999963],[-74.14665998299995,-15.697121607999975],[-74.14851373299985,-15.693221108999921],[-74.15328973299995,-15.689905107999948],[-74.15587610799997,-15.690002482999887],[-74.16202548399997,-15.68805223299995],[-74.16275785799996,-15.686171482999839],[-74.16943360899995,-15.680298857999958],[-74.17367548399994,-15.674301107999895],[-74.17793273299992,-15.674476608999953],[-74.18301385899997,-15.677392982999947],[-74.18579860899996,-15.674838107999847],[-74.19051360899994,-15.67520898299989],[-74.19358823399995,-15.67432023299989],[-74.20036310899997,-15.664982732999931],[-74.20607760899992,-15.662966732999905],[-74.21267698299994,-15.661520982999946],[-74.21776573299996,-15.661087982999902],[-74.22185510799994,-15.654371232999893],[-74.22177885799994,-15.650544107999963],[-74.22253423399997,-15.645066232999966],[-74.22449498299994,-15.641229607999946],[-74.22502135899998,-15.635788857999898],[-74.22705073399993,-15.632039107999901],[-74.22811123399993,-15.627173482999922],[-74.22738648399991,-15.623703857999885],[-74.22995760899994,-15.61900335799993],[-74.22956848399997,-15.61480623299991],[-74.22788998399983,-15.609825107999882],[-74.22503660799998,-15.605908357999908],[-74.22346498299999,-15.602605857999947],[-74.22285460799992,-15.598576608999906],[-74.22637935899996,-15.591319107999936],[-74.22669223299994,-15.589348732999952],[-74.22480773399997,-15.585140232999834],[-74.22537998399997,-15.577994358999945],[-74.22676085899991,-15.573810607999974],[-74.22503660899997,-15.570200857999907],[-74.2253952339999,-15.566067732999954],[-74.22920985899998,-15.560943607999945],[-74.23401635899995,-15.558875107999938],[-74.23491660799988,-15.557340607999947],[-74.2298659839999,-15.550963357999876],[-74.22491460799995,-15.540374732999965],[-74.2229843589999,-15.536974857999951],[-74.21649185799998,-15.529091857999902],[-74.20812223399997,-15.52499198299995],[-74.20274348299995,-15.520728107999958],[-74.20207210899997,-15.518660482999849],[-74.20259098399993,-15.508372357999917],[-74.19779210799999,-15.501054732999933],[-74.19382473299999,-15.496437982999964],[-74.19374085899994,-15.491660107999962],[-74.18898010799995,-15.489772857999924],[-74.18502048399989,-15.485732107999922],[-74.17896273399998,-15.486064857999907],[-74.17520135799998,-15.484734482999954],[-74.1664733589999,-15.483957232999956],[-74.16349023399988,-15.481838232999962],[-74.16098023399996,-15.47764773299997],[-74.15857698299999,-15.46791360799989],[-74.15400698299987,-15.461169232999907],[-74.15383148299992,-15.455539732999966],[-74.15213010799994,-15.452960107999957],[-74.14843748399994,-15.449382732999823],[-74.14984148299999,-15.447857857999963],[-74.15348048399994,-15.4472132329999],[-74.15391535899994,-15.438489857999969],[-74.15227510899985,-15.435644107999963],[-74.15126035899988,-15.42875098299993],[-74.14836123399994,-15.426713982999956],[-74.14287573299998,-15.426087357999961],[-74.13997635899989,-15.426635732999955],[-74.13723760899995,-15.424598732999982],[-74.13394923399994,-15.416608857999961],[-74.12956235799999,-15.413083982999979],[-74.12368773399999,-15.411517107999941],[-74.11553960799995,-15.411853732999816],[-74.11479185899998,-15.407201732999908],[-74.11307523299996,-15.404983482999967],[-74.10380560899995,-15.398488107999981],[-74.0994414839999,-15.39479823299996],[-74.09452060899997,-15.39200310799987],[-74.08882135799996,-15.390773732999946],[-74.0855254839999,-15.391332607999914],[-74.08087923399995,-15.396698982999908],[-74.07523348299992,-15.398823732999972],[-74.07328035799998,-15.400501232999943],[-74.07299035799997,-15.40290735799988],[-74.07094573299997,-15.40401460799984],[-74.0688171079999,-15.402643357999978],[-74.06542973299992,-15.402194982999902],[-74.06189723299997,-15.406675357999973],[-74.05877685799999,-15.409254982999983],[-74.05818173299991,-15.41244035799997],[-74.05373385899998,-15.417725607999898],[-74.05289460799997,-15.422883982999963],[-74.04978948399992,-15.428047232999859],[-74.04900360899984,-15.43237873299995],[-74.04553223299996,-15.44337748299995],[-74.0418701079999,-15.448463482999955],[-74.03847498399989,-15.450760857999967],[-74.03729248399986,-15.456077607999873],[-74.04086298299995,-15.460422357999903],[-74.04241185799987,-15.46354860799994],[-74.04269410899997,-15.467931732999887],[-74.04094698299997,-15.474872607999885],[-74.03858948399989,-15.48037248299994],[-74.03875735799983,-15.482970232999946],[-74.04512785799994,-15.492815982999844],[-74.04969785799989,-15.49268910799998],[-74.05735010799998,-15.496604857999898],[-74.05886073299996,-15.498739357999852],[-74.06161498299997,-15.499895107999976],[-74.07126623399995,-15.500806982999961],[-74.07524873399996,-15.503446607999933],[-74.07492060899989,-15.510301608999953],[-74.07867435899988,-15.51409923299991],[-74.07918548399988,-15.515720357999953],[-74.07450860799997,-15.526094482999952],[-74.07149498399997,-15.529567732999908],[-74.07126623399995,-15.534153107999884],[-74.06728360899996,-15.539294232999907],[-74.06890110899991,-15.542396482999834],[-74.07205210799998,-15.544897982999942],[-74.07274623299992,-15.547583482999926],[-74.07575985799997,-15.550455107999937],[-74.07654573299999,-15.555920607999894],[-74.07413485799998,-15.560089108999932],[-74.07422635899991,-15.564765983999905],[-74.07654573299999,-15.566155482999932],[-74.07894898299998,-15.577039732999879],[-74.07918548299989,-15.580976482999915],[-74.08229060799994,-15.584172232999947],[-74.08242798299995,-15.5860709829999],[-74.08493035899994,-15.591535607999901],[-74.08469385899991,-15.594963107999888],[-74.08279435799989,-15.60028935799994],[-74.0838164839999,-15.603160857999967],[-74.08158873399998,-15.611681982999869],[-74.08164223399996,-15.614368482999964],[-74.08473973299994,-15.618906982999931],[-74.07363123299996,-15.625973732999967],[-74.06864923299997,-15.629886607999879],[-74.0634154839999,-15.62961673299992],[-74.0569534839999,-15.625306107999961],[-74.05094910799994,-15.622281983999926],[-74.04878235799998,-15.617826482999874],[-74.04692073399997,-15.61625098299993],[-74.0399779839999,-15.612749107999889],[-74.0334853579999,-15.61001585799994],[-74.02359010899988,-15.603088357999923],[-74.02313998299985,-15.600420983999925],[-74.01939385899993,-15.599172482999904],[-74.01837160899993,-15.593685107999931],[-74.01916498299994,-15.59149073299983],[-74.01667023399995,-15.590733482999951],[-74.01602935799991,-15.58539773299998],[-74.01378635799989,-15.579745232999926],[-74.01435085799994,-15.577354482999908],[-74.01290135799985,-15.570696857999906],[-74.00942998399995,-15.568044607999923],[-74.01134485899985,-15.562104232999957],[-74.01027673399994,-15.559402482999928],[-74.0071334829999,-15.55878273299993],[-74.00170148299998,-15.556602482999892],[-74.00086210799998,-15.554303107999829],[-73.99645998299991,-15.553386732999854],[-73.99076848399989,-15.545917482999926],[-73.98822785899984,-15.540866857999902],[-73.98369598399995,-15.54096035799995],[-73.97988885799998,-15.539524232999952],[-73.97745510799996,-15.537214233999975],[-73.97261810899994,-15.534092857999951],[-73.96984098299993,-15.533531232999962],[-73.9684677329999,-15.529411357999948],[-73.96618648399982,-15.52703860899993],[-73.96106723399998,-15.523917232999963],[-73.95785523399996,-15.518642482999951],[-73.95240785899983,-15.513881732999948],[-73.95468898399992,-15.511996232999934],[-73.95365148399998,-15.508901607999917],[-73.94992823399991,-15.50298885799998],[-73.95007323399994,-15.49975298299995],[-73.94639585799996,-15.495528232999902],[-73.94596098299996,-15.490403107999953],[-73.94126898299993,-15.485223732999941],[-73.93986510799988,-15.482957857999963],[-73.9359282339999,-15.481824857999925],[-73.93112948299989,-15.476321232999908],[-73.92939760799993,-15.473354232999839],[-73.92600248299988,-15.471734982999976],[-73.92340848299983,-15.467257482999969],[-73.92006685799998,-15.464289607999888],[-73.91769410899997,-15.460729607999951],[-73.91251373299997,-15.456251107999947],[-73.90560910899995,-15.452366857999891],[-73.89733885799996,-15.450700732999962],[-73.89389798299999,-15.449352232999956],[-73.89254760799997,-15.447463982999977],[-73.88985448299991,-15.440585232999865],[-73.88864135799997,-15.439101232999974],[-73.88037110799996,-15.437683107999817],[-73.8765563579999,-15.43915285799983]]]]},"properties":{"ubigeo":"040409","nombre":"HUANUHUANU"}},{"type":"Feature","geometry":{"type":"MultiPolygon","coordinates":[[[[-74.24117573399997,-15.481039107999948],[-74.24133298399994,-15.482697482999924],[-74.24858710799998,-15.485062107999909],[-74.25444035799995,-15.490282107999974],[-74.25983423399987,-15.492295232999936],[-74.26158423299995,-15.494230232999882],[-74.26329798299992,-15.501110107999978],[-74.26629635799986,-15.504643482999938],[-74.26995085899989,-15.505242357999919],[-74.28187235899998,-15.506049482999913],[-74.28334685799985,-15.50669835799988],[-74.28372198399995,-15.512668607999956],[-74.28659060899992,-15.515378982999948],[-74.29167935899994,-15.514948857999968],[-74.29811098399983,-15.513476357999878],[-74.30091860899995,-15.512165982999932],[-74.30660248399994,-15.512036358999865],[-74.31620023299996,-15.513963732999969],[-74.32582860899998,-15.514593107999929],[-74.33083348399998,-15.51669310799997],[-74.3378886079999,-15.517096357999947],[-74.34157485899988,-15.51635910799996],[-74.34994510799993,-15.513299982999968],[-74.35566710899997,-15.508232107999959],[-74.36186985899991,-15.506202732999895],[-74.36953735799989,-15.506429732999948],[-74.37577823399988,-15.508032857999979],[-74.37819673399997,-15.511349732999975],[-74.37178035899996,-15.515317857999946],[-74.37023160799998,-15.517062357999976],[-74.36928560899997,-15.520314232999965],[-74.37003323399989,-15.523435607999886],[-74.37195598399984,-15.525109232999966],[-74.3801269839999,-15.528604482999981],[-74.38584135899993,-15.532072107999909],[-74.38998285899987,-15.535861482999849],[-74.39095485899998,-15.541243607999945],[-74.3943931089999,-15.548047607999877],[-74.39878885899998,-15.555011107999974],[-74.40107723399996,-15.556888607999952],[-74.40901185899997,-15.558747232999906],[-74.41447448399992,-15.558857857999897],[-74.41960910899996,-15.55769923299988],[-74.42583773399991,-15.557511857999941],[-74.43549348399989,-15.562995857999908],[-74.43749998399994,-15.564673482999979],[-74.44432835899994,-15.574871107999968],[-74.44463348399995,-15.580300357999931],[-74.44714535899988,-15.584078357999886],[-74.45046385899991,-15.585202607999918],[-74.45393373399997,-15.58817573399989],[-74.45765685899988,-15.589044607999938],[-74.45970148399994,-15.586872107999966],[-74.4643554839999,-15.57917598299997],[-74.47330460899997,-15.56989860799996],[-74.47879785899994,-15.565315232999978],[-74.48337560899989,-15.562340732999871],[-74.48603823399992,-15.559162982999965],[-74.4873047339999,-15.55630298299991],[-74.48824310899994,-15.547056232999978],[-74.48838810899991,-15.541799482999977],[-74.49277498299989,-15.540499607999891],[-74.49618535899998,-15.537553732999982],[-74.50495148399995,-15.525945607999972],[-74.50578310899994,-15.524430232999919],[-74.50669098399999,-15.516902982999909],[-74.50981898399988,-15.50653935799994],[-74.50987660899995,-15.50206073299995],[-74.5086257339999,-15.498555107999948],[-74.50625910899993,-15.497279232999915],[-74.50204373399987,-15.49787685799987],[-74.49533848399983,-15.49495798299995],[-74.49047910899992,-15.494408482999972],[-74.48602048399988,-15.491911732999881],[-74.48544085899988,-15.49012823299995],[-74.48590848399994,-15.481877357999906],[-74.48464198399995,-15.479633357999944],[-74.48110210899989,-15.477707857999974],[-74.48159023399995,-15.469612232999907],[-74.47809598399994,-15.463540107999961],[-74.47520448399996,-15.461344732999862],[-74.47102360899999,-15.455449107999925],[-74.46848298399993,-15.453412107999952],[-74.46816248399995,-15.451554357999896],[-74.47386935899993,-15.443852482999944],[-74.46804810899994,-15.43567373299993],[-74.46289060899994,-15.43482585799984],[-74.46080798399993,-15.433521232999965],[-74.45948785899998,-15.430550607999862],[-74.45917510899994,-15.426802607999889],[-74.46139523399995,-15.419888482999966],[-74.46647648399988,-15.41695310799986],[-74.46684073399996,-15.411003982999944],[-74.46432498399997,-15.40545273299989],[-74.46292110899998,-15.400978107999947],[-74.46356198399997,-15.398299232999818],[-74.4663467339999,-15.393103607999876],[-74.46542373399996,-15.386629107999852],[-74.46643823399995,-15.379154232999895],[-74.46364598399992,-15.372877107999955],[-74.45784760899994,-15.367498357999978],[-74.45461273399991,-15.365661607999982],[-74.45017248399995,-15.36100198299988],[-74.44881435899993,-15.35809610799987],[-74.44893648399994,-15.355376232999902],[-74.45030210899995,-15.351543482999944],[-74.4533919839999,-15.348204607999833],[-74.45358273399995,-15.345802356999911],[-74.45034785799999,-15.344439482999974],[-74.44686885899989,-15.344593982999868],[-74.43912510899992,-15.345966357999885],[-74.43583673399996,-15.344862982999928],[-74.43344060899994,-15.33853260799998],[-74.43310548399995,-15.331964482999922],[-74.43484498399988,-15.328403482999875],[-74.42967985899992,-15.317297981999957],[-74.42591860899995,-15.311722732999954],[-74.42239385899995,-15.309093481999923],[-74.41466523399998,-15.305023232999929],[-74.4129486089999,-15.301620482999965],[-74.40937810899999,-15.304941232999909],[-74.40946198399996,-15.308493607999935],[-74.40560910899995,-15.310790107999878],[-74.4030914839999,-15.311093357999937],[-74.40036760899989,-15.312740357999871],[-74.39789585799991,-15.315599482999914],[-74.39247898399998,-15.315946607999933],[-74.38896948299987,-15.317246482999849],[-74.38225560899991,-15.324221607999903],[-74.37933348399997,-15.328353857999957],[-74.37785335899991,-15.331878606999908],[-74.37126160899993,-15.332521482999937],[-74.36681360899996,-15.333833732999949],[-74.35991673399997,-15.33270073299991],[-74.35598760899995,-15.336937857999942],[-74.35467523299997,-15.339582482999901],[-74.35046385899994,-15.336423857999932],[-74.34581760899994,-15.336347607999926],[-74.34291835899995,-15.34282023299994],[-74.34094235799995,-15.34539410799988],[-74.33754735899998,-15.347992982999926],[-74.33364873399984,-15.353262857999937],[-74.32743060899998,-15.354575107999949],[-74.32017098399996,-15.354807107999875],[-74.31591373399988,-15.357475857999816],[-74.30971848399992,-15.35893723299995],[-74.30921023399998,-15.361542482999937],[-74.31181535899998,-15.363798232999955],[-74.31553248399996,-15.365164357999959],[-74.3166762329999,-15.367832982999857],[-74.31731160899989,-15.372630357999867],[-74.32169598399992,-15.379047982999907],[-74.32843135899998,-15.39099373299996],[-74.32897148299998,-15.393821357999968],[-74.32760535899996,-15.397443357999975],[-74.32777410899996,-15.40196223299995],[-74.3246231089999,-15.411480857999948],[-74.32423760799998,-15.414059232999932],[-74.32557673299993,-15.419557607999877],[-74.32137823399995,-15.428737232999936],[-74.31937685899999,-15.436743357999944],[-74.31675723399997,-15.442192982999927],[-74.30873360899989,-15.449324482999884],[-74.30226173299997,-15.451470732999894],[-74.30209360799995,-15.452787482999952],[-74.30609660899995,-15.459491107999952],[-74.30952785899996,-15.460602982999944],[-74.31117998399998,-15.462731732999941],[-74.3082581079999,-15.469691232999878],[-74.30452723399992,-15.475287482999931],[-74.30012360899991,-15.478394607999974],[-74.29176810899992,-15.478299232999973],[-74.28970310799997,-15.478839357999902],[-74.27872460899994,-15.47872635799996],[-74.27477260899997,-15.477608732999954],[-74.27222923399995,-15.478013357999941],[-74.26593873399992,-15.474709107999956],[-74.26326998399992,-15.475535232999903],[-74.2592239839999,-15.478989607999893],[-74.25544735899996,-15.480737732999955],[-74.25089260899995,-15.48083023299995],[-74.2467956079999,-15.480232232999981],[-74.24117573399997,-15.481039107999948]]]]},"properties":{"ubigeo":"040410","nombre":"JAQUI"}},{"type":"Feature","geometry":{"type":"MultiPolygon","coordinates":[[[[-74.85520935899996,-15.153830482999922],[-74.8559646089999,-15.157171232999929],[-74.86038210899994,-15.158084856999949],[-74.86194610899992,-15.156571357999951],[-74.86758423399993,-15.155839856999933],[-74.87100223399995,-15.157693732999917],[-74.8725433589999,-15.160669357999836],[-74.87476348399997,-15.162678732999893],[-74.87682348399994,-15.163565607999942],[-74.8783646089999,-15.165316607999955],[-74.88030248399997,-15.169794982999917],[-74.88335423399997,-15.17440223199992],[-74.88513935899994,-15.178241732999936],[-74.88562010899994,-15.180345482999883],[-74.88692473399993,-15.185066232999873],[-74.88845823399998,-15.194562857999927],[-74.88835148399988,-15.197490732999825],[-74.8892288589999,-15.20333760799997],[-74.89139560899997,-15.209496482999953],[-74.89278410899993,-15.211406732999876],[-74.89416498399993,-15.212778982999907],[-74.8947678589999,-15.214978232999897],[-74.89685060899996,-15.220192857999962],[-74.89735423399992,-15.222954732999938],[-74.89776610899992,-15.224357607999934],[-74.90022273399995,-15.228003482999895],[-74.90057373399998,-15.230177857999934],[-74.90271760899998,-15.235526981999953],[-74.90566248399995,-15.239646857999958],[-74.9075088589999,-15.24411298299998],[-74.90808110899991,-15.24752335799991],[-74.90834810899997,-15.25084785799993],[-74.90777585899997,-15.254675857999928],[-74.90579223399999,-15.25967973299987],[-74.90143585899989,-15.26781460799998],[-74.90120698399994,-15.271240231999911],[-74.90123748399998,-15.274898482999902],[-74.89636235899997,-15.28472810799991],[-74.89639285899989,-15.285974482999904],[-74.89630885899987,-15.288068732999932],[-74.89535523399991,-15.289433482999925],[-74.89511873399988,-15.29083448199998],[-74.89488223399997,-15.29312323199997],[-74.89515685899994,-15.297775232999925],[-74.89314273399998,-15.304144857999916],[-74.89300535899991,-15.309924107999905],[-74.89667510899989,-15.32358735799994],[-74.89532485899997,-15.328111607999972],[-74.89533998399997,-15.33327573299988],[-74.89275360899995,-15.340361607999967],[-74.89038848399991,-15.343640357999902],[-74.88659673399991,-15.354618982999966],[-74.88681798399983,-15.358226732999924],[-74.88130185899996,-15.370544482999946],[-74.87974548399995,-15.373603857999854],[-74.87930298399993,-15.376539232999903],[-74.87989048399999,-15.381857857999876],[-74.87830348399984,-15.386774982999952],[-74.87757885899993,-15.391314482999917],[-74.87788385899995,-15.400472607999973],[-74.87651823399995,-15.404160482999941],[-74.87394710899997,-15.407605232999913],[-74.86956785899991,-15.411486607999905],[-74.86848448399991,-15.413171732999956],[-74.86756898399994,-15.424435607999897],[-74.86544035899993,-15.43766035799996],[-74.86398310899989,-15.442685107999978],[-74.86220548399996,-15.445375482999907],[-74.86197660899995,-15.44642735799988],[-74.86403660899998,-15.450448982999944],[-74.86420435899998,-15.452320107999924],[-74.86363223399997,-15.45518973299994],[-74.85853573399999,-15.4703807329999],[-74.85488885899997,-15.476934357999937],[-74.85270685899991,-15.481655107999927],[-74.8524932339999,-15.48366160799992],[-74.85299685899992,-15.485090232999937],[-74.85224148399993,-15.488070482999944],[-74.84847260899994,-15.493663732999892],[-74.84662623399987,-15.497947732999876],[-74.84470373399995,-15.500163982999936],[-74.84297185899993,-15.501777607999884],[-74.83836360899994,-15.510113732999855],[-74.83754748399991,-15.513211232999879],[-74.83435823399998,-15.518914232999975],[-74.83337398399993,-15.520714732999977],[-74.83308410899991,-15.522137607999866],[-74.83359523399992,-15.524667732999944],[-74.83261873399994,-15.530953357999977],[-74.83011623399995,-15.535972607999895],[-74.8296661089999,-15.538907982999945],[-74.83075710899993,-15.541068107999877],[-74.83031460899991,-15.543318732999921],[-74.82775873399999,-15.54540635799998],[-74.82773585899997,-15.549500482999917],[-74.82858273399995,-15.551694857999848],[-74.82817073399997,-15.560004232999916],[-74.82733923399991,-15.562431357999913],[-74.82783448399988,-15.568390732999887],[-74.83416735899993,-15.566197357999954],[-74.83949285899985,-15.56508635799986],[-74.84425348399992,-15.565243732999932],[-74.84759523399993,-15.57083223299992],[-74.85111235899996,-15.57333185799996],[-74.85388185999994,-15.572685232999959],[-74.85423273399994,-15.569908107999936],[-74.8525391099999,-15.569103232999964],[-74.85133360899988,-15.565666357999874],[-74.84646610899995,-15.56255248299982],[-74.8460922349999,-15.55875773299988],[-74.84775548399995,-15.554538732999958],[-74.85463710899995,-15.547021857999823],[-74.86848448399991,-15.535679857999924],[-74.87904360999988,-15.529289232999872],[-74.8809203589999,-15.52851773299983],[-74.88755035999992,-15.524126982999974],[-74.89784235899992,-15.518381108999904],[-74.90997310899996,-15.512113607999936],[-74.92212673399996,-15.506990482999981],[-74.93046573399994,-15.504146607999871],[-74.93539423399994,-15.501783357999898],[-74.94284060999996,-15.499468857999886],[-74.94512173399994,-15.500866857999938],[-74.94729610899998,-15.498583732999919],[-74.95017248399995,-15.499472607999962],[-74.95542148499993,-15.49673273299993],[-74.95641323399991,-15.495199107999952],[-74.96051785999998,-15.495562607999886],[-74.96723173399994,-15.490517607999834],[-74.96986385899993,-15.491119357999878],[-74.97362523399994,-15.490573857999948],[-74.97599798499988,-15.488480607999975],[-74.97571560899996,-15.484611482999924],[-74.98039248499998,-15.481957482999974],[-74.98271935899993,-15.477619232999928],[-74.98292535899992,-15.472796482999968],[-74.98536685899995,-15.46985723299997],[-74.98719785999992,-15.470218607999925],[-74.98891435899992,-15.468198732999952],[-75.00000760999995,-15.462347982999916],[-75.00684360999998,-15.460041107999928],[-75.01490023399992,-15.458868982999832],[-75.02181998399993,-15.458859482999912],[-75.02608485999997,-15.45762923299992],[-75.03022760899995,-15.460624732999975],[-75.03213498399998,-15.46102335799992],[-75.04173273499998,-15.458341607999898],[-75.04499810899995,-15.458345357999917],[-75.04708098499998,-15.455594107999957],[-75.05005648499997,-15.45612510799998],[-75.05636598499996,-15.45462510799996],[-75.05942535899999,-15.451765982999916],[-75.06236260899988,-15.450482357999931],[-75.06310273399993,-15.447703357999956],[-75.06562048399996,-15.449341607999884],[-75.06888585999997,-15.44644160799993],[-75.07059473399988,-15.443113357999948],[-75.07332610999993,-15.442941607999956],[-75.06111148399992,-15.435283607999963],[-75.05496973399988,-15.434534107999923],[-75.04965210899991,-15.434503607999886],[-75.04554748399994,-15.430330232999836],[-75.0371933589999,-15.416414107999913],[-75.02891535899994,-15.40427973299984],[-75.02211760899996,-15.389525357999958],[-75.01848598399994,-15.38241385799995],[-75.01695248399989,-15.377234482999938],[-75.01631923399998,-15.371880482999813],[-75.01634973399996,-15.36444948299993],[-75.01775360999994,-15.358763732999876],[-75.01756298399988,-15.353812232999928],[-75.01655573399995,-15.351096232999964],[-75.01071160899994,-15.344633107999982],[-75.00703435899993,-15.33900360799987],[-75.00387973499988,-15.33023035799988],[-75.00034335999993,-15.326804982999874],[-74.99497985999989,-15.322513607999895],[-74.99167635899994,-15.320921857999906],[-74.98612210999994,-15.319218607999971],[-74.98241423399992,-15.316829732999906],[-74.97632598499996,-15.310004232999972],[-74.97067260899996,-15.302169857999957],[-74.96820073399994,-15.299422232999973],[-74.96617123499993,-15.29426760799987],[-74.96442410999998,-15.284999856999946],[-74.96480560999993,-15.273834232999945],[-74.9640732339999,-15.26652910799993],[-74.96413423399997,-15.258419982999897],[-74.9636383589999,-15.25389860699994],[-74.95902248499988,-15.246054607999895],[-74.95386510899993,-15.239548731999832],[-74.94898223499996,-15.235357232999945],[-74.94589985999994,-15.231486357999927],[-74.94454960999997,-15.227774607999947],[-74.94313810899996,-15.220240607999926],[-74.94171148499993,-15.215095482999914],[-74.94125360899989,-15.210659982999914],[-74.93986510999997,-15.206011732999968],[-74.93453973399994,-15.199470482999914],[-74.92930598499998,-15.192401857999926],[-74.9234772339999,-15.18931298299998],[-74.91980685999988,-15.186156107999977],[-74.91719698399993,-15.181780732999982],[-74.90499173399985,-15.176714357999913],[-74.89984860899983,-15.173950857999898],[-74.8930934839999,-15.167579607999869],[-74.88851923399989,-15.16123010799987],[-74.88472748399988,-15.158126857999946],[-74.88010410999988,-15.156724981999957],[-74.87734985899988,-15.153679857999975],[-74.87374935899999,-15.151843231999976],[-74.87060198399996,-15.151229107999882],[-74.86238835899991,-15.151305856999954],[-74.85811535899995,-15.15230560799995],[-74.85520935899996,-15.153830482999922]]]]},"properties":{"ubigeo":"040411","nombre":"LOMAS"}},{"type":"Feature","geometry":{"type":"MultiPolygon","coordinates":[[[[-73.68806460799988,-15.437183482999956],[-73.68436435899997,-15.43748360799998],[-73.67920685799993,-15.434819232999928],[-73.67452235799993,-15.431467107999936],[-73.66991423299993,-15.430213982999874],[-73.66285710799991,-15.425932857999953],[-73.65975185799994,-15.423498107999933],[-73.65580748299993,-15.418712607999964],[-73.65161135799991,-15.416278857999941],[-73.64556885799982,-15.41770548299985],[-73.64204410799994,-15.417789482999979],[-73.63758848299994,-15.419720607999977],[-73.63011935799994,-15.418964357999982],[-73.62351223399997,-15.421111107999877],[-73.61788173299993,-15.427066857999932],[-73.61717223299996,-15.429499607999958],[-73.61729435899991,-15.434471107999968],[-73.61824798299995,-15.439447357999939],[-73.6217041079999,-15.44359585799998],[-73.62230685799989,-15.445445107999888],[-73.62218473299998,-15.450974482999982],[-73.62002560799993,-15.456155732999946],[-73.61982723299997,-15.460665732999814],[-73.62410735799989,-15.464552857999934],[-73.62660223299991,-15.469618857999933],[-73.62852473299984,-15.471281107999971],[-73.63013448299995,-15.476138982999942],[-73.63053898299995,-15.481344232999959],[-73.63412473299991,-15.483096107999927],[-73.63668823299992,-15.486702857999944],[-73.64333348299994,-15.489941607999981],[-73.64533235799996,-15.492984732999957],[-73.64779660799985,-15.49516960799997],[-73.65284723299993,-15.504798857999901],[-73.65580748299993,-15.50680448299994],[-73.65760035799991,-15.510361732999968],[-73.66444398299996,-15.514935482999931],[-73.66140748299989,-15.517427482999949],[-73.65655510799996,-15.522570607999967],[-73.64997860799991,-15.526763857999924],[-73.64766698299997,-15.532207482999922],[-73.64832310799989,-15.539187357999879],[-73.64794923299996,-15.542261107999934],[-73.64178460899996,-15.544317232999958],[-73.64004498299994,-15.546004232999906],[-73.63439935799988,-15.547954607999884],[-73.63667298299998,-15.550221482999973],[-73.63965610799988,-15.555002232999925],[-73.64407348299989,-15.557976732999919],[-73.64170073299994,-15.564372983999874],[-73.63989260799991,-15.567332232999945],[-73.63927460799994,-15.570489857999917],[-73.63771823299987,-15.572439232999841],[-73.63242335799998,-15.574945483999898],[-73.62925723299998,-15.577972358999887],[-73.62443548299996,-15.586896857999932],[-73.62335973399996,-15.595300732999931],[-73.61877435799988,-15.605483983999875],[-73.61585235799998,-15.609273858999927],[-73.60935210799994,-15.61162085799998],[-73.60414885799992,-15.616207107999912],[-73.60278323299991,-15.619275107999954],[-73.60000610799989,-15.621726982999917],[-73.59812923299995,-15.624742482999977],[-73.59724423299991,-15.632952732999911],[-73.5956116079999,-15.63618185799993],[-73.58976748299989,-15.642638232999957],[-73.58863085799999,-15.645049107999967],[-73.58821110799983,-15.6494998579999],[-73.58618160799995,-15.652488733999917],[-73.58538060799992,-15.659107232999872],[-73.58576948299986,-15.66227148299987],[-73.58268735799993,-15.671453483999926],[-73.57968898299998,-15.676291482999943],[-73.57865910799995,-15.68058973299992],[-73.57652285799998,-15.684130607999975],[-73.57430273299985,-15.689922357999933],[-73.56985473299989,-15.696587607999959],[-73.56626123299992,-15.699609732999875],[-73.56530760799996,-15.702931357999944],[-73.56561273299991,-15.70594498399987],[-73.56436160799996,-15.711810107999952],[-73.56227110799989,-15.714515732999814],[-73.56238560799994,-15.717831607999813],[-73.56085210799989,-15.71994873299991],[-73.56040185799998,-15.723328607999974],[-73.55683135799995,-15.724529233999931],[-73.55799860799988,-15.728290607999952],[-73.55364223299995,-15.731736233999982],[-73.55276485799993,-15.735116982999955],[-73.55410760799998,-15.739763232999962],[-73.55445860799989,-15.74578285799987],[-73.55577848299998,-15.751712858999895],[-73.5632018579999,-15.749921857999936],[-73.56587985799996,-15.750233607999974],[-73.57030485799999,-15.754659607999884],[-73.57411198299997,-15.75752635799995],[-73.57575223299995,-15.759580607999908],[-73.57963560799993,-15.761980982999944],[-73.58473973299994,-15.766289732999951],[-73.58769223299998,-15.766488982999874],[-73.59150698299993,-15.769760108999833],[-73.59938810799991,-15.769423482999969],[-73.60259248299985,-15.771304107999867],[-73.60771948299987,-15.77211660799992],[-73.60935210799994,-15.776486357999943],[-73.61178585799996,-15.779636357999948],[-73.61539460799986,-15.781973858999834],[-73.6181412329999,-15.782228482999926],[-73.62190248299999,-15.781313857999919],[-73.62403110799988,-15.783142982999948],[-73.62576298299996,-15.788427357999979],[-73.62886060799991,-15.789646108999932],[-73.63581848299998,-15.798284483999964],[-73.63760373299988,-15.798640232999901],[-73.64196773299994,-15.79604910799992],[-73.6501998579999,-15.794473607999976],[-73.65319823299996,-15.794473607999976],[-73.65690610799993,-15.793406482999956],[-73.66351323299995,-15.790357608999841],[-73.66665648299988,-15.787541357999885],[-73.66883848299994,-15.79039198299995],[-73.67271423299997,-15.79225248299997],[-73.67869573299998,-15.790748607999944],[-73.68265535899997,-15.791381857999966],[-73.68428035799997,-15.793124232999958],[-73.68875123299995,-15.794509858999959],[-73.69196323299997,-15.7944698579999],[-73.69504548299983,-15.792846732999976],[-73.70447535799997,-15.791302732999952],[-73.70795435799988,-15.78845210799983],[-73.71214310799996,-15.783922232999942],[-73.71141810799986,-15.778778983999814],[-73.70960235799998,-15.775523232999888],[-73.70927423299992,-15.768664358999956],[-73.71007523299994,-15.762005858999942],[-73.71127323299993,-15.760207233999893],[-73.72041323299999,-15.753578232999871],[-73.72789760799992,-15.749358232999953],[-73.73329923299991,-15.738472982999895],[-73.7344742329999,-15.735068357999921],[-73.73462660799999,-15.727357857999948],[-73.7330703579999,-15.723270357999866],[-73.73039248299995,-15.719687482999973],[-73.73168185899988,-15.715300732999935],[-73.73340610799988,-15.712951607999969],[-73.7364654829999,-15.710647607999931],[-73.73712923399995,-15.707500482999876],[-73.7343444839999,-15.70392123299996],[-73.73373410799996,-15.698957482999845],[-73.7347564829999,-15.691040982999937],[-73.73471073299993,-15.685557357999926],[-73.73871610899994,-15.679116232999945],[-73.73971560799998,-15.674915357999907],[-73.73957060799995,-15.67098048299988],[-73.74168398299992,-15.668232857999897],[-73.76450348399993,-15.6932678579999],[-73.76704410799994,-15.690074857999946],[-73.7743682339999,-15.689094482999906],[-73.78080748399998,-15.689571358999956],[-73.78443910899989,-15.689351107999926],[-73.79188523299996,-15.683529858999918],[-73.79419710799993,-15.682388358999901],[-73.79764560799998,-15.682212857999957],[-73.80159760799995,-15.683461233999935],[-73.80650335799993,-15.683815982999874],[-73.8117447329999,-15.686327982999899],[-73.81932073299998,-15.688486108999939],[-73.82312773299992,-15.688684482999918],[-73.82728573399999,-15.682897607999848],[-73.83393860899992,-15.678926482999884],[-73.83667760799989,-15.675780357999827],[-73.84276585799995,-15.673402732999932],[-73.85053248299988,-15.673755607999965],[-73.85366823399988,-15.676226732999964],[-73.85591885799994,-15.675917607999907],[-73.85722348399997,-15.673264483999958],[-73.86058810799994,-15.670848857999886],[-73.86190035899989,-15.668828982999855],[-73.86165623299985,-15.664077732999942],[-73.8592834829999,-15.660355607999975],[-73.85883335799997,-15.657590857999935],[-73.85688023299991,-15.655055982999954],[-73.85469823299997,-15.650164482999912],[-73.85375210799998,-15.64370435799998],[-73.85099798299996,-15.636725482999964],[-73.85077673299992,-15.631436358999963],[-73.8522643579999,-15.626209233999816],[-73.85132598399997,-15.620479608999915],[-73.85018160899989,-15.617099732999975],[-73.84980773399997,-15.609181232999902],[-73.84260560799993,-15.604418732999932],[-73.84245298299999,-15.603123607999976],[-73.84488685899993,-15.598101607999979],[-73.84622960799993,-15.590283357999851],[-73.84405523299995,-15.58759135799994],[-73.84338373299994,-15.582879107999872],[-73.84607698299999,-15.579151107999962],[-73.84634398299988,-15.576184232999879],[-73.84224698399993,-15.570260982999912],[-73.84137723299989,-15.566575107999938],[-73.84220885799988,-15.564669607999917],[-73.84526823299996,-15.563302982999915],[-73.84700773299994,-15.559409107999954],[-73.8504104839999,-15.557517982999968],[-73.84988398399997,-15.555622107999966],[-73.8514709829999,-15.549877107999976],[-73.85052485799997,-15.542749482999909],[-73.84934998299991,-15.539971357999889],[-73.85123448399997,-15.533748607999826],[-73.8491211089999,-15.53050135799998],[-73.84908298299996,-15.527565982999931],[-73.84788510799996,-15.524295857999903],[-73.84714510799984,-15.51722998299988],[-73.84577935899989,-15.512671482999906],[-73.84805298399988,-15.506745357999932],[-73.85455323299993,-15.502813357999969],[-73.85568998399992,-15.500192607999907],[-73.85585023299996,-15.496883357999934],[-73.85498048299996,-15.493452107999872],[-73.85406498299994,-15.48247148299987],[-73.85562135899994,-15.476752232999957],[-73.85589598399991,-15.473732982999934],[-73.85749810799996,-15.471124607999911],[-73.85740660799996,-15.466915107999966],[-73.85845185799991,-15.462981232999823],[-73.86037448299993,-15.461379982999915],[-73.86106110799989,-15.457531982999967],[-73.86046598399997,-15.453734357999963],[-73.86225123299994,-15.45011998299998],[-73.86545560799988,-15.448839232999944],[-73.87131498299993,-15.448198357999956],[-73.87322998399992,-15.447192232999953],[-73.87652585799987,-15.44270798299982],[-73.8765563579999,-15.43915285799983],[-73.86951448299999,-15.428933107999967],[-73.86827085899995,-15.42613023299998],[-73.86808010899995,-15.42143635799988],[-73.86879735799988,-15.41726298299983],[-73.87348935799997,-15.411395982999977],[-73.87335973299997,-15.409048107999922],[-73.87113948399997,-15.40722273299997],[-73.86970523399998,-15.400246607999918],[-73.87094873299998,-15.397573482999974],[-73.87707535899995,-15.389162982999892],[-73.87544248299992,-15.386424982999927],[-73.87127685799999,-15.382317482999952],[-73.87107848299996,-15.37853623299992],[-73.87433623399988,-15.372081732999959],[-73.87512210799997,-15.365431732999923],[-73.87407685799991,-15.363345107999976],[-73.8741454829999,-15.358586357999968],[-73.87486273299999,-15.355065357999933],[-73.87694548299993,-15.350762357999884],[-73.87863923299994,-15.342873607999877],[-73.88362123399992,-15.338299731999882],[-73.87936398299996,-15.337226857999951],[-73.8735046079999,-15.334583232999876],[-73.86920923299994,-15.331710857999894],[-73.8661117339999,-15.324661232999972],[-73.86005398399988,-15.326117482999848],[-73.85193635899998,-15.326193857999954],[-73.84204860799986,-15.327308607999896],[-73.83258060799994,-15.327119857999833],[-73.82238773299997,-15.32552923299994],[-73.81546785799986,-15.32552923299994],[-73.8079909839999,-15.324274982999896],[-73.80593098299994,-15.324446732999888],[-73.80258948299985,-15.326420732999964],[-73.80095685899994,-15.32856660799996],[-73.79857635799988,-15.334690107999961],[-73.79306035799993,-15.339756982999972],[-73.79199223299992,-15.340038357999958],[-73.78326410799991,-15.337617857999874],[-73.77808385799995,-15.338743232999832],[-73.77645110799995,-15.340319607999959],[-73.77954860799991,-15.342740982999942],[-73.77931973299997,-15.346400357999926],[-73.76963810799998,-15.35704035799995],[-73.76750185899994,-15.362015732999907],[-73.76623535799996,-15.36771585799994],[-73.76355748299983,-15.373345357999938],[-73.76285548399994,-15.376090107999971],[-73.75886535799998,-15.38526535799997],[-73.75463885799996,-15.38878348299994],[-73.74681085799995,-15.39371010799988],[-73.73062135799995,-15.407344857999874],[-73.72306060799991,-15.41191860799995],[-73.71417248399996,-15.415603607999913],[-73.70652010799995,-15.420715357999939],[-73.70098110799995,-15.427488357999891],[-73.69455723299995,-15.434776357999908],[-73.68806460799988,-15.437183482999956]]]]},"properties":{"ubigeo":"040412","nombre":"QUICACHA"}},{"type":"Feature","geometry":{"type":"MultiPolygon","coordinates":[[[[-74.28659060899992,-15.515378982999948],[-74.28524785899992,-15.519959482999923],[-74.28640748399994,-15.523174232999907],[-74.29573823399988,-15.529954857999883],[-74.29885098399996,-15.535691232999966],[-74.3012389829999,-15.538062107999963],[-74.30445098399991,-15.543037357999935],[-74.30644223399992,-15.550738357999933],[-74.30503848399997,-15.55162910799993],[-74.30423735899996,-15.55510048399998],[-74.2997436089999,-15.556482357999926],[-74.29829410799988,-15.559195482999883],[-74.29602048399988,-15.560935982999979],[-74.29473110799995,-15.564331982999875],[-74.29102310799993,-15.56492810799989],[-74.28795623399992,-15.56314085899993],[-74.28641510899996,-15.563616732999947],[-74.28549960899988,-15.56859873299993],[-74.28647610899992,-15.571576232999917],[-74.28622435899996,-15.574220607999962],[-74.284225484,-15.577640482999868],[-74.28408048399996,-15.581966357999931],[-74.28313448299997,-15.585409107999965],[-74.28008273399996,-15.588463732999912],[-74.28250885799997,-15.593501982999953],[-74.28482060899984,-15.599845857999867],[-74.28699498399999,-15.602304483999887],[-74.28668973299995,-15.607898732999956],[-74.28348535899994,-15.609830857999953],[-74.28355410899985,-15.614792857999873],[-74.28429410899997,-15.616764982999882],[-74.29632573399994,-15.618902232999972],[-74.30500798399993,-15.623340607999978],[-74.31035610799995,-15.628804232999926],[-74.31260685899991,-15.632174482999972],[-74.31372835899998,-15.637257607999913],[-74.31779485899983,-15.640147232999936],[-74.3199921079999,-15.642501857999946],[-74.32180785799994,-15.646300357999849],[-74.3249664839999,-15.648708357999965],[-74.32699585899996,-15.654486607999957],[-74.32972723299997,-15.656466482999974],[-74.33125310799994,-15.659148232999826],[-74.33145123399999,-15.665101107999874],[-74.34117123399989,-15.67207235799998],[-74.34240723399995,-15.677087732999894],[-74.34477985899997,-15.678372357999876],[-74.3441543589999,-15.683354357999974],[-74.34851073399994,-15.686663607999947],[-74.35045623399998,-15.687186232999863],[-74.34864810899984,-15.691052482999908],[-74.34773248399995,-15.695420232999936],[-74.34646610899995,-15.697510732999945],[-74.34842685899991,-15.702028232999965],[-74.34886935899993,-15.706446607999908],[-74.35028073399991,-15.70915698399989],[-74.35078435799994,-15.712780982999902],[-74.35512548399993,-15.719916482999906],[-74.35530848399998,-15.72194098299991],[-74.3572922329999,-15.724933607999901],[-74.35968023299995,-15.725807982999868],[-74.36170960899989,-15.728109358999859],[-74.36769098399998,-15.728016857999933],[-74.37155898299994,-15.729904232999957],[-74.3756562339999,-15.736256607999906],[-74.37547298399994,-15.739523858999974],[-74.3827438589999,-15.74536985899988],[-74.38793948299991,-15.745282233999944],[-74.38914485899988,-15.74689860799998],[-74.39053348399995,-15.75238710799988],[-74.39881135899998,-15.752860982999948],[-74.40215298399988,-15.75382998299989],[-74.40609748399993,-15.752360357999976],[-74.40950010899985,-15.74948698399993],[-74.41636660799998,-15.751962607999928],[-74.42092898399994,-15.758358983999926],[-74.4281768589999,-15.75885585799989],[-74.43312073399994,-15.756669982999881],[-74.43537135899993,-15.754601483999977],[-74.44113923399993,-15.75533023399987],[-74.44394685899982,-15.758237857999916],[-74.44609073399994,-15.757998483999927],[-74.45016473299995,-15.763630858999932],[-74.45323948399988,-15.766385107999895],[-74.45496373399999,-15.76459410799987],[-74.45551298399988,-15.760277732999953],[-74.45842748399997,-15.75987910799995],[-74.46036523399988,-15.75592998399992],[-74.46273798399994,-15.755429232999973],[-74.46067048399993,-15.749955232999923],[-74.45974735899995,-15.74290273399987],[-74.46072385899998,-15.739706982999962],[-74.46343998399993,-15.739349357999913],[-74.46266935899996,-15.737091982999857],[-74.46282960899998,-15.726521482999942],[-74.46413423299998,-15.724713358999963],[-74.47245785899992,-15.719484358999978],[-74.48236085899993,-15.714771232999908],[-74.49449160899991,-15.710449232999963],[-74.50234998399998,-15.706769982999901],[-74.51704410899993,-15.703719107999916],[-74.52954098399994,-15.70078948299988],[-74.53156285899996,-15.700834233999956],[-74.55377960899995,-15.693265857999904],[-74.56737523399994,-15.687540982999906],[-74.57000735899999,-15.686914483999942],[-74.58677673399995,-15.679968857999881],[-74.58923335899993,-15.678408608999973],[-74.59863285899996,-15.67518523299998],[-74.6020813589999,-15.673382732999869],[-74.60822298399995,-15.671390482999982],[-74.61579135899996,-15.667777107999939],[-74.62308498399995,-15.665691357999947],[-74.63095098399992,-15.662461107999945],[-74.63870235899992,-15.660029357999974],[-74.6487273589999,-15.657712982999897],[-74.65197748399999,-15.656371232999902],[-74.64603423399996,-15.655584357999885],[-74.63673685899994,-15.652743857999894],[-74.62905698399999,-15.64947985799995],[-74.62387298399995,-15.647943857999849],[-74.61191560899994,-15.646804857999939],[-74.60266110899983,-15.646394732999909],[-74.5928649839999,-15.64410785799987],[-74.58525848399995,-15.642656357999954],[-74.57779698399992,-15.640259732999823],[-74.57198348399987,-15.637311107999835],[-74.56531523399997,-15.6330976079999],[-74.5535354839999,-15.623589482999932],[-74.54838560899992,-15.620089482999902],[-74.53440098399994,-15.609773607999898],[-74.52904510899992,-15.604708732999939],[-74.52613073399993,-15.60267160799998],[-74.5230024839999,-15.598832107999897],[-74.52281948399997,-15.596692982999855],[-74.52870935899995,-15.589896232999877],[-74.53402710899996,-15.58651748299991],[-74.53475948399995,-15.584375357999875],[-74.53308110899991,-15.577888482999981],[-74.53272248399998,-15.571984232999853],[-74.52999110899998,-15.56702423299987],[-74.52630598399998,-15.56500723299996],[-74.52244573399997,-15.561380357999894],[-74.51846548399988,-15.549496357999942],[-74.51276948399993,-15.537956232999875],[-74.50495148399995,-15.525945607999972],[-74.49618535899998,-15.537553732999982],[-74.49277498299989,-15.540499607999891],[-74.48838810899991,-15.541799482999977],[-74.48824310899994,-15.547056232999978],[-74.4873047339999,-15.55630298299991],[-74.48603823399992,-15.559162982999965],[-74.48337560899989,-15.562340732999871],[-74.47879785899994,-15.565315232999978],[-74.47330460899997,-15.56989860799996],[-74.4643554839999,-15.57917598299997],[-74.45970148399994,-15.586872107999966],[-74.45765685899988,-15.589044607999938],[-74.45393373399997,-15.58817573399989],[-74.45046385899991,-15.585202607999918],[-74.44714535899988,-15.584078357999886],[-74.44463348399995,-15.580300357999931],[-74.44432835899994,-15.574871107999968],[-74.43749998399994,-15.564673482999979],[-74.43549348399989,-15.562995857999908],[-74.42583773399991,-15.557511857999941],[-74.41960910899996,-15.55769923299988],[-74.41447448399992,-15.558857857999897],[-74.40901185899997,-15.558747232999906],[-74.40107723399996,-15.556888607999952],[-74.39878885899998,-15.555011107999974],[-74.3943931089999,-15.548047607999877],[-74.39095485899998,-15.541243607999945],[-74.38998285899987,-15.535861482999849],[-74.38584135899993,-15.532072107999909],[-74.3801269839999,-15.528604482999981],[-74.37195598399984,-15.525109232999966],[-74.37003323399989,-15.523435607999886],[-74.36928560899997,-15.520314232999965],[-74.37023160799998,-15.517062357999976],[-74.37178035899996,-15.515317857999946],[-74.37819673399997,-15.511349732999975],[-74.37577823399988,-15.508032857999979],[-74.36953735799989,-15.506429732999948],[-74.36186985899991,-15.506202732999895],[-74.35566710899997,-15.508232107999959],[-74.34994510799993,-15.513299982999968],[-74.34157485899988,-15.51635910799996],[-74.3378886079999,-15.517096357999947],[-74.33083348399998,-15.51669310799997],[-74.32582860899998,-15.514593107999929],[-74.31620023299996,-15.513963732999969],[-74.30660248399994,-15.512036358999865],[-74.30091860899995,-15.512165982999932],[-74.29811098399983,-15.513476357999878],[-74.29167935899994,-15.514948857999968],[-74.28659060899992,-15.515378982999948]]]]},"properties":{"ubigeo":"040413","nombre":"YAUCA"}},{"type":"Feature","geometry":{"type":"MultiPolygon","coordinates":[[[[-72.44380960699988,-15.849327982999966],[-72.44530485699994,-15.853994232999923],[-72.44603723199998,-15.86048798299987],[-72.45063023199987,-15.8664331089999],[-72.45225523199991,-15.870758107999904],[-72.45318598199992,-15.875492107999946],[-72.45529935699994,-15.879698732999827],[-72.45549010699989,-15.882357607999893],[-72.45832823199999,-15.886875107999856],[-72.4602737319999,-15.888847357999964],[-72.46249385699986,-15.894335732999934],[-72.46533198199995,-15.8955612339999],[-72.46791073199995,-15.901754358999938],[-72.46499635699996,-15.908226983999953],[-72.46305848199995,-15.915290857999878],[-72.46358485699989,-15.917579482999884],[-72.46306610699986,-15.923867232999953],[-72.46230310699997,-15.925665858999878],[-72.46368410699984,-15.933070233999956],[-72.46135723199995,-15.937685982999938],[-72.46301273199998,-15.940086357999974],[-72.46336360699996,-15.94680310799987],[-72.4663772319999,-15.950674108999976],[-72.46826173199997,-15.95898060799982],[-72.47195435699996,-15.96360585799988],[-72.47006223199998,-15.967117233999886],[-72.46823123199994,-15.967702857999939],[-72.46784973199988,-15.972063982999941],[-72.4655838569999,-15.975162483999952],[-72.46517948199994,-15.978383107999889],[-72.46604160699985,-15.980727983999941],[-72.46591948199995,-15.986171733999868],[-72.46702573199991,-15.988158232999922],[-72.46749873199997,-15.993720983999935],[-72.47114573199991,-15.996546732999946],[-72.47281660699997,-16.000007607999976],[-72.47253423199999,-16.003610608999907],[-72.47578435699995,-16.00434110799995],[-72.4800872319999,-16.007282233999945],[-72.48342135699988,-16.00875848299995],[-72.48395535699996,-16.01095010799986],[-72.48110198199993,-16.01632123299993],[-72.48219298199996,-16.0213374839999],[-72.48426060699995,-16.02585985899998],[-72.48374935699997,-16.03048898399993],[-72.48214723199999,-16.032777733999865],[-72.48114010699999,-16.036426482999957],[-72.48134610699998,-16.040805857999942],[-72.47992710699998,-16.043449358999965],[-72.47993473199989,-16.048244483999895],[-72.47728723199987,-16.055292107999946],[-72.47608185699994,-16.061498608999898],[-72.47848510699993,-16.07216635799989],[-72.47997285699995,-16.076263608999966],[-72.48361210699994,-16.08033748299988],[-72.48564148199989,-16.081067983999958],[-72.48844910699995,-16.085601857999904],[-72.48884585699994,-16.088855732999946],[-72.49111173199998,-16.09227185899988],[-72.49033360699991,-16.09749035899989],[-72.48471073199983,-16.106029357999887],[-72.48020173199995,-16.109125108999876],[-72.47806548199986,-16.11177823299994],[-72.47776798199993,-16.11396785799991],[-72.47351073199997,-16.11664585899996],[-72.47267910699998,-16.11970135799993],[-72.47316735699997,-16.12320135899995],[-72.47133635699998,-16.12874035899995],[-72.46967310699995,-16.130552232999946],[-72.47345735699997,-16.139759108999954],[-72.47768398199992,-16.147273982999934],[-72.47760010699989,-16.15476423299998],[-72.47445673199996,-16.16210173399992],[-72.47174835699997,-16.163396858999874],[-72.47249598199983,-16.168138483999883],[-72.46973423199995,-16.16998098299996],[-72.46853635699995,-16.172063858999877],[-72.4680862319999,-16.17618160799998],[-72.46626285699995,-16.179292733999887],[-72.46610260699993,-16.18163298299993],[-72.46900173199998,-16.184387233999814],[-72.46949773199998,-16.18858523399996],[-72.4710617319999,-16.190164608999908],[-72.47502135699995,-16.188156233999905],[-72.48616023199992,-16.18814273399994],[-72.48873898199997,-16.187498108999876],[-72.49187473199999,-16.185432483999875],[-72.49618535699994,-16.18528935899991],[-72.49906160699999,-16.17774960899993],[-72.50075535699989,-16.174632983999913],[-72.50431823199989,-16.17258448299998],[-72.50653073199999,-16.168460732999904],[-72.50708773199989,-16.164461108999944],[-72.50759885699989,-16.155210358999966],[-72.50903323199992,-16.15159035899984],[-72.51007085699996,-16.146123858999886],[-72.5115891069999,-16.14331823299983],[-72.51375585699998,-16.13566785899991],[-72.51897423199989,-16.131603233999954],[-72.52086635699999,-16.127679858999954],[-72.52156060699986,-16.119831108999904],[-72.52691648199988,-16.11388398299988],[-72.53342435699994,-16.108196232999944],[-72.53506473199997,-16.107620107999878],[-72.53999323199997,-16.108079858999815],[-72.5429839819999,-16.109186232999946],[-72.54692073199993,-16.10730360899987],[-72.55065160699996,-16.100830108999844],[-72.55571748199998,-16.097536108999975],[-72.55847173199999,-16.09315685799993],[-72.56278985699993,-16.092334733999905],[-72.56770323199999,-16.094057108999948],[-72.57067110699995,-16.096624358999918],[-72.57254785699996,-16.103736858999923],[-72.57182310699994,-16.11326598399984],[-72.57412723199991,-16.115835233999974],[-72.57627873199993,-16.124778732999914],[-72.58574673199996,-16.12544623399998],[-72.59727473199996,-16.1281738589999],[-72.60087585699995,-16.131826358999945],[-72.60221098199992,-16.13527498399992],[-72.60231785699989,-16.138292358999934],[-72.60583498199992,-16.136897982999926],[-72.6136398569999,-16.136037858999885],[-72.61793523199987,-16.136468983999976],[-72.62265010699997,-16.133323608999945],[-72.6276321069999,-16.13288698399998],[-72.63391873299992,-16.134546232999924],[-72.63986210799999,-16.137805982999907],[-72.6396561069999,-16.14235498299996],[-72.64082335699993,-16.145536482999944],[-72.63887023199999,-16.152154983999935],[-72.63705448199994,-16.15435223399993],[-72.63612360699994,-16.159660357999883],[-72.63195035699994,-16.168296857999962],[-72.63162998199994,-16.17352673299996],[-72.63308710699994,-16.181419358999904],[-72.63486485699997,-16.183385857999895],[-72.63507848199998,-16.18623735899996],[-72.63368985699998,-16.19486810799998],[-72.63338473199997,-16.203330983999933],[-72.63375860699983,-16.20740885899994],[-72.63622285799988,-16.21269798299994],[-72.63845823199983,-16.215631483999914],[-72.64322660699992,-16.21812635799995],[-72.64307398199992,-16.222789733999946],[-72.64463048199991,-16.229326233999814],[-72.64828485699996,-16.235368733999906],[-72.64891048299984,-16.238870608999946],[-72.65080248199996,-16.241853733999903],[-72.65010073199988,-16.24663923399993],[-72.65108485699989,-16.247810358999914],[-72.66090398199998,-16.248014483999953],[-72.66479498199988,-16.246913858999903],[-72.66653448199992,-16.24462510799998],[-72.66849523199988,-16.238956482999924],[-72.67128748199991,-16.237073857999917],[-72.6770324819999,-16.235662482999942],[-72.67978673299996,-16.23065548399984],[-72.68358610799999,-16.225805233999893],[-72.6874086069999,-16.21850585899989],[-72.6875533569999,-16.216165483999873],[-72.68604273199998,-16.213949233999926],[-72.68513485799997,-16.210138358999927],[-72.68598173199996,-16.20114898399987],[-72.6845016069999,-16.194971108999937],[-72.68629448199994,-16.187330232999955],[-72.68788910699988,-16.184978482999952],[-72.68984985699984,-16.173921608999933],[-72.69220735699986,-16.16699985799994],[-72.69393923299998,-16.163988107999955],[-72.69194035699996,-16.15936660899996],[-72.69074248199996,-16.153224983999905],[-72.69094848299989,-16.150394357999915],[-72.69007110799993,-16.14581485799988],[-72.68774410699996,-16.14109235899997],[-72.68675235699999,-16.137613358999943],[-72.68818660699998,-16.130977733999885],[-72.68825535799988,-16.126254983999956],[-72.68720248299991,-16.119810108999957],[-72.69017023199996,-16.117736858999933],[-72.69862360699994,-16.10982510899987],[-72.70127110699991,-16.10570923399996],[-72.70487210699997,-16.096551858999874],[-72.70785310699995,-16.091760608999948],[-72.71135710699997,-16.076318733999926],[-72.71140173199996,-16.070249358999888],[-72.71317923199985,-16.063283732999935],[-72.71311523199995,-16.053790608999975],[-72.71223535699988,-16.051395482999908],[-72.70964498299998,-16.03761948399989],[-72.70708985799996,-16.033521483999948],[-72.70696823299994,-16.026716357999874],[-72.70538360699999,-16.0200256089999],[-72.70385760699997,-16.016439858999945],[-72.70158610699997,-16.008401608999918],[-72.70008560699995,-16.006182607999904],[-72.6967842329999,-15.998560357999963],[-72.69023898199998,-15.996759357999963],[-72.68911748199997,-15.993695232999926],[-72.68820185699991,-15.988182108999922],[-72.68666835799996,-15.984095607999961],[-72.6842193579999,-15.98241235799992],[-72.67867273199988,-15.98115248399995],[-72.67797085799998,-15.98702710799995],[-72.67805485699995,-15.99077498299988],[-72.67480473199998,-15.995490107999956],[-72.6752701069999,-16.00236898299994],[-72.6743392329999,-16.004533733999892],[-72.67364498299992,-16.01025185799989],[-72.66529848199997,-16.01763348299994],[-72.66338348199997,-16.01763910899996],[-72.66243748199997,-16.0149268589999],[-72.65401460699991,-16.015622982999957],[-72.64929960699999,-16.017284357999927],[-72.64186098199991,-16.016044608999948],[-72.6328277319999,-16.015886357999875],[-72.62925723199999,-16.01333998299998],[-72.62489323199992,-16.01209448399993],[-72.61843873199996,-16.01294323299993],[-72.61453248199996,-16.015886357999875],[-72.61057273199998,-16.01724623299998],[-72.60309598199996,-16.01724623399997],[-72.59975435699988,-16.02174760899993],[-72.59766385699993,-16.023614858999963],[-72.59618373199993,-16.027183483999977],[-72.58401485699994,-16.030465983999875],[-72.58101648299998,-16.029506733999938],[-72.57478335699994,-16.028570232999982],[-72.57721710799996,-16.024890858999925],[-72.57704923199992,-16.021776233999958],[-72.57891848199995,-16.018152233999956],[-72.5859374819999,-16.009517608999886],[-72.5858612319999,-16.00808910899991],[-72.58282473199995,-16.005496983999933],[-72.58281710799992,-16.001281733999974],[-72.58542623199997,-15.996324483999956],[-72.59043123199996,-15.994365732999881],[-72.59615498199997,-15.991059982999957],[-72.60152523199991,-15.98735085899989],[-72.60278985699995,-15.985498358999905],[-72.60377548199995,-15.975839107999889],[-72.60674373199998,-15.972979358999964],[-72.60664560699996,-15.971573733999946],[-72.60020448199998,-15.969651233999969],[-72.59563448199998,-15.96633435799987],[-72.59193423299996,-15.965200482999933],[-72.5900497319999,-15.96251398399994],[-72.58729560699993,-15.953782107999928],[-72.58713548199995,-15.949994108999931],[-72.58956910699993,-15.941423358999941],[-72.59143823199997,-15.936275482999974],[-72.58448023199998,-15.93791585799994],[-72.57911685699992,-15.937534358999926],[-72.57603448299989,-15.93561935899993],[-72.56944273199991,-15.932867108999915],[-72.56531523199999,-15.929802858999892],[-72.55697635699988,-15.927675232999889],[-72.55342860699989,-15.924083732999975],[-72.55004123199984,-15.922438608999926],[-72.54450223199984,-15.922637983999834],[-72.53871923199989,-15.919345858999918],[-72.53654485699985,-15.916928233999897],[-72.52755735699998,-15.911733607999906],[-72.52514648199997,-15.911465607999844],[-72.51864623199992,-15.90881348299996],[-72.51635748199993,-15.904476107999926],[-72.51004023199994,-15.899415983999916],[-72.50830835699998,-15.89660260799991],[-72.50746160699993,-15.890864358999977],[-72.51057435699988,-15.885035482999967],[-72.51393885699991,-15.879950483999949],[-72.52031710699998,-15.872272482999904],[-72.52433010699986,-15.868490232999932],[-72.52835848199999,-15.862565983999957],[-72.52899935699992,-15.856761982999956],[-72.53067010699993,-15.853035983999973],[-72.53157810699986,-15.847195607999822],[-72.53394323199996,-15.842632232999904],[-72.53525548199991,-15.835534107999933],[-72.53740698199994,-15.832027357999948],[-72.53947448199995,-15.826069858999972],[-72.54171748199991,-15.823069608999901],[-72.54146573199995,-15.818295482999929],[-72.54256435699989,-15.813309607999884],[-72.54551698199987,-15.808289482999896],[-72.54269410699999,-15.80763723399997],[-72.54090885699998,-15.805980733999945],[-72.53565210699998,-15.803941732999874],[-72.53428423299994,-15.804201857999942],[-72.53211210699999,-15.80473710799987],[-72.52884673199998,-15.80768585899989],[-72.52676385699988,-15.808590107999919],[-72.51721948199992,-15.80852885899992],[-72.51452635699997,-15.80648223299994],[-72.50848385699993,-15.80389023399988],[-72.50478360699992,-15.798238733999938],[-72.50362398199991,-15.797363232999942],[-72.49555973199995,-15.797583608999958],[-72.48851010699997,-15.79176710799993],[-72.47927098199995,-15.788857482999958],[-72.47555548199995,-15.785957357999905],[-72.47058110699993,-15.78768735899996],[-72.4702072319999,-15.79089635799994],[-72.47141260699988,-15.793331982999916],[-72.47010798199994,-15.799150482999949],[-72.46891773199997,-15.800490357999877],[-72.46645360699983,-15.806012107999948],[-72.46336360699996,-15.810418108999897],[-72.46298223199994,-15.813187482999979],[-72.46372985699998,-15.816158232999953],[-72.4625243569999,-15.818552982999847],[-72.45731348199996,-15.821517983999968],[-72.45404810699995,-15.825265857999966],[-72.45142360699998,-15.830372857999919],[-72.45104998199997,-15.833947232999947],[-72.44873048199997,-15.837720858999944],[-72.44979098199997,-15.839892358999975],[-72.4492339819999,-15.84236148399998],[-72.44686885699997,-15.844765608999921],[-72.44538110699995,-15.848625233999883],[-72.44380960699988,-15.849327982999966]]]]},"properties":{"ubigeo":"040501","nombre":"APLAO"}},{"type":"Feature","geometry":{"type":"MultiPolygon","coordinates":[[[[-72.25690235599996,-15.542880857999933],[-72.25695798199996,-15.54529560799989],[-72.26217648199997,-15.553750982999873],[-72.26218410699983,-15.558251357999836],[-72.26101685699996,-15.564488357999949],[-72.26345823199989,-15.567216857999938],[-72.26117710699998,-15.574920607999957],[-72.25920873099994,-15.577152232999879],[-72.25933835699993,-15.580779108999934],[-72.25788110599996,-15.58402635899995],[-72.2596893569999,-15.585793482999975],[-72.26343535699988,-15.586115857999971],[-72.26663210699996,-15.585057232999873],[-72.27028660699983,-15.58550185799993],[-72.27347560699997,-15.582819983999968],[-72.27550510699996,-15.577979982999977],[-72.27847285699994,-15.575369857999931],[-72.28237923199993,-15.576598107999928],[-72.28651423199994,-15.57696148299982],[-72.29439535699993,-15.576537108999958],[-72.29724123199992,-15.579928357999961],[-72.30240635699982,-15.583193732999973],[-72.30576323099984,-15.58668798299982],[-72.30620573199997,-15.59228423299993],[-72.30847948199994,-15.599237482999968],[-72.31015773199982,-15.600808107999967],[-72.31658935699994,-15.60112573299989],[-72.31995385599998,-15.60232448399995],[-72.32331848199993,-15.602402732999963],[-72.32792660699982,-15.604215607999947],[-72.32958985699997,-15.60412785799997],[-72.33183285699982,-15.601193483999964],[-72.3379439819999,-15.602194732999976],[-72.34168248199995,-15.60218998399995],[-72.34542085699991,-15.603429857999913],[-72.34843448099997,-15.607041357999947],[-72.35129560699988,-15.608764607999888],[-72.35422510699993,-15.609323482999969],[-72.35775760699988,-15.606747607999978],[-72.35923773099995,-15.602607732999957],[-72.36353298199998,-15.60063460799995],[-72.36638635599991,-15.602277733999927],[-72.37168885699998,-15.60110573399993],[-72.37465673199995,-15.597686732999932],[-72.37726598199993,-15.598808232999886],[-72.3840637319999,-15.597983357999965],[-72.39064023199995,-15.59831048399991],[-72.3934478569999,-15.598110232999943],[-72.39756773199997,-15.595733607999875],[-72.40010073199994,-15.596374482999977],[-72.40553285699991,-15.595396982999887],[-72.40893560699988,-15.59154798399993],[-72.41186523199991,-15.58499335799985],[-72.40919498199997,-15.582580607999944],[-72.40872198199997,-15.57578660799993],[-72.41011048199994,-15.57189748299993],[-72.40989685699992,-15.56534573399989],[-72.40298473199994,-15.560978857999885],[-72.3997802319999,-15.559575982999831],[-72.39490510699994,-15.554495857999939],[-72.39706423199988,-15.551499357999944],[-72.39635473199996,-15.545623732999957],[-72.39880373199992,-15.542948732999946],[-72.4034042319999,-15.542279232999817],[-72.40715785699996,-15.540230732999873],[-72.41366573199986,-15.540230732999873],[-72.41617585699998,-15.537067357999945],[-72.41831210699996,-15.535931607999942],[-72.42053985699994,-15.533011483999928],[-72.42691035699988,-15.533715232999896],[-72.42952710699996,-15.532729107999955],[-72.43476873199995,-15.533715233999885],[-72.43698885699996,-15.532632857999943],[-72.4386519819999,-15.529614482999875],[-72.44300073199992,-15.523663482999893],[-72.44719698199992,-15.52024173299992],[-72.44963073199995,-15.520149232999927],[-72.4591292319999,-15.52415748299984],[-72.46276860699993,-15.528535857999884],[-72.46945948199993,-15.529213857999935],[-72.4714813569999,-15.526614232999975],[-72.47720335699995,-15.524939483999958],[-72.48054498199991,-15.520048107999912],[-72.48400110699998,-15.518017732999965],[-72.48937223199994,-15.516776982999886],[-72.48992923199995,-15.514648482999974],[-72.49771885699982,-15.514316607999945],[-72.50347898199993,-15.51668360799988],[-72.50530248199988,-15.513935107999941],[-72.51048273199996,-15.509074232999978],[-72.52190048199998,-15.508318857999939],[-72.5255309819999,-15.507030607999923],[-72.5265176069999,-15.505386732999966],[-72.5160598569999,-15.496622107999883],[-72.51589198199997,-15.494430482999917],[-72.5115891069999,-15.489260732999924],[-72.50762173199985,-15.478260982999927],[-72.50759123199998,-15.475064232999841],[-72.51069635699997,-15.469043732999978],[-72.51362610699988,-15.466308607999963],[-72.5147704819999,-15.464021732999925],[-72.51563273199991,-15.45916748299993],[-72.51483148199998,-15.455957357999978],[-72.51558685699996,-15.45085810799992],[-72.52081298199988,-15.443878232999907],[-72.52342985699988,-15.438920982999832],[-72.52234648199993,-15.42946260799988],[-72.52405548199994,-15.426271482999937],[-72.5239487319999,-15.424390732999939],[-72.52155298199995,-15.423137732999976],[-72.52115635699988,-15.42057323299997],[-72.5226593569999,-15.417413732999933],[-72.52040848199994,-15.41021448299989],[-72.51958460699996,-15.406562857999916],[-72.51167298199994,-15.398737857999947],[-72.50736998199989,-15.398737857999947],[-72.50201410699992,-15.397200607999935],[-72.48924260699988,-15.395747232999952],[-72.48589323199997,-15.392801232999943],[-72.48119348199992,-15.391926732999934],[-72.47573085699997,-15.391653982999856],[-72.47376248199998,-15.39077948299996],[-72.46767423199992,-15.389874482999971],[-72.46054073199997,-15.388020482999934],[-72.45757298199993,-15.388892232999979],[-72.45126348199994,-15.389124857999946],[-72.4488372319999,-15.39169498299998],[-72.44690698199992,-15.391955357999905],[-72.4424286069999,-15.395531607999885],[-72.44066610699991,-15.39819523299991],[-72.43517298199998,-15.403551107999931],[-72.43361660699992,-15.407252357999937],[-72.43156435699984,-15.408741982999913],[-72.43113710699993,-15.412929482999914],[-72.42719273199998,-15.41379448299989],[-72.42358398199997,-15.415759982999816],[-72.42150110699998,-15.41464998299989],[-72.41973110699996,-15.417903857999931],[-72.41950223199996,-15.42012685799989],[-72.41592410699991,-15.423119357999951],[-72.41197210699994,-15.423259732999952],[-72.40687560699996,-15.425412232999975],[-72.40014648199991,-15.430173857999932],[-72.4000091069999,-15.434695232999957],[-72.39638523199994,-15.437396107999973],[-72.39494323199989,-15.44009973299984],[-72.39164735699995,-15.44010735799992],[-72.38896948199982,-15.438336357999958],[-72.38587185699993,-15.434699107999904],[-72.37834173199997,-15.433791107999923],[-72.37465673199995,-15.431974357999877],[-72.36389923199994,-15.429759982999883],[-72.36157223199996,-15.428065357999913],[-72.35396573199995,-15.427867857999956],[-72.34892273199995,-15.426725357999885],[-72.34304810699996,-15.426528982999912],[-72.34037023199994,-15.42566198299994],[-72.34107973199991,-15.419265732999975],[-72.33859248199991,-15.41202548299998],[-72.33326723099992,-15.407646232999923],[-72.33034510699991,-15.403903982999907],[-72.32872010699992,-15.396417607999979],[-72.32912448199988,-15.392559107999944],[-72.32692723199989,-15.388480232999882],[-72.32478335699989,-15.38701148299998],[-72.32024385699998,-15.388482107999948],[-72.31579585699996,-15.390664107999953],[-72.31367498199995,-15.389670357999933],[-72.3093108569999,-15.38951973299993],[-72.30736535699998,-15.388461107999888],[-72.30256648099993,-15.38342573299991],[-72.29618073199993,-15.381218732999912],[-72.28823848199994,-15.381848357999957],[-72.28455348199998,-15.386082607999924],[-72.28718560699997,-15.38974098299991],[-72.2854384819999,-15.390687107999952],[-72.2820204819999,-15.388960857999962],[-72.27783198199984,-15.388334232999966],[-72.27472685699996,-15.386188482999898],[-72.27139285699997,-15.382185982999943],[-72.26310735599992,-15.376056732999928],[-72.2601089819999,-15.378887232999944],[-72.25688935699998,-15.380023982999944],[-72.25106048199996,-15.379569107999941],[-72.24776460599992,-15.379872357999886],[-72.24475098199997,-15.379023607999954],[-72.2414246059999,-15.379609107999954],[-72.23545835699991,-15.378655482999932],[-72.23270410699985,-15.379936232999967],[-72.23265073199997,-15.383968357999947],[-72.2352447319999,-15.387891732999947],[-72.2395706069999,-15.392469357999971],[-72.24085235699988,-15.397823357999982],[-72.24208073099993,-15.400484107999944],[-72.24516298199995,-15.403521482999963],[-72.24806973199986,-15.409601232999876],[-72.24987798199999,-15.421238857999981],[-72.25128173199988,-15.425540982999962],[-72.25182348199996,-15.430703107999932],[-72.25435635699989,-15.43325135799995],[-72.26058198199996,-15.435700357999963],[-72.26866910699994,-15.43814085799994],[-72.2687148569999,-15.444851857999936],[-72.27062223199988,-15.448267982999937],[-72.27174373199995,-15.454989357999978],[-72.27262873099988,-15.457341232999966],[-72.27395635599999,-15.468040482999982],[-72.27600860699994,-15.471214232999955],[-72.27865598199998,-15.472188982999967],[-72.27939610699991,-15.474330857999973],[-72.28368373199987,-15.47760298299994],[-72.28672023099995,-15.480796857999962],[-72.29357910699997,-15.481303232999949],[-72.30015560699985,-15.486171732999878],[-72.30366510699997,-15.487301857999967],[-72.30771635699995,-15.489794732999883],[-72.31210310699993,-15.490958232999958],[-72.30969235699996,-15.49316023299997],[-72.30512998199993,-15.492461232999972],[-72.30107873199995,-15.494068107999965],[-72.29752348199992,-15.501714732999915],[-72.29281610699991,-15.505865107999966],[-72.28881073199989,-15.50661085799993],[-72.28659060599995,-15.508593607999956],[-72.28575910699988,-15.511300982999956],[-72.28353135699996,-15.512956608999957],[-72.2827301069999,-15.51518348299993],[-72.27996060699991,-15.517425482999897],[-72.27864073199999,-15.522561982999889],[-72.27516935699998,-15.522803357999976],[-72.27120973099983,-15.528018982999924],[-72.26500698199999,-15.534100482999975],[-72.26452635699991,-15.537019607999923],[-72.2584914819999,-15.542361232999951],[-72.25690235599996,-15.542880857999933]]]]},"properties":{"ubigeo":"040502","nombre":"ANDAGUA"}},{"type":"Feature","geometry":{"type":"MultiPolygon","coordinates":[[[[-72.20024110699995,-15.529790857999899],[-72.19696810699998,-15.534279857999877],[-72.19631960699996,-15.543329232999895],[-72.19436648199991,-15.550261482999929],[-72.19666285699992,-15.560332357999982],[-72.19594573199998,-15.565731982999978],[-72.19592285699997,-15.570342982999932],[-72.19512935699998,-15.575606357999959],[-72.1982879819999,-15.578179357999943],[-72.20226285699982,-15.579260857999827],[-72.20246885699999,-15.583997732999876],[-72.20580285699998,-15.584436357999948],[-72.20710748099992,-15.589644482999915],[-72.20919798199998,-15.592697107999982],[-72.20992273199988,-15.595997858999965],[-72.21214298199999,-15.599831607999931],[-72.21126560599998,-15.605146357999956],[-72.20865635699982,-15.605740607999962],[-72.20675660699993,-15.608040857999981],[-72.20755773199994,-15.610612857999968],[-72.20706935699997,-15.616193733999978],[-72.20859523199994,-15.619178732999956],[-72.20769498199996,-15.621911233999981],[-72.20318598199998,-15.624564232999944],[-72.20294948199995,-15.62811848399997],[-72.20375823199998,-15.632668482999918],[-72.20499423099994,-15.63541698299997],[-72.20822148199989,-15.637108857999976],[-72.2125091069999,-15.64092635899982],[-72.21732335699988,-15.642599107999956],[-72.22018448199992,-15.644450232999873],[-72.22266385699999,-15.648019732999899],[-72.22560123199986,-15.654366482999933],[-72.22684473199996,-15.66116810799997],[-72.22631835699997,-15.66719723299991],[-72.22782135699998,-15.673223357999916],[-72.23084260699994,-15.680989233999867],[-72.23134610699992,-15.683919857999967],[-72.2335968569999,-15.688089357999957],[-72.2346802319999,-15.693579732999865],[-72.23710635699985,-15.696108858999935],[-72.23759460699983,-15.699402857999928],[-72.23550410699988,-15.70370773299993],[-72.23330685699989,-15.711843483999871],[-72.23625185699984,-15.716204607999941],[-72.23638135699997,-15.721443232999945],[-72.23722835699988,-15.723341982999841],[-72.24119573099989,-15.727125107999939],[-72.2446899819999,-15.729503607999845],[-72.24528498099994,-15.735808357999872],[-72.2463378569999,-15.737410482999906],[-72.25384523199989,-15.740947608999932],[-72.25861360699997,-15.740185733999965],[-72.26422885599999,-15.741228108999962],[-72.27153010699993,-15.73677635799993],[-72.27273560699996,-15.734048857999937],[-72.27602385599988,-15.730639482999948],[-72.28287510699994,-15.727652607999971],[-72.29056548199992,-15.7268818579999],[-72.29430385699999,-15.72380260899996],[-72.29792785599989,-15.719341358999941],[-72.30164335699993,-15.719456733999891],[-72.30576323199995,-15.721644357999878],[-72.30927273199995,-15.719687483999962],[-72.31517023199996,-15.718046233999871],[-72.31819135699999,-15.72049348299987],[-72.32221985699988,-15.721192357999882],[-72.32735448199992,-15.720524732999877],[-72.32954410699989,-15.721975357999895],[-72.34268185699995,-15.719553982999969],[-72.35034948199996,-15.722091732999957],[-72.35368335699985,-15.72487923299991],[-72.35816198199996,-15.730453483999895],[-72.36009198199997,-15.72513298299998],[-72.35965723199996,-15.721270482999955],[-72.36439510699984,-15.717129733999911],[-72.36527248199997,-15.712431858999878],[-72.36547085699993,-15.707454732999906],[-72.36708073199998,-15.702218982999966],[-72.3673019819999,-15.698969857999884],[-72.36876673199998,-15.697472607999885],[-72.3722076069999,-15.696548483999834],[-72.37097173199999,-15.691244107999978],[-72.37239835699995,-15.682373982999934],[-72.37329098199996,-15.680112857999916],[-72.37096410699996,-15.668551482999874],[-72.37129210699993,-15.665942232999896],[-72.3700103569999,-15.66335385799988],[-72.36713410699997,-15.660030357999972],[-72.36958310699993,-15.657523107999907],[-72.36953735699996,-15.65319448299988],[-72.37400823199994,-15.648073357999976],[-72.37468723199999,-15.645836857999939],[-72.37776948199996,-15.64123535799996],[-72.37786098199996,-15.639451982999958],[-72.38029485699997,-15.635498107999922],[-72.38300323199991,-15.633068107999861],[-72.38514710699991,-15.63300798399996],[-72.38530735699993,-15.626569732999883],[-72.38759610699998,-15.624483107999879],[-72.39004510699982,-15.61836623299996],[-72.39014435699994,-15.612950357999921],[-72.3869247319999,-15.607312232999902],[-72.38672635699993,-15.605605107999963],[-72.38993835699995,-15.602058357999965],[-72.39064023199995,-15.59831048399991],[-72.3840637319999,-15.597983357999965],[-72.37726598199993,-15.598808232999886],[-72.37465673199995,-15.597686732999932],[-72.37168885699998,-15.60110573399993],[-72.36638635599991,-15.602277733999927],[-72.36353298199998,-15.60063460799995],[-72.35923773099995,-15.602607732999957],[-72.35775760699988,-15.606747607999978],[-72.35422510699993,-15.609323482999969],[-72.35129560699988,-15.608764607999888],[-72.34843448099997,-15.607041357999947],[-72.34542085699991,-15.603429857999913],[-72.34168248199995,-15.60218998399995],[-72.3379439819999,-15.602194732999976],[-72.33183285699982,-15.601193483999964],[-72.32958985699997,-15.60412785799997],[-72.32792660699982,-15.604215607999947],[-72.32331848199993,-15.602402732999963],[-72.31995385599998,-15.60232448399995],[-72.31658935699994,-15.60112573299989],[-72.31015773199982,-15.600808107999967],[-72.30847948199994,-15.599237482999968],[-72.30620573199997,-15.59228423299993],[-72.30576323099984,-15.58668798299982],[-72.30240635699982,-15.583193732999973],[-72.29724123199992,-15.579928357999961],[-72.29439535699993,-15.576537108999958],[-72.28651423199994,-15.57696148299982],[-72.28237923199993,-15.576598107999928],[-72.27847285699994,-15.575369857999931],[-72.27550510699996,-15.577979982999977],[-72.27347560699997,-15.582819983999968],[-72.27028660699983,-15.58550185799993],[-72.26663210699996,-15.585057232999873],[-72.26343535699988,-15.586115857999971],[-72.2596893569999,-15.585793482999975],[-72.25788110599996,-15.58402635899995],[-72.25933835699993,-15.580779108999934],[-72.25920873099994,-15.577152232999879],[-72.26117710699998,-15.574920607999957],[-72.26345823199989,-15.567216857999938],[-72.26101685699996,-15.564488357999949],[-72.26218410699983,-15.558251357999836],[-72.26217648199997,-15.553750982999873],[-72.25695798199996,-15.54529560799989],[-72.25690235599996,-15.542880857999933],[-72.25051885699997,-15.538155607999954],[-72.24447160699998,-15.536496357999965],[-72.23604598199995,-15.535727733999977],[-72.22820085699993,-15.531242607999957],[-72.22239685699992,-15.529376982999963],[-72.21807098199986,-15.527275982999925],[-72.20989985699993,-15.529611607999982],[-72.20725260599994,-15.529142357999888],[-72.2048111069999,-15.530293482999923],[-72.20024110699995,-15.529790857999899]]]]},"properties":{"ubigeo":"040503","nombre":"AYO"}},{"type":"Feature","geometry":{"type":"MultiPolygon","coordinates":[[[[-71.96971135599983,-15.135450232999972],[-71.97307585699986,-15.136142732999872],[-71.97920223199998,-15.140962607999882],[-71.9832916069999,-15.14316273299994],[-71.9882432309999,-15.142913857999872],[-71.99744410699992,-15.143140732999882],[-72.0029526059999,-15.14611723299987],[-72.00748448099995,-15.150824607999937],[-72.01199335699988,-15.154062231999944],[-72.01771548199997,-15.156056357999887],[-72.02374273099991,-15.158965107999961],[-72.03562160599995,-15.15922073199988],[-72.03798673099988,-15.159726106999926],[-72.04590610699984,-15.167379357999891],[-72.04393010599995,-15.171306607999952],[-72.0384292309999,-15.174430857999823],[-72.03753660699994,-15.17600723299995],[-72.03263860599986,-15.180707982999877],[-72.02853398199989,-15.186099107999894],[-72.02626035699996,-15.191316482999923],[-72.02537535599993,-15.195527107999965],[-72.0259248559999,-15.198400481999954],[-72.02799223199992,-15.200574857999982],[-72.03382873099991,-15.202520357999958],[-72.04232035699988,-15.209345857999892],[-72.04659273199997,-15.215004982999972],[-72.04856873199998,-15.216597607999972],[-72.0522918559999,-15.221320106999883],[-72.05417648199995,-15.227052732999937],[-72.05445860599997,-15.236304232999942],[-72.05663298199983,-15.24011910799993],[-72.05944060699994,-15.243028607999975],[-72.06121823099994,-15.24633310799993],[-72.06163023199991,-15.254242857999884],[-72.06451410699998,-15.254001607999896],[-72.06705473099998,-15.252185857999962],[-72.07519535599994,-15.250806857999976],[-72.08194735699993,-15.252695107999898],[-72.09444423199989,-15.25454710799994],[-72.10650635699989,-15.256945607999967],[-72.10774998099993,-15.25893210799984],[-72.10751348199989,-15.267773732999956],[-72.10889435699994,-15.272755607999954],[-72.11055760699998,-15.27552798299996],[-72.11052698099991,-15.27786260799985],[-72.10825335699991,-15.287608107999972],[-72.10810848199992,-15.291314107999938],[-72.10646823199994,-15.293560982999963],[-72.10763548199998,-15.297120107999831],[-72.10961910699996,-15.29878335799998],[-72.11268610599996,-15.29805373299996],[-72.11561585599998,-15.298513482999908],[-72.11844635699998,-15.30228810799997],[-72.12210073199998,-15.303166357999942],[-72.12494660699991,-15.306154232999916],[-72.12805935699998,-15.306091357999946],[-72.13233948099992,-15.308766357999957],[-72.13777910699997,-15.308139982999819],[-72.14226535599988,-15.309392982999839],[-72.14218135699997,-15.311545232999947],[-72.13739773199995,-15.31461710799988],[-72.13217160599999,-15.321576107999874],[-72.12889098199997,-15.33411885799984],[-72.12770085599982,-15.33699510799994],[-72.12382510599997,-15.340617232999875],[-72.1182632309999,-15.346892357999877],[-72.11837010699998,-15.349954607999962],[-72.11473860699988,-15.35315323299983],[-72.1107941059999,-15.355001482999967],[-72.11157985699998,-15.35713385799994],[-72.11535648099994,-15.35860248299997],[-72.1156082309999,-15.36096860799995],[-72.11976623099991,-15.366881357999887],[-72.12493135699998,-15.370181107999883],[-72.12597660699998,-15.372794107999823],[-72.12857060699992,-15.375021982999954],[-72.1293411069999,-15.377121982999881],[-72.13165285699995,-15.379227732999937],[-72.13315585699996,-15.382119232999912],[-72.13908385699983,-15.386156982999978],[-72.14022060699989,-15.388699357999883],[-72.14478285699994,-15.390047107999862],[-72.14718623199991,-15.392369232999954],[-72.14735410699996,-15.397420857999975],[-72.15023798199991,-15.399035482999977],[-72.15235135699999,-15.403104732999964],[-72.15468598199988,-15.403697982999915],[-72.15908048099993,-15.402965607999931],[-72.1658859819999,-15.405848607999872],[-72.16620635599998,-15.409510607999835],[-72.1692733569999,-15.413678107999942],[-72.16922760599994,-15.416310357999976],[-72.16746523199993,-15.418554357999938],[-72.16840360699996,-15.426209482999923],[-72.16682448099994,-15.428240732999882],[-72.16597748199996,-15.43481823299993],[-72.1630476069999,-15.436912482999901],[-72.15984348199993,-15.441576982999948],[-72.16196435699999,-15.445411732999958],[-72.16316310699995,-15.451078732999974],[-72.16712348199991,-15.460267857999952],[-72.16265723199996,-15.461903357999972],[-72.16121810699997,-15.466457857999956],[-72.16184148199994,-15.469426357999907],[-72.16563398199997,-15.472666732999869],[-72.16682448199987,-15.479255732999889],[-72.17015835699993,-15.481346107999912],[-72.17372135699986,-15.481329857999981],[-72.17630773199988,-15.482854857999882],[-72.17707823199999,-15.484740232999911],[-72.17614748199998,-15.486987107999937],[-72.17690273099993,-15.489020357999948],[-72.1800308569999,-15.49031548299996],[-72.17948910699994,-15.495037982999918],[-72.17707060699996,-15.498740232999921],[-72.18007648199989,-15.505221357999972],[-72.18192285599997,-15.511680607999892],[-72.18373110699991,-15.513986607999925],[-72.19051360699996,-15.515682232999893],[-72.19164273199993,-15.518771232999939],[-72.19371035699999,-15.519097357999954],[-72.19560235699993,-15.521011357999953],[-72.19581598199994,-15.52340035799989],[-72.19969173199996,-15.527839607999852],[-72.20024110699995,-15.529790857999899],[-72.2048111069999,-15.530293482999923],[-72.20725260599994,-15.529142357999888],[-72.20989985699993,-15.529611607999982],[-72.21807098199986,-15.527275982999925],[-72.22239685699992,-15.529376982999963],[-72.22820085699993,-15.531242607999957],[-72.23604598199995,-15.535727733999977],[-72.24447160699998,-15.536496357999965],[-72.25051885699997,-15.538155607999954],[-72.25690235599996,-15.542880857999933],[-72.2584914819999,-15.542361232999951],[-72.26452635699991,-15.537019607999923],[-72.26500698199999,-15.534100482999975],[-72.27120973099983,-15.528018982999924],[-72.27516935699998,-15.522803357999976],[-72.27864073199999,-15.522561982999889],[-72.27996060699991,-15.517425482999897],[-72.2827301069999,-15.51518348299993],[-72.28353135699996,-15.512956608999957],[-72.28575910699988,-15.511300982999956],[-72.28659060599995,-15.508593607999956],[-72.28881073199989,-15.50661085799993],[-72.29281610699991,-15.505865107999966],[-72.29752348199992,-15.501714732999915],[-72.30107873199995,-15.494068107999965],[-72.30512998199993,-15.492461232999972],[-72.30969235699996,-15.49316023299997],[-72.31210310699993,-15.490958232999958],[-72.30771635699995,-15.489794732999883],[-72.30366510699997,-15.487301857999967],[-72.30015560699985,-15.486171732999878],[-72.29357910699997,-15.481303232999949],[-72.28672023099995,-15.480796857999962],[-72.28368373199987,-15.47760298299994],[-72.27939610699991,-15.474330857999973],[-72.27865598199998,-15.472188982999967],[-72.27600860699994,-15.471214232999955],[-72.27395635599999,-15.468040482999982],[-72.27262873099988,-15.457341232999966],[-72.27174373199995,-15.454989357999978],[-72.27062223199988,-15.448267982999937],[-72.2687148569999,-15.444851857999936],[-72.26866910699994,-15.43814085799994],[-72.26058198199996,-15.435700357999963],[-72.25435635699989,-15.43325135799995],[-72.25182348199996,-15.430703107999932],[-72.25128173199988,-15.425540982999962],[-72.24987798199999,-15.421238857999981],[-72.24806973199986,-15.409601232999876],[-72.24516298199995,-15.403521482999963],[-72.24208073099993,-15.400484107999944],[-72.24085235699988,-15.397823357999982],[-72.2395706069999,-15.392469357999971],[-72.2352447319999,-15.387891732999947],[-72.23265073199997,-15.383968357999947],[-72.23270410699985,-15.379936232999967],[-72.23545835699991,-15.378655482999932],[-72.2414246059999,-15.379609107999954],[-72.24475098199997,-15.379023607999954],[-72.24776460599992,-15.379872357999886],[-72.25106048199996,-15.379569107999941],[-72.25688935699998,-15.380023982999944],[-72.2601089819999,-15.378887232999944],[-72.26310735599992,-15.376056732999928],[-72.26415248199999,-15.374587982999913],[-72.26313785699995,-15.367402982999977],[-72.26148985699996,-15.362090107999961],[-72.25981135599994,-15.359096482999973],[-72.25771335699994,-15.352436107999893],[-72.2589111069999,-15.350115732999939],[-72.26306148199996,-15.347571357999925],[-72.26483923199993,-15.345464857999957],[-72.26729598199984,-15.337206857999888],[-72.26924135699994,-15.327440357999876],[-72.27062223199988,-15.324933107999982],[-72.27185823199994,-15.318448857999954],[-72.27024835699996,-15.315422232999879],[-72.26937860699991,-15.311400357999844],[-72.26624298199994,-15.3075733579999],[-72.26506823199998,-15.298851982999963],[-72.26641848199995,-15.293542857999967],[-72.26641848099996,-15.287012232999814],[-72.2625351069999,-15.283767732999934],[-72.26280198199998,-15.280183732999944],[-72.26428985699988,-15.279158607999875],[-72.26520535599997,-15.276273732999925],[-72.2620239819999,-15.272713607999947],[-72.26029223199998,-15.269613232999859],[-72.25874335699996,-15.262058232999948],[-72.25554660699999,-15.257555982999918],[-72.25165560699998,-15.253897607999932],[-72.25034335599997,-15.249500232999878],[-72.24841310699992,-15.247827482999924],[-72.24521635699995,-15.24139785799997],[-72.23818973199997,-15.23112198299998],[-72.23976898199999,-15.227936731999876],[-72.2416382319999,-15.226354606999962],[-72.24200435599994,-15.221651107999946],[-72.24399560699999,-15.219510106999962],[-72.24646760699989,-15.21220298299994],[-72.25078585699998,-15.20947173299993],[-72.25392148099996,-15.203898482999932],[-72.25444035699991,-15.200872481999852],[-72.25702673199987,-15.19552135799995],[-72.25711073199989,-15.192664106999871],[-72.25387573199993,-15.19042398299996],[-72.25031285699998,-15.18574998299988],[-72.24485760699991,-15.184392981999963],[-72.24357610699985,-15.183021606999887],[-72.24008935699999,-15.18284410799987],[-72.23874660699994,-15.184430107999901],[-72.23472598199999,-15.18234735699997],[-72.22826373199996,-15.180523857999901],[-72.2260666069999,-15.177915607999921],[-72.22179410699988,-15.178172107999956],[-72.2189559819999,-15.177085857999941],[-72.21527098199982,-15.173605857999974],[-72.21364598099984,-15.169996232999893],[-72.21205135699995,-15.164366731999962],[-72.21200560599993,-15.160892482999827],[-72.21075448199997,-15.15666773299995],[-72.20619960699992,-15.153437607999933],[-72.20619198199995,-15.147677482999939],[-72.20446785699994,-15.142736482999965],[-72.20178223199991,-15.140271232999964],[-72.20059973199994,-15.133462857999916],[-72.20236973099998,-15.131853107999973],[-72.20634460699995,-15.131120732999932],[-72.20595548099982,-15.127353607999908],[-72.20376585699984,-15.125531232999947],[-72.2016831069999,-15.120728482999937],[-72.20026398199997,-15.119843481999965],[-72.19881435699995,-15.109956731999944],[-72.19677735699997,-15.102054606999843],[-72.19281773199992,-15.095425607999971],[-72.18588260699994,-15.087499606999927],[-72.18196110699995,-15.081341732999874],[-72.18058010699997,-15.07617660699998],[-72.17838285699997,-15.073274607999963],[-72.16846460699986,-15.070321982999815],[-72.15062710699993,-15.070013857999982],[-72.14638523199989,-15.068912481999973],[-72.13881685699994,-15.069503731999873],[-72.13651273199997,-15.068549107999957],[-72.12953948199998,-15.064123106999944],[-72.12361160699987,-15.058690981999973],[-72.12200923099988,-15.05545898299988],[-72.1206741069999,-15.05036735799996],[-72.11840048199991,-15.045947106999904],[-72.11515048199993,-15.04303548299987],[-72.11444860699987,-15.03731435799989],[-72.11051173099992,-15.032662357999925],[-72.11077885599997,-15.0292616079999],[-72.10954285699995,-15.024458857999889],[-72.10713948199998,-15.019624731999954],[-72.10610198199998,-15.013962732999914],[-72.10471348199997,-15.011420232999967],[-72.10486598199998,-15.008334107999872],[-72.10707860699989,-15.005029732999958],[-72.11312098099995,-15.000345231999859],[-72.11743923099993,-14.995650232999878],[-72.11964410699994,-14.991952857999934],[-72.12051385699988,-14.988577856999939],[-72.11956023199986,-14.985814107999943],[-72.11197660699997,-14.976707482999927],[-72.10746760699993,-14.969007481999824],[-72.10644535699998,-14.965240482999889],[-72.10407260599993,-14.960376731999872],[-72.10221098199992,-14.954933107999977],[-72.09851835699993,-14.953423481999948],[-72.09221648199997,-14.94929310799995],[-72.08792873199985,-14.94487473199996],[-72.07971948099998,-14.939646732999847],[-72.07192248099994,-14.937385606999896],[-72.06851960699993,-14.937221482999973],[-72.06150060699997,-14.93850998299996],[-72.05532073199987,-14.942287481999927],[-72.05009460699989,-14.942496357999971],[-72.04573060599995,-14.941477732999886],[-72.04431135699997,-14.939898356999947],[-72.04166410699986,-14.934247981999818],[-72.04109185599992,-14.930206482999893],[-72.04206848199993,-14.924901981999938],[-72.04359423199986,-14.921116856999959],[-72.04363260699995,-14.918747856999971],[-72.04510510699998,-14.913843106999934],[-72.04334260699983,-14.910533856999962],[-72.04591373199992,-14.908816356999978],[-72.04645535599997,-14.906781231999958],[-72.04307548199995,-14.903048481999917],[-72.0359497309999,-14.900097856999878],[-72.03395848199989,-14.89865873299982],[-72.03381348199997,-14.896386107999888],[-72.03503423199993,-14.89113048199988],[-72.0345229809999,-14.887921357999915],[-72.03239435699999,-14.884596857999952],[-72.03086098199987,-14.880108857999858],[-72.02683260599997,-14.876018482999882],[-72.02005773099995,-14.877503357999899],[-72.00949860599997,-14.882513981999978],[-72.00493623199998,-14.886319981999975],[-71.99938198199993,-14.884205856999927],[-71.99111935599984,-14.876519232999954],[-71.9856948559999,-14.874248482999974],[-71.98228460699983,-14.871513357999902],[-71.97734085699994,-14.87052148299989],[-71.97589873099992,-14.869466732999967],[-71.97423548199998,-14.865497606999895],[-71.97239685699998,-14.859103231999939],[-71.96683498199997,-14.8532476069999],[-71.9641571059999,-14.846071232999975],[-71.95821385699992,-14.84041410799989],[-71.95185085699995,-14.83732610699991],[-71.95156860699996,-14.840131731999975],[-71.95398710699999,-14.850919731999966],[-71.95240023199995,-14.855894981999938],[-71.95362085599999,-14.863882106999881],[-71.95216373099993,-14.868150732999936],[-71.94525910599998,-14.874145482999893],[-71.94317623099988,-14.87742048199982],[-71.94234460699988,-14.884159982999847],[-71.9401321069999,-14.890504856999826],[-71.94032510599999,-14.900016856999912],[-71.9384793559999,-14.903751606999947],[-71.93895723199995,-14.909532607999893],[-71.94139723199993,-14.913589607999938],[-71.94155698199995,-14.916556106999963],[-71.93957523199998,-14.919787356999962],[-71.93641660599997,-14.921297981999828],[-71.93136348099995,-14.922253981999972],[-71.93019673199996,-14.923618982999926],[-71.92897798099989,-14.929476732999944],[-71.92717748199988,-14.931415607999952],[-71.92049410699997,-14.935025232999976],[-71.91781598199998,-14.940773982999929],[-71.91601560599997,-14.950600732999874],[-71.91447448199989,-14.952806481999971],[-71.91380310599993,-14.957285982999963],[-71.91580960699997,-14.960360481999885],[-71.9198074809999,-14.964181856999971],[-71.92133335599993,-14.968337107999957],[-71.92405698099998,-14.968304606999936],[-71.92944335699997,-14.966097857999955],[-71.93282323199992,-14.965934731999937],[-71.93515773199988,-14.967493107999928],[-71.93753048199994,-14.971258107999972],[-71.93885798199989,-14.97742560699993],[-71.9439849819999,-14.977101232999814],[-71.94639110699995,-14.978349356999956],[-71.94807173099991,-14.982940857999893],[-71.95191898199994,-14.988465982999912],[-71.95312798099997,-14.992056356999967],[-71.95373823199998,-14.996761731999925],[-71.95294373099989,-15.005218857999978],[-71.95509973199995,-15.016579106999927],[-71.95513923199991,-15.028174356999955],[-71.95692448099993,-15.033841107999933],[-71.95912935599995,-15.037567107999962],[-71.9597626069999,-15.040557857999943],[-71.96369185699996,-15.045018231999961],[-71.97550960699988,-15.054466231999925],[-71.9805832319999,-15.060436231999972],[-71.98238373199996,-15.063702607999971],[-71.98148348099988,-15.069726982999953],[-71.97682948099992,-15.077339232999975],[-71.97271723099993,-15.080800107999892],[-71.96104435599995,-15.081261607999977],[-71.95892335699995,-15.082783732999928],[-71.95758823199998,-15.086059606999981],[-71.95614623099993,-15.09297848299991],[-71.95337673099993,-15.097081231999937],[-71.94808198099997,-15.107349357999965],[-71.94702910699988,-15.110272356999872],[-71.94995123099983,-15.114012732999981],[-71.95345310599993,-15.119624107999869],[-71.96083073199992,-15.127407982999955],[-71.96746060599992,-15.132826856999884],[-71.96971135599983,-15.135450232999972]]]]},"properties":{"ubigeo":"040504","nombre":"CHACHAS"}},{"type":"Feature","geometry":{"type":"MultiPolygon","coordinates":[[[[-72.37486273199994,-15.249736732999907],[-72.37508398199998,-15.251295107999965],[-72.37279510699994,-15.2530374829999],[-72.37011710699994,-15.258392357999924],[-72.36846160699986,-15.259925857999974],[-72.36643985699999,-15.267367357999944],[-72.36270910599995,-15.268773107999891],[-72.36046598199988,-15.267952857999944],[-72.35543823199993,-15.268593732999875],[-72.35086823199998,-15.273595857999965],[-72.35063935699998,-15.27641773299996],[-72.35407260699998,-15.279646857999865],[-72.35658260699995,-15.283896482999921],[-72.35996248199996,-15.287863732999938],[-72.36006923199994,-15.291315982999834],[-72.36374660699983,-15.293566732999977],[-72.36474598199999,-15.299552857999856],[-72.36412810699994,-15.301390607999963],[-72.36598210699998,-15.305132857999979],[-72.36463160699986,-15.308931356999835],[-72.36553973199995,-15.313179982999827],[-72.36460110699983,-15.315295232999972],[-72.35558323199984,-15.318616856999881],[-72.35041810699994,-15.318935357999976],[-72.34825135699998,-15.320349732999944],[-72.34611510699989,-15.31997873299997],[-72.34178160599998,-15.32443135799997],[-72.34160610699996,-15.32638073299995],[-72.33741760699996,-15.330974607999906],[-72.33458710699989,-15.335210857999925],[-72.33196260699998,-15.34218298299993],[-72.33054348199988,-15.3434276079999],[-72.32620235699989,-15.344672232999926],[-72.32378385699997,-15.348511732999839],[-72.32225798199994,-15.349223106999887],[-72.32418060699996,-15.354770607999967],[-72.32399748199998,-15.357365607999952],[-72.32583623199997,-15.360259981999945],[-72.32217410699991,-15.363584482999954],[-72.32609560699996,-15.371236857999918],[-72.32955173199997,-15.375829732999819],[-72.32436373199988,-15.378679232999957],[-72.32421873199996,-15.38519673299993],[-72.32478335699989,-15.38701148299998],[-72.32692723199989,-15.388480232999882],[-72.32912448199988,-15.392559107999944],[-72.32872010699992,-15.396417607999979],[-72.33034510699991,-15.403903982999907],[-72.33326723099992,-15.407646232999923],[-72.33859248199991,-15.41202548299998],[-72.34107973199991,-15.419265732999975],[-72.34037023199994,-15.42566198299994],[-72.34304810699996,-15.426528982999912],[-72.34892273199995,-15.426725357999885],[-72.35396573199995,-15.427867857999956],[-72.36157223199996,-15.428065357999913],[-72.36389923199994,-15.429759982999883],[-72.37465673199995,-15.431974357999877],[-72.37834173199997,-15.433791107999923],[-72.38587185699993,-15.434699107999904],[-72.38896948199982,-15.438336357999958],[-72.39164735699995,-15.44010735799992],[-72.39494323199989,-15.44009973299984],[-72.39638523199994,-15.437396107999973],[-72.4000091069999,-15.434695232999957],[-72.40014648199991,-15.430173857999932],[-72.40687560699996,-15.425412232999975],[-72.41197210699994,-15.423259732999952],[-72.41592410699991,-15.423119357999951],[-72.41950223199996,-15.42012685799989],[-72.41973110699996,-15.417903857999931],[-72.42150110699998,-15.41464998299989],[-72.42358398199997,-15.415759982999816],[-72.42719273199998,-15.41379448299989],[-72.43113710699993,-15.412929482999914],[-72.43156435699984,-15.408741982999913],[-72.43361660699992,-15.407252357999937],[-72.43517298199998,-15.403551107999931],[-72.44066610699991,-15.39819523299991],[-72.43907923199998,-15.394128732999889],[-72.4385223569999,-15.389464357999941],[-72.43527223199993,-15.387915607999958],[-72.4359436069999,-15.3845214829999],[-72.43479923199999,-15.38207048299995],[-72.43535610699996,-15.379588107999837],[-72.43455510699994,-15.37567998299994],[-72.43319698199991,-15.374464982999939],[-72.43265535699987,-15.370784732999937],[-72.42799373199989,-15.370357482999907],[-72.42713910699996,-15.368140232999963],[-72.43048098199989,-15.362906482999904],[-72.43038935699997,-15.359259607999945],[-72.43168635699988,-15.357039482999937],[-72.42941285699999,-15.353161857999908],[-72.43113710699993,-15.350917857999946],[-72.43063360699995,-15.347107857999958],[-72.43201448199994,-15.34096735799983],[-72.43244173199997,-15.335492107999926],[-72.43663023199997,-15.330349982999905],[-72.43667598199994,-15.326988232999952],[-72.43510435699989,-15.325411857999882],[-72.43923948199995,-15.32157798299994],[-72.43769073199996,-15.319037482999875],[-72.43833160699995,-15.314593357999968],[-72.4396591069999,-15.31049635799991],[-72.43841548199998,-15.301561357999958],[-72.43739323199992,-15.298883482999884],[-72.4331207319999,-15.292517607999969],[-72.42794798199992,-15.281279607999977],[-72.41959385699988,-15.270532607999883],[-72.41329198199992,-15.267419857999926],[-72.4114456069999,-15.26565360799998],[-72.40592960699996,-15.264711357999886],[-72.40278610699994,-15.259077982999827],[-72.39530185699994,-15.256608982999978],[-72.38729860699993,-15.253293982999878],[-72.38132473199994,-15.250121107999917],[-72.37570948199993,-15.250442482999972],[-72.37486273199994,-15.249736732999907]]]]},"properties":{"ubigeo":"040505","nombre":"CHILCAYMARCA"}},{"type":"Feature","geometry":{"type":"MultiPolygon","coordinates":[[[[-71.9441909819999,-15.248089732999972],[-71.9515838559999,-15.251022357999943],[-71.95408635599995,-15.25387673299997],[-71.95573435699987,-15.260956732999944],[-71.95820623199995,-15.265210107999962],[-71.95968623099998,-15.26951698299996],[-71.95871735699995,-15.27263923199996],[-71.95887748099994,-15.27697848299988],[-71.96108248199988,-15.280706357999975],[-71.96271510699995,-15.286212982999928],[-71.96511073199991,-15.29161835799988],[-71.96483610699994,-15.295162232999928],[-71.96330260699989,-15.300989107999953],[-71.9636077319999,-15.304495857999939],[-71.96262360699995,-15.307695357999876],[-71.96293635599989,-15.311800982999955],[-71.96676635599988,-15.312103232999903],[-71.96903223199996,-15.313981982999906],[-71.97389985699982,-15.31551360799989],[-71.97563173199995,-15.318210607999958],[-71.97653198199998,-15.322093982999831],[-71.97812648199994,-15.324019482999972],[-71.97798923199997,-15.330264107999938],[-71.97879023199988,-15.333246232999954],[-71.98124698099986,-15.336444857999822],[-71.98410035699993,-15.337868732999937],[-71.98525235599988,-15.34148023199998],[-71.98439785599999,-15.345351232999974],[-71.98504635599988,-15.354572357999928],[-71.98384860699991,-15.357373232999919],[-71.98545073199995,-15.360299107999822],[-71.98304748199996,-15.364820482999903],[-71.98159785699994,-15.365750357999843],[-71.9802169809999,-15.369125357999849],[-71.98062135599997,-15.372439357999951],[-71.9819488569999,-15.375214607999965],[-71.98489385699997,-15.375863107999976],[-71.98493198199992,-15.382348107999917],[-71.98632048099995,-15.384739857999932],[-71.98564910599993,-15.389203107999947],[-71.98800660699993,-15.394902232999925],[-71.99365998199983,-15.398342107999895],[-71.99414823199999,-15.401503607999928],[-71.99307248199989,-15.403079982999941],[-71.99203485699991,-15.408040982999921],[-71.9935302319999,-15.423660232999964],[-71.99531560699995,-15.425234732999854],[-71.99481960599985,-15.42960935799988],[-71.99514773099997,-15.43352323299996],[-71.99362948099997,-15.437394107999978],[-71.99397273199992,-15.440576607999958],[-71.99613948099989,-15.44249823299998],[-71.99871823199999,-15.447761482999965],[-71.99758910699995,-15.449830107999958],[-71.99725335699998,-15.453324357999975],[-72.0001297309999,-15.456863357999964],[-72.00102235699995,-15.46190835799996],[-71.99871048099999,-15.464961107999954],[-71.99993898199995,-15.470359857999881],[-71.99925998099997,-15.473539357999982],[-71.99715423099991,-15.474099107999905],[-71.99774935599987,-15.48015610799996],[-71.99930585699997,-15.48192598299994],[-71.99928285699991,-15.48705860799987],[-71.99999998099992,-15.48994535799983],[-71.99908448199994,-15.493831607999937],[-71.99533085699994,-15.494831982999926],[-71.99538423199994,-15.500519732999976],[-71.99684910699989,-15.503212982999969],[-71.99625398199987,-15.508194982999896],[-71.99729160699991,-15.51578710799987],[-72.00296023199996,-15.521866857999953],[-72.00015260599986,-15.524513232999936],[-72.00041198199989,-15.526115357999913],[-72.00423435599998,-15.528871482999875],[-72.00201398199994,-15.530383107999967],[-71.99964135699992,-15.533592232999922],[-71.99913785699994,-15.538758232999896],[-71.99975585699997,-15.541623107999953],[-71.99848935599988,-15.544800733999978],[-71.99441523199994,-15.54762648299993],[-71.99054723099994,-15.549060857999962],[-71.99161535699994,-15.55331035799992],[-71.99564360599999,-15.557332107999969],[-71.99512485699995,-15.560695482999904],[-71.99311823099993,-15.562859482999897],[-71.99490360699997,-15.568296482999813],[-71.99717710699997,-15.571511232999967],[-71.99999998099992,-15.572873108999943],[-72.00193023099996,-15.57550998299996],[-72.00339510599991,-15.581884357999911],[-72.00986485599998,-15.582429857999841],[-72.01914210599995,-15.578555107999875],[-72.02566523099995,-15.578603732999966],[-72.0289917309999,-15.580195482999954],[-72.03318785699992,-15.580439607999836],[-72.03511798199992,-15.58490648299994],[-72.03775023099996,-15.588863358999959],[-72.0388717319999,-15.593047107999894],[-72.04005435699997,-15.594284982999909],[-72.04706573199996,-15.593539233999934],[-72.05015560699997,-15.595742232999953],[-72.0561294819999,-15.595162357999925],[-72.06106573199986,-15.59685135799998],[-72.06462098199995,-15.59677698299987],[-72.06681060699992,-15.599349982999968],[-72.07081598099995,-15.601247732999923],[-72.07331085699997,-15.604825982999898],[-72.07878873199996,-15.606870607999952],[-72.08346560699994,-15.60797023299989],[-72.08855435699991,-15.604620982999961],[-72.09808348099995,-15.603314358999967],[-72.10419473199994,-15.604300482999918],[-72.10789498199995,-15.606447232999926],[-72.11497498199998,-15.61031060899984],[-72.11518098099998,-15.612043357999937],[-72.12126160699995,-15.61463835799998],[-72.12361160699987,-15.617800732999967],[-72.12656398199988,-15.620316482999954],[-72.12966160699995,-15.621011733999978],[-72.13808435699991,-15.629072233999977],[-72.1395034819999,-15.63440423399993],[-72.14317323199998,-15.639825857999881],[-72.14780423199988,-15.64336485799987],[-72.15036010699998,-15.647191107999902],[-72.15475460699997,-15.65111535799997],[-72.15628810699991,-15.654009858999927],[-72.16011048199988,-15.656070733999911],[-72.16315460599998,-15.659712732999878],[-72.17129510699993,-15.663162232999923],[-72.17474373199997,-15.662974358999918],[-72.1777267309999,-15.66608623399992],[-72.18045810699994,-15.66718573299994],[-72.18569948099997,-15.667983982999942],[-72.19017023199996,-15.671420107999836],[-72.19516748199999,-15.673527732999958],[-72.19723510699993,-15.675626732999888],[-72.20108798199993,-15.677728607999825],[-72.20491785699994,-15.680669732999888],[-72.20906835699998,-15.681509982999955],[-72.21518710699996,-15.688081732999876],[-72.21743773199995,-15.69262310799985],[-72.22031398199988,-15.694203357999925],[-72.22148898199987,-15.696224232999896],[-72.2252883569999,-15.699189232999913],[-72.22783660599998,-15.705119107999849],[-72.23069010699999,-15.706937732999961],[-72.23330685699989,-15.711843483999871],[-72.23550410699988,-15.70370773299993],[-72.23759460699983,-15.699402857999928],[-72.23710635699985,-15.696108858999935],[-72.2346802319999,-15.693579732999865],[-72.2335968569999,-15.688089357999957],[-72.23134610699992,-15.683919857999967],[-72.23084260699994,-15.680989233999867],[-72.22782135699998,-15.673223357999916],[-72.22631835699997,-15.66719723299991],[-72.22684473199996,-15.66116810799997],[-72.22560123199986,-15.654366482999933],[-72.22266385699999,-15.648019732999899],[-72.22018448199992,-15.644450232999873],[-72.21732335699988,-15.642599107999956],[-72.2125091069999,-15.64092635899982],[-72.20822148199989,-15.637108857999976],[-72.20499423099994,-15.63541698299997],[-72.20375823199998,-15.632668482999918],[-72.20294948199995,-15.62811848399997],[-72.20318598199998,-15.624564232999944],[-72.20769498199996,-15.621911233999981],[-72.20859523199994,-15.619178732999956],[-72.20706935699997,-15.616193733999978],[-72.20755773199994,-15.610612857999968],[-72.20675660699993,-15.608040857999981],[-72.20865635699982,-15.605740607999962],[-72.21126560599998,-15.605146357999956],[-72.21214298199999,-15.599831607999931],[-72.20992273199988,-15.595997858999965],[-72.20919798199998,-15.592697107999982],[-72.20710748099992,-15.589644482999915],[-72.20580285699998,-15.584436357999948],[-72.20246885699999,-15.583997732999876],[-72.20226285699982,-15.579260857999827],[-72.1982879819999,-15.578179357999943],[-72.19512935699998,-15.575606357999959],[-72.19592285699997,-15.570342982999932],[-72.19594573199998,-15.565731982999978],[-72.19666285699992,-15.560332357999982],[-72.19436648199991,-15.550261482999929],[-72.19631960699996,-15.543329232999895],[-72.19696810699998,-15.534279857999877],[-72.20024110699995,-15.529790857999899],[-72.19969173199996,-15.527839607999852],[-72.19581598199994,-15.52340035799989],[-72.19560235699993,-15.521011357999953],[-72.19371035699999,-15.519097357999954],[-72.19164273199993,-15.518771232999939],[-72.19051360699996,-15.515682232999893],[-72.18373110699991,-15.513986607999925],[-72.18192285599997,-15.511680607999892],[-72.18007648199989,-15.505221357999972],[-72.17707060699996,-15.498740232999921],[-72.17948910699994,-15.495037982999918],[-72.1800308569999,-15.49031548299996],[-72.17690273099993,-15.489020357999948],[-72.17614748199998,-15.486987107999937],[-72.17707823199999,-15.484740232999911],[-72.17630773199988,-15.482854857999882],[-72.17372135699986,-15.481329857999981],[-72.17015835699993,-15.481346107999912],[-72.16682448199987,-15.479255732999889],[-72.16563398199997,-15.472666732999869],[-72.16184148199994,-15.469426357999907],[-72.16121810699997,-15.466457857999956],[-72.16265723199996,-15.461903357999972],[-72.16712348199991,-15.460267857999952],[-72.16316310699995,-15.451078732999974],[-72.16196435699999,-15.445411732999958],[-72.15984348199993,-15.441576982999948],[-72.1630476069999,-15.436912482999901],[-72.16597748199996,-15.43481823299993],[-72.16682448099994,-15.428240732999882],[-72.16840360699996,-15.426209482999923],[-72.16746523199993,-15.418554357999938],[-72.16922760599994,-15.416310357999976],[-72.1692733569999,-15.413678107999942],[-72.16620635599998,-15.409510607999835],[-72.1658859819999,-15.405848607999872],[-72.15908048099993,-15.402965607999931],[-72.15468598199988,-15.403697982999915],[-72.15235135699999,-15.403104732999964],[-72.15023798199991,-15.399035482999977],[-72.14735410699996,-15.397420857999975],[-72.14718623199991,-15.392369232999954],[-72.14478285699994,-15.390047107999862],[-72.14022060699989,-15.388699357999883],[-72.13908385699983,-15.386156982999978],[-72.13315585699996,-15.382119232999912],[-72.13165285699995,-15.379227732999937],[-72.1293411069999,-15.377121982999881],[-72.12857060699992,-15.375021982999954],[-72.12597660699998,-15.372794107999823],[-72.12493135699998,-15.370181107999883],[-72.11976623099991,-15.366881357999887],[-72.1156082309999,-15.36096860799995],[-72.11535648099994,-15.35860248299997],[-72.11157985699998,-15.35713385799994],[-72.1107941059999,-15.355001482999967],[-72.11473860699988,-15.35315323299983],[-72.11837010699998,-15.349954607999962],[-72.1182632309999,-15.346892357999877],[-72.12382510599997,-15.340617232999875],[-72.12770085599982,-15.33699510799994],[-72.12889098199997,-15.33411885799984],[-72.13217160599999,-15.321576107999874],[-72.13739773199995,-15.31461710799988],[-72.14218135699997,-15.311545232999947],[-72.14226535599988,-15.309392982999839],[-72.13777910699997,-15.308139982999819],[-72.13233948099992,-15.308766357999957],[-72.12805935699998,-15.306091357999946],[-72.12494660699991,-15.306154232999916],[-72.12210073199998,-15.303166357999942],[-72.11844635699998,-15.30228810799997],[-72.11561585599998,-15.298513482999908],[-72.11268610599996,-15.29805373299996],[-72.10961910699996,-15.29878335799998],[-72.10763548199998,-15.297120107999831],[-72.10646823199994,-15.293560982999963],[-72.10810848199992,-15.291314107999938],[-72.10825335699991,-15.287608107999972],[-72.11052698099991,-15.27786260799985],[-72.11055760699998,-15.27552798299996],[-72.10889435699994,-15.272755607999954],[-72.10751348199989,-15.267773732999956],[-72.10774998099993,-15.25893210799984],[-72.10650635699989,-15.256945607999967],[-72.09444423199989,-15.25454710799994],[-72.08194735699993,-15.252695107999898],[-72.07519535599994,-15.250806857999976],[-72.06705473099998,-15.252185857999962],[-72.06451410699998,-15.254001607999896],[-72.06163023199991,-15.254242857999884],[-72.06121823099994,-15.24633310799993],[-72.05944060699994,-15.243028607999975],[-72.05663298199983,-15.24011910799993],[-72.05445860599997,-15.236304232999942],[-72.05417648199995,-15.227052732999937],[-72.0522918559999,-15.221320106999883],[-72.04856873199998,-15.216597607999972],[-72.04659273199997,-15.215004982999972],[-72.04232035699988,-15.209345857999892],[-72.03382873099991,-15.202520357999958],[-72.02799223199992,-15.200574857999982],[-72.0259248559999,-15.198400481999954],[-72.02537535599993,-15.195527107999965],[-72.02626035699996,-15.191316482999923],[-72.02853398199989,-15.186099107999894],[-72.03263860599986,-15.180707982999877],[-72.03753660699994,-15.17600723299995],[-72.0384292309999,-15.174430857999823],[-72.04393010599995,-15.171306607999952],[-72.04590610699984,-15.167379357999891],[-72.03798673099988,-15.159726106999926],[-72.03562160599995,-15.15922073199988],[-72.02374273099991,-15.158965107999961],[-72.01771548199997,-15.156056357999887],[-72.01199335699988,-15.154062231999944],[-72.00748448099995,-15.150824607999937],[-72.0029526059999,-15.14611723299987],[-71.99744410699992,-15.143140732999882],[-71.9882432309999,-15.142913857999872],[-71.9832916069999,-15.14316273299994],[-71.97920223199998,-15.140962607999882],[-71.97307585699986,-15.136142732999872],[-71.96971135599983,-15.135450232999972],[-71.96829223099991,-15.140650732999916],[-71.96415710699989,-15.143559482999933],[-71.96076960699992,-15.147367481999936],[-71.95291123099997,-15.151295607999884],[-71.94744110699997,-15.152947481999945],[-71.94307710699985,-15.152902607999977],[-71.93863673199996,-15.155666356999973],[-71.93127435699995,-15.15939898299996],[-71.9282608559999,-15.161816607999981],[-71.91966248099999,-15.165308982999932],[-71.9158249809999,-15.167590107999956],[-71.91261285599995,-15.167693107999924],[-71.90640260599992,-15.166503857999942],[-71.9018326069999,-15.168246231999944],[-71.90141298099991,-15.17079835699991],[-71.90401460699997,-15.17907910799994],[-71.90508273099988,-15.181163731999902],[-71.91059873199993,-15.185663232999957],[-71.91315460599992,-15.19013973299991],[-71.91784673199993,-15.194094607999943],[-71.91893010599995,-15.196093606999966],[-71.92080685699989,-15.205146732999935],[-71.92256160599999,-15.210950857999933],[-71.92129510699988,-15.217399607999937],[-71.92292785699988,-15.22023960699994],[-71.92652135599997,-15.221465106999972],[-71.93585210699996,-15.223481232999916],[-71.94332885599988,-15.22561648299984],[-71.94597623199991,-15.226960232999886],[-71.94400023199995,-15.236171732999935],[-71.94315335699986,-15.245599732999892],[-71.9441909819999,-15.248089732999972]]]]},"properties":{"ubigeo":"040506","nombre":"CHOCO"}},{"type":"Feature","geometry":{"type":"MultiPolygon","coordinates":[[[[-72.22535698199988,-15.961474357999919],[-72.22645573199986,-15.967936482999903],[-72.22838598199996,-15.972147982999957],[-72.23452760599997,-15.977144232999876],[-72.23913573199997,-15.979493107999815],[-72.24016573099993,-15.983887858999879],[-72.24016573199992,-15.98931698399997],[-72.24318698199988,-15.992979982999884],[-72.24404910699991,-15.99707323299998],[-72.24866485699988,-15.998511358999963],[-72.25068660699992,-16.003333983999937],[-72.25164798099996,-16.007593108999913],[-72.25032810699992,-16.010917607999943],[-72.24766535699996,-16.014005607999877],[-72.24182123099996,-16.015937857999972],[-72.2367248569999,-16.019355732999884],[-72.23451235699997,-16.022186232999957],[-72.23401635699997,-16.02529710899995],[-72.2316818569999,-16.027112982999938],[-72.23125460699998,-16.029588857999954],[-72.22917923199998,-16.03153998299996],[-72.23231510699998,-16.036071733999904],[-72.23334498199995,-16.042369858999905],[-72.23857098199989,-16.046119732999955],[-72.24314123199991,-16.053119608999964],[-72.24896235699998,-16.054481483999893],[-72.25485235699989,-16.058753983999907],[-72.25592035699998,-16.06225398399988],[-72.25843048199994,-16.065126357999873],[-72.25695798199996,-16.067668858999923],[-72.25810235699998,-16.077941857999917],[-72.25709535699997,-16.084157983999887],[-72.25285348199998,-16.094285983999896],[-72.25409698199985,-16.100732858999947],[-72.25547785699996,-16.10340310899994],[-72.25981135599994,-16.107870108999975],[-72.25990298199991,-16.11003298399993],[-72.26252748199988,-16.116479857999934],[-72.26155848199994,-16.120670483999902],[-72.26427460699995,-16.12260435899998],[-72.26404573199994,-16.126316107999855],[-72.26510623199994,-16.129562358999863],[-72.26822660699992,-16.132583608999823],[-72.27063748199998,-16.136880858999916],[-72.27532198199998,-16.13897898299996],[-72.27934260699993,-16.138597483999945],[-72.28218060699993,-16.139411858999893],[-72.29182435699994,-16.1388664829999],[-72.29627223199998,-16.137401608999937],[-72.30692285699996,-16.135839483999916],[-72.31340785699996,-16.135726983999916],[-72.32472998199984,-16.139255358999947],[-72.33024610599989,-16.144061982999972],[-72.3326721069999,-16.145275108999897],[-72.33757785699999,-16.149276733999898],[-72.34211735699989,-16.15071310899998],[-72.34520735699994,-16.153184857999975],[-72.35475160699997,-16.158090607999952],[-72.35883335699998,-16.159320858999877],[-72.36882023199996,-16.161325483999917],[-72.37306223199994,-16.162725482999917],[-72.38492585699998,-16.171373358999972],[-72.39223485699989,-16.18006135899998],[-72.39329523199996,-16.18242073399989],[-72.39662935699988,-16.186660733999872],[-72.39899448199998,-16.191696107999974],[-72.40219873199999,-16.19498635799988],[-72.40386198199997,-16.199884358999952],[-72.40695185699997,-16.202386858999887],[-72.40924073199994,-16.20587923399995],[-72.41125485699996,-16.207103732999883],[-72.4203337319999,-16.20975498399997],[-72.42454523199996,-16.21246335799998],[-72.42765048199993,-16.209989608999933],[-72.4319839819999,-16.205417608999937],[-72.4325484819999,-16.203376733999903],[-72.43155673199993,-16.19945148299996],[-72.42739110699995,-16.19333060899993],[-72.42631535699996,-16.18836210799998],[-72.42679598199999,-16.185201607999943],[-72.42859648199993,-16.18337060799996],[-72.42982485699997,-16.1783867339999],[-72.43502810699982,-16.178691858999912],[-72.4391479819999,-16.177629483999965],[-72.44064335699989,-16.178293233999966],[-72.44469448199999,-16.177827858999933],[-72.44748685699994,-16.17852610799997],[-72.44954685699992,-16.180917733999877],[-72.4533691069999,-16.179834357999937],[-72.45901485699994,-16.181287733999966],[-72.46610260699993,-16.18163298299993],[-72.46626285699995,-16.179292733999887],[-72.4680862319999,-16.17618160799998],[-72.46853635699995,-16.172063858999877],[-72.46973423199995,-16.16998098299996],[-72.47249598199983,-16.168138483999883],[-72.47174835699997,-16.163396858999874],[-72.47445673199996,-16.16210173399992],[-72.47760010699989,-16.15476423299998],[-72.47768398199992,-16.147273982999934],[-72.47345735699997,-16.139759108999954],[-72.46967310699995,-16.130552232999946],[-72.47133635699998,-16.12874035899995],[-72.47316735699997,-16.12320135899995],[-72.47267910699998,-16.11970135799993],[-72.47351073199997,-16.11664585899996],[-72.47776798199993,-16.11396785799991],[-72.47806548199986,-16.11177823299994],[-72.48020173199995,-16.109125108999876],[-72.48471073199983,-16.106029357999887],[-72.49033360699991,-16.09749035899989],[-72.49111173199998,-16.09227185899988],[-72.48884585699994,-16.088855732999946],[-72.48844910699995,-16.085601857999904],[-72.48564148199989,-16.081067983999958],[-72.48361210699994,-16.08033748299988],[-72.47997285699995,-16.076263608999966],[-72.47848510699993,-16.07216635799989],[-72.47608185699994,-16.061498608999898],[-72.47728723199987,-16.055292107999946],[-72.47993473199989,-16.048244483999895],[-72.47992710699998,-16.043449358999965],[-72.48134610699998,-16.040805857999942],[-72.48114010699999,-16.036426482999957],[-72.48214723199999,-16.032777733999865],[-72.48374935699997,-16.03048898399993],[-72.48426060699995,-16.02585985899998],[-72.48219298199996,-16.0213374839999],[-72.48110198199993,-16.01632123299993],[-72.48395535699996,-16.01095010799986],[-72.48342135699988,-16.00875848299995],[-72.4800872319999,-16.007282233999945],[-72.47578435699995,-16.00434110799995],[-72.47253423199999,-16.003610608999907],[-72.47281660699997,-16.000007607999976],[-72.47114573199991,-15.996546732999946],[-72.46749873199997,-15.993720983999935],[-72.46702573199991,-15.988158232999922],[-72.46591948199995,-15.986171733999868],[-72.46604160699985,-15.980727983999941],[-72.46517948199994,-15.978383107999889],[-72.4655838569999,-15.975162483999952],[-72.46784973199988,-15.972063982999941],[-72.46823123199994,-15.967702857999939],[-72.47006223199998,-15.967117233999886],[-72.47195435699996,-15.96360585799988],[-72.46826173199997,-15.95898060799982],[-72.4663772319999,-15.950674108999976],[-72.46336360699996,-15.94680310799987],[-72.46301273199998,-15.940086357999974],[-72.46135723199995,-15.937685982999938],[-72.46368410699984,-15.933070233999956],[-72.46230310699997,-15.925665858999878],[-72.46306610699986,-15.923867232999953],[-72.46358485699989,-15.917579482999884],[-72.46305848199995,-15.915290857999878],[-72.46499635699996,-15.908226983999953],[-72.46791073199995,-15.901754358999938],[-72.46533198199995,-15.8955612339999],[-72.46249385699986,-15.894335732999934],[-72.4602737319999,-15.888847357999964],[-72.45832823199999,-15.886875107999856],[-72.45549010699989,-15.882357607999893],[-72.45529935699994,-15.879698732999827],[-72.45318598199992,-15.875492107999946],[-72.45225523199991,-15.870758107999904],[-72.45063023199987,-15.8664331089999],[-72.44603723199998,-15.86048798299987],[-72.44530485699994,-15.853994232999923],[-72.44380960699988,-15.849327982999966],[-72.44143673199983,-15.844780857999865],[-72.43444823199997,-15.845154732999958],[-72.43377685699994,-15.847620983999946],[-72.43030548199994,-15.850548732999982],[-72.42854310699988,-15.850626983999973],[-72.42260748199993,-15.852990107999915],[-72.41838073199989,-15.85408023399998],[-72.41359710699993,-15.853737858999978],[-72.4114456069999,-15.855183607999948],[-72.40676885699986,-15.855740608999952],[-72.40424348199997,-15.857874858999935],[-72.39742273199988,-15.857080482999947],[-72.39424898199991,-15.855482108999865],[-72.39115910699996,-15.852812733999883],[-72.38945773199998,-15.848339982999903],[-72.38814548199986,-15.847732483999835],[-72.38329310699999,-15.847954733999927],[-72.38167573199985,-15.847273858999813],[-72.37747198199992,-15.840829858999882],[-72.3764801069999,-15.837736107999888],[-72.37491610699993,-15.836929358999953],[-72.36887360699984,-15.838617358999954],[-72.36457823199999,-15.838831858999981],[-72.35681148199996,-15.836773857999958],[-72.35069273199986,-15.834366858999829],[-72.3498153569999,-15.83649448299991],[-72.34679410699994,-15.839357357999916],[-72.34339135699997,-15.839422232999937],[-72.33630373199998,-15.84116548299994],[-72.3315582319999,-15.839081733999933],[-72.32966610699987,-15.839029482999877],[-72.32678223199997,-15.835398733999853],[-72.3270797319999,-15.832128482999963],[-72.32889560699988,-15.830037107999942],[-72.32720185699998,-15.827582357999972],[-72.31970223199994,-15.822640357999887],[-72.3181838569999,-15.820277233999946],[-72.31292723099989,-15.814255732999982],[-72.30802160699983,-15.816741982999929],[-72.30461885699992,-15.817603232999943],[-72.30136110699993,-15.819810857999983],[-72.29822535599999,-15.82442948299996],[-72.29618835699995,-15.830810607999922],[-72.29743960699994,-15.833641107999824],[-72.29763035699989,-15.839696857999854],[-72.29644773199993,-15.84087660799986],[-72.29962923199997,-15.85053160799987],[-72.29789723199997,-15.86520673299998],[-72.29709623199994,-15.867478357999971],[-72.29783635699988,-15.872616733999962],[-72.29600523199997,-15.874202732999834],[-72.29059598199996,-15.874843482999893],[-72.28864285699996,-15.876328482999952],[-72.28573610699993,-15.880727733999947],[-72.28219610599996,-15.882137357999966],[-72.28240960699998,-15.883845358999906],[-72.28607948199993,-15.885809857999902],[-72.28756710699992,-15.887906107999981],[-72.28881073099996,-15.89616585799996],[-72.28996273199988,-15.899826107999843],[-72.29167173199988,-15.902487732999873],[-72.29232773199993,-15.907425858999886],[-72.29067235699989,-15.909555483999895],[-72.29090123199984,-15.911379857999918],[-72.29339598199994,-15.91479873399993],[-72.29417423199993,-15.917941108999969],[-72.29653173199995,-15.921036733999927],[-72.29621885699999,-15.923507607999909],[-72.29259485699998,-15.92692660899985],[-72.2807922319999,-15.931586232999905],[-72.27684023199993,-15.935355232999939],[-72.27435298099994,-15.936841982999908],[-72.26968398199989,-15.941414858999906],[-72.26358798199988,-15.94344710799993],[-72.25875085699988,-15.942748982999888],[-72.25380723199993,-15.945431732999907],[-72.24941248199985,-15.946021108999844],[-72.24127198199989,-15.949439108999854],[-72.23970798199997,-15.950827608999873],[-72.23878473199989,-15.953941357999952],[-72.23394010699997,-15.957055107999906],[-72.23165898199994,-15.959897983999952],[-72.22535698199988,-15.961474357999919]]]]},"properties":{"ubigeo":"040507","nombre":"HUANCARQUI"}},{"type":"Feature","geometry":{"type":"MultiPolygon","coordinates":[[[[-72.39064023199995,-15.59831048399991],[-72.38993835699995,-15.602058357999965],[-72.38672635699993,-15.605605107999963],[-72.3869247319999,-15.607312232999902],[-72.39014435699994,-15.612950357999921],[-72.39004510699982,-15.61836623299996],[-72.38759610699998,-15.624483107999879],[-72.38530735699993,-15.626569732999883],[-72.3879014819999,-15.626956982999957],[-72.39440923199993,-15.629369733999908],[-72.40190885699991,-15.63596148299996],[-72.40206148199991,-15.637462608999954],[-72.40694423199989,-15.641935357999898],[-72.41503923199997,-15.642936732999885],[-72.42372135699998,-15.64979273399996],[-72.42930598199996,-15.656561857999975],[-72.43101498199997,-15.659298857999943],[-72.42960373199998,-15.66474248299994],[-72.43042760699996,-15.66644960799988],[-72.43952173199983,-15.669374482999956],[-72.44770048199985,-15.672409982999852],[-72.45483398199997,-15.671903608999969],[-72.45644373199991,-15.673053733999893],[-72.45803073199994,-15.677885107999884],[-72.45788573199997,-15.682032607999929],[-72.45964048199994,-15.683702482999934],[-72.46033473199998,-15.68791860899995],[-72.46029660699986,-15.692922607999947],[-72.4619598569999,-15.694160482999962],[-72.46058660699998,-15.700726482999926],[-72.45756535699991,-15.703648607999924],[-72.45584873199988,-15.707277357999885],[-72.45690923199999,-15.710589358999925],[-72.45498660699997,-15.71668723299996],[-72.45574948199993,-15.719397482999966],[-72.45423123199998,-15.721355482999968],[-72.45451348199998,-15.724783857999967],[-72.4594726069999,-15.725807982999868],[-72.46432498199994,-15.724471107999932],[-72.46627048199997,-15.723287608999954],[-72.47041323199988,-15.722562732999847],[-72.47374723199988,-15.720558107999977],[-72.47904973199996,-15.723587982999959],[-72.47959898199991,-15.725312232999954],[-72.47708135699997,-15.728124607999973],[-72.47960660699994,-15.732397983999874],[-72.48283385699995,-15.724808732999975],[-72.48185735699997,-15.721484233999945],[-72.48214723199999,-15.716802607999853],[-72.48076635699994,-15.714713107999955],[-72.48108673199982,-15.711519232999933],[-72.48343660699999,-15.709595733999947],[-72.48339085699996,-15.707687357999873],[-72.48815160699996,-15.697519357999965],[-72.48801423199995,-15.69393348299991],[-72.48906710699993,-15.692332232999945],[-72.49429323199996,-15.695391607999966],[-72.49877160699998,-15.696258482999895],[-72.50166323199994,-15.694626858999982],[-72.50299835699991,-15.692056607999973],[-72.50447848199991,-15.686521482999922],[-72.50794985699997,-15.684656107999956],[-72.50931548199992,-15.681893358999957],[-72.51154323199995,-15.675236732999963],[-72.51277160699988,-15.673816732999967],[-72.51340473199997,-15.66890610799993],[-72.51168060699996,-15.666857732999972],[-72.51113123199997,-15.663058107999916],[-72.51534273199991,-15.657888357999923],[-72.51482385699995,-15.656101232999958],[-72.51862335699991,-15.64997860799997],[-72.52362060699994,-15.644902232999982],[-72.52879335699993,-15.638421982999887],[-72.52932735699989,-15.634400357999937],[-72.53131110699996,-15.63143923299998],[-72.53436273199998,-15.624407732999885],[-72.53144073199996,-15.619127232999972],[-72.53131860699995,-15.615074107999874],[-72.52915973199987,-15.600437107999937],[-72.52991485699982,-15.596601482999915],[-72.5295791069999,-15.58813010799986],[-72.5327453569999,-15.575999232999948],[-72.53669735699992,-15.570716857999969],[-72.54133623199988,-15.561922982999931],[-72.54119110699997,-15.560156732999928],[-72.54475398199997,-15.55732435799996],[-72.54656223199993,-15.554086732999963],[-72.54827885699996,-15.548343607999925],[-72.55390948199988,-15.545261357999891],[-72.55761723199998,-15.54220385799988],[-72.55040735699993,-15.540067733999877],[-72.54360960699995,-15.534378982999954],[-72.54145048199985,-15.529411357999948],[-72.53784948199996,-15.526146857999947],[-72.53503423199999,-15.521587357999977],[-72.53373710699998,-15.516745483999955],[-72.52962998199996,-15.511597982999831],[-72.5265176069999,-15.505386732999966],[-72.5255309819999,-15.507030607999923],[-72.52190048199998,-15.508318857999939],[-72.51048273199996,-15.509074232999978],[-72.50530248199988,-15.513935107999941],[-72.50347898199993,-15.51668360799988],[-72.49771885699982,-15.514316607999945],[-72.48992923199995,-15.514648482999974],[-72.48937223199994,-15.516776982999886],[-72.48400110699998,-15.518017732999965],[-72.48054498199991,-15.520048107999912],[-72.47720335699995,-15.524939483999958],[-72.4714813569999,-15.526614232999975],[-72.46945948199993,-15.529213857999935],[-72.46276860699993,-15.528535857999884],[-72.4591292319999,-15.52415748299984],[-72.44963073199995,-15.520149232999927],[-72.44719698199992,-15.52024173299992],[-72.44300073199992,-15.523663482999893],[-72.4386519819999,-15.529614482999875],[-72.43698885699996,-15.532632857999943],[-72.43476873199995,-15.533715233999885],[-72.42952710699996,-15.532729107999955],[-72.42691035699988,-15.533715232999896],[-72.42053985699994,-15.533011483999928],[-72.41831210699996,-15.535931607999942],[-72.41617585699998,-15.537067357999945],[-72.41366573199986,-15.540230732999873],[-72.40715785699996,-15.540230732999873],[-72.4034042319999,-15.542279232999817],[-72.39880373199992,-15.542948732999946],[-72.39635473199996,-15.545623732999957],[-72.39706423199988,-15.551499357999944],[-72.39490510699994,-15.554495857999939],[-72.3997802319999,-15.559575982999831],[-72.40298473199994,-15.560978857999885],[-72.40989685699992,-15.56534573399989],[-72.41011048199994,-15.57189748299993],[-72.40872198199997,-15.57578660799993],[-72.40919498199997,-15.582580607999944],[-72.41186523199991,-15.58499335799985],[-72.40893560699988,-15.59154798399993],[-72.40553285699991,-15.595396982999887],[-72.40010073199994,-15.596374482999977],[-72.39756773199997,-15.595733607999875],[-72.3934478569999,-15.598110232999943],[-72.39064023199995,-15.59831048399991]]]]},"properties":{"ubigeo":"040508","nombre":"MACHAGUAY"}},{"type":"Feature","geometry":{"type":"MultiPolygon","coordinates":[[[[-72.10221098199992,-14.954933107999977],[-72.10407260599993,-14.960376731999872],[-72.10644535699998,-14.965240482999889],[-72.10746760699993,-14.969007481999824],[-72.11197660699997,-14.976707482999927],[-72.11956023199986,-14.985814107999943],[-72.12051385699988,-14.988577856999939],[-72.11964410699994,-14.991952857999934],[-72.11743923099993,-14.995650232999878],[-72.11312098099995,-15.000345231999859],[-72.10707860699989,-15.005029732999958],[-72.10486598199998,-15.008334107999872],[-72.10471348199997,-15.011420232999967],[-72.10610198199998,-15.013962732999914],[-72.10713948199998,-15.019624731999954],[-72.10954285699995,-15.024458857999889],[-72.11077885599997,-15.0292616079999],[-72.11051173099992,-15.032662357999925],[-72.11444860699987,-15.03731435799989],[-72.11515048199993,-15.04303548299987],[-72.11840048199991,-15.045947106999904],[-72.1206741069999,-15.05036735799996],[-72.12200923099988,-15.05545898299988],[-72.12361160699987,-15.058690981999973],[-72.12953948199998,-15.064123106999944],[-72.13651273199997,-15.068549107999957],[-72.13881685699994,-15.069503731999873],[-72.14638523199989,-15.068912481999973],[-72.15062710699993,-15.070013857999982],[-72.16846460699986,-15.070321982999815],[-72.17838285699997,-15.073274607999963],[-72.18058010699997,-15.07617660699998],[-72.18196110699995,-15.081341732999874],[-72.18588260699994,-15.087499606999927],[-72.19281773199992,-15.095425607999971],[-72.19677735699997,-15.102054606999843],[-72.19881435699995,-15.109956731999944],[-72.20026398199997,-15.119843481999965],[-72.2016831069999,-15.120728482999937],[-72.20376585699984,-15.125531232999947],[-72.20595548099982,-15.127353607999908],[-72.20634460699995,-15.131120732999932],[-72.20236973099998,-15.131853107999973],[-72.20059973199994,-15.133462857999916],[-72.20178223199991,-15.140271232999964],[-72.20446785699994,-15.142736482999965],[-72.20619198199995,-15.147677482999939],[-72.20619960699992,-15.153437607999933],[-72.21075448199997,-15.15666773299995],[-72.21200560599993,-15.160892482999827],[-72.21205135699995,-15.164366731999962],[-72.21364598099984,-15.169996232999893],[-72.21527098199982,-15.173605857999974],[-72.2189559819999,-15.177085857999941],[-72.22179410699988,-15.178172107999956],[-72.2260666069999,-15.177915607999921],[-72.22826373199996,-15.180523857999901],[-72.23472598199999,-15.18234735699997],[-72.23874660699994,-15.184430107999901],[-72.24008935699999,-15.18284410799987],[-72.24357610699985,-15.183021606999887],[-72.24485760699991,-15.184392981999963],[-72.25031285699998,-15.18574998299988],[-72.25387573199993,-15.19042398299996],[-72.25711073199989,-15.192664106999871],[-72.25702673199987,-15.19552135799995],[-72.25444035699991,-15.200872481999852],[-72.25392148099996,-15.203898482999932],[-72.25078585699998,-15.20947173299993],[-72.24646760699989,-15.21220298299994],[-72.24399560699999,-15.219510106999962],[-72.24200435599994,-15.221651107999946],[-72.2416382319999,-15.226354606999962],[-72.23976898199999,-15.227936731999876],[-72.23818973199997,-15.23112198299998],[-72.24521635699995,-15.24139785799997],[-72.24841310699992,-15.247827482999924],[-72.25034335599997,-15.249500232999878],[-72.25165560699998,-15.253897607999932],[-72.25554660699999,-15.257555982999918],[-72.25874335699996,-15.262058232999948],[-72.26029223199998,-15.269613232999859],[-72.2620239819999,-15.272713607999947],[-72.26520535599997,-15.276273732999925],[-72.26428985699988,-15.279158607999875],[-72.26280198199998,-15.280183732999944],[-72.2625351069999,-15.283767732999934],[-72.26641848099996,-15.287012232999814],[-72.26641848199995,-15.293542857999967],[-72.26506823199998,-15.298851982999963],[-72.26624298199994,-15.3075733579999],[-72.26937860699991,-15.311400357999844],[-72.27024835699996,-15.315422232999879],[-72.27185823199994,-15.318448857999954],[-72.27062223199988,-15.324933107999982],[-72.26924135699994,-15.327440357999876],[-72.26729598199984,-15.337206857999888],[-72.26483923199993,-15.345464857999957],[-72.26306148199996,-15.347571357999925],[-72.2589111069999,-15.350115732999939],[-72.25771335699994,-15.352436107999893],[-72.25981135599994,-15.359096482999973],[-72.26148985699996,-15.362090107999961],[-72.26313785699995,-15.367402982999977],[-72.26415248199999,-15.374587982999913],[-72.26310735599992,-15.376056732999928],[-72.27139285699997,-15.382185982999943],[-72.27472685699996,-15.386188482999898],[-72.27783198199984,-15.388334232999966],[-72.2820204819999,-15.388960857999962],[-72.2854384819999,-15.390687107999952],[-72.28718560699997,-15.38974098299991],[-72.28455348199998,-15.386082607999924],[-72.28823848199994,-15.381848357999957],[-72.29618073199993,-15.381218732999912],[-72.30256648099993,-15.38342573299991],[-72.30736535699998,-15.388461107999888],[-72.3093108569999,-15.38951973299993],[-72.31367498199995,-15.389670357999933],[-72.31579585699996,-15.390664107999953],[-72.32024385699998,-15.388482107999948],[-72.32478335699989,-15.38701148299998],[-72.32421873199996,-15.38519673299993],[-72.32436373199988,-15.378679232999957],[-72.32955173199997,-15.375829732999819],[-72.32609560699996,-15.371236857999918],[-72.32217410699991,-15.363584482999954],[-72.32583623199997,-15.360259981999945],[-72.32399748199998,-15.357365607999952],[-72.32418060699996,-15.354770607999967],[-72.32225798199994,-15.349223106999887],[-72.32378385699997,-15.348511732999839],[-72.32620235699989,-15.344672232999926],[-72.33054348199988,-15.3434276079999],[-72.33196260699998,-15.34218298299993],[-72.33458710699989,-15.335210857999925],[-72.33741760699996,-15.330974607999906],[-72.34160610699996,-15.32638073299995],[-72.34178160599998,-15.32443135799997],[-72.34611510699989,-15.31997873299997],[-72.34825135699998,-15.320349732999944],[-72.35041810699994,-15.318935357999976],[-72.35558323199984,-15.318616856999881],[-72.36460110699983,-15.315295232999972],[-72.36553973199995,-15.313179982999827],[-72.36463160699986,-15.308931356999835],[-72.36598210699998,-15.305132857999979],[-72.36412810699994,-15.301390607999963],[-72.36474598199999,-15.299552857999856],[-72.36374660699983,-15.293566732999977],[-72.36006923199994,-15.291315982999834],[-72.35996248199996,-15.287863732999938],[-72.35658260699995,-15.283896482999921],[-72.35407260699998,-15.279646857999865],[-72.35063935699998,-15.27641773299996],[-72.35086823199998,-15.273595857999965],[-72.35543823199993,-15.268593732999875],[-72.36046598199988,-15.267952857999944],[-72.36270910599995,-15.268773107999891],[-72.36643985699999,-15.267367357999944],[-72.36846160699986,-15.259925857999974],[-72.37011710699994,-15.258392357999924],[-72.37279510699994,-15.2530374829999],[-72.37508398199998,-15.251295107999965],[-72.37486273199994,-15.249736732999907],[-72.36827085699997,-15.246343607999904],[-72.36466985699991,-15.241896607999934],[-72.36470798099998,-15.2394389829999],[-72.36685185699997,-15.23373798199998],[-72.37136073199991,-15.231991732999916],[-72.37282560699998,-15.227687857999967],[-72.37205510699982,-15.225353232999908],[-72.37380985699997,-15.215494107999973],[-72.37432098199997,-15.209224732999928],[-72.37555698199992,-15.207855232999918],[-72.37587735699998,-15.204429607999828],[-72.37415310699993,-15.202832232999981],[-72.37643435699994,-15.200939232999872],[-72.37693023199995,-15.197789231999934],[-72.3753967319999,-15.194818357999964],[-72.37569423199983,-15.192157732999817],[-72.37466435699997,-15.188015982999957],[-72.37193298199992,-15.18319898299984],[-72.37016298199995,-15.181816107999907],[-72.36443323199995,-15.172708482999951],[-72.3658752319999,-15.170087856999942],[-72.3625412319999,-15.163164106999943],[-72.35993198199992,-15.16182423299989],[-72.35764310699994,-15.156021232999933],[-72.35754398199998,-15.153240232999963],[-72.35971073199994,-15.148951482999905],[-72.35961148199988,-15.14386935799996],[-72.35845935699996,-15.140861607999966],[-72.35968785699998,-15.13883035799995],[-72.36270910699994,-15.137507482999922],[-72.36489873199992,-15.137656357999902],[-72.36969760699998,-15.135550357999819],[-72.37098698199998,-15.130412107999916],[-72.3706359819999,-15.123296732999961],[-72.36981960699995,-15.118579857999976],[-72.36795048099992,-15.116738357999907],[-72.36682123199995,-15.11217598299993],[-72.36212160699995,-15.109414107999896],[-72.3603973569999,-15.110232356999859],[-72.35782623199998,-15.10364435799994],[-72.35781860699996,-15.101951606999933],[-72.35557560699993,-15.097837482999978],[-72.35288235699994,-15.096097982999936],[-72.34690098199991,-15.095060482999884],[-72.33761598199993,-15.09582998299993],[-72.33527373199996,-15.096445106999965],[-72.33103185699997,-15.095855856999947],[-72.32748410599999,-15.096795106999878],[-72.31983948199985,-15.095574357999965],[-72.31700135599993,-15.094398481999974],[-72.31129460699992,-15.088259731999926],[-72.30908960699998,-15.084917982999912],[-72.30878448199996,-15.081300732999864],[-72.30506135699994,-15.079343732999916],[-72.29934698199997,-15.072984731999952],[-72.29869098199998,-15.070288606999895],[-72.29667660699994,-15.067248357999972],[-72.29223635699998,-15.067570732999968],[-72.28635410699991,-15.06461523299987],[-72.2867661059999,-15.061862982999969],[-72.28486635699994,-15.060822357999939],[-72.28511048199988,-15.058304732999886],[-72.27840423199996,-15.052526482999895],[-72.27260585599998,-15.048935857999936],[-72.27154535699998,-15.04639435699994],[-72.26814273199989,-15.043818481999892],[-72.26547235699985,-15.043250106999949],[-72.26529698199988,-15.037131357999954],[-72.2625351069999,-15.032463107999945],[-72.26036835699995,-15.026501607999933],[-72.26016998199998,-15.02355860799986],[-72.25888823099996,-15.020777731999885],[-72.25901035699997,-15.01624198299993],[-72.25631698199993,-15.011619482999947],[-72.25633235699996,-15.007040981999978],[-72.25444035699991,-14.997821857999952],[-72.25661473199989,-14.994232232999877],[-72.25730910699997,-14.988540607999937],[-72.25864410699995,-14.986722981999947],[-72.2574921069999,-14.983888606999813],[-72.2563476059999,-14.977909982999961],[-72.25682073199988,-14.97280310799988],[-72.25817110699995,-14.97041798299989],[-72.26026910699983,-14.969855357999961],[-72.26094060699995,-14.965784982999821],[-72.2573547319999,-14.962015107999832],[-72.25575260699998,-14.961390482999946],[-72.25394435699991,-14.955963107999935],[-72.2550048569999,-14.949134857999923],[-72.2533569819999,-14.946263232999911],[-72.24949648199998,-14.945586356999968],[-72.2442551069999,-14.943793357999937],[-72.24203485699996,-14.938383107999925],[-72.23866273199991,-14.93510723199995],[-72.23590848199996,-14.934564607999903],[-72.23135373199995,-14.931819856999823],[-72.22727960599997,-14.93076323299988],[-72.22599798199991,-14.929262107999932],[-72.22673798099993,-14.92615798299994],[-72.22149673199988,-14.920341482999902],[-72.21968835699994,-14.920337856999879],[-72.21587373199998,-14.916609732999973],[-72.21604923099989,-14.915023857999927],[-72.20984648099989,-14.908980232999909],[-72.20920560599995,-14.910441356999854],[-72.20184310699989,-14.909951231999969],[-72.19947048099988,-14.909302731999958],[-72.19319910699994,-14.905135106999921],[-72.18593598099994,-14.904138607999982],[-72.18346410699996,-14.900648106999938],[-72.18126673199987,-14.901838356999974],[-72.17931360699998,-14.900869357999852],[-72.17725373199994,-14.897945357999959],[-72.17133335599988,-14.89654923199987],[-72.16562648199994,-14.89604660699996],[-72.16579435699998,-14.892300607999971],[-72.16680148199998,-14.890507732999879],[-72.16147610699994,-14.885730732999946],[-72.1588439809999,-14.884454732999814],[-72.15216060599982,-14.883484856999928],[-72.15003198199992,-14.88131998199998],[-72.14771273199995,-14.881403856999952],[-72.14370735699993,-14.88483235799987],[-72.14032748199998,-14.883785232999912],[-72.13739010599994,-14.883828106999943],[-72.13406373099997,-14.885349232999943],[-72.12686160699991,-14.886694857999885],[-72.11949923199995,-14.889018982999971],[-72.11473860599995,-14.889335606999964],[-72.1100158569999,-14.887708607999912],[-72.10691835699987,-14.889335606999964],[-72.10149385599993,-14.890109982999945],[-72.0995712319999,-14.892857606999883],[-72.10665898199989,-14.899982482999917],[-72.1088638569999,-14.906150856999943],[-72.10851285699988,-14.913737357999878],[-72.10946660699994,-14.918893857999933],[-72.10764310699989,-14.92218498199992],[-72.10292810699985,-14.935868231999962],[-72.10221098199992,-14.954933107999977]]]]},"properties":{"ubigeo":"040509","nombre":"ORCOPAMPA"}},{"type":"Feature","geometry":{"type":"MultiPolygon","coordinates":[[[[-72.62875360699996,-15.559711483999934],[-72.62922673199995,-15.568160107999972],[-72.6284866069999,-15.572616607999862],[-72.62715910699984,-15.576000232999945],[-72.62313085699998,-15.58226010899989],[-72.62116235699989,-15.588467607999974],[-72.62121585699998,-15.59296985799989],[-72.62252810799998,-15.598907482999948],[-72.62299348199997,-15.605663358999891],[-72.62097173199993,-15.61071485899987],[-72.6186294819999,-15.614657358999864],[-72.61538710799988,-15.618748607999976],[-72.61032873199997,-15.623492232999979],[-72.60853573199984,-15.626369482999905],[-72.60470585699994,-15.630577982999966],[-72.60313398199997,-15.637122107999915],[-72.60095973199998,-15.640984482999897],[-72.59923548199993,-15.645476358999872],[-72.59784698199996,-15.651411107999934],[-72.59613023199995,-15.653253607999886],[-72.59604648199996,-15.657506982999905],[-72.59177398199995,-15.659929233999947],[-72.58912648199998,-15.664181732999907],[-72.58246610699996,-15.665883108999935],[-72.57443998199994,-15.669437357999982],[-72.56958785699993,-15.674578607999933],[-72.56383510799992,-15.67871860799994],[-72.55761723199998,-15.68653398299989],[-72.55398560699996,-15.688936232999879],[-72.54701235699997,-15.69217010899996],[-72.54458623199997,-15.692644107999968],[-72.5421294819999,-15.695493732999978],[-72.5406493569999,-15.698896357999956],[-72.53820798199996,-15.700954482999975],[-72.5322851069999,-15.703146482999955],[-72.5245894819999,-15.707980232999944],[-72.52163698199996,-15.710810607999917],[-72.51473998199987,-15.721555732999946],[-72.51570898199992,-15.72321035899995],[-72.51949298199992,-15.724957482999912],[-72.52225498199994,-15.729716357999962],[-72.52703860699995,-15.731280357999935],[-72.52617635699994,-15.735245732999942],[-72.51898960699992,-15.742973358999848],[-72.51800535699994,-15.746808982999937],[-72.51525110699998,-15.749182732999884],[-72.51205448199988,-15.750020983999946],[-72.51416773199992,-15.753760357999909],[-72.51428223199991,-15.759355483999968],[-72.51071173199989,-15.764444357999935],[-72.50711810699994,-15.766839982999898],[-72.51028448199997,-15.76829335899987],[-72.5144119819999,-15.772167232999948],[-72.52045435699989,-15.77532773299987],[-72.52088160699998,-15.779405607999877],[-72.52452848199994,-15.786491357999978],[-72.52542123199999,-15.79067135799994],[-72.52954860699998,-15.79209898299996],[-72.53041835699992,-15.79462260799994],[-72.53256223199992,-15.796996107999973],[-72.53428423299994,-15.804201857999942],[-72.53565210699998,-15.803941732999874],[-72.54090885699998,-15.805980733999945],[-72.54269410699999,-15.80763723399997],[-72.54551698199987,-15.808289482999896],[-72.55307010699988,-15.801070232999962],[-72.55909723199994,-15.799905733999822],[-72.56343073199997,-15.79826073299995],[-72.57106785699989,-15.789233107999962],[-72.57473760699997,-15.785375607999924],[-72.57616423199988,-15.782949482999982],[-72.57822423199997,-15.775483107999946],[-72.57977298199995,-15.772559108999872],[-72.58309935799991,-15.769566482999892],[-72.58638760699995,-15.765484857999922],[-72.58931735699997,-15.760308232999932],[-72.59091185699992,-15.749009108999928],[-72.5917587319999,-15.746968232999961],[-72.59689335699994,-15.74141785799992],[-72.59958648199995,-15.736583732999975],[-72.60290523299989,-15.732265483999925],[-72.60299685699994,-15.727650607999976],[-72.60547635699999,-15.726195358999917],[-72.61493685699992,-15.723105482999813],[-72.61817935699997,-15.719695107999883],[-72.61911773199989,-15.715224108999962],[-72.62194823199997,-15.708800357999962],[-72.62319185699994,-15.704617483999982],[-72.62547298199996,-15.702306733999933],[-72.63067623199998,-15.704496357999915],[-72.63405610699994,-15.707754107999904],[-72.64064785699998,-15.701853607999908],[-72.64141848199989,-15.706039483999973],[-72.64344785699996,-15.705640732999939],[-72.64611048199998,-15.709897982999905],[-72.64854435699993,-15.710497857999883],[-72.65071873199997,-15.707689233999872],[-72.6591873569999,-15.711235107999983],[-72.6633224819999,-15.710601857999961],[-72.66457360799996,-15.708423607999976],[-72.67031860799995,-15.703468357999952],[-72.67444610799987,-15.696556982999823],[-72.67501835699994,-15.691767733999939],[-72.68024448299991,-15.684818233999977],[-72.6801682329999,-15.679455732999884],[-72.68376923199997,-15.669880857999942],[-72.68886560699985,-15.665558857999883],[-72.69290148199991,-15.660599732999913],[-72.69570923199996,-15.658239357999946],[-72.70169835699988,-15.657462107999947],[-72.70379635699993,-15.655363982999972],[-72.70449060699991,-15.648683607999942],[-72.70365148199994,-15.641230607999944],[-72.70214848199993,-15.635889108999947],[-72.70281985699995,-15.63269698299996],[-72.70928960699996,-15.628365482999982],[-72.71012110699996,-15.62622448299993],[-72.71107485699997,-15.619470607999858],[-72.71675873199996,-15.61175635799998],[-72.71981048199996,-15.607480108999937],[-72.72077935699986,-15.605094857999916],[-72.72351835699999,-15.603018733999932],[-72.72130585699989,-15.599132607999934],[-72.71874235699988,-15.588363607999895],[-72.71646123199997,-15.584670107999898],[-72.70928960699996,-15.577362982999887],[-72.70232385699995,-15.568808607999927],[-72.70047760699998,-15.5672444839999],[-72.69340510699993,-15.56299785799996],[-72.69037623199995,-15.558357232999981],[-72.68790435699998,-15.557975732999921],[-72.68542485699999,-15.559072482999909],[-72.68241885799995,-15.558091107999871],[-72.67456060699993,-15.550755482999932],[-72.66803735699995,-15.550581982999972],[-72.66370385699992,-15.549599607999937],[-72.66069798199999,-15.545888857999955],[-72.65603635699995,-15.548520107999877],[-72.65255735699998,-15.547801857999957],[-72.64420323299998,-15.550414982999882],[-72.64026635699997,-15.550017357999934],[-72.63642123199998,-15.55227185799987],[-72.63417035699996,-15.556912482999962],[-72.62875360699996,-15.559711483999934]]]]},"properties":{"ubigeo":"040510","nombre":"PAMPACOLCA"}},{"type":"Feature","geometry":{"type":"MultiPolygon","coordinates":[[[[-72.47960660699994,-15.732397983999874],[-72.47910323199994,-15.736538857999903],[-72.47655485699994,-15.738685607999969],[-72.47665410699994,-15.74220660799989],[-72.46974185699986,-15.75411698299996],[-72.46771998199989,-15.76112273299998],[-72.46842198199988,-15.763688982999952],[-72.46678923199988,-15.769560857999977],[-72.46961973199996,-15.771904107999944],[-72.47081760699996,-15.775562232999846],[-72.46858973199994,-15.781240483999909],[-72.46846010699994,-15.78469948399993],[-72.47058110699993,-15.78768735899996],[-72.47555548199995,-15.785957357999905],[-72.47927098199995,-15.788857482999958],[-72.48851010699997,-15.79176710799993],[-72.49555973199995,-15.797583608999958],[-72.50362398199991,-15.797363232999942],[-72.50478360699992,-15.798238733999938],[-72.50848385699993,-15.80389023399988],[-72.51452635699997,-15.80648223299994],[-72.51721948199992,-15.80852885899992],[-72.52676385699988,-15.808590107999919],[-72.52884673199998,-15.80768585899989],[-72.53211210699999,-15.80473710799987],[-72.53428423299994,-15.804201857999942],[-72.53256223199992,-15.796996107999973],[-72.53041835699992,-15.79462260799994],[-72.52954860699998,-15.79209898299996],[-72.52542123199999,-15.79067135799994],[-72.52452848199994,-15.786491357999978],[-72.52088160699998,-15.779405607999877],[-72.52045435699989,-15.77532773299987],[-72.5144119819999,-15.772167232999948],[-72.51028448199997,-15.76829335899987],[-72.50711810699994,-15.766839982999898],[-72.51071173199989,-15.764444357999935],[-72.51428223199991,-15.759355483999968],[-72.51416773199992,-15.753760357999909],[-72.51205448199988,-15.750020983999946],[-72.51525110699998,-15.749182732999884],[-72.51800535699994,-15.746808982999937],[-72.51898960699992,-15.742973358999848],[-72.52617635699994,-15.735245732999942],[-72.52703860699995,-15.731280357999935],[-72.52225498199994,-15.729716357999962],[-72.51949298199992,-15.724957482999912],[-72.51570898199992,-15.72321035899995],[-72.51473998199987,-15.721555732999946],[-72.52163698199996,-15.710810607999917],[-72.5245894819999,-15.707980232999944],[-72.5322851069999,-15.703146482999955],[-72.52771435699998,-15.702717108999877],[-72.52220910699987,-15.701412233999918],[-72.51443485699991,-15.697124482999982],[-72.51181048199993,-15.694717357999934],[-72.5098801069999,-15.690744357999904],[-72.50975035699992,-15.682829857999934],[-72.50931548199992,-15.681893358999957],[-72.50794985699997,-15.684656107999956],[-72.50447848199991,-15.686521482999922],[-72.50299835699991,-15.692056607999973],[-72.50166323199994,-15.694626858999982],[-72.49877160699998,-15.696258482999895],[-72.49429323199996,-15.695391607999966],[-72.48906710699993,-15.692332232999945],[-72.48801423199995,-15.69393348299991],[-72.48815160699996,-15.697519357999965],[-72.48339085699996,-15.707687357999873],[-72.48343660699999,-15.709595733999947],[-72.48108673199982,-15.711519232999933],[-72.48076635699994,-15.714713107999955],[-72.48214723199999,-15.716802607999853],[-72.48185735699997,-15.721484233999945],[-72.48283385699995,-15.724808732999975],[-72.47960660699994,-15.732397983999874]]]]},"properties":{"ubigeo":"040511","nombre":"TIPAN"}},{"type":"Feature","geometry":{"type":"MultiPolygon","coordinates":[[[[-72.46610260699993,-16.18163298299993],[-72.45901485699994,-16.181287733999966],[-72.4533691069999,-16.179834357999937],[-72.44954685699992,-16.180917733999877],[-72.44748685699994,-16.17852610799997],[-72.44469448199999,-16.177827858999933],[-72.44064335699989,-16.178293233999966],[-72.4391479819999,-16.177629483999965],[-72.43502810699982,-16.178691858999912],[-72.42982485699997,-16.1783867339999],[-72.42859648199993,-16.18337060799996],[-72.42679598199999,-16.185201607999943],[-72.42631535699996,-16.18836210799998],[-72.42739110699995,-16.19333060899993],[-72.43155673199993,-16.19945148299996],[-72.4325484819999,-16.203376733999903],[-72.4319839819999,-16.205417608999937],[-72.42765048199993,-16.209989608999933],[-72.42454523199996,-16.21246335799998],[-72.4203337319999,-16.20975498399997],[-72.41125485699996,-16.207103732999883],[-72.40924073199994,-16.20587923399995],[-72.40695185699997,-16.202386858999887],[-72.40386198199997,-16.199884358999952],[-72.40219873199999,-16.19498635799988],[-72.39899448199998,-16.191696107999974],[-72.39662935699988,-16.186660733999872],[-72.39329523199996,-16.18242073399989],[-72.39223485699989,-16.18006135899998],[-72.38492585699998,-16.171373358999972],[-72.37306223199994,-16.162725482999917],[-72.36882023199996,-16.161325483999917],[-72.36660760699993,-16.16216660799995],[-72.36611935699995,-16.164827358999958],[-72.36435698199995,-16.167671233999954],[-72.36090085699982,-16.16969473399996],[-72.35764310699994,-16.1703433589999],[-72.35610198199993,-16.17557523299996],[-72.35908510699994,-16.179529233999915],[-72.35842898199991,-16.181581483999935],[-72.35779573099995,-16.19011110899993],[-72.35770398199998,-16.196239482999943],[-72.35861973199991,-16.201606607999906],[-72.36443323199995,-16.20627023399993],[-72.36705785699996,-16.209882608999976],[-72.36925510699996,-16.211502108999923],[-72.3672408569999,-16.21965985899982],[-72.36811060699995,-16.223154108999893],[-72.3684387319999,-16.231752357999824],[-72.36813360699989,-16.236282358999915],[-72.37005610699998,-16.239837608999892],[-72.36798098199995,-16.24423223399998],[-72.36903385699986,-16.256113108999898],[-72.37309260699993,-16.27014535899997],[-72.37337498199997,-16.275367733999815],[-72.37502285699998,-16.28212360799995],[-72.37428285699991,-16.28416635899987],[-72.36769873199995,-16.291603107999947],[-72.37122348099984,-16.2925968589999],[-72.37337498199997,-16.29105560799985],[-72.37964635699996,-16.28894048399991],[-72.38649748199992,-16.29177273299996],[-72.38878635699996,-16.29603773399998],[-72.39405823199996,-16.297687483999937],[-72.39446260599993,-16.301061608999873],[-72.39334873199994,-16.303781483999956],[-72.39651485699983,-16.309167858999842],[-72.4012603569999,-16.312356983999905],[-72.40729523199997,-16.31332973399992],[-72.41197973199996,-16.312627732999943],[-72.41628260699991,-16.31396098299996],[-72.42199710699998,-16.31289673399982],[-72.42559810699993,-16.313022607999926],[-72.43057248199995,-16.314788858999975],[-72.43470760699995,-16.318548233999877],[-72.4372329819999,-16.31955148299994],[-72.4424971069999,-16.33141523399985],[-72.44245910699993,-16.34257123399982],[-72.44379423199985,-16.36547848399988],[-72.46635435699989,-16.38315585899994],[-72.47318273199988,-16.37399673399983],[-72.47385410699991,-16.370735108999952],[-72.47770685699993,-16.36950110899994],[-72.48118585699996,-16.363256482999873],[-72.48133848199996,-16.357694608999964],[-72.48348223199997,-16.357334108999964],[-72.48877710699992,-16.36310573299994],[-72.49117273199988,-16.36727710899993],[-72.49433898199993,-16.371086108999975],[-72.49682623199993,-16.372659732999978],[-72.49873348199992,-16.37567135899991],[-72.5021209819999,-16.378244358999893],[-72.50193785699992,-16.38118185899998],[-72.50466923199997,-16.38381573399994],[-72.50547023199982,-16.386751358999902],[-72.50472260699996,-16.38912198299994],[-72.50620273199996,-16.39142798399996],[-72.50639348199991,-16.39401048399992],[-72.51021573199989,-16.398647358999824],[-72.51237485699994,-16.400152233999904],[-72.51936335699997,-16.40293498399984],[-72.52111810699984,-16.40459248399992],[-72.52120223299994,-16.40822985899996],[-72.5229644819999,-16.41009523399987],[-72.52541348199998,-16.40958973399995],[-72.53350835799995,-16.409828233999974],[-72.54187010699991,-16.40301898399997],[-72.54621885699993,-16.398775108999928],[-72.55252073199989,-16.396886858999892],[-72.5596923569999,-16.397451358999888],[-72.56573485699988,-16.40317348399992],[-72.56927485699998,-16.40896985899991],[-72.5720748569999,-16.412261983999826],[-72.57185360699998,-16.418033608999963],[-72.57344810699993,-16.421029983999915],[-72.57727048199985,-16.42197035899983],[-72.58232885699994,-16.421955108999896],[-72.58562460699989,-16.426288608999982],[-72.58887485699995,-16.429296483999906],[-72.59277348199993,-16.429292733999944],[-72.59362798199993,-16.430480983999928],[-72.59761048199994,-16.425592483999935],[-72.59902948199993,-16.422351858999946],[-72.59888460699995,-16.419139858999927],[-72.60318760699988,-16.41522785899997],[-72.60388935699996,-16.41203310899988],[-72.60742960699997,-16.40609360899998],[-72.60830673199996,-16.401782983999908],[-72.60994723199991,-16.39724735899989],[-72.61013035699995,-16.393537483999978],[-72.60902410799991,-16.38709260899998],[-72.61022185699989,-16.379436483999882],[-72.61161023299991,-16.375667608999947],[-72.61514285699991,-16.371309233999966],[-72.61584473199991,-16.367662482999947],[-72.61721810799986,-16.366481733999933],[-72.61811060699989,-16.360805483999968],[-72.6205978569999,-16.35402485899988],[-72.62577823199996,-16.349046733999955],[-72.62674710699986,-16.34627910899991],[-72.62964635699984,-16.343707983999877],[-72.63214098299994,-16.337820108999892],[-72.63385023199993,-16.337055233999934],[-72.63549035699992,-16.33275410899995],[-72.63626860699992,-16.328664733999915],[-72.64038848199993,-16.321765858999925],[-72.64214323199991,-16.3160514839999],[-72.64776610699994,-16.30846210899989],[-72.64908598199997,-16.30502323399992],[-72.65153498199999,-16.302389108999932],[-72.65278623199998,-16.29770660899993],[-72.65431210799994,-16.29543873299997],[-72.65554048199994,-16.291116733999957],[-72.65573123299993,-16.28375248399982],[-72.65455623299988,-16.280389733999925],[-72.65472410799998,-16.27795023399989],[-72.65328985699989,-16.275628983999923],[-72.65327448199997,-16.271936358999938],[-72.65226748199996,-16.263256108999826],[-72.6536483569999,-16.25461198399995],[-72.65293885699998,-16.250947983999936],[-72.65108485699989,-16.247810358999914],[-72.65010073199988,-16.24663923399993],[-72.65080248199996,-16.241853733999903],[-72.64891048299984,-16.238870608999946],[-72.64828485699996,-16.235368733999906],[-72.64463048199991,-16.229326233999814],[-72.64307398199992,-16.222789733999946],[-72.64322660699992,-16.21812635799995],[-72.63845823199983,-16.215631483999914],[-72.63622285799988,-16.21269798299994],[-72.63375860699983,-16.20740885899994],[-72.63338473199997,-16.203330983999933],[-72.63368985699998,-16.19486810799998],[-72.63507848199998,-16.18623735899996],[-72.63486485699997,-16.183385857999895],[-72.63308710699994,-16.181419358999904],[-72.63162998199994,-16.17352673299996],[-72.63195035699994,-16.168296857999962],[-72.63612360699994,-16.159660357999883],[-72.63705448199994,-16.15435223399993],[-72.63887023199999,-16.152154983999935],[-72.64082335699993,-16.145536482999944],[-72.6396561069999,-16.14235498299996],[-72.63986210799999,-16.137805982999907],[-72.63391873299992,-16.134546232999924],[-72.6276321069999,-16.13288698399998],[-72.62265010699997,-16.133323608999945],[-72.61793523199987,-16.136468983999976],[-72.6136398569999,-16.136037858999885],[-72.60583498199992,-16.136897982999926],[-72.60231785699989,-16.138292358999934],[-72.60221098199992,-16.13527498399992],[-72.60087585699995,-16.131826358999945],[-72.59727473199996,-16.1281738589999],[-72.58574673199996,-16.12544623399998],[-72.57627873199993,-16.124778732999914],[-72.57412723199991,-16.115835233999974],[-72.57182310699994,-16.11326598399984],[-72.57254785699996,-16.103736858999923],[-72.57067110699995,-16.096624358999918],[-72.56770323199999,-16.094057108999948],[-72.56278985699993,-16.092334733999905],[-72.55847173199999,-16.09315685799993],[-72.55571748199998,-16.097536108999975],[-72.55065160699996,-16.100830108999844],[-72.54692073199993,-16.10730360899987],[-72.5429839819999,-16.109186232999946],[-72.53999323199997,-16.108079858999815],[-72.53506473199997,-16.107620107999878],[-72.53342435699994,-16.108196232999944],[-72.52691648199988,-16.11388398299988],[-72.52156060699986,-16.119831108999904],[-72.52086635699999,-16.127679858999954],[-72.51897423199989,-16.131603233999954],[-72.51375585699998,-16.13566785899991],[-72.5115891069999,-16.14331823299983],[-72.51007085699996,-16.146123858999886],[-72.50903323199992,-16.15159035899984],[-72.50759885699989,-16.155210358999966],[-72.50708773199989,-16.164461108999944],[-72.50653073199999,-16.168460732999904],[-72.50431823199989,-16.17258448299998],[-72.50075535699989,-16.174632983999913],[-72.49906160699999,-16.17774960899993],[-72.49618535699994,-16.18528935899991],[-72.49187473199999,-16.185432483999875],[-72.48873898199997,-16.187498108999876],[-72.48616023199992,-16.18814273399994],[-72.47502135699995,-16.188156233999905],[-72.4710617319999,-16.190164608999908],[-72.46949773199998,-16.18858523399996],[-72.46900173199998,-16.184387233999814],[-72.46610260699993,-16.18163298299993]]]]},"properties":{"ubigeo":"040512","nombre":"URACA"}},{"type":"Feature","geometry":{"type":"MultiPolygon","coordinates":[[[[-72.24528498099994,-15.735808357999872],[-72.2437743569999,-15.73863310799993],[-72.24807735699994,-15.743107733999864],[-72.25087735599982,-15.747539482999912],[-72.25485235699989,-15.750255608999908],[-72.25347898199988,-15.754267732999892],[-72.25419610699998,-15.756239857999901],[-72.25757598199993,-15.757154482999908],[-72.25743085699992,-15.759314482999912],[-72.26071935699997,-15.761822732999974],[-72.26106260699993,-15.763503983999897],[-72.26398473199993,-15.765839607999965],[-72.26623535699991,-15.769404357999974],[-72.27103423199998,-15.772853858999838],[-72.27114873199992,-15.77590448299992],[-72.27619173199992,-15.7833928579999],[-72.27466585599996,-15.786896732999935],[-72.27593223199995,-15.78964235799998],[-72.27439123199997,-15.793677357999968],[-72.27513885599996,-15.795103107999978],[-72.27570348199993,-15.802430108999943],[-72.27779385699995,-15.803070108999975],[-72.28211973199996,-15.801677732999963],[-72.28442385699998,-15.801933233999875],[-72.28547673199989,-15.799179983999977],[-72.2931747319999,-15.794044483999869],[-72.29475410699996,-15.797394733999965],[-72.2976532319999,-15.797378483999978],[-72.30021673199991,-15.799761733999901],[-72.30380248199998,-15.801548982999975],[-72.30437473199999,-15.805695482999965],[-72.30571748199998,-15.808535607999943],[-72.30855560699996,-15.809499732999939],[-72.31243135599993,-15.812313857999982],[-72.31292723099989,-15.814255732999982],[-72.3181838569999,-15.820277233999946],[-72.31970223199994,-15.822640357999887],[-72.32720185699998,-15.827582357999972],[-72.32889560699988,-15.830037107999942],[-72.3270797319999,-15.832128482999963],[-72.32678223199997,-15.835398733999853],[-72.32966610699987,-15.839029482999877],[-72.3315582319999,-15.839081733999933],[-72.33630373199998,-15.84116548299994],[-72.34339135699997,-15.839422232999937],[-72.34679410699994,-15.839357357999916],[-72.3498153569999,-15.83649448299991],[-72.35069273199986,-15.834366858999829],[-72.35681148199996,-15.836773857999958],[-72.36457823199999,-15.838831858999981],[-72.36887360699984,-15.838617358999954],[-72.37491610699993,-15.836929358999953],[-72.3764801069999,-15.837736107999888],[-72.37747198199992,-15.840829858999882],[-72.38167573199985,-15.847273858999813],[-72.38329310699999,-15.847954733999927],[-72.38814548199986,-15.847732483999835],[-72.38945773199998,-15.848339982999903],[-72.39115910699996,-15.852812733999883],[-72.39424898199991,-15.855482108999865],[-72.39742273199988,-15.857080482999947],[-72.40424348199997,-15.857874858999935],[-72.40676885699986,-15.855740608999952],[-72.4114456069999,-15.855183607999948],[-72.41359710699993,-15.853737858999978],[-72.41838073199989,-15.85408023399998],[-72.42260748199993,-15.852990107999915],[-72.42854310699988,-15.850626983999973],[-72.43030548199994,-15.850548732999982],[-72.43377685699994,-15.847620983999946],[-72.43444823199997,-15.845154732999958],[-72.44143673199983,-15.844780857999865],[-72.44380960699988,-15.849327982999966],[-72.44538110699995,-15.848625233999883],[-72.44686885699997,-15.844765608999921],[-72.4492339819999,-15.84236148399998],[-72.44979098199997,-15.839892358999975],[-72.44873048199997,-15.837720858999944],[-72.45104998199997,-15.833947232999947],[-72.45142360699998,-15.830372857999919],[-72.45404810699995,-15.825265857999966],[-72.45731348199996,-15.821517983999968],[-72.4625243569999,-15.818552982999847],[-72.46372985699998,-15.816158232999953],[-72.46298223199994,-15.813187482999979],[-72.46336360699996,-15.810418108999897],[-72.46645360699983,-15.806012107999948],[-72.46891773199997,-15.800490357999877],[-72.47010798199994,-15.799150482999949],[-72.47141260699988,-15.793331982999916],[-72.4702072319999,-15.79089635799994],[-72.47058110699993,-15.78768735899996],[-72.46846010699994,-15.78469948399993],[-72.46858973199994,-15.781240483999909],[-72.47081760699996,-15.775562232999846],[-72.46961973199996,-15.771904107999944],[-72.46678923199988,-15.769560857999977],[-72.46842198199988,-15.763688982999952],[-72.46771998199989,-15.76112273299998],[-72.46974185699986,-15.75411698299996],[-72.47665410699994,-15.74220660799989],[-72.47655485699994,-15.738685607999969],[-72.47910323199994,-15.736538857999903],[-72.47960660699994,-15.732397983999874],[-72.47708135699997,-15.728124607999973],[-72.47959898199991,-15.725312232999954],[-72.47904973199996,-15.723587982999959],[-72.47374723199988,-15.720558107999977],[-72.47041323199988,-15.722562732999847],[-72.46627048199997,-15.723287608999954],[-72.46432498199994,-15.724471107999932],[-72.4594726069999,-15.725807982999868],[-72.45451348199998,-15.724783857999967],[-72.45423123199998,-15.721355482999968],[-72.45574948199993,-15.719397482999966],[-72.45498660699997,-15.71668723299996],[-72.45690923199999,-15.710589358999925],[-72.45584873199988,-15.707277357999885],[-72.45756535699991,-15.703648607999924],[-72.46058660699998,-15.700726482999926],[-72.4619598569999,-15.694160482999962],[-72.46029660699986,-15.692922607999947],[-72.46033473199998,-15.68791860899995],[-72.45964048199994,-15.683702482999934],[-72.45788573199997,-15.682032607999929],[-72.45803073199994,-15.677885107999884],[-72.45644373199991,-15.673053733999893],[-72.45483398199997,-15.671903608999969],[-72.44770048199985,-15.672409982999852],[-72.43952173199983,-15.669374482999956],[-72.43042760699996,-15.66644960799988],[-72.42960373199998,-15.66474248299994],[-72.43101498199997,-15.659298857999943],[-72.42930598199996,-15.656561857999975],[-72.42372135699998,-15.64979273399996],[-72.41503923199997,-15.642936732999885],[-72.40694423199989,-15.641935357999898],[-72.40206148199991,-15.637462608999954],[-72.40190885699991,-15.63596148299996],[-72.39440923199993,-15.629369733999908],[-72.3879014819999,-15.626956982999957],[-72.38530735699993,-15.626569732999883],[-72.38514710699991,-15.63300798399996],[-72.38300323199991,-15.633068107999861],[-72.38029485699997,-15.635498107999922],[-72.37786098199996,-15.639451982999958],[-72.37776948199996,-15.64123535799996],[-72.37468723199999,-15.645836857999939],[-72.37400823199994,-15.648073357999976],[-72.36953735699996,-15.65319448299988],[-72.36958310699993,-15.657523107999907],[-72.36713410699997,-15.660030357999972],[-72.3700103569999,-15.66335385799988],[-72.37129210699993,-15.665942232999896],[-72.37096410699996,-15.668551482999874],[-72.37329098199996,-15.680112857999916],[-72.37239835699995,-15.682373982999934],[-72.37097173199999,-15.691244107999978],[-72.3722076069999,-15.696548483999834],[-72.36876673199998,-15.697472607999885],[-72.3673019819999,-15.698969857999884],[-72.36708073199998,-15.702218982999966],[-72.36547085699993,-15.707454732999906],[-72.36527248199997,-15.712431858999878],[-72.36439510699984,-15.717129733999911],[-72.35965723199996,-15.721270482999955],[-72.36009198199997,-15.72513298299998],[-72.35816198199996,-15.730453483999895],[-72.35368335699985,-15.72487923299991],[-72.35034948199996,-15.722091732999957],[-72.34268185699995,-15.719553982999969],[-72.32954410699989,-15.721975357999895],[-72.32735448199992,-15.720524732999877],[-72.32221985699988,-15.721192357999882],[-72.31819135699999,-15.72049348299987],[-72.31517023199996,-15.718046233999871],[-72.30927273199995,-15.719687483999962],[-72.30576323199995,-15.721644357999878],[-72.30164335699993,-15.719456733999891],[-72.29792785599989,-15.719341358999941],[-72.29430385699999,-15.72380260899996],[-72.29056548199992,-15.7268818579999],[-72.28287510699994,-15.727652607999971],[-72.27602385599988,-15.730639482999948],[-72.27273560699996,-15.734048857999937],[-72.27153010699993,-15.73677635799993],[-72.26422885599999,-15.741228108999962],[-72.25861360699997,-15.740185733999965],[-72.25384523199989,-15.740947608999932],[-72.2463378569999,-15.737410482999906],[-72.24528498099994,-15.735808357999872]]]]},"properties":{"ubigeo":"040513","nombre":"U\u00d1ON"}},{"type":"Feature","geometry":{"type":"MultiPolygon","coordinates":[[[[-72.55761723199998,-15.54220385799988],[-72.55390948199988,-15.545261357999891],[-72.54827885699996,-15.548343607999925],[-72.54656223199993,-15.554086732999963],[-72.54475398199997,-15.55732435799996],[-72.54119110699997,-15.560156732999928],[-72.54133623199988,-15.561922982999931],[-72.53669735699992,-15.570716857999969],[-72.5327453569999,-15.575999232999948],[-72.5295791069999,-15.58813010799986],[-72.52991485699982,-15.596601482999915],[-72.52915973199987,-15.600437107999937],[-72.53131860699995,-15.615074107999874],[-72.53144073199996,-15.619127232999972],[-72.53436273199998,-15.624407732999885],[-72.53131110699996,-15.63143923299998],[-72.52932735699989,-15.634400357999937],[-72.52879335699993,-15.638421982999887],[-72.52362060699994,-15.644902232999982],[-72.51862335699991,-15.64997860799997],[-72.51482385699995,-15.656101232999958],[-72.51534273199991,-15.657888357999923],[-72.51113123199997,-15.663058107999916],[-72.51168060699996,-15.666857732999972],[-72.51340473199997,-15.66890610799993],[-72.51277160699988,-15.673816732999967],[-72.51154323199995,-15.675236732999963],[-72.50931548199992,-15.681893358999957],[-72.50975035699992,-15.682829857999934],[-72.5098801069999,-15.690744357999904],[-72.51181048199993,-15.694717357999934],[-72.51443485699991,-15.697124482999982],[-72.52220910699987,-15.701412233999918],[-72.52771435699998,-15.702717108999877],[-72.5322851069999,-15.703146482999955],[-72.53820798199996,-15.700954482999975],[-72.5406493569999,-15.698896357999956],[-72.5421294819999,-15.695493732999978],[-72.54458623199997,-15.692644107999968],[-72.54701235699997,-15.69217010899996],[-72.55398560699996,-15.688936232999879],[-72.55761723199998,-15.68653398299989],[-72.56383510799992,-15.67871860799994],[-72.56958785699993,-15.674578607999933],[-72.57443998199994,-15.669437357999982],[-72.58246610699996,-15.665883108999935],[-72.58912648199998,-15.664181732999907],[-72.59177398199995,-15.659929233999947],[-72.59604648199996,-15.657506982999905],[-72.59613023199995,-15.653253607999886],[-72.59784698199996,-15.651411107999934],[-72.59923548199993,-15.645476358999872],[-72.60095973199998,-15.640984482999897],[-72.60313398199997,-15.637122107999915],[-72.60470585699994,-15.630577982999966],[-72.60853573199984,-15.626369482999905],[-72.61032873199997,-15.623492232999979],[-72.61538710799988,-15.618748607999976],[-72.6186294819999,-15.614657358999864],[-72.62097173199993,-15.61071485899987],[-72.62299348199997,-15.605663358999891],[-72.62252810799998,-15.598907482999948],[-72.62121585699998,-15.59296985799989],[-72.62116235699989,-15.588467607999974],[-72.62313085699998,-15.58226010899989],[-72.62715910699984,-15.576000232999945],[-72.6284866069999,-15.572616607999862],[-72.62922673199995,-15.568160107999972],[-72.62875360699996,-15.559711483999934],[-72.61863710699993,-15.556053108999947],[-72.61688998199998,-15.555932983999924],[-72.60881810699993,-15.559671357999889],[-72.60690310699994,-15.559353857999838],[-72.60551448199988,-15.554461482999955],[-72.60272985699987,-15.550763107999956],[-72.60089873299995,-15.550286232999895],[-72.59278873199997,-15.551320107999913],[-72.58638760699995,-15.550763107999956],[-72.58343498199997,-15.548373233999882],[-72.57839198199991,-15.545394857999952],[-72.57067873199998,-15.538650607999955],[-72.56291960699986,-15.53758148299994],[-72.56006623299993,-15.540864982999949],[-72.55761723199998,-15.54220385799988]]]]},"properties":{"ubigeo":"040514","nombre":"VIRACO"}},{"type":"Feature","geometry":{"type":"MultiPolygon","coordinates":[[[[-72.55909723199994,-15.799905733999822],[-72.56169123299998,-15.801207482999871],[-72.5635986069999,-15.805259732999957],[-72.56514735699994,-15.81473635899988],[-72.56849673199997,-15.818165732999944],[-72.57217423199995,-15.819474108999941],[-72.5773238569999,-15.82388498299997],[-72.58361048199993,-15.825355482999953],[-72.58900448199995,-15.825845733999927],[-72.59480285699982,-15.823640857999976],[-72.60044098199995,-15.826173733999951],[-72.60264585699991,-15.828460732999929],[-72.60771173199987,-15.826990107999904],[-72.61057273199998,-15.828704857999867],[-72.61252598199985,-15.828501733999929],[-72.61424260699994,-15.831032732999915],[-72.61548610699998,-15.83670323399997],[-72.61846923199988,-15.83982185899987],[-72.62330635699993,-15.842861232999951],[-72.62803648199997,-15.84188173299998],[-72.63541410699992,-15.843985483999973],[-72.6414947319999,-15.844452857999897],[-72.64247898199989,-15.846236232999956],[-72.64128873199991,-15.849669482999957],[-72.64294435699992,-15.851349858999981],[-72.64352423199995,-15.854359607999982],[-72.64879610799994,-15.860994482999956],[-72.64748385699994,-15.862574608999978],[-72.64826198299983,-15.864593483999954],[-72.64612573199997,-15.865817983999932],[-72.64602673199988,-15.86972623299988],[-72.64444735699993,-15.872644483999977],[-72.64625585699991,-15.876441982999836],[-72.65112098199995,-15.878263857999855],[-72.65322685699994,-15.88032098399998],[-72.65631860699995,-15.887238608999894],[-72.65689073299995,-15.894918483999959],[-72.6567077329999,-15.898568108999939],[-72.65540310699987,-15.906376983999962],[-72.65548710699989,-15.913874607999958],[-72.65470885799988,-15.916425733999972],[-72.65625760699987,-15.924827608999976],[-72.65687560699985,-15.930876732999934],[-72.65998073299988,-15.934979483999939],[-72.66344448199999,-15.941195357999959],[-72.66421510699996,-15.946142232999932],[-72.66761785799997,-15.952556607999952],[-72.66924285699992,-15.959396357999935],[-72.66939548199997,-15.9629898579999],[-72.67349248199992,-15.967704732999835],[-72.67665860699998,-15.978062608999949],[-72.67867273199988,-15.98115248399995],[-72.6842193579999,-15.98241235799992],[-72.68666835799996,-15.984095607999961],[-72.68820185699991,-15.988182108999922],[-72.68911748199997,-15.993695232999926],[-72.69023898199998,-15.996759357999963],[-72.6967842329999,-15.998560357999963],[-72.70008560699995,-16.006182607999904],[-72.70158610699997,-16.008401608999918],[-72.70385760699997,-16.016439858999945],[-72.70538360699999,-16.0200256089999],[-72.70696823299994,-16.026716357999874],[-72.70708985799996,-16.033521483999948],[-72.70964498299998,-16.03761948399989],[-72.71223535699988,-16.051395482999908],[-72.71311523199995,-16.053790608999975],[-72.71317923199985,-16.063283732999935],[-72.71140173199996,-16.070249358999888],[-72.71135710699997,-16.076318733999926],[-72.70785310699995,-16.091760608999948],[-72.70487210699997,-16.096551858999874],[-72.70127110699991,-16.10570923399996],[-72.69862360699994,-16.10982510899987],[-72.69017023199996,-16.117736858999933],[-72.68720248299991,-16.119810108999957],[-72.68825535799988,-16.126254983999956],[-72.68818660699998,-16.130977733999885],[-72.68675235699999,-16.137613358999943],[-72.68774410699996,-16.14109235899997],[-72.69007110799993,-16.14581485799988],[-72.69094848299989,-16.150394357999915],[-72.69074248199996,-16.153224983999905],[-72.69194035699996,-16.15936660899996],[-72.69393923299998,-16.163988107999955],[-72.69220735699986,-16.16699985799994],[-72.68984985699984,-16.173921608999933],[-72.68788910699988,-16.184978482999952],[-72.68629448199994,-16.187330232999955],[-72.6845016069999,-16.194971108999937],[-72.68598173199996,-16.20114898399987],[-72.68513485799997,-16.210138358999927],[-72.68604273199998,-16.213949233999926],[-72.6875533569999,-16.216165483999873],[-72.6874086069999,-16.21850585899989],[-72.68358610799999,-16.225805233999893],[-72.67978673299996,-16.23065548399984],[-72.6770324819999,-16.235662482999942],[-72.67128748199991,-16.237073857999917],[-72.66849523199988,-16.238956482999924],[-72.66653448199992,-16.24462510799998],[-72.66479498199988,-16.246913858999903],[-72.66090398199998,-16.248014483999953],[-72.65108485699989,-16.247810358999914],[-72.65293885699998,-16.250947983999936],[-72.6536483569999,-16.25461198399995],[-72.65226748199996,-16.263256108999826],[-72.65327448199997,-16.271936358999938],[-72.65328985699989,-16.275628983999923],[-72.65472410799998,-16.27795023399989],[-72.65455623299988,-16.280389733999925],[-72.65573123299993,-16.28375248399982],[-72.65554048199994,-16.291116733999957],[-72.65431210799994,-16.29543873299997],[-72.65278623199998,-16.29770660899993],[-72.65153498199999,-16.302389108999932],[-72.64908598199997,-16.30502323399992],[-72.64776610699994,-16.30846210899989],[-72.64214323199991,-16.3160514839999],[-72.64038848199993,-16.321765858999925],[-72.63626860699992,-16.328664733999915],[-72.63549035699992,-16.33275410899995],[-72.63385023199993,-16.337055233999934],[-72.63214098299994,-16.337820108999892],[-72.62964635699984,-16.343707983999877],[-72.62674710699986,-16.34627910899991],[-72.62577823199996,-16.349046733999955],[-72.6205978569999,-16.35402485899988],[-72.61811060699989,-16.360805483999968],[-72.61721810799986,-16.366481733999933],[-72.61584473199991,-16.367662482999947],[-72.61514285699991,-16.371309233999966],[-72.61161023299991,-16.375667608999947],[-72.61022185699989,-16.379436483999882],[-72.60902410799991,-16.38709260899998],[-72.61013035699995,-16.393537483999978],[-72.60994723199991,-16.39724735899989],[-72.60830673199996,-16.401782983999908],[-72.60742960699997,-16.40609360899998],[-72.60388935699996,-16.41203310899988],[-72.60318760699988,-16.41522785899997],[-72.59888460699995,-16.419139858999927],[-72.59902948199993,-16.422351858999946],[-72.59761048199994,-16.425592483999935],[-72.59362798199993,-16.430480983999928],[-72.59711460699987,-16.4360637339999],[-72.59725185699995,-16.44175335899996],[-72.59682460699992,-16.447849233999932],[-72.59944148199992,-16.454866358999936],[-72.60292810699991,-16.459960983999906],[-72.60611710799998,-16.460376733999965],[-72.6088791069999,-16.458173733999843],[-72.61139673199995,-16.45840648399991],[-72.61341860699997,-16.456577358999937],[-72.61830898199997,-16.455192483999895],[-72.62335210799995,-16.457006483999976],[-72.62654873199995,-16.454513608999946],[-72.63126385699991,-16.452175108999825],[-72.63434598299995,-16.44959448399993],[-72.64095310699992,-16.447595608999904],[-72.64395135699993,-16.4406127339999],[-72.65029910799996,-16.435983608999948],[-72.6530838569999,-16.435487733999935],[-72.65991973199993,-16.431163733999938],[-72.66204835699983,-16.427547483999945],[-72.66410823299998,-16.42623898399995],[-72.66989898199995,-16.42442698399998],[-72.67148585699988,-16.42201610899997],[-72.67584223199992,-16.411811858999954],[-72.67921448199996,-16.405633983999962],[-72.68207548299989,-16.401550233999842],[-72.68595123199992,-16.397670733999917],[-72.6900406069999,-16.394401608999885],[-72.69687648199994,-16.391441358999828],[-72.69850923299998,-16.389907858999948],[-72.7002792319999,-16.384860982999896],[-72.70484160699993,-16.3814334839999],[-72.70622248199987,-16.379013108999914],[-72.70841985699997,-16.37566373399983],[-72.71035760699988,-16.3672886089999],[-72.71321873199992,-16.363103857999874],[-72.71526348299989,-16.36157223399988],[-72.72128298199993,-16.35523973399995],[-72.72587585699983,-16.351871483999957],[-72.73497010699998,-16.346355483999844],[-72.74058535699999,-16.34359935899988],[-72.74599460699994,-16.339616733999947],[-72.74977110699996,-16.329627983999956],[-72.75202935699991,-16.326757483999927],[-72.75639348199996,-16.327182733999962],[-72.76287835799997,-16.32506560899992],[-72.76595310699992,-16.323020983999925],[-72.77188110799995,-16.32088285899988],[-72.77938085699998,-16.316974608999885],[-72.78385923299999,-16.31586460799997],[-72.7856444819999,-16.31297498399988],[-72.79284673299986,-16.31147198399998],[-72.79547123299994,-16.308647107999832],[-72.79792785799998,-16.308504108999898],[-72.79924010799994,-16.304172483999878],[-72.79846948199986,-16.301788358999886],[-72.80026248199988,-16.299842858999853],[-72.79917910699993,-16.298355108999942],[-72.80208585699995,-16.291196858999967],[-72.80491635699991,-16.278488108999966],[-72.80880735799997,-16.272466607999945],[-72.8092346069999,-16.269819233999897],[-72.8068847319999,-16.264133483999956],[-72.80708310699998,-16.25711635899995],[-72.80648798299995,-16.253642983999953],[-72.80939485699992,-16.24673460899993],[-72.81010435699994,-16.24381448399987],[-72.80905135799992,-16.23890498299994],[-72.80972285699988,-16.233440232999953],[-72.80929560699997,-16.230407733999925],[-72.81012723199996,-16.221448857999974],[-72.81127935799998,-16.221279108999966],[-72.81349948299999,-16.216789233999975],[-72.81488798199996,-16.215566608999893],[-72.81503298299998,-16.207912483999962],[-72.81713873299992,-16.202909483999974],[-72.8188323569999,-16.2011203589999],[-72.82296748199991,-16.194711733999895],[-72.82722473299998,-16.189145983999822],[-72.83077998199991,-16.185249358999897],[-72.83545685699988,-16.178790983999875],[-72.83989710799995,-16.176111233999904],[-72.84122473199983,-16.174461358999906],[-72.84267410699994,-16.169464108999875],[-72.84378823299994,-16.162160857999936],[-72.84377285699998,-16.15691760899989],[-72.84239960699995,-16.153755233999902],[-72.84477235799989,-16.15032198399996],[-72.84396360799997,-16.14743998399996],[-72.84465785799995,-16.144403483999895],[-72.8433684819999,-16.139989858999968],[-72.84561923199988,-16.137729607999972],[-72.84634398299983,-16.13465885799991],[-72.84333798299997,-16.126184483999964],[-72.84400935799994,-16.122749358999954],[-72.8462524819999,-16.121148983999888],[-72.85092923199994,-16.11471173399991],[-72.85620885799989,-16.102081358999897],[-72.85810085699995,-16.09945873399988],[-72.85800935799995,-16.09686473399995],[-72.86013798199991,-16.09399798299995],[-72.86332685699989,-16.09142873399992],[-72.86592860699994,-16.086780608999902],[-72.86605073199996,-16.083980607999877],[-72.86783598299996,-16.08123973299996],[-72.86914823299998,-16.07653235899994],[-72.8727112329999,-16.06828885899995],[-72.8729172319999,-16.065109233999976],[-72.87580110799996,-16.05752198299996],[-72.87750248299994,-16.05577285899983],[-72.88039410699992,-16.049756983999885],[-72.88450623299991,-16.047172608999915],[-72.89035798199995,-16.04654698299987],[-72.89359285699999,-16.0446453589999],[-72.89580535699997,-16.04135510799989],[-72.89192960799994,-16.039651858999946],[-72.88981623299998,-16.036233858999935],[-72.88526148199998,-16.03205873299987],[-72.8822249829999,-16.030540482999925],[-72.88157648299989,-16.02891360899997],[-72.87745660699989,-16.024467482999967],[-72.87569423299982,-16.01755148399991],[-72.87079623199992,-16.015165358999923],[-72.86849210799988,-16.011781733999896],[-72.86246485699996,-16.008268358999942],[-72.86064148299994,-16.008701358999872],[-72.85253148299984,-16.00792123399998],[-72.84172823199992,-16.010400733999973],[-72.83341985699991,-16.008985482999947],[-72.82957460799992,-16.010478983999974],[-72.82682035799996,-16.014211607999982],[-72.82727810699998,-16.018749233999813],[-72.8246139819999,-16.02203123299995],[-72.82163573299994,-16.02265260899992],[-72.81567885699991,-16.021516983999845],[-72.80683898199993,-16.003372232999936],[-72.79908748299994,-16.002929608999978],[-72.78998560799994,-15.997911483999928],[-72.78815460699985,-15.993155482999953],[-72.78849798199991,-15.986933732999944],[-72.7874908579999,-15.98364923299988],[-72.78650660799991,-15.976880107999875],[-72.78392023199996,-15.972156482999935],[-72.78066310799994,-15.96949898299988],[-72.77855635799989,-15.96900535899988],[-72.77239223199996,-15.965888983999946],[-72.77047735699995,-15.962058982999963],[-72.76435085699995,-15.956378983999855],[-72.76067348199996,-15.95513635799989],[-72.75807935699999,-15.953173482999944],[-72.75502773199992,-15.948911608999822],[-72.75480648299992,-15.946062107999865],[-72.7532958569999,-15.94126123399991],[-72.75440973199994,-15.936372732999928],[-72.75230410699999,-15.931426107999982],[-72.74823760799995,-15.923677482999949],[-72.74649823199996,-15.921218857999918],[-72.74630735699998,-15.914951482999982],[-72.74414823199993,-15.911974857999951],[-72.74492648299992,-15.908687608999855],[-72.74407960699995,-15.902777733999812],[-72.7419204819999,-15.90190223299993],[-72.73897548299993,-15.898787482999978],[-72.73691560699996,-15.894497857999966],[-72.73593898199988,-15.885660232999953],[-72.73683923299996,-15.880113607999874],[-72.73845673199992,-15.877860982999891],[-72.73922735699989,-15.869198857999947],[-72.73663335699996,-15.864028983999958],[-72.73587798199998,-15.85843185799996],[-72.73287198299994,-15.853380232999939],[-72.7316207319999,-15.848823607999975],[-72.7264328579999,-15.842387232999954],[-72.72632585799994,-15.840027858999974],[-72.7226028579999,-15.83518023299996],[-72.72169498199992,-15.83262823399997],[-72.72180173199996,-15.82869148299983],[-72.7205276069999,-15.826465607999864],[-72.72299960699996,-15.821257607999883],[-72.72746273199994,-15.814832732999946],[-72.7303391069999,-15.812873857999875],[-72.73645785699989,-15.803473482999948],[-72.73949448199988,-15.801196107999829],[-72.74372860699992,-15.795881232999875],[-72.7462616069999,-15.789646107999943],[-72.75170135699994,-15.785262107999927],[-72.75151060699989,-15.78323648299994],[-72.74197385699995,-15.780318233999878],[-72.73619848199996,-15.772367482999982],[-72.73649598199995,-15.768724482999858],[-72.74024960699995,-15.764565482999899],[-72.74227148199998,-15.755581857999914],[-72.74227148199998,-15.751912107999942],[-72.74096673199995,-15.747716857999933],[-72.74132548199998,-15.741505608999887],[-72.74284360699988,-15.735279982999941],[-72.74684148199992,-15.73340710799988],[-72.75139623199993,-15.732901607999963],[-72.7579269819999,-15.72890285799997],[-72.76315310799998,-15.724410107999915],[-72.76967623199994,-15.72285935799988],[-72.77483373199982,-15.719129608999935],[-72.77333073299997,-15.716578482999978],[-72.76998898199997,-15.71446898399995],[-72.76914198299988,-15.712521607999918],[-72.7650374829999,-15.709163608999916],[-72.76572423199997,-15.70621398399993],[-72.76499935799995,-15.70139785799995],[-72.76280210699997,-15.695324857999935],[-72.76119235699991,-15.68587785799997],[-72.76169585699989,-15.683839857999828],[-72.76018523299996,-15.681504232999941],[-72.75956723299998,-15.676578482999957],[-72.75758360799995,-15.6727284829999],[-72.75444035699991,-15.668322607999869],[-72.75522610699983,-15.664575608999826],[-72.75496673199996,-15.659110982999948],[-72.75086973199996,-15.649024983999936],[-72.74788660699988,-15.644140232999973],[-72.74598698199992,-15.639572107999925],[-72.74256898199991,-15.6349944829999],[-72.7372359819999,-15.631388607999895],[-72.73647310699994,-15.629916232999847],[-72.73253635799989,-15.629265732999954],[-72.72830960699991,-15.63068673299989],[-72.72579198199998,-15.628413232999833],[-72.7249374829999,-15.62143035899993],[-72.7231139829999,-15.617938982999874],[-72.7193374819999,-15.61367523299998],[-72.71675873199996,-15.61175635799998],[-72.71107485699997,-15.619470607999858],[-72.71012110699996,-15.62622448299993],[-72.70928960699996,-15.628365482999982],[-72.70281985699995,-15.63269698299996],[-72.70214848199993,-15.635889108999947],[-72.70365148199994,-15.641230607999944],[-72.70449060699991,-15.648683607999942],[-72.70379635699993,-15.655363982999972],[-72.70169835699988,-15.657462107999947],[-72.69570923199996,-15.658239357999946],[-72.69290148199991,-15.660599732999913],[-72.68886560699985,-15.665558857999883],[-72.68376923199997,-15.669880857999942],[-72.6801682329999,-15.679455732999884],[-72.68024448299991,-15.684818233999977],[-72.67501835699994,-15.691767733999939],[-72.67444610799987,-15.696556982999823],[-72.67031860799995,-15.703468357999952],[-72.66457360799996,-15.708423607999976],[-72.6633224819999,-15.710601857999961],[-72.6591873569999,-15.711235107999983],[-72.65071873199997,-15.707689233999872],[-72.64854435699993,-15.710497857999883],[-72.64611048199998,-15.709897982999905],[-72.64344785699996,-15.705640732999939],[-72.64141848199989,-15.706039483999973],[-72.64064785699998,-15.701853607999908],[-72.63405610699994,-15.707754107999904],[-72.63067623199998,-15.704496357999915],[-72.62547298199996,-15.702306733999933],[-72.62319185699994,-15.704617483999982],[-72.62194823199997,-15.708800357999962],[-72.61911773199989,-15.715224108999962],[-72.61817935699997,-15.719695107999883],[-72.61493685699992,-15.723105482999813],[-72.60547635699999,-15.726195358999917],[-72.60299685699994,-15.727650607999976],[-72.60290523299989,-15.732265483999925],[-72.59958648199995,-15.736583732999975],[-72.59689335699994,-15.74141785799992],[-72.5917587319999,-15.746968232999961],[-72.59091185699992,-15.749009108999928],[-72.58931735699997,-15.760308232999932],[-72.58638760699995,-15.765484857999922],[-72.58309935799991,-15.769566482999892],[-72.57977298199995,-15.772559108999872],[-72.57822423199997,-15.775483107999946],[-72.57616423199988,-15.782949482999982],[-72.57473760699997,-15.785375607999924],[-72.57106785699989,-15.789233107999962],[-72.56343073199997,-15.79826073299995],[-72.55909723199994,-15.799905733999822]]]]},"properties":{"ubigeo":"040601","nombre":"CHUQUIBAMBA"}},{"type":"Feature","geometry":{"type":"MultiPolygon","coordinates":[[[[-72.66069798199999,-15.545888857999955],[-72.66370385699992,-15.549599607999937],[-72.66803735699995,-15.550581982999972],[-72.67456060699993,-15.550755482999932],[-72.68241885799995,-15.558091107999871],[-72.68542485699999,-15.559072482999909],[-72.68790435699998,-15.557975732999921],[-72.69037623199995,-15.558357232999981],[-72.69340510699993,-15.56299785799996],[-72.70047760699998,-15.5672444839999],[-72.70232385699995,-15.568808607999927],[-72.70928960699996,-15.577362982999887],[-72.71646123199997,-15.584670107999898],[-72.71874235699988,-15.588363607999895],[-72.72130585699989,-15.599132607999934],[-72.72351835699999,-15.603018733999932],[-72.72077935699986,-15.605094857999916],[-72.71981048199996,-15.607480108999937],[-72.71675873199996,-15.61175635799998],[-72.7193374819999,-15.61367523299998],[-72.7231139829999,-15.617938982999874],[-72.7249374829999,-15.62143035899993],[-72.72579198199998,-15.628413232999833],[-72.72830960699991,-15.63068673299989],[-72.73253635799989,-15.629265732999954],[-72.73647310699994,-15.629916232999847],[-72.7372359819999,-15.631388607999895],[-72.74256898199991,-15.6349944829999],[-72.74598698199992,-15.639572107999925],[-72.74788660699988,-15.644140232999973],[-72.75086973199996,-15.649024983999936],[-72.75496673199996,-15.659110982999948],[-72.75522610699983,-15.664575608999826],[-72.75444035699991,-15.668322607999869],[-72.75758360799995,-15.6727284829999],[-72.75956723299998,-15.676578482999957],[-72.76018523299996,-15.681504232999941],[-72.76169585699989,-15.683839857999828],[-72.76119235699991,-15.68587785799997],[-72.76280210699997,-15.695324857999935],[-72.76499935799995,-15.70139785799995],[-72.76572423199997,-15.70621398399993],[-72.7650374829999,-15.709163608999916],[-72.76914198299988,-15.712521607999918],[-72.76998898199997,-15.71446898399995],[-72.77333073299997,-15.716578482999978],[-72.77483373199982,-15.719129608999935],[-72.76967623199994,-15.72285935799988],[-72.76315310799998,-15.724410107999915],[-72.7579269819999,-15.72890285799997],[-72.75139623199993,-15.732901607999963],[-72.74684148199992,-15.73340710799988],[-72.74284360699988,-15.735279982999941],[-72.74132548199998,-15.741505608999887],[-72.74096673199995,-15.747716857999933],[-72.74227148199998,-15.751912107999942],[-72.74227148199998,-15.755581857999914],[-72.74024960699995,-15.764565482999899],[-72.73649598199995,-15.768724482999858],[-72.73619848199996,-15.772367482999982],[-72.74197385699995,-15.780318233999878],[-72.75151060699989,-15.78323648299994],[-72.75170135699994,-15.785262107999927],[-72.7462616069999,-15.789646107999943],[-72.74372860699992,-15.795881232999875],[-72.73949448199988,-15.801196107999829],[-72.73645785699989,-15.803473482999948],[-72.7303391069999,-15.812873857999875],[-72.72746273199994,-15.814832732999946],[-72.72299960699996,-15.821257607999883],[-72.7205276069999,-15.826465607999864],[-72.72180173199996,-15.82869148299983],[-72.72169498199992,-15.83262823399997],[-72.7226028579999,-15.83518023299996],[-72.72632585799994,-15.840027858999974],[-72.7264328579999,-15.842387232999954],[-72.7316207319999,-15.848823607999975],[-72.73287198299994,-15.853380232999939],[-72.73587798199998,-15.85843185799996],[-72.73663335699996,-15.864028983999958],[-72.73922735699989,-15.869198857999947],[-72.73845673199992,-15.877860982999891],[-72.73683923299996,-15.880113607999874],[-72.73593898199988,-15.885660232999953],[-72.73691560699996,-15.894497857999966],[-72.73897548299993,-15.898787482999978],[-72.7419204819999,-15.90190223299993],[-72.74407960699995,-15.902777733999812],[-72.74492648299992,-15.908687608999855],[-72.74414823199993,-15.911974857999951],[-72.74630735699998,-15.914951482999982],[-72.74649823199996,-15.921218857999918],[-72.74823760799995,-15.923677482999949],[-72.75230410699999,-15.931426107999982],[-72.75440973199994,-15.936372732999928],[-72.7532958569999,-15.94126123399991],[-72.75480648299992,-15.946062107999865],[-72.75502773199992,-15.948911608999822],[-72.75807935699999,-15.953173482999944],[-72.76067348199996,-15.95513635799989],[-72.76435085699995,-15.956378983999855],[-72.77047735699995,-15.962058982999963],[-72.77239223199996,-15.965888983999946],[-72.77855635799989,-15.96900535899988],[-72.78066310799994,-15.96949898299988],[-72.78392023199996,-15.972156482999935],[-72.78650660799991,-15.976880107999875],[-72.7874908579999,-15.98364923299988],[-72.78849798199991,-15.986933732999944],[-72.78815460699985,-15.993155482999953],[-72.78998560799994,-15.997911483999928],[-72.79908748299994,-16.002929608999978],[-72.80683898199993,-16.003372232999936],[-72.81567885699991,-16.021516983999845],[-72.82163573299994,-16.02265260899992],[-72.8246139819999,-16.02203123299995],[-72.82727810699998,-16.018749233999813],[-72.82682035799996,-16.014211607999982],[-72.82957460799992,-16.010478983999974],[-72.83341985699991,-16.008985482999947],[-72.84172823199992,-16.010400733999973],[-72.85253148299984,-16.00792123399998],[-72.86064148299994,-16.008701358999872],[-72.86246485699996,-16.008268358999942],[-72.86849210799988,-16.011781733999896],[-72.87079623199992,-16.015165358999923],[-72.87569423299982,-16.01755148399991],[-72.87745660699989,-16.024467482999967],[-72.88157648299989,-16.02891360899997],[-72.8822249829999,-16.030540482999925],[-72.88526148199998,-16.03205873299987],[-72.88981623299998,-16.036233858999935],[-72.89192960799994,-16.039651858999946],[-72.89580535699997,-16.04135510799989],[-72.90293885699992,-16.03467748299994],[-72.90632623199997,-16.033658982999953],[-72.91062160699994,-16.033439608999913],[-72.9121474829999,-16.030200983999976],[-72.92256923299993,-16.03135298299992],[-72.92773435799984,-16.031049733999964],[-72.93450160799995,-16.032304732999876],[-72.93957523299997,-16.036828982999964],[-72.94765473199993,-16.035469107999972],[-72.95132448299984,-16.03557398299995],[-72.95327760799995,-16.03468498299992],[-72.95684810799997,-16.035566357999926],[-72.96236410799992,-16.032876983999813],[-72.96485135799986,-16.032861732999947],[-72.96973423299994,-16.029579108999883],[-72.97637935699998,-16.02611535799997],[-72.98305523199997,-16.024543732999973],[-72.98543548299989,-16.022636357999886],[-72.9889068579999,-16.021865857999842],[-72.99314123199997,-16.01996998399983],[-72.99788660799993,-16.019319483999936],[-72.99846648299996,-16.01371760899997],[-73.00025935799994,-16.00884248299991],[-73.0014953569999,-16.003463733999922],[-73.0012131069999,-15.991921482999885],[-73.00048060799998,-15.98066610899997],[-73.00189973199997,-15.975839608999934],[-73.00048823299988,-15.970103232999975],[-72.99724573299994,-15.96804523399993],[-72.99470523199994,-15.964853232999872],[-72.99008173199996,-15.961857732999931],[-72.98477173199996,-15.955531108999935],[-72.98028560699987,-15.954693732999942],[-72.9736481079999,-15.95704273399997],[-72.97003173199994,-15.955048608999903],[-72.96768185799993,-15.954855857999974],[-72.95884710699983,-15.957609232999971],[-72.9577713569999,-15.955556858999955],[-72.96038060799998,-15.949121482999942],[-72.95922848199996,-15.943480482999973],[-72.95961760799997,-15.936716983999872],[-72.96338648199998,-15.932898482999974],[-72.97303010699994,-15.92589660799996],[-72.97687535799997,-15.925394107999978],[-72.98246760699993,-15.927648483999974],[-72.98736573199994,-15.92575935799988],[-72.99027248199991,-15.923076607999974],[-72.99647523199997,-15.92310710799984],[-72.99978635699989,-15.92155660799989],[-73.00286098299995,-15.918011607999915],[-73.00656123299984,-15.916062358999966],[-73.00994873299999,-15.913283357999944],[-73.0125884819999,-15.909697482999832],[-73.01251223199989,-15.908083857999884],[-73.01031498299994,-15.90403935799992],[-73.00955198199995,-15.90091035799992],[-73.01037598199997,-15.89725210899985],[-73.01232148199995,-15.895207358999869],[-73.01522060699983,-15.893921982999927],[-73.01733398199997,-15.889823857999943],[-73.01676935799998,-15.887056357999938],[-73.01419835699988,-15.883910232999938],[-73.01248173199997,-15.878681232999838],[-73.00495148199997,-15.871314107999922],[-72.99933623299995,-15.868439732999946],[-72.99549860799988,-15.86532210799993],[-72.99166110799996,-15.86414810899987],[-72.98865510699994,-15.861333858999899],[-72.9854202329999,-15.858689358999925],[-72.97920985799993,-15.855974233999973],[-72.97419735699998,-15.856236483999908],[-72.97280885699996,-15.855179733999876],[-72.96498110699991,-15.855647982999926],[-72.96169285699989,-15.856450983999935],[-72.9585113569999,-15.859011607999946],[-72.95349885699989,-15.859425607999924],[-72.94789123199996,-15.858089607999943],[-72.94511410799998,-15.855654732999938],[-72.93814085799994,-15.852517107999859],[-72.93376160799983,-15.847007732999884],[-72.93103023299994,-15.841101608999907],[-72.93241123299998,-15.839070357999958],[-72.93106073199982,-15.835693357999958],[-72.92662048199998,-15.834245732999932],[-72.92356110699995,-15.834179858999903],[-72.92131810799998,-15.83211898299993],[-72.91724398299988,-15.830079857999863],[-72.91512298299989,-15.831520982999905],[-72.91336823299991,-15.828909858999964],[-72.91024023299991,-15.826091732999942],[-72.91156773199998,-15.822738607999952],[-72.91213223199998,-15.817830107999896],[-72.91036985699998,-15.815278982999928],[-72.90998835799996,-15.812742232999938],[-72.90690610799999,-15.80809785799994],[-72.90499110699994,-15.807128857999885],[-72.90245823199996,-15.801878983999927],[-72.89727023299997,-15.79904648299987],[-72.89379885799997,-15.798123357999941],[-72.8901367329999,-15.79504873399992],[-72.88611598299997,-15.793624857999816],[-72.88410185699985,-15.789029108999955],[-72.87974548199998,-15.784062232999872],[-72.87572473199992,-15.781177358999912],[-72.8666611079999,-15.779658358999939],[-72.86414335699993,-15.777107232999867],[-72.86313623299992,-15.770872107999935],[-72.85562898199998,-15.760262482999963],[-72.84993748199997,-15.75757598399997],[-72.84779360799996,-15.757439732999956],[-72.84529110699992,-15.755573232999893],[-72.84401698199991,-15.751201607999974],[-72.83896635699995,-15.746433232999948],[-72.83143610699994,-15.737179732999834],[-72.82617948299992,-15.73219310899998],[-72.82227323199993,-15.727808983999978],[-72.82057185799994,-15.724745733999896],[-72.81940460699991,-15.720736483999929],[-72.81681823299988,-15.716446857999813],[-72.81548310699998,-15.70916460799998],[-72.81635285699991,-15.705447233999905],[-72.81583410699989,-15.703718232999847],[-72.81565860699993,-15.69498635799988],[-72.81147773199996,-15.688240108999935],[-72.80856323199987,-15.686201107999977],[-72.80591585799993,-15.683282857999927],[-72.80606848199994,-15.680529607999915],[-72.80969998299997,-15.674982107999938],[-72.8092497319999,-15.66892610799988],[-72.80534360799993,-15.664302857999814],[-72.80638885699989,-15.656564733999915],[-72.80930323299998,-15.651553108999963],[-72.81114198199998,-15.642445607999946],[-72.81062310699997,-15.636897982999926],[-72.81211848199996,-15.63239098399987],[-72.81018823299985,-15.626334233999955],[-72.80475610699989,-15.620968857999912],[-72.79955285699998,-15.614271107999969],[-72.79470060699992,-15.608629232999874],[-72.78869623299988,-15.603008232999969],[-72.77964023299995,-15.597208982999916],[-72.77671048199994,-15.594443357999978],[-72.77281185699997,-15.589573857999937],[-72.76327510799985,-15.585253732999888],[-72.76018523199997,-15.58256248299989],[-72.75736998199994,-15.582705482999927],[-72.75332635699993,-15.580702732999953],[-72.75140385699996,-15.577491732999817],[-72.74816135699996,-15.573679982999977],[-72.74337773199994,-15.572053107999864],[-72.73743435699998,-15.571531357999959],[-72.73561098199991,-15.568055107999896],[-72.72824860699995,-15.565092107999874],[-72.72093960699988,-15.554739982999934],[-72.72151185799999,-15.5508261089999],[-72.72042085699997,-15.54610535899991],[-72.70925135699991,-15.542133357999887],[-72.70349123199992,-15.542766607999909],[-72.70095823199995,-15.542478607999954],[-72.69290148199991,-15.536607732999869],[-72.68939210699989,-15.535629232999895],[-72.6820221079999,-15.536031732999902],[-72.67500310699995,-15.534937857999978],[-72.66849523199988,-15.53499598299993],[-72.66645810699998,-15.539330482999901],[-72.66069798199999,-15.545888857999955]]]]},"properties":{"ubigeo":"040602","nombre":"ANDARAY"}},{"type":"Feature","geometry":{"type":"MultiPolygon","coordinates":[[[[-71.89389860699998,-14.789601232999871],[-71.89676648099987,-14.794157981999888],[-71.9025497319999,-14.796762482999895],[-71.90772248199988,-14.805078481999828],[-71.90943910699991,-14.810835856999972],[-71.90830248099991,-14.815850231999889],[-71.90693660599999,-14.818335481999895],[-71.90651698099998,-14.826255857999854],[-71.91264348199991,-14.832045607999817],[-71.91415410599996,-14.834367732999908],[-71.91596985699988,-14.834178981999912],[-71.91748048199992,-14.831417981999948],[-71.92168423199985,-14.830225981999888],[-71.92610935699997,-14.827632856999912],[-71.93294523099996,-14.825933482999915],[-71.9350891069999,-14.823975606999909],[-71.93997198099999,-14.822808232999876],[-71.94297023099989,-14.823615981999922],[-71.94816585699988,-14.828291856999897],[-71.95185085699995,-14.83732610699991],[-71.95821385699992,-14.84041410799989],[-71.9641571059999,-14.846071232999975],[-71.96683498199997,-14.8532476069999],[-71.97239685699998,-14.859103231999939],[-71.97423548199998,-14.865497606999895],[-71.97589873099992,-14.869466732999967],[-71.97734085699994,-14.87052148299989],[-71.98228460699983,-14.871513357999902],[-71.9856948559999,-14.874248482999974],[-71.99111935599984,-14.876519232999954],[-71.99938198199993,-14.884205856999927],[-72.00493623199998,-14.886319981999975],[-72.00949860599997,-14.882513981999978],[-72.02005773099995,-14.877503357999899],[-72.02683260599997,-14.876018482999882],[-72.03086098199987,-14.880108857999858],[-72.03239435699999,-14.884596857999952],[-72.0345229809999,-14.887921357999915],[-72.03503423199993,-14.89113048199988],[-72.03381348199997,-14.896386107999888],[-72.03395848199989,-14.89865873299982],[-72.0359497309999,-14.900097856999878],[-72.04307548199995,-14.903048481999917],[-72.04645535599997,-14.906781231999958],[-72.04591373199992,-14.908816356999978],[-72.04334260699983,-14.910533856999962],[-72.04510510699998,-14.913843106999934],[-72.04363260699995,-14.918747856999971],[-72.04359423199986,-14.921116856999959],[-72.04206848199993,-14.924901981999938],[-72.04109185599992,-14.930206482999893],[-72.04166410699986,-14.934247981999818],[-72.04431135699997,-14.939898356999947],[-72.04573060599995,-14.941477732999886],[-72.05009460699989,-14.942496357999971],[-72.05532073199987,-14.942287481999927],[-72.06150060699997,-14.93850998299996],[-72.06851960699993,-14.937221482999973],[-72.07192248099994,-14.937385606999896],[-72.07971948099998,-14.939646732999847],[-72.08792873199985,-14.94487473199996],[-72.09221648199997,-14.94929310799995],[-72.09851835699993,-14.953423481999948],[-72.10221098199992,-14.954933107999977],[-72.10292810699985,-14.935868231999962],[-72.10764310699989,-14.92218498199992],[-72.10946660699994,-14.918893857999933],[-72.10851285699988,-14.913737357999878],[-72.1088638569999,-14.906150856999943],[-72.10665898199989,-14.899982482999917],[-72.0995712319999,-14.892857606999883],[-72.10149385599993,-14.890109982999945],[-72.10691835699987,-14.889335606999964],[-72.1100158569999,-14.887708607999912],[-72.11473860599995,-14.889335606999964],[-72.11949923199995,-14.889018982999971],[-72.12686160699991,-14.886694857999885],[-72.13406373099997,-14.885349232999943],[-72.13739010599994,-14.883828106999943],[-72.14032748199998,-14.883785232999912],[-72.14370735699993,-14.88483235799987],[-72.14771273199995,-14.881403856999952],[-72.15003198199992,-14.88131998199998],[-72.15216060599982,-14.883484856999928],[-72.1588439809999,-14.884454732999814],[-72.16147610699994,-14.885730732999946],[-72.16680148199998,-14.890507732999879],[-72.16579435699998,-14.892300607999971],[-72.16562648199994,-14.89604660699996],[-72.17133335599988,-14.89654923199987],[-72.17725373199994,-14.897945357999959],[-72.17931360699998,-14.900869357999852],[-72.18126673199987,-14.901838356999974],[-72.18346410699996,-14.900648106999938],[-72.18593598099994,-14.904138607999982],[-72.19319910699994,-14.905135106999921],[-72.19947048099988,-14.909302731999958],[-72.20184310699989,-14.909951231999969],[-72.20920560599995,-14.910441356999854],[-72.20984648099989,-14.908980232999909],[-72.21604923099989,-14.915023857999927],[-72.21587373199998,-14.916609732999973],[-72.21968835699994,-14.920337856999879],[-72.22149673199988,-14.920341482999902],[-72.22673798099993,-14.92615798299994],[-72.22599798199991,-14.929262107999932],[-72.22727960599997,-14.93076323299988],[-72.23135373199995,-14.931819856999823],[-72.23590848199996,-14.934564607999903],[-72.23866273199991,-14.93510723199995],[-72.24203485699996,-14.938383107999925],[-72.2442551069999,-14.943793357999937],[-72.24949648199998,-14.945586356999968],[-72.2533569819999,-14.946263232999911],[-72.2550048569999,-14.949134857999923],[-72.25394435699991,-14.955963107999935],[-72.25575260699998,-14.961390482999946],[-72.2573547319999,-14.962015107999832],[-72.26094060699995,-14.965784982999821],[-72.26026910699983,-14.969855357999961],[-72.25817110699995,-14.97041798299989],[-72.25682073199988,-14.97280310799988],[-72.2563476059999,-14.977909982999961],[-72.2574921069999,-14.983888606999813],[-72.25864410699995,-14.986722981999947],[-72.25730910699997,-14.988540607999937],[-72.25661473199989,-14.994232232999877],[-72.25444035699991,-14.997821857999952],[-72.25633235699996,-15.007040981999978],[-72.25631698199993,-15.011619482999947],[-72.25901035699997,-15.01624198299993],[-72.25888823099996,-15.020777731999885],[-72.26016998199998,-15.02355860799986],[-72.26036835699995,-15.026501607999933],[-72.2625351069999,-15.032463107999945],[-72.26529698199988,-15.037131357999954],[-72.26547235699985,-15.043250106999949],[-72.26814273199989,-15.043818481999892],[-72.27154535699998,-15.04639435699994],[-72.27260585599998,-15.048935857999936],[-72.27840423199996,-15.052526482999895],[-72.28511048199988,-15.058304732999886],[-72.28486635699994,-15.060822357999939],[-72.2867661059999,-15.061862982999969],[-72.28635410699991,-15.06461523299987],[-72.29223635699998,-15.067570732999968],[-72.29667660699994,-15.067248357999972],[-72.29869098199998,-15.070288606999895],[-72.29934698199997,-15.072984731999952],[-72.30506135699994,-15.079343732999916],[-72.30878448199996,-15.081300732999864],[-72.30908960699998,-15.084917982999912],[-72.31129460699992,-15.088259731999926],[-72.31700135599993,-15.094398481999974],[-72.31983948199985,-15.095574357999965],[-72.32748410599999,-15.096795106999878],[-72.33103185699997,-15.095855856999947],[-72.33527373199996,-15.096445106999965],[-72.33761598199993,-15.09582998299993],[-72.34690098199991,-15.095060482999884],[-72.35288235699994,-15.096097982999936],[-72.35557560699993,-15.097837482999978],[-72.35781860699996,-15.101951606999933],[-72.35782623199998,-15.10364435799994],[-72.3603973569999,-15.110232356999859],[-72.36212160699995,-15.109414107999896],[-72.36682123199995,-15.11217598299993],[-72.36795048099992,-15.116738357999907],[-72.36981960699995,-15.118579857999976],[-72.3706359819999,-15.123296732999961],[-72.37098698199998,-15.130412107999916],[-72.36969760699998,-15.135550357999819],[-72.36489873199992,-15.137656357999902],[-72.36270910699994,-15.137507482999922],[-72.35968785699998,-15.13883035799995],[-72.35845935699996,-15.140861607999966],[-72.35961148199988,-15.14386935799996],[-72.35971073199994,-15.148951482999905],[-72.35754398199998,-15.153240232999963],[-72.35764310699994,-15.156021232999933],[-72.35993198199992,-15.16182423299989],[-72.3625412319999,-15.163164106999943],[-72.3658752319999,-15.170087856999942],[-72.36443323199995,-15.172708482999951],[-72.37016298199995,-15.181816107999907],[-72.37193298199992,-15.18319898299984],[-72.37466435699997,-15.188015982999957],[-72.37569423199983,-15.192157732999817],[-72.3753967319999,-15.194818357999964],[-72.37693023199995,-15.197789231999934],[-72.37643435699994,-15.200939232999872],[-72.37415310699993,-15.202832232999981],[-72.37587735699998,-15.204429607999828],[-72.37555698199992,-15.207855232999918],[-72.37432098199997,-15.209224732999928],[-72.37380985699997,-15.215494107999973],[-72.37205510699982,-15.225353232999908],[-72.37282560699998,-15.227687857999967],[-72.37136073199991,-15.231991732999916],[-72.36685185699997,-15.23373798199998],[-72.36470798099998,-15.2394389829999],[-72.36466985699991,-15.241896607999934],[-72.36827085699997,-15.246343607999904],[-72.37486273199994,-15.249736732999907],[-72.37570948199993,-15.250442482999972],[-72.38132473199994,-15.250121107999917],[-72.38729860699993,-15.253293982999878],[-72.39530185699994,-15.256608982999978],[-72.40278610699994,-15.259077982999827],[-72.40592960699996,-15.264711357999886],[-72.4114456069999,-15.26565360799998],[-72.41329198199992,-15.267419857999926],[-72.41959385699988,-15.270532607999883],[-72.42794798199992,-15.281279607999977],[-72.4331207319999,-15.292517607999969],[-72.43739323199992,-15.298883482999884],[-72.43841548199998,-15.301561357999958],[-72.4396591069999,-15.31049635799991],[-72.43833160699995,-15.314593357999968],[-72.43769073199996,-15.319037482999875],[-72.43923948199995,-15.32157798299994],[-72.43510435699989,-15.325411857999882],[-72.43667598199994,-15.326988232999952],[-72.43663023199997,-15.330349982999905],[-72.43244173199997,-15.335492107999926],[-72.43201448199994,-15.34096735799983],[-72.43063360699995,-15.347107857999958],[-72.43113710699993,-15.350917857999946],[-72.42941285699999,-15.353161857999908],[-72.43168635699988,-15.357039482999937],[-72.43038935699997,-15.359259607999945],[-72.43048098199989,-15.362906482999904],[-72.42713910699996,-15.368140232999963],[-72.42799373199989,-15.370357482999907],[-72.43265535699987,-15.370784732999937],[-72.43319698199991,-15.374464982999939],[-72.43455510699994,-15.37567998299994],[-72.43535610699996,-15.379588107999837],[-72.43479923199999,-15.38207048299995],[-72.4359436069999,-15.3845214829999],[-72.43527223199993,-15.387915607999958],[-72.4385223569999,-15.389464357999941],[-72.43907923199998,-15.394128732999889],[-72.44066610699991,-15.39819523299991],[-72.4424286069999,-15.395531607999885],[-72.44690698199992,-15.391955357999905],[-72.4488372319999,-15.39169498299998],[-72.45126348199994,-15.389124857999946],[-72.45757298199993,-15.388892232999979],[-72.46054073199997,-15.388020482999934],[-72.46767423199992,-15.389874482999971],[-72.47376248199998,-15.39077948299996],[-72.47573085699997,-15.391653982999856],[-72.48119348199992,-15.391926732999934],[-72.48589323199997,-15.392801232999943],[-72.48924260699988,-15.395747232999952],[-72.50201410699992,-15.397200607999935],[-72.50736998199989,-15.398737857999947],[-72.51167298199994,-15.398737857999947],[-72.51958460699996,-15.406562857999916],[-72.52040848199994,-15.41021448299989],[-72.52360535699995,-15.409845357999927],[-72.52689348199993,-15.410853357999827],[-72.53050235699993,-15.415716982999982],[-72.53318035699994,-15.417879107999909],[-72.5382843569999,-15.419841732999942],[-72.54260248199995,-15.41866773299995],[-72.54458623199997,-15.415713357999948],[-72.54787448199988,-15.408952732999865],[-72.54989623199992,-15.403821982999887],[-72.55361173199992,-15.401578857999937],[-72.55523685699995,-15.394775357999947],[-72.55258173199996,-15.39002710799997],[-72.55059810699998,-15.384415607999927],[-72.5520858569999,-15.381720482999981],[-72.55755610699998,-15.381375482999943],[-72.5608291079999,-15.381772982999962],[-72.56844335799991,-15.381418232999977],[-72.5695724819999,-15.38069910799993],[-72.56538385699997,-15.376263607999931],[-72.56237798199999,-15.37554073299998],[-72.55951685799994,-15.369392357999914],[-72.55983735699982,-15.365237232999846],[-72.55833435699998,-15.361666732999936],[-72.55626673199998,-15.359287231999929],[-72.55282598199994,-15.357063232999963],[-72.55239860699993,-15.350771857999973],[-72.55631260699994,-15.343373357999951],[-72.55584710699998,-15.340907107999897],[-72.55650335699994,-15.335609482999871],[-72.55574798199996,-15.332714857999918],[-72.55719760699998,-15.325439482999968],[-72.5569992319999,-15.32322698299987],[-72.55471035699998,-15.320863732999896],[-72.55331410699984,-15.317057607999857],[-72.55294798199998,-15.313814107999974],[-72.55162048199992,-15.310766232999867],[-72.5520858569999,-15.309069607999902],[-72.54943085799994,-15.303859732999967],[-72.54894260699996,-15.29759210799989],[-72.54515073199985,-15.290908857999966],[-72.5475387329999,-15.287958106999895],[-72.54439548299996,-15.279861482999934],[-72.53953548199985,-15.280989607999857],[-72.53753660799993,-15.280680607999955],[-72.53679660699999,-15.277810107999926],[-72.53189848199997,-15.274297732999855],[-72.52893823199992,-15.270647982999947],[-72.52993773199995,-15.268135982999922],[-72.53287510699988,-15.26740548299989],[-72.53314973199997,-15.264069606999897],[-72.53044885699995,-15.253029857999877],[-72.52937310699991,-15.245076232999963],[-72.52716823199995,-15.244226482999977],[-72.52346035699992,-15.244303731999878],[-72.51998898199992,-15.240828482999916],[-72.51850123199995,-15.237226482999972],[-72.51853185699997,-15.233585356999981],[-72.51612848199989,-15.228059732999952],[-72.51589198299996,-15.224031482999976],[-72.51782985699998,-15.221990607999942],[-72.51762373199989,-15.217472107999924],[-72.51940923199993,-15.215793607999956],[-72.52219385699993,-15.211403857999926],[-72.5228731069999,-15.205603607999876],[-72.52533723199997,-15.203175481999892],[-72.52818298199998,-15.197658481999952],[-72.52313235699995,-15.190224607999937],[-72.5201187319999,-15.18764210799992],[-72.51883698199993,-15.183498357999895],[-72.51442723199983,-15.183498357999895],[-72.50905610699994,-15.181018857999845],[-72.50601960699998,-15.177988107999965],[-72.50444035699996,-15.173235857999885],[-72.50106823199991,-15.171858731999976],[-72.49716185699992,-15.169272482999872],[-72.4970779819999,-15.166020357999912],[-72.50099948199994,-15.166020357999912],[-72.50196073199999,-15.162270607999972],[-72.50423435699997,-15.157116732999953],[-72.50627135699995,-15.155333482999936],[-72.50580598199997,-15.153082857999891],[-72.49752798199995,-15.14557648199991],[-72.49790185699993,-15.14006810799998],[-72.49954223199995,-15.136941857999943],[-72.49894710699994,-15.134187731999873],[-72.49235523199997,-15.129368732999922],[-72.49088273199999,-15.125849731999836],[-72.48990635699994,-15.118226982999886],[-72.48878473199994,-15.116876607999927],[-72.48750310699995,-15.111144107999962],[-72.48527523199988,-15.109497982999926],[-72.48857110699993,-15.098445732999949],[-72.49584960699997,-15.088096606999954],[-72.49867248199996,-15.079417232999958],[-72.50448610699993,-15.07773785799992],[-72.50698848199994,-15.074257857999953],[-72.51517485699998,-15.07286548299993],[-72.51476285699988,-15.068280231999893],[-72.51599110699982,-15.06643773299993],[-72.52041623199995,-15.062834732999931],[-72.52500148199988,-15.061892481999905],[-72.5269241069999,-15.05861760699986],[-72.52501673199998,-15.051834107999923],[-72.52264398199998,-15.04942985799994],[-72.51998898199992,-15.048697482999899],[-72.50672910699996,-15.049070356999948],[-72.49876398199996,-15.045085731999961],[-72.49124910699999,-15.040060981999943],[-72.48707585699992,-15.038632357999973],[-72.48337560699991,-15.038113606999957],[-72.47592148199993,-15.036042232999876],[-72.47036748199992,-15.031818357999896],[-72.4676666069999,-15.031701982999948],[-72.46326448199994,-15.029041232999873],[-72.46121973199996,-15.02602560799994],[-72.46183773199994,-15.0227937329999],[-72.4680862319999,-15.017849982999962],[-72.4723511069999,-15.01652723299992],[-72.46711735699995,-15.009876232999943],[-72.46002960699997,-15.007685606999871],[-72.45400235699998,-15.00747960699988],[-72.44847110699999,-15.003390356999944],[-72.44548048199994,-15.00265210799995],[-72.43786623199998,-14.998224232999974],[-72.43270110699984,-14.99655435699998],[-72.42831423199993,-14.996554357999969],[-72.41509248199986,-14.993160232999912],[-72.41031648199993,-14.993303357999935],[-72.40303035699998,-14.983741732999931],[-72.40251160699995,-14.981296481999834],[-72.40322110699992,-14.975891107999871],[-72.40270235699984,-14.966947607999828],[-72.40155023199998,-14.962958356999877],[-72.39916223199992,-14.957482357999936],[-72.38727573199992,-14.95617860699997],[-72.38217160699992,-14.955190606999963],[-72.37702935699997,-14.956508606999932],[-72.37567898099996,-14.958320607999951],[-72.37330623199995,-14.95828723299985],[-72.37070460699988,-14.956475231999946],[-72.36665360699999,-14.947646106999912],[-72.35950473199995,-14.944450356999937],[-72.35117335699994,-14.94198035799991],[-72.34500898199997,-14.93848798199997],[-72.33721923199988,-14.938484107999841],[-72.3344573569999,-14.936362231999965],[-72.33247373199998,-14.932118357999911],[-72.32837685699997,-14.930562982999902],[-72.32307435699988,-14.930916731999957],[-72.31812285699993,-14.924834232999956],[-72.31488785699997,-14.922538732999897],[-72.31033323199995,-14.916261732999942],[-72.3054657319999,-14.907646106999948],[-72.30240635699982,-14.899540857999966],[-72.30193323199995,-14.895695731999979],[-72.30300135699991,-14.886521356999936],[-72.30780023199998,-14.881718607999971],[-72.30866235699989,-14.877445107999904],[-72.30672460699998,-14.87328335799998],[-72.30653385699992,-14.870310732999883],[-72.30755610699993,-14.868113482999888],[-72.31013485699998,-14.865979231999972],[-72.31031798199996,-14.864053731999888],[-72.30697635699994,-14.855560232999949],[-72.30837248199998,-14.852560981999943],[-72.30958560699992,-14.847552357999973],[-72.31018823199986,-14.842390981999927],[-72.31360623199987,-14.838751732999924],[-72.31544485699993,-14.833863231999942],[-72.30564885699988,-14.827569981999943],[-72.30409998199997,-14.825050357999942],[-72.30080410699986,-14.824129107999909],[-72.29779810699983,-14.821706731999939],[-72.29192348199996,-14.818374606999953],[-72.28854373199982,-14.818872607999936],[-72.28497310699998,-14.81538298299995],[-72.27938848199994,-14.81609435799993],[-72.27564235699992,-14.814344356999982],[-72.2726974819999,-14.81406785799993],[-72.26464848099988,-14.81112098199992],[-72.26136773199994,-14.80924798299992],[-72.2555542319999,-14.804925857999876],[-72.25228885699988,-14.803659481999944],[-72.25003810699991,-14.805394231999912],[-72.24466710699988,-14.811808731999974],[-72.23910523199993,-14.812240606999922],[-72.23172760699998,-14.809238482999945],[-72.22375485599986,-14.805058481999936],[-72.22029110699998,-14.799929606999967],[-72.21736910599998,-14.800881356999923],[-72.21360010699993,-14.80326273299994],[-72.20648960699987,-14.800141356999973],[-72.20278935599993,-14.797868732999973],[-72.20388798199997,-14.793161356999917],[-72.20204148199997,-14.79014773299997],[-72.20236973199997,-14.788366357999962],[-72.1997069819999,-14.785806732999902],[-72.1956558569999,-14.784357106999948],[-72.19056698099996,-14.77883435799987],[-72.1883927319999,-14.778337482999973],[-72.18647760599998,-14.780279106999956],[-72.18383785699996,-14.779619231999902],[-72.1808702319999,-14.776972731999933],[-72.17827610599994,-14.776792482999952],[-72.17532348099991,-14.778937356999961],[-72.17063135699988,-14.77864448199989],[-72.16804498099987,-14.780650106999929],[-72.16525273199994,-14.780539481999938],[-72.16256710699997,-14.782533606999891],[-72.15966798099998,-14.78634160699994],[-72.15756985599984,-14.785945106999975],[-72.15752410699997,-14.7808132319999],[-72.15666960699997,-14.778758106999874],[-72.15400698199983,-14.777131106999889],[-72.14928435699994,-14.778083857999945],[-72.1446991069999,-14.777712856999926],[-72.14132685599998,-14.781101232999958],[-72.13842010599996,-14.781185106999942],[-72.13478848099999,-14.783511106999924],[-72.13168335699999,-14.789396231999888],[-72.13228623099997,-14.791651731999934],[-72.13471985599995,-14.794964731999926],[-72.13612360599996,-14.798700356999916],[-72.13577273199996,-14.800355857999875],[-72.13811498099994,-14.807679232999874],[-72.13809198199993,-14.813296356999956],[-72.13293460699998,-14.816822982999895],[-72.13230898199998,-14.820824607999953],[-72.13250735699995,-14.825425107999934],[-72.13117210599995,-14.828312856999958],[-72.12869260699989,-14.830601731999877],[-72.12436673199988,-14.832889606999913],[-72.11919398099991,-14.834738731999892],[-72.11603548199997,-14.83902548199984],[-72.11551660699996,-14.842062982999892],[-72.11158748199995,-14.841289482999912],[-72.10765823199989,-14.84724235699997],[-72.10444635599998,-14.84762860799998],[-72.10169223199989,-14.84986685799987],[-72.09808348199994,-14.849872606999895],[-72.09754185699995,-14.85119723199989],[-72.09254460699992,-14.855869232999964],[-72.09024810699998,-14.856802982999909],[-72.08728023199984,-14.863146731999905],[-72.08546448099997,-14.869131106999873],[-72.0827102319999,-14.873005857999942],[-72.07960498199992,-14.873883357999887],[-72.07860560699999,-14.876088106999873],[-72.07687373099998,-14.883466731999931],[-72.07188410699996,-14.884871482999927],[-72.06713098099988,-14.887109732999932],[-72.06309510699998,-14.887876482999957],[-72.05917360599989,-14.88481610699995],[-72.05516048099992,-14.883638357999928],[-72.05020910699989,-14.884469107999848],[-72.04801935699999,-14.887322481999945],[-72.04639435699988,-14.887109732999932],[-72.04314423099993,-14.880883231999974],[-72.04325098199996,-14.879183732999934],[-72.04602810699998,-14.877659857999902],[-72.04712673099993,-14.875062981999974],[-72.04465485699995,-14.868847856999878],[-72.04513548199992,-14.865534732999947],[-72.0422821059999,-14.862666107999928],[-72.04326635699982,-14.85173223199996],[-72.04094698199992,-14.850349481999956],[-72.04084785599991,-14.846487981999928],[-72.03925323199996,-14.84489623199994],[-72.04038235699994,-14.839689231999955],[-72.03814698199989,-14.836927356999979],[-72.03607935699989,-14.836738731999901],[-72.0325316069999,-14.832463106999967],[-72.02672573099994,-14.831294981999974],[-72.02528385699998,-14.829634607999878],[-72.02564998199989,-14.82223610799997],[-72.03224185699997,-14.81582835799992],[-72.03425598099994,-14.811989731999859],[-72.0390014809999,-14.812740356999882],[-72.04054260699996,-14.809761981999827],[-72.03895573199992,-14.804779106999945],[-72.03504185699995,-14.802931732999923],[-72.03447723199992,-14.800931981999952],[-72.03491960699995,-14.795333856999946],[-72.03449248199996,-14.792941107999923],[-72.03543835599999,-14.78994548299994],[-72.03894048099994,-14.788134481999862],[-72.0396499819999,-14.782414481999979],[-72.04096223199997,-14.778769481999916],[-72.03888698199995,-14.77241235799994],[-72.03709410599998,-14.769663857999888],[-72.03701023199989,-14.767253857999947],[-72.03855898099988,-14.763310481999895],[-72.03819273199997,-14.760427481999955],[-72.03977198099989,-14.756988481999883],[-72.04318235699998,-14.754126607999979],[-72.04779048199998,-14.738767606999943],[-72.04735560599994,-14.734876606999876],[-72.04329685599993,-14.728218982999977],[-72.04344935699993,-14.726697106999893],[-72.04161835699989,-14.723278982999886],[-72.04195398099995,-14.720146231999934],[-72.04402160699988,-14.718960731999914],[-72.0449752319999,-14.716476481999962],[-72.0419846069999,-14.709226606999891],[-72.04437260699996,-14.70604898199997],[-72.04441835699993,-14.702810231999877],[-72.04318235599999,-14.700672106999889],[-72.04186248099984,-14.694371232999913],[-72.0402144819999,-14.691089607999913],[-72.04048160699989,-14.688092231999974],[-72.03888698099985,-14.687045106999847],[-72.03615573199988,-14.681780856999922],[-72.03358460699997,-14.681267732999913],[-72.03058623199996,-14.676653856999906],[-72.02534485599989,-14.674101856999982],[-72.02449035699988,-14.667734107999877],[-72.02113348099988,-14.663576106999926],[-72.01583098099991,-14.658390981999958],[-72.01564785699992,-14.651027731999932],[-72.01467135699988,-14.648367106999899],[-72.01072698199994,-14.643312481999828],[-72.00796510599992,-14.64072798199993],[-72.00146485599998,-14.641733107999869],[-71.99602510699992,-14.639059981999935],[-71.99079123199994,-14.633743231999972],[-71.9879149809999,-14.632949856999971],[-71.98149873099999,-14.638695731999917],[-71.98081210699985,-14.642882357999952],[-71.97621160599994,-14.645913106999956],[-71.97618873199991,-14.65405460799991],[-71.97356410699985,-14.657990482999878],[-71.96926123099996,-14.661764107999943],[-71.96363073099997,-14.663763107999955],[-71.9633254819999,-14.665120981999848],[-71.95843510699996,-14.67107960699991],[-71.95624548099988,-14.672163982999962],[-71.95115660699997,-14.672503356999869],[-71.95124810599992,-14.675124107999977],[-71.94989010699999,-14.677898356999947],[-71.94425198199997,-14.682064106999917],[-71.9412154819999,-14.685324606999927],[-71.93065648099997,-14.688087481999958],[-71.92961123099997,-14.689635231999944],[-71.93374635599992,-14.690678606999938],[-71.93613435699996,-14.693857231999914],[-71.94216923099998,-14.696777356999974],[-71.94799035599993,-14.700836232999961],[-71.95027160599994,-14.703451107999967],[-71.94597623099992,-14.710818231999951],[-71.94739535699983,-14.712728481999932],[-71.94935610699997,-14.717652356999906],[-71.9520797319999,-14.719568232999904],[-71.95863348199993,-14.728015857999935],[-71.95779423199997,-14.730601356999898],[-71.95896910699997,-14.73259348199997],[-71.95368960599995,-14.734785107999869],[-71.95431523199994,-14.737729982999895],[-71.94868473199995,-14.744226481999817],[-71.94699098099994,-14.74393173199985],[-71.94317623099988,-14.745292606999897],[-71.94165023099998,-14.748892731999888],[-71.93762210699998,-14.750986106999903],[-71.93671410699989,-14.754320106999899],[-71.93281548199997,-14.756463106999945],[-71.93057248199995,-14.761137107999957],[-71.93077848099995,-14.762704857999893],[-71.92912298099998,-14.769818357999952],[-71.9277877319999,-14.773058857999956],[-71.92900848199986,-14.775062481999896],[-71.92969510599983,-14.781037357999821],[-71.9289856069999,-14.784958857999925],[-71.92400360699997,-14.789796857999931],[-71.92076873099995,-14.791308356999934],[-71.91823573099998,-14.791105231999893],[-71.9144211059999,-14.79207423299988],[-71.91150660699992,-14.791285482999967],[-71.91022485699989,-14.788849982999977],[-71.90798948099996,-14.790601732999903],[-71.90331273099997,-14.79196260699996],[-71.90048985599992,-14.788148857999886],[-71.89389860699998,-14.789601232999871]]]]},"properties":{"ubigeo":"040603","nombre":"CAYARANI"}},{"type":"Feature","geometry":{"type":"MultiPolygon","coordinates":[[[[-72.89316560799989,-15.410011232999977],[-72.89475248299993,-15.415144857999962],[-72.89536285699995,-15.4194869829999],[-72.89501185799998,-15.423699357999908],[-72.89273835799997,-15.425849857999935],[-72.89070898299985,-15.429592107999952],[-72.88779448199995,-15.433009107999965],[-72.88335423299998,-15.439288107999914],[-72.88048548299986,-15.444537107999906],[-72.88037873299999,-15.447538357999974],[-72.88331598299993,-15.451901482999858],[-72.88446810799996,-15.454668982999976],[-72.88653560799997,-15.463118607999888],[-72.89051823299997,-15.468851982999979],[-72.89235685699992,-15.479843107999898],[-72.89226535699993,-15.483884857999954],[-72.89676660699996,-15.49219323299991],[-72.89791110699997,-15.495660732999852],[-72.89814760799999,-15.505082107999897],[-72.89920810699988,-15.506705232999934],[-72.90242773199992,-15.508511482999893],[-72.90501398299995,-15.512252857999897],[-72.90496823199999,-15.51470373299992],[-72.89971923299998,-15.523003608999943],[-72.89839173299993,-15.531517982999901],[-72.89514160799996,-15.536311107999836],[-72.88993835799994,-15.541891107999959],[-72.88637548199995,-15.544627232999915],[-72.88047785799995,-15.547724732999882],[-72.87632748199997,-15.549115232999839],[-72.87489323299997,-15.550736482999866],[-72.86943048299997,-15.55467323299996],[-72.86334985699995,-15.55420398299998],[-72.85939785699998,-15.555201482999905],[-72.85324860699984,-15.55321885799998],[-72.84518435799998,-15.551709232999883],[-72.84281160699993,-15.548877732999813],[-72.83383935699999,-15.549295483999913],[-72.82098385699993,-15.54924398299994],[-72.81643673199994,-15.550324482999883],[-72.81128698299989,-15.55521873299989],[-72.80808260799989,-15.560090107999827],[-72.80470273299994,-15.567148232999841],[-72.80310060699998,-15.57319548299995],[-72.80130773199994,-15.576165232999927],[-72.7982788569999,-15.578965232999963],[-72.79804235799998,-15.58157823299996],[-72.80331423299998,-15.587737982999897],[-72.80596923299998,-15.589834232999976],[-72.81186673199988,-15.59094910899995],[-72.81497960699988,-15.588578232999964],[-72.81825260799997,-15.588567732999934],[-72.81971735699994,-15.587352732999932],[-72.82298273199996,-15.586914107999974],[-72.83074185799995,-15.588353107999922],[-72.84111023199995,-15.592913607999947],[-72.85042573199996,-15.600348482999948],[-72.85238648299992,-15.602391232999878],[-72.85511785699998,-15.608480482999937],[-72.8557128569999,-15.613139108999917],[-72.86069485799999,-15.617742483999962],[-72.86595160699989,-15.620881983999936],[-72.86968235699993,-15.624226607999901],[-72.87516785699995,-15.62677760799994],[-72.88298798199997,-15.62716385899995],[-72.88452910799992,-15.629226732999882],[-72.88735198199998,-15.638364732999946],[-72.88850398199992,-15.640179607999926],[-72.89311985699993,-15.643414482999901],[-72.90507510799995,-15.650505982999903],[-72.90961460699992,-15.648161857999924],[-72.91278073299998,-15.647820482999919],[-72.91355135699996,-15.64485448299996],[-72.91782373199999,-15.635349232999943],[-72.92194360699995,-15.633746107999912],[-72.92542260799996,-15.630921357999966],[-72.93889623299992,-15.624241857999834],[-72.94362635799996,-15.619699482999977],[-72.94767760799988,-15.618363357999897],[-72.95169073299985,-15.615771232999919],[-72.95431523199994,-15.613285982999969],[-72.95656585799998,-15.61282823299996],[-72.96157073199993,-15.613477732999968],[-72.96641535799995,-15.61317160799996],[-72.9698714829999,-15.610924732999933],[-72.97251135799985,-15.612603232999902],[-72.97508235799995,-15.612939732999962],[-72.97976685799995,-15.612136857999928],[-72.98223873199998,-15.610865607999926],[-72.98397823199997,-15.60711860799995],[-72.98619085799999,-15.605245607999962],[-72.99401860699999,-15.605713857999888],[-73.00331873299996,-15.604910857999982],[-73.0080413579999,-15.604940357999965],[-73.01277160799998,-15.606803857999921],[-73.02002735799988,-15.606503858999815],[-73.01829523299995,-15.60234160799996],[-73.01864623199992,-15.599039982999955],[-73.0226593569999,-15.595242483999982],[-73.02464298299998,-15.591228482999952],[-73.02509310799991,-15.587525357999823],[-73.02692410699996,-15.585273732999951],[-73.03146360699998,-15.583416982999893],[-73.04127498199995,-15.581543982999904],[-73.04762273299991,-15.578320482999914],[-73.05162048199992,-15.580576857999972],[-73.05632785799997,-15.585540732999903],[-73.06354523199991,-15.590826982999886],[-73.0668792329999,-15.591582357999926],[-73.0714339829999,-15.588136732999942],[-73.07419585799988,-15.587068607999868],[-73.07699585799992,-15.58873848299993],[-73.08241285699995,-15.589556732999938],[-73.08527373299995,-15.593861607999884],[-73.08939360799997,-15.594830482999953],[-73.09442135699993,-15.589301107999916],[-73.09792323299996,-15.584759732999942],[-73.10167698299995,-15.582357357999967],[-73.10643773299995,-15.577629107999883],[-73.11032873299996,-15.57523060799997],[-73.11347960699987,-15.574326482999936],[-73.11695860799995,-15.572004357999901],[-73.11185460799999,-15.567238982999982],[-73.11074823299992,-15.564724983999895],[-73.1078948579999,-15.56308648299995],[-73.10504148299998,-15.562888107999981],[-73.09450535699995,-15.564894732999903],[-73.08846285699997,-15.564442607999979],[-73.08298498299996,-15.561493857999892],[-73.07839198199997,-15.555066107999892],[-73.07568360799996,-15.550056483999981],[-73.0712814819999,-15.547179232999952],[-73.06664273299998,-15.545351982999932],[-73.06322473299997,-15.544877982999878],[-73.05985248199988,-15.543041232999883],[-73.05573273199991,-15.538402607999956],[-73.04956823199996,-15.533958482999935],[-73.04254148299987,-15.528346107999937],[-73.0405197319999,-15.527345607999905],[-73.03786473199989,-15.524312982999902],[-73.03495785699988,-15.518775982999898],[-73.02970123199998,-15.51593585799992],[-73.0240401069999,-15.513898982999876],[-73.01840210799998,-15.509998357999905],[-73.01352685799992,-15.508002232999957],[-73.00891873299986,-15.507011357999943],[-73.00500485799995,-15.50404448299986],[-72.99977873299997,-15.504215232999968],[-72.99749773299999,-15.503433232999896],[-72.99532323199992,-15.49964998299987],[-72.98957060799995,-15.49411873299988],[-72.98825073199998,-15.490867607999917],[-72.98487085799991,-15.486203232999912],[-72.98423773299993,-15.483171482999978],[-72.98236085799988,-15.481068607999873],[-72.98110960699984,-15.477543857999933],[-72.98298648299988,-15.471518482999898],[-72.98463435799988,-15.468107232999841],[-72.98519135799995,-15.460195482999893],[-72.9834442319999,-15.456616357999962],[-72.98379510699988,-15.454260857999941],[-72.98192598299988,-15.443733232999932],[-72.97693635799993,-15.435464857999932],[-72.97602085799997,-15.431280107999896],[-72.97801210699998,-15.424092232999897],[-72.9765624819999,-15.420751607999819],[-72.97757723199993,-15.41909785799993],[-72.97578435799994,-15.417106607999926],[-72.97575373199999,-15.413529232999963],[-72.97419735799997,-15.41174123299993],[-72.97207635799998,-15.406104982999977],[-72.96542360799987,-15.397769982999876],[-72.96279148199994,-15.39756773299996],[-72.9616776069999,-15.39596273299992],[-72.95726773299998,-15.396399482999925],[-72.95330048199997,-15.39751335799997],[-72.95088198199988,-15.399131732999933],[-72.94540410799988,-15.399374982999916],[-72.94354260699998,-15.39807035799987],[-72.93878935799995,-15.396532982999872],[-72.93785098199987,-15.394754357999943],[-72.93378448299995,-15.394479732999969],[-72.92953485799995,-15.39602948299995],[-72.92577360699994,-15.396420482999872],[-72.92012023199999,-15.39896398299993],[-72.91334535699997,-15.399942357999976],[-72.90533448199983,-15.402087232999975],[-72.90386960799992,-15.404513357999974],[-72.90097048299998,-15.406567607999932],[-72.89316560799989,-15.410011232999977]]]]},"properties":{"ubigeo":"040604","nombre":"CHICHAS"}},{"type":"Feature","geometry":{"type":"MultiPolygon","coordinates":[[[[-72.67867273199988,-15.98115248399995],[-72.67665860699998,-15.978062608999949],[-72.67349248199992,-15.967704732999835],[-72.66939548199997,-15.9629898579999],[-72.66924285699992,-15.959396357999935],[-72.66761785799997,-15.952556607999952],[-72.66421510699996,-15.946142232999932],[-72.66344448199999,-15.941195357999959],[-72.65998073299988,-15.934979483999939],[-72.65687560699985,-15.930876732999934],[-72.65625760699987,-15.924827608999976],[-72.65470885799988,-15.916425733999972],[-72.65548710699989,-15.913874607999958],[-72.65540310699987,-15.906376983999962],[-72.6567077329999,-15.898568108999939],[-72.65689073299995,-15.894918483999959],[-72.65631860699995,-15.887238608999894],[-72.65322685699994,-15.88032098399998],[-72.65112098199995,-15.878263857999855],[-72.64625585699991,-15.876441982999836],[-72.64444735699993,-15.872644483999977],[-72.64602673199988,-15.86972623299988],[-72.64612573199997,-15.865817983999932],[-72.64826198299983,-15.864593483999954],[-72.64748385699994,-15.862574608999978],[-72.64879610799994,-15.860994482999956],[-72.64352423199995,-15.854359607999982],[-72.64294435699992,-15.851349858999981],[-72.64128873199991,-15.849669482999957],[-72.64247898199989,-15.846236232999956],[-72.6414947319999,-15.844452857999897],[-72.63541410699992,-15.843985483999973],[-72.62803648199997,-15.84188173299998],[-72.62330635699993,-15.842861232999951],[-72.61846923199988,-15.83982185899987],[-72.61548610699998,-15.83670323399997],[-72.61424260699994,-15.831032732999915],[-72.61252598199985,-15.828501733999929],[-72.61057273199998,-15.828704857999867],[-72.60771173199987,-15.826990107999904],[-72.60264585699991,-15.828460732999929],[-72.60044098199995,-15.826173733999951],[-72.59480285699982,-15.823640857999976],[-72.58900448199995,-15.825845733999927],[-72.58361048199993,-15.825355482999953],[-72.5773238569999,-15.82388498299997],[-72.57217423199995,-15.819474108999941],[-72.56849673199997,-15.818165732999944],[-72.56514735699994,-15.81473635899988],[-72.5635986069999,-15.805259732999957],[-72.56169123299998,-15.801207482999871],[-72.55909723199994,-15.799905733999822],[-72.55307010699988,-15.801070232999962],[-72.54551698199987,-15.808289482999896],[-72.54256435699989,-15.813309607999884],[-72.54146573199995,-15.818295482999929],[-72.54171748199991,-15.823069608999901],[-72.53947448199995,-15.826069858999972],[-72.53740698199994,-15.832027357999948],[-72.53525548199991,-15.835534107999933],[-72.53394323199996,-15.842632232999904],[-72.53157810699986,-15.847195607999822],[-72.53067010699993,-15.853035983999973],[-72.52899935699992,-15.856761982999956],[-72.52835848199999,-15.862565983999957],[-72.52433010699986,-15.868490232999932],[-72.52031710699998,-15.872272482999904],[-72.51393885699991,-15.879950483999949],[-72.51057435699988,-15.885035482999967],[-72.50746160699993,-15.890864358999977],[-72.50830835699998,-15.89660260799991],[-72.51004023199994,-15.899415983999916],[-72.51635748199993,-15.904476107999926],[-72.51864623199992,-15.90881348299996],[-72.52514648199997,-15.911465607999844],[-72.52755735699998,-15.911733607999906],[-72.53654485699985,-15.916928233999897],[-72.53871923199989,-15.919345858999918],[-72.54450223199984,-15.922637983999834],[-72.55004123199984,-15.922438608999926],[-72.55342860699989,-15.924083732999975],[-72.55697635699988,-15.927675232999889],[-72.56531523199999,-15.929802858999892],[-72.56944273199991,-15.932867108999915],[-72.57603448299989,-15.93561935899993],[-72.57911685699992,-15.937534358999926],[-72.58448023199998,-15.93791585799994],[-72.59143823199997,-15.936275482999974],[-72.58956910699993,-15.941423358999941],[-72.58713548199995,-15.949994108999931],[-72.58729560699993,-15.953782107999928],[-72.5900497319999,-15.96251398399994],[-72.59193423299996,-15.965200482999933],[-72.59563448199998,-15.96633435799987],[-72.60020448199998,-15.969651233999969],[-72.60664560699996,-15.971573733999946],[-72.60674373199998,-15.972979358999964],[-72.60377548199995,-15.975839107999889],[-72.60278985699995,-15.985498358999905],[-72.60152523199991,-15.98735085899989],[-72.59615498199997,-15.991059982999957],[-72.59043123199996,-15.994365732999881],[-72.58542623199997,-15.996324483999956],[-72.58281710799992,-16.001281733999974],[-72.58282473199995,-16.005496983999933],[-72.5858612319999,-16.00808910899991],[-72.5859374819999,-16.009517608999886],[-72.57891848199995,-16.018152233999956],[-72.57704923199992,-16.021776233999958],[-72.57721710799996,-16.024890858999925],[-72.57478335699994,-16.028570232999982],[-72.58101648299998,-16.029506733999938],[-72.58401485699994,-16.030465983999875],[-72.59618373199993,-16.027183483999977],[-72.59766385699993,-16.023614858999963],[-72.59975435699988,-16.02174760899993],[-72.60309598199996,-16.01724623399997],[-72.61057273199998,-16.01724623299998],[-72.61453248199996,-16.015886357999875],[-72.61843873199996,-16.01294323299993],[-72.62489323199992,-16.01209448399993],[-72.62925723199999,-16.01333998299998],[-72.6328277319999,-16.015886357999875],[-72.64186098199991,-16.016044608999948],[-72.64929960699999,-16.017284357999927],[-72.65401460699991,-16.015622982999957],[-72.66243748199997,-16.0149268589999],[-72.66338348199997,-16.01763910899996],[-72.66529848199997,-16.01763348299994],[-72.67364498299992,-16.01025185799989],[-72.6743392329999,-16.004533733999892],[-72.6752701069999,-16.00236898299994],[-72.67480473199998,-15.995490107999956],[-72.67805485699995,-15.99077498299988],[-72.67797085799998,-15.98702710799995],[-72.67867273199988,-15.98115248399995]]]]},"properties":{"ubigeo":"040605","nombre":"IRAY"}},{"type":"Feature","geometry":{"type":"MultiPolygon","coordinates":[[[[-72.52040848199994,-15.41021448299989],[-72.5226593569999,-15.417413732999933],[-72.52115635699988,-15.42057323299997],[-72.52155298199995,-15.423137732999976],[-72.5239487319999,-15.424390732999939],[-72.52405548199994,-15.426271482999937],[-72.52234648199993,-15.42946260799988],[-72.52342985699988,-15.438920982999832],[-72.52081298199988,-15.443878232999907],[-72.51558685699996,-15.45085810799992],[-72.51483148199998,-15.455957357999978],[-72.51563273199991,-15.45916748299993],[-72.5147704819999,-15.464021732999925],[-72.51362610699988,-15.466308607999963],[-72.51069635699997,-15.469043732999978],[-72.50759123199998,-15.475064232999841],[-72.50762173199985,-15.478260982999927],[-72.5115891069999,-15.489260732999924],[-72.51589198199997,-15.494430482999917],[-72.5160598569999,-15.496622107999883],[-72.5265176069999,-15.505386732999966],[-72.52962998199996,-15.511597982999831],[-72.53373710699998,-15.516745483999955],[-72.53503423199999,-15.521587357999977],[-72.53784948199996,-15.526146857999947],[-72.54145048199985,-15.529411357999948],[-72.54360960699995,-15.534378982999954],[-72.55040735699993,-15.540067733999877],[-72.55761723199998,-15.54220385799988],[-72.56006623299993,-15.540864982999949],[-72.56291960699986,-15.53758148299994],[-72.57067873199998,-15.538650607999955],[-72.57839198199991,-15.545394857999952],[-72.58343498199997,-15.548373233999882],[-72.58638760699995,-15.550763107999956],[-72.59278873199997,-15.551320107999913],[-72.60089873299995,-15.550286232999895],[-72.60272985699987,-15.550763107999956],[-72.60551448199988,-15.554461482999955],[-72.60690310699994,-15.559353857999838],[-72.60881810699993,-15.559671357999889],[-72.61688998199998,-15.555932983999924],[-72.61863710699993,-15.556053108999947],[-72.62875360699996,-15.559711483999934],[-72.63417035699996,-15.556912482999962],[-72.63642123199998,-15.55227185799987],[-72.64026635699997,-15.550017357999934],[-72.64420323299998,-15.550414982999882],[-72.65255735699998,-15.547801857999957],[-72.65603635699995,-15.548520107999877],[-72.66069798199999,-15.545888857999955],[-72.66645810699998,-15.539330482999901],[-72.66849523199988,-15.53499598299993],[-72.67500310699995,-15.534937857999978],[-72.6820221079999,-15.536031732999902],[-72.68939210699989,-15.535629232999895],[-72.69290148199991,-15.536607732999869],[-72.70095823199995,-15.542478607999954],[-72.70349123199992,-15.542766607999909],[-72.70925135699991,-15.542133357999887],[-72.72042085699997,-15.54610535899991],[-72.72151185799999,-15.5508261089999],[-72.72093960699988,-15.554739982999934],[-72.72824860699995,-15.565092107999874],[-72.73561098199991,-15.568055107999896],[-72.73743435699998,-15.571531357999959],[-72.74337773199994,-15.572053107999864],[-72.74816135699996,-15.573679982999977],[-72.75140385699996,-15.577491732999817],[-72.75332635699993,-15.580702732999953],[-72.75736998199994,-15.582705482999927],[-72.76018523199997,-15.58256248299989],[-72.76327510799985,-15.585253732999888],[-72.77281185699997,-15.589573857999937],[-72.77671048199994,-15.594443357999978],[-72.77964023299995,-15.597208982999916],[-72.78869623299988,-15.603008232999969],[-72.79470060699992,-15.608629232999874],[-72.79955285699998,-15.614271107999969],[-72.80475610699989,-15.620968857999912],[-72.81018823299985,-15.626334233999955],[-72.81179048199988,-15.619435357999976],[-72.81074523199993,-15.60996248299989],[-72.80924223199992,-15.601736107999955],[-72.81097410799993,-15.59942823299997],[-72.81041723199996,-15.595691732999967],[-72.80769348199993,-15.590972857999873],[-72.80596923299998,-15.589834232999976],[-72.80331423299998,-15.587737982999897],[-72.79804235799998,-15.58157823299996],[-72.7982788569999,-15.578965232999963],[-72.80130773199994,-15.576165232999927],[-72.80310060699998,-15.57319548299995],[-72.80470273299994,-15.567148232999841],[-72.80808260799989,-15.560090107999827],[-72.81128698299989,-15.55521873299989],[-72.81643673199994,-15.550324482999883],[-72.82098385699993,-15.54924398299994],[-72.83383935699999,-15.549295483999913],[-72.84281160699993,-15.548877732999813],[-72.84518435799998,-15.551709232999883],[-72.85324860699984,-15.55321885799998],[-72.85939785699998,-15.555201482999905],[-72.86334985699995,-15.55420398299998],[-72.86943048299997,-15.55467323299996],[-72.87489323299997,-15.550736482999866],[-72.87632748199997,-15.549115232999839],[-72.88047785799995,-15.547724732999882],[-72.88637548199995,-15.544627232999915],[-72.88993835799994,-15.541891107999959],[-72.89514160799996,-15.536311107999836],[-72.89839173299993,-15.531517982999901],[-72.89971923299998,-15.523003608999943],[-72.90496823199999,-15.51470373299992],[-72.90501398299995,-15.512252857999897],[-72.90242773199992,-15.508511482999893],[-72.89920810699988,-15.506705232999934],[-72.89814760799999,-15.505082107999897],[-72.89791110699997,-15.495660732999852],[-72.89676660699996,-15.49219323299991],[-72.89226535699993,-15.483884857999954],[-72.89235685699992,-15.479843107999898],[-72.89051823299997,-15.468851982999979],[-72.88653560799997,-15.463118607999888],[-72.88446810799996,-15.454668982999976],[-72.88331598299993,-15.451901482999858],[-72.88037873299999,-15.447538357999974],[-72.88048548299986,-15.444537107999906],[-72.88335423299998,-15.439288107999914],[-72.88779448199995,-15.433009107999965],[-72.89070898299985,-15.429592107999952],[-72.89273835799997,-15.425849857999935],[-72.89501185799998,-15.423699357999908],[-72.89536285699995,-15.4194869829999],[-72.89475248299993,-15.415144857999962],[-72.89316560799989,-15.410011232999977],[-72.89154048199998,-15.407741607999924],[-72.8899842319999,-15.40348623299991],[-72.88510135699994,-15.403513857999883],[-72.87741848299993,-15.402788107999982],[-72.87506860799994,-15.40608973299993],[-72.87371823199993,-15.406326232999959],[-72.87067410699996,-15.404218732999936],[-72.86608123199989,-15.399363357999846],[-72.86350248199994,-15.398869482999942],[-72.86101548299996,-15.395980857999916],[-72.86068723299996,-15.390177732999916],[-72.85771173199998,-15.38753885799997],[-72.85650635699983,-15.382686607999972],[-72.85689548199997,-15.378642982999963],[-72.85625460699987,-15.375881232999973],[-72.85345460799994,-15.372044607999896],[-72.84841160699995,-15.36784360799993],[-72.84561923299998,-15.363802857999929],[-72.84368898199989,-15.357839732999878],[-72.84217073299993,-15.35493185799993],[-72.84104923199988,-15.349340482999935],[-72.84346785699995,-15.343927357999974],[-72.84307860699994,-15.33867448299992],[-72.8410797329999,-15.336790232999874],[-72.8386537319999,-15.327238107999847],[-72.83870698199996,-15.32343860799989],[-72.83719635699993,-15.317884482999943],[-72.83468623199991,-15.315021481999963],[-72.83013910699998,-15.312185232999923],[-72.81573473299994,-15.307102107999981],[-72.81137110699984,-15.303550732999952],[-72.81214160699989,-15.29685748299994],[-72.80936435799998,-15.29383473299987],[-72.8037033569999,-15.29096510799991],[-72.8011398569999,-15.286854732999927],[-72.80012510799997,-15.283078232999912],[-72.7970276069999,-15.280657732999941],[-72.79140473199993,-15.278710357999898],[-72.78908535699986,-15.27692798299995],[-72.78847498199997,-15.274204231999931],[-72.7894821079999,-15.26950935799988],[-72.7891387329999,-15.266290607999906],[-72.78977198299998,-15.261883856999816],[-72.78791048199997,-15.259413732999974],[-72.78671260699991,-15.254327732999968],[-72.78778835699984,-15.251831981999885],[-72.78530885699996,-15.247003607999886],[-72.78277585699988,-15.244188357999917],[-72.78099060699998,-15.245543482999949],[-72.77706910699993,-15.244642232999922],[-72.77358248199994,-15.24579523299991],[-72.76957698299998,-15.248167982999973],[-72.76432798199994,-15.249109232999956],[-72.75988773199998,-15.24915985799987],[-72.75685123199997,-15.250462482999922],[-72.74914548199996,-15.251672732999964],[-72.74536135699992,-15.25179848199997],[-72.73963160799997,-15.25316523299989],[-72.73622898199989,-15.251806232999968],[-72.72882085799995,-15.251818732999936],[-72.72524260699993,-15.25095560799997],[-72.72293848199996,-15.249101607999933],[-72.71557623199993,-15.246486607999941],[-72.71188360699995,-15.245900107999887],[-72.70661923299991,-15.24422460799991],[-72.70055385699999,-15.243599857999982],[-72.69613648199999,-15.243909857999881],[-72.69339748199991,-15.24315835799996],[-72.69107823199994,-15.242330607999975],[-72.68293760699999,-15.242330607999975],[-72.67170710699997,-15.238311732999875],[-72.66701510699988,-15.2340354829999],[-72.66119385699983,-15.233365107999873],[-72.65565485699983,-15.236033482999858],[-72.65100860699988,-15.23893923199995],[-72.64627073199989,-15.239495232999957],[-72.64055635799997,-15.235960982999813],[-72.63705448199994,-15.232855857999937],[-72.63695535799991,-15.23113823299991],[-72.63211823199998,-15.225463857999898],[-72.62687685699984,-15.22514535799985],[-72.62232210699995,-15.221597732999953],[-72.61979673199994,-15.220455107999896],[-72.61254885699998,-15.219542482999884],[-72.60997773199995,-15.220039357999951],[-72.60501860699998,-15.224548357999936],[-72.60068510699995,-15.224639107999963],[-72.59825135699987,-15.222609482999928],[-72.59645085699992,-15.21737873199993],[-72.59197235799991,-15.213812857999926],[-72.58931735699997,-15.208531356999913],[-72.58292385699997,-15.204252232999977],[-72.57189173199987,-15.20027160799998],[-72.56035610699985,-15.200929607999967],[-72.54889673199989,-15.202872232999937],[-72.54391485699989,-15.203220357999953],[-72.54188535699996,-15.204339981999965],[-72.53599548199998,-15.20164685799989],[-72.53094485699995,-15.20023635799987],[-72.52818298199998,-15.197658481999952],[-72.52533723199997,-15.203175481999892],[-72.5228731069999,-15.205603607999876],[-72.52219385699993,-15.211403857999926],[-72.51940923199993,-15.215793607999956],[-72.51762373199989,-15.217472107999924],[-72.51782985699998,-15.221990607999942],[-72.51589198299996,-15.224031482999976],[-72.51612848199989,-15.228059732999952],[-72.51853185699997,-15.233585356999981],[-72.51850123199995,-15.237226482999972],[-72.51998898199992,-15.240828482999916],[-72.52346035699992,-15.244303731999878],[-72.52716823199995,-15.244226482999977],[-72.52937310699991,-15.245076232999963],[-72.53044885699995,-15.253029857999877],[-72.53314973199997,-15.264069606999897],[-72.53287510699988,-15.26740548299989],[-72.52993773199995,-15.268135982999922],[-72.52893823199992,-15.270647982999947],[-72.53189848199997,-15.274297732999855],[-72.53679660699999,-15.277810107999926],[-72.53753660799993,-15.280680607999955],[-72.53953548199985,-15.280989607999857],[-72.54439548299996,-15.279861482999934],[-72.5475387329999,-15.287958106999895],[-72.54515073199985,-15.290908857999966],[-72.54894260699996,-15.29759210799989],[-72.54943085799994,-15.303859732999967],[-72.5520858569999,-15.309069607999902],[-72.55162048199992,-15.310766232999867],[-72.55294798199998,-15.313814107999974],[-72.55331410699984,-15.317057607999857],[-72.55471035699998,-15.320863732999896],[-72.5569992319999,-15.32322698299987],[-72.55719760699998,-15.325439482999968],[-72.55574798199996,-15.332714857999918],[-72.55650335699994,-15.335609482999871],[-72.55584710699998,-15.340907107999897],[-72.55631260699994,-15.343373357999951],[-72.55239860699993,-15.350771857999973],[-72.55282598199994,-15.357063232999963],[-72.55626673199998,-15.359287231999929],[-72.55833435699998,-15.361666732999936],[-72.55983735699982,-15.365237232999846],[-72.55951685799994,-15.369392357999914],[-72.56237798199999,-15.37554073299998],[-72.56538385699997,-15.376263607999931],[-72.5695724819999,-15.38069910799993],[-72.56844335799991,-15.381418232999977],[-72.5608291079999,-15.381772982999962],[-72.55755610699998,-15.381375482999943],[-72.5520858569999,-15.381720482999981],[-72.55059810699998,-15.384415607999927],[-72.55258173199996,-15.39002710799997],[-72.55523685699995,-15.394775357999947],[-72.55361173199992,-15.401578857999937],[-72.54989623199992,-15.403821982999887],[-72.54787448199988,-15.408952732999865],[-72.54458623199997,-15.415713357999948],[-72.54260248199995,-15.41866773299995],[-72.5382843569999,-15.419841732999942],[-72.53318035699994,-15.417879107999909],[-72.53050235699993,-15.415716982999982],[-72.52689348199993,-15.410853357999827],[-72.52360535699995,-15.409845357999927],[-72.52040848199994,-15.41021448299989]]]]},"properties":{"ubigeo":"040606","nombre":"SALAMANCA"}},{"type":"Feature","geometry":{"type":"MultiPolygon","coordinates":[[[[-73.11695860799995,-15.572004357999901],[-73.11347960699987,-15.574326482999936],[-73.11032873299996,-15.57523060799997],[-73.10643773299995,-15.577629107999883],[-73.10167698299995,-15.582357357999967],[-73.09792323299996,-15.584759732999942],[-73.09442135699993,-15.589301107999916],[-73.08939360799997,-15.594830482999953],[-73.08527373299995,-15.593861607999884],[-73.08241285699995,-15.589556732999938],[-73.07699585799992,-15.58873848299993],[-73.07419585799988,-15.587068607999868],[-73.0714339829999,-15.588136732999942],[-73.0668792329999,-15.591582357999926],[-73.06354523199991,-15.590826982999886],[-73.05632785799997,-15.585540732999903],[-73.05162048199992,-15.580576857999972],[-73.04762273299991,-15.578320482999914],[-73.04127498199995,-15.581543982999904],[-73.03146360699998,-15.583416982999893],[-73.02692410699996,-15.585273732999951],[-73.02509310799991,-15.587525357999823],[-73.02464298299998,-15.591228482999952],[-73.0226593569999,-15.595242483999982],[-73.01864623199992,-15.599039982999955],[-73.01829523299995,-15.60234160799996],[-73.02002735799988,-15.606503858999815],[-73.01277160799998,-15.606803857999921],[-73.0080413579999,-15.604940357999965],[-73.00331873299996,-15.604910857999982],[-72.99401860699999,-15.605713857999888],[-72.98619085799999,-15.605245607999962],[-72.98397823199997,-15.60711860799995],[-72.98223873199998,-15.610865607999926],[-72.97976685799995,-15.612136857999928],[-72.97508235799995,-15.612939732999962],[-72.97251135799985,-15.612603232999902],[-72.9698714829999,-15.610924732999933],[-72.96641535799995,-15.61317160799996],[-72.96157073199993,-15.613477732999968],[-72.95656585799998,-15.61282823299996],[-72.95431523199994,-15.613285982999969],[-72.95169073299985,-15.615771232999919],[-72.94767760799988,-15.618363357999897],[-72.94362635799996,-15.619699482999977],[-72.93889623299992,-15.624241857999834],[-72.92542260799996,-15.630921357999966],[-72.92194360699995,-15.633746107999912],[-72.91782373199999,-15.635349232999943],[-72.91355135699996,-15.64485448299996],[-72.91278073299998,-15.647820482999919],[-72.90961460699992,-15.648161857999924],[-72.90507510799995,-15.650505982999903],[-72.89311985699993,-15.643414482999901],[-72.88850398199992,-15.640179607999926],[-72.88735198199998,-15.638364732999946],[-72.88452910799992,-15.629226732999882],[-72.88298798199997,-15.62716385899995],[-72.87516785699995,-15.62677760799994],[-72.86968235699993,-15.624226607999901],[-72.86595160699989,-15.620881983999936],[-72.86069485799999,-15.617742483999962],[-72.8557128569999,-15.613139108999917],[-72.85511785699998,-15.608480482999937],[-72.85238648299992,-15.602391232999878],[-72.85042573199996,-15.600348482999948],[-72.84111023199995,-15.592913607999947],[-72.83074185799995,-15.588353107999922],[-72.82298273199996,-15.586914107999974],[-72.81971735699994,-15.587352732999932],[-72.81825260799997,-15.588567732999934],[-72.81497960699988,-15.588578232999964],[-72.81186673199988,-15.59094910899995],[-72.80596923299998,-15.589834232999976],[-72.80769348199993,-15.590972857999873],[-72.81041723199996,-15.595691732999967],[-72.81097410799993,-15.59942823299997],[-72.80924223199992,-15.601736107999955],[-72.81074523199993,-15.60996248299989],[-72.81179048199988,-15.619435357999976],[-72.81018823299985,-15.626334233999955],[-72.81211848199996,-15.63239098399987],[-72.81062310699997,-15.636897982999926],[-72.81114198199998,-15.642445607999946],[-72.80930323299998,-15.651553108999963],[-72.80638885699989,-15.656564733999915],[-72.80534360799993,-15.664302857999814],[-72.8092497319999,-15.66892610799988],[-72.80969998299997,-15.674982107999938],[-72.80606848199994,-15.680529607999915],[-72.80591585799993,-15.683282857999927],[-72.80856323199987,-15.686201107999977],[-72.81147773199996,-15.688240108999935],[-72.81565860699993,-15.69498635799988],[-72.81583410699989,-15.703718232999847],[-72.81635285699991,-15.705447233999905],[-72.81548310699998,-15.70916460799998],[-72.81681823299988,-15.716446857999813],[-72.81940460699991,-15.720736483999929],[-72.82057185799994,-15.724745733999896],[-72.82227323199993,-15.727808983999978],[-72.82617948299992,-15.73219310899998],[-72.83143610699994,-15.737179732999834],[-72.83896635699995,-15.746433232999948],[-72.84401698199991,-15.751201607999974],[-72.84529110699992,-15.755573232999893],[-72.84779360799996,-15.757439732999956],[-72.84993748199997,-15.75757598399997],[-72.85562898199998,-15.760262482999963],[-72.86313623299992,-15.770872107999935],[-72.86414335699993,-15.777107232999867],[-72.8666611079999,-15.779658358999939],[-72.87572473199992,-15.781177358999912],[-72.87974548199998,-15.784062232999872],[-72.88410185699985,-15.789029108999955],[-72.88611598299997,-15.793624857999816],[-72.8901367329999,-15.79504873399992],[-72.89379885799997,-15.798123357999941],[-72.89727023299997,-15.79904648299987],[-72.90245823199996,-15.801878983999927],[-72.90499110699994,-15.807128857999885],[-72.90690610799999,-15.80809785799994],[-72.90998835799996,-15.812742232999938],[-72.91036985699998,-15.815278982999928],[-72.91213223199998,-15.817830107999896],[-72.91156773199998,-15.822738607999952],[-72.91024023299991,-15.826091732999942],[-72.91336823299991,-15.828909858999964],[-72.91512298299989,-15.831520982999905],[-72.91724398299988,-15.830079857999863],[-72.92131810799998,-15.83211898299993],[-72.92356110699995,-15.834179858999903],[-72.92662048199998,-15.834245732999932],[-72.93106073199982,-15.835693357999958],[-72.93241123299998,-15.839070357999958],[-72.93103023299994,-15.841101608999907],[-72.93376160799983,-15.847007732999884],[-72.93814085799994,-15.852517107999859],[-72.94511410799998,-15.855654732999938],[-72.94789123199996,-15.858089607999943],[-72.95349885699989,-15.859425607999924],[-72.9585113569999,-15.859011607999946],[-72.96169285699989,-15.856450983999935],[-72.96498110699991,-15.855647982999926],[-72.97280885699996,-15.855179733999876],[-72.97419735699998,-15.856236483999908],[-72.97920985799993,-15.855974233999973],[-72.9854202329999,-15.858689358999925],[-72.98865510699994,-15.861333858999899],[-72.99098210699992,-15.857334107999975],[-72.99517823299993,-15.854304358999855],[-72.99857323299989,-15.854087857999957],[-73.00188448199987,-15.84904485899989],[-73.00318923299989,-15.848081608999962],[-73.00691223199993,-15.849029483999857],[-73.01441198199996,-15.84876348399996],[-73.01762385799998,-15.847517982999932],[-73.0227584829999,-15.844109482999897],[-73.02661135699992,-15.843543107999949],[-73.03030398299995,-15.844931607999968],[-73.04003910699993,-15.853781732999948],[-73.04407498199998,-15.855882608999877],[-73.04517360799997,-15.858675982999898],[-73.04455560799988,-15.862695733999942],[-73.04544073299996,-15.865802732999896],[-73.04767598299998,-15.867349608999973],[-73.05059810699998,-15.866599983999947],[-73.05570223299998,-15.86848835799998],[-73.05702973199993,-15.87069510899994],[-73.06093598299992,-15.870978357999945],[-73.06470485799991,-15.869259857999964],[-73.06959535699991,-15.868427232999977],[-73.07485960699995,-15.868402482999954],[-73.08197785699986,-15.865798982999934],[-73.08547210699987,-15.862297107999836],[-73.08893585699991,-15.862173982999934],[-73.09209448299998,-15.858750357999895],[-73.09233860699993,-15.855298982999898],[-73.09149935699992,-15.850517232999948],[-73.09326935799993,-15.846918107999954],[-73.09739685799985,-15.844750358999931],[-73.09930423299994,-15.840515107999977],[-73.09921260799996,-15.835413983999956],[-73.09754948299997,-15.828486482999892],[-73.09791560699995,-15.820409857999834],[-73.10395810699998,-15.81241048399994],[-73.10792535699994,-15.809093482999913],[-73.11191560799995,-15.803105357999982],[-73.11553960699996,-15.799035107999885],[-73.12252048299996,-15.793108982999854],[-73.12784573299996,-15.789462982999964],[-73.13043210799992,-15.789033107999956],[-73.13257598299992,-15.790277482999954],[-73.13842773299996,-15.791984607999893],[-73.14120485699988,-15.794010107999895],[-73.14331060799992,-15.793689732999951],[-73.14570623299983,-15.791388482999935],[-73.14865873299993,-15.789914107999891],[-73.15539548199996,-15.790512108999906],[-73.15880585799994,-15.789974233999828],[-73.16368098299989,-15.786687857999937],[-73.16512298199984,-15.78092573299989],[-73.16844185699989,-15.779107107999948],[-73.1734313579999,-15.782695732999969],[-73.17503910799996,-15.782378858999948],[-73.17713160799991,-15.779537232999928],[-73.18624110799993,-15.774560982999958],[-73.19037573299983,-15.769737108999948],[-73.19096748299995,-15.76522485799984],[-73.19277973199996,-15.758012733999976],[-73.19075773299988,-15.749453482999911],[-73.19026185699988,-15.744773857999974],[-73.18836210699999,-15.739845232999926],[-73.18867498299994,-15.735849357999882],[-73.19008635799986,-15.73277948399982],[-73.18984223299998,-15.72941973299993],[-73.1909866069999,-15.719413733999886],[-73.19258123299994,-15.717031608999946],[-73.19741060799987,-15.711794857999905],[-73.19933323299995,-15.708677357999932],[-73.20168298299996,-15.706781357999887],[-73.20536810699997,-15.701253857999973],[-73.20747373199998,-15.695980107999958],[-73.20941160799993,-15.694224357999929],[-73.21640773199988,-15.694748107999885],[-73.21904160799994,-15.692998357999898],[-73.22212223199995,-15.688027357999829],[-73.22401248199992,-15.68242635799993],[-73.22677598299987,-15.67090610799994],[-73.22415260699995,-15.665483232999975],[-73.22499848199988,-15.663757357999884],[-73.22415160799989,-15.660789482999974],[-73.22180935799997,-15.656888107999976],[-73.22020723199995,-15.652008982999916],[-73.21730798199997,-15.646394732999909],[-73.2185592329999,-15.63898273299992],[-73.21646873299994,-15.634218232999899],[-73.21696473299994,-15.629751232999979],[-73.22054285699988,-15.623696357999904],[-73.22064210699995,-15.618634233999842],[-73.22001648299994,-15.614412232999939],[-73.22129060799995,-15.610500357999967],[-73.2221832329999,-15.602938607999874],[-73.22027585799992,-15.599888857999872],[-73.21856685799992,-15.59387210899996],[-73.21887973199995,-15.589288732999876],[-73.22035985799994,-15.58761785799993],[-73.22326660699991,-15.581780482999932],[-73.22582248299994,-15.574611607999884],[-73.22634123299997,-15.570303982999917],[-73.22235860799992,-15.561428107999973],[-73.21836848299995,-15.554010232999929],[-73.21744535799996,-15.551292357999955],[-73.21231073299998,-15.546031982999978],[-73.21221148199999,-15.543104357999937],[-73.21086123199996,-15.540823982999939],[-73.2103729829999,-15.536754607999853],[-73.20642848299985,-15.529499108999914],[-73.20629123299994,-15.5259799829999],[-73.20453648299997,-15.522476982999876],[-73.20372010799991,-15.51897435799998],[-73.20415498299997,-15.514759982999976],[-73.20541385699994,-15.51060385799991],[-73.20142360799997,-15.511424107999915],[-73.19602198299998,-15.517359732999978],[-73.19421385699997,-15.521146732999966],[-73.18883510799998,-15.527159732999905],[-73.18419648299994,-15.528789482999912],[-73.18091585799993,-15.52890973299992],[-73.1758574829999,-15.531753482999932],[-73.17186735699994,-15.53511910799989],[-73.16603848299991,-15.538796482999942],[-73.16175848299997,-15.543844232999959],[-73.16124723299998,-15.545868857999892],[-73.15686798299998,-15.549586358999932],[-73.1525344829999,-15.55089660799996],[-73.14956660699994,-15.556454607999854],[-73.14359285699993,-15.55765823299987],[-73.14102935799991,-15.560132983999893],[-73.13578035699993,-15.562076608999973],[-73.13227848299994,-15.565310482999905],[-73.12857823199994,-15.56738473299987],[-73.12801373299993,-15.569205232999934],[-73.11695860799995,-15.572004357999901]]]]},"properties":{"ubigeo":"040607","nombre":"YANAQUIHUA"}},{"type":"Feature","geometry":{"type":"MultiPolygon","coordinates":[[[[-72.98865510699994,-15.861333858999899],[-72.99166110799996,-15.86414810899987],[-72.99549860799988,-15.86532210799993],[-72.99933623299995,-15.868439732999946],[-73.00495148199997,-15.871314107999922],[-73.01248173199997,-15.878681232999838],[-73.01419835699988,-15.883910232999938],[-73.01676935799998,-15.887056357999938],[-73.01733398199997,-15.889823857999943],[-73.01522060699983,-15.893921982999927],[-73.01232148199995,-15.895207358999869],[-73.01037598199997,-15.89725210899985],[-73.00955198199995,-15.90091035799992],[-73.01031498299994,-15.90403935799992],[-73.01251223199989,-15.908083857999884],[-73.0125884819999,-15.909697482999832],[-73.00994873299999,-15.913283357999944],[-73.00656123299984,-15.916062358999966],[-73.00286098299995,-15.918011607999915],[-72.99978635699989,-15.92155660799989],[-72.99647523199997,-15.92310710799984],[-72.99027248199991,-15.923076607999974],[-72.98736573199994,-15.92575935799988],[-72.98246760699993,-15.927648483999974],[-72.97687535799997,-15.925394107999978],[-72.97303010699994,-15.92589660799996],[-72.96338648199998,-15.932898482999974],[-72.95961760799997,-15.936716983999872],[-72.95922848199996,-15.943480482999973],[-72.96038060799998,-15.949121482999942],[-72.9577713569999,-15.955556858999955],[-72.95884710699983,-15.957609232999971],[-72.96768185799993,-15.954855857999974],[-72.97003173199994,-15.955048608999903],[-72.9736481079999,-15.95704273399997],[-72.98028560699987,-15.954693732999942],[-72.98477173199996,-15.955531108999935],[-72.99008173199996,-15.961857732999931],[-72.99470523199994,-15.964853232999872],[-72.99724573299994,-15.96804523399993],[-73.00048823299988,-15.970103232999975],[-73.00189973199997,-15.975839608999934],[-73.00048060799998,-15.98066610899997],[-73.0012131069999,-15.991921482999885],[-73.0014953569999,-16.003463733999922],[-73.00025935799994,-16.00884248299991],[-72.99846648299996,-16.01371760899997],[-72.99788660799993,-16.019319483999936],[-73.00509648299999,-16.020194982999953],[-73.01182560799992,-16.01851460899985],[-73.01940923199999,-16.01937485799988],[-73.03117373299995,-16.015462858999854],[-73.0331878579999,-16.016326857999843],[-73.04099273199995,-16.01787373399992],[-73.04801173299995,-16.01722523399991],[-73.05271910699997,-16.017764982999893],[-73.05678560799998,-16.015859608999904],[-73.06121060699991,-16.018341108999948],[-73.06491848199994,-16.01859285799992],[-73.06826023299993,-16.017188982999926],[-73.06926723199996,-16.01575085899998],[-73.07290648199995,-16.01382260899993],[-73.07678223199991,-16.00972748299995],[-73.08065035799996,-16.01019285899997],[-73.08576960699997,-16.00941273299992],[-73.08841710799999,-16.0078506079999],[-73.08838648299997,-16.0042706079999],[-73.09002685699994,-16.000383483999883],[-73.09841923299996,-15.997365983999885],[-73.10454560799997,-15.990325983999867],[-73.10684973299993,-15.988500608999914],[-73.10941310699985,-15.989717483999982],[-73.11019898299986,-15.992151233999891],[-73.11317448199992,-15.995089483999891],[-73.11673735699986,-15.99667648299993],[-73.11917873299996,-16.00023273299996],[-73.11949910699991,-16.004114108999943],[-73.1230316079999,-16.008933983999952],[-73.12349698199995,-16.012638233999894],[-73.13211060699996,-16.008434232999946],[-73.13346098199997,-16.00731848299995],[-73.13951110699998,-16.005590482999935],[-73.14452360799993,-16.007389107999927],[-73.1488189829999,-16.010206232999963],[-73.15912623299988,-16.017892857999982],[-73.16372685799996,-16.018680608999887],[-73.16640473199993,-16.017282483999963],[-73.16630548199998,-16.01551823299991],[-73.1700744829999,-16.01079935799993],[-73.17235560699999,-16.009790357999975],[-73.17527773299992,-16.006874108999853],[-73.17641448299992,-16.004243733999886],[-73.17631535799995,-16.00051310899994],[-73.16884610799997,-15.992470732999948],[-73.15598298299994,-15.989273108999953],[-73.15176385699993,-15.983644482999921],[-73.15116885799989,-15.97967148299989],[-73.15335848299998,-15.971463232999952],[-73.15489960799994,-15.96823298399994],[-73.16130060799992,-15.959603357999924],[-73.16201023299993,-15.955888732999881],[-73.16110223299995,-15.94888873399998],[-73.1616134819999,-15.946203232999892],[-73.16638948199983,-15.938899983999931],[-73.16717523299991,-15.933991358999947],[-73.16862485799993,-15.929424232999907],[-73.16763310699997,-15.926697732999912],[-73.16862485799993,-15.92308610799995],[-73.17110448199986,-15.917704607999951],[-73.17149348199996,-15.915473982999856],[-73.17404173199998,-15.912110357999893],[-73.18377685799999,-15.907401108999977],[-73.18870548299998,-15.904498108999974],[-73.19018560799998,-15.901523607999934],[-73.18897260799997,-15.898850482999933],[-73.18937685799995,-15.896218358999931],[-73.19155123199994,-15.894548358999941],[-73.1935272319999,-15.890904482999929],[-73.20004273299998,-15.883244482999942],[-73.20908360799996,-15.88365360899985],[-73.21276098299995,-15.880749732999902],[-73.21497348299988,-15.877477607999879],[-73.21840673299988,-15.876373233999914],[-73.22110748299997,-15.87809085899994],[-73.2241744829999,-15.876831983999864],[-73.22822573299999,-15.876560233999953],[-73.23324585699999,-15.874050108999882],[-73.24399560799998,-15.873244233999912],[-73.24906160799992,-15.870482482999932],[-73.25061798199994,-15.86835285899997],[-73.24865723299996,-15.865245858999913],[-73.24831385699997,-15.861619982999855],[-73.2496947329999,-15.85684398299992],[-73.25378423299998,-15.850340857999981],[-73.25418848299995,-15.848326732999965],[-73.25856023199998,-15.839522358999886],[-73.26054385799989,-15.834683357999893],[-73.26244348299997,-15.825497607999978],[-73.26181035799988,-15.82328035899991],[-73.25669848299998,-15.816809483999918],[-73.25556185699998,-15.814411107999888],[-73.25606535699995,-15.808619482999973],[-73.25475310699994,-15.80350585799988],[-73.25592798299988,-15.800112733999981],[-73.25701135799989,-15.790429108999888],[-73.25642398299988,-15.787713982999946],[-73.25316623299989,-15.784365608999906],[-73.25126648299994,-15.77952385799989],[-73.25144960799997,-15.77771385899996],[-73.2551574819999,-15.77201273299994],[-73.25665285799982,-15.767442732999939],[-73.25611110699992,-15.761605232999955],[-73.25688173299994,-15.757549232999963],[-73.25543210699988,-15.751469607999923],[-73.25149535799994,-15.74622060899992],[-73.25176235799984,-15.743225107999876],[-73.25045023299998,-15.739921607999918],[-73.24746710699998,-15.736663857999872],[-73.24606323299992,-15.732093858999917],[-73.24298860799996,-15.727387482999973],[-73.24015048299998,-15.718741357999932],[-73.24147798199994,-15.714569983999866],[-73.24471285699991,-15.711870232999956],[-73.24422460699992,-15.703675232999842],[-73.24363710799997,-15.70156473399993],[-73.24113460799998,-15.698718108999913],[-73.24132535799993,-15.691847858999836],[-73.2408828579999,-15.686203982999928],[-73.23897548199994,-15.680068982999842],[-73.23217773299996,-15.674130482999828],[-73.22772210799997,-15.668030607999981],[-73.22540285799994,-15.663985233999824],[-73.22499848199988,-15.663757357999884],[-73.22415260699995,-15.665483232999975],[-73.22677598299987,-15.67090610799994],[-73.22401248199992,-15.68242635799993],[-73.22212223199995,-15.688027357999829],[-73.21904160799994,-15.692998357999898],[-73.21640773199988,-15.694748107999885],[-73.20941160799993,-15.694224357999929],[-73.20747373199998,-15.695980107999958],[-73.20536810699997,-15.701253857999973],[-73.20168298299996,-15.706781357999887],[-73.19933323299995,-15.708677357999932],[-73.19741060799987,-15.711794857999905],[-73.19258123299994,-15.717031608999946],[-73.1909866069999,-15.719413733999886],[-73.18984223299998,-15.72941973299993],[-73.19008635799986,-15.73277948399982],[-73.18867498299994,-15.735849357999882],[-73.18836210699999,-15.739845232999926],[-73.19026185699988,-15.744773857999974],[-73.19075773299988,-15.749453482999911],[-73.19277973199996,-15.758012733999976],[-73.19096748299995,-15.76522485799984],[-73.19037573299983,-15.769737108999948],[-73.18624110799993,-15.774560982999958],[-73.17713160799991,-15.779537232999928],[-73.17503910799996,-15.782378858999948],[-73.1734313579999,-15.782695732999969],[-73.16844185699989,-15.779107107999948],[-73.16512298199984,-15.78092573299989],[-73.16368098299989,-15.786687857999937],[-73.15880585799994,-15.789974233999828],[-73.15539548199996,-15.790512108999906],[-73.14865873299993,-15.789914107999891],[-73.14570623299983,-15.791388482999935],[-73.14331060799992,-15.793689732999951],[-73.14120485699988,-15.794010107999895],[-73.13842773299996,-15.791984607999893],[-73.13257598299992,-15.790277482999954],[-73.13043210799992,-15.789033107999956],[-73.12784573299996,-15.789462982999964],[-73.12252048299996,-15.793108982999854],[-73.11553960699996,-15.799035107999885],[-73.11191560799995,-15.803105357999982],[-73.10792535699994,-15.809093482999913],[-73.10395810699998,-15.81241048399994],[-73.09791560699995,-15.820409857999834],[-73.09754948299997,-15.828486482999892],[-73.09921260799996,-15.835413983999956],[-73.09930423299994,-15.840515107999977],[-73.09739685799985,-15.844750358999931],[-73.09326935799993,-15.846918107999954],[-73.09149935699992,-15.850517232999948],[-73.09233860699993,-15.855298982999898],[-73.09209448299998,-15.858750357999895],[-73.08893585699991,-15.862173982999934],[-73.08547210699987,-15.862297107999836],[-73.08197785699986,-15.865798982999934],[-73.07485960699995,-15.868402482999954],[-73.06959535699991,-15.868427232999977],[-73.06470485799991,-15.869259857999964],[-73.06093598299992,-15.870978357999945],[-73.05702973199993,-15.87069510899994],[-73.05570223299998,-15.86848835799998],[-73.05059810699998,-15.866599983999947],[-73.04767598299998,-15.867349608999973],[-73.04544073299996,-15.865802732999896],[-73.04455560799988,-15.862695733999942],[-73.04517360799997,-15.858675982999898],[-73.04407498199998,-15.855882608999877],[-73.04003910699993,-15.853781732999948],[-73.03030398299995,-15.844931607999968],[-73.02661135699992,-15.843543107999949],[-73.0227584829999,-15.844109482999897],[-73.01762385799998,-15.847517982999932],[-73.01441198199996,-15.84876348399996],[-73.00691223199993,-15.849029483999857],[-73.00318923299989,-15.848081608999962],[-73.00188448199987,-15.84904485899989],[-72.99857323299989,-15.854087857999957],[-72.99517823299993,-15.854304358999855],[-72.99098210699992,-15.857334107999975],[-72.98865510699994,-15.861333858999899]]]]},"properties":{"ubigeo":"040608","nombre":"RIO GRANDE"}},{"type":"Feature","geometry":{"type":"MultiPolygon","coordinates":[[[[-71.66697698099995,-16.7016334839999],[-71.66641235599997,-16.705062858999952],[-71.66728210699989,-16.708641108999927],[-71.67203523099988,-16.713874858999873],[-71.66763310599998,-16.722381608999854],[-71.66806798099998,-16.725564983999902],[-71.67156223199993,-16.729143108999835],[-71.67195135599997,-16.734245234999946],[-71.6749572309999,-16.740440358999933],[-71.67500310599996,-16.74458310899996],[-71.67679598099988,-16.749032983999825],[-71.67696385599993,-16.752262109999947],[-71.67880248199998,-16.756145483999887],[-71.67875673099996,-16.762206983999874],[-71.67761998099996,-16.767616234999878],[-71.67787935599989,-16.77250285899993],[-71.67964935599997,-16.778039983999918],[-71.67778773099997,-16.785140983999952],[-71.67829135599999,-16.78905873399998],[-71.68058773099983,-16.791967359999944],[-71.68132785599994,-16.794765483999925],[-71.68641660599991,-16.802093483999897],[-71.69025423099993,-16.8028526089999],[-71.69570148099996,-16.806636858999923],[-71.69718935599997,-16.810134858999902],[-71.69721235699984,-16.815658483999982],[-71.69924923199989,-16.819780358999935],[-71.69848648099992,-16.8237514839999],[-71.69857023199984,-16.828172733999963],[-71.70037835599987,-16.831151983999973],[-71.70093535599995,-16.83445735899994],[-71.70093535599995,-16.840370233999863],[-71.7017593569999,-16.84498023499998],[-71.70287323099996,-16.846454609999967],[-71.70319360699995,-16.84993173399988],[-71.70648198099997,-16.855548859999942],[-71.70399473099997,-16.866912858999967],[-71.70236973099998,-16.86921498399994],[-71.70084385599995,-16.87340548399993],[-71.69840998199999,-16.87541773499987],[-71.69577785599989,-16.888175984999975],[-71.69416048099993,-16.88999748499998],[-71.69284060599995,-16.893497484999955],[-71.69427485599988,-16.894788733999917],[-71.69328310599997,-16.89837648399987],[-71.6947784809999,-16.900234233999925],[-71.69507598099989,-16.905008358999964],[-71.69761660599988,-16.905324984999936],[-71.70098110599992,-16.903987859999972],[-71.70668035599994,-16.903243984999904],[-71.70771785599999,-16.89993473499993],[-71.71546935599997,-16.89814760899992],[-71.72053523099993,-16.89635848399996],[-71.72190098099986,-16.89522935899987],[-71.72827910599995,-16.894988984999884],[-71.7316207319999,-16.89361948499993],[-71.73456573099998,-16.89081185899994],[-71.73625185599985,-16.8862533599999],[-71.73773960599993,-16.884221983999964],[-71.74258423199996,-16.88259123399996],[-71.74544523099996,-16.8793124849999],[-71.75045773099993,-16.878955858999973],[-71.75730898199998,-16.88354498399997],[-71.76046748199991,-16.886705358999905],[-71.76094823099999,-16.889028608999922],[-71.76428223199997,-16.892307233999873],[-71.76845548199992,-16.898267733999944],[-71.77686310599995,-16.904048859999875],[-71.78119660699997,-16.908109609999883],[-71.79045110599998,-16.9146366089999],[-71.79441835599988,-16.91169923399997],[-71.80094148099994,-16.912118858999975],[-71.80433660599994,-16.90803723399995],[-71.80680085699998,-16.906053483999926],[-71.80986785699992,-16.8989963599999],[-71.8190994819999,-16.893732109999974],[-71.82032010599994,-16.886177108999902],[-71.82489773199995,-16.88167760999994],[-71.82772060699995,-16.877099983999813],[-71.8316116069999,-16.87614635999995],[-71.83695223099994,-16.873817484999904],[-71.84416185599997,-16.873208983999916],[-71.84982298199992,-16.870878233999974],[-71.85111235599993,-16.867849358999933],[-71.85356898099997,-16.871547733999876],[-71.85790248199999,-16.87271685999997],[-71.85874935599998,-16.87710185899988],[-71.86161035599991,-16.878793734999874],[-71.86208348099996,-16.881107358999827],[-71.86483760599987,-16.883546858999978],[-71.86858373099994,-16.884708359999877],[-71.87348935699993,-16.890710858999967],[-71.87695310599997,-16.891797984999926],[-71.87882998099997,-16.89602273399987],[-71.87693023099996,-16.89704510899992],[-71.87359623099996,-16.902111109999964],[-71.8712768559999,-16.903921109999885],[-71.87129960599992,-16.906410234999953],[-71.87481685699998,-16.91046148499987],[-71.87574773199998,-16.912862733999873],[-71.8749618569999,-16.915340483999955],[-71.87209335599988,-16.91828348499996],[-71.87327573199991,-16.92306135999985],[-71.87252810699988,-16.92662435899996],[-71.87079623199992,-16.92801660999993],[-71.86751560599993,-16.932578983999974],[-71.86595910599993,-16.932935733999898],[-71.86260985699994,-16.937219734999815],[-71.86128998099997,-16.942419108999957],[-71.85372923099993,-16.947944608999876],[-71.85264585599998,-16.95124248499991],[-71.85317998099987,-16.95447160899994],[-71.8515929809999,-16.957469984999932],[-71.85236360699992,-16.961698484999943],[-71.85190585699996,-16.96380423499994],[-71.85644535599994,-16.970935858999894],[-71.85984023099991,-16.97185898399988],[-71.86770635599999,-16.97210698399988],[-71.86956785699994,-16.974220233999972],[-71.87163548099994,-16.9800968589999],[-71.87742623199995,-16.98322298499994],[-71.87941748099996,-16.985170358999937],[-71.87921148099997,-16.988044733999914],[-71.8824921069999,-16.990852358999973],[-71.88513948199994,-16.99506373399987],[-71.88501735599993,-16.997785608999948],[-71.88988498099991,-17.000957484999958],[-71.88967898199991,-17.003425609999965],[-71.89209748199983,-17.01020048399988],[-71.89554598099994,-17.014318484999933],[-71.89710998099997,-17.018957108999928],[-71.90038298099995,-17.021041859999855],[-71.9006118559999,-17.02319335999988],[-71.90473935599988,-17.02401923399998],[-71.90637210699998,-17.027385609999897],[-71.90937798199991,-17.02790835899998],[-71.91168210599994,-17.03000073499993],[-71.91375735599996,-17.03028885999987],[-71.91549685699994,-17.032323859999963],[-71.91661073099982,-17.035726609999926],[-71.91995235699989,-17.03716473399993],[-71.92240910699996,-17.03941723499986],[-71.92692560599983,-17.041459983999857],[-71.92941285599983,-17.044328734999965],[-71.92908473099993,-17.04613298399994],[-71.9317551069999,-17.051698733999956],[-71.93521123199997,-17.05239873499994],[-71.94075010699987,-17.055885358999944],[-71.94156648099994,-17.062248234999913],[-71.94850160599998,-17.0676269839999],[-71.96157073099994,-17.059261358999947],[-71.97690585599992,-17.049938234999956],[-71.98328398199999,-17.046964483999943],[-71.99677273099996,-17.03942485899995],[-72.00311273099999,-17.03624723499985],[-72.0087967309999,-17.03435710899987],[-72.01362610699988,-17.031770733999906],[-72.01641085699993,-17.03286935999995],[-72.01763910599993,-17.028461484999923],[-72.02004248199995,-17.0265159839999],[-72.02227785699995,-17.026473984999882],[-72.02259823199984,-17.023300109999923],[-72.02564998199989,-17.021360358999914],[-72.02994523199993,-17.023569109999983],[-72.03173823099996,-17.021686608999914],[-72.03495023199997,-17.02108385899993],[-72.03899385599988,-17.01733973399996],[-72.04669948199995,-17.01801110899993],[-72.04812623199996,-17.01623348499993],[-72.05017848099999,-17.01284785899992],[-72.04919435599993,-17.00816735899997],[-72.04930873099988,-17.004680608999877],[-72.04609685599996,-16.999620483999877],[-72.04918673099985,-16.993202233999966],[-72.04995723199983,-16.98659510899995],[-72.05398560699996,-16.980062483999916],[-72.05406185699997,-16.976812233999908],[-72.05567173199995,-16.97482873499996],[-72.05569460699996,-16.970003109999823],[-72.05284123199988,-16.965574233999916],[-72.05198673199999,-16.96129423399998],[-72.05330660699991,-16.95911210999992],[-72.0526581069999,-16.95138723499997],[-72.05395510699992,-16.94824598499997],[-72.05409985599994,-16.94342998399992],[-72.05644985699996,-16.941976609999926],[-72.05550385599992,-16.939744983999958],[-72.05214685699997,-16.936757984999872],[-72.05181123199992,-16.932550484999922],[-72.04942323099988,-16.930608734999907],[-72.05146023199984,-16.925846109999952],[-72.05058285599989,-16.922542609999937],[-72.04732510699989,-16.92109298399987],[-72.04823298199989,-16.918573359999925],[-72.0469054809999,-16.917251608999834],[-72.04611973099992,-16.913662109999905],[-72.04214473199994,-16.908929858999954],[-72.04042048199989,-16.901779234999935],[-72.03944398199991,-16.901014358999817],[-72.03598785699995,-16.888055858999905],[-72.03239435599988,-16.88368610999993],[-72.0259933559999,-16.87962535899993],[-72.0250854809999,-16.87771610899989],[-72.02582548199996,-16.873350108999944],[-72.02062985699996,-16.858056983999973],[-72.00518798199994,-16.81178860899996],[-72.00264735599995,-16.80666923399997],[-72.0002059819999,-16.80474660899995],[-71.99670410699997,-16.799554859999887],[-71.9880523569999,-16.785331734999886],[-71.9794387309999,-16.773490858999935],[-71.96955110599998,-16.75939748399992],[-71.96003723099989,-16.74664110899988],[-71.95488735599997,-16.738878233999912],[-71.94627385699994,-16.726877233999915],[-71.93894960599994,-16.71608735899997],[-71.93307498099995,-16.70845798399995],[-71.92423248099993,-16.696062108999968],[-71.91663360599995,-16.686006483999904],[-71.90996548199996,-16.675044983999953],[-71.90514373199994,-16.679706609999926],[-71.89698023199998,-16.688247609999905],[-71.88351448099996,-16.700956358999917],[-71.87072748099996,-16.71343423399992],[-71.86994935599995,-16.734741234999944],[-71.87007898099995,-16.743287983999835],[-71.86946110599996,-16.75704585899996],[-71.86932373099995,-16.766155233999882],[-71.86978910599993,-16.77419085899993],[-71.86950698099992,-16.785982109999964],[-71.76523585699994,-16.708244358999934],[-71.75480648099995,-16.7010249839999],[-71.74800873099997,-16.698228858999926],[-71.74439998199989,-16.698142983999844],[-71.73908998099995,-16.700035109999817],[-71.73442835699996,-16.700538608999977],[-71.72447210599995,-16.699655483999948],[-71.71035760599989,-16.699279733999845],[-71.70300298099994,-16.69858735899993],[-71.69902035699994,-16.69896310899992],[-71.69158935699988,-16.700601608999875],[-71.68616485699988,-16.702743483999882],[-71.68024448099993,-16.70236585899994],[-71.67455285699992,-16.703676233999886],[-71.67287448099995,-16.705694233999964],[-71.67094423099996,-16.705694233999964],[-71.66697698099995,-16.7016334839999]]]]},"properties":{"ubigeo":"040701","nombre":"MOLLENDO"}},{"type":"Feature","geometry":{"type":"MultiPolygon","coordinates":[[[[-71.48122410599984,-16.763805358999946],[-71.47667698099991,-16.764869733999944],[-71.46952060599995,-16.762405359999946],[-71.46524048199996,-16.762004858999944],[-71.46270748099994,-16.75710485899998],[-71.46055598099991,-16.756607233999887],[-71.45705410599999,-16.75855060899994],[-71.45457460599994,-16.756435359999898],[-71.45370485599989,-16.75161935899996],[-71.45207973099991,-16.748441733999925],[-71.45233148099987,-16.746396983999944],[-71.45571898099985,-16.742069234999974],[-71.45276635599998,-16.73362160899984],[-71.44674685599983,-16.73122023399992],[-71.44063573099999,-16.730392483999935],[-71.42858885599998,-16.738824858999862],[-71.42592623099983,-16.741376858999956],[-71.42771135599992,-16.747373608999908],[-71.4296798559999,-16.751335108999967],[-71.42935185599993,-16.75527760999995],[-71.43035123099992,-16.757022858999903],[-71.43039698099989,-16.760395108999887],[-71.42846685599989,-16.766277233999915],[-71.42856598099985,-16.771730484999864],[-71.42938998099999,-16.774732608999898],[-71.43311310599995,-16.780254358999912],[-71.43357085599996,-16.78274348499997],[-71.43255610599994,-16.785469108999905],[-71.43442535599996,-16.79079435899996],[-71.43641660599997,-16.79301073399995],[-71.43687435599992,-16.79688835899998],[-71.44169610599988,-16.80054660899998],[-71.44430548099996,-16.80467410899996],[-71.4438858559999,-16.808004358999938],[-71.44458773099996,-16.817388483999935],[-71.44334410599993,-16.821281483999883],[-71.44322973099997,-16.825969733999955],[-71.44244385599995,-16.82854860899988],[-71.43874360599995,-16.83122448399996],[-71.43830110699992,-16.833103233999964],[-71.43576048099993,-16.835313983999924],[-71.44113923099991,-16.841043484999943],[-71.44203185599997,-16.843547859999944],[-71.44129948099993,-16.848453483999947],[-71.44155885599992,-16.85372548499987],[-71.44078823099994,-16.85768510899993],[-71.44121548099992,-16.86119848499993],[-71.44063573099999,-16.86522673399992],[-71.43877410599998,-16.86874385899995],[-71.43846898099997,-16.871484858999906],[-71.43697360599998,-16.873628609999912],[-71.43590560599995,-16.87894823399995],[-71.43348698099987,-16.88266373499988],[-71.43304448099985,-16.88487248499996],[-71.43033610599991,-16.88880160899987],[-71.42420948099988,-16.893352484999923],[-71.42248535599998,-16.896398483999974],[-71.42458348099996,-16.90215298399994],[-71.4254913559999,-16.90638335899996],[-71.42543035599994,-16.913509359999978],[-71.42440035599998,-16.918313983999894],[-71.42566685599996,-16.921636608999904],[-71.43119048099993,-16.92653660999997],[-71.43470760599996,-16.927865984999926],[-71.43974298099994,-16.92756848399989],[-71.44186398099993,-16.929265983999926],[-71.44132235599989,-16.932466484999964],[-71.44805910599996,-16.932184233999976],[-71.45596298099997,-16.934186984999883],[-71.46047210599994,-16.938381234999895],[-71.46028898099996,-16.943885859999966],[-71.46534723099995,-16.949050858999954],[-71.46594235599991,-16.95056910999989],[-71.46361535599993,-16.95727360899997],[-71.45954148099992,-16.960819234999974],[-71.45416260599995,-16.960758233999968],[-71.44826510599995,-16.959197984999946],[-71.44488523099989,-16.95647623399998],[-71.43897248099995,-16.95729260999991],[-71.43435673099998,-16.960294733999888],[-71.43128985599998,-16.960447359999932],[-71.42857360599993,-16.959403983999835],[-71.42209623099984,-16.955079984999827],[-71.41770173099997,-16.95460323499998],[-71.41446685599988,-16.955717108999977],[-71.41009523099996,-16.954349484999966],[-71.40579223099996,-16.95583535999998],[-71.40358735599989,-16.95764160999994],[-71.40183260599991,-16.96051785999998],[-71.40263360599994,-16.96726035899991],[-71.40129848099997,-16.96984673499992],[-71.39463048099998,-16.9734039839999],[-71.39083098099985,-16.97806935899996],[-71.39092260599995,-16.9804916089999],[-71.39292148099997,-16.981780984999887],[-71.39511873099997,-16.98497198399997],[-71.39454648099996,-16.988979359999973],[-71.39488210599995,-16.99284935899982],[-71.39379123099991,-16.99771498499996],[-71.39134223099995,-16.999248483999907],[-71.38916010599996,-17.00250048399988],[-71.38865660599998,-17.007368109999845],[-71.38713073099996,-17.012212733999945],[-71.38764948099987,-17.014554983999858],[-71.38461298099998,-17.02111048399985],[-71.37721248099996,-17.02054223399989],[-71.37233735599995,-17.019037234999814],[-71.37102510599988,-17.0161667349999],[-71.3667068559999,-17.014320358999896],[-71.36490635599995,-17.014461483999924],[-71.36515823099995,-17.017994108999915],[-71.36321260599988,-17.020561234999946],[-71.35960385599998,-17.02353285999982],[-71.35424810599989,-17.025161734999926],[-71.34848023099994,-17.024740234999967],[-71.34150698099995,-17.021617734999893],[-71.33942410599991,-17.02175898399986],[-71.33625035599994,-17.02698885999996],[-71.33122247999995,-17.033288984999956],[-71.32037348099982,-17.040018109999835],[-71.31905360599995,-17.041454358999943],[-71.31896973099992,-17.04421048399996],[-71.32431035599996,-17.052289983999913],[-71.32581335599997,-17.05639648499988],[-71.32830048099987,-17.059469234999938],[-71.33226010599992,-17.0599347349999],[-71.33811185599995,-17.064859358999968],[-71.34256748099995,-17.066253608999943],[-71.34574885599989,-17.065362983999876],[-71.34989923099994,-17.06261060999998],[-71.35602573099999,-17.068502484999954],[-71.36385348099998,-17.0724963589999],[-71.36680598099991,-17.073093359999916],[-71.37223810599988,-17.072898858999906],[-71.37926485599996,-17.078224234999823],[-71.3847579809999,-17.080694233999907],[-71.3885346059999,-17.081655484999942],[-71.39107510599996,-17.083646734999945],[-71.39738460599995,-17.086255983999934],[-71.40383910599996,-17.092021984999974],[-71.40734098099995,-17.093326609999906],[-71.41152948099995,-17.097993859999974],[-71.41537485599997,-17.10486035899993],[-71.41971585599998,-17.10652935899992],[-71.42548373099999,-17.102876609999953],[-71.43028260599993,-17.101350734999983],[-71.43475348099986,-17.09926798499987],[-71.43882748099998,-17.096336358999963],[-71.44080335599995,-17.093595484999923],[-71.44781498099991,-17.092512109999916],[-71.45495610599994,-17.089643483999964],[-71.4647142309999,-17.08935160999988],[-71.46983335599998,-17.087562609999964],[-71.47386935599997,-17.083785983999917],[-71.47886660599983,-17.08193773399995],[-71.48202523199996,-17.07719610999993],[-71.48416898099998,-17.077552734999927],[-71.48914335599994,-17.082258108999895],[-71.49301148099983,-17.083118483999954],[-71.49616235599996,-17.081815734999964],[-71.50211335599994,-17.082160983999927],[-71.50890348099995,-17.080875358999947],[-71.51469423099991,-17.07922173499992],[-71.52323910599995,-17.07821848499998],[-71.53211210599994,-17.077817859999925],[-71.54038235599995,-17.0764026089999],[-71.54937748099991,-17.075843858999974],[-71.56031035599989,-17.076421733999894],[-71.56587985599992,-17.07259560999995],[-71.56816098099995,-17.071655234999866],[-71.57469923099984,-17.070762608999814],[-71.58224485599993,-17.06922335999991],[-71.59048460599996,-17.074293108999882],[-71.59317785599995,-17.07674985899996],[-71.59569548099995,-17.08031648399998],[-71.59687048099994,-17.084323858999937],[-71.59956360599995,-17.085567483999966],[-71.61614985599994,-17.086396984999965],[-71.62181848099993,-17.088056609999967],[-71.62519835599988,-17.090681109999935],[-71.62962335599991,-17.092132609999965],[-71.63563535699996,-17.092029609999884],[-71.64254760699998,-17.09114460899991],[-71.64690398199991,-17.091638608999972],[-71.65050510599997,-17.090812608999897],[-71.65342710599998,-17.086416234999945],[-71.65668485599997,-17.086198859999968],[-71.65956110599996,-17.088258734999897],[-71.66172035599988,-17.092908859999966],[-71.66853335599995,-17.099168859999963],[-71.67327885599985,-17.101493859999948],[-71.67712398099997,-17.10257910999985],[-71.6800079809999,-17.101617858999873],[-71.68617248099997,-17.097896608999918],[-71.69036098099997,-17.09848598399992],[-71.69751735599993,-17.09761810999987],[-71.70503998099991,-17.09518810999998],[-71.70762635699998,-17.09570685999995],[-71.71267698199995,-17.098245609999935],[-71.71700285599997,-17.103010233999896],[-71.71755223199995,-17.10879323499995],[-71.71891023099994,-17.112058609999906],[-71.72098535699996,-17.112169233999907],[-71.72155760699997,-17.109268233999956],[-71.72307585599998,-17.108678734999955],[-71.72349548099999,-17.113370858999872],[-71.72951510599995,-17.111959483999897],[-71.73719023099994,-17.112697484999956],[-71.74042510599992,-17.11425398399996],[-71.74388873099997,-17.118442483999843],[-71.74670410699986,-17.11978335999993],[-71.75216673099993,-17.120927859999938],[-71.7565536059999,-17.11914248399995],[-71.76487735599994,-17.116624859999888],[-71.7790069809999,-17.11126135899997],[-71.7817229819999,-17.10967635999998],[-71.78572085599995,-17.100843484999928],[-71.79122923199998,-17.098337234999974],[-71.79293060599997,-17.095273983999903],[-71.79098510599994,-17.090198483999814],[-71.79011535699993,-17.08394998499989],[-71.78671260699991,-17.074945484999944],[-71.78318785599998,-17.070239983999898],[-71.78151698199991,-17.067024234999963],[-71.78086085599989,-17.061485233999917],[-71.78219610699989,-17.05699735999997],[-71.78281398099995,-17.051612859999977],[-71.78841410699994,-17.03753473499995],[-71.78903198199998,-17.03242873499994],[-71.79212948099996,-17.031223359999842],[-71.79460148199996,-17.031345359999875],[-71.79779048199993,-17.032985734999897],[-71.80117035599989,-17.032243734999952],[-71.8086471069999,-17.03379073399998],[-71.81493373099994,-17.03208735899983],[-71.82310485699992,-17.031068858999845],[-71.82981873099999,-17.030759858999943],[-71.83308410699988,-17.02210998499993],[-71.8321076069999,-17.017084109999928],[-71.82878110699994,-17.01516910899994],[-71.82781985699995,-17.011173233999898],[-71.82632448099997,-17.00931360999988],[-71.82522585599992,-17.001785234999943],[-71.82621748199989,-16.998912858999972],[-71.82474523099995,-16.99749560999993],[-71.82647710599997,-16.994844484999874],[-71.82492823099989,-16.992322859999945],[-71.81717685699982,-16.989448609999897],[-71.81365960599993,-16.983871484999952],[-71.81218723199999,-16.97928623399997],[-71.81257635599991,-16.977813734999927],[-71.8169097309999,-16.974370983999904],[-71.81978610599998,-16.968675609999934],[-71.82569873199998,-16.96832273399997],[-71.83019273099984,-16.967472108999914],[-71.83525848199992,-16.96552660899988],[-71.83769985599997,-16.96389385999987],[-71.84271235599994,-16.96275523399993],[-71.84680173099997,-16.960378733999903],[-71.85236360699992,-16.961698484999943],[-71.8515929809999,-16.957469984999932],[-71.85317998099987,-16.95447160899994],[-71.85264585599998,-16.95124248499991],[-71.85372923099993,-16.947944608999876],[-71.86128998099997,-16.942419108999957],[-71.86260985699994,-16.937219734999815],[-71.86595910599993,-16.932935733999898],[-71.86751560599993,-16.932578983999974],[-71.87079623199992,-16.92801660999993],[-71.87252810699988,-16.92662435899996],[-71.87327573199991,-16.92306135999985],[-71.87209335599988,-16.91828348499996],[-71.8749618569999,-16.915340483999955],[-71.87574773199998,-16.912862733999873],[-71.87481685699998,-16.91046148499987],[-71.87129960599992,-16.906410234999953],[-71.8712768559999,-16.903921109999885],[-71.87359623099996,-16.902111109999964],[-71.87693023099996,-16.89704510899992],[-71.87882998099997,-16.89602273399987],[-71.87695310599997,-16.891797984999926],[-71.87348935699993,-16.890710858999967],[-71.86858373099994,-16.884708359999877],[-71.86483760599987,-16.883546858999978],[-71.86208348099996,-16.881107358999827],[-71.86161035599991,-16.878793734999874],[-71.85874935599998,-16.87710185899988],[-71.85790248199999,-16.87271685999997],[-71.85356898099997,-16.871547733999876],[-71.85111235599993,-16.867849358999933],[-71.84982298199992,-16.870878233999974],[-71.84416185599997,-16.873208983999916],[-71.83695223099994,-16.873817484999904],[-71.8316116069999,-16.87614635999995],[-71.82772060699995,-16.877099983999813],[-71.82489773199995,-16.88167760999994],[-71.82032010599994,-16.886177108999902],[-71.8190994819999,-16.893732109999974],[-71.80986785699992,-16.8989963599999],[-71.80680085699998,-16.906053483999926],[-71.80433660599994,-16.90803723399995],[-71.80094148099994,-16.912118858999975],[-71.79441835599988,-16.91169923399997],[-71.79045110599998,-16.9146366089999],[-71.78119660699997,-16.908109609999883],[-71.77686310599995,-16.904048859999875],[-71.76845548199992,-16.898267733999944],[-71.76428223199997,-16.892307233999873],[-71.76094823099999,-16.889028608999922],[-71.76046748199991,-16.886705358999905],[-71.75730898199998,-16.88354498399997],[-71.75045773099993,-16.878955858999973],[-71.74544523099996,-16.8793124849999],[-71.74258423199996,-16.88259123399996],[-71.73773960599993,-16.884221983999964],[-71.73625185599985,-16.8862533599999],[-71.73456573099998,-16.89081185899994],[-71.7316207319999,-16.89361948499993],[-71.72827910599995,-16.894988984999884],[-71.72190098099986,-16.89522935899987],[-71.72053523099993,-16.89635848399996],[-71.71546935599997,-16.89814760899992],[-71.70771785599999,-16.89993473499993],[-71.70668035599994,-16.903243984999904],[-71.70098110599992,-16.903987859999972],[-71.69761660599988,-16.905324984999936],[-71.69507598099989,-16.905008358999964],[-71.6947784809999,-16.900234233999925],[-71.69328310599997,-16.89837648399987],[-71.69427485599988,-16.894788733999917],[-71.69284060599995,-16.893497484999955],[-71.69416048099993,-16.88999748499998],[-71.69577785599989,-16.888175984999975],[-71.69840998199999,-16.87541773499987],[-71.70084385599995,-16.87340548399993],[-71.70236973099998,-16.86921498399994],[-71.70399473099997,-16.866912858999967],[-71.70648198099997,-16.855548859999942],[-71.70319360699995,-16.84993173399988],[-71.70287323099996,-16.846454609999967],[-71.7017593569999,-16.84498023499998],[-71.70093535599995,-16.840370233999863],[-71.70093535599995,-16.83445735899994],[-71.70037835599987,-16.831151983999973],[-71.69857023199984,-16.828172733999963],[-71.69848648099992,-16.8237514839999],[-71.69924923199989,-16.819780358999935],[-71.69721235699984,-16.815658483999982],[-71.69718935599997,-16.810134858999902],[-71.69570148099996,-16.806636858999923],[-71.69025423099993,-16.8028526089999],[-71.68641660599991,-16.802093483999897],[-71.68132785599994,-16.794765483999925],[-71.68058773099983,-16.791967359999944],[-71.67829135599999,-16.78905873399998],[-71.67778773099997,-16.785140983999952],[-71.67964935599997,-16.778039983999918],[-71.67787935599989,-16.77250285899993],[-71.67761998099996,-16.767616234999878],[-71.67875673099996,-16.762206983999874],[-71.67880248199998,-16.756145483999887],[-71.67696385599993,-16.752262109999947],[-71.67679598099988,-16.749032983999825],[-71.67500310599996,-16.74458310899996],[-71.6749572309999,-16.740440358999933],[-71.67195135599997,-16.734245234999946],[-71.67156223199993,-16.729143108999835],[-71.66806798099998,-16.725564983999902],[-71.66763310599998,-16.722381608999854],[-71.67203523099988,-16.713874858999873],[-71.66728210699989,-16.708641108999927],[-71.66641235599997,-16.705062858999952],[-71.66697698099995,-16.7016334839999],[-71.65964510599997,-16.70120235899992],[-71.65324398099995,-16.698385233999886],[-71.65212248099988,-16.69618223499998],[-71.64932248099984,-16.694950108999876],[-71.64678198099995,-16.695699733999902],[-71.64119723099998,-16.701345483999944],[-71.64132685599998,-16.70476160999982],[-71.63882448099997,-16.704437233999897],[-71.63782498199993,-16.69891735899995],[-71.63256073099996,-16.692893983999966],[-71.63172910699996,-16.689500858999963],[-71.62873073099996,-16.68368335899993],[-71.6203689809999,-16.681907608999893],[-71.61572273099995,-16.683298108999907],[-71.61228185599992,-16.683135983999932],[-71.6093673559999,-16.683978983999964],[-71.60655973099995,-16.68316835899992],[-71.60353848099999,-16.68593785899992],[-71.5987701059999,-16.68780523399988],[-71.59368898099996,-16.686580609999908],[-71.58384723099994,-16.691095358999974],[-71.58151248099995,-16.692958858999873],[-71.57484435599986,-16.69595723499998],[-71.57372285599996,-16.699302733999957],[-71.57155610599983,-16.699491484999953],[-71.56915285599996,-16.69726748399995],[-71.56524660599996,-16.695646233999923],[-71.55973048199996,-16.68928723399995],[-71.55464935599991,-16.684278483999947],[-71.54512023099994,-16.6893081099999],[-71.54070285599983,-16.695396483999957],[-71.53725423099996,-16.698114359999977],[-71.53547673099996,-16.70075610899994],[-71.53472135599998,-16.709077858999876],[-71.53383635699993,-16.71105760899991],[-71.5306014819999,-16.713235983999937],[-71.52985373099995,-16.717809733999957],[-71.5309601059999,-16.72228810999991],[-71.53134160599996,-16.7285996089999],[-71.52983860599994,-16.733045608999873],[-71.52844235599997,-16.734682108999834],[-71.52317810599993,-16.73525810899997],[-71.51581573099998,-16.740169483999978],[-71.51285548099992,-16.74504285899991],[-71.5149002309999,-16.751367608999885],[-71.51268773099997,-16.75391385899991],[-71.51029210699994,-16.758659358999978],[-71.50777435599997,-16.75921635899988],[-71.50469210599994,-16.762302358999932],[-71.5031814809999,-16.764871608999897],[-71.50061798099989,-16.766618733999962],[-71.49268335699992,-16.767856609999967],[-71.49079135599999,-16.76673123399985],[-71.48122410599984,-16.763805358999946]]]]},"properties":{"ubigeo":"040702","nombre":"COCACHACRA"}},{"type":"Feature","geometry":{"type":"MultiPolygon","coordinates":[[[[-71.7565536059999,-17.11914248399995],[-71.75949098199993,-17.12317660999986],[-71.76523585599983,-17.129014983999923],[-71.77053073199988,-17.133287484999926],[-71.77552048199982,-17.135562858999833],[-71.77962498099998,-17.135463734999973],[-71.78283685599996,-17.138082484999927],[-71.78758235699996,-17.140256858999976],[-71.79109198099991,-17.14109798499993],[-71.79810335699995,-17.14457898399985],[-71.79917148199996,-17.14808848499996],[-71.80558010599998,-17.15291210999993],[-71.80815110699996,-17.154050859999927],[-71.81655123199994,-17.1517257349999],[-71.82006073199994,-17.15568160999993],[-71.82540135599999,-17.156026859999884],[-71.82727810599982,-17.159143484999845],[-71.83168035599994,-17.16171260899995],[-71.83425135699991,-17.161958608999953],[-71.83682248099996,-17.159637484999962],[-71.83924098099993,-17.159191109999938],[-71.84072873199995,-17.16146473499998],[-71.84008023099994,-17.165765734999923],[-71.83833310599994,-17.170263233999833],[-71.84164423099992,-17.169374484999935],[-71.84452060599995,-17.167034109999975],[-71.84767910599999,-17.166343734999884],[-71.85772710599997,-17.158866859999932],[-71.87017823199994,-17.147212983999907],[-71.87791448099995,-17.13965985999988],[-71.88047785599997,-17.136335358999872],[-71.88606248199989,-17.131229358999917],[-71.89252298099996,-17.124094234999916],[-71.88284298199989,-17.116125108999938],[-71.8839263559999,-17.112047234999977],[-71.88315573199992,-17.1085319849999],[-71.87850948099998,-17.102024108999956],[-71.87781523099983,-17.093633609999927],[-71.87986760699982,-17.092746734999878],[-71.88208773199995,-17.087123859999963],[-71.88425448199996,-17.084505109999895],[-71.88393398199992,-17.08072285999998],[-71.87792973199998,-17.077106483999955],[-71.87752535599998,-17.07553298499988],[-71.87894435599998,-17.070077859999913],[-71.87734223099994,-17.065179859999944],[-71.87115473099993,-17.063575734999972],[-71.86545560599984,-17.060192108999956],[-71.86429585699989,-17.058698608999862],[-71.86240385699995,-17.053468734999967],[-71.86271673099998,-17.048198733999982],[-71.85546123099988,-17.042179108999846],[-71.85245510699991,-17.041845359999854],[-71.84793085599995,-17.037057858999958],[-71.83953860699995,-17.03380773399988],[-71.82981873099999,-17.030759858999943],[-71.82310485699992,-17.031068858999845],[-71.81493373099994,-17.03208735899983],[-71.8086471069999,-17.03379073399998],[-71.80117035599989,-17.032243734999952],[-71.79779048199993,-17.032985734999897],[-71.79460148199996,-17.031345359999875],[-71.79212948099996,-17.031223359999842],[-71.78903198199998,-17.03242873499994],[-71.78841410699994,-17.03753473499995],[-71.78281398099995,-17.051612859999977],[-71.78219610699989,-17.05699735999997],[-71.78086085599989,-17.061485233999917],[-71.78151698199991,-17.067024234999963],[-71.78318785599998,-17.070239983999898],[-71.78671260699991,-17.074945484999944],[-71.79011535699993,-17.08394998499989],[-71.79098510599994,-17.090198483999814],[-71.79293060599997,-17.095273983999903],[-71.79122923199998,-17.098337234999974],[-71.78572085599995,-17.100843484999928],[-71.7817229819999,-17.10967635999998],[-71.7790069809999,-17.11126135899997],[-71.76487735599994,-17.116624859999888],[-71.7565536059999,-17.11914248399995]]]]},"properties":{"ubigeo":"040703","nombre":"DEAN VALDIVIA"}},{"type":"Feature","geometry":{"type":"MultiPolygon","coordinates":[[[[-71.99670410699997,-16.799554859999887],[-72.0002059819999,-16.80474660899995],[-72.00264735599995,-16.80666923399997],[-72.00518798199994,-16.81178860899996],[-72.02062985699996,-16.858056983999973],[-72.02582548199996,-16.873350108999944],[-72.0250854809999,-16.87771610899989],[-72.0259933559999,-16.87962535899993],[-72.03239435599988,-16.88368610999993],[-72.03598785699995,-16.888055858999905],[-72.03944398199991,-16.901014358999817],[-72.04042048199989,-16.901779234999935],[-72.04214473199994,-16.908929858999954],[-72.04611973099992,-16.913662109999905],[-72.0469054809999,-16.917251608999834],[-72.04823298199989,-16.918573359999925],[-72.04732510699989,-16.92109298399987],[-72.05058285599989,-16.922542609999937],[-72.05146023199984,-16.925846109999952],[-72.04942323099988,-16.930608734999907],[-72.05181123199992,-16.932550484999922],[-72.05214685699997,-16.936757984999872],[-72.05550385599992,-16.939744983999958],[-72.05644985699996,-16.941976609999926],[-72.05409985599994,-16.94342998399992],[-72.05395510699992,-16.94824598499997],[-72.0526581069999,-16.95138723499997],[-72.05330660699991,-16.95911210999992],[-72.05198673199999,-16.96129423399998],[-72.05284123199988,-16.965574233999916],[-72.05569460699996,-16.970003109999823],[-72.05567173199995,-16.97482873499996],[-72.05406185699997,-16.976812233999908],[-72.05398560699996,-16.980062483999916],[-72.04995723199983,-16.98659510899995],[-72.04918673099985,-16.993202233999966],[-72.04609685599996,-16.999620483999877],[-72.04930873099988,-17.004680608999877],[-72.04919435599993,-17.00816735899997],[-72.05017848099999,-17.01284785899992],[-72.04812623199996,-17.01623348499993],[-72.04956823099997,-17.020370484999887],[-72.05092623099989,-17.019243234999976],[-72.05617523199987,-17.018304859999944],[-72.06702423099995,-17.02182773399994],[-72.07167048199994,-17.02055935899989],[-72.07357023199995,-17.022363609999957],[-72.07615660699997,-17.021160108999936],[-72.07885748199988,-17.01739873399987],[-72.08343510599991,-17.017154734999906],[-72.08639523199997,-17.015493359999937],[-72.08789060599997,-17.01267435999995],[-72.08998885699987,-17.012926108999977],[-72.09516135699982,-17.011993359999906],[-72.09875485699996,-17.014440484999966],[-72.10352323199999,-17.014726608999922],[-72.10428623099995,-17.01642610899995],[-72.10847473099994,-17.014522608999926],[-72.1119156069999,-17.01588060899985],[-72.11299898099992,-17.014160109999978],[-72.1118011069999,-17.010644859999957],[-72.11273198199996,-17.00583648399993],[-72.10966485699998,-17.00588985899992],[-72.1088638569999,-17.00064085999992],[-72.10388948199989,-16.997352608999904],[-72.10932923199994,-16.991466483999886],[-72.11028298199989,-16.989763234999828],[-72.11458585599996,-16.98944285999994],[-72.11431123199998,-16.98696898399993],[-72.11704248099988,-16.982641233999857],[-72.11977385699993,-16.98112298399991],[-72.12348173199996,-16.97617910899993],[-72.11955260699995,-16.96969798399988],[-72.12553410699996,-16.969585358999893],[-72.12754060699996,-16.966909359999818],[-72.13337710699989,-16.97035598399998],[-72.13605498199996,-16.96945010999997],[-72.13671110699988,-16.966712983999912],[-72.1357498559999,-16.964435734999938],[-72.13973235599991,-16.96439173499988],[-72.14125060699996,-16.966299108999863],[-72.14385223199992,-16.965789858999926],[-72.14893335699998,-16.962043734999952],[-72.14569085699998,-16.95678135899982],[-72.15202323099999,-16.95604710999993],[-72.15418248199995,-16.952413609999894],[-72.15601348199993,-16.952829358999963],[-72.1623304819999,-16.951234859999886],[-72.16256710699997,-16.94844823499983],[-72.16481023099993,-16.948549233999927],[-72.1652374809999,-16.94473260899997],[-72.16297910599991,-16.941060984999922],[-72.16590123199995,-16.938602483999887],[-72.16806798199997,-16.938703483999916],[-72.17298123199998,-16.94079398399998],[-72.17635348099986,-16.938157983999815],[-72.17835998099997,-16.93520160999998],[-72.18205260599996,-16.93401910999995],[-72.18455510699988,-16.935558358999913],[-72.18448635699997,-16.924770359999854],[-72.18128198199997,-16.92111398399993],[-72.17651373199988,-16.916660359999923],[-72.17726898099994,-16.912061733999963],[-72.1762542319999,-16.90554235899998],[-72.16932673199994,-16.898286858999825],[-72.16719823199998,-16.892330108999886],[-72.16396335599984,-16.889446234999923],[-72.15652460699994,-16.888696609999897],[-72.15391535699996,-16.886600483999928],[-72.15086360699996,-16.88537785899996],[-72.14662173199991,-16.881507859999942],[-72.14650723199998,-16.87548635899998],[-72.14857485699997,-16.874566984999944],[-72.15009310699998,-16.871963358999892],[-72.15489198199987,-16.869459108999877],[-72.15901948199996,-16.861631358999887],[-72.1642381069999,-16.85926998399998],[-72.16639710699997,-16.85428810899998],[-72.1719894819999,-16.8498859849999],[-72.17830660699991,-16.848644234999938],[-72.1850738569999,-16.845872859999872],[-72.18817898099996,-16.845998733999977],[-72.19377135699995,-16.8438853589999],[-72.1962967319999,-16.843553358999884],[-72.20101160699994,-16.844783733999975],[-72.20266723199995,-16.84445185899989],[-72.20674898199991,-16.839282983999965],[-72.21261598099989,-16.838884358999906],[-72.21626285699989,-16.836824358999934],[-72.2215194819999,-16.83636660899998],[-72.22383885699998,-16.834545108999976],[-72.21977235699995,-16.829803483999967],[-72.21977235699995,-16.823770483999965],[-72.21643060699995,-16.820293483999933],[-72.21076198099996,-16.81720348499988],[-72.21322635599995,-16.81574435899995],[-72.21508785599997,-16.812768983999888],[-72.21517173199987,-16.807874734999928],[-72.20933535599994,-16.802722983999843],[-72.20670323199994,-16.80157848399989],[-72.20558160699994,-16.79903223399998],[-72.20186610699994,-16.79969023399991],[-72.19837185699993,-16.798431233999906],[-72.19281773199992,-16.79908948399992],[-72.18738560699995,-16.796600358999967],[-72.18472285699994,-16.793880483999885],[-72.18309023199993,-16.794223733999956],[-72.18157198199998,-16.796886483999913],[-72.1794586069999,-16.797601733999954],[-72.17404935699989,-16.796485858999972],[-72.16961673099996,-16.794223734999946],[-72.16600798199988,-16.79702948399995],[-72.16420748199994,-16.797315483999967],[-72.16042323199991,-16.794967733999954],[-72.15294648199983,-16.794681608999895],[-72.14958185699999,-16.790164983999944],[-72.14533998199994,-16.785985983999865],[-72.14336398199993,-16.782588983999972],[-72.13867185699985,-16.778831483999966],[-72.13677973199998,-16.775396358999956],[-72.13307185699995,-16.77202985899993],[-72.13334660699996,-16.76924710999998],[-72.13190460699991,-16.76665685899991],[-72.12644198199985,-16.76922798399994],[-72.12461085699994,-16.771844858999884],[-72.12484748099996,-16.77480698399995],[-72.12193298199998,-16.77915573399997],[-72.11920923199995,-16.77968023399984],[-72.11580660599998,-16.77787585899995],[-72.10895535599991,-16.776000984999882],[-72.10697173099993,-16.771940233999885],[-72.10377498099984,-16.77031898499996],[-72.09889223199997,-16.769601858999863],[-72.0969314809999,-16.76757048399992],[-72.08880610599988,-16.76867673499987],[-72.08668535699991,-16.76996235899992],[-72.08260348199997,-16.770315108999966],[-72.0802993559999,-16.773948608999888],[-72.07796473199994,-16.775754983999946],[-72.07214360699993,-16.777517358999944],[-72.06787873199994,-16.781700108999814],[-72.06690973199994,-16.784431483999924],[-72.06310273199989,-16.78058248399998],[-72.05677798199991,-16.780027358999973],[-72.05346685699993,-16.781366359999822],[-72.04836273199999,-16.779540983999937],[-72.04532623099982,-16.781551358999934],[-72.04201510599995,-16.782369608999943],[-72.03855898199998,-16.78450398399997],[-72.03792573199996,-16.78754610999988],[-72.03833773099996,-16.792243983999924],[-72.03234098199994,-16.79090685899996],[-72.02433773199988,-16.79207998399994],[-72.0217437309999,-16.79198648399995],[-72.01742548199985,-16.793710734999877],[-72.01449585699993,-16.796791108999912],[-72.00466923099998,-16.79711910899988],[-72.00208285699995,-16.796421108999937],[-71.9992752309999,-16.79730610999991],[-71.99670410699997,-16.799554859999887]]]]},"properties":{"ubigeo":"040704","nombre":"ISLAY"}},{"type":"Feature","geometry":{"type":"MultiPolygon","coordinates":[[[[-71.82981873099999,-17.030759858999943],[-71.83953860699995,-17.03380773399988],[-71.84793085599995,-17.037057858999958],[-71.85245510699991,-17.041845359999854],[-71.85546123099988,-17.042179108999846],[-71.86271673099998,-17.048198733999982],[-71.86240385699995,-17.053468734999967],[-71.86429585699989,-17.058698608999862],[-71.86545560599984,-17.060192108999956],[-71.87115473099993,-17.063575734999972],[-71.87734223099994,-17.065179859999944],[-71.87894435599998,-17.070077859999913],[-71.87752535599998,-17.07553298499988],[-71.87792973199998,-17.077106483999955],[-71.88393398199992,-17.08072285999998],[-71.88425448199996,-17.084505109999895],[-71.88208773199995,-17.087123859999963],[-71.87986760699982,-17.092746734999878],[-71.87781523099983,-17.093633609999927],[-71.87850948099998,-17.102024108999956],[-71.88315573199992,-17.1085319849999],[-71.8839263559999,-17.112047234999977],[-71.88284298199989,-17.116125108999938],[-71.89252298099996,-17.124094234999916],[-71.90553285599992,-17.108533859999966],[-71.90847010699986,-17.10541548499998],[-71.91105648199988,-17.10086435999989],[-71.91426085599988,-17.096815108999976],[-71.92117310599991,-17.089595733999943],[-71.92264560599989,-17.087505358999977],[-71.92781060599987,-17.082715984999936],[-71.93802660699993,-17.074878733999924],[-71.94850160599998,-17.0676269839999],[-71.94156648099994,-17.062248234999913],[-71.94075010699987,-17.055885358999944],[-71.93521123199997,-17.05239873499994],[-71.9317551069999,-17.051698733999956],[-71.92908473099993,-17.04613298399994],[-71.92941285599983,-17.044328734999965],[-71.92692560599983,-17.041459983999857],[-71.92240910699996,-17.03941723499986],[-71.91995235699989,-17.03716473399993],[-71.91661073099982,-17.035726609999926],[-71.91549685699994,-17.032323859999963],[-71.91375735599996,-17.03028885999987],[-71.91168210599994,-17.03000073499993],[-71.90937798199991,-17.02790835899998],[-71.90637210699998,-17.027385609999897],[-71.90473935599988,-17.02401923399998],[-71.9006118559999,-17.02319335999988],[-71.90038298099995,-17.021041859999855],[-71.89710998099997,-17.018957108999928],[-71.89554598099994,-17.014318484999933],[-71.89209748199983,-17.01020048399988],[-71.88967898199991,-17.003425609999965],[-71.88988498099991,-17.000957484999958],[-71.88501735599993,-16.997785608999948],[-71.88513948199994,-16.99506373399987],[-71.8824921069999,-16.990852358999973],[-71.87921148099997,-16.988044733999914],[-71.87941748099996,-16.985170358999937],[-71.87742623199995,-16.98322298499994],[-71.87163548099994,-16.9800968589999],[-71.86956785699994,-16.974220233999972],[-71.86770635599999,-16.97210698399988],[-71.85984023099991,-16.97185898399988],[-71.85644535599994,-16.970935858999894],[-71.85190585699996,-16.96380423499994],[-71.85236360699992,-16.961698484999943],[-71.84680173099997,-16.960378733999903],[-71.84271235599994,-16.96275523399993],[-71.83769985599997,-16.96389385999987],[-71.83525848199992,-16.96552660899988],[-71.83019273099984,-16.967472108999914],[-71.82569873199998,-16.96832273399997],[-71.81978610599998,-16.968675609999934],[-71.8169097309999,-16.974370983999904],[-71.81257635599991,-16.977813734999927],[-71.81218723199999,-16.97928623399997],[-71.81365960599993,-16.983871484999952],[-71.81717685699982,-16.989448609999897],[-71.82492823099989,-16.992322859999945],[-71.82647710599997,-16.994844484999874],[-71.82474523099995,-16.99749560999993],[-71.82621748199989,-16.998912858999972],[-71.82522585599992,-17.001785234999943],[-71.82632448099997,-17.00931360999988],[-71.82781985699995,-17.011173233999898],[-71.82878110699994,-17.01516910899994],[-71.8321076069999,-17.017084109999928],[-71.83308410699988,-17.02210998499993],[-71.82981873099999,-17.030759858999943]]]]},"properties":{"ubigeo":"040705","nombre":"MEJIA"}},{"type":"Feature","geometry":{"type":"MultiPolygon","coordinates":[[[[-71.44095610599987,-17.251716609999903],[-71.44857023199995,-17.253128109999977],[-71.45744323099996,-17.25216473499995],[-71.46151810599997,-17.252967609999928],[-71.46686335599992,-17.255479484999853],[-71.46898498099995,-17.258678734999876],[-71.46979998199998,-17.262656359999937],[-71.47119998099998,-17.26522635999993],[-71.4751299809999,-17.267086359999894],[-71.47929998099988,-17.270246359999874],[-71.48116998199998,-17.274686358999816],[-71.48507998099984,-17.28089635999993],[-71.4907989809999,-17.285005609999928],[-71.49301148099983,-17.284187359999976],[-71.49623110599993,-17.284769108999967],[-71.49697873099996,-17.28106123499998],[-71.50082398199999,-17.280797984999936],[-71.5032577309999,-17.278196358999878],[-71.50534073099988,-17.27439685999991],[-71.50632473099995,-17.271049484999878],[-71.50931548099993,-17.268609983999852],[-71.51590723099991,-17.265943484999923],[-71.5195998559999,-17.265260734999913],[-71.52056123099999,-17.26687998499989],[-71.52407073099982,-17.26532548499995],[-71.52546698099997,-17.269550359999926],[-71.52806848099993,-17.27124973499997],[-71.52986910599998,-17.268121609999923],[-71.52960210599997,-17.265127234999966],[-71.53070073099985,-17.26052098399998],[-71.53263848099994,-17.258878733999893],[-71.53412623199995,-17.255531359999964],[-71.53959660599998,-17.254022609999936],[-71.54096985599989,-17.256059608999976],[-71.54358673099995,-17.255092609999906],[-71.54473873099988,-17.259092359999897],[-71.54987335599998,-17.258317984999962],[-71.5517807309999,-17.25959973499988],[-71.55717473099998,-17.256132109999953],[-71.55980685599997,-17.25869160999997],[-71.56401823099998,-17.261568109999928],[-71.56717673099996,-17.25951385999997],[-71.56991573099998,-17.25443835899995],[-71.57608798099989,-17.253559108999923],[-71.59350585599998,-17.247928609999917],[-71.59503935699996,-17.249637609999922],[-71.5978393559999,-17.246398984999928],[-71.60827635699997,-17.242771108999932],[-71.61148835599988,-17.240882859999942],[-71.61682885599998,-17.239084234999893],[-71.63141635599993,-17.2327327349999],[-71.63590235599986,-17.23151223499991],[-71.64811710599992,-17.226348858999927],[-71.65506748099983,-17.22385023399994],[-71.65664673099985,-17.223770108999872],[-71.66464235599989,-17.22038835999996],[-71.67321773199996,-17.21736723399988],[-71.67713160599993,-17.21654510899998],[-71.68263248099998,-17.214437484999962],[-71.68874360599989,-17.212961233999863],[-71.69036860599988,-17.211988483999846],[-71.70468898099995,-17.208194859999935],[-71.71193685599991,-17.207019859999946],[-71.71477510599993,-17.205921234999835],[-71.72157285599997,-17.205095234999874],[-71.72889710699997,-17.20255085999986],[-71.73390185599999,-17.20211985899988],[-71.7379913559999,-17.201147109999965],[-71.74704748199991,-17.199832859999958],[-71.75763698199984,-17.197881734999953],[-71.76276398099992,-17.196607609999887],[-71.7662277309999,-17.196662859999947],[-71.76873773199992,-17.195749233999948],[-71.77606960699995,-17.194732608999914],[-71.78334810599989,-17.192537358999914],[-71.7905197309999,-17.191333733999898],[-71.80430598199996,-17.187263484999903],[-71.81221773199991,-17.18431085999987],[-71.82048798099987,-17.18038748499987],[-71.82994848199996,-17.17669673399996],[-71.83355710599994,-17.174896233999903],[-71.83621973199996,-17.17113298499993],[-71.83833310599994,-17.170263233999833],[-71.84008023099994,-17.165765734999923],[-71.84072873199995,-17.16146473499998],[-71.83924098099993,-17.159191109999938],[-71.83682248099996,-17.159637484999962],[-71.83425135699991,-17.161958608999953],[-71.83168035599994,-17.16171260899995],[-71.82727810599982,-17.159143484999845],[-71.82540135599999,-17.156026859999884],[-71.82006073199994,-17.15568160999993],[-71.81655123199994,-17.1517257349999],[-71.80815110699996,-17.154050859999927],[-71.80558010599998,-17.15291210999993],[-71.79917148199996,-17.14808848499996],[-71.79810335699995,-17.14457898399985],[-71.79109198099991,-17.14109798499993],[-71.78758235699996,-17.140256858999976],[-71.78283685599996,-17.138082484999927],[-71.77962498099998,-17.135463734999973],[-71.77552048199982,-17.135562858999833],[-71.77053073199988,-17.133287484999926],[-71.76523585599983,-17.129014983999923],[-71.75949098199993,-17.12317660999986],[-71.7565536059999,-17.11914248399995],[-71.75216673099993,-17.120927859999938],[-71.74670410699986,-17.11978335999993],[-71.74388873099997,-17.118442483999843],[-71.74042510599992,-17.11425398399996],[-71.73719023099994,-17.112697484999956],[-71.72951510599995,-17.111959483999897],[-71.72349548099999,-17.113370858999872],[-71.72307585599998,-17.108678734999955],[-71.72155760699997,-17.109268233999956],[-71.72098535699996,-17.112169233999907],[-71.71891023099994,-17.112058609999906],[-71.71755223199995,-17.10879323499995],[-71.71700285599997,-17.103010233999896],[-71.71267698199995,-17.098245609999935],[-71.70762635699998,-17.09570685999995],[-71.70503998099991,-17.09518810999998],[-71.69751735599993,-17.09761810999987],[-71.69036098099997,-17.09848598399992],[-71.68617248099997,-17.097896608999918],[-71.6800079809999,-17.101617858999873],[-71.67712398099997,-17.10257910999985],[-71.67327885599985,-17.101493859999948],[-71.66853335599995,-17.099168859999963],[-71.66172035599988,-17.092908859999966],[-71.65956110599996,-17.088258734999897],[-71.65668485599997,-17.086198859999968],[-71.65342710599998,-17.086416234999945],[-71.65050510599997,-17.090812608999897],[-71.64690398199991,-17.091638608999972],[-71.64254760699998,-17.09114460899991],[-71.63563535699996,-17.092029609999884],[-71.62962335599991,-17.092132609999965],[-71.62519835599988,-17.090681109999935],[-71.62181848099993,-17.088056609999967],[-71.61614985599994,-17.086396984999965],[-71.59956360599995,-17.085567483999966],[-71.59687048099994,-17.084323858999937],[-71.59569548099995,-17.08031648399998],[-71.59317785599995,-17.07674985899996],[-71.59048460599996,-17.074293108999882],[-71.58224485599993,-17.06922335999991],[-71.57469923099984,-17.070762608999814],[-71.56816098099995,-17.071655234999866],[-71.56587985599992,-17.07259560999995],[-71.56031035599989,-17.076421733999894],[-71.54937748099991,-17.075843858999974],[-71.54038235599995,-17.0764026089999],[-71.53211210599994,-17.077817859999925],[-71.52323910599995,-17.07821848499998],[-71.51469423099991,-17.07922173499992],[-71.50890348099995,-17.080875358999947],[-71.50211335599994,-17.082160983999927],[-71.49616235599996,-17.081815734999964],[-71.49301148099983,-17.083118483999954],[-71.48914335599994,-17.082258108999895],[-71.48416898099998,-17.077552734999927],[-71.48202523199996,-17.07719610999993],[-71.47886660599983,-17.08193773399995],[-71.47386935599997,-17.083785983999917],[-71.46983335599998,-17.087562609999964],[-71.4647142309999,-17.08935160999988],[-71.45495610599994,-17.089643483999964],[-71.44781498099991,-17.092512109999916],[-71.44080335599995,-17.093595484999923],[-71.43882748099998,-17.096336358999963],[-71.43475348099986,-17.09926798499987],[-71.43028260599993,-17.101350734999983],[-71.42548373099999,-17.102876609999953],[-71.41971585599998,-17.10652935899992],[-71.41537485599997,-17.10486035899993],[-71.41152948099995,-17.097993859999974],[-71.40734098099995,-17.093326609999906],[-71.40383910599996,-17.092021984999974],[-71.39738460599995,-17.086255983999934],[-71.39107510599996,-17.083646734999945],[-71.3885346059999,-17.081655484999942],[-71.3847579809999,-17.080694233999907],[-71.37926485599996,-17.078224234999823],[-71.37223810599988,-17.072898858999906],[-71.36680598099991,-17.073093359999916],[-71.36385348099998,-17.0724963589999],[-71.35602573099999,-17.068502484999954],[-71.34989923099994,-17.06261060999998],[-71.34574885599989,-17.065362983999876],[-71.34256748099995,-17.066253608999943],[-71.33811185599995,-17.064859358999968],[-71.33226010599992,-17.0599347349999],[-71.32830048099987,-17.059469234999938],[-71.32581335599997,-17.05639648499988],[-71.3236466059999,-17.0617866099999],[-71.31588748099989,-17.06528285899992],[-71.31386560599992,-17.071510359999934],[-71.31394960599988,-17.074127233999945],[-71.31560510599996,-17.078607608999903],[-71.31475073099989,-17.079999984999915],[-71.31050873099991,-17.08093835899996],[-71.30860898099996,-17.085374859999945],[-71.30780798099994,-17.090143234999857],[-71.30224610599998,-17.093851109999946],[-71.30284123099995,-17.097396859999947],[-71.30583947999997,-17.103668234999816],[-71.30818935599996,-17.10644910899987],[-71.31255335599991,-17.10988423499998],[-71.3128357309999,-17.112464858999942],[-71.31627660599986,-17.116113609999957],[-71.31399535599985,-17.11930660899992],[-71.31632998099991,-17.12473873499988],[-71.3200988559999,-17.12664035999984],[-71.32245635599992,-17.12892148399993],[-71.32424160599993,-17.13314060999994],[-71.32698060599989,-17.136486108999918],[-71.3365021059999,-17.141574859999878],[-71.34480285599989,-17.145156858999883],[-71.35139460599993,-17.147413234999874],[-71.35531610599998,-17.15127373399997],[-71.35947423099992,-17.15632248499992],[-71.37043760599994,-17.174171484999817],[-71.37676998099994,-17.180746109999973],[-71.38085935599992,-17.185708984999906],[-71.39066310599998,-17.193525358999864],[-71.39497773099993,-17.198982859999944],[-71.39777735599995,-17.201480483999944],[-71.40434785599996,-17.205630608999968],[-71.40858973099989,-17.209682483999927],[-71.41086885599992,-17.21259485999991],[-71.41270498099988,-17.21810285999993],[-71.41511073099997,-17.223547734999954],[-71.42169948099996,-17.234630609999897],[-71.42713160599999,-17.239406608999843],[-71.43648173099996,-17.24405473499985],[-71.44095610599987,-17.251716609999903]]]]},"properties":{"ubigeo":"040706","nombre":"PUNTA DE BOMBON"}},{"type":"Feature","geometry":{"type":"MultiPolygon","coordinates":[[[[-72.78778835699984,-15.251831981999885],[-72.78671260699991,-15.254327732999968],[-72.78791048199997,-15.259413732999974],[-72.78977198299998,-15.261883856999816],[-72.7891387329999,-15.266290607999906],[-72.7894821079999,-15.26950935799988],[-72.78847498199997,-15.274204231999931],[-72.78908535699986,-15.27692798299995],[-72.79140473199993,-15.278710357999898],[-72.7970276069999,-15.280657732999941],[-72.80012510799997,-15.283078232999912],[-72.8011398569999,-15.286854732999927],[-72.8037033569999,-15.29096510799991],[-72.80936435799998,-15.29383473299987],[-72.81214160699989,-15.29685748299994],[-72.81137110699984,-15.303550732999952],[-72.81573473299994,-15.307102107999981],[-72.83013910699998,-15.312185232999923],[-72.83468623199991,-15.315021481999963],[-72.83719635699993,-15.317884482999943],[-72.83870698199996,-15.32343860799989],[-72.8386537319999,-15.327238107999847],[-72.8410797329999,-15.336790232999874],[-72.84307860699994,-15.33867448299992],[-72.84346785699995,-15.343927357999974],[-72.84104923199988,-15.349340482999935],[-72.84217073299993,-15.35493185799993],[-72.84368898199989,-15.357839732999878],[-72.84561923299998,-15.363802857999929],[-72.84841160699995,-15.36784360799993],[-72.85345460799994,-15.372044607999896],[-72.85625460699987,-15.375881232999973],[-72.85689548199997,-15.378642982999963],[-72.85650635699983,-15.382686607999972],[-72.85771173199998,-15.38753885799997],[-72.86068723299996,-15.390177732999916],[-72.86101548299996,-15.395980857999916],[-72.86350248199994,-15.398869482999942],[-72.86608123199989,-15.399363357999846],[-72.87067410699996,-15.404218732999936],[-72.87371823199993,-15.406326232999959],[-72.87506860799994,-15.40608973299993],[-72.87741848299993,-15.402788107999982],[-72.88510135699994,-15.403513857999883],[-72.8899842319999,-15.40348623299991],[-72.88744348199992,-15.397486732999823],[-72.88678735699989,-15.393284857999959],[-72.88396448299994,-15.391412732999981],[-72.88217160699992,-15.384788482999966],[-72.87928023199999,-15.381531732999974],[-72.87763210699995,-15.37716385799996],[-72.87819673199994,-15.370215357999882],[-72.87911985699992,-15.36782260799987],[-72.87884523299994,-15.363004732999968],[-72.88021848199998,-15.354676357999892],[-72.88381960699996,-15.35093773299991],[-72.88738248199996,-15.34308810799996],[-72.88957973199996,-15.34022048299994],[-72.89006048199991,-15.337305107999953],[-72.89237973199988,-15.330413857999872],[-72.89226535699993,-15.32789798199991],[-72.88960260699997,-15.32161135799987],[-72.88973998299997,-15.315859732999968],[-72.89073185799998,-15.312841357999957],[-72.8894271069999,-15.30962660699987],[-72.88687898199993,-15.306670232999977],[-72.88698573199997,-15.298904357999845],[-72.88823698199997,-15.294619607999948],[-72.89060973199997,-15.29176710799993],[-72.89319610699994,-15.285607357999936],[-72.89494323199989,-15.284084357999916],[-72.89335635699996,-15.280010107999885],[-72.88616185699993,-15.272470482999836],[-72.88428498299999,-15.265054732999886],[-72.88448335799995,-15.260794607999912],[-72.8875732329999,-15.25388435799988],[-72.89254760799992,-15.252392732999908],[-72.89671323299996,-15.25255773299989],[-72.90409085699997,-15.246508607999885],[-72.90994260699989,-15.244293232999894],[-72.91762548199989,-15.243987106999896],[-72.92258448199988,-15.242470732999948],[-72.92723848299994,-15.239369357999976],[-72.92902373299995,-15.23633098299996],[-72.93357848299996,-15.23337560799996],[-72.93565373199988,-15.226879107999935],[-72.93936923199982,-15.225071857999978],[-72.94179535799998,-15.222972857999935],[-72.93661498199992,-15.219383232999974],[-72.93464660799987,-15.21448423299995],[-72.93155673199993,-15.212472857999899],[-72.9272232319999,-15.211459107999872],[-72.92472073199997,-15.209511732999943],[-72.9214782329999,-15.208785107999972],[-72.9190521079999,-15.205950732999895],[-72.91800685699985,-15.203203232999954],[-72.91736598199992,-15.197524857999895],[-72.91474910799997,-15.195694982999896],[-72.91168210699993,-15.191492107999977],[-72.90838623299999,-15.194216732999905],[-72.90641798199994,-15.200935357999981],[-72.90325923299997,-15.204355231999955],[-72.89992523199999,-15.20448210799998],[-72.89766698199992,-15.204353357999935],[-72.89270785699995,-15.199194857999942],[-72.88732910799996,-15.197878857999967],[-72.88565060799993,-15.199089982999965],[-72.88336948299991,-15.19833560799998],[-72.88040923199992,-15.194779357999835],[-72.87891385799992,-15.191628482999874],[-72.8735046079999,-15.189967107999905],[-72.87082673199995,-15.190226607999818],[-72.86728673199997,-15.191968857999882],[-72.8628997319999,-15.189511357999947],[-72.85971073199994,-15.183810232999974],[-72.85868835699989,-15.18084335799989],[-72.8559417329999,-15.184724857999981],[-72.85535435799989,-15.189375857999948],[-72.85433210799994,-15.19201948299991],[-72.84941098299993,-15.201474232999885],[-72.84573360799993,-15.206155732999832],[-72.8464049829999,-15.212536857999964],[-72.84619898299991,-15.216433482999946],[-72.84315485699994,-15.219661732999896],[-72.84195698299993,-15.22263335699995],[-72.83536535799988,-15.224560857999961],[-72.83193210699994,-15.22396273299995],[-72.82757573299989,-15.226194357999873],[-72.82363885699993,-15.235095982999894],[-72.81885523199992,-15.23853298299997],[-72.81433110799998,-15.240886732999968],[-72.81190485699994,-15.243986107999888],[-72.80459598199997,-15.248603857999967],[-72.79780573199992,-15.25028598299997],[-72.79541010699995,-15.25202848299989],[-72.79177098199995,-15.252485232999959],[-72.79009248299997,-15.251244482999937],[-72.78778835699984,-15.251831981999885]]]]},"properties":{"ubigeo":"040801","nombre":"COTAHUASI"}},{"type":"Feature","geometry":{"type":"MultiPolygon","coordinates":[[[[-72.63211823199998,-15.225463857999898],[-72.63695535799991,-15.23113823299991],[-72.63705448199994,-15.232855857999937],[-72.64055635799997,-15.235960982999813],[-72.64627073199989,-15.239495232999957],[-72.65100860699988,-15.23893923199995],[-72.65565485699983,-15.236033482999858],[-72.66119385699983,-15.233365107999873],[-72.66701510699988,-15.2340354829999],[-72.67170710699997,-15.238311732999875],[-72.68293760699999,-15.242330607999975],[-72.69107823199994,-15.242330607999975],[-72.69339748199991,-15.24315835799996],[-72.69420623299993,-15.23882585799987],[-72.69529723199997,-15.236959482999907],[-72.69882973299997,-15.234371231999887],[-72.70341485699998,-15.229900357999895],[-72.71006010699995,-15.226890607999906],[-72.71353148299994,-15.22468185699995],[-72.7191237319999,-15.216945607999946],[-72.72476198199996,-15.211722357999975],[-72.73047635699999,-15.208292982999922],[-72.73658748199989,-15.20643335799997],[-72.74182885699997,-15.205806732999974],[-72.74715423299995,-15.203892732999975],[-72.74988560799989,-15.202329606999967],[-72.75206773299988,-15.198603607999871],[-72.75604998199998,-15.196804106999934],[-72.76049810699993,-15.197693857999923],[-72.76882935699996,-15.196171732999915],[-72.77402498199996,-15.193157231999976],[-72.77560423199998,-15.190314232999981],[-72.77968598199993,-15.187414107999814],[-72.78410323299994,-15.18072323299998],[-72.78623198199995,-15.178568857999892],[-72.79071048199995,-15.177334732999839],[-72.79903410699995,-15.169322982999972],[-72.80608373299998,-15.167036107999934],[-72.81084448199988,-15.163757356999895],[-72.81437685699996,-15.163128857999936],[-72.81680298199996,-15.16118048199985],[-72.81781773199998,-15.158301357999903],[-72.81781773299997,-15.153017857999941],[-72.81849673199991,-15.151144982999938],[-72.8143387319999,-15.150388731999897],[-72.80938723199984,-15.14747048299995],[-72.80512998199993,-15.146665607999978],[-72.80319973299999,-15.147232107999855],[-72.79507448299995,-15.143894232999969],[-72.79366298199989,-15.144820107999863],[-72.78540035699996,-15.143957107999938],[-72.77963260799993,-15.144345231999978],[-72.77646635699989,-15.143692981999948],[-72.77394860699997,-15.141949606999958],[-72.77389523199997,-15.139676106999957],[-72.76473235799989,-15.129219106999926],[-72.76584623299993,-15.12625023299995],[-72.76927185699998,-15.123911857999872],[-72.76950073199998,-15.118512107999948],[-72.76789098199993,-15.11261173299988],[-72.76629635699999,-15.110183731999939],[-72.76638035699989,-15.103839857999958],[-72.76400760699988,-15.101670231999833],[-72.76441198199996,-15.096034982999868],[-72.76585385699997,-15.093032732999973],[-72.76501460699996,-15.090210856999875],[-72.76184848199995,-15.087107607999883],[-72.75794985699986,-15.087329857999976],[-72.75546260699986,-15.085437731999946],[-72.75038910799998,-15.083724982999968],[-72.74766535799995,-15.083642981999958],[-72.7444228569999,-15.081443732999958],[-72.74237060799993,-15.077779732999943],[-72.73932648199985,-15.081496232999939],[-72.73912048199986,-15.087762857999962],[-72.73632048299999,-15.095099482999899],[-72.73607635799988,-15.096983856999941],[-72.72902673299996,-15.099732357999812],[-72.72739410699995,-15.10096648299998],[-72.72238160699999,-15.107993981999925],[-72.72273248199997,-15.11110873299998],[-72.71708673199993,-15.113869607999959],[-72.71467585699997,-15.113830607999944],[-72.70914460699998,-15.11183548299988],[-72.70664973199996,-15.111740107999822],[-72.70014185699989,-15.114945357999886],[-72.69528198199998,-15.113697107999826],[-72.68675235699999,-15.11431410699987],[-72.67950435699998,-15.116499857999827],[-72.67581173199989,-15.11969848299998],[-72.67108923199993,-15.120641732999957],[-72.66287998199988,-15.130728731999909],[-72.65937048199993,-15.13337423299987],[-72.65350335799997,-15.13691423299997],[-72.65060410699988,-15.139236482999877],[-72.64537810799993,-15.14643273299987],[-72.6450042319999,-15.150140732999887],[-72.64341735699998,-15.153370857999903],[-72.63971710699997,-15.157931357999871],[-72.63956448199997,-15.162500357999875],[-72.64061735699994,-15.167779107999934],[-72.64093785699998,-15.17633723299997],[-72.64276123199988,-15.182723107999891],[-72.63851923199991,-15.195239982999908],[-72.63705448299993,-15.197355232999882],[-72.63401798199999,-15.199261607999972],[-72.63386535699993,-15.203239482999948],[-72.63095098199994,-15.211937857999942],[-72.62933348199988,-15.22113135799998],[-72.63177485799991,-15.223662357999956],[-72.63211823199998,-15.225463857999898]]]]},"properties":{"ubigeo":"040802","nombre":"ALCA"}},{"type":"Feature","geometry":{"type":"MultiPolygon","coordinates":[[[[-73.03594973199989,-15.133695607999925],[-73.0331878579999,-15.134606357999871],[-73.03089910799997,-15.136805481999943],[-73.02962498299996,-15.139925857999913],[-73.0253753579999,-15.14227398199995],[-73.02320098199993,-15.145186481999872],[-73.02059173299995,-15.15011973299994],[-73.01473235799995,-15.15734098299987],[-73.01368710699995,-15.161596357999883],[-73.00968173299992,-15.168633481999962],[-72.9948347319999,-15.184343356999932],[-72.99247735799992,-15.191120106999847],[-72.99149323299991,-15.197410606999938],[-72.98805998299997,-15.201374982999937],[-72.98429110799998,-15.207239107999953],[-72.98085023199997,-15.208778357999847],[-72.97550960799992,-15.21297173299996],[-72.96866610799992,-15.211727107999934],[-72.95912935699988,-15.21669573299988],[-72.95196535699984,-15.225035606999938],[-72.95066835699998,-15.22840598299996],[-72.95022585799995,-15.232339982999974],[-72.95296473299999,-15.238303232999897],[-72.95873260699994,-15.241658232999953],[-72.96316523199988,-15.242168357999958],[-72.96533198199984,-15.241474107999977],[-72.96815485699989,-15.242431606999958],[-72.97053523299996,-15.244524981999973],[-72.97883623199994,-15.24632448199992],[-72.98216248199998,-15.244999857999915],[-72.98474123299985,-15.245905857999844],[-72.98651123199994,-15.249036732999969],[-72.98853298199998,-15.24837673299993],[-72.99051660699996,-15.25114435799992],[-72.99440760699991,-15.251269357999888],[-72.99916073299994,-15.252673982999909],[-73.0026932319999,-15.256878857999936],[-73.00769048299992,-15.258027107999908],[-73.0151519819999,-15.260900482999887],[-73.01609035699994,-15.258431482999981],[-73.01897435699982,-15.254720732999886],[-73.02249910799998,-15.248930981999933],[-73.02661898299993,-15.245418607999852],[-73.02900698299999,-15.241518981999945],[-73.03012835799996,-15.236845982999853],[-73.03315735799987,-15.230662357999961],[-73.03617098199999,-15.23112598299997],[-73.03898623199996,-15.235357231999956],[-73.04303735799994,-15.236665732999938],[-73.04841610699992,-15.24086473299991],[-73.05028535699995,-15.24346060799985],[-73.05226135799995,-15.250963231999947],[-73.05249035799994,-15.253552481999975],[-73.05592348299996,-15.257146857999828],[-73.06016535799995,-15.259971607999944],[-73.06371310699996,-15.26751235799992],[-73.06726073299996,-15.27105998299993],[-73.07309723299994,-15.274165107999977],[-73.07472985799996,-15.27449798299989],[-73.08467098199992,-15.272021232999975],[-73.08924860699994,-15.267918607999889],[-73.09257510699996,-15.261561357999938],[-73.0983047329999,-15.257791482999949],[-73.10192873299991,-15.258715607999932],[-73.10625460699998,-15.256423982999877],[-73.11224360799991,-15.256091107999964],[-73.11557010799999,-15.255166982999981],[-73.11856848299993,-15.255302481999877],[-73.12140673199991,-15.258935982999958],[-73.12926485699995,-15.265535357999966],[-73.13159185799987,-15.265744107999978],[-73.13570398299993,-15.261712982999882],[-73.14026635699986,-15.259306857999945],[-73.14508823299985,-15.258802232999926],[-73.14695735699996,-15.257775357999947],[-73.13954923299985,-15.255932857999937],[-73.13777923299995,-15.25167748299998],[-73.13756560699994,-15.248637231999965],[-73.13610835799989,-15.24411298299998],[-73.13168310699996,-15.240788607999946],[-73.12720485799997,-15.23859498299987],[-73.12373348299997,-15.233612232999974],[-73.12108610799999,-15.231624482999905],[-73.1194076079999,-15.224691357999859],[-73.11683660799997,-15.222851607999871],[-73.11318973299996,-15.208469357999945],[-73.11215973299983,-15.205783857999961],[-73.11267848299991,-15.203099231999886],[-73.11090085699993,-15.197379107999893],[-73.11205285799997,-15.193504232999942],[-73.1123733579999,-15.188980107999953],[-73.11074823199993,-15.186106732999974],[-73.10633085799998,-15.186016106999944],[-73.10144810699995,-15.187689732999957],[-73.09941098299998,-15.180940607999958],[-73.09503935799984,-15.17782210799993],[-73.09036260699986,-15.171800607999955],[-73.08966060699993,-15.16984373299988],[-73.08287048299991,-15.163974732999918],[-73.07858273199997,-15.162852232999967],[-73.0746917329999,-15.163361482999903],[-73.07352448299997,-15.160790482999914],[-73.07357023299983,-15.15786548299991],[-73.07183835799998,-15.154281607999962],[-73.07019048299998,-15.15349960799989],[-73.06610873199992,-15.154405607999934],[-73.06639860699994,-15.151563607999947],[-73.06301885699997,-15.146702732999927],[-73.06050873299995,-15.144313857999975],[-73.05622860799991,-15.14361385799998],[-73.05228423299997,-15.142150856999876],[-73.0487518569999,-15.141781857999831],[-73.04656210799999,-15.139409107999882],[-73.04814148199995,-15.135955856999885],[-73.04756160799991,-15.134347857999956],[-73.0431366069999,-15.132396732999837],[-73.04055023199993,-15.133952106999914],[-73.03594973199989,-15.133695607999925]]]]},"properties":{"ubigeo":"040803","nombre":"CHARCANA"}},{"type":"Feature","geometry":{"type":"MultiPolygon","coordinates":[[[[-72.65183260699996,-14.669033981999974],[-72.64482110699998,-14.66728110799994],[-72.6398086069999,-14.669197106999945],[-72.63471223299996,-14.668666856999948],[-72.6305542319999,-14.670704856999919],[-72.62990573199988,-14.672294607999902],[-72.62526698199997,-14.675465606999921],[-72.6218108569999,-14.676332482999953],[-72.61938473299989,-14.675894732999893],[-72.61101535699999,-14.676129356999922],[-72.60910798199984,-14.678983732999939],[-72.60522460699997,-14.681958232999932],[-72.60514073299993,-14.687033606999933],[-72.60177610699998,-14.68754860699994],[-72.59986873299994,-14.688976232999948],[-72.59937285699993,-14.691678981999928],[-72.60061648199996,-14.697812106999947],[-72.60215760699992,-14.702789356999915],[-72.59738923299994,-14.70599848199987],[-72.59447473299991,-14.708804106999935],[-72.5943756069999,-14.713675481999928],[-72.59452060799998,-14.71705623199989],[-72.59326935699994,-14.719618857999933],[-72.5922546079999,-14.727048857999876],[-72.59613023199995,-14.734009731999947],[-72.59615323199989,-14.736140232999901],[-72.59474185699992,-14.74136923199984],[-72.59639735699994,-14.743513106999956],[-72.59477998199998,-14.753242481999905],[-72.59382623199991,-14.756582232999904],[-72.59225460699992,-14.758664107999948],[-72.59761810699996,-14.760287231999882],[-72.59936523199991,-14.762935607999964],[-72.60181423199998,-14.761974356999929],[-72.60652160699988,-14.762041107999949],[-72.60971835699996,-14.763746231999903],[-72.61399073199988,-14.767559107999887],[-72.61748510699994,-14.768422107999982],[-72.62147535699995,-14.765708981999865],[-72.62868498199998,-14.767123231999904],[-72.63130948199995,-14.765153857999849],[-72.63498685699994,-14.768610981999814],[-72.6395797319999,-14.76676935799992],[-72.6445542329999,-14.769308981999927],[-72.64748385699994,-14.768711106999945],[-72.6486053569999,-14.772445731999937],[-72.6530074829999,-14.77430060699993],[-72.65603635699995,-14.77672673199993],[-72.65747835799988,-14.779375106999964],[-72.66045385699988,-14.781948981999903],[-72.66424560799999,-14.786333981999917],[-72.66593173299998,-14.795126856999957],[-72.66581723299998,-14.798339981999959],[-72.66703035699993,-14.802967106999915],[-72.66921235799998,-14.806657857999937],[-72.67193598299991,-14.817140607999875],[-72.67282873199997,-14.817958856999894],[-72.67424773299996,-14.82817935699984],[-72.67624660699988,-14.831028857999968],[-72.67580410699998,-14.83452123199993],[-72.67761235699999,-14.83863635699987],[-72.68024448299991,-14.84054660799984],[-72.67897035699991,-14.8436584829999],[-72.67965698199998,-14.846517607999942],[-72.67804723199993,-14.850068107999903],[-72.67620848199994,-14.851757981999924],[-72.6758346069999,-14.85492998199993],[-72.67887873299998,-14.863234482999871],[-72.67853560799995,-14.86563685799996],[-72.6798019819999,-14.867910356999971],[-72.68057248199995,-14.872384981999915],[-72.68037410699998,-14.878503857999931],[-72.68115998199988,-14.883984607999878],[-72.68298335799994,-14.886486107999929],[-72.68576048299997,-14.887400607999837],[-72.68715673199995,-14.891167606999943],[-72.68652348199993,-14.895576481999967],[-72.68538660699994,-14.897730857999875],[-72.68822473199992,-14.90434173299991],[-72.69086460699998,-14.90581035699995],[-72.69191735699991,-14.908654232999936],[-72.69406123199997,-14.910064732999956],[-72.69556423199998,-14.913341482999897],[-72.6980057319999,-14.914886481999929],[-72.69939423199997,-14.917666482999891],[-72.70088198199994,-14.924648231999981],[-72.70479585699997,-14.922923981999872],[-72.70862573199992,-14.92486473199989],[-72.71031185699991,-14.92713835799998],[-72.7135696069999,-14.929529232999982],[-72.71771235799991,-14.937484731999916],[-72.71766660699996,-14.93926148199995],[-72.72002410699997,-14.946263232999911],[-72.72273248199997,-14.949117606999835],[-72.72498323199994,-14.954572731999974],[-72.72492223199998,-14.957838106999816],[-72.72621160699998,-14.962398606999955],[-72.72540285699995,-14.96670723199992],[-72.72332760799992,-14.971787481999968],[-72.72031398199988,-14.974743857999897],[-72.72013860699997,-14.981986106999955],[-72.71714785699993,-14.987505856999974],[-72.71508023199993,-14.988262107999901],[-72.71160885799992,-14.991660107999962],[-72.71102910699994,-14.99549773299998],[-72.71308135699991,-14.998150731999829],[-72.71256260799998,-15.000384357999963],[-72.71278385699998,-15.00590035699986],[-72.7157134819999,-15.008121481999979],[-72.71678160699992,-15.010357857999907],[-72.71408085799993,-15.017326357999877],[-72.71258548199984,-15.018427857999882],[-72.71136460799988,-15.02197460799988],[-72.71479798199994,-15.025867482999956],[-72.71362310699988,-15.033307106999871],[-72.71429448199984,-15.036683981999943],[-72.71340948199997,-15.038749731999928],[-72.7135162319999,-15.042577607999931],[-72.71269223199994,-15.046664231999898],[-72.71077723199994,-15.047855356999946],[-72.70939635699995,-15.051092107999978],[-72.70996098299992,-15.056003606999923],[-72.71195998199994,-15.059376731999976],[-72.71376035699996,-15.060533481999926],[-72.71789548199996,-15.06114860799994],[-72.72094723299989,-15.062632607999888],[-72.72379298299995,-15.06708810799995],[-72.72396848199992,-15.07136923299987],[-72.72711960699996,-15.074902482999903],[-72.73278048199995,-15.077155982999955],[-72.73741148299996,-15.078318607999961],[-72.74237060799993,-15.077779732999943],[-72.7444228569999,-15.081443732999958],[-72.74766535799995,-15.083642981999958],[-72.75038910799998,-15.083724982999968],[-72.75546260699986,-15.085437731999946],[-72.75794985699986,-15.087329857999976],[-72.76184848199995,-15.087107607999883],[-72.76501460699996,-15.090210856999875],[-72.76585385699997,-15.093032732999973],[-72.76441198199996,-15.096034982999868],[-72.76400760699988,-15.101670231999833],[-72.76638035699989,-15.103839857999958],[-72.76629635699999,-15.110183731999939],[-72.76789098199993,-15.11261173299988],[-72.76950073199998,-15.118512107999948],[-72.76927185699998,-15.123911857999872],[-72.76584623299993,-15.12625023299995],[-72.76473235799989,-15.129219106999926],[-72.77389523199997,-15.139676106999957],[-72.77394860699997,-15.141949606999958],[-72.77646635699989,-15.143692981999948],[-72.77963260799993,-15.144345231999978],[-72.78540035699996,-15.143957107999938],[-72.79366298199989,-15.144820107999863],[-72.79507448299995,-15.143894232999969],[-72.80319973299999,-15.147232107999855],[-72.80512998199993,-15.146665607999978],[-72.80938723199984,-15.14747048299995],[-72.8143387319999,-15.150388731999897],[-72.81849673199991,-15.151144982999938],[-72.82103723199998,-15.151868857999887],[-72.82600398299996,-15.160857232999945],[-72.82849123299997,-15.162832232999904],[-72.82910923199995,-15.165109607999966],[-72.83307648299996,-15.167795232999936],[-72.83303835699996,-15.173310356999934],[-72.83469385699993,-15.174547232999942],[-72.84127810699988,-15.176001607999922],[-72.84400173299991,-15.175388356999974],[-72.84773248299996,-15.180320732999974],[-72.85580435799983,-15.179202982999982],[-72.85868835699989,-15.18084335799989],[-72.85971073199994,-15.183810232999974],[-72.8628997319999,-15.189511357999947],[-72.86728673199997,-15.191968857999882],[-72.87082673199995,-15.190226607999818],[-72.8735046079999,-15.189967107999905],[-72.87891385799992,-15.191628482999874],[-72.88040923199992,-15.194779357999835],[-72.88336948299991,-15.19833560799998],[-72.88565060799993,-15.199089982999965],[-72.88732910799996,-15.197878857999967],[-72.89270785699995,-15.199194857999942],[-72.89766698199992,-15.204353357999935],[-72.89992523199999,-15.20448210799998],[-72.90032973199999,-15.200616856999943],[-72.89980310699991,-15.195638607999967],[-72.89486698199988,-15.192984607999904],[-72.89170073299994,-15.19063960799997],[-72.89000698299992,-15.186862982999969],[-72.88456723199988,-15.184287106999875],[-72.88381960699996,-15.183190357999933],[-72.88416285699992,-15.179111482999929],[-72.88090510699993,-15.17426210799988],[-72.87541960699991,-15.167820982999956],[-72.87322235699992,-15.162731232999818],[-72.87120060699988,-15.1601753569999],[-72.86795048199991,-15.157642357999919],[-72.86525723199992,-15.149002982999832],[-72.86184698199992,-15.14536948299991],[-72.85990910699991,-15.138584106999929],[-72.85772710699985,-15.134496731999945],[-72.85408023199989,-15.129319231999943],[-72.84758760699998,-15.124420106999935],[-72.84958648199995,-15.116537107999875],[-72.8485639829999,-15.111105857999917],[-72.84682460799996,-15.10763260799996],[-72.84731298199989,-15.105076732999976],[-72.84928898299995,-15.102326357999857],[-72.84368898199989,-15.095139481999922],[-72.84320835799991,-15.093112982999969],[-72.8449859829999,-15.089896232999877],[-72.84826660699991,-15.086088232999941],[-72.85087585699989,-15.081500107999943],[-72.84910585699998,-15.078383481999879],[-72.84877010699984,-15.07528398199986],[-72.84948735799992,-15.072558357999924],[-72.85256198199994,-15.07148473299992],[-72.85626223199995,-15.06838898299992],[-72.85521698199989,-15.066365232999885],[-72.85604860699988,-15.063712107999947],[-72.85551448199993,-15.060702231999926],[-72.85375973199996,-15.058378232999928],[-72.85182185699983,-15.052954731999932],[-72.85226423199992,-15.049735982999948],[-72.85060885799999,-15.044573732999936],[-72.8466338579999,-15.04157548299986],[-72.84540560699998,-15.034723232999909],[-72.84641260699982,-15.029393232999894],[-72.84829710699995,-15.024506606999978],[-72.85130310699998,-15.02294073299987],[-72.85355373199997,-15.01971435799993],[-72.85540773299988,-15.019651357999976],[-72.85803235799995,-15.017678232999856],[-72.86389160699997,-15.015954981999982],[-72.86207585799997,-15.013386732999948],[-72.86195373199996,-15.009221107999906],[-72.85819235699995,-15.005963356999928],[-72.85524760699997,-15.002548107999871],[-72.8515243569999,-14.999590856999873],[-72.84506210699988,-14.997158982999906],[-72.83749385699997,-14.990319232999866],[-72.83260348199997,-14.988611232999915],[-72.83037585699998,-14.986665731999892],[-72.82894898199993,-14.983628107999948],[-72.82781223199993,-14.977744107999968],[-72.82638548199992,-14.975038482999935],[-72.82497410799994,-14.966484107999918],[-72.82682798199994,-14.954542107999941],[-72.83258060799994,-14.949171981999882],[-72.83322910799995,-14.944285356999956],[-72.8344726069999,-14.942594482999937],[-72.8377991079999,-14.940764482999953],[-72.84082035699993,-14.938020732999973],[-72.84062960799997,-14.933419231999892],[-72.84316248299984,-14.929695106999873],[-72.84780123299998,-14.925149856999951],[-72.84674835699997,-14.91972248299993],[-72.84776310699993,-14.917130481999891],[-72.8472747319999,-14.914230357999827],[-72.8456268569999,-14.911097482999935],[-72.84825898199989,-14.901512106999917],[-72.85163110799994,-14.899984357999813],[-72.85501860799991,-14.899872731999892],[-72.85928348199991,-14.898710232999974],[-72.86326598199992,-14.895992232999902],[-72.86322023299994,-14.890201606999938],[-72.86562348299992,-14.88619235799996],[-72.86115260699995,-14.882813482999893],[-72.86058048299992,-14.880236606999858],[-72.86241910799993,-14.87828923199993],[-72.86608123199989,-14.877315482999904],[-72.86888885799993,-14.874394357999904],[-72.87192535799988,-14.867482231999873],[-72.87178798199989,-14.864090856999951],[-72.86869048299997,-14.858846607999908],[-72.86869048199986,-14.855388607999942],[-72.87054448199996,-14.852353107999875],[-72.87543485799995,-14.85038848299996],[-72.87778473299994,-14.846543356999973],[-72.87651060699994,-14.843300856999974],[-72.86671448299995,-14.83302785699982],[-72.86529535699998,-14.827397357999871],[-72.86560060799991,-14.823684732999936],[-72.87162785699996,-14.814719231999902],[-72.87200923199993,-14.810773856999958],[-72.87098698199998,-14.808004356999959],[-72.86539448299999,-14.803235856999947],[-72.85920710799991,-14.801047357999892],[-72.85530085699992,-14.798168231999966],[-72.84725185699989,-14.797011356999974],[-72.84518435699988,-14.79604810799998],[-72.84123235699991,-14.796220731999938],[-72.83862310699993,-14.795257607999929],[-72.83612060799993,-14.789028107999968],[-72.83579248199987,-14.78107448299994],[-72.83776098199996,-14.77778535699997],[-72.83924860699994,-14.772869106999963],[-72.83966060699998,-14.768993356999829],[-72.84156023299988,-14.76385110699988],[-72.84635923299993,-14.75994010699992],[-72.84256748199982,-14.757659857999897],[-72.84215560699994,-14.753688856999872],[-72.84045410699991,-14.748958606999906],[-72.83969873299998,-14.744985606999933],[-72.83761598199993,-14.743897481999966],[-72.83335873199985,-14.736281356999939],[-72.83340435699989,-14.733064607999893],[-72.83255773199994,-14.725496232999944],[-72.83274835699996,-14.720339732999946],[-72.8308563569999,-14.715467481999895],[-72.82689660799986,-14.71201035799993],[-72.82669073199997,-14.70814898299983],[-72.82857510699989,-14.702628106999896],[-72.82594298299989,-14.699990231999948],[-72.82292935799995,-14.695291482999949],[-72.82049560699994,-14.692534482999974],[-72.81792435699998,-14.687434232999976],[-72.81488035699994,-14.685836732999974],[-72.81337735699992,-14.683252356999901],[-72.80593110799987,-14.67556473299993],[-72.80447398299998,-14.673255981999944],[-72.80316923199996,-14.667077106999955],[-72.8009872319999,-14.664356231999875],[-72.79788973199993,-14.658967982999854],[-72.79165648199995,-14.65496535699998],[-72.78969573199998,-14.650213231999942],[-72.78510285799996,-14.65530685799996],[-72.77947998199994,-14.660707481999964],[-72.77400973199985,-14.66407398199982],[-72.77040860699998,-14.664712856999927],[-72.76593785699998,-14.66421885699998],[-72.76157373199993,-14.662916232999862],[-72.7582854819999,-14.66104510699995],[-72.75320435699996,-14.656935731999909],[-72.74947360699991,-14.652914106999958],[-72.74377435799988,-14.649703106999937],[-72.74158473199992,-14.6449108569999],[-72.73406985699995,-14.646458606999886],[-72.72935485699992,-14.646550232999914],[-72.72582248299994,-14.644025857999964],[-72.72573848299999,-14.651627481999924],[-72.72299960799995,-14.657297106999977],[-72.72541810699988,-14.662633106999976],[-72.7260666069999,-14.666189231999965],[-72.72485335799996,-14.671052981999935],[-72.72470860699997,-14.675900481999918],[-72.72309873199998,-14.67725185699993],[-72.71901698199997,-14.677460732999975],[-72.71520998299991,-14.680073731999812],[-72.71170810699988,-14.680192981999824],[-72.70167535699994,-14.678470606999952],[-72.69763185699998,-14.679063856999903],[-72.6960907319999,-14.680964481999979],[-72.69585423199999,-14.683874106999951],[-72.69064335799993,-14.688655856999958],[-72.68799585699992,-14.686607481999943],[-72.68431848199992,-14.68250948299982],[-72.67903898299994,-14.678778606999856],[-72.67414098199993,-14.676988606999885],[-72.66950985699998,-14.67604360699994],[-72.66687010699997,-14.676757856999814],[-72.66326898199992,-14.676186606999977],[-72.66105648199994,-14.674081857999909],[-72.65713498199989,-14.674010232999933],[-72.65183260699996,-14.669033981999974]]]]},"properties":{"ubigeo":"040804","nombre":"HUAYNACOTAS"}},{"type":"Feature","geometry":{"type":"MultiPolygon","coordinates":[[[[-72.84682460699997,-14.759823856999901],[-72.84635923299993,-14.75994010699992],[-72.84156023299988,-14.76385110699988],[-72.83966060699998,-14.768993356999829],[-72.83924860699994,-14.772869106999963],[-72.83776098199996,-14.77778535699997],[-72.83579248199987,-14.78107448299994],[-72.83612060799993,-14.789028107999968],[-72.83862310699993,-14.795257607999929],[-72.84123235699991,-14.796220731999938],[-72.84518435699988,-14.79604810799998],[-72.84725185699989,-14.797011356999974],[-72.85530085699992,-14.798168231999966],[-72.85920710799991,-14.801047357999892],[-72.86539448299999,-14.803235856999947],[-72.87098698199998,-14.808004356999959],[-72.87200923199993,-14.810773856999958],[-72.87162785699996,-14.814719231999902],[-72.86560060799991,-14.823684732999936],[-72.86529535699998,-14.827397357999871],[-72.86671448299995,-14.83302785699982],[-72.87651060699994,-14.843300856999974],[-72.87778473299994,-14.846543356999973],[-72.87543485799995,-14.85038848299996],[-72.87054448199996,-14.852353107999875],[-72.86869048199986,-14.855388607999942],[-72.86869048299997,-14.858846607999908],[-72.87178798199989,-14.864090856999951],[-72.87192535799988,-14.867482231999873],[-72.86888885799993,-14.874394357999904],[-72.86608123199989,-14.877315482999904],[-72.86241910799993,-14.87828923199993],[-72.86058048299992,-14.880236606999858],[-72.86115260699995,-14.882813482999893],[-72.86562348299992,-14.88619235799996],[-72.86322023299994,-14.890201606999938],[-72.86326598199992,-14.895992232999902],[-72.85928348199991,-14.898710232999974],[-72.85501860799991,-14.899872731999892],[-72.85163110799994,-14.899984357999813],[-72.84825898199989,-14.901512106999917],[-72.8456268569999,-14.911097482999935],[-72.8472747319999,-14.914230357999827],[-72.84776310699993,-14.917130481999891],[-72.84674835699997,-14.91972248299993],[-72.84780123299998,-14.925149856999951],[-72.84316248299984,-14.929695106999873],[-72.84062960799997,-14.933419231999892],[-72.84082035699993,-14.938020732999973],[-72.8377991079999,-14.940764482999953],[-72.8344726069999,-14.942594482999937],[-72.83322910799995,-14.944285356999956],[-72.83258060799994,-14.949171981999882],[-72.82682798199994,-14.954542107999941],[-72.82497410799994,-14.966484107999918],[-72.82638548199992,-14.975038482999935],[-72.82781223199993,-14.977744107999968],[-72.82894898199993,-14.983628107999948],[-72.83037585699998,-14.986665731999892],[-72.83260348199997,-14.988611232999915],[-72.83749385699997,-14.990319232999866],[-72.84506210699988,-14.997158982999906],[-72.8515243569999,-14.999590856999873],[-72.85524760699997,-15.002548107999871],[-72.85819235699995,-15.005963356999928],[-72.86195373199996,-15.009221107999906],[-72.86207585799997,-15.013386732999948],[-72.86389160699997,-15.015954981999982],[-72.85803235799995,-15.017678232999856],[-72.85540773299988,-15.019651357999976],[-72.85355373199997,-15.01971435799993],[-72.85130310699998,-15.02294073299987],[-72.84829710699995,-15.024506606999978],[-72.84641260699982,-15.029393232999894],[-72.84540560699998,-15.034723232999909],[-72.8466338579999,-15.04157548299986],[-72.85060885799999,-15.044573732999936],[-72.85226423199992,-15.049735982999948],[-72.85182185699983,-15.052954731999932],[-72.85375973199996,-15.058378232999928],[-72.85551448199993,-15.060702231999926],[-72.85604860699988,-15.063712107999947],[-72.85521698199989,-15.066365232999885],[-72.85626223199995,-15.06838898299992],[-72.85256198199994,-15.07148473299992],[-72.84948735799992,-15.072558357999924],[-72.84877010699984,-15.07528398199986],[-72.84910585699998,-15.078383481999879],[-72.85087585699989,-15.081500107999943],[-72.84826660699991,-15.086088232999941],[-72.8449859829999,-15.089896232999877],[-72.84320835799991,-15.093112982999969],[-72.84368898199989,-15.095139481999922],[-72.84928898299995,-15.102326357999857],[-72.84731298199989,-15.105076732999976],[-72.84682460799996,-15.10763260799996],[-72.8485639829999,-15.111105857999917],[-72.84958648199995,-15.116537107999875],[-72.84758760699998,-15.124420106999935],[-72.85408023199989,-15.129319231999943],[-72.85772710699985,-15.134496731999945],[-72.85990910699991,-15.138584106999929],[-72.86184698199992,-15.14536948299991],[-72.86525723199992,-15.149002982999832],[-72.86795048199991,-15.157642357999919],[-72.87120060699988,-15.1601753569999],[-72.87322235699992,-15.162731232999818],[-72.87541960699991,-15.167820982999956],[-72.88090510699993,-15.17426210799988],[-72.88416285699992,-15.179111482999929],[-72.88381960699996,-15.183190357999933],[-72.88456723199988,-15.184287106999875],[-72.89000698299992,-15.186862982999969],[-72.89170073299994,-15.19063960799997],[-72.89486698199988,-15.192984607999904],[-72.89980310699991,-15.195638607999967],[-72.90032973199999,-15.200616856999943],[-72.89992523199999,-15.20448210799998],[-72.90325923299997,-15.204355231999955],[-72.90641798199994,-15.200935357999981],[-72.90838623299999,-15.194216732999905],[-72.91168210699993,-15.191492107999977],[-72.91474910799997,-15.195694982999896],[-72.91736598199992,-15.197524857999895],[-72.91800685699985,-15.203203232999954],[-72.9190521079999,-15.205950732999895],[-72.9214782329999,-15.208785107999972],[-72.92472073199997,-15.209511732999943],[-72.9272232319999,-15.211459107999872],[-72.93155673199993,-15.212472857999899],[-72.93464660799987,-15.21448423299995],[-72.93661498199992,-15.219383232999974],[-72.94179535799998,-15.222972857999935],[-72.94367223299997,-15.22553923299995],[-72.94680023199993,-15.227011731999823],[-72.95022585799995,-15.232339982999974],[-72.95066835699998,-15.22840598299996],[-72.95196535699984,-15.225035606999938],[-72.95912935699988,-15.21669573299988],[-72.96866610799992,-15.211727107999934],[-72.97550960799992,-15.21297173299996],[-72.98085023199997,-15.208778357999847],[-72.98429110799998,-15.207239107999953],[-72.98805998299997,-15.201374982999937],[-72.99149323299991,-15.197410606999938],[-72.99247735799992,-15.191120106999847],[-72.9948347319999,-15.184343356999932],[-73.00968173299992,-15.168633481999962],[-73.01368710699995,-15.161596357999883],[-73.01473235799995,-15.15734098299987],[-73.02059173299995,-15.15011973299994],[-73.02320098199993,-15.145186481999872],[-73.0253753579999,-15.14227398199995],[-73.02962498299996,-15.139925857999913],[-73.03089910799997,-15.136805481999943],[-73.0331878579999,-15.134606357999871],[-73.03594973199989,-15.133695607999925],[-73.03387935799992,-15.133265232999918],[-73.02672560699989,-15.129758356999957],[-73.02275860799995,-15.131892106999828],[-73.02201573199994,-15.129258106999941],[-73.01956935699991,-15.124746357999925],[-73.01921085799995,-15.12216085699987],[-73.0199889829999,-15.110774982999885],[-73.02129360799995,-15.106797232999952],[-73.02284998299996,-15.104435982999973],[-73.02309423299988,-15.098345607999931],[-73.02452848199994,-15.091757732999895],[-73.02297210699993,-15.088463731999923],[-73.01864623299991,-15.083957857999962],[-73.01778410799994,-15.079426732999877],[-73.01597598299998,-15.07598585799991],[-73.01095585699994,-15.073109607999982],[-73.0061874829999,-15.06829073299997],[-73.00424198199988,-15.06412698299988],[-73.00437923199996,-15.057863231999875],[-73.00745385799996,-15.053825357999926],[-73.00775148299994,-15.050298731999874],[-73.0048522319999,-15.043464606999919],[-73.00502023199988,-15.035262107999927],[-73.00592798299994,-15.030914356999972],[-73.00515748199996,-15.025177981999889],[-73.00572210799987,-15.02014060799985],[-73.00480648199994,-15.014015232999895],[-73.00534823199985,-15.009316482999964],[-73.00304410699988,-15.00153923199997],[-73.00054173299998,-14.999366731999885],[-72.99884798299996,-14.993717232999927],[-72.99578098299997,-14.989891107999881],[-72.99268335799991,-14.987638482999898],[-72.98851773199993,-14.987011732999918],[-72.98497773199995,-14.985517606999963],[-72.98295598299984,-14.983709357999885],[-72.98298648199994,-14.972080232999929],[-72.98665623199992,-14.956103357999893],[-72.98986810699995,-14.954623232999893],[-72.99172210699993,-14.952433606999932],[-72.99520110699996,-14.94296548299991],[-73.0001373579999,-14.938901857999952],[-73.00651548299999,-14.93115998299993],[-73.00856035799995,-14.927814481999974],[-73.01206223299988,-14.92483048299988],[-73.02134710699994,-14.915499732999876],[-73.02504735699995,-14.910759981999945],[-73.03146360699998,-14.9000511079999],[-73.03153985699998,-14.89568323299983],[-73.02648923199996,-14.891076107999936],[-73.02516935799991,-14.887788731999876],[-73.0265884829999,-14.883845357999917],[-73.02388760699989,-14.8775816079999],[-73.01876835799999,-14.871410356999831],[-73.01736448299994,-14.863082856999938],[-73.01485448299991,-14.858416606999924],[-73.0142059829999,-14.855708106999941],[-73.0047759819999,-14.841656732999922],[-73.00349423299991,-14.837357356999917],[-73.00379185799994,-14.83248998199997],[-73.00481410799995,-14.827375357999927],[-73.00286860799991,-14.821976606999897],[-73.00278473299994,-14.814986231999967],[-72.99627685799987,-14.810747107999873],[-72.99533848299995,-14.807443607999915],[-72.99322510799988,-14.804121982999902],[-72.99114985799986,-14.803670856999872],[-72.98181910699992,-14.80648035799993],[-72.9793167329999,-14.80613323199998],[-72.97740935799999,-14.804364231999955],[-72.97543335699993,-14.800653481999973],[-72.96926885799996,-14.79514885799989],[-72.96306610699992,-14.793171857999937],[-72.96006010699989,-14.788324356999851],[-72.95819085799997,-14.782854981999947],[-72.9548036079999,-14.777462981999918],[-72.94978335799993,-14.773817981999969],[-72.94878385699985,-14.771823857999891],[-72.94553360799995,-14.769179356999928],[-72.94272610799999,-14.76541435799993],[-72.93742373199996,-14.76315210699994],[-72.93504335799992,-14.762762106999844],[-72.92992398299998,-14.75816635699988],[-72.92057798199994,-14.75793185699996],[-72.91835023199991,-14.759862982999948],[-72.91770935799991,-14.762257607999913],[-72.91318510799994,-14.766031357999964],[-72.91062160699994,-14.769486481999934],[-72.90643310799993,-14.770688982999957],[-72.9020614829999,-14.76991848199998],[-72.89360810699992,-14.771976482999833],[-72.88927460699983,-14.771409981999852],[-72.88534548199988,-14.772226356999965],[-72.88233948299995,-14.771428107999952],[-72.88027948299987,-14.76667398199993],[-72.87602998199998,-14.76541435799993],[-72.87161260699997,-14.761422106999817],[-72.86643223199997,-14.763056732999871],[-72.86222835799987,-14.762931857999945],[-72.8589172319999,-14.76381685799987],[-72.85663610799998,-14.762659982999935],[-72.85282123299999,-14.763103481999906],[-72.84682460699997,-14.759823856999901]]]]},"properties":{"ubigeo":"040805","nombre":"PAMPAMARCA"}},{"type":"Feature","geometry":{"type":"MultiPolygon","coordinates":[[[[-72.31544485699993,-14.833863231999942],[-72.31360623199987,-14.838751732999924],[-72.31018823199986,-14.842390981999927],[-72.30958560699992,-14.847552357999973],[-72.30837248199998,-14.852560981999943],[-72.30697635699994,-14.855560232999949],[-72.31031798199996,-14.864053731999888],[-72.31013485699998,-14.865979231999972],[-72.30755610699993,-14.868113482999888],[-72.30653385699992,-14.870310732999883],[-72.30672460699998,-14.87328335799998],[-72.30866235699989,-14.877445107999904],[-72.30780023199998,-14.881718607999971],[-72.30300135699991,-14.886521356999936],[-72.30193323199995,-14.895695731999979],[-72.30240635699982,-14.899540857999966],[-72.3054657319999,-14.907646106999948],[-72.31033323199995,-14.916261732999942],[-72.31488785699997,-14.922538732999897],[-72.31812285699993,-14.924834232999956],[-72.32307435699988,-14.930916731999957],[-72.32837685699997,-14.930562982999902],[-72.33247373199998,-14.932118357999911],[-72.3344573569999,-14.936362231999965],[-72.33721923199988,-14.938484107999841],[-72.34500898199997,-14.93848798199997],[-72.35117335699994,-14.94198035799991],[-72.35950473199995,-14.944450356999937],[-72.36665360699999,-14.947646106999912],[-72.37070460699988,-14.956475231999946],[-72.37330623199995,-14.95828723299985],[-72.37567898099996,-14.958320607999951],[-72.37702935699997,-14.956508606999932],[-72.38217160699992,-14.955190606999963],[-72.38727573199992,-14.95617860699997],[-72.39916223199992,-14.957482357999936],[-72.40155023199998,-14.962958356999877],[-72.40270235699984,-14.966947607999828],[-72.40322110699992,-14.975891107999871],[-72.40251160699995,-14.981296481999834],[-72.40303035699998,-14.983741732999931],[-72.41031648199993,-14.993303357999935],[-72.41509248199986,-14.993160232999912],[-72.42831423199993,-14.996554357999969],[-72.43270110699984,-14.99655435699998],[-72.43786623199998,-14.998224232999974],[-72.44548048199994,-15.00265210799995],[-72.44847110699999,-15.003390356999944],[-72.45400235699998,-15.00747960699988],[-72.46002960699997,-15.007685606999871],[-72.46711735699995,-15.009876232999943],[-72.4723511069999,-15.01652723299992],[-72.4680862319999,-15.017849982999962],[-72.46183773199994,-15.0227937329999],[-72.46121973199996,-15.02602560799994],[-72.46326448199994,-15.029041232999873],[-72.4676666069999,-15.031701982999948],[-72.47036748199992,-15.031818357999896],[-72.47592148199993,-15.036042232999876],[-72.48337560699991,-15.038113606999957],[-72.48707585699992,-15.038632357999973],[-72.49124910699999,-15.040060981999943],[-72.49876398199996,-15.045085731999961],[-72.50672910699996,-15.049070356999948],[-72.51998898199992,-15.048697482999899],[-72.52264398199998,-15.04942985799994],[-72.52501673199998,-15.051834107999923],[-72.5269241069999,-15.05861760699986],[-72.52500148199988,-15.061892481999905],[-72.52041623199995,-15.062834732999931],[-72.51599110699982,-15.06643773299993],[-72.51476285699988,-15.068280231999893],[-72.51517485699998,-15.07286548299993],[-72.50698848199994,-15.074257857999953],[-72.50448610699993,-15.07773785799992],[-72.49867248199996,-15.079417232999958],[-72.49584960699997,-15.088096606999954],[-72.48857110699993,-15.098445732999949],[-72.48527523199988,-15.109497982999926],[-72.48750310699995,-15.111144107999962],[-72.48878473199994,-15.116876607999927],[-72.48990635699994,-15.118226982999886],[-72.49088273199999,-15.125849731999836],[-72.49235523199997,-15.129368732999922],[-72.49894710699994,-15.134187731999873],[-72.49954223199995,-15.136941857999943],[-72.49790185699993,-15.14006810799998],[-72.49752798199995,-15.14557648199991],[-72.50580598199997,-15.153082857999891],[-72.50627135699995,-15.155333482999936],[-72.50423435699997,-15.157116732999953],[-72.50196073199999,-15.162270607999972],[-72.50099948199994,-15.166020357999912],[-72.4970779819999,-15.166020357999912],[-72.49716185699992,-15.169272482999872],[-72.50106823199991,-15.171858731999976],[-72.50444035699996,-15.173235857999885],[-72.50601960699998,-15.177988107999965],[-72.50905610699994,-15.181018857999845],[-72.51442723199983,-15.183498357999895],[-72.51883698199993,-15.183498357999895],[-72.5201187319999,-15.18764210799992],[-72.52313235699995,-15.190224607999937],[-72.52818298199998,-15.197658481999952],[-72.53094485699995,-15.20023635799987],[-72.53599548199998,-15.20164685799989],[-72.54188535699996,-15.204339981999965],[-72.54391485699989,-15.203220357999953],[-72.54889673199989,-15.202872232999937],[-72.56035610699985,-15.200929607999967],[-72.57189173199987,-15.20027160799998],[-72.58292385699997,-15.204252232999977],[-72.58931735699997,-15.208531356999913],[-72.59197235799991,-15.213812857999926],[-72.59645085699992,-15.21737873199993],[-72.59825135699987,-15.222609482999928],[-72.60068510699995,-15.224639107999963],[-72.60501860699998,-15.224548357999936],[-72.60997773199995,-15.220039357999951],[-72.61254885699998,-15.219542482999884],[-72.61979673199994,-15.220455107999896],[-72.62232210699995,-15.221597732999953],[-72.62687685699984,-15.22514535799985],[-72.63211823199998,-15.225463857999898],[-72.63177485799991,-15.223662357999956],[-72.62933348199988,-15.22113135799998],[-72.63095098199994,-15.211937857999942],[-72.63386535699993,-15.203239482999948],[-72.63401798199999,-15.199261607999972],[-72.63705448299993,-15.197355232999882],[-72.63851923199991,-15.195239982999908],[-72.64276123199988,-15.182723107999891],[-72.64093785699998,-15.17633723299997],[-72.64061735699994,-15.167779107999934],[-72.63956448199997,-15.162500357999875],[-72.63971710699997,-15.157931357999871],[-72.64341735699998,-15.153370857999903],[-72.6450042319999,-15.150140732999887],[-72.64537810799993,-15.14643273299987],[-72.65060410699988,-15.139236482999877],[-72.65350335799997,-15.13691423299997],[-72.65937048199993,-15.13337423299987],[-72.66287998199988,-15.130728731999909],[-72.67108923199993,-15.120641732999957],[-72.67581173199989,-15.11969848299998],[-72.67950435699998,-15.116499857999827],[-72.68675235699999,-15.11431410699987],[-72.69528198199998,-15.113697107999826],[-72.70014185699989,-15.114945357999886],[-72.70664973199996,-15.111740107999822],[-72.70914460699998,-15.11183548299988],[-72.71467585699997,-15.113830607999944],[-72.71708673199993,-15.113869607999959],[-72.72273248199997,-15.11110873299998],[-72.72238160699999,-15.107993981999925],[-72.72739410699995,-15.10096648299998],[-72.72902673299996,-15.099732357999812],[-72.73607635799988,-15.096983856999941],[-72.73632048299999,-15.095099482999899],[-72.73912048199986,-15.087762857999962],[-72.73932648199985,-15.081496232999939],[-72.74237060799993,-15.077779732999943],[-72.73741148299996,-15.078318607999961],[-72.73278048199995,-15.077155982999955],[-72.72711960699996,-15.074902482999903],[-72.72396848199992,-15.07136923299987],[-72.72379298299995,-15.06708810799995],[-72.72094723299989,-15.062632607999888],[-72.71789548199996,-15.06114860799994],[-72.71376035699996,-15.060533481999926],[-72.71195998199994,-15.059376731999976],[-72.70996098299992,-15.056003606999923],[-72.70939635699995,-15.051092107999978],[-72.71077723199994,-15.047855356999946],[-72.71269223199994,-15.046664231999898],[-72.7135162319999,-15.042577607999931],[-72.71340948199997,-15.038749731999928],[-72.71429448199984,-15.036683981999943],[-72.71362310699988,-15.033307106999871],[-72.71479798199994,-15.025867482999956],[-72.71136460799988,-15.02197460799988],[-72.71258548199984,-15.018427857999882],[-72.71408085799993,-15.017326357999877],[-72.71678160699992,-15.010357857999907],[-72.7157134819999,-15.008121481999979],[-72.71278385699998,-15.00590035699986],[-72.71256260799998,-15.000384357999963],[-72.71308135699991,-14.998150731999829],[-72.71102910699994,-14.99549773299998],[-72.71160885799992,-14.991660107999962],[-72.71508023199993,-14.988262107999901],[-72.71714785699993,-14.987505856999974],[-72.72013860699997,-14.981986106999955],[-72.72031398199988,-14.974743857999897],[-72.72332760799992,-14.971787481999968],[-72.72540285699995,-14.96670723199992],[-72.72621160699998,-14.962398606999955],[-72.72492223199998,-14.957838106999816],[-72.72498323199994,-14.954572731999974],[-72.72273248199997,-14.949117606999835],[-72.72002410699997,-14.946263232999911],[-72.71766660699996,-14.93926148199995],[-72.71771235799991,-14.937484731999916],[-72.7135696069999,-14.929529232999982],[-72.71031185699991,-14.92713835799998],[-72.70862573199992,-14.92486473199989],[-72.70479585699997,-14.922923981999872],[-72.70088198199994,-14.924648231999981],[-72.69939423199997,-14.917666482999891],[-72.6980057319999,-14.914886481999929],[-72.69556423199998,-14.913341482999897],[-72.69406123199997,-14.910064732999956],[-72.69191735699991,-14.908654232999936],[-72.69086460699998,-14.90581035699995],[-72.68822473199992,-14.90434173299991],[-72.68538660699994,-14.897730857999875],[-72.68652348199993,-14.895576481999967],[-72.68715673199995,-14.891167606999943],[-72.68576048299997,-14.887400607999837],[-72.68298335799994,-14.886486107999929],[-72.68115998199988,-14.883984607999878],[-72.68037410699998,-14.878503857999931],[-72.68057248199995,-14.872384981999915],[-72.6798019819999,-14.867910356999971],[-72.67853560799995,-14.86563685799996],[-72.67887873299998,-14.863234482999871],[-72.6758346069999,-14.85492998199993],[-72.67620848199994,-14.851757981999924],[-72.67804723199993,-14.850068107999903],[-72.67965698199998,-14.846517607999942],[-72.67897035699991,-14.8436584829999],[-72.68024448299991,-14.84054660799984],[-72.67761235699999,-14.83863635699987],[-72.67580410699998,-14.83452123199993],[-72.67624660699988,-14.831028857999968],[-72.67424773299996,-14.82817935699984],[-72.67282873199997,-14.817958856999894],[-72.67193598299991,-14.817140607999875],[-72.66921235799998,-14.806657857999937],[-72.66703035699993,-14.802967106999915],[-72.66581723299998,-14.798339981999959],[-72.66593173299998,-14.795126856999957],[-72.66424560799999,-14.786333981999917],[-72.66045385699988,-14.781948981999903],[-72.65747835799988,-14.779375106999964],[-72.65603635699995,-14.77672673199993],[-72.6530074829999,-14.77430060699993],[-72.6486053569999,-14.772445731999937],[-72.64748385699994,-14.768711106999945],[-72.6445542329999,-14.769308981999927],[-72.6395797319999,-14.76676935799992],[-72.63498685699994,-14.768610981999814],[-72.63130948199995,-14.765153857999849],[-72.62868498199998,-14.767123231999904],[-72.62147535699995,-14.765708981999865],[-72.61748510699994,-14.768422107999982],[-72.61399073199988,-14.767559107999887],[-72.60971835699996,-14.763746231999903],[-72.60652160699988,-14.762041107999949],[-72.60181423199998,-14.761974356999929],[-72.59936523199991,-14.762935607999964],[-72.59761810699996,-14.760287231999882],[-72.59225460699992,-14.758664107999948],[-72.59382623199991,-14.756582232999904],[-72.59477998199998,-14.753242481999905],[-72.59639735699994,-14.743513106999956],[-72.59474185699992,-14.74136923199984],[-72.59615323199989,-14.736140232999901],[-72.59613023199995,-14.734009731999947],[-72.5922546079999,-14.727048857999876],[-72.59326935699994,-14.719618857999933],[-72.59452060799998,-14.71705623199989],[-72.5943756069999,-14.713675481999928],[-72.59192660699995,-14.713619231999928],[-72.58865360699997,-14.710107856999969],[-72.58509823199995,-14.707862856999952],[-72.58687585799993,-14.703268106999928],[-72.58456423199988,-14.696201356999893],[-72.57724760699989,-14.686616856999933],[-72.57031248199996,-14.682736357999943],[-72.56763460699989,-14.681862857999874],[-72.56077573199991,-14.678380982999897],[-72.55432123199995,-14.678421981999918],[-72.5510253569999,-14.675201356999878],[-72.5481796069999,-14.674575856999923],[-72.54340360699996,-14.674646357999904],[-72.53921510699996,-14.67289448199989],[-72.53318035699994,-14.669370606999905],[-72.52539060699985,-14.66712873199998],[-72.52292635699996,-14.667722731999902],[-72.51919560699992,-14.6700211079999],[-72.51115423199991,-14.671439232999944],[-72.50770573199998,-14.668900481999913],[-72.50566098199988,-14.664681481999878],[-72.50173948199995,-14.663760232999948],[-72.49713135699989,-14.6644592319999],[-72.48925785699998,-14.664441106999902],[-72.48507685699991,-14.665341231999946],[-72.48281098199993,-14.664869357999976],[-72.47709660699996,-14.658203106999963],[-72.47177123199998,-14.661398856999881],[-72.47126010699998,-14.662799856999982],[-72.46616360699988,-14.66509435699993],[-72.46314235699987,-14.66810985799998],[-72.46242523199993,-14.672018106999928],[-72.46025848199997,-14.67622360699994],[-72.46195223199999,-14.681490856999915],[-72.46454623199992,-14.683615731999964],[-72.46624760699984,-14.687226357999918],[-72.46658323199989,-14.689817481999967],[-72.46846010699994,-14.693101857999977],[-72.46894835699993,-14.698314606999872],[-72.47129823199992,-14.701498981999919],[-72.47193910699991,-14.705789606999929],[-72.47597498199991,-14.707998231999966],[-72.48268885699997,-14.710632356999952],[-72.48612973199988,-14.712543482999877],[-72.48770123199989,-14.716154106999966],[-72.48748773199998,-14.720062232999908],[-72.48846435699988,-14.723461107999924],[-72.48654935699989,-14.72524548299998],[-72.48565673199994,-14.728091107999944],[-72.48264310699989,-14.730405856999823],[-72.4846572319999,-14.73821835699988],[-72.48696898199995,-14.740630106999959],[-72.48479473199995,-14.745552981999879],[-72.48101048199999,-14.748901356999966],[-72.47933198199985,-14.752685606999933],[-72.47956848199988,-14.754862732999925],[-72.47294610699993,-14.75737760699991],[-72.47019185699997,-14.76004510699994],[-72.4686356069999,-14.764020106999908],[-72.47094735699994,-14.774774607999973],[-72.46887973199995,-14.781043981999915],[-72.4697189819999,-14.783794357999852],[-72.46918485699996,-14.78698923199994],[-72.46628573199996,-14.787009231999946],[-72.46527098199994,-14.784393356999942],[-72.46189885699994,-14.78286260799996],[-72.45421598199988,-14.783329981999884],[-72.45090485699995,-14.784110106999947],[-72.44965360699996,-14.786839481999891],[-72.44700623199986,-14.78960798299994],[-72.44470973199992,-14.790779106999935],[-72.43960573199996,-14.791047106999883],[-72.43537898199997,-14.789908356999888],[-72.43393710699996,-14.791146232999836],[-72.43342573199993,-14.796246482999948],[-72.43234248199991,-14.798689856999943],[-72.43041223199998,-14.799992481999936],[-72.42308048199999,-14.80274585799998],[-72.41960910699999,-14.806316357999947],[-72.41811373199982,-14.810667982999917],[-72.41884610699992,-14.815679607999982],[-72.41863248199991,-14.82024385699998],[-72.41671748199991,-14.822833982999953],[-72.40647885699991,-14.827085481999916],[-72.40196223199996,-14.826591606999898],[-72.39568323199995,-14.825007481999933],[-72.39104460699991,-14.825234356999886],[-72.38548273199996,-14.826984356999901],[-72.37862398199997,-14.826304482999944],[-72.37530523199996,-14.82763098199996],[-72.36660760699993,-14.827554732999943],[-72.36250310699995,-14.828784981999945],[-72.35277560599997,-14.82772060799988],[-72.35014348099998,-14.827785607999942],[-72.34132385699996,-14.829412482999885],[-72.33632660699993,-14.829400107999959],[-72.32954410699989,-14.832247731999928],[-72.32502748199994,-14.833319607999954],[-72.31838973199996,-14.834089231999883],[-72.31544485699993,-14.833863231999942]]]]},"properties":{"ubigeo":"040806","nombre":"PUYCA"}},{"type":"Feature","geometry":{"type":"MultiPolygon","coordinates":[[[[-72.95873260699994,-15.241658232999953],[-72.96038823299995,-15.24338148299995],[-72.96513360699993,-15.244941732999905],[-72.96633148199993,-15.248824107999894],[-72.96555323199993,-15.252397481999878],[-72.96742248199996,-15.257855357999915],[-72.97128298299998,-15.258160607999969],[-72.97662348199998,-15.260489482999901],[-72.97833248299992,-15.262315732999923],[-72.98113248199996,-15.263027232999832],[-72.9813994829999,-15.264585482999962],[-72.97907260799997,-15.267548607999913],[-72.97711948299991,-15.273673982999924],[-72.97810360799997,-15.275740607999978],[-72.9775543579999,-15.28001973299996],[-72.97827910699993,-15.283363357999974],[-72.98103335699994,-15.289876856999967],[-72.98676298299995,-15.29062748299998],[-72.99198910699994,-15.289785357999847],[-72.99861148299993,-15.292451857999936],[-73.00370773299989,-15.291588732999912],[-73.00981898299983,-15.2858972329999],[-73.01200098199996,-15.277804357999912],[-73.01450348299983,-15.283662857999957],[-73.01673123299992,-15.293998732999853],[-73.01593023299984,-15.29800123299998],[-73.01985173299994,-15.302400607999914],[-73.02437585699988,-15.303156857999966],[-73.03125760799998,-15.306017857999905],[-73.02922823299991,-15.307919482999978],[-73.02741235699995,-15.313033107999843],[-73.02805323199988,-15.314966982999977],[-73.03101348299992,-15.31615060799993],[-73.03523248299996,-15.315972357999954],[-73.03753660699994,-15.318670232999978],[-73.04432673199994,-15.321683857999915],[-73.04524998199997,-15.323614107999845],[-73.04273985699996,-15.3379057329999],[-73.04276273299996,-15.341228482999952],[-73.04506685699994,-15.343688982999936],[-73.04875948199998,-15.344309857999974],[-73.05250548199996,-15.346482107999861],[-73.05572510799993,-15.345334982999873],[-73.06002810699994,-15.342133482999941],[-73.06584173299996,-15.340913732999923],[-73.06824498199984,-15.341461232999904],[-73.07048035799994,-15.340716357999952],[-73.0745621069999,-15.34197235799985],[-73.08225248199994,-15.342353857999967],[-73.08434298199995,-15.34132385799984],[-73.08513635699995,-15.33879473299993],[-73.08811948299996,-15.335674232999907],[-73.09566485799996,-15.336105357999884],[-73.10090635799997,-15.334703482999885],[-73.10746760799998,-15.336839732999977],[-73.11135860799999,-15.335804982999889],[-73.11829373199993,-15.332176107999942],[-73.12165073299997,-15.330961232999982],[-73.12554173299992,-15.325912482999854],[-73.12631985799993,-15.318320232999952],[-73.1275787329999,-15.316715232999968],[-73.12715148299998,-15.312564857999917],[-73.12824248299995,-15.307898481999928],[-73.12986760799993,-15.306133232999969],[-73.13479610799993,-15.304946857999937],[-73.1381836079999,-15.304961232999972],[-73.14138035699995,-15.307607607999898],[-73.14395910699994,-15.308029232999957],[-73.14844510799998,-15.307042107999905],[-73.1510926069999,-15.309406232999947],[-73.15559385699999,-15.310999857999832],[-73.15798185799997,-15.314355857999942],[-73.16199485699991,-15.31468385799991],[-73.16419223199983,-15.314001982999969],[-73.16596985699994,-15.309418732999916],[-73.17213435799988,-15.306076107999957],[-73.16966248299991,-15.304203107999967],[-73.16774748299991,-15.300035482999931],[-73.16350573299997,-15.295775357999958],[-73.1628264819999,-15.290862982999897],[-73.16004185799989,-15.286355982999964],[-73.1540298569999,-15.284108982999953],[-73.15295410699991,-15.283064857999875],[-73.15191648299992,-15.278351732999909],[-73.15020748299992,-15.276501607999933],[-73.1495361079999,-15.273655857999927],[-73.1503143569999,-15.270895982999946],[-73.14978035699994,-15.26778123199989],[-73.15068823199994,-15.261334357999829],[-73.14695735699996,-15.257775357999947],[-73.14508823299985,-15.258802232999926],[-73.14026635699986,-15.259306857999945],[-73.13570398299993,-15.261712982999882],[-73.13159185799987,-15.265744107999978],[-73.12926485699995,-15.265535357999966],[-73.12140673199991,-15.258935982999958],[-73.11856848299993,-15.255302481999877],[-73.11557010799999,-15.255166982999981],[-73.11224360799991,-15.256091107999964],[-73.10625460699998,-15.256423982999877],[-73.10192873299991,-15.258715607999932],[-73.0983047329999,-15.257791482999949],[-73.09257510699996,-15.261561357999938],[-73.08924860699994,-15.267918607999889],[-73.08467098199992,-15.272021232999975],[-73.07472985799996,-15.27449798299989],[-73.07309723299994,-15.274165107999977],[-73.06726073299996,-15.27105998299993],[-73.06371310699996,-15.26751235799992],[-73.06016535799995,-15.259971607999944],[-73.05592348299996,-15.257146857999828],[-73.05249035799994,-15.253552481999975],[-73.05226135799995,-15.250963231999947],[-73.05028535699995,-15.24346060799985],[-73.04841610699992,-15.24086473299991],[-73.04303735799994,-15.236665732999938],[-73.03898623199996,-15.235357231999956],[-73.03617098199999,-15.23112598299997],[-73.03315735799987,-15.230662357999961],[-73.03012835799996,-15.236845982999853],[-73.02900698299999,-15.241518981999945],[-73.02661898299993,-15.245418607999852],[-73.02249910799998,-15.248930981999933],[-73.01897435699982,-15.254720732999886],[-73.01609035699994,-15.258431482999981],[-73.0151519819999,-15.260900482999887],[-73.00769048299992,-15.258027107999908],[-73.0026932319999,-15.256878857999936],[-72.99916073299994,-15.252673982999909],[-72.99440760699991,-15.251269357999888],[-72.99051660699996,-15.25114435799992],[-72.98853298199998,-15.24837673299993],[-72.98651123199994,-15.249036732999969],[-72.98474123299985,-15.245905857999844],[-72.98216248199998,-15.244999857999915],[-72.97883623199994,-15.24632448199992],[-72.97053523299996,-15.244524981999973],[-72.96815485699989,-15.242431606999958],[-72.96533198199984,-15.241474107999977],[-72.96316523199988,-15.242168357999958],[-72.95873260699994,-15.241658232999953]]]]},"properties":{"ubigeo":"040807","nombre":"QUECHUALLA"}},{"type":"Feature","geometry":{"type":"MultiPolygon","coordinates":[[[[-73.17454523299989,-15.306607232999909],[-73.17604060699989,-15.307888982999941],[-73.17720035799994,-15.312018357999818],[-73.18036648299994,-15.315025232999915],[-73.18305210799997,-15.318834357999947],[-73.18323510699997,-15.322716732999936],[-73.18657685799991,-15.324852982999914],[-73.1889038569999,-15.33159635699991],[-73.19116198299997,-15.335080982999955],[-73.19367223199998,-15.336346607999928],[-73.20260623299998,-15.336293357999978],[-73.20732110799997,-15.334976232999963],[-73.2135009829999,-15.336749107999935],[-73.21482085799994,-15.337961232999874],[-73.2258072329999,-15.339990607999937],[-73.23198710799983,-15.342370981999977],[-73.2356262319999,-15.344452857999897],[-73.24061585699997,-15.343056857999954],[-73.24453735699996,-15.344107607999945],[-73.24661260799996,-15.343802482999934],[-73.2521057319999,-15.347904232999952],[-73.25373073299988,-15.353085606999912],[-73.25524135799992,-15.354652357999953],[-73.25295260699988,-15.357613607999951],[-73.25464635799989,-15.359849982999947],[-73.25584410799996,-15.365135232999933],[-73.25836185799983,-15.366435857999875],[-73.26153560799997,-15.36968710799988],[-73.26683048299992,-15.37219235799995],[-73.27030948299995,-15.376757607999934],[-73.27225485799994,-15.378130857999963],[-73.2789001079999,-15.379150357999947],[-73.28093723299997,-15.378867107999952],[-73.28364560799997,-15.380392982999979],[-73.28421023199996,-15.377342232999979],[-73.2906188579999,-15.371318857999881],[-73.29120635799984,-15.363631107999822],[-73.29364010699993,-15.359997732999943],[-73.29247285799983,-15.351091357999849],[-73.29080198299994,-15.349743732999968],[-73.29090123299989,-15.347095482999976],[-73.28960410799993,-15.34441948299991],[-73.29141998299991,-15.342478732999894],[-73.29013060799991,-15.340494107999916],[-73.2901992329999,-15.335978482999963],[-73.28931423199987,-15.333646732999853],[-73.2872238569999,-15.332550982999976],[-73.28596498299993,-15.329449732999933],[-73.28161623299991,-15.323060982999891],[-73.27989198299991,-15.31932835799995],[-73.27773285799998,-15.31818385799994],[-73.27918248299983,-15.314082107999866],[-73.28242498299988,-15.312330232999955],[-73.28176885799996,-15.30993360799988],[-73.28361510799994,-15.303923607999934],[-73.28298948299994,-15.302736232999905],[-73.28464510799989,-15.299689232999924],[-73.28491860799988,-15.29493635699987],[-73.28241735699987,-15.293289232999939],[-73.27994535799996,-15.290340482999966],[-73.27529910699997,-15.288929982999946],[-73.27040098199996,-15.289315232999911],[-73.26699823299987,-15.288705857999958],[-73.26274110799989,-15.286384607999935],[-73.25307460799996,-15.287068357999942],[-73.24593348299999,-15.286091857999963],[-73.24371335799998,-15.286871857999927],[-73.24227910699989,-15.289751107999962],[-73.23892210799994,-15.290559732999952],[-73.23398585799998,-15.292864857999916],[-73.23224635799994,-15.294523232999893],[-73.22569273299996,-15.295736357999829],[-73.22156523199993,-15.297965107999914],[-73.21495060799992,-15.295721982999964],[-73.21343235699999,-15.293786982999904],[-73.20661160799989,-15.29404073299986],[-73.20558160799993,-15.295046857999978],[-73.19432073299998,-15.300928107999937],[-73.19073485799987,-15.302053357999966],[-73.18746948299997,-15.304988857999945],[-73.18518060799994,-15.30582135799989],[-73.17780298199995,-15.30564310799997],[-73.17454523299989,-15.306607232999909]]]]},"properties":{"ubigeo":"040808","nombre":"SAYLA"}},{"type":"Feature","geometry":{"type":"MultiPolygon","coordinates":[[[[-73.06824498199984,-15.341461232999904],[-73.06849673299996,-15.34614660799997],[-73.07427973299991,-15.353953357999956],[-73.07813260699993,-15.356946982999943],[-73.08065798299998,-15.363756232999947],[-73.08169573299995,-15.369028982999964],[-73.0836639819999,-15.37073610799996],[-73.08303835699985,-15.373085982999896],[-73.08490748299994,-15.37525173299997],[-73.0818023569999,-15.378962482999952],[-73.07775110799997,-15.382363357999964],[-73.07549285699992,-15.397306482999909],[-73.07798773299993,-15.402177857999902],[-73.08048248299986,-15.402869232999933],[-73.08663185699999,-15.407724357999939],[-73.09046173299998,-15.40717223299987],[-73.09572598199998,-15.413667732999897],[-73.09592435699994,-15.417664482999896],[-73.09794610699998,-15.419918107999933],[-73.09914398199999,-15.423416232999955],[-73.09648135799995,-15.427328107999926],[-73.09156035799992,-15.432449232999943],[-73.09033960699998,-15.43594173299988],[-73.09198760799984,-15.443111357999953],[-73.09129335799997,-15.444945357999927],[-73.09189610699991,-15.451009732999978],[-73.09315485699994,-15.455312732999914],[-73.09841923299996,-15.457608232999974],[-73.10494235799996,-15.458455982999965],[-73.10866548299998,-15.458246232999898],[-73.11488348299986,-15.456524857999966],[-73.12339773199983,-15.45950685799994],[-73.12901310699993,-15.457506232999947],[-73.13206485699999,-15.457468982999899],[-73.13496398299998,-15.458909857999913],[-73.13520810799992,-15.460696232999851],[-73.13816835799997,-15.464108482999904],[-73.13846585699991,-15.467576982999844],[-73.1409302319999,-15.470478107999895],[-73.14080810699994,-15.473045357999865],[-73.13876348299993,-15.47808935799992],[-73.1406826079999,-15.481429607999928],[-73.14078698299994,-15.487111357999822],[-73.14634973199998,-15.488504982999928],[-73.15453335799992,-15.491871857999968],[-73.15842435699989,-15.491539982999939],[-73.16131585799997,-15.492820732999974],[-73.17166898299985,-15.503268232999915],[-73.17374423199993,-15.508637482999916],[-73.17869573199994,-15.511567107999952],[-73.18064123299996,-15.515129982999952],[-73.18357085699989,-15.516817107999827],[-73.18817135699993,-15.515726107999967],[-73.19602198299998,-15.517359732999978],[-73.20142360799997,-15.511424107999915],[-73.20541385699994,-15.51060385799991],[-73.20794673199998,-15.50969510799996],[-73.21501160799994,-15.504785482999978],[-73.21998598199991,-15.50001323299989],[-73.21851348199993,-15.497701607999943],[-73.21844485799994,-15.494196857999952],[-73.2240218579999,-15.486292857999956],[-73.22406010699996,-15.483322107999982],[-73.22520448299997,-15.481460607999963],[-73.22904973299995,-15.478789357999858],[-73.23342135799993,-15.474616982999976],[-73.23577123299992,-15.471569982999824],[-73.23682398199998,-15.467064857999901],[-73.2390976079999,-15.465132732999848],[-73.24205023299999,-15.461162607999881],[-73.24247735799997,-15.457355482999901],[-73.24506373299988,-15.453046857999936],[-73.24817660699989,-15.449628857999926],[-73.24732210799988,-15.43961523299987],[-73.24910735799989,-15.437412232999975],[-73.25019835799992,-15.434171732999971],[-73.2539443579999,-15.430999732999965],[-73.25205998299992,-15.425511357999824],[-73.25855260699996,-15.417698857999937],[-73.26023873299994,-15.4138354829999],[-73.26169585799988,-15.40449810799987],[-73.26285548299995,-15.40277198299998],[-73.26721948199997,-15.400507982999954],[-73.26756285799996,-15.398500482999964],[-73.27479548299993,-15.392953857999942],[-73.27911373299997,-15.391079857999955],[-73.28057110799995,-15.389025732999926],[-73.28131098299997,-15.384437607999871],[-73.28364560799997,-15.380392982999979],[-73.28093723299997,-15.378867107999952],[-73.2789001079999,-15.379150357999947],[-73.27225485799994,-15.378130857999963],[-73.27030948299995,-15.376757607999934],[-73.26683048299992,-15.37219235799995],[-73.26153560799997,-15.36968710799988],[-73.25836185799983,-15.366435857999875],[-73.25584410799996,-15.365135232999933],[-73.25464635799989,-15.359849982999947],[-73.25295260699988,-15.357613607999951],[-73.25524135799992,-15.354652357999953],[-73.25373073299988,-15.353085606999912],[-73.2521057319999,-15.347904232999952],[-73.24661260799996,-15.343802482999934],[-73.24453735699996,-15.344107607999945],[-73.24061585699997,-15.343056857999954],[-73.2356262319999,-15.344452857999897],[-73.23198710799983,-15.342370981999977],[-73.2258072329999,-15.339990607999937],[-73.21482085799994,-15.337961232999874],[-73.2135009829999,-15.336749107999935],[-73.20732110799997,-15.334976232999963],[-73.20260623299998,-15.336293357999978],[-73.19367223199998,-15.336346607999928],[-73.19116198299997,-15.335080982999955],[-73.1889038569999,-15.33159635699991],[-73.18657685799991,-15.324852982999914],[-73.18323510699997,-15.322716732999936],[-73.18305210799997,-15.318834357999947],[-73.18036648299994,-15.315025232999915],[-73.17720035799994,-15.312018357999818],[-73.17604060699989,-15.307888982999941],[-73.17454523299989,-15.306607232999909],[-73.17213435799988,-15.306076107999957],[-73.16596985699994,-15.309418732999916],[-73.16419223199983,-15.314001982999969],[-73.16199485699991,-15.31468385799991],[-73.15798185799997,-15.314355857999942],[-73.15559385699999,-15.310999857999832],[-73.1510926069999,-15.309406232999947],[-73.14844510799998,-15.307042107999905],[-73.14395910699994,-15.308029232999957],[-73.14138035699995,-15.307607607999898],[-73.1381836079999,-15.304961232999972],[-73.13479610799993,-15.304946857999937],[-73.12986760799993,-15.306133232999969],[-73.12824248299995,-15.307898481999928],[-73.12715148299998,-15.312564857999917],[-73.1275787329999,-15.316715232999968],[-73.12631985799993,-15.318320232999952],[-73.12554173299992,-15.325912482999854],[-73.12165073299997,-15.330961232999982],[-73.11829373199993,-15.332176107999942],[-73.11135860799999,-15.335804982999889],[-73.10746760799998,-15.336839732999977],[-73.10090635799997,-15.334703482999885],[-73.09566485799996,-15.336105357999884],[-73.08811948299996,-15.335674232999907],[-73.08513635699995,-15.33879473299993],[-73.08434298199995,-15.34132385799984],[-73.08225248199994,-15.342353857999967],[-73.0745621069999,-15.34197235799985],[-73.07048035799994,-15.340716357999952],[-73.06824498199984,-15.341461232999904]]]]},"properties":{"ubigeo":"040809","nombre":"TAURIA"}},{"type":"Feature","geometry":{"type":"MultiPolygon","coordinates":[[[[-72.69339748199991,-15.24315835799996],[-72.69613648199999,-15.243909857999881],[-72.70055385699999,-15.243599857999982],[-72.70661923299991,-15.24422460799991],[-72.71188360699995,-15.245900107999887],[-72.71557623199993,-15.246486607999941],[-72.72293848199996,-15.249101607999933],[-72.72524260699993,-15.25095560799997],[-72.72882085799995,-15.251818732999936],[-72.73622898199989,-15.251806232999968],[-72.73963160799997,-15.25316523299989],[-72.74536135699992,-15.25179848199997],[-72.74914548199996,-15.251672732999964],[-72.75685123199997,-15.250462482999922],[-72.75988773199998,-15.24915985799987],[-72.76432798199994,-15.249109232999956],[-72.76957698299998,-15.248167982999973],[-72.77358248199994,-15.24579523299991],[-72.77706910699993,-15.244642232999922],[-72.78099060699998,-15.245543482999949],[-72.78277585699988,-15.244188357999917],[-72.78530885699996,-15.247003607999886],[-72.78778835699984,-15.251831981999885],[-72.79009248299997,-15.251244482999937],[-72.79177098199995,-15.252485232999959],[-72.79541010699995,-15.25202848299989],[-72.79780573199992,-15.25028598299997],[-72.80459598199997,-15.248603857999967],[-72.81190485699994,-15.243986107999888],[-72.81433110799998,-15.240886732999968],[-72.81885523199992,-15.23853298299997],[-72.82363885699993,-15.235095982999894],[-72.82757573299989,-15.226194357999873],[-72.83193210699994,-15.22396273299995],[-72.83536535799988,-15.224560857999961],[-72.84195698299993,-15.22263335699995],[-72.84315485699994,-15.219661732999896],[-72.84619898299991,-15.216433482999946],[-72.8464049829999,-15.212536857999964],[-72.84573360799993,-15.206155732999832],[-72.84941098299993,-15.201474232999885],[-72.85433210799994,-15.19201948299991],[-72.85535435799989,-15.189375857999948],[-72.8559417329999,-15.184724857999981],[-72.85868835699989,-15.18084335799989],[-72.85580435799983,-15.179202982999982],[-72.84773248299996,-15.180320732999974],[-72.84400173299991,-15.175388356999974],[-72.84127810699988,-15.176001607999922],[-72.83469385699993,-15.174547232999942],[-72.83303835699996,-15.173310356999934],[-72.83307648299996,-15.167795232999936],[-72.82910923199995,-15.165109607999966],[-72.82849123299997,-15.162832232999904],[-72.82600398299996,-15.160857232999945],[-72.82103723199998,-15.151868857999887],[-72.81849673199991,-15.151144982999938],[-72.81781773299997,-15.153017857999941],[-72.81781773199998,-15.158301357999903],[-72.81680298199996,-15.16118048199985],[-72.81437685699996,-15.163128857999936],[-72.81084448199988,-15.163757356999895],[-72.80608373299998,-15.167036107999934],[-72.79903410699995,-15.169322982999972],[-72.79071048199995,-15.177334732999839],[-72.78623198199995,-15.178568857999892],[-72.78410323299994,-15.18072323299998],[-72.77968598199993,-15.187414107999814],[-72.77560423199998,-15.190314232999981],[-72.77402498199996,-15.193157231999976],[-72.76882935699996,-15.196171732999915],[-72.76049810699993,-15.197693857999923],[-72.75604998199998,-15.196804106999934],[-72.75206773299988,-15.198603607999871],[-72.74988560799989,-15.202329606999967],[-72.74715423299995,-15.203892732999975],[-72.74182885699997,-15.205806732999974],[-72.73658748199989,-15.20643335799997],[-72.73047635699999,-15.208292982999922],[-72.72476198199996,-15.211722357999975],[-72.7191237319999,-15.216945607999946],[-72.71353148299994,-15.22468185699995],[-72.71006010699995,-15.226890607999906],[-72.70341485699998,-15.229900357999895],[-72.69882973299997,-15.234371231999887],[-72.69529723199997,-15.236959482999907],[-72.69420623299993,-15.23882585799987],[-72.69339748199991,-15.24315835799996]]]]},"properties":{"ubigeo":"040810","nombre":"TOMEPAMPA"}},{"type":"Feature","geometry":{"type":"MultiPolygon","coordinates":[[[[-72.8899842319999,-15.40348623299991],[-72.89154048199998,-15.407741607999924],[-72.89316560799989,-15.410011232999977],[-72.90097048299998,-15.406567607999932],[-72.90386960799992,-15.404513357999974],[-72.90533448199983,-15.402087232999975],[-72.91334535699997,-15.399942357999976],[-72.92012023199999,-15.39896398299993],[-72.92577360699994,-15.396420482999872],[-72.92953485799995,-15.39602948299995],[-72.93378448299995,-15.394479732999969],[-72.93785098199987,-15.394754357999943],[-72.93878935799995,-15.396532982999872],[-72.94354260699998,-15.39807035799987],[-72.94540410799988,-15.399374982999916],[-72.95088198199988,-15.399131732999933],[-72.95330048199997,-15.39751335799997],[-72.95726773299998,-15.396399482999925],[-72.9616776069999,-15.39596273299992],[-72.96279148199994,-15.39756773299996],[-72.96542360799987,-15.397769982999876],[-72.97207635799998,-15.406104982999977],[-72.97419735799997,-15.41174123299993],[-72.97575373199999,-15.413529232999963],[-72.97578435799994,-15.417106607999926],[-72.97757723199993,-15.41909785799993],[-72.9765624819999,-15.420751607999819],[-72.97801210699998,-15.424092232999897],[-72.97602085799997,-15.431280107999896],[-72.97693635799993,-15.435464857999932],[-72.98192598299988,-15.443733232999932],[-72.98379510699988,-15.454260857999941],[-72.9834442319999,-15.456616357999962],[-72.98519135799995,-15.460195482999893],[-72.98463435799988,-15.468107232999841],[-72.98298648299988,-15.471518482999898],[-72.98110960699984,-15.477543857999933],[-72.98236085799988,-15.481068607999873],[-72.98423773299993,-15.483171482999978],[-72.98487085799991,-15.486203232999912],[-72.98825073199998,-15.490867607999917],[-72.98957060799995,-15.49411873299988],[-72.99532323199992,-15.49964998299987],[-72.99749773299999,-15.503433232999896],[-72.99977873299997,-15.504215232999968],[-73.00500485799995,-15.50404448299986],[-73.00891873299986,-15.507011357999943],[-73.01352685799992,-15.508002232999957],[-73.01840210799998,-15.509998357999905],[-73.0240401069999,-15.513898982999876],[-73.02970123199998,-15.51593585799992],[-73.03495785699988,-15.518775982999898],[-73.03786473199989,-15.524312982999902],[-73.0405197319999,-15.527345607999905],[-73.04254148299987,-15.528346107999937],[-73.04956823199996,-15.533958482999935],[-73.05573273199991,-15.538402607999956],[-73.05985248199988,-15.543041232999883],[-73.06322473299997,-15.544877982999878],[-73.06664273299998,-15.545351982999932],[-73.0712814819999,-15.547179232999952],[-73.07568360799996,-15.550056483999981],[-73.07839198199997,-15.555066107999892],[-73.08298498299996,-15.561493857999892],[-73.08846285699997,-15.564442607999979],[-73.09450535699995,-15.564894732999903],[-73.10504148299998,-15.562888107999981],[-73.1078948579999,-15.56308648299995],[-73.11074823299992,-15.564724983999895],[-73.11185460799999,-15.567238982999982],[-73.11695860799995,-15.572004357999901],[-73.12801373299993,-15.569205232999934],[-73.12857823199994,-15.56738473299987],[-73.13227848299994,-15.565310482999905],[-73.13578035699993,-15.562076608999973],[-73.14102935799991,-15.560132983999893],[-73.14359285699993,-15.55765823299987],[-73.14956660699994,-15.556454607999854],[-73.1525344829999,-15.55089660799996],[-73.15686798299998,-15.549586358999932],[-73.16124723299998,-15.545868857999892],[-73.16175848299997,-15.543844232999959],[-73.16603848299991,-15.538796482999942],[-73.17186735699994,-15.53511910799989],[-73.1758574829999,-15.531753482999932],[-73.18091585799993,-15.52890973299992],[-73.18419648299994,-15.528789482999912],[-73.18883510799998,-15.527159732999905],[-73.19421385699997,-15.521146732999966],[-73.19602198299998,-15.517359732999978],[-73.18817135699993,-15.515726107999967],[-73.18357085699989,-15.516817107999827],[-73.18064123299996,-15.515129982999952],[-73.17869573199994,-15.511567107999952],[-73.17374423199993,-15.508637482999916],[-73.17166898299985,-15.503268232999915],[-73.16131585799997,-15.492820732999974],[-73.15842435699989,-15.491539982999939],[-73.15453335799992,-15.491871857999968],[-73.14634973199998,-15.488504982999928],[-73.14078698299994,-15.487111357999822],[-73.1406826079999,-15.481429607999928],[-73.13876348299993,-15.47808935799992],[-73.14080810699994,-15.473045357999865],[-73.1409302319999,-15.470478107999895],[-73.13846585699991,-15.467576982999844],[-73.13816835799997,-15.464108482999904],[-73.13520810799992,-15.460696232999851],[-73.13496398299998,-15.458909857999913],[-73.13206485699999,-15.457468982999899],[-73.12901310699993,-15.457506232999947],[-73.12339773199983,-15.45950685799994],[-73.11488348299986,-15.456524857999966],[-73.10866548299998,-15.458246232999898],[-73.10494235799996,-15.458455982999965],[-73.09841923299996,-15.457608232999974],[-73.09315485699994,-15.455312732999914],[-73.09189610699991,-15.451009732999978],[-73.09129335799997,-15.444945357999927],[-73.09198760799984,-15.443111357999953],[-73.09033960699998,-15.43594173299988],[-73.09156035799992,-15.432449232999943],[-73.09648135799995,-15.427328107999926],[-73.09914398199999,-15.423416232999955],[-73.09794610699998,-15.419918107999933],[-73.09592435699994,-15.417664482999896],[-73.09572598199998,-15.413667732999897],[-73.09046173299998,-15.40717223299987],[-73.08663185699999,-15.407724357999939],[-73.08048248299986,-15.402869232999933],[-73.07798773299993,-15.402177857999902],[-73.07549285699992,-15.397306482999909],[-73.07775110799997,-15.382363357999964],[-73.0818023569999,-15.378962482999952],[-73.08490748299994,-15.37525173299997],[-73.08303835699985,-15.373085982999896],[-73.0836639819999,-15.37073610799996],[-73.08169573299995,-15.369028982999964],[-73.08065798299998,-15.363756232999947],[-73.07813260699993,-15.356946982999943],[-73.07427973299991,-15.353953357999956],[-73.06849673299996,-15.34614660799997],[-73.06824498199984,-15.341461232999904],[-73.06584173299996,-15.340913732999923],[-73.06002810699994,-15.342133482999941],[-73.05572510799993,-15.345334982999873],[-73.05250548199996,-15.346482107999861],[-73.04875948199998,-15.344309857999974],[-73.04506685699994,-15.343688982999936],[-73.04276273299996,-15.341228482999952],[-73.04273985699996,-15.3379057329999],[-73.04524998199997,-15.323614107999845],[-73.04432673199994,-15.321683857999915],[-73.03753660699994,-15.318670232999978],[-73.03523248299996,-15.315972357999954],[-73.03101348299992,-15.31615060799993],[-73.02805323199988,-15.314966982999977],[-73.02741235699995,-15.313033107999843],[-73.02922823299991,-15.307919482999978],[-73.03125760799998,-15.306017857999905],[-73.02437585699988,-15.303156857999966],[-73.01985173299994,-15.302400607999914],[-73.01593023299984,-15.29800123299998],[-73.01673123299992,-15.293998732999853],[-73.01450348299983,-15.283662857999957],[-73.01200098199996,-15.277804357999912],[-73.00981898299983,-15.2858972329999],[-73.00370773299989,-15.291588732999912],[-72.99861148299993,-15.292451857999936],[-72.99198910699994,-15.289785357999847],[-72.98676298299995,-15.29062748299998],[-72.98103335699994,-15.289876856999967],[-72.97827910699993,-15.283363357999974],[-72.9775543579999,-15.28001973299996],[-72.97810360799997,-15.275740607999978],[-72.97711948299991,-15.273673982999924],[-72.97907260799997,-15.267548607999913],[-72.9813994829999,-15.264585482999962],[-72.98113248199996,-15.263027232999832],[-72.97833248299992,-15.262315732999923],[-72.97662348199998,-15.260489482999901],[-72.97128298299998,-15.258160607999969],[-72.96742248199996,-15.257855357999915],[-72.96555323199993,-15.252397481999878],[-72.96633148199993,-15.248824107999894],[-72.96513360699993,-15.244941732999905],[-72.96038823299995,-15.24338148299995],[-72.95873260699994,-15.241658232999953],[-72.95296473299999,-15.238303232999897],[-72.95022585799995,-15.232339982999974],[-72.94680023199993,-15.227011731999823],[-72.94367223299997,-15.22553923299995],[-72.94179535799998,-15.222972857999935],[-72.93936923199982,-15.225071857999978],[-72.93565373199988,-15.226879107999935],[-72.93357848299996,-15.23337560799996],[-72.92902373299995,-15.23633098299996],[-72.92723848299994,-15.239369357999976],[-72.92258448199988,-15.242470732999948],[-72.91762548199989,-15.243987106999896],[-72.90994260699989,-15.244293232999894],[-72.90409085699997,-15.246508607999885],[-72.89671323299996,-15.25255773299989],[-72.89254760799992,-15.252392732999908],[-72.8875732329999,-15.25388435799988],[-72.88448335799995,-15.260794607999912],[-72.88428498299999,-15.265054732999886],[-72.88616185699993,-15.272470482999836],[-72.89335635699996,-15.280010107999885],[-72.89494323199989,-15.284084357999916],[-72.89319610699994,-15.285607357999936],[-72.89060973199997,-15.29176710799993],[-72.88823698199997,-15.294619607999948],[-72.88698573199997,-15.298904357999845],[-72.88687898199993,-15.306670232999977],[-72.8894271069999,-15.30962660699987],[-72.89073185799998,-15.312841357999957],[-72.88973998299997,-15.315859732999968],[-72.88960260699997,-15.32161135799987],[-72.89226535699993,-15.32789798199991],[-72.89237973199988,-15.330413857999872],[-72.89006048199991,-15.337305107999953],[-72.88957973199996,-15.34022048299994],[-72.88738248199996,-15.34308810799996],[-72.88381960699996,-15.35093773299991],[-72.88021848199998,-15.354676357999892],[-72.87884523299994,-15.363004732999968],[-72.87911985699992,-15.36782260799987],[-72.87819673199994,-15.370215357999882],[-72.87763210699995,-15.37716385799996],[-72.87928023199999,-15.381531732999974],[-72.88217160699992,-15.384788482999966],[-72.88396448299994,-15.391412732999981],[-72.88678735699989,-15.393284857999959],[-72.88744348199992,-15.397486732999823],[-72.8899842319999,-15.40348623299991]]]]},"properties":{"ubigeo":"040811","nombre":"TORO"}}]}