{"type":"FeatureCollection","features":[{"type":"Feature","geometry":{"type":"Polygon","coordinates":[[[-71.0820168250964,-17.4883138365542,1068.06224206862],[-71.0850553463958,-17.4875237244371,1068.7331875836],[-71.0868512485774,-17.4863100409722,1070.07507861357],[-71.0883240479874,-17.4855969427885,1072.75886067349],[-71.0906354526294,-17.4837265133437,1075.44264273342],[-71.0943658936247,-17.480732850134,1076.1135882484],[-71.0954843976867,-17.4791334320351,1076.78453376338],[-71.0955137037437,-17.479078815523494,1076.8141494317504],[-71.10080837282166,-17.47667484211221,1082.1252582297745],[-71.1026794768484,-17.4772572663921,1084.5679889697],[-71.1061632730357,-17.4783254678347,1087.78877105787],[-71.1102481365525,-17.4785150896577,1089.39916210196],[-71.1141374095536,-17.4775873426636,1090.204357624],[-71.1157912442676,-17.4758466182937,1090.60695538503],[-71.1183371182791,-17.4742123492417,1090.80825426554],[-71.121215038565,-17.4717785092146,1091.00955314605],[-71.1221622646387,-17.4692231078891,1092.61994419013],[-71.1256947581727,-17.4666137667304,1094.23033523422],[-71.1291526531173,-17.4618701774235,1095.84072627831],[-71.1320051864113,-17.4583790848215,1097.4511173224],[-71.1362340600431,-17.4546554851611,1103.89268149875],[-71.1398207653672,-17.4518731375165,1129.65893820415],[-71.1469923298283,-17.4506547542971,1131.26932924824],[-71.152023105644,-17.4488341958842,1132.07452477029],[-71.15429088982285,-17.448868537583564,1132.4883331043247],[-71.15544923099998,-17.45111910999998,1136.977590359875],[-71.15760748099996,-17.453281234999906,1136.977590359875],[-71.16467773099998,-17.454089859999954,1136.977590359875],[-71.1655212390555,-17.453942822209164,1134.6903118780083],[-71.168629015876,-17.4551741014189,1135.29530685846],[-71.16857763514177,-17.45346033855405,1135.5615029069447],[-71.17356060599991,-17.453484359999948,1136.977590359875],[-71.1799003559999,-17.450349609999932,1136.977590359875],[-71.18910935599996,-17.447927733999904,1136.977590359875],[-71.19780660599997,-17.447259734999875,1136.977590359875],[-71.20193560599995,-17.44478510999994,1136.977590359875],[-71.21120698099992,-17.436673859999928,1136.977590359875],[-71.2158729809999,-17.43466598499998,1136.977590359875],[-71.22323635599997,-17.434476609999933,1136.977590359875],[-71.23124022999997,-17.43516410999996,1136.977590359875],[-71.23970697999994,-17.43746873499998,1136.977590359875],[-71.24334760599999,-17.43886323499987,1136.977590359875],[-71.25424998099999,-17.440621109999938,1136.977590359875],[-71.25934573099994,-17.439945359999967,1136.977590359875],[-71.26267185599988,-17.43719723499987,1136.977590359875],[-71.2653203559999,-17.433597609999936,1136.977590359875],[-71.27149223099997,-17.428529109999886,1136.977590359875],[-71.27406248099999,-17.427154234999932,1136.977590359875],[-71.27860935599995,-17.427769484999942,1136.977590359875],[-71.28115823099989,-17.429263734999836,1136.977590359875],[-71.29341210599995,-17.438828109999918,1136.977590359875],[-71.30002123099996,-17.442880234999905,1136.977590359875],[-71.30485735599996,-17.44486298499993,1136.977590359875],[-71.30833935599992,-17.445588484999973,1136.977590359875],[-71.31154685599995,-17.449564484999883,1136.977590359875],[-71.31092773099994,-17.437654234999968,1136.977590359875],[-71.31243148099986,-17.43060935999995,1136.977590359875],[-71.31561323099993,-17.41995310999988,1136.977590359875],[-71.31866410599997,-17.413615359999937,1136.977590359875],[-71.32404298099993,-17.407763734999946,1136.977590359875],[-71.32579098099995,-17.404519483999934,1136.977590359875],[-71.33005360599998,-17.399693484999943,1136.977590359875],[-71.33068235599995,-17.398049234999974,1136.977590359875],[-71.32773635599989,-17.3944141099999,1136.977590359875],[-71.32062323099996,-17.393986859999927,1136.977590359875],[-71.31984760599994,-17.392042984999932,1136.977590359875],[-71.32369923099992,-17.388915984999926,1136.977590359875],[-71.32923148099997,-17.386200734999875,1136.977590359875],[-71.33275585599989,-17.386699233999934,1136.977590359875],[-71.33871485599985,-17.38992185999996,1136.977590359875],[-71.34303323099994,-17.390308609999977,1136.977590359875],[-71.34619923099996,-17.38564648499994,1136.977590359875],[-71.34809960599989,-17.376468859999875,1136.977590359875],[-71.35695698099994,-17.37074610899998,1136.977590359875],[-71.36492223099992,-17.364341359999912,1136.977590359875],[-71.3673886059999,-17.360810984999944,1136.977590359875],[-71.37633548099996,-17.35128385899992,1136.977590359875],[-71.37633548099996,-17.34504523499993,1098.620407664546],[-71.37556173099989,-17.33725898499989,1098.620407664546],[-71.37270835599998,-17.326764609999884,1098.620407664546],[-71.37067723099995,-17.323185859999967,1098.620407664546],[-71.36671498099997,-17.31894398399993,1098.620407664546],[-71.36571673099996,-17.316503859999898,1098.620407664546],[-71.36621098099982,-17.314355484999965,1098.620407664546],[-71.36936910599991,-17.312234359999877,1098.620407664546],[-71.37232148099986,-17.312401234999925,1098.620407664546],[-71.37522310599996,-17.313755234999974,1098.620407664546],[-71.37817323099995,-17.313658734999876,1098.620407664546],[-71.38676373099986,-17.311502109999935,1098.620407664546],[-71.39548660599996,-17.304518359999975,1098.620407664546],[-71.39698573099997,-17.289961609999978,1098.620407664546],[-71.39973435599995,-17.28163085999995,1098.620407664546],[-71.39888673099989,-17.27952148499992,1098.620407664546],[-71.39391410599995,-17.27634573399996,1098.620407664546],[-71.38752935599996,-17.269376984999894,1098.620407664546],[-71.38556348099985,-17.265870608999933,1098.620407664546],[-71.38657385599987,-17.264337608999938,1098.620407664546],[-71.3964767309999,-17.263433609999936,1098.620407664546],[-71.40222260599995,-17.26254685999993,1098.620407664546],[-71.40908785599999,-17.26208785999995,1098.620407664546],[-71.42513285599989,-17.26207623499988,1098.620407664546],[-71.43129685599985,-17.261357484999905,1098.620407664546],[-71.4343764809999,-17.259659609999858,1098.620407664546],[-71.43860498099986,-17.25295510999996,1098.620407664546],[-71.44095610599987,-17.251716609999903,1098.620407664546],[-71.43648173099996,-17.24405473499985,1098.620407664546],[-71.42713160599999,-17.239406608999843,1098.620407664546],[-71.42169948099996,-17.234630609999897,1098.620407664546],[-71.41511073099997,-17.223547734999954,1098.620407664546],[-71.41270498099988,-17.21810285999993,1098.620407664546],[-71.41086885599992,-17.21259485999991,1098.620407664546],[-71.40858973099989,-17.209682483999927,1098.620407664546],[-71.40434785599996,-17.205630608999968,1098.620407664546],[-71.39777735599995,-17.201480483999944,1098.620407664546],[-71.39497773099993,-17.198982859999944,1098.620407664546],[-71.39066310599998,-17.193525358999864,1098.620407664546],[-71.38085935599992,-17.185708984999906,1098.620407664546],[-71.37676998099994,-17.180746109999973,1098.620407664546],[-71.37043760599994,-17.174171484999817,1098.620407664546],[-71.35947423099992,-17.15632248499992,1098.620407664546],[-71.35531610599998,-17.15127373399997,1098.620407664546],[-71.35139460599993,-17.147413234999874,1098.620407664546],[-71.34480285599989,-17.145156858999883,1098.620407664546],[-71.3365021059999,-17.141574859999878,1098.620407664546],[-71.32698060599989,-17.136486108999918,1098.620407664546],[-71.32424160599993,-17.13314060999994,1098.620407664546],[-71.32245635599992,-17.12892148399993,1098.620407664546],[-71.3200988559999,-17.12664035999984,1098.620407664546],[-71.31632998099991,-17.12473873499988,1098.620407664546],[-71.31399535599985,-17.11930660899992,1098.620407664546],[-71.31627660599986,-17.116113609999957,1098.620407664546],[-71.3128357309999,-17.112464858999942,1098.620407664546],[-71.31255335599991,-17.10988423499998,1098.620407664546],[-71.30818935599996,-17.10644910899987,1098.620407664546],[-71.30583947999997,-17.103668234999816,1098.620407664546],[-71.30284123099995,-17.097396859999947,1098.620407664546],[-71.30224610599998,-17.093851109999946,1098.620407664546],[-71.30780798099994,-17.090143234999857,1098.620407664546],[-71.30860898099996,-17.085374859999945,1098.620407664546],[-71.31050873099991,-17.08093835899996,1098.620407664546],[-71.31475073099989,-17.079999984999915,1098.620407664546],[-71.31560510599996,-17.078607608999903,1098.620407664546],[-71.31394960599988,-17.074127233999945,1098.620407664546],[-71.31386560599992,-17.071510359999934,1098.620407664546],[-71.31588748099989,-17.06528285899992,1098.620407664546],[-71.3236466059999,-17.0617866099999,1098.620407664546],[-71.32581335599997,-17.05639648499988,1098.620407664546],[-71.32431035599996,-17.052289983999913,1098.620407664546],[-71.31896973099992,-17.04421048399996,1098.620407664546],[-71.31905360599995,-17.041454358999943,1098.620407664546],[-71.32037348099982,-17.040018109999835,1098.620407664546],[-71.33122247999995,-17.033288984999956,1098.620407664546],[-71.33625035599994,-17.02698885999996,1098.620407664546],[-71.33942410599991,-17.02175898399986,1098.620407664546],[-71.34150698099995,-17.021617734999893,1098.620407664546],[-71.34848023099994,-17.024740234999967,1098.620407664546],[-71.35424810599989,-17.025161734999926,1098.620407664546],[-71.35960385599998,-17.02353285999982,1098.620407664546],[-71.36321260599988,-17.020561234999946,1098.620407664546],[-71.36515823099995,-17.017994108999915,1098.620407664546],[-71.36490635599995,-17.014461483999924,1098.620407664546],[-71.3667068559999,-17.014320358999896,1098.620407664546],[-71.37102510599988,-17.0161667349999,1098.620407664546],[-71.37233735599995,-17.019037234999814,1098.620407664546],[-71.37721248099996,-17.02054223399989,1098.620407664546],[-71.38461298099998,-17.02111048399985,1098.620407664546],[-71.38764948099987,-17.014554983999858,1098.620407664546],[-71.38713073099996,-17.012212733999945,1098.620407664546],[-71.38865660599998,-17.007368109999845,1098.620407664546],[-71.38916010599996,-17.00250048399988,1098.620407664546],[-71.39134223099995,-16.999248483999907,1098.620407664546],[-71.39379123099991,-16.99771498499996,1098.620407664546],[-71.39488210599995,-16.99284935899982,1098.620407664546],[-71.39454648099996,-16.988979359999973,1098.620407664546],[-71.39511873099997,-16.98497198399997,1098.620407664546],[-71.39292148099997,-16.981780984999887,1098.620407664546],[-71.39092260599995,-16.9804916089999,1098.620407664546],[-71.38435085599997,-16.977577734999954,1098.620407664546],[-71.37751985599994,-16.97402898499996,1098.620407664546],[-71.37463760599991,-16.974162358999877,1098.620407664546],[-71.36957260599996,-16.975828358999877,1098.620407664546],[-71.36589060599994,-16.978177608999943,1098.620407664546],[-71.36372460599989,-16.978594108999914,1098.620407664546],[-71.35640998099996,-16.9782899839999,1098.620407664546],[-71.35348998099994,-16.976239983999903,1098.620407664546],[-71.35082998099995,-16.972629984999912,1098.620407664546],[-71.34521998099996,-16.96722998499996,1098.620407664546],[-71.34456010599996,-16.964019983999947,1098.620407664546],[-71.3495508559999,-16.95640423499998,1098.620407664546],[-71.3495253559999,-16.95016210899996,1098.620407664546],[-71.3484668559999,-16.948378858999945,1098.620407664546],[-71.34422073099995,-16.945646483999894,1098.620407664546],[-71.34070898099998,-16.94438473499997,1098.620407664546],[-71.33303323099994,-16.943474608999963,1098.620407664546],[-71.33044923099993,-16.944179608999946,1098.620407664546],[-71.32728510599998,-16.947617233999893,1098.620407664546],[-71.32314448099993,-16.949259734999828,1098.620407664546],[-71.31906835599995,-16.94817573499995,1098.620407664546],[-71.31284573099992,-16.950765608999973,1098.620407664546],[-71.3099159809999,-16.95360348399987,1098.620407664546],[-71.30370123099993,-16.958203109999943,1098.620407664546],[-71.29939060599997,-16.955242359999943,1098.620407664546],[-71.29474610599993,-16.949304734999885,1098.620407664546],[-71.29285548099989,-16.947789108999928,1098.620407664546],[-71.29057223099989,-16.948068358999933,1098.620407664546],[-71.28773648099991,-16.946152359999928,1098.620407664546],[-71.28585935599995,-16.943136858999935,1098.620407664546],[-71.27870698099997,-16.942855483999892,1098.620407664546],[-71.27555273099983,-16.942117234999955,1098.620407664546],[-71.27313473099997,-16.939683609999918,1098.620407664546],[-71.26734585599996,-16.936925733999885,1098.620407664546],[-71.2615741059999,-16.938417983999898,1098.620407664546],[-71.2574101059999,-16.938152359999947,1098.620407664546],[-71.2543691059999,-16.937169858999937,1098.620407664546],[-71.24885748099996,-16.932779233999952,1098.620407664546],[-71.24694335599986,-16.930263734999983,1098.620407664546],[-71.24055660599998,-16.92669723499995,1098.620407664546],[-71.23810748099999,-16.926503858999922,1098.620407664546],[-71.23476760599988,-16.92787710899995,1098.620407664546],[-71.23067997999988,-16.92814998399996,1098.620407664546],[-71.22135935599982,-16.926451108999913,1098.620407664546],[-71.21847073099991,-16.925400358999923,1098.620407664546],[-71.21713873099992,-16.922410109999873,1098.620407664546],[-71.2131034809999,-16.920138608999935,1098.620407664546],[-71.20680073099987,-16.91767185999987,1098.620407664546],[-71.20476948099991,-16.91611923499994,1098.620407664546],[-71.20341597999993,-16.911177733999978,1098.620407664546],[-71.1988554809999,-16.906064483999955,1098.620407664546],[-71.19392185599997,-16.902509733999977,1098.620407664546],[-71.19054098099997,-16.903189483999938,1098.620407664546],[-71.18729298099998,-16.902365234999934,1098.620407664546],[-71.17886910599992,-16.906271483999944,1098.620407664546],[-71.17520897999998,-16.907201108999914,1098.620407664546],[-71.16939848099997,-16.90697073399997,1098.620407664546],[-71.16461523099997,-16.90418548399998,1098.620407664546],[-71.16168748099994,-16.90060160899992,1098.620407664546],[-71.16114060599989,-16.897751983999967,1098.620407664546],[-71.15863860499991,-16.89409760899997,1098.620407664546],[-71.1570938559999,-16.887649359999955,1098.620407664546],[-71.15866997999984,-16.885689983999896,1098.620407664546],[-71.1553613559999,-16.878267609999966,1098.620407664546],[-71.15568747999998,-16.871179733999952,1098.620407664546],[-71.15413860599989,-16.869238234999898,1098.620407664546],[-71.14718748099995,-16.863220733999924,1098.620407664546],[-71.14560348099997,-16.858736358999977,1098.620407664546],[-71.14182998099994,-16.854779984999936,1098.620407664546],[-71.13735998099986,-16.851649984999938,1098.620407664546],[-71.13684997999985,-16.846869984999955,1098.620407664546],[-71.13533998099996,-16.843879983999898,1098.620407664546],[-71.1303199809999,-16.84167998399994,1098.620407664546],[-71.12693998099996,-16.83715998399998,1098.620407664546],[-71.12558998099996,-16.83334985999994,1098.620407664546],[-71.11722997999988,-16.830539984999973,1098.620407664546],[-71.11587998099992,-16.828859983999962,1098.620407664546],[-71.11474998099993,-16.824869984999964,1098.620407664546],[-71.11331997999986,-16.823099984999885,1098.620407664546],[-71.11298998099988,-16.818339983999977,1098.620407664546],[-71.11002998099997,-16.81658998399996,1098.620407664546],[-71.10683985599997,-16.8135699849999,1098.620407664546],[-71.10191998099992,-16.810229984999978,1098.620407664546],[-71.10097998099997,-16.80721998399997,1098.620407664546],[-71.09728997999991,-16.80395998399996,1098.620407664546],[-71.09400998099989,-16.798589983999932,1098.620407664546],[-71.08931997999997,-16.79436998499989,1098.620407664546],[-71.0839199809999,-16.793149984999957,1098.620407664546],[-71.08202997999996,-16.790999984999928,1098.620407664546],[-71.08156997999998,-16.788659984999867,1098.620407664546],[-71.07912997999989,-16.786299984999914,1098.620407664546],[-71.07811998099999,-16.78380998399996,1098.620407664546],[-71.07928997999988,-16.779069983999875,1098.620407664546],[-71.07872998099992,-16.776349983999978,1098.620407664546],[-71.07667998099987,-16.7736299849999,1098.620407664546],[-71.07139998099996,-16.77519998399987,1098.620407664546],[-71.06802998099994,-16.774289984999882,1098.620407664546],[-71.06527997999996,-16.771259983999926,1098.620407664546],[-71.06365335599992,-16.76789060899995,1098.620407664546],[-71.0622359809999,-16.76169485899993,1098.620407664546],[-71.06091573099991,-16.758603733999905,1098.620407664546],[-71.05698723099994,-16.75779873399989,1098.620407664546],[-71.05383185599999,-16.7585714839999,1098.620407664546],[-71.04800360499996,-16.75676823399982,1098.620407664546],[-71.04594285599995,-16.75734785899982,1098.620407664546],[-71.04223985599998,-16.75654285999991,1098.620407664546],[-71.03937410599985,-16.754482108999923,1098.620407664546],[-71.03409335499998,-16.75351610899986,1098.620407664546],[-71.03171060599993,-16.755126108999946,1098.620407664546],[-71.02455235499997,-16.756710358999896,1098.620407664546],[-71.0199999809999,-16.761799984999925,1098.620407664546],[-71.0182899799999,-16.76530998399994,1098.6204076645454],[-71.01467998099997,-16.767869859999905,1098.6204076645454],[-71.00803998099991,-16.76936998499997,1098.6204076645454],[-71.00384998099997,-16.767869858999973,1098.6204076645454],[-71.00103998099985,-16.767869858999973,1098.6204076645454],[-70.99717998099993,-16.766319983999836,1098.6204076645454],[-70.99456998099998,-16.76425998399992,1098.6204076645454],[-70.99177998099998,-16.765389984999956,1098.6204076645454],[-70.98853998099997,-16.76506998399998,1098.6204076645454],[-70.98330998099993,-16.768820108999932,1098.6204076645454],[-70.97988998099993,-16.769359983999834,1098.6204076645454],[-70.97761985499989,-16.770819983999843,1098.6204076645454],[-70.97356998099997,-16.77028998399993,1098.6204076645454],[-70.9713899809999,-16.77361998399988,1098.6204076645454],[-70.96845998099997,-16.77500998399995,1098.6204076645454],[-70.96568998099991,-16.77765998399991,1098.6204076645454],[-70.96153998099999,-16.777529983999898,1098.6204076645454],[-70.95574997999995,-16.778270108999948,1099.1831137978106],[-70.95149998099998,-16.77460998399988,1099.1831137978106],[-70.94525997999983,-16.77238998499996,1099.1831137978106],[-70.94135810599994,-16.77436210899998,1099.1831137978106],[-70.93154823099997,-16.773678608999944,1099.1831137978106],[-70.92646085499996,-16.7752099839999,1099.1831137978106],[-70.92044197999985,-16.778003858999966,1099.1831137978106],[-70.91725998099992,-16.777559983999936,1099.1831137978106],[-70.91396998099992,-16.774869983999906,1099.1831137978106],[-70.91016998099991,-16.776550108999913,1099.1831137978106],[-70.90580998099995,-16.77666998399991,1099.1831137978106],[-70.90210710499991,-16.777673234999952,1099.1831137978106],[-70.89790923099986,-16.77564773399996,1099.1831137978106],[-70.89388998099992,-16.77045985899997,1099.1831137978106],[-70.89161998099996,-16.770529983999893,1099.1831137978106],[-70.88727998099995,-16.77289998499998,1099.1831137978106],[-70.88094997999997,-16.77360998399996,1099.1831137978106],[-70.87892998099989,-16.774850108999942,1099.1831137978106],[-70.87703998099994,-16.774129984999888,1099.1831137978106],[-70.87608998099984,-16.77141010899993,1099.1831137978106],[-70.87339997999993,-16.770129983999936,1099.1831137978106],[-70.86439297999993,-16.769623858999978,1099.1831137978106],[-70.85985335599997,-16.771200984999837,1099.1831137978106],[-70.8571252299999,-16.770732108999937,1099.1831137978106],[-70.85128547999989,-16.765425108999978,1099.1831137978106],[-70.84212085499996,-16.76359223499992,1099.1831137978106],[-70.83615310599998,-16.761546234999912,1099.1831137978106],[-70.8321888559999,-16.761247733999824,1099.1831137978106],[-70.82922635599994,-16.762505234999935,1099.1831137978106],[-70.82585885499992,-16.76150360899993,1099.1831137978106],[-70.82464410499995,-16.759755858999938,1099.1831137978106],[-70.82289635499995,-16.75517360899994,1099.1831137978106],[-70.81980597999996,-16.752253608999922,1099.1831137978106],[-70.81835672999995,-16.74760735899997,1099.1831137978106],[-70.81631060599994,-16.746030233999875,1099.1831137978106],[-70.80774273099996,-16.744921983999916,1099.1831137978106],[-70.80234997999997,-16.743379983999887,1099.1831137978106],[-70.79957985499993,-16.740872483999908,1099.1831137978106],[-70.79286623099989,-16.739614983999957,1099.1831137978106],[-70.78898722999998,-16.736950858999876,1099.1831137978106],[-70.78760185599998,-16.73486210899989,1099.1831137978106],[-70.78583285499991,-16.72908635899995,1099.1831137978106],[-70.78206047999998,-16.725356483999974,1099.1831137978106],[-70.77918310499984,-16.719900358999894,1099.1831137978106],[-70.77926997999992,-16.71653998399995,1099.1831137978106],[-70.77828998099994,-16.71392998399989,1099.1831137978106],[-70.77904997999991,-16.710819983999897,1099.1831137978106],[-70.77893998099995,-16.705789983999978,1099.1831137978106],[-70.77748997999998,-16.698459983999953,1099.1831137978106],[-70.77476997999992,-16.687539983999955,1099.1831137978106],[-70.7711299799999,-16.680679983999937,1099.1831137978106],[-70.77038998099988,-16.675519983999948,1099.1831137978106],[-70.77125997999991,-16.67178998399993,1099.1831137978106],[-70.77048998099997,-16.665379858999927,1099.1831137978106],[-70.77071998099984,-16.66174998399987,1099.1831137978106],[-70.76900997999991,-16.655629983999916,1099.1831137978106],[-70.76628997999995,-16.650049983999907,1099.1831137978106],[-70.76593997999993,-16.64764998399994,1099.1831137978106],[-70.76414010499997,-16.645069983999974,1099.1831137978106],[-70.76467998099997,-16.64280998399994,1099.1831137978106],[-70.76394997999995,-16.63463998499998,1099.1831137978106],[-70.76093998099992,-16.633489983999937,1099.1831137978106],[-70.75653997999996,-16.628669983999828,1099.1831137978106],[-70.75219997999994,-16.62466998399998,1099.1831137978106],[-70.74722997999987,-16.623069983999926,1099.1831137978106],[-70.74266998099995,-16.627879983999833,1099.1831137978106],[-70.73980997999985,-16.628569983999967,1099.1831137978106],[-70.73519998099988,-16.62638998499989,1099.1831137978106],[-70.73200997999999,-16.626739984999915,1099.1831137978106],[-70.72855998099993,-16.625309984999888,1099.1831137978106],[-70.7267499809999,-16.622769983999888,1099.1831137978106],[-70.72048998099984,-16.619359984999903,1099.1831137978106],[-70.71836997999992,-16.616979983999897,1099.1831137978106],[-70.71718997999983,-16.61403998399993,1099.1831137978106],[-70.71462997999993,-16.61179998399996,1099.1831137978106],[-70.71241985599994,-16.60793998399987,1099.1831137978106],[-70.70839998099996,-16.603279983999926,1099.1831137978106],[-70.70663272999991,-16.600382983999964,1099.1831137978106],[-70.70426173099986,-16.59966410899989,1099.1831137978106],[-70.70314847999992,-16.59783785999997,1099.1831137978106],[-70.70484185499998,-16.595374983999932,1099.1831137978106],[-70.70755860499997,-16.594078108999838,1099.1831137978106],[-70.70845698099998,-16.59154498399994,1099.1831137978106],[-70.71195310499996,-16.586962858999982,1099.1831137978106],[-70.7155312299999,-16.58517973399995,1099.1831137978106],[-70.7197714799999,-16.58394923399993,1099.1831137978106],[-70.72134372999994,-16.58243560899996,1099.1831137978106],[-70.7220547309999,-16.57945510899998,1099.1831137978106],[-70.72450972999991,-16.576949233999926,1099.1831137978106],[-70.72769135499988,-16.576173858999823,1099.1831137978106],[-70.72784372999996,-16.572841858999823,1099.1831137978106],[-70.72165847999997,-16.572485608999898,1099.1831137978106],[-70.71634998099995,-16.570929983999974,1099.1831137978106],[-70.71317998099994,-16.571539983999912,1099.1831137978106],[-70.70992997999997,-16.57031998399998,1099.1831137978106],[-70.70739997999982,-16.570669983999892,1099.1831137978106],[-70.69964998099994,-16.569279983999877,1099.1831137978106],[-70.69602985599988,-16.564769983999952,1099.1831137978106],[-70.69509997999995,-16.56244998399984,1099.1831137978106],[-70.68930997999996,-16.55411998399984,1099.1831137978106],[-70.6839999799999,-16.55123998399995,1099.1831137978106],[-70.68086997999995,-16.547209983999892,1099.1831137978106],[-70.67902998099993,-16.548419983999906,1099.1831137978106],[-70.6671349799999,-16.54948310899988,1099.1831137978106],[-70.66332985599996,-16.550719983999898,1099.1831137978106],[-70.65870997999997,-16.550089983999897,1099.1831137978106],[-70.65454997999996,-16.548769983999932,1099.1831137978106],[-70.65120998099997,-16.549619983999833,1099.1831137978106],[-70.64838997999988,-16.551419983999892,1099.1831137978106],[-70.64406998099986,-16.550699983999948,1099.1831137978106],[-70.6425699799999,-16.55282998399997,1099.1831137978106],[-70.64000997999995,-16.552569858999902,1099.1831137978106],[-70.63917997999982,-16.555949983999824,1099.1831137978106],[-70.63419997999989,-16.55777998399998,1099.1831137978106],[-70.63027998099989,-16.557239983999978,1099.1831137978106],[-70.62598998099998,-16.55568998399997,1099.1831137978106],[-70.62333997999997,-16.555859983999937,1099.1831137978106],[-70.6197399799999,-16.55388998399991,1099.1831137978106],[-70.61747997999998,-16.551439983999956,1099.1831137978106],[-70.61202998099998,-16.55004010899995,1099.1831137978106],[-70.60985997999995,-16.548399983999957,1099.1831137978106],[-70.60302985499993,-16.54807998399997,1099.1831137978106],[-70.59896997999994,-16.549739983999814,1099.1831137978106],[-70.59414997999994,-16.554779983999936,1099.1831137978106],[-70.5932199799999,-16.5590499839999,1099.1831137978106],[-70.59218997999994,-16.56010998399995,1099.1831137978106],[-70.58659997999996,-16.561019983999927,1099.1831137978106],[-70.58305997999992,-16.560400108999943,1099.1831137978106],[-70.57879997999987,-16.563499983999918,1099.1831137978106],[-70.57746997999988,-16.565309983999953,1099.1831137978106],[-70.56558997999997,-16.562089983999897,1099.1831137978106],[-70.56277997999996,-16.563879983999925,1099.1831137978106],[-70.55723997999996,-16.562059858999874,1099.1831137978106],[-70.55220998099998,-16.558169983999903,1099.1831137978106],[-70.54848997999994,-16.557609983999953,1099.1831137978106],[-70.54590997999992,-16.556179983999925,1099.1831137978106],[-70.5378999799999,-16.55337998399989,1099.1831137978106],[-70.5344099809999,-16.553979983999966,1099.1831137978106],[-70.5293699799999,-16.55694998399997,1099.1831137978106],[-70.52557010499999,-16.55851998399993,1099.1831137978106],[-70.51964997999988,-16.559849983999925,1099.1831137978106],[-70.51632997999991,-16.558249983999872,1099.1831137978106],[-70.51377997999998,-16.55486998399988,1099.1831137978106],[-70.51237998099992,-16.554559983999923,1099.1831137978106],[-70.49999997999987,-16.554689983999936,1099.1831137978106],[-70.49498997999996,-16.552159983999957,1099.1831137978106],[-70.49250997999991,-16.555319983999937,1099.1831137978106],[-70.48346997999988,-16.55496998399991,1099.1831137978106],[-70.47348997999995,-16.555329983999968,1099.1831137978106],[-70.47203997999998,-16.55601998399993,1099.1831137978106],[-70.47041997999997,-16.556379983999875,1099.1831137978106],[-70.46730997999992,-16.553209983999864,1099.1831137978106],[-70.4637208559999,-16.55231735899997,1099.1831137978106],[-70.45935472999997,-16.54795110899994,1099.1831137978106],[-70.45096860499984,-16.53734735899991,1099.1831137978106],[-70.44563197999997,-16.53249585899988,1099.1831137978106],[-70.44105785499994,-16.53187210899995,1099.1831137978106],[-70.43800197999997,-16.533054858999947,1099.1831137978106],[-70.43495897999992,-16.52875335899995,1099.1831137978106],[-70.43121635499995,-16.525842483999952,1099.1831137978106],[-70.42907235599995,-16.52616485899989,1099.1831137978106],[-70.42457072999997,-16.529419858999916,1099.1831137978106],[-70.41949410499996,-16.530845733999968,1099.1831137978106],[-70.41809760499996,-16.530529358999956,1099.1831137978106],[-70.41070185499996,-16.52605048399994,1099.1831137978106],[-70.40792960499994,-16.525565358999927,1099.1831137978106],[-70.40432572999998,-16.526396983999916,1099.1831137978106],[-70.39912772999998,-16.52508010899993,1099.1831137978106],[-70.39663273099995,-16.523763358999872,1099.1831137978106],[-70.38807622999985,-16.51689648399997,1099.1831137978106],[-70.38372072999988,-16.512279358999876,1099.1831137978106],[-70.38191997999985,-16.509033233999958,1099.1831137978106],[-70.3790351049999,-16.506279358999905,1099.1831137978106],[-70.37370310499995,-16.5039961089999,1099.1831137978106],[-70.37258197999995,-16.498599608999882,1099.1831137978106],[-70.37130660499992,-16.496537108999973,1099.1831137978106],[-70.36399022999996,-16.494191358999956,1099.1831137978106],[-70.36185547999997,-16.489980483999943,1099.1831137978106],[-70.36094722999997,-16.484083983999938,1099.1831137978106],[-70.36084572999994,-16.479474483999923,1099.1831137978106],[-70.35974810499994,-16.47763860899994,1099.1831137978106],[-70.35100585499987,-16.47567573399988,1099.1831137978106],[-70.34649610499986,-16.471312483999895,1099.1831137978106],[-70.33509760499999,-16.46587885899993,1099.1831137978106],[-70.3299569799999,-16.462154358999953,1099.1831137978106],[-70.3252402299999,-16.461615233999908,1099.1831137978106],[-70.3129394799999,-16.461577983999973,1099.1831137978106],[-70.31375247999995,-16.466468733999875,1099.1831137978106],[-70.31157710499997,-16.47018798399995,1099.1831137978106],[-70.30789285499998,-16.471837108999978,1099.1831137978106],[-70.30116997999988,-16.478671858999974,1099.1831137978106],[-70.28701560499997,-16.483310858999914,1099.1831137978106],[-70.28227885499984,-16.48776685899992,1099.1831137978106],[-70.27440622999995,-16.49164848399994,1099.1831137978106],[-70.26241797999995,-16.496068358999878,1099.1831137978106],[-70.25872847999995,-16.498156233999964,1099.1831137978106],[-70.24653510499985,-16.501999108999883,1099.1831137978106],[-70.2435269799999,-16.504469983999968,1099.1831137978106],[-70.24093710499994,-16.504854983999905,1099.1831137978106],[-70.23314622999987,-16.504616983999938,1099.1831137978106],[-70.22866622999999,-16.506075733999864,1099.1831137978106],[-70.22549410499994,-16.510682358999873,1099.1831137978106],[-70.22018585399991,-16.513303358999963,1099.1831137978106],[-70.21370160499987,-16.52380235899983,1099.1831137978106],[-70.20556997999995,-16.53280185899996,1099.1831137978106],[-70.20201347999983,-16.538322233999963,1099.1831137978106],[-70.20049485499993,-16.539589733999946,1099.1831137978106],[-70.19332885499989,-16.539067358999944,1099.1831137978106],[-70.18752847999991,-16.537176358999886,1099.1831137978106],[-70.18538697999992,-16.537195983999936,1099.1831137978106],[-70.18156397999991,-16.54179935899998,1099.1831137978106],[-70.1812612299999,-16.54886610899996,1099.1831137978106],[-70.17990072999993,-16.557969858999968,1099.1831137978106],[-70.17570122999996,-16.560720233999973,1099.1831137978106],[-70.17552935499992,-16.567326483999977,1099.1831137978106],[-70.17651160499992,-16.570077108999953,1099.1831137978106],[-70.17621697999988,-16.574472983999954,1099.1831137978106],[-70.17455935499999,-16.577977483999916,1099.1831137978106],[-70.17312085499998,-16.583380983999973,1099.1831137978106],[-70.17382260499994,-16.589626608999936,1099.1831137978106],[-70.17635547999998,-16.59332810899997,1099.1831137978106],[-70.17479260499988,-16.595814108999946,1099.1831137978106],[-70.17047035499996,-16.598662858999944,1099.1831137978106],[-70.16887397999994,-16.60192910899997,1099.1831137978106],[-70.16870210399992,-16.609615858999973,1099.1831137978106],[-70.16570597999998,-16.613324108999905,1099.1831137978106],[-70.1579211049999,-16.61600098399998,1099.1831137978106],[-70.15168322999989,-16.614601108999977,1099.1831137978106],[-70.14876085499992,-16.615313358999856,1099.1831137978106],[-70.14274410499996,-16.62047060899988,1099.1831137978106],[-70.13987147999995,-16.626267483999982,1099.1831137978106],[-70.13783235499989,-16.628574733999926,1099.1831137978106],[-70.12137835499988,-16.637194734999866,1099.1831137978106],[-70.11754735499989,-16.637734983999962,1099.1831137978106],[-70.11337235499997,-16.639748733999966,1099.1831137978106],[-70.11145747899997,-16.642003108999972,1099.1831137978106],[-70.10917297999993,-16.64281860899996,1099.1831137978106],[-70.10512085499994,-16.647631983999872,1099.1831137978106],[-70.10075747999997,-16.648894983999924,1099.1831137978106],[-70.0956084799999,-16.65310085899995,1099.1831137978106],[-70.08784510399988,-16.655232233999982,1099.1831137978106],[-70.08415897999998,-16.652967608999916,1099.1831137978106],[-70.08283385499993,-16.648414233999915,1099.1831137978106],[-70.07997447999998,-16.645654358999934,1099.1831137978106],[-70.0746426049999,-16.641909358999953,1099.1831137978106],[-70.06740197999994,-16.638419858999953,1099.1831137978106],[-70.05835747999998,-16.639662483999928,1099.1831137978106],[-70.05519672999998,-16.637922983999886,1099.1831137978106],[-70.05265822999996,-16.63132610899993,1099.1831137978106],[-70.05127785399998,-16.629089233999878,1099.1831137978106],[-70.04697335499998,-16.627964983999846,1099.1831137978106],[-70.03928085499996,-16.631140608999942,1099.1831137978106],[-70.03598785499992,-16.63371810899997,1099.1831137978106],[-70.03063560499999,-16.634723733999977,1099.1831137978106],[-70.0275127299999,-16.63351685899994,1099.1831137978106],[-70.02462410499999,-16.631183733999876,1099.1831137978106],[-70.02270222999994,-16.634727858999952,1099.1831137978106],[-70.01783135499988,-16.639071483999885,1099.1831137978106],[-70.01383822999998,-16.639919109999937,1099.1831137978106],[-70.01135197899998,-16.645457358999977,1099.1831137978106],[-70.00874410399996,-16.648253858999965,1099.1831137978106],[-70.00489297999997,-16.650269858999877,1099.1831137978106],[-70.00420860499992,-16.65380210899997,1099.1831137978106],[-70.00147172999988,-16.656573983999976,1099.1831137978106],[-70.00132372999997,-16.66055348499998,1099.1831137978106],[-69.99995235499995,-16.669176983999932,1099.1831137978106],[-69.99839060499994,-16.675148358999934,1099.1831137978106],[-70.00610335499994,-16.682573983999873,1099.1831137978106],[-70.01010335499996,-16.68538098399995,1099.1831137978106],[-70.01176672899993,-16.688483858999916,1099.1831137978106],[-70.01066997999988,-16.694378983999968,1099.1831137978106],[-70.01045310499995,-16.699896484999954,1099.1831137978106],[-70.00626572999988,-16.70147848399995,1099.1831137978106],[-69.99834897999995,-16.70783710899991,1099.1831137978106],[-69.99617347999998,-16.71260910899997,1099.1831137978106],[-69.99505210499996,-16.720790109999882,1099.1831137978106],[-69.9957173549999,-16.72559148399995,1099.1831137978106],[-69.99556310499986,-16.729775983999957,1099.1831137978106],[-69.99918610499986,-16.73107485999998,1099.1831137978106],[-70.00695672899997,-16.739208233999875,1099.1831137978106],[-70.01188122899998,-16.741848983999944,1099.1831137978106],[-70.01900897999991,-16.74129398399998,1099.1831137978106],[-70.02092522999999,-16.74058398399984,1099.1831137978106],[-70.02688972899995,-16.740296358999842,1099.1831137978106],[-70.03554197999995,-16.742889733999903,1099.1831137978106],[-70.03487535499988,-16.74755648499996,1099.1831137978106],[-70.03319110399997,-16.748714358999905,1099.1831137978106],[-70.03220860499994,-16.75292485899996,1099.1831137978106],[-70.03652660499989,-16.75557260899984,1099.1831137978106],[-70.03954247999997,-16.756090109999946,1099.1831137978106],[-70.04134497999996,-16.760283858999912,1099.1831137978106],[-70.04417385499988,-16.76282423399988,1099.1831137978106],[-70.05085685499995,-16.763656734999927,1099.1831137978106],[-70.05712497899998,-16.77016410899995,1099.1831137978106],[-70.05694547999997,-16.771837108999875,1099.1831137978106],[-70.05418810499998,-16.773736733999954,1099.1831137978106],[-70.05448935499987,-16.777275734999932,1099.1831137978106],[-70.0570156039999,-16.782363359999977,1099.1831137978106],[-70.0573281049999,-16.786525359999928,1099.1831137978106],[-70.0620351049999,-16.79267185899988,1099.1831137978106],[-70.06619010399999,-16.796391608999897,1099.1831137978106],[-70.06955960499994,-16.79844748399995,1099.1831137978106],[-70.07452235499989,-16.799203233999947,1099.1831137978106],[-70.08161210399993,-16.801731859999904,1099.1831137978106],[-70.08315597999996,-16.803416108999897,1099.1831137978106],[-70.08364722999994,-16.806609108999965,1099.1831137978106],[-70.08533147999992,-16.808819609999887,1099.1831137978106],[-70.08947172999984,-16.81025823399989,1099.1831137978106],[-70.09108597999989,-16.812117859999944,1099.1831137978106],[-70.09136647999992,-16.816959858999894,1099.1831137978106],[-70.09003322999985,-16.822994983999934,1099.1831137978106],[-70.09122622999996,-16.829626608999888,1099.1831137978106],[-70.09052447999989,-16.83436348499987,1099.1831137978106],[-70.09133147999995,-16.843591483999944,1099.1831137978106],[-70.09066472899997,-16.858924858999956,1099.1831137978106],[-70.0926297289999,-16.862679233999813,1099.1831137978106],[-70.09111222999996,-16.870924108999873,1099.1831137978106],[-70.09203547999994,-16.874947983999903,1099.1831137978106],[-70.0944339799999,-16.87991623399995,1099.1831137978106],[-70.09427885399992,-16.89092485899988,1099.1831137978106],[-70.09484022999993,-16.892012609999938,1099.1831137978106],[-70.0996198549999,-16.89366660899998,1099.1831137978106],[-70.10559747999997,-16.897263733999978,1099.1831137978106],[-70.10942560499996,-16.903129733999947,1099.1831137978106],[-70.1135651049999,-16.917829483999924,1099.1831137978106],[-70.11805635499996,-16.92375785899992,1099.1831137978106],[-70.12798197999996,-16.930517109999982,1099.1831137978106],[-70.13226735499995,-16.934767609999938,1099.1831137978106],[-70.1358639799999,-16.935255358999882,1099.1831137978106],[-70.1436563549999,-16.937456109999914,1099.1831137978106],[-70.14662497999996,-16.938730483999848,1099.1831137978106],[-70.15200372899994,-16.933173984999883,1099.1831137978106],[-70.14766947999988,-16.926438358999917,1099.1831137978106],[-70.14837222999995,-16.921869733999927,1099.1831137978106],[-70.15253085499995,-16.92093260899992,1099.1831137978106],[-70.15963672999999,-16.918435484999975,1099.1831137978106],[-70.16589447999996,-16.916992234999952,1099.1831137978106],[-70.16963285499992,-16.91671485899991,1099.1831137978106],[-70.17279647999993,-16.912615359999904,1099.1831137978106],[-70.17467072999995,-16.912791233999883,1099.1831137978106],[-70.17730647999997,-16.916188233999947,1099.1831137978106],[-70.17783360499988,-16.919468358999836,1099.1831137978106],[-70.18030860499994,-16.92486523399998,1099.1831137978106],[-70.17900497999989,-16.927668359999927,1099.1831137978106],[-70.18128922999989,-16.932119609999972,1099.1831137978106],[-70.18972347999994,-16.9392068599999,1099.1831137978106],[-70.19628347999992,-16.943013983999947,1099.1831137978106],[-70.20096922999994,-16.94400973399985,1099.1831137978106],[-70.21133635399991,-16.943599733999918,1099.1831137978106],[-70.21801335499993,-16.946352483999874,1099.1831137978106],[-70.22146910499987,-16.94881248399986,1099.1831137978106],[-70.22392910499991,-16.952033984999957,1099.1831137978106],[-70.22510560499984,-16.958550733999914,1099.1831137978106],[-70.23007910499996,-16.959413859999927,1099.1831137978106],[-70.23956760499988,-16.956953858999952,1099.1831137978106],[-70.2471818549999,-16.952443984999945,1099.1831137978106],[-70.24981760499992,-16.949339608999935,1099.1831137978106],[-70.25245322999996,-16.94471248399998,1099.1831137978106],[-70.25432747999997,-16.940026858999886,1099.1831137978106],[-70.25362460499997,-16.931768483999974,1099.1831137978106],[-70.25421035499994,-16.92983535899998,1099.1831137978106],[-70.25731460499992,-16.925969733999978,1099.1831137978106],[-70.25930610499995,-16.92052260899993,1099.1831137978106],[-70.25790035499989,-16.91161998399997,1099.1831137978106],[-70.2590663549999,-16.90203323499992,1099.1831137978106],[-70.25596747999992,-16.899202734999847,1099.1831137978106],[-70.25227747999998,-16.889421358999925,1099.1831137978106],[-70.24993472999995,-16.876535734999948,1099.1831137978106],[-70.24700610499991,-16.8703857349999,1099.1831137978106],[-70.24376760399991,-16.860242233999884,1099.1831137978106],[-70.24121072999992,-16.85691810899982,1099.1831137978106],[-70.23766322999995,-16.854848859999947,1099.1831137978106],[-70.23062747999984,-16.857213733999856,1099.1831137978106],[-70.22684360399995,-16.857657234999976,1099.1831137978106],[-70.2230839799999,-16.856087859999946,1099.1831137978106],[-70.22264060499998,-16.852074233999872,1099.1831137978106],[-70.22066410499997,-16.847503859999904,1099.1831137978106],[-70.21686522999988,-16.843314483999904,1099.1831137978106],[-70.21171485499997,-16.840810483999974,1099.1831137978106],[-70.20482622999992,-16.839007858999935,1099.1831137978106],[-70.19902572999996,-16.840274734999866,1099.1831137978106],[-70.19737022999988,-16.84184148399993,1099.1831137978106],[-70.19414797999997,-16.838678358999914,1099.1831137978106],[-70.19023247999985,-16.83745510899996,1099.1831137978106],[-70.18767385499996,-16.83542648399998,1099.1831137978106],[-70.18406722999998,-16.83468748399997,1099.1831137978106],[-70.18332822999997,-16.833031984999934,1099.1831137978106],[-70.18217535499997,-16.824547734999953,1099.1831137978106],[-70.18241185499988,-16.819226484999945,1099.1831137978106],[-70.18155447899983,-16.81715723399998,1099.1831137978106],[-70.18663872999997,-16.81588285899994,1099.1831137978106],[-70.19226185499997,-16.818060483999943,1099.1831137978106],[-70.19425972999989,-16.818107358999896,1099.1831137978106],[-70.20032422899993,-16.81309373399995,1099.1831137978106],[-70.20335335499993,-16.808603483999946,1099.1831137978106],[-70.20557422999991,-16.80812498399996,1099.1831137978106],[-70.21266210499994,-16.810404234999965,1099.1831137978106],[-70.21923047999991,-16.81055660899989,1099.1831137978106],[-70.22550197999993,-16.809531233999962,1099.1831137978106],[-70.22936322999993,-16.80774223399993,1099.1831137978106],[-70.23477147999995,-16.806208983999966,1099.1831137978106],[-70.23939447999993,-16.80560748399995,1099.1831137978106],[-70.24730047999992,-16.802464858999883,1099.1831137978106],[-70.25283597999999,-16.798884733999955,1099.1831137978106],[-70.25384572999997,-16.794093733999944,1099.1831137978106],[-70.25388285499992,-16.78884960899984,1099.1831137978106],[-70.25548922999997,-16.786116983999932,1099.1831137978106],[-70.26083997999996,-16.785259733999908,1099.1831137978106],[-70.26293885499996,-16.783781608999902,1099.1831137978106],[-70.26645672999996,-16.778430858999855,1099.1831137978106],[-70.26385522999993,-16.772666233999928,1099.1831137978106],[-70.26657497999997,-16.77083348399998,1099.1831137978106],[-70.26979722999988,-16.770567233999884,1099.1831137978106],[-70.27749610499995,-16.77488085899995,1099.1831137978106],[-70.28054885499995,-16.77708198499988,1099.1831137978106],[-70.28597260499993,-16.778802734999886,1099.1831137978106],[-70.29185685499988,-16.781345233999957,1099.1831137978106],[-70.29278960499988,-16.78035848499991,1099.1831137978106],[-70.29859185499998,-16.77811323399993,1099.1831137978106],[-70.30184185499996,-16.777511733999916,1099.1831137978106],[-70.30761135499995,-16.773046858999976,1099.1831137978106],[-70.3112949799999,-16.773300733999918,1099.1831137978106],[-70.31787110499994,-16.775294858999814,1099.1831137978106],[-70.31800785499996,-16.77898435999998,1099.1831137978106],[-70.32367572999993,-16.782994108999958,1099.1831137978106],[-70.33481635499999,-16.7850332349999,1099.1831137978106],[-70.34175785499986,-16.788683608999975,1099.1831137978106],[-70.34492572999994,-16.791464858999973,1099.1831137978106],[-70.34895897999996,-16.79125385899988,1099.1831137978106],[-70.35110547999994,-16.789738233999913,1099.1831137978106],[-70.35399622999995,-16.789478483999915,1099.1831137978106],[-70.35884760499988,-16.791710983999963,1099.1831137978106],[-70.3591913549999,-16.795685609999964,1099.1831137978106],[-70.36137310499993,-16.797046858999977,1099.1831137978106],[-70.3687676049999,-16.79910160999998,1099.1831137978106],[-70.37279497999998,-16.798179733999973,1099.1831137978106],[-70.37803710499992,-16.80324223399998,1099.1831137978106],[-70.37866997999998,-16.80949798399996,1099.1831137978106],[-70.38086722999998,-16.812591858999895,1099.1831137978106],[-70.38523047999985,-16.815871109999875,1099.1831137978106],[-70.3902207299999,-16.81740423499997,1099.1831137978106],[-70.39363672999986,-16.817390609999904,1099.1831137978106],[-70.39968947999989,-16.818796859999907,1099.1831137978106],[-70.40458598099985,-16.825515608999922,1099.1831137978106],[-70.40939447999989,-16.8301913599999,1099.1831137978106],[-70.41430660499998,-16.82941598399998,1099.1831137978106],[-70.41739647999992,-16.830828108999924,1099.1831137978106],[-70.42081447999993,-16.83099810899995,1099.1831137978106],[-70.42548423099998,-16.83329498399985,1099.1831137978106],[-70.42713085499997,-16.835779359999947,1099.1831137978106],[-70.43260160499989,-16.83984573499987,1099.1831137978106],[-70.43723247999998,-16.83951560999992,1099.1831137978106],[-70.44068935499996,-16.840046858999926,1099.1831137978106],[-70.44160547999996,-16.841226608999932,1099.1831137978106],[-70.4427266049999,-16.84643948399986,1099.1831137978106],[-70.4432676049999,-16.853101608999964,1099.1831137978106],[-70.44483210499988,-16.855818358999954,1099.1831137978106],[-70.45037110499987,-16.86032223399991,1099.1831137978106],[-70.45096685599998,-16.861816483999917,1099.1831137978106],[-70.45018747999995,-16.86824410899993,1099.1831137978106],[-70.44775385499986,-16.87412698399993,1099.1831137978106],[-70.45011910499989,-16.880099608999956,1099.1831137978106],[-70.44856247999996,-16.882812483999942,1099.1831137978106],[-70.4424356049999,-16.88799610899997,1099.1831137978106],[-70.44201760499988,-16.89312498399994,1099.1831137978106],[-70.44534372999993,-16.89616798499992,1099.1831137978106],[-70.44773047999996,-16.89700785899987,1099.1831137978106],[-70.45175197999998,-16.900005733999933,1099.1831137978106],[-70.45196485499991,-16.902873108999927,1099.1831137978106],[-70.45092772999993,-16.90643748499997,1099.1831137978106],[-70.45169135499987,-16.913121108999917,1099.1831137978106],[-70.45480272999998,-16.91798048499993,1099.1831137978106],[-70.45919135499992,-16.92273823499994,1099.1831137978106],[-70.45612535599992,-16.92390948399992,1099.1831137978106],[-70.45342272999994,-16.928570608999962,1099.1831137978106],[-70.45573248099998,-16.933259733999876,1099.1831137978106],[-70.46082222999996,-16.93447460999994,1099.1831137978106],[-70.46102147999994,-16.936365234999982,1099.1831137978106],[-70.46474260499997,-16.942358109999873,1099.1831137978106],[-70.4647226049999,-16.945683609999946,1099.1831137978106],[-70.45555860499991,-16.95422660899993,1099.1831137978106],[-70.45031060499991,-16.958070359999965,1099.1831137978106],[-70.44576172999996,-16.960146484999882,1099.1831137978106],[-70.44347460499989,-16.962052734999872,1099.1831137978106],[-70.44319922999995,-16.964277358999936,1099.1831137978106],[-70.44475585499998,-16.967304733999924,1099.1831137978106],[-70.44500785499991,-16.971445358999972,1099.1831137978106],[-70.44599997999995,-16.973931608999976,1099.1831137978106],[-70.44964647999996,-16.978638733999958,1099.1831137978106],[-70.44999010499998,-16.98258198499991,1099.1831137978106],[-70.45202735499987,-16.986400358999845,1099.1831137978106],[-70.45780272999997,-16.99297260999998,1099.1831137978106],[-70.4607851049999,-16.99788085999984,1099.1831137978106],[-70.46158472999997,-17.002458109999907,1099.1831137978106],[-70.46304822999991,-17.00359623399993,1099.1831137978106],[-70.46323785499999,-17.00860973499988,1099.1831137978106],[-70.46190997999997,-17.01264773399987,1099.1831137978106],[-70.45957935499996,-17.014951234999955,1099.1831137978106],[-70.45375285499989,-17.017308983999897,1099.1831137978106],[-70.45315660499995,-17.019233108999856,1099.1831137978106],[-70.45337347999987,-17.024002734999954,1099.1831137978106],[-70.44981447999999,-17.026173858999925,1099.1831137978106],[-70.4482514799999,-17.029829234999966,1099.1831137978106],[-70.44822435499998,-17.03440910899991,1099.1831137978106],[-70.44596872999995,-17.038925734999964,1099.1831137978106],[-70.44408385499997,-17.04562698399991,1099.1831137978106],[-70.43920122999998,-17.050363234999963,1099.1831137978106],[-70.43973635499998,-17.052115234999974,1099.1831137978106],[-70.44364447999993,-17.055736983999964,1099.1831137978106],[-70.44635447999997,-17.06267460899994,1099.1831137978106],[-70.44602922999997,-17.068175983999936,1099.1831137978106],[-70.44824997999996,-17.072083983999903,1099.1831137978106],[-70.44871222999984,-17.077796484999965,1099.1831137978106],[-70.44957935499991,-17.081292359999907,1099.1831137978106],[-70.45296697999999,-17.083053984999935,1099.1831137978106],[-70.45871222999989,-17.08180735999997,1099.1831137978106],[-70.46220810499995,-17.081915733999892,1099.1831137978106],[-70.4652162299999,-17.083324984999877,1099.1831137978106],[-70.4682243549999,-17.087525484999958,1099.1831137978106],[-70.47499935499997,-17.085167734999857,1099.1831137978106],[-70.4799857299999,-17.084408984999868,1100.49165785093],[-70.48180147999994,-17.08565548499996,1100.49165785093],[-70.48960635499992,-17.08844685999992,1100.49165785093],[-70.49185560499996,-17.091373734999877,1100.49165785093],[-70.49193697999993,-17.09465285899995,1100.49165785093],[-70.49340035499995,-17.09939535999996,1100.49165785093],[-70.49497260499993,-17.1013593589999,1100.49165785093],[-70.49405072999986,-17.10538435999996,1100.49165785093],[-70.4951347299999,-17.11034373399997,1100.49165785093],[-70.49949610499993,-17.11657423399987,1100.49165785093],[-70.50204497999988,-17.118835984999976,1100.49165785093],[-70.50745310499997,-17.131703234999975,1100.49165785093],[-70.51041410499994,-17.13586523499987,1100.49165785093],[-70.51686910499996,-17.14285935999993,1100.49165785093],[-70.51888485599994,-17.15146873499998,1100.49165785093],[-70.52114060499997,-17.158234358999948,1100.49165785093],[-70.52779860499999,-17.168308359999912,1100.49165785093],[-70.53261160599999,-17.171885608999958,1100.49165785093],[-70.53535547999996,-17.17274998399995,1100.49165785093],[-70.54602735499986,-17.18369335999995,1100.49165785093],[-70.55002073099996,-17.185760859999846,1100.49165785093],[-70.55169010499998,-17.191722734999928,1100.49165785093],[-70.55505047999992,-17.197663233999947,1100.49165785093],[-70.55632960599996,-17.19787998399994,1100.49165785093],[-70.56597735499992,-17.194432859999893,1100.49165785093],[-70.57250785499991,-17.19410935999997,1100.49165785093],[-70.57657810499995,-17.198378859999877,1098.620407664546],[-70.58137022999989,-17.201652359999855,1098.620407664546],[-70.58551110499997,-17.203668609999966,1098.620407664546],[-70.59087485599991,-17.20533985999998,1098.620407664546],[-70.59466585499996,-17.20828510999985,1098.620407664546],[-70.59915997999997,-17.210380859999873,1098.620407664546],[-70.60534747999998,-17.21103123499995,1098.620407664546],[-70.60997835499995,-17.214503858999933,1098.620407664546],[-70.61277135599994,-17.21349610999988,1098.620407664546],[-70.61886710499994,-17.20916598499997,1098.620407664546],[-70.62347447999991,-17.21160160999989,1098.620407664546],[-70.63002910599994,-17.213974609999866,1098.620407664546],[-70.63355435499994,-17.210844734999966,1098.620407664546],[-70.64012335499996,-17.21110485999992,1098.620407664546],[-70.64523985499994,-17.210584484999913,1098.620407664546],[-70.65000948099993,-17.209153734999973,1098.620407664546],[-70.65241397999995,-17.209497858999896,1098.620407664546],[-70.66170685599997,-17.213896484999964,1098.620407664546],[-70.66644323099996,-17.21420510999991,1098.620407664546],[-70.67112872999996,-17.21979298399998,1098.620407664546],[-70.67386710499994,-17.220029358999966,1098.620407664546],[-70.67817960499991,-17.2230566099999,1098.620407664546],[-70.68127523099997,-17.222984359999884,1098.620407664546],[-70.68422072999988,-17.224980109999876,1098.620407664546],[-70.68383048099992,-17.228882609999857,1098.620407664546],[-70.68701747999984,-17.233695609999927,1098.620407664546],[-70.68831835599991,-17.239635984999893,1098.620407664546],[-70.69297935599991,-17.2411752349999,1098.620407664546],[-70.69443210599997,-17.244513984999912,1098.620407664546],[-70.70119522999988,-17.254599609999957,1098.620407664546],[-70.70363273099997,-17.262238233999938,1098.620407664546],[-70.70427910499996,-17.267205109999963,1098.620407664546],[-70.7073904799999,-17.269455109999967,1098.620407664546],[-70.71268672999997,-17.27005310999988,1098.620407664546],[-70.71591710499985,-17.273652109999944,1098.620407664546],[-70.71428110599993,-17.278847609999957,1098.620407664546],[-70.71379247999982,-17.28477398499996,1098.620407664546],[-70.71227485499992,-17.287483859999952,1098.620407664546],[-70.70592260599994,-17.289608609999902,1098.620407664546],[-70.70565223099999,-17.291179734999957,1098.620407664546],[-70.70785722999989,-17.29448823499996,1098.620407664546],[-70.71586710499997,-17.301769483999976,1098.620407664546],[-70.71743473099991,-17.306887734999975,1098.620407664546],[-70.72079510499987,-17.311028609999937,1098.620407664546],[-70.73000922999984,-17.31822635999987,1098.620407664546],[-70.73386823099992,-17.323191109999982,1098.620407664546],[-70.73810722999991,-17.330615234999982,1098.620407664546],[-70.74324210499998,-17.341898484999888,1098.620407664546],[-70.74372835599996,-17.34497073499989,1098.620407664546],[-70.74613910599993,-17.34953248499994,1098.620407664546],[-70.74711710599996,-17.355040984999903,1098.620407664546],[-70.75018335599998,-17.366140608999956,1098.620407664546],[-70.75167947999995,-17.370482359999983,1098.620407664546],[-70.75163372999998,-17.37564335999997,1098.620407664546],[-70.75240410499998,-17.38057335999997,1098.620407664546],[-70.75028572999992,-17.385541859999933,1098.620407664546],[-70.74732010599996,-17.389162109999972,1098.620407664546],[-70.74450847999992,-17.390433359999975,1098.620407664546],[-70.74265973099989,-17.396287609999945,1098.620407664546],[-70.73934735599994,-17.39948448499996,1098.620407664546],[-70.73557835499992,-17.401229984999873,1098.620407664546],[-70.7356298549999,-17.405799984999817,1098.620407664546],[-70.73930997999997,-17.411959984999953,1098.620407664546],[-70.74340997999997,-17.415559984999902,1098.620407664546],[-70.74794073099997,-17.418153484999834,1098.620407664546],[-70.75115135499988,-17.422380983999858,1098.620407664546],[-70.75216810599989,-17.42864173499987,1098.620407664546],[-70.75462960499988,-17.437578109999947,1098.620407664546],[-70.75837535599993,-17.43977185999995,1098.620407664546],[-70.76356585599996,-17.440521109999906,1098.620407664546],[-70.7655458559999,-17.44212648499996,1098.620407664546],[-70.77004085499993,-17.44774510999997,1098.620407664546],[-70.77665998099997,-17.44862998499991,1098.620407664546],[-70.77997997999995,-17.45059998499994,1098.620407664546],[-70.78243998099992,-17.455499984999904,1098.620407664546],[-70.78630998099993,-17.459859983999877,1098.620407664546],[-70.78766998099996,-17.46027998499983,1098.620407664546],[-70.78998010499993,-17.461139859999832,1098.620407664546],[-70.79239998099996,-17.466360109999925,1098.620407664546],[-70.79467997999996,-17.46874998499993,1098.620407664546],[-70.80284985499998,-17.475319984999885,1098.620407664546],[-70.80485997999983,-17.480249984999944,1098.620407664546],[-70.80880998099997,-17.48399998499991,1098.620407664546],[-70.81040998099996,-17.48643998499989,1098.620407664546],[-70.81453998099988,-17.48874010999998,1098.620407664546],[-70.81724998099992,-17.491339984999968,1098.620407664546],[-70.82035998099997,-17.49314998499989,1098.620407664546],[-70.82804997999995,-17.50195998399994,1098.620407664546],[-70.8324799799999,-17.508819984999946,1098.620407664546],[-70.83522998099983,-17.511990109999886,1098.620407664546],[-70.83605998099995,-17.516009984999982,1098.620407664546],[-70.83976998099996,-17.51915998499993,1098.620407664546],[-70.84375997999996,-17.52465998499997,1098.620407664546],[-70.84742998099995,-17.5265398599999,1098.620407664546],[-70.85042998099982,-17.52950998499989,1098.620407664546],[-70.85392997999986,-17.530169984999873,1098.620407664546],[-70.85602997999996,-17.5315999849999,1098.620407664546],[-70.85683998099995,-17.534999984999956,1098.620407664546],[-70.86212997999996,-17.53769998499996,1074.382006761413],[-70.86425998099998,-17.54025998499992,1074.382006761413],[-70.8642699809999,-17.54240998499995,1074.382006761413],[-70.86675997999987,-17.547379984999907,1074.382006761413],[-70.86941998099996,-17.54886998499984,1074.382006761413],[-70.87194998099994,-17.551789984999857,1074.382006761413],[-70.8763999809999,-17.554389984999943,1074.382006761413],[-70.87964998099994,-17.555239984999957,1074.382006761413],[-70.88243997999996,-17.56100998499994,1074.382006761413],[-70.88111998099998,-17.56686998499987,1074.382006761413],[-70.88142998099988,-17.569489984999848,1074.382006761413],[-70.88363998099993,-17.57296998499993,1074.382006761413],[-70.88407997999997,-17.58163998499998,1074.382006761413],[-70.88597998099993,-17.584479984999973,1074.382006761413],[-70.88854998099987,-17.586589984999932,1074.382006761413],[-70.89315998099994,-17.592849859999887,1074.382006761413],[-70.8944599809999,-17.59931998499991,1074.382006761413],[-70.89634997999997,-17.60309998499997,1074.382006761413],[-70.89599998099999,-17.608799984999962,1074.382006761413],[-70.89707997999989,-17.612319984999942,1074.382006761413],[-70.90259998099992,-17.619499984999948,1074.382006761413],[-70.90388998099996,-17.622559984999896,1074.382006761413],[-70.90472997999996,-17.628649984999925,1074.382006761413],[-70.90411998099984,-17.63657998499997,1074.382006761413],[-70.90513998099993,-17.643509984999923,1074.382006761413],[-70.9078148559999,-17.647219609999922,1074.382006761413],[-70.9183397299999,-17.649454984999977,1074.382006761413],[-70.92422347999991,-17.647662234999927,1074.382006761413],[-70.92986997999992,-17.64436998499997,1074.382006761413],[-70.93121048099988,-17.640813359999925,1074.382006761413],[-70.93392247999992,-17.638055234999968,1074.382006761413],[-70.93897885499996,-17.63561898499995,1074.382006761413],[-70.9463794809999,-17.63281510999991,1074.382006761413],[-70.95629885599988,-17.631613234999975,1074.382006761413],[-70.99277535599992,-17.622679734999963,1074.382006761413],[-70.99659760499998,-17.620787109999924,1074.382006761413],[-71.0007929809999,-17.616933609999933,1074.382006761413],[-71.01362735599992,-17.603716734999978,1074.382006761413],[-71.01653510599994,-17.600970734999976,1074.382006761413],[-71.01983423099995,-17.599902734999887,1074.382006761413],[-71.02277610499993,-17.59774248499997,1074.382006761413],[-71.0290276049999,-17.58910073499993,1074.382006761413],[-71.03115622999997,-17.585658234999926,1074.382006761413],[-71.03305072999996,-17.580000109999844,1074.382006761413],[-71.03434760499988,-17.568035109999983,1074.382006761413],[-71.03614060599983,-17.55802348499992,1074.382006761413],[-71.03778910499989,-17.555331984999896,1074.382006761413],[-71.04451835599997,-17.547960484999976,1074.382006761413],[-71.05155135599995,-17.541111484999874,1074.382006761413],[-71.06185998099994,-17.53327998499998,1074.382006761413],[-71.06840698099995,-17.52782398499994,1074.382006761413],[-71.07254885599991,-17.525802859999942,1074.382006761413],[-71.07287885599993,-17.524703109999905,1074.382006761413],[-71.07371485599992,-17.508706984999947,1074.382006761413],[-71.07395004716798,-17.48757311210066,1066.5872196074185],[-71.074962740645,-17.487646650749,1066.72035103866],[-71.0793864444941,-17.488109331816,1067.39129655364],[-71.0820168250964,-17.4883138365542,1068.06224206862]]]},"properties":{"ubigeo":"170100","nombre":"MARISCAL NIETO"}},{"type":"Feature","geometry":{"type":"Polygon","coordinates":[[[-71.15568747999998,-16.871179733999952],[-71.1553613559999,-16.878267609999966],[-71.15866997999984,-16.885689983999896],[-71.1570938559999,-16.887649359999955],[-71.15863860499991,-16.89409760899997],[-71.16114060599989,-16.897751983999967],[-71.16168748099994,-16.90060160899992],[-71.16461523099997,-16.90418548399998],[-71.16939848099997,-16.90697073399997],[-71.17520897999998,-16.907201108999914],[-71.17886910599992,-16.906271483999944],[-71.18729298099998,-16.902365234999934],[-71.19054098099997,-16.903189483999938],[-71.19392185599997,-16.902509733999977],[-71.1988554809999,-16.906064483999955],[-71.20341597999993,-16.911177733999978],[-71.20476948099991,-16.91611923499994],[-71.20680073099987,-16.91767185999987],[-71.2131034809999,-16.920138608999935],[-71.21713873099992,-16.922410109999873],[-71.21847073099991,-16.925400358999923],[-71.22135935599982,-16.926451108999913],[-71.23067997999988,-16.92814998399996],[-71.23476760599988,-16.92787710899995],[-71.23810748099999,-16.926503858999922],[-71.24055660599998,-16.92669723499995],[-71.24694335599986,-16.930263734999983],[-71.24885748099996,-16.932779233999952],[-71.2543691059999,-16.937169858999937],[-71.2574101059999,-16.938152359999947],[-71.2615741059999,-16.938417983999898],[-71.26734585599996,-16.936925733999885],[-71.27313473099997,-16.939683609999918],[-71.27555273099983,-16.942117234999955],[-71.27870698099997,-16.942855483999892],[-71.28585935599995,-16.943136858999935],[-71.28773648099991,-16.946152359999928],[-71.29057223099989,-16.948068358999933],[-71.29285548099989,-16.947789108999928],[-71.29474610599993,-16.949304734999885],[-71.29939060599997,-16.955242359999943],[-71.30370123099993,-16.958203109999943],[-71.3099159809999,-16.95360348399987],[-71.31284573099992,-16.950765608999973],[-71.31906835599995,-16.94817573499995],[-71.32314448099993,-16.949259734999828],[-71.32728510599998,-16.947617233999893],[-71.33044923099993,-16.944179608999946],[-71.33303323099994,-16.943474608999963],[-71.34070898099998,-16.94438473499997],[-71.34422073099995,-16.945646483999894],[-71.3484668559999,-16.948378858999945],[-71.3495253559999,-16.95016210899996],[-71.3495508559999,-16.95640423499998],[-71.34456010599996,-16.964019983999947],[-71.34521998099996,-16.96722998499996],[-71.35082998099995,-16.972629984999912],[-71.35348998099994,-16.976239983999903],[-71.35640998099996,-16.9782899839999],[-71.36372460599989,-16.978594108999914],[-71.36589060599994,-16.978177608999943],[-71.36957260599996,-16.975828358999877],[-71.37463760599991,-16.974162358999877],[-71.37751985599994,-16.97402898499996],[-71.38435085599997,-16.977577734999954],[-71.39092260599995,-16.9804916089999],[-71.39083098099985,-16.97806935899996],[-71.39463048099998,-16.9734039839999],[-71.40129848099997,-16.96984673499992],[-71.40263360599994,-16.96726035899991],[-71.40183260599991,-16.96051785999998],[-71.40358735599989,-16.95764160999994],[-71.40579223099996,-16.95583535999998],[-71.41009523099996,-16.954349484999966],[-71.41446685599988,-16.955717108999977],[-71.41770173099997,-16.95460323499998],[-71.42209623099984,-16.955079984999827],[-71.42857360599993,-16.959403983999835],[-71.43128985599998,-16.960447359999932],[-71.43435673099998,-16.960294733999888],[-71.43897248099995,-16.95729260999991],[-71.44488523099989,-16.95647623399998],[-71.44826510599995,-16.959197984999946],[-71.45416260599995,-16.960758233999968],[-71.45954148099992,-16.960819234999974],[-71.46361535599993,-16.95727360899997],[-71.46594235599991,-16.95056910999989],[-71.46534723099995,-16.949050858999954],[-71.46028898099996,-16.943885859999966],[-71.46047210599994,-16.938381234999895],[-71.45596298099997,-16.934186984999883],[-71.44805910599996,-16.932184233999976],[-71.44132235599989,-16.932466484999964],[-71.44186398099993,-16.929265983999926],[-71.43974298099994,-16.92756848399989],[-71.43470760599996,-16.927865984999926],[-71.43119048099993,-16.92653660999997],[-71.42566685599996,-16.921636608999904],[-71.42440035599998,-16.918313983999894],[-71.42543035599994,-16.913509359999978],[-71.4254913559999,-16.90638335899996],[-71.42458348099996,-16.90215298399994],[-71.42248535599998,-16.896398483999974],[-71.42420948099988,-16.893352484999923],[-71.43033610599991,-16.88880160899987],[-71.43304448099985,-16.88487248499996],[-71.43348698099987,-16.88266373499988],[-71.43590560599995,-16.87894823399995],[-71.43697360599998,-16.873628609999912],[-71.43846898099997,-16.871484858999906],[-71.43877410599998,-16.86874385899995],[-71.44063573099999,-16.86522673399992],[-71.44121548099992,-16.86119848499993],[-71.44078823099994,-16.85768510899993],[-71.44155885599992,-16.85372548499987],[-71.44129948099993,-16.848453483999947],[-71.44203185599997,-16.843547859999944],[-71.44113923099991,-16.841043484999943],[-71.43576048099993,-16.835313983999924],[-71.43830110699992,-16.833103233999964],[-71.43874360599995,-16.83122448399996],[-71.44244385599995,-16.82854860899988],[-71.44322973099997,-16.825969733999955],[-71.44334410599993,-16.821281483999883],[-71.44458773099996,-16.817388483999935],[-71.4438858559999,-16.808004358999938],[-71.44430548099996,-16.80467410899996],[-71.44169610599988,-16.80054660899998],[-71.43687435599992,-16.79688835899998],[-71.43641660599997,-16.79301073399995],[-71.43442535599996,-16.79079435899996],[-71.43255610599994,-16.785469108999905],[-71.43357085599996,-16.78274348499997],[-71.43311310599995,-16.780254358999912],[-71.42938998099999,-16.774732608999898],[-71.42856598099985,-16.771730484999864],[-71.42846685599989,-16.766277233999915],[-71.43039698099989,-16.760395108999887],[-71.43035123099992,-16.757022858999903],[-71.42935185599993,-16.75527760999995],[-71.4296798559999,-16.751335108999967],[-71.42771135599992,-16.747373608999908],[-71.42592623099983,-16.741376858999956],[-71.42261523099995,-16.73775673399996],[-71.4176788559999,-16.738304108999955],[-71.41275785599998,-16.733789483999942],[-71.40709685599984,-16.730108358999928],[-71.4009018559999,-16.728143734999946],[-71.39823910599995,-16.731122984999956],[-71.3945617309999,-16.731199233999973],[-71.39026635599993,-16.729278608999948],[-71.3859558559999,-16.72809023399992],[-71.38376623099998,-16.726217233999932],[-71.37859348099994,-16.724588358999938],[-71.37496185599991,-16.722257608999882],[-71.36943048099994,-16.719676983999875],[-71.36378473099995,-16.72049335899993],[-71.36167910599994,-16.722091733999946],[-71.35818485599998,-16.72284123399993],[-71.35633848099991,-16.72462273499991],[-71.35328673099991,-16.72495273399994],[-71.35041810599989,-16.727872858999888],[-71.35060123099993,-16.73086923399984],[-71.34883885599987,-16.73246385899995],[-71.34853360599993,-16.736440608999942],[-71.34698485599995,-16.742242983999972],[-71.34367373099997,-16.744884483999954],[-71.33655548099995,-16.746742108999968],[-71.33300023099997,-16.746999733999814],[-71.33103185599998,-16.74806398399994],[-71.32756810599994,-16.752256359999876],[-71.32608035599992,-16.752176233999933],[-71.32238010599991,-16.749727234999966],[-71.31758123099996,-16.745588358999896],[-71.31416323099995,-16.744651733999945],[-71.31241610599983,-16.742969483999957],[-71.31265260599986,-16.74032398399993],[-71.31143185599984,-16.738679859999934],[-71.30578610599997,-16.735761608999894],[-71.30193310599992,-16.734882483999968],[-71.29597473099989,-16.732187234999913],[-71.2890929809999,-16.726457608999965],[-71.28927610599993,-16.7227172339999],[-71.28581235599995,-16.71635435999997],[-71.29254135599996,-16.7124003589999],[-71.29531098099994,-16.709732108999958],[-71.29603573099996,-16.707427859999882],[-71.29551698099993,-16.701030733999858],[-71.29364010599988,-16.690559358999963],[-71.28995498099988,-16.686984983999878],[-71.28630823099996,-16.68521498399997],[-71.28390497999999,-16.68223948399998],[-71.28368373099988,-16.677421608999964],[-71.28463748099995,-16.673387483999875],[-71.28473660599997,-16.667007483999953],[-71.28375248099996,-16.662893234999956],[-71.28037260599984,-16.657644233999974],[-71.28086085599989,-16.652277108999897],[-71.27998348099999,-16.64869698399997],[-71.27957910599991,-16.635934858999974],[-71.28047948099999,-16.632581608999885],[-71.27930448099994,-16.62722010899995],[-71.27958673099994,-16.623277608999956],[-71.27915185599988,-16.615821858999936],[-71.27751923099999,-16.61136248399987],[-71.27317810599999,-16.607017483999925],[-71.27043910599997,-16.606628358999956],[-71.26150498099997,-16.606662733999883],[-71.25967410599998,-16.6020793589999],[-71.25930023099988,-16.591058733999944],[-71.26284023099987,-16.584911233999946],[-71.26066585599989,-16.582563483999934],[-71.25933073099992,-16.577400233999867],[-71.25275423099998,-16.57256698399982],[-71.25163273099997,-16.568876358999887],[-71.24909973099994,-16.56410035899995],[-71.24804685599986,-16.560846358999925],[-71.24713135599995,-16.55435560899997],[-71.24479673099995,-16.550228108999875],[-71.24422460599999,-16.5434303589999],[-71.2433166059999,-16.5395412339999],[-71.24346160599998,-16.535892483999817],[-71.24276735599994,-16.525634733999937],[-71.24179073099992,-16.52165223399993],[-71.23823548099995,-16.516738858999815],[-71.23613735599997,-16.506482983999888],[-71.23706823099991,-16.502115233999973],[-71.24124147999999,-16.495819233999953],[-71.24460598099989,-16.48990435899998],[-71.24647523099992,-16.48854260899998],[-71.24934385599988,-16.482358983999973],[-71.24480435599997,-16.47786335899997],[-71.24328610599986,-16.47442248399983],[-71.24416347999988,-16.471013983999967],[-71.24597935599996,-16.468517358999918],[-71.24564360599987,-16.466863608999972],[-71.24210360599989,-16.46306423399983],[-71.23620610599988,-16.46600910899997],[-71.23178085599994,-16.465053608999938],[-71.22947698099995,-16.461904483999945],[-71.22452548099994,-16.46055985899983],[-71.21913910599989,-16.460565608999957],[-71.20634460599996,-16.46380423399995],[-71.20423885499991,-16.465019233999953],[-71.19702910599995,-16.47165873399996],[-71.19136048099989,-16.471820858999934],[-71.18269348099989,-16.472631483999976],[-71.17425535599995,-16.471273483999937],[-71.16759485499995,-16.47176935899995],[-71.16338347999994,-16.470746983999902],[-71.15792835599996,-16.47096635899993],[-71.15203847999993,-16.473163608999926],[-71.14344785599997,-16.473983733999944],[-71.13951873099995,-16.474973733999946],[-71.13685610599998,-16.47400473399989],[-71.13639073099995,-16.46970748399997],[-71.12963098099993,-16.46408085899992],[-71.12391660499998,-16.460971858999812],[-71.11597448099991,-16.46303935899988],[-71.11019898099988,-16.46578785899993],[-71.10631560599995,-16.46392823399998],[-71.10587310599993,-16.461664233999898],[-71.10070035599995,-16.46413035899991],[-71.09447473099988,-16.46299935899998],[-71.09339910599988,-16.462289858999952],[-71.09161372999995,-16.457582483999943],[-71.08988185499999,-16.45698735899998],[-71.08522797999996,-16.458719233999943],[-71.0823517309999,-16.456935858999827],[-71.07826998099995,-16.458564733999935],[-71.07547760599994,-16.46394535899998],[-71.07265485599999,-16.465755483999942],[-71.06761935499998,-16.463834733999875],[-71.06494897999994,-16.461805358999925],[-71.05770873099993,-16.461606983999957],[-71.05484010599992,-16.462362233999897],[-71.05304723099988,-16.461566983999944],[-71.04811098099992,-16.455078108999942],[-71.04746248099991,-16.46043973399992],[-71.04325860599982,-16.463243483999918],[-71.04179385499987,-16.467096358999925],[-71.04447173099999,-16.469100983999965],[-71.04409023099998,-16.472125983999888],[-71.04255673099993,-16.473909358999833],[-71.04284673099994,-16.476074233999896],[-71.04130547999995,-16.478631983999946],[-71.03852848099996,-16.478675858999964],[-71.03741460599997,-16.480422983999915],[-71.0372578549999,-16.485685608999972],[-71.03168485499992,-16.486308983999947],[-71.0288162309999,-16.48595060899993],[-71.02389523099998,-16.487087233999944],[-71.01832585499994,-16.487415358999897],[-71.01593785599988,-16.494914983999934],[-71.01370998099992,-16.498067858999946],[-71.01149760499993,-16.49828148399996],[-71.00685123099998,-16.49568173399996],[-71.00540160599996,-16.49568173399996],[-71.0022507299999,-16.498025858999938],[-70.9996948559999,-16.49840923399995],[-70.99566648099994,-16.497501358999955],[-70.99245447999994,-16.49586673399989],[-70.9871749809999,-16.490018858999917],[-70.9853211059999,-16.486135483999874],[-70.97952273099992,-16.48057360899992],[-70.97609710599994,-16.479736358999958],[-70.96720123099982,-16.481109608999873],[-70.96424098099993,-16.47949023399991],[-70.95905298099996,-16.47394373399993],[-70.95543673099996,-16.471626233999928],[-70.95446010599989,-16.466129358999865],[-70.9529264809999,-16.460988983999982],[-70.95403285599997,-16.458356858999878],[-70.9583129799999,-16.45370673399998],[-70.96228785599999,-16.451257733999967],[-70.96482848099998,-16.44630048399995],[-70.96572873099984,-16.440702483999928],[-70.96489710599997,-16.43716435899995],[-70.9672088559999,-16.43294148399997],[-70.97034460499992,-16.431064608999918],[-70.97370148099986,-16.425865358999943],[-70.97561647999993,-16.418321608999975],[-70.97524260499983,-16.41216473399993],[-70.97312160499985,-16.40953260899994],[-70.96877285599999,-16.40860748399996],[-70.96424860599996,-16.401481608999916],[-70.96382910599988,-16.39974023399992],[-70.96482085599996,-16.397590608999963],[-70.97384648099995,-16.39419748399996],[-70.97539523099994,-16.388910233999923],[-70.97303773099992,-16.37730785899987],[-70.97183985499993,-16.374532733999956],[-70.96960447999999,-16.37226485899987],[-70.96939860499998,-16.36960798399997],[-70.97075647999998,-16.36660760899997],[-70.97557073099989,-16.36223798399982],[-70.97570797999998,-16.3594932339999],[-70.97264097999994,-16.354968983999925],[-70.97276310599995,-16.35374835899995],[-70.97781373099991,-16.34880448399997],[-70.97947698099989,-16.343357108999896],[-70.98001098099991,-16.33179860899986],[-70.98226922999999,-16.32827760899994],[-70.98513035599996,-16.325393858999973],[-70.98635860499996,-16.320190483999966],[-70.98506923099995,-16.317537358999914],[-70.98503873099997,-16.31360048399995],[-70.98628998099997,-16.309946107999906],[-70.98284148099998,-16.309417732999975],[-70.97897335599998,-16.309827858999938],[-70.97508235599997,-16.30849073399986],[-70.96622472999985,-16.308919858999843],[-70.96125797999986,-16.30824648399988],[-70.95701598099998,-16.308402983999883],[-70.95111848099998,-16.309747732999938],[-70.9462508549999,-16.31383510899991],[-70.94242085599984,-16.31388860899989],[-70.9403532309999,-16.31031798399988],[-70.94040685599998,-16.306384983999976],[-70.93926997999989,-16.303228358999945],[-70.93910985599996,-16.298932983999975],[-70.9209976059999,-16.28769498399987],[-70.91938785599996,-16.284589733999894],[-70.91578673099997,-16.282400108999923],[-70.90853123099987,-16.2801189839999],[-70.90342697999995,-16.27761073399995],[-70.90146635499991,-16.277702358999875],[-70.89371485499998,-16.280574858999955],[-70.88613885599995,-16.28527260899989],[-70.88080598099992,-16.284543983999924],[-70.87648010499987,-16.281553233999944],[-70.87448122999996,-16.27502248399992],[-70.87368772999992,-16.27049260899986],[-70.87200160599997,-16.26569748399993],[-70.86757660499995,-16.258640232999824],[-70.86347197999987,-16.25452998399993],[-70.85846710499999,-16.24784085899995],[-70.85609435599997,-16.24367910899997],[-70.85388185599999,-16.241466483999943],[-70.84640510599996,-16.23814773399988],[-70.84447473099993,-16.235877983999956],[-70.84513860599998,-16.232406608999952],[-70.84766385599994,-16.22929948399991],[-70.85050960599983,-16.227981607999936],[-70.85962672999995,-16.225765233999937],[-70.86219023099994,-16.226650233999976],[-70.8657761049999,-16.226270733999968],[-70.86695860499998,-16.224584608999976],[-70.86653135599994,-16.218389482999953],[-70.85844423099996,-16.211223608999887],[-70.85762773099992,-16.208679233999874],[-70.85524747999989,-16.206657357999916],[-70.85388948099995,-16.20248048399992],[-70.85413360599983,-16.192798608999965],[-70.85735322999994,-16.181407983999975],[-70.85865023099996,-16.17822460799988],[-70.86106873099999,-16.17474735899998],[-70.86609647999995,-16.172281108999925],[-70.87430572999989,-16.17103573399993],[-70.87692260499989,-16.169185608999953],[-70.87859347999995,-16.166616483999917],[-70.87775422999994,-16.163766858999963],[-70.87294010599999,-16.160140982999962],[-70.86782835599996,-16.153865858999893],[-70.86708072999994,-16.14845660899988],[-70.86746973099997,-16.146694108999895],[-70.87193297999994,-16.142879482999945],[-70.87123873099989,-16.134807608999893],[-70.86795047999988,-16.130626733999975],[-70.86820998099995,-16.126918858999886],[-70.87573248099983,-16.12467198299987],[-70.88613122999993,-16.118141233999893],[-70.88834397999995,-16.115346858999885],[-70.88919072999994,-16.111957607999955],[-70.89086148099989,-16.109786983999925],[-70.89537047999994,-16.107004107999956],[-70.89376073099999,-16.102830858999937],[-70.89036560599999,-16.100437108999927],[-70.88729860599989,-16.09930223399988],[-70.88548273099991,-16.10091785899982],[-70.88272860599994,-16.099786732999917],[-70.87987523099986,-16.097225232999904],[-70.87506098099993,-16.09457773399987],[-70.87473298099991,-16.091812107999942],[-70.87742610599997,-16.085920358999886],[-70.87810510499992,-16.081443733999947],[-70.87075047999991,-16.081375107999975],[-70.86680597999992,-16.0800819829999],[-70.86585235599989,-16.078586607999966],[-70.86531073099997,-16.07395935799991],[-70.86605835599988,-16.070898107999938],[-70.86449435599991,-16.06715585799992],[-70.86032110499991,-16.061744732999955],[-70.85905460599986,-16.058921857999962],[-70.85673522999997,-16.056337357999894],[-70.84952548099994,-16.055112857999916],[-70.84714510499998,-16.05552098299995],[-70.8389816049999,-16.05511285899985],[-70.83435060499988,-16.05572510899998],[-70.83271798099997,-16.055112857999916],[-70.82372297999996,-16.056035982999845],[-70.81983185499996,-16.054868733999967],[-70.81256860499991,-16.053960857999982],[-70.80654910599998,-16.055589732999977],[-70.80451197999997,-16.055133982999905],[-70.80503085599992,-16.050491358999977],[-70.80664823099983,-16.042297358999974],[-70.80985260499983,-16.03849985799991],[-70.81546785499984,-16.035587357999873],[-70.82012172999998,-16.031614357999956],[-70.82097622999999,-16.028676983999958],[-70.81899260599988,-16.02341273299993],[-70.81600185599996,-16.020557483999937],[-70.81437685599997,-16.016780857999947],[-70.8140258549999,-16.00976748399995],[-70.81655885499987,-16.002756108999904],[-70.81900785499988,-16.001371358999904],[-70.82619472999983,-16.000566482999943],[-70.8286056049999,-15.999205607999954],[-70.82910160499989,-15.995490107999956],[-70.82752985499997,-15.989150107999933],[-70.8253938549999,-15.986337732999914],[-70.82340235499998,-15.98215198299988],[-70.82019810599996,-15.978467983999906],[-70.81711873099994,-15.9805527339999],[-70.8111741049999,-15.986676108999859],[-70.8075091049999,-15.988016982999966],[-70.8042909809999,-15.984664732999875],[-70.8036307299999,-15.978424733999873],[-70.80179135599997,-15.976103732999945],[-70.79996960499994,-15.975963608999905],[-70.79661785499991,-15.978530483999918],[-70.79369798099998,-15.983279233999895],[-70.7932062299999,-15.986094983999976],[-70.79570922999994,-15.989581358999885],[-70.79535172999994,-15.992397233999895],[-70.7897199809999,-15.99650923299987],[-70.78654685499998,-16.00163673299994],[-70.78159760599993,-16.004915983999922],[-70.77960997999998,-16.006959983999934],[-70.77809998099991,-16.01124998399996],[-70.77446010599994,-16.013829983999926],[-70.77070997999988,-16.013079983999944],[-70.7690599799999,-16.014339857999914],[-70.76863997999993,-16.01679998399993],[-70.76514997999993,-16.017729983999857],[-70.76086997999994,-16.016569983999887],[-70.75639648099997,-16.01351948399997],[-70.75105998099997,-16.01595998299996],[-70.74155997999998,-16.01605985799995],[-70.7400566049999,-16.017781232999937],[-70.73596998099998,-16.020159983999918],[-70.73300997999996,-16.024219357999982],[-70.72858998099991,-16.031409983999936],[-70.72435997999986,-16.03366998399997],[-70.71843997999997,-16.034049983999978],[-70.7144999809999,-16.031711108999957],[-70.7127499799999,-16.03344998299997],[-70.70857035599994,-16.031986358999916],[-70.70540235499993,-16.031757857999935],[-70.70129997999993,-16.028449983999963],[-70.69888285499997,-16.028718858999923],[-70.69600385599995,-16.027447233999965],[-70.69211910499996,-16.0229531089999],[-70.68638285599991,-16.02059185899992],[-70.68293560599994,-16.0212871089999],[-70.68112685599988,-16.02015823399995],[-70.67922847999984,-16.016816357999915],[-70.67491210599991,-16.015271482999935],[-70.67311910599989,-16.012021483999945],[-70.66917997999991,-16.01377998299995],[-70.66716997999998,-16.01204998399993],[-70.66678985499988,-16.009149983999862],[-70.66239997999992,-16.006249982999975],[-70.66073985499997,-16.00408010799987],[-70.65683998099996,-16.003799983999954],[-70.65359997999991,-15.999039983999921],[-70.64975997999983,-15.99548010899997],[-70.64557997999998,-15.99381998399997],[-70.6433183549999,-15.989736358999949],[-70.64136910499985,-15.988089857999967],[-70.63898635599998,-15.988431608999974],[-70.63775397999996,-15.990923858999963],[-70.63450997999996,-15.993419983999956],[-70.63274997999997,-15.996049983999967],[-70.62891010499999,-15.998819982999919],[-70.62756997999986,-16.001679983999963],[-70.62476997999983,-16.003019983999877],[-70.61838210499991,-16.000396608999893],[-70.61273047999993,-15.994976608999877],[-70.60770997999992,-15.994099983999945],[-70.6039707299999,-15.992208983999944],[-70.59231448099996,-15.991572357999871],[-70.58748635499995,-15.987935607999873],[-70.58148635499992,-15.988378858999965],[-70.57855872999988,-15.990730483999926],[-70.57606997999994,-15.989699982999923],[-70.56996997999988,-15.988979982999979],[-70.56540998099996,-15.98553998299991],[-70.56288997999991,-15.982499982999911],[-70.56022510499997,-15.988298232999966],[-70.55305860499988,-15.993874982999955],[-70.54929310499989,-15.995183733999966],[-70.54441797999993,-16.000835983999934],[-70.54188472999994,-16.005945357999906],[-70.53884185599998,-16.010453108999968],[-70.53526810599993,-16.01344748299988],[-70.53091622999995,-16.014159357999915],[-70.52871885599995,-16.01727623399995],[-70.52876372999992,-16.021351607999918],[-70.52607547999997,-16.026723482999955],[-70.51945947999997,-16.03253423299998],[-70.51669197999996,-16.03319310799992],[-70.51194772999997,-16.029766733999963],[-70.51032235499997,-16.029986358999906],[-70.50830172999991,-16.0328856079999],[-70.50771397999995,-16.037774983999952],[-70.50241210599995,-16.03791410799994],[-70.49490347999989,-16.040660982999952],[-70.4839653549999,-16.039343108999958],[-70.48255960499995,-16.039474858999938],[-70.4786914799999,-16.04374410899993],[-70.47566285499988,-16.04465848399991],[-70.47250010499994,-16.04688560799991],[-70.4697538559999,-16.04982785899989],[-70.46577897999993,-16.050369108999917],[-70.46305535499988,-16.049622358999954],[-70.45412285499998,-16.041902733999905],[-70.45040397999992,-16.03697098299989],[-70.44746485599984,-16.034470733999967],[-70.44311185499998,-16.034466983999835],[-70.43920285499996,-16.038081482999928],[-70.43845548099995,-16.04307698299982],[-70.43678622999994,-16.049666233999915],[-70.43506935499988,-16.060150608999948],[-70.43324510599996,-16.06270798399987],[-70.42981810499998,-16.0631001079999],[-70.42764722999988,-16.06743348299989],[-70.42476097999997,-16.06879735899986],[-70.42009847999992,-16.06987573299989],[-70.41752935599999,-16.074411358999953],[-70.41495372999998,-16.07611123399988],[-70.41346960499999,-16.075172482999847],[-70.40979035499998,-16.07634610899987],[-70.40733947999996,-16.081216983999923],[-70.40497697999996,-16.08401985799992],[-70.40287585499993,-16.089064733999976],[-70.40576222999994,-16.095915733999902],[-70.40665710499997,-16.10166023299996],[-70.40128710499994,-16.102527357999918],[-70.4011162299999,-16.105016107999973],[-70.40348847999991,-16.110287608999954],[-70.40553972999999,-16.11777798399993],[-70.40830160499996,-16.120795733999955],[-70.40657322999988,-16.126298233999876],[-70.40606160499993,-16.13107273299994],[-70.40423872999997,-16.13660185899994],[-70.40255072999986,-16.144036483999912],[-70.40194210499993,-16.149029732999963],[-70.3993676049999,-16.15223510899989],[-70.38965097999994,-16.156236733999947],[-70.38732272999994,-16.15896023299996],[-70.38640022999982,-16.163704608999865],[-70.38411147999989,-16.16754835799992],[-70.38027948099983,-16.171118983999975],[-70.37375310499993,-16.175917358999982],[-70.36934210499999,-16.182992608999882],[-70.36722985499995,-16.189255857999854],[-70.36882035499991,-16.19898260899987],[-70.36467972999998,-16.20424873399992],[-70.35919635499994,-16.208630233999827],[-70.35577060499992,-16.20824960899995],[-70.34941010499989,-16.205353482999953],[-70.34438472999994,-16.202376983999955],[-70.34027885499995,-16.20090335799989],[-70.33459660499983,-16.201568108999936],[-70.33160297999996,-16.202557483999897],[-70.32856010499995,-16.20541198399991],[-70.32778910499997,-16.21089498399988],[-70.3245286049999,-16.215912983999942],[-70.32452435499994,-16.220679233999874],[-70.32648935499998,-16.22260910899996],[-70.32743185499999,-16.225787733999937],[-70.32651710499994,-16.232111857999882],[-70.32783847999997,-16.234819108999886],[-70.33417097999995,-16.237575733999904],[-70.33625597999998,-16.24506985899984],[-70.33915597999993,-16.249100358999897],[-70.34175610499989,-16.249962982999932],[-70.34513485499991,-16.25610198399994],[-70.3442544799999,-16.261098858999958],[-70.34037597999998,-16.26883210899996],[-70.3405424799999,-16.27202060899998],[-70.34270797999994,-16.275803983999936],[-70.34305072999996,-16.28327573399997],[-70.34396297999996,-16.285696858999927],[-70.34779985499989,-16.290836858999967],[-70.3441513549999,-16.297025733999817],[-70.34684810499994,-16.301406983999925],[-70.3465954799999,-16.305602483999962],[-70.34563447999989,-16.30914010899994],[-70.34270797999994,-16.31190035899988],[-70.34180360499988,-16.31742073399994],[-70.33925760499994,-16.31963360899988],[-70.33875797999997,-16.322798358999933],[-70.3399476049999,-16.32774760899997],[-70.34137535499991,-16.32955598399991],[-70.34369010499995,-16.336861857999907],[-70.34618360499991,-16.338816358999907],[-70.34541260499998,-16.342217358999847],[-70.34561072999998,-16.348139483999944],[-70.34766410499986,-16.35182335899998],[-70.34832547999997,-16.354771358999926],[-70.3522568549999,-16.35772810899988],[-70.35660385499995,-16.362225982999973],[-70.35660385499995,-16.36769873399993],[-70.3578173549999,-16.368317358999946],[-70.37059510499995,-16.368650483999886],[-70.37147547999996,-16.374527858999897],[-70.37494272999993,-16.378087983999933],[-70.37718260499992,-16.381840733999923],[-70.38211397999999,-16.38495523399996],[-70.3813947299999,-16.38663910899993],[-70.37856635499992,-16.387400733999982],[-70.37300572999999,-16.390449858999943],[-70.36700210499993,-16.392207233999954],[-70.35886497999996,-16.398141733999978],[-70.35655372999997,-16.400270608999904],[-70.35663497999997,-16.40319473399984],[-70.35809697999997,-16.405915858999833],[-70.36110247999994,-16.408555733999947],[-70.36154922999987,-16.410261608999974],[-70.35032210499998,-16.415716233999888],[-70.34132147999998,-16.414637233999883],[-70.33340235499998,-16.41144723399998],[-70.33007285499997,-16.412599233999913],[-70.32505172999993,-16.417524983999897],[-70.32250622999999,-16.421141483999975],[-70.31824372999995,-16.42850385899993],[-70.3158928549999,-16.431591483999966],[-70.31585760499996,-16.43569685899996],[-70.31698060499997,-16.440398608999942],[-70.31673510499996,-16.44439860899996],[-70.31427885499994,-16.44608273399996],[-70.30827885499991,-16.445907358999932],[-70.30631385499998,-16.44720560899998],[-70.30684022999998,-16.451135358999863],[-70.31114660499998,-16.456512233999945],[-70.3129394799999,-16.461577983999973],[-70.3252402299999,-16.461615233999908],[-70.3299569799999,-16.462154358999953],[-70.33509760499999,-16.46587885899993],[-70.34649610499986,-16.471312483999895],[-70.35100585499987,-16.47567573399988],[-70.35974810499994,-16.47763860899994],[-70.36084572999994,-16.479474483999923],[-70.36094722999997,-16.484083983999938],[-70.36185547999997,-16.489980483999943],[-70.36399022999996,-16.494191358999956],[-70.37130660499992,-16.496537108999973],[-70.37258197999995,-16.498599608999882],[-70.37370310499995,-16.5039961089999],[-70.3790351049999,-16.506279358999905],[-70.38191997999985,-16.509033233999958],[-70.38372072999988,-16.512279358999876],[-70.38807622999985,-16.51689648399997],[-70.39663273099995,-16.523763358999872],[-70.39912772999998,-16.52508010899993],[-70.40432572999998,-16.526396983999916],[-70.40792960499994,-16.525565358999927],[-70.41070185499996,-16.52605048399994],[-70.41809760499996,-16.530529358999956],[-70.41949410499996,-16.530845733999968],[-70.42457072999997,-16.529419858999916],[-70.42907235599995,-16.52616485899989],[-70.43121635499995,-16.525842483999952],[-70.43495897999992,-16.52875335899995],[-70.43800197999997,-16.533054858999947],[-70.44105785499994,-16.53187210899995],[-70.44563197999997,-16.53249585899988],[-70.45096860499984,-16.53734735899991],[-70.45935472999997,-16.54795110899994],[-70.4637208559999,-16.55231735899997],[-70.46730997999992,-16.553209983999864],[-70.47041997999997,-16.556379983999875],[-70.47203997999998,-16.55601998399993],[-70.47348997999995,-16.555329983999968],[-70.48346997999988,-16.55496998399991],[-70.49250997999991,-16.555319983999937],[-70.49498997999996,-16.552159983999957],[-70.49999997999987,-16.554689983999936],[-70.51237998099992,-16.554559983999923],[-70.51377997999998,-16.55486998399988],[-70.51632997999991,-16.558249983999872],[-70.51964997999988,-16.559849983999925],[-70.52557010499999,-16.55851998399993],[-70.5293699799999,-16.55694998399997],[-70.5344099809999,-16.553979983999966],[-70.5378999799999,-16.55337998399989],[-70.54590997999992,-16.556179983999925],[-70.54848997999994,-16.557609983999953],[-70.55220998099998,-16.558169983999903],[-70.55723997999996,-16.562059858999874],[-70.56277997999996,-16.563879983999925],[-70.56558997999997,-16.562089983999897],[-70.57746997999988,-16.565309983999953],[-70.57879997999987,-16.563499983999918],[-70.58305997999992,-16.560400108999943],[-70.58659997999996,-16.561019983999927],[-70.59218997999994,-16.56010998399995],[-70.5932199799999,-16.5590499839999],[-70.59414997999994,-16.554779983999936],[-70.59896997999994,-16.549739983999814],[-70.60302985499993,-16.54807998399997],[-70.60985997999995,-16.548399983999957],[-70.61202998099998,-16.55004010899995],[-70.61747997999998,-16.551439983999956],[-70.6197399799999,-16.55388998399991],[-70.62333997999997,-16.555859983999937],[-70.62598998099998,-16.55568998399997],[-70.63027998099989,-16.557239983999978],[-70.63419997999989,-16.55777998399998],[-70.63917997999982,-16.555949983999824],[-70.64000997999995,-16.552569858999902],[-70.6425699799999,-16.55282998399997],[-70.64406998099986,-16.550699983999948],[-70.64838997999988,-16.551419983999892],[-70.65120998099997,-16.549619983999833],[-70.65454997999996,-16.548769983999932],[-70.65870997999997,-16.550089983999897],[-70.66332985599996,-16.550719983999898],[-70.6671349799999,-16.54948310899988],[-70.67902998099993,-16.548419983999906],[-70.68086997999995,-16.547209983999892],[-70.6839999799999,-16.55123998399995],[-70.68930997999996,-16.55411998399984],[-70.69509997999995,-16.56244998399984],[-70.69602985599988,-16.564769983999952],[-70.69964998099994,-16.569279983999877],[-70.70739997999982,-16.570669983999892],[-70.70992997999997,-16.57031998399998],[-70.71317998099994,-16.571539983999912],[-70.71634998099995,-16.570929983999974],[-70.72165847999997,-16.572485608999898],[-70.72784372999996,-16.572841858999823],[-70.72769135499988,-16.576173858999823],[-70.72450972999991,-16.576949233999926],[-70.7220547309999,-16.57945510899998],[-70.72134372999994,-16.58243560899996],[-70.7197714799999,-16.58394923399993],[-70.7155312299999,-16.58517973399995],[-70.71195310499996,-16.586962858999982],[-70.70845698099998,-16.59154498399994],[-70.70755860499997,-16.594078108999838],[-70.70484185499998,-16.595374983999932],[-70.70314847999992,-16.59783785999997],[-70.70426173099986,-16.59966410899989],[-70.70663272999991,-16.600382983999964],[-70.70839998099996,-16.603279983999926],[-70.71241985599994,-16.60793998399987],[-70.71462997999993,-16.61179998399996],[-70.71718997999983,-16.61403998399993],[-70.71836997999992,-16.616979983999897],[-70.72048998099984,-16.619359984999903],[-70.7267499809999,-16.622769983999888],[-70.72855998099993,-16.625309984999888],[-70.73200997999999,-16.626739984999915],[-70.73519998099988,-16.62638998499989],[-70.73980997999985,-16.628569983999967],[-70.74266998099995,-16.627879983999833],[-70.74722997999987,-16.623069983999926],[-70.75219997999994,-16.62466998399998],[-70.75653997999996,-16.628669983999828],[-70.76093998099992,-16.633489983999937],[-70.76394997999995,-16.63463998499998],[-70.76467998099997,-16.64280998399994],[-70.76414010499997,-16.645069983999974],[-70.76593997999993,-16.64764998399994],[-70.76628997999995,-16.650049983999907],[-70.76900997999991,-16.655629983999916],[-70.77071998099984,-16.66174998399987],[-70.77048998099997,-16.665379858999927],[-70.77125997999991,-16.67178998399993],[-70.77038998099988,-16.675519983999948],[-70.7711299799999,-16.680679983999937],[-70.77476997999992,-16.687539983999955],[-70.77748997999998,-16.698459983999953],[-70.77893998099995,-16.705789983999978],[-70.77904997999991,-16.710819983999897],[-70.77828998099994,-16.71392998399989],[-70.77926997999992,-16.71653998399995],[-70.77918310499984,-16.719900358999894],[-70.78206047999998,-16.725356483999974],[-70.78583285499991,-16.72908635899995],[-70.78760185599998,-16.73486210899989],[-70.78898722999998,-16.736950858999876],[-70.79286623099989,-16.739614983999957],[-70.79957985499993,-16.740872483999908],[-70.80234997999997,-16.743379983999887],[-70.80774273099996,-16.744921983999916],[-70.81631060599994,-16.746030233999875],[-70.81835672999995,-16.74760735899997],[-70.81980597999996,-16.752253608999922],[-70.82289635499995,-16.75517360899994],[-70.82464410499995,-16.759755858999938],[-70.82585885499992,-16.76150360899993],[-70.82922635599994,-16.762505234999935],[-70.8321888559999,-16.761247733999824],[-70.83615310599998,-16.761546234999912],[-70.84212085499996,-16.76359223499992],[-70.85128547999989,-16.765425108999978],[-70.8571252299999,-16.770732108999937],[-70.85985335599997,-16.771200984999837],[-70.86439297999993,-16.769623858999978],[-70.87339997999993,-16.770129983999936],[-70.87608998099984,-16.77141010899993],[-70.87703998099994,-16.774129984999888],[-70.87892998099989,-16.774850108999942],[-70.88094997999997,-16.77360998399996],[-70.88727998099995,-16.77289998499998],[-70.89161998099996,-16.770529983999893],[-70.89388998099992,-16.77045985899997],[-70.89790923099986,-16.77564773399996],[-70.90210710499991,-16.777673234999952],[-70.90580998099995,-16.77666998399991],[-70.91016998099991,-16.776550108999913],[-70.91396998099992,-16.774869983999906],[-70.91725998099992,-16.777559983999936],[-70.92044197999985,-16.778003858999966],[-70.92646085499996,-16.7752099839999],[-70.93154823099997,-16.773678608999944],[-70.94135810599994,-16.77436210899998],[-70.94525997999983,-16.77238998499996],[-70.95149998099998,-16.77460998399988],[-70.95574997999995,-16.778270108999948],[-70.96153998099999,-16.777529983999898],[-70.96568998099991,-16.77765998399991],[-70.96845998099997,-16.77500998399995],[-70.9713899809999,-16.77361998399988],[-70.97356998099997,-16.77028998399993],[-70.97761985499989,-16.770819983999843],[-70.97988998099993,-16.769359983999834],[-70.98330998099993,-16.768820108999932],[-70.98853998099997,-16.76506998399998],[-70.99177998099998,-16.765389984999956],[-70.99456998099998,-16.76425998399992],[-70.99717998099993,-16.766319983999836],[-71.00103998099985,-16.767869858999973],[-71.00384998099997,-16.767869858999973],[-71.00803998099991,-16.76936998499997],[-71.01467998099997,-16.767869859999905],[-71.0182899799999,-16.76530998399994],[-71.0199999809999,-16.761799984999925],[-71.02455235499997,-16.756710358999896],[-71.03171060599993,-16.755126108999946],[-71.03409335499998,-16.75351610899986],[-71.03937410599985,-16.754482108999923],[-71.04223985599998,-16.75654285999991],[-71.04594285599995,-16.75734785899982],[-71.04800360499996,-16.75676823399982],[-71.05383185599999,-16.7585714839999],[-71.05698723099994,-16.75779873399989],[-71.06091573099991,-16.758603733999905],[-71.0622359809999,-16.76169485899993],[-71.06365335599992,-16.76789060899995],[-71.06527997999996,-16.771259983999926],[-71.06802998099994,-16.774289984999882],[-71.07139998099996,-16.77519998399987],[-71.07667998099987,-16.7736299849999],[-71.07872998099992,-16.776349983999978],[-71.07928997999988,-16.779069983999875],[-71.07811998099999,-16.78380998399996],[-71.07912997999989,-16.786299984999914],[-71.08156997999998,-16.788659984999867],[-71.08202997999996,-16.790999984999928],[-71.0839199809999,-16.793149984999957],[-71.08931997999997,-16.79436998499989],[-71.09400998099989,-16.798589983999932],[-71.09728997999991,-16.80395998399996],[-71.10097998099997,-16.80721998399997],[-71.10191998099992,-16.810229984999978],[-71.10683985599997,-16.8135699849999],[-71.11002998099997,-16.81658998399996],[-71.11298998099988,-16.818339983999977],[-71.11331997999986,-16.823099984999885],[-71.11474998099993,-16.824869984999964],[-71.11587998099992,-16.828859983999962],[-71.11722997999988,-16.830539984999973],[-71.12558998099996,-16.83334985999994],[-71.12693998099996,-16.83715998399998],[-71.1303199809999,-16.84167998399994],[-71.13533998099996,-16.843879983999898],[-71.13684997999985,-16.846869984999955],[-71.13735998099986,-16.851649984999938],[-71.14182998099994,-16.854779984999936],[-71.14560348099997,-16.858736358999977],[-71.14718748099995,-16.863220733999924],[-71.15413860599989,-16.869238234999898],[-71.15568747999998,-16.871179733999952]]]},"properties":{"ubigeo":"170200","nombre":"GENERAL SANCHEZ CERRO"}},{"type":"Feature","geometry":{"type":"Polygon","coordinates":[[[-71.08202348099996,-17.729613234999874],[-71.08199223099984,-17.733992234999846],[-71.0841698559999,-17.736015484999825],[-71.08849410599993,-17.733662110999887],[-71.09423823099985,-17.73324410999993],[-71.0975194799999,-17.73544723499998],[-71.10113473099989,-17.739497984999844],[-71.10302735599998,-17.745070359999943],[-71.10231835499997,-17.751412109999933],[-71.10314260499996,-17.755275359999928],[-71.10604885499998,-17.760558609999975],[-71.11016010599997,-17.76637298599985],[-71.11178510599996,-17.771976609999967],[-71.11512998099994,-17.774219984999945],[-71.1167899809999,-17.779109984999877],[-71.11970985599999,-17.78227998499989],[-71.12157997999992,-17.785999984999933],[-71.12055998099999,-17.79473998599991],[-71.12165998099988,-17.798869984999953],[-71.12106998099989,-17.80145998499995],[-71.1228699809999,-17.80588998499985],[-71.12508998099997,-17.808399984999937],[-71.12627998099998,-17.81282998499995],[-71.13342998099995,-17.817309985999884],[-71.13814998099986,-17.819709984999974],[-71.13944335599984,-17.82148236099988],[-71.14985348099998,-17.819753859999935],[-71.15478123099996,-17.81734373499995],[-71.15609173099995,-17.81540423499996],[-71.15933010599991,-17.81589648499994],[-71.16124223099996,-17.814943360999905],[-71.16557423099994,-17.81023635999992],[-71.16892197999988,-17.809144484999933],[-71.16796673099998,-17.80434185999991],[-71.16964060599992,-17.804597609999917],[-71.17455860599995,-17.803259734999926],[-71.17419923099999,-17.799316359999864],[-71.17681248099996,-17.793078109999897],[-71.17745698099998,-17.789199234999955],[-71.17998048099997,-17.7886542359999],[-71.17972460599992,-17.785622984999918],[-71.18489448099996,-17.78120685999994],[-71.20564848099991,-17.768648484999915],[-71.21160548099994,-17.765687484999887],[-71.22230473099995,-17.759845734999885],[-71.23348810599998,-17.754335984999898],[-71.24089448099994,-17.75000585999993],[-71.24897073099999,-17.74622661099994],[-71.26291410599993,-17.738363234999838],[-71.26958985599993,-17.735296860999938],[-71.28577148099998,-17.72600585999993],[-71.29718948099992,-17.720124984999813],[-71.30083785599999,-17.718533234999825],[-71.31385935599997,-17.711330109999892],[-71.31726948099993,-17.709902359999887],[-71.32689260599989,-17.704283234999934],[-71.33164648099995,-17.70248635999991],[-71.33421098099996,-17.700781234999965],[-71.34490435599992,-17.696191359999887],[-71.34984760599991,-17.69315423499995],[-71.35620698099996,-17.691601609999907],[-71.3637226059999,-17.692874984999946],[-71.3656933559999,-17.69617573499994],[-71.36503510599994,-17.702244109999867],[-71.36819335599995,-17.706162109999923],[-71.37384373099997,-17.707156234999957],[-71.38009373099999,-17.704792984999926],[-71.37991410599994,-17.701921859999914],[-71.37677348099999,-17.69813473499994],[-71.37535348099988,-17.697785110999973],[-71.37066010599995,-17.691519609999887],[-71.37101948099996,-17.689078110999958],[-71.37309573099998,-17.68751948499994],[-71.37221873099998,-17.681712734999905],[-71.36857635599995,-17.678361359999883],[-71.36826948099997,-17.675367234999953],[-71.36656048099996,-17.673859359999824],[-71.36379098099997,-17.67435548499992],[-71.36019335599991,-17.66482610999998],[-71.35798635599991,-17.663872984999898],[-71.35854098099998,-17.65971860999997],[-71.35590235599989,-17.6583222349999],[-71.3509003559999,-17.653177734999872],[-71.34671673099996,-17.64393748499998],[-71.34322260599998,-17.641480484999875],[-71.34108198099995,-17.636988234999876],[-71.34283398099996,-17.633582109999963],[-71.34243948099999,-17.630624984999827],[-71.34306448099994,-17.626990234999823],[-71.34444135599989,-17.625474609999912],[-71.34256248099996,-17.62317973499995],[-71.34282023099996,-17.621330109999917],[-71.34382623099998,-17.61908598499997],[-71.3439551059999,-17.614820484999882],[-71.3453516059999,-17.61088285999989],[-71.35039648099996,-17.602152359999877],[-71.35359373099993,-17.597744109999894],[-71.35389260599993,-17.59570510999987],[-71.35820885599986,-17.588826234999942],[-71.35677148099995,-17.586580109999886],[-71.35749023099999,-17.58139048499993],[-71.35755073099995,-17.568634734999932],[-71.35909960599992,-17.562662109999962],[-71.36062298099995,-17.56061135999994],[-71.36322848099996,-17.553871109999932],[-71.36358985599992,-17.550773484999866],[-71.36554685599992,-17.545363234999968],[-71.36074410599991,-17.539507859999958],[-71.36251760599993,-17.53502335999991],[-71.36235348099996,-17.533150359999922],[-71.3649023559999,-17.52589848499997],[-71.36786523099983,-17.521015609999893],[-71.36646098099999,-17.51637498499997],[-71.3649238559999,-17.513636734999977],[-71.36115435599993,-17.509447234999982],[-71.36135160599991,-17.502613234999956],[-71.36322073099996,-17.498490234999963],[-71.36510160599994,-17.49602148499997],[-71.36261898099997,-17.49240623499992],[-71.3629531059999,-17.48878510999998],[-71.36446110599996,-17.48537698499996],[-71.36632623099996,-17.483255859999872],[-71.36677348099983,-17.480505984999922],[-71.37256635599994,-17.475390609999977],[-71.37348435599995,-17.469495984999867],[-71.37306248099998,-17.466478484999925],[-71.37655660599995,-17.459146483999916],[-71.37819535599994,-17.4532382349999],[-71.38113873099985,-17.44998235999992],[-71.38118160599993,-17.446974609999927],[-71.38233598099998,-17.444771484999876],[-71.38306835599997,-17.437814484999876],[-71.38663873099989,-17.432056484999976],[-71.38686135599994,-17.42851948499998],[-71.38478323099986,-17.42521285999993],[-71.38334373099997,-17.420308609999893],[-71.38471685599995,-17.41759373499997],[-71.38549023099989,-17.413755858999934],[-71.38726173099985,-17.413771484999927],[-71.38594335599993,-17.40843748499998],[-71.38821285599994,-17.40201360999987],[-71.38998823099985,-17.400412109999877],[-71.38964060599994,-17.398499984999944],[-71.39267385599999,-17.396570359999885],[-71.39458985599998,-17.389130859999966],[-71.39761323099987,-17.386382984999955],[-71.40538673099991,-17.382843734999938],[-71.40833398099988,-17.382040984999946],[-71.40906435599999,-17.380164108999907],[-71.41352535599998,-17.380107358999965],[-71.41505473099994,-17.376621109999974],[-71.41794135599997,-17.376556609999966],[-71.42085160599999,-17.37069710999998],[-71.42312885599995,-17.36805273499988],[-71.42217185599998,-17.365929734999895],[-71.42454098099995,-17.363751984999908],[-71.42703123099994,-17.363962734999973],[-71.43186723099996,-17.36745310999993],[-71.4333028559999,-17.365615234999893],[-71.43205860599988,-17.35983785899998],[-71.43341998099999,-17.35750385999995],[-71.43144135599988,-17.350845734999893],[-71.43711323099996,-17.338564483999903],[-71.44138285699984,-17.338531234999834],[-71.44324223199993,-17.337484358999973],[-71.44392773099997,-17.333331984999973],[-71.44515823099994,-17.331960984999967],[-71.44824023099994,-17.334056609999948],[-71.4521718559999,-17.333037109999907],[-71.45383398099995,-17.331593734999956],[-71.45879298099999,-17.33147073399988],[-71.4589336059999,-17.32799023499996],[-71.4619726059999,-17.325867234999976],[-71.46488673099998,-17.32606048499997],[-71.46840235599996,-17.323570359999906],[-71.46913285599993,-17.319374984999968],[-71.47087710599993,-17.318872984999928],[-71.47671485599994,-17.322929734999946],[-71.47727935599994,-17.319382859999905],[-71.47595898099996,-17.31645310899995],[-71.47632623099997,-17.31414260999992],[-71.47389648099988,-17.30882998499993],[-71.47347848099997,-17.306339858999934],[-71.47096098099996,-17.305277359999877],[-71.47078510599994,-17.302257859999884],[-71.47220698099983,-17.300775359999875],[-71.47253710599995,-17.297158234999927],[-71.47607610599994,-17.293665983999972],[-71.48082623099998,-17.29219535999988],[-71.48486323099985,-17.288095734999956],[-71.48937310599996,-17.286331984999947],[-71.4907989809999,-17.285005609999928],[-71.48507998099984,-17.28089635999993],[-71.48116998199998,-17.274686358999816],[-71.47929998099988,-17.270246359999874],[-71.4751299809999,-17.267086359999894],[-71.47119998099998,-17.26522635999993],[-71.46979998199998,-17.262656359999937],[-71.46898498099995,-17.258678734999876],[-71.46686335599992,-17.255479484999853],[-71.46151810599997,-17.252967609999928],[-71.45744323099996,-17.25216473499995],[-71.44857023199995,-17.253128109999977],[-71.44095610599987,-17.251716609999903],[-71.43860498099986,-17.25295510999996],[-71.4343764809999,-17.259659609999858],[-71.43129685599985,-17.261357484999905],[-71.42513285599989,-17.26207623499988],[-71.40908785599999,-17.26208785999995],[-71.40222260599995,-17.26254685999993],[-71.3964767309999,-17.263433609999936],[-71.38657385599987,-17.264337608999938],[-71.38556348099985,-17.265870608999933],[-71.38752935599996,-17.269376984999894],[-71.39391410599995,-17.27634573399996],[-71.39888673099989,-17.27952148499992],[-71.39973435599995,-17.28163085999995],[-71.39698573099997,-17.289961609999978],[-71.39548660599996,-17.304518359999975],[-71.38676373099986,-17.311502109999935],[-71.37817323099995,-17.313658734999876],[-71.37522310599996,-17.313755234999974],[-71.37232148099986,-17.312401234999925],[-71.36936910599991,-17.312234359999877],[-71.36621098099982,-17.314355484999965],[-71.36571673099996,-17.316503859999898],[-71.36671498099997,-17.31894398399993],[-71.37067723099995,-17.323185859999967],[-71.37270835599998,-17.326764609999884],[-71.37556173099989,-17.33725898499989],[-71.37633548099996,-17.34504523499993],[-71.37633548099996,-17.35128385899992],[-71.3673886059999,-17.360810984999944],[-71.36492223099992,-17.364341359999912],[-71.35695698099994,-17.37074610899998],[-71.34809960599989,-17.376468859999875],[-71.34619923099996,-17.38564648499994],[-71.34303323099994,-17.390308609999977],[-71.33871485599985,-17.38992185999996],[-71.33275585599989,-17.386699233999934],[-71.32923148099997,-17.386200734999875],[-71.32369923099992,-17.388915984999926],[-71.31984760599994,-17.392042984999932],[-71.32062323099996,-17.393986859999927],[-71.32773635599989,-17.3944141099999],[-71.33068235599995,-17.398049234999974],[-71.33005360599998,-17.399693484999943],[-71.32579098099995,-17.404519483999934],[-71.32404298099993,-17.407763734999946],[-71.31866410599997,-17.413615359999937],[-71.31561323099993,-17.41995310999988],[-71.31243148099986,-17.43060935999995],[-71.31092773099994,-17.437654234999968],[-71.31154685599995,-17.449564484999883],[-71.30833935599992,-17.445588484999973],[-71.30485735599996,-17.44486298499993],[-71.30002123099996,-17.442880234999905],[-71.29341210599995,-17.438828109999918],[-71.28115823099989,-17.429263734999836],[-71.27860935599995,-17.427769484999942],[-71.27406248099999,-17.427154234999932],[-71.27149223099997,-17.428529109999886],[-71.2653203559999,-17.433597609999936],[-71.26267185599988,-17.43719723499987],[-71.25934573099994,-17.439945359999967],[-71.25424998099999,-17.440621109999938],[-71.24334760599999,-17.43886323499987],[-71.23970697999994,-17.43746873499998],[-71.23124022999997,-17.43516410999996],[-71.22323635599997,-17.434476609999933],[-71.2158729809999,-17.43466598499998],[-71.21120698099992,-17.436673859999928],[-71.20193560599995,-17.44478510999994],[-71.19780660599997,-17.447259734999875],[-71.18910935599996,-17.447927733999904],[-71.1799003559999,-17.450349609999932],[-71.17356060599991,-17.453484359999948],[-71.16829685599993,-17.453458984999884],[-71.16467773099998,-17.454089859999954],[-71.15760748099996,-17.453281234999906],[-71.15544923099998,-17.45111910999998],[-71.14880860599999,-17.438216859999955],[-71.1444863559999,-17.43675960999991],[-71.14081873099997,-17.439938734999885],[-71.13852035599996,-17.44664985999998],[-71.1331882309999,-17.45593510999987],[-71.1296028559999,-17.460209984999892],[-71.12532998099994,-17.46250998499994],[-71.12307548099994,-17.4660937349999],[-71.11847885599991,-17.47041460999992],[-71.11588997999996,-17.47481998499984],[-71.11337660599992,-17.47671210999988],[-71.1033098549999,-17.476941859999897],[-71.10082760499989,-17.476666109999883],[-71.09522260499995,-17.479210984999952],[-71.09232810599997,-17.481878859999824],[-71.08698235599991,-17.48314448499991],[-71.08282423099996,-17.48257035999984],[-71.0796347299999,-17.483089859999836],[-71.07395123099997,-17.48746673499994],[-71.07371485599992,-17.508706984999947],[-71.07287885599993,-17.524703109999905],[-71.07254885599991,-17.525802859999942],[-71.06840698099995,-17.52782398499994],[-71.06185998099994,-17.53327998499998],[-71.05155135599995,-17.541111484999874],[-71.04451835599997,-17.547960484999976],[-71.03778910499989,-17.555331984999896],[-71.03614060599983,-17.55802348499992],[-71.03434760499988,-17.568035109999983],[-71.03305072999996,-17.580000109999844],[-71.03115622999997,-17.585658234999926],[-71.0290276049999,-17.58910073499993],[-71.02277610499993,-17.59774248499997],[-71.01983423099995,-17.599902734999887],[-71.01653510599994,-17.600970734999976],[-71.01362735599992,-17.603716734999978],[-71.0007929809999,-17.616933609999933],[-70.99659760499998,-17.620787109999924],[-70.99277535599992,-17.622679734999963],[-70.95629885599988,-17.631613234999975],[-70.9463794809999,-17.63281510999991],[-70.93897885499996,-17.63561898499995],[-70.93392247999992,-17.638055234999968],[-70.93121048099988,-17.640813359999925],[-70.92986997999992,-17.64436998499997],[-70.92422347999991,-17.647662234999927],[-70.9183397299999,-17.649454984999977],[-70.9078148559999,-17.647219609999922],[-70.90904997999996,-17.65105998499996],[-70.90952997999989,-17.655389984999942],[-70.90745997999994,-17.659199859999944],[-70.90745998099987,-17.66176985999988],[-70.90999998099988,-17.666379984999935],[-70.90912998099992,-17.669639985999936],[-70.91069997999989,-17.680689859999916],[-70.91249998099988,-17.68736998499992],[-70.91424997999991,-17.68780998499983],[-70.93088998099995,-17.687679984999818],[-70.93785998099986,-17.685299984999972],[-70.94570997999995,-17.68064998499989],[-70.94842998099995,-17.679739984999912],[-70.95381998099992,-17.67664998499987],[-70.95627997999998,-17.675959984999906],[-70.96455997999993,-17.676019984999982],[-70.97144648099999,-17.680882735999887],[-70.97556360499993,-17.68146510999992],[-70.98316222999989,-17.684626984999966],[-70.98592385499995,-17.68304298499993],[-70.98968560599997,-17.679263609999964],[-70.99299623099989,-17.679119109999874],[-70.99910547999991,-17.681470859999877],[-71.00334960499998,-17.68369923499995],[-71.0045937299999,-17.686566359999972],[-71.00514260499995,-17.69259960999989],[-71.00790435599998,-17.695525359999976],[-71.01014648099988,-17.700083984999935],[-71.01381622999992,-17.703154234999943],[-71.01663285599994,-17.708769484999948],[-71.02022460499984,-17.7087831099999],[-71.02431447999993,-17.704792984999926],[-71.02691597999996,-17.70387498499997],[-71.03410348099993,-17.70900973499994],[-71.0369413549999,-17.709654359999888],[-71.03983985599984,-17.708773484999938],[-71.04610685499995,-17.70807960999997],[-71.04937623099983,-17.708826984999973],[-71.05367348099992,-17.713030734999904],[-71.05792397999988,-17.718075234999958],[-71.06053972999996,-17.718635734999964],[-71.07046485599994,-17.714355484999942],[-71.07347847999989,-17.713753984999983],[-71.0791172299999,-17.715197359999934],[-71.08333598099989,-17.717527360999895],[-71.08412173099998,-17.721275609999964],[-71.08202348099996,-17.729613234999874]]]},"properties":{"ubigeo":"170300","nombre":"ILO"}}]}