{"type":"FeatureCollection","features":[{"type":"Feature","geometry":{"type":"Polygon","coordinates":[[[-75.31832998499993,-12.510017604999973],[-75.31933910999993,-12.514502855999979],[-75.32307548499995,-12.51602073099997],[-75.32870510999987,-12.516839854999887],[-75.33113223499998,-12.520691354999883],[-75.33652348399988,-12.52203310599998],[-75.34140748499988,-12.527872354999943],[-75.34751160999991,-12.534379979999812],[-75.35162435899997,-12.536804729999972],[-75.36239123499996,-12.539600354999891],[-75.3684384849999,-12.544511229999898],[-75.37018985999998,-12.549940730999879],[-75.37264198399998,-12.553385354999875],[-75.37766273399984,-12.556070854999973],[-75.37915510899995,-12.557541354999955],[-75.38180798399998,-12.56307673099991],[-75.38612823499994,-12.567922479999936],[-75.38910573499993,-12.57025773099997],[-75.39074035999988,-12.57486998099995],[-75.39389298399988,-12.5765046059999],[-75.39914735899998,-12.58251798099991],[-75.40288385999997,-12.583627230999923],[-75.40562785999998,-12.583160229999919],[-75.40944723499996,-12.584730479999905],[-75.40904210999986,-12.58965147999993],[-75.40916085999999,-12.597124104999978],[-75.41205073499992,-12.599917604999916],[-75.4111748599999,-12.604938730999947],[-75.41139873499998,-12.609256104999872],[-75.41037523499995,-12.611270855999862],[-75.41012873499994,-12.61793410599995],[-75.41475660999998,-12.625153729999852],[-75.41538273499992,-12.628417105999858],[-75.41785385999992,-12.628973730999974],[-75.4196389839999,-12.626983605999897],[-75.42306310999999,-12.62549110599997],[-75.42675198399996,-12.627503855999976],[-75.43145148499997,-12.625730980999833],[-75.43725723499989,-12.620018355999946],[-75.44027160999991,-12.618115980999903],[-75.44264523399994,-12.617741480999939],[-75.44742148499995,-12.619773480999925],[-75.44981635999994,-12.619995604999929],[-75.45346835999999,-12.62247048099988],[-75.45444160999995,-12.625158354999883],[-75.45648973499993,-12.62586823099997],[-75.45770873499998,-12.628767355999969],[-75.4607939849999,-12.631385979999834],[-75.46153185999987,-12.635214479999945],[-75.45847335999991,-12.638180354999974],[-75.45877348399989,-12.641095729999961],[-75.45675873499988,-12.645085229999893],[-75.45711885999992,-12.64990235599987],[-75.45549148499992,-12.65372810499997],[-75.45263273499995,-12.657658855999955],[-75.45599173499994,-12.662089855999909],[-75.45824298499997,-12.668271729999901],[-75.45927923499988,-12.674668105999956],[-75.46312160899993,-12.679422229999943],[-75.46720073499995,-12.683330605999856],[-75.47744248499993,-12.6775217309999],[-75.48330085999999,-12.677087229999927],[-75.48421473499991,-12.676051480999945],[-75.48610348499989,-12.66739997999997],[-75.48951735999998,-12.663323355999921],[-75.48952173499998,-12.66077397999993],[-75.48828110999995,-12.656489355999895],[-75.48874248499999,-12.652071730999864],[-75.49085423499997,-12.647937355999886],[-75.49411098399992,-12.6448414809999],[-75.4973148599999,-12.64393235499989],[-75.49861373499982,-12.642546855999854],[-75.49904660899995,-12.638563729999873],[-75.50243923499988,-12.637044104999916],[-75.51055773399997,-12.63446722999987],[-75.51684773499994,-12.626293104999888],[-75.52139198499998,-12.624685979999981],[-75.5222501099999,-12.622022230999903],[-75.52478048499995,-12.618695229999958],[-75.52609235999995,-12.61841398099989],[-75.52885723499998,-12.620944480999924],[-75.53874448499988,-12.621694229999946],[-75.54411335999993,-12.622818355999982],[-75.54895973499998,-12.625114729999893],[-75.55153698499998,-12.623474980999958],[-75.55927385999996,-12.630751230999977],[-75.56320210999996,-12.632424105999917],[-75.56882423499991,-12.632595730999924],[-75.56934248499994,-12.636497605999978],[-75.57489523499999,-12.636571854999943],[-75.5796132349999,-12.641484355999978],[-75.58022373499995,-12.64008598099997],[-75.58052735999996,-12.627945355999884],[-75.58283985999998,-12.621757979999927],[-75.58133148499996,-12.616305230999956],[-75.58098648499993,-12.612464104999901],[-75.5797883599999,-12.60884548099989],[-75.57895010999994,-12.603081480999947],[-75.57937873499998,-12.595081230999938],[-75.57803398499988,-12.592185854999855],[-75.57425060999992,-12.591162729999951],[-75.5727774849999,-12.589836729999888],[-75.5720853599999,-12.583572229999902],[-75.56900623499996,-12.580286604999912],[-75.56651235999993,-12.574225229999968],[-75.5666296099999,-12.57089697999993],[-75.57165035999998,-12.566470980999895],[-75.57184060999992,-12.564067854999962],[-75.56645723499992,-12.558216730999959],[-75.56643935999995,-12.552694104999887],[-75.55887260999998,-12.54515122999993],[-75.55198998499998,-12.544929980999825],[-75.5510261099999,-12.541570479999962],[-75.54825998399991,-12.535663480999972],[-75.54574360899989,-12.532683230999908],[-75.54614985999996,-12.529265104999979],[-75.54536523499996,-12.52561135499991],[-75.54276648499996,-12.523953604999974],[-75.53880185999992,-12.522768479999968],[-75.53654910999995,-12.519921729999908],[-75.53620110999992,-12.517275354999981],[-75.53887298499995,-12.512570854999922],[-75.53866173499995,-12.508778604999918],[-75.54111260999997,-12.506113604999882],[-75.54077948499997,-12.501830480999956],[-75.53926735999988,-12.500321604999897],[-75.54253673499994,-12.495042604999924],[-75.54288485899997,-12.490222230999962],[-75.54502585999995,-12.483814104999908],[-75.54727010999989,-12.480285229999879],[-75.54808223499998,-12.477243604999899],[-75.55010748499984,-12.47394110499988],[-75.55115073499991,-12.468241104999947],[-75.55508923499991,-12.464266230999954],[-75.55513673499996,-12.460810979999906],[-75.55740760999998,-12.456590479999932],[-75.55651860999996,-12.452567729999885],[-75.55729073499998,-12.447858729999894],[-75.55557823499998,-12.441186479999942],[-75.55645698499995,-12.438228354999978],[-75.55550323499989,-12.436202604999949],[-75.55544310999989,-12.431218854999884],[-75.55949623399994,-12.422662354999886],[-75.55997173499998,-12.416924979999976],[-75.55859385999997,-12.41313560499998],[-75.55958998499989,-12.410719979999953],[-75.55468998499992,-12.408619979999912],[-75.55026998499994,-12.407889979999936],[-75.54592998499987,-12.404939980999927],[-75.54089998499995,-12.403429980999931],[-75.53161998499996,-12.40392998099992],[-75.52846998499996,-12.404789979999919],[-75.52353998499996,-12.40485997999997],[-75.51875998499997,-12.40341997999991],[-75.51133998499995,-12.403699979999885],[-75.50742010999988,-12.403069979999884],[-75.50564998499988,-12.401749854999935],[-75.5035699849999,-12.398239979999971],[-75.49999998499993,-12.396519979999937],[-75.49614998499999,-12.397709979999888],[-75.49039998499995,-12.39864997999996],[-75.48811998399992,-12.398350104999906],[-75.48594998499988,-12.396239979999848],[-75.47756998499995,-12.394869854999968],[-75.47332998499985,-12.392479979999962],[-75.47160998499999,-12.392279854999913],[-75.46668998499996,-12.388359979999962],[-75.4629299849999,-12.384549855999921],[-75.45663010999994,-12.37948997999996],[-75.45434998399998,-12.378639979999946],[-75.45049998499996,-12.375349979999953],[-75.44819998499997,-12.374519979999945],[-75.44285010999994,-12.369829980999953],[-75.43918998499993,-12.369940104999898],[-75.43377998499994,-12.368729980999888],[-75.43026998499988,-12.369909980999978],[-75.42733998499995,-12.369799979999868],[-75.42636998399996,-12.368319979999967],[-75.42204998499994,-12.366779979999933],[-75.42028998499995,-12.366879979999851],[-75.41477998499988,-12.364929979999886],[-75.4099799849999,-12.363959979999834],[-75.40313998499994,-12.359169979999876],[-75.3979999849999,-12.35339997999995],[-75.39410998499989,-12.351850104999812],[-75.39361998499987,-12.350619979999976],[-75.39002998499984,-12.349989979999975],[-75.38486998499991,-12.347389979999889],[-75.37665998499989,-12.339569979999908],[-75.37160998499996,-12.337109979999923],[-75.37024998499999,-12.33904997999997],[-75.36545998499997,-12.338019979999899],[-75.35973998499998,-12.335149979999926],[-75.35673998499993,-12.331459979999977],[-75.35624998499998,-12.329490104999877],[-75.35253998499996,-12.32760997999992],[-75.35446448499994,-12.324175729999922],[-75.35694123199994,-12.32210553699997],[-75.35810620899997,-12.319853019999925],[-75.3581956619999,-12.316912830999911],[-75.35585333499984,-12.31223015099988],[-75.35722890099998,-12.308923634999871],[-75.31461152499992,-12.27014505699998],[-75.31090575999991,-12.270515031999935],[-75.3082883809999,-12.272928468999964],[-75.30355603599992,-12.271098463999977],[-75.30216160999993,-12.265779479999878],[-75.30154923499998,-12.26115722999998],[-75.29984760999997,-12.258265604999906],[-75.29780223499995,-12.262182104999965],[-75.29238985899991,-12.26512847999993],[-75.2873938599999,-12.265480729999922],[-75.28225923499997,-12.263081229999898],[-75.27709310999984,-12.2647687299999],[-75.27399073499998,-12.266553104999957],[-75.27157610899997,-12.266619104999904],[-75.27034050999998,-12.261483590999887],[-75.27363786699993,-12.259093269999823],[-75.27390884299996,-12.257638259999965],[-75.26847235999992,-12.25561447999985],[-75.2655396099999,-12.249600604999898],[-75.26268435999992,-12.248916604999977],[-75.25547798499991,-12.25422135499997],[-75.25203535999998,-12.255185229999938],[-75.24962548399998,-12.25415247999996],[-75.24626598499992,-12.249332979999963],[-75.24444535899994,-12.241820354999902],[-75.24660160999991,-12.236160229999939],[-75.24797198499988,-12.226481479999961],[-75.24932973499995,-12.222905229999924],[-75.25299410899993,-12.22216772999991],[-75.25442185899993,-12.217598979999934],[-75.25787198399985,-12.213363604999927],[-75.25983673499996,-12.206551729999887],[-75.25983148399996,-12.204625729999975],[-75.2617683599999,-12.201691729999936],[-75.26312248499994,-12.197110479999935],[-75.26836428099995,-12.192020253999942],[-75.27129003899995,-12.190380017999871],[-75.27369003899997,-12.180440017999956],[-75.27592003899986,-12.177610017999939],[-75.2722999849999,-12.171169979999888],[-75.27106998499994,-12.166039979999823],[-75.26904998499992,-12.16200997999988],[-75.26730998499994,-12.160929979999878],[-75.26529864899999,-12.156765633999953],[-75.2624756479999,-12.154737417999968],[-75.25942812599999,-12.153859784999952],[-75.25168463999995,-12.153464967999867],[-75.24563671199991,-12.152046276999897],[-75.24411673399993,-12.153323729999897],[-75.24161885999996,-12.151914354999974],[-75.24040523499997,-12.149392979999902],[-75.2403432189999,-12.14152145699984],[-75.24051360899995,-12.139443854999968],[-75.23913410899996,-12.13641397999993],[-75.23896173499998,-12.13220160499992],[-75.23593173499995,-12.123234729999979],[-75.23184248399997,-12.120401854999955],[-75.23205898399993,-12.116511479999872],[-75.23312348499991,-12.11343047999992],[-75.23231910999988,-12.109370604999924],[-75.23336610899992,-12.105206479999936],[-75.23333910999992,-12.100757979999912],[-75.23183887199997,-12.09562602099993],[-75.23274185899999,-12.08900672999988],[-75.23222048399998,-12.087654604999955],[-75.23385635999989,-12.079951229999892],[-75.23549223399988,-12.075668104999977],[-75.23615748399999,-12.069569729999898],[-75.23766635999993,-12.067563479999876],[-75.23878623499996,-12.063067104999902],[-75.24133998399998,-12.063559979999923],[-75.24932998399998,-12.062079979999965],[-75.25283998499998,-12.0609799799999],[-75.25490998499998,-12.058279979999952],[-75.25891998499998,-12.058509979999883],[-75.26389644799997,-12.060389740999824],[-75.26549998499996,-12.060829979999937],[-75.26952998499996,-12.059859853999967],[-75.27104998499993,-12.057350104999955],[-75.27383212499996,-12.056450414999915],[-75.27746003899989,-12.055270017999874],[-75.28087003899998,-12.057880017999935],[-75.28932003899996,-12.056210017999945],[-75.29366003899997,-12.054810017999898],[-75.29787003899986,-12.050180017999878],[-75.30156003899998,-12.048920017999933],[-75.30219723499994,-12.04794535499991],[-75.31477672599993,-12.04262592799995],[-75.31650979499989,-12.041469950999897],[-75.31472950899985,-12.039360267999939],[-75.318002,-12.036023],[-75.31311771599997,-12.03375810599988],[-75.31702245799994,-12.023585600999922],[-75.31811689799997,-12.019154039999819],[-75.32040204599997,-12.014503854999816],[-75.32506545199982,-12.00932662199989],[-75.32072460899991,-12.008308604999968],[-75.31444548399998,-12.008263729999896],[-75.31108785999999,-12.006509729999891],[-75.30734373399997,-11.99652535499996],[-75.30527923399995,-11.987978479999981],[-75.30395898499995,-11.98533985499995],[-75.29158598399994,-11.985326229999885],[-75.28610935999995,-11.982638729999906],[-75.28343948499992,-11.98276560499994],[-75.27920110999997,-11.980519478999895],[-75.28010260999997,-11.97753060499997],[-75.28099135999997,-11.975665478999929],[-75.28195298499998,-11.972291353999879],[-75.28733635999987,-11.969746479999912],[-75.28921110999988,-11.965532978999818],[-75.29266360999992,-11.965514353999879],[-75.29555748399991,-11.962108604999969],[-75.29532998399992,-11.958889979999867],[-75.29948823399997,-11.950144479999949],[-75.30248373399996,-11.94833947899997],[-75.30420485999997,-11.946257354999943],[-75.30489248499993,-11.942954229999941],[-75.30949323399994,-11.94099685499998],[-75.31277535999999,-11.938003104999893],[-75.31009760899991,-11.935333854999953],[-75.29756248399997,-11.925744104999978],[-75.29410010999993,-11.921654604999901],[-75.29412348499994,-11.910417604999907],[-75.29305273499989,-11.906259729999874],[-75.29082960899996,-11.901539979999882],[-75.29045898399994,-11.898154354999974],[-75.29105860999994,-11.893443353999942],[-75.29244923399995,-11.890187479999895],[-75.29488460899995,-11.887394478999909],[-75.29221998399998,-11.886219979999908],[-75.28807810999996,-11.884046854999951],[-75.28315223399989,-11.882499853999946],[-75.27776560899997,-11.876566354999909],[-75.27175585899994,-11.875572229999875],[-75.26660348399992,-11.873054729999978],[-75.2676904839999,-11.870091104999972],[-75.27461998399991,-11.863479979999909],[-75.27409085999994,-11.862302354999827],[-75.26990348499993,-11.859161854999968],[-75.26381523399988,-11.851338104999911],[-75.26230010899997,-11.846737353999913],[-75.2630651099999,-11.84273597999993],[-75.26546810999997,-11.83891360499996],[-75.26406298499995,-11.835277229999917],[-75.25842560899991,-11.830279854999958],[-75.25585435999989,-11.826215728999955],[-75.25254573499996,-11.822744728999908],[-75.25033010999994,-11.81724222899993],[-75.25070910999995,-11.809935604999964],[-75.24608348399994,-11.808571729999926],[-75.24060460999993,-11.809548979999931],[-75.2384101099999,-11.806861353999977],[-75.23458823399989,-11.805662729999824],[-75.22842260999982,-11.806260603999931],[-75.22102148499994,-11.804499979999889],[-75.21636760999996,-11.804782103999969],[-75.21408173399993,-11.803719354999942],[-75.21177585899994,-11.798385603999975],[-75.20985085899991,-11.797217604999958],[-75.20491823499998,-11.797142853999901],[-75.19871523399996,-11.794713979999926],[-75.18847648399992,-11.794489729999952],[-75.18283385999996,-11.794938103999925],[-75.1795009839999,-11.793303104999836],[-75.17666223399993,-11.79623110499989],[-75.17239848399993,-11.79765822999991],[-75.1661689849999,-11.80472935499995],[-75.16270235999997,-11.811249853999982],[-75.16054498499989,-11.820662604999939],[-75.15679548499992,-11.822266728999978],[-75.15119248499997,-11.822835729999895],[-75.14901698499989,-11.824505354999928],[-75.14398298499992,-11.832625603999816],[-75.13865035999987,-11.836345729999948],[-75.13314323399993,-11.839261353999973],[-75.1292817339999,-11.842238854999948],[-75.12422148499991,-11.84380235499998],[-75.12207998399998,-11.842945729999883],[-75.11975848399993,-11.837202229999946],[-75.1179762349999,-11.835439228999917],[-75.11108198499994,-11.835540853999873],[-75.10943548499995,-11.8341641049999],[-75.10450698399995,-11.832697603999975],[-75.09490210899997,-11.834502478999923],[-75.09218698399997,-11.834144229999879],[-75.08975173399989,-11.835620228999971],[-75.08863298399996,-11.837941354999884],[-75.0897037339999,-11.844008979999955],[-75.08690710999997,-11.846298479999916],[-75.08383010899996,-11.849971854999922],[-75.08260323399998,-11.855057853999938],[-75.07605923399996,-11.862798729999952],[-75.07349223499989,-11.872558478999963],[-75.07261610899997,-11.877370854999924],[-75.07108273499995,-11.880916979999881],[-75.0667939839999,-11.885660854999912],[-75.06248585999998,-11.888961103999975],[-75.05751023499994,-11.880650104999916],[-75.05088523399996,-11.875957479999954],[-75.04991973499995,-11.86773385399988],[-75.04756410999988,-11.864854729999877],[-75.04511323399998,-11.856550354999968],[-75.04094223499993,-11.855280728999901],[-75.03701298499988,-11.851135854999939],[-75.03571910899996,-11.848692104999827],[-75.03222110899998,-11.846703479999974],[-75.02820110999988,-11.836137979999819],[-75.02379323499997,-11.828948603999947],[-75.02067573399995,-11.82521360499993],[-75.01560373399997,-11.821251853999968],[-75.01072810899996,-11.819800229999942],[-75.00485273399994,-11.820049479999852],[-75.00030798399996,-11.8180031039999],[-74.99528198399992,-11.81643547899995],[-74.99294998499988,-11.81692460399995],[-74.98925460899994,-11.819888104999904],[-74.98688560999994,-11.823367978999954],[-74.98145148399993,-11.826968479999891],[-74.97710148399989,-11.831907354999885],[-74.97631998499998,-11.835260104999918],[-74.97137910999999,-11.840146604999916],[-74.96839635899994,-11.844516354999826],[-74.96606623399998,-11.844662104999884],[-74.9613056099999,-11.843231354999887],[-74.95676660999993,-11.83726847999992],[-74.95521423399992,-11.829573104999952],[-74.95141498399988,-11.826726729999962],[-74.94930360899991,-11.827123229999927],[-74.94605273399998,-11.829566354999827],[-74.93986460999997,-11.837205979999965],[-74.92994985999997,-11.835335854999869],[-74.92810273499998,-11.8369561049999],[-74.92530073399996,-11.842419603999872],[-74.92535435899998,-11.84465485499993],[-74.92148623499992,-11.846087103999935],[-74.91278085899995,-11.847171104999916],[-74.90924860899997,-11.843240854999976],[-74.90458373399991,-11.842089604999956],[-74.89651773499992,-11.841886354999929],[-74.8919039839999,-11.843739354999911],[-74.88793623399988,-11.846296604999964],[-74.88547760899996,-11.843336104999935],[-74.88493035899995,-11.841027979999922],[-74.88535873399996,-11.835595979999937],[-74.87997885899989,-11.833270229999926],[-74.87599460899992,-11.83015185499994],[-74.87373660899988,-11.824744978999945],[-74.87000073399997,-11.82153272999983],[-74.86528723399988,-11.815031978999912],[-74.86115248399989,-11.813149604999978],[-74.85828273399994,-11.810619353999869],[-74.85683248499993,-11.807718853999972],[-74.85473423399998,-11.805929104999905],[-74.85402310899991,-11.803538604999915],[-74.85096373399995,-11.802270729999918],[-74.85412023399988,-11.798037104999935],[-74.85551735999991,-11.793258729999877],[-74.85752998399994,-11.790689979999968],[-74.86439998499992,-11.78662997899994],[-74.86751998399996,-11.783769979999931],[-74.86889998399994,-11.777469978999932],[-74.86518998399998,-11.777419853999959],[-74.85884998399996,-11.77532997999998],[-74.8553999849999,-11.775149978999934],[-74.8494199839999,-11.773699978999957],[-74.84581998399995,-11.770929978999902],[-74.84426998399994,-11.766119979999928],[-74.84026998399992,-11.763159978999965],[-74.83860998399996,-11.762869979999948],[-74.83528998399998,-11.766389979999872],[-74.83141010999998,-11.76650997899992],[-74.81737998399996,-11.762249978999876],[-74.80849998399992,-11.764289979999944],[-74.80441998399994,-11.76639997899997],[-74.79930998399982,-11.76563997999989],[-74.7932899839999,-11.76622985399996],[-74.79071998399996,-11.765469979999978],[-74.78754998399995,-11.76596997899992],[-74.77533998399991,-11.764359979999938],[-74.76999998399998,-11.762349979999897],[-74.77233998399993,-11.757439978999912],[-74.77602998399988,-11.746539978999976],[-74.77873998499996,-11.74119997999992],[-74.77777273399994,-11.738451478999878],[-74.77553485899995,-11.736329854999951],[-74.7748686089999,-11.734259728999973],[-74.77532073399993,-11.726098229999877],[-74.77417873399992,-11.722505228999978],[-74.77132323399991,-11.721267854999894],[-74.76792060899993,-11.71757972999984],[-74.7665312339999,-11.71005472999991],[-74.76532698399996,-11.707609729999945],[-74.76102023399994,-11.705420603999926],[-74.75664185899996,-11.704849603999946],[-74.75268760899996,-11.70316072999998],[-74.74817110899994,-11.702089353999895],[-74.74479223499998,-11.703398104999906],[-74.7437653589999,-11.701441729999942],[-74.74110860899998,-11.690461229999926],[-74.74125685899992,-11.686711854999942],[-74.73892485899995,-11.67970147899996],[-74.73680385899996,-11.674873603999913],[-74.73393598499985,-11.672021979999897],[-74.73058698399996,-11.6705912299999],[-74.72914810999998,-11.66736385399986],[-74.72462810999991,-11.666632728999957],[-74.7210146089999,-11.664661103999947],[-74.71764123399993,-11.666212603999895],[-74.7167087339999,-11.667922479999959],[-74.71165860899993,-11.671955228999877],[-74.71069023399991,-11.673075728999947],[-74.70778535999989,-11.674728229999971],[-74.70722148399989,-11.674053979999883],[-74.70610985899992,-11.67256860499998],[-74.70521073399993,-11.670736354999917],[-74.70202298399988,-11.669022353999935],[-74.70054260899997,-11.668253978999871],[-74.69746935899997,-11.666773604999946],[-74.69500760899996,-11.66729410399995],[-74.69173110899993,-11.666651729999899],[-74.68877585899992,-11.664627979999977],[-74.68761935899988,-11.663150353999924],[-74.68610960899997,-11.661769104999962],[-74.68093398399998,-11.660737104999896],[-74.67927860899988,-11.662912478999942],[-74.67893523399982,-11.66435797899993],[-74.67864610899994,-11.668188603999965],[-74.67568285899995,-11.671784354999943],[-74.67374948399998,-11.6727058539999],[-74.67058735899985,-11.673157604999972],[-74.66702535899998,-11.673899854999945],[-74.66562148399993,-11.676041229999896],[-74.66409860899995,-11.679205854999907],[-74.66295648399995,-11.680300479999971],[-74.66016260899988,-11.681500978999907],[-74.65748373399992,-11.682513353999923],[-74.65731060899998,-11.68300585499992],[-74.65710310899988,-11.68370310499995],[-74.65277248399997,-11.685987353999963],[-74.65136860899997,-11.687676728999918],[-74.65234410899996,-11.689461353999889],[-74.65212998399988,-11.69286397999997],[-74.65153510899995,-11.696670978999919],[-74.64882248399988,-11.69683772999997],[-74.64299298399999,-11.70043072999988],[-74.64344498399993,-11.707045728999901],[-74.64494398399995,-11.712089978999927],[-74.64475360899985,-11.713779479999914],[-74.64484885899998,-11.71765797899991],[-74.6459672339999,-11.720894104999957],[-74.6456101089999,-11.722892728999966],[-74.64499160899999,-11.724034978999953],[-74.64489635899992,-11.725938479999911],[-74.64691898399997,-11.730126479999967],[-74.64941735899998,-11.732315478999965],[-74.65027935899997,-11.736308603999873],[-74.64599098399998,-11.738858979999861],[-74.64150523399991,-11.740037354999913],[-74.64084360899989,-11.740330729999926],[-74.63961610899992,-11.741019104999964],[-74.63921448399992,-11.742261228999894],[-74.63764923399998,-11.749003603999881],[-74.63692048399992,-11.751748854999846],[-74.6340948589999,-11.751986853999824],[-74.63154235899998,-11.754257478999932],[-74.62906823399993,-11.756269853999981],[-74.62549910899992,-11.76046372999997],[-74.62422010899996,-11.765371354999957],[-74.62308985899989,-11.767423604999863],[-74.62379273399995,-11.770334729999945],[-74.62424098399993,-11.772306854999954],[-74.62444360899991,-11.773175603999903],[-74.62395135899993,-11.774015229999918],[-74.62231760899994,-11.774976229999936],[-74.61865260899992,-11.776968479999937],[-74.61400098399997,-11.781609354999944],[-74.61402223399989,-11.784828729999958],[-74.61373685899997,-11.785851979999961],[-74.61178560899992,-11.788302729999884],[-74.60840523399992,-11.79157322899988],[-74.60633673399991,-11.793109354999956],[-74.60662223399999,-11.796678353999937],[-74.60821648399991,-11.799747979999893],[-74.61028473399989,-11.803983354999957],[-74.61064348399992,-11.807386229999963],[-74.60640398399988,-11.811519479999902],[-74.60331473399998,-11.813429853999878],[-74.6006022339999,-11.814952729999959],[-74.59669985899995,-11.818498104999833],[-74.59612873399988,-11.819188229999895],[-74.59593848399993,-11.822519479999926],[-74.59612598399991,-11.823383104999891],[-74.59785348399993,-11.824415979999912],[-74.59907935899992,-11.829579229999979],[-74.5959231089999,-11.832214228999874],[-74.59481123399985,-11.83626972999997],[-74.59669548399995,-11.842668479999872],[-74.59641735899993,-11.843497354999954],[-74.59249123399991,-11.846530979999898],[-74.58978460899988,-11.850814229999912],[-74.58799998399991,-11.851052103999962],[-74.58481748399993,-11.852033604999974],[-74.58184310899998,-11.853758604999882],[-74.58166460899992,-11.856197729999906],[-74.58335548399992,-11.858302979999849],[-74.58409148399983,-11.85982547999987],[-74.5837234839999,-11.861866603999829],[-74.58163210899988,-11.87001435399992],[-74.58189985899992,-11.87053297999995],[-74.58323823399991,-11.872355478999907],[-74.58089598399994,-11.875267853999958],[-74.57788860899996,-11.882384729999842],[-74.5772654839999,-11.882729604999952],[-74.57343410899989,-11.883683229999974],[-74.57070698399997,-11.884436103999917],[-74.5680971089999,-11.883950978999849],[-74.56431598399996,-11.881792729999972],[-74.56026710899988,-11.882562354999948],[-74.55829298399988,-11.882227729999897],[-74.55641910899999,-11.88132410499992],[-74.55466235899996,-11.87978510499994],[-74.54920823399988,-11.87802835399998],[-74.54512585899988,-11.878078478999953],[-74.53366310899992,-11.878731729999913],[-74.53234385899992,-11.88150835499988],[-74.52812773399995,-11.885674354999878],[-74.52558460899996,-11.887815729999943],[-74.52483173399992,-11.89071010399988],[-74.52453060899995,-11.894307228999878],[-74.5246181089999,-11.896478479999871],[-74.52252298399986,-11.899677729999894],[-74.51957835899992,-11.903090728999928],[-74.5160817339999,-11.905817854999896],[-74.51450698399998,-11.908575354999869],[-74.51236735899988,-11.911542229999952],[-74.50864523399991,-11.915274478999947],[-74.50588948399991,-11.91577722999989],[-74.49973110899992,-11.913563854999893],[-74.49616460899995,-11.913574479999966],[-74.49051198399997,-11.913673729999914],[-74.4900161089999,-11.91605372999993],[-74.4892227339999,-11.918731354999977],[-74.48783435899986,-11.923094729999946],[-74.4887268579999,-11.923888104999946],[-74.48991698399993,-11.924879854999972],[-74.4938837339999,-11.925474853999901],[-74.49556960899986,-11.92547485499989],[-74.49715623399993,-11.928251604999957],[-74.49814798399996,-11.931424979999974],[-74.50112298399989,-11.93469760499994],[-74.50479235899991,-11.937672604999818],[-74.50439560899997,-11.942036104999886],[-74.50142060899998,-11.944911978999926],[-74.50122223399995,-11.947787853999898],[-74.49933798399996,-11.951853854999968],[-74.49894135899996,-11.955523104999827],[-74.50122223399995,-11.96107660499996],[-74.50142060899998,-11.964448354999945],[-74.50126673399996,-11.977838479999946],[-74.5048114839999,-11.983277979999968],[-74.50764848399996,-11.98708197999997],[-74.50999873399991,-11.987941729999932],[-74.51297310899992,-11.987560979999955],[-74.51701798399984,-11.987584854999966],[-74.52358548399991,-11.987894104999896],[-74.52480310899995,-11.98768460499997],[-74.52953410899988,-11.985300479999978],[-74.5329843589999,-11.984039354999823],[-74.53512585899989,-11.984110979999969],[-74.54146748399995,-11.984251979999897],[-74.54307423399996,-11.98404885399998],[-74.5449481089999,-11.987257979999924],[-74.5457391089999,-11.990343103999862],[-74.54890985899988,-11.99674997999989],[-74.54899948399992,-11.996990353999877],[-74.55199748399991,-11.997004604999916],[-74.5538479839999,-11.99998835499997],[-74.5576779839999,-12.000949354999818],[-74.5624689839999,-11.99766447899998],[-74.56695885899995,-11.99746360499995],[-74.56922523399999,-11.994583353999872],[-74.57170685899996,-11.984808978999979],[-74.5737724839999,-11.984823354999946],[-74.58203485899992,-11.987936104999903],[-74.58457385899993,-11.98635822999995],[-74.59283623399995,-11.986616354999967],[-74.59465798399998,-11.98744835499997],[-74.59287923399995,-11.991292728999895],[-74.59246310899988,-11.994979229999956],[-74.59385473399993,-11.996284604999857],[-74.59731173399996,-11.996600104999914],[-74.60154335899989,-11.99916772999984],[-74.60355160899996,-11.999540729999978],[-74.60736723399992,-11.996657479999953],[-74.60801273399994,-11.992569353999954],[-74.6125454839999,-11.987979104999908],[-74.61432423399998,-11.98780697899997],[-74.6172504839999,-11.990059104999887],[-74.62108048399989,-11.98898335499996],[-74.62209898399988,-11.986530354999957],[-74.62416460899993,-11.985181979999936],[-74.63181010899996,-11.985339729999964],[-74.63571185899991,-11.987061103999906],[-74.64045985899992,-11.987677853999969],[-74.64269760899998,-11.988667604999875],[-74.64695785899988,-11.992253729999959],[-74.64890873399992,-11.994893229999946],[-74.65085960899995,-11.994792729999972],[-74.65547848399996,-11.992282478999925],[-74.65757285899986,-11.99268410499991],[-74.65910773399992,-11.995782479999946],[-74.66033135899994,-12.00367360499996],[-74.66141135899994,-12.005643604999818],[-74.66845135899996,-12.00923360499985],[-74.67085148399997,-12.01206360499998],[-74.67389998399995,-12.015389979999952],[-74.67850998399996,-12.017479979999962],[-74.6795899839999,-12.020719979999967],[-74.67912998399993,-12.026029979999919],[-74.68159998399994,-12.02948997999988],[-74.68254998399993,-12.036619979999955],[-74.68373998399989,-12.038469979999945],[-74.68819998399988,-12.039449979999915],[-74.69189010999986,-12.041719979999982],[-74.69470998399993,-12.041889979999837],[-74.69931998399989,-12.044369979999942],[-74.70190998399988,-12.046909979999953],[-74.70411998399993,-12.05076997999987],[-74.70835998499996,-12.054359979999901],[-74.71068998499999,-12.05719997999995],[-74.71690010899994,-12.059419979999973],[-74.72008998399997,-12.059129979999966],[-74.71998998399994,-12.056049978999908],[-74.7219399839999,-12.053319979999912],[-74.72480998499998,-12.05235997899996],[-74.73052998399993,-12.046939979999877],[-74.73401998499997,-12.04582997999995],[-74.7407199839999,-12.041999979999957],[-74.7435701089999,-12.040949978999947],[-74.74860998399993,-12.041419978999954],[-74.75486998399998,-12.04624997999997],[-74.75911998399982,-12.051119978999964],[-74.76310998399998,-12.051899979999916],[-74.76843998399994,-12.051879979999967],[-74.77144998399996,-12.052929979999874],[-74.77992998399998,-12.052999854999882],[-74.78630998399996,-12.056509978999884],[-74.7942799839999,-12.05828997899988],[-74.80144998499998,-12.0578499799999],[-74.80654998499995,-12.056509979999873],[-74.80928998399992,-12.056500104999941],[-74.81899998399996,-12.053629979999869],[-74.82311998399996,-12.05725997999997],[-74.83011998399996,-12.062599979999902],[-74.83185323399994,-12.06641647999993],[-74.83543573399999,-12.070099729999981],[-74.83737360899983,-12.0708184799999],[-74.84678910899993,-12.070460979999837],[-74.85097598399994,-12.069755104999956],[-74.85450610899994,-12.068063354999936],[-74.86020698399989,-12.066220729999827],[-74.8707741099999,-12.065991979999978],[-74.87201823399994,-12.062455229999841],[-74.87579923499993,-12.05976185399993],[-74.88085935999993,-12.053685604999941],[-74.88569673399996,-12.05343972999998],[-74.89153098399998,-12.050257353999882],[-74.89633098399992,-12.048878354999943],[-74.90285473399996,-12.04320322999996],[-74.90786685899997,-12.03652035499988],[-74.91089010899998,-12.035327104999851],[-74.91630985899991,-12.034278479999955],[-74.92000448399989,-12.032879104999893],[-74.92668360999988,-12.02811472999997],[-74.93037423399988,-12.022858354999869],[-74.93667035999994,-12.020480354999961],[-74.93901573399984,-12.018355604999897],[-74.94341685899991,-12.017241354999896],[-74.94883198499997,-12.018750479999824],[-74.95262898399989,-12.015811229999883],[-74.95675235899984,-12.019680103999974],[-74.95907010899992,-12.02288260499995],[-74.96563023499994,-12.024564354999825],[-74.96846048399993,-12.024645854999903],[-74.97035423399996,-12.023464854999872],[-74.97420673399995,-12.023690729999942],[-74.97637673399998,-12.020929104999936],[-74.97954648399997,-12.019299729999943],[-74.98966460999992,-12.017399728999976],[-74.99452623399992,-12.018921604999946],[-74.99637698499993,-12.020840979999946],[-74.99853885899995,-12.020836604999943],[-75.00059510999989,-12.01913210499987],[-75.00606048399993,-12.017806354999948],[-75.01036235899988,-12.015939479999929],[-75.01225623399989,-12.011231729999963],[-75.01577348499995,-12.011610604999873],[-75.02077885899996,-12.013287979999916],[-75.02259160899985,-12.012286979999885],[-75.02103735899993,-12.007529354999974],[-75.02217310899994,-12.004912229999945],[-75.02508648399993,-12.003973979999955],[-75.02681473399997,-12.002196354999967],[-75.03017248499992,-12.002344479999977],[-75.03313460899989,-12.001395603999981],[-75.03609348399993,-11.999251979999883],[-75.04022848499994,-11.999251979999883],[-75.0439296099999,-11.99837422999991],[-75.04754235999997,-11.998558979999927],[-75.04926323399997,-11.999849604999952],[-75.04826010899995,-12.002990979999879],[-75.0481544839999,-12.007139354999936],[-75.04705260999987,-12.011563604999878],[-75.05039635899993,-12.013070229999926],[-75.05350348399998,-12.01539310499993],[-75.06064710899989,-12.021966104999876],[-75.06231348499983,-12.024167854999973],[-75.06523260899996,-12.025405229999933],[-75.06744210899996,-12.03112197999991],[-75.06734835999993,-12.036154604999922],[-75.07184573399991,-12.036622979999947],[-75.07472485899984,-12.037975979999885],[-75.07539235899998,-12.04016485499983],[-75.0773887339999,-12.041872978999947],[-75.07931923499984,-12.046218979999878],[-75.08273473499997,-12.050312604999931],[-75.08573948399999,-12.051366229999928],[-75.08605448399999,-12.054830603999847],[-75.08457423499988,-12.056216354999947],[-75.07460660999999,-12.060146729999872],[-75.07378735899988,-12.06874960499988],[-75.07097335999993,-12.07213597999987],[-75.06949485899992,-12.075522354999919],[-75.07007585899993,-12.08291085499991],[-75.06875248399996,-12.08598872999994],[-75.06584160899996,-12.089481729999932],[-75.06581548399993,-12.093871104999948],[-75.06991685899993,-12.098796479999976],[-75.07130760899997,-12.102386479999893],[-75.06884573399992,-12.106232854999917],[-75.06911198399996,-12.108843729999933],[-75.07094685999988,-12.112932979999925],[-75.07055373499998,-12.114060104999908],[-75.06512773399999,-12.11529210499998],[-75.06508160899989,-12.11814722999992],[-75.06712573399983,-12.121096854999905],[-75.06772060999992,-12.125950229999944],[-75.06787873399998,-12.128647604999912],[-75.0631483599999,-12.133477729999981],[-75.06291973499998,-12.134715979999953],[-75.06474523499998,-12.139182979999873],[-75.06733260999988,-12.142158604999963],[-75.06901448399998,-12.142857229999947],[-75.07423435899995,-12.142476854999927],[-75.07660648399991,-12.143794729999968],[-75.07694535899998,-12.147145729999977],[-75.07449685899996,-12.151665729999934],[-75.07445810899998,-12.155656229999977],[-75.0726206089999,-12.15779997999988],[-75.06715923399992,-12.159382229999892],[-75.05971023399991,-12.162916479999922],[-75.0557179839999,-12.165226729999858],[-75.05197085899994,-12.16468585499996],[-75.04957760999997,-12.16629735499987],[-75.04832723499999,-12.170329729999935],[-75.05039035899989,-12.175581354999963],[-75.05099335899996,-12.178641104999883],[-75.05376410899999,-12.18763935499993],[-75.05119298499994,-12.197549104999894],[-75.04935660999996,-12.201342979999936],[-75.05228873499993,-12.205222854999874],[-75.05480610999996,-12.205341354999916],[-75.05845773399994,-12.205369479999945],[-75.05917273399996,-12.205775479999943],[-75.05979060899989,-12.211953604999906],[-75.06313710999996,-12.220911979999926],[-75.06849698399998,-12.227181604999885],[-75.07012710999999,-12.22987247999987],[-75.07162785899999,-12.235202604999927],[-75.07446373499988,-12.235641979999968],[-75.07961223399991,-12.23430322999991],[-75.08550960999997,-12.236727729999814],[-75.09029085999998,-12.241274604999944],[-75.09238048399999,-12.244445604999953],[-75.09165960999991,-12.249336729999982],[-75.09268935899996,-12.250469479999936],[-75.10044710899996,-12.25110060499992],[-75.10016748399988,-12.254457479999928],[-75.10107248399999,-12.258178104999956],[-75.10398873399998,-12.26541810499998],[-75.10522148399991,-12.271142229999953],[-75.10418873399993,-12.27832785499993],[-75.09845423399997,-12.282563229999823],[-75.09824923399998,-12.283603729999925],[-75.10374748399988,-12.295117729999959],[-75.1104362339999,-12.303464854999959],[-75.11619748399983,-12.307496854999954],[-75.12045685899989,-12.308000229999948],[-75.12393323399994,-12.317814354999825],[-75.12675498499993,-12.323717229999886],[-75.13047998399992,-12.328569979999884],[-75.12934985899994,-12.334359979999931],[-75.13051998399993,-12.33554997999994],[-75.13520998399997,-12.335269980999954],[-75.13855998399993,-12.33850997999997],[-75.14022998399992,-12.342099979999887],[-75.13823998399994,-12.347219979999977],[-75.1366099849999,-12.349129979999873],[-75.13503998399995,-12.355989979999947],[-75.1353499839999,-12.359759979999865],[-75.13313998499984,-12.367329854999923],[-75.1335699849999,-12.37193997999998],[-75.13100998499982,-12.378499854999916],[-75.1357999839999,-12.380589979999911],[-75.13671398499997,-12.383070979999957],[-75.14083998499996,-12.386999979999871],[-75.1434299849999,-12.392659979999848],[-75.14686998399998,-12.395549979999942],[-75.14942998399994,-12.39624997999988],[-75.15414098399992,-12.395699229999934],[-75.15795998499988,-12.393709979999926],[-75.16459710999999,-12.389082104999943],[-75.16937998399993,-12.379559979999954],[-75.17601998499998,-12.372579979999955],[-75.18001998399996,-12.365419980999945],[-75.18062998499988,-12.36232997999997],[-75.18236998499998,-12.360279979999973],[-75.1853094839999,-12.36279310499998],[-75.1867264839999,-12.366529230999959],[-75.19263323499996,-12.367128729999934],[-75.19445610899999,-12.368590229999938],[-75.20181573499997,-12.377106479999895],[-75.20789248499995,-12.383485479999933],[-75.21096998399997,-12.38530998099992],[-75.21722623499988,-12.388481979999938],[-75.22008460899997,-12.390454604999888],[-75.21525360999993,-12.39484272999988],[-75.21477048499992,-12.398586854999962],[-75.21742760999996,-12.401892979999957],[-75.21722623499988,-12.407176979999974],[-75.2154531089999,-12.409275354999977],[-75.21393348499993,-12.413890729999935],[-75.21490010999997,-12.420620104999841],[-75.21856923399997,-12.428800979999949],[-75.2232817339999,-12.435529479999957],[-75.22348810999995,-12.439077354999938],[-75.2195817349999,-12.446890229999951],[-75.21487273499991,-12.451838229999908],[-75.21309560999998,-12.456305854999925],[-75.21322648399996,-12.458864355999935],[-75.21551535899988,-12.463421104999952],[-75.21767373399996,-12.465083104999962],[-75.22303323499995,-12.467068354999924],[-75.22522035999998,-12.472762104999958],[-75.22735985899999,-12.474916480999923],[-75.22964898499993,-12.475571854999885],[-75.23225985899995,-12.474447729999952],[-75.23371035899999,-12.470603979999964],[-75.23623385999997,-12.469670354999835],[-75.23846735899997,-12.470308480999961],[-75.2419769849999,-12.466421729999979],[-75.24287610899995,-12.464246354999943],[-75.24651060899993,-12.46273535499995],[-75.25187723399995,-12.462880354999982],[-75.25949735899997,-12.464644479999833],[-75.26586110899996,-12.467213354999842],[-75.27178473399994,-12.467340479999962],[-75.27388785899996,-12.466288854999902],[-75.27835898399996,-12.467830480999908],[-75.27998948499993,-12.47375210499996],[-75.28652835999998,-12.474627854999937],[-75.2888182349999,-12.475504979999869],[-75.29331010999994,-12.479251354999974],[-75.29766448399988,-12.485247604999927],[-75.30118235899994,-12.485370104999959],[-75.30214073399998,-12.480480980999914],[-75.30671660999997,-12.480512854999972],[-75.30948748499998,-12.479127479999931],[-75.31173785899995,-12.482800855999926],[-75.31388885899992,-12.484455354999966],[-75.32218710999996,-12.485737854999911],[-75.32473998399996,-12.485502104999966],[-75.32275923499998,-12.494446479999965],[-75.32013210999992,-12.498515604999966],[-75.31867573499994,-12.503424480999968],[-75.31832998499993,-12.510017604999973]]]},"properties":{"ubigeo":"110100","nombre":"HUANCAYO"}},{"type":"Feature","geometry":{"type":"Polygon","coordinates":[[[-75.45996998499993,-12.079959979999899],[-75.46355010999997,-12.079329978999908],[-75.46699998499997,-12.080269979999969],[-75.46909998499996,-12.082269978999932],[-75.47050998499992,-12.085319979999952],[-75.47459998499994,-12.091949978999878],[-75.47431998499997,-12.10006997999983],[-75.47812998399996,-12.104740104999962],[-75.48071998499995,-12.105499979999934],[-75.48489998499997,-12.10814997999995],[-75.4866199839999,-12.111669978999942],[-75.49398998499998,-12.114559979999967],[-75.49957998399992,-12.115529979999906],[-75.50776998499998,-12.11975997999997],[-75.51334998499988,-12.119379979999962],[-75.51820998499994,-12.121729979999884],[-75.51794998499992,-12.126589979999949],[-75.52280998499998,-12.131279979999931],[-75.52594998499995,-12.137139979999972],[-75.52957998399995,-12.140189979999889],[-75.53239010999994,-12.14569997999996],[-75.53116998499996,-12.152929979999897],[-75.52714998499994,-12.159319979999964],[-75.52567998499984,-12.163689979999958],[-75.52706003999998,-12.168460017999962],[-75.52911003999998,-12.17141001799996],[-75.53243003999995,-12.182020017999946],[-75.5318703719999,-12.18476976699992],[-75.53620693199997,-12.187350634999973],[-75.5379739849999,-12.18516472999994],[-75.54123073499989,-12.183611479999911],[-75.54669198499994,-12.183461104999935],[-75.5487462339999,-12.181006104999938],[-75.54950323499992,-12.175315979999937],[-75.55126685999994,-12.174275104999879],[-75.55543010999997,-12.1741594799999],[-75.55843698499996,-12.170198604999939],[-75.56382610999992,-12.168208979999974],[-75.56930548499997,-12.163265354999908],[-75.57219898499983,-12.159530104999874],[-75.57565373499995,-12.15771972999994],[-75.5828777349999,-12.155457604999981],[-75.5858628609999,-12.145148969999866],[-75.5952127349999,-12.144380354999953],[-75.59925910999993,-12.146518979999883],[-75.60465885999997,-12.146956854999871],[-75.60896398499995,-12.146372979999967],[-75.61206523499993,-12.144767854999941],[-75.61757435999994,-12.144402854999953],[-75.62169710999984,-12.140207229999817],[-75.62752348499998,-12.141740229999982],[-75.62872135999999,-12.138424604999955],[-75.6270149849999,-12.13482772999987],[-75.63038973499994,-12.12805510499993],[-75.63741585999992,-12.123194479999938],[-75.63882485999989,-12.120860479999976],[-75.63746948499994,-12.11766997999996],[-75.63454448499994,-12.115006479999977],[-75.63775623499993,-12.114184854999905],[-75.64466460999984,-12.108415979999904],[-75.65473560999999,-12.102732354999944],[-75.65675410999995,-12.097334229999944],[-75.65937535999996,-12.093897353999978],[-75.66358185999991,-12.090926729999865],[-75.66672598499997,-12.089603979999936],[-75.67327435999994,-12.085200104999956],[-75.67992710999988,-12.082808604999968],[-75.68822185999989,-12.082133479999982],[-75.68732548499997,-12.077305229999979],[-75.68469448499997,-12.071262604999902],[-75.68171435999989,-12.067200604999812],[-75.67672898499995,-12.066360604999943],[-75.67382410999994,-12.058349104999934],[-75.68238273499992,-12.052843229999894],[-75.68522885999988,-12.05220122999998],[-75.68927335999996,-12.047299603999875],[-75.69430473499995,-12.042691354999874],[-75.69280435999997,-12.041065104999973],[-75.68766648499997,-12.038948604999916],[-75.68307485999992,-12.035979478999934],[-75.68478510999995,-12.031555854999908],[-75.68513885999988,-12.023845728999959],[-75.68785698499983,-12.016597229999832],[-75.68772898499998,-12.013449229999935],[-75.68652598499983,-12.012521104999962],[-75.68312335999991,-12.01324285499993],[-75.67741085999995,-12.00894610499995],[-75.67562823499998,-12.00824772999988],[-75.66751048499998,-12.008705354999904],[-75.66304685999995,-12.008324229999914],[-75.65652535999993,-12.008665979999932],[-75.65141460999985,-12.011353354999926],[-75.64653135999993,-12.016869729999883],[-75.63781260999991,-12.020209104999878],[-75.62828623499996,-12.02125747999986],[-75.62276448499995,-12.022297229999936],[-75.61977123499992,-12.021196104999945],[-75.61251510999995,-12.016336603999946],[-75.61181810999994,-12.014709479999965],[-75.6123257349999,-12.011212354999884],[-75.60979335999991,-12.007509229999926],[-75.59979948499989,-12.00378360499991],[-75.5918528599999,-12.001181979999956],[-75.58803710999996,-12.000380854999946],[-75.57974998499992,-12.002019979999943],[-75.57692998499994,-12.006579978999923],[-75.57744998499999,-12.010169978999954],[-75.57527998499995,-12.012199979999878],[-75.57041998499989,-12.015299979999952],[-75.56571998499993,-12.016319979999878],[-75.56321998499993,-12.016099979999979],[-75.55728998499995,-12.021039979999898],[-75.55371998499993,-12.023109979999901],[-75.5520899849999,-12.022389979999957],[-75.54752998499998,-12.025509979999981],[-75.54335998499994,-12.02725997999994],[-75.53931998499996,-12.026869979999901],[-75.53468998499994,-12.027249979999965],[-75.52333998499995,-12.022079979999944],[-75.52122010999994,-12.019569978999925],[-75.51563998499995,-12.016689979999967],[-75.51237998499994,-12.014099979999969],[-75.51103998499997,-12.011949979999883],[-75.50831010999997,-12.009949979999874],[-75.50184998499998,-12.010199979999982],[-75.48950998399994,-12.007459979999908],[-75.48430998499998,-12.000949979999973],[-75.4795899849999,-11.996709979999878],[-75.47304998499993,-11.996249979999902],[-75.47121985999996,-11.991329978999886],[-75.47613998399999,-11.98937997999991],[-75.47631998499998,-11.984239979999813],[-75.47856998499998,-11.98365997999997],[-75.48213998499995,-11.98111997999996],[-75.48459998399994,-11.97800997999991],[-75.48926998499996,-11.974479979999956],[-75.4911199849999,-11.971789979999869],[-75.49828998499993,-11.96816997999997],[-75.49926998499996,-11.96640997999998],[-75.4971999849999,-11.962939978999941],[-75.49668998499999,-11.95807997999998],[-75.49353110999994,-11.955169729999966],[-75.48923010999994,-11.949033604999954],[-75.48587748399984,-11.946738229999937],[-75.48317973499991,-11.942467353999973],[-75.48233460899996,-11.93811785399987],[-75.47920860999994,-11.93552847999996],[-75.47388060899993,-11.934497229999977],[-75.46465673499995,-11.934669104999898],[-75.46207860999988,-11.935814854999933],[-75.46001623499996,-11.938278354999909],[-75.45519435899996,-11.949922479999941],[-75.45252773399994,-11.953133979999961],[-75.45228710999993,-11.958591854999895],[-75.4388277349999,-11.956520104999981],[-75.43387860999997,-11.955224604999898],[-75.43121860999997,-11.95323247999994],[-75.43072985899994,-11.948546729999975],[-75.42682998399994,-11.946526729999846],[-75.42436998499994,-11.944266729999981],[-75.4181499849999,-11.943646728999852],[-75.41540998399995,-11.94118672999997],[-75.4142799849999,-11.937056729999938],[-75.41254998399995,-11.934426729999927],[-75.40998310899982,-11.935392104999949],[-75.40773873499995,-11.934386479999887],[-75.40835073499994,-11.926593604999937],[-75.40684173399995,-11.92448297899989],[-75.40366210899998,-11.92403760499991],[-75.40046323499996,-11.922422479999852],[-75.39798560999986,-11.923143729999936],[-75.39308198499992,-11.926054729999919],[-75.39035735999994,-11.922755854999878],[-75.38543685899992,-11.918603854999901],[-75.38252985999992,-11.91689985499994],[-75.37630998399999,-11.915069978999895],[-75.37447998499994,-11.911279979999847],[-75.36646998399993,-11.907179978999977],[-75.36354985899999,-11.90697997999996],[-75.3618399849999,-11.903789979999885],[-75.35786248499988,-11.900304354999946],[-75.36047585999995,-11.89688297999993],[-75.36368360999995,-11.894303229999935],[-75.36636635999997,-11.894690103999949],[-75.36787898499989,-11.89656222899987],[-75.37069473399998,-11.895146854999894],[-75.37269660999988,-11.892497353999886],[-75.37450860999996,-11.892357979999929],[-75.37780560999994,-11.890138479999962],[-75.38146310999997,-11.885988478999934],[-75.38441360999991,-11.885321979999958],[-75.38885435899994,-11.882670978999897],[-75.39187698399996,-11.882411979999972],[-75.39225935999991,-11.880518479999978],[-75.4009949849999,-11.874244479999902],[-75.39392823499998,-11.872504479999918],[-75.37869435999994,-11.8643052299999],[-75.37432998499997,-11.863839978999863],[-75.37068148499998,-11.868078729999922],[-75.3668614849999,-11.868311604999917],[-75.36252873399997,-11.864771104999875],[-75.36033935999984,-11.86393247999996],[-75.35321285999993,-11.862664104999908],[-75.34524523499988,-11.859134104999953],[-75.34037098499994,-11.85870722999988],[-75.33655223499989,-11.856848228999922],[-75.33378298499997,-11.858712854999908],[-75.32982098499991,-11.858626478999952],[-75.32691985899993,-11.857496104999882],[-75.32374998499995,-11.855115229999967],[-75.31986360999991,-11.853615229999946],[-75.31626260999997,-11.855447854999966],[-75.3132081089999,-11.85814860399995],[-75.31092535899995,-11.857601978999924],[-75.31066810899989,-11.856155229999956],[-75.31269373499998,-11.851846854999906],[-75.31234010999992,-11.849788979999971],[-75.30642798499997,-11.838185604999865],[-75.3052668599999,-11.830971603999899],[-75.30106973499994,-11.82743910499994],[-75.29348698399991,-11.824690354999973],[-75.28964835999994,-11.822889478999912],[-75.28092823499998,-11.816159853999977],[-75.27315585899993,-11.812984604999883],[-75.26623498399994,-11.812497978999943],[-75.2697559849999,-11.80028360499989],[-75.26424135999997,-11.794818229999976],[-75.26244060999994,-11.790563353999971],[-75.25919923499998,-11.788102354999921],[-75.25545898499996,-11.78632035499993],[-75.25123610999987,-11.787562104999893],[-75.24307298499997,-11.783260478999978],[-75.2375707349999,-11.780839478999951],[-75.23444960899997,-11.774036853999917],[-75.23627998499995,-11.769499979999978],[-75.23528998499995,-11.767519979999918],[-75.22898998499994,-11.76445997999997],[-75.22383998499998,-11.765599979999877],[-75.22105998499984,-11.764169979999963],[-75.21822998399989,-11.764709979999964],[-75.21661998399998,-11.767279978999966],[-75.21417998399988,-11.76719997999993],[-75.20725998499995,-11.771809978999954],[-75.20372998499982,-11.770749978999845],[-75.19699998399994,-11.775729978999948],[-75.1952399839999,-11.776449979999938],[-75.18692998399996,-11.776119978999873],[-75.18909998499998,-11.773749978999888],[-75.19388998399995,-11.770709979999822],[-75.19764998499983,-11.76352997899994],[-75.1981199839999,-11.759589978999884],[-75.20024998499991,-11.750639978999914],[-75.20131998499988,-11.74943997899993],[-75.1993652349999,-11.745123104999891],[-75.1990957349999,-11.74210347899998],[-75.1971348589999,-11.733680979999974],[-75.19713998499998,-11.731599978999895],[-75.19430998499996,-11.72635997999987],[-75.19303998399994,-11.718900104999932],[-75.19114998399988,-11.717999978999956],[-75.19229485999995,-11.707634729999882],[-75.19755685999985,-11.70022385499982],[-75.19994973399997,-11.698130103999972],[-75.20044660899993,-11.69490022899987],[-75.20289135999997,-11.692183853999893],[-75.20847373399994,-11.689654853999912],[-75.21079435999991,-11.689328854999928],[-75.21260010999993,-11.683969229999946],[-75.21446898499994,-11.681307478999884],[-75.21384085999989,-11.677700854999898],[-75.21439073499994,-11.675480479999976],[-75.22025673399997,-11.671737603999816],[-75.22123385999993,-11.668080229999873],[-75.22420998399997,-11.66403647899989],[-75.22409810899995,-11.661176478999948],[-75.2184362349999,-11.655335603999845],[-75.21313285999997,-11.652343353999981],[-75.21230860999998,-11.64967372999996],[-75.21730748499994,-11.63763347999992],[-75.21614235899989,-11.631433853999908],[-75.21311135999997,-11.628408229999934],[-75.21156048399996,-11.624857479999946],[-75.20707223499994,-11.626076479999938],[-75.20322010899991,-11.625740604999919],[-75.19900960899997,-11.626815603999887],[-75.19491598399992,-11.625310604999981],[-75.19487223499993,-11.623324854999964],[-75.19719985999996,-11.619214104999855],[-75.19810548499993,-11.615949728999965],[-75.19795798399997,-11.60664122999998],[-75.20263410899992,-11.599202103999971],[-75.19715198499983,-11.595139854999957],[-75.19307273399988,-11.591001478999942],[-75.18926760899996,-11.590902354999969],[-75.18737035899989,-11.588628853999978],[-75.18585860999997,-11.58283022899991],[-75.18754623499996,-11.579884603999915],[-75.18812923499996,-11.576785479999899],[-75.18656360899985,-11.573279479999883],[-75.17748848399992,-11.570927978999919],[-75.17578735899997,-11.567161854999881],[-75.17321498399991,-11.565113728999904],[-75.17209960899999,-11.561501979999946],[-75.17266460999991,-11.557239978999974],[-75.16992660999995,-11.55159360499988],[-75.16422660999996,-11.54751322899989],[-75.16274723399994,-11.545104354999978],[-75.16345948399999,-11.536221603999877],[-75.16013773499998,-11.533585229999971],[-75.15781373399994,-11.533521478999944],[-75.15373273499989,-11.531434978999869],[-75.15168360899997,-11.528744103999884],[-75.14743685999997,-11.527763979999975],[-75.14450435999998,-11.525909104999812],[-75.13377998399994,-11.523669979999909],[-75.13279998499996,-11.524339979999922],[-75.13016998399996,-11.52137997899996],[-75.13020998399998,-11.519369979999908],[-75.12800760999983,-11.51475185399994],[-75.12360035899997,-11.512063978999834],[-75.11509960999996,-11.511871104999955],[-75.11280173399996,-11.509243978999905],[-75.10987885999998,-11.507669978999957],[-75.10827523399996,-11.505666979999887],[-75.1041704839999,-11.504758104999837],[-75.10124023499992,-11.5014388539999],[-75.10099285899997,-11.498350103999883],[-75.09827360999998,-11.496740229999887],[-75.09514085999984,-11.49647897899996],[-75.08996748499999,-11.497312479999891],[-75.08696648499995,-11.496719729999882],[-75.0814787349999,-11.492016728999943],[-75.07658710999993,-11.491525103999948],[-75.0729448599999,-11.492947353999966],[-75.06719360899996,-11.489140978999956],[-75.06195710899993,-11.486892603999934],[-75.05844510999992,-11.480973978999941],[-75.05946648499997,-11.475867603999973],[-75.05535510899989,-11.470813603999943],[-75.05265785899991,-11.470368354999948],[-75.04724835899998,-11.474269104999962],[-75.04139885999996,-11.474269103999859],[-75.03991610999992,-11.473250728999972],[-75.03561135899992,-11.472789103999958],[-75.03499485999998,-11.46960822899996],[-75.03599785999984,-11.461772853999946],[-75.03278323399996,-11.455054729999972],[-75.02684998399991,-11.453110228999947],[-75.02298710999997,-11.453093853999917],[-75.02195023399997,-11.450070854999979],[-75.01616760999997,-11.446438978999879],[-75.0123324839999,-11.446327228999962],[-75.01090685899999,-11.44447597899989],[-75.01057048499996,-11.440167229999929],[-75.00820560899996,-11.436875229999941],[-75.00404010999995,-11.434566103999941],[-75.00352448499996,-11.431256978999954],[-75.00055660899989,-11.427013853999881],[-74.9990127349999,-11.427013853999881],[-74.99309373499989,-11.430746104999969],[-74.99019185899994,-11.434776228999965],[-74.98577148399994,-11.439753853999889],[-74.98292760899994,-11.439855103999946],[-74.97293748399989,-11.438175978999823],[-74.96549485899993,-11.443390479999948],[-74.96232160899996,-11.450096103999954],[-74.96252523399988,-11.452490979999936],[-74.95702898399998,-11.454538479999883],[-74.95508435999994,-11.456357478999962],[-74.9507558599999,-11.462693353999953],[-74.94651835999997,-11.462353478999944],[-74.94211635899995,-11.463257728999963],[-74.93497798399989,-11.465994103999947],[-74.93264610999995,-11.468421103999958],[-74.93211710899988,-11.473854978999952],[-74.92311123499991,-11.475675103999947],[-74.92033748499989,-11.477622853999947],[-74.91494923399995,-11.480023478999897],[-74.91598310899997,-11.488218228999926],[-74.91951148499993,-11.491410103999954],[-74.92369248399996,-11.491909853999914],[-74.92861923399994,-11.493547853999928],[-74.93251985999996,-11.497614228999907],[-74.93666273399992,-11.499691978999977],[-74.94471910999994,-11.499504479999928],[-74.95188723399997,-11.501430978999963],[-74.95414285899994,-11.503947353999877],[-74.95146935899999,-11.510368478999965],[-74.94900310899999,-11.513655603999894],[-74.94767573499996,-11.517046979999918],[-74.95088298399992,-11.520270478999919],[-74.95566560899988,-11.526242853999975],[-74.96209185899994,-11.527453978999915],[-74.96304198399986,-11.528265478999913],[-74.96330385999994,-11.533048228999974],[-74.96268023399995,-11.536489978999953],[-74.96412048399992,-11.538270603999933],[-74.96668673499988,-11.54390060499992],[-74.96822923399998,-11.54563547999993],[-74.97432060999995,-11.549775728999862],[-74.97496173399998,-11.550761728999817],[-74.9752832339999,-11.563099603999945],[-74.97094898399996,-11.571098104999976],[-74.96694860999997,-11.572653853999896],[-74.95887885899992,-11.572718728999973],[-74.94877498399995,-11.568123479999883],[-74.94529223399991,-11.566080979999981],[-74.94148173499997,-11.564873478999914],[-74.94227110899999,-11.558608229999948],[-74.94032660899995,-11.55561860399996],[-74.93268160999997,-11.55589447899996],[-74.93206273399989,-11.554378979999967],[-74.93322948399998,-11.549712228999908],[-74.93267035899999,-11.54864297999984],[-74.92690998399996,-11.54613935499998],[-74.92309398399988,-11.540670728999942],[-74.92083360999999,-11.535590854999839],[-74.91967210899992,-11.531405978999942],[-74.91707885999995,-11.528412354999887],[-74.9144698589999,-11.529036228999928],[-74.91063685899991,-11.528548978999936],[-74.90763710899995,-11.52951322899986],[-74.90474598399993,-11.532192103999819],[-74.90034698399995,-11.534366353999928],[-74.89669535899998,-11.537051853999913],[-74.89095185999992,-11.537661604999926],[-74.88691873499988,-11.538678728999969],[-74.88029785899994,-11.54258710399995],[-74.87785298399996,-11.545478103999812],[-74.87251710899989,-11.548815353999885],[-74.87149985899993,-11.554008479999936],[-74.86778785999991,-11.555186353999886],[-74.85936460899995,-11.558933979999892],[-74.85768698399994,-11.56223547899998],[-74.84969210899999,-11.562574603999963],[-74.84603360899996,-11.566304479999928],[-74.84387423399988,-11.572711228999935],[-74.84036760899994,-11.575711978999891],[-74.83850260899999,-11.576030478999883],[-74.83564710999997,-11.574656354999945],[-74.83271098399996,-11.574765604999925],[-74.82904423399998,-11.579581729999973],[-74.82156698499989,-11.58511397999996],[-74.82024623399997,-11.588361978999956],[-74.81580273499992,-11.588415478999934],[-74.81000260899998,-11.587255479999953],[-74.80827160899992,-11.58839772899995],[-74.80707585899995,-11.591984729999922],[-74.80488673399992,-11.594382853999946],[-74.79708223399996,-11.59428685399996],[-74.79495685899997,-11.595220728999891],[-74.78914460899995,-11.602365728999814],[-74.7862674839999,-11.603459728999894],[-74.78294823399989,-11.603156353999964],[-74.77914698499995,-11.600229604999981],[-74.77443560899997,-11.60105047899998],[-74.77166948499996,-11.599997603999896],[-74.76947310899999,-11.597836479999955],[-74.76600948399994,-11.598400478999906],[-74.76349385899994,-11.602556854999818],[-74.76349373399995,-11.606286728999976],[-74.7625046089999,-11.611162729999819],[-74.76115123399995,-11.611855103999972],[-74.75749760899998,-11.608053479999967],[-74.75262260899984,-11.608267354999953],[-74.74991598399998,-11.605560854999965],[-74.74757585899988,-11.605186978999939],[-74.74247848399995,-11.606201228999907],[-74.73562810899995,-11.60678822899996],[-74.72972598399991,-11.61102072899996],[-74.72831523399992,-11.612052103999929],[-74.72514173399998,-11.613998478999974],[-74.72481448399998,-11.61759735499993],[-74.72543873399997,-11.62728822899993],[-74.72692973399995,-11.632763353999962],[-74.72311673399992,-11.639216228999885],[-74.72245673399993,-11.640878354999927],[-74.72209010899991,-11.643615979999936],[-74.72221235899997,-11.645058104999976],[-74.72190498399993,-11.651073728999904],[-74.72089248399993,-11.65263535399987],[-74.71831460899989,-11.653679603999933],[-74.71791835899995,-11.65723210499982],[-74.71817923399988,-11.659919229999844],[-74.7210146089999,-11.664661103999947],[-74.72462810999991,-11.666632728999957],[-74.72914810999998,-11.66736385399986],[-74.73058698399996,-11.6705912299999],[-74.73393598499985,-11.672021979999897],[-74.73680385899996,-11.674873603999913],[-74.73892485899995,-11.67970147899996],[-74.74125685899992,-11.686711854999942],[-74.74110860899998,-11.690461229999926],[-74.7437653589999,-11.701441729999942],[-74.74479223499998,-11.703398104999906],[-74.74817110899994,-11.702089353999895],[-74.75268760899996,-11.70316072999998],[-74.75664185899996,-11.704849603999946],[-74.76102023399994,-11.705420603999926],[-74.76532698399996,-11.707609729999945],[-74.7665312339999,-11.71005472999991],[-74.76792060899993,-11.71757972999984],[-74.77132323399991,-11.721267854999894],[-74.77417873399992,-11.722505228999978],[-74.77532073399993,-11.726098229999877],[-74.7748686089999,-11.734259728999973],[-74.77553485899995,-11.736329854999951],[-74.77777273399994,-11.738451478999878],[-74.77873998499996,-11.74119997999992],[-74.77602998399988,-11.746539978999976],[-74.77233998399993,-11.757439978999912],[-74.76999998399998,-11.762349979999897],[-74.77533998399991,-11.764359979999938],[-74.78754998399995,-11.76596997899992],[-74.79071998399996,-11.765469979999978],[-74.7932899839999,-11.76622985399996],[-74.79930998399982,-11.76563997999989],[-74.80441998399994,-11.76639997899997],[-74.80849998399992,-11.764289979999944],[-74.81737998399996,-11.762249978999876],[-74.83141010999998,-11.76650997899992],[-74.83528998399998,-11.766389979999872],[-74.83860998399996,-11.762869979999948],[-74.84026998399992,-11.763159978999965],[-74.84426998399994,-11.766119979999928],[-74.84581998399995,-11.770929978999902],[-74.8494199839999,-11.773699978999957],[-74.8553999849999,-11.775149978999934],[-74.85884998399996,-11.77532997999998],[-74.86518998399998,-11.777419853999959],[-74.86889998399994,-11.777469978999932],[-74.86751998399996,-11.783769979999931],[-74.86439998499992,-11.78662997899994],[-74.85752998399994,-11.790689979999968],[-74.85551735999991,-11.793258729999877],[-74.85412023399988,-11.798037104999935],[-74.85096373399995,-11.802270729999918],[-74.85402310899991,-11.803538604999915],[-74.85473423399998,-11.805929104999905],[-74.85683248499993,-11.807718853999972],[-74.85828273399994,-11.810619353999869],[-74.86115248399989,-11.813149604999978],[-74.86528723399988,-11.815031978999912],[-74.87000073399997,-11.82153272999983],[-74.87373660899988,-11.824744978999945],[-74.87599460899992,-11.83015185499994],[-74.87997885899989,-11.833270229999926],[-74.88535873399996,-11.835595979999937],[-74.88493035899995,-11.841027979999922],[-74.88547760899996,-11.843336104999935],[-74.88793623399988,-11.846296604999964],[-74.8919039839999,-11.843739354999911],[-74.89651773499992,-11.841886354999929],[-74.90458373399991,-11.842089604999956],[-74.90924860899997,-11.843240854999976],[-74.91278085899995,-11.847171104999916],[-74.92148623499992,-11.846087103999935],[-74.92535435899998,-11.84465485499993],[-74.92530073399996,-11.842419603999872],[-74.92810273499998,-11.8369561049999],[-74.92994985999997,-11.835335854999869],[-74.93986460999997,-11.837205979999965],[-74.94605273399998,-11.829566354999827],[-74.94930360899991,-11.827123229999927],[-74.95141498399988,-11.826726729999962],[-74.95521423399992,-11.829573104999952],[-74.95676660999993,-11.83726847999992],[-74.9613056099999,-11.843231354999887],[-74.96606623399998,-11.844662104999884],[-74.96839635899994,-11.844516354999826],[-74.97137910999999,-11.840146604999916],[-74.97631998499998,-11.835260104999918],[-74.97710148399989,-11.831907354999885],[-74.98145148399993,-11.826968479999891],[-74.98688560999994,-11.823367978999954],[-74.98925460899994,-11.819888104999904],[-74.99294998499988,-11.81692460399995],[-74.99528198399992,-11.81643547899995],[-75.00030798399996,-11.8180031039999],[-75.00485273399994,-11.820049479999852],[-75.01072810899996,-11.819800229999942],[-75.01560373399997,-11.821251853999968],[-75.02067573399995,-11.82521360499993],[-75.02379323499997,-11.828948603999947],[-75.02820110999988,-11.836137979999819],[-75.03222110899998,-11.846703479999974],[-75.03571910899996,-11.848692104999827],[-75.03701298499988,-11.851135854999939],[-75.04094223499993,-11.855280728999901],[-75.04511323399998,-11.856550354999968],[-75.04756410999988,-11.864854729999877],[-75.04991973499995,-11.86773385399988],[-75.05088523399996,-11.875957479999954],[-75.05751023499994,-11.880650104999916],[-75.06248585999998,-11.888961103999975],[-75.0667939839999,-11.885660854999912],[-75.07108273499995,-11.880916979999881],[-75.07261610899997,-11.877370854999924],[-75.07349223499989,-11.872558478999963],[-75.07605923399996,-11.862798729999952],[-75.08260323399998,-11.855057853999938],[-75.08383010899996,-11.849971854999922],[-75.08690710999997,-11.846298479999916],[-75.0897037339999,-11.844008979999955],[-75.08863298399996,-11.837941354999884],[-75.08975173399989,-11.835620228999971],[-75.09218698399997,-11.834144229999879],[-75.09490210899997,-11.834502478999923],[-75.10450698399995,-11.832697603999975],[-75.10943548499995,-11.8341641049999],[-75.11108198499994,-11.835540853999873],[-75.1179762349999,-11.835439228999917],[-75.11975848399993,-11.837202229999946],[-75.12207998399998,-11.842945729999883],[-75.12422148499991,-11.84380235499998],[-75.1292817339999,-11.842238854999948],[-75.13314323399993,-11.839261353999973],[-75.13865035999987,-11.836345729999948],[-75.14398298499992,-11.832625603999816],[-75.14901698499989,-11.824505354999928],[-75.15119248499997,-11.822835729999895],[-75.15679548499992,-11.822266728999978],[-75.16054498499989,-11.820662604999939],[-75.16270235999997,-11.811249853999982],[-75.1661689849999,-11.80472935499995],[-75.17239848399993,-11.79765822999991],[-75.17666223399993,-11.79623110499989],[-75.1795009839999,-11.793303104999836],[-75.18283385999996,-11.794938103999925],[-75.18847648399992,-11.794489729999952],[-75.19871523399996,-11.794713979999926],[-75.20491823499998,-11.797142853999901],[-75.20985085899991,-11.797217604999958],[-75.21177585899994,-11.798385603999975],[-75.21408173399993,-11.803719354999942],[-75.21636760999996,-11.804782103999969],[-75.22102148499994,-11.804499979999889],[-75.22842260999982,-11.806260603999931],[-75.23458823399989,-11.805662729999824],[-75.2384101099999,-11.806861353999977],[-75.24060460999993,-11.809548979999931],[-75.24608348399994,-11.808571729999926],[-75.25070910999995,-11.809935604999964],[-75.25033010999994,-11.81724222899993],[-75.25254573499996,-11.822744728999908],[-75.25585435999989,-11.826215728999955],[-75.25842560899991,-11.830279854999958],[-75.26406298499995,-11.835277229999917],[-75.26546810999997,-11.83891360499996],[-75.2630651099999,-11.84273597999993],[-75.26230010899997,-11.846737353999913],[-75.26381523399988,-11.851338104999911],[-75.26990348499993,-11.859161854999968],[-75.27409085999994,-11.862302354999827],[-75.27461998399991,-11.863479979999909],[-75.2676904839999,-11.870091104999972],[-75.26660348399992,-11.873054729999978],[-75.27175585899994,-11.875572229999875],[-75.27776560899997,-11.876566354999909],[-75.28315223399989,-11.882499853999946],[-75.28807810999996,-11.884046854999951],[-75.29221998399998,-11.886219979999908],[-75.29488460899995,-11.887394478999909],[-75.29244923399995,-11.890187479999895],[-75.29105860999994,-11.893443353999942],[-75.29045898399994,-11.898154354999974],[-75.29082960899996,-11.901539979999882],[-75.29305273499989,-11.906259729999874],[-75.29412348499994,-11.910417604999907],[-75.29410010999993,-11.921654604999901],[-75.29756248399997,-11.925744104999978],[-75.31009760899991,-11.935333854999953],[-75.31277535999999,-11.938003104999893],[-75.30949323399994,-11.94099685499998],[-75.30489248499993,-11.942954229999941],[-75.30420485999997,-11.946257354999943],[-75.30248373399996,-11.94833947899997],[-75.29948823399997,-11.950144479999949],[-75.29532998399992,-11.958889979999867],[-75.29555748399991,-11.962108604999969],[-75.29266360999992,-11.965514353999879],[-75.28921110999988,-11.965532978999818],[-75.28733635999987,-11.969746479999912],[-75.28195298499998,-11.972291353999879],[-75.28099135999997,-11.975665478999929],[-75.28010260999997,-11.97753060499997],[-75.27920110999997,-11.980519478999895],[-75.28343948499992,-11.98276560499994],[-75.28610935999995,-11.982638729999906],[-75.29158598399994,-11.985326229999885],[-75.30395898499995,-11.98533985499995],[-75.30527923399995,-11.987978479999981],[-75.30734373399997,-11.99652535499996],[-75.31108785999999,-12.006509729999891],[-75.31444548399998,-12.008263729999896],[-75.32072460899991,-12.008308604999968],[-75.32506545199982,-12.00932662199989],[-75.32705278099985,-12.006929108999941],[-75.32895393899992,-12.008121313999936],[-75.33258721999994,-12.008649952999974],[-75.33705106699995,-12.013927212999874],[-75.34130964499997,-12.01575350999991],[-75.34636361199989,-12.02049295799992],[-75.34793754499998,-12.023014811999872],[-75.35303438099999,-12.025764795999919],[-75.35539415299996,-12.02777161299997],[-75.3572283549999,-12.028001889999928],[-75.37476761799991,-12.035123455999951],[-75.38178944699996,-12.03600162399988],[-75.38503574399988,-12.03832576799988],[-75.38703888699996,-12.03525744999996],[-75.38914657099991,-12.033704064999938],[-75.39049664399988,-12.039444604999915],[-75.39140998499988,-12.040029979999929],[-75.39612998399997,-12.040139979999879],[-75.40537998399998,-12.043629979999935],[-75.40772998499989,-12.045489979999957],[-75.41407003899991,-12.047790017999944],[-75.41597003899994,-12.049730017999877],[-75.41822073499998,-12.057304728999895],[-75.4208241469999,-12.059974504999843],[-75.42440430899995,-12.061079270999926],[-75.42880003899995,-12.063430017999849],[-75.43747003899983,-12.062540017999936],[-75.43861003899991,-12.061610017999897],[-75.44645003899996,-12.063340017999963],[-75.44840003899992,-12.064360017999945],[-75.45600003899995,-12.065100017999896],[-75.45991991999989,-12.066720063999924],[-75.45810998499996,-12.073439979999932],[-75.45837010999992,-12.07836997999982],[-75.45996998499993,-12.079959979999899]]]},"properties":{"ubigeo":"110200","nombre":"CONCEPCION"}},{"type":"Feature","geometry":{"type":"Polygon","coordinates":[[[-75.37630998399999,-11.915069978999895],[-75.38252985999992,-11.91689985499994],[-75.38543685899992,-11.918603854999901],[-75.39035735999994,-11.922755854999878],[-75.39308198499992,-11.926054729999919],[-75.39798560999986,-11.923143729999936],[-75.40046323499996,-11.922422479999852],[-75.40366210899998,-11.92403760499991],[-75.40684173399995,-11.92448297899989],[-75.40835073499994,-11.926593604999937],[-75.40773873499995,-11.934386479999887],[-75.40998310899982,-11.935392104999949],[-75.41254998399995,-11.934426729999927],[-75.4142799849999,-11.937056729999938],[-75.41540998399995,-11.94118672999997],[-75.4181499849999,-11.943646728999852],[-75.42436998499994,-11.944266729999981],[-75.42682998399994,-11.946526729999846],[-75.43072985899994,-11.948546729999975],[-75.43121860999997,-11.95323247999994],[-75.43387860999997,-11.955224604999898],[-75.4388277349999,-11.956520104999981],[-75.45228710999993,-11.958591854999895],[-75.45252773399994,-11.953133979999961],[-75.45519435899996,-11.949922479999941],[-75.46001623499996,-11.938278354999909],[-75.46207860999988,-11.935814854999933],[-75.46465673499995,-11.934669104999898],[-75.47388060899993,-11.934497229999977],[-75.47920860999994,-11.93552847999996],[-75.48233460899996,-11.93811785399987],[-75.48317973499991,-11.942467353999973],[-75.48587748399984,-11.946738229999937],[-75.48923010999994,-11.949033604999954],[-75.49353110999994,-11.955169729999966],[-75.49668998499999,-11.95807997999998],[-75.4971999849999,-11.962939978999941],[-75.49926998499996,-11.96640997999998],[-75.49828998499993,-11.96816997999997],[-75.4911199849999,-11.971789979999869],[-75.48926998499996,-11.974479979999956],[-75.48459998399994,-11.97800997999991],[-75.48213998499995,-11.98111997999996],[-75.47856998499998,-11.98365997999997],[-75.47631998499998,-11.984239979999813],[-75.47613998399999,-11.98937997999991],[-75.47121985999996,-11.991329978999886],[-75.47304998499993,-11.996249979999902],[-75.4795899849999,-11.996709979999878],[-75.48430998499998,-12.000949979999973],[-75.48950998399994,-12.007459979999908],[-75.50184998499998,-12.010199979999982],[-75.50831010999997,-12.009949979999874],[-75.51103998499997,-12.011949979999883],[-75.51237998499994,-12.014099979999969],[-75.51563998499995,-12.016689979999967],[-75.52122010999994,-12.019569978999925],[-75.52333998499995,-12.022079979999944],[-75.53468998499994,-12.027249979999965],[-75.53931998499996,-12.026869979999901],[-75.54335998499994,-12.02725997999994],[-75.54752998499998,-12.025509979999981],[-75.5520899849999,-12.022389979999957],[-75.55371998499993,-12.023109979999901],[-75.55728998499995,-12.021039979999898],[-75.56321998499993,-12.016099979999979],[-75.56571998499993,-12.016319979999878],[-75.57041998499989,-12.015299979999952],[-75.57527998499995,-12.012199979999878],[-75.57744998499999,-12.010169978999954],[-75.57692998499994,-12.006579978999923],[-75.57974998499992,-12.002019979999943],[-75.58803710999996,-12.000380854999946],[-75.5918528599999,-12.001181979999956],[-75.59979948499989,-12.00378360499991],[-75.60979335999991,-12.007509229999926],[-75.6123257349999,-12.011212354999884],[-75.61181810999994,-12.014709479999965],[-75.61251510999995,-12.016336603999946],[-75.61977123499992,-12.021196104999945],[-75.62276448499995,-12.022297229999936],[-75.62828623499996,-12.02125747999986],[-75.63781260999991,-12.020209104999878],[-75.64653135999993,-12.016869729999883],[-75.65141460999985,-12.011353354999926],[-75.65652535999993,-12.008665979999932],[-75.66304685999995,-12.008324229999914],[-75.66751048499998,-12.008705354999904],[-75.67562823499998,-12.00824772999988],[-75.67741085999995,-12.00894610499995],[-75.68312335999991,-12.01324285499993],[-75.68652598499983,-12.012521104999962],[-75.68772898499998,-12.013449229999935],[-75.68785698499983,-12.016597229999832],[-75.68513885999988,-12.023845728999959],[-75.68478510999995,-12.031555854999908],[-75.68307485999992,-12.035979478999934],[-75.68766648499997,-12.038948604999916],[-75.69280435999997,-12.041065104999973],[-75.69430473499995,-12.042691354999874],[-75.69518035999994,-12.044046354999978],[-75.70108598499996,-12.048161978999929],[-75.70486935999992,-12.047866604999967],[-75.70875723499984,-12.04539672999988],[-75.71673435999986,-12.046519479999972],[-75.72205373499997,-12.042666979999979],[-75.72785098499992,-12.04305772999993],[-75.73095585999988,-12.042080729999896],[-75.74217823499993,-12.036678103999975],[-75.7419309849999,-12.039755479999883],[-75.74305048499997,-12.0468351049999],[-75.74608573499995,-12.048428479999927],[-75.74849173499996,-12.050721729999964],[-75.75202560999998,-12.055383479999932],[-75.76025885999996,-12.0562857299999],[-75.76251448499988,-12.056999979999944],[-75.76566298499989,-12.059627354999975],[-75.76691298499998,-12.0583909799999],[-75.77649960999992,-12.051811979999911],[-75.78153235999997,-12.044753354999955],[-75.78453710999997,-12.043708229999822],[-75.78472648499991,-12.040632604999871],[-75.78659560999995,-12.039378604999968],[-75.79958573499994,-12.034614978999969],[-75.80213398499995,-12.030675354999971],[-75.8047722359999,-12.028904479999937],[-75.81455398499998,-12.020730979999882],[-75.81893686099994,-12.01373722999989],[-75.82407385999994,-12.015687229999855],[-75.82490686099999,-12.020547604999933],[-75.82849073499989,-12.024433729999942],[-75.83236723499982,-12.025052729999913],[-75.83401423499993,-12.024318229999892],[-75.83499160999997,-12.020548479999889],[-75.84254936099995,-12.006452854999964],[-75.84716135999997,-12.008432229999869],[-75.85275823599989,-12.00819197899989],[-75.85747048499996,-12.006376979999914],[-75.86136410999995,-12.003430854999976],[-75.86665048499992,-12.001943979999965],[-75.86822623499995,-12.000561728999969],[-75.87443773599989,-12.000354729999913],[-75.87687498499992,-11.999188228999913],[-75.88428848499996,-11.993630854999935],[-75.88775923499998,-11.992989979999948],[-75.89694860999992,-11.99313922999994],[-75.89991323599992,-11.99461660399993],[-75.90156448499994,-11.997858353999959],[-75.90542185999988,-11.998007104999886],[-75.90744011099997,-11.996413729999972],[-75.91062673499994,-11.989332229999889],[-75.9131661099999,-11.987283479999917],[-75.92013448499995,-11.984841979999885],[-75.92599086099995,-11.984294229999932],[-75.92927723499997,-11.98522122999998],[-75.93273210999985,-11.987917729999822],[-75.93851948499997,-11.990270979999934],[-75.94068160999996,-11.991705104999937],[-75.9476968599999,-11.994346729999904],[-75.94911085999985,-11.994041728999889],[-75.95060023499997,-11.990616229999887],[-75.95068210999989,-11.988264853999965],[-75.95535048599999,-11.98576710499998],[-75.95919435999997,-11.985221854999963],[-75.96140248599988,-11.988165978999916],[-75.96448286099996,-11.988874854999949],[-75.96761798499989,-11.987157478999961],[-75.96985335999995,-11.984785729999942],[-75.97530548499998,-11.98394060499993],[-75.98130285999997,-11.988193479999893],[-75.98729173499999,-11.989463229999956],[-75.98922448499991,-11.992328103999967],[-75.99317973499996,-11.994679728999927],[-75.99432498499993,-11.989320104999933],[-76.0007114849999,-11.985081228999945],[-76.00641598599992,-11.984297604999938],[-76.01177760999991,-11.985307229999933],[-76.01425410999991,-11.984329729999956],[-76.01867535999997,-11.978597229999934],[-76.01962161099993,-11.975957854999933],[-76.02314848599997,-11.97430860399993],[-76.03082660999996,-11.967865229999973],[-76.03873348599996,-11.962816479999958],[-76.04124636099993,-11.955761854999935],[-76.04585510999988,-11.951995354999951],[-76.04848048499997,-11.949015103999955],[-76.05258535999997,-11.948236229999964],[-76.05325585999998,-11.943334978999815],[-76.0518614859999,-11.938962104999916],[-76.04495160999988,-11.937412604999963],[-76.04061798499998,-11.935948853999946],[-76.03901698499993,-11.932180229999858],[-76.0362717349999,-11.932797728999958],[-76.03377885999998,-11.929179353999814],[-76.02864760999995,-11.918121854999981],[-76.02843010999999,-11.914830729999892],[-76.02660973599984,-11.912753603999931],[-76.02976023499991,-11.908903104999979],[-76.02962223499998,-11.90735485499988],[-76.02433011099998,-11.89763472999988],[-76.02004698599995,-11.898737478999976],[-76.01951986099994,-11.901004353999895],[-76.01565660999995,-11.904036479999945],[-76.01161098499989,-11.902893104999919],[-76.00991798499996,-11.900056604999975],[-76.00715086099996,-11.89939460499994],[-75.99789448499996,-11.89886910499996],[-75.99347598499998,-11.899628479999933],[-75.98980185999989,-11.896172978999914],[-75.9879899849999,-11.896214978999922],[-75.98401573599989,-11.893679229999975],[-75.98172385999999,-11.89336222999998],[-75.97872485999989,-11.891338478999955],[-75.97562836099985,-11.886657229999855],[-75.97438486099998,-11.88343872999991],[-75.96657285999993,-11.878674229999945],[-75.96246748499982,-11.87831360499996],[-75.95815248499991,-11.876533354999935],[-75.95664498499997,-11.874107354999921],[-75.95574710999995,-11.870492854999895],[-75.94655336099999,-11.870194979999951],[-75.94410698499996,-11.86921110399993],[-75.93554448499992,-11.86961010399989],[-75.93337910999998,-11.873156103999918],[-75.92693873499985,-11.875383979999867],[-75.92109760999989,-11.87647072999988],[-75.91669535999989,-11.875525228999834],[-75.91174998499997,-11.873246104999907],[-75.9066542359999,-11.873640604999935],[-75.90210611099997,-11.869183353999915],[-75.90496785999989,-11.86587185399992],[-75.90443985999997,-11.860408479999876],[-75.90213985999992,-11.857267104999949],[-75.90017748499992,-11.856086104999918],[-75.89802535999996,-11.8523106049999],[-75.89559185999997,-11.844921853999892],[-75.8980409859999,-11.83931635499988],[-75.9011036099999,-11.82924522999997],[-75.90146698499996,-11.8237891039999],[-75.90068960999992,-11.821724729999971],[-75.89634373499996,-11.814277354999945],[-75.89623235999983,-11.810154354999952],[-75.89831235999998,-11.803257354999914],[-75.89361723499997,-11.800084979999895],[-75.89184823499988,-11.797568979999937],[-75.89391335999989,-11.790060229999938],[-75.89314448499994,-11.78362885499996],[-75.88983336099989,-11.78162747999994],[-75.88220098499988,-11.775038853999945],[-75.87366548499995,-11.770227979999902],[-75.86280198499992,-11.769245104999925],[-75.85504248499996,-11.76758972999994],[-75.84710823499995,-11.768825104999905],[-75.84117385999991,-11.768191354999885],[-75.83470823499988,-11.768711354999937],[-75.83226248599993,-11.769848978999903],[-75.82618710999998,-11.775485104999916],[-75.82438935999988,-11.778306603999965],[-75.8221661099999,-11.783677978999947],[-75.81925923499989,-11.784602353999958],[-75.81730960999988,-11.788309728999934],[-75.81496060999996,-11.789636104999829],[-75.79782035999989,-11.790244104999942],[-75.79103510999994,-11.786173854999959],[-75.78786723499991,-11.784768103999909],[-75.78288285999997,-11.778436604999968],[-75.78079285999996,-11.776962479999952],[-75.77651685999984,-11.775971603999949],[-75.7705997349999,-11.77689510499988],[-75.76776248499988,-11.774376354999958],[-75.76133423599987,-11.774711104999938],[-75.75829373499994,-11.776213479999967],[-75.75464523499994,-11.774746979999975],[-75.75113048499998,-11.769527478999919],[-75.74411910999993,-11.756478229999914],[-75.74224473499993,-11.750021104999973],[-75.74102648499996,-11.748559228999966],[-75.73449998499996,-11.746779979999928],[-75.73078998499994,-11.7421799789999],[-75.72806998499993,-11.739899979999905],[-75.72406998499991,-11.733679978999874],[-75.7222299849999,-11.732069978999903],[-75.71853998499995,-11.730539978999957],[-75.71673998499995,-11.727119979999884],[-75.71353998499995,-11.722989979999909],[-75.70972985999992,-11.721309978999841],[-75.70684998499996,-11.718039978999911],[-75.70256635999988,-11.715516979999961],[-75.7002779849999,-11.713004479999825],[-75.70148460999991,-11.711189728999955],[-75.71230235999997,-11.704323854999927],[-75.71537510999991,-11.700752729999977],[-75.71596698499997,-11.691299103999881],[-75.71701410999998,-11.684379104999948],[-75.71934210999996,-11.67949635499997],[-75.72020748499989,-11.676014603999931],[-75.72302998499993,-11.672635853999964],[-75.72822935999989,-11.664025479999964],[-75.73558073599992,-11.65489435499984],[-75.73909173499999,-11.651227354999833],[-75.74153748499992,-11.647398228999975],[-75.74532273499995,-11.644172104999939],[-75.75221223499994,-11.642663729999924],[-75.75490810999992,-11.641471854999907],[-75.75644048499998,-11.639570604999903],[-75.75539048499996,-11.635540978999927],[-75.75789360999994,-11.631720603999895],[-75.75759098499992,-11.628328604999922],[-75.76586910999998,-11.621790978999968],[-75.76460960999998,-11.617714478999858],[-75.76484748499996,-11.613990353999895],[-75.76634648499999,-11.610723478999887],[-75.76919835999996,-11.608584728999915],[-75.77030823499996,-11.604479728999934],[-75.77480685999996,-11.599102478999896],[-75.77604260999993,-11.595204978999902],[-75.7766367349999,-11.59042822999993],[-75.77990810999995,-11.589547604999893],[-75.7816391099999,-11.588005728999974],[-75.78198210999994,-11.584514353999907],[-75.78371423499993,-11.58041572999997],[-75.78372060999999,-11.574941853999974],[-75.78515110999996,-11.565780478999898],[-75.78742998499996,-11.559237603999975],[-75.79503673499988,-11.556583103999913],[-75.79852798499991,-11.54901797899987],[-75.80176360999997,-11.54477310399983],[-75.79888210999991,-11.543018354999958],[-75.79361910999995,-11.545329728999945],[-75.78997848499995,-11.544018728999959],[-75.78738735999997,-11.54180310399994],[-75.77974398499998,-11.540577353999936],[-75.77328623499994,-11.537487104999968],[-75.77055248499988,-11.536892853999916],[-75.76592935999992,-11.539570229999924],[-75.7574841099999,-11.541933478999965],[-75.74946585999993,-11.54236160399995],[-75.74503823499998,-11.538160604999916],[-75.74024435999996,-11.529444478999949],[-75.73980860999995,-11.525997729999972],[-75.73705048499994,-11.522673728999905],[-75.73493060999994,-11.52272297899998],[-75.72763435999997,-11.525483853999958],[-75.72641473499993,-11.529700354999875],[-75.72705923499996,-11.53553572899989],[-75.72349548499989,-11.54137747999988],[-75.71842148499991,-11.544296728999939],[-75.71755260999998,-11.546173353999961],[-75.71682910999988,-11.553570604999948],[-75.71456510999997,-11.556096728999876],[-75.71318498499988,-11.558999853999921],[-75.71160985999995,-11.566052228999922],[-75.70997635999998,-11.567129603999888],[-75.70743948499995,-11.565218228999925],[-75.70486773499988,-11.56007472899995],[-75.70135760999989,-11.557190229999946],[-75.68936448499994,-11.556357228999957],[-75.68832510999994,-11.560109478999891],[-75.68380723499996,-11.565461478999964],[-75.67901123499996,-11.566990479999845],[-75.6708094849999,-11.567199104999872],[-75.66455385999996,-11.569110604999935],[-75.66076948499989,-11.569656228999975],[-75.65527473499992,-11.569458103999978],[-75.64919298499996,-11.570153103999928],[-75.64433985999995,-11.564330103999964],[-75.6395721099999,-11.564060604999895],[-75.63566598499995,-11.566048854999906],[-75.63400973499995,-11.568503854999904],[-75.63367635999998,-11.575764603999971],[-75.63197048499995,-11.583889478999879],[-75.62749173499992,-11.588113728999929],[-75.62502648499998,-11.589096728999891],[-75.62279123499997,-11.588625478999973],[-75.61825910999994,-11.586809228999812],[-75.61340435999989,-11.582475479999971],[-75.61176498499998,-11.582377104999978],[-75.60763360999994,-11.584475603999977],[-75.60373173499994,-11.583557478999978],[-75.60212510899993,-11.581819729999893],[-75.6007879849999,-11.57762847999993],[-75.59930535999996,-11.577163729999938],[-75.5962527349999,-11.578611979999948],[-75.59343273499996,-11.582541353999886],[-75.58943548499991,-11.584482478999917],[-75.58626960999999,-11.58897522899997],[-75.58330360999997,-11.59416572999993],[-75.57999835999988,-11.594285103999937],[-75.58060348499993,-11.589445228999864],[-75.57784535999991,-11.583608979999951],[-75.57624398499985,-11.58163385399996],[-75.57170635999984,-11.583259229999953],[-75.56783985999994,-11.587351604999924],[-75.56549123499991,-11.59108522899993],[-75.56229498499988,-11.593339853999964],[-75.55984360999992,-11.593253353999899],[-75.55717723499993,-11.595093103999886],[-75.55684885999995,-11.598573478999924],[-75.55560048499996,-11.601030729999934],[-75.55056460899993,-11.599839354999858],[-75.54909573499998,-11.598285103999956],[-75.54981835999996,-11.593208979999872],[-75.54867748499998,-11.591462603999958],[-75.54933285999994,-11.58750197899991],[-75.55058548499994,-11.585477228999821],[-75.55330798499995,-11.577131978999887],[-75.55544323499998,-11.573270854999976],[-75.5583083599999,-11.571061353999937],[-75.56033123499992,-11.567784604999929],[-75.5610479849999,-11.564957229999834],[-75.56854523499993,-11.55695060499994],[-75.56981835999994,-11.554489228999955],[-75.56822535999993,-11.551410353999927],[-75.56921548499997,-11.548875728999974],[-75.57211585999994,-11.54522797999988],[-75.57300998499994,-11.542489978999924],[-75.56864898499998,-11.538810728999977],[-75.56719560999983,-11.534293229999946],[-75.56495385999995,-11.532233729999973],[-75.56061635999998,-11.53048422899991],[-75.55458373499994,-11.530190478999941],[-75.55027910899992,-11.526660228999958],[-75.54742385999992,-11.525705228999982],[-75.5511376099999,-11.518607728999939],[-75.55190235899994,-11.513976604999982],[-75.55118185999999,-11.511247978999904],[-75.54720998499988,-11.503589978999912],[-75.54215985999997,-11.505746228999953],[-75.54059785999993,-11.50448735499998],[-75.54022773499997,-11.500846603999946],[-75.53607923499999,-11.496614978999844],[-75.53400885999991,-11.496497353999871],[-75.53269123499996,-11.494167978999883],[-75.53003248499988,-11.493862103999959],[-75.5241318599999,-11.497941353999977],[-75.51987273499992,-11.504160978999892],[-75.51254198499993,-11.511886353999955],[-75.51153048499998,-11.516492979999896],[-75.50897610899995,-11.515609728999948],[-75.50715035999997,-11.513171978999935],[-75.50050623399989,-11.512015103999943],[-75.49763685999989,-11.509450603999937],[-75.49363823499988,-11.512959853999973],[-75.49280173499994,-11.51697785499988],[-75.48733210999995,-11.515285979999874],[-75.48478648499997,-11.518371104999972],[-75.48137748399984,-11.519175728999926],[-75.48065110999994,-11.521806228999878],[-75.47853910999999,-11.522992229999943],[-75.47395073499996,-11.52140935499989],[-75.47342160999995,-11.515536978999933],[-75.47084010899988,-11.512076603999901],[-75.47236360999989,-11.510246603999917],[-75.47373910899995,-11.504876853999974],[-75.47180810999998,-11.50032710399995],[-75.47222110999985,-11.495551228999943],[-75.47593935899994,-11.493323478999912],[-75.47946485999995,-11.48575435399988],[-75.47717185999994,-11.48299222999998],[-75.47152160999997,-11.472822479999877],[-75.46918698499996,-11.469685604999938],[-75.46463835999992,-11.465186478999954],[-75.46245735999997,-11.462021478999873],[-75.45955585999997,-11.456245729999921],[-75.45746648499994,-11.453432603999886],[-75.45844635999998,-11.449551479999911],[-75.46112060999997,-11.445760979999932],[-75.45979048499993,-11.440904978999924],[-75.45974023499997,-11.438326228999927],[-75.4622153599999,-11.432210353999949],[-75.46125785999993,-11.428937603999884],[-75.45728935999995,-11.42561072899997],[-75.45425710999996,-11.425278728999956],[-75.45289648499988,-11.422990228999936],[-75.45162073399996,-11.413266103999945],[-75.4501806099999,-11.410852604999945],[-75.44584160999989,-11.407920353999884],[-75.44185848399991,-11.40800497899994],[-75.43950248499993,-11.407259229999966],[-75.43759060999997,-11.403145103999918],[-75.43777098499993,-11.39929060399993],[-75.4311718589999,-11.39513285399994],[-75.42891298499995,-11.391118603999871],[-75.42371285899992,-11.391074229999845],[-75.4161489849999,-11.393578478999927],[-75.41389848499995,-11.389862728999958],[-75.4096663599999,-11.387772103999907],[-75.4098219849999,-11.382527228999834],[-75.40833198499996,-11.378695478999873],[-75.40957048499996,-11.375806228999977],[-75.40945960899995,-11.371791979999955],[-75.4054519849999,-11.368199603999813],[-75.40381048499995,-11.363591228999894],[-75.40329298399996,-11.358215478999966],[-75.40447160999997,-11.355340853999905],[-75.40297685999991,-11.351661228999944],[-75.40349348499996,-11.348764978999895],[-75.40211523499994,-11.345697229999928],[-75.40402148499993,-11.340876103999904],[-75.4111993599999,-11.333969603999833],[-75.42402998499995,-11.330009978999954],[-75.43095998499996,-11.332309978999888],[-75.43351798499987,-11.323774353999966],[-75.43398273499997,-11.319236978999982],[-75.4331933599999,-11.315537103999873],[-75.43327123499995,-11.310109728999976],[-75.43529910999996,-11.306104103999928],[-75.43828648499988,-11.304038853999941],[-75.44310185999996,-11.302747478999947],[-75.44328410999992,-11.298878103999868],[-75.4401802349999,-11.297280479999927],[-75.4385778599999,-11.294454853999923],[-75.43794910899993,-11.290593478999824],[-75.43843635999991,-11.286422354999956],[-75.44314260999994,-11.282883853999977],[-75.44325673499998,-11.278378478999969],[-75.44646610999996,-11.273885353999901],[-75.44699735999995,-11.271738353999922],[-75.44535423499997,-11.269378478999954],[-75.44104335999998,-11.265983603999928],[-75.43728073499989,-11.266802603999906],[-75.43318598499991,-11.265253228999882],[-75.43391710999992,-11.259834354999953],[-75.43478960999994,-11.258207853999863],[-75.35825198499998,-11.285007853999957],[-75.31366798499994,-11.299199228999896],[-75.30658998499996,-11.300849978999963],[-75.02840423399994,-11.350232478999942],[-75.02480623399993,-11.352721603999896],[-75.01531360899992,-11.355741603999945],[-75.0076661089999,-11.359738353999944],[-75.00335448399994,-11.359990103999905],[-74.99967235999992,-11.361626728999966],[-74.99712935899993,-11.368000354999936],[-74.99290648399995,-11.370385853999949],[-74.99075085899995,-11.372965478999959],[-74.98806510999992,-11.374555728999894],[-74.98838323399997,-11.376870354999937],[-74.99284685899988,-11.383940103999919],[-74.99561985999992,-11.383941728999957],[-74.99737498399992,-11.385859603999961],[-74.99853935899989,-11.389635978999934],[-74.99765723399992,-11.393282603999978],[-74.9986643599999,-11.397218353999904],[-74.99301910899993,-11.403141853999898],[-74.9926744839999,-11.405010353999955],[-74.98973860899991,-11.409298103999902],[-74.98633598399994,-11.411415853999927],[-74.98540798399989,-11.415722603999825],[-74.9828144839999,-11.418982479999897],[-74.97945935899992,-11.421314353999946],[-74.97367323399999,-11.430230728999959],[-74.97293748399989,-11.438175978999823],[-74.98292760899994,-11.439855103999946],[-74.98577148399994,-11.439753853999889],[-74.99019185899994,-11.434776228999965],[-74.99309373499989,-11.430746104999969],[-74.9990127349999,-11.427013853999881],[-75.00055660899989,-11.427013853999881],[-75.00352448499996,-11.431256978999954],[-75.00404010999995,-11.434566103999941],[-75.00820560899996,-11.436875229999941],[-75.01057048499996,-11.440167229999929],[-75.01090685899999,-11.44447597899989],[-75.0123324839999,-11.446327228999962],[-75.01616760999997,-11.446438978999879],[-75.02195023399997,-11.450070854999979],[-75.02298710999997,-11.453093853999917],[-75.02684998399991,-11.453110228999947],[-75.03278323399996,-11.455054729999972],[-75.03599785999984,-11.461772853999946],[-75.03499485999998,-11.46960822899996],[-75.03561135899992,-11.472789103999958],[-75.03991610999992,-11.473250728999972],[-75.04139885999996,-11.474269103999859],[-75.04724835899998,-11.474269104999962],[-75.05265785899991,-11.470368354999948],[-75.05535510899989,-11.470813603999943],[-75.05946648499997,-11.475867603999973],[-75.05844510999992,-11.480973978999941],[-75.06195710899993,-11.486892603999934],[-75.06719360899996,-11.489140978999956],[-75.0729448599999,-11.492947353999966],[-75.07658710999993,-11.491525103999948],[-75.0814787349999,-11.492016728999943],[-75.08696648499995,-11.496719729999882],[-75.08996748499999,-11.497312479999891],[-75.09514085999984,-11.49647897899996],[-75.09827360999998,-11.496740229999887],[-75.10099285899997,-11.498350103999883],[-75.10124023499992,-11.5014388539999],[-75.1041704839999,-11.504758104999837],[-75.10827523399996,-11.505666979999887],[-75.10987885999998,-11.507669978999957],[-75.11280173399996,-11.509243978999905],[-75.11509960999996,-11.511871104999955],[-75.12360035899997,-11.512063978999834],[-75.12800760999983,-11.51475185399994],[-75.13020998399998,-11.519369979999908],[-75.13016998399996,-11.52137997899996],[-75.13279998499996,-11.524339979999922],[-75.13377998399994,-11.523669979999909],[-75.14450435999998,-11.525909104999812],[-75.14743685999997,-11.527763979999975],[-75.15168360899997,-11.528744103999884],[-75.15373273499989,-11.531434978999869],[-75.15781373399994,-11.533521478999944],[-75.16013773499998,-11.533585229999971],[-75.16345948399999,-11.536221603999877],[-75.16274723399994,-11.545104354999978],[-75.16422660999996,-11.54751322899989],[-75.16992660999995,-11.55159360499988],[-75.17266460999991,-11.557239978999974],[-75.17209960899999,-11.561501979999946],[-75.17321498399991,-11.565113728999904],[-75.17578735899997,-11.567161854999881],[-75.17748848399992,-11.570927978999919],[-75.18656360899985,-11.573279479999883],[-75.18812923499996,-11.576785479999899],[-75.18754623499996,-11.579884603999915],[-75.18585860999997,-11.58283022899991],[-75.18737035899989,-11.588628853999978],[-75.18926760899996,-11.590902354999969],[-75.19307273399988,-11.591001478999942],[-75.19715198499983,-11.595139854999957],[-75.20263410899992,-11.599202103999971],[-75.19795798399997,-11.60664122999998],[-75.19810548499993,-11.615949728999965],[-75.19719985999996,-11.619214104999855],[-75.19487223499993,-11.623324854999964],[-75.19491598399992,-11.625310604999981],[-75.19900960899997,-11.626815603999887],[-75.20322010899991,-11.625740604999919],[-75.20707223499994,-11.626076479999938],[-75.21156048399996,-11.624857479999946],[-75.21311135999997,-11.628408229999934],[-75.21614235899989,-11.631433853999908],[-75.21730748499994,-11.63763347999992],[-75.21230860999998,-11.64967372999996],[-75.21313285999997,-11.652343353999981],[-75.2184362349999,-11.655335603999845],[-75.22409810899995,-11.661176478999948],[-75.22420998399997,-11.66403647899989],[-75.22123385999993,-11.668080229999873],[-75.22025673399997,-11.671737603999816],[-75.21439073499994,-11.675480479999976],[-75.21384085999989,-11.677700854999898],[-75.21446898499994,-11.681307478999884],[-75.21260010999993,-11.683969229999946],[-75.21079435999991,-11.689328854999928],[-75.20847373399994,-11.689654853999912],[-75.20289135999997,-11.692183853999893],[-75.20044660899993,-11.69490022899987],[-75.19994973399997,-11.698130103999972],[-75.19755685999985,-11.70022385499982],[-75.19229485999995,-11.707634729999882],[-75.19114998399988,-11.717999978999956],[-75.19303998399994,-11.718900104999932],[-75.19430998499996,-11.72635997999987],[-75.19713998499998,-11.731599978999895],[-75.1971348589999,-11.733680979999974],[-75.1990957349999,-11.74210347899998],[-75.1993652349999,-11.745123104999891],[-75.20131998499988,-11.74943997899993],[-75.20024998499991,-11.750639978999914],[-75.1981199839999,-11.759589978999884],[-75.19764998499983,-11.76352997899994],[-75.19388998399995,-11.770709979999822],[-75.18909998499998,-11.773749978999888],[-75.18692998399996,-11.776119978999873],[-75.1952399839999,-11.776449979999938],[-75.19699998399994,-11.775729978999948],[-75.20372998499982,-11.770749978999845],[-75.20725998499995,-11.771809978999954],[-75.21417998399988,-11.76719997999993],[-75.21661998399998,-11.767279978999966],[-75.21822998399989,-11.764709979999964],[-75.22105998499984,-11.764169979999963],[-75.22383998499998,-11.765599979999877],[-75.22898998499994,-11.76445997999997],[-75.23528998499995,-11.767519979999918],[-75.23627998499995,-11.769499979999978],[-75.23444960899997,-11.774036853999917],[-75.2375707349999,-11.780839478999951],[-75.24307298499997,-11.783260478999978],[-75.25123610999987,-11.787562104999893],[-75.25545898499996,-11.78632035499993],[-75.25919923499998,-11.788102354999921],[-75.26244060999994,-11.790563353999971],[-75.26424135999997,-11.794818229999976],[-75.2697559849999,-11.80028360499989],[-75.26623498399994,-11.812497978999943],[-75.27315585899993,-11.812984604999883],[-75.28092823499998,-11.816159853999977],[-75.28964835999994,-11.822889478999912],[-75.29348698399991,-11.824690354999973],[-75.30106973499994,-11.82743910499994],[-75.3052668599999,-11.830971603999899],[-75.30642798499997,-11.838185604999865],[-75.31234010999992,-11.849788979999971],[-75.31269373499998,-11.851846854999906],[-75.31066810899989,-11.856155229999956],[-75.31092535899995,-11.857601978999924],[-75.3132081089999,-11.85814860399995],[-75.31626260999997,-11.855447854999966],[-75.31986360999991,-11.853615229999946],[-75.32374998499995,-11.855115229999967],[-75.32691985899993,-11.857496104999882],[-75.32982098499991,-11.858626478999952],[-75.33378298499997,-11.858712854999908],[-75.33655223499989,-11.856848228999922],[-75.34037098499994,-11.85870722999988],[-75.34524523499988,-11.859134104999953],[-75.35321285999993,-11.862664104999908],[-75.36033935999984,-11.86393247999996],[-75.36252873399997,-11.864771104999875],[-75.3668614849999,-11.868311604999917],[-75.37068148499998,-11.868078729999922],[-75.37432998499997,-11.863839978999863],[-75.37869435999994,-11.8643052299999],[-75.39392823499998,-11.872504479999918],[-75.4009949849999,-11.874244479999902],[-75.39225935999991,-11.880518479999978],[-75.39187698399996,-11.882411979999972],[-75.38885435899994,-11.882670978999897],[-75.38441360999991,-11.885321979999958],[-75.38146310999997,-11.885988478999934],[-75.37780560999994,-11.890138479999962],[-75.37450860999996,-11.892357979999929],[-75.37269660999988,-11.892497353999886],[-75.37069473399998,-11.895146854999894],[-75.36787898499989,-11.89656222899987],[-75.36636635999997,-11.894690103999949],[-75.36368360999995,-11.894303229999935],[-75.36047585999995,-11.89688297999993],[-75.35786248499988,-11.900304354999946],[-75.3618399849999,-11.903789979999885],[-75.36354985899999,-11.90697997999996],[-75.36646998399993,-11.907179978999977],[-75.37447998499994,-11.911279979999847],[-75.37630998399999,-11.915069978999895]]]},"properties":{"ubigeo":"110300","nombre":"JAUJA"}},{"type":"Feature","geometry":{"type":"Polygon","coordinates":[[[-75.88595898499995,-11.147052603999896],[-75.88835735999999,-11.148996103999878],[-75.88829248499997,-11.152671853999891],[-75.88448048599992,-11.157150353999896],[-75.88857810999997,-11.161477728999841],[-75.89575286099995,-11.165219353999873],[-75.89741160999995,-11.166800978999902],[-75.89702573499994,-11.170966853999914],[-75.89752723599992,-11.17355135399987],[-75.90447060999998,-11.175634353999897],[-75.90388223499997,-11.180480853999825],[-75.8999433599999,-11.192021853999847],[-75.90032448599999,-11.19675460399992],[-75.90184936099996,-11.200303603999942],[-75.9070001099999,-11.201619978999872],[-75.91144998599992,-11.204779978999966],[-75.91509998499998,-11.210689979999927],[-75.91538998499988,-11.213129978999916],[-75.92203998499997,-11.219749978999914],[-75.92436998599993,-11.219879978999927],[-75.92954998599998,-11.218779978999862],[-75.93369998499998,-11.21726997899998],[-75.93851998499991,-11.217279978999898],[-75.94804998599989,-11.218179978999956],[-75.9535899849999,-11.218189978999874],[-75.96011998499989,-11.217439978999835],[-75.96651998499993,-11.215539978999914],[-75.96861998499998,-11.214369978999912],[-75.9719257349999,-11.214165978999915],[-75.94475523499995,-11.245407353999894],[-75.92467185999993,-11.280818353999962],[-75.91343748599996,-11.293117228999904],[-75.91198235999985,-11.296252103999961],[-75.91383160999999,-11.298702853999941],[-75.91387585999985,-11.30171272899986],[-75.90770573599985,-11.308967103999862],[-75.90036135999998,-11.314123103999975],[-75.89679685999988,-11.317460978999918],[-75.89014773499997,-11.333161478999955],[-75.89601948499995,-11.33669722899998],[-75.90010160999998,-11.336894478999966],[-75.9052343599999,-11.335521478999965],[-75.90982748599998,-11.332675228999847],[-75.91455860999992,-11.331722603999879],[-75.91942573499995,-11.331679728999973],[-75.92198236099989,-11.32985347899995],[-75.92434760999993,-11.32975585399987],[-75.92752923499995,-11.33257022999993],[-75.93195035999997,-11.331691978999913],[-75.93470135999996,-11.332009353999979],[-75.94203823499998,-11.335142228999928],[-75.94757660999989,-11.334729103999962],[-75.95344548499992,-11.332993104999957],[-75.95790923499999,-11.332414478999965],[-75.96018998599993,-11.333323978999942],[-75.96177348599997,-11.334601979999945],[-75.96398661099994,-11.339594978999969],[-75.96908448499994,-11.342495853999878],[-75.97051360999995,-11.344415478999906],[-75.96911273499995,-11.350806229999876],[-75.97154536099998,-11.353461728999946],[-75.97600248499998,-11.353316603999929],[-75.97819711099993,-11.355309228999943],[-75.97919998499998,-11.357909979999931],[-75.98226635999998,-11.35868510399996],[-75.98738560999993,-11.358535853999854],[-75.99178448499998,-11.362403353999923],[-76.00005498599995,-11.364739353999937],[-76.00445935999994,-11.364598478999937],[-76.00635473599993,-11.36525985399993],[-76.00831073499995,-11.367775104999964],[-76.01105623599989,-11.373296478999976],[-76.01331248499997,-11.375671853999961],[-76.01838673499998,-11.373447228999964],[-76.02093211,-11.373719353999888],[-76.02366298599992,-11.378436478999845],[-76.02799623499999,-11.379724979999878],[-76.03045548499989,-11.374845228999959],[-76.03157660999995,-11.374557228999947],[-76.03418360999996,-11.377356228999815],[-76.03738898599988,-11.378661103999946],[-76.04257560999997,-11.37179772899998],[-76.04696173499997,-11.371797729999969],[-76.04855573599997,-11.3763601039999],[-76.05594323499997,-11.378710603999878],[-76.05969335999998,-11.383013728999913],[-76.06221423599993,-11.384629228999927],[-76.06510073599992,-11.382964353999853],[-76.06758885999994,-11.383706353999969],[-76.07075585999996,-11.387415978999854],[-76.07741998499995,-11.384999978999872],[-76.08239998599998,-11.387959978999902],[-76.08377198599999,-11.386517103999893],[-76.08670136099988,-11.379971853999962],[-76.09356698499988,-11.374113103999889],[-76.09559098499994,-11.36952585399996],[-76.09602223499991,-11.363208978999978],[-76.09689460999988,-11.360908479999978],[-76.10057535999988,-11.357409853999968],[-76.10160686099994,-11.355545353999958],[-76.10543923599988,-11.352952103999883],[-76.10657998499994,-11.348179978999895],[-76.10660998499992,-11.341949978999935],[-76.10811998499997,-11.335489979999863],[-76.11171998499998,-11.331979978999982],[-76.11682998499998,-11.330499978999967],[-76.12092998499998,-11.327469978999943],[-76.12225985999993,-11.324719978999951],[-76.12420998599998,-11.325809978999871],[-76.12785998499993,-11.322299978999979],[-76.12898998599991,-11.319689978999975],[-76.13606998499995,-11.315369978999911],[-76.13404998499988,-11.310079978999909],[-76.13525011099995,-11.30765997899988],[-76.13867010999996,-11.305959978999908],[-76.13978998499988,-11.297609978999958],[-76.14126998499995,-11.294119978999845],[-76.14672998599991,-11.28886997899997],[-76.1518899859999,-11.287479978999954],[-76.15392998499993,-11.285599979999915],[-76.15607998599995,-11.281309978999957],[-76.15655998499994,-11.278559978999908],[-76.16355998599994,-11.272259978999898],[-76.16526998499995,-11.270149978999939],[-76.16612998599999,-11.265779978999944],[-76.16755998499997,-11.26333010399992],[-76.16736998499988,-11.25949997899994],[-76.16840998599997,-11.256679978999898],[-76.17089998499995,-11.25573997899994],[-76.17502998499998,-11.24571997899983],[-76.17736998599997,-11.242369978999932],[-76.17692998599995,-11.239749978999953],[-76.17754998499993,-11.235599978999971],[-76.17621998599992,-11.231769978999978],[-76.17356811099995,-11.230938978999973],[-76.17405598599993,-11.22807585399994],[-76.1723746109999,-11.225771478999945],[-76.16808236099996,-11.224910978999901],[-76.16775598499993,-11.22089560399985],[-76.16937798499993,-11.219797853999978],[-76.17662735999988,-11.218868103999966],[-76.18058348499994,-11.21901647899989],[-76.18264060999996,-11.217829728999845],[-76.18438123599998,-11.215129728999898],[-76.18428236099999,-11.212390103999894],[-76.1884559859999,-11.206752728999902],[-76.18757573499988,-11.203123103999815],[-76.19074061099991,-11.200482478999902],[-76.1901273599999,-11.198405478999916],[-76.1867053599999,-11.194498978999889],[-76.18770436099999,-11.1893164789999],[-76.18508998499993,-11.185639978999916],[-76.18345011099996,-11.182799978999924],[-76.18773573599998,-11.18356010399998],[-76.18999573599996,-11.18196260399992],[-76.19482736099985,-11.181670353999834],[-76.19780823499991,-11.179351853999947],[-76.19741860999994,-11.173234478999973],[-76.198431611,-11.171522353999933],[-76.20497773599999,-11.172618228999966],[-76.20887998499995,-11.169209978999959],[-76.20731998499991,-11.160969978999901],[-76.20583011099984,-11.158129978999966],[-76.20147986099994,-11.154489978999948],[-76.20191998499996,-11.15058997899996],[-76.20301998599996,-11.14922997899987],[-76.20711998499996,-11.150469978999979],[-76.21080998599996,-11.15267997899997],[-76.21462998499999,-11.150309978999871],[-76.21862998499995,-11.14344997899991],[-76.21889998599988,-11.13903997899996],[-76.2208099849999,-11.13709997899997],[-76.22369998499994,-11.136509978999982],[-76.22524998499995,-11.133139978999964],[-76.22468998599987,-11.130949978999922],[-76.22628998599998,-11.128449978999924],[-76.22919998599997,-11.128789978999919],[-76.2308099849999,-11.12418997899988],[-76.23436998599993,-11.120929978999982],[-76.23859010999996,-11.115349978999973],[-76.24308998599997,-11.11530997899996],[-76.2493799859999,-11.107289978999916],[-76.25098998599998,-11.10005997899998],[-76.2512499849999,-11.09537985399993],[-76.25018998599995,-11.089129978999893],[-76.24804635999999,-11.086518978999948],[-76.24832823499992,-11.082492353999953],[-76.24609336099996,-11.081118228999856],[-76.24413998499995,-11.076579978999973],[-76.24399998599995,-11.072129853999911],[-76.24514998599994,-11.070819978999964],[-76.2436399849999,-11.068469978999872],[-76.24261998599997,-11.063989978999928],[-76.24116998499989,-11.061119978999955],[-76.24178998499997,-11.05587997899994],[-76.23965998499995,-11.054169978999937],[-76.24169998599996,-11.052409978999947],[-76.23953273599994,-11.049612728999875],[-76.24015948599998,-11.046930228999884],[-76.24405998499992,-11.046779978999894],[-76.24529236099994,-11.04508235399993],[-76.24320410999997,-11.04341497799993],[-76.24346910999998,-11.04131110399993],[-76.2510899859999,-11.039969978999977],[-76.25199835999996,-11.036232603999906],[-76.25137723599988,-11.031925353999952],[-76.25457735999998,-11.031668728999932],[-76.25696735999992,-11.030412978999948],[-76.25951948599999,-11.027658477999978],[-76.25957335999993,-11.025916603999974],[-76.25456386099995,-11.023756228999957],[-76.25344310999992,-11.022324977999915],[-76.25662973599998,-11.017936603999829],[-76.25995148499993,-11.015006478999965],[-76.25941135999983,-11.012846103999891],[-76.2563057349999,-11.011414853999952],[-76.25661623599984,-11.009240853999927],[-76.25981635999995,-11.00574372899996],[-76.25567111099997,-11.002395103999902],[-76.2577099849999,-10.99949197899997],[-76.26091010999994,-11.000302103999843],[-76.26358361099989,-10.99881685399987],[-76.26300298599989,-10.994928103999882],[-76.26559548599994,-10.993672353999898],[-76.26647323499998,-10.990904353999952],[-76.26559548599994,-10.988446853999903],[-76.26689536099991,-10.984581603999857],[-76.26581610999995,-10.980709728999955],[-76.26909823599993,-10.97971960399991],[-76.26873111099991,-10.976137103999974],[-76.27165711099997,-10.974000978999982],[-76.27294773599994,-10.971019228999978],[-76.27039986099999,-10.967279978999954],[-76.26832998499992,-10.967099978999897],[-76.2678399859999,-10.964309978999893],[-76.26957536099997,-10.961530978999917],[-76.26614773599994,-10.961068103999878],[-76.26600310999999,-10.958016477999934],[-76.26893910999996,-10.955369728999926],[-76.2718461099999,-10.956714853999927],[-76.27275723599996,-10.955152853999948],[-76.27149898499994,-10.952260227999943],[-76.27340811099998,-10.950264353999955],[-76.27672011099997,-10.95035122899992],[-76.27818098599994,-10.943973103999951],[-76.27778423499996,-10.940365853999936],[-76.27761661099998,-10.93701635399998],[-76.27618498599998,-10.932764353999971],[-76.27861473599995,-10.92784697899998],[-76.27885923499991,-10.923451353999894],[-76.27627535999994,-10.918859353999949],[-76.2699589849999,-10.922412103999818],[-76.26531886099986,-10.920856103999938],[-76.25984573599999,-10.921431603999963],[-76.25560736099993,-10.924478478999902],[-76.25265423599996,-10.927704603999928],[-76.25149223599988,-10.930318353999837],[-76.24801560999998,-10.93318160399997],[-76.2481698609999,-10.938642603999881],[-76.24590648599991,-10.94250935299982],[-76.24347848599996,-10.948109353999882],[-76.23937298499999,-10.95105660399986],[-76.23827760999995,-10.952605727999867],[-76.2368301109999,-10.95784760399988],[-76.23250385999995,-10.963037103999909],[-76.22908786099987,-10.964453103999915],[-76.22888535999988,-10.966575353999929],[-76.22685248599998,-10.970925103999946],[-76.2233183599999,-10.97659172899995],[-76.21814060999992,-10.983747977999883],[-76.21402998499991,-10.988029978999975],[-76.21230661099997,-10.993943353999953],[-76.20979673599993,-10.99823097899997],[-76.20851173599993,-11.001660103999939],[-76.20530073599991,-11.004412103999925],[-76.19854686099995,-11.013999978999891],[-76.19675385999989,-11.015072228999884],[-76.19265035999996,-11.024099603999957],[-76.19200023599996,-11.028265852999937],[-76.18855860999997,-11.03183010399988],[-76.18576360999998,-11.03188860399996],[-76.18145998499995,-11.033169978999979],[-76.17831448599992,-11.035662103999869],[-76.1776269849999,-11.041117103999966],[-76.17633010999998,-11.044214853999904],[-76.17282036099994,-11.047574228999963],[-76.16986911099997,-11.047277353999903],[-76.16499423499994,-11.051320353999927],[-76.16509173499992,-11.052857478999954],[-76.1603242349999,-11.053749978999974],[-76.1566992349999,-11.055818353999882],[-76.15280848499998,-11.061503853999909],[-76.15244335999995,-11.06504885399994],[-76.14950585999998,-11.07265622899996],[-76.14903323499988,-11.075037103999932],[-76.14685735999996,-11.078941353999937],[-76.14300585999996,-11.078124978999881],[-76.14042573499995,-11.079546978999872],[-76.13577348499996,-11.084671853999964],[-76.13198823499994,-11.083790978999843],[-76.12367186099988,-11.08600972899984],[-76.12251948599993,-11.087595728999872],[-76.12350385999991,-11.089599603999943],[-76.12120898499995,-11.093839853999953],[-76.12377148499996,-11.095910103999927],[-76.12202536099988,-11.101206978999869],[-76.12024023599997,-11.1033222289999],[-76.11552348599997,-11.106494103999978],[-76.11439448599992,-11.109499978999906],[-76.11106048499994,-11.111519478999924],[-76.10756635999991,-11.1114609789999],[-76.10576560999988,-11.114341728999932],[-76.09636723599994,-11.120787103999874],[-76.09594723499993,-11.119306603999974],[-76.09872460999998,-11.117640603999973],[-76.09735935999998,-11.114435603999823],[-76.09758785999998,-11.110123103999967],[-76.09639648599995,-11.108380853999961],[-76.09422861099995,-11.10892185399996],[-76.08683011099998,-11.106751853999981],[-76.0852284849999,-11.109814478999908],[-76.0802694859999,-11.112888728999906],[-76.07363860999999,-11.113283228999933],[-76.07092385999994,-11.112398478999921],[-76.06774998599997,-11.114226603999953],[-76.06514060999996,-11.112751978999938],[-76.06670323499992,-11.108859353999947],[-76.06903911099994,-11.106751853999981],[-76.06810735999994,-11.104197228999908],[-76.06588673499988,-11.104566353999928],[-76.06430073599984,-11.10120897899992],[-76.06456623599996,-11.096361353999953],[-76.06048635999997,-11.097640603999935],[-76.05896098599999,-11.092048853999927],[-76.05708985999996,-11.090138728999875],[-76.0544882349999,-11.090128853999943],[-76.05204685999996,-11.092652353999938],[-76.04750785999994,-11.093535103999955],[-76.04367773499996,-11.092472603999965],[-76.03955073499998,-11.088699228999872],[-76.03467573499995,-11.089873103999935],[-76.02965623499995,-11.087197228999969],[-76.02517773499994,-11.080283228999974],[-76.02623823599998,-11.078109353999935],[-76.02933598599998,-11.075974603999953],[-76.02981635999993,-11.072437478999973],[-76.02782610999992,-11.0701191039999],[-76.02890823599995,-11.06545897899997],[-76.02698435999991,-11.062833978999947],[-76.02484173599993,-11.0620253539999],[-76.02300960999986,-11.059095728999978],[-76.02290623499994,-11.056281228999978],[-76.02005073599997,-11.054710978999935],[-76.01639648499997,-11.054289103999906],[-76.01620510999993,-11.049994103999893],[-76.01191010999986,-11.046021478999933],[-76.01271098499996,-11.040447228999938],[-76.0116113599999,-11.03836322899997],[-76.01332810999992,-11.036665978999963],[-76.01141598499999,-11.034673853999891],[-76.01138298499995,-11.032494103999966],[-76.0152363609999,-11.026712853999982],[-76.01925585999993,-11.025406228999941],[-76.02122461099998,-11.028230478999944],[-76.02507810999992,-11.026851603999887],[-76.02683986099998,-11.025388728999928],[-76.02950973499998,-11.025804603999973],[-76.03505660999991,-11.023181603999944],[-76.03797848599999,-11.026011728999947],[-76.03903910999992,-11.023576228999957],[-76.04457810999992,-11.024732478999965],[-76.04594335999997,-11.017982478999954],[-76.04864448499984,-11.010964853999951],[-76.04763873499991,-11.007785102999947],[-76.04893548499996,-11.004408228999921],[-76.04820310999997,-11.00224022899988],[-76.04896486099994,-10.99848435399997],[-76.05230661099995,-10.995724603999975],[-76.05586323499989,-10.99488872899991],[-76.05895323499993,-10.991369103999943],[-76.06221673499988,-10.98622260399992],[-76.06433786099996,-10.98433397899987],[-76.06622273499994,-10.980888728999844],[-76.069283236,-10.978439478999974],[-76.07102148599989,-10.976029353999934],[-76.0737382349999,-10.974425728999961],[-76.07810935999998,-10.97341597899998],[-76.08202348499992,-10.973880853999901],[-76.08744723499996,-10.972867228999974],[-76.0894472359999,-10.973322228999962],[-76.09267386099998,-10.971880853999949],[-76.09687111099998,-10.971447228999978],[-76.10584173499996,-10.972105478999822],[-76.10967973499999,-10.967333978999818],[-76.10821485999992,-10.964591853999934],[-76.11160348499999,-10.961685602999921],[-76.11394536099988,-10.962771478999969],[-76.11965235999992,-10.963664103999918],[-76.12178911099988,-10.967253728999935],[-76.12284173499995,-10.967160103999902],[-76.12292998499998,-10.962639978999903],[-76.12084998599988,-10.960109978999924],[-76.11871998599997,-10.954039978999958],[-76.11618998499989,-10.950629977999881],[-76.11000998499998,-10.946719978999965],[-76.10914998499993,-10.938939978999883],[-76.10466998499999,-10.935539978999941],[-76.10370998499997,-10.93310997899988],[-76.09895998599995,-10.930309978999958],[-76.09813985999989,-10.922809978999965],[-76.0965299859999,-10.922519977999968],[-76.09366998499996,-10.915789978999896],[-76.0920299849999,-10.913499977999948],[-76.09243998499988,-10.910369978999881],[-76.09134011099985,-10.906559978999951],[-76.08793998499988,-10.904369978999853],[-76.08691998499995,-10.900709978999885],[-76.08224998599991,-10.89728997899988],[-76.08291998499993,-10.896089978999896],[-76.07966998499995,-10.89377997899993],[-76.07646998599995,-10.893309978999923],[-76.07321011099998,-10.891659978999826],[-76.06807998599999,-10.886619978999818],[-76.06478998499989,-10.88589997899993],[-76.06180998499997,-10.884189978999927],[-76.05720998499999,-10.883109977999936],[-76.05078985999995,-10.883489978999933],[-76.04550998499991,-10.88073997899994],[-76.04447998499995,-10.879519978999951],[-76.04243998499993,-10.873199853999893],[-76.03852998499997,-10.869169978999821],[-76.03520998599998,-10.864249977999975],[-76.02936998499996,-10.857829978999973],[-76.0256799849999,-10.85604010399993],[-76.01503110999988,-10.84267722899989],[-76.01277998599988,-10.841851852999923],[-76.00880285999989,-10.838700103999827],[-76.0089436099999,-10.833604478999916],[-76.00814160999988,-10.830354352999962],[-76.00603110999998,-10.828201478999972],[-75.99909810999992,-10.825737603999869],[-75.99650223499998,-10.821685478999882],[-75.99328898499994,-10.82084260399995],[-75.9907722349999,-10.823311853999883],[-75.98666460999993,-10.825306227999874],[-75.98421910999991,-10.828692602999922],[-75.97887685999996,-10.832147228999872],[-75.9753154849999,-10.836207353999896],[-75.97202473499993,-10.841623103999893],[-75.97019060999997,-10.843227853999906],[-75.96482560999988,-10.844661728999881],[-75.96162848499995,-10.843959852999888],[-75.95832398499982,-10.849055228999873],[-75.95817285999993,-10.85345297799995],[-75.95624223499988,-10.855850228999941],[-75.95573210999993,-10.858778228999938],[-75.952506611,-10.861439478999955],[-75.95108973499998,-10.8638479789999],[-75.94858673599998,-10.865028603999974],[-75.94337585999995,-10.868815853999934],[-75.93714648499997,-10.871507852999969],[-75.93740973499996,-10.875435353999876],[-75.93862735999994,-10.879854603999945],[-75.93826273499997,-10.883010103999936],[-75.93592385999995,-10.889722603999928],[-75.9339974849999,-10.886285727999962],[-75.93058548499994,-10.883385478999969],[-75.92275198499993,-10.883146478999834],[-75.91914760999992,-10.880065978999937],[-75.91710936099997,-10.874436603999925],[-75.91283273499994,-10.871910102999948],[-75.91130198499997,-10.872208353999952],[-75.90319448499997,-10.870017228999927],[-75.89697548499993,-10.86883697899998],[-75.89232348499996,-10.870258353999873],[-75.88666360999991,-10.868785227999979],[-75.88287310999988,-10.86990147799986],[-75.87925123499997,-10.86829510299998],[-75.87404948499983,-10.867681853999954],[-75.87111935999997,-10.869453603999943],[-75.86959735999994,-10.87488247899995],[-75.86525885999998,-10.876540603999842],[-75.86176323499996,-10.871603602999926],[-75.86176185999994,-10.868413478999912],[-75.85825935999992,-10.867856977999963],[-75.85396998599998,-10.871898728999895],[-75.85151760999997,-10.873263353999846],[-75.85055848599995,-10.875451102999932],[-75.84979423599998,-10.88042510299988],[-75.84616435999999,-10.88123035399991],[-75.84207236099991,-10.88442610299984],[-75.83838085999992,-10.88629885399996],[-75.83460061099987,-10.884585727999877],[-75.83390160999994,-10.882076852999944],[-75.83061360999994,-10.876582978999977],[-75.8251922359999,-10.874008353999955],[-75.81930535999999,-10.87390322899995],[-75.81599748499985,-10.872876103999943],[-75.81447535999996,-10.869085353999935],[-75.81507585999998,-10.866301103999945],[-75.81796060999994,-10.862374102999922],[-75.81861723499998,-10.859152478999818],[-75.81832110999989,-10.854047603999959],[-75.81544748499982,-10.846981603999893],[-75.80994648499995,-10.842742978999922],[-75.80697923499991,-10.839075978999915],[-75.78988998499995,-10.82661997899993],[-75.78913998499996,-10.82526997799988],[-75.78598998599995,-10.824559977999968],[-75.77782998499987,-10.825859977999869],[-75.77268998599993,-10.825929978999966],[-75.76571985999993,-10.827859978999982],[-75.76266998599988,-10.83020997899996],[-75.75623998499998,-10.829289853999967],[-75.75067998499992,-10.825389978999965],[-75.74310998499993,-10.822539978999885],[-75.7407599849999,-10.818939978999822],[-75.73514998499991,-10.814339977999964],[-75.73237185999989,-10.809191978999934],[-75.72921848499993,-10.809391227999981],[-75.72434360999989,-10.808508103999884],[-75.71952423499994,-10.809355352999944],[-75.71737748499987,-10.811349353999958],[-75.71271860999997,-10.814237478999928],[-75.70794885999999,-10.81576072799993],[-75.70436110999998,-10.815633478999871],[-75.70124348499996,-10.81707635299989],[-75.69325260999994,-10.817219353999917],[-75.69090673499994,-10.819478978999939],[-75.68852760999988,-10.827315728999963],[-75.69210623499987,-10.831476602999885],[-75.69341985999995,-10.834199227999932],[-75.69001185999997,-10.836995102999879],[-75.68202623499991,-10.838433227999928],[-75.67854998499996,-10.84017997899997],[-75.67234998499998,-10.836339978999945],[-75.67112998499994,-10.832799978999958],[-75.66769998499996,-10.830709978999948],[-75.66609998499996,-10.828579978999926],[-75.65928998499999,-10.826849978999974],[-75.65607998499996,-10.825169978999952],[-75.65139998499995,-10.825259977999963],[-75.64976998499992,-10.823379978999924],[-75.64388623499991,-10.825135978999981],[-75.64085060999992,-10.82678610399995],[-75.63573685999995,-10.82700972799995],[-75.63135748499997,-10.825339228999951],[-75.61865285999994,-10.823546853999972],[-75.61514935999998,-10.822463352999932],[-75.60908285999994,-10.823640103999935],[-75.6055962349999,-10.8218854779999],[-75.60375485999998,-10.816899603999843],[-75.60147148499993,-10.813932228999818],[-75.59714160999988,-10.811721727999952],[-75.5896669849999,-10.810898478999889],[-75.58917923399997,-10.805825102999961],[-75.58409585999988,-10.8015671039999],[-75.58183935999989,-10.792783853999879],[-75.58044285999989,-10.790796478999937],[-75.57842598499991,-10.784730103999891],[-75.57651423499993,-10.781023353999899],[-75.57691060999991,-10.77717372899997],[-75.5763511099999,-10.773326977999943],[-75.57431548499989,-10.770371602999887],[-75.57417798499995,-10.763067227999954],[-75.57590035999993,-10.759904103999872],[-75.57565010999991,-10.754584978999958],[-75.57381998499994,-10.746991102999914],[-75.57396048499999,-10.744009477999953],[-75.57203435999998,-10.74196735399994],[-75.56826760999996,-10.733191353999871],[-75.5687489849999,-10.730364227999928],[-75.56776998499998,-10.727119978999895],[-75.56384998499993,-10.729769978999968],[-75.55978998499984,-10.737869978999925],[-75.55968998499998,-10.740989978999892],[-75.55691998499998,-10.744069978999903],[-75.5500599849999,-10.74570997799998],[-75.54364010999996,-10.741009977999965],[-75.53712998499998,-10.742059977999872],[-75.5335599849999,-10.743509978999953],[-75.53142185999991,-10.743295852999893],[-75.52954998499996,-10.748609977999934],[-75.52658998499999,-10.749749978999944],[-75.52307998399993,-10.753669978999937],[-75.51734998499984,-10.753939978999881],[-75.51401998499989,-10.756459978999942],[-75.50968998399992,-10.754009978999818],[-75.50682998499991,-10.755179978999877],[-75.50371998499998,-10.757899977999955],[-75.49832998499994,-10.758669852999901],[-75.4950799849999,-10.755069978999927],[-75.49024998499993,-10.756829977999928],[-75.48848998499989,-10.761389977999897],[-75.48608998499992,-10.764339978999828],[-75.48292998399995,-10.76549997799998],[-75.48185998499997,-10.77032997899994],[-75.48231998499995,-10.774709977999976],[-75.48181998499996,-10.77865997799995],[-75.47788998399994,-10.780959977999885],[-75.47536998499999,-10.780939978999925],[-75.47268998499999,-10.779459978999967],[-75.4697099849999,-10.776199978999955],[-75.46871010999996,-10.76845997799984],[-75.46718998499995,-10.76463997899998],[-75.46384998499991,-10.758929977999912],[-75.4647999849999,-10.752989978999949],[-75.46322998499994,-10.750619978999964],[-75.4575201099999,-10.749819977999948],[-75.45544998499997,-10.751119978999952],[-75.45186998499997,-10.750909978999914],[-75.44741248399993,-10.751576603999979],[-75.44598998499998,-10.75140997799997],[-75.43905998499991,-10.748039977999952],[-75.43509998499991,-10.747579978999966],[-75.43336998499996,-10.749279977999947],[-75.42391998499994,-10.75483997899994],[-75.42006998399995,-10.754019978999906],[-75.41349998499993,-10.750819978999914],[-75.40655998499994,-10.752909978999924],[-75.40021998499998,-10.75677997799994],[-75.3950246099999,-10.759018477999973],[-75.39586998499988,-10.761329977999935],[-75.39646998499995,-10.769059978999906],[-75.39501998399999,-10.774999978999972],[-75.39134998499998,-10.781269978999944],[-75.39177998499997,-10.786439978999965],[-75.38917998499994,-10.795069978999948],[-75.38688998499998,-10.8002899789999],[-75.38802998499989,-10.805399977999969],[-75.38773998499988,-10.809359978999964],[-75.38936998499992,-10.813569978999965],[-75.39057998399994,-10.820449978999875],[-75.39061998499989,-10.82461997899992],[-75.39168998499997,-10.828169977999949],[-75.39075998499993,-10.832259978999957],[-75.3926918599999,-10.833080853999945],[-75.39338573499992,-10.835225728999944],[-75.39619310999996,-10.838537728999881],[-75.39852723399991,-10.84014647899994],[-75.40168160999997,-10.845067103999952],[-75.40454148499998,-10.845737852999946],[-75.40706085899996,-10.844198228999971],[-75.40956735999998,-10.84595035399991],[-75.40817935999996,-10.849136103999967],[-75.40770623499998,-10.852731977999952],[-75.40848810999995,-10.857080603999975],[-75.40996610999991,-10.858515603999876],[-75.41072198499995,-10.861700602999974],[-75.41067635899998,-10.864560603999905],[-75.4126193599999,-10.869098228999917],[-75.41057723499995,-10.877028728999903],[-75.41074923399998,-10.878864353999973],[-75.41338810999991,-10.88365422899983],[-75.41827273399997,-10.890348478999954],[-75.42632748499989,-10.882508103999953],[-75.43087935999995,-10.879287603999956],[-75.43764148399998,-10.87981297899995],[-75.44125085999991,-10.883834352999884],[-75.44733848499993,-10.888086102999978],[-75.44875373499997,-10.891176603999952],[-75.4495046099999,-10.896548977999942],[-75.45335010999997,-10.90029535399998],[-75.45763973499999,-10.901249353999845],[-75.46522235999993,-10.901126853999926],[-75.46591348499993,-10.905695978999972],[-75.46519523499984,-10.908414103999974],[-75.47396323499993,-10.914640603999942],[-75.47801248499997,-10.91705272799993],[-75.48647510899997,-10.918181103999927],[-75.48923960999991,-10.919450478999977],[-75.49460360899991,-10.923035102999847],[-75.49758123499998,-10.927789853999968],[-75.49695685999995,-10.934129353999936],[-75.49460360999996,-10.938259478999896],[-75.49439248499993,-10.940285103999884],[-75.4961639849999,-10.945619103999888],[-75.49641610999998,-10.951764228999878],[-75.50060685999995,-10.959055227999954],[-75.5028411099999,-10.96206997899992],[-75.50779110999986,-10.962229977999925],[-75.51519110999999,-10.953549978999945],[-75.51945110999998,-10.952989978999938],[-75.52224098499994,-10.950119978999965],[-75.53045110999989,-10.950409978999915],[-75.53243010999995,-10.950979978999897],[-75.53701110999998,-10.948349978999886],[-75.53879110999992,-10.950149978999889],[-75.54447110999996,-10.951119978999941],[-75.54815110999988,-10.949549978999812],[-75.55205110999998,-10.95117997899996],[-75.55321110999995,-10.955869978999942],[-75.56015110999994,-10.957469978999882],[-75.56443098499994,-10.956599978999861],[-75.5656111099999,-10.95468997799992],[-75.56788110999997,-10.953909978999945],[-75.57413110999988,-10.954489978999959],[-75.57962110999995,-10.953459978999945],[-75.58423110999996,-10.953469978999976],[-75.58773110999994,-10.955509978999828],[-75.59289110899994,-10.956719978999843],[-75.59895123499996,-10.954439978999915],[-75.60024110999996,-10.954489978999959],[-75.60182110999995,-10.954729978999922],[-75.60531110999995,-10.957489978999945],[-75.6096311099999,-10.95805997899987],[-75.61423110999993,-10.96087997799998],[-75.61926110999997,-10.960709978999944],[-75.62109110999995,-10.95949997899993],[-75.62527110999997,-10.958889978999878],[-75.62893110999994,-10.959519978999879],[-75.63778110999988,-10.958969978999846],[-75.64288123499989,-10.956779978999919],[-75.64500110999995,-10.959169978999967],[-75.64775110999994,-10.959549978999974],[-75.65227098499992,-10.958139977999906],[-75.65655110999995,-10.953499978999957],[-75.66549110999995,-10.949579978999964],[-75.66772110999989,-10.949249978999944],[-75.67055110999996,-10.95119997899991],[-75.67423110999994,-10.95059997899989],[-75.67575110999996,-10.953169978999938],[-75.67774110999994,-10.954289978999952],[-75.67767110999984,-10.958739978999915],[-75.68049110999993,-10.961569978999933],[-75.68192110999996,-10.964560102999883],[-75.68503123499994,-10.963889978999873],[-75.68683110999996,-10.966419978999966],[-75.69048110999995,-10.966559978999896],[-75.69365123499989,-10.968459978999817],[-75.69652110999994,-10.968419978999975],[-75.69930110999991,-10.970199978999972],[-75.70166110999997,-10.974069978999978],[-75.70561110999995,-10.979069978999974],[-75.71057110999999,-10.980879978999894],[-75.71494110999998,-10.981780103999938],[-75.71900110999991,-10.985809978999953],[-75.7195011099999,-10.98785997799996],[-75.72192110999993,-10.990209978999872],[-75.72584110999998,-10.99112997899988],[-75.72526110999996,-10.993499977999932],[-75.7277411099999,-10.999379978999912],[-75.73222110999995,-11.001489853999885],[-75.73823110999984,-11.001849978999928],[-75.73966498499993,-11.000672353999903],[-75.74362110999994,-11.003059978999943],[-75.74900273499998,-11.004666977999932],[-75.75284610999995,-11.006503478999946],[-75.75592923499994,-11.010265478999884],[-75.76233010999994,-11.01002172899996],[-75.76368085999997,-11.00830772899991],[-75.77526723499994,-10.998921103999976],[-75.78135336099996,-10.996883478999962],[-75.78406098499994,-10.997493228999872],[-75.78497223499983,-11.001867228999913],[-75.78644785999995,-11.004881353999906],[-75.79512860999995,-11.008582978999925],[-75.79754198499995,-11.011172478999981],[-75.80142498499998,-11.013059727999973],[-75.80255285999988,-11.0149253539999],[-75.80333385999995,-11.020814853999923],[-75.80637073599996,-11.027004353999928],[-75.8101886099999,-11.030301603999817],[-75.81716598499997,-11.034436103999951],[-75.81684110999993,-11.035834603999945],[-75.81329398499997,-11.041404102999877],[-75.81273810999988,-11.043448103999879],[-75.81311535999993,-11.050187228999903],[-75.81604598599995,-11.051765228999898],[-75.81955035999994,-11.05121185399986],[-75.82211198499994,-11.049797853999905],[-75.83066885999989,-11.050527728999896],[-75.8323112359999,-11.051326853999967],[-75.83386498599992,-11.05618747899996],[-75.83533723499988,-11.064654478999842],[-75.83650948499997,-11.068561853999938],[-75.83837935999998,-11.07011047899988],[-75.83698285999998,-11.077025853999828],[-75.83856398499995,-11.084407978999934],[-75.83753898499998,-11.08683197899984],[-75.83436398499998,-11.090822728999967],[-75.83245623499988,-11.094622103999939],[-75.83739485999996,-11.10429472899989],[-75.83660210999983,-11.10622822899984],[-75.8371449849999,-11.114717978999977],[-75.83893985999998,-11.119414228999972],[-75.84289861099995,-11.120250228999964],[-75.85219285999989,-11.119709353999895],[-75.85186498499996,-11.125130978999948],[-75.85236510999994,-11.128052728999933],[-75.85467573499989,-11.131331978999924],[-75.8564223599999,-11.13888972899997],[-75.86029398599999,-11.144183103999978],[-75.86243535999995,-11.144853478999948],[-75.86572498499993,-11.143983103999972],[-75.87282310999996,-11.141079353999942],[-75.8776626099999,-11.140326478999953],[-75.8804492349999,-11.141482478999933],[-75.88431448499995,-11.143544978999955],[-75.88595898499995,-11.147052603999896]]]},"properties":{"ubigeo":"110400","nombre":"JUNIN"}},{"type":"Feature","geometry":{"type":"Polygon","coordinates":[[[-75.5511376099999,-11.518607728999939],[-75.54742385999992,-11.525705228999982],[-75.55027910899992,-11.526660228999958],[-75.55458373499994,-11.530190478999941],[-75.56061635999998,-11.53048422899991],[-75.56495385999995,-11.532233729999973],[-75.56719560999983,-11.534293229999946],[-75.56864898499998,-11.538810728999977],[-75.57300998499994,-11.542489978999924],[-75.57211585999994,-11.54522797999988],[-75.56921548499997,-11.548875728999974],[-75.56822535999993,-11.551410353999927],[-75.56981835999994,-11.554489228999955],[-75.56854523499993,-11.55695060499994],[-75.5610479849999,-11.564957229999834],[-75.56033123499992,-11.567784604999929],[-75.5583083599999,-11.571061353999937],[-75.55544323499998,-11.573270854999976],[-75.55330798499995,-11.577131978999887],[-75.55058548499994,-11.585477228999821],[-75.54933285999994,-11.58750197899991],[-75.54867748499998,-11.591462603999958],[-75.54981835999996,-11.593208979999872],[-75.54909573499998,-11.598285103999956],[-75.55056460899993,-11.599839354999858],[-75.55560048499996,-11.601030729999934],[-75.55684885999995,-11.598573478999924],[-75.55717723499993,-11.595093103999886],[-75.55984360999992,-11.593253353999899],[-75.56229498499988,-11.593339853999964],[-75.56549123499991,-11.59108522899993],[-75.56783985999994,-11.587351604999924],[-75.57170635999984,-11.583259229999953],[-75.57624398499985,-11.58163385399996],[-75.57784535999991,-11.583608979999951],[-75.58060348499993,-11.589445228999864],[-75.57999835999988,-11.594285103999937],[-75.58330360999997,-11.59416572999993],[-75.58626960999999,-11.58897522899997],[-75.58943548499991,-11.584482478999917],[-75.59343273499996,-11.582541353999886],[-75.5962527349999,-11.578611979999948],[-75.59930535999996,-11.577163729999938],[-75.6007879849999,-11.57762847999993],[-75.60212510899993,-11.581819729999893],[-75.60373173499994,-11.583557478999978],[-75.60763360999994,-11.584475603999977],[-75.61176498499998,-11.582377104999978],[-75.61340435999989,-11.582475479999971],[-75.61825910999994,-11.586809228999812],[-75.62279123499997,-11.588625478999973],[-75.62502648499998,-11.589096728999891],[-75.62749173499992,-11.588113728999929],[-75.63197048499995,-11.583889478999879],[-75.63367635999998,-11.575764603999971],[-75.63400973499995,-11.568503854999904],[-75.63566598499995,-11.566048854999906],[-75.6395721099999,-11.564060604999895],[-75.64433985999995,-11.564330103999964],[-75.64919298499996,-11.570153103999928],[-75.65527473499992,-11.569458103999978],[-75.66076948499989,-11.569656228999975],[-75.66455385999996,-11.569110604999935],[-75.6708094849999,-11.567199104999872],[-75.67901123499996,-11.566990479999845],[-75.68380723499996,-11.565461478999964],[-75.68832510999994,-11.560109478999891],[-75.68936448499994,-11.556357228999957],[-75.70135760999989,-11.557190229999946],[-75.70486773499988,-11.56007472899995],[-75.70743948499995,-11.565218228999925],[-75.70997635999998,-11.567129603999888],[-75.71160985999995,-11.566052228999922],[-75.71318498499988,-11.558999853999921],[-75.71456510999997,-11.556096728999876],[-75.71682910999988,-11.553570604999948],[-75.71755260999998,-11.546173353999961],[-75.71842148499991,-11.544296728999939],[-75.72349548499989,-11.54137747999988],[-75.72705923499996,-11.53553572899989],[-75.72641473499993,-11.529700354999875],[-75.72763435999997,-11.525483853999958],[-75.73493060999994,-11.52272297899998],[-75.73705048499994,-11.522673728999905],[-75.73980860999995,-11.525997729999972],[-75.74024435999996,-11.529444478999949],[-75.74503823499998,-11.538160604999916],[-75.74946585999993,-11.54236160399995],[-75.7574841099999,-11.541933478999965],[-75.76592935999992,-11.539570229999924],[-75.77055248499988,-11.536892853999916],[-75.77328623499994,-11.537487104999968],[-75.77974398499998,-11.540577353999936],[-75.78738735999997,-11.54180310399994],[-75.78997848499995,-11.544018728999959],[-75.79361910999995,-11.545329728999945],[-75.79888210999991,-11.543018354999958],[-75.80176360999997,-11.54477310399983],[-75.80507848499997,-11.546868353999912],[-75.8082041099999,-11.547586103999947],[-75.81162098499993,-11.546931853999922],[-75.8167968599999,-11.542970728999933],[-75.82101273499995,-11.54136735399993],[-75.82682798499997,-11.53709960499998],[-75.83087885999993,-11.5322051039999],[-75.83356448499995,-11.529710978999958],[-75.83921948499994,-11.52239110399995],[-75.8504397349999,-11.51155010499997],[-75.8593053599999,-11.505406603999916],[-75.86487048499993,-11.509526103999974],[-75.86835948499993,-11.50954497899994],[-75.87091998499989,-11.507081353999865],[-75.87238573499991,-11.501678728999934],[-75.8719896099999,-11.496206478999966],[-75.87438998499994,-11.490928728999904],[-75.87937023499995,-11.484613603999833],[-75.88031048499988,-11.482462354999825],[-75.88621060999998,-11.474218478999944],[-75.88911735999989,-11.46862785399992],[-75.89250498499996,-11.460400978999928],[-75.89433010999988,-11.457562104999965],[-75.89559623499997,-11.453614853999966],[-75.90254111099983,-11.442715103999944],[-75.90266573499991,-11.438912978999952],[-75.90571373499995,-11.437307603999898],[-75.90848298499992,-11.431750354999906],[-75.91238810999994,-11.432767604999981],[-75.91496923499989,-11.430509104999885],[-75.91518435999996,-11.42540047999995],[-75.91675723499998,-11.420852228999877],[-75.91638285999989,-11.415831978999904],[-75.91286998499993,-11.41385997899988],[-75.91002998499994,-11.415289978999908],[-75.90690998499991,-11.414149978999887],[-75.90215998499991,-11.410539853999978],[-75.89770998599994,-11.409689854999897],[-75.89405998499996,-11.407339978999914],[-75.88269398499989,-11.403179978999958],[-75.88412298499992,-11.402263478999885],[-75.89271998499999,-11.399124729999812],[-75.89601798599995,-11.396354353999982],[-75.90450510999989,-11.391165478999937],[-75.90797911099997,-11.38685597999995],[-75.91267023499984,-11.384491103999949],[-75.91286023499993,-11.383381978999921],[-75.90947423499989,-11.378852603999974],[-75.90863873499995,-11.376477978999958],[-75.91338548499994,-11.372757853999929],[-75.91827123499996,-11.367917228999886],[-75.92131335999989,-11.363903353999945],[-75.92499561099999,-11.36010072899984],[-75.93292085999991,-11.354617103999885],[-75.93944523499994,-11.347132228999897],[-75.94636173499993,-11.342429103999962],[-75.95055660999992,-11.338810728999817],[-75.95388673499986,-11.336889353999936],[-75.95705685999997,-11.334071604999906],[-75.96018998599993,-11.333323978999942],[-75.95790923499999,-11.332414478999965],[-75.95344548499992,-11.332993104999957],[-75.94757660999989,-11.334729103999962],[-75.94203823499998,-11.335142228999928],[-75.93470135999996,-11.332009353999979],[-75.93195035999997,-11.331691978999913],[-75.92752923499995,-11.33257022999993],[-75.92434760999993,-11.32975585399987],[-75.92198236099989,-11.32985347899995],[-75.91942573499995,-11.331679728999973],[-75.91455860999992,-11.331722603999879],[-75.90982748599998,-11.332675228999847],[-75.9052343599999,-11.335521478999965],[-75.90010160999998,-11.336894478999966],[-75.89601948499995,-11.33669722899998],[-75.89014773499997,-11.333161478999955],[-75.89679685999988,-11.317460978999918],[-75.90036135999998,-11.314123103999975],[-75.90770573599985,-11.308967103999862],[-75.91387585999985,-11.30171272899986],[-75.91383160999999,-11.298702853999941],[-75.91198235999985,-11.296252103999961],[-75.91343748599996,-11.293117228999904],[-75.92467185999993,-11.280818353999962],[-75.94475523499995,-11.245407353999894],[-75.9719257349999,-11.214165978999915],[-75.96861998499998,-11.214369978999912],[-75.96651998499993,-11.215539978999914],[-75.96011998499989,-11.217439978999835],[-75.9535899849999,-11.218189978999874],[-75.94804998599989,-11.218179978999956],[-75.93851998499991,-11.217279978999898],[-75.93369998499998,-11.21726997899998],[-75.92954998599998,-11.218779978999862],[-75.92436998599993,-11.219879978999927],[-75.92203998499997,-11.219749978999914],[-75.91538998499988,-11.213129978999916],[-75.91509998499998,-11.210689979999927],[-75.91144998599992,-11.204779978999966],[-75.9070001099999,-11.201619978999872],[-75.90184936099996,-11.200303603999942],[-75.90032448599999,-11.19675460399992],[-75.8999433599999,-11.192021853999847],[-75.90388223499997,-11.180480853999825],[-75.90447060999998,-11.175634353999897],[-75.89752723599992,-11.17355135399987],[-75.89702573499994,-11.170966853999914],[-75.89741160999995,-11.166800978999902],[-75.89575286099995,-11.165219353999873],[-75.88857810999997,-11.161477728999841],[-75.88448048599992,-11.157150353999896],[-75.88829248499997,-11.152671853999891],[-75.88835735999999,-11.148996103999878],[-75.88595898499995,-11.147052603999896],[-75.88431448499995,-11.143544978999955],[-75.8804492349999,-11.141482478999933],[-75.8776626099999,-11.140326478999953],[-75.87282310999996,-11.141079353999942],[-75.86572498499993,-11.143983103999972],[-75.86243535999995,-11.144853478999948],[-75.86029398599999,-11.144183103999978],[-75.8564223599999,-11.13888972899997],[-75.85467573499989,-11.131331978999924],[-75.85236510999994,-11.128052728999933],[-75.85186498499996,-11.125130978999948],[-75.85219285999989,-11.119709353999895],[-75.84289861099995,-11.120250228999964],[-75.83893985999998,-11.119414228999972],[-75.8371449849999,-11.114717978999977],[-75.83660210999983,-11.10622822899984],[-75.83739485999996,-11.10429472899989],[-75.83245623499988,-11.094622103999939],[-75.83436398499998,-11.090822728999967],[-75.83753898499998,-11.08683197899984],[-75.83856398499995,-11.084407978999934],[-75.83698285999998,-11.077025853999828],[-75.83837935999998,-11.07011047899988],[-75.83650948499997,-11.068561853999938],[-75.83533723499988,-11.064654478999842],[-75.83386498599992,-11.05618747899996],[-75.8323112359999,-11.051326853999967],[-75.83066885999989,-11.050527728999896],[-75.82211198499994,-11.049797853999905],[-75.81955035999994,-11.05121185399986],[-75.81604598599995,-11.051765228999898],[-75.81311535999993,-11.050187228999903],[-75.81273810999988,-11.043448103999879],[-75.81329398499997,-11.041404102999877],[-75.81684110999993,-11.035834603999945],[-75.81716598499997,-11.034436103999951],[-75.8101886099999,-11.030301603999817],[-75.80637073599996,-11.027004353999928],[-75.80333385999995,-11.020814853999923],[-75.80255285999988,-11.0149253539999],[-75.80142498499998,-11.013059727999973],[-75.79754198499995,-11.011172478999981],[-75.79512860999995,-11.008582978999925],[-75.78644785999995,-11.004881353999906],[-75.78497223499983,-11.001867228999913],[-75.78406098499994,-10.997493228999872],[-75.78135336099996,-10.996883478999962],[-75.77526723499994,-10.998921103999976],[-75.76368085999997,-11.00830772899991],[-75.76233010999994,-11.01002172899996],[-75.75592923499994,-11.010265478999884],[-75.75284610999995,-11.006503478999946],[-75.74900273499998,-11.004666977999932],[-75.74362110999994,-11.003059978999943],[-75.73966498499993,-11.000672353999903],[-75.73823110999984,-11.001849978999928],[-75.73222110999995,-11.001489853999885],[-75.7277411099999,-10.999379978999912],[-75.72526110999996,-10.993499977999932],[-75.72584110999998,-10.99112997899988],[-75.72192110999993,-10.990209978999872],[-75.7195011099999,-10.98785997799996],[-75.71900110999991,-10.985809978999953],[-75.71494110999998,-10.981780103999938],[-75.71057110999999,-10.980879978999894],[-75.70561110999995,-10.979069978999974],[-75.70166110999997,-10.974069978999978],[-75.69930110999991,-10.970199978999972],[-75.69652110999994,-10.968419978999975],[-75.69365123499989,-10.968459978999817],[-75.69048110999995,-10.966559978999896],[-75.68683110999996,-10.966419978999966],[-75.68503123499994,-10.963889978999873],[-75.68192110999996,-10.964560102999883],[-75.68049110999993,-10.961569978999933],[-75.67767110999984,-10.958739978999915],[-75.67774110999994,-10.954289978999952],[-75.67575110999996,-10.953169978999938],[-75.67423110999994,-10.95059997899989],[-75.67055110999996,-10.95119997899991],[-75.66772110999989,-10.949249978999944],[-75.66549110999995,-10.949579978999964],[-75.65655110999995,-10.953499978999957],[-75.65227098499992,-10.958139977999906],[-75.64775110999994,-10.959549978999974],[-75.64500110999995,-10.959169978999967],[-75.64288123499989,-10.956779978999919],[-75.63778110999988,-10.958969978999846],[-75.62893110999994,-10.959519978999879],[-75.62527110999997,-10.958889978999878],[-75.62109110999995,-10.95949997899993],[-75.61926110999997,-10.960709978999944],[-75.61423110999993,-10.96087997799998],[-75.6096311099999,-10.95805997899987],[-75.60531110999995,-10.957489978999945],[-75.60182110999995,-10.954729978999922],[-75.60024110999996,-10.954489978999959],[-75.59895123499996,-10.954439978999915],[-75.59289110899994,-10.956719978999843],[-75.58773110999994,-10.955509978999828],[-75.58423110999996,-10.953469978999976],[-75.57962110999995,-10.953459978999945],[-75.57413110999988,-10.954489978999959],[-75.56788110999997,-10.953909978999945],[-75.5656111099999,-10.95468997799992],[-75.56443098499994,-10.956599978999861],[-75.56015110999994,-10.957469978999882],[-75.55321110999995,-10.955869978999942],[-75.55205110999998,-10.95117997899996],[-75.54815110999988,-10.949549978999812],[-75.54447110999996,-10.951119978999941],[-75.53879110999992,-10.950149978999889],[-75.53701110999998,-10.948349978999886],[-75.53243010999995,-10.950979978999897],[-75.53045110999989,-10.950409978999915],[-75.52224098499994,-10.950119978999965],[-75.51945110999998,-10.952989978999938],[-75.51519110999999,-10.953549978999945],[-75.50779110999986,-10.962229977999925],[-75.5028411099999,-10.96206997899992],[-75.50060685999995,-10.959055227999954],[-75.49641610999998,-10.951764228999878],[-75.4961639849999,-10.945619103999888],[-75.49439248499993,-10.940285103999884],[-75.49460360999996,-10.938259478999896],[-75.49695685999995,-10.934129353999936],[-75.49758123499998,-10.927789853999968],[-75.49460360899991,-10.923035102999847],[-75.48923960999991,-10.919450478999977],[-75.48647510899997,-10.918181103999927],[-75.47801248499997,-10.91705272799993],[-75.47396323499993,-10.914640603999942],[-75.46519523499984,-10.908414103999974],[-75.46591348499993,-10.905695978999972],[-75.46522235999993,-10.901126853999926],[-75.45763973499999,-10.901249353999845],[-75.45335010999997,-10.90029535399998],[-75.45327810899994,-10.90110785399986],[-75.44412210899998,-10.906653353999957],[-75.43690123499994,-10.91020610399994],[-75.43552435999987,-10.912132353999937],[-75.43375298499996,-10.918293477999896],[-75.43138448499991,-10.923492478999947],[-75.43100910999993,-10.930251227999975],[-75.43015235999991,-10.932849603999841],[-75.42751410999995,-10.935190228999886],[-75.42349935899995,-10.936894353999946],[-75.42378210999988,-10.943131853999887],[-75.42318160999986,-10.947812353999836],[-75.4233261089999,-10.952029353999876],[-75.42277723399997,-10.95789260399988],[-75.42806298499988,-10.960925228999884],[-75.43765223499997,-10.965171228999907],[-75.44054060999997,-10.969214978999844],[-75.44167673499999,-10.972218228999907],[-75.4419699849999,-10.978369978999979],[-75.44423760999996,-10.98452310399989],[-75.44573960999998,-10.986516103999975],[-75.45019560999998,-10.990233728999954],[-75.45122748499995,-10.994776728999966],[-75.45501110999999,-10.999166978999881],[-75.45425135999994,-11.002251603999923],[-75.45016210999995,-11.005165978999912],[-75.44669273499989,-11.006070228999874],[-75.44524860999996,-11.007658728999957],[-75.44675060999998,-11.010489352999855],[-75.44931585899997,-11.012368228999946],[-75.45106423499993,-11.015121852999812],[-75.4531048589999,-11.016439353999942],[-75.45818835899996,-11.016728103999924],[-75.45996285999996,-11.017897228999857],[-75.4641152349999,-11.02421285399987],[-75.46845460999998,-11.023643103999916],[-75.47197185999994,-11.02188910399991],[-75.47331935999995,-11.019034853999926],[-75.47493173499993,-11.018218853999883],[-75.47885260999993,-11.018525728999975],[-75.48193360999994,-11.01616410399987],[-75.48492060999996,-11.018044103999841],[-75.48756735999996,-11.018222353999931],[-75.49176723499988,-11.021264353999982],[-75.4993576089999,-11.022810978999814],[-75.50418598499988,-11.02631522899992],[-75.50606923499993,-11.028936603999853],[-75.50797135999994,-11.034613103999959],[-75.51282535999991,-11.038896228999931],[-75.51537148499989,-11.0434171039999],[-75.51934510999996,-11.04422610399996],[-75.52260498399994,-11.04308397899996],[-75.52555560999991,-11.043607478999945],[-75.52706260999992,-11.046511728999974],[-75.52777023499993,-11.050058352999883],[-75.53338223499992,-11.050980978999917],[-75.53757210999999,-11.050353103999953],[-75.54094735999996,-11.04674010399998],[-75.54648773499991,-11.047922103999952],[-75.5545062349999,-11.05336747799987],[-75.55800398499986,-11.052118228999973],[-75.55888985999997,-11.050323853999942],[-75.56300085899994,-11.050414727999964],[-75.56361410999995,-11.045758603999957],[-75.56693023499997,-11.047393978999878],[-75.57088223499994,-11.047212227999864],[-75.57626523499994,-11.050800853999931],[-75.5843998599999,-11.051399353999898],[-75.58614548499992,-11.058046353999941],[-75.59046098499994,-11.061203478999914],[-75.59409498499997,-11.061135353999873],[-75.59611648499998,-11.062884228999906],[-75.59634360999996,-11.06665460399995],[-75.5999549849999,-11.069448228999818],[-75.60181748499997,-11.073877352999887],[-75.60429323499994,-11.075081103999935],[-75.61028935999991,-11.07403635399993],[-75.61424148499998,-11.079010478999976],[-75.61860235999995,-11.078874228999894],[-75.62330398499984,-11.076898103999895],[-75.62568885999997,-11.077897478999887],[-75.63034498499997,-11.081940478999854],[-75.63509210999996,-11.08341685399995],[-75.63622773499998,-11.08664210399985],[-75.63931673499991,-11.085347353999907],[-75.64206498499993,-11.08546097899989],[-75.64733435999995,-11.08995535399987],[-75.65517385999993,-11.091962103999947],[-75.65607335999994,-11.094026603999964],[-75.65946310999993,-11.097297353999863],[-75.66331885999989,-11.098321603999977],[-75.66738985999996,-11.098273353999957],[-75.6689556099999,-11.100802728999895],[-75.67090660999997,-11.10375460399996],[-75.67018923499995,-11.106897978999939],[-75.67083985999994,-11.111456853999925],[-75.66964698499999,-11.115306353999927],[-75.66462798499987,-11.11583672899991],[-75.66204723499993,-11.116957853999963],[-75.65583423499993,-11.121345728999927],[-75.65462835999983,-11.124314228999879],[-75.65629385999995,-11.130027603999906],[-75.6556256099999,-11.132013478999909],[-75.65151823499997,-11.132530728999882],[-75.64857510999991,-11.136237728999845],[-75.6464884849999,-11.140779478999946],[-75.64289398499994,-11.144976978999978],[-75.63985923499996,-11.153279853999948],[-75.63949698499994,-11.155387728999813],[-75.64117773499999,-11.160074103999875],[-75.63767598499999,-11.164202103999912],[-75.63498585999997,-11.16385135399986],[-75.63179723499991,-11.161039478999896],[-75.62634723499991,-11.158836353999959],[-75.62295573499995,-11.155821603999982],[-75.61872348499992,-11.155386728999929],[-75.61511210999998,-11.157051103999947],[-75.60220698499995,-11.172492353999928],[-75.60063348499989,-11.168956978999972],[-75.59660535999996,-11.167938603999971],[-75.59199623499995,-11.164894853999954],[-75.59051785999986,-11.16480772899996],[-75.58393548499993,-11.167902978999962],[-75.5843964849999,-11.172513978999916],[-75.58837260999991,-11.177127978999977],[-75.58857923499994,-11.18153810399997],[-75.58732623499992,-11.18634885399996],[-75.58745948499995,-11.188355728999909],[-75.58976498499999,-11.18983797899989],[-75.5902499849999,-11.19356997899996],[-75.5874599849999,-11.198499978999905],[-75.58761998499989,-11.20442997899994],[-75.58659985999998,-11.207469978999939],[-75.58610998499995,-11.212039978999883],[-75.58303998499991,-11.21368997899998],[-75.58600998499998,-11.21960997899987],[-75.58635998499983,-11.222249978999912],[-75.5818299849999,-11.22708997899997],[-75.57930998499995,-11.22872997899998],[-75.50672660999999,-11.224076228999934],[-75.43478960999994,-11.258207853999863],[-75.43391710999992,-11.259834354999953],[-75.43318598499991,-11.265253228999882],[-75.43728073499989,-11.266802603999906],[-75.44104335999998,-11.265983603999928],[-75.44535423499997,-11.269378478999954],[-75.44699735999995,-11.271738353999922],[-75.44646610999996,-11.273885353999901],[-75.44325673499998,-11.278378478999969],[-75.44314260999994,-11.282883853999977],[-75.43843635999991,-11.286422354999956],[-75.43794910899993,-11.290593478999824],[-75.4385778599999,-11.294454853999923],[-75.4401802349999,-11.297280479999927],[-75.44328410999992,-11.298878103999868],[-75.44310185999996,-11.302747478999947],[-75.43828648499988,-11.304038853999941],[-75.43529910999996,-11.306104103999928],[-75.43327123499995,-11.310109728999976],[-75.4331933599999,-11.315537103999873],[-75.43398273499997,-11.319236978999982],[-75.43351798499987,-11.323774353999966],[-75.43095998499996,-11.332309978999888],[-75.42402998499995,-11.330009978999954],[-75.4111993599999,-11.333969603999833],[-75.40402148499993,-11.340876103999904],[-75.40211523499994,-11.345697229999928],[-75.40349348499996,-11.348764978999895],[-75.40297685999991,-11.351661228999944],[-75.40447160999997,-11.355340853999905],[-75.40329298399996,-11.358215478999966],[-75.40381048499995,-11.363591228999894],[-75.4054519849999,-11.368199603999813],[-75.40945960899995,-11.371791979999955],[-75.40957048499996,-11.375806228999977],[-75.40833198499996,-11.378695478999873],[-75.4098219849999,-11.382527228999834],[-75.4096663599999,-11.387772103999907],[-75.41389848499995,-11.389862728999958],[-75.4161489849999,-11.393578478999927],[-75.42371285899992,-11.391074229999845],[-75.42891298499995,-11.391118603999871],[-75.4311718589999,-11.39513285399994],[-75.43777098499993,-11.39929060399993],[-75.43759060999997,-11.403145103999918],[-75.43950248499993,-11.407259229999966],[-75.44185848399991,-11.40800497899994],[-75.44584160999989,-11.407920353999884],[-75.4501806099999,-11.410852604999945],[-75.45162073399996,-11.413266103999945],[-75.45289648499988,-11.422990228999936],[-75.45425710999996,-11.425278728999956],[-75.45728935999995,-11.42561072899997],[-75.46125785999993,-11.428937603999884],[-75.4622153599999,-11.432210353999949],[-75.45974023499997,-11.438326228999927],[-75.45979048499993,-11.440904978999924],[-75.46112060999997,-11.445760979999932],[-75.45844635999998,-11.449551479999911],[-75.45746648499994,-11.453432603999886],[-75.45955585999997,-11.456245729999921],[-75.46245735999997,-11.462021478999873],[-75.46463835999992,-11.465186478999954],[-75.46918698499996,-11.469685604999938],[-75.47152160999997,-11.472822479999877],[-75.47717185999994,-11.48299222999998],[-75.47946485999995,-11.48575435399988],[-75.47593935899994,-11.493323478999912],[-75.47222110999985,-11.495551228999943],[-75.47180810999998,-11.50032710399995],[-75.47373910899995,-11.504876853999974],[-75.47236360999989,-11.510246603999917],[-75.47084010899988,-11.512076603999901],[-75.47342160999995,-11.515536978999933],[-75.47395073499996,-11.52140935499989],[-75.47853910999999,-11.522992229999943],[-75.48065110999994,-11.521806228999878],[-75.48137748399984,-11.519175728999926],[-75.48478648499997,-11.518371104999972],[-75.48733210999995,-11.515285979999874],[-75.49280173499994,-11.51697785499988],[-75.49363823499988,-11.512959853999973],[-75.49763685999989,-11.509450603999937],[-75.50050623399989,-11.512015103999943],[-75.50715035999997,-11.513171978999935],[-75.50897610899995,-11.515609728999948],[-75.51153048499998,-11.516492979999896],[-75.51254198499993,-11.511886353999955],[-75.51987273499992,-11.504160978999892],[-75.5241318599999,-11.497941353999977],[-75.53003248499988,-11.493862103999959],[-75.53269123499996,-11.494167978999883],[-75.53400885999991,-11.496497353999871],[-75.53607923499999,-11.496614978999844],[-75.54022773499997,-11.500846603999946],[-75.54059785999993,-11.50448735499998],[-75.54215985999997,-11.505746228999953],[-75.54720998499988,-11.503589978999912],[-75.55118185999999,-11.511247978999904],[-75.55190235899994,-11.513976604999982],[-75.5511376099999,-11.518607728999939]]]},"properties":{"ubigeo":"110500","nombre":"TARMA"}},{"type":"Feature","geometry":{"type":"Polygon","coordinates":[[[-75.89184823499988,-11.797568979999937],[-75.89361723499997,-11.800084979999895],[-75.89831235999998,-11.803257354999914],[-75.89623235999983,-11.810154354999952],[-75.89634373499996,-11.814277354999945],[-75.90068960999992,-11.821724729999971],[-75.90146698499996,-11.8237891039999],[-75.9011036099999,-11.82924522999997],[-75.8980409859999,-11.83931635499988],[-75.89559185999997,-11.844921853999892],[-75.89802535999996,-11.8523106049999],[-75.90017748499992,-11.856086104999918],[-75.90213985999992,-11.857267104999949],[-75.90443985999997,-11.860408479999876],[-75.90496785999989,-11.86587185399992],[-75.90210611099997,-11.869183353999915],[-75.9066542359999,-11.873640604999935],[-75.91174998499997,-11.873246104999907],[-75.91669535999989,-11.875525228999834],[-75.92109760999989,-11.87647072999988],[-75.92693873499985,-11.875383979999867],[-75.93337910999998,-11.873156103999918],[-75.93554448499992,-11.86961010399989],[-75.94410698499996,-11.86921110399993],[-75.94655336099999,-11.870194979999951],[-75.95574710999995,-11.870492854999895],[-75.95664498499997,-11.874107354999921],[-75.95815248499991,-11.876533354999935],[-75.96246748499982,-11.87831360499996],[-75.96657285999993,-11.878674229999945],[-75.97438486099998,-11.88343872999991],[-75.97562836099985,-11.886657229999855],[-75.97872485999989,-11.891338478999955],[-75.98172385999999,-11.89336222999998],[-75.98401573599989,-11.893679229999975],[-75.9879899849999,-11.896214978999922],[-75.98980185999989,-11.896172978999914],[-75.99347598499998,-11.899628479999933],[-75.99789448499996,-11.89886910499996],[-76.00715086099996,-11.89939460499994],[-76.00991798499996,-11.900056604999975],[-76.01161098499989,-11.902893104999919],[-76.01565660999995,-11.904036479999945],[-76.01951986099994,-11.901004353999895],[-76.02004698599995,-11.898737478999976],[-76.02433011099998,-11.89763472999988],[-76.02962223499998,-11.90735485499988],[-76.02976023499991,-11.908903104999979],[-76.02660973599984,-11.912753603999931],[-76.02843010999999,-11.914830729999892],[-76.02864760999995,-11.918121854999981],[-76.03377885999998,-11.929179353999814],[-76.0362717349999,-11.932797728999958],[-76.03901698499993,-11.932180229999858],[-76.04061798499998,-11.935948853999946],[-76.04495160999988,-11.937412604999963],[-76.0518614859999,-11.938962104999916],[-76.05516373599994,-11.9379272299999],[-76.05531235999996,-11.934774729999958],[-76.05367598499993,-11.930977353999879],[-76.05424073499995,-11.927491854999971],[-76.05711098499995,-11.92476285499987],[-76.05601448499988,-11.920717479999894],[-76.05802223499995,-11.916603603999874],[-76.05822073599984,-11.912808604999952],[-76.05183536099997,-11.910702353999909],[-76.05033898499988,-11.909600729999909],[-76.05080848499983,-11.906670603999942],[-76.04976835999992,-11.901086604999932],[-76.05185311099996,-11.899567229999889],[-76.05131110999992,-11.892237979999948],[-76.05679873599996,-11.884572853999941],[-76.05817948599997,-11.879958228999953],[-76.05971523499994,-11.878614479999897],[-76.07025923499998,-11.87219972999992],[-76.0744038609999,-11.869008104999978],[-76.07842973499993,-11.86310160399995],[-76.08458985999988,-11.860382853999965],[-76.08877936099998,-11.854526603999943],[-76.09055335999994,-11.85058110499989],[-76.0948112349999,-11.847904728999936],[-76.09757273599996,-11.841235853999933],[-76.09811686099994,-11.836854854999956],[-76.1018371099999,-11.833073479999939],[-76.10416623599997,-11.831645478999974],[-76.10610985999995,-11.827785479999932],[-76.10610985999995,-11.824144479999916],[-76.11068173499996,-11.818477603999895],[-76.11259798499998,-11.811578853999947],[-76.11610173599996,-11.807932479999863],[-76.11813986099992,-11.804038103999972],[-76.12193223499992,-11.80088847999997],[-76.12520910999996,-11.795453979999877],[-76.13349735999998,-11.792377728999895],[-76.13504998499991,-11.79071922999998],[-76.13509311099995,-11.787571353999965],[-76.13694535999997,-11.780957229999899],[-76.1413198599999,-11.778600104999839],[-76.14374998499989,-11.776575354999977],[-76.14430423599993,-11.779572229999872],[-76.14607661099996,-11.78195535499998],[-76.1499212359999,-11.78370122999985],[-76.15438086099994,-11.781388604999904],[-76.15784798599992,-11.777200978999872],[-76.16414335999997,-11.772141729999873],[-76.16509198599988,-11.769525729999884],[-76.16808160999994,-11.767772228999945],[-76.16905898599992,-11.765673729999946],[-76.17288285999996,-11.762560729999961],[-76.17248635999994,-11.75597010499996],[-76.17538011099998,-11.75037535499996],[-76.17805473499993,-11.748705104999885],[-76.1826924859999,-11.744123979999927],[-76.18609036099991,-11.739224728999943],[-76.1888942349999,-11.73772235399997],[-76.19675161099997,-11.738545479999857],[-76.19820498499996,-11.737808979999954],[-76.20232773499993,-11.728049229999954],[-76.20074223499995,-11.722639729999912],[-76.20245073599989,-11.719441229999916],[-76.20185510999994,-11.716629979999936],[-76.20308010999992,-11.714396353999973],[-76.20336773599996,-11.708564729999921],[-76.20517310999992,-11.706839228999968],[-76.20733010999987,-11.702429478999875],[-76.20750285999998,-11.69978610399994],[-76.20480186099985,-11.694551979999915],[-76.20179460999998,-11.692526978999979],[-76.1972101099999,-11.693378853999945],[-76.19454886099999,-11.688554728999918],[-76.19425760999997,-11.68601410499997],[-76.19541911099998,-11.68068110399986],[-76.19665336099996,-11.678996978999976],[-76.19604786099995,-11.67672760499994],[-76.1932974849999,-11.67348697999995],[-76.19651711099993,-11.669972479999956],[-76.19950123499996,-11.669972478999966],[-76.20186660999997,-11.668141979999916],[-76.20488273499996,-11.659531103999882],[-76.1988642359999,-11.654787728999963],[-76.1970212359999,-11.651588728999968],[-76.19244585999996,-11.648376228999894],[-76.18859935999996,-11.643696729999874],[-76.18829235999993,-11.642386729999942],[-76.19083036099988,-11.637719978999883],[-76.19128048499994,-11.633727354999962],[-76.19482823499999,-11.631182229999979],[-76.19516248599996,-11.62963985399989],[-76.19878223499995,-11.627549353999939],[-76.1982866109999,-11.624249479999946],[-76.19473885999997,-11.619663603999925],[-76.18949611099998,-11.617532479999966],[-76.1862244859999,-11.614091603999952],[-76.1806876099999,-11.61443110499988],[-76.17980948499991,-11.610916728999882],[-76.18244136099997,-11.606912103999946],[-76.18570560999996,-11.60586472999995],[-76.18786873599998,-11.60231360399996],[-76.18731985999995,-11.597826103999978],[-76.18770711099995,-11.592789853999932],[-76.19070961099993,-11.588883479999936],[-76.19329235999993,-11.587462978999895],[-76.19639161099997,-11.588592854999945],[-76.19939398599996,-11.58843147999994],[-76.20243948599995,-11.58406385399985],[-76.2048068609999,-11.57965235499995],[-76.20550073599992,-11.57442210499994],[-76.21043073599998,-11.573300728999982],[-76.21313373499999,-11.571212228999912],[-76.21693236099998,-11.571570979999933],[-76.2175357349999,-11.565485229999979],[-76.22045786099989,-11.563245853999888],[-76.2237051109999,-11.562733229999935],[-76.22598998599995,-11.558954103999952],[-76.22581911099996,-11.55690422899994],[-76.2273398609999,-11.55389447899995],[-76.22968010999995,-11.554211853999902],[-76.23212048499994,-11.556440229999964],[-76.23214110999999,-11.560310854999955],[-76.2348526109999,-11.563806978999935],[-76.23741360999998,-11.569009103999974],[-76.24292973599995,-11.566455978999954],[-76.24459185999996,-11.566431104999936],[-76.25453573599998,-11.569033353999941],[-76.26202211099991,-11.566670353999825],[-76.26472948499992,-11.567194478999909],[-76.26868886099999,-11.570629728999961],[-76.2704647359999,-11.574239729999931],[-76.27184373499989,-11.580121103999943],[-76.27521998599991,-11.583489978999978],[-76.27812298599991,-11.583836353999857],[-76.28245598599989,-11.58665297899995],[-76.28678873599983,-11.59123260399997],[-76.29285848499995,-11.58878210499995],[-76.29542673599991,-11.591085353999858],[-76.29671123499998,-11.595866104999914],[-76.29765036099997,-11.596173854999961],[-76.2973687349999,-11.592316853999876],[-76.29914260999988,-11.587179229999947],[-76.30118710999994,-11.584796228999949],[-76.30133423599995,-11.581018478999852],[-76.29972561099999,-11.576761853999926],[-76.30025623599994,-11.574411228999907],[-76.30436960999998,-11.567527978999976],[-76.30780136099997,-11.564508854999929],[-76.30997735999989,-11.56354172999994],[-76.31349573599988,-11.564058729999829],[-76.31751448499995,-11.562699604999978],[-76.32067798599996,-11.55690022999994],[-76.32126761099988,-11.553214853999918],[-76.32582648599998,-11.55211860399993],[-76.32540361099996,-11.54831747999998],[-76.32785986099998,-11.544322729999976],[-76.33213861099989,-11.54250972999995],[-76.3377934859999,-11.542932229999906],[-76.33940085999984,-11.544526603999941],[-76.35000248499995,-11.542297978999954],[-76.34906723599994,-11.538444353999921],[-76.34926461099991,-11.530910478999829],[-76.34866036099999,-11.528165353999952],[-76.35092210999994,-11.520068353999875],[-76.3538376109999,-11.520487103999812],[-76.35939948499993,-11.522867479999945],[-76.36165436099998,-11.520294228999944],[-76.36175648599993,-11.514571478999926],[-76.37166498599998,-11.50521335399992],[-76.37335885999994,-11.502285728999823],[-76.37683911099998,-11.50148860399986],[-76.37640548499996,-11.498128478999945],[-76.37821086099996,-11.492693228999883],[-76.38101573499995,-11.486344603999953],[-76.37995985999999,-11.482668978999868],[-76.3779902359999,-11.481013729999972],[-76.37365048499993,-11.480559478999965],[-76.37203886099996,-11.478796853999938],[-76.37150998599992,-11.475523228999975],[-76.37299960999997,-11.466433603999917],[-76.37484023599995,-11.464196103999882],[-76.37724223499993,-11.449164104999909],[-76.37740823499996,-11.444220728999937],[-76.37945610999998,-11.443708104999871],[-76.38361323599992,-11.445390603999897],[-76.38799223499996,-11.44642972899993],[-76.39277698599989,-11.445860353999876],[-76.39434060999997,-11.445007478999912],[-76.39968836099996,-11.436488228999963],[-76.40510548599997,-11.425488228999939],[-76.40581448499995,-11.42331635499994],[-76.41183186099983,-11.414597353999966],[-76.40761411099999,-11.410905353999965],[-76.40429085999989,-11.409225478999929],[-76.40141798599996,-11.402851728999963],[-76.40368261099997,-11.399526603999846],[-76.4035952349999,-11.397675103999973],[-76.40798286099994,-11.390432603999955],[-76.41344323599992,-11.384928353999896],[-76.41295598499994,-11.382004978999873],[-76.41411060999997,-11.379552854999929],[-76.41929361099994,-11.376021853999873],[-76.42040148599995,-11.373660603999838],[-76.42054960999991,-11.364858603999949],[-76.42222811099998,-11.360672853999915],[-76.42268361099991,-11.35485547899998],[-76.42780985999997,-11.351517728999966],[-76.42934360999993,-11.346981728999879],[-76.43174798599995,-11.345562479999955],[-76.43675973499984,-11.347029353999915],[-76.44335548499998,-11.347281103999876],[-76.44834386099996,-11.34591560399997],[-76.45097261099994,-11.343904354999893],[-76.45702348599985,-11.33442772899997],[-76.45726760999997,-11.33258985499998],[-76.45945086099988,-11.328516478999916],[-76.45964711099992,-11.325914353999906],[-76.46451561099997,-11.320456978999914],[-76.4627069849999,-11.31608985399987],[-76.46327248599988,-11.312510478999855],[-76.46760886099986,-11.307088728999872],[-76.47110973599996,-11.30341497899991],[-76.47259348499989,-11.299243978999868],[-76.47445111099995,-11.296545228999946],[-76.47769611099994,-11.293528853999874],[-76.47859498599996,-11.291275978999977],[-76.47698423499992,-11.287893228999963],[-76.47221623599995,-11.282658229999981],[-76.47077161099998,-11.27788872899987],[-76.46742186099993,-11.274876978999885],[-76.46489085999997,-11.27379660399987],[-76.46390048599989,-11.27115572899993],[-76.46086911099997,-11.270560603999968],[-76.45846836099992,-11.272940853999955],[-76.45780861099996,-11.269644478999965],[-76.46217386099994,-11.265824228999975],[-76.46698798599994,-11.264312728999869],[-76.47332986099997,-11.263852728999893],[-76.476630861,-11.264212853999936],[-76.48036910999997,-11.259234353999886],[-76.48393948599994,-11.257453104999854],[-76.48495511099998,-11.254186853999954],[-76.48780248599991,-11.25192447899991],[-76.49071485999985,-11.246595728999978],[-76.48906636099997,-11.244029353999906],[-76.4851152359999,-11.244230478999953],[-76.48445898599994,-11.24005472899995],[-76.4831992359999,-11.23694335399989],[-76.48411798599989,-11.230193853999936],[-76.48619636099983,-11.224093103999905],[-76.48785348599989,-11.222011728999917],[-76.48875948599988,-11.218459603999975],[-76.4940033609999,-11.210697978999974],[-76.49414848599992,-11.207884728999886],[-76.49362698599992,-11.206470728999932],[-76.49347661099983,-11.200148478999893],[-76.49189698599997,-11.197093228999961],[-76.49207723599994,-11.189313978999962],[-76.49511086099994,-11.1830066039999],[-76.49883523599993,-11.180303353999875],[-76.50072748599996,-11.176128353999957],[-76.50367098599997,-11.175347478999981],[-76.50556323499995,-11.173665478999908],[-76.50686910999991,-11.169785103999914],[-76.50640035999987,-11.168341853999948],[-76.50318010999996,-11.16602010399987],[-76.50263173499997,-11.16225185399992],[-76.50469223599993,-11.154863228999943],[-76.50493611099995,-11.145134853999878],[-76.50542198599999,-11.143135728999937],[-76.50831885999997,-11.140265603999978],[-76.50821773599995,-11.136697978999905],[-76.51046873599995,-11.13444335399987],[-76.51152111099998,-11.128102353999964],[-76.51761923599997,-11.121970228999828],[-76.51922661099991,-11.118089853999948],[-76.51840236099991,-11.11607810399994],[-76.51006648499998,-11.113850978999949],[-76.50563961099988,-11.111705478999966],[-76.49871398599998,-11.110586353999906],[-76.4953896099999,-11.10905897899994],[-76.49419036099994,-11.103698728999973],[-76.49229748599998,-11.102839103999884],[-76.49188848599988,-11.099437978999958],[-76.49305160999995,-11.093358478999903],[-76.49121286099995,-11.089441353999973],[-76.48454511099999,-11.086311978999959],[-76.48157636099984,-11.086101728999893],[-76.47752348599994,-11.083099603999926],[-76.47359573599988,-11.084479728999895],[-76.46457485999991,-11.08472897899992],[-76.46034173499987,-11.083275353999966],[-76.45824173599993,-11.078468978999922],[-76.45534573499992,-11.078244103999907],[-76.45191986099991,-11.079806603999941],[-76.44859311099998,-11.073582228999896],[-76.44680661099994,-11.07124735399998],[-76.43890198599996,-11.075774603999946],[-76.43545510999996,-11.079533228999878],[-76.43187286099999,-11.079893978999905],[-76.43000935999999,-11.076461103999975],[-76.42590436099994,-11.075636728999882],[-76.42098236099986,-11.077124978999962],[-76.41337498499996,-11.075822228999868],[-76.3972167359999,-11.075761728999964],[-76.39234961099999,-11.070421853999903],[-76.38615436099997,-11.07216010399992],[-76.38286523599993,-11.074896603999946],[-76.38357073499998,-11.080257728999982],[-76.3773622359999,-11.081412853999893],[-76.37077836099996,-11.084502603999908],[-76.35930648499988,-11.087544978999858],[-76.35353123499988,-11.091349603999959],[-76.35095898599997,-11.09419335399997],[-76.34872461099991,-11.093703103999928],[-76.34533011099995,-11.090789103999953],[-76.34139260999996,-11.084677853999949],[-76.3377988609999,-11.082740228999967],[-76.33550973599995,-11.082533228999978],[-76.33190236099989,-11.08359760399992],[-76.32997848599996,-11.085107478999873],[-76.32029685999993,-11.089679728999897],[-76.31807023499994,-11.091642603999958],[-76.31973248599996,-11.096679728999902],[-76.31787886099988,-11.11042185399998],[-76.31561323499994,-11.116472603999966],[-76.31156835999991,-11.124113228999931],[-76.30899798499996,-11.13145697899995],[-76.3079003599999,-11.1326641039999],[-76.30186836099989,-11.13378797899992],[-76.29371011099988,-11.133609978999914],[-76.28855998599994,-11.137829978999946],[-76.28447998599995,-11.13869997899991],[-76.28024998499995,-11.13816997899994],[-76.27712998499993,-11.140699978999919],[-76.2712599859999,-11.142689978999897],[-76.26764998599998,-11.146419978999972],[-76.26293998599994,-11.149599978999902],[-76.25744986099988,-11.151779978999912],[-76.25217998599993,-11.150520103999952],[-76.24957998599996,-11.146959978999973],[-76.24489998599995,-11.142979978999904],[-76.24152998499994,-11.143099978999885],[-76.23870998499984,-11.147389978999968],[-76.23273998499997,-11.150449978999916],[-76.22777998599992,-11.155599978999874],[-76.22387986099989,-11.15396997899984],[-76.2194399849999,-11.15040997899996],[-76.21462998499999,-11.150309978999871],[-76.21080998599996,-11.15267997899997],[-76.20711998499996,-11.150469978999979],[-76.20301998599996,-11.14922997899987],[-76.20191998499996,-11.15058997899996],[-76.20147986099994,-11.154489978999948],[-76.20583011099984,-11.158129978999966],[-76.20731998499991,-11.160969978999901],[-76.20887998499995,-11.169209978999959],[-76.20497773599999,-11.172618228999966],[-76.198431611,-11.171522353999933],[-76.19741860999994,-11.173234478999973],[-76.19780823499991,-11.179351853999947],[-76.19482736099985,-11.181670353999834],[-76.18999573599996,-11.18196260399992],[-76.18773573599998,-11.18356010399998],[-76.18345011099996,-11.182799978999924],[-76.18508998499993,-11.185639978999916],[-76.18770436099999,-11.1893164789999],[-76.1867053599999,-11.194498978999889],[-76.1901273599999,-11.198405478999916],[-76.19074061099991,-11.200482478999902],[-76.18757573499988,-11.203123103999815],[-76.1884559859999,-11.206752728999902],[-76.18428236099999,-11.212390103999894],[-76.18438123599998,-11.215129728999898],[-76.18264060999996,-11.217829728999845],[-76.18058348499994,-11.21901647899989],[-76.17662735999988,-11.218868103999966],[-76.16937798499993,-11.219797853999978],[-76.16775598499993,-11.22089560399985],[-76.16808236099996,-11.224910978999901],[-76.1723746109999,-11.225771478999945],[-76.17405598599993,-11.22807585399994],[-76.17356811099995,-11.230938978999973],[-76.17621998599992,-11.231769978999978],[-76.17754998499993,-11.235599978999971],[-76.17692998599995,-11.239749978999953],[-76.17736998599997,-11.242369978999932],[-76.17502998499998,-11.24571997899983],[-76.17089998499995,-11.25573997899994],[-76.16840998599997,-11.256679978999898],[-76.16736998499988,-11.25949997899994],[-76.16755998499997,-11.26333010399992],[-76.16612998599999,-11.265779978999944],[-76.16526998499995,-11.270149978999939],[-76.16355998599994,-11.272259978999898],[-76.15655998499994,-11.278559978999908],[-76.15607998599995,-11.281309978999957],[-76.15392998499993,-11.285599979999915],[-76.1518899859999,-11.287479978999954],[-76.14672998599991,-11.28886997899997],[-76.14126998499995,-11.294119978999845],[-76.13978998499988,-11.297609978999958],[-76.13867010999996,-11.305959978999908],[-76.13525011099995,-11.30765997899988],[-76.13404998499988,-11.310079978999909],[-76.13606998499995,-11.315369978999911],[-76.12898998599991,-11.319689978999975],[-76.12785998499993,-11.322299978999979],[-76.12420998599998,-11.325809978999871],[-76.12225985999993,-11.324719978999951],[-76.12092998499998,-11.327469978999943],[-76.11682998499998,-11.330499978999967],[-76.11171998499998,-11.331979978999982],[-76.10811998499997,-11.335489979999863],[-76.10660998499992,-11.341949978999935],[-76.10657998499994,-11.348179978999895],[-76.10543923599988,-11.352952103999883],[-76.10160686099994,-11.355545353999958],[-76.10057535999988,-11.357409853999968],[-76.09689460999988,-11.360908479999978],[-76.09602223499991,-11.363208978999978],[-76.09559098499994,-11.36952585399996],[-76.09356698499988,-11.374113103999889],[-76.08670136099988,-11.379971853999962],[-76.08377198599999,-11.386517103999893],[-76.08239998599998,-11.387959978999902],[-76.07741998499995,-11.384999978999872],[-76.07075585999996,-11.387415978999854],[-76.06758885999994,-11.383706353999969],[-76.06510073599992,-11.382964353999853],[-76.06221423599993,-11.384629228999927],[-76.05969335999998,-11.383013728999913],[-76.05594323499997,-11.378710603999878],[-76.04855573599997,-11.3763601039999],[-76.04696173499997,-11.371797729999969],[-76.04257560999997,-11.37179772899998],[-76.03738898599988,-11.378661103999946],[-76.03418360999996,-11.377356228999815],[-76.03157660999995,-11.374557228999947],[-76.03045548499989,-11.374845228999959],[-76.02799623499999,-11.379724979999878],[-76.02366298599992,-11.378436478999845],[-76.02093211,-11.373719353999888],[-76.01838673499998,-11.373447228999964],[-76.01331248499997,-11.375671853999961],[-76.01105623599989,-11.373296478999976],[-76.00831073499995,-11.367775104999964],[-76.00635473599993,-11.36525985399993],[-76.00445935999994,-11.364598478999937],[-76.00005498599995,-11.364739353999937],[-75.99178448499998,-11.362403353999923],[-75.98738560999993,-11.358535853999854],[-75.98226635999998,-11.35868510399996],[-75.97919998499998,-11.357909979999931],[-75.97819711099993,-11.355309228999943],[-75.97600248499998,-11.353316603999929],[-75.97154536099998,-11.353461728999946],[-75.96911273499995,-11.350806229999876],[-75.97051360999995,-11.344415478999906],[-75.96908448499994,-11.342495853999878],[-75.96398661099994,-11.339594978999969],[-75.96177348599997,-11.334601979999945],[-75.96018998599993,-11.333323978999942],[-75.95705685999997,-11.334071604999906],[-75.95388673499986,-11.336889353999936],[-75.95055660999992,-11.338810728999817],[-75.94636173499993,-11.342429103999962],[-75.93944523499994,-11.347132228999897],[-75.93292085999991,-11.354617103999885],[-75.92499561099999,-11.36010072899984],[-75.92131335999989,-11.363903353999945],[-75.91827123499996,-11.367917228999886],[-75.91338548499994,-11.372757853999929],[-75.90863873499995,-11.376477978999958],[-75.90947423499989,-11.378852603999974],[-75.91286023499993,-11.383381978999921],[-75.91267023499984,-11.384491103999949],[-75.90797911099997,-11.38685597999995],[-75.90450510999989,-11.391165478999937],[-75.89601798599995,-11.396354353999982],[-75.89271998499999,-11.399124729999812],[-75.88412298499992,-11.402263478999885],[-75.88269398499989,-11.403179978999958],[-75.89405998499996,-11.407339978999914],[-75.89770998599994,-11.409689854999897],[-75.90215998499991,-11.410539853999978],[-75.90690998499991,-11.414149978999887],[-75.91002998499994,-11.415289978999908],[-75.91286998499993,-11.41385997899988],[-75.91638285999989,-11.415831978999904],[-75.91675723499998,-11.420852228999877],[-75.91518435999996,-11.42540047999995],[-75.91496923499989,-11.430509104999885],[-75.91238810999994,-11.432767604999981],[-75.90848298499992,-11.431750354999906],[-75.90571373499995,-11.437307603999898],[-75.90266573499991,-11.438912978999952],[-75.90254111099983,-11.442715103999944],[-75.89559623499997,-11.453614853999966],[-75.89433010999988,-11.457562104999965],[-75.89250498499996,-11.460400978999928],[-75.88911735999989,-11.46862785399992],[-75.88621060999998,-11.474218478999944],[-75.88031048499988,-11.482462354999825],[-75.87937023499995,-11.484613603999833],[-75.87438998499994,-11.490928728999904],[-75.8719896099999,-11.496206478999966],[-75.87238573499991,-11.501678728999934],[-75.87091998499989,-11.507081353999865],[-75.86835948499993,-11.50954497899994],[-75.86487048499993,-11.509526103999974],[-75.8593053599999,-11.505406603999916],[-75.8504397349999,-11.51155010499997],[-75.83921948499994,-11.52239110399995],[-75.83356448499995,-11.529710978999958],[-75.83087885999993,-11.5322051039999],[-75.82682798499997,-11.53709960499998],[-75.82101273499995,-11.54136735399993],[-75.8167968599999,-11.542970728999933],[-75.81162098499993,-11.546931853999922],[-75.8082041099999,-11.547586103999947],[-75.80507848499997,-11.546868353999912],[-75.80176360999997,-11.54477310399983],[-75.79852798499991,-11.54901797899987],[-75.79503673499988,-11.556583103999913],[-75.78742998499996,-11.559237603999975],[-75.78515110999996,-11.565780478999898],[-75.78372060999999,-11.574941853999974],[-75.78371423499993,-11.58041572999997],[-75.78198210999994,-11.584514353999907],[-75.7816391099999,-11.588005728999974],[-75.77990810999995,-11.589547604999893],[-75.7766367349999,-11.59042822999993],[-75.77604260999993,-11.595204978999902],[-75.77480685999996,-11.599102478999896],[-75.77030823499996,-11.604479728999934],[-75.76919835999996,-11.608584728999915],[-75.76634648499999,-11.610723478999887],[-75.76484748499996,-11.613990353999895],[-75.76460960999998,-11.617714478999858],[-75.76586910999998,-11.621790978999968],[-75.75759098499992,-11.628328604999922],[-75.75789360999994,-11.631720603999895],[-75.75539048499996,-11.635540978999927],[-75.75644048499998,-11.639570604999903],[-75.75490810999992,-11.641471854999907],[-75.75221223499994,-11.642663729999924],[-75.74532273499995,-11.644172104999939],[-75.74153748499992,-11.647398228999975],[-75.73909173499999,-11.651227354999833],[-75.73558073599992,-11.65489435499984],[-75.72822935999989,-11.664025479999964],[-75.72302998499993,-11.672635853999964],[-75.72020748499989,-11.676014603999931],[-75.71934210999996,-11.67949635499997],[-75.71701410999998,-11.684379104999948],[-75.71596698499997,-11.691299103999881],[-75.71537510999991,-11.700752729999977],[-75.71230235999997,-11.704323854999927],[-75.70148460999991,-11.711189728999955],[-75.7002779849999,-11.713004479999825],[-75.70256635999988,-11.715516979999961],[-75.70684998499996,-11.718039978999911],[-75.70972985999992,-11.721309978999841],[-75.71353998499995,-11.722989979999909],[-75.71673998499995,-11.727119979999884],[-75.71853998499995,-11.730539978999957],[-75.7222299849999,-11.732069978999903],[-75.72406998499991,-11.733679978999874],[-75.72806998499993,-11.739899979999905],[-75.73078998499994,-11.7421799789999],[-75.73449998499996,-11.746779979999928],[-75.74102648499996,-11.748559228999966],[-75.74224473499993,-11.750021104999973],[-75.74411910999993,-11.756478229999914],[-75.75113048499998,-11.769527478999919],[-75.75464523499994,-11.774746979999975],[-75.75829373499994,-11.776213479999967],[-75.76133423599987,-11.774711104999938],[-75.76776248499988,-11.774376354999958],[-75.7705997349999,-11.77689510499988],[-75.77651685999984,-11.775971603999949],[-75.78079285999996,-11.776962479999952],[-75.78288285999997,-11.778436604999968],[-75.78786723499991,-11.784768103999909],[-75.79103510999994,-11.786173854999959],[-75.79782035999989,-11.790244104999942],[-75.81496060999996,-11.789636104999829],[-75.81730960999988,-11.788309728999934],[-75.81925923499989,-11.784602353999958],[-75.8221661099999,-11.783677978999947],[-75.82438935999988,-11.778306603999965],[-75.82618710999998,-11.775485104999916],[-75.83226248599993,-11.769848978999903],[-75.83470823499988,-11.768711354999937],[-75.84117385999991,-11.768191354999885],[-75.84710823499995,-11.768825104999905],[-75.85504248499996,-11.76758972999994],[-75.86280198499992,-11.769245104999925],[-75.87366548499995,-11.770227979999902],[-75.88220098499988,-11.775038853999945],[-75.88983336099989,-11.78162747999994],[-75.89314448499994,-11.78362885499996],[-75.89391335999989,-11.790060229999938],[-75.89184823499988,-11.797568979999937]]]},"properties":{"ubigeo":"110600","nombre":"YAULI"}},{"type":"Feature","geometry":{"type":"Polygon","coordinates":[[[-73.9848957339999,-12.25327260499995],[-73.98712510799999,-12.26135397999991],[-73.98638198299994,-12.268320729999914],[-73.98879710799986,-12.273986979999961],[-73.99418473299994,-12.279931854999973],[-73.99771985899997,-12.282511479999869],[-74.00198110899993,-12.284033355999952],[-74.00423348299995,-12.28348547999991],[-74.00803360799995,-12.279674354999884],[-74.0096774829999,-12.278860479999878],[-74.01895685799997,-12.278411479999932],[-74.02187548399996,-12.277363854999862],[-74.02554235899993,-12.273322729999961],[-74.03098960899996,-12.270573729999967],[-74.03368698299988,-12.267814979999969],[-74.03776373399995,-12.262297604999901],[-74.04021585799995,-12.261469979999902],[-74.04220823399999,-12.26291072999993],[-74.04481373399989,-12.266404979999947],[-74.04956485899999,-12.266803479999965],[-74.05505160799993,-12.269316979999928],[-74.05643098399992,-12.271247979999828],[-74.05744248399998,-12.275048980999884],[-74.05928160899998,-12.276550854999925],[-74.06253073299996,-12.277102604999982],[-74.06462223299991,-12.278445354999974],[-74.0688224829999,-12.276653229999965],[-74.07100660799995,-12.277101229999971],[-74.07504560799993,-12.281042729999967],[-74.07673735799995,-12.281902979999927],[-74.07989148399997,-12.280985354999927],[-74.09342535899992,-12.282820479999884],[-74.09735360899998,-12.283709354999871],[-74.09835723299989,-12.284913604999872],[-74.09855798399997,-12.288239854999915],[-74.10128198399985,-12.301859729999933],[-74.10136798399986,-12.304010479999874],[-74.10371923399998,-12.30811060499991],[-74.10371923299988,-12.30963035499991],[-74.10357585899993,-12.311952854999959],[-74.10598448299999,-12.315336354999943],[-74.11229260899995,-12.31926460499983],[-74.1162208589999,-12.325687604999871],[-74.11805598399997,-12.330389979999836],[-74.12143948299996,-12.33360147999997],[-74.1251671089999,-12.333859479999944],[-74.12918148399996,-12.332081729999913],[-74.13078710899998,-12.328841605999969],[-74.13130323399986,-12.32303522999996],[-74.13090185799996,-12.320655354999872],[-74.12969748299997,-12.317988854999953],[-74.13115998299997,-12.314605104999941],[-74.1352028579999,-12.315752104999888],[-74.14033548299994,-12.316153604999897],[-74.14466510799997,-12.32008197999994],[-74.14460785899996,-12.323952854999959],[-74.1473318589999,-12.324382729999911],[-74.15209160799992,-12.323092604999943],[-74.15931735799995,-12.321142729999963],[-74.16155385899998,-12.319164354999884],[-74.1652528589999,-12.31317147999988],[-74.16760410799992,-12.312368604999904],[-74.17666485899991,-12.31414647999992],[-74.17967560899996,-12.317415229999938],[-74.1820268589999,-12.317271854999944],[-74.18761823299991,-12.314375979999909],[-74.18734910799992,-12.306635229999813],[-74.18673973399996,-12.30435035499994],[-74.18745060799989,-12.303487229999917],[-74.19336573299995,-12.301913229999911],[-74.19989010899991,-12.302547979999758],[-74.20237798399995,-12.301176979999923],[-74.20694760899988,-12.298282979999897],[-74.20887698399991,-12.298866854999915],[-74.2115679829999,-12.302573354999879],[-74.21326885899992,-12.303436479999903],[-74.21659448399993,-12.302903354999955],[-74.21956473399996,-12.30092060499993],[-74.22192573399997,-12.298305854999967],[-74.22195110899997,-12.296579479999934],[-74.21829535799998,-12.293406229999903],[-74.21578210899997,-12.29198447999994],[-74.21573135899996,-12.290588229999969],[-74.21725448399985,-12.289486479999937],[-74.22037710899991,-12.287633229999926],[-74.22004735899992,-12.282503854999959],[-74.21826060899997,-12.279323229999875],[-74.21804260899995,-12.278080229999887],[-74.21913260899998,-12.277349354999899],[-74.22086060899989,-12.27680435499991],[-74.22255160899982,-12.276909604999844],[-74.22520060899996,-12.276615479999919],[-74.22729460799997,-12.27202335499993],[-74.23042910899994,-12.268594479999933],[-74.23197073399996,-12.267719979999924],[-74.23446785899989,-12.267895604999978],[-74.23705610799993,-12.269504604999895],[-74.24240523299994,-12.270628354999872],[-74.24550985899992,-12.269479229999945],[-74.24759160899998,-12.267016729999852],[-74.24774385899997,-12.264602479999951],[-74.24737435899993,-12.258968729999822],[-74.24799860899998,-12.2578009799999],[-74.24902635899991,-12.257499354999936],[-74.25544573399992,-12.257250229999897],[-74.25632710899993,-12.257044604999976],[-74.25753885899991,-12.256442354999933],[-74.25911710799994,-12.254478229999904],[-74.26173198399994,-12.248740854999824],[-74.26249360899999,-12.247268479999946],[-74.26574310899991,-12.243993604999957],[-74.26983035899997,-12.239347854999949],[-74.27351135799995,-12.239474729999813],[-74.27858873399998,-12.239906479999831],[-74.28338673399992,-12.240997979999975],[-74.28488460899996,-12.239677854999911],[-74.2857984829999,-12.238383104999912],[-74.28733048399994,-12.236269229999891],[-74.28963223399995,-12.233526979999908],[-74.29155985899985,-12.23044272999988],[-74.29171173399999,-12.22973772999984],[-74.29034273399992,-12.224572854999963],[-74.29085048399986,-12.223404979999884],[-74.29520973399997,-12.224596729999973],[-74.29726260899997,-12.226036104999878],[-74.30251823399988,-12.226163104999898],[-74.30414598399994,-12.225879229999975],[-74.3067531079999,-12.22497822999992],[-74.30967148399998,-12.223617604999959],[-74.30997660799989,-12.223597729999938],[-74.3105252339999,-12.223634104999917],[-74.3132668589999,-12.225410604999922],[-74.31371810899992,-12.226493354999889],[-74.31402173399994,-12.227815729999975],[-74.31429698399995,-12.22977510499993],[-74.31461235799992,-12.23081797999987],[-74.31523885799999,-12.23121472999992],[-74.32085873299985,-12.230354229999932],[-74.32187298399992,-12.229777104999812],[-74.32278685899996,-12.228964729999916],[-74.3250716089999,-12.226682479999909],[-74.32960885899996,-12.22269010499997],[-74.33553098399994,-12.216482104999955],[-74.33649560899994,-12.214197229999911],[-74.33549235899994,-12.212838354999917],[-74.33066648399989,-12.212076229999923],[-74.33000110899991,-12.21041197999989],[-74.33262035899992,-12.206750979999924],[-74.33223073399995,-12.202130979999936],[-74.33304310799997,-12.19758685499994],[-74.33530248399995,-12.193245729999944],[-74.33728260899994,-12.192509479999956],[-74.34032898299995,-12.19494660499987],[-74.34423860899994,-12.19532735499996],[-74.34497985899998,-12.19427485499989],[-74.34486685899998,-12.193295854999974],[-74.34457473399993,-12.191026229999977],[-74.3480973589999,-12.185182854999823],[-74.3514861089999,-12.176395479999883],[-74.34842848399995,-12.175033104999955],[-74.34713735899999,-12.17438972999986],[-74.34594560899995,-12.173736729999916],[-74.3444258589999,-12.172770979999939],[-74.3432988589999,-12.169089479999968],[-74.3443456089999,-12.167411854999898],[-74.34567798399985,-12.165959104999956],[-74.3489837329999,-12.164706854999906],[-74.3503601089999,-12.16466172999992],[-74.35329735799985,-12.164545604999887],[-74.35463598399991,-12.16425247999996],[-74.3563716079999,-12.163104104999888],[-74.35704785899992,-12.162252604999878],[-74.36045373399998,-12.157619604999809],[-74.36130523399993,-12.15522285499992],[-74.36097960899997,-12.152993979999962],[-74.3587257339999,-12.149112229999957],[-74.35819323299984,-12.148695854999971],[-74.35379210899993,-12.1486113549999],[-74.35292960899989,-12.148401604999947],[-74.35276685899998,-12.14829447999989],[-74.35230623399991,-12.147255479999899],[-74.35231460899996,-12.144829729999913],[-74.35226448399999,-12.144053354999812],[-74.35163835899988,-12.141548979999982],[-74.3514743589999,-12.137575604999938],[-74.35304085899992,-12.135864104999882],[-74.35426798399993,-12.13551347999993],[-74.35642685899995,-12.135509604999868],[-74.35744498399998,-12.135832604999962],[-74.3587257339999,-12.137116354999876],[-74.36042873299988,-12.138693979999914],[-74.36165598399998,-12.138618979999933],[-74.36348398399997,-12.137842604999832],[-74.36491148299996,-12.135688854999955],[-74.36566594002454,-12.134524784367272],[-74.36539003847957,-12.134130018362157],[-74.36538943841293,-12.134129292314679],[-74.3657116,-12.1343042],[-74.3659006,-12.1340087],[-74.3661385,-12.1338106],[-74.3679668,-12.1320075],[-74.3696696,-12.1305299],[-74.3737507,-12.1275929],[-74.3758321,-12.1250439],[-74.3773234,-12.1230929],[-74.3785787,-12.1213516],[-74.3798983,-12.119925],[-74.380703,-12.1191383],[-74.3816364,-12.1184669],[-74.383117,-12.1175858],[-74.3851018,-12.1165158],[-74.3862763,-12.1153501],[-74.3883741,-12.1136206],[-74.389168,-12.1129493],[-74.3907452,-12.1116066],[-74.3925905,-12.1107149],[-74.3947256,-12.110075],[-74.3953586,-12.1094141],[-74.3958521,-12.1084385],[-74.3963885,-12.106844],[-74.3972683,-12.1053649],[-74.3984377,-12.1038963],[-74.3994677,-12.1031305],[-74.4000578,-12.1030151],[-74.4010663,-12.1031724],[-74.4018495,-12.1033822],[-74.4030726,-12.1038963],[-74.4045746,-12.1051341],[-74.4057763,-12.1061936],[-74.4070959,-12.1071273],[-74.4079006,-12.1076623],[-74.4083727,-12.1077042],[-74.4090057,-12.1074944],[-74.4099176,-12.1068231],[-74.4105613,-12.1058894],[-74.4111836,-12.1042005],[-74.4115913,-12.1029521],[-74.4117824,-12.1020789],[-74.4123797,-12.1011237],[-74.4124474,-12.1010675],[-74.4132274,-12.1004352],[-74.4139847,-12.0998212],[-74.4143059,-12.0997245],[-74.4155234,-12.0993457],[-74.4164085,-12.098857],[-74.4170359,-12.0984014],[-74.417419,-12.0979522],[-74.4179338,-12.0970806],[-74.4184772,-12.0959936],[-74.4192263,-12.0947011],[-74.41952,-12.0937759],[-74.4195348,-12.0929091],[-74.4194173,-12.0913521],[-74.4194467,-12.0899715],[-74.4193268,-12.0882548],[-74.4192195,-12.0878456],[-74.4190317,-12.0875886],[-74.4187743,-12.0873158],[-74.4181982,-12.0870191],[-74.4164461,-12.0860464],[-74.4151855,-12.0850025],[-74.4145417,-12.0846406],[-74.4143647,-12.0842629],[-74.4141823,-12.08356],[-74.4140965,-12.0827365],[-74.414056,-12.0823174],[-74.4141294,-12.0817005],[-74.4144988,-12.0809005],[-74.4147885,-12.0801241],[-74.4148421,-12.0793898],[-74.4147885,-12.0787918],[-74.4147349,-12.0781413],[-74.4145203,-12.0774908],[-74.4143647,-12.0767932],[-74.4143003,-12.0765309],[-74.4142789,-12.0763683],[-74.4143111,-12.0761951],[-74.414354,-12.0759906],[-74.4145364,-12.0756916],[-74.4150513,-12.075188],[-74.4167841,-12.0743382],[-74.417299,-12.0739605],[-74.4179857,-12.0730529],[-74.4185865,-12.0718149],[-74.4190908,-12.0704825],[-74.4198471,-12.0688301],[-74.4202495,-12.0684314],[-74.4208878,-12.0679225],[-74.4212955,-12.0676812],[-74.4219232,-12.067377],[-74.4225186,-12.0672458],[-74.4229907,-12.0672406],[-74.423731,-12.0674137],[-74.425292,-12.0684681],[-74.4268789,-12.0695386],[-74.4282009,-12.0705667],[-74.4295836,-12.0715107],[-74.4308925,-12.0718254],[-74.4314396,-12.0716786],[-74.4320083,-12.0712904],[-74.4326198,-12.0707553],[-74.4333816,-12.0700838],[-74.4338751,-12.0693704],[-74.4345403,-12.0682897],[-74.4348192,-12.0675448],[-74.4351304,-12.0666216],[-74.4356346,-12.0654255],[-74.4361174,-12.0645966],[-74.4372929,-12.0624001],[-74.437851,-12.0612544],[-74.4386148,-12.0598737],[-74.4400549,-12.0575985],[-74.4402695,-12.0566647],[-74.4403446,-12.0561191],[-74.4403875,-12.0556574],[-74.4402158,-12.0551328],[-74.4397899,-12.054276],[-74.439497,-12.0531603],[-74.4395399,-12.0524048],[-74.4396472,-12.0518907],[-74.4399691,-12.0515549],[-74.4403339,-12.0510303],[-74.4405377,-12.0506211],[-74.4409883,-12.0499181],[-74.4419861,-12.0488059],[-74.4426727,-12.047935],[-74.4430804,-12.0473789],[-74.4431126,-12.0468858],[-74.4429195,-12.0464871],[-74.4426513,-12.0462248],[-74.4424796,-12.0458785],[-74.4425333,-12.0454168],[-74.4427693,-12.045102],[-74.4429195,-12.0449447],[-74.4433701,-12.0448083],[-74.4438744,-12.0447663],[-74.4443786,-12.0448922],[-74.4450653,-12.0451755],[-74.4458377,-12.0457211],[-74.4469965,-12.0468858],[-74.4483825,-12.0482979],[-74.449352,-12.0489295],[-74.451188,-12.0496051],[-74.4521134,-12.0494582],[-74.4526568,-12.0491057],[-74.4530682,-12.048621],[-74.4533324,-12.04796],[-74.4533324,-12.0472844],[-74.4533619,-12.0455217],[-74.4528919,-12.0438474],[-74.4520694,-12.042333],[-74.4515993,-12.0410404],[-74.451467,-12.0401004],[-74.4516287,-12.0394394],[-74.4519372,-12.0389252],[-74.4528038,-12.0374124],[-74.4532297,-12.0364576],[-74.4534647,-12.0354295],[-74.453685,-12.0349301],[-74.4539348,-12.0343866],[-74.4543755,-12.033946],[-74.4549188,-12.0336667],[-74.4555358,-12.0335787],[-74.456182,-12.033755],[-74.4570487,-12.0340047],[-74.4581209,-12.0344894],[-74.4589434,-12.0347831],[-74.4602213,-12.0351064],[-74.4615433,-12.0352532],[-74.4625274,-12.0352239],[-74.4631149,-12.035121],[-74.464143,-12.034651],[-74.4654503,-12.0338726],[-74.4668017,-12.0322274],[-74.467536,-12.0311111],[-74.4677037,-12.0308555],[-74.4688274,-12.0289132],[-74.4693477,-12.0281867],[-74.4698924,-12.0275345],[-74.4704207,-12.0271712],[-74.4709583,-12.0270277],[-74.4714302,-12.0270142],[-74.4726295,-12.0272739],[-74.4728129,-12.0273845],[-74.4732138,-12.0279111],[-74.4738715,-12.0289187],[-74.4745424,-12.0293632],[-74.4751939,-12.0296955],[-74.4754808,-12.0297374],[-74.4759845,-12.0297234],[-74.4766282,-12.0296276],[-74.4774654,-12.0293485],[-74.4780675,-12.0290107],[-74.4785083,-12.0285554],[-74.4787873,-12.0281294],[-74.4791253,-12.0275712],[-74.4794629,-12.0271599],[-74.4798743,-12.0268369],[-74.4802855,-12.0266312],[-74.480682,-12.0265871],[-74.4810493,-12.02669],[-74.4813578,-12.0269396],[-74.481857,-12.0275565],[-74.4822097,-12.0285406],[-74.4829145,-12.0304355],[-74.4836344,-12.0321099],[-74.4840604,-12.0327269],[-74.4846732,-12.0332524],[-74.485444,-12.0336847],[-74.4862243,-12.0339104],[-74.4870422,-12.033901],[-74.4876155,-12.033713],[-74.488095,-12.0334121],[-74.488377,-12.033196],[-74.4886967,-12.0326225],[-74.4888188,-12.0321244],[-74.4888752,-12.0306766],[-74.4891573,-12.030216],[-74.4896554,-12.0295767],[-74.490069,-12.0291725],[-74.4910373,-12.0285897],[-74.4917799,-12.0282137],[-74.4922312,-12.0280257],[-74.4923734,-12.028032],[-74.4940139,-12.0281217],[-74.4941494,-12.0281266],[-74.4944387,-12.0281371],[-74.494877,-12.0280621],[-74.4957077,-12.0277391],[-74.496593,-12.0272642],[-74.4969597,-12.0269729],[-74.4972323,-12.0267002],[-74.497486,-12.02639],[-74.4976929,-12.0259386],[-74.4979749,-12.0253465],[-74.4984825,-12.0239271],[-74.4986893,-12.023316],[-74.4992252,-12.0222914],[-74.49962,-12.0218214],[-74.5001182,-12.021483],[-74.5005787,-12.0211634],[-74.501124,-12.0208061],[-74.5020077,-12.0204207],[-74.5027598,-12.0202139],[-74.5034084,-12.0201951],[-74.5044143,-12.0201856],[-74.5052603,-12.0201856],[-74.5062568,-12.0203361],[-74.5068208,-12.0205711],[-74.507178,-12.0209187],[-74.507789,-12.0212949],[-74.5084,-12.0215205],[-74.5090769,-12.0215581],[-74.5096879,-12.0215111],[-74.5099135,-12.0214265],[-74.5103835,-12.0211915],[-74.5108348,-12.0209187],[-74.5111732,-12.0206651],[-74.5116433,-12.0200635],[-74.5120944,-12.0192174],[-74.51232,-12.0189636],[-74.5128089,-12.0187004],[-74.5130909,-12.0185687],[-74.5133928,-12.0184191],[-74.5137334,-12.0183475],[-74.5146658,-12.018204],[-74.5156699,-12.0180964],[-74.5173375,-12.0177736],[-74.5190409,-12.0171999],[-74.5210277,-12.0165992],[-74.5216874,-12.0163266],[-74.5231075,-12.0156811],[-74.5237818,-12.015509],[-74.5260625,-12.015509],[-74.5272244,-12.0154946],[-74.5277552,-12.0154086],[-74.5281855,-12.0152364],[-74.5290749,-12.0146627],[-74.5294909,-12.014261],[-74.5304949,-12.0132426],[-74.5312695,-12.012339],[-74.5321302,-12.0113061],[-74.5327328,-12.010804],[-74.5335934,-12.0101011],[-74.534411,-12.0092979],[-74.5349992,-12.0089536],[-74.5363188,-12.0082507],[-74.536577,-12.0079495],[-74.5374807,-12.006931],[-74.5391877,-12.0050662],[-74.5401202,-12.0040192],[-74.5407943,-12.0030435],[-74.5416693,-12.0019535],[-74.5425013,-12.000476],[-74.5431755,-11.9993859],[-74.5435628,-11.9990129],[-74.5439932,-11.9989125],[-74.5457432,-11.9986686],[-74.5471919,-11.9982239],[-74.5481243,-11.9976932],[-74.5496053,-11.996707],[-74.5483627,-11.9960941],[-74.547084,-11.9938237],[-74.5457391,-11.9903431],[-74.5449481,-11.987258],[-74.544078,-11.9853594],[-74.5430742,-11.9840489],[-74.5414675,-11.984252],[-74.5393712,-11.9843707],[-74.536958,-11.9843964],[-74.5351259,-11.984111],[-74.5337282,-11.9840642],[-74.5329844,-11.9840394],[-74.5311521,-11.9846105],[-74.5295341,-11.9853005],[-74.5283684,-11.9861096],[-74.5264884,-11.9873945],[-74.5248031,-11.9876846],[-74.5235855,-11.9878941],[-74.5205637,-11.9879417],[-74.517018,-11.9875849],[-74.5144721,-11.9872992],[-74.5129731,-11.987561],[-74.5114502,-11.987918],[-74.5099987,-11.9879417],[-74.5076485,-11.987082],[-74.5064771,-11.9853005],[-74.5048115,-11.983278],[-74.5028841,-11.9802561],[-74.4995366,-11.9752521],[-74.4989575,-11.9744181],[-74.4988562,-11.9742724],[-74.49775,-11.972084],[-74.496125,-11.9678379],[-74.4920586,-11.9615254],[-74.4910195,-11.9592285],[-74.4889375,-11.9508555],[-74.4868476,-11.9456914],[-74.4866954,-11.942207],[-74.487916,-11.9383555],[-74.4888535,-11.9320489],[-74.4894414,-11.9302149],[-74.4914237,-11.926666],[-74.4929512,-11.9218516],[-74.494584,-11.9186445],[-74.4954874,-11.916148],[-74.4972754,-11.9143064],[-74.4997311,-11.9135639],[-74.5017299,-11.9139636],[-74.504139,-11.9151359],[-74.5050922,-11.9155692],[-74.5058895,-11.9157772],[-74.5073627,-11.9161065],[-74.507848,-11.9159679],[-74.5080227,-11.9158159],[-74.5086452,-11.9152745],[-74.5103265,-11.9134374],[-74.5123674,-11.9115422],[-74.5141396,-11.9093644],[-74.514507,-11.9085754],[-74.5151969,-11.9070939],[-74.5160817,-11.9058179],[-74.5195784,-11.9030907],[-74.5214522,-11.900782],[-74.522523,-11.8996777],[-74.5236017,-11.8983649],[-74.5242964,-11.8975194],[-74.524631,-11.8968001],[-74.5246181,-11.8964785],[-74.5245306,-11.8943072],[-74.5247365,-11.8918481],[-74.5248317,-11.8907101],[-74.5248526,-11.8898962],[-74.524877,-11.8889492],[-74.5251752,-11.8884715],[-74.5255846,-11.8878157],[-74.5281277,-11.8856744],[-74.5302022,-11.8839175],[-74.5309011,-11.8831314],[-74.5323439,-11.8815084],[-74.5329817,-11.8805181],[-74.5333979,-11.8790656],[-74.5336631,-11.8787317],[-74.534318,-11.8785135],[-74.5360079,-11.878363],[-74.5381995,-11.878296],[-74.5418301,-11.8782626],[-74.5451259,-11.8780785],[-74.5478364,-11.8780952],[-74.5492082,-11.8780284],[-74.5522866,-11.8792162],[-74.5546624,-11.8797851],[-74.5564191,-11.8813241],[-74.558293,-11.8822277],[-74.5596816,-11.882646],[-74.5602671,-11.8825624],[-74.5607356,-11.8822612],[-74.5622414,-11.8818596],[-74.564316,-11.8817927],[-74.5653031,-11.8821609],[-74.5662232,-11.8825624],[-74.5680971,-11.883951],[-74.5695359,-11.8844864],[-74.570707,-11.8844361],[-74.5734341,-11.8836832],[-74.5756426,-11.8830141],[-74.5772655,-11.8827296],[-74.5778886,-11.8823847],[-74.5784366,-11.8813075],[-74.5797917,-11.8782124],[-74.580394,-11.8767736],[-74.580896,-11.8752679],[-74.5826181,-11.8735884],[-74.5832047,-11.872708],[-74.5832382,-11.8723555],[-74.582519,-11.871251],[-74.5823349,-11.870968],[-74.5818999,-11.870533],[-74.5816321,-11.8700144],[-74.5817492,-11.8695292],[-74.5827196,-11.8665679],[-74.5827865,-11.8652295],[-74.5837235,-11.8618666],[-74.5841416,-11.860478],[-74.5840915,-11.8598255],[-74.583874,-11.8592231],[-74.5833555,-11.858303],[-74.5819332,-11.8567636],[-74.5816646,-11.8561977],[-74.581278,-11.8547997],[-74.5818431,-11.8537586],[-74.5831519,-11.8528962],[-74.5848175,-11.8520336],[-74.5862702,-11.8514299],[-74.5871076,-11.8510819],[-74.588,-11.8510521],[-74.5897846,-11.8508142],[-74.5906601,-11.8503125],[-74.5924912,-11.846531],[-74.5933835,-11.8456686],[-74.5943607,-11.8449622],[-74.5958524,-11.843884],[-74.5964174,-11.8434974],[-74.5967325,-11.8427774],[-74.5966955,-11.8426685],[-74.5961496,-11.8410584],[-74.5957035,-11.8388871],[-74.5948112,-11.8362697],[-74.5944176,-11.8346752],[-74.594852,-11.8332855],[-74.5959231,-11.8322142],[-74.5975737,-11.8309111],[-74.5990794,-11.8295792],[-74.5993649,-11.8283967],[-74.5987609,-11.8270891],[-74.5983265,-11.8259889],[-74.5978535,-11.824416],[-74.5969367,-11.8238751],[-74.596126,-11.8233831],[-74.5959385,-11.8225195],[-74.5957719,-11.8203541],[-74.5961287,-11.8191882],[-74.5966999,-11.8184981],[-74.5990645,-11.8167441],[-74.6006022,-11.8149527],[-74.6018952,-11.8142267],[-74.6033147,-11.8134299],[-74.6059581,-11.8118885],[-74.606404,-11.8115195],[-74.6092564,-11.8091579],[-74.6106435,-11.8073862],[-74.610723,-11.8061422],[-74.6107481,-11.8057495],[-74.6102847,-11.8039834],[-74.6095251,-11.8019132],[-74.6082165,-11.799748],[-74.6073534,-11.7984981],[-74.6066222,-11.7966784],[-74.6061701,-11.7943229],[-74.6063367,-11.7931094],[-74.6070267,-11.792443],[-74.6084052,-11.7915732],[-74.6090255,-11.791182],[-74.6095251,-11.7908012],[-74.6101439,-11.7900636],[-74.6117856,-11.7883027],[-74.612785,-11.7873272],[-74.6137369,-11.785852],[-74.6138447,-11.7854654],[-74.6140222,-11.7848287],[-74.6139855,-11.783824],[-74.614001,-11.7816094],[-74.6151202,-11.7804142],[-74.6168285,-11.7791112],[-74.6186526,-11.7769685],[-74.6203321,-11.7758684],[-74.6223176,-11.7749762],[-74.6239514,-11.7740152],[-74.6244785,-11.7735156],[-74.6244436,-11.7731756],[-74.624241,-11.7723069],[-74.6237776,-11.7715541],[-74.6237927,-11.7703347],[-74.6234012,-11.7689481],[-74.6233841,-11.7688645],[-74.6230899,-11.7674236],[-74.6242201,-11.7653714],[-74.6248745,-11.7629324],[-74.6254991,-11.7604637],[-74.6266591,-11.7586791],[-74.6280272,-11.7571621],[-74.6290682,-11.7562699],[-74.6304169,-11.7553056],[-74.6315424,-11.7542575],[-74.6327565,-11.7527602],[-74.6340949,-11.7519869],[-74.6345241,-11.7519507],[-74.6369205,-11.7517489],[-74.6372334,-11.7513616],[-74.6376492,-11.7490036],[-74.6382202,-11.7451012],[-74.6392145,-11.7422612],[-74.6394004,-11.7412274],[-74.6396161,-11.7410191],[-74.6399285,-11.7407365],[-74.6408436,-11.7403307],[-74.6415052,-11.7400374],[-74.642915,-11.7393666],[-74.645991,-11.738859],[-74.647749,-11.7381557],[-74.6484894,-11.7378596],[-74.6497267,-11.737003],[-74.6502794,-11.7363086],[-74.650274,-11.7340049],[-74.6494174,-11.7323155],[-74.6476566,-11.7310544],[-74.646919,-11.7301265],[-74.6459432,-11.7281514],[-74.6448964,-11.7259385],[-74.6447775,-11.7247726],[-74.6449916,-11.724035],[-74.6456101,-11.7228927],[-74.6459432,-11.7217269],[-74.6459672,-11.7208941],[-74.6452534,-11.7193236],[-74.6448489,-11.717658],[-74.6443491,-11.7163017],[-74.6441406,-11.7155819],[-74.6447536,-11.7137795],[-74.644944,-11.71209],[-74.644373,-11.7097106],[-74.643445,-11.7070457],[-74.6428501,-11.7039999],[-74.6425884,-11.7019297],[-74.6425407,-11.7009541],[-74.642993,-11.7004307],[-74.643897,-11.6996692],[-74.6468,-11.6978609],[-74.6488225,-11.6968377],[-74.6492144,-11.6967569],[-74.6503216,-11.6965284],[-74.6515351,-11.696671],[-74.6517891,-11.6966172],[-74.6517016,-11.6960349],[-74.65213,-11.692864],[-74.6524631,-11.6906749],[-74.6523441,-11.6894614],[-74.6519634,-11.6887475],[-74.6513686,-11.6881765],[-74.6513686,-11.6876767],[-74.6527725,-11.6859874],[-74.654105,-11.6853449],[-74.6545545,-11.6852037],[-74.6561512,-11.6847025],[-74.6566985,-11.6843694],[-74.6571031,-11.6837031],[-74.6571835,-11.6834326],[-74.6573106,-11.6830059],[-74.6574837,-11.6825134],[-74.6584944,-11.6821315],[-74.6601626,-11.681501],[-74.6615526,-11.6811809],[-74.6629565,-11.6803005],[-74.6635031,-11.6797766],[-74.6640986,-11.6792059],[-74.6645032,-11.6784445],[-74.6656215,-11.6760412],[-74.6665019,-11.674209],[-74.6670254,-11.6738999],[-74.6680939,-11.6736455],[-74.6705874,-11.6731576],[-74.6737495,-11.6727059],[-74.6741849,-11.6724984],[-74.6756829,-11.6717844],[-74.6781221,-11.6690017],[-74.6786461,-11.6681886],[-74.6789352,-11.664358],[-74.6792786,-11.6629125],[-74.6796329,-11.6612539],[-74.680934,-11.6607371],[-74.6832186,-11.6609017],[-74.6845035,-11.6611909],[-74.6852101,-11.66148],[-74.6861096,-11.6617691],[-74.6876194,-11.6631504],[-74.6887759,-11.664628],[-74.6898359,-11.6655274],[-74.6907034,-11.666202],[-74.6917311,-11.6666517],[-74.6934979,-11.6671977],[-74.6950076,-11.6672941],[-74.6963567,-11.6671015],[-74.6974694,-11.6667736],[-74.6983876,-11.6664175],[-74.6992684,-11.6663801],[-74.6998379,-11.666793],[-74.7005426,-11.668254],[-74.702023,-11.6690224],[-74.7037827,-11.6695247],[-74.7049511,-11.6702171],[-74.7052107,-11.6707364],[-74.705365,-11.6714591],[-74.7061099,-11.6725686],[-74.706438,-11.6729777],[-74.7072215,-11.674054],[-74.7077854,-11.6747282],[-74.7080775,-11.6747715],[-74.7086509,-11.6746309],[-74.7094946,-11.6742414],[-74.7106902,-11.6730757],[-74.7116586,-11.6719552],[-74.7130831,-11.6705067],[-74.7140435,-11.6697464],[-74.7149757,-11.6691944],[-74.7164569,-11.6682591],[-74.7167087,-11.6679225],[-74.7171321,-11.6670757],[-74.7176412,-11.6662126],[-74.7180072,-11.6657546],[-74.718223,-11.6655945],[-74.7185812,-11.6653286],[-74.7191175,-11.6651046],[-74.7210146,-11.6646611],[-74.7206944,-11.6638524],[-74.7197192,-11.662608],[-74.7184725,-11.6607502],[-74.7181792,-11.6599192],[-74.7178615,-11.6585016],[-74.7178379,-11.6578636],[-74.7179184,-11.6572321],[-74.7180539,-11.655359],[-74.7183146,-11.6536796],[-74.7186621,-11.6531874],[-74.7198202,-11.65284],[-74.7208925,-11.6526354],[-74.7217024,-11.6520871],[-74.721905,-11.6510737],[-74.7218946,-11.6491889],[-74.7219924,-11.6480645],[-74.7219924,-11.647038],[-74.7222124,-11.6450581],[-74.7220901,-11.643616],[-74.7220167,-11.642565],[-74.7224567,-11.6408784],[-74.7231167,-11.6392162],[-74.7239234,-11.6375297],[-74.7249989,-11.635501],[-74.7265142,-11.6335945],[-74.7269297,-11.6327634],[-74.7269297,-11.6314924],[-74.726418,-11.6298047],[-74.7254387,-11.6272882],[-74.7249744,-11.624844],[-74.7248442,-11.6228917],[-74.7251715,-11.6209584],[-74.7248145,-11.6175974],[-74.7248145,-11.6147717],[-74.7251417,-11.6139985],[-74.7254979,-11.6137339],[-74.7272237,-11.6124519],[-74.7283152,-11.6120521],[-74.7293229,-11.6114592],[-74.72972598132448,-11.611020720315596],[-74.72972598399991,-11.61102072899996],[-74.73562810899995,-11.60678822899996],[-74.74247848399995,-11.606201228999907],[-74.74757585899988,-11.605186978999939],[-74.74991598399998,-11.605560854999965],[-74.75262260899984,-11.608267354999953],[-74.75749760899998,-11.608053479999967],[-74.76115123399995,-11.611855103999972],[-74.7625046089999,-11.611162729999819],[-74.76349373399995,-11.606286728999976],[-74.76349385899994,-11.602556854999818],[-74.76600948399994,-11.598400478999906],[-74.76947310899999,-11.597836479999955],[-74.77166948499996,-11.599997603999896],[-74.77443560899997,-11.60105047899998],[-74.77914698499995,-11.600229604999981],[-74.78294823399989,-11.603156353999964],[-74.7862674839999,-11.603459728999894],[-74.78914460899995,-11.602365728999814],[-74.79495685899997,-11.595220728999891],[-74.79708223399996,-11.59428685399996],[-74.80488673399992,-11.594382853999946],[-74.80707585899995,-11.591984729999922],[-74.80827160899992,-11.58839772899995],[-74.81000260899998,-11.587255479999953],[-74.81580273499992,-11.588415478999934],[-74.82024623399997,-11.588361978999956],[-74.82156698499989,-11.58511397999996],[-74.82904423399998,-11.579581729999973],[-74.83271098399996,-11.574765604999925],[-74.83564710999997,-11.574656354999945],[-74.83850260899999,-11.576030478999883],[-74.84036760899994,-11.575711978999891],[-74.84387423399988,-11.572711228999935],[-74.84603360899996,-11.566304479999928],[-74.84969210899999,-11.562574603999963],[-74.85768698399994,-11.56223547899998],[-74.85936460899995,-11.558933979999892],[-74.86778785999991,-11.555186353999886],[-74.87149985899993,-11.554008479999936],[-74.87251710899989,-11.548815353999885],[-74.87785298399996,-11.545478103999812],[-74.88029785899994,-11.54258710399995],[-74.88691873499988,-11.538678728999969],[-74.89095185999992,-11.537661604999926],[-74.89669535899998,-11.537051853999913],[-74.90034698399995,-11.534366353999928],[-74.90474598399993,-11.532192103999819],[-74.90763710899995,-11.52951322899986],[-74.91063685899991,-11.528548978999936],[-74.9144698589999,-11.529036228999928],[-74.91707885999995,-11.528412354999887],[-74.91967210899992,-11.531405978999942],[-74.92083360999999,-11.535590854999839],[-74.92309398399988,-11.540670728999942],[-74.92690998399996,-11.54613935499998],[-74.93267035899999,-11.54864297999984],[-74.93322948399998,-11.549712228999908],[-74.93206273399989,-11.554378979999967],[-74.93268160999997,-11.55589447899996],[-74.94032660899995,-11.55561860399996],[-74.94227110899999,-11.558608229999948],[-74.94148173499997,-11.564873478999914],[-74.94529223399991,-11.566080979999981],[-74.94877498399995,-11.568123479999883],[-74.95887885899992,-11.572718728999973],[-74.96694860999997,-11.572653853999896],[-74.97094898399996,-11.571098104999976],[-74.9752832339999,-11.563099603999945],[-74.97496173399998,-11.550761728999817],[-74.97432060999995,-11.549775728999862],[-74.96822923399998,-11.54563547999993],[-74.96668673499988,-11.54390060499992],[-74.96412048399992,-11.538270603999933],[-74.96268023399995,-11.536489978999953],[-74.96330385999994,-11.533048228999974],[-74.96304198399986,-11.528265478999913],[-74.96209185899994,-11.527453978999915],[-74.95566560899988,-11.526242853999975],[-74.95088298399992,-11.520270478999919],[-74.94767573499996,-11.517046979999918],[-74.94900310899999,-11.513655603999894],[-74.95146935899999,-11.510368478999965],[-74.95414285899994,-11.503947353999877],[-74.95188723399997,-11.501430978999963],[-74.94471910999994,-11.499504479999928],[-74.93666273399992,-11.499691978999977],[-74.93251985999996,-11.497614228999907],[-74.92861923399994,-11.493547853999928],[-74.92369248399996,-11.491909853999914],[-74.91951148499993,-11.491410103999954],[-74.91598310899997,-11.488218228999926],[-74.91494923399995,-11.480023478999897],[-74.92033748499989,-11.477622853999947],[-74.92311123499991,-11.475675103999947],[-74.93211710899988,-11.473854978999952],[-74.93264610999995,-11.468421103999958],[-74.93497798399989,-11.465994103999947],[-74.94211635899995,-11.463257728999963],[-74.94651835999997,-11.462353478999944],[-74.9507558599999,-11.462693353999953],[-74.95508435999994,-11.456357478999962],[-74.95702898399998,-11.454538479999883],[-74.96252523399988,-11.452490979999936],[-74.96232160899996,-11.450096103999954],[-74.96549485899993,-11.443390479999948],[-74.97293748399989,-11.438175978999823],[-74.97367323399999,-11.430230728999959],[-74.97945935899992,-11.421314353999946],[-74.9828144839999,-11.418982479999897],[-74.98540798399989,-11.415722603999825],[-74.98633598399994,-11.411415853999927],[-74.98973860899991,-11.409298103999902],[-74.9926744839999,-11.405010353999955],[-74.99301910899993,-11.403141853999898],[-74.9986643599999,-11.397218353999904],[-74.99765723399992,-11.393282603999978],[-74.99853935899989,-11.389635978999934],[-74.99737498399992,-11.385859603999961],[-74.99561985999992,-11.383941728999957],[-74.99284685899988,-11.383940103999919],[-74.98838323399997,-11.376870354999937],[-74.98806510999992,-11.374555728999894],[-74.99075085899995,-11.372965478999959],[-74.99290648399995,-11.370385853999949],[-74.99712935899993,-11.368000354999936],[-74.99967235999992,-11.361626728999966],[-75.00335448399994,-11.359990103999905],[-75.0076661089999,-11.359738353999944],[-75.01531360899992,-11.355741603999945],[-75.02480623399993,-11.352721603999896],[-75.02840423399994,-11.350232478999942],[-75.02471673399998,-11.344376979999936],[-75.02501198399989,-11.341382603999875],[-75.02784935899984,-11.337673853999888],[-75.03064223399991,-11.33765147899993],[-75.03506598399991,-11.335819478999952],[-75.03622773399985,-11.332244478999826],[-75.03332323399997,-11.32902735399989],[-75.03949610899991,-11.319451229999913],[-75.04348898399996,-11.320470228999966],[-75.04601360899994,-11.317610478999939],[-75.04605848399996,-11.313477228999886],[-75.04996823499994,-11.310393978999969],[-75.05046710899995,-11.306960978999939],[-75.04810673399993,-11.30557622899994],[-75.04735135899989,-11.301642354999899],[-75.04416035999992,-11.297586228999933],[-75.04067835899997,-11.302632228999926],[-75.03777185899997,-11.304131603999963],[-75.03403510999988,-11.302562978999958],[-75.02373810899985,-11.300782728999934],[-75.01593998399989,-11.29597997899998],[-75.01152998399994,-11.295609978999948],[-75.00825998399995,-11.29615997999997],[-75.00496998399996,-11.295719978999955],[-74.99999998399994,-11.297189978999938],[-74.99218998499998,-11.296969978999925],[-74.9797499849999,-11.30080997899995],[-74.96823998399998,-11.300299853999945],[-74.96042998399992,-11.298299978999921],[-74.95749998499997,-11.298079979999955],[-74.95341998499998,-11.295609978999948],[-74.94808998499997,-11.295089978999897],[-74.94517998399988,-11.293209978999869],[-74.93678998399997,-11.291909978999968],[-74.9354399849999,-11.29016997899987],[-74.93017998499982,-11.288079978999974],[-74.92811998399998,-11.288459978999867],[-74.92476998399991,-11.283589978999885],[-74.9198199839999,-11.27919997899994],[-74.91504998399995,-11.27576997899996],[-74.90607998399992,-11.273529978999932],[-74.90482998499988,-11.272189978999961],[-74.89993998399984,-11.271259978999865],[-74.89731998399998,-11.271859978999942],[-74.89389998399997,-11.271439978999922],[-74.89011998399991,-11.26973997899995],[-74.89222998399998,-11.26321997899987],[-74.89095998399995,-11.258519978999914],[-74.89161998399993,-11.253649979999864],[-74.89458998399994,-11.248509978999834],[-74.89478998499999,-11.245999979999965],[-74.88841998399994,-11.241189978999898],[-74.88808998399992,-11.239539978999971],[-74.89037998399994,-11.237149978999867],[-74.8906199839999,-11.234309978999875],[-74.89373998399986,-11.233879978999937],[-74.90056998499983,-11.237919979999958],[-74.90335998499995,-11.237439978999873],[-74.90229998399997,-11.235109978999901],[-74.90464010899996,-11.23247997899989],[-74.90624998399994,-11.226519978999875],[-74.91026998399997,-11.222429978999969],[-74.90840998399995,-11.219979978999959],[-74.90802998399988,-11.217759978999936],[-74.91105998399996,-11.215749978999895],[-74.91104998499998,-11.213079978999929],[-74.90716985899996,-11.209019853999905],[-74.90373998399991,-11.203769978999958],[-74.90293998399989,-11.199899978999952],[-74.90592998399995,-11.193299978999903],[-74.90599998399995,-11.188599978999946],[-74.90466998499994,-11.186639853999964],[-74.90192998399993,-11.186499978999848],[-74.89822998399995,-11.19042997899993],[-74.89555998499998,-11.191679978999957],[-74.89181998399988,-11.19006997899993],[-74.89136998499998,-11.188829978999877],[-74.89141998399992,-11.181789978999973],[-74.89062998499992,-11.178589978999867],[-74.8931199839999,-11.174119978999954],[-74.8977799839999,-11.170789978999949],[-74.89927998399992,-11.168539978999945],[-74.89037998499992,-11.166739978999942],[-74.88317998399998,-11.164749978999964],[-74.88188998399994,-11.163349978999918],[-74.87873985899995,-11.162709978999942],[-74.87716998399992,-11.161239978999959],[-74.87793998399997,-11.15734997899989],[-74.87693998499998,-11.155669978999981],[-74.86818998399997,-11.154649978999942],[-74.86469998399997,-11.150289978999979],[-74.8650599849999,-11.148199978999912],[-74.86241998399998,-11.146649978999903],[-74.85966998399988,-11.143809978999855],[-74.85588010899994,-11.14837997899997],[-74.8535999849999,-11.14648997899991],[-74.85473998399993,-11.143529978999936],[-74.85344998399995,-11.141969978999953],[-74.85460998399998,-11.139379978999955],[-74.85242998399991,-11.137519978999876],[-74.84848998399997,-11.136339978999956],[-74.84745998499994,-11.130299978999972],[-74.84331998399995,-11.125689978999844],[-74.84054998399989,-11.12634997899994],[-74.84160998399994,-11.128839978999963],[-74.83990998399997,-11.130929978999973],[-74.83674998499998,-11.128449978999924],[-74.83735998399993,-11.12396997899998],[-74.8336799839999,-11.125929978999977],[-74.82897998399989,-11.124089978999962],[-74.8252799839999,-11.127139978999935],[-74.82228998399995,-11.125839978999977],[-74.8201798589999,-11.121819978999895],[-74.81619998399992,-11.12351997899998],[-74.81589998399988,-11.121549978999951],[-74.81774998399999,-11.117129978999913],[-74.81278998399995,-11.114869978999877],[-74.8129899839999,-11.112429978999955],[-74.81041998399996,-11.10793997899998],[-74.80698998399993,-11.107919978999917],[-74.80654998399996,-11.10615997899987],[-74.80178998399992,-11.105269978999956],[-74.80008998399995,-11.102819978999946],[-74.79621998499994,-11.102259853999954],[-74.79305998399997,-11.102959978999877],[-74.7913299839999,-11.100709978999873],[-74.79287998399997,-11.09858997899994],[-74.78943998399996,-11.097939978999932],[-74.78700998399995,-11.101269978999937],[-74.78544998399985,-11.101649978999944],[-74.78414998399995,-11.098849978999965],[-74.78031998399996,-11.096229853999887],[-74.77842998499995,-11.09235997899998],[-74.77960998399982,-11.088749978999886],[-74.77827998399988,-11.08772997899996],[-74.77234998399996,-11.087189978999959],[-74.7675099839999,-11.085609978999969],[-74.76663998399994,-11.084479978999923],[-74.76769010899989,-11.080709853999906],[-74.76668998399998,-11.077239978999955],[-74.76434998399992,-11.075149978999946],[-74.7630099839999,-11.072389978999922],[-74.7601699839999,-11.071549978999883],[-74.75543998399996,-11.072609978999935],[-74.7488899839999,-11.071429978999902],[-74.74622998399991,-11.069879978999836],[-74.74593998399996,-11.067429978999883],[-74.7469299839999,-11.057939978999912],[-74.74987998499995,-11.049409978999961],[-74.74892998399991,-11.04441997899994],[-74.74979998399988,-11.039430103999962],[-74.75219385899999,-11.035598603999972],[-74.75106998399997,-11.027359978999868],[-74.75110998399998,-11.022949978999918],[-74.74919998399997,-11.019589978999932],[-74.75013998399993,-11.016509978999977],[-74.74775998499996,-11.011339978999956],[-74.74571398399996,-11.010749228999941],[-74.74112810899993,-11.013027228999874],[-74.7383788599999,-11.01329635399992],[-74.73390998399998,-11.011857353999972],[-74.73263473399999,-11.012395478999906],[-74.73185098399989,-11.015752978999899],[-74.72964085899991,-11.017230353999935],[-74.72328748399997,-11.016513478999912],[-74.71901735899996,-11.02037410399987],[-74.71695835899993,-11.019999728999892],[-74.71650210899992,-11.017449353999837],[-74.71439635899998,-11.015671103999978],[-74.71005610899994,-11.016747478999946],[-74.70556385899994,-11.015764728999955],[-74.70064773399997,-11.015566103999959],[-74.6958421089999,-11.016408103999936],[-74.69242610899988,-11.016291228999933],[-74.68762960899994,-11.01329635399992],[-74.68602685899992,-11.010160978999863],[-74.68410035899996,-11.010006103999842],[-74.67853973399997,-11.011342603999935],[-74.67443348399985,-11.010184478999918],[-74.67160210899988,-11.00858360399991],[-74.66682923399992,-11.008956103999935],[-74.6622153589999,-11.010895103999928],[-74.65748185899997,-11.0081371039999],[-74.64742098399984,-11.009049603999927],[-74.64442610899994,-11.008043603999909],[-74.64324448399992,-11.005656977999877],[-74.64407510899991,-11.001995228999931],[-74.64352523399998,-11.000053353999931],[-74.63953598399996,-10.995841728999892],[-74.63690373399987,-10.994121978999885],[-74.63527760899996,-10.991279228999872],[-74.62829348399993,-10.985616978999815],[-74.62576660899987,-10.98254022899988],[-74.62257585899994,-10.976354727999933],[-74.62353835899995,-10.974471978999873],[-74.62718623399991,-10.970692228999951],[-74.62776273399999,-10.965109102999918],[-74.62877560899994,-10.964112728999908],[-74.63339210899994,-10.962859478999974],[-74.63521510899994,-10.96052235299993],[-74.63970298399994,-10.960752978999949],[-74.64317810899996,-10.957434228999944],[-74.64881060899995,-10.956577978999974],[-74.65511835899997,-10.95420635399995],[-74.66123685899998,-10.952834103999919],[-74.6708809839999,-10.958036852999896],[-74.67391985899997,-10.957339103999914],[-74.67703123399991,-10.953973103999942],[-74.67811435899995,-10.951355978999914],[-74.67993198399995,-10.95138510399994],[-74.68245448399995,-10.953282478999881],[-74.68933160899991,-10.953391478999947],[-74.69287923399997,-10.957789728999956],[-74.69497998399999,-10.958169977999887],[-74.69743998399997,-10.955359978999923],[-74.69644998399991,-10.951829978999967],[-74.69452010899994,-10.948150103999978],[-74.69662998399997,-10.94284997899996],[-74.69542998399999,-10.936029853999969],[-74.69374998399991,-10.933069978999868],[-74.69687998399996,-10.92559997899997],[-74.69778998399994,-10.921609978999982],[-74.69903998399991,-10.921029978999854],[-74.70201998399995,-10.914999978999901],[-74.70031998399998,-10.906959978999907],[-74.69697998399982,-10.901489978999962],[-74.69666998399993,-10.897299853999925],[-74.69533998399993,-10.89394010399991],[-74.69745998399992,-10.890369978999956],[-74.70171948399991,-10.881249103999949],[-74.70017385899996,-10.877892728999882],[-74.69491435899988,-10.884915728999943],[-74.69084560899995,-10.886795353999958],[-74.68725285899995,-10.88650497899988],[-74.68134685899997,-10.889157103999935],[-74.6789844839999,-10.886772353999902],[-74.67809298399993,-10.88365222899995],[-74.67918085899998,-10.87907147899989],[-74.67301148399997,-10.876720978999913],[-74.66574610899994,-10.872909978999928],[-74.65781185899993,-10.87395735399997],[-74.65293098399991,-10.869254853999905],[-74.6492982339999,-10.86707072899992],[-74.64526448399994,-10.86722672899998],[-74.64018298399992,-10.869121228999973],[-74.63539123399994,-10.872040728999934],[-74.63416548399988,-10.873556227999927],[-74.6328069839999,-10.87871510399998],[-74.63354698399996,-10.884112727999934],[-74.6328069839999,-10.886811603999945],[-74.63028235899992,-10.888944477999928],[-74.6235353589999,-10.8909032279999],[-74.62096573399992,-10.896702478999941],[-74.61691885899984,-10.899609103999921],[-74.6167447339999,-10.901959728999827],[-74.61410248399994,-10.904625478999947],[-74.60346835899998,-10.909098478999852],[-74.59959448399991,-10.909707853999976],[-74.59480610899993,-10.911492603999875],[-74.58817398399992,-10.91038585299998],[-74.58683110899995,-10.91112510399995],[-74.57732398399997,-10.913599353999928],[-74.57106785899998,-10.91584072899991],[-74.56996023399995,-10.91520785399996],[-74.56780923399998,-10.915147103999914],[-74.56495460899998,-10.913300228999958],[-74.56236348399989,-10.913682478999874],[-74.55963173399982,-10.916585978999933],[-74.55751310899996,-10.91714197899995],[-74.54750673399997,-10.924966603999962],[-74.54432198399996,-10.929212852999854],[-74.54107098399993,-10.931535103999977],[-74.5359622339999,-10.93060622899992],[-74.53271123399998,-10.932065853999916],[-74.53012360899999,-10.935515977999898],[-74.52581098399997,-10.939762228999882],[-74.52050323399999,-10.94261510399997],[-74.51884448399994,-10.94288047799995],[-74.51521373399993,-10.946791478999899],[-74.51123735899989,-10.949524353999891],[-74.50838373299996,-10.950299727999948],[-74.50532698399991,-10.955027227999949],[-74.50373235899997,-10.959499853999887],[-74.50268248399993,-10.965158603999953],[-74.50377410899995,-10.977773603999935],[-74.50158598399992,-10.981693353999958],[-74.50268910899996,-10.9865681039999],[-74.50008098399991,-10.99599847899998],[-74.49833285899996,-10.998748478999971],[-74.49452623399992,-11.001119603999882],[-74.48473973399996,-11.002226728999915],[-74.46884460899992,-11.00125460399994],[-74.46244023299988,-11.00055172899988],[-74.45207048399999,-11.001331103999973],[-74.44541048399986,-11.004852478999908],[-74.43819585899996,-11.01028360399988],[-74.42743948399993,-11.019332603999942],[-74.41863760899997,-11.025238728999966],[-74.41551285899999,-11.02950960399994],[-74.4134167339999,-11.033567603999927],[-74.40681685899995,-11.036912228999938],[-74.40315235899999,-11.03968360399989],[-74.40009660899995,-11.043244603999938],[-74.39708460899993,-11.04430672899997],[-74.39188373399992,-11.04474010399997],[-74.3890664839999,-11.045823728999892],[-74.38531023399997,-11.048929853999937],[-74.37365473399996,-11.056522353999867],[-74.37080523299994,-11.056546728999933],[-74.36416873399997,-11.054809353999872],[-74.35579798399988,-11.056669603999978],[-74.35029498299986,-11.056669603999978],[-74.33944585899997,-11.053957603999947],[-74.33595510899988,-11.050267853999912],[-74.32001610899994,-11.038422353999977],[-74.31645023399994,-11.036712978999958],[-74.30950923399996,-11.035817353999846],[-74.29385510899994,-11.031325353999875],[-74.2885463589999,-11.031461478999972],[-74.28154498399988,-11.033130853999978],[-74.27597735799998,-11.028930228999968],[-74.27169423399988,-11.026431853999895],[-74.2658943589999,-11.024111853999955],[-74.25991598399997,-11.020007353999915],[-74.25643598399989,-11.018222728999945],[-74.24746023299991,-11.017809103999923],[-74.23433735799995,-11.018794728999865],[-74.22449960899996,-11.019144853999876],[-74.21992673399996,-11.02077085399992],[-74.20894585899993,-11.020614228999932],[-74.20276735899995,-11.021013478999919],[-74.20147460899994,-11.019663728999888],[-74.20067848299993,-11.010631228999955],[-74.19934935799995,-11.007466228999931],[-74.19836523299995,-10.99715072899994],[-74.19375510899988,-10.991826853999896],[-74.19363610799991,-10.988049352999894],[-74.19086998299991,-10.985997103999978],[-74.18628948399999,-10.9852832279999],[-74.18248235899995,-10.985788853999907],[-74.17794098299998,-10.990523228999962],[-74.17545073399998,-10.991848603999927],[-74.17106998299982,-10.992449228999874],[-74.16167235799986,-10.995381478999946],[-74.15792773399983,-10.998417978999896],[-74.14798610899999,-10.998837228999946],[-74.14336998399995,-10.997504728999843],[-74.14179948399993,-10.995958103999953],[-74.13868260899989,-10.989591853999968],[-74.1368483579999,-10.988597728999878],[-74.13292810899992,-10.988884353999879],[-74.12759860899985,-10.988377353999965],[-74.12258023399994,-10.989628728999946],[-74.12075210799992,-10.990783353999973],[-74.11651873399995,-10.99086197899993],[-74.10745623399993,-10.986752853999917],[-74.09970960799996,-10.986342353999873],[-74.09660848399994,-10.987462728999958],[-74.09177835799983,-10.98681460299997],[-74.08325973399985,-10.990623478999964],[-74.07708298399984,-10.992811103999884],[-74.07283660899992,-10.993145728999934],[-74.06743198399994,-10.992656728999975],[-74.06480698299993,-10.993119978999971],[-74.06135835799995,-10.99574497899988],[-74.05309973399983,-10.993362978999812],[-74.04312635799994,-10.992098103999979],[-74.03626410799995,-10.98901122899997],[-74.03290873299994,-10.988856478999878],[-74.02999223299997,-10.989992228999881],[-74.02475273399989,-10.990431103999981],[-74.02210948299995,-10.993349853999973],[-74.01333510799992,-10.99377697899996],[-74.00720185799997,-10.991308478999883],[-74.00549823299997,-10.993192603999944],[-74.00034310799992,-11.007598728999938],[-73.99613148299989,-11.017449728999964],[-73.99075198399987,-11.026872978999904],[-73.99116160799991,-11.031445103999943],[-73.98911285899987,-11.041117103999966],[-73.98626460899993,-11.04963722899987],[-73.98480710799993,-11.052722728999981],[-73.97873848299992,-11.07003310399989],[-73.97903698399983,-11.074211728999956],[-73.97827898299983,-11.083141853999962],[-73.98059460799993,-11.088656728999979],[-73.98366435799988,-11.092707853999912],[-73.98035810799996,-11.095445228999893],[-73.9814552339999,-11.099400478999883],[-73.98054198299991,-11.105745603999878],[-73.9803616079999,-11.110480978999817],[-73.97860885899985,-11.115435978999813],[-73.97827173399992,-11.120626978999951],[-73.97592673299988,-11.125498478999873],[-73.96670998299999,-11.131211228999973],[-73.96427148299989,-11.135654353999882],[-73.96020448399992,-11.13839072899998],[-73.95842010799998,-11.141534478999972],[-73.95737773399998,-11.148136228999874],[-73.95455148299999,-11.150398853999945],[-73.95026048399995,-11.151431228999911],[-73.94183385899998,-11.151216728999941],[-73.94010885799997,-11.150167228999976],[-73.93729085799987,-11.14460222899993],[-73.9347363579999,-11.14234185399988],[-73.92719160799993,-11.143812228999934],[-73.92155873299998,-11.14285335399984],[-73.91648723299994,-11.14310197899988],[-73.91059860799999,-11.150118728999928],[-73.90854010899983,-11.151662603999966],[-73.89929823299997,-11.155779603999974],[-73.89438798299994,-11.161933728999884],[-73.89226510799989,-11.168109103999882],[-73.88874848299997,-11.170081853999875],[-73.88180435799995,-11.169408603999955],[-73.87821823299998,-11.168313103999878],[-73.87257535799995,-11.170062353999924],[-73.86306023399993,-11.169124353999962],[-73.85501935799994,-11.166135853999947],[-73.85270698299996,-11.164326228999869],[-73.85736960899999,-11.15871285399993],[-73.86130360899989,-11.145530228999974],[-73.86147735799995,-11.138754728999913],[-73.85968210799984,-11.13255822899987],[-73.86178285799991,-11.117502228999967],[-73.8639669829999,-11.112269478999906],[-73.86564698299998,-11.098680478999881],[-73.86309885799994,-11.09074660399989],[-73.86286723399996,-11.086692853999978],[-73.86309373299997,-11.074447228999873],[-73.86283435799999,-11.070120478999911],[-73.86414123299994,-11.063412728999936],[-73.86477835799997,-11.055536853999968],[-73.86466248299996,-11.047429228999874],[-73.8665734839999,-11.037352853999948],[-73.86680523399991,-11.033588728999916],[-73.86611023299997,-11.029187478999916],[-73.86643248299998,-11.02544047899994],[-73.86403910799999,-11.018050728999924],[-73.86298310899986,-11.008455353999977],[-73.86367798399988,-11.001737728999956],[-73.86302935799995,-10.993779353999969],[-73.86159323299995,-10.986738853999896],[-73.86215748299992,-10.979971353999872],[-73.86109398299993,-10.974122353999974],[-73.85781485799998,-10.971552353999869],[-73.85732760899998,-10.969912853999858],[-73.85716260799984,-10.961953727999969],[-73.85574810799994,-10.956965602999901],[-73.85411035899989,-10.954905978999932],[-73.84827860799999,-10.950761727999975],[-73.84547448399996,-10.943887728999925],[-73.83748473299988,-10.938239102999887],[-73.8352692339999,-10.935192603999894],[-73.83222285799991,-10.93304647899987],[-73.82903398299993,-10.927903978999893],[-73.82340723299995,-10.921072728999945],[-73.82367835799994,-10.918886227999849],[-73.82554485799989,-10.91666610399983],[-73.82683623299988,-10.912791478999964],[-73.82590060799993,-10.909628353999892],[-73.81975773299996,-10.90438872899989],[-73.81775748399986,-10.90178347899996],[-73.81878273299986,-10.89887060399991],[-73.8210632329999,-10.896686103999912],[-73.81816935799992,-10.895047603999899],[-73.81420273299989,-10.891604727999947],[-73.81294748299996,-10.888790853999922],[-73.81492698399995,-10.882930352999892],[-73.81895535799993,-10.881554103999974],[-73.82077435899998,-10.879013728999837],[-73.81812385799998,-10.867595603999916],[-73.81759423299985,-10.861262352999859],[-73.81601235899996,-10.857946228999936],[-73.8168777329999,-10.850389978999885],[-73.81775823399994,-10.848485978999918],[-73.82163335899992,-10.844430603999967],[-73.82215773299987,-10.836072103999982],[-73.82154335799993,-10.834509353999977],[-73.81678748299998,-10.830141602999902],[-73.81683598299998,-10.82810335399995],[-73.8189227339999,-10.825385727999958],[-73.81777310799998,-10.813806103999923],[-73.8157463579999,-10.810580478999952],[-73.81294885799997,-10.80789710299996],[-73.81180698399999,-10.80558485299997],[-73.8142168579999,-10.79989647899987],[-73.81220660899993,-10.798619603999896],[-73.80594648299996,-10.797592728999973],[-73.80051723299988,-10.79590572899997],[-73.79625598399991,-10.796778852999921],[-73.79070385799997,-10.796360978999928],[-73.78693948299991,-10.794138728999883],[-73.78441610899995,-10.789366227999892],[-73.78180835799992,-10.786179353999898],[-73.78055723299997,-10.779463728999929],[-73.77848160799982,-10.775039353999944],[-73.77861410799994,-10.773298603999876],[-73.78115198299997,-10.767475227999967],[-73.78131798299995,-10.763423977999878],[-73.78327610899993,-10.758024977999924],[-73.78331985799991,-10.754559728999936],[-73.78198635799998,-10.750624977999962],[-73.77653473299995,-10.749295977999964],[-73.76693585899994,-10.743199353999898],[-73.7625321079999,-10.738223103999928],[-73.75720010799995,-10.73590472799998],[-73.75069835799997,-10.73553560399995],[-73.74443448299996,-10.734017978999816],[-73.74211610799989,-10.734008228999869],[-73.73711023299995,-10.737312978999967],[-73.73581335799986,-10.742129352999939],[-73.73567673399992,-10.745691853999972],[-73.73399935799995,-10.751092603999837],[-73.72925110799991,-10.755577228999925],[-73.7240629829999,-10.757687603999898],[-73.71855260799998,-10.758420353999952],[-73.71485948299994,-10.759885727999972],[-73.7072322329999,-10.76664685399993],[-73.70675385799996,-10.768890603999921],[-73.70426135799994,-10.771264103999954],[-73.69619310799993,-10.773029228999974],[-73.69347560799997,-10.774758602999896],[-73.68865698299999,-10.77905272899983],[-73.68660598299994,-10.781704103999914],[-73.68230898299998,-10.785035853999887],[-73.68003610799997,-10.788543978999883],[-73.6767751079999,-10.790075728999966],[-73.67144723299998,-10.788720727999873],[-73.66564598399992,-10.79315947899994],[-73.66557098299995,-10.795110353999974],[-73.66753535799995,-10.799414103999936],[-73.66590660799983,-10.802959853999937],[-73.66146723299994,-10.802938603999962],[-73.65967923299996,-10.80702322899998],[-73.65437698299996,-10.811492228999896],[-73.65128885799987,-10.812214478999977],[-73.64796910799998,-10.816460603999928],[-73.64524498299994,-10.81799460399992],[-73.6403466079999,-10.821988727999837],[-73.63611010799997,-10.824822602999916],[-73.6330364829999,-10.828199603999906],[-73.62542498299996,-10.833708353999896],[-73.62218548299995,-10.836988353999857],[-73.6170954829999,-10.839874478999889],[-73.6103962329999,-10.846573852999825],[-73.60533760799996,-10.849103103999937],[-73.59432898299991,-10.852560978999861],[-73.58990623299991,-10.85289647899998],[-73.58572748299991,-10.85423872899986],[-73.58052298299998,-10.854571852999982],[-73.57427473299992,-10.852263228999902],[-73.57155935799994,-10.856705978999969],[-73.56723348299988,-10.859214977999898],[-73.56235323299995,-10.85834935299988],[-73.56026148299998,-10.860609228999976],[-73.56007573299996,-10.86331572899985],[-73.56091710799996,-10.86847185399995],[-73.55902435799993,-10.874138478999953],[-73.55896460799988,-10.87674560399995],[-73.56015535799997,-10.881226978999905],[-73.56290898299994,-10.888355853999826],[-73.56365010799988,-10.89739072899988],[-73.56640573299995,-10.902893853999842],[-73.5672671079999,-10.905947728999934],[-73.56734660799992,-10.91055597899998],[-73.5663137329999,-10.913972353999952],[-73.56615485799989,-10.923665353999922],[-73.56425898299989,-10.934033478999936],[-73.56483673299994,-10.93675460399993],[-73.56857710799994,-10.942348103999961],[-73.57168260799995,-10.948557103999974],[-73.57257710799996,-10.954499978999934],[-73.57149098299982,-10.958093728999927],[-73.56558310799994,-10.96824585399986],[-73.55867410799993,-10.975347228999965],[-73.55942285799995,-10.989909102999945],[-73.55829098299995,-10.995011728999884],[-73.55823798299997,-10.999141103999875],[-73.55641123299989,-11.002152603999832],[-73.55453535799995,-11.003386853999814],[-73.55373635799992,-11.007683603999965],[-73.55449235799995,-11.00957472899995],[-73.5530116079999,-11.014051603999974],[-73.54394348299996,-11.020422228999962],[-73.54133810799993,-11.02154572899991],[-73.54189035799999,-11.024307228999874],[-73.54064773299984,-11.028587728999923],[-73.54358785799991,-11.035013478999929],[-73.54369710799989,-11.03748010299995],[-73.5423886079999,-11.040955478999877],[-73.54257873299991,-11.047424477999925],[-73.53496185799986,-11.050898853999968],[-73.53172023299987,-11.05399285399983],[-73.52293835799998,-11.057967228999871],[-73.51585848299993,-11.05836485399982],[-73.51291985799998,-11.057669978999968],[-73.50658873299989,-11.057885228999908],[-73.50367473299991,-11.058910478999906],[-73.49826685799985,-11.063990978999982],[-73.49563998299993,-11.063876728999958],[-73.49113360799993,-11.062419103999957],[-73.48878710799994,-11.062373478999916],[-73.4826034829996,-11.065242228999864],[-73.47894210799979,-11.071686978999935],[-73.47823723299973,-11.078701603999832],[-73.47694035799981,-11.08081872899993],[-73.47378998299973,-11.082873478999943],[-73.47197360799981,-11.084988728999804],[-73.47097510799989,-11.092649728999959],[-73.47417973299974,-11.098960978999912],[-73.46959385799983,-11.106462478999845],[-73.46731035799962,-11.11415360399991],[-73.46724035799997,-11.115055103999907],[-73.46676060799979,-11.11847285399989],[-73.46678060799985,-11.119072478999954],[-73.4668787329997,-11.119601978999981],[-73.46702048299989,-11.120111728999973],[-73.46829960799994,-11.121231103999946],[-73.46977248299987,-11.122169103999738],[-73.47398135799995,-11.124615603999928],[-73.47518648299973,-11.128355853999949],[-73.47458835799989,-11.130792353999936],[-73.47320035799999,-11.13566222899982],[-73.47168448299988,-11.140127353999958],[-73.46853998299986,-11.151955478999867],[-73.46758685799995,-11.156433978999871],[-73.46660248299986,-11.166139103999853],[-73.46538260799991,-11.170639728999845],[-73.46320735799969,-11.17546985399997],[-73.46306198299993,-11.176590728999827],[-73.46258785799995,-11.177834853999912],[-73.4622126079999,-11.178644603999942],[-73.46218385799983,-11.181867353999962],[-73.46317535799989,-11.183082853999906],[-73.46333535799971,-11.185513853999964],[-73.46012460799989,-11.192712853999979],[-73.4583846079999,-11.195447103999925],[-73.45813723299995,-11.20059272899988],[-73.45937423299989,-11.204996353999888],[-73.45920098299985,-11.20878160399991],[-73.4551684829998,-11.21605472899995],[-73.45440348299974,-11.221138978999818],[-73.45174185799988,-11.223453229999905],[-73.45134848299983,-11.22363860399986],[-73.4507929829997,-11.224101478999785],[-73.45009860799962,-11.224749478999854],[-73.4505946079999,-11.230336353999917],[-73.44987198299998,-11.235566853999956],[-73.45086685799987,-11.240180478999946],[-73.45286135799995,-11.244147353999892],[-73.45513573299985,-11.253873478999878],[-73.45566335799998,-11.257517228999916],[-73.45444235799994,-11.263064854999982],[-73.45570010799992,-11.267094228999952],[-73.45795798299986,-11.270441853999841],[-73.4611306079999,-11.276937353999926],[-73.46296135799986,-11.282602603999976],[-73.46320873299999,-11.285447478999913],[-73.46216973299983,-11.289059478999889],[-73.46310098299995,-11.293553978999796],[-73.46216973299983,-11.29606060399982],[-73.4589041079999,-11.298163353999882],[-73.46011023299985,-11.302711353999882],[-73.47132310799964,-11.305560353999965],[-73.47505873299991,-11.309988603999898],[-73.47894273299994,-11.312140853999892],[-73.48322998299983,-11.317000978999943],[-73.48408748299983,-11.319343978999825],[-73.48032460799988,-11.322694728999863],[-73.47946798299978,-11.325954603999946],[-73.47987248299995,-11.330332728999906],[-73.48314948299992,-11.337367854999968],[-73.48344710799995,-11.339598603999889],[-73.48544273299996,-11.342757604999974],[-73.48551998299968,-11.34511960399982],[-73.48508285799966,-11.346549854999864],[-73.4845614829996,-11.350264103999962],[-73.48297548299973,-11.353076603999966],[-73.4806942329999,-11.354096103999836],[-73.47825285799996,-11.352816853999968],[-73.47669635799997,-11.350105854999924],[-73.47449898299988,-11.34693985399997],[-73.47124898299973,-11.344445728999744],[-73.47064635799995,-11.34400710499989],[-73.46712535799986,-11.344171604999815],[-73.46645610799982,-11.34718310399984],[-73.4637419829997,-11.35428410399976],[-73.45952235799962,-11.359166478999896],[-73.45759073299985,-11.360133228999928],[-73.45367085799978,-11.363674228999912],[-73.44975860799991,-11.368082978999837],[-73.4446913579996,-11.36996872899988],[-73.43966098199985,-11.373526479999839],[-73.43764210799998,-11.373985603999813],[-73.42850260799969,-11.378724353999928],[-73.42365048299968,-11.37940147899991],[-73.42007223299964,-11.380744103999973],[-73.41974948299986,-11.383938229999956],[-73.42392973299997,-11.388611978999847],[-73.4250399829998,-11.390051103999724],[-73.42534135799997,-11.394039353999858],[-73.42601198299985,-11.394677478999881],[-73.43010498299975,-11.399923103999868],[-73.43432235799992,-11.402168103999713],[-73.43587360799984,-11.403392728999961],[-73.43889423299993,-11.40616847899986],[-73.44085360799994,-11.407474603999844],[-73.44386598299997,-11.410909728999854],[-73.44486398299995,-11.413251104999858],[-73.44578510799977,-11.416743978999932],[-73.44517098299985,-11.417895478999924],[-73.44520935799983,-11.418471229999852],[-73.44651448299999,-11.421081354999899],[-73.4530012329999,-11.42538035399997],[-73.45380735799989,-11.427529853999943],[-73.45436948299977,-11.429756353999949],[-73.45446035799984,-11.430753228999833],[-73.45403760799985,-11.431713603999981],[-73.45353860799986,-11.43278835399991],[-73.45430635799988,-11.433786353999778],[-73.45518910799973,-11.43478435399993],[-73.45538110799998,-11.436050978999845],[-73.45676285799982,-11.44211560399998],[-73.4588354829998,-11.443036728999914],[-73.45902473299992,-11.443042603999857],[-73.46256973299978,-11.441724104999935],[-73.46681935799995,-11.443612478999853],[-73.46904560799976,-11.44522460499985],[-73.46969810799993,-11.448487353999894],[-73.46969810799993,-11.449408478999885],[-73.47081123299984,-11.450329604999979],[-73.47203948299995,-11.451519478999842],[-73.47380510799968,-11.455089228999896],[-73.47557085799991,-11.456739728999935],[-73.47656873299997,-11.45835185399983],[-73.47653035799982,-11.45958010399994],[-73.47620673299986,-11.460212854999895],[-73.47486248299992,-11.46103922899988],[-73.47486148299993,-11.461041103999946],[-73.47453448299979,-11.462151853999842],[-73.47572423299982,-11.464071103999913],[-73.47864148299988,-11.467141728999877],[-73.47971623299998,-11.47136385399989],[-73.47910210799989,-11.472400228999845],[-73.47585385799988,-11.477442854999822],[-73.47292710799985,-11.480273729999908],[-73.4706074829997,-11.481035103999943],[-73.46813423299994,-11.483614353999826],[-73.46755348299985,-11.484879728999886],[-73.46501048299984,-11.489341854999964],[-73.46313935799975,-11.491548853999973],[-73.46145998299988,-11.495291103999818],[-73.46036723299989,-11.497010478999869],[-73.4565972329998,-11.500806228999863],[-73.45526473299986,-11.502566853999895],[-73.45381335799976,-11.505327104999822],[-73.45392573299983,-11.508403103999967],[-73.45242635799985,-11.521522478999941],[-73.45100198299986,-11.52624547899984],[-73.44972760799993,-11.531943103999822],[-73.45190160799996,-11.53464197899973],[-73.45563723299995,-11.535695103999842],[-73.46209273299985,-11.53576647899996],[-73.4651709829999,-11.535991353999918],[-73.46854448299996,-11.537715604999846],[-73.4716182329999,-11.538165478999872],[-73.47617735799992,-11.539036979999935],[-73.47888423299997,-11.538956229999826],[-73.4799751079999,-11.53855222899989],[-73.48295110799978,-11.537287978999814],[-73.48444135799997,-11.53528510399974],[-73.48607585799994,-11.534713978999832],[-73.48983323299996,-11.537865353999905],[-73.49248460799987,-11.543112728999915],[-73.49238360799995,-11.547960728999954],[-73.49213098299992,-11.551798978999841],[-73.49430260799983,-11.554879478999794],[-73.4973327329999,-11.557960228999889],[-73.49995885799984,-11.560636853999938],[-73.50233248299986,-11.563161979999961],[-73.50629685799987,-11.565419979999831],[-73.51427260799989,-11.568235603999824],[-73.5161213579999,-11.56937835499997],[-73.52492135799997,-11.574590354999827],[-73.53163810799998,-11.578557228999955],[-73.54189635799975,-11.582739604999972],[-73.54639423299994,-11.585264728999903],[-73.55104998299987,-11.586842853999826],[-73.55625798299974,-11.589762604999919],[-73.55965098299981,-11.592050979999897],[-73.56604285799995,-11.598205979999875],[-73.57267123299994,-11.605386729999907],[-73.58203198299987,-11.615575979999903],[-73.58361023299989,-11.620803603999832],[-73.59110660799968,-11.63520485399988],[-73.5943617329998,-11.64033397999981],[-73.59968810799995,-11.645068604999778],[-73.60442273299992,-11.652367728999934],[-73.60826960799989,-11.660160103999942],[-73.61073548299998,-11.670418354999981],[-73.61162323299999,-11.672489853999878],[-73.6126096079999,-11.676336604999904],[-73.61208110799987,-11.679760353999882],[-73.6106334829999,-11.68140085399989],[-73.60966848299972,-11.682993229999852],[-73.6068216089999,-11.686901729999931],[-73.60382985799998,-11.688349353999797],[-73.60204448299987,-11.690424228999973],[-73.60045223299994,-11.695731979999948],[-73.59741223299994,-11.700943354999822],[-73.58747210799976,-11.7140198539999],[-73.5831837339997,-11.718826978999914],[-73.57759123299996,-11.728302353999823],[-73.57448123299986,-11.734145478999949],[-73.57193660799999,-11.742627354999968],[-73.56995748299977,-11.756292729999927],[-73.57052298299982,-11.762889854999969],[-73.57499573299998,-11.76740347999987],[-73.57834385799998,-11.768507979999868],[-73.57991423299978,-11.769388104999848],[-73.58005235799993,-11.770285479999757],[-73.57918160799983,-11.772726604999946],[-73.57935885799975,-11.774772603999963],[-73.57967510799972,-11.778140603999816],[-73.58132735799967,-11.789062728999966],[-73.58087273299986,-11.800001854999948],[-73.58165848299996,-11.806961729999898],[-73.58115335799982,-11.814258229999837],[-73.58132173299998,-11.82020772999988],[-73.58081660799985,-11.82408060399996],[-73.57750510799985,-11.836484729999711],[-73.57434085799997,-11.840294354999969],[-73.56865798299981,-11.845135354999968],[-73.5588356079997,-11.850888354999825],[-73.55525760799992,-11.85236172999987],[-73.54557560799998,-11.852291604999834],[-73.53056160799991,-11.857483354999886],[-73.51456523299993,-11.861412353999981],[-73.51113035799995,-11.862412228999744],[-73.50654910799972,-11.865265478999845],[-73.50383098299977,-11.867726604999916],[-73.49902248299992,-11.871017853999831],[-73.49403873299985,-11.875401729999908],[-73.49053160799974,-11.878170479999937],[-73.48951635799995,-11.88278522999974],[-73.48614760799984,-11.887399854999728],[-73.48528310799998,-11.893278479999935],[-73.48259435799991,-11.896490729999812],[-73.48028698299987,-11.899351728999932],[-73.47821048299983,-11.90345885499994],[-73.47484173299989,-11.909411728999885],[-73.47110385799971,-11.914257229999976],[-73.4684751079999,-11.917459603999816],[-73.46801210799987,-11.918041228999812],[-73.46547398299992,-11.920809854999902],[-73.46348973299996,-11.924593979999827],[-73.46348973299996,-11.925701479999816],[-73.46329098299987,-11.92898047899996],[-73.4630852329999,-11.929256479999879],[-73.45882885799989,-11.932346479999921],[-73.45615235799994,-11.93410010499997],[-73.45375073299982,-11.934831479999843],[-73.45089823299998,-11.93400785499989],[-73.44740123299982,-11.934791354999788],[-73.44523723299983,-11.936619104999863],[-73.4415699829998,-11.941252979999831],[-73.44113498299987,-11.94420010499988],[-73.44322985799982,-11.951500603999875],[-73.44425460799988,-11.955481979999774],[-73.4449298579998,-11.958105479999972],[-73.44518523299996,-11.961038853999924],[-73.44381873299989,-11.964821728999937],[-73.44147523299995,-11.968665104999957],[-73.44019398299974,-11.970727479999823],[-73.43575698299986,-11.975226854999846],[-73.43360098299974,-11.9776017289999],[-73.43010135799972,-11.982101353999951],[-73.43044498299992,-11.983507478999854],[-73.43135123299993,-11.984757353999896],[-73.4335384829999,-11.985819729999946],[-73.4352258579998,-11.98578847999994],[-73.43666298299996,-11.986819604999823],[-73.43760060799991,-11.989006854999957],[-73.43769435799976,-11.98963185499997],[-73.43731935799991,-11.990694104999932],[-73.43660060799976,-11.994006479999825],[-73.43550698299981,-11.996724978999964],[-73.43269473299989,-11.999005979999936],[-73.42803898299996,-12.000911979999898],[-73.42607048199972,-12.002224354999953],[-73.42497685799992,-12.005474104999905],[-73.42497685799992,-12.009442478999972],[-73.42285198299987,-12.014598229999876],[-73.42069598299992,-12.015566854999918],[-73.41811860799976,-12.015058729999964],[-73.41336698299972,-12.010510854999836],[-73.4100298579998,-12.008100854999896],[-73.40765273299985,-12.006197479999969],[-73.40680673299994,-12.005572104999942],[-73.4059969819998,-12.00540622899996],[-73.40531448299993,-12.005494104999968],[-73.40502123199991,-12.00577747999995],[-73.40491848299985,-12.006243729999824],[-73.40501973299996,-12.00702272999996],[-73.40555873199997,-12.008291104999842],[-73.40517823299984,-12.01025710499988],[-73.40276823299973,-12.01184260499997],[-73.40162673299989,-12.015806479999924],[-73.39851910799979,-12.019706729999882],[-73.39788485799971,-12.020943479999971],[-73.39829723299982,-12.025160979999896],[-73.39790385799978,-12.02743010499995],[-73.39846948299987,-12.032498854999858],[-73.39867185799983,-12.034623354999951],[-73.39927885799995,-12.041300229999877],[-73.39887398299993,-12.045751603999861],[-73.40049285799995,-12.050809853999965],[-73.40160560799973,-12.053693104999866],[-73.40185848299996,-12.055463479999787],[-73.40327335799981,-12.057404354999903],[-73.40570560699996,-12.05801260499976],[-73.40792773299995,-12.060060604999933],[-73.40856948299995,-12.061421229999894],[-73.40768910799977,-12.065989729999785],[-73.40335760799974,-12.069938854999975],[-73.4028462329997,-12.07044822999984],[-73.4003364829997,-12.073461229999907],[-73.39879848299972,-12.073974229999976],[-73.39714548299992,-12.074200604999874],[-73.39278523299993,-12.074123229999884],[-73.39165748199997,-12.074821479999912],[-73.39123035799997,-12.075711104999982],[-73.39226373299994,-12.07813672999987],[-73.39746448299985,-12.084535229999915],[-73.39780198299997,-12.084950354999819],[-73.39966335799988,-12.087417604999928],[-73.40058510799986,-12.091520354999943],[-73.39343998299984,-12.097128104999854],[-73.39079273299973,-12.099405229999888],[-73.38669360799986,-12.101881854999817],[-73.38552648299992,-12.102251854999963],[-73.38111435799982,-12.104102229999853],[-73.37908473299984,-12.103708479999966],[-73.37784598299993,-12.10372585499988],[-73.37585610799977,-12.104807728999958],[-73.36975648299983,-12.107945104999942],[-73.36394935799996,-12.111674104999906],[-73.35999260799986,-12.111332354999888],[-73.35788623299993,-12.10999460499994],[-73.3565482319998,-12.110677854999722],[-73.35526735699978,-12.112214979999806],[-73.35536910799993,-12.114251979999949],[-73.35685598299995,-12.116747104999718],[-73.35878285799987,-12.121158729999877],[-73.36168823299982,-12.125894979999885],[-73.36121060799974,-12.130312979999871],[-73.36109123299974,-12.134292979999941],[-73.36188735799988,-12.135964729999955],[-73.36483260799969,-12.137596604999885],[-73.37291223299991,-12.13910897999989],[-73.37900173299971,-12.14030310499993],[-73.38174798299974,-12.140581604999966],[-73.38432535799984,-12.139235354999869],[-73.38887235799973,-12.13974585499983],[-73.39567835799994,-12.139268229999914],[-73.40109123299999,-12.141497104999758],[-73.41690610799986,-12.144595354999979],[-73.41718223299989,-12.145949229999815],[-73.41713298299999,-12.147242604999974],[-73.42204935799998,-12.149814229999947],[-73.4258311079999,-12.151478229999952],[-73.42900760799967,-12.15261272999976],[-73.43290810799988,-12.152720729999828],[-73.43645023299985,-12.15156910499985],[-73.43952110799984,-12.15200772999998],[-73.44141198299997,-12.154049854999926],[-73.44311360799998,-12.156550479999964],[-73.4449182329999,-12.15934897999989],[-73.44606060799993,-12.160289104999947],[-73.44725173299997,-12.16494447999986],[-73.4483553579999,-12.166779979999944],[-73.45063360799975,-12.170206354999834],[-73.45182260799999,-12.173110104999921],[-73.45657210799976,-12.184602729999938],[-73.45715298299996,-12.187352229999817],[-73.45695935799984,-12.189753104999852],[-73.45792748299982,-12.191611979999834],[-73.45845160799985,-12.192322479999916],[-73.45986323299985,-12.193521479999902],[-73.46089698299994,-12.19610260499985],[-73.46099048299976,-12.201508854999702],[-73.46286535799982,-12.205060854999886],[-73.46398973299995,-12.207150854999895],[-73.46453060799985,-12.21106210499994],[-73.46473860799983,-12.214765354999827],[-73.46852510799977,-12.218135604999816],[-73.4696484829999,-12.219966479999869],[-73.46957660799973,-12.222791854999855],[-73.46998560799983,-12.230605854999965],[-73.4698652329999,-12.236894479999819],[-73.47078648299993,-12.23755172999995],[-73.47574485799993,-12.239987854999981],[-73.48092648299985,-12.242382479999947],[-73.48898835799986,-12.247351729999878],[-73.49157623299993,-12.2497637299997],[-73.49466585799996,-12.251491229999829],[-73.50039298299998,-12.252892604999943],[-73.50328710799971,-12.252801229999932],[-73.50453035799973,-12.252863354999931],[-73.50723023299992,-12.25306010499986],[-73.51152223299977,-12.250470854999946],[-73.51369935799988,-12.249899854999967],[-73.51832248299985,-12.249083229999883],[-73.52170398299995,-12.249980979999918],[-73.52576248299994,-12.251648729999886],[-73.5295814829999,-12.254325479999864],[-73.53080448299994,-12.255356229999961],[-73.53374135799993,-12.258981729999903],[-73.53622035799987,-12.259822229999827],[-73.53718273299984,-12.25990247999988],[-73.54135310799984,-12.260423729999843],[-73.54387948299978,-12.261145604999967],[-73.54488198299987,-12.261265854999976],[-73.54812110799992,-12.260929729999873],[-73.54892448299995,-12.262073229999828],[-73.5504558579999,-12.263671854999927],[-73.55341098299982,-12.264901104999751],[-73.55395385799989,-12.265009604999932],[-73.55540123299983,-12.267035979999832],[-73.55646523299993,-12.27009385499997],[-73.55623348299969,-12.272210604999884],[-73.55974348299992,-12.27514160499993],[-73.56701685799999,-12.276552854999977],[-73.57222760799982,-12.276154854999902],[-73.57432635799984,-12.276842354999872],[-73.57457973299984,-12.278868729999829],[-73.57523098299998,-12.280750354999839],[-73.57577385799988,-12.28295772999985],[-73.57695548299995,-12.28683610499985],[-73.57710035799994,-12.289881229999935],[-73.57869560799986,-12.29624635499988],[-73.57910410799991,-12.297419729999888],[-73.5817907329997,-12.300884854999708],[-73.58290860799974,-12.307185980999975],[-73.5848007329999,-12.312400355999955],[-73.58489998299984,-12.314344355999935],[-73.5847384829998,-12.316551104999917],[-73.58491448299998,-12.318981854999947],[-73.58525185799982,-12.32280185499991],[-73.58615210799996,-12.326300729999957],[-73.5862993579999,-12.327369479999845],[-73.58677998299987,-12.331095229999903],[-73.58718823299972,-12.333926854999902],[-73.58689948299991,-12.33895447999987],[-73.58791873299987,-12.340627104999783],[-73.58778798299988,-12.341154229999972],[-73.58738310799987,-12.342672604999848],[-73.58680960799984,-12.343380979999836],[-73.58719235799998,-12.34460122999991],[-73.58773785799991,-12.345896854999978],[-73.58655598299981,-12.348101479999968],[-73.58660148299975,-12.34944247999971],[-73.58687423299995,-12.351101729999868],[-73.58691960799979,-12.353169979999848],[-73.58701060799996,-12.354510854999944],[-73.58923798299986,-12.359874979999859],[-73.58949160799989,-12.361255229999927],[-73.58805610799976,-12.364011604999916],[-73.5866696079998,-12.36507985499992],[-73.58641010799982,-12.365451230999838],[-73.58612623299996,-12.365990729999965],[-73.58606860799972,-12.366176104999852],[-73.58764698299984,-12.369170979999865],[-73.58873798299987,-12.372193980999953],[-73.58885210799991,-12.373239729999966],[-73.58922123299999,-12.374661730999946],[-73.58995235799972,-12.376137729999868],[-73.59080623299985,-12.377194229999873],[-73.59478373399998,-12.38071722999996],[-73.59722448299976,-12.383656854999913],[-73.59755060799984,-12.384295479999821],[-73.59828435799989,-12.385328104999815],[-73.60162510799972,-12.385558229999845],[-73.6027842329998,-12.385831104999966],[-73.60362823299982,-12.386932979999813],[-73.60376023299966,-12.386985855999853],[-73.60469785799995,-12.38636085599984],[-73.6060678579999,-12.383506979999936],[-73.60625148299988,-12.382175854999957],[-73.60721373299992,-12.38025147999997],[-73.61090723299992,-12.378420229999904],[-73.61233510799991,-12.3779546049999],[-73.61601035799998,-12.376174354999876],[-73.61706060799986,-12.37592385499994],[-73.62464060799988,-12.375274979999972],[-73.62614723299993,-12.374478354999951],[-73.62683010799987,-12.37407485499989],[-73.62835098299985,-12.373702354999978],[-73.62881660799991,-12.373826479999934],[-73.63005823299989,-12.3747576049999],[-73.63142385799989,-12.375875105999967],[-73.63322410799998,-12.378513354999882],[-73.63558310799993,-12.379134104999878],[-73.63733610799994,-12.377950479999924],[-73.63807835799992,-12.375770104999901],[-73.63905248399993,-12.374053604999915],[-73.63960923299999,-12.373682604999942],[-73.64401623299995,-12.372708479999972],[-73.64448385799994,-12.372047229999907],[-73.64562998299988,-12.368929604999948],[-73.65100698299989,-12.363767729999893],[-73.65129373299999,-12.361043229999893],[-73.65683710799993,-12.35992672999987],[-73.65833073299996,-12.357354354999927],[-73.65597960799994,-12.351656354999932],[-73.65714135799988,-12.350052104999975],[-73.65719660799994,-12.346954104999895],[-73.66078298299993,-12.336713854999914],[-73.66114785799982,-12.333533354999929],[-73.65988023299991,-12.329721354999947],[-73.66496073299999,-12.321128979999969],[-73.66781485799999,-12.320492979999926],[-73.67170273299996,-12.316440354999827],[-73.67512948299998,-12.314924729999916],[-73.67789710799991,-12.31027897999985],[-73.67990685799992,-12.309850604999951],[-73.68208148299993,-12.307478354999944],[-73.68197285799982,-12.305221229999972],[-73.68906660799996,-12.299405979999847],[-73.68982435799995,-12.297692604999838],[-73.69087860799993,-12.291004104999956],[-73.69990660799988,-12.277429354999924],[-73.70040085799991,-12.273343729999965],[-73.7045379839999,-12.269445979999944],[-73.70781423299991,-12.267907229999878],[-73.71553573299991,-12.266873854999915],[-73.71771873299997,-12.264705104999962],[-73.72273985799995,-12.263755729999957],[-73.72745148299998,-12.264974854999934],[-73.72985673299996,-12.266490479999902],[-73.73301985799998,-12.26593035499991],[-73.73694073299998,-12.26678697999995],[-73.74211360799995,-12.261614104999921],[-73.74383848299993,-12.261205979999943],[-73.75200235799997,-12.255418979999945],[-73.76141373299998,-12.253247229999886],[-73.76509498399986,-12.245381479999935],[-73.77240498299994,-12.238344229999882],[-73.77507810799995,-12.237416854999879],[-73.77960585799985,-12.2376896049999],[-73.7827153579999,-12.236489479999818],[-73.79368048299989,-12.230543229999967],[-73.79564435899994,-12.228633979999927],[-73.79714648299995,-12.224667979999936],[-73.80006185799988,-12.221324854999978],[-73.80189398299996,-12.220297104999872],[-73.80520110799995,-12.220453479999946],[-73.80745210799984,-12.222160604999942],[-73.81391110799984,-12.224846104999926],[-73.82085448299995,-12.226277729999879],[-73.82357523399992,-12.226289479999878],[-73.8312352339999,-12.227760229999888],[-73.83770835899992,-12.23385385499995],[-73.83923135799989,-12.23633835499993],[-73.84324998299996,-12.23942997999984],[-73.85003998299999,-12.240409979999924],[-73.85193998299997,-12.239910104999865],[-73.86049998299984,-12.239899979999905],[-73.87336998399996,-12.233609979999926],[-73.87919048299989,-12.235364729999901],[-73.88332660799989,-12.235786854999958],[-73.88577448299992,-12.237306229999888],[-73.88805360799995,-12.24034510499996],[-73.89608885799998,-12.245163979999973],[-73.89976773399991,-12.24865810499989],[-73.90142385799999,-12.24900072999992],[-73.9038223579999,-12.247173229999873],[-73.90448435799988,-12.244492229999935],[-73.90771323299998,-12.241353104999973],[-73.90949385799996,-12.238456104999898],[-73.91155723399999,-12.237294604999818],[-73.91925685899997,-12.22853272999987],[-73.9238368579999,-12.22474922999993],[-73.92894785899995,-12.223487979999902],[-73.93285948299996,-12.223748104999856],[-73.93826685799996,-12.22306347999995],[-73.94277685799995,-12.229551104999928],[-73.94672635899997,-12.23330822999992],[-73.95298985899996,-12.236309979999874],[-73.95485998399994,-12.236239979999937],[-73.96104998399989,-12.23814985499996],[-73.96576998299997,-12.238829979999934],[-73.9671699829999,-12.240709979999963],[-73.97227998399995,-12.243549979999955],[-73.9769522329999,-12.243495479999979],[-73.98045160899989,-12.242588354999953],[-73.98322160799995,-12.24711847999987],[-73.9848957339999,-12.25327260499995]]]},"properties":{"ubigeo":"110700","nombre":"SATIPO"}},{"type":"Feature","geometry":{"type":"Polygon","coordinates":[[[-75.04735135899989,-11.301642354999899],[-75.04810673399993,-11.30557622899994],[-75.05046710899995,-11.306960978999939],[-75.04996823499994,-11.310393978999969],[-75.04605848399996,-11.313477228999886],[-75.04601360899994,-11.317610478999939],[-75.04348898399996,-11.320470228999966],[-75.03949610899991,-11.319451229999913],[-75.03332323399997,-11.32902735399989],[-75.03622773399985,-11.332244478999826],[-75.03506598399991,-11.335819478999952],[-75.03064223399991,-11.33765147899993],[-75.02784935899984,-11.337673853999888],[-75.02501198399989,-11.341382603999875],[-75.02471673399998,-11.344376979999936],[-75.02840423399994,-11.350232478999942],[-75.30658998499996,-11.300849978999963],[-75.31366798499994,-11.299199228999896],[-75.35825198499998,-11.285007853999957],[-75.43478960999994,-11.258207853999863],[-75.50672660999999,-11.224076228999934],[-75.57930998499995,-11.22872997899998],[-75.5818299849999,-11.22708997899997],[-75.58635998499983,-11.222249978999912],[-75.58600998499998,-11.21960997899987],[-75.58303998499991,-11.21368997899998],[-75.58610998499995,-11.212039978999883],[-75.58659985999998,-11.207469978999939],[-75.58761998499989,-11.20442997899994],[-75.5874599849999,-11.198499978999905],[-75.5902499849999,-11.19356997899996],[-75.58976498499999,-11.18983797899989],[-75.58745948499995,-11.188355728999909],[-75.58732623499992,-11.18634885399996],[-75.58857923499994,-11.18153810399997],[-75.58837260999991,-11.177127978999977],[-75.5843964849999,-11.172513978999916],[-75.58393548499993,-11.167902978999962],[-75.59051785999986,-11.16480772899996],[-75.59199623499995,-11.164894853999954],[-75.59660535999996,-11.167938603999971],[-75.60063348499989,-11.168956978999972],[-75.60220698499995,-11.172492353999928],[-75.61511210999998,-11.157051103999947],[-75.61872348499992,-11.155386728999929],[-75.62295573499995,-11.155821603999982],[-75.62634723499991,-11.158836353999959],[-75.63179723499991,-11.161039478999896],[-75.63498585999997,-11.16385135399986],[-75.63767598499999,-11.164202103999912],[-75.64117773499999,-11.160074103999875],[-75.63949698499994,-11.155387728999813],[-75.63985923499996,-11.153279853999948],[-75.64289398499994,-11.144976978999978],[-75.6464884849999,-11.140779478999946],[-75.64857510999991,-11.136237728999845],[-75.65151823499997,-11.132530728999882],[-75.6556256099999,-11.132013478999909],[-75.65629385999995,-11.130027603999906],[-75.65462835999983,-11.124314228999879],[-75.65583423499993,-11.121345728999927],[-75.66204723499993,-11.116957853999963],[-75.66462798499987,-11.11583672899991],[-75.66964698499999,-11.115306353999927],[-75.67083985999994,-11.111456853999925],[-75.67018923499995,-11.106897978999939],[-75.67090660999997,-11.10375460399996],[-75.6689556099999,-11.100802728999895],[-75.66738985999996,-11.098273353999957],[-75.66331885999989,-11.098321603999977],[-75.65946310999993,-11.097297353999863],[-75.65607335999994,-11.094026603999964],[-75.65517385999993,-11.091962103999947],[-75.64733435999995,-11.08995535399987],[-75.64206498499993,-11.08546097899989],[-75.63931673499991,-11.085347353999907],[-75.63622773499998,-11.08664210399985],[-75.63509210999996,-11.08341685399995],[-75.63034498499997,-11.081940478999854],[-75.62568885999997,-11.077897478999887],[-75.62330398499984,-11.076898103999895],[-75.61860235999995,-11.078874228999894],[-75.61424148499998,-11.079010478999976],[-75.61028935999991,-11.07403635399993],[-75.60429323499994,-11.075081103999935],[-75.60181748499997,-11.073877352999887],[-75.5999549849999,-11.069448228999818],[-75.59634360999996,-11.06665460399995],[-75.59611648499998,-11.062884228999906],[-75.59409498499997,-11.061135353999873],[-75.59046098499994,-11.061203478999914],[-75.58614548499992,-11.058046353999941],[-75.5843998599999,-11.051399353999898],[-75.57626523499994,-11.050800853999931],[-75.57088223499994,-11.047212227999864],[-75.56693023499997,-11.047393978999878],[-75.56361410999995,-11.045758603999957],[-75.56300085899994,-11.050414727999964],[-75.55888985999997,-11.050323853999942],[-75.55800398499986,-11.052118228999973],[-75.5545062349999,-11.05336747799987],[-75.54648773499991,-11.047922103999952],[-75.54094735999996,-11.04674010399998],[-75.53757210999999,-11.050353103999953],[-75.53338223499992,-11.050980978999917],[-75.52777023499993,-11.050058352999883],[-75.52706260999992,-11.046511728999974],[-75.52555560999991,-11.043607478999945],[-75.52260498399994,-11.04308397899996],[-75.51934510999996,-11.04422610399996],[-75.51537148499989,-11.0434171039999],[-75.51282535999991,-11.038896228999931],[-75.50797135999994,-11.034613103999959],[-75.50606923499993,-11.028936603999853],[-75.50418598499988,-11.02631522899992],[-75.4993576089999,-11.022810978999814],[-75.49176723499988,-11.021264353999982],[-75.48756735999996,-11.018222353999931],[-75.48492060999996,-11.018044103999841],[-75.48193360999994,-11.01616410399987],[-75.47885260999993,-11.018525728999975],[-75.47493173499993,-11.018218853999883],[-75.47331935999995,-11.019034853999926],[-75.47197185999994,-11.02188910399991],[-75.46845460999998,-11.023643103999916],[-75.4641152349999,-11.02421285399987],[-75.45996285999996,-11.017897228999857],[-75.45818835899996,-11.016728103999924],[-75.4531048589999,-11.016439353999942],[-75.45106423499993,-11.015121852999812],[-75.44931585899997,-11.012368228999946],[-75.44675060999998,-11.010489352999855],[-75.44524860999996,-11.007658728999957],[-75.44669273499989,-11.006070228999874],[-75.45016210999995,-11.005165978999912],[-75.45425135999994,-11.002251603999923],[-75.45501110999999,-10.999166978999881],[-75.45122748499995,-10.994776728999966],[-75.45019560999998,-10.990233728999954],[-75.44573960999998,-10.986516103999975],[-75.44423760999996,-10.98452310399989],[-75.4419699849999,-10.978369978999979],[-75.44167673499999,-10.972218228999907],[-75.44054060999997,-10.969214978999844],[-75.43765223499997,-10.965171228999907],[-75.42806298499988,-10.960925228999884],[-75.42277723399997,-10.95789260399988],[-75.4233261089999,-10.952029353999876],[-75.42318160999986,-10.947812353999836],[-75.42378210999988,-10.943131853999887],[-75.42349935899995,-10.936894353999946],[-75.42751410999995,-10.935190228999886],[-75.43015235999991,-10.932849603999841],[-75.43100910999993,-10.930251227999975],[-75.43138448499991,-10.923492478999947],[-75.43375298499996,-10.918293477999896],[-75.43552435999987,-10.912132353999937],[-75.43690123499994,-10.91020610399994],[-75.44412210899998,-10.906653353999957],[-75.45327810899994,-10.90110785399986],[-75.45335010999997,-10.90029535399998],[-75.4495046099999,-10.896548977999942],[-75.44875373499997,-10.891176603999952],[-75.44733848499993,-10.888086102999978],[-75.44125085999991,-10.883834352999884],[-75.43764148399998,-10.87981297899995],[-75.43087935999995,-10.879287603999956],[-75.42632748499989,-10.882508103999953],[-75.41827273399997,-10.890348478999954],[-75.41338810999991,-10.88365422899983],[-75.41074923399998,-10.878864353999973],[-75.41057723499995,-10.877028728999903],[-75.4126193599999,-10.869098228999917],[-75.41067635899998,-10.864560603999905],[-75.41072198499995,-10.861700602999974],[-75.40788435999997,-10.858740853999961],[-75.40448823399998,-10.857784978999973],[-75.4024002349999,-10.855168602999981],[-75.39804810999988,-10.853307103999953],[-75.39526423499996,-10.853743853999958],[-75.3913017349999,-10.860622728999942],[-75.38692660899994,-10.86493685399995],[-75.38572735999998,-10.86493685399995],[-75.38143910999992,-10.861708603999944],[-75.37897073499988,-10.856117228999949],[-75.36792960899999,-10.850153477999982],[-75.36273773499994,-10.850112477999971],[-75.3603863599999,-10.84306397899985],[-75.35807748499991,-10.838501102999942],[-75.35648323499998,-10.836796977999938],[-75.35633798499998,-10.830756853999958],[-75.35472848499995,-10.828539853999928],[-75.35626323499997,-10.824207853999951],[-75.35526435999986,-10.820267103999925],[-75.36188635999991,-10.81917410299991],[-75.36001998499995,-10.816779978999875],[-75.35915998499996,-10.813629977999938],[-75.35691998499988,-10.81145997799996],[-75.35658998399992,-10.809629978999908],[-75.35339998399996,-10.804109978999975],[-75.34851998499994,-10.800639978999925],[-75.34541998499998,-10.799489978999816],[-75.33878998499995,-10.800659977999885],[-75.33393160999992,-10.80848210399995],[-75.33393160999992,-10.810997103999966],[-75.33013673399995,-10.81246760299996],[-75.3282911099999,-10.816990603999898],[-75.32646560899991,-10.819363603999875],[-75.32216573499994,-10.822000353999897],[-75.31989410899996,-10.821655478999958],[-75.31774423499996,-10.824474728999917],[-75.31354573499993,-10.827273728999955],[-75.31047335999995,-10.827749477999873],[-75.30794573499998,-10.834828977999962],[-75.30427460999988,-10.83823635399989],[-75.29948798499998,-10.838540602999956],[-75.29459998399994,-10.83996035299998],[-75.29129385899995,-10.838195853999935],[-75.28750998499993,-10.841629978999947],[-75.28307998399993,-10.841029978999927],[-75.27913998399998,-10.83599997899995],[-75.27605998499996,-10.834039978999954],[-75.27048998399988,-10.829509978999965],[-75.26630010999997,-10.829539977999957],[-75.26235998399994,-10.825289978999933],[-75.26053998499998,-10.819509977999928],[-75.26061998499995,-10.816599978999932],[-75.25853998499997,-10.813729978999959],[-75.25751998499993,-10.809909978999883],[-75.25421985899999,-10.808879978999926],[-75.24978998499995,-10.805369977999874],[-75.2474699849999,-10.80195997899989],[-75.24659998499988,-10.795149978999973],[-75.24346998399989,-10.790560102999905],[-75.24303998499994,-10.786399977999963],[-75.24387985899995,-10.779089978999878],[-75.24532998499996,-10.77551997799992],[-75.24453998399997,-10.773129977999872],[-75.24418998499993,-10.764159978999942],[-75.24134998499989,-10.763109977999932],[-75.23778998399996,-10.760719978999873],[-75.2297299839999,-10.7594299779999],[-75.22402060999991,-10.761304228999904],[-75.22051835999997,-10.763821477999898],[-75.21088710999993,-10.765572602999953],[-75.20418398399988,-10.764676228999917],[-75.19523648499995,-10.775258477999955],[-75.1899489839999,-10.78040197799993],[-75.17469898399997,-10.745437477999928],[-75.15708310899998,-10.761979478999933],[-75.15728998499998,-10.760079978999954],[-75.15304998399989,-10.75434997799988],[-75.15303998499996,-10.752069978999884],[-75.14932998399996,-10.751699978999909],[-75.14688998399993,-10.747559978999845],[-75.14653998499995,-10.744939977999934],[-75.14232998399996,-10.741249978999917],[-75.13821348499994,-10.74034635299995],[-75.13321085899992,-10.741050978999965],[-75.12701048499991,-10.738232603999904],[-75.12031673499996,-10.73196172799993],[-75.11845460999996,-10.729012478999891],[-75.11599198399995,-10.726820478999969],[-75.1096398599999,-10.723993353999845],[-75.10904385899988,-10.72210910399997],[-75.10457048399996,-10.71715985399993],[-75.0977342349999,-10.708399102999977],[-75.09615773399997,-10.703497728999935],[-75.09592310999989,-10.70004585299995],[-75.0928347339999,-10.698315102999914],[-75.09068598399995,-10.693513978999931],[-75.08782673499996,-10.688684228999932],[-75.08844723399994,-10.683537103999925],[-75.08217573399992,-10.682788478999896],[-75.07973673399994,-10.683266853999953],[-75.07162273399996,-10.67784960299997],[-75.07388510999988,-10.672174603999906],[-75.07431648499988,-10.665810478999958],[-75.0721592349999,-10.662420353999948],[-75.0717072349999,-10.65989322799993],[-75.06892198499986,-10.658428853999908],[-75.06507285899988,-10.65289447799995],[-75.05444148499998,-10.65707810299989],[-75.05072948399999,-10.663050603999977],[-75.04915898399997,-10.663621602999967],[-75.03921285899992,-10.672782602999973],[-75.03804698499994,-10.675804478999964],[-75.03850648399992,-10.67951335399988],[-75.03563923399992,-10.68231772899992],[-75.03138210899994,-10.680991853999899],[-75.02505160899989,-10.680467603999887],[-75.02070060899996,-10.673694477999902],[-75.01711223399997,-10.674726102999898],[-75.01666360899998,-10.676251228999888],[-75.01253685899997,-10.678807978999885],[-75.01119123399991,-10.680557352999926],[-75.01041960999999,-10.684023103999891],[-75.00731210999993,-10.687391352999953],[-75.00817123499996,-10.693424978999872],[-75.00641323399998,-10.69892847899996],[-75.00824773499988,-10.703820478999887],[-75.00878273399991,-10.710623477999945],[-75.00549598399994,-10.720330977999936],[-75.00022173499991,-10.723694227999943],[-74.99763298399995,-10.724030478999964],[-74.99533223499992,-10.725604228999885],[-74.98859298399998,-10.732566477999967],[-74.98650748399984,-10.73551235399998],[-74.98765448399996,-10.73960535399982],[-74.98783685899997,-10.743802478999896],[-74.9868723589999,-10.745966353999961],[-74.98281760899988,-10.749787103999893],[-74.97925760899994,-10.746919228999957],[-74.96795223399988,-10.741524478999963],[-74.96062973399995,-10.738998478999974],[-74.95902148499982,-10.73757760399991],[-74.95771998499998,-10.733866478999971],[-74.95648160999997,-10.732823727999858],[-74.94924735899997,-10.740709852999885],[-74.94475023399991,-10.741557103999924],[-74.94083173399997,-10.745887102999973],[-74.9393163599999,-10.748844352999981],[-74.92722535899998,-10.751707103999877],[-74.9221163599999,-10.752277103999972],[-74.92077173499996,-10.754293978999954],[-74.91735560899991,-10.754566603999933],[-74.91452110899996,-10.748297728999944],[-74.9123381089999,-10.749141603999874],[-74.91054173399993,-10.751532103999978],[-74.90305548399994,-10.757419353999978],[-74.90071148399988,-10.76123510399998],[-74.89330760899998,-10.769165603999966],[-74.88523873399998,-10.770597603999931],[-74.88202460899998,-10.763928353999972],[-74.88049485899995,-10.763205353999922],[-74.87576648499999,-10.763983978999931],[-74.87078785899996,-10.762482103999957],[-74.86714435999988,-10.760618603999944],[-74.86593623399995,-10.758972103999952],[-74.8666992339999,-10.75525047899987],[-74.86867410899998,-10.750494353999898],[-74.87068060899998,-10.739053103999936],[-74.87373560899988,-10.735433978999822],[-74.87622485899988,-10.727319852999926],[-74.88004935899994,-10.722382852999885],[-74.88062135899997,-10.719819978999965],[-74.88702210899993,-10.712449353999943],[-74.8875393589999,-10.709119603999909],[-74.88677548399994,-10.705771852999874],[-74.88231835899995,-10.701854227999888],[-74.87816485899998,-10.700699353999937],[-74.87814523499998,-10.70310335299996],[-74.87337585899996,-10.70699260299989],[-74.86971373499995,-10.707673978999935],[-74.86578473399999,-10.714256228999943],[-74.86359973399988,-10.716137477999894],[-74.85890948499991,-10.72220372899983],[-74.85610660899994,-10.727847353999948],[-74.85357848399991,-10.72980747899993],[-74.85113548399994,-10.732970102999957],[-74.84913173499996,-10.738873352999917],[-74.84740473399995,-10.741534603999924],[-74.84589123399996,-10.746177228999898],[-74.84282310899988,-10.752599602999908],[-74.84035960899996,-10.76050572899993],[-74.84109773399996,-10.763174228999901],[-74.83760585899995,-10.766495727999938],[-74.83649698399995,-10.771299727999974],[-74.83357460899998,-10.775125977999892],[-74.83131098399991,-10.78053647899992],[-74.82169473399989,-10.794340853999927],[-74.81845910899989,-10.798135853999952],[-74.81752173399997,-10.800691103999895],[-74.80966298399994,-10.811825103999979],[-74.80648435899997,-10.815326978999906],[-74.8057433599999,-10.817171727999892],[-74.80169123399992,-10.821042353999871],[-74.79837998399995,-10.823310352999954],[-74.79482685999994,-10.829872353999917],[-74.79180285899997,-10.831157602999951],[-74.78852273399997,-10.829576353999869],[-74.78304848399995,-10.827997478999976],[-74.7781781089999,-10.827844228999822],[-74.77612648399997,-10.826647478999917],[-74.76815923399988,-10.830481352999982],[-74.76485185899998,-10.82703222899994],[-74.76036310899991,-10.82514222899988],[-74.74491885899994,-10.832482978999849],[-74.7406059839999,-10.836176228999875],[-74.73931698399991,-10.836225853999906],[-74.73676173399997,-10.833598603999974],[-74.73431335899988,-10.833332477999875],[-74.73170535899993,-10.83492922899984],[-74.72798935899993,-10.841778103999957],[-74.72212510899993,-10.84787610299992],[-74.70794660899992,-10.858164727999963],[-74.70485335899997,-10.867515978999904],[-74.70202173399997,-10.868896103999873],[-74.70040910899996,-10.872466853999924],[-74.7011183589999,-10.874943978999966],[-74.70017385899996,-10.877892728999882],[-74.70171948399991,-10.881249103999949],[-74.69745998399992,-10.890369978999956],[-74.69533998399993,-10.89394010399991],[-74.69666998399993,-10.897299853999925],[-74.69697998399982,-10.901489978999962],[-74.70031998399998,-10.906959978999907],[-74.70201998399995,-10.914999978999901],[-74.69903998399991,-10.921029978999854],[-74.69778998399994,-10.921609978999982],[-74.69687998399996,-10.92559997899997],[-74.69374998399991,-10.933069978999868],[-74.69542998399999,-10.936029853999969],[-74.69662998399997,-10.94284997899996],[-74.69452010899994,-10.948150103999978],[-74.69644998399991,-10.951829978999967],[-74.69743998399997,-10.955359978999923],[-74.69497998399999,-10.958169977999887],[-74.69287923399997,-10.957789728999956],[-74.68933160899991,-10.953391478999947],[-74.68245448399995,-10.953282478999881],[-74.67993198399995,-10.95138510399994],[-74.67811435899995,-10.951355978999914],[-74.67703123399991,-10.953973103999942],[-74.67391985899997,-10.957339103999914],[-74.6708809839999,-10.958036852999896],[-74.66123685899998,-10.952834103999919],[-74.65511835899997,-10.95420635399995],[-74.64881060899995,-10.956577978999974],[-74.64317810899996,-10.957434228999944],[-74.63970298399994,-10.960752978999949],[-74.63521510899994,-10.96052235299993],[-74.63339210899994,-10.962859478999974],[-74.62877560899994,-10.964112728999908],[-74.62776273399999,-10.965109102999918],[-74.62718623399991,-10.970692228999951],[-74.62353835899995,-10.974471978999873],[-74.62257585899994,-10.976354727999933],[-74.62576660899987,-10.98254022899988],[-74.62829348399993,-10.985616978999815],[-74.63527760899996,-10.991279228999872],[-74.63690373399987,-10.994121978999885],[-74.63953598399996,-10.995841728999892],[-74.64352523399998,-11.000053353999931],[-74.64407510899991,-11.001995228999931],[-74.64324448399992,-11.005656977999877],[-74.64442610899994,-11.008043603999909],[-74.64742098399984,-11.009049603999927],[-74.65748185899997,-11.0081371039999],[-74.6622153589999,-11.010895103999928],[-74.66682923399992,-11.008956103999935],[-74.67160210899988,-11.00858360399991],[-74.67443348399985,-11.010184478999918],[-74.67853973399997,-11.011342603999935],[-74.68410035899996,-11.010006103999842],[-74.68602685899992,-11.010160978999863],[-74.68762960899994,-11.01329635399992],[-74.69242610899988,-11.016291228999933],[-74.6958421089999,-11.016408103999936],[-74.70064773399997,-11.015566103999959],[-74.70556385899994,-11.015764728999955],[-74.71005610899994,-11.016747478999946],[-74.71439635899998,-11.015671103999978],[-74.71650210899992,-11.017449353999837],[-74.71695835899993,-11.019999728999892],[-74.71901735899996,-11.02037410399987],[-74.72328748399997,-11.016513478999912],[-74.72964085899991,-11.017230353999935],[-74.73185098399989,-11.015752978999899],[-74.73263473399999,-11.012395478999906],[-74.73390998399998,-11.011857353999972],[-74.7383788599999,-11.01329635399992],[-74.74112810899993,-11.013027228999874],[-74.74571398399996,-11.010749228999941],[-74.74775998499996,-11.011339978999956],[-74.75013998399993,-11.016509978999977],[-74.74919998399997,-11.019589978999932],[-74.75110998399998,-11.022949978999918],[-74.75106998399997,-11.027359978999868],[-74.75219385899999,-11.035598603999972],[-74.74979998399988,-11.039430103999962],[-74.74892998399991,-11.04441997899994],[-74.74987998499995,-11.049409978999961],[-74.7469299839999,-11.057939978999912],[-74.74593998399996,-11.067429978999883],[-74.74622998399991,-11.069879978999836],[-74.7488899839999,-11.071429978999902],[-74.75543998399996,-11.072609978999935],[-74.7601699839999,-11.071549978999883],[-74.7630099839999,-11.072389978999922],[-74.76434998399992,-11.075149978999946],[-74.76668998399998,-11.077239978999955],[-74.76769010899989,-11.080709853999906],[-74.76663998399994,-11.084479978999923],[-74.7675099839999,-11.085609978999969],[-74.77234998399996,-11.087189978999959],[-74.77827998399988,-11.08772997899996],[-74.77960998399982,-11.088749978999886],[-74.77842998499995,-11.09235997899998],[-74.78031998399996,-11.096229853999887],[-74.78414998399995,-11.098849978999965],[-74.78544998399985,-11.101649978999944],[-74.78700998399995,-11.101269978999937],[-74.78943998399996,-11.097939978999932],[-74.79287998399997,-11.09858997899994],[-74.7913299839999,-11.100709978999873],[-74.79305998399997,-11.102959978999877],[-74.79621998499994,-11.102259853999954],[-74.80008998399995,-11.102819978999946],[-74.80178998399992,-11.105269978999956],[-74.80654998399996,-11.10615997899987],[-74.80698998399993,-11.107919978999917],[-74.81041998399996,-11.10793997899998],[-74.8129899839999,-11.112429978999955],[-74.81278998399995,-11.114869978999877],[-74.81774998399999,-11.117129978999913],[-74.81589998399988,-11.121549978999951],[-74.81619998399992,-11.12351997899998],[-74.8201798589999,-11.121819978999895],[-74.82228998399995,-11.125839978999977],[-74.8252799839999,-11.127139978999935],[-74.82897998399989,-11.124089978999962],[-74.8336799839999,-11.125929978999977],[-74.83735998399993,-11.12396997899998],[-74.83674998499998,-11.128449978999924],[-74.83990998399997,-11.130929978999973],[-74.84160998399994,-11.128839978999963],[-74.84054998399989,-11.12634997899994],[-74.84331998399995,-11.125689978999844],[-74.84745998499994,-11.130299978999972],[-74.84848998399997,-11.136339978999956],[-74.85242998399991,-11.137519978999876],[-74.85460998399998,-11.139379978999955],[-74.85344998399995,-11.141969978999953],[-74.85473998399993,-11.143529978999936],[-74.8535999849999,-11.14648997899991],[-74.85588010899994,-11.14837997899997],[-74.85966998399988,-11.143809978999855],[-74.86241998399998,-11.146649978999903],[-74.8650599849999,-11.148199978999912],[-74.86469998399997,-11.150289978999979],[-74.86818998399997,-11.154649978999942],[-74.87693998499998,-11.155669978999981],[-74.87793998399997,-11.15734997899989],[-74.87716998399992,-11.161239978999959],[-74.87873985899995,-11.162709978999942],[-74.88188998399994,-11.163349978999918],[-74.88317998399998,-11.164749978999964],[-74.89037998499992,-11.166739978999942],[-74.89927998399992,-11.168539978999945],[-74.8977799839999,-11.170789978999949],[-74.8931199839999,-11.174119978999954],[-74.89062998499992,-11.178589978999867],[-74.89141998399992,-11.181789978999973],[-74.89136998499998,-11.188829978999877],[-74.89181998399988,-11.19006997899993],[-74.89555998499998,-11.191679978999957],[-74.89822998399995,-11.19042997899993],[-74.90192998399993,-11.186499978999848],[-74.90466998499994,-11.186639853999964],[-74.90599998399995,-11.188599978999946],[-74.90592998399995,-11.193299978999903],[-74.90293998399989,-11.199899978999952],[-74.90373998399991,-11.203769978999958],[-74.90716985899996,-11.209019853999905],[-74.91104998499998,-11.213079978999929],[-74.91105998399996,-11.215749978999895],[-74.90802998399988,-11.217759978999936],[-74.90840998399995,-11.219979978999959],[-74.91026998399997,-11.222429978999969],[-74.90624998399994,-11.226519978999875],[-74.90464010899996,-11.23247997899989],[-74.90229998399997,-11.235109978999901],[-74.90335998499995,-11.237439978999873],[-74.90056998499983,-11.237919979999958],[-74.89373998399986,-11.233879978999937],[-74.8906199839999,-11.234309978999875],[-74.89037998399994,-11.237149978999867],[-74.88808998399992,-11.239539978999971],[-74.88841998399994,-11.241189978999898],[-74.89478998499999,-11.245999979999965],[-74.89458998399994,-11.248509978999834],[-74.89161998399993,-11.253649979999864],[-74.89095998399995,-11.258519978999914],[-74.89222998399998,-11.26321997899987],[-74.89011998399991,-11.26973997899995],[-74.89389998399997,-11.271439978999922],[-74.89731998399998,-11.271859978999942],[-74.89993998399984,-11.271259978999865],[-74.90482998499988,-11.272189978999961],[-74.90607998399992,-11.273529978999932],[-74.91504998399995,-11.27576997899996],[-74.9198199839999,-11.27919997899994],[-74.92476998399991,-11.283589978999885],[-74.92811998399998,-11.288459978999867],[-74.93017998499982,-11.288079978999974],[-74.9354399849999,-11.29016997899987],[-74.93678998399997,-11.291909978999968],[-74.94517998399988,-11.293209978999869],[-74.94808998499997,-11.295089978999897],[-74.95341998499998,-11.295609978999948],[-74.95749998499997,-11.298079979999955],[-74.96042998399992,-11.298299978999921],[-74.96823998399998,-11.300299853999945],[-74.9797499849999,-11.30080997899995],[-74.99218998499998,-11.296969978999925],[-74.99999998399994,-11.297189978999938],[-75.00496998399996,-11.295719978999955],[-75.00825998399995,-11.29615997999997],[-75.01152998399994,-11.295609978999948],[-75.01593998399989,-11.29597997899998],[-75.02373810899985,-11.300782728999934],[-75.03403510999988,-11.302562978999958],[-75.03777185899997,-11.304131603999963],[-75.04067835899997,-11.302632228999926],[-75.04416035999992,-11.297586228999933],[-75.04735135899989,-11.301642354999899]]]},"properties":{"ubigeo":"110800","nombre":"CHANCHAMAYO"}},{"type":"Feature","geometry":{"type":"Polygon","coordinates":[[[-75.30355603599992,-12.271098463999977],[-75.3082883809999,-12.272928468999964],[-75.31090575999991,-12.270515031999935],[-75.31461152499992,-12.27014505699998],[-75.35722890099998,-12.308923634999871],[-75.35585333499984,-12.31223015099988],[-75.3581956619999,-12.316912830999911],[-75.35810620899997,-12.319853019999925],[-75.35694123199994,-12.32210553699997],[-75.35446448499994,-12.324175729999922],[-75.35253998499996,-12.32760997999992],[-75.35624998499998,-12.329490104999877],[-75.35673998499993,-12.331459979999977],[-75.35973998499998,-12.335149979999926],[-75.36545998499997,-12.338019979999899],[-75.37024998499999,-12.33904997999997],[-75.37160998499996,-12.337109979999923],[-75.37665998499989,-12.339569979999908],[-75.38486998499991,-12.347389979999889],[-75.39002998499984,-12.349989979999975],[-75.39361998499987,-12.350619979999976],[-75.39410998499989,-12.351850104999812],[-75.3979999849999,-12.35339997999995],[-75.40313998499994,-12.359169979999876],[-75.4099799849999,-12.363959979999834],[-75.41477998499988,-12.364929979999886],[-75.42028998499995,-12.366879979999851],[-75.42204998499994,-12.366779979999933],[-75.42636998399996,-12.368319979999967],[-75.42733998499995,-12.369799979999868],[-75.43026998499988,-12.369909980999978],[-75.43377998499994,-12.368729980999888],[-75.43918998499993,-12.369940104999898],[-75.44285010999994,-12.369829980999953],[-75.44819998499997,-12.374519979999945],[-75.45049998499996,-12.375349979999953],[-75.45434998399998,-12.378639979999946],[-75.45663010999994,-12.37948997999996],[-75.4629299849999,-12.384549855999921],[-75.46668998499996,-12.388359979999962],[-75.47160998499999,-12.392279854999913],[-75.47332998499985,-12.392479979999962],[-75.47756998499995,-12.394869854999968],[-75.48594998499988,-12.396239979999848],[-75.48811998399992,-12.398350104999906],[-75.49039998499995,-12.39864997999996],[-75.49614998499999,-12.397709979999888],[-75.49999998499993,-12.396519979999937],[-75.5035699849999,-12.398239979999971],[-75.50564998499988,-12.401749854999935],[-75.50742010999988,-12.403069979999884],[-75.51133998499995,-12.403699979999885],[-75.51875998499997,-12.40341997999991],[-75.52353998499996,-12.40485997999997],[-75.52846998499996,-12.404789979999919],[-75.53161998499996,-12.40392998099992],[-75.54089998499995,-12.403429980999931],[-75.54592998499987,-12.404939980999927],[-75.55026998499994,-12.407889979999936],[-75.55468998499992,-12.408619979999912],[-75.55958998499989,-12.410719979999953],[-75.56215003999995,-12.412790018999885],[-75.56561003999991,-12.411920018999922],[-75.56698362099996,-12.409892960999912],[-75.56594733499992,-12.403435220999938],[-75.56027031099995,-12.398537467999972],[-75.56049910999997,-12.393066979999958],[-75.56164248499988,-12.390885479999838],[-75.56053748499994,-12.388540354999975],[-75.55731373499992,-12.38456460499998],[-75.55118873499993,-12.375806730999841],[-75.55049023499998,-12.373818729999925],[-75.54870110999991,-12.36424397999997],[-75.55453710999996,-12.359436604999928],[-75.55620260999996,-12.353098229999944],[-75.5615577349999,-12.342571479999833],[-75.56409610999998,-12.336288980999939],[-75.56821648499994,-12.331638729999952],[-75.57105923499995,-12.329839354999933],[-75.57525035999998,-12.329700604999971],[-75.58265585999993,-12.328370729999904],[-75.58597060999995,-12.325801354999953],[-75.5887967349999,-12.324697604999926],[-75.59203848499999,-12.319090604999928],[-75.59254060999996,-12.315563604999852],[-75.59239060999994,-12.312245854999958],[-75.59017673499994,-12.305383729999903],[-75.58641185899995,-12.300775479999913],[-75.58669985999995,-12.299252979999892],[-75.59145223499996,-12.297339604999934],[-75.59504635999991,-12.291058604999932],[-75.59648448499996,-12.287146229999962],[-75.6030379849999,-12.27962510499998],[-75.60480323499996,-12.274578729999973],[-75.60762386,-12.270971479999957],[-75.60916385999997,-12.267724229999942],[-75.6140132349999,-12.267133979999869],[-75.6162363599999,-12.263836979999837],[-75.61612410999987,-12.256490979999967],[-75.61975998499997,-12.253689854999948],[-75.62120023499995,-12.25152372999986],[-75.62732198499992,-12.248380354999938],[-75.62942560999988,-12.246047604999887],[-75.63193360999992,-12.242835979999938],[-75.63684060999998,-12.23514485499993],[-75.64036710999989,-12.231966729999954],[-75.64522448499997,-12.22436410499995],[-75.64511248499986,-12.22010897999985],[-75.64765060999997,-12.217458729999919],[-75.65207835999996,-12.214481229999876],[-75.65257773499997,-12.210845729999903],[-75.65203035999997,-12.206764729999918],[-75.65586248499989,-12.202982229999861],[-75.65884860999995,-12.199100354999928],[-75.66255223499996,-12.195632479999972],[-75.66551619599988,-12.193876213999943],[-75.67075580999989,-12.193139654999925],[-75.67086773299991,-12.186484617999952],[-75.66870039399993,-12.18341784199987],[-75.66691772699994,-12.182445993999863],[-75.66321135899989,-12.182454924999888],[-75.65976296399992,-12.180568284999936],[-75.6584871099999,-12.175248229999909],[-75.65220910999994,-12.175305854999976],[-75.64846623499994,-12.174208354999962],[-75.64860485999998,-12.169770354999912],[-75.64938310999997,-12.167868604999967],[-75.6489787349999,-12.163061229999926],[-75.64505060999988,-12.157880854999917],[-75.6414216099999,-12.14922197999988],[-75.63525385999992,-12.147033229999977],[-75.62752348499998,-12.141740229999982],[-75.62169710999984,-12.140207229999817],[-75.61757435999994,-12.144402854999953],[-75.61206523499993,-12.144767854999941],[-75.60896398499995,-12.146372979999967],[-75.60465885999997,-12.146956854999871],[-75.59925910999993,-12.146518979999883],[-75.5952127349999,-12.144380354999953],[-75.5858628609999,-12.145148969999866],[-75.5828777349999,-12.155457604999981],[-75.57565373499995,-12.15771972999994],[-75.57219898499983,-12.159530104999874],[-75.56930548499997,-12.163265354999908],[-75.56382610999992,-12.168208979999974],[-75.55843698499996,-12.170198604999939],[-75.55543010999997,-12.1741594799999],[-75.55126685999994,-12.174275104999879],[-75.54950323499992,-12.175315979999937],[-75.5487462339999,-12.181006104999938],[-75.54669198499994,-12.183461104999935],[-75.54123073499989,-12.183611479999911],[-75.5379739849999,-12.18516472999994],[-75.53620693199997,-12.187350634999973],[-75.5318703719999,-12.18476976699992],[-75.53243003999995,-12.182020017999946],[-75.52911003999998,-12.17141001799996],[-75.52706003999998,-12.168460017999962],[-75.52567998499984,-12.163689979999958],[-75.52714998499994,-12.159319979999964],[-75.53116998499996,-12.152929979999897],[-75.53239010999994,-12.14569997999996],[-75.52957998399995,-12.140189979999889],[-75.52594998499995,-12.137139979999972],[-75.52280998499998,-12.131279979999931],[-75.51794998499992,-12.126589979999949],[-75.51820998499994,-12.121729979999884],[-75.51334998499988,-12.119379979999962],[-75.50776998499998,-12.11975997999997],[-75.49957998399992,-12.115529979999906],[-75.49398998499998,-12.114559979999967],[-75.4866199839999,-12.111669978999942],[-75.48489998499997,-12.10814997999995],[-75.48071998499995,-12.105499979999934],[-75.47812998399996,-12.104740104999962],[-75.47431998499997,-12.10006997999983],[-75.47459998499994,-12.091949978999878],[-75.47050998499992,-12.085319979999952],[-75.46909998499996,-12.082269978999932],[-75.46699998499997,-12.080269979999969],[-75.46355010999997,-12.079329978999908],[-75.45996998499993,-12.079959979999899],[-75.45837010999992,-12.07836997999982],[-75.45810998499996,-12.073439979999932],[-75.45991991999989,-12.066720063999924],[-75.45600003899995,-12.065100017999896],[-75.44840003899992,-12.064360017999945],[-75.44645003899996,-12.063340017999963],[-75.43861003899991,-12.061610017999897],[-75.43747003899983,-12.062540017999936],[-75.42880003899995,-12.063430017999849],[-75.42440430899995,-12.061079270999926],[-75.4208241469999,-12.059974504999843],[-75.41822073499998,-12.057304728999895],[-75.41597003899994,-12.049730017999877],[-75.41407003899991,-12.047790017999944],[-75.40772998499989,-12.045489979999957],[-75.40537998399998,-12.043629979999935],[-75.39612998399997,-12.040139979999879],[-75.39140998499988,-12.040029979999929],[-75.39049664399988,-12.039444604999915],[-75.38914657099991,-12.033704064999938],[-75.38703888699996,-12.03525744999996],[-75.38503574399988,-12.03832576799988],[-75.38178944699996,-12.03600162399988],[-75.37476761799991,-12.035123455999951],[-75.3572283549999,-12.028001889999928],[-75.35539415299996,-12.02777161299997],[-75.35303438099999,-12.025764795999919],[-75.34793754499998,-12.023014811999872],[-75.34636361199989,-12.02049295799992],[-75.34130964499997,-12.01575350999991],[-75.33705106699995,-12.013927212999874],[-75.33258721999994,-12.008649952999974],[-75.32895393899992,-12.008121313999936],[-75.32705278099985,-12.006929108999941],[-75.32506545199982,-12.00932662199989],[-75.32040204599997,-12.014503854999816],[-75.31811689799997,-12.019154039999819],[-75.31702245799994,-12.023585600999922],[-75.31311771599997,-12.03375810599988],[-75.318002,-12.036023],[-75.31472950899985,-12.039360267999939],[-75.31650979499989,-12.041469950999897],[-75.31477672599993,-12.04262592799995],[-75.30219723499994,-12.04794535499991],[-75.30156003899998,-12.048920017999933],[-75.29787003899986,-12.050180017999878],[-75.29366003899997,-12.054810017999898],[-75.28932003899996,-12.056210017999945],[-75.28087003899998,-12.057880017999935],[-75.27746003899989,-12.055270017999874],[-75.27383212499996,-12.056450414999915],[-75.27104998499993,-12.057350104999955],[-75.26952998499996,-12.059859853999967],[-75.26549998499996,-12.060829979999937],[-75.26389644799997,-12.060389740999824],[-75.25891998499998,-12.058509979999883],[-75.25490998499998,-12.058279979999952],[-75.25283998499998,-12.0609799799999],[-75.24932998399998,-12.062079979999965],[-75.24133998399998,-12.063559979999923],[-75.23878623499996,-12.063067104999902],[-75.23766635999993,-12.067563479999876],[-75.23615748399999,-12.069569729999898],[-75.23549223399988,-12.075668104999977],[-75.23385635999989,-12.079951229999892],[-75.23222048399998,-12.087654604999955],[-75.23274185899999,-12.08900672999988],[-75.23183887199997,-12.09562602099993],[-75.23333910999992,-12.100757979999912],[-75.23336610899992,-12.105206479999936],[-75.23231910999988,-12.109370604999924],[-75.23312348499991,-12.11343047999992],[-75.23205898399993,-12.116511479999872],[-75.23184248399997,-12.120401854999955],[-75.23593173499995,-12.123234729999979],[-75.23896173499998,-12.13220160499992],[-75.23913410899996,-12.13641397999993],[-75.24051360899995,-12.139443854999968],[-75.2403432189999,-12.14152145699984],[-75.24040523499997,-12.149392979999902],[-75.24161885999996,-12.151914354999974],[-75.24411673399993,-12.153323729999897],[-75.24563671199991,-12.152046276999897],[-75.25168463999995,-12.153464967999867],[-75.25942812599999,-12.153859784999952],[-75.2624756479999,-12.154737417999968],[-75.26529864899999,-12.156765633999953],[-75.26730998499994,-12.160929979999878],[-75.26904998499992,-12.16200997999988],[-75.27106998499994,-12.166039979999823],[-75.2722999849999,-12.171169979999888],[-75.27592003899986,-12.177610017999939],[-75.27369003899997,-12.180440017999956],[-75.27129003899995,-12.190380017999871],[-75.26836428099995,-12.192020253999942],[-75.26312248499994,-12.197110479999935],[-75.2617683599999,-12.201691729999936],[-75.25983148399996,-12.204625729999975],[-75.25983673499996,-12.206551729999887],[-75.25787198399985,-12.213363604999927],[-75.25442185899993,-12.217598979999934],[-75.25299410899993,-12.22216772999991],[-75.24932973499995,-12.222905229999924],[-75.24797198499988,-12.226481479999961],[-75.24660160999991,-12.236160229999939],[-75.24444535899994,-12.241820354999902],[-75.24626598499992,-12.249332979999963],[-75.24962548399998,-12.25415247999996],[-75.25203535999998,-12.255185229999938],[-75.25547798499991,-12.25422135499997],[-75.26268435999992,-12.248916604999977],[-75.2655396099999,-12.249600604999898],[-75.26847235999992,-12.25561447999985],[-75.27390884299996,-12.257638259999965],[-75.27363786699993,-12.259093269999823],[-75.27034050999998,-12.261483590999887],[-75.27157610899997,-12.266619104999904],[-75.27399073499998,-12.266553104999957],[-75.27709310999984,-12.2647687299999],[-75.28225923499997,-12.263081229999898],[-75.2873938599999,-12.265480729999922],[-75.29238985899991,-12.26512847999993],[-75.29780223499995,-12.262182104999965],[-75.29984760999997,-12.258265604999906],[-75.30154923499998,-12.26115722999998],[-75.30216160999993,-12.265779479999878],[-75.30355603599992,-12.271098463999977]]]},"properties":{"ubigeo":"110900","nombre":"CHUPACA"}}]}