ubigeo_distrito,votos_validos,votos_blancos,votos_nulos,votos_emitidos,actas_contabilizadas,actas_total,cand_08,cand_10,cand_35,cand_16,cand_14,cand_23,cand_02,cand_33,cand_31,cand_21,cand_32,cand_25,cand_01,cand_12,cand_20,cand_24,cand_29,cand_03,cand_37,cand_17,cand_27,cand_22,cand_38,cand_18,cand_26,cand_11,cand_07,cand_28,cand_09,cand_05,cand_19,cand_36,cand_30,cand_04,cand_15,cand_34
010101,13472,1891,1108,16471,76,76,2395,1062,1141,1745,1395,574,1750,867,455,199,107,131,202,141,335,127,121,177,39,35,74,87,50,44,35,25,19,22,28,11,24,8,12,7,0,28
010102,121,40,12,173,2,2,13,15,5,14,16,1,20,2,3,1,0,0,3,0,13,1,0,4,1,2,2,0,0,0,0,0,0,2,0,0,1,1,1,0,0,0
010103,611,137,28,776,5,5,120,188,11,8,66,16,31,4,12,1,9,0,20,3,74,7,18,3,0,1,4,2,0,1,1,0,0,3,0,1,0,1,3,0,0,3
010104,365,65,46,476,3,3,67,77,18,17,87,2,18,7,9,2,5,1,9,3,4,13,1,9,1,0,3,3,2,5,0,0,0,1,0,0,0,0,0,0,0,1
010105,380,105,34,519,4,4,138,82,8,15,54,6,20,6,3,0,1,3,14,0,9,2,1,3,1,0,5,0,0,2,0,3,0,0,0,1,0,0,1,0,0,2
010106,469,154,76,699,7,7,157,88,21,7,32,6,38,6,5,2,6,2,10,10,43,0,2,6,0,0,8,3,0,6,1,1,0,0,2,0,2,2,1,1,0,1
010107,321,45,17,383,2,2,52,57,5,20,80,8,36,0,9,3,3,2,0,1,14,1,1,5,3,4,2,4,3,0,0,0,0,1,2,0,1,1,3,0,0,0
010108,522,105,40,667,3,3,159,70,35,23,61,21,35,12,5,3,6,1,16,1,27,4,6,15,1,1,10,2,1,1,1,1,0,0,1,2,0,0,1,0,0,0
010109,2375,535,252,3162,17,17,142,1355,38,41,369,21,69,31,25,16,43,2,25,7,36,26,4,24,3,34,18,4,0,10,3,3,3,8,2,1,4,3,0,0,0,5
010110,1448,325,132,1905,10,10,218,284,98,117,127,41,131,23,27,10,17,5,29,103,120,8,7,6,4,27,13,7,7,4,1,1,2,0,1,2,3,1,0,1,0,3
010111,710,102,35,847,4,4,209,165,24,25,66,30,74,8,17,2,10,1,5,4,25,12,3,10,2,0,7,2,0,2,0,2,0,1,0,1,1,0,1,0,0,1
010112,467,81,55,603,3,3,89,57,13,7,60,24,33,4,2,13,42,4,35,16,3,4,2,3,2,10,0,3,0,1,0,23,1,5,2,3,3,1,1,0,0,1
010113,469,114,25,608,4,4,145,113,15,5,46,16,48,11,7,2,7,5,10,0,8,4,2,8,2,0,2,2,0,2,4,1,0,0,1,0,1,1,0,1,0,0
010114,1247,223,100,1570,8,8,273,244,72,96,128,32,174,21,36,10,12,8,22,7,25,6,2,19,3,6,15,8,3,5,3,1,0,3,0,2,2,2,2,1,0,4
010115,376,56,44,476,3,3,54,61,15,30,63,10,62,15,4,2,2,0,10,3,27,1,0,7,0,2,2,1,0,1,0,0,0,2,1,1,0,0,0,0,0,0
010116,238,34,21,293,2,2,33,58,4,9,38,2,35,5,3,2,2,3,6,0,12,9,2,7,1,2,0,1,0,1,0,1,0,1,0,0,0,0,0,0,0,1
010117,413,119,32,564,4,4,49,118,7,13,89,13,29,8,5,6,8,6,17,9,3,4,2,8,0,1,8,2,3,0,0,0,0,0,0,2,1,0,0,1,0,1
010118,216,47,19,282,2,2,34,20,18,21,37,2,34,8,6,2,1,1,5,0,3,3,1,9,0,1,3,1,0,1,0,0,4,0,0,0,0,0,0,0,0,1
010119,422,74,28,524,3,3,141,90,8,12,38,8,35,8,17,1,5,0,12,12,11,2,2,4,0,1,4,0,1,2,3,0,0,0,0,0,2,3,0,0,0,0
010120,719,205,98,1022,6,6,124,150,32,27,123,12,34,13,15,9,7,6,19,1,48,4,13,32,1,12,8,7,1,5,4,3,0,1,4,0,0,1,1,0,0,2
010121,218,58,19,295,2,2,72,27,4,1,27,14,29,4,4,1,1,3,4,7,6,1,1,4,0,1,3,2,0,0,0,0,0,0,0,0,0,0,1,0,0,1
010201,3384,766,290,4440,25,25,695,1175,144,85,416,73,152,26,40,29,57,43,72,54,130,29,16,22,10,17,13,8,12,15,6,1,3,7,3,7,5,4,5,2,0,8
010202,4276,1093,448,5817,34,34,801,1993,86,45,493,42,108,26,31,30,187,22,80,23,48,90,22,23,17,24,24,3,2,10,8,3,2,3,1,3,7,6,4,1,0,8
010203,2436,591,216,3243,16,16,339,1034,68,59,297,45,80,11,21,15,57,60,123,16,69,26,20,15,6,12,13,3,4,7,5,3,2,4,4,7,3,2,1,2,0,3
010204,956,171,41,1168,6,6,122,462,30,16,93,18,44,5,9,6,13,12,34,2,39,9,5,6,3,8,9,0,0,2,1,0,1,1,0,1,2,2,0,0,0,1
010205,12160,2126,1060,15346,72,72,2454,3358,584,498,1175,611,748,305,241,139,175,288,410,147,129,172,118,93,76,63,66,39,55,26,27,15,11,22,33,10,20,15,4,3,0,30
010206,9142,2027,723,11892,97,97,433,6072,113,57,347,51,150,46,27,24,1142,41,51,14,47,112,22,71,11,89,74,20,12,18,14,6,5,11,2,8,31,7,2,2,0,10
010301,379,98,75,552,3,3,57,84,21,43,46,10,34,11,6,5,3,2,3,4,3,2,2,14,2,3,11,1,0,4,2,0,2,2,0,1,0,0,1,0,0,0
010302,389,61,35,485,3,3,53,178,9,6,59,4,13,6,7,2,8,1,11,2,4,6,2,8,1,0,2,0,1,2,0,1,0,1,0,0,2,0,0,0,0,0
010303,439,116,59,614,3,3,63,143,15,18,58,13,30,11,5,8,9,1,10,1,10,6,4,8,0,2,9,4,0,3,0,0,3,2,0,0,0,0,0,0,0,3
010304,217,40,27,284,2,2,54,42,14,8,27,5,13,4,6,3,2,0,16,4,3,0,0,4,0,0,2,2,0,1,0,0,0,1,0,1,2,2,1,0,0,0
010305,182,30,27,239,2,2,63,16,8,17,23,9,11,4,1,0,1,0,17,1,2,0,2,0,1,0,3,0,0,2,0,0,1,0,0,0,0,0,0,0,0,0
010306,2635,568,304,3507,17,17,587,898,74,90,393,59,154,25,49,15,58,12,34,7,16,31,8,28,12,14,15,5,4,13,7,1,2,5,3,3,5,2,3,0,0,3
010307,171,42,15,228,2,2,36,39,4,7,31,2,8,6,3,2,6,0,2,1,2,4,1,2,1,0,2,0,3,3,0,0,0,1,1,0,2,0,0,0,0,2
010308,308,80,34,422,3,3,59,80,8,17,32,7,42,7,6,4,2,4,7,1,7,3,0,3,0,2,4,1,1,2,1,1,1,0,0,1,1,2,0,0,0,2
010309,799,156,87,1042,6,6,119,291,32,45,84,16,71,5,7,10,22,2,14,1,13,15,1,13,7,4,11,2,1,1,4,1,0,2,2,0,0,1,1,1,0,0
010310,552,144,69,765,4,4,193,78,19,33,58,18,41,9,9,6,6,2,29,5,14,2,2,2,5,1,3,4,0,4,1,1,1,1,0,1,1,0,2,1,0,0
010311,2462,592,215,3269,18,18,637,922,42,52,257,52,118,17,35,16,59,8,29,8,34,34,10,32,5,4,23,8,5,10,5,4,7,7,5,4,3,6,0,0,0,4
010312,2904,621,282,3807,21,21,818,409,134,225,377,87,306,72,54,36,26,17,61,17,34,24,17,28,19,33,35,10,5,12,5,4,7,6,10,4,4,2,2,0,0,4
010401,913,226,89,1228,7,7,158,150,61,53,122,39,107,17,25,11,14,3,23,16,36,9,6,7,2,5,16,2,1,6,1,3,1,1,7,2,1,1,0,0,0,7
010402,2800,690,331,3821,20,20,389,1277,48,66,321,54,204,25,36,13,65,16,103,1,16,24,16,25,10,11,18,5,3,14,3,1,3,15,1,6,3,5,0,0,0,3
010403,369,130,30,529,7,7,56,192,6,15,29,2,24,3,2,4,9,0,10,0,3,1,0,2,2,0,2,1,0,1,0,0,0,1,0,2,1,0,1,0,0,0
010404,929,219,150,1298,7,7,277,152,40,28,135,16,77,18,19,6,21,4,16,11,18,6,11,24,3,0,15,0,0,10,4,3,1,5,0,2,1,2,1,1,0,2
010405,913,167,83,1163,6,6,184,370,27,20,81,23,81,8,5,10,18,10,8,3,2,10,7,8,3,3,12,1,0,6,4,0,0,3,1,2,0,2,0,0,0,1
010406,307,71,25,403,3,3,102,34,22,11,49,17,25,5,2,2,4,1,4,2,5,0,5,7,1,0,3,0,1,0,0,0,0,3,0,1,0,0,0,0,0,1
010407,450,104,43,597,4,4,191,78,17,20,45,15,33,9,12,2,0,1,5,1,5,2,2,0,0,0,3,0,0,1,0,0,0,0,2,1,1,1,0,1,0,2
010408,365,98,44,507,3,3,105,59,18,16,38,10,50,3,4,3,3,2,15,1,13,1,3,3,3,0,9,0,0,0,0,1,1,3,1,0,0,0,0,0,0,0
010409,1847,369,188,2404,12,12,447,416,56,107,240,51,153,55,37,16,31,5,33,7,57,14,9,16,4,8,18,9,6,8,3,1,3,6,5,9,3,5,2,0,0,7
010410,252,29,16,297,2,2,39,62,8,3,23,6,12,2,0,1,4,1,8,1,61,2,1,1,1,6,5,0,0,0,0,1,0,0,1,1,1,0,0,0,0,1
010411,403,104,66,573,3,3,71,72,20,40,65,11,41,7,16,3,3,6,5,4,10,4,1,1,3,0,6,4,1,2,1,1,1,1,0,1,0,2,0,0,0,0
010412,1379,425,189,1993,11,11,274,570,31,27,134,34,111,12,16,13,15,9,16,13,14,14,6,16,0,10,11,3,3,7,0,2,0,3,1,1,3,7,1,0,0,2
010413,1214,535,191,1940,11,11,387,199,22,44,184,15,65,9,16,5,20,7,43,6,69,19,10,9,12,1,14,3,2,19,1,2,3,5,5,4,0,2,2,1,0,9
010414,1051,448,162,1661,18,18,266,341,37,13,128,17,31,6,8,8,24,3,26,8,54,9,5,12,2,4,12,3,2,5,3,2,1,3,2,4,3,4,2,1,0,2
010415,349,55,18,422,3,3,100,68,8,4,32,7,32,3,5,1,9,0,16,1,17,9,4,14,1,8,4,0,0,3,0,0,0,1,0,1,0,0,0,0,0,1
010416,271,87,34,392,3,3,41,56,4,3,23,9,18,7,3,4,9,2,19,5,32,13,0,6,1,2,4,2,1,2,0,0,0,1,0,2,1,0,0,0,0,1
010417,518,135,29,682,4,4,157,117,16,17,56,13,22,6,4,7,13,2,53,0,5,7,2,7,2,2,4,1,0,2,0,0,0,0,2,0,0,0,0,0,0,1
010418,214,59,42,315,2,2,59,51,1,6,25,4,13,2,3,0,5,1,5,2,25,0,1,2,0,0,5,0,0,0,1,1,0,1,0,1,0,0,0,0,0,0
010419,787,214,43,1044,7,7,185,371,9,7,59,6,33,3,4,5,8,2,21,0,32,8,6,7,0,1,7,4,1,5,0,0,0,0,0,0,0,1,0,1,0,1
010420,1095,336,149,1580,12,12,290,248,39,28,161,22,53,8,13,5,13,2,23,13,78,10,5,11,1,10,10,24,1,7,6,3,1,2,1,2,1,2,1,0,0,1
010421,808,149,55,1012,5,5,233,140,22,37,126,12,107,19,10,1,8,3,8,4,20,5,4,12,2,2,7,3,2,6,1,3,0,2,3,0,4,1,1,0,0,0
010422,669,142,54,865,4,4,87,254,19,12,94,8,67,2,12,5,8,1,9,12,29,8,3,5,0,9,10,1,1,3,1,2,1,1,1,1,0,1,1,0,0,1
010423,480,157,54,691,5,5,37,175,8,18,83,7,30,2,8,2,20,5,18,3,20,5,3,7,0,0,3,0,0,10,0,2,2,4,0,1,1,0,1,0,0,5
010501,2155,502,209,2866,15,15,410,209,248,167,245,121,265,72,49,17,23,21,44,68,37,22,11,28,14,5,12,10,6,10,8,3,1,8,6,1,2,3,1,2,0,6
010502,421,67,56,544,3,3,78,69,24,23,60,25,36,10,7,6,7,3,13,8,12,2,0,8,0,0,7,3,0,3,6,0,0,1,1,2,2,2,0,0,0,3
010503,710,237,120,1067,8,8,127,283,22,15,56,15,63,2,6,4,16,1,5,4,10,5,0,45,4,1,7,1,4,3,2,1,2,0,1,2,0,0,0,0,0,3
010504,1213,334,178,1725,10,10,311,69,165,88,124,68,103,34,14,13,19,12,20,10,64,12,1,15,6,1,13,2,6,9,11,3,2,7,1,1,4,0,1,0,0,4
010505,626,225,94,945,6,6,97,91,97,28,71,25,80,3,4,1,5,4,8,5,35,5,1,2,7,11,4,2,1,7,23,2,1,3,0,0,1,0,0,1,0,1
010506,763,183,120,1066,6,6,155,76,83,44,81,58,78,14,10,9,9,10,8,7,41,9,7,28,3,2,3,4,2,8,1,3,1,1,0,2,1,0,0,0,0,5
010507,224,89,51,364,3,3,67,38,6,9,24,12,20,3,2,0,4,4,3,0,11,6,0,6,0,0,2,3,0,2,0,0,0,0,0,0,0,0,0,0,0,2
010508,896,191,79,1166,6,6,233,107,76,56,90,39,118,18,16,4,22,6,19,8,21,4,3,7,6,10,11,4,2,4,2,0,1,3,0,0,1,2,3,0,0,0
010509,2917,872,423,4212,29,29,528,1042,124,77,308,71,152,34,39,21,87,30,44,12,58,30,18,70,13,18,62,7,4,15,7,6,4,9,1,8,4,2,3,3,0,6
010510,308,82,41,431,3,3,78,18,33,19,26,16,36,3,2,2,1,1,9,5,24,1,7,4,1,2,2,1,2,5,2,1,2,1,0,0,2,0,1,0,0,1
010511,213,36,30,279,2,2,54,27,32,6,20,13,10,5,2,1,3,0,1,2,14,0,1,15,0,0,3,0,0,2,0,0,0,2,0,0,0,0,0,0,0,0
010512,1023,247,81,1351,11,11,153,535,15,7,104,10,11,6,3,3,38,2,20,1,11,14,4,2,2,4,7,37,2,5,1,1,1,2,1,1,1,10,1,1,0,7
010601,7301,1977,668,9946,86,86,448,4971,103,36,276,49,175,32,36,29,334,19,157,14,221,49,47,50,9,24,45,14,22,21,8,7,48,6,7,7,12,9,7,0,0,9
010602,3529,998,323,4850,47,47,121,2572,16,5,64,16,29,15,5,17,201,9,75,4,50,31,146,27,5,8,35,4,4,18,3,4,5,3,0,3,10,7,1,0,0,16
010603,4088,818,444,5350,41,41,58,3166,33,9,74,2,11,3,1,6,187,6,11,2,123,65,28,120,2,6,9,9,103,8,2,4,0,3,2,10,6,7,2,0,0,10
010701,23147,4659,1949,29755,152,152,4385,7688,807,749,3080,682,1210,329,360,237,426,211,408,158,400,293,180,290,143,118,277,67,86,82,68,39,114,45,18,31,32,46,41,10,0,37
010702,10764,2423,905,14092,77,77,1762,4746,187,207,1397,179,376,91,113,83,248,56,250,78,101,121,66,159,37,87,134,18,21,42,36,10,21,25,9,10,19,26,20,6,0,23
010703,3718,841,261,4820,27,27,713,1633,82,52,470,36,118,20,24,21,70,91,108,16,63,25,31,25,12,7,20,5,9,18,4,3,8,2,0,8,7,4,1,6,0,6
010704,2879,716,198,3793,19,19,735,1105,104,23,259,80,83,21,39,26,66,35,54,11,22,26,28,10,20,25,23,6,18,12,4,2,5,6,8,5,5,5,2,0,0,6
010705,3110,613,293,4016,22,22,468,1575,52,56,368,31,120,15,20,21,47,14,41,14,86,31,14,28,21,13,21,1,4,12,4,3,3,3,1,3,4,5,5,3,0,3
010706,4201,1126,371,5698,29,29,743,1568,131,112,497,112,342,28,37,67,75,18,63,63,21,42,18,37,21,44,42,7,15,22,13,7,7,8,2,8,5,10,2,1,0,13
010707,1523,296,122,1941,13,13,277,607,58,14,185,29,92,9,6,9,41,21,28,12,24,16,9,16,6,2,10,7,2,11,1,2,0,1,1,7,6,6,1,1,0,6
020101,32339,4198,2470,39007,167,167,4397,2768,2462,3933,3217,2830,5224,1250,1297,794,504,276,502,206,236,222,248,201,94,175,184,234,136,181,149,139,47,79,59,40,41,25,9,16,0,164
020102,34846,4728,3001,42575,183,183,5147,3615,2150,3798,3497,2918,5755,1244,1275,884,536,263,589,185,268,313,295,222,104,173,191,249,87,245,114,161,42,61,65,53,44,41,22,19,0,221
020103,668,184,39,891,7,7,159,203,19,6,53,26,81,2,1,5,15,0,41,3,2,6,0,8,1,6,5,1,1,6,0,2,0,4,1,2,1,4,0,0,0,4
020104,151,56,6,213,2,2,25,23,4,6,22,2,26,4,2,2,2,3,7,5,0,5,2,1,0,5,0,0,1,2,0,0,0,0,0,1,0,0,0,0,0,1
020105,768,215,83,1066,8,8,172,285,16,22,83,31,42,2,9,7,15,5,4,1,9,8,5,5,5,11,8,1,2,3,1,1,0,3,0,2,3,2,1,0,0,4
020106,2897,564,259,3720,17,17,542,680,102,109,429,170,394,52,37,73,68,13,48,3,13,30,10,7,8,12,12,11,4,12,6,7,1,3,5,7,5,5,5,3,0,11
020107,715,154,37,906,5,5,124,83,13,34,101,71,121,3,10,20,58,2,6,1,8,7,4,6,2,7,9,0,0,4,1,2,0,4,3,4,2,0,0,0,0,5
020108,1666,284,188,2138,10,10,268,440,36,72,168,136,257,18,32,29,49,11,25,6,10,8,12,14,3,6,7,11,2,9,3,18,0,2,1,1,2,1,0,1,0,8
020109,518,117,40,675,5,5,76,112,15,12,79,20,110,11,9,6,12,1,2,0,1,6,2,3,2,1,16,2,0,6,1,2,0,2,1,3,0,2,1,0,0,2
020110,2339,563,206,3108,16,16,699,664,56,61,220,102,132,14,32,15,116,19,21,26,14,10,12,4,8,17,19,4,6,40,1,5,1,3,4,5,1,0,2,1,0,5
020111,2020,492,147,2659,16,16,430,518,35,49,226,99,259,11,21,47,125,6,24,4,10,21,8,11,3,9,21,5,1,18,5,21,0,4,3,4,1,9,0,1,0,11
020112,3361,795,339,4495,20,20,580,834,127,149,396,274,381,45,75,80,57,14,65,12,15,26,15,28,6,18,22,10,6,37,5,17,6,12,8,6,6,5,6,2,0,16
020201,955,192,65,1212,6,6,173,164,17,68,92,61,194,21,20,13,19,6,12,12,18,5,3,12,1,4,6,2,0,8,2,4,0,5,0,2,2,1,2,2,0,4
020203,707,212,60,979,6,6,200,168,10,15,59,48,94,19,5,5,16,3,3,3,9,7,4,5,1,6,4,2,0,8,0,2,0,2,6,0,0,1,1,0,0,1
020205,283,45,27,355,2,2,28,58,8,12,35,22,48,3,7,3,26,0,7,1,4,2,2,1,3,1,2,0,1,1,1,2,0,0,1,1,0,0,0,0,0,3
020206,1106,245,117,1468,9,9,254,190,36,29,120,147,120,24,28,17,34,3,13,1,19,14,3,6,1,9,4,4,2,8,3,3,0,2,1,1,2,3,0,2,0,3
020208,360,73,26,459,3,3,77,59,13,11,42,34,72,4,6,7,9,0,4,0,0,1,1,2,1,2,1,0,0,8,0,3,1,0,0,0,1,0,0,0,0,1
020301,1622,311,102,2035,12,12,225,189,61,117,225,57,333,38,47,35,79,14,35,15,9,18,9,24,1,5,5,8,3,38,4,1,0,6,1,9,1,2,1,1,0,6
020302,101,19,7,127,1,1,19,9,9,10,4,6,30,3,0,0,1,0,1,0,2,0,1,0,0,0,0,0,3,1,1,0,0,0,0,0,0,1,0,0,0,0
020304,972,222,77,1271,8,8,236,203,19,34,128,30,93,20,34,17,34,11,10,3,5,5,12,10,4,10,6,6,0,23,2,2,0,1,2,4,0,3,1,0,0,4
020305,833,175,37,1045,6,6,241,162,24,25,89,51,65,5,17,14,36,17,8,5,5,6,13,3,1,20,4,0,1,5,2,1,1,2,1,3,1,2,1,0,0,2
020310,494,140,33,667,5,5,36,74,15,11,78,18,115,5,6,33,27,1,10,5,3,6,0,10,0,14,3,3,2,2,2,1,1,5,0,2,3,1,0,0,0,2
020311,737,169,63,969,7,7,125,124,13,42,118,24,96,8,20,15,30,6,13,11,0,6,1,4,2,4,10,2,0,43,3,0,0,3,2,4,0,1,2,0,0,5
020313,275,47,9,331,3,3,45,29,13,16,38,10,37,4,2,24,25,2,1,1,3,5,4,0,0,6,1,2,0,2,1,0,0,0,0,0,1,1,0,0,0,2
020315,441,85,22,548,4,4,18,149,8,26,69,6,74,4,2,5,31,1,8,2,2,5,3,1,0,4,1,0,0,13,0,1,0,0,3,4,1,0,0,0,0,0
020317,140,29,4,173,2,2,34,11,5,7,17,12,24,0,1,1,6,3,4,3,3,0,0,1,0,0,1,0,2,1,0,2,0,0,0,0,0,0,0,0,0,2
020320,215,59,24,298,3,3,49,22,5,4,19,8,37,7,5,3,12,4,6,1,5,0,7,4,0,0,1,0,0,6,0,4,0,1,2,1,0,0,0,0,0,2
020321,646,139,55,840,6,6,101,127,23,22,73,40,97,5,14,13,55,0,11,0,3,5,2,9,2,5,9,2,1,4,1,2,0,4,1,8,0,2,0,0,0,5
020322,121,28,2,151,2,2,34,7,8,5,5,4,18,1,0,1,23,1,1,2,0,2,2,3,0,1,0,0,0,1,0,0,0,0,0,1,0,0,0,0,0,1
020323,1090,186,59,1335,7,7,271,150,56,45,135,62,94,6,27,37,49,5,54,8,6,9,3,3,7,14,10,3,1,15,4,1,0,1,0,2,3,2,0,1,0,6
020324,151,34,11,196,2,2,12,13,1,15,22,9,15,4,3,10,16,2,3,3,2,1,0,1,0,3,2,0,0,7,0,1,0,0,0,1,0,1,1,0,0,3
020325,2457,613,204,3274,17,17,546,543,95,147,315,101,198,34,67,69,74,17,32,8,23,29,15,19,2,19,17,7,2,34,4,7,3,4,3,7,3,2,0,4,0,7
020401,7033,1910,1048,9991,43,43,1067,1939,318,341,753,386,793,141,164,98,149,28,98,44,57,63,102,65,20,60,54,32,9,103,16,19,22,6,14,16,9,12,7,2,0,26
020402,1369,312,140,1821,8,8,293,248,71,81,138,102,190,16,29,7,34,7,8,8,8,9,23,13,5,4,10,8,3,20,7,2,11,3,2,1,0,2,1,1,0,4
020403,917,292,93,1302,6,6,102,349,12,16,134,55,58,7,11,11,35,3,11,0,2,9,6,3,1,8,12,0,0,46,5,1,2,2,0,8,1,3,0,0,0,4
020404,1432,275,77,1784,8,8,271,469,27,52,165,96,132,7,21,21,33,7,18,8,14,12,7,2,1,12,11,2,1,11,6,6,0,6,1,1,2,3,1,1,0,5
020405,792,282,91,1165,6,6,172,248,20,20,103,40,43,7,14,11,19,2,9,0,5,6,5,11,4,4,16,3,0,10,1,2,0,2,4,1,2,3,1,0,0,4
020406,4720,1606,641,6967,31,31,874,1371,149,148,567,273,407,61,81,62,175,23,84,38,35,31,29,26,13,45,37,9,2,40,3,18,10,10,12,15,12,18,4,3,0,35
020407,787,174,60,1021,5,5,144,133,24,13,88,47,202,12,18,16,13,10,6,7,5,5,11,3,2,1,4,6,2,5,2,0,1,1,1,0,1,1,1,1,0,1
020408,1217,388,204,1809,9,9,199,337,46,24,200,75,144,2,16,20,29,3,31,2,7,7,12,5,0,9,9,0,0,12,2,4,0,2,1,6,3,2,3,1,0,4
020409,1624,489,211,2324,11,11,81,699,50,33,302,72,99,5,22,19,51,10,26,2,5,9,16,15,3,6,13,3,1,31,3,7,1,4,4,9,3,7,1,1,0,11
020410,1699,348,237,2284,10,10,396,303,55,103,176,123,207,14,36,14,74,4,23,9,8,14,14,17,8,14,15,11,0,28,0,3,2,1,8,6,1,2,2,1,0,7
020411,1893,342,128,2363,12,12,486,452,53,55,255,122,168,26,24,16,49,16,25,8,4,23,10,5,1,12,8,1,4,35,3,6,2,3,3,4,3,3,2,0,0,6
020501,17007,3241,1597,21845,95,95,4716,1305,1526,1122,1429,1848,738,435,519,226,687,129,235,515,410,117,173,101,154,82,79,49,44,84,49,36,19,33,23,26,28,12,11,4,0,43
020502,2601,608,226,3435,15,15,812,654,76,68,283,178,72,26,40,29,85,9,21,14,34,14,41,13,16,19,25,4,4,9,6,3,2,9,1,6,7,4,1,0,0,16
020503,1686,305,109,2100,9,9,529,135,91,72,145,258,40,23,40,21,101,5,15,55,50,10,7,12,10,11,10,3,1,18,3,2,3,3,1,1,1,3,1,1,0,5
020505,3916,1154,332,5402,24,24,1354,537,219,106,392,231,142,29,85,58,276,26,48,33,118,41,24,20,13,26,16,10,5,27,16,15,0,6,3,4,6,10,4,0,0,16
020601,505,174,50,729,5,5,109,58,20,28,35,30,64,3,5,3,15,3,2,5,102,3,0,3,0,0,3,1,1,7,0,1,0,1,0,1,0,1,0,0,0,1
020602,146,49,18,213,2,2,40,14,5,2,5,3,8,0,1,3,8,0,0,1,46,1,0,1,0,1,0,1,0,3,0,1,0,0,0,1,0,0,0,1,0,0
020603,171,54,13,238,2,2,22,82,1,0,9,3,4,1,1,12,14,0,0,0,9,2,1,1,1,0,2,0,0,2,0,1,1,0,0,0,0,1,1,0,0,0
020604,1296,259,92,1647,9,9,168,366,19,18,150,44,80,0,4,43,65,5,3,1,248,0,6,5,2,17,6,0,0,33,0,1,0,3,1,1,2,2,1,0,0,2
020605,427,97,60,584,4,4,113,41,43,7,41,27,39,5,3,13,25,2,5,4,23,8,1,5,1,1,1,2,0,12,0,0,0,2,2,0,0,0,0,0,0,1
020606,302,80,21,403,3,3,48,48,8,6,17,17,14,2,2,13,42,0,1,4,62,2,1,1,0,3,3,1,0,1,2,1,0,1,0,0,1,1,0,0,0,0
020607,161,38,8,207,2,2,67,9,4,1,6,12,17,1,1,5,18,0,0,2,12,1,0,0,0,2,0,0,1,0,1,0,0,0,0,0,0,0,0,1,0,0
020701,11270,3055,1421,15746,68,68,2909,1018,747,815,970,1302,1006,283,300,226,262,72,153,106,106,146,81,121,40,80,66,55,26,89,59,45,7,26,18,28,13,24,10,3,0,58
020702,606,104,39,749,4,4,141,110,23,15,53,29,57,12,2,10,71,1,7,5,13,6,3,7,11,7,1,3,2,6,4,0,0,1,1,1,2,0,1,0,0,1
020703,639,252,96,987,5,5,232,82,13,19,47,80,49,6,6,5,18,4,9,3,14,5,7,8,2,3,11,1,1,3,1,0,0,1,2,5,0,1,0,0,0,1
020704,675,197,90,962,5,5,229,70,23,28,43,46,88,9,7,17,39,5,9,4,1,3,1,1,1,8,7,5,2,5,1,1,1,4,3,2,0,0,2,0,0,10
020705,992,268,136,1396,7,7,328,109,37,40,81,129,101,14,9,9,33,3,10,1,5,17,9,2,3,12,8,1,0,6,3,4,1,2,2,0,4,3,0,0,0,6
020706,2803,979,297,4079,27,27,1023,698,49,33,338,87,75,21,12,29,143,6,20,2,67,35,13,16,4,14,22,4,2,23,5,8,3,8,3,13,8,10,1,0,0,8
020707,3510,1311,453,5274,24,24,1146,858,90,88,433,186,190,25,22,40,122,16,41,9,21,33,17,27,5,8,26,7,9,33,8,3,1,3,3,12,6,10,3,1,0,8
020708,1961,898,403,3262,16,16,614,346,39,58,206,178,102,10,23,42,81,11,42,12,19,25,25,13,5,10,11,4,2,23,8,4,2,6,2,11,3,10,2,0,0,12
020709,1040,280,111,1431,9,9,173,311,19,22,119,63,112,5,12,19,64,2,9,5,53,3,8,6,3,6,6,2,3,4,0,0,1,1,1,0,3,1,1,0,0,3
020710,438,110,105,653,4,4,116,76,12,10,45,28,39,4,6,4,25,1,12,5,3,8,3,2,1,10,6,1,1,4,1,1,0,3,0,7,0,0,0,0,0,4
020801,3004,591,247,3842,21,21,293,918,88,123,314,307,420,51,36,42,61,39,41,4,20,18,11,20,4,26,31,11,1,74,3,9,3,2,2,9,4,2,4,0,0,13
020802,2197,372,151,2720,14,14,126,910,50,60,261,188,277,27,22,16,54,13,19,0,22,12,4,6,0,24,13,5,1,40,1,3,3,7,4,5,3,2,4,1,0,14
020803,4094,885,347,5326,42,42,381,1197,185,186,568,335,403,32,90,51,73,26,54,7,15,45,105,23,9,31,28,7,1,110,21,24,2,7,2,12,4,12,4,1,0,43
020804,1021,181,65,1267,11,11,53,473,30,16,141,133,53,3,9,6,21,2,8,3,3,11,10,6,2,11,1,2,0,13,0,6,0,2,0,0,0,2,0,0,0,1
020805,2142,331,106,2579,21,21,253,706,48,65,287,147,274,15,20,51,57,16,21,5,29,16,16,10,1,13,17,2,1,35,1,5,1,5,1,4,1,8,1,1,0,9
020806,615,141,58,814,9,9,53,239,27,10,68,55,70,1,7,1,25,1,13,0,3,2,3,6,0,4,6,1,0,8,0,3,1,1,1,2,1,1,1,0,0,1
020807,1255,229,97,1581,10,10,96,457,27,30,152,132,178,12,2,11,24,8,10,3,3,7,12,9,2,16,10,3,2,13,2,1,2,2,6,7,2,4,1,0,0,9
020808,914,162,54,1130,9,9,88,221,45,52,117,102,129,7,16,23,19,10,8,0,10,4,2,1,3,2,9,0,0,23,0,1,0,2,1,0,1,1,2,1,0,14
020809,819,120,71,1010,9,9,104,268,9,14,107,111,48,9,5,9,25,12,4,0,19,6,4,4,1,15,4,10,0,23,1,2,0,1,0,0,1,1,0,0,0,2
020810,1597,298,97,1992,21,21,125,588,55,39,178,172,224,12,12,28,20,10,15,4,7,4,4,11,1,27,6,1,3,14,9,1,1,3,3,6,3,3,1,0,0,7
020811,508,62,28,598,4,4,55,122,19,19,62,79,61,10,9,8,14,4,16,1,8,4,2,2,0,4,1,0,0,7,1,0,0,0,0,0,0,0,0,0,0,0
020812,634,96,37,767,7,7,40,342,15,5,45,33,27,6,3,1,57,2,5,2,3,5,2,4,0,15,3,1,0,2,0,7,0,2,0,0,0,2,1,0,0,4
020813,15441,2452,1055,18948,119,119,1523,2850,601,938,2679,2084,1917,271,374,290,180,109,112,58,81,119,81,346,32,105,81,49,6,168,38,45,13,26,11,22,15,25,11,6,0,175
020814,1326,247,76,1649,15,15,140,689,53,15,184,38,65,2,12,17,18,3,10,2,3,14,9,7,1,7,5,3,0,11,1,3,1,1,0,2,2,4,2,1,0,1
020815,695,153,36,884,7,7,89,128,64,22,104,50,84,4,9,8,17,8,10,5,12,10,1,7,2,15,3,1,3,23,1,2,0,0,0,1,0,0,0,0,0,12
020816,809,176,29,1014,11,11,138,228,25,8,151,59,79,1,16,7,22,8,5,0,1,1,3,4,0,6,9,2,2,22,2,1,1,2,0,3,1,0,0,0,0,2
020901,1058,242,109,1409,8,8,60,425,21,20,110,28,153,7,5,13,87,12,7,7,15,9,7,4,3,5,7,4,0,16,6,4,1,4,1,5,3,5,0,0,0,4
020902,1591,455,158,2204,14,14,130,818,35,20,179,33,67,4,7,6,106,29,47,1,20,10,9,13,2,8,8,1,1,17,2,2,2,4,1,2,2,3,0,0,0,2
020903,1139,355,126,1620,10,10,127,647,26,11,118,15,27,5,4,3,47,11,16,1,13,7,9,7,0,11,8,3,1,7,0,1,0,1,1,3,2,3,1,1,0,2
020904,479,253,47,779,8,8,46,213,12,9,25,5,69,2,1,8,32,1,10,3,2,11,1,1,1,0,3,1,0,6,1,2,0,1,0,3,3,4,0,0,0,3
020905,445,114,51,610,5,5,50,144,14,13,32,7,44,2,4,5,28,6,5,0,5,1,39,2,2,5,7,0,0,7,0,3,1,1,0,5,0,1,0,8,0,4
020906,1979,759,223,2961,18,18,97,1150,15,13,244,67,69,9,6,12,66,6,35,1,9,16,12,11,2,23,22,7,1,20,2,12,1,5,1,17,4,14,3,1,0,6
020907,527,100,23,650,4,4,38,228,18,7,41,9,52,2,6,5,60,3,12,1,9,2,12,8,2,0,4,0,3,2,0,0,0,1,1,0,0,0,0,0,0,1
020908,371,163,46,580,4,4,40,153,9,9,13,5,13,2,0,3,37,2,6,0,5,1,14,4,0,3,4,1,4,27,0,5,1,0,2,4,0,1,0,0,0,3
021001,921,265,146,1332,7,7,161,120,46,20,71,58,73,9,14,9,46,6,43,8,120,19,12,8,5,7,17,19,3,6,3,4,1,1,1,3,1,0,1,2,0,4
021002,383,133,91,607,4,4,52,90,21,10,28,12,32,1,4,2,9,1,11,3,50,5,1,5,0,1,4,34,0,4,0,0,0,0,0,0,0,1,1,0,0,1
021003,2114,700,288,3102,24,24,211,720,48,30,150,91,155,13,25,13,123,12,29,3,105,12,232,20,8,20,15,4,0,18,4,3,2,2,2,13,3,19,1,3,0,5
021004,193,41,38,272,2,2,15,70,10,3,27,2,7,1,0,3,7,0,7,0,20,2,5,5,1,1,4,0,0,0,0,0,1,0,0,1,0,1,0,0,0,0
021005,373,92,28,493,3,3,30,60,18,2,19,7,31,29,7,4,7,1,23,48,61,1,1,5,0,5,2,4,0,3,0,2,0,0,0,0,0,0,0,0,0,3
021006,193,60,20,273,2,2,23,66,10,1,9,17,5,7,3,1,4,0,1,0,32,1,3,1,0,1,4,0,0,0,0,1,0,0,0,0,0,2,0,0,0,1
021007,238,57,10,305,2,2,40,23,9,23,17,19,17,0,1,2,4,1,2,0,7,1,3,65,0,1,0,0,0,0,0,0,1,1,0,0,0,0,0,0,0,1
021008,961,266,117,1344,8,8,149,342,38,17,88,49,79,11,8,9,36,5,28,14,6,12,2,5,18,10,8,4,3,2,3,2,4,0,3,4,0,1,0,0,0,1
021009,1246,366,121,1733,12,12,87,567,61,34,177,25,32,17,10,6,47,2,12,2,34,13,11,10,27,15,17,0,2,8,0,2,1,4,0,3,0,5,1,0,0,14
021010,426,100,43,569,4,4,106,69,26,12,34,36,40,5,4,13,9,2,9,2,11,8,7,4,4,2,4,2,0,7,1,0,0,2,1,1,1,0,2,1,0,1
021011,924,265,141,1330,8,8,282,126,53,27,72,46,57,5,6,10,30,7,30,6,94,5,6,4,6,5,10,4,2,6,3,3,1,3,2,3,0,2,2,2,0,4
021101,4842,1469,683,6994,39,39,464,2160,255,141,479,113,366,43,35,39,99,72,41,22,35,27,44,57,3,23,35,27,9,45,6,20,2,37,72,14,8,16,5,3,0,25
021102,1541,328,166,2035,11,11,102,793,37,31,161,31,151,6,16,11,51,8,7,3,12,23,18,17,2,3,9,4,1,11,2,6,0,7,3,6,1,0,1,0,0,7
021103,1488,756,267,2511,21,21,305,616,64,12,86,22,63,11,7,10,48,4,11,5,21,6,40,23,2,9,9,4,1,58,0,9,1,6,1,10,5,9,3,0,0,7
021104,633,314,101,1048,8,8,136,226,34,8,30,9,26,3,0,3,28,4,10,1,5,9,17,15,2,9,12,0,1,22,0,2,0,0,0,3,4,5,1,1,0,7
021201,2752,479,185,3416,18,18,384,429,98,159,296,176,646,55,71,37,58,23,50,33,18,23,24,16,5,20,27,16,4,17,6,19,1,6,3,5,3,2,1,0,0,21
021202,319,61,18,398,3,3,74,24,9,12,60,21,50,20,4,5,2,4,5,9,2,4,0,2,0,6,1,1,0,1,0,1,0,1,0,0,0,0,0,1,0,0
021203,342,84,38,464,3,3,41,46,12,16,55,23,78,3,1,12,11,2,10,1,4,4,1,9,0,2,2,0,0,5,0,1,0,0,1,0,1,0,0,0,0,1
021204,570,106,30,706,5,5,97,55,33,25,87,44,72,37,4,12,13,3,38,5,1,2,0,3,1,11,5,3,2,5,0,1,0,2,1,1,2,0,0,1,0,4
021205,449,82,35,566,4,4,102,79,5,22,66,22,83,2,5,10,6,5,4,1,1,2,1,0,0,5,4,2,0,7,0,0,1,3,0,4,1,1,1,0,0,4
021206,660,149,41,850,6,6,113,154,21,16,114,30,70,11,6,10,26,4,16,9,9,5,2,9,1,4,2,0,0,13,1,1,1,3,0,5,0,1,1,0,0,2
021207,230,47,9,286,2,2,32,48,3,7,34,6,45,5,2,4,5,1,2,3,2,1,1,4,0,10,1,0,0,5,0,1,0,3,2,2,0,0,0,0,0,1
021208,1451,205,98,1754,8,8,220,174,51,84,192,148,328,14,41,29,29,13,28,5,4,8,9,4,4,9,11,8,5,11,4,4,2,1,1,4,2,0,0,0,0,4
021209,559,91,19,669,5,5,67,128,12,14,98,25,126,2,3,6,5,5,10,4,7,0,2,3,1,15,3,1,1,10,0,2,2,0,0,1,2,2,0,0,0,2
021210,2432,279,145,2856,13,13,234,298,91,198,371,210,544,50,68,39,40,39,30,28,11,14,24,10,5,31,18,9,5,16,10,6,2,3,7,5,5,2,3,1,0,5
021301,112336,16888,9764,138988,621,621,20798,6388,9023,10643,9237,16128,7305,4679,4249,2602,3583,905,2341,2357,1407,1286,1476,876,1430,497,535,552,467,791,425,341,126,241,167,222,222,128,107,107,0,695
021302,2400,685,264,3349,16,16,446,496,97,60,277,193,100,26,29,51,106,10,129,37,88,20,14,23,31,17,24,3,3,57,4,6,3,8,2,8,4,4,11,0,0,13
021303,1501,321,108,1930,13,13,454,288,150,23,144,114,57,7,14,8,45,11,11,8,43,35,5,9,9,11,4,4,3,25,0,0,2,1,2,5,3,1,0,1,0,4
021304,4368,1084,391,5843,25,25,1719,507,154,157,427,251,152,69,85,49,277,23,81,36,73,50,15,29,38,13,23,9,7,22,7,9,5,10,2,14,13,3,6,7,0,26
021305,7334,1373,471,9178,41,41,1014,1345,514,308,1052,634,289,303,185,118,482,66,157,68,164,127,65,42,85,48,27,23,8,60,44,11,9,24,6,14,9,9,1,5,0,18
021306,2570,395,223,3188,14,14,638,215,159,299,239,285,100,79,72,35,89,13,49,36,56,22,46,16,13,23,11,6,3,10,13,5,3,8,1,9,3,3,5,1,0,5
021307,15429,3173,1888,20490,89,89,3517,1670,705,922,1696,1822,627,386,522,356,643,90,302,227,346,182,244,117,388,89,107,48,33,119,38,29,10,35,18,21,26,22,11,9,0,52
021308,8285,1415,759,10459,47,47,1739,550,510,561,703,928,407,236,275,265,630,84,238,137,198,122,121,57,179,36,32,36,14,45,35,14,8,30,9,15,20,6,4,3,0,38
021309,80696,10160,6309,97165,420,420,12724,4471,7340,9551,6773,10680,5920,3983,3622,1905,1922,605,1989,1129,779,988,1029,544,930,346,379,509,299,521,373,277,99,161,119,102,126,61,53,65,0,322
021401,1650,442,157,2249,12,12,251,339,95,80,152,91,205,24,23,25,135,8,25,24,25,24,39,18,4,10,14,7,0,7,5,0,0,2,2,1,2,3,1,0,0,9
021402,180,50,6,236,2,2,10,80,1,11,11,1,13,1,0,5,20,1,7,4,5,2,0,3,0,2,2,0,0,1,0,0,0,0,0,0,0,0,0,0,0,0
021403,342,104,46,492,4,4,63,91,6,4,26,5,9,3,0,1,40,3,3,1,12,2,2,49,3,7,0,0,0,4,1,0,1,2,1,0,2,0,0,0,0,1
021404,1135,451,111,1697,11,11,73,375,27,17,71,27,61,8,5,34,218,2,41,5,39,12,21,34,6,10,9,3,1,13,0,3,3,2,1,2,2,7,0,0,0,3
021405,778,220,120,1118,8,8,97,291,31,15,55,23,30,2,6,32,81,1,11,2,8,3,16,7,6,31,7,0,1,6,0,1,0,3,2,3,0,4,0,0,0,3
021406,555,198,64,817,5,5,100,197,22,15,49,6,42,5,7,0,23,4,11,3,18,2,4,8,0,8,3,1,0,10,0,3,0,2,1,3,0,5,2,0,0,1
021407,562,168,28,758,6,6,41,260,6,5,27,15,13,0,3,7,124,4,3,0,14,6,3,3,1,3,2,0,0,6,1,2,0,1,2,4,3,2,0,0,0,1
021408,951,274,148,1373,9,9,144,358,14,14,67,41,85,7,5,9,105,7,7,4,24,6,11,9,4,5,5,1,0,7,0,3,0,1,2,3,1,1,1,0,0,0
021409,1134,325,161,1620,10,10,130,436,20,8,79,27,69,2,11,9,141,8,15,2,95,9,16,6,2,14,12,0,1,8,0,2,0,3,0,0,2,3,0,0,0,4
021410,2331,945,363,3639,22,22,352,921,25,23,142,43,75,11,11,33,264,16,31,6,167,21,23,25,2,11,15,29,2,18,4,7,3,8,5,10,2,15,3,3,0,5
021501,9469,2557,1422,13448,60,60,1809,1981,265,511,1217,845,890,216,203,171,245,63,152,39,59,93,79,82,25,93,60,55,11,69,50,12,14,22,13,32,17,24,10,4,0,38
021502,793,269,131,1193,6,6,244,219,18,12,77,41,31,7,4,2,22,3,13,2,6,18,2,16,1,7,7,0,0,14,1,4,1,1,1,4,3,5,2,0,0,5
021503,3364,826,413,4603,22,22,607,889,142,136,356,308,331,46,43,46,88,14,32,7,23,29,19,67,4,59,19,16,4,24,6,7,3,6,6,3,4,2,1,7,0,10
021504,931,238,165,1334,6,6,234,209,26,40,113,67,62,14,8,13,31,3,6,2,3,17,10,7,2,13,8,2,0,13,1,3,1,2,1,3,5,4,2,0,0,6
021505,4524,1813,508,6845,39,39,744,2615,36,35,385,75,44,14,30,33,139,6,25,12,16,23,20,32,15,51,20,8,4,37,2,10,2,12,5,23,20,13,3,1,0,14
021506,1683,434,225,2342,10,10,288,463,70,66,187,150,137,21,26,47,36,11,24,7,14,25,12,12,3,23,10,3,4,9,6,4,0,4,0,2,3,4,0,0,0,12
021507,974,292,158,1424,8,8,204,266,17,42,116,62,102,12,8,14,22,6,9,3,7,7,4,11,4,15,11,3,0,10,1,2,0,1,0,0,1,3,2,0,0,9
021508,1995,692,279,2966,18,18,246,669,42,94,173,123,216,15,30,22,101,14,30,10,30,20,13,20,5,17,20,10,2,18,3,7,2,7,2,5,4,7,7,1,0,10
021601,797,275,53,1125,8,8,59,275,28,23,134,41,79,10,10,10,21,5,11,1,7,11,3,11,2,5,7,3,1,15,1,2,2,3,1,3,1,1,0,1,0,10
021602,635,137,45,817,6,6,53,304,13,7,64,28,58,8,4,18,14,1,5,1,2,3,5,9,0,5,9,0,1,7,0,3,0,4,1,2,2,2,0,1,0,1
021603,436,101,47,584,5,5,20,146,7,10,71,19,83,6,4,7,21,4,5,1,3,5,1,1,0,3,2,0,0,9,0,0,1,0,0,2,1,2,0,0,0,2
021604,735,179,43,957,6,6,60,261,21,40,121,39,84,5,5,5,20,1,4,3,3,6,3,10,0,12,6,3,1,6,0,5,1,0,0,3,2,1,1,0,0,3
021605,1322,442,149,1913,16,16,49,744,17,16,130,57,95,4,4,16,66,7,8,1,4,10,7,15,1,10,17,0,0,11,2,8,1,2,0,4,1,3,5,0,0,7
021606,380,110,49,539,5,5,48,195,3,7,22,17,14,1,1,9,18,3,2,0,1,14,0,5,0,3,1,0,0,5,1,0,1,1,0,1,0,2,1,2,0,2
021701,3560,1107,461,5128,32,32,323,1189,135,104,574,211,262,30,32,31,170,21,54,13,25,29,16,18,5,95,29,12,1,38,20,11,4,12,3,20,11,8,3,4,0,47
021702,1443,530,172,2145,14,14,88,621,56,52,180,48,133,7,7,13,88,4,9,4,8,9,16,8,7,12,16,2,1,13,2,5,1,6,2,10,2,5,1,0,0,7
021703,1007,415,120,1542,11,11,41,661,23,9,57,24,32,4,5,6,46,6,9,1,4,16,11,6,0,3,9,0,0,11,0,3,0,3,0,2,4,4,3,0,0,4
021801,1773,499,210,2482,13,13,221,336,85,103,204,123,336,34,21,23,82,13,14,6,9,20,5,32,3,28,13,7,3,17,3,2,4,8,3,2,4,3,1,0,0,5
021802,1100,360,122,1582,10,10,122,345,33,30,120,76,182,3,9,14,42,6,20,6,6,10,3,17,2,7,12,3,0,11,1,1,0,2,4,3,2,3,1,1,0,3
021901,13230,2111,949,16290,73,73,4226,1178,770,951,1551,926,809,269,363,190,270,100,105,281,348,130,88,40,75,125,83,58,19,92,34,16,8,27,11,16,24,10,8,2,0,27
021902,453,93,43,589,5,5,69,147,5,12,43,10,66,6,5,1,31,3,3,4,29,5,1,4,0,2,0,0,0,5,0,0,0,0,0,0,1,1,0,0,0,0
021903,435,104,21,560,4,4,126,89,13,31,44,35,17,3,2,8,9,1,9,1,20,4,0,3,2,2,1,0,1,4,1,0,1,1,0,3,2,0,1,0,0,1
021904,490,92,27,609,4,4,66,119,18,11,83,15,48,11,2,7,29,1,6,7,12,4,2,5,1,12,5,2,0,10,0,1,0,3,0,5,2,1,0,0,0,2
021905,1367,273,78,1718,8,8,521,141,33,62,123,116,43,24,29,22,86,14,13,15,56,10,8,3,6,15,5,0,1,4,5,1,0,2,1,2,1,1,0,1,0,3
022001,165,33,14,212,3,3,56,21,4,6,16,11,17,1,0,5,4,1,3,1,0,1,2,1,0,3,1,2,0,7,0,1,0,0,0,0,0,0,1,0,0,0
022002,83,15,4,102,1,1,39,9,2,1,4,3,4,2,1,1,1,1,1,0,0,1,5,1,0,1,0,0,1,2,0,0,0,1,0,0,0,0,2,0,0,0
022003,231,80,12,323,2,2,67,20,4,2,39,10,28,6,5,6,5,3,2,2,3,0,2,2,0,2,3,1,0,6,0,0,0,3,0,5,1,0,0,0,0,4
022004,800,156,49,1005,6,6,275,121,34,23,101,46,46,9,9,10,18,9,13,2,4,10,4,6,8,11,5,1,2,3,0,6,0,2,1,1,0,5,10,0,0,5
022005,393,118,23,534,4,4,146,64,13,12,35,14,19,2,2,10,9,4,7,2,5,5,1,0,1,22,0,0,1,8,0,1,1,2,0,0,2,1,0,1,0,3
022006,92,29,4,125,1,1,18,6,4,10,24,6,6,0,2,0,0,2,2,0,1,0,0,0,2,2,0,0,0,3,0,0,0,1,0,0,0,2,1,0,0,0
022007,429,117,33,579,4,4,135,53,20,13,32,28,47,3,8,4,15,4,2,11,0,3,6,8,1,2,4,0,0,11,1,3,0,1,2,5,3,0,0,0,0,4
022008,166,36,21,223,3,3,38,20,2,5,39,10,8,3,3,3,5,0,4,0,0,1,4,3,1,1,0,0,0,6,0,0,0,3,0,1,1,0,3,0,0,2
022009,502,92,47,641,4,4,123,64,21,20,62,46,31,11,9,9,10,5,16,5,7,8,11,6,7,3,6,0,1,8,1,1,0,0,3,1,0,5,1,0,0,1
022010,200,35,12,247,2,2,79,11,21,1,14,10,3,4,3,4,35,0,1,0,1,1,1,1,0,3,0,2,0,1,0,0,0,0,1,1,0,2,0,0,0,0
030101,30776,3548,1651,35975,162,162,2726,6177,2173,2626,4642,920,5228,762,1027,616,225,313,141,188,112,270,229,219,40,864,153,238,43,87,92,65,14,65,42,33,25,39,45,10,0,327
030102,1754,368,78,2200,13,13,99,748,41,72,231,28,183,9,26,25,33,14,7,4,4,22,15,15,3,69,8,15,1,13,2,11,0,5,4,3,6,7,0,0,0,31
030103,8229,1873,776,10878,49,49,1373,2912,214,223,1118,135,1070,98,117,91,108,39,57,31,17,81,30,63,15,89,62,17,3,35,20,46,6,19,10,21,11,12,7,2,0,77
030104,751,140,21,912,5,5,68,385,16,12,72,10,54,9,7,9,10,5,2,2,0,6,3,6,0,33,9,5,0,5,0,1,0,0,8,1,0,3,0,0,0,10
030105,1698,497,119,2314,13,13,200,673,40,27,256,16,168,15,20,11,25,11,4,3,29,9,13,19,5,56,22,3,2,16,0,6,0,4,3,4,0,5,8,0,0,25
030106,2342,566,154,3062,16,16,132,1062,38,66,348,26,263,18,24,40,32,13,7,7,4,19,14,17,2,64,66,4,1,15,2,5,0,4,3,6,5,13,4,3,0,15
030107,2346,431,200,2977,16,16,255,1091,29,58,219,31,182,37,15,21,47,11,6,7,3,26,15,29,3,136,25,7,14,13,2,2,3,3,2,4,8,9,7,2,0,24
030108,1389,304,172,1865,10,10,179,419,30,37,206,14,229,5,26,15,31,8,11,14,3,20,5,12,1,31,13,9,1,17,1,5,3,2,3,5,1,3,2,0,0,28
030109,5725,710,342,6777,29,29,598,1272,262,369,931,142,1069,95,180,75,54,57,35,30,19,70,34,46,5,123,35,29,6,26,23,10,4,13,13,7,12,8,9,1,0,63
030201,1689,329,94,2112,11,11,137,495,81,93,222,44,291,15,44,19,20,27,8,18,7,23,12,22,3,28,20,8,4,10,2,10,0,3,1,1,3,2,1,0,0,15
030202,371,65,11,447,3,3,42,94,12,2,50,7,116,5,4,5,5,1,1,0,0,2,1,3,0,5,1,0,0,2,1,0,0,1,0,0,0,1,1,0,0,9
030203,638,112,33,783,4,4,18,185,16,24,106,6,140,4,15,10,8,7,5,6,1,3,1,26,0,5,22,1,0,10,0,0,0,1,0,3,2,2,0,0,0,11
030204,436,107,29,572,3,3,75,126,25,16,63,4,39,5,6,13,7,1,3,2,0,11,0,5,3,10,4,0,1,2,0,3,0,3,1,0,2,1,1,0,0,4
030205,1816,386,119,2321,13,13,104,563,25,67,405,47,266,16,50,23,27,22,11,12,4,20,6,25,2,38,16,1,0,12,0,12,1,3,1,6,4,7,1,1,0,18
030206,1004,298,83,1385,10,10,60,454,17,16,142,14,98,4,15,13,20,4,16,4,0,31,3,16,0,29,13,2,0,13,0,2,0,3,2,2,0,4,1,0,0,6
030207,332,69,15,416,3,3,47,78,10,8,49,7,62,5,6,4,4,1,2,0,3,15,1,2,0,10,2,1,0,2,0,1,1,1,0,2,1,1,1,0,0,5
030208,856,274,68,1198,6,6,62,424,16,15,110,6,54,2,10,13,16,8,12,3,3,15,3,10,1,39,8,2,1,8,0,1,1,0,0,1,2,1,0,1,0,8
030209,709,153,48,910,5,5,36,367,14,24,47,8,96,10,6,12,17,5,4,0,4,5,0,6,0,17,4,1,0,1,2,1,1,1,0,0,3,3,0,0,0,14
030210,581,158,31,770,4,4,60,228,12,13,76,11,83,5,3,11,12,5,4,5,1,5,0,4,0,9,3,1,1,5,2,2,1,2,1,1,3,4,0,0,0,8
030211,335,90,32,457,3,3,39,133,15,5,38,5,57,1,1,3,11,1,4,1,0,1,0,0,0,4,3,0,0,2,0,0,1,1,0,0,0,1,5,0,0,3
030212,1226,292,75,1593,9,9,95,672,24,37,127,12,101,8,8,6,28,10,13,1,3,8,7,12,0,15,11,2,1,6,3,0,0,0,1,4,0,5,3,0,0,3
030213,1413,381,103,1897,12,12,145,601,31,46,189,13,160,7,12,20,25,3,3,1,1,15,8,21,1,50,13,1,1,6,5,3,3,2,1,3,4,9,2,0,0,8
030214,627,214,47,888,5,5,77,235,25,15,89,14,50,3,8,12,7,3,9,5,2,5,2,10,2,18,4,3,0,8,0,2,1,4,1,2,3,2,1,0,0,5
030215,525,111,33,669,4,4,21,226,18,20,47,8,63,2,7,5,37,4,1,0,0,5,3,7,1,21,9,6,1,3,0,2,0,2,0,0,2,0,1,0,0,3
030216,436,85,40,561,3,3,73,149,10,11,65,6,42,3,4,4,7,0,5,0,1,8,6,8,1,10,3,1,1,7,1,0,0,1,2,0,1,2,0,0,0,4
030217,393,93,22,508,3,3,34,203,7,9,37,6,38,2,2,5,15,3,1,2,0,3,4,1,1,8,2,0,0,3,0,0,0,0,0,0,0,3,1,1,0,2
030301,19113,2609,1223,22945,106,106,1186,6089,893,933,3216,345,2558,327,481,324,160,165,52,94,45,197,73,147,33,1052,146,60,23,69,34,51,15,38,14,18,25,31,5,4,0,210
030302,3274,746,204,4224,23,23,151,1863,61,39,400,14,153,15,28,13,65,6,6,4,3,28,16,36,3,206,47,3,2,19,0,16,2,8,8,11,6,14,5,2,0,21
030303,635,127,41,803,5,5,37,371,9,8,53,2,24,1,2,12,23,4,2,0,0,3,1,5,0,54,3,1,1,2,0,1,0,3,1,0,1,3,1,0,0,7
030304,2805,717,209,3731,18,18,134,1016,44,53,323,21,206,11,31,23,48,5,15,4,4,27,11,28,3,676,20,8,3,8,5,7,4,3,5,15,4,6,0,1,0,33
030305,1986,482,140,2608,13,13,100,1089,31,18,271,7,140,11,24,12,49,2,9,5,2,24,7,12,2,55,34,5,0,13,3,11,0,1,1,6,4,8,2,0,0,28
030306,3883,546,257,4686,23,23,89,1830,45,38,384,11,97,7,29,12,24,10,6,5,4,15,10,24,3,1129,16,2,1,13,5,9,1,7,1,8,5,9,1,0,0,33
030307,2362,486,95,2943,15,15,103,902,21,27,251,19,142,9,26,13,26,4,10,5,2,21,9,21,3,627,13,2,4,20,13,5,1,7,5,5,5,13,1,0,0,27
030308,896,342,75,1313,8,8,86,353,30,26,106,11,54,6,11,13,45,4,10,1,0,10,1,4,4,49,13,1,1,9,1,2,0,4,0,3,2,6,3,0,0,27
030309,1288,370,88,1746,10,10,79,731,16,7,120,9,109,2,9,7,41,3,3,10,5,11,7,9,0,55,6,2,1,7,1,9,0,4,1,4,3,7,1,0,0,9
030310,11348,1667,738,13753,63,63,481,5017,348,391,1878,129,1275,125,205,102,84,49,27,30,17,105,27,85,8,551,68,45,13,27,11,21,2,17,21,8,28,24,4,1,0,124
030311,9749,1752,768,12269,58,58,781,3489,492,386,1335,185,1287,109,169,122,165,49,36,28,24,116,33,72,25,448,53,36,11,37,16,27,10,45,10,11,19,22,6,2,0,93
030312,2116,462,144,2722,13,13,100,1097,18,29,264,10,161,10,21,31,43,5,4,2,3,32,7,26,1,142,25,4,2,8,2,4,2,8,1,6,2,7,3,1,0,35
030313,4691,959,471,6121,29,29,172,2552,64,69,678,29,376,22,45,32,65,19,19,5,4,59,12,35,2,189,43,3,6,22,6,8,34,8,17,11,10,18,4,2,0,51
030314,450,97,17,564,3,3,38,219,4,6,52,6,64,2,2,2,8,5,6,2,0,3,1,2,1,3,6,0,0,4,0,0,0,0,1,0,0,1,2,0,0,10
030315,4408,857,386,5651,28,28,309,2627,73,38,499,25,213,19,33,39,80,46,16,11,6,34,10,30,1,151,40,8,0,24,6,8,1,8,6,7,2,17,3,0,0,18
030316,700,204,67,971,7,7,44,328,6,9,107,7,41,2,11,3,24,4,5,2,3,4,2,17,1,50,1,0,0,5,0,1,1,3,1,1,1,7,1,0,0,8
030317,365,78,19,462,3,3,19,164,4,6,61,4,35,1,4,3,20,2,4,1,1,3,0,4,0,19,1,1,0,0,0,0,1,2,0,0,2,0,1,0,0,2
030318,792,249,85,1126,7,7,37,445,11,4,88,5,68,0,2,6,10,5,2,0,5,4,10,14,0,34,10,2,0,7,2,4,1,3,3,0,3,2,0,0,0,5
030319,1146,281,82,1509,8,8,29,650,16,23,151,4,83,2,17,10,15,3,1,0,1,10,3,21,0,72,10,0,1,2,1,1,2,5,0,1,2,2,0,0,0,8
030320,2690,513,191,3394,14,14,51,1840,13,21,326,8,104,12,19,19,19,12,6,1,1,24,7,13,0,96,40,1,1,5,1,5,0,1,1,4,7,7,0,0,0,25
030401,1152,275,81,1508,10,10,32,560,40,34,185,7,116,12,19,6,36,9,5,4,3,9,4,20,1,11,9,1,1,5,0,2,0,2,0,3,2,4,1,1,0,8
030402,328,70,8,406,2,2,10,184,3,3,21,4,47,3,6,2,6,2,1,0,0,4,1,2,0,16,3,0,0,2,1,0,0,1,1,1,1,0,0,0,0,3
030403,669,176,48,893,6,6,32,429,6,12,71,8,40,3,7,4,23,3,4,0,4,5,3,4,0,2,1,0,0,0,0,1,0,0,0,2,0,2,0,2,0,1
030404,910,229,61,1200,7,7,70,300,23,22,126,17,168,16,12,9,15,22,8,2,17,7,8,21,1,14,5,1,0,8,2,3,0,2,0,1,1,2,0,0,0,7
030405,938,226,71,1235,7,7,56,448,16,18,187,12,45,8,18,30,10,6,1,2,0,8,4,17,1,15,13,3,2,5,0,2,1,0,0,1,0,2,1,0,0,6
030406,529,182,90,801,5,5,29,241,17,9,83,6,34,13,4,9,17,7,9,2,1,4,1,10,0,11,4,1,0,5,0,2,0,0,1,1,2,2,0,0,0,4
030407,635,175,43,853,6,6,37,368,16,10,82,3,28,6,6,8,15,7,3,10,0,5,4,3,2,4,7,0,1,5,0,2,0,0,0,1,0,0,0,0,0,2
030501,4183,1595,584,6362,37,37,186,1969,63,105,710,27,298,24,42,60,41,28,11,4,5,50,27,55,5,30,231,4,0,28,10,54,7,6,1,7,8,50,3,2,0,32
030502,2894,871,301,4066,26,26,130,1724,31,60,256,26,150,9,21,22,58,17,30,4,1,47,73,34,2,31,42,10,1,22,3,25,5,7,3,5,2,26,5,0,0,12
030503,1765,582,140,2487,15,15,124,702,39,67,264,13,151,18,16,92,39,12,9,4,4,23,7,43,0,10,28,5,0,9,5,25,0,4,0,4,4,7,0,0,0,37
030504,3773,858,408,5039,31,31,76,2035,32,94,575,21,141,23,29,48,35,18,16,5,4,35,22,83,2,63,29,4,1,27,1,308,2,4,1,10,4,15,0,3,0,7
030505,2469,711,240,3420,19,19,175,1293,27,46,417,15,126,15,18,29,53,23,1,2,1,22,18,36,4,20,39,0,0,13,0,22,2,8,5,11,4,10,0,0,0,14
030506,5796,1775,431,8002,40,40,261,2617,91,172,1326,93,298,54,84,105,71,50,13,9,10,69,28,72,6,82,81,14,2,29,8,65,6,11,3,15,10,17,1,0,0,23
030601,2085,487,136,2708,15,15,58,1099,22,84,240,18,226,29,38,17,33,14,37,5,8,19,11,32,0,13,19,3,5,12,4,2,1,4,1,1,3,11,0,2,0,14
030602,1059,238,92,1389,9,9,58,625,16,8,72,17,78,6,11,8,23,4,6,3,3,9,3,27,4,7,15,4,0,15,0,8,0,1,2,2,0,9,1,0,0,14
030603,500,186,39,725,5,5,18,318,0,18,33,5,30,2,2,5,17,3,3,0,2,4,4,5,1,6,2,1,0,4,0,5,1,0,0,1,1,2,1,0,0,6
030604,311,81,21,413,3,3,21,145,6,13,41,2,40,0,2,2,10,1,3,0,0,0,1,3,0,2,2,0,0,4,2,1,0,1,3,1,0,0,1,0,0,4
030605,1034,426,89,1549,12,12,65,525,16,17,95,11,70,3,8,12,44,13,7,1,6,22,5,14,0,17,12,2,1,25,1,10,1,2,1,5,4,7,4,0,0,8
030606,441,71,41,553,4,4,9,292,6,13,42,1,32,0,11,4,6,2,2,4,0,3,2,2,0,3,0,0,0,0,0,0,0,0,0,1,3,0,0,0,0,3
030607,1437,401,125,1963,11,11,64,980,7,38,112,10,90,7,6,13,24,9,7,3,2,6,3,10,0,10,7,0,0,3,0,3,1,1,1,5,1,5,1,0,0,8
030608,448,77,37,562,4,4,11,273,6,3,61,1,26,2,4,4,3,0,3,0,0,2,1,5,0,10,10,1,0,1,0,1,0,5,1,2,1,6,0,2,0,3
030609,189,17,4,210,2,2,17,116,2,6,9,2,21,0,1,1,3,2,0,0,0,0,0,1,0,2,2,1,0,2,0,0,0,1,0,0,0,0,0,0,0,0
030610,277,57,14,348,3,3,10,177,1,10,24,3,18,0,4,3,5,6,0,0,0,1,2,5,0,1,1,1,0,0,0,1,0,0,1,0,0,1,0,0,0,2
030611,602,75,43,720,4,4,58,258,13,20,53,5,107,4,6,5,17,2,2,1,1,5,2,7,0,9,6,1,0,1,0,1,0,5,2,5,1,1,0,0,0,4
030612,389,41,28,458,3,3,22,243,2,4,39,5,28,2,6,2,7,2,0,0,0,3,1,3,0,4,4,2,0,2,0,1,0,1,0,1,1,3,0,0,0,1
030613,308,57,20,385,3,3,11,222,1,7,13,1,20,0,1,1,9,2,0,0,0,4,1,2,1,5,3,0,0,2,0,0,0,2,0,0,0,0,0,0,0,0
030614,537,121,52,710,5,5,17,334,5,2,42,8,35,5,8,4,13,4,0,0,0,1,2,11,0,13,8,0,0,4,0,6,0,0,0,2,1,4,0,0,0,8
030701,2594,574,235,3403,18,18,155,1198,80,66,280,30,231,23,34,34,81,53,12,14,1,40,8,49,4,90,37,9,5,7,4,6,1,4,2,5,3,6,1,0,0,21
030702,1036,257,96,1389,8,8,112,416,39,13,127,18,69,3,9,7,24,2,11,4,2,6,13,10,0,91,9,6,2,8,1,1,1,2,2,6,4,6,0,1,0,11
030703,2974,831,240,4045,23,23,299,1431,51,29,369,36,179,16,28,29,180,20,10,3,4,42,10,22,1,136,19,3,1,13,0,11,1,8,1,3,0,10,1,0,0,8
030704,1051,178,65,1294,7,7,100,515,20,5,126,3,151,3,8,4,14,3,6,3,0,10,1,9,1,23,9,7,2,4,1,1,1,1,1,2,2,0,1,1,0,13
030705,5458,909,369,6736,35,35,313,2923,119,123,716,55,437,38,72,60,104,34,16,7,6,66,12,37,3,139,47,10,4,22,10,4,1,12,1,10,10,11,2,1,0,33
030706,2466,488,172,3126,18,18,116,1311,42,45,298,16,234,7,13,19,62,7,40,3,2,23,17,45,3,94,12,6,2,10,0,4,0,2,3,7,2,4,3,0,0,14
030707,1316,273,100,1689,10,10,102,690,26,9,170,8,94,9,11,5,30,13,2,0,2,22,7,22,2,52,8,1,1,10,0,1,0,2,0,3,1,3,3,0,0,7
030708,1755,345,210,2310,12,12,50,1133,12,15,167,5,101,8,8,11,49,9,3,5,0,15,1,15,1,65,20,2,2,7,1,5,2,2,3,10,6,6,1,1,0,14
030709,1507,264,95,1866,9,9,51,723,16,18,274,8,127,5,3,7,38,3,9,3,4,15,8,25,1,123,10,2,0,5,0,1,0,1,2,4,2,3,0,0,0,16
030710,740,171,54,965,6,6,37,434,2,6,77,6,20,1,5,2,23,1,11,1,2,10,2,41,0,22,5,0,0,2,1,2,1,1,2,1,3,0,1,0,0,18
030711,671,145,40,856,5,5,26,405,4,9,74,4,45,2,3,3,16,5,0,0,2,7,1,10,2,37,8,1,0,0,0,0,0,1,1,0,1,0,1,0,0,3
030712,669,88,21,778,4,4,62,231,31,27,83,7,100,13,10,2,19,5,3,1,3,27,1,2,0,18,6,1,0,2,0,0,1,4,0,1,1,2,0,0,0,6
040101,52267,2815,1700,56782,244,244,3898,1178,13666,11842,2646,3936,4401,2972,1825,1006,196,1012,129,549,266,256,301,284,61,154,160,247,292,85,192,113,85,84,77,33,91,24,25,44,0,137
040102,61305,3945,2271,67521,275,275,3955,3659,8358,12857,6127,4803,6650,3123,3125,1968,430,1211,189,275,241,540,430,500,100,465,270,422,202,146,273,118,67,89,123,64,112,43,32,43,0,295
040103,111388,8116,4745,124249,506,506,6652,11324,9567,22187,13287,8424,10488,5503,6211,4253,928,2738,375,397,427,1109,853,1081,257,1147,642,735,274,367,447,199,121,213,188,125,248,86,46,74,0,415
040104,7645,666,405,8716,35,35,649,785,587,1400,773,681,790,317,388,253,76,230,40,29,37,78,65,81,11,72,46,44,15,32,33,11,10,17,13,9,11,6,2,8,0,46
040105,2991,348,185,3524,14,14,200,552,102,340,474,205,320,96,117,133,37,98,12,8,5,40,27,47,7,40,26,15,7,11,5,7,0,6,6,12,8,3,1,8,0,16
040106,20213,2508,1212,23933,98,98,939,4926,679,1904,4197,955,1396,479,907,711,407,569,106,37,66,211,122,264,54,443,215,86,38,94,71,19,17,47,32,60,27,35,19,18,0,63
040107,39137,2629,1710,43476,176,176,3195,1875,4297,8576,3403,4073,3988,2168,1925,1198,267,797,166,291,150,289,306,392,86,218,180,266,142,108,164,92,54,76,48,43,88,30,30,32,0,124
040108,2828,268,126,3222,13,13,200,549,118,326,379,251,273,94,115,120,27,78,10,11,8,26,34,32,5,78,21,15,7,5,4,4,1,5,6,8,6,4,0,0,0,8
040109,86437,6105,4104,96646,389,389,6378,5775,6824,18178,8387,8460,9218,4629,4508,3315,738,2201,443,346,370,731,734,897,188,587,480,625,216,247,312,157,96,153,228,149,220,97,58,75,0,417
040110,642,92,51,785,4,4,58,110,44,69,62,40,66,20,15,22,17,14,18,9,9,1,17,8,0,3,15,4,2,2,0,0,0,2,0,5,4,1,1,1,0,3
040111,950,120,49,1119,5,5,68,210,29,109,108,77,100,22,17,31,30,23,25,3,4,10,7,18,6,10,9,5,0,7,1,3,4,2,1,1,3,0,2,1,0,4
040112,2228,187,117,2532,10,10,143,397,101,227,281,205,275,78,65,76,28,67,84,9,14,20,17,27,5,26,11,13,1,5,2,4,4,2,6,8,0,4,3,2,0,18
040113,3444,286,169,3899,16,16,290,238,287,719,347,414,317,124,133,107,42,95,40,15,18,24,16,29,4,28,24,20,15,16,18,5,8,6,1,3,6,4,2,3,0,26
040114,20329,1376,759,22464,91,91,1202,1368,4078,4698,1542,1498,1539,1094,856,517,128,354,55,84,93,104,143,161,27,130,89,101,79,55,73,35,27,43,23,28,22,16,8,21,0,38
040115,675,92,41,808,4,4,46,157,32,59,113,42,45,13,32,25,17,20,7,2,5,8,8,11,0,5,3,2,2,5,3,0,0,1,0,2,1,2,3,2,0,2
040116,1179,155,69,1403,7,7,28,441,22,115,239,13,87,11,18,36,20,39,2,0,0,21,9,18,1,18,13,4,1,4,2,1,0,0,1,7,6,0,0,0,0,2
040117,549,86,49,684,4,4,38,104,26,76,101,44,40,14,11,19,8,19,0,1,2,9,4,3,1,4,5,1,1,7,0,1,0,2,1,2,1,1,0,1,0,2
040118,4677,607,217,5501,22,22,133,1247,104,457,1017,226,241,128,276,215,87,93,20,6,8,58,32,55,7,99,50,12,4,22,13,4,7,9,6,9,6,5,3,2,0,16
040119,42080,2982,1984,47046,189,189,2930,2734,3626,9304,4026,4052,4426,2079,2089,1521,401,1066,191,252,197,357,321,451,83,317,235,276,137,136,173,95,48,83,57,68,88,40,32,26,0,163
040120,12387,1054,430,13871,57,57,805,1325,1104,2331,1568,986,1163,496,579,438,146,250,69,38,34,77,288,151,19,96,68,60,33,31,65,17,9,21,22,5,12,13,7,9,0,52
040121,12720,931,539,14190,58,58,900,1122,951,2578,1399,1180,1352,591,606,495,133,308,48,66,40,141,145,123,28,118,61,67,27,28,54,17,9,27,20,13,26,8,5,7,0,27
040122,2014,280,79,2373,11,11,142,393,82,260,345,117,158,61,90,47,42,73,7,13,12,19,26,25,8,23,12,7,4,13,1,2,0,5,1,9,7,0,0,3,0,7
040123,22603,941,571,24115,103,103,1496,343,7954,5315,725,1321,1457,1305,764,315,59,272,55,206,108,74,78,83,20,34,32,118,130,33,86,67,30,33,22,11,11,5,7,7,0,27
040124,3921,323,151,4395,18,18,252,393,262,668,392,386,674,142,183,129,27,73,21,27,21,28,55,28,5,33,24,23,10,5,11,3,2,10,6,4,3,4,3,2,0,12
040125,20890,2055,901,23846,96,96,999,3918,573,2678,3625,1187,2000,725,1158,1059,261,573,63,38,51,315,210,249,42,378,187,137,26,70,50,27,17,36,43,28,37,27,9,19,0,75
040126,39885,2962,1838,44685,180,180,3083,2451,3592,8189,3663,4118,4139,2145,2010,1289,289,1076,156,250,214,313,481,380,79,316,262,254,180,106,170,78,51,68,69,47,71,43,26,29,0,198
040127,31814,2260,1509,35583,143,143,2007,1934,2192,6921,3372,3166,3546,1628,1657,1187,361,848,141,117,141,252,317,322,58,236,198,233,98,101,109,68,50,68,56,44,63,31,60,17,0,215
040128,53490,3533,2232,59255,240,240,3896,3078,4548,12238,4626,5405,5871,3024,2750,1869,366,1227,189,377,216,448,438,496,96,329,278,367,144,136,205,97,50,94,107,55,137,48,40,36,0,209
040129,49657,2715,1704,54076,222,222,3445,1509,9513,12426,2992,4333,4412,2878,2080,1261,274,953,162,386,247,339,315,308,58,187,150,282,239,79,210,101,51,73,79,33,59,35,27,35,0,126
040201,3023,390,189,3602,17,17,127,585,88,385,652,100,307,81,156,145,43,86,9,8,9,49,5,30,7,55,23,13,5,13,4,0,2,14,1,6,2,3,3,2,0,5
040202,568,81,31,680,4,4,28,101,9,51,165,13,63,6,10,36,17,22,1,3,1,9,2,8,2,2,5,3,0,2,0,0,0,4,1,1,0,1,0,0,0,2
040203,1064,200,69,1333,8,8,71,178,28,69,163,37,229,16,22,49,36,23,11,2,2,31,1,16,2,23,13,2,0,8,3,7,1,4,8,2,1,0,3,0,0,3
040204,1610,227,124,1961,13,13,45,510,26,156,374,28,120,24,75,35,40,41,9,3,4,14,3,22,1,13,22,6,0,10,5,1,0,3,4,8,1,2,1,2,0,2
040205,1050,121,65,1236,6,6,31,267,12,81,238,13,163,18,29,22,16,17,5,8,2,10,7,50,0,29,5,2,0,4,2,2,0,2,2,3,2,2,1,1,0,4
040206,693,89,25,807,5,5,32,177,8,52,190,13,86,8,16,22,8,12,0,4,0,17,1,11,0,11,5,1,2,9,2,1,0,3,0,2,0,0,0,0,0,0
040207,372,94,26,492,3,3,16,69,12,53,75,23,53,5,6,10,10,8,1,1,0,8,0,7,1,2,4,0,0,3,0,0,0,1,0,2,1,0,0,1,0,0
040208,831,210,56,1097,6,6,21,238,23,68,116,32,114,18,28,30,19,10,6,6,5,9,10,17,4,6,13,8,4,10,0,0,0,4,1,2,1,3,0,2,0,3
040209,461,74,26,561,3,3,11,116,8,43,121,9,32,15,13,29,10,9,2,1,6,5,0,6,0,1,7,3,2,2,1,0,0,0,3,1,2,2,1,0,0,0
040210,531,121,44,696,4,4,31,130,16,46,113,16,51,7,26,13,13,6,3,3,5,5,1,6,4,8,7,4,1,3,4,0,0,2,1,0,0,1,0,0,0,5
040211,806,133,46,985,6,6,26,215,35,116,108,18,65,22,20,31,17,11,11,0,8,6,9,9,0,23,26,3,1,4,3,3,3,2,0,1,1,5,1,0,0,3
040212,478,79,35,592,3,3,34,95,6,54,97,12,56,9,23,20,7,6,5,1,1,3,3,9,1,7,10,0,3,3,1,4,0,4,0,1,0,1,1,0,0,1
040213,419,69,21,509,3,3,20,80,4,53,74,20,27,17,20,13,8,15,0,3,0,4,4,20,3,5,15,2,0,2,0,0,0,4,1,2,0,0,0,0,0,3
040214,591,98,32,721,4,4,30,216,6,26,108,12,33,6,14,19,13,15,1,1,1,8,2,26,1,33,4,5,0,2,0,1,0,0,0,3,0,1,0,2,0,2
040215,465,57,29,551,3,3,10,88,14,38,96,8,125,8,14,11,3,11,3,0,2,3,1,12,0,2,4,1,0,4,0,0,0,2,1,1,0,1,0,1,0,1
040216,350,81,28,459,4,4,25,97,16,22,52,17,35,5,7,19,14,3,3,1,1,4,4,3,4,2,5,2,1,3,1,2,0,0,0,0,2,0,0,0,0,0
040217,668,94,79,841,6,6,22,205,14,34,168,4,63,14,11,26,13,18,7,2,2,12,3,12,2,13,6,0,0,4,0,2,0,4,0,3,2,1,1,0,0,0
040218,469,61,25,555,3,3,7,78,10,60,132,5,59,9,18,7,7,5,3,2,1,5,1,9,1,26,6,5,1,4,0,2,0,0,0,2,0,1,1,0,0,2
040219,1323,197,68,1588,8,8,53,292,24,141,329,37,128,19,35,48,18,37,4,5,2,23,4,25,1,33,18,3,0,11,1,4,5,6,3,3,4,2,2,1,0,2
040220,39175,4748,1807,45730,190,190,1858,9458,1277,4303,7329,2061,2552,1086,1995,1610,641,976,121,77,99,640,258,509,119,672,308,192,94,257,83,55,31,99,46,59,74,47,32,32,0,125
040301,8449,936,449,9834,45,45,1365,518,1451,1076,713,1001,535,257,324,196,88,124,34,85,44,54,118,49,17,74,49,43,31,27,43,13,6,11,11,13,17,10,3,5,0,44
040302,2755,354,137,3246,14,14,458,326,228,275,287,412,216,56,79,61,38,40,13,13,17,26,42,10,5,32,18,8,12,17,7,8,4,8,3,3,5,3,1,3,0,21
040303,2904,422,116,3442,16,16,163,1623,40,96,362,111,86,24,47,79,27,52,7,6,5,36,14,30,5,37,20,3,5,2,2,1,0,3,0,3,2,1,3,1,0,8
040304,4001,565,251,4817,21,21,481,813,214,327,529,419,289,92,129,167,39,97,13,17,18,42,54,42,18,62,38,11,2,6,12,1,5,5,6,8,3,7,4,5,0,26
040305,3988,583,252,4823,22,22,587,437,316,365,519,530,262,103,135,82,70,88,18,22,24,39,66,47,14,64,36,24,6,24,18,17,4,19,6,8,4,10,3,3,0,18
040306,2051,368,130,2549,13,13,478,246,190,180,224,209,113,32,42,43,36,43,4,14,6,9,28,34,9,23,25,7,4,16,1,2,1,2,2,1,2,6,3,9,0,7
040307,763,90,31,884,4,4,116,115,45,74,82,110,58,5,17,16,16,11,2,10,3,7,6,12,6,16,8,5,0,7,8,1,1,0,1,1,2,1,1,0,0,0
040308,9040,1171,605,10816,47,47,1080,1421,589,859,1183,1161,594,223,388,310,107,181,45,36,39,73,120,105,28,128,96,38,19,44,28,9,8,20,10,13,11,12,6,5,0,51
040401,2061,420,116,2597,13,13,378,474,173,150,252,141,135,26,48,45,33,41,5,8,1,44,15,13,2,19,13,8,1,8,4,4,0,5,1,6,0,3,0,0,0,5
040402,1881,349,101,2331,12,12,582,210,201,149,192,120,108,33,37,24,39,26,9,14,7,5,13,15,9,23,16,6,7,4,6,3,2,1,1,3,1,3,2,0,0,10
040403,2449,370,156,2975,15,15,500,435,110,255,401,197,118,32,56,39,24,57,7,7,15,15,20,12,14,43,13,8,6,10,9,4,6,7,7,5,1,5,3,0,0,8
040404,348,38,11,397,2,2,91,93,28,14,31,19,8,3,10,10,6,6,0,5,1,3,2,1,1,2,2,0,0,4,1,2,0,2,1,0,1,0,0,0,0,1
040405,1629,317,93,2039,10,10,377,291,126,110,251,72,100,25,35,31,25,35,6,9,12,11,10,14,8,22,13,0,3,7,4,2,2,6,1,2,2,2,0,0,0,15
040406,273,87,15,375,3,3,89,78,2,20,25,4,17,3,1,4,8,2,3,0,1,2,0,1,0,5,2,0,1,1,0,1,0,1,0,2,0,0,0,0,0,0
040407,4177,607,194,4978,23,23,730,1037,220,247,611,284,202,76,135,109,50,94,14,13,13,48,38,40,12,56,24,22,8,19,8,8,4,9,3,12,4,5,3,1,0,18
040408,1532,211,111,1854,9,9,274,440,47,122,236,68,73,22,37,35,18,33,4,4,7,10,11,14,0,36,6,4,3,6,2,3,0,2,0,4,0,1,1,1,0,8
040409,1215,158,45,1418,7,7,72,633,17,48,181,19,44,20,33,34,14,21,1,2,4,14,5,7,1,16,6,2,2,3,2,2,1,0,1,4,2,0,1,1,0,2
040410,719,159,31,909,5,5,262,113,50,23,67,45,28,9,17,16,12,5,3,6,5,5,4,2,1,9,9,1,2,9,3,0,0,0,0,2,2,0,0,0,0,9
040411,712,149,26,887,5,5,276,61,66,42,53,78,22,18,16,8,4,4,4,3,2,6,4,2,5,10,7,1,0,3,1,1,0,0,0,2,1,1,0,2,0,9
040412,882,149,43,1074,6,6,168,334,20,53,105,30,43,6,16,7,22,18,1,2,2,11,10,4,0,11,2,3,0,1,1,0,0,2,0,2,3,0,1,0,0,4
040413,1015,145,30,1190,6,6,439,82,132,37,85,60,43,16,12,15,11,6,1,6,5,5,1,5,5,15,2,7,1,4,2,1,1,3,1,0,0,1,1,7,0,3
040501,4831,809,256,5896,28,28,599,601,318,530,626,455,461,157,167,103,76,133,36,51,21,34,63,57,8,69,64,27,15,26,15,19,7,12,6,6,7,2,2,3,0,55
040502,464,117,44,625,4,4,26,127,15,38,62,13,90,1,10,17,13,7,9,0,3,3,2,7,1,5,1,1,0,2,0,0,0,2,1,0,0,2,1,1,0,4
040503,192,33,13,238,2,2,12,21,14,36,29,9,16,1,6,5,11,14,2,1,1,0,1,4,1,0,4,0,0,1,0,0,0,1,0,0,0,0,0,0,0,2
040504,540,136,41,717,7,7,18,282,8,31,43,14,21,1,11,13,21,11,5,0,1,4,4,10,1,12,6,3,1,7,0,3,1,2,0,4,0,0,1,0,0,1
040505,566,98,25,689,4,4,12,113,6,74,94,26,63,21,33,20,18,23,0,1,0,10,2,6,2,19,7,4,0,1,1,2,1,3,0,0,1,0,0,1,0,2
040506,297,66,17,380,6,6,22,53,4,31,48,28,22,2,7,8,3,13,3,0,4,6,6,11,0,1,2,1,0,5,1,1,0,3,3,4,2,2,0,0,0,1
040507,1150,167,70,1387,7,7,113,110,136,172,132,119,101,33,32,26,29,19,12,9,4,12,10,13,8,13,7,3,9,4,2,5,2,1,2,0,1,2,2,1,0,6
040508,307,63,24,394,3,3,19,81,17,20,44,20,29,9,4,9,10,2,2,2,0,1,2,6,2,7,2,3,1,3,0,0,0,2,5,0,0,1,1,0,0,3
040509,1651,304,153,2108,12,12,60,424,21,176,331,48,124,43,69,58,60,48,5,4,6,22,9,18,2,32,28,11,0,13,3,0,2,4,5,7,7,2,0,1,0,8
040510,759,202,80,1041,6,6,71,194,26,69,115,33,58,10,22,16,26,11,9,8,3,12,7,5,0,7,18,1,4,6,2,3,0,4,1,1,6,2,2,1,0,6
040511,249,48,15,312,2,2,15,54,21,30,35,14,16,8,2,4,6,7,1,1,1,5,5,0,0,1,1,0,0,2,0,1,0,0,0,0,1,3,0,0,0,15
040512,3691,533,197,4421,20,20,457,444,306,425,412,334,334,107,143,83,54,111,19,68,27,32,37,36,22,42,31,14,23,32,10,9,7,11,7,4,18,4,2,5,0,21
040513,130,23,7,160,1,1,4,41,11,9,13,11,14,1,3,3,3,3,1,0,1,1,1,2,0,1,1,2,1,1,0,0,0,0,1,0,0,1,0,0,0,0
040514,506,106,53,665,4,4,53,84,26,56,28,29,51,16,17,19,17,26,12,8,1,4,2,12,0,11,8,2,0,5,0,1,0,2,2,4,4,1,0,0,0,5
040601,1410,277,163,1850,10,10,180,242,76,183,162,96,135,38,41,30,34,20,17,40,10,5,14,20,5,4,16,5,1,5,10,2,1,4,1,2,4,0,1,0,0,6
040602,281,42,29,352,2,2,11,83,6,35,35,18,32,4,7,5,9,8,2,3,1,2,1,3,0,4,3,0,1,4,0,0,0,1,0,0,0,1,0,0,0,2
040603,787,228,72,1087,9,9,26,371,7,22,138,4,52,5,9,24,25,10,3,0,4,3,6,27,0,21,8,2,0,4,0,0,2,1,3,5,0,4,1,0,0,0
040604,243,80,14,337,3,3,24,52,8,39,18,14,40,0,3,2,10,4,1,0,3,3,1,5,0,2,6,0,0,1,0,0,0,1,0,2,1,1,0,0,0,2
040605,352,61,29,442,3,3,50,35,40,38,49,23,40,8,7,5,7,6,2,1,8,9,3,4,1,2,4,0,2,1,0,0,0,2,0,0,0,1,1,0,0,3
040606,247,75,19,341,3,3,16,95,4,13,26,3,31,6,4,9,8,0,5,3,2,4,1,5,0,1,4,1,0,1,0,0,1,0,0,2,0,1,0,0,0,1
040607,2322,460,128,2910,16,16,86,1069,27,172,328,79,116,20,49,44,45,52,6,6,5,31,11,21,4,41,27,7,2,26,3,5,1,10,0,2,3,6,3,4,0,11
040608,1381,229,39,1649,9,9,146,437,41,131,214,54,101,25,33,26,22,34,12,6,4,15,7,13,3,13,14,8,1,7,1,2,1,2,1,2,1,0,2,2,0,0
040701,14914,1648,839,17401,76,76,1299,996,1537,1998,1981,2020,1272,631,650,415,220,357,65,339,72,94,95,139,39,71,79,82,87,58,55,25,17,44,29,15,33,12,15,14,0,59
040702,6606,796,492,7894,35,35,469,1270,376,704,916,575,588,200,246,272,127,227,32,47,23,53,57,95,13,79,55,23,19,38,23,11,7,8,6,7,2,8,8,2,0,20
040703,4429,480,204,5113,22,22,229,1327,203,382,706,285,299,138,162,133,79,100,12,27,4,48,17,77,8,53,43,12,8,10,12,3,2,7,14,5,4,4,0,2,0,14
040704,2956,438,165,3559,16,16,332,331,164,320,628,295,194,102,150,93,39,74,9,22,9,16,25,9,13,26,21,10,7,13,3,1,1,11,2,5,7,2,1,2,0,19
040705,1111,72,36,1219,6,6,67,148,187,164,122,83,98,47,33,35,16,23,4,10,4,9,6,12,1,5,7,5,4,5,5,1,0,4,0,0,1,0,0,1,0,4
040706,4403,549,194,5146,23,23,232,1057,283,498,779,256,262,103,155,115,64,149,33,44,7,51,21,57,8,72,28,9,26,23,25,4,3,9,6,6,2,5,2,1,0,8
040801,929,231,89,1249,7,7,65,270,28,102,128,41,99,30,14,27,18,17,23,1,3,10,9,5,3,9,12,2,0,5,1,0,0,3,1,1,0,1,0,1,0,0
040802,639,242,90,971,6,6,38,234,24,28,70,32,34,10,7,17,14,5,21,2,0,23,1,12,1,17,14,2,2,8,0,1,1,3,6,3,1,3,0,0,0,5
040803,225,81,12,318,2,2,12,92,8,5,27,9,15,6,2,3,13,1,8,0,0,2,1,0,0,3,3,0,1,2,1,0,1,1,5,1,0,0,0,0,0,3
040804,714,253,78,1045,7,7,54,223,20,22,124,25,71,7,13,11,7,8,37,2,3,10,7,12,0,17,6,2,1,4,0,1,2,6,2,2,1,5,2,0,0,7
040805,483,149,54,686,7,7,16,178,23,35,62,4,44,3,2,9,17,8,17,0,0,6,1,2,0,14,10,1,0,7,1,2,0,5,1,3,4,0,1,0,0,7
040806,679,372,75,1126,9,9,21,285,5,10,120,8,29,8,9,8,31,1,22,0,2,11,9,22,0,15,13,1,2,12,2,0,0,5,2,4,0,9,0,0,0,13
040807,240,46,10,296,2,2,15,81,0,16,21,16,45,3,0,5,5,2,6,0,0,3,1,5,0,9,1,0,1,1,1,0,0,1,0,0,0,1,0,0,0,1
040808,124,27,8,159,2,2,12,44,3,4,11,4,12,0,0,1,4,5,3,1,1,1,5,2,0,0,5,0,2,0,0,0,0,0,1,1,1,0,0,0,0,1
040809,143,34,8,185,2,2,10,27,0,8,42,10,7,2,2,0,0,10,1,1,2,5,0,2,0,1,3,2,0,2,1,0,0,3,0,0,0,1,0,0,0,1
040810,265,73,28,366,2,2,35,54,11,24,33,25,32,3,6,4,5,4,8,1,2,5,3,0,0,1,5,1,1,1,0,0,0,1,0,0,0,0,0,0,0,0
040811,213,50,21,284,3,3,13,66,4,16,22,3,29,0,1,1,11,2,14,2,2,0,1,4,0,8,3,1,0,0,1,0,0,1,1,2,1,0,0,1,0,3
050101,48731,5133,2439,56303,251,251,4224,6591,2560,5322,6722,1962,10274,1725,1615,1529,501,698,311,265,351,459,538,490,96,488,402,236,100,212,132,301,32,96,105,48,75,35,14,34,0,188
050102,2528,644,232,3404,16,16,254,1329,21,46,253,18,179,13,26,29,56,33,9,1,2,32,21,38,0,65,31,0,0,9,6,12,3,4,3,2,5,12,4,0,0,12
050103,14116,1845,766,16727,71,71,1047,3184,323,1122,2371,444,2433,352,444,463,241,190,87,26,79,177,162,105,23,209,151,52,23,52,32,140,6,39,22,17,17,20,9,6,0,48
050104,3648,637,279,4564,22,22,147,1723,57,121,537,27,400,27,37,61,68,68,16,1,20,35,16,50,6,65,56,3,2,26,4,9,2,9,4,3,7,14,3,1,0,23
050105,3219,660,219,4098,19,19,357,937,71,97,488,78,479,43,58,97,55,46,25,6,15,37,35,37,10,42,49,13,2,25,8,32,3,12,10,13,10,10,3,3,0,13
050106,1175,255,121,1551,8,8,171,418,14,32,133,8,119,18,11,27,27,12,17,2,3,16,8,51,0,15,22,2,1,9,4,9,0,3,4,2,1,7,1,2,0,6
050107,24519,2697,1239,28455,124,124,1758,4241,721,2391,3793,920,4971,781,876,869,345,380,151,61,187,252,251,159,32,330,192,107,51,160,53,139,17,51,55,36,44,28,9,19,0,89
050108,842,225,44,1111,7,7,87,228,16,41,159,23,110,7,11,19,23,9,13,2,1,11,5,16,3,10,14,3,1,4,1,9,1,2,2,1,0,3,1,5,0,1
050109,8666,1954,776,11396,54,54,405,4335,84,162,1165,81,783,66,103,123,227,73,68,7,20,85,69,148,19,195,100,10,5,66,11,124,8,14,8,14,9,26,6,6,0,41
050110,3867,797,182,4846,21,21,418,1645,127,76,413,57,413,36,52,82,74,44,39,6,72,34,44,33,5,40,36,10,2,16,5,30,4,5,3,3,9,12,3,2,0,17
050111,4600,927,429,5956,30,30,198,2608,39,61,594,34,325,28,33,65,206,55,33,3,4,39,27,29,5,47,38,5,6,24,1,20,0,9,6,7,10,16,1,4,0,20
050112,4557,1003,342,5902,27,27,268,2199,40,91,582,35,356,23,39,62,79,32,20,4,19,37,14,410,10,55,45,5,0,27,3,23,3,10,4,10,7,9,5,3,0,28
050113,2735,640,230,3605,22,22,181,1184,51,74,379,37,191,8,27,28,79,44,21,5,8,23,138,28,3,57,58,9,7,26,0,10,2,9,3,8,6,17,2,0,0,12
050114,1801,388,180,2369,10,10,333,351,46,60,275,48,348,20,25,41,40,26,13,0,19,12,21,19,1,21,11,1,1,7,6,21,0,4,2,1,1,4,1,1,0,21
050115,10080,1108,473,11661,51,51,830,1615,378,961,1650,407,2006,288,321,381,142,128,77,29,80,122,79,57,20,117,90,48,15,35,15,57,8,14,16,12,12,15,5,11,0,39
050116,10666,1414,572,12652,54,54,941,1952,486,836,1623,346,2022,295,307,297,169,226,126,32,89,116,115,80,29,150,76,52,37,39,33,73,7,18,13,15,25,8,2,3,0,28
050201,2422,578,224,3224,18,18,107,1060,36,88,251,25,342,39,32,39,38,22,15,7,8,25,31,63,3,58,27,4,0,22,3,19,1,7,0,10,3,7,2,19,0,9
050204,3269,653,282,4204,26,26,196,1667,27,62,479,7,315,21,23,45,72,20,11,5,5,35,45,38,1,58,39,2,2,15,4,9,4,6,4,15,6,9,3,4,0,15
050206,4396,915,368,5679,28,28,216,1926,72,117,772,45,476,28,52,56,109,43,16,8,12,51,33,84,7,75,66,12,3,20,4,30,2,12,4,11,5,8,5,1,0,15
050207,1869,532,144,2545,19,19,114,920,16,29,263,13,142,14,12,31,52,39,12,5,5,15,16,18,1,65,21,3,3,21,4,14,0,4,0,3,4,2,0,0,0,8
050208,1434,348,111,1893,14,14,76,831,14,8,164,11,112,3,15,20,34,8,4,4,2,11,11,14,3,31,13,4,1,8,2,8,1,2,1,1,2,6,1,0,0,8
050211,929,237,121,1287,7,7,50,422,7,21,140,7,63,5,8,27,69,1,10,0,2,5,3,16,1,18,14,2,0,10,0,6,1,1,2,3,3,4,1,2,0,5
050301,17412,3059,1274,21745,107,107,1573,3293,731,984,3024,460,3151,363,466,449,526,158,280,149,105,245,133,263,28,263,186,74,36,59,44,112,19,58,25,26,23,23,5,5,0,73
050302,691,134,73,898,7,7,36,389,5,14,106,1,41,1,2,13,24,1,3,1,0,3,2,11,3,12,8,2,0,4,0,1,0,3,0,0,1,2,1,0,0,1
050303,2583,394,199,3176,15,15,152,908,29,98,421,33,446,23,46,47,70,20,14,6,11,35,13,26,9,53,32,10,3,12,8,15,1,3,5,6,2,7,2,2,0,15
050304,1891,412,125,2428,12,12,185,539,33,44,355,33,273,22,30,24,104,22,16,5,10,21,9,32,2,33,32,5,3,13,2,17,2,3,3,4,6,2,0,0,0,7
050305,3540,718,286,4544,23,23,490,946,71,96,607,83,539,42,56,59,96,37,33,12,14,39,35,68,11,71,33,11,2,19,7,10,2,8,4,3,4,6,3,2,0,21
050307,1498,427,116,2041,14,14,94,632,32,20,215,6,176,4,13,13,129,7,9,2,20,20,3,11,7,31,11,2,0,6,5,6,0,3,0,4,3,2,1,2,0,9
050308,4052,878,248,5178,32,32,374,1910,56,56,636,38,382,14,35,32,110,27,18,12,16,30,9,29,4,112,52,1,0,31,3,16,3,4,2,13,7,7,0,0,0,13
050309,3216,791,277,4284,27,27,215,1599,27,41,482,34,186,19,17,43,98,25,9,9,5,60,16,44,5,112,37,42,4,28,1,7,1,5,2,8,4,6,4,0,0,21
050310,1439,342,91,1872,11,11,78,828,11,8,197,14,59,11,11,19,66,11,8,3,0,13,13,17,1,29,16,0,0,4,2,2,0,6,1,2,2,4,0,1,0,2
050311,1371,421,180,1972,14,14,90,760,4,6,132,6,92,4,4,18,43,9,28,6,7,12,7,26,2,59,8,1,0,13,5,3,0,1,1,10,3,2,2,0,0,7
050312,814,212,66,1092,8,8,42,546,2,3,63,4,18,2,0,5,39,2,13,0,1,5,3,13,0,15,10,1,1,7,1,5,0,1,2,4,2,2,0,0,0,2
050313,1065,260,72,1397,8,8,56,477,8,9,113,4,94,3,4,9,178,0,9,0,7,10,5,18,0,22,9,0,1,4,1,8,1,1,0,6,2,1,2,0,0,3
050314,187,56,21,264,3,3,4,70,5,6,25,1,10,2,0,6,27,0,3,0,1,5,2,8,0,4,3,0,0,1,0,2,0,0,0,0,1,1,0,0,0,0
050401,3455,905,281,4641,26,26,241,1316,63,116,503,59,468,27,52,66,98,42,23,12,14,61,30,33,3,48,51,8,6,25,1,18,2,11,6,10,5,11,3,3,0,20
050402,2114,514,161,2789,25,25,108,1150,28,41,254,25,142,15,13,18,83,17,10,3,5,17,13,22,1,52,35,5,2,14,2,4,1,5,1,5,0,15,2,0,0,6
050403,3257,885,263,4405,23,23,511,1142,86,52,584,47,237,35,39,65,48,53,11,10,25,19,34,28,7,74,45,4,2,20,2,12,1,6,1,13,7,13,3,2,0,19
050404,815,157,67,1039,7,7,59,330,7,16,196,15,65,6,1,3,20,5,5,2,7,9,4,10,0,18,7,0,1,9,2,8,1,1,1,1,1,2,2,0,0,1
050405,1369,360,65,1794,16,16,82,781,9,17,176,5,75,5,13,9,34,24,9,1,4,13,5,11,1,24,20,2,0,12,0,2,0,3,3,6,4,10,3,1,0,5
050406,4729,1057,420,6206,32,32,327,2235,41,89,744,28,499,24,59,102,73,61,22,5,14,42,26,31,2,97,49,5,4,35,5,17,3,7,5,20,11,24,5,0,0,18
050407,624,163,40,827,5,5,63,282,10,19,82,6,65,3,5,2,19,7,3,0,1,7,4,10,0,7,5,1,0,6,3,2,0,1,0,1,2,1,0,0,0,7
050408,4401,1306,338,6045,32,32,397,1981,52,78,672,75,271,36,54,147,77,33,22,7,19,43,30,44,6,108,79,3,4,44,6,40,0,12,6,13,8,9,2,5,0,18
050409,2726,702,216,3644,22,22,237,1315,36,39,447,20,145,16,36,42,54,28,15,5,5,18,39,47,2,63,29,0,4,17,5,10,3,8,2,7,10,6,2,1,0,13
050410,1535,429,120,2084,12,12,125,658,122,16,225,10,95,7,7,12,33,39,13,1,3,16,6,13,3,68,19,1,1,12,2,10,0,2,1,4,2,3,0,1,0,5
050411,287,56,32,375,5,5,15,143,2,9,31,1,25,1,0,1,25,0,0,0,1,4,0,4,0,9,2,0,0,4,0,3,1,2,1,0,2,0,0,0,0,1
050412,973,243,42,1258,7,7,88,461,16,9,127,14,77,3,4,10,55,6,7,3,5,6,5,7,0,36,17,0,0,5,0,2,0,1,1,3,1,0,0,0,0,4
050413,765,208,49,1022,5,5,93,230,10,11,172,12,73,6,10,20,12,12,12,1,2,10,8,12,1,20,10,4,1,4,2,1,1,3,1,3,2,1,0,0,0,5
050414,876,277,77,1230,6,6,92,305,21,29,158,17,101,10,10,9,24,11,14,2,3,11,8,5,0,8,15,0,0,9,0,1,0,1,0,3,2,3,0,0,0,4
050415,663,203,45,911,5,5,58,301,22,7,114,7,32,2,2,15,35,4,1,2,0,2,2,7,0,16,8,0,0,5,1,7,0,3,1,3,1,1,0,2,0,2
050501,5529,988,306,6823,36,36,417,1830,102,341,749,143,805,97,147,82,83,65,26,58,11,54,39,84,10,79,179,24,4,19,9,18,1,5,8,4,6,11,2,0,0,17
050502,769,223,73,1065,11,11,117,158,20,32,106,12,85,10,3,22,64,15,2,4,1,12,1,8,3,51,9,2,1,9,0,4,1,4,1,1,1,6,0,0,0,4
050503,507,82,34,623,4,4,95,97,14,31,72,12,43,5,8,6,22,28,16,2,0,5,3,5,0,16,11,0,0,5,2,5,0,0,0,1,0,1,2,0,0,0
050504,496,95,23,614,4,4,29,94,8,13,93,8,118,4,6,5,37,6,6,10,1,3,0,5,1,13,9,2,0,7,0,2,1,1,0,2,2,1,1,0,0,8
050506,795,231,101,1127,7,7,70,342,12,32,89,9,67,10,5,17,35,5,4,0,0,5,9,15,1,4,34,1,1,8,0,6,0,1,1,1,0,4,1,0,0,6
050508,885,304,99,1288,9,9,82,331,20,25,125,15,85,4,9,5,43,3,3,6,13,9,3,17,2,17,16,6,1,8,0,17,0,1,0,2,2,7,1,0,0,7
050510,980,155,45,1180,7,7,123,485,13,29,85,19,65,3,15,7,42,3,2,6,3,7,1,8,3,26,9,3,3,7,0,0,1,3,3,2,1,1,1,0,0,1
050511,598,153,31,782,5,5,146,186,16,22,57,12,50,5,5,6,15,2,2,5,1,2,2,28,6,11,3,0,4,2,0,3,0,1,0,0,1,1,0,1,0,3
050512,418,100,24,542,5,5,78,123,14,12,47,9,28,3,7,3,14,5,13,2,1,3,2,10,1,9,8,2,0,5,0,8,1,1,2,1,2,1,0,0,0,3
050513,1148,250,89,1487,8,8,86,539,21,31,136,19,105,9,13,9,18,4,5,16,1,16,2,41,2,24,15,1,0,5,1,11,1,2,0,3,1,2,0,0,0,9
050514,613,117,34,764,4,4,163,105,20,15,85,11,59,6,11,10,10,7,2,1,4,4,2,46,0,8,5,2,0,5,3,28,0,0,0,0,0,0,1,0,0,0
050516,882,251,94,1227,8,8,184,269,35,22,106,19,70,7,13,7,30,14,2,3,4,2,5,20,6,6,20,1,0,6,2,4,2,2,1,5,2,2,1,2,0,8
050517,586,162,58,806,5,5,123,220,7,12,44,12,61,2,4,7,17,1,2,2,4,16,2,13,0,13,7,0,1,0,1,6,0,0,2,2,0,2,0,1,0,2
050520,1157,314,107,1578,12,12,221,457,21,14,93,18,146,8,5,14,43,14,12,5,4,4,3,11,2,12,20,1,0,4,1,8,1,2,0,2,0,4,1,0,0,6
050521,352,77,14,443,3,3,28,149,9,20,35,6,45,2,6,2,13,5,5,1,3,2,1,1,0,4,8,1,2,1,0,1,0,0,0,0,0,1,0,0,0,1
050522,1111,280,94,1485,10,10,106,587,18,38,88,9,68,6,10,9,34,4,2,4,1,10,9,15,1,21,33,3,0,6,0,6,0,3,0,5,4,8,0,0,0,3
050524,209,82,18,309,2,2,45,37,9,7,34,10,21,1,3,1,8,2,4,5,1,1,0,2,0,4,4,0,0,1,1,2,0,2,0,0,0,0,1,1,0,2
050525,378,95,35,508,5,5,72,151,8,2,38,4,24,0,10,8,10,0,1,5,0,5,2,2,2,17,5,0,1,4,0,1,0,3,0,1,0,0,0,1,0,1
050529,182,45,4,231,2,2,18,82,5,5,14,3,31,0,1,0,1,0,0,1,1,0,1,1,0,6,3,0,3,2,0,1,0,0,0,0,0,0,0,0,0,3
050531,374,112,50,536,5,5,53,150,5,8,42,5,36,3,6,4,13,1,1,1,2,1,2,7,1,11,11,0,0,2,0,3,0,0,0,4,0,1,0,0,0,1
050532,705,154,51,910,6,6,19,351,4,25,105,6,43,7,9,7,28,2,1,3,2,3,3,6,0,43,10,3,0,5,0,2,0,0,2,5,1,6,0,1,0,3
050601,4459,1012,359,5830,31,31,219,1613,82,262,568,78,728,74,104,74,125,63,28,16,12,62,33,39,6,42,82,24,5,30,4,3,2,18,17,6,5,13,2,4,0,16
050604,327,99,20,446,4,4,8,142,2,5,41,7,40,6,2,3,28,4,1,0,0,5,0,2,1,9,4,2,1,4,0,2,2,1,2,1,1,1,0,0,0,0
050605,874,267,104,1245,7,7,47,460,15,25,94,10,71,3,17,8,38,4,14,1,4,2,7,14,1,5,11,1,1,4,1,2,0,0,3,1,2,2,1,0,0,5
050608,251,88,28,367,3,3,22,123,4,4,19,2,15,1,2,8,24,2,1,0,1,2,0,4,0,6,3,0,0,2,0,1,1,1,0,0,0,0,1,0,0,2
050611,1481,350,80,1911,14,14,172,783,26,44,141,17,51,9,11,10,28,20,11,5,4,18,12,14,3,35,23,2,1,17,2,1,1,4,2,3,2,3,0,1,0,5
050612,857,215,77,1149,7,7,110,323,34,46,123,14,49,6,14,10,22,9,1,5,7,7,9,4,3,22,12,1,0,3,2,9,1,3,0,2,2,1,0,0,0,3
050615,278,83,19,380,4,4,25,91,10,11,23,9,29,3,4,6,21,4,2,1,3,3,0,4,1,10,3,1,0,6,0,2,0,1,1,0,0,2,1,0,0,1
050616,463,113,29,605,7,7,23,201,10,9,54,7,41,2,4,2,42,3,1,2,0,9,5,11,0,5,9,1,0,6,1,1,0,2,0,3,1,4,0,0,0,4
050701,890,171,45,1106,6,6,20,311,11,34,150,13,138,8,8,27,32,7,2,1,3,6,6,13,13,27,33,2,1,7,2,4,0,0,3,1,0,3,0,0,0,4
050702,758,213,57,1028,7,7,28,387,8,15,90,8,81,6,4,7,31,1,2,1,1,4,9,14,0,17,21,1,0,3,0,6,1,1,0,2,1,2,0,3,0,3
050703,262,76,27,365,3,3,24,91,9,4,36,3,43,2,2,6,6,4,0,0,0,3,5,4,1,7,5,0,0,1,0,0,0,1,0,0,0,1,0,0,0,4
050704,966,309,92,1367,10,10,51,361,13,29,149,31,75,10,11,13,34,37,4,1,3,8,16,23,3,24,32,6,0,5,1,1,2,2,4,3,3,5,1,0,0,5
050706,532,123,32,687,5,5,21,153,5,15,115,2,64,14,9,7,22,6,0,1,1,2,1,42,0,5,17,0,0,6,0,6,0,0,2,2,3,4,1,0,0,6
050707,677,88,88,853,6,6,41,224,25,20,55,9,72,8,5,12,33,9,5,8,5,6,8,82,2,20,15,0,0,3,2,3,0,1,1,0,0,0,0,0,0,3
050708,861,230,60,1151,8,8,23,329,6,25,200,12,103,5,8,15,24,2,4,1,1,8,4,15,2,21,15,1,0,10,0,10,2,4,0,2,3,1,1,0,0,4
050709,502,93,29,624,4,4,18,271,6,7,66,2,25,1,11,5,18,3,2,1,0,2,16,4,0,12,2,0,1,5,0,13,1,1,0,2,1,5,1,0,0,0
050710,722,177,54,953,8,8,61,279,9,20,113,7,83,10,10,16,25,5,0,1,1,2,8,20,1,19,11,1,0,2,0,2,1,0,0,1,3,10,0,0,0,1
050713,1108,288,69,1465,10,10,19,589,5,11,169,9,56,7,11,26,17,5,0,0,1,6,102,15,0,8,13,1,1,6,0,4,2,1,0,2,5,9,0,4,0,4
050714,949,297,60,1306,11,11,44,418,6,16,164,2,85,8,7,10,38,6,19,5,4,10,20,8,5,18,8,1,0,12,1,9,0,1,1,7,2,1,4,0,0,9
050715,135,39,17,191,2,2,14,44,2,7,13,5,21,0,1,0,5,0,2,0,0,1,1,3,0,2,3,2,0,1,0,3,0,0,1,0,0,1,0,0,0,3
050801,1515,222,86,1823,10,10,81,544,43,77,213,14,284,24,27,19,23,18,9,7,12,12,3,19,0,27,21,1,2,6,3,4,1,8,2,2,0,2,1,0,0,6
050802,617,136,58,811,6,6,35,206,9,20,87,5,143,7,3,9,15,5,1,2,8,3,4,14,0,13,9,2,0,6,0,2,0,1,1,0,1,0,2,1,0,3
050803,950,205,88,1243,9,9,42,503,6,23,88,6,94,3,7,15,33,7,6,2,2,6,4,10,0,32,23,4,1,14,0,2,1,4,0,4,2,1,2,0,0,3
050804,797,215,76,1088,9,9,23,370,8,23,105,5,86,7,12,10,21,10,4,2,3,12,3,14,0,27,21,0,0,6,2,3,0,4,1,4,1,1,2,0,0,7
050901,2876,878,279,4033,22,22,210,1421,33,54,327,25,353,25,24,35,85,30,20,2,1,26,32,24,2,33,31,4,3,16,1,20,1,4,2,7,3,7,4,3,0,8
050902,1922,575,151,2648,15,15,114,986,29,31,300,15,184,8,21,20,49,15,9,2,12,13,13,13,12,15,17,2,0,9,10,5,0,5,1,3,0,3,1,0,0,5
050903,525,134,24,683,5,5,21,205,5,20,58,7,56,25,5,14,10,7,0,2,46,2,1,4,0,12,5,4,0,4,1,1,3,3,0,1,0,2,0,0,0,1
050904,392,142,30,564,4,4,25,112,15,15,47,4,81,3,6,5,21,3,1,6,1,2,2,9,1,11,3,1,0,3,0,8,1,1,0,1,0,1,1,0,0,2
050905,893,237,72,1202,9,9,49,465,16,21,105,12,79,2,7,8,26,5,16,0,2,10,3,4,1,19,9,3,3,4,0,5,1,4,2,2,2,4,0,0,0,4
050906,724,229,76,1029,7,7,80,334,3,12,72,11,69,5,1,13,26,6,7,1,1,7,3,4,2,26,11,0,0,6,0,1,0,3,4,3,1,2,1,0,0,9
050907,472,162,29,663,5,5,25,244,3,8,36,6,61,3,1,8,15,3,4,1,3,3,3,4,1,14,6,0,1,4,0,10,0,0,0,1,0,1,0,0,0,3
050908,394,145,39,578,5,5,25,185,4,9,39,5,21,5,4,7,44,6,4,0,3,2,6,4,1,4,3,0,0,1,1,1,1,1,1,4,0,1,0,0,0,2
051001,1180,234,56,1470,8,8,163,261,27,123,171,35,211,13,20,18,12,5,2,5,7,5,6,25,1,20,15,4,0,10,2,3,0,2,3,2,1,1,0,1,0,6
051002,321,69,26,416,3,3,23,160,12,8,25,6,21,2,1,6,11,5,1,2,0,15,0,3,1,7,3,1,0,2,0,0,0,0,2,0,0,2,0,0,0,2
051003,151,34,4,189,2,2,28,38,8,9,6,4,24,0,2,1,4,0,1,5,2,0,0,5,0,3,2,0,0,0,0,9,0,0,0,0,0,0,0,0,0,0
051004,824,167,67,1058,7,7,96,369,15,17,96,9,112,6,6,3,18,6,4,2,2,5,7,10,1,12,5,1,2,5,0,2,2,3,1,3,0,1,1,0,0,2
051005,238,68,13,319,2,2,21,62,16,18,27,5,45,2,3,2,3,3,1,4,2,1,1,3,0,3,1,2,1,3,5,1,0,0,0,0,0,1,2,0,0,0
051006,417,83,16,516,4,4,15,211,11,8,71,6,28,1,3,5,8,3,3,0,3,4,0,1,1,11,4,0,0,7,0,1,1,4,1,4,0,0,1,0,0,1
051007,196,44,16,256,2,2,18,59,11,25,24,5,13,1,1,2,3,2,4,1,2,2,1,6,1,3,5,0,0,2,0,1,0,0,0,0,1,0,1,0,0,2
051008,228,56,23,307,3,3,37,52,9,9,30,3,25,4,1,10,9,7,2,0,5,3,2,4,0,0,4,1,0,4,1,1,0,0,1,1,2,0,0,0,0,1
051009,78,16,7,101,1,1,18,19,0,2,11,3,13,0,1,1,1,0,0,0,2,2,1,0,0,1,1,0,0,1,0,0,1,0,0,0,0,0,0,0,0,0
051010,250,39,12,301,2,2,34,101,8,9,19,5,21,2,0,3,5,3,0,2,21,1,0,2,0,3,2,2,0,1,2,1,0,1,0,0,2,0,0,0,0,0
051101,915,281,70,1266,8,8,82,355,13,29,124,14,110,11,18,14,57,3,5,4,1,2,7,14,1,15,8,0,1,12,1,1,0,1,3,1,0,1,1,3,0,3
051102,105,17,7,129,1,1,7,37,1,0,10,1,15,3,0,2,17,0,1,0,1,1,0,2,0,1,1,2,0,1,0,0,0,0,0,0,0,0,0,0,0,2
051103,160,58,17,235,2,2,21,77,1,2,20,0,5,1,0,1,9,5,2,0,0,2,2,1,0,3,2,0,0,1,0,0,0,1,0,1,0,0,0,1,0,2
051104,414,132,34,580,4,4,23,238,4,4,39,1,15,1,3,12,30,6,4,3,2,2,4,4,1,3,5,0,0,5,1,0,0,1,0,2,0,0,0,0,0,1
051105,273,61,13,347,3,3,31,107,2,2,28,6,26,0,0,5,25,3,10,0,0,1,0,3,1,10,3,0,0,5,0,0,0,0,1,1,0,1,0,0,0,2
051106,242,63,13,318,3,3,30,127,2,2,16,4,24,0,0,6,10,4,2,0,1,4,0,0,0,9,0,0,0,0,0,0,0,0,0,0,0,0,0,0,0,1
051107,363,79,22,464,3,3,18,182,4,11,50,6,20,4,2,2,17,0,2,1,2,4,3,4,0,11,10,0,0,3,1,0,0,2,0,3,1,0,0,0,0,0
051108,360,119,30,509,3,3,34,126,5,5,16,5,31,104,2,4,6,2,1,1,2,1,0,2,0,1,3,0,1,3,0,0,0,0,1,1,1,1,0,0,0,1
051109,182,44,9,235,2,2,21,45,3,11,28,3,40,2,1,1,10,1,2,5,0,2,0,1,0,5,0,0,0,0,0,1,0,0,0,0,0,0,0,0,0,0
051110,278,93,21,392,3,3,39,121,3,7,28,3,26,2,0,3,12,4,5,0,2,6,2,5,0,2,0,1,0,2,1,2,1,0,0,1,0,0,0,0,0,0
051111,436,154,39,629,5,5,41,163,7,12,61,7,53,6,4,4,28,1,1,1,0,3,4,3,0,18,8,1,0,0,0,1,1,0,0,1,1,2,0,0,0,4
060101,117510,14639,8426,140575,593,593,19776,19877,7877,14186,12983,8140,7337,5172,4673,2059,1243,671,1128,1077,1607,1052,848,670,590,387,719,1339,693,432,550,847,214,240,183,105,228,139,64,111,0,293
060102,3302,788,418,4508,27,27,307,1653,46,74,407,79,111,27,34,29,88,14,58,23,39,34,27,23,48,34,41,10,12,17,3,11,6,4,3,7,8,16,3,0,0,6
060103,1936,872,366,3174,22,22,396,865,26,27,81,236,25,10,8,10,55,4,13,15,29,12,9,5,32,4,24,4,0,8,4,3,2,5,1,4,7,7,1,0,0,4
060104,1643,372,193,2208,13,13,118,1079,15,11,178,18,9,4,11,9,33,1,8,4,15,7,5,30,2,8,12,4,1,5,3,7,1,2,1,17,6,6,1,2,0,10
060105,15636,2988,1419,20043,93,93,2342,7893,240,310,1733,343,383,117,201,134,357,42,149,45,129,117,83,71,46,51,116,85,31,52,18,293,66,26,12,33,21,48,5,10,0,34
060106,6662,1853,1002,9517,45,45,1337,2315,182,207,683,253,278,73,115,100,215,16,133,96,85,55,47,34,38,50,65,26,22,87,16,51,11,8,5,10,14,15,4,1,0,15
060107,22650,4167,1922,28739,119,119,4769,6328,897,1236,2730,1198,908,518,784,293,327,70,243,97,414,291,213,95,93,100,137,201,54,114,49,169,41,35,24,37,31,64,12,12,0,66
060108,3211,606,279,4096,17,17,768,1030,108,66,357,143,112,33,68,60,73,9,60,11,43,33,23,8,18,25,27,14,8,10,2,68,2,5,2,2,9,3,1,3,0,7
060109,4730,957,463,6150,31,31,551,2375,62,130,490,104,190,42,57,48,145,8,57,29,64,37,72,29,15,21,54,27,11,32,3,14,6,4,5,13,8,9,4,6,0,8
060110,2027,498,273,2798,13,13,485,642,42,72,221,80,103,14,36,12,41,7,72,21,26,13,37,11,7,12,15,7,2,9,2,8,1,3,1,7,4,8,1,1,0,4
060111,5119,1343,348,6810,31,31,914,2411,68,105,635,106,117,120,69,29,89,15,61,11,49,38,28,15,12,20,37,19,10,24,6,40,9,10,3,8,3,19,9,4,0,6
060112,2530,660,313,3503,17,17,514,1086,33,53,294,79,83,22,33,24,58,12,31,16,22,21,12,7,17,9,29,15,2,12,2,14,2,2,2,5,4,6,1,3,0,5
060201,15136,3868,2182,21186,97,97,3428,4074,532,852,1598,601,725,351,425,175,356,58,204,143,199,162,129,77,260,71,193,110,18,55,32,40,13,56,24,22,30,40,16,24,0,43
060202,5430,2373,864,8667,63,63,958,2762,64,73,457,64,93,23,41,33,231,9,70,30,38,44,39,42,54,40,69,23,6,36,12,23,5,10,9,15,19,19,4,1,0,14
060203,4641,1638,671,6950,36,36,1050,2077,63,70,392,100,122,43,40,38,162,6,70,14,54,40,19,37,39,14,63,19,1,26,5,10,3,7,5,7,10,14,2,3,0,16
060205,2097,915,309,3321,24,24,750,600,20,28,200,30,30,9,8,13,80,5,57,9,53,17,16,14,44,10,21,8,1,20,1,5,6,5,3,7,2,12,2,3,0,8
060301,11339,2116,866,14321,71,71,1231,3871,365,763,1493,762,850,272,270,138,154,64,108,97,124,71,170,76,46,26,91,66,13,42,14,48,12,14,16,11,8,20,3,4,0,26
060302,2138,467,258,2863,25,25,101,1519,19,4,162,14,38,8,5,3,59,5,19,9,16,5,22,69,0,6,9,8,11,8,1,2,1,3,1,2,1,2,2,0,0,4
060303,823,238,64,1125,10,10,70,600,3,3,40,12,4,5,0,0,32,0,9,2,7,6,7,2,0,4,3,1,0,2,1,3,1,0,1,0,0,4,0,0,0,1
060304,4180,1008,281,5469,40,40,143,3088,37,14,323,41,61,11,18,11,118,13,46,3,24,15,78,10,5,2,30,6,1,9,3,21,1,4,2,9,2,23,2,1,0,5
060305,446,48,40,534,3,3,71,153,21,7,60,27,54,3,2,3,5,1,1,2,5,0,14,5,1,2,2,0,0,1,0,5,0,0,0,0,0,0,0,0,0,1
060306,1401,331,114,1846,9,9,185,543,61,60,163,52,112,25,27,14,31,7,15,7,15,20,10,3,0,3,10,9,2,1,1,3,2,2,0,4,7,2,1,1,0,3
060307,1344,334,91,1769,15,15,57,977,10,4,102,11,24,4,5,3,66,1,24,1,18,8,9,2,2,0,6,0,0,3,1,0,0,1,0,1,0,2,0,2,0,0
060308,2032,508,220,2760,19,19,155,1394,10,19,152,10,55,1,14,11,74,8,19,3,14,8,20,8,1,0,13,6,0,8,0,3,2,3,0,5,2,9,1,1,0,3
060309,3595,911,336,4842,33,33,458,2059,50,39,348,43,84,15,19,27,152,5,26,8,27,19,59,4,5,7,24,8,23,19,3,12,1,6,2,11,11,6,3,4,0,8
060310,2252,541,177,2970,17,17,240,1146,46,65,250,65,131,18,19,12,49,4,32,5,8,16,18,13,5,7,22,19,3,5,1,23,4,3,2,1,2,10,5,1,0,2
060311,573,139,49,761,6,6,69,229,14,8,70,32,38,7,3,9,14,2,12,1,9,4,20,2,0,1,6,6,0,3,0,5,0,0,1,2,0,0,0,0,0,6
060312,2662,602,233,3497,22,22,208,1804,34,14,198,9,63,6,7,7,145,3,18,3,24,18,31,11,4,5,11,3,5,6,2,2,1,2,1,6,4,4,2,1,0,0
060401,2621,758,314,3693,20,20,374,1023,57,127,226,52,141,48,22,12,75,16,43,135,39,13,16,32,38,16,27,19,9,12,6,10,2,7,2,3,5,4,3,0,0,7
060403,1517,241,135,1893,9,9,302,499,37,89,135,68,68,23,13,24,22,7,58,32,19,10,14,5,27,2,11,12,4,5,1,2,18,1,2,0,1,1,1,1,0,3
060404,1005,266,124,1395,8,8,164,559,25,5,38,5,4,1,7,6,59,1,40,14,2,9,4,14,19,2,10,2,0,3,0,1,1,2,0,3,2,1,1,0,0,1
060405,1395,313,121,1829,10,10,478,335,57,49,85,44,26,6,17,4,16,4,33,87,12,5,6,17,67,1,5,4,1,4,5,3,3,3,6,3,2,6,0,0,0,1
060406,616,125,29,770,5,5,217,224,13,13,27,19,6,1,5,5,8,3,11,13,8,6,2,0,12,3,5,1,0,2,1,3,0,2,0,1,1,1,1,0,0,2
060407,1044,167,73,1284,8,8,244,487,11,6,76,13,20,6,10,5,30,0,14,19,7,14,4,7,27,6,9,3,0,6,1,12,2,1,0,1,1,2,0,0,0,0
060408,3038,550,190,3778,18,18,787,646,150,135,308,164,88,33,50,28,64,18,66,171,48,31,23,21,74,5,30,17,11,19,8,5,6,3,3,5,10,2,1,1,0,7
060409,541,101,11,653,4,4,73,297,20,5,31,0,5,0,1,1,18,1,53,14,2,2,0,4,5,0,4,1,0,1,1,0,0,0,1,1,0,0,0,0,0,0
060501,24049,5729,2164,31942,148,148,3490,10520,738,1075,2991,381,1098,323,343,160,561,88,465,184,265,149,158,150,58,51,300,82,22,80,32,25,20,51,23,24,22,56,14,4,0,46
060502,2466,634,272,3372,28,28,270,1541,41,23,194,20,42,12,12,9,92,5,33,4,15,31,9,16,6,10,18,4,7,9,2,4,4,4,5,2,4,9,2,1,0,6
060503,846,185,60,1091,8,8,39,426,44,10,87,12,12,4,2,2,30,5,83,4,38,6,11,7,0,2,13,2,1,3,0,0,0,1,0,0,0,2,0,0,0,0
060504,1277,288,108,1673,13,13,160,532,64,11,145,29,75,6,5,7,21,6,29,7,20,15,80,4,3,7,17,10,2,4,1,2,1,0,0,3,1,6,0,1,0,3
060505,1543,263,129,1935,12,12,66,1111,23,7,144,4,29,2,5,8,42,0,27,1,11,8,6,6,3,1,10,2,6,5,0,1,1,2,0,3,3,4,0,0,0,2
060506,1885,315,71,2271,17,17,171,1018,75,17,210,29,51,6,6,9,48,6,34,6,30,3,80,8,1,12,16,4,3,11,1,0,1,7,2,5,2,9,0,0,0,4
060507,3474,680,281,4435,42,42,454,2135,73,33,216,45,67,14,8,6,129,6,35,32,12,27,9,19,15,19,35,26,7,11,12,0,3,1,1,3,9,4,4,0,0,4
060508,1909,298,135,2342,14,14,165,975,117,48,216,15,123,9,10,6,56,7,45,8,10,9,7,11,2,2,32,5,0,4,1,2,0,4,0,2,3,9,1,0,0,5
060509,843,176,59,1078,7,7,80,475,29,15,109,9,15,1,5,11,36,2,19,1,10,3,5,2,0,1,3,0,1,2,0,0,0,1,0,1,0,4,0,0,0,3
060510,1298,218,107,1623,10,10,77,812,37,30,114,11,47,3,7,6,35,7,22,11,4,8,16,8,1,3,19,0,3,5,1,0,1,0,1,3,3,3,0,0,0,0
060511,1003,204,69,1276,10,10,102,576,35,15,89,12,18,1,7,10,23,1,34,9,19,6,7,7,2,4,6,3,0,4,0,0,1,1,0,3,1,5,1,0,0,1
060512,2172,472,216,2860,16,16,207,1217,64,18,260,23,102,4,12,8,38,7,37,3,30,12,13,9,4,11,28,5,4,13,0,5,0,3,4,4,2,7,8,0,0,10
060513,2982,642,201,3825,23,23,455,1454,170,63,293,50,105,13,17,22,61,7,37,18,47,21,42,10,3,10,30,6,0,11,3,3,1,1,1,3,6,6,2,3,0,8
060514,3825,845,343,5013,29,29,614,1544,185,108,426,60,233,17,31,19,85,11,67,71,136,21,15,17,7,13,43,11,5,23,8,5,7,10,1,3,3,7,6,3,0,10
060515,529,116,34,679,4,4,84,207,23,12,37,12,35,3,6,8,29,5,4,4,3,1,19,5,1,3,2,0,2,4,2,6,0,7,0,0,0,3,1,0,0,1
060601,25239,4260,1837,31336,145,145,1892,12393,479,888,4181,280,1356,322,364,214,410,94,733,124,197,187,76,209,45,69,150,120,31,57,45,41,23,38,36,29,58,33,13,7,0,45
060602,1398,207,104,1709,11,11,70,853,11,14,257,5,46,3,6,6,38,0,42,1,2,8,7,5,0,2,6,2,0,2,1,0,0,1,1,5,3,0,0,0,0,1
060603,2450,450,236,3136,17,17,492,1226,52,55,178,35,53,17,25,10,89,8,36,31,15,17,10,22,6,8,15,6,2,7,1,4,3,2,0,5,6,5,1,0,0,8
060604,2715,412,224,3351,18,18,154,1881,27,26,304,7,52,10,15,9,53,2,67,4,12,28,3,12,0,7,13,5,0,9,2,0,0,2,0,2,3,3,2,0,0,1
060605,1788,253,91,2132,13,13,91,993,23,23,299,23,103,7,15,10,28,3,31,1,79,9,6,3,5,6,7,6,1,5,0,0,0,3,1,0,1,3,1,0,0,2
060606,2019,327,121,2467,13,13,83,1473,25,22,151,15,32,4,3,11,60,3,33,0,10,10,20,6,1,7,12,8,2,4,2,1,2,2,0,5,3,7,1,0,0,1
060607,563,105,39,707,7,7,31,400,8,5,60,1,13,0,1,1,12,0,4,2,12,3,0,2,0,0,2,0,0,0,0,0,0,1,0,0,1,1,1,0,0,2
060608,3037,920,332,4289,24,24,567,1676,89,44,195,20,57,5,19,14,112,8,38,18,31,17,8,19,4,8,20,11,6,23,1,4,0,3,1,3,4,4,4,0,0,4
060609,6049,1126,403,7578,39,39,658,3608,125,64,698,63,138,35,31,33,141,3,218,8,30,26,19,20,3,11,28,12,10,21,5,6,2,5,0,6,11,5,1,2,0,3
060610,2673,683,228,3584,19,19,559,1138,85,76,195,47,60,16,45,8,59,9,76,45,58,17,11,16,10,15,18,8,3,12,38,1,10,7,0,1,7,11,2,1,0,9
060611,918,287,59,1264,14,14,146,469,14,18,44,28,23,6,6,6,45,2,18,6,19,4,6,5,5,2,13,2,0,6,0,3,1,1,2,1,7,3,1,2,0,4
060612,2221,422,133,2776,16,16,137,1282,60,30,343,12,59,19,13,11,28,8,91,7,54,8,1,12,2,3,7,11,0,5,3,1,2,2,0,2,3,3,0,0,0,2
060613,532,99,39,670,5,5,20,331,2,1,51,5,10,1,5,1,7,1,13,0,2,2,4,2,1,0,4,60,0,1,0,0,0,1,0,0,2,5,0,0,0,0
060614,3236,737,210,4183,30,30,379,1865,81,65,220,70,127,19,17,7,124,5,76,11,21,17,16,14,8,3,24,10,1,11,3,6,3,6,0,6,3,7,1,1,0,9
060615,6746,1060,404,8210,45,45,336,4431,90,95,848,22,206,13,25,20,121,11,302,8,12,27,11,25,5,11,27,13,6,19,9,5,5,8,0,8,6,9,3,3,0,6
060616,507,80,30,617,4,4,88,201,12,8,29,10,3,6,4,4,12,2,57,6,39,2,2,1,1,1,3,1,1,1,0,0,1,1,0,1,5,1,4,0,0,0
060617,296,72,17,385,5,5,59,137,12,12,22,4,14,6,0,2,6,1,1,1,2,1,0,0,0,0,3,5,0,0,0,2,1,2,0,0,0,1,0,0,0,2
060618,960,119,42,1121,9,9,63,657,8,7,87,2,27,9,6,0,11,1,14,3,26,14,1,4,1,3,6,1,0,1,0,2,1,1,1,0,1,0,1,0,0,1
060619,5166,659,321,6146,31,31,170,3681,58,35,620,16,137,16,24,13,91,10,46,9,27,22,3,71,4,6,24,15,5,13,1,2,0,7,3,12,4,8,2,1,0,10
060701,31770,6728,3256,41754,204,204,1929,20920,282,541,2992,282,680,554,303,271,884,238,295,100,120,243,82,109,42,62,228,80,54,85,50,49,26,39,12,38,61,60,8,20,0,31
060702,1643,283,80,2006,12,12,98,875,48,24,266,23,70,14,14,10,58,4,23,1,9,2,4,40,4,5,5,6,4,8,3,8,0,3,0,2,1,5,1,2,0,3
060703,6718,1549,765,9032,48,48,417,4273,95,120,610,99,119,65,96,88,274,27,63,17,17,38,28,26,10,21,49,21,16,15,13,21,7,7,4,7,7,20,16,2,0,10
060801,53331,8452,3697,65480,297,297,8283,12192,2649,2924,7800,2365,4451,1329,1156,889,687,449,1312,353,504,600,1463,489,416,245,620,837,142,214,172,99,161,97,49,59,81,71,34,40,0,99
060802,7958,1569,739,10266,50,50,1044,3231,132,226,843,213,532,99,94,76,203,48,242,26,103,67,227,56,63,39,94,88,42,24,11,16,25,20,6,5,17,20,3,4,0,19
060803,4330,974,385,5689,37,37,683,2063,95,67,390,80,185,16,19,29,102,12,71,6,79,51,59,16,14,26,16,160,9,13,10,11,4,10,2,8,3,7,1,0,0,13
060804,4341,864,453,5658,31,31,835,2010,95,58,477,56,207,14,34,16,78,9,62,11,44,45,51,51,7,51,31,14,2,25,6,3,6,9,2,8,4,9,2,1,0,8
060805,3571,889,355,4815,29,29,305,1921,72,71,349,36,115,19,27,20,87,122,50,40,24,26,27,34,12,55,38,11,17,39,5,5,1,9,3,9,11,7,1,1,0,2
060806,3418,679,360,4457,23,23,367,1554,131,100,351,88,163,32,42,27,98,43,44,58,27,20,44,29,19,9,33,44,14,14,8,9,2,8,2,7,8,11,2,2,0,8
060807,2417,415,226,3058,22,22,70,1802,13,18,149,6,41,8,7,10,86,4,19,3,31,9,13,32,5,19,14,5,11,13,2,3,2,0,0,6,2,8,1,0,0,5
060808,2098,395,146,2639,15,15,237,1088,21,39,202,9,75,8,8,11,38,6,58,10,40,20,21,29,11,53,22,20,8,17,1,4,14,10,0,7,1,4,1,1,0,4
060809,3619,598,172,4389,25,25,391,2095,25,76,358,40,166,22,15,18,73,20,41,3,20,22,61,14,14,34,15,17,4,14,2,4,15,8,4,8,4,6,2,0,0,8
060810,5043,867,288,6198,33,33,655,2500,123,64,529,83,223,35,29,19,149,21,173,62,27,46,70,11,23,24,34,47,7,16,9,14,8,7,1,7,7,7,6,1,0,6
060811,3086,559,163,3808,18,18,423,1515,54,54,346,87,114,24,37,19,64,13,63,9,34,25,26,39,16,14,44,14,2,7,5,8,6,7,0,2,0,3,3,0,0,9
060812,3967,738,181,4886,27,27,347,2435,38,43,430,59,102,19,25,15,95,31,63,7,34,34,30,29,11,19,21,11,6,13,2,11,3,8,4,4,6,10,0,0,0,2
060901,3814,752,338,4904,25,25,641,1563,109,180,284,74,268,58,54,19,64,12,89,29,63,15,18,18,9,19,77,12,4,27,10,15,1,5,1,1,12,14,11,35,0,3
060902,3367,636,177,4180,27,27,351,2278,48,52,220,40,99,11,5,7,70,5,43,8,12,12,6,6,5,5,42,3,0,10,5,3,0,3,0,1,1,7,2,3,0,4
060903,1716,316,107,2139,12,12,271,1037,23,24,68,13,37,6,13,9,42,2,67,4,16,8,10,8,2,5,20,0,0,9,0,1,0,3,2,3,5,1,2,0,0,5
060904,1076,267,78,1421,10,10,205,525,37,12,67,17,42,6,4,6,37,2,31,5,12,8,1,5,4,2,19,1,6,3,0,1,1,1,1,4,1,0,1,4,0,5
060905,897,166,115,1178,10,10,118,420,56,8,82,21,39,5,8,3,22,1,51,1,13,5,2,5,0,5,10,2,2,5,0,0,1,1,0,2,2,2,2,1,0,2
060906,1589,283,136,2008,13,13,224,962,24,17,116,15,56,10,10,2,23,3,13,3,3,8,9,11,5,7,19,6,1,6,2,1,2,0,0,3,4,1,19,0,0,4
060907,238,38,10,286,2,2,36,113,7,3,18,3,23,0,5,4,1,1,9,1,0,2,2,0,0,0,4,1,0,0,0,0,0,1,0,0,2,1,0,1,0,0
060908,493,100,66,659,5,5,76,254,10,10,28,1,26,4,2,1,27,6,14,1,4,9,0,5,0,1,7,0,1,3,0,1,0,1,0,0,0,0,0,0,0,1
060909,1267,253,121,1641,10,10,157,776,27,16,115,13,16,2,4,6,15,1,22,2,15,7,2,8,4,0,11,0,9,24,0,1,0,0,0,0,3,9,1,0,0,1
060910,540,147,42,729,5,5,105,246,22,4,36,7,40,1,1,3,7,1,12,2,12,6,2,3,3,0,8,0,1,9,0,1,0,3,1,1,0,2,0,0,0,1
060911,836,119,46,1001,7,7,192,423,16,19,72,6,19,2,8,5,16,1,11,1,14,1,4,3,2,1,6,0,0,2,1,0,0,2,1,1,0,2,1,2,0,2
061001,5180,1303,535,7018,36,36,985,2296,96,178,350,99,206,49,77,49,133,6,61,33,92,42,50,20,25,61,82,30,3,13,36,29,12,6,2,8,5,18,11,2,0,15
061002,1905,409,267,2581,14,14,214,1152,19,16,200,10,27,5,5,6,65,4,11,10,22,12,13,16,7,5,25,5,2,6,2,6,0,6,1,3,3,4,17,0,0,6
061003,1145,263,109,1517,8,8,210,517,17,23,73,17,41,8,7,16,51,6,15,12,16,11,9,8,4,6,18,21,4,7,4,4,1,6,1,1,4,3,0,1,0,3
061004,2129,390,162,2681,16,16,365,1186,20,35,156,20,62,11,10,14,64,1,18,4,19,7,18,14,7,11,35,4,1,5,1,17,1,1,0,5,1,6,6,1,0,3
061005,666,202,29,897,5,5,150,262,17,13,70,38,16,6,10,3,14,0,13,5,4,8,5,2,10,1,5,0,0,2,2,1,0,3,0,1,1,1,0,0,0,3
061006,1260,334,102,1696,11,11,200,645,22,27,66,17,31,7,7,4,58,5,13,8,29,47,6,10,4,2,14,7,3,7,0,1,1,3,2,5,4,4,0,0,0,1
061007,1140,218,72,1430,8,8,290,550,21,19,93,21,11,6,5,8,18,1,17,9,10,8,2,5,5,1,14,2,1,6,0,2,1,1,2,1,1,1,0,0,0,8
061008,2073,387,175,2635,14,14,315,1079,28,44,239,36,39,8,25,9,59,1,13,9,13,27,17,13,2,6,30,2,1,9,5,4,6,7,0,1,6,5,11,2,0,2
061009,1217,290,52,1559,10,10,307,567,12,17,86,18,14,3,8,5,36,6,11,3,14,0,34,6,16,3,17,4,0,7,2,2,4,1,1,2,3,2,2,0,0,4
061010,1420,300,90,1810,11,11,430,599,16,18,96,27,31,10,9,9,35,6,22,9,9,19,3,5,21,0,5,5,3,3,2,8,0,2,0,4,4,7,0,1,0,2
061011,1520,258,67,1845,11,11,123,990,27,28,137,12,45,6,14,11,31,2,25,1,2,8,4,9,1,5,11,8,2,4,2,2,1,2,0,1,2,2,1,0,0,1
061012,1435,233,133,1801,11,11,122,920,24,24,132,12,41,11,4,4,28,4,13,4,12,14,3,16,4,6,15,2,4,3,0,0,3,2,2,1,2,2,0,0,0,1
061013,628,179,48,855,5,5,161,269,24,9,33,15,26,2,3,8,17,1,3,2,16,9,3,2,3,1,6,2,0,4,0,0,2,1,0,1,1,2,0,0,0,2
061101,16188,3706,1403,21297,101,101,1422,6708,572,710,2269,420,1181,256,232,187,311,105,220,84,210,163,139,106,84,116,190,140,40,54,53,16,17,42,13,25,14,24,10,8,0,47
061102,7256,1439,564,9259,45,45,598,3863,131,174,843,118,335,41,83,65,215,47,147,25,64,55,58,33,41,44,73,37,11,39,9,12,11,15,5,13,11,16,4,6,0,14
061103,8203,1735,569,10507,59,59,972,4331,163,110,1107,82,255,41,66,45,226,34,80,20,33,76,119,44,45,41,74,90,13,23,5,6,8,13,13,18,16,9,3,4,0,18
061104,3595,908,243,4746,28,28,271,2005,67,62,381,60,141,15,36,15,105,11,44,2,33,41,27,67,39,22,32,36,4,23,6,4,2,7,2,8,2,7,5,0,0,13
061105,9679,1970,704,12353,63,63,989,5108,132,270,921,165,335,54,115,63,641,50,75,17,104,67,85,57,41,60,63,57,15,39,10,10,33,17,5,29,13,14,4,4,0,17
061106,7227,1395,489,9111,56,56,971,3672,180,112,813,104,226,31,67,48,150,234,57,12,29,97,86,50,37,33,73,19,5,29,13,9,5,6,4,11,18,16,3,3,0,4
061107,7881,1424,498,9803,56,56,417,5500,76,119,694,41,183,38,38,22,207,31,57,7,36,40,61,58,43,40,52,12,0,17,5,9,11,6,3,15,13,17,6,0,0,7
061201,8839,1896,985,11720,56,56,1351,3492,282,472,825,309,303,146,212,81,198,56,172,43,166,53,49,99,41,22,87,28,7,168,21,45,6,15,4,15,20,15,3,2,0,31
061202,1028,230,133,1391,7,7,196,313,29,49,75,51,40,13,14,12,18,8,26,6,64,1,9,10,8,8,13,7,8,4,1,27,0,2,1,2,5,2,2,1,0,3
061203,2539,520,266,3325,22,22,314,1207,50,34,256,35,129,9,22,15,71,20,45,0,52,36,115,16,11,6,20,11,1,11,3,5,5,10,2,2,6,8,3,2,0,7
061204,1371,395,196,1962,12,12,304,593,24,25,127,30,21,10,7,6,32,4,29,3,20,12,39,7,12,2,11,7,6,5,1,4,3,0,3,8,1,8,1,0,0,6
061205,1387,265,141,1793,10,10,245,548,36,46,178,49,50,10,11,9,28,4,11,5,36,16,16,23,13,4,13,3,2,8,1,4,0,5,1,5,4,0,1,2,0,0
061206,4744,1300,467,6511,46,46,624,2960,51,31,230,114,44,17,29,22,140,7,118,3,50,32,35,32,21,25,37,7,21,30,1,19,3,5,2,7,7,7,4,1,0,8
061207,1239,413,211,1863,9,9,360,414,24,35,99,38,26,10,19,9,51,10,28,1,10,22,6,13,5,3,14,4,2,9,2,4,1,1,1,4,6,1,0,1,0,6
061301,6097,1083,463,7643,39,39,737,3476,91,192,522,117,115,51,70,32,134,17,107,10,53,51,37,39,22,18,60,15,2,23,11,15,12,8,6,7,10,14,4,6,0,13
061302,2271,396,115,2782,16,16,255,1459,10,48,203,27,34,5,9,10,59,5,31,2,7,14,15,14,14,4,9,0,1,5,3,7,0,4,1,2,4,2,2,2,0,4
061303,719,125,47,891,5,5,158,337,18,12,70,23,17,5,4,1,16,0,16,0,1,4,6,3,8,1,2,2,0,2,1,1,3,1,0,2,1,2,0,2,0,0
061304,2064,403,155,2622,14,14,244,1114,50,36,292,32,49,14,17,12,69,4,20,3,5,13,7,23,4,8,13,14,1,2,1,6,1,1,0,2,0,5,1,1,0,0
070101,68891,5830,3725,78446,334,334,5858,3406,7127,11322,7028,3505,11555,3941,2865,2278,542,1811,364,1163,488,893,422,683,128,276,354,555,251,236,223,263,104,178,175,64,118,54,120,50,0,491
070102,1671,399,176,2246,10,10,60,642,36,46,235,25,226,24,20,49,36,30,13,0,7,32,10,54,4,12,26,7,3,12,1,12,2,4,2,2,3,8,5,1,0,22
070103,5256,755,311,6322,27,27,379,901,146,448,797,221,764,190,195,247,69,160,47,20,62,91,43,92,11,40,56,57,13,38,12,13,5,16,18,12,14,8,25,6,0,40
070104,27886,2931,1451,32268,134,134,2282,3132,1930,3941,3552,1039,4670,1243,1178,1056,210,851,160,207,218,378,190,326,45,125,210,202,72,87,78,65,30,61,40,19,34,38,65,9,0,143
070105,54205,4872,3096,62173,261,261,4526,4323,3456,8075,6914,2511,9001,2848,2442,2142,386,1638,405,509,371,806,371,670,92,335,325,391,129,216,200,156,82,127,101,45,87,65,125,40,0,295
070106,51423,5597,3380,60400,259,259,4639,4101,2804,7028,6512,2810,8613,2431,2360,2098,559,1495,389,451,359,719,446,636,113,326,362,408,110,224,157,146,85,126,127,56,98,49,139,26,0,421
070107,4053,522,252,4827,20,20,258,874,115,344,750,132,577,104,177,148,32,103,22,15,25,78,47,54,8,36,34,25,6,20,6,9,3,8,5,3,4,5,7,1,0,18
070108,45821,2569,1888,50278,214,214,3914,1113,7328,8816,3476,2183,7432,3080,1645,1108,210,1173,187,1000,330,386,231,339,57,125,140,277,189,93,191,156,58,108,75,32,43,24,76,20,0,206
070201,2205,486,254,2945,14,14,94,578,39,105,392,33,444,38,52,46,18,36,9,20,8,38,42,122,1,9,20,9,1,10,7,2,2,2,3,4,0,10,0,0,0,11
070202,1411,182,82,1675,9,9,40,333,20,39,466,14,235,18,35,38,12,35,3,2,2,23,11,23,1,9,12,2,0,7,2,2,4,8,1,6,3,1,0,0,0,4
070203,1117,249,90,1456,8,8,61,330,21,72,184,32,150,12,23,40,21,17,6,5,8,19,6,51,1,7,10,1,1,9,0,1,0,4,2,7,2,4,1,1,0,8
070204,3782,611,281,4674,23,23,98,1323,54,137,931,32,483,41,73,94,49,56,19,13,19,54,43,67,9,37,31,8,4,26,7,4,3,9,0,15,10,9,9,3,0,12
070205,1317,279,110,1706,9,9,55,417,14,31,235,12,251,14,16,30,27,32,6,4,9,37,10,38,1,11,20,11,0,11,0,4,0,6,1,2,0,4,2,2,0,4
070206,1679,250,111,2040,12,12,68,574,14,36,423,43,197,23,30,41,26,50,5,4,5,23,6,30,4,18,13,3,1,10,1,5,1,4,1,5,2,3,3,1,0,6
070207,766,74,79,919,5,5,12,184,25,37,210,10,149,5,12,29,5,12,2,1,4,10,12,15,0,7,11,3,0,3,0,0,1,0,0,1,0,2,3,0,0,1
070301,10935,1950,1085,13970,61,61,595,2170,288,660,1709,325,2312,257,309,358,192,226,61,54,38,182,258,217,32,76,133,43,9,64,24,28,7,26,18,25,17,37,27,9,0,149
070302,2432,594,291,3317,17,17,78,702,53,96,443,44,486,30,24,33,50,24,26,6,14,20,94,37,5,20,21,6,4,13,1,7,3,3,7,5,4,6,6,0,0,61
070303,3136,795,290,4221,19,19,144,977,74,145,398,57,744,51,40,85,54,53,15,12,11,31,40,41,3,28,41,6,2,24,4,6,2,6,4,7,5,5,1,1,0,19
070304,4141,1160,490,5791,27,27,341,1256,146,153,669,102,528,76,60,80,101,46,39,25,14,81,77,66,5,30,49,11,19,24,18,24,2,12,5,9,12,20,9,4,0,28
070305,1810,381,188,2379,12,12,247,331,93,130,249,19,319,28,24,31,76,32,9,14,35,27,26,15,5,18,19,1,0,15,4,3,2,5,2,6,5,3,9,0,0,8
070306,2260,414,249,2923,13,13,145,432,64,154,377,52,537,44,39,73,34,62,26,8,3,17,24,26,4,19,26,9,1,11,9,6,3,5,4,4,4,2,2,0,0,34
070307,2324,401,218,2943,13,13,149,441,56,143,393,48,458,42,43,38,32,50,14,15,14,30,122,63,5,37,26,7,6,10,5,9,2,6,2,8,11,10,10,1,0,18
070308,1782,221,107,2110,9,9,166,171,78,323,243,64,350,45,49,60,13,51,12,13,6,14,19,30,2,9,10,7,3,8,3,3,2,2,3,2,5,2,6,0,0,8
070309,3696,983,380,5059,23,23,190,1230,59,109,613,62,585,35,68,80,75,44,20,5,16,41,89,77,5,19,36,7,1,19,3,54,2,15,3,20,11,15,10,5,0,73
070401,11496,1692,983,14171,64,64,609,2759,499,968,1739,282,2247,295,323,255,102,261,52,75,56,158,61,147,8,86,104,38,21,68,24,37,9,33,8,21,12,25,65,5,0,44
070402,2118,356,197,2671,13,13,116,602,85,135,338,42,356,30,55,71,22,70,12,5,16,16,8,30,5,6,18,6,2,22,6,1,2,2,5,4,5,9,3,2,0,11
070403,3039,558,348,3945,18,18,120,939,73,153,691,47,467,43,45,58,26,67,51,4,16,42,18,32,0,30,30,7,5,17,5,7,1,3,3,8,1,9,7,3,0,11
070404,2835,846,391,4072,23,23,76,1281,29,56,431,21,343,28,31,50,63,68,5,14,20,38,15,54,2,34,50,1,2,22,8,30,3,7,3,9,5,16,5,1,0,14
070405,5353,1060,698,7111,32,32,312,1449,185,323,1014,134,733,103,126,202,70,109,31,18,44,86,43,86,10,43,51,19,6,39,5,11,3,10,4,14,5,10,31,3,0,21
070406,3183,636,345,4164,19,19,224,1147,56,121,616,53,305,38,48,107,37,52,41,23,55,48,9,32,2,37,20,11,7,13,2,5,6,8,9,8,3,10,11,4,0,15
070407,2696,395,182,3273,14,14,204,804,62,121,533,57,360,34,54,82,33,58,20,7,23,39,9,44,2,12,25,4,2,16,6,5,1,5,11,11,7,8,24,1,0,12
070408,3547,835,312,4694,30,30,183,1408,39,91,560,38,474,48,60,87,47,62,10,8,11,40,25,113,7,40,33,8,2,22,2,38,6,7,4,16,5,13,17,0,0,23
070501,4356,578,366,5300,29,29,77,1414,47,132,896,48,534,64,89,108,64,419,24,17,7,76,28,94,6,50,48,14,4,29,2,3,2,4,5,11,5,17,3,4,0,11
070502,2614,384,237,3235,20,20,35,1258,22,50,539,4,278,10,30,53,50,61,6,6,9,17,9,50,0,33,22,6,1,12,2,4,3,5,3,6,3,7,14,0,0,6
070503,2780,318,219,3317,16,16,63,1213,34,78,630,13,263,19,41,68,52,79,5,8,3,31,10,66,0,19,23,9,1,11,3,6,0,3,2,8,3,4,8,0,0,4
070504,1542,195,120,1857,9,9,35,541,25,57,273,16,236,14,32,42,20,84,3,2,2,52,11,31,1,17,10,7,1,9,1,3,1,1,1,0,0,2,4,1,0,7
070505,2946,378,248,3572,18,18,56,1275,23,83,644,22,252,17,47,90,65,77,3,4,5,50,15,67,2,31,33,10,1,22,2,7,3,3,2,3,4,11,2,1,0,14
070506,1016,152,85,1253,6,6,27,232,13,37,252,8,196,10,11,35,13,57,3,3,1,17,9,56,0,10,9,4,0,3,0,2,1,3,0,0,0,1,2,1,0,0
070507,1368,245,116,1729,10,10,19,569,6,31,307,2,121,8,10,17,25,87,6,4,25,23,9,41,1,11,13,0,0,6,3,1,1,3,0,4,3,6,3,1,0,2
070508,1440,225,101,1766,10,10,23,660,8,27,237,14,152,7,22,31,21,66,3,2,2,14,12,32,4,26,16,2,0,3,1,27,0,5,2,5,3,8,1,1,0,3
070601,31303,3364,1508,36175,161,161,984,6666,789,3178,6175,607,4850,857,1161,1321,403,1053,92,140,112,480,190,616,42,272,306,164,36,184,49,61,29,77,51,44,75,39,56,24,0,120
070602,2604,389,267,3260,15,15,76,836,41,120,558,33,359,47,67,58,50,57,10,5,4,36,22,52,3,26,36,14,0,21,3,15,7,7,4,6,7,10,3,1,0,10
070603,2748,401,190,3339,16,16,63,938,30,118,633,23,418,24,57,69,46,44,11,11,18,40,18,50,1,21,30,7,6,16,1,4,1,9,6,6,3,9,5,3,0,9
070604,5823,791,463,7077,32,32,119,1747,68,297,1367,66,737,79,149,241,113,200,18,13,9,78,22,125,9,67,118,19,5,26,6,18,4,16,8,17,8,14,9,2,0,29
070605,3557,658,275,4490,23,23,88,1631,40,132,667,20,272,29,44,129,71,44,5,3,14,47,37,53,1,47,60,13,4,26,4,10,1,6,3,13,10,9,5,0,0,19
070606,2885,384,169,3438,16,16,73,976,43,151,648,28,357,37,40,111,44,59,12,8,15,35,30,57,7,47,28,10,2,17,1,5,4,7,3,1,9,5,2,4,0,9
070607,1921,172,117,2210,10,10,55,460,26,103,484,30,350,30,49,60,26,44,8,4,3,28,6,43,9,24,32,3,2,12,1,2,0,7,3,6,4,0,0,1,0,6
070608,3167,352,163,3682,17,17,81,1091,31,163,619,30,521,38,64,89,44,69,7,5,3,38,23,54,2,38,52,15,2,10,0,19,5,7,3,8,6,12,2,3,0,13
070701,8506,1869,857,11232,60,60,106,3920,67,315,1394,68,641,66,128,203,156,113,14,27,22,83,65,634,7,93,180,13,5,24,6,24,4,11,4,21,7,44,12,0,0,29
070702,2213,577,270,3060,17,17,61,779,34,80,379,18,214,19,12,52,28,21,3,10,4,22,11,148,0,7,144,2,1,17,2,66,2,3,0,6,4,44,11,1,0,8
070703,5178,1010,364,6552,33,33,104,2984,32,100,655,26,235,40,58,111,99,31,8,7,11,64,36,346,4,40,69,4,2,24,2,13,0,11,3,3,7,17,8,1,0,23
070704,3406,615,345,4366,26,26,42,1414,51,82,667,18,314,18,33,61,60,57,5,10,9,38,20,302,2,44,82,0,2,10,2,9,2,5,2,7,8,13,3,1,0,13
070705,5308,1306,559,7173,39,39,76,1914,32,155,1110,22,478,22,56,164,151,76,14,11,9,65,56,693,6,32,41,7,6,16,3,13,5,9,6,10,7,11,6,5,0,21
070706,3006,497,284,3787,22,22,28,1718,13,54,443,8,126,14,27,78,50,32,4,1,9,32,35,205,1,15,43,4,2,9,3,6,0,2,2,8,7,16,5,0,0,6
070707,1867,407,190,2464,13,13,39,898,8,18,335,7,79,3,10,31,30,8,1,2,4,23,15,274,0,13,26,1,1,5,1,1,0,3,1,3,4,13,1,0,0,9
070708,3992,656,327,4975,26,26,71,1690,40,121,843,17,290,20,27,80,81,30,2,12,7,19,87,355,4,39,52,5,4,21,1,15,2,5,6,13,6,10,4,1,0,12
070801,17735,2113,983,20831,94,94,626,4022,411,1607,4266,332,1902,444,821,918,186,420,51,91,45,297,103,340,23,202,142,105,12,54,25,47,20,29,23,37,15,20,8,2,0,89
070802,680,79,67,826,4,4,23,181,6,42,194,5,40,14,22,26,8,26,3,1,1,7,3,20,2,14,10,4,4,1,2,1,0,2,2,5,2,1,2,0,0,6
070803,8757,1443,552,10752,53,53,191,3409,110,328,2330,60,561,89,202,308,146,100,31,17,27,128,56,227,11,94,76,25,4,49,8,29,7,12,11,29,10,20,10,7,0,35
070804,1024,162,78,1264,6,6,24,358,24,54,256,11,67,3,18,30,16,28,7,1,3,9,7,38,3,9,16,7,1,5,2,4,2,2,2,5,1,5,1,0,0,5
070805,4092,630,342,5064,23,23,100,1446,78,201,1158,35,286,33,102,164,53,55,9,9,12,59,10,79,4,54,45,16,3,21,3,5,0,8,3,9,3,6,1,0,0,22
070806,2763,397,236,3396,16,16,71,1080,30,94,707,24,209,29,61,82,31,43,14,12,9,49,9,55,3,27,58,6,1,13,2,9,1,7,2,5,3,8,2,1,0,6
070807,1502,301,127,1930,10,10,25,602,18,36,373,24,79,16,37,50,22,27,8,2,7,22,13,44,2,32,18,5,0,9,0,2,3,4,0,7,4,7,1,0,0,3
070808,1913,273,138,2324,11,11,45,720,24,80,484,18,125,15,37,77,19,29,14,4,5,20,8,78,1,20,31,7,1,7,5,8,1,4,0,8,1,4,2,1,0,10
070901,18806,2749,1118,22673,108,108,1715,3405,1015,1107,2551,725,3653,521,622,429,257,678,119,206,128,212,194,283,38,111,175,112,26,85,38,43,13,66,20,25,21,14,58,12,0,129
070902,12110,2427,906,15443,102,102,1016,3961,336,319,1833,251,1987,164,201,205,161,308,76,45,70,165,88,195,20,129,161,24,10,77,29,9,11,31,15,38,26,26,35,4,0,84
070903,2799,528,220,3547,18,18,267,577,134,139,410,59,537,60,40,62,37,117,17,21,25,37,27,78,12,22,35,8,1,21,4,0,3,3,7,2,15,2,4,1,0,15
070904,3495,524,217,4236,21,21,280,727,101,125,564,85,740,56,84,67,45,180,26,17,31,22,23,72,9,20,51,12,5,33,8,6,2,9,4,4,4,6,32,2,0,43
070905,2110,368,133,2611,18,18,79,900,41,99,325,11,221,19,17,35,32,50,40,6,9,45,6,40,0,24,28,1,1,16,3,0,1,5,0,11,5,11,23,0,0,6
070906,3522,634,274,4430,24,24,304,985,69,134,539,58,675,59,68,68,48,60,20,8,43,74,23,49,8,40,36,5,6,37,7,9,2,10,2,7,12,4,17,1,0,35
070907,4019,767,291,5077,37,37,166,1640,47,104,768,39,585,26,31,44,58,93,42,9,8,60,21,63,2,22,44,14,4,25,1,5,4,6,8,15,6,17,11,2,0,29
070908,5627,1216,461,7304,43,43,447,2199,93,149,1001,91,626,57,73,73,68,122,35,15,16,42,28,129,6,56,57,17,6,45,8,6,6,16,1,22,8,13,64,4,0,28
070909,6817,1264,493,8574,45,45,623,2479,149,159,1565,79,718,43,77,101,66,105,32,12,15,68,27,71,8,108,73,10,4,21,12,10,7,14,4,13,12,13,18,1,0,100
070910,13071,2265,686,16022,84,84,886,5361,182,315,3212,186,1030,98,176,241,108,183,56,11,37,140,50,80,20,313,72,18,14,46,20,13,6,15,9,21,26,12,8,2,0,104
070911,1788,394,112,2294,16,16,78,1025,14,18,299,8,39,4,6,12,29,10,9,1,11,17,4,23,1,109,21,1,0,17,3,1,1,3,1,2,0,5,5,1,0,10
070912,1064,229,100,1393,8,8,89,480,15,14,183,8,115,6,7,3,7,8,35,0,0,11,3,4,2,18,31,3,1,2,0,0,0,0,0,1,0,2,6,0,0,10
070913,1226,244,115,1585,9,9,88,386,63,20,236,6,253,4,6,10,22,23,19,0,7,14,0,7,2,28,9,0,0,6,0,1,1,1,0,2,1,2,0,1,0,8
070915,2969,1297,307,4573,41,41,341,964,29,22,231,40,685,18,16,24,77,31,36,1,31,59,29,98,5,26,78,0,1,41,9,9,1,8,4,8,13,10,8,2,0,14
070916,2469,654,243,3366,20,20,138,1194,39,34,280,29,301,11,18,19,38,36,11,2,3,28,21,105,1,41,34,3,1,16,4,2,2,9,0,8,5,6,10,1,0,19
070917,1152,203,125,1480,8,8,89,344,14,11,284,6,122,5,6,15,8,17,3,1,151,13,5,4,0,25,3,1,1,3,0,0,3,0,1,2,3,0,0,0,0,12
070918,1631,368,215,2214,12,12,84,542,28,16,410,18,227,8,11,17,10,21,6,3,38,16,6,14,2,58,5,1,2,3,0,1,1,6,1,4,2,3,0,0,0,67
070919,2719,505,143,3367,18,18,127,1494,19,37,455,24,167,7,21,46,36,60,24,0,9,17,7,23,6,76,16,2,1,4,5,4,0,2,8,1,7,2,6,1,0,5
071001,1830,279,164,2273,11,11,100,412,43,73,298,31,447,34,32,55,16,55,10,17,34,26,7,61,5,7,16,3,3,11,2,2,0,6,3,2,1,3,4,0,0,11
071002,1532,434,156,2122,12,12,58,444,53,54,215,26,272,20,25,29,16,18,1,7,47,15,4,130,1,28,21,5,1,6,1,3,3,4,1,1,4,5,0,0,0,14
071003,1293,549,210,2052,14,14,64,352,15,18,153,20,424,8,9,28,20,13,8,8,12,21,14,27,2,14,26,2,0,6,0,1,1,2,2,2,1,8,4,0,0,8
071004,591,139,52,782,5,5,52,85,9,16,50,9,221,5,4,14,9,10,0,7,13,6,2,49,2,1,6,2,1,2,2,1,1,2,0,2,0,3,0,0,0,5
071005,2880,717,280,3877,20,20,106,1015,47,90,706,35,321,26,18,65,55,38,21,9,21,49,12,48,2,8,45,9,1,31,6,11,2,11,2,7,8,10,11,2,0,32
071006,1925,725,238,2888,19,19,39,955,19,19,242,13,269,4,10,27,40,12,7,0,24,19,11,88,3,15,17,0,3,20,0,4,1,3,2,15,6,12,3,1,0,22
071007,1841,334,176,2351,10,10,60,621,40,76,294,27,375,18,18,61,27,34,4,5,6,26,7,47,7,19,8,7,0,6,3,2,2,1,5,5,1,8,3,0,0,18
071008,1128,300,171,1599,9,9,72,334,15,50,137,17,224,19,17,24,21,39,11,4,11,15,6,26,1,7,16,6,2,9,1,5,7,2,1,7,4,3,7,0,0,8
071009,677,127,49,853,5,5,99,135,25,23,98,21,136,6,5,10,9,16,2,2,3,17,3,28,1,2,4,0,2,5,1,0,0,1,1,4,2,6,3,1,0,6
071101,5885,1349,700,7934,37,37,186,2514,57,172,1092,77,500,72,110,146,83,117,30,18,52,96,33,122,5,58,78,11,3,37,8,66,4,24,10,25,12,14,16,0,0,37
071102,1766,325,147,2238,10,10,67,656,26,61,357,27,168,17,49,53,26,44,7,12,6,39,7,54,0,15,15,3,3,7,1,8,2,5,7,6,6,4,1,1,0,6
071103,4848,853,559,6260,29,29,197,2451,52,94,980,46,255,36,61,90,60,49,24,4,19,68,20,76,3,47,47,19,3,24,4,34,3,3,3,18,5,11,20,1,0,21
071104,3992,881,421,5294,29,29,100,2301,27,58,560,18,222,26,35,69,81,42,14,7,70,45,33,78,2,27,44,9,3,22,3,23,3,5,3,11,4,17,11,3,0,16
071105,2796,675,225,3696,18,18,131,1274,33,53,427,54,168,42,56,62,57,38,16,8,14,22,9,134,5,33,28,5,4,25,11,12,4,7,5,12,7,6,6,1,0,27
071106,3622,597,249,4468,20,20,130,1540,49,73,746,49,275,36,64,88,70,63,24,13,18,56,27,89,2,38,44,11,4,39,3,12,3,6,1,7,11,6,10,0,0,15
071201,6985,1143,569,8697,41,41,399,1871,209,404,1130,190,1067,171,208,281,96,141,70,58,30,128,38,93,5,65,74,42,11,40,13,15,11,15,9,23,21,13,15,1,0,28
071202,3444,443,233,4120,19,19,206,788,113,210,564,89,718,65,114,111,52,82,32,10,13,54,27,45,7,22,14,14,3,21,6,3,3,7,4,5,26,4,5,0,0,7
071203,1329,249,87,1665,9,9,139,424,14,45,180,43,130,17,37,50,41,47,7,3,7,26,5,25,5,32,24,8,1,4,1,1,2,4,0,1,2,0,1,1,0,2
071204,1625,292,131,2048,10,10,36,1089,20,29,169,10,62,10,32,22,37,21,7,1,3,12,5,10,4,3,9,1,0,12,1,0,2,2,1,2,2,5,1,0,0,5
071205,5527,1042,550,7119,35,35,256,2638,86,119,1034,32,258,56,70,99,86,60,32,17,20,89,29,88,1,31,43,202,48,32,5,6,9,7,8,12,6,21,5,2,0,20
071206,2557,373,202,3132,15,15,75,917,42,91,554,40,349,47,41,86,35,35,9,6,13,38,18,41,3,27,26,7,0,17,0,3,1,8,2,4,4,6,3,0,0,9
071207,2345,369,186,2900,13,13,145,630,76,140,343,57,422,39,44,114,33,53,26,3,16,31,15,62,4,12,26,3,0,9,2,5,3,2,1,7,2,4,0,1,0,15
071208,2552,345,203,3100,13,13,198,489,95,153,420,71,476,62,79,73,50,45,52,14,15,53,14,39,6,18,29,21,5,12,4,6,3,11,8,6,8,5,4,1,0,7
071209,2119,402,204,2725,15,15,93,1106,25,56,259,12,106,12,33,59,65,28,9,10,2,30,13,95,0,17,17,8,1,23,2,5,1,7,2,4,1,3,2,0,0,13
071210,8735,1255,458,10448,48,48,143,5674,62,104,1394,37,306,40,118,142,114,91,28,7,15,108,31,93,3,55,36,12,7,25,7,11,2,5,4,17,9,15,4,7,0,9
071211,5626,757,351,6734,29,29,432,1004,190,438,939,162,1126,121,183,194,66,189,36,37,47,105,34,73,5,34,43,16,5,31,16,6,6,15,8,10,10,11,17,4,0,13
071212,4970,996,560,6526,30,30,130,2169,61,164,899,35,646,57,86,102,65,74,26,13,15,67,38,57,8,53,47,17,4,42,3,6,2,13,7,18,13,10,5,3,0,15
071301,12575,1822,976,15373,68,68,765,1806,706,1426,1750,520,2421,472,393,446,163,281,59,77,171,212,99,145,21,94,124,75,33,56,19,21,14,35,20,17,10,12,29,13,0,70
071302,7235,1103,637,8975,36,36,361,1509,176,439,1367,193,1368,129,205,269,129,208,44,18,26,148,48,107,11,49,107,61,10,36,12,19,10,24,14,10,11,26,28,10,0,53
071303,3211,510,240,3961,18,18,246,590,109,219,554,126,595,75,87,119,44,82,17,19,19,20,24,56,1,15,35,18,2,24,10,9,3,14,3,11,3,5,11,3,0,43
071304,4963,514,274,5751,31,31,288,446,236,672,842,223,1108,225,139,139,73,178,26,30,23,55,31,49,9,27,23,25,4,12,7,6,2,11,5,2,3,2,13,3,0,26
071305,3967,890,306,5163,24,24,216,1038,90,140,605,87,842,42,58,142,111,90,25,6,35,59,28,93,5,27,49,19,8,24,4,3,6,14,9,11,3,10,24,4,0,40
071306,5423,1183,728,7334,32,32,274,1334,179,348,967,136,827,128,117,167,121,192,25,35,45,67,53,90,9,37,75,32,5,26,10,15,5,24,5,12,6,11,14,2,0,30
071307,1895,248,137,2280,10,10,124,180,96,190,216,73,559,82,54,70,14,56,10,16,18,22,13,29,2,2,18,8,4,12,3,0,0,4,3,2,0,2,6,1,0,6
080101,20605,2166,1118,23889,110,110,1047,4696,667,1588,3205,633,3574,531,681,612,431,804,146,77,42,191,181,273,34,218,300,114,35,144,63,21,25,60,51,20,28,18,11,6,0,78
080102,1103,127,70,1300,10,10,140,452,18,14,156,19,85,8,5,21,27,20,5,3,1,10,5,9,1,31,24,11,5,7,3,0,2,2,8,2,3,1,0,1,0,4
080103,8846,1721,691,11258,72,72,347,4377,132,102,965,58,1078,42,87,88,335,175,76,5,17,97,54,62,15,372,115,11,8,37,5,8,4,24,19,24,12,23,15,3,0,54
080104,414,81,44,539,3,3,28,143,7,22,56,19,42,5,5,12,12,5,17,0,1,0,7,4,0,11,6,1,1,2,0,0,0,0,2,2,1,1,1,0,0,1
080105,869,153,52,1074,7,7,100,310,12,21,121,17,95,7,12,23,22,4,13,6,1,6,6,8,0,21,14,0,0,4,3,1,1,7,0,1,1,1,15,1,0,15
080106,1009,264,84,1357,7,7,56,445,8,18,146,9,46,9,16,6,100,14,8,0,0,34,6,12,1,31,12,1,0,7,1,4,0,5,4,4,3,2,0,0,0,1
080108,370,59,22,451,3,3,25,128,2,6,53,8,33,7,10,9,24,3,17,1,1,6,0,4,0,4,15,0,1,5,1,0,0,1,0,1,0,1,1,0,0,3
080109,661,63,37,761,4,4,130,129,30,25,63,33,104,16,12,27,4,10,2,4,1,3,4,5,0,12,38,2,1,0,1,1,0,0,2,1,0,0,0,0,0,1
080110,405,44,31,480,3,3,15,167,5,10,54,3,13,2,3,5,70,5,10,1,2,0,3,1,0,14,13,0,0,6,1,0,0,1,1,0,0,0,0,0,0,0
080111,375,81,29,485,3,3,31,140,2,13,72,4,21,4,5,5,18,6,3,1,1,3,3,1,1,14,18,0,0,3,0,0,2,0,1,0,0,0,0,1,0,2
080112,449,74,25,548,3,3,47,173,22,8,66,10,28,1,12,6,34,14,6,3,1,4,2,3,0,3,3,1,0,0,0,0,0,1,1,0,0,0,0,0,0,0
080113,465,95,51,611,4,4,59,135,8,24,48,16,66,6,3,24,19,4,1,0,1,6,5,3,0,6,5,4,4,5,4,0,0,1,2,0,1,1,1,0,0,3
080114,1003,165,60,1228,9,9,31,575,11,13,147,3,43,5,13,15,29,16,3,0,1,10,7,7,5,24,24,3,0,2,0,2,1,2,3,1,1,5,0,0,0,1
080115,1426,242,72,1740,10,10,73,652,22,35,235,9,112,7,23,27,35,31,5,2,0,15,2,35,1,57,17,2,3,9,1,0,1,3,2,3,1,1,0,0,0,5
080116,574,86,26,686,4,4,62,124,12,21,44,26,141,15,20,14,30,9,6,2,2,4,4,2,3,4,8,3,1,4,0,0,0,1,2,3,2,1,2,0,0,2
080117,853,208,140,1201,8,8,77,337,14,11,127,19,76,2,6,25,26,14,17,0,5,3,9,11,5,10,19,3,2,9,3,1,0,3,4,1,3,2,1,2,0,6
080118,10046,1940,768,12754,67,67,389,5751,188,115,1189,320,547,36,98,94,426,130,54,9,15,44,58,69,8,154,146,11,5,46,16,8,3,16,16,14,18,11,8,3,0,31
080119,6981,692,349,8022,36,36,341,1652,172,533,1099,204,1194,166,246,173,201,291,32,10,15,79,72,115,9,75,93,40,10,33,18,9,7,19,29,7,6,5,2,2,0,22
080120,2910,580,220,3710,21,21,138,1561,50,56,389,36,149,18,31,35,98,44,25,3,0,33,11,42,3,74,42,2,2,18,7,2,3,10,6,4,3,4,4,0,0,7
080201,4171,627,307,5105,29,29,246,1929,105,127,639,56,515,28,31,34,54,61,18,8,7,41,36,35,0,78,38,13,3,18,4,5,0,8,7,3,4,9,2,0,0,9
080202,1903,468,171,2542,20,20,112,1101,23,9,230,13,127,7,10,5,54,6,11,3,2,11,18,16,6,36,27,1,0,8,1,5,0,3,2,8,6,11,3,2,0,26
080203,1765,309,107,2181,13,13,96,1166,9,5,202,12,73,9,7,7,56,8,2,0,0,4,6,8,0,56,12,1,2,7,1,1,1,3,1,5,0,2,1,1,0,1
080204,1126,186,58,1370,9,9,103,567,21,27,142,10,102,4,4,3,28,10,10,1,2,7,4,12,0,22,12,0,0,9,1,1,1,6,2,5,2,2,1,0,0,5
080205,991,162,46,1199,7,7,114,430,15,22,111,3,142,6,10,10,29,6,2,1,1,5,7,17,1,16,17,3,3,10,0,1,1,1,0,2,2,1,0,1,0,1
080206,4795,792,305,5892,34,34,252,2693,119,59,698,34,213,19,44,38,191,34,14,5,2,75,40,26,15,54,57,3,8,17,3,3,2,5,3,4,12,7,1,1,0,44
080207,1499,256,135,1890,11,11,113,767,45,21,189,9,112,10,18,24,36,19,6,3,4,14,21,13,0,19,20,6,2,7,5,2,1,1,4,3,2,1,0,0,0,2
080208,2104,499,184,2787,20,20,111,1196,32,18,210,9,124,7,10,19,160,15,12,2,0,15,22,13,2,35,18,3,0,4,1,2,1,3,0,6,5,6,0,0,0,43
080301,9777,2372,926,13075,69,69,568,4251,303,243,1404,103,943,158,219,132,496,77,44,18,19,126,77,61,9,150,149,17,7,43,17,12,4,18,12,18,13,21,8,3,0,34
080302,3100,709,199,4008,24,24,70,1948,43,25,414,13,130,11,16,16,107,11,4,4,3,24,37,18,0,99,42,2,1,12,5,2,0,4,4,16,2,7,1,2,0,7
080303,400,51,42,493,3,3,20,167,6,14,68,1,54,2,6,3,28,4,3,1,1,4,1,3,0,3,2,0,0,4,0,1,0,0,0,1,2,0,1,0,0,0
080304,1543,346,134,2023,14,14,56,782,27,11,270,9,118,7,17,15,72,17,6,1,2,10,5,20,1,40,22,2,0,8,0,1,1,5,1,3,4,3,1,0,0,6
080305,578,144,43,765,5,5,90,200,11,20,58,6,72,7,5,5,22,10,4,0,1,10,4,11,0,10,17,1,0,4,1,1,0,3,0,1,0,2,0,0,0,2
080306,640,149,52,841,5,5,19,344,8,11,98,3,44,5,6,3,34,0,7,0,1,4,7,4,1,13,13,0,0,3,0,1,0,4,1,2,3,0,0,1,0,0
080307,598,183,32,813,5,5,16,332,15,6,87,2,41,3,2,8,17,4,6,2,3,3,8,6,1,11,6,1,0,4,1,1,1,3,1,1,2,2,0,0,0,2
080308,618,101,25,744,4,4,26,200,23,24,116,5,107,13,3,6,37,2,2,0,1,7,4,5,1,15,7,1,0,1,1,1,0,2,1,1,1,3,0,0,0,2
080309,634,81,30,745,5,5,36,232,8,26,91,12,113,2,6,12,22,14,6,1,3,6,4,7,0,12,6,2,0,2,0,2,0,0,2,2,1,1,1,0,0,2
080310,744,119,52,915,6,6,80,368,10,19,111,4,61,6,4,9,10,2,4,0,1,4,5,4,0,18,8,0,2,4,0,1,0,2,2,0,0,1,1,1,0,2
080311,1348,194,75,1617,10,10,53,794,7,12,200,10,107,4,11,10,44,7,6,1,1,6,3,15,1,26,9,2,0,4,0,0,1,0,1,4,3,2,0,0,0,4
080312,1711,314,132,2157,11,11,53,914,19,22,271,14,64,11,19,26,112,10,7,2,0,34,7,15,2,62,17,1,1,7,1,1,0,4,1,3,2,4,3,0,0,2
080401,1154,281,96,1531,9,9,174,448,50,24,127,22,144,12,11,9,25,5,11,9,7,9,7,5,1,13,17,1,2,3,0,3,0,3,0,1,0,3,0,2,0,6
080402,547,140,32,719,5,5,149,130,29,11,61,9,60,7,3,5,7,4,4,8,3,1,5,9,1,10,6,3,1,4,2,0,0,4,3,1,0,1,1,2,0,3
080403,619,109,48,776,7,7,45,330,10,0,97,8,34,6,5,7,16,4,0,5,2,2,8,5,0,6,11,1,1,6,1,0,1,0,4,0,0,1,1,0,0,2
080405,583,117,19,719,5,5,103,267,10,10,58,24,33,5,1,4,12,4,2,1,1,2,0,5,1,6,9,2,0,4,2,2,0,3,1,1,0,3,7,0,0,0
080406,424,51,16,491,4,4,77,121,7,3,69,2,90,2,2,5,11,0,1,1,2,4,2,1,0,9,4,0,3,0,0,1,0,0,0,4,1,1,0,0,0,1
080408,362,85,25,472,4,4,45,145,10,11,54,3,32,5,4,2,25,2,0,3,1,3,2,3,0,3,5,0,0,1,0,0,0,0,1,2,0,0,0,0,0,0
080409,785,149,43,977,7,7,120,220,22,24,83,31,109,11,7,15,30,6,5,2,6,12,10,19,0,16,11,1,4,4,2,2,0,4,1,2,0,2,1,0,0,3
080410,344,53,8,405,3,3,114,85,4,7,56,12,18,2,2,1,12,4,1,6,0,0,0,1,0,4,2,0,0,2,1,0,0,2,0,0,2,2,1,1,0,2
080414,512,83,29,624,5,5,107,152,14,16,84,12,37,4,4,6,11,7,1,0,1,1,2,3,0,20,10,1,1,0,0,2,0,5,2,2,1,2,0,1,0,3
080422,600,115,28,743,4,4,165,172,5,22,58,30,42,8,22,7,16,7,4,3,3,4,2,6,0,2,8,1,0,3,0,1,1,2,1,0,2,1,0,0,0,2
080427,451,59,15,525,4,4,197,77,39,19,44,15,20,1,3,4,3,0,1,2,0,3,1,3,1,5,1,1,0,2,2,1,0,1,2,1,0,0,0,0,0,2
080428,1001,176,76,1253,7,7,216,252,43,52,149,36,120,12,15,5,13,8,1,2,3,10,3,16,0,11,8,2,4,3,2,1,0,2,3,4,0,0,1,0,0,4
080429,580,122,56,758,5,5,40,245,4,14,73,5,51,8,4,19,19,25,2,1,0,3,6,22,0,9,12,1,0,4,1,2,2,1,2,3,0,0,0,0,0,2
080501,4234,719,233,5186,28,28,281,1385,215,378,567,123,459,81,137,89,70,37,77,14,15,53,16,25,7,65,50,14,5,20,8,3,0,13,7,4,2,1,3,2,0,8
080502,2131,416,114,2661,13,13,171,940,28,34,314,38,206,12,25,32,79,8,18,2,3,12,10,13,3,52,52,6,6,10,5,2,5,6,16,5,6,3,2,0,0,7
080503,2403,400,130,2933,15,15,139,1106,49,132,374,41,159,17,53,29,52,23,36,4,5,25,19,12,3,45,23,6,0,15,3,2,2,1,5,7,4,3,0,0,0,9
080504,2510,396,148,3054,16,16,107,1408,41,77,324,18,174,18,43,27,38,26,32,3,3,14,6,7,1,51,35,2,1,9,0,1,0,4,3,6,2,1,1,1,0,26
080506,5278,1219,343,6840,41,41,185,3441,58,80,515,42,272,21,30,31,112,35,20,10,9,37,23,15,4,187,42,5,4,17,4,6,1,9,11,13,5,11,0,2,0,21
080509,5001,892,275,6168,30,30,285,2333,111,260,644,86,365,44,118,64,97,31,88,7,18,69,42,31,6,130,54,14,9,30,5,4,0,9,2,6,7,8,2,3,0,19
080511,838,276,64,1178,8,8,140,309,19,21,130,10,29,6,6,15,41,7,6,1,1,10,8,9,2,8,10,2,1,7,2,2,2,6,3,0,1,4,0,1,0,19
080512,1926,438,127,2491,15,15,89,985,53,64,296,23,98,8,24,27,79,7,4,4,1,21,9,8,1,33,42,2,0,14,4,1,1,2,5,4,2,6,4,0,0,5
080515,1140,178,87,1405,7,7,105,317,15,41,189,42,161,15,25,30,41,15,15,2,26,10,10,5,2,21,22,1,1,4,3,0,3,4,2,2,5,1,0,2,0,3
080517,3204,714,292,4210,20,20,182,1594,40,70,437,33,218,34,67,55,117,29,24,5,5,32,20,21,2,101,46,6,3,14,4,3,3,5,10,4,4,6,1,1,0,8
080518,257,110,21,388,3,3,36,78,4,2,44,5,19,4,4,3,11,0,6,1,1,1,6,4,3,1,6,1,0,5,0,1,1,2,1,0,0,3,1,0,0,3
080519,1609,494,145,2248,16,16,128,814,28,31,188,12,85,10,17,18,68,16,22,1,27,16,13,14,1,37,17,0,0,10,1,2,2,6,3,8,1,7,2,0,0,4
080520,1176,300,53,1529,11,11,117,430,32,26,139,13,84,3,18,25,125,25,12,1,24,8,6,15,0,18,17,2,1,13,6,2,2,3,1,0,0,1,0,1,0,6
080523,1601,427,113,2141,14,14,148,893,42,28,183,21,48,3,8,7,34,5,42,1,2,8,13,10,2,34,14,1,1,7,0,1,2,5,4,1,1,1,1,1,0,29
080525,800,189,50,1039,8,8,102,403,13,11,98,3,14,7,11,4,27,4,29,3,3,7,5,7,1,10,12,0,0,1,0,1,0,2,2,3,0,3,1,0,0,13
080526,1245,385,119,1749,11,11,164,526,20,18,153,15,34,11,7,10,84,43,6,2,9,9,4,21,0,29,17,4,1,11,1,2,0,4,3,3,1,3,1,1,0,28
080528,2169,468,163,2800,18,18,102,1339,35,23,281,23,74,7,13,13,55,11,8,2,2,23,6,9,5,73,22,0,0,12,1,1,2,2,3,6,2,4,1,0,0,9
080529,977,284,78,1339,8,8,65,537,11,18,97,18,56,7,7,14,33,9,9,2,0,4,5,15,1,32,8,2,1,3,2,6,1,2,5,0,0,2,1,0,0,4
080530,575,137,31,743,4,4,37,407,1,6,44,0,12,2,2,1,13,5,6,0,1,2,3,3,0,3,12,1,0,2,0,0,0,0,0,0,0,1,0,0,0,11
080531,1237,276,104,1617,10,10,44,732,26,28,163,8,43,9,17,24,55,2,8,1,2,9,11,11,2,6,13,2,0,7,1,1,0,3,1,2,2,3,0,0,0,1
080532,825,193,59,1077,6,6,56,452,12,14,99,8,49,2,9,14,28,3,15,2,1,7,3,2,1,15,12,4,0,1,2,0,0,1,0,4,1,3,3,0,0,2
080533,673,125,57,855,5,5,75,249,25,11,110,4,60,5,0,3,49,0,9,1,2,7,7,4,0,12,9,1,0,0,0,0,0,3,0,0,0,3,1,1,0,22
080534,384,108,23,515,4,4,24,138,14,2,34,2,9,2,3,1,5,1,5,0,0,2,1,0,0,3,110,1,0,1,1,0,0,1,0,0,0,5,0,1,0,18
080601,421,91,20,532,4,4,100,124,8,13,38,15,20,7,13,8,15,6,8,1,1,4,1,18,3,5,3,0,0,3,0,0,0,1,0,0,1,1,1,0,0,3
080602,733,122,56,911,5,5,136,150,29,22,109,37,56,3,6,6,26,0,15,3,4,8,6,78,4,5,10,1,4,4,1,1,0,0,1,2,0,3,0,1,0,2
080603,327,46,10,383,3,3,38,86,5,25,27,9,64,4,2,1,9,3,0,0,4,6,4,30,0,5,1,1,0,0,0,0,0,1,1,0,1,0,0,0,0,0
080604,954,145,48,1147,6,6,208,195,39,72,89,23,99,25,25,5,33,15,1,16,3,8,15,18,1,14,11,3,3,7,4,2,2,5,2,3,1,1,1,1,0,4
080605,285,77,22,384,3,3,41,68,14,18,38,11,25,4,2,6,14,2,5,4,0,3,2,7,1,3,2,1,0,2,0,1,0,0,1,3,1,2,0,0,0,4
080606,461,95,23,579,5,5,81,120,24,30,78,16,16,7,5,4,21,6,3,4,4,4,3,12,1,4,4,0,0,3,0,1,0,4,1,1,1,2,1,0,0,0
080607,1687,412,146,2245,15,15,141,747,45,29,259,14,92,14,18,14,57,76,6,6,1,15,26,34,1,19,22,4,3,12,2,3,0,2,3,3,2,9,2,2,0,4
080608,345,100,30,475,3,3,68,75,4,17,40,18,20,8,4,4,24,6,4,6,0,6,10,7,0,2,6,1,1,3,0,1,0,0,0,1,0,1,1,1,0,6
080609,384,59,15,458,3,3,52,180,9,4,30,3,36,1,3,6,32,1,3,1,1,5,1,3,0,4,6,0,0,0,1,0,0,1,0,0,0,0,0,0,0,1
080610,535,167,57,759,5,5,81,234,6,12,73,5,23,1,6,3,42,1,2,4,0,1,3,5,0,10,6,0,0,2,0,2,0,3,0,4,2,1,0,0,0,3
080611,520,150,32,702,5,5,117,113,18,19,71,26,33,5,3,7,17,26,1,12,3,2,9,5,1,3,9,1,0,6,1,0,1,2,1,5,1,1,0,0,0,1
080612,420,104,28,552,4,4,84,108,8,19,69,16,34,5,9,4,16,3,2,1,1,6,2,5,1,2,8,2,1,1,2,1,1,2,3,2,2,0,0,0,0,0
080613,1013,262,47,1322,10,10,213,243,17,39,162,24,88,10,7,17,18,33,10,3,6,3,22,10,4,31,15,4,2,8,1,1,1,4,0,4,2,2,1,1,0,7
080614,335,80,11,426,4,4,35,149,3,13,50,4,20,0,8,2,19,4,4,3,0,5,1,3,1,1,3,1,0,2,0,0,0,1,0,1,0,0,1,0,0,1
080615,354,90,23,467,4,4,80,96,9,9,49,17,24,8,3,3,7,4,7,5,2,7,2,4,1,5,2,2,1,0,1,0,0,0,0,2,0,2,0,0,0,2
080616,580,118,51,749,5,5,146,137,11,21,74,16,58,6,4,8,18,4,3,1,2,5,6,18,1,13,5,3,0,3,1,0,2,1,0,3,2,1,3,0,0,4
080701,2018,380,241,2639,15,15,108,729,53,78,304,19,201,16,19,23,42,16,31,8,4,8,10,42,1,45,27,1,7,6,8,1,1,6,1,3,4,1,2,0,0,193
080702,2218,587,154,2959,21,21,94,1289,37,22,289,17,68,12,8,8,88,6,25,2,2,20,29,15,1,97,22,2,3,13,1,3,1,2,3,3,0,2,2,1,0,31
080703,888,236,67,1191,9,9,56,377,49,22,122,9,87,3,4,5,18,4,22,1,1,4,3,9,0,46,7,0,1,5,3,1,0,4,4,5,1,2,1,0,0,12
080704,1035,221,83,1339,9,9,62,517,13,32,151,4,53,3,8,11,20,4,19,1,1,7,2,12,1,57,13,3,2,4,0,1,1,1,0,1,1,1,0,0,0,29
080705,407,77,28,512,3,3,49,113,12,6,44,10,75,6,3,4,13,2,11,1,1,3,11,4,0,8,5,1,2,0,1,0,0,1,0,1,2,1,0,1,0,16
080706,1403,341,179,1923,12,12,53,788,14,26,173,7,49,4,4,12,37,3,15,1,1,10,5,26,1,78,14,0,0,4,1,2,1,5,2,3,1,2,0,1,0,60
080707,1938,427,250,2615,16,16,131,756,148,27,271,12,200,5,7,10,62,48,10,5,4,9,5,8,2,139,18,1,1,9,1,1,1,2,2,2,3,5,1,0,0,32
080708,535,81,23,639,4,4,92,165,15,22,44,8,116,3,6,5,13,1,5,4,1,3,2,3,1,6,1,0,0,1,1,1,0,2,1,0,0,0,1,0,0,12
080709,1172,329,119,1620,11,11,110,425,41,43,159,25,100,15,10,18,36,27,13,1,2,17,11,12,2,27,28,2,1,11,1,4,0,1,0,2,2,2,0,0,0,24
080710,869,176,58,1103,9,9,95,352,53,10,94,5,71,0,9,2,30,19,12,0,0,8,6,3,4,56,7,2,1,8,1,3,0,2,1,4,1,2,0,0,0,8
080711,1555,322,78,1955,12,12,63,939,23,11,246,12,41,2,6,9,42,7,10,4,5,7,6,13,0,54,21,2,0,8,0,0,0,4,2,5,3,4,0,1,0,5
090101,43894,5492,2256,51642,232,232,6903,5016,4971,4031,5933,3720,3720,1560,1718,998,460,320,279,470,371,393,484,334,142,218,235,214,198,174,267,123,55,93,77,56,83,29,21,55,0,173
090102,6965,1753,545,9263,48,48,2071,1684,204,157,1243,248,261,49,98,70,122,26,42,24,78,65,137,44,25,26,64,10,12,45,12,20,13,14,6,26,13,18,12,4,0,22
090103,8207,2002,771,10980,60,60,734,4955,160,103,783,196,187,46,63,75,183,21,36,22,38,62,89,46,17,62,74,5,5,43,11,17,8,16,1,44,21,24,5,8,0,47
090104,2464,662,180,3306,21,21,137,1443,53,48,295,52,83,7,17,15,58,13,4,6,31,14,16,14,2,47,36,3,1,12,13,6,4,0,1,6,1,13,3,1,0,9
090105,2801,569,223,3593,19,19,257,1421,73,63,390,112,90,30,38,37,57,10,17,11,19,22,9,17,2,32,16,4,4,12,2,7,5,3,0,16,4,5,1,4,0,11
090106,3171,760,233,4164,20,20,398,1030,118,77,493,211,182,43,69,47,76,14,38,13,43,25,37,35,8,39,36,8,9,23,8,26,5,8,4,13,10,4,2,4,0,15
090107,1515,350,143,2008,15,15,68,1002,19,15,140,20,29,1,9,6,49,5,11,3,14,24,8,8,4,10,14,3,2,12,2,5,1,2,8,6,2,7,1,0,0,5
090108,9848,3053,1098,13999,67,67,1229,4513,281,230,1258,369,256,110,128,141,256,37,54,17,123,108,139,65,28,63,104,32,11,60,16,21,10,16,11,43,22,34,7,6,0,50
090109,1423,360,91,1874,12,12,110,710,92,17,194,54,40,9,20,28,34,6,8,3,6,4,10,12,6,7,6,2,2,2,0,16,1,4,1,7,3,1,0,4,0,4
090110,43430,5505,2566,51501,226,226,6445,5382,3865,3993,6397,3731,3999,1521,1633,1097,566,339,289,274,402,444,549,332,131,224,245,212,179,175,248,159,61,89,82,78,63,36,20,26,0,144
090111,19418,2229,1012,22659,99,99,2599,2958,1166,1754,3209,1437,2085,577,808,523,261,174,121,90,133,245,205,178,39,168,109,84,49,66,94,37,29,23,37,40,28,13,11,16,0,52
090112,1594,346,117,2057,12,12,115,883,32,27,241,43,50,2,14,11,33,2,6,0,16,16,17,15,0,19,12,1,4,9,3,7,3,0,1,3,3,0,1,0,0,5
090113,4243,972,371,5586,27,27,460,2234,98,57,593,105,97,21,51,50,91,7,21,11,28,37,74,35,6,25,27,8,2,23,6,6,7,5,1,26,6,9,1,2,0,13
090201,8874,1995,794,11663,52,52,1632,2393,605,359,1272,396,483,143,225,143,194,45,89,59,90,101,116,65,18,60,82,20,21,81,16,21,10,24,11,28,18,19,4,3,0,28
090202,1485,349,121,1955,13,13,181,680,60,29,185,36,67,9,8,10,58,3,36,2,16,19,12,6,2,11,10,4,1,12,0,6,0,5,6,2,0,2,0,2,0,5
090203,940,206,64,1210,10,10,69,508,38,12,148,18,22,9,9,8,24,3,8,1,12,4,6,7,1,4,7,3,0,5,0,0,0,0,5,6,0,2,0,1,0,0
090204,3391,811,239,4441,21,21,695,974,154,121,452,209,148,37,48,48,84,23,65,10,19,49,60,31,3,29,28,5,5,22,13,14,5,8,3,6,1,8,2,4,0,8
090205,3831,1009,347,5187,25,25,679,1474,153,96,433,123,108,39,47,42,150,16,45,14,77,32,70,17,6,32,35,9,8,24,4,8,4,11,10,18,4,12,3,9,0,19
090206,902,170,121,1193,8,8,157,298,45,12,159,79,22,3,7,13,18,2,1,3,5,7,16,9,2,11,3,5,0,6,1,1,4,0,1,3,3,0,0,0,0,6
090207,4620,1101,313,6034,32,32,493,2576,183,63,451,105,145,20,37,28,149,12,24,11,18,39,38,27,10,29,32,8,2,32,24,8,5,6,1,9,9,8,2,2,0,14
090208,2138,450,239,2827,13,13,501,303,198,101,316,181,161,28,54,29,37,13,32,11,7,9,26,15,5,35,9,10,6,10,1,4,1,2,3,8,2,0,2,0,0,18
090301,1749,408,97,2254,13,13,170,706,71,78,225,67,142,15,29,12,52,23,5,13,14,15,9,13,0,15,10,0,2,12,16,7,1,5,0,7,2,5,1,3,0,4
090307,1484,432,124,2040,14,14,90,722,71,76,162,32,62,3,18,13,71,8,5,3,17,6,13,14,8,29,18,0,0,9,2,8,0,2,1,13,0,2,0,0,0,6
090312,1759,506,197,2462,21,21,101,1109,27,17,158,38,40,15,9,6,59,14,10,2,16,10,21,8,1,20,18,3,1,8,2,4,3,4,1,12,4,5,1,1,0,11
090314,2539,652,212,3403,20,20,326,1067,84,48,313,109,156,14,27,27,83,14,14,24,13,21,20,29,7,24,19,6,2,18,0,11,7,7,3,14,1,4,6,6,0,15
090316,436,105,33,574,4,4,25,152,20,7,116,7,34,6,8,6,9,3,0,2,5,5,3,11,0,3,7,3,0,0,0,0,0,0,1,1,0,0,0,0,0,2
090317,2463,512,212,3187,20,20,377,1102,62,59,300,69,157,20,30,21,77,9,15,3,34,9,14,14,5,12,18,1,0,12,3,10,2,4,1,4,7,4,3,0,0,5
090321,873,202,107,1182,7,7,167,355,22,10,83,18,34,4,8,4,22,2,3,1,73,3,6,9,1,18,7,1,0,9,0,3,0,1,1,5,1,2,0,0,0,0
090322,1375,253,70,1698,11,11,88,690,48,10,187,37,78,6,12,11,56,6,2,11,12,4,26,13,0,14,32,1,0,10,0,8,0,0,0,3,2,2,1,1,0,4
090323,1133,262,94,1489,10,10,161,393,31,26,160,42,62,4,6,13,43,13,4,3,41,9,24,10,9,23,16,0,1,6,0,7,2,4,1,6,1,6,0,3,0,3
090401,4728,1379,414,6521,36,36,465,1702,133,110,852,214,325,34,56,80,147,29,38,29,25,54,40,64,11,88,64,11,11,34,5,19,6,18,4,15,7,10,6,2,0,20
090402,584,126,37,747,7,7,63,233,9,12,120,22,16,1,3,4,14,2,5,2,7,4,5,13,1,4,18,0,0,9,0,3,0,2,0,1,1,3,2,1,0,4
090403,1727,361,129,2217,14,14,182,784,40,33,244,33,94,19,22,11,48,3,12,2,20,13,11,14,4,22,24,1,1,10,3,54,2,4,1,6,1,1,2,1,0,5
090404,2060,649,312,3021,19,19,162,927,39,17,312,37,120,9,9,32,85,4,9,3,27,24,17,44,7,61,29,3,0,16,3,11,7,6,4,15,3,5,4,1,0,8
090405,388,139,49,576,5,5,50,125,35,1,60,13,17,2,3,4,10,3,12,0,8,6,2,10,2,1,2,1,0,3,1,1,1,4,0,6,1,3,1,0,0,0
090406,1344,358,84,1786,11,11,77,742,34,12,165,28,88,0,8,4,52,8,5,2,12,10,15,20,1,8,22,7,0,9,1,2,0,1,0,5,0,0,1,1,0,4
090407,5541,1410,349,7300,42,42,561,1936,177,141,885,228,295,47,93,76,127,26,34,17,46,67,116,275,27,126,68,15,8,35,8,10,10,12,5,18,10,8,3,5,0,26
090408,844,175,62,1081,7,7,71,350,19,41,159,29,47,3,11,4,21,1,2,1,2,11,5,16,1,13,6,4,0,6,0,3,1,4,0,5,1,4,0,0,0,3
090409,1829,489,216,2534,15,15,114,839,49,28,246,50,135,9,9,19,78,10,8,5,23,18,17,41,3,39,22,4,3,17,1,6,2,4,3,11,1,7,2,0,0,6
090410,1022,305,118,1445,10,10,105,463,15,12,107,117,38,8,5,8,29,1,8,2,1,13,6,25,1,17,13,2,1,5,1,2,0,1,2,5,1,1,1,0,0,6
090411,668,217,65,950,7,7,89,225,16,17,102,35,51,5,1,9,25,7,1,0,14,4,6,9,0,8,13,1,0,6,0,1,4,0,1,6,0,5,1,1,0,5
090501,4328,1633,593,6554,43,43,1061,1573,88,62,465,284,119,16,14,37,114,58,41,8,37,40,34,28,10,44,51,10,2,32,3,20,9,10,4,18,8,10,4,0,0,14
090502,2108,576,195,2879,22,22,332,1038,49,22,209,82,77,4,18,27,63,5,10,3,6,29,9,17,8,25,23,4,4,10,2,4,1,3,5,7,2,5,0,1,0,4
090505,607,328,92,1027,8,8,47,268,30,6,40,64,16,0,4,2,35,4,13,1,3,7,12,12,0,3,7,4,0,6,1,4,0,3,0,5,1,5,2,0,0,2
090506,1669,450,127,2246,12,12,185,664,48,24,346,54,49,11,30,22,36,10,5,2,12,29,30,17,7,21,17,2,7,6,5,3,3,5,0,7,5,1,1,3,0,2
090507,1364,345,88,1797,9,9,194,638,27,10,197,33,37,9,15,13,54,6,10,0,15,33,2,23,1,17,10,1,1,5,0,0,2,3,3,0,0,1,0,0,0,4
090601,24720,4590,1444,30754,149,149,6224,2280,2720,1624,3305,1783,1533,608,851,409,389,151,189,230,209,371,309,245,76,165,189,90,102,99,83,115,65,54,29,40,30,19,17,23,0,94
090602,3606,954,197,4757,24,24,632,992,222,88,555,161,236,39,63,47,100,24,44,14,16,78,32,55,6,36,44,3,6,16,12,10,6,6,1,17,5,4,1,1,0,34
090603,2027,467,145,2639,13,13,414,562,74,58,330,130,110,21,38,28,34,13,12,7,10,25,18,11,6,37,24,4,7,10,3,10,0,4,1,7,8,1,1,3,0,6
090604,5654,1269,368,7291,34,34,1338,1091,362,206,782,437,327,94,134,76,105,21,43,32,98,67,83,75,21,44,46,11,18,25,10,22,10,14,7,22,7,3,4,6,0,13
090605,5598,1578,442,7618,38,38,1400,1283,257,138,859,271,349,64,129,64,114,33,51,20,39,77,97,62,20,34,44,23,7,36,11,18,5,13,7,19,7,12,5,9,0,21
090606,10198,2742,793,13733,67,67,2216,2398,501,352,1605,739,372,172,217,131,171,91,65,30,147,147,144,80,36,89,85,39,30,60,36,50,19,23,17,27,44,24,10,5,0,26
090607,1680,450,204,2334,12,12,265,699,58,23,219,97,67,16,18,12,35,7,9,3,10,30,13,15,6,21,15,1,3,11,5,3,0,6,0,2,1,3,0,1,0,6
090608,5246,1004,425,6675,29,29,1263,598,503,259,715,444,333,143,144,78,77,31,44,58,50,110,69,45,12,52,39,16,16,29,20,25,5,11,7,8,12,7,2,6,0,15
090609,1882,645,150,2677,13,13,372,557,61,29,236,69,103,18,33,16,63,8,28,4,37,22,51,23,4,21,35,2,4,12,10,5,6,5,8,7,15,8,1,3,0,6
090610,1483,429,114,2026,10,10,238,482,72,34,207,97,121,9,12,12,37,10,11,3,4,13,44,6,5,11,19,2,2,7,5,5,2,5,0,2,1,1,1,0,0,3
090701,7482,2139,576,10197,56,56,467,4544,139,88,1158,131,165,34,80,43,170,10,27,19,8,71,41,29,13,39,47,6,6,39,10,7,5,8,5,22,11,15,2,5,0,18
090702,4355,972,290,5617,35,35,835,1355,137,100,1040,146,151,26,45,61,68,15,17,9,21,50,19,28,5,26,39,8,5,30,7,9,8,17,5,35,11,6,7,3,0,11
090704,5519,1355,411,7285,39,39,375,2984,127,81,1127,85,114,24,54,53,147,7,25,6,7,38,24,25,5,33,38,6,4,40,4,8,7,5,3,30,11,8,2,2,0,10
090706,4774,1195,343,6312,36,36,207,2798,106,52,899,77,91,18,35,36,116,17,16,3,7,36,22,27,9,34,34,5,1,29,10,4,6,7,2,33,10,11,5,4,0,7
090801,2339,691,173,3203,19,19,754,788,44,25,196,111,71,10,25,22,76,9,14,7,19,13,18,14,8,37,28,7,7,11,3,2,3,4,4,3,0,3,0,0,0,3
090802,4231,1878,395,6504,38,38,1064,1315,106,54,540,252,143,49,70,37,94,22,25,12,39,68,39,47,5,64,45,5,4,25,11,17,9,11,7,13,13,9,1,1,0,15
090803,2876,954,245,4075,23,23,1105,600,157,25,477,88,44,17,25,19,42,8,33,5,19,28,18,21,1,42,17,1,8,20,7,10,3,5,4,10,2,3,2,0,0,10
090804,1927,1031,189,3147,20,20,430,758,89,24,211,95,28,15,16,19,39,3,14,5,15,22,15,15,4,35,24,7,0,9,3,1,2,5,1,9,3,4,3,1,0,3
090805,2102,961,172,3235,19,19,506,734,83,31,203,96,50,13,32,18,67,8,16,6,34,28,11,27,2,36,24,0,3,13,7,4,3,12,3,3,3,4,12,0,0,10
090901,1442,635,227,2304,16,16,101,739,39,33,137,20,69,6,8,12,42,2,28,4,9,18,13,24,4,24,31,4,2,8,6,4,5,4,4,14,3,12,2,2,0,9
090902,1636,648,226,2510,20,20,129,1002,10,24,77,64,77,13,2,13,45,5,32,2,6,12,19,21,2,15,18,2,2,12,0,2,2,0,1,10,5,3,1,3,0,5
090903,817,260,108,1185,11,11,77,457,21,6,30,12,28,7,1,8,40,2,7,1,1,13,18,18,4,15,10,1,0,9,2,1,3,3,2,4,2,3,6,0,0,5
090904,589,125,86,800,8,8,66,304,18,8,73,27,16,2,7,2,14,1,1,0,1,7,6,7,1,5,5,0,0,5,0,1,0,3,1,4,1,1,0,0,0,2
091001,1786,348,124,2258,14,14,134,1004,31,40,177,25,125,15,16,13,53,5,11,6,6,9,16,12,5,15,17,2,1,9,0,4,3,1,0,6,5,5,1,2,0,12
091002,1031,183,93,1307,9,9,123,470,25,15,151,39,85,1,17,10,23,3,10,4,1,3,3,8,0,15,5,1,0,4,1,2,0,3,4,1,1,0,0,0,0,3
091003,952,169,44,1165,11,11,45,431,23,15,149,86,53,5,8,5,25,2,6,3,8,12,29,8,1,7,8,2,0,3,9,3,1,2,0,0,0,1,0,0,0,2
091004,310,60,17,387,3,3,22,129,19,5,34,12,40,1,4,3,7,0,1,3,0,2,5,6,0,0,2,2,1,4,1,0,0,0,2,1,1,0,0,0,0,3
091005,1850,309,78,2237,17,17,71,1218,51,13,170,22,101,5,19,13,48,6,7,2,7,12,24,9,2,13,11,1,0,8,1,2,0,1,5,0,0,5,0,0,0,3
091006,1830,379,101,2310,17,17,184,1029,30,26,193,41,68,1,18,11,54,11,15,5,27,20,9,8,4,26,15,0,0,13,2,3,2,0,1,2,2,3,1,0,0,6
091007,691,87,27,805,6,6,35,404,7,6,103,13,35,1,1,4,24,0,2,2,2,5,2,9,1,17,6,1,0,4,0,2,0,0,1,0,1,1,1,0,0,1
091101,2529,632,180,3341,20,20,135,1629,25,23,256,36,95,4,14,32,67,16,8,3,2,15,41,20,4,26,14,2,2,6,3,5,2,1,0,24,2,7,2,0,0,8
091102,2260,536,155,2951,20,20,94,1405,33,20,242,33,124,15,9,14,78,8,12,1,4,22,46,17,0,20,13,2,4,6,2,5,3,5,1,11,3,6,0,0,0,2
091103,1041,143,40,1224,10,10,70,508,50,20,190,22,41,10,10,6,27,0,3,1,0,2,33,2,0,8,5,1,1,20,1,0,0,0,0,3,0,2,0,2,0,3
091104,1031,176,51,1258,12,12,58,500,27,13,213,47,42,1,16,11,17,4,6,0,0,11,17,3,1,14,13,2,0,3,4,1,2,2,0,3,0,0,0,0,0,0
091105,1186,186,69,1441,9,9,113,531,33,25,198,37,72,14,8,21,30,4,4,3,1,15,15,4,3,12,11,1,0,7,0,2,2,4,0,8,3,2,0,1,0,2
091106,2084,426,136,2646,23,23,155,1190,47,24,267,40,96,9,20,15,67,13,5,2,10,8,16,9,2,25,20,2,1,6,1,3,2,2,0,10,2,4,2,0,0,9
091107,621,117,47,785,9,9,16,367,25,7,67,16,32,2,4,11,21,1,19,1,3,7,4,2,0,5,2,0,0,1,0,3,0,0,0,1,0,3,0,0,0,1
091108,1476,205,71,1752,13,13,58,991,37,21,171,15,43,5,19,11,26,0,2,2,2,27,5,12,0,11,2,1,3,3,2,0,0,1,0,2,1,2,0,0,0,1
100101,98779,9560,5043,113382,485,485,17174,4435,15913,13544,7442,10333,8485,4645,3993,1576,1013,844,781,1393,1175,569,560,537,252,368,381,487,488,318,504,207,126,223,187,53,100,63,77,40,0,493
100102,21693,2685,1258,25636,105,105,4526,1659,1807,2238,2413,2267,1731,827,972,482,459,202,146,212,257,201,174,198,53,108,125,90,46,68,94,36,33,63,24,15,19,17,25,5,0,101
100103,9892,1622,586,12100,50,50,2141,860,733,794,1169,1204,602,291,355,200,226,97,138,100,208,123,90,70,33,56,67,39,28,39,42,16,11,19,11,8,4,8,7,7,0,96
100104,27338,3417,1515,32270,134,134,6239,1976,2053,2835,2726,3103,1951,934,1222,514,750,263,200,243,354,217,186,246,101,155,119,120,69,98,92,35,46,54,28,21,39,24,37,15,0,273
100105,3450,536,181,4167,17,17,700,219,316,273,326,530,230,88,97,54,128,29,43,67,144,25,22,25,7,15,13,8,12,7,12,11,3,9,6,2,4,1,1,0,0,23
100106,13713,2352,844,16909,70,70,2373,2491,1051,870,1916,1269,730,299,468,297,320,112,147,111,289,133,113,45,64,154,71,38,17,63,59,19,8,21,10,7,16,17,16,4,0,95
100107,4162,782,272,5216,22,22,949,331,311,315,437,422,236,96,117,83,158,32,66,79,177,41,27,72,19,20,22,22,7,20,8,9,10,8,8,1,4,7,2,1,0,45
100108,4532,810,277,5619,23,23,1104,214,471,372,410,629,312,103,95,50,164,29,69,43,181,37,34,23,11,11,28,16,7,36,16,8,8,9,10,2,3,5,2,1,0,19
100109,14282,2406,959,17647,72,72,2047,1682,898,1080,2582,1567,830,355,595,285,503,128,153,167,206,158,107,103,45,141,96,96,44,84,38,27,21,53,14,14,15,13,9,4,0,122
100110,15461,2058,773,18292,75,75,2874,1112,1412,1561,1623,1762,1260,598,656,290,263,107,291,161,379,107,126,112,54,91,69,69,69,87,62,31,24,26,17,17,11,16,22,6,0,96
100111,2360,382,145,2887,12,12,558,258,147,139,256,169,158,47,43,38,78,33,52,35,157,19,17,17,22,22,14,10,4,13,3,4,2,3,1,6,2,6,1,3,0,23
100112,3224,497,171,3892,16,16,757,191,147,217,587,374,160,61,87,41,79,11,55,117,100,21,41,19,9,14,8,13,8,28,14,1,4,12,3,4,4,0,2,3,0,32
100113,4300,737,214,5251,21,21,939,353,145,269,876,462,247,88,108,65,146,37,39,42,115,17,41,34,10,20,32,14,17,23,12,6,4,9,5,8,3,4,3,2,0,105
100114,3148,530,188,3866,17,17,674,329,248,184,363,330,203,72,80,57,78,28,55,71,62,23,22,23,16,23,22,8,10,16,16,13,5,7,3,8,7,2,2,3,0,85
100201,43115,6739,2777,52631,213,213,9292,2075,4400,4838,3584,6164,2402,1652,1729,874,1100,276,467,434,473,341,475,171,93,169,201,206,163,182,296,153,134,122,125,38,77,49,40,56,0,264
100202,2415,456,113,2984,16,16,250,852,81,90,355,96,159,25,43,69,79,14,19,8,14,28,18,19,7,30,41,7,5,16,6,3,5,9,11,7,10,12,3,1,0,23
100203,7654,1553,514,9721,40,40,1674,513,589,523,753,1126,296,198,193,164,414,60,118,80,200,66,87,59,16,30,46,37,81,52,57,30,8,22,15,9,25,14,11,3,0,85
100204,7129,1732,466,9327,38,38,1393,804,453,530,873,815,227,179,203,159,358,84,103,81,181,79,63,46,25,49,77,25,28,36,24,16,39,38,29,20,33,6,6,4,0,43
100205,13777,2364,1032,17173,67,67,3393,686,1014,1031,1425,2248,651,367,507,296,607,86,159,67,141,94,217,91,13,47,60,49,34,61,61,51,45,85,34,14,33,14,10,9,0,77
100206,593,141,26,760,6,6,120,231,8,15,59,11,11,4,9,3,19,2,2,3,40,5,1,3,0,2,1,2,0,2,2,1,2,2,2,2,2,24,0,0,0,3
100207,14340,2593,1209,18142,71,71,3124,551,1090,1381,1209,2577,745,498,528,302,501,81,226,71,154,107,236,61,27,32,53,229,33,52,98,58,53,36,31,21,12,17,9,13,0,124
100208,2848,467,172,3487,15,15,865,88,249,254,224,442,112,94,85,41,81,9,39,26,37,17,28,9,6,7,9,20,10,9,10,6,9,6,12,2,2,0,1,0,0,39
100209,4562,870,267,5699,23,23,1151,620,244,258,595,437,184,112,144,82,175,33,47,36,41,41,29,21,12,37,34,31,18,20,8,8,30,16,15,6,3,8,3,2,0,61
100210,28163,4117,1826,34106,139,139,6255,2095,1961,2607,2959,3635,1858,990,1164,660,746,198,335,223,213,306,283,158,73,152,157,123,101,98,176,67,106,59,67,29,40,24,14,24,0,207
100211,670,125,26,821,6,6,91,187,36,21,91,28,50,12,10,13,23,7,2,4,13,6,3,3,2,39,9,0,0,4,0,1,2,1,4,1,1,1,0,0,0,5
100301,16119,2490,982,19591,87,87,3500,1342,1592,1493,1918,1391,1090,506,741,286,291,161,207,251,126,227,115,118,58,127,70,69,38,68,61,45,14,38,27,13,23,22,11,7,0,73
100302,1465,288,60,1813,9,9,333,287,57,74,185,80,74,9,35,18,47,13,18,12,46,30,9,19,13,27,14,11,2,8,3,7,0,5,5,2,1,5,3,0,0,13
100303,1985,387,98,2470,11,11,499,333,109,103,306,140,127,31,57,24,34,16,13,17,51,25,14,7,6,12,8,3,11,8,4,6,2,5,0,1,2,2,0,0,0,9
100304,9463,1437,562,11462,51,51,820,944,754,1042,1768,727,1180,320,298,183,130,240,90,122,171,92,48,70,30,92,50,42,30,54,22,20,12,23,13,11,9,5,5,6,0,40
100305,11495,1877,633,14005,60,60,2661,1288,751,862,1562,1029,675,355,549,226,163,104,99,100,109,147,88,88,44,140,78,42,24,54,50,20,19,37,11,12,13,8,8,5,0,74
100401,35224,5769,2669,43662,184,184,7671,1353,3197,3974,3378,4976,2032,1549,1192,538,805,317,371,437,1097,351,232,194,91,122,161,138,199,124,163,69,102,69,63,30,61,29,23,14,0,102
100402,1394,215,98,1707,8,8,368,247,59,58,132,69,102,28,23,26,39,11,11,13,117,11,5,8,4,17,15,5,8,2,2,0,4,1,3,1,1,3,0,0,0,1
100403,3783,739,193,4715,20,20,745,815,108,189,551,236,148,76,101,59,123,22,28,24,231,66,26,25,25,62,39,6,6,13,6,4,4,18,2,3,5,3,1,0,0,13
100404,7079,1304,498,8881,37,37,1298,1140,321,336,1110,711,295,127,198,95,233,34,73,84,373,107,35,60,21,65,73,18,24,35,11,10,21,32,8,8,6,13,7,2,0,95
100405,4575,661,295,5531,23,23,806,762,415,314,648,360,262,153,181,78,87,32,37,15,83,68,25,23,13,43,26,25,12,19,15,8,8,11,5,4,7,6,2,1,0,21
100406,9143,1506,581,11230,48,48,2475,442,664,842,941,1269,476,311,275,136,181,100,125,107,214,92,74,49,25,27,26,30,29,31,46,17,28,19,31,5,14,6,6,5,0,25
100407,12420,2212,795,15427,62,62,2579,1700,472,837,1848,1134,593,343,444,257,307,124,129,126,340,151,133,78,57,107,156,36,45,41,26,36,90,36,18,7,19,15,40,7,0,89
100408,8550,1558,659,10767,44,44,1714,546,449,714,1107,1169,509,314,351,146,242,74,108,37,334,100,58,57,21,68,93,32,28,44,25,14,40,25,18,7,16,7,7,2,0,74
100501,4147,828,290,5265,24,24,1051,545,347,276,374,378,301,96,131,62,69,35,67,68,55,29,49,18,11,42,32,14,13,15,6,9,5,14,4,5,3,1,2,0,0,20
100502,1007,202,60,1269,6,6,187,233,68,66,106,73,60,9,21,18,23,10,35,6,21,8,9,8,3,7,10,1,2,6,1,1,0,5,1,0,1,3,0,0,0,5
100503,1668,312,78,2058,9,9,400,308,98,99,234,114,79,29,35,25,33,29,17,10,47,15,16,3,8,11,19,5,0,8,2,1,1,3,0,5,2,3,1,0,0,8
100504,880,138,37,1055,5,5,225,111,54,70,92,72,63,17,12,15,21,5,17,13,37,4,12,2,3,5,3,1,0,3,6,3,2,0,0,2,3,3,0,1,0,3
100505,274,51,4,329,2,2,57,56,8,17,37,11,12,4,7,5,16,2,3,2,8,4,0,6,0,4,5,1,0,2,0,1,0,0,0,1,0,1,0,0,0,4
110101,74889,7099,3544,85532,365,365,10144,3574,9395,9818,6322,6741,8875,2974,3565,2218,1381,933,421,613,353,792,607,419,161,466,1971,579,303,288,337,161,157,187,470,82,116,72,37,41,0,316
110103,309,46,20,375,2,2,40,33,16,12,41,19,35,3,5,6,12,7,12,1,1,8,2,35,1,1,11,1,0,1,0,0,0,2,1,2,0,0,0,1,0,0
110104,516,152,63,731,5,5,87,64,25,28,60,19,67,4,7,11,15,6,8,0,2,9,2,12,0,6,35,1,3,19,5,0,0,5,2,5,0,7,0,1,0,1
110105,1382,328,124,1834,8,8,215,410,30,36,192,39,97,6,19,32,60,19,41,2,3,35,11,10,4,13,47,4,1,17,0,0,0,3,12,8,2,4,0,2,0,8
110106,454,90,30,574,4,4,43,78,15,21,75,13,64,8,6,11,6,10,27,4,2,3,13,2,0,13,14,5,1,5,3,1,1,2,1,1,0,1,1,1,0,3
110107,460,129,24,613,4,4,99,59,20,34,43,23,68,12,6,12,12,8,5,1,1,0,4,6,1,5,20,2,2,3,0,1,2,2,3,1,0,2,1,0,0,2
110108,49412,5645,2810,57867,249,249,6405,5052,3045,4605,6068,4277,5968,1553,2555,1902,1153,602,338,166,199,755,425,283,106,468,1374,361,148,258,206,85,96,155,310,77,54,71,25,29,0,238
110109,642,163,87,892,5,5,106,88,30,15,102,15,134,8,15,8,9,6,5,11,2,6,7,19,0,5,28,4,0,4,0,0,1,2,5,1,2,0,0,0,0,4
110112,1293,225,109,1627,8,8,210,226,64,45,162,72,172,15,30,43,28,7,9,4,1,20,11,10,3,9,77,6,10,14,1,4,3,5,6,4,2,8,0,0,0,12
110113,98266,8062,4594,110922,475,475,11920,4511,11340,13001,8459,8921,13376,4070,5060,2779,1722,1532,531,804,551,1234,783,583,183,545,2117,775,364,355,466,209,139,253,673,127,167,98,34,63,0,521
110114,773,179,93,1045,5,5,173,152,32,20,107,23,91,5,18,28,26,13,1,2,1,14,9,6,4,10,18,2,0,4,1,0,0,1,2,1,1,1,0,0,0,7
110116,3088,444,161,3693,17,17,456,293,228,257,413,268,360,91,150,62,63,48,15,25,38,37,27,20,7,25,67,19,12,15,11,12,4,11,13,7,4,3,0,4,0,23
110118,10935,1428,521,12884,54,54,1229,1730,419,795,1689,748,1313,253,503,366,337,146,60,39,39,189,130,68,24,143,308,85,14,55,31,8,12,25,64,26,9,13,5,5,0,55
110119,317,97,18,432,3,3,28,55,15,9,69,6,25,3,8,7,27,3,14,0,2,5,1,5,5,2,15,0,0,3,2,0,0,0,3,1,1,0,0,1,0,2
110120,5654,934,389,6977,32,32,844,767,243,353,794,419,733,107,219,203,159,95,26,9,27,83,66,34,17,48,197,25,13,31,18,8,6,12,30,7,8,20,3,2,0,28
110121,1284,315,76,1675,8,8,242,242,44,68,164,74,109,11,38,27,59,23,42,5,4,12,13,10,2,21,16,4,0,5,5,1,2,6,21,2,3,3,1,0,0,5
110122,2321,688,207,3216,24,24,176,1361,43,20,182,26,89,21,23,13,61,22,43,1,0,11,19,31,3,49,36,7,5,17,4,3,1,7,11,14,2,9,3,0,0,8
110123,11968,1301,691,13960,60,60,1679,1312,848,1176,1325,1047,1309,398,656,383,271,139,106,42,62,187,115,50,34,86,299,84,37,56,38,19,22,23,53,12,14,6,7,4,0,69
110124,3107,609,198,3914,18,18,443,690,128,159,355,169,335,65,100,103,101,28,19,7,28,54,25,14,7,32,92,16,13,14,7,6,6,7,33,6,7,12,0,0,0,26
110125,922,201,108,1231,6,6,168,149,54,49,88,50,118,21,34,21,35,3,11,9,3,7,3,6,1,14,41,3,1,8,3,1,1,4,8,1,0,3,1,0,0,3
110126,2472,439,183,3094,14,14,290,470,70,149,366,137,312,43,102,59,84,41,67,10,20,31,12,8,4,33,70,10,7,8,4,2,2,3,9,2,4,4,0,6,0,33
110127,8641,1094,468,10203,44,44,1305,779,535,696,1047,705,1047,292,458,306,202,128,80,39,39,138,81,50,35,93,257,52,20,38,21,12,9,15,59,16,12,17,7,3,0,48
110128,7023,969,324,8316,36,36,1171,711,437,593,816,514,920,224,332,178,214,80,92,34,34,83,74,46,16,66,123,33,18,42,30,17,11,15,39,7,6,9,7,1,0,30
110131,1599,566,118,2283,20,20,111,796,76,15,141,14,84,1,2,5,102,9,23,11,0,18,4,16,3,58,33,3,4,15,0,5,1,5,27,4,1,5,1,0,0,6
110132,3274,489,188,3951,17,17,467,357,189,221,441,236,453,88,141,92,68,54,38,10,27,66,20,40,9,44,73,16,5,18,16,6,5,19,19,5,2,18,1,0,0,10
110133,12091,2221,856,15168,66,66,1561,2008,472,842,1652,903,1285,285,545,355,358,143,118,37,39,199,115,64,33,148,339,64,43,77,35,23,24,44,94,28,18,34,12,8,0,86
110134,5784,941,423,7148,31,31,966,841,411,353,629,391,783,143,221,153,177,34,67,22,24,86,49,37,7,72,117,16,19,32,10,8,8,12,23,28,7,9,7,1,0,21
110136,1410,202,86,1698,8,8,254,206,89,50,211,91,153,20,52,48,38,13,11,4,6,38,4,12,5,19,41,6,1,5,2,5,3,5,3,4,0,1,2,0,0,8
110201,8718,1091,505,10314,46,46,1402,728,753,843,920,789,1091,258,391,238,231,103,45,66,62,106,81,33,15,79,133,67,10,43,25,20,17,20,69,13,8,14,3,8,0,34
110202,768,269,100,1137,6,6,233,80,30,34,74,52,71,9,30,29,49,9,4,3,2,8,3,3,1,5,11,1,1,5,3,0,1,5,2,2,2,1,0,2,0,3
110203,1163,531,185,1879,14,14,144,536,56,24,137,16,34,4,6,12,46,6,19,1,4,9,7,10,3,24,21,1,0,11,2,3,2,2,6,3,0,3,1,1,0,9
110204,2492,747,239,3478,22,22,661,735,156,45,234,46,155,8,24,29,108,10,43,2,5,28,5,19,5,41,54,6,5,15,3,5,3,5,11,9,3,4,3,0,0,7
110205,690,202,50,942,6,6,170,279,22,12,69,25,14,2,9,2,30,5,17,1,1,6,1,6,1,4,7,0,0,1,0,0,0,0,2,1,0,0,1,0,0,2
110206,1385,310,192,1887,9,9,364,180,90,50,146,65,177,16,28,57,57,16,7,1,2,16,11,9,0,8,35,3,5,4,5,1,2,4,11,6,2,1,2,0,0,4
110207,606,156,59,821,5,5,190,66,27,16,82,29,27,15,16,11,38,8,5,0,2,8,3,9,1,6,9,2,0,4,0,2,0,3,10,4,0,2,0,0,0,11
110208,889,132,58,1079,5,5,93,188,27,58,123,46,141,15,26,26,35,10,4,2,3,5,3,7,0,21,29,2,1,5,2,2,2,2,6,0,1,0,0,0,0,4
110209,696,151,78,925,6,6,135,265,20,10,92,19,43,2,9,13,22,2,11,0,2,3,2,3,1,6,14,0,1,2,0,1,0,1,8,3,1,2,1,0,0,2
110210,2874,440,285,3599,16,16,753,225,242,205,231,253,314,63,101,62,75,25,30,25,21,24,23,15,6,19,57,16,6,12,12,6,3,9,18,3,3,3,3,1,0,10
110211,840,113,46,999,5,5,201,43,86,39,75,78,104,24,19,21,34,10,7,9,3,7,3,6,2,5,20,6,4,2,2,2,1,2,7,0,1,3,1,1,0,12
110212,1167,178,74,1419,7,7,258,152,86,82,115,93,108,22,26,29,43,14,12,5,4,10,8,6,3,7,21,4,8,6,2,3,1,3,24,2,2,3,0,0,0,5
110213,2484,608,183,3275,15,15,530,342,112,175,255,218,212,48,97,69,94,29,23,20,8,19,11,23,5,16,81,16,7,13,16,8,0,9,8,3,2,7,3,0,0,5
110214,1071,205,74,1350,7,7,275,82,70,57,99,60,177,28,38,24,41,10,6,3,7,12,9,6,1,7,15,9,5,10,1,0,0,4,4,1,2,0,2,1,0,5
110215,2461,774,248,3483,19,19,868,319,86,66,349,55,201,12,37,57,86,17,40,5,13,33,16,17,5,37,45,10,6,27,5,2,3,6,11,7,2,6,2,3,0,7
110301,8604,964,521,10089,44,44,1243,363,850,995,657,902,1520,307,358,215,188,116,78,105,48,95,57,79,29,54,46,95,25,14,34,4,10,20,28,5,7,4,4,10,0,39
110302,2977,642,228,3847,20,20,544,351,135,173,280,194,577,41,83,74,113,44,37,11,6,29,13,48,3,40,38,26,3,24,10,4,7,8,21,4,4,6,4,2,0,20
110303,2564,524,224,3312,16,16,712,345,128,95,289,173,210,34,47,45,112,36,31,39,9,32,16,28,8,24,42,12,8,18,5,4,3,5,17,4,2,11,4,5,0,11
110304,755,99,46,900,4,4,126,55,64,47,82,105,95,24,24,22,26,10,4,3,3,11,8,9,3,6,5,3,3,2,2,1,0,2,1,2,3,1,1,0,0,2
110305,836,147,66,1049,5,5,198,72,48,57,107,38,81,12,21,17,27,20,6,6,23,11,7,21,5,9,15,11,4,4,2,1,0,1,3,4,0,2,1,0,0,2
110306,1382,226,106,1714,8,8,303,113,75,117,132,126,192,33,45,29,44,10,10,5,11,29,13,13,6,5,24,9,4,5,3,3,2,4,5,1,3,1,0,1,0,6
110307,1019,124,82,1225,6,6,191,81,56,77,86,117,153,41,43,19,49,15,12,3,0,12,8,7,1,6,9,5,2,5,0,3,0,2,9,2,1,0,1,2,0,1
110308,586,69,63,718,4,4,99,40,45,41,56,45,129,6,17,11,25,8,7,2,5,2,3,4,0,7,3,7,5,11,1,1,0,1,2,0,1,0,0,1,0,1
110309,1352,219,99,1670,8,8,342,83,90,76,97,195,188,23,38,35,53,8,15,4,6,13,8,4,1,9,14,9,5,6,7,2,0,4,4,3,2,2,1,0,0,5
110310,347,65,46,458,3,3,59,35,24,23,33,33,64,2,8,9,11,6,12,2,2,3,0,5,0,3,0,1,0,1,0,0,0,5,2,1,0,0,0,0,0,3
110311,580,57,48,685,4,4,108,50,51,25,71,28,103,4,15,23,24,11,10,6,2,2,11,6,1,1,5,0,0,6,2,2,0,3,3,1,2,0,0,0,0,4
110312,880,153,88,1121,5,5,194,55,36,45,87,90,156,34,21,14,23,16,9,5,9,15,12,7,7,8,13,4,0,7,3,0,0,1,3,0,2,0,1,1,0,2
110313,766,116,52,934,5,5,152,27,32,46,100,57,121,13,24,23,20,18,4,3,5,10,9,48,1,3,13,2,5,9,3,0,2,4,1,7,0,2,2,0,0,0
110314,835,151,61,1047,6,6,150,94,48,58,105,52,143,17,44,13,29,10,4,1,3,5,6,10,2,5,4,10,1,6,1,1,1,0,1,0,3,1,0,0,0,7
110315,1035,184,87,1306,7,7,227,159,58,44,110,67,143,10,29,20,32,7,9,5,6,10,7,9,5,15,16,3,1,13,4,4,2,0,11,1,1,1,1,1,0,4
110316,908,213,71,1192,6,6,134,191,45,35,140,63,112,11,13,16,34,11,8,9,3,11,2,10,3,6,12,3,0,5,1,3,0,1,11,1,0,1,2,0,0,11
110317,681,189,47,917,5,5,270,122,44,15,83,26,34,0,4,4,10,14,5,0,2,6,6,5,1,2,10,0,3,2,0,0,0,1,6,0,0,0,4,0,0,2
110318,570,82,39,691,4,4,100,25,43,56,50,61,78,17,17,20,18,9,5,15,4,6,3,6,0,5,3,1,1,5,0,1,1,1,5,2,1,1,0,1,0,9
110319,1242,209,80,1531,7,7,152,82,72,87,123,114,293,25,44,30,53,22,9,4,6,16,13,8,2,6,14,14,3,10,6,3,3,2,6,7,1,2,0,1,0,9
110320,522,122,38,682,4,4,72,67,31,19,63,39,98,10,13,18,20,10,9,3,0,6,1,11,0,8,3,1,2,6,1,0,1,1,6,1,0,0,0,0,0,2
110321,978,201,53,1232,6,6,164,97,49,48,95,55,190,20,17,29,76,36,12,6,5,5,2,12,4,10,10,3,1,11,2,3,3,1,4,1,4,1,0,0,0,2
110322,995,148,61,1204,6,6,199,62,77,65,116,91,156,22,24,30,37,18,8,9,5,9,7,7,1,7,3,6,2,5,3,1,5,1,7,2,1,0,1,0,0,8
110323,753,139,49,941,5,5,104,72,50,52,49,44,229,18,15,13,41,6,8,2,8,2,2,12,0,6,6,2,1,2,0,1,0,1,2,0,1,0,0,0,0,4
110324,694,236,71,1001,5,5,206,77,30,19,78,35,48,8,25,10,43,13,18,1,2,12,3,7,0,16,5,2,1,5,3,0,1,1,13,1,2,2,1,0,0,6
110325,499,136,69,704,4,4,122,77,12,18,93,25,46,9,5,3,29,8,11,0,1,3,6,1,0,3,4,1,1,6,0,2,0,4,1,2,2,1,0,0,0,3
110326,1356,185,59,1600,8,8,306,139,81,101,130,114,176,45,52,22,31,16,5,15,2,17,6,3,4,14,10,7,6,3,9,0,0,6,21,4,2,1,0,1,0,7
110327,399,53,17,469,3,3,85,32,26,16,29,28,109,9,12,4,8,4,6,2,0,0,3,1,2,2,6,3,0,3,0,2,0,1,1,1,1,0,0,0,0,3
110328,1829,517,238,2584,12,12,506,246,52,96,157,139,161,34,44,44,98,33,21,6,8,19,16,17,3,9,38,14,3,17,3,2,4,7,13,3,0,3,0,4,0,9
110329,561,108,45,714,4,4,129,46,29,50,55,20,91,6,22,9,26,3,13,5,1,5,1,3,1,6,5,3,0,8,2,1,1,4,6,4,0,0,2,0,0,4
110330,733,80,38,851,4,4,138,74,42,34,68,30,219,6,16,9,37,9,5,3,2,4,3,7,0,8,1,5,0,1,1,0,1,0,2,1,0,1,1,1,0,4
110331,658,123,54,835,4,4,166,75,26,42,74,51,83,7,18,16,15,18,3,2,1,8,2,18,1,5,9,3,1,5,2,0,1,3,0,2,0,0,0,0,0,1
110332,404,98,40,542,3,3,119,63,19,8,43,24,27,4,7,5,49,5,5,0,1,1,1,3,1,1,4,1,0,2,1,0,0,1,0,1,1,1,1,1,0,4
110333,1563,206,113,1882,9,9,258,125,136,124,147,143,212,39,71,37,57,24,10,7,7,31,13,17,3,12,13,7,13,7,6,4,2,6,19,4,2,1,1,0,0,5
110334,4584,630,282,5496,24,24,670,392,319,420,404,489,728,143,179,118,130,61,49,27,15,72,39,45,10,44,38,23,15,18,17,8,8,7,23,8,9,5,2,3,0,46
110401,5088,785,395,6268,29,29,634,552,248,326,663,353,780,152,200,144,189,155,73,26,26,59,46,42,15,45,89,55,8,35,19,12,9,12,72,9,3,8,2,3,0,24
110402,2217,497,174,2888,14,14,297,513,118,103,296,94,182,51,57,67,92,49,21,10,15,52,29,15,5,39,20,6,7,9,6,7,3,7,17,5,3,4,2,1,0,15
110403,849,155,69,1073,6,6,128,124,48,41,125,29,111,23,12,20,22,36,8,11,3,19,3,6,3,6,21,5,1,9,3,1,2,4,11,2,2,1,1,0,0,8
110404,1687,601,211,2499,15,15,220,783,39,28,151,24,107,8,22,23,80,11,24,7,2,15,6,12,0,22,22,0,0,11,4,4,1,4,29,4,4,5,1,0,0,14
110501,24645,3928,1611,30184,133,133,5281,1561,1987,2052,2526,2397,2782,846,1087,594,518,464,189,94,118,279,162,154,64,134,241,149,63,112,125,49,59,71,190,37,36,60,17,13,0,134
110502,4511,1217,477,6205,28,28,1710,348,273,214,439,288,365,80,109,80,110,64,24,13,16,30,19,28,8,24,38,21,11,21,11,13,3,16,78,10,5,13,6,0,0,23
110503,1040,280,101,1421,7,7,272,212,69,50,99,51,74,7,14,34,45,13,13,2,1,17,1,6,3,4,14,8,2,8,2,3,3,3,3,1,1,1,0,0,0,4
110504,4154,1539,578,6271,28,28,1133,926,236,122,412,162,193,43,101,61,240,36,39,17,16,84,29,32,4,30,78,11,9,34,9,8,5,12,14,4,5,20,5,3,0,21
110505,1683,409,142,2234,10,10,345,205,76,115,249,84,155,38,53,55,75,32,22,2,14,25,21,11,2,17,23,9,2,9,4,5,4,4,9,4,1,1,2,3,0,7
110506,2917,907,319,4143,19,19,961,560,93,146,328,118,133,33,64,49,102,24,30,9,12,65,10,18,4,30,37,7,2,22,7,8,2,7,10,5,2,5,2,1,0,11
110507,1595,541,297,2433,12,12,495,175,204,59,142,66,100,21,22,36,75,23,18,2,12,16,10,18,1,20,16,4,1,11,6,6,11,2,6,3,4,1,3,0,0,6
110508,1461,384,215,2060,12,12,469,133,85,62,117,64,139,19,44,26,49,54,21,10,13,13,18,13,2,23,14,6,1,17,5,7,2,6,8,5,3,5,1,3,0,4
110509,1709,718,229,2656,13,13,355,645,62,29,147,44,54,11,26,26,100,14,17,3,7,29,2,12,4,19,27,5,1,16,0,4,9,5,11,5,2,6,3,3,0,6
110601,7151,884,509,8544,39,39,942,538,396,673,817,664,991,267,311,232,216,258,47,31,48,108,73,71,12,62,58,47,23,28,45,34,7,27,40,9,14,8,9,1,0,44
110602,453,106,27,586,3,3,62,56,16,22,63,23,70,3,6,11,12,14,3,1,2,14,5,34,1,3,9,3,0,2,1,5,0,1,3,0,0,0,2,1,0,5
110603,742,100,52,894,4,4,47,184,22,82,94,21,63,28,33,14,34,8,10,1,1,29,10,13,2,13,13,1,0,3,1,0,0,1,5,1,1,2,0,0,0,5
110604,537,167,46,750,6,6,137,50,22,24,51,33,65,20,12,4,23,17,9,4,5,3,7,2,2,2,5,1,1,4,1,2,2,2,20,1,2,0,0,0,0,4
110605,1833,261,71,2165,12,12,204,331,53,134,241,156,178,46,114,59,68,45,11,2,9,48,12,15,7,23,14,12,3,8,6,3,1,6,5,2,0,2,2,1,0,12
110606,863,120,55,1038,5,5,123,72,54,70,87,54,136,22,38,19,19,52,4,10,7,21,5,6,3,12,8,5,0,5,9,3,1,3,5,2,3,0,0,0,0,5
110607,391,109,24,524,3,3,94,26,15,41,38,21,48,4,11,10,21,9,10,1,1,4,4,3,2,3,4,7,0,3,2,2,1,1,1,0,0,0,0,0,0,4
110608,476,82,27,585,3,3,48,118,20,11,124,12,24,7,11,10,17,8,3,0,1,13,17,3,1,8,5,1,0,4,2,1,1,3,0,0,1,0,0,1,0,1
110609,1525,239,119,1883,9,9,200,180,65,95,233,105,184,33,84,37,78,56,11,2,5,33,20,13,0,14,15,11,2,11,4,5,3,3,5,1,2,3,3,1,0,8
110610,3907,449,214,4570,21,21,491,226,311,394,432,368,521,165,164,90,82,145,35,25,31,81,50,28,14,37,25,39,11,11,25,18,7,13,17,13,8,4,1,4,0,21
110701,16465,3940,1363,21768,103,103,3667,2504,1503,678,2020,1145,1190,321,462,263,325,154,166,63,45,256,236,167,65,452,191,49,33,70,60,34,25,38,138,19,15,26,4,21,0,60
110702,2655,651,223,3529,16,16,444,615,176,61,378,138,144,34,58,43,89,20,51,22,19,35,48,30,5,65,36,8,2,16,14,4,4,5,21,45,4,6,0,2,0,13
110703,2393,563,197,3153,15,15,313,726,129,45,479,97,103,24,58,44,98,22,22,11,4,26,25,13,8,68,28,1,2,13,2,2,4,3,5,2,3,3,2,2,0,6
110704,10614,2920,1013,14547,72,72,2490,2212,635,319,1641,555,466,120,243,167,215,96,104,20,39,160,245,96,24,249,183,27,16,68,25,19,18,22,48,21,7,19,8,5,0,32
110705,1873,554,187,2614,15,15,298,790,80,34,218,57,75,11,32,11,64,6,18,4,3,23,14,22,7,38,17,1,2,9,6,1,0,5,14,4,0,1,2,1,0,5
110706,21929,6391,1941,30261,159,159,4462,5533,858,558,3574,655,1118,278,479,367,646,152,205,47,127,368,194,289,68,779,348,39,23,143,56,95,14,71,163,59,19,43,17,7,0,75
110707,9652,2839,1010,13501,66,66,1906,2498,513,332,1265,406,633,124,221,155,247,90,151,10,28,133,95,101,29,237,123,25,13,41,35,12,12,26,89,26,3,25,8,6,0,34
110708,7506,3087,852,11445,86,86,2621,2213,164,54,464,124,483,66,56,47,185,40,130,8,17,63,52,71,21,212,129,4,6,48,8,34,5,16,59,19,7,24,8,7,0,41
110709,1482,393,63,1938,13,13,57,979,18,13,137,10,19,5,7,7,27,50,1,1,2,5,11,18,2,45,39,2,2,6,0,1,0,2,4,1,2,4,2,0,0,3
110801,14935,2982,1023,18940,88,88,3655,1208,1577,1002,1720,1011,1289,371,426,326,452,141,292,112,60,140,122,129,40,203,172,59,42,66,49,19,14,27,86,25,6,23,14,2,0,55
110802,12748,2443,1011,16202,77,77,3040,1239,1283,731,1541,822,1132,315,410,280,347,170,126,57,37,151,138,105,33,149,182,46,25,49,45,26,15,40,102,22,15,9,13,4,0,49
110803,1033,235,69,1337,8,8,243,166,73,31,144,50,97,10,15,12,47,13,3,5,3,15,17,13,6,20,16,1,4,5,3,4,0,2,6,2,1,1,1,0,0,4
110804,2500,735,213,3448,19,19,754,404,166,62,338,93,208,23,41,33,51,26,20,2,10,21,12,21,6,49,22,2,5,11,33,5,7,1,45,1,0,3,2,0,0,23
110805,21295,5538,1470,28303,138,138,4722,4863,829,743,3383,869,1161,277,589,407,641,123,135,37,45,306,147,120,43,567,241,44,29,99,48,21,24,55,503,52,28,28,29,8,0,79
110806,19987,5708,1817,27512,151,151,4823,4682,819,598,2927,721,1317,235,439,308,543,131,217,44,65,299,115,149,62,408,276,41,36,118,50,30,22,44,267,39,44,27,16,5,0,70
110901,14678,2169,848,17695,79,79,1989,1583,886,1112,1380,1077,2265,388,687,455,365,174,102,64,93,189,184,91,37,120,762,79,58,110,69,28,30,37,97,11,18,46,14,7,0,71
110902,3936,768,331,5035,23,23,445,501,215,193,447,222,558,71,133,94,95,24,29,17,12,36,40,22,13,50,562,9,16,29,9,6,5,8,23,6,7,21,3,2,0,13
110903,2480,411,228,3119,15,15,418,169,78,117,260,126,354,52,90,84,65,37,19,18,23,29,23,9,2,25,366,19,3,14,10,6,4,5,13,9,1,19,1,3,0,9
110904,1759,336,167,2262,11,11,277,187,92,155,166,152,239,50,65,56,41,22,18,8,8,23,26,5,5,14,82,6,7,6,4,2,3,3,12,3,2,7,1,1,0,11
110905,4624,623,305,5552,23,23,822,485,274,312,502,391,618,98,202,105,115,44,52,10,19,59,41,19,8,45,238,22,12,14,12,9,6,15,24,6,6,13,3,1,0,22
110906,1508,244,97,1849,9,9,147,166,84,111,194,88,243,33,42,48,52,18,14,13,3,14,17,10,3,22,95,7,1,15,1,4,8,6,21,3,3,12,0,0,0,10
110907,1329,429,161,1919,10,10,212,297,43,46,187,37,142,16,23,24,59,12,78,1,3,19,6,11,2,27,28,7,2,9,1,3,0,5,7,2,1,5,5,1,0,8
110908,1898,300,123,2321,10,10,291,230,81,90,200,150,242,28,67,59,36,23,14,4,7,38,17,8,10,15,204,4,6,7,5,6,1,7,13,4,4,11,2,1,0,13
110909,1337,431,133,1901,10,10,230,238,36,46,243,21,180,16,26,18,44,8,20,3,5,11,4,20,8,72,40,2,3,6,2,1,2,7,6,5,1,4,0,0,0,9
120101,206883,15966,9161,232010,1008,1008,30370,3599,34639,34018,10282,16973,12620,10426,9427,3374,1482,791,4552,6961,969,1268,794,745,16372,422,496,1130,1058,338,1065,465,410,295,322,203,161,73,184,118,0,481
120102,38194,5701,2703,46598,202,202,8196,2074,2761,4019,2604,3368,1453,1365,1930,729,628,103,1157,929,181,491,286,128,4337,149,186,159,99,105,157,59,200,68,54,37,38,22,18,13,0,91
120103,21976,3174,1577,26727,113,113,5162,859,1377,1741,1230,1842,995,637,757,266,861,48,1078,627,153,176,212,84,3169,72,96,74,48,53,73,56,45,37,29,26,18,13,10,6,0,46
120104,23240,2927,1439,27606,114,114,3613,735,1557,2405,1370,1762,838,837,961,316,357,54,616,988,100,142,178,80,5525,59,46,195,66,85,93,44,29,28,40,22,16,13,11,5,0,54
120105,10674,1671,796,13141,57,57,1748,387,634,1051,729,1110,365,326,469,141,345,31,468,300,60,137,93,46,1853,43,37,43,30,20,45,12,27,14,12,26,15,7,25,3,0,22
120106,2807,479,191,3477,15,15,1004,148,117,147,176,136,106,44,51,20,73,9,131,123,16,20,13,12,376,9,26,5,2,7,6,4,2,3,5,2,4,3,1,0,0,6
120107,43106,3887,1963,48956,213,213,6411,579,9617,6492,1903,3479,2112,2131,2012,669,299,145,1318,1389,282,175,159,124,2369,78,87,199,192,62,210,105,136,71,55,61,25,19,33,24,0,84
120109,2483,407,176,3066,14,14,885,137,129,126,186,85,56,48,51,25,68,7,66,46,8,41,18,8,409,13,15,8,1,6,7,2,4,9,0,5,3,3,4,0,0,4
120110,74835,10936,5581,91352,388,388,16274,3333,3478,6890,5789,7081,2631,2305,3246,1551,1217,177,2080,2803,339,720,833,301,10984,358,337,323,156,269,301,132,141,157,81,133,94,52,40,18,0,211
120111,94086,12960,5949,112995,481,481,19746,3065,5780,10910,6128,10051,4057,3823,4562,1874,1509,360,3125,2996,523,880,765,371,9936,352,348,495,257,305,386,185,331,168,145,126,112,44,79,20,0,272
120112,33798,4670,2496,40964,173,173,7353,1014,1569,3323,2581,4382,1360,1068,1414,685,523,99,895,851,157,341,314,127,4569,173,123,153,50,167,119,44,62,42,35,33,21,18,22,5,0,106
120113,14544,2597,956,18097,71,71,3339,1194,347,832,1292,1011,420,350,622,262,363,31,537,345,88,155,182,89,2501,101,84,48,22,57,58,52,21,32,14,19,19,7,14,10,0,26
120201,1116,315,139,1570,12,12,230,250,19,26,51,25,80,11,8,8,119,1,97,9,7,18,1,26,42,43,8,6,0,7,1,2,1,2,2,6,4,3,1,0,0,2
120202,721,401,195,1317,10,10,179,264,27,7,58,5,21,2,4,1,40,5,37,2,1,5,0,8,11,6,12,3,0,7,0,0,1,3,0,1,2,4,1,0,0,4
120203,392,190,92,674,7,7,49,199,3,3,19,4,5,0,5,1,24,0,27,1,11,2,3,5,5,0,8,0,0,4,1,2,0,0,2,3,0,2,1,0,0,3
120204,719,210,53,982,7,7,201,174,10,15,107,22,47,10,7,12,21,0,35,9,3,4,5,3,2,0,10,0,0,6,2,3,1,0,1,2,1,1,1,1,0,3
120205,341,111,35,487,5,5,30,117,10,2,43,3,28,3,2,1,36,0,34,7,2,2,0,5,0,5,4,0,1,1,0,1,0,1,0,0,0,2,0,0,0,1
120206,768,211,86,1065,7,7,119,291,24,14,58,21,48,5,3,10,42,2,67,8,3,8,3,6,6,1,16,2,0,3,1,1,0,0,0,1,1,3,0,0,0,1
120301,29205,7393,3518,40116,178,178,7414,7553,740,1305,3291,1035,1157,441,818,370,671,113,930,456,169,297,235,110,974,175,262,80,22,95,78,51,24,54,39,65,35,41,22,13,0,70
120302,2515,981,372,3868,27,27,341,1335,23,27,157,24,25,9,12,16,136,9,65,36,27,39,22,21,44,15,37,3,2,19,14,5,3,7,3,8,2,13,2,2,0,12
120303,3757,1076,405,5238,25,25,795,1617,75,42,341,40,40,17,43,28,146,5,193,48,13,37,17,53,87,11,31,7,1,15,5,8,2,4,3,7,1,8,6,1,0,10
120304,5325,2248,830,8403,54,54,1127,2269,79,48,388,68,102,21,32,31,213,8,197,71,54,53,45,59,141,85,75,10,3,36,12,10,4,15,6,8,12,17,10,1,0,15
120305,4735,1560,712,7007,36,36,1364,1758,83,61,444,51,54,17,45,36,160,7,164,53,32,32,35,30,122,12,45,8,1,28,6,5,1,8,7,15,12,16,7,3,0,13
120306,4233,1799,1277,7309,41,41,737,2274,52,38,265,31,36,17,27,32,119,8,131,58,28,40,30,57,106,21,37,3,2,18,7,10,3,6,3,6,3,13,0,3,0,12
120307,3303,1030,507,4840,28,28,981,1217,32,36,316,33,49,11,12,17,110,9,161,40,14,33,20,14,73,34,24,5,1,17,3,3,4,4,2,4,1,7,3,1,0,12
120308,3078,1618,532,5228,39,39,317,1808,45,32,130,24,40,19,22,23,177,6,97,62,19,21,11,40,27,34,27,1,0,20,4,7,6,11,2,12,11,9,2,1,0,11
120401,12966,3300,2128,18394,80,80,2485,3136,286,817,1401,484,774,202,335,180,363,37,533,152,103,88,95,144,755,72,119,39,11,70,34,33,28,28,31,16,29,14,11,7,0,54
120402,3474,884,498,4856,24,24,759,1144,75,51,331,94,93,30,47,41,81,8,141,63,32,42,20,36,256,21,32,6,1,18,4,2,3,7,5,4,5,3,3,7,0,9
120403,1091,205,121,1417,9,9,313,120,18,11,79,44,23,7,4,7,194,5,74,22,9,9,2,15,58,2,10,41,0,3,1,2,2,7,0,2,0,0,2,4,0,1
120404,1888,573,377,2838,16,16,720,408,11,52,127,51,40,18,21,27,49,7,93,20,10,13,9,56,73,10,17,2,1,11,3,10,3,6,1,2,2,4,1,0,0,10
120405,466,108,46,620,4,4,133,57,19,19,30,17,18,3,10,6,28,1,23,12,15,1,3,2,45,4,3,2,0,5,1,0,1,1,3,0,0,0,2,0,0,2
120408,435,84,24,543,3,3,91,86,10,13,14,14,3,7,3,2,65,4,53,17,2,2,1,0,38,1,2,2,0,1,1,0,0,0,0,1,0,1,0,0,0,1
120409,2130,624,241,2995,18,18,493,480,47,61,154,96,46,8,60,20,93,6,86,106,11,18,11,6,235,14,29,1,1,5,3,10,2,7,3,3,4,5,1,1,0,4
120410,2709,832,346,3887,27,27,428,1161,39,56,265,29,69,11,24,23,68,3,158,30,9,25,12,26,178,6,20,0,0,19,6,8,4,6,2,6,6,4,2,2,0,4
120411,7763,3094,1638,12495,71,71,1878,2580,138,201,559,185,158,56,125,83,232,16,268,153,64,95,75,109,387,48,111,23,6,48,12,17,12,26,11,17,10,12,12,6,0,30
120413,1656,361,215,2232,11,11,336,350,47,43,173,75,47,13,30,9,55,1,112,35,2,12,21,18,211,8,18,7,4,8,2,2,1,4,1,5,1,2,1,0,0,2
120501,9167,1926,759,11852,52,52,1974,812,671,946,718,781,448,325,267,138,376,45,425,372,65,73,82,56,231,24,44,41,36,24,36,20,11,20,19,13,15,6,28,2,0,23
120503,18107,3854,1872,23833,106,106,4956,2142,1017,1324,1431,1640,515,465,592,193,458,72,982,319,119,291,144,54,599,81,112,79,35,64,110,43,46,40,18,23,32,11,22,7,0,71
120504,1868,545,203,2616,12,12,410,253,81,100,160,189,74,65,56,23,53,3,116,79,12,18,14,12,56,22,10,2,5,5,8,6,2,4,3,6,9,2,4,3,0,3
120506,16263,2520,1257,20040,87,87,3676,816,1664,1821,1157,1787,654,637,548,253,367,99,763,356,116,113,122,51,578,35,72,72,75,57,95,47,29,28,31,32,40,11,18,2,0,41
120508,5915,1562,517,7994,35,35,1659,813,231,310,375,547,136,96,149,60,314,19,415,147,28,89,49,28,216,41,50,9,11,18,17,16,10,13,4,14,8,4,4,0,0,15
120601,4788,1783,740,7311,40,40,752,1967,80,87,457,120,117,28,46,46,175,17,262,25,120,59,16,50,53,159,54,5,3,20,4,7,9,10,1,11,6,6,4,0,0,12
120602,1320,512,158,1990,11,11,253,556,13,6,90,72,17,13,8,9,47,3,59,5,16,9,8,7,40,21,17,0,0,6,1,1,27,2,2,6,3,2,1,0,0,0
120603,3691,1769,610,6070,36,36,894,1245,48,39,396,73,57,26,24,23,120,11,224,11,72,44,36,27,35,124,32,6,7,29,6,9,7,16,10,3,2,15,5,4,0,11
120604,502,176,51,729,5,5,74,100,15,7,41,12,16,2,6,6,65,1,104,5,6,8,4,5,6,9,3,0,0,1,0,3,0,0,0,1,2,0,0,0,0,0
120605,1758,751,347,2856,18,18,391,566,38,21,170,47,25,15,18,17,79,13,117,11,26,19,6,29,16,30,49,5,1,8,3,4,3,9,0,5,1,9,0,4,0,3
120606,1035,520,152,1707,12,12,116,405,8,9,108,24,13,5,11,12,54,2,79,7,14,14,24,11,20,13,36,1,1,16,7,2,3,4,2,6,2,3,1,0,0,2
120607,333,146,45,524,6,6,65,66,4,8,31,4,23,3,4,2,14,1,62,0,1,3,3,7,4,8,2,0,0,3,2,1,2,5,0,2,1,1,0,0,0,1
120608,4651,1920,647,7218,41,41,802,1551,82,139,460,282,112,51,102,76,137,28,76,17,61,71,123,47,115,73,63,10,2,27,32,8,11,22,6,15,14,5,11,1,0,19
120609,2311,772,263,3346,24,24,328,918,40,57,162,85,21,19,32,28,240,13,22,14,22,52,8,11,48,29,58,33,1,9,17,3,3,6,2,3,4,10,4,1,0,8
120610,597,254,24,875,6,6,79,227,9,18,77,11,16,4,11,5,27,3,22,2,7,5,5,3,18,10,8,0,1,7,3,0,2,5,1,4,0,1,1,1,0,4
120611,921,305,65,1291,8,8,163,440,3,7,87,18,14,4,6,19,22,2,45,9,7,4,1,9,1,19,5,5,1,5,0,3,0,3,1,3,2,1,11,0,0,1
120612,968,298,127,1393,9,9,251,343,25,12,81,9,27,4,3,2,38,4,82,1,12,6,9,9,7,3,13,4,0,4,0,3,2,3,1,4,1,2,0,1,0,2
120613,746,276,93,1115,7,7,161,221,8,5,107,18,24,2,4,2,55,2,46,2,4,5,2,13,16,16,10,0,1,6,0,3,3,2,0,5,2,0,1,0,0,0
120701,8193,2360,1098,11651,60,60,1354,2614,164,197,645,241,464,68,123,60,405,16,510,160,91,44,125,269,327,57,66,14,5,40,9,10,20,21,6,10,13,13,7,11,0,14
120702,2211,436,237,2884,15,15,599,663,66,84,125,44,99,25,23,11,115,4,86,41,14,17,29,6,88,16,25,3,1,5,3,1,5,3,2,2,0,1,0,1,0,4
120703,602,228,73,903,6,6,186,161,14,6,52,18,27,4,4,5,17,1,30,10,3,7,6,2,23,6,12,0,0,0,0,0,1,1,1,0,1,0,1,0,0,3
120704,795,324,108,1227,8,8,163,246,20,5,63,21,27,5,10,8,34,3,79,2,30,9,8,3,16,2,15,6,0,3,0,0,2,2,2,3,0,2,0,0,0,6
120705,4176,1147,540,5863,31,31,667,1103,56,145,334,176,103,80,82,59,469,31,174,130,26,44,48,25,253,15,52,19,6,16,17,4,10,10,3,3,1,7,0,1,0,7
120706,1050,338,110,1498,9,9,277,274,15,5,62,20,29,7,11,13,64,2,81,12,7,8,53,5,61,16,10,0,0,3,2,0,5,2,2,1,2,0,0,0,0,1
120707,1094,401,79,1574,12,12,223,458,11,16,84,13,14,3,7,7,95,4,65,12,2,11,1,6,19,9,8,0,1,4,0,2,0,0,2,5,0,1,0,2,0,9
120708,1517,712,263,2492,14,14,485,448,11,18,133,16,32,4,29,11,66,7,33,7,9,13,25,4,83,8,38,0,5,3,3,1,12,3,0,4,0,3,1,0,0,2
120801,3714,874,379,4967,23,23,1042,167,256,238,241,296,107,90,153,44,111,21,215,177,25,20,25,17,302,12,19,13,14,21,8,7,31,8,6,6,4,4,3,2,0,9
120802,8332,1643,749,10724,48,48,2170,386,405,612,642,1048,253,173,276,90,274,33,285,389,47,89,60,34,734,24,41,26,17,37,27,12,54,17,19,19,2,6,9,5,0,17
120803,5848,1086,522,7456,33,33,1428,193,433,481,322,555,239,172,179,65,234,23,227,384,53,67,31,26,509,24,25,23,18,32,25,11,8,10,15,6,6,3,10,0,0,11
120804,10058,1680,813,12551,55,55,1667,360,553,781,800,1239,466,317,328,144,467,71,434,674,107,97,76,47,935,24,51,38,48,33,36,30,105,37,16,15,7,8,13,5,0,29
120805,1515,232,106,1853,8,8,355,38,51,135,111,146,44,18,46,15,76,1,88,104,8,15,9,3,206,4,6,3,2,6,3,4,3,2,2,4,1,1,1,0,0,4
120806,13102,2786,1206,17094,73,73,4404,588,693,1034,847,1065,265,283,417,171,331,36,404,456,88,108,139,31,1088,28,73,35,39,41,47,49,22,37,14,19,13,9,192,3,0,33
120807,4109,889,274,5272,23,23,1164,189,187,395,241,422,137,110,154,44,158,15,113,171,28,39,41,18,292,12,16,14,10,12,14,20,36,10,3,10,0,1,25,1,0,7
120808,14511,2568,1345,18424,81,81,3351,758,961,1234,1109,1341,551,463,460,196,624,66,710,625,159,110,115,61,1072,27,82,66,42,70,54,31,32,27,22,15,12,4,11,10,0,40
120901,26975,4705,1981,33661,148,148,7470,2488,1784,2121,2249,2545,1000,666,928,352,526,122,1499,708,115,305,200,127,625,67,152,127,77,73,149,56,45,64,30,23,87,17,28,8,0,142
120902,9494,2150,975,12619,55,55,2639,2081,280,462,904,722,193,121,267,104,351,25,342,104,27,155,62,58,243,51,65,35,23,33,24,17,9,21,7,8,14,7,8,2,0,30
120903,6222,1505,610,8337,37,37,1498,834,308,419,500,971,189,128,133,89,117,42,365,67,65,80,54,20,114,27,43,11,7,20,15,3,4,16,7,13,9,3,4,2,0,45
121001,5072,1416,795,7283,36,36,1032,1092,157,89,348,138,91,26,51,40,425,11,470,308,33,34,24,33,451,28,53,8,7,17,5,11,17,11,14,6,7,9,4,1,0,21
121002,2644,1027,378,4049,20,20,760,432,50,47,205,74,69,24,29,21,150,5,228,241,12,26,9,20,166,4,13,6,2,16,3,2,4,3,0,5,3,2,3,1,0,9
121003,2019,574,245,2838,20,20,338,842,23,15,109,34,24,7,4,26,201,2,136,51,9,15,13,12,88,16,8,1,1,8,1,4,9,4,3,3,1,4,1,1,0,5
121004,1865,600,228,2693,18,18,195,903,35,12,95,22,25,3,6,3,123,2,110,94,7,18,1,50,96,17,5,4,0,6,0,1,9,6,5,4,2,3,0,1,0,2
121101,6585,1804,668,9057,43,43,2740,472,248,387,419,331,162,102,115,43,68,16,375,263,31,33,45,89,407,28,50,16,11,25,16,11,20,19,7,8,4,6,4,2,0,12
121102,1395,405,237,2037,13,13,587,191,23,21,55,32,12,16,7,4,114,0,132,31,7,12,12,12,90,1,12,2,0,5,1,0,4,3,0,1,2,2,1,0,0,3
121103,838,291,77,1206,8,8,373,81,25,17,36,34,23,9,8,13,40,3,37,23,5,2,11,10,38,1,9,1,1,5,1,2,20,2,0,1,1,0,1,0,0,5
121104,1804,870,491,3165,19,19,616,447,26,50,71,64,21,7,17,5,109,0,90,8,11,10,18,16,75,4,34,1,6,8,2,6,53,5,2,5,3,4,2,1,0,7
121201,29026,6801,2516,38343,162,162,4991,3827,1113,1663,3214,1846,610,544,1166,450,965,68,881,783,115,294,340,242,4731,250,217,66,62,121,95,44,28,75,26,30,31,21,11,8,0,98
121202,18262,4269,1769,24300,102,102,2681,4325,521,865,2636,1029,351,325,650,302,528,34,351,293,84,292,150,166,1942,191,135,30,21,69,63,22,23,40,18,32,10,19,5,4,0,55
121203,3412,770,261,4443,19,19,913,417,77,162,337,277,128,64,104,40,130,12,209,113,35,47,28,12,162,23,25,11,5,15,11,9,1,10,3,8,9,4,0,2,0,9
130101,173185,16952,10979,201116,877,877,33810,8913,27491,25673,10541,17882,9705,8041,6427,2526,1501,1096,2866,2948,1386,1470,1869,864,790,441,596,1323,1062,461,1095,392,307,263,236,164,301,113,79,108,0,445
130102,9283,1916,816,12015,54,54,2491,2279,331,441,653,560,285,127,182,91,256,48,243,464,142,98,163,37,41,44,76,28,14,25,24,14,20,10,7,12,17,14,2,12,0,32
130103,7133,761,289,8183,34,34,2219,211,318,891,439,946,361,192,274,89,42,17,68,568,54,47,112,19,40,12,12,24,23,18,49,11,22,6,3,5,9,2,5,4,0,21
130104,1517,167,76,1760,8,8,284,42,219,222,87,163,67,70,50,14,16,17,102,80,8,11,12,4,8,2,0,3,11,4,8,2,0,3,2,1,0,1,3,0,0,1
130105,4784,925,681,6390,29,29,1463,881,239,237,388,358,154,85,100,55,111,40,121,166,52,57,46,28,31,37,24,9,8,22,12,5,14,11,3,5,4,7,6,2,0,3
130106,20797,3089,1303,25189,105,105,8003,744,958,2211,1424,1959,1054,508,506,349,171,98,283,505,187,173,545,66,133,50,216,108,127,116,64,40,28,26,20,26,14,32,4,12,0,37
130107,1393,268,106,1767,8,8,370,204,67,48,124,184,60,20,18,11,25,5,57,51,15,6,45,9,6,5,11,1,1,3,27,0,3,5,1,7,3,1,0,0,0,0
130108,4235,825,285,5345,24,24,1204,687,165,147,388,633,137,46,71,37,95,11,111,134,87,20,56,44,24,13,31,9,7,8,9,16,11,5,4,5,11,3,2,0,0,4
130109,4610,785,497,5892,25,25,1304,532,205,447,303,504,208,103,111,65,86,49,116,100,45,33,178,21,21,10,21,29,7,11,19,7,22,9,3,4,14,7,1,2,0,13
130110,19658,2072,1253,22983,97,97,4408,1012,2802,2544,1194,2299,1030,860,694,278,212,133,421,313,167,197,219,75,98,55,59,115,102,47,89,34,26,37,28,20,18,9,10,13,0,40
130111,9190,1170,561,10921,46,46,2534,725,738,1060,524,1129,396,339,296,140,87,51,285,159,65,113,127,40,53,28,29,50,36,34,42,11,17,13,11,8,10,11,5,10,0,14
130112,92486,11837,6779,111102,477,477,24337,9917,6908,10273,7530,9117,4146,2997,3600,1643,938,480,1451,958,787,1049,1209,625,558,322,497,636,375,281,465,181,213,167,100,96,167,86,45,72,0,260
130113,5846,911,353,7110,35,35,2172,232,304,607,516,426,144,138,176,132,77,12,118,152,19,123,251,12,22,21,17,22,11,46,27,10,11,11,5,12,5,6,1,3,0,5
130114,4660,876,312,5848,29,29,1299,616,200,283,387,452,185,137,86,58,91,22,254,137,115,39,40,58,27,12,22,20,13,16,16,4,35,9,6,1,4,2,4,4,0,6
130115,50867,5876,3578,60321,256,256,12576,3342,4501,6629,3776,6254,2337,1945,2079,884,458,254,981,641,348,496,760,320,280,146,196,352,229,151,285,97,89,79,53,38,63,28,28,26,0,146
130116,7963,1417,656,10036,46,46,3188,688,465,394,570,749,291,142,141,112,167,58,256,264,39,46,85,47,33,30,31,29,19,18,12,10,16,10,6,9,10,8,4,2,0,14
130117,11139,1889,1148,14176,62,62,3372,1839,536,613,949,772,379,242,265,155,187,41,367,582,100,83,163,60,81,24,65,34,24,36,28,14,41,22,11,13,9,7,3,2,0,20
130118,13190,2283,1698,17171,74,74,2683,1615,1254,1150,960,1517,520,401,389,237,292,105,552,299,222,106,213,61,59,29,83,77,41,57,70,34,25,11,18,16,20,15,3,5,0,51
130119,4238,646,312,5196,24,24,1313,458,272,285,304,373,163,94,92,54,66,22,272,71,95,42,58,30,16,7,17,10,12,14,10,2,43,9,6,5,4,6,2,3,0,8
130120,13815,2458,2030,18303,81,81,2718,1988,888,1129,1168,1630,696,397,331,241,296,174,337,110,230,168,479,123,105,44,74,77,25,74,86,20,38,27,20,17,34,14,13,9,0,35
130201,19119,2794,1291,23204,101,101,4700,1620,1448,2128,1237,1652,1083,606,617,256,224,119,763,783,449,244,344,55,68,72,85,93,68,33,92,34,31,33,48,12,21,16,10,37,0,38
130202,4599,1870,464,6933,45,45,686,2603,62,31,306,22,108,15,12,29,70,10,118,42,86,42,37,22,10,17,72,10,3,24,2,14,3,9,4,31,16,18,25,36,0,4
130203,3810,1320,359,5489,46,46,430,2544,28,25,220,24,54,12,14,18,87,13,40,11,24,24,27,40,8,28,33,6,12,13,3,8,3,6,2,11,5,10,3,21,0,3
130204,10117,2335,791,13243,60,60,3037,2693,345,339,950,430,263,115,151,102,152,82,366,294,108,108,148,41,32,33,84,29,17,33,14,14,8,21,8,13,11,21,6,10,0,39
130205,7683,1255,572,9510,40,40,2548,728,358,494,488,792,322,136,192,127,116,30,253,205,233,82,235,27,29,30,30,39,33,24,25,12,23,10,3,6,5,11,2,16,0,19
130206,2263,470,247,2980,13,13,808,391,84,87,131,206,78,21,42,29,33,8,58,56,38,15,84,4,1,8,24,7,4,9,8,5,1,5,0,4,0,4,2,4,0,4
130301,38820,6554,2954,48328,205,205,8631,4247,2735,4496,2790,3796,2075,1389,1220,696,521,245,692,1327,524,436,574,172,182,99,174,401,339,151,196,76,256,85,51,26,39,48,31,25,0,75
130302,1008,263,80,1351,6,6,306,275,28,22,88,47,36,3,17,23,14,1,25,29,29,17,12,1,3,4,8,1,3,3,1,1,1,3,1,1,0,0,2,1,0,2
130303,5507,898,366,6771,30,30,2303,699,184,317,340,398,253,90,82,66,128,45,49,156,59,49,70,9,39,13,18,15,26,26,14,9,7,8,2,7,7,11,4,0,0,4
130304,9508,2091,997,12596,54,54,3011,1703,368,503,749,637,270,164,204,98,110,34,485,483,77,91,84,34,33,39,47,64,69,31,28,6,13,14,9,7,8,6,14,1,0,14
130305,10406,1983,928,13317,57,57,3739,1561,269,447,807,797,320,149,163,194,150,49,887,189,83,75,112,33,49,20,33,37,63,31,21,12,29,19,8,11,15,12,1,5,0,16
130306,24752,4924,2150,31826,133,133,11738,3002,363,655,2695,927,430,148,247,359,401,139,616,1269,238,335,143,85,221,56,97,44,88,87,38,18,123,35,19,39,17,25,8,16,0,31
130307,14689,3353,1646,19688,86,86,4117,2518,651,1150,1454,859,635,301,336,324,350,129,177,482,159,174,163,75,60,34,90,43,37,70,40,23,81,35,12,27,30,14,7,7,0,25
130308,22779,6996,1937,31712,139,139,6084,5271,705,917,2969,1013,647,314,352,257,1590,77,312,447,163,255,275,90,112,76,122,90,112,91,94,36,36,43,16,71,35,37,17,4,0,49
130309,4246,804,252,5302,23,23,1530,838,118,218,313,283,127,61,64,50,50,23,52,202,39,67,38,18,20,10,15,37,13,7,8,3,14,3,1,10,5,5,0,1,0,3
130310,6347,1726,542,8615,48,48,2069,1801,112,169,673,178,149,32,65,77,69,50,61,326,101,39,50,45,41,28,30,18,8,39,13,9,12,11,9,19,6,14,3,3,0,18
130311,8153,1222,456,9831,44,44,2663,588,244,960,672,765,303,239,351,138,113,56,135,189,108,142,137,23,44,18,43,32,16,48,24,17,9,22,5,11,13,7,1,2,0,15
130312,13020,2423,900,16343,69,69,5955,1637,342,665,956,925,324,164,185,225,247,37,189,228,87,142,156,56,90,45,42,34,88,30,24,7,18,23,12,38,11,10,5,2,0,21
140101,209298,17698,8200,235196,1030,1030,37722,3729,42701,34471,15809,18785,16247,10039,7715,2650,1342,1171,723,3128,1476,980,785,821,309,725,553,1236,1614,487,1078,601,429,291,244,155,203,106,135,91,0,747
140102,32561,3974,1843,38378,164,164,7283,2102,3675,3480,4032,3811,1815,1140,1270,504,441,145,225,178,247,322,199,166,115,237,122,184,97,118,139,63,36,68,40,43,33,27,22,5,0,177
140103,345555,33623,14558,393736,1650,1650,59579,17041,53710,45176,42312,30298,25995,14264,16016,6636,4499,2285,1689,1586,1717,3059,1984,1423,689,2688,1586,2085,1229,1100,1416,676,978,632,627,441,373,192,225,146,0,1203
140104,75717,4787,2628,83132,355,355,11518,1026,18411,13683,4271,6226,6117,4177,2435,775,438,373,201,1595,501,312,291,230,95,181,129,454,709,119,387,223,163,100,80,89,59,38,40,40,0,231
140105,175650,19175,8930,203755,855,855,33705,8868,19709,23674,21539,17172,13430,6811,7981,3110,2019,941,1350,1086,2274,1868,1129,873,540,1067,684,1014,792,582,916,386,256,324,232,203,156,95,130,69,0,665
140106,312713,30207,16757,359677,1493,1493,60810,7489,45298,47539,29640,33629,24994,13946,13411,4820,3219,1691,2147,2574,2453,2405,1711,1371,644,1348,828,1728,1538,977,1823,706,525,488,563,295,242,195,261,215,0,1190
140107,28539,2570,1336,32445,139,139,4028,689,8701,3682,2249,2030,2172,1138,936,400,325,187,152,185,139,174,110,110,39,126,107,170,101,55,112,74,49,67,53,47,24,11,25,8,0,64
140108,194049,16645,7547,218241,896,896,36945,3369,42385,31280,14094,19042,11180,9106,8012,2176,1379,868,752,1338,1514,1012,808,585,235,606,393,1067,1703,462,1075,506,420,250,248,155,162,81,100,113,0,628
140109,132444,11557,6792,150793,642,642,27194,3229,28091,18346,11757,11311,8257,5407,4528,1811,882,883,467,1751,1737,627,556,466,171,508,318,607,824,303,601,330,279,171,159,103,155,65,85,69,0,396
140110,126023,5265,2767,134055,571,571,13362,1334,52286,21058,6596,5739,7172,5942,3924,912,412,336,249,1055,532,454,229,246,74,245,159,488,1004,155,507,374,313,123,140,214,50,25,47,54,0,213
140111,62181,3150,1600,66931,294,294,7694,645,19656,11966,2904,4007,4671,3480,1921,526,185,257,130,927,443,183,165,160,39,82,101,326,603,60,244,198,209,58,66,34,43,19,25,30,0,124
140112,110196,11920,5395,127511,548,548,16881,6333,21535,12444,13180,9979,8322,4039,4567,1944,1325,852,716,387,546,895,606,520,241,841,562,560,291,389,431,218,145,239,149,251,237,78,111,64,0,318
140113,49132,5344,2656,57132,247,247,11598,2309,8022,10372,4535,3670,1666,1126,1429,563,435,164,290,280,255,281,226,159,76,257,121,170,166,220,143,175,48,58,22,67,45,20,29,14,0,121
140114,55570,2691,1835,60096,255,255,6652,480,19327,11968,1918,2978,3504,3077,1553,368,128,174,123,671,306,125,142,138,25,70,70,259,604,56,227,151,169,47,61,21,27,8,22,15,0,106
140115,99042,3536,1830,104408,480,480,8778,592,49106,19094,2533,3225,4605,4442,1733,406,129,180,141,763,328,168,125,176,37,73,63,359,788,68,223,269,230,72,70,34,42,13,25,25,0,127
140116,61409,7238,3185,71832,315,315,11471,4661,7218,8323,9100,4706,3451,1909,2811,1055,929,375,390,225,516,576,311,317,177,643,253,372,168,256,216,140,88,124,104,104,81,26,38,39,0,236
140117,72915,3112,1930,77957,337,337,8207,527,24665,16026,2438,3733,5267,4428,2091,480,157,223,140,1092,392,183,140,201,39,84,71,347,799,60,299,223,238,47,68,28,24,32,26,23,0,117
140118,8647,1199,409,10255,44,44,1909,439,1026,1095,1013,960,338,237,281,179,130,69,67,34,97,61,82,40,32,43,37,155,24,38,40,19,20,55,38,15,21,5,11,3,0,34
140119,183673,20673,9723,214069,889,889,35916,10383,19021,23837,23691,19679,12704,6819,8454,3394,2161,996,1307,837,2653,1899,1111,757,590,1298,614,1029,604,599,855,371,329,269,188,177,170,111,150,97,0,603
140120,7041,582,231,7854,32,32,1055,279,2133,1229,567,444,294,186,170,75,121,51,33,47,26,39,29,21,11,62,17,24,25,20,14,16,9,10,2,3,11,4,0,4,0,10
140121,5217,439,163,5819,25,25,974,152,1212,823,374,478,250,169,195,70,42,26,23,72,31,41,31,18,10,32,20,33,30,10,21,12,7,4,3,3,3,3,4,24,0,17
140122,116304,11023,5261,132588,567,567,24252,2476,20920,17177,9037,11464,7763,5041,4312,1618,1290,652,443,1961,986,574,534,378,190,463,269,582,903,252,573,322,223,170,165,119,136,51,115,62,0,831
140123,4969,496,214,5679,24,24,931,165,1169,713,416,485,271,166,178,73,54,17,29,12,40,26,15,17,8,22,16,19,21,32,17,9,9,6,8,6,2,3,5,1,0,8
140124,59640,1834,774,62248,281,281,5169,349,32750,9896,1326,1760,2435,2276,1011,247,71,92,82,410,175,107,78,63,24,37,21,165,403,29,143,159,184,33,31,10,11,10,10,16,0,57
140125,31890,1868,833,34591,151,151,4540,220,10978,6206,1183,2070,1875,1549,838,209,84,78,81,470,183,65,59,85,31,30,33,112,322,43,143,72,80,45,26,11,20,13,16,12,0,108
140126,376817,31534,16650,425001,1798,1798,66670,7811,70663,62694,31228,37783,28899,17071,15099,5138,2982,1940,1807,3657,2496,2303,1696,1345,729,1499,840,2217,2094,1098,1901,897,662,512,456,295,297,200,344,202,0,1292
140127,110125,5132,2846,118103,504,504,13828,906,36371,23445,4263,6509,6665,6342,3589,708,229,288,222,1381,555,384,220,234,69,146,133,572,1102,101,451,343,346,93,118,85,79,25,25,57,0,241
140128,1165,57,19,1241,6,6,141,29,579,144,50,77,34,22,22,5,2,4,2,2,1,3,4,4,2,0,1,14,2,5,4,3,2,1,0,1,0,0,0,2,0,3
140129,13339,1559,731,15629,67,67,2601,1064,1796,1334,1713,1322,770,464,524,205,216,77,71,80,142,153,82,78,52,95,54,60,65,45,56,36,22,18,15,12,13,7,11,7,0,79
140130,255422,10922,5394,271738,1184,1184,27327,1899,113282,45237,9486,11455,11977,12117,6728,1566,580,658,462,1867,1156,624,484,441,171,362,221,1047,2203,331,1325,600,524,185,201,90,95,46,78,114,0,483
140131,73313,4554,2156,80023,337,337,10389,808,22869,14126,3724,4829,4273,3912,2188,648,306,308,147,891,611,222,197,186,56,116,95,392,717,97,296,215,169,85,64,45,58,27,32,38,0,177
140132,257576,27975,12776,298327,1241,1241,54389,9179,36608,36596,26265,27949,15488,10805,11540,4081,2893,1426,1220,1762,1768,1761,1383,1178,545,1635,743,1363,1145,830,1379,563,398,430,370,230,278,130,143,146,0,957
140133,93359,3719,2097,99175,431,431,9662,894,30684,19926,3787,4737,8040,5505,2627,713,235,340,203,1307,520,283,198,294,69,87,117,520,983,94,410,273,285,69,87,40,64,15,40,40,0,211
140134,123793,13498,7549,144840,595,595,25496,3630,16897,17483,12357,13713,9319,4919,5150,1914,1383,750,857,1049,963,772,830,694,317,642,384,732,591,431,594,304,216,193,164,125,153,76,91,63,0,541
140135,118845,12504,5655,137004,572,572,26380,3418,15835,15710,13454,12155,8539,4495,4924,1849,1866,732,940,914,748,784,833,467,192,562,367,587,506,377,526,260,180,180,169,109,147,63,57,57,0,463
140136,231315,20841,14371,266527,1115,1115,41439,6215,44364,37090,21794,23071,14380,9234,9535,3665,1891,1390,1401,1578,1271,1268,1184,856,336,1142,567,1314,1219,699,1106,581,402,357,255,210,234,101,184,211,0,771
140137,578584,57869,27080,663533,2744,2744,114265,22040,69443,79605,69097,58945,42879,23952,28266,10151,7515,3624,3767,3518,4784,4563,3241,2442,1254,3944,1866,3516,2340,1660,2881,1617,897,943,685,717,794,341,338,310,0,2384
140138,41654,2816,1376,45846,191,191,6860,783,10664,7033,3331,3019,2826,1903,1561,461,261,191,122,431,284,196,130,134,59,116,76,211,253,76,180,105,88,53,39,38,23,14,19,11,0,103
140139,20702,2409,1241,24352,103,103,3596,1290,2906,2400,3240,1663,1267,687,997,337,347,164,108,84,145,213,140,121,57,179,104,87,63,84,88,38,34,63,20,41,34,14,11,9,0,71
140140,92830,3090,1472,97392,420,420,8951,572,44371,16574,2787,3350,4424,4474,2141,440,129,213,132,840,333,177,124,151,41,72,68,367,830,50,302,246,271,67,59,33,53,19,23,13,0,133
140141,247249,24959,15050,287258,1163,1163,54018,6624,30874,37445,25002,29228,15131,10597,11607,4033,2163,1406,1231,1755,1547,1601,1323,1055,438,1274,723,1524,1041,748,1273,586,334,435,295,248,331,131,189,143,0,896
140142,216190,15846,8380,240416,983,983,34136,4599,41341,37980,20284,19486,18092,10257,8862,3089,1781,1025,958,1686,1329,1238,943,764,388,883,480,1223,1168,469,1025,510,298,273,236,164,183,82,139,101,0,718
140143,138778,11971,5166,155915,630,630,23921,4493,22609,19831,16334,12800,11765,5677,6239,2470,1438,940,710,709,749,1160,769,599,250,700,484,768,528,383,661,302,232,175,160,118,156,78,57,53,0,460
140201,703,183,93,979,6,6,135,97,16,38,78,13,102,18,13,21,12,4,16,4,5,13,6,13,3,15,9,54,4,4,0,0,0,2,3,1,0,1,1,0,0,2
140205,331,126,38,495,4,4,125,55,24,11,28,13,21,8,2,2,7,1,6,0,5,2,1,3,1,3,1,0,0,1,1,1,0,1,1,3,0,2,1,0,0,1
140206,638,151,71,860,6,6,341,34,29,16,69,28,32,12,4,6,12,1,16,1,3,2,1,4,1,6,4,2,0,2,3,1,0,1,1,2,2,2,0,0,0,0
140207,325,93,48,466,4,4,103,62,23,5,26,21,19,1,4,1,11,0,9,5,2,5,2,3,3,3,6,0,0,1,0,0,1,3,0,2,0,2,0,0,0,2
140208,513,100,15,628,4,4,216,56,44,16,55,30,22,16,9,3,6,8,4,2,0,1,1,4,4,2,1,0,0,2,3,1,0,1,1,2,3,0,0,0,0,0
140301,1693,341,100,2134,10,10,414,241,117,115,121,112,294,23,30,19,30,15,16,32,10,10,11,31,2,2,5,7,4,5,1,2,2,3,1,2,3,1,2,1,0,9
140302,509,78,24,611,3,3,239,36,40,23,36,32,34,3,7,2,7,3,7,7,9,3,2,0,0,2,0,1,2,3,2,0,1,1,1,1,0,0,3,0,0,2
140303,442,77,17,536,3,3,165,41,31,18,36,26,51,14,4,6,7,2,6,2,3,9,0,2,0,2,6,1,1,2,1,0,1,2,0,1,1,0,1,0,0,0
140304,563,104,35,702,4,4,193,44,35,29,55,29,73,6,10,7,11,1,9,9,16,1,0,7,4,1,2,2,0,2,4,3,0,3,2,0,3,0,0,0,0,2
140305,574,123,21,718,4,4,190,72,34,16,56,28,93,7,8,5,11,7,10,2,3,3,2,9,3,5,1,2,0,1,1,1,0,2,1,0,1,0,0,0,0,0
140306,307,54,19,380,2,2,110,30,28,15,27,19,33,6,7,4,5,0,1,2,3,0,2,2,0,2,2,2,2,1,1,0,0,2,0,1,0,0,0,0,0,0
140307,3750,865,345,4960,21,21,833,454,226,300,656,249,328,85,141,48,41,27,34,20,26,55,20,34,11,32,34,19,4,14,10,4,0,16,2,4,3,3,1,2,0,14
140401,30298,4301,1768,36367,153,153,6629,1791,3136,3183,2855,3631,2068,1072,1226,712,631,193,241,214,209,225,414,136,64,348,178,169,117,104,147,70,60,68,49,59,96,40,22,19,0,122
140402,1423,229,77,1729,7,7,522,55,98,129,133,119,67,20,32,25,39,12,16,18,16,6,17,6,5,6,7,34,7,7,2,2,6,4,0,2,3,2,3,0,0,3
140403,4520,663,256,5439,23,23,1264,255,494,410,435,584,254,98,141,70,82,30,33,52,34,23,54,12,18,27,16,17,10,12,22,9,14,7,8,9,3,5,4,3,0,11
140404,976,175,29,1180,5,5,319,55,90,110,111,87,40,25,12,5,13,11,3,16,6,3,7,5,5,12,6,0,3,1,3,3,9,2,4,0,2,2,1,0,0,5
140405,11379,1876,675,13930,56,56,2445,673,920,1174,1419,1567,661,328,518,211,306,56,84,66,222,92,109,44,26,72,42,53,28,31,39,24,19,14,21,9,12,15,28,5,0,46
140406,22039,2916,1329,26284,108,108,5255,1651,1620,1801,2196,3180,1339,602,920,635,472,121,253,154,98,196,308,81,61,160,186,88,98,107,131,33,27,43,26,32,37,37,7,12,0,72
140407,2337,442,175,2954,13,13,777,74,387,171,137,246,125,45,70,39,31,14,52,17,9,15,13,10,3,5,17,4,8,11,6,4,2,1,4,5,10,1,14,4,0,6
140408,17836,2546,986,21368,85,85,3697,1047,1518,2208,2039,1954,1100,656,827,330,480,149,146,204,193,127,179,73,46,113,104,118,49,77,77,70,24,42,21,29,24,13,18,10,0,74
140409,13172,2154,702,16028,66,66,3571,1138,913,912,1294,1694,637,341,469,364,314,70,162,48,52,131,330,57,34,83,78,48,35,71,92,41,22,24,16,21,26,17,7,19,0,41
140410,1112,214,35,1361,6,6,314,128,102,43,137,61,103,20,26,29,11,11,13,5,9,9,19,8,6,10,11,8,6,3,6,4,0,2,0,1,0,1,3,0,0,3
140411,8813,1622,716,11151,46,46,2130,671,682,625,904,1187,467,197,378,247,296,47,122,20,51,57,201,61,26,68,70,35,20,34,40,26,15,21,15,17,11,9,15,6,0,42
140412,2590,288,90,2968,12,12,521,119,252,305,290,328,201,131,67,28,39,21,13,60,28,7,34,12,10,9,12,13,17,9,12,7,11,6,5,2,8,1,2,1,0,9
140413,7487,1259,498,9244,38,38,2081,585,573,548,738,977,403,160,264,164,211,45,117,31,49,49,105,29,17,71,51,26,25,25,37,16,10,14,6,13,11,7,9,0,0,20
140414,1752,242,51,2045,8,8,357,73,188,244,189,195,128,56,70,25,33,12,7,40,18,5,17,8,12,8,12,16,10,6,4,4,1,0,3,2,2,1,2,1,0,3
140415,757,96,33,886,4,4,170,124,59,27,55,57,101,9,10,37,12,9,7,2,10,5,12,1,4,11,3,2,2,2,2,0,2,2,3,2,1,0,1,0,0,13
140416,8051,1041,381,9473,38,38,1650,430,735,772,773,940,428,276,334,93,313,40,63,45,280,51,158,27,17,33,52,32,20,20,20,14,11,13,6,12,12,18,4,3,0,356
140501,35868,4069,2008,41945,192,192,7065,1256,4881,5127,3344,3462,2936,1521,1365,516,335,277,247,479,624,243,178,190,148,169,116,170,186,95,171,90,46,64,47,63,82,22,46,42,0,265
140502,1000,268,67,1335,8,8,472,155,46,23,97,24,36,7,9,7,19,15,5,2,9,6,5,11,3,9,9,0,0,4,6,3,1,3,2,1,1,1,3,1,0,5
140504,3258,562,214,4034,18,18,1116,66,201,412,295,373,176,116,125,37,41,25,33,21,43,21,29,15,14,7,6,10,3,6,13,7,2,5,3,5,1,2,16,2,0,11
140505,332,130,46,508,3,3,147,32,18,2,29,13,31,5,2,7,7,2,3,1,4,1,2,5,4,1,5,1,0,1,0,2,0,3,1,0,0,2,0,1,0,0
140506,14927,2029,962,17918,75,75,3188,647,1385,1852,1630,1435,1446,550,544,260,203,108,101,155,233,148,101,92,77,132,50,87,57,55,41,34,12,31,17,39,34,7,37,16,0,123
140507,18640,3085,1372,23097,96,96,3611,1675,1111,1603,2794,1849,1687,513,738,309,405,118,183,102,251,172,112,205,100,164,102,80,64,78,51,25,25,54,21,25,47,16,71,6,0,273
140508,1037,220,56,1313,8,8,615,45,45,28,123,41,44,8,13,5,8,2,5,8,1,8,3,5,5,5,2,1,0,2,0,2,1,2,4,0,2,1,1,0,0,2
140509,728,201,61,990,6,6,260,103,57,24,115,17,52,3,6,8,20,3,6,10,3,6,2,9,2,3,3,0,2,2,0,1,1,1,1,1,0,0,3,0,0,4
140511,523,112,19,654,4,4,286,45,25,17,42,15,25,5,5,4,2,8,4,3,4,2,1,8,1,4,2,1,2,0,1,1,0,1,1,2,1,2,1,0,0,2
140512,21381,2816,1359,25556,107,107,5136,1321,1782,2291,2559,2043,1845,659,824,306,313,142,140,240,281,160,142,114,85,158,75,88,51,74,71,44,14,62,26,39,35,6,46,13,0,196
140513,12289,2324,833,15446,65,65,2283,1937,740,902,2088,965,644,244,434,234,370,75,124,73,81,204,87,115,55,111,73,39,24,70,73,21,12,22,19,25,15,16,28,6,0,80
140516,14324,2420,1029,17773,73,73,3115,1784,662,1101,2619,1315,713,302,509,219,402,99,128,71,207,135,96,89,94,165,71,49,22,82,32,20,8,31,8,39,30,20,8,3,0,76
140601,2736,515,193,3444,15,15,656,253,264,225,295,179,309,62,96,34,63,43,40,21,9,14,23,19,5,11,27,11,3,6,10,5,5,6,4,1,6,0,4,1,0,26
140602,956,180,20,1156,6,6,311,47,92,60,122,60,90,21,26,9,10,9,12,7,6,12,7,6,0,4,5,8,3,8,4,2,0,0,2,5,2,0,0,1,0,5
140603,533,74,30,637,3,3,141,34,72,44,54,36,33,10,18,12,4,1,20,5,1,3,6,3,1,1,2,5,4,2,2,0,0,2,0,9,0,0,5,0,0,3
140604,241,31,16,288,2,2,52,26,22,18,30,8,31,6,4,7,9,4,2,3,1,3,2,5,0,1,3,1,0,0,0,0,0,3,0,0,0,0,0,0,0,0
140605,637,127,43,807,4,4,147,112,38,27,107,18,54,2,9,14,14,15,7,12,8,9,1,12,0,1,7,1,4,7,1,0,0,2,1,2,1,1,2,0,0,1
140606,406,68,15,489,3,3,113,66,17,21,73,21,15,9,10,9,7,4,1,9,2,5,3,2,2,0,3,0,2,4,0,0,1,1,0,3,0,1,0,0,0,2
140607,964,125,41,1130,6,6,145,217,60,62,132,64,87,26,27,19,31,17,14,1,5,7,3,4,1,7,5,8,3,3,4,0,3,2,1,2,0,0,2,0,0,2
140608,347,123,21,491,3,3,73,44,29,15,50,8,43,10,3,3,15,8,7,4,10,1,1,2,0,1,4,4,0,1,1,1,1,1,0,1,0,0,4,0,0,2
140609,608,139,89,836,5,5,141,63,60,38,87,32,74,9,11,11,8,4,18,9,4,3,3,1,0,2,4,3,0,3,2,2,0,1,1,8,1,1,1,0,0,3
140610,277,78,30,385,3,3,82,28,22,8,40,11,27,4,3,4,4,1,5,3,2,3,0,7,4,1,2,0,0,3,1,4,0,2,0,2,1,1,0,0,0,2
140611,492,73,47,612,4,4,162,30,33,22,108,27,25,5,9,5,8,2,2,18,0,1,3,12,0,0,5,2,1,4,1,1,0,2,1,2,0,0,0,0,0,1
140612,680,198,37,915,5,5,240,70,28,38,82,38,21,9,14,7,17,4,34,15,11,7,5,5,2,1,8,3,1,4,4,0,0,2,0,2,3,1,1,1,0,2
140613,4150,497,167,4814,21,21,846,221,725,468,391,336,372,124,136,54,43,27,53,20,13,53,29,26,9,23,22,16,6,9,11,16,5,30,6,10,6,3,12,5,0,24
140614,688,127,28,843,5,5,184,106,29,22,113,36,52,9,12,15,17,12,16,4,0,2,7,3,0,3,9,3,1,5,1,1,1,4,2,3,4,3,1,3,0,5
140615,25673,3425,1400,30498,135,135,5013,2548,1987,2234,4303,2193,1749,738,1150,516,402,230,154,102,159,262,150,190,94,423,212,151,66,108,104,64,26,28,41,75,33,26,19,15,0,108
140616,784,85,29,898,4,4,176,57,78,89,116,67,53,16,14,32,9,7,10,5,4,3,11,5,2,0,2,2,2,3,4,1,2,3,0,4,0,0,0,0,0,7
140617,682,171,33,886,5,5,352,35,49,17,87,36,20,3,4,3,3,1,11,4,2,1,6,7,2,3,18,4,0,4,1,2,1,0,0,0,1,2,2,0,0,1
140618,278,108,20,406,2,2,110,27,13,30,20,13,19,7,6,3,1,0,5,9,2,2,2,0,0,1,1,0,0,4,0,1,0,1,0,1,0,0,0,0,0,0
140619,170,38,24,232,2,2,57,17,12,4,17,11,17,3,0,6,1,0,9,3,1,0,1,0,1,1,2,0,0,0,0,0,1,0,0,2,0,0,2,0,0,2
140620,565,131,34,730,5,5,132,90,24,20,66,23,67,24,4,14,6,10,9,13,2,4,4,15,2,1,8,5,0,2,0,2,1,2,1,2,0,0,9,0,0,3
140621,2342,387,151,2880,13,13,592,160,233,185,298,175,210,52,89,32,62,19,36,5,18,19,14,11,10,14,15,17,1,14,6,2,6,8,3,16,7,3,1,2,0,7
140622,1164,171,82,1417,7,7,476,73,164,42,120,73,55,15,21,14,9,15,12,4,16,7,6,5,3,2,7,5,2,5,3,0,1,1,0,0,1,1,4,0,0,2
140623,111,25,7,143,1,1,28,6,5,5,18,8,9,2,3,2,0,1,9,1,8,1,1,0,0,1,0,0,0,1,0,1,0,0,0,0,0,0,0,1,0,0
140624,1554,185,64,1803,8,8,334,96,203,133,180,111,126,77,40,33,13,22,28,6,41,16,3,16,5,9,6,7,5,9,7,2,2,5,0,5,2,0,3,0,0,9
140625,7397,849,357,8603,37,37,1364,520,1304,815,785,573,515,252,294,124,90,81,111,33,43,53,50,48,15,40,51,37,22,21,21,20,3,11,8,11,9,6,25,4,0,38
140626,216,36,9,261,2,2,64,30,8,12,16,8,12,2,1,7,4,0,8,26,0,0,2,0,0,1,1,2,0,2,1,0,0,0,0,7,0,0,2,0,0,0
140627,356,78,13,447,2,2,135,14,29,39,44,25,6,10,5,2,4,8,6,8,1,1,1,2,0,1,4,0,2,0,0,1,0,0,0,2,2,1,1,0,0,2
140628,2677,382,105,3164,21,21,959,240,191,119,387,160,126,39,67,62,34,20,34,14,51,25,12,16,3,26,16,11,9,9,4,11,2,4,4,3,6,1,2,1,0,9
140629,1051,220,79,1350,6,6,211,150,103,64,143,59,114,21,21,13,28,10,19,7,5,2,9,5,1,7,5,2,0,4,3,0,1,2,4,4,2,4,1,0,0,27
140630,381,77,7,465,3,3,99,60,32,25,59,20,28,9,8,2,4,4,9,4,0,1,1,4,2,1,2,2,0,1,1,2,0,0,0,0,0,1,0,0,0,0
140631,189,42,11,242,2,2,48,21,22,17,22,9,17,3,3,3,3,0,5,2,0,0,0,7,0,1,0,1,0,1,1,0,0,1,0,0,1,0,0,0,0,1
140632,312,60,12,384,2,2,69,23,43,15,51,23,21,1,4,1,5,7,22,1,2,0,10,4,0,1,3,0,0,2,0,0,0,0,1,1,1,0,1,0,0,0
140701,638,152,35,825,5,5,86,137,39,52,63,41,82,14,10,12,9,10,6,11,24,3,3,8,1,3,5,6,1,1,1,0,1,4,1,1,0,2,1,0,0,0
140702,300,28,9,337,2,2,30,42,31,20,35,19,69,5,9,4,0,9,1,2,3,2,3,1,0,2,7,1,0,0,1,0,1,0,0,0,0,1,0,1,0,1
140703,714,177,43,934,6,6,172,161,56,21,71,27,74,9,9,23,17,2,6,0,5,7,5,9,1,11,8,1,5,4,1,1,0,1,0,1,0,1,2,0,0,3
140704,232,44,18,294,2,2,77,24,14,14,35,12,13,4,6,3,1,0,4,3,8,2,1,1,0,3,2,0,0,1,0,2,0,1,0,0,0,0,0,0,0,1
140705,299,46,12,357,4,4,79,86,7,8,31,12,23,2,4,5,7,0,1,1,1,3,5,3,0,11,3,1,0,2,1,0,0,1,0,0,0,1,0,0,0,1
140706,285,55,13,353,2,2,29,57,25,11,20,17,47,3,3,11,5,1,3,0,3,18,3,3,1,0,5,3,2,2,6,1,0,1,0,1,1,0,0,0,0,3
140707,93,27,8,128,2,2,27,16,6,3,6,5,8,4,1,0,0,6,6,0,1,0,1,0,0,0,1,1,0,1,0,0,0,0,0,0,0,0,0,0,0,0
140708,130,26,9,165,1,1,52,5,4,15,9,17,10,1,0,4,4,0,3,0,2,0,0,1,0,0,0,0,0,0,0,0,0,1,0,0,0,0,1,0,0,1
140709,807,166,71,1044,8,8,137,199,47,32,109,39,86,7,14,22,17,4,11,5,1,7,6,9,2,11,14,1,0,7,2,1,3,2,1,6,1,2,0,0,0,2
140710,854,172,52,1078,7,7,148,318,28,17,77,24,62,6,11,49,28,5,7,0,10,2,5,8,2,16,5,0,2,4,1,2,1,1,1,1,3,3,1,0,0,6
140711,198,51,7,256,3,3,62,18,7,6,18,11,20,7,6,2,4,3,10,2,2,11,0,3,1,0,2,0,0,0,0,0,0,0,0,0,0,0,0,3,0,0
140712,269,32,12,313,3,3,71,36,22,16,17,5,68,7,2,3,2,3,2,0,0,3,1,2,0,2,2,1,0,1,0,0,1,0,1,1,0,0,0,0,0,0
140713,447,70,24,541,4,4,95,100,34,18,43,19,55,8,3,19,6,2,5,1,4,6,6,3,2,5,4,0,1,2,0,0,0,1,0,1,0,0,3,0,0,1
140714,425,82,25,532,3,3,115,77,8,28,46,18,46,4,9,7,3,12,2,0,3,6,3,4,0,3,11,2,2,2,1,1,0,1,0,4,1,2,0,1,0,3
140715,248,39,11,298,2,2,81,23,8,12,18,9,21,34,1,2,9,0,6,0,3,0,1,6,1,1,4,0,0,0,2,1,0,0,0,2,1,0,0,0,0,2
140716,245,57,20,322,3,3,85,31,15,13,22,11,34,8,2,2,2,4,2,0,0,1,0,0,1,0,3,1,1,1,1,0,0,0,0,0,2,1,0,2,0,0
140717,430,112,38,580,4,4,61,164,11,4,41,21,31,0,9,13,23,1,5,0,3,4,1,14,2,5,2,1,0,3,0,1,0,1,0,2,0,2,0,0,0,5
140718,158,19,12,189,2,2,31,10,9,14,14,9,29,5,0,5,2,2,2,4,8,0,2,2,0,2,1,1,0,2,2,0,0,0,0,0,0,0,0,0,0,2
140719,412,60,33,505,3,3,108,68,43,23,30,26,37,7,6,4,7,3,13,8,1,2,2,2,0,3,4,0,4,3,0,1,0,1,2,2,0,0,0,0,0,2
140720,335,80,31,446,3,3,135,24,8,15,43,16,26,13,2,3,10,2,2,7,1,0,2,8,1,2,3,2,0,2,2,3,0,2,0,0,0,0,1,0,0,0
140721,306,59,23,388,3,3,116,32,12,12,40,21,15,12,2,9,10,0,6,4,1,1,0,0,4,1,1,1,0,0,1,0,1,0,0,0,2,0,0,1,0,1
140722,130,21,4,155,1,1,42,11,8,2,13,12,9,4,2,0,3,1,2,0,11,0,1,0,0,0,2,0,0,0,0,0,0,0,4,0,0,0,0,1,0,2
140723,199,45,11,255,2,2,55,21,24,6,31,5,16,1,1,5,2,1,1,6,2,0,12,1,0,1,3,1,0,1,0,0,0,0,0,1,0,1,1,0,0,0
140724,321,34,20,375,3,3,114,40,12,13,48,14,30,7,2,6,3,4,5,0,0,0,0,1,1,0,2,3,0,1,0,0,2,0,1,0,1,0,7,0,0,4
140725,345,48,35,428,3,3,34,166,10,5,34,12,31,3,0,1,8,2,9,1,3,1,3,4,0,3,3,0,0,0,6,0,0,3,0,1,0,0,1,0,0,1
140726,403,63,21,487,4,4,49,155,9,11,43,12,31,2,8,8,19,2,4,2,11,4,2,4,1,3,6,0,1,2,2,0,0,3,0,5,1,0,0,0,0,3
140727,429,54,31,514,3,3,93,42,10,37,58,22,61,5,8,15,10,13,9,1,0,7,3,3,0,1,13,5,0,5,2,0,0,3,2,0,0,0,0,1,0,0
140728,976,191,107,1274,8,8,180,335,20,16,116,29,118,9,11,20,22,5,9,1,1,8,4,5,4,13,11,2,3,7,2,2,1,1,1,5,1,4,2,4,0,4
140729,168,31,3,202,2,2,16,23,13,16,19,4,42,6,1,3,5,6,1,2,0,1,0,0,0,0,6,0,0,3,0,0,0,0,0,0,0,0,0,0,0,1
140730,213,42,27,282,2,2,62,38,23,6,31,6,15,1,0,4,14,1,1,2,0,1,0,1,0,1,3,0,0,0,0,0,0,0,0,0,0,1,0,1,0,1
140731,496,91,24,611,4,4,120,137,13,17,77,10,38,3,4,9,15,1,14,1,3,1,6,3,0,9,6,2,1,2,0,1,0,1,0,1,0,1,0,0,0,0
140732,436,76,20,532,4,4,109,97,21,37,33,21,48,7,8,12,9,2,3,1,5,2,2,1,0,1,5,1,0,9,0,1,0,0,0,0,0,1,0,0,0,0
140733,879,153,51,1083,6,6,194,241,44,38,110,30,73,9,29,32,10,6,5,2,0,9,3,7,0,11,2,2,1,2,4,0,2,3,1,0,1,3,0,0,0,5
140801,58085,8829,4367,71281,299,299,15238,5135,5341,6088,5389,6159,2723,1769,2336,918,1086,313,460,341,475,543,446,312,210,301,326,262,214,254,248,138,85,126,77,73,189,73,107,49,0,281
140802,333,81,23,437,3,3,135,57,17,8,21,11,29,6,8,5,6,0,0,9,3,1,5,0,0,2,2,1,1,1,1,0,0,1,1,0,0,1,0,0,0,1
140803,396,87,20,503,3,3,152,30,20,27,28,15,50,5,6,3,9,3,2,6,4,2,0,2,2,3,9,1,3,0,1,3,2,2,2,0,1,0,0,2,0,1
140804,9495,1796,629,11920,51,51,2821,1278,623,678,962,859,454,212,304,146,205,44,86,28,95,106,70,43,35,56,71,36,30,55,21,32,14,22,9,14,13,9,14,4,0,46
140805,33826,5307,2577,41710,176,176,7271,3310,2953,3808,4082,3794,1619,972,1194,597,655,158,267,270,422,303,245,167,110,235,184,141,134,174,149,87,28,57,48,35,51,53,45,19,0,189
140806,1216,306,113,1635,9,9,518,154,43,25,148,61,46,12,8,10,40,8,12,12,19,7,2,13,5,4,13,1,1,7,3,2,1,1,16,10,6,2,2,0,0,4
140807,348,56,15,419,3,3,114,20,25,22,25,19,51,7,11,5,11,1,4,1,4,2,1,4,1,6,1,0,1,1,0,1,1,2,1,0,3,0,1,0,0,2
140808,459,82,21,562,3,3,250,48,23,10,22,15,20,4,11,4,7,3,4,7,0,11,3,4,0,0,4,1,1,1,1,0,0,0,0,0,2,0,1,0,0,2
140809,567,83,23,673,4,4,208,65,48,26,41,42,45,5,13,4,27,2,3,2,4,4,6,2,0,1,3,5,1,3,0,1,2,1,0,0,0,0,0,0,0,3
140810,356,82,13,451,3,3,124,33,19,7,52,26,38,2,5,7,2,6,12,0,1,1,1,4,1,1,2,1,0,1,0,2,0,0,0,1,3,1,0,1,0,2
140811,225,41,22,288,2,2,111,19,17,15,11,6,10,3,3,6,1,1,1,3,2,0,3,1,0,2,2,0,0,1,0,2,0,2,1,1,0,0,0,0,0,1
140812,416,91,19,526,4,4,175,34,17,21,33,27,30,1,2,6,8,3,3,17,2,3,4,2,4,3,3,0,2,3,2,2,0,0,0,3,2,1,3,0,0,0
140901,36759,5835,2251,44845,194,194,9459,2451,3431,3771,3853,3660,2282,1035,1621,570,619,242,403,344,266,278,300,194,160,242,205,144,111,319,163,69,56,89,28,57,91,41,37,33,0,135
140902,11387,1882,925,14194,66,66,2340,689,1061,974,1554,1169,1056,276,401,161,306,53,157,163,91,76,97,83,76,80,69,81,31,74,38,19,30,29,21,18,33,14,12,3,0,52
140903,9293,1720,680,11693,53,53,2811,835,575,669,1152,801,435,193,318,137,290,51,161,92,39,88,117,58,49,71,51,34,13,62,29,15,8,21,12,14,29,13,8,3,0,39
140904,12722,2764,882,16368,70,70,3735,1250,792,1122,1295,1297,598,248,394,165,283,67,149,94,77,159,107,98,60,127,107,38,40,116,38,34,20,25,15,20,22,21,32,7,0,70
140905,6292,1032,496,7820,35,35,1530,456,413,670,675,838,364,231,252,68,117,46,64,48,34,61,57,62,35,31,35,28,15,42,20,7,11,18,4,7,7,3,7,3,0,33
141001,3733,836,352,4921,25,25,602,522,170,296,670,215,287,122,156,86,123,52,55,32,44,51,30,29,3,20,28,22,5,20,15,4,4,13,2,14,8,4,3,1,0,25
141002,468,93,20,581,3,3,152,40,47,16,80,12,47,5,3,2,4,14,1,3,3,2,2,3,1,8,6,0,0,5,0,3,0,4,0,0,1,1,1,1,0,1
141003,303,50,12,365,3,3,142,27,19,13,29,13,13,2,4,4,2,3,2,8,2,2,1,3,2,9,0,0,0,1,0,0,0,0,1,0,0,0,0,0,0,1
141004,266,78,15,359,2,2,102,7,29,5,42,9,16,2,5,7,0,3,5,2,4,0,2,1,1,3,1,3,1,3,0,2,2,1,1,3,0,0,0,0,0,4
141005,1535,357,85,1977,12,12,580,110,100,127,179,74,77,14,39,26,33,20,17,17,14,9,8,10,1,3,6,6,5,7,5,3,6,21,0,4,3,4,2,1,0,4
141006,752,172,62,986,6,6,285,154,29,19,116,7,17,2,10,6,20,5,10,8,9,10,4,7,3,13,5,1,0,0,0,1,0,1,0,3,4,0,1,0,0,2
150101,68180,9637,4010,81827,395,395,15504,1807,6836,4778,3028,12843,4079,2238,1603,902,1532,652,2356,1058,3620,313,1151,306,107,147,361,433,297,392,214,334,159,129,242,118,95,77,39,108,0,322
150102,1357,368,128,1853,14,14,578,21,37,7,23,52,152,5,2,3,13,2,230,1,149,1,35,4,3,7,8,3,0,4,4,0,1,1,3,3,0,1,0,1,0,3
150103,5045,1441,530,7016,43,43,1534,291,115,58,174,529,497,26,39,35,105,54,420,14,662,17,150,20,10,26,43,38,17,30,12,24,12,14,5,9,7,20,7,11,0,20
150104,2401,518,205,3124,27,27,477,92,218,8,47,55,192,3,5,4,71,5,169,9,886,8,56,15,2,1,12,6,3,8,2,4,2,2,3,13,5,8,3,4,0,3
150105,3747,1268,391,5406,39,39,1030,293,392,26,94,182,96,25,19,17,82,21,357,20,565,10,201,24,5,7,54,6,38,32,0,13,9,6,11,13,14,27,7,37,0,14
150106,3111,978,235,4324,41,41,444,154,604,9,33,59,209,2,6,1,669,3,295,7,403,15,72,17,0,7,16,20,1,11,4,1,15,2,5,4,3,14,1,1,0,4
150108,1029,530,160,1719,17,17,161,274,87,8,7,19,56,2,1,4,90,3,125,3,6,8,11,13,1,1,20,18,3,12,0,9,0,2,1,2,1,8,1,26,0,46
150110,3549,987,314,4850,33,33,1105,143,240,45,104,214,96,13,51,10,76,11,555,21,376,22,269,17,5,2,28,6,13,29,3,8,5,9,6,2,5,19,5,13,0,23
150111,33834,6661,2214,42709,220,220,11162,1207,2005,1491,1267,6151,1342,751,719,408,861,248,1387,250,1944,171,681,149,43,77,178,184,93,188,64,132,71,67,160,54,30,47,21,61,0,170
150112,28733,5774,2222,36729,186,186,10125,910,1817,1184,1080,4940,1413,578,542,279,615,174,1107,195,1620,143,612,120,49,94,143,146,75,146,91,74,60,41,67,48,23,34,17,24,0,147
150113,49418,9800,3722,62940,322,322,14603,2022,2676,2291,2307,8781,2304,1135,1176,481,1155,398,1762,369,3980,285,1132,198,60,149,295,258,184,250,131,144,88,77,131,109,75,120,31,77,0,184
150201,33730,8880,3306,45916,224,224,6593,5198,1746,1381,2685,2607,2084,584,694,331,666,204,4668,233,1007,333,668,434,78,220,330,150,65,136,92,77,39,77,45,42,30,54,17,88,0,74
150202,4432,1982,592,7006,50,50,140,2567,79,5,77,114,84,54,12,28,149,8,402,10,115,71,148,55,1,16,138,4,8,36,3,5,11,8,1,12,16,33,8,2,0,12
150205,1300,486,160,1946,14,14,97,366,132,4,50,20,16,8,0,12,35,31,255,1,10,12,177,11,2,1,21,2,2,11,1,2,2,3,1,3,3,3,3,1,0,2
150206,4291,1034,326,5651,37,37,475,689,316,24,227,182,126,15,14,11,79,19,1009,51,554,25,101,63,8,33,32,2,9,13,21,5,21,22,6,8,8,11,2,98,0,12
150210,1359,360,193,1912,17,17,145,286,140,10,41,44,16,9,2,4,31,3,191,3,100,7,23,14,2,1,245,1,3,6,4,0,0,0,0,1,2,13,1,9,0,2
150211,2389,689,278,3356,20,20,278,857,70,14,112,70,57,11,8,8,64,11,456,6,121,28,24,51,14,25,28,6,6,10,6,3,2,4,1,3,4,21,3,6,0,1
150301,11574,3075,1127,15776,89,89,3341,1085,713,219,682,923,433,173,146,70,464,70,716,41,706,89,911,61,27,37,113,66,18,95,22,20,8,29,19,135,13,26,9,47,0,47
150302,1766,518,168,2452,18,18,610,204,17,7,57,43,16,5,2,5,75,5,148,4,144,5,266,11,8,13,60,1,1,13,0,3,1,2,3,10,1,15,0,7,0,4
150303,2143,432,137,2712,24,24,1001,132,28,5,31,57,17,5,1,7,29,0,459,5,211,5,78,7,1,5,14,1,1,17,2,4,2,3,5,4,0,3,2,0,0,1
150304,3565,1263,290,5118,42,42,1191,607,260,17,37,80,17,18,7,14,72,5,503,7,484,18,91,14,2,5,22,5,1,28,5,3,2,5,12,3,5,8,5,7,0,5
150305,2099,725,105,2929,25,25,655,288,32,6,51,108,34,12,11,8,48,11,474,4,218,12,38,15,0,6,10,1,1,10,1,6,1,9,11,2,6,5,1,0,0,4
150401,9445,1940,522,11907,65,65,3138,1672,419,132,410,443,326,89,119,47,241,30,439,55,1383,39,156,34,7,50,67,5,11,28,9,12,8,14,10,2,5,19,2,7,0,17
150402,503,85,10,598,8,8,120,12,21,1,0,8,9,3,0,0,10,0,229,3,73,2,2,1,0,1,0,1,0,2,1,2,0,0,1,0,0,0,0,1,0,0
150403,931,174,47,1152,10,10,338,113,28,2,13,24,4,1,1,1,13,4,194,1,140,4,12,7,0,5,1,0,0,7,0,1,1,0,1,1,0,2,1,11,0,0
150404,2001,364,121,2486,19,19,407,89,195,0,13,34,31,2,1,8,49,1,828,1,241,0,54,6,2,2,5,0,0,10,0,0,0,1,2,1,1,4,0,12,0,1
150405,2403,476,94,2973,24,24,741,318,273,1,28,56,14,2,1,1,40,3,252,4,219,11,150,15,2,12,12,2,0,188,2,4,2,7,1,10,1,10,3,0,0,18
150406,2677,769,178,3624,22,22,1423,336,51,19,26,97,22,6,2,6,25,10,453,2,72,17,43,7,1,5,15,0,0,21,0,3,1,1,2,1,0,1,0,3,0,6
150407,1263,219,57,1539,11,11,289,72,331,3,39,26,11,2,1,2,48,4,47,3,332,7,16,3,0,11,4,1,0,1,1,0,2,0,0,0,4,1,0,2,0,0
150408,204,44,7,255,4,4,58,16,25,1,6,5,2,1,0,0,1,0,28,0,43,0,8,0,0,0,2,0,0,2,0,1,0,0,4,0,0,1,0,0,0,0
150409,425,59,14,498,6,6,135,15,88,1,5,17,4,1,1,0,3,0,66,0,81,1,1,0,1,0,0,0,0,0,1,0,0,1,1,2,0,0,0,0,0,0
150410,1615,291,88,1994,13,13,666,74,206,5,38,57,11,2,5,4,38,5,157,2,215,10,50,3,0,5,7,21,1,4,1,2,1,3,1,1,0,17,0,2,0,1
150411,472,353,40,865,9,9,219,26,5,1,10,10,1,18,0,0,29,0,22,0,70,8,5,4,1,0,1,0,1,2,30,0,0,0,7,0,0,0,1,0,0,1
150501,8393,2680,791,11864,72,72,2984,1290,677,159,470,392,228,98,87,49,328,67,285,122,434,58,153,32,17,139,77,21,10,32,8,18,6,15,18,21,7,19,4,42,0,26
150502,2614,854,248,3716,25,25,726,488,62,38,147,82,45,10,13,8,78,15,342,15,260,28,18,12,2,37,34,9,7,21,0,3,4,7,57,12,0,7,2,2,0,23
150503,1100,349,94,1543,20,20,313,313,12,1,19,33,12,2,4,5,45,6,59,2,201,10,10,7,0,10,10,2,1,3,0,1,1,3,1,2,2,2,2,2,0,4
150504,1795,676,193,2664,19,19,535,614,46,10,84,39,24,9,8,7,63,6,78,3,101,17,36,13,6,15,19,1,3,6,1,0,2,4,11,2,2,5,3,20,0,2
150505,2807,975,242,4024,39,39,1080,455,248,14,33,52,39,4,3,11,158,9,253,9,178,17,67,18,0,34,27,5,3,18,8,8,4,6,7,10,2,9,2,9,0,7
150506,683,200,46,929,9,9,285,78,22,3,17,25,5,1,1,4,12,5,39,1,163,0,3,2,1,3,4,0,0,1,0,0,0,2,2,0,0,1,0,3,0,0
150601,6242,3293,971,10506,62,62,3556,450,411,59,121,220,117,99,41,26,111,13,117,23,245,37,302,38,10,10,69,9,14,29,4,12,7,10,29,8,10,15,3,5,0,12
150602,2556,1791,294,4641,37,37,1363,179,89,17,57,197,50,10,14,5,33,11,133,6,184,16,60,11,1,4,21,8,6,16,4,4,15,8,7,1,1,16,1,0,0,8
150603,2276,2380,261,4917,43,43,1368,99,186,8,40,49,11,15,9,10,20,4,111,8,127,15,95,10,5,14,13,2,2,19,5,0,0,14,9,2,0,4,0,0,0,2
150604,2418,3392,354,6164,46,46,1262,188,291,18,67,89,32,12,9,4,28,8,67,9,157,23,53,14,2,8,19,4,2,14,5,2,3,1,5,6,2,6,2,1,0,5
150605,1092,500,113,1705,8,8,793,25,51,0,8,28,5,11,3,0,7,4,39,1,20,4,61,1,0,1,2,3,1,4,1,3,2,0,2,2,0,3,1,2,0,4
150701,4839,1554,394,6787,43,43,912,1534,194,98,199,170,209,53,46,42,94,56,363,36,197,36,258,90,6,16,43,19,21,23,8,11,17,9,6,5,5,14,7,25,0,17
150702,1726,1044,160,2930,38,38,249,864,18,4,14,12,15,6,3,6,50,5,137,8,97,13,116,26,1,7,15,4,11,12,1,1,3,4,2,3,0,9,1,1,0,8
150703,2224,759,173,3156,28,28,62,1635,61,8,10,43,6,3,5,4,90,4,61,3,55,12,53,8,2,1,32,2,0,21,2,2,0,4,2,3,3,16,2,0,0,9
150704,3545,876,604,5025,31,31,872,1491,32,11,90,36,27,10,9,7,30,5,349,7,160,24,47,33,1,5,69,7,166,22,1,2,3,1,6,5,1,4,2,5,0,5
150705,1462,605,124,2191,27,27,231,663,40,3,10,18,11,1,4,3,55,1,100,47,96,12,54,33,0,2,7,1,5,6,0,3,4,4,2,1,1,2,3,19,0,20
150706,2568,753,225,3546,32,32,427,955,113,8,45,47,45,5,8,7,85,150,198,12,182,18,59,49,3,10,18,6,4,19,26,3,4,7,0,6,4,26,3,7,0,9
150901,1146,225,44,1415,14,14,574,60,52,7,23,52,28,4,4,5,20,3,173,5,47,10,31,1,3,4,9,0,4,4,0,3,0,1,2,1,4,1,1,6,0,4
150902,115,53,4,172,2,2,78,7,2,0,0,7,2,1,0,1,1,0,13,0,0,0,0,0,0,0,0,0,0,1,0,0,0,0,0,0,1,0,0,1,0,0
150903,524,150,43,717,10,10,218,26,15,4,8,3,6,1,1,1,8,1,197,0,15,0,2,5,0,0,2,0,0,3,1,1,1,1,0,1,0,0,2,1,0,0
150904,210,69,25,304,4,4,144,5,11,0,0,0,3,0,0,1,0,0,26,2,6,0,1,0,4,0,2,0,0,1,0,0,0,0,0,0,1,1,1,0,0,1
160101,49745,10122,3028,62895,283,283,7178,8588,2158,3309,7347,3879,4300,1388,1944,1671,808,1056,762,345,479,607,590,344,119,458,520,161,214,209,140,78,280,125,97,50,80,49,26,63,0,323
160102,7350,1858,514,9722,54,54,589,2874,107,172,1239,234,420,88,150,260,116,185,69,14,26,133,19,125,17,110,109,11,16,41,6,11,10,18,8,8,12,14,6,4,0,129
160103,6244,1663,452,8359,41,41,910,1713,171,225,858,346,429,114,149,212,145,122,98,45,49,102,57,44,8,93,88,20,22,41,18,14,17,14,10,9,18,9,3,6,0,65
160104,3850,1022,242,5114,24,24,316,1570,47,90,578,143,140,50,90,141,88,76,35,14,14,61,32,79,10,55,64,9,9,32,4,7,11,12,5,11,7,9,3,1,0,37
160201,1327,278,135,1740,11,11,107,409,23,41,176,36,139,18,10,22,16,25,13,4,94,21,9,42,2,26,20,2,2,8,3,0,3,4,1,4,3,1,1,1,0,41
160202,202,106,19,327,4,4,37,63,2,2,10,5,8,3,2,6,4,2,15,0,20,5,0,3,0,3,6,0,0,1,0,2,0,1,0,0,0,0,0,0,0,2
160203,3502,921,225,4648,29,29,394,1405,41,77,513,113,198,31,72,89,61,93,20,7,9,44,24,56,4,63,60,3,4,18,6,5,3,5,5,6,4,8,2,3,0,56
160204,3642,912,217,4771,24,24,393,1258,63,125,523,103,234,48,64,123,54,165,32,14,16,66,12,57,7,64,74,9,17,26,1,5,5,6,5,4,6,2,2,0,0,59
160301,795,247,44,1086,6,6,285,70,51,19,58,57,39,19,11,10,22,8,50,13,7,7,9,3,1,13,8,0,7,6,2,5,6,1,1,2,1,0,0,0,0,4
160302,2528,879,241,3648,19,19,413,458,78,103,276,111,518,31,57,54,63,39,34,85,18,17,12,21,6,31,25,4,8,13,3,3,5,6,2,0,2,4,0,0,0,28
160303,1611,500,125,2236,12,12,326,540,20,27,211,60,81,12,21,31,27,15,38,16,6,21,7,18,3,36,21,5,14,6,0,1,2,3,4,3,3,10,0,9,0,14
170101,27645,2531,1349,31525,137,137,1584,2619,1576,3130,2895,1498,3229,1626,1255,1176,364,1386,138,173,111,261,2633,397,80,279,251,197,94,90,67,44,25,63,50,21,40,36,40,23,0,194
170102,1452,204,95,1751,10,10,49,457,19,40,210,23,181,16,29,39,36,111,11,2,2,15,87,32,1,25,28,1,2,7,1,1,1,2,1,3,1,4,2,1,0,12
170103,660,91,47,798,5,5,14,262,4,14,72,8,93,7,13,16,27,21,5,2,0,6,42,17,1,6,14,2,0,5,0,2,0,1,0,1,1,1,0,0,0,3
170104,1272,169,61,1502,9,9,29,552,9,29,178,16,100,18,19,40,20,55,12,3,0,6,106,18,2,12,21,1,0,3,0,2,0,4,1,1,1,4,2,0,0,8
170105,5849,656,369,6874,29,29,219,1057,173,368,746,196,729,295,198,356,140,335,40,11,7,62,454,110,11,59,66,29,8,24,21,4,5,6,11,11,7,4,6,3,0,78
170106,5543,441,239,6223,27,27,339,628,291,569,585,307,649,363,254,251,142,250,22,33,17,65,407,76,18,60,43,20,12,18,13,5,8,12,9,9,15,7,11,6,0,29
170107,15110,1211,559,16880,66,66,694,1917,441,1416,1935,657,2023,703,765,687,236,910,106,24,49,148,1334,232,62,188,160,79,27,38,33,22,15,23,25,5,20,7,17,24,0,88
170201,1692,242,75,2009,9,9,205,142,57,138,102,65,175,75,61,24,41,49,10,22,9,13,412,18,3,7,16,4,4,13,1,2,2,5,2,0,7,3,0,0,0,5
170202,642,129,25,796,4,4,44,137,16,28,46,19,53,10,13,22,28,24,4,2,4,8,136,9,1,17,5,3,1,3,1,1,1,1,0,0,0,3,1,0,0,1
170203,433,75,28,536,4,4,18,175,6,21,67,6,18,10,4,8,12,24,2,1,0,2,19,7,4,8,6,2,0,2,0,0,0,1,0,0,0,1,3,0,0,6
170204,1339,250,135,1724,10,10,21,494,11,54,253,17,125,10,17,42,15,59,19,1,2,6,28,95,0,21,13,6,2,9,0,0,1,2,2,5,1,2,1,0,0,5
170205,491,82,11,584,3,3,46,67,9,41,37,41,62,16,12,17,7,17,0,2,4,17,47,9,0,4,10,2,0,3,2,2,4,1,1,1,1,0,2,2,0,5
170206,416,47,20,483,4,4,4,149,2,28,78,6,36,7,9,8,5,9,11,1,2,4,10,8,1,8,7,0,0,4,1,1,0,1,1,0,0,1,11,0,0,3
170207,408,46,26,480,3,3,12,97,1,41,65,17,46,3,3,8,15,8,7,2,4,5,26,5,1,3,4,7,5,4,1,0,1,2,0,0,4,2,1,0,0,8
170208,1542,223,48,1813,8,8,115,461,28,203,126,34,134,33,30,50,38,54,6,0,7,24,82,19,4,12,24,8,2,8,1,3,1,1,5,5,3,2,12,0,0,7
170209,348,45,25,418,3,3,8,53,6,37,35,9,48,7,12,6,9,16,0,1,3,1,66,3,0,4,4,2,0,3,2,0,0,0,0,1,0,2,4,1,0,5
170210,1175,233,107,1515,11,11,69,402,19,71,166,24,74,15,29,30,26,44,9,4,6,20,45,32,2,21,18,1,2,9,1,2,2,3,3,2,4,3,2,0,0,15
170211,431,79,22,532,3,3,16,111,6,34,74,11,36,6,12,27,15,16,1,1,3,2,8,9,3,8,5,2,5,5,0,0,2,0,0,1,0,1,3,0,0,8
170301,41188,4711,1899,47798,203,203,3664,4175,2993,4891,5575,2800,3611,2185,1899,1881,615,1658,176,260,397,369,996,454,132,541,260,211,183,154,147,78,49,82,51,36,97,31,22,46,0,469
170302,2711,325,96,3132,13,13,168,696,70,145,448,117,224,105,86,134,55,141,16,4,21,34,95,19,5,34,16,7,6,8,4,3,2,2,2,3,0,2,2,8,0,29
170303,3607,211,125,3943,17,17,251,68,864,611,206,274,340,290,138,67,10,86,15,36,77,29,54,23,7,14,4,15,39,5,17,7,8,8,3,2,3,3,0,4,0,29
180101,14137,1580,1015,16732,79,79,1565,1595,652,992,1751,887,1815,453,666,1111,612,380,158,56,289,175,179,83,35,93,107,90,26,46,61,51,19,41,25,19,26,14,13,6,0,46
180103,1777,283,120,2180,13,13,638,370,53,39,195,58,110,13,40,41,91,12,10,3,11,14,12,8,2,13,10,5,1,6,2,1,1,3,2,3,3,3,2,0,0,2
180104,3412,535,232,4179,22,22,457,594,146,185,502,161,346,60,83,192,153,79,30,49,131,37,39,9,4,12,37,17,3,18,13,8,0,11,7,7,6,5,0,0,0,11
180105,3840,647,331,4818,23,23,417,556,117,214,693,171,414,75,164,194,165,114,57,13,125,54,34,26,6,9,27,24,16,30,12,25,3,15,12,6,22,7,7,3,0,13
180106,2483,406,148,3037,15,15,260,751,84,87,363,88,227,29,49,133,104,46,51,1,21,39,17,15,5,21,24,9,5,16,6,2,3,9,1,4,3,3,0,0,0,7
180107,1097,229,73,1399,8,8,115,299,16,46,141,45,97,15,18,67,94,22,21,9,22,7,18,6,0,17,3,0,0,6,2,0,2,1,1,1,2,1,0,0,0,3
180108,5515,1170,389,7074,39,39,585,1978,190,137,587,119,436,48,100,120,583,45,94,18,99,76,40,12,1,53,66,9,4,49,2,2,7,14,3,9,4,7,2,3,0,13
180109,2919,407,297,3623,23,23,313,605,68,113,508,112,217,36,112,184,177,98,58,11,49,46,38,26,5,15,26,8,5,46,9,5,3,8,3,7,1,1,1,0,0,5
180110,6696,790,401,7887,38,38,714,849,229,422,869,355,896,181,257,495,446,285,112,21,98,67,79,40,14,31,45,50,4,23,16,13,12,15,12,7,14,2,2,3,0,18
180111,2240,380,180,2800,16,16,384,473,48,69,359,66,215,24,58,95,107,46,68,9,56,24,15,14,5,13,31,4,2,15,3,4,3,6,3,6,4,1,3,2,0,5
180112,3212,483,206,3901,19,19,416,327,160,214,480,228,351,82,109,230,135,117,39,20,56,44,32,12,5,23,22,14,7,16,12,5,7,13,6,6,4,4,2,0,0,14
180113,1862,253,128,2243,13,13,379,177,152,67,300,83,189,31,47,132,51,86,13,5,20,18,14,8,3,18,12,7,11,10,4,7,0,2,3,3,4,1,0,1,0,4
180114,11563,1211,704,13478,70,70,1161,1275,595,828,1443,693,1756,392,514,728,470,385,128,61,185,152,113,94,22,69,92,76,23,46,64,20,21,37,21,20,21,9,8,3,0,38
180201,6219,986,399,7604,40,40,429,2629,119,148,950,126,589,74,102,209,229,86,62,16,67,88,46,34,6,28,57,20,2,31,7,5,2,9,11,10,7,2,4,1,0,14
180202,929,194,66,1189,9,9,74,326,25,20,147,19,93,3,11,33,54,12,12,3,22,11,11,7,1,10,10,2,1,6,1,0,0,1,1,2,1,2,1,0,0,7
180203,410,57,12,479,3,3,47,100,8,11,67,14,56,1,12,25,12,7,6,2,15,5,4,2,0,6,3,1,2,2,0,0,0,1,0,0,0,0,0,0,0,1
180204,974,211,84,1269,10,10,85,410,23,18,132,14,126,3,8,17,33,15,7,4,9,8,7,6,1,11,6,1,1,3,0,4,2,2,2,1,4,3,3,1,0,4
180205,765,140,35,940,6,6,50,290,21,25,80,10,112,5,9,30,41,19,3,0,22,14,2,9,1,12,3,0,0,2,1,0,0,1,0,1,1,0,0,0,0,1
180206,2920,451,145,3516,22,22,211,1030,57,64,377,44,382,27,48,141,202,80,31,14,35,21,36,14,2,19,22,8,2,22,3,2,4,5,3,2,4,2,2,2,0,2
180207,1177,208,105,1490,10,10,102,331,35,29,185,20,137,12,27,57,66,18,6,3,54,15,11,8,1,10,17,2,2,10,1,2,0,2,1,6,1,3,1,0,0,2
180208,869,119,39,1027,7,7,73,204,33,35,134,25,110,14,17,76,24,13,9,3,15,25,3,6,2,10,17,2,5,2,1,0,0,1,1,1,2,2,1,0,0,3
180301,9706,1536,553,11795,58,58,2933,544,2040,652,782,450,499,203,294,153,208,81,66,68,79,107,78,34,19,79,51,55,17,47,46,10,11,16,25,13,7,3,9,5,0,22
180302,3240,515,169,3924,18,18,1138,298,499,153,305,114,143,58,71,43,103,31,20,25,39,29,13,20,7,41,6,17,5,8,20,5,1,3,8,2,4,2,3,2,0,4
180303,3699,753,232,4684,24,24,2045,318,278,60,324,92,89,20,51,38,132,18,18,4,39,35,20,8,10,13,16,8,7,12,6,9,1,6,4,6,7,1,0,0,0,4
180304,5433,2854,740,9027,64,64,1562,1410,242,68,363,125,159,32,32,168,274,63,360,11,66,47,67,43,12,46,95,15,9,60,5,8,4,10,10,10,11,17,8,0,0,21
180305,8564,1852,461,10877,54,54,2845,896,864,335,919,382,481,138,225,158,341,51,95,30,95,106,87,51,28,151,67,24,15,33,32,23,9,16,12,11,9,7,1,2,0,25
180306,2135,575,160,2870,19,19,737,296,550,55,184,44,30,18,28,4,35,1,10,6,29,21,8,5,4,11,12,4,0,2,14,1,1,7,4,6,3,1,0,3,0,1
180307,2728,941,338,4007,31,31,1156,533,194,22,218,58,91,7,14,22,78,13,23,1,46,26,41,31,4,42,24,6,4,15,8,4,0,6,13,7,6,4,3,0,0,8
180308,5231,2376,388,7995,49,49,951,2142,152,75,497,135,115,39,50,70,274,88,83,15,47,100,43,34,16,68,90,23,6,17,9,7,4,20,8,14,2,7,18,1,0,11
190101,98576,11007,5841,115424,496,496,18770,3397,18230,14226,4960,11348,5521,5595,3627,1260,934,509,1628,1547,549,805,1144,483,425,309,273,402,471,206,658,213,138,159,190,86,116,56,41,38,0,262
190103,82970,10894,5950,99814,428,428,20519,4560,8497,10261,4960,10632,4340,4039,2950,1040,1266,413,1240,1269,510,699,1793,411,363,316,306,312,326,206,490,157,122,168,117,67,77,98,39,38,0,369
190104,37519,6934,3735,48188,204,204,12290,3000,1639,3330,2359,4382,1748,1482,1091,627,761,120,513,297,219,534,1117,153,158,106,174,105,63,129,116,69,44,82,64,48,52,51,27,18,0,551
190105,15706,4561,2102,22369,108,108,4263,3313,347,742,2053,978,1363,240,255,197,313,49,216,132,54,198,250,59,94,74,102,14,18,61,64,25,18,34,17,30,24,30,22,4,0,53
190106,18524,4341,1931,24796,108,108,4852,2418,422,1533,2806,1253,1399,357,473,265,416,111,267,203,76,263,370,230,103,60,161,34,24,82,52,29,18,37,16,43,20,34,16,5,0,76
190107,13224,3078,1356,17658,87,87,3959,3567,514,399,971,812,460,168,218,123,499,69,148,123,88,121,301,87,67,120,73,38,34,52,33,19,15,41,9,16,10,20,9,3,0,38
190109,44522,18005,6887,69414,295,295,18712,3960,1142,1496,3468,3702,1038,876,835,512,1115,308,1324,501,550,542,1851,387,235,103,327,189,114,297,116,90,73,136,86,80,48,117,47,20,0,125
190113,8585,2208,790,11583,50,50,2760,2440,143,409,830,375,175,76,160,112,227,26,45,134,22,138,132,41,23,52,52,9,7,22,20,12,2,21,10,15,14,12,10,0,0,59
190114,2357,666,281,3304,16,16,731,623,23,66,254,110,90,20,44,29,72,23,19,20,24,35,23,4,12,10,72,3,0,8,5,0,5,6,2,4,1,10,3,0,0,6
190115,76803,10829,6281,93913,388,388,19025,4235,5400,9163,4780,11668,4012,4081,2869,1217,1016,396,1231,917,533,814,1212,559,487,368,369,405,251,216,452,126,103,152,153,93,77,74,41,28,0,280
190201,8354,2477,652,11483,99,99,587,4551,96,187,703,148,533,78,67,48,369,31,69,29,38,86,50,324,29,58,62,3,7,40,26,11,3,11,30,5,7,23,5,5,0,35
190202,4847,1252,477,6576,62,62,703,2278,126,134,424,84,239,53,41,33,273,9,41,43,24,58,43,31,22,27,36,11,3,19,13,3,6,14,3,11,5,22,4,2,0,9
190203,1556,399,99,2054,19,19,65,1004,64,8,138,27,36,10,4,1,60,6,41,7,5,7,5,21,3,5,13,0,0,7,1,5,1,2,2,1,1,3,0,1,0,2
190204,2459,624,212,3295,19,19,289,1004,104,70,262,63,196,19,25,14,87,11,37,7,10,17,39,72,7,29,16,4,9,14,8,3,1,5,3,6,1,5,4,8,0,10
190205,6492,2060,643,9195,68,68,379,4312,83,77,450,37,242,29,21,16,301,9,58,22,8,110,49,82,14,16,39,5,2,21,9,7,2,12,4,16,14,30,3,3,0,10
190206,3502,811,282,4595,32,32,268,2341,49,49,205,36,95,33,14,24,112,4,22,12,19,38,28,25,13,25,16,0,0,12,4,7,3,8,1,4,3,10,1,0,0,21
190207,758,168,69,995,8,8,151,276,32,23,73,39,42,7,5,5,17,5,7,9,2,14,8,7,3,11,6,0,1,3,0,1,0,1,2,1,0,2,1,0,0,4
190208,5101,1468,580,7149,37,37,1974,1233,88,158,339,207,128,59,108,39,120,25,54,19,53,76,99,30,21,124,22,6,17,21,6,6,3,12,8,9,4,9,5,3,0,16
190209,1138,274,69,1481,11,11,229,444,27,25,115,35,76,13,7,4,35,1,29,5,5,8,14,12,4,18,8,0,2,2,2,2,0,1,2,5,2,0,3,0,0,3
190210,4373,976,378,5727,30,30,976,1654,95,133,533,114,164,36,68,21,125,16,39,7,21,66,81,39,27,35,27,8,3,16,6,4,5,10,9,14,5,6,2,1,0,7
190301,11019,2718,1438,15175,84,84,2033,4009,279,385,818,272,589,145,140,54,409,41,191,237,47,74,317,471,76,42,93,23,15,53,54,13,6,30,4,24,13,27,6,4,0,25
190302,3521,717,285,4523,27,27,600,1287,176,132,273,79,165,30,40,43,69,15,20,96,19,33,198,30,16,36,46,6,7,17,14,5,2,5,2,6,8,31,6,2,0,7
190303,12287,3566,1677,17530,111,111,2420,6823,123,123,833,69,116,46,56,45,523,17,64,39,24,92,147,144,45,214,62,14,18,45,8,20,6,27,8,28,15,41,9,10,0,13
190304,2786,689,344,3819,23,23,326,1539,39,37,134,46,88,19,17,17,133,9,22,49,7,35,51,99,13,19,23,5,0,16,2,5,2,4,2,6,3,10,0,0,0,9
190305,4108,1011,411,5530,31,31,513,2700,30,32,145,30,68,9,16,15,105,7,99,8,3,36,86,47,26,26,29,3,1,20,1,2,0,3,3,11,3,16,4,1,0,10
190306,4730,994,474,6198,37,37,474,2326,78,74,330,62,251,32,23,21,232,11,88,20,38,62,245,192,29,15,33,4,4,20,3,8,1,10,0,5,9,16,1,2,0,11
190307,3910,804,298,5012,28,28,515,2199,98,107,219,52,134,21,38,10,108,9,18,93,9,38,67,17,37,31,29,7,2,9,7,1,1,2,1,5,7,7,3,1,0,8
190308,1660,461,166,2287,15,15,154,851,32,22,149,10,48,4,15,13,51,3,6,12,9,21,150,31,1,4,17,7,5,6,6,2,0,2,2,2,1,18,1,1,0,4
190401,39951,11910,4048,55909,251,251,16725,2276,2355,2534,2634,3198,1673,850,799,372,938,184,791,560,713,558,542,425,161,214,208,80,122,212,122,112,69,96,96,39,57,69,37,28,0,102
190402,4762,1064,316,6142,29,29,2246,556,193,236,318,386,143,58,70,19,64,19,51,59,65,44,33,23,19,29,15,12,5,17,11,10,1,9,8,7,8,11,3,2,0,12
190403,2922,843,308,4073,23,23,560,811,168,120,315,94,187,50,37,22,114,13,83,23,19,33,27,88,10,24,19,7,7,17,6,8,3,13,3,9,6,7,5,3,0,11
190404,6413,1523,600,8536,40,40,2015,1005,319,460,488,342,195,118,94,42,181,22,167,326,57,75,68,184,13,20,35,13,8,50,25,15,4,11,11,8,8,8,3,4,0,19
190405,4277,964,367,5608,27,27,1603,1179,104,131,245,171,69,36,43,25,98,3,41,81,37,30,168,21,17,23,16,2,2,14,10,7,11,2,10,19,5,27,1,0,0,26
190406,1749,349,115,2213,13,13,315,550,80,75,230,37,127,22,34,18,34,6,9,10,22,19,16,43,3,49,7,0,5,6,2,3,3,4,2,7,2,3,4,0,0,2
190407,2999,682,210,3891,24,24,623,725,146,140,306,65,245,40,57,26,60,10,33,42,69,36,31,169,12,41,24,17,4,23,8,3,3,5,3,2,8,4,4,2,0,13
190408,7192,2052,503,9747,45,45,2047,882,788,287,852,348,292,92,95,44,346,12,138,220,336,44,79,24,26,24,35,13,18,18,11,9,10,15,8,23,13,24,4,5,0,10
190409,3103,775,336,4214,28,28,356,1609,121,71,300,79,97,17,17,17,116,13,17,68,16,36,17,27,6,28,20,5,3,13,5,7,0,1,2,2,3,8,2,0,0,4
190410,3466,703,214,4383,23,23,830,1153,149,94,220,127,107,36,38,25,82,10,99,67,67,32,121,56,29,17,24,5,1,8,11,10,4,4,2,4,1,15,3,3,0,12
190501,41394,7704,4511,53609,229,229,11914,2347,1740,4911,3211,5122,1492,1569,1589,935,1162,228,659,281,352,777,819,170,427,245,196,148,90,144,158,109,38,92,69,47,36,44,29,10,0,234
190502,1225,321,111,1657,7,7,326,116,40,59,233,141,47,20,16,12,39,7,42,27,4,15,12,1,3,10,11,2,6,6,5,2,3,4,0,1,7,0,6,0,0,2
190503,619,178,60,857,4,4,92,87,43,40,65,108,18,20,12,5,32,4,6,42,9,1,3,2,2,4,2,4,1,3,1,4,1,4,0,2,1,0,1,0,0,0
190504,6244,1573,776,8593,36,36,1540,537,149,543,662,1287,166,139,151,78,261,38,157,74,24,64,100,23,19,17,35,16,9,26,25,18,7,24,8,3,8,5,8,4,0,19
190505,7769,1808,572,10149,44,44,1419,740,273,671,854,1240,389,140,189,91,459,45,275,109,273,97,122,31,40,33,42,40,15,31,27,22,7,27,6,14,11,9,7,2,0,19
190506,2211,684,391,3286,14,14,427,258,57,149,293,390,59,31,57,39,69,25,39,58,8,19,22,6,13,7,20,7,5,13,8,4,4,13,1,9,84,4,6,0,0,7
190507,2648,685,296,3629,16,16,897,291,43,74,214,276,122,36,28,19,131,12,147,24,24,63,74,38,12,34,20,8,6,18,1,6,5,11,2,1,2,3,2,1,0,3
190601,85894,17403,9467,112764,488,488,29409,4059,6668,8040,4982,11496,3834,3007,2671,1200,1191,508,1140,798,450,756,1361,276,537,243,294,246,458,306,456,223,102,171,190,84,100,94,205,36,0,303
190602,20540,4164,2264,26968,113,113,9141,693,982,1557,901,2864,826,516,481,190,293,117,345,195,109,142,319,69,84,30,63,53,73,86,90,70,40,35,27,19,15,16,29,8,0,62
190603,4816,1945,792,7553,39,39,2870,265,90,104,464,184,77,66,48,27,73,16,142,22,22,40,87,21,39,14,28,4,16,14,16,9,4,8,5,8,4,9,9,2,0,9
190604,14376,3295,1389,19060,81,81,5430,707,412,778,894,3321,344,219,295,129,279,68,376,126,57,124,308,42,59,41,44,21,30,52,55,33,15,23,10,10,15,13,14,5,0,27
190605,4325,1237,489,6051,26,26,1431,238,110,281,403,818,134,79,93,45,70,15,63,70,32,59,145,13,17,34,16,8,10,16,11,57,2,10,12,3,7,5,6,3,0,9
190606,12198,3355,1292,16845,74,74,5777,723,302,610,755,1301,386,225,259,133,334,63,239,126,50,57,250,50,40,30,69,20,33,67,45,35,21,35,18,17,22,19,25,7,0,55
190607,3634,852,315,4801,21,21,1251,157,194,332,194,497,155,50,94,26,59,44,89,212,17,27,71,17,7,18,26,11,11,16,11,7,4,8,4,2,3,4,6,3,0,7
190608,9835,2395,1034,13264,57,57,2999,1323,231,508,1062,1380,270,141,209,137,257,41,183,97,78,149,281,48,43,29,45,37,27,43,29,53,22,20,7,16,9,12,20,3,0,26
190701,42842,8683,4636,56161,262,262,7851,1677,2641,4994,3885,6318,2877,2223,1448,756,1299,480,1244,368,362,597,849,236,292,154,160,164,189,217,286,101,219,119,74,63,247,59,135,23,0,235
190702,4298,840,402,5540,25,25,1070,209,167,465,458,623,310,184,117,51,128,54,59,55,43,40,71,25,16,10,12,12,7,17,16,6,11,19,6,3,5,3,11,1,0,14
190703,6304,1087,582,7973,38,38,1132,160,392,942,722,852,469,319,194,73,163,56,222,100,35,56,119,30,42,22,12,18,8,19,30,15,20,12,14,6,15,6,9,4,0,16
190704,914,119,44,1077,5,5,290,46,77,84,49,126,33,40,34,17,21,7,34,1,3,19,15,1,0,1,1,3,2,1,1,1,1,0,0,0,2,1,0,0,0,3
190705,5333,1137,406,6876,31,31,2816,157,452,338,324,393,131,111,94,30,86,25,40,40,33,40,39,24,24,17,6,4,13,30,9,6,7,7,2,5,19,3,0,2,0,6
190706,5062,872,430,6364,29,29,1485,221,518,420,313,586,314,222,91,51,119,46,74,86,51,33,64,149,38,19,8,6,14,18,53,4,5,10,10,3,10,5,0,5,0,11
190801,20795,4346,1731,26872,113,113,5304,1118,485,2196,2615,1543,953,568,795,328,1119,167,608,620,166,433,233,477,87,450,80,43,37,106,36,14,20,48,22,13,28,20,9,5,0,49
190802,8247,1724,749,10720,47,47,3130,604,98,638,1027,425,379,177,293,143,213,54,118,110,24,113,71,370,29,63,29,11,6,27,13,7,10,24,2,5,10,3,5,1,0,15
190803,3710,767,299,4776,21,21,963,398,74,236,447,266,270,62,87,47,217,9,103,105,17,28,125,103,9,21,30,6,9,25,7,4,2,6,5,6,3,8,1,7,0,4
190804,2654,421,163,3238,14,14,835,286,100,214,348,228,132,45,61,71,63,32,36,24,6,24,43,35,7,10,13,4,1,4,5,2,7,0,2,2,4,2,0,0,0,8
190805,2128,532,103,2763,13,13,673,226,26,170,228,137,126,26,60,22,103,10,83,26,12,38,24,43,6,28,8,5,7,8,5,3,6,6,1,3,1,1,1,0,0,6
190806,1783,298,134,2215,10,10,367,175,32,219,230,149,146,44,48,35,52,13,66,49,11,12,21,34,5,27,10,6,4,5,1,3,3,8,5,0,1,2,0,0,0,0
200101,75935,5647,3192,84774,350,350,3729,6582,3426,6874,8229,2142,13303,2325,3496,3566,334,15648,351,270,403,655,380,930,97,627,493,347,211,392,124,95,53,125,91,71,112,37,71,34,0,312
200102,11585,1901,962,14448,66,66,287,4182,109,235,1461,141,886,101,208,279,170,1830,78,63,45,121,51,535,13,265,129,23,14,77,12,13,12,18,43,29,22,22,25,9,0,77
200103,3212,414,216,3842,15,15,112,729,16,75,561,48,252,23,89,101,22,384,29,7,3,26,19,612,1,39,19,6,8,7,2,1,4,1,3,3,1,1,1,0,0,7
200104,5853,857,532,7242,31,31,189,1247,31,126,889,79,468,61,102,265,41,879,38,17,22,61,25,933,9,112,54,19,9,54,4,14,2,11,12,14,6,14,8,3,0,35
200105,4822,475,301,5598,25,25,89,1448,52,66,917,30,373,34,91,185,40,328,20,6,8,44,19,809,2,98,22,7,4,51,2,3,1,6,7,7,2,4,1,1,0,45
200106,4437,643,370,5450,27,27,162,1130,71,137,552,78,433,60,101,165,47,912,26,12,21,45,13,163,11,82,66,11,7,33,2,4,4,13,4,13,10,10,10,1,0,28
200107,2258,238,196,2692,11,11,82,471,23,46,379,27,226,38,65,102,16,258,23,4,6,14,11,329,8,57,21,11,3,12,2,1,0,3,4,1,3,1,0,1,0,10
200108,3099,391,232,3722,16,16,84,648,43,98,493,37,325,43,80,123,28,531,16,5,15,27,21,309,8,64,25,16,3,13,1,6,3,3,2,8,1,3,3,0,0,14
200109,3253,491,205,3949,17,17,128,733,33,80,411,62,332,28,110,137,35,630,31,8,19,28,15,267,5,32,43,2,6,23,3,4,3,8,3,6,2,5,5,2,0,14
200110,3487,444,225,4156,19,19,91,845,31,117,501,34,249,37,79,105,41,770,24,8,20,34,27,140,8,70,138,11,6,25,3,6,2,8,11,12,11,6,3,1,0,13
200111,608,118,54,780,4,4,30,190,8,14,124,4,54,4,10,17,6,60,4,0,0,5,4,28,1,10,10,1,5,5,0,1,1,2,0,4,2,1,0,0,0,3
200112,1827,246,111,2184,9,9,90,319,28,57,191,41,229,16,48,50,18,452,15,4,8,16,9,142,0,16,19,7,7,17,1,3,0,2,0,5,6,2,2,1,0,6
200113,2094,200,99,2393,10,10,65,477,19,36,357,25,227,16,57,75,26,317,11,2,8,20,41,217,0,46,9,3,3,8,1,1,2,0,4,3,4,2,1,0,0,11
200114,4444,575,311,5330,24,24,135,1483,36,83,511,45,370,28,80,153,37,944,26,9,7,46,16,146,11,78,48,16,6,30,4,8,5,13,11,7,14,12,9,3,0,14
200115,2408,386,238,3032,15,15,253,406,36,32,445,61,85,21,43,107,28,146,18,4,7,28,7,504,3,45,21,17,5,29,2,4,2,5,1,14,2,4,3,2,0,18
200201,17782,2035,1138,20955,89,89,301,6655,180,598,3589,136,1583,178,466,629,137,1789,166,15,9,145,59,516,13,207,99,42,24,53,11,15,4,32,9,22,15,16,18,1,0,50
200202,2574,325,191,3090,13,13,58,705,31,29,633,28,188,19,34,122,24,158,15,3,6,18,16,379,2,37,15,10,1,14,1,1,2,1,2,7,2,0,6,1,0,6
200203,4767,549,331,5647,25,25,92,1444,36,108,1232,45,294,28,93,144,29,272,38,1,10,41,32,633,3,71,35,6,2,23,4,4,3,7,2,5,1,4,4,0,0,21
200204,8582,983,610,10175,45,45,200,3489,52,169,1973,49,481,62,109,210,102,622,35,6,7,59,40,555,3,155,60,13,7,34,4,9,5,16,2,10,11,8,4,2,0,19
200205,3335,432,251,4018,17,17,99,900,33,65,810,36,310,21,65,163,35,182,17,9,9,32,19,312,3,96,20,8,2,31,3,1,4,9,6,7,5,3,2,0,0,18
200206,4476,473,346,5295,24,24,70,1573,25,78,924,22,349,24,59,119,26,290,10,3,6,30,19,667,4,75,20,5,1,18,2,1,4,7,3,11,7,3,1,0,0,20
200207,2514,219,141,2874,13,13,89,693,26,59,598,20,190,22,47,60,13,364,10,4,7,26,10,128,6,73,21,4,3,11,0,6,1,1,4,4,3,4,0,0,0,7
200208,3691,459,154,4304,20,20,72,1564,37,59,787,21,227,29,69,92,32,274,35,0,6,20,16,193,2,55,18,2,4,18,1,3,2,5,1,4,6,5,7,1,0,24
200210,2200,333,176,2709,13,13,52,878,29,45,522,12,136,17,55,57,23,152,8,0,3,21,8,76,0,43,16,4,1,7,1,3,1,6,3,6,4,1,1,2,0,7
200212,6939,1027,589,8555,36,36,244,1919,47,121,1521,62,489,29,92,288,65,404,36,9,12,50,29,1151,2,133,53,18,13,22,2,6,4,13,6,17,13,8,4,3,0,54
200213,4040,482,334,4856,22,22,98,1255,48,117,913,25,318,37,121,175,56,363,13,7,9,27,13,190,7,106,29,8,3,25,3,9,5,12,4,7,4,4,8,1,0,20
200214,2686,363,195,3244,16,16,47,1188,34,37,575,19,146,9,45,81,25,178,17,3,2,17,7,136,1,39,20,7,4,11,0,1,0,6,1,2,1,11,3,2,0,11
200215,2235,300,137,2672,12,12,50,964,18,25,442,6,140,11,40,74,19,214,17,1,3,14,6,87,1,40,14,2,1,10,3,4,2,3,2,3,2,4,0,2,0,11
200216,3047,295,241,3583,17,17,65,975,29,38,612,22,220,14,40,92,22,409,18,2,7,18,15,319,6,45,17,6,3,11,1,2,2,4,2,2,3,7,2,2,0,15
200217,1683,159,90,1932,9,9,23,681,18,21,424,4,126,3,34,31,11,132,2,2,1,18,6,82,3,25,8,0,0,9,1,0,1,1,0,4,2,2,3,0,0,5
200301,6511,981,652,8144,36,36,313,1430,75,338,1165,146,671,165,377,297,69,810,32,12,27,88,50,91,15,114,60,20,5,32,8,13,4,17,6,7,10,11,3,6,0,24
200302,1514,186,157,1857,9,9,64,386,13,62,386,23,135,17,42,73,20,147,4,2,2,14,9,20,0,42,5,3,2,13,1,5,2,6,3,1,4,2,2,2,0,2
200303,2795,356,239,3390,18,18,126,969,44,126,608,22,158,22,92,99,46,188,13,3,2,20,9,35,3,80,26,5,1,27,5,5,6,11,4,8,5,3,3,1,0,20
200304,3266,462,267,3995,21,21,76,1203,34,115,764,29,259,38,89,143,37,194,17,8,9,29,8,56,4,52,22,3,1,24,3,1,3,10,4,8,5,2,4,2,0,10
200305,1835,403,230,2468,14,14,89,700,18,47,349,14,117,26,35,56,32,185,13,2,6,14,7,31,2,28,9,3,0,21,2,3,0,5,2,5,0,3,3,2,0,6
200306,4298,560,360,5218,22,22,130,1614,36,97,948,46,238,44,137,146,56,427,21,10,10,35,21,102,2,68,26,8,0,18,1,4,5,8,3,5,6,4,5,0,0,17
200307,2637,448,232,3317,19,19,85,837,25,56,561,25,117,55,50,65,38,449,12,2,7,32,9,41,2,68,23,3,1,23,4,8,0,3,3,9,3,2,4,2,0,13
200308,2607,446,202,3255,18,18,166,1306,35,53,375,39,120,22,39,62,51,148,8,2,2,20,12,26,1,19,27,7,5,19,2,4,2,4,2,7,1,2,5,0,0,14
200309,3780,573,160,4513,23,23,255,1547,42,104,725,50,169,41,77,109,50,266,15,5,8,29,11,60,9,95,34,3,0,16,12,3,3,6,2,5,6,7,5,1,0,10
200310,1667,210,127,2004,10,10,33,623,8,23,455,17,85,12,25,74,16,93,4,1,2,12,9,88,3,45,13,0,1,6,0,2,0,2,0,1,1,0,2,0,0,11
200401,11472,1633,705,13810,61,61,307,3280,124,291,1695,136,974,159,363,471,130,1774,83,26,47,109,55,719,8,174,155,35,19,107,12,14,9,33,17,24,15,19,25,6,0,57
200402,6073,744,390,7207,32,32,239,1680,103,226,1091,87,486,114,224,230,93,878,36,6,19,50,30,79,14,118,57,12,8,37,8,6,7,13,10,6,9,9,6,4,0,78
200403,2624,323,169,3116,17,17,77,1126,19,46,419,13,162,11,27,36,39,265,7,9,38,28,11,129,1,53,24,4,6,16,1,5,3,9,2,1,5,5,3,2,0,22
200406,1365,205,111,1681,9,9,33,596,5,18,237,13,90,6,19,37,20,136,4,3,12,14,8,40,0,40,8,1,0,7,0,0,2,0,0,0,1,1,1,0,0,13
200407,6756,1319,662,8737,42,42,232,2807,71,123,748,81,674,60,115,217,112,688,46,11,37,55,37,211,7,94,67,10,4,34,6,18,12,13,11,17,6,19,11,5,0,97
200410,7839,1393,798,10030,50,50,184,3372,50,112,1185,69,376,38,141,172,165,1032,46,12,33,47,43,179,13,201,81,15,12,44,5,24,15,8,7,16,11,12,14,4,0,101
200412,2992,370,141,3503,17,17,66,1249,23,37,408,17,190,16,56,79,31,561,13,4,28,17,12,59,2,58,14,3,0,14,0,3,2,4,7,2,2,2,3,0,0,10
200501,11195,1980,941,14116,62,62,254,4257,119,284,1488,128,1381,121,262,449,122,904,58,24,26,67,111,498,16,221,120,37,9,55,14,15,9,15,14,14,13,20,9,7,0,54
200502,2530,354,212,3096,14,14,123,1081,18,62,419,16,224,15,51,69,18,138,7,11,1,21,13,116,2,58,16,1,1,12,2,4,1,2,0,9,4,2,3,2,0,8
200504,1873,273,137,2283,11,11,31,887,10,12,254,11,147,8,23,41,19,183,5,1,3,28,9,108,1,32,17,7,1,5,1,4,1,3,2,3,5,5,3,0,0,3
200506,3451,416,276,4143,18,18,54,978,25,50,615,24,286,22,41,91,32,282,37,1,3,35,16,675,0,71,20,11,1,18,1,4,3,8,3,4,6,6,1,2,0,25
200507,2606,542,266,3414,17,17,72,1084,22,41,436,26,198,11,38,69,51,170,16,1,7,14,19,165,2,38,32,5,7,22,2,10,4,8,1,8,2,4,7,2,0,12
200508,7986,910,720,9616,41,41,176,1750,81,138,1441,59,786,55,148,307,59,526,36,11,26,62,85,1309,11,699,40,15,13,30,10,9,2,18,7,12,11,9,7,2,0,36
200509,5608,962,432,7002,34,34,114,2316,49,70,924,52,588,32,60,177,66,336,19,4,8,37,28,392,4,107,74,10,10,40,2,9,3,3,3,16,11,8,5,4,0,27
200511,1706,177,191,2074,9,9,45,709,13,34,274,9,143,31,29,51,9,112,6,2,0,37,16,102,3,37,10,3,0,8,1,0,3,1,2,0,2,3,1,0,0,10
200601,7579,781,440,8800,36,36,238,2097,82,225,1203,74,989,60,151,223,48,598,52,19,17,49,55,1113,7,86,57,15,5,17,5,2,8,13,3,10,14,5,5,2,0,32
200602,3738,337,175,4250,18,18,118,787,37,109,637,36,345,27,81,145,44,423,23,1,6,26,12,727,2,41,17,7,2,14,2,10,2,5,5,4,5,8,16,0,0,14
200603,1742,193,90,2025,9,9,87,381,25,47,373,30,211,23,19,93,21,160,11,5,2,11,5,158,4,15,13,5,3,10,1,1,2,2,1,4,2,4,1,0,0,12
200604,2001,159,112,2272,10,10,76,586,24,37,502,12,176,20,24,75,6,147,13,4,5,12,9,189,2,28,11,3,1,17,3,3,1,3,1,1,2,1,1,0,0,6
200605,1203,150,87,1440,7,7,43,325,15,36,270,12,105,11,37,75,17,110,7,1,1,16,12,64,0,10,6,3,1,4,1,1,0,1,1,0,3,1,3,0,0,11
200606,1425,123,70,1618,7,7,47,446,8,30,250,16,173,13,46,45,13,129,11,3,1,13,18,82,1,31,14,5,0,10,0,6,1,3,0,1,4,0,1,2,0,2
200607,1382,142,68,1592,8,8,32,424,9,44,305,20,119,11,24,51,24,103,16,2,5,6,5,122,1,7,10,8,0,9,0,1,0,1,2,2,4,1,2,0,0,12
200608,3610,368,254,4232,18,18,112,1162,46,79,628,36,348,48,67,118,33,359,19,12,8,37,15,226,4,131,27,6,3,26,3,3,5,17,4,12,1,5,1,0,0,9
200609,3964,465,271,4700,21,21,160,1017,58,129,706,53,357,31,157,183,39,423,25,4,10,39,31,331,1,75,38,4,1,25,2,2,2,10,8,12,7,3,2,2,0,17
200610,607,56,57,720,4,4,14,145,4,25,106,4,76,7,28,11,5,102,6,2,0,3,2,51,2,6,1,1,0,0,1,0,0,1,0,1,0,0,1,0,0,2
200701,13496,1128,795,15419,65,65,437,2725,210,704,2732,192,2186,210,480,595,87,1408,40,32,60,120,146,509,19,210,110,55,12,45,13,13,10,20,13,12,25,8,10,8,0,40
200702,3924,468,231,4623,21,21,86,1133,40,153,1000,36,316,55,109,174,34,373,13,1,11,49,24,127,4,52,36,11,7,21,6,6,0,9,6,8,5,2,2,1,0,14
200703,1223,146,75,1444,7,7,61,314,10,35,249,9,187,9,19,52,12,119,4,3,2,14,11,61,3,15,12,2,0,7,1,0,1,2,0,0,2,1,0,1,0,5
200704,1550,183,133,1866,9,9,55,359,22,68,352,11,218,21,38,67,32,116,7,2,1,24,9,78,0,24,14,6,4,4,1,5,0,1,0,2,2,0,1,1,0,5
200705,3891,456,208,4555,22,22,101,1372,30,89,831,26,492,24,76,86,57,288,16,4,6,42,15,147,3,66,33,11,3,23,2,7,2,6,7,9,4,3,2,4,0,4
200706,4229,587,401,5217,26,26,109,1321,52,168,769,36,298,40,88,126,33,343,13,0,9,21,35,536,1,72,42,15,6,18,6,11,3,11,2,6,4,4,9,2,0,20
200707,4164,479,266,4909,23,23,91,1634,35,68,782,29,252,22,34,77,45,361,27,4,2,24,32,450,2,58,34,12,2,23,3,5,3,6,1,7,1,9,2,3,0,24
200708,3193,376,194,3763,18,18,139,711,45,64,629,32,294,30,72,119,27,330,6,4,7,28,9,480,1,54,35,11,3,18,1,6,1,10,3,6,2,7,0,3,0,6
200709,2301,267,123,2691,11,11,78,494,30,68,622,24,239,22,44,84,16,241,5,5,7,33,49,136,3,29,17,8,3,13,3,2,0,3,1,6,0,4,1,5,0,6
200801,4984,1009,520,6513,32,32,309,1590,42,143,1007,30,540,51,133,144,71,312,21,14,8,41,25,167,7,72,59,15,7,43,4,14,11,16,4,17,14,9,6,2,0,36
200803,2858,326,210,3394,18,18,61,1077,21,66,641,11,185,22,55,112,27,296,12,3,2,11,9,64,2,57,43,7,2,22,3,5,3,3,5,11,1,9,1,0,0,9
200804,1859,288,159,2306,12,12,105,493,7,40,476,14,261,18,24,74,21,147,3,3,2,14,9,32,3,35,25,4,1,14,1,4,1,7,1,6,3,1,2,1,0,7
200805,3201,548,242,3991,19,19,296,1004,24,80,801,29,191,30,52,114,54,239,16,2,7,24,16,43,2,27,31,4,8,28,6,8,1,5,8,8,19,3,4,1,0,16
200806,2143,410,188,2741,15,15,86,690,16,55,552,16,146,13,37,57,27,189,11,4,5,22,71,41,2,28,26,5,0,10,1,2,4,5,3,4,4,3,1,0,0,7
200807,1294,205,111,1610,8,8,36,569,12,39,207,10,83,9,36,43,21,90,6,1,2,10,8,32,1,22,13,2,5,10,0,1,1,3,2,7,4,2,1,0,0,6
200808,1840,256,109,2205,13,13,99,603,14,41,382,12,167,7,16,41,10,187,3,2,12,8,14,126,1,31,14,2,0,14,1,3,1,8,3,3,4,1,2,0,0,8
200810,1205,205,58,1468,8,8,47,445,6,12,260,10,95,9,14,39,13,107,6,2,3,10,7,59,0,20,13,2,1,6,0,2,0,7,0,0,3,2,2,0,0,3
200811,3142,523,274,3939,22,22,156,1386,14,48,583,14,288,7,61,66,34,149,9,4,8,26,14,110,4,55,36,4,2,13,4,5,1,2,3,9,5,6,3,2,0,11
200812,3485,600,291,4376,24,24,160,1282,15,32,630,16,191,13,27,87,37,307,14,2,10,20,9,438,3,58,43,3,6,30,2,2,3,8,4,8,3,1,3,2,0,16
200901,132375,10616,5531,148522,598,598,7634,16224,4557,8636,25245,3615,20714,3189,6368,9332,991,11444,858,284,382,1291,1238,4636,225,1340,769,645,208,448,223,145,139,221,209,115,264,80,108,57,0,541
200902,3133,344,142,3619,17,17,112,578,35,96,524,30,384,29,80,136,33,311,19,4,7,37,30,536,1,71,18,11,1,15,0,4,2,1,3,2,0,3,4,1,0,15
200903,2730,304,172,3206,14,14,112,442,49,125,537,25,435,29,77,119,27,253,14,6,8,13,33,311,3,40,20,6,3,6,4,3,4,7,2,0,2,3,2,0,0,10
200904,8280,1042,509,9831,39,39,353,1958,101,219,1459,139,795,77,172,494,76,754,61,15,24,79,55,999,18,144,75,21,9,50,9,11,11,10,13,9,10,7,8,1,0,44
200905,25448,2405,1226,29079,110,110,924,5128,349,981,5465,526,3057,453,939,1899,182,2303,122,17,58,282,235,1265,40,478,163,90,25,112,32,20,13,50,19,29,37,21,9,7,0,118
201001,11445,2849,1171,15465,73,73,474,3377,143,412,2105,232,1149,141,356,532,166,1060,61,21,77,116,65,155,15,219,154,44,20,77,30,10,11,34,12,31,20,29,19,3,0,75
201002,470,108,68,646,4,4,31,131,11,18,93,9,45,5,7,14,3,44,2,5,3,1,2,2,2,12,8,2,1,5,1,2,0,2,1,0,0,4,1,1,0,2
201003,476,192,45,713,4,4,11,121,11,12,51,29,60,6,5,4,6,30,4,6,2,6,3,9,1,70,8,3,1,1,0,1,1,1,0,7,2,3,0,0,0,1
201004,2257,527,230,3014,15,15,55,971,26,70,348,21,143,20,34,84,37,166,14,6,10,37,8,25,3,69,24,6,3,19,2,7,4,2,2,11,2,9,6,0,0,13
201005,481,145,55,681,4,4,48,130,4,11,70,12,63,2,12,16,7,43,5,2,2,2,3,15,1,6,4,0,2,7,2,0,0,1,0,1,0,6,2,0,0,2
201006,967,444,134,1545,8,8,40,247,18,25,208,19,125,4,24,39,11,65,13,1,10,15,6,16,0,27,20,1,2,6,0,1,0,4,1,5,2,4,5,1,0,2
201007,259,79,28,366,3,3,21,67,2,19,59,4,26,4,3,11,4,15,0,0,0,3,0,5,0,4,4,0,0,2,1,0,1,0,0,1,1,1,0,0,0,1
201101,9086,877,524,10487,44,44,219,2971,70,249,2289,62,633,85,251,379,84,904,41,7,24,67,26,344,5,171,56,10,3,37,3,3,5,14,6,16,7,8,8,3,0,26
201102,1291,154,96,1541,7,7,20,521,10,16,327,10,74,7,7,33,10,77,5,1,4,10,5,85,0,20,8,2,1,5,1,2,0,4,0,7,5,0,3,0,0,11
201103,2889,354,272,3515,15,15,66,1182,22,43,676,19,124,13,47,106,33,286,15,2,15,15,12,65,1,62,35,4,1,9,2,3,0,2,1,4,6,5,2,1,0,10
201104,3027,279,182,3488,16,16,94,840,33,125,618,29,286,33,100,145,27,349,8,8,10,37,21,84,3,56,56,4,3,7,1,1,4,1,2,9,3,6,1,1,0,22
201105,928,123,78,1129,5,5,32,461,17,10,136,10,65,9,19,41,18,40,3,2,1,5,3,15,0,17,6,2,1,2,0,2,0,4,1,1,0,1,1,0,0,3
201201,24678,4104,1845,30627,135,135,666,8702,198,606,3537,219,2275,269,716,800,333,2993,177,59,253,250,84,810,24,711,247,65,28,266,20,29,18,46,18,42,33,41,43,8,0,92
201202,5479,960,415,6854,32,32,145,2414,51,95,674,28,495,38,89,176,119,441,36,11,45,58,33,183,6,99,80,5,7,48,4,6,7,10,9,10,11,10,9,2,0,25
201203,1873,279,106,2258,10,10,86,575,20,31,300,16,169,18,40,49,21,289,11,8,9,21,19,36,2,39,39,9,2,28,2,2,1,2,0,5,2,3,3,0,0,16
201204,387,76,42,505,3,3,18,156,5,8,57,5,22,1,5,5,9,47,3,2,3,2,4,3,0,8,6,0,0,5,0,1,0,0,2,2,4,2,1,1,0,0
201205,1669,237,154,2060,10,10,42,589,11,25,275,17,159,7,38,43,13,204,9,1,13,19,5,58,3,89,13,2,0,8,1,2,1,6,1,4,1,4,1,2,0,3
201301,7247,1584,695,9526,50,50,166,2685,47,124,1085,99,652,37,92,223,81,616,29,10,27,90,34,621,12,157,117,21,5,48,9,12,14,17,5,20,16,18,6,5,0,47
201302,1951,378,203,2532,14,14,62,552,13,41,404,30,236,9,42,73,21,158,5,1,8,24,13,127,0,40,26,0,2,20,0,5,3,6,1,7,7,4,4,1,0,6
201303,1602,242,80,1924,10,10,40,497,11,28,336,21,175,9,42,58,12,135,5,0,3,8,11,112,0,26,16,8,4,10,0,9,1,3,3,7,3,5,1,0,0,3
201304,1888,268,148,2304,12,12,49,809,8,20,350,13,129,13,37,78,17,107,10,2,12,11,14,103,0,25,22,3,0,14,2,1,4,7,1,4,2,9,4,0,0,8
210101,36591,8665,3396,48652,224,224,6937,8008,2654,2324,4452,1961,1975,999,1028,427,583,276,1127,391,375,478,281,455,144,259,225,127,176,119,118,53,213,80,63,47,62,36,32,10,0,96
210102,2374,651,243,3268,14,14,333,589,107,114,350,113,170,51,49,23,73,17,82,61,14,24,19,21,8,18,16,10,17,7,10,9,35,7,2,5,1,4,6,1,0,8
210103,1476,406,170,2052,10,10,280,497,62,31,189,48,45,25,27,16,21,11,73,9,9,23,19,6,4,5,10,1,3,7,4,2,28,3,3,2,3,2,2,1,0,5
210104,7260,2119,772,10151,50,50,1485,2872,225,122,987,158,180,58,120,43,144,24,194,22,30,86,48,124,13,41,53,15,14,29,13,19,64,9,7,13,11,11,4,0,0,22
210105,10496,3062,1022,14580,69,69,2136,3663,385,383,1438,325,312,167,238,96,206,58,195,36,58,126,72,59,39,68,70,31,87,45,23,10,38,27,8,17,13,16,12,13,0,26
210106,1804,541,219,2564,12,12,421,496,63,77,269,59,52,31,39,13,34,16,73,7,6,27,9,14,11,13,18,3,2,15,3,0,12,2,0,7,2,6,2,0,0,2
210201,5450,2230,841,8521,44,44,1270,1166,568,185,523,224,275,57,71,38,122,45,226,94,38,71,33,49,13,44,27,32,23,26,20,23,84,13,10,12,22,11,21,0,0,14
210202,1816,667,166,2649,13,13,352,697,147,32,197,36,44,18,17,9,49,8,61,6,8,18,7,11,1,10,13,4,8,12,8,1,15,4,1,4,3,7,0,0,0,8
210203,1285,414,145,1844,9,9,170,546,93,20,148,41,23,6,10,8,33,6,24,32,19,12,11,5,3,8,12,6,2,5,5,4,13,3,1,1,1,5,2,1,0,6
210204,395,154,31,580,3,3,86,62,56,22,25,18,12,4,6,2,10,22,25,0,1,2,3,5,2,2,7,2,2,4,2,1,4,2,1,1,0,1,2,0,0,1
210205,1476,602,182,2260,13,13,365,575,154,12,114,43,38,3,4,4,25,4,20,5,13,17,0,12,7,4,6,3,3,7,1,3,27,2,1,1,1,0,1,0,0,1
210206,1116,334,76,1526,9,9,316,272,135,11,97,51,32,4,14,5,24,5,47,4,5,14,2,7,5,14,8,2,2,3,5,0,15,0,0,4,0,2,1,1,0,9
210301,6369,2330,1113,9812,43,43,1837,660,448,449,632,356,403,136,139,51,117,37,166,193,69,40,74,61,17,60,55,32,58,39,29,22,53,22,8,15,16,12,35,4,0,24
210303,2663,1029,385,4077,22,22,648,928,109,43,218,128,53,14,24,12,86,12,63,6,14,33,19,41,14,50,43,3,11,14,4,7,12,6,13,4,6,8,3,1,0,13
210304,3939,1332,450,5721,29,29,1426,1071,116,63,311,157,43,21,47,28,119,11,65,10,24,36,129,28,3,56,37,20,22,17,9,3,8,14,2,5,7,9,9,3,0,10
210305,2229,678,283,3190,15,15,799,449,110,55,179,112,81,21,28,7,37,5,61,19,19,22,20,13,12,15,14,9,8,14,8,4,6,8,1,4,5,0,82,1,0,1
210306,3269,1154,438,4861,27,27,796,1295,77,40,382,52,57,11,30,19,101,11,50,30,17,25,22,31,15,33,24,7,62,19,4,6,8,3,6,9,12,5,3,1,0,6
210307,1788,743,251,2782,12,12,653,185,114,75,213,106,58,16,18,8,32,21,44,42,23,18,10,18,11,17,17,9,11,12,7,1,16,10,1,7,2,3,4,0,0,6
210311,1481,494,355,2330,10,10,498,275,137,41,130,60,48,13,23,6,17,9,80,10,14,20,13,23,3,6,15,6,13,5,1,2,1,3,0,2,1,1,3,0,0,2
210313,5384,2082,973,8439,39,39,1966,948,319,107,394,193,452,28,44,46,91,21,120,104,74,46,25,31,23,73,71,4,36,19,7,12,61,12,5,12,9,8,14,1,0,8
210314,2437,1107,374,3918,19,19,866,506,95,44,197,99,63,8,19,16,71,63,89,24,34,31,28,25,2,14,17,4,9,27,4,4,22,9,1,8,8,7,15,0,0,8
210315,5948,1977,707,8632,41,41,1434,2622,167,87,633,118,107,38,57,34,132,15,55,4,35,66,30,76,17,48,36,3,12,18,23,7,10,10,7,13,12,10,5,3,0,4
210316,708,336,182,1226,6,6,156,195,24,21,62,27,40,11,5,6,21,2,19,12,10,4,8,10,3,9,11,3,1,15,2,1,14,4,0,2,1,5,0,0,0,4
210401,13507,3854,1498,18859,86,86,4118,1807,792,522,1666,983,574,247,288,126,272,138,244,185,258,229,144,84,42,120,73,60,55,73,48,22,109,44,22,16,26,7,24,5,0,84
210402,4698,1503,482,6683,37,37,878,2171,102,49,455,129,81,30,39,26,176,19,128,8,36,45,27,24,15,40,48,5,4,78,2,7,11,8,1,11,5,21,8,1,0,10
210403,3093,1160,325,4578,25,25,778,791,77,64,544,116,93,22,33,25,106,13,46,25,28,37,27,46,6,55,34,5,9,31,4,6,18,7,4,11,5,7,6,2,0,12
210404,2154,903,243,3300,19,19,660,500,66,49,284,81,50,8,23,11,76,6,50,16,40,14,18,33,3,42,24,8,4,22,7,3,15,3,4,4,4,8,5,1,0,12
210405,2595,913,307,3815,19,19,795,688,116,36,306,91,53,15,31,16,87,12,64,13,43,28,16,33,5,22,17,4,10,18,2,4,16,7,1,8,7,4,3,1,0,23
210501,12579,2819,1050,16448,76,76,2564,2257,832,885,1557,734,729,326,391,200,207,78,392,184,132,181,125,115,53,100,87,69,43,43,38,25,81,23,23,15,23,12,22,9,0,24
210502,1365,335,77,1777,8,8,234,597,21,44,149,40,34,11,23,11,34,4,53,13,17,13,11,13,3,9,4,1,2,7,0,1,6,2,1,1,1,2,1,0,0,2
210503,1531,328,107,1966,9,9,197,628,53,51,239,40,51,23,21,27,28,9,26,11,8,24,12,10,4,3,14,4,5,9,16,1,2,3,0,6,1,2,1,0,0,2
210504,2018,417,182,2617,12,12,406,566,75,74,379,48,63,26,48,26,37,6,56,9,8,43,20,22,11,14,23,4,7,12,5,3,6,8,1,1,6,2,0,1,0,2
210505,21745,5024,1659,28428,131,131,5459,6511,618,582,3690,602,669,282,523,305,388,77,201,67,126,302,155,157,137,154,190,60,46,84,42,18,43,53,23,34,23,32,51,9,0,32
210506,10323,2065,794,13182,57,57,1807,3502,151,191,1305,160,179,79,180,78,134,35,74,6,20,199,47,31,36,81,55,21,7,16,18,14,1827,15,8,14,8,4,6,0,0,15
210507,1678,340,137,2155,10,10,313,690,33,35,276,31,49,10,24,9,31,2,41,19,8,21,12,7,4,11,14,3,1,4,2,1,8,2,2,5,4,0,1,0,0,5
210508,7800,2208,665,10673,52,52,1885,3105,239,139,950,162,135,57,132,81,176,19,100,17,37,129,45,75,32,45,45,12,12,18,16,6,19,28,6,12,18,8,25,1,0,14
210509,4758,1254,302,6314,31,31,1036,2499,50,54,461,52,67,30,42,34,92,14,39,9,10,44,25,34,21,36,35,4,6,10,6,5,9,6,2,3,1,8,6,1,0,7
210601,42060,6517,3437,52014,225,225,9747,2158,4498,4480,3917,3853,3134,1454,1279,519,644,442,811,560,673,360,537,259,141,349,196,360,311,158,205,103,228,129,94,73,93,39,116,27,0,113
210602,749,200,40,989,5,5,240,94,87,16,64,64,25,2,4,4,12,4,12,6,37,8,20,3,1,13,7,1,3,3,3,1,6,3,0,1,1,0,0,0,0,4
210604,2122,470,276,2868,13,13,411,288,237,101,323,140,98,43,48,34,51,18,77,45,14,18,26,19,8,19,8,8,20,17,7,2,12,4,0,5,1,1,14,0,0,5
210606,3983,1324,574,5881,30,30,1117,650,448,68,462,138,191,33,58,29,98,25,69,37,81,55,37,103,11,56,30,34,22,35,6,6,15,12,5,23,4,3,10,0,0,12
210607,841,282,76,1199,7,7,137,321,38,4,56,43,60,2,2,2,31,3,11,3,42,9,7,10,1,5,16,1,1,8,2,0,1,1,0,2,2,4,6,1,0,9
210608,1320,378,114,1812,10,10,307,425,51,33,139,58,33,8,17,6,47,10,15,11,10,14,14,34,5,29,10,2,0,14,0,0,3,3,0,5,2,3,5,1,0,6
210609,1420,642,166,2228,16,16,353,452,88,43,52,23,22,2,3,9,42,13,37,2,10,15,20,17,2,33,21,11,2,103,1,4,11,3,1,10,3,6,1,0,0,5
210610,2308,500,261,3069,13,13,517,181,189,157,209,196,177,47,35,20,56,42,44,16,115,19,42,21,4,45,15,16,10,85,4,3,5,6,1,5,7,1,12,1,0,5
210611,16706,2749,1232,20687,89,89,3849,1344,1335,1489,1805,1581,1110,541,490,245,253,136,403,226,258,116,297,110,71,134,86,156,94,64,78,32,161,51,28,25,30,18,43,8,0,39
210612,945,325,61,1331,8,8,207,386,62,8,74,27,17,3,4,5,31,9,18,8,9,10,13,4,0,2,13,8,1,6,0,1,5,2,1,3,1,5,1,0,0,1
210616,1149,319,73,1541,7,7,295,74,58,68,125,78,55,24,25,21,18,5,32,21,9,2,154,5,1,5,7,13,3,13,3,2,8,3,4,3,2,1,6,1,0,5
210619,3136,994,322,4452,21,21,1020,570,176,57,310,156,181,29,39,27,48,19,123,18,16,63,31,43,15,63,24,6,10,20,8,12,6,7,2,8,3,10,5,1,0,10
210620,1348,287,83,1718,8,8,358,148,91,40,156,98,52,12,19,8,20,8,16,15,85,4,72,8,3,17,13,8,4,7,0,1,12,2,0,11,4,5,45,2,0,4
210621,21990,4395,1847,28232,122,122,5742,1979,1496,1596,2231,1989,1198,569,643,230,451,195,590,240,425,197,480,174,92,267,153,179,154,102,124,53,131,66,36,38,33,32,48,9,0,48
210701,7768,2157,743,10668,48,48,1510,1807,751,302,877,422,347,112,168,65,175,42,121,225,121,91,84,55,44,51,89,29,43,38,17,8,40,22,4,23,9,17,35,1,0,23
210702,2791,761,285,3837,17,17,697,945,152,36,308,91,154,20,27,19,53,16,29,35,17,25,29,25,15,8,21,2,3,16,2,2,13,13,5,4,1,4,0,1,0,3
210703,3727,1399,502,5628,27,27,696,1458,143,51,435,94,118,66,44,12,109,23,74,12,34,41,33,22,8,31,36,11,21,37,32,9,7,21,4,9,5,11,4,2,0,14
210704,3564,1099,270,4933,33,33,618,1761,118,36,254,78,146,18,11,15,115,10,69,5,17,49,15,30,10,39,40,5,11,18,3,2,15,12,6,11,8,1,5,2,0,11
210705,939,378,103,1420,8,8,307,246,78,13,74,28,12,3,11,4,17,1,52,4,23,5,8,11,2,2,10,1,2,5,2,1,2,4,1,1,1,2,0,1,0,5
210706,4453,1668,505,6626,40,40,754,2184,86,66,472,94,83,9,40,14,157,8,56,44,33,31,20,28,18,42,57,12,9,30,6,6,22,11,3,11,12,11,9,4,0,11
210801,13022,3985,1489,18496,89,89,2906,2278,706,385,1751,853,724,197,267,242,323,108,242,130,100,149,209,103,62,125,169,229,107,110,35,34,156,57,89,34,27,26,24,9,0,56
210802,4964,1434,398,6796,35,35,1019,1681,307,98,647,223,146,43,84,69,88,18,39,12,25,101,27,29,27,68,42,34,22,30,9,6,8,10,10,8,10,9,4,3,0,8
210803,4255,1448,461,6164,34,34,773,1654,93,63,535,133,112,23,77,27,111,31,96,23,25,52,42,44,6,42,50,30,25,35,11,11,44,9,24,8,12,11,9,2,0,12
210804,1587,500,142,2229,12,12,229,644,56,8,205,45,46,11,12,13,32,9,53,7,10,16,37,12,11,24,11,7,5,11,4,1,39,4,4,4,2,1,3,2,0,9
210805,7155,1950,618,9723,50,50,1078,2313,223,136,1078,279,481,57,101,89,221,35,133,29,37,84,64,119,37,70,93,41,124,37,17,12,56,12,8,23,11,12,17,3,0,25
210806,2080,550,184,2814,13,13,402,663,106,50,273,88,85,17,40,22,70,9,20,5,6,18,50,17,9,13,31,7,12,6,6,2,23,5,6,3,2,2,1,2,0,9
210901,4529,1205,444,6178,28,28,1230,804,257,170,379,263,125,49,80,24,93,30,121,229,121,27,39,42,14,93,46,14,103,28,13,5,66,14,7,9,6,5,11,0,0,12
210902,1780,575,167,2522,12,12,581,450,143,47,143,54,44,7,23,7,45,3,39,8,19,29,8,26,5,20,8,8,12,6,4,1,10,4,3,1,7,4,8,1,0,2
210903,1191,272,59,1522,7,7,365,189,51,91,85,61,26,7,26,10,19,9,61,94,16,5,8,7,3,5,13,2,3,14,3,2,6,0,0,1,1,1,2,1,0,4
210904,550,125,47,722,4,4,191,79,11,22,62,37,15,3,7,4,10,3,11,13,14,7,4,6,0,6,7,4,19,7,0,1,2,0,0,1,1,1,0,0,0,2
210905,1943,521,146,2610,12,12,756,293,74,24,138,95,47,12,28,15,78,13,96,91,39,12,13,16,2,32,10,2,14,7,1,2,16,2,2,3,2,2,3,0,0,3
210906,660,136,99,895,5,5,142,168,48,81,73,28,20,1,10,5,14,5,19,1,2,4,9,4,2,5,8,0,6,2,0,0,0,1,0,0,0,0,0,0,0,2
210907,1952,485,124,2561,12,12,624,496,133,54,185,67,59,23,33,18,42,5,18,12,8,24,15,39,9,11,17,5,8,9,5,1,6,8,1,4,3,3,1,1,0,5
210908,1874,657,220,2751,14,14,530,521,110,29,103,66,33,15,17,12,60,15,37,40,27,25,11,22,4,17,13,3,31,3,63,3,24,4,5,5,4,7,10,0,0,5
210909,2183,534,157,2874,14,14,451,983,61,37,162,71,33,16,21,18,46,4,62,17,8,24,10,12,5,39,23,10,4,11,3,7,14,2,4,8,3,6,4,2,0,2
210910,3367,1108,291,4766,24,24,717,1549,67,50,292,39,139,18,34,15,96,10,41,7,16,28,23,24,8,43,36,4,15,11,5,8,27,11,4,4,6,10,3,1,0,6
211001,6191,2625,1045,9861,44,44,1528,1899,321,128,593,177,144,42,95,37,204,21,111,175,80,102,45,39,17,72,73,23,34,40,39,11,24,24,8,15,9,15,12,22,0,12
211002,1100,404,215,1719,9,9,317,241,124,12,105,41,30,5,11,18,38,11,9,3,11,6,8,6,1,14,14,9,4,10,5,1,29,5,1,3,2,3,2,0,0,1
211003,1380,391,198,1969,9,9,239,662,38,28,137,38,16,5,12,3,41,1,18,25,18,14,7,7,1,12,21,0,0,11,1,2,4,8,0,2,1,3,2,0,0,3
211004,3889,1477,555,5921,32,32,595,2197,87,35,299,47,60,13,23,19,140,9,38,31,20,40,25,19,3,15,60,5,5,21,5,0,23,7,2,3,10,15,3,3,0,12
211005,3166,1243,344,4753,23,23,740,1164,106,49,317,83,113,15,26,16,133,14,54,1,48,45,23,22,10,43,50,5,10,16,5,3,6,11,5,6,5,7,2,4,0,9
220101,68228,5072,2694,75994,320,320,5599,3514,7803,10157,7393,5547,6890,6409,3339,2795,531,2282,321,511,333,435,762,338,128,373,365,391,398,231,296,132,164,163,122,43,85,33,19,35,0,291
220102,3429,298,147,3874,16,16,214,412,189,327,512,285,403,190,122,189,61,148,27,14,25,30,46,13,12,40,44,24,9,15,11,10,6,10,7,4,7,4,2,0,0,17
220104,1827,173,94,2094,9,9,105,436,64,111,354,86,116,68,82,96,34,91,5,5,20,18,11,18,7,50,14,4,1,7,7,2,0,1,1,1,3,1,1,2,0,5
220107,1949,186,88,2223,10,10,165,269,87,172,265,143,202,127,68,111,49,71,14,11,7,12,56,14,6,19,16,19,5,9,2,1,7,4,4,2,5,0,1,0,0,6
220108,1015,122,59,1196,7,7,55,303,22,36,225,28,78,26,27,42,42,34,8,1,4,8,5,8,1,10,16,3,1,7,2,0,2,3,0,1,2,1,0,0,0,14
220109,13956,1140,489,15585,63,63,996,1403,1031,1670,1908,1135,1339,1059,682,721,174,562,81,74,63,88,168,78,38,154,103,69,44,46,40,28,69,29,18,5,13,5,3,4,0,56
220110,2381,303,122,2806,13,13,228,371,93,161,405,198,176,128,74,152,34,93,20,24,25,13,14,12,8,40,26,11,6,15,6,10,13,4,2,2,4,2,1,0,0,10
220111,20333,1764,895,22992,94,94,1390,2316,743,2095,3402,1628,2329,1158,929,1281,221,908,95,47,78,190,275,132,48,243,155,103,61,73,63,31,51,38,31,22,34,18,10,7,0,128
220112,20684,1888,920,23492,95,95,1104,3358,462,1940,3824,1574,1797,870,1120,1525,312,945,115,31,56,200,259,111,47,265,193,109,28,74,49,25,33,32,17,19,31,18,12,4,0,125
220113,63372,5452,2825,71649,289,289,3995,8480,2589,7151,10171,4456,5912,3668,3513,3419,785,3339,442,234,212,579,708,340,169,688,520,431,160,241,205,75,117,135,92,54,75,50,28,28,0,311
220114,6164,704,269,7137,29,29,290,1807,156,276,1011,245,458,159,208,337,105,381,32,10,17,99,111,53,13,137,63,28,15,24,8,9,34,16,5,13,8,6,3,3,0,24
220201,1718,215,118,2051,9,9,75,491,19,117,228,51,233,51,45,69,43,93,13,10,4,6,13,11,3,75,26,3,2,5,2,0,4,7,0,2,1,2,1,1,0,12
220205,693,94,31,818,5,5,67,78,26,38,89,57,125,32,17,33,7,34,7,5,3,4,21,8,1,14,6,3,2,1,3,1,2,1,1,1,0,0,1,0,0,5
220206,385,52,6,443,2,2,21,53,8,21,59,42,50,18,12,34,8,10,5,3,2,1,6,4,0,12,5,2,1,0,0,0,1,3,0,0,1,1,1,0,0,1
220207,360,30,16,406,2,2,30,57,7,24,51,34,54,10,9,22,8,16,12,0,1,1,7,2,1,0,4,0,1,0,2,2,1,1,0,0,0,0,0,0,0,3
220210,391,41,18,450,2,2,28,64,13,16,47,41,69,13,5,12,8,23,8,3,0,5,3,7,0,6,6,0,1,2,2,0,0,1,2,1,0,2,1,0,0,2
220211,395,36,10,441,3,3,30,119,4,19,45,30,70,8,5,8,10,16,0,1,2,2,3,5,1,6,2,0,0,3,0,0,0,1,0,0,0,0,0,0,0,5
220212,612,60,25,697,3,3,41,82,5,30,106,62,89,16,7,51,10,20,32,1,2,5,9,9,3,4,8,2,2,3,2,0,2,1,0,4,0,0,0,0,0,4
220213,531,75,28,634,3,3,51,109,8,29,95,13,78,17,8,20,15,16,11,0,1,1,10,8,1,19,8,1,2,2,1,0,1,2,0,1,0,0,2,0,0,1
220301,1793,151,129,2073,10,10,106,361,51,149,306,71,167,110,68,92,20,99,5,7,9,14,20,8,3,33,18,12,5,6,10,5,14,4,2,2,2,1,2,2,0,9
220302,2448,208,78,2734,12,12,142,513,107,179,415,125,308,93,110,88,48,97,25,5,10,20,36,13,7,33,24,9,2,4,2,3,5,5,1,6,1,1,1,0,0,10
220303,4165,370,129,4664,21,21,203,690,145,353,697,179,602,281,167,163,101,183,11,11,5,45,69,36,4,54,31,19,5,12,11,1,10,30,4,5,1,0,2,3,0,32
220401,1195,180,67,1442,7,7,71,277,23,62,185,31,133,38,33,36,48,94,7,0,1,9,13,52,2,20,24,2,2,11,1,2,2,5,0,3,1,1,0,2,0,4
220402,559,72,24,655,4,4,31,146,11,10,126,22,46,9,5,19,18,32,7,2,1,7,3,15,1,16,6,6,0,5,0,0,2,3,0,2,2,0,1,0,0,5
220403,239,18,6,263,2,2,29,33,6,15,27,17,34,17,4,9,6,13,4,1,0,3,3,2,1,1,1,3,0,1,0,0,5,1,1,0,0,0,1,0,0,1
220404,545,37,11,593,3,3,22,121,15,46,95,34,49,20,10,23,12,30,10,1,0,0,8,29,0,2,1,2,2,4,1,1,3,0,0,0,0,0,0,0,0,4
220405,597,50,18,665,3,3,11,126,8,31,145,16,78,18,18,30,13,27,4,1,0,6,12,19,0,8,8,4,1,3,1,0,0,1,4,0,1,2,0,0,0,1
220406,766,94,38,898,5,5,26,313,3,28,130,12,53,25,14,37,25,29,6,0,1,4,12,9,0,6,13,0,2,2,0,2,3,2,1,1,0,0,0,1,0,6
230101,49205,9008,4614,62827,280,280,13378,2541,3261,3377,2178,8390,2769,1741,1297,607,2646,338,1036,533,973,397,509,340,182,103,328,237,294,156,400,173,58,90,87,558,39,65,21,25,0,78
230102,11779,2270,911,14960,64,64,3354,1136,815,521,628,2051,534,291,188,147,566,86,327,151,116,162,121,75,46,17,76,33,18,52,73,23,13,24,20,57,11,11,8,7,0,21
230103,4522,805,439,5766,26,26,1526,244,221,264,237,794,258,123,108,34,195,27,85,57,42,27,34,14,9,5,24,16,7,10,26,17,4,7,7,77,4,5,1,2,0,11
230104,3850,896,309,5055,22,22,1640,423,142,134,222,355,130,59,58,18,153,17,53,51,102,14,23,55,13,8,41,11,15,10,36,3,2,12,3,19,2,5,14,1,0,6
230105,4747,1048,422,6217,27,27,1492,529,230,246,219,641,206,82,99,59,270,16,190,39,36,39,40,61,18,7,33,3,14,19,39,3,1,10,26,58,8,5,2,1,0,6
230106,2657,561,248,3466,15,15,976,160,121,119,124,374,129,59,22,16,167,18,114,27,37,11,27,60,5,4,12,4,8,4,5,4,2,2,2,37,1,2,2,1,0,1
230201,5652,1087,447,7186,33,33,2130,231,384,317,273,926,364,127,118,38,126,19,82,85,55,41,28,25,15,10,17,12,21,19,30,112,7,14,3,3,5,2,1,1,0,11
230202,1739,425,90,2254,11,11,643,211,72,68,85,196,100,21,17,17,40,4,80,19,55,6,7,12,4,1,31,1,4,5,17,5,1,2,2,3,0,5,1,2,0,2
230203,3056,614,195,3865,17,17,1540,130,178,123,296,259,126,43,47,25,53,16,33,18,17,32,17,15,11,7,9,8,9,6,3,13,1,5,3,6,3,0,1,0,0,3
230301,9742,2002,686,12430,57,57,4637,475,548,463,420,1087,408,320,185,68,209,52,113,57,163,77,68,52,28,15,33,43,34,65,40,11,12,9,10,19,8,1,1,2,0,9
230302,1989,428,209,2626,12,12,412,790,80,50,174,92,58,19,30,8,58,17,34,6,30,17,19,17,6,10,24,1,1,6,10,4,1,3,3,0,2,2,1,1,0,3
230303,3363,736,221,4320,19,19,1758,257,109,84,145,359,158,38,29,23,72,8,74,9,58,25,9,16,12,4,11,4,15,9,2,4,1,7,4,51,0,1,0,3,0,4
230304,8491,1719,572,10782,49,49,4364,621,395,306,454,902,200,136,150,86,121,24,91,25,90,86,85,62,42,35,44,19,19,41,20,14,2,8,6,7,10,5,7,2,0,12
240101,263988,28121,14602,306711,1316,1316,54856,4981,41388,41232,18767,34092,16541,12349,10368,3417,2127,1550,1604,2898,1854,1856,1266,889,508,922,536,1629,2037,705,1425,740,733,453,384,235,195,171,172,125,0,983
240102,48722,3690,2539,54951,243,243,8626,363,11595,9004,2057,5167,2655,2787,1582,412,235,237,266,835,302,165,138,121,54,56,72,212,670,78,261,162,212,72,66,38,24,23,28,24,0,123
240103,4312,242,96,4650,22,22,493,20,2008,609,89,257,178,248,86,13,10,10,15,32,17,12,5,7,4,2,2,7,108,3,10,26,20,7,5,1,2,0,0,2,0,4
240104,29826,3019,1495,34340,147,147,6338,477,4903,4469,2437,3622,1847,1403,1096,341,200,119,193,409,222,156,133,104,32,89,70,140,185,134,134,79,112,47,43,22,21,13,84,20,0,132
240105,38736,3016,1804,43556,195,195,6576,305,9720,7016,1675,3937,2171,2263,1239,325,201,130,167,717,231,165,70,115,33,41,47,191,578,47,223,110,125,68,40,26,31,31,21,13,0,88
240106,167762,21274,9994,199030,859,859,37147,10147,15228,20927,19504,19840,9607,6544,7906,2763,1880,975,1068,932,1498,1838,1071,670,535,1202,649,942,735,702,878,393,467,314,204,188,125,103,100,85,0,595
240107,23958,3133,1216,28307,116,116,5440,1084,1943,3342,2576,3069,1327,1016,1059,407,352,120,172,148,175,286,186,118,76,143,76,128,87,62,142,58,87,64,41,18,13,15,19,10,0,99
250101,80136,16057,5120,101313,475,475,23442,4519,6190,4921,6257,10439,3868,2628,2272,1344,2414,765,703,747,1868,1203,1275,604,175,648,570,386,266,341,425,172,187,288,196,142,91,86,83,55,0,566
250102,45419,10472,3214,59105,285,285,14263,3565,2642,2378,3741,5418,1959,1226,1224,773,1600,390,416,353,934,603,762,304,107,525,357,210,132,200,234,93,150,159,110,73,42,53,36,40,0,347
250103,3561,1393,328,5282,45,45,1007,1225,245,23,149,134,62,19,7,22,134,16,95,34,75,35,45,27,7,31,20,17,1,26,10,3,2,6,39,9,6,4,2,0,0,24
250104,8046,2588,714,11348,55,55,2464,1478,256,173,819,697,231,96,143,101,431,73,94,39,82,101,139,67,17,120,114,31,16,47,27,14,17,27,10,27,10,18,8,8,0,51
250105,2705,1218,213,4136,42,42,437,1414,104,14,54,63,28,10,7,17,158,9,23,13,29,31,124,19,2,9,36,4,3,14,13,4,5,7,5,5,2,21,6,1,0,14
250106,3002,965,311,4278,25,25,669,739,131,42,290,184,92,18,34,32,169,88,76,8,72,51,23,54,12,42,33,10,3,18,26,6,10,3,0,6,11,10,6,9,0,25
250107,35639,9578,3234,48451,235,235,12754,2571,1256,1437,2764,4603,1030,745,936,559,1253,249,475,160,771,490,1116,250,95,360,297,164,80,203,101,74,79,102,68,72,43,51,31,37,0,363
250201,10494,3051,854,14399,76,76,1952,3329,483,290,1309,486,473,139,219,119,396,75,168,24,90,152,164,60,22,96,147,25,26,45,23,21,15,25,9,22,10,12,16,4,0,48
250202,5891,1669,530,8090,41,41,1401,1980,173,101,841,224,184,33,91,66,180,22,54,11,27,83,56,34,18,62,70,5,4,26,45,8,10,9,9,21,5,8,9,3,0,18
250203,5021,1386,383,6790,34,34,1099,1814,416,93,472,221,124,36,63,34,124,30,24,11,35,68,53,41,11,49,60,11,11,23,10,6,6,11,7,12,11,10,5,4,0,16
250204,4154,1240,576,5970,27,27,1052,1015,141,102,532,240,115,33,76,48,177,29,72,19,47,60,48,46,30,60,53,5,11,28,7,11,5,17,10,16,4,11,3,1,0,30
250205,2744,687,252,3683,17,17,390,975,85,63,527,83,84,14,45,27,96,11,26,2,18,32,48,23,10,56,31,4,3,12,6,1,1,15,2,15,3,6,10,7,0,13
250206,1929,399,274,2602,12,12,255,827,87,24,246,38,93,18,30,20,77,21,17,4,17,16,27,14,2,33,17,0,1,11,3,2,0,4,0,8,4,2,1,1,0,9
250207,1885,559,147,2591,13,13,195,985,46,21,194,43,40,12,20,26,76,11,17,5,17,18,27,14,4,21,26,1,2,9,0,9,2,5,0,7,5,0,2,1,0,24
250301,9613,4654,1393,15660,108,108,3520,1521,423,205,634,422,495,82,115,98,298,43,81,85,189,100,73,116,15,457,129,15,27,75,13,20,8,31,23,41,10,36,16,2,0,195
250302,2067,1251,270,3588,33,33,545,559,113,22,38,62,41,9,1,13,109,8,20,7,189,11,12,18,2,35,30,2,4,22,2,2,4,8,4,3,5,9,6,1,0,151
250303,296,143,37,476,7,7,145,17,19,3,4,15,1,1,0,2,39,0,12,4,14,6,0,4,0,0,0,0,0,4,0,1,0,0,0,0,0,1,0,0,0,4
250304,2008,1048,320,3376,22,22,918,325,67,20,196,45,80,9,10,20,69,8,35,4,11,25,7,13,4,37,21,3,1,21,3,6,4,9,4,6,8,6,2,1,0,10
250401,890,365,71,1326,12,12,486,180,17,6,16,12,15,3,2,1,12,3,31,15,46,3,3,0,1,19,2,0,0,7,0,2,0,0,0,2,0,1,1,0,0,4
910101,9,1,0,10,1,1,1,0,4,0,0,4,0,0,0,0,0,0,0,0,0,0,0,0,0,0,0,0,0,0,0,0,0,0,0,0,0,0,0,0,0,0
910302,15,1,1,17,1,1,0,0,3,3,2,0,1,0,0,1,0,0,0,0,0,0,4,0,0,0,1,0,0,0,0,0,0,0,0,0,0,0,0,0,0,0
910401,3,0,0,3,1,1,0,0,0,2,0,0,0,1,0,0,0,0,0,0,0,0,0,0,0,0,0,0,0,0,0,0,0,0,0,0,0,0,0,0,0,0
910502,9,2,0,11,1,1,1,0,2,3,2,1,0,0,0,0,0,0,0,0,0,0,0,0,0,0,0,0,0,0,0,0,0,0,0,0,0,0,0,0,0,0
910603,27,3,0,30,1,1,1,0,17,1,2,2,1,0,0,0,0,0,0,0,0,0,0,0,0,0,0,1,1,0,0,0,0,0,1,0,0,0,0,0,0,0
911201,0,0,0,0,1,1,0,0,0,0,0,0,0,0,0,0,0,0,0,0,0,0,0,0,0,0,0,0,0,0,0,0,0,0,0,0,0,0,0,0,0,0
920101,269,103,14,386,2,2,66,5,95,9,19,38,12,5,1,0,0,0,0,2,2,1,0,1,2,0,0,0,1,2,2,1,1,1,0,2,0,0,0,1,0,0
920202,24376,12721,3032,40129,221,221,5686,1010,3611,1786,2679,3476,1320,623,321,370,174,108,151,355,183,209,60,266,497,275,218,133,92,158,70,102,33,68,59,50,33,38,38,33,0,91
920203,3831,2029,718,6578,27,27,907,195,435,209,381,687,201,80,46,47,51,26,25,58,32,22,16,33,113,42,51,19,16,23,8,20,4,27,13,8,5,2,5,5,0,19
920204,35,4,1,40,1,1,11,0,10,1,4,1,4,1,0,0,0,0,1,1,0,0,0,0,0,0,0,0,0,0,0,0,0,0,0,0,0,0,1,0,0,0
920205,3272,1841,405,5518,25,25,740,151,438,295,291,455,168,83,23,39,27,18,33,112,24,33,9,42,45,14,46,16,12,26,5,12,6,25,19,7,3,5,21,5,0,24
920206,1302,747,364,2413,10,10,274,44,165,47,118,207,52,26,11,18,23,4,14,46,4,20,4,12,120,9,11,5,6,22,1,5,7,5,5,4,2,5,1,1,0,4
920207,1152,396,268,1816,8,8,198,50,256,75,101,127,81,30,9,19,31,10,13,15,7,15,8,15,12,14,10,8,3,4,5,9,4,1,5,0,6,0,2,1,0,8
920208,72,10,8,90,3,3,17,1,23,0,11,2,6,0,0,2,0,1,1,1,1,0,0,3,0,0,1,0,2,0,0,0,0,0,0,0,0,0,0,0,0,0
920210,49,13,1,63,1,1,8,1,13,3,5,3,8,3,0,0,0,0,0,1,0,0,0,0,2,0,0,0,1,0,0,0,0,0,0,0,1,0,0,0,0,0
920219,71,10,5,86,1,1,16,4,5,4,9,6,11,3,0,0,0,0,0,3,0,0,0,1,0,0,2,0,1,1,0,0,0,0,0,2,0,0,2,0,0,1
920224,39,22,6,67,1,1,13,2,2,0,7,4,1,3,0,1,1,1,0,0,0,0,0,1,1,0,0,0,0,0,0,1,0,0,0,0,0,0,1,0,0,0
920226,85,11,8,104,1,1,24,0,19,10,9,13,1,1,1,1,0,0,1,1,1,1,0,0,0,0,1,0,0,0,0,1,0,0,0,0,0,0,0,0,0,0
920401,1798,367,86,2251,7,7,144,135,229,379,176,78,178,117,170,24,8,20,7,5,11,11,6,13,2,7,12,10,4,10,14,3,2,4,4,1,0,1,2,2,0,9
920403,956,659,93,1708,7,7,184,52,195,91,98,59,62,37,15,20,7,23,4,12,11,5,2,17,3,6,7,5,2,6,7,4,0,10,0,1,1,1,2,1,0,6
920405,1313,295,128,1736,8,8,244,28,510,81,76,94,70,28,21,12,4,12,7,15,11,11,4,24,4,3,7,2,2,7,5,8,2,5,6,1,1,2,2,3,0,1
920502,129,25,3,157,2,2,6,1,45,21,12,9,10,10,1,0,0,0,1,1,1,0,0,3,0,0,1,1,2,1,0,2,0,0,0,0,0,0,0,0,0,1
920503,174,20,6,200,2,2,18,3,56,24,10,9,16,14,3,1,0,1,2,0,3,1,0,3,0,0,1,3,2,0,1,1,0,2,0,0,0,0,0,0,0,0
920504,210,38,6,254,2,2,31,6,66,20,17,25,16,5,4,0,0,2,2,3,3,1,0,3,0,0,0,1,2,0,0,1,0,1,0,0,0,1,0,0,0,0
920505,500,146,57,703,5,5,165,4,111,8,31,39,26,11,1,10,3,5,18,17,5,8,4,4,2,1,5,5,3,3,2,2,2,2,0,0,0,0,1,0,0,2
920506,108,33,4,145,2,2,13,4,21,23,5,10,16,2,0,2,1,0,0,2,4,0,0,1,0,1,1,0,0,0,0,2,0,0,0,0,0,0,0,0,0,0
920508,93,34,2,129,2,2,27,4,9,9,9,12,5,0,2,0,1,0,3,2,1,0,0,5,0,0,0,0,1,0,1,0,1,0,0,0,1,0,0,0,0,0
920509,638,133,32,803,5,5,59,11,188,101,46,36,83,49,2,12,1,6,1,1,1,2,1,7,1,0,3,4,6,4,1,1,1,4,3,0,0,0,0,0,0,3
920510,2913,709,261,3883,21,21,414,164,631,293,460,277,224,94,33,54,9,27,9,14,16,24,6,31,12,31,19,9,9,5,3,9,6,9,6,5,2,2,0,3,0,3
920511,53,14,3,70,1,1,7,0,22,8,0,5,9,0,0,1,0,1,0,0,0,0,0,0,0,0,0,0,0,0,0,0,0,0,0,0,0,0,0,0,0,0
920532,78,22,4,104,1,1,14,3,26,1,7,12,8,2,0,1,0,0,0,1,0,0,1,0,0,0,0,0,0,0,0,0,0,0,0,1,0,0,0,0,0,1
920536,21,2,2,25,1,1,3,1,5,0,1,2,3,0,0,0,0,0,0,2,0,0,0,0,0,1,0,0,1,1,0,1,0,0,0,0,0,0,0,0,0,0
920601,3460,526,81,4067,23,23,334,31,1516,483,163,216,315,160,32,34,2,11,5,24,14,15,3,8,3,9,3,11,36,5,2,9,3,2,3,0,1,2,0,2,0,3
920602,287,29,6,322,2,2,29,0,128,30,12,15,25,29,1,2,1,2,1,2,1,1,0,1,0,1,1,1,3,0,1,0,0,0,0,0,0,0,0,0,0,0
920603,2573,250,38,2861,17,17,276,25,1214,402,92,129,158,126,22,15,3,9,4,12,7,2,6,6,0,3,3,13,20,2,4,4,4,1,6,1,0,0,0,0,0,4
920604,916,61,10,987,6,6,59,3,438,185,29,50,64,51,3,0,1,0,1,4,1,1,1,2,0,0,1,4,10,0,2,1,1,1,3,0,0,0,0,0,0,0
920605,205,3,7,215,1,1,12,0,87,42,5,11,16,16,6,2,0,0,0,0,0,1,0,0,0,0,0,0,2,1,0,2,0,0,1,0,0,0,1,0,0,0
920608,271,27,1,299,3,3,18,3,136,39,10,20,25,13,2,0,0,0,0,1,0,0,0,0,0,0,0,1,1,0,0,1,0,0,0,0,0,0,0,1,0,0
920701,46,8,2,56,1,1,9,1,17,1,0,6,3,5,0,1,0,1,0,0,0,0,0,0,0,0,1,0,0,0,0,1,0,0,0,0,0,0,0,0,0,0
920702,898,133,40,1071,5,5,153,18,338,117,58,56,62,32,4,1,1,1,1,3,3,7,2,8,2,0,6,6,4,3,3,2,1,2,1,1,0,0,1,0,0,1
920703,167,22,12,201,2,2,30,5,69,11,8,15,8,11,0,3,0,0,0,1,0,3,0,1,0,0,0,0,0,0,0,1,1,0,0,0,0,0,0,0,0,0
920705,313,234,30,577,4,4,166,14,16,4,12,32,3,8,4,4,2,1,4,1,2,5,2,3,4,2,4,1,2,7,1,2,0,2,0,1,0,1,1,2,0,0
920706,307,29,15,351,2,2,56,0,139,26,16,19,14,6,3,0,0,0,0,4,1,3,0,3,2,1,2,0,2,1,1,2,1,1,2,1,0,0,1,0,0,0
920709,23,2,1,26,1,1,3,0,13,1,0,4,0,0,0,1,0,0,0,0,0,0,0,0,0,0,0,0,0,0,0,1,0,0,0,0,0,0,0,0,0,0
920717,6,0,0,6,1,1,0,0,3,1,0,2,0,0,0,0,0,0,0,0,0,0,0,0,0,0,0,0,0,0,0,0,0,0,0,0,0,0,0,0,0,0
920737,13,4,0,17,1,1,3,0,6,0,1,0,0,1,1,0,0,0,0,1,0,0,0,0,0,0,0,0,0,0,0,0,0,0,0,0,0,0,0,0,0,0
920803,1206,154,33,1393,7,7,170,18,541,123,60,58,85,38,7,5,2,4,5,10,8,3,6,7,4,2,6,7,8,3,4,4,1,7,0,2,5,0,0,0,0,3
920901,10,4,1,15,1,1,0,0,0,0,1,1,3,3,0,0,0,0,0,0,1,0,0,0,0,0,1,0,0,0,0,0,0,0,0,0,0,0,0,0,0,0
921001,2083,728,296,3107,14,14,375,144,222,118,324,334,93,69,58,57,9,40,14,14,21,17,8,20,50,16,10,12,10,7,6,3,2,9,4,0,1,1,2,4,0,9
921002,2430,866,261,3557,11,11,240,333,136,142,567,245,117,63,42,104,27,104,15,35,13,29,8,23,11,22,16,20,7,18,29,8,5,6,3,2,2,19,1,6,0,12
921003,355,77,32,464,4,4,59,11,67,32,38,62,23,16,4,10,1,2,1,3,4,2,2,2,3,2,1,0,3,0,0,1,1,3,1,1,0,0,0,0,0,0
921005,4343,2226,861,7430,24,24,1099,205,401,221,582,709,219,117,58,116,27,58,29,44,31,51,9,32,110,22,25,15,13,30,19,16,5,32,6,5,5,8,4,2,0,18
921006,29723,11278,9400,50401,218,218,7308,1067,3901,2126,4063,4387,1405,778,410,438,210,162,164,325,183,230,114,167,925,180,120,145,89,171,90,84,43,100,58,61,26,32,43,35,0,83
921007,812,238,116,1166,8,8,157,26,157,80,98,103,45,31,9,15,4,10,7,2,12,7,1,5,13,1,2,4,1,5,4,2,5,2,1,0,0,0,0,0,0,3
921026,270,140,32,442,2,2,47,20,28,18,46,34,16,7,5,7,1,4,0,4,3,2,1,2,7,6,2,0,1,1,1,1,0,1,1,1,0,0,0,0,0,3
921101,655,247,93,995,5,5,136,24,245,34,44,49,36,26,11,10,2,1,2,2,1,5,2,7,4,0,0,0,2,0,3,1,1,0,1,2,0,1,0,1,0,2
921102,151,215,34,400,2,2,41,13,24,14,13,14,6,8,2,0,0,0,0,0,0,0,0,3,1,0,2,2,0,2,0,0,0,1,1,0,0,0,0,1,0,3
921104,129,111,37,277,2,2,43,5,10,9,13,14,7,1,2,3,0,0,2,3,0,3,3,3,3,0,0,1,0,1,2,0,0,0,1,0,0,0,0,0,0,0
921105,645,282,96,1023,5,5,131,45,190,58,50,40,35,27,2,10,0,2,4,9,1,4,1,2,1,2,8,5,5,1,2,0,1,3,2,1,0,0,1,1,0,1
921110,237,173,66,476,2,2,50,29,40,14,17,40,12,0,1,6,0,0,3,1,2,5,1,1,4,0,2,0,0,1,1,0,1,3,1,0,0,0,1,0,0,1
921201,57,15,3,75,1,1,3,1,23,3,3,8,3,9,0,0,0,2,0,0,1,0,0,0,0,0,0,0,0,0,0,0,0,1,0,0,0,0,0,0,0,0
921303,1413,202,27,1642,13,13,193,15,530,184,90,130,121,56,7,10,1,7,1,11,12,2,1,3,2,5,3,6,10,0,4,2,3,1,1,1,0,0,0,1,0,0
921304,1355,184,23,1562,29,29,165,13,558,181,75,90,104,52,14,13,5,8,0,13,17,1,1,4,1,1,3,9,12,0,7,3,0,1,1,0,1,0,1,1,0,0
921308,1129,148,21,1298,13,13,131,19,423,136,89,115,87,33,11,13,5,1,0,10,4,1,2,4,5,5,4,5,6,3,2,5,4,1,1,0,0,0,1,0,0,3
921313,1814,225,40,2079,17,17,236,13,989,141,82,89,85,71,13,7,0,8,2,21,4,1,0,2,4,5,1,7,10,3,2,2,3,0,3,0,1,1,0,3,0,5
921315,6175,801,170,7146,78,78,984,110,2797,466,417,455,310,149,39,57,13,31,7,65,26,17,6,21,16,26,16,21,57,9,12,10,5,15,3,3,0,4,1,2,0,5
921317,9922,936,210,11068,110,110,1247,48,5902,723,330,475,344,247,50,36,20,16,26,101,31,16,7,19,15,17,13,22,99,11,28,33,7,11,6,2,3,1,3,6,0,7
921318,134,29,8,171,2,2,26,0,49,14,7,19,6,5,0,1,0,0,0,0,0,0,0,0,0,0,1,0,4,0,1,0,0,0,0,0,0,0,0,0,0,1
921319,6603,1181,271,8055,96,96,1170,160,2372,587,574,580,425,144,48,55,13,39,21,100,26,18,2,19,22,25,14,32,42,10,25,34,9,9,2,3,4,3,4,8,0,4
921320,1254,73,34,1361,21,21,174,4,741,91,45,63,42,32,8,4,0,1,3,8,6,1,0,1,0,2,2,4,13,0,4,2,1,0,0,1,0,0,0,0,0,1
921322,249,33,12,294,5,5,10,3,122,32,15,16,18,9,0,2,0,0,0,8,1,0,0,3,2,0,1,1,4,0,0,0,1,1,0,0,0,0,0,0,0,0
921323,241,42,7,290,3,3,37,1,100,35,16,12,7,9,12,0,0,0,0,2,3,1,0,1,1,0,0,1,0,0,1,0,0,0,1,0,0,0,0,0,0,1
921324,436,54,7,497,5,5,45,1,233,45,17,28,16,20,1,4,0,2,0,3,1,0,2,0,2,0,8,0,2,2,0,0,0,0,0,2,1,1,0,0,0,0
921325,3098,549,83,3730,45,45,420,73,1193,342,270,243,252,72,28,17,4,9,7,18,12,6,7,18,5,13,8,19,18,8,13,3,8,3,0,0,1,1,2,3,0,2
921328,850,90,24,964,10,10,95,10,356,106,56,71,46,39,16,7,0,1,2,5,5,2,0,2,2,1,0,4,12,0,3,4,2,0,0,1,0,1,1,0,0,0
921331,6921,1075,257,8253,75,75,978,85,2899,695,480,523,481,234,53,56,12,36,16,76,31,19,8,19,14,16,18,30,54,6,20,14,8,6,6,5,3,3,8,1,0,8
921335,8723,1624,495,10842,128,128,1881,121,3126,642,614,837,446,216,63,90,19,50,11,167,38,20,18,22,22,32,21,52,71,16,40,14,14,8,14,4,4,3,15,4,0,8
921350,959,66,22,1047,13,13,101,9,486,77,66,71,50,30,7,12,1,1,3,10,3,2,0,0,0,0,2,9,7,2,2,1,1,1,3,0,0,0,1,0,0,1
921372,499,44,27,570,5,5,29,1,249,56,21,39,31,25,6,1,0,2,0,9,2,1,3,2,0,0,1,5,8,3,0,1,1,3,0,0,0,0,0,0,0,0
921373,1571,203,36,1810,14,14,228,19,748,145,77,114,76,41,13,8,3,3,5,17,9,4,5,6,16,2,4,3,8,3,1,7,3,1,1,0,0,0,0,1,0,0
921374,1815,242,104,2161,13,13,281,46,571,179,163,176,113,67,24,21,7,12,4,20,14,14,0,6,9,7,10,8,15,21,6,6,2,5,1,0,0,1,3,1,0,2
921381,2237,347,82,2666,23,23,325,46,908,162,238,200,117,58,16,18,8,16,1,8,6,18,6,9,5,13,5,8,20,5,7,5,2,2,2,2,0,0,0,0,0,1
921385,3174,687,131,3992,31,31,611,43,1057,242,229,385,218,79,26,35,6,24,8,36,21,10,4,22,13,13,11,15,20,6,4,3,10,3,10,1,4,1,1,1,0,2
921501,197,14,5,216,2,2,24,2,112,14,14,3,13,3,2,1,0,0,0,1,1,0,0,2,0,0,1,2,2,0,0,0,0,0,0,0,0,0,0,0,0,0
921701,59,0,4,63,1,1,18,1,29,5,0,1,2,0,0,0,0,0,0,0,0,1,0,0,0,0,0,0,0,0,0,0,0,0,0,1,0,0,0,0,0,1
921901,219,13,11,243,3,3,20,3,106,29,18,12,13,2,1,1,0,1,0,2,0,1,0,1,1,0,3,3,0,0,0,0,0,0,1,0,0,0,0,0,0,1
921902,1068,75,48,1191,9,9,112,10,461,119,82,49,95,48,9,8,3,12,3,9,7,4,0,6,0,1,2,6,6,3,2,1,3,3,1,0,0,0,0,0,0,3
921903,240,10,3,253,2,2,40,3,106,25,16,14,13,3,3,0,1,0,0,2,3,1,2,0,0,1,0,3,1,2,0,0,0,1,0,0,0,0,0,0,0,0
922001,56,15,0,71,1,1,10,3,22,9,2,3,4,0,0,1,0,0,0,0,0,0,0,0,0,0,0,0,0,0,0,1,0,1,0,0,0,0,0,0,0,0
922101,1111,264,69,1444,7,7,200,10,465,98,84,67,63,38,12,7,2,2,2,5,8,9,1,6,2,0,5,2,3,2,0,6,0,5,1,1,0,0,1,1,0,3
922102,38,16,4,58,1,1,7,1,11,1,6,4,3,1,1,1,0,0,0,2,0,0,0,0,0,0,0,0,0,0,0,0,0,0,0,0,0,0,0,0,0,0
922103,9,5,1,15,1,1,1,0,3,3,0,2,0,0,0,0,0,0,0,0,0,0,0,0,0,0,0,0,0,0,0,0,0,0,0,0,0,0,0,0,0,0
922108,25,3,0,28,1,1,6,0,10,1,1,1,1,3,0,0,0,0,0,0,0,0,0,0,0,0,2,0,0,0,0,0,0,0,0,0,0,0,0,0,0,0
922201,583,154,43,780,4,4,90,7,282,19,46,40,22,18,3,11,0,2,3,2,5,6,0,7,1,1,1,2,4,2,0,1,2,1,1,1,0,1,0,0,0,2
922303,238,27,4,269,2,2,32,1,113,36,7,10,14,12,2,0,2,0,2,0,2,1,0,2,1,0,0,0,0,0,1,0,0,0,0,0,0,0,0,0,0,0
922401,478,61,18,557,3,3,92,3,146,46,48,26,13,38,7,10,1,6,3,1,2,0,0,4,2,4,3,4,6,0,5,1,1,1,0,1,0,0,1,3,0,0
922403,118,14,5,137,1,1,29,0,28,10,13,7,3,8,1,1,0,5,0,0,1,1,0,4,0,0,2,0,2,0,0,1,0,0,0,1,0,0,1,0,0,0
922601,11,0,0,11,1,1,1,0,1,6,0,1,0,0,0,0,0,0,0,0,0,1,0,0,0,0,0,0,1,0,0,0,0,0,0,0,0,0,0,0,0,0
922701,842,184,46,1072,4,4,172,23,188,80,52,107,49,34,14,11,3,3,2,10,15,21,4,8,3,4,5,5,4,6,7,5,0,3,1,1,0,1,1,0,0,0
922802,0,0,0,0,34,34,0,0,0,0,0,0,0,0,0,0,0,0,0,0,0,0,0,0,0,0,0,0,0,0,0,0,0,0,0,0,0,0,0,0,0,0
923001,213,60,11,284,2,2,54,11,25,5,31,42,4,9,5,3,1,1,1,1,1,1,0,2,9,0,3,0,0,1,0,0,2,1,0,0,0,0,0,0,0,0
930101,111,10,2,123,1,1,7,4,19,35,7,4,12,11,4,2,0,0,0,0,0,0,0,1,1,0,0,2,0,0,0,0,1,0,1,0,0,0,0,0,0,0
930201,17,0,1,18,1,1,4,1,1,4,1,0,4,1,0,0,0,0,0,1,0,0,0,0,0,0,0,0,0,0,0,0,0,0,0,0,0,0,0,0,0,0
930206,42,0,0,42,1,1,5,0,19,8,1,1,2,3,1,0,0,0,0,0,0,0,0,0,0,0,0,1,0,0,0,1,0,0,0,0,0,0,0,0,0,0
930226,52,14,5,71,1,1,9,1,19,7,2,3,2,1,0,1,1,1,0,0,0,0,0,1,0,1,0,1,0,1,0,0,0,0,1,0,0,0,0,0,0,0
930232,30,11,2,43,1,1,5,1,9,6,1,1,3,2,0,0,0,0,0,0,0,0,0,1,0,0,0,0,0,0,1,0,0,0,0,0,0,0,0,0,0,0
930402,10,1,0,11,1,1,0,0,4,1,1,2,1,0,0,0,0,0,0,0,0,0,0,0,0,0,0,0,1,0,0,0,0,0,0,0,0,0,0,0,0,0
930602,0,0,0,0,3,3,0,0,0,0,0,0,0,0,0,0,0,0,0,0,0,0,0,0,0,0,0,0,0,0,0,0,0,0,0,0,0,0,0,0,0,0
930603,0,0,0,0,1,1,0,0,0,0,0,0,0,0,0,0,0,0,0,0,0,0,0,0,0,0,0,0,0,0,0,0,0,0,0,0,0,0,0,0,0,0
930703,1664,248,74,1986,25,25,570,10,687,85,41,77,51,38,19,9,2,1,1,10,10,2,0,6,6,3,3,5,10,0,6,3,2,0,1,0,2,1,0,0,0,3
930704,33,9,5,47,1,1,16,1,11,1,0,2,0,1,0,0,0,0,0,0,0,0,0,0,0,0,0,0,0,0,0,0,1,0,0,0,0,0,0,0,0,0
930705,74,8,1,83,1,1,31,0,29,4,0,4,2,0,0,0,0,0,0,0,0,1,0,1,0,0,0,0,0,0,0,0,0,1,1,0,0,0,0,0,0,0
930709,181,26,4,211,2,2,74,1,64,6,7,12,3,7,1,0,0,0,0,1,0,0,1,0,0,0,0,0,0,0,0,0,2,0,1,0,0,0,0,0,0,1
930713,1364,251,49,1664,14,14,502,12,506,34,54,80,46,33,15,5,2,3,2,15,1,3,0,1,4,14,0,0,19,2,2,4,1,0,0,1,0,1,0,0,0,2
930720,644,81,15,740,6,6,254,2,242,24,22,28,23,10,4,3,0,2,1,7,4,0,0,2,1,0,0,0,10,0,1,2,1,1,0,0,0,0,0,0,0,0
930721,1330,297,55,1682,12,12,521,4,547,38,20,82,29,24,12,4,0,1,2,10,3,1,0,4,4,2,0,3,9,0,2,3,1,0,1,0,0,0,0,1,0,2
930726,782,161,23,966,8,8,333,0,233,25,27,48,19,22,10,9,1,1,0,20,1,4,1,2,0,1,3,1,16,1,1,0,1,0,1,0,1,0,0,0,0,0
930727,696,80,218,994,5,5,274,5,263,29,23,39,18,11,2,2,2,3,0,4,1,0,0,1,2,0,1,4,8,0,1,0,2,1,0,0,0,0,0,0,0,0
930731,445,129,18,592,4,4,164,1,173,9,18,23,23,6,4,3,0,0,0,1,4,0,1,0,4,2,0,0,4,0,2,0,0,0,0,0,2,0,1,0,0,0
930736,383,99,19,501,3,3,152,0,144,12,12,22,4,14,3,0,0,1,0,4,2,1,0,1,0,0,0,0,4,2,0,2,0,0,1,0,1,0,1,0,0,0
930801,0,0,0,0,1,1,0,0,0,0,0,0,0,0,0,0,0,0,0,0,0,0,0,0,0,0,0,0,0,0,0,0,0,0,0,0,0,0,0,0,0,0
931001,33,1,0,34,1,1,4,0,9,5,2,1,4,2,0,0,0,1,0,0,1,0,0,2,0,0,0,0,1,0,0,1,0,0,0,0,0,0,0,0,0,0
931101,10,0,0,10,1,1,0,0,1,3,2,2,0,0,1,1,0,0,0,0,0,0,0,0,0,0,0,0,0,0,0,0,0,0,0,0,0,0,0,0,0,0
931302,0,0,0,0,1,1,0,0,0,0,0,0,0,0,0,0,0,0,0,0,0,0,0,0,0,0,0,0,0,0,0,0,0,0,0,0,0,0,0,0,0,0
931501,25,4,1,30,1,1,1,0,8,4,0,1,6,3,0,1,0,0,0,0,0,0,0,0,0,0,1,0,0,0,0,0,0,0,0,0,0,0,0,0,0,0
931503,10,0,1,11,1,1,0,0,4,2,0,1,0,2,0,0,0,0,0,0,0,0,0,0,0,0,1,0,0,0,0,0,0,0,0,0,0,0,0,0,0,0
931904,0,0,0,0,1,1,0,0,0,0,0,0,0,0,0,0,0,0,0,0,0,0,0,0,0,0,0,0,0,0,0,0,0,0,0,0,0,0,0,0,0,0
932002,5,0,0,5,1,1,0,0,2,1,0,0,1,0,0,0,0,0,0,0,0,0,0,0,0,0,0,0,0,0,1,0,0,0,0,0,0,0,0,0,0,0
932401,0,0,0,0,1,1,0,0,0,0,0,0,0,0,0,0,0,0,0,0,0,0,0,0,0,0,0,0,0,0,0,0,0,0,0,0,0,0,0,0,0,0
932501,34,1,0,35,1,1,2,0,15,9,1,1,3,2,0,0,0,0,0,0,0,0,0,0,0,0,0,1,0,0,0,0,0,0,0,0,0,0,0,0,0,0
932801,0,0,0,0,1,1,0,0,0,0,0,0,0,0,0,0,0,0,0,0,0,0,0,0,0,0,0,0,0,0,0,0,0,0,0,0,0,0,0,0,0,0
933001,7,0,1,8,1,1,0,0,3,4,0,0,0,0,0,0,0,0,0,0,0,0,0,0,0,0,0,0,0,0,0,0,0,0,0,0,0,0,0,0,0,0
933201,11,2,0,13,1,1,2,0,4,3,0,0,1,0,0,1,0,0,0,0,0,0,0,0,0,0,0,0,0,0,0,0,0,0,0,0,0,0,0,0,0,0
933701,0,0,0,0,1,1,0,0,0,0,0,0,0,0,0,0,0,0,0,0,0,0,0,0,0,0,0,0,0,0,0,0,0,0,0,0,0,0,0,0,0,0
933702,0,0,0,0,1,1,0,0,0,0,0,0,0,0,0,0,0,0,0,0,0,0,0,0,0,0,0,0,0,0,0,0,0,0,0,0,0,0,0,0,0,0
933801,0,0,0,0,1,1,0,0,0,0,0,0,0,0,0,0,0,0,0,0,0,0,0,0,0,0,0,0,0,0,0,0,0,0,0,0,0,0,0,0,0,0
940201,873,83,15,971,5,5,43,11,200,236,52,43,144,66,9,8,2,4,1,5,1,2,0,12,2,3,6,6,5,1,2,3,2,1,1,0,0,0,0,1,0,1
940203,229,23,5,257,2,2,17,7,72,53,10,21,21,14,2,3,0,0,0,1,1,2,0,1,0,0,0,3,0,0,0,1,0,0,0,0,0,0,0,0,0,0
940205,627,52,28,707,5,5,34,6,197,168,30,33,82,36,10,2,0,1,1,1,4,0,0,2,0,0,0,6,6,1,0,1,1,0,0,3,0,0,0,0,0,2
940206,436,73,8,517,3,3,18,11,137,83,24,31,46,35,9,2,0,3,0,4,4,2,0,11,1,1,2,3,3,0,0,2,1,0,2,0,0,0,1,0,0,0
940213,617,51,9,677,5,5,29,11,192,132,31,22,92,60,12,5,0,3,1,4,3,1,2,6,1,0,0,4,2,0,0,1,0,0,0,0,1,1,0,0,0,1
940245,1123,106,21,1250,9,9,56,10,352,285,60,71,129,78,12,13,0,2,2,8,5,3,0,6,2,4,4,6,6,1,2,0,0,2,2,0,0,2,0,0,0,0
940302,341,42,5,388,3,3,16,2,96,73,22,34,39,30,4,3,0,1,1,1,0,0,0,1,0,0,0,1,4,0,2,3,6,0,1,0,0,0,0,0,0,1
940401,237,41,4,282,2,2,19,3,71,28,17,18,39,12,6,5,0,1,0,1,2,0,2,1,0,0,0,1,1,1,1,2,1,2,0,2,0,0,0,0,0,1
940402,1047,228,59,1334,6,6,104,22,219,177,95,99,136,74,12,19,5,4,3,6,2,5,7,15,3,2,6,8,6,5,3,4,0,0,0,1,1,1,0,2,0,1
940403,154,9,5,168,1,1,18,0,34,45,9,7,16,10,4,0,0,1,1,1,2,0,0,2,0,0,0,1,2,0,0,1,0,0,0,0,0,0,0,0,0,0
940404,85,3,1,89,1,1,9,0,26,15,3,5,11,7,0,0,0,0,1,2,0,0,0,2,1,0,0,1,1,0,0,0,0,1,0,0,0,0,0,0,0,0
940601,107,11,0,118,1,1,4,1,33,24,8,6,10,6,1,2,0,0,0,2,2,0,0,0,1,1,1,1,2,0,0,0,0,0,0,1,0,0,0,1,0,0
940801,177,14,4,195,2,2,17,3,52,17,16,13,21,12,4,1,0,2,0,3,5,0,0,4,0,0,0,2,3,0,0,0,0,0,1,0,0,0,0,1,0,0
940902,19851,3619,1015,24485,119,119,2924,335,3961,2679,1836,3105,1500,866,293,234,63,107,81,261,129,65,56,80,457,60,72,144,131,67,65,64,27,52,20,23,13,6,14,12,0,49
940903,3443,619,178,4240,28,28,547,82,598,427,405,493,293,181,76,44,9,19,15,27,15,27,6,17,16,18,19,21,13,13,9,9,11,4,9,1,3,2,7,2,0,5
940905,895,175,42,1112,10,10,130,28,174,134,116,121,66,33,18,12,6,4,3,6,5,4,1,2,3,2,2,7,5,2,1,1,0,2,3,0,1,1,0,1,0,1
940909,254,53,8,315,3,3,39,3,63,33,39,18,18,8,3,6,1,1,1,4,2,2,0,2,1,0,2,0,1,0,0,2,1,1,0,1,0,0,0,0,0,2
940910,35760,6712,2759,45231,212,212,5654,795,7350,4214,3687,5710,2716,1535,514,450,112,144,139,430,216,151,76,194,304,166,131,181,200,108,127,71,48,81,67,29,18,17,32,24,0,69
940911,369,47,11,427,4,4,50,4,105,42,26,45,35,24,7,4,2,1,0,3,5,0,2,1,2,5,1,0,2,0,0,0,1,2,0,0,0,0,0,0,0,0
940913,1007,143,47,1197,7,7,141,24,256,108,97,161,78,38,17,13,0,4,4,14,4,2,3,5,6,2,0,4,10,1,1,3,1,1,3,2,1,2,0,0,0,1
940915,391,69,10,470,3,3,56,8,81,69,36,53,26,22,6,3,0,2,0,1,2,1,2,7,4,0,0,2,1,1,4,1,1,0,0,0,1,1,0,0,0,0
940917,1189,179,181,1549,8,8,189,31,268,141,106,147,87,51,14,17,7,6,6,23,6,7,4,3,8,3,2,12,5,4,5,7,6,6,1,1,1,8,2,1,0,4
940918,1942,389,140,2471,14,14,270,39,400,272,189,274,146,67,31,32,4,12,8,29,12,29,10,7,28,9,11,9,8,7,6,4,5,6,3,1,2,1,6,1,0,4
940920,2238,392,130,2760,18,18,310,29,649,325,176,233,137,125,34,41,7,7,7,14,26,13,2,19,8,3,4,14,12,7,13,3,4,6,2,0,0,2,2,0,0,4
940922,1084,205,66,1355,11,11,203,23,175,124,126,167,70,32,30,16,5,6,9,8,8,4,3,7,3,15,4,8,7,4,8,3,1,4,4,0,1,1,2,0,0,3
940931,464,79,22,565,3,3,67,9,76,65,24,80,44,29,17,7,3,0,0,1,2,14,1,1,4,5,1,1,3,1,4,3,0,1,0,0,1,0,0,0,0,0
940935,712,154,29,895,6,6,139,10,106,95,80,122,41,31,15,9,4,3,1,4,3,4,1,7,3,4,3,2,6,2,4,3,1,4,2,0,0,0,2,0,0,1
941001,104,11,1,116,1,1,6,0,25,32,10,5,16,4,0,0,0,0,0,2,0,0,0,0,0,0,0,3,1,0,0,0,0,0,0,0,0,0,0,0,0,0
941101,154,24,4,182,2,2,8,1,38,40,9,8,23,12,5,2,0,2,1,0,0,0,0,3,0,0,0,1,0,0,0,0,1,0,0,0,0,0,0,0,0,0
941103,92,17,1,110,1,1,6,0,24,15,5,5,18,10,0,3,0,0,0,1,0,0,0,0,0,1,0,2,0,0,0,1,0,0,1,0,0,0,0,0,0,0
941105,260,25,3,288,3,3,20,6,48,70,20,19,28,26,5,2,0,0,0,1,0,0,0,2,0,2,1,2,4,0,1,3,0,0,0,0,0,0,0,0,0,0
941106,143,3,8,154,1,1,12,2,30,36,11,3,18,19,1,0,0,1,0,0,0,1,0,1,1,0,1,1,2,0,1,0,1,0,1,0,0,0,0,0,0,0
941107,111,17,10,138,1,1,16,1,29,20,13,13,9,5,1,0,0,0,0,0,0,0,0,0,1,0,0,1,1,0,1,0,0,0,0,0,0,0,0,0,0,0
941108,3489,662,114,4265,21,21,340,60,788,657,322,319,428,204,40,30,8,15,4,25,16,13,5,38,27,19,15,25,26,9,11,12,4,6,1,3,2,6,3,2,0,6
941110,210,17,4,231,2,2,20,3,53,40,13,9,33,15,7,2,1,1,0,1,0,1,0,2,0,3,1,2,0,0,1,1,1,0,0,0,0,0,0,0,0,0
941204,1501,155,46,1702,13,13,118,19,502,334,91,106,140,90,15,14,0,6,5,6,4,3,1,8,2,6,5,4,4,3,1,6,1,0,0,1,0,3,1,1,0,1
941301,36,8,3,47,1,1,6,3,4,3,6,3,2,2,1,1,1,1,0,3,0,0,0,0,0,0,0,0,0,0,0,0,0,0,0,0,0,0,0,0,0,0
941401,890,50,19,959,6,6,66,13,275,230,30,42,88,82,8,8,0,5,0,4,3,2,1,8,1,1,0,5,5,2,0,2,4,0,1,1,0,1,0,0,0,2
941501,101,6,2,109,1,1,16,1,35,20,10,0,1,10,2,1,0,0,0,0,0,0,0,0,0,1,1,1,0,1,0,1,0,0,0,0,0,0,0,0,0,0
941701,1388,331,48,1767,9,9,179,40,226,139,214,203,144,55,12,26,2,7,8,9,15,5,2,12,9,14,7,6,6,4,4,7,2,0,2,5,2,4,11,1,0,6
941703,4555,965,242,5762,24,24,678,191,601,384,880,611,445,164,68,94,13,33,11,30,34,30,6,23,25,42,46,23,39,19,9,11,11,14,4,4,3,1,1,3,0,4
941704,2291,449,193,2933,13,13,371,64,375,234,405,295,173,86,32,32,9,11,6,14,21,9,9,8,14,22,9,15,17,10,7,3,1,9,7,4,2,4,3,4,0,6
941706,22018,4452,1605,28075,112,112,3143,535,3693,2121,3930,3087,1847,863,363,392,64,122,47,151,123,126,43,133,126,205,118,113,136,80,90,78,29,80,41,21,15,17,15,25,0,46
941707,512,109,21,642,3,3,93,23,88,29,80,77,34,24,3,12,1,5,0,2,2,2,1,3,4,1,6,3,3,2,3,2,3,3,2,0,0,0,0,0,0,1
941709,8165,1568,762,10495,43,43,1108,257,1489,695,1431,1035,714,332,141,87,36,43,29,80,57,66,13,43,90,53,28,44,51,31,33,28,16,26,15,12,1,7,7,45,0,22
941710,212,25,5,242,4,4,22,9,69,16,21,15,21,16,3,4,0,1,0,3,3,1,0,3,0,0,1,0,1,1,0,0,0,0,0,1,1,0,0,0,0,0
941711,6918,1279,414,8611,31,31,891,218,1078,669,1087,859,648,332,109,142,36,36,21,83,49,45,19,77,187,52,29,34,46,33,27,9,9,13,16,10,7,13,11,9,0,14
941717,909,226,34,1169,6,6,129,22,98,110,131,134,89,45,10,26,3,5,1,13,6,19,0,3,7,13,13,7,3,2,2,1,3,2,1,2,1,0,3,1,0,4
941748,682,184,53,919,4,4,60,26,109,46,130,100,49,31,9,15,4,5,2,6,6,12,7,12,4,10,3,10,9,1,0,2,1,2,3,4,1,1,0,1,0,1
941755,320,95,7,422,2,2,46,9,54,44,38,40,24,25,3,1,4,2,1,1,1,0,1,2,7,3,2,3,1,2,4,0,0,0,0,0,1,0,0,0,0,1
941801,85,6,2,93,1,1,2,1,21,24,4,4,13,8,2,0,0,1,0,0,0,0,0,0,0,0,0,2,3,0,0,0,0,0,0,0,0,0,0,0,0,0
942001,145,33,4,182,1,1,5,1,55,28,16,13,11,7,3,0,0,1,0,1,0,0,0,0,0,1,0,0,0,0,0,1,0,0,1,1,0,0,0,0,0,0
942101,17,0,0,17,1,1,1,0,2,6,2,3,1,1,0,0,0,0,0,0,0,0,0,0,0,1,0,0,0,0,0,0,0,0,0,0,0,0,0,0,0,0
942302,143,10,2,155,2,2,9,2,28,35,10,7,31,9,1,2,0,0,0,1,0,0,0,2,0,1,0,2,1,1,0,0,1,0,0,0,0,0,0,0,0,0
942401,97,8,1,106,1,1,7,0,33,18,9,6,12,7,0,1,0,0,0,0,1,0,0,0,1,0,0,1,0,1,0,0,0,0,0,0,0,0,0,0,0,0
942502,221,14,6,241,2,2,18,1,59,71,9,10,21,17,0,1,0,0,1,3,1,0,0,0,0,0,0,4,2,0,0,1,0,0,1,0,0,1,0,0,0,0
942601,31,3,1,35,1,1,3,0,5,3,6,5,3,1,2,0,0,0,1,0,1,0,0,1,0,0,0,0,0,0,0,0,0,0,0,0,0,0,0,0,0,0
942604,14,0,1,15,1,1,3,1,4,0,1,1,1,2,0,0,0,0,0,0,0,0,0,0,0,0,0,0,0,1,0,0,0,0,0,0,0,0,0,0,0,0
942701,957,166,17,1140,7,7,62,26,267,106,97,82,168,47,10,14,1,3,0,10,2,2,2,18,1,5,7,10,4,1,2,5,0,1,1,1,0,0,0,1,0,1
942703,158,19,4,181,2,2,7,3,50,33,8,10,18,8,1,5,0,0,0,3,0,2,0,6,0,0,0,1,1,0,0,0,0,0,0,1,0,0,0,0,0,1
942802,964,74,40,1078,10,10,52,19,374,134,65,50,99,62,9,10,1,1,2,6,8,4,2,6,7,1,6,9,22,2,1,2,0,1,1,2,0,0,1,5,0,0
942803,1283,283,44,1610,9,9,141,22,445,142,107,109,126,66,12,10,0,7,0,13,5,1,2,4,6,9,3,8,7,3,4,8,2,11,2,1,0,0,1,5,0,1
942901,120,23,7,150,2,2,8,1,14,10,17,12,22,4,2,3,0,3,1,5,1,0,1,4,1,0,3,1,2,1,0,1,0,0,0,1,0,0,1,1,0,0
942910,16,0,0,16,1,1,2,0,6,0,1,1,1,1,1,0,0,0,1,0,1,0,0,1,0,0,0,0,0,0,0,0,0,0,0,0,0,0,0,0,0,0
943601,17,0,0,17,1,1,0,0,6,1,0,0,4,0,0,0,0,0,0,2,1,0,1,0,0,0,2,0,0,0,0,0,0,0,0,0,0,0,0,0,0,0
943701,0,0,0,0,1,1,0,0,0,0,0,0,0,0,0,0,0,0,0,0,0,0,0,0,0,0,0,0,0,0,0,0,0,0,0,0,0,0,0,0,0,0
944202,80,20,30,130,1,1,10,3,5,8,12,18,4,5,2,0,0,0,1,1,0,0,0,1,5,0,0,2,2,0,1,0,0,0,0,0,0,0,0,0,0,0
950102,328,23,2,353,3,3,14,0,145,53,12,17,33,35,4,0,0,2,0,1,1,0,0,0,0,1,1,0,5,0,1,3,0,0,0,0,0,0,0,0,0,0
950103,60,4,0,64,1,1,4,0,15,11,5,6,5,7,2,0,0,0,0,2,1,0,0,0,0,0,0,0,0,0,0,1,0,0,0,0,0,0,0,0,0,1
950104,311,19,5,335,3,3,28,8,120,44,18,21,32,25,4,1,0,0,0,0,2,0,0,1,0,0,0,4,0,1,0,1,0,0,0,0,0,1,0,0,0,0
950105,1203,137,36,1376,9,9,92,14,520,167,70,65,119,60,10,7,1,5,0,6,7,3,1,6,3,6,3,7,12,0,2,4,1,4,0,1,2,1,1,2,0,1
950106,239,8,6,253,2,2,13,0,84,52,4,25,31,12,3,3,0,2,0,1,1,1,1,1,2,1,0,0,0,0,0,0,1,0,0,1,0,0,0,0,0,0
950201,164,14,3,181,2,2,8,1,76,28,8,10,7,11,1,3,0,0,1,0,1,0,0,1,0,0,0,2,2,0,0,2,1,0,1,0,0,0,0,0,0,0
950202,65,3,2,70,1,1,4,0,23,14,3,2,4,8,0,0,0,0,0,4,0,0,1,0,0,0,1,0,0,0,0,0,0,0,0,0,0,0,0,0,0,1
