race_id,tipo,id_tipo_jne,ubigeo,nivel_circunscripcion,nombre_circunscripcion,cargo_ejecutivo,cargo_proporcional,n_escanos,fuente_n_escanos,umbral_primera_vuelta,tiene_segunda_vuelta,electores_habiles,n_mesas,jee,odpe,estado
01-010000,01,4,010000,departamento,AMAZONAS,gobernador,—,,,0.3,True,,,,,normal
01-020000,01,4,020000,departamento,ANCASH,gobernador,—,,,0.3,True,,,,,normal
01-030000,01,4,030000,departamento,APURIMAC,gobernador,—,,,0.3,True,,,,,normal
01-040000,01,4,040000,departamento,AREQUIPA,gobernador,—,,,0.3,True,,,,,normal
01-050000,01,4,050000,departamento,AYACUCHO,gobernador,—,,,0.3,True,,,,,normal
01-060000,01,4,060000,departamento,CAJAMARCA,gobernador,—,,,0.3,True,,,,,normal
01-070000,01,4,070000,departamento,CUSCO,gobernador,—,,,0.3,True,,,,,normal
01-080000,01,4,080000,departamento,HUANCAVELICA,gobernador,—,,,0.3,True,,,,,normal
01-090000,01,4,090000,departamento,HUANUCO,gobernador,—,,,0.3,True,,,,,normal
01-100000,01,4,100000,departamento,ICA,gobernador,—,,,0.3,True,,,,,normal
01-110000,01,4,110000,departamento,JUNIN,gobernador,—,,,0.3,True,,,,,normal
01-120000,01,4,120000,departamento,LA LIBERTAD,gobernador,—,,,0.3,True,,,,,normal
01-130000,01,4,130000,departamento,LAMBAYEQUE,gobernador,—,,,0.3,True,,,,,normal
01-140000,01,4,140000,departamento,LIMA,gobernador,—,,,0.3,True,,,,,normal
01-150000,01,4,150000,departamento,LORETO,gobernador,—,,,0.3,True,,,,,normal
01-160000,01,4,160000,departamento,MADRE DE DIOS,gobernador,—,,,0.3,True,,,,,normal
01-170000,01,4,170000,departamento,MOQUEGUA,gobernador,—,,,0.3,True,,,,,normal
01-180000,01,4,180000,departamento,PASCO,gobernador,—,,,0.3,True,,,,,normal
01-190000,01,4,190000,departamento,PIURA,gobernador,—,,,0.3,True,,,,,normal
01-200000,01,4,200000,departamento,PUNO,gobernador,—,,,0.3,True,,,,,normal
01-210000,01,4,210000,departamento,SAN MARTIN,gobernador,—,,,0.3,True,,,,,normal
01-220000,01,4,220000,departamento,TACNA,gobernador,—,,,0.3,True,,,,,normal
01-230000,01,4,230000,departamento,TUMBES,gobernador,—,,,0.3,True,,,,,normal
01-240000,01,4,240000,departamento,CALLAO,gobernador,—,,,0.3,True,,,,,normal
01-250000,01,4,250000,departamento,UCAYALI,gobernador,—,,,0.3,True,,,,,normal
02-010100,02,4,010100,provincia,CHACHAPOYAS,,consejero,1,Res. 0001-2026-JNE,,False,,,,,normal
02-010200,02,4,010200,provincia,BAGUA,,consejero,2,Res. 0001-2026-JNE,,False,,,,,normal
02-010300,02,4,010300,provincia,BONGARA,,consejero,1,Res. 0001-2026-JNE,,False,,,,,normal
02-010400,02,4,010400,provincia,LUYA,,consejero,1,Res. 0001-2026-JNE,,False,,,,,normal
02-010500,02,4,010500,provincia,RODRIGUEZ DE MENDOZA,,consejero,1,Res. 0001-2026-JNE,,False,,,,,normal
02-010600,02,4,010600,provincia,CONDORCANQUI,,consejero,2,Res. 0001-2026-JNE,,False,,,,,normal
02-010700,02,4,010700,provincia,UTCUBAMBA,,consejero,2,Res. 0001-2026-JNE,,False,,,,,normal
02-020100,02,4,020100,provincia,HUARAZ,,consejero,2,Res. 0001-2026-JNE,,False,,,,,normal
02-020200,02,4,020200,provincia,AIJA,,consejero,1,Res. 0001-2026-JNE,,False,,,,,normal
02-020300,02,4,020300,provincia,BOLOGNESI,,consejero,1,Res. 0001-2026-JNE,,False,,,,,normal
02-020400,02,4,020400,provincia,CARHUAZ,,consejero,2,Res. 0001-2026-JNE,,False,,,,,normal
02-020500,02,4,020500,provincia,CASMA,,consejero,1,Res. 0001-2026-JNE,,False,,,,,normal
02-020600,02,4,020600,provincia,CORONGO,,consejero,1,Res. 0001-2026-JNE,,False,,,,,normal
02-020700,02,4,020700,provincia,HUAYLAS,,consejero,2,Res. 0001-2026-JNE,,False,,,,,normal
02-020800,02,4,020800,provincia,HUARI,,consejero,2,Res. 0001-2026-JNE,,False,,,,,normal
02-020900,02,4,020900,provincia,MARISCAL LUZURIAGA,,consejero,1,Res. 0001-2026-JNE,,False,,,,,normal
02-021000,02,4,021000,provincia,PALLASCA,,consejero,1,Res. 0001-2026-JNE,,False,,,,,normal
02-021100,02,4,021100,provincia,POMABAMBA,,consejero,1,Res. 0001-2026-JNE,,False,,,,,normal
02-021200,02,4,021200,provincia,RECUAY,,consejero,1,Res. 0001-2026-JNE,,False,,,,,normal
02-021300,02,4,021300,provincia,SANTA,,consejero,1,Res. 0001-2026-JNE,,False,,,,,normal
02-021400,02,4,021400,provincia,SIHUAS,,consejero,1,Res. 0001-2026-JNE,,False,,,,,normal
02-021500,02,4,021500,provincia,YUNGAY,,consejero,2,Res. 0001-2026-JNE,,False,,,,,normal
02-021600,02,4,021600,provincia,ANTONIO RAIMONDI,,consejero,1,Res. 0001-2026-JNE,,False,,,,,normal
02-021700,02,4,021700,provincia,CARLOS FERMIN FITZCARRALD,,consejero,1,Res. 0001-2026-JNE,,False,,,,,normal
02-021800,02,4,021800,provincia,ASUNCION,,consejero,1,Res. 0001-2026-JNE,,False,,,,,normal
02-021900,02,4,021900,provincia,HUARMEY,,consejero,1,Res. 0001-2026-JNE,,False,,,,,normal
02-022000,02,4,022000,provincia,OCROS,,consejero,1,Res. 0001-2026-JNE,,False,,,,,normal
02-030100,02,4,030100,provincia,ABANCAY,,consejero,2,Res. 0001-2026-JNE,,False,,,,,normal
02-030200,02,4,030200,provincia,AYMARAES,,consejero,1,Res. 0001-2026-JNE,,False,,,,,normal
02-030300,02,4,030300,provincia,ANDAHUAYLAS,,consejero,2,Res. 0001-2026-JNE,,False,,,,,normal
02-030400,02,4,030400,provincia,ANTABAMBA,,consejero,1,Res. 0001-2026-JNE,,False,,,,,normal
02-030500,02,4,030500,provincia,COTABAMBAS,,consejero,2,Res. 0001-2026-JNE,,False,,,,,normal
02-030600,02,4,030600,provincia,GRAU,,consejero,1,Res. 0001-2026-JNE,,False,,,,,normal
02-030700,02,4,030700,provincia,CHINCHEROS,,consejero,2,Res. 0001-2026-JNE,,False,,,,,normal
02-040100,02,4,040100,provincia,AREQUIPA,,consejero,6,Res. 0001-2026-JNE,,False,,,,,normal
02-040200,02,4,040200,provincia,CAYLLOMA,,consejero,2,Res. 0001-2026-JNE,,False,,,,,normal
02-040300,02,4,040300,provincia,CAMANA,,consejero,1,Res. 0001-2026-JNE,,False,,,,,normal
02-040400,02,4,040400,provincia,CARAVELI,,consejero,1,Res. 0001-2026-JNE,,False,,,,,normal
02-040500,02,4,040500,provincia,CASTILLA,,consejero,2,Res. 0001-2026-JNE,,False,,,,,normal
02-040600,02,4,040600,provincia,CONDESUYOS,,consejero,1,Res. 0001-2026-JNE,,False,,,,,normal
02-040700,02,4,040700,provincia,ISLAY,,consejero,1,Res. 0001-2026-JNE,,False,,,,,normal
02-040800,02,4,040800,provincia,LA UNION,,consejero,2,Res. 0001-2026-JNE,,False,,,,,normal
02-050100,02,4,050100,provincia,HUAMANGA,,consejero,3,Res. 0001-2026-JNE,,False,,,,,normal
02-050200,02,4,050200,provincia,CANGALLO,,consejero,2,Res. 0001-2026-JNE,,False,,,,,normal
02-050300,02,4,050300,provincia,HUANTA,,consejero,2,Res. 0001-2026-JNE,,False,,,,,normal
02-050400,02,4,050400,provincia,LA MAR,,consejero,2,Res. 0001-2026-JNE,,False,,,,,normal
02-050500,02,4,050500,provincia,LUCANAS,,consejero,2,Res. 0001-2026-JNE,,False,,,,,normal
02-050600,02,4,050600,provincia,PARINACOCHAS,,consejero,1,Res. 0001-2026-JNE,,False,,,,,normal
02-050700,02,4,050700,provincia,VICTOR FAJARDO,,consejero,1,Res. 0001-2026-JNE,,False,,,,,normal
02-050800,02,4,050800,provincia,HUANCA SANCOS,,consejero,1,Res. 0001-2026-JNE,,False,,,,,normal
02-050900,02,4,050900,provincia,VILCAS HUAMAN,,consejero,1,Res. 0001-2026-JNE,,False,,,,,normal
02-051000,02,4,051000,provincia,PAUCAR DEL SARA SARA,,consejero,1,Res. 0001-2026-JNE,,False,,,,,normal
02-051100,02,4,051100,provincia,SUCRE,,consejero,1,Res. 0001-2026-JNE,,False,,,,,normal
02-060100,02,4,060100,provincia,CAJAMARCA,,consejero,4,Res. 0001-2026-JNE,,False,,,,,normal
02-060200,02,4,060200,provincia,CAJABAMBA,,consejero,1,Res. 0001-2026-JNE,,False,,,,,normal
02-060300,02,4,060300,provincia,CELENDIN,,consejero,1,Res. 0001-2026-JNE,,False,,,,,normal
02-060400,02,4,060400,provincia,CONTUMAZA,,consejero,2,Res. 0001-2026-JNE,,False,,,,,normal
02-060500,02,4,060500,provincia,CUTERVO,,consejero,2,Res. 0001-2026-JNE,,False,,,,,normal
02-060600,02,4,060600,provincia,CHOTA,,consejero,2,Res. 0001-2026-JNE,,False,,,,,normal
02-060700,02,4,060700,provincia,HUALGAYOC,,consejero,1,Res. 0001-2026-JNE,,False,,,,,normal
02-060800,02,4,060800,provincia,JAEN,,consejero,2,Res. 0001-2026-JNE,,False,,,,,normal
02-060900,02,4,060900,provincia,SANTA CRUZ,,consejero,1,Res. 0001-2026-JNE,,False,,,,,normal
02-061000,02,4,061000,provincia,SAN MIGUEL,,consejero,1,Res. 0001-2026-JNE,,False,,,,,normal
02-061100,02,4,061100,provincia,SAN IGNACIO,,consejero,2,Res. 0001-2026-JNE,,False,,,,,normal
02-061200,02,4,061200,provincia,SAN MARCOS,,consejero,1,Res. 0001-2026-JNE,,False,,,,,normal
02-061300,02,4,061300,provincia,SAN PABLO,,consejero,1,Res. 0001-2026-JNE,,False,,,,,normal
02-070100,02,4,070100,provincia,CUSCO,,consejero,3,Res. 0001-2026-JNE,,False,,,,,normal
02-070200,02,4,070200,provincia,ACOMAYO,,consejero,1,Res. 0001-2026-JNE,,False,,,,,normal
02-070300,02,4,070300,provincia,ANTA,,consejero,2,Res. 0001-2026-JNE,,False,,,,,normal
02-070400,02,4,070400,provincia,CALCA,,consejero,2,Res. 0001-2026-JNE,,False,,,,,normal
02-070500,02,4,070500,provincia,CANAS,,consejero,1,Res. 0001-2026-JNE,,False,,,,,normal
02-070600,02,4,070600,provincia,CANCHIS,,consejero,2,Res. 0001-2026-JNE,,False,,,,,normal
02-070700,02,4,070700,provincia,CHUMBIVILCAS,,consejero,2,Res. 0001-2026-JNE,,False,,,,,normal
02-070800,02,4,070800,provincia,ESPINAR,,consejero,1,Res. 0001-2026-JNE,,False,,,,,normal
02-070900,02,4,070900,provincia,LA CONVENCION,,consejero,2,Res. 0001-2026-JNE,,False,,,,,normal
02-071000,02,4,071000,provincia,PARURO,,consejero,1,Res. 0001-2026-JNE,,False,,,,,normal
02-071100,02,4,071100,provincia,PAUCARTAMBO,,consejero,2,Res. 0001-2026-JNE,,False,,,,,normal
02-071200,02,4,071200,provincia,QUISPICANCHI,,consejero,2,Res. 0001-2026-JNE,,False,,,,,normal
02-071300,02,4,071300,provincia,URUBAMBA,,consejero,1,Res. 0001-2026-JNE,,False,,,,,normal
02-080100,02,4,080100,provincia,HUANCAVELICA,,consejero,2,Res. 0001-2026-JNE,,False,,,,,normal
02-080200,02,4,080200,provincia,ACOBAMBA,,consejero,2,Res. 0001-2026-JNE,,False,,,,,normal
02-080300,02,4,080300,provincia,ANGARAES,,consejero,2,Res. 0001-2026-JNE,,False,,,,,normal
02-080400,02,4,080400,provincia,CASTROVIRREYNA,,consejero,1,Res. 0001-2026-JNE,,False,,,,,normal
02-080500,02,4,080500,provincia,TAYACAJA,,consejero,2,Res. 0001-2026-JNE,,False,,,,,normal
02-080600,02,4,080600,provincia,HUAYTARA,,consejero,1,Res. 0001-2026-JNE,,False,,,,,normal
02-080700,02,4,080700,provincia,CHURCAMPA,,consejero,1,Res. 0001-2026-JNE,,False,,,,,normal
02-090100,02,4,090100,provincia,HUANUCO,,consejero,3,Res. 0001-2026-JNE,,False,,,,,normal
02-090200,02,4,090200,provincia,AMBO,,consejero,2,Res. 0001-2026-JNE,,False,,,,,normal
02-090300,02,4,090300,provincia,DOS DE MAYO,,consejero,2,Res. 0001-2026-JNE,,False,,,,,normal
02-090400,02,4,090400,provincia,HUAMALIES,,consejero,2,Res. 0001-2026-JNE,,False,,,,,normal
02-090500,02,4,090500,provincia,MARAÑON,,consejero,1,Res. 0001-2026-JNE,,False,,,,,normal
02-090600,02,4,090600,provincia,LEONCIO PRADO,,consejero,2,Res. 0001-2026-JNE,,False,,,,,normal
02-090700,02,4,090700,provincia,PACHITEA,,consejero,2,Res. 0001-2026-JNE,,False,,,,,normal
02-090800,02,4,090800,provincia,PUERTO INCA,,consejero,2,Res. 0001-2026-JNE,,False,,,,,normal
02-090900,02,4,090900,provincia,HUACAYBAMBA,,consejero,1,Res. 0001-2026-JNE,,False,,,,,normal
02-091000,02,4,091000,provincia,LAURICOCHA,,consejero,1,Res. 0001-2026-JNE,,False,,,,,normal
02-091100,02,4,091100,provincia,YAROWILCA,,consejero,2,Res. 0001-2026-JNE,,False,,,,,normal
02-100100,02,4,100100,provincia,ICA,,consejero,4,Res. 0001-2026-JNE,,False,,,,,normal
02-100200,02,4,100200,provincia,CHINCHA,,consejero,3,Res. 0001-2026-JNE,,False,,,,,normal
02-100300,02,4,100300,provincia,NASCA,,consejero,1,Res. 0001-2026-JNE,,False,,,,,normal
02-100400,02,4,100400,provincia,PISCO,,consejero,2,Res. 0001-2026-JNE,,False,,,,,normal
02-100500,02,4,100500,provincia,PALPA,,consejero,1,Res. 0001-2026-JNE,,False,,,,,normal
02-110100,02,4,110100,provincia,HUANCAYO,,consejero,5,Res. 0001-2026-JNE,,False,,,,,normal
02-110200,02,4,110200,provincia,CONCEPCION,,consejero,1,Res. 0001-2026-JNE,,False,,,,,normal
02-110300,02,4,110300,provincia,JAUJA,,consejero,1,Res. 0001-2026-JNE,,False,,,,,normal
02-110400,02,4,110400,provincia,JUNIN,,consejero,1,Res. 0001-2026-JNE,,False,,,,,normal
02-110500,02,4,110500,provincia,TARMA,,consejero,1,Res. 0001-2026-JNE,,False,,,,,normal
02-110600,02,4,110600,provincia,YAULI,,consejero,1,Res. 0001-2026-JNE,,False,,,,,normal
02-110700,02,4,110700,provincia,SATIPO,,consejero,2,Res. 0001-2026-JNE,,False,,,,,normal
02-110800,02,4,110800,provincia,CHANCHAMAYO,,consejero,2,Res. 0001-2026-JNE,,False,,,,,normal
02-110900,02,4,110900,provincia,CHUPACA,,consejero,1,Res. 0001-2026-JNE,,False,,,,,normal
02-120100,02,4,120100,provincia,TRUJILLO,,consejero,6,Res. 0001-2026-JNE,,False,,,,,normal
02-120200,02,4,120200,provincia,BOLIVAR,,consejero,1,Res. 0001-2026-JNE,,False,,,,,normal
02-120300,02,4,120300,provincia,SANCHEZ CARRION,,consejero,3,Res. 0001-2026-JNE,,False,,,,,normal
02-120400,02,4,120400,provincia,OTUZCO,,consejero,1,Res. 0001-2026-JNE,,False,,,,,normal
02-120500,02,4,120500,provincia,PACASMAYO,,consejero,1,Res. 0001-2026-JNE,,False,,,,,normal
02-120600,02,4,120600,provincia,PATAZ,,consejero,3,Res. 0001-2026-JNE,,False,,,,,normal
02-120700,02,4,120700,provincia,SANTIAGO DE CHUCO,,consejero,1,Res. 0001-2026-JNE,,False,,,,,normal
02-120800,02,4,120800,provincia,ASCOPE,,consejero,1,Res. 0001-2026-JNE,,False,,,,,normal
02-120900,02,4,120900,provincia,CHEPEN,,consejero,1,Res. 0001-2026-JNE,,False,,,,,normal
02-121000,02,4,121000,provincia,JULCAN,,consejero,1,Res. 0001-2026-JNE,,False,,,,,normal
02-121100,02,4,121100,provincia,GRAN CHIMU,,consejero,1,Res. 0001-2026-JNE,,False,,,,,normal
02-121200,02,4,121200,provincia,VIRU,,consejero,1,Res. 0001-2026-JNE,,False,,,,,normal
02-130100,02,4,130100,provincia,CHICLAYO,,consejero,5,Res. 0001-2026-JNE,,False,,,,,normal
02-130200,02,4,130200,provincia,FERREÑAFE,,consejero,3,Res. 0001-2026-JNE,,False,,,,,normal
02-130300,02,4,130300,provincia,LAMBAYEQUE,,consejero,3,Res. 0001-2026-JNE,,False,,,,,normal
02-140200,02,4,140200,provincia,CAJATAMBO,,consejero,1,Res. 0001-2026-JNE,,False,,,,,normal
02-140300,02,4,140300,provincia,CANTA,,consejero,1,Res. 0001-2026-JNE,,False,,,,,normal
02-140400,02,4,140400,provincia,CAÑETE,,consejero,2,Res. 0001-2026-JNE,,False,,,,,normal
02-140500,02,4,140500,provincia,HUAURA,,consejero,2,Res. 0001-2026-JNE,,False,,,,,normal
02-140600,02,4,140600,provincia,HUAROCHIRI,,consejero,2,Res. 0001-2026-JNE,,False,,,,,normal
02-140700,02,4,140700,provincia,YAUYOS,,consejero,2,Res. 0001-2026-JNE,,False,,,,,normal
02-140800,02,4,140800,provincia,HUARAL,,consejero,1,Res. 0001-2026-JNE,,False,,,,,normal
02-140900,02,4,140900,provincia,BARRANCA,,consejero,2,Res. 0001-2026-JNE,,False,,,,,normal
02-141000,02,4,141000,provincia,OYON,,consejero,1,Res. 0001-2026-JNE,,False,,,,,normal
02-150100,02,4,150100,provincia,MAYNAS,,consejero,3,Res. 0001-2026-JNE,,False,,,,,normal
02-150200,02,4,150200,provincia,ALTO AMAZONAS,,consejero,2,Res. 0001-2026-JNE,,False,,,,,normal
02-150300,02,4,150300,provincia,LORETO,,consejero,2,Res. 0001-2026-JNE,,False,,,,,normal
02-150400,02,4,150400,provincia,REQUENA,,consejero,2,Res. 0001-2026-JNE,,False,,,,,normal
02-150500,02,4,150500,provincia,UCAYALI,,consejero,2,Res. 0001-2026-JNE,,False,,,,,normal
02-150600,02,4,150600,provincia,MARISCAL RAMON CASTILLA,,consejero,2,Res. 0001-2026-JNE,,False,,,,,normal
02-150700,02,4,150700,provincia,DATEM DEL MARAÑON,,consejero,2,Res. 0001-2026-JNE,,False,,,,,normal
02-150900,02,4,150900,provincia,PUTUMAYO,,consejero,1,Res. 0001-2026-JNE,,False,,,,,normal
02-160100,02,4,160100,provincia,TAMBOPATA,,consejero,7,Res. 0001-2026-JNE,,False,,,,,normal
02-160200,02,4,160200,provincia,MANU,,consejero,2,Res. 0001-2026-JNE,,False,,,,,normal
02-160300,02,4,160300,provincia,TAHUAMANU,,consejero,1,Res. 0001-2026-JNE,,False,,,,,normal
02-170100,02,4,170100,provincia,MARISCAL NIETO,,consejero,4,Res. 0001-2026-JNE,,False,,,,,normal
02-170200,02,4,170200,provincia,GENERAL SANCHEZ CERRO,,consejero,3,Res. 0001-2026-JNE,,False,,,,,normal
02-170300,02,4,170300,provincia,ILO,,consejero,3,Res. 0001-2026-JNE,,False,,,,,normal
02-180100,02,4,180100,provincia,PASCO,,consejero,5,Res. 0001-2026-JNE,,False,,,,,normal
02-180200,02,4,180200,provincia,DANIEL ALCIDES CARRION,,consejero,2,Res. 0001-2026-JNE,,False,,,,,normal
02-180300,02,4,180300,provincia,OXAPAMPA,,consejero,4,Res. 0001-2026-JNE,,False,,,,,normal
02-190100,02,4,190100,provincia,PIURA,,consejero,4,Res. 0001-2026-JNE,,False,,,,,normal
02-190200,02,4,190200,provincia,AYABACA,,consejero,2,Res. 0001-2026-JNE,,False,,,,,normal
02-190300,02,4,190300,provincia,HUANCABAMBA,,consejero,1,Res. 0001-2026-JNE,,False,,,,,normal
02-190400,02,4,190400,provincia,MORROPON,,consejero,2,Res. 0001-2026-JNE,,False,,,,,normal
02-190500,02,4,190500,provincia,PAITA,,consejero,2,Res. 0001-2026-JNE,,False,,,,,normal
02-190600,02,4,190600,provincia,SULLANA,,consejero,2,Res. 0001-2026-JNE,,False,,,,,normal
02-190700,02,4,190700,provincia,TALARA,,consejero,2,Res. 0001-2026-JNE,,False,,,,,normal
02-190800,02,4,190800,provincia,SECHURA,,consejero,1,Res. 0001-2026-JNE,,False,,,,,normal
02-200100,02,4,200100,provincia,PUNO,,consejero,2,Res. 0001-2026-JNE,,False,,,,,normal
02-200200,02,4,200200,provincia,AZANGARO,,consejero,2,Res. 0001-2026-JNE,,False,,,,,normal
02-200300,02,4,200300,provincia,CARABAYA,,consejero,2,Res. 0001-2026-JNE,,False,,,,,normal
02-200400,02,4,200400,provincia,CHUCUITO,,consejero,2,Res. 0001-2026-JNE,,False,,,,,normal
02-200500,02,4,200500,provincia,HUANCANE,,consejero,1,Res. 0001-2026-JNE,,False,,,,,normal
02-200600,02,4,200600,provincia,LAMPA,,consejero,1,Res. 0001-2026-JNE,,False,,,,,normal
02-200700,02,4,200700,provincia,MELGAR,,consejero,1,Res. 0001-2026-JNE,,False,,,,,normal
02-200800,02,4,200800,provincia,SANDIA,,consejero,1,Res. 0001-2026-JNE,,False,,,,,normal
02-200900,02,4,200900,provincia,SAN ROMAN,,consejero,3,Res. 0001-2026-JNE,,False,,,,,normal
02-201000,02,4,201000,provincia,YUNGUYO,,consejero,1,Res. 0001-2026-JNE,,False,,,,,normal
02-201100,02,4,201100,provincia,SAN ANTONIO DE PUTINA,,consejero,1,Res. 0001-2026-JNE,,False,,,,,normal
02-201200,02,4,201200,provincia,EL COLLAO,,consejero,2,Res. 0001-2026-JNE,,False,,,,,normal
02-201300,02,4,201300,provincia,MOHO,,consejero,1,Res. 0001-2026-JNE,,False,,,,,normal
02-210100,02,4,210100,provincia,MOYOBAMBA,,consejero,2,Res. 0001-2026-JNE,,False,,,,,normal
02-210200,02,4,210200,provincia,HUALLAGA,,consejero,1,Res. 0001-2026-JNE,,False,,,,,normal
02-210300,02,4,210300,provincia,LAMAS,,consejero,2,Res. 0001-2026-JNE,,False,,,,,normal
02-210400,02,4,210400,provincia,MARISCAL CACERES,,consejero,1,Res. 0001-2026-JNE,,False,,,,,normal
02-210500,02,4,210500,provincia,RIOJA,,consejero,2,Res. 0001-2026-JNE,,False,,,,,normal
02-210600,02,4,210600,provincia,SAN MARTIN,,consejero,4,Res. 0001-2026-JNE,,False,,,,,normal
02-210700,02,4,210700,provincia,BELLAVISTA,,consejero,1,Res. 0001-2026-JNE,,False,,,,,normal
02-210800,02,4,210800,provincia,TOCACHE,,consejero,1,Res. 0001-2026-JNE,,False,,,,,normal
02-210900,02,4,210900,provincia,PICOTA,,consejero,1,Res. 0001-2026-JNE,,False,,,,,normal
02-211000,02,4,211000,provincia,EL DORADO,,consejero,1,Res. 0001-2026-JNE,,False,,,,,normal
02-220100,02,4,220100,provincia,TACNA,,consejero,5,Res. 0001-2026-JNE,,False,,,,,normal
02-220200,02,4,220200,provincia,TARATA,,consejero,2,Res. 0001-2026-JNE,,False,,,,,normal
02-220300,02,4,220300,provincia,JORGE BASADRE,,consejero,1,Res. 0001-2026-JNE,,False,,,,,normal
02-220400,02,4,220400,provincia,CANDARAVE,,consejero,2,Res. 0001-2026-JNE,,False,,,,,normal
02-230100,02,4,230100,provincia,TUMBES,,consejero,4,Res. 0001-2026-JNE,,False,,,,,normal
02-230200,02,4,230200,provincia,CONTRALMIRANTE VILLAR,,consejero,1,Res. 0001-2026-JNE,,False,,,,,normal
02-230300,02,4,230300,provincia,ZARUMILLA,,consejero,2,Res. 0001-2026-JNE,,False,,,,,normal
02-240101,02,4,240101,distrito,CALLAO,,consejero,4,Res. 0001-2026-JNE,,False,,,,,normal
02-240102,02,4,240102,distrito,BELLAVISTA,,consejero,1,Res. 0001-2026-JNE,,False,,,,,normal
02-240103,02,4,240103,distrito,LA PUNTA,,consejero,1,Res. 0001-2026-JNE,,False,,,,,normal
02-240104,02,4,240104,distrito,CARMEN DE LA LEGUA-REYNOSO,,consejero,1,Res. 0001-2026-JNE,,False,,,,,normal
02-240105,02,4,240105,distrito,LA PERLA,,consejero,1,Res. 0001-2026-JNE,,False,,,,,normal
02-240106,02,4,240106,distrito,VENTANILLA,,consejero,3,Res. 0001-2026-JNE,,False,,,,,normal
02-240107,02,4,240107,distrito,MI PERU,,consejero,1,Res. 0001-2026-JNE,,False,,,,,normal
02-250100,02,4,250100,provincia,CORONEL PORTILLO,,consejero,5,Res. 0001-2026-JNE,,False,,,,,normal
02-250200,02,4,250200,provincia,PADRE ABAD,,consejero,2,Res. 0001-2026-JNE,,False,,,,,normal
02-250300,02,4,250300,provincia,ATALAYA,,consejero,2,Res. 0001-2026-JNE,,False,,,,,normal
02-250400,02,4,250400,provincia,PURUS,,consejero,2,Res. 0001-2026-JNE,,False,,,,,normal
03-010100,03,5,010100,provincia,CHACHAPOYAS,alcalde_provincial,regidor_provincial,9,conteo_candidatos_erm2026,,False,,,,,normal
03-010200,03,5,010200,provincia,BAGUA,alcalde_provincial,regidor_provincial,9,conteo_candidatos_erm2026,,False,,,,,normal
03-010300,03,5,010300,provincia,BONGARA,alcalde_provincial,regidor_provincial,7,conteo_candidatos_erm2026,,False,,,,,normal
03-010400,03,5,010400,provincia,LUYA,alcalde_provincial,regidor_provincial,7,conteo_candidatos_erm2026,,False,,,,,normal
03-010500,03,5,010500,provincia,RODRIGUEZ DE MENDOZA,alcalde_provincial,regidor_provincial,7,conteo_candidatos_erm2026,,False,,,,,normal
03-010600,03,5,010600,provincia,CONDORCANQUI,alcalde_provincial,regidor_provincial,9,conteo_candidatos_erm2026,,False,,,,,normal
03-010700,03,5,010700,provincia,UTCUBAMBA,alcalde_provincial,regidor_provincial,11,conteo_candidatos_erm2026,,False,,,,,normal
03-020100,03,5,020100,provincia,HUARAZ,alcalde_provincial,regidor_provincial,11,conteo_candidatos_erm2026,,False,,,,,normal
03-020200,03,5,020200,provincia,AIJA,alcalde_provincial,regidor_provincial,5,conteo_candidatos_erm2026,,False,,,,,normal
03-020300,03,5,020300,provincia,BOLOGNESI,alcalde_provincial,regidor_provincial,5,conteo_candidatos_erm2026,,False,,,,,normal
03-020400,03,5,020400,provincia,CARHUAZ,alcalde_provincial,regidor_provincial,9,conteo_candidatos_erm2026,,False,,,,,normal
03-020500,03,5,020500,provincia,CASMA,alcalde_provincial,regidor_provincial,9,conteo_candidatos_erm2026,,False,,,,,normal
03-020600,03,5,020600,provincia,CORONGO,alcalde_provincial,regidor_provincial,5,conteo_candidatos_erm2026,,False,,,,,normal
03-020700,03,5,020700,provincia,HUAYLAS,alcalde_provincial,regidor_provincial,9,conteo_candidatos_erm2026,,False,,,,,normal
03-020800,03,5,020800,provincia,HUARI,alcalde_provincial,regidor_provincial,9,conteo_candidatos_erm2026,,False,,,,,normal
03-020900,03,5,020900,provincia,MARISCAL LUZURIAGA,alcalde_provincial,regidor_provincial,5,conteo_candidatos_erm2026,,False,,,,,normal
03-021000,03,5,021000,provincia,PALLASCA,alcalde_provincial,regidor_provincial,5,conteo_candidatos_erm2026,,False,,,,,normal
03-021100,03,5,021100,provincia,POMABAMBA,alcalde_provincial,regidor_provincial,7,conteo_candidatos_erm2026,,False,,,,,normal
03-021200,03,5,021200,provincia,RECUAY,alcalde_provincial,regidor_provincial,5,conteo_candidatos_erm2026,,False,,,,,normal
03-021300,03,5,021300,provincia,SANTA,alcalde_provincial,regidor_provincial,13,conteo_candidatos_erm2026,,False,,,,,normal
03-021400,03,5,021400,provincia,SIHUAS,alcalde_provincial,regidor_provincial,7,conteo_candidatos_erm2026,,False,,,,,normal
03-021500,03,5,021500,provincia,YUNGAY,alcalde_provincial,regidor_provincial,9,conteo_candidatos_erm2026,,False,,,,,normal
03-021600,03,5,021600,provincia,ANTONIO RAIMONDI,alcalde_provincial,regidor_provincial,5,conteo_candidatos_erm2026,,False,,,,,normal
03-021700,03,5,021700,provincia,CARLOS FERMIN FITZCARRALD,alcalde_provincial,regidor_provincial,5,conteo_candidatos_erm2026,,False,,,,,normal
03-021800,03,5,021800,provincia,ASUNCION,alcalde_provincial,regidor_provincial,5,conteo_candidatos_erm2026,,False,,,,,normal
03-021900,03,5,021900,provincia,HUARMEY,alcalde_provincial,regidor_provincial,7,conteo_candidatos_erm2026,,False,,,,,normal
03-022000,03,5,022000,provincia,OCROS,alcalde_provincial,regidor_provincial,5,conteo_candidatos_erm2026,,False,,,,,normal
03-030100,03,5,030100,provincia,ABANCAY,alcalde_provincial,regidor_provincial,11,conteo_candidatos_erm2026,,False,,,,,normal
03-030200,03,5,030200,provincia,AYMARAES,alcalde_provincial,regidor_provincial,5,conteo_candidatos_erm2026,,False,,,,,normal
03-030300,03,5,030300,provincia,ANDAHUAYLAS,alcalde_provincial,regidor_provincial,11,conteo_candidatos_erm2026,,False,,,,,normal
03-030400,03,5,030400,provincia,ANTABAMBA,alcalde_provincial,regidor_provincial,5,conteo_candidatos_erm2026,,False,,,,,normal
03-030500,03,5,030500,provincia,COTABAMBAS,alcalde_provincial,regidor_provincial,9,conteo_candidatos_erm2026,,False,,,,,normal
03-030600,03,5,030600,provincia,GRAU,alcalde_provincial,regidor_provincial,5,conteo_candidatos_erm2026,,False,,,,,normal
03-030700,03,5,030700,provincia,CHINCHEROS,alcalde_provincial,regidor_provincial,7,conteo_candidatos_erm2026,,False,,,,,normal
03-040100,03,5,040100,provincia,AREQUIPA,alcalde_provincial,regidor_provincial,15,conteo_candidatos_erm2026,,False,,,,,normal
03-040200,03,5,040200,provincia,CAYLLOMA,alcalde_provincial,regidor_provincial,11,conteo_candidatos_erm2026,,False,,,,,normal
03-040300,03,5,040300,provincia,CAMANA,alcalde_provincial,regidor_provincial,9,conteo_candidatos_erm2026,,False,,,,,normal
03-040400,03,5,040400,provincia,CARAVELI,alcalde_provincial,regidor_provincial,7,conteo_candidatos_erm2026,,False,,,,,normal
03-040500,03,5,040500,provincia,CASTILLA,alcalde_provincial,regidor_provincial,7,conteo_candidatos_erm2026,,False,,,,,normal
03-040600,03,5,040600,provincia,CONDESUYOS,alcalde_provincial,regidor_provincial,5,conteo_candidatos_erm2026,,False,,,,,normal
03-040700,03,5,040700,provincia,ISLAY,alcalde_provincial,regidor_provincial,9,conteo_candidatos_erm2026,,False,,,,,normal
03-040800,03,5,040800,provincia,LA UNION,alcalde_provincial,regidor_provincial,5,conteo_candidatos_erm2026,,False,,,,,normal
03-050100,03,5,050100,provincia,HUAMANGA,alcalde_provincial,regidor_provincial,13,conteo_candidatos_erm2026,,False,,,,,normal
03-050200,03,5,050200,provincia,CANGALLO,alcalde_provincial,regidor_provincial,7,conteo_candidatos_erm2026,,False,,,,,normal
03-050300,03,5,050300,provincia,HUANTA,alcalde_provincial,regidor_provincial,9,conteo_candidatos_erm2026,,False,,,,,normal
03-050400,03,5,050400,provincia,LA MAR,alcalde_provincial,regidor_provincial,9,conteo_candidatos_erm2026,,False,,,,,normal
03-050500,03,5,050500,provincia,LUCANAS,alcalde_provincial,regidor_provincial,7,conteo_candidatos_erm2026,,False,,,,,normal
03-050600,03,5,050600,provincia,PARINACOCHAS,alcalde_provincial,regidor_provincial,7,conteo_candidatos_erm2026,,False,,,,,normal
03-050700,03,5,050700,provincia,VICTOR FAJARDO,alcalde_provincial,regidor_provincial,5,conteo_candidatos_erm2026,,False,,,,,normal
03-050800,03,5,050800,provincia,HUANCA SANCOS,alcalde_provincial,regidor_provincial,5,conteo_candidatos_erm2026,,False,,,,,normal
03-050900,03,5,050900,provincia,VILCAS HUAMAN,alcalde_provincial,regidor_provincial,5,conteo_candidatos_erm2026,,False,,,,,normal
03-051000,03,5,051000,provincia,PAUCAR DEL SARA SARA,alcalde_provincial,regidor_provincial,5,conteo_candidatos_erm2026,,False,,,,,normal
03-051100,03,5,051100,provincia,SUCRE,alcalde_provincial,regidor_provincial,5,conteo_candidatos_erm2026,,False,,,,,normal
03-060100,03,5,060100,provincia,CAJAMARCA,alcalde_provincial,regidor_provincial,13,conteo_candidatos_erm2026,,False,,,,,normal
03-060200,03,5,060200,provincia,CAJABAMBA,alcalde_provincial,regidor_provincial,9,conteo_candidatos_erm2026,,False,,,,,normal
03-060300,03,5,060300,provincia,CELENDIN,alcalde_provincial,regidor_provincial,9,conteo_candidatos_erm2026,,False,,,,,normal
03-060400,03,5,060400,provincia,CONTUMAZA,alcalde_provincial,regidor_provincial,7,conteo_candidatos_erm2026,,False,,,,,normal
03-060500,03,5,060500,provincia,CUTERVO,alcalde_provincial,regidor_provincial,11,conteo_candidatos_erm2026,,False,,,,,normal
03-060600,03,5,060600,provincia,CHOTA,alcalde_provincial,regidor_provincial,11,conteo_candidatos_erm2026,,False,,,,,normal
03-060700,03,5,060700,provincia,HUALGAYOC,alcalde_provincial,regidor_provincial,9,conteo_candidatos_erm2026,,False,,,,,normal
03-060800,03,5,060800,provincia,JAEN,alcalde_provincial,regidor_provincial,11,conteo_candidatos_erm2026,,False,,,,,normal
03-060900,03,5,060900,provincia,SANTA CRUZ,alcalde_provincial,regidor_provincial,7,conteo_candidatos_erm2026,,False,,,,,normal
03-061000,03,5,061000,provincia,SAN MIGUEL,alcalde_provincial,regidor_provincial,7,conteo_candidatos_erm2026,,False,,,,,normal
03-061100,03,5,061100,provincia,SAN IGNACIO,alcalde_provincial,regidor_provincial,11,conteo_candidatos_erm2026,,False,,,,,normal
03-061200,03,5,061200,provincia,SAN MARCOS,alcalde_provincial,regidor_provincial,9,conteo_candidatos_erm2026,,False,,,,,normal
03-061300,03,5,061300,provincia,SAN PABLO,alcalde_provincial,regidor_provincial,5,conteo_candidatos_erm2026,,False,,,,,normal
03-070100,03,5,070100,provincia,CUSCO,alcalde_provincial,regidor_provincial,15,conteo_candidatos_erm2026,,False,,,,,normal
03-070200,03,5,070200,provincia,ACOMAYO,alcalde_provincial,regidor_provincial,5,conteo_candidatos_erm2026,,False,,,,,normal
03-070300,03,5,070300,provincia,ANTA,alcalde_provincial,regidor_provincial,9,conteo_candidatos_erm2026,,False,,,,,normal
03-070400,03,5,070400,provincia,CALCA,alcalde_provincial,regidor_provincial,9,conteo_candidatos_erm2026,,False,,,,,normal
03-070500,03,5,070500,provincia,CANAS,alcalde_provincial,regidor_provincial,7,conteo_candidatos_erm2026,,False,,,,,normal
03-070600,03,5,070600,provincia,CANCHIS,alcalde_provincial,regidor_provincial,11,conteo_candidatos_erm2026,,False,,,,,normal
03-070700,03,5,070700,provincia,CHUMBIVILCAS,alcalde_provincial,regidor_provincial,9,conteo_candidatos_erm2026,,False,,,,,normal
03-070800,03,5,070800,provincia,ESPINAR,alcalde_provincial,regidor_provincial,9,conteo_candidatos_erm2026,,False,,,,,normal
03-070900,03,5,070900,provincia,LA CONVENCION,alcalde_provincial,regidor_provincial,11,conteo_candidatos_erm2026,,False,,,,,normal
03-071000,03,5,071000,provincia,PARURO,alcalde_provincial,regidor_provincial,7,conteo_candidatos_erm2026,,False,,,,,normal
03-071100,03,5,071100,provincia,PAUCARTAMBO,alcalde_provincial,regidor_provincial,7,conteo_candidatos_erm2026,,False,,,,,normal
03-071200,03,5,071200,provincia,QUISPICANCHI,alcalde_provincial,regidor_provincial,11,conteo_candidatos_erm2026,,False,,,,,normal
03-071300,03,5,071300,provincia,URUBAMBA,alcalde_provincial,regidor_provincial,9,conteo_candidatos_erm2026,,False,,,,,normal
03-080100,03,5,080100,provincia,HUANCAVELICA,alcalde_provincial,regidor_provincial,11,conteo_candidatos_erm2026,,False,,,,,normal
03-080200,03,5,080200,provincia,ACOBAMBA,alcalde_provincial,regidor_provincial,7,conteo_candidatos_erm2026,,False,,,,,normal
03-080300,03,5,080300,provincia,ANGARAES,alcalde_provincial,regidor_provincial,7,conteo_candidatos_erm2026,,False,,,,,normal
03-080400,03,5,080400,provincia,CASTROVIRREYNA,alcalde_provincial,regidor_provincial,5,conteo_candidatos_erm2026,,False,,,,,normal
03-080500,03,5,080500,provincia,TAYACAJA,alcalde_provincial,regidor_provincial,9,conteo_candidatos_erm2026,,False,,,,,normal
03-080600,03,5,080600,provincia,HUAYTARA,alcalde_provincial,regidor_provincial,5,conteo_candidatos_erm2026,,False,,,,,normal
03-080700,03,5,080700,provincia,CHURCAMPA,alcalde_provincial,regidor_provincial,7,conteo_candidatos_erm2026,,False,,,,,normal
03-090100,03,5,090100,provincia,HUANUCO,alcalde_provincial,regidor_provincial,13,conteo_candidatos_erm2026,,False,,,,,normal
03-090200,03,5,090200,provincia,AMBO,alcalde_provincial,regidor_provincial,9,conteo_candidatos_erm2026,,False,,,,,normal
03-090300,03,5,090300,provincia,DOS DE MAYO,alcalde_provincial,regidor_provincial,7,conteo_candidatos_erm2026,,False,,,,,normal
03-090400,03,5,090400,provincia,HUAMALIES,alcalde_provincial,regidor_provincial,7,conteo_candidatos_erm2026,,False,,,,,normal
03-090500,03,5,090500,provincia,MARAÑON,alcalde_provincial,regidor_provincial,7,conteo_candidatos_erm2026,,False,,,,,normal
03-090600,03,5,090600,provincia,LEONCIO PRADO,alcalde_provincial,regidor_provincial,11,conteo_candidatos_erm2026,,False,,,,,normal
03-090700,03,5,090700,provincia,PACHITEA,alcalde_provincial,regidor_provincial,7,conteo_candidatos_erm2026,,False,,,,,normal
03-090800,03,5,090800,provincia,PUERTO INCA,alcalde_provincial,regidor_provincial,7,conteo_candidatos_erm2026,,False,,,,,normal
03-090900,03,5,090900,provincia,HUACAYBAMBA,alcalde_provincial,regidor_provincial,5,conteo_candidatos_erm2026,,False,,,,,normal
03-091000,03,5,091000,provincia,LAURICOCHA,alcalde_provincial,regidor_provincial,5,conteo_candidatos_erm2026,,False,,,,,normal
03-091100,03,5,091100,provincia,YAROWILCA,alcalde_provincial,regidor_provincial,5,conteo_candidatos_erm2026,,False,,,,,normal
03-100100,03,5,100100,provincia,ICA,alcalde_provincial,regidor_provincial,13,conteo_candidatos_erm2026,,False,,,,,normal
03-100200,03,5,100200,provincia,CHINCHA,alcalde_provincial,regidor_provincial,11,conteo_candidatos_erm2026,,False,,,,,normal
03-100300,03,5,100300,provincia,NASCA,alcalde_provincial,regidor_provincial,9,conteo_candidatos_erm2026,,False,,,,,normal
03-100400,03,5,100400,provincia,PISCO,alcalde_provincial,regidor_provincial,11,conteo_candidatos_erm2026,,False,,,,,normal
03-100500,03,5,100500,provincia,PALPA,alcalde_provincial,regidor_provincial,5,conteo_candidatos_erm2026,,False,,,,,normal
03-110100,03,5,110100,provincia,HUANCAYO,alcalde_provincial,regidor_provincial,15,conteo_candidatos_erm2026,,False,,,,,normal
03-110200,03,5,110200,provincia,CONCEPCION,alcalde_provincial,regidor_provincial,9,conteo_candidatos_erm2026,,False,,,,,normal
03-110300,03,5,110300,provincia,JAUJA,alcalde_provincial,regidor_provincial,9,conteo_candidatos_erm2026,,False,,,,,normal
03-110400,03,5,110400,provincia,JUNIN,alcalde_provincial,regidor_provincial,5,conteo_candidatos_erm2026,,False,,,,,normal
03-110500,03,5,110500,provincia,TARMA,alcalde_provincial,regidor_provincial,9,conteo_candidatos_erm2026,,False,,,,,normal
03-110600,03,5,110600,provincia,YAULI,alcalde_provincial,regidor_provincial,7,conteo_candidatos_erm2026,,False,,,,,normal
03-110700,03,5,110700,provincia,SATIPO,alcalde_provincial,regidor_provincial,11,conteo_candidatos_erm2026,,False,,,,,normal
03-110800,03,5,110800,provincia,CHANCHAMAYO,alcalde_provincial,regidor_provincial,11,conteo_candidatos_erm2026,,False,,,,,normal
03-110900,03,5,110900,provincia,CHUPACA,alcalde_provincial,regidor_provincial,9,conteo_candidatos_erm2026,,False,,,,,normal
03-120100,03,5,120100,provincia,TRUJILLO,alcalde_provincial,regidor_provincial,15,conteo_candidatos_erm2026,,False,,,,,normal
03-120200,03,5,120200,provincia,BOLIVAR,alcalde_provincial,regidor_provincial,5,conteo_candidatos_erm2026,,False,,,,,normal
03-120300,03,5,120300,provincia,SANCHEZ CARRION,alcalde_provincial,regidor_provincial,11,conteo_candidatos_erm2026,,False,,,,,normal
03-120400,03,5,120400,provincia,OTUZCO,alcalde_provincial,regidor_provincial,9,conteo_candidatos_erm2026,,False,,,,,normal
03-120500,03,5,120500,provincia,PACASMAYO,alcalde_provincial,regidor_provincial,11,conteo_candidatos_erm2026,,False,,,,,normal
03-120600,03,5,120600,provincia,PATAZ,alcalde_provincial,regidor_provincial,9,conteo_candidatos_erm2026,,False,,,,,normal
03-120700,03,5,120700,provincia,SANTIAGO DE CHUCO,alcalde_provincial,regidor_provincial,9,conteo_candidatos_erm2026,,False,,,,,normal
03-120800,03,5,120800,provincia,ASCOPE,alcalde_provincial,regidor_provincial,11,conteo_candidatos_erm2026,,False,,,,,normal
03-120900,03,5,120900,provincia,CHEPEN,alcalde_provincial,regidor_provincial,9,conteo_candidatos_erm2026,,False,,,,,normal
03-121000,03,5,121000,provincia,JULCAN,alcalde_provincial,regidor_provincial,7,conteo_candidatos_erm2026,,False,,,,,normal
03-121100,03,5,121100,provincia,GRAN CHIMU,alcalde_provincial,regidor_provincial,7,conteo_candidatos_erm2026,,False,,,,,normal
03-121200,03,5,121200,provincia,VIRU,alcalde_provincial,regidor_provincial,11,conteo_candidatos_erm2026,,False,,,,,normal
03-130100,03,5,130100,provincia,CHICLAYO,alcalde_provincial,regidor_provincial,15,conteo_candidatos_erm2026,,False,,,,,normal
03-130200,03,5,130200,provincia,FERREÑAFE,alcalde_provincial,regidor_provincial,11,conteo_candidatos_erm2026,,False,,,,,normal
03-130300,03,5,130300,provincia,LAMBAYEQUE,alcalde_provincial,regidor_provincial,13,conteo_candidatos_erm2026,,False,,,,,normal
03-140100,03,5,140100,provincia,LIMA,alcalde_provincial,regidor_provincial,39,conteo_candidatos_erm2026,,False,,,,,normal
03-140200,03,5,140200,provincia,CAJATAMBO,alcalde_provincial,regidor_provincial,5,conteo_candidatos_erm2026,,False,,,,,normal
03-140300,03,5,140300,provincia,CANTA,alcalde_provincial,regidor_provincial,5,conteo_candidatos_erm2026,,False,,,,,normal
03-140400,03,5,140400,provincia,CAÑETE,alcalde_provincial,regidor_provincial,11,conteo_candidatos_erm2026,,False,,,,,normal
03-140500,03,5,140500,provincia,HUAURA,alcalde_provincial,regidor_provincial,11,conteo_candidatos_erm2026,,False,,,,,normal
03-140600,03,5,140600,provincia,HUAROCHIRI,alcalde_provincial,regidor_provincial,9,conteo_candidatos_erm2026,,False,,,,,normal
03-140700,03,5,140700,provincia,YAUYOS,alcalde_provincial,regidor_provincial,5,conteo_candidatos_erm2026,,False,,,,,normal
03-140800,03,5,140800,provincia,HUARAL,alcalde_provincial,regidor_provincial,11,conteo_candidatos_erm2026,,False,,,,,normal
03-140900,03,5,140900,provincia,BARRANCA,alcalde_provincial,regidor_provincial,11,conteo_candidatos_erm2026,,False,,,,,normal
03-141000,03,5,141000,provincia,OYON,alcalde_provincial,regidor_provincial,5,conteo_candidatos_erm2026,,False,,,,,normal
03-150100,03,5,150100,provincia,MAYNAS,alcalde_provincial,regidor_provincial,15,conteo_candidatos_erm2026,,False,,,,,normal
03-150200,03,5,150200,provincia,ALTO AMAZONAS,alcalde_provincial,regidor_provincial,11,conteo_candidatos_erm2026,,False,,,,,normal
03-150300,03,5,150300,provincia,LORETO,alcalde_provincial,regidor_provincial,9,conteo_candidatos_erm2026,,False,,,,,normal
03-150400,03,5,150400,provincia,REQUENA,alcalde_provincial,regidor_provincial,9,conteo_candidatos_erm2026,,False,,,,,normal
03-150500,03,5,150500,provincia,UCAYALI,alcalde_provincial,regidor_provincial,9,conteo_candidatos_erm2026,,False,,,,,normal
03-150600,03,5,150600,provincia,MARISCAL RAMON CASTILLA,alcalde_provincial,regidor_provincial,9,conteo_candidatos_erm2026,,False,,,,,normal
03-150700,03,5,150700,provincia,DATEM DEL MARAÑON,alcalde_provincial,regidor_provincial,9,conteo_candidatos_erm2026,,False,,,,,normal
03-150900,03,5,150900,provincia,PUTUMAYO,alcalde_provincial,regidor_provincial,5,conteo_candidatos_erm2026,,False,,,,,normal
03-160100,03,5,160100,provincia,TAMBOPATA,alcalde_provincial,regidor_provincial,11,conteo_candidatos_erm2026,,False,,,,,normal
03-160200,03,5,160200,provincia,MANU,alcalde_provincial,regidor_provincial,5,conteo_candidatos_erm2026,,False,,,,,normal
03-160300,03,5,160300,provincia,TAHUAMANU,alcalde_provincial,regidor_provincial,5,conteo_candidatos_erm2026,,False,,,,,normal
03-170100,03,5,170100,provincia,MARISCAL NIETO,alcalde_provincial,regidor_provincial,11,conteo_candidatos_erm2026,,False,,,,,normal
03-170200,03,5,170200,provincia,GENERAL SANCHEZ CERRO,alcalde_provincial,regidor_provincial,5,conteo_candidatos_erm2026,,False,,,,,normal
03-170300,03,5,170300,provincia,ILO,alcalde_provincial,regidor_provincial,9,conteo_candidatos_erm2026,,False,,,,,normal
03-180100,03,5,180100,provincia,PASCO,alcalde_provincial,regidor_provincial,11,conteo_candidatos_erm2026,,False,,,,,normal
03-180200,03,5,180200,provincia,DANIEL ALCIDES CARRION,alcalde_provincial,regidor_provincial,7,conteo_candidatos_erm2026,,False,,,,,normal
03-180300,03,5,180300,provincia,OXAPAMPA,alcalde_provincial,regidor_provincial,11,conteo_candidatos_erm2026,,False,,,,,normal
03-190100,03,5,190100,provincia,PIURA,alcalde_provincial,regidor_provincial,15,conteo_candidatos_erm2026,,False,,,,,normal
03-190200,03,5,190200,provincia,AYABACA,alcalde_provincial,regidor_provincial,11,conteo_candidatos_erm2026,,False,,,,,normal
03-190300,03,5,190300,provincia,HUANCABAMBA,alcalde_provincial,regidor_provincial,11,conteo_candidatos_erm2026,,False,,,,,normal
03-190400,03,5,190400,provincia,MORROPON,alcalde_provincial,regidor_provincial,11,conteo_candidatos_erm2026,,False,,,,,normal
03-190500,03,5,190500,provincia,PAITA,alcalde_provincial,regidor_provincial,11,conteo_candidatos_erm2026,,False,,,,,normal
03-190600,03,5,190600,provincia,SULLANA,alcalde_provincial,regidor_provincial,13,conteo_candidatos_erm2026,,False,,,,,normal
03-190700,03,5,190700,provincia,TALARA,alcalde_provincial,regidor_provincial,11,conteo_candidatos_erm2026,,False,,,,,normal
03-190800,03,5,190800,provincia,SECHURA,alcalde_provincial,regidor_provincial,11,conteo_candidatos_erm2026,,False,,,,,normal
03-200100,03,5,200100,provincia,PUNO,alcalde_provincial,regidor_provincial,11,conteo_candidatos_erm2026,,False,,,,,normal
03-200200,03,5,200200,provincia,AZANGARO,alcalde_provincial,regidor_provincial,11,conteo_candidatos_erm2026,,False,,,,,normal
03-200300,03,5,200300,provincia,CARABAYA,alcalde_provincial,regidor_provincial,9,conteo_candidatos_erm2026,,False,,,,,normal
03-200400,03,5,200400,provincia,CHUCUITO,alcalde_provincial,regidor_provincial,9,conteo_candidatos_erm2026,,False,,,,,normal
03-200500,03,5,200500,provincia,HUANCANE,alcalde_provincial,regidor_provincial,9,conteo_candidatos_erm2026,,False,,,,,normal
03-200600,03,5,200600,provincia,LAMPA,alcalde_provincial,regidor_provincial,7,conteo_candidatos_erm2026,,False,,,,,normal
03-200700,03,5,200700,provincia,MELGAR,alcalde_provincial,regidor_provincial,9,conteo_candidatos_erm2026,,False,,,,,normal
03-200800,03,5,200800,provincia,SANDIA,alcalde_provincial,regidor_provincial,9,conteo_candidatos_erm2026,,False,,,,,normal
03-200900,03,5,200900,provincia,SAN ROMAN,alcalde_provincial,regidor_provincial,13,conteo_candidatos_erm2026,,False,,,,,normal
03-201000,03,5,201000,provincia,YUNGUYO,alcalde_provincial,regidor_provincial,7,conteo_candidatos_erm2026,,False,,,,,normal
03-201100,03,5,201100,provincia,SAN ANTONIO DE PUTINA,alcalde_provincial,regidor_provincial,7,conteo_candidatos_erm2026,,False,,,,,normal
03-201200,03,5,201200,provincia,EL COLLAO,alcalde_provincial,regidor_provincial,9,conteo_candidatos_erm2026,,False,,,,,normal
03-201300,03,5,201300,provincia,MOHO,alcalde_provincial,regidor_provincial,5,conteo_candidatos_erm2026,,False,,,,,normal
03-210100,03,5,210100,provincia,MOYOBAMBA,alcalde_provincial,regidor_provincial,11,conteo_candidatos_erm2026,,False,,,,,normal
03-210200,03,5,210200,provincia,HUALLAGA,alcalde_provincial,regidor_provincial,7,conteo_candidatos_erm2026,,False,,,,,normal
03-210300,03,5,210300,provincia,LAMAS,alcalde_provincial,regidor_provincial,9,conteo_candidatos_erm2026,,False,,,,,normal
03-210400,03,5,210400,provincia,MARISCAL CACERES,alcalde_provincial,regidor_provincial,9,conteo_candidatos_erm2026,,False,,,,,normal
03-210500,03,5,210500,provincia,RIOJA,alcalde_provincial,regidor_provincial,11,conteo_candidatos_erm2026,,False,,,,,normal
03-210600,03,5,210600,provincia,SAN MARTIN,alcalde_provincial,regidor_provincial,11,conteo_candidatos_erm2026,,False,,,,,normal
03-210700,03,5,210700,provincia,BELLAVISTA,alcalde_provincial,regidor_provincial,9,conteo_candidatos_erm2026,,False,,,,,normal
03-210800,03,5,210800,provincia,TOCACHE,alcalde_provincial,regidor_provincial,9,conteo_candidatos_erm2026,,False,,,,,normal
03-210900,03,5,210900,provincia,PICOTA,alcalde_provincial,regidor_provincial,7,conteo_candidatos_erm2026,,False,,,,,normal
03-211000,03,5,211000,provincia,EL DORADO,alcalde_provincial,regidor_provincial,7,conteo_candidatos_erm2026,,False,,,,,normal
03-220100,03,5,220100,provincia,TACNA,alcalde_provincial,regidor_provincial,13,conteo_candidatos_erm2026,,False,,,,,normal
03-220200,03,5,220200,provincia,TARATA,alcalde_provincial,regidor_provincial,5,conteo_candidatos_erm2026,,False,,,,,normal
03-220300,03,5,220300,provincia,JORGE BASADRE,alcalde_provincial,regidor_provincial,5,conteo_candidatos_erm2026,,False,,,,,normal
03-220400,03,5,220400,provincia,CANDARAVE,alcalde_provincial,regidor_provincial,5,conteo_candidatos_erm2026,,False,,,,,normal
03-230100,03,5,230100,provincia,TUMBES,alcalde_provincial,regidor_provincial,11,conteo_candidatos_erm2026,,False,,,,,normal
03-230200,03,5,230200,provincia,CONTRALMIRANTE VILLAR,alcalde_provincial,regidor_provincial,7,conteo_candidatos_erm2026,,False,,,,,normal
03-230300,03,5,230300,provincia,ZARUMILLA,alcalde_provincial,regidor_provincial,9,conteo_candidatos_erm2026,,False,,,,,normal
03-240100,03,5,240100,provincia,CALLAO,alcalde_provincial,regidor_provincial,15,conteo_candidatos_erm2026,,False,,,,,normal
03-250100,03,5,250100,provincia,CORONEL PORTILLO,alcalde_provincial,regidor_provincial,13,conteo_candidatos_erm2026,,False,,,,,normal
03-250200,03,5,250200,provincia,PADRE ABAD,alcalde_provincial,regidor_provincial,9,conteo_candidatos_erm2026,,False,,,,,normal
03-250300,03,5,250300,provincia,ATALAYA,alcalde_provincial,regidor_provincial,9,conteo_candidatos_erm2026,,False,,,,,normal
03-250400,03,5,250400,provincia,PURUS,alcalde_provincial,regidor_provincial,5,conteo_candidatos_erm2026,,False,,,,,normal
04-010102,04,6,010102,distrito,ASUNCION,alcalde_distrital,regidor_distrital,5,conteo_candidatos_erm2026,,False,,,,,normal
04-010103,04,6,010103,distrito,BALSAS,alcalde_distrital,regidor_distrital,5,conteo_candidatos_erm2026,,False,,,,,normal
04-010104,04,6,010104,distrito,CHETO,alcalde_distrital,regidor_distrital,5,conteo_candidatos_erm2026,,False,,,,,normal
04-010105,04,6,010105,distrito,CHILIQUIN,alcalde_distrital,regidor_distrital,5,conteo_candidatos_erm2026,,False,,,,,normal
04-010106,04,6,010106,distrito,CHUQUIBAMBA,alcalde_distrital,regidor_distrital,5,conteo_candidatos_erm2026,,False,,,,,normal
04-010107,04,6,010107,distrito,GRANADA,alcalde_distrital,regidor_distrital,5,conteo_candidatos_erm2026,,False,,,,,normal
04-010108,04,6,010108,distrito,HUANCAS,alcalde_distrital,regidor_distrital,5,conteo_candidatos_erm2026,,False,,,,,normal
04-010109,04,6,010109,distrito,LA JALCA,alcalde_distrital,regidor_distrital,5,conteo_candidatos_erm2026,,False,,,,,normal
04-010110,04,6,010110,distrito,LEIMEBAMBA,alcalde_distrital,regidor_distrital,5,conteo_candidatos_erm2026,,False,,,,,normal
04-010111,04,6,010111,distrito,LEVANTO,alcalde_distrital,regidor_distrital,5,conteo_candidatos_erm2026,,False,,,,,normal
04-010112,04,6,010112,distrito,MAGDALENA,alcalde_distrital,regidor_distrital,5,conteo_candidatos_erm2026,,False,,,,,normal
04-010113,04,6,010113,distrito,MARISCAL CASTILLA,alcalde_distrital,regidor_distrital,5,conteo_candidatos_erm2026,,False,,,,,normal
04-010114,04,6,010114,distrito,MOLINOPAMPA,alcalde_distrital,regidor_distrital,5,conteo_candidatos_erm2026,,False,,,,,normal
04-010115,04,6,010115,distrito,MONTEVIDEO,alcalde_distrital,regidor_distrital,5,conteo_candidatos_erm2026,,False,,,,,normal
04-010116,04,6,010116,distrito,OLLEROS,alcalde_distrital,regidor_distrital,5,conteo_candidatos_erm2026,,False,,,,,normal
04-010117,04,6,010117,distrito,QUINJALCA,alcalde_distrital,regidor_distrital,5,conteo_candidatos_erm2026,,False,,,,,normal
04-010118,04,6,010118,distrito,SAN FRANCISCO DE DAGUAS,alcalde_distrital,regidor_distrital,5,conteo_candidatos_erm2026,,False,,,,,normal
04-010119,04,6,010119,distrito,SAN ISIDRO DE MAINO,alcalde_distrital,regidor_distrital,5,conteo_candidatos_erm2026,,False,,,,,normal
04-010120,04,6,010120,distrito,SOLOCO,alcalde_distrital,regidor_distrital,5,conteo_candidatos_erm2026,,False,,,,,normal
04-010121,04,6,010121,distrito,SONCHE,alcalde_distrital,regidor_distrital,5,conteo_candidatos_erm2026,,False,,,,,normal
04-010201,04,6,010201,distrito,LA PECA,alcalde_distrital,regidor_distrital,5,conteo_candidatos_erm2026,,False,,,,,normal
04-010202,04,6,010202,distrito,ARAMANGO,alcalde_distrital,regidor_distrital,5,conteo_candidatos_erm2026,,False,,,,,normal
04-010203,04,6,010203,distrito,COPALLIN,alcalde_distrital,regidor_distrital,5,conteo_candidatos_erm2026,,False,,,,,normal
04-010204,04,6,010204,distrito,EL PARCO,alcalde_distrital,regidor_distrital,5,conteo_candidatos_erm2026,,False,,,,,normal
04-010206,04,6,010206,distrito,IMAZA,alcalde_distrital,regidor_distrital,7,conteo_candidatos_erm2026,,False,,,,,normal
04-010302,04,6,010302,distrito,COROSHA,alcalde_distrital,regidor_distrital,5,conteo_candidatos_erm2026,,False,,,,,normal
04-010303,04,6,010303,distrito,CUISPES,alcalde_distrital,regidor_distrital,5,conteo_candidatos_erm2026,,False,,,,,normal
04-010304,04,6,010304,distrito,CHISQUILLA,alcalde_distrital,regidor_distrital,5,conteo_candidatos_erm2026,,False,,,,,normal
04-010305,04,6,010305,distrito,CHURUJA,alcalde_distrital,regidor_distrital,5,conteo_candidatos_erm2026,,False,,,,,normal
04-010306,04,6,010306,distrito,FLORIDA,alcalde_distrital,regidor_distrital,5,conteo_candidatos_erm2026,,False,,,,,normal
04-010307,04,6,010307,distrito,RECTA,alcalde_distrital,regidor_distrital,5,conteo_candidatos_erm2026,,False,,,,,normal
04-010308,04,6,010308,distrito,SAN CARLOS,alcalde_distrital,regidor_distrital,5,conteo_candidatos_erm2026,,False,,,,,normal
04-010309,04,6,010309,distrito,SHIPASBAMBA,alcalde_distrital,regidor_distrital,5,conteo_candidatos_erm2026,,False,,,,,normal
04-010310,04,6,010310,distrito,VALERA,alcalde_distrital,regidor_distrital,5,conteo_candidatos_erm2026,,False,,,,,normal
04-010311,04,6,010311,distrito,YAMBRASBAMBA,alcalde_distrital,regidor_distrital,5,conteo_candidatos_erm2026,,False,,,,,normal
04-010312,04,6,010312,distrito,JAZAN,alcalde_distrital,regidor_distrital,5,conteo_candidatos_erm2026,,False,,,,,normal
04-010402,04,6,010402,distrito,CAMPORREDONDO,alcalde_distrital,regidor_distrital,5,conteo_candidatos_erm2026,,False,,,,,normal
04-010403,04,6,010403,distrito,COCABAMBA,alcalde_distrital,regidor_distrital,5,conteo_candidatos_erm2026,,False,,,,,normal
04-010404,04,6,010404,distrito,COLCAMAR,alcalde_distrital,regidor_distrital,5,conteo_candidatos_erm2026,,False,,,,,normal
04-010405,04,6,010405,distrito,CONILA,alcalde_distrital,regidor_distrital,5,conteo_candidatos_erm2026,,False,,,,,normal
04-010406,04,6,010406,distrito,INGUILPATA,alcalde_distrital,regidor_distrital,5,conteo_candidatos_erm2026,,False,,,,,normal
04-010407,04,6,010407,distrito,LONGUITA,alcalde_distrital,regidor_distrital,5,conteo_candidatos_erm2026,,False,,,,,normal
04-010408,04,6,010408,distrito,LONYA CHICO,alcalde_distrital,regidor_distrital,5,conteo_candidatos_erm2026,,False,,,,,normal
04-010409,04,6,010409,distrito,LUYA,alcalde_distrital,regidor_distrital,5,conteo_candidatos_erm2026,,False,,,,,normal
04-010410,04,6,010410,distrito,LUYA VIEJO,alcalde_distrital,regidor_distrital,5,conteo_candidatos_erm2026,,False,,,,,normal
04-010411,04,6,010411,distrito,MARIA,alcalde_distrital,regidor_distrital,5,conteo_candidatos_erm2026,,False,,,,,normal
04-010412,04,6,010412,distrito,OCALLI,alcalde_distrital,regidor_distrital,5,conteo_candidatos_erm2026,,False,,,,,normal
04-010413,04,6,010413,distrito,OCUMAL,alcalde_distrital,regidor_distrital,5,conteo_candidatos_erm2026,,False,,,,,normal
04-010414,04,6,010414,distrito,PISUQUIA,alcalde_distrital,regidor_distrital,5,conteo_candidatos_erm2026,,False,,,,,normal
04-010415,04,6,010415,distrito,SAN CRISTOBAL,alcalde_distrital,regidor_distrital,5,conteo_candidatos_erm2026,,False,,,,,normal
04-010416,04,6,010416,distrito,SAN FRANCISCO DE YESO,alcalde_distrital,regidor_distrital,5,conteo_candidatos_erm2026,,False,,,,,normal
04-010417,04,6,010417,distrito,SAN JERONIMO,alcalde_distrital,regidor_distrital,5,conteo_candidatos_erm2026,,False,,,,,normal
04-010418,04,6,010418,distrito,SAN JUAN DE LOPECANCHA,alcalde_distrital,regidor_distrital,5,conteo_candidatos_erm2026,,False,,,,,normal
04-010419,04,6,010419,distrito,SANTA CATALINA,alcalde_distrital,regidor_distrital,5,conteo_candidatos_erm2026,,False,,,,,normal
04-010420,04,6,010420,distrito,SANTO TOMAS,alcalde_distrital,regidor_distrital,5,conteo_candidatos_erm2026,,False,,,,,normal
04-010421,04,6,010421,distrito,TINGO,alcalde_distrital,regidor_distrital,5,conteo_candidatos_erm2026,,False,,,,,normal
04-010422,04,6,010422,distrito,TRITA,alcalde_distrital,regidor_distrital,5,conteo_candidatos_erm2026,,False,,,,,normal
04-010423,04,6,010423,distrito,PROVIDENCIA,alcalde_distrital,regidor_distrital,5,conteo_candidatos_erm2026,,False,,,,,normal
04-010502,04,6,010502,distrito,COCHAMAL,alcalde_distrital,regidor_distrital,5,conteo_candidatos_erm2026,,False,,,,,normal
04-010503,04,6,010503,distrito,CHIRIMOTO,alcalde_distrital,regidor_distrital,5,conteo_candidatos_erm2026,,False,,,,,normal
04-010504,04,6,010504,distrito,HUAMBO,alcalde_distrital,regidor_distrital,5,conteo_candidatos_erm2026,,False,,,,,normal
04-010505,04,6,010505,distrito,LIMABAMBA,alcalde_distrital,regidor_distrital,5,conteo_candidatos_erm2026,,False,,,,,normal
04-010506,04,6,010506,distrito,LONGAR,alcalde_distrital,regidor_distrital,5,conteo_candidatos_erm2026,,False,,,,,normal
04-010507,04,6,010507,distrito,MILPUCC,alcalde_distrital,regidor_distrital,5,conteo_candidatos_erm2026,,False,,,,,normal
04-010508,04,6,010508,distrito,MARISCAL BENAVIDES,alcalde_distrital,regidor_distrital,5,conteo_candidatos_erm2026,,False,,,,,normal
04-010509,04,6,010509,distrito,OMIA,alcalde_distrital,regidor_distrital,5,conteo_candidatos_erm2026,,False,,,,,normal
04-010510,04,6,010510,distrito,SANTA ROSA,alcalde_distrital,regidor_distrital,5,conteo_candidatos_erm2026,,False,,,,,normal
04-010511,04,6,010511,distrito,TOTORA,alcalde_distrital,regidor_distrital,5,conteo_candidatos_erm2026,,False,,,,,normal
04-010512,04,6,010512,distrito,VISTA ALEGRE,alcalde_distrital,regidor_distrital,5,conteo_candidatos_erm2026,,False,,,,,normal
04-010602,04,6,010602,distrito,RIO SANTIAGO,alcalde_distrital,regidor_distrital,5,conteo_candidatos_erm2026,,False,,,,,normal
04-010603,04,6,010603,distrito,EL CENEPA,alcalde_distrital,regidor_distrital,5,conteo_candidatos_erm2026,,False,,,,,normal
04-010702,04,6,010702,distrito,CAJARURO,alcalde_distrital,regidor_distrital,5,conteo_candidatos_erm2026,,False,,,,,normal
04-010703,04,6,010703,distrito,CUMBA,alcalde_distrital,regidor_distrital,5,conteo_candidatos_erm2026,,False,,,,,normal
04-010704,04,6,010704,distrito,EL MILAGRO,alcalde_distrital,regidor_distrital,5,conteo_candidatos_erm2026,,False,,,,,normal
04-010705,04,6,010705,distrito,JAMALCA,alcalde_distrital,regidor_distrital,5,conteo_candidatos_erm2026,,False,,,,,normal
04-010706,04,6,010706,distrito,LONYA GRANDE,alcalde_distrital,regidor_distrital,5,conteo_candidatos_erm2026,,False,,,,,normal
04-010707,04,6,010707,distrito,YAMON,alcalde_distrital,regidor_distrital,5,conteo_candidatos_erm2026,,False,,,,,normal
04-020102,04,6,020102,distrito,INDEPENDENCIA,alcalde_distrital,regidor_distrital,9,conteo_candidatos_erm2026,,False,,,,,normal
04-020103,04,6,020103,distrito,COCHABAMBA,alcalde_distrital,regidor_distrital,5,conteo_candidatos_erm2026,,False,,,,,normal
04-020104,04,6,020104,distrito,COLCABAMBA,alcalde_distrital,regidor_distrital,5,conteo_candidatos_erm2026,,False,,,,,normal
04-020105,04,6,020105,distrito,HUANCHAY,alcalde_distrital,regidor_distrital,5,conteo_candidatos_erm2026,,False,,,,,normal
04-020106,04,6,020106,distrito,JANGAS,alcalde_distrital,regidor_distrital,5,conteo_candidatos_erm2026,,False,,,,,normal
04-020107,04,6,020107,distrito,LA LIBERTAD,alcalde_distrital,regidor_distrital,5,conteo_candidatos_erm2026,,False,,,,,normal
04-020108,04,6,020108,distrito,OLLEROS,alcalde_distrital,regidor_distrital,5,conteo_candidatos_erm2026,,False,,,,,normal
04-020109,04,6,020109,distrito,PAMPAS GRANDE,alcalde_distrital,regidor_distrital,5,conteo_candidatos_erm2026,,False,,,,,normal
04-020110,04,6,020110,distrito,PARIACOTO,alcalde_distrital,regidor_distrital,5,conteo_candidatos_erm2026,,False,,,,,normal
04-020111,04,6,020111,distrito,PIRA,alcalde_distrital,regidor_distrital,5,conteo_candidatos_erm2026,,False,,,,,normal
04-020112,04,6,020112,distrito,TARICA,alcalde_distrital,regidor_distrital,5,conteo_candidatos_erm2026,,False,,,,,normal
04-020203,04,6,020203,distrito,CORIS,alcalde_distrital,regidor_distrital,5,conteo_candidatos_erm2026,,False,,,,,normal
04-020205,04,6,020205,distrito,HUACLLAN,alcalde_distrital,regidor_distrital,5,conteo_candidatos_erm2026,,False,,,,,normal
04-020206,04,6,020206,distrito,LA MERCED,alcalde_distrital,regidor_distrital,5,conteo_candidatos_erm2026,,False,,,,,normal
04-020208,04,6,020208,distrito,SUCCHA,alcalde_distrital,regidor_distrital,5,conteo_candidatos_erm2026,,False,,,,,normal
04-020302,04,6,020302,distrito,ABELARDO PARDO LEZAMETA,alcalde_distrital,regidor_distrital,5,conteo_candidatos_erm2026,,False,,,,,normal
04-020304,04,6,020304,distrito,AQUIA,alcalde_distrital,regidor_distrital,5,conteo_candidatos_erm2026,,False,,,,,normal
04-020305,04,6,020305,distrito,CAJACAY,alcalde_distrital,regidor_distrital,5,conteo_candidatos_erm2026,,False,,,,,normal
04-020310,04,6,020310,distrito,HUAYLLACAYAN,alcalde_distrital,regidor_distrital,5,conteo_candidatos_erm2026,,False,,,,,normal
04-020311,04,6,020311,distrito,HUASTA,alcalde_distrital,regidor_distrital,5,conteo_candidatos_erm2026,,False,,,,,normal
04-020313,04,6,020313,distrito,MANGAS,alcalde_distrital,regidor_distrital,5,conteo_candidatos_erm2026,,False,,,,,normal
04-020315,04,6,020315,distrito,PACLLON,alcalde_distrital,regidor_distrital,5,conteo_candidatos_erm2026,,False,,,,,normal
04-020317,04,6,020317,distrito,SAN MIGUEL DE CORPANQUI,alcalde_distrital,regidor_distrital,5,conteo_candidatos_erm2026,,False,,,,,normal
04-020320,04,6,020320,distrito,TICLLOS,alcalde_distrital,regidor_distrital,5,conteo_candidatos_erm2026,,False,,,,,normal
04-020321,04,6,020321,distrito,ANTONIO RAIMONDI,alcalde_distrital,regidor_distrital,5,conteo_candidatos_erm2026,,False,,,,,normal
04-020322,04,6,020322,distrito,CANIS,alcalde_distrital,regidor_distrital,5,conteo_candidatos_erm2026,,False,,,,,normal
04-020323,04,6,020323,distrito,COLQUIOC,alcalde_distrital,regidor_distrital,5,conteo_candidatos_erm2026,,False,,,,,normal
04-020324,04,6,020324,distrito,LA PRIMAVERA,alcalde_distrital,regidor_distrital,5,conteo_candidatos_erm2026,,False,,,,,normal
04-020325,04,6,020325,distrito,HUALLANCA,alcalde_distrital,regidor_distrital,5,conteo_candidatos_erm2026,,False,,,,,normal
04-020402,04,6,020402,distrito,ACOPAMPA,alcalde_distrital,regidor_distrital,5,conteo_candidatos_erm2026,,False,,,,,normal
04-020403,04,6,020403,distrito,AMASHCA,alcalde_distrital,regidor_distrital,5,conteo_candidatos_erm2026,,False,,,,,normal
04-020404,04,6,020404,distrito,ANTA,alcalde_distrital,regidor_distrital,5,conteo_candidatos_erm2026,,False,,,,,normal
04-020405,04,6,020405,distrito,ATAQUERO,alcalde_distrital,regidor_distrital,5,conteo_candidatos_erm2026,,False,,,,,normal
04-020406,04,6,020406,distrito,MARCARA,alcalde_distrital,regidor_distrital,5,conteo_candidatos_erm2026,,False,,,,,normal
04-020407,04,6,020407,distrito,PARIAHUANCA,alcalde_distrital,regidor_distrital,5,conteo_candidatos_erm2026,,False,,,,,normal
04-020408,04,6,020408,distrito,SAN MIGUEL DE ACO,alcalde_distrital,regidor_distrital,5,conteo_candidatos_erm2026,,False,,,,,normal
04-020409,04,6,020409,distrito,SHILLA,alcalde_distrital,regidor_distrital,5,conteo_candidatos_erm2026,,False,,,,,normal
04-020410,04,6,020410,distrito,TINCO,alcalde_distrital,regidor_distrital,5,conteo_candidatos_erm2026,,False,,,,,normal
04-020411,04,6,020411,distrito,YUNGAR,alcalde_distrital,regidor_distrital,5,conteo_candidatos_erm2026,,False,,,,,normal
04-020502,04,6,020502,distrito,BUENA VISTA ALTA,alcalde_distrital,regidor_distrital,5,conteo_candidatos_erm2026,,False,,,,,normal
04-020503,04,6,020503,distrito,COMANDANTE NOEL,alcalde_distrital,regidor_distrital,5,conteo_candidatos_erm2026,,False,,,,,normal
04-020505,04,6,020505,distrito,YAUTAN,alcalde_distrital,regidor_distrital,5,conteo_candidatos_erm2026,,False,,,,,normal
04-020602,04,6,020602,distrito,ACO,alcalde_distrital,regidor_distrital,5,conteo_candidatos_erm2026,,False,,,,,normal
04-020603,04,6,020603,distrito,BAMBAS,alcalde_distrital,regidor_distrital,5,conteo_candidatos_erm2026,,False,,,,,normal
04-020604,04,6,020604,distrito,CUSCA,alcalde_distrital,regidor_distrital,5,conteo_candidatos_erm2026,,False,,,,,normal
04-020605,04,6,020605,distrito,LA PAMPA,alcalde_distrital,regidor_distrital,5,conteo_candidatos_erm2026,,False,,,,,normal
04-020606,04,6,020606,distrito,YANAC,alcalde_distrital,regidor_distrital,5,conteo_candidatos_erm2026,,False,,,,,normal
04-020607,04,6,020607,distrito,YUPAN,alcalde_distrital,regidor_distrital,5,conteo_candidatos_erm2026,,False,,,,,normal
04-020702,04,6,020702,distrito,HUALLANCA,alcalde_distrital,regidor_distrital,5,conteo_candidatos_erm2026,,False,,,,,normal
04-020703,04,6,020703,distrito,HUATA,alcalde_distrital,regidor_distrital,5,conteo_candidatos_erm2026,,False,,,,,normal
04-020704,04,6,020704,distrito,HUAYLAS,alcalde_distrital,regidor_distrital,5,conteo_candidatos_erm2026,,False,,,,,normal
04-020705,04,6,020705,distrito,MATO,alcalde_distrital,regidor_distrital,5,conteo_candidatos_erm2026,,False,,,,,normal
04-020706,04,6,020706,distrito,PAMPAROMAS,alcalde_distrital,regidor_distrital,5,conteo_candidatos_erm2026,,False,,,,,normal
04-020707,04,6,020707,distrito,PUEBLO LIBRE,alcalde_distrital,regidor_distrital,5,conteo_candidatos_erm2026,,False,,,,,normal
04-020708,04,6,020708,distrito,SANTA CRUZ,alcalde_distrital,regidor_distrital,5,conteo_candidatos_erm2026,,False,,,,,normal
04-020709,04,6,020709,distrito,YURACMARCA,alcalde_distrital,regidor_distrital,5,conteo_candidatos_erm2026,,False,,,,,normal
04-020710,04,6,020710,distrito,SANTO TORIBIO,alcalde_distrital,regidor_distrital,5,conteo_candidatos_erm2026,,False,,,,,normal
04-020802,04,6,020802,distrito,CAJAY,alcalde_distrital,regidor_distrital,5,conteo_candidatos_erm2026,,False,,,,,normal
04-020803,04,6,020803,distrito,CHAVIN DE HUANTAR,alcalde_distrital,regidor_distrital,5,conteo_candidatos_erm2026,,False,,,,,normal
04-020804,04,6,020804,distrito,HUACACHI,alcalde_distrital,regidor_distrital,5,conteo_candidatos_erm2026,,False,,,,,normal
04-020805,04,6,020805,distrito,HUACHIS,alcalde_distrital,regidor_distrital,5,conteo_candidatos_erm2026,,False,,,,,normal
04-020806,04,6,020806,distrito,HUACCHIS,alcalde_distrital,regidor_distrital,5,conteo_candidatos_erm2026,,False,,,,,normal
04-020807,04,6,020807,distrito,HUANTAR,alcalde_distrital,regidor_distrital,5,conteo_candidatos_erm2026,,False,,,,,normal
04-020808,04,6,020808,distrito,MASIN,alcalde_distrital,regidor_distrital,5,conteo_candidatos_erm2026,,False,,,,,normal
04-020809,04,6,020809,distrito,PAUCAS,alcalde_distrital,regidor_distrital,5,conteo_candidatos_erm2026,,False,,,,,normal
04-020810,04,6,020810,distrito,PONTO,alcalde_distrital,regidor_distrital,5,conteo_candidatos_erm2026,,False,,,,,normal
04-020811,04,6,020811,distrito,RAHUAPAMPA,alcalde_distrital,regidor_distrital,5,conteo_candidatos_erm2026,,False,,,,,normal
04-020812,04,6,020812,distrito,RAPAYAN,alcalde_distrital,regidor_distrital,5,conteo_candidatos_erm2026,,False,,,,,normal
04-020813,04,6,020813,distrito,SAN MARCOS,alcalde_distrital,regidor_distrital,5,conteo_candidatos_erm2026,,False,,,,,normal
04-020814,04,6,020814,distrito,SAN PEDRO DE CHANA,alcalde_distrital,regidor_distrital,5,conteo_candidatos_erm2026,,False,,,,,normal
04-020815,04,6,020815,distrito,UCO,alcalde_distrital,regidor_distrital,5,conteo_candidatos_erm2026,,False,,,,,normal
04-020816,04,6,020816,distrito,ANRA,alcalde_distrital,regidor_distrital,5,conteo_candidatos_erm2026,,False,,,,,normal
04-020902,04,6,020902,distrito,CASCA,alcalde_distrital,regidor_distrital,5,conteo_candidatos_erm2026,,False,,,,,normal
04-020903,04,6,020903,distrito,LUCMA,alcalde_distrital,regidor_distrital,5,conteo_candidatos_erm2026,,False,,,,,normal
04-020904,04,6,020904,distrito,FIDEL OLIVAS ESCUDERO,alcalde_distrital,regidor_distrital,5,conteo_candidatos_erm2026,,False,,,,,normal
04-020905,04,6,020905,distrito,LLAMA,alcalde_distrital,regidor_distrital,5,conteo_candidatos_erm2026,,False,,,,,normal
04-020906,04,6,020906,distrito,LLUMPA,alcalde_distrital,regidor_distrital,5,conteo_candidatos_erm2026,,False,,,,,normal
04-020907,04,6,020907,distrito,MUSGA,alcalde_distrital,regidor_distrital,5,conteo_candidatos_erm2026,,False,,,,,normal
04-020908,04,6,020908,distrito,ELEAZAR GUZMAN BARRON,alcalde_distrital,regidor_distrital,5,conteo_candidatos_erm2026,,False,,,,,normal
04-021002,04,6,021002,distrito,BOLOGNESI,alcalde_distrital,regidor_distrital,5,conteo_candidatos_erm2026,,False,,,,,normal
04-021003,04,6,021003,distrito,CONCHUCOS,alcalde_distrital,regidor_distrital,5,conteo_candidatos_erm2026,,False,,,,,normal
04-021004,04,6,021004,distrito,HUACASCHUQUE,alcalde_distrital,regidor_distrital,5,conteo_candidatos_erm2026,,False,,,,,normal
04-021005,04,6,021005,distrito,HUANDOVAL,alcalde_distrital,regidor_distrital,5,conteo_candidatos_erm2026,,False,,,,,normal
04-021006,04,6,021006,distrito,LACABAMBA,alcalde_distrital,regidor_distrital,5,conteo_candidatos_erm2026,,False,,,,,normal
04-021007,04,6,021007,distrito,LLAPO,alcalde_distrital,regidor_distrital,5,conteo_candidatos_erm2026,,False,,,,,normal
04-021008,04,6,021008,distrito,PALLASCA,alcalde_distrital,regidor_distrital,5,conteo_candidatos_erm2026,,False,,,,,normal
04-021009,04,6,021009,distrito,PAMPAS,alcalde_distrital,regidor_distrital,5,conteo_candidatos_erm2026,,False,,,,,normal
04-021010,04,6,021010,distrito,SANTA ROSA,alcalde_distrital,regidor_distrital,5,conteo_candidatos_erm2026,,False,,,,,normal
04-021011,04,6,021011,distrito,TAUCA,alcalde_distrital,regidor_distrital,5,conteo_candidatos_erm2026,,False,,,,,normal
04-021102,04,6,021102,distrito,HUAYLLAN,alcalde_distrital,regidor_distrital,5,conteo_candidatos_erm2026,,False,,,,,normal
04-021103,04,6,021103,distrito,PAROBAMBA,alcalde_distrital,regidor_distrital,5,conteo_candidatos_erm2026,,False,,,,,normal
04-021104,04,6,021104,distrito,QUINUABAMBA,alcalde_distrital,regidor_distrital,5,conteo_candidatos_erm2026,,False,,,,,normal
04-021202,04,6,021202,distrito,COTAPARACO,alcalde_distrital,regidor_distrital,5,conteo_candidatos_erm2026,,False,,,,,normal
04-021203,04,6,021203,distrito,HUAYLLAPAMPA,alcalde_distrital,regidor_distrital,5,conteo_candidatos_erm2026,,False,,,,,normal
04-021204,04,6,021204,distrito,MARCA,alcalde_distrital,regidor_distrital,5,conteo_candidatos_erm2026,,False,,,,,normal
04-021205,04,6,021205,distrito,PAMPAS CHICO,alcalde_distrital,regidor_distrital,5,conteo_candidatos_erm2026,,False,,,,,normal
04-021206,04,6,021206,distrito,PARARIN,alcalde_distrital,regidor_distrital,5,conteo_candidatos_erm2026,,False,,,,,normal
04-021207,04,6,021207,distrito,TAPACOCHA,alcalde_distrital,regidor_distrital,5,conteo_candidatos_erm2026,,False,,,,,normal
04-021208,04,6,021208,distrito,TICAPAMPA,alcalde_distrital,regidor_distrital,5,conteo_candidatos_erm2026,,False,,,,,normal
04-021209,04,6,021209,distrito,LLACLLIN,alcalde_distrital,regidor_distrital,5,conteo_candidatos_erm2026,,False,,,,,normal
04-021210,04,6,021210,distrito,CATAC,alcalde_distrital,regidor_distrital,5,conteo_candidatos_erm2026,,False,,,,,normal
04-021302,04,6,021302,distrito,CACERES DEL PERU,alcalde_distrital,regidor_distrital,5,conteo_candidatos_erm2026,,False,,,,,normal
04-021303,04,6,021303,distrito,MACATE,alcalde_distrital,regidor_distrital,5,conteo_candidatos_erm2026,,False,,,,,normal
04-021304,04,6,021304,distrito,MORO,alcalde_distrital,regidor_distrital,5,conteo_candidatos_erm2026,,False,,,,,normal
04-021305,04,6,021305,distrito,NEPEÑA,alcalde_distrital,regidor_distrital,5,conteo_candidatos_erm2026,,False,,,,,normal
04-021306,04,6,021306,distrito,SAMANCO,alcalde_distrital,regidor_distrital,5,conteo_candidatos_erm2026,,False,,,,,normal
04-021307,04,6,021307,distrito,SANTA,alcalde_distrital,regidor_distrital,5,conteo_candidatos_erm2026,,False,,,,,normal
04-021308,04,6,021308,distrito,COISHCO,alcalde_distrital,regidor_distrital,5,conteo_candidatos_erm2026,,False,,,,,normal
04-021309,04,6,021309,distrito,NUEVO CHIMBOTE,alcalde_distrital,regidor_distrital,11,conteo_candidatos_erm2026,,False,,,,,normal
04-021402,04,6,021402,distrito,ALFONSO UGARTE,alcalde_distrital,regidor_distrital,5,conteo_candidatos_erm2026,,False,,,,,normal
04-021403,04,6,021403,distrito,CHINGALPO,alcalde_distrital,regidor_distrital,5,conteo_candidatos_erm2026,,False,,,,,normal
04-021404,04,6,021404,distrito,HUAYLLABAMBA,alcalde_distrital,regidor_distrital,5,conteo_candidatos_erm2026,,False,,,,,normal
04-021405,04,6,021405,distrito,QUICHES,alcalde_distrital,regidor_distrital,5,conteo_candidatos_erm2026,,False,,,,,normal
04-021406,04,6,021406,distrito,SICSIBAMBA,alcalde_distrital,regidor_distrital,5,conteo_candidatos_erm2026,,False,,,,,normal
04-021407,04,6,021407,distrito,ACOBAMBA,alcalde_distrital,regidor_distrital,5,conteo_candidatos_erm2026,,False,,,,,normal
04-021408,04,6,021408,distrito,CASHAPAMPA,alcalde_distrital,regidor_distrital,5,conteo_candidatos_erm2026,,False,,,,,normal
04-021409,04,6,021409,distrito,RAGASH,alcalde_distrital,regidor_distrital,5,conteo_candidatos_erm2026,,False,,,,,normal
04-021410,04,6,021410,distrito,SAN JUAN,alcalde_distrital,regidor_distrital,5,conteo_candidatos_erm2026,,False,,,,,normal
04-021502,04,6,021502,distrito,CASCAPARA,alcalde_distrital,regidor_distrital,5,conteo_candidatos_erm2026,,False,,,,,normal
04-021503,04,6,021503,distrito,MANCOS,alcalde_distrital,regidor_distrital,5,conteo_candidatos_erm2026,,False,,,,,normal
04-021504,04,6,021504,distrito,MATACOTO,alcalde_distrital,regidor_distrital,5,conteo_candidatos_erm2026,,False,,,,,normal
04-021505,04,6,021505,distrito,QUILLO,alcalde_distrital,regidor_distrital,5,conteo_candidatos_erm2026,,False,,,,,normal
04-021506,04,6,021506,distrito,RANRAHIRCA,alcalde_distrital,regidor_distrital,5,conteo_candidatos_erm2026,,False,,,,,normal
04-021507,04,6,021507,distrito,SHUPLUY,alcalde_distrital,regidor_distrital,5,conteo_candidatos_erm2026,,False,,,,,normal
04-021508,04,6,021508,distrito,YANAMA,alcalde_distrital,regidor_distrital,5,conteo_candidatos_erm2026,,False,,,,,normal
04-021602,04,6,021602,distrito,ACZO,alcalde_distrital,regidor_distrital,5,conteo_candidatos_erm2026,,False,,,,,normal
04-021603,04,6,021603,distrito,CHACCHO,alcalde_distrital,regidor_distrital,5,conteo_candidatos_erm2026,,False,,,,,normal
04-021604,04,6,021604,distrito,CHINGAS,alcalde_distrital,regidor_distrital,5,conteo_candidatos_erm2026,,False,,,,,normal
04-021605,04,6,021605,distrito,MIRGAS,alcalde_distrital,regidor_distrital,5,conteo_candidatos_erm2026,,False,,,,,normal
04-021606,04,6,021606,distrito,SAN JUAN DE RONTOY,alcalde_distrital,regidor_distrital,5,conteo_candidatos_erm2026,,False,,,,,normal
04-021702,04,6,021702,distrito,YAUYA,alcalde_distrital,regidor_distrital,5,conteo_candidatos_erm2026,,False,,,,,normal
04-021703,04,6,021703,distrito,SAN NICOLAS,alcalde_distrital,regidor_distrital,5,conteo_candidatos_erm2026,,False,,,,,normal
04-021802,04,6,021802,distrito,ACOCHACA,alcalde_distrital,regidor_distrital,5,conteo_candidatos_erm2026,,False,,,,,normal
04-021902,04,6,021902,distrito,COCHAPETI,alcalde_distrital,regidor_distrital,5,conteo_candidatos_erm2026,,False,,,,,normal
04-021903,04,6,021903,distrito,HUAYAN,alcalde_distrital,regidor_distrital,5,conteo_candidatos_erm2026,,False,,,,,normal
04-021904,04,6,021904,distrito,MALVAS,alcalde_distrital,regidor_distrital,5,conteo_candidatos_erm2026,,False,,,,,normal
04-021905,04,6,021905,distrito,CULEBRAS,alcalde_distrital,regidor_distrital,5,conteo_candidatos_erm2026,,False,,,,,normal
04-022001,04,6,022001,distrito,ACAS,alcalde_distrital,regidor_distrital,5,conteo_candidatos_erm2026,,False,,,,,normal
04-022002,04,6,022002,distrito,CAJAMARQUILLA,alcalde_distrital,regidor_distrital,5,conteo_candidatos_erm2026,,False,,,,,normal
04-022003,04,6,022003,distrito,CARHUAPAMPA,alcalde_distrital,regidor_distrital,5,conteo_candidatos_erm2026,,False,,,,,normal
04-022004,04,6,022004,distrito,COCHAS,alcalde_distrital,regidor_distrital,5,conteo_candidatos_erm2026,,False,,,,,normal
04-022005,04,6,022005,distrito,CONGAS,alcalde_distrital,regidor_distrital,5,conteo_candidatos_erm2026,,False,,,,,normal
04-022006,04,6,022006,distrito,LLIPA,alcalde_distrital,regidor_distrital,5,conteo_candidatos_erm2026,,False,,,,,normal
04-022008,04,6,022008,distrito,SAN CRISTOBAL DE RAJAN,alcalde_distrital,regidor_distrital,5,conteo_candidatos_erm2026,,False,,,,,normal
04-022009,04,6,022009,distrito,SAN PEDRO,alcalde_distrital,regidor_distrital,5,conteo_candidatos_erm2026,,False,,,,,normal
04-022010,04,6,022010,distrito,SANTIAGO DE CHILCAS,alcalde_distrital,regidor_distrital,5,conteo_candidatos_erm2026,,False,,,,,normal
04-030102,04,6,030102,distrito,CIRCA,alcalde_distrital,regidor_distrital,5,conteo_candidatos_erm2026,,False,,,,,normal
04-030103,04,6,030103,distrito,CURAHUASI,alcalde_distrital,regidor_distrital,5,conteo_candidatos_erm2026,,False,,,,,normal
04-030104,04,6,030104,distrito,CHACOCHE,alcalde_distrital,regidor_distrital,5,conteo_candidatos_erm2026,,False,,,,,normal
04-030105,04,6,030105,distrito,HUANIPACA,alcalde_distrital,regidor_distrital,5,conteo_candidatos_erm2026,,False,,,,,normal
04-030106,04,6,030106,distrito,LAMBRAMA,alcalde_distrital,regidor_distrital,5,conteo_candidatos_erm2026,,False,,,,,normal
04-030107,04,6,030107,distrito,PICHIRHUA,alcalde_distrital,regidor_distrital,5,conteo_candidatos_erm2026,,False,,,,,normal
04-030108,04,6,030108,distrito,SAN PEDRO DE CACHORA,alcalde_distrital,regidor_distrital,5,conteo_candidatos_erm2026,,False,,,,,normal
04-030109,04,6,030109,distrito,TAMBURCO,alcalde_distrital,regidor_distrital,5,conteo_candidatos_erm2026,,False,,,,,normal
04-030202,04,6,030202,distrito,CAPAYA,alcalde_distrital,regidor_distrital,5,conteo_candidatos_erm2026,,False,,,,,normal
04-030203,04,6,030203,distrito,CARAYBAMBA,alcalde_distrital,regidor_distrital,5,conteo_candidatos_erm2026,,False,,,,,normal
04-030204,04,6,030204,distrito,COLCABAMBA,alcalde_distrital,regidor_distrital,5,conteo_candidatos_erm2026,,False,,,,,normal
04-030205,04,6,030205,distrito,COTARUSE,alcalde_distrital,regidor_distrital,5,conteo_candidatos_erm2026,,False,,,,,normal
04-030206,04,6,030206,distrito,CHAPIMARCA,alcalde_distrital,regidor_distrital,5,conteo_candidatos_erm2026,,False,,,,,normal
04-030207,04,6,030207,distrito,IHUAYLLO,alcalde_distrital,regidor_distrital,5,conteo_candidatos_erm2026,,False,,,,,normal
04-030208,04,6,030208,distrito,LUCRE,alcalde_distrital,regidor_distrital,5,conteo_candidatos_erm2026,,False,,,,,normal
04-030209,04,6,030209,distrito,POCOHUANCA,alcalde_distrital,regidor_distrital,5,conteo_candidatos_erm2026,,False,,,,,normal
04-030210,04,6,030210,distrito,SAÑAYCA,alcalde_distrital,regidor_distrital,5,conteo_candidatos_erm2026,,False,,,,,normal
04-030211,04,6,030211,distrito,SORAYA,alcalde_distrital,regidor_distrital,5,conteo_candidatos_erm2026,,False,,,,,normal
04-030212,04,6,030212,distrito,TAPAIRIHUA,alcalde_distrital,regidor_distrital,5,conteo_candidatos_erm2026,,False,,,,,normal
04-030213,04,6,030213,distrito,TINTAY,alcalde_distrital,regidor_distrital,5,conteo_candidatos_erm2026,,False,,,,,normal
04-030214,04,6,030214,distrito,TORAYA,alcalde_distrital,regidor_distrital,5,conteo_candidatos_erm2026,,False,,,,,normal
04-030215,04,6,030215,distrito,YANACA,alcalde_distrital,regidor_distrital,5,conteo_candidatos_erm2026,,False,,,,,normal
04-030216,04,6,030216,distrito,SAN JUAN DE CHACÑA,alcalde_distrital,regidor_distrital,5,conteo_candidatos_erm2026,,False,,,,,normal
04-030217,04,6,030217,distrito,JUSTO APU SAHUARAURA,alcalde_distrital,regidor_distrital,5,conteo_candidatos_erm2026,,False,,,,,normal
04-030302,04,6,030302,distrito,ANDARAPA,alcalde_distrital,regidor_distrital,5,conteo_candidatos_erm2026,,False,,,,,normal
04-030303,04,6,030303,distrito,CHIARA,alcalde_distrital,regidor_distrital,5,conteo_candidatos_erm2026,,False,,,,,normal
04-030304,04,6,030304,distrito,HUANCARAMA,alcalde_distrital,regidor_distrital,5,conteo_candidatos_erm2026,,False,,,,,normal
04-030305,04,6,030305,distrito,HUANCARAY,alcalde_distrital,regidor_distrital,5,conteo_candidatos_erm2026,,False,,,,,normal
04-030306,04,6,030306,distrito,KISHUARA,alcalde_distrital,regidor_distrital,5,conteo_candidatos_erm2026,,False,,,,,normal
04-030307,04,6,030307,distrito,PACOBAMBA,alcalde_distrital,regidor_distrital,5,conteo_candidatos_erm2026,,False,,,,,normal
04-030308,04,6,030308,distrito,PAMPACHIRI,alcalde_distrital,regidor_distrital,5,conteo_candidatos_erm2026,,False,,,,,normal
04-030309,04,6,030309,distrito,SAN ANTONIO DE CACHI,alcalde_distrital,regidor_distrital,5,conteo_candidatos_erm2026,,False,,,,,normal
04-030310,04,6,030310,distrito,SAN JERONIMO,alcalde_distrital,regidor_distrital,5,conteo_candidatos_erm2026,,False,,,,,normal
04-030311,04,6,030311,distrito,TALAVERA,alcalde_distrital,regidor_distrital,5,conteo_candidatos_erm2026,,False,,,,,normal
04-030312,04,6,030312,distrito,TURPO,alcalde_distrital,regidor_distrital,5,conteo_candidatos_erm2026,,False,,,,,normal
04-030313,04,6,030313,distrito,PACUCHA,alcalde_distrital,regidor_distrital,5,conteo_candidatos_erm2026,,False,,,,,normal
04-030314,04,6,030314,distrito,POMACOCHA,alcalde_distrital,regidor_distrital,5,conteo_candidatos_erm2026,,False,,,,,normal
04-030315,04,6,030315,distrito,SANTA MARIA DE CHICMO,alcalde_distrital,regidor_distrital,5,conteo_candidatos_erm2026,,False,,,,,normal
04-030316,04,6,030316,distrito,TUMAY HUARACA,alcalde_distrital,regidor_distrital,5,conteo_candidatos_erm2026,,False,,,,,normal
04-030317,04,6,030317,distrito,HUAYANA,alcalde_distrital,regidor_distrital,5,conteo_candidatos_erm2026,,False,,,,,normal
04-030318,04,6,030318,distrito,SAN MIGUEL DE CHACCRAMPA,alcalde_distrital,regidor_distrital,5,conteo_candidatos_erm2026,,False,,,,,normal
04-030319,04,6,030319,distrito,KAQUIABAMBA,alcalde_distrital,regidor_distrital,5,conteo_candidatos_erm2026,,False,,,,,normal
04-030320,04,6,030320,distrito,JOSE MARIA ARGUEDAS,alcalde_distrital,regidor_distrital,5,conteo_candidatos_erm2026,,False,,,,,normal
04-030402,04,6,030402,distrito,EL ORO,alcalde_distrital,regidor_distrital,5,conteo_candidatos_erm2026,,False,,,,,normal
04-030403,04,6,030403,distrito,HUAQUIRCA,alcalde_distrital,regidor_distrital,5,conteo_candidatos_erm2026,,False,,,,,normal
04-030404,04,6,030404,distrito,JUAN ESPINOZA MEDRANO,alcalde_distrital,regidor_distrital,5,conteo_candidatos_erm2026,,False,,,,,normal
04-030405,04,6,030405,distrito,OROPESA,alcalde_distrital,regidor_distrital,5,conteo_candidatos_erm2026,,False,,,,,normal
04-030406,04,6,030406,distrito,PACHACONAS,alcalde_distrital,regidor_distrital,5,conteo_candidatos_erm2026,,False,,,,,normal
04-030407,04,6,030407,distrito,SABAINO,alcalde_distrital,regidor_distrital,5,conteo_candidatos_erm2026,,False,,,,,normal
04-030502,04,6,030502,distrito,COYLLURQUI,alcalde_distrital,regidor_distrital,5,conteo_candidatos_erm2026,,False,,,,,normal
04-030503,04,6,030503,distrito,COTABAMBAS,alcalde_distrital,regidor_distrital,5,conteo_candidatos_erm2026,,False,,,,,normal
04-030504,04,6,030504,distrito,HAQUIRA,alcalde_distrital,regidor_distrital,5,conteo_candidatos_erm2026,,False,,,,,normal
04-030505,04,6,030505,distrito,MARA,alcalde_distrital,regidor_distrital,5,conteo_candidatos_erm2026,,False,,,,,normal
04-030506,04,6,030506,distrito,CHALLHUAHUACHO,alcalde_distrital,regidor_distrital,5,conteo_candidatos_erm2026,,False,,,,,normal
04-030602,04,6,030602,distrito,CURPAHUASI,alcalde_distrital,regidor_distrital,5,conteo_candidatos_erm2026,,False,,,,,normal
04-030603,04,6,030603,distrito,HUAILLATI,alcalde_distrital,regidor_distrital,5,conteo_candidatos_erm2026,,False,,,,,normal
04-030604,04,6,030604,distrito,MAMARA,alcalde_distrital,regidor_distrital,5,conteo_candidatos_erm2026,,False,,,,,normal
04-030605,04,6,030605,distrito,MARISCAL GAMARRA,alcalde_distrital,regidor_distrital,5,conteo_candidatos_erm2026,,False,,,,,normal
04-030606,04,6,030606,distrito,MICAELA BASTIDAS,alcalde_distrital,regidor_distrital,5,conteo_candidatos_erm2026,,False,,,,,normal
04-030607,04,6,030607,distrito,PROGRESO,alcalde_distrital,regidor_distrital,5,conteo_candidatos_erm2026,,False,,,,,normal
04-030608,04,6,030608,distrito,PATAYPAMPA,alcalde_distrital,regidor_distrital,5,conteo_candidatos_erm2026,,False,,,,,normal
04-030609,04,6,030609,distrito,SAN ANTONIO,alcalde_distrital,regidor_distrital,5,conteo_candidatos_erm2026,,False,,,,,normal
04-030610,04,6,030610,distrito,TURPAY,alcalde_distrital,regidor_distrital,5,conteo_candidatos_erm2026,,False,,,,,normal
04-030611,04,6,030611,distrito,VILCABAMBA,alcalde_distrital,regidor_distrital,5,conteo_candidatos_erm2026,,False,,,,,normal
04-030612,04,6,030612,distrito,VIRUNDO,alcalde_distrital,regidor_distrital,5,conteo_candidatos_erm2026,,False,,,,,normal
04-030613,04,6,030613,distrito,SANTA ROSA,alcalde_distrital,regidor_distrital,5,conteo_candidatos_erm2026,,False,,,,,normal
04-030614,04,6,030614,distrito,CURASCO,alcalde_distrital,regidor_distrital,5,conteo_candidatos_erm2026,,False,,,,,normal
04-030702,04,6,030702,distrito,ONGOY,alcalde_distrital,regidor_distrital,5,conteo_candidatos_erm2026,,False,,,,,normal
04-030703,04,6,030703,distrito,OCOBAMBA,alcalde_distrital,regidor_distrital,5,conteo_candidatos_erm2026,,False,,,,,normal
04-030704,04,6,030704,distrito,COCHARCAS,alcalde_distrital,regidor_distrital,5,conteo_candidatos_erm2026,,False,,,,,normal
04-030705,04,6,030705,distrito,ANCO HUALLO,alcalde_distrital,regidor_distrital,5,conteo_candidatos_erm2026,,False,,,,,normal
04-030706,04,6,030706,distrito,HUACCANA,alcalde_distrital,regidor_distrital,5,conteo_candidatos_erm2026,,False,,,,,normal
04-030707,04,6,030707,distrito,URANMARCA,alcalde_distrital,regidor_distrital,5,conteo_candidatos_erm2026,,False,,,,,normal
04-030708,04,6,030708,distrito,RANRACANCHA,alcalde_distrital,regidor_distrital,5,conteo_candidatos_erm2026,,False,,,,,normal
04-030709,04,6,030709,distrito,ROCCHACC,alcalde_distrital,regidor_distrital,5,conteo_candidatos_erm2026,,False,,,,,normal
04-030710,04,6,030710,distrito,EL PORVENIR,alcalde_distrital,regidor_distrital,5,conteo_candidatos_erm2026,,False,,,,,normal
04-030711,04,6,030711,distrito,LOS CHANKAS,alcalde_distrital,regidor_distrital,5,conteo_candidatos_erm2026,,False,,,,,normal
04-030712,04,6,030712,distrito,AHUAYRO,alcalde_distrital,regidor_distrital,5,conteo_candidatos_erm2026,,False,,,,,normal
04-040102,04,6,040102,distrito,CAYMA,alcalde_distrital,regidor_distrital,11,conteo_candidatos_erm2026,,False,,,,,normal
04-040103,04,6,040103,distrito,CERRO COLORADO,alcalde_distrital,regidor_distrital,11,conteo_candidatos_erm2026,,False,,,,,normal
04-040104,04,6,040104,distrito,CHARACATO,alcalde_distrital,regidor_distrital,5,conteo_candidatos_erm2026,,False,,,,,normal
04-040105,04,6,040105,distrito,CHIGUATA,alcalde_distrital,regidor_distrital,5,conteo_candidatos_erm2026,,False,,,,,normal
04-040106,04,6,040106,distrito,LA JOYA,alcalde_distrital,regidor_distrital,7,conteo_candidatos_erm2026,,False,,,,,normal
04-040107,04,6,040107,distrito,MIRAFLORES,alcalde_distrital,regidor_distrital,9,conteo_candidatos_erm2026,,False,,,,,normal
04-040108,04,6,040108,distrito,MOLLEBAYA,alcalde_distrital,regidor_distrital,5,conteo_candidatos_erm2026,,False,,,,,normal
04-040109,04,6,040109,distrito,PAUCARPATA,alcalde_distrital,regidor_distrital,11,conteo_candidatos_erm2026,,False,,,,,normal
04-040110,04,6,040110,distrito,POCSI,alcalde_distrital,regidor_distrital,5,conteo_candidatos_erm2026,,False,,,,,normal
04-040111,04,6,040111,distrito,POLOBAYA,alcalde_distrital,regidor_distrital,5,conteo_candidatos_erm2026,,False,,,,,normal
04-040112,04,6,040112,distrito,QUEQUEÑA,alcalde_distrital,regidor_distrital,5,conteo_candidatos_erm2026,,False,,,,,normal
04-040113,04,6,040113,distrito,SABANDIA,alcalde_distrital,regidor_distrital,5,conteo_candidatos_erm2026,,False,,,,,normal
04-040114,04,6,040114,distrito,SACHACA,alcalde_distrital,regidor_distrital,7,conteo_candidatos_erm2026,,False,,,,,normal
04-040115,04,6,040115,distrito,SAN JUAN DE SIGUAS,alcalde_distrital,regidor_distrital,5,conteo_candidatos_erm2026,,False,,,,,normal
04-040116,04,6,040116,distrito,SAN JUAN DE TARUCANI,alcalde_distrital,regidor_distrital,5,conteo_candidatos_erm2026,,False,,,,,normal
04-040117,04,6,040117,distrito,SANTA ISABEL DE SIGUAS,alcalde_distrital,regidor_distrital,5,conteo_candidatos_erm2026,,False,,,,,normal
04-040118,04,6,040118,distrito,SANTA RITA DE SIHUAS,alcalde_distrital,regidor_distrital,5,conteo_candidatos_erm2026,,False,,,,,normal
04-040119,04,6,040119,distrito,SOCABAYA,alcalde_distrital,regidor_distrital,9,conteo_candidatos_erm2026,,False,,,,,normal
04-040120,04,6,040120,distrito,TIABAYA,alcalde_distrital,regidor_distrital,5,conteo_candidatos_erm2026,,False,,,,,normal
04-040121,04,6,040121,distrito,UCHUMAYO,alcalde_distrital,regidor_distrital,5,conteo_candidatos_erm2026,,False,,,,,normal
04-040122,04,6,040122,distrito,VITOR,alcalde_distrital,regidor_distrital,5,conteo_candidatos_erm2026,,False,,,,,normal
04-040123,04,6,040123,distrito,YANAHUARA,alcalde_distrital,regidor_distrital,7,conteo_candidatos_erm2026,,False,,,,,normal
04-040124,04,6,040124,distrito,YARABAMBA,alcalde_distrital,regidor_distrital,5,conteo_candidatos_erm2026,,False,,,,,normal
04-040125,04,6,040125,distrito,YURA,alcalde_distrital,regidor_distrital,7,conteo_candidatos_erm2026,,False,,,,,normal
04-040126,04,6,040126,distrito,MARIANO MELGAR,alcalde_distrital,regidor_distrital,9,conteo_candidatos_erm2026,,False,,,,,normal
04-040127,04,6,040127,distrito,JACOBO HUNTER,alcalde_distrital,regidor_distrital,9,conteo_candidatos_erm2026,,False,,,,,normal
04-040128,04,6,040128,distrito,ALTO SELVA ALEGRE,alcalde_distrital,regidor_distrital,9,conteo_candidatos_erm2026,,False,,,,,normal
04-040129,04,6,040129,distrito,JOSE LUIS BUSTAMANTE Y RIVERO,alcalde_distrital,regidor_distrital,9,conteo_candidatos_erm2026,,False,,,,,normal
04-040202,04,6,040202,distrito,ACHOMA,alcalde_distrital,regidor_distrital,5,conteo_candidatos_erm2026,,False,,,,,normal
04-040203,04,6,040203,distrito,CABANACONDE,alcalde_distrital,regidor_distrital,5,conteo_candidatos_erm2026,,False,,,,,normal
04-040204,04,6,040204,distrito,CAYLLOMA,alcalde_distrital,regidor_distrital,5,conteo_candidatos_erm2026,,False,,,,,normal
04-040205,04,6,040205,distrito,CALLALLI,alcalde_distrital,regidor_distrital,5,conteo_candidatos_erm2026,,False,,,,,normal
04-040206,04,6,040206,distrito,COPORAQUE,alcalde_distrital,regidor_distrital,5,conteo_candidatos_erm2026,,False,,,,,normal
04-040207,04,6,040207,distrito,HUAMBO,alcalde_distrital,regidor_distrital,5,conteo_candidatos_erm2026,,False,,,,,normal
04-040208,04,6,040208,distrito,HUANCA,alcalde_distrital,regidor_distrital,5,conteo_candidatos_erm2026,,False,,,,,normal
04-040209,04,6,040209,distrito,ICHUPAMPA,alcalde_distrital,regidor_distrital,5,conteo_candidatos_erm2026,,False,,,,,normal
04-040210,04,6,040210,distrito,LARI,alcalde_distrital,regidor_distrital,5,conteo_candidatos_erm2026,,False,,,,,normal
04-040211,04,6,040211,distrito,LLUTA,alcalde_distrital,regidor_distrital,5,conteo_candidatos_erm2026,,False,,,,,normal
04-040212,04,6,040212,distrito,MACA,alcalde_distrital,regidor_distrital,5,conteo_candidatos_erm2026,,False,,,,,normal
04-040213,04,6,040213,distrito,MADRIGAL,alcalde_distrital,regidor_distrital,5,conteo_candidatos_erm2026,,False,,,,,normal
04-040214,04,6,040214,distrito,SAN ANTONIO DE CHUCA,alcalde_distrital,regidor_distrital,5,conteo_candidatos_erm2026,,False,,,,,normal
04-040215,04,6,040215,distrito,SIBAYO,alcalde_distrital,regidor_distrital,5,conteo_candidatos_erm2026,,False,,,,,normal
04-040216,04,6,040216,distrito,TAPAY,alcalde_distrital,regidor_distrital,5,conteo_candidatos_erm2026,,False,,,,,normal
04-040217,04,6,040217,distrito,TISCO,alcalde_distrital,regidor_distrital,5,conteo_candidatos_erm2026,,False,,,,,normal
04-040218,04,6,040218,distrito,TUTI,alcalde_distrital,regidor_distrital,5,conteo_candidatos_erm2026,,False,,,,,normal
04-040219,04,6,040219,distrito,YANQUE,alcalde_distrital,regidor_distrital,5,conteo_candidatos_erm2026,,False,,,,,normal
04-040220,04,6,040220,distrito,MAJES,alcalde_distrital,regidor_distrital,9,conteo_candidatos_erm2026,,False,,,,,normal
04-040302,04,6,040302,distrito,JOSE MARIA QUIMPER,alcalde_distrital,regidor_distrital,5,conteo_candidatos_erm2026,,False,,,,,normal
04-040303,04,6,040303,distrito,MARIANO NICOLAS VALCARCEL,alcalde_distrital,regidor_distrital,5,conteo_candidatos_erm2026,,False,,,,,normal
04-040304,04,6,040304,distrito,MARISCAL CACERES,alcalde_distrital,regidor_distrital,5,conteo_candidatos_erm2026,,False,,,,,normal
04-040305,04,6,040305,distrito,NICOLAS DE PIEROLA,alcalde_distrital,regidor_distrital,5,conteo_candidatos_erm2026,,False,,,,,normal
04-040306,04,6,040306,distrito,OCOÑA,alcalde_distrital,regidor_distrital,5,conteo_candidatos_erm2026,,False,,,,,normal
04-040307,04,6,040307,distrito,QUILCA,alcalde_distrital,regidor_distrital,5,conteo_candidatos_erm2026,,False,,,,,normal
04-040308,04,6,040308,distrito,SAMUEL PASTOR,alcalde_distrital,regidor_distrital,5,conteo_candidatos_erm2026,,False,,,,,normal
04-040402,04,6,040402,distrito,ACARI,alcalde_distrital,regidor_distrital,5,conteo_candidatos_erm2026,,False,,,,,normal
04-040403,04,6,040403,distrito,ATICO,alcalde_distrital,regidor_distrital,5,conteo_candidatos_erm2026,,False,,,,,normal
04-040404,04,6,040404,distrito,ATIQUIPA,alcalde_distrital,regidor_distrital,5,conteo_candidatos_erm2026,,False,,,,,normal
04-040405,04,6,040405,distrito,BELLA UNION,alcalde_distrital,regidor_distrital,5,conteo_candidatos_erm2026,,False,,,,,normal
04-040406,04,6,040406,distrito,CAHUACHO,alcalde_distrital,regidor_distrital,5,conteo_candidatos_erm2026,,False,,,,,normal
04-040407,04,6,040407,distrito,CHALA,alcalde_distrital,regidor_distrital,5,conteo_candidatos_erm2026,,False,,,,,normal
04-040408,04,6,040408,distrito,CHAPARRA,alcalde_distrital,regidor_distrital,5,conteo_candidatos_erm2026,,False,,,,,normal
04-040409,04,6,040409,distrito,HUANUHUANU,alcalde_distrital,regidor_distrital,5,conteo_candidatos_erm2026,,False,,,,,normal
04-040410,04,6,040410,distrito,JAQUI,alcalde_distrital,regidor_distrital,5,conteo_candidatos_erm2026,,False,,,,,normal
04-040411,04,6,040411,distrito,LOMAS,alcalde_distrital,regidor_distrital,5,conteo_candidatos_erm2026,,False,,,,,normal
04-040412,04,6,040412,distrito,QUICACHA,alcalde_distrital,regidor_distrital,5,conteo_candidatos_erm2026,,False,,,,,normal
04-040413,04,6,040413,distrito,YAUCA,alcalde_distrital,regidor_distrital,5,conteo_candidatos_erm2026,,False,,,,,normal
04-040502,04,6,040502,distrito,ANDAGUA,alcalde_distrital,regidor_distrital,5,conteo_candidatos_erm2026,,False,,,,,normal
04-040503,04,6,040503,distrito,AYO,alcalde_distrital,regidor_distrital,5,conteo_candidatos_erm2026,,False,,,,,normal
04-040504,04,6,040504,distrito,CHACHAS,alcalde_distrital,regidor_distrital,5,conteo_candidatos_erm2026,,False,,,,,normal
04-040505,04,6,040505,distrito,CHILCAYMARCA,alcalde_distrital,regidor_distrital,5,conteo_candidatos_erm2026,,False,,,,,normal
04-040506,04,6,040506,distrito,CHOCO,alcalde_distrital,regidor_distrital,5,conteo_candidatos_erm2026,,False,,,,,normal
04-040507,04,6,040507,distrito,HUANCARQUI,alcalde_distrital,regidor_distrital,5,conteo_candidatos_erm2026,,False,,,,,normal
04-040508,04,6,040508,distrito,MACHAGUAY,alcalde_distrital,regidor_distrital,5,conteo_candidatos_erm2026,,False,,,,,normal
04-040509,04,6,040509,distrito,ORCOPAMPA,alcalde_distrital,regidor_distrital,5,conteo_candidatos_erm2026,,False,,,,,normal
04-040510,04,6,040510,distrito,PAMPACOLCA,alcalde_distrital,regidor_distrital,5,conteo_candidatos_erm2026,,False,,,,,normal
04-040511,04,6,040511,distrito,TIPAN,alcalde_distrital,regidor_distrital,5,conteo_candidatos_erm2026,,False,,,,,normal
04-040512,04,6,040512,distrito,URACA,alcalde_distrital,regidor_distrital,5,conteo_candidatos_erm2026,,False,,,,,normal
04-040513,04,6,040513,distrito,UÑON,alcalde_distrital,regidor_distrital,5,conteo_candidatos_erm2026,,False,,,,,normal
04-040514,04,6,040514,distrito,VIRACO,alcalde_distrital,regidor_distrital,5,conteo_candidatos_erm2026,,False,,,,,normal
04-040602,04,6,040602,distrito,ANDARAY,alcalde_distrital,regidor_distrital,5,conteo_candidatos_erm2026,,False,,,,,normal
04-040603,04,6,040603,distrito,CAYARANI,alcalde_distrital,regidor_distrital,5,conteo_candidatos_erm2026,,False,,,,,normal
04-040604,04,6,040604,distrito,CHICHAS,alcalde_distrital,regidor_distrital,5,conteo_candidatos_erm2026,,False,,,,,normal
04-040605,04,6,040605,distrito,IRAY,alcalde_distrital,regidor_distrital,5,conteo_candidatos_erm2026,,False,,,,,normal
04-040606,04,6,040606,distrito,SALAMANCA,alcalde_distrital,regidor_distrital,5,conteo_candidatos_erm2026,,False,,,,,normal
04-040607,04,6,040607,distrito,YANAQUIHUA,alcalde_distrital,regidor_distrital,5,conteo_candidatos_erm2026,,False,,,,,normal
04-040608,04,6,040608,distrito,RIO GRANDE,alcalde_distrital,regidor_distrital,5,conteo_candidatos_erm2026,,False,,,,,normal
04-040702,04,6,040702,distrito,COCACHACRA,alcalde_distrital,regidor_distrital,5,conteo_candidatos_erm2026,,False,,,,,normal
04-040703,04,6,040703,distrito,DEAN VALDIVIA,alcalde_distrital,regidor_distrital,5,conteo_candidatos_erm2026,,False,,,,,normal
04-040704,04,6,040704,distrito,ISLAY,alcalde_distrital,regidor_distrital,5,conteo_candidatos_erm2026,,False,,,,,normal
04-040705,04,6,040705,distrito,MEJIA,alcalde_distrital,regidor_distrital,5,conteo_candidatos_erm2026,,False,,,,,normal
04-040706,04,6,040706,distrito,PUNTA DE BOMBON,alcalde_distrital,regidor_distrital,5,conteo_candidatos_erm2026,,False,,,,,normal
04-040802,04,6,040802,distrito,ALCA,alcalde_distrital,regidor_distrital,5,conteo_candidatos_erm2026,,False,,,,,normal
04-040803,04,6,040803,distrito,CHARCANA,alcalde_distrital,regidor_distrital,5,conteo_candidatos_erm2026,,False,,,,,normal
04-040804,04,6,040804,distrito,HUAYNACOTAS,alcalde_distrital,regidor_distrital,5,conteo_candidatos_erm2026,,False,,,,,normal
04-040805,04,6,040805,distrito,PAMPAMARCA,alcalde_distrital,regidor_distrital,5,conteo_candidatos_erm2026,,False,,,,,normal
04-040806,04,6,040806,distrito,PUYCA,alcalde_distrital,regidor_distrital,5,conteo_candidatos_erm2026,,False,,,,,normal
04-040807,04,6,040807,distrito,QUECHUALLA,alcalde_distrital,regidor_distrital,5,conteo_candidatos_erm2026,,False,,,,,normal
04-040808,04,6,040808,distrito,SAYLA,alcalde_distrital,regidor_distrital,5,conteo_candidatos_erm2026,,False,,,,,normal
04-040809,04,6,040809,distrito,TAURIA,alcalde_distrital,regidor_distrital,5,conteo_candidatos_erm2026,,False,,,,,normal
04-040810,04,6,040810,distrito,TOMEPAMPA,alcalde_distrital,regidor_distrital,5,conteo_candidatos_erm2026,,False,,,,,normal
04-040811,04,6,040811,distrito,TORO,alcalde_distrital,regidor_distrital,5,conteo_candidatos_erm2026,,False,,,,,normal
04-050102,04,6,050102,distrito,ACOS VINCHOS,alcalde_distrital,regidor_distrital,5,conteo_candidatos_erm2026,,False,,,,,normal
04-050103,04,6,050103,distrito,CARMEN ALTO,alcalde_distrital,regidor_distrital,7,conteo_candidatos_erm2026,,False,,,,,normal
04-050104,04,6,050104,distrito,CHIARA,alcalde_distrital,regidor_distrital,5,conteo_candidatos_erm2026,,False,,,,,normal
04-050105,04,6,050105,distrito,QUINUA,alcalde_distrital,regidor_distrital,5,conteo_candidatos_erm2026,,False,,,,,normal
04-050106,04,6,050106,distrito,SAN JOSE DE TICLLAS,alcalde_distrital,regidor_distrital,5,conteo_candidatos_erm2026,,False,,,,,normal
04-050107,04,6,050107,distrito,SAN JUAN BAUTISTA,alcalde_distrital,regidor_distrital,9,conteo_candidatos_erm2026,,False,,,,,normal
04-050108,04,6,050108,distrito,SANTIAGO DE PISCHA,alcalde_distrital,regidor_distrital,5,conteo_candidatos_erm2026,,False,,,,,normal
04-050109,04,6,050109,distrito,VINCHOS,alcalde_distrital,regidor_distrital,5,conteo_candidatos_erm2026,,False,,,,,normal
04-050110,04,6,050110,distrito,TAMBILLO,alcalde_distrital,regidor_distrital,5,conteo_candidatos_erm2026,,False,,,,,normal
04-050111,04,6,050111,distrito,ACOCRO,alcalde_distrital,regidor_distrital,5,conteo_candidatos_erm2026,,False,,,,,normal
04-050112,04,6,050112,distrito,SOCOS,alcalde_distrital,regidor_distrital,5,conteo_candidatos_erm2026,,False,,,,,normal
04-050113,04,6,050113,distrito,OCROS,alcalde_distrital,regidor_distrital,5,conteo_candidatos_erm2026,,False,,,,,normal
04-050114,04,6,050114,distrito,PACAYCASA,alcalde_distrital,regidor_distrital,5,conteo_candidatos_erm2026,,False,,,,,normal
04-050115,04,6,050115,distrito,JESUS NAZARENO,alcalde_distrital,regidor_distrital,5,conteo_candidatos_erm2026,,False,,,,,normal
04-050116,04,6,050116,distrito,ANDRES AVELINO CACERES DORREGARAY ,alcalde_distrital,regidor_distrital,7,conteo_candidatos_erm2026,,False,,,,,normal
04-050204,04,6,050204,distrito,CHUSCHI,alcalde_distrital,regidor_distrital,5,conteo_candidatos_erm2026,,False,,,,,normal
04-050206,04,6,050206,distrito,LOS MOROCHUCOS,alcalde_distrital,regidor_distrital,5,conteo_candidatos_erm2026,,False,,,,,normal
04-050207,04,6,050207,distrito,PARAS,alcalde_distrital,regidor_distrital,5,conteo_candidatos_erm2026,,False,,,,,normal
04-050208,04,6,050208,distrito,TOTOS,alcalde_distrital,regidor_distrital,5,conteo_candidatos_erm2026,,False,,,,,normal
04-050211,04,6,050211,distrito,MARIA PARADO DE BELLIDO,alcalde_distrital,regidor_distrital,5,conteo_candidatos_erm2026,,False,,,,,normal
04-050302,04,6,050302,distrito,AYAHUANCO,alcalde_distrital,regidor_distrital,5,conteo_candidatos_erm2026,,False,,,,,normal
04-050303,04,6,050303,distrito,HUAMANGUILLA,alcalde_distrital,regidor_distrital,5,conteo_candidatos_erm2026,,False,,,,,normal
04-050304,04,6,050304,distrito,IGUAIN,alcalde_distrital,regidor_distrital,5,conteo_candidatos_erm2026,,False,,,,,normal
04-050305,04,6,050305,distrito,LURICOCHA,alcalde_distrital,regidor_distrital,5,conteo_candidatos_erm2026,,False,,,,,normal
04-050307,04,6,050307,distrito,SANTILLANA,alcalde_distrital,regidor_distrital,5,conteo_candidatos_erm2026,,False,,,,,normal
04-050308,04,6,050308,distrito,SIVIA,alcalde_distrital,regidor_distrital,5,conteo_candidatos_erm2026,,False,,,,,normal
04-050309,04,6,050309,distrito,LLOCHEGUA,alcalde_distrital,regidor_distrital,5,conteo_candidatos_erm2026,,False,,,,,normal
04-050310,04,6,050310,distrito,CANAYRE,alcalde_distrital,regidor_distrital,5,conteo_candidatos_erm2026,,False,,,,,normal
04-050311,04,6,050311,distrito,UCHURACCAY,alcalde_distrital,regidor_distrital,5,conteo_candidatos_erm2026,,False,,,,,normal
04-050312,04,6,050312,distrito,PUCACOLPA,alcalde_distrital,regidor_distrital,5,conteo_candidatos_erm2026,,False,,,,,normal
04-050313,04,6,050313,distrito,CHACA,alcalde_distrital,regidor_distrital,5,conteo_candidatos_erm2026,,False,,,,,normal
04-050314,04,6,050314,distrito,PUTIS,alcalde_distrital,regidor_distrital,5,conteo_candidatos_erm2026,,False,,,,,normal
04-050402,04,6,050402,distrito,ANCO,alcalde_distrital,regidor_distrital,5,conteo_candidatos_erm2026,,False,,,,,normal
04-050403,04,6,050403,distrito,AYNA,alcalde_distrital,regidor_distrital,5,conteo_candidatos_erm2026,,False,,,,,normal
04-050404,04,6,050404,distrito,CHILCAS,alcalde_distrital,regidor_distrital,5,conteo_candidatos_erm2026,,False,,,,,normal
04-050405,04,6,050405,distrito,CHUNGUI,alcalde_distrital,regidor_distrital,5,conteo_candidatos_erm2026,,False,,,,,normal
04-050406,04,6,050406,distrito,TAMBO,alcalde_distrital,regidor_distrital,5,conteo_candidatos_erm2026,,False,,,,,normal
04-050407,04,6,050407,distrito,LUIS CARRANZA,alcalde_distrital,regidor_distrital,5,conteo_candidatos_erm2026,,False,,,,,normal
04-050408,04,6,050408,distrito,SANTA ROSA,alcalde_distrital,regidor_distrital,5,conteo_candidatos_erm2026,,False,,,,,normal
04-050409,04,6,050409,distrito,SAMUGARI,alcalde_distrital,regidor_distrital,5,conteo_candidatos_erm2026,,False,,,,,normal
04-050410,04,6,050410,distrito,ANCHIHUAY,alcalde_distrital,regidor_distrital,5,conteo_candidatos_erm2026,,False,,,,,normal
04-050411,04,6,050411,distrito,ORONCCOY,alcalde_distrital,regidor_distrital,5,conteo_candidatos_erm2026,,False,,,,,normal
04-050412,04,6,050412,distrito,UNION PROGRESO,alcalde_distrital,regidor_distrital,5,conteo_candidatos_erm2026,,False,,,,,normal
04-050413,04,6,050413,distrito,PATIBAMBA,alcalde_distrital,regidor_distrital,5,conteo_candidatos_erm2026,,False,,,,,normal
04-050414,04,6,050414,distrito,NINABAMBA,alcalde_distrital,regidor_distrital,5,conteo_candidatos_erm2026,,False,,,,,normal
04-050415,04,6,050415,distrito,RIO MAGDALENA,alcalde_distrital,regidor_distrital,5,conteo_candidatos_erm2026,,False,,,,,normal
04-050502,04,6,050502,distrito,AUCARA,alcalde_distrital,regidor_distrital,5,conteo_candidatos_erm2026,,False,,,,,normal
04-050503,04,6,050503,distrito,CABANA,alcalde_distrital,regidor_distrital,5,conteo_candidatos_erm2026,,False,,,,,normal
04-050504,04,6,050504,distrito,CARMEN SALCEDO,alcalde_distrital,regidor_distrital,5,conteo_candidatos_erm2026,,False,,,,,normal
04-050506,04,6,050506,distrito,CHAVIÑA,alcalde_distrital,regidor_distrital,5,conteo_candidatos_erm2026,,False,,,,,normal
04-050508,04,6,050508,distrito,CHIPAO,alcalde_distrital,regidor_distrital,5,conteo_candidatos_erm2026,,False,,,,,normal
04-050510,04,6,050510,distrito,HUAC-HUAS,alcalde_distrital,regidor_distrital,5,conteo_candidatos_erm2026,,False,,,,,normal
04-050511,04,6,050511,distrito,LARAMATE,alcalde_distrital,regidor_distrital,5,conteo_candidatos_erm2026,,False,,,,,normal
04-050512,04,6,050512,distrito,LEONCIO PRADO,alcalde_distrital,regidor_distrital,5,conteo_candidatos_erm2026,,False,,,,,normal
04-050513,04,6,050513,distrito,LUCANAS,alcalde_distrital,regidor_distrital,5,conteo_candidatos_erm2026,,False,,,,,normal
04-050514,04,6,050514,distrito,LLAUTA,alcalde_distrital,regidor_distrital,5,conteo_candidatos_erm2026,,False,,,,,normal
04-050516,04,6,050516,distrito,OCAÑA,alcalde_distrital,regidor_distrital,5,conteo_candidatos_erm2026,,False,,,,,normal
04-050517,04,6,050517,distrito,OTOCA,alcalde_distrital,regidor_distrital,5,conteo_candidatos_erm2026,,False,,,,,normal
04-050520,04,6,050520,distrito,SANCOS,alcalde_distrital,regidor_distrital,5,conteo_candidatos_erm2026,,False,,,,,normal
04-050521,04,6,050521,distrito,SAN JUAN,alcalde_distrital,regidor_distrital,5,conteo_candidatos_erm2026,,False,,,,,normal
04-050522,04,6,050522,distrito,SAN PEDRO,alcalde_distrital,regidor_distrital,5,conteo_candidatos_erm2026,,False,,,,,normal
04-050524,04,6,050524,distrito,SANTA ANA DE HUAYCAHUACHO,alcalde_distrital,regidor_distrital,5,conteo_candidatos_erm2026,,False,,,,,normal
04-050525,04,6,050525,distrito,SANTA LUCIA,alcalde_distrital,regidor_distrital,5,conteo_candidatos_erm2026,,False,,,,,normal
04-050529,04,6,050529,distrito,SAISA,alcalde_distrital,regidor_distrital,5,conteo_candidatos_erm2026,,False,,,,,normal
04-050531,04,6,050531,distrito,SAN PEDRO DE PALCO,alcalde_distrital,regidor_distrital,5,conteo_candidatos_erm2026,,False,,,,,normal
04-050532,04,6,050532,distrito,SAN CRISTOBAL,alcalde_distrital,regidor_distrital,5,conteo_candidatos_erm2026,,False,,,,,normal
04-050604,04,6,050604,distrito,CORONEL CASTAÑEDA,alcalde_distrital,regidor_distrital,5,conteo_candidatos_erm2026,,False,,,,,normal
04-050605,04,6,050605,distrito,CHUMPI,alcalde_distrital,regidor_distrital,5,conteo_candidatos_erm2026,,False,,,,,normal
04-050608,04,6,050608,distrito,PACAPAUSA,alcalde_distrital,regidor_distrital,5,conteo_candidatos_erm2026,,False,,,,,normal
04-050611,04,6,050611,distrito,PULLO,alcalde_distrital,regidor_distrital,5,conteo_candidatos_erm2026,,False,,,,,normal
04-050612,04,6,050612,distrito,PUYUSCA,alcalde_distrital,regidor_distrital,5,conteo_candidatos_erm2026,,False,,,,,normal
04-050615,04,6,050615,distrito,SAN FRANCISCO DE RAVACAYCO,alcalde_distrital,regidor_distrital,5,conteo_candidatos_erm2026,,False,,,,,normal
04-050616,04,6,050616,distrito,UPAHUACHO,alcalde_distrital,regidor_distrital,5,conteo_candidatos_erm2026,,False,,,,,normal
04-050702,04,6,050702,distrito,ALCAMENCA,alcalde_distrital,regidor_distrital,5,conteo_candidatos_erm2026,,False,,,,,normal
04-050703,04,6,050703,distrito,APONGO,alcalde_distrital,regidor_distrital,5,conteo_candidatos_erm2026,,False,,,,,normal
04-050704,04,6,050704,distrito,CANARIA,alcalde_distrital,regidor_distrital,5,conteo_candidatos_erm2026,,False,,,,,normal
04-050706,04,6,050706,distrito,CAYARA,alcalde_distrital,regidor_distrital,5,conteo_candidatos_erm2026,,False,,,,,normal
04-050707,04,6,050707,distrito,COLCA,alcalde_distrital,regidor_distrital,5,conteo_candidatos_erm2026,,False,,,,,normal
04-050708,04,6,050708,distrito,HUALLA,alcalde_distrital,regidor_distrital,5,conteo_candidatos_erm2026,,False,,,,,normal
04-050709,04,6,050709,distrito,HUAMANQUIQUIA,alcalde_distrital,regidor_distrital,5,conteo_candidatos_erm2026,,False,,,,,normal
04-050710,04,6,050710,distrito,HUANCARAYLLA,alcalde_distrital,regidor_distrital,5,conteo_candidatos_erm2026,,False,,,,,normal
04-050713,04,6,050713,distrito,SARHUA,alcalde_distrital,regidor_distrital,5,conteo_candidatos_erm2026,,False,,,,,normal
04-050714,04,6,050714,distrito,VILCANCHOS,alcalde_distrital,regidor_distrital,5,conteo_candidatos_erm2026,,False,,,,,normal
04-050715,04,6,050715,distrito,ASQUIPATA,alcalde_distrital,regidor_distrital,5,conteo_candidatos_erm2026,,False,,,,,normal
04-050802,04,6,050802,distrito,SACSAMARCA,alcalde_distrital,regidor_distrital,5,conteo_candidatos_erm2026,,False,,,,,normal
04-050803,04,6,050803,distrito,SANTIAGO DE LUCANAMARCA,alcalde_distrital,regidor_distrital,5,conteo_candidatos_erm2026,,False,,,,,normal
04-050804,04,6,050804,distrito,CARAPO,alcalde_distrital,regidor_distrital,5,conteo_candidatos_erm2026,,False,,,,,normal
04-050902,04,6,050902,distrito,VISCHONGO,alcalde_distrital,regidor_distrital,5,conteo_candidatos_erm2026,,False,,,,,normal
04-050903,04,6,050903,distrito,ACCOMARCA,alcalde_distrital,regidor_distrital,5,conteo_candidatos_erm2026,,False,,,,,normal
04-050904,04,6,050904,distrito,CARHUANCA,alcalde_distrital,regidor_distrital,5,conteo_candidatos_erm2026,,False,,,,,normal
04-050905,04,6,050905,distrito,CONCEPCION,alcalde_distrital,regidor_distrital,5,conteo_candidatos_erm2026,,False,,,,,normal
04-050906,04,6,050906,distrito,HUAMBALPA,alcalde_distrital,regidor_distrital,5,conteo_candidatos_erm2026,,False,,,,,normal
04-050907,04,6,050907,distrito,SAURAMA,alcalde_distrital,regidor_distrital,5,conteo_candidatos_erm2026,,False,,,,,normal
04-050908,04,6,050908,distrito,INDEPENDENCIA,alcalde_distrital,regidor_distrital,5,conteo_candidatos_erm2026,,False,,,,,normal
04-051002,04,6,051002,distrito,COLTA,alcalde_distrital,regidor_distrital,5,conteo_candidatos_erm2026,,False,,,,,normal
04-051003,04,6,051003,distrito,CORCULLA,alcalde_distrital,regidor_distrital,5,conteo_candidatos_erm2026,,False,,,,,normal
04-051004,04,6,051004,distrito,LAMPA,alcalde_distrital,regidor_distrital,5,conteo_candidatos_erm2026,,False,,,,,normal
04-051005,04,6,051005,distrito,MARCABAMBA,alcalde_distrital,regidor_distrital,5,conteo_candidatos_erm2026,,False,,,,,normal
04-051006,04,6,051006,distrito,OYOLO,alcalde_distrital,regidor_distrital,5,conteo_candidatos_erm2026,,False,,,,,normal
04-051007,04,6,051007,distrito,PARARCA,alcalde_distrital,regidor_distrital,5,conteo_candidatos_erm2026,,False,,,,,normal
04-051008,04,6,051008,distrito,SAN JAVIER DE ALPABAMBA,alcalde_distrital,regidor_distrital,5,conteo_candidatos_erm2026,,False,,,,,normal
04-051009,04,6,051009,distrito,SAN JOSE DE USHUA,alcalde_distrital,regidor_distrital,5,conteo_candidatos_erm2026,,False,,,,,normal
04-051010,04,6,051010,distrito,SARA SARA,alcalde_distrital,regidor_distrital,5,conteo_candidatos_erm2026,,False,,,,,normal
04-051102,04,6,051102,distrito,BELEN,alcalde_distrital,regidor_distrital,5,conteo_candidatos_erm2026,,False,,,,,normal
04-051103,04,6,051103,distrito,CHALCOS,alcalde_distrital,regidor_distrital,5,conteo_candidatos_erm2026,,False,,,,,normal
04-051104,04,6,051104,distrito,SAN SALVADOR DE QUIJE,alcalde_distrital,regidor_distrital,5,conteo_candidatos_erm2026,,False,,,,,normal
04-051105,04,6,051105,distrito,PAICO,alcalde_distrital,regidor_distrital,5,conteo_candidatos_erm2026,,False,,,,,normal
04-051106,04,6,051106,distrito,SANTIAGO DE PAUCARAY,alcalde_distrital,regidor_distrital,5,conteo_candidatos_erm2026,,False,,,,,normal
04-051107,04,6,051107,distrito,SAN PEDRO DE LARCAY,alcalde_distrital,regidor_distrital,5,conteo_candidatos_erm2026,,False,,,,,normal
04-051108,04,6,051108,distrito,SORAS,alcalde_distrital,regidor_distrital,5,conteo_candidatos_erm2026,,False,,,,,normal
04-051109,04,6,051109,distrito,HUACAÑA,alcalde_distrital,regidor_distrital,5,conteo_candidatos_erm2026,,False,,,,,normal
04-051110,04,6,051110,distrito,CHILCAYOC,alcalde_distrital,regidor_distrital,5,conteo_candidatos_erm2026,,False,,,,,normal
04-051111,04,6,051111,distrito,MORCOLLA,alcalde_distrital,regidor_distrital,5,conteo_candidatos_erm2026,,False,,,,,normal
04-060102,04,6,060102,distrito,ASUNCION,alcalde_distrital,regidor_distrital,5,conteo_candidatos_erm2026,,False,,,,,normal
04-060103,04,6,060103,distrito,COSPAN,alcalde_distrital,regidor_distrital,5,conteo_candidatos_erm2026,,False,,,,,normal
04-060104,04,6,060104,distrito,CHETILLA,alcalde_distrital,regidor_distrital,5,conteo_candidatos_erm2026,,False,,,,,normal
04-060105,04,6,060105,distrito,ENCAÑADA,alcalde_distrital,regidor_distrital,5,conteo_candidatos_erm2026,,False,,,,,normal
04-060106,04,6,060106,distrito,JESUS,alcalde_distrital,regidor_distrital,5,conteo_candidatos_erm2026,,False,,,,,normal
04-060107,04,6,060107,distrito,LOS BAÑOS DEL INCA,alcalde_distrital,regidor_distrital,9,conteo_candidatos_erm2026,,False,,,,,normal
04-060108,04,6,060108,distrito,LLACANORA,alcalde_distrital,regidor_distrital,5,conteo_candidatos_erm2026,,False,,,,,normal
04-060109,04,6,060109,distrito,MAGDALENA,alcalde_distrital,regidor_distrital,5,conteo_candidatos_erm2026,,False,,,,,normal
04-060110,04,6,060110,distrito,MATARA,alcalde_distrital,regidor_distrital,5,conteo_candidatos_erm2026,,False,,,,,normal
04-060111,04,6,060111,distrito,NAMORA,alcalde_distrital,regidor_distrital,5,conteo_candidatos_erm2026,,False,,,,,normal
04-060112,04,6,060112,distrito,SAN JUAN,alcalde_distrital,regidor_distrital,5,conteo_candidatos_erm2026,,False,,,,,normal
04-060202,04,6,060202,distrito,CACHACHI,alcalde_distrital,regidor_distrital,7,conteo_candidatos_erm2026,,False,,,,,normal
04-060203,04,6,060203,distrito,CONDEBAMBA,alcalde_distrital,regidor_distrital,5,conteo_candidatos_erm2026,,False,,,,,normal
04-060205,04,6,060205,distrito,SITACOCHA,alcalde_distrital,regidor_distrital,5,conteo_candidatos_erm2026,,False,,,,,normal
04-060302,04,6,060302,distrito,CORTEGANA,alcalde_distrital,regidor_distrital,5,conteo_candidatos_erm2026,,False,,,,,normal
04-060303,04,6,060303,distrito,CHUMUCH,alcalde_distrital,regidor_distrital,5,conteo_candidatos_erm2026,,False,,,,,normal
04-060304,04,6,060304,distrito,HUASMIN,alcalde_distrital,regidor_distrital,5,conteo_candidatos_erm2026,,False,,,,,normal
04-060305,04,6,060305,distrito,JORGE CHAVEZ,alcalde_distrital,regidor_distrital,5,conteo_candidatos_erm2026,,False,,,,,normal
04-060306,04,6,060306,distrito,JOSE GALVEZ,alcalde_distrital,regidor_distrital,5,conteo_candidatos_erm2026,,False,,,,,normal
04-060307,04,6,060307,distrito,MIGUEL IGLESIAS,alcalde_distrital,regidor_distrital,5,conteo_candidatos_erm2026,,False,,,,,normal
04-060308,04,6,060308,distrito,OXAMARCA,alcalde_distrital,regidor_distrital,5,conteo_candidatos_erm2026,,False,,,,,normal
04-060309,04,6,060309,distrito,SOROCHUCO,alcalde_distrital,regidor_distrital,5,conteo_candidatos_erm2026,,False,,,,,normal
04-060310,04,6,060310,distrito,SUCRE,alcalde_distrital,regidor_distrital,5,conteo_candidatos_erm2026,,False,,,,,normal
04-060311,04,6,060311,distrito,UTCO,alcalde_distrital,regidor_distrital,5,conteo_candidatos_erm2026,,False,,,,,normal
04-060312,04,6,060312,distrito,LA LIBERTAD DE PALLAN,alcalde_distrital,regidor_distrital,5,conteo_candidatos_erm2026,,False,,,,,normal
04-060403,04,6,060403,distrito,CHILETE,alcalde_distrital,regidor_distrital,5,conteo_candidatos_erm2026,,False,,,,,normal
04-060404,04,6,060404,distrito,GUZMANGO,alcalde_distrital,regidor_distrital,5,conteo_candidatos_erm2026,,False,,,,,normal
04-060405,04,6,060405,distrito,SAN BENITO,alcalde_distrital,regidor_distrital,5,conteo_candidatos_erm2026,,False,,,,,normal
04-060406,04,6,060406,distrito,CUPISNIQUE,alcalde_distrital,regidor_distrital,5,conteo_candidatos_erm2026,,False,,,,,normal
04-060407,04,6,060407,distrito,TANTARICA,alcalde_distrital,regidor_distrital,5,conteo_candidatos_erm2026,,False,,,,,normal
04-060408,04,6,060408,distrito,YONAN,alcalde_distrital,regidor_distrital,5,conteo_candidatos_erm2026,,False,,,,,normal
04-060409,04,6,060409,distrito,SANTA CRUZ DE TOLEDO,alcalde_distrital,regidor_distrital,5,conteo_candidatos_erm2026,,False,,,,,normal
04-060502,04,6,060502,distrito,CALLAYUC,alcalde_distrital,regidor_distrital,5,conteo_candidatos_erm2026,,False,,,,,normal
04-060503,04,6,060503,distrito,CUJILLO,alcalde_distrital,regidor_distrital,5,conteo_candidatos_erm2026,,False,,,,,normal
04-060504,04,6,060504,distrito,CHOROS,alcalde_distrital,regidor_distrital,5,conteo_candidatos_erm2026,,False,,,,,normal
04-060505,04,6,060505,distrito,LA RAMADA,alcalde_distrital,regidor_distrital,5,conteo_candidatos_erm2026,,False,,,,,normal
04-060506,04,6,060506,distrito,PIMPINGOS,alcalde_distrital,regidor_distrital,5,conteo_candidatos_erm2026,,False,,,,,normal
04-060507,04,6,060507,distrito,QUEROCOTILLO,alcalde_distrital,regidor_distrital,5,conteo_candidatos_erm2026,,False,,,,,normal
04-060508,04,6,060508,distrito,SAN ANDRES DE CUTERVO,alcalde_distrital,regidor_distrital,5,conteo_candidatos_erm2026,,False,,,,,normal
04-060509,04,6,060509,distrito,SAN JUAN DE CUTERVO,alcalde_distrital,regidor_distrital,5,conteo_candidatos_erm2026,,False,,,,,normal
04-060510,04,6,060510,distrito,SAN LUIS DE LUCMA,alcalde_distrital,regidor_distrital,5,conteo_candidatos_erm2026,,False,,,,,normal
04-060511,04,6,060511,distrito,SANTA CRUZ,alcalde_distrital,regidor_distrital,5,conteo_candidatos_erm2026,,False,,,,,normal
04-060512,04,6,060512,distrito,SANTO DOMINGO DE LA CAPILLA,alcalde_distrital,regidor_distrital,5,conteo_candidatos_erm2026,,False,,,,,normal
04-060513,04,6,060513,distrito,SANTO TOMAS,alcalde_distrital,regidor_distrital,5,conteo_candidatos_erm2026,,False,,,,,normal
04-060514,04,6,060514,distrito,SOCOTA,alcalde_distrital,regidor_distrital,5,conteo_candidatos_erm2026,,False,,,,,normal
04-060515,04,6,060515,distrito,TORIBIO CASANOVA,alcalde_distrital,regidor_distrital,5,conteo_candidatos_erm2026,,False,,,,,normal
04-060602,04,6,060602,distrito,ANGUIA,alcalde_distrital,regidor_distrital,5,conteo_candidatos_erm2026,,False,,,,,normal
04-060603,04,6,060603,distrito,COCHABAMBA,alcalde_distrital,regidor_distrital,5,conteo_candidatos_erm2026,,False,,,,,normal
04-060604,04,6,060604,distrito,CONCHAN,alcalde_distrital,regidor_distrital,5,conteo_candidatos_erm2026,,False,,,,,normal
04-060605,04,6,060605,distrito,CHADIN,alcalde_distrital,regidor_distrital,5,conteo_candidatos_erm2026,,False,,,,,normal
04-060606,04,6,060606,distrito,CHIGUIRIP,alcalde_distrital,regidor_distrital,5,conteo_candidatos_erm2026,,False,,,,,normal
04-060607,04,6,060607,distrito,CHIMBAN,alcalde_distrital,regidor_distrital,5,conteo_candidatos_erm2026,,False,,,,,normal
04-060608,04,6,060608,distrito,HUAMBOS,alcalde_distrital,regidor_distrital,5,conteo_candidatos_erm2026,,False,,,,,normal
04-060609,04,6,060609,distrito,LAJAS,alcalde_distrital,regidor_distrital,5,conteo_candidatos_erm2026,,False,,,,,normal
04-060610,04,6,060610,distrito,LLAMA,alcalde_distrital,regidor_distrital,5,conteo_candidatos_erm2026,,False,,,,,normal
04-060611,04,6,060611,distrito,MIRACOSTA,alcalde_distrital,regidor_distrital,5,conteo_candidatos_erm2026,,False,,,,,normal
04-060612,04,6,060612,distrito,PACCHA,alcalde_distrital,regidor_distrital,5,conteo_candidatos_erm2026,,False,,,,,normal
04-060613,04,6,060613,distrito,PION,alcalde_distrital,regidor_distrital,5,conteo_candidatos_erm2026,,False,,,,,normal
04-060614,04,6,060614,distrito,QUEROCOTO,alcalde_distrital,regidor_distrital,5,conteo_candidatos_erm2026,,False,,,,,normal
04-060615,04,6,060615,distrito,TACABAMBA,alcalde_distrital,regidor_distrital,5,conteo_candidatos_erm2026,,False,,,,,normal
04-060616,04,6,060616,distrito,TOCMOCHE,alcalde_distrital,regidor_distrital,5,conteo_candidatos_erm2026,,False,,,,,normal
04-060617,04,6,060617,distrito,SAN JUAN DE LICUPIS,alcalde_distrital,regidor_distrital,5,conteo_candidatos_erm2026,,False,,,,,normal
04-060618,04,6,060618,distrito,CHOROPAMPA,alcalde_distrital,regidor_distrital,5,conteo_candidatos_erm2026,,False,,,,,normal
04-060619,04,6,060619,distrito,CHALAMARCA,alcalde_distrital,regidor_distrital,5,conteo_candidatos_erm2026,,False,,,,,normal
04-060702,04,6,060702,distrito,CHUGUR,alcalde_distrital,regidor_distrital,5,conteo_candidatos_erm2026,,False,,,,,normal
04-060703,04,6,060703,distrito,HUALGAYOC,alcalde_distrital,regidor_distrital,5,conteo_candidatos_erm2026,,False,,,,,normal
04-060802,04,6,060802,distrito,BELLAVISTA,alcalde_distrital,regidor_distrital,5,conteo_candidatos_erm2026,,False,,,,,normal
04-060803,04,6,060803,distrito,COLASAY,alcalde_distrital,regidor_distrital,5,conteo_candidatos_erm2026,,False,,,,,normal
04-060804,04,6,060804,distrito,CHONTALI,alcalde_distrital,regidor_distrital,5,conteo_candidatos_erm2026,,False,,,,,normal
04-060805,04,6,060805,distrito,POMAHUACA,alcalde_distrital,regidor_distrital,5,conteo_candidatos_erm2026,,False,,,,,normal
04-060806,04,6,060806,distrito,PUCARA,alcalde_distrital,regidor_distrital,5,conteo_candidatos_erm2026,,False,,,,,normal
04-060807,04,6,060807,distrito,SALLIQUE,alcalde_distrital,regidor_distrital,5,conteo_candidatos_erm2026,,False,,,,,normal
04-060808,04,6,060808,distrito,SAN FELIPE,alcalde_distrital,regidor_distrital,5,conteo_candidatos_erm2026,,False,,,,,normal
04-060809,04,6,060809,distrito,SAN JOSE DEL ALTO,alcalde_distrital,regidor_distrital,5,conteo_candidatos_erm2026,,False,,,,,normal
04-060810,04,6,060810,distrito,SANTA ROSA,alcalde_distrital,regidor_distrital,5,conteo_candidatos_erm2026,,False,,,,,normal
04-060811,04,6,060811,distrito,LAS PIRIAS,alcalde_distrital,regidor_distrital,5,conteo_candidatos_erm2026,,False,,,,,normal
04-060812,04,6,060812,distrito,HUABAL,alcalde_distrital,regidor_distrital,5,conteo_candidatos_erm2026,,False,,,,,normal
04-060902,04,6,060902,distrito,CATACHE,alcalde_distrital,regidor_distrital,5,conteo_candidatos_erm2026,,False,,,,,normal
04-060903,04,6,060903,distrito,CHANCAYBAÑOS,alcalde_distrital,regidor_distrital,5,conteo_candidatos_erm2026,,False,,,,,normal
04-060904,04,6,060904,distrito,LA ESPERANZA,alcalde_distrital,regidor_distrital,5,conteo_candidatos_erm2026,,False,,,,,normal
04-060905,04,6,060905,distrito,NINABAMBA,alcalde_distrital,regidor_distrital,5,conteo_candidatos_erm2026,,False,,,,,normal
04-060906,04,6,060906,distrito,PULAN,alcalde_distrital,regidor_distrital,5,conteo_candidatos_erm2026,,False,,,,,normal
04-060907,04,6,060907,distrito,SEXI,alcalde_distrital,regidor_distrital,5,conteo_candidatos_erm2026,,False,,,,,normal
04-060908,04,6,060908,distrito,UTICYACU,alcalde_distrital,regidor_distrital,5,conteo_candidatos_erm2026,,False,,,,,normal
04-060909,04,6,060909,distrito,YAUYUCAN,alcalde_distrital,regidor_distrital,5,conteo_candidatos_erm2026,,False,,,,,normal
04-060910,04,6,060910,distrito,ANDABAMBA,alcalde_distrital,regidor_distrital,5,conteo_candidatos_erm2026,,False,,,,,normal
04-060911,04,6,060911,distrito,SAUCEPAMPA,alcalde_distrital,regidor_distrital,5,conteo_candidatos_erm2026,,False,,,,,normal
04-061002,04,6,061002,distrito,CALQUIS,alcalde_distrital,regidor_distrital,5,conteo_candidatos_erm2026,,False,,,,,normal
04-061003,04,6,061003,distrito,LA FLORIDA,alcalde_distrital,regidor_distrital,5,conteo_candidatos_erm2026,,False,,,,,normal
04-061004,04,6,061004,distrito,LLAPA,alcalde_distrital,regidor_distrital,5,conteo_candidatos_erm2026,,False,,,,,normal
04-061005,04,6,061005,distrito,NANCHOC,alcalde_distrital,regidor_distrital,5,conteo_candidatos_erm2026,,False,,,,,normal
04-061006,04,6,061006,distrito,NIEPOS,alcalde_distrital,regidor_distrital,5,conteo_candidatos_erm2026,,False,,,,,normal
04-061007,04,6,061007,distrito,SAN GREGORIO,alcalde_distrital,regidor_distrital,5,conteo_candidatos_erm2026,,False,,,,,normal
04-061008,04,6,061008,distrito,SAN SILVESTRE DE COCHAN,alcalde_distrital,regidor_distrital,5,conteo_candidatos_erm2026,,False,,,,,normal
04-061009,04,6,061009,distrito,EL PRADO,alcalde_distrital,regidor_distrital,5,conteo_candidatos_erm2026,,False,,,,,normal
04-061010,04,6,061010,distrito,UNION AGUA BLANCA,alcalde_distrital,regidor_distrital,5,conteo_candidatos_erm2026,,False,,,,,normal
04-061011,04,6,061011,distrito,TONGOD,alcalde_distrital,regidor_distrital,5,conteo_candidatos_erm2026,,False,,,,,normal
04-061012,04,6,061012,distrito,CATILLUC,alcalde_distrital,regidor_distrital,5,conteo_candidatos_erm2026,,False,,,,,normal
04-061013,04,6,061013,distrito,BOLIVAR,alcalde_distrital,regidor_distrital,5,conteo_candidatos_erm2026,,False,,,,,normal
04-061102,04,6,061102,distrito,CHIRINOS,alcalde_distrital,regidor_distrital,5,conteo_candidatos_erm2026,,False,,,,,normal
04-061103,04,6,061103,distrito,HUARANGO,alcalde_distrital,regidor_distrital,5,conteo_candidatos_erm2026,,False,,,,,normal
04-061104,04,6,061104,distrito,NAMBALLE,alcalde_distrital,regidor_distrital,5,conteo_candidatos_erm2026,,False,,,,,normal
04-061105,04,6,061105,distrito,LA COIPA,alcalde_distrital,regidor_distrital,5,conteo_candidatos_erm2026,,False,,,,,normal
04-061106,04,6,061106,distrito,SAN JOSE DE LOURDES,alcalde_distrital,regidor_distrital,5,conteo_candidatos_erm2026,,False,,,,,normal
04-061107,04,6,061107,distrito,TABACONAS,alcalde_distrital,regidor_distrital,5,conteo_candidatos_erm2026,,False,,,,,normal
04-061202,04,6,061202,distrito,ICHOCAN,alcalde_distrital,regidor_distrital,5,conteo_candidatos_erm2026,,False,,,,,normal
04-061203,04,6,061203,distrito,GREGORIO PITA,alcalde_distrital,regidor_distrital,5,conteo_candidatos_erm2026,,False,,,,,normal
04-061204,04,6,061204,distrito,JOSE MANUEL QUIROZ,alcalde_distrital,regidor_distrital,5,conteo_candidatos_erm2026,,False,,,,,normal
04-061205,04,6,061205,distrito,EDUARDO VILLANUEVA,alcalde_distrital,regidor_distrital,5,conteo_candidatos_erm2026,,False,,,,,normal
04-061206,04,6,061206,distrito,JOSE SABOGAL,alcalde_distrital,regidor_distrital,5,conteo_candidatos_erm2026,,False,,,,,normal
04-061207,04,6,061207,distrito,CHANCAY,alcalde_distrital,regidor_distrital,5,conteo_candidatos_erm2026,,False,,,,,normal
04-061302,04,6,061302,distrito,SAN BERNARDINO,alcalde_distrital,regidor_distrital,5,conteo_candidatos_erm2026,,False,,,,,normal
04-061303,04,6,061303,distrito,SAN LUIS,alcalde_distrital,regidor_distrital,5,conteo_candidatos_erm2026,,False,,,,,normal
04-061304,04,6,061304,distrito,TUMBADEN,alcalde_distrital,regidor_distrital,5,conteo_candidatos_erm2026,,False,,,,,normal
04-070102,04,6,070102,distrito,CCORCA,alcalde_distrital,regidor_distrital,5,conteo_candidatos_erm2026,,False,,,,,normal
04-070103,04,6,070103,distrito,POROY,alcalde_distrital,regidor_distrital,5,conteo_candidatos_erm2026,,False,,,,,normal
04-070104,04,6,070104,distrito,SAN JERONIMO,alcalde_distrital,regidor_distrital,9,conteo_candidatos_erm2026,,False,,,,,normal
04-070105,04,6,070105,distrito,SAN SEBASTIAN,alcalde_distrital,regidor_distrital,11,conteo_candidatos_erm2026,,False,,,,,normal
04-070106,04,6,070106,distrito,SANTIAGO,alcalde_distrital,regidor_distrital,11,conteo_candidatos_erm2026,,False,,,,,normal
04-070107,04,6,070107,distrito,SAYLLA,alcalde_distrital,regidor_distrital,5,conteo_candidatos_erm2026,,False,,,,,normal
04-070108,04,6,070108,distrito,WANCHAQ,alcalde_distrital,regidor_distrital,9,conteo_candidatos_erm2026,,False,,,,,normal
04-070202,04,6,070202,distrito,ACOPIA,alcalde_distrital,regidor_distrital,5,conteo_candidatos_erm2026,,False,,,,,normal
04-070203,04,6,070203,distrito,ACOS,alcalde_distrital,regidor_distrital,5,conteo_candidatos_erm2026,,False,,,,,normal
04-070204,04,6,070204,distrito,POMACANCHI,alcalde_distrital,regidor_distrital,5,conteo_candidatos_erm2026,,False,,,,,normal
04-070205,04,6,070205,distrito,RONDOCAN,alcalde_distrital,regidor_distrital,5,conteo_candidatos_erm2026,,False,,,,,normal
04-070206,04,6,070206,distrito,SANGARARA,alcalde_distrital,regidor_distrital,5,conteo_candidatos_erm2026,,False,,,,,normal
04-070207,04,6,070207,distrito,MOSOC LLACTA,alcalde_distrital,regidor_distrital,5,conteo_candidatos_erm2026,,False,,,,,normal
04-070302,04,6,070302,distrito,CHINCHAYPUJIO,alcalde_distrital,regidor_distrital,5,conteo_candidatos_erm2026,,False,,,,,normal
04-070303,04,6,070303,distrito,HUAROCONDO,alcalde_distrital,regidor_distrital,5,conteo_candidatos_erm2026,,False,,,,,normal
04-070304,04,6,070304,distrito,LIMATAMBO,alcalde_distrital,regidor_distrital,5,conteo_candidatos_erm2026,,False,,,,,normal
04-070305,04,6,070305,distrito,MOLLEPATA,alcalde_distrital,regidor_distrital,5,conteo_candidatos_erm2026,,False,,,,,normal
04-070306,04,6,070306,distrito,PUCYURA,alcalde_distrital,regidor_distrital,5,conteo_candidatos_erm2026,,False,,,,,normal
04-070307,04,6,070307,distrito,ZURITE,alcalde_distrital,regidor_distrital,5,conteo_candidatos_erm2026,,False,,,,,normal
04-070308,04,6,070308,distrito,CACHIMAYO,alcalde_distrital,regidor_distrital,5,conteo_candidatos_erm2026,,False,,,,,normal
04-070309,04,6,070309,distrito,ANCAHUASI,alcalde_distrital,regidor_distrital,5,conteo_candidatos_erm2026,,False,,,,,normal
04-070402,04,6,070402,distrito,COYA,alcalde_distrital,regidor_distrital,5,conteo_candidatos_erm2026,,False,,,,,normal
04-070403,04,6,070403,distrito,LAMAY,alcalde_distrital,regidor_distrital,5,conteo_candidatos_erm2026,,False,,,,,normal
04-070404,04,6,070404,distrito,LARES,alcalde_distrital,regidor_distrital,5,conteo_candidatos_erm2026,,False,,,,,normal
04-070405,04,6,070405,distrito,PISAC,alcalde_distrital,regidor_distrital,5,conteo_candidatos_erm2026,,False,,,,,normal
04-070406,04,6,070406,distrito,SAN SALVADOR,alcalde_distrital,regidor_distrital,5,conteo_candidatos_erm2026,,False,,,,,normal
04-070407,04,6,070407,distrito,TARAY,alcalde_distrital,regidor_distrital,5,conteo_candidatos_erm2026,,False,,,,,normal
04-070408,04,6,070408,distrito,YANATILE,alcalde_distrital,regidor_distrital,5,conteo_candidatos_erm2026,,False,,,,,normal
04-070502,04,6,070502,distrito,CHECCA,alcalde_distrital,regidor_distrital,5,conteo_candidatos_erm2026,,False,,,,,normal
04-070503,04,6,070503,distrito,KUNTURKANKI,alcalde_distrital,regidor_distrital,5,conteo_candidatos_erm2026,,False,,,,,normal
04-070504,04,6,070504,distrito,LANGUI,alcalde_distrital,regidor_distrital,5,conteo_candidatos_erm2026,,False,,,,,normal
04-070505,04,6,070505,distrito,LAYO,alcalde_distrital,regidor_distrital,5,conteo_candidatos_erm2026,,False,,,,,normal
04-070506,04,6,070506,distrito,PAMPAMARCA,alcalde_distrital,regidor_distrital,5,conteo_candidatos_erm2026,,False,,,,,normal
04-070507,04,6,070507,distrito,QUEHUE,alcalde_distrital,regidor_distrital,5,conteo_candidatos_erm2026,,False,,,,,normal
04-070508,04,6,070508,distrito,TUPAC AMARU,alcalde_distrital,regidor_distrital,5,conteo_candidatos_erm2026,,False,,,,,normal
04-070602,04,6,070602,distrito,COMBAPATA,alcalde_distrital,regidor_distrital,5,conteo_candidatos_erm2026,,False,,,,,normal
04-070603,04,6,070603,distrito,CHECACUPE,alcalde_distrital,regidor_distrital,5,conteo_candidatos_erm2026,,False,,,,,normal
04-070604,04,6,070604,distrito,MARANGANI,alcalde_distrital,regidor_distrital,5,conteo_candidatos_erm2026,,False,,,,,normal
04-070605,04,6,070605,distrito,PITUMARCA,alcalde_distrital,regidor_distrital,5,conteo_candidatos_erm2026,,False,,,,,normal
04-070606,04,6,070606,distrito,SAN PABLO,alcalde_distrital,regidor_distrital,5,conteo_candidatos_erm2026,,False,,,,,normal
04-070607,04,6,070607,distrito,SAN PEDRO,alcalde_distrital,regidor_distrital,5,conteo_candidatos_erm2026,,False,,,,,normal
04-070608,04,6,070608,distrito,TINTA,alcalde_distrital,regidor_distrital,5,conteo_candidatos_erm2026,,False,,,,,normal
04-070702,04,6,070702,distrito,CAPACMARCA,alcalde_distrital,regidor_distrital,5,conteo_candidatos_erm2026,,False,,,,,normal
04-070703,04,6,070703,distrito,COLQUEMARCA,alcalde_distrital,regidor_distrital,5,conteo_candidatos_erm2026,,False,,,,,normal
04-070704,04,6,070704,distrito,CHAMACA,alcalde_distrital,regidor_distrital,5,conteo_candidatos_erm2026,,False,,,,,normal
04-070705,04,6,070705,distrito,LIVITACA,alcalde_distrital,regidor_distrital,5,conteo_candidatos_erm2026,,False,,,,,normal
04-070706,04,6,070706,distrito,LLUSCO,alcalde_distrital,regidor_distrital,5,conteo_candidatos_erm2026,,False,,,,,normal
04-070707,04,6,070707,distrito,QUIÑOTA,alcalde_distrital,regidor_distrital,5,conteo_candidatos_erm2026,,False,,,,,normal
04-070708,04,6,070708,distrito,VELILLE,alcalde_distrital,regidor_distrital,5,conteo_candidatos_erm2026,,False,,,,,normal
04-070802,04,6,070802,distrito,CONDOROMA,alcalde_distrital,regidor_distrital,5,conteo_candidatos_erm2026,,False,,,,,normal
04-070803,04,6,070803,distrito,COPORAQUE,alcalde_distrital,regidor_distrital,5,conteo_candidatos_erm2026,,False,,,,,normal
04-070804,04,6,070804,distrito,OCORURO,alcalde_distrital,regidor_distrital,5,conteo_candidatos_erm2026,,False,,,,,normal
04-070805,04,6,070805,distrito,PALLPATA,alcalde_distrital,regidor_distrital,5,conteo_candidatos_erm2026,,False,,,,,normal
04-070806,04,6,070806,distrito,PICHIGUA,alcalde_distrital,regidor_distrital,5,conteo_candidatos_erm2026,,False,,,,,normal
04-070807,04,6,070807,distrito,SUYCKUTAMBO,alcalde_distrital,regidor_distrital,5,conteo_candidatos_erm2026,,False,,,,,normal
04-070808,04,6,070808,distrito,ALTO PICHIGUA,alcalde_distrital,regidor_distrital,5,conteo_candidatos_erm2026,,False,,,,,normal
04-070902,04,6,070902,distrito,ECHARATE,alcalde_distrital,regidor_distrital,5,conteo_candidatos_erm2026,,False,,,,,normal
04-070903,04,6,070903,distrito,HUAYOPATA,alcalde_distrital,regidor_distrital,5,conteo_candidatos_erm2026,,False,,,,,normal
04-070904,04,6,070904,distrito,MARANURA,alcalde_distrital,regidor_distrital,5,conteo_candidatos_erm2026,,False,,,,,normal
04-070905,04,6,070905,distrito,OCOBAMBA,alcalde_distrital,regidor_distrital,5,conteo_candidatos_erm2026,,False,,,,,normal
04-070906,04,6,070906,distrito,SANTA TERESA,alcalde_distrital,regidor_distrital,5,conteo_candidatos_erm2026,,False,,,,,normal
04-070907,04,6,070907,distrito,VILCABAMBA,alcalde_distrital,regidor_distrital,5,conteo_candidatos_erm2026,,False,,,,,normal
04-070908,04,6,070908,distrito,QUELLOUNO,alcalde_distrital,regidor_distrital,5,conteo_candidatos_erm2026,,False,,,,,normal
04-070909,04,6,070909,distrito,KIMBIRI,alcalde_distrital,regidor_distrital,5,conteo_candidatos_erm2026,,False,,,,,normal
04-070910,04,6,070910,distrito,PICHARI,alcalde_distrital,regidor_distrital,7,conteo_candidatos_erm2026,,False,,,,,normal
04-070911,04,6,070911,distrito,INKAWASI,alcalde_distrital,regidor_distrital,5,conteo_candidatos_erm2026,,False,,,,,normal
04-070912,04,6,070912,distrito,VILLA VIRGEN,alcalde_distrital,regidor_distrital,5,conteo_candidatos_erm2026,,False,,,,,normal
04-070913,04,6,070913,distrito,VILLA KINTIARINA,alcalde_distrital,regidor_distrital,5,conteo_candidatos_erm2026,,False,,,,,normal
04-070915,04,6,070915,distrito,MEGANTONI,alcalde_distrital,regidor_distrital,5,conteo_candidatos_erm2026,,False,,,,,normal
04-070916,04,6,070916,distrito,KUMPIRUSHIATO,alcalde_distrital,regidor_distrital,5,conteo_candidatos_erm2026,,False,,,,,normal
04-070917,04,6,070917,distrito,CIELO PUNCO,alcalde_distrital,regidor_distrital,5,conteo_candidatos_erm2026,,False,,,,,normal
04-070918,04,6,070918,distrito,MANITEA,alcalde_distrital,regidor_distrital,5,conteo_candidatos_erm2026,,False,,,,,normal
04-070919,04,6,070919,distrito,UNION ASHÁNINKA,alcalde_distrital,regidor_distrital,5,conteo_candidatos_erm2026,,False,,,,,normal
04-071002,04,6,071002,distrito,ACCHA,alcalde_distrital,regidor_distrital,5,conteo_candidatos_erm2026,,False,,,,,normal
04-071003,04,6,071003,distrito,CCAPI,alcalde_distrital,regidor_distrital,5,conteo_candidatos_erm2026,,False,,,,,normal
04-071004,04,6,071004,distrito,COLCHA,alcalde_distrital,regidor_distrital,5,conteo_candidatos_erm2026,,False,,,,,normal
04-071005,04,6,071005,distrito,HUANOQUITE,alcalde_distrital,regidor_distrital,5,conteo_candidatos_erm2026,,False,,,,,normal
04-071006,04,6,071006,distrito,OMACHA,alcalde_distrital,regidor_distrital,5,conteo_candidatos_erm2026,,False,,,,,normal
04-071007,04,6,071007,distrito,YAURISQUE,alcalde_distrital,regidor_distrital,5,conteo_candidatos_erm2026,,False,,,,,normal
04-071008,04,6,071008,distrito,PACCARITAMBO,alcalde_distrital,regidor_distrital,5,conteo_candidatos_erm2026,,False,,,,,normal
04-071009,04,6,071009,distrito,PILLPINTO,alcalde_distrital,regidor_distrital,5,conteo_candidatos_erm2026,,False,,,,,normal
04-071102,04,6,071102,distrito,CAICAY,alcalde_distrital,regidor_distrital,5,conteo_candidatos_erm2026,,False,,,,,normal
04-071103,04,6,071103,distrito,COLQUEPATA,alcalde_distrital,regidor_distrital,5,conteo_candidatos_erm2026,,False,,,,,normal
04-071104,04,6,071104,distrito,CHALLABAMBA,alcalde_distrital,regidor_distrital,5,conteo_candidatos_erm2026,,False,,,,,normal
04-071105,04,6,071105,distrito,KOSÑIPATA,alcalde_distrital,regidor_distrital,5,conteo_candidatos_erm2026,,False,,,,,normal
04-071106,04,6,071106,distrito,HUANCARANI,alcalde_distrital,regidor_distrital,5,conteo_candidatos_erm2026,,False,,,,,normal
04-071202,04,6,071202,distrito,ANDAHUAYLILLAS,alcalde_distrital,regidor_distrital,5,conteo_candidatos_erm2026,,False,,,,,normal
04-071203,04,6,071203,distrito,CAMANTI,alcalde_distrital,regidor_distrital,5,conteo_candidatos_erm2026,,False,,,,,normal
04-071204,04,6,071204,distrito,CCARHUAYO,alcalde_distrital,regidor_distrital,5,conteo_candidatos_erm2026,,False,,,,,normal
04-071205,04,6,071205,distrito,CCATCA,alcalde_distrital,regidor_distrital,5,conteo_candidatos_erm2026,,False,,,,,normal
04-071206,04,6,071206,distrito,CUSIPATA,alcalde_distrital,regidor_distrital,5,conteo_candidatos_erm2026,,False,,,,,normal
04-071207,04,6,071207,distrito,HUARO,alcalde_distrital,regidor_distrital,5,conteo_candidatos_erm2026,,False,,,,,normal
04-071208,04,6,071208,distrito,LUCRE,alcalde_distrital,regidor_distrital,5,conteo_candidatos_erm2026,,False,,,,,normal
04-071209,04,6,071209,distrito,MARCAPATA,alcalde_distrital,regidor_distrital,5,conteo_candidatos_erm2026,,False,,,,,normal
04-071210,04,6,071210,distrito,OCONGATE,alcalde_distrital,regidor_distrital,5,conteo_candidatos_erm2026,,False,,,,,normal
04-071211,04,6,071211,distrito,OROPESA,alcalde_distrital,regidor_distrital,5,conteo_candidatos_erm2026,,False,,,,,normal
04-071212,04,6,071212,distrito,QUIQUIJANA,alcalde_distrital,regidor_distrital,5,conteo_candidatos_erm2026,,False,,,,,normal
04-071302,04,6,071302,distrito,CHINCHERO,alcalde_distrital,regidor_distrital,5,conteo_candidatos_erm2026,,False,,,,,normal
04-071303,04,6,071303,distrito,HUAYLLABAMBA,alcalde_distrital,regidor_distrital,5,conteo_candidatos_erm2026,,False,,,,,normal
04-071304,04,6,071304,distrito,MACHUPICCHU,alcalde_distrital,regidor_distrital,5,conteo_candidatos_erm2026,,False,,,,,normal
04-071305,04,6,071305,distrito,MARAS,alcalde_distrital,regidor_distrital,5,conteo_candidatos_erm2026,,False,,,,,normal
04-071306,04,6,071306,distrito,OLLANTAYTAMBO,alcalde_distrital,regidor_distrital,5,conteo_candidatos_erm2026,,False,,,,,normal
04-071307,04,6,071307,distrito,YUCAY,alcalde_distrital,regidor_distrital,5,conteo_candidatos_erm2026,,False,,,,,normal
04-080102,04,6,080102,distrito,ACOBAMBILLA,alcalde_distrital,regidor_distrital,5,conteo_candidatos_erm2026,,False,,,,,normal
04-080103,04,6,080103,distrito,ACORIA,alcalde_distrital,regidor_distrital,5,conteo_candidatos_erm2026,,False,,,,,normal
04-080104,04,6,080104,distrito,CONAYCA,alcalde_distrital,regidor_distrital,5,conteo_candidatos_erm2026,,False,,,,,normal
04-080105,04,6,080105,distrito,CUENCA,alcalde_distrital,regidor_distrital,5,conteo_candidatos_erm2026,,False,,,,,normal
04-080106,04,6,080106,distrito,HUACHOCOLPA,alcalde_distrital,regidor_distrital,5,conteo_candidatos_erm2026,,False,,,,,normal
04-080108,04,6,080108,distrito,HUAYLLAHUARA,alcalde_distrital,regidor_distrital,5,conteo_candidatos_erm2026,,False,,,,,normal
04-080109,04,6,080109,distrito,IZCUCHACA,alcalde_distrital,regidor_distrital,5,conteo_candidatos_erm2026,,False,,,,,normal
04-080110,04,6,080110,distrito,LARIA,alcalde_distrital,regidor_distrital,5,conteo_candidatos_erm2026,,False,,,,,normal
04-080111,04,6,080111,distrito,MANTA,alcalde_distrital,regidor_distrital,5,conteo_candidatos_erm2026,,False,,,,,normal
04-080112,04,6,080112,distrito,MARISCAL CACERES,alcalde_distrital,regidor_distrital,5,conteo_candidatos_erm2026,,False,,,,,normal
04-080113,04,6,080113,distrito,MOYA,alcalde_distrital,regidor_distrital,5,conteo_candidatos_erm2026,,False,,,,,normal
04-080114,04,6,080114,distrito,NUEVO OCCORO,alcalde_distrital,regidor_distrital,5,conteo_candidatos_erm2026,,False,,,,,normal
04-080115,04,6,080115,distrito,PALCA,alcalde_distrital,regidor_distrital,5,conteo_candidatos_erm2026,,False,,,,,normal
04-080116,04,6,080116,distrito,PILCHACA,alcalde_distrital,regidor_distrital,5,conteo_candidatos_erm2026,,False,,,,,normal
04-080117,04,6,080117,distrito,VILCA,alcalde_distrital,regidor_distrital,5,conteo_candidatos_erm2026,,False,,,,,normal
04-080118,04,6,080118,distrito,YAULI,alcalde_distrital,regidor_distrital,5,conteo_candidatos_erm2026,,False,,,,,normal
04-080119,04,6,080119,distrito,ASCENSION,alcalde_distrital,regidor_distrital,5,conteo_candidatos_erm2026,,False,,,,,normal
04-080120,04,6,080120,distrito,HUANDO,alcalde_distrital,regidor_distrital,5,conteo_candidatos_erm2026,,False,,,,,normal
04-080202,04,6,080202,distrito,ANTA,alcalde_distrital,regidor_distrital,5,conteo_candidatos_erm2026,,False,,,,,normal
04-080203,04,6,080203,distrito,ANDABAMBA,alcalde_distrital,regidor_distrital,5,conteo_candidatos_erm2026,,False,,,,,normal
04-080204,04,6,080204,distrito,CAJA,alcalde_distrital,regidor_distrital,5,conteo_candidatos_erm2026,,False,,,,,normal
04-080205,04,6,080205,distrito,MARCAS,alcalde_distrital,regidor_distrital,5,conteo_candidatos_erm2026,,False,,,,,normal
04-080206,04,6,080206,distrito,PAUCARA,alcalde_distrital,regidor_distrital,5,conteo_candidatos_erm2026,,False,,,,,normal
04-080207,04,6,080207,distrito,POMACOCHA,alcalde_distrital,regidor_distrital,5,conteo_candidatos_erm2026,,False,,,,,normal
04-080208,04,6,080208,distrito,ROSARIO,alcalde_distrital,regidor_distrital,5,conteo_candidatos_erm2026,,False,,,,,normal
04-080302,04,6,080302,distrito,ANCHONGA,alcalde_distrital,regidor_distrital,5,conteo_candidatos_erm2026,,False,,,,,normal
04-080303,04,6,080303,distrito,CALLANMARCA,alcalde_distrital,regidor_distrital,5,conteo_candidatos_erm2026,,False,,,,,normal
04-080304,04,6,080304,distrito,CONGALLA,alcalde_distrital,regidor_distrital,5,conteo_candidatos_erm2026,,False,,,,,normal
04-080305,04,6,080305,distrito,CHINCHO,alcalde_distrital,regidor_distrital,5,conteo_candidatos_erm2026,,False,,,,,normal
04-080306,04,6,080306,distrito,HUALLAY-GRANDE,alcalde_distrital,regidor_distrital,5,conteo_candidatos_erm2026,,False,,,,,normal
04-080307,04,6,080307,distrito,HUANCA-HUANCA,alcalde_distrital,regidor_distrital,5,conteo_candidatos_erm2026,,False,,,,,normal
04-080308,04,6,080308,distrito,JULCAMARCA,alcalde_distrital,regidor_distrital,5,conteo_candidatos_erm2026,,False,,,,,normal
04-080309,04,6,080309,distrito,SAN ANTONIO DE ANTAPARCO,alcalde_distrital,regidor_distrital,5,conteo_candidatos_erm2026,,False,,,,,normal
04-080310,04,6,080310,distrito,SANTO TOMAS DE PATA,alcalde_distrital,regidor_distrital,5,conteo_candidatos_erm2026,,False,,,,,normal
04-080311,04,6,080311,distrito,SECCLLA,alcalde_distrital,regidor_distrital,5,conteo_candidatos_erm2026,,False,,,,,normal
04-080312,04,6,080312,distrito,CCOCHACCASA,alcalde_distrital,regidor_distrital,5,conteo_candidatos_erm2026,,False,,,,,normal
04-080402,04,6,080402,distrito,ARMA,alcalde_distrital,regidor_distrital,5,conteo_candidatos_erm2026,,False,,,,,normal
04-080403,04,6,080403,distrito,AURAHUA,alcalde_distrital,regidor_distrital,5,conteo_candidatos_erm2026,,False,,,,,normal
04-080405,04,6,080405,distrito,CAPILLAS,alcalde_distrital,regidor_distrital,5,conteo_candidatos_erm2026,,False,,,,,normal
04-080406,04,6,080406,distrito,COCAS,alcalde_distrital,regidor_distrital,5,conteo_candidatos_erm2026,,False,,,,,normal
04-080408,04,6,080408,distrito,CHUPAMARCA,alcalde_distrital,regidor_distrital,5,conteo_candidatos_erm2026,,False,,,,,normal
04-080409,04,6,080409,distrito,HUACHOS,alcalde_distrital,regidor_distrital,5,conteo_candidatos_erm2026,,False,,,,,normal
04-080410,04,6,080410,distrito,HUAMATAMBO,alcalde_distrital,regidor_distrital,5,conteo_candidatos_erm2026,,False,,,,,normal
04-080414,04,6,080414,distrito,MOLLEPAMPA,alcalde_distrital,regidor_distrital,5,conteo_candidatos_erm2026,,False,,,,,normal
04-080422,04,6,080422,distrito,SAN JUAN,alcalde_distrital,regidor_distrital,5,conteo_candidatos_erm2026,,False,,,,,normal
04-080427,04,6,080427,distrito,TANTARA,alcalde_distrital,regidor_distrital,5,conteo_candidatos_erm2026,,False,,,,,normal
04-080428,04,6,080428,distrito,TICRAPO,alcalde_distrital,regidor_distrital,5,conteo_candidatos_erm2026,,False,,,,,normal
04-080429,04,6,080429,distrito,SANTA ANA,alcalde_distrital,regidor_distrital,5,conteo_candidatos_erm2026,,False,,,,,normal
04-080502,04,6,080502,distrito,ACOSTAMBO,alcalde_distrital,regidor_distrital,5,conteo_candidatos_erm2026,,False,,,,,normal
04-080503,04,6,080503,distrito,ACRAQUIA,alcalde_distrital,regidor_distrital,5,conteo_candidatos_erm2026,,False,,,,,normal
04-080504,04,6,080504,distrito,AHUAYCHA,alcalde_distrital,regidor_distrital,5,conteo_candidatos_erm2026,,False,,,,,normal
04-080506,04,6,080506,distrito,COLCABAMBA,alcalde_distrital,regidor_distrital,5,conteo_candidatos_erm2026,,False,,,,,normal
04-080509,04,6,080509,distrito,DANIEL HERNANDEZ,alcalde_distrital,regidor_distrital,5,conteo_candidatos_erm2026,,False,,,,,normal
04-080511,04,6,080511,distrito,HUACHOCOLPA,alcalde_distrital,regidor_distrital,5,conteo_candidatos_erm2026,,False,,,,,normal
04-080512,04,6,080512,distrito,HUARIBAMBA,alcalde_distrital,regidor_distrital,5,conteo_candidatos_erm2026,,False,,,,,normal
04-080515,04,6,080515,distrito,ÑAHUIMPUQUIO,alcalde_distrital,regidor_distrital,5,conteo_candidatos_erm2026,,False,,,,,normal
04-080517,04,6,080517,distrito,PAZOS,alcalde_distrital,regidor_distrital,5,conteo_candidatos_erm2026,,False,,,,,normal
04-080518,04,6,080518,distrito,QUISHUAR,alcalde_distrital,regidor_distrital,5,conteo_candidatos_erm2026,,False,,,,,normal
04-080519,04,6,080519,distrito,SALCABAMBA,alcalde_distrital,regidor_distrital,5,conteo_candidatos_erm2026,,False,,,,,normal
04-080520,04,6,080520,distrito,SAN MARCOS DE ROCCHAC,alcalde_distrital,regidor_distrital,5,conteo_candidatos_erm2026,,False,,,,,normal
04-080523,04,6,080523,distrito,SURCUBAMBA,alcalde_distrital,regidor_distrital,5,conteo_candidatos_erm2026,,False,,,,,normal
04-080525,04,6,080525,distrito,TINTAY PUNCU,alcalde_distrital,regidor_distrital,5,conteo_candidatos_erm2026,,False,,,,,normal
04-080526,04,6,080526,distrito,SALCAHUASI,alcalde_distrital,regidor_distrital,5,conteo_candidatos_erm2026,,False,,,,,normal
04-080528,04,6,080528,distrito,QUICHUAS,alcalde_distrital,regidor_distrital,5,conteo_candidatos_erm2026,,False,,,,,normal
04-080529,04,6,080529,distrito,ANDAYMARCA,alcalde_distrital,regidor_distrital,5,conteo_candidatos_erm2026,,False,,,,,normal
04-080530,04,6,080530,distrito,ROBLE,alcalde_distrital,regidor_distrital,5,conteo_candidatos_erm2026,,False,,,,,normal
04-080531,04,6,080531,distrito,PICHOS,alcalde_distrital,regidor_distrital,5,conteo_candidatos_erm2026,,False,,,,,normal
04-080532,04,6,080532,distrito,SANTIAGO DE TUCUMA,alcalde_distrital,regidor_distrital,5,conteo_candidatos_erm2026,,False,,,,,normal
04-080533,04,6,080533,distrito,LAMBRAS,alcalde_distrital,regidor_distrital,5,conteo_candidatos_erm2026,,False,,,,,normal
04-080534,04,6,080534,distrito,COCHABAMBA,alcalde_distrital,regidor_distrital,5,conteo_candidatos_erm2026,,False,,,,,normal
04-080601,04,6,080601,distrito,AYAVI,alcalde_distrital,regidor_distrital,5,conteo_candidatos_erm2026,,False,,,,,normal
04-080602,04,6,080602,distrito,CORDOVA,alcalde_distrital,regidor_distrital,5,conteo_candidatos_erm2026,,False,,,,,normal
04-080603,04,6,080603,distrito,HUAYACUNDO ARMA,alcalde_distrital,regidor_distrital,5,conteo_candidatos_erm2026,,False,,,,,normal
04-080605,04,6,080605,distrito,LARAMARCA,alcalde_distrital,regidor_distrital,5,conteo_candidatos_erm2026,,False,,,,,normal
04-080606,04,6,080606,distrito,OCOYO,alcalde_distrital,regidor_distrital,5,conteo_candidatos_erm2026,,False,,,,,normal
04-080607,04,6,080607,distrito,PILPICHACA,alcalde_distrital,regidor_distrital,5,conteo_candidatos_erm2026,,False,,,,,normal
04-080608,04,6,080608,distrito,QUERCO,alcalde_distrital,regidor_distrital,5,conteo_candidatos_erm2026,,False,,,,,normal
04-080609,04,6,080609,distrito,QUITO ARMA,alcalde_distrital,regidor_distrital,5,conteo_candidatos_erm2026,,False,,,,,normal
04-080610,04,6,080610,distrito,SAN ANTONIO DE CUSICANCHA,alcalde_distrital,regidor_distrital,5,conteo_candidatos_erm2026,,False,,,,,normal
04-080611,04,6,080611,distrito,SAN FRANCISCO DE SANGAYAICO,alcalde_distrital,regidor_distrital,5,conteo_candidatos_erm2026,,False,,,,,normal
04-080612,04,6,080612,distrito,SAN ISIDRO,alcalde_distrital,regidor_distrital,5,conteo_candidatos_erm2026,,False,,,,,normal
04-080613,04,6,080613,distrito,SANTIAGO DE CHOCORVOS,alcalde_distrital,regidor_distrital,5,conteo_candidatos_erm2026,,False,,,,,normal
04-080614,04,6,080614,distrito,SANTIAGO DE QUIRAHUARA,alcalde_distrital,regidor_distrital,5,conteo_candidatos_erm2026,,False,,,,,normal
04-080615,04,6,080615,distrito,SANTO DOMINGO DE CAPILLAS,alcalde_distrital,regidor_distrital,5,conteo_candidatos_erm2026,,False,,,,,normal
04-080616,04,6,080616,distrito,TAMBO,alcalde_distrital,regidor_distrital,5,conteo_candidatos_erm2026,,False,,,,,normal
04-080702,04,6,080702,distrito,ANCO,alcalde_distrital,regidor_distrital,5,conteo_candidatos_erm2026,,False,,,,,normal
04-080703,04,6,080703,distrito,CHINCHIHUASI,alcalde_distrital,regidor_distrital,5,conteo_candidatos_erm2026,,False,,,,,normal
04-080704,04,6,080704,distrito,EL CARMEN,alcalde_distrital,regidor_distrital,5,conteo_candidatos_erm2026,,False,,,,,normal
04-080705,04,6,080705,distrito,LA MERCED,alcalde_distrital,regidor_distrital,5,conteo_candidatos_erm2026,,False,,,,,normal
04-080706,04,6,080706,distrito,LOCROJA,alcalde_distrital,regidor_distrital,5,conteo_candidatos_erm2026,,False,,,,,normal
04-080707,04,6,080707,distrito,PAUCARBAMBA,alcalde_distrital,regidor_distrital,5,conteo_candidatos_erm2026,,False,,,,,normal
04-080708,04,6,080708,distrito,SAN MIGUEL DE MAYOCC,alcalde_distrital,regidor_distrital,5,conteo_candidatos_erm2026,,False,,,,,normal
04-080709,04,6,080709,distrito,SAN PEDRO DE CORIS,alcalde_distrital,regidor_distrital,5,conteo_candidatos_erm2026,,False,,,,,normal
04-080710,04,6,080710,distrito,PACHAMARCA,alcalde_distrital,regidor_distrital,5,conteo_candidatos_erm2026,,False,,,,,normal
04-080711,04,6,080711,distrito,COSME,alcalde_distrital,regidor_distrital,5,conteo_candidatos_erm2026,,False,,,,,normal
04-090102,04,6,090102,distrito,CHINCHAO,alcalde_distrital,regidor_distrital,5,conteo_candidatos_erm2026,,False,,,,,normal
04-090103,04,6,090103,distrito,CHURUBAMBA,alcalde_distrital,regidor_distrital,5,conteo_candidatos_erm2026,,False,,,,,normal
04-090104,04,6,090104,distrito,MARGOS,alcalde_distrital,regidor_distrital,5,conteo_candidatos_erm2026,,False,,,,,normal
04-090105,04,6,090105,distrito,QUISQUI,alcalde_distrital,regidor_distrital,5,conteo_candidatos_erm2026,,False,,,,,normal
04-090106,04,6,090106,distrito,SAN FRANCISCO DE CAYRAN,alcalde_distrital,regidor_distrital,5,conteo_candidatos_erm2026,,False,,,,,normal
04-090107,04,6,090107,distrito,SAN PEDRO DE CHAULAN,alcalde_distrital,regidor_distrital,5,conteo_candidatos_erm2026,,False,,,,,normal
04-090108,04,6,090108,distrito,SANTA MARIA DEL VALLE,alcalde_distrital,regidor_distrital,5,conteo_candidatos_erm2026,,False,,,,,normal
04-090109,04,6,090109,distrito,YARUMAYO,alcalde_distrital,regidor_distrital,5,conteo_candidatos_erm2026,,False,,,,,normal
04-090110,04,6,090110,distrito,AMARILIS,alcalde_distrital,regidor_distrital,9,conteo_candidatos_erm2026,,False,,,,,normal
04-090111,04,6,090111,distrito,PILLCO MARCA,alcalde_distrital,regidor_distrital,9,conteo_candidatos_erm2026,,False,,,,,normal
04-090112,04,6,090112,distrito,YACUS,alcalde_distrital,regidor_distrital,5,conteo_candidatos_erm2026,,False,,,,,normal
04-090113,04,6,090113,distrito,SAN PABLO DE PILLAO,alcalde_distrital,regidor_distrital,5,conteo_candidatos_erm2026,,False,,,,,normal
04-090202,04,6,090202,distrito,CAYNA,alcalde_distrital,regidor_distrital,5,conteo_candidatos_erm2026,,False,,,,,normal
04-090203,04,6,090203,distrito,COLPAS,alcalde_distrital,regidor_distrital,5,conteo_candidatos_erm2026,,False,,,,,normal
04-090204,04,6,090204,distrito,CONCHAMARCA,alcalde_distrital,regidor_distrital,5,conteo_candidatos_erm2026,,False,,,,,normal
04-090205,04,6,090205,distrito,HUACAR,alcalde_distrital,regidor_distrital,5,conteo_candidatos_erm2026,,False,,,,,normal
04-090206,04,6,090206,distrito,SAN FRANCISCO,alcalde_distrital,regidor_distrital,5,conteo_candidatos_erm2026,,False,,,,,normal
04-090207,04,6,090207,distrito,SAN RAFAEL,alcalde_distrital,regidor_distrital,5,conteo_candidatos_erm2026,,False,,,,,normal
04-090208,04,6,090208,distrito,TOMAY-KICHWA,alcalde_distrital,regidor_distrital,5,conteo_candidatos_erm2026,,False,,,,,normal
04-090307,04,6,090307,distrito,CHUQUIS,alcalde_distrital,regidor_distrital,5,conteo_candidatos_erm2026,,False,,,,,normal
04-090312,04,6,090312,distrito,MARIAS,alcalde_distrital,regidor_distrital,5,conteo_candidatos_erm2026,,False,,,,,normal
04-090314,04,6,090314,distrito,PACHAS,alcalde_distrital,regidor_distrital,5,conteo_candidatos_erm2026,,False,,,,,normal
04-090316,04,6,090316,distrito,QUIVILLA,alcalde_distrital,regidor_distrital,5,conteo_candidatos_erm2026,,False,,,,,normal
04-090317,04,6,090317,distrito,RIPAN,alcalde_distrital,regidor_distrital,5,conteo_candidatos_erm2026,,False,,,,,normal
04-090321,04,6,090321,distrito,SHUNQUI,alcalde_distrital,regidor_distrital,5,conteo_candidatos_erm2026,,False,,,,,normal
04-090322,04,6,090322,distrito,SILLAPATA,alcalde_distrital,regidor_distrital,5,conteo_candidatos_erm2026,,False,,,,,normal
04-090323,04,6,090323,distrito,YANAS,alcalde_distrital,regidor_distrital,5,conteo_candidatos_erm2026,,False,,,,,normal
04-090402,04,6,090402,distrito,ARANCAY,alcalde_distrital,regidor_distrital,5,conteo_candidatos_erm2026,,False,,,,,normal
04-090403,04,6,090403,distrito,CHAVIN DE PARIARCA,alcalde_distrital,regidor_distrital,5,conteo_candidatos_erm2026,,False,,,,,normal
04-090404,04,6,090404,distrito,JACAS GRANDE,alcalde_distrital,regidor_distrital,5,conteo_candidatos_erm2026,,False,,,,,normal
04-090405,04,6,090405,distrito,JIRCAN,alcalde_distrital,regidor_distrital,5,conteo_candidatos_erm2026,,False,,,,,normal
04-090406,04,6,090406,distrito,MIRAFLORES,alcalde_distrital,regidor_distrital,5,conteo_candidatos_erm2026,,False,,,,,normal
04-090407,04,6,090407,distrito,MONZON,alcalde_distrital,regidor_distrital,5,conteo_candidatos_erm2026,,False,,,,,normal
04-090408,04,6,090408,distrito,PUNCHAO,alcalde_distrital,regidor_distrital,5,conteo_candidatos_erm2026,,False,,,,,normal
04-090409,04,6,090409,distrito,PUÑOS,alcalde_distrital,regidor_distrital,5,conteo_candidatos_erm2026,,False,,,,,normal
04-090410,04,6,090410,distrito,SINGA,alcalde_distrital,regidor_distrital,5,conteo_candidatos_erm2026,,False,,,,,normal
04-090411,04,6,090411,distrito,TANTAMAYO,alcalde_distrital,regidor_distrital,5,conteo_candidatos_erm2026,,False,,,,,normal
04-090502,04,6,090502,distrito,CHOLON,alcalde_distrital,regidor_distrital,5,conteo_candidatos_erm2026,,False,,,,,normal
04-090505,04,6,090505,distrito,SAN BUENAVENTURA,alcalde_distrital,regidor_distrital,5,conteo_candidatos_erm2026,,False,,,,,normal
04-090506,04,6,090506,distrito,LA MORADA,alcalde_distrital,regidor_distrital,5,conteo_candidatos_erm2026,,False,,,,,normal
04-090507,04,6,090507,distrito,SANTA ROSA DE ALTO YANAJANCA,alcalde_distrital,regidor_distrital,5,conteo_candidatos_erm2026,,False,,,,,normal
04-090602,04,6,090602,distrito,DANIEL ALOMIA ROBLES,alcalde_distrital,regidor_distrital,5,conteo_candidatos_erm2026,,False,,,,,normal
04-090603,04,6,090603,distrito,HERMILIO VALDIZAN,alcalde_distrital,regidor_distrital,5,conteo_candidatos_erm2026,,False,,,,,normal
04-090604,04,6,090604,distrito,LUYANDO,alcalde_distrital,regidor_distrital,5,conteo_candidatos_erm2026,,False,,,,,normal
04-090605,04,6,090605,distrito,MARIANO DAMASO BERAUN,alcalde_distrital,regidor_distrital,5,conteo_candidatos_erm2026,,False,,,,,normal
04-090606,04,6,090606,distrito,JOSE CRESPO Y CASTILLO,alcalde_distrital,regidor_distrital,5,conteo_candidatos_erm2026,,False,,,,,normal
04-090607,04,6,090607,distrito,PUCAYACU,alcalde_distrital,regidor_distrital,5,conteo_candidatos_erm2026,,False,,,,,normal
04-090608,04,6,090608,distrito,CASTILLO GRANDE,alcalde_distrital,regidor_distrital,5,conteo_candidatos_erm2026,,False,,,,,normal
04-090609,04,6,090609,distrito,PUEBLO NUEVO,alcalde_distrital,regidor_distrital,5,conteo_candidatos_erm2026,,False,,,,,normal
04-090610,04,6,090610,distrito,SANTO DOMINGO DE ANDA,alcalde_distrital,regidor_distrital,5,conteo_candidatos_erm2026,,False,,,,,normal
04-090702,04,6,090702,distrito,CHAGLLA,alcalde_distrital,regidor_distrital,5,conteo_candidatos_erm2026,,False,,,,,normal
04-090704,04,6,090704,distrito,MOLINO,alcalde_distrital,regidor_distrital,5,conteo_candidatos_erm2026,,False,,,,,normal
04-090706,04,6,090706,distrito,UMARI,alcalde_distrital,regidor_distrital,5,conteo_candidatos_erm2026,,False,,,,,normal
04-090801,04,6,090801,distrito,HONORIA,alcalde_distrital,regidor_distrital,5,conteo_candidatos_erm2026,,False,,,,,normal
04-090803,04,6,090803,distrito,CODO DEL POZUZO,alcalde_distrital,regidor_distrital,5,conteo_candidatos_erm2026,,False,,,,,normal
04-090804,04,6,090804,distrito,TOURNAVISTA,alcalde_distrital,regidor_distrital,5,conteo_candidatos_erm2026,,False,,,,,normal
04-090805,04,6,090805,distrito,YUYAPICHIS,alcalde_distrital,regidor_distrital,5,conteo_candidatos_erm2026,,False,,,,,normal
04-090902,04,6,090902,distrito,PINRA,alcalde_distrital,regidor_distrital,5,conteo_candidatos_erm2026,,False,,,,,normal
04-090903,04,6,090903,distrito,CANCHABAMBA,alcalde_distrital,regidor_distrital,5,conteo_candidatos_erm2026,,False,,,,,normal
04-090904,04,6,090904,distrito,COCHABAMBA,alcalde_distrital,regidor_distrital,5,conteo_candidatos_erm2026,,False,,,,,normal
04-091002,04,6,091002,distrito,BAÑOS,alcalde_distrital,regidor_distrital,5,conteo_candidatos_erm2026,,False,,,,,normal
04-091003,04,6,091003,distrito,SAN FRANCISCO DE ASIS,alcalde_distrital,regidor_distrital,5,conteo_candidatos_erm2026,,False,,,,,normal
04-091004,04,6,091004,distrito,QUEROPALCA,alcalde_distrital,regidor_distrital,5,conteo_candidatos_erm2026,,False,,,,,normal
04-091005,04,6,091005,distrito,SAN MIGUEL DE CAURI,alcalde_distrital,regidor_distrital,5,conteo_candidatos_erm2026,,False,,,,,normal
04-091006,04,6,091006,distrito,RONDOS,alcalde_distrital,regidor_distrital,5,conteo_candidatos_erm2026,,False,,,,,normal
04-091007,04,6,091007,distrito,JIVIA,alcalde_distrital,regidor_distrital,5,conteo_candidatos_erm2026,,False,,,,,normal
04-091102,04,6,091102,distrito,APARICIO POMARES,alcalde_distrital,regidor_distrital,5,conteo_candidatos_erm2026,,False,,,,,normal
04-091103,04,6,091103,distrito,CAHUAC,alcalde_distrital,regidor_distrital,5,conteo_candidatos_erm2026,,False,,,,,normal
04-091104,04,6,091104,distrito,CHACABAMBA,alcalde_distrital,regidor_distrital,5,conteo_candidatos_erm2026,,False,,,,,normal
04-091105,04,6,091105,distrito,JACAS CHICO,alcalde_distrital,regidor_distrital,5,conteo_candidatos_erm2026,,False,,,,,normal
04-091106,04,6,091106,distrito,OBAS,alcalde_distrital,regidor_distrital,5,conteo_candidatos_erm2026,,False,,,,,normal
04-091107,04,6,091107,distrito,PAMPAMARCA,alcalde_distrital,regidor_distrital,5,conteo_candidatos_erm2026,,False,,,,,normal
04-091108,04,6,091108,distrito,CHORAS,alcalde_distrital,regidor_distrital,5,conteo_candidatos_erm2026,,False,,,,,normal
04-100102,04,6,100102,distrito,LA TINGUIÑA,alcalde_distrital,regidor_distrital,9,conteo_candidatos_erm2026,,False,,,,,normal
04-100103,04,6,100103,distrito,LOS AQUIJES,alcalde_distrital,regidor_distrital,7,conteo_candidatos_erm2026,,False,,,,,normal
04-100104,04,6,100104,distrito,PARCONA,alcalde_distrital,regidor_distrital,9,conteo_candidatos_erm2026,,False,,,,,normal
04-100105,04,6,100105,distrito,PUEBLO NUEVO,alcalde_distrital,regidor_distrital,5,conteo_candidatos_erm2026,,False,,,,,normal
04-100106,04,6,100106,distrito,SALAS,alcalde_distrital,regidor_distrital,7,conteo_candidatos_erm2026,,False,,,,,normal
04-100107,04,6,100107,distrito,SAN JOSE DE LOS MOLINOS,alcalde_distrital,regidor_distrital,5,conteo_candidatos_erm2026,,False,,,,,normal
04-100108,04,6,100108,distrito,SAN JUAN BAUTISTA,alcalde_distrital,regidor_distrital,5,conteo_candidatos_erm2026,,False,,,,,normal
04-100109,04,6,100109,distrito,SANTIAGO,alcalde_distrital,regidor_distrital,7,conteo_candidatos_erm2026,,False,,,,,normal
04-100110,04,6,100110,distrito,SUBTANJALLA,alcalde_distrital,regidor_distrital,7,conteo_candidatos_erm2026,,False,,,,,normal
04-100111,04,6,100111,distrito,YAUCA DEL ROSARIO,alcalde_distrital,regidor_distrital,5,conteo_candidatos_erm2026,,False,,,,,normal
04-100112,04,6,100112,distrito,TATE,alcalde_distrital,regidor_distrital,5,conteo_candidatos_erm2026,,False,,,,,normal
04-100113,04,6,100113,distrito,PACHACUTEC,alcalde_distrital,regidor_distrital,5,conteo_candidatos_erm2026,,False,,,,,normal
04-100114,04,6,100114,distrito,OCUCAJE,alcalde_distrital,regidor_distrital,5,conteo_candidatos_erm2026,,False,,,,,normal
04-100202,04,6,100202,distrito,CHAVIN,alcalde_distrital,regidor_distrital,5,conteo_candidatos_erm2026,,False,,,,,normal
04-100203,04,6,100203,distrito,CHINCHA BAJA,alcalde_distrital,regidor_distrital,5,conteo_candidatos_erm2026,,False,,,,,normal
04-100204,04,6,100204,distrito,EL CARMEN,alcalde_distrital,regidor_distrital,5,conteo_candidatos_erm2026,,False,,,,,normal
04-100205,04,6,100205,distrito,GROCIO PRADO,alcalde_distrital,regidor_distrital,7,conteo_candidatos_erm2026,,False,,,,,normal
04-100206,04,6,100206,distrito,SAN PEDRO DE HUACARPANA,alcalde_distrital,regidor_distrital,5,conteo_candidatos_erm2026,,False,,,,,normal
04-100207,04,6,100207,distrito,SUNAMPE,alcalde_distrital,regidor_distrital,7,conteo_candidatos_erm2026,,False,,,,,normal
04-100208,04,6,100208,distrito,TAMBO DE MORA,alcalde_distrital,regidor_distrital,5,conteo_candidatos_erm2026,,False,,,,,normal
04-100209,04,6,100209,distrito,ALTO LARAN,alcalde_distrital,regidor_distrital,5,conteo_candidatos_erm2026,,False,,,,,normal
04-100210,04,6,100210,distrito,PUEBLO NUEVO,alcalde_distrital,regidor_distrital,9,conteo_candidatos_erm2026,,False,,,,,normal
04-100211,04,6,100211,distrito,SAN JUAN DE YANAC,alcalde_distrital,regidor_distrital,5,conteo_candidatos_erm2026,,False,,,,,normal
04-100302,04,6,100302,distrito,CHANGUILLO,alcalde_distrital,regidor_distrital,5,conteo_candidatos_erm2026,,False,,,,,normal
04-100303,04,6,100303,distrito,EL INGENIO,alcalde_distrital,regidor_distrital,5,conteo_candidatos_erm2026,,False,,,,,normal
04-100304,04,6,100304,distrito,MARCONA,alcalde_distrital,regidor_distrital,5,conteo_candidatos_erm2026,,False,,,,,normal
04-100305,04,6,100305,distrito,VISTA ALEGRE,alcalde_distrital,regidor_distrital,7,conteo_candidatos_erm2026,,False,,,,,normal
04-100402,04,6,100402,distrito,HUANCANO,alcalde_distrital,regidor_distrital,5,conteo_candidatos_erm2026,,False,,,,,normal
04-100403,04,6,100403,distrito,HUMAY,alcalde_distrital,regidor_distrital,5,conteo_candidatos_erm2026,,False,,,,,normal
04-100404,04,6,100404,distrito,INDEPENDENCIA,alcalde_distrital,regidor_distrital,5,conteo_candidatos_erm2026,,False,,,,,normal
04-100405,04,6,100405,distrito,PARACAS,alcalde_distrital,regidor_distrital,5,conteo_candidatos_erm2026,,False,,,,,normal
04-100406,04,6,100406,distrito,SAN ANDRES,alcalde_distrital,regidor_distrital,5,conteo_candidatos_erm2026,,False,,,,,normal
04-100407,04,6,100407,distrito,SAN CLEMENTE,alcalde_distrital,regidor_distrital,7,conteo_candidatos_erm2026,,False,,,,,normal
04-100408,04,6,100408,distrito,TUPAC AMARU INCA,alcalde_distrital,regidor_distrital,5,conteo_candidatos_erm2026,,False,,,,,normal
04-100502,04,6,100502,distrito,LLIPATA,alcalde_distrital,regidor_distrital,5,conteo_candidatos_erm2026,,False,,,,,normal
04-100503,04,6,100503,distrito,RIO GRANDE,alcalde_distrital,regidor_distrital,5,conteo_candidatos_erm2026,,False,,,,,normal
04-100504,04,6,100504,distrito,SANTA CRUZ,alcalde_distrital,regidor_distrital,5,conteo_candidatos_erm2026,,False,,,,,normal
04-100505,04,6,100505,distrito,TIBILLO,alcalde_distrital,regidor_distrital,5,conteo_candidatos_erm2026,,False,,,,,normal
04-110103,04,6,110103,distrito,CARHUACALLANGA,alcalde_distrital,regidor_distrital,5,conteo_candidatos_erm2026,,False,,,,,normal
04-110104,04,6,110104,distrito,COLCA,alcalde_distrital,regidor_distrital,5,conteo_candidatos_erm2026,,False,,,,,normal
04-110105,04,6,110105,distrito,CULLHUAS,alcalde_distrital,regidor_distrital,5,conteo_candidatos_erm2026,,False,,,,,normal
04-110106,04,6,110106,distrito,CHACAPAMPA,alcalde_distrital,regidor_distrital,5,conteo_candidatos_erm2026,,False,,,,,normal
04-110107,04,6,110107,distrito,CHICCHE,alcalde_distrital,regidor_distrital,5,conteo_candidatos_erm2026,,False,,,,,normal
04-110108,04,6,110108,distrito,CHILCA,alcalde_distrital,regidor_distrital,11,conteo_candidatos_erm2026,,False,,,,,normal
04-110109,04,6,110109,distrito,CHONGOS ALTO,alcalde_distrital,regidor_distrital,5,conteo_candidatos_erm2026,,False,,,,,normal
04-110112,04,6,110112,distrito,CHUPURO,alcalde_distrital,regidor_distrital,5,conteo_candidatos_erm2026,,False,,,,,normal
04-110113,04,6,110113,distrito,EL TAMBO,alcalde_distrital,regidor_distrital,11,conteo_candidatos_erm2026,,False,,,,,normal
04-110114,04,6,110114,distrito,HUACRAPUQUIO,alcalde_distrital,regidor_distrital,5,conteo_candidatos_erm2026,,False,,,,,normal
04-110116,04,6,110116,distrito,HUALHUAS,alcalde_distrital,regidor_distrital,5,conteo_candidatos_erm2026,,False,,,,,normal
04-110118,04,6,110118,distrito,HUANCAN,alcalde_distrital,regidor_distrital,7,conteo_candidatos_erm2026,,False,,,,,normal
04-110119,04,6,110119,distrito,HUASICANCHA,alcalde_distrital,regidor_distrital,5,conteo_candidatos_erm2026,,False,,,,,normal
04-110120,04,6,110120,distrito,HUAYUCACHI,alcalde_distrital,regidor_distrital,5,conteo_candidatos_erm2026,,False,,,,,normal
04-110121,04,6,110121,distrito,INGENIO,alcalde_distrital,regidor_distrital,5,conteo_candidatos_erm2026,,False,,,,,normal
04-110122,04,6,110122,distrito,PARIAHUANCA,alcalde_distrital,regidor_distrital,5,conteo_candidatos_erm2026,,False,,,,,normal
04-110123,04,6,110123,distrito,PILCOMAYO,alcalde_distrital,regidor_distrital,7,conteo_candidatos_erm2026,,False,,,,,normal
04-110124,04,6,110124,distrito,PUCARA,alcalde_distrital,regidor_distrital,5,conteo_candidatos_erm2026,,False,,,,,normal
04-110125,04,6,110125,distrito,QUICHUAY,alcalde_distrital,regidor_distrital,5,conteo_candidatos_erm2026,,False,,,,,normal
04-110126,04,6,110126,distrito,QUILCAS,alcalde_distrital,regidor_distrital,5,conteo_candidatos_erm2026,,False,,,,,normal
04-110127,04,6,110127,distrito,SAN AGUSTIN,alcalde_distrital,regidor_distrital,5,conteo_candidatos_erm2026,,False,,,,,normal
04-110128,04,6,110128,distrito,SAN JERONIMO DE TUNAN,alcalde_distrital,regidor_distrital,5,conteo_candidatos_erm2026,,False,,,,,normal
04-110131,04,6,110131,distrito,SANTO DOMINGO DE ACOBAMBA,alcalde_distrital,regidor_distrital,5,conteo_candidatos_erm2026,,False,,,,,normal
04-110132,04,6,110132,distrito,SAÑO,alcalde_distrital,regidor_distrital,5,conteo_candidatos_erm2026,,False,,,,,normal
04-110133,04,6,110133,distrito,SAPALLANGA,alcalde_distrital,regidor_distrital,7,conteo_candidatos_erm2026,,False,,,,,normal
04-110134,04,6,110134,distrito,SICAYA,alcalde_distrital,regidor_distrital,7,conteo_candidatos_erm2026,,False,,,,,normal
04-110136,04,6,110136,distrito,VIQUES,alcalde_distrital,regidor_distrital,5,conteo_candidatos_erm2026,,False,,,,,normal
04-110202,04,6,110202,distrito,ACO,alcalde_distrital,regidor_distrital,5,conteo_candidatos_erm2026,,False,,,,,normal
04-110203,04,6,110203,distrito,ANDAMARCA,alcalde_distrital,regidor_distrital,5,conteo_candidatos_erm2026,,False,,,,,normal
04-110204,04,6,110204,distrito,COMAS,alcalde_distrital,regidor_distrital,5,conteo_candidatos_erm2026,,False,,,,,normal
04-110205,04,6,110205,distrito,COCHAS,alcalde_distrital,regidor_distrital,5,conteo_candidatos_erm2026,,False,,,,,normal
04-110206,04,6,110206,distrito,CHAMBARA,alcalde_distrital,regidor_distrital,5,conteo_candidatos_erm2026,,False,,,,,normal
04-110207,04,6,110207,distrito,HEROINAS TOLEDO,alcalde_distrital,regidor_distrital,5,conteo_candidatos_erm2026,,False,,,,,normal
04-110208,04,6,110208,distrito,MANZANARES,alcalde_distrital,regidor_distrital,5,conteo_candidatos_erm2026,,False,,,,,normal
04-110209,04,6,110209,distrito,MARISCAL CASTILLA,alcalde_distrital,regidor_distrital,5,conteo_candidatos_erm2026,,False,,,,,normal
04-110210,04,6,110210,distrito,MATAHUASI,alcalde_distrital,regidor_distrital,5,conteo_candidatos_erm2026,,False,,,,,normal
04-110211,04,6,110211,distrito,MITO,alcalde_distrital,regidor_distrital,5,conteo_candidatos_erm2026,,False,,,,,normal
04-110212,04,6,110212,distrito,NUEVE DE JULIO,alcalde_distrital,regidor_distrital,5,conteo_candidatos_erm2026,,False,,,,,normal
04-110213,04,6,110213,distrito,ORCOTUNA,alcalde_distrital,regidor_distrital,5,conteo_candidatos_erm2026,,False,,,,,normal
04-110214,04,6,110214,distrito,SANTA ROSA DE OCOPA,alcalde_distrital,regidor_distrital,5,conteo_candidatos_erm2026,,False,,,,,normal
04-110215,04,6,110215,distrito,SAN JOSE DE QUERO,alcalde_distrital,regidor_distrital,5,conteo_candidatos_erm2026,,False,,,,,normal
04-110302,04,6,110302,distrito,ACOLLA,alcalde_distrital,regidor_distrital,5,conteo_candidatos_erm2026,,False,,,,,normal
04-110303,04,6,110303,distrito,APATA,alcalde_distrital,regidor_distrital,5,conteo_candidatos_erm2026,,False,,,,,normal
04-110304,04,6,110304,distrito,ATAURA,alcalde_distrital,regidor_distrital,5,conteo_candidatos_erm2026,,False,,,,,normal
04-110305,04,6,110305,distrito,CANCHAYLLO,alcalde_distrital,regidor_distrital,5,conteo_candidatos_erm2026,,False,,,,,normal
04-110306,04,6,110306,distrito,EL MANTARO,alcalde_distrital,regidor_distrital,5,conteo_candidatos_erm2026,,False,,,,,normal
04-110307,04,6,110307,distrito,HUAMALI,alcalde_distrital,regidor_distrital,5,conteo_candidatos_erm2026,,False,,,,,normal
04-110308,04,6,110308,distrito,HUARIPAMPA,alcalde_distrital,regidor_distrital,5,conteo_candidatos_erm2026,,False,,,,,normal
04-110309,04,6,110309,distrito,HUERTAS,alcalde_distrital,regidor_distrital,5,conteo_candidatos_erm2026,,False,,,,,normal
04-110310,04,6,110310,distrito,JANJAILLO,alcalde_distrital,regidor_distrital,5,conteo_candidatos_erm2026,,False,,,,,normal
04-110311,04,6,110311,distrito,JULCAN,alcalde_distrital,regidor_distrital,5,conteo_candidatos_erm2026,,False,,,,,normal
04-110312,04,6,110312,distrito,LEONOR ORDOÑEZ,alcalde_distrital,regidor_distrital,5,conteo_candidatos_erm2026,,False,,,,,normal
04-110313,04,6,110313,distrito,LLOCLLAPAMPA,alcalde_distrital,regidor_distrital,5,conteo_candidatos_erm2026,,False,,,,,normal
04-110314,04,6,110314,distrito,MARCO,alcalde_distrital,regidor_distrital,5,conteo_candidatos_erm2026,,False,,,,,normal
04-110315,04,6,110315,distrito,MASMA,alcalde_distrital,regidor_distrital,5,conteo_candidatos_erm2026,,False,,,,,normal
04-110316,04,6,110316,distrito,MOLINOS,alcalde_distrital,regidor_distrital,5,conteo_candidatos_erm2026,,False,,,,,normal
04-110317,04,6,110317,distrito,MONOBAMBA,alcalde_distrital,regidor_distrital,5,conteo_candidatos_erm2026,,False,,,,,normal
04-110318,04,6,110318,distrito,MUQUI,alcalde_distrital,regidor_distrital,5,conteo_candidatos_erm2026,,False,,,,,normal
04-110319,04,6,110319,distrito,MUQUIYAUYO,alcalde_distrital,regidor_distrital,5,conteo_candidatos_erm2026,,False,,,,,normal
04-110320,04,6,110320,distrito,PACA,alcalde_distrital,regidor_distrital,5,conteo_candidatos_erm2026,,False,,,,,normal
04-110321,04,6,110321,distrito,PACCHA,alcalde_distrital,regidor_distrital,5,conteo_candidatos_erm2026,,False,,,,,normal
04-110322,04,6,110322,distrito,PANCAN,alcalde_distrital,regidor_distrital,5,conteo_candidatos_erm2026,,False,,,,,normal
04-110323,04,6,110323,distrito,PARCO,alcalde_distrital,regidor_distrital,5,conteo_candidatos_erm2026,,False,,,,,normal
04-110324,04,6,110324,distrito,POMACANCHA,alcalde_distrital,regidor_distrital,5,conteo_candidatos_erm2026,,False,,,,,normal
04-110325,04,6,110325,distrito,RICRAN,alcalde_distrital,regidor_distrital,5,conteo_candidatos_erm2026,,False,,,,,normal
04-110326,04,6,110326,distrito,SAN LORENZO,alcalde_distrital,regidor_distrital,5,conteo_candidatos_erm2026,,False,,,,,normal
04-110327,04,6,110327,distrito,SAN PEDRO DE CHUNAN,alcalde_distrital,regidor_distrital,5,conteo_candidatos_erm2026,,False,,,,,normal
04-110328,04,6,110328,distrito,SINCOS,alcalde_distrital,regidor_distrital,5,conteo_candidatos_erm2026,,False,,,,,normal
04-110329,04,6,110329,distrito,TUNAN MARCA,alcalde_distrital,regidor_distrital,5,conteo_candidatos_erm2026,,False,,,,,normal
04-110330,04,6,110330,distrito,YAULI,alcalde_distrital,regidor_distrital,5,conteo_candidatos_erm2026,,False,,,,,normal
04-110331,04,6,110331,distrito,CURICACA,alcalde_distrital,regidor_distrital,5,conteo_candidatos_erm2026,,False,,,,,normal
04-110332,04,6,110332,distrito,MASMA CHICCHE,alcalde_distrital,regidor_distrital,5,conteo_candidatos_erm2026,,False,,,,,normal
04-110333,04,6,110333,distrito,SAUSA,alcalde_distrital,regidor_distrital,5,conteo_candidatos_erm2026,,False,,,,,normal
04-110334,04,6,110334,distrito,YAUYOS,alcalde_distrital,regidor_distrital,5,conteo_candidatos_erm2026,,False,,,,,normal
04-110402,04,6,110402,distrito,CARHUAMAYO,alcalde_distrital,regidor_distrital,5,conteo_candidatos_erm2026,,False,,,,,normal
04-110403,04,6,110403,distrito,ONDORES,alcalde_distrital,regidor_distrital,5,conteo_candidatos_erm2026,,False,,,,,normal
04-110404,04,6,110404,distrito,ULCUMAYO,alcalde_distrital,regidor_distrital,5,conteo_candidatos_erm2026,,False,,,,,normal
04-110502,04,6,110502,distrito,ACOBAMBA,alcalde_distrital,regidor_distrital,5,conteo_candidatos_erm2026,,False,,,,,normal
04-110503,04,6,110503,distrito,HUARICOLCA,alcalde_distrital,regidor_distrital,5,conteo_candidatos_erm2026,,False,,,,,normal
04-110504,04,6,110504,distrito,HUASAHUASI,alcalde_distrital,regidor_distrital,5,conteo_candidatos_erm2026,,False,,,,,normal
04-110505,04,6,110505,distrito,LA UNION,alcalde_distrital,regidor_distrital,5,conteo_candidatos_erm2026,,False,,,,,normal
04-110506,04,6,110506,distrito,PALCA,alcalde_distrital,regidor_distrital,5,conteo_candidatos_erm2026,,False,,,,,normal
04-110507,04,6,110507,distrito,PALCAMAYO,alcalde_distrital,regidor_distrital,5,conteo_candidatos_erm2026,,False,,,,,normal
04-110508,04,6,110508,distrito,SAN PEDRO DE CAJAS,alcalde_distrital,regidor_distrital,5,conteo_candidatos_erm2026,,False,,,,,normal
04-110509,04,6,110509,distrito,TAPO,alcalde_distrital,regidor_distrital,5,conteo_candidatos_erm2026,,False,,,,,normal
04-110602,04,6,110602,distrito,CHACAPALPA,alcalde_distrital,regidor_distrital,5,conteo_candidatos_erm2026,,False,,,,,normal
04-110603,04,6,110603,distrito,HUAY HUAY,alcalde_distrital,regidor_distrital,5,conteo_candidatos_erm2026,,False,,,,,normal
04-110604,04,6,110604,distrito,MARCAPOMACOCHA,alcalde_distrital,regidor_distrital,5,conteo_candidatos_erm2026,,False,,,,,normal
04-110605,04,6,110605,distrito,MOROCOCHA,alcalde_distrital,regidor_distrital,5,conteo_candidatos_erm2026,,False,,,,,normal
04-110606,04,6,110606,distrito,PACCHA,alcalde_distrital,regidor_distrital,5,conteo_candidatos_erm2026,,False,,,,,normal
04-110607,04,6,110607,distrito,SANTA BARBARA DE CARHUACAYAN,alcalde_distrital,regidor_distrital,5,conteo_candidatos_erm2026,,False,,,,,normal
04-110608,04,6,110608,distrito,SUITUCANCHA,alcalde_distrital,regidor_distrital,5,conteo_candidatos_erm2026,,False,,,,,normal
04-110609,04,6,110609,distrito,YAULI,alcalde_distrital,regidor_distrital,5,conteo_candidatos_erm2026,,False,,,,,normal
04-110610,04,6,110610,distrito,SANTA ROSA DE SACCO,alcalde_distrital,regidor_distrital,5,conteo_candidatos_erm2026,,False,,,,,normal
04-110702,04,6,110702,distrito,COVIRIALI,alcalde_distrital,regidor_distrital,5,conteo_candidatos_erm2026,,False,,,,,normal
04-110703,04,6,110703,distrito,LLAYLLA,alcalde_distrital,regidor_distrital,5,conteo_candidatos_erm2026,,False,,,,,normal
04-110704,04,6,110704,distrito,MAZAMARI,alcalde_distrital,regidor_distrital,7,conteo_candidatos_erm2026,,False,,,,,normal
04-110705,04,6,110705,distrito,PAMPA HERMOSA,alcalde_distrital,regidor_distrital,5,conteo_candidatos_erm2026,,False,,,,,normal
04-110706,04,6,110706,distrito,PANGOA,alcalde_distrital,regidor_distrital,9,conteo_candidatos_erm2026,,False,,,,,normal
04-110707,04,6,110707,distrito,RIO NEGRO,alcalde_distrital,regidor_distrital,7,conteo_candidatos_erm2026,,False,,,,,normal
04-110708,04,6,110708,distrito,RIO TAMBO,alcalde_distrital,regidor_distrital,7,conteo_candidatos_erm2026,,False,,,,,normal
04-110709,04,6,110709,distrito,VIZCATAN DEL ENE,alcalde_distrital,regidor_distrital,5,conteo_candidatos_erm2026,,False,,,,,normal
04-110802,04,6,110802,distrito,SAN RAMON,alcalde_distrital,regidor_distrital,7,conteo_candidatos_erm2026,,False,,,,,normal
04-110803,04,6,110803,distrito,VITOC,alcalde_distrital,regidor_distrital,5,conteo_candidatos_erm2026,,False,,,,,normal
04-110804,04,6,110804,distrito,SAN LUIS DE SHUARO,alcalde_distrital,regidor_distrital,5,conteo_candidatos_erm2026,,False,,,,,normal
04-110805,04,6,110805,distrito,PICHANAQUI,alcalde_distrital,regidor_distrital,7,conteo_candidatos_erm2026,,False,,,,,normal
04-110806,04,6,110806,distrito,PERENE,alcalde_distrital,regidor_distrital,9,conteo_candidatos_erm2026,,False,,,,,normal
04-110902,04,6,110902,distrito,AHUAC,alcalde_distrital,regidor_distrital,5,conteo_candidatos_erm2026,,False,,,,,normal
04-110903,04,6,110903,distrito,CHONGOS BAJO,alcalde_distrital,regidor_distrital,5,conteo_candidatos_erm2026,,False,,,,,normal
04-110904,04,6,110904,distrito,HUACHAC,alcalde_distrital,regidor_distrital,5,conteo_candidatos_erm2026,,False,,,,,normal
04-110905,04,6,110905,distrito,HUAMANCACA CHICO,alcalde_distrital,regidor_distrital,5,conteo_candidatos_erm2026,,False,,,,,normal
04-110906,04,6,110906,distrito,SAN JUAN DE ISCOS,alcalde_distrital,regidor_distrital,5,conteo_candidatos_erm2026,,False,,,,,normal
04-110907,04,6,110907,distrito,SAN JUAN DE JARPA,alcalde_distrital,regidor_distrital,5,conteo_candidatos_erm2026,,False,,,,,normal
04-110908,04,6,110908,distrito,TRES DE DICIEMBRE,alcalde_distrital,regidor_distrital,5,conteo_candidatos_erm2026,,False,,,,,normal
04-110909,04,6,110909,distrito,YANACANCHA,alcalde_distrital,regidor_distrital,5,conteo_candidatos_erm2026,,False,,,,,normal
04-120102,04,6,120102,distrito,HUANCHACO,alcalde_distrital,regidor_distrital,11,conteo_candidatos_erm2026,,False,,,,,normal
04-120103,04,6,120103,distrito,LAREDO,alcalde_distrital,regidor_distrital,9,conteo_candidatos_erm2026,,False,,,,,normal
04-120104,04,6,120104,distrito,MOCHE,alcalde_distrital,regidor_distrital,7,conteo_candidatos_erm2026,,False,,,,,normal
04-120105,04,6,120105,distrito,SALAVERRY,alcalde_distrital,regidor_distrital,7,conteo_candidatos_erm2026,,False,,,,,normal
04-120106,04,6,120106,distrito,SIMBAL,alcalde_distrital,regidor_distrital,5,conteo_candidatos_erm2026,,False,,,,,normal
04-120107,04,6,120107,distrito,VICTOR LARCO HERRERA,alcalde_distrital,regidor_distrital,9,conteo_candidatos_erm2026,,False,,,,,normal
04-120109,04,6,120109,distrito,POROTO,alcalde_distrital,regidor_distrital,5,conteo_candidatos_erm2026,,False,,,,,normal
04-120110,04,6,120110,distrito,EL PORVENIR,alcalde_distrital,regidor_distrital,11,conteo_candidatos_erm2026,,False,,,,,normal
04-120111,04,6,120111,distrito,LA ESPERANZA,alcalde_distrital,regidor_distrital,11,conteo_candidatos_erm2026,,False,,,,,normal
04-120112,04,6,120112,distrito,FLORENCIA DE MORA,alcalde_distrital,regidor_distrital,9,conteo_candidatos_erm2026,,False,,,,,normal
04-120113,04,6,120113,distrito,ALTO TRUJILLO,alcalde_distrital,regidor_distrital,9,conteo_candidatos_erm2026,,False,,,,,normal
04-120202,04,6,120202,distrito,BAMBAMARCA,alcalde_distrital,regidor_distrital,5,conteo_candidatos_erm2026,,False,,,,,normal
04-120203,04,6,120203,distrito,CONDORMARCA,alcalde_distrital,regidor_distrital,5,conteo_candidatos_erm2026,,False,,,,,normal
04-120204,04,6,120204,distrito,LONGOTEA,alcalde_distrital,regidor_distrital,5,conteo_candidatos_erm2026,,False,,,,,normal
04-120205,04,6,120205,distrito,UCUNCHA,alcalde_distrital,regidor_distrital,5,conteo_candidatos_erm2026,,False,,,,,normal
04-120206,04,6,120206,distrito,UCHUMARCA,alcalde_distrital,regidor_distrital,5,conteo_candidatos_erm2026,,False,,,,,normal
04-120302,04,6,120302,distrito,COCHORCO,alcalde_distrital,regidor_distrital,5,conteo_candidatos_erm2026,,False,,,,,normal
04-120303,04,6,120303,distrito,CURGOS,alcalde_distrital,regidor_distrital,5,conteo_candidatos_erm2026,,False,,,,,normal
04-120304,04,6,120304,distrito,CHUGAY,alcalde_distrital,regidor_distrital,5,conteo_candidatos_erm2026,,False,,,,,normal
04-120305,04,6,120305,distrito,MARCABAL,alcalde_distrital,regidor_distrital,5,conteo_candidatos_erm2026,,False,,,,,normal
04-120306,04,6,120306,distrito,SANAGORAN,alcalde_distrital,regidor_distrital,5,conteo_candidatos_erm2026,,False,,,,,normal
04-120307,04,6,120307,distrito,SARIN,alcalde_distrital,regidor_distrital,5,conteo_candidatos_erm2026,,False,,,,,normal
04-120308,04,6,120308,distrito,SARTIMBAMBA,alcalde_distrital,regidor_distrital,5,conteo_candidatos_erm2026,,False,,,,,normal
04-120402,04,6,120402,distrito,AGALLPAMPA,alcalde_distrital,regidor_distrital,5,conteo_candidatos_erm2026,,False,,,,,normal
04-120403,04,6,120403,distrito,CHARAT,alcalde_distrital,regidor_distrital,5,conteo_candidatos_erm2026,,False,,,,,normal
04-120404,04,6,120404,distrito,HUARANCHAL,alcalde_distrital,regidor_distrital,5,conteo_candidatos_erm2026,,False,,,,,normal
04-120405,04,6,120405,distrito,LA CUESTA,alcalde_distrital,regidor_distrital,5,conteo_candidatos_erm2026,,False,,,,,normal
04-120408,04,6,120408,distrito,PARANDAY,alcalde_distrital,regidor_distrital,5,conteo_candidatos_erm2026,,False,,,,,normal
04-120409,04,6,120409,distrito,SALPO,alcalde_distrital,regidor_distrital,5,conteo_candidatos_erm2026,,False,,,,,normal
04-120410,04,6,120410,distrito,SINSICAP,alcalde_distrital,regidor_distrital,5,conteo_candidatos_erm2026,,False,,,,,normal
04-120411,04,6,120411,distrito,USQUIL,alcalde_distrital,regidor_distrital,5,conteo_candidatos_erm2026,,False,,,,,normal
04-120413,04,6,120413,distrito,MACHE,alcalde_distrital,regidor_distrital,5,conteo_candidatos_erm2026,,False,,,,,normal
04-120503,04,6,120503,distrito,GUADALUPE,alcalde_distrital,regidor_distrital,7,conteo_candidatos_erm2026,,False,,,,,normal
04-120504,04,6,120504,distrito,JEQUETEPEQUE,alcalde_distrital,regidor_distrital,5,conteo_candidatos_erm2026,,False,,,,,normal
04-120506,04,6,120506,distrito,PACASMAYO,alcalde_distrital,regidor_distrital,7,conteo_candidatos_erm2026,,False,,,,,normal
04-120508,04,6,120508,distrito,SAN JOSE,alcalde_distrital,regidor_distrital,5,conteo_candidatos_erm2026,,False,,,,,normal
04-120602,04,6,120602,distrito,BULDIBUYO,alcalde_distrital,regidor_distrital,5,conteo_candidatos_erm2026,,False,,,,,normal
04-120603,04,6,120603,distrito,CHILLIA,alcalde_distrital,regidor_distrital,5,conteo_candidatos_erm2026,,False,,,,,normal
04-120604,04,6,120604,distrito,HUAYLILLAS,alcalde_distrital,regidor_distrital,5,conteo_candidatos_erm2026,,False,,,,,normal
04-120605,04,6,120605,distrito,HUANCASPATA,alcalde_distrital,regidor_distrital,5,conteo_candidatos_erm2026,,False,,,,,normal
04-120606,04,6,120606,distrito,HUAYO,alcalde_distrital,regidor_distrital,5,conteo_candidatos_erm2026,,False,,,,,normal
04-120607,04,6,120607,distrito,ONGON,alcalde_distrital,regidor_distrital,5,conteo_candidatos_erm2026,,False,,,,,normal
04-120608,04,6,120608,distrito,PARCOY,alcalde_distrital,regidor_distrital,5,conteo_candidatos_erm2026,,False,,,,,normal
04-120609,04,6,120609,distrito,PATAZ,alcalde_distrital,regidor_distrital,5,conteo_candidatos_erm2026,,False,,,,,normal
04-120610,04,6,120610,distrito,PIAS,alcalde_distrital,regidor_distrital,5,conteo_candidatos_erm2026,,False,,,,,normal
04-120611,04,6,120611,distrito,TAURIJA,alcalde_distrital,regidor_distrital,5,conteo_candidatos_erm2026,,False,,,,,normal
04-120612,04,6,120612,distrito,URPAY,alcalde_distrital,regidor_distrital,5,conteo_candidatos_erm2026,,False,,,,,normal
04-120613,04,6,120613,distrito,SANTIAGO DE CHALLAS,alcalde_distrital,regidor_distrital,5,conteo_candidatos_erm2026,,False,,,,,normal
04-120702,04,6,120702,distrito,CACHICADAN,alcalde_distrital,regidor_distrital,5,conteo_candidatos_erm2026,,False,,,,,normal
04-120703,04,6,120703,distrito,MOLLEBAMBA,alcalde_distrital,regidor_distrital,5,conteo_candidatos_erm2026,,False,,,,,normal
04-120704,04,6,120704,distrito,MOLLEPATA,alcalde_distrital,regidor_distrital,5,conteo_candidatos_erm2026,,False,,,,,normal
04-120705,04,6,120705,distrito,QUIRUVILCA,alcalde_distrital,regidor_distrital,5,conteo_candidatos_erm2026,,False,,,,,normal
04-120706,04,6,120706,distrito,SANTA CRUZ DE CHUCA,alcalde_distrital,regidor_distrital,5,conteo_candidatos_erm2026,,False,,,,,normal
04-120707,04,6,120707,distrito,SITABAMBA,alcalde_distrital,regidor_distrital,5,conteo_candidatos_erm2026,,False,,,,,normal
04-120708,04,6,120708,distrito,ANGASMARCA,alcalde_distrital,regidor_distrital,5,conteo_candidatos_erm2026,,False,,,,,normal
04-120802,04,6,120802,distrito,CHICAMA,alcalde_distrital,regidor_distrital,5,conteo_candidatos_erm2026,,False,,,,,normal
04-120803,04,6,120803,distrito,CHOCOPE,alcalde_distrital,regidor_distrital,5,conteo_candidatos_erm2026,,False,,,,,normal
04-120804,04,6,120804,distrito,SANTIAGO DE CAO,alcalde_distrital,regidor_distrital,5,conteo_candidatos_erm2026,,False,,,,,normal
04-120805,04,6,120805,distrito,MAGDALENA DE CAO,alcalde_distrital,regidor_distrital,5,conteo_candidatos_erm2026,,False,,,,,normal
04-120806,04,6,120806,distrito,PAIJAN,alcalde_distrital,regidor_distrital,7,conteo_candidatos_erm2026,,False,,,,,normal
04-120807,04,6,120807,distrito,RAZURI,alcalde_distrital,regidor_distrital,5,conteo_candidatos_erm2026,,False,,,,,normal
04-120808,04,6,120808,distrito,CASA GRANDE,alcalde_distrital,regidor_distrital,7,conteo_candidatos_erm2026,,False,,,,,normal
04-120902,04,6,120902,distrito,PACANGA,alcalde_distrital,regidor_distrital,7,conteo_candidatos_erm2026,,False,,,,,normal
04-120903,04,6,120903,distrito,PUEBLO NUEVO,alcalde_distrital,regidor_distrital,5,conteo_candidatos_erm2026,,False,,,,,normal
04-121002,04,6,121002,distrito,CARABAMBA,alcalde_distrital,regidor_distrital,5,conteo_candidatos_erm2026,,False,,,,,normal
04-121003,04,6,121003,distrito,CALAMARCA,alcalde_distrital,regidor_distrital,5,conteo_candidatos_erm2026,,False,,,,,normal
04-121004,04,6,121004,distrito,HUASO,alcalde_distrital,regidor_distrital,5,conteo_candidatos_erm2026,,False,,,,,normal
04-121102,04,6,121102,distrito,LUCMA,alcalde_distrital,regidor_distrital,5,conteo_candidatos_erm2026,,False,,,,,normal
04-121103,04,6,121103,distrito,MARMOT,alcalde_distrital,regidor_distrital,5,conteo_candidatos_erm2026,,False,,,,,normal
04-121104,04,6,121104,distrito,SAYAPULLO,alcalde_distrital,regidor_distrital,5,conteo_candidatos_erm2026,,False,,,,,normal
04-121202,04,6,121202,distrito,CHAO,alcalde_distrital,regidor_distrital,7,conteo_candidatos_erm2026,,False,,,,,normal
04-121203,04,6,121203,distrito,GUADALUPITO,alcalde_distrital,regidor_distrital,5,conteo_candidatos_erm2026,,False,,,,,normal
04-130102,04,6,130102,distrito,CHONGOYAPE,alcalde_distrital,regidor_distrital,5,conteo_candidatos_erm2026,,False,,,,,normal
04-130103,04,6,130103,distrito,ETEN,alcalde_distrital,regidor_distrital,5,conteo_candidatos_erm2026,,False,,,,,normal
04-130104,04,6,130104,distrito,ETEN PUERTO,alcalde_distrital,regidor_distrital,5,conteo_candidatos_erm2026,,False,,,,,normal
04-130105,04,6,130105,distrito,LAGUNAS,alcalde_distrital,regidor_distrital,5,conteo_candidatos_erm2026,,False,,,,,normal
04-130106,04,6,130106,distrito,MONSEFU,alcalde_distrital,regidor_distrital,7,conteo_candidatos_erm2026,,False,,,,,normal
04-130107,04,6,130107,distrito,NUEVA ARICA,alcalde_distrital,regidor_distrital,5,conteo_candidatos_erm2026,,False,,,,,normal
04-130108,04,6,130108,distrito,OYOTUN,alcalde_distrital,regidor_distrital,5,conteo_candidatos_erm2026,,False,,,,,normal
04-130109,04,6,130109,distrito,PICSI,alcalde_distrital,regidor_distrital,5,conteo_candidatos_erm2026,,False,,,,,normal
04-130110,04,6,130110,distrito,PIMENTEL,alcalde_distrital,regidor_distrital,9,conteo_candidatos_erm2026,,False,,,,,normal
04-130111,04,6,130111,distrito,REQUE,alcalde_distrital,regidor_distrital,5,conteo_candidatos_erm2026,,False,,,,,normal
04-130112,04,6,130112,distrito,JOSE LEONARDO ORTIZ,alcalde_distrital,regidor_distrital,11,conteo_candidatos_erm2026,,False,,,,,normal
04-130113,04,6,130113,distrito,SANTA ROSA,alcalde_distrital,regidor_distrital,5,conteo_candidatos_erm2026,,False,,,,,normal
04-130114,04,6,130114,distrito,SAÑA,alcalde_distrital,regidor_distrital,5,conteo_candidatos_erm2026,,False,,,,,normal
04-130115,04,6,130115,distrito,LA VICTORIA,alcalde_distrital,regidor_distrital,11,conteo_candidatos_erm2026,,False,,,,,normal
04-130116,04,6,130116,distrito,CAYALTI,alcalde_distrital,regidor_distrital,5,conteo_candidatos_erm2026,,False,,,,,normal
04-130117,04,6,130117,distrito,PATAPO,alcalde_distrital,regidor_distrital,7,conteo_candidatos_erm2026,,False,,,,,normal
04-130118,04,6,130118,distrito,POMALCA,alcalde_distrital,regidor_distrital,7,conteo_candidatos_erm2026,,False,,,,,normal
04-130119,04,6,130119,distrito,PUCALA,alcalde_distrital,regidor_distrital,5,conteo_candidatos_erm2026,,False,,,,,normal
04-130120,04,6,130120,distrito,TUMAN,alcalde_distrital,regidor_distrital,7,conteo_candidatos_erm2026,,False,,,,,normal
04-130202,04,6,130202,distrito,INCAHUASI,alcalde_distrital,regidor_distrital,5,conteo_candidatos_erm2026,,False,,,,,normal
04-130203,04,6,130203,distrito,CAÑARIS,alcalde_distrital,regidor_distrital,5,conteo_candidatos_erm2026,,False,,,,,normal
04-130204,04,6,130204,distrito,PITIPO,alcalde_distrital,regidor_distrital,5,conteo_candidatos_erm2026,,False,,,,,normal
04-130205,04,6,130205,distrito,PUEBLO NUEVO,alcalde_distrital,regidor_distrital,5,conteo_candidatos_erm2026,,False,,,,,normal
04-130206,04,6,130206,distrito,MANUEL ANTONIO MESONES MURO,alcalde_distrital,regidor_distrital,5,conteo_candidatos_erm2026,,False,,,,,normal
04-130302,04,6,130302,distrito,CHOCHOPE,alcalde_distrital,regidor_distrital,5,conteo_candidatos_erm2026,,False,,,,,normal
04-130303,04,6,130303,distrito,ILLIMO,alcalde_distrital,regidor_distrital,5,conteo_candidatos_erm2026,,False,,,,,normal
04-130304,04,6,130304,distrito,JAYANCA,alcalde_distrital,regidor_distrital,5,conteo_candidatos_erm2026,,False,,,,,normal
04-130305,04,6,130305,distrito,MOCHUMI,alcalde_distrital,regidor_distrital,5,conteo_candidatos_erm2026,,False,,,,,normal
04-130306,04,6,130306,distrito,MORROPE,alcalde_distrital,regidor_distrital,9,conteo_candidatos_erm2026,,False,,,,,normal
04-130307,04,6,130307,distrito,MOTUPE,alcalde_distrital,regidor_distrital,7,conteo_candidatos_erm2026,,False,,,,,normal
04-130308,04,6,130308,distrito,OLMOS,alcalde_distrital,regidor_distrital,9,conteo_candidatos_erm2026,,False,,,,,normal
04-130309,04,6,130309,distrito,PACORA,alcalde_distrital,regidor_distrital,5,conteo_candidatos_erm2026,,False,,,,,normal
04-130310,04,6,130310,distrito,SALAS,alcalde_distrital,regidor_distrital,5,conteo_candidatos_erm2026,,False,,,,,normal
04-130311,04,6,130311,distrito,SAN JOSE,alcalde_distrital,regidor_distrital,5,conteo_candidatos_erm2026,,False,,,,,normal
04-130312,04,6,130312,distrito,TUCUME,alcalde_distrital,regidor_distrital,7,conteo_candidatos_erm2026,,False,,,,,normal
04-140102,04,6,140102,distrito,ANCON,alcalde_distrital,regidor_distrital,11,conteo_candidatos_erm2026,,False,,,,,normal
04-140103,04,6,140103,distrito,ATE,alcalde_distrital,regidor_distrital,15,conteo_candidatos_erm2026,,False,,,,,normal
04-140104,04,6,140104,distrito,BREÑA,alcalde_distrital,regidor_distrital,9,conteo_candidatos_erm2026,,False,,,,,normal
04-140105,04,6,140105,distrito,CARABAYLLO,alcalde_distrital,regidor_distrital,13,conteo_candidatos_erm2026,,False,,,,,normal
04-140106,04,6,140106,distrito,COMAS,alcalde_distrital,regidor_distrital,15,conteo_candidatos_erm2026,,False,,,,,normal
04-140107,04,6,140107,distrito,CHACLACAYO,alcalde_distrital,regidor_distrital,7,conteo_candidatos_erm2026,,False,,,,,normal
04-140108,04,6,140108,distrito,CHORRILLOS,alcalde_distrital,regidor_distrital,13,conteo_candidatos_erm2026,,False,,,,,normal
04-140109,04,6,140109,distrito,LA VICTORIA,alcalde_distrital,regidor_distrital,11,conteo_candidatos_erm2026,,False,,,,,normal
04-140110,04,6,140110,distrito,LA MOLINA,alcalde_distrital,regidor_distrital,11,conteo_candidatos_erm2026,,False,,,,,normal
04-140111,04,6,140111,distrito,LINCE,alcalde_distrital,regidor_distrital,9,conteo_candidatos_erm2026,,False,,,,,normal
04-140112,04,6,140112,distrito,LURIGANCHO,alcalde_distrital,regidor_distrital,13,conteo_candidatos_erm2026,,False,,,,,normal
04-140113,04,6,140113,distrito,LURIN,alcalde_distrital,regidor_distrital,11,conteo_candidatos_erm2026,,False,,,,,normal
04-140114,04,6,140114,distrito,MAGDALENA DEL MAR,alcalde_distrital,regidor_distrital,9,conteo_candidatos_erm2026,,False,,,,,normal
04-140115,04,6,140115,distrito,MIRAFLORES,alcalde_distrital,regidor_distrital,11,conteo_candidatos_erm2026,,False,,,,,normal
04-140116,04,6,140116,distrito,PACHACAMAC,alcalde_distrital,regidor_distrital,11,conteo_candidatos_erm2026,,False,,,,,normal
04-140117,04,6,140117,distrito,PUEBLO LIBRE,alcalde_distrital,regidor_distrital,11,conteo_candidatos_erm2026,,False,,,,,normal
04-140118,04,6,140118,distrito,PUCUSANA,alcalde_distrital,regidor_distrital,5,conteo_candidatos_erm2026,,False,,,,,normal
04-140119,04,6,140119,distrito,PUENTE PIEDRA,alcalde_distrital,regidor_distrital,13,conteo_candidatos_erm2026,,False,,,,,normal
04-140120,04,6,140120,distrito,PUNTA HERMOSA,alcalde_distrital,regidor_distrital,7,conteo_candidatos_erm2026,,False,,,,,normal
04-140121,04,6,140121,distrito,PUNTA NEGRA,alcalde_distrital,regidor_distrital,5,conteo_candidatos_erm2026,,False,,,,,normal
04-140122,04,6,140122,distrito,RIMAC,alcalde_distrital,regidor_distrital,11,conteo_candidatos_erm2026,,False,,,,,normal
04-140123,04,6,140123,distrito,SAN BARTOLO,alcalde_distrital,regidor_distrital,5,conteo_candidatos_erm2026,,False,,,,,normal
04-140124,04,6,140124,distrito,SAN ISIDRO,alcalde_distrital,regidor_distrital,9,conteo_candidatos_erm2026,,False,,,,,normal
04-140125,04,6,140125,distrito,BARRANCO,alcalde_distrital,regidor_distrital,7,conteo_candidatos_erm2026,,False,,,,,normal
04-140126,04,6,140126,distrito,SAN MARTIN DE PORRES,alcalde_distrital,regidor_distrital,15,conteo_candidatos_erm2026,,False,,,,,normal
04-140127,04,6,140127,distrito,SAN MIGUEL,alcalde_distrital,regidor_distrital,11,conteo_candidatos_erm2026,,False,,,,,normal
04-140128,04,6,140128,distrito,SANTA MARIA DEL MAR,alcalde_distrital,regidor_distrital,5,conteo_candidatos_erm2026,,False,,,,,normal
04-140129,04,6,140129,distrito,SANTA ROSA,alcalde_distrital,regidor_distrital,7,conteo_candidatos_erm2026,,False,,,,,normal
04-140130,04,6,140130,distrito,SANTIAGO DE SURCO,alcalde_distrital,regidor_distrital,13,conteo_candidatos_erm2026,,False,,,,,normal
04-140131,04,6,140131,distrito,SURQUILLO,alcalde_distrital,regidor_distrital,11,conteo_candidatos_erm2026,,False,,,,,normal
04-140132,04,6,140132,distrito,VILLA MARIA DEL TRIUNFO,alcalde_distrital,regidor_distrital,13,conteo_candidatos_erm2026,,False,,,,,normal
04-140133,04,6,140133,distrito,JESUS MARIA,alcalde_distrital,regidor_distrital,9,conteo_candidatos_erm2026,,False,,,,,normal
04-140134,04,6,140134,distrito,INDEPENDENCIA,alcalde_distrital,regidor_distrital,11,conteo_candidatos_erm2026,,False,,,,,normal
04-140135,04,6,140135,distrito,EL AGUSTINO,alcalde_distrital,regidor_distrital,11,conteo_candidatos_erm2026,,False,,,,,normal
04-140136,04,6,140136,distrito,SAN JUAN DE MIRAFLORES,alcalde_distrital,regidor_distrital,13,conteo_candidatos_erm2026,,False,,,,,normal
04-140137,04,6,140137,distrito,SAN JUAN DE LURIGANCHO,alcalde_distrital,regidor_distrital,15,conteo_candidatos_erm2026,,False,,,,,normal
04-140138,04,6,140138,distrito,SAN LUIS,alcalde_distrital,regidor_distrital,9,conteo_candidatos_erm2026,,False,,,,,normal
04-140139,04,6,140139,distrito,CIENEGUILLA,alcalde_distrital,regidor_distrital,7,conteo_candidatos_erm2026,,False,,,,,normal
04-140140,04,6,140140,distrito,SAN BORJA,alcalde_distrital,regidor_distrital,11,conteo_candidatos_erm2026,,False,,,,,normal
04-140141,04,6,140141,distrito,VILLA EL SALVADOR,alcalde_distrital,regidor_distrital,13,conteo_candidatos_erm2026,,False,,,,,normal
04-140142,04,6,140142,distrito,LOS OLIVOS,alcalde_distrital,regidor_distrital,13,conteo_candidatos_erm2026,,False,,,,,normal
04-140143,04,6,140143,distrito,SANTA ANITA,alcalde_distrital,regidor_distrital,11,conteo_candidatos_erm2026,,False,,,,,normal
04-140205,04,6,140205,distrito,COPA,alcalde_distrital,regidor_distrital,5,conteo_candidatos_erm2026,,False,,,,,normal
04-140206,04,6,140206,distrito,GORGOR,alcalde_distrital,regidor_distrital,5,conteo_candidatos_erm2026,,False,,,,,normal
04-140207,04,6,140207,distrito,HUANCAPON,alcalde_distrital,regidor_distrital,5,conteo_candidatos_erm2026,,False,,,,,normal
04-140208,04,6,140208,distrito,MANAS,alcalde_distrital,regidor_distrital,5,conteo_candidatos_erm2026,,False,,,,,normal
04-140302,04,6,140302,distrito,ARAHUAY,alcalde_distrital,regidor_distrital,5,conteo_candidatos_erm2026,,False,,,,,normal
04-140303,04,6,140303,distrito,HUAMANTANGA,alcalde_distrital,regidor_distrital,5,conteo_candidatos_erm2026,,False,,,,,normal
04-140304,04,6,140304,distrito,HUAROS,alcalde_distrital,regidor_distrital,5,conteo_candidatos_erm2026,,False,,,,,normal
04-140305,04,6,140305,distrito,LACHAQUI,alcalde_distrital,regidor_distrital,5,conteo_candidatos_erm2026,,False,,,,,normal
04-140306,04,6,140306,distrito,SAN BUENAVENTURA,alcalde_distrital,regidor_distrital,5,conteo_candidatos_erm2026,,False,,,,,normal
04-140307,04,6,140307,distrito,SANTA ROSA DE QUIVES,alcalde_distrital,regidor_distrital,5,conteo_candidatos_erm2026,,False,,,,,normal
04-140402,04,6,140402,distrito,CALANGO,alcalde_distrital,regidor_distrital,5,conteo_candidatos_erm2026,,False,,,,,normal
04-140403,04,6,140403,distrito,CERRO AZUL,alcalde_distrital,regidor_distrital,5,conteo_candidatos_erm2026,,False,,,,,normal
04-140404,04,6,140404,distrito,COAYLLO,alcalde_distrital,regidor_distrital,5,conteo_candidatos_erm2026,,False,,,,,normal
04-140405,04,6,140405,distrito,CHILCA,alcalde_distrital,regidor_distrital,7,conteo_candidatos_erm2026,,False,,,,,normal
04-140406,04,6,140406,distrito,IMPERIAL,alcalde_distrital,regidor_distrital,7,conteo_candidatos_erm2026,,False,,,,,normal
04-140407,04,6,140407,distrito,LUNAHUANA,alcalde_distrital,regidor_distrital,5,conteo_candidatos_erm2026,,False,,,,,normal
04-140408,04,6,140408,distrito,MALA,alcalde_distrital,regidor_distrital,7,conteo_candidatos_erm2026,,False,,,,,normal
04-140409,04,6,140409,distrito,NUEVO IMPERIAL,alcalde_distrital,regidor_distrital,7,conteo_candidatos_erm2026,,False,,,,,normal
04-140410,04,6,140410,distrito,PACARAN,alcalde_distrital,regidor_distrital,5,conteo_candidatos_erm2026,,False,,,,,normal
04-140411,04,6,140411,distrito,QUILMANA,alcalde_distrital,regidor_distrital,5,conteo_candidatos_erm2026,,False,,,,,normal
04-140412,04,6,140412,distrito,SAN ANTONIO,alcalde_distrital,regidor_distrital,5,conteo_candidatos_erm2026,,False,,,,,normal
04-140413,04,6,140413,distrito,SAN LUIS,alcalde_distrital,regidor_distrital,5,conteo_candidatos_erm2026,,False,,,,,normal
04-140414,04,6,140414,distrito,SANTA CRUZ DE FLORES,alcalde_distrital,regidor_distrital,5,conteo_candidatos_erm2026,,False,,,,,normal
04-140415,04,6,140415,distrito,ZUÑIGA,alcalde_distrital,regidor_distrital,5,conteo_candidatos_erm2026,,False,,,,,normal
04-140416,04,6,140416,distrito,ASIA,alcalde_distrital,regidor_distrital,5,conteo_candidatos_erm2026,,False,,,,,normal
04-140502,04,6,140502,distrito,AMBAR,alcalde_distrital,regidor_distrital,5,conteo_candidatos_erm2026,,False,,,,,normal
04-140504,04,6,140504,distrito,CALETA DE CARQUIN,alcalde_distrital,regidor_distrital,5,conteo_candidatos_erm2026,,False,,,,,normal
04-140505,04,6,140505,distrito,CHECRAS,alcalde_distrital,regidor_distrital,5,conteo_candidatos_erm2026,,False,,,,,normal
04-140506,04,6,140506,distrito,HUALMAY,alcalde_distrital,regidor_distrital,7,conteo_candidatos_erm2026,,False,,,,,normal
04-140507,04,6,140507,distrito,HUAURA,alcalde_distrital,regidor_distrital,7,conteo_candidatos_erm2026,,False,,,,,normal
04-140508,04,6,140508,distrito,LEONCIO PRADO,alcalde_distrital,regidor_distrital,5,conteo_candidatos_erm2026,,False,,,,,normal
04-140509,04,6,140509,distrito,PACCHO,alcalde_distrital,regidor_distrital,5,conteo_candidatos_erm2026,,False,,,,,normal
04-140511,04,6,140511,distrito,SANTA LEONOR,alcalde_distrital,regidor_distrital,5,conteo_candidatos_erm2026,,False,,,,,normal
04-140512,04,6,140512,distrito,SANTA MARIA,alcalde_distrital,regidor_distrital,7,conteo_candidatos_erm2026,,False,,,,,normal
04-140513,04,6,140513,distrito,SAYAN,alcalde_distrital,regidor_distrital,7,conteo_candidatos_erm2026,,False,,,,,normal
04-140516,04,6,140516,distrito,VEGUETA,alcalde_distrital,regidor_distrital,7,conteo_candidatos_erm2026,,False,,,,,normal
04-140602,04,6,140602,distrito,ANTIOQUIA,alcalde_distrital,regidor_distrital,5,conteo_candidatos_erm2026,,False,,,,,normal
04-140603,04,6,140603,distrito,CALLAHUANCA,alcalde_distrital,regidor_distrital,5,conteo_candidatos_erm2026,,False,,,,,normal
04-140604,04,6,140604,distrito,CARAMPOMA,alcalde_distrital,regidor_distrital,5,conteo_candidatos_erm2026,,False,,,,,normal
04-140605,04,6,140605,distrito,SAN PEDRO DE CASTA,alcalde_distrital,regidor_distrital,5,conteo_candidatos_erm2026,,False,,,,,normal
04-140606,04,6,140606,distrito,CUENCA,alcalde_distrital,regidor_distrital,5,conteo_candidatos_erm2026,,False,,,,,normal
04-140607,04,6,140607,distrito,CHICLA,alcalde_distrital,regidor_distrital,5,conteo_candidatos_erm2026,,False,,,,,normal
04-140608,04,6,140608,distrito,HUANZA,alcalde_distrital,regidor_distrital,5,conteo_candidatos_erm2026,,False,,,,,normal
04-140609,04,6,140609,distrito,HUAROCHIRI,alcalde_distrital,regidor_distrital,5,conteo_candidatos_erm2026,,False,,,,,normal
04-140610,04,6,140610,distrito,LAHUAYTAMBO,alcalde_distrital,regidor_distrital,5,conteo_candidatos_erm2026,,False,,,,,normal
04-140611,04,6,140611,distrito,LANGA,alcalde_distrital,regidor_distrital,5,conteo_candidatos_erm2026,,False,,,,,normal
04-140612,04,6,140612,distrito,MARIATANA,alcalde_distrital,regidor_distrital,5,conteo_candidatos_erm2026,,False,,,,,normal
04-140613,04,6,140613,distrito,RICARDO PALMA,alcalde_distrital,regidor_distrital,5,conteo_candidatos_erm2026,,False,,,,,normal
04-140614,04,6,140614,distrito,SAN ANDRES DE TUPICOCHA,alcalde_distrital,regidor_distrital,5,conteo_candidatos_erm2026,,False,,,,,normal
04-140615,04,6,140615,distrito,SAN ANTONIO,alcalde_distrital,regidor_distrital,5,conteo_candidatos_erm2026,,False,,,,,normal
04-140616,04,6,140616,distrito,SAN BARTOLOME,alcalde_distrital,regidor_distrital,5,conteo_candidatos_erm2026,,False,,,,,normal
04-140617,04,6,140617,distrito,SAN DAMIAN,alcalde_distrital,regidor_distrital,5,conteo_candidatos_erm2026,,False,,,,,normal
04-140618,04,6,140618,distrito,SANGALLAYA,alcalde_distrital,regidor_distrital,5,conteo_candidatos_erm2026,,False,,,,,normal
04-140619,04,6,140619,distrito,SAN JUAN DE TANTARANCHE,alcalde_distrital,regidor_distrital,5,conteo_candidatos_erm2026,,False,,,,,normal
04-140620,04,6,140620,distrito,SAN LORENZO DE QUINTI,alcalde_distrital,regidor_distrital,5,conteo_candidatos_erm2026,,False,,,,,normal
04-140621,04,6,140621,distrito,SAN MATEO,alcalde_distrital,regidor_distrital,5,conteo_candidatos_erm2026,,False,,,,,normal
04-140622,04,6,140622,distrito,SAN MATEO DE OTAO,alcalde_distrital,regidor_distrital,5,conteo_candidatos_erm2026,,False,,,,,normal
04-140623,04,6,140623,distrito,SAN PEDRO DE HUANCAYRE,alcalde_distrital,regidor_distrital,5,conteo_candidatos_erm2026,,False,,,,,normal
04-140624,04,6,140624,distrito,SANTA CRUZ DE COCACHACRA,alcalde_distrital,regidor_distrital,5,conteo_candidatos_erm2026,,False,,,,,normal
04-140625,04,6,140625,distrito,SANTA EULALIA,alcalde_distrital,regidor_distrital,5,conteo_candidatos_erm2026,,False,,,,,normal
04-140626,04,6,140626,distrito,SANTIAGO DE ANCHUCAYA,alcalde_distrital,regidor_distrital,5,conteo_candidatos_erm2026,,False,,,,,normal
04-140627,04,6,140627,distrito,SANTIAGO DE TUNA,alcalde_distrital,regidor_distrital,5,conteo_candidatos_erm2026,,False,,,,,normal
04-140628,04,6,140628,distrito,SANTO DOMINGO DE LOS OLLEROS,alcalde_distrital,regidor_distrital,5,conteo_candidatos_erm2026,,False,,,,,normal
04-140629,04,6,140629,distrito,SURCO,alcalde_distrital,regidor_distrital,5,conteo_candidatos_erm2026,,False,,,,,normal
04-140630,04,6,140630,distrito,HUACHUPAMPA,alcalde_distrital,regidor_distrital,5,conteo_candidatos_erm2026,,False,,,,,normal
04-140631,04,6,140631,distrito,SAN PEDRO DE LARAOS,alcalde_distrital,regidor_distrital,5,conteo_candidatos_erm2026,,False,,,,,normal
04-140632,04,6,140632,distrito,SAN JUAN DE IRIS,alcalde_distrital,regidor_distrital,5,conteo_candidatos_erm2026,,False,,,,,normal
04-140702,04,6,140702,distrito,ALIS,alcalde_distrital,regidor_distrital,5,conteo_candidatos_erm2026,,False,,,,,normal
04-140703,04,6,140703,distrito,ALLAUCA,alcalde_distrital,regidor_distrital,5,conteo_candidatos_erm2026,,False,,,,,normal
04-140704,04,6,140704,distrito,AYAVIRI,alcalde_distrital,regidor_distrital,5,conteo_candidatos_erm2026,,False,,,,,normal
04-140705,04,6,140705,distrito,AZANGARO,alcalde_distrital,regidor_distrital,5,conteo_candidatos_erm2026,,False,,,,,normal
04-140706,04,6,140706,distrito,CACRA,alcalde_distrital,regidor_distrital,5,conteo_candidatos_erm2026,,False,,,,,normal
04-140707,04,6,140707,distrito,CARANIA,alcalde_distrital,regidor_distrital,5,conteo_candidatos_erm2026,,False,,,,,normal
04-140708,04,6,140708,distrito,COCHAS,alcalde_distrital,regidor_distrital,5,conteo_candidatos_erm2026,,False,,,,,normal
04-140709,04,6,140709,distrito,COLONIA,alcalde_distrital,regidor_distrital,5,conteo_candidatos_erm2026,,False,,,,,normal
04-140710,04,6,140710,distrito,CHOCOS,alcalde_distrital,regidor_distrital,5,conteo_candidatos_erm2026,,False,,,,,normal
04-140711,04,6,140711,distrito,HUAMPARA,alcalde_distrital,regidor_distrital,5,conteo_candidatos_erm2026,,False,,,,,normal
04-140712,04,6,140712,distrito,HUANCAYA,alcalde_distrital,regidor_distrital,5,conteo_candidatos_erm2026,,False,,,,,normal
04-140713,04,6,140713,distrito,HUANGASCAR,alcalde_distrital,regidor_distrital,5,conteo_candidatos_erm2026,,False,,,,,normal
04-140714,04,6,140714,distrito,HUANTAN,alcalde_distrital,regidor_distrital,5,conteo_candidatos_erm2026,,False,,,,,normal
04-140715,04,6,140715,distrito,HUAÑEC,alcalde_distrital,regidor_distrital,5,conteo_candidatos_erm2026,,False,,,,,normal
04-140716,04,6,140716,distrito,LARAOS,alcalde_distrital,regidor_distrital,5,conteo_candidatos_erm2026,,False,,,,,normal
04-140717,04,6,140717,distrito,LINCHA,alcalde_distrital,regidor_distrital,5,conteo_candidatos_erm2026,,False,,,,,normal
04-140718,04,6,140718,distrito,MIRAFLORES,alcalde_distrital,regidor_distrital,5,conteo_candidatos_erm2026,,False,,,,,normal
04-140719,04,6,140719,distrito,OMAS,alcalde_distrital,regidor_distrital,5,conteo_candidatos_erm2026,,False,,,,,normal
04-140720,04,6,140720,distrito,QUINCHES,alcalde_distrital,regidor_distrital,5,conteo_candidatos_erm2026,,False,,,,,normal
04-140721,04,6,140721,distrito,QUINOCAY,alcalde_distrital,regidor_distrital,5,conteo_candidatos_erm2026,,False,,,,,normal
04-140722,04,6,140722,distrito,SAN JOAQUIN,alcalde_distrital,regidor_distrital,5,conteo_candidatos_erm2026,,False,,,,,normal
04-140723,04,6,140723,distrito,SAN PEDRO DE PILAS,alcalde_distrital,regidor_distrital,5,conteo_candidatos_erm2026,,False,,,,,normal
04-140724,04,6,140724,distrito,TANTA,alcalde_distrital,regidor_distrital,5,conteo_candidatos_erm2026,,False,,,,,normal
04-140725,04,6,140725,distrito,TAURIPAMPA,alcalde_distrital,regidor_distrital,5,conteo_candidatos_erm2026,,False,,,,,normal
04-140726,04,6,140726,distrito,TUPE,alcalde_distrital,regidor_distrital,5,conteo_candidatos_erm2026,,False,,,,,normal
04-140727,04,6,140727,distrito,TOMAS,alcalde_distrital,regidor_distrital,5,conteo_candidatos_erm2026,,False,,,,,normal
04-140728,04,6,140728,distrito,VIÑAC,alcalde_distrital,regidor_distrital,5,conteo_candidatos_erm2026,,False,,,,,normal
04-140729,04,6,140729,distrito,VITIS,alcalde_distrital,regidor_distrital,5,conteo_candidatos_erm2026,,False,,,,,normal
04-140730,04,6,140730,distrito,HONGOS,alcalde_distrital,regidor_distrital,5,conteo_candidatos_erm2026,,False,,,,,normal
04-140731,04,6,140731,distrito,MADEAN,alcalde_distrital,regidor_distrital,5,conteo_candidatos_erm2026,,False,,,,,normal
04-140732,04,6,140732,distrito,PUTINZA,alcalde_distrital,regidor_distrital,5,conteo_candidatos_erm2026,,False,,,,,normal
04-140733,04,6,140733,distrito,CATAHUASI,alcalde_distrital,regidor_distrital,5,conteo_candidatos_erm2026,,False,,,,,normal
04-140802,04,6,140802,distrito,ATAVILLOS ALTO,alcalde_distrital,regidor_distrital,5,conteo_candidatos_erm2026,,False,,,,,normal
04-140803,04,6,140803,distrito,ATAVILLOS BAJO,alcalde_distrital,regidor_distrital,5,conteo_candidatos_erm2026,,False,,,,,normal
04-140804,04,6,140804,distrito,AUCALLAMA,alcalde_distrital,regidor_distrital,5,conteo_candidatos_erm2026,,False,,,,,normal
04-140805,04,6,140805,distrito,CHANCAY,alcalde_distrital,regidor_distrital,9,conteo_candidatos_erm2026,,False,,,,,normal
04-140806,04,6,140806,distrito,IHUARI,alcalde_distrital,regidor_distrital,5,conteo_candidatos_erm2026,,False,,,,,normal
04-140807,04,6,140807,distrito,LAMPIAN,alcalde_distrital,regidor_distrital,5,conteo_candidatos_erm2026,,False,,,,,normal
04-140808,04,6,140808,distrito,PACARAOS,alcalde_distrital,regidor_distrital,5,conteo_candidatos_erm2026,,False,,,,,normal
04-140809,04,6,140809,distrito,SAN MIGUEL DE ACOS,alcalde_distrital,regidor_distrital,5,conteo_candidatos_erm2026,,False,,,,,normal
04-140810,04,6,140810,distrito,VEINTISIETE DE NOVIEMBRE,alcalde_distrital,regidor_distrital,5,conteo_candidatos_erm2026,,False,,,,,normal
04-140811,04,6,140811,distrito,SANTA CRUZ DE ANDAMARCA,alcalde_distrital,regidor_distrital,5,conteo_candidatos_erm2026,,False,,,,,normal
04-140812,04,6,140812,distrito,SUMBILCA,alcalde_distrital,regidor_distrital,5,conteo_candidatos_erm2026,,False,,,,,normal
04-140902,04,6,140902,distrito,PARAMONGA,alcalde_distrital,regidor_distrital,5,conteo_candidatos_erm2026,,False,,,,,normal
04-140903,04,6,140903,distrito,PATIVILCA,alcalde_distrital,regidor_distrital,5,conteo_candidatos_erm2026,,False,,,,,normal
04-140904,04,6,140904,distrito,SUPE,alcalde_distrital,regidor_distrital,7,conteo_candidatos_erm2026,,False,,,,,normal
04-140905,04,6,140905,distrito,SUPE PUERTO,alcalde_distrital,regidor_distrital,5,conteo_candidatos_erm2026,,False,,,,,normal
04-141002,04,6,141002,distrito,NAVAN,alcalde_distrital,regidor_distrital,5,conteo_candidatos_erm2026,,False,,,,,normal
04-141003,04,6,141003,distrito,CAUJUL,alcalde_distrital,regidor_distrital,5,conteo_candidatos_erm2026,,False,,,,,normal
04-141004,04,6,141004,distrito,ANDAJES,alcalde_distrital,regidor_distrital,5,conteo_candidatos_erm2026,,False,,,,,normal
04-141005,04,6,141005,distrito,PACHANGARA,alcalde_distrital,regidor_distrital,5,conteo_candidatos_erm2026,,False,,,,,normal
04-141006,04,6,141006,distrito,COCHAMARCA,alcalde_distrital,regidor_distrital,5,conteo_candidatos_erm2026,,False,,,,,normal
04-150102,04,6,150102,distrito,ALTO NANAY,alcalde_distrital,regidor_distrital,5,conteo_candidatos_erm2026,,False,,,,,normal
04-150103,04,6,150103,distrito,FERNANDO LORES,alcalde_distrital,regidor_distrital,5,conteo_candidatos_erm2026,,False,,,,,normal
04-150104,04,6,150104,distrito,LAS AMAZONAS,alcalde_distrital,regidor_distrital,5,conteo_candidatos_erm2026,,False,,,,,normal
04-150105,04,6,150105,distrito,MAZAN,alcalde_distrital,regidor_distrital,5,conteo_candidatos_erm2026,,False,,,,,normal
04-150106,04,6,150106,distrito,NAPO,alcalde_distrital,regidor_distrital,5,conteo_candidatos_erm2026,,False,,,,,normal
04-150108,04,6,150108,distrito,TORRES CAUSANA,alcalde_distrital,regidor_distrital,5,conteo_candidatos_erm2026,,False,,,,,normal
04-150110,04,6,150110,distrito,INDIANA,alcalde_distrital,regidor_distrital,5,conteo_candidatos_erm2026,,False,,,,,normal
04-150111,04,6,150111,distrito,PUNCHANA,alcalde_distrital,regidor_distrital,9,conteo_candidatos_erm2026,,False,,,,,normal
04-150112,04,6,150112,distrito,BELEN,alcalde_distrital,regidor_distrital,9,conteo_candidatos_erm2026,,False,,,,,normal
04-150113,04,6,150113,distrito,SAN JUAN BAUTISTA,alcalde_distrital,regidor_distrital,11,conteo_candidatos_erm2026,,False,,,,,normal
04-150202,04,6,150202,distrito,BALSAPUERTO,alcalde_distrital,regidor_distrital,5,conteo_candidatos_erm2026,,False,,,,,normal
04-150205,04,6,150205,distrito,JEBEROS,alcalde_distrital,regidor_distrital,5,conteo_candidatos_erm2026,,False,,,,,normal
04-150206,04,6,150206,distrito,LAGUNAS,alcalde_distrital,regidor_distrital,5,conteo_candidatos_erm2026,,False,,,,,normal
04-150210,04,6,150210,distrito,SANTA CRUZ,alcalde_distrital,regidor_distrital,5,conteo_candidatos_erm2026,,False,,,,,normal
04-150211,04,6,150211,distrito,TENIENTE CESAR LOPEZ ROJAS,alcalde_distrital,regidor_distrital,5,conteo_candidatos_erm2026,,False,,,,,normal
04-150302,04,6,150302,distrito,PARINARI,alcalde_distrital,regidor_distrital,5,conteo_candidatos_erm2026,,False,,,,,normal
04-150303,04,6,150303,distrito,TIGRE,alcalde_distrital,regidor_distrital,5,conteo_candidatos_erm2026,,False,,,,,normal
04-150304,04,6,150304,distrito,URARINAS,alcalde_distrital,regidor_distrital,5,conteo_candidatos_erm2026,,False,,,,,normal
04-150305,04,6,150305,distrito,TROMPETEROS,alcalde_distrital,regidor_distrital,5,conteo_candidatos_erm2026,,False,,,,,normal
04-150402,04,6,150402,distrito,ALTO TAPICHE,alcalde_distrital,regidor_distrital,5,conteo_candidatos_erm2026,,False,,,,,normal
04-150403,04,6,150403,distrito,CAPELO,alcalde_distrital,regidor_distrital,5,conteo_candidatos_erm2026,,False,,,,,normal
04-150404,04,6,150404,distrito,EMILIO SAN MARTIN,alcalde_distrital,regidor_distrital,5,conteo_candidatos_erm2026,,False,,,,,normal
04-150405,04,6,150405,distrito,MAQUIA,alcalde_distrital,regidor_distrital,5,conteo_candidatos_erm2026,,False,,,,,normal
04-150406,04,6,150406,distrito,PUINAHUA,alcalde_distrital,regidor_distrital,5,conteo_candidatos_erm2026,,False,,,,,normal
04-150407,04,6,150407,distrito,SAQUENA,alcalde_distrital,regidor_distrital,5,conteo_candidatos_erm2026,,False,,,,,normal
04-150408,04,6,150408,distrito,SOPLIN,alcalde_distrital,regidor_distrital,5,conteo_candidatos_erm2026,,False,,,,,normal
04-150409,04,6,150409,distrito,TAPICHE,alcalde_distrital,regidor_distrital,5,conteo_candidatos_erm2026,,False,,,,,normal
04-150410,04,6,150410,distrito,JENARO HERRERA,alcalde_distrital,regidor_distrital,5,conteo_candidatos_erm2026,,False,,,,,normal
04-150411,04,6,150411,distrito,YAQUERANA,alcalde_distrital,regidor_distrital,5,conteo_candidatos_erm2026,,False,,,,,normal
04-150502,04,6,150502,distrito,VARGAS GUERRA,alcalde_distrital,regidor_distrital,5,conteo_candidatos_erm2026,,False,,,,,normal
04-150503,04,6,150503,distrito,PADRE MARQUEZ,alcalde_distrital,regidor_distrital,5,conteo_candidatos_erm2026,,False,,,,,normal
04-150504,04,6,150504,distrito,PAMPA HERMOSA,alcalde_distrital,regidor_distrital,5,conteo_candidatos_erm2026,,False,,,,,normal
04-150505,04,6,150505,distrito,SARAYACU,alcalde_distrital,regidor_distrital,5,conteo_candidatos_erm2026,,False,,,,,normal
04-150506,04,6,150506,distrito,INAHUAYA,alcalde_distrital,regidor_distrital,5,conteo_candidatos_erm2026,,False,,,,,normal
04-150602,04,6,150602,distrito,PEBAS,alcalde_distrital,regidor_distrital,5,conteo_candidatos_erm2026,,False,,,,,normal
04-150603,04,6,150603,distrito,YAVARI,alcalde_distrital,regidor_distrital,5,conteo_candidatos_erm2026,,False,,,,,normal
04-150604,04,6,150604,distrito,SAN PABLO,alcalde_distrital,regidor_distrital,5,conteo_candidatos_erm2026,,False,,,,,normal
04-150605,04,6,150605,distrito,SANTA ROSA DE LORETO,alcalde_distrital,regidor_distrital,5,conteo_candidatos_erm2026,,False,,,,,normal
04-150702,04,6,150702,distrito,ANDOAS,alcalde_distrital,regidor_distrital,5,conteo_candidatos_erm2026,,False,,,,,normal
04-150703,04,6,150703,distrito,CAHUAPANAS,alcalde_distrital,regidor_distrital,5,conteo_candidatos_erm2026,,False,,,,,normal
04-150704,04,6,150704,distrito,MANSERICHE,alcalde_distrital,regidor_distrital,5,conteo_candidatos_erm2026,,False,,,,,normal
04-150705,04,6,150705,distrito,MORONA,alcalde_distrital,regidor_distrital,5,conteo_candidatos_erm2026,,False,,,,,normal
04-150706,04,6,150706,distrito,PASTAZA,alcalde_distrital,regidor_distrital,5,conteo_candidatos_erm2026,,False,,,,,normal
04-150902,04,6,150902,distrito,ROSA PANDURO,alcalde_distrital,regidor_distrital,5,conteo_candidatos_erm2026,,False,,,,,normal
04-150903,04,6,150903,distrito,TENIENTE MANUEL CLAVERO,alcalde_distrital,regidor_distrital,5,conteo_candidatos_erm2026,,False,,,,,normal
04-150904,04,6,150904,distrito,YAGUAS,alcalde_distrital,regidor_distrital,5,conteo_candidatos_erm2026,,False,,,,,normal
04-160102,04,6,160102,distrito,INAMBARI,alcalde_distrital,regidor_distrital,5,conteo_candidatos_erm2026,,False,,,,,normal
04-160103,04,6,160103,distrito,LAS PIEDRAS,alcalde_distrital,regidor_distrital,7,conteo_candidatos_erm2026,,False,,,,,normal
04-160104,04,6,160104,distrito,LABERINTO,alcalde_distrital,regidor_distrital,5,conteo_candidatos_erm2026,,False,,,,,normal
04-160202,04,6,160202,distrito,FITZCARRALD,alcalde_distrital,regidor_distrital,5,conteo_candidatos_erm2026,,False,,,,,normal
04-160203,04,6,160203,distrito,MADRE DE DIOS,alcalde_distrital,regidor_distrital,5,conteo_candidatos_erm2026,,False,,,,,normal
04-160204,04,6,160204,distrito,HUEPETUHE,alcalde_distrital,regidor_distrital,5,conteo_candidatos_erm2026,,False,,,,,normal
04-160302,04,6,160302,distrito,IBERIA,alcalde_distrital,regidor_distrital,5,conteo_candidatos_erm2026,,False,,,,,normal
04-160303,04,6,160303,distrito,TAHUAMANU,alcalde_distrital,regidor_distrital,5,conteo_candidatos_erm2026,,False,,,,,normal
04-170102,04,6,170102,distrito,CARUMAS,alcalde_distrital,regidor_distrital,5,conteo_candidatos_erm2026,,False,,,,,normal
04-170103,04,6,170103,distrito,CUCHUMBAYA,alcalde_distrital,regidor_distrital,5,conteo_candidatos_erm2026,,False,,,,,normal
04-170104,04,6,170104,distrito,SAN CRISTOBAL,alcalde_distrital,regidor_distrital,5,conteo_candidatos_erm2026,,False,,,,,normal
04-170105,04,6,170105,distrito,TORATA,alcalde_distrital,regidor_distrital,5,conteo_candidatos_erm2026,,False,,,,,normal
04-170106,04,6,170106,distrito,SAMEGUA,alcalde_distrital,regidor_distrital,5,conteo_candidatos_erm2026,,False,,,,,normal
04-170107,04,6,170107,distrito,SAN ANTONIO,alcalde_distrital,regidor_distrital,7,conteo_candidatos_erm2026,,False,,,,,normal
04-170202,04,6,170202,distrito,COALAQUE,alcalde_distrital,regidor_distrital,5,conteo_candidatos_erm2026,,False,,,,,normal
04-170203,04,6,170203,distrito,CHOJATA,alcalde_distrital,regidor_distrital,5,conteo_candidatos_erm2026,,False,,,,,normal
04-170204,04,6,170204,distrito,ICHUÑA,alcalde_distrital,regidor_distrital,5,conteo_candidatos_erm2026,,False,,,,,normal
04-170205,04,6,170205,distrito,LA CAPILLA,alcalde_distrital,regidor_distrital,5,conteo_candidatos_erm2026,,False,,,,,normal
04-170206,04,6,170206,distrito,LLOQUE,alcalde_distrital,regidor_distrital,5,conteo_candidatos_erm2026,,False,,,,,normal
04-170207,04,6,170207,distrito,MATALAQUE,alcalde_distrital,regidor_distrital,5,conteo_candidatos_erm2026,,False,,,,,normal
04-170208,04,6,170208,distrito,PUQUINA,alcalde_distrital,regidor_distrital,5,conteo_candidatos_erm2026,,False,,,,,normal
04-170209,04,6,170209,distrito,QUINISTAQUILLAS,alcalde_distrital,regidor_distrital,5,conteo_candidatos_erm2026,,False,,,,,normal
04-170210,04,6,170210,distrito,UBINAS,alcalde_distrital,regidor_distrital,5,conteo_candidatos_erm2026,,False,,,,,normal
04-170211,04,6,170211,distrito,YUNGA,alcalde_distrital,regidor_distrital,5,conteo_candidatos_erm2026,,False,,,,,normal
04-170302,04,6,170302,distrito,EL ALGARROBAL,alcalde_distrital,regidor_distrital,5,conteo_candidatos_erm2026,,False,,,,,normal
04-170303,04,6,170303,distrito,PACOCHA,alcalde_distrital,regidor_distrital,5,conteo_candidatos_erm2026,,False,,,,,normal
04-180103,04,6,180103,distrito,HUACHON,alcalde_distrital,regidor_distrital,5,conteo_candidatos_erm2026,,False,,,,,normal
04-180104,04,6,180104,distrito,HUARIACA,alcalde_distrital,regidor_distrital,5,conteo_candidatos_erm2026,,False,,,,,normal
04-180105,04,6,180105,distrito,HUAYLLAY,alcalde_distrital,regidor_distrital,5,conteo_candidatos_erm2026,,False,,,,,normal
04-180106,04,6,180106,distrito,NINACACA,alcalde_distrital,regidor_distrital,5,conteo_candidatos_erm2026,,False,,,,,normal
04-180107,04,6,180107,distrito,PALLANCHACRA,alcalde_distrital,regidor_distrital,5,conteo_candidatos_erm2026,,False,,,,,normal
04-180108,04,6,180108,distrito,PAUCARTAMBO,alcalde_distrital,regidor_distrital,5,conteo_candidatos_erm2026,,False,,,,,normal
04-180109,04,6,180109,distrito,SAN FRANCISCO DE ASIS DE YARUSYACAN,alcalde_distrital,regidor_distrital,5,conteo_candidatos_erm2026,,False,,,,,normal
04-180110,04,6,180110,distrito,SIMON BOLIVAR,alcalde_distrital,regidor_distrital,5,conteo_candidatos_erm2026,,False,,,,,normal
04-180111,04,6,180111,distrito,TICLACAYAN,alcalde_distrital,regidor_distrital,5,conteo_candidatos_erm2026,,False,,,,,normal
04-180112,04,6,180112,distrito,TINYAHUARCO,alcalde_distrital,regidor_distrital,5,conteo_candidatos_erm2026,,False,,,,,normal
04-180113,04,6,180113,distrito,VICCO,alcalde_distrital,regidor_distrital,5,conteo_candidatos_erm2026,,False,,,,,normal
04-180114,04,6,180114,distrito,YANACANCHA,alcalde_distrital,regidor_distrital,7,conteo_candidatos_erm2026,,False,,,,,normal
04-180202,04,6,180202,distrito,CHACAYAN,alcalde_distrital,regidor_distrital,5,conteo_candidatos_erm2026,,False,,,,,normal
04-180203,04,6,180203,distrito,GOYLLARISQUIZGA,alcalde_distrital,regidor_distrital,5,conteo_candidatos_erm2026,,False,,,,,normal
04-180204,04,6,180204,distrito,PAUCAR,alcalde_distrital,regidor_distrital,5,conteo_candidatos_erm2026,,False,,,,,normal
04-180205,04,6,180205,distrito,SAN PEDRO DE PILLAO,alcalde_distrital,regidor_distrital,5,conteo_candidatos_erm2026,,False,,,,,normal
04-180206,04,6,180206,distrito,SANTA ANA DE TUSI,alcalde_distrital,regidor_distrital,7,conteo_candidatos_erm2026,,False,,,,,normal
04-180207,04,6,180207,distrito,TAPUC,alcalde_distrital,regidor_distrital,5,conteo_candidatos_erm2026,,False,,,,,normal
04-180208,04,6,180208,distrito,VILCABAMBA,alcalde_distrital,regidor_distrital,5,conteo_candidatos_erm2026,,False,,,,,normal
04-180302,04,6,180302,distrito,CHONTABAMBA,alcalde_distrital,regidor_distrital,5,conteo_candidatos_erm2026,,False,,,,,normal
04-180303,04,6,180303,distrito,HUANCABAMBA,alcalde_distrital,regidor_distrital,5,conteo_candidatos_erm2026,,False,,,,,normal
04-180304,04,6,180304,distrito,PUERTO BERMUDEZ,alcalde_distrital,regidor_distrital,5,conteo_candidatos_erm2026,,False,,,,,normal
04-180305,04,6,180305,distrito,VILLA RICA,alcalde_distrital,regidor_distrital,5,conteo_candidatos_erm2026,,False,,,,,normal
04-180306,04,6,180306,distrito,POZUZO,alcalde_distrital,regidor_distrital,5,conteo_candidatos_erm2026,,False,,,,,normal
04-180307,04,6,180307,distrito,PALCAZU,alcalde_distrital,regidor_distrital,5,conteo_candidatos_erm2026,,False,,,,,normal
04-180308,04,6,180308,distrito,CONSTITUCION,alcalde_distrital,regidor_distrital,5,conteo_candidatos_erm2026,,False,,,,,normal
04-190103,04,6,190103,distrito,CASTILLA,alcalde_distrital,regidor_distrital,11,conteo_candidatos_erm2026,,False,,,,,normal
04-190104,04,6,190104,distrito,CATACAOS,alcalde_distrital,regidor_distrital,9,conteo_candidatos_erm2026,,False,,,,,normal
04-190105,04,6,190105,distrito,LA ARENA,alcalde_distrital,regidor_distrital,7,conteo_candidatos_erm2026,,False,,,,,normal
04-190106,04,6,190106,distrito,LA UNION,alcalde_distrital,regidor_distrital,7,conteo_candidatos_erm2026,,False,,,,,normal
04-190107,04,6,190107,distrito,LAS LOMAS,alcalde_distrital,regidor_distrital,7,conteo_candidatos_erm2026,,False,,,,,normal
04-190109,04,6,190109,distrito,TAMBO GRANDE,alcalde_distrital,regidor_distrital,11,conteo_candidatos_erm2026,,False,,,,,normal
04-190113,04,6,190113,distrito,CURA MORI,alcalde_distrital,regidor_distrital,5,conteo_candidatos_erm2026,,False,,,,,normal
04-190114,04,6,190114,distrito,EL TALLAN,alcalde_distrital,regidor_distrital,5,conteo_candidatos_erm2026,,False,,,,,normal
04-190115,04,6,190115,distrito,VEINTISEIS DE OCTUBRE,alcalde_distrital,regidor_distrital,11,conteo_candidatos_erm2026,,False,,,,,normal
04-190202,04,6,190202,distrito,FRIAS,alcalde_distrital,regidor_distrital,5,conteo_candidatos_erm2026,,False,,,,,normal
04-190203,04,6,190203,distrito,LAGUNAS,alcalde_distrital,regidor_distrital,5,conteo_candidatos_erm2026,,False,,,,,normal
04-190204,04,6,190204,distrito,MONTERO,alcalde_distrital,regidor_distrital,5,conteo_candidatos_erm2026,,False,,,,,normal
04-190205,04,6,190205,distrito,PACAIPAMPA,alcalde_distrital,regidor_distrital,5,conteo_candidatos_erm2026,,False,,,,,normal
04-190206,04,6,190206,distrito,SAPILLICA,alcalde_distrital,regidor_distrital,5,conteo_candidatos_erm2026,,False,,,,,normal
04-190207,04,6,190207,distrito,SICCHEZ,alcalde_distrital,regidor_distrital,5,conteo_candidatos_erm2026,,False,,,,,normal
04-190208,04,6,190208,distrito,SUYO,alcalde_distrital,regidor_distrital,5,conteo_candidatos_erm2026,,False,,,,,normal
04-190209,04,6,190209,distrito,JILILI,alcalde_distrital,regidor_distrital,5,conteo_candidatos_erm2026,,False,,,,,normal
04-190210,04,6,190210,distrito,PAIMAS,alcalde_distrital,regidor_distrital,5,conteo_candidatos_erm2026,,False,,,,,normal
04-190302,04,6,190302,distrito,CANCHAQUE,alcalde_distrital,regidor_distrital,5,conteo_candidatos_erm2026,,False,,,,,normal
04-190303,04,6,190303,distrito,HUARMACA,alcalde_distrital,regidor_distrital,7,conteo_candidatos_erm2026,,False,,,,,normal
04-190304,04,6,190304,distrito,SONDOR,alcalde_distrital,regidor_distrital,5,conteo_candidatos_erm2026,,False,,,,,normal
04-190305,04,6,190305,distrito,SONDORILLO,alcalde_distrital,regidor_distrital,5,conteo_candidatos_erm2026,,False,,,,,normal
04-190306,04,6,190306,distrito,EL CARMEN DE LA FRONTERA,alcalde_distrital,regidor_distrital,5,conteo_candidatos_erm2026,,False,,,,,normal
04-190307,04,6,190307,distrito,SAN MIGUEL DE EL FAIQUE,alcalde_distrital,regidor_distrital,5,conteo_candidatos_erm2026,,False,,,,,normal
04-190308,04,6,190308,distrito,LALAQUIZ,alcalde_distrital,regidor_distrital,5,conteo_candidatos_erm2026,,False,,,,,normal
04-190402,04,6,190402,distrito,BUENOS AIRES,alcalde_distrital,regidor_distrital,5,conteo_candidatos_erm2026,,False,,,,,normal
04-190403,04,6,190403,distrito,CHALACO,alcalde_distrital,regidor_distrital,5,conteo_candidatos_erm2026,,False,,,,,normal
04-190404,04,6,190404,distrito,MORROPON,alcalde_distrital,regidor_distrital,5,conteo_candidatos_erm2026,,False,,,,,normal
04-190405,04,6,190405,distrito,SALITRAL,alcalde_distrital,regidor_distrital,5,conteo_candidatos_erm2026,,False,,,,,normal
04-190406,04,6,190406,distrito,SANTA CATALINA DE MOSSA,alcalde_distrital,regidor_distrital,5,conteo_candidatos_erm2026,,False,,,,,normal
04-190407,04,6,190407,distrito,SANTO DOMINGO,alcalde_distrital,regidor_distrital,5,conteo_candidatos_erm2026,,False,,,,,normal
04-190408,04,6,190408,distrito,LA MATANZA,alcalde_distrital,regidor_distrital,5,conteo_candidatos_erm2026,,False,,,,,normal
04-190409,04,6,190409,distrito,YAMANGO,alcalde_distrital,regidor_distrital,5,conteo_candidatos_erm2026,,False,,,,,normal
04-190410,04,6,190410,distrito,SAN JUAN DE BIGOTE,alcalde_distrital,regidor_distrital,5,conteo_candidatos_erm2026,,False,,,,,normal
04-190502,04,6,190502,distrito,AMOTAPE,alcalde_distrital,regidor_distrital,5,conteo_candidatos_erm2026,,False,,,,,normal
04-190503,04,6,190503,distrito,ARENAL,alcalde_distrital,regidor_distrital,5,conteo_candidatos_erm2026,,False,,,,,normal
04-190504,04,6,190504,distrito,LA HUACA,alcalde_distrital,regidor_distrital,5,conteo_candidatos_erm2026,,False,,,,,normal
04-190505,04,6,190505,distrito,COLAN,alcalde_distrital,regidor_distrital,5,conteo_candidatos_erm2026,,False,,,,,normal
04-190506,04,6,190506,distrito,TAMARINDO,alcalde_distrital,regidor_distrital,5,conteo_candidatos_erm2026,,False,,,,,normal
04-190507,04,6,190507,distrito,VICHAYAL,alcalde_distrital,regidor_distrital,5,conteo_candidatos_erm2026,,False,,,,,normal
04-190602,04,6,190602,distrito,BELLAVISTA,alcalde_distrital,regidor_distrital,7,conteo_candidatos_erm2026,,False,,,,,normal
04-190603,04,6,190603,distrito,LANCONES,alcalde_distrital,regidor_distrital,5,conteo_candidatos_erm2026,,False,,,,,normal
04-190604,04,6,190604,distrito,MARCAVELICA,alcalde_distrital,regidor_distrital,7,conteo_candidatos_erm2026,,False,,,,,normal
04-190605,04,6,190605,distrito,MIGUEL CHECA,alcalde_distrital,regidor_distrital,5,conteo_candidatos_erm2026,,False,,,,,normal
04-190606,04,6,190606,distrito,QUERECOTILLO,alcalde_distrital,regidor_distrital,7,conteo_candidatos_erm2026,,False,,,,,normal
04-190607,04,6,190607,distrito,SALITRAL,alcalde_distrital,regidor_distrital,5,conteo_candidatos_erm2026,,False,,,,,normal
04-190608,04,6,190608,distrito,IGNACIO ESCUDERO,alcalde_distrital,regidor_distrital,5,conteo_candidatos_erm2026,,False,,,,,normal
04-190702,04,6,190702,distrito,EL ALTO,alcalde_distrital,regidor_distrital,5,conteo_candidatos_erm2026,,False,,,,,normal
04-190703,04,6,190703,distrito,LA BREA,alcalde_distrital,regidor_distrital,5,conteo_candidatos_erm2026,,False,,,,,normal
04-190704,04,6,190704,distrito,LOBITOS,alcalde_distrital,regidor_distrital,5,conteo_candidatos_erm2026,,False,,,,,normal
04-190705,04,6,190705,distrito,MANCORA,alcalde_distrital,regidor_distrital,5,conteo_candidatos_erm2026,,False,,,,,normal
04-190706,04,6,190706,distrito,LOS ORGANOS,alcalde_distrital,regidor_distrital,5,conteo_candidatos_erm2026,,False,,,,,normal
04-190802,04,6,190802,distrito,VICE,alcalde_distrital,regidor_distrital,5,conteo_candidatos_erm2026,,False,,,,,normal
04-190803,04,6,190803,distrito,BERNAL,alcalde_distrital,regidor_distrital,5,conteo_candidatos_erm2026,,False,,,,,normal
04-190804,04,6,190804,distrito,BELLAVISTA DE LA UNION,alcalde_distrital,regidor_distrital,5,conteo_candidatos_erm2026,,False,,,,,normal
04-190805,04,6,190805,distrito,CRISTO NOS VALGA,alcalde_distrital,regidor_distrital,5,conteo_candidatos_erm2026,,False,,,,,normal
04-190806,04,6,190806,distrito,RINCONADA-LLICUAR,alcalde_distrital,regidor_distrital,5,conteo_candidatos_erm2026,,False,,,,,normal
04-200102,04,6,200102,distrito,ACORA,alcalde_distrital,regidor_distrital,5,conteo_candidatos_erm2026,,False,,,,,normal
04-200103,04,6,200103,distrito,ATUNCOLLA,alcalde_distrital,regidor_distrital,5,conteo_candidatos_erm2026,,False,,,,,normal
04-200104,04,6,200104,distrito,CAPACHICA,alcalde_distrital,regidor_distrital,5,conteo_candidatos_erm2026,,False,,,,,normal
04-200105,04,6,200105,distrito,COATA,alcalde_distrital,regidor_distrital,5,conteo_candidatos_erm2026,,False,,,,,normal
04-200106,04,6,200106,distrito,CHUCUITO,alcalde_distrital,regidor_distrital,5,conteo_candidatos_erm2026,,False,,,,,normal
04-200107,04,6,200107,distrito,HUATA,alcalde_distrital,regidor_distrital,5,conteo_candidatos_erm2026,,False,,,,,normal
04-200108,04,6,200108,distrito,MAÑAZO,alcalde_distrital,regidor_distrital,5,conteo_candidatos_erm2026,,False,,,,,normal
04-200109,04,6,200109,distrito,PAUCARCOLLA,alcalde_distrital,regidor_distrital,5,conteo_candidatos_erm2026,,False,,,,,normal
04-200110,04,6,200110,distrito,PICHACANI,alcalde_distrital,regidor_distrital,5,conteo_candidatos_erm2026,,False,,,,,normal
04-200111,04,6,200111,distrito,SAN ANTONIO,alcalde_distrital,regidor_distrital,5,conteo_candidatos_erm2026,,False,,,,,normal
04-200112,04,6,200112,distrito,TIQUILLACA,alcalde_distrital,regidor_distrital,5,conteo_candidatos_erm2026,,False,,,,,normal
04-200113,04,6,200113,distrito,VILQUE,alcalde_distrital,regidor_distrital,5,conteo_candidatos_erm2026,,False,,,,,normal
04-200114,04,6,200114,distrito,PLATERIA,alcalde_distrital,regidor_distrital,5,conteo_candidatos_erm2026,,False,,,,,normal
04-200115,04,6,200115,distrito,AMANTANI,alcalde_distrital,regidor_distrital,5,conteo_candidatos_erm2026,,False,,,,,normal
04-200202,04,6,200202,distrito,ACHAYA,alcalde_distrital,regidor_distrital,5,conteo_candidatos_erm2026,,False,,,,,normal
04-200203,04,6,200203,distrito,ARAPA,alcalde_distrital,regidor_distrital,5,conteo_candidatos_erm2026,,False,,,,,normal
04-200204,04,6,200204,distrito,ASILLO,alcalde_distrital,regidor_distrital,5,conteo_candidatos_erm2026,,False,,,,,normal
04-200205,04,6,200205,distrito,CAMINACA,alcalde_distrital,regidor_distrital,5,conteo_candidatos_erm2026,,False,,,,,normal
04-200206,04,6,200206,distrito,CHUPA,alcalde_distrital,regidor_distrital,5,conteo_candidatos_erm2026,,False,,,,,normal
04-200207,04,6,200207,distrito,JOSE DOMINGO CHOQUEHUANCA,alcalde_distrital,regidor_distrital,5,conteo_candidatos_erm2026,,False,,,,,normal
04-200208,04,6,200208,distrito,MUÑANI,alcalde_distrital,regidor_distrital,5,conteo_candidatos_erm2026,,False,,,,,normal
04-200210,04,6,200210,distrito,POTONI,alcalde_distrital,regidor_distrital,5,conteo_candidatos_erm2026,,False,,,,,normal
04-200212,04,6,200212,distrito,SAMAN,alcalde_distrital,regidor_distrital,5,conteo_candidatos_erm2026,,False,,,,,normal
04-200213,04,6,200213,distrito,SAN ANTON,alcalde_distrital,regidor_distrital,5,conteo_candidatos_erm2026,,False,,,,,normal
04-200214,04,6,200214,distrito,SAN JOSE,alcalde_distrital,regidor_distrital,5,conteo_candidatos_erm2026,,False,,,,,normal
04-200215,04,6,200215,distrito,SAN JUAN DE SALINAS,alcalde_distrital,regidor_distrital,5,conteo_candidatos_erm2026,,False,,,,,normal
04-200216,04,6,200216,distrito,SANTIAGO DE PUPUJA,alcalde_distrital,regidor_distrital,5,conteo_candidatos_erm2026,,False,,,,,normal
04-200217,04,6,200217,distrito,TIRAPATA,alcalde_distrital,regidor_distrital,5,conteo_candidatos_erm2026,,False,,,,,normal
04-200302,04,6,200302,distrito,AJOYANI,alcalde_distrital,regidor_distrital,5,conteo_candidatos_erm2026,,False,,,,,normal
04-200303,04,6,200303,distrito,AYAPATA,alcalde_distrital,regidor_distrital,5,conteo_candidatos_erm2026,,False,,,,,normal
04-200304,04,6,200304,distrito,COASA,alcalde_distrital,regidor_distrital,5,conteo_candidatos_erm2026,,False,,,,,normal
04-200305,04,6,200305,distrito,CORANI,alcalde_distrital,regidor_distrital,5,conteo_candidatos_erm2026,,False,,,,,normal
04-200306,04,6,200306,distrito,CRUCERO,alcalde_distrital,regidor_distrital,5,conteo_candidatos_erm2026,,False,,,,,normal
04-200307,04,6,200307,distrito,ITUATA,alcalde_distrital,regidor_distrital,5,conteo_candidatos_erm2026,,False,,,,,normal
04-200308,04,6,200308,distrito,OLLACHEA,alcalde_distrital,regidor_distrital,5,conteo_candidatos_erm2026,,False,,,,,normal
04-200309,04,6,200309,distrito,SAN GABAN,alcalde_distrital,regidor_distrital,5,conteo_candidatos_erm2026,,False,,,,,normal
04-200310,04,6,200310,distrito,USICAYOS,alcalde_distrital,regidor_distrital,5,conteo_candidatos_erm2026,,False,,,,,normal
04-200402,04,6,200402,distrito,DESAGUADERO,alcalde_distrital,regidor_distrital,5,conteo_candidatos_erm2026,,False,,,,,normal
04-200403,04,6,200403,distrito,HUACULLANI,alcalde_distrital,regidor_distrital,5,conteo_candidatos_erm2026,,False,,,,,normal
04-200406,04,6,200406,distrito,PISACOMA,alcalde_distrital,regidor_distrital,5,conteo_candidatos_erm2026,,False,,,,,normal
04-200407,04,6,200407,distrito,POMATA,alcalde_distrital,regidor_distrital,5,conteo_candidatos_erm2026,,False,,,,,normal
04-200410,04,6,200410,distrito,ZEPITA,alcalde_distrital,regidor_distrital,5,conteo_candidatos_erm2026,,False,,,,,normal
04-200412,04,6,200412,distrito,KELLUYO,alcalde_distrital,regidor_distrital,5,conteo_candidatos_erm2026,,False,,,,,normal
04-200502,04,6,200502,distrito,COJATA,alcalde_distrital,regidor_distrital,5,conteo_candidatos_erm2026,,False,,,,,normal
04-200504,04,6,200504,distrito,INCHUPALLA,alcalde_distrital,regidor_distrital,5,conteo_candidatos_erm2026,,False,,,,,normal
04-200506,04,6,200506,distrito,PUSI,alcalde_distrital,regidor_distrital,5,conteo_candidatos_erm2026,,False,,,,,normal
04-200507,04,6,200507,distrito,ROSASPATA,alcalde_distrital,regidor_distrital,5,conteo_candidatos_erm2026,,False,,,,,normal
04-200508,04,6,200508,distrito,TARACO,alcalde_distrital,regidor_distrital,5,conteo_candidatos_erm2026,,False,,,,,normal
04-200509,04,6,200509,distrito,VILQUE CHICO,alcalde_distrital,regidor_distrital,5,conteo_candidatos_erm2026,,False,,,,,normal
04-200511,04,6,200511,distrito,HUATASANI,alcalde_distrital,regidor_distrital,5,conteo_candidatos_erm2026,,False,,,,,normal
04-200602,04,6,200602,distrito,CABANILLA,alcalde_distrital,regidor_distrital,5,conteo_candidatos_erm2026,,False,,,,,normal
04-200603,04,6,200603,distrito,CALAPUJA,alcalde_distrital,regidor_distrital,5,conteo_candidatos_erm2026,,False,,,,,normal
04-200604,04,6,200604,distrito,NICASIO,alcalde_distrital,regidor_distrital,5,conteo_candidatos_erm2026,,False,,,,,normal
04-200605,04,6,200605,distrito,OCUVIRI,alcalde_distrital,regidor_distrital,5,conteo_candidatos_erm2026,,False,,,,,normal
04-200606,04,6,200606,distrito,PALCA,alcalde_distrital,regidor_distrital,5,conteo_candidatos_erm2026,,False,,,,,normal
04-200607,04,6,200607,distrito,PARATIA,alcalde_distrital,regidor_distrital,5,conteo_candidatos_erm2026,,False,,,,,normal
04-200608,04,6,200608,distrito,PUCARA,alcalde_distrital,regidor_distrital,5,conteo_candidatos_erm2026,,False,,,,,normal
04-200609,04,6,200609,distrito,SANTA LUCIA,alcalde_distrital,regidor_distrital,5,conteo_candidatos_erm2026,,False,,,,,normal
04-200610,04,6,200610,distrito,VILAVILA,alcalde_distrital,regidor_distrital,5,conteo_candidatos_erm2026,,False,,,,,normal
04-200702,04,6,200702,distrito,ANTAUTA,alcalde_distrital,regidor_distrital,5,conteo_candidatos_erm2026,,False,,,,,normal
04-200703,04,6,200703,distrito,CUPI,alcalde_distrital,regidor_distrital,5,conteo_candidatos_erm2026,,False,,,,,normal
04-200704,04,6,200704,distrito,LLALLI,alcalde_distrital,regidor_distrital,5,conteo_candidatos_erm2026,,False,,,,,normal
04-200705,04,6,200705,distrito,MACARI,alcalde_distrital,regidor_distrital,5,conteo_candidatos_erm2026,,False,,,,,normal
04-200706,04,6,200706,distrito,NUÑOA,alcalde_distrital,regidor_distrital,5,conteo_candidatos_erm2026,,False,,,,,normal
04-200707,04,6,200707,distrito,ORURILLO,alcalde_distrital,regidor_distrital,5,conteo_candidatos_erm2026,,False,,,,,normal
04-200708,04,6,200708,distrito,SANTA ROSA,alcalde_distrital,regidor_distrital,5,conteo_candidatos_erm2026,,False,,,,,normal
04-200709,04,6,200709,distrito,UMACHIRI,alcalde_distrital,regidor_distrital,5,conteo_candidatos_erm2026,,False,,,,,normal
04-200803,04,6,200803,distrito,CUYOCUYO,alcalde_distrital,regidor_distrital,5,conteo_candidatos_erm2026,,False,,,,,normal
04-200804,04,6,200804,distrito,LIMBANI,alcalde_distrital,regidor_distrital,5,conteo_candidatos_erm2026,,False,,,,,normal
04-200805,04,6,200805,distrito,PHARA,alcalde_distrital,regidor_distrital,5,conteo_candidatos_erm2026,,False,,,,,normal
04-200806,04,6,200806,distrito,PATAMBUCO,alcalde_distrital,regidor_distrital,5,conteo_candidatos_erm2026,,False,,,,,normal
04-200807,04,6,200807,distrito,QUIACA,alcalde_distrital,regidor_distrital,5,conteo_candidatos_erm2026,,False,,,,,normal
04-200808,04,6,200808,distrito,SAN JUAN DEL ORO,alcalde_distrital,regidor_distrital,5,conteo_candidatos_erm2026,,False,,,,,normal
04-200810,04,6,200810,distrito,YANAHUAYA,alcalde_distrital,regidor_distrital,5,conteo_candidatos_erm2026,,False,,,,,normal
04-200811,04,6,200811,distrito,ALTO INAMBARI,alcalde_distrital,regidor_distrital,5,conteo_candidatos_erm2026,,False,,,,,normal
04-200812,04,6,200812,distrito,SAN PEDRO DE PUTINA PUNCO,alcalde_distrital,regidor_distrital,5,conteo_candidatos_erm2026,,False,,,,,normal
04-200902,04,6,200902,distrito,CABANA,alcalde_distrital,regidor_distrital,5,conteo_candidatos_erm2026,,False,,,,,normal
04-200903,04,6,200903,distrito,CABANILLAS,alcalde_distrital,regidor_distrital,5,conteo_candidatos_erm2026,,False,,,,,normal
04-200904,04,6,200904,distrito,CARACOTO,alcalde_distrital,regidor_distrital,5,conteo_candidatos_erm2026,,False,,,,,normal
04-200905,04,6,200905,distrito,SAN MIGUEL,alcalde_distrital,regidor_distrital,9,conteo_candidatos_erm2026,,False,,,,,normal
04-201002,04,6,201002,distrito,UNICACHI,alcalde_distrital,regidor_distrital,5,conteo_candidatos_erm2026,,False,,,,,normal
04-201003,04,6,201003,distrito,ANAPIA,alcalde_distrital,regidor_distrital,5,conteo_candidatos_erm2026,,False,,,,,normal
04-201004,04,6,201004,distrito,COPANI,alcalde_distrital,regidor_distrital,5,conteo_candidatos_erm2026,,False,,,,,normal
04-201005,04,6,201005,distrito,CUTURAPI,alcalde_distrital,regidor_distrital,5,conteo_candidatos_erm2026,,False,,,,,normal
04-201006,04,6,201006,distrito,OLLARAYA,alcalde_distrital,regidor_distrital,5,conteo_candidatos_erm2026,,False,,,,,normal
04-201007,04,6,201007,distrito,TINICACHI,alcalde_distrital,regidor_distrital,5,conteo_candidatos_erm2026,,False,,,,,normal
04-201102,04,6,201102,distrito,PEDRO VILCA APAZA,alcalde_distrital,regidor_distrital,5,conteo_candidatos_erm2026,,False,,,,,normal
04-201103,04,6,201103,distrito,QUILCAPUNCU,alcalde_distrital,regidor_distrital,5,conteo_candidatos_erm2026,,False,,,,,normal
04-201104,04,6,201104,distrito,ANANEA,alcalde_distrital,regidor_distrital,5,conteo_candidatos_erm2026,,False,,,,,normal
04-201105,04,6,201105,distrito,SINA,alcalde_distrital,regidor_distrital,5,conteo_candidatos_erm2026,,False,,,,,normal
04-201202,04,6,201202,distrito,PILCUYO,alcalde_distrital,regidor_distrital,5,conteo_candidatos_erm2026,,False,,,,,normal
04-201203,04,6,201203,distrito,SANTA ROSA,alcalde_distrital,regidor_distrital,5,conteo_candidatos_erm2026,,False,,,,,normal
04-201204,04,6,201204,distrito,CAPASO,alcalde_distrital,regidor_distrital,5,conteo_candidatos_erm2026,,False,,,,,normal
04-201205,04,6,201205,distrito,CONDURIRI,alcalde_distrital,regidor_distrital,5,conteo_candidatos_erm2026,,False,,,,,normal
04-201302,04,6,201302,distrito,CONIMA,alcalde_distrital,regidor_distrital,5,conteo_candidatos_erm2026,,False,,,,,normal
04-201303,04,6,201303,distrito,TILALI,alcalde_distrital,regidor_distrital,5,conteo_candidatos_erm2026,,False,,,,,normal
04-201304,04,6,201304,distrito,HUAYRAPATA,alcalde_distrital,regidor_distrital,5,conteo_candidatos_erm2026,,False,,,,,normal
04-210102,04,6,210102,distrito,CALZADA,alcalde_distrital,regidor_distrital,5,conteo_candidatos_erm2026,,False,,,,,normal
04-210103,04,6,210103,distrito,HABANA,alcalde_distrital,regidor_distrital,5,conteo_candidatos_erm2026,,False,,,,,normal
04-210104,04,6,210104,distrito,JEPELACIO,alcalde_distrital,regidor_distrital,5,conteo_candidatos_erm2026,,False,,,,,normal
04-210105,04,6,210105,distrito,SORITOR,alcalde_distrital,regidor_distrital,5,conteo_candidatos_erm2026,,False,,,,,normal
04-210106,04,6,210106,distrito,YANTALO,alcalde_distrital,regidor_distrital,5,conteo_candidatos_erm2026,,False,,,,,normal
04-210202,04,6,210202,distrito,PISCOYACU,alcalde_distrital,regidor_distrital,5,conteo_candidatos_erm2026,,False,,,,,normal
04-210203,04,6,210203,distrito,SACANCHE,alcalde_distrital,regidor_distrital,5,conteo_candidatos_erm2026,,False,,,,,normal
04-210204,04,6,210204,distrito,TINGO DE SAPOSOA,alcalde_distrital,regidor_distrital,5,conteo_candidatos_erm2026,,False,,,,,normal
04-210205,04,6,210205,distrito,ALTO SAPOSOA,alcalde_distrital,regidor_distrital,5,conteo_candidatos_erm2026,,False,,,,,normal
04-210206,04,6,210206,distrito,EL ESLABON,alcalde_distrital,regidor_distrital,5,conteo_candidatos_erm2026,,False,,,,,normal
04-210303,04,6,210303,distrito,BARRANQUITA,alcalde_distrital,regidor_distrital,5,conteo_candidatos_erm2026,,False,,,,,normal
04-210304,04,6,210304,distrito,CAYNARACHI,alcalde_distrital,regidor_distrital,5,conteo_candidatos_erm2026,,False,,,,,normal
04-210305,04,6,210305,distrito,CUÑUMBUQUI,alcalde_distrital,regidor_distrital,5,conteo_candidatos_erm2026,,False,,,,,normal
04-210306,04,6,210306,distrito,PINTO RECODO,alcalde_distrital,regidor_distrital,5,conteo_candidatos_erm2026,,False,,,,,normal
04-210307,04,6,210307,distrito,RUMISAPA,alcalde_distrital,regidor_distrital,5,conteo_candidatos_erm2026,,False,,,,,normal
04-210311,04,6,210311,distrito,SHANAO,alcalde_distrital,regidor_distrital,5,conteo_candidatos_erm2026,,False,,,,,normal
04-210313,04,6,210313,distrito,TABALOSOS,alcalde_distrital,regidor_distrital,5,conteo_candidatos_erm2026,,False,,,,,normal
04-210314,04,6,210314,distrito,ZAPATERO,alcalde_distrital,regidor_distrital,5,conteo_candidatos_erm2026,,False,,,,,normal
04-210315,04,6,210315,distrito,ALONSO DE ALVARADO,alcalde_distrital,regidor_distrital,5,conteo_candidatos_erm2026,,False,,,,,normal
04-210316,04,6,210316,distrito,SAN ROQUE DE CUMBAZA,alcalde_distrital,regidor_distrital,5,conteo_candidatos_erm2026,,False,,,,,normal
04-210402,04,6,210402,distrito,CAMPANILLA,alcalde_distrital,regidor_distrital,5,conteo_candidatos_erm2026,,False,,,,,normal
04-210403,04,6,210403,distrito,HUICUNGO,alcalde_distrital,regidor_distrital,5,conteo_candidatos_erm2026,,False,,,,,normal
04-210404,04,6,210404,distrito,PACHIZA,alcalde_distrital,regidor_distrital,5,conteo_candidatos_erm2026,,False,,,,,normal
04-210405,04,6,210405,distrito,PAJARILLO,alcalde_distrital,regidor_distrital,5,conteo_candidatos_erm2026,,False,,,,,normal
04-210502,04,6,210502,distrito,POSIC,alcalde_distrital,regidor_distrital,5,conteo_candidatos_erm2026,,False,,,,,normal
04-210503,04,6,210503,distrito,YORONGOS,alcalde_distrital,regidor_distrital,5,conteo_candidatos_erm2026,,False,,,,,normal
04-210504,04,6,210504,distrito,YURACYACU,alcalde_distrital,regidor_distrital,5,conteo_candidatos_erm2026,,False,,,,,normal
04-210505,04,6,210505,distrito,NUEVA CAJAMARCA,alcalde_distrital,regidor_distrital,9,conteo_candidatos_erm2026,,False,,,,,normal
04-210506,04,6,210506,distrito,ELIAS SOPLIN VARGAS,alcalde_distrital,regidor_distrital,7,conteo_candidatos_erm2026,,False,,,,,normal
04-210507,04,6,210507,distrito,SAN FERNANDO,alcalde_distrital,regidor_distrital,5,conteo_candidatos_erm2026,,False,,,,,normal
04-210508,04,6,210508,distrito,PARDO MIGUEL,alcalde_distrital,regidor_distrital,5,conteo_candidatos_erm2026,,False,,,,,normal
04-210509,04,6,210509,distrito,AWAJUN,alcalde_distrital,regidor_distrital,5,conteo_candidatos_erm2026,,False,,,,,normal
04-210602,04,6,210602,distrito,ALBERTO LEVEAU,alcalde_distrital,regidor_distrital,5,conteo_candidatos_erm2026,,False,,,,,normal
04-210604,04,6,210604,distrito,CACATACHI,alcalde_distrital,regidor_distrital,5,conteo_candidatos_erm2026,,False,,,,,normal
04-210606,04,6,210606,distrito,CHAZUTA,alcalde_distrital,regidor_distrital,5,conteo_candidatos_erm2026,,False,,,,,normal
04-210607,04,6,210607,distrito,CHIPURANA,alcalde_distrital,regidor_distrital,5,conteo_candidatos_erm2026,,False,,,,,normal
04-210608,04,6,210608,distrito,EL PORVENIR,alcalde_distrital,regidor_distrital,5,conteo_candidatos_erm2026,,False,,,,,normal
04-210609,04,6,210609,distrito,HUIMBAYOC,alcalde_distrital,regidor_distrital,5,conteo_candidatos_erm2026,,False,,,,,normal
04-210610,04,6,210610,distrito,JUAN GUERRA,alcalde_distrital,regidor_distrital,5,conteo_candidatos_erm2026,,False,,,,,normal
04-210611,04,6,210611,distrito,MORALES,alcalde_distrital,regidor_distrital,9,conteo_candidatos_erm2026,,False,,,,,normal
04-210612,04,6,210612,distrito,PAPAPLAYA,alcalde_distrital,regidor_distrital,5,conteo_candidatos_erm2026,,False,,,,,normal
04-210616,04,6,210616,distrito,SAN ANTONIO,alcalde_distrital,regidor_distrital,5,conteo_candidatos_erm2026,,False,,,,,normal
04-210619,04,6,210619,distrito,SAUCE,alcalde_distrital,regidor_distrital,5,conteo_candidatos_erm2026,,False,,,,,normal
04-210620,04,6,210620,distrito,SHAPAJA,alcalde_distrital,regidor_distrital,5,conteo_candidatos_erm2026,,False,,,,,normal
04-210621,04,6,210621,distrito,LA BANDA DE SHILCAYO,alcalde_distrital,regidor_distrital,9,conteo_candidatos_erm2026,,False,,,,,normal
04-210702,04,6,210702,distrito,SAN RAFAEL,alcalde_distrital,regidor_distrital,5,conteo_candidatos_erm2026,,False,,,,,normal
04-210703,04,6,210703,distrito,SAN PABLO,alcalde_distrital,regidor_distrital,5,conteo_candidatos_erm2026,,False,,,,,normal
04-210704,04,6,210704,distrito,ALTO BIAVO,alcalde_distrital,regidor_distrital,5,conteo_candidatos_erm2026,,False,,,,,normal
04-210705,04,6,210705,distrito,HUALLAGA,alcalde_distrital,regidor_distrital,5,conteo_candidatos_erm2026,,False,,,,,normal
04-210706,04,6,210706,distrito,BAJO BIAVO,alcalde_distrital,regidor_distrital,5,conteo_candidatos_erm2026,,False,,,,,normal
04-210802,04,6,210802,distrito,NUEVO PROGRESO,alcalde_distrital,regidor_distrital,5,conteo_candidatos_erm2026,,False,,,,,normal
04-210803,04,6,210803,distrito,POLVORA,alcalde_distrital,regidor_distrital,5,conteo_candidatos_erm2026,,False,,,,,normal
04-210804,04,6,210804,distrito,SHUNTE,alcalde_distrital,regidor_distrital,5,conteo_candidatos_erm2026,,False,,,,,normal
04-210805,04,6,210805,distrito,UCHIZA,alcalde_distrital,regidor_distrital,5,conteo_candidatos_erm2026,,False,,,,,normal
04-210806,04,6,210806,distrito,SANTA LUCIA,alcalde_distrital,regidor_distrital,5,conteo_candidatos_erm2026,,False,,,,,normal
04-210902,04,6,210902,distrito,BUENOS AIRES,alcalde_distrital,regidor_distrital,5,conteo_candidatos_erm2026,,False,,,,,normal
04-210903,04,6,210903,distrito,CASPIZAPA,alcalde_distrital,regidor_distrital,5,conteo_candidatos_erm2026,,False,,,,,normal
04-210904,04,6,210904,distrito,PILLUANA,alcalde_distrital,regidor_distrital,5,conteo_candidatos_erm2026,,False,,,,,normal
04-210905,04,6,210905,distrito,PUCACACA,alcalde_distrital,regidor_distrital,5,conteo_candidatos_erm2026,,False,,,,,normal
04-210906,04,6,210906,distrito,SAN CRISTOBAL,alcalde_distrital,regidor_distrital,5,conteo_candidatos_erm2026,,False,,,,,normal
04-210907,04,6,210907,distrito,SAN HILARION,alcalde_distrital,regidor_distrital,5,conteo_candidatos_erm2026,,False,,,,,normal
04-210908,04,6,210908,distrito,TINGO DE PONASA,alcalde_distrital,regidor_distrital,5,conteo_candidatos_erm2026,,False,,,,,normal
04-210909,04,6,210909,distrito,TRES UNIDOS,alcalde_distrital,regidor_distrital,5,conteo_candidatos_erm2026,,False,,,,,normal
04-210910,04,6,210910,distrito,SHAMBOYACU,alcalde_distrital,regidor_distrital,5,conteo_candidatos_erm2026,,False,,,,,normal
04-211002,04,6,211002,distrito,AGUA BLANCA,alcalde_distrital,regidor_distrital,5,conteo_candidatos_erm2026,,False,,,,,normal
04-211003,04,6,211003,distrito,SHATOJA,alcalde_distrital,regidor_distrital,5,conteo_candidatos_erm2026,,False,,,,,normal
04-211004,04,6,211004,distrito,SAN MARTIN,alcalde_distrital,regidor_distrital,5,conteo_candidatos_erm2026,,False,,,,,normal
04-211005,04,6,211005,distrito,SANTA ROSA,alcalde_distrital,regidor_distrital,5,conteo_candidatos_erm2026,,False,,,,,normal
04-220102,04,6,220102,distrito,CALANA,alcalde_distrital,regidor_distrital,5,conteo_candidatos_erm2026,,False,,,,,normal
04-220104,04,6,220104,distrito,INCLAN,alcalde_distrital,regidor_distrital,5,conteo_candidatos_erm2026,,False,,,,,normal
04-220107,04,6,220107,distrito,PACHIA,alcalde_distrital,regidor_distrital,5,conteo_candidatos_erm2026,,False,,,,,normal
04-220108,04,6,220108,distrito,PALCA,alcalde_distrital,regidor_distrital,5,conteo_candidatos_erm2026,,False,,,,,normal
04-220109,04,6,220109,distrito,POCOLLAY,alcalde_distrital,regidor_distrital,5,conteo_candidatos_erm2026,,False,,,,,normal
04-220110,04,6,220110,distrito,SAMA,alcalde_distrital,regidor_distrital,5,conteo_candidatos_erm2026,,False,,,,,normal
04-220111,04,6,220111,distrito,ALTO DE LA ALIANZA,alcalde_distrital,regidor_distrital,7,conteo_candidatos_erm2026,,False,,,,,normal
04-220112,04,6,220112,distrito,CIUDAD NUEVA,alcalde_distrital,regidor_distrital,7,conteo_candidatos_erm2026,,False,,,,,normal
04-220113,04,6,220113,distrito,CORONEL GREGORIO ALBARRACIN LANCHIPA,alcalde_distrital,regidor_distrital,11,conteo_candidatos_erm2026,,False,,,,,normal
04-220114,04,6,220114,distrito,LA YARADA LOS PALOS,alcalde_distrital,regidor_distrital,5,conteo_candidatos_erm2026,,False,,,,,normal
04-220205,04,6,220205,distrito,HEROES ALBARRACIN,alcalde_distrital,regidor_distrital,5,conteo_candidatos_erm2026,,False,,,,,normal
04-220206,04,6,220206,distrito,ESTIQUE,alcalde_distrital,regidor_distrital,5,conteo_candidatos_erm2026,,False,,,,,normal
04-220207,04,6,220207,distrito,ESTIQUE PAMPA,alcalde_distrital,regidor_distrital,5,conteo_candidatos_erm2026,,False,,,,,normal
04-220210,04,6,220210,distrito,SITAJARA,alcalde_distrital,regidor_distrital,5,conteo_candidatos_erm2026,,False,,,,,normal
04-220211,04,6,220211,distrito,SUSAPAYA,alcalde_distrital,regidor_distrital,5,conteo_candidatos_erm2026,,False,,,,,normal
04-220212,04,6,220212,distrito,TARUCACHI,alcalde_distrital,regidor_distrital,5,conteo_candidatos_erm2026,,False,,,,,normal
04-220213,04,6,220213,distrito,TICACO,alcalde_distrital,regidor_distrital,5,conteo_candidatos_erm2026,,False,,,,,normal
04-220302,04,6,220302,distrito,ITE,alcalde_distrital,regidor_distrital,5,conteo_candidatos_erm2026,,False,,,,,normal
04-220303,04,6,220303,distrito,ILABAYA,alcalde_distrital,regidor_distrital,5,conteo_candidatos_erm2026,,False,,,,,normal
04-220402,04,6,220402,distrito,CAIRANI,alcalde_distrital,regidor_distrital,5,conteo_candidatos_erm2026,,False,,,,,normal
04-220403,04,6,220403,distrito,CURIBAYA,alcalde_distrital,regidor_distrital,5,conteo_candidatos_erm2026,,False,,,,,normal
04-220404,04,6,220404,distrito,HUANUARA,alcalde_distrital,regidor_distrital,5,conteo_candidatos_erm2026,,False,,,,,normal
04-220405,04,6,220405,distrito,QUILAHUANI,alcalde_distrital,regidor_distrital,5,conteo_candidatos_erm2026,,False,,,,,normal
04-220406,04,6,220406,distrito,CAMILACA,alcalde_distrital,regidor_distrital,5,conteo_candidatos_erm2026,,False,,,,,normal
04-230102,04,6,230102,distrito,CORRALES,alcalde_distrital,regidor_distrital,7,conteo_candidatos_erm2026,,False,,,,,normal
04-230103,04,6,230103,distrito,LA CRUZ,alcalde_distrital,regidor_distrital,5,conteo_candidatos_erm2026,,False,,,,,normal
04-230104,04,6,230104,distrito,PAMPAS DE HOSPITAL,alcalde_distrital,regidor_distrital,5,conteo_candidatos_erm2026,,False,,,,,normal
04-230105,04,6,230105,distrito,SAN JACINTO,alcalde_distrital,regidor_distrital,5,conteo_candidatos_erm2026,,False,,,,,normal
04-230106,04,6,230106,distrito,SAN JUAN DE LA VIRGEN,alcalde_distrital,regidor_distrital,5,conteo_candidatos_erm2026,,False,,,,,normal
04-230202,04,6,230202,distrito,CASITAS,alcalde_distrital,regidor_distrital,5,conteo_candidatos_erm2026,,False,,,,,normal
04-230203,04,6,230203,distrito,CANOAS DE PUNTA SAL,alcalde_distrital,regidor_distrital,5,conteo_candidatos_erm2026,,False,,,,,normal
04-230302,04,6,230302,distrito,MATAPALO,alcalde_distrital,regidor_distrital,5,conteo_candidatos_erm2026,,False,,,,,normal
04-230303,04,6,230303,distrito,PAPAYAL,alcalde_distrital,regidor_distrital,5,conteo_candidatos_erm2026,,False,,,,,normal
04-230304,04,6,230304,distrito,AGUAS VERDES,alcalde_distrital,regidor_distrital,5,conteo_candidatos_erm2026,,False,,,,,normal
04-240102,04,6,240102,distrito,BELLAVISTA,alcalde_distrital,regidor_distrital,9,conteo_candidatos_erm2026,,False,,,,,normal
04-240103,04,6,240103,distrito,LA PUNTA,alcalde_distrital,regidor_distrital,5,conteo_candidatos_erm2026,,False,,,,,normal
04-240104,04,6,240104,distrito,CARMEN DE LA LEGUA-REYNOSO,alcalde_distrital,regidor_distrital,7,conteo_candidatos_erm2026,,False,,,,,normal
04-240105,04,6,240105,distrito,LA PERLA,alcalde_distrital,regidor_distrital,9,conteo_candidatos_erm2026,,False,,,,,normal
04-240106,04,6,240106,distrito,VENTANILLA,alcalde_distrital,regidor_distrital,13,conteo_candidatos_erm2026,,False,,,,,normal
04-240107,04,6,240107,distrito,MI PERU,alcalde_distrital,regidor_distrital,9,conteo_candidatos_erm2026,,False,,,,,normal
04-250102,04,6,250102,distrito,YARINACOCHA,alcalde_distrital,regidor_distrital,11,conteo_candidatos_erm2026,,False,,,,,normal
04-250103,04,6,250103,distrito,MASISEA,alcalde_distrital,regidor_distrital,5,conteo_candidatos_erm2026,,False,,,,,normal
04-250104,04,6,250104,distrito,CAMPOVERDE,alcalde_distrital,regidor_distrital,5,conteo_candidatos_erm2026,,False,,,,,normal
04-250105,04,6,250105,distrito,IPARIA,alcalde_distrital,regidor_distrital,5,conteo_candidatos_erm2026,,False,,,,,normal
04-250106,04,6,250106,distrito,NUEVA REQUENA,alcalde_distrital,regidor_distrital,5,conteo_candidatos_erm2026,,False,,,,,normal
04-250107,04,6,250107,distrito,MANANTAY,alcalde_distrital,regidor_distrital,11,conteo_candidatos_erm2026,,False,,,,,normal
04-250202,04,6,250202,distrito,IRAZOLA,alcalde_distrital,regidor_distrital,5,conteo_candidatos_erm2026,,False,,,,,normal
04-250203,04,6,250203,distrito,CURIMANA,alcalde_distrital,regidor_distrital,5,conteo_candidatos_erm2026,,False,,,,,normal
04-250204,04,6,250204,distrito,NESHUYA,alcalde_distrital,regidor_distrital,5,conteo_candidatos_erm2026,,False,,,,,normal
04-250205,04,6,250205,distrito,ALEXANDER VON HUMBOLDT,alcalde_distrital,regidor_distrital,5,conteo_candidatos_erm2026,,False,,,,,normal
04-250206,04,6,250206,distrito,BOQUERON,alcalde_distrital,regidor_distrital,5,conteo_candidatos_erm2026,,False,,,,,normal
04-250207,04,6,250207,distrito,HUIPOCA,alcalde_distrital,regidor_distrital,5,conteo_candidatos_erm2026,,False,,,,,normal
04-250302,04,6,250302,distrito,TAHUANIA,alcalde_distrital,regidor_distrital,5,conteo_candidatos_erm2026,,False,,,,,normal
04-250303,04,6,250303,distrito,YURUA,alcalde_distrital,regidor_distrital,5,conteo_candidatos_erm2026,,False,,,,,normal
04-250304,04,6,250304,distrito,SEPAHUA,alcalde_distrital,regidor_distrital,5,conteo_candidatos_erm2026,,False,,,,,normal
