ubigeo_distrito,ubigeo_provincia,ubigeo_departamento,nombre_distrito,nombre_provincia,nombre_departamento,race_gobernador,race_consejero,race_provincial,race_distrital,es_capital_provincia
010101,010100,010000,CHACHAPOYAS,CHACHAPOYAS,AMAZONAS,01-010000,02-010100,03-010100,,True
010102,010100,010000,ASUNCION,CHACHAPOYAS,AMAZONAS,01-010000,02-010100,03-010100,04-010102,False
010103,010100,010000,BALSAS,CHACHAPOYAS,AMAZONAS,01-010000,02-010100,03-010100,04-010103,False
010104,010100,010000,CHETO,CHACHAPOYAS,AMAZONAS,01-010000,02-010100,03-010100,04-010104,False
010105,010100,010000,CHILIQUIN,CHACHAPOYAS,AMAZONAS,01-010000,02-010100,03-010100,04-010105,False
010106,010100,010000,CHUQUIBAMBA,CHACHAPOYAS,AMAZONAS,01-010000,02-010100,03-010100,04-010106,False
010107,010100,010000,GRANADA,CHACHAPOYAS,AMAZONAS,01-010000,02-010100,03-010100,04-010107,False
010108,010100,010000,HUANCAS,CHACHAPOYAS,AMAZONAS,01-010000,02-010100,03-010100,04-010108,False
010109,010100,010000,LA JALCA,CHACHAPOYAS,AMAZONAS,01-010000,02-010100,03-010100,04-010109,False
010110,010100,010000,LEIMEBAMBA,CHACHAPOYAS,AMAZONAS,01-010000,02-010100,03-010100,04-010110,False
010111,010100,010000,LEVANTO,CHACHAPOYAS,AMAZONAS,01-010000,02-010100,03-010100,04-010111,False
010112,010100,010000,MAGDALENA,CHACHAPOYAS,AMAZONAS,01-010000,02-010100,03-010100,04-010112,False
010113,010100,010000,MARISCAL CASTILLA,CHACHAPOYAS,AMAZONAS,01-010000,02-010100,03-010100,04-010113,False
010114,010100,010000,MOLINOPAMPA,CHACHAPOYAS,AMAZONAS,01-010000,02-010100,03-010100,04-010114,False
010115,010100,010000,MONTEVIDEO,CHACHAPOYAS,AMAZONAS,01-010000,02-010100,03-010100,04-010115,False
010116,010100,010000,OLLEROS,CHACHAPOYAS,AMAZONAS,01-010000,02-010100,03-010100,04-010116,False
010117,010100,010000,QUINJALCA,CHACHAPOYAS,AMAZONAS,01-010000,02-010100,03-010100,04-010117,False
010118,010100,010000,SAN FRANCISCO DE DAGUAS,CHACHAPOYAS,AMAZONAS,01-010000,02-010100,03-010100,04-010118,False
010119,010100,010000,SAN ISIDRO DE MAINO,CHACHAPOYAS,AMAZONAS,01-010000,02-010100,03-010100,04-010119,False
010120,010100,010000,SOLOCO,CHACHAPOYAS,AMAZONAS,01-010000,02-010100,03-010100,04-010120,False
010121,010100,010000,SONCHE,CHACHAPOYAS,AMAZONAS,01-010000,02-010100,03-010100,04-010121,False
010201,010200,010000,LA PECA,BAGUA,AMAZONAS,01-010000,02-010200,03-010200,04-010201,False
010202,010200,010000,ARAMANGO,BAGUA,AMAZONAS,01-010000,02-010200,03-010200,04-010202,False
010203,010200,010000,COPALLIN,BAGUA,AMAZONAS,01-010000,02-010200,03-010200,04-010203,False
010204,010200,010000,EL PARCO,BAGUA,AMAZONAS,01-010000,02-010200,03-010200,04-010204,False
010205,010200,010000,BAGUA,BAGUA,AMAZONAS,01-010000,02-010200,03-010200,,True
010206,010200,010000,IMAZA,BAGUA,AMAZONAS,01-010000,02-010200,03-010200,04-010206,False
010301,010300,010000,JUMBILLA,BONGARA,AMAZONAS,01-010000,02-010300,03-010300,,True
010302,010300,010000,COROSHA,BONGARA,AMAZONAS,01-010000,02-010300,03-010300,04-010302,False
010303,010300,010000,CUISPES,BONGARA,AMAZONAS,01-010000,02-010300,03-010300,04-010303,False
010304,010300,010000,CHISQUILLA,BONGARA,AMAZONAS,01-010000,02-010300,03-010300,04-010304,False
010305,010300,010000,CHURUJA,BONGARA,AMAZONAS,01-010000,02-010300,03-010300,04-010305,False
010306,010300,010000,FLORIDA,BONGARA,AMAZONAS,01-010000,02-010300,03-010300,04-010306,False
010307,010300,010000,RECTA,BONGARA,AMAZONAS,01-010000,02-010300,03-010300,04-010307,False
010308,010300,010000,SAN CARLOS,BONGARA,AMAZONAS,01-010000,02-010300,03-010300,04-010308,False
010309,010300,010000,SHIPASBAMBA,BONGARA,AMAZONAS,01-010000,02-010300,03-010300,04-010309,False
010310,010300,010000,VALERA,BONGARA,AMAZONAS,01-010000,02-010300,03-010300,04-010310,False
010311,010300,010000,YAMBRASBAMBA,BONGARA,AMAZONAS,01-010000,02-010300,03-010300,04-010311,False
010312,010300,010000,JAZAN,BONGARA,AMAZONAS,01-010000,02-010300,03-010300,04-010312,False
010401,010400,010000,LAMUD,LUYA,AMAZONAS,01-010000,02-010400,03-010400,,True
010402,010400,010000,CAMPORREDONDO,LUYA,AMAZONAS,01-010000,02-010400,03-010400,04-010402,False
010403,010400,010000,COCABAMBA,LUYA,AMAZONAS,01-010000,02-010400,03-010400,04-010403,False
010404,010400,010000,COLCAMAR,LUYA,AMAZONAS,01-010000,02-010400,03-010400,04-010404,False
010405,010400,010000,CONILA,LUYA,AMAZONAS,01-010000,02-010400,03-010400,04-010405,False
010406,010400,010000,INGUILPATA,LUYA,AMAZONAS,01-010000,02-010400,03-010400,04-010406,False
010407,010400,010000,LONGUITA,LUYA,AMAZONAS,01-010000,02-010400,03-010400,04-010407,False
010408,010400,010000,LONYA CHICO,LUYA,AMAZONAS,01-010000,02-010400,03-010400,04-010408,False
010409,010400,010000,LUYA,LUYA,AMAZONAS,01-010000,02-010400,03-010400,04-010409,False
010410,010400,010000,LUYA VIEJO,LUYA,AMAZONAS,01-010000,02-010400,03-010400,04-010410,False
010411,010400,010000,MARIA,LUYA,AMAZONAS,01-010000,02-010400,03-010400,04-010411,False
010412,010400,010000,OCALLI,LUYA,AMAZONAS,01-010000,02-010400,03-010400,04-010412,False
010413,010400,010000,OCUMAL,LUYA,AMAZONAS,01-010000,02-010400,03-010400,04-010413,False
010414,010400,010000,PISUQUIA,LUYA,AMAZONAS,01-010000,02-010400,03-010400,04-010414,False
010415,010400,010000,SAN CRISTOBAL,LUYA,AMAZONAS,01-010000,02-010400,03-010400,04-010415,False
010416,010400,010000,SAN FRANCISCO DE YESO,LUYA,AMAZONAS,01-010000,02-010400,03-010400,04-010416,False
010417,010400,010000,SAN JERONIMO,LUYA,AMAZONAS,01-010000,02-010400,03-010400,04-010417,False
010418,010400,010000,SAN JUAN DE LOPECANCHA,LUYA,AMAZONAS,01-010000,02-010400,03-010400,04-010418,False
010419,010400,010000,SANTA CATALINA,LUYA,AMAZONAS,01-010000,02-010400,03-010400,04-010419,False
010420,010400,010000,SANTO TOMAS,LUYA,AMAZONAS,01-010000,02-010400,03-010400,04-010420,False
010421,010400,010000,TINGO,LUYA,AMAZONAS,01-010000,02-010400,03-010400,04-010421,False
010422,010400,010000,TRITA,LUYA,AMAZONAS,01-010000,02-010400,03-010400,04-010422,False
010423,010400,010000,PROVIDENCIA,LUYA,AMAZONAS,01-010000,02-010400,03-010400,04-010423,False
010501,010500,010000,SAN NICOLAS,RODRIGUEZ DE MENDOZA,AMAZONAS,01-010000,02-010500,03-010500,,True
010502,010500,010000,COCHAMAL,RODRIGUEZ DE MENDOZA,AMAZONAS,01-010000,02-010500,03-010500,04-010502,False
010503,010500,010000,CHIRIMOTO,RODRIGUEZ DE MENDOZA,AMAZONAS,01-010000,02-010500,03-010500,04-010503,False
010504,010500,010000,HUAMBO,RODRIGUEZ DE MENDOZA,AMAZONAS,01-010000,02-010500,03-010500,04-010504,False
010505,010500,010000,LIMABAMBA,RODRIGUEZ DE MENDOZA,AMAZONAS,01-010000,02-010500,03-010500,04-010505,False
010506,010500,010000,LONGAR,RODRIGUEZ DE MENDOZA,AMAZONAS,01-010000,02-010500,03-010500,04-010506,False
010507,010500,010000,MILPUCC,RODRIGUEZ DE MENDOZA,AMAZONAS,01-010000,02-010500,03-010500,04-010507,False
010508,010500,010000,MARISCAL BENAVIDES,RODRIGUEZ DE MENDOZA,AMAZONAS,01-010000,02-010500,03-010500,04-010508,False
010509,010500,010000,OMIA,RODRIGUEZ DE MENDOZA,AMAZONAS,01-010000,02-010500,03-010500,04-010509,False
010510,010500,010000,SANTA ROSA,RODRIGUEZ DE MENDOZA,AMAZONAS,01-010000,02-010500,03-010500,04-010510,False
010511,010500,010000,TOTORA,RODRIGUEZ DE MENDOZA,AMAZONAS,01-010000,02-010500,03-010500,04-010511,False
010512,010500,010000,VISTA ALEGRE,RODRIGUEZ DE MENDOZA,AMAZONAS,01-010000,02-010500,03-010500,04-010512,False
010601,010600,010000,NIEVA,CONDORCANQUI,AMAZONAS,01-010000,02-010600,03-010600,,True
010602,010600,010000,RIO SANTIAGO,CONDORCANQUI,AMAZONAS,01-010000,02-010600,03-010600,04-010602,False
010603,010600,010000,EL CENEPA,CONDORCANQUI,AMAZONAS,01-010000,02-010600,03-010600,04-010603,False
010701,010700,010000,BAGUA GRANDE,UTCUBAMBA,AMAZONAS,01-010000,02-010700,03-010700,,True
010702,010700,010000,CAJARURO,UTCUBAMBA,AMAZONAS,01-010000,02-010700,03-010700,04-010702,False
010703,010700,010000,CUMBA,UTCUBAMBA,AMAZONAS,01-010000,02-010700,03-010700,04-010703,False
010704,010700,010000,EL MILAGRO,UTCUBAMBA,AMAZONAS,01-010000,02-010700,03-010700,04-010704,False
010705,010700,010000,JAMALCA,UTCUBAMBA,AMAZONAS,01-010000,02-010700,03-010700,04-010705,False
010706,010700,010000,LONYA GRANDE,UTCUBAMBA,AMAZONAS,01-010000,02-010700,03-010700,04-010706,False
010707,010700,010000,YAMON,UTCUBAMBA,AMAZONAS,01-010000,02-010700,03-010700,04-010707,False
020101,020100,020000,HUARAZ,HUARAZ,ANCASH,01-020000,02-020100,03-020100,,True
020102,020100,020000,INDEPENDENCIA,HUARAZ,ANCASH,01-020000,02-020100,03-020100,04-020102,False
020103,020100,020000,COCHABAMBA,HUARAZ,ANCASH,01-020000,02-020100,03-020100,04-020103,False
020104,020100,020000,COLCABAMBA,HUARAZ,ANCASH,01-020000,02-020100,03-020100,04-020104,False
020105,020100,020000,HUANCHAY,HUARAZ,ANCASH,01-020000,02-020100,03-020100,04-020105,False
020106,020100,020000,JANGAS,HUARAZ,ANCASH,01-020000,02-020100,03-020100,04-020106,False
020107,020100,020000,LA LIBERTAD,HUARAZ,ANCASH,01-020000,02-020100,03-020100,04-020107,False
020108,020100,020000,OLLEROS,HUARAZ,ANCASH,01-020000,02-020100,03-020100,04-020108,False
020109,020100,020000,PAMPAS GRANDE,HUARAZ,ANCASH,01-020000,02-020100,03-020100,04-020109,False
020110,020100,020000,PARIACOTO,HUARAZ,ANCASH,01-020000,02-020100,03-020100,04-020110,False
020111,020100,020000,PIRA,HUARAZ,ANCASH,01-020000,02-020100,03-020100,04-020111,False
020112,020100,020000,TARICA,HUARAZ,ANCASH,01-020000,02-020100,03-020100,04-020112,False
020201,020200,020000,AIJA,AIJA,ANCASH,01-020000,02-020200,03-020200,,True
020203,020200,020000,CORIS,AIJA,ANCASH,01-020000,02-020200,03-020200,04-020203,False
020205,020200,020000,HUACLLAN,AIJA,ANCASH,01-020000,02-020200,03-020200,04-020205,False
020206,020200,020000,LA MERCED,AIJA,ANCASH,01-020000,02-020200,03-020200,04-020206,False
020208,020200,020000,SUCCHA,AIJA,ANCASH,01-020000,02-020200,03-020200,04-020208,False
020301,020300,020000,CHIQUIAN,BOLOGNESI,ANCASH,01-020000,02-020300,03-020300,,True
020302,020300,020000,ABELARDO PARDO LEZAMETA,BOLOGNESI,ANCASH,01-020000,02-020300,03-020300,04-020302,False
020304,020300,020000,AQUIA,BOLOGNESI,ANCASH,01-020000,02-020300,03-020300,04-020304,False
020305,020300,020000,CAJACAY,BOLOGNESI,ANCASH,01-020000,02-020300,03-020300,04-020305,False
020310,020300,020000,HUAYLLACAYAN,BOLOGNESI,ANCASH,01-020000,02-020300,03-020300,04-020310,False
020311,020300,020000,HUASTA,BOLOGNESI,ANCASH,01-020000,02-020300,03-020300,04-020311,False
020313,020300,020000,MANGAS,BOLOGNESI,ANCASH,01-020000,02-020300,03-020300,04-020313,False
020315,020300,020000,PACLLON,BOLOGNESI,ANCASH,01-020000,02-020300,03-020300,04-020315,False
020317,020300,020000,SAN MIGUEL DE CORPANQUI,BOLOGNESI,ANCASH,01-020000,02-020300,03-020300,04-020317,False
020320,020300,020000,TICLLOS,BOLOGNESI,ANCASH,01-020000,02-020300,03-020300,04-020320,False
020321,020300,020000,ANTONIO RAIMONDI,BOLOGNESI,ANCASH,01-020000,02-020300,03-020300,04-020321,False
020322,020300,020000,CANIS,BOLOGNESI,ANCASH,01-020000,02-020300,03-020300,04-020322,False
020323,020300,020000,COLQUIOC,BOLOGNESI,ANCASH,01-020000,02-020300,03-020300,04-020323,False
020324,020300,020000,LA PRIMAVERA,BOLOGNESI,ANCASH,01-020000,02-020300,03-020300,04-020324,False
020325,020300,020000,HUALLANCA,BOLOGNESI,ANCASH,01-020000,02-020300,03-020300,04-020325,False
020401,020400,020000,CARHUAZ,CARHUAZ,ANCASH,01-020000,02-020400,03-020400,,True
020402,020400,020000,ACOPAMPA,CARHUAZ,ANCASH,01-020000,02-020400,03-020400,04-020402,False
020403,020400,020000,AMASHCA,CARHUAZ,ANCASH,01-020000,02-020400,03-020400,04-020403,False
020404,020400,020000,ANTA,CARHUAZ,ANCASH,01-020000,02-020400,03-020400,04-020404,False
020405,020400,020000,ATAQUERO,CARHUAZ,ANCASH,01-020000,02-020400,03-020400,04-020405,False
020406,020400,020000,MARCARA,CARHUAZ,ANCASH,01-020000,02-020400,03-020400,04-020406,False
020407,020400,020000,PARIAHUANCA,CARHUAZ,ANCASH,01-020000,02-020400,03-020400,04-020407,False
020408,020400,020000,SAN MIGUEL DE ACO,CARHUAZ,ANCASH,01-020000,02-020400,03-020400,04-020408,False
020409,020400,020000,SHILLA,CARHUAZ,ANCASH,01-020000,02-020400,03-020400,04-020409,False
020410,020400,020000,TINCO,CARHUAZ,ANCASH,01-020000,02-020400,03-020400,04-020410,False
020411,020400,020000,YUNGAR,CARHUAZ,ANCASH,01-020000,02-020400,03-020400,04-020411,False
020501,020500,020000,CASMA,CASMA,ANCASH,01-020000,02-020500,03-020500,,True
020502,020500,020000,BUENA VISTA ALTA,CASMA,ANCASH,01-020000,02-020500,03-020500,04-020502,False
020503,020500,020000,COMANDANTE NOEL,CASMA,ANCASH,01-020000,02-020500,03-020500,04-020503,False
020505,020500,020000,YAUTAN,CASMA,ANCASH,01-020000,02-020500,03-020500,04-020505,False
020601,020600,020000,CORONGO,CORONGO,ANCASH,01-020000,02-020600,03-020600,,True
020602,020600,020000,ACO,CORONGO,ANCASH,01-020000,02-020600,03-020600,04-020602,False
020603,020600,020000,BAMBAS,CORONGO,ANCASH,01-020000,02-020600,03-020600,04-020603,False
020604,020600,020000,CUSCA,CORONGO,ANCASH,01-020000,02-020600,03-020600,04-020604,False
020605,020600,020000,LA PAMPA,CORONGO,ANCASH,01-020000,02-020600,03-020600,04-020605,False
020606,020600,020000,YANAC,CORONGO,ANCASH,01-020000,02-020600,03-020600,04-020606,False
020607,020600,020000,YUPAN,CORONGO,ANCASH,01-020000,02-020600,03-020600,04-020607,False
020701,020700,020000,CARAZ,HUAYLAS,ANCASH,01-020000,02-020700,03-020700,,True
020702,020700,020000,HUALLANCA,HUAYLAS,ANCASH,01-020000,02-020700,03-020700,04-020702,False
020703,020700,020000,HUATA,HUAYLAS,ANCASH,01-020000,02-020700,03-020700,04-020703,False
020704,020700,020000,HUAYLAS,HUAYLAS,ANCASH,01-020000,02-020700,03-020700,04-020704,False
020705,020700,020000,MATO,HUAYLAS,ANCASH,01-020000,02-020700,03-020700,04-020705,False
020706,020700,020000,PAMPAROMAS,HUAYLAS,ANCASH,01-020000,02-020700,03-020700,04-020706,False
020707,020700,020000,PUEBLO LIBRE,HUAYLAS,ANCASH,01-020000,02-020700,03-020700,04-020707,False
020708,020700,020000,SANTA CRUZ,HUAYLAS,ANCASH,01-020000,02-020700,03-020700,04-020708,False
020709,020700,020000,YURACMARCA,HUAYLAS,ANCASH,01-020000,02-020700,03-020700,04-020709,False
020710,020700,020000,SANTO TORIBIO,HUAYLAS,ANCASH,01-020000,02-020700,03-020700,04-020710,False
020801,020800,020000,HUARI,HUARI,ANCASH,01-020000,02-020800,03-020800,,True
020802,020800,020000,CAJAY,HUARI,ANCASH,01-020000,02-020800,03-020800,04-020802,False
020803,020800,020000,CHAVIN DE HUANTAR,HUARI,ANCASH,01-020000,02-020800,03-020800,04-020803,False
020804,020800,020000,HUACACHI,HUARI,ANCASH,01-020000,02-020800,03-020800,04-020804,False
020805,020800,020000,HUACHIS,HUARI,ANCASH,01-020000,02-020800,03-020800,04-020805,False
020806,020800,020000,HUACCHIS,HUARI,ANCASH,01-020000,02-020800,03-020800,04-020806,False
020807,020800,020000,HUANTAR,HUARI,ANCASH,01-020000,02-020800,03-020800,04-020807,False
020808,020800,020000,MASIN,HUARI,ANCASH,01-020000,02-020800,03-020800,04-020808,False
020809,020800,020000,PAUCAS,HUARI,ANCASH,01-020000,02-020800,03-020800,04-020809,False
020810,020800,020000,PONTO,HUARI,ANCASH,01-020000,02-020800,03-020800,04-020810,False
020811,020800,020000,RAHUAPAMPA,HUARI,ANCASH,01-020000,02-020800,03-020800,04-020811,False
020812,020800,020000,RAPAYAN,HUARI,ANCASH,01-020000,02-020800,03-020800,04-020812,False
020813,020800,020000,SAN MARCOS,HUARI,ANCASH,01-020000,02-020800,03-020800,04-020813,False
020814,020800,020000,SAN PEDRO DE CHANA,HUARI,ANCASH,01-020000,02-020800,03-020800,04-020814,False
020815,020800,020000,UCO,HUARI,ANCASH,01-020000,02-020800,03-020800,04-020815,False
020816,020800,020000,ANRA,HUARI,ANCASH,01-020000,02-020800,03-020800,04-020816,False
020901,020900,020000,PISCOBAMBA,MARISCAL LUZURIAGA,ANCASH,01-020000,02-020900,03-020900,,True
020902,020900,020000,CASCA,MARISCAL LUZURIAGA,ANCASH,01-020000,02-020900,03-020900,04-020902,False
020903,020900,020000,LUCMA,MARISCAL LUZURIAGA,ANCASH,01-020000,02-020900,03-020900,04-020903,False
020904,020900,020000,FIDEL OLIVAS ESCUDERO,MARISCAL LUZURIAGA,ANCASH,01-020000,02-020900,03-020900,04-020904,False
020905,020900,020000,LLAMA,MARISCAL LUZURIAGA,ANCASH,01-020000,02-020900,03-020900,04-020905,False
020906,020900,020000,LLUMPA,MARISCAL LUZURIAGA,ANCASH,01-020000,02-020900,03-020900,04-020906,False
020907,020900,020000,MUSGA,MARISCAL LUZURIAGA,ANCASH,01-020000,02-020900,03-020900,04-020907,False
020908,020900,020000,ELEAZAR GUZMAN BARRON,MARISCAL LUZURIAGA,ANCASH,01-020000,02-020900,03-020900,04-020908,False
021001,021000,020000,CABANA,PALLASCA,ANCASH,01-020000,02-021000,03-021000,,True
021002,021000,020000,BOLOGNESI,PALLASCA,ANCASH,01-020000,02-021000,03-021000,04-021002,False
021003,021000,020000,CONCHUCOS,PALLASCA,ANCASH,01-020000,02-021000,03-021000,04-021003,False
021004,021000,020000,HUACASCHUQUE,PALLASCA,ANCASH,01-020000,02-021000,03-021000,04-021004,False
021005,021000,020000,HUANDOVAL,PALLASCA,ANCASH,01-020000,02-021000,03-021000,04-021005,False
021006,021000,020000,LACABAMBA,PALLASCA,ANCASH,01-020000,02-021000,03-021000,04-021006,False
021007,021000,020000,LLAPO,PALLASCA,ANCASH,01-020000,02-021000,03-021000,04-021007,False
021008,021000,020000,PALLASCA,PALLASCA,ANCASH,01-020000,02-021000,03-021000,04-021008,False
021009,021000,020000,PAMPAS,PALLASCA,ANCASH,01-020000,02-021000,03-021000,04-021009,False
021010,021000,020000,SANTA ROSA,PALLASCA,ANCASH,01-020000,02-021000,03-021000,04-021010,False
021011,021000,020000,TAUCA,PALLASCA,ANCASH,01-020000,02-021000,03-021000,04-021011,False
021101,021100,020000,POMABAMBA,POMABAMBA,ANCASH,01-020000,02-021100,03-021100,,True
021102,021100,020000,HUAYLLAN,POMABAMBA,ANCASH,01-020000,02-021100,03-021100,04-021102,False
021103,021100,020000,PAROBAMBA,POMABAMBA,ANCASH,01-020000,02-021100,03-021100,04-021103,False
021104,021100,020000,QUINUABAMBA,POMABAMBA,ANCASH,01-020000,02-021100,03-021100,04-021104,False
021201,021200,020000,RECUAY,RECUAY,ANCASH,01-020000,02-021200,03-021200,,True
021202,021200,020000,COTAPARACO,RECUAY,ANCASH,01-020000,02-021200,03-021200,04-021202,False
021203,021200,020000,HUAYLLAPAMPA,RECUAY,ANCASH,01-020000,02-021200,03-021200,04-021203,False
021204,021200,020000,MARCA,RECUAY,ANCASH,01-020000,02-021200,03-021200,04-021204,False
021205,021200,020000,PAMPAS CHICO,RECUAY,ANCASH,01-020000,02-021200,03-021200,04-021205,False
021206,021200,020000,PARARIN,RECUAY,ANCASH,01-020000,02-021200,03-021200,04-021206,False
021207,021200,020000,TAPACOCHA,RECUAY,ANCASH,01-020000,02-021200,03-021200,04-021207,False
021208,021200,020000,TICAPAMPA,RECUAY,ANCASH,01-020000,02-021200,03-021200,04-021208,False
021209,021200,020000,LLACLLIN,RECUAY,ANCASH,01-020000,02-021200,03-021200,04-021209,False
021210,021200,020000,CATAC,RECUAY,ANCASH,01-020000,02-021200,03-021200,04-021210,False
021301,021300,020000,CHIMBOTE,SANTA,ANCASH,01-020000,02-021300,03-021300,,True
021302,021300,020000,CACERES DEL PERU,SANTA,ANCASH,01-020000,02-021300,03-021300,04-021302,False
021303,021300,020000,MACATE,SANTA,ANCASH,01-020000,02-021300,03-021300,04-021303,False
021304,021300,020000,MORO,SANTA,ANCASH,01-020000,02-021300,03-021300,04-021304,False
021305,021300,020000,NEPEÑA,SANTA,ANCASH,01-020000,02-021300,03-021300,04-021305,False
021306,021300,020000,SAMANCO,SANTA,ANCASH,01-020000,02-021300,03-021300,04-021306,False
021307,021300,020000,SANTA,SANTA,ANCASH,01-020000,02-021300,03-021300,04-021307,False
021308,021300,020000,COISHCO,SANTA,ANCASH,01-020000,02-021300,03-021300,04-021308,False
021309,021300,020000,NUEVO CHIMBOTE,SANTA,ANCASH,01-020000,02-021300,03-021300,04-021309,False
021401,021400,020000,SIHUAS,SIHUAS,ANCASH,01-020000,02-021400,03-021400,,True
021402,021400,020000,ALFONSO UGARTE,SIHUAS,ANCASH,01-020000,02-021400,03-021400,04-021402,False
021403,021400,020000,CHINGALPO,SIHUAS,ANCASH,01-020000,02-021400,03-021400,04-021403,False
021404,021400,020000,HUAYLLABAMBA,SIHUAS,ANCASH,01-020000,02-021400,03-021400,04-021404,False
021405,021400,020000,QUICHES,SIHUAS,ANCASH,01-020000,02-021400,03-021400,04-021405,False
021406,021400,020000,SICSIBAMBA,SIHUAS,ANCASH,01-020000,02-021400,03-021400,04-021406,False
021407,021400,020000,ACOBAMBA,SIHUAS,ANCASH,01-020000,02-021400,03-021400,04-021407,False
021408,021400,020000,CASHAPAMPA,SIHUAS,ANCASH,01-020000,02-021400,03-021400,04-021408,False
021409,021400,020000,RAGASH,SIHUAS,ANCASH,01-020000,02-021400,03-021400,04-021409,False
021410,021400,020000,SAN JUAN,SIHUAS,ANCASH,01-020000,02-021400,03-021400,04-021410,False
021501,021500,020000,YUNGAY,YUNGAY,ANCASH,01-020000,02-021500,03-021500,,True
021502,021500,020000,CASCAPARA,YUNGAY,ANCASH,01-020000,02-021500,03-021500,04-021502,False
021503,021500,020000,MANCOS,YUNGAY,ANCASH,01-020000,02-021500,03-021500,04-021503,False
021504,021500,020000,MATACOTO,YUNGAY,ANCASH,01-020000,02-021500,03-021500,04-021504,False
021505,021500,020000,QUILLO,YUNGAY,ANCASH,01-020000,02-021500,03-021500,04-021505,False
021506,021500,020000,RANRAHIRCA,YUNGAY,ANCASH,01-020000,02-021500,03-021500,04-021506,False
021507,021500,020000,SHUPLUY,YUNGAY,ANCASH,01-020000,02-021500,03-021500,04-021507,False
021508,021500,020000,YANAMA,YUNGAY,ANCASH,01-020000,02-021500,03-021500,04-021508,False
021601,021600,020000,LLAMELLIN,ANTONIO RAIMONDI,ANCASH,01-020000,02-021600,03-021600,,True
021602,021600,020000,ACZO,ANTONIO RAIMONDI,ANCASH,01-020000,02-021600,03-021600,04-021602,False
021603,021600,020000,CHACCHO,ANTONIO RAIMONDI,ANCASH,01-020000,02-021600,03-021600,04-021603,False
021604,021600,020000,CHINGAS,ANTONIO RAIMONDI,ANCASH,01-020000,02-021600,03-021600,04-021604,False
021605,021600,020000,MIRGAS,ANTONIO RAIMONDI,ANCASH,01-020000,02-021600,03-021600,04-021605,False
021606,021600,020000,SAN JUAN DE RONTOY,ANTONIO RAIMONDI,ANCASH,01-020000,02-021600,03-021600,04-021606,False
021701,021700,020000,SAN LUIS,CARLOS FERMIN FITZCARRALD,ANCASH,01-020000,02-021700,03-021700,,True
021702,021700,020000,YAUYA,CARLOS FERMIN FITZCARRALD,ANCASH,01-020000,02-021700,03-021700,04-021702,False
021703,021700,020000,SAN NICOLAS,CARLOS FERMIN FITZCARRALD,ANCASH,01-020000,02-021700,03-021700,04-021703,False
021801,021800,020000,CHACAS,ASUNCION,ANCASH,01-020000,02-021800,03-021800,,True
021802,021800,020000,ACOCHACA,ASUNCION,ANCASH,01-020000,02-021800,03-021800,04-021802,False
021901,021900,020000,HUARMEY,HUARMEY,ANCASH,01-020000,02-021900,03-021900,,True
021902,021900,020000,COCHAPETI,HUARMEY,ANCASH,01-020000,02-021900,03-021900,04-021902,False
021903,021900,020000,HUAYAN,HUARMEY,ANCASH,01-020000,02-021900,03-021900,04-021903,False
021904,021900,020000,MALVAS,HUARMEY,ANCASH,01-020000,02-021900,03-021900,04-021904,False
021905,021900,020000,CULEBRAS,HUARMEY,ANCASH,01-020000,02-021900,03-021900,04-021905,False
022001,022000,020000,ACAS,OCROS,ANCASH,01-020000,02-022000,03-022000,04-022001,False
022002,022000,020000,CAJAMARQUILLA,OCROS,ANCASH,01-020000,02-022000,03-022000,04-022002,False
022003,022000,020000,CARHUAPAMPA,OCROS,ANCASH,01-020000,02-022000,03-022000,04-022003,False
022004,022000,020000,COCHAS,OCROS,ANCASH,01-020000,02-022000,03-022000,04-022004,False
022005,022000,020000,CONGAS,OCROS,ANCASH,01-020000,02-022000,03-022000,04-022005,False
022006,022000,020000,LLIPA,OCROS,ANCASH,01-020000,02-022000,03-022000,04-022006,False
022007,022000,020000,OCROS,OCROS,ANCASH,01-020000,02-022000,03-022000,,True
022008,022000,020000,SAN CRISTOBAL DE RAJAN,OCROS,ANCASH,01-020000,02-022000,03-022000,04-022008,False
022009,022000,020000,SAN PEDRO,OCROS,ANCASH,01-020000,02-022000,03-022000,04-022009,False
022010,022000,020000,SANTIAGO DE CHILCAS,OCROS,ANCASH,01-020000,02-022000,03-022000,04-022010,False
030101,030100,030000,ABANCAY,ABANCAY,APURIMAC,01-030000,02-030100,03-030100,,True
030102,030100,030000,CIRCA,ABANCAY,APURIMAC,01-030000,02-030100,03-030100,04-030102,False
030103,030100,030000,CURAHUASI,ABANCAY,APURIMAC,01-030000,02-030100,03-030100,04-030103,False
030104,030100,030000,CHACOCHE,ABANCAY,APURIMAC,01-030000,02-030100,03-030100,04-030104,False
030105,030100,030000,HUANIPACA,ABANCAY,APURIMAC,01-030000,02-030100,03-030100,04-030105,False
030106,030100,030000,LAMBRAMA,ABANCAY,APURIMAC,01-030000,02-030100,03-030100,04-030106,False
030107,030100,030000,PICHIRHUA,ABANCAY,APURIMAC,01-030000,02-030100,03-030100,04-030107,False
030108,030100,030000,SAN PEDRO DE CACHORA,ABANCAY,APURIMAC,01-030000,02-030100,03-030100,04-030108,False
030109,030100,030000,TAMBURCO,ABANCAY,APURIMAC,01-030000,02-030100,03-030100,04-030109,False
030201,030200,030000,CHALHUANCA,AYMARAES,APURIMAC,01-030000,02-030200,03-030200,,True
030202,030200,030000,CAPAYA,AYMARAES,APURIMAC,01-030000,02-030200,03-030200,04-030202,False
030203,030200,030000,CARAYBAMBA,AYMARAES,APURIMAC,01-030000,02-030200,03-030200,04-030203,False
030204,030200,030000,COLCABAMBA,AYMARAES,APURIMAC,01-030000,02-030200,03-030200,04-030204,False
030205,030200,030000,COTARUSE,AYMARAES,APURIMAC,01-030000,02-030200,03-030200,04-030205,False
030206,030200,030000,CHAPIMARCA,AYMARAES,APURIMAC,01-030000,02-030200,03-030200,04-030206,False
030207,030200,030000,IHUAYLLO,AYMARAES,APURIMAC,01-030000,02-030200,03-030200,04-030207,False
030208,030200,030000,LUCRE,AYMARAES,APURIMAC,01-030000,02-030200,03-030200,04-030208,False
030209,030200,030000,POCOHUANCA,AYMARAES,APURIMAC,01-030000,02-030200,03-030200,04-030209,False
030210,030200,030000,SAÑAYCA,AYMARAES,APURIMAC,01-030000,02-030200,03-030200,04-030210,False
030211,030200,030000,SORAYA,AYMARAES,APURIMAC,01-030000,02-030200,03-030200,04-030211,False
030212,030200,030000,TAPAIRIHUA,AYMARAES,APURIMAC,01-030000,02-030200,03-030200,04-030212,False
030213,030200,030000,TINTAY,AYMARAES,APURIMAC,01-030000,02-030200,03-030200,04-030213,False
030214,030200,030000,TORAYA,AYMARAES,APURIMAC,01-030000,02-030200,03-030200,04-030214,False
030215,030200,030000,YANACA,AYMARAES,APURIMAC,01-030000,02-030200,03-030200,04-030215,False
030216,030200,030000,SAN JUAN DE CHACÑA,AYMARAES,APURIMAC,01-030000,02-030200,03-030200,04-030216,False
030217,030200,030000,JUSTO APU SAHUARAURA,AYMARAES,APURIMAC,01-030000,02-030200,03-030200,04-030217,False
030301,030300,030000,ANDAHUAYLAS,ANDAHUAYLAS,APURIMAC,01-030000,02-030300,03-030300,,True
030302,030300,030000,ANDARAPA,ANDAHUAYLAS,APURIMAC,01-030000,02-030300,03-030300,04-030302,False
030303,030300,030000,CHIARA,ANDAHUAYLAS,APURIMAC,01-030000,02-030300,03-030300,04-030303,False
030304,030300,030000,HUANCARAMA,ANDAHUAYLAS,APURIMAC,01-030000,02-030300,03-030300,04-030304,False
030305,030300,030000,HUANCARAY,ANDAHUAYLAS,APURIMAC,01-030000,02-030300,03-030300,04-030305,False
030306,030300,030000,KISHUARA,ANDAHUAYLAS,APURIMAC,01-030000,02-030300,03-030300,04-030306,False
030307,030300,030000,PACOBAMBA,ANDAHUAYLAS,APURIMAC,01-030000,02-030300,03-030300,04-030307,False
030308,030300,030000,PAMPACHIRI,ANDAHUAYLAS,APURIMAC,01-030000,02-030300,03-030300,04-030308,False
030309,030300,030000,SAN ANTONIO DE CACHI,ANDAHUAYLAS,APURIMAC,01-030000,02-030300,03-030300,04-030309,False
030310,030300,030000,SAN JERONIMO,ANDAHUAYLAS,APURIMAC,01-030000,02-030300,03-030300,04-030310,False
030311,030300,030000,TALAVERA,ANDAHUAYLAS,APURIMAC,01-030000,02-030300,03-030300,04-030311,False
030312,030300,030000,TURPO,ANDAHUAYLAS,APURIMAC,01-030000,02-030300,03-030300,04-030312,False
030313,030300,030000,PACUCHA,ANDAHUAYLAS,APURIMAC,01-030000,02-030300,03-030300,04-030313,False
030314,030300,030000,POMACOCHA,ANDAHUAYLAS,APURIMAC,01-030000,02-030300,03-030300,04-030314,False
030315,030300,030000,SANTA MARIA DE CHICMO,ANDAHUAYLAS,APURIMAC,01-030000,02-030300,03-030300,04-030315,False
030316,030300,030000,TUMAY HUARACA,ANDAHUAYLAS,APURIMAC,01-030000,02-030300,03-030300,04-030316,False
030317,030300,030000,HUAYANA,ANDAHUAYLAS,APURIMAC,01-030000,02-030300,03-030300,04-030317,False
030318,030300,030000,SAN MIGUEL DE CHACCRAMPA,ANDAHUAYLAS,APURIMAC,01-030000,02-030300,03-030300,04-030318,False
030319,030300,030000,KAQUIABAMBA,ANDAHUAYLAS,APURIMAC,01-030000,02-030300,03-030300,04-030319,False
030320,030300,030000,JOSE MARIA ARGUEDAS,ANDAHUAYLAS,APURIMAC,01-030000,02-030300,03-030300,04-030320,False
030401,030400,030000,ANTABAMBA,ANTABAMBA,APURIMAC,01-030000,02-030400,03-030400,,True
030402,030400,030000,EL ORO,ANTABAMBA,APURIMAC,01-030000,02-030400,03-030400,04-030402,False
030403,030400,030000,HUAQUIRCA,ANTABAMBA,APURIMAC,01-030000,02-030400,03-030400,04-030403,False
030404,030400,030000,JUAN ESPINOZA MEDRANO,ANTABAMBA,APURIMAC,01-030000,02-030400,03-030400,04-030404,False
030405,030400,030000,OROPESA,ANTABAMBA,APURIMAC,01-030000,02-030400,03-030400,04-030405,False
030406,030400,030000,PACHACONAS,ANTABAMBA,APURIMAC,01-030000,02-030400,03-030400,04-030406,False
030407,030400,030000,SABAINO,ANTABAMBA,APURIMAC,01-030000,02-030400,03-030400,04-030407,False
030501,030500,030000,TAMBOBAMBA,COTABAMBAS,APURIMAC,01-030000,02-030500,03-030500,,True
030502,030500,030000,COYLLURQUI,COTABAMBAS,APURIMAC,01-030000,02-030500,03-030500,04-030502,False
030503,030500,030000,COTABAMBAS,COTABAMBAS,APURIMAC,01-030000,02-030500,03-030500,04-030503,False
030504,030500,030000,HAQUIRA,COTABAMBAS,APURIMAC,01-030000,02-030500,03-030500,04-030504,False
030505,030500,030000,MARA,COTABAMBAS,APURIMAC,01-030000,02-030500,03-030500,04-030505,False
030506,030500,030000,CHALLHUAHUACHO,COTABAMBAS,APURIMAC,01-030000,02-030500,03-030500,04-030506,False
030601,030600,030000,CHUQUIBAMBILLA,GRAU,APURIMAC,01-030000,02-030600,03-030600,,True
030602,030600,030000,CURPAHUASI,GRAU,APURIMAC,01-030000,02-030600,03-030600,04-030602,False
030603,030600,030000,HUAILLATI,GRAU,APURIMAC,01-030000,02-030600,03-030600,04-030603,False
030604,030600,030000,MAMARA,GRAU,APURIMAC,01-030000,02-030600,03-030600,04-030604,False
030605,030600,030000,MARISCAL GAMARRA,GRAU,APURIMAC,01-030000,02-030600,03-030600,04-030605,False
030606,030600,030000,MICAELA BASTIDAS,GRAU,APURIMAC,01-030000,02-030600,03-030600,04-030606,False
030607,030600,030000,PROGRESO,GRAU,APURIMAC,01-030000,02-030600,03-030600,04-030607,False
030608,030600,030000,PATAYPAMPA,GRAU,APURIMAC,01-030000,02-030600,03-030600,04-030608,False
030609,030600,030000,SAN ANTONIO,GRAU,APURIMAC,01-030000,02-030600,03-030600,04-030609,False
030610,030600,030000,TURPAY,GRAU,APURIMAC,01-030000,02-030600,03-030600,04-030610,False
030611,030600,030000,VILCABAMBA,GRAU,APURIMAC,01-030000,02-030600,03-030600,04-030611,False
030612,030600,030000,VIRUNDO,GRAU,APURIMAC,01-030000,02-030600,03-030600,04-030612,False
030613,030600,030000,SANTA ROSA,GRAU,APURIMAC,01-030000,02-030600,03-030600,04-030613,False
030614,030600,030000,CURASCO,GRAU,APURIMAC,01-030000,02-030600,03-030600,04-030614,False
030701,030700,030000,CHINCHEROS,CHINCHEROS,APURIMAC,01-030000,02-030700,03-030700,,True
030702,030700,030000,ONGOY,CHINCHEROS,APURIMAC,01-030000,02-030700,03-030700,04-030702,False
030703,030700,030000,OCOBAMBA,CHINCHEROS,APURIMAC,01-030000,02-030700,03-030700,04-030703,False
030704,030700,030000,COCHARCAS,CHINCHEROS,APURIMAC,01-030000,02-030700,03-030700,04-030704,False
030705,030700,030000,ANCO HUALLO,CHINCHEROS,APURIMAC,01-030000,02-030700,03-030700,04-030705,False
030706,030700,030000,HUACCANA,CHINCHEROS,APURIMAC,01-030000,02-030700,03-030700,04-030706,False
030707,030700,030000,URANMARCA,CHINCHEROS,APURIMAC,01-030000,02-030700,03-030700,04-030707,False
030708,030700,030000,RANRACANCHA,CHINCHEROS,APURIMAC,01-030000,02-030700,03-030700,04-030708,False
030709,030700,030000,ROCCHACC,CHINCHEROS,APURIMAC,01-030000,02-030700,03-030700,04-030709,False
030710,030700,030000,EL PORVENIR,CHINCHEROS,APURIMAC,01-030000,02-030700,03-030700,04-030710,False
030711,030700,030000,LOS CHANKAS,CHINCHEROS,APURIMAC,01-030000,02-030700,03-030700,04-030711,False
030712,030700,030000,AHUAYRO,CHINCHEROS,APURIMAC,01-030000,02-030700,03-030700,04-030712,False
040101,040100,040000,AREQUIPA,AREQUIPA,AREQUIPA,01-040000,02-040100,03-040100,,True
040102,040100,040000,CAYMA,AREQUIPA,AREQUIPA,01-040000,02-040100,03-040100,04-040102,False
040103,040100,040000,CERRO COLORADO,AREQUIPA,AREQUIPA,01-040000,02-040100,03-040100,04-040103,False
040104,040100,040000,CHARACATO,AREQUIPA,AREQUIPA,01-040000,02-040100,03-040100,04-040104,False
040105,040100,040000,CHIGUATA,AREQUIPA,AREQUIPA,01-040000,02-040100,03-040100,04-040105,False
040106,040100,040000,LA JOYA,AREQUIPA,AREQUIPA,01-040000,02-040100,03-040100,04-040106,False
040107,040100,040000,MIRAFLORES,AREQUIPA,AREQUIPA,01-040000,02-040100,03-040100,04-040107,False
040108,040100,040000,MOLLEBAYA,AREQUIPA,AREQUIPA,01-040000,02-040100,03-040100,04-040108,False
040109,040100,040000,PAUCARPATA,AREQUIPA,AREQUIPA,01-040000,02-040100,03-040100,04-040109,False
040110,040100,040000,POCSI,AREQUIPA,AREQUIPA,01-040000,02-040100,03-040100,04-040110,False
040111,040100,040000,POLOBAYA,AREQUIPA,AREQUIPA,01-040000,02-040100,03-040100,04-040111,False
040112,040100,040000,QUEQUEÑA,AREQUIPA,AREQUIPA,01-040000,02-040100,03-040100,04-040112,False
040113,040100,040000,SABANDIA,AREQUIPA,AREQUIPA,01-040000,02-040100,03-040100,04-040113,False
040114,040100,040000,SACHACA,AREQUIPA,AREQUIPA,01-040000,02-040100,03-040100,04-040114,False
040115,040100,040000,SAN JUAN DE SIGUAS,AREQUIPA,AREQUIPA,01-040000,02-040100,03-040100,04-040115,False
040116,040100,040000,SAN JUAN DE TARUCANI,AREQUIPA,AREQUIPA,01-040000,02-040100,03-040100,04-040116,False
040117,040100,040000,SANTA ISABEL DE SIGUAS,AREQUIPA,AREQUIPA,01-040000,02-040100,03-040100,04-040117,False
040118,040100,040000,SANTA RITA DE SIHUAS,AREQUIPA,AREQUIPA,01-040000,02-040100,03-040100,04-040118,False
040119,040100,040000,SOCABAYA,AREQUIPA,AREQUIPA,01-040000,02-040100,03-040100,04-040119,False
040120,040100,040000,TIABAYA,AREQUIPA,AREQUIPA,01-040000,02-040100,03-040100,04-040120,False
040121,040100,040000,UCHUMAYO,AREQUIPA,AREQUIPA,01-040000,02-040100,03-040100,04-040121,False
040122,040100,040000,VITOR,AREQUIPA,AREQUIPA,01-040000,02-040100,03-040100,04-040122,False
040123,040100,040000,YANAHUARA,AREQUIPA,AREQUIPA,01-040000,02-040100,03-040100,04-040123,False
040124,040100,040000,YARABAMBA,AREQUIPA,AREQUIPA,01-040000,02-040100,03-040100,04-040124,False
040125,040100,040000,YURA,AREQUIPA,AREQUIPA,01-040000,02-040100,03-040100,04-040125,False
040126,040100,040000,MARIANO MELGAR,AREQUIPA,AREQUIPA,01-040000,02-040100,03-040100,04-040126,False
040127,040100,040000,JACOBO HUNTER,AREQUIPA,AREQUIPA,01-040000,02-040100,03-040100,04-040127,False
040128,040100,040000,ALTO SELVA ALEGRE,AREQUIPA,AREQUIPA,01-040000,02-040100,03-040100,04-040128,False
040129,040100,040000,JOSE LUIS BUSTAMANTE Y RIVERO,AREQUIPA,AREQUIPA,01-040000,02-040100,03-040100,04-040129,False
040201,040200,040000,CHIVAY,CAYLLOMA,AREQUIPA,01-040000,02-040200,03-040200,,True
040202,040200,040000,ACHOMA,CAYLLOMA,AREQUIPA,01-040000,02-040200,03-040200,04-040202,False
040203,040200,040000,CABANACONDE,CAYLLOMA,AREQUIPA,01-040000,02-040200,03-040200,04-040203,False
040204,040200,040000,CAYLLOMA,CAYLLOMA,AREQUIPA,01-040000,02-040200,03-040200,04-040204,False
040205,040200,040000,CALLALLI,CAYLLOMA,AREQUIPA,01-040000,02-040200,03-040200,04-040205,False
040206,040200,040000,COPORAQUE,CAYLLOMA,AREQUIPA,01-040000,02-040200,03-040200,04-040206,False
040207,040200,040000,HUAMBO,CAYLLOMA,AREQUIPA,01-040000,02-040200,03-040200,04-040207,False
040208,040200,040000,HUANCA,CAYLLOMA,AREQUIPA,01-040000,02-040200,03-040200,04-040208,False
040209,040200,040000,ICHUPAMPA,CAYLLOMA,AREQUIPA,01-040000,02-040200,03-040200,04-040209,False
040210,040200,040000,LARI,CAYLLOMA,AREQUIPA,01-040000,02-040200,03-040200,04-040210,False
040211,040200,040000,LLUTA,CAYLLOMA,AREQUIPA,01-040000,02-040200,03-040200,04-040211,False
040212,040200,040000,MACA,CAYLLOMA,AREQUIPA,01-040000,02-040200,03-040200,04-040212,False
040213,040200,040000,MADRIGAL,CAYLLOMA,AREQUIPA,01-040000,02-040200,03-040200,04-040213,False
040214,040200,040000,SAN ANTONIO DE CHUCA,CAYLLOMA,AREQUIPA,01-040000,02-040200,03-040200,04-040214,False
040215,040200,040000,SIBAYO,CAYLLOMA,AREQUIPA,01-040000,02-040200,03-040200,04-040215,False
040216,040200,040000,TAPAY,CAYLLOMA,AREQUIPA,01-040000,02-040200,03-040200,04-040216,False
040217,040200,040000,TISCO,CAYLLOMA,AREQUIPA,01-040000,02-040200,03-040200,04-040217,False
040218,040200,040000,TUTI,CAYLLOMA,AREQUIPA,01-040000,02-040200,03-040200,04-040218,False
040219,040200,040000,YANQUE,CAYLLOMA,AREQUIPA,01-040000,02-040200,03-040200,04-040219,False
040220,040200,040000,MAJES,CAYLLOMA,AREQUIPA,01-040000,02-040200,03-040200,04-040220,False
040301,040300,040000,CAMANA,CAMANA,AREQUIPA,01-040000,02-040300,03-040300,,True
040302,040300,040000,JOSE MARIA QUIMPER,CAMANA,AREQUIPA,01-040000,02-040300,03-040300,04-040302,False
040303,040300,040000,MARIANO NICOLAS VALCARCEL,CAMANA,AREQUIPA,01-040000,02-040300,03-040300,04-040303,False
040304,040300,040000,MARISCAL CACERES,CAMANA,AREQUIPA,01-040000,02-040300,03-040300,04-040304,False
040305,040300,040000,NICOLAS DE PIEROLA,CAMANA,AREQUIPA,01-040000,02-040300,03-040300,04-040305,False
040306,040300,040000,OCOÑA,CAMANA,AREQUIPA,01-040000,02-040300,03-040300,04-040306,False
040307,040300,040000,QUILCA,CAMANA,AREQUIPA,01-040000,02-040300,03-040300,04-040307,False
040308,040300,040000,SAMUEL PASTOR,CAMANA,AREQUIPA,01-040000,02-040300,03-040300,04-040308,False
040401,040400,040000,CARAVELI,CARAVELI,AREQUIPA,01-040000,02-040400,03-040400,,True
040402,040400,040000,ACARI,CARAVELI,AREQUIPA,01-040000,02-040400,03-040400,04-040402,False
040403,040400,040000,ATICO,CARAVELI,AREQUIPA,01-040000,02-040400,03-040400,04-040403,False
040404,040400,040000,ATIQUIPA,CARAVELI,AREQUIPA,01-040000,02-040400,03-040400,04-040404,False
040405,040400,040000,BELLA UNION,CARAVELI,AREQUIPA,01-040000,02-040400,03-040400,04-040405,False
040406,040400,040000,CAHUACHO,CARAVELI,AREQUIPA,01-040000,02-040400,03-040400,04-040406,False
040407,040400,040000,CHALA,CARAVELI,AREQUIPA,01-040000,02-040400,03-040400,04-040407,False
040408,040400,040000,CHAPARRA,CARAVELI,AREQUIPA,01-040000,02-040400,03-040400,04-040408,False
040409,040400,040000,HUANUHUANU,CARAVELI,AREQUIPA,01-040000,02-040400,03-040400,04-040409,False
040410,040400,040000,JAQUI,CARAVELI,AREQUIPA,01-040000,02-040400,03-040400,04-040410,False
040411,040400,040000,LOMAS,CARAVELI,AREQUIPA,01-040000,02-040400,03-040400,04-040411,False
040412,040400,040000,QUICACHA,CARAVELI,AREQUIPA,01-040000,02-040400,03-040400,04-040412,False
040413,040400,040000,YAUCA,CARAVELI,AREQUIPA,01-040000,02-040400,03-040400,04-040413,False
040501,040500,040000,APLAO,CASTILLA,AREQUIPA,01-040000,02-040500,03-040500,,True
040502,040500,040000,ANDAGUA,CASTILLA,AREQUIPA,01-040000,02-040500,03-040500,04-040502,False
040503,040500,040000,AYO,CASTILLA,AREQUIPA,01-040000,02-040500,03-040500,04-040503,False
040504,040500,040000,CHACHAS,CASTILLA,AREQUIPA,01-040000,02-040500,03-040500,04-040504,False
040505,040500,040000,CHILCAYMARCA,CASTILLA,AREQUIPA,01-040000,02-040500,03-040500,04-040505,False
040506,040500,040000,CHOCO,CASTILLA,AREQUIPA,01-040000,02-040500,03-040500,04-040506,False
040507,040500,040000,HUANCARQUI,CASTILLA,AREQUIPA,01-040000,02-040500,03-040500,04-040507,False
040508,040500,040000,MACHAGUAY,CASTILLA,AREQUIPA,01-040000,02-040500,03-040500,04-040508,False
040509,040500,040000,ORCOPAMPA,CASTILLA,AREQUIPA,01-040000,02-040500,03-040500,04-040509,False
040510,040500,040000,PAMPACOLCA,CASTILLA,AREQUIPA,01-040000,02-040500,03-040500,04-040510,False
040511,040500,040000,TIPAN,CASTILLA,AREQUIPA,01-040000,02-040500,03-040500,04-040511,False
040512,040500,040000,URACA,CASTILLA,AREQUIPA,01-040000,02-040500,03-040500,04-040512,False
040513,040500,040000,UÑON,CASTILLA,AREQUIPA,01-040000,02-040500,03-040500,04-040513,False
040514,040500,040000,VIRACO,CASTILLA,AREQUIPA,01-040000,02-040500,03-040500,04-040514,False
040601,040600,040000,CHUQUIBAMBA,CONDESUYOS,AREQUIPA,01-040000,02-040600,03-040600,,True
040602,040600,040000,ANDARAY,CONDESUYOS,AREQUIPA,01-040000,02-040600,03-040600,04-040602,False
040603,040600,040000,CAYARANI,CONDESUYOS,AREQUIPA,01-040000,02-040600,03-040600,04-040603,False
040604,040600,040000,CHICHAS,CONDESUYOS,AREQUIPA,01-040000,02-040600,03-040600,04-040604,False
040605,040600,040000,IRAY,CONDESUYOS,AREQUIPA,01-040000,02-040600,03-040600,04-040605,False
040606,040600,040000,SALAMANCA,CONDESUYOS,AREQUIPA,01-040000,02-040600,03-040600,04-040606,False
040607,040600,040000,YANAQUIHUA,CONDESUYOS,AREQUIPA,01-040000,02-040600,03-040600,04-040607,False
040608,040600,040000,RIO GRANDE,CONDESUYOS,AREQUIPA,01-040000,02-040600,03-040600,04-040608,False
040701,040700,040000,MOLLENDO,ISLAY,AREQUIPA,01-040000,02-040700,03-040700,,True
040702,040700,040000,COCACHACRA,ISLAY,AREQUIPA,01-040000,02-040700,03-040700,04-040702,False
040703,040700,040000,DEAN VALDIVIA,ISLAY,AREQUIPA,01-040000,02-040700,03-040700,04-040703,False
040704,040700,040000,ISLAY,ISLAY,AREQUIPA,01-040000,02-040700,03-040700,04-040704,False
040705,040700,040000,MEJIA,ISLAY,AREQUIPA,01-040000,02-040700,03-040700,04-040705,False
040706,040700,040000,PUNTA DE BOMBON,ISLAY,AREQUIPA,01-040000,02-040700,03-040700,04-040706,False
040801,040800,040000,COTAHUASI,LA UNION,AREQUIPA,01-040000,02-040800,03-040800,,True
040802,040800,040000,ALCA,LA UNION,AREQUIPA,01-040000,02-040800,03-040800,04-040802,False
040803,040800,040000,CHARCANA,LA UNION,AREQUIPA,01-040000,02-040800,03-040800,04-040803,False
040804,040800,040000,HUAYNACOTAS,LA UNION,AREQUIPA,01-040000,02-040800,03-040800,04-040804,False
040805,040800,040000,PAMPAMARCA,LA UNION,AREQUIPA,01-040000,02-040800,03-040800,04-040805,False
040806,040800,040000,PUYCA,LA UNION,AREQUIPA,01-040000,02-040800,03-040800,04-040806,False
040807,040800,040000,QUECHUALLA,LA UNION,AREQUIPA,01-040000,02-040800,03-040800,04-040807,False
040808,040800,040000,SAYLA,LA UNION,AREQUIPA,01-040000,02-040800,03-040800,04-040808,False
040809,040800,040000,TAURIA,LA UNION,AREQUIPA,01-040000,02-040800,03-040800,04-040809,False
040810,040800,040000,TOMEPAMPA,LA UNION,AREQUIPA,01-040000,02-040800,03-040800,04-040810,False
040811,040800,040000,TORO,LA UNION,AREQUIPA,01-040000,02-040800,03-040800,04-040811,False
050101,050100,050000,AYACUCHO,HUAMANGA,AYACUCHO,01-050000,02-050100,03-050100,,True
050102,050100,050000,ACOS VINCHOS,HUAMANGA,AYACUCHO,01-050000,02-050100,03-050100,04-050102,False
050103,050100,050000,CARMEN ALTO,HUAMANGA,AYACUCHO,01-050000,02-050100,03-050100,04-050103,False
050104,050100,050000,CHIARA,HUAMANGA,AYACUCHO,01-050000,02-050100,03-050100,04-050104,False
050105,050100,050000,QUINUA,HUAMANGA,AYACUCHO,01-050000,02-050100,03-050100,04-050105,False
050106,050100,050000,SAN JOSE DE TICLLAS,HUAMANGA,AYACUCHO,01-050000,02-050100,03-050100,04-050106,False
050107,050100,050000,SAN JUAN BAUTISTA,HUAMANGA,AYACUCHO,01-050000,02-050100,03-050100,04-050107,False
050108,050100,050000,SANTIAGO DE PISCHA,HUAMANGA,AYACUCHO,01-050000,02-050100,03-050100,04-050108,False
050109,050100,050000,VINCHOS,HUAMANGA,AYACUCHO,01-050000,02-050100,03-050100,04-050109,False
050110,050100,050000,TAMBILLO,HUAMANGA,AYACUCHO,01-050000,02-050100,03-050100,04-050110,False
050111,050100,050000,ACOCRO,HUAMANGA,AYACUCHO,01-050000,02-050100,03-050100,04-050111,False
050112,050100,050000,SOCOS,HUAMANGA,AYACUCHO,01-050000,02-050100,03-050100,04-050112,False
050113,050100,050000,OCROS,HUAMANGA,AYACUCHO,01-050000,02-050100,03-050100,04-050113,False
050114,050100,050000,PACAYCASA,HUAMANGA,AYACUCHO,01-050000,02-050100,03-050100,04-050114,False
050115,050100,050000,JESUS NAZARENO,HUAMANGA,AYACUCHO,01-050000,02-050100,03-050100,04-050115,False
050116,050100,050000,ANDRES AVELINO CACERES DORREGARAY ,HUAMANGA,AYACUCHO,01-050000,02-050100,03-050100,04-050116,False
050201,050200,050000,CANGALLO,CANGALLO,AYACUCHO,01-050000,02-050200,03-050200,,True
050204,050200,050000,CHUSCHI,CANGALLO,AYACUCHO,01-050000,02-050200,03-050200,04-050204,False
050206,050200,050000,LOS MOROCHUCOS,CANGALLO,AYACUCHO,01-050000,02-050200,03-050200,04-050206,False
050207,050200,050000,PARAS,CANGALLO,AYACUCHO,01-050000,02-050200,03-050200,04-050207,False
050208,050200,050000,TOTOS,CANGALLO,AYACUCHO,01-050000,02-050200,03-050200,04-050208,False
050211,050200,050000,MARIA PARADO DE BELLIDO,CANGALLO,AYACUCHO,01-050000,02-050200,03-050200,04-050211,False
050301,050300,050000,HUANTA,HUANTA,AYACUCHO,01-050000,02-050300,03-050300,,True
050302,050300,050000,AYAHUANCO,HUANTA,AYACUCHO,01-050000,02-050300,03-050300,04-050302,False
050303,050300,050000,HUAMANGUILLA,HUANTA,AYACUCHO,01-050000,02-050300,03-050300,04-050303,False
050304,050300,050000,IGUAIN,HUANTA,AYACUCHO,01-050000,02-050300,03-050300,04-050304,False
050305,050300,050000,LURICOCHA,HUANTA,AYACUCHO,01-050000,02-050300,03-050300,04-050305,False
050307,050300,050000,SANTILLANA,HUANTA,AYACUCHO,01-050000,02-050300,03-050300,04-050307,False
050308,050300,050000,SIVIA,HUANTA,AYACUCHO,01-050000,02-050300,03-050300,04-050308,False
050309,050300,050000,LLOCHEGUA,HUANTA,AYACUCHO,01-050000,02-050300,03-050300,04-050309,False
050310,050300,050000,CANAYRE,HUANTA,AYACUCHO,01-050000,02-050300,03-050300,04-050310,False
050311,050300,050000,UCHURACCAY,HUANTA,AYACUCHO,01-050000,02-050300,03-050300,04-050311,False
050312,050300,050000,PUCACOLPA,HUANTA,AYACUCHO,01-050000,02-050300,03-050300,04-050312,False
050313,050300,050000,CHACA,HUANTA,AYACUCHO,01-050000,02-050300,03-050300,04-050313,False
050314,050300,050000,PUTIS,HUANTA,AYACUCHO,01-050000,02-050300,03-050300,04-050314,False
050401,050400,050000,SAN MIGUEL,LA MAR,AYACUCHO,01-050000,02-050400,03-050400,,True
050402,050400,050000,ANCO,LA MAR,AYACUCHO,01-050000,02-050400,03-050400,04-050402,False
050403,050400,050000,AYNA,LA MAR,AYACUCHO,01-050000,02-050400,03-050400,04-050403,False
050404,050400,050000,CHILCAS,LA MAR,AYACUCHO,01-050000,02-050400,03-050400,04-050404,False
050405,050400,050000,CHUNGUI,LA MAR,AYACUCHO,01-050000,02-050400,03-050400,04-050405,False
050406,050400,050000,TAMBO,LA MAR,AYACUCHO,01-050000,02-050400,03-050400,04-050406,False
050407,050400,050000,LUIS CARRANZA,LA MAR,AYACUCHO,01-050000,02-050400,03-050400,04-050407,False
050408,050400,050000,SANTA ROSA,LA MAR,AYACUCHO,01-050000,02-050400,03-050400,04-050408,False
050409,050400,050000,SAMUGARI,LA MAR,AYACUCHO,01-050000,02-050400,03-050400,04-050409,False
050410,050400,050000,ANCHIHUAY,LA MAR,AYACUCHO,01-050000,02-050400,03-050400,04-050410,False
050411,050400,050000,ORONCCOY,LA MAR,AYACUCHO,01-050000,02-050400,03-050400,04-050411,False
050412,050400,050000,UNION PROGRESO,LA MAR,AYACUCHO,01-050000,02-050400,03-050400,04-050412,False
050413,050400,050000,PATIBAMBA,LA MAR,AYACUCHO,01-050000,02-050400,03-050400,04-050413,False
050414,050400,050000,NINABAMBA,LA MAR,AYACUCHO,01-050000,02-050400,03-050400,04-050414,False
050415,050400,050000,RIO MAGDALENA,LA MAR,AYACUCHO,01-050000,02-050400,03-050400,04-050415,False
050501,050500,050000,PUQUIO,LUCANAS,AYACUCHO,01-050000,02-050500,03-050500,,True
050502,050500,050000,AUCARA,LUCANAS,AYACUCHO,01-050000,02-050500,03-050500,04-050502,False
050503,050500,050000,CABANA,LUCANAS,AYACUCHO,01-050000,02-050500,03-050500,04-050503,False
050504,050500,050000,CARMEN SALCEDO,LUCANAS,AYACUCHO,01-050000,02-050500,03-050500,04-050504,False
050506,050500,050000,CHAVIÑA,LUCANAS,AYACUCHO,01-050000,02-050500,03-050500,04-050506,False
050508,050500,050000,CHIPAO,LUCANAS,AYACUCHO,01-050000,02-050500,03-050500,04-050508,False
050510,050500,050000,HUAC-HUAS,LUCANAS,AYACUCHO,01-050000,02-050500,03-050500,04-050510,False
050511,050500,050000,LARAMATE,LUCANAS,AYACUCHO,01-050000,02-050500,03-050500,04-050511,False
050512,050500,050000,LEONCIO PRADO,LUCANAS,AYACUCHO,01-050000,02-050500,03-050500,04-050512,False
050513,050500,050000,LUCANAS,LUCANAS,AYACUCHO,01-050000,02-050500,03-050500,04-050513,False
050514,050500,050000,LLAUTA,LUCANAS,AYACUCHO,01-050000,02-050500,03-050500,04-050514,False
050516,050500,050000,OCAÑA,LUCANAS,AYACUCHO,01-050000,02-050500,03-050500,04-050516,False
050517,050500,050000,OTOCA,LUCANAS,AYACUCHO,01-050000,02-050500,03-050500,04-050517,False
050520,050500,050000,SANCOS,LUCANAS,AYACUCHO,01-050000,02-050500,03-050500,04-050520,False
050521,050500,050000,SAN JUAN,LUCANAS,AYACUCHO,01-050000,02-050500,03-050500,04-050521,False
050522,050500,050000,SAN PEDRO,LUCANAS,AYACUCHO,01-050000,02-050500,03-050500,04-050522,False
050524,050500,050000,SANTA ANA DE HUAYCAHUACHO,LUCANAS,AYACUCHO,01-050000,02-050500,03-050500,04-050524,False
050525,050500,050000,SANTA LUCIA,LUCANAS,AYACUCHO,01-050000,02-050500,03-050500,04-050525,False
050529,050500,050000,SAISA,LUCANAS,AYACUCHO,01-050000,02-050500,03-050500,04-050529,False
050531,050500,050000,SAN PEDRO DE PALCO,LUCANAS,AYACUCHO,01-050000,02-050500,03-050500,04-050531,False
050532,050500,050000,SAN CRISTOBAL,LUCANAS,AYACUCHO,01-050000,02-050500,03-050500,04-050532,False
050601,050600,050000,CORACORA,PARINACOCHAS,AYACUCHO,01-050000,02-050600,03-050600,,True
050604,050600,050000,CORONEL CASTAÑEDA,PARINACOCHAS,AYACUCHO,01-050000,02-050600,03-050600,04-050604,False
050605,050600,050000,CHUMPI,PARINACOCHAS,AYACUCHO,01-050000,02-050600,03-050600,04-050605,False
050608,050600,050000,PACAPAUSA,PARINACOCHAS,AYACUCHO,01-050000,02-050600,03-050600,04-050608,False
050611,050600,050000,PULLO,PARINACOCHAS,AYACUCHO,01-050000,02-050600,03-050600,04-050611,False
050612,050600,050000,PUYUSCA,PARINACOCHAS,AYACUCHO,01-050000,02-050600,03-050600,04-050612,False
050615,050600,050000,SAN FRANCISCO DE RAVACAYCO,PARINACOCHAS,AYACUCHO,01-050000,02-050600,03-050600,04-050615,False
050616,050600,050000,UPAHUACHO,PARINACOCHAS,AYACUCHO,01-050000,02-050600,03-050600,04-050616,False
050701,050700,050000,HUANCAPI,VICTOR FAJARDO,AYACUCHO,01-050000,02-050700,03-050700,,True
050702,050700,050000,ALCAMENCA,VICTOR FAJARDO,AYACUCHO,01-050000,02-050700,03-050700,04-050702,False
050703,050700,050000,APONGO,VICTOR FAJARDO,AYACUCHO,01-050000,02-050700,03-050700,04-050703,False
050704,050700,050000,CANARIA,VICTOR FAJARDO,AYACUCHO,01-050000,02-050700,03-050700,04-050704,False
050706,050700,050000,CAYARA,VICTOR FAJARDO,AYACUCHO,01-050000,02-050700,03-050700,04-050706,False
050707,050700,050000,COLCA,VICTOR FAJARDO,AYACUCHO,01-050000,02-050700,03-050700,04-050707,False
050708,050700,050000,HUALLA,VICTOR FAJARDO,AYACUCHO,01-050000,02-050700,03-050700,04-050708,False
050709,050700,050000,HUAMANQUIQUIA,VICTOR FAJARDO,AYACUCHO,01-050000,02-050700,03-050700,04-050709,False
050710,050700,050000,HUANCARAYLLA,VICTOR FAJARDO,AYACUCHO,01-050000,02-050700,03-050700,04-050710,False
050713,050700,050000,SARHUA,VICTOR FAJARDO,AYACUCHO,01-050000,02-050700,03-050700,04-050713,False
050714,050700,050000,VILCANCHOS,VICTOR FAJARDO,AYACUCHO,01-050000,02-050700,03-050700,04-050714,False
050715,050700,050000,ASQUIPATA,VICTOR FAJARDO,AYACUCHO,01-050000,02-050700,03-050700,04-050715,False
050801,050800,050000,SANCOS,HUANCA SANCOS,AYACUCHO,01-050000,02-050800,03-050800,,True
050802,050800,050000,SACSAMARCA,HUANCA SANCOS,AYACUCHO,01-050000,02-050800,03-050800,04-050802,False
050803,050800,050000,SANTIAGO DE LUCANAMARCA,HUANCA SANCOS,AYACUCHO,01-050000,02-050800,03-050800,04-050803,False
050804,050800,050000,CARAPO,HUANCA SANCOS,AYACUCHO,01-050000,02-050800,03-050800,04-050804,False
050901,050900,050000,VILCAS HUAMAN,VILCAS HUAMAN,AYACUCHO,01-050000,02-050900,03-050900,,True
050902,050900,050000,VISCHONGO,VILCAS HUAMAN,AYACUCHO,01-050000,02-050900,03-050900,04-050902,False
050903,050900,050000,ACCOMARCA,VILCAS HUAMAN,AYACUCHO,01-050000,02-050900,03-050900,04-050903,False
050904,050900,050000,CARHUANCA,VILCAS HUAMAN,AYACUCHO,01-050000,02-050900,03-050900,04-050904,False
050905,050900,050000,CONCEPCION,VILCAS HUAMAN,AYACUCHO,01-050000,02-050900,03-050900,04-050905,False
050906,050900,050000,HUAMBALPA,VILCAS HUAMAN,AYACUCHO,01-050000,02-050900,03-050900,04-050906,False
050907,050900,050000,SAURAMA,VILCAS HUAMAN,AYACUCHO,01-050000,02-050900,03-050900,04-050907,False
050908,050900,050000,INDEPENDENCIA,VILCAS HUAMAN,AYACUCHO,01-050000,02-050900,03-050900,04-050908,False
051001,051000,050000,PAUSA,PAUCAR DEL SARA SARA,AYACUCHO,01-050000,02-051000,03-051000,,True
051002,051000,050000,COLTA,PAUCAR DEL SARA SARA,AYACUCHO,01-050000,02-051000,03-051000,04-051002,False
051003,051000,050000,CORCULLA,PAUCAR DEL SARA SARA,AYACUCHO,01-050000,02-051000,03-051000,04-051003,False
051004,051000,050000,LAMPA,PAUCAR DEL SARA SARA,AYACUCHO,01-050000,02-051000,03-051000,04-051004,False
051005,051000,050000,MARCABAMBA,PAUCAR DEL SARA SARA,AYACUCHO,01-050000,02-051000,03-051000,04-051005,False
051006,051000,050000,OYOLO,PAUCAR DEL SARA SARA,AYACUCHO,01-050000,02-051000,03-051000,04-051006,False
051007,051000,050000,PARARCA,PAUCAR DEL SARA SARA,AYACUCHO,01-050000,02-051000,03-051000,04-051007,False
051008,051000,050000,SAN JAVIER DE ALPABAMBA,PAUCAR DEL SARA SARA,AYACUCHO,01-050000,02-051000,03-051000,04-051008,False
051009,051000,050000,SAN JOSE DE USHUA,PAUCAR DEL SARA SARA,AYACUCHO,01-050000,02-051000,03-051000,04-051009,False
051010,051000,050000,SARA SARA,PAUCAR DEL SARA SARA,AYACUCHO,01-050000,02-051000,03-051000,04-051010,False
051101,051100,050000,QUEROBAMBA,SUCRE,AYACUCHO,01-050000,02-051100,03-051100,,True
051102,051100,050000,BELEN,SUCRE,AYACUCHO,01-050000,02-051100,03-051100,04-051102,False
051103,051100,050000,CHALCOS,SUCRE,AYACUCHO,01-050000,02-051100,03-051100,04-051103,False
051104,051100,050000,SAN SALVADOR DE QUIJE,SUCRE,AYACUCHO,01-050000,02-051100,03-051100,04-051104,False
051105,051100,050000,PAICO,SUCRE,AYACUCHO,01-050000,02-051100,03-051100,04-051105,False
051106,051100,050000,SANTIAGO DE PAUCARAY,SUCRE,AYACUCHO,01-050000,02-051100,03-051100,04-051106,False
051107,051100,050000,SAN PEDRO DE LARCAY,SUCRE,AYACUCHO,01-050000,02-051100,03-051100,04-051107,False
051108,051100,050000,SORAS,SUCRE,AYACUCHO,01-050000,02-051100,03-051100,04-051108,False
051109,051100,050000,HUACAÑA,SUCRE,AYACUCHO,01-050000,02-051100,03-051100,04-051109,False
051110,051100,050000,CHILCAYOC,SUCRE,AYACUCHO,01-050000,02-051100,03-051100,04-051110,False
051111,051100,050000,MORCOLLA,SUCRE,AYACUCHO,01-050000,02-051100,03-051100,04-051111,False
060101,060100,060000,CAJAMARCA,CAJAMARCA,CAJAMARCA,01-060000,02-060100,03-060100,,True
060102,060100,060000,ASUNCION,CAJAMARCA,CAJAMARCA,01-060000,02-060100,03-060100,04-060102,False
060103,060100,060000,COSPAN,CAJAMARCA,CAJAMARCA,01-060000,02-060100,03-060100,04-060103,False
060104,060100,060000,CHETILLA,CAJAMARCA,CAJAMARCA,01-060000,02-060100,03-060100,04-060104,False
060105,060100,060000,ENCAÑADA,CAJAMARCA,CAJAMARCA,01-060000,02-060100,03-060100,04-060105,False
060106,060100,060000,JESUS,CAJAMARCA,CAJAMARCA,01-060000,02-060100,03-060100,04-060106,False
060107,060100,060000,LOS BAÑOS DEL INCA,CAJAMARCA,CAJAMARCA,01-060000,02-060100,03-060100,04-060107,False
060108,060100,060000,LLACANORA,CAJAMARCA,CAJAMARCA,01-060000,02-060100,03-060100,04-060108,False
060109,060100,060000,MAGDALENA,CAJAMARCA,CAJAMARCA,01-060000,02-060100,03-060100,04-060109,False
060110,060100,060000,MATARA,CAJAMARCA,CAJAMARCA,01-060000,02-060100,03-060100,04-060110,False
060111,060100,060000,NAMORA,CAJAMARCA,CAJAMARCA,01-060000,02-060100,03-060100,04-060111,False
060112,060100,060000,SAN JUAN,CAJAMARCA,CAJAMARCA,01-060000,02-060100,03-060100,04-060112,False
060201,060200,060000,CAJABAMBA,CAJABAMBA,CAJAMARCA,01-060000,02-060200,03-060200,,True
060202,060200,060000,CACHACHI,CAJABAMBA,CAJAMARCA,01-060000,02-060200,03-060200,04-060202,False
060203,060200,060000,CONDEBAMBA,CAJABAMBA,CAJAMARCA,01-060000,02-060200,03-060200,04-060203,False
060205,060200,060000,SITACOCHA,CAJABAMBA,CAJAMARCA,01-060000,02-060200,03-060200,04-060205,False
060301,060300,060000,CELENDIN,CELENDIN,CAJAMARCA,01-060000,02-060300,03-060300,,True
060302,060300,060000,CORTEGANA,CELENDIN,CAJAMARCA,01-060000,02-060300,03-060300,04-060302,False
060303,060300,060000,CHUMUCH,CELENDIN,CAJAMARCA,01-060000,02-060300,03-060300,04-060303,False
060304,060300,060000,HUASMIN,CELENDIN,CAJAMARCA,01-060000,02-060300,03-060300,04-060304,False
060305,060300,060000,JORGE CHAVEZ,CELENDIN,CAJAMARCA,01-060000,02-060300,03-060300,04-060305,False
060306,060300,060000,JOSE GALVEZ,CELENDIN,CAJAMARCA,01-060000,02-060300,03-060300,04-060306,False
060307,060300,060000,MIGUEL IGLESIAS,CELENDIN,CAJAMARCA,01-060000,02-060300,03-060300,04-060307,False
060308,060300,060000,OXAMARCA,CELENDIN,CAJAMARCA,01-060000,02-060300,03-060300,04-060308,False
060309,060300,060000,SOROCHUCO,CELENDIN,CAJAMARCA,01-060000,02-060300,03-060300,04-060309,False
060310,060300,060000,SUCRE,CELENDIN,CAJAMARCA,01-060000,02-060300,03-060300,04-060310,False
060311,060300,060000,UTCO,CELENDIN,CAJAMARCA,01-060000,02-060300,03-060300,04-060311,False
060312,060300,060000,LA LIBERTAD DE PALLAN,CELENDIN,CAJAMARCA,01-060000,02-060300,03-060300,04-060312,False
060401,060400,060000,CONTUMAZA,CONTUMAZA,CAJAMARCA,01-060000,02-060400,03-060400,,True
060403,060400,060000,CHILETE,CONTUMAZA,CAJAMARCA,01-060000,02-060400,03-060400,04-060403,False
060404,060400,060000,GUZMANGO,CONTUMAZA,CAJAMARCA,01-060000,02-060400,03-060400,04-060404,False
060405,060400,060000,SAN BENITO,CONTUMAZA,CAJAMARCA,01-060000,02-060400,03-060400,04-060405,False
060406,060400,060000,CUPISNIQUE,CONTUMAZA,CAJAMARCA,01-060000,02-060400,03-060400,04-060406,False
060407,060400,060000,TANTARICA,CONTUMAZA,CAJAMARCA,01-060000,02-060400,03-060400,04-060407,False
060408,060400,060000,YONAN,CONTUMAZA,CAJAMARCA,01-060000,02-060400,03-060400,04-060408,False
060409,060400,060000,SANTA CRUZ DE TOLEDO,CONTUMAZA,CAJAMARCA,01-060000,02-060400,03-060400,04-060409,False
060501,060500,060000,CUTERVO,CUTERVO,CAJAMARCA,01-060000,02-060500,03-060500,,True
060502,060500,060000,CALLAYUC,CUTERVO,CAJAMARCA,01-060000,02-060500,03-060500,04-060502,False
060503,060500,060000,CUJILLO,CUTERVO,CAJAMARCA,01-060000,02-060500,03-060500,04-060503,False
060504,060500,060000,CHOROS,CUTERVO,CAJAMARCA,01-060000,02-060500,03-060500,04-060504,False
060505,060500,060000,LA RAMADA,CUTERVO,CAJAMARCA,01-060000,02-060500,03-060500,04-060505,False
060506,060500,060000,PIMPINGOS,CUTERVO,CAJAMARCA,01-060000,02-060500,03-060500,04-060506,False
060507,060500,060000,QUEROCOTILLO,CUTERVO,CAJAMARCA,01-060000,02-060500,03-060500,04-060507,False
060508,060500,060000,SAN ANDRES DE CUTERVO,CUTERVO,CAJAMARCA,01-060000,02-060500,03-060500,04-060508,False
060509,060500,060000,SAN JUAN DE CUTERVO,CUTERVO,CAJAMARCA,01-060000,02-060500,03-060500,04-060509,False
060510,060500,060000,SAN LUIS DE LUCMA,CUTERVO,CAJAMARCA,01-060000,02-060500,03-060500,04-060510,False
060511,060500,060000,SANTA CRUZ,CUTERVO,CAJAMARCA,01-060000,02-060500,03-060500,04-060511,False
060512,060500,060000,SANTO DOMINGO DE LA CAPILLA,CUTERVO,CAJAMARCA,01-060000,02-060500,03-060500,04-060512,False
060513,060500,060000,SANTO TOMAS,CUTERVO,CAJAMARCA,01-060000,02-060500,03-060500,04-060513,False
060514,060500,060000,SOCOTA,CUTERVO,CAJAMARCA,01-060000,02-060500,03-060500,04-060514,False
060515,060500,060000,TORIBIO CASANOVA,CUTERVO,CAJAMARCA,01-060000,02-060500,03-060500,04-060515,False
060601,060600,060000,CHOTA,CHOTA,CAJAMARCA,01-060000,02-060600,03-060600,,True
060602,060600,060000,ANGUIA,CHOTA,CAJAMARCA,01-060000,02-060600,03-060600,04-060602,False
060603,060600,060000,COCHABAMBA,CHOTA,CAJAMARCA,01-060000,02-060600,03-060600,04-060603,False
060604,060600,060000,CONCHAN,CHOTA,CAJAMARCA,01-060000,02-060600,03-060600,04-060604,False
060605,060600,060000,CHADIN,CHOTA,CAJAMARCA,01-060000,02-060600,03-060600,04-060605,False
060606,060600,060000,CHIGUIRIP,CHOTA,CAJAMARCA,01-060000,02-060600,03-060600,04-060606,False
060607,060600,060000,CHIMBAN,CHOTA,CAJAMARCA,01-060000,02-060600,03-060600,04-060607,False
060608,060600,060000,HUAMBOS,CHOTA,CAJAMARCA,01-060000,02-060600,03-060600,04-060608,False
060609,060600,060000,LAJAS,CHOTA,CAJAMARCA,01-060000,02-060600,03-060600,04-060609,False
060610,060600,060000,LLAMA,CHOTA,CAJAMARCA,01-060000,02-060600,03-060600,04-060610,False
060611,060600,060000,MIRACOSTA,CHOTA,CAJAMARCA,01-060000,02-060600,03-060600,04-060611,False
060612,060600,060000,PACCHA,CHOTA,CAJAMARCA,01-060000,02-060600,03-060600,04-060612,False
060613,060600,060000,PION,CHOTA,CAJAMARCA,01-060000,02-060600,03-060600,04-060613,False
060614,060600,060000,QUEROCOTO,CHOTA,CAJAMARCA,01-060000,02-060600,03-060600,04-060614,False
060615,060600,060000,TACABAMBA,CHOTA,CAJAMARCA,01-060000,02-060600,03-060600,04-060615,False
060616,060600,060000,TOCMOCHE,CHOTA,CAJAMARCA,01-060000,02-060600,03-060600,04-060616,False
060617,060600,060000,SAN JUAN DE LICUPIS,CHOTA,CAJAMARCA,01-060000,02-060600,03-060600,04-060617,False
060618,060600,060000,CHOROPAMPA,CHOTA,CAJAMARCA,01-060000,02-060600,03-060600,04-060618,False
060619,060600,060000,CHALAMARCA,CHOTA,CAJAMARCA,01-060000,02-060600,03-060600,04-060619,False
060701,060700,060000,BAMBAMARCA,HUALGAYOC,CAJAMARCA,01-060000,02-060700,03-060700,,True
060702,060700,060000,CHUGUR,HUALGAYOC,CAJAMARCA,01-060000,02-060700,03-060700,04-060702,False
060703,060700,060000,HUALGAYOC,HUALGAYOC,CAJAMARCA,01-060000,02-060700,03-060700,04-060703,False
060801,060800,060000,JAEN,JAEN,CAJAMARCA,01-060000,02-060800,03-060800,,True
060802,060800,060000,BELLAVISTA,JAEN,CAJAMARCA,01-060000,02-060800,03-060800,04-060802,False
060803,060800,060000,COLASAY,JAEN,CAJAMARCA,01-060000,02-060800,03-060800,04-060803,False
060804,060800,060000,CHONTALI,JAEN,CAJAMARCA,01-060000,02-060800,03-060800,04-060804,False
060805,060800,060000,POMAHUACA,JAEN,CAJAMARCA,01-060000,02-060800,03-060800,04-060805,False
060806,060800,060000,PUCARA,JAEN,CAJAMARCA,01-060000,02-060800,03-060800,04-060806,False
060807,060800,060000,SALLIQUE,JAEN,CAJAMARCA,01-060000,02-060800,03-060800,04-060807,False
060808,060800,060000,SAN FELIPE,JAEN,CAJAMARCA,01-060000,02-060800,03-060800,04-060808,False
060809,060800,060000,SAN JOSE DEL ALTO,JAEN,CAJAMARCA,01-060000,02-060800,03-060800,04-060809,False
060810,060800,060000,SANTA ROSA,JAEN,CAJAMARCA,01-060000,02-060800,03-060800,04-060810,False
060811,060800,060000,LAS PIRIAS,JAEN,CAJAMARCA,01-060000,02-060800,03-060800,04-060811,False
060812,060800,060000,HUABAL,JAEN,CAJAMARCA,01-060000,02-060800,03-060800,04-060812,False
060901,060900,060000,SANTA CRUZ,SANTA CRUZ,CAJAMARCA,01-060000,02-060900,03-060900,,True
060902,060900,060000,CATACHE,SANTA CRUZ,CAJAMARCA,01-060000,02-060900,03-060900,04-060902,False
060903,060900,060000,CHANCAYBAÑOS,SANTA CRUZ,CAJAMARCA,01-060000,02-060900,03-060900,04-060903,False
060904,060900,060000,LA ESPERANZA,SANTA CRUZ,CAJAMARCA,01-060000,02-060900,03-060900,04-060904,False
060905,060900,060000,NINABAMBA,SANTA CRUZ,CAJAMARCA,01-060000,02-060900,03-060900,04-060905,False
060906,060900,060000,PULAN,SANTA CRUZ,CAJAMARCA,01-060000,02-060900,03-060900,04-060906,False
060907,060900,060000,SEXI,SANTA CRUZ,CAJAMARCA,01-060000,02-060900,03-060900,04-060907,False
060908,060900,060000,UTICYACU,SANTA CRUZ,CAJAMARCA,01-060000,02-060900,03-060900,04-060908,False
060909,060900,060000,YAUYUCAN,SANTA CRUZ,CAJAMARCA,01-060000,02-060900,03-060900,04-060909,False
060910,060900,060000,ANDABAMBA,SANTA CRUZ,CAJAMARCA,01-060000,02-060900,03-060900,04-060910,False
060911,060900,060000,SAUCEPAMPA,SANTA CRUZ,CAJAMARCA,01-060000,02-060900,03-060900,04-060911,False
061001,061000,060000,SAN MIGUEL,SAN MIGUEL,CAJAMARCA,01-060000,02-061000,03-061000,,True
061002,061000,060000,CALQUIS,SAN MIGUEL,CAJAMARCA,01-060000,02-061000,03-061000,04-061002,False
061003,061000,060000,LA FLORIDA,SAN MIGUEL,CAJAMARCA,01-060000,02-061000,03-061000,04-061003,False
061004,061000,060000,LLAPA,SAN MIGUEL,CAJAMARCA,01-060000,02-061000,03-061000,04-061004,False
061005,061000,060000,NANCHOC,SAN MIGUEL,CAJAMARCA,01-060000,02-061000,03-061000,04-061005,False
061006,061000,060000,NIEPOS,SAN MIGUEL,CAJAMARCA,01-060000,02-061000,03-061000,04-061006,False
061007,061000,060000,SAN GREGORIO,SAN MIGUEL,CAJAMARCA,01-060000,02-061000,03-061000,04-061007,False
061008,061000,060000,SAN SILVESTRE DE COCHAN,SAN MIGUEL,CAJAMARCA,01-060000,02-061000,03-061000,04-061008,False
061009,061000,060000,EL PRADO,SAN MIGUEL,CAJAMARCA,01-060000,02-061000,03-061000,04-061009,False
061010,061000,060000,UNION AGUA BLANCA,SAN MIGUEL,CAJAMARCA,01-060000,02-061000,03-061000,04-061010,False
061011,061000,060000,TONGOD,SAN MIGUEL,CAJAMARCA,01-060000,02-061000,03-061000,04-061011,False
061012,061000,060000,CATILLUC,SAN MIGUEL,CAJAMARCA,01-060000,02-061000,03-061000,04-061012,False
061013,061000,060000,BOLIVAR,SAN MIGUEL,CAJAMARCA,01-060000,02-061000,03-061000,04-061013,False
061101,061100,060000,SAN IGNACIO,SAN IGNACIO,CAJAMARCA,01-060000,02-061100,03-061100,,True
061102,061100,060000,CHIRINOS,SAN IGNACIO,CAJAMARCA,01-060000,02-061100,03-061100,04-061102,False
061103,061100,060000,HUARANGO,SAN IGNACIO,CAJAMARCA,01-060000,02-061100,03-061100,04-061103,False
061104,061100,060000,NAMBALLE,SAN IGNACIO,CAJAMARCA,01-060000,02-061100,03-061100,04-061104,False
061105,061100,060000,LA COIPA,SAN IGNACIO,CAJAMARCA,01-060000,02-061100,03-061100,04-061105,False
061106,061100,060000,SAN JOSE DE LOURDES,SAN IGNACIO,CAJAMARCA,01-060000,02-061100,03-061100,04-061106,False
061107,061100,060000,TABACONAS,SAN IGNACIO,CAJAMARCA,01-060000,02-061100,03-061100,04-061107,False
061201,061200,060000,PEDRO GALVEZ,SAN MARCOS,CAJAMARCA,01-060000,02-061200,03-061200,,True
061202,061200,060000,ICHOCAN,SAN MARCOS,CAJAMARCA,01-060000,02-061200,03-061200,04-061202,False
061203,061200,060000,GREGORIO PITA,SAN MARCOS,CAJAMARCA,01-060000,02-061200,03-061200,04-061203,False
061204,061200,060000,JOSE MANUEL QUIROZ,SAN MARCOS,CAJAMARCA,01-060000,02-061200,03-061200,04-061204,False
061205,061200,060000,EDUARDO VILLANUEVA,SAN MARCOS,CAJAMARCA,01-060000,02-061200,03-061200,04-061205,False
061206,061200,060000,JOSE SABOGAL,SAN MARCOS,CAJAMARCA,01-060000,02-061200,03-061200,04-061206,False
061207,061200,060000,CHANCAY,SAN MARCOS,CAJAMARCA,01-060000,02-061200,03-061200,04-061207,False
061301,061300,060000,SAN PABLO,SAN PABLO,CAJAMARCA,01-060000,02-061300,03-061300,,True
061302,061300,060000,SAN BERNARDINO,SAN PABLO,CAJAMARCA,01-060000,02-061300,03-061300,04-061302,False
061303,061300,060000,SAN LUIS,SAN PABLO,CAJAMARCA,01-060000,02-061300,03-061300,04-061303,False
061304,061300,060000,TUMBADEN,SAN PABLO,CAJAMARCA,01-060000,02-061300,03-061300,04-061304,False
070101,070100,070000,CUSCO,CUSCO,CUSCO,01-070000,02-070100,03-070100,,True
070102,070100,070000,CCORCA,CUSCO,CUSCO,01-070000,02-070100,03-070100,04-070102,False
070103,070100,070000,POROY,CUSCO,CUSCO,01-070000,02-070100,03-070100,04-070103,False
070104,070100,070000,SAN JERONIMO,CUSCO,CUSCO,01-070000,02-070100,03-070100,04-070104,False
070105,070100,070000,SAN SEBASTIAN,CUSCO,CUSCO,01-070000,02-070100,03-070100,04-070105,False
070106,070100,070000,SANTIAGO,CUSCO,CUSCO,01-070000,02-070100,03-070100,04-070106,False
070107,070100,070000,SAYLLA,CUSCO,CUSCO,01-070000,02-070100,03-070100,04-070107,False
070108,070100,070000,WANCHAQ,CUSCO,CUSCO,01-070000,02-070100,03-070100,04-070108,False
070201,070200,070000,ACOMAYO,ACOMAYO,CUSCO,01-070000,02-070200,03-070200,,True
070202,070200,070000,ACOPIA,ACOMAYO,CUSCO,01-070000,02-070200,03-070200,04-070202,False
070203,070200,070000,ACOS,ACOMAYO,CUSCO,01-070000,02-070200,03-070200,04-070203,False
070204,070200,070000,POMACANCHI,ACOMAYO,CUSCO,01-070000,02-070200,03-070200,04-070204,False
070205,070200,070000,RONDOCAN,ACOMAYO,CUSCO,01-070000,02-070200,03-070200,04-070205,False
070206,070200,070000,SANGARARA,ACOMAYO,CUSCO,01-070000,02-070200,03-070200,04-070206,False
070207,070200,070000,MOSOC LLACTA,ACOMAYO,CUSCO,01-070000,02-070200,03-070200,04-070207,False
070301,070300,070000,ANTA,ANTA,CUSCO,01-070000,02-070300,03-070300,,True
070302,070300,070000,CHINCHAYPUJIO,ANTA,CUSCO,01-070000,02-070300,03-070300,04-070302,False
070303,070300,070000,HUAROCONDO,ANTA,CUSCO,01-070000,02-070300,03-070300,04-070303,False
070304,070300,070000,LIMATAMBO,ANTA,CUSCO,01-070000,02-070300,03-070300,04-070304,False
070305,070300,070000,MOLLEPATA,ANTA,CUSCO,01-070000,02-070300,03-070300,04-070305,False
070306,070300,070000,PUCYURA,ANTA,CUSCO,01-070000,02-070300,03-070300,04-070306,False
070307,070300,070000,ZURITE,ANTA,CUSCO,01-070000,02-070300,03-070300,04-070307,False
070308,070300,070000,CACHIMAYO,ANTA,CUSCO,01-070000,02-070300,03-070300,04-070308,False
070309,070300,070000,ANCAHUASI,ANTA,CUSCO,01-070000,02-070300,03-070300,04-070309,False
070401,070400,070000,CALCA,CALCA,CUSCO,01-070000,02-070400,03-070400,,True
070402,070400,070000,COYA,CALCA,CUSCO,01-070000,02-070400,03-070400,04-070402,False
070403,070400,070000,LAMAY,CALCA,CUSCO,01-070000,02-070400,03-070400,04-070403,False
070404,070400,070000,LARES,CALCA,CUSCO,01-070000,02-070400,03-070400,04-070404,False
070405,070400,070000,PISAC,CALCA,CUSCO,01-070000,02-070400,03-070400,04-070405,False
070406,070400,070000,SAN SALVADOR,CALCA,CUSCO,01-070000,02-070400,03-070400,04-070406,False
070407,070400,070000,TARAY,CALCA,CUSCO,01-070000,02-070400,03-070400,04-070407,False
070408,070400,070000,YANATILE,CALCA,CUSCO,01-070000,02-070400,03-070400,04-070408,False
070501,070500,070000,YANAOCA,CANAS,CUSCO,01-070000,02-070500,03-070500,,True
070502,070500,070000,CHECCA,CANAS,CUSCO,01-070000,02-070500,03-070500,04-070502,False
070503,070500,070000,KUNTURKANKI,CANAS,CUSCO,01-070000,02-070500,03-070500,04-070503,False
070504,070500,070000,LANGUI,CANAS,CUSCO,01-070000,02-070500,03-070500,04-070504,False
070505,070500,070000,LAYO,CANAS,CUSCO,01-070000,02-070500,03-070500,04-070505,False
070506,070500,070000,PAMPAMARCA,CANAS,CUSCO,01-070000,02-070500,03-070500,04-070506,False
070507,070500,070000,QUEHUE,CANAS,CUSCO,01-070000,02-070500,03-070500,04-070507,False
070508,070500,070000,TUPAC AMARU,CANAS,CUSCO,01-070000,02-070500,03-070500,04-070508,False
070601,070600,070000,SICUANI,CANCHIS,CUSCO,01-070000,02-070600,03-070600,,True
070602,070600,070000,COMBAPATA,CANCHIS,CUSCO,01-070000,02-070600,03-070600,04-070602,False
070603,070600,070000,CHECACUPE,CANCHIS,CUSCO,01-070000,02-070600,03-070600,04-070603,False
070604,070600,070000,MARANGANI,CANCHIS,CUSCO,01-070000,02-070600,03-070600,04-070604,False
070605,070600,070000,PITUMARCA,CANCHIS,CUSCO,01-070000,02-070600,03-070600,04-070605,False
070606,070600,070000,SAN PABLO,CANCHIS,CUSCO,01-070000,02-070600,03-070600,04-070606,False
070607,070600,070000,SAN PEDRO,CANCHIS,CUSCO,01-070000,02-070600,03-070600,04-070607,False
070608,070600,070000,TINTA,CANCHIS,CUSCO,01-070000,02-070600,03-070600,04-070608,False
070701,070700,070000,SANTO TOMAS,CHUMBIVILCAS,CUSCO,01-070000,02-070700,03-070700,,True
070702,070700,070000,CAPACMARCA,CHUMBIVILCAS,CUSCO,01-070000,02-070700,03-070700,04-070702,False
070703,070700,070000,COLQUEMARCA,CHUMBIVILCAS,CUSCO,01-070000,02-070700,03-070700,04-070703,False
070704,070700,070000,CHAMACA,CHUMBIVILCAS,CUSCO,01-070000,02-070700,03-070700,04-070704,False
070705,070700,070000,LIVITACA,CHUMBIVILCAS,CUSCO,01-070000,02-070700,03-070700,04-070705,False
070706,070700,070000,LLUSCO,CHUMBIVILCAS,CUSCO,01-070000,02-070700,03-070700,04-070706,False
070707,070700,070000,QUIÑOTA,CHUMBIVILCAS,CUSCO,01-070000,02-070700,03-070700,04-070707,False
070708,070700,070000,VELILLE,CHUMBIVILCAS,CUSCO,01-070000,02-070700,03-070700,04-070708,False
070801,070800,070000,ESPINAR,ESPINAR,CUSCO,01-070000,02-070800,03-070800,,True
070802,070800,070000,CONDOROMA,ESPINAR,CUSCO,01-070000,02-070800,03-070800,04-070802,False
070803,070800,070000,COPORAQUE,ESPINAR,CUSCO,01-070000,02-070800,03-070800,04-070803,False
070804,070800,070000,OCORURO,ESPINAR,CUSCO,01-070000,02-070800,03-070800,04-070804,False
070805,070800,070000,PALLPATA,ESPINAR,CUSCO,01-070000,02-070800,03-070800,04-070805,False
070806,070800,070000,PICHIGUA,ESPINAR,CUSCO,01-070000,02-070800,03-070800,04-070806,False
070807,070800,070000,SUYCKUTAMBO,ESPINAR,CUSCO,01-070000,02-070800,03-070800,04-070807,False
070808,070800,070000,ALTO PICHIGUA,ESPINAR,CUSCO,01-070000,02-070800,03-070800,04-070808,False
070901,070900,070000,SANTA ANA,LA CONVENCION,CUSCO,01-070000,02-070900,03-070900,,True
070902,070900,070000,ECHARATE,LA CONVENCION,CUSCO,01-070000,02-070900,03-070900,04-070902,False
070903,070900,070000,HUAYOPATA,LA CONVENCION,CUSCO,01-070000,02-070900,03-070900,04-070903,False
070904,070900,070000,MARANURA,LA CONVENCION,CUSCO,01-070000,02-070900,03-070900,04-070904,False
070905,070900,070000,OCOBAMBA,LA CONVENCION,CUSCO,01-070000,02-070900,03-070900,04-070905,False
070906,070900,070000,SANTA TERESA,LA CONVENCION,CUSCO,01-070000,02-070900,03-070900,04-070906,False
070907,070900,070000,VILCABAMBA,LA CONVENCION,CUSCO,01-070000,02-070900,03-070900,04-070907,False
070908,070900,070000,QUELLOUNO,LA CONVENCION,CUSCO,01-070000,02-070900,03-070900,04-070908,False
070909,070900,070000,KIMBIRI,LA CONVENCION,CUSCO,01-070000,02-070900,03-070900,04-070909,False
070910,070900,070000,PICHARI,LA CONVENCION,CUSCO,01-070000,02-070900,03-070900,04-070910,False
070911,070900,070000,INKAWASI,LA CONVENCION,CUSCO,01-070000,02-070900,03-070900,04-070911,False
070912,070900,070000,VILLA VIRGEN,LA CONVENCION,CUSCO,01-070000,02-070900,03-070900,04-070912,False
070913,070900,070000,VILLA KINTIARINA,LA CONVENCION,CUSCO,01-070000,02-070900,03-070900,04-070913,False
070915,070900,070000,MEGANTONI,LA CONVENCION,CUSCO,01-070000,02-070900,03-070900,04-070915,False
070916,070900,070000,KUMPIRUSHIATO,LA CONVENCION,CUSCO,01-070000,02-070900,03-070900,04-070916,False
070917,070900,070000,CIELO PUNCO,LA CONVENCION,CUSCO,01-070000,02-070900,03-070900,04-070917,False
070918,070900,070000,MANITEA,LA CONVENCION,CUSCO,01-070000,02-070900,03-070900,04-070918,False
070919,070900,070000,UNION ASHÁNINKA,LA CONVENCION,CUSCO,01-070000,02-070900,03-070900,04-070919,False
071001,071000,070000,PARURO,PARURO,CUSCO,01-070000,02-071000,03-071000,,True
071002,071000,070000,ACCHA,PARURO,CUSCO,01-070000,02-071000,03-071000,04-071002,False
071003,071000,070000,CCAPI,PARURO,CUSCO,01-070000,02-071000,03-071000,04-071003,False
071004,071000,070000,COLCHA,PARURO,CUSCO,01-070000,02-071000,03-071000,04-071004,False
071005,071000,070000,HUANOQUITE,PARURO,CUSCO,01-070000,02-071000,03-071000,04-071005,False
071006,071000,070000,OMACHA,PARURO,CUSCO,01-070000,02-071000,03-071000,04-071006,False
071007,071000,070000,YAURISQUE,PARURO,CUSCO,01-070000,02-071000,03-071000,04-071007,False
071008,071000,070000,PACCARITAMBO,PARURO,CUSCO,01-070000,02-071000,03-071000,04-071008,False
071009,071000,070000,PILLPINTO,PARURO,CUSCO,01-070000,02-071000,03-071000,04-071009,False
071101,071100,070000,PAUCARTAMBO,PAUCARTAMBO,CUSCO,01-070000,02-071100,03-071100,,True
071102,071100,070000,CAICAY,PAUCARTAMBO,CUSCO,01-070000,02-071100,03-071100,04-071102,False
071103,071100,070000,COLQUEPATA,PAUCARTAMBO,CUSCO,01-070000,02-071100,03-071100,04-071103,False
071104,071100,070000,CHALLABAMBA,PAUCARTAMBO,CUSCO,01-070000,02-071100,03-071100,04-071104,False
071105,071100,070000,KOSÑIPATA,PAUCARTAMBO,CUSCO,01-070000,02-071100,03-071100,04-071105,False
071106,071100,070000,HUANCARANI,PAUCARTAMBO,CUSCO,01-070000,02-071100,03-071100,04-071106,False
071201,071200,070000,URCOS,QUISPICANCHI,CUSCO,01-070000,02-071200,03-071200,,True
071202,071200,070000,ANDAHUAYLILLAS,QUISPICANCHI,CUSCO,01-070000,02-071200,03-071200,04-071202,False
071203,071200,070000,CAMANTI,QUISPICANCHI,CUSCO,01-070000,02-071200,03-071200,04-071203,False
071204,071200,070000,CCARHUAYO,QUISPICANCHI,CUSCO,01-070000,02-071200,03-071200,04-071204,False
071205,071200,070000,CCATCA,QUISPICANCHI,CUSCO,01-070000,02-071200,03-071200,04-071205,False
071206,071200,070000,CUSIPATA,QUISPICANCHI,CUSCO,01-070000,02-071200,03-071200,04-071206,False
071207,071200,070000,HUARO,QUISPICANCHI,CUSCO,01-070000,02-071200,03-071200,04-071207,False
071208,071200,070000,LUCRE,QUISPICANCHI,CUSCO,01-070000,02-071200,03-071200,04-071208,False
071209,071200,070000,MARCAPATA,QUISPICANCHI,CUSCO,01-070000,02-071200,03-071200,04-071209,False
071210,071200,070000,OCONGATE,QUISPICANCHI,CUSCO,01-070000,02-071200,03-071200,04-071210,False
071211,071200,070000,OROPESA,QUISPICANCHI,CUSCO,01-070000,02-071200,03-071200,04-071211,False
071212,071200,070000,QUIQUIJANA,QUISPICANCHI,CUSCO,01-070000,02-071200,03-071200,04-071212,False
071301,071300,070000,URUBAMBA,URUBAMBA,CUSCO,01-070000,02-071300,03-071300,,True
071302,071300,070000,CHINCHERO,URUBAMBA,CUSCO,01-070000,02-071300,03-071300,04-071302,False
071303,071300,070000,HUAYLLABAMBA,URUBAMBA,CUSCO,01-070000,02-071300,03-071300,04-071303,False
071304,071300,070000,MACHUPICCHU,URUBAMBA,CUSCO,01-070000,02-071300,03-071300,04-071304,False
071305,071300,070000,MARAS,URUBAMBA,CUSCO,01-070000,02-071300,03-071300,04-071305,False
071306,071300,070000,OLLANTAYTAMBO,URUBAMBA,CUSCO,01-070000,02-071300,03-071300,04-071306,False
071307,071300,070000,YUCAY,URUBAMBA,CUSCO,01-070000,02-071300,03-071300,04-071307,False
080101,080100,080000,HUANCAVELICA,HUANCAVELICA,HUANCAVELICA,01-080000,02-080100,03-080100,,True
080102,080100,080000,ACOBAMBILLA,HUANCAVELICA,HUANCAVELICA,01-080000,02-080100,03-080100,04-080102,False
080103,080100,080000,ACORIA,HUANCAVELICA,HUANCAVELICA,01-080000,02-080100,03-080100,04-080103,False
080104,080100,080000,CONAYCA,HUANCAVELICA,HUANCAVELICA,01-080000,02-080100,03-080100,04-080104,False
080105,080100,080000,CUENCA,HUANCAVELICA,HUANCAVELICA,01-080000,02-080100,03-080100,04-080105,False
080106,080100,080000,HUACHOCOLPA,HUANCAVELICA,HUANCAVELICA,01-080000,02-080100,03-080100,04-080106,False
080108,080100,080000,HUAYLLAHUARA,HUANCAVELICA,HUANCAVELICA,01-080000,02-080100,03-080100,04-080108,False
080109,080100,080000,IZCUCHACA,HUANCAVELICA,HUANCAVELICA,01-080000,02-080100,03-080100,04-080109,False
080110,080100,080000,LARIA,HUANCAVELICA,HUANCAVELICA,01-080000,02-080100,03-080100,04-080110,False
080111,080100,080000,MANTA,HUANCAVELICA,HUANCAVELICA,01-080000,02-080100,03-080100,04-080111,False
080112,080100,080000,MARISCAL CACERES,HUANCAVELICA,HUANCAVELICA,01-080000,02-080100,03-080100,04-080112,False
080113,080100,080000,MOYA,HUANCAVELICA,HUANCAVELICA,01-080000,02-080100,03-080100,04-080113,False
080114,080100,080000,NUEVO OCCORO,HUANCAVELICA,HUANCAVELICA,01-080000,02-080100,03-080100,04-080114,False
080115,080100,080000,PALCA,HUANCAVELICA,HUANCAVELICA,01-080000,02-080100,03-080100,04-080115,False
080116,080100,080000,PILCHACA,HUANCAVELICA,HUANCAVELICA,01-080000,02-080100,03-080100,04-080116,False
080117,080100,080000,VILCA,HUANCAVELICA,HUANCAVELICA,01-080000,02-080100,03-080100,04-080117,False
080118,080100,080000,YAULI,HUANCAVELICA,HUANCAVELICA,01-080000,02-080100,03-080100,04-080118,False
080119,080100,080000,ASCENSION,HUANCAVELICA,HUANCAVELICA,01-080000,02-080100,03-080100,04-080119,False
080120,080100,080000,HUANDO,HUANCAVELICA,HUANCAVELICA,01-080000,02-080100,03-080100,04-080120,False
080201,080200,080000,ACOBAMBA,ACOBAMBA,HUANCAVELICA,01-080000,02-080200,03-080200,,True
080202,080200,080000,ANTA,ACOBAMBA,HUANCAVELICA,01-080000,02-080200,03-080200,04-080202,False
080203,080200,080000,ANDABAMBA,ACOBAMBA,HUANCAVELICA,01-080000,02-080200,03-080200,04-080203,False
080204,080200,080000,CAJA,ACOBAMBA,HUANCAVELICA,01-080000,02-080200,03-080200,04-080204,False
080205,080200,080000,MARCAS,ACOBAMBA,HUANCAVELICA,01-080000,02-080200,03-080200,04-080205,False
080206,080200,080000,PAUCARA,ACOBAMBA,HUANCAVELICA,01-080000,02-080200,03-080200,04-080206,False
080207,080200,080000,POMACOCHA,ACOBAMBA,HUANCAVELICA,01-080000,02-080200,03-080200,04-080207,False
080208,080200,080000,ROSARIO,ACOBAMBA,HUANCAVELICA,01-080000,02-080200,03-080200,04-080208,False
080301,080300,080000,LIRCAY,ANGARAES,HUANCAVELICA,01-080000,02-080300,03-080300,,True
080302,080300,080000,ANCHONGA,ANGARAES,HUANCAVELICA,01-080000,02-080300,03-080300,04-080302,False
080303,080300,080000,CALLANMARCA,ANGARAES,HUANCAVELICA,01-080000,02-080300,03-080300,04-080303,False
080304,080300,080000,CONGALLA,ANGARAES,HUANCAVELICA,01-080000,02-080300,03-080300,04-080304,False
080305,080300,080000,CHINCHO,ANGARAES,HUANCAVELICA,01-080000,02-080300,03-080300,04-080305,False
080306,080300,080000,HUALLAY-GRANDE,ANGARAES,HUANCAVELICA,01-080000,02-080300,03-080300,04-080306,False
080307,080300,080000,HUANCA-HUANCA,ANGARAES,HUANCAVELICA,01-080000,02-080300,03-080300,04-080307,False
080308,080300,080000,JULCAMARCA,ANGARAES,HUANCAVELICA,01-080000,02-080300,03-080300,04-080308,False
080309,080300,080000,SAN ANTONIO DE ANTAPARCO,ANGARAES,HUANCAVELICA,01-080000,02-080300,03-080300,04-080309,False
080310,080300,080000,SANTO TOMAS DE PATA,ANGARAES,HUANCAVELICA,01-080000,02-080300,03-080300,04-080310,False
080311,080300,080000,SECCLLA,ANGARAES,HUANCAVELICA,01-080000,02-080300,03-080300,04-080311,False
080312,080300,080000,CCOCHACCASA,ANGARAES,HUANCAVELICA,01-080000,02-080300,03-080300,04-080312,False
080401,080400,080000,CASTROVIRREYNA,CASTROVIRREYNA,HUANCAVELICA,01-080000,02-080400,03-080400,,True
080402,080400,080000,ARMA,CASTROVIRREYNA,HUANCAVELICA,01-080000,02-080400,03-080400,04-080402,False
080403,080400,080000,AURAHUA,CASTROVIRREYNA,HUANCAVELICA,01-080000,02-080400,03-080400,04-080403,False
080405,080400,080000,CAPILLAS,CASTROVIRREYNA,HUANCAVELICA,01-080000,02-080400,03-080400,04-080405,False
080406,080400,080000,COCAS,CASTROVIRREYNA,HUANCAVELICA,01-080000,02-080400,03-080400,04-080406,False
080408,080400,080000,CHUPAMARCA,CASTROVIRREYNA,HUANCAVELICA,01-080000,02-080400,03-080400,04-080408,False
080409,080400,080000,HUACHOS,CASTROVIRREYNA,HUANCAVELICA,01-080000,02-080400,03-080400,04-080409,False
080410,080400,080000,HUAMATAMBO,CASTROVIRREYNA,HUANCAVELICA,01-080000,02-080400,03-080400,04-080410,False
080414,080400,080000,MOLLEPAMPA,CASTROVIRREYNA,HUANCAVELICA,01-080000,02-080400,03-080400,04-080414,False
080422,080400,080000,SAN JUAN,CASTROVIRREYNA,HUANCAVELICA,01-080000,02-080400,03-080400,04-080422,False
080427,080400,080000,TANTARA,CASTROVIRREYNA,HUANCAVELICA,01-080000,02-080400,03-080400,04-080427,False
080428,080400,080000,TICRAPO,CASTROVIRREYNA,HUANCAVELICA,01-080000,02-080400,03-080400,04-080428,False
080429,080400,080000,SANTA ANA,CASTROVIRREYNA,HUANCAVELICA,01-080000,02-080400,03-080400,04-080429,False
080501,080500,080000,PAMPAS,TAYACAJA,HUANCAVELICA,01-080000,02-080500,03-080500,,True
080502,080500,080000,ACOSTAMBO,TAYACAJA,HUANCAVELICA,01-080000,02-080500,03-080500,04-080502,False
080503,080500,080000,ACRAQUIA,TAYACAJA,HUANCAVELICA,01-080000,02-080500,03-080500,04-080503,False
080504,080500,080000,AHUAYCHA,TAYACAJA,HUANCAVELICA,01-080000,02-080500,03-080500,04-080504,False
080506,080500,080000,COLCABAMBA,TAYACAJA,HUANCAVELICA,01-080000,02-080500,03-080500,04-080506,False
080509,080500,080000,DANIEL HERNANDEZ,TAYACAJA,HUANCAVELICA,01-080000,02-080500,03-080500,04-080509,False
080511,080500,080000,HUACHOCOLPA,TAYACAJA,HUANCAVELICA,01-080000,02-080500,03-080500,04-080511,False
080512,080500,080000,HUARIBAMBA,TAYACAJA,HUANCAVELICA,01-080000,02-080500,03-080500,04-080512,False
080515,080500,080000,ÑAHUIMPUQUIO,TAYACAJA,HUANCAVELICA,01-080000,02-080500,03-080500,04-080515,False
080517,080500,080000,PAZOS,TAYACAJA,HUANCAVELICA,01-080000,02-080500,03-080500,04-080517,False
080518,080500,080000,QUISHUAR,TAYACAJA,HUANCAVELICA,01-080000,02-080500,03-080500,04-080518,False
080519,080500,080000,SALCABAMBA,TAYACAJA,HUANCAVELICA,01-080000,02-080500,03-080500,04-080519,False
080520,080500,080000,SAN MARCOS DE ROCCHAC,TAYACAJA,HUANCAVELICA,01-080000,02-080500,03-080500,04-080520,False
080523,080500,080000,SURCUBAMBA,TAYACAJA,HUANCAVELICA,01-080000,02-080500,03-080500,04-080523,False
080525,080500,080000,TINTAY PUNCU,TAYACAJA,HUANCAVELICA,01-080000,02-080500,03-080500,04-080525,False
080526,080500,080000,SALCAHUASI,TAYACAJA,HUANCAVELICA,01-080000,02-080500,03-080500,04-080526,False
080528,080500,080000,QUICHUAS,TAYACAJA,HUANCAVELICA,01-080000,02-080500,03-080500,04-080528,False
080529,080500,080000,ANDAYMARCA,TAYACAJA,HUANCAVELICA,01-080000,02-080500,03-080500,04-080529,False
080530,080500,080000,ROBLE,TAYACAJA,HUANCAVELICA,01-080000,02-080500,03-080500,04-080530,False
080531,080500,080000,PICHOS,TAYACAJA,HUANCAVELICA,01-080000,02-080500,03-080500,04-080531,False
080532,080500,080000,SANTIAGO DE TUCUMA,TAYACAJA,HUANCAVELICA,01-080000,02-080500,03-080500,04-080532,False
080533,080500,080000,LAMBRAS,TAYACAJA,HUANCAVELICA,01-080000,02-080500,03-080500,04-080533,False
080534,080500,080000,COCHABAMBA,TAYACAJA,HUANCAVELICA,01-080000,02-080500,03-080500,04-080534,False
080601,080600,080000,AYAVI,HUAYTARA,HUANCAVELICA,01-080000,02-080600,03-080600,04-080601,False
080602,080600,080000,CORDOVA,HUAYTARA,HUANCAVELICA,01-080000,02-080600,03-080600,04-080602,False
080603,080600,080000,HUAYACUNDO ARMA,HUAYTARA,HUANCAVELICA,01-080000,02-080600,03-080600,04-080603,False
080604,080600,080000,HUAYTARA,HUAYTARA,HUANCAVELICA,01-080000,02-080600,03-080600,,True
080605,080600,080000,LARAMARCA,HUAYTARA,HUANCAVELICA,01-080000,02-080600,03-080600,04-080605,False
080606,080600,080000,OCOYO,HUAYTARA,HUANCAVELICA,01-080000,02-080600,03-080600,04-080606,False
080607,080600,080000,PILPICHACA,HUAYTARA,HUANCAVELICA,01-080000,02-080600,03-080600,04-080607,False
080608,080600,080000,QUERCO,HUAYTARA,HUANCAVELICA,01-080000,02-080600,03-080600,04-080608,False
080609,080600,080000,QUITO ARMA,HUAYTARA,HUANCAVELICA,01-080000,02-080600,03-080600,04-080609,False
080610,080600,080000,SAN ANTONIO DE CUSICANCHA,HUAYTARA,HUANCAVELICA,01-080000,02-080600,03-080600,04-080610,False
080611,080600,080000,SAN FRANCISCO DE SANGAYAICO,HUAYTARA,HUANCAVELICA,01-080000,02-080600,03-080600,04-080611,False
080612,080600,080000,SAN ISIDRO,HUAYTARA,HUANCAVELICA,01-080000,02-080600,03-080600,04-080612,False
080613,080600,080000,SANTIAGO DE CHOCORVOS,HUAYTARA,HUANCAVELICA,01-080000,02-080600,03-080600,04-080613,False
080614,080600,080000,SANTIAGO DE QUIRAHUARA,HUAYTARA,HUANCAVELICA,01-080000,02-080600,03-080600,04-080614,False
080615,080600,080000,SANTO DOMINGO DE CAPILLAS,HUAYTARA,HUANCAVELICA,01-080000,02-080600,03-080600,04-080615,False
080616,080600,080000,TAMBO,HUAYTARA,HUANCAVELICA,01-080000,02-080600,03-080600,04-080616,False
080701,080700,080000,CHURCAMPA,CHURCAMPA,HUANCAVELICA,01-080000,02-080700,03-080700,,True
080702,080700,080000,ANCO,CHURCAMPA,HUANCAVELICA,01-080000,02-080700,03-080700,04-080702,False
080703,080700,080000,CHINCHIHUASI,CHURCAMPA,HUANCAVELICA,01-080000,02-080700,03-080700,04-080703,False
080704,080700,080000,EL CARMEN,CHURCAMPA,HUANCAVELICA,01-080000,02-080700,03-080700,04-080704,False
080705,080700,080000,LA MERCED,CHURCAMPA,HUANCAVELICA,01-080000,02-080700,03-080700,04-080705,False
080706,080700,080000,LOCROJA,CHURCAMPA,HUANCAVELICA,01-080000,02-080700,03-080700,04-080706,False
080707,080700,080000,PAUCARBAMBA,CHURCAMPA,HUANCAVELICA,01-080000,02-080700,03-080700,04-080707,False
080708,080700,080000,SAN MIGUEL DE MAYOCC,CHURCAMPA,HUANCAVELICA,01-080000,02-080700,03-080700,04-080708,False
080709,080700,080000,SAN PEDRO DE CORIS,CHURCAMPA,HUANCAVELICA,01-080000,02-080700,03-080700,04-080709,False
080710,080700,080000,PACHAMARCA,CHURCAMPA,HUANCAVELICA,01-080000,02-080700,03-080700,04-080710,False
080711,080700,080000,COSME,CHURCAMPA,HUANCAVELICA,01-080000,02-080700,03-080700,04-080711,False
090101,090100,090000,HUANUCO,HUANUCO,HUANUCO,01-090000,02-090100,03-090100,,True
090102,090100,090000,CHINCHAO,HUANUCO,HUANUCO,01-090000,02-090100,03-090100,04-090102,False
090103,090100,090000,CHURUBAMBA,HUANUCO,HUANUCO,01-090000,02-090100,03-090100,04-090103,False
090104,090100,090000,MARGOS,HUANUCO,HUANUCO,01-090000,02-090100,03-090100,04-090104,False
090105,090100,090000,QUISQUI,HUANUCO,HUANUCO,01-090000,02-090100,03-090100,04-090105,False
090106,090100,090000,SAN FRANCISCO DE CAYRAN,HUANUCO,HUANUCO,01-090000,02-090100,03-090100,04-090106,False
090107,090100,090000,SAN PEDRO DE CHAULAN,HUANUCO,HUANUCO,01-090000,02-090100,03-090100,04-090107,False
090108,090100,090000,SANTA MARIA DEL VALLE,HUANUCO,HUANUCO,01-090000,02-090100,03-090100,04-090108,False
090109,090100,090000,YARUMAYO,HUANUCO,HUANUCO,01-090000,02-090100,03-090100,04-090109,False
090110,090100,090000,AMARILIS,HUANUCO,HUANUCO,01-090000,02-090100,03-090100,04-090110,False
090111,090100,090000,PILLCO MARCA,HUANUCO,HUANUCO,01-090000,02-090100,03-090100,04-090111,False
090112,090100,090000,YACUS,HUANUCO,HUANUCO,01-090000,02-090100,03-090100,04-090112,False
090113,090100,090000,SAN PABLO DE PILLAO,HUANUCO,HUANUCO,01-090000,02-090100,03-090100,04-090113,False
090201,090200,090000,AMBO,AMBO,HUANUCO,01-090000,02-090200,03-090200,,True
090202,090200,090000,CAYNA,AMBO,HUANUCO,01-090000,02-090200,03-090200,04-090202,False
090203,090200,090000,COLPAS,AMBO,HUANUCO,01-090000,02-090200,03-090200,04-090203,False
090204,090200,090000,CONCHAMARCA,AMBO,HUANUCO,01-090000,02-090200,03-090200,04-090204,False
090205,090200,090000,HUACAR,AMBO,HUANUCO,01-090000,02-090200,03-090200,04-090205,False
090206,090200,090000,SAN FRANCISCO,AMBO,HUANUCO,01-090000,02-090200,03-090200,04-090206,False
090207,090200,090000,SAN RAFAEL,AMBO,HUANUCO,01-090000,02-090200,03-090200,04-090207,False
090208,090200,090000,TOMAY-KICHWA,AMBO,HUANUCO,01-090000,02-090200,03-090200,04-090208,False
090301,090300,090000,LA UNION,DOS DE MAYO,HUANUCO,01-090000,02-090300,03-090300,,True
090307,090300,090000,CHUQUIS,DOS DE MAYO,HUANUCO,01-090000,02-090300,03-090300,04-090307,False
090312,090300,090000,MARIAS,DOS DE MAYO,HUANUCO,01-090000,02-090300,03-090300,04-090312,False
090314,090300,090000,PACHAS,DOS DE MAYO,HUANUCO,01-090000,02-090300,03-090300,04-090314,False
090316,090300,090000,QUIVILLA,DOS DE MAYO,HUANUCO,01-090000,02-090300,03-090300,04-090316,False
090317,090300,090000,RIPAN,DOS DE MAYO,HUANUCO,01-090000,02-090300,03-090300,04-090317,False
090321,090300,090000,SHUNQUI,DOS DE MAYO,HUANUCO,01-090000,02-090300,03-090300,04-090321,False
090322,090300,090000,SILLAPATA,DOS DE MAYO,HUANUCO,01-090000,02-090300,03-090300,04-090322,False
090323,090300,090000,YANAS,DOS DE MAYO,HUANUCO,01-090000,02-090300,03-090300,04-090323,False
090401,090400,090000,LLATA,HUAMALIES,HUANUCO,01-090000,02-090400,03-090400,,True
090402,090400,090000,ARANCAY,HUAMALIES,HUANUCO,01-090000,02-090400,03-090400,04-090402,False
090403,090400,090000,CHAVIN DE PARIARCA,HUAMALIES,HUANUCO,01-090000,02-090400,03-090400,04-090403,False
090404,090400,090000,JACAS GRANDE,HUAMALIES,HUANUCO,01-090000,02-090400,03-090400,04-090404,False
090405,090400,090000,JIRCAN,HUAMALIES,HUANUCO,01-090000,02-090400,03-090400,04-090405,False
090406,090400,090000,MIRAFLORES,HUAMALIES,HUANUCO,01-090000,02-090400,03-090400,04-090406,False
090407,090400,090000,MONZON,HUAMALIES,HUANUCO,01-090000,02-090400,03-090400,04-090407,False
090408,090400,090000,PUNCHAO,HUAMALIES,HUANUCO,01-090000,02-090400,03-090400,04-090408,False
090409,090400,090000,PUÑOS,HUAMALIES,HUANUCO,01-090000,02-090400,03-090400,04-090409,False
090410,090400,090000,SINGA,HUAMALIES,HUANUCO,01-090000,02-090400,03-090400,04-090410,False
090411,090400,090000,TANTAMAYO,HUAMALIES,HUANUCO,01-090000,02-090400,03-090400,04-090411,False
090501,090500,090000,HUACRACHUCO,MARAÑON,HUANUCO,01-090000,02-090500,03-090500,,True
090502,090500,090000,CHOLON,MARAÑON,HUANUCO,01-090000,02-090500,03-090500,04-090502,False
090505,090500,090000,SAN BUENAVENTURA,MARAÑON,HUANUCO,01-090000,02-090500,03-090500,04-090505,False
090506,090500,090000,LA MORADA,MARAÑON,HUANUCO,01-090000,02-090500,03-090500,04-090506,False
090507,090500,090000,SANTA ROSA DE ALTO YANAJANCA,MARAÑON,HUANUCO,01-090000,02-090500,03-090500,04-090507,False
090601,090600,090000,RUPA-RUPA,LEONCIO PRADO,HUANUCO,01-090000,02-090600,03-090600,,True
090602,090600,090000,DANIEL ALOMIA ROBLES,LEONCIO PRADO,HUANUCO,01-090000,02-090600,03-090600,04-090602,False
090603,090600,090000,HERMILIO VALDIZAN,LEONCIO PRADO,HUANUCO,01-090000,02-090600,03-090600,04-090603,False
090604,090600,090000,LUYANDO,LEONCIO PRADO,HUANUCO,01-090000,02-090600,03-090600,04-090604,False
090605,090600,090000,MARIANO DAMASO BERAUN,LEONCIO PRADO,HUANUCO,01-090000,02-090600,03-090600,04-090605,False
090606,090600,090000,JOSE CRESPO Y CASTILLO,LEONCIO PRADO,HUANUCO,01-090000,02-090600,03-090600,04-090606,False
090607,090600,090000,PUCAYACU,LEONCIO PRADO,HUANUCO,01-090000,02-090600,03-090600,04-090607,False
090608,090600,090000,CASTILLO GRANDE,LEONCIO PRADO,HUANUCO,01-090000,02-090600,03-090600,04-090608,False
090609,090600,090000,PUEBLO NUEVO,LEONCIO PRADO,HUANUCO,01-090000,02-090600,03-090600,04-090609,False
090610,090600,090000,SANTO DOMINGO DE ANDA,LEONCIO PRADO,HUANUCO,01-090000,02-090600,03-090600,04-090610,False
090701,090700,090000,PANAO,PACHITEA,HUANUCO,01-090000,02-090700,03-090700,,True
090702,090700,090000,CHAGLLA,PACHITEA,HUANUCO,01-090000,02-090700,03-090700,04-090702,False
090704,090700,090000,MOLINO,PACHITEA,HUANUCO,01-090000,02-090700,03-090700,04-090704,False
090706,090700,090000,UMARI,PACHITEA,HUANUCO,01-090000,02-090700,03-090700,04-090706,False
090801,090800,090000,HONORIA,PUERTO INCA,HUANUCO,01-090000,02-090800,03-090800,04-090801,False
090802,090800,090000,PUERTO INCA,PUERTO INCA,HUANUCO,01-090000,02-090800,03-090800,,True
090803,090800,090000,CODO DEL POZUZO,PUERTO INCA,HUANUCO,01-090000,02-090800,03-090800,04-090803,False
090804,090800,090000,TOURNAVISTA,PUERTO INCA,HUANUCO,01-090000,02-090800,03-090800,04-090804,False
090805,090800,090000,YUYAPICHIS,PUERTO INCA,HUANUCO,01-090000,02-090800,03-090800,04-090805,False
090901,090900,090000,HUACAYBAMBA,HUACAYBAMBA,HUANUCO,01-090000,02-090900,03-090900,,True
090902,090900,090000,PINRA,HUACAYBAMBA,HUANUCO,01-090000,02-090900,03-090900,04-090902,False
090903,090900,090000,CANCHABAMBA,HUACAYBAMBA,HUANUCO,01-090000,02-090900,03-090900,04-090903,False
090904,090900,090000,COCHABAMBA,HUACAYBAMBA,HUANUCO,01-090000,02-090900,03-090900,04-090904,False
091001,091000,090000,JESUS,LAURICOCHA,HUANUCO,01-090000,02-091000,03-091000,,True
091002,091000,090000,BAÑOS,LAURICOCHA,HUANUCO,01-090000,02-091000,03-091000,04-091002,False
091003,091000,090000,SAN FRANCISCO DE ASIS,LAURICOCHA,HUANUCO,01-090000,02-091000,03-091000,04-091003,False
091004,091000,090000,QUEROPALCA,LAURICOCHA,HUANUCO,01-090000,02-091000,03-091000,04-091004,False
091005,091000,090000,SAN MIGUEL DE CAURI,LAURICOCHA,HUANUCO,01-090000,02-091000,03-091000,04-091005,False
091006,091000,090000,RONDOS,LAURICOCHA,HUANUCO,01-090000,02-091000,03-091000,04-091006,False
091007,091000,090000,JIVIA,LAURICOCHA,HUANUCO,01-090000,02-091000,03-091000,04-091007,False
091101,091100,090000,CHAVINILLO,YAROWILCA,HUANUCO,01-090000,02-091100,03-091100,,True
091102,091100,090000,APARICIO POMARES,YAROWILCA,HUANUCO,01-090000,02-091100,03-091100,04-091102,False
091103,091100,090000,CAHUAC,YAROWILCA,HUANUCO,01-090000,02-091100,03-091100,04-091103,False
091104,091100,090000,CHACABAMBA,YAROWILCA,HUANUCO,01-090000,02-091100,03-091100,04-091104,False
091105,091100,090000,JACAS CHICO,YAROWILCA,HUANUCO,01-090000,02-091100,03-091100,04-091105,False
091106,091100,090000,OBAS,YAROWILCA,HUANUCO,01-090000,02-091100,03-091100,04-091106,False
091107,091100,090000,PAMPAMARCA,YAROWILCA,HUANUCO,01-090000,02-091100,03-091100,04-091107,False
091108,091100,090000,CHORAS,YAROWILCA,HUANUCO,01-090000,02-091100,03-091100,04-091108,False
100101,100100,100000,ICA,ICA,ICA,01-100000,02-100100,03-100100,,True
100102,100100,100000,LA TINGUIÑA,ICA,ICA,01-100000,02-100100,03-100100,04-100102,False
100103,100100,100000,LOS AQUIJES,ICA,ICA,01-100000,02-100100,03-100100,04-100103,False
100104,100100,100000,PARCONA,ICA,ICA,01-100000,02-100100,03-100100,04-100104,False
100105,100100,100000,PUEBLO NUEVO,ICA,ICA,01-100000,02-100100,03-100100,04-100105,False
100106,100100,100000,SALAS,ICA,ICA,01-100000,02-100100,03-100100,04-100106,False
100107,100100,100000,SAN JOSE DE LOS MOLINOS,ICA,ICA,01-100000,02-100100,03-100100,04-100107,False
100108,100100,100000,SAN JUAN BAUTISTA,ICA,ICA,01-100000,02-100100,03-100100,04-100108,False
100109,100100,100000,SANTIAGO,ICA,ICA,01-100000,02-100100,03-100100,04-100109,False
100110,100100,100000,SUBTANJALLA,ICA,ICA,01-100000,02-100100,03-100100,04-100110,False
100111,100100,100000,YAUCA DEL ROSARIO,ICA,ICA,01-100000,02-100100,03-100100,04-100111,False
100112,100100,100000,TATE,ICA,ICA,01-100000,02-100100,03-100100,04-100112,False
100113,100100,100000,PACHACUTEC,ICA,ICA,01-100000,02-100100,03-100100,04-100113,False
100114,100100,100000,OCUCAJE,ICA,ICA,01-100000,02-100100,03-100100,04-100114,False
100201,100200,100000,CHINCHA ALTA,CHINCHA,ICA,01-100000,02-100200,03-100200,,True
100202,100200,100000,CHAVIN,CHINCHA,ICA,01-100000,02-100200,03-100200,04-100202,False
100203,100200,100000,CHINCHA BAJA,CHINCHA,ICA,01-100000,02-100200,03-100200,04-100203,False
100204,100200,100000,EL CARMEN,CHINCHA,ICA,01-100000,02-100200,03-100200,04-100204,False
100205,100200,100000,GROCIO PRADO,CHINCHA,ICA,01-100000,02-100200,03-100200,04-100205,False
100206,100200,100000,SAN PEDRO DE HUACARPANA,CHINCHA,ICA,01-100000,02-100200,03-100200,04-100206,False
100207,100200,100000,SUNAMPE,CHINCHA,ICA,01-100000,02-100200,03-100200,04-100207,False
100208,100200,100000,TAMBO DE MORA,CHINCHA,ICA,01-100000,02-100200,03-100200,04-100208,False
100209,100200,100000,ALTO LARAN,CHINCHA,ICA,01-100000,02-100200,03-100200,04-100209,False
100210,100200,100000,PUEBLO NUEVO,CHINCHA,ICA,01-100000,02-100200,03-100200,04-100210,False
100211,100200,100000,SAN JUAN DE YANAC,CHINCHA,ICA,01-100000,02-100200,03-100200,04-100211,False
100301,100300,100000,NASCA,NASCA,ICA,01-100000,02-100300,03-100300,,True
100302,100300,100000,CHANGUILLO,NASCA,ICA,01-100000,02-100300,03-100300,04-100302,False
100303,100300,100000,EL INGENIO,NASCA,ICA,01-100000,02-100300,03-100300,04-100303,False
100304,100300,100000,MARCONA,NASCA,ICA,01-100000,02-100300,03-100300,04-100304,False
100305,100300,100000,VISTA ALEGRE,NASCA,ICA,01-100000,02-100300,03-100300,04-100305,False
100401,100400,100000,PISCO,PISCO,ICA,01-100000,02-100400,03-100400,,True
100402,100400,100000,HUANCANO,PISCO,ICA,01-100000,02-100400,03-100400,04-100402,False
100403,100400,100000,HUMAY,PISCO,ICA,01-100000,02-100400,03-100400,04-100403,False
100404,100400,100000,INDEPENDENCIA,PISCO,ICA,01-100000,02-100400,03-100400,04-100404,False
100405,100400,100000,PARACAS,PISCO,ICA,01-100000,02-100400,03-100400,04-100405,False
100406,100400,100000,SAN ANDRES,PISCO,ICA,01-100000,02-100400,03-100400,04-100406,False
100407,100400,100000,SAN CLEMENTE,PISCO,ICA,01-100000,02-100400,03-100400,04-100407,False
100408,100400,100000,TUPAC AMARU INCA,PISCO,ICA,01-100000,02-100400,03-100400,04-100408,False
100501,100500,100000,PALPA,PALPA,ICA,01-100000,02-100500,03-100500,,True
100502,100500,100000,LLIPATA,PALPA,ICA,01-100000,02-100500,03-100500,04-100502,False
100503,100500,100000,RIO GRANDE,PALPA,ICA,01-100000,02-100500,03-100500,04-100503,False
100504,100500,100000,SANTA CRUZ,PALPA,ICA,01-100000,02-100500,03-100500,04-100504,False
100505,100500,100000,TIBILLO,PALPA,ICA,01-100000,02-100500,03-100500,04-100505,False
110101,110100,110000,HUANCAYO,HUANCAYO,JUNIN,01-110000,02-110100,03-110100,,True
110103,110100,110000,CARHUACALLANGA,HUANCAYO,JUNIN,01-110000,02-110100,03-110100,04-110103,False
110104,110100,110000,COLCA,HUANCAYO,JUNIN,01-110000,02-110100,03-110100,04-110104,False
110105,110100,110000,CULLHUAS,HUANCAYO,JUNIN,01-110000,02-110100,03-110100,04-110105,False
110106,110100,110000,CHACAPAMPA,HUANCAYO,JUNIN,01-110000,02-110100,03-110100,04-110106,False
110107,110100,110000,CHICCHE,HUANCAYO,JUNIN,01-110000,02-110100,03-110100,04-110107,False
110108,110100,110000,CHILCA,HUANCAYO,JUNIN,01-110000,02-110100,03-110100,04-110108,False
110109,110100,110000,CHONGOS ALTO,HUANCAYO,JUNIN,01-110000,02-110100,03-110100,04-110109,False
110112,110100,110000,CHUPURO,HUANCAYO,JUNIN,01-110000,02-110100,03-110100,04-110112,False
110113,110100,110000,EL TAMBO,HUANCAYO,JUNIN,01-110000,02-110100,03-110100,04-110113,False
110114,110100,110000,HUACRAPUQUIO,HUANCAYO,JUNIN,01-110000,02-110100,03-110100,04-110114,False
110116,110100,110000,HUALHUAS,HUANCAYO,JUNIN,01-110000,02-110100,03-110100,04-110116,False
110118,110100,110000,HUANCAN,HUANCAYO,JUNIN,01-110000,02-110100,03-110100,04-110118,False
110119,110100,110000,HUASICANCHA,HUANCAYO,JUNIN,01-110000,02-110100,03-110100,04-110119,False
110120,110100,110000,HUAYUCACHI,HUANCAYO,JUNIN,01-110000,02-110100,03-110100,04-110120,False
110121,110100,110000,INGENIO,HUANCAYO,JUNIN,01-110000,02-110100,03-110100,04-110121,False
110122,110100,110000,PARIAHUANCA,HUANCAYO,JUNIN,01-110000,02-110100,03-110100,04-110122,False
110123,110100,110000,PILCOMAYO,HUANCAYO,JUNIN,01-110000,02-110100,03-110100,04-110123,False
110124,110100,110000,PUCARA,HUANCAYO,JUNIN,01-110000,02-110100,03-110100,04-110124,False
110125,110100,110000,QUICHUAY,HUANCAYO,JUNIN,01-110000,02-110100,03-110100,04-110125,False
110126,110100,110000,QUILCAS,HUANCAYO,JUNIN,01-110000,02-110100,03-110100,04-110126,False
110127,110100,110000,SAN AGUSTIN,HUANCAYO,JUNIN,01-110000,02-110100,03-110100,04-110127,False
110128,110100,110000,SAN JERONIMO DE TUNAN,HUANCAYO,JUNIN,01-110000,02-110100,03-110100,04-110128,False
110131,110100,110000,SANTO DOMINGO DE ACOBAMBA,HUANCAYO,JUNIN,01-110000,02-110100,03-110100,04-110131,False
110132,110100,110000,SAÑO,HUANCAYO,JUNIN,01-110000,02-110100,03-110100,04-110132,False
110133,110100,110000,SAPALLANGA,HUANCAYO,JUNIN,01-110000,02-110100,03-110100,04-110133,False
110134,110100,110000,SICAYA,HUANCAYO,JUNIN,01-110000,02-110100,03-110100,04-110134,False
110136,110100,110000,VIQUES,HUANCAYO,JUNIN,01-110000,02-110100,03-110100,04-110136,False
110201,110200,110000,CONCEPCION,CONCEPCION,JUNIN,01-110000,02-110200,03-110200,,True
110202,110200,110000,ACO,CONCEPCION,JUNIN,01-110000,02-110200,03-110200,04-110202,False
110203,110200,110000,ANDAMARCA,CONCEPCION,JUNIN,01-110000,02-110200,03-110200,04-110203,False
110204,110200,110000,COMAS,CONCEPCION,JUNIN,01-110000,02-110200,03-110200,04-110204,False
110205,110200,110000,COCHAS,CONCEPCION,JUNIN,01-110000,02-110200,03-110200,04-110205,False
110206,110200,110000,CHAMBARA,CONCEPCION,JUNIN,01-110000,02-110200,03-110200,04-110206,False
110207,110200,110000,HEROINAS TOLEDO,CONCEPCION,JUNIN,01-110000,02-110200,03-110200,04-110207,False
110208,110200,110000,MANZANARES,CONCEPCION,JUNIN,01-110000,02-110200,03-110200,04-110208,False
110209,110200,110000,MARISCAL CASTILLA,CONCEPCION,JUNIN,01-110000,02-110200,03-110200,04-110209,False
110210,110200,110000,MATAHUASI,CONCEPCION,JUNIN,01-110000,02-110200,03-110200,04-110210,False
110211,110200,110000,MITO,CONCEPCION,JUNIN,01-110000,02-110200,03-110200,04-110211,False
110212,110200,110000,NUEVE DE JULIO,CONCEPCION,JUNIN,01-110000,02-110200,03-110200,04-110212,False
110213,110200,110000,ORCOTUNA,CONCEPCION,JUNIN,01-110000,02-110200,03-110200,04-110213,False
110214,110200,110000,SANTA ROSA DE OCOPA,CONCEPCION,JUNIN,01-110000,02-110200,03-110200,04-110214,False
110215,110200,110000,SAN JOSE DE QUERO,CONCEPCION,JUNIN,01-110000,02-110200,03-110200,04-110215,False
110301,110300,110000,JAUJA,JAUJA,JUNIN,01-110000,02-110300,03-110300,,True
110302,110300,110000,ACOLLA,JAUJA,JUNIN,01-110000,02-110300,03-110300,04-110302,False
110303,110300,110000,APATA,JAUJA,JUNIN,01-110000,02-110300,03-110300,04-110303,False
110304,110300,110000,ATAURA,JAUJA,JUNIN,01-110000,02-110300,03-110300,04-110304,False
110305,110300,110000,CANCHAYLLO,JAUJA,JUNIN,01-110000,02-110300,03-110300,04-110305,False
110306,110300,110000,EL MANTARO,JAUJA,JUNIN,01-110000,02-110300,03-110300,04-110306,False
110307,110300,110000,HUAMALI,JAUJA,JUNIN,01-110000,02-110300,03-110300,04-110307,False
110308,110300,110000,HUARIPAMPA,JAUJA,JUNIN,01-110000,02-110300,03-110300,04-110308,False
110309,110300,110000,HUERTAS,JAUJA,JUNIN,01-110000,02-110300,03-110300,04-110309,False
110310,110300,110000,JANJAILLO,JAUJA,JUNIN,01-110000,02-110300,03-110300,04-110310,False
110311,110300,110000,JULCAN,JAUJA,JUNIN,01-110000,02-110300,03-110300,04-110311,False
110312,110300,110000,LEONOR ORDOÑEZ,JAUJA,JUNIN,01-110000,02-110300,03-110300,04-110312,False
110313,110300,110000,LLOCLLAPAMPA,JAUJA,JUNIN,01-110000,02-110300,03-110300,04-110313,False
110314,110300,110000,MARCO,JAUJA,JUNIN,01-110000,02-110300,03-110300,04-110314,False
110315,110300,110000,MASMA,JAUJA,JUNIN,01-110000,02-110300,03-110300,04-110315,False
110316,110300,110000,MOLINOS,JAUJA,JUNIN,01-110000,02-110300,03-110300,04-110316,False
110317,110300,110000,MONOBAMBA,JAUJA,JUNIN,01-110000,02-110300,03-110300,04-110317,False
110318,110300,110000,MUQUI,JAUJA,JUNIN,01-110000,02-110300,03-110300,04-110318,False
110319,110300,110000,MUQUIYAUYO,JAUJA,JUNIN,01-110000,02-110300,03-110300,04-110319,False
110320,110300,110000,PACA,JAUJA,JUNIN,01-110000,02-110300,03-110300,04-110320,False
110321,110300,110000,PACCHA,JAUJA,JUNIN,01-110000,02-110300,03-110300,04-110321,False
110322,110300,110000,PANCAN,JAUJA,JUNIN,01-110000,02-110300,03-110300,04-110322,False
110323,110300,110000,PARCO,JAUJA,JUNIN,01-110000,02-110300,03-110300,04-110323,False
110324,110300,110000,POMACANCHA,JAUJA,JUNIN,01-110000,02-110300,03-110300,04-110324,False
110325,110300,110000,RICRAN,JAUJA,JUNIN,01-110000,02-110300,03-110300,04-110325,False
110326,110300,110000,SAN LORENZO,JAUJA,JUNIN,01-110000,02-110300,03-110300,04-110326,False
110327,110300,110000,SAN PEDRO DE CHUNAN,JAUJA,JUNIN,01-110000,02-110300,03-110300,04-110327,False
110328,110300,110000,SINCOS,JAUJA,JUNIN,01-110000,02-110300,03-110300,04-110328,False
110329,110300,110000,TUNAN MARCA,JAUJA,JUNIN,01-110000,02-110300,03-110300,04-110329,False
110330,110300,110000,YAULI,JAUJA,JUNIN,01-110000,02-110300,03-110300,04-110330,False
110331,110300,110000,CURICACA,JAUJA,JUNIN,01-110000,02-110300,03-110300,04-110331,False
110332,110300,110000,MASMA CHICCHE,JAUJA,JUNIN,01-110000,02-110300,03-110300,04-110332,False
110333,110300,110000,SAUSA,JAUJA,JUNIN,01-110000,02-110300,03-110300,04-110333,False
110334,110300,110000,YAUYOS,JAUJA,JUNIN,01-110000,02-110300,03-110300,04-110334,False
110401,110400,110000,JUNIN,JUNIN,JUNIN,01-110000,02-110400,03-110400,,True
110402,110400,110000,CARHUAMAYO,JUNIN,JUNIN,01-110000,02-110400,03-110400,04-110402,False
110403,110400,110000,ONDORES,JUNIN,JUNIN,01-110000,02-110400,03-110400,04-110403,False
110404,110400,110000,ULCUMAYO,JUNIN,JUNIN,01-110000,02-110400,03-110400,04-110404,False
110501,110500,110000,TARMA,TARMA,JUNIN,01-110000,02-110500,03-110500,,True
110502,110500,110000,ACOBAMBA,TARMA,JUNIN,01-110000,02-110500,03-110500,04-110502,False
110503,110500,110000,HUARICOLCA,TARMA,JUNIN,01-110000,02-110500,03-110500,04-110503,False
110504,110500,110000,HUASAHUASI,TARMA,JUNIN,01-110000,02-110500,03-110500,04-110504,False
110505,110500,110000,LA UNION,TARMA,JUNIN,01-110000,02-110500,03-110500,04-110505,False
110506,110500,110000,PALCA,TARMA,JUNIN,01-110000,02-110500,03-110500,04-110506,False
110507,110500,110000,PALCAMAYO,TARMA,JUNIN,01-110000,02-110500,03-110500,04-110507,False
110508,110500,110000,SAN PEDRO DE CAJAS,TARMA,JUNIN,01-110000,02-110500,03-110500,04-110508,False
110509,110500,110000,TAPO,TARMA,JUNIN,01-110000,02-110500,03-110500,04-110509,False
110601,110600,110000,LA OROYA,YAULI,JUNIN,01-110000,02-110600,03-110600,,True
110602,110600,110000,CHACAPALPA,YAULI,JUNIN,01-110000,02-110600,03-110600,04-110602,False
110603,110600,110000,HUAY HUAY,YAULI,JUNIN,01-110000,02-110600,03-110600,04-110603,False
110604,110600,110000,MARCAPOMACOCHA,YAULI,JUNIN,01-110000,02-110600,03-110600,04-110604,False
110605,110600,110000,MOROCOCHA,YAULI,JUNIN,01-110000,02-110600,03-110600,04-110605,False
110606,110600,110000,PACCHA,YAULI,JUNIN,01-110000,02-110600,03-110600,04-110606,False
110607,110600,110000,SANTA BARBARA DE CARHUACAYAN,YAULI,JUNIN,01-110000,02-110600,03-110600,04-110607,False
110608,110600,110000,SUITUCANCHA,YAULI,JUNIN,01-110000,02-110600,03-110600,04-110608,False
110609,110600,110000,YAULI,YAULI,JUNIN,01-110000,02-110600,03-110600,04-110609,False
110610,110600,110000,SANTA ROSA DE SACCO,YAULI,JUNIN,01-110000,02-110600,03-110600,04-110610,False
110701,110700,110000,SATIPO,SATIPO,JUNIN,01-110000,02-110700,03-110700,,True
110702,110700,110000,COVIRIALI,SATIPO,JUNIN,01-110000,02-110700,03-110700,04-110702,False
110703,110700,110000,LLAYLLA,SATIPO,JUNIN,01-110000,02-110700,03-110700,04-110703,False
110704,110700,110000,MAZAMARI,SATIPO,JUNIN,01-110000,02-110700,03-110700,04-110704,False
110705,110700,110000,PAMPA HERMOSA,SATIPO,JUNIN,01-110000,02-110700,03-110700,04-110705,False
110706,110700,110000,PANGOA,SATIPO,JUNIN,01-110000,02-110700,03-110700,04-110706,False
110707,110700,110000,RIO NEGRO,SATIPO,JUNIN,01-110000,02-110700,03-110700,04-110707,False
110708,110700,110000,RIO TAMBO,SATIPO,JUNIN,01-110000,02-110700,03-110700,04-110708,False
110709,110700,110000,VIZCATAN DEL ENE,SATIPO,JUNIN,01-110000,02-110700,03-110700,04-110709,False
110801,110800,110000,CHANCHAMAYO,CHANCHAMAYO,JUNIN,01-110000,02-110800,03-110800,,True
110802,110800,110000,SAN RAMON,CHANCHAMAYO,JUNIN,01-110000,02-110800,03-110800,04-110802,False
110803,110800,110000,VITOC,CHANCHAMAYO,JUNIN,01-110000,02-110800,03-110800,04-110803,False
110804,110800,110000,SAN LUIS DE SHUARO,CHANCHAMAYO,JUNIN,01-110000,02-110800,03-110800,04-110804,False
110805,110800,110000,PICHANAQUI,CHANCHAMAYO,JUNIN,01-110000,02-110800,03-110800,04-110805,False
110806,110800,110000,PERENE,CHANCHAMAYO,JUNIN,01-110000,02-110800,03-110800,04-110806,False
110901,110900,110000,CHUPACA,CHUPACA,JUNIN,01-110000,02-110900,03-110900,,True
110902,110900,110000,AHUAC,CHUPACA,JUNIN,01-110000,02-110900,03-110900,04-110902,False
110903,110900,110000,CHONGOS BAJO,CHUPACA,JUNIN,01-110000,02-110900,03-110900,04-110903,False
110904,110900,110000,HUACHAC,CHUPACA,JUNIN,01-110000,02-110900,03-110900,04-110904,False
110905,110900,110000,HUAMANCACA CHICO,CHUPACA,JUNIN,01-110000,02-110900,03-110900,04-110905,False
110906,110900,110000,SAN JUAN DE ISCOS,CHUPACA,JUNIN,01-110000,02-110900,03-110900,04-110906,False
110907,110900,110000,SAN JUAN DE JARPA,CHUPACA,JUNIN,01-110000,02-110900,03-110900,04-110907,False
110908,110900,110000,TRES DE DICIEMBRE,CHUPACA,JUNIN,01-110000,02-110900,03-110900,04-110908,False
110909,110900,110000,YANACANCHA,CHUPACA,JUNIN,01-110000,02-110900,03-110900,04-110909,False
120101,120100,120000,TRUJILLO,TRUJILLO,LA LIBERTAD,01-120000,02-120100,03-120100,,True
120102,120100,120000,HUANCHACO,TRUJILLO,LA LIBERTAD,01-120000,02-120100,03-120100,04-120102,False
120103,120100,120000,LAREDO,TRUJILLO,LA LIBERTAD,01-120000,02-120100,03-120100,04-120103,False
120104,120100,120000,MOCHE,TRUJILLO,LA LIBERTAD,01-120000,02-120100,03-120100,04-120104,False
120105,120100,120000,SALAVERRY,TRUJILLO,LA LIBERTAD,01-120000,02-120100,03-120100,04-120105,False
120106,120100,120000,SIMBAL,TRUJILLO,LA LIBERTAD,01-120000,02-120100,03-120100,04-120106,False
120107,120100,120000,VICTOR LARCO HERRERA,TRUJILLO,LA LIBERTAD,01-120000,02-120100,03-120100,04-120107,False
120109,120100,120000,POROTO,TRUJILLO,LA LIBERTAD,01-120000,02-120100,03-120100,04-120109,False
120110,120100,120000,EL PORVENIR,TRUJILLO,LA LIBERTAD,01-120000,02-120100,03-120100,04-120110,False
120111,120100,120000,LA ESPERANZA,TRUJILLO,LA LIBERTAD,01-120000,02-120100,03-120100,04-120111,False
120112,120100,120000,FLORENCIA DE MORA,TRUJILLO,LA LIBERTAD,01-120000,02-120100,03-120100,04-120112,False
120113,120100,120000,ALTO TRUJILLO,TRUJILLO,LA LIBERTAD,01-120000,02-120100,03-120100,04-120113,False
120201,120200,120000,BOLIVAR,BOLIVAR,LA LIBERTAD,01-120000,02-120200,03-120200,,True
120202,120200,120000,BAMBAMARCA,BOLIVAR,LA LIBERTAD,01-120000,02-120200,03-120200,04-120202,False
120203,120200,120000,CONDORMARCA,BOLIVAR,LA LIBERTAD,01-120000,02-120200,03-120200,04-120203,False
120204,120200,120000,LONGOTEA,BOLIVAR,LA LIBERTAD,01-120000,02-120200,03-120200,04-120204,False
120205,120200,120000,UCUNCHA,BOLIVAR,LA LIBERTAD,01-120000,02-120200,03-120200,04-120205,False
120206,120200,120000,UCHUMARCA,BOLIVAR,LA LIBERTAD,01-120000,02-120200,03-120200,04-120206,False
120301,120300,120000,HUAMACHUCO,SANCHEZ CARRION,LA LIBERTAD,01-120000,02-120300,03-120300,,True
120302,120300,120000,COCHORCO,SANCHEZ CARRION,LA LIBERTAD,01-120000,02-120300,03-120300,04-120302,False
120303,120300,120000,CURGOS,SANCHEZ CARRION,LA LIBERTAD,01-120000,02-120300,03-120300,04-120303,False
120304,120300,120000,CHUGAY,SANCHEZ CARRION,LA LIBERTAD,01-120000,02-120300,03-120300,04-120304,False
120305,120300,120000,MARCABAL,SANCHEZ CARRION,LA LIBERTAD,01-120000,02-120300,03-120300,04-120305,False
120306,120300,120000,SANAGORAN,SANCHEZ CARRION,LA LIBERTAD,01-120000,02-120300,03-120300,04-120306,False
120307,120300,120000,SARIN,SANCHEZ CARRION,LA LIBERTAD,01-120000,02-120300,03-120300,04-120307,False
120308,120300,120000,SARTIMBAMBA,SANCHEZ CARRION,LA LIBERTAD,01-120000,02-120300,03-120300,04-120308,False
120401,120400,120000,OTUZCO,OTUZCO,LA LIBERTAD,01-120000,02-120400,03-120400,,True
120402,120400,120000,AGALLPAMPA,OTUZCO,LA LIBERTAD,01-120000,02-120400,03-120400,04-120402,False
120403,120400,120000,CHARAT,OTUZCO,LA LIBERTAD,01-120000,02-120400,03-120400,04-120403,False
120404,120400,120000,HUARANCHAL,OTUZCO,LA LIBERTAD,01-120000,02-120400,03-120400,04-120404,False
120405,120400,120000,LA CUESTA,OTUZCO,LA LIBERTAD,01-120000,02-120400,03-120400,04-120405,False
120408,120400,120000,PARANDAY,OTUZCO,LA LIBERTAD,01-120000,02-120400,03-120400,04-120408,False
120409,120400,120000,SALPO,OTUZCO,LA LIBERTAD,01-120000,02-120400,03-120400,04-120409,False
120410,120400,120000,SINSICAP,OTUZCO,LA LIBERTAD,01-120000,02-120400,03-120400,04-120410,False
120411,120400,120000,USQUIL,OTUZCO,LA LIBERTAD,01-120000,02-120400,03-120400,04-120411,False
120413,120400,120000,MACHE,OTUZCO,LA LIBERTAD,01-120000,02-120400,03-120400,04-120413,False
120501,120500,120000,SAN PEDRO DE LLOC,PACASMAYO,LA LIBERTAD,01-120000,02-120500,03-120500,,True
120503,120500,120000,GUADALUPE,PACASMAYO,LA LIBERTAD,01-120000,02-120500,03-120500,04-120503,False
120504,120500,120000,JEQUETEPEQUE,PACASMAYO,LA LIBERTAD,01-120000,02-120500,03-120500,04-120504,False
120506,120500,120000,PACASMAYO,PACASMAYO,LA LIBERTAD,01-120000,02-120500,03-120500,04-120506,False
120508,120500,120000,SAN JOSE,PACASMAYO,LA LIBERTAD,01-120000,02-120500,03-120500,04-120508,False
120601,120600,120000,TAYABAMBA,PATAZ,LA LIBERTAD,01-120000,02-120600,03-120600,,True
120602,120600,120000,BULDIBUYO,PATAZ,LA LIBERTAD,01-120000,02-120600,03-120600,04-120602,False
120603,120600,120000,CHILLIA,PATAZ,LA LIBERTAD,01-120000,02-120600,03-120600,04-120603,False
120604,120600,120000,HUAYLILLAS,PATAZ,LA LIBERTAD,01-120000,02-120600,03-120600,04-120604,False
120605,120600,120000,HUANCASPATA,PATAZ,LA LIBERTAD,01-120000,02-120600,03-120600,04-120605,False
120606,120600,120000,HUAYO,PATAZ,LA LIBERTAD,01-120000,02-120600,03-120600,04-120606,False
120607,120600,120000,ONGON,PATAZ,LA LIBERTAD,01-120000,02-120600,03-120600,04-120607,False
120608,120600,120000,PARCOY,PATAZ,LA LIBERTAD,01-120000,02-120600,03-120600,04-120608,False
120609,120600,120000,PATAZ,PATAZ,LA LIBERTAD,01-120000,02-120600,03-120600,04-120609,False
120610,120600,120000,PIAS,PATAZ,LA LIBERTAD,01-120000,02-120600,03-120600,04-120610,False
120611,120600,120000,TAURIJA,PATAZ,LA LIBERTAD,01-120000,02-120600,03-120600,04-120611,False
120612,120600,120000,URPAY,PATAZ,LA LIBERTAD,01-120000,02-120600,03-120600,04-120612,False
120613,120600,120000,SANTIAGO DE CHALLAS,PATAZ,LA LIBERTAD,01-120000,02-120600,03-120600,04-120613,False
120701,120700,120000,SANTIAGO DE CHUCO,SANTIAGO DE CHUCO,LA LIBERTAD,01-120000,02-120700,03-120700,,True
120702,120700,120000,CACHICADAN,SANTIAGO DE CHUCO,LA LIBERTAD,01-120000,02-120700,03-120700,04-120702,False
120703,120700,120000,MOLLEBAMBA,SANTIAGO DE CHUCO,LA LIBERTAD,01-120000,02-120700,03-120700,04-120703,False
120704,120700,120000,MOLLEPATA,SANTIAGO DE CHUCO,LA LIBERTAD,01-120000,02-120700,03-120700,04-120704,False
120705,120700,120000,QUIRUVILCA,SANTIAGO DE CHUCO,LA LIBERTAD,01-120000,02-120700,03-120700,04-120705,False
120706,120700,120000,SANTA CRUZ DE CHUCA,SANTIAGO DE CHUCO,LA LIBERTAD,01-120000,02-120700,03-120700,04-120706,False
120707,120700,120000,SITABAMBA,SANTIAGO DE CHUCO,LA LIBERTAD,01-120000,02-120700,03-120700,04-120707,False
120708,120700,120000,ANGASMARCA,SANTIAGO DE CHUCO,LA LIBERTAD,01-120000,02-120700,03-120700,04-120708,False
120801,120800,120000,ASCOPE,ASCOPE,LA LIBERTAD,01-120000,02-120800,03-120800,,True
120802,120800,120000,CHICAMA,ASCOPE,LA LIBERTAD,01-120000,02-120800,03-120800,04-120802,False
120803,120800,120000,CHOCOPE,ASCOPE,LA LIBERTAD,01-120000,02-120800,03-120800,04-120803,False
120804,120800,120000,SANTIAGO DE CAO,ASCOPE,LA LIBERTAD,01-120000,02-120800,03-120800,04-120804,False
120805,120800,120000,MAGDALENA DE CAO,ASCOPE,LA LIBERTAD,01-120000,02-120800,03-120800,04-120805,False
120806,120800,120000,PAIJAN,ASCOPE,LA LIBERTAD,01-120000,02-120800,03-120800,04-120806,False
120807,120800,120000,RAZURI,ASCOPE,LA LIBERTAD,01-120000,02-120800,03-120800,04-120807,False
120808,120800,120000,CASA GRANDE,ASCOPE,LA LIBERTAD,01-120000,02-120800,03-120800,04-120808,False
120901,120900,120000,CHEPEN,CHEPEN,LA LIBERTAD,01-120000,02-120900,03-120900,,True
120902,120900,120000,PACANGA,CHEPEN,LA LIBERTAD,01-120000,02-120900,03-120900,04-120902,False
120903,120900,120000,PUEBLO NUEVO,CHEPEN,LA LIBERTAD,01-120000,02-120900,03-120900,04-120903,False
121001,121000,120000,JULCAN,JULCAN,LA LIBERTAD,01-120000,02-121000,03-121000,,True
121002,121000,120000,CARABAMBA,JULCAN,LA LIBERTAD,01-120000,02-121000,03-121000,04-121002,False
121003,121000,120000,CALAMARCA,JULCAN,LA LIBERTAD,01-120000,02-121000,03-121000,04-121003,False
121004,121000,120000,HUASO,JULCAN,LA LIBERTAD,01-120000,02-121000,03-121000,04-121004,False
121101,121100,120000,CASCAS,GRAN CHIMU,LA LIBERTAD,01-120000,02-121100,03-121100,,True
121102,121100,120000,LUCMA,GRAN CHIMU,LA LIBERTAD,01-120000,02-121100,03-121100,04-121102,False
121103,121100,120000,MARMOT,GRAN CHIMU,LA LIBERTAD,01-120000,02-121100,03-121100,04-121103,False
121104,121100,120000,SAYAPULLO,GRAN CHIMU,LA LIBERTAD,01-120000,02-121100,03-121100,04-121104,False
121201,121200,120000,VIRU,VIRU,LA LIBERTAD,01-120000,02-121200,03-121200,,True
121202,121200,120000,CHAO,VIRU,LA LIBERTAD,01-120000,02-121200,03-121200,04-121202,False
121203,121200,120000,GUADALUPITO,VIRU,LA LIBERTAD,01-120000,02-121200,03-121200,04-121203,False
130101,130100,130000,CHICLAYO,CHICLAYO,LAMBAYEQUE,01-130000,02-130100,03-130100,,True
130102,130100,130000,CHONGOYAPE,CHICLAYO,LAMBAYEQUE,01-130000,02-130100,03-130100,04-130102,False
130103,130100,130000,ETEN,CHICLAYO,LAMBAYEQUE,01-130000,02-130100,03-130100,04-130103,False
130104,130100,130000,ETEN PUERTO,CHICLAYO,LAMBAYEQUE,01-130000,02-130100,03-130100,04-130104,False
130105,130100,130000,LAGUNAS,CHICLAYO,LAMBAYEQUE,01-130000,02-130100,03-130100,04-130105,False
130106,130100,130000,MONSEFU,CHICLAYO,LAMBAYEQUE,01-130000,02-130100,03-130100,04-130106,False
130107,130100,130000,NUEVA ARICA,CHICLAYO,LAMBAYEQUE,01-130000,02-130100,03-130100,04-130107,False
130108,130100,130000,OYOTUN,CHICLAYO,LAMBAYEQUE,01-130000,02-130100,03-130100,04-130108,False
130109,130100,130000,PICSI,CHICLAYO,LAMBAYEQUE,01-130000,02-130100,03-130100,04-130109,False
130110,130100,130000,PIMENTEL,CHICLAYO,LAMBAYEQUE,01-130000,02-130100,03-130100,04-130110,False
130111,130100,130000,REQUE,CHICLAYO,LAMBAYEQUE,01-130000,02-130100,03-130100,04-130111,False
130112,130100,130000,JOSE LEONARDO ORTIZ,CHICLAYO,LAMBAYEQUE,01-130000,02-130100,03-130100,04-130112,False
130113,130100,130000,SANTA ROSA,CHICLAYO,LAMBAYEQUE,01-130000,02-130100,03-130100,04-130113,False
130114,130100,130000,SAÑA,CHICLAYO,LAMBAYEQUE,01-130000,02-130100,03-130100,04-130114,False
130115,130100,130000,LA VICTORIA,CHICLAYO,LAMBAYEQUE,01-130000,02-130100,03-130100,04-130115,False
130116,130100,130000,CAYALTI,CHICLAYO,LAMBAYEQUE,01-130000,02-130100,03-130100,04-130116,False
130117,130100,130000,PATAPO,CHICLAYO,LAMBAYEQUE,01-130000,02-130100,03-130100,04-130117,False
130118,130100,130000,POMALCA,CHICLAYO,LAMBAYEQUE,01-130000,02-130100,03-130100,04-130118,False
130119,130100,130000,PUCALA,CHICLAYO,LAMBAYEQUE,01-130000,02-130100,03-130100,04-130119,False
130120,130100,130000,TUMAN,CHICLAYO,LAMBAYEQUE,01-130000,02-130100,03-130100,04-130120,False
130201,130200,130000,FERREÑAFE,FERREÑAFE,LAMBAYEQUE,01-130000,02-130200,03-130200,,True
130202,130200,130000,INCAHUASI,FERREÑAFE,LAMBAYEQUE,01-130000,02-130200,03-130200,04-130202,False
130203,130200,130000,CAÑARIS,FERREÑAFE,LAMBAYEQUE,01-130000,02-130200,03-130200,04-130203,False
130204,130200,130000,PITIPO,FERREÑAFE,LAMBAYEQUE,01-130000,02-130200,03-130200,04-130204,False
130205,130200,130000,PUEBLO NUEVO,FERREÑAFE,LAMBAYEQUE,01-130000,02-130200,03-130200,04-130205,False
130206,130200,130000,MANUEL ANTONIO MESONES MURO,FERREÑAFE,LAMBAYEQUE,01-130000,02-130200,03-130200,04-130206,False
130301,130300,130000,LAMBAYEQUE,LAMBAYEQUE,LAMBAYEQUE,01-130000,02-130300,03-130300,,True
130302,130300,130000,CHOCHOPE,LAMBAYEQUE,LAMBAYEQUE,01-130000,02-130300,03-130300,04-130302,False
130303,130300,130000,ILLIMO,LAMBAYEQUE,LAMBAYEQUE,01-130000,02-130300,03-130300,04-130303,False
130304,130300,130000,JAYANCA,LAMBAYEQUE,LAMBAYEQUE,01-130000,02-130300,03-130300,04-130304,False
130305,130300,130000,MOCHUMI,LAMBAYEQUE,LAMBAYEQUE,01-130000,02-130300,03-130300,04-130305,False
130306,130300,130000,MORROPE,LAMBAYEQUE,LAMBAYEQUE,01-130000,02-130300,03-130300,04-130306,False
130307,130300,130000,MOTUPE,LAMBAYEQUE,LAMBAYEQUE,01-130000,02-130300,03-130300,04-130307,False
130308,130300,130000,OLMOS,LAMBAYEQUE,LAMBAYEQUE,01-130000,02-130300,03-130300,04-130308,False
130309,130300,130000,PACORA,LAMBAYEQUE,LAMBAYEQUE,01-130000,02-130300,03-130300,04-130309,False
130310,130300,130000,SALAS,LAMBAYEQUE,LAMBAYEQUE,01-130000,02-130300,03-130300,04-130310,False
130311,130300,130000,SAN JOSE,LAMBAYEQUE,LAMBAYEQUE,01-130000,02-130300,03-130300,04-130311,False
130312,130300,130000,TUCUME,LAMBAYEQUE,LAMBAYEQUE,01-130000,02-130300,03-130300,04-130312,False
140101,140100,140000,LIMA,LIMA,LIMA,,,03-140100,,True
140102,140100,140000,ANCON,LIMA,LIMA,,,03-140100,04-140102,False
140103,140100,140000,ATE,LIMA,LIMA,,,03-140100,04-140103,False
140104,140100,140000,BREÑA,LIMA,LIMA,,,03-140100,04-140104,False
140105,140100,140000,CARABAYLLO,LIMA,LIMA,,,03-140100,04-140105,False
140106,140100,140000,COMAS,LIMA,LIMA,,,03-140100,04-140106,False
140107,140100,140000,CHACLACAYO,LIMA,LIMA,,,03-140100,04-140107,False
140108,140100,140000,CHORRILLOS,LIMA,LIMA,,,03-140100,04-140108,False
140109,140100,140000,LA VICTORIA,LIMA,LIMA,,,03-140100,04-140109,False
140110,140100,140000,LA MOLINA,LIMA,LIMA,,,03-140100,04-140110,False
140111,140100,140000,LINCE,LIMA,LIMA,,,03-140100,04-140111,False
140112,140100,140000,LURIGANCHO,LIMA,LIMA,,,03-140100,04-140112,False
140113,140100,140000,LURIN,LIMA,LIMA,,,03-140100,04-140113,False
140114,140100,140000,MAGDALENA DEL MAR,LIMA,LIMA,,,03-140100,04-140114,False
140115,140100,140000,MIRAFLORES,LIMA,LIMA,,,03-140100,04-140115,False
140116,140100,140000,PACHACAMAC,LIMA,LIMA,,,03-140100,04-140116,False
140117,140100,140000,PUEBLO LIBRE,LIMA,LIMA,,,03-140100,04-140117,False
140118,140100,140000,PUCUSANA,LIMA,LIMA,,,03-140100,04-140118,False
140119,140100,140000,PUENTE PIEDRA,LIMA,LIMA,,,03-140100,04-140119,False
140120,140100,140000,PUNTA HERMOSA,LIMA,LIMA,,,03-140100,04-140120,False
140121,140100,140000,PUNTA NEGRA,LIMA,LIMA,,,03-140100,04-140121,False
140122,140100,140000,RIMAC,LIMA,LIMA,,,03-140100,04-140122,False
140123,140100,140000,SAN BARTOLO,LIMA,LIMA,,,03-140100,04-140123,False
140124,140100,140000,SAN ISIDRO,LIMA,LIMA,,,03-140100,04-140124,False
140125,140100,140000,BARRANCO,LIMA,LIMA,,,03-140100,04-140125,False
140126,140100,140000,SAN MARTIN DE PORRES,LIMA,LIMA,,,03-140100,04-140126,False
140127,140100,140000,SAN MIGUEL,LIMA,LIMA,,,03-140100,04-140127,False
140128,140100,140000,SANTA MARIA DEL MAR,LIMA,LIMA,,,03-140100,04-140128,False
140129,140100,140000,SANTA ROSA,LIMA,LIMA,,,03-140100,04-140129,False
140130,140100,140000,SANTIAGO DE SURCO,LIMA,LIMA,,,03-140100,04-140130,False
140131,140100,140000,SURQUILLO,LIMA,LIMA,,,03-140100,04-140131,False
140132,140100,140000,VILLA MARIA DEL TRIUNFO,LIMA,LIMA,,,03-140100,04-140132,False
140133,140100,140000,JESUS MARIA,LIMA,LIMA,,,03-140100,04-140133,False
140134,140100,140000,INDEPENDENCIA,LIMA,LIMA,,,03-140100,04-140134,False
140135,140100,140000,EL AGUSTINO,LIMA,LIMA,,,03-140100,04-140135,False
140136,140100,140000,SAN JUAN DE MIRAFLORES,LIMA,LIMA,,,03-140100,04-140136,False
140137,140100,140000,SAN JUAN DE LURIGANCHO,LIMA,LIMA,,,03-140100,04-140137,False
140138,140100,140000,SAN LUIS,LIMA,LIMA,,,03-140100,04-140138,False
140139,140100,140000,CIENEGUILLA,LIMA,LIMA,,,03-140100,04-140139,False
140140,140100,140000,SAN BORJA,LIMA,LIMA,,,03-140100,04-140140,False
140141,140100,140000,VILLA EL SALVADOR,LIMA,LIMA,,,03-140100,04-140141,False
140142,140100,140000,LOS OLIVOS,LIMA,LIMA,,,03-140100,04-140142,False
140143,140100,140000,SANTA ANITA,LIMA,LIMA,,,03-140100,04-140143,False
140201,140200,140000,CAJATAMBO,CAJATAMBO,LIMA,01-140000,02-140200,03-140200,,True
140205,140200,140000,COPA,CAJATAMBO,LIMA,01-140000,02-140200,03-140200,04-140205,False
140206,140200,140000,GORGOR,CAJATAMBO,LIMA,01-140000,02-140200,03-140200,04-140206,False
140207,140200,140000,HUANCAPON,CAJATAMBO,LIMA,01-140000,02-140200,03-140200,04-140207,False
140208,140200,140000,MANAS,CAJATAMBO,LIMA,01-140000,02-140200,03-140200,04-140208,False
140301,140300,140000,CANTA,CANTA,LIMA,01-140000,02-140300,03-140300,,True
140302,140300,140000,ARAHUAY,CANTA,LIMA,01-140000,02-140300,03-140300,04-140302,False
140303,140300,140000,HUAMANTANGA,CANTA,LIMA,01-140000,02-140300,03-140300,04-140303,False
140304,140300,140000,HUAROS,CANTA,LIMA,01-140000,02-140300,03-140300,04-140304,False
140305,140300,140000,LACHAQUI,CANTA,LIMA,01-140000,02-140300,03-140300,04-140305,False
140306,140300,140000,SAN BUENAVENTURA,CANTA,LIMA,01-140000,02-140300,03-140300,04-140306,False
140307,140300,140000,SANTA ROSA DE QUIVES,CANTA,LIMA,01-140000,02-140300,03-140300,04-140307,False
140401,140400,140000,SAN VICENTE DE CAÑETE,CAÑETE,LIMA,01-140000,02-140400,03-140400,,True
140402,140400,140000,CALANGO,CAÑETE,LIMA,01-140000,02-140400,03-140400,04-140402,False
140403,140400,140000,CERRO AZUL,CAÑETE,LIMA,01-140000,02-140400,03-140400,04-140403,False
140404,140400,140000,COAYLLO,CAÑETE,LIMA,01-140000,02-140400,03-140400,04-140404,False
140405,140400,140000,CHILCA,CAÑETE,LIMA,01-140000,02-140400,03-140400,04-140405,False
140406,140400,140000,IMPERIAL,CAÑETE,LIMA,01-140000,02-140400,03-140400,04-140406,False
140407,140400,140000,LUNAHUANA,CAÑETE,LIMA,01-140000,02-140400,03-140400,04-140407,False
140408,140400,140000,MALA,CAÑETE,LIMA,01-140000,02-140400,03-140400,04-140408,False
140409,140400,140000,NUEVO IMPERIAL,CAÑETE,LIMA,01-140000,02-140400,03-140400,04-140409,False
140410,140400,140000,PACARAN,CAÑETE,LIMA,01-140000,02-140400,03-140400,04-140410,False
140411,140400,140000,QUILMANA,CAÑETE,LIMA,01-140000,02-140400,03-140400,04-140411,False
140412,140400,140000,SAN ANTONIO,CAÑETE,LIMA,01-140000,02-140400,03-140400,04-140412,False
140413,140400,140000,SAN LUIS,CAÑETE,LIMA,01-140000,02-140400,03-140400,04-140413,False
140414,140400,140000,SANTA CRUZ DE FLORES,CAÑETE,LIMA,01-140000,02-140400,03-140400,04-140414,False
140415,140400,140000,ZUÑIGA,CAÑETE,LIMA,01-140000,02-140400,03-140400,04-140415,False
140416,140400,140000,ASIA,CAÑETE,LIMA,01-140000,02-140400,03-140400,04-140416,False
140501,140500,140000,HUACHO,HUAURA,LIMA,01-140000,02-140500,03-140500,,True
140502,140500,140000,AMBAR,HUAURA,LIMA,01-140000,02-140500,03-140500,04-140502,False
140504,140500,140000,CALETA DE CARQUIN,HUAURA,LIMA,01-140000,02-140500,03-140500,04-140504,False
140505,140500,140000,CHECRAS,HUAURA,LIMA,01-140000,02-140500,03-140500,04-140505,False
140506,140500,140000,HUALMAY,HUAURA,LIMA,01-140000,02-140500,03-140500,04-140506,False
140507,140500,140000,HUAURA,HUAURA,LIMA,01-140000,02-140500,03-140500,04-140507,False
140508,140500,140000,LEONCIO PRADO,HUAURA,LIMA,01-140000,02-140500,03-140500,04-140508,False
140509,140500,140000,PACCHO,HUAURA,LIMA,01-140000,02-140500,03-140500,04-140509,False
140511,140500,140000,SANTA LEONOR,HUAURA,LIMA,01-140000,02-140500,03-140500,04-140511,False
140512,140500,140000,SANTA MARIA,HUAURA,LIMA,01-140000,02-140500,03-140500,04-140512,False
140513,140500,140000,SAYAN,HUAURA,LIMA,01-140000,02-140500,03-140500,04-140513,False
140516,140500,140000,VEGUETA,HUAURA,LIMA,01-140000,02-140500,03-140500,04-140516,False
140601,140600,140000,MATUCANA,HUAROCHIRI,LIMA,01-140000,02-140600,03-140600,,True
140602,140600,140000,ANTIOQUIA,HUAROCHIRI,LIMA,01-140000,02-140600,03-140600,04-140602,False
140603,140600,140000,CALLAHUANCA,HUAROCHIRI,LIMA,01-140000,02-140600,03-140600,04-140603,False
140604,140600,140000,CARAMPOMA,HUAROCHIRI,LIMA,01-140000,02-140600,03-140600,04-140604,False
140605,140600,140000,SAN PEDRO DE CASTA,HUAROCHIRI,LIMA,01-140000,02-140600,03-140600,04-140605,False
140606,140600,140000,CUENCA,HUAROCHIRI,LIMA,01-140000,02-140600,03-140600,04-140606,False
140607,140600,140000,CHICLA,HUAROCHIRI,LIMA,01-140000,02-140600,03-140600,04-140607,False
140608,140600,140000,HUANZA,HUAROCHIRI,LIMA,01-140000,02-140600,03-140600,04-140608,False
140609,140600,140000,HUAROCHIRI,HUAROCHIRI,LIMA,01-140000,02-140600,03-140600,04-140609,False
140610,140600,140000,LAHUAYTAMBO,HUAROCHIRI,LIMA,01-140000,02-140600,03-140600,04-140610,False
140611,140600,140000,LANGA,HUAROCHIRI,LIMA,01-140000,02-140600,03-140600,04-140611,False
140612,140600,140000,MARIATANA,HUAROCHIRI,LIMA,01-140000,02-140600,03-140600,04-140612,False
140613,140600,140000,RICARDO PALMA,HUAROCHIRI,LIMA,01-140000,02-140600,03-140600,04-140613,False
140614,140600,140000,SAN ANDRES DE TUPICOCHA,HUAROCHIRI,LIMA,01-140000,02-140600,03-140600,04-140614,False
140615,140600,140000,SAN ANTONIO,HUAROCHIRI,LIMA,01-140000,02-140600,03-140600,04-140615,False
140616,140600,140000,SAN BARTOLOME,HUAROCHIRI,LIMA,01-140000,02-140600,03-140600,04-140616,False
140617,140600,140000,SAN DAMIAN,HUAROCHIRI,LIMA,01-140000,02-140600,03-140600,04-140617,False
140618,140600,140000,SANGALLAYA,HUAROCHIRI,LIMA,01-140000,02-140600,03-140600,04-140618,False
140619,140600,140000,SAN JUAN DE TANTARANCHE,HUAROCHIRI,LIMA,01-140000,02-140600,03-140600,04-140619,False
140620,140600,140000,SAN LORENZO DE QUINTI,HUAROCHIRI,LIMA,01-140000,02-140600,03-140600,04-140620,False
140621,140600,140000,SAN MATEO,HUAROCHIRI,LIMA,01-140000,02-140600,03-140600,04-140621,False
140622,140600,140000,SAN MATEO DE OTAO,HUAROCHIRI,LIMA,01-140000,02-140600,03-140600,04-140622,False
140623,140600,140000,SAN PEDRO DE HUANCAYRE,HUAROCHIRI,LIMA,01-140000,02-140600,03-140600,04-140623,False
140624,140600,140000,SANTA CRUZ DE COCACHACRA,HUAROCHIRI,LIMA,01-140000,02-140600,03-140600,04-140624,False
140625,140600,140000,SANTA EULALIA,HUAROCHIRI,LIMA,01-140000,02-140600,03-140600,04-140625,False
140626,140600,140000,SANTIAGO DE ANCHUCAYA,HUAROCHIRI,LIMA,01-140000,02-140600,03-140600,04-140626,False
140627,140600,140000,SANTIAGO DE TUNA,HUAROCHIRI,LIMA,01-140000,02-140600,03-140600,04-140627,False
140628,140600,140000,SANTO DOMINGO DE LOS OLLEROS,HUAROCHIRI,LIMA,01-140000,02-140600,03-140600,04-140628,False
140629,140600,140000,SURCO,HUAROCHIRI,LIMA,01-140000,02-140600,03-140600,04-140629,False
140630,140600,140000,HUACHUPAMPA,HUAROCHIRI,LIMA,01-140000,02-140600,03-140600,04-140630,False
140631,140600,140000,SAN PEDRO DE LARAOS,HUAROCHIRI,LIMA,01-140000,02-140600,03-140600,04-140631,False
140632,140600,140000,SAN JUAN DE IRIS,HUAROCHIRI,LIMA,01-140000,02-140600,03-140600,04-140632,False
140701,140700,140000,YAUYOS,YAUYOS,LIMA,01-140000,02-140700,03-140700,,True
140702,140700,140000,ALIS,YAUYOS,LIMA,01-140000,02-140700,03-140700,04-140702,False
140703,140700,140000,ALLAUCA,YAUYOS,LIMA,01-140000,02-140700,03-140700,04-140703,False
140704,140700,140000,AYAVIRI,YAUYOS,LIMA,01-140000,02-140700,03-140700,04-140704,False
140705,140700,140000,AZANGARO,YAUYOS,LIMA,01-140000,02-140700,03-140700,04-140705,False
140706,140700,140000,CACRA,YAUYOS,LIMA,01-140000,02-140700,03-140700,04-140706,False
140707,140700,140000,CARANIA,YAUYOS,LIMA,01-140000,02-140700,03-140700,04-140707,False
140708,140700,140000,COCHAS,YAUYOS,LIMA,01-140000,02-140700,03-140700,04-140708,False
140709,140700,140000,COLONIA,YAUYOS,LIMA,01-140000,02-140700,03-140700,04-140709,False
140710,140700,140000,CHOCOS,YAUYOS,LIMA,01-140000,02-140700,03-140700,04-140710,False
140711,140700,140000,HUAMPARA,YAUYOS,LIMA,01-140000,02-140700,03-140700,04-140711,False
140712,140700,140000,HUANCAYA,YAUYOS,LIMA,01-140000,02-140700,03-140700,04-140712,False
140713,140700,140000,HUANGASCAR,YAUYOS,LIMA,01-140000,02-140700,03-140700,04-140713,False
140714,140700,140000,HUANTAN,YAUYOS,LIMA,01-140000,02-140700,03-140700,04-140714,False
140715,140700,140000,HUAÑEC,YAUYOS,LIMA,01-140000,02-140700,03-140700,04-140715,False
140716,140700,140000,LARAOS,YAUYOS,LIMA,01-140000,02-140700,03-140700,04-140716,False
140717,140700,140000,LINCHA,YAUYOS,LIMA,01-140000,02-140700,03-140700,04-140717,False
140718,140700,140000,MIRAFLORES,YAUYOS,LIMA,01-140000,02-140700,03-140700,04-140718,False
140719,140700,140000,OMAS,YAUYOS,LIMA,01-140000,02-140700,03-140700,04-140719,False
140720,140700,140000,QUINCHES,YAUYOS,LIMA,01-140000,02-140700,03-140700,04-140720,False
140721,140700,140000,QUINOCAY,YAUYOS,LIMA,01-140000,02-140700,03-140700,04-140721,False
140722,140700,140000,SAN JOAQUIN,YAUYOS,LIMA,01-140000,02-140700,03-140700,04-140722,False
140723,140700,140000,SAN PEDRO DE PILAS,YAUYOS,LIMA,01-140000,02-140700,03-140700,04-140723,False
140724,140700,140000,TANTA,YAUYOS,LIMA,01-140000,02-140700,03-140700,04-140724,False
140725,140700,140000,TAURIPAMPA,YAUYOS,LIMA,01-140000,02-140700,03-140700,04-140725,False
140726,140700,140000,TUPE,YAUYOS,LIMA,01-140000,02-140700,03-140700,04-140726,False
140727,140700,140000,TOMAS,YAUYOS,LIMA,01-140000,02-140700,03-140700,04-140727,False
140728,140700,140000,VIÑAC,YAUYOS,LIMA,01-140000,02-140700,03-140700,04-140728,False
140729,140700,140000,VITIS,YAUYOS,LIMA,01-140000,02-140700,03-140700,04-140729,False
140730,140700,140000,HONGOS,YAUYOS,LIMA,01-140000,02-140700,03-140700,04-140730,False
140731,140700,140000,MADEAN,YAUYOS,LIMA,01-140000,02-140700,03-140700,04-140731,False
140732,140700,140000,PUTINZA,YAUYOS,LIMA,01-140000,02-140700,03-140700,04-140732,False
140733,140700,140000,CATAHUASI,YAUYOS,LIMA,01-140000,02-140700,03-140700,04-140733,False
140801,140800,140000,HUARAL,HUARAL,LIMA,01-140000,02-140800,03-140800,,True
140802,140800,140000,ATAVILLOS ALTO,HUARAL,LIMA,01-140000,02-140800,03-140800,04-140802,False
140803,140800,140000,ATAVILLOS BAJO,HUARAL,LIMA,01-140000,02-140800,03-140800,04-140803,False
140804,140800,140000,AUCALLAMA,HUARAL,LIMA,01-140000,02-140800,03-140800,04-140804,False
140805,140800,140000,CHANCAY,HUARAL,LIMA,01-140000,02-140800,03-140800,04-140805,False
140806,140800,140000,IHUARI,HUARAL,LIMA,01-140000,02-140800,03-140800,04-140806,False
140807,140800,140000,LAMPIAN,HUARAL,LIMA,01-140000,02-140800,03-140800,04-140807,False
140808,140800,140000,PACARAOS,HUARAL,LIMA,01-140000,02-140800,03-140800,04-140808,False
140809,140800,140000,SAN MIGUEL DE ACOS,HUARAL,LIMA,01-140000,02-140800,03-140800,04-140809,False
140810,140800,140000,VEINTISIETE DE NOVIEMBRE,HUARAL,LIMA,01-140000,02-140800,03-140800,04-140810,False
140811,140800,140000,SANTA CRUZ DE ANDAMARCA,HUARAL,LIMA,01-140000,02-140800,03-140800,04-140811,False
140812,140800,140000,SUMBILCA,HUARAL,LIMA,01-140000,02-140800,03-140800,04-140812,False
140901,140900,140000,BARRANCA,BARRANCA,LIMA,01-140000,02-140900,03-140900,,True
140902,140900,140000,PARAMONGA,BARRANCA,LIMA,01-140000,02-140900,03-140900,04-140902,False
140903,140900,140000,PATIVILCA,BARRANCA,LIMA,01-140000,02-140900,03-140900,04-140903,False
140904,140900,140000,SUPE,BARRANCA,LIMA,01-140000,02-140900,03-140900,04-140904,False
140905,140900,140000,SUPE PUERTO,BARRANCA,LIMA,01-140000,02-140900,03-140900,04-140905,False
141001,141000,140000,OYON,OYON,LIMA,01-140000,02-141000,03-141000,,True
141002,141000,140000,NAVAN,OYON,LIMA,01-140000,02-141000,03-141000,04-141002,False
141003,141000,140000,CAUJUL,OYON,LIMA,01-140000,02-141000,03-141000,04-141003,False
141004,141000,140000,ANDAJES,OYON,LIMA,01-140000,02-141000,03-141000,04-141004,False
141005,141000,140000,PACHANGARA,OYON,LIMA,01-140000,02-141000,03-141000,04-141005,False
141006,141000,140000,COCHAMARCA,OYON,LIMA,01-140000,02-141000,03-141000,04-141006,False
150101,150100,150000,IQUITOS,MAYNAS,LORETO,01-150000,02-150100,03-150100,,True
150102,150100,150000,ALTO NANAY,MAYNAS,LORETO,01-150000,02-150100,03-150100,04-150102,False
150103,150100,150000,FERNANDO LORES,MAYNAS,LORETO,01-150000,02-150100,03-150100,04-150103,False
150104,150100,150000,LAS AMAZONAS,MAYNAS,LORETO,01-150000,02-150100,03-150100,04-150104,False
150105,150100,150000,MAZAN,MAYNAS,LORETO,01-150000,02-150100,03-150100,04-150105,False
150106,150100,150000,NAPO,MAYNAS,LORETO,01-150000,02-150100,03-150100,04-150106,False
150108,150100,150000,TORRES CAUSANA,MAYNAS,LORETO,01-150000,02-150100,03-150100,04-150108,False
150110,150100,150000,INDIANA,MAYNAS,LORETO,01-150000,02-150100,03-150100,04-150110,False
150111,150100,150000,PUNCHANA,MAYNAS,LORETO,01-150000,02-150100,03-150100,04-150111,False
150112,150100,150000,BELEN,MAYNAS,LORETO,01-150000,02-150100,03-150100,04-150112,False
150113,150100,150000,SAN JUAN BAUTISTA,MAYNAS,LORETO,01-150000,02-150100,03-150100,04-150113,False
150201,150200,150000,YURIMAGUAS,ALTO AMAZONAS,LORETO,01-150000,02-150200,03-150200,,True
150202,150200,150000,BALSAPUERTO,ALTO AMAZONAS,LORETO,01-150000,02-150200,03-150200,04-150202,False
150205,150200,150000,JEBEROS,ALTO AMAZONAS,LORETO,01-150000,02-150200,03-150200,04-150205,False
150206,150200,150000,LAGUNAS,ALTO AMAZONAS,LORETO,01-150000,02-150200,03-150200,04-150206,False
150210,150200,150000,SANTA CRUZ,ALTO AMAZONAS,LORETO,01-150000,02-150200,03-150200,04-150210,False
150211,150200,150000,TENIENTE CESAR LOPEZ ROJAS,ALTO AMAZONAS,LORETO,01-150000,02-150200,03-150200,04-150211,False
150301,150300,150000,NAUTA,LORETO,LORETO,01-150000,02-150300,03-150300,,True
150302,150300,150000,PARINARI,LORETO,LORETO,01-150000,02-150300,03-150300,04-150302,False
150303,150300,150000,TIGRE,LORETO,LORETO,01-150000,02-150300,03-150300,04-150303,False
150304,150300,150000,URARINAS,LORETO,LORETO,01-150000,02-150300,03-150300,04-150304,False
150305,150300,150000,TROMPETEROS,LORETO,LORETO,01-150000,02-150300,03-150300,04-150305,False
150401,150400,150000,REQUENA,REQUENA,LORETO,01-150000,02-150400,03-150400,,True
150402,150400,150000,ALTO TAPICHE,REQUENA,LORETO,01-150000,02-150400,03-150400,04-150402,False
150403,150400,150000,CAPELO,REQUENA,LORETO,01-150000,02-150400,03-150400,04-150403,False
150404,150400,150000,EMILIO SAN MARTIN,REQUENA,LORETO,01-150000,02-150400,03-150400,04-150404,False
150405,150400,150000,MAQUIA,REQUENA,LORETO,01-150000,02-150400,03-150400,04-150405,False
150406,150400,150000,PUINAHUA,REQUENA,LORETO,01-150000,02-150400,03-150400,04-150406,False
150407,150400,150000,SAQUENA,REQUENA,LORETO,01-150000,02-150400,03-150400,04-150407,False
150408,150400,150000,SOPLIN,REQUENA,LORETO,01-150000,02-150400,03-150400,04-150408,False
150409,150400,150000,TAPICHE,REQUENA,LORETO,01-150000,02-150400,03-150400,04-150409,False
150410,150400,150000,JENARO HERRERA,REQUENA,LORETO,01-150000,02-150400,03-150400,04-150410,False
150411,150400,150000,YAQUERANA,REQUENA,LORETO,01-150000,02-150400,03-150400,04-150411,False
150501,150500,150000,CONTAMANA,UCAYALI,LORETO,01-150000,02-150500,03-150500,,True
150502,150500,150000,VARGAS GUERRA,UCAYALI,LORETO,01-150000,02-150500,03-150500,04-150502,False
150503,150500,150000,PADRE MARQUEZ,UCAYALI,LORETO,01-150000,02-150500,03-150500,04-150503,False
150504,150500,150000,PAMPA HERMOSA,UCAYALI,LORETO,01-150000,02-150500,03-150500,04-150504,False
150505,150500,150000,SARAYACU,UCAYALI,LORETO,01-150000,02-150500,03-150500,04-150505,False
150506,150500,150000,INAHUAYA,UCAYALI,LORETO,01-150000,02-150500,03-150500,04-150506,False
150601,150600,150000,RAMON CASTILLA,MARISCAL RAMON CASTILLA,LORETO,01-150000,02-150600,03-150600,,True
150602,150600,150000,PEBAS,MARISCAL RAMON CASTILLA,LORETO,01-150000,02-150600,03-150600,04-150602,False
150603,150600,150000,YAVARI,MARISCAL RAMON CASTILLA,LORETO,01-150000,02-150600,03-150600,04-150603,False
150604,150600,150000,SAN PABLO,MARISCAL RAMON CASTILLA,LORETO,01-150000,02-150600,03-150600,04-150604,False
150605,150600,150000,SANTA ROSA DE LORETO,MARISCAL RAMON CASTILLA,LORETO,01-150000,02-150600,03-150600,04-150605,False
150701,150700,150000,BARRANCA,DATEM DEL MARAÑON,LORETO,01-150000,02-150700,03-150700,,True
150702,150700,150000,ANDOAS,DATEM DEL MARAÑON,LORETO,01-150000,02-150700,03-150700,04-150702,False
150703,150700,150000,CAHUAPANAS,DATEM DEL MARAÑON,LORETO,01-150000,02-150700,03-150700,04-150703,False
150704,150700,150000,MANSERICHE,DATEM DEL MARAÑON,LORETO,01-150000,02-150700,03-150700,04-150704,False
150705,150700,150000,MORONA,DATEM DEL MARAÑON,LORETO,01-150000,02-150700,03-150700,04-150705,False
150706,150700,150000,PASTAZA,DATEM DEL MARAÑON,LORETO,01-150000,02-150700,03-150700,04-150706,False
150901,150900,150000,PUTUMAYO,PUTUMAYO,LORETO,01-150000,02-150900,03-150900,,True
150902,150900,150000,ROSA PANDURO,PUTUMAYO,LORETO,01-150000,02-150900,03-150900,04-150902,False
150903,150900,150000,TENIENTE MANUEL CLAVERO,PUTUMAYO,LORETO,01-150000,02-150900,03-150900,04-150903,False
150904,150900,150000,YAGUAS,PUTUMAYO,LORETO,01-150000,02-150900,03-150900,04-150904,False
160101,160100,160000,TAMBOPATA,TAMBOPATA,MADRE DE DIOS,01-160000,02-160100,03-160100,,True
160102,160100,160000,INAMBARI,TAMBOPATA,MADRE DE DIOS,01-160000,02-160100,03-160100,04-160102,False
160103,160100,160000,LAS PIEDRAS,TAMBOPATA,MADRE DE DIOS,01-160000,02-160100,03-160100,04-160103,False
160104,160100,160000,LABERINTO,TAMBOPATA,MADRE DE DIOS,01-160000,02-160100,03-160100,04-160104,False
160201,160200,160000,MANU,MANU,MADRE DE DIOS,01-160000,02-160200,03-160200,,True
160202,160200,160000,FITZCARRALD,MANU,MADRE DE DIOS,01-160000,02-160200,03-160200,04-160202,False
160203,160200,160000,MADRE DE DIOS,MANU,MADRE DE DIOS,01-160000,02-160200,03-160200,04-160203,False
160204,160200,160000,HUEPETUHE,MANU,MADRE DE DIOS,01-160000,02-160200,03-160200,04-160204,False
160301,160300,160000,IÑAPARI,TAHUAMANU,MADRE DE DIOS,01-160000,02-160300,03-160300,,True
160302,160300,160000,IBERIA,TAHUAMANU,MADRE DE DIOS,01-160000,02-160300,03-160300,04-160302,False
160303,160300,160000,TAHUAMANU,TAHUAMANU,MADRE DE DIOS,01-160000,02-160300,03-160300,04-160303,False
170101,170100,170000,MOQUEGUA,MARISCAL NIETO,MOQUEGUA,01-170000,02-170100,03-170100,,True
170102,170100,170000,CARUMAS,MARISCAL NIETO,MOQUEGUA,01-170000,02-170100,03-170100,04-170102,False
170103,170100,170000,CUCHUMBAYA,MARISCAL NIETO,MOQUEGUA,01-170000,02-170100,03-170100,04-170103,False
170104,170100,170000,SAN CRISTOBAL,MARISCAL NIETO,MOQUEGUA,01-170000,02-170100,03-170100,04-170104,False
170105,170100,170000,TORATA,MARISCAL NIETO,MOQUEGUA,01-170000,02-170100,03-170100,04-170105,False
170106,170100,170000,SAMEGUA,MARISCAL NIETO,MOQUEGUA,01-170000,02-170100,03-170100,04-170106,False
170107,170100,170000,SAN ANTONIO,MARISCAL NIETO,MOQUEGUA,01-170000,02-170100,03-170100,04-170107,False
170201,170200,170000,OMATE,GENERAL SANCHEZ CERRO,MOQUEGUA,01-170000,02-170200,03-170200,,True
170202,170200,170000,COALAQUE,GENERAL SANCHEZ CERRO,MOQUEGUA,01-170000,02-170200,03-170200,04-170202,False
170203,170200,170000,CHOJATA,GENERAL SANCHEZ CERRO,MOQUEGUA,01-170000,02-170200,03-170200,04-170203,False
170204,170200,170000,ICHUÑA,GENERAL SANCHEZ CERRO,MOQUEGUA,01-170000,02-170200,03-170200,04-170204,False
170205,170200,170000,LA CAPILLA,GENERAL SANCHEZ CERRO,MOQUEGUA,01-170000,02-170200,03-170200,04-170205,False
170206,170200,170000,LLOQUE,GENERAL SANCHEZ CERRO,MOQUEGUA,01-170000,02-170200,03-170200,04-170206,False
170207,170200,170000,MATALAQUE,GENERAL SANCHEZ CERRO,MOQUEGUA,01-170000,02-170200,03-170200,04-170207,False
170208,170200,170000,PUQUINA,GENERAL SANCHEZ CERRO,MOQUEGUA,01-170000,02-170200,03-170200,04-170208,False
170209,170200,170000,QUINISTAQUILLAS,GENERAL SANCHEZ CERRO,MOQUEGUA,01-170000,02-170200,03-170200,04-170209,False
170210,170200,170000,UBINAS,GENERAL SANCHEZ CERRO,MOQUEGUA,01-170000,02-170200,03-170200,04-170210,False
170211,170200,170000,YUNGA,GENERAL SANCHEZ CERRO,MOQUEGUA,01-170000,02-170200,03-170200,04-170211,False
170301,170300,170000,ILO,ILO,MOQUEGUA,01-170000,02-170300,03-170300,,True
170302,170300,170000,EL ALGARROBAL,ILO,MOQUEGUA,01-170000,02-170300,03-170300,04-170302,False
170303,170300,170000,PACOCHA,ILO,MOQUEGUA,01-170000,02-170300,03-170300,04-170303,False
180101,180100,180000,CHAUPIMARCA,PASCO,PASCO,01-180000,02-180100,03-180100,,True
180103,180100,180000,HUACHON,PASCO,PASCO,01-180000,02-180100,03-180100,04-180103,False
180104,180100,180000,HUARIACA,PASCO,PASCO,01-180000,02-180100,03-180100,04-180104,False
180105,180100,180000,HUAYLLAY,PASCO,PASCO,01-180000,02-180100,03-180100,04-180105,False
180106,180100,180000,NINACACA,PASCO,PASCO,01-180000,02-180100,03-180100,04-180106,False
180107,180100,180000,PALLANCHACRA,PASCO,PASCO,01-180000,02-180100,03-180100,04-180107,False
180108,180100,180000,PAUCARTAMBO,PASCO,PASCO,01-180000,02-180100,03-180100,04-180108,False
180109,180100,180000,SAN FRANCISCO DE ASIS DE YARUSYACAN,PASCO,PASCO,01-180000,02-180100,03-180100,04-180109,False
180110,180100,180000,SIMON BOLIVAR,PASCO,PASCO,01-180000,02-180100,03-180100,04-180110,False
180111,180100,180000,TICLACAYAN,PASCO,PASCO,01-180000,02-180100,03-180100,04-180111,False
180112,180100,180000,TINYAHUARCO,PASCO,PASCO,01-180000,02-180100,03-180100,04-180112,False
180113,180100,180000,VICCO,PASCO,PASCO,01-180000,02-180100,03-180100,04-180113,False
180114,180100,180000,YANACANCHA,PASCO,PASCO,01-180000,02-180100,03-180100,04-180114,False
180201,180200,180000,YANAHUANCA,DANIEL ALCIDES CARRION,PASCO,01-180000,02-180200,03-180200,,True
180202,180200,180000,CHACAYAN,DANIEL ALCIDES CARRION,PASCO,01-180000,02-180200,03-180200,04-180202,False
180203,180200,180000,GOYLLARISQUIZGA,DANIEL ALCIDES CARRION,PASCO,01-180000,02-180200,03-180200,04-180203,False
180204,180200,180000,PAUCAR,DANIEL ALCIDES CARRION,PASCO,01-180000,02-180200,03-180200,04-180204,False
180205,180200,180000,SAN PEDRO DE PILLAO,DANIEL ALCIDES CARRION,PASCO,01-180000,02-180200,03-180200,04-180205,False
180206,180200,180000,SANTA ANA DE TUSI,DANIEL ALCIDES CARRION,PASCO,01-180000,02-180200,03-180200,04-180206,False
180207,180200,180000,TAPUC,DANIEL ALCIDES CARRION,PASCO,01-180000,02-180200,03-180200,04-180207,False
180208,180200,180000,VILCABAMBA,DANIEL ALCIDES CARRION,PASCO,01-180000,02-180200,03-180200,04-180208,False
180301,180300,180000,OXAPAMPA,OXAPAMPA,PASCO,01-180000,02-180300,03-180300,,True
180302,180300,180000,CHONTABAMBA,OXAPAMPA,PASCO,01-180000,02-180300,03-180300,04-180302,False
180303,180300,180000,HUANCABAMBA,OXAPAMPA,PASCO,01-180000,02-180300,03-180300,04-180303,False
180304,180300,180000,PUERTO BERMUDEZ,OXAPAMPA,PASCO,01-180000,02-180300,03-180300,04-180304,False
180305,180300,180000,VILLA RICA,OXAPAMPA,PASCO,01-180000,02-180300,03-180300,04-180305,False
180306,180300,180000,POZUZO,OXAPAMPA,PASCO,01-180000,02-180300,03-180300,04-180306,False
180307,180300,180000,PALCAZU,OXAPAMPA,PASCO,01-180000,02-180300,03-180300,04-180307,False
180308,180300,180000,CONSTITUCION,OXAPAMPA,PASCO,01-180000,02-180300,03-180300,04-180308,False
190101,190100,190000,PIURA,PIURA,PIURA,01-190000,02-190100,03-190100,,True
190103,190100,190000,CASTILLA,PIURA,PIURA,01-190000,02-190100,03-190100,04-190103,False
190104,190100,190000,CATACAOS,PIURA,PIURA,01-190000,02-190100,03-190100,04-190104,False
190105,190100,190000,LA ARENA,PIURA,PIURA,01-190000,02-190100,03-190100,04-190105,False
190106,190100,190000,LA UNION,PIURA,PIURA,01-190000,02-190100,03-190100,04-190106,False
190107,190100,190000,LAS LOMAS,PIURA,PIURA,01-190000,02-190100,03-190100,04-190107,False
190109,190100,190000,TAMBO GRANDE,PIURA,PIURA,01-190000,02-190100,03-190100,04-190109,False
190113,190100,190000,CURA MORI,PIURA,PIURA,01-190000,02-190100,03-190100,04-190113,False
190114,190100,190000,EL TALLAN,PIURA,PIURA,01-190000,02-190100,03-190100,04-190114,False
190115,190100,190000,VEINTISEIS DE OCTUBRE,PIURA,PIURA,01-190000,02-190100,03-190100,04-190115,False
190201,190200,190000,AYABACA,AYABACA,PIURA,01-190000,02-190200,03-190200,,True
190202,190200,190000,FRIAS,AYABACA,PIURA,01-190000,02-190200,03-190200,04-190202,False
190203,190200,190000,LAGUNAS,AYABACA,PIURA,01-190000,02-190200,03-190200,04-190203,False
190204,190200,190000,MONTERO,AYABACA,PIURA,01-190000,02-190200,03-190200,04-190204,False
190205,190200,190000,PACAIPAMPA,AYABACA,PIURA,01-190000,02-190200,03-190200,04-190205,False
190206,190200,190000,SAPILLICA,AYABACA,PIURA,01-190000,02-190200,03-190200,04-190206,False
190207,190200,190000,SICCHEZ,AYABACA,PIURA,01-190000,02-190200,03-190200,04-190207,False
190208,190200,190000,SUYO,AYABACA,PIURA,01-190000,02-190200,03-190200,04-190208,False
190209,190200,190000,JILILI,AYABACA,PIURA,01-190000,02-190200,03-190200,04-190209,False
190210,190200,190000,PAIMAS,AYABACA,PIURA,01-190000,02-190200,03-190200,04-190210,False
190301,190300,190000,HUANCABAMBA,HUANCABAMBA,PIURA,01-190000,02-190300,03-190300,,True
190302,190300,190000,CANCHAQUE,HUANCABAMBA,PIURA,01-190000,02-190300,03-190300,04-190302,False
190303,190300,190000,HUARMACA,HUANCABAMBA,PIURA,01-190000,02-190300,03-190300,04-190303,False
190304,190300,190000,SONDOR,HUANCABAMBA,PIURA,01-190000,02-190300,03-190300,04-190304,False
190305,190300,190000,SONDORILLO,HUANCABAMBA,PIURA,01-190000,02-190300,03-190300,04-190305,False
190306,190300,190000,EL CARMEN DE LA FRONTERA,HUANCABAMBA,PIURA,01-190000,02-190300,03-190300,04-190306,False
190307,190300,190000,SAN MIGUEL DE EL FAIQUE,HUANCABAMBA,PIURA,01-190000,02-190300,03-190300,04-190307,False
190308,190300,190000,LALAQUIZ,HUANCABAMBA,PIURA,01-190000,02-190300,03-190300,04-190308,False
190401,190400,190000,CHULUCANAS,MORROPON,PIURA,01-190000,02-190400,03-190400,,True
190402,190400,190000,BUENOS AIRES,MORROPON,PIURA,01-190000,02-190400,03-190400,04-190402,False
190403,190400,190000,CHALACO,MORROPON,PIURA,01-190000,02-190400,03-190400,04-190403,False
190404,190400,190000,MORROPON,MORROPON,PIURA,01-190000,02-190400,03-190400,04-190404,False
190405,190400,190000,SALITRAL,MORROPON,PIURA,01-190000,02-190400,03-190400,04-190405,False
190406,190400,190000,SANTA CATALINA DE MOSSA,MORROPON,PIURA,01-190000,02-190400,03-190400,04-190406,False
190407,190400,190000,SANTO DOMINGO,MORROPON,PIURA,01-190000,02-190400,03-190400,04-190407,False
190408,190400,190000,LA MATANZA,MORROPON,PIURA,01-190000,02-190400,03-190400,04-190408,False
190409,190400,190000,YAMANGO,MORROPON,PIURA,01-190000,02-190400,03-190400,04-190409,False
190410,190400,190000,SAN JUAN DE BIGOTE,MORROPON,PIURA,01-190000,02-190400,03-190400,04-190410,False
190501,190500,190000,PAITA,PAITA,PIURA,01-190000,02-190500,03-190500,,True
190502,190500,190000,AMOTAPE,PAITA,PIURA,01-190000,02-190500,03-190500,04-190502,False
190503,190500,190000,ARENAL,PAITA,PIURA,01-190000,02-190500,03-190500,04-190503,False
190504,190500,190000,LA HUACA,PAITA,PIURA,01-190000,02-190500,03-190500,04-190504,False
190505,190500,190000,COLAN,PAITA,PIURA,01-190000,02-190500,03-190500,04-190505,False
190506,190500,190000,TAMARINDO,PAITA,PIURA,01-190000,02-190500,03-190500,04-190506,False
190507,190500,190000,VICHAYAL,PAITA,PIURA,01-190000,02-190500,03-190500,04-190507,False
190601,190600,190000,SULLANA,SULLANA,PIURA,01-190000,02-190600,03-190600,,True
190602,190600,190000,BELLAVISTA,SULLANA,PIURA,01-190000,02-190600,03-190600,04-190602,False
190603,190600,190000,LANCONES,SULLANA,PIURA,01-190000,02-190600,03-190600,04-190603,False
190604,190600,190000,MARCAVELICA,SULLANA,PIURA,01-190000,02-190600,03-190600,04-190604,False
190605,190600,190000,MIGUEL CHECA,SULLANA,PIURA,01-190000,02-190600,03-190600,04-190605,False
190606,190600,190000,QUERECOTILLO,SULLANA,PIURA,01-190000,02-190600,03-190600,04-190606,False
190607,190600,190000,SALITRAL,SULLANA,PIURA,01-190000,02-190600,03-190600,04-190607,False
190608,190600,190000,IGNACIO ESCUDERO,SULLANA,PIURA,01-190000,02-190600,03-190600,04-190608,False
190701,190700,190000,PARIÑAS,TALARA,PIURA,01-190000,02-190700,03-190700,,True
190702,190700,190000,EL ALTO,TALARA,PIURA,01-190000,02-190700,03-190700,04-190702,False
190703,190700,190000,LA BREA,TALARA,PIURA,01-190000,02-190700,03-190700,04-190703,False
190704,190700,190000,LOBITOS,TALARA,PIURA,01-190000,02-190700,03-190700,04-190704,False
190705,190700,190000,MANCORA,TALARA,PIURA,01-190000,02-190700,03-190700,04-190705,False
190706,190700,190000,LOS ORGANOS,TALARA,PIURA,01-190000,02-190700,03-190700,04-190706,False
190801,190800,190000,SECHURA,SECHURA,PIURA,01-190000,02-190800,03-190800,,True
190802,190800,190000,VICE,SECHURA,PIURA,01-190000,02-190800,03-190800,04-190802,False
190803,190800,190000,BERNAL,SECHURA,PIURA,01-190000,02-190800,03-190800,04-190803,False
190804,190800,190000,BELLAVISTA DE LA UNION,SECHURA,PIURA,01-190000,02-190800,03-190800,04-190804,False
190805,190800,190000,CRISTO NOS VALGA,SECHURA,PIURA,01-190000,02-190800,03-190800,04-190805,False
190806,190800,190000,RINCONADA-LLICUAR,SECHURA,PIURA,01-190000,02-190800,03-190800,04-190806,False
200101,200100,200000,PUNO,PUNO,PUNO,01-200000,02-200100,03-200100,,True
200102,200100,200000,ACORA,PUNO,PUNO,01-200000,02-200100,03-200100,04-200102,False
200103,200100,200000,ATUNCOLLA,PUNO,PUNO,01-200000,02-200100,03-200100,04-200103,False
200104,200100,200000,CAPACHICA,PUNO,PUNO,01-200000,02-200100,03-200100,04-200104,False
200105,200100,200000,COATA,PUNO,PUNO,01-200000,02-200100,03-200100,04-200105,False
200106,200100,200000,CHUCUITO,PUNO,PUNO,01-200000,02-200100,03-200100,04-200106,False
200107,200100,200000,HUATA,PUNO,PUNO,01-200000,02-200100,03-200100,04-200107,False
200108,200100,200000,MAÑAZO,PUNO,PUNO,01-200000,02-200100,03-200100,04-200108,False
200109,200100,200000,PAUCARCOLLA,PUNO,PUNO,01-200000,02-200100,03-200100,04-200109,False
200110,200100,200000,PICHACANI,PUNO,PUNO,01-200000,02-200100,03-200100,04-200110,False
200111,200100,200000,SAN ANTONIO,PUNO,PUNO,01-200000,02-200100,03-200100,04-200111,False
200112,200100,200000,TIQUILLACA,PUNO,PUNO,01-200000,02-200100,03-200100,04-200112,False
200113,200100,200000,VILQUE,PUNO,PUNO,01-200000,02-200100,03-200100,04-200113,False
200114,200100,200000,PLATERIA,PUNO,PUNO,01-200000,02-200100,03-200100,04-200114,False
200115,200100,200000,AMANTANI,PUNO,PUNO,01-200000,02-200100,03-200100,04-200115,False
200201,200200,200000,AZANGARO,AZANGARO,PUNO,01-200000,02-200200,03-200200,,True
200202,200200,200000,ACHAYA,AZANGARO,PUNO,01-200000,02-200200,03-200200,04-200202,False
200203,200200,200000,ARAPA,AZANGARO,PUNO,01-200000,02-200200,03-200200,04-200203,False
200204,200200,200000,ASILLO,AZANGARO,PUNO,01-200000,02-200200,03-200200,04-200204,False
200205,200200,200000,CAMINACA,AZANGARO,PUNO,01-200000,02-200200,03-200200,04-200205,False
200206,200200,200000,CHUPA,AZANGARO,PUNO,01-200000,02-200200,03-200200,04-200206,False
200207,200200,200000,JOSE DOMINGO CHOQUEHUANCA,AZANGARO,PUNO,01-200000,02-200200,03-200200,04-200207,False
200208,200200,200000,MUÑANI,AZANGARO,PUNO,01-200000,02-200200,03-200200,04-200208,False
200210,200200,200000,POTONI,AZANGARO,PUNO,01-200000,02-200200,03-200200,04-200210,False
200212,200200,200000,SAMAN,AZANGARO,PUNO,01-200000,02-200200,03-200200,04-200212,False
200213,200200,200000,SAN ANTON,AZANGARO,PUNO,01-200000,02-200200,03-200200,04-200213,False
200214,200200,200000,SAN JOSE,AZANGARO,PUNO,01-200000,02-200200,03-200200,04-200214,False
200215,200200,200000,SAN JUAN DE SALINAS,AZANGARO,PUNO,01-200000,02-200200,03-200200,04-200215,False
200216,200200,200000,SANTIAGO DE PUPUJA,AZANGARO,PUNO,01-200000,02-200200,03-200200,04-200216,False
200217,200200,200000,TIRAPATA,AZANGARO,PUNO,01-200000,02-200200,03-200200,04-200217,False
200301,200300,200000,MACUSANI,CARABAYA,PUNO,01-200000,02-200300,03-200300,,True
200302,200300,200000,AJOYANI,CARABAYA,PUNO,01-200000,02-200300,03-200300,04-200302,False
200303,200300,200000,AYAPATA,CARABAYA,PUNO,01-200000,02-200300,03-200300,04-200303,False
200304,200300,200000,COASA,CARABAYA,PUNO,01-200000,02-200300,03-200300,04-200304,False
200305,200300,200000,CORANI,CARABAYA,PUNO,01-200000,02-200300,03-200300,04-200305,False
200306,200300,200000,CRUCERO,CARABAYA,PUNO,01-200000,02-200300,03-200300,04-200306,False
200307,200300,200000,ITUATA,CARABAYA,PUNO,01-200000,02-200300,03-200300,04-200307,False
200308,200300,200000,OLLACHEA,CARABAYA,PUNO,01-200000,02-200300,03-200300,04-200308,False
200309,200300,200000,SAN GABAN,CARABAYA,PUNO,01-200000,02-200300,03-200300,04-200309,False
200310,200300,200000,USICAYOS,CARABAYA,PUNO,01-200000,02-200300,03-200300,04-200310,False
200401,200400,200000,JULI,CHUCUITO,PUNO,01-200000,02-200400,03-200400,,True
200402,200400,200000,DESAGUADERO,CHUCUITO,PUNO,01-200000,02-200400,03-200400,04-200402,False
200403,200400,200000,HUACULLANI,CHUCUITO,PUNO,01-200000,02-200400,03-200400,04-200403,False
200406,200400,200000,PISACOMA,CHUCUITO,PUNO,01-200000,02-200400,03-200400,04-200406,False
200407,200400,200000,POMATA,CHUCUITO,PUNO,01-200000,02-200400,03-200400,04-200407,False
200410,200400,200000,ZEPITA,CHUCUITO,PUNO,01-200000,02-200400,03-200400,04-200410,False
200412,200400,200000,KELLUYO,CHUCUITO,PUNO,01-200000,02-200400,03-200400,04-200412,False
200501,200500,200000,HUANCANE,HUANCANE,PUNO,01-200000,02-200500,03-200500,,True
200502,200500,200000,COJATA,HUANCANE,PUNO,01-200000,02-200500,03-200500,04-200502,False
200504,200500,200000,INCHUPALLA,HUANCANE,PUNO,01-200000,02-200500,03-200500,04-200504,False
200506,200500,200000,PUSI,HUANCANE,PUNO,01-200000,02-200500,03-200500,04-200506,False
200507,200500,200000,ROSASPATA,HUANCANE,PUNO,01-200000,02-200500,03-200500,04-200507,False
200508,200500,200000,TARACO,HUANCANE,PUNO,01-200000,02-200500,03-200500,04-200508,False
200509,200500,200000,VILQUE CHICO,HUANCANE,PUNO,01-200000,02-200500,03-200500,04-200509,False
200511,200500,200000,HUATASANI,HUANCANE,PUNO,01-200000,02-200500,03-200500,04-200511,False
200601,200600,200000,LAMPA,LAMPA,PUNO,01-200000,02-200600,03-200600,,True
200602,200600,200000,CABANILLA,LAMPA,PUNO,01-200000,02-200600,03-200600,04-200602,False
200603,200600,200000,CALAPUJA,LAMPA,PUNO,01-200000,02-200600,03-200600,04-200603,False
200604,200600,200000,NICASIO,LAMPA,PUNO,01-200000,02-200600,03-200600,04-200604,False
200605,200600,200000,OCUVIRI,LAMPA,PUNO,01-200000,02-200600,03-200600,04-200605,False
200606,200600,200000,PALCA,LAMPA,PUNO,01-200000,02-200600,03-200600,04-200606,False
200607,200600,200000,PARATIA,LAMPA,PUNO,01-200000,02-200600,03-200600,04-200607,False
200608,200600,200000,PUCARA,LAMPA,PUNO,01-200000,02-200600,03-200600,04-200608,False
200609,200600,200000,SANTA LUCIA,LAMPA,PUNO,01-200000,02-200600,03-200600,04-200609,False
200610,200600,200000,VILAVILA,LAMPA,PUNO,01-200000,02-200600,03-200600,04-200610,False
200701,200700,200000,AYAVIRI,MELGAR,PUNO,01-200000,02-200700,03-200700,,True
200702,200700,200000,ANTAUTA,MELGAR,PUNO,01-200000,02-200700,03-200700,04-200702,False
200703,200700,200000,CUPI,MELGAR,PUNO,01-200000,02-200700,03-200700,04-200703,False
200704,200700,200000,LLALLI,MELGAR,PUNO,01-200000,02-200700,03-200700,04-200704,False
200705,200700,200000,MACARI,MELGAR,PUNO,01-200000,02-200700,03-200700,04-200705,False
200706,200700,200000,NUÑOA,MELGAR,PUNO,01-200000,02-200700,03-200700,04-200706,False
200707,200700,200000,ORURILLO,MELGAR,PUNO,01-200000,02-200700,03-200700,04-200707,False
200708,200700,200000,SANTA ROSA,MELGAR,PUNO,01-200000,02-200700,03-200700,04-200708,False
200709,200700,200000,UMACHIRI,MELGAR,PUNO,01-200000,02-200700,03-200700,04-200709,False
200801,200800,200000,SANDIA,SANDIA,PUNO,01-200000,02-200800,03-200800,,True
200803,200800,200000,CUYOCUYO,SANDIA,PUNO,01-200000,02-200800,03-200800,04-200803,False
200804,200800,200000,LIMBANI,SANDIA,PUNO,01-200000,02-200800,03-200800,04-200804,False
200805,200800,200000,PHARA,SANDIA,PUNO,01-200000,02-200800,03-200800,04-200805,False
200806,200800,200000,PATAMBUCO,SANDIA,PUNO,01-200000,02-200800,03-200800,04-200806,False
200807,200800,200000,QUIACA,SANDIA,PUNO,01-200000,02-200800,03-200800,04-200807,False
200808,200800,200000,SAN JUAN DEL ORO,SANDIA,PUNO,01-200000,02-200800,03-200800,04-200808,False
200810,200800,200000,YANAHUAYA,SANDIA,PUNO,01-200000,02-200800,03-200800,04-200810,False
200811,200800,200000,ALTO INAMBARI,SANDIA,PUNO,01-200000,02-200800,03-200800,04-200811,False
200812,200800,200000,SAN PEDRO DE PUTINA PUNCO,SANDIA,PUNO,01-200000,02-200800,03-200800,04-200812,False
200901,200900,200000,JULIACA,SAN ROMAN,PUNO,01-200000,02-200900,03-200900,,True
200902,200900,200000,CABANA,SAN ROMAN,PUNO,01-200000,02-200900,03-200900,04-200902,False
200903,200900,200000,CABANILLAS,SAN ROMAN,PUNO,01-200000,02-200900,03-200900,04-200903,False
200904,200900,200000,CARACOTO,SAN ROMAN,PUNO,01-200000,02-200900,03-200900,04-200904,False
200905,200900,200000,SAN MIGUEL,SAN ROMAN,PUNO,01-200000,02-200900,03-200900,04-200905,False
201001,201000,200000,YUNGUYO,YUNGUYO,PUNO,01-200000,02-201000,03-201000,,True
201002,201000,200000,UNICACHI,YUNGUYO,PUNO,01-200000,02-201000,03-201000,04-201002,False
201003,201000,200000,ANAPIA,YUNGUYO,PUNO,01-200000,02-201000,03-201000,04-201003,False
201004,201000,200000,COPANI,YUNGUYO,PUNO,01-200000,02-201000,03-201000,04-201004,False
201005,201000,200000,CUTURAPI,YUNGUYO,PUNO,01-200000,02-201000,03-201000,04-201005,False
201006,201000,200000,OLLARAYA,YUNGUYO,PUNO,01-200000,02-201000,03-201000,04-201006,False
201007,201000,200000,TINICACHI,YUNGUYO,PUNO,01-200000,02-201000,03-201000,04-201007,False
201101,201100,200000,PUTINA,SAN ANTONIO DE PUTINA,PUNO,01-200000,02-201100,03-201100,,True
201102,201100,200000,PEDRO VILCA APAZA,SAN ANTONIO DE PUTINA,PUNO,01-200000,02-201100,03-201100,04-201102,False
201103,201100,200000,QUILCAPUNCU,SAN ANTONIO DE PUTINA,PUNO,01-200000,02-201100,03-201100,04-201103,False
201104,201100,200000,ANANEA,SAN ANTONIO DE PUTINA,PUNO,01-200000,02-201100,03-201100,04-201104,False
201105,201100,200000,SINA,SAN ANTONIO DE PUTINA,PUNO,01-200000,02-201100,03-201100,04-201105,False
201201,201200,200000,ILAVE,EL COLLAO,PUNO,01-200000,02-201200,03-201200,,True
201202,201200,200000,PILCUYO,EL COLLAO,PUNO,01-200000,02-201200,03-201200,04-201202,False
201203,201200,200000,SANTA ROSA,EL COLLAO,PUNO,01-200000,02-201200,03-201200,04-201203,False
201204,201200,200000,CAPASO,EL COLLAO,PUNO,01-200000,02-201200,03-201200,04-201204,False
201205,201200,200000,CONDURIRI,EL COLLAO,PUNO,01-200000,02-201200,03-201200,04-201205,False
201301,201300,200000,MOHO,MOHO,PUNO,01-200000,02-201300,03-201300,,True
201302,201300,200000,CONIMA,MOHO,PUNO,01-200000,02-201300,03-201300,04-201302,False
201303,201300,200000,TILALI,MOHO,PUNO,01-200000,02-201300,03-201300,04-201303,False
201304,201300,200000,HUAYRAPATA,MOHO,PUNO,01-200000,02-201300,03-201300,04-201304,False
210101,210100,210000,MOYOBAMBA,MOYOBAMBA,SAN MARTIN,01-210000,02-210100,03-210100,,True
210102,210100,210000,CALZADA,MOYOBAMBA,SAN MARTIN,01-210000,02-210100,03-210100,04-210102,False
210103,210100,210000,HABANA,MOYOBAMBA,SAN MARTIN,01-210000,02-210100,03-210100,04-210103,False
210104,210100,210000,JEPELACIO,MOYOBAMBA,SAN MARTIN,01-210000,02-210100,03-210100,04-210104,False
210105,210100,210000,SORITOR,MOYOBAMBA,SAN MARTIN,01-210000,02-210100,03-210100,04-210105,False
210106,210100,210000,YANTALO,MOYOBAMBA,SAN MARTIN,01-210000,02-210100,03-210100,04-210106,False
210201,210200,210000,SAPOSOA,HUALLAGA,SAN MARTIN,01-210000,02-210200,03-210200,,True
210202,210200,210000,PISCOYACU,HUALLAGA,SAN MARTIN,01-210000,02-210200,03-210200,04-210202,False
210203,210200,210000,SACANCHE,HUALLAGA,SAN MARTIN,01-210000,02-210200,03-210200,04-210203,False
210204,210200,210000,TINGO DE SAPOSOA,HUALLAGA,SAN MARTIN,01-210000,02-210200,03-210200,04-210204,False
210205,210200,210000,ALTO SAPOSOA,HUALLAGA,SAN MARTIN,01-210000,02-210200,03-210200,04-210205,False
210206,210200,210000,EL ESLABON,HUALLAGA,SAN MARTIN,01-210000,02-210200,03-210200,04-210206,False
210301,210300,210000,LAMAS,LAMAS,SAN MARTIN,01-210000,02-210300,03-210300,,True
210303,210300,210000,BARRANQUITA,LAMAS,SAN MARTIN,01-210000,02-210300,03-210300,04-210303,False
210304,210300,210000,CAYNARACHI,LAMAS,SAN MARTIN,01-210000,02-210300,03-210300,04-210304,False
210305,210300,210000,CUÑUMBUQUI,LAMAS,SAN MARTIN,01-210000,02-210300,03-210300,04-210305,False
210306,210300,210000,PINTO RECODO,LAMAS,SAN MARTIN,01-210000,02-210300,03-210300,04-210306,False
210307,210300,210000,RUMISAPA,LAMAS,SAN MARTIN,01-210000,02-210300,03-210300,04-210307,False
210311,210300,210000,SHANAO,LAMAS,SAN MARTIN,01-210000,02-210300,03-210300,04-210311,False
210313,210300,210000,TABALOSOS,LAMAS,SAN MARTIN,01-210000,02-210300,03-210300,04-210313,False
210314,210300,210000,ZAPATERO,LAMAS,SAN MARTIN,01-210000,02-210300,03-210300,04-210314,False
210315,210300,210000,ALONSO DE ALVARADO,LAMAS,SAN MARTIN,01-210000,02-210300,03-210300,04-210315,False
210316,210300,210000,SAN ROQUE DE CUMBAZA,LAMAS,SAN MARTIN,01-210000,02-210300,03-210300,04-210316,False
210401,210400,210000,JUANJUI,MARISCAL CACERES,SAN MARTIN,01-210000,02-210400,03-210400,,True
210402,210400,210000,CAMPANILLA,MARISCAL CACERES,SAN MARTIN,01-210000,02-210400,03-210400,04-210402,False
210403,210400,210000,HUICUNGO,MARISCAL CACERES,SAN MARTIN,01-210000,02-210400,03-210400,04-210403,False
210404,210400,210000,PACHIZA,MARISCAL CACERES,SAN MARTIN,01-210000,02-210400,03-210400,04-210404,False
210405,210400,210000,PAJARILLO,MARISCAL CACERES,SAN MARTIN,01-210000,02-210400,03-210400,04-210405,False
210501,210500,210000,RIOJA,RIOJA,SAN MARTIN,01-210000,02-210500,03-210500,,True
210502,210500,210000,POSIC,RIOJA,SAN MARTIN,01-210000,02-210500,03-210500,04-210502,False
210503,210500,210000,YORONGOS,RIOJA,SAN MARTIN,01-210000,02-210500,03-210500,04-210503,False
210504,210500,210000,YURACYACU,RIOJA,SAN MARTIN,01-210000,02-210500,03-210500,04-210504,False
210505,210500,210000,NUEVA CAJAMARCA,RIOJA,SAN MARTIN,01-210000,02-210500,03-210500,04-210505,False
210506,210500,210000,ELIAS SOPLIN VARGAS,RIOJA,SAN MARTIN,01-210000,02-210500,03-210500,04-210506,False
210507,210500,210000,SAN FERNANDO,RIOJA,SAN MARTIN,01-210000,02-210500,03-210500,04-210507,False
210508,210500,210000,PARDO MIGUEL,RIOJA,SAN MARTIN,01-210000,02-210500,03-210500,04-210508,False
210509,210500,210000,AWAJUN,RIOJA,SAN MARTIN,01-210000,02-210500,03-210500,04-210509,False
210601,210600,210000,TARAPOTO,SAN MARTIN,SAN MARTIN,01-210000,02-210600,03-210600,,True
210602,210600,210000,ALBERTO LEVEAU,SAN MARTIN,SAN MARTIN,01-210000,02-210600,03-210600,04-210602,False
210604,210600,210000,CACATACHI,SAN MARTIN,SAN MARTIN,01-210000,02-210600,03-210600,04-210604,False
210606,210600,210000,CHAZUTA,SAN MARTIN,SAN MARTIN,01-210000,02-210600,03-210600,04-210606,False
210607,210600,210000,CHIPURANA,SAN MARTIN,SAN MARTIN,01-210000,02-210600,03-210600,04-210607,False
210608,210600,210000,EL PORVENIR,SAN MARTIN,SAN MARTIN,01-210000,02-210600,03-210600,04-210608,False
210609,210600,210000,HUIMBAYOC,SAN MARTIN,SAN MARTIN,01-210000,02-210600,03-210600,04-210609,False
210610,210600,210000,JUAN GUERRA,SAN MARTIN,SAN MARTIN,01-210000,02-210600,03-210600,04-210610,False
210611,210600,210000,MORALES,SAN MARTIN,SAN MARTIN,01-210000,02-210600,03-210600,04-210611,False
210612,210600,210000,PAPAPLAYA,SAN MARTIN,SAN MARTIN,01-210000,02-210600,03-210600,04-210612,False
210616,210600,210000,SAN ANTONIO,SAN MARTIN,SAN MARTIN,01-210000,02-210600,03-210600,04-210616,False
210619,210600,210000,SAUCE,SAN MARTIN,SAN MARTIN,01-210000,02-210600,03-210600,04-210619,False
210620,210600,210000,SHAPAJA,SAN MARTIN,SAN MARTIN,01-210000,02-210600,03-210600,04-210620,False
210621,210600,210000,LA BANDA DE SHILCAYO,SAN MARTIN,SAN MARTIN,01-210000,02-210600,03-210600,04-210621,False
210701,210700,210000,BELLAVISTA,BELLAVISTA,SAN MARTIN,01-210000,02-210700,03-210700,,True
210702,210700,210000,SAN RAFAEL,BELLAVISTA,SAN MARTIN,01-210000,02-210700,03-210700,04-210702,False
210703,210700,210000,SAN PABLO,BELLAVISTA,SAN MARTIN,01-210000,02-210700,03-210700,04-210703,False
210704,210700,210000,ALTO BIAVO,BELLAVISTA,SAN MARTIN,01-210000,02-210700,03-210700,04-210704,False
210705,210700,210000,HUALLAGA,BELLAVISTA,SAN MARTIN,01-210000,02-210700,03-210700,04-210705,False
210706,210700,210000,BAJO BIAVO,BELLAVISTA,SAN MARTIN,01-210000,02-210700,03-210700,04-210706,False
210801,210800,210000,TOCACHE,TOCACHE,SAN MARTIN,01-210000,02-210800,03-210800,,True
210802,210800,210000,NUEVO PROGRESO,TOCACHE,SAN MARTIN,01-210000,02-210800,03-210800,04-210802,False
210803,210800,210000,POLVORA,TOCACHE,SAN MARTIN,01-210000,02-210800,03-210800,04-210803,False
210804,210800,210000,SHUNTE,TOCACHE,SAN MARTIN,01-210000,02-210800,03-210800,04-210804,False
210805,210800,210000,UCHIZA,TOCACHE,SAN MARTIN,01-210000,02-210800,03-210800,04-210805,False
210806,210800,210000,SANTA LUCIA,TOCACHE,SAN MARTIN,01-210000,02-210800,03-210800,04-210806,False
210901,210900,210000,PICOTA,PICOTA,SAN MARTIN,01-210000,02-210900,03-210900,,True
210902,210900,210000,BUENOS AIRES,PICOTA,SAN MARTIN,01-210000,02-210900,03-210900,04-210902,False
210903,210900,210000,CASPIZAPA,PICOTA,SAN MARTIN,01-210000,02-210900,03-210900,04-210903,False
210904,210900,210000,PILLUANA,PICOTA,SAN MARTIN,01-210000,02-210900,03-210900,04-210904,False
210905,210900,210000,PUCACACA,PICOTA,SAN MARTIN,01-210000,02-210900,03-210900,04-210905,False
210906,210900,210000,SAN CRISTOBAL,PICOTA,SAN MARTIN,01-210000,02-210900,03-210900,04-210906,False
210907,210900,210000,SAN HILARION,PICOTA,SAN MARTIN,01-210000,02-210900,03-210900,04-210907,False
210908,210900,210000,TINGO DE PONASA,PICOTA,SAN MARTIN,01-210000,02-210900,03-210900,04-210908,False
210909,210900,210000,TRES UNIDOS,PICOTA,SAN MARTIN,01-210000,02-210900,03-210900,04-210909,False
210910,210900,210000,SHAMBOYACU,PICOTA,SAN MARTIN,01-210000,02-210900,03-210900,04-210910,False
211001,211000,210000,SAN JOSE DE SISA,EL DORADO,SAN MARTIN,01-210000,02-211000,03-211000,,True
211002,211000,210000,AGUA BLANCA,EL DORADO,SAN MARTIN,01-210000,02-211000,03-211000,04-211002,False
211003,211000,210000,SHATOJA,EL DORADO,SAN MARTIN,01-210000,02-211000,03-211000,04-211003,False
211004,211000,210000,SAN MARTIN,EL DORADO,SAN MARTIN,01-210000,02-211000,03-211000,04-211004,False
211005,211000,210000,SANTA ROSA,EL DORADO,SAN MARTIN,01-210000,02-211000,03-211000,04-211005,False
220101,220100,220000,TACNA,TACNA,TACNA,01-220000,02-220100,03-220100,,True
220102,220100,220000,CALANA,TACNA,TACNA,01-220000,02-220100,03-220100,04-220102,False
220104,220100,220000,INCLAN,TACNA,TACNA,01-220000,02-220100,03-220100,04-220104,False
220107,220100,220000,PACHIA,TACNA,TACNA,01-220000,02-220100,03-220100,04-220107,False
220108,220100,220000,PALCA,TACNA,TACNA,01-220000,02-220100,03-220100,04-220108,False
220109,220100,220000,POCOLLAY,TACNA,TACNA,01-220000,02-220100,03-220100,04-220109,False
220110,220100,220000,SAMA,TACNA,TACNA,01-220000,02-220100,03-220100,04-220110,False
220111,220100,220000,ALTO DE LA ALIANZA,TACNA,TACNA,01-220000,02-220100,03-220100,04-220111,False
220112,220100,220000,CIUDAD NUEVA,TACNA,TACNA,01-220000,02-220100,03-220100,04-220112,False
220113,220100,220000,CORONEL GREGORIO ALBARRACIN LANCHIPA,TACNA,TACNA,01-220000,02-220100,03-220100,04-220113,False
220114,220100,220000,LA YARADA LOS PALOS,TACNA,TACNA,01-220000,02-220100,03-220100,04-220114,False
220201,220200,220000,TARATA,TARATA,TACNA,01-220000,02-220200,03-220200,,True
220205,220200,220000,HEROES ALBARRACIN,TARATA,TACNA,01-220000,02-220200,03-220200,04-220205,False
220206,220200,220000,ESTIQUE,TARATA,TACNA,01-220000,02-220200,03-220200,04-220206,False
220207,220200,220000,ESTIQUE PAMPA,TARATA,TACNA,01-220000,02-220200,03-220200,04-220207,False
220210,220200,220000,SITAJARA,TARATA,TACNA,01-220000,02-220200,03-220200,04-220210,False
220211,220200,220000,SUSAPAYA,TARATA,TACNA,01-220000,02-220200,03-220200,04-220211,False
220212,220200,220000,TARUCACHI,TARATA,TACNA,01-220000,02-220200,03-220200,04-220212,False
220213,220200,220000,TICACO,TARATA,TACNA,01-220000,02-220200,03-220200,04-220213,False
220301,220300,220000,LOCUMBA,JORGE BASADRE,TACNA,01-220000,02-220300,03-220300,,True
220302,220300,220000,ITE,JORGE BASADRE,TACNA,01-220000,02-220300,03-220300,04-220302,False
220303,220300,220000,ILABAYA,JORGE BASADRE,TACNA,01-220000,02-220300,03-220300,04-220303,False
220401,220400,220000,CANDARAVE,CANDARAVE,TACNA,01-220000,02-220400,03-220400,,True
220402,220400,220000,CAIRANI,CANDARAVE,TACNA,01-220000,02-220400,03-220400,04-220402,False
220403,220400,220000,CURIBAYA,CANDARAVE,TACNA,01-220000,02-220400,03-220400,04-220403,False
220404,220400,220000,HUANUARA,CANDARAVE,TACNA,01-220000,02-220400,03-220400,04-220404,False
220405,220400,220000,QUILAHUANI,CANDARAVE,TACNA,01-220000,02-220400,03-220400,04-220405,False
220406,220400,220000,CAMILACA,CANDARAVE,TACNA,01-220000,02-220400,03-220400,04-220406,False
230101,230100,230000,TUMBES,TUMBES,TUMBES,01-230000,02-230100,03-230100,,True
230102,230100,230000,CORRALES,TUMBES,TUMBES,01-230000,02-230100,03-230100,04-230102,False
230103,230100,230000,LA CRUZ,TUMBES,TUMBES,01-230000,02-230100,03-230100,04-230103,False
230104,230100,230000,PAMPAS DE HOSPITAL,TUMBES,TUMBES,01-230000,02-230100,03-230100,04-230104,False
230105,230100,230000,SAN JACINTO,TUMBES,TUMBES,01-230000,02-230100,03-230100,04-230105,False
230106,230100,230000,SAN JUAN DE LA VIRGEN,TUMBES,TUMBES,01-230000,02-230100,03-230100,04-230106,False
230201,230200,230000,ZORRITOS,CONTRALMIRANTE VILLAR,TUMBES,01-230000,02-230200,03-230200,,True
230202,230200,230000,CASITAS,CONTRALMIRANTE VILLAR,TUMBES,01-230000,02-230200,03-230200,04-230202,False
230203,230200,230000,CANOAS DE PUNTA SAL,CONTRALMIRANTE VILLAR,TUMBES,01-230000,02-230200,03-230200,04-230203,False
230301,230300,230000,ZARUMILLA,ZARUMILLA,TUMBES,01-230000,02-230300,03-230300,,True
230302,230300,230000,MATAPALO,ZARUMILLA,TUMBES,01-230000,02-230300,03-230300,04-230302,False
230303,230300,230000,PAPAYAL,ZARUMILLA,TUMBES,01-230000,02-230300,03-230300,04-230303,False
230304,230300,230000,AGUAS VERDES,ZARUMILLA,TUMBES,01-230000,02-230300,03-230300,04-230304,False
240101,240100,240000,CALLAO,CALLAO,CALLAO,01-240000,02-240101,03-240100,,True
240102,240100,240000,BELLAVISTA,CALLAO,CALLAO,01-240000,02-240102,03-240100,04-240102,False
240103,240100,240000,LA PUNTA,CALLAO,CALLAO,01-240000,02-240103,03-240100,04-240103,False
240104,240100,240000,CARMEN DE LA LEGUA-REYNOSO,CALLAO,CALLAO,01-240000,02-240104,03-240100,04-240104,False
240105,240100,240000,LA PERLA,CALLAO,CALLAO,01-240000,02-240105,03-240100,04-240105,False
240106,240100,240000,VENTANILLA,CALLAO,CALLAO,01-240000,02-240106,03-240100,04-240106,False
240107,240100,240000,MI PERU,CALLAO,CALLAO,01-240000,02-240107,03-240100,04-240107,False
250101,250100,250000,CALLERIA,CORONEL PORTILLO,UCAYALI,01-250000,02-250100,03-250100,,True
250102,250100,250000,YARINACOCHA,CORONEL PORTILLO,UCAYALI,01-250000,02-250100,03-250100,04-250102,False
250103,250100,250000,MASISEA,CORONEL PORTILLO,UCAYALI,01-250000,02-250100,03-250100,04-250103,False
250104,250100,250000,CAMPOVERDE,CORONEL PORTILLO,UCAYALI,01-250000,02-250100,03-250100,04-250104,False
250105,250100,250000,IPARIA,CORONEL PORTILLO,UCAYALI,01-250000,02-250100,03-250100,04-250105,False
250106,250100,250000,NUEVA REQUENA,CORONEL PORTILLO,UCAYALI,01-250000,02-250100,03-250100,04-250106,False
250107,250100,250000,MANANTAY,CORONEL PORTILLO,UCAYALI,01-250000,02-250100,03-250100,04-250107,False
250201,250200,250000,PADRE ABAD,PADRE ABAD,UCAYALI,01-250000,02-250200,03-250200,,True
250202,250200,250000,IRAZOLA,PADRE ABAD,UCAYALI,01-250000,02-250200,03-250200,04-250202,False
250203,250200,250000,CURIMANA,PADRE ABAD,UCAYALI,01-250000,02-250200,03-250200,04-250203,False
250204,250200,250000,NESHUYA,PADRE ABAD,UCAYALI,01-250000,02-250200,03-250200,04-250204,False
250205,250200,250000,ALEXANDER VON HUMBOLDT,PADRE ABAD,UCAYALI,01-250000,02-250200,03-250200,04-250205,False
250206,250200,250000,BOQUERON,PADRE ABAD,UCAYALI,01-250000,02-250200,03-250200,04-250206,False
250207,250200,250000,HUIPOCA,PADRE ABAD,UCAYALI,01-250000,02-250200,03-250200,04-250207,False
250301,250300,250000,RAIMONDI,ATALAYA,UCAYALI,01-250000,02-250300,03-250300,,True
250302,250300,250000,TAHUANIA,ATALAYA,UCAYALI,01-250000,02-250300,03-250300,04-250302,False
250303,250300,250000,YURUA,ATALAYA,UCAYALI,01-250000,02-250300,03-250300,04-250303,False
250304,250300,250000,SEPAHUA,ATALAYA,UCAYALI,01-250000,02-250300,03-250300,04-250304,False
250401,250400,250000,PURUS,PURUS,UCAYALI,01-250000,02-250400,03-250400,,True
