ubigeo,nivel,n_resolucion,fuente,n_candidatos
010100,provincial,9,Res. 0847-2025-JNE art. 1,9
010200,provincial,9,Res. 0847-2025-JNE art. 1,9
010300,provincial,7,Res. 0847-2025-JNE art. 1,7
010400,provincial,7,Res. 0847-2025-JNE art. 1,7
010500,provincial,7,Res. 0847-2025-JNE art. 1,7
010600,provincial,9,Res. 0847-2025-JNE art. 1,9
010700,provincial,11,Res. 0847-2025-JNE art. 1,11
020100,provincial,11,Res. 0847-2025-JNE art. 1,11
020200,provincial,5,Res. 0847-2025-JNE art. 2 (regla de cierre),5
020300,provincial,5,Res. 0847-2025-JNE art. 2 (regla de cierre),5
020400,provincial,9,Res. 0847-2025-JNE art. 1,9
020500,provincial,9,Res. 0847-2025-JNE art. 1,9
020600,provincial,5,Res. 0847-2025-JNE art. 2 (regla de cierre),5
020700,provincial,9,Res. 0847-2025-JNE art. 1,9
020800,provincial,9,Res. 0847-2025-JNE art. 1,9
020900,provincial,5,Res. 0847-2025-JNE art. 2 (regla de cierre),5
021000,provincial,5,Res. 0847-2025-JNE art. 2 (regla de cierre),5
021100,provincial,7,Res. 0847-2025-JNE art. 1,7
021200,provincial,5,Res. 0847-2025-JNE art. 2 (regla de cierre),5
021300,provincial,13,Res. 0847-2025-JNE art. 1,13
021400,provincial,7,Res. 0847-2025-JNE art. 1,7
021500,provincial,9,Res. 0847-2025-JNE art. 1,9
021600,provincial,5,Res. 0847-2025-JNE art. 2 (regla de cierre),5
021700,provincial,5,Res. 0847-2025-JNE art. 2 (regla de cierre),5
021800,provincial,5,Res. 0847-2025-JNE art. 2 (regla de cierre),5
021900,provincial,7,Res. 0847-2025-JNE art. 1,7
022000,provincial,5,Res. 0847-2025-JNE art. 2 (regla de cierre),5
030100,provincial,11,Res. 0847-2025-JNE art. 1,11
030200,provincial,5,Res. 0847-2025-JNE art. 2 (regla de cierre),5
030300,provincial,11,Res. 0847-2025-JNE art. 1,11
030400,provincial,5,Res. 0847-2025-JNE art. 2 (regla de cierre),5
030500,provincial,9,Res. 0847-2025-JNE art. 1,9
030600,provincial,5,Res. 0847-2025-JNE art. 2 (regla de cierre),5
030700,provincial,7,Res. 0847-2025-JNE art. 1,7
040100,provincial,15,Res. 0847-2025-JNE art. 1,15
040200,provincial,11,Res. 0847-2025-JNE art. 1,11
040300,provincial,9,Res. 0847-2025-JNE art. 1,9
040400,provincial,7,Res. 0847-2025-JNE art. 1,7
040500,provincial,7,Res. 0847-2025-JNE art. 1,7
040600,provincial,5,Res. 0847-2025-JNE art. 2 (regla de cierre),5
040700,provincial,9,Res. 0847-2025-JNE art. 1,9
040800,provincial,5,Res. 0847-2025-JNE art. 2 (regla de cierre),5
050100,provincial,13,Res. 0847-2025-JNE art. 1,13
050200,provincial,7,Res. 0847-2025-JNE art. 1,7
050300,provincial,9,Res. 0847-2025-JNE art. 1,9
050400,provincial,9,Res. 0847-2025-JNE art. 1,9
050500,provincial,7,Res. 0847-2025-JNE art. 1,7
050600,provincial,7,Res. 0847-2025-JNE art. 1,7
050700,provincial,5,Res. 0847-2025-JNE art. 2 (regla de cierre),5
050800,provincial,5,Res. 0847-2025-JNE art. 2 (regla de cierre),5
050900,provincial,5,Res. 0847-2025-JNE art. 2 (regla de cierre),5
051000,provincial,5,Res. 0847-2025-JNE art. 2 (regla de cierre),5
051100,provincial,5,Res. 0847-2025-JNE art. 2 (regla de cierre),5
060100,provincial,13,Res. 0847-2025-JNE art. 1,13
060200,provincial,9,Res. 0847-2025-JNE art. 1,9
060300,provincial,9,Res. 0847-2025-JNE art. 1,9
060400,provincial,7,Res. 0847-2025-JNE art. 1,7
060500,provincial,11,Res. 0847-2025-JNE art. 1,11
060600,provincial,11,Res. 0847-2025-JNE art. 1,11
060700,provincial,9,Res. 0847-2025-JNE art. 1,9
060800,provincial,11,Res. 0847-2025-JNE art. 1,11
060900,provincial,7,Res. 0847-2025-JNE art. 1,7
061000,provincial,7,Res. 0847-2025-JNE art. 1,7
061100,provincial,11,Res. 0847-2025-JNE art. 1,11
061200,provincial,9,Res. 0847-2025-JNE art. 1,9
061300,provincial,5,Res. 0847-2025-JNE art. 2 (regla de cierre),5
070100,provincial,15,Res. 0847-2025-JNE art. 1,15
070200,provincial,5,Res. 0847-2025-JNE art. 2 (regla de cierre),5
070300,provincial,9,Res. 0847-2025-JNE art. 1,9
070400,provincial,9,Res. 0847-2025-JNE art. 1,9
070500,provincial,7,Res. 0847-2025-JNE art. 1,7
070600,provincial,11,Res. 0847-2025-JNE art. 1,11
070700,provincial,9,Res. 0847-2025-JNE art. 1,9
070800,provincial,9,Res. 0847-2025-JNE art. 1,9
070900,provincial,11,Res. 0847-2025-JNE art. 1,11
071000,provincial,7,Res. 0847-2025-JNE art. 1,7
071100,provincial,7,Res. 0847-2025-JNE art. 1,7
071200,provincial,11,Res. 0847-2025-JNE art. 1,11
071300,provincial,9,Res. 0847-2025-JNE art. 1,9
080100,provincial,11,Res. 0847-2025-JNE art. 1,11
080200,provincial,7,Res. 0847-2025-JNE art. 1,7
080300,provincial,7,Res. 0847-2025-JNE art. 1,7
080400,provincial,5,Res. 0847-2025-JNE art. 2 (regla de cierre),5
080500,provincial,9,Res. 0847-2025-JNE art. 1,9
080600,provincial,5,Res. 0847-2025-JNE art. 2 (regla de cierre),5
080700,provincial,7,Res. 0847-2025-JNE art. 1,7
090100,provincial,13,Res. 0847-2025-JNE art. 1,13
090200,provincial,9,Res. 0847-2025-JNE art. 1,9
090300,provincial,7,Res. 0847-2025-JNE art. 1,7
090400,provincial,7,Res. 0847-2025-JNE art. 1,7
090500,provincial,7,Res. 0847-2025-JNE art. 1,7
090600,provincial,11,Res. 0847-2025-JNE art. 1,11
090700,provincial,7,Res. 0847-2025-JNE art. 1,7
090800,provincial,7,Res. 0847-2025-JNE art. 1,7
090900,provincial,5,Res. 0847-2025-JNE art. 2 (regla de cierre),5
091000,provincial,5,Res. 0847-2025-JNE art. 2 (regla de cierre),5
091100,provincial,5,Res. 0847-2025-JNE art. 2 (regla de cierre),5
100100,provincial,13,Res. 0847-2025-JNE art. 1,13
100200,provincial,11,Res. 0847-2025-JNE art. 1,11
100300,provincial,9,Res. 0847-2025-JNE art. 1,9
100400,provincial,11,Res. 0847-2025-JNE art. 1,11
100500,provincial,5,Res. 0847-2025-JNE art. 2 (regla de cierre),5
110100,provincial,15,Res. 0847-2025-JNE art. 1,15
110200,provincial,9,Res. 0847-2025-JNE art. 1,9
110300,provincial,9,Res. 0847-2025-JNE art. 1,9
110400,provincial,5,Res. 0847-2025-JNE art. 2 (regla de cierre),5
110500,provincial,9,Res. 0847-2025-JNE art. 1,9
110600,provincial,7,Res. 0847-2025-JNE art. 1,7
110700,provincial,11,Res. 0847-2025-JNE art. 1,11
110800,provincial,11,Res. 0847-2025-JNE art. 1,11
110900,provincial,9,Res. 0847-2025-JNE art. 1,9
120100,provincial,15,Res. 0847-2025-JNE art. 1,15
120200,provincial,5,Res. 0847-2025-JNE art. 2 (regla de cierre),5
120300,provincial,11,Res. 0847-2025-JNE art. 1,11
120400,provincial,9,Res. 0847-2025-JNE art. 1,9
120500,provincial,11,Res. 0847-2025-JNE art. 1,11
120600,provincial,9,Res. 0847-2025-JNE art. 1,9
120700,provincial,9,Res. 0847-2025-JNE art. 1,9
120800,provincial,11,Res. 0847-2025-JNE art. 1,11
120900,provincial,9,Res. 0847-2025-JNE art. 1,9
121000,provincial,7,Res. 0847-2025-JNE art. 1,7
121100,provincial,7,Res. 0847-2025-JNE art. 1,7
121200,provincial,11,Res. 0847-2025-JNE art. 1,11
130100,provincial,15,Res. 0847-2025-JNE art. 1,15
130200,provincial,11,Res. 0847-2025-JNE art. 1,11
130300,provincial,13,Res. 0847-2025-JNE art. 1,13
140100,provincial,39,Res. 0847-2025-JNE art. 1,39
140200,provincial,5,Res. 0847-2025-JNE art. 2 (regla de cierre),5
140300,provincial,5,Res. 0847-2025-JNE art. 2 (regla de cierre),5
140400,provincial,11,Res. 0847-2025-JNE art. 1,11
140500,provincial,11,Res. 0847-2025-JNE art. 1,11
140600,provincial,9,Res. 0847-2025-JNE art. 1,9
140700,provincial,5,Res. 0847-2025-JNE art. 2 (regla de cierre),5
140800,provincial,11,Res. 0847-2025-JNE art. 1,11
140900,provincial,11,Res. 0847-2025-JNE art. 1,11
141000,provincial,5,Res. 0847-2025-JNE art. 2 (regla de cierre),5
150100,provincial,15,Res. 0847-2025-JNE art. 1,15
150200,provincial,11,Res. 0847-2025-JNE art. 1,11
150300,provincial,9,Res. 0847-2025-JNE art. 1,9
150400,provincial,9,Res. 0847-2025-JNE art. 1,9
150500,provincial,9,Res. 0847-2025-JNE art. 1,9
150600,provincial,9,Res. 0847-2025-JNE art. 1,9
150700,provincial,9,Res. 0847-2025-JNE art. 1,9
150900,provincial,5,Res. 0847-2025-JNE art. 2 (regla de cierre),5
160100,provincial,11,Res. 0847-2025-JNE art. 1,11
160200,provincial,5,Res. 0847-2025-JNE art. 2 (regla de cierre),5
160300,provincial,5,Res. 0847-2025-JNE art. 2 (regla de cierre),5
170100,provincial,11,Res. 0847-2025-JNE art. 1,11
170200,provincial,5,Res. 0847-2025-JNE art. 2 (regla de cierre),5
170300,provincial,9,Res. 0847-2025-JNE art. 1,9
180100,provincial,11,Res. 0847-2025-JNE art. 1,11
180200,provincial,7,Res. 0847-2025-JNE art. 1,7
180300,provincial,11,Res. 0847-2025-JNE art. 1,11
190100,provincial,15,Res. 0847-2025-JNE art. 1,15
190200,provincial,11,Res. 0847-2025-JNE art. 1,11
190300,provincial,11,Res. 0847-2025-JNE art. 1,11
190400,provincial,11,Res. 0847-2025-JNE art. 1,11
190500,provincial,11,Res. 0847-2025-JNE art. 1,11
190600,provincial,13,Res. 0847-2025-JNE art. 1,13
190700,provincial,11,Res. 0847-2025-JNE art. 1,11
190800,provincial,11,Res. 0847-2025-JNE art. 1,11
200100,provincial,11,Res. 0847-2025-JNE art. 1,11
200200,provincial,11,Res. 0847-2025-JNE art. 1,11
200300,provincial,9,Res. 0847-2025-JNE art. 1,9
200400,provincial,9,Res. 0847-2025-JNE art. 1,9
200500,provincial,9,Res. 0847-2025-JNE art. 1,9
200600,provincial,7,Res. 0847-2025-JNE art. 1,7
200700,provincial,9,Res. 0847-2025-JNE art. 1,9
200800,provincial,9,Res. 0847-2025-JNE art. 1,9
200900,provincial,13,Res. 0847-2025-JNE art. 1,13
201000,provincial,7,Res. 0847-2025-JNE art. 1,7
201100,provincial,7,Res. 0847-2025-JNE art. 1,7
201200,provincial,9,Res. 0847-2025-JNE art. 1,9
201300,provincial,5,Res. 0847-2025-JNE art. 2 (regla de cierre),5
210100,provincial,11,Res. 0847-2025-JNE art. 1,11
210200,provincial,7,Res. 0847-2025-JNE art. 1,7
210300,provincial,9,Res. 0847-2025-JNE art. 1,9
210400,provincial,9,Res. 0847-2025-JNE art. 1,9
210500,provincial,11,Res. 0847-2025-JNE art. 1,11
210600,provincial,11,Res. 0847-2025-JNE art. 1,11
210700,provincial,9,Res. 0847-2025-JNE art. 1,9
210800,provincial,9,Res. 0847-2025-JNE art. 1,9
210900,provincial,7,Res. 0847-2025-JNE art. 1,7
211000,provincial,7,Res. 0847-2025-JNE art. 1,7
220100,provincial,13,Res. 0847-2025-JNE art. 1,13
220200,provincial,5,Res. 0847-2025-JNE art. 2 (regla de cierre),5
220300,provincial,5,Res. 0847-2025-JNE art. 2 (regla de cierre),5
220400,provincial,5,Res. 0847-2025-JNE art. 2 (regla de cierre),5
230100,provincial,11,Res. 0847-2025-JNE art. 1,11
230200,provincial,7,Res. 0847-2025-JNE art. 1,7
230300,provincial,9,Res. 0847-2025-JNE art. 1,9
240100,provincial,15,Res. 0847-2025-JNE art. 1,15
250100,provincial,13,Res. 0847-2025-JNE art. 1,13
250200,provincial,9,Res. 0847-2025-JNE art. 1,9
250300,provincial,9,Res. 0847-2025-JNE art. 1,9
250400,provincial,5,Res. 0847-2025-JNE art. 2 (regla de cierre),5
010102,distrital,5,Res. 0847-2025-JNE art. 2 (regla de cierre),5
010103,distrital,5,Res. 0847-2025-JNE art. 2 (regla de cierre),5
010104,distrital,5,Res. 0847-2025-JNE art. 2 (regla de cierre),5
010105,distrital,5,Res. 0847-2025-JNE art. 2 (regla de cierre),5
010106,distrital,5,Res. 0847-2025-JNE art. 2 (regla de cierre),5
010107,distrital,5,Res. 0847-2025-JNE art. 2 (regla de cierre),5
010108,distrital,5,Res. 0847-2025-JNE art. 2 (regla de cierre),5
010109,distrital,5,Res. 0847-2025-JNE art. 2 (regla de cierre),5
010110,distrital,5,Res. 0847-2025-JNE art. 2 (regla de cierre),5
010111,distrital,5,Res. 0847-2025-JNE art. 2 (regla de cierre),5
010112,distrital,5,Res. 0847-2025-JNE art. 2 (regla de cierre),5
010113,distrital,5,Res. 0847-2025-JNE art. 2 (regla de cierre),5
010114,distrital,5,Res. 0847-2025-JNE art. 2 (regla de cierre),5
010115,distrital,5,Res. 0847-2025-JNE art. 2 (regla de cierre),5
010116,distrital,5,Res. 0847-2025-JNE art. 2 (regla de cierre),5
010117,distrital,5,Res. 0847-2025-JNE art. 2 (regla de cierre),5
010118,distrital,5,Res. 0847-2025-JNE art. 2 (regla de cierre),5
010119,distrital,5,Res. 0847-2025-JNE art. 2 (regla de cierre),5
010120,distrital,5,Res. 0847-2025-JNE art. 2 (regla de cierre),5
010121,distrital,5,Res. 0847-2025-JNE art. 2 (regla de cierre),5
010201,distrital,5,Res. 0847-2025-JNE art. 2 (regla de cierre),5
010202,distrital,5,Res. 0847-2025-JNE art. 2 (regla de cierre),5
010203,distrital,5,Res. 0847-2025-JNE art. 2 (regla de cierre),5
010204,distrital,5,Res. 0847-2025-JNE art. 2 (regla de cierre),5
010206,distrital,7,Res. 0847-2025-JNE art. 1,7
010302,distrital,5,Res. 0847-2025-JNE art. 2 (regla de cierre),5
010303,distrital,5,Res. 0847-2025-JNE art. 2 (regla de cierre),5
010304,distrital,5,Res. 0847-2025-JNE art. 2 (regla de cierre),5
010305,distrital,5,Res. 0847-2025-JNE art. 2 (regla de cierre),5
010306,distrital,5,Res. 0847-2025-JNE art. 2 (regla de cierre),5
010307,distrital,5,Res. 0847-2025-JNE art. 2 (regla de cierre),5
010308,distrital,5,Res. 0847-2025-JNE art. 2 (regla de cierre),5
010309,distrital,5,Res. 0847-2025-JNE art. 2 (regla de cierre),5
010310,distrital,5,Res. 0847-2025-JNE art. 2 (regla de cierre),5
010311,distrital,5,Res. 0847-2025-JNE art. 2 (regla de cierre),5
010312,distrital,5,Res. 0847-2025-JNE art. 2 (regla de cierre),5
010402,distrital,5,Res. 0847-2025-JNE art. 2 (regla de cierre),5
010403,distrital,5,Res. 0847-2025-JNE art. 2 (regla de cierre),5
010404,distrital,5,Res. 0847-2025-JNE art. 2 (regla de cierre),5
010405,distrital,5,Res. 0847-2025-JNE art. 2 (regla de cierre),5
010406,distrital,5,Res. 0847-2025-JNE art. 2 (regla de cierre),5
010407,distrital,5,Res. 0847-2025-JNE art. 2 (regla de cierre),5
010408,distrital,5,Res. 0847-2025-JNE art. 2 (regla de cierre),5
010409,distrital,5,Res. 0847-2025-JNE art. 2 (regla de cierre),5
010410,distrital,5,Res. 0847-2025-JNE art. 2 (regla de cierre),5
010411,distrital,5,Res. 0847-2025-JNE art. 2 (regla de cierre),5
010412,distrital,5,Res. 0847-2025-JNE art. 2 (regla de cierre),5
010413,distrital,5,Res. 0847-2025-JNE art. 2 (regla de cierre),5
010414,distrital,5,Res. 0847-2025-JNE art. 2 (regla de cierre),5
010415,distrital,5,Res. 0847-2025-JNE art. 2 (regla de cierre),5
010416,distrital,5,Res. 0847-2025-JNE art. 2 (regla de cierre),5
010417,distrital,5,Res. 0847-2025-JNE art. 2 (regla de cierre),5
010418,distrital,5,Res. 0847-2025-JNE art. 2 (regla de cierre),5
010419,distrital,5,Res. 0847-2025-JNE art. 2 (regla de cierre),5
010420,distrital,5,Res. 0847-2025-JNE art. 2 (regla de cierre),5
010421,distrital,5,Res. 0847-2025-JNE art. 2 (regla de cierre),5
010422,distrital,5,Res. 0847-2025-JNE art. 2 (regla de cierre),5
010423,distrital,5,Res. 0847-2025-JNE art. 2 (regla de cierre),5
010502,distrital,5,Res. 0847-2025-JNE art. 2 (regla de cierre),5
010503,distrital,5,Res. 0847-2025-JNE art. 2 (regla de cierre),5
010504,distrital,5,Res. 0847-2025-JNE art. 2 (regla de cierre),5
010505,distrital,5,Res. 0847-2025-JNE art. 2 (regla de cierre),5
010506,distrital,5,Res. 0847-2025-JNE art. 2 (regla de cierre),5
010507,distrital,5,Res. 0847-2025-JNE art. 2 (regla de cierre),5
010508,distrital,5,Res. 0847-2025-JNE art. 2 (regla de cierre),5
010509,distrital,5,Res. 0847-2025-JNE art. 2 (regla de cierre),5
010510,distrital,5,Res. 0847-2025-JNE art. 2 (regla de cierre),5
010511,distrital,5,Res. 0847-2025-JNE art. 2 (regla de cierre),5
010512,distrital,5,Res. 0847-2025-JNE art. 2 (regla de cierre),5
010602,distrital,5,Res. 0847-2025-JNE art. 2 (regla de cierre),5
010603,distrital,5,Res. 0847-2025-JNE art. 2 (regla de cierre),5
010702,distrital,5,Res. 0847-2025-JNE art. 2 (regla de cierre),5
010703,distrital,5,Res. 0847-2025-JNE art. 2 (regla de cierre),5
010704,distrital,5,Res. 0847-2025-JNE art. 2 (regla de cierre),5
010705,distrital,5,Res. 0847-2025-JNE art. 2 (regla de cierre),5
010706,distrital,5,Res. 0847-2025-JNE art. 2 (regla de cierre),5
010707,distrital,5,Res. 0847-2025-JNE art. 2 (regla de cierre),5
020102,distrital,9,Res. 0847-2025-JNE art. 1,9
020103,distrital,5,Res. 0847-2025-JNE art. 2 (regla de cierre),5
020104,distrital,5,Res. 0847-2025-JNE art. 2 (regla de cierre),5
020105,distrital,5,Res. 0847-2025-JNE art. 2 (regla de cierre),5
020106,distrital,5,Res. 0847-2025-JNE art. 2 (regla de cierre),5
020107,distrital,5,Res. 0847-2025-JNE art. 2 (regla de cierre),5
020108,distrital,5,Res. 0847-2025-JNE art. 2 (regla de cierre),5
020109,distrital,5,Res. 0847-2025-JNE art. 2 (regla de cierre),5
020110,distrital,5,Res. 0847-2025-JNE art. 2 (regla de cierre),5
020111,distrital,5,Res. 0847-2025-JNE art. 2 (regla de cierre),5
020112,distrital,5,Res. 0847-2025-JNE art. 2 (regla de cierre),5
020203,distrital,5,Res. 0847-2025-JNE art. 2 (regla de cierre),5
020205,distrital,5,Res. 0847-2025-JNE art. 2 (regla de cierre),5
020206,distrital,5,Res. 0847-2025-JNE art. 2 (regla de cierre),5
020208,distrital,5,Res. 0847-2025-JNE art. 2 (regla de cierre),5
020302,distrital,5,Res. 0847-2025-JNE art. 2 (regla de cierre),5
020304,distrital,5,Res. 0847-2025-JNE art. 2 (regla de cierre),5
020305,distrital,5,Res. 0847-2025-JNE art. 2 (regla de cierre),5
020310,distrital,5,Res. 0847-2025-JNE art. 2 (regla de cierre),5
020311,distrital,5,Res. 0847-2025-JNE art. 2 (regla de cierre),5
020313,distrital,5,Res. 0847-2025-JNE art. 2 (regla de cierre),5
020315,distrital,5,Res. 0847-2025-JNE art. 2 (regla de cierre),5
020317,distrital,5,Res. 0847-2025-JNE art. 2 (regla de cierre),5
020320,distrital,5,Res. 0847-2025-JNE art. 2 (regla de cierre),5
020321,distrital,5,Res. 0847-2025-JNE art. 2 (regla de cierre),5
020322,distrital,5,Res. 0847-2025-JNE art. 2 (regla de cierre),5
020323,distrital,5,Res. 0847-2025-JNE art. 2 (regla de cierre),5
020324,distrital,5,Res. 0847-2025-JNE art. 2 (regla de cierre),5
020325,distrital,5,Res. 0847-2025-JNE art. 2 (regla de cierre),5
020402,distrital,5,Res. 0847-2025-JNE art. 2 (regla de cierre),5
020403,distrital,5,Res. 0847-2025-JNE art. 2 (regla de cierre),5
020404,distrital,5,Res. 0847-2025-JNE art. 2 (regla de cierre),5
020405,distrital,5,Res. 0847-2025-JNE art. 2 (regla de cierre),5
020406,distrital,5,Res. 0847-2025-JNE art. 2 (regla de cierre),5
020407,distrital,5,Res. 0847-2025-JNE art. 2 (regla de cierre),5
020408,distrital,5,Res. 0847-2025-JNE art. 2 (regla de cierre),5
020409,distrital,5,Res. 0847-2025-JNE art. 2 (regla de cierre),5
020410,distrital,5,Res. 0847-2025-JNE art. 2 (regla de cierre),5
020411,distrital,5,Res. 0847-2025-JNE art. 2 (regla de cierre),5
020502,distrital,5,Res. 0847-2025-JNE art. 2 (regla de cierre),5
020503,distrital,5,Res. 0847-2025-JNE art. 2 (regla de cierre),5
020505,distrital,5,Res. 0847-2025-JNE art. 2 (regla de cierre),5
020602,distrital,5,Res. 0847-2025-JNE art. 2 (regla de cierre),5
020603,distrital,5,Res. 0847-2025-JNE art. 2 (regla de cierre),5
020604,distrital,5,Res. 0847-2025-JNE art. 2 (regla de cierre),5
020605,distrital,5,Res. 0847-2025-JNE art. 2 (regla de cierre),5
020606,distrital,5,Res. 0847-2025-JNE art. 2 (regla de cierre),5
020607,distrital,5,Res. 0847-2025-JNE art. 2 (regla de cierre),5
020702,distrital,5,Res. 0847-2025-JNE art. 2 (regla de cierre),5
020703,distrital,5,Res. 0847-2025-JNE art. 2 (regla de cierre),5
020704,distrital,5,Res. 0847-2025-JNE art. 2 (regla de cierre),5
020705,distrital,5,Res. 0847-2025-JNE art. 2 (regla de cierre),5
020706,distrital,5,Res. 0847-2025-JNE art. 2 (regla de cierre),5
020707,distrital,5,Res. 0847-2025-JNE art. 2 (regla de cierre),5
020708,distrital,5,Res. 0847-2025-JNE art. 2 (regla de cierre),5
020709,distrital,5,Res. 0847-2025-JNE art. 2 (regla de cierre),5
020710,distrital,5,Res. 0847-2025-JNE art. 2 (regla de cierre),5
020802,distrital,5,Res. 0847-2025-JNE art. 2 (regla de cierre),5
020803,distrital,5,Res. 0847-2025-JNE art. 2 (regla de cierre),5
020804,distrital,5,Res. 0847-2025-JNE art. 2 (regla de cierre),5
020805,distrital,5,Res. 0847-2025-JNE art. 2 (regla de cierre),5
020806,distrital,5,Res. 0847-2025-JNE art. 2 (regla de cierre),5
020807,distrital,5,Res. 0847-2025-JNE art. 2 (regla de cierre),5
020808,distrital,5,Res. 0847-2025-JNE art. 2 (regla de cierre),5
020809,distrital,5,Res. 0847-2025-JNE art. 2 (regla de cierre),5
020810,distrital,5,Res. 0847-2025-JNE art. 2 (regla de cierre),5
020811,distrital,5,Res. 0847-2025-JNE art. 2 (regla de cierre),5
020812,distrital,5,Res. 0847-2025-JNE art. 2 (regla de cierre),5
020813,distrital,5,Res. 0847-2025-JNE art. 2 (regla de cierre),5
020814,distrital,5,Res. 0847-2025-JNE art. 2 (regla de cierre),5
020815,distrital,5,Res. 0847-2025-JNE art. 2 (regla de cierre),5
020816,distrital,5,Res. 0847-2025-JNE art. 2 (regla de cierre),5
020902,distrital,5,Res. 0847-2025-JNE art. 2 (regla de cierre),5
020903,distrital,5,Res. 0847-2025-JNE art. 2 (regla de cierre),5
020904,distrital,5,Res. 0847-2025-JNE art. 2 (regla de cierre),5
020905,distrital,5,Res. 0847-2025-JNE art. 2 (regla de cierre),5
020906,distrital,5,Res. 0847-2025-JNE art. 2 (regla de cierre),5
020907,distrital,5,Res. 0847-2025-JNE art. 2 (regla de cierre),5
020908,distrital,5,Res. 0847-2025-JNE art. 2 (regla de cierre),5
021002,distrital,5,Res. 0847-2025-JNE art. 2 (regla de cierre),5
021003,distrital,5,Res. 0847-2025-JNE art. 2 (regla de cierre),5
021004,distrital,5,Res. 0847-2025-JNE art. 2 (regla de cierre),5
021005,distrital,5,Res. 0847-2025-JNE art. 2 (regla de cierre),5
021006,distrital,5,Res. 0847-2025-JNE art. 2 (regla de cierre),5
021007,distrital,5,Res. 0847-2025-JNE art. 2 (regla de cierre),5
021008,distrital,5,Res. 0847-2025-JNE art. 2 (regla de cierre),5
021009,distrital,5,Res. 0847-2025-JNE art. 2 (regla de cierre),5
021010,distrital,5,Res. 0847-2025-JNE art. 2 (regla de cierre),5
021011,distrital,5,Res. 0847-2025-JNE art. 2 (regla de cierre),5
021102,distrital,5,Res. 0847-2025-JNE art. 2 (regla de cierre),5
021103,distrital,5,Res. 0847-2025-JNE art. 2 (regla de cierre),5
021104,distrital,5,Res. 0847-2025-JNE art. 2 (regla de cierre),5
021202,distrital,5,Res. 0847-2025-JNE art. 2 (regla de cierre),5
021203,distrital,5,Res. 0847-2025-JNE art. 2 (regla de cierre),5
021204,distrital,5,Res. 0847-2025-JNE art. 2 (regla de cierre),5
021205,distrital,5,Res. 0847-2025-JNE art. 2 (regla de cierre),5
021206,distrital,5,Res. 0847-2025-JNE art. 2 (regla de cierre),5
021207,distrital,5,Res. 0847-2025-JNE art. 2 (regla de cierre),5
021208,distrital,5,Res. 0847-2025-JNE art. 2 (regla de cierre),5
021209,distrital,5,Res. 0847-2025-JNE art. 2 (regla de cierre),5
021210,distrital,5,Res. 0847-2025-JNE art. 2 (regla de cierre),5
021302,distrital,5,Res. 0847-2025-JNE art. 2 (regla de cierre),5
021303,distrital,5,Res. 0847-2025-JNE art. 2 (regla de cierre),5
021304,distrital,5,Res. 0847-2025-JNE art. 2 (regla de cierre),5
021305,distrital,5,Res. 0847-2025-JNE art. 2 (regla de cierre),5
021306,distrital,5,Res. 0847-2025-JNE art. 2 (regla de cierre),5
021307,distrital,5,Res. 0847-2025-JNE art. 2 (regla de cierre),5
021308,distrital,5,Res. 0847-2025-JNE art. 2 (regla de cierre),5
021309,distrital,11,Res. 0847-2025-JNE art. 1,11
021402,distrital,5,Res. 0847-2025-JNE art. 2 (regla de cierre),5
021403,distrital,5,Res. 0847-2025-JNE art. 2 (regla de cierre),5
021404,distrital,5,Res. 0847-2025-JNE art. 2 (regla de cierre),5
021405,distrital,5,Res. 0847-2025-JNE art. 2 (regla de cierre),5
021406,distrital,5,Res. 0847-2025-JNE art. 2 (regla de cierre),5
021407,distrital,5,Res. 0847-2025-JNE art. 2 (regla de cierre),5
021408,distrital,5,Res. 0847-2025-JNE art. 2 (regla de cierre),5
021409,distrital,5,Res. 0847-2025-JNE art. 2 (regla de cierre),5
021410,distrital,5,Res. 0847-2025-JNE art. 2 (regla de cierre),5
021502,distrital,5,Res. 0847-2025-JNE art. 2 (regla de cierre),5
021503,distrital,5,Res. 0847-2025-JNE art. 2 (regla de cierre),5
021504,distrital,5,Res. 0847-2025-JNE art. 2 (regla de cierre),5
021505,distrital,5,Res. 0847-2025-JNE art. 2 (regla de cierre),5
021506,distrital,5,Res. 0847-2025-JNE art. 2 (regla de cierre),5
021507,distrital,5,Res. 0847-2025-JNE art. 2 (regla de cierre),5
021508,distrital,5,Res. 0847-2025-JNE art. 2 (regla de cierre),5
021602,distrital,5,Res. 0847-2025-JNE art. 2 (regla de cierre),5
021603,distrital,5,Res. 0847-2025-JNE art. 2 (regla de cierre),5
021604,distrital,5,Res. 0847-2025-JNE art. 2 (regla de cierre),5
021605,distrital,5,Res. 0847-2025-JNE art. 2 (regla de cierre),5
021606,distrital,5,Res. 0847-2025-JNE art. 2 (regla de cierre),5
021702,distrital,5,Res. 0847-2025-JNE art. 2 (regla de cierre),5
021703,distrital,5,Res. 0847-2025-JNE art. 2 (regla de cierre),5
021802,distrital,5,Res. 0847-2025-JNE art. 2 (regla de cierre),5
021902,distrital,5,Res. 0847-2025-JNE art. 2 (regla de cierre),5
021903,distrital,5,Res. 0847-2025-JNE art. 2 (regla de cierre),5
021904,distrital,5,Res. 0847-2025-JNE art. 2 (regla de cierre),5
021905,distrital,5,Res. 0847-2025-JNE art. 2 (regla de cierre),5
022001,distrital,5,Res. 0847-2025-JNE art. 2 (regla de cierre),5
022002,distrital,5,Res. 0847-2025-JNE art. 2 (regla de cierre),5
022003,distrital,5,Res. 0847-2025-JNE art. 2 (regla de cierre),5
022004,distrital,5,Res. 0847-2025-JNE art. 2 (regla de cierre),5
022005,distrital,5,Res. 0847-2025-JNE art. 2 (regla de cierre),5
022006,distrital,5,Res. 0847-2025-JNE art. 2 (regla de cierre),5
022008,distrital,5,Res. 0847-2025-JNE art. 2 (regla de cierre),5
022009,distrital,5,Res. 0847-2025-JNE art. 2 (regla de cierre),5
022010,distrital,5,Res. 0847-2025-JNE art. 2 (regla de cierre),5
030102,distrital,5,Res. 0847-2025-JNE art. 2 (regla de cierre),5
030103,distrital,5,Res. 0847-2025-JNE art. 2 (regla de cierre),5
030104,distrital,5,Res. 0847-2025-JNE art. 2 (regla de cierre),5
030105,distrital,5,Res. 0847-2025-JNE art. 2 (regla de cierre),5
030106,distrital,5,Res. 0847-2025-JNE art. 2 (regla de cierre),5
030107,distrital,5,Res. 0847-2025-JNE art. 2 (regla de cierre),5
030108,distrital,5,Res. 0847-2025-JNE art. 2 (regla de cierre),5
030109,distrital,5,Res. 0847-2025-JNE art. 2 (regla de cierre),5
030202,distrital,5,Res. 0847-2025-JNE art. 2 (regla de cierre),5
030203,distrital,5,Res. 0847-2025-JNE art. 2 (regla de cierre),5
030204,distrital,5,Res. 0847-2025-JNE art. 2 (regla de cierre),5
030205,distrital,5,Res. 0847-2025-JNE art. 2 (regla de cierre),5
030206,distrital,5,Res. 0847-2025-JNE art. 2 (regla de cierre),5
030207,distrital,5,Res. 0847-2025-JNE art. 2 (regla de cierre),5
030208,distrital,5,Res. 0847-2025-JNE art. 2 (regla de cierre),5
030209,distrital,5,Res. 0847-2025-JNE art. 2 (regla de cierre),5
030210,distrital,5,Res. 0847-2025-JNE art. 2 (regla de cierre),5
030211,distrital,5,Res. 0847-2025-JNE art. 2 (regla de cierre),5
030212,distrital,5,Res. 0847-2025-JNE art. 2 (regla de cierre),5
030213,distrital,5,Res. 0847-2025-JNE art. 2 (regla de cierre),5
030214,distrital,5,Res. 0847-2025-JNE art. 2 (regla de cierre),5
030215,distrital,5,Res. 0847-2025-JNE art. 2 (regla de cierre),5
030216,distrital,5,Res. 0847-2025-JNE art. 2 (regla de cierre),5
030217,distrital,5,Res. 0847-2025-JNE art. 2 (regla de cierre),5
030302,distrital,5,Res. 0847-2025-JNE art. 2 (regla de cierre),5
030303,distrital,5,Res. 0847-2025-JNE art. 2 (regla de cierre),5
030304,distrital,5,Res. 0847-2025-JNE art. 2 (regla de cierre),5
030305,distrital,5,Res. 0847-2025-JNE art. 2 (regla de cierre),5
030306,distrital,5,Res. 0847-2025-JNE art. 2 (regla de cierre),5
030307,distrital,5,Res. 0847-2025-JNE art. 2 (regla de cierre),5
030308,distrital,5,Res. 0847-2025-JNE art. 2 (regla de cierre),5
030309,distrital,5,Res. 0847-2025-JNE art. 2 (regla de cierre),5
030310,distrital,5,Res. 0847-2025-JNE art. 2 (regla de cierre),5
030311,distrital,5,Res. 0847-2025-JNE art. 2 (regla de cierre),5
030312,distrital,5,Res. 0847-2025-JNE art. 2 (regla de cierre),5
030313,distrital,5,Res. 0847-2025-JNE art. 2 (regla de cierre),5
030314,distrital,5,Res. 0847-2025-JNE art. 2 (regla de cierre),5
030315,distrital,5,Res. 0847-2025-JNE art. 2 (regla de cierre),5
030316,distrital,5,Res. 0847-2025-JNE art. 2 (regla de cierre),5
030317,distrital,5,Res. 0847-2025-JNE art. 2 (regla de cierre),5
030318,distrital,5,Res. 0847-2025-JNE art. 2 (regla de cierre),5
030319,distrital,5,Res. 0847-2025-JNE art. 2 (regla de cierre),5
030320,distrital,5,Res. 0847-2025-JNE art. 2 (regla de cierre),5
030402,distrital,5,Res. 0847-2025-JNE art. 2 (regla de cierre),5
030403,distrital,5,Res. 0847-2025-JNE art. 2 (regla de cierre),5
030404,distrital,5,Res. 0847-2025-JNE art. 2 (regla de cierre),5
030405,distrital,5,Res. 0847-2025-JNE art. 2 (regla de cierre),5
030406,distrital,5,Res. 0847-2025-JNE art. 2 (regla de cierre),5
030407,distrital,5,Res. 0847-2025-JNE art. 2 (regla de cierre),5
030502,distrital,5,Res. 0847-2025-JNE art. 2 (regla de cierre),5
030503,distrital,5,Res. 0847-2025-JNE art. 2 (regla de cierre),5
030504,distrital,5,Res. 0847-2025-JNE art. 2 (regla de cierre),5
030505,distrital,5,Res. 0847-2025-JNE art. 2 (regla de cierre),5
030506,distrital,5,Res. 0847-2025-JNE art. 2 (regla de cierre),5
030602,distrital,5,Res. 0847-2025-JNE art. 2 (regla de cierre),5
030603,distrital,5,Res. 0847-2025-JNE art. 2 (regla de cierre),5
030604,distrital,5,Res. 0847-2025-JNE art. 2 (regla de cierre),5
030605,distrital,5,Res. 0847-2025-JNE art. 2 (regla de cierre),5
030606,distrital,5,Res. 0847-2025-JNE art. 2 (regla de cierre),5
030607,distrital,5,Res. 0847-2025-JNE art. 2 (regla de cierre),5
030608,distrital,5,Res. 0847-2025-JNE art. 2 (regla de cierre),5
030609,distrital,5,Res. 0847-2025-JNE art. 2 (regla de cierre),5
030610,distrital,5,Res. 0847-2025-JNE art. 2 (regla de cierre),5
030611,distrital,5,Res. 0847-2025-JNE art. 2 (regla de cierre),5
030612,distrital,5,Res. 0847-2025-JNE art. 2 (regla de cierre),5
030613,distrital,5,Res. 0847-2025-JNE art. 2 (regla de cierre),5
030614,distrital,5,Res. 0847-2025-JNE art. 2 (regla de cierre),5
030702,distrital,5,Res. 0847-2025-JNE art. 2 (regla de cierre),5
030703,distrital,5,Res. 0847-2025-JNE art. 2 (regla de cierre),5
030704,distrital,5,Res. 0847-2025-JNE art. 2 (regla de cierre),5
030705,distrital,5,Res. 0847-2025-JNE art. 2 (regla de cierre),5
030706,distrital,5,Res. 0847-2025-JNE art. 2 (regla de cierre),5
030707,distrital,5,Res. 0847-2025-JNE art. 2 (regla de cierre),5
030708,distrital,5,Res. 0847-2025-JNE art. 2 (regla de cierre),5
030709,distrital,5,Res. 0847-2025-JNE art. 2 (regla de cierre),5
030710,distrital,5,Res. 0847-2025-JNE art. 2 (regla de cierre),5
030711,distrital,5,Res. 0847-2025-JNE art. 2 (regla de cierre),5
030712,distrital,5,Res. 0847-2025-JNE art. 2 (regla de cierre),5
040102,distrital,11,Res. 0847-2025-JNE art. 1,11
040103,distrital,11,Res. 0847-2025-JNE art. 1,11
040104,distrital,5,Res. 0847-2025-JNE art. 2 (regla de cierre),5
040105,distrital,5,Res. 0847-2025-JNE art. 2 (regla de cierre),5
040106,distrital,7,Res. 0847-2025-JNE art. 1,7
040107,distrital,9,Res. 0847-2025-JNE art. 1,9
040108,distrital,5,Res. 0847-2025-JNE art. 2 (regla de cierre),5
040109,distrital,11,Res. 0847-2025-JNE art. 1,11
040110,distrital,5,Res. 0847-2025-JNE art. 2 (regla de cierre),5
040111,distrital,5,Res. 0847-2025-JNE art. 2 (regla de cierre),5
040112,distrital,5,Res. 0847-2025-JNE art. 2 (regla de cierre),5
040113,distrital,5,Res. 0847-2025-JNE art. 2 (regla de cierre),5
040114,distrital,7,Res. 0847-2025-JNE art. 1,7
040115,distrital,5,Res. 0847-2025-JNE art. 2 (regla de cierre),5
040116,distrital,5,Res. 0847-2025-JNE art. 2 (regla de cierre),5
040117,distrital,5,Res. 0847-2025-JNE art. 2 (regla de cierre),5
040118,distrital,5,Res. 0847-2025-JNE art. 2 (regla de cierre),5
040119,distrital,9,Res. 0847-2025-JNE art. 1,9
040120,distrital,5,Res. 0847-2025-JNE art. 2 (regla de cierre),5
040121,distrital,5,Res. 0847-2025-JNE art. 2 (regla de cierre),5
040122,distrital,5,Res. 0847-2025-JNE art. 2 (regla de cierre),5
040123,distrital,7,Res. 0847-2025-JNE art. 1,7
040124,distrital,5,Res. 0847-2025-JNE art. 2 (regla de cierre),5
040125,distrital,7,Res. 0847-2025-JNE art. 1,7
040126,distrital,9,Res. 0847-2025-JNE art. 1,9
040127,distrital,9,Res. 0847-2025-JNE art. 1,9
040128,distrital,9,Res. 0847-2025-JNE art. 1,9
040129,distrital,9,Res. 0847-2025-JNE art. 1,9
040202,distrital,5,Res. 0847-2025-JNE art. 2 (regla de cierre),5
040203,distrital,5,Res. 0847-2025-JNE art. 2 (regla de cierre),5
040204,distrital,5,Res. 0847-2025-JNE art. 2 (regla de cierre),5
040205,distrital,5,Res. 0847-2025-JNE art. 2 (regla de cierre),5
040206,distrital,5,Res. 0847-2025-JNE art. 2 (regla de cierre),5
040207,distrital,5,Res. 0847-2025-JNE art. 2 (regla de cierre),5
040208,distrital,5,Res. 0847-2025-JNE art. 2 (regla de cierre),5
040209,distrital,5,Res. 0847-2025-JNE art. 2 (regla de cierre),5
040210,distrital,5,Res. 0847-2025-JNE art. 2 (regla de cierre),5
040211,distrital,5,Res. 0847-2025-JNE art. 2 (regla de cierre),5
040212,distrital,5,Res. 0847-2025-JNE art. 2 (regla de cierre),5
040213,distrital,5,Res. 0847-2025-JNE art. 2 (regla de cierre),5
040214,distrital,5,Res. 0847-2025-JNE art. 2 (regla de cierre),5
040215,distrital,5,Res. 0847-2025-JNE art. 2 (regla de cierre),5
040216,distrital,5,Res. 0847-2025-JNE art. 2 (regla de cierre),5
040217,distrital,5,Res. 0847-2025-JNE art. 2 (regla de cierre),5
040218,distrital,5,Res. 0847-2025-JNE art. 2 (regla de cierre),5
040219,distrital,5,Res. 0847-2025-JNE art. 2 (regla de cierre),5
040220,distrital,9,Res. 0847-2025-JNE art. 1,9
040302,distrital,5,Res. 0847-2025-JNE art. 2 (regla de cierre),5
040303,distrital,5,Res. 0847-2025-JNE art. 2 (regla de cierre),5
040304,distrital,5,Res. 0847-2025-JNE art. 2 (regla de cierre),5
040305,distrital,5,Res. 0847-2025-JNE art. 2 (regla de cierre),5
040306,distrital,5,Res. 0847-2025-JNE art. 2 (regla de cierre),5
040307,distrital,5,Res. 0847-2025-JNE art. 2 (regla de cierre),5
040308,distrital,5,Res. 0847-2025-JNE art. 2 (regla de cierre),5
040402,distrital,5,Res. 0847-2025-JNE art. 2 (regla de cierre),5
040403,distrital,5,Res. 0847-2025-JNE art. 2 (regla de cierre),5
040404,distrital,5,Res. 0847-2025-JNE art. 2 (regla de cierre),5
040405,distrital,5,Res. 0847-2025-JNE art. 2 (regla de cierre),5
040406,distrital,5,Res. 0847-2025-JNE art. 2 (regla de cierre),5
040407,distrital,5,Res. 0847-2025-JNE art. 2 (regla de cierre),5
040408,distrital,5,Res. 0847-2025-JNE art. 2 (regla de cierre),5
040409,distrital,5,Res. 0847-2025-JNE art. 2 (regla de cierre),5
040410,distrital,5,Res. 0847-2025-JNE art. 2 (regla de cierre),5
040411,distrital,5,Res. 0847-2025-JNE art. 2 (regla de cierre),5
040412,distrital,5,Res. 0847-2025-JNE art. 2 (regla de cierre),5
040413,distrital,5,Res. 0847-2025-JNE art. 2 (regla de cierre),5
040502,distrital,5,Res. 0847-2025-JNE art. 2 (regla de cierre),5
040503,distrital,5,Res. 0847-2025-JNE art. 2 (regla de cierre),5
040504,distrital,5,Res. 0847-2025-JNE art. 2 (regla de cierre),5
040505,distrital,5,Res. 0847-2025-JNE art. 2 (regla de cierre),5
040506,distrital,5,Res. 0847-2025-JNE art. 2 (regla de cierre),5
040507,distrital,5,Res. 0847-2025-JNE art. 2 (regla de cierre),5
040508,distrital,5,Res. 0847-2025-JNE art. 2 (regla de cierre),5
040509,distrital,5,Res. 0847-2025-JNE art. 2 (regla de cierre),5
040510,distrital,5,Res. 0847-2025-JNE art. 2 (regla de cierre),5
040511,distrital,5,Res. 0847-2025-JNE art. 2 (regla de cierre),5
040512,distrital,5,Res. 0847-2025-JNE art. 2 (regla de cierre),5
040513,distrital,5,Res. 0847-2025-JNE art. 2 (regla de cierre),5
040514,distrital,5,Res. 0847-2025-JNE art. 2 (regla de cierre),5
040602,distrital,5,Res. 0847-2025-JNE art. 2 (regla de cierre),5
040603,distrital,5,Res. 0847-2025-JNE art. 2 (regla de cierre),5
040604,distrital,5,Res. 0847-2025-JNE art. 2 (regla de cierre),5
040605,distrital,5,Res. 0847-2025-JNE art. 2 (regla de cierre),5
040606,distrital,5,Res. 0847-2025-JNE art. 2 (regla de cierre),5
040607,distrital,5,Res. 0847-2025-JNE art. 2 (regla de cierre),5
040608,distrital,5,Res. 0847-2025-JNE art. 2 (regla de cierre),5
040702,distrital,5,Res. 0847-2025-JNE art. 2 (regla de cierre),5
040703,distrital,5,Res. 0847-2025-JNE art. 2 (regla de cierre),5
040704,distrital,5,Res. 0847-2025-JNE art. 2 (regla de cierre),5
040705,distrital,5,Res. 0847-2025-JNE art. 2 (regla de cierre),5
040706,distrital,5,Res. 0847-2025-JNE art. 2 (regla de cierre),5
040802,distrital,5,Res. 0847-2025-JNE art. 2 (regla de cierre),5
040803,distrital,5,Res. 0847-2025-JNE art. 2 (regla de cierre),5
040804,distrital,5,Res. 0847-2025-JNE art. 2 (regla de cierre),5
040805,distrital,5,Res. 0847-2025-JNE art. 2 (regla de cierre),5
040806,distrital,5,Res. 0847-2025-JNE art. 2 (regla de cierre),5
040807,distrital,5,Res. 0847-2025-JNE art. 2 (regla de cierre),5
040808,distrital,5,Res. 0847-2025-JNE art. 2 (regla de cierre),5
040809,distrital,5,Res. 0847-2025-JNE art. 2 (regla de cierre),5
040810,distrital,5,Res. 0847-2025-JNE art. 2 (regla de cierre),5
040811,distrital,5,Res. 0847-2025-JNE art. 2 (regla de cierre),5
050102,distrital,5,Res. 0847-2025-JNE art. 2 (regla de cierre),5
050103,distrital,7,Res. 0847-2025-JNE art. 1,7
050104,distrital,5,Res. 0847-2025-JNE art. 2 (regla de cierre),5
050105,distrital,5,Res. 0847-2025-JNE art. 2 (regla de cierre),5
050106,distrital,5,Res. 0847-2025-JNE art. 2 (regla de cierre),5
050107,distrital,9,Res. 0847-2025-JNE art. 1,9
050108,distrital,5,Res. 0847-2025-JNE art. 2 (regla de cierre),5
050109,distrital,5,Res. 0847-2025-JNE art. 2 (regla de cierre),5
050110,distrital,5,Res. 0847-2025-JNE art. 2 (regla de cierre),5
050111,distrital,5,Res. 0847-2025-JNE art. 2 (regla de cierre),5
050112,distrital,5,Res. 0847-2025-JNE art. 2 (regla de cierre),5
050113,distrital,5,Res. 0847-2025-JNE art. 2 (regla de cierre),5
050114,distrital,5,Res. 0847-2025-JNE art. 2 (regla de cierre),5
050115,distrital,5,Res. 0847-2025-JNE art. 2 (regla de cierre),5
050116,distrital,7,Res. 0847-2025-JNE art. 1,7
050204,distrital,5,Res. 0847-2025-JNE art. 2 (regla de cierre),5
050206,distrital,5,Res. 0847-2025-JNE art. 2 (regla de cierre),5
050207,distrital,5,Res. 0847-2025-JNE art. 2 (regla de cierre),5
050208,distrital,5,Res. 0847-2025-JNE art. 2 (regla de cierre),5
050211,distrital,5,Res. 0847-2025-JNE art. 2 (regla de cierre),5
050302,distrital,5,Res. 0847-2025-JNE art. 2 (regla de cierre),5
050303,distrital,5,Res. 0847-2025-JNE art. 2 (regla de cierre),5
050304,distrital,5,Res. 0847-2025-JNE art. 2 (regla de cierre),5
050305,distrital,5,Res. 0847-2025-JNE art. 2 (regla de cierre),5
050307,distrital,5,Res. 0847-2025-JNE art. 2 (regla de cierre),5
050308,distrital,5,Res. 0847-2025-JNE art. 2 (regla de cierre),5
050309,distrital,5,Res. 0847-2025-JNE art. 2 (regla de cierre),5
050310,distrital,5,Res. 0847-2025-JNE art. 2 (regla de cierre),5
050311,distrital,5,Res. 0847-2025-JNE art. 2 (regla de cierre),5
050312,distrital,5,Res. 0847-2025-JNE art. 2 (regla de cierre),5
050313,distrital,5,Res. 0847-2025-JNE art. 2 (regla de cierre),5
050314,distrital,5,Res. 0847-2025-JNE art. 2 (regla de cierre),5
050402,distrital,5,Res. 0847-2025-JNE art. 2 (regla de cierre),5
050403,distrital,5,Res. 0847-2025-JNE art. 2 (regla de cierre),5
050404,distrital,5,Res. 0847-2025-JNE art. 2 (regla de cierre),5
050405,distrital,5,Res. 0847-2025-JNE art. 2 (regla de cierre),5
050406,distrital,5,Res. 0847-2025-JNE art. 2 (regla de cierre),5
050407,distrital,5,Res. 0847-2025-JNE art. 2 (regla de cierre),5
050408,distrital,5,Res. 0847-2025-JNE art. 2 (regla de cierre),5
050409,distrital,5,Res. 0847-2025-JNE art. 2 (regla de cierre),5
050410,distrital,5,Res. 0847-2025-JNE art. 2 (regla de cierre),5
050411,distrital,5,Res. 0847-2025-JNE art. 2 (regla de cierre),5
050412,distrital,5,Res. 0847-2025-JNE art. 2 (regla de cierre),5
050413,distrital,5,Res. 0847-2025-JNE art. 2 (regla de cierre),5
050414,distrital,5,Res. 0847-2025-JNE art. 2 (regla de cierre),5
050415,distrital,5,Res. 0847-2025-JNE art. 2 (regla de cierre),5
050502,distrital,5,Res. 0847-2025-JNE art. 2 (regla de cierre),5
050503,distrital,5,Res. 0847-2025-JNE art. 2 (regla de cierre),5
050504,distrital,5,Res. 0847-2025-JNE art. 2 (regla de cierre),5
050506,distrital,5,Res. 0847-2025-JNE art. 2 (regla de cierre),5
050508,distrital,5,Res. 0847-2025-JNE art. 2 (regla de cierre),5
050510,distrital,5,Res. 0847-2025-JNE art. 2 (regla de cierre),5
050511,distrital,5,Res. 0847-2025-JNE art. 2 (regla de cierre),5
050512,distrital,5,Res. 0847-2025-JNE art. 2 (regla de cierre),5
050513,distrital,5,Res. 0847-2025-JNE art. 2 (regla de cierre),5
050514,distrital,5,Res. 0847-2025-JNE art. 2 (regla de cierre),5
050516,distrital,5,Res. 0847-2025-JNE art. 2 (regla de cierre),5
050517,distrital,5,Res. 0847-2025-JNE art. 2 (regla de cierre),5
050520,distrital,5,Res. 0847-2025-JNE art. 2 (regla de cierre),5
050521,distrital,5,Res. 0847-2025-JNE art. 2 (regla de cierre),5
050522,distrital,5,Res. 0847-2025-JNE art. 2 (regla de cierre),5
050524,distrital,5,Res. 0847-2025-JNE art. 2 (regla de cierre),5
050525,distrital,5,Res. 0847-2025-JNE art. 2 (regla de cierre),5
050529,distrital,5,Res. 0847-2025-JNE art. 2 (regla de cierre),5
050531,distrital,5,Res. 0847-2025-JNE art. 2 (regla de cierre),5
050532,distrital,5,Res. 0847-2025-JNE art. 2 (regla de cierre),5
050604,distrital,5,Res. 0847-2025-JNE art. 2 (regla de cierre),5
050605,distrital,5,Res. 0847-2025-JNE art. 2 (regla de cierre),5
050608,distrital,5,Res. 0847-2025-JNE art. 2 (regla de cierre),5
050611,distrital,5,Res. 0847-2025-JNE art. 2 (regla de cierre),5
050612,distrital,5,Res. 0847-2025-JNE art. 2 (regla de cierre),5
050615,distrital,5,Res. 0847-2025-JNE art. 2 (regla de cierre),5
050616,distrital,5,Res. 0847-2025-JNE art. 2 (regla de cierre),5
050702,distrital,5,Res. 0847-2025-JNE art. 2 (regla de cierre),5
050703,distrital,5,Res. 0847-2025-JNE art. 2 (regla de cierre),5
050704,distrital,5,Res. 0847-2025-JNE art. 2 (regla de cierre),5
050706,distrital,5,Res. 0847-2025-JNE art. 2 (regla de cierre),5
050707,distrital,5,Res. 0847-2025-JNE art. 2 (regla de cierre),5
050708,distrital,5,Res. 0847-2025-JNE art. 2 (regla de cierre),5
050709,distrital,5,Res. 0847-2025-JNE art. 2 (regla de cierre),5
050710,distrital,5,Res. 0847-2025-JNE art. 2 (regla de cierre),5
050713,distrital,5,Res. 0847-2025-JNE art. 2 (regla de cierre),5
050714,distrital,5,Res. 0847-2025-JNE art. 2 (regla de cierre),5
050715,distrital,5,Res. 0847-2025-JNE art. 2 (regla de cierre),5
050802,distrital,5,Res. 0847-2025-JNE art. 2 (regla de cierre),5
050803,distrital,5,Res. 0847-2025-JNE art. 2 (regla de cierre),5
050804,distrital,5,Res. 0847-2025-JNE art. 2 (regla de cierre),5
050902,distrital,5,Res. 0847-2025-JNE art. 2 (regla de cierre),5
050903,distrital,5,Res. 0847-2025-JNE art. 2 (regla de cierre),5
050904,distrital,5,Res. 0847-2025-JNE art. 2 (regla de cierre),5
050905,distrital,5,Res. 0847-2025-JNE art. 2 (regla de cierre),5
050906,distrital,5,Res. 0847-2025-JNE art. 2 (regla de cierre),5
050907,distrital,5,Res. 0847-2025-JNE art. 2 (regla de cierre),5
050908,distrital,5,Res. 0847-2025-JNE art. 2 (regla de cierre),5
051002,distrital,5,Res. 0847-2025-JNE art. 2 (regla de cierre),5
051003,distrital,5,Res. 0847-2025-JNE art. 2 (regla de cierre),5
051004,distrital,5,Res. 0847-2025-JNE art. 2 (regla de cierre),5
051005,distrital,5,Res. 0847-2025-JNE art. 2 (regla de cierre),5
051006,distrital,5,Res. 0847-2025-JNE art. 2 (regla de cierre),5
051007,distrital,5,Res. 0847-2025-JNE art. 2 (regla de cierre),5
051008,distrital,5,Res. 0847-2025-JNE art. 2 (regla de cierre),5
051009,distrital,5,Res. 0847-2025-JNE art. 2 (regla de cierre),5
051010,distrital,5,Res. 0847-2025-JNE art. 2 (regla de cierre),5
051102,distrital,5,Res. 0847-2025-JNE art. 2 (regla de cierre),5
051103,distrital,5,Res. 0847-2025-JNE art. 2 (regla de cierre),5
051104,distrital,5,Res. 0847-2025-JNE art. 2 (regla de cierre),5
051105,distrital,5,Res. 0847-2025-JNE art. 2 (regla de cierre),5
051106,distrital,5,Res. 0847-2025-JNE art. 2 (regla de cierre),5
051107,distrital,5,Res. 0847-2025-JNE art. 2 (regla de cierre),5
051108,distrital,5,Res. 0847-2025-JNE art. 2 (regla de cierre),5
051109,distrital,5,Res. 0847-2025-JNE art. 2 (regla de cierre),5
051110,distrital,5,Res. 0847-2025-JNE art. 2 (regla de cierre),5
051111,distrital,5,Res. 0847-2025-JNE art. 2 (regla de cierre),5
060102,distrital,5,Res. 0847-2025-JNE art. 2 (regla de cierre),5
060103,distrital,5,Res. 0847-2025-JNE art. 2 (regla de cierre),5
060104,distrital,5,Res. 0847-2025-JNE art. 2 (regla de cierre),5
060105,distrital,5,Res. 0847-2025-JNE art. 2 (regla de cierre),5
060106,distrital,5,Res. 0847-2025-JNE art. 2 (regla de cierre),5
060107,distrital,9,Res. 0847-2025-JNE art. 1,9
060108,distrital,5,Res. 0847-2025-JNE art. 2 (regla de cierre),5
060109,distrital,5,Res. 0847-2025-JNE art. 2 (regla de cierre),5
060110,distrital,5,Res. 0847-2025-JNE art. 2 (regla de cierre),5
060111,distrital,5,Res. 0847-2025-JNE art. 2 (regla de cierre),5
060112,distrital,5,Res. 0847-2025-JNE art. 2 (regla de cierre),5
060202,distrital,7,Res. 0847-2025-JNE art. 1,7
060203,distrital,5,Res. 0847-2025-JNE art. 2 (regla de cierre),5
060205,distrital,5,Res. 0847-2025-JNE art. 2 (regla de cierre),5
060302,distrital,5,Res. 0847-2025-JNE art. 2 (regla de cierre),5
060303,distrital,5,Res. 0847-2025-JNE art. 2 (regla de cierre),5
060304,distrital,5,Res. 0847-2025-JNE art. 2 (regla de cierre),5
060305,distrital,5,Res. 0847-2025-JNE art. 2 (regla de cierre),5
060306,distrital,5,Res. 0847-2025-JNE art. 2 (regla de cierre),5
060307,distrital,5,Res. 0847-2025-JNE art. 2 (regla de cierre),5
060308,distrital,5,Res. 0847-2025-JNE art. 2 (regla de cierre),5
060309,distrital,5,Res. 0847-2025-JNE art. 2 (regla de cierre),5
060310,distrital,5,Res. 0847-2025-JNE art. 2 (regla de cierre),5
060311,distrital,5,Res. 0847-2025-JNE art. 2 (regla de cierre),5
060312,distrital,5,Res. 0847-2025-JNE art. 2 (regla de cierre),5
060403,distrital,5,Res. 0847-2025-JNE art. 2 (regla de cierre),5
060404,distrital,5,Res. 0847-2025-JNE art. 2 (regla de cierre),5
060405,distrital,5,Res. 0847-2025-JNE art. 2 (regla de cierre),5
060406,distrital,5,Res. 0847-2025-JNE art. 2 (regla de cierre),5
060407,distrital,5,Res. 0847-2025-JNE art. 2 (regla de cierre),5
060408,distrital,5,Res. 0847-2025-JNE art. 2 (regla de cierre),5
060409,distrital,5,Res. 0847-2025-JNE art. 2 (regla de cierre),5
060502,distrital,5,Res. 0847-2025-JNE art. 2 (regla de cierre),5
060503,distrital,5,Res. 0847-2025-JNE art. 2 (regla de cierre),5
060504,distrital,5,Res. 0847-2025-JNE art. 2 (regla de cierre),5
060505,distrital,5,Res. 0847-2025-JNE art. 2 (regla de cierre),5
060506,distrital,5,Res. 0847-2025-JNE art. 2 (regla de cierre),5
060507,distrital,5,Res. 0847-2025-JNE art. 2 (regla de cierre),5
060508,distrital,5,Res. 0847-2025-JNE art. 2 (regla de cierre),5
060509,distrital,5,Res. 0847-2025-JNE art. 2 (regla de cierre),5
060510,distrital,5,Res. 0847-2025-JNE art. 2 (regla de cierre),5
060511,distrital,5,Res. 0847-2025-JNE art. 2 (regla de cierre),5
060512,distrital,5,Res. 0847-2025-JNE art. 2 (regla de cierre),5
060513,distrital,5,Res. 0847-2025-JNE art. 2 (regla de cierre),5
060514,distrital,5,Res. 0847-2025-JNE art. 2 (regla de cierre),5
060515,distrital,5,Res. 0847-2025-JNE art. 2 (regla de cierre),5
060602,distrital,5,Res. 0847-2025-JNE art. 2 (regla de cierre),5
060603,distrital,5,Res. 0847-2025-JNE art. 2 (regla de cierre),5
060604,distrital,5,Res. 0847-2025-JNE art. 2 (regla de cierre),5
060605,distrital,5,Res. 0847-2025-JNE art. 2 (regla de cierre),5
060606,distrital,5,Res. 0847-2025-JNE art. 2 (regla de cierre),5
060607,distrital,5,Res. 0847-2025-JNE art. 2 (regla de cierre),5
060608,distrital,5,Res. 0847-2025-JNE art. 2 (regla de cierre),5
060609,distrital,5,Res. 0847-2025-JNE art. 2 (regla de cierre),5
060610,distrital,5,Res. 0847-2025-JNE art. 2 (regla de cierre),5
060611,distrital,5,Res. 0847-2025-JNE art. 2 (regla de cierre),5
060612,distrital,5,Res. 0847-2025-JNE art. 2 (regla de cierre),5
060613,distrital,5,Res. 0847-2025-JNE art. 2 (regla de cierre),5
060614,distrital,5,Res. 0847-2025-JNE art. 2 (regla de cierre),5
060615,distrital,5,Res. 0847-2025-JNE art. 2 (regla de cierre),5
060616,distrital,5,Res. 0847-2025-JNE art. 2 (regla de cierre),5
060617,distrital,5,Res. 0847-2025-JNE art. 2 (regla de cierre),5
060618,distrital,5,Res. 0847-2025-JNE art. 2 (regla de cierre),5
060619,distrital,5,Res. 0847-2025-JNE art. 2 (regla de cierre),5
060702,distrital,5,Res. 0847-2025-JNE art. 2 (regla de cierre),5
060703,distrital,5,Res. 0847-2025-JNE art. 2 (regla de cierre),5
060802,distrital,5,Res. 0847-2025-JNE art. 2 (regla de cierre),5
060803,distrital,5,Res. 0847-2025-JNE art. 2 (regla de cierre),5
060804,distrital,5,Res. 0847-2025-JNE art. 2 (regla de cierre),5
060805,distrital,5,Res. 0847-2025-JNE art. 2 (regla de cierre),5
060806,distrital,5,Res. 0847-2025-JNE art. 2 (regla de cierre),5
060807,distrital,5,Res. 0847-2025-JNE art. 2 (regla de cierre),5
060808,distrital,5,Res. 0847-2025-JNE art. 2 (regla de cierre),5
060809,distrital,5,Res. 0847-2025-JNE art. 2 (regla de cierre),5
060810,distrital,5,Res. 0847-2025-JNE art. 2 (regla de cierre),5
060811,distrital,5,Res. 0847-2025-JNE art. 2 (regla de cierre),5
060812,distrital,5,Res. 0847-2025-JNE art. 2 (regla de cierre),5
060902,distrital,5,Res. 0847-2025-JNE art. 2 (regla de cierre),5
060903,distrital,5,Res. 0847-2025-JNE art. 2 (regla de cierre),5
060904,distrital,5,Res. 0847-2025-JNE art. 2 (regla de cierre),5
060905,distrital,5,Res. 0847-2025-JNE art. 2 (regla de cierre),5
060906,distrital,5,Res. 0847-2025-JNE art. 2 (regla de cierre),5
060907,distrital,5,Res. 0847-2025-JNE art. 2 (regla de cierre),5
060908,distrital,5,Res. 0847-2025-JNE art. 2 (regla de cierre),5
060909,distrital,5,Res. 0847-2025-JNE art. 2 (regla de cierre),5
060910,distrital,5,Res. 0847-2025-JNE art. 2 (regla de cierre),5
060911,distrital,5,Res. 0847-2025-JNE art. 2 (regla de cierre),5
061002,distrital,5,Res. 0847-2025-JNE art. 2 (regla de cierre),5
061003,distrital,5,Res. 0847-2025-JNE art. 2 (regla de cierre),5
061004,distrital,5,Res. 0847-2025-JNE art. 2 (regla de cierre),5
061005,distrital,5,Res. 0847-2025-JNE art. 2 (regla de cierre),5
061006,distrital,5,Res. 0847-2025-JNE art. 2 (regla de cierre),5
061007,distrital,5,Res. 0847-2025-JNE art. 2 (regla de cierre),5
061008,distrital,5,Res. 0847-2025-JNE art. 2 (regla de cierre),5
061009,distrital,5,Res. 0847-2025-JNE art. 2 (regla de cierre),5
061010,distrital,5,Res. 0847-2025-JNE art. 2 (regla de cierre),5
061011,distrital,5,Res. 0847-2025-JNE art. 2 (regla de cierre),5
061012,distrital,5,Res. 0847-2025-JNE art. 2 (regla de cierre),5
061013,distrital,5,Res. 0847-2025-JNE art. 2 (regla de cierre),5
061102,distrital,5,Res. 0847-2025-JNE art. 2 (regla de cierre),5
061103,distrital,5,Res. 0847-2025-JNE art. 2 (regla de cierre),5
061104,distrital,5,Res. 0847-2025-JNE art. 2 (regla de cierre),5
061105,distrital,5,Res. 0847-2025-JNE art. 2 (regla de cierre),5
061106,distrital,5,Res. 0847-2025-JNE art. 2 (regla de cierre),5
061107,distrital,5,Res. 0847-2025-JNE art. 2 (regla de cierre),5
061202,distrital,5,Res. 0847-2025-JNE art. 2 (regla de cierre),5
061203,distrital,5,Res. 0847-2025-JNE art. 2 (regla de cierre),5
061204,distrital,5,Res. 0847-2025-JNE art. 2 (regla de cierre),5
061205,distrital,5,Res. 0847-2025-JNE art. 2 (regla de cierre),5
061206,distrital,5,Res. 0847-2025-JNE art. 2 (regla de cierre),5
061207,distrital,5,Res. 0847-2025-JNE art. 2 (regla de cierre),5
061302,distrital,5,Res. 0847-2025-JNE art. 2 (regla de cierre),5
061303,distrital,5,Res. 0847-2025-JNE art. 2 (regla de cierre),5
061304,distrital,5,Res. 0847-2025-JNE art. 2 (regla de cierre),5
070102,distrital,5,Res. 0847-2025-JNE art. 2 (regla de cierre),5
070103,distrital,5,Res. 0847-2025-JNE art. 2 (regla de cierre),5
070104,distrital,9,Res. 0847-2025-JNE art. 1,9
070105,distrital,11,Res. 0847-2025-JNE art. 1,11
070106,distrital,11,Res. 0847-2025-JNE art. 1,11
070107,distrital,5,Res. 0847-2025-JNE art. 2 (regla de cierre),5
070108,distrital,9,Res. 0847-2025-JNE art. 1,9
070202,distrital,5,Res. 0847-2025-JNE art. 2 (regla de cierre),5
070203,distrital,5,Res. 0847-2025-JNE art. 2 (regla de cierre),5
070204,distrital,5,Res. 0847-2025-JNE art. 2 (regla de cierre),5
070205,distrital,5,Res. 0847-2025-JNE art. 2 (regla de cierre),5
070206,distrital,5,Res. 0847-2025-JNE art. 2 (regla de cierre),5
070207,distrital,5,Res. 0847-2025-JNE art. 2 (regla de cierre),5
070302,distrital,5,Res. 0847-2025-JNE art. 2 (regla de cierre),5
070303,distrital,5,Res. 0847-2025-JNE art. 2 (regla de cierre),5
070304,distrital,5,Res. 0847-2025-JNE art. 2 (regla de cierre),5
070305,distrital,5,Res. 0847-2025-JNE art. 2 (regla de cierre),5
070306,distrital,5,Res. 0847-2025-JNE art. 2 (regla de cierre),5
070307,distrital,5,Res. 0847-2025-JNE art. 2 (regla de cierre),5
070308,distrital,5,Res. 0847-2025-JNE art. 2 (regla de cierre),5
070309,distrital,5,Res. 0847-2025-JNE art. 2 (regla de cierre),5
070402,distrital,5,Res. 0847-2025-JNE art. 2 (regla de cierre),5
070403,distrital,5,Res. 0847-2025-JNE art. 2 (regla de cierre),5
070404,distrital,5,Res. 0847-2025-JNE art. 2 (regla de cierre),5
070405,distrital,5,Res. 0847-2025-JNE art. 2 (regla de cierre),5
070406,distrital,5,Res. 0847-2025-JNE art. 2 (regla de cierre),5
070407,distrital,5,Res. 0847-2025-JNE art. 2 (regla de cierre),5
070408,distrital,5,Res. 0847-2025-JNE art. 2 (regla de cierre),5
070502,distrital,5,Res. 0847-2025-JNE art. 2 (regla de cierre),5
070503,distrital,5,Res. 0847-2025-JNE art. 2 (regla de cierre),5
070504,distrital,5,Res. 0847-2025-JNE art. 2 (regla de cierre),5
070505,distrital,5,Res. 0847-2025-JNE art. 2 (regla de cierre),5
070506,distrital,5,Res. 0847-2025-JNE art. 2 (regla de cierre),5
070507,distrital,5,Res. 0847-2025-JNE art. 2 (regla de cierre),5
070508,distrital,5,Res. 0847-2025-JNE art. 2 (regla de cierre),5
070602,distrital,5,Res. 0847-2025-JNE art. 2 (regla de cierre),5
070603,distrital,5,Res. 0847-2025-JNE art. 2 (regla de cierre),5
070604,distrital,5,Res. 0847-2025-JNE art. 2 (regla de cierre),5
070605,distrital,5,Res. 0847-2025-JNE art. 2 (regla de cierre),5
070606,distrital,5,Res. 0847-2025-JNE art. 2 (regla de cierre),5
070607,distrital,5,Res. 0847-2025-JNE art. 2 (regla de cierre),5
070608,distrital,5,Res. 0847-2025-JNE art. 2 (regla de cierre),5
070702,distrital,5,Res. 0847-2025-JNE art. 2 (regla de cierre),5
070703,distrital,5,Res. 0847-2025-JNE art. 2 (regla de cierre),5
070704,distrital,5,Res. 0847-2025-JNE art. 2 (regla de cierre),5
070705,distrital,5,Res. 0847-2025-JNE art. 2 (regla de cierre),5
070706,distrital,5,Res. 0847-2025-JNE art. 2 (regla de cierre),5
070707,distrital,5,Res. 0847-2025-JNE art. 2 (regla de cierre),5
070708,distrital,5,Res. 0847-2025-JNE art. 2 (regla de cierre),5
070802,distrital,5,Res. 0847-2025-JNE art. 2 (regla de cierre),5
070803,distrital,5,Res. 0847-2025-JNE art. 2 (regla de cierre),5
070804,distrital,5,Res. 0847-2025-JNE art. 2 (regla de cierre),5
070805,distrital,5,Res. 0847-2025-JNE art. 2 (regla de cierre),5
070806,distrital,5,Res. 0847-2025-JNE art. 2 (regla de cierre),5
070807,distrital,5,Res. 0847-2025-JNE art. 2 (regla de cierre),5
070808,distrital,5,Res. 0847-2025-JNE art. 2 (regla de cierre),5
070902,distrital,5,Res. 0847-2025-JNE art. 2 (regla de cierre),5
070903,distrital,5,Res. 0847-2025-JNE art. 2 (regla de cierre),5
070904,distrital,5,Res. 0847-2025-JNE art. 2 (regla de cierre),5
070905,distrital,5,Res. 0847-2025-JNE art. 2 (regla de cierre),5
070906,distrital,5,Res. 0847-2025-JNE art. 2 (regla de cierre),5
070907,distrital,5,Res. 0847-2025-JNE art. 2 (regla de cierre),5
070908,distrital,5,Res. 0847-2025-JNE art. 2 (regla de cierre),5
070909,distrital,5,Res. 0847-2025-JNE art. 2 (regla de cierre),5
070910,distrital,7,Res. 0847-2025-JNE art. 1,7
070911,distrital,5,Res. 0847-2025-JNE art. 2 (regla de cierre),5
070912,distrital,5,Res. 0847-2025-JNE art. 2 (regla de cierre),5
070913,distrital,5,Res. 0847-2025-JNE art. 2 (regla de cierre),5
070915,distrital,5,Res. 0847-2025-JNE art. 2 (regla de cierre),5
070916,distrital,5,Res. 0847-2025-JNE art. 2 (regla de cierre),5
070917,distrital,5,Res. 0847-2025-JNE art. 2 (regla de cierre),5
070918,distrital,5,Res. 0847-2025-JNE art. 2 (regla de cierre),5
070919,distrital,5,Res. 0847-2025-JNE art. 2 (regla de cierre),5
071002,distrital,5,Res. 0847-2025-JNE art. 2 (regla de cierre),5
071003,distrital,5,Res. 0847-2025-JNE art. 2 (regla de cierre),5
071004,distrital,5,Res. 0847-2025-JNE art. 2 (regla de cierre),5
071005,distrital,5,Res. 0847-2025-JNE art. 2 (regla de cierre),5
071006,distrital,5,Res. 0847-2025-JNE art. 2 (regla de cierre),5
071007,distrital,5,Res. 0847-2025-JNE art. 2 (regla de cierre),5
071008,distrital,5,Res. 0847-2025-JNE art. 2 (regla de cierre),5
071009,distrital,5,Res. 0847-2025-JNE art. 2 (regla de cierre),5
071102,distrital,5,Res. 0847-2025-JNE art. 2 (regla de cierre),5
071103,distrital,5,Res. 0847-2025-JNE art. 2 (regla de cierre),5
071104,distrital,5,Res. 0847-2025-JNE art. 2 (regla de cierre),5
071105,distrital,5,Res. 0847-2025-JNE art. 2 (regla de cierre),5
071106,distrital,5,Res. 0847-2025-JNE art. 2 (regla de cierre),5
071202,distrital,5,Res. 0847-2025-JNE art. 2 (regla de cierre),5
071203,distrital,5,Res. 0847-2025-JNE art. 2 (regla de cierre),5
071204,distrital,5,Res. 0847-2025-JNE art. 2 (regla de cierre),5
071205,distrital,5,Res. 0847-2025-JNE art. 2 (regla de cierre),5
071206,distrital,5,Res. 0847-2025-JNE art. 2 (regla de cierre),5
071207,distrital,5,Res. 0847-2025-JNE art. 2 (regla de cierre),5
071208,distrital,5,Res. 0847-2025-JNE art. 2 (regla de cierre),5
071209,distrital,5,Res. 0847-2025-JNE art. 2 (regla de cierre),5
071210,distrital,5,Res. 0847-2025-JNE art. 2 (regla de cierre),5
071211,distrital,5,Res. 0847-2025-JNE art. 2 (regla de cierre),5
071212,distrital,5,Res. 0847-2025-JNE art. 2 (regla de cierre),5
071302,distrital,5,Res. 0847-2025-JNE art. 2 (regla de cierre),5
071303,distrital,5,Res. 0847-2025-JNE art. 2 (regla de cierre),5
071304,distrital,5,Res. 0847-2025-JNE art. 2 (regla de cierre),5
071305,distrital,5,Res. 0847-2025-JNE art. 2 (regla de cierre),5
071306,distrital,5,Res. 0847-2025-JNE art. 2 (regla de cierre),5
071307,distrital,5,Res. 0847-2025-JNE art. 2 (regla de cierre),5
080102,distrital,5,Res. 0847-2025-JNE art. 2 (regla de cierre),5
080103,distrital,5,Res. 0847-2025-JNE art. 2 (regla de cierre),5
080104,distrital,5,Res. 0847-2025-JNE art. 2 (regla de cierre),5
080105,distrital,5,Res. 0847-2025-JNE art. 2 (regla de cierre),5
080106,distrital,5,Res. 0847-2025-JNE art. 2 (regla de cierre),5
080108,distrital,5,Res. 0847-2025-JNE art. 2 (regla de cierre),5
080109,distrital,5,Res. 0847-2025-JNE art. 2 (regla de cierre),5
080110,distrital,5,Res. 0847-2025-JNE art. 2 (regla de cierre),5
080111,distrital,5,Res. 0847-2025-JNE art. 2 (regla de cierre),5
080112,distrital,5,Res. 0847-2025-JNE art. 2 (regla de cierre),5
080113,distrital,5,Res. 0847-2025-JNE art. 2 (regla de cierre),5
080114,distrital,5,Res. 0847-2025-JNE art. 2 (regla de cierre),5
080115,distrital,5,Res. 0847-2025-JNE art. 2 (regla de cierre),5
080116,distrital,5,Res. 0847-2025-JNE art. 2 (regla de cierre),5
080117,distrital,5,Res. 0847-2025-JNE art. 2 (regla de cierre),5
080118,distrital,5,Res. 0847-2025-JNE art. 2 (regla de cierre),5
080119,distrital,5,Res. 0847-2025-JNE art. 2 (regla de cierre),5
080120,distrital,5,Res. 0847-2025-JNE art. 2 (regla de cierre),5
080202,distrital,5,Res. 0847-2025-JNE art. 2 (regla de cierre),5
080203,distrital,5,Res. 0847-2025-JNE art. 2 (regla de cierre),5
080204,distrital,5,Res. 0847-2025-JNE art. 2 (regla de cierre),5
080205,distrital,5,Res. 0847-2025-JNE art. 2 (regla de cierre),5
080206,distrital,5,Res. 0847-2025-JNE art. 2 (regla de cierre),5
080207,distrital,5,Res. 0847-2025-JNE art. 2 (regla de cierre),5
080208,distrital,5,Res. 0847-2025-JNE art. 2 (regla de cierre),5
080302,distrital,5,Res. 0847-2025-JNE art. 2 (regla de cierre),5
080303,distrital,5,Res. 0847-2025-JNE art. 2 (regla de cierre),5
080304,distrital,5,Res. 0847-2025-JNE art. 2 (regla de cierre),5
080305,distrital,5,Res. 0847-2025-JNE art. 2 (regla de cierre),5
080306,distrital,5,Res. 0847-2025-JNE art. 2 (regla de cierre),5
080307,distrital,5,Res. 0847-2025-JNE art. 2 (regla de cierre),5
080308,distrital,5,Res. 0847-2025-JNE art. 2 (regla de cierre),5
080309,distrital,5,Res. 0847-2025-JNE art. 2 (regla de cierre),5
080310,distrital,5,Res. 0847-2025-JNE art. 2 (regla de cierre),5
080311,distrital,5,Res. 0847-2025-JNE art. 2 (regla de cierre),5
080312,distrital,5,Res. 0847-2025-JNE art. 2 (regla de cierre),5
080402,distrital,5,Res. 0847-2025-JNE art. 2 (regla de cierre),5
080403,distrital,5,Res. 0847-2025-JNE art. 2 (regla de cierre),5
080405,distrital,5,Res. 0847-2025-JNE art. 2 (regla de cierre),5
080406,distrital,5,Res. 0847-2025-JNE art. 2 (regla de cierre),5
080408,distrital,5,Res. 0847-2025-JNE art. 2 (regla de cierre),5
080409,distrital,5,Res. 0847-2025-JNE art. 2 (regla de cierre),5
080410,distrital,5,Res. 0847-2025-JNE art. 2 (regla de cierre),5
080414,distrital,5,Res. 0847-2025-JNE art. 2 (regla de cierre),5
080422,distrital,5,Res. 0847-2025-JNE art. 2 (regla de cierre),5
080427,distrital,5,Res. 0847-2025-JNE art. 2 (regla de cierre),5
080428,distrital,5,Res. 0847-2025-JNE art. 2 (regla de cierre),5
080429,distrital,5,Res. 0847-2025-JNE art. 2 (regla de cierre),5
080502,distrital,5,Res. 0847-2025-JNE art. 2 (regla de cierre),5
080503,distrital,5,Res. 0847-2025-JNE art. 2 (regla de cierre),5
080504,distrital,5,Res. 0847-2025-JNE art. 2 (regla de cierre),5
080506,distrital,5,Res. 0847-2025-JNE art. 2 (regla de cierre),5
080509,distrital,5,Res. 0847-2025-JNE art. 2 (regla de cierre),5
080511,distrital,5,Res. 0847-2025-JNE art. 2 (regla de cierre),5
080512,distrital,5,Res. 0847-2025-JNE art. 2 (regla de cierre),5
080515,distrital,5,Res. 0847-2025-JNE art. 2 (regla de cierre),5
080517,distrital,5,Res. 0847-2025-JNE art. 2 (regla de cierre),5
080518,distrital,5,Res. 0847-2025-JNE art. 2 (regla de cierre),5
080519,distrital,5,Res. 0847-2025-JNE art. 2 (regla de cierre),5
080520,distrital,5,Res. 0847-2025-JNE art. 2 (regla de cierre),5
080523,distrital,5,Res. 0847-2025-JNE art. 2 (regla de cierre),5
080525,distrital,5,Res. 0847-2025-JNE art. 2 (regla de cierre),5
080526,distrital,5,Res. 0847-2025-JNE art. 2 (regla de cierre),5
080528,distrital,5,Res. 0847-2025-JNE art. 2 (regla de cierre),5
080529,distrital,5,Res. 0847-2025-JNE art. 2 (regla de cierre),5
080530,distrital,5,Res. 0847-2025-JNE art. 2 (regla de cierre),5
080531,distrital,5,Res. 0847-2025-JNE art. 2 (regla de cierre),5
080532,distrital,5,Res. 0847-2025-JNE art. 2 (regla de cierre),5
080533,distrital,5,Res. 0847-2025-JNE art. 2 (regla de cierre),5
080534,distrital,5,Res. 0847-2025-JNE art. 2 (regla de cierre),5
080601,distrital,5,Res. 0847-2025-JNE art. 2 (regla de cierre),5
080602,distrital,5,Res. 0847-2025-JNE art. 2 (regla de cierre),5
080603,distrital,5,Res. 0847-2025-JNE art. 2 (regla de cierre),5
080605,distrital,5,Res. 0847-2025-JNE art. 2 (regla de cierre),5
080606,distrital,5,Res. 0847-2025-JNE art. 2 (regla de cierre),5
080607,distrital,5,Res. 0847-2025-JNE art. 2 (regla de cierre),5
080608,distrital,5,Res. 0847-2025-JNE art. 2 (regla de cierre),5
080609,distrital,5,Res. 0847-2025-JNE art. 2 (regla de cierre),5
080610,distrital,5,Res. 0847-2025-JNE art. 2 (regla de cierre),5
080611,distrital,5,Res. 0847-2025-JNE art. 2 (regla de cierre),5
080612,distrital,5,Res. 0847-2025-JNE art. 2 (regla de cierre),5
080613,distrital,5,Res. 0847-2025-JNE art. 2 (regla de cierre),5
080614,distrital,5,Res. 0847-2025-JNE art. 2 (regla de cierre),5
080615,distrital,5,Res. 0847-2025-JNE art. 2 (regla de cierre),5
080616,distrital,5,Res. 0847-2025-JNE art. 2 (regla de cierre),5
080702,distrital,5,Res. 0847-2025-JNE art. 2 (regla de cierre),5
080703,distrital,5,Res. 0847-2025-JNE art. 2 (regla de cierre),5
080704,distrital,5,Res. 0847-2025-JNE art. 2 (regla de cierre),5
080705,distrital,5,Res. 0847-2025-JNE art. 2 (regla de cierre),5
080706,distrital,5,Res. 0847-2025-JNE art. 2 (regla de cierre),5
080707,distrital,5,Res. 0847-2025-JNE art. 2 (regla de cierre),5
080708,distrital,5,Res. 0847-2025-JNE art. 2 (regla de cierre),5
080709,distrital,5,Res. 0847-2025-JNE art. 2 (regla de cierre),5
080710,distrital,5,Res. 0847-2025-JNE art. 2 (regla de cierre),5
080711,distrital,5,Res. 0847-2025-JNE art. 2 (regla de cierre),5
090102,distrital,5,Res. 0847-2025-JNE art. 2 (regla de cierre),5
090103,distrital,5,Res. 0847-2025-JNE art. 2 (regla de cierre),5
090104,distrital,5,Res. 0847-2025-JNE art. 2 (regla de cierre),5
090105,distrital,5,Res. 0847-2025-JNE art. 2 (regla de cierre),5
090106,distrital,5,Res. 0847-2025-JNE art. 2 (regla de cierre),5
090107,distrital,5,Res. 0847-2025-JNE art. 2 (regla de cierre),5
090108,distrital,5,Res. 0847-2025-JNE art. 2 (regla de cierre),5
090109,distrital,5,Res. 0847-2025-JNE art. 2 (regla de cierre),5
090110,distrital,9,Res. 0847-2025-JNE art. 1,9
090111,distrital,9,Res. 0847-2025-JNE art. 1,9
090112,distrital,5,Res. 0847-2025-JNE art. 2 (regla de cierre),5
090113,distrital,5,Res. 0847-2025-JNE art. 2 (regla de cierre),5
090202,distrital,5,Res. 0847-2025-JNE art. 2 (regla de cierre),5
090203,distrital,5,Res. 0847-2025-JNE art. 2 (regla de cierre),5
090204,distrital,5,Res. 0847-2025-JNE art. 2 (regla de cierre),5
090205,distrital,5,Res. 0847-2025-JNE art. 2 (regla de cierre),5
090206,distrital,5,Res. 0847-2025-JNE art. 2 (regla de cierre),5
090207,distrital,5,Res. 0847-2025-JNE art. 2 (regla de cierre),5
090208,distrital,5,Res. 0847-2025-JNE art. 2 (regla de cierre),5
090307,distrital,5,Res. 0847-2025-JNE art. 2 (regla de cierre),5
090312,distrital,5,Res. 0847-2025-JNE art. 2 (regla de cierre),5
090314,distrital,5,Res. 0847-2025-JNE art. 2 (regla de cierre),5
090316,distrital,5,Res. 0847-2025-JNE art. 2 (regla de cierre),5
090317,distrital,5,Res. 0847-2025-JNE art. 2 (regla de cierre),5
090321,distrital,5,Res. 0847-2025-JNE art. 2 (regla de cierre),5
090322,distrital,5,Res. 0847-2025-JNE art. 2 (regla de cierre),5
090323,distrital,5,Res. 0847-2025-JNE art. 2 (regla de cierre),5
090402,distrital,5,Res. 0847-2025-JNE art. 2 (regla de cierre),5
090403,distrital,5,Res. 0847-2025-JNE art. 2 (regla de cierre),5
090404,distrital,5,Res. 0847-2025-JNE art. 2 (regla de cierre),5
090405,distrital,5,Res. 0847-2025-JNE art. 2 (regla de cierre),5
090406,distrital,5,Res. 0847-2025-JNE art. 2 (regla de cierre),5
090407,distrital,5,Res. 0847-2025-JNE art. 2 (regla de cierre),5
090408,distrital,5,Res. 0847-2025-JNE art. 2 (regla de cierre),5
090409,distrital,5,Res. 0847-2025-JNE art. 2 (regla de cierre),5
090410,distrital,5,Res. 0847-2025-JNE art. 2 (regla de cierre),5
090411,distrital,5,Res. 0847-2025-JNE art. 2 (regla de cierre),5
090502,distrital,5,Res. 0847-2025-JNE art. 2 (regla de cierre),5
090505,distrital,5,Res. 0847-2025-JNE art. 2 (regla de cierre),5
090506,distrital,5,Res. 0847-2025-JNE art. 2 (regla de cierre),5
090507,distrital,5,Res. 0847-2025-JNE art. 2 (regla de cierre),5
090602,distrital,5,Res. 0847-2025-JNE art. 2 (regla de cierre),5
090603,distrital,5,Res. 0847-2025-JNE art. 2 (regla de cierre),5
090604,distrital,5,Res. 0847-2025-JNE art. 2 (regla de cierre),5
090605,distrital,5,Res. 0847-2025-JNE art. 2 (regla de cierre),5
090606,distrital,5,Res. 0847-2025-JNE art. 2 (regla de cierre),5
090607,distrital,5,Res. 0847-2025-JNE art. 2 (regla de cierre),5
090608,distrital,5,Res. 0847-2025-JNE art. 2 (regla de cierre),5
090609,distrital,5,Res. 0847-2025-JNE art. 2 (regla de cierre),5
090610,distrital,5,Res. 0847-2025-JNE art. 2 (regla de cierre),5
090702,distrital,5,Res. 0847-2025-JNE art. 2 (regla de cierre),5
090704,distrital,5,Res. 0847-2025-JNE art. 2 (regla de cierre),5
090706,distrital,5,Res. 0847-2025-JNE art. 2 (regla de cierre),5
090801,distrital,5,Res. 0847-2025-JNE art. 2 (regla de cierre),5
090803,distrital,5,Res. 0847-2025-JNE art. 2 (regla de cierre),5
090804,distrital,5,Res. 0847-2025-JNE art. 2 (regla de cierre),5
090805,distrital,5,Res. 0847-2025-JNE art. 2 (regla de cierre),5
090902,distrital,5,Res. 0847-2025-JNE art. 2 (regla de cierre),5
090903,distrital,5,Res. 0847-2025-JNE art. 2 (regla de cierre),5
090904,distrital,5,Res. 0847-2025-JNE art. 2 (regla de cierre),5
091002,distrital,5,Res. 0847-2025-JNE art. 2 (regla de cierre),5
091003,distrital,5,Res. 0847-2025-JNE art. 2 (regla de cierre),5
091004,distrital,5,Res. 0847-2025-JNE art. 2 (regla de cierre),5
091005,distrital,5,Res. 0847-2025-JNE art. 2 (regla de cierre),5
091006,distrital,5,Res. 0847-2025-JNE art. 2 (regla de cierre),5
091007,distrital,5,Res. 0847-2025-JNE art. 2 (regla de cierre),5
091102,distrital,5,Res. 0847-2025-JNE art. 2 (regla de cierre),5
091103,distrital,5,Res. 0847-2025-JNE art. 2 (regla de cierre),5
091104,distrital,5,Res. 0847-2025-JNE art. 2 (regla de cierre),5
091105,distrital,5,Res. 0847-2025-JNE art. 2 (regla de cierre),5
091106,distrital,5,Res. 0847-2025-JNE art. 2 (regla de cierre),5
091107,distrital,5,Res. 0847-2025-JNE art. 2 (regla de cierre),5
091108,distrital,5,Res. 0847-2025-JNE art. 2 (regla de cierre),5
100102,distrital,9,Res. 0847-2025-JNE art. 1,9
100103,distrital,7,Res. 0847-2025-JNE art. 1,7
100104,distrital,9,Res. 0847-2025-JNE art. 1,9
100105,distrital,5,Res. 0847-2025-JNE art. 2 (regla de cierre),5
100106,distrital,7,Res. 0847-2025-JNE art. 1,7
100107,distrital,5,Res. 0847-2025-JNE art. 2 (regla de cierre),5
100108,distrital,5,Res. 0847-2025-JNE art. 2 (regla de cierre),5
100109,distrital,7,Res. 0847-2025-JNE art. 1,7
100110,distrital,7,Res. 0847-2025-JNE art. 1,7
100111,distrital,5,Res. 0847-2025-JNE art. 2 (regla de cierre),5
100112,distrital,5,Res. 0847-2025-JNE art. 2 (regla de cierre),5
100113,distrital,5,Res. 0847-2025-JNE art. 2 (regla de cierre),5
100114,distrital,5,Res. 0847-2025-JNE art. 2 (regla de cierre),5
100202,distrital,5,Res. 0847-2025-JNE art. 2 (regla de cierre),5
100203,distrital,5,Res. 0847-2025-JNE art. 2 (regla de cierre),5
100204,distrital,5,Res. 0847-2025-JNE art. 2 (regla de cierre),5
100205,distrital,7,Res. 0847-2025-JNE art. 1,7
100206,distrital,5,Res. 0847-2025-JNE art. 2 (regla de cierre),5
100207,distrital,7,Res. 0847-2025-JNE art. 1,7
100208,distrital,5,Res. 0847-2025-JNE art. 2 (regla de cierre),5
100209,distrital,5,Res. 0847-2025-JNE art. 2 (regla de cierre),5
100210,distrital,9,Res. 0847-2025-JNE art. 1,9
100211,distrital,5,Res. 0847-2025-JNE art. 2 (regla de cierre),5
100302,distrital,5,Res. 0847-2025-JNE art. 2 (regla de cierre),5
100303,distrital,5,Res. 0847-2025-JNE art. 2 (regla de cierre),5
100304,distrital,5,Res. 0847-2025-JNE art. 2 (regla de cierre),5
100305,distrital,7,Res. 0847-2025-JNE art. 1,7
100402,distrital,5,Res. 0847-2025-JNE art. 2 (regla de cierre),5
100403,distrital,5,Res. 0847-2025-JNE art. 2 (regla de cierre),5
100404,distrital,5,Res. 0847-2025-JNE art. 2 (regla de cierre),5
100405,distrital,5,Res. 0847-2025-JNE art. 2 (regla de cierre),5
100406,distrital,5,Res. 0847-2025-JNE art. 2 (regla de cierre),5
100407,distrital,7,Res. 0847-2025-JNE art. 1,7
100408,distrital,5,Res. 0847-2025-JNE art. 2 (regla de cierre),5
100502,distrital,5,Res. 0847-2025-JNE art. 2 (regla de cierre),5
100503,distrital,5,Res. 0847-2025-JNE art. 2 (regla de cierre),5
100504,distrital,5,Res. 0847-2025-JNE art. 2 (regla de cierre),5
100505,distrital,5,Res. 0847-2025-JNE art. 2 (regla de cierre),5
110103,distrital,5,Res. 0847-2025-JNE art. 2 (regla de cierre),5
110104,distrital,5,Res. 0847-2025-JNE art. 2 (regla de cierre),5
110105,distrital,5,Res. 0847-2025-JNE art. 2 (regla de cierre),5
110106,distrital,5,Res. 0847-2025-JNE art. 2 (regla de cierre),5
110107,distrital,5,Res. 0847-2025-JNE art. 2 (regla de cierre),5
110108,distrital,11,Res. 0847-2025-JNE art. 1,11
110109,distrital,5,Res. 0847-2025-JNE art. 2 (regla de cierre),5
110112,distrital,5,Res. 0847-2025-JNE art. 2 (regla de cierre),5
110113,distrital,11,Res. 0847-2025-JNE art. 1,11
110114,distrital,5,Res. 0847-2025-JNE art. 2 (regla de cierre),5
110116,distrital,5,Res. 0847-2025-JNE art. 2 (regla de cierre),5
110118,distrital,7,Res. 0847-2025-JNE art. 1,7
110119,distrital,5,Res. 0847-2025-JNE art. 2 (regla de cierre),5
110120,distrital,5,Res. 0847-2025-JNE art. 2 (regla de cierre),5
110121,distrital,5,Res. 0847-2025-JNE art. 2 (regla de cierre),5
110122,distrital,5,Res. 0847-2025-JNE art. 2 (regla de cierre),5
110123,distrital,7,Res. 0847-2025-JNE art. 1,7
110124,distrital,5,Res. 0847-2025-JNE art. 2 (regla de cierre),5
110125,distrital,5,Res. 0847-2025-JNE art. 2 (regla de cierre),5
110126,distrital,5,Res. 0847-2025-JNE art. 2 (regla de cierre),5
110127,distrital,5,Res. 0847-2025-JNE art. 2 (regla de cierre),5
110128,distrital,5,Res. 0847-2025-JNE art. 2 (regla de cierre),5
110131,distrital,5,Res. 0847-2025-JNE art. 2 (regla de cierre),5
110132,distrital,5,Res. 0847-2025-JNE art. 2 (regla de cierre),5
110133,distrital,7,Res. 0847-2025-JNE art. 1,7
110134,distrital,7,Res. 0847-2025-JNE art. 1,7
110136,distrital,5,Res. 0847-2025-JNE art. 2 (regla de cierre),5
110202,distrital,5,Res. 0847-2025-JNE art. 2 (regla de cierre),5
110203,distrital,5,Res. 0847-2025-JNE art. 2 (regla de cierre),5
110204,distrital,5,Res. 0847-2025-JNE art. 2 (regla de cierre),5
110205,distrital,5,Res. 0847-2025-JNE art. 2 (regla de cierre),5
110206,distrital,5,Res. 0847-2025-JNE art. 2 (regla de cierre),5
110207,distrital,5,Res. 0847-2025-JNE art. 2 (regla de cierre),5
110208,distrital,5,Res. 0847-2025-JNE art. 2 (regla de cierre),5
110209,distrital,5,Res. 0847-2025-JNE art. 2 (regla de cierre),5
110210,distrital,5,Res. 0847-2025-JNE art. 2 (regla de cierre),5
110211,distrital,5,Res. 0847-2025-JNE art. 2 (regla de cierre),5
110212,distrital,5,Res. 0847-2025-JNE art. 2 (regla de cierre),5
110213,distrital,5,Res. 0847-2025-JNE art. 2 (regla de cierre),5
110214,distrital,5,Res. 0847-2025-JNE art. 2 (regla de cierre),5
110215,distrital,5,Res. 0847-2025-JNE art. 2 (regla de cierre),5
110302,distrital,5,Res. 0847-2025-JNE art. 2 (regla de cierre),5
110303,distrital,5,Res. 0847-2025-JNE art. 2 (regla de cierre),5
110304,distrital,5,Res. 0847-2025-JNE art. 2 (regla de cierre),5
110305,distrital,5,Res. 0847-2025-JNE art. 2 (regla de cierre),5
110306,distrital,5,Res. 0847-2025-JNE art. 2 (regla de cierre),5
110307,distrital,5,Res. 0847-2025-JNE art. 2 (regla de cierre),5
110308,distrital,5,Res. 0847-2025-JNE art. 2 (regla de cierre),5
110309,distrital,5,Res. 0847-2025-JNE art. 2 (regla de cierre),5
110310,distrital,5,Res. 0847-2025-JNE art. 2 (regla de cierre),5
110311,distrital,5,Res. 0847-2025-JNE art. 2 (regla de cierre),5
110312,distrital,5,Res. 0847-2025-JNE art. 2 (regla de cierre),5
110313,distrital,5,Res. 0847-2025-JNE art. 2 (regla de cierre),5
110314,distrital,5,Res. 0847-2025-JNE art. 2 (regla de cierre),5
110315,distrital,5,Res. 0847-2025-JNE art. 2 (regla de cierre),5
110316,distrital,5,Res. 0847-2025-JNE art. 2 (regla de cierre),5
110317,distrital,5,Res. 0847-2025-JNE art. 2 (regla de cierre),5
110318,distrital,5,Res. 0847-2025-JNE art. 2 (regla de cierre),5
110319,distrital,5,Res. 0847-2025-JNE art. 2 (regla de cierre),5
110320,distrital,5,Res. 0847-2025-JNE art. 2 (regla de cierre),5
110321,distrital,5,Res. 0847-2025-JNE art. 2 (regla de cierre),5
110322,distrital,5,Res. 0847-2025-JNE art. 2 (regla de cierre),5
110323,distrital,5,Res. 0847-2025-JNE art. 2 (regla de cierre),5
110324,distrital,5,Res. 0847-2025-JNE art. 2 (regla de cierre),5
110325,distrital,5,Res. 0847-2025-JNE art. 2 (regla de cierre),5
110326,distrital,5,Res. 0847-2025-JNE art. 2 (regla de cierre),5
110327,distrital,5,Res. 0847-2025-JNE art. 2 (regla de cierre),5
110328,distrital,5,Res. 0847-2025-JNE art. 2 (regla de cierre),5
110329,distrital,5,Res. 0847-2025-JNE art. 2 (regla de cierre),5
110330,distrital,5,Res. 0847-2025-JNE art. 2 (regla de cierre),5
110331,distrital,5,Res. 0847-2025-JNE art. 2 (regla de cierre),5
110332,distrital,5,Res. 0847-2025-JNE art. 2 (regla de cierre),5
110333,distrital,5,Res. 0847-2025-JNE art. 2 (regla de cierre),5
110334,distrital,5,Res. 0847-2025-JNE art. 2 (regla de cierre),5
110402,distrital,5,Res. 0847-2025-JNE art. 2 (regla de cierre),5
110403,distrital,5,Res. 0847-2025-JNE art. 2 (regla de cierre),5
110404,distrital,5,Res. 0847-2025-JNE art. 2 (regla de cierre),5
110502,distrital,5,Res. 0847-2025-JNE art. 2 (regla de cierre),5
110503,distrital,5,Res. 0847-2025-JNE art. 2 (regla de cierre),5
110504,distrital,5,Res. 0847-2025-JNE art. 2 (regla de cierre),5
110505,distrital,5,Res. 0847-2025-JNE art. 2 (regla de cierre),5
110506,distrital,5,Res. 0847-2025-JNE art. 2 (regla de cierre),5
110507,distrital,5,Res. 0847-2025-JNE art. 2 (regla de cierre),5
110508,distrital,5,Res. 0847-2025-JNE art. 2 (regla de cierre),5
110509,distrital,5,Res. 0847-2025-JNE art. 2 (regla de cierre),5
110602,distrital,5,Res. 0847-2025-JNE art. 2 (regla de cierre),5
110603,distrital,5,Res. 0847-2025-JNE art. 2 (regla de cierre),5
110604,distrital,5,Res. 0847-2025-JNE art. 2 (regla de cierre),5
110605,distrital,5,Res. 0847-2025-JNE art. 2 (regla de cierre),5
110606,distrital,5,Res. 0847-2025-JNE art. 2 (regla de cierre),5
110607,distrital,5,Res. 0847-2025-JNE art. 2 (regla de cierre),5
110608,distrital,5,Res. 0847-2025-JNE art. 2 (regla de cierre),5
110609,distrital,5,Res. 0847-2025-JNE art. 2 (regla de cierre),5
110610,distrital,5,Res. 0847-2025-JNE art. 2 (regla de cierre),5
110702,distrital,5,Res. 0847-2025-JNE art. 2 (regla de cierre),5
110703,distrital,5,Res. 0847-2025-JNE art. 2 (regla de cierre),5
110704,distrital,7,Res. 0847-2025-JNE art. 1,7
110705,distrital,5,Res. 0847-2025-JNE art. 2 (regla de cierre),5
110706,distrital,9,Res. 0847-2025-JNE art. 1,9
110707,distrital,7,Res. 0847-2025-JNE art. 1,7
110708,distrital,7,Res. 0847-2025-JNE art. 1,7
110709,distrital,5,Res. 0847-2025-JNE art. 2 (regla de cierre),5
110802,distrital,7,Res. 0847-2025-JNE art. 1,7
110803,distrital,5,Res. 0847-2025-JNE art. 2 (regla de cierre),5
110804,distrital,5,Res. 0847-2025-JNE art. 2 (regla de cierre),5
110805,distrital,7,Res. 0847-2025-JNE art. 1,7
110806,distrital,9,Res. 0847-2025-JNE art. 1,9
110902,distrital,5,Res. 0847-2025-JNE art. 2 (regla de cierre),5
110903,distrital,5,Res. 0847-2025-JNE art. 2 (regla de cierre),5
110904,distrital,5,Res. 0847-2025-JNE art. 2 (regla de cierre),5
110905,distrital,5,Res. 0847-2025-JNE art. 2 (regla de cierre),5
110906,distrital,5,Res. 0847-2025-JNE art. 2 (regla de cierre),5
110907,distrital,5,Res. 0847-2025-JNE art. 2 (regla de cierre),5
110908,distrital,5,Res. 0847-2025-JNE art. 2 (regla de cierre),5
110909,distrital,5,Res. 0847-2025-JNE art. 2 (regla de cierre),5
120102,distrital,11,Res. 0847-2025-JNE art. 1,11
120103,distrital,9,Res. 0847-2025-JNE art. 1,9
120104,distrital,7,Res. 0847-2025-JNE art. 1,7
120105,distrital,7,Res. 0847-2025-JNE art. 1,7
120106,distrital,5,Res. 0847-2025-JNE art. 2 (regla de cierre),5
120107,distrital,9,Res. 0847-2025-JNE art. 1,9
120109,distrital,5,Res. 0847-2025-JNE art. 2 (regla de cierre),5
120110,distrital,11,Res. 0847-2025-JNE art. 1,11
120111,distrital,11,Res. 0847-2025-JNE art. 1,11
120112,distrital,9,Res. 0847-2025-JNE art. 1,9
120113,distrital,9,Res. 0847-2025-JNE art. 1,9
120202,distrital,5,Res. 0847-2025-JNE art. 2 (regla de cierre),5
120203,distrital,5,Res. 0847-2025-JNE art. 2 (regla de cierre),5
120204,distrital,5,Res. 0847-2025-JNE art. 2 (regla de cierre),5
120205,distrital,5,Res. 0847-2025-JNE art. 2 (regla de cierre),5
120206,distrital,5,Res. 0847-2025-JNE art. 2 (regla de cierre),5
120302,distrital,5,Res. 0847-2025-JNE art. 2 (regla de cierre),5
120303,distrital,5,Res. 0847-2025-JNE art. 2 (regla de cierre),5
120304,distrital,5,Res. 0847-2025-JNE art. 2 (regla de cierre),5
120305,distrital,5,Res. 0847-2025-JNE art. 2 (regla de cierre),5
120306,distrital,5,Res. 0847-2025-JNE art. 2 (regla de cierre),5
120307,distrital,5,Res. 0847-2025-JNE art. 2 (regla de cierre),5
120308,distrital,5,Res. 0847-2025-JNE art. 2 (regla de cierre),5
120402,distrital,5,Res. 0847-2025-JNE art. 2 (regla de cierre),5
120403,distrital,5,Res. 0847-2025-JNE art. 2 (regla de cierre),5
120404,distrital,5,Res. 0847-2025-JNE art. 2 (regla de cierre),5
120405,distrital,5,Res. 0847-2025-JNE art. 2 (regla de cierre),5
120408,distrital,5,Res. 0847-2025-JNE art. 2 (regla de cierre),5
120409,distrital,5,Res. 0847-2025-JNE art. 2 (regla de cierre),5
120410,distrital,5,Res. 0847-2025-JNE art. 2 (regla de cierre),5
120411,distrital,5,Res. 0847-2025-JNE art. 2 (regla de cierre),5
120413,distrital,5,Res. 0847-2025-JNE art. 2 (regla de cierre),5
120503,distrital,7,Res. 0847-2025-JNE art. 1,7
120504,distrital,5,Res. 0847-2025-JNE art. 2 (regla de cierre),5
120506,distrital,7,Res. 0847-2025-JNE art. 1,7
120508,distrital,5,Res. 0847-2025-JNE art. 2 (regla de cierre),5
120602,distrital,5,Res. 0847-2025-JNE art. 2 (regla de cierre),5
120603,distrital,5,Res. 0847-2025-JNE art. 2 (regla de cierre),5
120604,distrital,5,Res. 0847-2025-JNE art. 2 (regla de cierre),5
120605,distrital,5,Res. 0847-2025-JNE art. 2 (regla de cierre),5
120606,distrital,5,Res. 0847-2025-JNE art. 2 (regla de cierre),5
120607,distrital,5,Res. 0847-2025-JNE art. 2 (regla de cierre),5
120608,distrital,5,Res. 0847-2025-JNE art. 2 (regla de cierre),5
120609,distrital,5,Res. 0847-2025-JNE art. 2 (regla de cierre),5
120610,distrital,5,Res. 0847-2025-JNE art. 2 (regla de cierre),5
120611,distrital,5,Res. 0847-2025-JNE art. 2 (regla de cierre),5
120612,distrital,5,Res. 0847-2025-JNE art. 2 (regla de cierre),5
120613,distrital,5,Res. 0847-2025-JNE art. 2 (regla de cierre),5
120702,distrital,5,Res. 0847-2025-JNE art. 2 (regla de cierre),5
120703,distrital,5,Res. 0847-2025-JNE art. 2 (regla de cierre),5
120704,distrital,5,Res. 0847-2025-JNE art. 2 (regla de cierre),5
120705,distrital,5,Res. 0847-2025-JNE art. 2 (regla de cierre),5
120706,distrital,5,Res. 0847-2025-JNE art. 2 (regla de cierre),5
120707,distrital,5,Res. 0847-2025-JNE art. 2 (regla de cierre),5
120708,distrital,5,Res. 0847-2025-JNE art. 2 (regla de cierre),5
120802,distrital,5,Res. 0847-2025-JNE art. 2 (regla de cierre),5
120803,distrital,5,Res. 0847-2025-JNE art. 2 (regla de cierre),5
120804,distrital,5,Res. 0847-2025-JNE art. 2 (regla de cierre),5
120805,distrital,5,Res. 0847-2025-JNE art. 2 (regla de cierre),5
120806,distrital,7,Res. 0847-2025-JNE art. 1,7
120807,distrital,5,Res. 0847-2025-JNE art. 2 (regla de cierre),5
120808,distrital,7,Res. 0847-2025-JNE art. 1,7
120902,distrital,7,Res. 0847-2025-JNE art. 1,7
120903,distrital,5,Res. 0847-2025-JNE art. 2 (regla de cierre),5
121002,distrital,5,Res. 0847-2025-JNE art. 2 (regla de cierre),5
121003,distrital,5,Res. 0847-2025-JNE art. 2 (regla de cierre),5
121004,distrital,5,Res. 0847-2025-JNE art. 2 (regla de cierre),5
121102,distrital,5,Res. 0847-2025-JNE art. 2 (regla de cierre),5
121103,distrital,5,Res. 0847-2025-JNE art. 2 (regla de cierre),5
121104,distrital,5,Res. 0847-2025-JNE art. 2 (regla de cierre),5
121202,distrital,7,Res. 0847-2025-JNE art. 1,7
121203,distrital,5,Res. 0847-2025-JNE art. 2 (regla de cierre),5
130102,distrital,5,Res. 0847-2025-JNE art. 2 (regla de cierre),5
130103,distrital,5,Res. 0847-2025-JNE art. 2 (regla de cierre),5
130104,distrital,5,Res. 0847-2025-JNE art. 2 (regla de cierre),5
130105,distrital,5,Res. 0847-2025-JNE art. 2 (regla de cierre),5
130106,distrital,7,Res. 0847-2025-JNE art. 1,7
130107,distrital,5,Res. 0847-2025-JNE art. 2 (regla de cierre),5
130108,distrital,5,Res. 0847-2025-JNE art. 2 (regla de cierre),5
130109,distrital,5,Res. 0847-2025-JNE art. 2 (regla de cierre),5
130110,distrital,9,Res. 0847-2025-JNE art. 1,9
130111,distrital,5,Res. 0847-2025-JNE art. 2 (regla de cierre),5
130112,distrital,11,Res. 0847-2025-JNE art. 1,11
130113,distrital,5,Res. 0847-2025-JNE art. 2 (regla de cierre),5
130114,distrital,5,Res. 0847-2025-JNE art. 2 (regla de cierre),5
130115,distrital,11,Res. 0847-2025-JNE art. 1,11
130116,distrital,5,Res. 0847-2025-JNE art. 2 (regla de cierre),5
130117,distrital,7,Res. 0847-2025-JNE art. 1,7
130118,distrital,7,Res. 0847-2025-JNE art. 1,7
130119,distrital,5,Res. 0847-2025-JNE art. 2 (regla de cierre),5
130120,distrital,7,Res. 0847-2025-JNE art. 1,7
130202,distrital,5,Res. 0847-2025-JNE art. 2 (regla de cierre),5
130203,distrital,5,Res. 0847-2025-JNE art. 2 (regla de cierre),5
130204,distrital,5,Res. 0847-2025-JNE art. 2 (regla de cierre),5
130205,distrital,5,Res. 0847-2025-JNE art. 2 (regla de cierre),5
130206,distrital,5,Res. 0847-2025-JNE art. 2 (regla de cierre),5
130302,distrital,5,Res. 0847-2025-JNE art. 2 (regla de cierre),5
130303,distrital,5,Res. 0847-2025-JNE art. 2 (regla de cierre),5
130304,distrital,5,Res. 0847-2025-JNE art. 2 (regla de cierre),5
130305,distrital,5,Res. 0847-2025-JNE art. 2 (regla de cierre),5
130306,distrital,9,Res. 0847-2025-JNE art. 1,9
130307,distrital,7,Res. 0847-2025-JNE art. 1,7
130308,distrital,9,Res. 0847-2025-JNE art. 1,9
130309,distrital,5,Res. 0847-2025-JNE art. 2 (regla de cierre),5
130310,distrital,5,Res. 0847-2025-JNE art. 2 (regla de cierre),5
130311,distrital,5,Res. 0847-2025-JNE art. 2 (regla de cierre),5
130312,distrital,7,Res. 0847-2025-JNE art. 1,7
140102,distrital,11,Res. 0847-2025-JNE art. 1,11
140103,distrital,15,Res. 0847-2025-JNE art. 1,15
140104,distrital,9,Res. 0847-2025-JNE art. 1,9
140105,distrital,13,Res. 0847-2025-JNE art. 1,13
140106,distrital,15,Res. 0847-2025-JNE art. 1,15
140107,distrital,7,Res. 0847-2025-JNE art. 1,7
140108,distrital,13,Res. 0847-2025-JNE art. 1,13
140109,distrital,11,Res. 0847-2025-JNE art. 1,11
140110,distrital,11,Res. 0847-2025-JNE art. 1,11
140111,distrital,9,Res. 0847-2025-JNE art. 1,9
140112,distrital,13,Res. 0847-2025-JNE art. 1,13
140113,distrital,11,Res. 0847-2025-JNE art. 1,11
140114,distrital,9,Res. 0847-2025-JNE art. 1,9
140115,distrital,11,Res. 0847-2025-JNE art. 1,11
140116,distrital,11,Res. 0847-2025-JNE art. 1,11
140117,distrital,11,Res. 0847-2025-JNE art. 1,11
140118,distrital,5,Res. 0847-2025-JNE art. 2 (regla de cierre),5
140119,distrital,13,Res. 0847-2025-JNE art. 1,13
140120,distrital,7,Res. 0847-2025-JNE art. 1,7
140121,distrital,5,Res. 0847-2025-JNE art. 2 (regla de cierre),5
140122,distrital,11,Res. 0847-2025-JNE art. 1,11
140123,distrital,5,Res. 0847-2025-JNE art. 2 (regla de cierre),5
140124,distrital,9,Res. 0847-2025-JNE art. 1,9
140125,distrital,7,Res. 0847-2025-JNE art. 1,7
140126,distrital,15,Res. 0847-2025-JNE art. 1,15
140127,distrital,11,Res. 0847-2025-JNE art. 1,11
140128,distrital,5,Res. 0847-2025-JNE art. 2 (regla de cierre),5
140129,distrital,7,Res. 0847-2025-JNE art. 1,7
140130,distrital,13,Res. 0847-2025-JNE art. 1,13
140131,distrital,11,Res. 0847-2025-JNE art. 1,11
140132,distrital,13,Res. 0847-2025-JNE art. 1,13
140133,distrital,9,Res. 0847-2025-JNE art. 1,9
140134,distrital,11,Res. 0847-2025-JNE art. 1,11
140135,distrital,11,Res. 0847-2025-JNE art. 1,11
140136,distrital,13,Res. 0847-2025-JNE art. 1,13
140137,distrital,15,Res. 0847-2025-JNE art. 1,15
140138,distrital,9,Res. 0847-2025-JNE art. 1,9
140139,distrital,7,Res. 0847-2025-JNE art. 1,7
140140,distrital,11,Res. 0847-2025-JNE art. 1,11
140141,distrital,13,Res. 0847-2025-JNE art. 1,13
140142,distrital,13,Res. 0847-2025-JNE art. 1,13
140143,distrital,11,Res. 0847-2025-JNE art. 1,11
140205,distrital,5,Res. 0847-2025-JNE art. 2 (regla de cierre),5
140206,distrital,5,Res. 0847-2025-JNE art. 2 (regla de cierre),5
140207,distrital,5,Res. 0847-2025-JNE art. 2 (regla de cierre),5
140208,distrital,5,Res. 0847-2025-JNE art. 2 (regla de cierre),5
140302,distrital,5,Res. 0847-2025-JNE art. 2 (regla de cierre),5
140303,distrital,5,Res. 0847-2025-JNE art. 2 (regla de cierre),5
140304,distrital,5,Res. 0847-2025-JNE art. 2 (regla de cierre),5
140305,distrital,5,Res. 0847-2025-JNE art. 2 (regla de cierre),5
140306,distrital,5,Res. 0847-2025-JNE art. 2 (regla de cierre),5
140307,distrital,5,Res. 0847-2025-JNE art. 2 (regla de cierre),5
140402,distrital,5,Res. 0847-2025-JNE art. 2 (regla de cierre),5
140403,distrital,5,Res. 0847-2025-JNE art. 2 (regla de cierre),5
140404,distrital,5,Res. 0847-2025-JNE art. 2 (regla de cierre),5
140405,distrital,7,Res. 0847-2025-JNE art. 1,7
140406,distrital,7,Res. 0847-2025-JNE art. 1,7
140407,distrital,5,Res. 0847-2025-JNE art. 2 (regla de cierre),5
140408,distrital,7,Res. 0847-2025-JNE art. 1,7
140409,distrital,7,Res. 0847-2025-JNE art. 1,7
140410,distrital,5,Res. 0847-2025-JNE art. 2 (regla de cierre),5
140411,distrital,5,Res. 0847-2025-JNE art. 2 (regla de cierre),5
140412,distrital,5,Res. 0847-2025-JNE art. 2 (regla de cierre),5
140413,distrital,5,Res. 0847-2025-JNE art. 2 (regla de cierre),5
140414,distrital,5,Res. 0847-2025-JNE art. 2 (regla de cierre),5
140415,distrital,5,Res. 0847-2025-JNE art. 2 (regla de cierre),5
140416,distrital,5,Res. 0847-2025-JNE art. 2 (regla de cierre),5
140502,distrital,5,Res. 0847-2025-JNE art. 2 (regla de cierre),5
140504,distrital,5,Res. 0847-2025-JNE art. 2 (regla de cierre),5
140505,distrital,5,Res. 0847-2025-JNE art. 2 (regla de cierre),5
140506,distrital,7,Res. 0847-2025-JNE art. 1,7
140507,distrital,7,Res. 0847-2025-JNE art. 1,7
140508,distrital,5,Res. 0847-2025-JNE art. 2 (regla de cierre),5
140509,distrital,5,Res. 0847-2025-JNE art. 2 (regla de cierre),5
140511,distrital,5,Res. 0847-2025-JNE art. 2 (regla de cierre),5
140512,distrital,7,Res. 0847-2025-JNE art. 1,7
140513,distrital,7,Res. 0847-2025-JNE art. 1,7
140516,distrital,7,Res. 0847-2025-JNE art. 1,7
140602,distrital,5,Res. 0847-2025-JNE art. 2 (regla de cierre),5
140603,distrital,5,Res. 0847-2025-JNE art. 2 (regla de cierre),5
140604,distrital,5,Res. 0847-2025-JNE art. 2 (regla de cierre),5
140605,distrital,5,Res. 0847-2025-JNE art. 2 (regla de cierre),5
140606,distrital,5,Res. 0847-2025-JNE art. 2 (regla de cierre),5
140607,distrital,5,Res. 0847-2025-JNE art. 2 (regla de cierre),5
140608,distrital,5,Res. 0847-2025-JNE art. 2 (regla de cierre),5
140609,distrital,5,Res. 0847-2025-JNE art. 2 (regla de cierre),5
140610,distrital,5,Res. 0847-2025-JNE art. 2 (regla de cierre),5
140611,distrital,5,Res. 0847-2025-JNE art. 2 (regla de cierre),5
140612,distrital,5,Res. 0847-2025-JNE art. 2 (regla de cierre),5
140613,distrital,5,Res. 0847-2025-JNE art. 2 (regla de cierre),5
140614,distrital,5,Res. 0847-2025-JNE art. 2 (regla de cierre),5
140615,distrital,5,Res. 0847-2025-JNE art. 2 (regla de cierre),5
140616,distrital,5,Res. 0847-2025-JNE art. 2 (regla de cierre),5
140617,distrital,5,Res. 0847-2025-JNE art. 2 (regla de cierre),5
140618,distrital,5,Res. 0847-2025-JNE art. 2 (regla de cierre),5
140619,distrital,5,Res. 0847-2025-JNE art. 2 (regla de cierre),5
140620,distrital,5,Res. 0847-2025-JNE art. 2 (regla de cierre),5
140621,distrital,5,Res. 0847-2025-JNE art. 2 (regla de cierre),5
140622,distrital,5,Res. 0847-2025-JNE art. 2 (regla de cierre),5
140623,distrital,5,Res. 0847-2025-JNE art. 2 (regla de cierre),5
140624,distrital,5,Res. 0847-2025-JNE art. 2 (regla de cierre),5
140625,distrital,5,Res. 0847-2025-JNE art. 2 (regla de cierre),5
140626,distrital,5,Res. 0847-2025-JNE art. 2 (regla de cierre),5
140627,distrital,5,Res. 0847-2025-JNE art. 2 (regla de cierre),5
140628,distrital,5,Res. 0847-2025-JNE art. 2 (regla de cierre),5
140629,distrital,5,Res. 0847-2025-JNE art. 2 (regla de cierre),5
140630,distrital,5,Res. 0847-2025-JNE art. 2 (regla de cierre),5
140631,distrital,5,Res. 0847-2025-JNE art. 2 (regla de cierre),5
140632,distrital,5,Res. 0847-2025-JNE art. 2 (regla de cierre),5
140702,distrital,5,Res. 0847-2025-JNE art. 2 (regla de cierre),5
140703,distrital,5,Res. 0847-2025-JNE art. 2 (regla de cierre),5
140704,distrital,5,Res. 0847-2025-JNE art. 2 (regla de cierre),5
140705,distrital,5,Res. 0847-2025-JNE art. 2 (regla de cierre),5
140706,distrital,5,Res. 0847-2025-JNE art. 2 (regla de cierre),5
140707,distrital,5,Res. 0847-2025-JNE art. 2 (regla de cierre),5
140708,distrital,5,Res. 0847-2025-JNE art. 2 (regla de cierre),5
140709,distrital,5,Res. 0847-2025-JNE art. 2 (regla de cierre),5
140710,distrital,5,Res. 0847-2025-JNE art. 2 (regla de cierre),5
140711,distrital,5,Res. 0847-2025-JNE art. 2 (regla de cierre),5
140712,distrital,5,Res. 0847-2025-JNE art. 2 (regla de cierre),5
140713,distrital,5,Res. 0847-2025-JNE art. 2 (regla de cierre),5
140714,distrital,5,Res. 0847-2025-JNE art. 2 (regla de cierre),5
140715,distrital,5,Res. 0847-2025-JNE art. 2 (regla de cierre),5
140716,distrital,5,Res. 0847-2025-JNE art. 2 (regla de cierre),5
140717,distrital,5,Res. 0847-2025-JNE art. 2 (regla de cierre),5
140718,distrital,5,Res. 0847-2025-JNE art. 2 (regla de cierre),5
140719,distrital,5,Res. 0847-2025-JNE art. 2 (regla de cierre),5
140720,distrital,5,Res. 0847-2025-JNE art. 2 (regla de cierre),5
140721,distrital,5,Res. 0847-2025-JNE art. 2 (regla de cierre),5
140722,distrital,5,Res. 0847-2025-JNE art. 2 (regla de cierre),5
140723,distrital,5,Res. 0847-2025-JNE art. 2 (regla de cierre),5
140724,distrital,5,Res. 0847-2025-JNE art. 2 (regla de cierre),5
140725,distrital,5,Res. 0847-2025-JNE art. 2 (regla de cierre),5
140726,distrital,5,Res. 0847-2025-JNE art. 2 (regla de cierre),5
140727,distrital,5,Res. 0847-2025-JNE art. 2 (regla de cierre),5
140728,distrital,5,Res. 0847-2025-JNE art. 2 (regla de cierre),5
140729,distrital,5,Res. 0847-2025-JNE art. 2 (regla de cierre),5
140730,distrital,5,Res. 0847-2025-JNE art. 2 (regla de cierre),5
140731,distrital,5,Res. 0847-2025-JNE art. 2 (regla de cierre),5
140732,distrital,5,Res. 0847-2025-JNE art. 2 (regla de cierre),5
140733,distrital,5,Res. 0847-2025-JNE art. 2 (regla de cierre),5
140802,distrital,5,Res. 0847-2025-JNE art. 2 (regla de cierre),5
140803,distrital,5,Res. 0847-2025-JNE art. 2 (regla de cierre),5
140804,distrital,5,Res. 0847-2025-JNE art. 2 (regla de cierre),5
140805,distrital,9,Res. 0847-2025-JNE art. 1,9
140806,distrital,5,Res. 0847-2025-JNE art. 2 (regla de cierre),5
140807,distrital,5,Res. 0847-2025-JNE art. 2 (regla de cierre),5
140808,distrital,5,Res. 0847-2025-JNE art. 2 (regla de cierre),5
140809,distrital,5,Res. 0847-2025-JNE art. 2 (regla de cierre),5
140810,distrital,5,Res. 0847-2025-JNE art. 2 (regla de cierre),5
140811,distrital,5,Res. 0847-2025-JNE art. 2 (regla de cierre),5
140812,distrital,5,Res. 0847-2025-JNE art. 2 (regla de cierre),5
140902,distrital,5,Res. 0847-2025-JNE art. 2 (regla de cierre),5
140903,distrital,5,Res. 0847-2025-JNE art. 2 (regla de cierre),5
140904,distrital,7,Res. 0847-2025-JNE art. 1,7
140905,distrital,5,Res. 0847-2025-JNE art. 2 (regla de cierre),5
141002,distrital,5,Res. 0847-2025-JNE art. 2 (regla de cierre),5
141003,distrital,5,Res. 0847-2025-JNE art. 2 (regla de cierre),5
141004,distrital,5,Res. 0847-2025-JNE art. 2 (regla de cierre),5
141005,distrital,5,Res. 0847-2025-JNE art. 2 (regla de cierre),5
141006,distrital,5,Res. 0847-2025-JNE art. 2 (regla de cierre),5
150102,distrital,5,Res. 0847-2025-JNE art. 2 (regla de cierre),5
150103,distrital,5,Res. 0847-2025-JNE art. 2 (regla de cierre),5
150104,distrital,5,Res. 0847-2025-JNE art. 2 (regla de cierre),5
150105,distrital,5,Res. 0847-2025-JNE art. 2 (regla de cierre),5
150106,distrital,5,Res. 0847-2025-JNE art. 2 (regla de cierre),5
150108,distrital,5,Res. 0847-2025-JNE art. 2 (regla de cierre),5
150110,distrital,5,Res. 0847-2025-JNE art. 2 (regla de cierre),5
150111,distrital,9,Res. 0847-2025-JNE art. 1,9
150112,distrital,9,Res. 0847-2025-JNE art. 1,9
150113,distrital,11,Res. 0847-2025-JNE art. 1,11
150202,distrital,5,Res. 0847-2025-JNE art. 2 (regla de cierre),5
150205,distrital,5,Res. 0847-2025-JNE art. 2 (regla de cierre),5
150206,distrital,5,Res. 0847-2025-JNE art. 2 (regla de cierre),5
150210,distrital,5,Res. 0847-2025-JNE art. 2 (regla de cierre),5
150211,distrital,5,Res. 0847-2025-JNE art. 2 (regla de cierre),5
150302,distrital,5,Res. 0847-2025-JNE art. 2 (regla de cierre),5
150303,distrital,5,Res. 0847-2025-JNE art. 2 (regla de cierre),5
150304,distrital,5,Res. 0847-2025-JNE art. 2 (regla de cierre),5
150305,distrital,5,Res. 0847-2025-JNE art. 2 (regla de cierre),5
150402,distrital,5,Res. 0847-2025-JNE art. 2 (regla de cierre),5
150403,distrital,5,Res. 0847-2025-JNE art. 2 (regla de cierre),5
150404,distrital,5,Res. 0847-2025-JNE art. 2 (regla de cierre),5
150405,distrital,5,Res. 0847-2025-JNE art. 2 (regla de cierre),5
150406,distrital,5,Res. 0847-2025-JNE art. 2 (regla de cierre),5
150407,distrital,5,Res. 0847-2025-JNE art. 2 (regla de cierre),5
150408,distrital,5,Res. 0847-2025-JNE art. 2 (regla de cierre),5
150409,distrital,5,Res. 0847-2025-JNE art. 2 (regla de cierre),5
150410,distrital,5,Res. 0847-2025-JNE art. 2 (regla de cierre),5
150411,distrital,5,Res. 0847-2025-JNE art. 2 (regla de cierre),5
150502,distrital,5,Res. 0847-2025-JNE art. 2 (regla de cierre),5
150503,distrital,5,Res. 0847-2025-JNE art. 2 (regla de cierre),5
150504,distrital,5,Res. 0847-2025-JNE art. 2 (regla de cierre),5
150505,distrital,5,Res. 0847-2025-JNE art. 2 (regla de cierre),5
150506,distrital,5,Res. 0847-2025-JNE art. 2 (regla de cierre),5
150602,distrital,5,Res. 0847-2025-JNE art. 2 (regla de cierre),5
150603,distrital,5,Res. 0847-2025-JNE art. 2 (regla de cierre),5
150604,distrital,5,Res. 0847-2025-JNE art. 2 (regla de cierre),5
150605,distrital,5,Res. 0847-2025-JNE art. 2 (regla de cierre),5
150702,distrital,5,Res. 0847-2025-JNE art. 2 (regla de cierre),5
150703,distrital,5,Res. 0847-2025-JNE art. 2 (regla de cierre),5
150704,distrital,5,Res. 0847-2025-JNE art. 2 (regla de cierre),5
150705,distrital,5,Res. 0847-2025-JNE art. 2 (regla de cierre),5
150706,distrital,5,Res. 0847-2025-JNE art. 2 (regla de cierre),5
150902,distrital,5,Res. 0847-2025-JNE art. 2 (regla de cierre),5
150903,distrital,5,Res. 0847-2025-JNE art. 2 (regla de cierre),5
150904,distrital,5,Res. 0847-2025-JNE art. 2 (regla de cierre),5
160102,distrital,5,Res. 0847-2025-JNE art. 2 (regla de cierre),5
160103,distrital,7,Res. 0847-2025-JNE art. 1,7
160104,distrital,5,Res. 0847-2025-JNE art. 2 (regla de cierre),5
160202,distrital,5,Res. 0847-2025-JNE art. 2 (regla de cierre),5
160203,distrital,5,Res. 0847-2025-JNE art. 2 (regla de cierre),5
160204,distrital,5,Res. 0847-2025-JNE art. 2 (regla de cierre),5
160302,distrital,5,Res. 0847-2025-JNE art. 2 (regla de cierre),5
160303,distrital,5,Res. 0847-2025-JNE art. 2 (regla de cierre),5
170102,distrital,5,Res. 0847-2025-JNE art. 2 (regla de cierre),5
170103,distrital,5,Res. 0847-2025-JNE art. 2 (regla de cierre),5
170104,distrital,5,Res. 0847-2025-JNE art. 2 (regla de cierre),5
170105,distrital,5,Res. 0847-2025-JNE art. 2 (regla de cierre),5
170106,distrital,5,Res. 0847-2025-JNE art. 2 (regla de cierre),5
170107,distrital,7,Res. 0847-2025-JNE art. 1,7
170202,distrital,5,Res. 0847-2025-JNE art. 2 (regla de cierre),5
170203,distrital,5,Res. 0847-2025-JNE art. 2 (regla de cierre),5
170204,distrital,5,Res. 0847-2025-JNE art. 2 (regla de cierre),5
170205,distrital,5,Res. 0847-2025-JNE art. 2 (regla de cierre),5
170206,distrital,5,Res. 0847-2025-JNE art. 2 (regla de cierre),5
170207,distrital,5,Res. 0847-2025-JNE art. 2 (regla de cierre),5
170208,distrital,5,Res. 0847-2025-JNE art. 2 (regla de cierre),5
170209,distrital,5,Res. 0847-2025-JNE art. 2 (regla de cierre),5
170210,distrital,5,Res. 0847-2025-JNE art. 2 (regla de cierre),5
170211,distrital,5,Res. 0847-2025-JNE art. 2 (regla de cierre),5
170302,distrital,5,Res. 0847-2025-JNE art. 2 (regla de cierre),5
170303,distrital,5,Res. 0847-2025-JNE art. 2 (regla de cierre),5
180103,distrital,5,Res. 0847-2025-JNE art. 2 (regla de cierre),5
180104,distrital,5,Res. 0847-2025-JNE art. 2 (regla de cierre),5
180105,distrital,5,Res. 0847-2025-JNE art. 2 (regla de cierre),5
180106,distrital,5,Res. 0847-2025-JNE art. 2 (regla de cierre),5
180107,distrital,5,Res. 0847-2025-JNE art. 2 (regla de cierre),5
180108,distrital,5,Res. 0847-2025-JNE art. 2 (regla de cierre),5
180109,distrital,5,Res. 0847-2025-JNE art. 2 (regla de cierre),5
180110,distrital,5,Res. 0847-2025-JNE art. 2 (regla de cierre),5
180111,distrital,5,Res. 0847-2025-JNE art. 2 (regla de cierre),5
180112,distrital,5,Res. 0847-2025-JNE art. 2 (regla de cierre),5
180113,distrital,5,Res. 0847-2025-JNE art. 2 (regla de cierre),5
180114,distrital,7,Res. 0847-2025-JNE art. 1,7
180202,distrital,5,Res. 0847-2025-JNE art. 2 (regla de cierre),5
180203,distrital,5,Res. 0847-2025-JNE art. 2 (regla de cierre),5
180204,distrital,5,Res. 0847-2025-JNE art. 2 (regla de cierre),5
180205,distrital,5,Res. 0847-2025-JNE art. 2 (regla de cierre),5
180206,distrital,7,Res. 0847-2025-JNE art. 1,7
180207,distrital,5,Res. 0847-2025-JNE art. 2 (regla de cierre),5
180208,distrital,5,Res. 0847-2025-JNE art. 2 (regla de cierre),5
180302,distrital,5,Res. 0847-2025-JNE art. 2 (regla de cierre),5
180303,distrital,5,Res. 0847-2025-JNE art. 2 (regla de cierre),5
180304,distrital,5,Res. 0847-2025-JNE art. 2 (regla de cierre),5
180305,distrital,5,Res. 0847-2025-JNE art. 2 (regla de cierre),5
180306,distrital,5,Res. 0847-2025-JNE art. 2 (regla de cierre),5
180307,distrital,5,Res. 0847-2025-JNE art. 2 (regla de cierre),5
180308,distrital,5,Res. 0847-2025-JNE art. 2 (regla de cierre),5
190103,distrital,11,Res. 0847-2025-JNE art. 1,11
190104,distrital,9,Res. 0847-2025-JNE art. 1,9
190105,distrital,7,Res. 0847-2025-JNE art. 1,7
190106,distrital,7,Res. 0847-2025-JNE art. 1,7
190107,distrital,7,Res. 0847-2025-JNE art. 1,7
190109,distrital,11,Res. 0847-2025-JNE art. 1,11
190113,distrital,5,Res. 0847-2025-JNE art. 2 (regla de cierre),5
190114,distrital,5,Res. 0847-2025-JNE art. 2 (regla de cierre),5
190115,distrital,11,Res. 0847-2025-JNE art. 1,11
190202,distrital,5,Res. 0847-2025-JNE art. 2 (regla de cierre),5
190203,distrital,5,Res. 0847-2025-JNE art. 2 (regla de cierre),5
190204,distrital,5,Res. 0847-2025-JNE art. 2 (regla de cierre),5
190205,distrital,5,Res. 0847-2025-JNE art. 2 (regla de cierre),5
190206,distrital,5,Res. 0847-2025-JNE art. 2 (regla de cierre),5
190207,distrital,5,Res. 0847-2025-JNE art. 2 (regla de cierre),5
190208,distrital,5,Res. 0847-2025-JNE art. 2 (regla de cierre),5
190209,distrital,5,Res. 0847-2025-JNE art. 2 (regla de cierre),5
190210,distrital,5,Res. 0847-2025-JNE art. 2 (regla de cierre),5
190302,distrital,5,Res. 0847-2025-JNE art. 2 (regla de cierre),5
190303,distrital,7,Res. 0847-2025-JNE art. 1,7
190304,distrital,5,Res. 0847-2025-JNE art. 2 (regla de cierre),5
190305,distrital,5,Res. 0847-2025-JNE art. 2 (regla de cierre),5
190306,distrital,5,Res. 0847-2025-JNE art. 2 (regla de cierre),5
190307,distrital,5,Res. 0847-2025-JNE art. 2 (regla de cierre),5
190308,distrital,5,Res. 0847-2025-JNE art. 2 (regla de cierre),5
190402,distrital,5,Res. 0847-2025-JNE art. 2 (regla de cierre),5
190403,distrital,5,Res. 0847-2025-JNE art. 2 (regla de cierre),5
190404,distrital,5,Res. 0847-2025-JNE art. 2 (regla de cierre),5
190405,distrital,5,Res. 0847-2025-JNE art. 2 (regla de cierre),5
190406,distrital,5,Res. 0847-2025-JNE art. 2 (regla de cierre),5
190407,distrital,5,Res. 0847-2025-JNE art. 2 (regla de cierre),5
190408,distrital,5,Res. 0847-2025-JNE art. 2 (regla de cierre),5
190409,distrital,5,Res. 0847-2025-JNE art. 2 (regla de cierre),5
190410,distrital,5,Res. 0847-2025-JNE art. 2 (regla de cierre),5
190502,distrital,5,Res. 0847-2025-JNE art. 2 (regla de cierre),5
190503,distrital,5,Res. 0847-2025-JNE art. 2 (regla de cierre),5
190504,distrital,5,Res. 0847-2025-JNE art. 2 (regla de cierre),5
190505,distrital,5,Res. 0847-2025-JNE art. 2 (regla de cierre),5
190506,distrital,5,Res. 0847-2025-JNE art. 2 (regla de cierre),5
190507,distrital,5,Res. 0847-2025-JNE art. 2 (regla de cierre),5
190602,distrital,7,Res. 0847-2025-JNE art. 1,7
190603,distrital,5,Res. 0847-2025-JNE art. 2 (regla de cierre),5
190604,distrital,7,Res. 0847-2025-JNE art. 1,7
190605,distrital,5,Res. 0847-2025-JNE art. 2 (regla de cierre),5
190606,distrital,7,Res. 0847-2025-JNE art. 1,7
190607,distrital,5,Res. 0847-2025-JNE art. 2 (regla de cierre),5
190608,distrital,5,Res. 0847-2025-JNE art. 2 (regla de cierre),5
190702,distrital,5,Res. 0847-2025-JNE art. 2 (regla de cierre),5
190703,distrital,5,Res. 0847-2025-JNE art. 2 (regla de cierre),5
190704,distrital,5,Res. 0847-2025-JNE art. 2 (regla de cierre),5
190705,distrital,5,Res. 0847-2025-JNE art. 2 (regla de cierre),5
190706,distrital,5,Res. 0847-2025-JNE art. 2 (regla de cierre),5
190802,distrital,5,Res. 0847-2025-JNE art. 2 (regla de cierre),5
190803,distrital,5,Res. 0847-2025-JNE art. 2 (regla de cierre),5
190804,distrital,5,Res. 0847-2025-JNE art. 2 (regla de cierre),5
190805,distrital,5,Res. 0847-2025-JNE art. 2 (regla de cierre),5
190806,distrital,5,Res. 0847-2025-JNE art. 2 (regla de cierre),5
200102,distrital,5,Res. 0847-2025-JNE art. 2 (regla de cierre),5
200103,distrital,5,Res. 0847-2025-JNE art. 2 (regla de cierre),5
200104,distrital,5,Res. 0847-2025-JNE art. 2 (regla de cierre),5
200105,distrital,5,Res. 0847-2025-JNE art. 2 (regla de cierre),5
200106,distrital,5,Res. 0847-2025-JNE art. 2 (regla de cierre),5
200107,distrital,5,Res. 0847-2025-JNE art. 2 (regla de cierre),5
200108,distrital,5,Res. 0847-2025-JNE art. 2 (regla de cierre),5
200109,distrital,5,Res. 0847-2025-JNE art. 2 (regla de cierre),5
200110,distrital,5,Res. 0847-2025-JNE art. 2 (regla de cierre),5
200111,distrital,5,Res. 0847-2025-JNE art. 2 (regla de cierre),5
200112,distrital,5,Res. 0847-2025-JNE art. 2 (regla de cierre),5
200113,distrital,5,Res. 0847-2025-JNE art. 2 (regla de cierre),5
200114,distrital,5,Res. 0847-2025-JNE art. 2 (regla de cierre),5
200115,distrital,5,Res. 0847-2025-JNE art. 2 (regla de cierre),5
200202,distrital,5,Res. 0847-2025-JNE art. 2 (regla de cierre),5
200203,distrital,5,Res. 0847-2025-JNE art. 2 (regla de cierre),5
200204,distrital,5,Res. 0847-2025-JNE art. 2 (regla de cierre),5
200205,distrital,5,Res. 0847-2025-JNE art. 2 (regla de cierre),5
200206,distrital,5,Res. 0847-2025-JNE art. 2 (regla de cierre),5
200207,distrital,5,Res. 0847-2025-JNE art. 2 (regla de cierre),5
200208,distrital,5,Res. 0847-2025-JNE art. 2 (regla de cierre),5
200210,distrital,5,Res. 0847-2025-JNE art. 2 (regla de cierre),5
200212,distrital,5,Res. 0847-2025-JNE art. 2 (regla de cierre),5
200213,distrital,5,Res. 0847-2025-JNE art. 2 (regla de cierre),5
200214,distrital,5,Res. 0847-2025-JNE art. 2 (regla de cierre),5
200215,distrital,5,Res. 0847-2025-JNE art. 2 (regla de cierre),5
200216,distrital,5,Res. 0847-2025-JNE art. 2 (regla de cierre),5
200217,distrital,5,Res. 0847-2025-JNE art. 2 (regla de cierre),5
200302,distrital,5,Res. 0847-2025-JNE art. 2 (regla de cierre),5
200303,distrital,5,Res. 0847-2025-JNE art. 2 (regla de cierre),5
200304,distrital,5,Res. 0847-2025-JNE art. 2 (regla de cierre),5
200305,distrital,5,Res. 0847-2025-JNE art. 2 (regla de cierre),5
200306,distrital,5,Res. 0847-2025-JNE art. 2 (regla de cierre),5
200307,distrital,5,Res. 0847-2025-JNE art. 2 (regla de cierre),5
200308,distrital,5,Res. 0847-2025-JNE art. 2 (regla de cierre),5
200309,distrital,5,Res. 0847-2025-JNE art. 2 (regla de cierre),5
200310,distrital,5,Res. 0847-2025-JNE art. 2 (regla de cierre),5
200402,distrital,5,Res. 0847-2025-JNE art. 2 (regla de cierre),5
200403,distrital,5,Res. 0847-2025-JNE art. 2 (regla de cierre),5
200406,distrital,5,Res. 0847-2025-JNE art. 2 (regla de cierre),5
200407,distrital,5,Res. 0847-2025-JNE art. 2 (regla de cierre),5
200410,distrital,5,Res. 0847-2025-JNE art. 2 (regla de cierre),5
200412,distrital,5,Res. 0847-2025-JNE art. 2 (regla de cierre),5
200502,distrital,5,Res. 0847-2025-JNE art. 2 (regla de cierre),5
200504,distrital,5,Res. 0847-2025-JNE art. 2 (regla de cierre),5
200506,distrital,5,Res. 0847-2025-JNE art. 2 (regla de cierre),5
200507,distrital,5,Res. 0847-2025-JNE art. 2 (regla de cierre),5
200508,distrital,5,Res. 0847-2025-JNE art. 2 (regla de cierre),5
200509,distrital,5,Res. 0847-2025-JNE art. 2 (regla de cierre),5
200511,distrital,5,Res. 0847-2025-JNE art. 2 (regla de cierre),5
200602,distrital,5,Res. 0847-2025-JNE art. 2 (regla de cierre),5
200603,distrital,5,Res. 0847-2025-JNE art. 2 (regla de cierre),5
200604,distrital,5,Res. 0847-2025-JNE art. 2 (regla de cierre),5
200605,distrital,5,Res. 0847-2025-JNE art. 2 (regla de cierre),5
200606,distrital,5,Res. 0847-2025-JNE art. 2 (regla de cierre),5
200607,distrital,5,Res. 0847-2025-JNE art. 2 (regla de cierre),5
200608,distrital,5,Res. 0847-2025-JNE art. 2 (regla de cierre),5
200609,distrital,5,Res. 0847-2025-JNE art. 2 (regla de cierre),5
200610,distrital,5,Res. 0847-2025-JNE art. 2 (regla de cierre),5
200702,distrital,5,Res. 0847-2025-JNE art. 2 (regla de cierre),5
200703,distrital,5,Res. 0847-2025-JNE art. 2 (regla de cierre),5
200704,distrital,5,Res. 0847-2025-JNE art. 2 (regla de cierre),5
200705,distrital,5,Res. 0847-2025-JNE art. 2 (regla de cierre),5
200706,distrital,5,Res. 0847-2025-JNE art. 2 (regla de cierre),5
200707,distrital,5,Res. 0847-2025-JNE art. 2 (regla de cierre),5
200708,distrital,5,Res. 0847-2025-JNE art. 2 (regla de cierre),5
200709,distrital,5,Res. 0847-2025-JNE art. 2 (regla de cierre),5
200803,distrital,5,Res. 0847-2025-JNE art. 2 (regla de cierre),5
200804,distrital,5,Res. 0847-2025-JNE art. 2 (regla de cierre),5
200805,distrital,5,Res. 0847-2025-JNE art. 2 (regla de cierre),5
200806,distrital,5,Res. 0847-2025-JNE art. 2 (regla de cierre),5
200807,distrital,5,Res. 0847-2025-JNE art. 2 (regla de cierre),5
200808,distrital,5,Res. 0847-2025-JNE art. 2 (regla de cierre),5
200810,distrital,5,Res. 0847-2025-JNE art. 2 (regla de cierre),5
200811,distrital,5,Res. 0847-2025-JNE art. 2 (regla de cierre),5
200812,distrital,5,Res. 0847-2025-JNE art. 2 (regla de cierre),5
200902,distrital,5,Res. 0847-2025-JNE art. 2 (regla de cierre),5
200903,distrital,5,Res. 0847-2025-JNE art. 2 (regla de cierre),5
200904,distrital,5,Res. 0847-2025-JNE art. 2 (regla de cierre),5
200905,distrital,9,Res. 0847-2025-JNE art. 1,9
201002,distrital,5,Res. 0847-2025-JNE art. 2 (regla de cierre),5
201003,distrital,5,Res. 0847-2025-JNE art. 2 (regla de cierre),5
201004,distrital,5,Res. 0847-2025-JNE art. 2 (regla de cierre),5
201005,distrital,5,Res. 0847-2025-JNE art. 2 (regla de cierre),5
201006,distrital,5,Res. 0847-2025-JNE art. 2 (regla de cierre),5
201007,distrital,5,Res. 0847-2025-JNE art. 2 (regla de cierre),5
201102,distrital,5,Res. 0847-2025-JNE art. 2 (regla de cierre),5
201103,distrital,5,Res. 0847-2025-JNE art. 2 (regla de cierre),5
201104,distrital,5,Res. 0847-2025-JNE art. 2 (regla de cierre),5
201105,distrital,5,Res. 0847-2025-JNE art. 2 (regla de cierre),5
201202,distrital,5,Res. 0847-2025-JNE art. 2 (regla de cierre),5
201203,distrital,5,Res. 0847-2025-JNE art. 2 (regla de cierre),5
201204,distrital,5,Res. 0847-2025-JNE art. 2 (regla de cierre),5
201205,distrital,5,Res. 0847-2025-JNE art. 2 (regla de cierre),5
201302,distrital,5,Res. 0847-2025-JNE art. 2 (regla de cierre),5
201303,distrital,5,Res. 0847-2025-JNE art. 2 (regla de cierre),5
201304,distrital,5,Res. 0847-2025-JNE art. 2 (regla de cierre),5
210102,distrital,5,Res. 0847-2025-JNE art. 2 (regla de cierre),5
210103,distrital,5,Res. 0847-2025-JNE art. 2 (regla de cierre),5
210104,distrital,5,Res. 0847-2025-JNE art. 2 (regla de cierre),5
210105,distrital,5,Res. 0847-2025-JNE art. 2 (regla de cierre),5
210106,distrital,5,Res. 0847-2025-JNE art. 2 (regla de cierre),5
210202,distrital,5,Res. 0847-2025-JNE art. 2 (regla de cierre),5
210203,distrital,5,Res. 0847-2025-JNE art. 2 (regla de cierre),5
210204,distrital,5,Res. 0847-2025-JNE art. 2 (regla de cierre),5
210205,distrital,5,Res. 0847-2025-JNE art. 2 (regla de cierre),5
210206,distrital,5,Res. 0847-2025-JNE art. 2 (regla de cierre),5
210303,distrital,5,Res. 0847-2025-JNE art. 2 (regla de cierre),5
210304,distrital,5,Res. 0847-2025-JNE art. 2 (regla de cierre),5
210305,distrital,5,Res. 0847-2025-JNE art. 2 (regla de cierre),5
210306,distrital,5,Res. 0847-2025-JNE art. 2 (regla de cierre),5
210307,distrital,5,Res. 0847-2025-JNE art. 2 (regla de cierre),5
210311,distrital,5,Res. 0847-2025-JNE art. 2 (regla de cierre),5
210313,distrital,5,Res. 0847-2025-JNE art. 2 (regla de cierre),5
210314,distrital,5,Res. 0847-2025-JNE art. 2 (regla de cierre),5
210315,distrital,5,Res. 0847-2025-JNE art. 2 (regla de cierre),5
210316,distrital,5,Res. 0847-2025-JNE art. 2 (regla de cierre),5
210402,distrital,5,Res. 0847-2025-JNE art. 2 (regla de cierre),5
210403,distrital,5,Res. 0847-2025-JNE art. 2 (regla de cierre),5
210404,distrital,5,Res. 0847-2025-JNE art. 2 (regla de cierre),5
210405,distrital,5,Res. 0847-2025-JNE art. 2 (regla de cierre),5
210502,distrital,5,Res. 0847-2025-JNE art. 2 (regla de cierre),5
210503,distrital,5,Res. 0847-2025-JNE art. 2 (regla de cierre),5
210504,distrital,5,Res. 0847-2025-JNE art. 2 (regla de cierre),5
210505,distrital,9,Res. 0847-2025-JNE art. 1,9
210506,distrital,7,Res. 0847-2025-JNE art. 1,7
210507,distrital,5,Res. 0847-2025-JNE art. 2 (regla de cierre),5
210508,distrital,5,Res. 0847-2025-JNE art. 2 (regla de cierre),5
210509,distrital,5,Res. 0847-2025-JNE art. 2 (regla de cierre),5
210602,distrital,5,Res. 0847-2025-JNE art. 2 (regla de cierre),5
210604,distrital,5,Res. 0847-2025-JNE art. 2 (regla de cierre),5
210606,distrital,5,Res. 0847-2025-JNE art. 2 (regla de cierre),5
210607,distrital,5,Res. 0847-2025-JNE art. 2 (regla de cierre),5
210608,distrital,5,Res. 0847-2025-JNE art. 2 (regla de cierre),5
210609,distrital,5,Res. 0847-2025-JNE art. 2 (regla de cierre),5
210610,distrital,5,Res. 0847-2025-JNE art. 2 (regla de cierre),5
210611,distrital,9,Res. 0847-2025-JNE art. 1,9
210612,distrital,5,Res. 0847-2025-JNE art. 2 (regla de cierre),5
210616,distrital,5,Res. 0847-2025-JNE art. 2 (regla de cierre),5
210619,distrital,5,Res. 0847-2025-JNE art. 2 (regla de cierre),5
210620,distrital,5,Res. 0847-2025-JNE art. 2 (regla de cierre),5
210621,distrital,9,Res. 0847-2025-JNE art. 1,9
210702,distrital,5,Res. 0847-2025-JNE art. 2 (regla de cierre),5
210703,distrital,5,Res. 0847-2025-JNE art. 2 (regla de cierre),5
210704,distrital,5,Res. 0847-2025-JNE art. 2 (regla de cierre),5
210705,distrital,5,Res. 0847-2025-JNE art. 2 (regla de cierre),5
210706,distrital,5,Res. 0847-2025-JNE art. 2 (regla de cierre),5
210802,distrital,5,Res. 0847-2025-JNE art. 2 (regla de cierre),5
210803,distrital,5,Res. 0847-2025-JNE art. 2 (regla de cierre),5
210804,distrital,5,Res. 0847-2025-JNE art. 2 (regla de cierre),5
210805,distrital,5,Res. 0847-2025-JNE art. 2 (regla de cierre),5
210806,distrital,5,Res. 0847-2025-JNE art. 2 (regla de cierre),5
210902,distrital,5,Res. 0847-2025-JNE art. 2 (regla de cierre),5
210903,distrital,5,Res. 0847-2025-JNE art. 2 (regla de cierre),5
210904,distrital,5,Res. 0847-2025-JNE art. 2 (regla de cierre),5
210905,distrital,5,Res. 0847-2025-JNE art. 2 (regla de cierre),5
210906,distrital,5,Res. 0847-2025-JNE art. 2 (regla de cierre),5
210907,distrital,5,Res. 0847-2025-JNE art. 2 (regla de cierre),5
210908,distrital,5,Res. 0847-2025-JNE art. 2 (regla de cierre),5
210909,distrital,5,Res. 0847-2025-JNE art. 2 (regla de cierre),5
210910,distrital,5,Res. 0847-2025-JNE art. 2 (regla de cierre),5
211002,distrital,5,Res. 0847-2025-JNE art. 2 (regla de cierre),5
211003,distrital,5,Res. 0847-2025-JNE art. 2 (regla de cierre),5
211004,distrital,5,Res. 0847-2025-JNE art. 2 (regla de cierre),5
211005,distrital,5,Res. 0847-2025-JNE art. 2 (regla de cierre),5
220102,distrital,5,Res. 0847-2025-JNE art. 2 (regla de cierre),5
220104,distrital,5,Res. 0847-2025-JNE art. 2 (regla de cierre),5
220107,distrital,5,Res. 0847-2025-JNE art. 2 (regla de cierre),5
220108,distrital,5,Res. 0847-2025-JNE art. 2 (regla de cierre),5
220109,distrital,5,Res. 0847-2025-JNE art. 2 (regla de cierre),5
220110,distrital,5,Res. 0847-2025-JNE art. 2 (regla de cierre),5
220111,distrital,7,Res. 0847-2025-JNE art. 1,7
220112,distrital,7,Res. 0847-2025-JNE art. 1,7
220113,distrital,11,Res. 0847-2025-JNE art. 1,11
220114,distrital,5,Res. 0847-2025-JNE art. 2 (regla de cierre),5
220205,distrital,5,Res. 0847-2025-JNE art. 2 (regla de cierre),5
220206,distrital,5,Res. 0847-2025-JNE art. 2 (regla de cierre),5
220207,distrital,5,Res. 0847-2025-JNE art. 2 (regla de cierre),5
220210,distrital,5,Res. 0847-2025-JNE art. 2 (regla de cierre),5
220211,distrital,5,Res. 0847-2025-JNE art. 2 (regla de cierre),5
220212,distrital,5,Res. 0847-2025-JNE art. 2 (regla de cierre),5
220213,distrital,5,Res. 0847-2025-JNE art. 2 (regla de cierre),5
220302,distrital,5,Res. 0847-2025-JNE art. 2 (regla de cierre),5
220303,distrital,5,Res. 0847-2025-JNE art. 2 (regla de cierre),5
220402,distrital,5,Res. 0847-2025-JNE art. 2 (regla de cierre),5
220403,distrital,5,Res. 0847-2025-JNE art. 2 (regla de cierre),5
220404,distrital,5,Res. 0847-2025-JNE art. 2 (regla de cierre),5
220405,distrital,5,Res. 0847-2025-JNE art. 2 (regla de cierre),5
220406,distrital,5,Res. 0847-2025-JNE art. 2 (regla de cierre),5
230102,distrital,7,Res. 0847-2025-JNE art. 1,7
230103,distrital,5,Res. 0847-2025-JNE art. 2 (regla de cierre),5
230104,distrital,5,Res. 0847-2025-JNE art. 2 (regla de cierre),5
230105,distrital,5,Res. 0847-2025-JNE art. 2 (regla de cierre),5
230106,distrital,5,Res. 0847-2025-JNE art. 2 (regla de cierre),5
230202,distrital,5,Res. 0847-2025-JNE art. 2 (regla de cierre),5
230203,distrital,5,Res. 0847-2025-JNE art. 2 (regla de cierre),5
230302,distrital,5,Res. 0847-2025-JNE art. 2 (regla de cierre),5
230303,distrital,5,Res. 0847-2025-JNE art. 2 (regla de cierre),5
230304,distrital,5,Res. 0847-2025-JNE art. 2 (regla de cierre),5
240102,distrital,9,Res. 0847-2025-JNE art. 1,9
240103,distrital,5,Res. 0847-2025-JNE art. 2 (regla de cierre),5
240104,distrital,7,Res. 0847-2025-JNE art. 1,7
240105,distrital,9,Res. 0847-2025-JNE art. 1,9
240106,distrital,13,Res. 0847-2025-JNE art. 1,13
240107,distrital,9,Res. 0847-2025-JNE art. 1,9
250102,distrital,11,Res. 0847-2025-JNE art. 1,11
250103,distrital,5,Res. 0847-2025-JNE art. 2 (regla de cierre),5
250104,distrital,5,Res. 0847-2025-JNE art. 2 (regla de cierre),5
250105,distrital,5,Res. 0847-2025-JNE art. 2 (regla de cierre),5
250106,distrital,5,Res. 0847-2025-JNE art. 2 (regla de cierre),5
250107,distrital,11,Res. 0847-2025-JNE art. 1,11
250202,distrital,5,Res. 0847-2025-JNE art. 2 (regla de cierre),5
250203,distrital,5,Res. 0847-2025-JNE art. 2 (regla de cierre),5
250204,distrital,5,Res. 0847-2025-JNE art. 2 (regla de cierre),5
250205,distrital,5,Res. 0847-2025-JNE art. 2 (regla de cierre),5
250206,distrital,5,Res. 0847-2025-JNE art. 2 (regla de cierre),5
250207,distrital,5,Res. 0847-2025-JNE art. 2 (regla de cierre),5
250302,distrital,5,Res. 0847-2025-JNE art. 2 (regla de cierre),5
250303,distrital,5,Res. 0847-2025-JNE art. 2 (regla de cierre),5
250304,distrital,5,Res. 0847-2025-JNE art. 2 (regla de cierre),5
