ubigeo,departamento,provincia,distrito,electores,area_km2,population_density,keiko_2021_share,castillo_2021_share,rural,agua,trabajo,sis,educacion,pobreza
10101,Amazonas,Chachapoyas,Chachapoyas,22013.0,153.0742,143.8061,44.4754,55.5246,1.7276,94.0641,44.5086,46.5004,65.4401,9.034625
10102,Amazonas,Chachapoyas,Asunción,301.0,34.8696,8.6322,20.3947,79.6053,100.0,84.8485,24.1667,83.2061,41.2,36.519949000000004
10103,Amazonas,Chachapoyas,Balsas,1208.0,318.1213,3.7973,41.3078,58.6922,100.0,83.2618,33.7561,72.007,30.4878,45.732962
10104,Amazonas,Chachapoyas,Cheto,673.0,70.3073,9.5723,30.2632,69.7368,100.0,100.0,49.6656,84.2679,32.3529,39.169782
10105,Amazonas,Chachapoyas,Chiliquín,1012.0,141.5747,7.1482,53.5014,46.4986,100.0,95.092,54.1045,89.7436,18.1329,53.04566200000001
10106,Amazonas,Chachapoyas,Chuquibamba,1760.0,183.8599,9.5725,52.2273,47.7727,100.0,93.1646,34.377,81.8641,36.3636,51.607832
10107,Amazonas,Chachapoyas,Granada,564.0,171.1797,3.2948,32.2464,67.7536,100.0,94.5946,35.8575,82.2917,30.1099,43.86595700000001
10108,Amazonas,Chachapoyas,Huancas,832.0,46.149,18.0286,49.8423,50.1577,100.0,21.5686,22.2494,67.6471,50.7667,31.977312
10109,Amazonas,Chachapoyas,La Jalca,4330.0,124.0903,34.8939,17.6964,82.3036,39.9196,96.5449,41.3445,88.0845,32.498,47.947722999999996
10110,Amazonas,Chachapoyas,Leimebamba,2890.0,380.3968,7.5973,45.0841,54.9159,22.7072,90.5993,34.5024,70.1934,40.5327,25.741684
10111,Amazonas,Chachapoyas,Levanto,1034.0,74.8653,13.8115,44.5636,55.4364,100.0,100.0,45.4294,81.1083,27.7556,41.081444000000005
10112,Amazonas,Chachapoyas,Magdalena,790.0,135.1879,5.8437,33.463,66.537,100.0,93.1298,36.4812,76.9953,41.594,30.634088
10113,Amazonas,Chachapoyas,Mariscal Castilla,903.0,78.718,11.4713,47.5904,52.4096,100.0,86.9792,30.303,69.9342,46.887,39.230882
10114,Amazonas,Chachapoyas,Molinopampa,2185.0,340.2497,6.4218,40.2299,59.7701,100.0,100.0,27.2999,72.1967,36.1018,35.654303999999996
10115,Amazonas,Chachapoyas,Montevideo,655.0,122.84,5.3321,28.4987,71.5013,100.0,64.2857,32.6754,68.5484,47.4576,38.644489
10116,Amazonas,Chachapoyas,Olleros,438.0,106.7735,4.1021,26.556,73.444,100.0,100.0,50.289,80.0,38.0952,47.9082
10117,Amazonas,Chachapoyas,Quinjalca,996.0,82.4835,12.0751,17.5926,82.4074,100.0,34.7107,27.0195,69.4408,18.4282,47.119202
10118,Amazonas,Chachapoyas,San Francisco De Daguas,398.0,40.4703,9.8344,45.1282,54.8718,100.0,74.026,38.79,58.6441,52.2968,29.704093999999998
10119,Amazonas,Chachapoyas,San Isidro De Maino,679.0,107.8378,6.2965,37.859,62.141,100.0,83.5294,39.8496,87.5862,25.6364,43.370115
10120,Amazonas,Chachapoyas,Soloco,1499.0,74.6635,20.0767,34.0206,65.9794,100.0,87.8307,32.19,79.4118,29.6862,41.062364
10121,Amazonas,Chachapoyas,Sonche,435.0,120.0637,3.6231,47.5936,52.4064,100.0,94.7368,52.9148,81.3765,22.1757,55.850202
10205,Amazonas,Bagua,Bagua,21174.0,132.9661,159.2436,40.2971,59.7029,8.5676,67.4695,40.6232,58.1654,60.5021,16.212835
10202,Amazonas,Bagua,Aramango,9383.0,818.9754,11.457,34.8675,65.1325,71.5105,90.2534,32.3158,84.6288,33.5146,38.525807
10203,Amazonas,Bagua,Copallín,4461.0,98.8761,45.1171,30.8871,69.1129,48.1393,64.5851,34.7969,83.7432,38.9356,24.530257999999996
10204,Amazonas,Bagua,El Parco,1534.0,18.1328,84.5981,26.5957,73.4043,100.0,95.3425,30.3604,81.6612,41.5371,35.249588
10206,Amazonas,Bagua,Imaza,26611.0,4584.7902,5.8042,8.857,91.143,81.2535,75.5102,21.4925,79.7751,35.5699,53.94968999999999
10201,Amazonas,Bagua,La Peca,6687.0,138.0631,48.4344,37.9843,62.0157,37.3003,94.5075,38.1519,82.2045,43.0976,34.761666000000005
10301,Amazonas,Bongará,Jumbilla,864.0,158.5407,5.4497,31.7164,68.2836,100.0,94.0054,42.5583,64.9963,49.5327,29.547677999999998
10304,Amazonas,Bongará,Chisquilla,418.0,161.7907,2.5836,37.5887,62.4113,100.0,85.567,46.9091,73.2026,31.4685,42.24183000000001
10305,Amazonas,Bongará,Churuja,350.0,31.7873,11.0107,53.5565,46.4435,100.0,100.0,43.5606,69.6864,47.9853,20.78695
10302,Amazonas,Bongará,Corosha,691.0,64.1849,10.7658,20.8333,79.1667,100.0,89.2157,43.2792,83.5492,33.2414,54.796368
10303,Amazonas,Bongará,Cuispes,845.0,96.4357,8.7623,23.5012,76.4988,100.0,91.8269,32.1543,73.3931,32.6594,45.831589
10306,Amazonas,Bongará,Florida,4908.0,221.8781,22.1203,37.9043,62.0957,37.6729,93.1466,38.9265,71.5786,38.3762,33.682214
10312,Amazonas,Bongará,Jazán,5660.0,75.6474,74.8208,46.593,53.407,15.4881,95.3668,45.1521,59.314,49.4977,22.712901000000002
10307,Amazonas,Bongará,Recta,347.0,28.0225,12.3829,22.7027,77.2973,100.0,100.0,44.5026,83.6538,33.1658,38.690705
10308,Amazonas,Bongará,San Carlos,611.0,112.4267,5.4347,33.5526,66.4474,100.0,90.9091,48.0519,59.1002,39.2781,28.9591
10309,Amazonas,Bongará,Shipasbamba,1509.0,125.3946,12.034,30.8133,69.1867,100.0,93.1319,37.0424,81.9363,34.7318,35.863147999999995
10310,Amazonas,Bongará,Valera,1032.0,77.9599,13.2376,51.2777,48.7223,100.0,84.7826,45.6119,73.4554,32.2581,20.78695
10311,Amazonas,Bongará,Yambrasbamba,4947.0,1679.2019,2.946,34.2494,65.7506,60.5702,84.6212,32.6551,80.1865,31.9368,43.859279
10601,Amazonas,Condorcanqui,Nieva,23807.0,4182.5908,5.6919,13.0993,86.9007,78.122,82.3529,22.616,74.0417,33.9832,51.406262000000005
10603,Amazonas,Condorcanqui,El Cenepa,11172.0,5608.738,1.9919,2.3804,97.6196,100.0,89.4246,10.7177,79.7189,29.9767,62.912380999999996
10602,Amazonas,Condorcanqui,Río Santiago,12330.0,8074.5129,1.527,8.9536,91.0464,100.0,84.5324,9.6263,86.906,33.6576,59.872335
10401,Amazonas,Luya,Lamud,1744.0,73.1281,23.8486,34.372,65.628,100.0,96.1078,36.5385,65.3794,54.5793,30.951386
10402,Amazonas,Luya,Camporredondo,5324.0,218.7968,24.3331,29.4991,70.5009,35.9802,70.9959,35.9916,75.9617,36.6683,50.206717999999995
10403,Amazonas,Luya,Cocabamba,1572.0,342.2909,4.5926,35.4788,64.5212,100.0,91.4439,31.0533,89.0484,21.7912,55.97922299999999
10404,Amazonas,Luya,Colcamar,1868.0,107.5556,17.3678,44.5631,55.4369,100.0,92.6164,31.7994,88.6131,27.5608,42.320492
10405,Amazonas,Luya,Conila,1645.0,248.5282,6.619,37.041,62.959,100.0,85.102,35.3819,86.087,34.2906,49.64227199999999
10406,Amazonas,Luya,Inguilpata,587.0,118.5342,4.9522,53.6278,46.3722,100.0,100.0,28.8703,87.5502,34.4898,40.196248
10407,Amazonas,Luya,Longuita,824.0,58.6626,14.0464,58.891,41.109,100.0,54.1237,32.7563,90.2265,28.3355,56.75129100000001
10408,Amazonas,Luya,Lonya Chico,850.0,69.5195,12.2268,37.6744,62.3256,100.0,93.2,28.7179,86.342,31.026,46.699524999999994
10409,Amazonas,Luya,Luya,3229.0,96.0096,33.6321,42.6156,57.3844,40.4395,81.7669,37.9206,73.857,41.0311,30.284501000000006
10410,Amazonas,Luya,Luya Viejo,403.0,55.7318,7.2311,38.6266,61.3734,100.0,86.7347,26.8222,91.4948,33.6088,54.43836800000001
10411,Amazonas,Luya,María,827.0,87.6461,9.4357,35.0877,64.9123,100.0,98.1043,34.4575,84.1398,30.7801,51.870194
10412,Amazonas,Luya,Ocalli,2963.0,171.8469,17.2421,32.0988,67.9012,100.0,85.6691,13.437,77.5591,34.5514,45.39658
10413,Amazonas,Luya,Ocumal,2941.0,363.7326,8.0856,46.25,53.75,100.0,90.7734,27.1823,84.91,32.5482,52.242779
10414,Amazonas,Luya,Pisuquia,4165.0,290.6315,14.3309,36.5297,63.4703,100.0,81.2381,32.7405,89.849,29.8441,58.528572
10423,Amazonas,Luya,Providencia,1325.0,116.3549,11.3876,16.2021,83.7979,100.0,98.6063,9.8745,82.9787,31.5705,54.733542
10415,Amazonas,Luya,San Cristóbal,612.0,35.5353,17.2223,42.6901,57.3099,100.0,77.957,16.0643,93.5897,30.3675,52.75641
10416,Amazonas,Luya,San Francisco Del Yeso,619.0,181.6508,3.4076,37.0667,62.9333,100.0,94.7368,20.48,82.3022,26.053,49.096061000000006
10417,Amazonas,Luya,San Jeronimo,1057.0,207.8889,5.0844,48.4211,51.5789,100.0,92.1466,42.7119,87.5197,18.5668,47.147577999999996
10418,Amazonas,Luya,San Juan De Lopecancha,509.0,86.224,5.9032,49.2481,50.7519,100.0,76.3158,36.5333,87.3508,25.0639,55.646778
10419,Amazonas,Luya,Santa Catalina,1758.0,164.7418,10.6712,43.5435,56.4565,100.0,97.1861,33.2729,89.1949,24.7293,60.302966
10420,Amazonas,Luya,Santo Tomás,2725.0,90.0728,30.2533,42.5163,57.4837,100.0,92.9078,24.1392,83.5657,29.9615,46.979229
10421,Amazonas,Luya,Tingo,1362.0,109.0261,12.4924,51.8667,48.1333,100.0,98.8166,38.5289,79.3676,36.2343,40.0163
10422,Amazonas,Luya,Trita,1144.0,12.8682,88.9013,22.8739,77.1261,100.0,70.9945,37.8601,87.092,33.5709,50.058289
10501,Amazonas,Rodriguez De Mendoza,San Nicolás,4288.0,102.0634,42.0131,48.807,51.193,17.0711,86.0759,40.9435,57.3138,49.7918,20.821354
10503,Amazonas,Rodriguez De Mendoza,Chirimoto,2073.0,153.5466,13.5008,41.8085,58.1915,100.0,90.4545,32.3757,73.9392,26.0851,38.449165
10502,Amazonas,Rodriguez De Mendoza,Cochamal,759.0,180.741,4.1994,37.5291,62.4709,100.0,97.2067,43.8532,77.8151,40.5644,33.428571000000005
10504,Amazonas,Rodriguez De Mendoza,Huambo,2502.0,77.562,32.2581,57.6741,42.3259,100.0,69.4565,38.6163,72.5573,34.9488,22.971
10505,Amazonas,Rodriguez De Mendoza,Limabamba,1469.0,614.4795,2.3906,36.849,63.151,100.0,92.2078,35.3898,78.0702,29.0692,37.433423
10506,Amazonas,Rodriguez De Mendoza,Longar,1524.0,82.2833,18.5214,40.8141,59.1859,100.0,98.7448,38.8999,71.0607,38.3632,25.822
10508,Amazonas,Rodriguez De Mendoza,Mariscal Benavides,1680.0,202.5098,8.2959,48.1517,51.8483,100.0,97.0711,37.482,68.9907,42.036,22.117973
10507,Amazonas,Rodriguez De Mendoza,Milpuc,677.0,43.0562,15.7236,39.185,60.815,100.0,85.906,41.1348,70.8609,27.3138,31.604121000000003
10509,Amazonas,Rodriguez De Mendoza,Omia,7652.0,225.1353,33.9885,31.5718,68.4282,100.0,82.8155,37.7489,68.2361,27.6092,39.50834999999999
10510,Amazonas,Rodriguez De Mendoza,Santa Rosa,591.0,20.2048,29.2505,43.2099,56.7901,100.0,100.0,40.0,85.5469,21.3115,24.453775999999998
10511,Amazonas,Rodriguez De Mendoza,Totora,494.0,19.4541,25.3931,48.5106,51.4894,100.0,97.1154,36.6038,73.7589,30.2583,22.971
10512,Amazonas,Rodriguez De Mendoza,Vista Alegre,2360.0,861.1909,2.7404,23.1915,76.8085,100.0,96.5,40.6198,78.6273,25.357,51.23777200000001
10701,Amazonas,Utcubamba,Bagua Grande,42591.0,727.574,58.5384,35.5567,64.4433,29.2972,29.2683,37.8484,67.3453,48.2362,24.502994
10702,Amazonas,Utcubamba,Cajaruro,21867.0,1798.8396,12.1562,30.0962,69.9038,64.914,89.1098,33.4858,83.1478,35.3207,35.929618000000005
10703,Amazonas,Utcubamba,Cumba,7192.0,301.2983,23.87,36.3593,63.6407,61.2476,83.3597,32.2709,87.5748,31.353,37.445098
10704,Amazonas,Utcubamba,El Milagro,5268.0,307.6137,17.1254,41.9331,58.0669,49.6652,38.0583,32.2753,72.0687,42.3077,26.712134999999996
10705,Amazonas,Utcubamba,Jamalca,5989.0,350.3387,17.0949,31.57,68.43,100.0,58.563,33.7656,86.148,32.7929,35.474788000000004
10706,Amazonas,Utcubamba,Lonya Grande,8195.0,364.1581,22.504,37.6125,62.3875,62.0437,95.0264,35.794,78.4425,38.2452,32.328096
10707,Amazonas,Utcubamba,Yamón,3085.0,135.9299,22.6955,32.706,67.294,100.0,89.7603,36.85,86.7783,39.198,38.391761
20101,Áncash,Huaraz,Huaraz,48971.0,422.7964,115.8264,36.5784,63.4216,8.2863,93.9095,40.1548,48.1641,66.9362,10.242455
20103,Áncash,Huaraz,Cochabamba,1781.0,138.1785,12.8891,46.1538,53.8462,100.0,73.1818,17.8305,90.665,27.7814,51.041382
20104,Áncash,Huaraz,Colcabamba,307.0,51.9764,5.9065,35.5422,64.4578,100.0,77.0833,44.9057,75.1701,47.4453,40.32822
20105,Áncash,Huaraz,Huanchay,1876.0,208.8474,8.9826,39.7739,60.2261,100.0,86.4646,23.2262,81.875,40.8005,33.213594
20102,Áncash,Huaraz,Independencia,52689.0,345.6953,152.4146,35.1199,64.8801,15.0655,87.3465,37.8391,52.6351,63.4471,11.537697
20106,Áncash,Huaraz,Jangas,4470.0,62.2458,71.8121,34.3909,65.6091,45.7436,81.5932,26.4578,71.3449,44.9115,23.373813
20107,Áncash,Huaraz,La Libertad,1388.0,148.2401,9.3632,47.1545,52.8455,100.0,78.4722,5.9385,84.6154,30.8,40.451561999999996
20108,Áncash,Huaraz,Olleros,2739.0,230.7426,11.8704,26.9046,73.0954,100.0,93.4114,23.6708,84.2195,43.424,27.580759999999998
21009,Áncash,Huaraz,Pampas,3236.0,439.93,7.3557,14.07,85.93,100.0,92.429,32.7293,72.5941,44.639,46.279289000000006
20110,Áncash,Huaraz,Pariacoto,4307.0,168.2041,25.6058,47.6173,52.3827,100.0,94.0222,24.8337,85.1498,39.8537,32.034603
20111,Áncash,Huaraz,Pira,4069.0,261.2355,15.576,38.4094,61.5906,100.0,94.8052,31.7911,82.0235,35.5267,40.32822
20112,Áncash,Huaraz,Tarica,5394.0,117.0959,46.0648,34.9087,65.0913,100.0,86.6948,20.5781,75.8126,43.8311,27.580759999999998
20201,Áncash,Aija,Aija,1714.0,162.5238,10.5461,31.7613,68.2387,100.0,98.7805,46.6209,52.9003,59.168,20.74384
20203,Áncash,Aija,Coris,1588.0,259.0127,6.131,44.5813,55.4187,100.0,94.2708,25.8816,82.1843,36.51,40.218880999999996
20205,Áncash,Aija,Huacllan,535.0,39.9408,13.3948,22.1344,77.8656,100.0,87.7193,14.9847,90.1099,42.3977,27.149267
20206,Áncash,Aija,La Merced,2033.0,156.7566,12.9692,40.9728,59.0272,100.0,83.9323,24.6905,75.0316,41.1338,39.637681
20208,Áncash,Aija,Succha,735.0,77.336,9.504,39.905,60.095,100.0,98.2759,33.0303,85.8543,44.7059,23.047210000000003
21601,Áncash,Antonio Raymondi,Llamellín,2065.0,95.8305,21.5485,14.5763,85.4237,100.0,91.3486,28.5047,69.7993,51.4706,25.153086000000002
21602,Áncash,Antonio Raymondi,Aczo,1542.0,66.1241,23.3198,17.7184,82.2816,100.0,94.5525,14.1782,80.7091,45.6749,48.338683
21603,Áncash,Antonio Raymondi,Chaccho,1368.0,72.0052,18.9986,13.4238,86.5762,100.0,15.1899,15.3226,81.652,41.1094,44.632847
21604,Áncash,Antonio Raymondi,Chingas,1555.0,50.8136,30.602,15.98,84.02,100.0,92.3954,19.5341,77.9038,46.9714,31.88595
21605,Áncash,Antonio Raymondi,Mirgas,3994.0,171.9294,23.2305,7.6547,92.3453,100.0,87.4038,16.9869,87.9518,32.3815,53.281577999999996
21606,Áncash,Antonio Raymondi,San Juan De Rontoy,1249.0,101.9775,12.2478,20.9738,79.0262,100.0,78.6408,25.0,92.3143,36.5542,40.071387
21801,Áncash,Asuncion,Chacas,3536.0,451.2781,7.8355,21.1652,78.8348,100.0,86.0963,23.9943,63.7957,47.3261,30.403907000000004
21802,Áncash,Asuncion,Acochaca,2556.0,76.45,33.4336,24.2953,75.7047,100.0,97.4174,12.3743,86.1812,36.2588,37.911803
20301,Áncash,Bolognesi,Chiquián,3015.0,185.7784,16.229,28.5239,71.4761,6.1646,90.9366,33.2359,61.0987,57.1798,17.422241999999997
20302,Áncash,Bolognesi,Abelardo Pardo Lezameta,249.0,11.9045,20.9165,32.7103,67.2897,100.0,,34.0708,77.0492,71.4286,22.73741
20321,Áncash,Bolognesi,Antonio Raymondi,1220.0,122.0077,9.9994,25.0737,74.9263,100.0,76.875,33.119,80.1811,41.7973,42.121181
20304,Áncash,Bolognesi,Aquia,1875.0,436.7524,4.2931,37.7691,62.2309,100.0,97.6967,29.5117,56.1106,44.757,28.459053
20305,Áncash,Bolognesi,Cajacay,1501.0,185.0534,8.1112,38.1657,61.8343,100.0,83.4499,27.9402,76.9231,54.8447,22.052934
20322,Áncash,Bolognesi,Canis,392.0,20.7234,18.9158,47.6923,52.3077,100.0,88.0734,34.3643,71.1538,55.1495,33.31055
20323,Áncash,Bolognesi,Colquioc,1707.0,305.1222,5.5945,41.7173,58.2827,100.0,96.3636,45.5726,59.9222,62.3709,13.461006000000001
20325,Áncash,Bolognesi,Huallanca,4853.0,817.8613,5.9338,40.882,59.118,14.9505,81.9383,29.9219,60.0959,50.2614,28.567574
20311,Áncash,Bolognesi,Huasta,1516.0,389.9221,3.888,30.4799,69.5201,100.0,96.5753,31.635,75.4888,41.1249,36.252914000000004
20310,Áncash,Bolognesi,Huayllacayán,980.0,117.3532,8.3509,17.2414,82.7586,100.0,95.9322,32.6792,76.2171,44.7303,46.825821000000005
20324,Áncash,Bolognesi,La Primavera,385.0,62.4827,6.1617,19.0789,80.9211,100.0,,19.3473,68.0525,53.288,37.535376
20313,Áncash,Bolognesi,Mangas,647.0,126.0729,5.132,35.8974,64.1026,100.0,80.2632,20.8955,67.8862,48.7395,33.31055
20315,Áncash,Bolognesi,Pacllón,967.0,210.6554,4.5904,16.0142,83.9858,100.0,90.378,33.0598,73.7186,52.0316,22.73741
20317,Áncash,Bolognesi,San Miguel De Corpanqui,385.0,42.6481,9.0274,38.4615,61.5385,100.0,91.5966,21.1663,65.0505,55.3191,22.73741
20320,Áncash,Bolognesi,Ticllos,534.0,92.6377,5.7644,46.5455,53.4545,100.0,97.7778,25.4045,75.228,43.6909,35.985119
20401,Áncash,Carhuaz,Carhuaz,12349.0,195.3855,63.2033,30.2023,69.7977,33.3686,95.1979,30.0937,72.0936,43.7256,25.341305
20402,Áncash,Carhuaz,Acopampa,2248.0,14.5119,154.9074,35.0595,64.9405,100.0,86.6176,23.8977,78.0744,46.2128,26.14765
20403,Áncash,Carhuaz,Amashca,1655.0,13.2135,125.2507,23.4242,76.5758,100.0,78.3599,15.979,86.0936,33.5517,36.635220000000004
20404,Áncash,Carhuaz,Anta,2298.0,43.287,53.0875,32.0438,67.9562,100.0,75.7282,18.8899,86.3002,36.4847,46.097252
20405,Áncash,Carhuaz,Ataquero,1606.0,46.2918,34.693,38.1139,61.8861,100.0,92.1053,33.5052,92.4438,35.8369,41.993193000000005
20406,Áncash,Carhuaz,Marcará,8397.0,176.9055,47.466,35.5712,64.4288,60.498,88.2689,24.0889,82.2958,38.4201,24.508283000000002
20407,Áncash,Carhuaz,Pariahuanca,1279.0,11.9909,106.6642,30.6755,69.3245,100.0,85.2174,17.1774,88.4866,40.2767,26.14765
20408,Áncash,Carhuaz,San Miguel De Aco,2268.0,122.9045,18.4534,29.9197,70.0803,100.0,93.3014,15.2358,96.0851,31.6359,59.511489
20409,Áncash,Carhuaz,Shilla,3153.0,127.7945,24.6724,12.4108,87.5892,100.0,91.106,24.1967,92.076,30.726,26.14765
20410,Áncash,Carhuaz,Tinco,2834.0,15.7289,180.1779,36.4641,63.5359,100.0,92.3767,32.482,71.3343,49.8277,34.544772
20411,Áncash,Carhuaz,Yungar,2921.0,45.2023,64.6206,39.6834,60.3166,100.0,96.6203,26.9584,81.5842,42.958,34.352941
21701,Áncash,Carlos F. Fitzcarrald,San Luis,8198.0,247.4828,33.1255,23.4592,76.5408,63.9188,85.2001,18.0453,82.8076,36.0424,35.243618999999995
21703,Áncash,Carlos F. Fitzcarrald,San Nicolás,2781.0,205.0316,13.5638,18.042,81.958,100.0,44.2432,11.8542,90.7058,36.4432,53.174659999999996
21702,Áncash,Carlos F. Fitzcarrald,Yauya,3756.0,174.7359,21.4953,16.6176,83.3824,100.0,83.3654,9.6408,87.271,33.9706,46.599182
20501,Áncash,Casma,Casma,27604.0,1207.5399,22.8597,60.1887,39.8113,7.9128,86.3679,40.7743,48.293,59.7052,16.666532000000004
20502,Áncash,Casma,Buena Vista Alta,4240.0,480.289,8.828,48.9068,51.0932,44.8768,34.6196,33.6702,77.189,41.5371,24.24014
20503,Áncash,Casma,Comandante Noel,2476.0,216.9418,11.4132,54.3709,45.6291,100.0,57.6998,37.2105,51.7241,52.9084,13.944203
20505,Áncash,Casma,Yaután,6796.0,365.4768,18.5949,54.4612,45.5388,60.1565,83.5091,36.2795,69.0789,44.3989,24.24014
20601,Áncash,Corongo,Corongo,1281.0,151.6159,8.449,40.1408,59.8592,100.0,98.0815,27.0633,71.0197,37.3994,40.723428
20602,Áncash,Corongo,Aco,369.0,57.4399,6.4241,59.2233,40.7767,100.0,100.0,14.2857,78.8918,33.7875,44.305189
20603,Áncash,Corongo,Bambas,399.0,153.8525,2.5934,34.0336,65.9664,100.0,88.1818,23.6504,88.3146,34.5499,61.961049
20604,Áncash,Corongo,Cusca,2382.0,425.8246,5.5939,30.8181,69.1819,100.0,95.2471,17.0762,64.4137,41.2837,36.098091
20605,Áncash,Corongo,La Pampa,934.0,94.6127,9.8718,57.8189,42.1811,100.0,73.4513,27.7083,69.2008,47.3631,32.886792
20606,Áncash,Corongo,Yánac,619.0,46.8958,13.1995,37.7717,62.2283,100.0,94.3128,18.9003,86.7508,38.3721,52.41324899999999
20607,Áncash,Corongo,Yupán,346.0,84.8171,4.0794,55.2885,44.7115,100.0,100.0,33.792,55.9885,55.4074,50.872416
20801,Áncash,Huari,Huari,5826.0,399.6118,14.5791,21.2761,78.7239,34.3103,83.391,25.5437,69.6012,51.4823,24.245806
20816,Áncash,Huari,Anra,2836.0,80.736,35.1268,24.6085,75.3915,100.0,69.9405,11.9968,84.9486,38.4851,41.566079
20802,Áncash,Huari,Cajay,3905.0,165.6008,23.5808,15.023,84.977,100.0,95.5157,11.4458,91.1387,37.0569,46.527698
20803,Áncash,Huari,Chavín De Huántar,11880.0,419.3959,28.3265,23.2522,76.7478,70.0916,77.3117,15.7917,86.4885,36.3021,29.431013
20804,Áncash,Huari,Huacachi,3038.0,88.8193,34.2043,11.0092,88.9908,100.0,66.2192,13.5052,87.991,39.8483,36.309608999999995
20806,Áncash,Huari,Huacchis,2366.0,76.776,30.8169,19.7219,80.2781,100.0,79.1569,19.1958,86.5452,40.1604,34.246843999999996
20805,Áncash,Huari,Huachis,5574.0,152.2013,36.6226,23.4507,76.5493,100.0,94.1113,19.8783,87.209,38.9923,28.47654
20807,Áncash,Huari,Huantar,2637.0,161.8161,16.2963,12.6921,87.3079,100.0,95.5439,14.8195,87.3201,42.9218,33.146911
20808,Áncash,Huari,Masin,2039.0,75.1393,27.1363,24.43,75.57,100.0,80.4878,24.3178,82.2924,41.1674,28.47654
20809,Áncash,Huari,Paucas,2271.0,139.6813,16.2584,17.3021,82.6979,100.0,45.3515,22.4561,84.6893,45.3504,30.4447
20810,Áncash,Huari,Ponto,5919.0,119.0427,49.7217,9.5745,90.4255,100.0,86.5103,16.3576,87.1688,38.6982,40.413450000000005
20811,Áncash,Huari,Rahuapampa,1076.0,9.3835,114.6694,32.5397,67.4603,100.0,81.25,27.2868,70.6383,57.9025,30.4447
20812,Áncash,Huari,Rapayan,2061.0,144.9925,14.2145,7.8652,92.1348,100.0,80.8219,15.834,86.1309,41.159,35.258642
20813,Áncash,Huari,San Marcos,33512.0,561.5517,59.6775,21.1663,78.8337,73.0699,80.8176,38.0738,59.2614,58.9383,24.785192000000002
20814,Áncash,Huari,San Pedro De Chana,4042.0,143.983,28.0728,16.9231,83.0769,100.0,84.326,20.5442,89.9369,43.6782,40.532610000000005
20815,Áncash,Huari,Uco,1914.0,51.5526,37.1271,32.9023,67.0977,100.0,77.0083,21.393,79.093,49.9195,40.094571
21901,Áncash,Huarmey,Huarmey,21272.0,2909.6708,7.3108,56.0623,43.9377,11.2354,93.2089,40.4112,48.4453,63.0502,13.929274
21902,Áncash,Huarmey,Cochapeti,1081.0,98.5063,10.9739,19.4779,80.5221,100.0,96.9163,13.4897,77.027,43.3989,41.711712
21905,Áncash,Huarmey,Culebras,2298.0,629.41,3.651,66.2633,33.7367,100.0,18.2382,44.8929,56.8938,52.3842,13.840705999999999
21903,Áncash,Huarmey,Huayan,884.0,112.482,7.859,44.0928,55.9072,100.0,97.491,41.0539,71.3124,50.9639,19.663807000000002
21904,Áncash,Huarmey,Malvas,994.0,167.5999,5.9308,30.7851,69.2149,100.0,90.2041,31.0198,77.3154,56.1892,25.757745999999997
20701,Áncash,Huaylas,Caraz,19893.0,243.8564,81.5767,52.3601,47.6399,36.9861,96.5302,36.0269,61.7333,47.6857,24.847898
20702,Áncash,Huaylas,Huallanca,1118.0,195.1336,5.7294,43.6759,56.3241,100.0,89.4737,31.3063,60.3125,50.5435,43.17670699999999
20703,Áncash,Huaylas,Huata,1319.0,69.3574,19.0174,54.0574,45.9426,100.0,90.8284,18.5366,90.1042,32.3414,53.980655000000006
20704,Áncash,Huaylas,Huaylas,1430.0,54.0218,26.4708,51.4218,48.5782,100.0,97.6842,14.2569,81.1648,36.941,30.338104
20705,Áncash,Huaylas,Mato,1749.0,105.7746,16.5352,54.1308,45.8692,100.0,93.1947,18.2687,88.6966,33.5411,40.957408
20706,Áncash,Huaylas,Pamparomás,7028.0,500.2593,14.0487,57.7548,42.2452,100.0,89.2649,24.2137,92.286,27.2555,44.672571000000005
20707,Áncash,Huaylas,Pueblo Libre,6643.0,127.1563,52.2428,50.8529,49.1471,100.0,88.7724,14.3151,91.116,26.1237,49.106572
20708,Áncash,Huaylas,Santa Cruz,4462.0,359.3069,12.4184,48.8381,51.1619,100.0,93.6364,32.7818,89.7375,30.9109,52.231081
20710,Áncash,Huaylas,Santo Toribio,973.0,84.3119,11.5405,44.5525,55.4475,100.0,93.3754,12.9266,83.3175,38.5149,48.920942
20709,Áncash,Huaylas,Yuracmarca,2375.0,547.3164,4.3394,33.7607,66.2393,100.0,73.3333,14.8464,84.8485,41.5003,54.506004000000004
20901,Áncash,Mariscal Luzuriaga,Piscobamba,2175.0,45.7847,47.505,14.2259,85.7741,100.0,68.75,25.9487,64.8148,51.3391,31.635650999999996
20902,Áncash,Mariscal Luzuriaga,Casca,3775.0,75.9558,49.7,16.3021,83.6979,100.0,34.8684,2.8768,93.4297,36.1494,58.03616900000001
20908,Áncash,Mariscal Luzuriaga,Eleazar Guzmán Barrón,1085.0,98.5119,11.0139,39.3638,60.6362,100.0,89.0244,7.5163,91.4027,33.8293,50.87729399999999
20904,Áncash,Mariscal Luzuriaga,Fidel Olivas Escudero,1904.0,213.4682,8.9194,16.7604,83.2396,100.0,90.6114,4.9333,93.3962,30.2158,64.538085
20905,Áncash,Mariscal Luzuriaga,Llama,1177.0,49.069,23.9866,30.1344,69.8656,100.0,73.8095,8.0,83.1373,42.9448,45.68181800000001
20906,Áncash,Mariscal Luzuriaga,Llumpa,4846.0,138.9908,34.8656,9.5117,90.4883,100.0,92.6846,4.6853,94.3329,30.1035,55.00272899999999
20903,Áncash,Mariscal Luzuriaga,Lucma,2476.0,75.3498,32.8601,18.2667,81.7333,100.0,70.7736,5.6949,90.3734,36.0461,52.653734
20907,Áncash,Mariscal Luzuriaga,Musga,1107.0,38.8443,28.4984,14.4,85.6,100.0,100.0,13.1202,68.9867,51.0096,52.20089399999999
22007,Áncash,Ocros,Ocros,919.0,226.1467,4.0637,47.3856,52.6144,100.0,79.8271,40.7407,67.6642,53.7587,17.105698
22001,Áncash,Ocros,Acas,467.0,254.6545,1.8339,46.6258,53.3742,100.0,100.0,43.3775,66.6159,55.6982,28.06648
22002,Áncash,Ocros,Cajamarquilla,181.0,78.6823,2.3004,62.6506,37.3494,100.0,94.7368,16.8966,64.0,40.678,34.49565
22003,Áncash,Ocros,Carhuapampa,532.0,106.6327,4.9891,42.1053,57.8947,100.0,92.7778,52.784,62.5,48.5777,34.49565
22004,Áncash,Ocros,Cochas,1419.0,411.0891,3.4518,60.8917,39.1083,100.0,89.1892,41.6991,57.0725,49.2841,23.49801
22005,Áncash,Ocros,Congas,968.0,109.1037,8.8723,44.9715,55.0285,100.0,72.4138,32.973,63.4126,50.5618,28.06648
22006,Áncash,Ocros,Llipa,249.0,31.4328,7.9217,58.4746,41.5254,100.0,97.3684,42.0455,68.4588,49.4465,23.49801
22008,Áncash,Ocros,San Cristóbal Raján,676.0,70.6549,9.5676,47.032,52.968,100.0,80.9859,42.029,71.0046,50.4762,34.49565
22009,Áncash,Ocros,San Pedro,1027.0,534.4598,1.9216,42.7536,57.2464,100.0,94.7368,47.561,65.2733,46.6555,28.06648
22010,Áncash,Ocros,Santiago De Chilcas,414.0,88.7412,4.6653,70.4433,29.5567,100.0,86.9159,47.25,68.5315,46.4891,39.956140000000005
21001,Áncash,Pallasca,Cabana,1999.0,144.6047,13.8239,32.8912,67.1088,100.0,79.3499,29.159,68.8344,46.8057,32.465266
21002,Áncash,Pallasca,Bolognesi,915.0,81.8536,11.1785,24.0741,75.9259,100.0,84.3902,15.9502,75.4564,41.8378,51.723124
21003,Áncash,Pallasca,Conchucos,5843.0,579.4613,10.0835,23.3804,76.6196,41.4694,86.8458,21.2246,86.5377,32.9683,62.678741
21004,Áncash,Pallasca,Huacaschuque,431.0,13.5249,31.8671,19.5402,80.4598,100.0,81.3559,11.6129,89.675,34.6939,68.22419500000001
21005,Áncash,Pallasca,Huandoval,763.0,115.5209,6.6049,23.4624,76.5376,100.0,84.7162,24.7265,71.5285,44.5141,47.522473999999995
21006,Áncash,Pallasca,Lacabamba,551.0,63.5143,8.6752,25.5144,74.4856,100.0,97.2222,27.9736,80.396,36.4583,63.254630000000006
21007,Áncash,Pallasca,Llapo,459.0,29.2474,15.6937,30.6667,69.3333,100.0,98.7013,24.2754,84.5896,41.958,45.888685
21008,Áncash,Pallasca,Pallasca,2090.0,110.4299,18.926,28.5834,71.4166,100.0,93.401,17.5763,83.5448,36.0692,57.940698999999995
21009,Áncash,Pallasca,Pampas,3236.0,439.93,7.3557,14.07,85.93,35.0,93.0806,16.3989,82.5377,36.803,45.010098
21010,Áncash,Pallasca,Santa Rosa,816.0,289.9788,2.814,37.9771,62.0229,100.0,85.2941,36.9588,75.731,42.359,50.658075999999994
21011,Áncash,Pallasca,Tauca,2001.0,198.8452,10.0631,44.4996,55.5004,100.0,82.0257,18.9858,84.1751,34.347,59.271944
21101,Áncash,Pomabamba,Pomabamba,10437.0,343.9959,30.3405,16.6152,83.3848,59.0357,81.8182,21.1033,77.2951,45.3012,33.104059
21102,Áncash,Pomabamba,Huayllán,2931.0,88.9347,32.9568,12.3971,87.6029,100.0,74.2515,12.2638,89.6073,36.7491,49.252652
21103,Áncash,Pomabamba,Parobamba,5130.0,338.6781,15.1471,38.0832,61.9168,100.0,89.9485,4.6038,90.3031,26.5543,49.471399
21104,Áncash,Pomabamba,Quinuabamba,2067.0,149.77,13.8012,35.177,64.823,100.0,90.3752,10.4767,94.5909,22.8287,63.401246
21201,Áncash,Recuay,Recuay,4540.0,149.3584,30.3967,29.7507,70.2493,27.5306,93.361,24.4984,70.4721,52.9032,24.49413
21210,Áncash,Recuay,Cátac,3627.0,1024.6307,3.5398,20.0777,79.9223,28.948,93.3333,23.28,73.9442,55.4236,24.49413
21202,Áncash,Recuay,Cotaparaco,624.0,174.9364,3.567,41.4557,58.5443,100.0,81.4815,32.7128,76.5281,58.2474,24.544535999999997
21203,Áncash,Recuay,Huayllapampa,750.0,110.7636,6.7712,25.7541,74.2459,100.0,84.6154,39.7284,81.4516,39.5387,39.387722
21209,Áncash,Recuay,Llacllin,1085.0,95.794,11.3264,21.1604,78.8396,100.0,94.4056,26.8235,75.8772,49.5465,22.66293
21204,Áncash,Recuay,Marca,1175.0,182.6447,6.4333,37.7495,62.2505,100.0,97.619,18.3333,56.4677,47.3084,36.242481999999995
21205,Áncash,Recuay,Pampas Chico,942.0,104.7835,8.99,32.5142,67.4858,100.0,87.7698,27.8231,81.4735,40.8578,22.66293
21206,Áncash,Recuay,Pararin,1464.0,259.1561,5.6491,27.1487,72.8513,100.0,32.9843,33.8058,74.9506,48.0028,22.66293
21207,Áncash,Recuay,Tapacocha,587.0,78.2707,7.4996,27.4809,72.5191,100.0,89.5652,16.9231,85.7482,40.25,22.66293
21208,Áncash,Recuay,Ticapampa,2299.0,146.1213,15.7335,24.7913,75.2087,100.0,83.0882,25.4725,61.3729,52.8751,22.66293
21301,Áncash,Santa,Chimbote,182656.0,1445.8224,126.3336,51.9136,48.0864,3.7083,94.1328,39.2006,40.0295,65.5242,15.745518999999998
21302,Áncash,Santa,Cáceres Del Perú,4632.0,528.1589,8.7701,38.4314,61.5686,100.0,97.4104,32.3515,78.4615,35.4012,44.268123
21308,Áncash,Santa,Coishco,13601.0,8.1317,1672.59,50.8328,49.1672,0.0,16.9324,34.651,33.0997,60.4715,19.491299
21303,Áncash,Santa,Macate,3383.0,586.9583,5.7636,48.0066,51.9934,100.0,88.0105,22.8722,86.016,38.0936,55.683099999999996
21304,Áncash,Santa,Moro,7357.0,357.0314,20.606,61.1931,38.8069,45.8053,84.6382,29.9394,53.7092,43.9446,20.081086999999997
21305,Áncash,Santa,Nepeña,11824.0,456.8259,25.8829,34.2566,65.7434,6.2203,97.8238,37.818,32.2815,54.068,19.718336
21306,Áncash,Santa,Samanco,4096.0,149.2849,27.4375,54.48,45.52,22.1174,44.0252,40.8059,53.6059,54.5515,21.460478
21307,Áncash,Santa,Santa,26009.0,40.7299,638.5726,45.9621,54.0379,9.0311,97.3708,40.0067,46.5216,55.7463,19.865735
21309,Áncash,Santa,Nuevo Chimbote,123804.0,400.0648,309.4599,52.5005,47.4995,0.5875,94.7775,41.5486,36.6989,69.051,9.905873
21401,Áncash,Sihuas,Sihuas,3526.0,46.0533,76.5635,34.7253,65.2747,19.5343,93.8053,32.5981,63.9623,55.8652,27.851743999999997
21407,Áncash,Sihuas,Acobamba,1399.0,150.3827,9.3029,24.2424,75.7576,100.0,67.6101,7.0126,83.3747,38.0762,64.935532
21402,Áncash,Sihuas,Alfonso Ugarte,516.0,89.1221,5.7898,12.6638,87.3362,100.0,96.2963,10.9562,81.6135,51.5504,55.834331000000006
21408,Áncash,Sihuas,Cashapampa,2289.0,69.6629,32.8582,33.9847,66.0153,100.0,90.6706,9.4545,94.3045,34.1963,48.14304799999999
21403,Áncash,Sihuas,Chingalpo,901.0,173.2632,5.2002,30.3097,69.6903,100.0,78.7149,9.7052,87.4033,32.5909,48.780243999999996
21404,Áncash,Sihuas,Huayllabamba,3068.0,276.6273,11.0907,21.1786,78.8214,100.0,92.053,16.0443,91.7283,35.9059,60.205834
21405,Áncash,Sihuas,Quiches,2019.0,148.3255,13.612,24.7047,75.2953,100.0,65.3226,6.2677,87.0338,38.5526,45.549281
21409,Áncash,Sihuas,Ragash,2672.0,208.8382,12.7946,21.8116,78.1884,100.0,72.3077,15.6825,96.2687,34.8107,59.317969000000005
21410,Áncash,Sihuas,San Juan,5724.0,211.3833,27.0788,22.7461,77.2539,100.0,94.8855,8.9477,95.7492,30.6274,62.390339999999995
21406,Áncash,Sihuas,Sicsibamba,1390.0,82.4764,16.8533,30.9554,69.0446,100.0,80.3922,11.6398,84.0081,37.4471,47.918974
21501,Áncash,Yungay,Yungay,17186.0,273.2633,62.8917,32.515,67.485,51.151,91.5279,36.1764,66.4823,44.11,28.646701999999998
21502,Áncash,Yungay,Cascapara,1671.0,136.9625,12.2004,51.6899,48.3101,100.0,96.2121,12.1331,95.1016,24.9688,62.501900000000006
21503,Áncash,Yungay,Mancos,5927.0,63.0478,94.008,30.3968,69.6032,62.3895,96.0722,30.8008,71.4489,42.5606,30.428205000000005
21504,Áncash,Yungay,Matacoto,1602.0,46.9734,34.1044,43.2015,56.7985,100.0,97.9167,23.491,84.5867,38.4314,41.34177199999999
21505,Áncash,Yungay,Quillo,10629.0,370.6602,28.6759,32.2882,67.7118,100.0,85.5031,16.3068,94.6255,19.3363,59.19466799999999
21506,Áncash,Yungay,Ranrahirca,2938.0,21.6427,135.7502,29.3056,70.6944,100.0,97.493,26.7451,72.0738,41.8935,40.109083999999996
21507,Áncash,Yungay,Shupluy,2020.0,166.6329,12.1225,35.3873,64.6127,100.0,99.1507,12.6683,94.2391,28.2986,53.491018
21508,Áncash,Yungay,Yanama,4935.0,283.7474,17.3922,21.1373,78.8627,100.0,98.4932,16.6771,89.8715,38.3684,41.635967
30101,Apurímac,Abancay,Abancay,47253.0,286.501,164.9314,25.6284,74.3716,8.5791,93.7579,43.8292,53.8492,69.1033,19.900498
30104,Apurímac,Abancay,Chacoche,1316.0,176.8935,7.4395,23.7637,76.2363,100.0,93.8073,22.549,81.4787,48.9764,39.475629
30102,Apurímac,Abancay,Circa,3263.0,634.3522,5.1438,14.0459,85.9541,100.0,90.4687,14.8718,89.0675,39.5427,44.88103099999999
30103,Apurímac,Abancay,Curahuasi,14094.0,859.8192,16.3918,31.3651,68.6349,54.509,91.8133,25.2086,81.7173,46.3461,31.117321999999994
30105,Apurímac,Abancay,Huanipaca,3668.0,427.1412,8.5873,27.1222,72.8778,100.0,95.5294,12.5744,93.7283,35.8947,44.652933
30106,Apurímac,Abancay,Lambrama,4354.0,525.5204,8.2851,13.6133,86.3867,100.0,89.9895,23.9986,89.3071,35.5218,32.346012
30107,Apurímac,Abancay,Pichirhua,4169.0,373.8232,11.1523,23.9407,76.0593,100.0,86.0846,15.6298,86.6619,36.8263,42.565085
30108,Apurímac,Abancay,San Pedro De Cachora,2666.0,117.9651,22.5999,34.6179,65.3821,100.0,82.3099,21.7025,88.8627,38.3333,41.283525
30109,Apurímac,Abancay,Tamburco,8447.0,54.5458,154.8607,24.9278,75.0722,15.5603,79.96,38.931,60.7126,67.6313,19.734357000000003
30301,Apurímac,Andahuaylas,Andahuaylas,30297.0,197.1699,153.6594,19.5327,80.4673,17.4411,87.5908,39.1846,60.476,58.9673,25.891636000000005
30302,Apurímac,Andahuaylas,Andarapa,6161.0,186.2474,33.0797,14.0089,85.9911,100.0,74.0718,12.6402,96.3913,36.03,51.744097000000004
30303,Apurímac,Andahuaylas,Chiara,1202.0,146.7516,8.1907,13.2824,86.7176,100.0,94.8403,20.6204,93.8449,38.6926,44.922881
30304,Apurímac,Andahuaylas,Huancarama,4993.0,156.2746,31.9502,17.3746,82.6254,42.8023,65.5337,23.9975,84.8177,39.0044,38.089667
30305,Apurímac,Andahuaylas,Huancaray,3587.0,111.128,32.2781,19.022,80.978,100.0,91.0576,21.9697,92.0064,37.1813,57.965047999999996
30317,Apurímac,Andahuaylas,Huayana,791.0,95.2559,8.3039,18.8862,81.1138,100.0,95.4918,27.4566,88.8,39.9721,37.950094
30306,Apurímac,Andahuaylas,Kishuara,6335.0,309.004,20.5014,10.1449,89.8551,100.0,92.6859,23.084,92.1302,35.3418,50.197483
30307,Apurímac,Andahuaylas,Pacobamba,4322.0,259.3562,16.6643,14.8078,85.1922,100.0,85.0458,25.3212,91.3673,38.1428,36.174710000000005
30313,Apurímac,Andahuaylas,Pacucha,8182.0,170.201,48.0726,11.5956,88.4044,100.0,97.5248,19.8389,89.9737,40.488,43.413807999999996
30308,Apurímac,Andahuaylas,Pampachiri,2147.0,590.8519,3.6337,25.6744,74.3256,100.0,95.1583,9.718,88.4948,37.1826,58.244383
30314,Apurímac,Andahuaylas,Pomacocha,821.0,122.8733,6.6817,20.9402,79.0598,100.0,82.0513,16.3706,88.9919,40.2424,43.328688
30309,Apurímac,Andahuaylas,San Antonio De Cachi,2766.0,178.5186,15.4942,13.9711,86.0289,100.0,86.456,16.6164,93.0241,38.67,53.040105999999994
30310,Apurímac,Andahuaylas,San Jerónimo,17529.0,248.835,70.4443,13.8588,86.1412,40.3125,91.5065,33.5859,74.5588,51.3918,33.594622
30318,Apurímac,Andahuaylas,San Miguel De Chaccrampa,1814.0,84.8811,21.3711,17.5399,82.4601,100.0,92.9515,21.8685,95.9082,34.2574,57.228157
30315,Apurímac,Andahuaylas,Santa María De Chicmo,7870.0,156.0771,50.4238,27.5862,72.4138,46.3445,93.8509,33.0378,91.2659,38.4075,52.899856
30311,Apurímac,Andahuaylas,Talavera,16254.0,158.0645,102.8314,22.2069,77.7931,36.8361,88.9173,34.9002,67.9994,51.2347,30.120466
30316,Apurímac,Andahuaylas,Tumay Huaraca,1797.0,453.5394,3.9622,17.6108,82.3892,100.0,97.4903,2.4867,93.9378,35.1382,55.533440999999996
30312,Apurímac,Andahuaylas,Turpo,3711.0,123.7439,29.9894,12.0705,87.9295,100.0,90.2504,26.9482,94.5085,37.6255,48.327017999999995
30319,Apurímac,Andahuaylas,Kaquiabamba,2086.0,112.067,18.6139,10.1059,89.8941,100.0,79.8599,26.2478,94.0529,36.1775,51.887377
30320,Apurímac,Andahuaylas,José María Arguedas,4039.0,175.1787,23.0565,5.0145,94.9855,28.9145,85.3359,33.1215,89.6594,39.6805,44.577723000000006
30401,Apurímac,Antabamba,Antabamba,2635.0,602.6545,4.3723,14.4231,85.5769,100.0,94.7931,28.765,74.5677,47.1183,28.199999999999996
30402,Apurímac,Antabamba,El Oro,578.0,66.5287,8.688,21.8543,78.1457,100.0,94.3925,21.1045,81.8841,55.7875,32.0526
30403,Apurímac,Antabamba,Huaquirca,1448.0,350.5377,4.1308,17.8492,82.1508,100.0,90.1333,35.0318,62.6833,56.8284,25.489168
30404,Apurímac,Antabamba,Juan Espinoza Medrano,1941.0,632.4101,3.0692,18.4017,81.5983,100.0,92.6186,21.9144,85.6224,43.2663,32.0526
30405,Apurímac,Antabamba,Oropesa,1963.0,1170.7335,1.6767,15.6042,84.3958,100.0,96.1382,16.4085,88.4921,37.8618,36.240723
30406,Apurímac,Antabamba,Pachaconas,1264.0,229.2937,5.5126,10.1806,89.8194,100.0,97.3294,33.6777,80.74,53.3597,31.609306999999998
30407,Apurímac,Antabamba,Sabaino,1469.0,176.5739,8.3195,15.8385,84.1615,100.0,87.3529,21.0728,87.7256,42.0857,50.827642
30201,Apurímac,Aymaraes,Chalhuanca,2950.0,339.1931,8.6971,22.7579,77.2421,12.8044,92.7795,40.9916,62.0333,63.9031,23.417227
30202,Apurímac,Aymaraes,Capaya,652.0,83.2342,7.8333,32.3625,67.6375,100.0,91.6667,19.8502,75.8621,54.3165,41.689197
30203,Apurímac,Aymaraes,Caraybamba,1136.0,230.1883,4.9351,9.4311,90.5689,100.0,75.2322,17.0507,79.7632,49.0417,40.195551
30206,Apurímac,Aymaraes,Chapimarca,2207.0,203.9501,10.8213,17.2023,82.7977,100.0,95.4649,19.4508,87.5858,37.4172,40.353115
30204,Apurímac,Aymaraes,Colcabamba,782.0,91.8792,8.5112,29.5259,70.4741,100.0,80.0,40.3427,90.3319,42.1922,39.005857
30205,Apurímac,Aymaraes,Cotaruse,3486.0,1735.1814,2.009,12.7148,87.2852,100.0,93.1587,25.8323,76.0311,46.7127,32.06848
30207,Apurímac,Aymaraes,Huayllo,648.0,72.8053,8.9005,23.1003,76.8997,100.0,80.1075,28.1818,74.6753,52.0179,39.315296
30217,Apurímac,Aymaraes,Justo Apu Sahuaraura,812.0,100.8731,8.0497,20.1511,79.8489,100.0,80.8036,20.324,89.1156,44.3812,44.243394
30208,Apurímac,Aymaraes,Lucre,1697.0,103.7461,16.3572,19.0722,80.9278,100.0,98.954,15.2237,93.656,31.1034,55.45137
30209,Apurímac,Aymaraes,Pocohuanca,1418.0,87.4949,16.2067,12.9683,87.0317,100.0,88.491,22.1174,81.3112,46.8973,39.414423
30216,Apurímac,Aymaraes,San Juan De Chacña,765.0,96.1274,7.9582,23.9535,76.0465,100.0,99.1968,38.6332,82.5748,41.272,33.518836
30210,Apurímac,Aymaraes,Sañayca,1142.0,365.2322,3.1268,18.5121,81.4879,100.0,90.5775,23.3365,82.0235,47.0919,32.06848
30211,Apurímac,Aymaraes,Soraya,685.0,44.3991,15.4282,27.8515,72.1485,100.0,93.1707,9.0634,89.1702,38.3382,40.819857999999996
30212,Apurímac,Aymaraes,Tapairihua,2341.0,158.2981,14.7886,22.621,77.379,100.0,76.1146,14.2857,88.0952,38.4354,51.09489299999999
30213,Apurímac,Aymaraes,Tintay,2870.0,142.4965,20.1408,25.2162,74.7838,100.0,94.1497,58.3136,85.8715,36.5887,31.980678
30214,Apurímac,Aymaraes,Toraya,1345.0,168.6294,7.9761,24.8588,75.1412,100.0,95.5102,25.0,83.2551,38.6939,38.646567
30215,Apurímac,Aymaraes,Yanaca,1027.0,104.3126,9.8454,13.8489,86.1511,100.0,75.5459,30.7275,78.5933,51.1579,36.525154
30501,Apurímac,Cotabambas,Tambobamba,9712.0,714.0336,13.6016,8.7212,91.2788,56.4204,80.7987,20.0408,81.996,39.0229,43.160874
30503,Apurímac,Cotabambas,Cotabambas,3927.0,326.9139,12.0123,10.7527,89.2473,100.0,81.7138,19.6712,81.8837,47.4563,40.569905000000006
30502,Apurímac,Cotabambas,Coyllurqui,6681.0,419.0347,15.9438,11.5571,88.4429,100.0,79.824,12.3991,87.9593,38.4071,53.773145
30504,Apurímac,Cotabambas,Haquira,8467.0,484.1037,17.4901,4.0148,95.9852,45.5673,64.9063,15.9365,80.7635,43.0426,45.178005
30505,Apurímac,Cotabambas,Mara,5188.0,221.9102,23.3788,12.6259,87.3741,100.0,71.0717,14.7492,85.619,40.1053,41.746314
30506,Apurímac,Cotabambas,Challhuahuacho,11409.0,453.3876,25.1639,8.7806,91.2194,57.3425,75.4763,37.9384,49.7969,62.1357,39.009247
30701,Apurímac,Chincheros,Chincheros,4771.0,135.3327,35.2539,14.6833,85.3167,39.3539,89.0934,26.3799,74.9669,50.3303,47.786392
30705,Apurímac,Chincheros,Anco-Huallo,9224.0,91.0373,101.3211,13.8061,86.1939,22.7859,84.8011,28.6003,76.8772,47.0516,38.898972
30704,Apurímac,Chincheros,Cocharcas,1849.0,108.2111,17.087,22.3553,77.6447,100.0,88.3333,12.8662,90.2778,40.2074,53.92848599999999
30706,Apurímac,Chincheros,Huaccana,4931.0,335.3312,14.7049,13.1977,86.8023,60.7929,66.0409,23.176,81.0672,46.546,39.165029000000004
30703,Apurímac,Chincheros,Ocobamba,6141.0,216.7958,28.3262,27.5371,72.4629,100.0,97.4611,19.9739,90.0133,41.0879,43.187387
30702,Apurímac,Chincheros,Ongoy,2335.0,114.8202,20.3361,21.4114,78.5886,100.0,94.0146,23.0554,87.4573,39.5777,42.968059
30707,Apurímac,Chincheros,Uranmarca,2495.0,146.7557,17.001,21.266,78.734,100.0,90.0913,13.4535,86.6415,38.8822,52.89089700000001
30708,Apurímac,Chincheros,Ranracancha,3241.0,100.084,32.3828,6.3077,93.6923,100.0,97.9104,23.8108,90.5586,36.5243,53.886841000000004
30709,Apurímac,Chincheros,Rocchacc,2569.0,55.1358,46.594,12.1824,87.8176,100.0,92.5191,18.8066,91.4094,36.3277,44.772251
30710,Apurímac,Chincheros,El Porvenir,1474.0,59.809,24.6451,28.6432,71.3568,100.0,94.3775,18.8498,92.419,39.2814,53.790238
30711,Apurímac,Chincheros,Los Chankas,1308.0,144.6358,9.0434,7.365,92.635,100.0,83.5821,23.1638,89.6761,40.2373,56.57084999999999
30601,Apurímac,Grau,Chuquibambilla,4122.0,425.1676,9.695,9.6466,90.3534,38.1844,87.2207,24.6537,73.6213,55.6268,36.550437
30602,Apurímac,Grau,Curpahuasi,2160.0,310.3847,6.9591,11.6444,88.3556,100.0,96.3093,4.8794,90.3409,37.5676,53.583462999999995
30605,Apurímac,Grau,Gamarra,3252.0,349.6193,9.3015,21.2057,78.7943,100.0,99.4595,5.1546,91.8404,34.0037,52.995689
30603,Apurímac,Grau,Huayllati,1449.0,124.1851,11.6681,10.8219,89.1781,100.0,92.0455,8.3933,90.8626,37.3753,46.964669
30604,Apurímac,Grau,Mamara,744.0,62.5989,11.8852,15.9722,84.0278,100.0,93.0769,16.5432,79.8368,52.9976,32.39691
30606,Apurímac,Grau,Micaela Bastidas,911.0,104.8764,8.6864,7.2835,92.7165,100.0,98.7552,6.9555,83.3155,54.7991,52.03890799999999
30608,Apurímac,Grau,Pataypampa,967.0,146.5493,6.5985,12.249,87.751,100.0,100.0,4.3185,92.3559,43.5526,51.920675
30607,Apurímac,Grau,Progreso,3084.0,240.5133,12.8226,12.1887,87.8113,100.0,91.61,14.1104,86.8591,42.1955,49.28344
30609,Apurímac,Grau,San Antonio,392.0,25.3247,15.479,12.2807,87.7193,100.0,74.7253,22.1344,74.6324,55.2529,38.126225000000005
30613,Apurímac,Grau,Santa Rosa,624.0,31.0003,20.1288,8.1152,91.8848,100.0,78.7736,7.3864,89.1071,46.679,48.160119
30610,Apurímac,Grau,Turpay,600.0,50.9951,11.7658,19.1549,80.8451,100.0,85.9091,15.7627,77.8662,47.6744,32.39691
30611,Apurímac,Grau,Vilcabamba,999.0,6.6055,151.2376,19.5876,80.4124,100.0,83.905,23.4513,71.2895,65.6627,30.130696
30612,Apurímac,Grau,Virundo,783.0,114.2119,6.8557,15.6733,84.3267,100.0,94.5701,6.5495,92.8889,47.2308,41.359506
30614,Apurímac,Grau,Curasco,1259.0,136.277,9.2385,12.6456,87.3544,100.0,94.7368,10.5169,93.7347,39.1489,53.796328
40101,Arequipa,Arequipa,Arequipa,71848.0,11.3264,6343.4101,58.7321,41.2679,0.0,99.6136,48.2661,8.8389,84.4665,0.7152450000000001
40128,Arequipa,Arequipa,Alto Selva Alegre,70849.0,67.679,1046.8388,35.3221,64.6779,0.0,92.127,47.1362,21.1902,74.6505,5.226929
40102,Arequipa,Arequipa,Cayma,81330.0,232.8706,349.2498,37.0343,62.9657,0.0141,83.8214,45.9324,21.2161,73.4471,6.404694
40103,Arequipa,Arequipa,Cerro Colorado,149639.0,174.8097,856.0109,31.0382,68.9618,0.1127,83.2288,44.9367,25.2321,70.0731,9.087223000000002
40104,Arequipa,Arequipa,Characato,10282.0,86.0299,119.5166,30.284,69.716,4.1548,75.7681,43.0814,32.0797,68.8478,11.49163
40105,Arequipa,Arequipa,Chiguata,4120.0,230.4409,17.8788,13.3382,86.6618,23.6475,90.3138,44.0223,45.2875,57.5714,17.804566
40127,Arequipa,Arequipa,Jacobo Hunter,42140.0,20.5753,2048.0868,29.1594,70.8406,0.0379,96.049,44.5627,20.3692,72.1268,4.337154
40106,Arequipa,Arequipa,La Joya,28470.0,695.6132,40.9279,14.8096,85.1904,11.8992,77.0317,46.1546,33.5238,59.8278,16.95343
40126,Arequipa,Arequipa,Maríano Melgar,53251.0,28.9663,1838.3777,36.2625,63.7375,0.0,92.4351,46.6249,22.6042,74.179,6.153250999999999
40107,Arequipa,Arequipa,Miraflores,52350.0,26.1837,1999.3355,40.2395,59.7605,0.0,95.559,47.8393,17.8481,75.9912,3.9616759999999998
40108,Arequipa,Arequipa,Mollebaya,3746.0,31.2461,119.887,20.4957,79.5043,11.6484,65.0655,49.2737,37.6577,64.9345,7.374991
40109,Arequipa,Arequipa,Paucarpata,115143.0,28.3414,4062.7139,32.294,67.706,0.0,82.4644,45.6299,22.6943,72.4227,6.192393
40110,Arequipa,Arequipa,Pocsi,954.0,169.7544,5.6199,18.7938,81.2062,100.0,95.4023,56.351,64.4944,53.4247,14.39765
40111,Arequipa,Arequipa,Polobaya,1306.0,397.8799,3.2824,13.7969,86.2031,100.0,92.4528,39.9244,52.0908,58.7361,17.682058
40112,Arequipa,Arequipa,Quequeña,2917.0,34.8456,83.7121,21.7814,78.2186,2.0694,78.9683,50.3799,37.5836,66.3797,11.49163
40113,Arequipa,Arequipa,Sabandia,4618.0,35.8416,128.8447,35.5019,64.4981,0.2518,84.1699,46.1291,26.5797,70.6009,11.49163
40114,Arequipa,Arequipa,Sachaca,26913.0,14.2653,1886.606,46.1033,53.8967,0.0,85.1903,44.9883,18.3571,71.9627,6.565752
40115,Arequipa,Arequipa,San Juan De Siguas,1042.0,36.1773,28.8026,23.1818,76.8182,100.0,95.0,47.7032,45.6628,60.1027,14.39765
40116,Arequipa,Arequipa,San Juan De Tarucani,1793.0,2382.9644,0.7524,6.802,93.198,100.0,98.3264,31.6885,53.8126,44.8535,27.337288
40117,Arequipa,Arequipa,Santa Isabel De Siguas,902.0,182.9597,4.93,26.494,73.506,100.0,91.6667,41.0377,48.3871,56.0305,22.979894
40118,Arequipa,Arequipa,Santa Rita De Siguas,6523.0,424.7576,15.357,12.7733,87.2267,3.1497,98.033,48.2838,25.9892,58.8919,16.95343
40119,Arequipa,Arequipa,Socabaya,55860.0,25.6982,2173.6931,33.5607,66.4393,0.5826,95.2027,46.4164,23.0468,73.8812,4.704118
40120,Arequipa,Arequipa,Tiabaya,16642.0,37.219,447.1372,29.8542,70.1458,2.6311,90.7066,41.9919,23.1672,67.9383,7.44205
40121,Arequipa,Arequipa,Uchumayo,16801.0,270.5047,62.1098,30.3239,69.6761,5.2298,90.8264,41.7355,21.5953,69.8778,6.330234999999999
40122,Arequipa,Arequipa,Vitor,2881.0,1531.6614,1.881,21.6849,78.3151,100.0,54.3759,48.2047,43.9058,61.672,14.39765
40123,Arequipa,Arequipa,Yanahuara,30171.0,3.6639,8234.668,70.7947,29.2053,0.0,99.0367,48.2659,5.1737,85.1049,0.34531000000000006
40124,Arequipa,Arequipa,Yarabamba,5058.0,485.4483,10.4192,34.024,65.976,100.0,68.6275,49.6321,37.8234,68.4628,12.726925999999999
40125,Arequipa,Arequipa,Yura,28260.0,1918.5681,14.7297,16.8953,83.1047,1.4245,72.9827,44.344,37.5757,63.4068,14.126672000000001
40129,Arequipa,Arequipa,José Luis Bustamante Y Rivero,65548.0,11.0206,5947.7705,52.092,47.908,0.0,98.565,46.6662,10.6674,80.2716,1.433882
40301,Arequipa,Camana,Camana,13074.0,11.1404,1173.5665,54.0757,45.9243,0.0224,98.5966,48.3796,20.7676,71.6611,5.430922
40302,Arequipa,Camana,José María Quimper,4128.0,16.0385,257.3807,44.181,55.819,0.1939,28.9777,40.731,41.8013,62.5826,18.30842
40303,Arequipa,Camana,Maríano Nicolás Valcarcel,4687.0,555.202,8.442,18.6992,81.3008,100.0,81.0526,56.0836,34.6577,62.8144,8.106226
40304,Arequipa,Camana,Mariscal Cáceres,6069.0,593.166,10.2315,30.4471,69.5529,6.6667,36.6481,39.6388,48.1517,59.0663,22.336496
40305,Arequipa,Camana,Nicolás De Piérola,6235.0,390.8263,15.9534,40.2038,59.7962,1.7028,61.3283,41.9859,39.8255,64.8669,18.30842
40306,Arequipa,Camana,Ocoña,3605.0,1420.956,2.537,47.115,52.885,14.8885,75.485,43.5475,48.118,62.0759,13.74691
40307,Arequipa,Camana,Quilca,1152.0,897.0723,1.2842,39.5994,60.4006,100.0,46.1538,50.4717,39.5546,60.8154,8.8229936
40308,Arequipa,Camana,Samuel Pastor,13705.0,112.9032,121.3872,34.8625,65.1375,2.4765,74.3834,44.2405,41.8182,62.033,13.74691
40401,Arequipa,Caravelí,Caravelí,3644.0,753.9535,4.8332,60.3288,39.6712,3.6394,98.127,43.0474,46.8185,64.5026,11.92252
40402,Arequipa,Caravelí,Acari,3355.0,1157.582,2.8983,62.0036,37.9964,28.4176,89.8168,49.4825,44.0788,60.9538,11.22
40403,Arequipa,Caravelí,Atico,4243.0,3093.9316,1.3714,47.6389,52.3611,13.0968,14.9404,50.2738,41.9942,64.9077,11.92252
40404,Arequipa,Caravelí,Atiquipa,536.0,423.4443,1.2658,56.9767,43.0233,100.0,8.1301,41.2442,63.8478,55.8758,14.32448
40405,Arequipa,Caravelí,Bella Unión,2650.0,1194.9741,2.2176,47.5989,52.4011,9.1138,4.755,49.4386,40.3974,62.5453,11.92252
40406,Arequipa,Caravelí,Cahuacho,615.0,1384.8456,0.4441,58.8076,41.1924,100.0,91.3978,30.8378,85.5738,38.3562,41.516148
40407,Arequipa,Caravelí,Chala,6606.0,341.1246,19.3654,49.2441,50.7559,3.2576,19.2846,51.6946,37.4459,67.1559,11.92252
40408,Arequipa,Caravelí,Chaparra,2496.0,1502.5193,1.6612,43.9024,56.0976,33.0801,94.4015,54.7584,26.2958,68.2857,11.22
40409,Arequipa,Caravelí,Huanuhuanu,1893.0,705.4269,2.6835,19.2225,80.7775,100.0,3.8997,60.8585,34.4273,65.8087,14.32448
40410,Arequipa,Caravelí,Jaqui,1258.0,422.9553,2.9743,61.7299,38.2701,100.0,40.0,36.4875,55.5483,55.1034,14.32448
40411,Arequipa,Caravelí,Lomas,1255.0,446.6867,2.8096,64.9452,35.0548,100.0,,41.6977,52.3358,66.5473,14.32448
40412,Arequipa,Caravelí,Quicacha,1508.0,1036.2771,1.4552,51.7391,48.2609,100.0,81.262,36.5868,60.5879,47.1774,16.892371
40413,Arequipa,Caravelí,Yauca,1589.0,543.2333,2.9251,75.534,24.466,100.0,91.0755,45.165,37.7198,60.9401,7.668367
40501,Arequipa,Castilla,Aplao,7741.0,617.955,12.5268,29.6816,70.3184,20.0,91.1072,46.7376,53.3847,61.3772,13.35676
40502,Arequipa,Castilla,Andagua,978.0,471.7227,2.0733,13.6531,86.3469,100.0,100.0,46.7626,62.3314,55.0249,40.965186
40503,Arequipa,Castilla,Ayo,475.0,285.3468,1.6646,29.8851,70.1149,100.0,93.4783,59.5745,47.9339,55.8824,19.31141
40504,Arequipa,Castilla,Chachas,1638.0,1195.661,1.37,8.0114,91.9886,100.0,99.2063,44.6062,61.5431,39.3746,38.677119999999995
40505,Arequipa,Castilla,Chilcaymarca,1045.0,182.3169,5.7318,6.5126,93.4874,100.0,87.8261,35.1064,28.8279,46.7489,39.311256
40506,Arequipa,Castilla,Choco,997.0,903.0782,1.104,12.2596,87.7404,100.0,89.5522,58.5627,70.0855,28.2127,39.958151
40507,Arequipa,Castilla,Huancarqui,1892.0,797.1162,2.3736,31.6812,68.3188,100.0,54.2579,47.9212,44.5652,64.8515,12.598816
40508,Arequipa,Castilla,Machaguay,632.0,247.0235,2.5585,13.7143,86.2857,100.0,86.7257,39.6146,73.3607,51.3684,19.31141
40509,Arequipa,Castilla,Orcopampa,3376.0,728.4798,4.6343,10.0589,89.9411,6.2615,89.0033,42.0098,14.9933,55.6275,15.696346
40510,Arequipa,Castilla,Pampacolca,1768.0,265.9635,6.6475,18.8444,81.1556,100.0,88.6364,47.7477,63.0413,48.0021,20.922234000000003
40511,Arequipa,Castilla,Tipán,467.0,55.4455,8.4227,19.917,80.083,100.0,91.8239,38.75,59.2593,57.4879,25.7727
40513,Arequipa,Castilla,Uñón,289.0,340.2985,0.8493,14.9123,85.0877,100.0,94.0,66.4948,49.7585,65.3266,25.7727
40512,Arequipa,Castilla,Uraca,5777.0,693.1038,8.335,32.0988,67.9012,33.9132,90.7223,49.231,42.8343,60.9138,13.35676
40514,Arequipa,Castilla,Viraco,1066.0,136.988,7.7817,22.8018,77.1982,100.0,93.0672,50.1381,60.9061,56.6734,25.7727
40201,Arequipa,Caylloma,Chivay,4754.0,242.4714,19.6064,13.0861,86.9139,2.565,98.6633,47.3493,56.3778,56.5751,16.312763
40202,Arequipa,Caylloma,Achoma,1012.0,365.4358,2.7693,9.8485,90.1515,100.0,95.6522,53.3844,75.8621,46.402,25.34294
40203,Arequipa,Caylloma,Cabanaconde,1991.0,461.416,4.315,15.8704,84.1296,100.0,96.7742,44.4161,70.7061,54.0179,33.87431
40205,Arequipa,Caylloma,Callalli,1744.0,1538.1576,1.1338,8.5868,91.4132,100.0,99.0854,39.5909,67.284,39.1583,29.56721
40204,Arequipa,Caylloma,Caylloma,3464.0,1505.0042,2.3017,7.5979,92.4021,100.0,97.2403,42.9592,44.9013,53.5129,40.761881
40206,Arequipa,Caylloma,Coporaque,1099.0,114.0029,9.6401,9.8507,90.1493,100.0,88.6364,41.4101,60.8815,46.9914,25.34294
40207,Arequipa,Caylloma,Huambo,796.0,715.0989,1.1131,13.8824,86.1176,100.0,87.3626,46.1912,62.0896,48.0438,29.062691
40208,Arequipa,Caylloma,Huanca,1555.0,371.7279,4.1832,11.639,88.361,100.0,81.5436,42.389,72.9703,45.2405,35.870925
40209,Arequipa,Caylloma,Ichupampa,771.0,74.3906,10.3642,7.0565,92.9435,100.0,98.5782,38.1503,69.009,37.8277,28.86934
40210,Arequipa,Caylloma,Lari,1012.0,388.9288,2.602,15.1917,84.8083,100.0,99.3151,46.5228,76.5487,40.8827,29.56721
40211,Arequipa,Caylloma,Lluta,1654.0,1226.656,1.3484,13.2246,86.7754,100.0,87.7907,35.1551,70.8914,43.6681,28.967038000000002
40212,Arequipa,Caylloma,Maca,872.0,236.8502,3.6817,20.4842,79.5158,100.0,94.6619,50.1502,64.3367,52.5547,29.56721
40213,Arequipa,Caylloma,Madrigal,769.0,159.1451,4.8321,10.6195,89.3805,100.0,91.1197,46.0656,64.1975,39.7456,29.56721
40214,Arequipa,Caylloma,San Antonio De Chuca,918.0,1540.4099,0.5959,13.3229,86.6771,100.0,89.404,22.8677,51.1287,38.5343,28.86934
40215,Arequipa,Caylloma,Sibayo,799.0,283.5949,2.8174,9.4778,90.5222,100.0,50.0,35.0877,64.574,45.8658,33.87431
40216,Arequipa,Caylloma,Tapay,997.0,413.689,2.41,19.3939,80.6061,100.0,71.7742,54.5205,33.2902,58.8549,43.075724
40217,Arequipa,Caylloma,Tisco,1405.0,1440.7996,0.9752,8.1437,91.8563,100.0,95.4023,43.3708,73.0743,42.7948,47.846854
40218,Arequipa,Caylloma,Tuti,758.0,239.5222,3.1646,7.5356,92.4644,100.0,98.3957,35.284,57.971,44.186,29.56721
40219,Arequipa,Caylloma,Yanque,2156.0,1111.7191,1.9393,9.0204,90.9796,100.0,99.6,49.332,59.0931,46.7494,24.803463999999998
40220,Arequipa,Caylloma,Majes,56016.0,1646.2094,34.0273,14.9698,85.0302,16.2641,88.6656,48.1075,34.8972,60.168,12.596769
40601,Arequipa,Condesuyos,Chuquibamba,2736.0,1185.5589,2.3078,29.2935,70.7065,13.9818,98.227,45.7811,53.4347,58.4552,14.327612
40602,Arequipa,Condesuyos,Andaray,587.0,810.1885,0.7245,9.434,90.566,100.0,96.875,68.0982,42.9838,67.4699,23.37544
40603,Arequipa,Condesuyos,Cayarani,2548.0,1393.2449,1.8288,4.4944,95.5056,100.0,80.8901,36.7067,53.4869,55.7525,42.889416000000004
40604,Arequipa,Condesuyos,Chichas,751.0,390.5446,1.923,28.8889,71.1111,100.0,99.4536,37.7152,59.8519,52.9954,38.94611499999999
40605,Arequipa,Condesuyos,Iray,697.0,238.4845,2.9226,26.6667,73.3333,100.0,93.9189,39.4265,54.4538,50.1736,23.37544
40608,Arequipa,Condesuyos,Río Grande,2302.0,533.1567,4.3177,22.5363,77.4637,100.0,97.9253,53.6464,27.9497,64.1618,14.61039
40606,Arequipa,Condesuyos,Salamanca,752.0,1240.7235,0.6061,13.0208,86.9792,100.0,97.7528,40.1345,80.5439,32.6087,27.146443999999995
40607,Arequipa,Condesuyos,Yanaquihua,4372.0,1056.0545,4.1399,11.3918,88.6082,100.0,71.8078,44.6732,40.8859,55.1447,14.61039
40701,Arequipa,Islay,Mollendo,22181.0,931.6328,23.8087,37.7553,62.2447,0.7768,85.9793,45.3222,18.6973,71.6765,6.391753
40702,Arequipa,Islay,Cocachacra,10253.0,1549.0384,6.6189,19.8853,80.1147,9.9197,91.9652,44.6196,30.1905,63.012,12.38612
40703,Arequipa,Islay,Dean Valdivia,6312.0,134.2602,47.0132,15.0125,84.9875,3.166,96.7213,47.0598,37.3359,60.9934,17.831239
40704,Arequipa,Islay,Islay,4539.0,364.3309,12.4585,29.2624,70.7376,0.0,76.1115,45.5582,28.7997,69.6074,12.38612
40705,Arequipa,Islay,Mejia,1486.0,102.7048,14.4687,34.5473,65.4527,100.0,97.3913,55.7675,20.5631,73.4513,4.033851
40706,Arequipa,Islay,Punta De Bombón,6638.0,756.4345,8.7754,21.0551,78.9449,0.8519,88.5566,46.8885,44.5477,59.0082,12.38612
40801,Arequipa,La Unión,Cotahuasi,2027.0,166.7242,12.1578,15.7756,84.2244,25.1282,90.3456,33.1595,54.8034,58.0634,18.665816
40802,Arequipa,La Unión,Alca,1626.0,191.5849,8.4871,15.6613,84.3387,100.0,97.6331,15.066,80.8004,35.2707,46.382311
40803,Arequipa,La Unión,Charcana,553.0,162.2286,3.4088,16.2252,83.7748,100.0,98.773,17.1206,81.4558,44.3414,39.303624
40804,Arequipa,La Unión,Huaynacotas,1870.0,934.9176,2.0002,16.7203,83.2797,100.0,97.3214,27.695,78.0972,35.1396,42.179079
40805,Arequipa,La Unión,Pampamarca,1388.0,787.6988,1.7621,9.3583,90.6417,100.0,96.83,6.5112,82.8877,27.959,39.978632
40806,Arequipa,La Unión,Puyca,2183.0,1503.4662,1.452,5.3698,94.6302,100.0,96.9589,20.2857,84.3723,19.5045,52.170944
40807,Arequipa,La Unión,Quechualla,517.0,135.3221,3.8205,12.8571,87.1429,100.0,87.931,25.0996,66.0377,54.6875,28.88604
40808,Arequipa,La Unión,Sayla,333.0,70.6683,4.7122,25.3968,74.6032,100.0,100.0,30.2405,78.9969,47.1947,33.14391
40809,Arequipa,La Unión,Tauria,321.0,317.685,1.0104,28.7671,71.2329,100.0,100.0,10.0372,73.4219,55.9859,28.88604
40810,Arequipa,La Unión,Tomepampa,593.0,96.4086,6.1509,21.8232,78.1768,100.0,100.0,15.625,68.693,47.2266,26.542993999999997
40811,Arequipa,La Unión,Toro,617.0,526.1673,1.1726,9.7561,90.2439,100.0,85.7895,9.7514,76.259,49.7196,33.14391
50101,Ayacucho,Huamanga,Ayacucho,73930.0,81.8615,903.1107,21.7211,78.2789,2.2398,83.4682,41.4384,49.4906,66.6501,15.054645999999998
50111,Ayacucho,Huamanga,Acocro,8009.0,430.3108,18.6121,9.1961,90.8039,100.0,84.7283,32.6324,91.6926,33.0622,51.53651299999999
50102,Ayacucho,Huamanga,Acos Vinchos,4409.0,154.4733,28.5421,18.9423,81.0577,100.0,83.4677,19.7452,95.8704,33.2199,45.268869
50103,Ayacucho,Huamanga,Carmen Alto,20734.0,17.1129,1211.6006,14.6397,85.3603,2.1521,90.6512,36.7031,62.1301,60.1909,26.660474
50104,Ayacucho,Huamanga,Chiara,5701.0,454.5401,12.5423,8.6618,91.3382,57.9677,91.0644,42.3546,85.6967,39.1703,51.697462
50113,Ayacucho,Huamanga,Ocros,5365.0,300.8388,17.8335,13.9473,86.0527,100.0,96.7168,22.7689,91.7923,37.1356,52.501663
50114,Ayacucho,Huamanga,Pacaycasa,2887.0,52.7485,54.7314,32.4696,67.5304,100.0,52.8443,31.7325,89.3706,49.7956,31.561664999999998
50105,Ayacucho,Huamanga,Quinua,5364.0,114.7232,46.756,20.9057,79.0943,58.3907,91.033,25.3256,87.5664,42.8012,37.988189
50106,Ayacucho,Huamanga,San José De Ticllas,2249.0,81.197,27.6981,27.3292,72.6708,100.0,80.2273,14.0955,94.9394,34.2814,53.852984000000006
50107,Ayacucho,Huamanga,San Juan Bautista,36250.0,15.2241,2381.0931,15.6612,84.3388,0.1122,84.3421,38.5102,52.9898,67.5283,18.759878999999998
50108,Ayacucho,Huamanga,Santiago De Pischa,1716.0,89.7997,19.1092,24.1038,75.8962,100.0,69.5652,24.6979,76.1037,45.0147,46.909459
50112,Ayacucho,Huamanga,Socos,7476.0,169.7861,44.0319,9.8222,90.1778,100.0,93.4186,15.6071,93.2124,29.7585,60.55300999999999
50110,Ayacucho,Huamanga,Tambillo,6035.0,150.9322,39.9848,21.3513,78.6487,100.0,96.5377,30.6415,91.9358,39.7395,37.996694
50109,Ayacucho,Huamanga,Vinchos,15193.0,915.1705,16.6013,5.8787,94.1213,100.0,95.7574,13.6678,94.279,28.2,58.013396
50115,Ayacucho,Huamanga,Jesús Nazareno,14892.0,15.8057,942.1917,18.9436,81.0564,4.8778,86.1329,39.4106,55.0292,68.5516,16.283851999999996
50116,Ayacucho,Huamanga,Andrés Avelino Cáceres Dorregaray,15730.0,9.2085,1708.2044,20.1138,79.8862,12.0856,90.6093,40.7455,57.2457,64.9292,13.243211
50201,Ayacucho,Cangallo,Cangallo,5039.0,184.2968,27.3418,10.6747,89.3253,58.1858,90.6558,24.0428,75.47,44.8171,35.00305
50204,Ayacucho,Cangallo,Chuschi,6348.0,411.9237,15.4106,9.6588,90.3412,61.9397,92.4556,19.6588,88.9436,41.8699,49.686077000000004
50206,Ayacucho,Cangallo,Los Morochucos,7475.0,249.5524,29.9536,11.1541,88.8459,63.4597,96.5069,24.8188,90.2184,41.0704,45.977185999999996
50211,Ayacucho,Cangallo,María Parado De Bellido,2006.0,131.7424,15.2267,15.3488,84.6512,100.0,93.7233,11.5021,91.0982,33.3838,58.648858999999995
50207,Ayacucho,Cangallo,Paras,5018.0,777.5117,6.4539,11.2116,88.7884,100.0,75.8581,18.6961,92.6657,33.8922,63.94617099999999
50208,Ayacucho,Cangallo,Totos,3537.0,115.2762,30.6828,10.2476,89.7524,100.0,95.5736,24.3964,90.5284,39.334,49.872178000000005
50801,Ayacucho,Huanca Sancos,Sancos,2750.0,1357.0835,2.0264,14.0904,85.9096,5.5903,74.6864,35.8174,72.2673,50.6992,34.64450600000001
50804,Ayacucho,Huanca Sancos,Carapo,2062.0,196.6514,10.4856,7.7338,92.2662,100.0,74.5572,19.5942,84.6659,41.0068,51.58068900000001
50802,Ayacucho,Huanca Sancos,Sacsamarca,1366.0,639.4869,2.1361,16.0848,83.9152,100.0,95.1807,21.3301,86.2909,40.6299,45.793637999999994
50803,Ayacucho,Huanca Sancos,Santiago De Lucanamarca,2253.0,645.7667,3.4889,9.1293,90.8707,100.0,97.8964,16.8681,91.9246,36.0223,43.949016
50301,Ayacucho,Huanta,Huanta,31395.0,164.7665,190.5424,20.3986,79.6014,14.8999,90.2147,32.5648,68.8564,57.3821,36.194279
50302,Ayacucho,Huanta,Ayahuanco,1915.0,370.3063,5.1714,12.9751,87.0249,100.0,96.0,14.2336,88.7124,33.6564,53.055271000000005
50303,Ayacucho,Huanta,Huamanguilla,4251.0,93.9702,45.2377,12.397,87.603,100.0,94.5617,24.6328,90.2931,41.344,49.542142
50304,Ayacucho,Huanta,Iguain,3406.0,60.6407,56.1669,17.439,82.561,100.0,90.352,25.2252,91.9385,41.3617,52.217517
50305,Ayacucho,Huanta,Luricocha,6490.0,141.9199,45.73,25.1152,74.8848,61.3843,68.3403,23.6972,87.3406,45.8071,43.564533000000004
50307,Ayacucho,Huanta,Santillana,3574.0,286.1809,12.4886,10.9193,89.0807,100.0,93.5872,17.369,93.8214,35.6344,59.937554999999996
50308,Ayacucho,Huanta,Sivia,8489.0,896.6535,9.4674,14.1955,85.8045,61.869,84.4311,42.3655,84.6346,42.4757,45.787749
50309,Ayacucho,Huanta,Llochegua,7696.0,515.8808,14.9182,8.8784,91.1216,51.213,87.3431,52.6387,75.5419,49.1442,32.096351
50310,Ayacucho,Huanta,Canayre,2929.0,269.0989,10.8845,6.8327,93.1673,100.0,65.6831,34.2225,71.8182,46.6112,43.483245
50311,Ayacucho,Huanta,Uchuraccay,3089.0,255.7222,12.0795,12.9831,87.0169,100.0,96.4286,17.7399,95.1448,25.4584,81.261671
50312,Ayacucho,Huanta,Pucacolpa,2280.0,716.3564,3.1828,9.6956,90.3044,100.0,93.3798,20.9893,92.9449,27.7449,78.161251
50313,Ayacucho,Huanta,Chaca,2082.0,105.9453,19.6517,17.9798,82.0202,100.0,89.9772,8.1039,98.5199,25.9715,72.722171
50401,Ayacucho,La Mar,San Miguel,7414.0,451.1288,16.4343,15.1319,84.8681,54.7163,94.2966,20.4756,85.8125,42.5132,48.595298
50402,Ayacucho,La Mar,Anco,6235.0,787.9085,7.9134,9.441,90.559,69.281,96.4057,32.695,88.7815,44.2374,45.927716000000004
50403,Ayacucho,La Mar,Ayna,6638.0,285.2696,23.2692,24.5695,75.4305,25.8012,88.6108,45.1971,78.6621,50.3668,38.938658
50404,Ayacucho,La Mar,Chilcas,1736.0,154.3532,11.2469,17.2113,82.7887,100.0,95.471,10.5402,95.3743,34.1199,44.042213000000004
50405,Ayacucho,La Mar,Chungui,3775.0,518.5205,7.2803,11.3962,88.6038,100.0,90.4609,28.1234,90.1612,36.4411,62.395542000000006
50407,Ayacucho,La Mar,Luis Carranza,1276.0,133.8223,9.535,26.8956,73.1044,100.0,87.7451,5.431,90.1408,37.7796,63.620239999999995
50408,Ayacucho,La Mar,Santa Rosa,9158.0,388.9265,23.5469,13.6687,86.3313,26.7577,77.3435,49.7454,76.3277,45.3356,31.925593000000003
50406,Ayacucho,La Mar,Tambo,9275.0,308.9778,30.0183,10.8906,89.1094,36.0857,67.2602,22.9372,90.7205,34.0748,54.039499000000006
50409,Ayacucho,La Mar,Samugari,6085.0,380.2756,16.0016,12.7013,87.2987,42.6355,81.3933,45.9264,75.6111,43.3631,42.323311000000004
50410,Ayacucho,La Mar,Anchihuay,3205.0,266.8468,12.0106,17.8827,82.1173,100.0,97.7654,36.4525,91.9039,34.2789,64.817398
50411,Ayacucho,La Mar,Oroncoy,1072.0,553.6467,1.9363,8.6505,91.3495,100.0,97.8723,22.1382,90.7843,38.5093,70.34949499999999
50501,Ayacucho,Lucanas,Puquio,10103.0,863.9315,11.6942,18.2986,81.7014,5.9631,90.0027,35.9413,63.2301,58.5442,34.786636
50502,Ayacucho,Lucanas,Aucara,2267.0,872.6259,2.5979,28.9502,71.0498,25.4564,90.8022,32.8255,72.959,47.9248,49.507817
50503,Ayacucho,Lucanas,Cabana,979.0,405.2104,2.416,33.3333,66.6667,2.0101,97.114,47.3988,56.5098,63.1777,42.702162
50504,Ayacucho,Lucanas,Carmen Salcedo,1115.0,464.1714,2.4021,17.1477,82.8523,100.0,98.0836,48.1672,76.4426,51.8244,35.0453
50506,Ayacucho,Lucanas,Chaviña,1827.0,366.9227,4.9793,17.5457,82.4543,100.0,99.3103,27.5348,72.1221,50.9842,32.446012
50508,Ayacucho,Lucanas,Chipao,2298.0,1156.1106,1.9877,18.6396,81.3604,100.0,93.7419,30.3489,79.953,40.8088,39.271149
50510,Ayacucho,Lucanas,Huac-Huas,1894.0,312.5296,6.0602,35.9886,64.0114,100.0,78.0,24.7934,72.1795,53.9386,48.577225
50511,Ayacucho,Lucanas,Laramate,1283.0,779.9761,1.6449,44.1096,55.8904,100.0,87.1041,28.2579,80.1522,45.2082,46.321004
50512,Ayacucho,Lucanas,Leoncio Prado,988.0,1110.6489,0.8896,42.3372,57.6628,100.0,80.3468,34.8882,72.8519,50.7547,38.9161
50514,Ayacucho,Lucanas,Llauta,1133.0,493.5672,2.2955,47.377,52.623,100.0,80.1325,29.1667,75.14,53.2407,27.398913000000004
50513,Ayacucho,Lucanas,Lucanas,2184.0,1211.5486,1.8027,22.7758,77.2242,100.0,85.7735,24.5726,81.5114,43.867,41.481291
50516,Ayacucho,Lucanas,Ocaña,2112.0,859.125,2.4583,37.4895,62.5105,100.0,85.4354,29.2135,77.5644,46.6366,50.27596600000001
50517,Ayacucho,Lucanas,Otoca,1364.0,716.4434,1.9038,49.1781,50.8219,100.0,95.288,40.152,71.1147,47.2707,43.895773999999996
50529,Ayacucho,Lucanas,Saisa,350.0,575.6632,0.608,28.5,71.5,100.0,95.3488,47.3541,53.0973,67.1053,50.023129
50532,Ayacucho,Lucanas,San Cristóbal,1514.0,407.519,3.7152,11.1612,88.8388,100.0,93.1818,33.3333,91.4435,39.6658,54.55640899999999
50521,Ayacucho,Lucanas,San Juan,710.0,46.8911,15.1415,30.6061,69.3939,100.0,90.7895,36.2939,62.0476,67.9144,40.744316000000005
50522,Ayacucho,Lucanas,San Pedro,2586.0,727.4725,3.5548,28.0601,71.9399,100.0,95.559,20.5075,91.1421,35.7257,49.015609999999995
50531,Ayacucho,Lucanas,San Pedro De Palco,1066.0,520.4343,2.0483,31.1031,68.8969,100.0,97.0037,23.4214,88.3495,32.8874,35.0453
50520,Ayacucho,Lucanas,Sancos,2917.0,1503.8695,1.9397,38.691,61.309,49.6442,84.1637,37.8341,61.4483,53.2877,42.278768
50524,Ayacucho,Lucanas,Santa Ana De Huaycahuacho,489.0,45.4277,10.7644,45.7447,54.2553,100.0,83.1978,46.164,60.9296,57.4742,29.714467
50525,Ayacucho,Lucanas,Santa Lucía,853.0,1034.1715,0.8248,48.1752,51.8248,100.0,98.3146,43.6179,60.0624,56.2551,39.630727
50601,Ayacucho,Parinacochas,Coracora,8727.0,1388.3923,6.2857,11.5971,88.4029,17.3194,81.4171,32.9845,68.0966,57.9169,37.181469
50605,Ayacucho,Parinacochas,Chumpi,1944.0,372.1447,5.2238,17.4905,82.5095,100.0,94.883,24.751,84.172,42.0927,37.010343000000006
50604,Ayacucho,Parinacochas,Coronel Castañeda,944.0,1080.7532,0.8735,15.4728,84.5272,100.0,94.2105,57.8473,42.5087,64.7721,55.840312999999995
50608,Ayacucho,Parinacochas,Pacapausa,809.0,147.0348,5.5021,19.6013,80.3987,100.0,81.2785,28.4757,78.5714,48.1967,29.416076000000004
50611,Ayacucho,Parinacochas,Pullo,3917.0,1563.277,2.5056,31.5211,68.4789,14.3677,40.3006,38.0539,72.6519,54.636,37.805465999999996
50612,Ayacucho,Parinacochas,Puyusca,1766.0,643.3234,2.7451,30.5714,69.4286,100.0,98.2812,32.3498,80.5044,46.0366,32.122544
50615,Ayacucho,Parinacochas,San Francisco De Ravacayco,920.0,103.0079,8.9314,28.1065,71.8935,100.0,97.5806,34.322,70.5426,46.6395,39.325269000000006
50616,Ayacucho,Parinacochas,Upahuacho,1279.0,576.6099,2.2181,15.0259,84.9741,100.0,96.9529,24.7373,88.9373,37.0201,58.999703000000004
51001,Ayacucho,Paucar Del Sara Sara,Pausa,2150.0,251.2513,8.5572,32.5843,67.4157,15.9084,93.6799,39.3013,67.8737,58.8389,23.525361
51002,Ayacucho,Paucar Del Sara Sara,Colta,722.0,248.0074,2.9112,21.7172,78.2828,100.0,95.2756,28.2759,75.641,46.875,39.918398999999994
51003,Ayacucho,Paucar Del Sara Sara,Corculla,386.0,100.9464,3.8238,31.7073,68.2927,100.0,96.9697,24.1463,75.9551,49.061,37.40018
51004,Ayacucho,Paucar Del Sara Sara,Lampa,1578.0,281.1209,5.6132,25.7292,74.2708,100.0,90.9516,37.1191,76.9073,56.146,32.14853
51005,Ayacucho,Paucar Del Sara Sara,Marcabamba,493.0,120.3404,4.0967,35.2,64.8,100.0,97.2851,36.5217,66.8842,55.8376,19.857407000000002
51006,Ayacucho,Paucar Del Sara Sara,Oyolo,1011.0,793.7812,1.2737,8.0851,91.9149,100.0,96.6507,41.3589,60.0826,60.2857,39.685743
51007,Ayacucho,Paucar Del Sara Sara,Pararca,426.0,56.6201,7.5238,26.6355,73.3645,100.0,79.7468,24.4792,74.7017,46.0957,32.14853
51008,Ayacucho,Paucar Del Sara Sara,San Javier De Alpabamba,600.0,117.4121,5.1102,28.8889,71.1111,100.0,92.3077,30.9701,67.1233,39.0681,37.40018
51009,Ayacucho,Paucar Del Sara Sara,San José De Ushua,172.0,28.4179,6.0525,36.7347,63.2653,100.0,100.0,25.8537,76.4706,56.8075,30.29507
51010,Ayacucho,Paucar Del Sara Sara,Sara Sara,487.0,85.0891,5.7234,26.3941,73.6059,100.0,95.8824,28.4536,79.9611,47.992,30.29507
51101,Ayacucho,Sucre,Querobamba,2152.0,282.1049,7.6284,20.2949,79.7051,11.7121,80.2341,35.8284,67.2374,55.745,32.838764999999995
51102,Ayacucho,Sucre,Belén,247.0,36.3677,6.7917,18.0328,81.9672,100.0,33.3333,33.4416,75.076,61.6352,53.497967
51103,Ayacucho,Sucre,Chalcos,498.0,54.8352,9.0818,23.2456,76.7544,100.0,62.6866,33.4842,80.9623,48.0603,58.364017000000004
51110,Ayacucho,Sucre,Chilcayoc,603.0,29.8661,20.1901,32.9966,67.0034,100.0,89.375,31.4159,84.0726,47.2574,50.765457000000005
51109,Ayacucho,Sucre,Huacaña,386.0,144.0323,2.68,37.0558,62.9442,100.0,94.4444,23.7143,77.2727,46.9613,43.526737999999995
51111,Ayacucho,Sucre,Morcolla,1144.0,288.9805,3.9587,25.1366,74.8634,100.0,96.6967,29.0909,85.0,42.5817,64.442539
51105,Ayacucho,Sucre,Paico,611.0,79.2094,7.7137,27.2152,72.7848,100.0,81.6514,21.7973,78.1193,45.3358,46.972272
51107,Ayacucho,Sucre,San Pedro De Larcay,787.0,314.1755,2.505,19.3211,80.6789,100.0,95.6731,23.9782,82.9208,43.7662,47.117162
51104,Ayacucho,Sucre,San Salvador De Quije,1091.0,141.8461,7.6914,13.556,86.444,100.0,93.7313,13.2304,86.0941,36.5957,45.354617000000005
51106,Ayacucho,Sucre,Santiago De Paucaray,617.0,61.631,10.0112,23.7179,76.2821,100.0,91.9149,21.5686,78.4512,42.9066,54.993232000000006
51108,Ayacucho,Sucre,Soras,816.0,351.8423,2.3192,30.0,70.0,100.0,96.8966,29.4492,77.2683,49.5413,42.283405
50701,Ayacucho,Victor Fajardo,Huancapi,1668.0,239.2919,6.9706,7.757,92.243,100.0,97.9381,36.7941,62.1092,54.4751,32.611348
50702,Ayacucho,Victor Fajardo,Alcamenca,1782.0,116.0224,15.3591,8.3516,91.6484,100.0,65.7303,21.4336,86.6972,36.4378,52.052896000000004
50703,Ayacucho,Victor Fajardo,Apongo,776.0,175.836,4.4132,16.1677,83.8323,100.0,98.722,18.0243,70.3175,41.7785,53.484127
50715,Ayacucho,Victor Fajardo,Asquipata,484.0,71.3318,6.7852,27.5862,72.4138,100.0,96.6019,27.027,71.087,30.837,44.9478
50704,Ayacucho,Victor Fajardo,Canaria,2484.0,265.39,9.3598,10.4051,89.5949,16.0674,63.6364,34.4421,44.2796,57.4791,50.85634
50706,Ayacucho,Victor Fajardo,Cayara,1316.0,63.4711,20.7338,8.6486,91.3514,100.0,96.732,29.4063,79.7891,41.4169,59.034564
50707,Ayacucho,Victor Fajardo,Colca,1500.0,63.8489,23.493,18.8333,81.1667,100.0,91.3649,12.3523,81.8002,39.5855,42.320098
50709,Ayacucho,Victor Fajardo,Huamanquiquia,1032.0,72.4918,14.2361,6.8093,93.1907,100.0,75.8721,12.3457,91.0927,29.9419,63.468119
50710,Ayacucho,Victor Fajardo,Huancaraylla,2230.0,162.247,13.7445,15.889,84.111,100.0,94.2857,18.258,85.8578,34.0065,36.235036
,Ayacucho,Victor Fajardo,Huaya,,,,,,100.0,87.1688,25.2298,81.5966,42.1549,55.91758300000001
50713,Ayacucho,Victor Fajardo,Sarhua,2598.0,378.9733,6.8554,3.7369,96.2631,100.0,97.7089,40.0,94.1131,30.6375,70.736082
50714,Ayacucho,Victor Fajardo,Vilcanchos,2611.0,500.0929,5.221,10.6845,89.3155,100.0,95.4774,22.0962,92.4236,36.4706,58.111649
50901,Ayacucho,Vilcas Huamán,Vilcas Huamán,5969.0,220.4906,27.0714,14.8543,85.1457,59.5447,81.9989,20.6585,84.2857,41.3004,46.946494
50903,Ayacucho,Vilcas Huamán,Accomarca,1339.0,86.3837,15.5006,6.5719,93.4281,100.0,84.6797,5.6901,82.5056,37.7049,41.373965
50904,Ayacucho,Vilcas Huamán,Carhuanca,958.0,54.1574,17.6892,24.0838,75.9162,100.0,91.7563,20.0524,76.9231,38.0892,47.288156
50905,Ayacucho,Vilcas Huamán,Concepcion,2341.0,211.8377,11.0509,14.1844,85.8156,100.0,97.0472,20.5498,87.9518,33.4435,55.226955000000004
50906,Ayacucho,Vilcas Huamán,Huambalpa,1711.0,163.1093,10.4899,20.5714,79.4286,100.0,86.5942,18.3899,84.0299,31.374,27.591488
50908,Ayacucho,Vilcas Huamán,Independencia,1245.0,88.023,14.144,15.2249,84.7751,100.0,58.5302,8.5249,85.7919,35.9477,40.654191
50907,Ayacucho,Vilcas Huamán,Saurama,1247.0,89.2911,13.9656,11.5385,88.4615,100.0,7.732,9.3264,88.0539,36.8687,57.615286
50902,Ayacucho,Vilcas Huamán,Vischongo,3867.0,264.919,14.5969,14.0541,85.9459,100.0,84.1198,23.0453,87.6006,38.355,39.958274
60101,Cajamarca,Cajamarca,Cajamarca,174377.0,379.1134,459.96,44.7799,55.2201,16.3527,87.9509,39.6418,37.5764,60.7339,19.74874
60102,Cajamarca,Cajamarca,Asuncion,7519.0,213.9246,35.1479,18.5297,81.4703,100.0,98.1727,11.0092,87.0135,25.5048,58.253569999999996
60104,Cajamarca,Cajamarca,Chetilla,3524.0,73.4579,47.9731,14.1633,85.8367,100.0,83.8868,6.0241,94.918,21.9906,74.378962
60103,Cajamarca,Cajamarca,Cospán,5990.0,552.5013,10.8416,31.7073,68.2927,100.0,97.7258,13.9022,83.7722,21.4107,73.63018500000001
60105,Cajamarca,Cajamarca,Encañada,26664.0,633.6414,42.0806,28.7978,71.2022,100.0,83.7375,17.8617,87.0508,26.9951,74.90959900000001
60106,Cajamarca,Cajamarca,Jesús,13091.0,295.3072,44.3301,39.775,60.225,78.6352,87.3603,26.1752,85.1198,29.0899,70.50119099999999
60108,Cajamarca,Cajamarca,Llacanora,4846.0,50.6933,95.5945,43.8853,56.1147,100.0,81.4611,23.034,74.3217,35.5686,63.63409599999999
60107,Cajamarca,Cajamarca,Los Baños Del Inca,34727.0,281.9599,123.1629,43.9846,56.0154,56.0164,84.1778,32.4394,53.7086,45.5951,36.669142
60109,Cajamarca,Cajamarca,Magdalena,8649.0,206.9639,41.7899,21.539,78.461,64.575,94.8628,28.2528,83.2427,32.6294,54.524421000000004
60110,Cajamarca,Cajamarca,Matara,3756.0,57.4238,65.4084,39.2088,60.7912,100.0,71.6873,23.9322,79.9942,29.0459,50.18848500000001
60111,Cajamarca,Cajamarca,Namora,8951.0,157.6587,56.7745,35.0624,64.9376,100.0,86.673,20.1909,88.1515,24.4007,67.78289
60112,Cajamarca,Cajamarca,San Juan,4678.0,72.3963,64.6166,34.7326,65.2674,100.0,91.7658,22.6242,83.3065,31.6198,54.57969
60201,Cajamarca,Cajabamba,Cajabamba,28736.0,190.0604,151.194,45.8341,54.1659,40.417,93.0476,31.5293,66.5781,38.4855,28.787014999999997
60202,Cajamarca,Cajabamba,Cachachi,17832.0,817.3492,21.8169,36.5453,63.4547,100.0,84.6026,17.8883,75.3061,23.6825,76.85687100000001
60203,Cajamarca,Cajabamba,Condebamba,10209.0,197.0024,51.8217,39.9283,60.0717,100.0,74.115,19.7987,86.3419,20.9985,55.504548
60205,Cajamarca,Cajabamba,Sitacocha,6372.0,581.1908,10.9637,62.7845,37.2155,66.7021,82.0346,23.2893,90.7896,17.2956,72.22472599999999
60301,Cajamarca,Celendín,Celendin,20353.0,403.1567,50.4841,24.7682,75.2318,26.429,86.4209,34.236,59.8032,47.2935,35.147289
60303,Cajamarca,Celendín,Chumuch,2624.0,204.7778,12.8139,8.9595,91.0405,100.0,63.354,20.6706,92.0385,21.8196,65.131207
60302,Cajamarca,Celendín,Cortegana,6164.0,251.688,24.4906,10.172,89.828,100.0,72.3077,20.2208,94.2484,26.3608,72.264025
60304,Cajamarca,Celendín,Huasmin,10385.0,445.366,23.3179,6.6589,93.3411,100.0,89.9098,22.5409,92.1648,21.4934,76.13144299999999
60305,Cajamarca,Celendín,Jorge Chávez,851.0,51.865,16.408,38.2567,61.7433,100.0,56.6176,30.7506,79.3651,40.0943,48.892668
60306,Cajamarca,Celendín,José Gálvez,2589.0,50.4178,51.3509,29.4579,70.5421,100.0,83.1904,22.1125,73.8077,39.0625,47.788223
60307,Cajamarca,Celendín,Miguel Iglesias,3835.0,262.419,14.614,10.4575,89.5425,100.0,91.5385,25.967,94.5995,22.2041,75.803568
60308,Cajamarca,Celendín,Oxamarca,5254.0,281.4691,18.6663,16.3162,83.6838,100.0,85.8722,17.5924,93.9933,17.7104,80.99820700000001
60309,Cajamarca,Celendín,Sorochuco,8526.0,166.4869,51.2112,27.3229,72.6771,100.0,89.1876,37.7076,85.9494,24.3923,66.23416399999999
60310,Cajamarca,Celendín,Sucre,4583.0,262.4127,17.4649,21.7513,78.2487,100.0,95.3936,24.8466,79.3274,32.4585,53.907275
60311,Cajamarca,Celendín,Utco,1408.0,98.8708,14.2408,28.2967,71.7033,100.0,74.569,33.8809,88.4981,24.8255,66.82921400000001
60312,Cajamarca,Celendín,La Libertad De Pallán,6027.0,169.5114,35.5551,13.1755,86.8245,100.0,92.8193,10.5381,94.8088,19.8296,68.67719399999999
60601,Cajamarca,Chota,Chota,42142.0,266.2927,158.2544,12.0527,87.9473,53.1314,69.3042,32.3323,59.6819,42.0659,48.08033
60602,Cajamarca,Chota,Anguia,3117.0,152.5607,20.4312,3.8509,96.1491,100.0,21.4602,28.411,90.6883,31.0708,78.712226
60605,Cajamarca,Chota,Chadin,3533.0,64.8184,54.5061,8.1014,91.8986,100.0,64.7558,27.0786,88.5474,32.1472,66.695063
60606,Cajamarca,Chota,Chiguirip,3671.0,48.1455,76.248,10.1391,89.8609,100.0,58.2573,17.0455,91.6781,24.4528,69.123626
60607,Cajamarca,Chota,Chimban,2028.0,145.3003,13.9573,3.5308,96.4692,100.0,90.631,31.4618,90.5866,30.1932,57.313483
60618,Cajamarca,Chota,Choropampa,2593.0,207.3189,12.5073,2.1589,97.8411,100.0,91.5049,21.844,87.9709,37.2752,57.256072999999994
60603,Cajamarca,Chota,Cochabamba,4858.0,117.7442,41.2589,34.696,65.304,100.0,92.9944,29.1773,89.1273,31.0358,64.00383
60604,Cajamarca,Chota,Conchan,4954.0,152.8927,32.4018,11.7825,88.2175,100.0,48.786,17.773,89.4205,28.4513,70.23887500000001
60608,Cajamarca,Chota,Huambos,6936.0,245.52,28.2502,33.0917,66.9083,100.0,89.7153,25.7073,87.3432,24.0142,69.520731
60609,Cajamarca,Chota,Lajas,11315.0,120.8803,93.605,15.9851,84.0149,80.5192,65.8867,24.9415,86.5771,31.7613,71.060172
60610,Cajamarca,Chota,Llama,5322.0,490.5653,10.8487,31.4415,68.5585,56.5512,88.9121,21.214,78.3887,37.5315,46.883478
60611,Cajamarca,Chota,Miracosta,3446.0,421.4078,8.1774,20.8333,79.1667,100.0,100.0,15.2572,89.8845,27.9392,73.618957
60612,Cajamarca,Chota,Paccha,4413.0,98.0599,45.0031,10.789,89.211,100.0,85.5527,30.1975,86.2542,30.8057,56.23606100000001
60613,Cajamarca,Chota,Pion,1180.0,141.2509,8.3539,6.1256,93.8744,100.0,91.906,41.5525,92.257,34.6087,39.457440999999996
60614,Cajamarca,Chota,Querocoto,8287.0,298.3938,27.772,21.9253,78.0747,100.0,88.8953,20.4294,82.2635,37.1492,55.079391
60617,Cajamarca,Chota,San Juan De Licupis,1070.0,200.1637,5.3456,22.8175,77.1825,100.0,40.0,26.5982,87.2651,37.6227,64.294574
60615,Cajamarca,Chota,Tacabamba,13250.0,193.1641,68.5945,4.789,95.211,80.7756,79.5055,30.0145,85.596,28.0977,61.694068
60616,Cajamarca,Chota,Tocmoche,1111.0,216.9189,5.1217,32.5497,67.4503,100.0,100.0,43.5669,89.5227,31.6564,65.383911
60619,Cajamarca,Chota,Chalamarca,8743.0,177.2576,49.3237,6.6738,93.3262,100.0,70.1406,16.8571,85.8332,32.0193,59.971931999999995
60401,Cajamarca,Contumazá,Contumazá,5684.0,351.8134,16.1563,29.104,70.896,56.467,88.7108,28.7132,75.6735,31.7582,48.92452
60403,Cajamarca,Contumazá,Chilete,2580.0,131.3674,19.6396,38.8854,61.1146,100.0,98.5075,34.3161,66.2998,52.2323,26.729719
60406,Cajamarca,Contumazá,Cupisnique,1328.0,292.6691,4.5375,49.2558,50.7442,100.0,98.017,25.2039,84.6786,26.4476,63.711821
60404,Cajamarca,Contumazá,Guzmango,2146.0,50.3661,42.608,32.378,67.622,100.0,84.3602,21.1043,90.6308,22.8167,67.344987
60405,Cajamarca,Contumazá,San Benito,2566.0,486.6863,5.2724,51.3274,48.6726,100.0,88.75,30.7742,75.8164,35.0277,53.088797
60409,Cajamarca,Contumazá,Santa Cruz De Toled,1036.0,65.303,15.8645,36.8043,63.1957,100.0,82.6816,14.3333,88.2294,22.2222,68.006417
60407,Cajamarca,Contumazá,Tantarica,2190.0,147.0211,14.8958,34.2832,65.7168,100.0,43.8028,23.6019,79.9675,39.1898,51.352498000000004
60408,Cajamarca,Contumazá,Yonán,5142.0,545.0002,9.4349,45.7364,54.2636,33.1549,61.7676,29.5035,62.5037,52.443,26.361603
60501,Cajamarca,Cutervo,Cutervo,43567.0,429.7293,101.3824,33.0769,66.9231,58.3145,77.1687,33.063,81.9959,37.293,46.552723
60502,Cajamarca,Cutervo,Callayuc,7723.0,308.0182,25.0732,20.0846,79.9154,100.0,82.6239,33.3491,87.9393,26.9148,75.643123
60504,Cajamarca,Cutervo,Choros,3386.0,259.1439,13.0661,24.2909,75.7091,100.0,84.3077,28.7619,89.2981,35.0055,59.848048
60503,Cajamarca,Cutervo,Cujillo,2134.0,98.825,21.5937,13.0189,86.9811,100.0,79.1165,38.4579,91.1588,31.7129,76.62892
60505,Cajamarca,Cutervo,La Ramada,3292.0,34.5226,95.3578,8.9869,91.0131,100.0,81.8182,33.4726,91.5936,29.8165,73.322219
60506,Cajamarca,Cutervo,Pimpingos,4734.0,169.2263,27.9744,19.9154,80.0846,100.0,85.0932,34.2168,91.0,34.0232,60.366620000000005
60507,Cajamarca,Cutervo,Querocotillo,11458.0,686.5603,16.689,24.8805,75.1195,100.0,81.5695,20.7496,90.0978,30.9724,69.150117
60508,Cajamarca,Cutervo,San Andrés De Cutervo,4011.0,124.3224,32.2629,18.1777,81.8223,100.0,86.6364,23.6406,87.6318,38.4346,56.361401
60509,Cajamarca,Cutervo,San Juan De Cutervo,1912.0,68.2489,28.0151,16.8108,83.1892,100.0,94.5783,35.2459,91.873,31.5849,64.692878
60510,Cajamarca,Cutervo,San Luis De Lucma,2671.0,102.4893,26.0613,11.9878,88.0122,100.0,70.6311,24.1988,91.4667,29.993,55.112222
60511,Cajamarca,Cutervo,Santa Cruz,2765.0,129.4146,21.3654,17.6835,82.3165,100.0,86.0294,36.0051,88.7872,34.2822,68.561045
60512,Cajamarca,Cutervo,Santo Domingo De La Capilla,4624.0,104.4962,44.2504,21.8775,78.1225,100.0,79.2,34.188,90.4914,26.1323,66.84112
60513,Cajamarca,Cutervo,Santo Tomas,6410.0,227.4053,28.1876,30.3884,69.6116,100.0,87.0242,33.7178,87.9937,33.7524,70.070425
60514,Cajamarca,Cutervo,Socota,8117.0,154.482,52.5433,27.5113,72.4887,70.201,88.3025,27.6363,88.6569,35.4865,54.88722
60515,Cajamarca,Cutervo,Toribio Casanova,1138.0,129.2402,8.8053,24.961,75.039,100.0,88.8199,17.4419,86.3677,31.899,38.007366
60701,Cajamarca,Hualgayoc,Bambamarca,59093.0,453.329,130.3535,9.0173,90.9827,70.9112,77.9296,25.8289,76.9432,29.961,51.92092099999999
60702,Cajamarca,Hualgayoc,Chugur,3243.0,105.6131,30.7064,14.8983,85.1017,100.0,89.7561,35.2808,65.3082,38.2971,60.03762499999999
60703,Cajamarca,Hualgayoc,Hualgayoc,13796.0,228.7071,60.3217,11.1125,88.8875,100.0,78.686,28.799,63.8674,39.6685,50.226876
60801,Cajamarca,Jaen,Jaén,86514.0,556.1897,155.5476,33.2978,66.7022,13.3464,91.5455,41.8465,53.3993,58.3187,21.682198999999997
60802,Cajamarca,Jaen,Bellavista,13813.0,865.8996,15.9522,26.4336,73.5664,49.4724,89.3909,35.2401,80.7535,41.4894,53.206402
60804,Cajamarca,Jaen,Chontali,8843.0,461.1143,19.1775,35.1778,64.8222,100.0,87.7964,30.4624,83.3843,36.0963,60.476934
60803,Cajamarca,Jaen,Colasay,9957.0,603.1797,16.5075,33.0089,66.9911,100.0,87.4678,37.1915,84.6064,30.747,54.65377900000001
60812,Cajamarca,Jaen,Huabal,7732.0,84.6774,91.3113,18.7372,81.2628,100.0,85.597,33.1051,90.0942,33.3009,68.72443
60811,Cajamarca,Jaen,Las Pirias,5110.0,65.2689,78.2915,27.1118,72.8882,100.0,76.9474,35.5456,88.2807,29.1885,42.393313
60805,Cajamarca,Jaen,Pomahuaca,8095.0,811.608,9.974,22.4225,77.5775,100.0,85.2812,31.2791,85.0192,30.146,54.820963
60806,Cajamarca,Jaen,Pucará,6523.0,221.0872,29.5042,24.8671,75.1329,36.4794,63.695,32.3187,68.9494,45.3771,43.505236000000004
60807,Cajamarca,Jaen,Sallique,6080.0,365.5209,16.6338,6.785,93.215,100.0,80.3322,4.3646,92.848,30.2934,76.842495
60808,Cajamarca,Jaen,San Felipe,4274.0,255.598,16.7216,24.0715,75.9285,100.0,94.5065,25.8588,81.9732,31.8427,67.28295800000001
60809,Cajamarca,Jaen,San José Del Alto,6634.0,504.1316,13.1593,28.4664,71.5336,100.0,87.1148,34.8774,82.8017,35.6548,48.61103
60810,Cajamarca,Jaen,Santa Rosa,9156.0,268.2063,34.1379,30.9558,69.0442,72.9081,88.1184,41.5893,79.7461,33.8671,57.40682299999999
61101,Cajamarca,San Ignacio,San Ignacio,29216.0,356.5186,81.948,22.7754,77.2246,61.8598,84.1934,36.4772,74.2145,44.4215,42.295658
61102,Cajamarca,San Ignacio,Chirinos,12767.0,356.5781,35.8042,17.7871,82.2129,80.5099,79.7429,42.009,78.5636,38.2327,37.29240300000001
61103,Cajamarca,San Ignacio,Huarango,16678.0,903.1411,18.4667,22.1344,77.8656,73.8841,87.3635,34.5931,88.4688,36.6017,57.175184
61105,Cajamarca,San Ignacio,La Coipa,17685.0,403.656,43.8121,23.2299,76.7701,87.8693,82.4681,34.3556,81.2494,32.968,57.233712000000004
61104,Cajamarca,San Ignacio,Namballe,7856.0,633.2994,12.4049,15.3725,84.6275,100.0,72.7141,38.0345,88.437,35.9138,68.827543
61106,Cajamarca,San Ignacio,San José De Lourdes,15238.0,1359.0991,11.2118,28.4059,71.5941,83.92,90.7345,29.4767,81.9136,33.0191,48.337739
61107,Cajamarca,San Ignacio,Tabaconas,15898.0,774.6673,20.5224,13.0262,86.9738,100.0,86.9661,32.3978,86.3804,32.252,66.409842
61201,Cajamarca,San Marcos,Pedro Galvez,15643.0,242.5883,64.4837,28.5058,71.4942,50.5033,83.1386,32.9373,71.5148,40.1781,42.119928
61207,Cajamarca,San Marcos,Chancay,2647.0,68.2779,38.768,40.7736,59.2264,100.0,64.5638,16.5981,91.3322,22.3093,64.269365
61205,Cajamarca,San Marcos,Eduardo Villanueva,2431.0,62.3257,39.0048,26.4498,73.5502,100.0,84.9448,25.2207,70.3453,33.186,52.284391
61203,Cajamarca,San Marcos,Gregorio Pita,5229.0,220.9066,23.6706,20.7734,79.2266,100.0,93.5887,17.3142,88.4735,25.1985,60.854865000000004
61202,Cajamarca,San Marcos,Ichocan,1842.0,67.8368,27.1534,34.662,65.338,100.0,91.7448,29.3714,76.8017,33.1861,49.22889
61204,Cajamarca,San Marcos,José Manuel Quiroz,3192.0,107.8052,29.609,31.5985,68.4015,100.0,92.6854,9.5784,91.0835,22.6911,68.553706
61206,Cajamarca,San Marcos,José Sabogal,11678.0,582.8812,20.035,18.3891,81.6109,100.0,84.1079,7.2417,91.5662,17.943,77.012854
61001,Cajamarca,San Miguel,San Miguel,9987.0,354.7147,28.155,32.3479,67.6521,67.0488,93.4906,28.6531,79.8764,35.6821,44.088526
61013,Cajamarca,San Miguel,Bolívar,1261.0,84.4387,14.9339,35.7992,64.2008,100.0,98.7624,41.4356,84.6854,39.2063,39.510324000000004
61002,Cajamarca,San Miguel,Calquis,3735.0,339.079,11.0151,13.8442,86.1558,100.0,89.8,26.6454,88.5442,31.0212,66.217462
61012,Cajamarca,San Miguel,Catilluc,2826.0,202.0938,13.9836,14.7569,85.2431,100.0,97.138,34.4538,76.0102,29.5899,60.111856
61009,Cajamarca,San Miguel,El Prado,2635.0,70.2639,37.5015,40.3533,59.6467,100.0,89.9761,23.8284,87.0313,31.3261,65.66031699999999
61003,Cajamarca,San Miguel,La Florida,2339.0,55.0973,42.4522,28.8994,71.1006,100.0,92.4031,26.4114,80.8314,43.9713,47.899904
61004,Cajamarca,San Miguel,Llapa,3902.0,142.3179,27.4175,24.5046,75.4954,100.0,97.0414,31.6403,85.6505,31.8288,45.02843
61005,Cajamarca,San Miguel,Nanchoc,1389.0,358.8542,3.8707,38.961,61.039,100.0,48.6154,36.1134,81.4729,43.5065,44.737705000000005
61006,Cajamarca,San Miguel,Niepos,2925.0,154.9105,18.8819,28.7341,71.2659,100.0,92.2882,27.4199,85.3325,38.3926,55.93133
61007,Cajamarca,San Miguel,San Gregorio,2093.0,308.1193,6.7928,48.0466,51.9534,100.0,22.6667,36.13,84.9708,35.8048,59.474771000000004
61008,Cajamarca,San Miguel,San Silvestre De Cochán,3637.0,134.2461,27.092,21.1036,78.8964,100.0,96.3274,28.1727,85.7338,29.9858,70.109398
61011,Cajamarca,San Miguel,Tongod,2862.0,161.2088,17.7534,17.5776,82.4224,100.0,98.9041,27.1801,81.1756,40.2344,52.260988
61010,Cajamarca,San Miguel,Unión Agua Blanca,2812.0,170.0291,16.5383,49.9099,50.0901,100.0,92.4784,30.6297,84.2697,32.5413,59.348225
61301,Cajamarca,San Pablo,San Pablo,11069.0,200.0087,55.3426,20.2554,79.7446,72.1175,84.7873,26.7714,81.08,35.402,65.44879300000001
61302,Cajamarca,San Pablo,San Bernardino,4136.0,166.2276,24.8815,18.1366,81.8634,100.0,91.4697,20.44,91.4066,25.9559,72.013642
61303,Cajamarca,San Pablo,San Luis,1329.0,42.8432,31.0201,38.0952,61.9048,100.0,92.1311,27.9863,90.9186,28.8503,64.587335
61304,Cajamarca,San Pablo,Tumbadén,3757.0,255.498,14.7046,20.0529,79.9471,100.0,80.7512,18.0837,89.4597,28.3339,68.919693
60901,Cajamarca,Santa Cruz,Santa Cruz,7083.0,105.1486,67.3618,33.0766,66.9234,43.8977,85.6045,32.9044,69.6943,47.4769,35.080272
60910,Cajamarca,Santa Cruz,Andabamba,1360.0,8.6678,156.9026,35.4916,64.5084,100.0,54.4236,25.4032,86.6118,39.4531,61.171385
60902,Cajamarca,Santa Cruz,Catache,7474.0,563.9939,13.2519,20.3121,79.6879,100.0,88.5424,35.8401,72.1478,44.6181,59.40410200000001
60903,Cajamarca,Santa Cruz,Chancaybaños,3422.0,127.619,26.8142,30.6412,69.3588,100.0,79.3757,25.0,88.8823,37.5942,64.317897
60904,Cajamarca,Santa Cruz,La Esperanza,2438.0,59.7644,40.7935,35.1895,64.8105,100.0,77.5701,7.6816,88.7979,35.2968,54.658908
60905,Cajamarca,Santa Cruz,Ninabamba,2486.0,57.4716,43.2561,26.8716,73.1284,100.0,100.0,31.6912,81.2113,42.8571,56.222331000000004
60906,Cajamarca,Santa Cruz,Pulán,3633.0,158.9574,22.8552,24.2126,75.7874,100.0,80.0,24.6591,83.1109,36.7123,57.064054999999996
60911,Cajamarca,Santa Cruz,Saucepampa,1782.0,31.2962,56.9398,32.3501,67.6499,100.0,87.8628,34.601,92.6003,31.6703,54.713495
60907,Cajamarca,Santa Cruz,Sexi,485.0,190.6741,2.5436,22.3214,77.6786,100.0,92.7711,36.2283,51.2941,54.9878,48.725971
60908,Cajamarca,Santa Cruz,Uticyacu,1247.0,43.3094,28.7928,28.8925,71.1075,100.0,51.8272,12.2078,83.1612,32.419,70.027283
60909,Cajamarca,Santa Cruz,Yauyucán,2703.0,33.6893,80.2332,24.9844,75.0156,100.0,58.5831,34.5627,85.654,39.8969,62.478178
240101,Callao,Callao,Callao,393426.0,48.7991,8062.1569,69.1755,30.8245,0.0,97.386,44.5541,27.4777,74.6078,14.174308
240102,Callao,Callao,Bellavista,71296.0,4.5601,15634.7449,78.3355,21.6645,0.0,99.3072,45.8184,18.0332,79.4334,4.514265999999999
240104,Callao,Callao,Carmen De La Legua Reynoso,42944.0,1.9096,22488.4793,67.9265,32.0735,0.0,98.2151,46.2166,27.8338,74.637,11.838163000000002
240105,Callao,Callao,La Perla,57154.0,3.2693,17482.0298,79.2031,20.7969,0.0,98.6447,46.4371,17.7133,80.5401,3.1182830000000004
240103,Callao,Callao,La Punta,6388.0,0.7422,8606.8445,88.0496,11.9504,0.0,99.8292,46.1099,7.8611,86.8358,1.942411
240106,Callao,Callao,Ventanilla,253824.0,77.9495,3256.2621,58.385,41.615,0.0,84.3592,42.0404,42.858,66.6231,26.066656
240107,Callao,Callao,Mi Perú,33936.0,2.8021,12110.9168,60.5396,39.4604,0.0,93.7332,43.8786,38.0997,67.5442,23.941494
70101,Cusco,Cusco,Cusco,98386.0,101.4284,970.0045,31.3314,68.6686,2.3554,85.6996,46.9247,29.9477,74.7265,8.214426
70102,Cusco,Cusco,Ccorca,2734.0,161.5617,16.9223,6.3152,93.6848,100.0,92.0312,24.1748,89.3143,31.8841,39.390077000000005
70103,Cusco,Cusco,Poroy,7683.0,13.3056,577.426,14.3415,85.6585,100.0,66.1184,42.7656,53.4072,58.8389,21.672473
70104,Cusco,Cusco,San Jerónimo,39528.0,95.61,413.4296,23.8979,76.1021,3.0486,90.561,47.5728,36.9216,69.9268,11.983353000000001
70105,Cusco,Cusco,San Sebastián,76808.0,68.3829,1123.2048,24.5522,75.4478,1.5275,87.1808,47.9428,33.5075,73.2351,7.710494
70106,Cusco,Cusco,Santiago,76228.0,59.1261,1289.2445,22.8238,77.1762,2.1392,77.2542,47.8418,38.1865,69.687,8.301604
70107,Cusco,Cusco,Saylla,5727.0,24.0737,237.8945,13.295,86.705,38.3383,73.6245,38.8563,48.6215,56.4769,25.397937
70108,Cusco,Cusco,Wanchaq,62978.0,5.6241,11197.8805,41.7457,58.2543,0.0,97.6686,51.3404,13.5239,81.9637,1.376287
70201,Cusco,Acomayo,Acomayo,4025.0,141.293,28.4869,9.9804,90.0196,35.9885,95.7195,27.8271,78.4422,41.8459,42.064068999999996
70202,Cusco,Acomayo,Acopia,2285.0,71.3217,32.0379,6.6225,93.3775,100.0,85.9843,27.7331,84.4528,42.8236,35.42542
70203,Cusco,Acomayo,Acos,2091.0,137.7039,15.1848,9.6723,90.3277,100.0,98.0213,24.0964,83.2739,36.9202,36.10735
70207,Cusco,Acomayo,Mosoc Llacta,1179.0,43.9282,26.8393,4.3103,95.6897,100.0,88.0952,16.3225,73.7226,46.4455,35.42542
70204,Cusco,Acomayo,Pomacanchi,6452.0,267.2145,24.1454,4.7059,95.2941,32.0427,88.8232,16.2354,85.7896,42.2449,45.198174
70205,Cusco,Acomayo,Rondocán,2430.0,183.0052,13.2783,7.0318,92.9682,100.0,96.8571,21.3151,84.2105,29.2423,27.856699000000003
70206,Cusco,Acomayo,Sangarara,2913.0,86.0978,33.8336,7.6509,92.3491,21.0623,92.4779,20.8167,84.9512,40.5319,40.846186
70301,Cusco,Anta,Anta,17640.0,187.4437,94.1083,10.7851,89.2149,47.7531,67.3023,33.2298,64.5751,57.0592,25.636171
70309,Cusco,Anta,Ancahuasi,6703.0,124.0946,54.0152,9.0222,90.9778,52.6091,94.5109,22.8169,75.6044,43.9382,36.079741
70308,Cusco,Anta,Cachimayo,2483.0,43.5981,56.952,18.1818,81.8182,100.0,83.1481,44.1244,45.8858,64.7318,10.934871999999999
70302,Cusco,Anta,Chinchaypujio,4749.0,395.8682,11.9964,7.3444,92.6556,100.0,87.6592,17.1467,86.463,39.3314,47.088974
70303,Cusco,Anta,Huarocondo,5347.0,220.2929,24.2722,8.278,91.722,47.7609,86.394,27.1442,79.8147,45.5828,29.627913999999997
70304,Cusco,Anta,Limatambo,7553.0,505.8713,14.9307,14.5797,85.4203,100.0,91.2999,21.8231,82.674,42.7249,36.174095
70305,Cusco,Anta,Mollepata,3152.0,369.1125,8.5394,27.4159,72.5841,100.0,78.7037,28.5312,74.7027,49.5441,28.091778
70306,Cusco,Anta,Pucyura,3557.0,33.9784,104.6842,10.9122,89.0878,100.0,88.1072,34.3047,72.8428,54.2036,24.26189
70307,Cusco,Anta,Zurite,3673.0,60.8863,60.3256,10.9172,89.0828,100.0,86.0957,31.9848,64.532,58.5797,24.26189
70401,Cusco,Calca,Calca,18501.0,312.4639,59.21,14.4975,85.5025,34.4629,94.4242,35.7006,62.9969,54.6419,24.155720000000002
70402,Cusco,Calca,Coya,3321.0,70.3055,47.2367,13.7545,86.2455,16.6134,92.1,26.853,78.7395,49.1967,29.860187
70403,Cusco,Calca,Lamay,5084.0,95.399,53.292,7.149,92.851,45.4169,92.9064,25.5205,84.0956,41.7973,39.946301000000005
70404,Cusco,Calca,Lares,6249.0,731.8828,8.5383,6.5919,93.4081,100.0,88.0386,19.2845,90.5788,29.7391,50.998653000000004
70405,Cusco,Calca,Pisac,9055.0,147.7891,61.2697,12.9472,87.0528,53.9357,84.6984,29.2462,71.8029,47.7587,36.319638999999995
70406,Cusco,Calca,San Salvador,5391.0,127.9693,42.1273,14.368,85.632,100.0,94.0819,28.7066,85.13,40.3601,39.915003
70407,Cusco,Calca,Taray,3917.0,54.8651,71.3933,14.2306,85.7694,52.8757,64.467,30.9373,67.5093,47.8983,41.532127
70408,Cusco,Calca,Yanatile,7869.0,1992.6192,3.9491,11.3204,88.6796,71.6764,91.6164,38.8073,73.9115,41.1312,34.576892
70501,Cusco,Canas,Yanaoca,7583.0,291.2863,26.0328,5.0614,94.9386,55.3066,93.5412,13.3201,84.8135,44.9525,50.118466
70502,Cusco,Canas,Checca,5003.0,504.1052,9.9245,2.5395,97.4605,100.0,87.5676,9.9782,92.4774,38.9381,55.855767
70503,Cusco,Canas,Kunturkanki,4441.0,393.8876,11.2748,5.6312,94.3688,100.0,90.4865,9.9954,86.7074,44.3392,45.783716
70504,Cusco,Canas,Langui,2547.0,171.0897,14.8869,5.2209,94.7791,100.0,97.8632,20.5962,76.6633,45.6784,40.854791000000006
70505,Cusco,Canas,Layo,4898.0,425.8666,11.5013,3.5461,96.4539,100.0,96.1377,8.0491,84.4324,41.1285,53.11860299999999
70506,Cusco,Canas,Pampamarca,1670.0,31.1676,53.5813,5.2679,94.7321,100.0,96.139,22.9263,76.1697,48.9853,36.375307
70507,Cusco,Canas,Quehue,2645.0,148.8749,17.7666,3.9818,96.0182,100.0,80.7018,9.634,91.851,40.3094,55.119197
70508,Cusco,Canas,Túpac Amaru,2576.0,115.1668,22.3676,4.0929,95.9071,100.0,85.9175,20.229,88.7039,41.7456,45.967309
70601,Cusco,Canchis,Sicuani,47140.0,646.5289,72.9124,10.0917,89.9083,18.0556,93.7523,39.1318,55.9739,59.7351,23.505524
70603,Cusco,Canchis,Checacupe,4347.0,937.1052,4.6388,6.361,93.639,51.1653,90.6589,21.4105,80.678,48.9896,40.281875
70602,Cusco,Canchis,Combapata,4221.0,173.3357,24.3516,6.3588,93.6412,100.0,93.1006,24.9402,77.0874,47.6147,33.396703
70604,Cusco,Canchis,Marangani,9179.0,438.6232,20.9268,4.9416,95.0584,66.3125,92.3355,23.6394,64.4583,48.965,39.282182999999996
70605,Cusco,Canchis,Pitumarca,6496.0,1090.9484,5.9545,5.8643,94.1357,43.8494,95.904,30.5671,87.0014,36.4401,45.515751
70606,Cusco,Canchis,San Pablo,4557.0,522.7187,8.7179,6.1921,93.8079,100.0,94.0084,24.7228,76.9413,42.5735,34.451396
70607,Cusco,Canchis,San Pedro,2826.0,55.9844,50.4783,7.1749,92.8251,100.0,95.2381,37.0325,66.3737,50.572,17.962187
70608,Cusco,Canchis,Tinta,4707.0,82.5475,57.0217,5.7708,94.2292,45.7944,86.0959,35.3648,68.2243,53.7648,31.785967999999997
70701,Cusco,Chumbivilcas,Santo Tomás,16847.0,1904.7284,8.8448,4.0255,95.9745,46.0374,65.1602,20.5154,79.7542,39.7757,44.452513
70702,Cusco,Chumbivilcas,Capacmarca,4667.0,267.9623,17.4166,5.9689,94.0311,100.0,92.0635,19.2435,90.5846,35.8133,45.15750700000001
70704,Cusco,Chumbivilcas,Chamaca,6852.0,674.051,10.1654,2.8743,97.1257,100.0,78.1407,13.742,81.4061,40.5985,48.960747999999995
70703,Cusco,Chumbivilcas,Colquemarca,9138.0,452.0947,20.2126,3.5003,96.4997,100.0,78.8392,18.8724,86.2114,36.3073,49.167441999999994
70705,Cusco,Chumbivilcas,Livitaca,10617.0,746.5756,14.2209,3.8282,96.1718,89.8546,83.5513,8.7232,83.9692,39.4599,57.047768000000005
70706,Cusco,Chumbivilcas,Llusco,5741.0,315.034,18.2234,2.1118,97.8882,100.0,86.2131,7.0426,91.9414,34.4524,50.032726999999994
70707,Cusco,Chumbivilcas,Quiñota,3642.0,225.937,16.1195,2.4003,97.5997,100.0,77.374,14.8777,90.1479,33.269,54.520153
70708,Cusco,Chumbivilcas,Velille,7475.0,760.0513,9.8349,3.0669,96.9331,63.1848,78.9359,39.7129,64.2574,57.3858,38.744463
70801,Cusco,Espinar,Espinar,27599.0,737.6021,37.4172,11.4293,88.5707,11.9618,88.7664,35.8442,44.686,58.8475,25.869895999999997
70802,Cusco,Espinar,Condoroma,1086.0,515.2632,2.1077,8.8091,91.1909,100.0,83.7209,31.4143,64.7126,47.9567,23.973385999999998
70803,Cusco,Espinar,Coporaque,14486.0,1543.0794,9.3877,4.382,95.618,100.0,82.9389,15.0776,78.0513,37.1642,41.62130499999999
70804,Cusco,Espinar,Ocoruro,1650.0,359.2363,4.5931,5.9218,94.0782,100.0,39.0625,22.6891,59.8626,35.4508,34.29943
70805,Cusco,Espinar,Pallpata,6429.0,817.5481,7.8638,6.0837,93.9163,47.1283,81.8284,20.7382,67.5513,44.3349,29.903014
70806,Cusco,Espinar,Pichigua,4227.0,273.9278,15.4311,4.7461,95.2539,100.0,70.6494,9.0734,80.1426,41.9822,44.958712999999996
70807,Cusco,Espinar,Suyckutambo,2853.0,627.7168,4.545,5.7047,94.2953,100.0,89.1051,25.1818,78.5149,31.0914,42.367723
70808,Cusco,Espinar,Alto Pichigua,2928.0,359.613,8.1421,3.8181,96.1819,100.0,72.1174,16.2934,71.7684,37.3054,34.29943
70901,Cusco,La Convención,Santa Ana,31142.0,391.5378,79.5377,21.2015,78.7985,14.3362,97.1176,45.6149,35.7406,70.4981,8.292162000000001
70902,Cusco,La Convención,Echarate,28876.0,10575.6061,2.7304,14.5549,85.4451,83.3936,91.1938,40.5759,58.3355,47.0525,23.265437
70903,Cusco,La Convención,Huayopata,5186.0,530.0907,9.7832,19.4444,80.5556,47.5173,81.5689,33.7225,63.9011,54.8977,23.866263
70904,Cusco,La Convención,Maranura,6027.0,164.5846,36.6195,14.1076,85.8924,100.0,93.0881,32.1108,62.7238,55.1465,14.833678
70905,Cusco,La Convención,Ocobamba,4847.0,862.5104,5.6196,5.7336,94.2664,100.0,85.4604,29.2934,78.1142,44.7318,36.066762
70908,Cusco,La Convención,Quellouno,12092.0,1964.5309,6.1552,12.9446,87.0554,100.0,93.6976,32.702,63.286,44.7597,21.80408
70909,Cusco,La Convención,Kimbiri,12886.0,786.5092,16.3838,15.2848,84.7152,38.5227,89.3639,41.9412,83.6925,46.2637,25.020310000000002
70906,Cusco,La Convención,Santa Teresa,6847.0,1329.3182,5.1508,12.3386,87.6614,100.0,97.6163,37.328,68.503,49.921,21.80408
70907,Cusco,La Convención,Vilcabamba,10250.0,2327.5157,4.4038,8.7707,91.2293,100.0,93.4671,21.6316,83.1956,41.634,38.185101
70910,Cusco,La Convención,Pichari,24614.0,813.2361,30.2667,12.3605,87.6395,25.693,94.5971,43.3333,70.0498,53.8595,30.628854
70911,Cusco,La Convención,Inkawasi,4108.0,772.8997,5.315,8.6652,91.3348,100.0,88.0466,29.4849,82.4037,45.1,45.476715999999996
70912,Cusco,La Convención,Villa Virgen,2169.0,439.0887,4.9398,19.5876,80.4124,100.0,94.0701,40.1338,81.1616,50.8039,42.797205
70913,Cusco,La Convención,Villa Kintiarina,2474.0,198.7926,12.4451,18.2699,81.7301,100.0,84.2105,37.4635,82.7761,39.8128,41.338265
70915,Cusco,La Convención,Megantoni,10671.0,10708.0933,0.9965,23.8312,76.1688,100.0,81.0247,45.5053,58.2293,59.404,33.569166
71001,Cusco,Paruro,Paruro,3027.0,152.6386,19.8312,10.9072,89.0928,100.0,97.4713,29.9157,74.8518,48.5026,30.318799999999996
71002,Cusco,Paruro,Accha,3172.0,238.7084,13.2882,10.3867,89.6133,100.0,94.1248,18.9007,84.7094,39.67,45.511449
71003,Cusco,Paruro,Ccapi,3524.0,325.5307,10.8254,6.1629,93.8371,100.0,74.81,16.4195,90.9061,31.053,39.17017
71004,Cusco,Paruro,Colcha,1185.0,139.8834,8.4713,18.4385,81.5615,100.0,56.2827,9.101,84.839,34.6195,30.318799999999996
71005,Cusco,Paruro,Huanoquite,5306.0,361.1788,14.6908,5.8019,94.1981,100.0,90.0076,24.8828,88.8432,32.4336,40.246822
71006,Cusco,Paruro,Omacha,5280.0,427.1677,12.3605,3.2637,96.7363,100.0,78.594,10.9982,92.596,31.4408,61.454993
71008,Cusco,Paruro,Paccaritambo,2344.0,142.0097,16.5059,8.4746,91.5254,100.0,93.8433,26.2694,86.0728,36.8981,39.17017
71009,Cusco,Paruro,Pillpinto,1252.0,78.4338,15.9625,20.1575,79.8425,100.0,75.8454,21.9038,71.9298,40.3403,21.347982
71007,Cusco,Paruro,Yaurisque,2906.0,100.8914,28.8032,6.5451,93.4549,100.0,98.7567,18.2129,87.8898,39.0284,30.318799999999996
71101,Cusco,Paucartambo,Paucartambo,10258.0,1091.1085,9.4014,9.1433,90.8567,66.3887,92.9878,29.4118,80.3302,31.5376,46.231595
71102,Cusco,Paucartambo,Caicay,2814.0,106.8418,26.338,7.762,92.238,100.0,79.0295,19.2433,86.9661,27.5058,49.619293
71104,Cusco,Paucartambo,Challabamba,7895.0,713.8585,11.0596,4.1392,95.8608,100.0,91.4042,24.5887,87.8454,31.5551,51.647583
71103,Cusco,Paucartambo,Colquepata,8117.0,459.5651,17.6624,6.1664,93.8336,100.0,85.9583,26.8316,92.5459,30.6207,51.25095400000001
71106,Cusco,Paucartambo,Huancarani,5537.0,145.5628,38.0386,6.8182,93.1818,100.0,82.6994,16.6344,88.6558,36.7203,45.705456999999996
71105,Cusco,Paucartambo,Kosñipata,5232.0,3266.603,1.6017,13.0019,86.9981,100.0,98.7654,32.5617,72.337,43.7048,30.984116
71201,Cusco,Quispicanchi,Urcos,11308.0,140.5837,80.4361,13.3306,86.6694,34.3414,90.708,35.7165,65.7434,52.8932,27.845377
71202,Cusco,Quispicanchi,Andahuaylillas,5317.0,85.6211,62.0992,14.1964,85.8036,27.3935,86.9629,34.8997,69.4152,54.7197,29.921493999999996
71203,Cusco,Quispicanchi,Camanti,2598.0,3361.5058,0.7729,24.293,75.707,100.0,95.8904,36.7839,46.7328,57.7071,15.06989
71204,Cusco,Quispicanchi,Ccarhuayo,2778.0,303.336,9.1582,3.4992,96.5008,100.0,94.7183,13.5764,87.1813,32.1707,51.69089100000001
71205,Cusco,Quispicanchi,Ccatca,9704.0,296.6837,32.7082,9.2507,90.7493,72.3204,79.8044,7.6516,90.3798,30.0709,61.35074
71206,Cusco,Quispicanchi,Cusipata,4070.0,242.5234,16.7819,7.5819,92.4181,100.0,84.3918,21.0091,81.4025,40.5506,38.297788
71207,Cusco,Quispicanchi,Huaro,3753.0,108.514,34.5854,11.9934,88.0066,32.0977,88.2609,27.6281,64.2175,49.0311,33.176199
71208,Cusco,Quispicanchi,Lucre,3790.0,117.9809,32.1238,16.302,83.698,12.7442,86.9565,38.2085,60.4212,56.0074,19.07511
71209,Cusco,Quispicanchi,Marcapata,4125.0,1300.1809,3.1726,8.6365,91.3635,100.0,97.5117,16.1166,84.8851,27.8515,57.584146000000004
71210,Cusco,Quispicanchi,Ocongate,13827.0,948.0252,14.5851,3.602,96.398,72.6795,91.6769,15.2675,86.7569,32.7487,53.548677
71211,Cusco,Quispicanchi,Oropesa,8114.0,78.3612,103.5461,18.2095,81.7905,9.8899,78.0225,41.4817,55.6332,60.6162,19.07511
71212,Cusco,Quispicanchi,Quiquijana,8637.0,364.1126,23.7207,5.0514,94.9486,66.6796,94.0378,14.6915,85.4005,33.8936,47.828509000000004
71301,Cusco,Urubamba,Urubamba,19660.0,160.8228,122.2463,16.9315,83.0685,30.5746,89.4338,42.7284,42.2916,61.8075,21.066471
71302,Cusco,Urubamba,Chinchero,10525.0,102.3841,102.7992,8.5056,91.4944,60.4753,58.0716,30.3864,69.0178,54.8881,24.33862
71303,Cusco,Urubamba,Huayllabamba,4914.0,76.8177,63.9696,14.0853,85.9147,62.5932,79.9585,41.5952,52.2277,60.1716,24.33862
71304,Cusco,Urubamba,Machupicchu,8943.0,361.1865,24.7601,19.5221,80.4779,15.3731,98.1962,65.8762,22.5921,78.6933,23.51616
71305,Cusco,Urubamba,Maras,6430.0,141.2035,45.5371,8.7894,91.2106,100.0,78.8228,22.3672,71.8298,41.9122,33.774139
71306,Cusco,Urubamba,Ollantaytambo,9374.0,579.2264,16.1837,10.3326,89.6674,65.2533,89.6017,32.3812,69.2277,48.0698,30.320912
71307,Cusco,Urubamba,Yucay,2802.0,23.8081,117.691,15.7143,84.2857,2.1409,94.8138,45.2177,36.7049,66.6011,14.017021
80101,Huancavelica,Huancavelica,Huancavelica,32206.0,510.5442,63.0817,12.5934,87.4066,8.8194,93.0832,38.5315,50.5657,68.1119,17.073401
80102,Huancavelica,Huancavelica,Acobambilla,2351.0,736.8766,3.1905,25.7319,74.2681,100.0,93.7238,33.8658,85.0495,51.8634,38.095811000000005
80103,Huancavelica,Huancavelica,Acoria,18459.0,543.4133,33.9686,10.1451,89.8549,72.0337,89.9697,17.3595,89.9607,37.6231,48.28448900000001
80104,Huancavelica,Huancavelica,Conayca,868.0,41.3817,20.9755,14.4578,85.5422,100.0,99.1228,42.3367,75.4407,44.7174,35.232549000000006
80105,Huancavelica,Huancavelica,Cuenca,1677.0,55.0911,30.4405,22.6125,77.3875,100.0,87.1345,12.0075,91.4688,31.641,51.273128
80106,Huancavelica,Huancavelica,Huachocolpa,1868.0,337.4371,5.5358,13.7755,86.2245,100.0,82.029,34.386,58.08,48.3324,40.05058
80108,Huancavelica,Huancavelica,Huayllahuara,767.0,36.4288,21.0548,14.3275,85.6725,100.0,76.2791,16.6939,74.0973,46.2279,25.765432
80109,Huancavelica,Huancavelica,Izcuchaca,1089.0,12.368,88.0498,33.8583,66.1417,100.0,84.0,35.6777,62.2931,65.7178,20.41227
80110,Huancavelica,Huancavelica,Laria,844.0,64.3329,13.1193,13.0531,86.9469,100.0,97.8417,11.2696,86.4611,41.4702,35.103963
80111,Huancavelica,Huancavelica,Manta,872.0,158.4203,5.5043,19.3059,80.6941,100.0,78.0488,28.9143,87.0934,45.1153,55.702492
80112,Huancavelica,Huancavelica,Mariscal Cáceres,845.0,5.2224,161.803,27.8481,72.1519,100.0,95.7576,33.6226,73.8703,52.1649,20.41227
80113,Huancavelica,Huancavelica,Moya,1014.0,94.5208,10.7278,26.7227,73.2773,100.0,93.4256,21.9382,75.3564,48.0669,37.983126999999996
80114,Huancavelica,Huancavelica,Nuevo Occoro,1956.0,245.9759,7.952,7.3333,92.6667,100.0,91.4773,7.6087,87.3072,38.4331,40.05058
80115,Huancavelica,Huancavelica,Palca,2809.0,80.8801,34.7304,12.2829,87.7171,100.0,88.2353,17.7872,86.9327,36.1197,46.056613
80116,Huancavelica,Huancavelica,Pilchaca,983.0,39.6868,24.7689,25.2078,74.7922,100.0,97.0238,30.786,82.6,39.2405,52.020666999999996
80117,Huancavelica,Huancavelica,Vilca,2060.0,308.6668,6.6739,16.8224,83.1776,100.0,85.7143,34.6506,90.8514,43.2984,53.814208
80118,Huancavelica,Huancavelica,Yauli,18666.0,320.7507,58.1947,7.2093,92.7907,70.432,80.0984,14.4248,93.8972,37.653,58.77626599999999
80119,Huancavelica,Huancavelica,Ascensión,10299.0,409.1352,25.1726,9.9478,90.0522,4.1822,95.9171,33.3683,60.6,58.8192,16.825292
80120,Huancavelica,Huancavelica,Huando,5655.0,195.4405,28.9346,11.0578,88.9422,100.0,79.3003,24.2238,89.1005,41.4082,33.074807
80201,Huancavelica,Acobamba,Acobamba,7763.0,123.4071,62.9056,14.2112,85.7888,36.0468,71.1011,39.0703,76.1024,50.8566,23.839498
80203,Huancavelica,Acobamba,Andabamba,3351.0,81.9275,40.902,7.9856,92.0144,100.0,93.5135,25.8109,94.5392,36.071,49.432298
80202,Huancavelica,Acobamba,Anta,5120.0,91.8768,55.7268,11.1155,88.8845,100.0,83.0935,26.3505,96.674,29.2983,52.585169
80204,Huancavelica,Acobamba,Caja,2133.0,87.0294,24.509,20.5809,79.4191,100.0,91.858,8.0233,90.2823,42.0725,27.95382
80205,Huancavelica,Acobamba,Marcas,1862.0,171.6457,10.8479,18.5832,81.4168,100.0,84.7495,26.386,88.293,35.7046,27.95382
80206,Huancavelica,Acobamba,Paucara,9605.0,220.2537,43.6088,11.3253,88.6747,58.7806,80.6146,19.5645,90.7633,43.3381,51.426005
80207,Huancavelica,Acobamba,Pomacocha,2964.0,55.2025,53.6932,16.3379,83.6621,100.0,51.6089,36.7449,84.4115,44.2301,41.19127
80208,Huancavelica,Acobamba,Rosario,4958.0,95.6793,51.8189,11.4051,88.5949,100.0,91.0624,22.4247,93.6907,37.3141,44.56379
80301,Huancavelica,Angaraes,Lircay,19570.0,825.9961,23.6926,13.6636,86.3364,51.0287,86.6458,19.3601,67.957,42.4758,44.125031
80302,Huancavelica,Angaraes,Anchonga,6230.0,75.4469,82.5746,2.9992,97.0008,100.0,94.3094,15.7453,90.8082,37.697,63.810822
80303,Huancavelica,Angaraes,Callanmarca,825.0,24.6527,33.4649,9.447,90.553,100.0,86.8852,9.7518,89.76,24.2373,48.622901999999996
80312,Huancavelica,Angaraes,Ccochaccasa,2905.0,107.1902,27.1014,7.1077,92.8923,100.0,93.4363,22.9751,41.8471,47.879,44.441587
80305,Huancavelica,Angaraes,Chincho,1202.0,173.7412,6.9183,33.3333,66.6667,100.0,80.3571,38.8249,84.1994,39.4177,28.39438
80304,Huancavelica,Angaraes,Congalla,3457.0,209.2774,16.5187,10.6441,89.3559,100.0,72.5714,15.4325,86.6535,35.5821,56.942654000000005
80307,Huancavelica,Angaraes,Huanca-Huanca,1302.0,107.2232,12.1429,10.3693,89.6307,100.0,45.0382,14.0809,93.6425,28.1847,66.018283
80306,Huancavelica,Angaraes,Huayllay Grande,1334.0,31.8586,41.8725,10.3862,89.6138,100.0,59.0551,11.6795,90.6391,30.597,47.740775
80308,Huancavelica,Angaraes,Julcamarca,1044.0,51.2496,20.3709,14.58,85.42,100.0,97.8346,32.3899,67.5115,61.0067,28.39438
80309,Huancavelica,Angaraes,San Antonio De Antaparco,1239.0,33.7854,36.6726,13.0755,86.9245,100.0,84.8958,32.1281,83.0822,59.5735,40.63401
80310,Huancavelica,Angaraes,Santo Tomás De Pata,1416.0,138.9286,10.1923,18.1034,81.8966,100.0,86.8571,40.4871,88.2312,40.992,40.63401
80311,Huancavelica,Angaraes,Secclla,2418.0,162.8357,14.8493,6.1358,93.8642,100.0,95.4603,12.3044,88.5113,45.3552,44.390001
80401,Huancavelica,Castrovirreyna,Castrovirreyna,2533.0,922.9196,2.7446,31.8538,68.1462,100.0,97.6159,37.771,74.5647,47.6605,29.696344000000003
80402,Huancavelica,Castrovirreyna,Arma,1330.0,300.4053,4.4274,47.2419,52.7581,100.0,90.8759,42.3414,75.8444,46.9149,24.38605
80403,Huancavelica,Castrovirreyna,Aurahua,1510.0,347.1762,4.3494,23.4513,76.5487,100.0,84.7887,21.8558,88.5559,47.4982,37.789973999999994
80405,Huancavelica,Castrovirreyna,Capillas,1215.0,400.1519,3.0363,29.6943,70.3057,100.0,95.1923,30.7876,88.4828,53.4965,31.183464999999998
80408,Huancavelica,Castrovirreyna,Chupamarca,841.0,366.1149,2.2971,19.4805,80.5195,100.0,97.8648,38.9303,82.8829,49.1686,49.694053
80406,Huancavelica,Castrovirreyna,Cocas,950.0,80.8357,11.7522,36.1233,63.8767,100.0,82.3529,24.2991,90.4694,43.07,35.112554
80409,Huancavelica,Castrovirreyna,Huachos,1704.0,175.4795,9.7105,25.3491,74.6509,100.0,95.122,28.7544,80.8487,50.0,36.023159
80410,Huancavelica,Castrovirreyna,Huamatambo,775.0,59.3632,13.0552,41.7722,58.2278,100.0,90.625,29.0503,84.0206,50.5376,52.404067
80414,Huancavelica,Castrovirreyna,Mollepampa,1168.0,170.642,6.8447,35.009,64.991,100.0,85.022,13.8491,87.3905,40.9806,51.221833000000004
80422,Huancavelica,Castrovirreyna,San Juan,1041.0,195.1427,5.3346,41.8182,58.1818,100.0,100.0,36.0447,68.7964,50.0775,24.38605
80429,Huancavelica,Castrovirreyna,Santa Ana,1203.0,643.5551,1.8693,14.8629,85.1371,100.0,98.0132,62.2137,64.3105,49.082,40.3827
80427,Huancavelica,Castrovirreyna,Tantara,950.0,111.2358,8.5404,60.6357,39.3643,100.0,98.2249,30.0687,72.9938,52.9887,39.201331
80428,Huancavelica,Castrovirreyna,Ticrapo,1746.0,182.5798,9.5629,35.8369,64.1631,100.0,86.1538,43.7962,71.7758,52.6652,14.466285000000001
80701,Huancavelica,Churcampa,Churcampa,4130.0,134.9407,30.606,13.9251,86.0749,35.0236,95.8841,35.702,78.6557,46.0347,38.171632
80702,Huancavelica,Churcampa,Anco,4930.0,149.1967,33.0436,10.8849,89.1151,100.0,80.9707,21.4687,90.5365,36.0355,36.01357
80703,Huancavelica,Churcampa,Chinchihuasi,2199.0,161.7337,13.5964,20.4118,79.5882,100.0,87.8866,29.2642,88.8327,32.4049,39.635442999999995
80704,Huancavelica,Churcampa,El Carmen,2358.0,76.8411,30.6867,14.0187,85.9813,100.0,96.5944,28.8848,88.8431,36.0748,42.546562
80705,Huancavelica,Churcampa,La Merced,782.0,72.8524,10.734,24.6914,75.3086,100.0,78.5016,39.1129,77.3655,52.6214,25.556384
80706,Huancavelica,Churcampa,Locroja,3190.0,92.3022,34.5604,11.2903,88.7097,100.0,90.3587,23.4416,93.6833,37.4062,57.363609
80707,Huancavelica,Churcampa,Paucarbamba,4464.0,97.5224,45.7741,18.1121,81.8879,100.0,70.0,28.3139,88.8863,37.5792,36.629338000000004
80708,Huancavelica,Churcampa,San Miguel De Mayocc,923.0,29.3856,31.4099,28.2474,71.7526,100.0,77.6316,32.8947,62.953,54.0616,17.552198999999998
80709,Huancavelica,Churcampa,San Pedro De Coris,2978.0,128.5198,23.1715,22.6657,77.3343,100.0,90.3529,36.1408,64.238,52.9912,35.572278
80710,Huancavelica,Churcampa,Pachamarca,2124.0,155.8672,13.627,17.5869,82.4131,100.0,85.5319,15.6677,90.7328,34.9487,35.548311999999996
80711,Huancavelica,Churcampa,Cosme,3017.0,106.4102,28.3525,13.3606,86.6394,100.0,85.5422,32.4645,87.7825,35.6205,54.37387700000001
80604,Huancavelica,Huaytará,Huaytará,1681.0,393.8315,4.2683,37.148,62.852,100.0,92.0852,31.7605,60.8574,59.1977,13.467308000000001
80601,Huancavelica,Huaytará,Ayavi,889.0,180.0147,4.9385,39.2377,60.7623,100.0,80.0,32.9023,81.6107,59.1978,23.34951
80602,Huancavelica,Huaytará,Córdova,1432.0,102.9078,13.9154,35.6449,64.3551,100.0,83.5735,28.678,66.7662,48.3539,23.34951
80603,Huancavelica,Huaytará,Huayacundo Arma,596.0,37.7179,15.8015,27.2321,72.7679,100.0,98.6395,27.2727,60.2679,58.7007,21.54027
80605,Huancavelica,Huaytará,Laramarca,630.0,193.3986,3.2575,37.2308,62.7692,100.0,98.0676,39.1026,64.7337,55.4591,23.34951
80606,Huancavelica,Huaytará,Ocoyo,1310.0,168.3928,7.7794,26.2195,73.7805,100.0,94.0299,40.7947,62.1921,52.4422,26.58547
80607,Huancavelica,Huaytará,Pilpichaca,3804.0,2179.6469,1.7452,17.2059,82.7941,100.0,67.8771,10.9457,88.5062,37.399,33.764808
80608,Huancavelica,Huaytará,Querco,851.0,685.4298,1.2416,37.4026,62.5974,100.0,63.9576,43.5185,78.0039,50.1502,26.58547
80609,Huancavelica,Huaytará,Quito-Arma,838.0,239.2349,3.5028,25.3264,74.6736,100.0,84.4156,31.7384,89.7959,42.2188,21.54027
80610,Huancavelica,Huaytará,San Antonio De Cusicancha,1462.0,238.7061,6.1247,36.7606,63.2394,100.0,91.0256,8.9241,89.6907,36.0914,33.5216
80611,Huancavelica,Huaytará,San Francisco De Sangayaico,1295.0,78.5339,16.4897,37.3541,62.6459,100.0,78.7129,30.1176,83.2609,41.3288,42.947025
80612,Huancavelica,Huaytará,San Isidro,912.0,168.7643,5.404,42.2803,57.7197,100.0,100.0,13.3266,75.3321,46.9832,38.982824
80613,Huancavelica,Huaytará,Santiago De Chocorvos,2723.0,1144.3212,2.3796,43.281,56.719,100.0,87.9699,25.451,84.9791,32.794,37.465381
80614,Huancavelica,Huaytará,Santiago De Quirahuara,974.0,175.5977,5.5468,14.2857,85.7143,100.0,86.1702,6.4426,83.2447,43.4426,21.54027
80615,Huancavelica,Huaytará,Santo Domingo De Capillas,983.0,255.5733,3.8463,38.1857,61.8143,100.0,74.7967,41.4523,78.1768,45.2693,33.541436000000004
80616,Huancavelica,Huaytará,Tambo,1428.0,227.6783,6.272,44.4227,55.5773,100.0,89.011,30.1917,84.8576,50.6998,26.58547
80501,Huancavelica,Tayacaja,Pampas,7520.0,74.6964,100.6742,19.1423,80.8577,19.2923,95.1075,36.2872,68.9295,58.6881,28.008037
80502,Huancavelica,Tayacaja,Acostambo,3714.0,164.3385,22.5997,15.7025,84.2975,100.0,85.438,29.9536,88.9161,36.9364,53.93090600000001
80503,Huancavelica,Tayacaja,Acraquia,4118.0,108.4547,37.9698,12.613,87.387,100.0,82.7878,36.4593,87.933,43.9845,38.397839999999995
80504,Huancavelica,Tayacaja,Ahuaycha,4447.0,99.4845,44.7004,13.5059,86.4941,100.0,94.4501,28.7291,85.6184,42.1875,48.642132
80506,Huancavelica,Tayacaja,Colcabamba,11184.0,324.5344,34.4617,8.4021,91.5979,73.5544,87.6182,33.32,84.8392,39.5211,42.706731999999995
80509,Huancavelica,Tayacaja,Daniel Hernandez,8492.0,104.9672,80.9015,13.0257,86.9743,40.3675,89.4277,36.6934,84.1787,46.0636,37.21424
80511,Huancavelica,Tayacaja,Huachocolpa,2085.0,266.1088,7.8351,33.3972,66.6028,100.0,76.99,15.0254,87.7874,48.6988,40.17806
80512,Huancavelica,Tayacaja,Huaribamba,4240.0,149.3808,28.3838,12.1653,87.8347,100.0,89.2289,44.8164,91.8082,34.1996,44.84604300000001
80515,Huancavelica,Tayacaja,Ñahuimpuquio,1893.0,66.4351,28.494,20.1336,79.8664,100.0,66.2844,32.232,82.5676,37.8627,45.395045
80517,Huancavelica,Tayacaja,Pazos,5771.0,226.393,25.4911,10.4746,89.5254,42.9153,93.8731,40.358,90.8122,40.3897,37.21424
80518,Huancavelica,Tayacaja,Quishuar,691.0,32.6492,21.1644,28.0928,71.9072,100.0,68.2927,33.8257,90.9713,36.2093,44.923393
80519,Huancavelica,Tayacaja,Salcabamba,3974.0,190.2039,20.8934,26.5049,73.4951,100.0,75.2941,20.0523,91.1442,33.6281,63.567105999999995
80526,Huancavelica,Tayacaja,Salcahuasi,2945.0,117.0407,25.1622,31.833,68.167,100.0,84.9298,20.8937,92.5459,37.7893,42.500656
80520,Huancavelica,Tayacaja,San Marcos De Rocchac,2665.0,287.8362,9.2587,18.7943,81.2057,100.0,94.697,19.6067,91.0645,37.858,33.668138
80523,Huancavelica,Tayacaja,Surcubamba,3945.0,282.4318,13.968,24.6337,75.3663,100.0,81.3995,19.0171,88.3938,41.5643,47.127084
80525,Huancavelica,Tayacaja,Tintay Puncu,1853.0,255.6868,7.2471,20.2864,79.7136,100.0,65.9341,30.0407,88.0731,44.0409,43.86548499999999
80528,Huancavelica,Tayacaja,Quichuas,4248.0,118.6475,35.8035,12.3635,87.6365,100.0,89.5189,28.8451,90.6971,35.0176,47.763583999999994
80529,Huancavelica,Tayacaja,Andaymarca,2339.0,150.6893,15.522,14.4153,85.5847,100.0,88.5813,25.7897,89.0013,34.3946,58.457353999999995
80530,Huancavelica,Tayacaja,Roble,1107.0,184.6355,5.9956,9.6322,90.3678,100.0,68.0451,23.2,90.4615,44.0536,53.72067200000001
80531,Huancavelica,Tayacaja,Pichos,2570.0,143.3584,17.9271,6.8071,93.1929,100.0,81.2865,33.0751,88.4535,32.1348,77.125392
80532,Huancavelica,Tayacaja,Santiago De Tucuma,1530.0,34.1233,44.8374,10.6757,89.3243,100.0,73.9437,53.3716,89.8239,32.6517,51.575342
90101,Huánuco,Huánuco,Huanuco,67989.0,127.9248,531.4763,45.2511,54.7489,5.4636,89.5413,41.1949,44.1499,64.2861,13.066336
90110,Huánuco,Huánuco,Amarilis,66922.0,133.3152,501.9833,40.8943,59.1057,6.295,78.3096,40.2296,41.7046,65.5205,13.903566000000001
90102,Huánuco,Huánuco,Chinchao,13513.0,807.0707,16.7433,45.2513,54.7487,73.3841,89.8882,34.0608,79.9315,30.6656,41.245682
90103,Huánuco,Huánuco,Churubamba,16305.0,513.5198,31.7515,18.2798,81.7202,81.2827,84.8131,24.1527,89.5278,24.7352,45.895773
90104,Huánuco,Huánuco,Margos,5910.0,209.1815,28.253,10.8709,89.1291,100.0,94.6717,32.1384,91.4528,36.5338,42.99617
90105,Huánuco,Huánuco,Quisqui,5182.0,174.474,29.7007,14.9765,85.0235,100.0,90.4844,29.9183,91.3988,33.5158,42.99617
90106,Huánuco,Huánuco,San Francisco De Cayrán,5547.0,148.1163,37.4503,24.426,75.574,100.0,82.8179,34.9562,77.3183,42.2134,30.829009999999997
90107,Huánuco,Huánuco,San Pedro De Chaulan,3633.0,269.5074,13.4801,7.7317,92.2683,100.0,94.6667,28.1967,94.3707,24.1393,52.221542
90108,Huánuco,Huánuco,Santa María Del Valle,19010.0,452.1286,42.0456,23.6277,76.3723,100.0,73.5758,28.5706,87.1684,32.0854,44.559540999999996
90109,Huánuco,Huánuco,Yarumayo,3251.0,61.7718,52.6292,11.9083,88.0917,100.0,91.0112,23.7757,94.6278,33.9648,46.61658
90111,Huánuco,Huánuco,Pillco Marca,28672.0,77.4151,370.367,31.8608,68.1392,6.2691,84.8943,37.6857,41.9257,67.0331,10.613421
90112,Huánuco,Huánuco,Yacus,3122.0,70.7221,44.1446,7.6875,92.3125,60.4607,98.0322,40.1671,96.639,42.2541,49.86168000000001
90113,Huánuco,Huánuco,San Pablo De Pillao,7395.0,592.8232,12.4742,24.6026,75.3974,100.0,78.2963,30.825,75.4132,26.7035,30.829009999999997
90201,Huánuco,Ambo,Ambo,15266.0,287.192,53.1561,37.3239,62.6761,28.6556,58.5091,30.6511,66.6571,45.3391,25.494056
90202,Huánuco,Ambo,Cayna,3426.0,157.0907,21.8091,21.3527,78.6473,100.0,91.3043,18.954,89.6882,30.1158,43.51369
90203,Huánuco,Ambo,Colpas,2678.0,176.928,15.1361,12.1528,87.8472,100.0,92.8814,31.9767,93.6453,28.686,57.07202
90204,Huánuco,Ambo,Conchamarca,5891.0,112.092,52.555,36.5198,63.4802,100.0,82.4038,28.9219,75.3209,37.4762,43.51369
90205,Huánuco,Ambo,Huacar,7057.0,237.7976,29.6765,33.0734,66.9266,100.0,90.3651,30.2019,78.8831,32.4685,36.986957999999994
90206,Huánuco,Ambo,San Francisco,2156.0,118.9143,18.1307,29.9296,70.0704,100.0,93.128,27.2984,91.7361,36.221,38.147645000000004
90207,Huánuco,Ambo,San Rafael,8696.0,440.5939,19.737,22.7072,77.2928,65.6922,88.1161,25.9998,87.2648,30.5589,41.785876
90208,Huánuco,Ambo,Tomay Kichwa,3622.0,41.7057,86.8466,45.6294,54.3706,100.0,95.6569,30.6654,64.6659,51.7007,26.530977999999998
90301,Huánuco,Dos De Mayo,La Unión,3554.0,169.2391,20.9999,22.4411,77.5589,18.0434,91.2134,28.6546,63.4459,56.5716,27.127487000000002
90307,Huánuco,Dos De Mayo,Chuquis,3795.0,151.7283,25.0118,12.037,87.963,100.0,94.5714,28.4886,92.3008,33.1883,44.594458
90312,Huánuco,Dos De Mayo,Marías,5288.0,642.7943,8.2266,11.4566,88.5434,100.0,89.6907,16.3765,88.5119,29.6872,54.155388
90314,Huánuco,Dos De Mayo,Pachas,5402.0,269.0359,20.0791,19.4752,80.5248,100.0,84.7444,18.1855,86.4083,37.3339,35.96922
90316,Huánuco,Dos De Mayo,Quivilla,1081.0,37.0098,29.2085,13.2075,86.7925,100.0,73.9623,17.2043,65.1466,47.3593,35.96922
90317,Huánuco,Dos De Mayo,Ripan,5222.0,76.2158,68.516,24.1697,75.8303,40.3759,79.4595,24.628,76.0902,46.2981,38.055644
90321,Huánuco,Dos De Mayo,Shunqui,1904.0,32.6508,58.314,32.1429,67.8571,100.0,90.2098,19.7028,89.2689,33.5612,38.03192
90322,Huánuco,Dos De Mayo,Sillapata,3108.0,72.9124,42.6265,14.7327,85.2673,100.0,96.2466,18.9958,90.0221,34.1108,45.952223
90323,Huánuco,Dos De Mayo,Yanas,2734.0,37.2364,73.4228,24.2129,75.7871,100.0,81.0376,17.738,88.1591,33.5989,38.03192
90901,Huánuco,Huacaybamba,Huacaybamba,4338.0,552.2937,7.8545,17.028,82.972,55.0784,88.0032,20.9329,80.1806,38.5743,46.935145
90903,Huánuco,Huacaybamba,Canchabamba,2554.0,184.4075,13.8498,15.4268,84.5732,100.0,57.1429,6.1784,89.7351,37.1037,63.623112000000006
90904,Huánuco,Huacaybamba,Cochabamba,1666.0,681.2758,2.4454,16.9572,83.0428,100.0,89.6154,14.9129,81.7893,37.9679,46.174772
90902,Huánuco,Huacaybamba,Pinra,5184.0,285.7271,18.1432,17.2247,82.7753,100.0,87.4803,5.3611,86.7585,38.6157,55.905329
90401,Huánuco,Huamalies,Llata,10128.0,413.8473,24.4728,19.2894,80.7106,39.5135,78.2139,25.119,76.4083,44.4305,34.707656
90402,Huánuco,Huamalies,Arancay,1767.0,116.6996,15.1414,18.417,81.583,100.0,83.7838,31.0594,88.2743,35.0932,44.553617
90403,Huánuco,Huamalies,Chavín De Pariarca,3589.0,91.3039,39.3083,14.5747,85.4253,100.0,91.9836,31.8411,88.9533,32.8725,32.985473
90404,Huánuco,Huamalies,Jacas Grande,5362.0,219.4435,24.4345,13.8467,86.1533,100.0,87.8378,20.3339,91.7009,35.018,55.077439
90405,Huánuco,Huamalies,Jircan,1432.0,237.6945,6.0245,30.3665,69.6335,100.0,70.8904,31.2704,89.4476,33.3587,52.021801999999994
90406,Huánuco,Huamalies,Miraflores,3002.0,95.5927,31.4041,7.0956,92.9044,100.0,89.6552,27.1454,87.464,38.6721,53.687158000000004
90407,Huánuco,Huamalies,Monzón,11733.0,1403.6598,8.3589,19.2908,80.7092,47.1539,95.6559,34.8745,79.8755,42.4462,27.373967999999998
90408,Huánuco,Huamalies,Punchao,1787.0,40.3779,44.2569,18.4384,81.5616,100.0,73.2218,17.3458,86.7098,37.7824,39.972025
90409,Huánuco,Huamalies,Puños,4049.0,98.4842,41.1132,13.8065,86.1935,100.0,92.9757,15.0273,90.9897,33.5504,48.737594
90410,Huánuco,Huamalies,Singa,2706.0,161.3599,16.77,16.2041,83.7959,100.0,75.7306,12.8501,88.1751,38.2343,45.80185
90411,Huánuco,Huamalies,Tantamayo,1901.0,280.2821,6.7825,26.2208,73.7792,100.0,100.0,15.6875,88.6325,32.1386,45.80185
90601,Huánuco,Leoncio Prado,Rupa-Rupa,43751.0,263.7527,165.8789,54.6743,45.3257,3.4617,83.8135,42.744,44.8385,63.9778,13.55109
90602,Huánuco,Leoncio Prado,Daniel Alomia Robles,6796.0,701.5557,9.687,34.1349,65.8651,100.0,90.9091,33.4602,85.4933,33.8674,28.97587
90603,Huánuco,Leoncio Prado,Hermilio Valdizán,3679.0,121.9656,30.1642,37.6399,62.3601,100.0,75.4491,14.3179,84.4029,35.5787,28.97587
90606,Huánuco,Leoncio Prado,José Crespo Y Castillo,19468.0,1498.7499,12.9895,36.2868,63.7132,23.5677,98.2465,38.4977,67.9805,48.1326,19.090586000000002
90604,Huánuco,Leoncio Prado,Luyando,9851.0,110.7762,88.927,44.3323,55.6677,44.2967,67.8571,35.746,69.4448,46.1202,10.163237
90605,Huánuco,Leoncio Prado,Maríano Dámaso Beraun,10765.0,744.7194,14.4551,42.757,57.243,56.5784,57.0209,34.3514,77.7966,37.549,25.385949000000004
90607,Huánuco,Leoncio Prado,Pucayacu,3285.0,760.4403,4.3199,28.3518,71.6482,100.0,87.3646,37.451,81.4447,33.4566,23.72049
90608,Huánuco,Leoncio Prado,Castillo Grande,8357.0,105.1786,79.4553,48.1071,51.8929,8.3284,94.5923,43.5052,54.9528,60.4931,13.55109
90609,Huánuco,Leoncio Prado,Pueblo Nuevo,3615.0,320.4309,11.2817,28.6808,71.3192,100.0,78.2132,41.4217,72.1941,39.9236,18.991424000000002
90610,Huánuco,Leoncio Prado,Santo Domingo De Anda,2694.0,280.7159,9.5969,25.9446,74.0554,100.0,100.0,5.9859,75.8211,33.5997,23.72049
90501,Huánuco,Marañón,Huacrachuco,10952.0,700.6221,15.6318,39.1311,60.8689,60.2261,82.9294,13.2682,83.3357,34.0162,37.38686
90502,Huánuco,Marañón,Cholon,5545.0,2201.872,2.5183,22.2534,77.7466,58.4326,91.5033,30.9289,86.2621,36.5946,37.38686
90505,Huánuco,Marañón,San Buenaventura,1880.0,92.6471,20.2921,28.0267,71.9733,100.0,91.9588,10.7162,94.0786,28.2895,59.373586
90506,Huánuco,Marañón,La Morada,3178.0,910.9786,3.4886,17.3943,82.6057,100.0,83.8488,37.7275,73.9785,42.8681,29.27597
90507,Huánuco,Marañón,Santa Rosa De Alto Yanajanca,2548.0,1042.5244,2.4441,21.735,78.265,100.0,100.0,36.359,67.6216,37.0102,29.27597
90701,Huánuco,Pachitea,Panao,15919.0,1609.8569,9.8885,16.3892,83.6108,72.2162,82.0397,30.8031,79.6607,25.8326,47.880995999999996
90702,Huánuco,Pachitea,Chaglla,9733.0,1079.6429,9.015,31.966,68.034,57.0425,86.6632,33.8861,77.8086,31.6288,29.524074000000002
90704,Huánuco,Pachitea,Molino,10587.0,237.6647,44.546,15.7809,84.2191,59.0978,93.1807,25.7808,87.8696,25.6825,52.70904899999999
90706,Huánuco,Pachitea,Umari,10011.0,157.3227,63.6335,12.0135,87.9865,100.0,74.9398,25.3951,92.2388,23.8291,54.067729
90802,Huánuco,Puerto Inca,Puerto Inca,10724.0,2390.9596,4.4852,33.6835,66.3165,46.9331,79.6253,34.4476,65.4513,41.8996,23.248430999999997
90803,Huánuco,Puerto Inca,Codo Del Pozuzo,6561.0,3223.7142,2.0352,53.5959,46.4041,66.1738,90.939,39.3794,61.0759,27.5805,27.218251
90801,Huánuco,Puerto Inca,Honoria,5330.0,949.2317,5.6151,43.4072,56.5928,100.0,93.0283,35.8331,69.2563,37.8384,26.66691
90804,Huánuco,Puerto Inca,Tournavista,5195.0,1741.3917,2.9832,27.6884,72.3116,100.0,67.619,36.7313,65.5407,41.2839,26.66691
90805,Huánuco,Puerto Inca,Yuyapichis,5345.0,2066.8309,2.5861,33.7566,66.2434,100.0,94.9206,38.3059,62.8358,35.3852,14.724319999999999
91001,Huánuco,Lauricocha,Jesús,3966.0,454.8994,8.7184,13.2604,86.7396,44.2642,85.2423,25.7082,77.8679,49.4297,25.238965000000004
91002,Huánuco,Lauricocha,Baños,2349.0,191.8278,12.2454,20.8303,79.1697,100.0,91.6185,26.6966,75.8691,51.1565,29.75199
91007,Huánuco,Lauricocha,Jivia,1668.0,62.0374,26.887,11.8391,88.1609,100.0,82.5688,19.8062,74.184,44.7992,29.75199
91004,Huánuco,Lauricocha,Queropalca,865.0,133.2535,6.4914,19.2661,80.7339,100.0,15.0943,17.5719,75.1239,61.3963,29.75199
91006,Huánuco,Lauricocha,Rondos,4470.0,172.7236,25.8795,18.8962,81.1038,100.0,76.3736,13.7741,82.42,44.5099,36.802448
91003,Huánuco,Lauricocha,San Francisco De Asís,3025.0,86.3469,35.0331,8.552,91.448,100.0,77.2455,27.847,84.0278,41.9614,29.75199
91005,Huánuco,Lauricocha,San Miguel De Cauri,4783.0,820.91,5.8265,9.7506,90.2494,100.0,93.9245,35.0586,66.1712,56.2321,43.663956999999996
91101,Huánuco,Yarowilca,Chavinillo,5676.0,206.267,27.5177,7.4741,92.5259,100.0,86.4916,17.7976,90.4991,36.288,42.137762
91103,Huánuco,Yarowilca,Cahuac,2801.0,29.7476,94.1589,15.0096,84.9904,100.0,84.127,15.4863,86.3322,44.5946,44.87558
91104,Huánuco,Yarowilca,Chacabamba,3190.0,16.4738,193.6408,7.1204,92.8796,100.0,29.6296,8.4592,83.0631,43.8766,41.815773
91102,Huánuco,Yarowilca,Aparicio Pomares,5746.0,183.5278,31.3086,8.1717,91.8283,100.0,90.9946,19.7999,94.8046,38.3847,47.954063000000005
91105,Huánuco,Yarowilca,Jacas Chico,2423.0,37.9134,63.9088,16.8877,83.1123,100.0,85.7143,24.8024,88.4685,38.4981,44.875401
91106,Huánuco,Yarowilca,Obas,5350.0,124.1834,43.0814,9.4466,90.5534,100.0,89.3733,13.0642,89.5709,41.1271,35.054345
91107,Huánuco,Yarowilca,Pampamarca,2381.0,73.0354,32.6006,8.7989,91.2011,100.0,88.2576,16.1606,88.4752,36.7041,48.635934
91108,Huánuco,Yarowilca,Choras,3526.0,60.9792,57.823,6.2305,93.7695,100.0,81.8519,25.0946,92.1937,37.565,46.523933
100101,Ica,Ica,Ica,142962.0,887.2033,161.1378,60.0513,39.9487,0.4405,90.9474,45.7446,24.1157,76.9148,2.1653569999999998
100102,Ica,Ica,La Tinguiña,30879.0,81.4283,379.2171,50.3213,49.6787,6.1278,88.7565,45.9614,31.7355,70.2166,2.993514
100103,Ica,Ica,Los Aquijes,14485.0,90.7903,159.5435,49.5702,50.4298,8.2867,29.493,45.3874,31.2207,67.732,6.4116040000000005
100114,Ica,Ica,Ocucaje,4733.0,1400.6927,3.379,44.4227,55.5773,33.5155,2.1583,39.9347,47.8597,61.0977,1.5319180000000001
100113,Ica,Ica,Pachacútec,6059.0,41.4654,146.1218,41.9355,58.0645,3.9131,3.8932,48.3996,28.0124,67.9573,4.387934
100104,Ica,Ica,Parcona,39336.0,17.2822,2276.0991,52.158,47.842,1.5598,86.6788,45.8977,31.3505,71.6109,3.132139
100105,Ica,Ica,Pueblo Nuevo,4913.0,30.6179,160.4617,46.5189,53.4811,30.7115,28.2132,42.2555,29.4762,68.4306,0.70023014
100106,Ica,Ica,Salas,20384.0,657.9495,30.9811,42.8689,57.1311,2.1384,44.0991,44.5852,32.4019,63.1967,5.490567
100107,Ica,Ica,San José De Los Molinos,6277.0,360.5667,17.4087,47.6554,52.3446,17.7616,7.3108,42.8234,33.3047,65.5619,5.164300000000001
100108,Ica,Ica,San Juan Bautista,6699.0,32.4115,206.6859,56.0842,43.9158,11.079,83.8824,42.9439,29.9076,71.861,2.880511
100109,Ica,Ica,Santiago,20936.0,2769.7969,7.5587,34.2261,65.7739,24.6591,40.956,45.7696,22.0619,65.8367,3.082752
100110,Ica,Ica,Subtanjalla,22090.0,186.0984,118.7006,50.9341,49.0659,0.9274,79.1362,44.435,34.9107,71.6909,4.354553
100112,Ica,Ica,Tate,4473.0,6.3599,703.3129,47.3457,52.6543,4.3958,4.8324,43.038,22.9985,70.0991,4.290589000000001
100111,Ica,Ica,Yauca Del Rosario,3550.0,1262.4712,2.8119,43.1892,56.8108,100.0,51.2438,40.9219,64.0681,46.7772,6.443243000000001
100201,Ica,Chincha,Chincha Alta,63131.0,225.3387,280.1605,58.323,41.677,0.0,77.0227,42.9337,20.5896,68.9228,2.6407040000000004
100209,Ica,Chincha,Alto Larán,6701.0,365.3115,18.3432,47.3037,52.6963,26.4037,82.7278,42.3388,23.8083,58.3585,3.691668
100202,Ica,Chincha,Chavín,4656.0,426.5304,10.916,18.4635,81.5365,100.0,87.2483,84.0608,16.0309,85.2339,30.081300999999996
100203,Ica,Chincha,Chincha Baja,11463.0,73.1801,156.6409,48.8878,51.1122,28.8262,85.7577,40.6671,15.005,61.666,1.992541
100204,Ica,Chincha,El Carmen,11000.0,755.4851,14.5602,42.7494,57.2506,31.6679,43.858,40.7879,19.6055,58.9587,3.1296160000000004
100205,Ica,Chincha,Grocio Prado,19865.0,177.8516,111.6942,52.8046,47.1954,4.9142,26.6839,42.2003,28.9239,62.1278,3.34979
100210,Ica,Chincha,Pueblo Nuevo,41064.0,210.505,195.0738,51.5073,48.4927,0.0,47.8564,42.4945,32.795,67.6629,3.22399
100211,Ica,Chincha,San Juan De Yánac,1415.0,441.5803,3.2044,28.9431,71.0569,100.0,78.8462,47.9347,54.5616,56.8119,10.640539999999998
100206,Ica,Chincha,San Pedro De Huacarpana,1488.0,206.7628,7.1967,38.5269,61.4731,100.0,46.875,38.3095,75.2016,53.9515,10.640539999999998
100207,Ica,Chincha,Sunampe,20995.0,16.1584,1299.3242,54.9784,45.0216,1.9223,26.6193,42.3956,23.4362,63.375,3.3795690000000005
100208,Ica,Chincha,Tambo De Mora,4271.0,11.1781,382.0864,62.9022,37.0978,5.9257,96.1993,41.1561,28.8554,65.2182,2.585728
100301,Ica,Nasca,Nasca,25170.0,1144.3399,21.9952,56.1575,43.8425,8.4648,90.4762,45.4667,37.6122,70.0038,3.023548
100302,Ica,Nasca,Changuillo,2394.0,955.5325,2.5054,39.2371,60.7629,100.0,28.3677,39.5531,61.9487,53.6677,3.317797
100303,Ica,Nasca,El Ingenio,3120.0,611.6869,5.1006,62.0128,37.9872,100.0,84.1341,39.5381,63.21,59.1597,2.553786
100304,Ica,Nasca,Marcona,14875.0,1945.3658,7.6464,36.0107,63.9893,0.3004,87.8986,43.8517,24.5166,73.1976,2.243134
100305,Ica,Nasca,Vista Alegre,17469.0,534.5196,32.6817,53.7655,46.2345,6.2903,91.478,42.6106,46.8671,66.0712,3.8953120000000006
100501,Ica,Palpa,Palpa,6864.0,131.3744,52.2476,54.0791,45.9209,10.7899,67.6303,40.5363,48.5803,66.987,5.117470999999999
100502,Ica,Palpa,Llipata,1546.0,182.649,8.4643,46.4183,53.5817,100.0,13.9601,39.8438,55.8842,59.097,3.6640449999999993
100503,Ica,Palpa,Río Grande,2614.0,313.7188,8.3323,42.8336,57.1664,100.0,65.9367,38.6672,66.1023,62.9512,2.825618
100504,Ica,Palpa,Santa Cruz,1309.0,253.9991,5.1536,47.3684,52.6316,100.0,1.145,35.8734,56.5264,63.4529,6.609853000000001
100505,Ica,Palpa,Tibillo,500.0,336.2747,1.4869,43.4959,56.5041,100.0,95.3488,40.1961,69.7674,55.3846,8.612402999999999
100401,Ica,Pisco,Pisco,54183.0,22.9999,2355.7929,58.7772,41.2228,0.1171,85.5051,39.2131,28.2716,68.9158,3.123501
100402,Ica,Pisco,Huancano,2153.0,898.9148,2.3951,43.3362,56.6638,100.0,67.6647,38.0031,44.6701,62.8485,3.98449
100403,Ica,Pisco,Humay,5614.0,910.2151,6.1678,32.7953,67.2047,36.6494,69.1307,41.6377,52.182,58.7258,5.87026
100404,Ica,Pisco,Independencia,10766.0,268.6587,40.0731,34.8361,65.1639,46.4541,60.7754,39.5475,53.9848,59.1591,3.947185
100405,Ica,Pisco,Paracas,6606.0,1427.0797,4.629,44.0788,55.9212,2.1268,74.3494,50.3019,29.6068,66.5281,4.926614
100406,Ica,Pisco,San Andrés,13929.0,232.3859,59.9391,59.2411,40.7589,12.2975,91.6796,38.9138,36.8272,65.8454,2.730565
100407,Ica,Pisco,San Clemente,18086.0,134.1846,134.7845,41.7705,58.2295,2.4462,6.5221,40.7426,36.3222,62.268,4.783545
100408,Ica,Pisco,Túpac Amaru Inca,12974.0,56.139,231.1049,48.0631,51.9369,0.6245,90.0091,39.134,31.443,64.9395,3.6708070000000004
110101,Junín,Huancayo,Huancayo,108973.0,226.7818,480.5192,46.4736,53.5264,1.2026,90.345,45.7381,28.5008,72.3563,6.563487
110103,Junín,Huancayo,Carhuacallanga,572.0,13.1499,43.4984,30.2703,69.7297,100.0,99.177,55.5785,42.2925,54.7475,31.81542
110106,Junín,Huancayo,Chacapampa,931.0,125.4021,7.4241,26.8939,73.1061,100.0,56.3003,20.1784,77.6851,44.2748,31.81542
110107,Junín,Huancayo,Chicche,974.0,41.5262,23.4551,41.9831,58.0169,100.0,98.1343,26.9065,66.6667,42.4581,31.81542
110108,Junín,Huancayo,Chilca,73671.0,26.9018,2738.5156,32.8386,67.1614,0.0599,82.9264,41.3257,37.6686,66.1033,13.03173
110109,Junín,Huancayo,Chongos Alto,1296.0,702.404,1.8451,37.7483,62.2517,100.0,90.6863,41.5254,55.2561,55.5402,20.04704
110112,Junín,Huancayo,Chupuro,2171.0,41.6445,52.1317,26.8848,73.1152,100.0,87.9167,41.32,53.4943,57.2732,31.81542
110104,Junín,Huancayo,Colca,1065.0,110.9324,9.6004,35.5049,64.4951,100.0,87.0588,38.07,74.6313,44.5128,38.56399
110105,Junín,Huancayo,Cullhuas,2308.0,110.863,20.8185,28.0,72.0,100.0,54.902,50.365,82.9963,34.871,38.56399
110113,Junín,Huancayo,El Tambo,140470.0,166.4046,844.1473,44.5223,55.4777,4.3448,91.9284,43.9812,24.8847,73.0109,5.1083929999999995
110114,Junín,Huancayo,Huacrapuquio,1409.0,24.3988,57.7487,38.0769,61.9231,100.0,83.0601,42.1053,79.2094,46.851,31.81542
110116,Junín,Huancayo,Hualhuas,4751.0,13.6322,348.5131,40.1557,59.8443,0.0,85.9133,32.563,36.4692,61.5986,17.07232
110118,Junín,Huancayo,Huancán,15980.0,12.2883,1300.424,24.3214,75.6786,4.7161,45.4221,36.108,47.9178,60.0478,25.031550000000003
110119,Junín,Huancayo,Huasicancha,732.0,52.0324,14.0682,18.4211,81.5789,100.0,90.4564,20.2335,66.8275,46.0576,31.81542
110120,Junín,Huancayo,Huayucachi,9240.0,14.1628,652.4134,33.2183,66.7817,0.7143,78.4126,36.6409,46.9796,58.6207,26.55351
110121,Junín,Huancayo,Ingenio,2211.0,54.1565,40.8261,38.8928,61.1072,100.0,95.416,34.7706,43.0556,46.9234,20.04704
110122,Junín,Huancayo,Pariahuanca,5972.0,580.8262,10.2819,12.7362,87.2638,100.0,93.8272,15.5365,82.5146,34.4651,31.81542
110123,Junín,Huancayo,Pilcomayo,17711.0,8.8539,2000.3614,38.1126,61.8874,0.0,9.107,37.6778,33.2087,66.8771,17.07232
110124,Junín,Huancayo,Pucara,5044.0,111.3356,45.3045,29.4257,70.5743,41.428,84.4062,48.9071,69.4819,49.5824,26.55351
110125,Junín,Huancayo,Quichuay,1715.0,30.4212,56.3752,33.4297,66.5703,100.0,96.0663,32.7637,52.6998,47.8705,20.04704
110126,Junín,Huancayo,Quilcas,4070.0,159.8715,25.4579,27.7452,72.2548,23.4375,95.1368,30.9229,53.1506,50.623,25.97536
110127,Junín,Huancayo,San Agustín,12900.0,26.1626,493.0703,39.8451,60.1549,6.3543,85.0761,37.397,34.3433,64.078,25.97536
110128,Junín,Huancayo,San Jeronimo De Tunán,10643.0,21.0414,505.8124,39.2841,60.7159,0.0,91.5941,35.6129,38.2812,63.807,22.34907
110132,Junín,Huancayo,Saño,4949.0,12.9839,381.1644,34.7783,65.2217,0.381,30.4589,31.8945,41.201,59.782,22.34907
110133,Junín,Huancayo,Sapallanga,19021.0,123.4833,154.037,30.387,69.613,8.8974,64.7796,39.8951,52.3891,56.5906,24.349749000000003
110134,Junín,Huancayo,Sicaya,9067.0,42.0424,215.6632,35.7247,64.2753,2.4215,92.2171,36.0281,50.7382,59.524,22.34907
110131,Junín,Huancayo,Santo Domingo De Acobamba,5069.0,876.8312,5.781,16.5847,83.4153,100.0,97.491,22.4258,83.3494,37.5085,38.56399
110136,Junín,Huancayo,Viques,2232.0,6.0367,369.7384,32.8046,67.1954,1.8947,88.0383,32.9987,51.0042,52.6,36.59578
110201,Junín,Concepción,Concepción,13310.0,18.2865,727.8593,42.25,57.75,8.5299,96.9379,41.2882,37.8208,67.1035,18.66913
110202,Junín,Concepción,Aco,1545.0,39.0062,39.6091,45.2242,54.7758,100.0,97.191,45.0331,77.162,53.4185,20.04204
110203,Junín,Concepción,Andamarca,4105.0,505.725,8.1171,18.6528,81.3472,100.0,87.5445,22.2613,78.0126,30.7716,46.875417999999996
110206,Junín,Concepción,Chambará,2554.0,109.2367,23.3804,40.5372,59.4628,100.0,84.7432,25.5484,71.3725,48.363,30.896250000000002
110205,Junín,Concepción,Cochas,1593.0,108.4367,14.6906,39.3782,60.6218,100.0,85.5721,39.422,66.8747,37.9405,47.45068499999999
110204,Junín,Concepción,Comas,5778.0,949.2226,6.0871,47.5315,52.4685,100.0,95.4185,25.7207,75.0976,35.7969,30.896250000000002
110207,Junín,Concepción,Heroínas Toledo,1198.0,25.0891,47.7498,46.8493,53.1507,100.0,54.6468,27.3743,68.5185,39.4366,30.896250000000002
110208,Junín,Concepción,Manzanares,1443.0,17.4727,82.586,26.1645,73.8355,100.0,98.3871,36.8343,56.4953,64.3317,22.96238
110209,Junín,Concepción,Mariscal Castilla,1644.0,56.2893,29.2063,46.5614,53.4386,100.0,85.8537,33.2799,73.0273,41.9207,22.96238
110210,Junín,Concepción,Matahuasi,4648.0,23.5348,197.4948,52.5645,47.4355,24.255,90.8879,40.822,41.2859,59.4195,23.266353
110211,Junín,Concepción,Mito,1250.0,25.1906,49.6217,47.6135,52.3865,100.0,61.0119,42.3318,56.9465,63.6364,20.04204
110212,Junín,Concepción,Nueve De Julio,1810.0,6.8334,264.8755,45.5744,54.4256,11.5435,80.1242,33.461,47.0923,56.6944,18.66913
110213,Junín,Concepción,Orcotuna,4235.0,44.9728,94.168,38.9996,61.0004,12.2203,85.2941,39.6067,64.7953,54.9495,38.255126999999995
110215,Junín,Concepción,San José De Quero,5149.0,308.2671,16.703,54.2728,45.7272,54.6313,75.1494,21.2579,57.3916,47.6749,33.713954
110214,Junín,Concepción,Santa Rosa De Ocopa,1813.0,16.1527,112.2413,44.9587,55.0413,100.0,92.6316,42.515,65.1538,55.0105,13.418097000000001
110801,Junín,Chanchamayo,Chanchamayo,25820.0,739.1478,34.9321,53.8375,46.1625,11.3746,97.5024,48.0946,45.0486,64.4807,15.38681
110806,Junín,Chanchamayo,Perené,42707.0,1491.7354,28.6291,43.0858,56.9142,37.2243,87.1207,39.5113,63.2693,50.0,31.267017000000003
110805,Junín,Chanchamayo,Pichanaqui,39933.0,1243.4464,32.1148,43.7497,56.2503,41.7857,93.2732,41.2112,55.7792,48.9349,30.580174
110804,Junín,Chanchamayo,San Luis De Shuaro,5097.0,192.6233,26.461,49.3182,50.6818,100.0,93.7922,45.9709,66.9954,48.4986,21.489420000000003
110802,Junín,Chanchamayo,San Ramón,22267.0,621.9527,35.8018,48.2895,51.7105,19.562,88.6348,40.2328,40.6783,59.7372,15.38681
110803,Junín,Chanchamayo,Vitoc,2063.0,393.1655,5.2472,41.5574,58.4426,100.0,97.8852,51.403,49.7795,50.2015,13.756187
110301,Junín,Jauja,Jauja,12961.0,9.4182,1376.1653,53.9889,46.0111,0.6254,95.4953,43.6517,40.3395,68.8136,13.768551
110302,Junín,Jauja,Acolla,5857.0,120.1687,48.7398,42.6737,57.3263,27.0035,92.7563,35.8116,62.0536,56.1663,34.997418
110303,Junín,Jauja,Apata,4382.0,419.8579,10.4369,51.5229,48.4771,100.0,91.1628,29.9517,54.225,50.539,32.56425
110304,Junín,Jauja,Ataura,1176.0,5.5441,212.1174,47.2569,52.7431,100.0,93.1148,35.6342,42.6424,64.0133,21.93331
110305,Junín,Jauja,Canchayllo,1359.0,946.558,1.4357,48.7723,51.2277,100.0,81.8182,26.7906,40.2249,57.7763,32.56425
110331,Junín,Jauja,Curicaca,1129.0,65.5375,17.2268,48.5461,51.4539,100.0,97.549,33.7795,38.0851,51.6566,21.93331
110306,Junín,Jauja,El Mantaro,2254.0,17.8607,126.1989,44.7663,55.2337,5.3503,55.9275,40.3968,47.806,62.2964,24.70769
110307,Junín,Jauja,Huamali,1552.0,19.7325,78.652,45.6967,54.3033,100.0,81.2766,31.0891,41.5553,61.3027,18.58019
110308,Junín,Jauja,Huaripampa,973.0,14.39,67.6164,46.5753,53.4247,100.0,98.3974,38.0282,54.0,62.3444,12.41071
110309,Junín,Jauja,Huertas,2092.0,12.1363,172.3754,60.9005,39.0995,100.0,93.3837,41.2784,64.9192,60.7087,18.58019
110310,Junín,Jauja,Janjaillo,671.0,32.5433,20.6187,41.3793,58.6207,100.0,91.7127,18.9293,75.9857,34.0741,38.62253
110311,Junín,Jauja,Julcan,916.0,19.1141,47.9227,52.7491,47.2509,100.0,56.0748,39.3805,74.094,61.9318,18.58019
110312,Junín,Jauja,Leonor Ordóñez,1423.0,21.0845,67.4903,41.8919,58.1081,100.0,26.0965,39.7089,57.566,62.8935,12.41071
110313,Junín,Jauja,Llocllapampa,1232.0,109.2306,11.2789,42.1117,57.8883,100.0,84.8024,31.6336,32.6334,55.4239,12.41071
110314,Junín,Jauja,Marco,1525.0,28.7548,53.0346,40.7098,59.2902,100.0,54.3424,26.8437,69.3315,54.7482,34.60402
110315,Junín,Jauja,Masma,1816.0,14.4399,125.7626,39.6347,60.3653,100.0,75.2515,29.0159,65.9931,53.0834,34.60402
110332,Junín,Jauja,Masma Chicche,715.0,33.8754,21.1068,59.2369,40.7631,100.0,54.1935,16.6667,79.918,40.7143,40.86393
110316,Junín,Jauja,Molinos,1581.0,314.2978,5.0303,40.6314,59.3686,100.0,94.5679,30.8937,73.9352,46.2777,29.091009999999997
110317,Junín,Jauja,Monobamba,1387.0,935.4319,1.4827,56.4331,43.5669,100.0,84.9057,44.8095,64.9819,48.1622,29.091009999999997
110318,Junín,Jauja,Muqui,902.0,11.97,75.3551,45.8763,54.1237,100.0,52.9412,34.0358,57.6205,61.8219,22.73657
110319,Junín,Jauja,Muquiyauyo,2003.0,20.7642,96.4641,36.6951,63.3049,1.0278,97.3412,40.5229,60.5996,59.937,24.17415
110320,Junín,Jauja,Paca,976.0,34.114,28.61,35.2014,64.7986,100.0,77.8656,30.5854,67.0404,47.9722,29.091009999999997
110321,Junín,Jauja,Paccha,1611.0,89.1873,18.0631,34.4037,65.5963,100.0,95.8525,27.9667,70.8966,50.9434,24.70769
110322,Junín,Jauja,Pancan,1534.0,11.3917,134.6594,52.5988,47.4012,100.0,77.2189,41.6007,59.5432,59.7458,29.091009999999997
110323,Junín,Jauja,Parco,1271.0,34.0176,37.363,36.9434,63.0566,100.0,93.75,35.4264,60.451,58.8182,22.73657
110324,Junín,Jauja,Pomacancha,1428.0,281.5845,5.0713,63.3371,36.6629,100.0,100.0,19.3548,77.5053,37.5185,40.86393
110325,Junín,Jauja,Ricrán,1175.0,319.931,3.6727,57.554,42.446,100.0,92.79,37.6884,79.7068,37.6013,40.86393
110326,Junín,Jauja,San Lorenzo,2098.0,24.414,85.9343,49.1228,50.8772,14.6966,48.2428,36.0727,49.1332,59.8668,16.692441000000002
110327,Junín,Jauja,San Pedro De Chunán,661.0,8.7255,75.755,48.0,52.0,100.0,89.3805,31.2874,57.5499,53.4407,29.091009999999997
110333,Junín,Jauja,Sausa,2424.0,4.637,522.7518,51.0891,48.9109,0.0,94.8119,35.7582,45.4575,61.4429,24.70769
110328,Junín,Jauja,Sincos,3283.0,231.2947,14.194,45.7651,54.2349,100.0,86.862,40.5253,72.0907,56.0736,18.58019
110329,Junín,Jauja,Tunan Marca,1007.0,32.759,30.7396,50.6934,49.3066,100.0,70.2422,27.6956,71.869,51.9637,29.091009999999997
110330,Junín,Jauja,Yauli,1170.0,93.1025,12.5668,44.9482,55.0518,100.0,91.8831,40.4318,68.5506,53.9486,38.62253
110334,Junín,Jauja,Yauyos,7091.0,19.5839,362.0831,50.5172,49.4828,3.948,96.9397,39.5765,43.5276,64.7938,24.17415
110401,Junín,Junín,Junín,8493.0,870.0467,9.7615,32.3912,67.6088,6.8878,95.2208,35.819,50.5375,58.9376,22.178845
110402,Junín,Junín,Carhuamayo,4019.0,204.5293,19.65,33.2046,66.7954,4.3839,92.9636,34.628,57.668,55.2665,41.252469000000005
110403,Junín,Junín,Ondores,1620.0,289.511,5.5956,33.5609,66.4391,100.0,87.3239,31.7944,56.6343,55.2921,30.489644
110404,Junín,Junín,Ulcumayo,4334.0,1133.0304,3.8251,28.5533,71.4467,100.0,92.7632,23.5905,76.7686,35.4509,51.766199
110701,Junín,Satipo,Satipo,30032.0,815.4341,36.8295,48.8577,51.1423,30.0418,83.735,43.0749,53.826,57.0209,21.841047000000003
110702,Junín,Satipo,Coviriali,4613.0,97.5409,47.293,36.8722,63.1278,100.0,100.0,39.381,72.5511,48.9193,37.709363
110703,Junín,Satipo,Llaylla,4338.0,308.4715,14.0629,33.4392,66.5608,100.0,86.6419,49.5963,71.0116,44.2329,28.28469
110704,Junín,Satipo,Mazamari,20942.0,2134.4453,9.8114,46.7673,53.2327,56.7345,85.0704,34.0481,66.8608,49.6298,35.190937000000005
110705,Junín,Satipo,Pampa Hermosa,4005.0,950.9125,4.2117,31.9734,68.0266,100.0,93.1734,41.2919,79.4309,38.8681,48.846161
110706,Junín,Satipo,Pangoa,44754.0,3535.8374,12.6573,41.8768,58.1232,58.9749,94.4816,34.2799,67.5369,42.5734,38.234087
110707,Junín,Satipo,Río Negro,19457.0,488.4676,39.8327,38.6491,61.3509,82.8325,89.3384,32.3628,76.2292,46.8291,33.684533
110708,Junín,Satipo,Río Tambo,23135.0,10214.1519,2.265,58.5114,41.4886,100.0,70.0,33.7475,80.02,33.8367,51.784869
110709,Junín,Satipo,Vizcatán Del Ene,3556.0,607.351,5.8549,4.5198,95.4802,100.0,88.5135,50.0401,53.8805,48.9947,28.28469
110501,Junín,Tarma,Tarma,39176.0,445.6155,87.9144,47.0022,52.9978,9.9069,88.804,43.551,45.371,62.3241,14.537614
110502,Junín,Tarma,Acobamba,8064.0,107.2434,75.1934,60.1927,39.8073,36.2211,79.5717,43.4867,52.7895,51.7932,33.48464
110503,Junín,Tarma,Huaricolca,1961.0,164.5771,11.9154,46.0957,53.9043,100.0,96.7655,25.8083,80.99,42.5249,45.41516
110504,Junín,Tarma,Huasahuasi,8191.0,637.2852,12.853,47.0588,52.9412,54.247,88.6581,39.8111,55.1661,39.0327,33.48464
110505,Junín,Tarma,La Unión,2756.0,151.5404,18.1866,39.1417,60.8583,17.6722,56.9811,46.1658,42.8571,59.609,26.84906
110506,Junín,Tarma,Palca,5356.0,270.5841,19.7942,51.7121,48.2879,43.9834,94.2813,42.0204,67.5627,39.7693,23.744443999999998
110507,Junín,Tarma,Palcamayo,3305.0,168.0073,19.6718,50.5784,49.4216,100.0,99.3289,45.0331,73.2984,41.842,24.586478999999997
110508,Junín,Tarma,San Pedro De Cajas,3299.0,512.1553,6.4414,57.7554,42.2446,17.9588,88.5781,45.2482,66.084,42.7315,26.84906
110509,Junín,Tarma,Tapo,3643.0,215.1554,16.9319,38.0975,61.9025,100.0,87.8597,34.0389,75.5645,37.1577,45.41516
110601,Junín,Yauli,La Oroya,11600.0,379.9011,30.5343,32.6932,67.3068,1.077,82.1911,39.759,22.1525,70.6992,12.575500000000002
110602,Junín,Yauli,Chacapalpa,840.0,186.2096,4.511,27.8008,72.1992,100.0,93.6416,37.299,39.5924,44.0495,24.41379
110603,Junín,Yauli,Huay-Huay,1142.0,193.1341,5.913,19.0045,80.9955,100.0,86.901,40.3614,20.6471,72.0682,13.6195
110604,Junín,Yauli,Marcapomacocha,1526.0,883.6404,1.7269,46.2264,53.7736,100.0,99.1736,48.886,32.9341,53.9043,20.47686
110605,Junín,Yauli,Morococha,3281.0,264.8218,12.3895,26.1752,73.8248,10.5335,98.3112,59.2739,10.1067,76.278,14.238627999999999
110606,Junín,Yauli,Paccha,1379.0,323.0049,4.2693,38.9578,61.0422,100.0,93.6768,42.6951,29.7612,64.8041,13.6195
110607,Junín,Yauli,Santa Bárbara De Carhuacaya,750.0,680.4352,1.1022,42.6914,57.3086,100.0,89.3082,51.401,34.1486,61.4515,20.47686
110610,Junín,Yauli,Santa Rosa De Sacco,6115.0,100.3849,60.9155,36.1377,63.8623,0.2339,87.8896,37.395,23.8053,69.9884,12.575500000000002
110608,Junín,Yauli,Suitucancha,795.0,215.364,3.6914,29.0526,70.9474,100.0,82.8947,16.9082,60.7246,46.9231,24.41379
110609,Junín,Yauli,Yauli,2652.0,411.0207,6.4522,28.1918,71.8082,18.7418,98.514,60.5258,9.4739,77.6033,4.271369
110901,Junín,Chupaca,Chupaca,22996.0,20.5689,1117.9985,33.1171,66.8829,26.5326,91.8355,40.8204,35.1458,64.7469,14.533798
110902,Junín,Chupaca,Ahuac,6732.0,72.0696,93.4097,26.2918,73.7082,44.0402,79.8489,35.5556,43.3541,56.8048,19.955569999999998
110903,Junín,Chupaca,Chongos Bajo,4222.0,96.2956,43.8442,30.1468,69.8532,17.0377,25.0676,43.0274,58.5629,59.8801,25.5341
110904,Junín,Chupaca,Huáchac,3029.0,23.8202,127.161,33.8384,66.1616,100.0,93.7896,38.7049,43.4871,61.8014,24.670120000000004
110905,Junín,Chupaca,Huamancaca Chico,6822.0,11.0531,617.2024,36.6658,63.3342,14.7274,93.3285,52.0272,50.7187,64.2225,25.5341
110906,Junín,Chupaca,San Juan De Iscos,2510.0,26.3079,95.4086,21.4876,78.5124,100.0,75.6897,40.6265,50.5386,56.1114,28.86316
110907,Junín,Chupaca,San Juan De Jarpa,2794.0,136.0292,20.5397,33.7699,66.2301,100.0,60.1852,8.8127,54.1008,45.8531,24.670120000000004
110908,Junín,Chupaca,Tres De Diciembre,2844.0,11.7079,242.9129,29.3163,70.6837,0.0,88.0952,49.2077,58.2364,59.5068,18.760170000000002
110909,Junín,Chupaca,Yanacancha,2678.0,757.5198,3.5352,34.8548,65.1452,100.0,96.5164,18.4582,66.6408,45.0658,28.86316
120101,La Libertad,Trujillo,Trujillo,301222.0,38.227,7879.8232,69.0058,30.9942,0.0416,96.06,45.923,16.9093,76.0736,4.989521
120110,La Libertad,Trujillo,El Porvenir,115726.0,38.3836,3014.9856,61.8901,38.1099,0.0,75.073,42.5049,50.2428,54.6976,24.209032999999998
120112,La Libertad,Trujillo,Florencia De Mora,51193.0,2.5068,20421.6531,63.2454,36.7546,0.0,70.7169,44.3266,37.7919,61.977,20.917457
120102,La Libertad,Trujillo,Huanchaco,59675.0,315.9642,188.8663,64.9879,35.0121,0.8435,46.7794,42.0795,39.1089,60.4691,18.936149999999998
120111,La Libertad,Trujillo,La Esperanza,143588.0,21.1938,6775.0002,64.5876,35.4124,0.0,82.7607,41.8476,34.2235,62.5996,19.245626
120103,La Libertad,Trujillo,Laredo,33358.0,492.1935,67.7742,63.2499,36.7501,24.5391,87.4873,41.7093,31.7341,58.4639,17.123663999999998
120104,La Libertad,Trujillo,Moche,33769.0,28.1502,1199.6007,62.9377,37.0623,12.0713,69.1221,43.4616,31.1224,64.2054,13.282499999999999
120109,La Libertad,Trujillo,Poroto,3678.0,150.1147,24.5013,70.3732,29.6268,100.0,98.5057,39.4535,60.3737,43.536,32.142499
120105,La Libertad,Trujillo,Salaverry,16728.0,288.2411,58.0347,64.822,35.178,0.1953,94.904,39.6889,40.6831,60.89,18.70471
120106,La Libertad,Trujillo,Simbal,4298.0,388.4547,11.0644,69.7368,30.2632,100.0,79.1786,38.0152,56.0699,40.0261,31.842062
120107,La Libertad,Trujillo,Víctor Larco Herrera,63104.0,11.8798,5311.8739,73.8959,26.1041,0.0,94.841,45.5938,23.3396,74.6954,6.118822
120801,La Libertad,Ascope,Ascope,6587.0,297.7,22.1263,64.2057,35.7943,7.1495,6.3598,37.416,48.0192,61.5435,25.837439
120802,La Libertad,Ascope,Chicama,13860.0,896.8778,15.4536,60.4052,39.5948,7.526,50.2971,36.5843,32.0954,59.9092,24.114123
120803,La Libertad,Ascope,Chocope,9555.0,99.068,96.4489,57.9706,42.0294,21.1136,94.5667,37.5015,32.4429,65.212,15.119381
120805,La Libertad,Ascope,Magdalena De Cao,2325.0,160.4144,14.4937,53.8957,46.1043,100.0,98.7421,35.3819,31.6687,62.0543,18.400792
120806,La Libertad,Ascope,Paiján,21309.0,82.0143,259.8205,68.9423,31.0577,5.696,84.6425,37.032,53.1548,54.149,32.141216
120807,La Libertad,Ascope,Rázuri,6621.0,310.543,21.3207,64.3246,35.6754,30.5055,96.9072,37.5428,46.3181,54.9426,25.987669000000004
120804,La Libertad,Ascope,Santiago De Cao,15870.0,136.072,116.6294,50.3,49.7,2.614,95.9041,39.8317,22.865,65.7542,23.065831000000003
120808,La Libertad,Ascope,Casa Grande,23498.0,658.9473,35.6599,57.8973,42.1027,5.2295,80.0303,36.3654,24.7262,65.262,12.468796000000001
120201,La Libertad,Bolívar,Bolívar,3260.0,735.95,4.4296,47.2171,52.7829,100.0,94.878,30.5229,78.2492,35.0659,47.963631
120202,La Libertad,Bolívar,Bambamarca,2947.0,164.2072,17.9468,44.9756,55.0244,100.0,72.4194,18.3215,79.6768,25.5477,64.78142799999999
120203,La Libertad,Bolívar,Condormarca,1776.0,323.3882,5.4919,30.411,69.589,100.0,98.3221,9.7981,84.8485,29.5313,65.903417
120204,La Libertad,Bolívar,Longotea,1788.0,188.8867,9.466,44.1725,55.8275,100.0,88.4685,30.8386,64.2993,36.8927,37.950016
120206,La Libertad,Bolívar,Uchumarca,1878.0,221.054,8.4957,30.5777,69.4223,100.0,91.1654,25.0,79.5191,33.0327,52.812249
120205,La Libertad,Bolívar,Ucuncha,1208.0,100.2124,12.0544,15.6057,84.3943,100.0,100.0,27.2605,80.2632,28.6812,42.44044799999999
120901,La Libertad,Chepén,Chepén,43687.0,288.5537,151.3999,60.0762,39.9238,6.2646,89.4787,38.7149,44.8385,60.6933,21.749153999999997
120902,La Libertad,Chepén,Pacanga,16231.0,588.0762,27.6002,49.6599,50.3401,18.2798,93.1357,36.4462,58.012,48.0656,32.458251000000004
120903,La Libertad,Chepén,Pueblo Nuevo,10879.0,270.2512,40.2551,51.0165,48.9835,23.4758,98.082,34.6241,60.6501,50.9559,35.559638
121001,La Libertad,Julcán,Julcán,10363.0,227.8907,45.4736,46.931,53.069,75.2629,54.8387,24.8741,88.04,27.9956,44.449580999999995
121003,La Libertad,Julcán,Calamarca,5220.0,208.7842,25.0019,40.0215,59.9785,100.0,74.323,20.0998,84.7513,26.3386,51.529088
121002,La Libertad,Julcán,Carabamba,5718.0,234.1997,24.4151,53.179,46.821,100.0,59.3284,21.1658,89.7444,25.1254,59.66925499999999
121004,La Libertad,Julcán,Huaso,5164.0,438.5121,11.7762,28.7867,71.2133,100.0,81.856,26.5804,83.8918,22.9767,59.100246999999996
120401,La Libertad,Otuzco,Otuzco,23320.0,401.8332,58.034,47.2971,52.7029,44.255,88.429,32.873,67.7686,33.2983,34.779792
120402,La Libertad,Otuzco,Agallpampa,6572.0,258.1377,25.4593,47.9871,52.0129,100.0,79.3057,24.0457,83.6035,25.107,44.90042699999999
120403,La Libertad,Otuzco,Charat,2447.0,65.8189,37.1778,57.108,42.892,100.0,92.9104,25.9611,80.0826,26.788,42.108385999999996
120404,La Libertad,Otuzco,Huaranchal,4558.0,135.1708,33.7203,65.8423,34.1577,100.0,85.6273,38.6555,56.1421,29.3753,51.745045999999995
120405,La Libertad,Otuzco,La Cuesta,1009.0,41.4005,24.3717,51.0689,48.9311,100.0,97.4522,22.8007,83.7134,26.2976,56.624864
120413,La Libertad,Otuzco,Mache,3157.0,37.2753,84.6942,49.3418,50.6582,100.0,89.5778,19.4614,88.2287,31.3526,49.631062
120408,La Libertad,Otuzco,Paranday,875.0,22.1031,39.5872,41.8421,58.1579,100.0,98.0583,9.8326,90.2486,20.6827,59.587084000000004
120409,La Libertad,Otuzco,Salpo,4672.0,195.5166,23.8957,45.0113,54.9887,100.0,73.5054,25.8653,78.8715,33.2246,47.078978
120410,La Libertad,Otuzco,Sinsicap,7383.0,453.3655,16.2849,33.2453,66.7547,67.9181,86.2559,34.6429,90.2304,19.8997,65.320656
120411,La Libertad,Otuzco,Usquil,19987.0,467.0778,42.7916,47.3448,52.6552,83.1261,92.5878,28.8801,70.7967,18.9619,55.754524
120501,La Libertad,Pacasmayo,San Pedro De Lloc,15128.0,682.3641,22.17,51.3388,48.6612,5.1426,80.3005,39.6375,40.7382,61.4239,21.034851
120503,La Libertad,Pacasmayo,Guadalupe,31256.0,167.4354,186.675,57.3417,42.6583,8.4467,74.7007,35.9184,53.4152,54.3607,30.476067
120504,La Libertad,Pacasmayo,Jequetepeque,3360.0,48.7533,68.9184,54.5759,45.4241,7.6161,98.9796,40.2281,51.499,51.8613,39.803324
120506,La Libertad,Pacasmayo,Pacasmayo,25517.0,34.4741,740.1789,62.0277,37.9723,0.1036,68.7542,38.3653,37.3528,65.2059,11.573224999999999
120508,La Libertad,Pacasmayo,San José,10232.0,178.1381,57.4386,54.9887,45.0113,8.4366,64.8135,33.8779,60.529,48.913,33.728335
120601,La Libertad,Pataz,Tayabamba,11066.0,337.8805,32.7512,33.8939,66.1061,67.9504,84.0248,23.8133,69.1513,35.2405,37.842299
120602,La Libertad,Pataz,Buldibuyo,3250.0,229.976,14.1319,43.3898,56.6102,100.0,75.565,27.9579,66.3431,34.4512,50.457834000000005
120603,La Libertad,Pataz,Chillia,10198.0,308.5817,33.048,48.3589,51.6411,81.4266,81.4136,12.0738,82.8053,27.1888,69.702252
120605,La Libertad,Pataz,Huancaspata,4613.0,242.0004,19.062,41.3488,58.6512,100.0,87.154,14.9715,75.7359,30.5646,57.457553
120604,La Libertad,Pataz,Huaylillas,1198.0,92.8314,12.9051,38.0098,61.9902,100.0,85.4839,24.9292,77.2884,36.3225,52.202967
120606,La Libertad,Pataz,Huayo,3218.0,125.1236,25.7186,31.8651,68.1349,100.0,83.2891,10.6774,74.4681,25.9568,69.572526
120607,La Libertad,Pataz,Ongón,1571.0,1312.3317,1.1971,27.8598,72.1402,100.0,61.9048,38.2562,82.08,28.5592,59.090909
120608,La Libertad,Pataz,Parcoy,11999.0,277.5485,43.2321,47.5219,52.4781,58.3022,72.9347,51.9883,38.158,55.5756,32.580512
120609,La Libertad,Pataz,Pataz,6834.0,392.8426,17.3963,49.7853,50.2147,65.4023,88.5185,42.2222,41.5016,41.9787,35.524978000000004
120610,La Libertad,Pataz,Pias,1547.0,309.8772,4.9923,36.0,64.0,100.0,87.7404,30.2527,45.8937,32.5432,35.463653
120613,La Libertad,Pataz,Santiago De Challas,1861.0,130.3813,14.2735,36.8154,63.1846,100.0,93.3116,12.5184,77.9638,30.6016,55.99685699999999
120611,La Libertad,Pataz,Taurija,2295.0,130.423,17.5966,36.269,63.731,100.0,28.6645,13.5662,85.6063,34.352,54.115176000000005
120612,La Libertad,Pataz,Urpay,2387.0,102.3691,23.3176,48.4245,51.5755,100.0,62.8458,17.2985,83.3984,34.346,52.699600999999994
120301,La Libertad,Sánchez Carrión,Huamachuco,52436.0,415.455,126.2134,54.1716,45.8284,34.126,57.5993,31.8026,68.2282,38.7208,34.422425000000004
120304,La Libertad,Sánchez Carrión,Chugay,14812.0,416.8267,35.5352,46.347,53.653,87.3159,57.2005,12.9242,88.0613,22.0478,67.15645599999999
120302,La Libertad,Sánchez Carrión,Cochorco,7655.0,262.5477,29.1566,33.8851,66.1149,100.0,92.3957,15.1923,86.211,22.4971,46.787947
120303,La Libertad,Sánchez Carrión,Curgos,7164.0,98.301,72.8782,51.2611,48.7389,100.0,60.5355,28.053,92.6362,21.7989,50.103916
120305,La Libertad,Sánchez Carrión,Marcabal,10545.0,235.1797,44.8381,55.7415,44.2585,100.0,83.5829,20.6908,92.273,19.1483,65.502441
120306,La Libertad,Sánchez Carrión,Sanagoran,11571.0,336.5605,34.3801,35.2594,64.7406,100.0,76.3456,17.9485,88.5157,16.0091,64.148054
120307,La Libertad,Sánchez Carrión,Sarín,7890.0,335.128,23.5432,57.6589,42.3411,76.3683,89.039,16.1311,90.6012,22.5391,63.140962
120308,La Libertad,Sánchez Carrión,Sartimbamba,11233.0,397.3153,28.2723,26.7313,73.2687,100.0,73.5395,21.8466,88.6239,19.4293,64.077053
120701,La Libertad,Santiago De Chuco,Santiago De Chuco,17311.0,1079.2778,16.0394,36.7415,63.2585,59.4069,68.3279,19.5054,82.83,34.3988,45.92674099999999
120708,La Libertad,Santiago De Chuco,Angasmarca,3893.0,150.0733,25.9407,55.3327,44.6673,100.0,84.2211,15.4466,77.6507,32.929,49.704689
120702,La Libertad,Santiago De Chuco,Cachicadan,4226.0,270.0186,15.6508,51.8649,48.1351,52.5287,82.4522,20.2005,71.0284,37.7524,45.091231
120703,La Libertad,Santiago De Chuco,Mollebamba,1511.0,69.3113,21.8002,52.4203,47.5797,100.0,88.7712,9.1608,87.6586,36.2523,50.09880799999999
120704,La Libertad,Santiago De Chuco,Mollepata,2234.0,68.9036,32.4221,41.0329,58.9671,100.0,95.1327,4.8204,86.3617,31.0737,42.930853000000006
120705,La Libertad,Santiago De Chuco,Quiruvilca,8597.0,553.8725,15.5216,46.5351,53.4649,43.9102,32.5094,30.2585,54.2755,41.4452,41.443551
120706,La Libertad,Santiago De Chuco,Santa Cruz De Chuca,2488.0,163.1836,15.2466,54.2561,45.7439,100.0,84.4891,13.9473,83.5554,32.6838,46.093862
120707,La Libertad,Santiago De Chuco,Sitabamba,3126.0,314.9231,9.9262,39.2552,60.7448,100.0,83.0585,24.4483,86.7284,26.7488,62.646119
121101,La Libertad,Gran Chimú,Cascas,12552.0,466.3844,26.9134,67.6247,32.3753,64.9469,15.6003,38.4289,71.0707,38.8422,35.275352
121102,La Libertad,Gran Chimú,Lucma,3664.0,287.3738,12.7499,75.246,24.754,100.0,92.698,24.478,86.1799,27.3945,51.65305799999999
121103,La Libertad,Gran Chimú,Marmot,2061.0,300.0335,6.8692,66.1972,33.8028,100.0,69.3939,39.7273,67.9684,32.779,48.783205
121104,La Libertad,Gran Chimú,Sayapullo,5397.0,234.4805,23.0168,65.447,34.553,100.0,94.9121,27.167,65.7845,25.2544,56.718451
121201,La Libertad,Virú,Virú,48110.0,1084.4891,44.3619,46.7245,53.2755,20.6575,77.3237,41.6455,31.3737,45.8955,30.589114000000002
121202,La Libertad,Virú,Chao,30205.0,1672.024,18.0649,36.5544,63.4456,13.973,46.5767,42.5493,30.3636,40.4856,34.761395
121203,La Libertad,Virú,Guadalupito,5562.0,426.7815,13.0324,51.2377,48.7623,3.9435,58.7311,40.7067,64.424,44.3472,45.331058
130101,Lambayeque,Chiclayo,Chiclayo,259514.0,47.1717,5501.4765,63.7809,36.2191,0.1065,95.9758,42.9214,30.8067,72.8561,7.491534
130102,Lambayeque,Chiclayo,Chongoyape,15568.0,721.3622,21.5814,42.6465,57.3535,14.8606,96.3386,33.3413,48.7966,54.1255,18.26452
130103,Lambayeque,Chiclayo,Etén,10057.0,83.3337,120.6835,63.5075,36.4925,2.2597,90.9434,41.216,62.2196,53.8821,18.26452
130104,Lambayeque,Chiclayo,Etén Puerto,2266.0,13.0862,173.1595,65.3299,34.6701,0.0,96.5463,39.2336,40.0085,73.5958,8.79655
130112,Lambayeque,Chiclayo,José Leonardo Ortiz,142541.0,29.3027,4864.4323,57.4064,42.5936,0.0,93.3327,41.8226,42.8127,63.2494,13.47952
130115,Lambayeque,Chiclayo,La Victoria,75542.0,40.8798,1847.9053,61.4354,38.5646,5.3766,95.5889,41.448,41.2828,65.5281,11.043382999999999
130105,Lambayeque,Chiclayo,Lagunas,8359.0,430.0303,19.4382,51.5551,48.4449,17.0539,80.7364,34.4947,57.4604,56.063,19.72254
130106,Lambayeque,Chiclayo,Monsefu,30830.0,46.8446,658.1335,70.1067,29.8933,25.6199,85.9571,40.74,50.4019,50.8546,16.060235
130107,Lambayeque,Chiclayo,Nueva Arica,2302.0,211.4675,10.8858,46.3064,53.6936,10.6998,91.4286,31.858,66.6802,51.465,12.5301
130108,Lambayeque,Chiclayo,Oyotún,6985.0,486.692,14.352,48.7938,51.2062,19.0587,65.6749,32.8263,72.3814,51.0082,18.26452
130109,Lambayeque,Chiclayo,Picsi,7335.0,52.2117,140.4858,49.3926,50.6074,9.8473,95.6025,46.3453,53.5028,62.557,18.26452
130110,Lambayeque,Chiclayo,Pimentel,28673.0,66.4799,431.3033,64.006,35.994,8.3539,90.2526,40.2555,39.0296,66.7227,10.716871000000001
130111,Lambayeque,Chiclayo,Reque,13531.0,45.2996,298.7002,59.8891,40.1109,17.8544,96.8698,43.0287,49.2823,62.8267,12.5301
130113,Lambayeque,Chiclayo,Santa Rosa,10186.0,13.6009,748.921,74.4737,25.5263,1.3765,84.4862,31.6024,58.7854,46.8974,19.300136000000002
130114,Lambayeque,Chiclayo,Saña,8006.0,314.0322,25.4942,52.9423,47.0577,19.153,88.2092,33.9455,46.2598,56.8813,13.994183
130116,Lambayeque,Chiclayo,Cayaltí,13281.0,164.5323,80.7197,59.6952,40.3048,9.3187,97.001,31.2005,41.8867,59.5198,16.827115
130117,Lambayeque,Chiclayo,Patapo,17957.0,184.024,97.5797,48.7344,51.2656,13.9188,96.6959,37.1627,44.6163,56.6393,18.715514
130118,Lambayeque,Chiclayo,Pomalca,21735.0,76.6948,283.396,47.4973,52.5027,12.5381,97.0809,35.9941,36.8781,61.6262,13.836561
130119,Lambayeque,Chiclayo,Pucala,6849.0,174.9087,39.1576,52.3507,47.6493,12.5733,94.3738,36.1631,35.9154,62.1203,12.5301
130120,Lambayeque,Chiclayo,Tumán,23689.0,125.8125,188.2881,39.7508,60.2492,6.7238,92.4421,37.4224,34.1192,63.5242,12.5301
130201,Lambayeque,Ferreñafe,Ferreñafe,29751.0,60.2273,493.9786,55.5451,44.4549,2.0538,91.8147,36.6364,50.7435,63.4644,15.518673
130203,Lambayeque,Ferreñafe,Cañaris,11810.0,288.851,40.8861,23.5557,76.4443,100.0,83.7868,16.2279,91.0787,24.9102,62.553353
130202,Lambayeque,Ferreñafe,Incahuasi,12731.0,435.2515,29.2498,31.9521,68.0479,100.0,94.4942,18.5023,92.5963,28.2053,53.203898
130206,Lambayeque,Ferreñafe,Manuel Antonio Mesones Muro,3695.0,209.4427,17.6421,48.6146,51.3854,100.0,97.0522,29.5614,74.0809,47.8091,16.407291
130204,Lambayeque,Ferreñafe,Pitipo,17537.0,549.942,31.8888,50.6535,49.3465,58.3278,89.3867,32.0935,66.1239,44.1675,20.880108999999997
130205,Lambayeque,Ferreñafe,Pueblo Nuevo,11806.0,31.1936,378.4751,57.1164,42.8836,5.3092,89.5771,35.7939,60.7185,58.6273,22.609211000000002
130301,Lambayeque,Lambayeque,Lambayeque,60403.0,325.0358,185.8349,51.8027,48.1973,16.0392,89.088,39.0687,48.9702,62.2206,14.11125
130302,Lambayeque,Lambayeque,Chochope,1726.0,77.3318,22.3194,49.5404,50.4596,100.0,98.1818,30.0728,72.6368,40.5963,25.859512000000002
130303,Lambayeque,Lambayeque,Illimo,8585.0,23.8907,359.3448,62.3235,37.6765,43.1233,97.7378,32.9134,69.2525,51.638,24.021957
130304,Lambayeque,Lambayeque,Jayanca,15568.0,687.4416,22.6463,58.0973,41.9027,46.6984,89.738,33.9739,43.6178,52.3422,22.696416
130305,Lambayeque,Lambayeque,Mochumi,16463.0,102.7427,160.2352,54.6149,45.3851,57.8827,87.1377,31.8432,66.5018,47.0667,23.636294
130306,Lambayeque,Lambayeque,Morrope,38891.0,1053.6759,36.9098,69.7668,30.2332,74.2994,93.7746,26.2587,79.1533,32.7589,29.809935
130307,Lambayeque,Lambayeque,Motupe,24684.0,555.8906,44.4044,50.8016,49.1984,45.4518,89.4587,34.6698,49.571,50.5873,25.985732000000002
130308,Lambayeque,Lambayeque,Olmos,39608.0,5569.0597,7.1122,46.728,53.272,68.8646,56.3657,34.4945,48.1499,44.8451,29.383410999999995
130309,Lambayeque,Lambayeque,Pacora,6720.0,88.7451,75.7225,57.9582,42.0418,51.0794,97.5717,31.3853,67.9901,51.316,25.645771000000003
130310,Lambayeque,Lambayeque,Salas,12899.0,1002.9643,12.8609,52.5641,47.4359,66.3676,89.3799,29.2201,86.6376,33.1419,44.569917
130311,Lambayeque,Lambayeque,San José,12949.0,45.2342,286.2657,67.8766,32.1234,9.6491,62.2314,30.2781,60.3244,48.0894,27.135809000000002
130312,Lambayeque,Lambayeque,Túcume,20318.0,63.4076,320.4348,67.1265,32.8735,57.7013,95.8241,32.5914,65.2218,47.2951,29.064237
140101,Lima,Lima,Lima,303347.0,21.464,14132.8271,68.713,31.287,0.0,98.4339,48.3451,22.0349,79.1328,7.958983999999999
140102,Lima,Lima,Ancón,48210.0,310.5183,155.2566,59.9715,40.0285,0.0,81.975,44.3515,44.7384,68.9828,19.246935
140103,Lima,Lima,Ate,488948.0,84.8901,5759.7765,55.4363,44.5637,0.0,93.4703,46.8888,27.7258,71.7123,17.174936
140125,Lima,Lima,Barranco,44476.0,2.7325,16276.6697,79.1811,20.8189,0.0,99.123,53.5058,13.9682,84.1814,3.1723250000000003
140104,Lima,Lima,Breña,104177.0,3.2368,32185.1829,71.988,28.012,0.0,99.1103,50.3965,16.4777,81.5906,4.041467
140105,Lima,Lima,Carabayllo,252765.0,312.1511,809.7521,55.6485,44.3515,1.2926,88.8155,44.0142,37.3406,68.8627,19.176021
140107,Lima,Lima,Chaclacayo,40951.0,42.8227,956.2919,63.3126,36.6874,0.0,91.9111,46.1867,24.9045,75.2597,9.712625
140108,Lima,Lima,Chorrillos,267783.0,37.0046,7236.4787,71.5306,28.4694,0.0,96.3095,48.3875,23.6363,75.774,11.60839
140139,Lima,Lima,Cieneguilla,30522.0,225.0444,135.6266,56.6616,43.3384,0.5882,83.7779,47.6686,35.4573,67.0082,17.529394000000003
140106,Lima,Lima,Comas,446127.0,48.8292,9136.4798,63.1148,36.8852,0.0,93.3339,45.2902,30.5457,73.6442,16.044522999999998
140135,Lima,Lima,El Agustino,168751.0,13.4248,12570.0942,62.3524,37.6476,0.0,97.3538,48.5453,32.168,72.4916,16.689837
140134,Lima,Lima,Independencia,177760.0,16.1252,11023.7392,62.6036,37.3964,0.0,90.9482,44.6488,33.1988,71.9261,20.590949
140133,Lima,Lima,Jesús María,126864.0,4.3497,29166.1494,74.5044,25.4956,0.0,99.7479,51.8866,7.0715,85.9046,0.519235
140110,Lima,Lima,La Molina,170473.0,48.7078,3499.9117,78.5582,21.4418,0.0,98.1299,49.8445,6.6968,84.2135,1.168268
140109,Lima,Lima,La Victoria,191933.0,9.1622,20948.353,70.0867,29.9133,0.0,97.8474,50.0378,26.4309,76.5415,11.057018000000001
140111,Lima,Lima,Lince,86431.0,2.7459,31476.383,74.978,25.022,0.0,99.6917,52.3998,11.4438,85.2058,1.452933
140142,Lima,Lima,Los Olivos,293753.0,18.2619,16085.5661,63.7461,36.2539,0.0,98.3644,48.5005,21.7307,77.7612,7.881448000000001
140112,Lima,Lima,Lurigancho,161300.0,245.1693,657.9127,52.0734,47.9266,0.0,72.073,44.9559,34.9191,68.9003,18.234247
140113,Lima,Lima,Lurín,72942.0,187.515,388.9929,64.8476,35.1524,1.4653,85.2207,47.6057,31.458,69.8206,18.264468
140114,Lima,Lima,Magdalena Del Mar,75965.0,3.2602,23300.7177,79.174,20.826,0.0,99.8058,52.4169,9.7313,85.0262,0.7822179999999999
140117,Lima,Lima,Pueblo Libre,99308.0,4.6236,21478.5016,77.5907,22.4093,0.0,99.5101,51.0566,8.0794,85.7324,0.779682
140115,Lima,Lima,Miraflores,142062.0,9.186,15465.0555,84.5549,15.4451,0.0,99.7077,55.2837,4.4082,88.1483,0.0855
140116,Lima,Lima,Pachacámac,92789.0,185.8305,499.3206,53.2268,46.7732,1.0784,94.1555,45.7533,41.2879,65.9371,20.000896
140118,Lima,Lima,Pucusana,12819.0,28.9862,442.2449,63.5212,36.4788,0.0,48.3529,44.2946,47.0083,66.3875,23.739385
140119,Lima,Lima,Puente Piedra,263049.0,50.4271,5216.4213,54.4884,45.5116,0.0,87.9797,44.4662,35.38,68.018,22.678987999999997
140120,Lima,Lima,Punta Hermosa,9509.0,122.0019,77.9414,75.0303,24.9697,0.1764,79.7987,51.3045,32.3737,69.5072,19.183087
140121,Lima,Lima,Punta Negra,7282.0,129.4901,56.236,72.037,27.963,0.0141,73.8194,47.5077,34.7611,72.8203,14.288621000000003
140122,Lima,Lima,Rímac,167036.0,12.1106,13792.5454,69.7223,30.2777,0.0,94.9223,45.9658,29.1261,75.679,11.429908999999999
140123,Lima,Lima,San Bartolo,6945.0,53.5757,129.6297,68.9179,31.0821,2.0048,84.7534,49.5954,33.4937,74.3747,13.336333
140140,Lima,Lima,San Borja,125545.0,10.3832,12091.1665,83.9248,16.0752,0.0,99.4506,51.6041,5.405,86.3958,0.463208
140124,Lima,Lima,San Isidro,83909.0,9.7344,8619.843,88.1136,11.8864,0.0,99.5787,52.6635,3.3309,87.7483,0.057346299999999996
140137,Lima,Lima,San Juan De Lurigancho,812692.0,140.3099,5792.1216,58.0049,41.9951,0.0,70.5386,47.2474,37.2292,71.1727,17.703940000000003
140136,Lima,Lima,San Juan De Miraflores,333092.0,22.1951,15007.4566,64.9004,35.0996,0.0,96.994,48.5688,28.3363,73.6603,15.181919999999998
140138,Lima,Lima,San Luis,56432.0,3.4839,16197.9391,70.3216,29.6784,0.0,99.2274,51.9196,15.3028,80.759,5.473567
140126,Lima,Lima,San Martín De Porres,531448.0,36.3964,14601.6639,65.8632,34.1368,0.0,97.8442,46.969,24.7204,76.4937,10.343179
140127,Lima,Lima,San Miguel,150653.0,9.5941,15702.6714,78.8981,21.1019,0.0,99.3837,50.5723,12.0675,83.4995,1.5817259999999997
140143,Lima,Lima,Santa Anita,188098.0,10.6214,17709.3415,58.3865,41.6135,0.0,97.7575,50.0331,23.64,74.3109,9.643694
140128,Lima,Lima,Santa María Del Mar,1528.0,7.7058,198.2922,78.956,21.044,0.6006,51.0101,51.4532,22.7227,72.8421,7.065562000000001
140129,Lima,Lima,Santa Rosa,19577.0,17.5332,1116.5674,54.9222,45.0778,0.0,87.129,43.2501,42.7484,66.6399,22.028653000000002
140130,Lima,Lima,Santiago De Surco,350131.0,34.7799,10067.0502,82.1915,17.8085,0.0,99.3697,50.3946,7.6606,84.1483,1.231283
140131,Lima,Lima,Surquillo,100713.0,4.5873,21954.7446,76.3281,23.6719,0.0,99.3888,52.6053,12.9868,82.5356,2.747559
140141,Lima,Lima,Villa El Salvador,347445.0,33.8831,10254.227,64.3523,35.6477,0.0,94.4101,47.347,35.7039,71.4351,20.166089
140132,Lima,Lima,Villa María Del Triunfo,367015.0,66.1556,5547.7541,63.6057,36.3943,0.0,91.8734,47.2227,32.9794,70.2583,16.823515
140901,Lima,Barranca,Barranca,57044.0,160.7848,354.7848,58.5574,41.4426,6.7443,91.8526,42.9913,47.206,64.7603,10.499026999999998
140902,Lima,Barranca,Paramonga,19335.0,413.3168,46.7801,49.1241,50.8759,9.5325,91.1137,37.107,40.8288,64.6134,9.5893
140903,Lima,Barranca,Pativilca,15304.0,281.7166,54.3241,54.7489,45.2511,8.0145,95.0527,40.125,55.4415,56.1713,13.24245
140904,Lima,Barranca,Supe,20688.0,519.1011,39.8535,56.6335,43.3665,22.362,90.2068,41.2059,58.0352,57.9539,18.280128
140905,Lima,Barranca,Supe Puerto,10275.0,15.4961,663.0701,53.4215,46.5785,0.5368,25.8462,37.8554,50.7507,61.5359,13.24245
140201,Lima,Cajatambo,Cajatambo,1674.0,552.2949,3.031,39.4515,60.5485,100.0,91.5162,34.2564,63.2565,54.4279,30.35862
140205,Lima,Cajatambo,Copa,1033.0,205.4321,5.0284,69.1415,30.8585,100.0,80.8,23.6709,81.352,36.63,37.15457
140206,Lima,Cajatambo,Gorgor,1466.0,336.1934,4.3606,62.2137,37.7863,100.0,97.3684,36.6113,74.4617,44.1065,37.15457
140207,Lima,Cajatambo,Huancapón,884.0,150.0703,5.8906,53.7246,46.2754,100.0,94.3548,22.0541,74.4919,40.2299,30.35862
140208,Lima,Cajatambo,Manas,988.0,282.7395,3.4944,60.5536,39.4464,100.0,95.8333,39.7092,68.6397,48.5991,20.099202
140301,Lima,Canta,Canta,2827.0,134.3389,21.0438,45.1928,54.8072,5.4088,94.2761,51.3004,62.348,65.5352,10.535405
140302,Lima,Canta,Arahuay,828.0,135.2565,6.1217,67.6471,32.3529,100.0,89.7561,52.0282,66.443,51.8261,20.90718
140303,Lima,Canta,Huamantanga,797.0,493.2391,1.6158,69.1837,30.8163,100.0,81.685,40.6491,72.5948,50.2256,16.498952
140304,Lima,Canta,Huaros,926.0,327.4214,2.8282,52.6138,47.3862,100.0,90.6615,37.8766,68.0263,54.6592,23.0563
140305,Lima,Canta,Lachaqui,1020.0,128.2894,7.9508,54.4444,45.5556,100.0,94.3503,46.0701,61.0981,53.5714,20.90718
140306,Lima,Canta,San Buenaventura,501.0,107.6137,4.6555,59.2466,40.7534,100.0,98.5782,42.6136,58.9189,61.1524,23.0563
140307,Lima,Canta,Santa Rosa De Quives,5923.0,409.387,14.468,42.0121,57.9879,33.7828,65.0781,44.9337,54.8862,54.2736,10.835157
140401,Lima,Cañete,San Vicente De Cañete,44875.0,519.3847,86.4003,56.4632,43.5368,10.2346,93.0669,45.5317,38.6892,68.4347,11.07373
140416,Lima,Cañete,Asia,11030.0,282.2784,39.0749,54.6877,45.3123,9.955,63.3286,41.4603,37.3467,63.7811,11.07373
140402,Lima,Cañete,Calango,2043.0,527.0857,3.876,56.3187,43.6813,100.0,73.9385,50.6875,49.4932,59.8896,8.154119000000001
140403,Lima,Cañete,Cerro Azul,6561.0,120.1546,54.6047,58.6381,41.3619,8.2733,87.2375,41.2149,52.5096,66.1023,15.125609999999998
140405,Lima,Cañete,Chilca,16423.0,483.198,33.9881,56.3721,43.6279,2.9018,55.7059,46.108,35.2709,67.3659,15.125609999999998
140404,Lima,Cañete,Coayllo,1433.0,600.341,2.387,62.7682,37.2318,100.0,77.2727,53.2091,48.418,53.4604,13.13157
140406,Lima,Cañete,Imperial,31811.0,52.4031,607.0442,53.6733,46.3267,4.0437,88.2622,44.7455,45.8908,65.3604,15.125609999999998
140407,Lima,Cañete,Lunahuana,3661.0,493.6933,7.4155,67.4225,32.5775,9.6745,75.6019,46.4605,53.6763,63.4025,10.52626
140408,Lima,Cañete,Mala,25112.0,131.097,191.5528,52.9226,47.0774,5.3092,61.4762,43.6973,37.2222,67.3709,10.343207999999999
140409,Lima,Cañete,Nuevo Imperial,18939.0,320.0954,59.1667,52.3678,47.6322,8.1843,67.8502,44.2413,54.8736,64.0938,23.973065
140410,Lima,Cañete,Pacarán,1692.0,238.5385,7.0932,49.1989,50.8011,100.0,90.1333,45.9424,60.3203,63.2307,17.152115
140411,Lima,Cañete,Quilmana,13434.0,449.1709,29.9084,52.8925,47.1075,10.0491,88.8045,41.7773,38.6365,60.8445,16.481916
140412,Lima,Cañete,San Antonio,3405.0,39.3038,86.6328,53.2868,46.7132,14.4601,97.1092,47.0204,38.6829,71.9294,10.52626
140413,Lima,Cañete,San Luis,10969.0,37.5183,292.364,54.2574,45.7426,6.036,97.4343,45.1983,48.0128,63.3063,20.363295
140414,Lima,Cañete,Santa Cruz De Flores,2349.0,94.5467,24.8449,50.0564,49.9436,18.756,78.8331,49.4188,36.7064,68.5646,3.2830522799999997
140415,Lima,Cañete,Zuñiga,1170.0,129.2979,9.0489,41.8203,58.1797,100.0,52.9167,46.3435,55.7839,59.7954,13.13157
140801,Lima,Huaral,Huaral,87907.0,645.3042,136.2257,57.6021,42.3979,6.7367,88.034,44.1329,43.4669,64.0121,10.202786
140802,Lima,Huaral,Atavillos Alto,699.0,345.1469,2.0252,59.7826,40.2174,100.0,98.8372,52.2342,68.559,49.9246,18.89067
140803,Lima,Huaral,Atavillos Bajo,728.0,176.5161,4.1243,56.9767,43.0233,100.0,97.8723,52.4362,66.2971,61.678,10.15881
140804,Lima,Huaral,Aucallama,14727.0,719.02,20.482,53.7041,46.2959,23.0374,70.376,38.2405,56.1395,58.6565,11.157996
140805,Lima,Huaral,Chancay,51741.0,154.7367,334.3809,54.6185,45.3815,6.4459,87.1633,40.4374,45.1054,62.5925,15.427087
140806,Lima,Huaral,Ihuari,2595.0,474.1922,5.4725,57.4439,42.5561,100.0,97.1014,46.0727,74.2268,37.6864,25.382449
140807,Lima,Huaral,Lampián,645.0,148.0235,4.3574,54.1958,45.8042,100.0,60.0,49.8433,67.8571,47.9751,10.15881
140808,Lima,Huaral,Pacaraos,842.0,305.7279,2.7541,69.7342,30.2658,100.0,92.8395,27.8756,63.4241,51.6751,22.182353
140809,Lima,Huaral,San Miguel De Acos,902.0,41.6573,21.6529,61.8026,38.1974,100.0,99.4118,61.9281,50.3086,62.6391,14.61059
140811,Lima,Huaral,Santa Cruz De Andamarca,434.0,216.2076,2.0073,68.2692,31.7308,100.0,98.5507,59.5561,31.4458,79.8042,18.89067
140812,Lima,Huaral,Sumbilca,885.0,236.7508,3.7381,67.6471,32.3529,100.0,92.7966,48.777,69.4444,45.7746,18.89067
140810,Lima,Huaral,Veintisiete De Noviembre,676.0,206.9209,3.2669,58.642,41.358,100.0,94.7368,47.3282,63.9903,38.5572,14.61059
140601,Lima,Huarochiri,Matucana,4410.0,180.4765,24.4353,46.356,53.644,20.3056,96.8433,39.4336,46.4268,66.2971,19.002943000000002
140602,Lima,Huarochiri,Antioquia,1510.0,417.4182,3.6175,57.5786,42.4214,100.0,93.75,48.8909,51.8367,53.5807,9.85830232
140603,Lima,Huarochiri,Callahuanca,794.0,50.5524,15.7065,54.5752,45.4248,100.0,96.9565,49.3316,60.401,65.6619,10.61693
140604,Lima,Huarochiri,Carampoma,403.0,231.7927,1.7386,35.2727,64.7273,100.0,97.2414,53.2468,63.7462,52.3659,14.37027
140607,Lima,Huarochiri,Chicla,1748.0,235.0763,7.4359,30.2347,69.7653,47.2818,97.8297,57.8737,13.0423,71.0483,24.603922999999998
140606,Lima,Huarochiri,Cuenca,685.0,67.5293,10.1437,39.9399,60.0601,100.0,88.7218,46.6346,70.3786,36.8056,30.06248
140630,Lima,Huarochiri,Huachupampa,713.0,78.8464,9.0429,46.3068,53.6932,100.0,98.125,48.2578,48.4401,68.9949,14.37027
140608,Lima,Huarochiri,Huanza,702.0,234.1246,2.9984,35.0267,64.9733,100.0,98.913,50.8454,41.1429,66.6667,18.9465
140609,Lima,Huarochiri,Huarochirí,1401.0,240.6017,5.8229,44.806,55.194,100.0,89.1247,38.8471,74.7312,55.35,18.9465
140610,Lima,Huarochiri,Lahuaytambo,610.0,82.0618,7.4334,40.9574,59.0426,100.0,98.3936,52.3478,62.1753,42.5676,22.87538
140611,Lima,Huarochiri,Langa,912.0,76.7304,11.8858,49.1349,50.8651,100.0,90.1478,41.2621,65.2418,51.0012,30.06248
140716,Lima,Huarochiri,Laraos,632.0,409.8003,1.5422,36.9231,63.0769,100.0,96.2567,49.6865,46.0961,62.98,18.9465
140612,Lima,Huarochiri,Maríatana,1365.0,168.5288,8.0995,44.593,55.407,100.0,95.7317,37.5921,80.5453,31.4308,30.06248
140613,Lima,Huarochiri,Ricardo Palma,6195.0,35.1292,176.349,51.1226,48.8774,4.4329,45.6476,39.9373,44.65,67.3469,5.363192
140614,Lima,Huarochiri,San Andrés De Tupicocha,1387.0,96.6172,14.3556,40.9563,59.0437,100.0,93.787,49.0987,77.8788,34.0615,38.917882
140615,Lima,Huarochiri,San Antonio,39959.0,570.1767,70.0818,43.7962,56.2038,100.0,92.6829,76.6129,44.9561,52.3112,18.9465
140616,Lima,Huarochiri,San Bartolomé,1113.0,42.75,26.0351,43.7432,56.2568,100.0,95.9184,46.6229,60.1405,64.3636,10.61693
140617,Lima,Huarochiri,San Damian,1401.0,333.5122,4.2007,72.1111,27.8889,100.0,93.6508,47.6018,59.9002,47.0383,27.715424
140632,Lima,Huarochiri,San Juan De Iris,541.0,128.3503,4.215,44.5415,55.4585,100.0,96.9072,49.3865,50.5007,63.1893,22.87538
140619,Lima,Huarochiri,San Juan De Tantaranche,351.0,138.8723,2.5275,51.4151,48.5849,100.0,100.0,43.787,82.8877,43.6261,30.06248
140620,Lima,Huarochiri,San Lorenzo De Quinti,1192.0,450.0362,2.6487,35.2697,64.7303,100.0,79.0155,53.5371,66.8029,52.071,18.9465
140621,Lima,Huarochiri,San Mateo,3768.0,416.7961,9.0404,47.9756,52.0244,13.2627,92.3232,38.3115,52.0377,62.3124,12.31816
140622,Lima,Huarochiri,San Mateo De Otao,1770.0,134.5781,13.1522,65.1537,34.8463,100.0,88.1579,45.2936,54.3071,53.3852,18.9465
140605,Lima,Huarochiri,San Pedro De Casta,1034.0,82.4124,12.5467,37.3596,62.6404,100.0,75.0,50.0,72.7371,47.9513,9.422855
140623,Lima,Huarochiri,San Pedro De Huancayre,247.0,39.39,6.2706,35.6589,64.3411,100.0,100.0,50.0,75.7143,57.4257,18.9465
140618,Lima,Huarochiri,Sangallaya,590.0,92.6849,6.3657,55.0725,44.9275,100.0,79.803,48.5166,69.0476,43.5511,22.87538
140624,Lima,Huarochiri,Santa Cruz De Cocachacra,2169.0,33.3653,65.0077,51.8321,48.1679,100.0,94.523,51.1073,45.7763,69.5542,4.991603
140625,Lima,Huarochiri,Santa Eulalia,10726.0,116.6648,91.9386,49.9814,50.0186,5.3894,93.1745,43.3704,42.7825,69.4532,12.31816
140626,Lima,Huarochiri,Santiago De Anchucaya,474.0,94.8872,4.9954,55.8394,44.1606,100.0,68.4211,37.9538,82.1875,52.7331,14.37027
140627,Lima,Huarochiri,Santiago De Tuna,579.0,62.712,9.2327,67.5532,32.4468,100.0,62.8931,58.5052,56.2044,41.7722,18.9465
140628,Lima,Huarochiri,Santo Domingo De Los Ollero,5428.0,577.9545,9.3917,49.8563,50.1437,100.0,58.194,42.3077,57.728,49.9656,18.9465
140629,Lima,Huarochiri,Surco,1656.0,106.8545,15.4977,40.4448,59.5552,100.0,95.1613,47.8327,52.0967,63.8724,18.9465
140501,Lima,Huaura,Huacho,56677.0,711.058,79.708,61.3344,38.6656,0.7143,94.3939,45.5826,32.2194,73.2849,6.985906
140502,Lima,Huaura,Ambar,2234.0,941.4464,2.3729,63.8119,36.1881,100.0,96.0606,38.5686,78.6232,40.0952,38.488498
140504,Lima,Huaura,Caleta De Carquín,5177.0,3.2981,1569.6916,70.9849,29.0151,1.0207,92.6981,39.3939,50.9223,65.4893,12.42944
140505,Lima,Huaura,Checras,851.0,166.8962,5.099,66.3677,33.6323,100.0,94.9405,23.6753,66.3079,42.8256,25.10339
140506,Lima,Huaura,Hualmay,22038.0,6.0602,3636.5136,55.1343,44.8657,0.2399,96.5049,44.4196,38.4008,71.3134,12.42944
140507,Lima,Huaura,Huaura,28286.0,481.2897,58.7713,44.74,55.26,8.5491,79.6595,43.9292,39.8631,61.8786,14.952362
140508,Lima,Huaura,Leoncio Prado,1977.0,294.7954,6.7063,76.4706,23.5294,100.0,54.3689,43.8228,59.8286,43.1064,22.39207
140509,Lima,Huaura,Paccho,1671.0,237.4388,7.0376,59.2593,40.7407,100.0,93.2203,50.569,67.4142,42.268,25.10339
140511,Lima,Huaura,Santa Leonor,1054.0,374.4003,2.8152,68.595,31.405,100.0,93.4694,38.7275,59.4839,49.5968,22.39207
140512,Lima,Huaura,Santa María,31578.0,135.3424,233.3193,54.8695,45.1305,5.4871,88.8457,43.3863,43.3231,66.8849,14.925820000000002
140513,Lima,Huaura,Sayan,19152.0,1313.7324,14.5783,40.948,59.052,29.1439,89.271,42.9881,38.5467,56.7115,18.325115
140516,Lima,Huaura,Vegueta,21607.0,257.7579,83.8267,45.9105,54.0895,11.4117,72.5624,40.3302,42.4668,57.3377,18.854468
141001,Lima,Oyón,Oyón,7114.0,876.5306,8.1161,35.1948,64.8052,15.5309,95.5523,40.5318,22.0082,60.9298,22.084185
141004,Lima,Oyón,Andajes,556.0,152.9861,3.6343,61.5672,38.4328,100.0,98.6842,35.8779,58.6081,40.3774,17.31813
141003,Lima,Oyón,Caujul,544.0,104.3155,5.2149,70.6081,29.3919,100.0,83.4286,44.1233,65.2778,48.8971,21.01269
141006,Lima,Oyón,Cochamarca,1455.0,258.5626,5.6273,54.0023,45.9977,100.0,87.5,26.7068,80.663,42.1616,51.530694
141002,Lima,Oyón,Navan,785.0,230.549,3.4049,47.6096,52.3904,100.0,71.0884,58.4383,47.8363,51.4042,21.01269
,,,,,,,,,100.0,95.1699,42.4204,46.0412,57.5534,
140701,Lima,Yauyos,Yauyos,1316.0,332.4255,3.9588,31.0174,68.9826,100.0,99.25,51.269,52.262,64.2001,25.410741999999995
140702,Lima,Yauyos,Alis,567.0,140.7416,4.0287,23.4694,76.5306,100.0,100.0,86.1295,11.4081,89.4426,15.10272
,Lima,Yauyos,Ayauca,,,,,,100.0,94.5205,51.4286,51.0917,54.1133,24.30848
140704,Lima,Yauyos,Ayaviri,492.0,244.8451,2.0094,63.5179,36.4821,100.0,97.8142,51.97,76.4602,56.5455,18.6596
140705,Lima,Yauyos,Azangaro,890.0,77.4606,11.4897,41.8367,58.1633,100.0,78.5714,54.8628,70.6818,51.1792,37.08105
140706,Lima,Yauyos,Cacra,594.0,210.0835,2.8274,30.6859,69.3141,100.0,95.4128,42.5163,57.1992,49.4824,33.67981
140707,Lima,Yauyos,Carania,299.0,122.114,2.4485,47.9339,52.0661,100.0,100.0,38.5135,66.6667,49.3421,28.65267
140733,Lima,Yauyos,Catahuasi,1455.0,118.2995,12.2993,38.3721,61.6279,100.0,88.5906,48.7232,55.0847,60.8566,16.38022
140710,Lima,Yauyos,Chocos,1636.0,212.2605,7.7075,29.3808,70.6192,100.0,87.5,38.4088,50.8115,43.8896,37.08105
140708,Lima,Yauyos,Cochas,234.0,38.1106,6.14,57.6087,42.3913,100.0,85.5263,53.4314,61.5741,58.7678,16.38022
140709,Lima,Yauyos,Colonia,1738.0,346.438,5.0168,35.0832,64.9168,100.0,100.0,43.4363,66.6366,50.9859,24.30848
140730,Lima,Yauyos,Hongos,563.0,120.9427,4.6551,58.2278,41.7722,100.0,85.0,33.1148,76.7372,43.7107,28.65267
140711,Lima,Yauyos,Huampara,627.0,54.1239,11.5845,53.3835,46.6165,100.0,52.8571,51.7241,75.1678,60.0,7.71324186
140712,Lima,Yauyos,Huancaya,533.0,278.0188,1.9171,49.7959,50.2041,100.0,97.3451,46.5969,43.7919,70.8191,11.93167
140713,Lima,Yauyos,Huangascar,1064.0,50.0632,21.2531,35.0267,64.9733,100.0,95.3271,38.9171,58.7127,56.4228,28.65267
140714,Lima,Yauyos,Huantan,872.0,513.1612,1.6993,44.1463,55.8537,100.0,84.7619,61.294,33.6876,63.8251,28.65267
140715,Lima,Yauyos,Huañec,532.0,42.4466,12.5334,56.6929,43.3071,100.0,,54.1568,65.9722,63.8695,18.6596
140716,Lima,Yauyos,Laraos,632.0,409.8003,1.5422,36.9231,63.0769,100.0,98.3696,36.5422,49.0842,55.6405,18.08193
140717,Lima,Yauyos,Lincha,1118.0,218.3121,5.1211,37.7698,62.2302,100.0,76.1905,39.951,76.9575,37.7622,51.726324
140731,Lima,Yauyos,Madean,1061.0,208.6104,5.086,44.7034,55.2966,100.0,92.2078,41.0853,84.7368,45.2865,37.08105
140718,Lima,Yauyos,Miraflores,339.0,202.0244,1.678,44.0678,55.9322,100.0,100.0,44.6512,71.179,50.0,18.08193
140719,Lima,Yauyos,Omas,755.0,294.4695,2.5639,49.5671,50.4329,100.0,77.6536,17.193,79.7639,60.4131,15.10272
140732,Lima,Yauyos,Putinza,917.0,71.3371,12.8545,45.0,55.0,100.0,31.8841,36.087,66.0643,61.7647,24.30848
140720,Lima,Yauyos,Quinches,829.0,114.6842,7.2285,61.658,38.342,100.0,87.8049,48.8774,72.0854,48.7352,34.57376
140721,Lima,Yauyos,Quinocay,612.0,157.4251,3.8876,53.7572,46.2428,100.0,96.4706,61.0,77.3364,50.1228,15.10272
140722,Lima,Yauyos,San Joaquín,266.0,75.6565,3.5159,66.9565,33.0435,100.0,100.0,34.8101,65.0602,67.7019,6.71146924
140723,Lima,Yauyos,San Pedro De Pilas,407.0,100.3831,4.0545,56.9378,43.0622,100.0,100.0,48.6381,80.3636,47.9245,15.10272
140724,Lima,Yauyos,Tanta,678.0,346.0317,1.9594,61.3208,38.6792,100.0,100.0,34.9794,63.9053,48.2828,18.6596
140725,Lima,Yauyos,Tauripampa,770.0,530.4841,1.4515,27.1462,72.8538,100.0,68.7179,47.9424,76.9539,55.9184,11.93167
140727,Lima,Yauyos,Tomas,840.0,291.5914,2.8807,35.1351,64.8649,100.0,58.8235,14.2562,50.3846,58.2505,34.57376
140726,Lima,Yauyos,Tupe,856.0,290.3324,2.9483,25.5682,74.4318,100.0,97.4194,30.3534,79.3621,40.0,33.67981
140728,Lima,Yauyos,Viñac,2116.0,157.0503,13.4734,38.4201,61.5799,100.0,91.7763,45.674,57.0813,45.5892,32.051319
140729,Lima,Yauyos,Vitis,394.0,104.4578,3.7719,23.871,76.129,100.0,100.0,39.404,65.9164,63.1579,7.498623879999999
150101,Loreto,Maynas,Iquitos,116759.0,366.5525,318.5328,56.1693,43.8307,1.2141,92.258,40.8975,41.133,71.7112,8.626166000000001
150102,Loreto,Maynas,Alto Nanay,3931.0,14562.6705,0.2699,69.8986,30.1014,100.0,90.9091,26.64,90.4729,31.2263,48.637013
150103,Loreto,Maynas,Fernando Lores,12479.0,4567.968,2.7318,45.0245,54.9755,55.4523,95.9904,29.9821,80.9658,36.1449,49.219241
150110,Loreto,Maynas,Indiana,9393.0,3365.4396,2.791,47.161,52.839,62.2952,21.1434,23.1241,86.4614,34.7492,49.991401
150104,Loreto,Maynas,Las Amazonas,7753.0,6721.1904,1.1535,48.6037,51.3963,67.0941,97.549,25.7276,84.8232,27.8752,50.825355
150105,Loreto,Maynas,Mazan,11312.0,10053.7276,1.1252,28.8684,71.1316,62.3184,89.2486,34.5869,90.2717,27.7911,51.315124
150106,Loreto,Maynas,Napo,11528.0,24172.2157,0.4769,42.2755,57.7245,74.3718,85.8491,25.2668,80.7172,26.486,48.190349999999995
150111,Loreto,Maynas,Punchana,65186.0,1602.9505,40.6663,58.1805,41.8195,7.7237,82.5801,33.7308,58.7768,57.5171,19.519822
150108,Loreto,Maynas,Torres Causana,4786.0,6920.0867,0.6916,27.648,72.352,100.0,24.6753,47.3302,90.1418,23.7652,47.903467000000006
150112,Loreto,Maynas,Belén,54829.0,653.3801,83.9159,60.2567,39.7433,12.4457,88.5681,36.1942,60.8098,56.1497,26.466031
150113,Loreto,Maynas,San Juan Bautista,95064.0,3200.6386,29.7016,55.8487,44.1513,10.5413,89.7989,33.7257,59.3307,57.4764,21.201507
150201,Loreto,Alto Amazonas,Yurimaguas,65921.0,2235.5127,29.4881,36.3082,63.6918,16.2685,76.064,33.8703,71.2988,46.2339,31.736867000000004
150202,Loreto,Alto Amazonas,Balsapuerto,14251.0,3004.8851,4.7426,6.7035,93.2965,100.0,58.8235,13.6303,92.595,20.9103,53.362776999999994
150205,Loreto,Alto Amazonas,Jeberos,4027.0,4346.5254,0.9265,22.0588,77.9412,40.5128,,21.2734,90.3077,24.4507,36.055512
150206,Loreto,Alto Amazonas,Lagunas,10817.0,6059.3826,1.7852,29.5042,70.4958,32.6519,99.359,21.3483,82.8139,32.6657,43.900725
150210,Loreto,Alto Amazonas,Santa Cruz,4616.0,2271.3593,2.0323,18.4245,81.5755,100.0,100.0,29.7935,92.6897,20.9951,43.891935
150211,Loreto,Alto Amazonas,Teniente Cesar Lopez Rojas,5786.0,1320.6012,4.3813,20.1062,79.8938,42.5054,89.5706,31.5235,89.2883,23.8548,33.03193099999999
150301,Loreto,Loreto,Nauta,25921.0,6761.5653,3.8336,50.0646,49.9354,30.788,76.54,24.9905,79.5815,42.1342,41.639253
150302,Loreto,Loreto,Parinari,5338.0,13222.3764,0.4037,59.8977,40.1023,100.0,98.9305,27.0356,86.1956,32.5048,49.068619000000005
150303,Loreto,Loreto,Tigre,6561.0,20128.3366,0.326,75.1797,24.8203,100.0,86.5724,22.9254,84.1811,33.7184,50.836792
150305,Loreto,Loreto,Trompeteros,7401.0,12572.1848,0.5887,50.4963,49.5037,100.0,85.4938,23.7466,75.5955,34.0727,36.777302
150304,Loreto,Loreto,Urarinas,11508.0,15776.6298,0.7294,57.64,42.36,77.2023,95.4861,14.4522,76.3361,21.6604,50.106167
150605,Loreto,Mariscal Ramon Castilla,Ramon Castilla,2102.0,246.3665,8.532,,,44.1756,71.403,28.1315,78.0373,38.7277,36.949764
150602,Loreto,Mariscal Ramon Castilla,Pebas,10671.0,11231.8136,0.9501,67.7796,32.2204,65.8092,4.4068,30.1069,80.8015,35.5906,49.782274
150603,Loreto,Mariscal Ramon Castilla,Yavari,11813.0,14096.2114,0.838,80.7286,19.2714,100.0,90.4494,27.308,64.8458,33.7117,46.146614
150604,Loreto,Mariscal Ramon Castilla,San Pablo,12818.0,5082.1535,2.5222,62.1895,37.8105,69.978,79.0393,36.8066,68.1405,30.5691,48.678105
150401,Loreto,Requena,Requena,19032.0,3074.2869,6.1907,59.018,40.982,9.6314,83.1782,28.4836,71.0663,44.7098,43.212773999999996
150402,Loreto,Requena,Alto Tapiche,1879.0,9067.6157,0.2072,76.2684,23.7316,100.0,53.4884,27.3983,78.0858,33.5719,53.765449000000004
150403,Loreto,Requena,Capelo,2700.0,801.0966,3.3704,75.2174,24.7826,100.0,97.2222,30.5778,86.3991,38.255,56.601161
150404,Loreto,Requena,Emilio San Martín,5326.0,4640.9918,1.1476,65.6472,34.3528,55.4114,29.9145,23.929,84.8744,31.4392,54.243283
150405,Loreto,Requena,Maquia,6725.0,4895.5026,1.3737,68.0148,31.9852,66.6758,31.25,31.478,84.8713,31.1721,53.192346
150406,Loreto,Requena,Puinahua,6539.0,6286.2587,1.0402,76.0724,23.9276,46.1802,22.1106,23.8208,90.4849,34.1716,42.370982999999995
150407,Loreto,Requena,Saquena,3086.0,2595.5783,1.1889,51.7595,48.2405,100.0,97.4249,28.6635,84.9331,32.403,52.66379500000001
150408,Loreto,Requena,Soplin,1054.0,4697.6217,0.2244,61.8644,38.1356,100.0,17.6471,10.9937,86.819,25.1953,48.16221
150409,Loreto,Requena,Tapiche,1632.0,2091.1997,0.7804,60.5459,39.4541,100.0,4.3478,36.1868,86.3791,31.3725,42.395171999999995
150410,Loreto,Requena,Jenaro Herrera,3848.0,1160.4215,3.316,69.0982,30.9018,21.9618,50.0,29.4305,86.1328,34.8239,51.244659
150411,Loreto,Requena,Yaquerana,2197.0,11048.4534,0.1989,78.7848,21.2152,100.0,41.3793,8.2134,82.6335,40.3922,48.456936999999996
150501,Loreto,Ucayali,Contamana,20092.0,11010.5365,1.8248,42.7006,57.2994,27.0234,64.9644,27.495,69.0449,46.5851,33.352533
150506,Loreto,Ucayali,Inahuaya,2600.0,630.3471,4.1247,55.6751,44.3249,100.0,4.1841,32.0866,76.7549,41.2679,23.491965
150503,Loreto,Ucayali,Padre Márquez,5164.0,2436.7097,2.1193,31.7647,68.2353,100.0,66.3283,28.016,76.4674,40.8181,52.462303000000006
150504,Loreto,Ucayali,Pampa Hermosa,5392.0,7476.4775,0.7212,44.7316,55.2684,100.0,93.4166,25.8746,78.8233,31.4154,51.765525999999994
150505,Loreto,Ucayali,Sarayacu,10803.0,6249.0433,1.7287,47.7019,52.2981,60.4575,74.5098,29.4536,78.3942,35.1787,50.485569
150502,Loreto,Ucayali,Vargas Guerra,7162.0,1898.2045,3.773,35.614,64.386,16.0043,36.5576,28.2875,75.9858,41.1457,47.783719000000005
150701,Loreto,Datem Del Marañón,Barranca,12128.0,7386.5629,1.6419,34.0294,65.9706,32.9305,83.6257,30.4133,74.6586,41.798,38.104364000000004
150703,Loreto,Datem Del Marañón,Cahuapanas,6859.0,4784.5389,1.4336,5.2218,94.7782,100.0,100.0,45.0201,91.3826,26.6246,51.174662999999995
150704,Loreto,Datem Del Marañón,Manseriche,8601.0,3565.8018,2.4121,44.3148,55.6852,67.1298,63.1884,19.2654,79.3611,32.8202,49.520928
150705,Loreto,Datem Del Marañón,Morona,6878.0,11033.5716,0.6234,27.3008,72.6992,100.0,94.6667,16.8904,86.6858,32.5714,40.1
150706,Loreto,Datem Del Marañón,Pastaza,7895.0,9099.8177,0.8676,41.7329,58.2671,100.0,90.2778,24.9247,85.2501,24.1654,42.961240000000004
150702,Loreto,Datem Del Marañón,Andoas,9800.0,11787.6837,0.8314,34.0355,65.9645,100.0,98.5272,57.1443,85.7692,25.3605,47.483688
150901,Loreto,Putumayo,Putumayo,3586.0,11068.4481,0.324,65.7754,34.2246,16.6394,58.3333,34.9676,78.3415,45.8627,39.50526
150902,Loreto,Putumayo,Rosa Panduro,507.0,7164.3572,0.0708,75.1773,24.8227,100.0,,47.5877,82.5,39.1753,37.402503
150903,Loreto,Putumayo,Teniente Manuel Clavero,2673.0,9627.9527,0.2776,62.8272,37.1728,100.0,7.0175,23.2028,79.6288,28.8868,42.368012
150904,Loreto,Putumayo,Yaguas,1029.0,17961.1468,0.0573,69.1943,30.8057,100.0,,47.2172,82.9287,36.9712,60.889179
160101,Madre De Dios,Tambopata,Tambopata,83297.0,20713.7485,4.0213,32.2823,67.7177,3.5752,98.0367,45.8063,45.0082,65.3156,4.787605000000001
160102,Madre De Dios,Tambopata,Inambari,15747.0,4849.079,3.2474,16.3048,83.6952,32.7053,68.1635,46.8772,50.847,55.355,5.689339
160103,Madre De Dios,Tambopata,Las Piedras,11493.0,7741.9434,1.4845,25.8295,74.1705,12.8915,92.8897,42.9225,56.7146,56.1563,4.843215000000001
160104,Madre De Dios,Tambopata,Laberinto,7040.0,2677.762,2.6291,14.9708,85.0292,19.0066,88.6023,41.0849,56.9634,51.7525,9.938976
160201,Madre De Dios,Manu,Manu,3157.0,8693.8892,0.3631,17.1784,82.8216,100.0,94.3201,38.979,61.545,53.1434,10.757411
160202,Madre De Dios,Manu,Fitzcarrald,1128.0,10656.928,0.1058,19.7531,80.2469,100.0,61.4865,23.6348,63.766,32.6725,16.918182
160203,Madre De Dios,Manu,Madre De Dios,8263.0,7845.8305,1.0532,20.4326,79.5674,60.222,91.018,48.2169,51.7774,57.332,1.922952
160204,Madre De Dios,Manu,Huepetuhe,6924.0,1522.9511,4.5464,22.7219,77.2781,22.6499,37.0,49.8125,44.0751,59.3765,6.808264999999999
160301,Madre De Dios,Tahuamanu,Iñapari,1759.0,13818.3527,0.1273,55.3933,44.6067,100.0,96.1194,53.5463,34.588,59.4378,2.149282
160302,Madre De Dios,Tahuamanu,Iberia,5324.0,2584.5318,2.0599,31.1358,68.8642,4.6624,63.0303,43.0261,49.4215,61.8102,7.588064
160303,Madre De Dios,Tahuamanu,Tahuamanu,3445.0,3511.8968,0.981,31.7321,68.2679,100.0,98.2287,40.2444,66.6667,52.9806,3.383291
170101,Moquegua,Mariscal Nieto,Moquegua,39824.0,3944.6684,10.0957,23.9135,76.0865,2.6547,94.6493,45.6206,36.4196,70.186,7.023362
170102,Moquegua,Mariscal Nieto,Carumas,2481.0,2263.6171,1.096,8.4856,91.5144,100.0,92.7019,32.0423,44.6323,52.6905,26.460839999999997
170103,Moquegua,Mariscal Nieto,Cuchumbaya,1202.0,68.8384,17.4612,5.7405,94.2595,100.0,94.2029,46.7852,51.5112,42.8188,26.460839999999997
170103,Moquegua,Mariscal Nieto,Cuchumbaya,1202.0,533.8125,2.2517,5.7405,94.2595,100.0,94.2029,46.7852,51.5112,42.8188,26.460839999999997
170106,Moquegua,Mariscal Nieto,Samegua,7628.0,64.5495,118.1729,23.9432,76.0568,6.25,88.373,47.3805,38.1958,71.4848,5.229743
170104,Moquegua,Mariscal Nieto,San Cristóbal,2348.0,539.5695,4.3516,5.2369,94.7631,100.0,66.5037,38.9626,54.3203,45.0679,39.932577
170105,Moquegua,Mariscal Nieto,Torata,8293.0,1768.9591,4.6881,13.6819,86.3181,46.6763,89.8473,54.8141,17.3282,73.0801,6.052455
170201,Moquegua,General Sánchez Cerro,Omate,2512.0,255.4094,9.8352,30.2521,69.7479,26.3458,68.9498,47.9697,31.349,69.3404,7.469080000000001
170203,Moquegua,General Sánchez Cerro,Chojata,929.0,858.5696,1.082,7.5047,92.4953,100.0,90.8451,40.6442,70.904,39.0787,24.29267
170202,Moquegua,General Sánchez Cerro,Coalaque,1065.0,244.502,4.3558,21.267,78.733,100.0,92.9577,35.3073,66.4557,50.4897,17.08282
170204,Moquegua,General Sánchez Cerro,Ichuña,2863.0,998.8385,2.8663,2.8758,97.1242,100.0,91.067,38.5587,71.4581,52.1081,34.399632000000004
170205,Moquegua,General Sánchez Cerro,La Capilla,823.0,779.868,1.0553,25.9861,74.0139,100.0,,39.7976,46.6454,60.8911,17.08282
170206,Moquegua,General Sánchez Cerro,Lloque,724.0,255.2622,2.8363,4.5346,95.4654,100.0,77.3481,24.7655,62.9825,52.3636,24.29267
170207,Moquegua,General Sánchez Cerro,Matalaque,742.0,562.4453,1.3192,10.9551,89.0449,100.0,98.1132,30.4348,58.022,50.3326,29.977255
170208,Moquegua,General Sánchez Cerro,Puquina,2257.0,593.9016,3.8003,18.4311,81.5689,100.0,75.0,43.0036,64.0572,52.8621,17.08282
170209,Moquegua,General Sánchez Cerro,Quinistaquillas,603.0,194.5219,3.0999,10.2167,89.7833,100.0,64.2045,36.6599,31.0811,64.0159,10.066104000000001
170210,Moquegua,General Sánchez Cerro,Ubinas,2258.0,879.671,2.5669,11.6826,88.3174,100.0,100.0,31.8622,68.6387,46.8047,24.29267
170211,Moquegua,General Sánchez Cerro,Yunga,837.0,110.7218,7.5595,10.9589,89.0411,100.0,,6.592,52.8935,53.8554,24.29267
170301,Moquegua,Ilo,Ilo,59519.0,292.89,203.2128,33.7768,66.2232,0.543,85.2381,43.6509,31.2475,71.7498,6.166155
170302,Moquegua,Ilo,El Algarrobal,3542.0,733.89,4.8263,20.0,80.0,0.6188,84.9353,44.6245,51.4662,64.6476,8.885689
170303,Moquegua,Ilo,Pacocha,5017.0,331.9859,15.1121,59.4165,40.5835,0.3593,99.0106,45.2934,9.1624,80.6519,1.030027
180101,Pasco,Pasco,Chaupimarca,23138.0,15.5725,1485.8244,25.8084,74.1916,0.1054,14.4908,36.7727,41.3275,68.7619,24.613999
180103,Pasco,Pasco,Huachón,3468.0,828.9017,4.1838,49.7653,50.2347,34.1565,91.9209,30.3219,76.0443,45.0357,47.63163200000001
180104,Pasco,Pasco,Huariaca,5919.0,123.1352,48.0691,24.736,75.264,7.2058,82.9332,28.7292,48.8231,59.1571,37.810039
180105,Pasco,Pasco,Huayllay,6542.0,1018.1769,6.4252,22.5789,77.4211,25.2689,85.9165,47.3294,18.7741,73.8488,22.799318
180106,Pasco,Pasco,Ninacaca,4112.0,538.4893,7.6362,20.6689,79.3311,28.2693,84.6529,29.1595,72.5045,55.3699,46.894915
180107,Pasco,Pasco,Pallanchacra,2215.0,72.6322,30.4961,20.121,79.879,100.0,91.7671,28.4351,67.0311,50.6098,55.349316
180108,Pasco,Pasco,Paucartambo,11060.0,793.6296,13.936,22.7494,77.2506,27.4429,93.7884,41.8573,68.8659,48.4846,47.135413
180109,Pasco,Pasco,San Fco.De Asis De Yarusyacán,6058.0,120.1034,50.4399,18.5852,81.4148,100.0,85.5333,37.897,45.3465,65.933,46.581661
180110,Pasco,Pasco,Simón Bolívar,10943.0,690.9242,15.8382,19.6457,80.3543,6.2386,53.6808,35.0004,31.7223,68.7469,26.906065
180111,Pasco,Pasco,Ticlacayan,4351.0,714.2102,6.092,22.3832,77.6168,100.0,98.2428,19.0348,69.8865,49.2218,54.647477
180112,Pasco,Pasco,Tinyahuarco,5553.0,96.0684,57.8026,24.3725,75.6275,1.0955,95.4513,44.3435,17.6314,73.2168,19.343028
180113,Pasco,Pasco,Vicco,3541.0,171.2677,20.6752,37.039,62.961,5.1297,42.6523,36.4073,49.8821,64.4031,30.145926
180114,Pasco,Pasco,Yanacancha,20465.0,157.8441,129.6532,23.7341,76.2659,5.9982,22.9642,37.1289,27.0691,70.5535,18.662036
180201,Pasco,Daniel Alcides Carrión,Yanahuanca,11387.0,741.1673,15.3636,14.1606,85.8394,23.0654,89.8273,24.4835,60.6106,56.1891,46.272193
180202,Pasco,Daniel Alcides Carrión,Chacayan,2486.0,160.1128,15.5266,12.9358,87.0642,100.0,74.2149,23.7279,69.6411,49.3002,53.680466
180203,Pasco,Daniel Alcides Carrión,Goyllarisquizga,815.0,19.3122,42.2013,14.0244,85.9756,100.0,98.3923,28.5815,53.355,72.2826,53.53394500000001
180204,Pasco,Daniel Alcides Carrión,Paucar,2569.0,107.4197,23.9155,16.7464,83.2536,100.0,70.3934,22.444,80.9122,47.8873,52.630675999999994
180205,Pasco,Daniel Alcides Carrión,San Pedro De Pillao,1647.0,76.543,21.5173,11.677,88.323,100.0,84.4978,23.0279,67.8042,52.2008,48.781405
180206,Pasco,Daniel Alcides Carrión,Santa Ana De Tusi,5985.0,285.4869,20.9642,11.9063,88.0937,81.7552,70.1779,21.0169,83.4425,65.5461,72.150849
180207,Pasco,Daniel Alcides Carrión,Tapuc,2265.0,46.677,48.525,15.8143,84.1857,6.1418,46.2089,26.2063,73.8664,50.5372,49.503312
180208,Pasco,Daniel Alcides Carrión,Vilcabamba,1721.0,82.4644,20.8696,22.6322,77.3678,100.0,81.5166,28.2682,67.9216,56.9264,44.669951000000005
180301,Pasco,Oxapampa,Oxapampa,16570.0,402.2502,41.1933,66.1208,33.8792,30.5543,98.4631,49.4335,45.4743,61.1055,21.28484
180302,Pasco,Oxapampa,Chontabamba,5028.0,437.5738,11.4906,64.1902,35.8098,48.3502,83.0343,42.4174,52.0435,50.4257,21.28484
180303,Pasco,Oxapampa,Huancabamba,6324.0,1134.726,5.5732,72.8425,27.1575,55.1719,99.1701,40.0538,68.3231,33.8926,33.412669
180307,Pasco,Oxapampa,Palcazu,7809.0,2789.6087,2.7993,55.3088,44.6912,100.0,91.3486,32.8427,78.4011,40.9738,37.575331000000006
180306,Pasco,Oxapampa,Pozuzo,5151.0,716.6043,7.1881,69.5755,30.4245,100.0,100.0,40.2655,63.9548,33.5446,36.496679
180304,Pasco,Oxapampa,Puerto Bermúdez,17720.0,7678.4056,2.3078,55.4782,44.5218,64.2414,62.6381,40.9043,71.2505,39.3351,47.839147999999994
180305,Pasco,Oxapampa,Villa Rica,15318.0,822.4697,18.6244,57.5269,42.4731,25.2345,87.7279,44.014,63.2859,52.5843,30.010673999999995
180308,Pasco,Oxapampa,Constitución,13535.0,3052.9251,4.4335,29.6943,70.3057,44.8218,82.1705,38.27,67.4857,42.911,36.646578000000005
190101,Piura,Piura,Piura,148086.0,194.5587,761.1379,70.7412,29.2588,3.573,95.2793,43.6325,20.4114,74.0033,9.786115
190103,Piura,Piura,Castilla,125921.0,651.4045,193.3069,66.985,33.015,0.759,87.9295,41.6721,33.3912,66.346,16.25051
190104,Piura,Piura,Catacaos,60128.0,2268.2022,26.5091,63.3711,36.6289,2.934,73.9729,35.2458,51.67,52.695,31.86693
190113,Piura,Piura,Cura Mori,14824.0,215.654,68.7397,48.9102,51.0898,4.2472,46.6667,25.8756,72.6099,39.6954,31.86693
190114,Piura,Piura,El Tallán,4558.0,100.1858,45.4955,46.1891,53.8109,5.5318,52.2709,29.3757,83.9428,34.0755,40.703036
190105,Piura,Piura,La Arena,31392.0,169.81,184.8654,49.2762,50.7238,7.616,30.8135,30.0431,74.707,38.0926,38.073701
190106,Piura,Piura,La Unión,31811.0,318.2051,99.9701,51.2747,48.7253,1.7488,67.9542,30.5394,59.0484,43.6521,31.86693
190107,Piura,Piura,Las Lomas,25337.0,553.1595,45.8041,46.8894,53.1106,53.9726,77.6674,29.0173,75.3405,40.5756,41.466899
190109,Piura,Piura,Tambo Grande,86096.0,1484.2272,58.0073,65.2976,34.7024,59.0874,32.5563,28.561,54.4546,38.3893,38.0737
190115,Piura,Piura,Veintiséis De Octubre,114277.0,71.4487,1599.4273,65.4041,34.5959,0.0404,89.9474,41.6078,35.42,66.574,16.25051
190201,Piura,Ayabaca,Ayabaca,27851.0,1542.9317,18.0507,17.4928,82.5072,80.6009,87.7233,24.0505,80.7273,33.1334,53.034565
190202,Piura,Ayabaca,Frías,18102.0,560.4763,32.2975,27.9364,72.0636,88.2238,95.3096,18.0109,85.2634,27.3427,61.366856999999996
190209,Piura,Ayabaca,Jilili,3109.0,97.6034,31.8534,36.0509,63.9491,100.0,93.5754,29.3088,81.4553,33.0989,51.473648000000004
190203,Piura,Ayabaca,Lagunas,5493.0,190.4201,28.8467,14.7856,85.2144,100.0,95.5657,6.1563,88.2281,22.953,68.026538
190204,Piura,Ayabaca,Montero,5439.0,129.6791,41.942,30.0346,69.9654,100.0,89.9471,27.5911,80.9192,36.2336,46.939594
190205,Piura,Ayabaca,Pacaipampa,18790.0,970.4219,19.3627,12.975,87.025,100.0,87.0779,17.3057,80.1759,20.7597,67.16826900000001
190210,Piura,Ayabaca,Paimas,8479.0,323.5408,26.2069,39.1384,60.8616,67.2072,92.9952,21.5381,80.5426,31.914,44.010636
190206,Piura,Ayabaca,Sapillica,9196.0,275.3902,33.3926,12.9878,87.0122,100.0,72.8281,12.5477,90.5043,24.3432,61.99453499999999
190207,Piura,Ayabaca,Sicchez,2120.0,35.2979,60.0602,33.2054,66.7946,100.0,96.144,32.772,82.89,37.1626,46.24257600000001
190208,Piura,Ayabaca,Suyo,10619.0,1069.5263,9.9287,61.1533,38.8467,68.906,78.1903,24.5292,77.7171,41.1085,35.539429999999996
190301,Piura,Huancabamba,Huancabamba,23777.0,443.2053,53.6478,39.5537,60.4463,66.9626,82.2355,29.4167,77.7891,38.62,43.520384
190302,Piura,Huancabamba,Canchaque,7185.0,311.4027,23.073,35.7339,64.2661,68.1153,94.3594,32.6518,77.7641,41.6368,35.084649
190306,Piura,Huancabamba,El Carmen De La Frontera,10584.0,674.4197,15.6935,23.6493,76.3507,100.0,87.1042,21.7344,89.2544,28.7923,52.74203200000001
190303,Piura,Huancabamba,Huarmaca,30861.0,1941.2288,15.8977,31.8033,68.1967,90.2189,92.4842,19.7814,86.334,28.1644,54.201566
190308,Piura,Huancabamba,Lalaquiz,4215.0,145.8624,28.8971,17.8843,82.1157,100.0,89.9693,25.366,88.9951,30.2924,52.120564
190307,Piura,Huancabamba,San Miguel De El Faique,8021.0,207.6783,38.6222,22.3894,77.6106,73.7267,91.718,26.671,85.5842,36.1715,43.042567000000005
190304,Piura,Huancabamba,Sondor,6201.0,340.4244,18.2155,23.7077,76.2923,100.0,87.6439,27.9019,86.7647,28.5714,52.913253
190305,Piura,Huancabamba,Sondorillo,8651.0,229.3581,37.7183,28.0376,71.9624,100.0,67.4634,30.5804,87.0695,29.1029,55.04151400000001
190401,Piura,Morropon,Chulucanas,72424.0,835.3919,86.6946,67.4552,32.5448,23.0378,83.8207,32.3751,58.0664,46.1028,30.57779
190402,Piura,Morropon,Buenos Aires,8320.0,247.3876,33.6314,68.3488,31.6512,17.1413,34.8551,29.9453,74.5802,46.6994,30.57779
190403,Piura,Morropon,Chalaco,6642.0,149.0087,44.5746,35.3994,64.6006,100.0,90.3427,30.0309,81.7563,31.5435,49.981035000000006
190408,Piura,Morropon,La Matanza,12652.0,1035.0306,12.2238,47.9531,52.0469,33.7001,78.127,29.3774,61.2274,31.7073,38.734262
190404,Piura,Morropon,Morropon,11327.0,172.1326,65.8039,55.3726,44.6274,19.9291,93.7937,28.9927,71.0873,50.3344,30.57779
190405,Piura,Morropon,Salitral,7757.0,608.6887,12.7438,56.2722,43.7278,27.8175,89.7425,24.8607,80.9663,39.3591,40.126751999999996
190410,Piura,Morropon,San Juan De Bigote,6613.0,250.3976,26.41,39.8199,60.1801,38.2559,95.0246,20.9493,84.3308,35.5007,44.659828000000005
190406,Piura,Morropon,Santa Catalina De Mossa,3356.0,80.4153,41.7334,30.3462,69.6538,100.0,87.0244,27.4562,80.6575,39.0111,43.827241
190407,Piura,Morropon,Santo Domingo,6365.0,189.6554,33.5609,37.1494,62.8506,100.0,88.9908,22.9178,77.6846,40.1944,40.73907500000001
190409,Piura,Morropon,Yamango,7914.0,218.797,36.1705,21.1874,78.8126,100.0,80.2374,23.7825,86.284,33.1933,54.82643
190501,Piura,Paita,Paita,67410.0,700.6838,96.206,64.9178,35.0822,0.01,70.9346,34.131,40.6983,56.0026,20.560555
190502,Piura,Paita,Amotape,1984.0,64.0295,30.9857,43.4503,56.5497,3.1082,96.5265,28.1007,56.4857,45.1075,23.05715
190503,Piura,Paita,Arenal,1081.0,8.2741,130.6487,36.8351,63.1649,100.0,73.7864,25.5034,60.0352,47.5092,14.853285999999999
190505,Piura,Paita,Colan,12606.0,122.4121,102.98,40.7394,59.2606,9.5635,77.2271,31.4674,61.1877,43.3071,29.24272
190504,Piura,Paita,La Huaca,10063.0,574.8478,17.5055,53.8108,46.1892,6.9653,76.2435,34.7413,45.1042,49.6729,23.05715
190506,Piura,Paita,Tamarindo,4011.0,64.6714,62.0212,42.1673,57.8327,1.6657,86.6886,30.0135,61.0603,39.7246,29.24272
190507,Piura,Paita,Vichayal,4600.0,157.6747,29.174,45.3975,54.6025,22.9989,65.9794,26.5964,74.084,36.9237,29.24272
190601,Piura,Sullana,Sullana,143374.0,525.4047,272.883,73.1517,26.8483,4.347,71.5357,37.5782,43.1824,62.5728,19.42544
190602,Piura,Sullana,Bellavista,33504.0,1.9802,16919.5031,76.476,23.524,0.0,52.2566,38.4613,55.8993,61.2865,19.42544
190608,Piura,Sullana,Ignacio Escudero,16181.0,187.9134,86.1088,51.0266,48.9734,0.7589,12.5908,30.343,62.5569,45.5483,28.05964
190603,Piura,Sullana,Lancones,11372.0,2135.3784,5.3255,79.7198,20.2802,100.0,42.2558,21.3749,70.6659,28.5342,37.222415
190604,Piura,Sullana,Marcavelica,23355.0,1647.0126,14.1802,70.1407,29.8593,6.0807,46.5775,33.3234,60.1508,49.6415,24.906059999999997
190605,Piura,Sullana,Miguel Checa,7264.0,476.3943,15.2479,67.7458,32.2542,2.324,91.8575,29.9422,66.6888,47.969,28.05964
190606,Piura,Sullana,Querecotillo,21263.0,277.1062,76.7323,70.4062,29.5938,7.6719,48.9748,29.6729,57.8026,50.0921,24.906059999999997
190607,Piura,Sullana,Salitral,5781.0,31.2313,185.1028,67.8114,32.1886,7.2087,85.0561,38.1793,57.7551,58.0458,19.42544
190701,Piura,Talara,Pariñas,76968.0,1118.864,68.7912,52.0324,47.9676,0.5055,31.1763,37.9243,32.8281,64.009,15.540410000000001
190702,Piura,Talara,El Alto,6986.0,479.8876,14.5576,58.454,41.546,0.0,8.2527,38.5953,37.3858,60.7908,15.540410000000001
190703,Piura,Talara,La Brea,10656.0,824.3173,12.9271,53.0524,46.9476,1.6739,15.1102,33.0243,32.3723,65.8184,15.540410000000001
190704,Piura,Talara,Lobitos,1323.0,237.4286,5.5722,68.6881,31.3119,100.0,4.4828,48.6486,23.7805,58.0697,8.565665000000001
190706,Piura,Talara,Los Órganos,8173.0,163.2988,50.0494,66.4038,33.5962,0.4673,13.701,40.4647,46.8642,60.4409,15.540410000000001
190705,Piura,Talara,Máncora,8935.0,97.7228,91.4321,83.7632,16.2368,0.9902,27.794,40.6011,52.2029,58.6923,17.467
190801,Piura,Sechura,Sechura,33367.0,5727.8608,5.8254,62.5429,37.4571,2.9872,24.5977,37.1841,43.6645,47.122,25.8038
190804,Piura,Sechura,Bellavista De La Unión,3925.0,13.7639,285.1663,56.6807,43.3193,3.5223,84.3034,34.9836,70.0709,54.2691,20.591766
190803,Piura,Sechura,Bernal,5894.0,71.1578,82.83,47.6976,52.3024,6.229,4.8659,35.0848,72.5456,45.1345,33.41422
190805,Piura,Sechura,Cristo Nos Valga,3538.0,263.124,13.4461,54.6741,45.3259,38.0233,2.2305,31.3524,74.814,41.7899,34.470296000000005
190802,Piura,Sechura,Vice,13265.0,258.9305,51.23,69.0544,30.9456,2.4632,31.2198,23.4074,52.8727,38.5181,33.41422
190806,Piura,Sechura,Rinconada Llicuar,2713.0,19.8331,136.7915,42.2032,57.7968,0.1664,2.834,31.388,65.8455,51.9244,25.8038
200101,Puno,Puno,Puno,103241.0,460.0251,224.4247,19.4794,80.5206,3.9664,87.8335,44.0704,27.726,74.0047,12.829234
200102,Puno,Puno,Acora,18718.0,1917.0874,9.7638,5.7434,94.2566,82.9973,70.653,16.3715,67.4709,51.4105,46.856716000000006
200115,Puno,Puno,Amantani,4153.0,13.7653,301.7007,18.7898,81.2102,100.0,33.3333,20.3808,77.1727,35.2941,59.36641
200103,Puno,Puno,Atuncolla,4423.0,130.1315,33.9887,7.4118,92.5882,100.0,15.0235,14.8095,81.2514,49.1993,52.275156
200104,Puno,Puno,Capachica,8864.0,103.6672,85.5044,8.2183,91.7817,100.0,69.3457,14.6582,67.7719,35.4684,46.146733
200106,Puno,Puno,Chucuito,6664.0,115.1074,57.8938,9.1264,90.8736,100.0,88.1388,18.8527,63.7413,49.1335,40.824878
200105,Puno,Puno,Coata,6579.0,99.3464,66.2228,4.5267,95.4733,100.0,76.8595,5.2174,67.6988,45.0328,61.15427
200107,Puno,Puno,Huata,3172.0,128.7382,24.6392,9.1439,90.8561,100.0,16.25,17.1518,65.7052,46.2204,40.804390000000005
200108,Puno,Puno,Mañazo,4629.0,410.025,11.2896,7.7241,92.2759,48.3281,92.5305,22.114,64.5801,51.1798,47.42955500000001
200109,Puno,Puno,Paucarcolla,4621.0,173.865,26.5781,10.6242,89.3758,100.0,36.5947,15.5646,73.1534,50.1609,59.302346
200110,Puno,Puno,Pichacani,5162.0,1637.5407,3.1523,8.8323,91.1677,57.246,76.1295,17.374,68.9734,47.5885,45.110145
200114,Puno,Puno,Platería,6459.0,244.313,26.4374,6.7515,93.2485,100.0,60.2982,14.3521,64.3028,53.5704,49.100581
200111,Puno,Puno,San Antonio,1136.0,336.9161,3.3718,13.2895,86.7105,100.0,94.8617,11.2461,84.8736,49.0721,46.663025000000005
200112,Puno,Puno,Tiquillaca,2656.0,489.0187,5.4313,14.5382,85.4618,100.0,62.701,20.4561,69.0088,43.2397,46.575372
200113,Puno,Puno,Vilque,2800.0,194.4509,14.3995,10.9406,89.0594,100.0,81.1388,14.0538,49.4748,52.8403,57.469274
200201,Puno,Azángaro,Azángaro,25242.0,719.943,35.0611,3.7243,96.2757,31.1739,95.9333,25.6848,62.8267,57.3356,42.95757499999999
200202,Puno,Azángaro,Achaya,3739.0,126.3146,29.6007,6.085,93.915,100.0,71.4286,27.3632,74.9469,42.9312,44.30589
200203,Puno,Azángaro,Arapa,6958.0,336.2581,20.6924,5.1402,94.8598,100.0,95.0904,20.529,74.3875,45.292,39.81321
200204,Puno,Azángaro,Asillo,12802.0,403.3086,31.7424,2.7735,97.2265,71.1682,65.0277,16.0189,77.092,47.0576,42.454188
200205,Puno,Azángaro,Caminaca,4730.0,117.8072,40.1503,6.5752,93.4248,100.0,85.7143,18.5677,84.9881,38.2405,39.81321
200206,Puno,Azángaro,Chupa,6557.0,151.8583,43.1784,2.244,97.756,100.0,87.4863,13.2992,77.0193,46.8835,44.30589
200207,Puno,Azángaro,José Domingo Choquehuanca,3600.0,66.8915,53.8185,9.0591,90.9409,32.1381,86.6667,19.9317,69.7893,52.8984,36.426182
200208,Puno,Azángaro,Muñani,5307.0,783.5208,6.7733,4.7954,95.2046,100.0,77.3585,10.1041,80.0621,44.4608,44.30589
200210,Puno,Azángaro,Potoni,3294.0,622.002,5.2958,5.1739,94.8261,48.9718,93.3852,8.3287,83.4222,43.4783,60.250277
200212,Puno,Azángaro,Saman,10324.0,203.34,50.7721,5.759,94.241,100.0,44.6721,29.963,80.7983,37.0795,34.868154000000004
200213,Puno,Azángaro,San Antón,5921.0,515.1859,11.4929,5.6711,94.3289,49.863,91.909,8.769,66.7032,45.0486,33.639159
200214,Puno,Azángaro,San José,4257.0,396.9064,10.7255,4.8556,95.1444,100.0,88.8889,12.6194,79.6389,43.9525,45.01491000000001
200215,Puno,Azángaro,San Juan De Salinas,3270.0,104.4863,31.296,4.7541,95.2459,100.0,55.1724,6.9476,80.5702,43.8416,39.81321
200216,Puno,Azángaro,Santiago De Pupuja,4513.0,318.8035,14.1561,5.1346,94.8654,100.0,81.407,21.1945,75.4028,42.4064,36.13236
200217,Puno,Azángaro,Tirapata,2486.0,200.6691,12.3886,4.1436,95.8564,100.0,88.1988,26.0113,78.2497,43.8324,36.13236
200301,Puno,Carabaya,Macusani,10210.0,1016.1864,10.0474,11.478,88.522,12.6895,75.4071,21.6451,71.2176,44.6087,52.257186000000004
200302,Puno,Carabaya,Ajoyani,2398.0,426.0055,5.629,10.7843,89.2157,100.0,88.8563,19.2288,69.7848,48.9247,50.977107000000004
200303,Puno,Carabaya,Ayapata,4999.0,2050.0255,2.4385,11.2558,88.7442,71.8034,82.6142,42.7154,70.9969,45.8506,43.773202999999995
200304,Puno,Carabaya,Coasa,5535.0,3118.8479,1.7747,6.9699,93.0301,47.3341,97.7688,16.8258,81.8125,41.9466,65.642954
200305,Puno,Carabaya,Corani,3574.0,886.5211,4.0315,9.6429,90.3571,41.9104,76.9959,8.6492,83.4906,38.9873,67.815792
200306,Puno,Carabaya,Crucero,6265.0,854.4068,7.3326,7.9943,92.0057,23.397,66.4935,23.5586,69.2688,49.2418,44.348431999999995
200307,Puno,Carabaya,Ituata,4666.0,1257.8337,3.7096,10.7143,89.2857,100.0,96.6574,25.4036,59.899,47.6269,48.041521
200308,Puno,Carabaya,Ollachea,4693.0,709.7345,6.6123,15.0398,84.9602,55.665,78.8416,22.473,65.353,35.0862,44.553477
200309,Puno,Carabaya,San Gabán,6544.0,745.2275,8.7812,13.2591,86.7409,100.0,73.8024,36.5287,39.3004,55.8454,37.092151
200310,Puno,Carabaya,Usicayos,2708.0,656.0283,4.1279,4.5287,95.4713,58.8634,92.1725,25.8525,54.226,42.7277,48.14547
200401,Puno,Chucuito,Juli,17538.0,772.2886,22.7091,6.874,93.126,58.7923,88.1664,24.4475,68.9425,54.1822,39.666340999999996
200402,Puno,Chucuito,Desaguadero,8932.0,174.5636,51.1676,10.491,89.509,38.3332,78.449,33.1026,35.0838,58.9346,50.694041
200403,Puno,Chucuito,Huacullani,3997.0,627.2609,6.3721,5.325,94.675,73.303,79.7804,17.6349,70.813,58.4031,52.319025999999994
200412,Puno,Chucuito,Kelluyo,4482.0,492.0021,9.1097,3.9795,96.0205,100.0,82.9243,18.7015,52.9676,59.418,43.306796
200406,Puno,Chucuito,Pisacoma,2330.0,956.4158,2.4362,6.3625,93.6375,100.0,92.1727,15.6432,51.4289,57.6415,47.907451
200407,Puno,Chucuito,Pomata,11842.0,401.0084,29.5306,5.8884,94.1116,79.288,70.5213,15.8399,63.2596,45.416,48.43194100000001
200410,Puno,Chucuito,Zepita,13509.0,523.1398,25.8229,4.0556,95.9444,86.9691,92.4584,24.9569,69.9746,46.451,57.952966
201201,Puno,El Collao,Ilave,38577.0,890.1797,43.3362,5.1903,94.8097,52.5447,87.3094,20.964,57.534,55.0196,40.509857
201204,Puno,El Collao,Capazo,736.0,1041.4,0.7067,9.1304,90.8696,100.0,94.0625,20.3911,72.3894,47.7666,46.302706
201202,Puno,El Collao,Pilcuyo,9032.0,152.4429,59.2484,4.3689,95.6311,100.0,77.6699,28.449,69.3028,43.9715,36.305581999999994
201203,Puno,El Collao,Santa Rosa,2899.0,2694.079,1.0761,7.9772,92.0228,100.0,91.0736,17.9354,71.805,44.7678,53.14545
201205,Puno,El Collao,Conduriri,2671.0,844.3876,3.1632,6.1247,93.8753,100.0,96.1404,18.6491,79.5176,45.1772,53.14545
200501,Puno,Huancané,Huancané,17965.0,386.9243,46.4303,5.3444,94.6556,58.8411,86.5032,25.4356,66.7218,51.0403,39.198705000000004
200502,Puno,Huancané,Cojata,3831.0,879.2487,4.3571,9.6309,90.3691,100.0,80.791,21.551,74.3358,44.5619,40.721501
200511,Puno,Huancané,Huatasani,2548.0,106.2202,23.9879,5.0083,94.9917,100.0,70.1603,20.0841,69.8021,52.3615,44.312121
200504,Puno,Huancané,Inchupalla,2853.0,296.5726,9.6199,3.6768,96.3232,100.0,92.8324,3.8523,87.2067,44.2706,38.55466
200506,Puno,Huancané,Pusi,4873.0,197.712,24.647,3.6415,96.3585,100.0,54.7154,18.8017,64.0875,38.4827,50.983847999999995
200507,Puno,Huancané,Rosaspata,4725.0,305.2474,15.4792,3.8628,96.1372,100.0,86.3929,24.4213,83.5499,41.0139,38.55466
200508,Puno,Huancané,Taraco,11524.0,196.3611,58.6878,5.36,94.64,100.0,63.2479,23.7166,57.2576,48.7495,50.112702999999996
200509,Puno,Huancané,Vilque Chico,9054.0,508.1729,17.8168,4.2326,95.7674,100.0,88.6792,26.2195,74.1783,37.317,40.011771
200601,Puno,Lampa,Lampa,10217.0,660.4038,15.4708,7.2271,92.7729,49.5895,95.5501,37.0701,67.8833,53.9238,53.628814000000006
200602,Puno,Lampa,Cabanilla,5154.0,384.6462,13.3993,6.9027,93.0973,100.0,93.9516,18.2485,58.9873,50.1866,45.256903
200603,Puno,Lampa,Calapuja,2433.0,137.894,17.644,12.9304,87.0696,100.0,93.6073,31.2281,63.5331,40.6836,53.484382
200604,Puno,Lampa,Nicasio,2640.0,133.1358,19.8294,8.9419,91.0581,100.0,97.7528,19.5088,64.5763,53.1139,38.30581
200605,Puno,Lampa,Ocuviri,1901.0,879.7517,2.1608,9.596,90.404,100.0,84.5528,37.6735,50.3353,54.2578,31.737680000000005
200606,Puno,Lampa,Palca,1996.0,494.8447,4.0336,9.7289,90.2711,100.0,90.3553,26.5945,82.4436,51.5398,38.30581
200607,Puno,Lampa,Paratia,2177.0,747.3334,2.913,6.4424,93.5576,100.0,87.7751,21.0987,67.4597,50.8475,31.737680000000005
200608,Puno,Lampa,Pucará,5188.0,525.0925,9.8802,8.4562,91.5438,58.9144,83.1437,27.2524,69.9585,46.574,55.467085999999995
200609,Puno,Lampa,Santa Lucia,5906.0,1589.2947,3.7161,11.1365,88.8635,23.1218,82.5189,27.6918,50.5692,49.608,47.675876
200610,Puno,Lampa,Vilavila,896.0,161.1543,5.5599,11.1278,88.8722,100.0,98.8024,19.1203,71.2084,55.9483,50.84420299999999
200701,Puno,Melgar,Ayaviri,19047.0,1016.9295,18.7299,7.6673,92.3327,10.6044,91.0902,33.242,56.3512,60.1703,32.781608999999996
200702,Puno,Melgar,Antauta,5896.0,654.8443,9.0037,6.9796,93.0204,32.4128,87.4109,37.8351,44.7098,59.793,40.676865
200703,Puno,Melgar,Cupi,1842.0,216.6162,8.5035,8.8511,91.1489,100.0,93.1034,26.776,79.1037,54.2194,42.33295
200704,Puno,Melgar,Llalli,2401.0,228.8549,10.4914,6.1505,93.8495,100.0,85.4839,23.4254,77.9621,46.3093,42.33295
200705,Puno,Melgar,Macari,5864.0,691.3446,8.482,4.5749,95.4251,53.5051,88.1172,21.4052,80.855,50.5718,55.69680700000001
200706,Puno,Melgar,Nuñoa,7312.0,2201.0282,3.3221,6.2488,93.7512,45.0769,93.847,19.2416,81.2189,42.8412,48.306791999999994
200707,Puno,Melgar,Orurillo,6585.0,397.2259,16.5775,4.0083,95.9917,100.0,82.4589,10.7632,83.989,44.9002,53.241338
200708,Puno,Melgar,Santa Rosa,4902.0,803.6966,6.0993,7.9807,92.0193,50.4115,91.1765,21.2433,74.1972,49.193,44.967778
200709,Puno,Melgar,Umachiri,3216.0,331.7355,9.6945,7.0108,92.9892,100.0,87.0544,43.8847,61.1953,52.1701,23.676939
201301,Puno,Moho,Moho,13435.0,504.565,26.6269,5.5792,94.4208,71.7225,90.3554,29.8628,73.4416,40.3234,48.083311
201302,Puno,Moho,Conima,3593.0,67.4452,53.2729,4.5058,95.4942,100.0,72.997,28.662,64.9635,46.6146,39.87445
201304,Puno,Moho,Huayrapata,3408.0,402.991,8.4568,4.7898,95.2102,100.0,98.3718,29.4788,81.0563,37.1236,64.25959900000001
201303,Puno,Moho,Tilali,2874.0,51.9335,55.34,5.4835,94.5165,100.0,85.6275,17.5993,68.8385,43.7889,39.87445
201101,Puno,San Antonio De Putina,Putina,12382.0,1036.0347,11.9513,7.5589,92.4411,27.1606,87.1184,21.6312,56.2259,50.3085,47.526202
201104,Puno,San Antonio De Putina,Ananea,4583.0,964.852,4.75,8.3921,91.6079,10.3686,71.521,53.1894,28.038,64.8865,15.526519
201102,Puno,San Antonio De Putina,Pedro Vilca Apaza,1924.0,142.6952,13.4833,5.58,94.42,100.0,71.4286,10.2578,74.9083,47.8166,54.947264
201103,Puno,San Antonio De Putina,Quilcapuncu,4293.0,523.8374,8.1953,3.2384,96.7616,56.044,77.4538,14.2132,78.234,45.8156,53.814228
201105,Puno,San Antonio De Putina,Sina,1456.0,466.8986,3.1185,7.4447,92.5553,100.0,86.6337,33.7139,65.191,45.3035,51.51997499999999
200901,Puno,San Román,Juliaca,177242.0,394.478,449.3077,18.023,81.977,4.8018,89.4527,41.4575,28.8957,67.2492,21.666747
200902,Puno,San Román,Cabana,4337.0,193.0308,22.4679,6.5356,93.4644,100.0,91.6968,19.7363,58.4349,49.5043,45.196192
200903,Puno,San Román,Cabanillas,4041.0,1268.2024,3.1864,7.5949,92.4051,46.9674,90.2603,19.398,45.7193,54.46,35.482501
200904,Puno,San Román,Caracoto,11205.0,277.6178,40.3612,8.7798,91.2202,100.0,57.4074,23.5998,58.0229,44.0579,34.565636999999995
200905,Puno,San Román,San Miguel,32535.0,120.9396,269.0186,10.0329,89.9671,6.5575,85.7024,36.3721,32.3439,63.1776,24.372846000000003
200801,Puno,Sandia,Sandia,9061.0,700.8598,12.9284,11.8696,88.1304,61.0072,92.9356,34.971,78.5019,46.1249,34.291382999999996
200803,Puno,Sandia,Cuyocuyo,4906.0,511.6183,9.5892,5.5916,94.4084,100.0,73.9466,21.9961,76.8909,47.3432,36.09379
200804,Puno,Sandia,Limbani,3330.0,2392.3969,1.3919,18.7573,81.2427,100.0,78.9855,28.8817,60.7744,52.3826,45.41504
200806,Puno,Sandia,Patambuco,4001.0,471.654,8.4829,7.5785,92.4215,100.0,88.75,12.6525,88.6099,39.3237,51.650617
200805,Puno,Sandia,Phara,5368.0,432.4277,12.4136,23.1767,76.8233,100.0,31.8373,32.7292,66.0577,50.3088,31.63421
200807,Puno,Sandia,Quiaca,2209.0,412.9527,5.3493,7.6548,92.3452,100.0,73.4568,29.0161,55.9362,54.1056,45.41504
200808,Puno,Sandia,San Juan Del Oro,3532.0,201.7726,17.5049,12.0995,87.9005,100.0,90.47,47.2278,69.2473,57.5285,45.41504
200810,Puno,Sandia,Yanahuaya,2104.0,646.0137,3.2569,8.8258,91.1742,100.0,39.2962,53.3408,74.5351,54.0174,31.63421
200811,Puno,Sandia,Alto Inambari,5780.0,1360.4583,4.2486,8.2763,91.7237,100.0,86.6129,46.8264,72.0927,46.8031,36.502457
200812,Puno,Sandia,San Pedro De Putina Puncu,6656.0,5538.5938,1.2017,5.7818,94.2182,100.0,78.8235,56.3111,52.3235,56.6783,36.09379
201001,Puno,Yunguyo,Yunguyo,21458.0,174.7336,122.8041,6.7707,93.2293,52.0049,79.5557,25.8449,50.3121,48.3804,45.155801999999994
201003,Puno,Yunguyo,Anapia,1037.0,120.2664,8.6225,15.0485,84.9515,100.0,67.0792,61.6706,42.0314,47.0964,57.021176
201004,Puno,Yunguyo,Copani,4360.0,58.8922,74.0336,6.108,93.892,100.0,72.6051,6.8354,64.855,41.1161,44.15723
201005,Puno,Yunguyo,Cuturapi,1044.0,23.6672,44.1117,17.7542,82.2458,100.0,74.5527,12.5828,61.8898,43.0657,44.15723
201006,Puno,Yunguyo,Ollaraya,2308.0,27.0802,85.2283,14.0279,85.9721,100.0,92.2078,15.2964,51.0144,33.4968,42.53624
201007,Puno,Yunguyo,Tinicachi,635.0,4.0359,157.3379,10.452,89.548,100.0,84.3066,32.2974,48.7882,38.8528,42.53624
201002,Puno,Yunguyo,Unicachi,1032.0,7.7761,132.7143,18.6978,81.3022,100.0,99.4071,46.5875,60.8325,41.5774,42.550641
210101,San Martín,Moyobamba,Moyobamba,65068.0,2696.7984,24.1279,44.9614,55.0386,24.3708,90.6662,42.7856,55.0947,50.755,16.33963
210102,San Martín,Moyobamba,Calzada,4048.0,116.0083,34.8941,30.8284,69.1716,11.4775,90.8587,43.5953,56.3463,42.4661,16.33963
210103,San Martín,Moyobamba,Habana,2799.0,69.03,40.5476,35.299,64.701,100.0,100.0,40.6065,74.6269,39.5952,15.690846999999998
210104,San Martín,Moyobamba,Jepelacio,13577.0,385.6519,35.2053,38.1732,61.8268,57.6185,96.4209,36.4492,84.3858,31.1096,35.364601
210105,San Martín,Moyobamba,Soritor,20037.0,583.4983,34.3394,41.617,58.383,27.1823,96.5324,32.8776,76.3177,37.6537,33.547863
210106,San Martín,Moyobamba,Yantalo,3288.0,69.3736,47.3956,40.9754,59.0246,22.0244,61.8715,39.8528,75.8115,38.9302,16.33963
210701,San Martín,Bellavista,Bellavista,13964.0,259.3182,53.8489,39.9616,60.0384,4.1731,31.4143,40.5724,66.3668,50.2581,27.486044
210704,San Martín,Bellavista,Alto Biavo,9022.0,5959.1802,1.514,34.4947,65.5053,50.7658,93.8735,33.1105,81.3457,27.5136,39.551615
210706,San Martín,Bellavista,Bajo Biavo,11077.0,1122.2044,9.8708,29.0947,70.9053,82.1439,75.7709,35.585,79.7271,28.7582,20.055194000000004
210705,San Martín,Bellavista,Huallaga,2152.0,257.7181,8.3502,47.7102,52.2898,100.0,90.0568,24.084,80.1918,31.8539,27.622157
210703,San Martín,Bellavista,San Pablo,7401.0,347.9008,21.2733,33.3403,66.6597,26.3194,59.3936,36.8523,85.2199,34.6456,46.423032000000006
210702,San Martín,Bellavista,San Rafael,4905.0,107.1671,45.7696,40.1038,59.8962,12.8294,96.0452,39.4316,78.0043,41.7695,37.941755
211001,San Martín,El Dorado,San José De Sisa,12520.0,308.6562,40.5629,43.4092,56.5908,26.607,62.3105,41.1982,83.4552,31.0154,36.483045
211002,San Martín,El Dorado,Agua Blanca,2322.0,152.5016,15.2261,49.3088,50.6912,100.0,97.5045,38.2576,83.133,30.1767,24.533047
211004,San Martín,El Dorado,San Martín,8921.0,520.5259,17.1384,27.0378,72.9622,74.6913,90.87,32.75,84.34,26.7809,38.942088000000005
211005,San Martín,El Dorado,Santa Rosa,6155.0,249.4633,24.673,40.2385,59.7615,64.861,94.0587,34.6608,87.6816,29.9916,30.418051000000002
211003,San Martín,El Dorado,Shatoja,2560.0,61.8126,41.4155,34.4016,65.5984,100.0,90.1019,34.794,88.3822,30.0106,31.599978
210201,San Martín,Huallaga,Saposoa,12411.0,525.4924,23.6178,43.518,56.482,38.3996,98.9087,36.2979,75.0186,41.097,23.90382
210205,San Martín,Huallaga,Alto Saposoa,3586.0,1378.1221,2.6021,45.4313,54.5687,40.2594,92.2999,31.8193,82.6661,21.1722,23.90382
210206,San Martín,Huallaga,El Eslabón,2401.0,124.5494,19.2775,45.0179,54.9821,100.0,100.0,34.9474,79.3447,36.8553,19.27749
210202,San Martín,Huallaga,Piscoyacu,3591.0,179.6481,19.9891,35.2058,64.7942,48.8988,97.4389,37.038,79.5923,35.4042,18.76298
210203,San Martín,Huallaga,Sacanche,2592.0,161.8249,16.0173,33.4567,66.5433,100.0,99.1189,33.2587,69.7551,40.5198,19.27749
210204,San Martín,Huallaga,Tingo De Saposoa,754.0,46.7101,16.1421,40.1905,59.8095,100.0,98.3936,39.5349,73.7643,50.6596,11.743134999999999
210301,San Martín,Lamas,Lamas,12277.0,129.6247,94.7119,51.2382,48.7618,10.5194,96.794,41.935,69.8075,45.4835,22.055823
210315,San Martín,Lamas,Alonso De Alvarado,11912.0,296.3417,40.1968,38.4883,61.5117,52.6891,95.6245,34.4779,83.9697,30.8125,28.01036
210303,San Martín,Lamas,Barranquita,5853.0,1057.4218,5.5352,34.5164,65.4836,41.6239,60.9375,37.487,87.8675,29.0296,14.9795
210304,San Martín,Lamas,Caynarachi,8497.0,1271.5865,6.6822,49.4464,50.5536,38.6654,97.5214,38.1071,75.0576,32.7099,26.405209
210305,San Martín,Lamas,Cuñumbuqui,4089.0,182.0409,22.462,52.4238,47.5762,37.7764,79.1545,32.6201,78.9761,40.6201,14.9795
210306,San Martín,Lamas,Pinto Recodo,6973.0,559.1317,12.4711,37.9704,62.0296,72.5946,89.91,35.9521,85.4563,25.893,36.142043
210307,San Martín,Lamas,Rumisapa,3345.0,33.2401,100.6315,48.3256,51.6744,100.0,85.5435,37.5594,85.272,34.9785,21.979155000000002
210316,San Martín,Lamas,San Roque De Cumbaza,1517.0,652.221,2.3259,30.746,69.254,100.0,72.3404,38.1507,90.8869,26.1326,30.855490000000003
210311,San Martín,Lamas,Shanao,2877.0,24.2885,118.4511,51.902,48.098,100.0,79.2453,43.0478,90.1772,30.4302,30.855490000000003
210313,San Martín,Lamas,Tabalosos,11194.0,362.0521,30.9182,49.1324,50.8676,29.1303,65.1911,33.3226,85.4745,32.456,44.644087
210314,San Martín,Lamas,Zapatero,5020.0,174.3989,28.7846,46.5753,53.4247,58.2112,98.0861,40.26,88.2588,29.3296,28.01036
210401,San Martín,Mariscal Cáceres,Juanjui,25658.0,447.7575,57.3033,53.0587,46.9413,9.7953,95.5981,39.8537,61.0837,54.5294,19.775113
210402,San Martín,Mariscal Cáceres,Campanilla,10892.0,1809.3435,6.0199,24.5378,75.4622,70.8461,88.4416,36.0444,72.9949,31.2816,23.663727
210403,San Martín,Mariscal Cáceres,Huicungo,7279.0,9742.8872,0.7471,36.9997,63.0003,45.7603,83.8959,32.8585,79.3441,33.9962,32.8984
210404,San Martín,Mariscal Cáceres,Pachiza,5383.0,1799.7435,2.991,44.3787,55.6213,39.7077,87.234,33.5888,75.0653,29.974,32.8984
210405,San Martín,Mariscal Cáceres,Pajarillo,5329.0,453.2299,11.7578,40.5277,59.4723,100.0,75.1168,37.0059,74.5557,33.6329,28.645142999999997
210901,San Martín,Picota,Picota,7986.0,217.2485,36.7597,48.1788,51.8212,9.4188,78.133,40.9264,65.4219,50.3795,24.70802
210902,San Martín,Picota,Buenos Aires,3331.0,311.2746,10.7012,52.704,47.296,100.0,58.3893,38.5898,80.0274,33.6229,29.361226000000002
210903,San Martín,Picota,Caspisapa,1936.0,76.0756,25.4484,48.6672,51.3328,100.0,13.3455,32.1225,76.1994,47.5238,18.07443
210904,San Martín,Picota,Pilluana,1032.0,68.3617,15.0962,50.0832,49.9168,100.0,97.7444,30.1527,83.5838,45.5314,23.910286
210905,San Martín,Picota,Pucacaca,3344.0,202.9545,16.4766,54.9212,45.0788,6.2269,15.4066,37.2388,72.9721,45.2891,16.425664
210906,San Martín,Picota,San Cristóbal,1209.0,30.0338,40.2546,45.6683,54.3317,100.0,10.0746,35.3383,80.7047,41.7937,18.07443
210907,San Martín,Picota,San Hilarión,3304.0,104.0422,31.7563,46.6319,53.3681,27.8327,28.5714,36.3559,72.3194,45.6269,24.70802
210910,San Martín,Picota,Shamboyacu,7030.0,392.5889,17.9068,39.9536,60.0464,68.4709,74.2662,32.59,78.2441,24.002,49.681894
210908,San Martín,Picota,Tingo De Ponasa,3948.0,335.2829,11.7751,45.2132,54.7868,34.6491,91.3282,37.0126,82.0433,36.2347,42.391529
210909,San Martín,Picota,Tres Unidos,3873.0,370.5608,10.4517,35.3975,64.6025,100.0,91.8919,30.4681,80.4834,30.9614,38.180087
210501,San Martín,Rioja,Rioja,21676.0,208.8754,103.7748,40.7219,59.2781,7.582,92.2865,42.8559,56.7807,53.067,17.096746
210509,San Martín,Rioja,Awajun,8872.0,506.2174,17.5261,34.5535,65.4465,61.5055,89.1319,26.2022,74.5688,32.4082,31.355645000000003
210506,San Martín,Rioja,Elias Soplin Vargas,16607.0,169.5147,97.9679,39.4023,60.5977,15.7239,91.9546,28.5594,76.0433,33.8051,43.566699
210505,San Martín,Rioja,Nueva Cajamarca,38129.0,334.0975,114.1254,41.6381,58.3619,15.5902,85.1325,37.136,68.141,43.3207,28.414229999999996
210508,San Martín,Rioja,Pardo Miguel,14992.0,1165.6896,12.8611,39.0227,60.9773,41.2871,86.4746,32.1469,75.8707,34.2614,36.606849000000004
210502,San Martín,Rioja,Posic,2303.0,52.579,43.8008,26.3122,73.6878,100.0,97.0588,33.0559,78.1657,32.4902,30.87782
210507,San Martín,Rioja,San Fernando,2768.0,69.0502,40.0868,29.5263,70.4737,36.3317,69.2547,31.4821,78.4647,37.7611,15.617834000000002
210503,San Martín,Rioja,Yorongos,2595.0,81.8254,31.7139,26.4651,73.5349,100.0,61.0619,35.7208,82.9926,35.8941,30.87782
210504,San Martín,Rioja,Yuracyacu,3421.0,61.9923,55.1843,36.2671,63.7329,10.5428,99.0557,39.8964,76.2526,41.2317,28.414229999999996
210601,San Martín,San Martín,Tarapoto,66175.0,58.4386,1132.3851,57.884,42.116,0.7777,93.5725,48.2911,37.168,70.2786,6.9122
210602,San Martín,San Martín,Alberto Leveau,1254.0,51.7198,24.246,51.5419,48.4581,100.0,97.4026,38.5117,81.3317,44.0447,20.13965
210604,San Martín,San Martín,Cacatachi,3490.0,52.5014,66.4744,39.4602,60.5398,16.232,97.0067,38.4872,66.2042,51.3561,22.05547
210606,San Martín,San Martín,Chazuta,8419.0,952.243,8.8412,38.7116,61.2884,33.0736,84.3114,27.4901,87.0801,32.4643,55.390811
210607,San Martín,San Martín,Chipurana,1975.0,306.2283,6.4494,32.7273,67.2727,100.0,75.2137,26.0937,87.8168,32.4988,36.80279
210608,San Martín,San Martín,El Porvenir,2871.0,489.4763,5.8655,34.4086,65.5914,100.0,97.0944,36.8841,79.6165,36.7979,36.80279
210609,San Martín,San Martín,Huimbayoc,3980.0,1713.8062,2.3223,38.5707,61.4293,52.6432,77.8267,20.5264,86.4523,29.4919,47.299215
210610,San Martín,San Martín,Juan Guerra,3672.0,192.0645,19.1186,44.307,55.693,4.1464,67.6877,40.524,60.2252,55.4094,22.05547
210621,San Martín,San Martín,La Banda De Shilcayo,35558.0,267.5276,132.9134,54.2545,45.7455,8.8015,86.0896,41.7646,53.8005,60.5677,15.491806
210611,San Martín,San Martín,Morales,26050.0,50.6426,514.3891,53.7542,46.2458,7.134,95.9712,45.0323,45.0872,66.1945,6.439382999999999
210612,San Martín,San Martín,Papaplaya,2182.0,990.4312,2.2031,32.6241,67.3759,100.0,92.8,25.2347,86.2518,32.5013,36.80279
210616,San Martín,San Martín,San Antonio,1852.0,78.2985,23.6531,50.0855,49.9145,100.0,61.5217,36.4407,76.4636,47.0588,20.13965
210619,San Martín,San Martín,Sauce,5966.0,100.833,59.1671,56.0845,43.9155,20.8591,94.0614,40.1535,79.2923,41.0853,36.312002
210620,San Martín,San Martín,Shapaja,2170.0,237.3695,9.1419,41.7262,58.2738,100.0,85.4978,27.7061,78.281,46.9919,16.601613
210801,San Martín,Tocache,Tocache,25863.0,1110.5555,23.2883,40.6393,59.3607,30.4059,69.0135,40.5047,62.4092,51.4704,15.923006
210802,San Martín,Tocache,Nuevo Progreso,9810.0,826.1421,11.8745,33.6096,66.3904,59.6543,93.4862,35.0742,55.4818,42.8452,26.37225
210803,San Martín,Tocache,Pólvora,9475.0,2263.182,4.1866,26.8966,73.1034,70.4598,82.6211,40.3399,72.6329,42.7631,26.37225
210804,San Martín,Tocache,Shunte,3308.0,1060.2509,3.12,26.6153,73.3847,100.0,93.2367,29.0096,83.0418,35.2941,33.026907
210805,San Martín,Tocache,Uchiza,14224.0,767.8376,18.5248,26.6229,73.3771,38.6272,92.3866,37.5923,53.1788,52.8523,19.651139999999998
220101,Tacna,Tacna,Tacna,94133.0,1911.4128,49.2479,39.823,60.177,0.6335,95.1189,49.6462,20.191,76.3384,7.691273999999999
220111,Tacna,Tacna,Alto De La Alianza,27625.0,374.0541,73.853,22.0578,77.9422,0.3024,88.2337,49.2535,29.2446,70.0354,15.074157
220102,Tacna,Tacna,Calana,4516.0,110.0096,41.051,19.5724,80.4276,100.0,67.0918,53.116,30.95,70.1085,7.304348
220112,Tacna,Tacna,Ciudad Nueva,28077.0,178.3739,157.4053,16.1335,83.8665,0.2793,92.9216,44.3346,38.6525,65.6562,20.479559000000002
220104,Tacna,Tacna,Inclán,2481.0,1434.3854,1.7297,17.1383,82.8617,100.0,90.2913,49.1532,57.4436,59.2696,15.01173
220107,Tacna,Tacna,Pachia,2655.0,611.321,4.3431,22.0413,77.9587,100.0,87.055,44.3986,46.2173,63.2449,15.01173
220108,Tacna,Tacna,Palca,1690.0,1452.9951,1.1631,13.9286,86.0714,100.0,81.2121,67.037,36.7172,69.8133,34.195333
220109,Tacna,Tacna,Pocollay,18474.0,269.1512,68.638,31.5295,68.4705,3.3285,95.0154,47.0764,31.2772,73.0167,13.404542
220110,Tacna,Tacna,Sama,3479.0,1134.3434,3.067,24.4997,75.5003,18.3452,92.4855,54.4279,37.3102,63.651,10.643201
220113,Tacna,Tacna,Crnel.Gregorio Albarracín Lanchipa,85228.0,187.3436,454.9288,23.7322,76.2678,0.2735,92.1542,46.255,35.2554,68.6277,18.736677
220114,Tacna,Tacna,La Yarada Los Palos,8182.0,538.6258,15.1905,11.9349,88.0651,100.0,26.5766,48.7355,56.9167,55.972,15.01173
220401,Tacna,Candarave,Candarave,2050.0,1381.4689,1.4839,9.973,90.027,100.0,87.9756,38.7213,69.1164,48.0474,30.362608
220402,Tacna,Candarave,Cairani,1020.0,176.3168,5.785,8.6626,91.3374,100.0,100.0,50.2137,67.2065,48.5923,25.029749000000002
220406,Tacna,Candarave,Camilaca,1347.0,493.2015,2.7311,6.7204,93.2796,100.0,89.6552,36.6913,29.007,47.1171,23.62097
220403,Tacna,Candarave,Curibaya,375.0,112.0994,3.3452,20.4255,79.5745,100.0,100.0,57.1031,42.9708,71.6621,16.581602000000004
220404,Tacna,Candarave,Huanuara,866.0,90.9719,9.5194,14.7392,85.2608,100.0,92.3077,47.3251,70.8738,48.1038,23.62097
220405,Tacna,Candarave,Quilahuani,874.0,55.1231,15.8554,5.6838,94.3162,100.0,100.0,39.9703,66.3889,51.2894,31.511674000000003
220301,Tacna,Jorge Basadre,Locumba,2582.0,845.8879,3.0524,17.5428,82.4572,100.0,55.3219,49.3958,33.7766,61.4206,13.058077
220303,Tacna,Jorge Basadre,Ilabaya,5737.0,1057.8034,5.4235,17.5097,82.4903,10.2546,96.9979,62.8152,10.4302,74.6026,5.539456999999999
220302,Tacna,Jorge Basadre,Ite,3336.0,825.1284,4.043,17.2065,82.7935,100.0,73.3333,53.3308,33.983,72.6239,6.952335
220201,Tacna,Tarata,Tarata,2613.0,880.0463,2.9692,9.7229,90.2771,23.0643,93.8596,38.2207,62.9599,61.3371,36.587575
220205,Tacna,Tarata,Héroes Albarracín,1232.0,378.0453,3.2589,22.9064,77.0936,100.0,100.0,31.5068,72.2222,52.6667,27.586057000000004
220206,Tacna,Tarata,Estique,591.0,294.9181,2.0039,14.5161,85.4839,100.0,100.0,66.3755,65.0,44.4444,23.37961
220207,Tacna,Tarata,Estique-Pampa,520.0,147.6872,3.521,18.3486,81.6514,100.0,100.0,63.4615,61.1111,56.3291,23.37961
220210,Tacna,Tarata,Sitajara,593.0,232.8472,2.5467,18.41,81.59,100.0,78.0347,50.8824,56.0,47.6608,26.39149
220211,Tacna,Tarata,Susapaya,616.0,359.1391,1.7152,16.1593,83.8407,100.0,65.6051,45.4183,69.6911,42.9412,27.508998999999996
220212,Tacna,Tarata,Tarucachi,876.0,106.7908,8.203,20.3863,79.6137,100.0,56.6176,32.6241,61.3559,52.9617,26.39149
220213,Tacna,Tarata,Ticaco,847.0,355.4615,2.3828,15.7895,84.2105,100.0,88.5246,43.8306,67.642,43.0108,28.908203999999998
230101,Tumbes,Tumbes,Tumbes,81373.0,151.4405,537.3265,65.0762,34.9238,1.3293,83.605,40.4552,52.8688,64.9651,8.706752
230102,Tumbes,Tumbes,Corrales,18369.0,128.2627,143.2139,54.5261,45.4739,3.7194,28.7894,37.0653,62.3388,58.4932,14.75996
230103,Tumbes,Tumbes,La Cruz,7326.0,64.4978,113.5853,62.9577,37.0423,5.1751,8.3996,38.6645,58.5884,59.4944,11.23351
230104,Tumbes,Tumbes,Pampas De Hospital,6138.0,725.7903,8.457,64.9677,35.0323,45.5262,48.6596,37.8693,70.4667,54.6184,10.641895
230105,Tumbes,Tumbes,San Jacinto,7599.0,585.8661,12.9705,59.4703,40.5297,16.6471,67.5175,38.3824,67.3285,57.1799,11.23351
230106,Tumbes,Tumbes,San Juan De La Virgen,4157.0,115.1323,36.1063,65.4088,34.5912,1.8373,77.2771,38.8326,65.3325,55.8102,14.75996
230201,Tumbes,Contralmirante Villar,Zorritos,9370.0,647.3527,14.4743,73.3157,26.6843,3.7022,11.7407,39.2934,60.755,61.6246,9.673359999999999
230202,Tumbes,Contralmirante Villar,Casitas,2980.0,855.5308,3.4832,64.249,35.751,100.0,3.7767,35.3726,69.2766,49.6234,19.835147
230203,Tumbes,Contralmirante Villar,Canoas De Punta Sal,4750.0,623.719,7.6156,76.5713,23.4287,17.2348,19.9657,41.8378,51.4205,50.4976,9.505453
230301,Tumbes,Zarumilla,Zarumilla,16377.0,112.313,145.8157,75.9236,24.0764,1.6853,69.2095,39.1524,59.4875,60.5755,9.250234
230304,Tumbes,Zarumilla,Aguas Verdes,14141.0,47.5094,297.6464,75.8865,24.1135,1.5778,23.6701,41.735,67.4997,51.9728,9.250234
230302,Tumbes,Zarumilla,Matapalo,3320.0,389.7876,8.5175,39.2352,60.7648,15.986,54.717,36.5142,78.1214,42.8976,9.073259
230303,Tumbes,Zarumilla,Papayal,5417.0,202.4246,26.7606,72.8348,27.1652,30.2518,81.6789,37.3464,75.9962,52.702,11.016593
250101,Ucayali,Coronel Portillo,Callería,139713.0,11652.6263,11.9898,58.0047,41.9953,3.8614,93.9571,40.798,45.7503,63.4554,6.2298480000000005
250104,Ucayali,Coronel Portillo,Campoverde,16163.0,1325.6682,12.1923,44.2283,55.7717,59.929,83.4446,34.924,66.2868,45.549,11.64564
250105,Ucayali,Coronel Portillo,Iparia,11315.0,7372.347,1.5348,21.7297,78.2703,100.0,91.0156,15.3092,83.627,34.9691,33.710485000000006
250103,Ucayali,Coronel Portillo,Masisea,12058.0,14707.6849,0.8198,34.9244,65.0756,69.4357,87.6636,25.7633,70.584,34.2703,32.76884
250102,Ucayali,Coronel Portillo,Yarinacocha,83908.0,661.6547,126.8154,55.7788,44.2212,4.6728,95.4938,36.3817,53.008,61.3597,7.864359
250106,Ucayali,Coronel Portillo,Nueva Requena,6861.0,2061.5804,3.328,37.9863,62.0137,51.8476,96.2771,36.4043,74.173,40.101,11.64564
250107,Ucayali,Coronel Portillo,Manantay,69285.0,644.8576,107.4423,56.8373,43.1627,2.2679,95.3978,35.3183,56.5004,55.2596,10.445377
250301,Ucayali,Atalaya,Raymondi,30955.0,14539.1068,2.1291,54.0529,45.9471,53.5276,88.8449,32.1966,66.7561,35.8196,31.82103
250304,Ucayali,Atalaya,Sepahua,6391.0,7731.9801,0.8266,65.5725,34.4275,53.5988,60.989,21.4348,78.0015,43.9693,31.82103
250302,Ucayali,Atalaya,Tahuania,9087.0,7674.688,1.184,38.57,61.43,73.923,88.7363,23.2043,74.7217,27.1094,29.567845
250303,Ucayali,Atalaya,Yurua,1689.0,9026.9419,0.1871,76.9063,23.0937,100.0,88.0,15.7831,89.9747,23.3352,52.637208
250201,Ucayali,Padre Abad,Padre Abad,21858.0,4716.0292,4.6348,27.9074,72.0926,21.7323,84.0526,39.9295,63.4952,47.147,9.408905
250202,Ucayali,Padre Abad,Irazola,11702.0,1877.1429,6.2339,32.9308,67.0692,36.822,41.5072,36.9762,69.6985,37.8718,12.899559999999997
250203,Ucayali,Padre Abad,Curimaná,10027.0,1878.7667,5.337,36.6416,63.3584,53.4059,83.3597,38.5046,58.7283,38.9509,9.014545000000002
250204,Ucayali,Padre Abad,Neshuya,7686.0,624.1343,12.3147,36.4479,63.5521,51.0008,93.9909,40.2042,66.118,45.6128,11.946856999999998
250205,Ucayali,Padre Abad,Alexander Von Humboldt,4806.0,205.172,23.4242,25.0797,74.9203,24.9757,93.8078,38.1389,51.9953,43.868,12.899559999999997
250401,Ucayali,Purús,Purús,3461.0,18421.8711,0.1879,74.0689,25.9311,100.0,100.0,23.3735,75.6643,43.506,31.928337999999997
