camara,num,proyecto,fecha,congresista_id,nombre,rol,sexo
diputados,553,00553-2026-2031-CD,2026-10-07,198,"Lavado Valdivia, Marino Teófilo",autor,M
diputados,553,00553-2026-2031-CD,2026-10-07,185,"Gonzales Delgado, Gabriel Robertino",coautor,M
diputados,553,00553-2026-2031-CD,2026-10-07,218,"Palomino Casavilca, Catherin Norma",coautor,F
diputados,553,00553-2026-2031-CD,2026-10-07,225,"Pérez Alccahuaman, Jesús",coautor,M
diputados,553,00553-2026-2031-CD,2026-10-07,223,"Peña Córdova, Olver",coautor,M
diputados,552,00552-2026-2031-CD,2026-10-07,261,"Zunini Yerren, Ernesto Alonzo",autor,M
diputados,552,00552-2026-2031-CD,2026-10-07,196,"Jibaja Ramos, Luis Ángel",coautor,M
diputados,552,00552-2026-2031-CD,2026-10-07,255,"Villanueva Calderón, Juan Amílcar",coautor,M
diputados,552,00552-2026-2031-CD,2026-10-07,188,"Guillén Valencia, Héctor",coautor,M
diputados,552,00552-2026-2031-CD,2026-10-07,166,"Chipana Condori, Graciela",coautor,F
diputados,552,00552-2026-2031-CD,2026-10-07,223,"Peña Córdova, Olver",coautor,M
diputados,552,00552-2026-2031-CD,2026-10-07,185,"Gonzales Delgado, Gabriel Robertino",coautor,M
diputados,552,00552-2026-2031-CD,2026-10-07,158,"Cahuaza Mitivire, Oswar Elbis",coautor,M
diputados,552,00552-2026-2031-CD,2026-10-07,243,"Soto Ferrari, Luz Mérida",coautor,F
diputados,551,00551-2026-2031-CD,2026-10-07,261,"Zunini Yerren, Ernesto Alonzo",autor,M
diputados,551,00551-2026-2031-CD,2026-10-07,243,"Soto Ferrari, Luz Mérida",coautor,F
diputados,551,00551-2026-2031-CD,2026-10-07,196,"Jibaja Ramos, Luis Ángel",coautor,M
diputados,551,00551-2026-2031-CD,2026-10-07,255,"Villanueva Calderón, Juan Amílcar",coautor,M
diputados,551,00551-2026-2031-CD,2026-10-07,188,"Guillén Valencia, Héctor",coautor,M
diputados,551,00551-2026-2031-CD,2026-10-07,185,"Gonzales Delgado, Gabriel Robertino",coautor,M
diputados,551,00551-2026-2031-CD,2026-10-07,158,"Cahuaza Mitivire, Oswar Elbis",coautor,M
diputados,551,00551-2026-2031-CD,2026-10-07,223,"Peña Córdova, Olver",coautor,M
diputados,551,00551-2026-2031-CD,2026-10-07,166,"Chipana Condori, Graciela",coautor,F
diputados,550,00550-2026-2031-CD,2026-10-07,261,"Zunini Yerren, Ernesto Alonzo",autor,M
diputados,550,00550-2026-2031-CD,2026-10-07,243,"Soto Ferrari, Luz Mérida",coautor,F
diputados,550,00550-2026-2031-CD,2026-10-07,196,"Jibaja Ramos, Luis Ángel",coautor,M
diputados,550,00550-2026-2031-CD,2026-10-07,255,"Villanueva Calderón, Juan Amílcar",coautor,M
diputados,550,00550-2026-2031-CD,2026-10-07,158,"Cahuaza Mitivire, Oswar Elbis",coautor,M
diputados,550,00550-2026-2031-CD,2026-10-07,188,"Guillén Valencia, Héctor",coautor,M
diputados,550,00550-2026-2031-CD,2026-10-07,185,"Gonzales Delgado, Gabriel Robertino",coautor,M
diputados,550,00550-2026-2031-CD,2026-10-07,223,"Peña Córdova, Olver",coautor,M
diputados,550,00550-2026-2031-CD,2026-10-07,166,"Chipana Condori, Graciela",coautor,F
diputados,549,00549-2026-2031-CD,2026-10-07,261,"Zunini Yerren, Ernesto Alonzo",autor,M
diputados,549,00549-2026-2031-CD,2026-10-07,255,"Villanueva Calderón, Juan Amílcar",coautor,M
diputados,549,00549-2026-2031-CD,2026-10-07,196,"Jibaja Ramos, Luis Ángel",coautor,M
diputados,549,00549-2026-2031-CD,2026-10-07,243,"Soto Ferrari, Luz Mérida",coautor,F
diputados,549,00549-2026-2031-CD,2026-10-07,158,"Cahuaza Mitivire, Oswar Elbis",coautor,M
diputados,549,00549-2026-2031-CD,2026-10-07,230,"Poma Huamani, Haydee Celinda",coautor,F
diputados,549,00549-2026-2031-CD,2026-10-07,188,"Guillén Valencia, Héctor",coautor,M
diputados,549,00549-2026-2031-CD,2026-10-07,223,"Peña Córdova, Olver",coautor,M
diputados,549,00549-2026-2031-CD,2026-10-07,185,"Gonzales Delgado, Gabriel Robertino",coautor,M
diputados,549,00549-2026-2031-CD,2026-10-07,166,"Chipana Condori, Graciela",coautor,F
diputados,548,00548-2026-2031-CD,2026-10-07,148,"Aranda Vásquez, Christian",autor,M
diputados,548,00548-2026-2031-CD,2026-10-07,236,"Rocha Gallegos, Roxana María",coautor,F
diputados,548,00548-2026-2031-CD,2026-10-07,171,"De Paz Lancho, Leo Miguel",coautor,M
diputados,548,00548-2026-2031-CD,2026-10-07,206,"Martínez Paitan, Paola Isabel",coautor,F
diputados,548,00548-2026-2031-CD,2026-10-07,197,"Krklec Torres, Frank",coautor,M
diputados,546,00546-2026-2031-CD,2026-10-07,213,"Muedas Balbiese, César Augusto",autor,M
diputados,546,00546-2026-2031-CD,2026-10-07,192,"Holguín Loaiza, César Augusto",coautor,M
diputados,546,00546-2026-2031-CD,2026-10-07,149,"Arminta Valencia, Marleny Bibiana",coautor,F
diputados,546,00546-2026-2031-CD,2026-10-07,168,"Colchado Huamani, Harvey Julio",coautor,M
diputados,546,00546-2026-2031-CD,2026-10-07,156,"Buitrón Martínez, Freshman",coautor,M
diputados,545,00545-2026-2031-CD,2026-10-07,213,"Muedas Balbiese, César Augusto",autor,M
diputados,545,00545-2026-2031-CD,2026-10-07,192,"Holguín Loaiza, César Augusto",coautor,M
diputados,545,00545-2026-2031-CD,2026-10-07,210,"Meneses Crispin, Ángel Renato",coautor,M
diputados,545,00545-2026-2031-CD,2026-10-07,156,"Buitrón Martínez, Freshman",coautor,M
diputados,545,00545-2026-2031-CD,2026-10-07,204,"Marcelo Salazar, José Miguel",coautor,M
diputados,544,00544-2026-2031-CD,2026-10-07,179,"Fernandez Nina, Nery Rodolfo",autor,M
diputados,544,00544-2026-2031-CD,2026-10-07,175,"Espinoza Huillca, Edwin",coautor,M
diputados,544,00544-2026-2031-CD,2026-10-07,143,"Alayza Maccera, Rossana Herminia",coautor,F
diputados,544,00544-2026-2031-CD,2026-10-07,250,"Uribe Sáenz, Romina Alejandra",coautor,F
diputados,544,00544-2026-2031-CD,2026-10-07,233,"Quispe Candia, Luis Eliseo",coautor,M
diputados,543,00543-2026-2031-CD,2026-10-07,179,"Fernandez Nina, Nery Rodolfo",autor,M
diputados,543,00543-2026-2031-CD,2026-10-07,143,"Alayza Maccera, Rossana Herminia",coautor,F
diputados,543,00543-2026-2031-CD,2026-10-07,183,"García Huby, Fernando Alberto",coautor,M
diputados,543,00543-2026-2031-CD,2026-10-07,174,"Duarte Patiño de Pezet, Carmen Georgina",coautor,F
diputados,543,00543-2026-2031-CD,2026-10-07,175,"Espinoza Huillca, Edwin",coautor,M
diputados,543,00543-2026-2031-CD,2026-10-07,160,"Castrejon Fernandez, Segundo Juan",coautor,M
diputados,543,00543-2026-2031-CD,2026-10-07,250,"Uribe Sáenz, Romina Alejandra",coautor,F
diputados,542,00542-2026-2031-CD,2026-10-07,261,"Zunini Yerren, Ernesto Alonzo",autor,M
diputados,542,00542-2026-2031-CD,2026-10-07,230,"Poma Huamani, Haydee Celinda",coautor,F
diputados,542,00542-2026-2031-CD,2026-10-07,255,"Villanueva Calderón, Juan Amílcar",coautor,M
diputados,542,00542-2026-2031-CD,2026-10-07,158,"Cahuaza Mitivire, Oswar Elbis",coautor,M
diputados,542,00542-2026-2031-CD,2026-10-07,196,"Jibaja Ramos, Luis Ángel",coautor,M
diputados,542,00542-2026-2031-CD,2026-10-07,188,"Guillén Valencia, Héctor",coautor,M
diputados,542,00542-2026-2031-CD,2026-10-07,223,"Peña Córdova, Olver",coautor,M
diputados,542,00542-2026-2031-CD,2026-10-07,185,"Gonzales Delgado, Gabriel Robertino",coautor,M
diputados,542,00542-2026-2031-CD,2026-10-07,166,"Chipana Condori, Graciela",coautor,F
diputados,542,00542-2026-2031-CD,2026-10-07,228,"Piñán Mamani, Víctor Eduardo",coautor,M
diputados,542,00542-2026-2031-CD,2026-10-07,192,"Holguín Loaiza, César Augusto",coautor,M
diputados,542,00542-2026-2031-CD,2026-10-07,179,"Fernandez Nina, Nery Rodolfo",coautor,M
diputados,542,00542-2026-2031-CD,2026-10-07,243,"Soto Ferrari, Luz Mérida",coautor,F
diputados,541,00541-2026-2031-CD,2026-10-06,168,"Colchado Huamani, Harvey Julio",autor,M
diputados,541,00541-2026-2031-CD,2026-10-06,203,"Manrique Olivera, Bernardino Jair",coautor,M
diputados,541,00541-2026-2031-CD,2026-10-06,213,"Muedas Balbiese, César Augusto",coautor,M
diputados,541,00541-2026-2031-CD,2026-10-06,242,"Sonco Villanueva, Helard Bladimir",coautor,M
diputados,541,00541-2026-2031-CD,2026-10-06,194,"Huilca Flores, Indira Isabel",coautor,F
diputados,541,00541-2026-2031-CD,2026-10-06,156,"Buitrón Martínez, Freshman",coautor,M
diputados,541,00541-2026-2031-CD,2026-10-06,210,"Meneses Crispin, Ángel Renato",coautor,M
diputados,541,00541-2026-2031-CD,2026-10-06,204,"Marcelo Salazar, José Miguel",coautor,M
diputados,541,00541-2026-2031-CD,2026-10-06,192,"Holguín Loaiza, César Augusto",coautor,M
diputados,540,00540-2026-2031-CD,2026-10-06,168,"Colchado Huamani, Harvey Julio",autor,M
diputados,540,00540-2026-2031-CD,2026-10-06,194,"Huilca Flores, Indira Isabel",coautor,F
diputados,540,00540-2026-2031-CD,2026-10-06,192,"Holguín Loaiza, César Augusto",coautor,M
diputados,540,00540-2026-2031-CD,2026-10-06,204,"Marcelo Salazar, José Miguel",coautor,M
diputados,540,00540-2026-2031-CD,2026-10-06,213,"Muedas Balbiese, César Augusto",coautor,M
diputados,540,00540-2026-2031-CD,2026-10-06,242,"Sonco Villanueva, Helard Bladimir",coautor,M
diputados,540,00540-2026-2031-CD,2026-10-06,210,"Meneses Crispin, Ángel Renato",coautor,M
diputados,540,00540-2026-2031-CD,2026-10-06,156,"Buitrón Martínez, Freshman",coautor,M
diputados,540,00540-2026-2031-CD,2026-10-06,203,"Manrique Olivera, Bernardino Jair",coautor,M
diputados,539,00539-2026-2031-CD,2026-10-06,168,"Colchado Huamani, Harvey Julio",autor,M
diputados,539,00539-2026-2031-CD,2026-10-06,192,"Holguín Loaiza, César Augusto",coautor,M
diputados,539,00539-2026-2031-CD,2026-10-06,203,"Manrique Olivera, Bernardino Jair",coautor,M
diputados,539,00539-2026-2031-CD,2026-10-06,156,"Buitrón Martínez, Freshman",coautor,M
diputados,539,00539-2026-2031-CD,2026-10-06,213,"Muedas Balbiese, César Augusto",coautor,M
diputados,538,00538-2026-2031-CD,2026-10-06,168,"Colchado Huamani, Harvey Julio",autor,M
diputados,538,00538-2026-2031-CD,2026-10-06,192,"Holguín Loaiza, César Augusto",coautor,M
diputados,538,00538-2026-2031-CD,2026-10-06,156,"Buitrón Martínez, Freshman",coautor,M
diputados,538,00538-2026-2031-CD,2026-10-06,213,"Muedas Balbiese, César Augusto",coautor,M
diputados,538,00538-2026-2031-CD,2026-10-06,203,"Manrique Olivera, Bernardino Jair",coautor,M
diputados,537,00537-2026-2031-CD,2026-10-06,149,"Arminta Valencia, Marleny Bibiana",autor,F
diputados,537,00537-2026-2031-CD,2026-10-06,192,"Holguín Loaiza, César Augusto",coautor,M
diputados,537,00537-2026-2031-CD,2026-10-06,242,"Sonco Villanueva, Helard Bladimir",coautor,M
diputados,537,00537-2026-2031-CD,2026-10-06,156,"Buitrón Martínez, Freshman",coautor,M
diputados,537,00537-2026-2031-CD,2026-10-06,213,"Muedas Balbiese, César Augusto",coautor,M
diputados,536,00536-2026-2031-CD,2026-10-06,174,"Duarte Patiño de Pezet, Carmen Georgina",autor,F
diputados,536,00536-2026-2031-CD,2026-10-06,143,"Alayza Maccera, Rossana Herminia",coautor,F
diputados,536,00536-2026-2031-CD,2026-10-06,160,"Castrejon Fernandez, Segundo Juan",coautor,M
diputados,536,00536-2026-2031-CD,2026-10-06,212,"Molina Soto, Nathaly Milagros",coautor,F
diputados,536,00536-2026-2031-CD,2026-10-06,200,"Llaque Linares, Nora María",coautor,F
diputados,536,00536-2026-2031-CD,2026-10-06,175,"Espinoza Huillca, Edwin",coautor,M
diputados,536,00536-2026-2031-CD,2026-10-06,183,"García Huby, Fernando Alberto",coautor,M
diputados,535,00535-2026-2031-CD,2026-10-06,168,"Colchado Huamani, Harvey Julio",autor,M
diputados,535,00535-2026-2031-CD,2026-10-06,192,"Holguín Loaiza, César Augusto",coautor,M
diputados,535,00535-2026-2031-CD,2026-10-06,203,"Manrique Olivera, Bernardino Jair",coautor,M
diputados,535,00535-2026-2031-CD,2026-10-06,213,"Muedas Balbiese, César Augusto",coautor,M
diputados,535,00535-2026-2031-CD,2026-10-06,156,"Buitrón Martínez, Freshman",coautor,M
diputados,534,00534-2026-2031-CD,2026-10-06,206,"Martínez Paitan, Paola Isabel",autor,F
diputados,534,00534-2026-2031-CD,2026-10-06,148,"Aranda Vásquez, Christian",coautor,M
diputados,534,00534-2026-2031-CD,2026-10-06,128,"Zeballos Aponte, Jorge Arturo",coautor,M
diputados,534,00534-2026-2031-CD,2026-10-06,155,"Bravo Quispe, Aldo Antonio",coautor,M
diputados,534,00534-2026-2031-CD,2026-10-06,126,"Yarrow Lumbreras, Norma Martina",coautor,F
diputados,534,00534-2026-2031-CD,2026-10-06,171,"De Paz Lancho, Leo Miguel",coautor,M
diputados,534,00534-2026-2031-CD,2026-10-06,151,"Baella Malca, José Isidro",coautor,M
diputados,534,00534-2026-2031-CD,2026-10-06,16,"Bazán Calderón, Diego Alonso Fernando",coautor,M
diputados,534,00534-2026-2031-CD,2026-10-06,165,"Chang Apuy, Félix See Hung",coautor,M
diputados,534,00534-2026-2031-CD,2026-10-06,167,"Cipriani Thorne, Javier José María",coautor,M
diputados,534,00534-2026-2031-CD,2026-10-06,240,"Segura Figueroa, Gustavo Alexander",coautor,M
diputados,534,00534-2026-2031-CD,2026-10-06,197,"Krklec Torres, Frank",coautor,M
diputados,534,00534-2026-2031-CD,2026-10-06,256,"Yalta Sotelo, Carlos Alberto",coautor,M
diputados,534,00534-2026-2031-CD,2026-10-06,258,"Yonz Nuñez, Mady Verónica",coautor,F
diputados,533,00533-2026-2031-CD,2026-10-06,194,"Huilca Flores, Indira Isabel",autor,F
diputados,533,00533-2026-2031-CD,2026-10-06,242,"Sonco Villanueva, Helard Bladimir",coautor,M
diputados,533,00533-2026-2031-CD,2026-10-06,192,"Holguín Loaiza, César Augusto",coautor,M
diputados,533,00533-2026-2031-CD,2026-10-06,213,"Muedas Balbiese, César Augusto",coautor,M
diputados,533,00533-2026-2031-CD,2026-10-06,156,"Buitrón Martínez, Freshman",coautor,M
diputados,533,00533-2026-2031-CD,2026-10-06,210,"Meneses Crispin, Ángel Renato",coautor,M
diputados,533,00533-2026-2031-CD,2026-10-06,203,"Manrique Olivera, Bernardino Jair",coautor,M
diputados,533,00533-2026-2031-CD,2026-10-06,179,"Fernandez Nina, Nery Rodolfo",coautor,M
diputados,533,00533-2026-2031-CD,2026-10-06,250,"Uribe Sáenz, Romina Alejandra",coautor,F
diputados,533,00533-2026-2031-CD,2026-10-06,143,"Alayza Maccera, Rossana Herminia",coautor,F
diputados,533,00533-2026-2031-CD,2026-10-06,183,"García Huby, Fernando Alberto",coautor,M
diputados,533,00533-2026-2031-CD,2026-10-06,174,"Duarte Patiño de Pezet, Carmen Georgina",coautor,F
diputados,532,00532-2026-2031-CD,2026-10-06,157,"Cabrera Nieto, Juan César",autor,M
diputados,532,00532-2026-2031-CD,2026-10-06,159,"Camargo Porta, Raúl Jesús",coautor,M
diputados,532,00532-2026-2031-CD,2026-10-06,208,"Medina Stein, Andrea Dayna",coautor,F
diputados,532,00532-2026-2031-CD,2026-10-06,144,"Albañil Carmona, Henry Antonio",coautor,M
diputados,532,00532-2026-2031-CD,2026-10-06,201,"López Letona, Heber",coautor,M
diputados,532,00532-2026-2031-CD,2026-10-06,257,"Yataco Torrealva, José Ricardo",coautor,M
diputados,531,00531-2026-2031-CD,2026-10-06,224,"Peralta Jorpa, Máximo",autor,M
diputados,531,00531-2026-2031-CD,2026-10-06,189,"Hancco Hancco, Dina Irene",coautor,F
diputados,531,00531-2026-2031-CD,2026-10-06,257,"Yataco Torrealva, José Ricardo",coautor,M
diputados,531,00531-2026-2031-CD,2026-10-06,201,"López Letona, Heber",coautor,M
diputados,531,00531-2026-2031-CD,2026-10-06,176,"Eusebio Padilla, Arturo César",coautor,M
diputados,531,00531-2026-2031-CD,2026-10-06,228,"Piñán Mamani, Víctor Eduardo",coautor,M
diputados,530,00530-2026-2031-CD,2026-10-06,205,"Márquez Huanca, Analí",autor,F
diputados,530,00530-2026-2031-CD,2026-10-06,166,"Chipana Condori, Graciela",coautor,F
diputados,530,00530-2026-2031-CD,2026-10-06,196,"Jibaja Ramos, Luis Ángel",coautor,M
diputados,530,00530-2026-2031-CD,2026-10-06,181,"Flores Valdizan, Marco Antonio",coautor,M
diputados,530,00530-2026-2031-CD,2026-10-06,218,"Palomino Casavilca, Catherin Norma",coautor,F
diputados,530,00530-2026-2031-CD,2026-10-06,248,"Tito Rojas, César Hugo",coautor,M
diputados,530,00530-2026-2031-CD,2026-10-06,170,"Condori Flores, Remigio",coautor,M
diputados,530,00530-2026-2031-CD,2026-10-06,261,"Zunini Yerren, Ernesto Alonzo",coautor,M
diputados,529,00529-2026-2031-CD,2026-10-06,255,"Villanueva Calderón, Juan Amílcar",autor,M
diputados,529,00529-2026-2031-CD,2026-10-06,185,"Gonzales Delgado, Gabriel Robertino",coautor,M
diputados,529,00529-2026-2031-CD,2026-10-06,187,"Guevara Ramírez, Jessica Roxana",coautor,F
diputados,529,00529-2026-2031-CD,2026-10-06,191,"Holguín Aguirre, James Arturo",coautor,M
diputados,529,00529-2026-2031-CD,2026-10-06,196,"Jibaja Ramos, Luis Ángel",coautor,M
diputados,529,00529-2026-2031-CD,2026-10-06,230,"Poma Huamani, Haydee Celinda",coautor,F
diputados,528,00528-2026-2031-CD,2026-10-06,128,"Zeballos Aponte, Jorge Arturo",autor,M
diputados,528,00528-2026-2031-CD,2026-10-06,171,"De Paz Lancho, Leo Miguel",coautor,M
diputados,528,00528-2026-2031-CD,2026-10-06,167,"Cipriani Thorne, Javier José María",coautor,M
diputados,528,00528-2026-2031-CD,2026-10-06,197,"Krklec Torres, Frank",coautor,M
diputados,528,00528-2026-2031-CD,2026-10-06,206,"Martínez Paitan, Paola Isabel",coautor,F
diputados,528,00528-2026-2031-CD,2026-10-06,256,"Yalta Sotelo, Carlos Alberto",coautor,M
diputados,527,00527-2026-2031-CD,2026-10-06,144,"Albañil Carmona, Henry Antonio",autor,M
diputados,527,00527-2026-2031-CD,2026-10-06,257,"Yataco Torrealva, José Ricardo",coautor,M
diputados,527,00527-2026-2031-CD,2026-10-06,208,"Medina Stein, Andrea Dayna",coautor,F
diputados,527,00527-2026-2031-CD,2026-10-06,201,"López Letona, Heber",coautor,M
diputados,527,00527-2026-2031-CD,2026-10-06,228,"Piñán Mamani, Víctor Eduardo",coautor,M
diputados,526,00526-2026-2031-CD,2026-10-06,189,"Hancco Hancco, Dina Irene",autor,F
diputados,526,00526-2026-2031-CD,2026-10-06,207,"Masco Cáceres, Luis Aurelio",coautor,M
diputados,526,00526-2026-2031-CD,2026-10-06,228,"Piñán Mamani, Víctor Eduardo",coautor,M
diputados,526,00526-2026-2031-CD,2026-10-06,224,"Peralta Jorpa, Máximo",coautor,M
diputados,526,00526-2026-2031-CD,2026-10-06,145,"Alvarón De la Cruz, Édgar Adrián",coautor,M
diputados,526,00526-2026-2031-CD,2026-10-06,159,"Camargo Porta, Raúl Jesús",coautor,M
diputados,526,00526-2026-2031-CD,2026-10-06,251,"Valqui Calderón, Demetrio Flavio",coautor,M
diputados,525,00525-2026-2031-CD,2026-10-06,189,"Hancco Hancco, Dina Irene",autor,F
diputados,525,00525-2026-2031-CD,2026-10-06,207,"Masco Cáceres, Luis Aurelio",coautor,M
diputados,525,00525-2026-2031-CD,2026-10-06,224,"Peralta Jorpa, Máximo",coautor,M
diputados,525,00525-2026-2031-CD,2026-10-06,145,"Alvarón De la Cruz, Édgar Adrián",coautor,M
diputados,525,00525-2026-2031-CD,2026-10-06,228,"Piñán Mamani, Víctor Eduardo",coautor,M
diputados,525,00525-2026-2031-CD,2026-10-06,159,"Camargo Porta, Raúl Jesús",coautor,M
diputados,525,00525-2026-2031-CD,2026-10-06,251,"Valqui Calderón, Demetrio Flavio",coautor,M
diputados,524,00524-2026-2031-CD,2026-10-06,212,"Molina Soto, Nathaly Milagros",autor,F
diputados,524,00524-2026-2031-CD,2026-10-06,160,"Castrejon Fernandez, Segundo Juan",coautor,M
diputados,524,00524-2026-2031-CD,2026-10-06,175,"Espinoza Huillca, Edwin",coautor,M
diputados,524,00524-2026-2031-CD,2026-10-06,190,"Hirache Pizarro, Gloria Charito",coautor,F
diputados,524,00524-2026-2031-CD,2026-10-06,233,"Quispe Candia, Luis Eliseo",coautor,M
diputados,524,00524-2026-2031-CD,2026-10-06,183,"García Huby, Fernando Alberto",coautor,M
diputados,524,00524-2026-2031-CD,2026-10-06,250,"Uribe Sáenz, Romina Alejandra",coautor,F
diputados,524,00524-2026-2031-CD,2026-10-06,174,"Duarte Patiño de Pezet, Carmen Georgina",coautor,F
diputados,523,00523-2026-2031-CD,2026-10-06,189,"Hancco Hancco, Dina Irene",autor,F
diputados,523,00523-2026-2031-CD,2026-10-06,176,"Eusebio Padilla, Arturo César",coautor,M
diputados,523,00523-2026-2031-CD,2026-10-06,228,"Piñán Mamani, Víctor Eduardo",coautor,M
diputados,523,00523-2026-2031-CD,2026-10-06,207,"Masco Cáceres, Luis Aurelio",coautor,M
diputados,523,00523-2026-2031-CD,2026-10-06,208,"Medina Stein, Andrea Dayna",coautor,F
diputados,523,00523-2026-2031-CD,2026-10-06,224,"Peralta Jorpa, Máximo",coautor,M
diputados,522,00522-2026-2031-CD,2026-10-06,240,"Segura Figueroa, Gustavo Alexander",autor,M
diputados,522,00522-2026-2031-CD,2026-10-06,236,"Rocha Gallegos, Roxana María",coautor,F
diputados,522,00522-2026-2031-CD,2026-10-06,171,"De Paz Lancho, Leo Miguel",coautor,M
diputados,522,00522-2026-2031-CD,2026-10-06,167,"Cipriani Thorne, Javier José María",coautor,M
diputados,522,00522-2026-2031-CD,2026-10-06,151,"Baella Malca, José Isidro",coautor,M
diputados,522,00522-2026-2031-CD,2026-10-06,155,"Bravo Quispe, Aldo Antonio",coautor,M
diputados,522,00522-2026-2031-CD,2026-10-06,206,"Martínez Paitan, Paola Isabel",coautor,F
diputados,521,00521-2026-2031-CD,2026-10-06,240,"Segura Figueroa, Gustavo Alexander",autor,M
diputados,521,00521-2026-2031-CD,2026-10-06,236,"Rocha Gallegos, Roxana María",coautor,F
diputados,521,00521-2026-2031-CD,2026-10-06,171,"De Paz Lancho, Leo Miguel",coautor,M
diputados,521,00521-2026-2031-CD,2026-10-06,206,"Martínez Paitan, Paola Isabel",coautor,F
diputados,521,00521-2026-2031-CD,2026-10-06,167,"Cipriani Thorne, Javier José María",coautor,M
diputados,521,00521-2026-2031-CD,2026-10-06,155,"Bravo Quispe, Aldo Antonio",coautor,M
diputados,520,00520-2026-2031-CD,2026-10-06,159,"Camargo Porta, Raúl Jesús",autor,M
diputados,520,00520-2026-2031-CD,2026-10-06,207,"Masco Cáceres, Luis Aurelio",coautor,M
diputados,520,00520-2026-2031-CD,2026-10-06,201,"López Letona, Heber",coautor,M
diputados,520,00520-2026-2031-CD,2026-10-06,228,"Piñán Mamani, Víctor Eduardo",coautor,M
diputados,520,00520-2026-2031-CD,2026-10-06,257,"Yataco Torrealva, José Ricardo",coautor,M
diputados,519,00519-2026-2031-CD,2026-10-06,207,"Masco Cáceres, Luis Aurelio",autor,M
diputados,519,00519-2026-2031-CD,2026-10-06,144,"Albañil Carmona, Henry Antonio",coautor,M
diputados,519,00519-2026-2031-CD,2026-10-06,224,"Peralta Jorpa, Máximo",coautor,M
diputados,519,00519-2026-2031-CD,2026-10-06,228,"Piñán Mamani, Víctor Eduardo",coautor,M
diputados,519,00519-2026-2031-CD,2026-10-06,201,"López Letona, Heber",coautor,M
diputados,519,00519-2026-2031-CD,2026-10-06,189,"Hancco Hancco, Dina Irene",coautor,F
diputados,518,00518-2026-2031-CD,2026-10-06,201,"López Letona, Heber",autor,M
diputados,518,00518-2026-2031-CD,2026-10-06,251,"Valqui Calderón, Demetrio Flavio",coautor,M
diputados,518,00518-2026-2031-CD,2026-10-06,228,"Piñán Mamani, Víctor Eduardo",coautor,M
diputados,518,00518-2026-2031-CD,2026-10-06,207,"Masco Cáceres, Luis Aurelio",coautor,M
diputados,518,00518-2026-2031-CD,2026-10-06,157,"Cabrera Nieto, Juan César",coautor,M
diputados,517,00517-2026-2031-CD,2026-10-06,201,"López Letona, Heber",autor,M
diputados,517,00517-2026-2031-CD,2026-10-06,208,"Medina Stein, Andrea Dayna",coautor,F
diputados,517,00517-2026-2031-CD,2026-10-06,228,"Piñán Mamani, Víctor Eduardo",coautor,M
diputados,517,00517-2026-2031-CD,2026-10-06,251,"Valqui Calderón, Demetrio Flavio",coautor,M
diputados,517,00517-2026-2031-CD,2026-10-06,207,"Masco Cáceres, Luis Aurelio",coautor,M
diputados,516,00516-2026-2031-CD,2026-10-06,207,"Masco Cáceres, Luis Aurelio",autor,M
diputados,516,00516-2026-2031-CD,2026-10-06,201,"López Letona, Heber",coautor,M
diputados,516,00516-2026-2031-CD,2026-10-06,228,"Piñán Mamani, Víctor Eduardo",coautor,M
diputados,516,00516-2026-2031-CD,2026-10-06,224,"Peralta Jorpa, Máximo",coautor,M
diputados,516,00516-2026-2031-CD,2026-10-06,157,"Cabrera Nieto, Juan César",coautor,M
diputados,515,00515-2026-2031-CD,2026-10-06,207,"Masco Cáceres, Luis Aurelio",autor,M
diputados,515,00515-2026-2031-CD,2026-10-06,201,"López Letona, Heber",coautor,M
diputados,515,00515-2026-2031-CD,2026-10-06,228,"Piñán Mamani, Víctor Eduardo",coautor,M
diputados,515,00515-2026-2031-CD,2026-10-06,157,"Cabrera Nieto, Juan César",coautor,M
diputados,515,00515-2026-2031-CD,2026-10-06,224,"Peralta Jorpa, Máximo",coautor,M
diputados,514,00514-2026-2031-CD,2026-10-06,146,"Ambrosio Domínguez, Yuli Liliana",autor,F
diputados,514,00514-2026-2031-CD,2026-10-06,195,"Isla Rojas, Azucena",coautor,F
diputados,514,00514-2026-2031-CD,2026-10-06,223,"Peña Córdova, Olver",coautor,M
diputados,514,00514-2026-2031-CD,2026-10-06,181,"Flores Valdizan, Marco Antonio",coautor,M
diputados,514,00514-2026-2031-CD,2026-10-06,187,"Guevara Ramírez, Jessica Roxana",coautor,F
diputados,514,00514-2026-2031-CD,2026-10-06,246,"Tapullima Insapillo, Jacqueline Viviana",coautor,F
diputados,513,00513-2026-2031-CD,2026-10-06,151,"Baella Malca, José Isidro",autor,M
diputados,513,00513-2026-2031-CD,2026-10-06,236,"Rocha Gallegos, Roxana María",coautor,F
diputados,513,00513-2026-2031-CD,2026-10-06,165,"Chang Apuy, Félix See Hung",coautor,M
diputados,513,00513-2026-2031-CD,2026-10-06,171,"De Paz Lancho, Leo Miguel",coautor,M
diputados,513,00513-2026-2031-CD,2026-10-06,197,"Krklec Torres, Frank",coautor,M
diputados,513,00513-2026-2031-CD,2026-10-06,167,"Cipriani Thorne, Javier José María",coautor,M
diputados,513,00513-2026-2031-CD,2026-10-06,206,"Martínez Paitan, Paola Isabel",coautor,F
diputados,512,00512-2026-2031-CD,2026-10-06,237,"Salas Rivera, Alexander",autor,M
diputados,512,00512-2026-2031-CD,2026-10-06,214,"Muñoz Yurivilca, Kim Tami",coautor,F
diputados,512,00512-2026-2031-CD,2026-10-06,211,"Meza Rivera, Flor de Jesús",coautor,F
diputados,512,00512-2026-2031-CD,2026-10-06,247,"Ticlla Rafael, Segundo Senovio",coautor,M
diputados,512,00512-2026-2031-CD,2026-10-06,221,"Patiño Urco, Ana Bertha",coautor,F
diputados,512,00512-2026-2031-CD,2026-10-06,173,"Domínguez Herrera, Carlos Alberto",coautor,M
diputados,511,00511-2026-2031-CD,2026-10-05,148,"Aranda Vásquez, Christian",autor,M
diputados,511,00511-2026-2031-CD,2026-10-05,236,"Rocha Gallegos, Roxana María",coautor,F
diputados,511,00511-2026-2031-CD,2026-10-05,171,"De Paz Lancho, Leo Miguel",coautor,M
diputados,511,00511-2026-2031-CD,2026-10-05,206,"Martínez Paitan, Paola Isabel",coautor,F
diputados,511,00511-2026-2031-CD,2026-10-05,155,"Bravo Quispe, Aldo Antonio",coautor,M
diputados,510,00510-2026-2031-CD,2026-10-05,149,"Arminta Valencia, Marleny Bibiana",autor,F
diputados,510,00510-2026-2031-CD,2026-10-05,192,"Holguín Loaiza, César Augusto",coautor,M
diputados,510,00510-2026-2031-CD,2026-10-05,156,"Buitrón Martínez, Freshman",coautor,M
diputados,510,00510-2026-2031-CD,2026-10-05,194,"Huilca Flores, Indira Isabel",coautor,F
diputados,510,00510-2026-2031-CD,2026-10-05,242,"Sonco Villanueva, Helard Bladimir",coautor,M
diputados,510,00510-2026-2031-CD,2026-10-05,213,"Muedas Balbiese, César Augusto",coautor,M
diputados,506,00506-2026-2031-CD,2026-10-05,171,"De Paz Lancho, Leo Miguel",autor,M
diputados,506,00506-2026-2031-CD,2026-10-05,236,"Rocha Gallegos, Roxana María",coautor,F
diputados,506,00506-2026-2031-CD,2026-10-05,258,"Yonz Nuñez, Mady Verónica",coautor,F
diputados,506,00506-2026-2031-CD,2026-10-05,167,"Cipriani Thorne, Javier José María",coautor,M
diputados,506,00506-2026-2031-CD,2026-10-05,256,"Yalta Sotelo, Carlos Alberto",coautor,M
diputados,506,00506-2026-2031-CD,2026-10-05,155,"Bravo Quispe, Aldo Antonio",coautor,M
diputados,506,00506-2026-2031-CD,2026-10-05,148,"Aranda Vásquez, Christian",coautor,M
diputados,506,00506-2026-2031-CD,2026-10-05,240,"Segura Figueroa, Gustavo Alexander",coautor,M
diputados,505,00505-2026-2031-CD,2026-10-05,236,"Rocha Gallegos, Roxana María",autor,F
diputados,505,00505-2026-2031-CD,2026-10-05,167,"Cipriani Thorne, Javier José María",coautor,M
diputados,505,00505-2026-2031-CD,2026-10-05,256,"Yalta Sotelo, Carlos Alberto",coautor,M
diputados,505,00505-2026-2031-CD,2026-10-05,148,"Aranda Vásquez, Christian",coautor,M
diputados,505,00505-2026-2031-CD,2026-10-05,128,"Zeballos Aponte, Jorge Arturo",coautor,M
diputados,505,00505-2026-2031-CD,2026-10-05,258,"Yonz Nuñez, Mady Verónica",coautor,F
diputados,505,00505-2026-2031-CD,2026-10-05,155,"Bravo Quispe, Aldo Antonio",coautor,M
diputados,504,00504-2026-2031-CD,2026-10-05,149,"Arminta Valencia, Marleny Bibiana",autor,F
diputados,504,00504-2026-2031-CD,2026-10-05,210,"Meneses Crispin, Ángel Renato",coautor,M
diputados,504,00504-2026-2031-CD,2026-10-05,192,"Holguín Loaiza, César Augusto",coautor,M
diputados,504,00504-2026-2031-CD,2026-10-05,156,"Buitrón Martínez, Freshman",coautor,M
diputados,504,00504-2026-2031-CD,2026-10-05,203,"Manrique Olivera, Bernardino Jair",coautor,M
diputados,504,00504-2026-2031-CD,2026-10-05,194,"Huilca Flores, Indira Isabel",coautor,F
diputados,503,00503-2026-2031-CD,2026-10-02,157,"Cabrera Nieto, Juan César",autor,M
diputados,503,00503-2026-2031-CD,2026-10-02,208,"Medina Stein, Andrea Dayna",coautor,F
diputados,503,00503-2026-2031-CD,2026-10-02,224,"Peralta Jorpa, Máximo",coautor,M
diputados,503,00503-2026-2031-CD,2026-10-02,145,"Alvarón De la Cruz, Édgar Adrián",coautor,M
diputados,503,00503-2026-2031-CD,2026-10-02,176,"Eusebio Padilla, Arturo César",coautor,M
diputados,503,00503-2026-2031-CD,2026-10-02,228,"Piñán Mamani, Víctor Eduardo",coautor,M
diputados,502,00502-2026-2031-CD,2026-10-02,197,"Krklec Torres, Frank",autor,M
diputados,502,00502-2026-2031-CD,2026-10-02,236,"Rocha Gallegos, Roxana María",coautor,F
diputados,502,00502-2026-2031-CD,2026-10-02,171,"De Paz Lancho, Leo Miguel",coautor,M
diputados,502,00502-2026-2031-CD,2026-10-02,165,"Chang Apuy, Félix See Hung",coautor,M
diputados,502,00502-2026-2031-CD,2026-10-02,151,"Baella Malca, José Isidro",coautor,M
diputados,502,00502-2026-2031-CD,2026-10-02,128,"Zeballos Aponte, Jorge Arturo",coautor,M
diputados,502,00502-2026-2031-CD,2026-10-02,258,"Yonz Nuñez, Mady Verónica",coautor,F
diputados,502,00502-2026-2031-CD,2026-10-02,256,"Yalta Sotelo, Carlos Alberto",coautor,M
diputados,502,00502-2026-2031-CD,2026-10-02,148,"Aranda Vásquez, Christian",coautor,M
diputados,502,00502-2026-2031-CD,2026-10-02,167,"Cipriani Thorne, Javier José María",coautor,M
diputados,501,00501-2026-2031-CD,2026-10-02,197,"Krklec Torres, Frank",autor,M
diputados,501,00501-2026-2031-CD,2026-10-02,236,"Rocha Gallegos, Roxana María",coautor,F
diputados,501,00501-2026-2031-CD,2026-10-02,165,"Chang Apuy, Félix See Hung",coautor,M
diputados,501,00501-2026-2031-CD,2026-10-02,167,"Cipriani Thorne, Javier José María",coautor,M
diputados,501,00501-2026-2031-CD,2026-10-02,148,"Aranda Vásquez, Christian",coautor,M
diputados,501,00501-2026-2031-CD,2026-10-02,171,"De Paz Lancho, Leo Miguel",coautor,M
diputados,501,00501-2026-2031-CD,2026-10-02,151,"Baella Malca, José Isidro",coautor,M
diputados,501,00501-2026-2031-CD,2026-10-02,128,"Zeballos Aponte, Jorge Arturo",coautor,M
diputados,501,00501-2026-2031-CD,2026-10-02,258,"Yonz Nuñez, Mady Verónica",coautor,F
diputados,501,00501-2026-2031-CD,2026-10-02,256,"Yalta Sotelo, Carlos Alberto",coautor,M
diputados,500,00500-2026-2031-CD,2026-10-02,213,"Muedas Balbiese, César Augusto",autor,M
diputados,500,00500-2026-2031-CD,2026-10-02,192,"Holguín Loaiza, César Augusto",coautor,M
diputados,500,00500-2026-2031-CD,2026-10-02,210,"Meneses Crispin, Ángel Renato",coautor,M
diputados,500,00500-2026-2031-CD,2026-10-02,156,"Buitrón Martínez, Freshman",coautor,M
diputados,500,00500-2026-2031-CD,2026-10-02,194,"Huilca Flores, Indira Isabel",coautor,F
diputados,499,00499-2026-2031-CD,2026-10-02,183,"García Huby, Fernando Alberto",autor,M
diputados,499,00499-2026-2031-CD,2026-10-02,174,"Duarte Patiño de Pezet, Carmen Georgina",coautor,F
diputados,499,00499-2026-2031-CD,2026-10-02,143,"Alayza Maccera, Rossana Herminia",coautor,F
diputados,499,00499-2026-2031-CD,2026-10-02,233,"Quispe Candia, Luis Eliseo",coautor,M
diputados,499,00499-2026-2031-CD,2026-10-02,193,"Huaman Cornejo, Miguel Félix",coautor,M
diputados,499,00499-2026-2031-CD,2026-10-02,152,"Benítez Barrionuevo, Jessica",coautor,F
diputados,498,00498-2026-2031-CD,2026-10-02,198,"Lavado Valdivia, Marino Teófilo",autor,M
diputados,498,00498-2026-2031-CD,2026-10-02,188,"Guillén Valencia, Héctor",coautor,M
diputados,498,00498-2026-2031-CD,2026-10-02,185,"Gonzales Delgado, Gabriel Robertino",coautor,M
diputados,498,00498-2026-2031-CD,2026-10-02,225,"Pérez Alccahuaman, Jesús",coautor,M
diputados,498,00498-2026-2031-CD,2026-10-02,223,"Peña Córdova, Olver",coautor,M
diputados,497,00497-2026-2031-CD,2026-10-02,195,"Isla Rojas, Azucena",autor,F
diputados,497,00497-2026-2031-CD,2026-10-02,218,"Palomino Casavilca, Catherin Norma",coautor,F
diputados,497,00497-2026-2031-CD,2026-10-02,178,"Fernández González, Svieta Valia",coautor,F
diputados,497,00497-2026-2031-CD,2026-10-02,146,"Ambrosio Domínguez, Yuli Liliana",coautor,F
diputados,497,00497-2026-2031-CD,2026-10-02,220,"Paredes Navarro, Yenifer Noelia",coautor,F
diputados,497,00497-2026-2031-CD,2026-10-02,188,"Guillén Valencia, Héctor",coautor,M
diputados,494,00494-2026-2031-CD,2026-10-02,183,"García Huby, Fernando Alberto",autor,M
diputados,494,00494-2026-2031-CD,2026-10-02,174,"Duarte Patiño de Pezet, Carmen Georgina",coautor,F
diputados,494,00494-2026-2031-CD,2026-10-02,143,"Alayza Maccera, Rossana Herminia",coautor,F
diputados,494,00494-2026-2031-CD,2026-10-02,152,"Benítez Barrionuevo, Jessica",coautor,F
diputados,494,00494-2026-2031-CD,2026-10-02,233,"Quispe Candia, Luis Eliseo",coautor,M
diputados,494,00494-2026-2031-CD,2026-10-02,193,"Huaman Cornejo, Miguel Félix",coautor,M
diputados,480,00480-2026-2031-CD,2026-10-02,236,"Rocha Gallegos, Roxana María",autor,F
diputados,480,00480-2026-2031-CD,2026-10-02,258,"Yonz Nuñez, Mady Verónica",coautor,F
diputados,480,00480-2026-2031-CD,2026-10-02,151,"Baella Malca, José Isidro",coautor,M
diputados,480,00480-2026-2031-CD,2026-10-02,165,"Chang Apuy, Félix See Hung",coautor,M
diputados,480,00480-2026-2031-CD,2026-10-02,167,"Cipriani Thorne, Javier José María",coautor,M
diputados,480,00480-2026-2031-CD,2026-10-02,197,"Krklec Torres, Frank",coautor,M
diputados,480,00480-2026-2031-CD,2026-10-02,148,"Aranda Vásquez, Christian",coautor,M
diputados,477,00477-2026-2031-CD,2026-10-01,183,"García Huby, Fernando Alberto",autor,M
diputados,477,00477-2026-2031-CD,2026-10-01,193,"Huaman Cornejo, Miguel Félix",coautor,M
diputados,477,00477-2026-2031-CD,2026-10-01,233,"Quispe Candia, Luis Eliseo",coautor,M
diputados,477,00477-2026-2031-CD,2026-10-01,152,"Benítez Barrionuevo, Jessica",coautor,F
diputados,477,00477-2026-2031-CD,2026-10-01,174,"Duarte Patiño de Pezet, Carmen Georgina",coautor,F
diputados,477,00477-2026-2031-CD,2026-10-01,143,"Alayza Maccera, Rossana Herminia",coautor,F
diputados,476,00476-2026-2031-CD,2026-10-01,226,"Pérez Mallqui, Julián Luis",autor,M
diputados,476,00476-2026-2031-CD,2026-10-01,205,"Márquez Huanca, Analí",coautor,F
diputados,476,00476-2026-2031-CD,2026-10-01,225,"Pérez Alccahuaman, Jesús",coautor,M
diputados,476,00476-2026-2031-CD,2026-10-01,230,"Poma Huamani, Haydee Celinda",coautor,F
diputados,476,00476-2026-2031-CD,2026-10-01,187,"Guevara Ramírez, Jessica Roxana",coautor,F
diputados,476,00476-2026-2031-CD,2026-10-01,223,"Peña Córdova, Olver",coautor,M
diputados,476,00476-2026-2031-CD,2026-10-01,202,"Manay Pillaca, Alejandro José",coautor,M
diputados,475,00475-2026-2031-CD,2026-10-01,183,"García Huby, Fernando Alberto",autor,M
diputados,475,00475-2026-2031-CD,2026-10-01,174,"Duarte Patiño de Pezet, Carmen Georgina",coautor,F
diputados,475,00475-2026-2031-CD,2026-10-01,233,"Quispe Candia, Luis Eliseo",coautor,M
diputados,475,00475-2026-2031-CD,2026-10-01,193,"Huaman Cornejo, Miguel Félix",coautor,M
diputados,475,00475-2026-2031-CD,2026-10-01,143,"Alayza Maccera, Rossana Herminia",coautor,F
diputados,475,00475-2026-2031-CD,2026-10-01,152,"Benítez Barrionuevo, Jessica",coautor,F
diputados,474,00474-2026-2031-CD,2026-10-01,183,"García Huby, Fernando Alberto",autor,M
diputados,474,00474-2026-2031-CD,2026-10-01,152,"Benítez Barrionuevo, Jessica",coautor,F
diputados,474,00474-2026-2031-CD,2026-10-01,174,"Duarte Patiño de Pezet, Carmen Georgina",coautor,F
diputados,474,00474-2026-2031-CD,2026-10-01,233,"Quispe Candia, Luis Eliseo",coautor,M
diputados,474,00474-2026-2031-CD,2026-10-01,143,"Alayza Maccera, Rossana Herminia",coautor,F
diputados,474,00474-2026-2031-CD,2026-10-01,193,"Huaman Cornejo, Miguel Félix",coautor,M
diputados,473,00473-2026-2031-CD,2026-10-01,248,"Tito Rojas, César Hugo",autor,M
diputados,473,00473-2026-2031-CD,2026-10-01,218,"Palomino Casavilca, Catherin Norma",coautor,F
diputados,473,00473-2026-2031-CD,2026-10-01,166,"Chipana Condori, Graciela",coautor,F
diputados,473,00473-2026-2031-CD,2026-10-01,178,"Fernández González, Svieta Valia",coautor,F
diputados,473,00473-2026-2031-CD,2026-10-01,202,"Manay Pillaca, Alejandro José",coautor,M
diputados,473,00473-2026-2031-CD,2026-10-01,226,"Pérez Mallqui, Julián Luis",coautor,M
diputados,473,00473-2026-2031-CD,2026-10-01,191,"Holguín Aguirre, James Arturo",coautor,M
diputados,472,00472-2026-2031-CD,2026-10-01,236,"Rocha Gallegos, Roxana María",autor,F
diputados,472,00472-2026-2031-CD,2026-10-01,151,"Baella Malca, José Isidro",coautor,M
diputados,472,00472-2026-2031-CD,2026-10-01,167,"Cipriani Thorne, Javier José María",coautor,M
diputados,472,00472-2026-2031-CD,2026-10-01,148,"Aranda Vásquez, Christian",coautor,M
diputados,472,00472-2026-2031-CD,2026-10-01,197,"Krklec Torres, Frank",coautor,M
diputados,472,00472-2026-2031-CD,2026-10-01,165,"Chang Apuy, Félix See Hung",coautor,M
diputados,472,00472-2026-2031-CD,2026-10-01,258,"Yonz Nuñez, Mady Verónica",coautor,F
diputados,471,00471-2026-2031-CD,2026-10-01,167,"Cipriani Thorne, Javier José María",autor,M
diputados,471,00471-2026-2031-CD,2026-10-01,236,"Rocha Gallegos, Roxana María",coautor,F
diputados,471,00471-2026-2031-CD,2026-10-01,155,"Bravo Quispe, Aldo Antonio",coautor,M
diputados,471,00471-2026-2031-CD,2026-10-01,126,"Yarrow Lumbreras, Norma Martina",coautor,F
diputados,471,00471-2026-2031-CD,2026-10-01,171,"De Paz Lancho, Leo Miguel",coautor,M
diputados,471,00471-2026-2031-CD,2026-10-01,151,"Baella Malca, José Isidro",coautor,M
diputados,471,00471-2026-2031-CD,2026-10-01,165,"Chang Apuy, Félix See Hung",coautor,M
diputados,470,00470-2026-2031-CD,2026-10-01,126,"Yarrow Lumbreras, Norma Martina",autor,F
diputados,470,00470-2026-2031-CD,2026-10-01,258,"Yonz Nuñez, Mady Verónica",coautor,F
diputados,470,00470-2026-2031-CD,2026-10-01,236,"Rocha Gallegos, Roxana María",coautor,F
diputados,470,00470-2026-2031-CD,2026-10-01,171,"De Paz Lancho, Leo Miguel",coautor,M
diputados,470,00470-2026-2031-CD,2026-10-01,256,"Yalta Sotelo, Carlos Alberto",coautor,M
diputados,470,00470-2026-2031-CD,2026-10-01,16,"Bazán Calderón, Diego Alonso Fernando",coautor,M
diputados,470,00470-2026-2031-CD,2026-10-01,155,"Bravo Quispe, Aldo Antonio",coautor,M
diputados,470,00470-2026-2031-CD,2026-10-01,167,"Cipriani Thorne, Javier José María",coautor,M
diputados,470,00470-2026-2031-CD,2026-10-01,148,"Aranda Vásquez, Christian",coautor,M
diputados,470,00470-2026-2031-CD,2026-10-01,128,"Zeballos Aponte, Jorge Arturo",coautor,M
diputados,470,00470-2026-2031-CD,2026-10-01,151,"Baella Malca, José Isidro",coautor,M
diputados,470,00470-2026-2031-CD,2026-10-01,240,"Segura Figueroa, Gustavo Alexander",coautor,M
diputados,470,00470-2026-2031-CD,2026-10-01,197,"Krklec Torres, Frank",coautor,M
diputados,470,00470-2026-2031-CD,2026-10-01,206,"Martínez Paitan, Paola Isabel",coautor,F
diputados,470,00470-2026-2031-CD,2026-10-01,165,"Chang Apuy, Félix See Hung",coautor,M
diputados,469,00469-2026-2031-CD,2026-10-01,218,"Palomino Casavilca, Catherin Norma",autor,F
diputados,469,00469-2026-2031-CD,2026-10-01,178,"Fernández González, Svieta Valia",coautor,F
diputados,469,00469-2026-2031-CD,2026-10-01,195,"Isla Rojas, Azucena",coautor,F
diputados,469,00469-2026-2031-CD,2026-10-01,248,"Tito Rojas, César Hugo",coautor,M
diputados,469,00469-2026-2031-CD,2026-10-01,253,"Varas Seguin, Daniel Jefferson",coautor,M
diputados,468,00468-2026-2031-CD,2026-10-01,166,"Chipana Condori, Graciela",autor,F
diputados,468,00468-2026-2031-CD,2026-10-01,248,"Tito Rojas, César Hugo",coautor,M
diputados,468,00468-2026-2031-CD,2026-10-01,230,"Poma Huamani, Haydee Celinda",coautor,F
diputados,468,00468-2026-2031-CD,2026-10-01,187,"Guevara Ramírez, Jessica Roxana",coautor,F
diputados,468,00468-2026-2031-CD,2026-10-01,218,"Palomino Casavilca, Catherin Norma",coautor,F
diputados,468,00468-2026-2031-CD,2026-10-01,196,"Jibaja Ramos, Luis Ángel",coautor,M
diputados,467,00467-2026-2031-CD,2026-10-01,218,"Palomino Casavilca, Catherin Norma",autor,F
diputados,467,00467-2026-2031-CD,2026-10-01,178,"Fernández González, Svieta Valia",coautor,F
diputados,467,00467-2026-2031-CD,2026-10-01,195,"Isla Rojas, Azucena",coautor,F
diputados,467,00467-2026-2031-CD,2026-10-01,248,"Tito Rojas, César Hugo",coautor,M
diputados,467,00467-2026-2031-CD,2026-10-01,253,"Varas Seguin, Daniel Jefferson",coautor,M
diputados,466,00466-2026-2031-CD,2026-10-01,178,"Fernández González, Svieta Valia",autor,F
diputados,466,00466-2026-2031-CD,2026-10-01,261,"Zunini Yerren, Ernesto Alonzo",coautor,M
diputados,466,00466-2026-2031-CD,2026-10-01,218,"Palomino Casavilca, Catherin Norma",coautor,F
diputados,466,00466-2026-2031-CD,2026-10-01,248,"Tito Rojas, César Hugo",coautor,M
diputados,466,00466-2026-2031-CD,2026-10-01,195,"Isla Rojas, Azucena",coautor,F
diputados,466,00466-2026-2031-CD,2026-10-01,246,"Tapullima Insapillo, Jacqueline Viviana",coautor,F
diputados,465,00465-2026-2031-CD,2026-10-01,152,"Benítez Barrionuevo, Jessica",autor,F
diputados,465,00465-2026-2031-CD,2026-10-01,193,"Huaman Cornejo, Miguel Félix",coautor,M
diputados,465,00465-2026-2031-CD,2026-10-01,174,"Duarte Patiño de Pezet, Carmen Georgina",coautor,F
diputados,465,00465-2026-2031-CD,2026-10-01,160,"Castrejon Fernandez, Segundo Juan",coautor,M
diputados,465,00465-2026-2031-CD,2026-10-01,233,"Quispe Candia, Luis Eliseo",coautor,M
diputados,465,00465-2026-2031-CD,2026-10-01,190,"Hirache Pizarro, Gloria Charito",coautor,F
diputados,465,00465-2026-2031-CD,2026-10-01,183,"García Huby, Fernando Alberto",coautor,M
diputados,465,00465-2026-2031-CD,2026-10-01,143,"Alayza Maccera, Rossana Herminia",coautor,F
diputados,464,00464-2026-2031-CD,2026-10-01,166,"Chipana Condori, Graciela",autor,F
diputados,464,00464-2026-2031-CD,2026-10-01,261,"Zunini Yerren, Ernesto Alonzo",coautor,M
diputados,464,00464-2026-2031-CD,2026-10-01,218,"Palomino Casavilca, Catherin Norma",coautor,F
diputados,464,00464-2026-2031-CD,2026-10-01,187,"Guevara Ramírez, Jessica Roxana",coautor,F
diputados,464,00464-2026-2031-CD,2026-10-01,196,"Jibaja Ramos, Luis Ángel",coautor,M
diputados,464,00464-2026-2031-CD,2026-10-01,248,"Tito Rojas, César Hugo",coautor,M
diputados,463,00463-2026-2031-CD,2026-09-30,191,"Holguín Aguirre, James Arturo",autor,M
diputados,463,00463-2026-2031-CD,2026-09-30,218,"Palomino Casavilca, Catherin Norma",coautor,F
diputados,463,00463-2026-2031-CD,2026-09-30,219,"Palomino Pacheco, Amalia Emilia",coautor,F
diputados,463,00463-2026-2031-CD,2026-09-30,248,"Tito Rojas, César Hugo",coautor,M
diputados,463,00463-2026-2031-CD,2026-09-30,255,"Villanueva Calderón, Juan Amílcar",coautor,M
diputados,463,00463-2026-2031-CD,2026-09-30,185,"Gonzales Delgado, Gabriel Robertino",coautor,M
diputados,462,00462-2026-2031-CD,2026-09-30,84,"Obando Morgan, Auristela Ana",autor,F
diputados,462,00462-2026-2031-CD,2026-09-30,6,"Alegría García, Luis Arturo",coautor,M
diputados,462,00462-2026-2031-CD,2026-09-30,154,"Bobadilla Galindo, Ángel Bruno",coautor,M
diputados,462,00462-2026-2031-CD,2026-09-30,222,"Paucara Paxi, Carmela",coautor,F
diputados,462,00462-2026-2031-CD,2026-09-30,216,"Pacheco Quispe, Marco Antonio",coautor,M
diputados,462,00462-2026-2031-CD,2026-09-30,59,"Infantes Castañeda, Mery Eliana",coautor,F
diputados,460,00460-2026-2031-CD,2026-09-29,190,"Hirache Pizarro, Gloria Charito",autor,F
diputados,460,00460-2026-2031-CD,2026-09-29,152,"Benítez Barrionuevo, Jessica",coautor,F
diputados,460,00460-2026-2031-CD,2026-09-29,239,"Santana Vera, Milagros Karina",coautor,F
diputados,460,00460-2026-2031-CD,2026-09-29,231,"Prado Vallejos, Lila Marianela",coautor,F
diputados,460,00460-2026-2031-CD,2026-09-29,200,"Llaque Linares, Nora María",coautor,F
diputados,459,00459-2026-2031-CD,2026-09-29,218,"Palomino Casavilca, Catherin Norma",autor,F
diputados,459,00459-2026-2031-CD,2026-09-29,195,"Isla Rojas, Azucena",coautor,F
diputados,459,00459-2026-2031-CD,2026-09-29,191,"Holguín Aguirre, James Arturo",coautor,M
diputados,459,00459-2026-2031-CD,2026-09-29,223,"Peña Córdova, Olver",coautor,M
diputados,459,00459-2026-2031-CD,2026-09-29,166,"Chipana Condori, Graciela",coautor,F
diputados,459,00459-2026-2031-CD,2026-09-29,198,"Lavado Valdivia, Marino Teófilo",coautor,M
diputados,458,00458-2026-2031-CD,2026-09-29,205,"Márquez Huanca, Analí",autor,F
diputados,458,00458-2026-2031-CD,2026-09-29,226,"Pérez Mallqui, Julián Luis",coautor,M
diputados,458,00458-2026-2031-CD,2026-09-29,178,"Fernández González, Svieta Valia",coautor,F
diputados,458,00458-2026-2031-CD,2026-09-29,220,"Paredes Navarro, Yenifer Noelia",coautor,F
diputados,458,00458-2026-2031-CD,2026-09-29,261,"Zunini Yerren, Ernesto Alonzo",coautor,M
diputados,458,00458-2026-2031-CD,2026-09-29,223,"Peña Córdova, Olver",coautor,M
diputados,457,00457-2026-2031-CD,2026-09-29,185,"Gonzales Delgado, Gabriel Robertino",autor,M
diputados,457,00457-2026-2031-CD,2026-09-29,261,"Zunini Yerren, Ernesto Alonzo",coautor,M
diputados,457,00457-2026-2031-CD,2026-09-29,255,"Villanueva Calderón, Juan Amílcar",coautor,M
diputados,457,00457-2026-2031-CD,2026-09-29,220,"Paredes Navarro, Yenifer Noelia",coautor,F
diputados,457,00457-2026-2031-CD,2026-09-29,191,"Holguín Aguirre, James Arturo",coautor,M
diputados,457,00457-2026-2031-CD,2026-09-29,248,"Tito Rojas, César Hugo",coautor,M
diputados,456,00456-2026-2031-CD,2026-09-29,205,"Márquez Huanca, Analí",autor,F
diputados,456,00456-2026-2031-CD,2026-09-29,225,"Pérez Alccahuaman, Jesús",coautor,M
diputados,456,00456-2026-2031-CD,2026-09-29,188,"Guillén Valencia, Héctor",coautor,M
diputados,456,00456-2026-2031-CD,2026-09-29,187,"Guevara Ramírez, Jessica Roxana",coautor,F
diputados,456,00456-2026-2031-CD,2026-09-29,166,"Chipana Condori, Graciela",coautor,F
diputados,456,00456-2026-2031-CD,2026-09-29,158,"Cahuaza Mitivire, Oswar Elbis",coautor,M
diputados,456,00456-2026-2031-CD,2026-09-29,261,"Zunini Yerren, Ernesto Alonzo",coautor,M
diputados,456,00456-2026-2031-CD,2026-09-29,227,"Perez Quispe, Jessica Sadith",coautor,F
diputados,455,00455-2026-2031-CD,2026-09-29,197,"Krklec Torres, Frank",autor,M
diputados,455,00455-2026-2031-CD,2026-09-29,236,"Rocha Gallegos, Roxana María",coautor,F
diputados,455,00455-2026-2031-CD,2026-09-29,167,"Cipriani Thorne, Javier José María",coautor,M
diputados,455,00455-2026-2031-CD,2026-09-29,151,"Baella Malca, José Isidro",coautor,M
diputados,455,00455-2026-2031-CD,2026-09-29,258,"Yonz Nuñez, Mady Verónica",coautor,F
diputados,455,00455-2026-2031-CD,2026-09-29,148,"Aranda Vásquez, Christian",coautor,M
diputados,455,00455-2026-2031-CD,2026-09-29,256,"Yalta Sotelo, Carlos Alberto",coautor,M
diputados,455,00455-2026-2031-CD,2026-09-29,171,"De Paz Lancho, Leo Miguel",coautor,M
diputados,455,00455-2026-2031-CD,2026-09-29,128,"Zeballos Aponte, Jorge Arturo",coautor,M
diputados,455,00455-2026-2031-CD,2026-09-29,155,"Bravo Quispe, Aldo Antonio",coautor,M
diputados,454,00454-2026-2031-CD,2026-09-29,203,"Manrique Olivera, Bernardino Jair",autor,M
diputados,454,00454-2026-2031-CD,2026-09-29,192,"Holguín Loaiza, César Augusto",coautor,M
diputados,454,00454-2026-2031-CD,2026-09-29,156,"Buitrón Martínez, Freshman",coautor,M
diputados,454,00454-2026-2031-CD,2026-09-29,168,"Colchado Huamani, Harvey Julio",coautor,M
diputados,454,00454-2026-2031-CD,2026-09-29,242,"Sonco Villanueva, Helard Bladimir",coautor,M
diputados,454,00454-2026-2031-CD,2026-09-29,194,"Huilca Flores, Indira Isabel",coautor,F
diputados,453,00453-2026-2031-CD,2026-09-28,205,"Márquez Huanca, Analí",autor,F
diputados,453,00453-2026-2031-CD,2026-09-28,195,"Isla Rojas, Azucena",coautor,F
diputados,453,00453-2026-2031-CD,2026-09-28,178,"Fernández González, Svieta Valia",coautor,F
diputados,453,00453-2026-2031-CD,2026-09-28,181,"Flores Valdizan, Marco Antonio",coautor,M
diputados,453,00453-2026-2031-CD,2026-09-28,261,"Zunini Yerren, Ernesto Alonzo",coautor,M
diputados,453,00453-2026-2031-CD,2026-09-28,220,"Paredes Navarro, Yenifer Noelia",coautor,F
diputados,452,00452-2026-2031-CD,2026-09-28,205,"Márquez Huanca, Analí",autor,F
diputados,452,00452-2026-2031-CD,2026-09-28,261,"Zunini Yerren, Ernesto Alonzo",coautor,M
diputados,452,00452-2026-2031-CD,2026-09-28,178,"Fernández González, Svieta Valia",coautor,F
diputados,452,00452-2026-2031-CD,2026-09-28,195,"Isla Rojas, Azucena",coautor,F
diputados,452,00452-2026-2031-CD,2026-09-28,220,"Paredes Navarro, Yenifer Noelia",coautor,F
diputados,452,00452-2026-2031-CD,2026-09-28,181,"Flores Valdizan, Marco Antonio",coautor,M
diputados,451,00451-2026-2031-CD,2026-09-28,205,"Márquez Huanca, Analí",autor,F
diputados,451,00451-2026-2031-CD,2026-09-28,178,"Fernández González, Svieta Valia",coautor,F
diputados,451,00451-2026-2031-CD,2026-09-28,261,"Zunini Yerren, Ernesto Alonzo",coautor,M
diputados,451,00451-2026-2031-CD,2026-09-28,220,"Paredes Navarro, Yenifer Noelia",coautor,F
diputados,451,00451-2026-2031-CD,2026-09-28,181,"Flores Valdizan, Marco Antonio",coautor,M
diputados,451,00451-2026-2031-CD,2026-09-28,195,"Isla Rojas, Azucena",coautor,F
diputados,450,00450-2026-2031-CD,2026-09-28,165,"Chang Apuy, Félix See Hung",autor,M
diputados,450,00450-2026-2031-CD,2026-09-28,151,"Baella Malca, José Isidro",coautor,M
diputados,450,00450-2026-2031-CD,2026-09-28,258,"Yonz Nuñez, Mady Verónica",coautor,F
diputados,450,00450-2026-2031-CD,2026-09-28,197,"Krklec Torres, Frank",coautor,M
diputados,450,00450-2026-2031-CD,2026-09-28,171,"De Paz Lancho, Leo Miguel",coautor,M
diputados,450,00450-2026-2031-CD,2026-09-28,148,"Aranda Vásquez, Christian",coautor,M
diputados,449,00449-2026-2031-CD,2026-09-28,145,"Alvarón De la Cruz, Édgar Adrián",autor,M
diputados,449,00449-2026-2031-CD,2026-09-28,228,"Piñán Mamani, Víctor Eduardo",coautor,M
diputados,449,00449-2026-2031-CD,2026-09-28,224,"Peralta Jorpa, Máximo",coautor,M
diputados,449,00449-2026-2031-CD,2026-09-28,207,"Masco Cáceres, Luis Aurelio",coautor,M
diputados,449,00449-2026-2031-CD,2026-09-28,159,"Camargo Porta, Raúl Jesús",coautor,M
diputados,448,00448-2026-2031-CD,2026-09-28,171,"De Paz Lancho, Leo Miguel",autor,M
diputados,448,00448-2026-2031-CD,2026-09-28,236,"Rocha Gallegos, Roxana María",coautor,F
diputados,448,00448-2026-2031-CD,2026-09-28,128,"Zeballos Aponte, Jorge Arturo",coautor,M
diputados,448,00448-2026-2031-CD,2026-09-28,155,"Bravo Quispe, Aldo Antonio",coautor,M
diputados,448,00448-2026-2031-CD,2026-09-28,206,"Martínez Paitan, Paola Isabel",coautor,F
diputados,448,00448-2026-2031-CD,2026-09-28,258,"Yonz Nuñez, Mady Verónica",coautor,F
diputados,448,00448-2026-2031-CD,2026-09-28,167,"Cipriani Thorne, Javier José María",coautor,M
diputados,447,00447-2026-2031-CD,2026-09-28,171,"De Paz Lancho, Leo Miguel",autor,M
diputados,447,00447-2026-2031-CD,2026-09-28,236,"Rocha Gallegos, Roxana María",coautor,F
diputados,447,00447-2026-2031-CD,2026-09-28,128,"Zeballos Aponte, Jorge Arturo",coautor,M
diputados,447,00447-2026-2031-CD,2026-09-28,155,"Bravo Quispe, Aldo Antonio",coautor,M
diputados,447,00447-2026-2031-CD,2026-09-28,206,"Martínez Paitan, Paola Isabel",coautor,F
diputados,447,00447-2026-2031-CD,2026-09-28,258,"Yonz Nuñez, Mady Verónica",coautor,F
diputados,447,00447-2026-2031-CD,2026-09-28,167,"Cipriani Thorne, Javier José María",coautor,M
diputados,446,00446-2026-2031-CD,2026-09-28,236,"Rocha Gallegos, Roxana María",autor,F
diputados,446,00446-2026-2031-CD,2026-09-28,151,"Baella Malca, José Isidro",coautor,M
diputados,446,00446-2026-2031-CD,2026-09-28,167,"Cipriani Thorne, Javier José María",coautor,M
diputados,446,00446-2026-2031-CD,2026-09-28,258,"Yonz Nuñez, Mady Verónica",coautor,F
diputados,446,00446-2026-2031-CD,2026-09-28,148,"Aranda Vásquez, Christian",coautor,M
diputados,446,00446-2026-2031-CD,2026-09-28,240,"Segura Figueroa, Gustavo Alexander",coautor,M
diputados,446,00446-2026-2031-CD,2026-09-28,155,"Bravo Quispe, Aldo Antonio",coautor,M
diputados,445,00445-2026-2031-CD,2026-09-28,195,"Isla Rojas, Azucena",autor,F
diputados,445,00445-2026-2031-CD,2026-09-28,178,"Fernández González, Svieta Valia",coautor,F
diputados,445,00445-2026-2031-CD,2026-09-28,158,"Cahuaza Mitivire, Oswar Elbis",coautor,M
diputados,445,00445-2026-2031-CD,2026-09-28,220,"Paredes Navarro, Yenifer Noelia",coautor,F
diputados,445,00445-2026-2031-CD,2026-09-28,205,"Márquez Huanca, Analí",coautor,F
diputados,445,00445-2026-2031-CD,2026-09-28,253,"Varas Seguin, Daniel Jefferson",coautor,M
diputados,445,00445-2026-2031-CD,2026-09-28,261,"Zunini Yerren, Ernesto Alonzo",coautor,M
diputados,444,00444-2026-2031-CD,2026-09-28,224,"Peralta Jorpa, Máximo",autor,M
diputados,444,00444-2026-2031-CD,2026-09-28,228,"Piñán Mamani, Víctor Eduardo",autor,M
diputados,444,00444-2026-2031-CD,2026-09-28,157,"Cabrera Nieto, Juan César",autor,M
diputados,444,00444-2026-2031-CD,2026-09-28,201,"López Letona, Heber",autor,M
diputados,444,00444-2026-2031-CD,2026-09-28,159,"Camargo Porta, Raúl Jesús",autor,M
diputados,443,00443-2026-2031-CD,2026-09-28,189,"Hancco Hancco, Dina Irene",autor,F
diputados,443,00443-2026-2031-CD,2026-09-28,201,"López Letona, Heber",coautor,M
diputados,443,00443-2026-2031-CD,2026-09-28,224,"Peralta Jorpa, Máximo",coautor,M
diputados,443,00443-2026-2031-CD,2026-09-28,176,"Eusebio Padilla, Arturo César",coautor,M
diputados,443,00443-2026-2031-CD,2026-09-28,228,"Piñán Mamani, Víctor Eduardo",coautor,M
diputados,440,00440-2026-2031-CD,2026-09-28,217,"Palma Mendoza, José Marvin",autor,M
diputados,440,00440-2026-2031-CD,2026-09-28,211,"Meza Rivera, Flor de Jesús",coautor,F
diputados,440,00440-2026-2031-CD,2026-09-28,216,"Pacheco Quispe, Marco Antonio",coautor,M
diputados,440,00440-2026-2031-CD,2026-09-28,6,"Alegría García, Luis Arturo",coautor,M
diputados,440,00440-2026-2031-CD,2026-09-28,15,"Barbarán Reyes, Rosangella Andrea",coautor,F
diputados,439,00439-2026-2031-CD,2026-09-28,204,"Marcelo Salazar, José Miguel",autor,M
diputados,439,00439-2026-2031-CD,2026-09-28,192,"Holguín Loaiza, César Augusto",coautor,M
diputados,439,00439-2026-2031-CD,2026-09-28,156,"Buitrón Martínez, Freshman",coautor,M
diputados,439,00439-2026-2031-CD,2026-09-28,168,"Colchado Huamani, Harvey Julio",coautor,M
diputados,439,00439-2026-2031-CD,2026-09-28,213,"Muedas Balbiese, César Augusto",coautor,M
diputados,439,00439-2026-2031-CD,2026-09-28,194,"Huilca Flores, Indira Isabel",coautor,F
diputados,438,00438-2026-2031-CD,2026-09-25,145,"Alvarón De la Cruz, Édgar Adrián",autor,M
diputados,438,00438-2026-2031-CD,2026-09-25,207,"Masco Cáceres, Luis Aurelio",coautor,M
diputados,438,00438-2026-2031-CD,2026-09-25,228,"Piñán Mamani, Víctor Eduardo",coautor,M
diputados,438,00438-2026-2031-CD,2026-09-25,157,"Cabrera Nieto, Juan César",coautor,M
diputados,438,00438-2026-2031-CD,2026-09-25,224,"Peralta Jorpa, Máximo",coautor,M
diputados,437,00437-2026-2031-CD,2026-09-25,172,"Dodero Jovich, Pierangeli Daniela",autor,F
diputados,437,00437-2026-2031-CD,2026-09-25,6,"Alegría García, Luis Arturo",coautor,M
diputados,437,00437-2026-2031-CD,2026-09-25,211,"Meza Rivera, Flor de Jesús",coautor,F
diputados,437,00437-2026-2031-CD,2026-09-25,141,"Abensur Pinasco, Jaime Américo",coautor,M
diputados,437,00437-2026-2031-CD,2026-09-25,180,"Figari Mendoza, Pier Paolo",coautor,M
diputados,437,00437-2026-2031-CD,2026-09-25,162,"Castro Grández, Royser",coautor,M
diputados,436,00436-2026-2031-CD,2026-09-25,168,"Colchado Huamani, Harvey Julio",autor,M
diputados,436,00436-2026-2031-CD,2026-09-25,192,"Holguín Loaiza, César Augusto",coautor,M
diputados,436,00436-2026-2031-CD,2026-09-25,194,"Huilca Flores, Indira Isabel",coautor,F
diputados,436,00436-2026-2031-CD,2026-09-25,156,"Buitrón Martínez, Freshman",coautor,M
diputados,436,00436-2026-2031-CD,2026-09-25,203,"Manrique Olivera, Bernardino Jair",coautor,M
diputados,436,00436-2026-2031-CD,2026-09-25,213,"Muedas Balbiese, César Augusto",coautor,M
diputados,435,00435-2026-2031-CD,2026-09-25,222,"Paucara Paxi, Carmela",autor,F
diputados,435,00435-2026-2031-CD,2026-09-25,153,"Beteta Rubín, Karina Juliza",coautor,F
diputados,435,00435-2026-2031-CD,2026-09-25,245,"Takayama Jiménez, Liliana Milagros",coautor,F
diputados,435,00435-2026-2031-CD,2026-09-25,180,"Figari Mendoza, Pier Paolo",coautor,M
diputados,435,00435-2026-2031-CD,2026-09-25,84,"Obando Morgan, Auristela Ana",coautor,F
diputados,435,00435-2026-2031-CD,2026-09-25,221,"Patiño Urco, Ana Bertha",coautor,F
diputados,435,00435-2026-2031-CD,2026-09-25,184,"Gatica Vega, Francisco Javier",coautor,M
diputados,435,00435-2026-2031-CD,2026-09-25,216,"Pacheco Quispe, Marco Antonio",coautor,M
diputados,434,00434-2026-2031-CD,2026-09-24,149,"Arminta Valencia, Marleny Bibiana",autor,F
diputados,434,00434-2026-2031-CD,2026-09-24,203,"Manrique Olivera, Bernardino Jair",coautor,M
diputados,434,00434-2026-2031-CD,2026-09-24,156,"Buitrón Martínez, Freshman",coautor,M
diputados,434,00434-2026-2031-CD,2026-09-24,194,"Huilca Flores, Indira Isabel",coautor,F
diputados,434,00434-2026-2031-CD,2026-09-24,192,"Holguín Loaiza, César Augusto",coautor,M
diputados,433,00433-2026-2031-CD,2026-09-24,185,"Gonzales Delgado, Gabriel Robertino",autor,M
diputados,433,00433-2026-2031-CD,2026-09-24,220,"Paredes Navarro, Yenifer Noelia",coautor,F
diputados,433,00433-2026-2031-CD,2026-09-24,255,"Villanueva Calderón, Juan Amílcar",coautor,M
diputados,433,00433-2026-2031-CD,2026-09-24,191,"Holguín Aguirre, James Arturo",coautor,M
diputados,433,00433-2026-2031-CD,2026-09-24,196,"Jibaja Ramos, Luis Ángel",coautor,M
diputados,433,00433-2026-2031-CD,2026-09-24,248,"Tito Rojas, César Hugo",coautor,M
diputados,432,00432-2026-2031-CD,2026-09-24,145,"Alvarón De la Cruz, Édgar Adrián",autor,M
diputados,432,00432-2026-2031-CD,2026-09-24,257,"Yataco Torrealva, José Ricardo",coautor,M
diputados,432,00432-2026-2031-CD,2026-09-24,144,"Albañil Carmona, Henry Antonio",coautor,M
diputados,432,00432-2026-2031-CD,2026-09-24,208,"Medina Stein, Andrea Dayna",coautor,F
diputados,432,00432-2026-2031-CD,2026-09-24,224,"Peralta Jorpa, Máximo",coautor,M
diputados,432,00432-2026-2031-CD,2026-09-24,228,"Piñán Mamani, Víctor Eduardo",coautor,M
diputados,431,00431-2026-2031-CD,2026-09-24,185,"Gonzales Delgado, Gabriel Robertino",autor,M
diputados,431,00431-2026-2031-CD,2026-09-24,261,"Zunini Yerren, Ernesto Alonzo",coautor,M
diputados,431,00431-2026-2031-CD,2026-09-24,220,"Paredes Navarro, Yenifer Noelia",coautor,F
diputados,431,00431-2026-2031-CD,2026-09-24,255,"Villanueva Calderón, Juan Amílcar",coautor,M
diputados,431,00431-2026-2031-CD,2026-09-24,191,"Holguín Aguirre, James Arturo",coautor,M
diputados,431,00431-2026-2031-CD,2026-09-24,196,"Jibaja Ramos, Luis Ángel",coautor,M
diputados,431,00431-2026-2031-CD,2026-09-24,198,"Lavado Valdivia, Marino Teófilo",coautor,M
diputados,430,00430-2026-2031-CD,2026-09-24,16,"Bazán Calderón, Diego Alonso Fernando",autor,M
diputados,430,00430-2026-2031-CD,2026-09-24,165,"Chang Apuy, Félix See Hung",coautor,M
diputados,430,00430-2026-2031-CD,2026-09-24,128,"Zeballos Aponte, Jorge Arturo",coautor,M
diputados,430,00430-2026-2031-CD,2026-09-24,171,"De Paz Lancho, Leo Miguel",coautor,M
diputados,430,00430-2026-2031-CD,2026-09-24,256,"Yalta Sotelo, Carlos Alberto",coautor,M
diputados,430,00430-2026-2031-CD,2026-09-24,206,"Martínez Paitan, Paola Isabel",coautor,F
diputados,429,00429-2026-2031-CD,2026-09-23,195,"Isla Rojas, Azucena",autor,F
diputados,429,00429-2026-2031-CD,2026-09-23,261,"Zunini Yerren, Ernesto Alonzo",coautor,M
diputados,429,00429-2026-2031-CD,2026-09-23,188,"Guillén Valencia, Héctor",coautor,M
diputados,429,00429-2026-2031-CD,2026-09-23,178,"Fernández González, Svieta Valia",coautor,F
diputados,429,00429-2026-2031-CD,2026-09-23,218,"Palomino Casavilca, Catherin Norma",coautor,F
diputados,429,00429-2026-2031-CD,2026-09-23,205,"Márquez Huanca, Analí",coautor,F
diputados,429,00429-2026-2031-CD,2026-09-23,253,"Varas Seguin, Daniel Jefferson",coautor,M
diputados,428,00428-2026-2031-CD,2026-09-23,226,"Pérez Mallqui, Julián Luis",autor,M
diputados,428,00428-2026-2031-CD,2026-09-23,248,"Tito Rojas, César Hugo",coautor,M
diputados,428,00428-2026-2031-CD,2026-09-23,230,"Poma Huamani, Haydee Celinda",coautor,F
diputados,428,00428-2026-2031-CD,2026-09-23,150,"Avendaño Vilca, Giannina Iris",coautor,F
diputados,428,00428-2026-2031-CD,2026-09-23,225,"Pérez Alccahuaman, Jesús",coautor,M
diputados,428,00428-2026-2031-CD,2026-09-23,219,"Palomino Pacheco, Amalia Emilia",coautor,F
diputados,428,00428-2026-2031-CD,2026-09-23,223,"Peña Córdova, Olver",coautor,M
diputados,427,00427-2026-2031-CD,2026-09-23,171,"De Paz Lancho, Leo Miguel",autor,M
diputados,427,00427-2026-2031-CD,2026-09-23,206,"Martínez Paitan, Paola Isabel",coautor,F
diputados,427,00427-2026-2031-CD,2026-09-23,256,"Yalta Sotelo, Carlos Alberto",coautor,M
diputados,427,00427-2026-2031-CD,2026-09-23,128,"Zeballos Aponte, Jorge Arturo",coautor,M
diputados,427,00427-2026-2031-CD,2026-09-23,197,"Krklec Torres, Frank",coautor,M
diputados,427,00427-2026-2031-CD,2026-09-23,16,"Bazán Calderón, Diego Alonso Fernando",coautor,M
diputados,426,00426-2026-2031-CD,2026-09-23,259,"Yuffra Lugo, Ana Luisa",autor,F
diputados,426,00426-2026-2031-CD,2026-09-23,252,"Valqui Ordoñez, Jhonn Brayam",coautor,M
diputados,426,00426-2026-2031-CD,2026-09-23,214,"Muñoz Yurivilca, Kim Tami",coautor,F
diputados,426,00426-2026-2031-CD,2026-09-23,169,"Columbus Murata, Diethell",coautor,M
diputados,426,00426-2026-2031-CD,2026-09-23,141,"Abensur Pinasco, Jaime Américo",coautor,M
diputados,426,00426-2026-2031-CD,2026-09-23,229,"Pinasco Montenegro, Nary Benvinda",coautor,F
diputados,426,00426-2026-2031-CD,2026-09-23,254,"Vidaurre Floridas, César Manuel",coautor,M
diputados,425,00425-2026-2031-CD,2026-09-23,197,"Krklec Torres, Frank",autor,M
diputados,425,00425-2026-2031-CD,2026-09-23,236,"Rocha Gallegos, Roxana María",coautor,F
diputados,425,00425-2026-2031-CD,2026-09-23,167,"Cipriani Thorne, Javier José María",coautor,M
diputados,425,00425-2026-2031-CD,2026-09-23,151,"Baella Malca, José Isidro",coautor,M
diputados,425,00425-2026-2031-CD,2026-09-23,148,"Aranda Vásquez, Christian",coautor,M
diputados,425,00425-2026-2031-CD,2026-09-23,206,"Martínez Paitan, Paola Isabel",coautor,F
diputados,425,00425-2026-2031-CD,2026-09-23,128,"Zeballos Aponte, Jorge Arturo",coautor,M
diputados,425,00425-2026-2031-CD,2026-09-23,171,"De Paz Lancho, Leo Miguel",coautor,M
diputados,425,00425-2026-2031-CD,2026-09-23,165,"Chang Apuy, Félix See Hung",coautor,M
diputados,425,00425-2026-2031-CD,2026-09-23,240,"Segura Figueroa, Gustavo Alexander",coautor,M
diputados,424,00424-2026-2031-CD,2026-09-23,197,"Krklec Torres, Frank",autor,M
diputados,424,00424-2026-2031-CD,2026-09-23,167,"Cipriani Thorne, Javier José María",coautor,M
diputados,424,00424-2026-2031-CD,2026-09-23,258,"Yonz Nuñez, Mady Verónica",coautor,F
diputados,424,00424-2026-2031-CD,2026-09-23,206,"Martínez Paitan, Paola Isabel",coautor,F
diputados,424,00424-2026-2031-CD,2026-09-23,165,"Chang Apuy, Félix See Hung",coautor,M
diputados,424,00424-2026-2031-CD,2026-09-23,128,"Zeballos Aponte, Jorge Arturo",coautor,M
diputados,424,00424-2026-2031-CD,2026-09-23,256,"Yalta Sotelo, Carlos Alberto",coautor,M
diputados,424,00424-2026-2031-CD,2026-09-23,171,"De Paz Lancho, Leo Miguel",coautor,M
diputados,424,00424-2026-2031-CD,2026-09-23,151,"Baella Malca, José Isidro",adherente,M
diputados,423,00423-2026-2031-CD,2026-09-23,126,"Yarrow Lumbreras, Norma Martina",autor,F
diputados,423,00423-2026-2031-CD,2026-09-23,236,"Rocha Gallegos, Roxana María",coautor,F
diputados,423,00423-2026-2031-CD,2026-09-23,171,"De Paz Lancho, Leo Miguel",coautor,M
diputados,423,00423-2026-2031-CD,2026-09-23,167,"Cipriani Thorne, Javier José María",coautor,M
diputados,423,00423-2026-2031-CD,2026-09-23,128,"Zeballos Aponte, Jorge Arturo",coautor,M
diputados,423,00423-2026-2031-CD,2026-09-23,197,"Krklec Torres, Frank",coautor,M
diputados,423,00423-2026-2031-CD,2026-09-23,206,"Martínez Paitan, Paola Isabel",coautor,F
diputados,423,00423-2026-2031-CD,2026-09-23,165,"Chang Apuy, Félix See Hung",coautor,M
diputados,422,00422-2026-2031-CD,2026-09-23,256,"Yalta Sotelo, Carlos Alberto",autor,M
diputados,422,00422-2026-2031-CD,2026-09-23,165,"Chang Apuy, Félix See Hung",coautor,M
diputados,422,00422-2026-2031-CD,2026-09-23,171,"De Paz Lancho, Leo Miguel",coautor,M
diputados,422,00422-2026-2031-CD,2026-09-23,167,"Cipriani Thorne, Javier José María",coautor,M
diputados,422,00422-2026-2031-CD,2026-09-23,206,"Martínez Paitan, Paola Isabel",coautor,F
diputados,421,00421-2026-2031-CD,2026-09-23,173,"Domínguez Herrera, Carlos Alberto",autor,M
diputados,421,00421-2026-2031-CD,2026-09-23,211,"Meza Rivera, Flor de Jesús",coautor,F
diputados,421,00421-2026-2031-CD,2026-09-23,184,"Gatica Vega, Francisco Javier",coautor,M
diputados,421,00421-2026-2031-CD,2026-09-23,161,"Castro Cruz, Javier Alejandro",coautor,M
diputados,421,00421-2026-2031-CD,2026-09-23,249,"Trujillo Zegarra, Gilmer",coautor,M
diputados,421,00421-2026-2031-CD,2026-09-23,15,"Barbarán Reyes, Rosangella Andrea",coautor,F
diputados,420,00420-2026-2031-CD,2026-09-22,261,"Zunini Yerren, Ernesto Alonzo",autor,M
diputados,420,00420-2026-2031-CD,2026-09-22,185,"Gonzales Delgado, Gabriel Robertino",coautor,M
diputados,420,00420-2026-2031-CD,2026-09-22,196,"Jibaja Ramos, Luis Ángel",coautor,M
diputados,420,00420-2026-2031-CD,2026-09-22,230,"Poma Huamani, Haydee Celinda",coautor,F
diputados,420,00420-2026-2031-CD,2026-09-22,243,"Soto Ferrari, Luz Mérida",coautor,F
diputados,420,00420-2026-2031-CD,2026-09-22,158,"Cahuaza Mitivire, Oswar Elbis",coautor,M
diputados,420,00420-2026-2031-CD,2026-09-22,195,"Isla Rojas, Azucena",coautor,F
diputados,419,00419-2026-2031-CD,2026-09-22,261,"Zunini Yerren, Ernesto Alonzo",autor,M
diputados,419,00419-2026-2031-CD,2026-09-22,195,"Isla Rojas, Azucena",coautor,F
diputados,419,00419-2026-2031-CD,2026-09-22,198,"Lavado Valdivia, Marino Teófilo",coautor,M
diputados,419,00419-2026-2031-CD,2026-09-22,253,"Varas Seguin, Daniel Jefferson",coautor,M
diputados,419,00419-2026-2031-CD,2026-09-22,188,"Guillén Valencia, Héctor",coautor,M
diputados,418,00418-2026-2031-CD,2026-09-22,261,"Zunini Yerren, Ernesto Alonzo",autor,M
diputados,418,00418-2026-2031-CD,2026-09-22,195,"Isla Rojas, Azucena",coautor,F
diputados,418,00418-2026-2031-CD,2026-09-22,196,"Jibaja Ramos, Luis Ángel",coautor,M
diputados,418,00418-2026-2031-CD,2026-09-22,188,"Guillén Valencia, Héctor",coautor,M
diputados,418,00418-2026-2031-CD,2026-09-22,198,"Lavado Valdivia, Marino Teófilo",coautor,M
diputados,418,00418-2026-2031-CD,2026-09-22,253,"Varas Seguin, Daniel Jefferson",coautor,M
diputados,417,00417-2026-2031-CD,2026-09-22,261,"Zunini Yerren, Ernesto Alonzo",autor,M
diputados,417,00417-2026-2031-CD,2026-09-22,195,"Isla Rojas, Azucena",coautor,F
diputados,417,00417-2026-2031-CD,2026-09-22,196,"Jibaja Ramos, Luis Ángel",coautor,M
diputados,417,00417-2026-2031-CD,2026-09-22,188,"Guillén Valencia, Héctor",coautor,M
diputados,417,00417-2026-2031-CD,2026-09-22,198,"Lavado Valdivia, Marino Teófilo",coautor,M
diputados,417,00417-2026-2031-CD,2026-09-22,253,"Varas Seguin, Daniel Jefferson",coautor,M
diputados,416,00416-2026-2031-CD,2026-09-22,261,"Zunini Yerren, Ernesto Alonzo",autor,M
diputados,416,00416-2026-2031-CD,2026-09-22,195,"Isla Rojas, Azucena",coautor,F
diputados,416,00416-2026-2031-CD,2026-09-22,196,"Jibaja Ramos, Luis Ángel",coautor,M
diputados,416,00416-2026-2031-CD,2026-09-22,188,"Guillén Valencia, Héctor",coautor,M
diputados,416,00416-2026-2031-CD,2026-09-22,198,"Lavado Valdivia, Marino Teófilo",coautor,M
diputados,416,00416-2026-2031-CD,2026-09-22,253,"Varas Seguin, Daniel Jefferson",coautor,M
diputados,415,00415-2026-2031-CD,2026-09-22,261,"Zunini Yerren, Ernesto Alonzo",autor,M
diputados,415,00415-2026-2031-CD,2026-09-22,195,"Isla Rojas, Azucena",coautor,F
diputados,415,00415-2026-2031-CD,2026-09-22,196,"Jibaja Ramos, Luis Ángel",coautor,M
diputados,415,00415-2026-2031-CD,2026-09-22,188,"Guillén Valencia, Héctor",coautor,M
diputados,415,00415-2026-2031-CD,2026-09-22,198,"Lavado Valdivia, Marino Teófilo",coautor,M
diputados,415,00415-2026-2031-CD,2026-09-22,253,"Varas Seguin, Daniel Jefferson",coautor,M
diputados,413,00413-2026-2031-CD,2026-09-22,250,"Uribe Sáenz, Romina Alejandra",autor,F
diputados,413,00413-2026-2031-CD,2026-09-22,152,"Benítez Barrionuevo, Jessica",coautor,F
diputados,413,00413-2026-2031-CD,2026-09-22,212,"Molina Soto, Nathaly Milagros",coautor,F
diputados,413,00413-2026-2031-CD,2026-09-22,183,"García Huby, Fernando Alberto",coautor,M
diputados,413,00413-2026-2031-CD,2026-09-22,143,"Alayza Maccera, Rossana Herminia",coautor,F
diputados,413,00413-2026-2031-CD,2026-09-22,160,"Castrejon Fernandez, Segundo Juan",coautor,M
diputados,413,00413-2026-2031-CD,2026-09-22,200,"Llaque Linares, Nora María",coautor,F
diputados,413,00413-2026-2031-CD,2026-09-22,174,"Duarte Patiño de Pezet, Carmen Georgina",coautor,F
diputados,413,00413-2026-2031-CD,2026-09-22,230,"Poma Huamani, Haydee Celinda",coautor,F
diputados,413,00413-2026-2031-CD,2026-09-22,146,"Ambrosio Domínguez, Yuli Liliana",coautor,F
diputados,413,00413-2026-2031-CD,2026-09-22,244,"Sulca Castillo, Pilar",coautor,F
diputados,413,00413-2026-2031-CD,2026-09-22,194,"Huilca Flores, Indira Isabel",coautor,F
diputados,413,00413-2026-2031-CD,2026-09-22,203,"Manrique Olivera, Bernardino Jair",coautor,M
diputados,411,00411-2026-2031-CD,2026-09-22,168,"Colchado Huamani, Harvey Julio",autor,M
diputados,411,00411-2026-2031-CD,2026-09-22,192,"Holguín Loaiza, César Augusto",coautor,M
diputados,411,00411-2026-2031-CD,2026-09-22,149,"Arminta Valencia, Marleny Bibiana",coautor,F
diputados,411,00411-2026-2031-CD,2026-09-22,194,"Huilca Flores, Indira Isabel",coautor,F
diputados,411,00411-2026-2031-CD,2026-09-22,203,"Manrique Olivera, Bernardino Jair",coautor,M
diputados,411,00411-2026-2031-CD,2026-09-22,156,"Buitrón Martínez, Freshman",coautor,M
diputados,411,00411-2026-2031-CD,2026-09-22,210,"Meneses Crispin, Ángel Renato",coautor,M
diputados,410,00410-2026-2031-CD,2026-09-21,211,"Meza Rivera, Flor de Jesús",autor,F
diputados,410,00410-2026-2031-CD,2026-09-21,173,"Domínguez Herrera, Carlos Alberto",coautor,M
diputados,410,00410-2026-2031-CD,2026-09-21,162,"Castro Grández, Royser",coautor,M
diputados,410,00410-2026-2031-CD,2026-09-21,184,"Gatica Vega, Francisco Javier",coautor,M
diputados,410,00410-2026-2031-CD,2026-09-21,141,"Abensur Pinasco, Jaime Américo",coautor,M
diputados,410,00410-2026-2031-CD,2026-09-21,172,"Dodero Jovich, Pierangeli Daniela",coautor,F
diputados,409,00409-2026-2031-CD,2026-09-21,261,"Zunini Yerren, Ernesto Alonzo",autor,M
diputados,409,00409-2026-2031-CD,2026-09-21,191,"Holguín Aguirre, James Arturo",autor,M
diputados,409,00409-2026-2031-CD,2026-09-21,219,"Palomino Pacheco, Amalia Emilia",autor,F
diputados,409,00409-2026-2031-CD,2026-09-21,225,"Pérez Alccahuaman, Jesús",autor,M
diputados,409,00409-2026-2031-CD,2026-09-21,244,"Sulca Castillo, Pilar",autor,F
diputados,407,00407-2026-2031-CD,2026-09-21,261,"Zunini Yerren, Ernesto Alonzo",autor,M
diputados,407,00407-2026-2031-CD,2026-09-21,205,"Márquez Huanca, Analí",autor,F
diputados,407,00407-2026-2031-CD,2026-09-21,166,"Chipana Condori, Graciela",autor,F
diputados,407,00407-2026-2031-CD,2026-09-21,191,"Holguín Aguirre, James Arturo",autor,M
diputados,407,00407-2026-2031-CD,2026-09-21,219,"Palomino Pacheco, Amalia Emilia",autor,F
diputados,404,00404-2026-2031-CD,2026-09-21,188,"Guillén Valencia, Héctor",autor,M
diputados,404,00404-2026-2031-CD,2026-09-21,261,"Zunini Yerren, Ernesto Alonzo",coautor,M
diputados,404,00404-2026-2031-CD,2026-09-21,255,"Villanueva Calderón, Juan Amílcar",coautor,M
diputados,404,00404-2026-2031-CD,2026-09-21,198,"Lavado Valdivia, Marino Teófilo",coautor,M
diputados,404,00404-2026-2031-CD,2026-09-21,146,"Ambrosio Domínguez, Yuli Liliana",coautor,F
diputados,404,00404-2026-2031-CD,2026-09-21,181,"Flores Valdizan, Marco Antonio",coautor,M
diputados,403,00403-2026-2031-CD,2026-09-18,202,"Manay Pillaca, Alejandro José",autor,M
diputados,403,00403-2026-2031-CD,2026-09-18,248,"Tito Rojas, César Hugo",coautor,M
diputados,403,00403-2026-2031-CD,2026-09-18,218,"Palomino Casavilca, Catherin Norma",coautor,F
diputados,403,00403-2026-2031-CD,2026-09-18,219,"Palomino Pacheco, Amalia Emilia",coautor,F
diputados,403,00403-2026-2031-CD,2026-09-18,191,"Holguín Aguirre, James Arturo",coautor,M
diputados,403,00403-2026-2031-CD,2026-09-18,166,"Chipana Condori, Graciela",coautor,F
diputados,403,00403-2026-2031-CD,2026-09-18,225,"Pérez Alccahuaman, Jesús",coautor,M
diputados,403,00403-2026-2031-CD,2026-09-18,244,"Sulca Castillo, Pilar",coautor,F
diputados,403,00403-2026-2031-CD,2026-09-18,178,"Fernández González, Svieta Valia",coautor,F
diputados,373,00373-2026-2031-CD,2026-09-18,256,"Yalta Sotelo, Carlos Alberto",autor,M
diputados,373,00373-2026-2031-CD,2026-09-18,151,"Baella Malca, José Isidro",coautor,M
diputados,373,00373-2026-2031-CD,2026-09-18,165,"Chang Apuy, Félix See Hung",coautor,M
diputados,373,00373-2026-2031-CD,2026-09-18,206,"Martínez Paitan, Paola Isabel",coautor,F
diputados,373,00373-2026-2031-CD,2026-09-18,258,"Yonz Nuñez, Mady Verónica",coautor,F
diputados,373,00373-2026-2031-CD,2026-09-18,128,"Zeballos Aponte, Jorge Arturo",coautor,M
diputados,367,00367-2026-2031-CD,2026-09-18,255,"Villanueva Calderón, Juan Amílcar",autor,M
diputados,367,00367-2026-2031-CD,2026-09-18,261,"Zunini Yerren, Ernesto Alonzo",coautor,M
diputados,367,00367-2026-2031-CD,2026-09-18,185,"Gonzales Delgado, Gabriel Robertino",coautor,M
diputados,367,00367-2026-2031-CD,2026-09-18,196,"Jibaja Ramos, Luis Ángel",coautor,M
diputados,367,00367-2026-2031-CD,2026-09-18,187,"Guevara Ramírez, Jessica Roxana",coautor,F
diputados,367,00367-2026-2031-CD,2026-09-18,230,"Poma Huamani, Haydee Celinda",coautor,F
diputados,367,00367-2026-2031-CD,2026-09-18,227,"Perez Quispe, Jessica Sadith",coautor,F
diputados,364,00364-2026-2031-CD,2026-09-18,198,"Lavado Valdivia, Marino Teófilo",autor,M
diputados,364,00364-2026-2031-CD,2026-09-18,187,"Guevara Ramírez, Jessica Roxana",coautor,F
diputados,364,00364-2026-2031-CD,2026-09-18,178,"Fernández González, Svieta Valia",coautor,F
diputados,364,00364-2026-2031-CD,2026-09-18,218,"Palomino Casavilca, Catherin Norma",coautor,F
diputados,364,00364-2026-2031-CD,2026-09-18,188,"Guillén Valencia, Héctor",coautor,M
diputados,364,00364-2026-2031-CD,2026-09-18,225,"Pérez Alccahuaman, Jesús",coautor,M
diputados,352,00352-2026-2031-CD,2026-09-18,166,"Chipana Condori, Graciela",autor,F
diputados,352,00352-2026-2031-CD,2026-09-18,261,"Zunini Yerren, Ernesto Alonzo",coautor,M
diputados,352,00352-2026-2031-CD,2026-09-18,187,"Guevara Ramírez, Jessica Roxana",coautor,F
diputados,352,00352-2026-2031-CD,2026-09-18,218,"Palomino Casavilca, Catherin Norma",coautor,F
diputados,352,00352-2026-2031-CD,2026-09-18,226,"Pérez Mallqui, Julián Luis",coautor,M
diputados,352,00352-2026-2031-CD,2026-09-18,227,"Perez Quispe, Jessica Sadith",coautor,F
diputados,352,00352-2026-2031-CD,2026-09-18,230,"Poma Huamani, Haydee Celinda",coautor,F
diputados,349,00349-2026-2031-CD,2026-09-18,166,"Chipana Condori, Graciela",autor,F
diputados,349,00349-2026-2031-CD,2026-09-18,261,"Zunini Yerren, Ernesto Alonzo",coautor,M
diputados,349,00349-2026-2031-CD,2026-09-18,187,"Guevara Ramírez, Jessica Roxana",coautor,F
diputados,349,00349-2026-2031-CD,2026-09-18,218,"Palomino Casavilca, Catherin Norma",coautor,F
diputados,349,00349-2026-2031-CD,2026-09-18,226,"Pérez Mallqui, Julián Luis",coautor,M
diputados,349,00349-2026-2031-CD,2026-09-18,196,"Jibaja Ramos, Luis Ángel",coautor,M
diputados,349,00349-2026-2031-CD,2026-09-18,227,"Perez Quispe, Jessica Sadith",coautor,F
diputados,349,00349-2026-2031-CD,2026-09-18,230,"Poma Huamani, Haydee Celinda",coautor,F
diputados,345,00345-2026-2031-CD,2026-09-18,218,"Palomino Casavilca, Catherin Norma",autor,F
diputados,345,00345-2026-2031-CD,2026-09-18,166,"Chipana Condori, Graciela",autor,F
diputados,345,00345-2026-2031-CD,2026-09-18,226,"Pérez Mallqui, Julián Luis",autor,M
diputados,345,00345-2026-2031-CD,2026-09-18,191,"Holguín Aguirre, James Arturo",autor,M
diputados,345,00345-2026-2031-CD,2026-09-18,178,"Fernández González, Svieta Valia",autor,F
diputados,315,00315-2026-2031-CD,2026-09-17,242,"Sonco Villanueva, Helard Bladimir",autor,M
diputados,315,00315-2026-2031-CD,2026-09-17,192,"Holguín Loaiza, César Augusto",coautor,M
diputados,315,00315-2026-2031-CD,2026-09-17,210,"Meneses Crispin, Ángel Renato",coautor,M
diputados,315,00315-2026-2031-CD,2026-09-17,213,"Muedas Balbiese, César Augusto",coautor,M
diputados,315,00315-2026-2031-CD,2026-09-17,194,"Huilca Flores, Indira Isabel",coautor,F
diputados,315,00315-2026-2031-CD,2026-09-17,156,"Buitrón Martínez, Freshman",coautor,M
diputados,315,00315-2026-2031-CD,2026-09-17,204,"Marcelo Salazar, José Miguel",coautor,M
diputados,315,00315-2026-2031-CD,2026-09-17,203,"Manrique Olivera, Bernardino Jair",coautor,M
diputados,306,00306-2026-2031-CD,2026-09-17,160,"Castrejon Fernandez, Segundo Juan",autor,M
diputados,306,00306-2026-2031-CD,2026-09-17,186,"Gonzales Polar, Édgar Dember",coautor,M
diputados,306,00306-2026-2031-CD,2026-09-17,152,"Benítez Barrionuevo, Jessica",coautor,F
diputados,306,00306-2026-2031-CD,2026-09-17,200,"Llaque Linares, Nora María",coautor,F
diputados,306,00306-2026-2031-CD,2026-09-17,174,"Duarte Patiño de Pezet, Carmen Georgina",coautor,F
diputados,306,00306-2026-2031-CD,2026-09-17,190,"Hirache Pizarro, Gloria Charito",coautor,F
diputados,306,00306-2026-2031-CD,2026-09-17,193,"Huaman Cornejo, Miguel Félix",coautor,M
diputados,306,00306-2026-2031-CD,2026-09-17,250,"Uribe Sáenz, Romina Alejandra",coautor,F
diputados,306,00306-2026-2031-CD,2026-09-17,233,"Quispe Candia, Luis Eliseo",coautor,M
diputados,293,00293-2026-2031-CD,2026-09-17,149,"Arminta Valencia, Marleny Bibiana",autor,F
diputados,293,00293-2026-2031-CD,2026-09-17,192,"Holguín Loaiza, César Augusto",autor,M
diputados,293,00293-2026-2031-CD,2026-09-17,156,"Buitrón Martínez, Freshman",autor,M
diputados,293,00293-2026-2031-CD,2026-09-17,203,"Manrique Olivera, Bernardino Jair",autor,M
diputados,293,00293-2026-2031-CD,2026-09-17,210,"Meneses Crispin, Ángel Renato",autor,M
diputados,289,00289-2026-2031-CD,2026-09-17,151,"Baella Malca, José Isidro",autor,M
diputados,289,00289-2026-2031-CD,2026-09-17,171,"De Paz Lancho, Leo Miguel",coautor,M
diputados,289,00289-2026-2031-CD,2026-09-17,206,"Martínez Paitan, Paola Isabel",coautor,F
diputados,289,00289-2026-2031-CD,2026-09-17,165,"Chang Apuy, Félix See Hung",coautor,M
diputados,289,00289-2026-2031-CD,2026-09-17,197,"Krklec Torres, Frank",coautor,M
diputados,289,00289-2026-2031-CD,2026-09-17,240,"Segura Figueroa, Gustavo Alexander",coautor,M
diputados,289,00289-2026-2031-CD,2026-09-17,167,"Cipriani Thorne, Javier José María",coautor,M
diputados,276,00276-2026-2031-CD,2026-09-16,178,"Fernández González, Svieta Valia",autor,F
diputados,276,00276-2026-2031-CD,2026-09-16,150,"Avendaño Vilca, Giannina Iris",coautor,F
diputados,276,00276-2026-2031-CD,2026-09-16,230,"Poma Huamani, Haydee Celinda",coautor,F
diputados,276,00276-2026-2031-CD,2026-09-16,261,"Zunini Yerren, Ernesto Alonzo",coautor,M
diputados,276,00276-2026-2031-CD,2026-09-16,188,"Guillén Valencia, Héctor",coautor,M
diputados,276,00276-2026-2031-CD,2026-09-16,166,"Chipana Condori, Graciela",coautor,F
diputados,276,00276-2026-2031-CD,2026-09-16,227,"Perez Quispe, Jessica Sadith",coautor,F
diputados,276,00276-2026-2031-CD,2026-09-16,248,"Tito Rojas, César Hugo",coautor,M
diputados,271,00271-2026-2031-CD,2026-09-16,256,"Yalta Sotelo, Carlos Alberto",autor,M
diputados,271,00271-2026-2031-CD,2026-09-16,171,"De Paz Lancho, Leo Miguel",coautor,M
diputados,271,00271-2026-2031-CD,2026-09-16,148,"Aranda Vásquez, Christian",coautor,M
diputados,271,00271-2026-2031-CD,2026-09-16,165,"Chang Apuy, Félix See Hung",coautor,M
diputados,271,00271-2026-2031-CD,2026-09-16,128,"Zeballos Aponte, Jorge Arturo",coautor,M
diputados,271,00271-2026-2031-CD,2026-09-16,183,"García Huby, Fernando Alberto",adherente,M
diputados,268,00268-2026-2031-CD,2026-09-16,143,"Alayza Maccera, Rossana Herminia",autor,F
diputados,268,00268-2026-2031-CD,2026-09-16,152,"Benítez Barrionuevo, Jessica",coautor,F
diputados,268,00268-2026-2031-CD,2026-09-16,193,"Huaman Cornejo, Miguel Félix",coautor,M
diputados,268,00268-2026-2031-CD,2026-09-16,200,"Llaque Linares, Nora María",coautor,F
diputados,268,00268-2026-2031-CD,2026-09-16,233,"Quispe Candia, Luis Eliseo",coautor,M
diputados,268,00268-2026-2031-CD,2026-09-16,186,"Gonzales Polar, Édgar Dember",coautor,M
diputados,268,00268-2026-2031-CD,2026-09-16,177,"Fernandez de la Torre, Hilda Judit",coautor,F
diputados,268,00268-2026-2031-CD,2026-09-16,160,"Castrejon Fernandez, Segundo Juan",coautor,M
diputados,268,00268-2026-2031-CD,2026-09-16,174,"Duarte Patiño de Pezet, Carmen Georgina",coautor,F
diputados,268,00268-2026-2031-CD,2026-09-16,190,"Hirache Pizarro, Gloria Charito",coautor,F
diputados,245,00245-2026-2031-CD,2026-09-16,149,"Arminta Valencia, Marleny Bibiana",autor,F
diputados,245,00245-2026-2031-CD,2026-09-16,192,"Holguín Loaiza, César Augusto",coautor,M
diputados,245,00245-2026-2031-CD,2026-09-16,156,"Buitrón Martínez, Freshman",coautor,M
diputados,245,00245-2026-2031-CD,2026-09-16,210,"Meneses Crispin, Ángel Renato",coautor,M
diputados,245,00245-2026-2031-CD,2026-09-16,242,"Sonco Villanueva, Helard Bladimir",coautor,M
diputados,245,00245-2026-2031-CD,2026-09-16,203,"Manrique Olivera, Bernardino Jair",coautor,M
diputados,244,00244-2026-2031-CD,2026-09-16,149,"Arminta Valencia, Marleny Bibiana",autor,F
diputados,244,00244-2026-2031-CD,2026-09-16,192,"Holguín Loaiza, César Augusto",coautor,M
diputados,244,00244-2026-2031-CD,2026-09-16,168,"Colchado Huamani, Harvey Julio",coautor,M
diputados,244,00244-2026-2031-CD,2026-09-16,203,"Manrique Olivera, Bernardino Jair",coautor,M
diputados,244,00244-2026-2031-CD,2026-09-16,156,"Buitrón Martínez, Freshman",coautor,M
diputados,238,00238-2026-2031-CD,2026-09-15,173,"Domínguez Herrera, Carlos Alberto",autor,M
diputados,238,00238-2026-2031-CD,2026-09-15,260,"Zegarra Sánchez, Carlos Alberto",coautor,M
diputados,238,00238-2026-2031-CD,2026-09-15,211,"Meza Rivera, Flor de Jesús",coautor,F
diputados,238,00238-2026-2031-CD,2026-09-15,15,"Barbarán Reyes, Rosangella Andrea",coautor,F
diputados,238,00238-2026-2031-CD,2026-09-15,184,"Gatica Vega, Francisco Javier",coautor,M
diputados,236,00236-2026-2031-CD,2026-09-15,218,"Palomino Casavilca, Catherin Norma",autor,F
diputados,236,00236-2026-2031-CD,2026-09-15,261,"Zunini Yerren, Ernesto Alonzo",coautor,M
diputados,236,00236-2026-2031-CD,2026-09-15,178,"Fernández González, Svieta Valia",coautor,F
diputados,236,00236-2026-2031-CD,2026-09-15,226,"Pérez Mallqui, Julián Luis",coautor,M
diputados,236,00236-2026-2031-CD,2026-09-15,191,"Holguín Aguirre, James Arturo",coautor,M
diputados,230,00230-2026-2031-CD,2026-09-15,230,"Poma Huamani, Haydee Celinda",autor,F
diputados,230,00230-2026-2031-CD,2026-09-15,261,"Zunini Yerren, Ernesto Alonzo",coautor,M
diputados,230,00230-2026-2031-CD,2026-09-15,195,"Isla Rojas, Azucena",coautor,F
diputados,230,00230-2026-2031-CD,2026-09-15,225,"Pérez Alccahuaman, Jesús",coautor,M
diputados,230,00230-2026-2031-CD,2026-09-15,227,"Perez Quispe, Jessica Sadith",coautor,F
diputados,230,00230-2026-2031-CD,2026-09-15,226,"Pérez Mallqui, Julián Luis",coautor,M
diputados,230,00230-2026-2031-CD,2026-09-15,248,"Tito Rojas, César Hugo",coautor,M
diputados,223,00223-2026-2031-CD,2026-09-15,219,"Palomino Pacheco, Amalia Emilia",autor,F
diputados,223,00223-2026-2031-CD,2026-09-15,191,"Holguín Aguirre, James Arturo",coautor,M
diputados,223,00223-2026-2031-CD,2026-09-15,225,"Pérez Alccahuaman, Jesús",coautor,M
diputados,223,00223-2026-2031-CD,2026-09-15,227,"Perez Quispe, Jessica Sadith",coautor,F
diputados,223,00223-2026-2031-CD,2026-09-15,188,"Guillén Valencia, Héctor",coautor,M
diputados,223,00223-2026-2031-CD,2026-09-15,181,"Flores Valdizan, Marco Antonio",coautor,M
diputados,223,00223-2026-2031-CD,2026-09-15,230,"Poma Huamani, Haydee Celinda",coautor,F
diputados,223,00223-2026-2031-CD,2026-09-15,193,"Huaman Cornejo, Miguel Félix",coautor,M
diputados,222,00222-2026-2031-CD,2026-09-15,230,"Poma Huamani, Haydee Celinda",autor,F
diputados,222,00222-2026-2031-CD,2026-09-15,185,"Gonzales Delgado, Gabriel Robertino",coautor,M
diputados,222,00222-2026-2031-CD,2026-09-15,261,"Zunini Yerren, Ernesto Alonzo",coautor,M
diputados,222,00222-2026-2031-CD,2026-09-15,225,"Pérez Alccahuaman, Jesús",coautor,M
diputados,222,00222-2026-2031-CD,2026-09-15,226,"Pérez Mallqui, Julián Luis",coautor,M
diputados,222,00222-2026-2031-CD,2026-09-15,227,"Perez Quispe, Jessica Sadith",coautor,F
diputados,222,00222-2026-2031-CD,2026-09-15,248,"Tito Rojas, César Hugo",coautor,M
diputados,214,00214-2026-2031-CD,2026-09-14,258,"Yonz Nuñez, Mady Verónica",autor,F
diputados,214,00214-2026-2031-CD,2026-09-14,171,"De Paz Lancho, Leo Miguel",coautor,M
diputados,214,00214-2026-2031-CD,2026-09-14,236,"Rocha Gallegos, Roxana María",coautor,F
diputados,214,00214-2026-2031-CD,2026-09-14,256,"Yalta Sotelo, Carlos Alberto",coautor,M
diputados,214,00214-2026-2031-CD,2026-09-14,206,"Martínez Paitan, Paola Isabel",coautor,F
diputados,212,00212-2026-2031-CD,2026-09-14,173,"Domínguez Herrera, Carlos Alberto",autor,M
diputados,212,00212-2026-2031-CD,2026-09-14,260,"Zegarra Sánchez, Carlos Alberto",coautor,M
diputados,212,00212-2026-2031-CD,2026-09-14,15,"Barbarán Reyes, Rosangella Andrea",coautor,F
diputados,212,00212-2026-2031-CD,2026-09-14,184,"Gatica Vega, Francisco Javier",coautor,M
diputados,212,00212-2026-2031-CD,2026-09-14,249,"Trujillo Zegarra, Gilmer",coautor,M
diputados,211,00211-2026-2031-CD,2026-09-14,256,"Yalta Sotelo, Carlos Alberto",autor,M
diputados,211,00211-2026-2031-CD,2026-09-14,236,"Rocha Gallegos, Roxana María",coautor,F
diputados,211,00211-2026-2031-CD,2026-09-14,167,"Cipriani Thorne, Javier José María",coautor,M
diputados,211,00211-2026-2031-CD,2026-09-14,128,"Zeballos Aponte, Jorge Arturo",coautor,M
diputados,211,00211-2026-2031-CD,2026-09-14,16,"Bazán Calderón, Diego Alonso Fernando",coautor,M
diputados,210,00210-2026-2031-CD,2026-09-11,178,"Fernández González, Svieta Valia",autor,F
diputados,210,00210-2026-2031-CD,2026-09-11,248,"Tito Rojas, César Hugo",coautor,M
diputados,210,00210-2026-2031-CD,2026-09-11,246,"Tapullima Insapillo, Jacqueline Viviana",coautor,F
diputados,210,00210-2026-2031-CD,2026-09-11,261,"Zunini Yerren, Ernesto Alonzo",coautor,M
diputados,210,00210-2026-2031-CD,2026-09-11,218,"Palomino Casavilca, Catherin Norma",coautor,F
diputados,210,00210-2026-2031-CD,2026-09-11,195,"Isla Rojas, Azucena",coautor,F
diputados,209,00209-2026-2031-CD,2026-09-11,236,"Rocha Gallegos, Roxana María",autor,F
diputados,209,00209-2026-2031-CD,2026-09-11,167,"Cipriani Thorne, Javier José María",coautor,M
diputados,209,00209-2026-2031-CD,2026-09-11,171,"De Paz Lancho, Leo Miguel",coautor,M
diputados,209,00209-2026-2031-CD,2026-09-11,155,"Bravo Quispe, Aldo Antonio",coautor,M
diputados,209,00209-2026-2031-CD,2026-09-11,256,"Yalta Sotelo, Carlos Alberto",coautor,M
diputados,209,00209-2026-2031-CD,2026-09-11,151,"Baella Malca, José Isidro",coautor,M
diputados,209,00209-2026-2031-CD,2026-09-11,206,"Martínez Paitan, Paola Isabel",coautor,F
diputados,209,00209-2026-2031-CD,2026-09-11,165,"Chang Apuy, Félix See Hung",coautor,M
diputados,208,00208-2026-2031-CD,2026-09-11,155,"Bravo Quispe, Aldo Antonio",autor,M
diputados,208,00208-2026-2031-CD,2026-09-11,236,"Rocha Gallegos, Roxana María",coautor,F
diputados,208,00208-2026-2031-CD,2026-09-11,128,"Zeballos Aponte, Jorge Arturo",coautor,M
diputados,208,00208-2026-2031-CD,2026-09-11,171,"De Paz Lancho, Leo Miguel",coautor,M
diputados,208,00208-2026-2031-CD,2026-09-11,16,"Bazán Calderón, Diego Alonso Fernando",coautor,M
diputados,208,00208-2026-2031-CD,2026-09-11,148,"Aranda Vásquez, Christian",coautor,M
diputados,208,00208-2026-2031-CD,2026-09-11,206,"Martínez Paitan, Paola Isabel",coautor,F
diputados,208,00208-2026-2031-CD,2026-09-11,256,"Yalta Sotelo, Carlos Alberto",coautor,M
diputados,207,00207-2026-2031-CD,2026-09-11,195,"Isla Rojas, Azucena",autor,F
diputados,207,00207-2026-2031-CD,2026-09-11,261,"Zunini Yerren, Ernesto Alonzo",coautor,M
diputados,207,00207-2026-2031-CD,2026-09-11,178,"Fernández González, Svieta Valia",coautor,F
diputados,207,00207-2026-2031-CD,2026-09-11,146,"Ambrosio Domínguez, Yuli Liliana",coautor,F
diputados,207,00207-2026-2031-CD,2026-09-11,253,"Varas Seguin, Daniel Jefferson",coautor,M
diputados,207,00207-2026-2031-CD,2026-09-11,218,"Palomino Casavilca, Catherin Norma",coautor,F
diputados,207,00207-2026-2031-CD,2026-09-11,220,"Paredes Navarro, Yenifer Noelia",coautor,F
diputados,206,00206-2026-2031-CD,2026-09-11,195,"Isla Rojas, Azucena",autor,F
diputados,206,00206-2026-2031-CD,2026-09-11,261,"Zunini Yerren, Ernesto Alonzo",coautor,M
diputados,206,00206-2026-2031-CD,2026-09-11,178,"Fernández González, Svieta Valia",coautor,F
diputados,206,00206-2026-2031-CD,2026-09-11,146,"Ambrosio Domínguez, Yuli Liliana",coautor,F
diputados,206,00206-2026-2031-CD,2026-09-11,253,"Varas Seguin, Daniel Jefferson",coautor,M
diputados,206,00206-2026-2031-CD,2026-09-11,218,"Palomino Casavilca, Catherin Norma",coautor,F
diputados,206,00206-2026-2031-CD,2026-09-11,220,"Paredes Navarro, Yenifer Noelia",coautor,F
diputados,205,00205-2026-2031-CD,2026-09-11,195,"Isla Rojas, Azucena",autor,F
diputados,205,00205-2026-2031-CD,2026-09-11,261,"Zunini Yerren, Ernesto Alonzo",coautor,M
diputados,205,00205-2026-2031-CD,2026-09-11,178,"Fernández González, Svieta Valia",coautor,F
diputados,205,00205-2026-2031-CD,2026-09-11,253,"Varas Seguin, Daniel Jefferson",coautor,M
diputados,205,00205-2026-2031-CD,2026-09-11,220,"Paredes Navarro, Yenifer Noelia",coautor,F
diputados,205,00205-2026-2031-CD,2026-09-11,146,"Ambrosio Domínguez, Yuli Liliana",coautor,F
diputados,205,00205-2026-2031-CD,2026-09-11,218,"Palomino Casavilca, Catherin Norma",coautor,F
diputados,204,00204-2026-2031-CD,2026-09-11,210,"Meneses Crispin, Ángel Renato",autor,M
diputados,204,00204-2026-2031-CD,2026-09-11,204,"Marcelo Salazar, José Miguel",coautor,M
diputados,204,00204-2026-2031-CD,2026-09-11,156,"Buitrón Martínez, Freshman",coautor,M
diputados,204,00204-2026-2031-CD,2026-09-11,192,"Holguín Loaiza, César Augusto",coautor,M
diputados,204,00204-2026-2031-CD,2026-09-11,213,"Muedas Balbiese, César Augusto",coautor,M
diputados,204,00204-2026-2031-CD,2026-09-11,203,"Manrique Olivera, Bernardino Jair",coautor,M
diputados,204,00204-2026-2031-CD,2026-09-11,194,"Huilca Flores, Indira Isabel",coautor,F
diputados,203,00203-2026-2031-CD,2026-09-11,224,"Peralta Jorpa, Máximo",autor,M
diputados,203,00203-2026-2031-CD,2026-09-11,228,"Piñán Mamani, Víctor Eduardo",coautor,M
diputados,203,00203-2026-2031-CD,2026-09-11,159,"Camargo Porta, Raúl Jesús",coautor,M
diputados,203,00203-2026-2031-CD,2026-09-11,189,"Hancco Hancco, Dina Irene",coautor,F
diputados,203,00203-2026-2031-CD,2026-09-11,201,"López Letona, Heber",coautor,M
diputados,202,00202-2026-2031-CD,2026-09-11,151,"Baella Malca, José Isidro",autor,M
diputados,202,00202-2026-2031-CD,2026-09-11,126,"Yarrow Lumbreras, Norma Martina",coautor,F
diputados,202,00202-2026-2031-CD,2026-09-11,171,"De Paz Lancho, Leo Miguel",coautor,M
diputados,202,00202-2026-2031-CD,2026-09-11,167,"Cipriani Thorne, Javier José María",coautor,M
diputados,202,00202-2026-2031-CD,2026-09-11,236,"Rocha Gallegos, Roxana María",coautor,F
diputados,202,00202-2026-2031-CD,2026-09-11,165,"Chang Apuy, Félix See Hung",coautor,M
diputados,201,00201-2026-2031-CD,2026-09-11,234,"Ramos Rosales, María Candelaria",autor,F
diputados,201,00201-2026-2031-CD,2026-09-11,169,"Columbus Murata, Diethell",coautor,M
diputados,201,00201-2026-2031-CD,2026-09-11,172,"Dodero Jovich, Pierangeli Daniela",coautor,F
diputados,201,00201-2026-2031-CD,2026-09-11,259,"Yuffra Lugo, Ana Luisa",coautor,F
diputados,201,00201-2026-2031-CD,2026-09-11,241,"Silupú Inga, María Luisa",coautor,F
diputados,201,00201-2026-2031-CD,2026-09-11,153,"Beteta Rubín, Karina Juliza",coautor,F
diputados,201,00201-2026-2031-CD,2026-09-11,101,"Revilla Villanueva, César Manuel",coautor,M
diputados,201,00201-2026-2031-CD,2026-09-11,154,"Bobadilla Galindo, Ángel Bruno",coautor,M
diputados,200,00200-2026-2031-CD,2026-09-11,206,"Martínez Paitan, Paola Isabel",autor,F
diputados,200,00200-2026-2031-CD,2026-09-11,236,"Rocha Gallegos, Roxana María",coautor,F
diputados,200,00200-2026-2031-CD,2026-09-11,171,"De Paz Lancho, Leo Miguel",coautor,M
diputados,200,00200-2026-2031-CD,2026-09-11,155,"Bravo Quispe, Aldo Antonio",coautor,M
diputados,200,00200-2026-2031-CD,2026-09-11,148,"Aranda Vásquez, Christian",coautor,M
diputados,200,00200-2026-2031-CD,2026-09-11,126,"Yarrow Lumbreras, Norma Martina",coautor,F
diputados,200,00200-2026-2031-CD,2026-09-11,258,"Yonz Nuñez, Mady Verónica",coautor,F
diputados,199,00199-2026-2031-CD,2026-09-11,256,"Yalta Sotelo, Carlos Alberto",autor,M
diputados,199,00199-2026-2031-CD,2026-09-11,236,"Rocha Gallegos, Roxana María",coautor,F
diputados,199,00199-2026-2031-CD,2026-09-11,151,"Baella Malca, José Isidro",coautor,M
diputados,199,00199-2026-2031-CD,2026-09-11,171,"De Paz Lancho, Leo Miguel",coautor,M
diputados,199,00199-2026-2031-CD,2026-09-11,206,"Martínez Paitan, Paola Isabel",coautor,F
diputados,199,00199-2026-2031-CD,2026-09-11,128,"Zeballos Aponte, Jorge Arturo",coautor,M
diputados,198,00198-2026-2031-CD,2026-09-11,213,"Muedas Balbiese, César Augusto",autor,M
diputados,198,00198-2026-2031-CD,2026-09-11,204,"Marcelo Salazar, José Miguel",coautor,M
diputados,198,00198-2026-2031-CD,2026-09-11,168,"Colchado Huamani, Harvey Julio",coautor,M
diputados,198,00198-2026-2031-CD,2026-09-11,192,"Holguín Loaiza, César Augusto",coautor,M
diputados,198,00198-2026-2031-CD,2026-09-11,194,"Huilca Flores, Indira Isabel",coautor,F
diputados,198,00198-2026-2031-CD,2026-09-11,203,"Manrique Olivera, Bernardino Jair",coautor,M
diputados,198,00198-2026-2031-CD,2026-09-11,156,"Buitrón Martínez, Freshman",coautor,M
diputados,198,00198-2026-2031-CD,2026-09-11,210,"Meneses Crispin, Ángel Renato",coautor,M
diputados,198,00198-2026-2031-CD,2026-09-11,149,"Arminta Valencia, Marleny Bibiana",coautor,F
diputados,197,00197-2026-2031-CD,2026-09-11,218,"Palomino Casavilca, Catherin Norma",autor,F
diputados,197,00197-2026-2031-CD,2026-09-11,178,"Fernández González, Svieta Valia",coautor,F
diputados,197,00197-2026-2031-CD,2026-09-11,166,"Chipana Condori, Graciela",coautor,F
diputados,197,00197-2026-2031-CD,2026-09-11,226,"Pérez Mallqui, Julián Luis",coautor,M
diputados,197,00197-2026-2031-CD,2026-09-11,191,"Holguín Aguirre, James Arturo",coautor,M
diputados,196,00196-2026-2031-CD,2026-09-11,143,"Alayza Maccera, Rossana Herminia",autor,F
diputados,196,00196-2026-2031-CD,2026-09-11,152,"Benítez Barrionuevo, Jessica",coautor,F
diputados,196,00196-2026-2031-CD,2026-09-11,174,"Duarte Patiño de Pezet, Carmen Georgina",coautor,F
diputados,196,00196-2026-2031-CD,2026-09-11,250,"Uribe Sáenz, Romina Alejandra",coautor,F
diputados,196,00196-2026-2031-CD,2026-09-11,231,"Prado Vallejos, Lila Marianela",coautor,F
diputados,196,00196-2026-2031-CD,2026-09-11,183,"García Huby, Fernando Alberto",coautor,M
diputados,195,00195-2026-2031-CD,2026-09-10,255,"Villanueva Calderón, Juan Amílcar",autor,M
diputados,195,00195-2026-2031-CD,2026-09-10,261,"Zunini Yerren, Ernesto Alonzo",coautor,M
diputados,195,00195-2026-2031-CD,2026-09-10,230,"Poma Huamani, Haydee Celinda",coautor,F
diputados,195,00195-2026-2031-CD,2026-09-10,185,"Gonzales Delgado, Gabriel Robertino",coautor,M
diputados,195,00195-2026-2031-CD,2026-09-10,187,"Guevara Ramírez, Jessica Roxana",coautor,F
diputados,195,00195-2026-2031-CD,2026-09-10,196,"Jibaja Ramos, Luis Ángel",coautor,M
diputados,195,00195-2026-2031-CD,2026-09-10,227,"Perez Quispe, Jessica Sadith",coautor,F
diputados,194,00194-2026-2031-CD,2026-09-10,255,"Villanueva Calderón, Juan Amílcar",autor,M
diputados,194,00194-2026-2031-CD,2026-09-10,230,"Poma Huamani, Haydee Celinda",coautor,F
diputados,194,00194-2026-2031-CD,2026-09-10,185,"Gonzales Delgado, Gabriel Robertino",coautor,M
diputados,194,00194-2026-2031-CD,2026-09-10,187,"Guevara Ramírez, Jessica Roxana",coautor,F
diputados,194,00194-2026-2031-CD,2026-09-10,196,"Jibaja Ramos, Luis Ángel",coautor,M
diputados,194,00194-2026-2031-CD,2026-09-10,227,"Perez Quispe, Jessica Sadith",coautor,F
diputados,193,00193-2026-2031-CD,2026-09-10,255,"Villanueva Calderón, Juan Amílcar",autor,M
diputados,193,00193-2026-2031-CD,2026-09-10,230,"Poma Huamani, Haydee Celinda",coautor,F
diputados,193,00193-2026-2031-CD,2026-09-10,187,"Guevara Ramírez, Jessica Roxana",coautor,F
diputados,193,00193-2026-2031-CD,2026-09-10,227,"Perez Quispe, Jessica Sadith",coautor,F
diputados,193,00193-2026-2031-CD,2026-09-10,185,"Gonzales Delgado, Gabriel Robertino",coautor,M
diputados,193,00193-2026-2031-CD,2026-09-10,196,"Jibaja Ramos, Luis Ángel",coautor,M
diputados,193,00193-2026-2031-CD,2026-09-10,261,"Zunini Yerren, Ernesto Alonzo",coautor,M
diputados,192,00192-2026-2031-CD,2026-09-10,255,"Villanueva Calderón, Juan Amílcar",autor,M
diputados,192,00192-2026-2031-CD,2026-09-10,230,"Poma Huamani, Haydee Celinda",coautor,F
diputados,192,00192-2026-2031-CD,2026-09-10,185,"Gonzales Delgado, Gabriel Robertino",coautor,M
diputados,192,00192-2026-2031-CD,2026-09-10,187,"Guevara Ramírez, Jessica Roxana",coautor,F
diputados,192,00192-2026-2031-CD,2026-09-10,196,"Jibaja Ramos, Luis Ángel",coautor,M
diputados,192,00192-2026-2031-CD,2026-09-10,227,"Perez Quispe, Jessica Sadith",coautor,F
diputados,191,00191-2026-2031-CD,2026-09-10,168,"Colchado Huamani, Harvey Julio",autor,M
diputados,191,00191-2026-2031-CD,2026-09-10,192,"Holguín Loaiza, César Augusto",coautor,M
diputados,191,00191-2026-2031-CD,2026-09-10,242,"Sonco Villanueva, Helard Bladimir",coautor,M
diputados,191,00191-2026-2031-CD,2026-09-10,156,"Buitrón Martínez, Freshman",coautor,M
diputados,191,00191-2026-2031-CD,2026-09-10,149,"Arminta Valencia, Marleny Bibiana",coautor,F
diputados,191,00191-2026-2031-CD,2026-09-10,204,"Marcelo Salazar, José Miguel",coautor,M
diputados,191,00191-2026-2031-CD,2026-09-10,210,"Meneses Crispin, Ángel Renato",coautor,M
diputados,191,00191-2026-2031-CD,2026-09-10,194,"Huilca Flores, Indira Isabel",coautor,F
diputados,190,00190-2026-2031-CD,2026-09-10,146,"Ambrosio Domínguez, Yuli Liliana",autor,F
diputados,190,00190-2026-2031-CD,2026-09-10,253,"Varas Seguin, Daniel Jefferson",coautor,M
diputados,190,00190-2026-2031-CD,2026-09-10,181,"Flores Valdizan, Marco Antonio",coautor,M
diputados,190,00190-2026-2031-CD,2026-09-10,198,"Lavado Valdivia, Marino Teófilo",coautor,M
diputados,190,00190-2026-2031-CD,2026-09-10,261,"Zunini Yerren, Ernesto Alonzo",coautor,M
diputados,189,00189-2026-2031-CD,2026-09-10,159,"Camargo Porta, Raúl Jesús",autor,M
diputados,189,00189-2026-2031-CD,2026-09-10,224,"Peralta Jorpa, Máximo",coautor,M
diputados,189,00189-2026-2031-CD,2026-09-10,257,"Yataco Torrealva, José Ricardo",coautor,M
diputados,189,00189-2026-2031-CD,2026-09-10,228,"Piñán Mamani, Víctor Eduardo",coautor,M
diputados,189,00189-2026-2031-CD,2026-09-10,144,"Albañil Carmona, Henry Antonio",coautor,M
diputados,188,00188-2026-2031-CD,2026-09-10,236,"Rocha Gallegos, Roxana María",autor,F
diputados,188,00188-2026-2031-CD,2026-09-10,151,"Baella Malca, José Isidro",coautor,M
diputados,188,00188-2026-2031-CD,2026-09-10,171,"De Paz Lancho, Leo Miguel",coautor,M
diputados,188,00188-2026-2031-CD,2026-09-10,165,"Chang Apuy, Félix See Hung",coautor,M
diputados,188,00188-2026-2031-CD,2026-09-10,258,"Yonz Nuñez, Mady Verónica",coautor,F
diputados,188,00188-2026-2031-CD,2026-09-10,197,"Krklec Torres, Frank",coautor,M
diputados,188,00188-2026-2031-CD,2026-09-10,167,"Cipriani Thorne, Javier José María",coautor,M
diputados,187,00187-2026-2031-CD,2026-09-10,260,"Zegarra Sánchez, Carlos Alberto",autor,M
diputados,187,00187-2026-2031-CD,2026-09-10,162,"Castro Grández, Royser",coautor,M
diputados,187,00187-2026-2031-CD,2026-09-10,245,"Takayama Jiménez, Liliana Milagros",coautor,F
diputados,187,00187-2026-2031-CD,2026-09-10,15,"Barbarán Reyes, Rosangella Andrea",coautor,F
diputados,187,00187-2026-2031-CD,2026-09-10,153,"Beteta Rubín, Karina Juliza",coautor,F
diputados,187,00187-2026-2031-CD,2026-09-10,147,"Andrade Salguero de Alvarez, Gladys Griselda",coautor,F
diputados,186,00186-2026-2031-CD,2026-09-10,182,"Gamarra Pita, Luzmila María del Carmen",autor,F
diputados,186,00186-2026-2031-CD,2026-09-10,252,"Valqui Ordoñez, Jhonn Brayam",coautor,M
diputados,186,00186-2026-2031-CD,2026-09-10,161,"Castro Cruz, Javier Alejandro",coautor,M
diputados,186,00186-2026-2031-CD,2026-09-10,214,"Muñoz Yurivilca, Kim Tami",coautor,F
diputados,186,00186-2026-2031-CD,2026-09-10,247,"Ticlla Rafael, Segundo Senovio",coautor,M
diputados,186,00186-2026-2031-CD,2026-09-10,184,"Gatica Vega, Francisco Javier",coautor,M
diputados,185,00185-2026-2031-CD,2026-09-10,236,"Rocha Gallegos, Roxana María",autor,F
diputados,185,00185-2026-2031-CD,2026-09-10,151,"Baella Malca, José Isidro",coautor,M
diputados,185,00185-2026-2031-CD,2026-09-10,197,"Krklec Torres, Frank",coautor,M
diputados,185,00185-2026-2031-CD,2026-09-10,258,"Yonz Nuñez, Mady Verónica",coautor,F
diputados,185,00185-2026-2031-CD,2026-09-10,171,"De Paz Lancho, Leo Miguel",coautor,M
diputados,185,00185-2026-2031-CD,2026-09-10,167,"Cipriani Thorne, Javier José María",coautor,M
diputados,185,00185-2026-2031-CD,2026-09-10,165,"Chang Apuy, Félix See Hung",coautor,M
diputados,184,00184-2026-2031-CD,2026-09-10,169,"Columbus Murata, Diethell",autor,M
diputados,184,00184-2026-2031-CD,2026-09-10,259,"Yuffra Lugo, Ana Luisa",coautor,F
diputados,184,00184-2026-2031-CD,2026-09-10,15,"Barbarán Reyes, Rosangella Andrea",coautor,F
diputados,184,00184-2026-2031-CD,2026-09-10,216,"Pacheco Quispe, Marco Antonio",coautor,M
diputados,184,00184-2026-2031-CD,2026-09-10,6,"Alegría García, Luis Arturo",coautor,M
diputados,184,00184-2026-2031-CD,2026-09-10,199,"Leiva Baylón, Leticia Maruja",coautor,F
diputados,184,00184-2026-2031-CD,2026-09-10,211,"Meza Rivera, Flor de Jesús",coautor,F
diputados,184,00184-2026-2031-CD,2026-09-10,153,"Beteta Rubín, Karina Juliza",coautor,F
diputados,184,00184-2026-2031-CD,2026-09-10,229,"Pinasco Montenegro, Nary Benvinda",coautor,F
diputados,184,00184-2026-2031-CD,2026-09-10,172,"Dodero Jovich, Pierangeli Daniela",coautor,F
diputados,183,00183-2026-2031-CD,2026-09-10,182,"Gamarra Pita, Luzmila María del Carmen",autor,F
diputados,183,00183-2026-2031-CD,2026-09-10,161,"Castro Cruz, Javier Alejandro",coautor,M
diputados,183,00183-2026-2031-CD,2026-09-10,184,"Gatica Vega, Francisco Javier",coautor,M
diputados,183,00183-2026-2031-CD,2026-09-10,214,"Muñoz Yurivilca, Kim Tami",coautor,F
diputados,183,00183-2026-2031-CD,2026-09-10,247,"Ticlla Rafael, Segundo Senovio",coautor,M
diputados,183,00183-2026-2031-CD,2026-09-10,252,"Valqui Ordoñez, Jhonn Brayam",coautor,M
diputados,182,00182-2026-2031-CD,2026-09-10,248,"Tito Rojas, César Hugo",autor,M
diputados,182,00182-2026-2031-CD,2026-09-10,261,"Zunini Yerren, Ernesto Alonzo",coautor,M
diputados,182,00182-2026-2031-CD,2026-09-10,178,"Fernández González, Svieta Valia",coautor,F
diputados,182,00182-2026-2031-CD,2026-09-10,230,"Poma Huamani, Haydee Celinda",coautor,F
diputados,182,00182-2026-2031-CD,2026-09-10,166,"Chipana Condori, Graciela",coautor,F
diputados,182,00182-2026-2031-CD,2026-09-10,187,"Guevara Ramírez, Jessica Roxana",coautor,F
diputados,181,00181-2026-2031-CD,2026-09-10,205,"Márquez Huanca, Analí",autor,F
diputados,181,00181-2026-2031-CD,2026-09-10,261,"Zunini Yerren, Ernesto Alonzo",coautor,M
diputados,181,00181-2026-2031-CD,2026-09-10,170,"Condori Flores, Remigio",coautor,M
diputados,181,00181-2026-2031-CD,2026-09-10,187,"Guevara Ramírez, Jessica Roxana",coautor,F
diputados,181,00181-2026-2031-CD,2026-09-10,196,"Jibaja Ramos, Luis Ángel",coautor,M
diputados,181,00181-2026-2031-CD,2026-09-10,181,"Flores Valdizan, Marco Antonio",coautor,M
diputados,181,00181-2026-2031-CD,2026-09-10,244,"Sulca Castillo, Pilar",coautor,F
diputados,180,00180-2026-2031-CD,2026-09-10,205,"Márquez Huanca, Analí",autor,F
diputados,180,00180-2026-2031-CD,2026-09-10,170,"Condori Flores, Remigio",coautor,M
diputados,180,00180-2026-2031-CD,2026-09-10,261,"Zunini Yerren, Ernesto Alonzo",coautor,M
diputados,180,00180-2026-2031-CD,2026-09-10,187,"Guevara Ramírez, Jessica Roxana",coautor,F
diputados,180,00180-2026-2031-CD,2026-09-10,196,"Jibaja Ramos, Luis Ángel",coautor,M
diputados,180,00180-2026-2031-CD,2026-09-10,181,"Flores Valdizan, Marco Antonio",coautor,M
diputados,180,00180-2026-2031-CD,2026-09-10,244,"Sulca Castillo, Pilar",coautor,F
diputados,179,00179-2026-2031-CD,2026-09-10,171,"De Paz Lancho, Leo Miguel",autor,M
diputados,179,00179-2026-2031-CD,2026-09-10,206,"Martínez Paitan, Paola Isabel",coautor,F
diputados,179,00179-2026-2031-CD,2026-09-10,155,"Bravo Quispe, Aldo Antonio",coautor,M
diputados,179,00179-2026-2031-CD,2026-09-10,240,"Segura Figueroa, Gustavo Alexander",coautor,M
diputados,179,00179-2026-2031-CD,2026-09-10,148,"Aranda Vásquez, Christian",coautor,M
diputados,178,00178-2026-2031-CD,2026-09-10,171,"De Paz Lancho, Leo Miguel",autor,M
diputados,178,00178-2026-2031-CD,2026-09-10,155,"Bravo Quispe, Aldo Antonio",coautor,M
diputados,178,00178-2026-2031-CD,2026-09-10,206,"Martínez Paitan, Paola Isabel",coautor,F
diputados,178,00178-2026-2031-CD,2026-09-10,240,"Segura Figueroa, Gustavo Alexander",coautor,M
diputados,178,00178-2026-2031-CD,2026-09-10,148,"Aranda Vásquez, Christian",coautor,M
diputados,177,00177-2026-2031-CD,2026-09-10,171,"De Paz Lancho, Leo Miguel",autor,M
diputados,177,00177-2026-2031-CD,2026-09-10,155,"Bravo Quispe, Aldo Antonio",coautor,M
diputados,177,00177-2026-2031-CD,2026-09-10,236,"Rocha Gallegos, Roxana María",coautor,F
diputados,177,00177-2026-2031-CD,2026-09-10,148,"Aranda Vásquez, Christian",coautor,M
diputados,177,00177-2026-2031-CD,2026-09-10,258,"Yonz Nuñez, Mady Verónica",coautor,F
diputados,177,00177-2026-2031-CD,2026-09-10,206,"Martínez Paitan, Paola Isabel",coautor,F
diputados,177,00177-2026-2031-CD,2026-09-10,240,"Segura Figueroa, Gustavo Alexander",coautor,M
diputados,176,00176-2026-2031-CD,2026-09-09,225,"Pérez Alccahuaman, Jesús",autor,M
diputados,176,00176-2026-2031-CD,2026-09-09,261,"Zunini Yerren, Ernesto Alonzo",coautor,M
diputados,176,00176-2026-2031-CD,2026-09-09,219,"Palomino Pacheco, Amalia Emilia",coautor,F
diputados,176,00176-2026-2031-CD,2026-09-09,248,"Tito Rojas, César Hugo",coautor,M
diputados,176,00176-2026-2031-CD,2026-09-09,244,"Sulca Castillo, Pilar",coautor,F
diputados,176,00176-2026-2031-CD,2026-09-09,187,"Guevara Ramírez, Jessica Roxana",coautor,F
diputados,175,00175-2026-2031-CD,2026-09-09,194,"Huilca Flores, Indira Isabel",autor,F
diputados,175,00175-2026-2031-CD,2026-09-09,192,"Holguín Loaiza, César Augusto",coautor,M
diputados,175,00175-2026-2031-CD,2026-09-09,156,"Buitrón Martínez, Freshman",coautor,M
diputados,175,00175-2026-2031-CD,2026-09-09,203,"Manrique Olivera, Bernardino Jair",coautor,M
diputados,175,00175-2026-2031-CD,2026-09-09,242,"Sonco Villanueva, Helard Bladimir",coautor,M
diputados,174,00174-2026-2031-CD,2026-09-09,151,"Baella Malca, José Isidro",autor,M
diputados,174,00174-2026-2031-CD,2026-09-09,206,"Martínez Paitan, Paola Isabel",coautor,F
diputados,174,00174-2026-2031-CD,2026-09-09,167,"Cipriani Thorne, Javier José María",coautor,M
diputados,174,00174-2026-2031-CD,2026-09-09,165,"Chang Apuy, Félix See Hung",coautor,M
diputados,174,00174-2026-2031-CD,2026-09-09,236,"Rocha Gallegos, Roxana María",coautor,F
diputados,174,00174-2026-2031-CD,2026-09-09,126,"Yarrow Lumbreras, Norma Martina",coautor,F
diputados,173,00173-2026-2031-CD,2026-09-09,231,"Prado Vallejos, Lila Marianela",autor,F
diputados,173,00173-2026-2031-CD,2026-09-09,212,"Molina Soto, Nathaly Milagros",coautor,F
diputados,173,00173-2026-2031-CD,2026-09-09,174,"Duarte Patiño de Pezet, Carmen Georgina",coautor,F
diputados,173,00173-2026-2031-CD,2026-09-09,175,"Espinoza Huillca, Edwin",coautor,M
diputados,173,00173-2026-2031-CD,2026-09-09,186,"Gonzales Polar, Édgar Dember",coautor,M
diputados,173,00173-2026-2031-CD,2026-09-09,239,"Santana Vera, Milagros Karina",coautor,F
diputados,173,00173-2026-2031-CD,2026-09-09,193,"Huaman Cornejo, Miguel Félix",coautor,M
diputados,173,00173-2026-2031-CD,2026-09-09,233,"Quispe Candia, Luis Eliseo",coautor,M
diputados,173,00173-2026-2031-CD,2026-09-09,190,"Hirache Pizarro, Gloria Charito",coautor,F
diputados,173,00173-2026-2031-CD,2026-09-09,183,"García Huby, Fernando Alberto",coautor,M
diputados,172,00172-2026-2031-CD,2026-09-09,231,"Prado Vallejos, Lila Marianela",autor,F
diputados,172,00172-2026-2031-CD,2026-09-09,193,"Huaman Cornejo, Miguel Félix",coautor,M
diputados,172,00172-2026-2031-CD,2026-09-09,183,"García Huby, Fernando Alberto",coautor,M
diputados,172,00172-2026-2031-CD,2026-09-09,212,"Molina Soto, Nathaly Milagros",coautor,F
diputados,172,00172-2026-2031-CD,2026-09-09,175,"Espinoza Huillca, Edwin",coautor,M
diputados,172,00172-2026-2031-CD,2026-09-09,174,"Duarte Patiño de Pezet, Carmen Georgina",coautor,F
diputados,172,00172-2026-2031-CD,2026-09-09,239,"Santana Vera, Milagros Karina",coautor,F
diputados,172,00172-2026-2031-CD,2026-09-09,186,"Gonzales Polar, Édgar Dember",coautor,M
diputados,172,00172-2026-2031-CD,2026-09-09,233,"Quispe Candia, Luis Eliseo",coautor,M
diputados,172,00172-2026-2031-CD,2026-09-09,190,"Hirache Pizarro, Gloria Charito",coautor,F
diputados,172,00172-2026-2031-CD,2026-09-09,143,"Alayza Maccera, Rossana Herminia",coautor,F
diputados,171,00171-2026-2031-CD,2026-09-09,156,"Buitrón Martínez, Freshman",autor,M
diputados,171,00171-2026-2031-CD,2026-09-09,192,"Holguín Loaiza, César Augusto",coautor,M
diputados,171,00171-2026-2031-CD,2026-09-09,194,"Huilca Flores, Indira Isabel",coautor,F
diputados,171,00171-2026-2031-CD,2026-09-09,213,"Muedas Balbiese, César Augusto",coautor,M
diputados,171,00171-2026-2031-CD,2026-09-09,149,"Arminta Valencia, Marleny Bibiana",coautor,F
diputados,171,00171-2026-2031-CD,2026-09-09,204,"Marcelo Salazar, José Miguel",coautor,M
diputados,170,00170-2026-2031-CD,2026-09-09,240,"Segura Figueroa, Gustavo Alexander",autor,M
diputados,170,00170-2026-2031-CD,2026-09-09,236,"Rocha Gallegos, Roxana María",coautor,F
diputados,170,00170-2026-2031-CD,2026-09-09,167,"Cipriani Thorne, Javier José María",coautor,M
diputados,170,00170-2026-2031-CD,2026-09-09,256,"Yalta Sotelo, Carlos Alberto",coautor,M
diputados,170,00170-2026-2031-CD,2026-09-09,206,"Martínez Paitan, Paola Isabel",coautor,F
diputados,170,00170-2026-2031-CD,2026-09-09,171,"De Paz Lancho, Leo Miguel",coautor,M
diputados,170,00170-2026-2031-CD,2026-09-09,148,"Aranda Vásquez, Christian",coautor,M
diputados,169,00169-2026-2031-CD,2026-09-09,258,"Yonz Nuñez, Mady Verónica",autor,F
diputados,169,00169-2026-2031-CD,2026-09-09,236,"Rocha Gallegos, Roxana María",coautor,F
diputados,169,00169-2026-2031-CD,2026-09-09,16,"Bazán Calderón, Diego Alonso Fernando",coautor,M
diputados,169,00169-2026-2031-CD,2026-09-09,206,"Martínez Paitan, Paola Isabel",coautor,F
diputados,169,00169-2026-2031-CD,2026-09-09,256,"Yalta Sotelo, Carlos Alberto",coautor,M
diputados,168,00168-2026-2031-CD,2026-09-09,246,"Tapullima Insapillo, Jacqueline Viviana",autor,F
diputados,168,00168-2026-2031-CD,2026-09-09,178,"Fernández González, Svieta Valia",coautor,F
diputados,168,00168-2026-2031-CD,2026-09-09,223,"Peña Córdova, Olver",coautor,M
diputados,168,00168-2026-2031-CD,2026-09-09,187,"Guevara Ramírez, Jessica Roxana",coautor,F
diputados,168,00168-2026-2031-CD,2026-09-09,219,"Palomino Pacheco, Amalia Emilia",coautor,F
diputados,168,00168-2026-2031-CD,2026-09-09,185,"Gonzales Delgado, Gabriel Robertino",coautor,M
diputados,168,00168-2026-2031-CD,2026-09-09,150,"Avendaño Vilca, Giannina Iris",coautor,F
diputados,168,00168-2026-2031-CD,2026-09-09,253,"Varas Seguin, Daniel Jefferson",coautor,M
diputados,168,00168-2026-2031-CD,2026-09-09,230,"Poma Huamani, Haydee Celinda",coautor,F
diputados,168,00168-2026-2031-CD,2026-09-09,244,"Sulca Castillo, Pilar",coautor,F
diputados,167,00167-2026-2031-CD,2026-09-08,261,"Zunini Yerren, Ernesto Alonzo",autor,M
diputados,167,00167-2026-2031-CD,2026-09-08,166,"Chipana Condori, Graciela",coautor,F
diputados,167,00167-2026-2031-CD,2026-09-08,220,"Paredes Navarro, Yenifer Noelia",coautor,F
diputados,167,00167-2026-2031-CD,2026-09-08,253,"Varas Seguin, Daniel Jefferson",coautor,M
diputados,167,00167-2026-2031-CD,2026-09-08,230,"Poma Huamani, Haydee Celinda",coautor,F
diputados,167,00167-2026-2031-CD,2026-09-08,185,"Gonzales Delgado, Gabriel Robertino",coautor,M
diputados,167,00167-2026-2031-CD,2026-09-08,195,"Isla Rojas, Azucena",coautor,F
diputados,167,00167-2026-2031-CD,2026-09-08,248,"Tito Rojas, César Hugo",coautor,M
diputados,167,00167-2026-2031-CD,2026-09-08,198,"Lavado Valdivia, Marino Teófilo",coautor,M
diputados,167,00167-2026-2031-CD,2026-09-08,255,"Villanueva Calderón, Juan Amílcar",coautor,M
diputados,167,00167-2026-2031-CD,2026-09-08,196,"Jibaja Ramos, Luis Ángel",coautor,M
diputados,167,00167-2026-2031-CD,2026-09-08,150,"Avendaño Vilca, Giannina Iris",coautor,F
diputados,167,00167-2026-2031-CD,2026-09-08,226,"Pérez Mallqui, Julián Luis",coautor,M
diputados,167,00167-2026-2031-CD,2026-09-08,218,"Palomino Casavilca, Catherin Norma",coautor,F
diputados,167,00167-2026-2031-CD,2026-09-08,178,"Fernández González, Svieta Valia",coautor,F
diputados,166,00166-2026-2031-CD,2026-09-08,256,"Yalta Sotelo, Carlos Alberto",autor,M
diputados,166,00166-2026-2031-CD,2026-09-08,236,"Rocha Gallegos, Roxana María",coautor,F
diputados,166,00166-2026-2031-CD,2026-09-08,128,"Zeballos Aponte, Jorge Arturo",coautor,M
diputados,166,00166-2026-2031-CD,2026-09-08,155,"Bravo Quispe, Aldo Antonio",coautor,M
diputados,166,00166-2026-2031-CD,2026-09-08,151,"Baella Malca, José Isidro",coautor,M
diputados,165,00165-2026-2031-CD,2026-09-08,180,"Figari Mendoza, Pier Paolo",autor,M
diputados,165,00165-2026-2031-CD,2026-09-08,221,"Patiño Urco, Ana Bertha",coautor,F
diputados,165,00165-2026-2031-CD,2026-09-08,222,"Paucara Paxi, Carmela",coautor,F
diputados,165,00165-2026-2031-CD,2026-09-08,214,"Muñoz Yurivilca, Kim Tami",coautor,F
diputados,165,00165-2026-2031-CD,2026-09-08,153,"Beteta Rubín, Karina Juliza",coautor,F
diputados,165,00165-2026-2031-CD,2026-09-08,211,"Meza Rivera, Flor de Jesús",coautor,F
diputados,165,00165-2026-2031-CD,2026-09-08,173,"Domínguez Herrera, Carlos Alberto",coautor,M
diputados,164,00164-2026-2031-CD,2026-09-08,258,"Yonz Nuñez, Mady Verónica",autor,F
diputados,164,00164-2026-2031-CD,2026-09-08,256,"Yalta Sotelo, Carlos Alberto",coautor,M
diputados,164,00164-2026-2031-CD,2026-09-08,206,"Martínez Paitan, Paola Isabel",coautor,F
diputados,164,00164-2026-2031-CD,2026-09-08,171,"De Paz Lancho, Leo Miguel",coautor,M
diputados,164,00164-2026-2031-CD,2026-09-08,236,"Rocha Gallegos, Roxana María",coautor,F
diputados,163,00163-2026-2031-CD,2026-09-08,258,"Yonz Nuñez, Mady Verónica",autor,F
diputados,163,00163-2026-2031-CD,2026-09-08,236,"Rocha Gallegos, Roxana María",coautor,F
diputados,163,00163-2026-2031-CD,2026-09-08,171,"De Paz Lancho, Leo Miguel",coautor,M
diputados,163,00163-2026-2031-CD,2026-09-08,126,"Yarrow Lumbreras, Norma Martina",coautor,F
diputados,163,00163-2026-2031-CD,2026-09-08,256,"Yalta Sotelo, Carlos Alberto",coautor,M
diputados,162,00162-2026-2031-CD,2026-09-08,151,"Baella Malca, José Isidro",autor,M
diputados,162,00162-2026-2031-CD,2026-09-08,236,"Rocha Gallegos, Roxana María",coautor,F
diputados,162,00162-2026-2031-CD,2026-09-08,256,"Yalta Sotelo, Carlos Alberto",coautor,M
diputados,162,00162-2026-2031-CD,2026-09-08,206,"Martínez Paitan, Paola Isabel",coautor,F
diputados,162,00162-2026-2031-CD,2026-09-08,167,"Cipriani Thorne, Javier José María",coautor,M
diputados,162,00162-2026-2031-CD,2026-09-08,171,"De Paz Lancho, Leo Miguel",coautor,M
diputados,161,00161-2026-2031-CD,2026-09-08,206,"Martínez Paitan, Paola Isabel",autor,F
diputados,161,00161-2026-2031-CD,2026-09-08,236,"Rocha Gallegos, Roxana María",coautor,F
diputados,161,00161-2026-2031-CD,2026-09-08,197,"Krklec Torres, Frank",coautor,M
diputados,161,00161-2026-2031-CD,2026-09-08,128,"Zeballos Aponte, Jorge Arturo",coautor,M
diputados,161,00161-2026-2031-CD,2026-09-08,258,"Yonz Nuñez, Mady Verónica",coautor,F
diputados,161,00161-2026-2031-CD,2026-09-08,171,"De Paz Lancho, Leo Miguel",coautor,M
diputados,161,00161-2026-2031-CD,2026-09-08,151,"Baella Malca, José Isidro",coautor,M
diputados,161,00161-2026-2031-CD,2026-09-08,16,"Bazán Calderón, Diego Alonso Fernando",coautor,M
diputados,161,00161-2026-2031-CD,2026-09-08,148,"Aranda Vásquez, Christian",coautor,M
diputados,161,00161-2026-2031-CD,2026-09-08,256,"Yalta Sotelo, Carlos Alberto",coautor,M
diputados,161,00161-2026-2031-CD,2026-09-08,155,"Bravo Quispe, Aldo Antonio",coautor,M
diputados,161,00161-2026-2031-CD,2026-09-08,165,"Chang Apuy, Félix See Hung",coautor,M
diputados,161,00161-2026-2031-CD,2026-09-08,126,"Yarrow Lumbreras, Norma Martina",coautor,F
diputados,161,00161-2026-2031-CD,2026-09-08,167,"Cipriani Thorne, Javier José María",coautor,M
diputados,161,00161-2026-2031-CD,2026-09-08,240,"Segura Figueroa, Gustavo Alexander",coautor,M
diputados,160,00160-2026-2031-CD,2026-09-08,152,"Benítez Barrionuevo, Jessica",autor,F
diputados,160,00160-2026-2031-CD,2026-09-08,143,"Alayza Maccera, Rossana Herminia",coautor,F
diputados,160,00160-2026-2031-CD,2026-09-08,160,"Castrejon Fernandez, Segundo Juan",coautor,M
diputados,160,00160-2026-2031-CD,2026-09-08,175,"Espinoza Huillca, Edwin",coautor,M
diputados,160,00160-2026-2031-CD,2026-09-08,186,"Gonzales Polar, Édgar Dember",coautor,M
diputados,160,00160-2026-2031-CD,2026-09-08,233,"Quispe Candia, Luis Eliseo",coautor,M
diputados,160,00160-2026-2031-CD,2026-09-08,183,"García Huby, Fernando Alberto",coautor,M
diputados,160,00160-2026-2031-CD,2026-09-08,250,"Uribe Sáenz, Romina Alejandra",coautor,F
diputados,160,00160-2026-2031-CD,2026-09-08,190,"Hirache Pizarro, Gloria Charito",coautor,F
diputados,160,00160-2026-2031-CD,2026-09-08,231,"Prado Vallejos, Lila Marianela",coautor,F
diputados,158,00158-2026-2031-CD,2026-09-08,161,"Castro Cruz, Javier Alejandro",autor,M
diputados,158,00158-2026-2031-CD,2026-09-08,214,"Muñoz Yurivilca, Kim Tami",coautor,F
diputados,158,00158-2026-2031-CD,2026-09-08,232,"Quezada Castro, Geanmarco Antonio",coautor,M
diputados,158,00158-2026-2031-CD,2026-09-08,169,"Columbus Murata, Diethell",coautor,M
diputados,158,00158-2026-2031-CD,2026-09-08,182,"Gamarra Pita, Luzmila María del Carmen",coautor,F
diputados,158,00158-2026-2031-CD,2026-09-08,173,"Domínguez Herrera, Carlos Alberto",coautor,M
diputados,157,00157-2026-2031-CD,2026-09-08,161,"Castro Cruz, Javier Alejandro",autor,M
diputados,157,00157-2026-2031-CD,2026-09-08,214,"Muñoz Yurivilca, Kim Tami",coautor,F
diputados,157,00157-2026-2031-CD,2026-09-08,232,"Quezada Castro, Geanmarco Antonio",coautor,M
diputados,157,00157-2026-2031-CD,2026-09-08,173,"Domínguez Herrera, Carlos Alberto",coautor,M
diputados,157,00157-2026-2031-CD,2026-09-08,169,"Columbus Murata, Diethell",coautor,M
diputados,157,00157-2026-2031-CD,2026-09-08,182,"Gamarra Pita, Luzmila María del Carmen",coautor,F
diputados,156,00156-2026-2031-CD,2026-09-08,248,"Tito Rojas, César Hugo",autor,M
diputados,156,00156-2026-2031-CD,2026-09-08,223,"Peña Córdova, Olver",coautor,M
diputados,156,00156-2026-2031-CD,2026-09-08,178,"Fernández González, Svieta Valia",coautor,F
diputados,156,00156-2026-2031-CD,2026-09-08,187,"Guevara Ramírez, Jessica Roxana",coautor,F
diputados,156,00156-2026-2031-CD,2026-09-08,225,"Pérez Alccahuaman, Jesús",coautor,M
diputados,156,00156-2026-2031-CD,2026-09-08,166,"Chipana Condori, Graciela",coautor,F
diputados,155,00155-2026-2031-CD,2026-09-08,149,"Arminta Valencia, Marleny Bibiana",autor,F
diputados,155,00155-2026-2031-CD,2026-09-08,192,"Holguín Loaiza, César Augusto",coautor,M
diputados,155,00155-2026-2031-CD,2026-09-08,210,"Meneses Crispin, Ángel Renato",coautor,M
diputados,155,00155-2026-2031-CD,2026-09-08,242,"Sonco Villanueva, Helard Bladimir",coautor,M
diputados,155,00155-2026-2031-CD,2026-09-08,156,"Buitrón Martínez, Freshman",coautor,M
diputados,155,00155-2026-2031-CD,2026-09-08,168,"Colchado Huamani, Harvey Julio",coautor,M
diputados,154,00154-2026-2031-CD,2026-09-07,241,"Silupú Inga, María Luisa",autor,F
diputados,154,00154-2026-2031-CD,2026-09-07,101,"Revilla Villanueva, César Manuel",coautor,M
diputados,154,00154-2026-2031-CD,2026-09-07,216,"Pacheco Quispe, Marco Antonio",coautor,M
diputados,154,00154-2026-2031-CD,2026-09-07,215,"Navas Sánchez, Jessica Lizbeth",coautor,F
diputados,154,00154-2026-2031-CD,2026-09-07,182,"Gamarra Pita, Luzmila María del Carmen",coautor,F
diputados,154,00154-2026-2031-CD,2026-09-07,59,"Infantes Castañeda, Mery Eliana",coautor,F
diputados,153,00153-2026-2031-CD,2026-09-07,128,"Zeballos Aponte, Jorge Arturo",autor,M
diputados,153,00153-2026-2031-CD,2026-09-07,236,"Rocha Gallegos, Roxana María",coautor,F
diputados,153,00153-2026-2031-CD,2026-09-07,171,"De Paz Lancho, Leo Miguel",coautor,M
diputados,153,00153-2026-2031-CD,2026-09-07,206,"Martínez Paitan, Paola Isabel",coautor,F
diputados,153,00153-2026-2031-CD,2026-09-07,16,"Bazán Calderón, Diego Alonso Fernando",coautor,M
diputados,153,00153-2026-2031-CD,2026-09-07,126,"Yarrow Lumbreras, Norma Martina",coautor,F
diputados,153,00153-2026-2031-CD,2026-09-07,167,"Cipriani Thorne, Javier José María",coautor,M
diputados,153,00153-2026-2031-CD,2026-09-07,256,"Yalta Sotelo, Carlos Alberto",coautor,M
diputados,152,00152-2026-2031-CD,2026-09-07,16,"Bazán Calderón, Diego Alonso Fernando",autor,M
diputados,152,00152-2026-2031-CD,2026-09-07,236,"Rocha Gallegos, Roxana María",coautor,F
diputados,152,00152-2026-2031-CD,2026-09-07,128,"Zeballos Aponte, Jorge Arturo",coautor,M
diputados,152,00152-2026-2031-CD,2026-09-07,258,"Yonz Nuñez, Mady Verónica",coautor,F
diputados,152,00152-2026-2031-CD,2026-09-07,197,"Krklec Torres, Frank",coautor,M
diputados,152,00152-2026-2031-CD,2026-09-07,126,"Yarrow Lumbreras, Norma Martina",coautor,F
diputados,152,00152-2026-2031-CD,2026-09-07,171,"De Paz Lancho, Leo Miguel",coautor,M
diputados,152,00152-2026-2031-CD,2026-09-07,256,"Yalta Sotelo, Carlos Alberto",coautor,M
diputados,152,00152-2026-2031-CD,2026-09-07,206,"Martínez Paitan, Paola Isabel",coautor,F
diputados,151,00151-2026-2031-CD,2026-09-07,192,"Holguín Loaiza, César Augusto",autor,M
diputados,151,00151-2026-2031-CD,2026-09-07,204,"Marcelo Salazar, José Miguel",coautor,M
diputados,151,00151-2026-2031-CD,2026-09-07,194,"Huilca Flores, Indira Isabel",coautor,F
diputados,151,00151-2026-2031-CD,2026-09-07,168,"Colchado Huamani, Harvey Julio",coautor,M
diputados,151,00151-2026-2031-CD,2026-09-07,149,"Arminta Valencia, Marleny Bibiana",coautor,F
diputados,151,00151-2026-2031-CD,2026-09-07,213,"Muedas Balbiese, César Augusto",coautor,M
diputados,151,00151-2026-2031-CD,2026-09-07,156,"Buitrón Martínez, Freshman",coautor,M
diputados,151,00151-2026-2031-CD,2026-09-07,210,"Meneses Crispin, Ángel Renato",coautor,M
diputados,151,00151-2026-2031-CD,2026-09-07,242,"Sonco Villanueva, Helard Bladimir",coautor,M
diputados,151,00151-2026-2031-CD,2026-09-07,203,"Manrique Olivera, Bernardino Jair",coautor,M
diputados,150,00150-2026-2031-CD,2026-09-07,101,"Revilla Villanueva, César Manuel",autor,M
diputados,150,00150-2026-2031-CD,2026-09-07,162,"Castro Grández, Royser",coautor,M
diputados,150,00150-2026-2031-CD,2026-09-07,241,"Silupú Inga, María Luisa",coautor,F
diputados,150,00150-2026-2031-CD,2026-09-07,172,"Dodero Jovich, Pierangeli Daniela",coautor,F
diputados,150,00150-2026-2031-CD,2026-09-07,6,"Alegría García, Luis Arturo",coautor,M
diputados,150,00150-2026-2031-CD,2026-09-07,259,"Yuffra Lugo, Ana Luisa",coautor,F
diputados,150,00150-2026-2031-CD,2026-09-07,59,"Infantes Castañeda, Mery Eliana",coautor,F
diputados,149,00149-2026-2031-CD,2026-09-07,255,"Villanueva Calderón, Juan Amílcar",autor,M
diputados,149,00149-2026-2031-CD,2026-09-07,185,"Gonzales Delgado, Gabriel Robertino",coautor,M
diputados,149,00149-2026-2031-CD,2026-09-07,230,"Poma Huamani, Haydee Celinda",coautor,F
diputados,149,00149-2026-2031-CD,2026-09-07,196,"Jibaja Ramos, Luis Ángel",coautor,M
diputados,149,00149-2026-2031-CD,2026-09-07,227,"Perez Quispe, Jessica Sadith",coautor,F
diputados,149,00149-2026-2031-CD,2026-09-07,187,"Guevara Ramírez, Jessica Roxana",coautor,F
diputados,149,00149-2026-2031-CD,2026-09-07,261,"Zunini Yerren, Ernesto Alonzo",coautor,M
diputados,149,00149-2026-2031-CD,2026-09-07,181,"Flores Valdizan, Marco Antonio",coautor,M
diputados,148,00148-2026-2031-CD,2026-09-07,255,"Villanueva Calderón, Juan Amílcar",autor,M
diputados,148,00148-2026-2031-CD,2026-09-07,185,"Gonzales Delgado, Gabriel Robertino",coautor,M
diputados,148,00148-2026-2031-CD,2026-09-07,230,"Poma Huamani, Haydee Celinda",coautor,F
diputados,148,00148-2026-2031-CD,2026-09-07,196,"Jibaja Ramos, Luis Ángel",coautor,M
diputados,148,00148-2026-2031-CD,2026-09-07,227,"Perez Quispe, Jessica Sadith",coautor,F
diputados,148,00148-2026-2031-CD,2026-09-07,187,"Guevara Ramírez, Jessica Roxana",coautor,F
diputados,148,00148-2026-2031-CD,2026-09-07,261,"Zunini Yerren, Ernesto Alonzo",coautor,M
diputados,147,00147-2026-2031-CD,2026-09-07,255,"Villanueva Calderón, Juan Amílcar",autor,M
diputados,147,00147-2026-2031-CD,2026-09-07,185,"Gonzales Delgado, Gabriel Robertino",coautor,M
diputados,147,00147-2026-2031-CD,2026-09-07,230,"Poma Huamani, Haydee Celinda",coautor,F
diputados,147,00147-2026-2031-CD,2026-09-07,196,"Jibaja Ramos, Luis Ángel",coautor,M
diputados,147,00147-2026-2031-CD,2026-09-07,227,"Perez Quispe, Jessica Sadith",coautor,F
diputados,147,00147-2026-2031-CD,2026-09-07,187,"Guevara Ramírez, Jessica Roxana",coautor,F
diputados,143,00143-2026-2031-CD,2026-09-07,149,"Arminta Valencia, Marleny Bibiana",autor,F
diputados,143,00143-2026-2031-CD,2026-09-07,192,"Holguín Loaiza, César Augusto",coautor,M
diputados,143,00143-2026-2031-CD,2026-09-07,156,"Buitrón Martínez, Freshman",coautor,M
diputados,143,00143-2026-2031-CD,2026-09-07,203,"Manrique Olivera, Bernardino Jair",coautor,M
diputados,143,00143-2026-2031-CD,2026-09-07,194,"Huilca Flores, Indira Isabel",coautor,F
diputados,139,00139-2026-2031-CD,2026-09-07,228,"Piñán Mamani, Víctor Eduardo",autor,M
diputados,139,00139-2026-2031-CD,2026-09-07,207,"Masco Cáceres, Luis Aurelio",coautor,M
diputados,139,00139-2026-2031-CD,2026-09-07,201,"López Letona, Heber",coautor,M
diputados,139,00139-2026-2031-CD,2026-09-07,224,"Peralta Jorpa, Máximo",coautor,M
diputados,139,00139-2026-2031-CD,2026-09-07,176,"Eusebio Padilla, Arturo César",coautor,M
diputados,138,00138-2026-2031-CD,2026-09-04,171,"De Paz Lancho, Leo Miguel",autor,M
diputados,138,00138-2026-2031-CD,2026-09-04,236,"Rocha Gallegos, Roxana María",coautor,F
diputados,138,00138-2026-2031-CD,2026-09-04,240,"Segura Figueroa, Gustavo Alexander",coautor,M
diputados,138,00138-2026-2031-CD,2026-09-04,206,"Martínez Paitan, Paola Isabel",coautor,F
diputados,138,00138-2026-2031-CD,2026-09-04,148,"Aranda Vásquez, Christian",coautor,M
diputados,138,00138-2026-2031-CD,2026-09-04,128,"Zeballos Aponte, Jorge Arturo",coautor,M
diputados,137,00137-2026-2031-CD,2026-09-04,261,"Zunini Yerren, Ernesto Alonzo",autor,M
diputados,137,00137-2026-2031-CD,2026-09-04,166,"Chipana Condori, Graciela",coautor,F
diputados,137,00137-2026-2031-CD,2026-09-04,220,"Paredes Navarro, Yenifer Noelia",coautor,F
diputados,137,00137-2026-2031-CD,2026-09-04,253,"Varas Seguin, Daniel Jefferson",coautor,M
diputados,137,00137-2026-2031-CD,2026-09-04,230,"Poma Huamani, Haydee Celinda",coautor,F
diputados,137,00137-2026-2031-CD,2026-09-04,185,"Gonzales Delgado, Gabriel Robertino",coautor,M
diputados,137,00137-2026-2031-CD,2026-09-04,248,"Tito Rojas, César Hugo",coautor,M
diputados,137,00137-2026-2031-CD,2026-09-04,198,"Lavado Valdivia, Marino Teófilo",coautor,M
diputados,137,00137-2026-2031-CD,2026-09-04,255,"Villanueva Calderón, Juan Amílcar",coautor,M
diputados,137,00137-2026-2031-CD,2026-09-04,196,"Jibaja Ramos, Luis Ángel",coautor,M
diputados,137,00137-2026-2031-CD,2026-09-04,150,"Avendaño Vilca, Giannina Iris",coautor,F
diputados,137,00137-2026-2031-CD,2026-09-04,226,"Pérez Mallqui, Julián Luis",coautor,M
diputados,137,00137-2026-2031-CD,2026-09-04,218,"Palomino Casavilca, Catherin Norma",coautor,F
diputados,137,00137-2026-2031-CD,2026-09-04,178,"Fernández González, Svieta Valia",coautor,F
diputados,137,00137-2026-2031-CD,2026-09-04,195,"Isla Rojas, Azucena",coautor,F
diputados,136,00136-2026-2031-CD,2026-09-04,228,"Piñán Mamani, Víctor Eduardo",autor,M
diputados,136,00136-2026-2031-CD,2026-09-04,201,"López Letona, Heber",coautor,M
diputados,136,00136-2026-2031-CD,2026-09-04,224,"Peralta Jorpa, Máximo",coautor,M
diputados,136,00136-2026-2031-CD,2026-09-04,208,"Medina Stein, Andrea Dayna",coautor,F
diputados,136,00136-2026-2031-CD,2026-09-04,144,"Albañil Carmona, Henry Antonio",coautor,M
diputados,136,00136-2026-2031-CD,2026-09-04,159,"Camargo Porta, Raúl Jesús",coautor,M
diputados,136,00136-2026-2031-CD,2026-09-04,207,"Masco Cáceres, Luis Aurelio",coautor,M
diputados,134,00134-2026-2031-CD,2026-09-04,240,"Segura Figueroa, Gustavo Alexander",autor,M
diputados,134,00134-2026-2031-CD,2026-09-04,171,"De Paz Lancho, Leo Miguel",coautor,M
diputados,134,00134-2026-2031-CD,2026-09-04,236,"Rocha Gallegos, Roxana María",coautor,F
diputados,134,00134-2026-2031-CD,2026-09-04,258,"Yonz Nuñez, Mady Verónica",coautor,F
diputados,134,00134-2026-2031-CD,2026-09-04,148,"Aranda Vásquez, Christian",coautor,M
diputados,134,00134-2026-2031-CD,2026-09-04,126,"Yarrow Lumbreras, Norma Martina",coautor,F
diputados,134,00134-2026-2031-CD,2026-09-04,167,"Cipriani Thorne, Javier José María",coautor,M
diputados,133,00133-2026-2031-CD,2026-09-04,187,"Guevara Ramírez, Jessica Roxana",autor,F
diputados,133,00133-2026-2031-CD,2026-09-04,248,"Tito Rojas, César Hugo",coautor,M
diputados,133,00133-2026-2031-CD,2026-09-04,255,"Villanueva Calderón, Juan Amílcar",coautor,M
diputados,133,00133-2026-2031-CD,2026-09-04,196,"Jibaja Ramos, Luis Ángel",coautor,M
diputados,133,00133-2026-2031-CD,2026-09-04,185,"Gonzales Delgado, Gabriel Robertino",coautor,M
diputados,132,00132-2026-2031-CD,2026-09-04,187,"Guevara Ramírez, Jessica Roxana",autor,F
diputados,132,00132-2026-2031-CD,2026-09-04,248,"Tito Rojas, César Hugo",coautor,M
diputados,132,00132-2026-2031-CD,2026-09-04,255,"Villanueva Calderón, Juan Amílcar",coautor,M
diputados,132,00132-2026-2031-CD,2026-09-04,196,"Jibaja Ramos, Luis Ángel",coautor,M
diputados,132,00132-2026-2031-CD,2026-09-04,185,"Gonzales Delgado, Gabriel Robertino",coautor,M
diputados,130,00130-2026-2031-CD,2026-09-04,223,"Peña Córdova, Olver",autor,M
diputados,130,00130-2026-2031-CD,2026-09-04,261,"Zunini Yerren, Ernesto Alonzo",coautor,M
diputados,130,00130-2026-2031-CD,2026-09-04,198,"Lavado Valdivia, Marino Teófilo",coautor,M
diputados,130,00130-2026-2031-CD,2026-09-04,226,"Pérez Mallqui, Julián Luis",coautor,M
diputados,130,00130-2026-2031-CD,2026-09-04,248,"Tito Rojas, César Hugo",coautor,M
diputados,130,00130-2026-2031-CD,2026-09-04,218,"Palomino Casavilca, Catherin Norma",coautor,F
diputados,130,00130-2026-2031-CD,2026-09-04,219,"Palomino Pacheco, Amalia Emilia",coautor,F
diputados,130,00130-2026-2031-CD,2026-09-04,196,"Jibaja Ramos, Luis Ángel",coautor,M
diputados,130,00130-2026-2031-CD,2026-09-04,187,"Guevara Ramírez, Jessica Roxana",coautor,F
diputados,130,00130-2026-2031-CD,2026-09-04,246,"Tapullima Insapillo, Jacqueline Viviana",coautor,F
diputados,129,00129-2026-2031-CD,2026-09-04,248,"Tito Rojas, César Hugo",autor,M
diputados,129,00129-2026-2031-CD,2026-09-04,261,"Zunini Yerren, Ernesto Alonzo",coautor,M
diputados,129,00129-2026-2031-CD,2026-09-04,223,"Peña Córdova, Olver",coautor,M
diputados,129,00129-2026-2031-CD,2026-09-04,166,"Chipana Condori, Graciela",coautor,F
diputados,129,00129-2026-2031-CD,2026-09-04,225,"Pérez Alccahuaman, Jesús",coautor,M
diputados,129,00129-2026-2031-CD,2026-09-04,187,"Guevara Ramírez, Jessica Roxana",coautor,F
diputados,129,00129-2026-2031-CD,2026-09-04,178,"Fernández González, Svieta Valia",coautor,F
diputados,128,00128-2026-2031-CD,2026-09-03,16,"Bazán Calderón, Diego Alonso Fernando",autor,M
diputados,128,00128-2026-2031-CD,2026-09-03,236,"Rocha Gallegos, Roxana María",coautor,F
diputados,128,00128-2026-2031-CD,2026-09-03,206,"Martínez Paitan, Paola Isabel",coautor,F
diputados,128,00128-2026-2031-CD,2026-09-03,258,"Yonz Nuñez, Mady Verónica",coautor,F
diputados,128,00128-2026-2031-CD,2026-09-03,240,"Segura Figueroa, Gustavo Alexander",coautor,M
diputados,128,00128-2026-2031-CD,2026-09-03,155,"Bravo Quispe, Aldo Antonio",coautor,M
diputados,128,00128-2026-2031-CD,2026-09-03,256,"Yalta Sotelo, Carlos Alberto",coautor,M
diputados,128,00128-2026-2031-CD,2026-09-03,197,"Krklec Torres, Frank",coautor,M
diputados,127,00127-2026-2031-CD,2026-09-03,256,"Yalta Sotelo, Carlos Alberto",autor,M
diputados,127,00127-2026-2031-CD,2026-09-03,151,"Baella Malca, José Isidro",coautor,M
diputados,127,00127-2026-2031-CD,2026-09-03,236,"Rocha Gallegos, Roxana María",coautor,F
diputados,127,00127-2026-2031-CD,2026-09-03,206,"Martínez Paitan, Paola Isabel",coautor,F
diputados,127,00127-2026-2031-CD,2026-09-03,16,"Bazán Calderón, Diego Alonso Fernando",coautor,M
diputados,127,00127-2026-2031-CD,2026-09-03,240,"Segura Figueroa, Gustavo Alexander",coautor,M
diputados,127,00127-2026-2031-CD,2026-09-03,155,"Bravo Quispe, Aldo Antonio",coautor,M
diputados,126,00126-2026-2031-CD,2026-09-03,192,"Holguín Loaiza, César Augusto",autor,M
diputados,126,00126-2026-2031-CD,2026-09-03,168,"Colchado Huamani, Harvey Julio",coautor,M
diputados,126,00126-2026-2031-CD,2026-09-03,194,"Huilca Flores, Indira Isabel",coautor,F
diputados,126,00126-2026-2031-CD,2026-09-03,210,"Meneses Crispin, Ángel Renato",coautor,M
diputados,126,00126-2026-2031-CD,2026-09-03,149,"Arminta Valencia, Marleny Bibiana",coautor,F
diputados,126,00126-2026-2031-CD,2026-09-03,203,"Manrique Olivera, Bernardino Jair",coautor,M
diputados,126,00126-2026-2031-CD,2026-09-03,213,"Muedas Balbiese, César Augusto",coautor,M
diputados,126,00126-2026-2031-CD,2026-09-03,156,"Buitrón Martínez, Freshman",coautor,M
diputados,125,00125-2026-2031-CD,2026-09-03,192,"Holguín Loaiza, César Augusto",autor,M
diputados,125,00125-2026-2031-CD,2026-09-03,210,"Meneses Crispin, Ángel Renato",coautor,M
diputados,125,00125-2026-2031-CD,2026-09-03,168,"Colchado Huamani, Harvey Julio",coautor,M
diputados,125,00125-2026-2031-CD,2026-09-03,149,"Arminta Valencia, Marleny Bibiana",coautor,F
diputados,125,00125-2026-2031-CD,2026-09-03,213,"Muedas Balbiese, César Augusto",coautor,M
diputados,125,00125-2026-2031-CD,2026-09-03,156,"Buitrón Martínez, Freshman",coautor,M
diputados,125,00125-2026-2031-CD,2026-09-03,194,"Huilca Flores, Indira Isabel",coautor,F
diputados,125,00125-2026-2031-CD,2026-09-03,203,"Manrique Olivera, Bernardino Jair",coautor,M
diputados,124,00124-2026-2031-CD,2026-09-03,168,"Colchado Huamani, Harvey Julio",autor,M
diputados,124,00124-2026-2031-CD,2026-09-03,192,"Holguín Loaiza, César Augusto",coautor,M
diputados,124,00124-2026-2031-CD,2026-09-03,194,"Huilca Flores, Indira Isabel",coautor,F
diputados,124,00124-2026-2031-CD,2026-09-03,210,"Meneses Crispin, Ángel Renato",coautor,M
diputados,124,00124-2026-2031-CD,2026-09-03,149,"Arminta Valencia, Marleny Bibiana",coautor,F
diputados,124,00124-2026-2031-CD,2026-09-03,203,"Manrique Olivera, Bernardino Jair",coautor,M
diputados,124,00124-2026-2031-CD,2026-09-03,213,"Muedas Balbiese, César Augusto",coautor,M
diputados,124,00124-2026-2031-CD,2026-09-03,156,"Buitrón Martínez, Freshman",coautor,M
diputados,123,00123-2026-2031-CD,2026-09-03,218,"Palomino Casavilca, Catherin Norma",autor,F
diputados,123,00123-2026-2031-CD,2026-09-03,191,"Holguín Aguirre, James Arturo",coautor,M
diputados,123,00123-2026-2031-CD,2026-09-03,195,"Isla Rojas, Azucena",coautor,F
diputados,123,00123-2026-2031-CD,2026-09-03,227,"Perez Quispe, Jessica Sadith",coautor,F
diputados,123,00123-2026-2031-CD,2026-09-03,261,"Zunini Yerren, Ernesto Alonzo",coautor,M
diputados,122,00122-2026-2031-CD,2026-09-02,148,"Aranda Vásquez, Christian",autor,M
diputados,122,00122-2026-2031-CD,2026-09-02,236,"Rocha Gallegos, Roxana María",coautor,F
diputados,122,00122-2026-2031-CD,2026-09-02,155,"Bravo Quispe, Aldo Antonio",coautor,M
diputados,122,00122-2026-2031-CD,2026-09-02,240,"Segura Figueroa, Gustavo Alexander",coautor,M
diputados,122,00122-2026-2031-CD,2026-09-02,206,"Martínez Paitan, Paola Isabel",coautor,F
diputados,122,00122-2026-2031-CD,2026-09-02,171,"De Paz Lancho, Leo Miguel",coautor,M
diputados,122,00122-2026-2031-CD,2026-09-02,197,"Krklec Torres, Frank",coautor,M
diputados,121,00121-2026-2031-CD,2026-09-02,218,"Palomino Casavilca, Catherin Norma",autor,F
diputados,121,00121-2026-2031-CD,2026-09-02,223,"Peña Córdova, Olver",coautor,M
diputados,121,00121-2026-2031-CD,2026-09-02,178,"Fernández González, Svieta Valia",coautor,F
diputados,121,00121-2026-2031-CD,2026-09-02,166,"Chipana Condori, Graciela",coautor,F
diputados,121,00121-2026-2031-CD,2026-09-02,198,"Lavado Valdivia, Marino Teófilo",coautor,M
diputados,120,00120-2026-2031-CD,2026-09-02,171,"De Paz Lancho, Leo Miguel",autor,M
diputados,120,00120-2026-2031-CD,2026-09-02,167,"Cipriani Thorne, Javier José María",coautor,M
diputados,120,00120-2026-2031-CD,2026-09-02,206,"Martínez Paitan, Paola Isabel",coautor,F
diputados,120,00120-2026-2031-CD,2026-09-02,155,"Bravo Quispe, Aldo Antonio",coautor,M
diputados,120,00120-2026-2031-CD,2026-09-02,148,"Aranda Vásquez, Christian",coautor,M
diputados,120,00120-2026-2031-CD,2026-09-02,128,"Zeballos Aponte, Jorge Arturo",coautor,M
diputados,120,00120-2026-2031-CD,2026-09-02,256,"Yalta Sotelo, Carlos Alberto",coautor,M
diputados,119,00119-2026-2031-CD,2026-09-02,187,"Guevara Ramírez, Jessica Roxana",autor,F
diputados,119,00119-2026-2031-CD,2026-09-02,198,"Lavado Valdivia, Marino Teófilo",coautor,M
diputados,119,00119-2026-2031-CD,2026-09-02,255,"Villanueva Calderón, Juan Amílcar",coautor,M
diputados,119,00119-2026-2031-CD,2026-09-02,244,"Sulca Castillo, Pilar",coautor,F
diputados,119,00119-2026-2031-CD,2026-09-02,223,"Peña Córdova, Olver",coautor,M
diputados,118,00118-2026-2031-CD,2026-09-02,188,"Guillén Valencia, Héctor",autor,M
diputados,118,00118-2026-2031-CD,2026-09-02,195,"Isla Rojas, Azucena",coautor,F
diputados,118,00118-2026-2031-CD,2026-09-02,181,"Flores Valdizan, Marco Antonio",coautor,M
diputados,118,00118-2026-2031-CD,2026-09-02,261,"Zunini Yerren, Ernesto Alonzo",coautor,M
diputados,118,00118-2026-2031-CD,2026-09-02,198,"Lavado Valdivia, Marino Teófilo",coautor,M
diputados,118,00118-2026-2031-CD,2026-09-02,146,"Ambrosio Domínguez, Yuli Liliana",coautor,F
diputados,117,00117-2026-2031-CD,2026-09-02,188,"Guillén Valencia, Héctor",autor,M
diputados,117,00117-2026-2031-CD,2026-09-02,195,"Isla Rojas, Azucena",coautor,F
diputados,117,00117-2026-2031-CD,2026-09-02,181,"Flores Valdizan, Marco Antonio",coautor,M
diputados,117,00117-2026-2031-CD,2026-09-02,261,"Zunini Yerren, Ernesto Alonzo",coautor,M
diputados,117,00117-2026-2031-CD,2026-09-02,198,"Lavado Valdivia, Marino Teófilo",coautor,M
diputados,117,00117-2026-2031-CD,2026-09-02,146,"Ambrosio Domínguez, Yuli Liliana",coautor,F
diputados,116,00116-2026-2031-CD,2026-09-02,210,"Meneses Crispin, Ángel Renato",autor,M
diputados,116,00116-2026-2031-CD,2026-09-02,156,"Buitrón Martínez, Freshman",coautor,M
diputados,116,00116-2026-2031-CD,2026-09-02,192,"Holguín Loaiza, César Augusto",coautor,M
diputados,116,00116-2026-2031-CD,2026-09-02,149,"Arminta Valencia, Marleny Bibiana",coautor,F
diputados,116,00116-2026-2031-CD,2026-09-02,203,"Manrique Olivera, Bernardino Jair",coautor,M
diputados,116,00116-2026-2031-CD,2026-09-02,213,"Muedas Balbiese, César Augusto",coautor,M
diputados,116,00116-2026-2031-CD,2026-09-02,168,"Colchado Huamani, Harvey Julio",coautor,M
diputados,115,00115-2026-2031-CD,2026-09-02,213,"Muedas Balbiese, César Augusto",autor,M
diputados,115,00115-2026-2031-CD,2026-09-02,192,"Holguín Loaiza, César Augusto",coautor,M
diputados,115,00115-2026-2031-CD,2026-09-02,168,"Colchado Huamani, Harvey Julio",coautor,M
diputados,115,00115-2026-2031-CD,2026-09-02,156,"Buitrón Martínez, Freshman",coautor,M
diputados,115,00115-2026-2031-CD,2026-09-02,203,"Manrique Olivera, Bernardino Jair",coautor,M
diputados,115,00115-2026-2031-CD,2026-09-02,149,"Arminta Valencia, Marleny Bibiana",coautor,F
diputados,115,00115-2026-2031-CD,2026-09-02,210,"Meneses Crispin, Ángel Renato",coautor,M
diputados,114,00114-2026-2031-CD,2026-09-01,169,"Columbus Murata, Diethell",autor,M
diputados,114,00114-2026-2031-CD,2026-09-01,24,"Castillo Rivas, Eduardo Enrique",coautor,M
diputados,114,00114-2026-2031-CD,2026-09-01,15,"Barbarán Reyes, Rosangella Andrea",coautor,F
diputados,114,00114-2026-2031-CD,2026-09-01,249,"Trujillo Zegarra, Gilmer",coautor,M
diputados,114,00114-2026-2031-CD,2026-09-01,216,"Pacheco Quispe, Marco Antonio",coautor,M
diputados,114,00114-2026-2031-CD,2026-09-01,211,"Meza Rivera, Flor de Jesús",coautor,F
diputados,114,00114-2026-2031-CD,2026-09-01,6,"Alegría García, Luis Arturo",coautor,M
diputados,114,00114-2026-2031-CD,2026-09-01,153,"Beteta Rubín, Karina Juliza",coautor,F
diputados,114,00114-2026-2031-CD,2026-09-01,199,"Leiva Baylón, Leticia Maruja",coautor,F
diputados,114,00114-2026-2031-CD,2026-09-01,154,"Bobadilla Galindo, Ángel Bruno",coautor,M
diputados,114,00114-2026-2031-CD,2026-09-01,172,"Dodero Jovich, Pierangeli Daniela",coautor,F
diputados,114,00114-2026-2031-CD,2026-09-01,229,"Pinasco Montenegro, Nary Benvinda",coautor,F
diputados,114,00114-2026-2031-CD,2026-09-01,241,"Silupú Inga, María Luisa",coautor,F
diputados,113,00113-2026-2031-CD,2026-09-01,227,"Perez Quispe, Jessica Sadith",autor,F
diputados,113,00113-2026-2031-CD,2026-09-01,218,"Palomino Casavilca, Catherin Norma",coautor,F
diputados,113,00113-2026-2031-CD,2026-09-01,178,"Fernández González, Svieta Valia",coautor,F
diputados,113,00113-2026-2031-CD,2026-09-01,230,"Poma Huamani, Haydee Celinda",coautor,F
diputados,113,00113-2026-2031-CD,2026-09-01,158,"Cahuaza Mitivire, Oswar Elbis",coautor,M
diputados,113,00113-2026-2031-CD,2026-09-01,261,"Zunini Yerren, Ernesto Alonzo",coautor,M
diputados,113,00113-2026-2031-CD,2026-09-01,244,"Sulca Castillo, Pilar",coautor,F
diputados,113,00113-2026-2031-CD,2026-09-01,223,"Peña Córdova, Olver",coautor,M
diputados,112,00112-2026-2031-CD,2026-09-01,16,"Bazán Calderón, Diego Alonso Fernando",autor,M
diputados,112,00112-2026-2031-CD,2026-09-01,236,"Rocha Gallegos, Roxana María",coautor,F
diputados,112,00112-2026-2031-CD,2026-09-01,126,"Yarrow Lumbreras, Norma Martina",coautor,F
diputados,112,00112-2026-2031-CD,2026-09-01,206,"Martínez Paitan, Paola Isabel",coautor,F
diputados,112,00112-2026-2031-CD,2026-09-01,165,"Chang Apuy, Félix See Hung",coautor,M
diputados,112,00112-2026-2031-CD,2026-09-01,171,"De Paz Lancho, Leo Miguel",coautor,M
diputados,112,00112-2026-2031-CD,2026-09-01,167,"Cipriani Thorne, Javier José María",coautor,M
diputados,111,00111-2026-2031-CD,2026-09-01,190,"Hirache Pizarro, Gloria Charito",autor,F
diputados,111,00111-2026-2031-CD,2026-09-01,152,"Benítez Barrionuevo, Jessica",coautor,F
diputados,111,00111-2026-2031-CD,2026-09-01,193,"Huaman Cornejo, Miguel Félix",coautor,M
diputados,111,00111-2026-2031-CD,2026-09-01,250,"Uribe Sáenz, Romina Alejandra",coautor,F
diputados,111,00111-2026-2031-CD,2026-09-01,177,"Fernandez de la Torre, Hilda Judit",coautor,F
diputados,111,00111-2026-2031-CD,2026-09-01,212,"Molina Soto, Nathaly Milagros",coautor,F
diputados,110,00110-2026-2031-CD,2026-09-01,203,"Manrique Olivera, Bernardino Jair",autor,M
diputados,110,00110-2026-2031-CD,2026-09-01,192,"Holguín Loaiza, César Augusto",coautor,M
diputados,110,00110-2026-2031-CD,2026-09-01,242,"Sonco Villanueva, Helard Bladimir",coautor,M
diputados,110,00110-2026-2031-CD,2026-09-01,149,"Arminta Valencia, Marleny Bibiana",coautor,F
diputados,110,00110-2026-2031-CD,2026-09-01,168,"Colchado Huamani, Harvey Julio",coautor,M
diputados,109,00109-2026-2031-CD,2026-09-01,256,"Yalta Sotelo, Carlos Alberto",autor,M
diputados,109,00109-2026-2031-CD,2026-09-01,236,"Rocha Gallegos, Roxana María",coautor,F
diputados,109,00109-2026-2031-CD,2026-09-01,171,"De Paz Lancho, Leo Miguel",coautor,M
diputados,109,00109-2026-2031-CD,2026-09-01,128,"Zeballos Aponte, Jorge Arturo",coautor,M
diputados,109,00109-2026-2031-CD,2026-09-01,165,"Chang Apuy, Félix See Hung",coautor,M
diputados,108,00108-2026-2031-CD,2026-09-01,195,"Isla Rojas, Azucena",autor,F
diputados,108,00108-2026-2031-CD,2026-09-01,198,"Lavado Valdivia, Marino Teófilo",coautor,M
diputados,108,00108-2026-2031-CD,2026-09-01,261,"Zunini Yerren, Ernesto Alonzo",coautor,M
diputados,108,00108-2026-2031-CD,2026-09-01,225,"Pérez Alccahuaman, Jesús",coautor,M
diputados,108,00108-2026-2031-CD,2026-09-01,220,"Paredes Navarro, Yenifer Noelia",coautor,F
diputados,108,00108-2026-2031-CD,2026-09-01,229,"Pinasco Montenegro, Nary Benvinda",coautor,F
diputados,108,00108-2026-2031-CD,2026-09-01,171,"De Paz Lancho, Leo Miguel",coautor,M
diputados,107,00107-2026-2031-CD,2026-09-01,126,"Yarrow Lumbreras, Norma Martina",autor,F
diputados,107,00107-2026-2031-CD,2026-09-01,197,"Krklec Torres, Frank",coautor,M
diputados,107,00107-2026-2031-CD,2026-09-01,155,"Bravo Quispe, Aldo Antonio",coautor,M
diputados,107,00107-2026-2031-CD,2026-09-01,16,"Bazán Calderón, Diego Alonso Fernando",coautor,M
diputados,107,00107-2026-2031-CD,2026-09-01,206,"Martínez Paitan, Paola Isabel",coautor,F
diputados,107,00107-2026-2031-CD,2026-09-01,256,"Yalta Sotelo, Carlos Alberto",coautor,M
diputados,107,00107-2026-2031-CD,2026-09-01,151,"Baella Malca, José Isidro",coautor,M
diputados,107,00107-2026-2031-CD,2026-09-01,240,"Segura Figueroa, Gustavo Alexander",coautor,M
diputados,107,00107-2026-2031-CD,2026-09-01,236,"Rocha Gallegos, Roxana María",coautor,F
diputados,107,00107-2026-2031-CD,2026-09-01,148,"Aranda Vásquez, Christian",coautor,M
diputados,107,00107-2026-2031-CD,2026-09-01,167,"Cipriani Thorne, Javier José María",coautor,M
diputados,107,00107-2026-2031-CD,2026-09-01,171,"De Paz Lancho, Leo Miguel",coautor,M
diputados,107,00107-2026-2031-CD,2026-09-01,165,"Chang Apuy, Félix See Hung",coautor,M
diputados,107,00107-2026-2031-CD,2026-09-01,258,"Yonz Nuñez, Mady Verónica",coautor,F
diputados,107,00107-2026-2031-CD,2026-09-01,128,"Zeballos Aponte, Jorge Arturo",coautor,M
diputados,106,00106-2026-2031-CD,2026-09-01,126,"Yarrow Lumbreras, Norma Martina",autor,F
diputados,106,00106-2026-2031-CD,2026-09-01,206,"Martínez Paitan, Paola Isabel",coautor,F
diputados,106,00106-2026-2031-CD,2026-09-01,197,"Krklec Torres, Frank",coautor,M
diputados,106,00106-2026-2031-CD,2026-09-01,256,"Yalta Sotelo, Carlos Alberto",coautor,M
diputados,106,00106-2026-2031-CD,2026-09-01,165,"Chang Apuy, Félix See Hung",coautor,M
diputados,106,00106-2026-2031-CD,2026-09-01,167,"Cipriani Thorne, Javier José María",coautor,M
diputados,106,00106-2026-2031-CD,2026-09-01,240,"Segura Figueroa, Gustavo Alexander",coautor,M
diputados,106,00106-2026-2031-CD,2026-09-01,236,"Rocha Gallegos, Roxana María",coautor,F
diputados,106,00106-2026-2031-CD,2026-09-01,151,"Baella Malca, José Isidro",coautor,M
diputados,106,00106-2026-2031-CD,2026-09-01,258,"Yonz Nuñez, Mady Verónica",coautor,F
diputados,106,00106-2026-2031-CD,2026-09-01,128,"Zeballos Aponte, Jorge Arturo",coautor,M
diputados,106,00106-2026-2031-CD,2026-09-01,171,"De Paz Lancho, Leo Miguel",coautor,M
diputados,105,00105-2026-2031-CD,2026-09-01,126,"Yarrow Lumbreras, Norma Martina",autor,F
diputados,105,00105-2026-2031-CD,2026-09-01,206,"Martínez Paitan, Paola Isabel",coautor,F
diputados,105,00105-2026-2031-CD,2026-09-01,16,"Bazán Calderón, Diego Alonso Fernando",coautor,M
diputados,105,00105-2026-2031-CD,2026-09-01,165,"Chang Apuy, Félix See Hung",coautor,M
diputados,105,00105-2026-2031-CD,2026-09-01,167,"Cipriani Thorne, Javier José María",coautor,M
diputados,105,00105-2026-2031-CD,2026-09-01,128,"Zeballos Aponte, Jorge Arturo",coautor,M
diputados,105,00105-2026-2031-CD,2026-09-01,236,"Rocha Gallegos, Roxana María",coautor,F
diputados,105,00105-2026-2031-CD,2026-09-01,171,"De Paz Lancho, Leo Miguel",coautor,M
diputados,105,00105-2026-2031-CD,2026-09-01,151,"Baella Malca, José Isidro",coautor,M
diputados,105,00105-2026-2031-CD,2026-09-01,240,"Segura Figueroa, Gustavo Alexander",coautor,M
diputados,105,00105-2026-2031-CD,2026-09-01,148,"Aranda Vásquez, Christian",coautor,M
diputados,105,00105-2026-2031-CD,2026-09-01,197,"Krklec Torres, Frank",coautor,M
diputados,104,00104-2026-2031-CD,2026-09-01,126,"Yarrow Lumbreras, Norma Martina",autor,F
diputados,104,00104-2026-2031-CD,2026-09-01,148,"Aranda Vásquez, Christian",coautor,M
diputados,104,00104-2026-2031-CD,2026-09-01,16,"Bazán Calderón, Diego Alonso Fernando",coautor,M
diputados,104,00104-2026-2031-CD,2026-09-01,165,"Chang Apuy, Félix See Hung",coautor,M
diputados,104,00104-2026-2031-CD,2026-09-01,155,"Bravo Quispe, Aldo Antonio",coautor,M
diputados,104,00104-2026-2031-CD,2026-09-01,256,"Yalta Sotelo, Carlos Alberto",coautor,M
diputados,104,00104-2026-2031-CD,2026-09-01,171,"De Paz Lancho, Leo Miguel",coautor,M
diputados,104,00104-2026-2031-CD,2026-09-01,167,"Cipriani Thorne, Javier José María",coautor,M
diputados,104,00104-2026-2031-CD,2026-09-01,258,"Yonz Nuñez, Mady Verónica",coautor,F
diputados,104,00104-2026-2031-CD,2026-09-01,206,"Martínez Paitan, Paola Isabel",coautor,F
diputados,104,00104-2026-2031-CD,2026-09-01,128,"Zeballos Aponte, Jorge Arturo",coautor,M
diputados,104,00104-2026-2031-CD,2026-09-01,197,"Krklec Torres, Frank",coautor,M
diputados,104,00104-2026-2031-CD,2026-09-01,236,"Rocha Gallegos, Roxana María",coautor,F
diputados,104,00104-2026-2031-CD,2026-09-01,151,"Baella Malca, José Isidro",coautor,M
diputados,104,00104-2026-2031-CD,2026-09-01,240,"Segura Figueroa, Gustavo Alexander",coautor,M
diputados,103,00103-2026-2031-CD,2026-09-01,241,"Silupú Inga, María Luisa",autor,F
diputados,103,00103-2026-2031-CD,2026-09-01,6,"Alegría García, Luis Arturo",coautor,M
diputados,103,00103-2026-2031-CD,2026-09-01,229,"Pinasco Montenegro, Nary Benvinda",coautor,F
diputados,103,00103-2026-2031-CD,2026-09-01,59,"Infantes Castañeda, Mery Eliana",coautor,F
diputados,103,00103-2026-2031-CD,2026-09-01,232,"Quezada Castro, Geanmarco Antonio",coautor,M
diputados,103,00103-2026-2031-CD,2026-09-01,215,"Navas Sánchez, Jessica Lizbeth",coautor,F
diputados,102,00102-2026-2031-CD,2026-08-31,182,"Gamarra Pita, Luzmila María del Carmen",autor,F
diputados,102,00102-2026-2031-CD,2026-08-31,229,"Pinasco Montenegro, Nary Benvinda",coautor,F
diputados,102,00102-2026-2031-CD,2026-08-31,232,"Quezada Castro, Geanmarco Antonio",coautor,M
diputados,102,00102-2026-2031-CD,2026-08-31,15,"Barbarán Reyes, Rosangella Andrea",coautor,F
diputados,102,00102-2026-2031-CD,2026-08-31,214,"Muñoz Yurivilca, Kim Tami",coautor,F
diputados,102,00102-2026-2031-CD,2026-08-31,252,"Valqui Ordoñez, Jhonn Brayam",coautor,M
diputados,101,00101-2026-2031-CD,2026-08-31,216,"Pacheco Quispe, Marco Antonio",autor,M
diputados,101,00101-2026-2031-CD,2026-08-31,15,"Barbarán Reyes, Rosangella Andrea",coautor,F
diputados,101,00101-2026-2031-CD,2026-08-31,217,"Palma Mendoza, José Marvin",coautor,M
diputados,101,00101-2026-2031-CD,2026-08-31,214,"Muñoz Yurivilca, Kim Tami",coautor,F
diputados,101,00101-2026-2031-CD,2026-08-31,199,"Leiva Baylón, Leticia Maruja",coautor,F
diputados,101,00101-2026-2031-CD,2026-08-31,222,"Paucara Paxi, Carmela",coautor,F
diputados,100,00100-2026-2031-CD,2026-08-31,205,"Márquez Huanca, Analí",autor,F
diputados,100,00100-2026-2031-CD,2026-08-31,178,"Fernández González, Svieta Valia",coautor,F
diputados,100,00100-2026-2031-CD,2026-08-31,226,"Pérez Mallqui, Julián Luis",coautor,M
diputados,100,00100-2026-2031-CD,2026-08-31,261,"Zunini Yerren, Ernesto Alonzo",coautor,M
diputados,100,00100-2026-2031-CD,2026-08-31,220,"Paredes Navarro, Yenifer Noelia",coautor,F
diputados,100,00100-2026-2031-CD,2026-08-31,253,"Varas Seguin, Daniel Jefferson",coautor,M
diputados,99,00099-2026-2031-CD,2026-08-31,258,"Yonz Nuñez, Mady Verónica",autor,F
diputados,99,00099-2026-2031-CD,2026-08-31,236,"Rocha Gallegos, Roxana María",coautor,F
diputados,99,00099-2026-2031-CD,2026-08-31,240,"Segura Figueroa, Gustavo Alexander",coautor,M
diputados,99,00099-2026-2031-CD,2026-08-31,171,"De Paz Lancho, Leo Miguel",coautor,M
diputados,99,00099-2026-2031-CD,2026-08-31,167,"Cipriani Thorne, Javier José María",coautor,M
diputados,97,00097-2026-2031-CD,2026-08-28,16,"Bazán Calderón, Diego Alonso Fernando",autor,M
diputados,97,00097-2026-2031-CD,2026-08-28,171,"De Paz Lancho, Leo Miguel",coautor,M
diputados,97,00097-2026-2031-CD,2026-08-28,165,"Chang Apuy, Félix See Hung",coautor,M
diputados,97,00097-2026-2031-CD,2026-08-28,126,"Yarrow Lumbreras, Norma Martina",coautor,F
diputados,97,00097-2026-2031-CD,2026-08-28,206,"Martínez Paitan, Paola Isabel",coautor,F
diputados,97,00097-2026-2031-CD,2026-08-28,167,"Cipriani Thorne, Javier José María",coautor,M
diputados,97,00097-2026-2031-CD,2026-08-28,236,"Rocha Gallegos, Roxana María",coautor,F
diputados,96,00096-2026-2031-CD,2026-08-28,218,"Palomino Casavilca, Catherin Norma",autor,F
diputados,96,00096-2026-2031-CD,2026-08-28,261,"Zunini Yerren, Ernesto Alonzo",coautor,M
diputados,96,00096-2026-2031-CD,2026-08-28,191,"Holguín Aguirre, James Arturo",coautor,M
diputados,96,00096-2026-2031-CD,2026-08-28,195,"Isla Rojas, Azucena",coautor,F
diputados,96,00096-2026-2031-CD,2026-08-28,226,"Pérez Mallqui, Julián Luis",coautor,M
diputados,96,00096-2026-2031-CD,2026-08-28,227,"Perez Quispe, Jessica Sadith",coautor,F
diputados,95,00095-2026-2031-CD,2026-08-27,147,"Andrade Salguero de Alvarez, Gladys Griselda",autor,F
diputados,95,00095-2026-2031-CD,2026-08-27,245,"Takayama Jiménez, Liliana Milagros",coautor,F
diputados,95,00095-2026-2031-CD,2026-08-27,180,"Figari Mendoza, Pier Paolo",coautor,M
diputados,95,00095-2026-2031-CD,2026-08-27,260,"Zegarra Sánchez, Carlos Alberto",coautor,M
diputados,95,00095-2026-2031-CD,2026-08-27,234,"Ramos Rosales, María Candelaria",coautor,F
diputados,95,00095-2026-2031-CD,2026-08-27,153,"Beteta Rubín, Karina Juliza",coautor,F
diputados,94,00094-2026-2031-CD,2026-08-27,171,"De Paz Lancho, Leo Miguel",autor,M
diputados,94,00094-2026-2031-CD,2026-08-27,206,"Martínez Paitan, Paola Isabel",coautor,F
diputados,94,00094-2026-2031-CD,2026-08-27,197,"Krklec Torres, Frank",coautor,M
diputados,94,00094-2026-2031-CD,2026-08-27,128,"Zeballos Aponte, Jorge Arturo",coautor,M
diputados,94,00094-2026-2031-CD,2026-08-27,167,"Cipriani Thorne, Javier José María",coautor,M
diputados,94,00094-2026-2031-CD,2026-08-27,236,"Rocha Gallegos, Roxana María",coautor,F
diputados,93,00093-2026-2031-CD,2026-08-26,197,"Krklec Torres, Frank",autor,M
diputados,93,00093-2026-2031-CD,2026-08-26,206,"Martínez Paitan, Paola Isabel",coautor,F
diputados,93,00093-2026-2031-CD,2026-08-26,236,"Rocha Gallegos, Roxana María",coautor,F
diputados,93,00093-2026-2031-CD,2026-08-26,171,"De Paz Lancho, Leo Miguel",coautor,M
diputados,93,00093-2026-2031-CD,2026-08-26,240,"Segura Figueroa, Gustavo Alexander",coautor,M
diputados,93,00093-2026-2031-CD,2026-08-26,126,"Yarrow Lumbreras, Norma Martina",coautor,F
diputados,92,00092-2026-2031-CD,2026-08-26,210,"Meneses Crispin, Ángel Renato",autor,M
diputados,92,00092-2026-2031-CD,2026-08-26,204,"Marcelo Salazar, José Miguel",coautor,M
diputados,92,00092-2026-2031-CD,2026-08-26,192,"Holguín Loaiza, César Augusto",coautor,M
diputados,92,00092-2026-2031-CD,2026-08-26,194,"Huilca Flores, Indira Isabel",coautor,F
diputados,92,00092-2026-2031-CD,2026-08-26,149,"Arminta Valencia, Marleny Bibiana",coautor,F
diputados,92,00092-2026-2031-CD,2026-08-26,213,"Muedas Balbiese, César Augusto",coautor,M
diputados,92,00092-2026-2031-CD,2026-08-26,242,"Sonco Villanueva, Helard Bladimir",coautor,M
diputados,92,00092-2026-2031-CD,2026-08-26,156,"Buitrón Martínez, Freshman",coautor,M
diputados,92,00092-2026-2031-CD,2026-08-26,168,"Colchado Huamani, Harvey Julio",coautor,M
diputados,91,00091-2026-2031-CD,2026-08-24,206,"Martínez Paitan, Paola Isabel",autor,F
diputados,91,00091-2026-2031-CD,2026-08-24,236,"Rocha Gallegos, Roxana María",coautor,F
diputados,91,00091-2026-2031-CD,2026-08-24,151,"Baella Malca, José Isidro",coautor,M
diputados,91,00091-2026-2031-CD,2026-08-24,171,"De Paz Lancho, Leo Miguel",coautor,M
diputados,91,00091-2026-2031-CD,2026-08-24,128,"Zeballos Aponte, Jorge Arturo",coautor,M
diputados,91,00091-2026-2031-CD,2026-08-24,258,"Yonz Nuñez, Mady Verónica",coautor,F
diputados,91,00091-2026-2031-CD,2026-08-24,167,"Cipriani Thorne, Javier José María",coautor,M
diputados,91,00091-2026-2031-CD,2026-08-24,155,"Bravo Quispe, Aldo Antonio",coautor,M
diputados,90,00090-2026-2031-CD,2026-08-24,258,"Yonz Nuñez, Mady Verónica",autor,F
diputados,90,00090-2026-2031-CD,2026-08-24,236,"Rocha Gallegos, Roxana María",coautor,F
diputados,90,00090-2026-2031-CD,2026-08-24,240,"Segura Figueroa, Gustavo Alexander",coautor,M
diputados,90,00090-2026-2031-CD,2026-08-24,171,"De Paz Lancho, Leo Miguel",coautor,M
diputados,90,00090-2026-2031-CD,2026-08-24,206,"Martínez Paitan, Paola Isabel",coautor,F
diputados,88,00088-2026-2031-CD,2026-08-24,162,"Castro Grández, Royser",autor,M
diputados,88,00088-2026-2031-CD,2026-08-24,141,"Abensur Pinasco, Jaime Américo",autor,M
diputados,88,00088-2026-2031-CD,2026-08-24,15,"Barbarán Reyes, Rosangella Andrea",coautor,F
diputados,88,00088-2026-2031-CD,2026-08-24,229,"Pinasco Montenegro, Nary Benvinda",coautor,F
diputados,88,00088-2026-2031-CD,2026-08-24,184,"Gatica Vega, Francisco Javier",coautor,M
diputados,88,00088-2026-2031-CD,2026-08-24,215,"Navas Sánchez, Jessica Lizbeth",coautor,F
diputados,87,00087-2026-2031-CD,2026-08-24,256,"Yalta Sotelo, Carlos Alberto",autor,M
diputados,87,00087-2026-2031-CD,2026-08-24,206,"Martínez Paitan, Paola Isabel",coautor,F
diputados,87,00087-2026-2031-CD,2026-08-24,171,"De Paz Lancho, Leo Miguel",coautor,M
diputados,87,00087-2026-2031-CD,2026-08-24,236,"Rocha Gallegos, Roxana María",coautor,F
diputados,87,00087-2026-2031-CD,2026-08-24,128,"Zeballos Aponte, Jorge Arturo",coautor,M
diputados,86,00086-2026-2031-CD,2026-08-21,195,"Isla Rojas, Azucena",autor,F
diputados,86,00086-2026-2031-CD,2026-08-21,261,"Zunini Yerren, Ernesto Alonzo",coautor,M
diputados,86,00086-2026-2031-CD,2026-08-21,196,"Jibaja Ramos, Luis Ángel",coautor,M
diputados,86,00086-2026-2031-CD,2026-08-21,188,"Guillén Valencia, Héctor",coautor,M
diputados,86,00086-2026-2031-CD,2026-08-21,243,"Soto Ferrari, Luz Mérida",coautor,F
diputados,86,00086-2026-2031-CD,2026-08-21,230,"Poma Huamani, Haydee Celinda",coautor,F
diputados,86,00086-2026-2031-CD,2026-08-21,220,"Paredes Navarro, Yenifer Noelia",coautor,F
diputados,85,00085-2026-2031-CD,2026-08-21,128,"Zeballos Aponte, Jorge Arturo",autor,M
diputados,85,00085-2026-2031-CD,2026-08-21,256,"Yalta Sotelo, Carlos Alberto",coautor,M
diputados,85,00085-2026-2031-CD,2026-08-21,206,"Martínez Paitan, Paola Isabel",coautor,F
diputados,85,00085-2026-2031-CD,2026-08-21,236,"Rocha Gallegos, Roxana María",coautor,F
diputados,85,00085-2026-2031-CD,2026-08-21,167,"Cipriani Thorne, Javier José María",coautor,M
diputados,85,00085-2026-2031-CD,2026-08-21,126,"Yarrow Lumbreras, Norma Martina",coautor,F
diputados,84,00084-2026-2031-CD,2026-08-21,256,"Yalta Sotelo, Carlos Alberto",autor,M
diputados,84,00084-2026-2031-CD,2026-08-21,236,"Rocha Gallegos, Roxana María",coautor,F
diputados,84,00084-2026-2031-CD,2026-08-21,128,"Zeballos Aponte, Jorge Arturo",coautor,M
diputados,84,00084-2026-2031-CD,2026-08-21,206,"Martínez Paitan, Paola Isabel",coautor,F
diputados,84,00084-2026-2031-CD,2026-08-21,151,"Baella Malca, José Isidro",coautor,M
diputados,83,00083-2026-2031-CD,2026-08-21,256,"Yalta Sotelo, Carlos Alberto",autor,M
diputados,83,00083-2026-2031-CD,2026-08-21,151,"Baella Malca, José Isidro",coautor,M
diputados,83,00083-2026-2031-CD,2026-08-21,236,"Rocha Gallegos, Roxana María",coautor,F
diputados,83,00083-2026-2031-CD,2026-08-21,206,"Martínez Paitan, Paola Isabel",coautor,F
diputados,83,00083-2026-2031-CD,2026-08-21,128,"Zeballos Aponte, Jorge Arturo",coautor,M
diputados,82,00082-2026-2031-CD,2026-08-21,192,"Holguín Loaiza, César Augusto",autor,M
diputados,82,00082-2026-2031-CD,2026-08-21,242,"Sonco Villanueva, Helard Bladimir",coautor,M
diputados,82,00082-2026-2031-CD,2026-08-21,156,"Buitrón Martínez, Freshman",coautor,M
diputados,82,00082-2026-2031-CD,2026-08-21,210,"Meneses Crispin, Ángel Renato",coautor,M
diputados,82,00082-2026-2031-CD,2026-08-21,168,"Colchado Huamani, Harvey Julio",coautor,M
diputados,82,00082-2026-2031-CD,2026-08-21,194,"Huilca Flores, Indira Isabel",coautor,F
diputados,82,00082-2026-2031-CD,2026-08-21,204,"Marcelo Salazar, José Miguel",coautor,M
diputados,82,00082-2026-2031-CD,2026-08-21,149,"Arminta Valencia, Marleny Bibiana",coautor,F
diputados,82,00082-2026-2031-CD,2026-08-21,213,"Muedas Balbiese, César Augusto",coautor,M
diputados,81,00081-2026-2031-CD,2026-08-21,240,"Segura Figueroa, Gustavo Alexander",autor,M
diputados,81,00081-2026-2031-CD,2026-08-21,148,"Aranda Vásquez, Christian",coautor,M
diputados,81,00081-2026-2031-CD,2026-08-21,236,"Rocha Gallegos, Roxana María",coautor,F
diputados,81,00081-2026-2031-CD,2026-08-21,126,"Yarrow Lumbreras, Norma Martina",coautor,F
diputados,81,00081-2026-2031-CD,2026-08-21,206,"Martínez Paitan, Paola Isabel",coautor,F
diputados,81,00081-2026-2031-CD,2026-08-21,258,"Yonz Nuñez, Mady Verónica",coautor,F
diputados,81,00081-2026-2031-CD,2026-08-21,151,"Baella Malca, José Isidro",coautor,M
diputados,80,00080-2026-2031-CD,2026-08-21,192,"Holguín Loaiza, César Augusto",autor,M
diputados,80,00080-2026-2031-CD,2026-08-21,194,"Huilca Flores, Indira Isabel",coautor,F
diputados,80,00080-2026-2031-CD,2026-08-21,168,"Colchado Huamani, Harvey Julio",coautor,M
diputados,80,00080-2026-2031-CD,2026-08-21,213,"Muedas Balbiese, César Augusto",coautor,M
diputados,80,00080-2026-2031-CD,2026-08-21,149,"Arminta Valencia, Marleny Bibiana",coautor,F
diputados,80,00080-2026-2031-CD,2026-08-21,210,"Meneses Crispin, Ángel Renato",coautor,M
diputados,80,00080-2026-2031-CD,2026-08-21,242,"Sonco Villanueva, Helard Bladimir",coautor,M
diputados,80,00080-2026-2031-CD,2026-08-21,156,"Buitrón Martínez, Freshman",coautor,M
diputados,80,00080-2026-2031-CD,2026-08-21,204,"Marcelo Salazar, José Miguel",coautor,M
diputados,79,00079-2026-2031-CD,2026-08-20,210,"Meneses Crispin, Ángel Renato",autor,M
diputados,79,00079-2026-2031-CD,2026-08-20,204,"Marcelo Salazar, José Miguel",coautor,M
diputados,79,00079-2026-2031-CD,2026-08-20,192,"Holguín Loaiza, César Augusto",coautor,M
diputados,79,00079-2026-2031-CD,2026-08-20,149,"Arminta Valencia, Marleny Bibiana",coautor,F
diputados,79,00079-2026-2031-CD,2026-08-20,168,"Colchado Huamani, Harvey Julio",coautor,M
diputados,79,00079-2026-2031-CD,2026-08-20,156,"Buitrón Martínez, Freshman",coautor,M
diputados,79,00079-2026-2031-CD,2026-08-20,242,"Sonco Villanueva, Helard Bladimir",coautor,M
diputados,79,00079-2026-2031-CD,2026-08-20,213,"Muedas Balbiese, César Augusto",coautor,M
diputados,79,00079-2026-2031-CD,2026-08-20,194,"Huilca Flores, Indira Isabel",coautor,F
diputados,78,00078-2026-2031-CD,2026-08-20,205,"Márquez Huanca, Analí",autor,F
diputados,78,00078-2026-2031-CD,2026-08-20,158,"Cahuaza Mitivire, Oswar Elbis",coautor,M
diputados,78,00078-2026-2031-CD,2026-08-20,219,"Palomino Pacheco, Amalia Emilia",coautor,F
diputados,78,00078-2026-2031-CD,2026-08-20,230,"Poma Huamani, Haydee Celinda",coautor,F
diputados,78,00078-2026-2031-CD,2026-08-20,195,"Isla Rojas, Azucena",coautor,F
diputados,78,00078-2026-2031-CD,2026-08-20,243,"Soto Ferrari, Luz Mérida",coautor,F
diputados,78,00078-2026-2031-CD,2026-08-20,261,"Zunini Yerren, Ernesto Alonzo",coautor,M
diputados,78,00078-2026-2031-CD,2026-08-20,248,"Tito Rojas, César Hugo",coautor,M
diputados,78,00078-2026-2031-CD,2026-08-20,220,"Paredes Navarro, Yenifer Noelia",coautor,F
diputados,78,00078-2026-2031-CD,2026-08-20,223,"Peña Córdova, Olver",coautor,M
diputados,78,00078-2026-2031-CD,2026-08-20,244,"Sulca Castillo, Pilar",coautor,F
diputados,78,00078-2026-2031-CD,2026-08-20,188,"Guillén Valencia, Héctor",coautor,M
diputados,78,00078-2026-2031-CD,2026-08-20,178,"Fernández González, Svieta Valia",coautor,F
diputados,78,00078-2026-2031-CD,2026-08-20,196,"Jibaja Ramos, Luis Ángel",coautor,M
diputados,78,00078-2026-2031-CD,2026-08-20,253,"Varas Seguin, Daniel Jefferson",coautor,M
diputados,77,00077-2026-2031-CD,2026-08-20,244,"Sulca Castillo, Pilar",autor,F
diputados,77,00077-2026-2031-CD,2026-08-20,150,"Avendaño Vilca, Giannina Iris",coautor,F
diputados,77,00077-2026-2031-CD,2026-08-20,230,"Poma Huamani, Haydee Celinda",coautor,F
diputados,77,00077-2026-2031-CD,2026-08-20,218,"Palomino Casavilca, Catherin Norma",coautor,F
diputados,77,00077-2026-2031-CD,2026-08-20,246,"Tapullima Insapillo, Jacqueline Viviana",coautor,F
diputados,77,00077-2026-2031-CD,2026-08-20,178,"Fernández González, Svieta Valia",coautor,F
diputados,77,00077-2026-2031-CD,2026-08-20,261,"Zunini Yerren, Ernesto Alonzo",coautor,M
diputados,77,00077-2026-2031-CD,2026-08-20,146,"Ambrosio Domínguez, Yuli Liliana",coautor,F
diputados,77,00077-2026-2031-CD,2026-08-20,181,"Flores Valdizan, Marco Antonio",coautor,M
diputados,77,00077-2026-2031-CD,2026-08-20,248,"Tito Rojas, César Hugo",coautor,M
diputados,77,00077-2026-2031-CD,2026-08-20,255,"Villanueva Calderón, Juan Amílcar",coautor,M
diputados,77,00077-2026-2031-CD,2026-08-20,166,"Chipana Condori, Graciela",coautor,F
diputados,77,00077-2026-2031-CD,2026-08-20,170,"Condori Flores, Remigio",coautor,M
diputados,77,00077-2026-2031-CD,2026-08-20,220,"Paredes Navarro, Yenifer Noelia",coautor,F
diputados,77,00077-2026-2031-CD,2026-08-20,195,"Isla Rojas, Azucena",coautor,F
diputados,77,00077-2026-2031-CD,2026-08-20,142,"Aguirre Ramos, Marlon Alberto",coautor,M
diputados,76,00076-2026-2031-CD,2026-08-20,222,"Paucara Paxi, Carmela",autor,F
diputados,76,00076-2026-2031-CD,2026-08-20,153,"Beteta Rubín, Karina Juliza",coautor,F
diputados,76,00076-2026-2031-CD,2026-08-20,199,"Leiva Baylón, Leticia Maruja",coautor,F
diputados,76,00076-2026-2031-CD,2026-08-20,245,"Takayama Jiménez, Liliana Milagros",coautor,F
diputados,76,00076-2026-2031-CD,2026-08-20,221,"Patiño Urco, Ana Bertha",coautor,F
diputados,76,00076-2026-2031-CD,2026-08-20,215,"Navas Sánchez, Jessica Lizbeth",coautor,F
diputados,76,00076-2026-2031-CD,2026-08-20,180,"Figari Mendoza, Pier Paolo",coautor,M
diputados,76,00076-2026-2031-CD,2026-08-20,184,"Gatica Vega, Francisco Javier",coautor,M
diputados,76,00076-2026-2031-CD,2026-08-20,214,"Muñoz Yurivilca, Kim Tami",coautor,F
diputados,75,00075-2026-2031-CD,2026-08-20,194,"Huilca Flores, Indira Isabel",autor,F
diputados,75,00075-2026-2031-CD,2026-08-20,204,"Marcelo Salazar, José Miguel",coautor,M
diputados,75,00075-2026-2031-CD,2026-08-20,168,"Colchado Huamani, Harvey Julio",coautor,M
diputados,75,00075-2026-2031-CD,2026-08-20,192,"Holguín Loaiza, César Augusto",coautor,M
diputados,75,00075-2026-2031-CD,2026-08-20,149,"Arminta Valencia, Marleny Bibiana",coautor,F
diputados,74,00074-2026-2031-CD,2026-08-20,171,"De Paz Lancho, Leo Miguel",autor,M
diputados,74,00074-2026-2031-CD,2026-08-20,236,"Rocha Gallegos, Roxana María",coautor,F
diputados,74,00074-2026-2031-CD,2026-08-20,167,"Cipriani Thorne, Javier José María",coautor,M
diputados,74,00074-2026-2031-CD,2026-08-20,148,"Aranda Vásquez, Christian",coautor,M
diputados,74,00074-2026-2031-CD,2026-08-20,206,"Martínez Paitan, Paola Isabel",coautor,F
diputados,74,00074-2026-2031-CD,2026-08-20,16,"Bazán Calderón, Diego Alonso Fernando",coautor,M
diputados,74,00074-2026-2031-CD,2026-08-20,258,"Yonz Nuñez, Mady Verónica",coautor,F
diputados,74,00074-2026-2031-CD,2026-08-20,197,"Krklec Torres, Frank",coautor,M
diputados,73,00073-2026-2031-CD,2026-08-20,260,"Zegarra Sánchez, Carlos Alberto",autor,M
diputados,73,00073-2026-2031-CD,2026-08-20,245,"Takayama Jiménez, Liliana Milagros",coautor,F
diputados,73,00073-2026-2031-CD,2026-08-20,15,"Barbarán Reyes, Rosangella Andrea",coautor,F
diputados,73,00073-2026-2031-CD,2026-08-20,234,"Ramos Rosales, María Candelaria",coautor,F
diputados,73,00073-2026-2031-CD,2026-08-20,59,"Infantes Castañeda, Mery Eliana",coautor,F
diputados,73,00073-2026-2031-CD,2026-08-20,232,"Quezada Castro, Geanmarco Antonio",coautor,M
diputados,72,00072-2026-2031-CD,2026-08-20,195,"Isla Rojas, Azucena",autor,F
diputados,72,00072-2026-2031-CD,2026-08-20,170,"Condori Flores, Remigio",coautor,M
diputados,72,00072-2026-2031-CD,2026-08-20,202,"Manay Pillaca, Alejandro José",coautor,M
diputados,72,00072-2026-2031-CD,2026-08-20,246,"Tapullima Insapillo, Jacqueline Viviana",coautor,F
diputados,72,00072-2026-2031-CD,2026-08-20,248,"Tito Rojas, César Hugo",coautor,M
diputados,72,00072-2026-2031-CD,2026-08-20,196,"Jibaja Ramos, Luis Ángel",coautor,M
diputados,72,00072-2026-2031-CD,2026-08-20,261,"Zunini Yerren, Ernesto Alonzo",coautor,M
diputados,71,00071-2026-2031-CD,2026-08-20,16,"Bazán Calderón, Diego Alonso Fernando",autor,M
diputados,71,00071-2026-2031-CD,2026-08-20,236,"Rocha Gallegos, Roxana María",coautor,F
diputados,71,00071-2026-2031-CD,2026-08-20,155,"Bravo Quispe, Aldo Antonio",coautor,M
diputados,71,00071-2026-2031-CD,2026-08-20,206,"Martínez Paitan, Paola Isabel",coautor,F
diputados,71,00071-2026-2031-CD,2026-08-20,240,"Segura Figueroa, Gustavo Alexander",coautor,M
diputados,71,00071-2026-2031-CD,2026-08-20,171,"De Paz Lancho, Leo Miguel",coautor,M
diputados,70,00070-2026-2031-CD,2026-08-20,245,"Takayama Jiménez, Liliana Milagros",autor,F
diputados,70,00070-2026-2031-CD,2026-08-20,184,"Gatica Vega, Francisco Javier",coautor,M
diputados,70,00070-2026-2031-CD,2026-08-20,222,"Paucara Paxi, Carmela",coautor,F
diputados,70,00070-2026-2031-CD,2026-08-20,15,"Barbarán Reyes, Rosangella Andrea",coautor,F
diputados,70,00070-2026-2031-CD,2026-08-20,6,"Alegría García, Luis Arturo",coautor,M
diputados,70,00070-2026-2031-CD,2026-08-20,260,"Zegarra Sánchez, Carlos Alberto",coautor,M
diputados,69,00069-2026-2031-CD,2026-08-20,240,"Segura Figueroa, Gustavo Alexander",autor,M
diputados,69,00069-2026-2031-CD,2026-08-20,236,"Rocha Gallegos, Roxana María",coautor,F
diputados,69,00069-2026-2031-CD,2026-08-20,206,"Martínez Paitan, Paola Isabel",coautor,F
diputados,69,00069-2026-2031-CD,2026-08-20,126,"Yarrow Lumbreras, Norma Martina",coautor,F
diputados,69,00069-2026-2031-CD,2026-08-20,171,"De Paz Lancho, Leo Miguel",coautor,M
diputados,69,00069-2026-2031-CD,2026-08-20,167,"Cipriani Thorne, Javier José María",coautor,M
diputados,69,00069-2026-2031-CD,2026-08-20,151,"Baella Malca, José Isidro",coautor,M
diputados,68,00068-2026-2031-CD,2026-08-20,171,"De Paz Lancho, Leo Miguel",autor,M
diputados,68,00068-2026-2031-CD,2026-08-20,236,"Rocha Gallegos, Roxana María",coautor,F
diputados,68,00068-2026-2031-CD,2026-08-20,155,"Bravo Quispe, Aldo Antonio",coautor,M
diputados,68,00068-2026-2031-CD,2026-08-20,126,"Yarrow Lumbreras, Norma Martina",coautor,F
diputados,68,00068-2026-2031-CD,2026-08-20,206,"Martínez Paitan, Paola Isabel",coautor,F
diputados,68,00068-2026-2031-CD,2026-08-20,148,"Aranda Vásquez, Christian",coautor,M
diputados,68,00068-2026-2031-CD,2026-08-20,16,"Bazán Calderón, Diego Alonso Fernando",coautor,M
diputados,68,00068-2026-2031-CD,2026-08-20,197,"Krklec Torres, Frank",coautor,M
diputados,67,00067-2026-2031-CD,2026-08-20,15,"Barbarán Reyes, Rosangella Andrea",autor,F
diputados,67,00067-2026-2031-CD,2026-08-20,260,"Zegarra Sánchez, Carlos Alberto",coautor,M
diputados,67,00067-2026-2031-CD,2026-08-20,162,"Castro Grández, Royser",coautor,M
diputados,67,00067-2026-2031-CD,2026-08-20,245,"Takayama Jiménez, Liliana Milagros",coautor,F
diputados,67,00067-2026-2031-CD,2026-08-20,6,"Alegría García, Luis Arturo",coautor,M
diputados,67,00067-2026-2031-CD,2026-08-20,216,"Pacheco Quispe, Marco Antonio",coautor,M
diputados,67,00067-2026-2031-CD,2026-08-20,172,"Dodero Jovich, Pierangeli Daniela",coautor,F
diputados,67,00067-2026-2031-CD,2026-08-20,180,"Figari Mendoza, Pier Paolo",coautor,M
diputados,66,00066-2026-2031-CD,2026-08-20,15,"Barbarán Reyes, Rosangella Andrea",autor,F
diputados,66,00066-2026-2031-CD,2026-08-20,245,"Takayama Jiménez, Liliana Milagros",coautor,F
diputados,66,00066-2026-2031-CD,2026-08-20,162,"Castro Grández, Royser",coautor,M
diputados,66,00066-2026-2031-CD,2026-08-20,216,"Pacheco Quispe, Marco Antonio",coautor,M
diputados,66,00066-2026-2031-CD,2026-08-20,260,"Zegarra Sánchez, Carlos Alberto",coautor,M
diputados,66,00066-2026-2031-CD,2026-08-20,6,"Alegría García, Luis Arturo",coautor,M
diputados,66,00066-2026-2031-CD,2026-08-20,172,"Dodero Jovich, Pierangeli Daniela",coautor,F
diputados,65,00065-2026-2031-CD,2026-08-20,15,"Barbarán Reyes, Rosangella Andrea",autor,F
diputados,65,00065-2026-2031-CD,2026-08-20,162,"Castro Grández, Royser",coautor,M
diputados,65,00065-2026-2031-CD,2026-08-20,216,"Pacheco Quispe, Marco Antonio",coautor,M
diputados,65,00065-2026-2031-CD,2026-08-20,260,"Zegarra Sánchez, Carlos Alberto",coautor,M
diputados,65,00065-2026-2031-CD,2026-08-20,172,"Dodero Jovich, Pierangeli Daniela",coautor,F
diputados,65,00065-2026-2031-CD,2026-08-20,245,"Takayama Jiménez, Liliana Milagros",coautor,F
diputados,65,00065-2026-2031-CD,2026-08-20,6,"Alegría García, Luis Arturo",coautor,M
diputados,64,00064-2026-2031-CD,2026-08-20,167,"Cipriani Thorne, Javier José María",autor,M
diputados,64,00064-2026-2031-CD,2026-08-20,236,"Rocha Gallegos, Roxana María",coautor,F
diputados,64,00064-2026-2031-CD,2026-08-20,126,"Yarrow Lumbreras, Norma Martina",coautor,F
diputados,64,00064-2026-2031-CD,2026-08-20,206,"Martínez Paitan, Paola Isabel",coautor,F
diputados,64,00064-2026-2031-CD,2026-08-20,258,"Yonz Nuñez, Mady Verónica",coautor,F
diputados,64,00064-2026-2031-CD,2026-08-20,151,"Baella Malca, José Isidro",coautor,M
diputados,64,00064-2026-2031-CD,2026-08-20,171,"De Paz Lancho, Leo Miguel",coautor,M
diputados,64,00064-2026-2031-CD,2026-08-20,165,"Chang Apuy, Félix See Hung",coautor,M
diputados,63,00063-2026-2031-CD,2026-08-19,244,"Sulca Castillo, Pilar",autor,F
diputados,63,00063-2026-2031-CD,2026-08-19,225,"Pérez Alccahuaman, Jesús",coautor,M
diputados,63,00063-2026-2031-CD,2026-08-19,178,"Fernández González, Svieta Valia",coautor,F
diputados,63,00063-2026-2031-CD,2026-08-19,142,"Aguirre Ramos, Marlon Alberto",coautor,M
diputados,63,00063-2026-2031-CD,2026-08-19,223,"Peña Córdova, Olver",coautor,M
diputados,63,00063-2026-2031-CD,2026-08-19,220,"Paredes Navarro, Yenifer Noelia",coautor,F
diputados,63,00063-2026-2031-CD,2026-08-19,195,"Isla Rojas, Azucena",coautor,F
diputados,63,00063-2026-2031-CD,2026-08-19,230,"Poma Huamani, Haydee Celinda",coautor,F
diputados,63,00063-2026-2031-CD,2026-08-19,150,"Avendaño Vilca, Giannina Iris",coautor,F
diputados,63,00063-2026-2031-CD,2026-08-19,227,"Perez Quispe, Jessica Sadith",coautor,F
diputados,63,00063-2026-2031-CD,2026-08-19,219,"Palomino Pacheco, Amalia Emilia",coautor,F
diputados,62,00062-2026-2031-CD,2026-08-19,175,"Espinoza Huillca, Edwin",autor,M
diputados,62,00062-2026-2031-CD,2026-08-19,190,"Hirache Pizarro, Gloria Charito",coautor,F
diputados,62,00062-2026-2031-CD,2026-08-19,231,"Prado Vallejos, Lila Marianela",coautor,F
diputados,62,00062-2026-2031-CD,2026-08-19,160,"Castrejon Fernandez, Segundo Juan",coautor,M
diputados,62,00062-2026-2031-CD,2026-08-19,212,"Molina Soto, Nathaly Milagros",coautor,F
diputados,62,00062-2026-2031-CD,2026-08-19,250,"Uribe Sáenz, Romina Alejandra",coautor,F
diputados,62,00062-2026-2031-CD,2026-08-19,186,"Gonzales Polar, Édgar Dember",coautor,M
diputados,62,00062-2026-2031-CD,2026-08-19,233,"Quispe Candia, Luis Eliseo",coautor,M
diputados,62,00062-2026-2031-CD,2026-08-19,239,"Santana Vera, Milagros Karina",coautor,F
diputados,62,00062-2026-2031-CD,2026-08-19,183,"García Huby, Fernando Alberto",coautor,M
diputados,62,00062-2026-2031-CD,2026-08-19,193,"Huaman Cornejo, Miguel Félix",coautor,M
diputados,61,00061-2026-2031-CD,2026-08-19,156,"Buitrón Martínez, Freshman",autor,M
diputados,61,00061-2026-2031-CD,2026-08-19,149,"Arminta Valencia, Marleny Bibiana",coautor,F
diputados,61,00061-2026-2031-CD,2026-08-19,194,"Huilca Flores, Indira Isabel",coautor,F
diputados,61,00061-2026-2031-CD,2026-08-19,210,"Meneses Crispin, Ángel Renato",coautor,M
diputados,61,00061-2026-2031-CD,2026-08-19,242,"Sonco Villanueva, Helard Bladimir",coautor,M
diputados,61,00061-2026-2031-CD,2026-08-19,213,"Muedas Balbiese, César Augusto",coautor,M
diputados,61,00061-2026-2031-CD,2026-08-19,204,"Marcelo Salazar, José Miguel",coautor,M
diputados,60,00060-2026-2031-CD,2026-08-19,218,"Palomino Casavilca, Catherin Norma",autor,F
diputados,60,00060-2026-2031-CD,2026-08-19,158,"Cahuaza Mitivire, Oswar Elbis",coautor,M
diputados,60,00060-2026-2031-CD,2026-08-19,226,"Pérez Mallqui, Julián Luis",coautor,M
diputados,60,00060-2026-2031-CD,2026-08-19,196,"Jibaja Ramos, Luis Ángel",coautor,M
diputados,60,00060-2026-2031-CD,2026-08-19,223,"Peña Córdova, Olver",coautor,M
diputados,60,00060-2026-2031-CD,2026-08-19,261,"Zunini Yerren, Ernesto Alonzo",coautor,M
diputados,59,00059-2026-2031-CD,2026-08-19,213,"Muedas Balbiese, César Augusto",autor,M
diputados,59,00059-2026-2031-CD,2026-08-19,204,"Marcelo Salazar, José Miguel",coautor,M
diputados,59,00059-2026-2031-CD,2026-08-19,192,"Holguín Loaiza, César Augusto",coautor,M
diputados,59,00059-2026-2031-CD,2026-08-19,156,"Buitrón Martínez, Freshman",coautor,M
diputados,59,00059-2026-2031-CD,2026-08-19,210,"Meneses Crispin, Ángel Renato",coautor,M
diputados,58,00058-2026-2031-CD,2026-08-19,236,"Rocha Gallegos, Roxana María",autor,F
diputados,58,00058-2026-2031-CD,2026-08-19,256,"Yalta Sotelo, Carlos Alberto",coautor,M
diputados,58,00058-2026-2031-CD,2026-08-19,167,"Cipriani Thorne, Javier José María",coautor,M
diputados,58,00058-2026-2031-CD,2026-08-19,206,"Martínez Paitan, Paola Isabel",coautor,F
diputados,58,00058-2026-2031-CD,2026-08-19,151,"Baella Malca, José Isidro",coautor,M
diputados,58,00058-2026-2031-CD,2026-08-19,258,"Yonz Nuñez, Mady Verónica",coautor,F
diputados,58,00058-2026-2031-CD,2026-08-19,171,"De Paz Lancho, Leo Miguel",coautor,M
diputados,58,00058-2026-2031-CD,2026-08-19,240,"Segura Figueroa, Gustavo Alexander",coautor,M
diputados,56,00056-2026-2031-CD,2026-08-19,255,"Villanueva Calderón, Juan Amílcar",autor,M
diputados,56,00056-2026-2031-CD,2026-08-19,230,"Poma Huamani, Haydee Celinda",coautor,F
diputados,56,00056-2026-2031-CD,2026-08-19,244,"Sulca Castillo, Pilar",coautor,F
diputados,56,00056-2026-2031-CD,2026-08-19,220,"Paredes Navarro, Yenifer Noelia",coautor,F
diputados,56,00056-2026-2031-CD,2026-08-19,219,"Palomino Pacheco, Amalia Emilia",coautor,F
diputados,56,00056-2026-2031-CD,2026-08-19,196,"Jibaja Ramos, Luis Ángel",coautor,M
diputados,56,00056-2026-2031-CD,2026-08-19,187,"Guevara Ramírez, Jessica Roxana",coautor,F
diputados,55,00055-2026-2031-CD,2026-08-19,255,"Villanueva Calderón, Juan Amílcar",autor,M
diputados,55,00055-2026-2031-CD,2026-08-19,181,"Flores Valdizan, Marco Antonio",coautor,M
diputados,55,00055-2026-2031-CD,2026-08-19,196,"Jibaja Ramos, Luis Ángel",coautor,M
diputados,55,00055-2026-2031-CD,2026-08-19,191,"Holguín Aguirre, James Arturo",coautor,M
diputados,55,00055-2026-2031-CD,2026-08-19,187,"Guevara Ramírez, Jessica Roxana",coautor,F
diputados,55,00055-2026-2031-CD,2026-08-19,185,"Gonzales Delgado, Gabriel Robertino",coautor,M
diputados,54,00054-2026-2031-CD,2026-08-18,242,"Sonco Villanueva, Helard Bladimir",autor,M
diputados,54,00054-2026-2031-CD,2026-08-18,194,"Huilca Flores, Indira Isabel",coautor,F
diputados,54,00054-2026-2031-CD,2026-08-18,168,"Colchado Huamani, Harvey Julio",coautor,M
diputados,54,00054-2026-2031-CD,2026-08-18,210,"Meneses Crispin, Ángel Renato",coautor,M
diputados,54,00054-2026-2031-CD,2026-08-18,192,"Holguín Loaiza, César Augusto",coautor,M
diputados,54,00054-2026-2031-CD,2026-08-18,156,"Buitrón Martínez, Freshman",coautor,M
diputados,54,00054-2026-2031-CD,2026-08-18,204,"Marcelo Salazar, José Miguel",coautor,M
diputados,54,00054-2026-2031-CD,2026-08-18,149,"Arminta Valencia, Marleny Bibiana",coautor,F
diputados,53,00053-2026-2031-CD,2026-08-18,255,"Villanueva Calderón, Juan Amílcar",autor,M
diputados,53,00053-2026-2031-CD,2026-08-18,181,"Flores Valdizan, Marco Antonio",coautor,M
diputados,53,00053-2026-2031-CD,2026-08-18,196,"Jibaja Ramos, Luis Ángel",coautor,M
diputados,53,00053-2026-2031-CD,2026-08-18,191,"Holguín Aguirre, James Arturo",coautor,M
diputados,53,00053-2026-2031-CD,2026-08-18,187,"Guevara Ramírez, Jessica Roxana",coautor,F
diputados,53,00053-2026-2031-CD,2026-08-18,185,"Gonzales Delgado, Gabriel Robertino",coautor,M
diputados,53,00053-2026-2031-CD,2026-08-18,261,"Zunini Yerren, Ernesto Alonzo",coautor,M
diputados,52,00052-2026-2031-CD,2026-08-18,71,"Luque Ibarra, Ruth",autor,F
diputados,52,00052-2026-2031-CD,2026-08-18,286,"López Chau Nava, Pablo Alfonso",coautor,M
diputados,52,00052-2026-2031-CD,2026-08-18,278,"Delgado Zegarra, Jaime Ricardo",coautor,M
diputados,52,00052-2026-2031-CD,2026-08-18,302,"Vásquez Chuquilín, Mirtha Esther",coautor,F
diputados,51,00051-2026-2031-CD,2026-08-18,149,"Arminta Valencia, Marleny Bibiana",autor,F
diputados,51,00051-2026-2031-CD,2026-08-18,194,"Huilca Flores, Indira Isabel",coautor,F
diputados,51,00051-2026-2031-CD,2026-08-18,192,"Holguín Loaiza, César Augusto",coautor,M
diputados,51,00051-2026-2031-CD,2026-08-18,204,"Marcelo Salazar, José Miguel",coautor,M
diputados,51,00051-2026-2031-CD,2026-08-18,242,"Sonco Villanueva, Helard Bladimir",coautor,M
diputados,50,00050-2026-2031-CD,2026-08-18,255,"Villanueva Calderón, Juan Amílcar",autor,M
diputados,50,00050-2026-2031-CD,2026-08-18,181,"Flores Valdizan, Marco Antonio",coautor,M
diputados,50,00050-2026-2031-CD,2026-08-18,192,"Holguín Loaiza, César Augusto",coautor,M
diputados,50,00050-2026-2031-CD,2026-08-18,196,"Jibaja Ramos, Luis Ángel",coautor,M
diputados,50,00050-2026-2031-CD,2026-08-18,185,"Gonzales Delgado, Gabriel Robertino",coautor,M
diputados,50,00050-2026-2031-CD,2026-08-18,187,"Guevara Ramírez, Jessica Roxana",coautor,F
diputados,50,00050-2026-2031-CD,2026-08-18,261,"Zunini Yerren, Ernesto Alonzo",coautor,M
diputados,49,00049-2026-2031-CD,2026-08-18,149,"Arminta Valencia, Marleny Bibiana",autor,F
diputados,49,00049-2026-2031-CD,2026-08-18,194,"Huilca Flores, Indira Isabel",coautor,F
diputados,49,00049-2026-2031-CD,2026-08-18,192,"Holguín Loaiza, César Augusto",coautor,M
diputados,49,00049-2026-2031-CD,2026-08-18,210,"Meneses Crispin, Ángel Renato",coautor,M
diputados,49,00049-2026-2031-CD,2026-08-18,168,"Colchado Huamani, Harvey Julio",coautor,M
diputados,49,00049-2026-2031-CD,2026-08-18,204,"Marcelo Salazar, José Miguel",coautor,M
diputados,48,00048-2026-2031-CD,2026-08-18,171,"De Paz Lancho, Leo Miguel",autor,M
diputados,48,00048-2026-2031-CD,2026-08-18,258,"Yonz Nuñez, Mady Verónica",coautor,F
diputados,48,00048-2026-2031-CD,2026-08-18,128,"Zeballos Aponte, Jorge Arturo",coautor,M
diputados,48,00048-2026-2031-CD,2026-08-18,236,"Rocha Gallegos, Roxana María",coautor,F
diputados,48,00048-2026-2031-CD,2026-08-18,206,"Martínez Paitan, Paola Isabel",coautor,F
diputados,48,00048-2026-2031-CD,2026-08-18,240,"Segura Figueroa, Gustavo Alexander",coautor,M
diputados,48,00048-2026-2031-CD,2026-08-18,167,"Cipriani Thorne, Javier José María",coautor,M
diputados,48,00048-2026-2031-CD,2026-08-18,148,"Aranda Vásquez, Christian",coautor,M
diputados,47,00047-2026-2031-CD,2026-08-18,171,"De Paz Lancho, Leo Miguel",autor,M
diputados,47,00047-2026-2031-CD,2026-08-18,206,"Martínez Paitan, Paola Isabel",coautor,F
diputados,47,00047-2026-2031-CD,2026-08-18,236,"Rocha Gallegos, Roxana María",coautor,F
diputados,47,00047-2026-2031-CD,2026-08-18,126,"Yarrow Lumbreras, Norma Martina",coautor,F
diputados,47,00047-2026-2031-CD,2026-08-18,128,"Zeballos Aponte, Jorge Arturo",coautor,M
diputados,47,00047-2026-2031-CD,2026-08-18,240,"Segura Figueroa, Gustavo Alexander",coautor,M
diputados,47,00047-2026-2031-CD,2026-08-18,148,"Aranda Vásquez, Christian",coautor,M
diputados,47,00047-2026-2031-CD,2026-08-18,258,"Yonz Nuñez, Mady Verónica",coautor,F
diputados,47,00047-2026-2031-CD,2026-08-18,167,"Cipriani Thorne, Javier José María",coautor,M
diputados,47,00047-2026-2031-CD,2026-08-18,197,"Krklec Torres, Frank",coautor,M
diputados,46,00046-2026-2031-CD,2026-08-18,151,"Baella Malca, José Isidro",autor,M
diputados,46,00046-2026-2031-CD,2026-08-18,155,"Bravo Quispe, Aldo Antonio",coautor,M
diputados,46,00046-2026-2031-CD,2026-08-18,240,"Segura Figueroa, Gustavo Alexander",coautor,M
diputados,46,00046-2026-2031-CD,2026-08-18,206,"Martínez Paitan, Paola Isabel",coautor,F
diputados,46,00046-2026-2031-CD,2026-08-18,236,"Rocha Gallegos, Roxana María",coautor,F
diputados,46,00046-2026-2031-CD,2026-08-18,165,"Chang Apuy, Félix See Hung",coautor,M
diputados,45,00045-2026-2031-CD,2026-08-17,206,"Martínez Paitan, Paola Isabel",autor,F
diputados,45,00045-2026-2031-CD,2026-08-17,151,"Baella Malca, José Isidro",coautor,M
diputados,45,00045-2026-2031-CD,2026-08-17,236,"Rocha Gallegos, Roxana María",coautor,F
diputados,45,00045-2026-2031-CD,2026-08-17,128,"Zeballos Aponte, Jorge Arturo",coautor,M
diputados,45,00045-2026-2031-CD,2026-08-17,171,"De Paz Lancho, Leo Miguel",coautor,M
diputados,45,00045-2026-2031-CD,2026-08-17,155,"Bravo Quispe, Aldo Antonio",coautor,M
diputados,45,00045-2026-2031-CD,2026-08-17,148,"Aranda Vásquez, Christian",coautor,M
diputados,45,00045-2026-2031-CD,2026-08-17,167,"Cipriani Thorne, Javier José María",coautor,M
diputados,45,00045-2026-2031-CD,2026-08-17,16,"Bazán Calderón, Diego Alonso Fernando",coautor,M
diputados,45,00045-2026-2031-CD,2026-08-17,258,"Yonz Nuñez, Mady Verónica",coautor,F
diputados,45,00045-2026-2031-CD,2026-08-17,256,"Yalta Sotelo, Carlos Alberto",coautor,M
diputados,45,00045-2026-2031-CD,2026-08-17,165,"Chang Apuy, Félix See Hung",coautor,M
diputados,44,00044-2026-2031-CD,2026-08-17,236,"Rocha Gallegos, Roxana María",autor,F
diputados,44,00044-2026-2031-CD,2026-08-17,167,"Cipriani Thorne, Javier José María",coautor,M
diputados,44,00044-2026-2031-CD,2026-08-17,155,"Bravo Quispe, Aldo Antonio",coautor,M
diputados,44,00044-2026-2031-CD,2026-08-17,206,"Martínez Paitan, Paola Isabel",coautor,F
diputados,44,00044-2026-2031-CD,2026-08-17,165,"Chang Apuy, Félix See Hung",coautor,M
diputados,44,00044-2026-2031-CD,2026-08-17,171,"De Paz Lancho, Leo Miguel",coautor,M
diputados,44,00044-2026-2031-CD,2026-08-17,151,"Baella Malca, José Isidro",coautor,M
diputados,43,00043-2026-2031-CD,2026-08-17,155,"Bravo Quispe, Aldo Antonio",autor,M
diputados,43,00043-2026-2031-CD,2026-08-17,258,"Yonz Nuñez, Mady Verónica",coautor,F
diputados,43,00043-2026-2031-CD,2026-08-17,167,"Cipriani Thorne, Javier José María",coautor,M
diputados,43,00043-2026-2031-CD,2026-08-17,206,"Martínez Paitan, Paola Isabel",coautor,F
diputados,43,00043-2026-2031-CD,2026-08-17,236,"Rocha Gallegos, Roxana María",coautor,F
diputados,43,00043-2026-2031-CD,2026-08-17,128,"Zeballos Aponte, Jorge Arturo",coautor,M
diputados,43,00043-2026-2031-CD,2026-08-17,171,"De Paz Lancho, Leo Miguel",coautor,M
diputados,43,00043-2026-2031-CD,2026-08-17,240,"Segura Figueroa, Gustavo Alexander",coautor,M
diputados,43,00043-2026-2031-CD,2026-08-17,148,"Aranda Vásquez, Christian",coautor,M
diputados,43,00043-2026-2031-CD,2026-08-17,151,"Baella Malca, José Isidro",coautor,M
diputados,42,00042-2026-2031-CD,2026-08-17,187,"Guevara Ramírez, Jessica Roxana",autor,F
diputados,42,00042-2026-2031-CD,2026-08-17,261,"Zunini Yerren, Ernesto Alonzo",coautor,M
diputados,42,00042-2026-2031-CD,2026-08-17,185,"Gonzales Delgado, Gabriel Robertino",coautor,M
diputados,42,00042-2026-2031-CD,2026-08-17,225,"Pérez Alccahuaman, Jesús",coautor,M
diputados,42,00042-2026-2031-CD,2026-08-17,255,"Villanueva Calderón, Juan Amílcar",coautor,M
diputados,42,00042-2026-2031-CD,2026-08-17,181,"Flores Valdizan, Marco Antonio",coautor,M
diputados,42,00042-2026-2031-CD,2026-08-17,198,"Lavado Valdivia, Marino Teófilo",coautor,M
diputados,42,00042-2026-2031-CD,2026-08-17,227,"Perez Quispe, Jessica Sadith",coautor,F
diputados,42,00042-2026-2031-CD,2026-08-17,178,"Fernández González, Svieta Valia",coautor,F
diputados,41,00041-2026-2031-CD,2026-08-17,149,"Arminta Valencia, Marleny Bibiana",autor,F
diputados,41,00041-2026-2031-CD,2026-08-17,156,"Buitrón Martínez, Freshman",coautor,M
diputados,41,00041-2026-2031-CD,2026-08-17,203,"Manrique Olivera, Bernardino Jair",coautor,M
diputados,41,00041-2026-2031-CD,2026-08-17,192,"Holguín Loaiza, César Augusto",coautor,M
diputados,41,00041-2026-2031-CD,2026-08-17,204,"Marcelo Salazar, José Miguel",coautor,M
diputados,40,00040-2026-2031-CD,2026-08-14,261,"Zunini Yerren, Ernesto Alonzo",autor,M
diputados,40,00040-2026-2031-CD,2026-08-14,205,"Márquez Huanca, Analí",coautor,F
diputados,40,00040-2026-2031-CD,2026-08-14,196,"Jibaja Ramos, Luis Ángel",coautor,M
diputados,40,00040-2026-2031-CD,2026-08-14,220,"Paredes Navarro, Yenifer Noelia",coautor,F
diputados,40,00040-2026-2031-CD,2026-08-14,248,"Tito Rojas, César Hugo",coautor,M
diputados,40,00040-2026-2031-CD,2026-08-14,225,"Pérez Alccahuaman, Jesús",coautor,M
diputados,40,00040-2026-2031-CD,2026-08-14,223,"Peña Córdova, Olver",coautor,M
diputados,40,00040-2026-2031-CD,2026-08-14,230,"Poma Huamani, Haydee Celinda",coautor,F
diputados,40,00040-2026-2031-CD,2026-08-14,195,"Isla Rojas, Azucena",coautor,F
diputados,40,00040-2026-2031-CD,2026-08-14,158,"Cahuaza Mitivire, Oswar Elbis",coautor,M
diputados,40,00040-2026-2031-CD,2026-08-14,166,"Chipana Condori, Graciela",coautor,F
diputados,40,00040-2026-2031-CD,2026-08-14,178,"Fernández González, Svieta Valia",coautor,F
diputados,40,00040-2026-2031-CD,2026-08-14,187,"Guevara Ramírez, Jessica Roxana",coautor,F
diputados,40,00040-2026-2031-CD,2026-08-14,243,"Soto Ferrari, Luz Mérida",coautor,F
diputados,40,00040-2026-2031-CD,2026-08-14,226,"Pérez Mallqui, Julián Luis",coautor,M
diputados,40,00040-2026-2031-CD,2026-08-14,253,"Varas Seguin, Daniel Jefferson",coautor,M
diputados,40,00040-2026-2031-CD,2026-08-14,170,"Condori Flores, Remigio",coautor,M
diputados,40,00040-2026-2031-CD,2026-08-14,150,"Avendaño Vilca, Giannina Iris",coautor,F
diputados,39,00039-2026-2031-CD,2026-08-14,240,"Segura Figueroa, Gustavo Alexander",autor,M
diputados,39,00039-2026-2031-CD,2026-08-14,236,"Rocha Gallegos, Roxana María",coautor,F
diputados,39,00039-2026-2031-CD,2026-08-14,155,"Bravo Quispe, Aldo Antonio",coautor,M
diputados,39,00039-2026-2031-CD,2026-08-14,171,"De Paz Lancho, Leo Miguel",coautor,M
diputados,39,00039-2026-2031-CD,2026-08-14,258,"Yonz Nuñez, Mady Verónica",coautor,F
diputados,39,00039-2026-2031-CD,2026-08-14,197,"Krklec Torres, Frank",coautor,M
diputados,39,00039-2026-2031-CD,2026-08-14,148,"Aranda Vásquez, Christian",coautor,M
diputados,39,00039-2026-2031-CD,2026-08-14,167,"Cipriani Thorne, Javier José María",coautor,M
diputados,39,00039-2026-2031-CD,2026-08-14,16,"Bazán Calderón, Diego Alonso Fernando",coautor,M
diputados,39,00039-2026-2031-CD,2026-08-14,151,"Baella Malca, José Isidro",coautor,M
diputados,39,00039-2026-2031-CD,2026-08-14,256,"Yalta Sotelo, Carlos Alberto",coautor,M
diputados,38,00038-2026-2031-CD,2026-08-14,203,"Manrique Olivera, Bernardino Jair",autor,M
diputados,38,00038-2026-2031-CD,2026-08-14,192,"Holguín Loaiza, César Augusto",coautor,M
diputados,38,00038-2026-2031-CD,2026-08-14,156,"Buitrón Martínez, Freshman",coautor,M
diputados,38,00038-2026-2031-CD,2026-08-14,242,"Sonco Villanueva, Helard Bladimir",coautor,M
diputados,38,00038-2026-2031-CD,2026-08-14,210,"Meneses Crispin, Ángel Renato",coautor,M
diputados,38,00038-2026-2031-CD,2026-08-14,204,"Marcelo Salazar, José Miguel",coautor,M
diputados,38,00038-2026-2031-CD,2026-08-14,213,"Muedas Balbiese, César Augusto",coautor,M
diputados,37,00037-2026-2031-CD,2026-08-14,258,"Yonz Nuñez, Mady Verónica",autor,F
diputados,37,00037-2026-2031-CD,2026-08-14,155,"Bravo Quispe, Aldo Antonio",coautor,M
diputados,37,00037-2026-2031-CD,2026-08-14,171,"De Paz Lancho, Leo Miguel",coautor,M
diputados,37,00037-2026-2031-CD,2026-08-14,236,"Rocha Gallegos, Roxana María",coautor,F
diputados,37,00037-2026-2031-CD,2026-08-14,240,"Segura Figueroa, Gustavo Alexander",coautor,M
diputados,36,00036-2026-2031-CD,2026-08-13,178,"Fernández González, Svieta Valia",autor,F
diputados,36,00036-2026-2031-CD,2026-08-13,205,"Márquez Huanca, Analí",coautor,F
diputados,36,00036-2026-2031-CD,2026-08-13,218,"Palomino Casavilca, Catherin Norma",coautor,F
diputados,36,00036-2026-2031-CD,2026-08-13,198,"Lavado Valdivia, Marino Teófilo",coautor,M
diputados,36,00036-2026-2031-CD,2026-08-13,166,"Chipana Condori, Graciela",coautor,F
diputados,36,00036-2026-2031-CD,2026-08-13,246,"Tapullima Insapillo, Jacqueline Viviana",coautor,F
diputados,36,00036-2026-2031-CD,2026-08-13,196,"Jibaja Ramos, Luis Ángel",coautor,M
diputados,35,00035-2026-2031-CD,2026-08-13,171,"De Paz Lancho, Leo Miguel",autor,M
diputados,35,00035-2026-2031-CD,2026-08-13,197,"Krklec Torres, Frank",coautor,M
diputados,35,00035-2026-2031-CD,2026-08-13,155,"Bravo Quispe, Aldo Antonio",coautor,M
diputados,35,00035-2026-2031-CD,2026-08-13,258,"Yonz Nuñez, Mady Verónica",coautor,F
diputados,35,00035-2026-2031-CD,2026-08-13,236,"Rocha Gallegos, Roxana María",coautor,F
diputados,35,00035-2026-2031-CD,2026-08-13,240,"Segura Figueroa, Gustavo Alexander",coautor,M
diputados,35,00035-2026-2031-CD,2026-08-13,126,"Yarrow Lumbreras, Norma Martina",coautor,F
diputados,35,00035-2026-2031-CD,2026-08-13,206,"Martínez Paitan, Paola Isabel",coautor,F
diputados,34,00034-2026-2031-CD,2026-08-13,126,"Yarrow Lumbreras, Norma Martina",autor,F
diputados,34,00034-2026-2031-CD,2026-08-13,236,"Rocha Gallegos, Roxana María",coautor,F
diputados,34,00034-2026-2031-CD,2026-08-13,171,"De Paz Lancho, Leo Miguel",coautor,M
diputados,34,00034-2026-2031-CD,2026-08-13,167,"Cipriani Thorne, Javier José María",coautor,M
diputados,34,00034-2026-2031-CD,2026-08-13,256,"Yalta Sotelo, Carlos Alberto",coautor,M
diputados,34,00034-2026-2031-CD,2026-08-13,151,"Baella Malca, José Isidro",coautor,M
diputados,34,00034-2026-2031-CD,2026-08-13,128,"Zeballos Aponte, Jorge Arturo",coautor,M
diputados,34,00034-2026-2031-CD,2026-08-13,206,"Martínez Paitan, Paola Isabel",coautor,F
diputados,34,00034-2026-2031-CD,2026-08-13,16,"Bazán Calderón, Diego Alonso Fernando",coautor,M
diputados,34,00034-2026-2031-CD,2026-08-13,240,"Segura Figueroa, Gustavo Alexander",coautor,M
diputados,34,00034-2026-2031-CD,2026-08-13,258,"Yonz Nuñez, Mady Verónica",coautor,F
diputados,34,00034-2026-2031-CD,2026-08-13,165,"Chang Apuy, Félix See Hung",coautor,M
diputados,34,00034-2026-2031-CD,2026-08-13,197,"Krklec Torres, Frank",coautor,M
diputados,34,00034-2026-2031-CD,2026-08-13,155,"Bravo Quispe, Aldo Antonio",coautor,M
diputados,33,00033-2026-2031-CD,2026-08-13,126,"Yarrow Lumbreras, Norma Martina",autor,F
diputados,33,00033-2026-2031-CD,2026-08-13,16,"Bazán Calderón, Diego Alonso Fernando",coautor,M
diputados,33,00033-2026-2031-CD,2026-08-13,128,"Zeballos Aponte, Jorge Arturo",coautor,M
diputados,33,00033-2026-2031-CD,2026-08-13,258,"Yonz Nuñez, Mady Verónica",coautor,F
diputados,33,00033-2026-2031-CD,2026-08-13,256,"Yalta Sotelo, Carlos Alberto",coautor,M
diputados,33,00033-2026-2031-CD,2026-08-13,240,"Segura Figueroa, Gustavo Alexander",coautor,M
diputados,33,00033-2026-2031-CD,2026-08-13,151,"Baella Malca, José Isidro",coautor,M
diputados,33,00033-2026-2031-CD,2026-08-13,171,"De Paz Lancho, Leo Miguel",coautor,M
diputados,33,00033-2026-2031-CD,2026-08-13,167,"Cipriani Thorne, Javier José María",coautor,M
diputados,33,00033-2026-2031-CD,2026-08-13,197,"Krklec Torres, Frank",coautor,M
diputados,33,00033-2026-2031-CD,2026-08-13,236,"Rocha Gallegos, Roxana María",coautor,F
diputados,33,00033-2026-2031-CD,2026-08-13,165,"Chang Apuy, Félix See Hung",coautor,M
diputados,32,00032-2026-2031-CD,2026-08-13,126,"Yarrow Lumbreras, Norma Martina",autor,F
diputados,32,00032-2026-2031-CD,2026-08-13,16,"Bazán Calderón, Diego Alonso Fernando",coautor,M
diputados,32,00032-2026-2031-CD,2026-08-13,165,"Chang Apuy, Félix See Hung",coautor,M
diputados,32,00032-2026-2031-CD,2026-08-13,258,"Yonz Nuñez, Mady Verónica",coautor,F
diputados,32,00032-2026-2031-CD,2026-08-13,197,"Krklec Torres, Frank",coautor,M
diputados,32,00032-2026-2031-CD,2026-08-13,128,"Zeballos Aponte, Jorge Arturo",coautor,M
diputados,32,00032-2026-2031-CD,2026-08-13,240,"Segura Figueroa, Gustavo Alexander",coautor,M
diputados,32,00032-2026-2031-CD,2026-08-13,151,"Baella Malca, José Isidro",coautor,M
diputados,32,00032-2026-2031-CD,2026-08-13,256,"Yalta Sotelo, Carlos Alberto",coautor,M
diputados,32,00032-2026-2031-CD,2026-08-13,167,"Cipriani Thorne, Javier José María",coautor,M
diputados,32,00032-2026-2031-CD,2026-08-13,171,"De Paz Lancho, Leo Miguel",coautor,M
diputados,32,00032-2026-2031-CD,2026-08-13,236,"Rocha Gallegos, Roxana María",coautor,F
diputados,31,00031-2026-2031-CD,2026-08-13,148,"Aranda Vásquez, Christian",autor,M
diputados,31,00031-2026-2031-CD,2026-08-13,155,"Bravo Quispe, Aldo Antonio",coautor,M
diputados,31,00031-2026-2031-CD,2026-08-13,236,"Rocha Gallegos, Roxana María",coautor,F
diputados,31,00031-2026-2031-CD,2026-08-13,206,"Martínez Paitan, Paola Isabel",coautor,F
diputados,31,00031-2026-2031-CD,2026-08-13,16,"Bazán Calderón, Diego Alonso Fernando",coautor,M
diputados,30,00030-2026-2031-CD,2026-08-13,149,"Arminta Valencia, Marleny Bibiana",autor,F
diputados,30,00030-2026-2031-CD,2026-08-13,192,"Holguín Loaiza, César Augusto",coautor,M
diputados,30,00030-2026-2031-CD,2026-08-13,204,"Marcelo Salazar, José Miguel",coautor,M
diputados,30,00030-2026-2031-CD,2026-08-13,213,"Muedas Balbiese, César Augusto",coautor,M
diputados,30,00030-2026-2031-CD,2026-08-13,156,"Buitrón Martínez, Freshman",coautor,M
diputados,29,00029-2026-2031-CD,2026-08-13,168,"Colchado Huamani, Harvey Julio",autor,M
diputados,29,00029-2026-2031-CD,2026-08-13,156,"Buitrón Martínez, Freshman",coautor,M
diputados,29,00029-2026-2031-CD,2026-08-13,192,"Holguín Loaiza, César Augusto",coautor,M
diputados,29,00029-2026-2031-CD,2026-08-13,213,"Muedas Balbiese, César Augusto",coautor,M
diputados,29,00029-2026-2031-CD,2026-08-13,203,"Manrique Olivera, Bernardino Jair",coautor,M
diputados,29,00029-2026-2031-CD,2026-08-13,194,"Huilca Flores, Indira Isabel",coautor,F
diputados,28,00028-2026-2031-CD,2026-08-12,168,"Colchado Huamani, Harvey Julio",autor,M
diputados,28,00028-2026-2031-CD,2026-08-12,156,"Buitrón Martínez, Freshman",coautor,M
diputados,28,00028-2026-2031-CD,2026-08-12,194,"Huilca Flores, Indira Isabel",coautor,F
diputados,28,00028-2026-2031-CD,2026-08-12,203,"Manrique Olivera, Bernardino Jair",coautor,M
diputados,28,00028-2026-2031-CD,2026-08-12,213,"Muedas Balbiese, César Augusto",coautor,M
diputados,28,00028-2026-2031-CD,2026-08-12,192,"Holguín Loaiza, César Augusto",coautor,M
diputados,27,00027-2026-2031-CD,2026-08-12,236,"Rocha Gallegos, Roxana María",autor,F
diputados,27,00027-2026-2031-CD,2026-08-12,206,"Martínez Paitan, Paola Isabel",coautor,F
diputados,27,00027-2026-2031-CD,2026-08-12,126,"Yarrow Lumbreras, Norma Martina",coautor,F
diputados,27,00027-2026-2031-CD,2026-08-12,128,"Zeballos Aponte, Jorge Arturo",coautor,M
diputados,27,00027-2026-2031-CD,2026-08-12,258,"Yonz Nuñez, Mady Verónica",coautor,F
diputados,27,00027-2026-2031-CD,2026-08-12,171,"De Paz Lancho, Leo Miguel",coautor,M
diputados,26,00026-2026-2031-CD,2026-08-12,261,"Zunini Yerren, Ernesto Alonzo",autor,M
diputados,26,00026-2026-2031-CD,2026-08-12,205,"Márquez Huanca, Analí",coautor,F
diputados,26,00026-2026-2031-CD,2026-08-12,225,"Pérez Alccahuaman, Jesús",coautor,M
diputados,26,00026-2026-2031-CD,2026-08-12,223,"Peña Córdova, Olver",coautor,M
diputados,26,00026-2026-2031-CD,2026-08-12,202,"Manay Pillaca, Alejandro José",coautor,M
diputados,26,00026-2026-2031-CD,2026-08-12,195,"Isla Rojas, Azucena",coautor,F
diputados,26,00026-2026-2031-CD,2026-08-12,230,"Poma Huamani, Haydee Celinda",coautor,F
diputados,26,00026-2026-2031-CD,2026-08-12,170,"Condori Flores, Remigio",coautor,M
diputados,26,00026-2026-2031-CD,2026-08-12,181,"Flores Valdizan, Marco Antonio",coautor,M
diputados,26,00026-2026-2031-CD,2026-08-12,253,"Varas Seguin, Daniel Jefferson",coautor,M
diputados,26,00026-2026-2031-CD,2026-08-12,226,"Pérez Mallqui, Julián Luis",coautor,M
diputados,26,00026-2026-2031-CD,2026-08-12,166,"Chipana Condori, Graciela",coautor,F
diputados,26,00026-2026-2031-CD,2026-08-12,178,"Fernández González, Svieta Valia",coautor,F
diputados,26,00026-2026-2031-CD,2026-08-12,248,"Tito Rojas, César Hugo",coautor,M
diputados,26,00026-2026-2031-CD,2026-08-12,150,"Avendaño Vilca, Giannina Iris",coautor,F
diputados,26,00026-2026-2031-CD,2026-08-12,158,"Cahuaza Mitivire, Oswar Elbis",coautor,M
diputados,26,00026-2026-2031-CD,2026-08-12,220,"Paredes Navarro, Yenifer Noelia",coautor,F
diputados,26,00026-2026-2031-CD,2026-08-12,196,"Jibaja Ramos, Luis Ángel",coautor,M
diputados,25,00025-2026-2031-CD,2026-08-12,201,"López Letona, Heber",autor,M
diputados,25,00025-2026-2031-CD,2026-08-12,251,"Valqui Calderón, Demetrio Flavio",coautor,M
diputados,25,00025-2026-2031-CD,2026-08-12,189,"Hancco Hancco, Dina Irene",coautor,F
diputados,25,00025-2026-2031-CD,2026-08-12,238,"Samanez Gonzales Vigil, Jeenny Cristina",coautor,F
diputados,25,00025-2026-2031-CD,2026-08-12,176,"Eusebio Padilla, Arturo César",coautor,M
diputados,25,00025-2026-2031-CD,2026-08-12,144,"Albañil Carmona, Henry Antonio",coautor,M
diputados,25,00025-2026-2031-CD,2026-08-12,157,"Cabrera Nieto, Juan César",coautor,M
diputados,25,00025-2026-2031-CD,2026-08-12,257,"Yataco Torrealva, José Ricardo",coautor,M
diputados,24,00024-2026-2031-CD,2026-08-12,194,"Huilca Flores, Indira Isabel",autor,F
diputados,24,00024-2026-2031-CD,2026-08-12,242,"Sonco Villanueva, Helard Bladimir",coautor,M
diputados,24,00024-2026-2031-CD,2026-08-12,192,"Holguín Loaiza, César Augusto",coautor,M
diputados,24,00024-2026-2031-CD,2026-08-12,261,"Zunini Yerren, Ernesto Alonzo",coautor,M
diputados,24,00024-2026-2031-CD,2026-08-12,150,"Avendaño Vilca, Giannina Iris",coautor,F
diputados,24,00024-2026-2031-CD,2026-08-12,220,"Paredes Navarro, Yenifer Noelia",coautor,F
diputados,24,00024-2026-2031-CD,2026-08-12,205,"Márquez Huanca, Analí",coautor,F
diputados,24,00024-2026-2031-CD,2026-08-12,202,"Manay Pillaca, Alejandro José",coautor,M
diputados,24,00024-2026-2031-CD,2026-08-12,156,"Buitrón Martínez, Freshman",coautor,M
diputados,24,00024-2026-2031-CD,2026-08-12,168,"Colchado Huamani, Harvey Julio",coautor,M
diputados,23,00023-2026-2031-CD,2026-08-12,166,"Chipana Condori, Graciela",autor,F
diputados,23,00023-2026-2031-CD,2026-08-12,246,"Tapullima Insapillo, Jacqueline Viviana",coautor,F
diputados,23,00023-2026-2031-CD,2026-08-12,188,"Guillén Valencia, Héctor",coautor,M
diputados,23,00023-2026-2031-CD,2026-08-12,248,"Tito Rojas, César Hugo",coautor,M
diputados,23,00023-2026-2031-CD,2026-08-12,202,"Manay Pillaca, Alejandro José",coautor,M
diputados,23,00023-2026-2031-CD,2026-08-12,244,"Sulca Castillo, Pilar",coautor,F
diputados,23,00023-2026-2031-CD,2026-08-12,225,"Pérez Alccahuaman, Jesús",coautor,M
diputados,23,00023-2026-2031-CD,2026-08-12,226,"Pérez Mallqui, Julián Luis",coautor,M
diputados,23,00023-2026-2031-CD,2026-08-12,178,"Fernández González, Svieta Valia",coautor,F
diputados,23,00023-2026-2031-CD,2026-08-12,218,"Palomino Casavilca, Catherin Norma",coautor,F
diputados,23,00023-2026-2031-CD,2026-08-12,261,"Zunini Yerren, Ernesto Alonzo",coautor,M
diputados,23,00023-2026-2031-CD,2026-08-12,185,"Gonzales Delgado, Gabriel Robertino",coautor,M
diputados,22,00022-2026-2031-CD,2026-08-12,261,"Zunini Yerren, Ernesto Alonzo",autor,M
diputados,22,00022-2026-2031-CD,2026-08-12,205,"Márquez Huanca, Analí",coautor,F
diputados,22,00022-2026-2031-CD,2026-08-12,158,"Cahuaza Mitivire, Oswar Elbis",coautor,M
diputados,22,00022-2026-2031-CD,2026-08-12,196,"Jibaja Ramos, Luis Ángel",coautor,M
diputados,22,00022-2026-2031-CD,2026-08-12,220,"Paredes Navarro, Yenifer Noelia",coautor,F
diputados,22,00022-2026-2031-CD,2026-08-12,150,"Avendaño Vilca, Giannina Iris",coautor,F
diputados,22,00022-2026-2031-CD,2026-08-12,248,"Tito Rojas, César Hugo",coautor,M
diputados,22,00022-2026-2031-CD,2026-08-12,202,"Manay Pillaca, Alejandro José",coautor,M
diputados,22,00022-2026-2031-CD,2026-08-12,225,"Pérez Alccahuaman, Jesús",coautor,M
diputados,22,00022-2026-2031-CD,2026-08-12,223,"Peña Córdova, Olver",coautor,M
diputados,22,00022-2026-2031-CD,2026-08-12,181,"Flores Valdizan, Marco Antonio",coautor,M
diputados,22,00022-2026-2031-CD,2026-08-12,195,"Isla Rojas, Azucena",coautor,F
diputados,22,00022-2026-2031-CD,2026-08-12,253,"Varas Seguin, Daniel Jefferson",coautor,M
diputados,22,00022-2026-2031-CD,2026-08-12,226,"Pérez Mallqui, Julián Luis",coautor,M
diputados,22,00022-2026-2031-CD,2026-08-12,178,"Fernández González, Svieta Valia",coautor,F
diputados,22,00022-2026-2031-CD,2026-08-12,187,"Guevara Ramírez, Jessica Roxana",coautor,F
diputados,22,00022-2026-2031-CD,2026-08-12,243,"Soto Ferrari, Luz Mérida",coautor,F
diputados,22,00022-2026-2031-CD,2026-08-12,230,"Poma Huamani, Haydee Celinda",coautor,F
diputados,22,00022-2026-2031-CD,2026-08-12,170,"Condori Flores, Remigio",coautor,M
diputados,21,00021-2026-2031-CD,2026-08-12,213,"Muedas Balbiese, César Augusto",autor,M
diputados,21,00021-2026-2031-CD,2026-08-12,192,"Holguín Loaiza, César Augusto",coautor,M
diputados,21,00021-2026-2031-CD,2026-08-12,210,"Meneses Crispin, Ángel Renato",coautor,M
diputados,21,00021-2026-2031-CD,2026-08-12,242,"Sonco Villanueva, Helard Bladimir",coautor,M
diputados,21,00021-2026-2031-CD,2026-08-12,156,"Buitrón Martínez, Freshman",coautor,M
diputados,19,00019-2026-2031-CD,2026-08-11,185,"Gonzales Delgado, Gabriel Robertino",autor,M
diputados,19,00019-2026-2031-CD,2026-08-11,166,"Chipana Condori, Graciela",coautor,F
diputados,19,00019-2026-2031-CD,2026-08-11,261,"Zunini Yerren, Ernesto Alonzo",coautor,M
diputados,19,00019-2026-2031-CD,2026-08-11,246,"Tapullima Insapillo, Jacqueline Viviana",coautor,F
diputados,19,00019-2026-2031-CD,2026-08-11,244,"Sulca Castillo, Pilar",coautor,F
diputados,19,00019-2026-2031-CD,2026-08-11,248,"Tito Rojas, César Hugo",coautor,M
diputados,19,00019-2026-2031-CD,2026-08-11,188,"Guillén Valencia, Héctor",coautor,M
diputados,18,00018-2026-2031-CD,2026-08-11,185,"Gonzales Delgado, Gabriel Robertino",autor,M
diputados,18,00018-2026-2031-CD,2026-08-11,261,"Zunini Yerren, Ernesto Alonzo",coautor,M
diputados,18,00018-2026-2031-CD,2026-08-11,248,"Tito Rojas, César Hugo",coautor,M
diputados,18,00018-2026-2031-CD,2026-08-11,166,"Chipana Condori, Graciela",coautor,F
diputados,18,00018-2026-2031-CD,2026-08-11,244,"Sulca Castillo, Pilar",coautor,F
diputados,18,00018-2026-2031-CD,2026-08-11,246,"Tapullima Insapillo, Jacqueline Viviana",coautor,F
diputados,18,00018-2026-2031-CD,2026-08-11,188,"Guillén Valencia, Héctor",coautor,M
diputados,17,00017-2026-2031-CD,2026-08-11,261,"Zunini Yerren, Ernesto Alonzo",autor,M
diputados,17,00017-2026-2031-CD,2026-08-11,248,"Tito Rojas, César Hugo",coautor,M
diputados,17,00017-2026-2031-CD,2026-08-11,178,"Fernández González, Svieta Valia",coautor,F
diputados,17,00017-2026-2031-CD,2026-08-11,198,"Lavado Valdivia, Marino Teófilo",coautor,M
diputados,17,00017-2026-2031-CD,2026-08-11,225,"Pérez Alccahuaman, Jesús",coautor,M
diputados,17,00017-2026-2031-CD,2026-08-11,230,"Poma Huamani, Haydee Celinda",coautor,F
diputados,17,00017-2026-2031-CD,2026-08-11,246,"Tapullima Insapillo, Jacqueline Viviana",coautor,F
diputados,17,00017-2026-2031-CD,2026-08-11,187,"Guevara Ramírez, Jessica Roxana",coautor,F
diputados,17,00017-2026-2031-CD,2026-08-11,255,"Villanueva Calderón, Juan Amílcar",coautor,M
diputados,17,00017-2026-2031-CD,2026-08-11,253,"Varas Seguin, Daniel Jefferson",coautor,M
diputados,17,00017-2026-2031-CD,2026-08-11,243,"Soto Ferrari, Luz Mérida",coautor,F
diputados,16,00016-2026-2031-CD,2026-08-11,261,"Zunini Yerren, Ernesto Alonzo",autor,M
diputados,16,00016-2026-2031-CD,2026-08-11,198,"Lavado Valdivia, Marino Teófilo",coautor,M
diputados,16,00016-2026-2031-CD,2026-08-11,225,"Pérez Alccahuaman, Jesús",coautor,M
diputados,16,00016-2026-2031-CD,2026-08-11,246,"Tapullima Insapillo, Jacqueline Viviana",coautor,F
diputados,16,00016-2026-2031-CD,2026-08-11,196,"Jibaja Ramos, Luis Ángel",coautor,M
diputados,16,00016-2026-2031-CD,2026-08-11,248,"Tito Rojas, César Hugo",coautor,M
diputados,16,00016-2026-2031-CD,2026-08-11,178,"Fernández González, Svieta Valia",coautor,F
diputados,16,00016-2026-2031-CD,2026-08-11,166,"Chipana Condori, Graciela",coautor,F
diputados,15,00015-2026-2031-CD,2026-08-10,261,"Zunini Yerren, Ernesto Alonzo",autor,M
diputados,15,00015-2026-2031-CD,2026-08-10,246,"Tapullima Insapillo, Jacqueline Viviana",coautor,F
diputados,15,00015-2026-2031-CD,2026-08-10,248,"Tito Rojas, César Hugo",coautor,M
diputados,15,00015-2026-2031-CD,2026-08-10,198,"Lavado Valdivia, Marino Teófilo",coautor,M
diputados,15,00015-2026-2031-CD,2026-08-10,178,"Fernández González, Svieta Valia",coautor,F
diputados,15,00015-2026-2031-CD,2026-08-10,225,"Pérez Alccahuaman, Jesús",coautor,M
diputados,15,00015-2026-2031-CD,2026-08-10,230,"Poma Huamani, Haydee Celinda",coautor,F
diputados,15,00015-2026-2031-CD,2026-08-10,187,"Guevara Ramírez, Jessica Roxana",coautor,F
diputados,15,00015-2026-2031-CD,2026-08-10,255,"Villanueva Calderón, Juan Amílcar",coautor,M
diputados,15,00015-2026-2031-CD,2026-08-10,253,"Varas Seguin, Daniel Jefferson",coautor,M
diputados,15,00015-2026-2031-CD,2026-08-10,243,"Soto Ferrari, Luz Mérida",coautor,F
diputados,14,00014-2026-2031-CD,2026-08-10,210,"Meneses Crispin, Ángel Renato",autor,M
diputados,14,00014-2026-2031-CD,2026-08-10,192,"Holguín Loaiza, César Augusto",coautor,M
diputados,14,00014-2026-2031-CD,2026-08-10,213,"Muedas Balbiese, César Augusto",coautor,M
diputados,14,00014-2026-2031-CD,2026-08-10,242,"Sonco Villanueva, Helard Bladimir",coautor,M
diputados,14,00014-2026-2031-CD,2026-08-10,194,"Huilca Flores, Indira Isabel",coautor,F
diputados,13,00013-2026-2031-CD,2026-08-10,149,"Arminta Valencia, Marleny Bibiana",autor,F
diputados,13,00013-2026-2031-CD,2026-08-10,192,"Holguín Loaiza, César Augusto",coautor,M
diputados,13,00013-2026-2031-CD,2026-08-10,204,"Marcelo Salazar, José Miguel",coautor,M
diputados,13,00013-2026-2031-CD,2026-08-10,213,"Muedas Balbiese, César Augusto",coautor,M
diputados,13,00013-2026-2031-CD,2026-08-10,242,"Sonco Villanueva, Helard Bladimir",coautor,M
diputados,12,00012-2026-2031-CD,2026-08-10,143,"Alayza Maccera, Rossana Herminia",autor,F
diputados,12,00012-2026-2031-CD,2026-08-10,179,"Fernandez Nina, Nery Rodolfo",coautor,M
diputados,12,00012-2026-2031-CD,2026-08-10,152,"Benítez Barrionuevo, Jessica",coautor,F
diputados,12,00012-2026-2031-CD,2026-08-10,186,"Gonzales Polar, Édgar Dember",coautor,M
diputados,12,00012-2026-2031-CD,2026-08-10,174,"Duarte Patiño de Pezet, Carmen Georgina",coautor,F
diputados,12,00012-2026-2031-CD,2026-08-10,200,"Llaque Linares, Nora María",coautor,F
diputados,12,00012-2026-2031-CD,2026-08-10,239,"Santana Vera, Milagros Karina",coautor,F
diputados,12,00012-2026-2031-CD,2026-08-10,250,"Uribe Sáenz, Romina Alejandra",coautor,F
diputados,12,00012-2026-2031-CD,2026-08-10,175,"Espinoza Huillca, Edwin",coautor,M
diputados,12,00012-2026-2031-CD,2026-08-10,177,"Fernandez de la Torre, Hilda Judit",coautor,F
diputados,12,00012-2026-2031-CD,2026-08-10,183,"García Huby, Fernando Alberto",coautor,M
diputados,12,00012-2026-2031-CD,2026-08-10,193,"Huaman Cornejo, Miguel Félix",coautor,M
diputados,11,00011-2026-2031-CD,2026-08-10,192,"Holguín Loaiza, César Augusto",autor,M
diputados,11,00011-2026-2031-CD,2026-08-10,204,"Marcelo Salazar, José Miguel",coautor,M
diputados,11,00011-2026-2031-CD,2026-08-10,168,"Colchado Huamani, Harvey Julio",coautor,M
diputados,11,00011-2026-2031-CD,2026-08-10,149,"Arminta Valencia, Marleny Bibiana",coautor,F
diputados,11,00011-2026-2031-CD,2026-08-10,194,"Huilca Flores, Indira Isabel",coautor,F
diputados,11,00011-2026-2031-CD,2026-08-10,210,"Meneses Crispin, Ángel Renato",coautor,M
diputados,11,00011-2026-2031-CD,2026-08-10,242,"Sonco Villanueva, Helard Bladimir",coautor,M
diputados,11,00011-2026-2031-CD,2026-08-10,213,"Muedas Balbiese, César Augusto",coautor,M
diputados,10,00010-2026-2031-CD,2026-08-10,210,"Meneses Crispin, Ángel Renato",autor,M
diputados,10,00010-2026-2031-CD,2026-08-10,194,"Huilca Flores, Indira Isabel",coautor,F
diputados,10,00010-2026-2031-CD,2026-08-10,192,"Holguín Loaiza, César Augusto",coautor,M
diputados,10,00010-2026-2031-CD,2026-08-10,156,"Buitrón Martínez, Freshman",coautor,M
diputados,10,00010-2026-2031-CD,2026-08-10,204,"Marcelo Salazar, José Miguel",coautor,M
diputados,10,00010-2026-2031-CD,2026-08-10,242,"Sonco Villanueva, Helard Bladimir",coautor,M
diputados,10,00010-2026-2031-CD,2026-08-10,168,"Colchado Huamani, Harvey Julio",coautor,M
diputados,9,00009-2026-2031-CD,2026-08-10,261,"Zunini Yerren, Ernesto Alonzo",autor,M
diputados,9,00009-2026-2031-CD,2026-08-10,248,"Tito Rojas, César Hugo",coautor,M
diputados,9,00009-2026-2031-CD,2026-08-10,243,"Soto Ferrari, Luz Mérida",coautor,F
diputados,9,00009-2026-2031-CD,2026-08-10,198,"Lavado Valdivia, Marino Teófilo",coautor,M
diputados,9,00009-2026-2031-CD,2026-08-10,225,"Pérez Alccahuaman, Jesús",coautor,M
diputados,9,00009-2026-2031-CD,2026-08-10,230,"Poma Huamani, Haydee Celinda",coautor,F
diputados,9,00009-2026-2031-CD,2026-08-10,187,"Guevara Ramírez, Jessica Roxana",coautor,F
diputados,9,00009-2026-2031-CD,2026-08-10,195,"Isla Rojas, Azucena",coautor,F
diputados,9,00009-2026-2031-CD,2026-08-10,205,"Márquez Huanca, Analí",coautor,F
diputados,9,00009-2026-2031-CD,2026-08-10,244,"Sulca Castillo, Pilar",coautor,F
diputados,9,00009-2026-2031-CD,2026-08-10,253,"Varas Seguin, Daniel Jefferson",coautor,M
diputados,9,00009-2026-2031-CD,2026-08-10,255,"Villanueva Calderón, Juan Amílcar",coautor,M
diputados,9,00009-2026-2031-CD,2026-08-10,220,"Paredes Navarro, Yenifer Noelia",coautor,F
diputados,8,00008-2026-2031-CD,2026-08-10,261,"Zunini Yerren, Ernesto Alonzo",autor,M
diputados,8,00008-2026-2031-CD,2026-08-10,248,"Tito Rojas, César Hugo",autor,M
diputados,8,00008-2026-2031-CD,2026-08-10,243,"Soto Ferrari, Luz Mérida",autor,F
diputados,8,00008-2026-2031-CD,2026-08-10,198,"Lavado Valdivia, Marino Teófilo",autor,M
diputados,8,00008-2026-2031-CD,2026-08-10,230,"Poma Huamani, Haydee Celinda",autor,F
diputados,8,00008-2026-2031-CD,2026-08-10,225,"Pérez Alccahuaman, Jesús",autor,M
diputados,8,00008-2026-2031-CD,2026-08-10,187,"Guevara Ramírez, Jessica Roxana",autor,F
diputados,8,00008-2026-2031-CD,2026-08-10,205,"Márquez Huanca, Analí",autor,F
diputados,8,00008-2026-2031-CD,2026-08-10,195,"Isla Rojas, Azucena",autor,F
diputados,8,00008-2026-2031-CD,2026-08-10,253,"Varas Seguin, Daniel Jefferson",autor,M
diputados,8,00008-2026-2031-CD,2026-08-10,244,"Sulca Castillo, Pilar",autor,F
diputados,8,00008-2026-2031-CD,2026-08-10,255,"Villanueva Calderón, Juan Amílcar",autor,M
diputados,8,00008-2026-2031-CD,2026-08-10,220,"Paredes Navarro, Yenifer Noelia",autor,F
diputados,7,00007-2026-2031-CD,2026-08-07,218,"Palomino Casavilca, Catherin Norma",autor,F
diputados,7,00007-2026-2031-CD,2026-08-07,223,"Peña Córdova, Olver",coautor,M
diputados,7,00007-2026-2031-CD,2026-08-07,248,"Tito Rojas, César Hugo",coautor,M
diputados,7,00007-2026-2031-CD,2026-08-07,226,"Pérez Mallqui, Julián Luis",coautor,M
diputados,7,00007-2026-2031-CD,2026-08-07,195,"Isla Rojas, Azucena",coautor,F
diputados,7,00007-2026-2031-CD,2026-08-07,178,"Fernández González, Svieta Valia",coautor,F
diputados,6,00006-2026-2031-CD,2026-08-05,149,"Arminta Valencia, Marleny Bibiana",autor,F
diputados,6,00006-2026-2031-CD,2026-08-05,203,"Manrique Olivera, Bernardino Jair",coautor,M
diputados,6,00006-2026-2031-CD,2026-08-05,156,"Buitrón Martínez, Freshman",coautor,M
diputados,6,00006-2026-2031-CD,2026-08-05,192,"Holguín Loaiza, César Augusto",coautor,M
diputados,6,00006-2026-2031-CD,2026-08-05,242,"Sonco Villanueva, Helard Bladimir",coautor,M
diputados,6,00006-2026-2031-CD,2026-08-05,213,"Muedas Balbiese, César Augusto",coautor,M
diputados,6,00006-2026-2031-CD,2026-08-05,210,"Meneses Crispin, Ángel Renato",coautor,M
diputados,5,00005-2026-2031-CD,2026-08-05,228,"Piñán Mamani, Víctor Eduardo",autor,M
diputados,5,00005-2026-2031-CD,2026-08-05,201,"López Letona, Heber",coautor,M
diputados,5,00005-2026-2031-CD,2026-08-05,207,"Masco Cáceres, Luis Aurelio",coautor,M
diputados,5,00005-2026-2031-CD,2026-08-05,251,"Valqui Calderón, Demetrio Flavio",coautor,M
diputados,5,00005-2026-2031-CD,2026-08-05,157,"Cabrera Nieto, Juan César",coautor,M
diputados,5,00005-2026-2031-CD,2026-08-05,145,"Alvarón De la Cruz, Édgar Adrián",coautor,M
diputados,5,00005-2026-2031-CD,2026-08-05,159,"Camargo Porta, Raúl Jesús",coautor,M
diputados,5,00005-2026-2031-CD,2026-08-05,176,"Eusebio Padilla, Arturo César",coautor,M
diputados,5,00005-2026-2031-CD,2026-08-05,224,"Peralta Jorpa, Máximo",coautor,M
diputados,5,00005-2026-2031-CD,2026-08-05,189,"Hancco Hancco, Dina Irene",coautor,F
diputados,5,00005-2026-2031-CD,2026-08-05,208,"Medina Stein, Andrea Dayna",coautor,F
diputados,4,00004-2026-2031-CD,2026-08-05,192,"Holguín Loaiza, César Augusto",autor,M
diputados,4,00004-2026-2031-CD,2026-08-05,242,"Sonco Villanueva, Helard Bladimir",coautor,M
diputados,4,00004-2026-2031-CD,2026-08-05,213,"Muedas Balbiese, César Augusto",coautor,M
diputados,4,00004-2026-2031-CD,2026-08-05,210,"Meneses Crispin, Ángel Renato",coautor,M
diputados,4,00004-2026-2031-CD,2026-08-05,194,"Huilca Flores, Indira Isabel",coautor,F
diputados,4,00004-2026-2031-CD,2026-08-05,149,"Arminta Valencia, Marleny Bibiana",coautor,F
diputados,3,00003-2026-2031-CD,2026-08-04,149,"Arminta Valencia, Marleny Bibiana",autor,F
diputados,3,00003-2026-2031-CD,2026-08-04,192,"Holguín Loaiza, César Augusto",coautor,M
diputados,3,00003-2026-2031-CD,2026-08-04,194,"Huilca Flores, Indira Isabel",coautor,F
diputados,3,00003-2026-2031-CD,2026-08-04,242,"Sonco Villanueva, Helard Bladimir",coautor,M
diputados,3,00003-2026-2031-CD,2026-08-04,203,"Manrique Olivera, Bernardino Jair",coautor,M
diputados,3,00003-2026-2031-CD,2026-08-04,168,"Colchado Huamani, Harvey Julio",coautor,M
diputados,2,00002-2026-2031-CD,2026-08-04,192,"Holguín Loaiza, César Augusto",autor,M
diputados,2,00002-2026-2031-CD,2026-08-04,213,"Muedas Balbiese, César Augusto",coautor,M
diputados,2,00002-2026-2031-CD,2026-08-04,242,"Sonco Villanueva, Helard Bladimir",coautor,M
diputados,2,00002-2026-2031-CD,2026-08-04,210,"Meneses Crispin, Ángel Renato",coautor,M
diputados,2,00002-2026-2031-CD,2026-08-04,194,"Huilca Flores, Indira Isabel",coautor,F
diputados,2,00002-2026-2031-CD,2026-08-04,204,"Marcelo Salazar, José Miguel",coautor,M
diputados,2,00002-2026-2031-CD,2026-08-04,168,"Colchado Huamani, Harvey Julio",coautor,M
diputados,1,00001-2026-2031-CD,2026-08-04,194,"Huilca Flores, Indira Isabel",autor,F
diputados,1,00001-2026-2031-CD,2026-08-04,204,"Marcelo Salazar, José Miguel",coautor,M
diputados,1,00001-2026-2031-CD,2026-08-04,192,"Holguín Loaiza, César Augusto",coautor,M
diputados,1,00001-2026-2031-CD,2026-08-04,168,"Colchado Huamani, Harvey Julio",coautor,M
diputados,1,00001-2026-2031-CD,2026-08-04,149,"Arminta Valencia, Marleny Bibiana",coautor,F
diputados,1,00001-2026-2031-CD,2026-08-04,152,"Benítez Barrionuevo, Jessica",adherente,F
diputados,1,00001-2026-2031-CD,2026-08-04,174,"Duarte Patiño de Pezet, Carmen Georgina",adherente,F
senado,11,00011-2026-2031-S,2026-10-02,64,"Juárez Gallegos, Carmen Patricia",autor,F
senado,10,00010-2026-2031-S,2026-09-30,262,"Alcorta Suero, María Lourdes Pía Luisa",autor,F
senado,10,00010-2026-2031-S,2026-09-30,263,"Ampuero Meza, Katherine Milagros",coautor,F
senado,10,00010-2026-2031-S,2026-09-30,272,"Calisto Giampietri, Francisco José",coautor,M
senado,10,00010-2026-2031-S,2026-09-30,60,"Jáuregui Martínez de Aguayo, María de los Milagros Jackeline",coautor,F
senado,10,00010-2026-2031-S,2026-09-30,287,"Mancha Pineda, Estanislao Edgar",coautor,M
senado,10,00010-2026-2031-S,2026-09-30,83,"Muñante Barrios, Alejandro",coautor,M
senado,10,00010-2026-2031-S,2026-09-30,303,"Velásquez García, Miguel Ángel",coautor,M
senado,10,00010-2026-2031-S,2026-09-30,285,"Vásquez Villanueva, Absalón",coautor,M
senado,6,00006-2026-2031-S,2026-08-19,276,"Chipana Chipana, Jose Moises",autor,M
senado,6,00006-2026-2031-S,2026-08-19,264,"Andrés Luján, Serafín",coautor,M
senado,5,00005-2026-2031-S,2026-08-19,276,"Chipana Chipana, Jose Moises",autor,M
senado,5,00005-2026-2031-S,2026-08-19,264,"Andrés Luján, Serafín",coautor,M
senado,4,00004-2026-2031-S,2026-08-14,99,"Quito Sarmiento, Bernardo Jaime",autor,M
senado,4,00004-2026-2031-S,2026-08-14,273,"Castillo Terrones, José Mercedes",coautor,M
senado,4,00004-2026-2031-S,2026-08-14,295,"Osorio Palpán, Percy Herbert",coautor,M
senado,4,00004-2026-2031-S,2026-08-14,293,"Morales Ramírez, Edyson Humberto",coautor,M
senado,4,00004-2026-2031-S,2026-08-14,39,"Cutipa Ccama, Víctor Raúl",coautor,M
senado,4,00004-2026-2031-S,2026-08-14,305,"Verano Saravia, Wilfredo",coautor,M
senado,4,00004-2026-2031-S,2026-08-14,288,"Maraví Olarte, Iber Antenor",coautor,M
senado,4,00004-2026-2031-S,2026-08-14,276,"Chipana Chipana, Jose Moises",coautor,M
senado,4,00004-2026-2031-S,2026-08-14,296,"Ramos Huillcas, Andrés Avelino",coautor,M
senado,3,00003-2026-2031-S,2026-08-13,105,"Robles Araujo, Silvana Emperatriz",autor,F
senado,3,00003-2026-2031-S,2026-08-13,273,"Castillo Terrones, José Mercedes",coautor,M
senado,3,00003-2026-2031-S,2026-08-13,39,"Cutipa Ccama, Víctor Raúl",coautor,M
senado,3,00003-2026-2031-S,2026-08-13,266,"Armacanqui Morales, Saúl Andrés",coautor,M
senado,3,00003-2026-2031-S,2026-08-13,99,"Quito Sarmiento, Bernardo Jaime",coautor,M
senado,3,00003-2026-2031-S,2026-08-13,295,"Osorio Palpán, Percy Herbert",coautor,M
senado,3,00003-2026-2031-S,2026-08-13,293,"Morales Ramírez, Edyson Humberto",coautor,M
senado,3,00003-2026-2031-S,2026-08-13,264,"Andrés Luján, Serafín",coautor,M
senado,2,00002-2026-2031-S,2026-08-12,71,"Luque Ibarra, Ruth",autor,F
senado,2,00002-2026-2031-S,2026-08-12,286,"López Chau Nava, Pablo Alfonso",coautor,M
senado,2,00002-2026-2031-S,2026-08-12,302,"Vásquez Chuquilín, Mirtha Esther",coautor,F
senado,2,00002-2026-2031-S,2026-08-12,278,"Delgado Zegarra, Jaime Ricardo",coautor,M
senado,1,00001-2026-2031-S,2026-08-11,302,"Vásquez Chuquilín, Mirtha Esther",autor,F
senado,1,00001-2026-2031-S,2026-08-11,278,"Delgado Zegarra, Jaime Ricardo",coautor,M
