camara,num,proyecto,fecha,proponente,grupo,estado,legislatura,titulo,n_firmantes,url
diputados,553,00553-2026-2031-CD,2026-10-07,Cámara de Diputados,Juntos por el Perú,PRESENTADO,Primera Legislatura Ordinaria 2026,PROPOSICIÓN LEGISLATIVA QUE DISPONE LA INCORPORACIÓN PROGRESIVA DEL PERSONAL DEL PROGRAMA NACIONAL DE CENTROS JUVENILES (PRONACEJ) SUJETO AL DECRETO LEGISLATIVO N.° 1057 AL RÉGIMEN DEL DECRETO LEGISLATIVO N.° 728.,5,https://wb2server.congreso.gob.pe/spley-portal/#/diputados/expediente/2026/553
diputados,552,00552-2026-2031-CD,2026-10-07,Cámara de Diputados,Juntos por el Perú,PRESENTADO,Primera Legislatura Ordinaria 2026,PROPOSICIÓN LEGISLATIVA QUE GARANTIZA EL RECONOCIMEINTO Y CUMPLIMIENTO DE LOS BENEFICIOS DEL PERSONAL DE SALUD Y DE LAS FAMILIAS DEL PERSONAL FALLECIDO QUE ENFRENTO LA COVID-19.,9,https://wb2server.congreso.gob.pe/spley-portal/#/diputados/expediente/2026/552
diputados,551,00551-2026-2031-CD,2026-10-07,Cámara de Diputados,Juntos por el Perú,PRESENTADO,Primera Legislatura Ordinaria 2026,"PROPOSICIÓN LEGISLATIVA QUE FORTALECE LA PROTECCIÓN DE NIÑAS, NIÑOS Y ADOLESCENTES FRENTE A LA VIOLENCIA ESCOLAR GRAVE, EL BULLYING Y EL CIBERBULLYING",9,https://wb2server.congreso.gob.pe/spley-portal/#/diputados/expediente/2026/551
diputados,550,00550-2026-2031-CD,2026-10-07,Cámara de Diputados,Juntos por el Perú,PRESENTADO,Primera Legislatura Ordinaria 2026,PROPOSICIÓN LEGISLATIVA QUE PROTEGE LA VIDA Y LA SALUD Y PREVIENE LA EXPOSICIÓN A RESIDUOS PELIGROSOS DE PLAGUICIDAS EN LOS ALIMENTOS: LEY ALIMENTOS SEGUROS ,9,https://wb2server.congreso.gob.pe/spley-portal/#/diputados/expediente/2026/550
diputados,549,00549-2026-2031-CD,2026-10-07,Cámara de Diputados,Juntos por el Perú,PRESENTADO,Primera Legislatura Ordinaria 2026,"PROPOSICIÓN LEGISLATIVA QUE PROTEGE LOS INGRESOS, EL TRABAJO Y LOS MEDIOS DE VIDA DE AGRICULTORES, PESCADORES ARTESANALES Y ARTESANOS AFECTADOS POR EL FENÓMENO DEL NIÑO, HELADAS, FRIAJES Y OTROS DESASTRES CLIMÁTICOS",10,https://wb2server.congreso.gob.pe/spley-portal/#/diputados/expediente/2026/549
diputados,548,00548-2026-2031-CD,2026-10-07,Cámara de Diputados,Renovación Popular,PRESENTADO,Primera Legislatura Ordinaria 2026,PROPOSICIÓN LEGISLATIVA QUE CREA LA ZONA FRANCA DE DESARROLLO INTEGRAL DEL SUR ANDINO (ZOFRASUR),5,https://wb2server.congreso.gob.pe/spley-portal/#/diputados/expediente/2026/548
diputados,547,00547-2026-2031-CD,2026-10-07,Instituciones Públicas Autónomas,,PRESENTADO,Primera Legislatura Ordinaria 2026,PROPOSICIÓN LEGISLATIVA QUE AUTORIZA EL AUMENTO DE LA CUOTA DEL PERÚ EN EL FONDO MONETARIO INTERNACIONAL,0,https://wb2server.congreso.gob.pe/spley-portal/#/diputados/expediente/2026/547
diputados,546,00546-2026-2031-CD,2026-10-07,Cámara de Diputados,Ahora Nación,PRESENTADO,Primera Legislatura Ordinaria 2026,PROPOSICIÓN LEGISLATIVA QUE CREA EL FONDO SOLIDARIO CERVECERO A FAVOR DE LAS POBLACIONES VULNERABLES ACOGIDAS POR LAS SOCIEDADES DE BENEFICENCIA,5,https://wb2server.congreso.gob.pe/spley-portal/#/diputados/expediente/2026/546
diputados,545,00545-2026-2031-CD,2026-10-07,Cámara de Diputados,Ahora Nación,PRESENTADO,Primera Legislatura Ordinaria 2026,"PROPOSICIÓN LEGISLATIVA QUE PROMUEVE LA EJECUCIÓN DE PROYECTOS DE INVERSIÓN EN INFRAESTRUCTURA DE RIEGO Y LA GESTIÓN SOSTENIBLE DEL AGUA EN LAS PROVINCIAS DE JAUJA, CONCEPCIÓN, HUANCAYO Y CHUPACA DEL DEPARTAMENTO DE JUNÍN",5,https://wb2server.congreso.gob.pe/spley-portal/#/diputados/expediente/2026/545
diputados,544,00544-2026-2031-CD,2026-10-07,Cámara de Diputados,Partido del Buen Gobierno,PRESENTADO,Primera Legislatura Ordinaria 2026,"PROPOSICIÓN LEGISLATIVA QUE RECONOCE EL 26 DE JULIO DE 1560 COMO FECHA DE FUNDACIÓN HISTÓRICA DEL PUEBLO DE SANTA ANA DE CHUQUIBAMBA, PROVINCIA DE CONDESUYOS, DEPARTAMENTO DE AREQUIPA",5,https://wb2server.congreso.gob.pe/spley-portal/#/diputados/expediente/2026/544
diputados,543,00543-2026-2031-CD,2026-10-07,Cámara de Diputados,Partido del Buen Gobierno,PRESENTADO,Primera Legislatura Ordinaria 2026,"PROPOSICIÓN LEGISLATIVA QUE MODIFICA EL NUEVO CÓDIGO PROCESAL PENAL Y EL CÓDIGO PENAL MILITAR POLICIAL PARA GARANTIZAR EL PRINCIPIO DEL JUEZ NATURAL, LA EFICACIA DE LA ACCIÓN PENAL Y LA TUTELA JUDICIAL EFECTIVA",7,https://wb2server.congreso.gob.pe/spley-portal/#/diputados/expediente/2026/543
diputados,542,00542-2026-2031-CD,2026-10-07,Cámara de Diputados,Juntos por el Perú,PRESENTADO,Primera Legislatura Ordinaria 2026,PROPOSICIÓN LEGISLATIVA QUE INCORPORA EL NOMBRE DEL PAPA LEÓN XIV A LA DENOMINACIÓN DE LA UNIVERSIDAD NACIONAL AUTÓNOMA DE CHICLAYO,13,https://wb2server.congreso.gob.pe/spley-portal/#/diputados/expediente/2026/542
diputados,541,00541-2026-2031-CD,2026-10-06,Cámara de Diputados,Ahora Nación,PRESENTADO,Primera Legislatura Ordinaria 2026,"PROPOSICIÓN LEGISLATIVA QUE DEROGA LAS DISPOSICIONES INCORPORADAS POR LA LEY 32054 EN EL CÓDIGO PENAL, DECRETO LEGISLATIVO 635, Y EN LA LEY 30424, LEY QUE REGULA LA RESPONSABILIDAD ADMINISTRATIVA DE LAS PERSONAS JURÍDICAS EN EL PROCESO PENAL, A FIN DE QUE LOS PARTIDOS POLÍTICOS QUEDEN SUJETOS AL RÉGIMEN GENERAL DE LAS PERSONAS JURÍDICAS.",9,https://wb2server.congreso.gob.pe/spley-portal/#/diputados/expediente/2026/541
diputados,540,00540-2026-2031-CD,2026-10-06,Cámara de Diputados,Ahora Nación,PRESENTADO,Primera Legislatura Ordinaria 2026,"PROPOSICIÓN LEGISLATIVA QUE MODIFICA EL DECRETO LEGISLATIVO 1373 PARA FORTALECER LA AUTONOMÍA, EFICACIA Y GARANTÍAS DEL PROCESO DE EXTINCIÓN DE DOMINIO.",9,https://wb2server.congreso.gob.pe/spley-portal/#/diputados/expediente/2026/540
diputados,539,00539-2026-2031-CD,2026-10-06,Cámara de Diputados,Ahora Nación,PRESENTADO,Primera Legislatura Ordinaria 2026,PROPOSICIÓN LEGISLATIVA QUE MODIFICA EL CÓDIGO PROCESAL PENAL PARA RESTABLECER LA FUNCIONALIDAD DEL PROCESO ESPECIAL POR COLABORACIÓN EFICAZ.,5,https://wb2server.congreso.gob.pe/spley-portal/#/diputados/expediente/2026/539
diputados,538,00538-2026-2031-CD,2026-10-06,Cámara de Diputados,Ahora Nación,PRESENTADO,Primera Legislatura Ordinaria 2026,PROPOSICIÓN LEGISLATIVA QUE MODIFICA EL ARTÍCULO 84 DEL CÓDIGO PENAL PARA REGULAR LA SUSPENSIÓN DE LA PRESCRIPCIÓN DE LA ACCIÓN PENAL.,5,https://wb2server.congreso.gob.pe/spley-portal/#/diputados/expediente/2026/538
diputados,537,00537-2026-2031-CD,2026-10-06,Cámara de Diputados,Ahora Nación,PRESENTADO,Primera Legislatura Ordinaria 2026,"PROPOSICIÓN LEGISLATIVA QUE MODIFICA LA LEY 31014, LEY QUE REGULA EL USO DE SUSTANCIAS MODELANTES EN TRATAMIENTOS CORPORALES CON FINES ESTÉTICOS, PARA ESTABLECER ESTÁNDARES ACADÉMICOS DE FORMACIÓN PRÁCTICA Y PRECISAR LAS COMPETENCIAS DEL ACTO MÉDICO.",5,https://wb2server.congreso.gob.pe/spley-portal/#/diputados/expediente/2026/537
diputados,536,00536-2026-2031-CD,2026-10-06,Cámara de Diputados,Partido del Buen Gobierno,PRESENTADO,Primera Legislatura Ordinaria 2026,PROPOSICIÓN LEGISLATIVA DE REFORMA CONSTITUCIONAL QUE RECONOCE COMO DERECHO FUNDAMENTAL EL DERECHO A LA ALIMENTACIÓN.,7,https://wb2server.congreso.gob.pe/spley-portal/#/diputados/expediente/2026/536
diputados,535,00535-2026-2031-CD,2026-10-06,Cámara de Diputados,Ahora Nación,PRESENTADO,Primera Legislatura Ordinaria 2026,"PROPOSICIÓN LEGISLATIVA QUE MODIFICA LOS ARTÍCULOS 2 Y 3 DE LA LEY N.° 32712 PARA AMPLIAR EL ÁMBITO DE COLABORACIÓN DE LOS GOBIERNOS REGIONALES Y LOCALES EN FAVOR DE LA POLICÍA NACIONAL DEL PERÚ Y LA AUTORIDAD MARÍTIMA NACIONAL; Y GARANTIZAR LA CONTINUIDAD DE LAS INVERSIONES, CONVENIOS Y PROCEDIMIENTOS ADMINISTRATIVOS EN TRÁMITE",5,https://wb2server.congreso.gob.pe/spley-portal/#/diputados/expediente/2026/535
diputados,534,00534-2026-2031-CD,2026-10-06,Cámara de Diputados,Renovación Popular,PRESENTADO,Primera Legislatura Ordinaria 2026,"PROPOSICIÓN LEGISLATIVA DE REFORMA CONSTITUCIONAL PARA OPTIMIZAR EL RÉGIMEN PENAL ESPECIAL DE LOS ADOLESCENTES MAYORES DE 16 AÑOS DE EDAD A FIN DE COMBATIR LA EXTORSIÓN, SICARIATO, VIOLACIÓN SEXUAL Y DELITOS COMETIDOS POR ORGANIZACIONES CRIMINALES.",14,https://wb2server.congreso.gob.pe/spley-portal/#/diputados/expediente/2026/534
diputados,533,00533-2026-2031-CD,2026-10-06,Cámara de Diputados,Multipartidario,PRESENTADO,Primera Legislatura Ordinaria 2026,"PROPOSICIÓN LEGISLATIVA QUE DEROGA LA LEY 32107, LEY QUE PRECISA LA APLICACIÓN Y LOS ALCANCES DEL DELITO DE LESA HUMANIDAD Y CRÍMENES DE GUERRA EN LA LEGISLACIÓN PERUANA.",12,https://wb2server.congreso.gob.pe/spley-portal/#/diputados/expediente/2026/533
diputados,532,00532-2026-2031-CD,2026-10-06,Cámara de Diputados,Partido Cívico Obras,PRESENTADO,Primera Legislatura Ordinaria 2026,PROPOSICIÓN LEGISLATIVA QUE INCORPORA UNA BONIFICACIÓN EN LOS CONCURSOS PÚBLICOS DE MÉRITOS A FAVOR DE LOS BOMBEROS ACTIVOS DEL CUERPO GENERAL DE BOMBEROS VOLUNTARIOS DEL PERÚ.,6,https://wb2server.congreso.gob.pe/spley-portal/#/diputados/expediente/2026/532
diputados,531,00531-2026-2031-CD,2026-10-06,Cámara de Diputados,Partido Cívico Obras,PRESENTADO,Primera Legislatura Ordinaria 2026,"PROPOSICIÓN LEGISLATIVA QUE MODIFICA EL ARTÍCULO 30 DE LA LEY 28044, LEY GENERAL DE EDUCACIÓN, PARA INCORPORAR LA CONDUCTA COMO DIMENSIÓN DE LA EVALUACIÓN INTEGRAL DEL EDUCANDO.",6,https://wb2server.congreso.gob.pe/spley-portal/#/diputados/expediente/2026/531
diputados,530,00530-2026-2031-CD,2026-10-06,Cámara de Diputados,Juntos por el Perú,PRESENTADO,Primera Legislatura Ordinaria 2026,"PROPOSICIÓN LEGISLATIVA QUE MODIFICA LA LEY 31873, LEY QUE REGULA LOS PROCESOS DE ASCENSOS DEL PERSONAL DE LA POLICÍA NACIONAL DEL PERÚ Y QUE INCLUYE COMO REQUISITO DE EVALUACIÓN DE CONTROL Y CONFIANZA LA TÉCNICA POLIGRÁFICA PARA EL PROCESO DE ASCENSO.",8,https://wb2server.congreso.gob.pe/spley-portal/#/diputados/expediente/2026/530
diputados,529,00529-2026-2031-CD,2026-10-06,Cámara de Diputados,Juntos por el Perú,PRESENTADO,Primera Legislatura Ordinaria 2026,"PROPOSICIÓN LEGISLATIVA QUE INCORPORA EN EL NUMERAL 45.2 DEL ARTÍCULO 45 DE LA LEY 30220, LEY UNIVERSITARIA, NUEVAS MODALIDADES DE OBTENCIÓN DEL TÍTULO PROFESIONAL.",6,https://wb2server.congreso.gob.pe/spley-portal/#/diputados/expediente/2026/529
diputados,528,00528-2026-2031-CD,2026-10-06,Cámara de Diputados,Renovación Popular,PRESENTADO,Primera Legislatura Ordinaria 2026,"PROPOSICIÓN LEGISLATIVA QUE MODIFICA LA LEY N.º 26859, LEY ORGÁNICA DE ELECCIONES, PARA IMPLEMENTAR EL VOTO POSTAL FACULTATIVO PARA LOS PERUANOS RESIDENTES EN EL EXTRANJERO.",6,https://wb2server.congreso.gob.pe/spley-portal/#/diputados/expediente/2026/528
diputados,527,00527-2026-2031-CD,2026-10-06,Cámara de Diputados,Partido Cívico Obras,PRESENTADO,Primera Legislatura Ordinaria 2026,PROPOSICIÓN LEGISLATIVA QUE DEROGA LA RESTRICCIÓN TERRITORIAL PREVISTA EN LA LEY 31560 Y HABILITA LAS COMPETENCIAS COMPARTIDAS EN MATERIA DE FORMALIZACIÓN DE LA PROPIEDAD PREDIAL A FAVOR DE LAS MUNICIPALIDADES DISTRITALES DE CAPITALES DE DEPARTAMENTO Y DE LIMA METROPOLITANA.,5,https://wb2server.congreso.gob.pe/spley-portal/#/diputados/expediente/2026/527
diputados,526,00526-2026-2031-CD,2026-10-06,Cámara de Diputados,Partido Cívico Obras,PRESENTADO,Primera Legislatura Ordinaria 2026,"PROPOSICIÓN LEGISLATIVA QUE ESTABLECE LA RUTA INTEGRAL ""LOS PRIMEROS 2800 DÍAS"" PARA UNIR SALUD, EDUCACIÓN Y CULTURA EN FAVOR DE CADA NIÑA Y NIÑO, DESDE LA GESTACIÓN HASTA LOS SIETE AÑOS.",7,https://wb2server.congreso.gob.pe/spley-portal/#/diputados/expediente/2026/526
diputados,525,00525-2026-2031-CD,2026-10-06,Cámara de Diputados,Partido Cívico Obras,PRESENTADO,Primera Legislatura Ordinaria 2026,PROPOSICIÓN LEGISLATIVA QUE GARANTIZA LA IMPLEMENTACIÓN PROGRESIVA DE UN PROFESIONAL DE NUTRICIÓN HUMANA EN CADA INSTITUCIÓN EDUCATIVA PÚBLICA.,7,https://wb2server.congreso.gob.pe/spley-portal/#/diputados/expediente/2026/525
diputados,524,00524-2026-2031-CD,2026-10-06,Cámara de Diputados,Partido del Buen Gobierno,PRESENTADO,Primera Legislatura Ordinaria 2026,"PROPOSICIÓN LEGISLATIVA QUE MODIFICA LA LEY 28044, LEY GENERAL DE EDUCACIÓN, PARA INCORPORAR LA EDUCACIÓN EN PROTECCIÓN Y BIENESTAR ANIMAL EN LA EDUCACIÓN BÁSICA.",8,https://wb2server.congreso.gob.pe/spley-portal/#/diputados/expediente/2026/524
diputados,523,00523-2026-2031-CD,2026-10-06,Cámara de Diputados,Partido Cívico Obras,PRESENTADO,Primera Legislatura Ordinaria 2026,"PROPOSICIÓN LEGISLATIVA QUE DEROGA LA LEY 32242 Y RESTABLECE LA VIGENCIA DEL ARTÍCULO 49 DE LA LEY 29944, LEY DE REFORMA MAGISTERIAL.",6,https://wb2server.congreso.gob.pe/spley-portal/#/diputados/expediente/2026/523
diputados,522,00522-2026-2031-CD,2026-10-06,Cámara de Diputados,Renovación Popular,PRESENTADO,Primera Legislatura Ordinaria 2026,"PROPOSICIÓN LEGISLATIVA QUE ESTABLECE EL PACTO ENTRE EL ESTADO, LA ESCUELA Y LA FAMILIA PARA EL FORTALECIMIENTO INTEGRAL DEL NIÑO, NIÑA Y ADOLESCENTE.",7,https://wb2server.congreso.gob.pe/spley-portal/#/diputados/expediente/2026/522
diputados,521,00521-2026-2031-CD,2026-10-06,Cámara de Diputados,Renovación Popular,PRESENTADO,Primera Legislatura Ordinaria 2026,PROPOSICIÓN LEGISLATIVA QUE FORTALECE EL DESARME VOLUNTARIO Y REDUCE LA CIRCULACIÓN DE ARMAS ILEGALES.,6,https://wb2server.congreso.gob.pe/spley-portal/#/diputados/expediente/2026/521
diputados,520,00520-2026-2031-CD,2026-10-06,Cámara de Diputados,Partido Cívico Obras,PRESENTADO,Primera Legislatura Ordinaria 2026,"PROPOSICIÓN LEGISLATIVA DE PROMOCIÓN, FORMALIZACIÓN Y DESARROLLO INTEGRAL DE LA PEQUEÑA MINERÍA Y LA MINERÍA ARTESANAL.",5,https://wb2server.congreso.gob.pe/spley-portal/#/diputados/expediente/2026/520
diputados,519,00519-2026-2031-CD,2026-10-06,Cámara de Diputados,Partido Cívico Obras,PRESENTADO,Primera Legislatura Ordinaria 2026,PROPOSICIÓN LEGISLATIVA QUE ELEVA AL CINCO POR CIENTO (5%) LA TASA DEL IMPUESTO SELECTIVO AL CONSUMO APLICABLE A LOS JUEGOS A DISTANCIA Y APUESTA DEPORTIVAS A DISTANCIA.,6,https://wb2server.congreso.gob.pe/spley-portal/#/diputados/expediente/2026/519
diputados,518,00518-2026-2031-CD,2026-10-06,Cámara de Diputados,Partido Cívico Obras,PRESENTADO,Primera Legislatura Ordinaria 2026,"PROPOSICIÓN LEGISLATIVA QUE DEROGA EL SEGUNDO PÁRRAFO DEL ARTÍCULO 418 DEL CÓDIGO PENAL, DECRETO LEGISLATIVO 635, SOBRE PREVARICATO.",5,https://wb2server.congreso.gob.pe/spley-portal/#/diputados/expediente/2026/518
diputados,517,00517-2026-2031-CD,2026-10-06,Cámara de Diputados,Partido Cívico Obras,PRESENTADO,Primera Legislatura Ordinaria 2026,"PROPOSICIÓN LEGISLATIVA QUE MODIFICA EL ARTÍCULO 57 DEL CÓDIGO PENAL, SE INCORPORA NUEVAS FIGURAS DELICTIVAS SUSCEPTIBLES DE INAPLICACIÓN DE LA SUSPENSIÓN DE EJECUCIÓN DE LA PENA.",5,https://wb2server.congreso.gob.pe/spley-portal/#/diputados/expediente/2026/517
diputados,516,00516-2026-2031-CD,2026-10-06,Cámara de Diputados,Partido Cívico Obras,PRESENTADO,Primera Legislatura Ordinaria 2026,PROPOSICIÓN LEGISLATIVA QUE ESTABLECE ESTANDARES MINIMOS PARA LAS DEVOLUCIONES Y COMPENSACIONES AUTOMATICAS POR INTERRUPCIONES DE SERVICIOS PÚBLICOS REGULADOS.,5,https://wb2server.congreso.gob.pe/spley-portal/#/diputados/expediente/2026/516
diputados,515,00515-2026-2031-CD,2026-10-06,Cámara de Diputados,Partido Cívico Obras,PRESENTADO,Primera Legislatura Ordinaria 2026,PROPOSICIÓN LEGISLATIVA QUE GARANTIZA EL DERECHO DE ACCESO A LA INFORMACIÓN DEL TACÓGRAFO DIGITAL Y SISTEMAS DE VIDEOVIGILANCIA VEHICULAR COMO MECANISMO DE PROTECCIÓN AL USUARIO DE TRANSPORTE TERRESTRE.,5,https://wb2server.congreso.gob.pe/spley-portal/#/diputados/expediente/2026/515
diputados,514,00514-2026-2031-CD,2026-10-06,Cámara de Diputados,Juntos por el Perú,PRESENTADO,Primera Legislatura Ordinaria 2026,"PROPOSICIÓN LEGISLATIVA QUE MODIFICA EL ARTÍCULO 7° DEL DECRETO LEGISLATIVO N° 1100 PARA FORTALECER LAS ACCIONES DE INTERDICCIÓN CONTRA LA MINERÍA ILEGAL Y REGULAR LA RECUPERACIÓN, TRAZABILIDAD Y DESTINO PÚBLICO DE MAQUINARIA PESADA.",6,https://wb2server.congreso.gob.pe/spley-portal/#/diputados/expediente/2026/514
diputados,513,00513-2026-2031-CD,2026-10-06,Cámara de Diputados,Renovación Popular,PRESENTADO,Primera Legislatura Ordinaria 2026,PROPOSICIÓN LEGISLATIVA QUE PROMUEVE EL FORTALECIMIENTO DE LA MEMORIA HISTÓRICA DEMOCRÁTICA Y EL CONOCIMIENTO DE LA LUCHA CONTRA EL TERRORISMO EN LA EDUCACIÓN SUPERIOR Y EN LAS ESCUELAS DE FORMACIÓN DE LAS FUERZAS ARMADAS Y DE LA POLICÍA NACIONAL DEL PERÚ,7,https://wb2server.congreso.gob.pe/spley-portal/#/diputados/expediente/2026/513
diputados,512,00512-2026-2031-CD,2026-10-06,Cámara de Diputados,Fuerza Popular,PRESENTADO,Primera Legislatura Ordinaria 2026,PROPOSICIÓN LEGISLATIVA QUE REGULA LA FORTIFICACIÓN DE ALCANCE NACIONAL DEL ARROZ DESTINADO AL CONSUMO HUMANO DIRECTO.,6,https://wb2server.congreso.gob.pe/spley-portal/#/diputados/expediente/2026/512
diputados,511,00511-2026-2031-CD,2026-10-05,Cámara de Diputados,Renovación Popular,PRESENTADO,Primera Legislatura Ordinaria 2026,"PROPOSICIÓN LEGISLATIVA QUE DEROGA LA LEY 32680, LEY QUE MODIFICA LA LEY 30220, LEY UNIVERSITARIA, PARA INCORPORAR AL JEFE DE PRÁCTICA EN LA CARRERA DOCENTE UNIVERSITARIA Y DISPONER SU NOMBRAMIENTO EXCEPCIONAL, Y PARA REGULAR LA PROMOCIÓN DEL DOCENTE UNIVERSITARIO; Y RESTITUYE LA VIGENCIA DE LOS ARTÍCULOS 81, 82 Y 84 DE LA LEY 30220.",5,https://wb2server.congreso.gob.pe/spley-portal/#/diputados/expediente/2026/511
diputados,510,00510-2026-2031-CD,2026-10-05,Cámara de Diputados,Ahora Nación,PRESENTADO,Primera Legislatura Ordinaria 2026,PROPOSICIÓN LEGISLATIVA PARA LA PROMOCIÓN DE LA INVERSIÓN PÚBLICA Y PRIVADA EN EL CENTRO HISTÓRICO DE AREQUIPA PARA SU DESARROLLO INTEGRAL Y SOSTENIBLE ,6,https://wb2server.congreso.gob.pe/spley-portal/#/diputados/expediente/2026/510
diputados,509,00509-2026-2031-CD,2026-10-05,PODER EJECUTIVO,,PRESENTADO,Primera Legislatura Ordinaria 2026,PROPOSICIÓN LEGISLATIVA QUE MODIFICA LA LEY DEL IMPUESTO A LA RENTA,0,https://wb2server.congreso.gob.pe/spley-portal/#/diputados/expediente/2026/509
diputados,508,00508-2026-2031-CD,2026-10-05,PODER EJECUTIVO,,PRESENTADO,Primera Legislatura Ordinaria 2026,"PROPOSICIÓN LEGISLATIVA QUE PRORROGA LA VIGENCIA DE LO DISPUESTO EN EL ARTICULO 13 DE LA LEY N° 31893, LEY DE MEDIDAS ESTRATÉGICAS Y DISPOSICIONES ECONÓMICAS Y TRIBUTARIAS PARA EL FORTALECIMIENTO Y POSICIONAMIENTO DEL ECOSISTEMA DEL LIBRO Y DE LA LECTURA.",0,https://wb2server.congreso.gob.pe/spley-portal/#/diputados/expediente/2026/508
diputados,507,00507-2026-2031-CD,2026-10-05,PODER EJECUTIVO,,PRESENTADO,Primera Legislatura Ordinaria 2026,"PROPOSICIÓN LEGISLATIVA QUE MODIFICA LA LEY 30498, LEY QUE PROMUEVE LA DONACIÓN DE ALIMENTOS Y FACILITA EL TRANSPORTE DE DONACIONES EN SITUACIONES DE DESASTRES NATURALES.",0,https://wb2server.congreso.gob.pe/spley-portal/#/diputados/expediente/2026/507
diputados,506,00506-2026-2031-CD,2026-10-05,Cámara de Diputados,Renovación Popular,EN COMISIÓN,Primera Legislatura Ordinaria 2026,"PROPOSICIÓN LEGISLATIVA DE REFORMA CONSTITUCIONAL QUE RECONOCE EL DERECHO A LA ATENCIÓN PRIORITARIA Y DIGNA EN SALUD DE LAS PERSONAS CON ENFERMEDADES TERMINALES, ONCOLÓGICAS O CATASTRÓFICAS.",8,https://wb2server.congreso.gob.pe/spley-portal/#/diputados/expediente/2026/506
diputados,505,00505-2026-2031-CD,2026-10-05,Cámara de Diputados,Renovación Popular,EN COMISIÓN,Primera Legislatura Ordinaria 2026,PROPOSICIÓN LEGISLATIVA DE DEFENSA RESPONSABLE.,7,https://wb2server.congreso.gob.pe/spley-portal/#/diputados/expediente/2026/505
diputados,504,00504-2026-2031-CD,2026-10-05,Cámara de Diputados,Ahora Nación,EN COMISIÓN,Primera Legislatura Ordinaria 2026,PROPOSICIÓN LEGISLATIVA QUE RESTITUYE LA ADSCRIPCIÓN DEL INSTITUTO NACIONAL DE DEFENSA CIVIL A LA PRESIDENCIA DEL CONSEJO DE MINISTROS.,6,https://wb2server.congreso.gob.pe/spley-portal/#/diputados/expediente/2026/504
diputados,503,00503-2026-2031-CD,2026-10-02,Cámara de Diputados,Partido Cívico Obras,EN COMISIÓN,Primera Legislatura Ordinaria 2026,"PROPOSICIÓN LEGISLATIVA QUE AUTORIZA LA REVISIÓN Y ADECUACIÓN DE LAS LICENCIAS DE USO DE AGUA CUANDO SE PONGA EN RIESGO O VULNERE EL USO POBLACIONAL EN ZONAS XÉRICAS, HIPERÁRIDAS Y ÁRIDAS.",6,https://wb2server.congreso.gob.pe/spley-portal/#/diputados/expediente/2026/503
diputados,502,00502-2026-2031-CD,2026-10-02,Cámara de Diputados,Renovación Popular,EN COMISIÓN,Primera Legislatura Ordinaria 2026,"PROPOSICIÓN LEGISLATIVA QUE MODIFICA LA LEY N.° 32671, LEY QUE DECLARA MES DE LA VIDA Y LA FAMILIA EL MES DE JUNIO DE CADA AÑO, PARA ESTABLECER EL DÍA DE LA FAMILIA",10,https://wb2server.congreso.gob.pe/spley-portal/#/diputados/expediente/2026/502
diputados,501,00501-2026-2031-CD,2026-10-02,Cámara de Diputados,Renovación Popular,EN COMISIÓN,Primera Legislatura Ordinaria 2026,"PROPOSICIÓN LEGISLATIVA QUE MODIFICA LA LEY 26497, LEY ORGÁNICA DEL REGISTRO NACIONAL DE IDENTIFICACIÓN Y ESTADO CIVIL, PARA GARANTIZAR LA INTEGRACIÓN DE LAS INSCRIPCIONES CONSULARES AL SISTEMA REGISTRAL DEL RENIEC Y EL ACCESO IGUALITARIO A SUS CERTIFICACIONES.",10,https://wb2server.congreso.gob.pe/spley-portal/#/diputados/expediente/2026/501
diputados,500,00500-2026-2031-CD,2026-10-02,Cámara de Diputados,Ahora Nación,EN COMISIÓN,Primera Legislatura Ordinaria 2026,"PROPOSICIÓN LEGISLATIVA QUE FORTALECE LA PROTECCIÓN, CONSERVACIÓN DE FUENTES DE AGUA, GLACIARES Y ECOSISTEMAS DE MONTAÑA",5,https://wb2server.congreso.gob.pe/spley-portal/#/diputados/expediente/2026/500
diputados,499,00499-2026-2031-CD,2026-10-02,Cámara de Diputados,Partido del Buen Gobierno,EN COMISIÓN,Primera Legislatura Ordinaria 2026,"PROPOSICIÓN LEGISLATIVA QUE FORTALECE EL CONTENIDO DEL DECRETO LEGISLATIVO N° 635 –  CÓDIGO PENAL, DEROGA LA LEY 32104 Y MODIFICA LA LEY 30424, CON EL OBJETIVO DE REFORZAR LA LUCHA CONTRA LA INSEGURIDAD CIUDADANA Y LA CRIMINALIDAD ORGANIZADA.",6,https://wb2server.congreso.gob.pe/spley-portal/#/diputados/expediente/2026/499
diputados,498,00498-2026-2031-CD,2026-10-02,Cámara de Diputados,Juntos por el Perú,EN COMISIÓN,Primera Legislatura Ordinaria 2026,"PROPOSICIÓN LEGISLATIVA QUE ESTABLECE MEDIDAS DE PROTECCIÓN Y UNA EDAD MÍNIMA PARA EL USO DE CUENTAS EN REDES SOCIALES POR NIÑAS, NIÑOS Y ADOLESCENTES.",5,https://wb2server.congreso.gob.pe/spley-portal/#/diputados/expediente/2026/498
diputados,497,00497-2026-2031-CD,2026-10-02,Cámara de Diputados,Juntos por el Perú,EN COMISIÓN,Primera Legislatura Ordinaria 2026,"PROPOSICIÓN LEGISLATIVA QUE MODIFICA LA LEY 32385, LEY QUE REGULA EL USO DE TELÉFONOS CELULARES EN TODAS LAS INSTITUCIONES Y PROGRAMAS EDUCATIVOS DE LA EDUCACIÓN BÁSICA, PARA RESTRINGIR EL USO DE DISPOSITIVOS ELECTRÓNICOS DURANTE TODA LA JORNADA ESCOLAR Y REGULAR EL USO DE INTELIGENCIA ARTIFICIAL EN LOS ESTUDIANTES.",6,https://wb2server.congreso.gob.pe/spley-portal/#/diputados/expediente/2026/497
diputados,496,00496-2026-2031-CD,2026-10-02,CÁMARA DE DIPUTADOS - ACTUALIZACIÓN,,ACTUALIZADA,Primera Legislatura Ordinaria 2026,"ACTUALIZACIÓN DE CONFORMIDAD CON EL ACUERDO DE JUNTA DE PORTAVOCES N° 031-2026-2027/JUNTA CÁMARA DE DIPUTADOS ADOPTADO EN SESIÓN DEL 8 DE SETIEMBRE DE 2026 - (ANTES PL 14076/2025-PJ – PODER JUDICIAL). 
PROPOSICIÓN LEGISLATIVA QUE EXTIENDE LA COLABORACIÓN DE LOS GOBIERNOS REGIONALES Y LOCALES EN LA FASE DE FORMULACIÓN Y EVALUACIÓN DE LOS PROYECTOS DE INVERSIÓN PÚBLICA PARA OPTIMIZAR EL SERVICIO DE JUSTICIA",0,https://wb2server.congreso.gob.pe/spley-portal/#/diputados/expediente/2026/496
diputados,495,00495-2026-2031-CD,2026-10-02,CÁMARA DE DIPUTADOS - ACTUALIZACIÓN,,EN COMISIÓN,Primera Legislatura Ordinaria 2026,"ACTUALIZACIÓN DE CONFORMIDAD CON EL ACUERDO DE JUNTA DE PORTAVOCES N° 031-2026-2027/JUNTA CÁMARA DE DIPUTADOS ADOPTADO EN SESIÓN DEL 8 DE SETIEMBRE DE 2026 - (ANTES PL 13517/2025-PJ – PODER JUDICIAL).  
PROPOSICIÓN LEGISLATIVA QUE FIJA EL PORCENTAJE DE APORTACIÓN DE LOS TRABAJADORES DEL SECTOR PÚBLICO NACIONAL COMPRENDIDOS EN EL RÉGIMEN DEL DECRETO LEY 20530.
",0,https://wb2server.congreso.gob.pe/spley-portal/#/diputados/expediente/2026/495
diputados,494,00494-2026-2031-CD,2026-10-02,Cámara de Diputados,Partido del Buen Gobierno,EN COMISIÓN,Primera Legislatura Ordinaria 2026,"PROPOSICIÓN LEGISLATIVA QUE FORTALECE EL CONTENIDO DEL DECRETO LEGISLATIVO N° 635 CÓDIGO PENAL, DEROGA LA LEY 32104 Y MODIFICA LA LEY 30424, CON EL OBJETIVO DE REFORZAR LA LUCHA CONTRA LA INSEGURIDAD CIUDADANA Y LA CRIMINALIDAD ORGANIZADA",6,https://wb2server.congreso.gob.pe/spley-portal/#/diputados/expediente/2026/494
diputados,493,00493-2026-2031-CD,2026-10-02,CÁMARA DE DIPUTADOS - ACTUALIZACIÓN,,ACTUALIZADA,Primera Legislatura Ordinaria 2026,"ACTUALIZACIÓN DE CONFORMIDAD CON EL ACUERDO DE JUNTA DE PORTAVOCES N° 031-2026-2027/JUNTA CÁMARA DE DIPUTADOS ADOPTADO EN SESIÓN DEL 8 DE SETIEMBRE DE 2026 - (ANTES PL 12615/2025-PJ – PODER JUDICIAL). 
PROPOSICIÓN LEGISLATIVA QUE EXONERA AL PODER JUDICIAL DE TODA PROHIBICIÓN DE GASTO EN INGRESOS DEL PERSONAL QUE DISPONGA LA LEY DE PRESUPUESTO DEL SECTOR PÚBLICO PARA EL AÑO FISCAL 2026",0,https://wb2server.congreso.gob.pe/spley-portal/#/diputados/expediente/2026/493
diputados,492,00492-2026-2031-CD,2026-10-02,CÁMARA DE DIPUTADOS - ACTUALIZACIÓN,,EN COMISIÓN,Primera Legislatura Ordinaria 2026,"ACTUALIZACIÓN DE CONFORMIDAD CON EL ACUERDO DE JUNTA DE PORTAVOCES N° 031-2026-2027/JUNTA CÁMARA DE DIPUTADOS ADOPTADO EN SESIÓN DEL 8 DE SETIEMBRE DE 2026 - (ANTES PL 12552/2025-PJ – PODER JUDICIAL).  
PROPOSICIÓN LEGISLATIVA QUE MODIFICA Y REGULA EL TRÁMITE DE LA EJECUCIÓN DE LAS SENTENCIAS Y AUTOS DEFINITIVOS CON PRINCIPIO DE EJECUCIÓN EN MATERIAS NO PENALES.
",0,https://wb2server.congreso.gob.pe/spley-portal/#/diputados/expediente/2026/492
diputados,491,00491-2026-2031-CD,2026-10-02,CÁMARA DE DIPUTADOS - ACTUALIZACIÓN,,EN COMISIÓN,Primera Legislatura Ordinaria 2026,"ACTUALIZACIÓN DE CONFORMIDAD CON EL ACUERDO DE JUNTA DE PORTAVOCES N° 031-2026-2027/JUNTA CÁMARA DE DIPUTADOS ADOPTADO EN SESIÓN DEL 8 DE SETIEMBRE DE 2026 - (ANTES PL 12544/2025-PJ – PODER JUDICIAL). 
PROPOSICIÓN LEGISLATIVA QUE MODIFICA EL NUMERAL 3 DEL ARTÍCULO 32 DE LA LEY 27584 – LEY QUE REGULA EL PROCESO CONTENCIOSO ADMINISTRATIVO",0,https://wb2server.congreso.gob.pe/spley-portal/#/diputados/expediente/2026/491
diputados,490,00490-2026-2031-CD,2026-10-02,CÁMARA DE DIPUTADOS - ACTUALIZACIÓN,,EN COMISIÓN,Primera Legislatura Ordinaria 2026,"ACTUALIZACIÓN DE CONFORMIDAD CON EL ACUERDO DE JUNTA DE PORTAVOCES N° 031-2026-2027/JUNTA CÁMARA DE DIPUTADOS ADOPTADO EN SESIÓN DEL 8 DE SETIEMBRE DE 2026 - (ANTES PL 11960/2024-PJ – PODER JUDICIAL).  
PROPOSICIÓN LEGISLATIVA QUE MODIFICA EL PRIMER PÁRRAFO DEL ARTÍCULO VIII DEL TÍTULO PRELIMINAR DE LA LEY 31307 - NUEVO CÓDIGO PROCESAL CONSTITUCIONAL.
",0,https://wb2server.congreso.gob.pe/spley-portal/#/diputados/expediente/2026/490
diputados,489,00489-2026-2031-CD,2026-10-02,CÁMARA DE DIPUTADOS - ACTUALIZACIÓN,,EN COMISIÓN,Primera Legislatura Ordinaria 2026,"ACTUALIZACIÓN DE CONFORMIDAD CON EL ACUERDO DE JUNTA DE PORTAVOCES N° 031-2026-2027/JUNTA CÁMARA DE DIPUTADOS ADOPTADO EN SESIÓN DEL 8 DE SETIEMBRE DE 2026 - (ANTES PL 11959/2024-PJ – PODER JUDICIAL). 
PROPOSICIÓN LEGISLATIVA QUE MODIFICA EL ARTÍCULO 317 DEL CÓDIGO PENAL, DECRETO LEGISLATIVO 635 Y LA LEY 30077, LEY CONTRA EL CRIMEN ORGANIZADO",0,https://wb2server.congreso.gob.pe/spley-portal/#/diputados/expediente/2026/489
diputados,488,00488-2026-2031-CD,2026-10-02,CÁMARA DE DIPUTADOS - ACTUALIZACIÓN,,EN COMISIÓN,Primera Legislatura Ordinaria 2026,"ACTUALIZACIÓN DE CONFORMIDAD CON EL ACUERDO DE JUNTA DE PORTAVOCES N° 031-2026-2027/JUNTA CÁMARA DE DIPUTADOS ADOPTADO EN SESIÓN DEL 8 DE SETIEMBRE DE 2026 - (ANTES PL 11953/2024-PJ – PODER JUDICIAL).  
PROPOSICIÓN LEGISLATIVA QUE MODIFICA LA LEY 29277 — LEY DE LA CARRERA JUDICIAL Y EL DECRETO LEGISLATIVO 635 — CÓDIGO PENAL.
",0,https://wb2server.congreso.gob.pe/spley-portal/#/diputados/expediente/2026/488
diputados,487,00487-2026-2031-CD,2026-10-02,CÁMARA DE DIPUTADOS - ACTUALIZACIÓN,,EN COMISIÓN,Primera Legislatura Ordinaria 2026,"ACTUALIZACIÓN DE CONFORMIDAD CON EL ACUERDO DE JUNTA DE PORTAVOCES N° 031-2026-2027/JUNTA CÁMARA DE DIPUTADOS ADOPTADO EN SESIÓN DEL 8 DE SETIEMBRE DE 2026 - (ANTES PL 11712/2024-PJ – PODER JUDICIAL). 
PROPOSICIÓN LEGISLATIVA QUE DEROGA EL ARTÍCULO 52-A DE LA LEY 31307 - NUEVO CÓDIGO PROCESAL CONSTITUCIONAL",0,https://wb2server.congreso.gob.pe/spley-portal/#/diputados/expediente/2026/487
diputados,486,00486-2026-2031-CD,2026-10-02,CÁMARA DE DIPUTADOS - ACTUALIZACIÓN,,EN COMISIÓN,Primera Legislatura Ordinaria 2026,"ACTUALIZACIÓN DE CONFORMIDAD CON EL ACUERDO DE JUNTA DE PORTAVOCES N° 031-2026-2027/JUNTA CÁMARA DE DIPUTADOS ADOPTADO EN SESIÓN DEL 8 DE SETIEMBRE DE 2026 - (ANTES PL 11711/2024-PJ – PODER JUDICIAL).  
PROPOSICIÓN LEGISLATIVA QUE INCORPORA EL SEGUNDO PÁRRAFO DEL ARTÍCULO 68 DEL CÓDIGO PENAL, DECRETO LEGISLATIVO 635.
",0,https://wb2server.congreso.gob.pe/spley-portal/#/diputados/expediente/2026/486
diputados,485,00485-2026-2031-CD,2026-10-02,CÁMARA DE DIPUTADOS - ACTUALIZACIÓN,,EN COMISIÓN,Primera Legislatura Ordinaria 2026,"ACTUALIZACIÓN DE CONFORMIDAD CON EL ACUERDO DE JUNTA DE PORTAVOCES N° 031-2026-2027/JUNTA CÁMARA DE DIPUTADOS ADOPTADO EN SESIÓN DEL 8 DE SETIEMBRE DE 2026 - (ANTES PL 07777/2023-PJ – PODER JUDICIAL). 
PROPOSICIÓN LEGISLATIVA DE REFORMA CONSTITUCIONAL QUE MODIFICA EL LITERAL F, DEL NUMERAL 24, DEL ARTÍCULO 2 DE LA CONSTITUCIÓN POLÍTICA DEL PERÚ; REFORMA DE LOS NUMERALES 1 Y 4 DEL ARTÍCULO 264 DEL NUEVO CÓDIGO PROCESAL PENAL, RESPECTO AL PLAZO DE LA DETENCIÓN",0,https://wb2server.congreso.gob.pe/spley-portal/#/diputados/expediente/2026/485
diputados,484,00484-2026-2031-CD,2026-10-02,CÁMARA DE DIPUTADOS - ACTUALIZACIÓN,,EN COMISIÓN,Primera Legislatura Ordinaria 2026,"ACTUALIZACIÓN DE CONFORMIDAD CON EL ACUERDO DE JUNTA DE PORTAVOCES N° 031-2026-2027/JUNTA CÁMARA DE DIPUTADOS ADOPTADO EN SESIÓN DEL 8 DE SETIEMBRE DE 2026 - (ANTES PL 07702/2023-PJ – PODER JUDICIAL). 
PROPOSICIÓN LEGISLATIVA QUE MODIFICA DIVERSOS ARTÍCULOS DEL CÓDIGO PROCESAL CIVIL PARA LA IMPLEMENTACIÓN Y FORTALECIMIENTO DE LA ORALIDAD EN EL PROCESO CIVIL",0,https://wb2server.congreso.gob.pe/spley-portal/#/diputados/expediente/2026/484
diputados,483,00483-2026-2031-CD,2026-10-02,CÁMARA DE DIPUTADOS - ACTUALIZACIÓN,,EN COMISIÓN,Primera Legislatura Ordinaria 2026,"ACTUALIZACIÓN DE CONFORMIDAD CON EL ACUERDO DE JUNTA DE PORTAVOCES N° 031-2026-2027/JUNTA CÁMARA DE DIPUTADOS ADOPTADO EN SESIÓN DEL 8 DE SETIEMBRE DE 2026 - (ANTES PL 05855/2023-PJ – PODER JUDICIAL).  
PROPOSICIÓN LEGISLATIVA QUE MODIFICA DIVERSOS ARTÍCULOS DEL CÓDIGO PROCESAL CIVIL PARA LA IMPLEMENTACIÓN Y FORTALECIMIENTO DE LA ORALIDAD EN EL PROCESO CIVIL.
",0,https://wb2server.congreso.gob.pe/spley-portal/#/diputados/expediente/2026/483
diputados,482,00482-2026-2031-CD,2026-10-02,CÁMARA DE DIPUTADOS - ACTUALIZACIÓN,,ACTUALIZADA,Primera Legislatura Ordinaria 2026,"ACTUALIZACIÓN DE CONFORMIDAD CON EL ACUERDO DE JUNTA DE PORTAVOCES N° 031-2026-2027/JUNTA CÁMARA DE DIPUTADOS ADOPTADO EN SESIÓN DEL 8 DE SETIEMBRE DE 2026 - (ANTES PL 05716/2023-PJ – PODER JUDICIAL).  
PROPOSICIÓN LEGISLATIVA QUE ESTABLECE MEDIDAS DE FORTALECIMIENTO DEL SISTEMA DE CORRUPCIÓN DE FUNCIONARIOS DEL PODER JUDICIAL.",0,https://wb2server.congreso.gob.pe/spley-portal/#/diputados/expediente/2026/482
diputados,481,00481-2026-2031-CD,2026-10-02,CÁMARA DE DIPUTADOS - ACTUALIZACIÓN,,EN COMISIÓN,Primera Legislatura Ordinaria 2026,"ACTUALIZACIÓN DE CONFORMIDAD CON EL ACUERDO DE JUNTA DE PORTAVOCES N° 031-2026-2027/JUNTA CÁMARA DE DIPUTADOS ADOPTADO EN SESIÓN DEL 8 DE SETIEMBRE DE 2026 - (ANTES PL 05854/2023-PJ – PODER JUDICIAL).
PROPOSICIÓN LEGISLATIVA QUE REGULA EL EXPEDIENTE JUDICIAL ELECTRÓNICO",0,https://wb2server.congreso.gob.pe/spley-portal/#/diputados/expediente/2026/481
diputados,480,00480-2026-2031-CD,2026-10-02,Cámara de Diputados,Renovación Popular,EN COMISIÓN,Primera Legislatura Ordinaria 2026,PROPOSICIÓN LEGISLATIVA QUE FORTALECE LA RESPUESTA FRENTE A LOS DELITOS GRAVES COMETIDOS POR ADOLESCENTES Y SANCIONA SU RECLUTAMIENTO CRIMINAL.,7,https://wb2server.congreso.gob.pe/spley-portal/#/diputados/expediente/2026/480
diputados,479,00479-2026-2031-CD,2026-10-01,CÁMARA DE DIPUTADOS - ACTUALIZACIÓN,,EN COMISIÓN,Primera Legislatura Ordinaria 2026,"ACTUALIZACIÓN DE CONFORMIDAD CON EL ACUERDO DE JUNTA DE PORTAVOCES N° 031-2026-2027/JUNTA CÁMARA DE DIPUTADOS ADOPTADO EN SESIÓN DEL 8 DE SETIEMBRE DE 2026 - (ANTES PL 03265/2022-PJ – PODER JUDICIAL).  
PROPOSICIÓN LEGISLATIVA DE LA CARRERA DEL TRABAJADOR JURISDICCIONAL DEL PODER JUDICIAL.
",0,https://wb2server.congreso.gob.pe/spley-portal/#/diputados/expediente/2026/479
diputados,478,00478-2026-2031-CD,2026-10-01,CÁMARA DE DIPUTADOS - ACTUALIZACIÓN,,ACTUALIZADA,Primera Legislatura Ordinaria 2026,"ACTUALIZACIÓN DE CONFORMIDAD CON EL ACUERDO DE JUNTA DE PORTAVOCES N° 031-2026-2027/JUNTA CÁMARA DE DIPUTADOS ADOPTADO EN SESIÓN DEL 8 DE SETIEMBRE DE 2026 - (ANTES PL 02662/2021-PJ – PODER JUDICIAL).  
PROPOSICIÓN LEGISLATIVA QUE MODIFICA EL ARTÍCULO CUARTO DE LA LEY 31131 Y PERMITE EL INCREMENTO DE LA CONTRAPRESTACIÓN ECONÓMICA DE LOS TRABAJADORES CAS DEL PODER JUDICIAL",0,https://wb2server.congreso.gob.pe/spley-portal/#/diputados/expediente/2026/478
diputados,477,00477-2026-2031-CD,2026-10-01,Cámara de Diputados,Partido del Buen Gobierno,EN COMISIÓN,Primera Legislatura Ordinaria 2026,"PROPOSICIÓN LEGISLATIVA QUE FORTALECE LA FIGURA DE LA EXTINCIÓN DE DOMINIO, CON EL OBJETIVO DE LUCHAR FRONTALMENTE CONTRA EL CRIMEN ORGANIZADO Y EL LAVADO DE ACTIVOS.",6,https://wb2server.congreso.gob.pe/spley-portal/#/diputados/expediente/2026/477
diputados,476,00476-2026-2031-CD,2026-10-01,Cámara de Diputados,Juntos por el Perú,EN COMISIÓN,Primera Legislatura Ordinaria 2026,PROPOSICIÓN LEGISLATIVA QUE INCORPORA EL SERVICIO DE ALIMENTACIÓN ESTUDIANTIL PARA LOS ESTUDIANTES DE LOS INSTITUTOS Y ESCUELAS DE EDUCACIÓN SUPERIOR PÚBLICOS.,7,https://wb2server.congreso.gob.pe/spley-portal/#/diputados/expediente/2026/476
diputados,475,00475-2026-2031-CD,2026-10-01,Cámara de Diputados,Partido del Buen Gobierno,EN COMISIÓN,Primera Legislatura Ordinaria 2026,"PROPOSICIÓN LEGISLATIVA QUE MODIFICA LA LEY 30077, LEY CONTRA EL CRIMEN ORGANIZADO, EL ARTÍCULO 317 DEL DECRETO LEGISLATIVO 635, CÓDIGO PENAL Y LA LEY 27379, LEY DE PROCEDIMIENTO PARA ADOPTAR MEDIDAS EXCEPCIONALES DE LIMITACIÓN DE DERECHOS EN INVESTIGACIONES PRELIMINARES, CON EL OBJETIVO DE MEJORAR LAS CONDICIONES PARA UNA ADECUADA LUCHA CONTRA EL CRIMEN ORGANIZADO.",6,https://wb2server.congreso.gob.pe/spley-portal/#/diputados/expediente/2026/475
diputados,474,00474-2026-2031-CD,2026-10-01,Cámara de Diputados,Partido del Buen Gobierno,EN COMISIÓN,Primera Legislatura Ordinaria 2026,"PROPOSICIÓN LEGISLATIVA QUE DEROGA LA LEY 31810, LEY QUE MODIFICA LA LEY 29158 RESPECTO AL ENCARGO DEL DESPACHO DE LA PRESIDENCIA DE LA REPÚBLICA Y DE SU GESTIÓN A TRAVÉS DE TECNOLOGIAS DIGITALES.",6,https://wb2server.congreso.gob.pe/spley-portal/#/diputados/expediente/2026/474
diputados,473,00473-2026-2031-CD,2026-10-01,Cámara de Diputados,Juntos por el Perú,EN COMISIÓN,Primera Legislatura Ordinaria 2026,"PROPOSICIÓN LEGISLATIVA QUE MODIFICA LOS ARTÍCULOS 23 Y 27 Y DEROGA EL LITERAL C) DEL ARTÍCULO 53 DE LA LEY N° 29944, LEY DE REFORMA MAGISTERIAL, PARA ESTABLECER EL CARÁCTER FORMATIVO Y NO PUNITIVO DE LA EVALUACIÓN DEL DESEMPEÑO DOCENTE Y GARANTIZAR LA PERMANENCIA EN LA CARRERA PÚBLICA MAGISTERIAL.",7,https://wb2server.congreso.gob.pe/spley-portal/#/diputados/expediente/2026/473
diputados,472,00472-2026-2031-CD,2026-10-01,Cámara de Diputados,Renovación Popular,EN COMISIÓN,Primera Legislatura Ordinaria 2026,"PROPOSICIÓN LEGISLATIVA QUE PROTEGE LA SALUD MENTAL DE NIÑAS, NIÑOS Y ADOLESCENTES FRENTE A LOS RIESGOS DEL ENTORNO DIGITAL.",7,https://wb2server.congreso.gob.pe/spley-portal/#/diputados/expediente/2026/472
diputados,471,00471-2026-2031-CD,2026-10-01,Cámara de Diputados,Renovación Popular,EN COMISIÓN,Primera Legislatura Ordinaria 2026,PROPOSICIÓN LEGISLATIVA QUE MODIFICA EL CÓDIGO PENAL Y EL CÓDIGO PROCESAL PENAL PARA IMPEDIR LA IMPUNIDAD.,7,https://wb2server.congreso.gob.pe/spley-portal/#/diputados/expediente/2026/471
diputados,470,00470-2026-2031-CD,2026-10-01,Cámara de Diputados,Renovación Popular,EN COMISIÓN,Primera Legislatura Ordinaria 2026,PROPOSICIÓN LEGISLATIVA QUE PROMUEVE EL FORTALECIMIENTO Y EXPANSIÓN DE LOS HOSPITALES DE LA SOLIDARIDAD EN EL PERÚ.,15,https://wb2server.congreso.gob.pe/spley-portal/#/diputados/expediente/2026/470
diputados,469,00469-2026-2031-CD,2026-10-01,Cámara de Diputados,Juntos por el Perú,EN COMISIÓN,Primera Legislatura Ordinaria 2026,PROPOSICIÓN LEGISLATIVA QUE AUTORIZA EL RETIRO EXTRAORDINARIO Y FACULTATIVO DE HASTA CUATRO UNIDADES IMPOSITIVAS TRIBUTARIAS (4 UIT) DE LOS FONDOS DE LOS AFILIADOS AL SISTEMA PRIVADO DE PENSIONES PARA MITIGAR LOS EFECTOS ECONÓMICOS DEL FENÓMENO “EL NIÑO”.,5,https://wb2server.congreso.gob.pe/spley-portal/#/diputados/expediente/2026/469
diputados,468,00468-2026-2031-CD,2026-10-01,Cámara de Diputados,Juntos por el Perú,EN COMISIÓN,Primera Legislatura Ordinaria 2026,"PROPOSICIÓN LEGISLATIVA QUE DEROGA LA LEY 31473, LEY QUE REGULA LA CONTRATACIÓN DE PENSIONISTAS DE LAS FUERZAS ARMADAS Y DE LA POLICÍA NACIONAL DEL PERÚ.",6,https://wb2server.congreso.gob.pe/spley-portal/#/diputados/expediente/2026/468
diputados,467,00467-2026-2031-CD,2026-10-01,Cámara de Diputados,Juntos por el Perú,EN COMISIÓN,Primera Legislatura Ordinaria 2026,PROPOSICIÓN LEGISLATIVA QUE DEROGA LA LEY 32735 Y RESTITUYE EL RÉGIMEN JURÍDICO ANTERIOR EN MATERIA DE DELITO DE FUNCIÓN Y COMPETENCIA JURISDICCIONAL.,5,https://wb2server.congreso.gob.pe/spley-portal/#/diputados/expediente/2026/467
diputados,466,00466-2026-2031-CD,2026-10-01,Cámara de Diputados,Juntos por el Perú,EN COMISIÓN,Primera Legislatura Ordinaria 2026,"PROPOSICIÓN LEGISLATIVA DE REFORMA CONSTITUCIONAL QUE MODIFICA LOS ARTÍCULOS 102-A, 102-B, 105, 106, 108 Y 206 DE LA CONSTITUCIÓN POLÍTICA DEL PERÚ PARA ESTABLECER EL EQUILIBRIO ENTRE EL SENADO Y LA CÁMARA DE DIPUTADOS EN LOS PROCEDIMIENTOS LEGISLATIVOS.",6,https://wb2server.congreso.gob.pe/spley-portal/#/diputados/expediente/2026/466
diputados,465,00465-2026-2031-CD,2026-10-01,Cámara de Diputados,Partido del Buen Gobierno,EN COMISIÓN,Primera Legislatura Ordinaria 2026,"PROPOSICIÓN LEGISLATIVA QUE MODIFICA LA LEY 30150, LEY DE PROTECCIÓN DE LAS PERSONAS CON TRASTORNO DEL ESPECTRO AUTISTA (TEA), PARA FORTALECER EL ACCESO A PRESTACIONES DE HABILITACIÓN Y REHABILITACIÓN EN SALUD Y PROMOVER SU INCLUSIÓN LABORAL",8,https://wb2server.congreso.gob.pe/spley-portal/#/diputados/expediente/2026/465
diputados,464,00464-2026-2031-CD,2026-10-01,Cámara de Diputados,Juntos por el Perú,EN COMISIÓN,Primera Legislatura Ordinaria 2026,PROPOSICIÓN LEGISLATIVA QUE ESTABLECE EL RÉGIMEN DE ADECUACIÓN HÍDRICA PARA LA GARANTÍA DEL USO PRIORITARIO DEL AGUA PARA CONSUMO HUMANO.,6,https://wb2server.congreso.gob.pe/spley-portal/#/diputados/expediente/2026/464
diputados,463,00463-2026-2031-CD,2026-09-30,Cámara de Diputados,Juntos por el Perú,EN COMISIÓN,Primera Legislatura Ordinaria 2026,"PROPOSICIÓN LEGISLATIVA QUE INCORPORA LA QUINTA DISPOSICION COMPLEMENTARIA FINAL A LA LEY 32412 PARA ESTABLECER UN REGIMEN DIFERENCIADO PARA LAS GASOLINAS, GASOHOLES Y DIESEL EN EL DISTRITO DE TAMBOPATA, PROVINCIA DE TAMBOPATA, DEPARTAMENTO DE MADRE DE DIOS.",6,https://wb2server.congreso.gob.pe/spley-portal/#/diputados/expediente/2026/463
diputados,462,00462-2026-2031-CD,2026-09-30,Cámara de Diputados,Fuerza Popular,EN COMISIÓN,Primera Legislatura Ordinaria 2026,PROPOSICIÓN LEGISLATIVA QUE DISPONE EL USO DE EQUIPOS BIOMÉTRICOS DACTILARES EN LOS SERVICIOS DE EMERGENCIAS.,6,https://wb2server.congreso.gob.pe/spley-portal/#/diputados/expediente/2026/462
diputados,461,00461-2026-2031-CD,2026-09-30,PODER EJECUTIVO,,EN COMISIÓN,Primera Legislatura Ordinaria 2026,PROPOSICIÓN LEGISLATIVA QUE ESTABLECE UN PERIODO DE MORATORIA PARA LA CREACIÓN Y AUTORIZACIÓN DE FUNCIONAMIENTO DE NUEVAS UNIVERSIDADES PÚBLICA.,0,https://wb2server.congreso.gob.pe/spley-portal/#/diputados/expediente/2026/461
diputados,460,00460-2026-2031-CD,2026-09-29,Cámara de Diputados,Partido del Buen Gobierno,EN COMISIÓN,Primera Legislatura Ordinaria 2026,"PROPOSICIÓN LEGISLATIVA QUE MODIFICA E INCORPORA DISPOSICIONES A LA LEY 32024, LEY QUE OTORGA A LA MUNICIPALIDAD DISTRITAL DE MAJES, EXCEPCIONALMENTE, LA FACULTAD DE VENDER, CON FINES DE DESARROLLO URBANO, EN FORMA DIRECTA A FAVOR DE TERCEROS LOS PREDIOS DE DOMINIO PRIVADO QUE LE FUERON TRANSFERIDOS MEDIANTE LA LEY 28099, PARA GARANTIZAR LA FORMALIZACIÓN DE LA POSESIÓN Y REDUCIR SUS COSTOS.",5,https://wb2server.congreso.gob.pe/spley-portal/#/diputados/expediente/2026/460
diputados,459,00459-2026-2031-CD,2026-09-29,Cámara de Diputados,Juntos por el Perú,EN COMISIÓN,Primera Legislatura Ordinaria 2026,"PROPOSICIÓN LEGISLATIVA QUE MODIFICA LA LEY 29719, LEY QUE PROMUEVE LA CONVIVENCIA SIN VIOLENCIA EN LAS INSTITUCIONES EDUCATIVAS, PARA FORTALECER LAS MEDIDAS FRENTE AL ACOSO Y LA VIOLENCIA ESCOLAR.",6,https://wb2server.congreso.gob.pe/spley-portal/#/diputados/expediente/2026/459
diputados,458,00458-2026-2031-CD,2026-09-29,Cámara de Diputados,Juntos por el Perú,EN COMISIÓN,Primera Legislatura Ordinaria 2026,"PROPOSICIÓN LEGISLATIVA QUE DEROGA LOS DECRETOS DE URGENCIA 010-2025 Y 003-2026, A FIN DE EVITAR LA PRIVATIZACIÓN DE PETROPERÚ S.A. Y ESTABLECE MEDIDAS URGENTES PARA SU FORTALECIMIENTO FINANCIERO.",6,https://wb2server.congreso.gob.pe/spley-portal/#/diputados/expediente/2026/458
diputados,457,00457-2026-2031-CD,2026-09-29,Cámara de Diputados,Juntos por el Perú,EN COMISIÓN,Primera Legislatura Ordinaria 2026,PROPOSICIÓN LEGISLATIVA QUE PROMUEVE UNA MEJOR ATENCIÓN A LAS PERSONAS CON DISCAPACIDAD.,6,https://wb2server.congreso.gob.pe/spley-portal/#/diputados/expediente/2026/457
diputados,456,00456-2026-2031-CD,2026-09-29,Cámara de Diputados,Juntos por el Perú,EN COMISIÓN,Primera Legislatura Ordinaria 2026,"PROPOSICIÓN LEGISLATIVA QUE RECONOCE EL AGUA COMO DERECHO HUMANO FUNDAMENTAL, PROHÍBE SU PRIVATIZACIÓN Y GARANTIZA EL ACCESO UNIVERSAL.",8,https://wb2server.congreso.gob.pe/spley-portal/#/diputados/expediente/2026/456
diputados,455,00455-2026-2031-CD,2026-09-29,Cámara de Diputados,Renovación Popular,EN COMISIÓN,Primera Legislatura Ordinaria 2026,"PROPOSICIÓN LEGISLATIVA QUE FORTALECE LA AUTORIDAD PEDAGÓGICA, LA DISCIPLINA Y LA CONVIVENCIA ESCOLAR.",10,https://wb2server.congreso.gob.pe/spley-portal/#/diputados/expediente/2026/455
diputados,454,00454-2026-2031-CD,2026-09-29,Cámara de Diputados,Ahora Nación,EN COMISIÓN,Primera Legislatura Ordinaria 2026,PROPOSICIÓN DE REFORMA CONSTITUCIONAL QUE RESTABLECE EL EQUILIBRIO ENTRE SENADORES Y DIPUTADOS.,6,https://wb2server.congreso.gob.pe/spley-portal/#/diputados/expediente/2026/454
diputados,453,00453-2026-2031-CD,2026-09-28,Cámara de Diputados,Juntos por el Perú,PRESENTADO,Primera Legislatura Ordinaria 2026,PROPOSICIÓN LEGISLATIVA QUE TIPIFICA EL DELITO DE MANIPULACIÓN COORDINADA E INAUTÉNTICA DEL ECOSISTEMA DIGITAL Y ESTABLECE MEDIDAS DE PROTECCIÓN DE LA SOBERANÍA POPULAR EN PROCESOS ELECTORALES.,6,https://wb2server.congreso.gob.pe/spley-portal/#/diputados/expediente/2026/453
diputados,452,00452-2026-2031-CD,2026-09-28,Cámara de Diputados,Juntos por el Perú,PRESENTADO,Primera Legislatura Ordinaria 2026,"PROPOSICIÓN DE RESOLUCIÓN LEGISLATIVA QUE MODIFICA EL ART 45 DEL REGLAMENTO DE LA CÁMARA DE DIPUTADOS DEL CONGRESO DE LA REPÚBLICA, Y CREA LA COMISIÓN ORDINARIA DE LAS PERSONAS CON DISCAPACIDAD",6,https://wb2server.congreso.gob.pe/spley-portal/#/diputados/expediente/2026/452
diputados,451,00451-2026-2031-CD,2026-09-28,Cámara de Diputados,Juntos por el Perú,EN COMISIÓN,Primera Legislatura Ordinaria 2026,"PROPOSICIÓN LEGISLATIVA QUE RECONOCE LA CONDICIÓN DE ELEGIBLES Y ESTABLECE SU REGISTRO PARA LA ASIGNACIÓN PROGRESIVA DE PLAZAS EN EL SEGURO SOCIAL DE SALUD – ESSALUD, EN EL MARCO DEL PROCESO DE PROMOCIÓN INTERNA 2025–2026 DE FORMA EXCEPCIONAL Y POR ÚNICA VEZ.",6,https://wb2server.congreso.gob.pe/spley-portal/#/diputados/expediente/2026/451
diputados,450,00450-2026-2031-CD,2026-09-28,Cámara de Diputados,Renovación Popular,EN COMISIÓN,Primera Legislatura Ordinaria 2026,PROPOSICIÓN LEGISLATIVA QUE AUTORIZA EXCEPCIONALMENTE EL NOMBRAMIENTO DE DOCENTES DE LA EDUCACIÓN BÁSICA QUE QUEDARON HABILITADOS EN EL CONCURSO PÚBLICO DE INGRESO A LA CARRERA PÚBLICA MAGISTERIAL 2022 Y 2024.,6,https://wb2server.congreso.gob.pe/spley-portal/#/diputados/expediente/2026/450
diputados,449,00449-2026-2031-CD,2026-09-28,Cámara de Diputados,Partido Cívico Obras,PRESENTADO,Primera Legislatura Ordinaria 2026,PROPOSICIÓN LEGISLATIVA QUE RESTITUYE EL DERECHO A LOS CENTROS POBLADOS A PARTICIPAR DE LA DISTRIBUCIÓN DIRECTA DEL CANON.,5,https://wb2server.congreso.gob.pe/spley-portal/#/diputados/expediente/2026/449
diputados,448,00448-2026-2031-CD,2026-09-28,Cámara de Diputados,Renovación Popular,PRESENTADO,Primera Legislatura Ordinaria 2026,PROPOSICIÓN LEGISLATIVA QUE REGULA EL IMPEDIMENTO Y LA ABSTENCIÓN DEL PERSONAL DE LA POLICÍA NACIONAL DEL PERÚ EN LA FUNCIÓN DE INVESTIGACIÓN DEL DELITO.,7,https://wb2server.congreso.gob.pe/spley-portal/#/diputados/expediente/2026/448
diputados,447,00447-2026-2031-CD,2026-09-28,Cámara de Diputados,Renovación Popular,EN COMISIÓN,Primera Legislatura Ordinaria 2026,PROPOSICIÓN LEGISLATIVA QUE FORTALECE LA PROTECCIÓN PENAL DE NIÑOS Y ADOLESCENTES FRENTE AL USO MALICIOSO DE SISTEMAS BASADOS EN INTELIGENCIA ARTIFICIAL Y REGULA EL RETIRO URGENTE DE CONTENIDO DIGITAL LESIVO,7,https://wb2server.congreso.gob.pe/spley-portal/#/diputados/expediente/2026/447
diputados,446,00446-2026-2031-CD,2026-09-28,Cámara de Diputados,Renovación Popular,EN COMISIÓN,Primera Legislatura Ordinaria 2026,PROPOSICIÓN LEGISLATIVA QUE FORTALECE LA PROTECCIÓN DE LOS ESTUDIANTES FRENTE A LA VIOLENCIA EN LAS INSTITUCIONES EDUCATIVAS.,7,https://wb2server.congreso.gob.pe/spley-portal/#/diputados/expediente/2026/446
diputados,445,00445-2026-2031-CD,2026-09-28,Cámara de Diputados,Juntos por el Perú,EN COMISIÓN,Primera Legislatura Ordinaria 2026,"PROPOSICIÓN LEGISLATIVA QUE MODIFICA EL ARTÍCULO 206-A DEL CÓDIGO PENAL, DECRETO LEGISLATIVO N.° 635, PARA INCORPORAR AGRAVANTES AL DELITO DE ABANDONO Y ACTOS DE CRUELDAD CONTRA ANIMALES DOMÉSTICOS Y SILVESTRES.",7,https://wb2server.congreso.gob.pe/spley-portal/#/diputados/expediente/2026/445
diputados,444,00444-2026-2031-CD,2026-09-28,Cámara de Diputados,Partido Cívico Obras,EN COMISIÓN,Primera Legislatura Ordinaria 2026,PROPOSICIÓN LEGISLATIVA DEL CORREDOR ECONÓMICO DE LA SELVA CENTRAL.,5,https://wb2server.congreso.gob.pe/spley-portal/#/diputados/expediente/2026/444
diputados,443,00443-2026-2031-CD,2026-09-28,Cámara de Diputados,Partido Cívico Obras,EN COMISIÓN,Primera Legislatura Ordinaria 2026,"PROPOSICIÓN LEGISLATIVA QUE MODIFICA LOS NUMERALES 12 Y 14 DEL ARTÍCULO 4 DE LA LEY 32290, LEY QUE CREA LA UNIVERSIDAD NACIONAL DE DESAGUADERO EN EL DEPARTAMENTO DE PUNO, A FIN DE ADECUAR LA DENOMINACIÓN DE LAS CARRERAS PROFESIONALES DE INGENIERÍA ECONÓMICA Y MEDICINA HUMANA.",5,https://wb2server.congreso.gob.pe/spley-portal/#/diputados/expediente/2026/443
diputados,442,00442-2026-2031-CD,2026-09-28,Colegios Profesionales,,EN COMISIÓN,Primera Legislatura Ordinaria 2026,PROPOSICIÓN LEGISLATIVA PARA GARANTIZAR LA CALIDAD DE LA FORMACIÓN PROFESIONAL DEL MÉDICO CIRUJANO EN EL PERÚ.,0,https://wb2server.congreso.gob.pe/spley-portal/#/diputados/expediente/2026/442
diputados,441,00441-2026-2031-CD,2026-09-28,Colegios Profesionales,,EN COMISIÓN,Primera Legislatura Ordinaria 2026,PROPOSICIÓN LEGISLATIVA DE REFORMA DEL SERVICIO RURAL Y URBANO MÁRGINAL DE SALUD - SERUMS,0,https://wb2server.congreso.gob.pe/spley-portal/#/diputados/expediente/2026/441
diputados,440,00440-2026-2031-CD,2026-09-28,Cámara de Diputados,Fuerza Popular,EN COMISIÓN,Primera Legislatura Ordinaria 2026,"PROPOSICIÓN LEGISLATIVA QUE MODIFICA LA LEY 32461, A FIN DE CAMBIAR LA DENOMINACIÓN DE LA UNIVERSIDAD NACIONAL AUTÓNOMA DE CHICLAYO POR LA DE UNIVERSIDAD NACIONAL LEÓN XIV DE CHICLAYO.",5,https://wb2server.congreso.gob.pe/spley-portal/#/diputados/expediente/2026/440
diputados,439,00439-2026-2031-CD,2026-09-28,Cámara de Diputados,Ahora Nación,EN COMISIÓN,Primera Legislatura Ordinaria 2026,PROPOSICIÓN LEGISLATIVA QUE PRORROGA POR TRES AÑOS LAS EXONERACIONES DEL IMPUESTO A LA RENTA APLICABLES A LOS INTERESES DE LOS DEPÓSITOS DE AHORRO Y FORTALECE LA INCLUSIÓN FINANCIERA.,6,https://wb2server.congreso.gob.pe/spley-portal/#/diputados/expediente/2026/439
diputados,438,00438-2026-2031-CD,2026-09-25,Cámara de Diputados,Partido Cívico Obras,EN COMISIÓN,Primera Legislatura Ordinaria 2026,"PROPOSICIÓN LEGISLATIVA QUE MODIFICA EL ARTÍCULO 13 DE LA LEY 27803, PARA RECONOCER EL PERIODO DE CESE IRREGULAR EN EL CÁLCULO DE LA COMPENSACIÓN POR TIEMPO DE SERVICIO DE LOS TRABAJADORES ACTIVOS DE LOS REGÍMENES LABORALES 276 Y 728.",5,https://wb2server.congreso.gob.pe/spley-portal/#/diputados/expediente/2026/438
diputados,437,00437-2026-2031-CD,2026-09-25,Cámara de Diputados,Fuerza Popular,EN COMISIÓN,Primera Legislatura Ordinaria 2026,PROPOSICIÓN LEGISLATIVA PARA PREVENIR Y REDUCIR LA ANEMIA Y LA DESNUTRICIÓN INFANTIL.,6,https://wb2server.congreso.gob.pe/spley-portal/#/diputados/expediente/2026/437
diputados,436,00436-2026-2031-CD,2026-09-25,Cámara de Diputados,Ahora Nación,EN COMISIÓN,Primera Legislatura Ordinaria 2026,PROPOSICIÓN LEGISLATIVA DE RESOLUCIÓN LEGISLATIVA QUE MODIFICA EL REGLAMENTO DE LA CÁMARA DE DIPUTADOS Y CREA LA COMISIÓN DE INTELIGENCIA DE LA CÁMARA DE DIPUTADOS.,6,https://wb2server.congreso.gob.pe/spley-portal/#/diputados/expediente/2026/436
diputados,435,00435-2026-2031-CD,2026-09-25,Cámara de Diputados,Fuerza Popular,EN COMISIÓN,Primera Legislatura Ordinaria 2026,PROPOSICIÓN LEGISLATIVA QUE ESTABLECE MEDIDAS ESPECIALES PARA LA PROTECCIÓN DE LAS ESPECIES NATIVAS DE ALGARROBO.,8,https://wb2server.congreso.gob.pe/spley-portal/#/diputados/expediente/2026/435
diputados,434,00434-2026-2031-CD,2026-09-24,Cámara de Diputados,Ahora Nación,EN COMISIÓN,Primera Legislatura Ordinaria 2026,PROPOSICIÓN LEGISLATIVA QUE FORTALECE LA LUCHA CONTRA EL CRIMEN ORGANIZADO E INCORPORA LA VIGILANCIA AÉREA Y LA INSTRUMENTALIZACIÓN DE NAVES NO TRIPULADAS COMO CIRCUNSTANCIAS AGRAVANTES EN EL ARTÍCULO 46 DEL CÓDIGO PENAL.,5,https://wb2server.congreso.gob.pe/spley-portal/#/diputados/expediente/2026/434
diputados,433,00433-2026-2031-CD,2026-09-24,Cámara de Diputados,Juntos por el Perú,EN COMISIÓN,Primera Legislatura Ordinaria 2026,PROPOSICIÓN LEGISLATIVA QUE PROMUEVE OPORTUNIDADES LABORALES A LOS JÓVENES.,6,https://wb2server.congreso.gob.pe/spley-portal/#/diputados/expediente/2026/433
diputados,432,00432-2026-2031-CD,2026-09-24,Cámara de Diputados,Partido Cívico Obras,EN COMISIÓN,Primera Legislatura Ordinaria 2026,PROPOSICIÓN LEGISLATIVA DE RESOLUCIÓN LEGISLATIVA QUE RESTITUYE LA COMISIÓN DE INCLUSIÓN SOCIAL Y PERSONAS CON DISCAPACIDAD COMO COMISIÓN ORDINARIA LEGISLATIVA.,6,https://wb2server.congreso.gob.pe/spley-portal/#/diputados/expediente/2026/432
diputados,431,00431-2026-2031-CD,2026-09-24,Cámara de Diputados,Juntos por el Perú,EN COMISIÓN,Primera Legislatura Ordinaria 2026,PROPOSICIÓN LEGISLATIVA QUE PRIORIZA EL RECONOCIMIENTO DE LAS 284 LAGUNAS DEL ALTO PERÚ COMO PARTE DEL SITIO RAMSAR.,7,https://wb2server.congreso.gob.pe/spley-portal/#/diputados/expediente/2026/431
diputados,430,00430-2026-2031-CD,2026-09-24,Cámara de Diputados,Renovación Popular,EN COMISIÓN,Primera Legislatura Ordinaria 2026,PROPOSICIÓN LEGISLATIVA QUE FORTALECE LAS ACCIONES DE ESTERILIZACIÓN DE PERROS Y GATOS A CARGO DE LOS GOBIERNOS LOCALES.,6,https://wb2server.congreso.gob.pe/spley-portal/#/diputados/expediente/2026/430
diputados,429,00429-2026-2031-CD,2026-09-23,Cámara de Diputados,Juntos por el Perú,EN COMISIÓN,Primera Legislatura Ordinaria 2026,PROPOSICIÓN LEGISLATIVA QUE ESTABLECE MEDIDAS PARA EL PAGO OPORTUNO DE LA COMPENSACIÓN POR TIEMPO DE SERVICIOS Y DE LOS SUBSIDIOS POR FALLECIMIENTO Y POR GASTOS DE SEPELIO DEL PERSONAL ADMINISTRATIVO DEL SECTOR EDUCACIÓN COMPRENDIDO EN EL RÉGIMEN LABORAL DEL DECRETO LEGISLATIVO 276.,7,https://wb2server.congreso.gob.pe/spley-portal/#/diputados/expediente/2026/429
diputados,428,00428-2026-2031-CD,2026-09-23,Cámara de Diputados,Juntos por el Perú,EN COMISIÓN,Primera Legislatura Ordinaria 2026,"PROPOSICIÓN LEGISLATIVA QUE FORTALECE LA PROTECCIÓN DE LA HOJA DE COCA Y SUS USOS CULTURALES TRADICIONALES, Y PROMUEVE LA INVESTIGACIÓN CIENTÍFICA, EL DESARROLLO TECNOLÓGICO Y EL APROVECHAMIENTO LÍCITO.",7,https://wb2server.congreso.gob.pe/spley-portal/#/diputados/expediente/2026/428
diputados,427,00427-2026-2031-CD,2026-09-23,Cámara de Diputados,Renovación Popular,EN COMISIÓN,Primera Legislatura Ordinaria 2026,PROPOSICIÓN LEGISLATIVA QUE FORTALECE EL PROGRAMA DE ALIMENTACIÓN ESCOLAR (PAE),6,https://wb2server.congreso.gob.pe/spley-portal/#/diputados/expediente/2026/427
diputados,426,00426-2026-2031-CD,2026-09-23,Cámara de Diputados,Fuerza Popular,EN COMISIÓN,Primera Legislatura Ordinaria 2026,"PROPOSICIÓN LEGISLATIVA QUE MODIFICA LA LEY 14702, A FIN DE DECLARAR EL 26 DE FEBRERO DE 1864 COMO FECHA DEL ESTABLECIMIENTO DEL PUERTO FLUVIAL DE IQUITOS",7,https://wb2server.congreso.gob.pe/spley-portal/#/diputados/expediente/2026/426
diputados,425,00425-2026-2031-CD,2026-09-23,Cámara de Diputados,Renovación Popular,EN COMISIÓN,Primera Legislatura Ordinaria 2026,PROPOSICIÓN LEGISLATIVA QUE PRECISA EL ÁMBITO LEGAL DE LA INVESTIGACIÓN PRELIMINAR Y FORTALECE LA SEGURIDAD JURÍDICA,10,https://wb2server.congreso.gob.pe/spley-portal/#/diputados/expediente/2026/425
diputados,424,00424-2026-2031-CD,2026-09-23,Cámara de Diputados,Renovación Popular,EN COMISIÓN,Primera Legislatura Ordinaria 2026,PROPOSICIÓN LEGISLATIVA DE RESOLUCIÓN LEGISLATIVA QUE MODIFICA EL REGLAMENTO DE LA CÁMARA DE DIPUTADOS PARA INCORPORAR LA COMISIÓN DE INTELIGENCIA,9,https://wb2server.congreso.gob.pe/spley-portal/#/diputados/expediente/2026/424
diputados,423,00423-2026-2031-CD,2026-09-23,Cámara de Diputados,Renovación Popular,EN COMISIÓN,Primera Legislatura Ordinaria 2026,PROPOSICIÓN LEGISLATIVA QUE RESTABLECE LAS COMPETENCIAS MUNICIPALES EN MATERIA DE TRANSPORTE URBANO EN LIMA Y CALLAO.,8,https://wb2server.congreso.gob.pe/spley-portal/#/diputados/expediente/2026/423
diputados,422,00422-2026-2031-CD,2026-09-23,Cámara de Diputados,Renovación Popular,EN COMISIÓN,Primera Legislatura Ordinaria 2026,PROPOSICIÓN LEGISLATIVA DE FORTALECIMIENTO DE LAS ASOCIACIONES PÚBLICO PRIVADAS.,5,https://wb2server.congreso.gob.pe/spley-portal/#/diputados/expediente/2026/422
diputados,421,00421-2026-2031-CD,2026-09-23,Cámara de Diputados,Fuerza Popular,EN COMISIÓN,Primera Legislatura Ordinaria 2026,PROPOSICIÓN LEGISLATIVA QUE FORTALECE EL CONTROL DE ARMAS DE FUEGO DE USO CIVIL Y LA PARTICIPACIÓN DE LA POLICÍA NACIONAL DEL PERÚ EN SU CONTROL Y TRAZABILIDAD.,6,https://wb2server.congreso.gob.pe/spley-portal/#/diputados/expediente/2026/421
diputados,420,00420-2026-2031-CD,2026-09-22,Cámara de Diputados,Juntos por el Perú,EN COMISIÓN,Primera Legislatura Ordinaria 2026,PROPOSICIÓN LEGISLATIVA QUE FORTALECE LA TRANSPARENCIA Y LA MERITOCRACIA PARA PREVENIR LA CORRUPCIÓN EN LOS PROCESOS DE ADMISIÓN INICIAL A LAS ESCUELAS DE FORMACIÓN PROFESIONAL DE LA PNP.,7,https://wb2server.congreso.gob.pe/spley-portal/#/diputados/expediente/2026/420
diputados,419,00419-2026-2031-CD,2026-09-22,Cámara de Diputados,Juntos por el Perú,EN COMISIÓN,Primera Legislatura Ordinaria 2026,PROPOSICIÓN LEGISLATIVA QUE ELIMINA EL TRATAMIENTO TRIBUTARIO PREFERENCIAL DE LAS GRANDES EMPRESAS AGROEXPORTADORAS.,5,https://wb2server.congreso.gob.pe/spley-portal/#/diputados/expediente/2026/419
diputados,418,00418-2026-2031-CD,2026-09-22,Cámara de Diputados,Juntos por el Perú,EN COMISIÓN,Primera Legislatura Ordinaria 2026,"PROPOSICIÓN LEGISLATIVA QUE ESTABLECE MEDIDAS EXTRAORDINARIAS PARA LA PROTECCIÓN, RECUPERACIÓN Y REACTIVACIÓN DE LA PESCA ARTESANAL FRENTE A EVENTOS OCEANOGRÁFICOS, CLIMÁTICOS, AMBIENTALES Y OTRAS CONTINGENCIAS QUE AFECTEN SU ACTIVIDAD.",6,https://wb2server.congreso.gob.pe/spley-portal/#/diputados/expediente/2026/418
diputados,417,00417-2026-2031-CD,2026-09-22,Cámara de Diputados,Juntos por el Perú,EN COMISIÓN,Primera Legislatura Ordinaria 2026,PROPOSICIÓN LEGISLATIVA QUE RECONOCE EL DERECHO DEL CONSUMIDOR A RECIBIR UNA REPARACIÓN DIRECTA Y OPORTUNA ANTE COBROS INDEBIDOS E INCUMPLIMIENTOS DEL PROVEEDOR.,6,https://wb2server.congreso.gob.pe/spley-portal/#/diputados/expediente/2026/417
diputados,416,00416-2026-2031-CD,2026-09-22,Cámara de Diputados,Juntos por el Perú,EN COMISIÓN,Primera Legislatura Ordinaria 2026,PROPOSICIÓN LEGISLATIVA QUE FORTALECE LA ALERTA CIUDADANA ANÓNIMA Y PROTEGE A QUIEN INFORMA SOBRE LA CRIMINALIDAD.,6,https://wb2server.congreso.gob.pe/spley-portal/#/diputados/expediente/2026/416
diputados,415,00415-2026-2031-CD,2026-09-22,Cámara de Diputados,Juntos por el Perú,EN COMISIÓN,Primera Legislatura Ordinaria 2026,"PROPOSICIÓN LEGISLATIVA QUE FORTALECE LA ATENCIÓN DE EMERGENCIAS Y DEL FENÓMENO EL NIÑO MEDIANTE OBRAS POR IMPUESTOS, SERVICIOS POR IMPUESTOS Y OTROS MECANISMOS DE INVERSIÓN Y EJECUCIÓN DE MANERA OPORTUNA.",6,https://wb2server.congreso.gob.pe/spley-portal/#/diputados/expediente/2026/415
diputados,414,00414-2026-2031-CD,2026-09-22,Colegios Profesionales,,EN COMISIÓN,Primera Legislatura Ordinaria 2026,"PROPOSICIÓN LEGISLATIVA QUE MODIFICA LA LEY N.°27853, PARA INCORPORAR LA ECOGRAFÍA OBSTÉTRICA DENTRO DEL ÁMBITO PROFESIONAL DEL OBSTETRA CON FORMACIÓN ACREDITADA Y FORTALECER SU ACCESO EN EL PRIMER NIVEL DE ATENCIÓN",0,https://wb2server.congreso.gob.pe/spley-portal/#/diputados/expediente/2026/414
diputados,413,00413-2026-2031-CD,2026-09-22,Cámara de Diputados,Partido del Buen Gobierno,EN COMISIÓN,Primera Legislatura Ordinaria 2026,"PROPOSICIÓN LEGISLATIVA QUE MODIFICA LA LEY Nº 28044, LEY GENERAL DE EDUCACIÓN, PARA GARANTIZAR LA CONTINUIDAD Y NIVELACIÓN EDUCATIVA DE NIÑAS, NIÑOS Y ADOLESCENTES EN SITUACIÓN DE EXTRAEDAD O ATRASO ESCOLAR.",13,https://wb2server.congreso.gob.pe/spley-portal/#/diputados/expediente/2026/413
diputados,412,00412-2026-2031-CD,2026-09-22,Colegios Profesionales,,EN COMISIÓN,Primera Legislatura Ordinaria 2026,PROPOSICIÓN LEGISLATIVA QUE MODIFICA LOS ARTÍCULOS 19 Y 20 DE LA LEY N.°27853 PARA GARANTIZAR LA ORGANIZACIÓN Y DIRECCIÓN DE OBSTETRICIA EN LOS ESTABLECIMIENTOS PÚBLICOS DE SALUD,0,https://wb2server.congreso.gob.pe/spley-portal/#/diputados/expediente/2026/412
diputados,411,00411-2026-2031-CD,2026-09-22,Cámara de Diputados,Ahora Nación,EN COMISIÓN,Primera Legislatura Ordinaria 2026,"PROPOSICIÓN LEGISLATIVA QUE MODIFICA LA LEY Nº 30714 Y FORTALECE LA IMPARCIALIDAD, INDEPENDENCIA E IDONEIDAD DE LOS VOCALES DEL TRIBUNAL DE DISCIPLINA POLICIAL DISPONIENDO SU ELECCIÓN POR CONCURSO PÚBLICO DE MERITOS.",7,https://wb2server.congreso.gob.pe/spley-portal/#/diputados/expediente/2026/411
diputados,410,00410-2026-2031-CD,2026-09-21,Cámara de Diputados,Fuerza Popular,EN COMISIÓN,Primera Legislatura Ordinaria 2026,"PROPOSICIÓN LEGISLATIVA QUE MODIFICA LA LEY 27972, LEY ORGÁNICA DE MUNICIPALIDADES, PARA PROMOVER LA AUTONOMÍA DE LAS MUJERES VÍCTIMAS DE VIOLENCIA MEDIANTE LA ESTRATEGIA DE DESARROLLO MUNICIPAL “FLORECE MUJER”.",6,https://wb2server.congreso.gob.pe/spley-portal/#/diputados/expediente/2026/410
diputados,409,00409-2026-2031-CD,2026-09-21,Cámara de Diputados,Juntos por el Perú,EN COMISIÓN,Primera Legislatura Ordinaria 2026,"PROPOSICIÓN LEGISLATIVA DE PREVENCIÓN DEL RECLUTAMIENTO Y LA UTILIZACIÓN DE NIÑAS, NIÑOS Y ADOLECENTES POR ORGANIZACIONES Y BANDAS CRIMINALES.",5,https://wb2server.congreso.gob.pe/spley-portal/#/diputados/expediente/2026/409
diputados,408,00408-2026-2031-CD,2026-09-21,CÁMARA DE DIPUTADOS - ACTUALIZACIÓN,,EN COMISIÓN,Primera Legislatura Ordinaria 2026,"ACTUALIZACIÓN DE CONFORMIDAD CON EL ACUERDO 031-2026-2027/JUNTA CÁMARA DE DIPUTADOS ADOPTADO EN SESIÓN REALIZADA EL 8 DE SETEIMBRE DE 2026 - (ANTES PL 00089/2021-IC- JURADO NACIONAL DE ELECCIONES)
PROPOSICIÓN LEGISLATIVA DE BENEFICIO EXCEPCIONAL DE SEMI LIBERTAD Y LIBERACIÓN DEFINITIVA POR REHABILITACIÓN. ",0,https://wb2server.congreso.gob.pe/spley-portal/#/diputados/expediente/2026/408
diputados,407,00407-2026-2031-CD,2026-09-21,Cámara de Diputados,Juntos por el Perú,EN COMISIÓN,Primera Legislatura Ordinaria 2026,PROPOSICIÓN LEGISLATIVA DE ASFIXIA FINANCIERA DE LA EXTORCIÓN Y DE LA PROTECCIÓN DE LAS VICTIMAS QUE DENUNCIAN.,5,https://wb2server.congreso.gob.pe/spley-portal/#/diputados/expediente/2026/407
diputados,406,00406-2026-2031-CD,2026-09-21,CÁMARA DE DIPUTADOS - ACTUALIZACIÓN,,EN COMISIÓN,Primera Legislatura Ordinaria 2026,"ACTUALIZACIÓN DE CONFORMIDAD CON EL ACUERDO 031-2026-2027/JUNTA CÁMARA DE DIPUTADOS ADOPTADO EN SESIÓN REALIZADA EL 8 DE SETEIMBRE DE 2026 - (ANTES PL-00088/2021-IC -JURADO NACIONAL DE ELECCIONES).
PROPOSICIÓN LEGISLATIVA DE CAPITALIZACIÓN E INTEGRACIÓN DE PETROPERÚ GARANTIZANDO LA SOBERANÍA ENERGÉTICA DEL PERÚ ",0,https://wb2server.congreso.gob.pe/spley-portal/#/diputados/expediente/2026/406
diputados,405,00405-2026-2031-CD,2026-09-21,CÁMARA DE DIPUTADOS - ACTUALIZACIÓN,,ACTUALIZADA,Primera Legislatura Ordinaria 2026,"ACTUALIZACIÓN DE CONFORMIDAD CON EL ACUERDO 031-2026-2027/JUNTA CÁMARA DE DIPUTADOS ADOPTADO EN SESIÓN REALIZADA EL 8 DE SETEIMBRE DE 2026 - (ANTES PL 00087/2021-IC - JURADO NACIONAL DE ELECCIONES)
PROPOSICIÓN LEGISLATIVA DE REFORMA CONSTITUCIONAL DEL ARTÍCULO 206 DE LA CONSTITUCIÓN DE 1993 POR EL QUE SE ESTABLECE EL PROCEDIMIENTO PARA LA REFORMA TOTAL DE LA ACTUAL ""CONSTITUCIÓN"" TOMANDO COMO BASE PARA ELLO EL TEXTO DE LA CONSTITUCIÓN DEL PERÚ DE 1979"" ",0,https://wb2server.congreso.gob.pe/spley-portal/#/diputados/expediente/2026/405
diputados,404,00404-2026-2031-CD,2026-09-21,Cámara de Diputados,Juntos por el Perú,EN COMISIÓN,Primera Legislatura Ordinaria 2026,PROPOSICIÓN LEGISLATIVA QUE FORTALECE Y GARANTIZA EL SERVICIO DE ALIMENTACIÓN ESCOLAR EN LAS INSTITUCIONES EDUCATIVAS PÚBLICAS.,6,https://wb2server.congreso.gob.pe/spley-portal/#/diputados/expediente/2026/404
diputados,403,00403-2026-2031-CD,2026-09-18,Cámara de Diputados,Juntos por el Perú,PRESENTADO,Primera Legislatura Ordinaria 2026,PROPOSICIÓN LEGISLATIVA QUE PREVIENE Y SANCIONA LA MANIPULACIÓN DIGITAL COORDINADA DE LA PARTICIPACIÓN DEMOCRÁTICA MEDIANTE GRANJAS DE BOTS Y REDES COORDINADAS INAUTÉNTICAS.,9,https://wb2server.congreso.gob.pe/spley-portal/#/diputados/expediente/2026/403
diputados,402,00402-2026-2031-CD,2026-09-18,CÁMARA DE DIPUTADOS - ACTUALIZACIÓN,,ACTUALIZADA,Primera Legislatura Ordinaria 2026,"ACTUALIZACIÓN DE CONFORMIDAD CON EL ACUERDO 031-2026-2027/JUNTA CÁMARA DE DIPUTADOS ADOPTADO EN SESIÓN REALIZADA EL 8 DE SETEIMBRE DE 2026 - (ANTES PL 11821/2021-IC - JURADO NACIONAL DE ELECCIONES)
PROPOSICIÓN LEGISLATIVA DE REFORMA CONSTITUCIONAL QUE MODIFICA EL ARTÍCULO 206° DE LA CONSTITUCIÓN POLÍTICA DEL PERÚ, A FIN DE PROHIBIR EXPRESAMENTE LA REFORMA TOTAL DE LA CONSTITUCIÓN A TRAVÉS DE UNA ASAMBLEA CONSTITUYENTE ",0,https://wb2server.congreso.gob.pe/spley-portal/#/diputados/expediente/2026/402
diputados,401,00401-2026-2031-CD,2026-09-18,CÁMARA DE DIPUTADOS - ACTUALIZACIÓN,,EN COMISIÓN,Primera Legislatura Ordinaria 2026,"ACTUALIZACIÓN DE CONFORMIDAD CON LA SEGUNDA DISPOSICIÓN COMPLEMENTARIA TRANSITORIA DEL REGLAMENTO DEL CONGRESO -  (ANTES PL 14337/2025-CR - CONGRESO)
PROPOSICIÓN LEGISLATIVA QUE MODIFICA EL CÓDIGO PENAL, DECRETO LEGISLATIVO 635, PARA INCORPORAR LOS DELITOS DE LESA HUMANIDAD",0,https://wb2server.congreso.gob.pe/spley-portal/#/diputados/expediente/2026/401
diputados,400,00400-2026-2031-CD,2026-09-18,CÁMARA DE DIPUTADOS - ACTUALIZACIÓN,,EN COMISIÓN,Primera Legislatura Ordinaria 2026,"ACTUALIZACIÓN DE CONFORMIDAD CON LA SEGUNDA DISPOSICIÓN COMPLEMENTARIA TRANSITORIA DEL REGLAMENTO DEL CONGRESO - (ANTES PL 13830/2025-CR - CONGRESO)
PROPOSICIÓN LEGISLATIVA QUE MODIFICA LA LEY 30453, LEY DEL SISTEMA NACIONAL DE RESIDENTADO MÉDICO (SINAREME), PARA MODERNIZAR EL SISTEMA Y DIVERSIFICAR LAS MODALIDADES DE FORMACIÓN MÉDICA ",0,https://wb2server.congreso.gob.pe/spley-portal/#/diputados/expediente/2026/400
diputados,399,00399-2026-2031-CD,2026-09-18,CÁMARA DE DIPUTADOS - ACTUALIZACIÓN,,Archivado de Plano,Primera Legislatura Ordinaria 2026,"ACTUALIZACIÓN DE CONFORMIDAD CON LA SEGUNDA DISPOSICIÓN COMPLEMENTARIA TRANSITORIA DEL REGLAMENTO DEL CONGRESO - (ANTES PL 13828/2025-CR - CONGRESO)
PROPOSICIÓN LEGISLATIVA QUE AUTORIZA UNA NUEVA ESCALA REMUNERATIVA PARA LOS TRABAJADORES DEL INSTITUTO NACIONAL DE RADIO Y TELEVISIÓN DEL PERÚ (IRTP) SUJETOS AL RÉGIMEN LABORAL DEL DECRETO LEGISLATIVO 728, LEY DE FOMENTO DEL EMPLEO ",0,https://wb2server.congreso.gob.pe/spley-portal/#/diputados/expediente/2026/399
diputados,398,00398-2026-2031-CD,2026-09-18,CÁMARA DE DIPUTADOS - ACTUALIZACIÓN,,Archivado de Plano,Primera Legislatura Ordinaria 2026,"ACTUALIZACIÓN DE CONFORMIDAD CON LA SEGUNDA DISPOSICIÓN COMPLEMENTARIA TRANSITORIA DEL REGLAMENTO DEL CONGRESO - (ANTES PL 13698/2025-CR - CONGRESO)
PROPOSICIÓN LEGISLATIVA QUE MODIFICA LAS LEYES 32489, 32520 Y 32538, A FIN DE VIABILIZAR LA INCORPORACIÓN DE LOS SERVIDORES CONTRATADOS BAJO EL RÉGIMEN DEL DECRETO LEGISLATIVO 1057 AL RÉGIMEN LABORAL DEL DECRETO LEGISLATIVO 728, EN DIVERSAS ENTIDADES PÚBLICAS EN EL AÑO FISCAL 2026 ",0,https://wb2server.congreso.gob.pe/spley-portal/#/diputados/expediente/2026/398
diputados,397,00397-2026-2031-CD,2026-09-18,CÁMARA DE DIPUTADOS - ACTUALIZACIÓN,,Archivado de Plano,Primera Legislatura Ordinaria 2026,PROPOSICIÓN LEGISLATIVA QUE AUTORIZA UNA NUEVA ESCALA REMUNERATIVA PARA LOS TRABAJADORES DE LA CONTRALORÍA GENERAL DE LA REPÚBLICA SUJETOS AL RÉGIMEN LABORAL DEL DECRETO LEGISLATIVO 728 (ANTES PL 13220-CR - CONGRESO),0,https://wb2server.congreso.gob.pe/spley-portal/#/diputados/expediente/2026/397
diputados,396,00396-2026-2031-CD,2026-09-18,CÁMARA DE DIPUTADOS - ACTUALIZACIÓN,,EN COMISIÓN,Primera Legislatura Ordinaria 2026,"ACTUALIZACIÓN DE CONFORMIDAD CON LA SEGUNDA DISPOSICIÓN COMPLEMENTARIA TRANSITORIA DEL REGLAMENTO DEL CONGRESO -  (ANTES PL 12011/2025-CR - CONGRESO)
PROPOSICIÓN LEGISLATIVA QUE MODIFICA LA LEY 27304, LEY DE ADJUDICACIÓN DE LOTES DE PROPIEDAD DEL ESTADO OCUPADOS POR MERCADOS A FIN DE REGULAR EL PROCESO DE ADJUDICACIÓN DE LOTES DE PROPIEDAD DEL ESTADO",0,https://wb2server.congreso.gob.pe/spley-portal/#/diputados/expediente/2026/396
diputados,395,00395-2026-2031-CD,2026-09-18,CÁMARA DE DIPUTADOS - ACTUALIZACIÓN,,EN COMISIÓN,Primera Legislatura Ordinaria 2026,"ACTUALIZACIÓN DE CONFORMIDAD CON LA SEGUNDA DISPOSICIÓN COMPLEMENTARIA TRANSITORIA DEL REGLAMENTO DEL CONGRESO - (ANTES PL 11658/2024-PE - PODER EJECUTIVO)
PROPOSICIÓN LEGISLATIVA DE SANEAMIENTO DE TRAMOS DE LA PROVINCIA DE JORGE BASADRE Y DE ALGUNOS DE SUS DISTRITOS, DEL DEPARTAMENTO DE TACNA ",0,https://wb2server.congreso.gob.pe/spley-portal/#/diputados/expediente/2026/395
diputados,394,00394-2026-2031-CD,2026-09-18,CÁMARA DE DIPUTADOS - ACTUALIZACIÓN,,Archivado de Plano,Primera Legislatura Ordinaria 2026,"PROPOSICIÓN LEGISLATIVA QUE REGULA LAS FUNCIONES Y COMPETENCIAS DEL INSTITUTO GEOLÓGICO, MINERO Y METALÚRGICO (INGEMMET) (ANTES PL  11558/2024-CR - CONGRESO)",0,https://wb2server.congreso.gob.pe/spley-portal/#/diputados/expediente/2026/394
diputados,393,00393-2026-2031-CD,2026-09-18,CÁMARA DE DIPUTADOS - ACTUALIZACIÓN,,Archivado de Plano,Primera Legislatura Ordinaria 2026,"ACTUALIZACIÓN DE CONFORMIDAD CON LA SEGUNDA DISPOSICIÓN COMPLEMENTARIA TRANSITORIA DEL REGLAMENTO DEL CONGRESO - (ANTES PL 10754/2024-CR - CONGRESO)
PROPOSICIÓN LEGISLATIVA QUE DECLARA DE INTERÉS NACIONAL LA INVESTIGACIÓN Y PUESTA EN VALOR DE MONUMENTOS ARQUEOLÓGICOS PREHISPÁNICOS UBICADOS EN EL DEPARTAMENTO DE AREQUIPA ",0,https://wb2server.congreso.gob.pe/spley-portal/#/diputados/expediente/2026/393
diputados,392,00392-2026-2031-CD,2026-09-18,CÁMARA DE DIPUTADOS - ACTUALIZACIÓN,,Archivado de Plano,Primera Legislatura Ordinaria 2026,"ACTUALIZACIÓN DE CONFORMIDAD CON LA SEGUNDA DISPOSICIÓN COMPLEMENTARIA TRANSITORIA DEL REGLAMENTO DEL CONGRESO - (ANTES PL 10520/2024-CR - CONGRESO)
PROPOSICIÓN LEGISLATIVA QUE DECLARA DE INTERÉS NACIONAL EL FORTALECIMIENTO DE LA ORIENTACIÓN LEGAL EN LAS OFICINAS CONSULARES DEL PERÚ ",0,https://wb2server.congreso.gob.pe/spley-portal/#/diputados/expediente/2026/392
diputados,391,00391-2026-2031-CD,2026-09-18,CÁMARA DE DIPUTADOS - ACTUALIZACIÓN,,EN COMISIÓN,Primera Legislatura Ordinaria 2026,"ACTUALIZACIÓN DE CONFORMIDAD CON LA SEGUNDA DISPOSICIÓN COMPLEMENTARIA TRANSITORIA DEL REGLAMENTO DEL CONGRESO - (ANTES PL 10405/2024-CR - CONGRESO)
PROPOSICIÓN LEGISLATIVA QUE MODIFICA LA LEY 29090, LEY DE REGULACIÓN DE HABILITACIONES URBANAS Y DE EDIFICACIONES, PARA FORTALECER LA ACTUACIÓN DEL REVISOR URBANO ",0,https://wb2server.congreso.gob.pe/spley-portal/#/diputados/expediente/2026/391
diputados,390,00390-2026-2031-CD,2026-09-18,CÁMARA DE DIPUTADOS - ACTUALIZACIÓN,,EN COMISIÓN,Primera Legislatura Ordinaria 2026,ACTUALIZACIÓN DE CONFORMIDAD CON LA SEGUNDA DISPOSICIÓN COMPLEMENTARIA TRANSITORIA DEL REGLAMENTO DEL CONGRESO - (ANTES PL 10396/2024-CR - CONGRESO) PROPOSICIÓN LEGISLATIVA QUE REDIRECCIONA LOS RECURSOS FINANCIEROS DEL SERVICIO DE AGUA POTABLE Y ALCANTARILLADO DE LIMA (SEDAPAL) PARA LA EJECUCIÓN DE PROYECTOS DE INVERSIÓN,0,https://wb2server.congreso.gob.pe/spley-portal/#/diputados/expediente/2026/390
diputados,389,00389-2026-2031-CD,2026-09-18,CÁMARA DE DIPUTADOS - ACTUALIZACIÓN,,Archivado de Plano,Primera Legislatura Ordinaria 2026,"ACTUALIZACIÓN DE CONFORMIDAD CON LA SEGUNDA DISPOSICIÓN COMPLEMENTARIA TRANSITORIA DEL REGLAMENTO DEL CONGRESO -  (ANTES PL 9645/2024-CR - CONGRESO)
PROPOSICIÓN LEGISLATIVA QUE MODIFICA LA LEY 31557, LEY QUE REGULA LA EXPLOTACIÓN DE LOS JUEGOS A DISTANCIA Y APUESTAS DEPORTIVAS A DISTANCIA, Y LA LEY 30096, LEY DE DELITOS INFORMÁTICOS, PARA INCLUIR A LAS PERSONAS NATURALES CON NEGOCIO Y TIPIFICAR COMO DELITO LA MANIPULACIÓN DE RESULTADOS DEPORTIVOS A DISTANCIA",0,https://wb2server.congreso.gob.pe/spley-portal/#/diputados/expediente/2026/389
diputados,388,00388-2026-2031-CD,2026-09-18,CÁMARA DE DIPUTADOS - ACTUALIZACIÓN,,EN COMISIÓN,Primera Legislatura Ordinaria 2026,"ACTUALIZACIÓN DE CONFORMIDAD CON LA SEGUNDA DISPOSICIÓN COMPLEMENTARIA TRANSITORIA DEL REGLAMENTO DEL CONGRESO - (ANTES PL 9621/2024-CR - CONGRESO)
PROPOSICIÓN LEGISLATIVA QUE AMPLÍA LA VIGENCIA DE LA GESTIÓN DESCENTRALIZADA DE LA SUPERINTENDENCIA NACIONAL DE FISCALIZACIÓN LABORAL (SUNAFIL) (ANTES PL 9621/2024-CR - CONGRESO)",0,https://wb2server.congreso.gob.pe/spley-portal/#/diputados/expediente/2026/388
diputados,387,00387-2026-2031-CD,2026-09-18,CÁMARA DE DIPUTADOS - ACTUALIZACIÓN,,EN COMISIÓN,Primera Legislatura Ordinaria 2026,"ACTUALIZACIÓN DE CONFORMIDAD CON LA SEGUNDA DISPOSICIÓN COMPLEMENTARIA TRANSITORIA DEL REGLAMENTO DEL CONGRESO - (ANTES PL 09511/2024-CR - CONGRESO)
PROPOSICIÓN LEGISLATIVA QUE OTORGA A LA MUNICIPALIDAD DISTRITAL DE MAJES LA FACULTAD DE TRANSFERIR EXCEPCIONALMENTE DE FORMA DIRECTA, A VALOR ARANCELARIO, LOS PREDIOS DE DOMINIO PRIVADO CON FINES DE FORMALIZACIÓN DE LA POSESIÓN ",0,https://wb2server.congreso.gob.pe/spley-portal/#/diputados/expediente/2026/387
diputados,386,00386-2026-2031-CD,2026-09-18,CÁMARA DE DIPUTADOS - ACTUALIZACIÓN,,Archivado de Plano,Primera Legislatura Ordinaria 2026,"ACTUALIZACIÓN DE CONFORMIDAD CON LA SEGUNDA DISPOSICIÓN COMPLEMENTARIA TRANSITORIA DEL REGLAMENTO DEL CONGRESO -  (ANTES PL 9433/2024-CR - CONGRESO).
PROPOSICIÓN LEGISLATIVA QUE EXTIENDE EXCEPCIONALMENTE EL PLAZO DE ARRASTRE DE PÉRDIDAS BAJO EL SISTEMA DESARROLLADO EN EL LITERAL A) DEL ARTÍCULO 50 DEL DECRETO LEGISLATIVO 774, LEY DEL IMPUESTO A LA RENTA",0,https://wb2server.congreso.gob.pe/spley-portal/#/diputados/expediente/2026/386
diputados,385,00385-2026-2031-CD,2026-09-18,CÁMARA DE DIPUTADOS - ACTUALIZACIÓN,,EN COMISIÓN,Primera Legislatura Ordinaria 2026,"ACTUALIZACIÓN DE CONFORMIDAD CON LA SEGUNDA DISPOSICIÓN COMPLEMENTARIA TRANSITORIA DEL REGLAMENTO DEL CONGRESO - (ANTES PL 9305/2024-CR - CONGRESO).
PROPOSICIÓN LEGISLATIVA QUE MODIFICA LA LEY 31980, LEY DE CREACIÓN DE UN RÉGIMEN ESPECIAL PARA EL CENTRO HISTÓRICO DE LIMA, A FIN DE PROTEGER SU PATRIMONIO CULTURAL Y FOMENTAR SU DESARROLLO INTEGRAL Y SOSTENIBLE, PARA ASEGURAR LA ACTIVIDAD ECONÓMICA RESPONSABLE (ANTES PL 9305/2024-CR - CONGRESO).",0,https://wb2server.congreso.gob.pe/spley-portal/#/diputados/expediente/2026/385
diputados,384,00384-2026-2031-CD,2026-09-18,CÁMARA DE DIPUTADOS - ACTUALIZACIÓN,,EN COMISIÓN,Primera Legislatura Ordinaria 2026,"ACTUALIZACIÓN DE CONFORMIDAD CON LA SEGUNDA DISPOSICIÓN COMPLEMENTARIA TRANSITORIA DEL REGLAMENTO DEL CONGRESO -  (ANTES PL 09268/2024-CR - CONGRESO).
PROPOSICIÓN LEGISLATIVA QUE MODIFICA LA LEY 29852, LEY QUE CREA EL SISTEMA DE SEGURIDAD ENERGÉTICA EN HIDROCARBUROS Y EL FONDO DE INCLUSIÓN SOCIAL ENERGÉTICO, PARA GARANTIZAR EL ACCESO A LA ENERGÍA",0,https://wb2server.congreso.gob.pe/spley-portal/#/diputados/expediente/2026/384
diputados,383,00383-2026-2031-CD,2026-09-18,CÁMARA DE DIPUTADOS - ACTUALIZACIÓN,,EN COMISIÓN,Primera Legislatura Ordinaria 2026,"ACTUALIZACIÓN DE CONFORMIDAD CON LA SEGUNDA DISPOSICIÓN COMPLEMENTARIA TRANSITORIA DEL REGLAMENTO DEL CONGRESO - (ANTES PL 09118/2024-CR - CONGRESO)
PROPOSICIÓN LEGISLATIVA QUE MODIFICA LA LEY 27669, LEY DEL TRABAJO DE LA ENFERMERA (O), PARA FORTALECER LA PROFESIÓN DE ENFERMERÍA ",0,https://wb2server.congreso.gob.pe/spley-portal/#/diputados/expediente/2026/383
diputados,382,00382-2026-2031-CD,2026-09-18,CÁMARA DE DIPUTADOS - ACTUALIZACIÓN,,Archivado de Plano,Primera Legislatura Ordinaria 2026,"ACTUALIZACIÓN DE CONFORMIDAD CON LA SEGUNDA DISPOSICIÓN COMPLEMENTARIA TRANSITORIA DEL REGLAMENTO DEL CONGRESO -  (ANTES PL 09050/2024-CR - CONGRESO)
PROPOSICIÓN LEGISLATIVA QUE DECLARA DE INTERÉS NACIONAL LA CONSTRUCCIÓN DEL HOSPITAL REGIONAL DEL CÁNCER EN EL DEPARTAMENTO DE PUNO (ANTES PL 09050/2024-CR - CONGRESO)",0,https://wb2server.congreso.gob.pe/spley-portal/#/diputados/expediente/2026/382
diputados,381,00381-2026-2031-CD,2026-09-18,CÁMARA DE DIPUTADOS - ACTUALIZACIÓN,,EN COMISIÓN,Primera Legislatura Ordinaria 2026,"ACTUALIZACIÓN DE CONFORMIDAD CON LA SEGUNDA DISPOSICIÓN COMPLEMENTARIA TRANSITORIA DEL REGLAMENTO DEL CONGRESO -  ( ANTES PL 08912/2024-CR - CONGRESO)
PROPOSICIÓN LEGISLATIVA QUE ESTABLECE MEDIDAS PARA LA PREPARACIÓN, EGRESO Y SEGUIMIENTO DEL JOVEN QUE EGRESA DE UN CENTRO DE ACOGIDA RESIDENCIAL (CAR) TÍTULO PRELIMINAR",0,https://wb2server.congreso.gob.pe/spley-portal/#/diputados/expediente/2026/381
diputados,380,00380-2026-2031-CD,2026-09-18,CÁMARA DE DIPUTADOS - ACTUALIZACIÓN,,Archivado de Plano,Primera Legislatura Ordinaria 2026,"ACTUALIZACIÓN DE CONFORMIDAD CON LA SEGUNDA DISPOSICIÓN COMPLEMENTARIA TRANSITORIA DEL REGLAMENTO DEL CONGRESO - (ANTES PL 08747/2024-CR - CONGRESO)
PROPOSICIÓN LEGISLATIVA QUE DECLARA DE INTERÉS NACIONAL LA GESTIÓN, FORTALECIMIENTO E IMPLEMENTACIÓN DEL PARQUE INDUSTRIAL TECNOECOLÓGICO EN EL DEPARTAMENTO DE TACNA (ANTES PL 08747/2024-CR - CONGRESO)",0,https://wb2server.congreso.gob.pe/spley-portal/#/diputados/expediente/2026/380
diputados,379,00379-2026-2031-CD,2026-09-18,CÁMARA DE DIPUTADOS - ACTUALIZACIÓN,,Archivado de Plano,Primera Legislatura Ordinaria 2026,"ACTUALIZACIÓN DE CONFORMIDAD CON LA SEGUNDA DISPOSICIÓN COMPLEMENTARIA TRANSITORIA DEL REGLAMENTO DEL CONGRESO -  (ANTES PL 08697/2024-CR - CONGRESO)
PROPOSICIÓN LEGISLATIVA QUE MODIFICA LA LEY 31557, LEY QUE REGULA LA EXPLOTACIÓN DE LOS JUEGOS A DISTANCIA Y APUESTAS DEPORTIVAS A DISTANCIA, A FIN DE REGLAMENTAR EL PROCEDIMIENTO PARA LA APLICACIÓN DEL IMPUESTO A LOS REFERIDOS JUEGOS (ANTES PL 08697/2024-CR - CONGRESO)",0,https://wb2server.congreso.gob.pe/spley-portal/#/diputados/expediente/2026/379
diputados,378,00378-2026-2031-CD,2026-09-18,CÁMARA DE DIPUTADOS - ACTUALIZACIÓN,,Archivado de Plano,Primera Legislatura Ordinaria 2026,"ACTUALIZACIÓN DE CONFORMIDAD CON LA SEGUNDA DISPOSICIÓN COMPLEMENTARIA TRANSITORIA DEL REGLAMENTO DEL CONGRESO -  (ANTES PL 08671/2024-CR - CONGRESO)
PROPOSICIÓN LEGISLATIVA QUE DECLARA DE INTERÉS NACIONAL LA PROTECCIÓN, LA RESTAURACIÓN, LA CONSERVACIÓN Y LA PUESTA EN VALOR DE LA CASONA VILLANUEVA, UBICADA EN EL DEPARTAMENTO DE CAJAMARCA; Y EL RECONOCIMIENTO COMO PATRIMONIO CULTURAL DE LA NACIÓN A LA EX CASA HACIENDA DE BATÁN GRANDE, UBICADA EN EL DEPARTAMENTO DE LAMBAYEQUE, ASÍ COMO SU PROTECCIÓN, CONSERVACIÓN Y PUESTA EN VALOR",0,https://wb2server.congreso.gob.pe/spley-portal/#/diputados/expediente/2026/378
diputados,377,00377-2026-2031-CD,2026-09-18,CÁMARA DE DIPUTADOS - ACTUALIZACIÓN,,Archivado de Plano,Primera Legislatura Ordinaria 2026,"ACTUALIZACIÓN DE CONFORMIDAD CON LA SEGUNDA DISPOSICIÓN COMPLEMENTARIA TRANSITORIA DEL REGLAMENTO DEL CONGRESO -  (ANTES PL 08484/2023-CR - CONGRESO)
PROPOSICIÓN LEGISLATIVA QUE DECLARA DE INTERÉS NACIONAL LA PROTECCIÓN Y PUESTA EN VALOR DE LOS RECURSOS TURÍSTICOS DEL DISTRITO DE CHUCUITO, PROVINCIA DE PUNO, DEPARTAMENTO DE PUNO",0,https://wb2server.congreso.gob.pe/spley-portal/#/diputados/expediente/2026/377
diputados,376,00376-2026-2031-CD,2026-09-18,CÁMARA DE DIPUTADOS - ACTUALIZACIÓN,,Archivado de Plano,Primera Legislatura Ordinaria 2026,"ACTUALIZACIÓN DE CONFORMIDAD CON LA SEGUNDA DISPOSICIÓN COMPLEMENTARIA TRANSITORIA DEL REGLAMENTO DEL CONGRESO - (ANTES PL 08471/2023-CR - CONGRESO)
PROPOSICIÓN LEGISLATIVA QUE DECLARA DE INTERÉS NACIONAL LA CONSTRUCCIÓN Y EL EQUIPAMIENTO DE UN DESEMBARCADERO ARTESANAL TURÍSTICO EN LA LOCALIDAD DE MATARANI, PROVINCIA DE ISLAY, DEPARTAMENTO DE AREQUIPA ",0,https://wb2server.congreso.gob.pe/spley-portal/#/diputados/expediente/2026/376
diputados,375,00375-2026-2031-CD,2026-09-18,CÁMARA DE DIPUTADOS - ACTUALIZACIÓN,,Archivado de Plano,Primera Legislatura Ordinaria 2026,"ACTUALIZACIÓN DE CONFORMIDAD CON LA SEGUNDA DISPOSICIÓN COMPLEMENTARIA TRANSITORIA DEL REGLAMENTO DEL CONGRESO - (ANTES PL 08384/2023-CR - CONGRESO)
PROPOSICIÓN LEGISLATIVA QUE FORTALECE LAS CADENAS PRODUCTIVAS DEL JENGIBRE O KION Y DE LA CÚRCUMA O PALILLO PARA CONTRIBUIR AL DESARROLLO DE LAS COMUNIDADES PRODUCTORAS Y DECLARA EL DÍA NACIONAL DEL JENGIBRE O KION Y DE LA CÚRCUMA O PALILLO EL CUARTO JUEVES DE MAYO DE CADA AÑO ",0,https://wb2server.congreso.gob.pe/spley-portal/#/diputados/expediente/2026/375
diputados,374,00374-2026-2031-CD,2026-09-18,CÁMARA DE DIPUTADOS - ACTUALIZACIÓN,,Archivado de Plano,Primera Legislatura Ordinaria 2026,"ACTUALIZACIÓN DE CONFORMIDAD CON LA SEGUNDA DISPOSICIÓN COMPLEMENTARIA TRANSITORIA DEL REGLAMENTO DEL CONGRESO - (ANTES PL 08253/2023-CR - CONGRESO)
PROPOSICIÓN LEGISLATIVA QUE DECLARA DE INTERÉS NACIONAL LA EJECUCIÓN DE UN PROYECTO DE INVERSIÓN, EL REPRESAMIENTO DEL AGUA DE FACCHA-YURACCACCA Y LA CREACIÓN DE UNA UNIDAD EJECUTORA EN EL DEPARTAMENTO DE APURIMAC ",0,https://wb2server.congreso.gob.pe/spley-portal/#/diputados/expediente/2026/374
diputados,373,00373-2026-2031-CD,2026-09-18,Cámara de Diputados,Renovación Popular,PRESENTADO,Primera Legislatura Ordinaria 2026,PROPOSICIÓN LEGISLATIVA QUE MODIFICA LAS LEYES 29230 Y 29837 PARA INCORPORAR LA MODALIDAD DE TALENTO PRODUCTIVO POR IMPUESTOS.,6,https://wb2server.congreso.gob.pe/spley-portal/#/diputados/expediente/2026/373
diputados,372,00372-2026-2031-CD,2026-09-18,CÁMARA DE DIPUTADOS - ACTUALIZACIÓN,,Archivado de Plano,Primera Legislatura Ordinaria 2026,"ACTUALIZACIÓN DE CONFORMIDAD CON LA SEGUNDA DISPOSICIÓN COMPLEMENTARIA TRANSITORIA DEL REGLAMENTO DEL CONGRESO - (ANTES PL 08233/2023-CR - CONGRESO)
PROPOSICIÓN LEGISLATIVA QUE DECLARA DE INTERÉS NACIONAL LA PROMOCIÓN DEL CIRCUITO GEOTURÍSTICO Y PUESTA EN VALOR DE ACTIVIDADES TURÍSTICAS EN LOS DISTRITOS DE PARCO, JANJAILLO, POMACANCHA, TUNANMARCA, MARCO Y PACA, PROVINCIA DE JAUJA, DEPARTAMENTO DE JUNÍN ",0,https://wb2server.congreso.gob.pe/spley-portal/#/diputados/expediente/2026/372
diputados,371,00371-2026-2031-CD,2026-09-18,CÁMARA DE DIPUTADOS - ACTUALIZACIÓN,,EN COMISIÓN,Primera Legislatura Ordinaria 2026,"ACTUALIZACIÓN DE CONFORMIDAD CON LA SEGUNDA DISPOSICIÓN COMPLEMENTARIA TRANSITORIA DEL REGLAMENTO DEL CONGRESO - (ANTES PL 07940/2023-CR - CONGRESO)
PROPOSICIÓN LEGISLATIVA QUE ESTABLECE LA UNIVERSALIZACIÓN DE LA FORTIFICACIÓN DEL ARROZ DESTINADO AL CONSUMO HUMANO DIRECTO (ANTES PL 07940/2023-CR - CONGRESO)",0,https://wb2server.congreso.gob.pe/spley-portal/#/diputados/expediente/2026/371
diputados,370,00370-2026-2031-CD,2026-09-18,CÁMARA DE DIPUTADOS - ACTUALIZACIÓN,,Archivado de Plano,Primera Legislatura Ordinaria 2026,"ACTUALIZACIÓN DE CONFORMIDAD CON LA SEGUNDA DISPOSICIÓN COMPLEMENTARIA TRANSITORIA DEL REGLAMENTO DEL CONGRESO - (ANTES PL 07820/2023-CR - CONGRESO).
PROPOSICIÓN LEGISLATIVA QUE DECLARA DE INTERÉS NACIONAL LA CREACIÓN DEL INSTITUTO NACIONAL DE PREVENCIÓN Y ATENCIÓN INTEGRAL DE ENFERMEDADES CARDIOVASCULARES (INPAEC) Y LA PRIORIZACIÓN DEL FORTALECIMIENTO DE LA RED NACIONAL DEL CORAZÓN (RENACOR) (ANTES PL 07820/2023-CR - CONGRESO).",0,https://wb2server.congreso.gob.pe/spley-portal/#/diputados/expediente/2026/370
diputados,369,00369-2026-2031-CD,2026-09-18,CÁMARA DE DIPUTADOS - ACTUALIZACIÓN,,Archivado de Plano,Primera Legislatura Ordinaria 2026,"ACTUALIZACIÓN DE CONFORMIDAD CON LA SEGUNDA DISPOSICIÓN COMPLEMENTARIA TRANSITORIA DEL REGLAMENTO DEL CONGRESO -  (ANTES PL 07733/2023-CR - CONGRESO)
PROPOSICIÓN LEGISLATIVA QUE DECLARA DE INTERÉS NACIONAL EL RECONOCIMIENTO COMO PATRIMONIO CULTURAL DE LA NACIÓN A LA CASA DE FELIPE HUAMÁN POMA DE AYALA, UBICADA EN EL ANEXO DE SONDONDO, DISTRITO DE CABANA, PROVINCIA DE LUCANAS, DEPARTAMENTO DE AYACUCHO, ASÍ COMO SU INVESTIGACIÓN, PROTECCIÓN, CONSERVACIÓN Y PUESTA EN VALOR",0,https://wb2server.congreso.gob.pe/spley-portal/#/diputados/expediente/2026/369
diputados,368,00368-2026-2031-CD,2026-09-18,CÁMARA DE DIPUTADOS - ACTUALIZACIÓN,,Archivado de Plano,Primera Legislatura Ordinaria 2026,"ACTUALIZACIÓN DE CONFORMIDAD CON LA SEGUNDA DISPOSICIÓN COMPLEMENTARIA TRANSITORIA DEL REGLAMENTO DEL CONGRESO -  (ANTES PL 07767/2023-CR - CONGRESO).
PROPOSICIÓN LEGISLATIVA QUE ESTABLECE CRITERIOS DE DISTRIBUCIÓN DEL CANON Y SOBRECANON PETROLERO EN EL DEPARTAMENTO DE LORETO",0,https://wb2server.congreso.gob.pe/spley-portal/#/diputados/expediente/2026/368
diputados,367,00367-2026-2031-CD,2026-09-18,Cámara de Diputados,Juntos por el Perú,EN COMISIÓN,Primera Legislatura Ordinaria 2026,"PROPOSICIÓN LEGISLATIVA QUE MODIFICA EL ARTÍCULO 2 DE LA LEY 29719, PARA FORTALECER LA PREVENCIÓN, ATENCIÓN Y ERRADICACIÓN DEL CIBERACOSO ESCOLAR.",7,https://wb2server.congreso.gob.pe/spley-portal/#/diputados/expediente/2026/367
diputados,366,00366-2026-2031-CD,2026-09-18,CÁMARA DE DIPUTADOS - ACTUALIZACIÓN,,EN COMISIÓN,Primera Legislatura Ordinaria 2026,"ACTUALIZACIÓN DE CONFORMIDAD CON LA SEGUNDA DISPOSICIÓN COMPLEMENTARIA TRANSITORIA DEL REGLAMENTO DEL CONGRESO - (ANTES PL 07448/2023-CR - CONGRESO)
PROPOSICIÓN LEGISLATIVA DE PROMOCIÓN Y DESARROLLO SOSTENIBLE DE LAS ACTIVIDADES CON ROCAS ORNAMENTALES ",0,https://wb2server.congreso.gob.pe/spley-portal/#/diputados/expediente/2026/366
diputados,365,00365-2026-2031-CD,2026-09-18,CÁMARA DE DIPUTADOS - ACTUALIZACIÓN,,Archivado de Plano,Primera Legislatura Ordinaria 2026,"ACTUALIZACIÓN DE CONFORMIDAD CON LA SEGUNDA DISPOSICIÓN COMPLEMENTARIA TRANSITORIA DEL REGLAMENTO DEL CONGRESO -  (ANTES PL 07402/2023-CR - CONGRESO)
PROPOSICIÓN LEGISLATIVA QUE DECLARA DE INTERÉS NACIONAL LA CREACIÓN DEL SISTEMA DE AGUA POTABLE Y SANEAMIENTO DEL CENTRO POBLADO DE MACASHCA EN LA PROVINCIA DE HUARAZ DEL DEPARTAMENTO DE ÁNCASH (ANTES PL 07402/2023-CR - CONGRESO)",0,https://wb2server.congreso.gob.pe/spley-portal/#/diputados/expediente/2026/365
diputados,364,00364-2026-2031-CD,2026-09-18,Cámara de Diputados,Juntos por el Perú,EN COMISIÓN,Primera Legislatura Ordinaria 2026,PROPOSICIÓN LEGISLATIVA QUE MODIFICA LOS ARTÍCULOS 121 Y 122 DEL CÓDIGO PENAL Y OTRAS DISPOSICIONES PARA LA PROTECCIÓN DEL PERSONAL DE LAS INSTITUCIONES EDUCATIVAS.,6,https://wb2server.congreso.gob.pe/spley-portal/#/diputados/expediente/2026/364
diputados,363,00363-2026-2031-CD,2026-09-18,CÁMARA DE DIPUTADOS - ACTUALIZACIÓN,,Archivado de Plano,Primera Legislatura Ordinaria 2026,"ACTUALIZACIÓN DE CONFORMIDAD CON LA SEGUNDA DISPOSICIÓN COMPLEMENTARIA TRANSITORIA DEL REGLAMENTO DEL CONGRESO - (ANTES PL 07247/2023-CR - CONGRESO)
PROPOSICIÓN LEGISLATIVA QUE GARANTIZA EL RETORNO Y/0 REPOSICIÓN DE LOS RECURSOS UTILIZADOS EN LA ATENCIÓN DE ESTADOS DE EMERGENCIA POR GOBIERNOS REGIONALES Y GOBIERNOS LOCALES. ",0,https://wb2server.congreso.gob.pe/spley-portal/#/diputados/expediente/2026/363
diputados,362,00362-2026-2031-CD,2026-09-18,CÁMARA DE DIPUTADOS - ACTUALIZACIÓN,,EN COMISIÓN,Primera Legislatura Ordinaria 2026,"ACTUALIZACIÓN DE CONFORMIDAD CON LA SEGUNDA DISPOSICIÓN COMPLEMENTARIA TRANSITORIA DEL REGLAMENTO DEL CONGRESO -  (ANTES PL 07182/2023-CR - CONGRESO).
PROPOSICIÓN LEGISLATIVA QUE MODIFICA EL DECRETO LEGISLATIVO 1126, DECRETO LEGISLATIVO QUE ESTABLECE MEDIDAS DE CONTROL EN LOS INSUMOS QUÍMICOS Y PRODUCTOS FISCALIZADOS, MAQUINARIAS Y EQUIPOS UTILIZADOS PARA LA ELABORACIÓN DE DROGAS ILÍCITAS, RESPECTO DE LA BAJA DEFINITIVA DE LA INSCRIPCIÓN EN EL REGISTRO.",0,https://wb2server.congreso.gob.pe/spley-portal/#/diputados/expediente/2026/362
diputados,361,00361-2026-2031-CD,2026-09-18,CÁMARA DE DIPUTADOS - ACTUALIZACIÓN,,Archivado de Plano,Primera Legislatura Ordinaria 2026,"ACTUALIZACIÓN DE CONFORMIDAD CON LA SEGUNDA DISPOSICIÓN COMPLEMENTARIA TRANSITORIA DEL REGLAMENTO DEL CONGRESO - (ANTES PL 07065/2023-CR - CONGRESO).
PROPOSICIÓN LEGISLATIVA QUE ESTABLECE EL RÉGIMEN DE ELABORACIÓN, DE MANUFACTURA O MAQUILA Y DE ALMACENAMIENTO (REMA) PARA PROMOVER EL DESARROLLO INDUSTRIAL, LAS EXPORTACIONES DE SERVICIOS Y LA GENERACIÓN DE PUESTOS DE TRABAJO. ",0,https://wb2server.congreso.gob.pe/spley-portal/#/diputados/expediente/2026/361
diputados,360,00360-2026-2031-CD,2026-09-18,CÁMARA DE DIPUTADOS - ACTUALIZACIÓN,,Archivado de Plano,Primera Legislatura Ordinaria 2026,"ACTUALIZACIÓN DE CONFORMIDAD CON LA SEGUNDA DISPOSICIÓN COMPLEMENTARIA TRANSITORIA DEL REGLAMENTO DEL CONGRESO -  (ANTES PL 07051/2023-CR - CONGRESO).
PROPOSICIÓN LEGISLATIVA QUE DECLARA DE INTERÉS NACIONAL LA CREACIÓN DEL PROGRAMA NACIONAL DE AGUAS SUBTERRÁNEAS (PNAS).",0,https://wb2server.congreso.gob.pe/spley-portal/#/diputados/expediente/2026/360
diputados,359,00359-2026-2031-CD,2026-09-18,CÁMARA DE DIPUTADOS - ACTUALIZACIÓN,,Archivado de Plano,Primera Legislatura Ordinaria 2026,"ACTUALIZACIÓN DE CONFORMIDAD CON LA SEGUNDA DISPOSICIÓN COMPLEMENTARIA TRANSITORIA DEL REGLAMENTO DEL CONGRESO -  (ANTES PL 07042/2023-CR - CONGRESO).
PROPOSICIÓN LEGISLATIVA QUE DECLARA DE INTERÉS NACIONAL LA CREACIÓN E IMPLEMENTACIÓN DE LA RUTA TURÍSTICA DE LA PROVINCIA DE CELENDÍN DEL DEPARTAMENTO DE CAJAMARCA.",0,https://wb2server.congreso.gob.pe/spley-portal/#/diputados/expediente/2026/359
diputados,358,00358-2026-2031-CD,2026-09-18,CÁMARA DE DIPUTADOS - ACTUALIZACIÓN,,Archivado de Plano,Primera Legislatura Ordinaria 2026,"ACTUALIZACIÓN DE CONFORMIDAD CON LA SEGUNDA DISPOSICIÓN COMPLEMENTARIA TRANSITORIA DEL REGLAMENTO DEL CONGRESO -  (ANTES PL 07043/2023-CR - CONGRESO).
PROPOSICIÓN LEGISLATIVA QUE DECLARA DE INTERÉS NACIONAL LA CREACIÓN, LA IMPLEMENTACIÓN Y LA PROMOCIÓN DEL CIRCUITO TURÍSTICO DE LAS LAGUNAS ALTOANDINAS EN LA PROVINCIA DE CELENDÍN,
DEPARTAMENTO DE CAJAMARCA.",0,https://wb2server.congreso.gob.pe/spley-portal/#/diputados/expediente/2026/358
diputados,357,00357-2026-2031-CD,2026-09-18,CÁMARA DE DIPUTADOS - ACTUALIZACIÓN,,Archivado de Plano,Primera Legislatura Ordinaria 2026,"ACTUALIZACIÓN DE CONFORMIDAD CON LA SEGUNDA DISPOSICIÓN COMPLEMENTARIA TRANSITORIA DEL REGLAMENTO DEL CONGRESO - (ANTES PL 06857/2023-CR - CONGRESO).
PROPOSICIÓN LEGISLATIVA QUE DECLARA DE INTERÉS NACIONAL LA CREACIÓN DE LA UNIVERSIDAD NACIONAL ANDINA DE HUÁNUCO DEL DEPARTAMENTO DE HUÁNUCO. ",0,https://wb2server.congreso.gob.pe/spley-portal/#/diputados/expediente/2026/357
diputados,356,00356-2026-2031-CD,2026-09-18,CÁMARA DE DIPUTADOS - ACTUALIZACIÓN,,Archivado de Plano,Primera Legislatura Ordinaria 2026,"ACTUALIZACIÓN DE CONFORMIDAD CON LA SEGUNDA DISPOSICIÓN COMPLEMENTARIA TRANSITORIA DEL REGLAMENTO DEL CONGRESO - (ANTES PL 06979/2023-CR - CONGRESO).
PROPOSICIÓN LEGISLATIVA QUE MODIFICA LA LEY 29064 —LEY DE RELANZAMIENTO DEL BANCO AGROPECUARIO - AGROBANCO— Y LA LEY 30893 —LEY QUE MODIFICA DIVERSOS ARTÍCULOS DE LA LEY 29064, A EFECTOS DE FORTALECER EL BANCO AGROPECUARIO - AGROBANCO Y ESTABLECE FACILIDADES PARA EL PAGO DE LAS DEUDAS DE SUS PRESTATARIOS— PARA INCREMENTAR EL FINANCIAMIENTO OTORGADO POR EL BANCO AGROPECUARIO (AGROBANCO) Y DICTAR OTRAS MEDIDAS PARA LA REACTIVACIÓN DEL SECTOR AGROPECUARIO. ",0,https://wb2server.congreso.gob.pe/spley-portal/#/diputados/expediente/2026/356
diputados,355,00355-2026-2031-CD,2026-09-18,CÁMARA DE DIPUTADOS - ACTUALIZACIÓN,,EN COMISIÓN,Primera Legislatura Ordinaria 2026,"ACTUALIZACIÓN DE CONFORMIDAD CON LA SEGUNDA DISPOSICIÓN COMPLEMENTARIA TRANSITORIA DEL REGLAMENTO DEL CONGRESO -  (ANTES PL 06655/2023-CR - CONGRESO).
PROPOSICIÓN LEGISLATIVA QUE CREA EL REGISTRO DE PRESTADORES DE SERVICIOS DE DELIVERY A TRAVÉS DE LAS PLATAFORMAS DIGITALES DE REPARTO (REPRESEDE).",0,https://wb2server.congreso.gob.pe/spley-portal/#/diputados/expediente/2026/355
diputados,354,00354-2026-2031-CD,2026-09-18,CÁMARA DE DIPUTADOS - ACTUALIZACIÓN,,EN COMISIÓN,Primera Legislatura Ordinaria 2026,"ACTUALIZACIÓN DE CONFORMIDAD CON LA SEGUNDA DISPOSICIÓN COMPLEMENTARIA TRANSITORIA DEL REGLAMENTO DEL CONGRESO - (ANTES PL 06487/2023-CR - CONGRESO).
PROPOSICIÓN LEGISLATIVA QUE MODIFICA EL CÓDIGO PENAL, DECRETO LEGISLATIVO 635, PARA INCORPORAR EL DELITO DE FRAUDE O MANIPULACIÓN DE RESULTADOS EN COMPETENCIAS DEPORTIVAS OFICIALES. ",0,https://wb2server.congreso.gob.pe/spley-portal/#/diputados/expediente/2026/354
diputados,353,00353-2026-2031-CD,2026-09-18,CÁMARA DE DIPUTADOS - ACTUALIZACIÓN,,EN COMISIÓN,Primera Legislatura Ordinaria 2026,"ACTUALIZACIÓN DE CONFORMIDAD CON LA SEGUNDA DISPOSICIÓN COMPLEMENTARIA TRANSITORIA DEL REGLAMENTO DEL CONGRESO - (ANTES PL 06470/2023-CR - CONGRESO).
PROPOSICIÓN LEGISLATIVA QUE ESTABLECE EL REGISTRO OBLIGATORIO DE TODA MAQUINARIA PESADA EN LOS REGISTROS PÚBLICOS. ",0,https://wb2server.congreso.gob.pe/spley-portal/#/diputados/expediente/2026/353
diputados,352,00352-2026-2031-CD,2026-09-18,Cámara de Diputados,Juntos por el Perú,EN COMISIÓN,Primera Legislatura Ordinaria 2026,PROPOSICIÓN LEGISLATIVA QUE DISPONE LA CONVERSIÓN PROGRESIVA DEL INSTITUTO DE EDUCACIÓN SUPERIOR TECNOLÓGICO PÚBLICO JOSÉ CARLOS MARIÁTEGUI DE MOQUEGUA EN LA UNIVERSIDAD NACIONAL TECNOLÓGICA JOSÉ CARLOS MARIÁTEGUI.,7,https://wb2server.congreso.gob.pe/spley-portal/#/diputados/expediente/2026/352
diputados,351,00351-2026-2031-CD,2026-09-18,CÁMARA DE DIPUTADOS - ACTUALIZACIÓN,,Archivado de Plano,Primera Legislatura Ordinaria 2026,"ACTUALIZACIÓN DE CONFORMIDAD CON LA SEGUNDA DISPOSICIÓN COMPLEMENTARIA TRANSITORIA DEL REGLAMENTO DEL CONGRESO -  (ANTES PL 06332/2023-CR - CONGRESO).
PROPOSICIÓN LEGISLATIVA QUE DECLARA DE INTERÉS NACIONAL LA CREACIÓN DE LA UNIVERSIDAD NACIONAL INTERCULTURAL DE PANGOA (UNIP) EN EL DISTRITO DE PANGOA, PROVINCIA DE SA TIPO, DEPARTAMENTO DE JUNÍN.",0,https://wb2server.congreso.gob.pe/spley-portal/#/diputados/expediente/2026/351
diputados,350,00350-2026-2031-CD,2026-09-18,CÁMARA DE DIPUTADOS - ACTUALIZACIÓN,,Archivado de Plano,Primera Legislatura Ordinaria 2026,"ACTUALIZACIÓN DE CONFORMIDAD CON LA SEGUNDA DISPOSICIÓN COMPLEMENTARIA TRANSITORIA DEL REGLAMENTO DEL CONGRESO -  (ANTES PL 06303/2023-CR - CONGRESO).
PROPOSICIÓN LEGISLATIVA QUE VIABILIZA LA EJECUCIÓN DE BENEFICIOS DE LOS EXTRABAJADORES INSCRITOS EN EL REGISTRO NACIONAL DE TRABAJADORES CESADOS IRREGULARMENTE, EN VIRTUD DE LA APLICACIÓN DE LAS LEYES 27803, 29059, 30484, 31218 Y CONEXAS.",0,https://wb2server.congreso.gob.pe/spley-portal/#/diputados/expediente/2026/350
diputados,349,00349-2026-2031-CD,2026-09-18,Cámara de Diputados,Juntos por el Perú,EN COMISIÓN,Primera Legislatura Ordinaria 2026,PROPOSICIÓN LEGISLATIVA QUE ESTABLECE EL RÉGIMEN DE REPARACIÓN INTEGRAL PARA LOS DEUDOS Y LAS PERSONAS AFECTADAS EN LAS MOVILIZACIONES SOCIALES OCURRIDAS ENTRE DICIEMBRE DE 2022 Y MARZO DE 2023.,8,https://wb2server.congreso.gob.pe/spley-portal/#/diputados/expediente/2026/349
diputados,348,00348-2026-2031-CD,2026-09-18,CÁMARA DE DIPUTADOS - ACTUALIZACIÓN,,EN COMISIÓN,Primera Legislatura Ordinaria 2026,"ACTUALIZACIÓN DE CONFORMIDAD CON LA SEGUNDA DISPOSICIÓN COMPLEMENTARIA TRANSITORIA DEL REGLAMENTO DEL CONGRESO -  (ANTES PL 06096/2023-CR - CONGRESO).
PROPOSICIÓN LEGISLATIVA QUE MODIFICA EL DECRETO LEY 25844, LEY DE CONCESIONES ELÉCTRICAS, PARA IMPLEMENTAR SISTEMAS DE MEDICIÓN INTELIGENTE (SMI) EN BENEFICIO DE LOS USUARIOS, Y EVITAR EL DOBLE PAGO POR RECONEXIÓN DEL SERVICIO DE ENERGÍA ELÉCTRICA.",0,https://wb2server.congreso.gob.pe/spley-portal/#/diputados/expediente/2026/348
diputados,347,00347-2026-2031-CD,2026-09-18,CÁMARA DE DIPUTADOS - ACTUALIZACIÓN,,Archivado de Plano,Primera Legislatura Ordinaria 2026,"ACTUALIZACIÓN DE CONFORMIDAD CON LA SEGUNDA DISPOSICIÓN COMPLEMENTARIA TRANSITORIA DEL REGLAMENTO DEL CONGRESO - (ANTES PL 05928/2023-CR - CONGRESO).
PROPOSICIÓN LEGISLATIVA QUE MODIFICA LA LEY 31407, LEY QUE DECLARA DE INTERÉS NACIONAL Y DE NECESIDAD PÚBLICA LA CREACIÓN DE LA ZONA FRANCA DE CHIMBOTE, A FIN DE INCORPORAR EXONERACIONES
TRIBUTARIAS. ",0,https://wb2server.congreso.gob.pe/spley-portal/#/diputados/expediente/2026/347
diputados,346,00346-2026-2031-CD,2026-09-18,CÁMARA DE DIPUTADOS - ACTUALIZACIÓN,,EN COMISIÓN,Primera Legislatura Ordinaria 2026,"ACTUALIZACIÓN DE CONFORMIDAD CON LA SEGUNDA DISPOSICIÓN COMPLEMENTARIA TRANSITORIA DEL REGLAMENTO DEL CONGRESO -  (ANTES PL 06075/2023-CR - CONGRESO).
PROPOSICIÓN LEGISLATIVA QUE ESTABLECE UN RÉGIMEN ESPECIAL DE ACCESO A SERVICIOS PÚBLICOS BÁSICOS PARA LOS PUEBLOS INDÍGENAS U ORIGINARIOS ORGANIZADOS COMO COMUNIDADES CAMPESINAS O COMUNIDADES NATIVAS, CON DERECHOS DE PROPIEDAD ADQUIRIDOS ANTES DE LA DECLARACIÓN DEL BIEN INMUEBLE COMO PATRIMONIO CULTURAL DE LA NACIÓN.",0,https://wb2server.congreso.gob.pe/spley-portal/#/diputados/expediente/2026/346
diputados,345,00345-2026-2031-CD,2026-09-18,Cámara de Diputados,Juntos por el Perú,EN COMISIÓN,Primera Legislatura Ordinaria 2026,"PROPOSICIÓN LEGISLATIVA QUE MODIFICA LA LEY 32434, LEY QUE PROMUEVE LA TRANSFORMACIÓN PRODUCTIVA, COMPETITIVA Y SOSTENIBLE DEL SECTOR AGRARIO CON PROTECCIÓN SOCIAL HACIA LA AGRICULTURA MODERNA, A FIN DE RESTABLECER LA TASA DEL IMPUESTO A LA RENTA DE LAS EMPRESAS AGRARIAS CONFORME AL RÉGIMEN GENERAL Y LA PLENA FACULTAD DE PROGRAMACIÓN INSPECTIVA DE LA SUNAFIL.",5,https://wb2server.congreso.gob.pe/spley-portal/#/diputados/expediente/2026/345
diputados,344,00344-2026-2031-CD,2026-09-18,CÁMARA DE DIPUTADOS - ACTUALIZACIÓN,,Archivado de Plano,Primera Legislatura Ordinaria 2026,"ACTUALIZACIÓN DE CONFORMIDAD CON LA SEGUNDA DISPOSICIÓN COMPLEMENTARIA TRANSITORIA DEL REGLAMENTO DEL CONGRESO - (ANTES PL 06070/2023-CR - CONGRESO).
PROPOSICIÓN LEGISLATIVA QUE DISPONE LA REALIZACIÓN DE CENSOS NACIONALES PENITENCIARIOS CADA CINCO AÑOS Y LA EJECUCIÓN DEL II CENSO NACIONAL PENITENCIARIO DURANTE EL AÑO 2025. ",0,https://wb2server.congreso.gob.pe/spley-portal/#/diputados/expediente/2026/344
diputados,343,00343-2026-2031-CD,2026-09-18,Colegios Profesionales,,EN COMISIÓN,Primera Legislatura Ordinaria 2026,"PROPOSICIÓN LEGISLATIVA QUE MODIFICA LA LEY 27853, PARA ADECUAR LA DENOMINACIÓN DE PROFESIONAL OBSTETRA Y PRECISAR SUS COMPETENCIAS EN LA ATENCIÓN MATERNA Y DEL RECIÉN NACIDO.",0,https://wb2server.congreso.gob.pe/spley-portal/#/diputados/expediente/2026/343
diputados,342,00342-2026-2031-CD,2026-09-18,Colegios Profesionales,,EN COMISIÓN,Primera Legislatura Ordinaria 2026,PROPOSICIÓN LEGISLATIVA QUE RECONOCE LA COMPENSACIÓN ECONÓMICA A LOS ESTUDIANTES DE OBSTETRICIA QUE REALIZAN EL INTERNADO EN ESTABLECIMIENTOS PÚBLICOS DE SALUD.,0,https://wb2server.congreso.gob.pe/spley-portal/#/diputados/expediente/2026/342
diputados,341,00341-2026-2031-CD,2026-09-17,CÁMARA DE DIPUTADOS - ACTUALIZACIÓN,,EN COMISIÓN,Primera Legislatura Ordinaria 2026,"ACTUALIZACIÓN DE CONFORMIDAD CON LA SEGUNDA DISPOSICIÓN COMPLEMENTARIA TRANSITORIA DEL REGLAMENTO DEL CONGRESO - (ANTES PL 05870/2023-CR - CONGRESO).
PROPOSICIÓN LEGISLATIVA QUE MODIFICA LA LEY 27510, LEY QUE CREA EL FONDO DE COMPENSACIÓN SOCIAL ELÉCTRICA, RESPECTO DE LOS USUARIOS RESIDENCIALES DE DISTRITOS DONDE OPEREN CENTRALES HIDROELÉCTRICAS. ",0,https://wb2server.congreso.gob.pe/spley-portal/#/diputados/expediente/2026/341
diputados,340,00340-2026-2031-CD,2026-09-17,CÁMARA DE DIPUTADOS - ACTUALIZACIÓN,,Archivado de Plano,Primera Legislatura Ordinaria 2026,"ACTUALIZACIÓN DE CONFORMIDAD CON LA SEGUNDA DISPOSICIÓN COMPLEMENTARIA TRANSITORIA DEL REGLAMENTO DEL CONGRESO - (ANTES PL 05702/2023-CR - CONGRESO).
PROPOSICIÓN LEGISLATIVA QUE MODIFICA LA LEY 31041, LEY DE URGENCIA MÉDICA PARA LA DETECCIÓN OPORTUNA Y ATENCIÓN INTEGRAL DEL CÁNCER DEL NIÑO Y DEL ADOLESCENTE, CON LA FINALIDAD DE GARANTIZAR LA ENTREGA DE LA PRESTACIÓN ECONÓMICA ONCOLÓGICA A FAVOR DE LOS NIÑOS Y ADOLESCENTES QUE PADECEN DE CÁNCER Y OTRAS DISPOSICIONES. ",0,https://wb2server.congreso.gob.pe/spley-portal/#/diputados/expediente/2026/340
diputados,339,00339-2026-2031-CD,2026-09-17,CÁMARA DE DIPUTADOS - ACTUALIZACIÓN,,Archivado de Plano,Primera Legislatura Ordinaria 2026,"ACTUALIZACIÓN DE CONFORMIDAD CON LA SEGUNDA DISPOSICIÓN COMPLEMENTARIA TRANSITORIA DEL REGLAMENTO DEL CONGRESO - (ANTES PL 05589/2023-CR - CONGRESO).
PROPOSICIÓN LEGISLATIVA QUE FORTALECE LA GESTIÓN ADMINISTRATIVA Y FINANCIERA DE LAS UNIDADES DE GESTIÓN EDUCATIVA LOCAL DISPONIENDO LA MERITOCRACIA EN LOS CARGOS DIRECTIVOS Y LA CONVERSIÓNDE UNIDADES OPERATIVAS EN UNIDADES EJECUTORAS EN EL DEPARTAMENTO DE AMAZONAS. ",0,https://wb2server.congreso.gob.pe/spley-portal/#/diputados/expediente/2026/339
diputados,338,00338-2026-2031-CD,2026-09-17,CÁMARA DE DIPUTADOS - ACTUALIZACIÓN,,Archivado de Plano,Primera Legislatura Ordinaria 2026,"ACTUALIZACIÓN DE CONFORMIDAD CON LA SEGUNDA DISPOSICIÓN COMPLEMENTARIA TRANSITORIA DEL REGLAMENTO DEL CONGRESO - (ANTES PL 05385/2023-CR - CONGRESO).
PROPOSICIÓN LEGISLATIVA QUE DECLARA DE INTERÉS NACIONAL LA MEJORA DE LAS CONDICIONES DE INFRAESTRUCTURA DE LOS COMEDORES POPULARES Y OLLAS COMUNES, COMO ORGANIZACIONES SOCIALES DE BASE DEL PROGRAMA DE COMPLEMENTACIÓN ALIMENTARIA (PCA). ",0,https://wb2server.congreso.gob.pe/spley-portal/#/diputados/expediente/2026/338
diputados,337,00337-2026-2031-CD,2026-09-17,CÁMARA DE DIPUTADOS - ACTUALIZACIÓN,,EN COMISIÓN,Primera Legislatura Ordinaria 2026,"ACTUALIZACIÓN DE CONFORMIDAD CON LA SEGUNDA DISPOSICIÓN COMPLEMENTARIA TRANSITORIA DEL REGLAMENTO DEL CONGRESO - (ANTES PL 05263/2022-CR - CONGRESO).
PROPOSICIÓN LEGISLATIVA QUE MODIFICA LA LEY 29973, LEY GENERAL DE LA PERSONA CON DISCAPACIDAD, A FIN DE ESTABLECER UNA CUOTA MÍNIMA DE PARTICIPACIÓN DE PERSONAS CON DISCAPACIDAD EN LAS FERIAS. ",0,https://wb2server.congreso.gob.pe/spley-portal/#/diputados/expediente/2026/337
diputados,336,00336-2026-2031-CD,2026-09-17,CÁMARA DE DIPUTADOS - ACTUALIZACIÓN,,Archivado de Plano,Primera Legislatura Ordinaria 2026,"ACTUALIZACIÓN DE CONFORMIDAD CON LA SEGUNDA DISPOSICIÓN COMPLEMENTARIA TRANSITORIA DEL REGLAMENTO DEL CONGRESO - (ANTES PL 05227/2022-CR - CONGRESO).
PROPOSICIÓN LEGISLATIVA QUE DECLARA DE NECESIDAD PÚBLICA E INTERÉS NACIONAL EL MEJORAMIENTO DE LA PLANTA DE TRATAMIENTO DE AGUAS RESIDUALES (PIAR) OMO Y DEL SISTEMA DE AGUA POTABLE Y
PARA USO AGRÍCOLA EN LA PROVINCIA DE MARISCAL NIETO DEL DEPARTAMENTO DE MOOUEGUA. ",0,https://wb2server.congreso.gob.pe/spley-portal/#/diputados/expediente/2026/336
diputados,335,00335-2026-2031-CD,2026-09-17,CÁMARA DE DIPUTADOS - ACTUALIZACIÓN,,Archivado de Plano,Primera Legislatura Ordinaria 2026,"ACTUALIZACIÓN DE CONFORMIDAD CON LA SEGUNDA DISPOSICIÓN COMPLEMENTARIA TRANSITORIA DEL REGLAMENTO DEL CONGRESO - (ANTES PL 04982/2022-CR - CONGRESO).
PROPOSICIÓN LEGISLATIVA QUE HOMOLOGA LOS APORTES DE LA SEGURIDAD SOCIAL DE SALUD DE LOS TRABAJADORES DEL SECTOR PÚBLICO INCREMENTANDO EN FORMA PROGRESIVA LA BASE CONTRIBUTIVA, A FIN DE ASEGURAR EL SOSTENIMIENTO FINANCIERO, ASI COMO LA CONTINUIDAD Y MEJORA DE LA ATENCIÓN DE LOS SERVICIOS DE ESSALUD. ",0,https://wb2server.congreso.gob.pe/spley-portal/#/diputados/expediente/2026/335
diputados,334,00334-2026-2031-CD,2026-09-17,CÁMARA DE DIPUTADOS - ACTUALIZACIÓN,,EN COMISIÓN,Primera Legislatura Ordinaria 2026,"ACTUALIZACIÓN DE CONFORMIDAD CON LA SEGUNDA DISPOSICIÓN COMPLEMENTARIA TRANSITORIA DEL REGLAMENTO DEL CONGRESO - (ANTES PL 05092/2022-CR - CONGRESO).
PROPOSICIÓN LEGISLATIVA QUE MODIFICA LA LEY 27181, LEY GENERAL DE TRANSPORTE Y TRÁNSITO TERRESTRE, PARA IMPLEMENTAR EL CENTRO DE GESTIÓN Y MONITOREO INTEGRAL DE ENTIDADES COMPLEMENTARIAS. ",0,https://wb2server.congreso.gob.pe/spley-portal/#/diputados/expediente/2026/334
diputados,333,00333-2026-2031-CD,2026-09-17,CÁMARA DE DIPUTADOS - ACTUALIZACIÓN,,EN COMISIÓN,Primera Legislatura Ordinaria 2026,"ACTUALIZACIÓN DE CONFORMIDAD CON LA SEGUNDA DISPOSICIÓN COMPLEMENTARIA TRANSITORIA DEL REGLAMENTO DEL CONGRESO - (ANTES PL 04933/2022-CR - CONGRESO).
PROPOSICIÓN LEGISLATIVA DEL COMERCIANTE DE HUEVOS DE GALLINA O DE CODORNIZ EN LA VÍA PÚBLICA. ",0,https://wb2server.congreso.gob.pe/spley-portal/#/diputados/expediente/2026/333
diputados,332,00332-2026-2031-CD,2026-09-17,CÁMARA DE DIPUTADOS - ACTUALIZACIÓN,,Archivado de Plano,Primera Legislatura Ordinaria 2026,"ACTUALIZACIÓN DE CONFORMIDAD CON LA SEGUNDA DISPOSICIÓN COMPLEMENTARIA TRANSITORIA DEL REGLAMENTO DEL CONGRESO - (ANTES PL 04929/2022-CR - CONGRESO).
PROPOSICIÓN LEGISLATIVA QUE MODIFICA LOS DECRETOS LEGISLATIVOS 1173, 1132 Y 1174, A FIN DE OTORGAR BENEFICIOS DE ATENCIÓN INTEGRAL DE SALUD AL PERSONAL DEL SERVICIO MILITAR VOLUNTARIO E INCREMENTAR EL APORTE DEL ESTADO AL FONDO DE SALUD DE LAS FUERZAS ARMADAS Y DE LA POLICÍA NACIONAL DEL PERÚ. ",0,https://wb2server.congreso.gob.pe/spley-portal/#/diputados/expediente/2026/332
diputados,331,00331-2026-2031-CD,2026-09-17,CÁMARA DE DIPUTADOS - ACTUALIZACIÓN,,EN COMISIÓN,Primera Legislatura Ordinaria 2026,"ACTUALIZACIÓN DE CONFORMIDAD CON LA SEGUNDA DISPOSICIÓN COMPLEMENTARIA TRANSITORIA DEL REGLAMENTO DEL CONGRESO - (ANTES PL 04850/2022-CG - CONTRALORIA GENRERAL).
PROPOSICIÓN LEGISLATIVA DE GESTIÓN INTEGRAL DE LA DECLARACIÓN JURADA DE INGRESOS, BIENES Y RENTAS, Y DE LA DECLARACIÓN JURADA DE INTERESES. ",0,https://wb2server.congreso.gob.pe/spley-portal/#/diputados/expediente/2026/331
diputados,330,00330-2026-2031-CD,2026-09-17,CÁMARA DE DIPUTADOS - ACTUALIZACIÓN,,Archivado de Plano,Primera Legislatura Ordinaria 2026,"ACTUALIZACIÓN DE CONFORMIDAD CON LA SEGUNDA DISPOSICIÓN COMPLEMENTARIA TRANSITORIA DEL REGLAMENTO DEL CONGRESO - (ANTES PL 04796/2022-CR - CONGRESO).
PROPOSICIÓN LEGISLATIVA QUE DECLARA DE INTERÉS NACIONAL LA CREACIÓN DEL INSTITUTO SUPERIOR PÚBLICO TECNOLÓGICO MINERO EN EL DISTRITO DE PROGRESO DE LA PROVINCIA DE GRAU DEL DEPARTAMENTO DE APURÍMAC. ",0,https://wb2server.congreso.gob.pe/spley-portal/#/diputados/expediente/2026/330
diputados,329,00329-2026-2031-CD,2026-09-17,CÁMARA DE DIPUTADOS - ACTUALIZACIÓN,,Archivado de Plano,Primera Legislatura Ordinaria 2026,"ACTUALIZACIÓN DE CONFORMIDAD CON LA SEGUNDA DISPOSICIÓN COMPLEMENTARIA TRANSITORIA DEL REGLAMENTO DEL CONGRESO - (ANTES PL 04699/2022-CR CONGRESO).
PROPOSICIÓN LEGISLATIVA QUE DECLARA DE INTERÉS NACIONAL Y NECESIDAD PÚBLICA LA CONSTRUCCIÓN, EL MEJORAMIENTO, LA AMPLIACIÓN O LA MODERNIZACIÓN DE LOS TERMINALES PORTUARIOS DE LA COSTA Y DE LA SELVA. ",0,https://wb2server.congreso.gob.pe/spley-portal/#/diputados/expediente/2026/329
diputados,328,00328-2026-2031-CD,2026-09-17,CÁMARA DE DIPUTADOS - ACTUALIZACIÓN,,Archivado de Plano,Primera Legislatura Ordinaria 2026,"ACTUALIZACIÓN DE CONFORMIDAD CON LA SEGUNDA DISPOSICIÓN COMPLEMENTARIA TRANSITORIA DEL REGLAMENTO DEL CONGRESO - (ANTES PL 04732/2022-CR - CONGRESO).
PROPOSICIÓN LEGISLATIVA QUE DECLARA DE INTERÉS NACIONAL EL CUMPLIMIENTO OPORTUNO DE LAS POLÍTICAS PÚBLICAS ORIENTADAS A PREVENIR Y ERRADICAR LA VIOLENCIA SEXUAL EN MENORES DE EDAD, Y LA EMERGENCIA DEL SISTEMA NACIONAL ESPECIALIZADO DE JUSTICIA PARA LA PROTECCIÓN Y SANCIÓN DE LA VIOLENCIA CONTRA LAS MUJERES E INTEGRANTES DEL GRUPO FAMILIAR. ",0,https://wb2server.congreso.gob.pe/spley-portal/#/diputados/expediente/2026/328
diputados,327,00327-2026-2031-CD,2026-09-17,CÁMARA DE DIPUTADOS - ACTUALIZACIÓN,,Archivado de Plano,Primera Legislatura Ordinaria 2026,"ACTUALIZACIÓN DE CONFORMIDAD CON LA SEGUNDA DISPOSICIÓN COMPLEMENTARIA TRANSITORIA DEL REGLAMENTO DEL CONGRESO - (ANTES PL 04664/2022-CR - CONGRESO).
PROPOSICIÓN LEGISLATIVA QUE DECLARA DE INTERÉS NACIONAL LA CREACIÓN Y PROMOCIÓN DE LA SEMANA INTERNACIONAL DEL TURISMO EN EL DEPARTAMENTO DE PUNO. ",0,https://wb2server.congreso.gob.pe/spley-portal/#/diputados/expediente/2026/327
diputados,326,00326-2026-2031-CD,2026-09-17,CÁMARA DE DIPUTADOS - ACTUALIZACIÓN,,Archivado de Plano,Primera Legislatura Ordinaria 2026,"ACTUALIZACIÓN DE CONFORMIDAD CON LA SEGUNDA DISPOSICIÓN COMPLEMENTARIA TRANSITORIA DEL REGLAMENTO DEL CONGRESO - (ANTES PL 04669/2022-CR - CONGRESO).
PROPOSICIÓN LEGISLATIVA QUE DECLARA DE INTERÉS NACIONAL LA AMPLIACIÓN Y EL MEJORAMIENTO DEL COMPLEJO FRONTERIZO SANTA ROSA EN EL DEPARTAMENTO DE TACNA. ",0,https://wb2server.congreso.gob.pe/spley-portal/#/diputados/expediente/2026/326
diputados,325,00325-2026-2031-CD,2026-09-17,CÁMARA DE DIPUTADOS - ACTUALIZACIÓN,,Archivado de Plano,Primera Legislatura Ordinaria 2026,"ACTUALIZACIÓN DE CONFORMIDAD CON LA SEGUNDA DISPOSICIÓN COMPLEMENTARIA TRANSITORIA DEL REGLAMENTO DEL CONGRESO - (ANTES PL 04662/2022-CR - CONGRESO).
PROPOSICIÓN LEGISLATIVA QUE MODIFICA LA LEY 29906. LEY QUE DECLARA DE NECESIDAD PÚBLICA LA PREVENCIÓN Y RECUPERACIÓN AMBIENTAL INTEGRAL DEL LAGO TITICACA Y SUS AFLUENTES, PARA FORTALECER ESTAS ACTIVIDADES. ",0,https://wb2server.congreso.gob.pe/spley-portal/#/diputados/expediente/2026/325
diputados,324,00324-2026-2031-CD,2026-09-17,CÁMARA DE DIPUTADOS - ACTUALIZACIÓN,,EN COMISIÓN,Primera Legislatura Ordinaria 2026,"ACTUALIZACIÓN DE CONFORMIDAD CON LA SEGUNDA DISPOSICIÓN COMPLEMENTARIA TRANSITORIA DEL REGLAMENTO DEL CONGRESO - (ANTES PL 04481/2022-CR - CONGRESO).
PROPOSICIÓN LEGISLATIVA QUE MODIFICA LA LEY 26790, LEY DE MODERNIZACIÓN DE LA SEGURIDAD SOCIAL EN SALUD, PARA AMPLIAR LA COBERTURA A LOS HIJOS SOLTEROS MAYORES DE EDAD QUE REALICEN ESTUDIOS SUPERIORES O TÉCNICOS. ",0,https://wb2server.congreso.gob.pe/spley-portal/#/diputados/expediente/2026/324
diputados,323,00323-2026-2031-CD,2026-09-17,CÁMARA DE DIPUTADOS - ACTUALIZACIÓN,,EN COMISIÓN,Primera Legislatura Ordinaria 2026,"ACTUALIZACIÓN DE CONFORMIDAD CON LA SEGUNDA DISPOSICIÓN COMPLEMENTARIA TRANSITORIA DEL REGLAMENTO DEL CONGRESO - (ANTES PL 03997/2022-CR - CONGRESO).
PROPOSICIÓN LEGISLATIVA QUE MODIFICA EL TEXTO ÚNICO ORDENADO DE LA LEY ORGÁNICA DEL PODER JUDICIAL, DECRETO SUPREMO 017-93-JUS, PARA RESTABLECER LOS JUZGADOS DE EJECUCIÓN PENAL, MODIFICA EL CÓDIGO PROCESAL PENAL, DECRETO LEGISLATIVO 957, Y EL TEXTO ÚNICO ORDENADO DEL CÓDIGO DE EJECUCIÓN PENAL, DECRETO SUPREMO 003-2021-JUS. ",0,https://wb2server.congreso.gob.pe/spley-portal/#/diputados/expediente/2026/323
diputados,322,00322-2026-2031-CD,2026-09-17,CÁMARA DE DIPUTADOS - ACTUALIZACIÓN,,Archivado de Plano,Primera Legislatura Ordinaria 2026,"ACTUALIZACIÓN DE CONFORMIDAD CON LA SEGUNDA DISPOSICIÓN COMPLEMENTARIA TRANSITORIA DEL REGLAMENTO DEL CONGRESO - (ANTES PL 03813/2022-CR - CONGRESO).
PROPOSICIÓN LEGISLATIVA QUE RECONOCE LA BONIFICACIÓN ESPECIAL OTORGADA MEDIANTE LA RESOLUCIÓN MINISTERIAL 1445-90-ED, AL PERSONAL ADMINISTRATIVO DEL SECTOR EDUCACIÓN SUJETO AL DECRETO LEGISLATIVO 276, LEY DE BASES DE LA CARRERA ADMINISTRATIVA Y DE REMUNERACIONES DEL SECTOR PÚBLICO. ",0,https://wb2server.congreso.gob.pe/spley-portal/#/diputados/expediente/2026/322
diputados,321,00321-2026-2031-CD,2026-09-17,CÁMARA DE DIPUTADOS - ACTUALIZACIÓN,,Archivado de Plano,Primera Legislatura Ordinaria 2026,"ACTUALIZACIÓN DE CONFORMIDAD CON LA SEGUNDA DISPOSICIÓN COMPLEMENTARIA TRANSITORIA DEL REGLAMENTO DEL CONGRESO - (ANTES PL 03484/2022-CR - CONGRESO).
PROPOSICIÓN LEGISLATIVA QUE FORTALECE EL ABORDAJE INTEGRAL DE LAS ENFERMEDADES CRÓNICAS NO TRANSMISIBLES (ENT). ",0,https://wb2server.congreso.gob.pe/spley-portal/#/diputados/expediente/2026/321
diputados,320,00320-2026-2031-CD,2026-09-17,CÁMARA DE DIPUTADOS - ACTUALIZACIÓN,,EN COMISIÓN,Primera Legislatura Ordinaria 2026,"ACTUALIZACIÓN DE CONFORMIDAD CON LA SEGUNDA DISPOSICIÓN COMPLEMENTARIA TRANSITORIA DEL REGLAMENTO DEL CONGRESO - (ANTES PL 03334/2022-CR - CONGRESO).
PROPOSICIÓN LEGISLATIVA QUE MODIFICA LA LEY 27300, LEY DE APROVECHAMIENTO SOSTENIBLE DE LAS PLANTAS MEDICINALES, CON LA FINALIDAD DE ACTUALIZAR E INCLUIR LA PARTICIPACIÓN DE ORGANISMOS COMPETENTES EN LA MATERIA, EN BENEFICIO DE LA SALUD PÚBLICA, Y PARA PROMOVER OTRAS ACTIVIDADES RELACIONADAS. ",0,https://wb2server.congreso.gob.pe/spley-portal/#/diputados/expediente/2026/320
diputados,319,00319-2026-2031-CD,2026-09-17,CÁMARA DE DIPUTADOS - ACTUALIZACIÓN,,EN COMISIÓN,Primera Legislatura Ordinaria 2026,"ACTUALIZACIÓN DE CONFORMIDAD CON LA SEGUNDA DISPOSICIÓN COMPLEMENTARIA TRANSITORIA DEL REGLAMENTO DEL CONGRESO - (ANTES PL 03374/2022-CR - CONGRESO).
PROPOSICIÓN LEGISLATIVA QUE MODIFICA LA LEY 30711, LEY QUE ESTABLECE MEDIDAS COMPLEMENTARIAS PARA LA PROMOCIÓN DEL ACCESO A LA PROPIEDAD FORMAL, A FIN DE AGILIZAR LA FORMALIZACIÓN DE
LA PROPIEDAD INFORMAL EN POSIBLES ZONAS DE RIESGO. ",0,https://wb2server.congreso.gob.pe/spley-portal/#/diputados/expediente/2026/319
diputados,318,00318-2026-2031-CD,2026-09-17,CÁMARA DE DIPUTADOS - ACTUALIZACIÓN,,Archivado de Plano,Primera Legislatura Ordinaria 2026,"ACTUALIZACIÓN DE CONFORMIDAD CON LA SEGUNDA DISPOSICIÓN COMPLEMENTARIA TRANSITORIA DEL REGLAMENTO DEL CONGRESO - (ANTES PL 03162/2022-CR - CONGRESO).
PROPOSICIÓN LEGISLATIVA QUE MODIFICA EL DECRETO LEY 19990, QUE CREA EL SISTEMA NACIONAL DE PENSIONES DE LA SEGURIDAD SOCIAL, PARA ELIMINAR LA DISCRIMINACIÓN EN EL ACCESO A LA PENSIÓN DE VIUDEZ. ",0,https://wb2server.congreso.gob.pe/spley-portal/#/diputados/expediente/2026/318
diputados,317,00317-2026-2031-CD,2026-09-17,CÁMARA DE DIPUTADOS - ACTUALIZACIÓN,,Archivado de Plano,Primera Legislatura Ordinaria 2026,"ACTUALIZACIÓN DE CONFORMIDAD CON LA SEGUNDA DISPOSICIÓN COMPLEMENTARIA TRANSITORIA DEL REGLAMENTO DEL CONGRESO - (ANTES PL 03129/2022-CR - CONGRESO).
PROPOSICIÓN LEGISLATIVA QUE DECLARA DE INTERÉS NACIONAL LA IMPLEMENTACIÓN DE UN CENTRO DE INVESTIGACIÓN CIENTÍFICA PARA EL ESTUDIO DEL MAR, DE LAS AGUAS CONTINENTALES Y SUS RECURSOS VIVOS EN EL DISTRITO DE HUANCHACO, PROVINCIA DE TRUJILLO, DEPARTAMENTO DE LA LIBERTAD. ",0,https://wb2server.congreso.gob.pe/spley-portal/#/diputados/expediente/2026/317
diputados,316,00316-2026-2031-CD,2026-09-17,CÁMARA DE DIPUTADOS - ACTUALIZACIÓN,,EN COMISIÓN,Primera Legislatura Ordinaria 2026,"ACTUALIZACIÓN DE CONFORMIDAD CON LA SEGUNDA DISPOSICIÓN COMPLEMENTARIA TRANSITORIA DEL REGLAMENTO DEL CONGRESO - (ANTES PL 02921/2022-CR - CONGRESO).
PROPOSICIÓN LEGISLATIVA QUE MODIFICA LA LEY 30364, LEY PARA PREVENIR, SANCIONAR Y ERRADICAR LA VIOLENCIA CONTRA LAS MUJERES Y LOS INTEGRANTES DEL GRUPO FAMILIAR, A FIN DE PROMOVER UNA CULTURA DE PREVENCIÓN DE LA VIOLENCIA CONTRA LA MUJER Y LOS INTEGRANTES DEL GRUPO FAMILIAR. ",0,https://wb2server.congreso.gob.pe/spley-portal/#/diputados/expediente/2026/316
diputados,315,00315-2026-2031-CD,2026-09-17,Cámara de Diputados,Ahora Nación,EN COMISIÓN,Primera Legislatura Ordinaria 2026,PROPOSICIÓN LEGISLATIVA QUE REGULA LOS INCREMENTOS EXTRAORDINARIOS DE TARIFAS EN EL TRANSPORTE TERRESTE INTERPROVINCIAL Y AÉREO DURANTE PERIODOS DE ALTA DEMANDA.,8,https://wb2server.congreso.gob.pe/spley-portal/#/diputados/expediente/2026/315
diputados,314,00314-2026-2031-CD,2026-09-17,CÁMARA DE DIPUTADOS - ACTUALIZACIÓN,,EN COMISIÓN,Primera Legislatura Ordinaria 2026,"ACTUALIZACIÓN DE CONFORMIDAD CON LA SEGUNDA DISPOSICIÓN COMPLEMENTARIA TRANSITORIA DEL REGLAMENTO DEL CONGRESO - (ANTES PL 02715/2021-CR - CONGRESO).
PROPOSICIÓN LEGISLATIVA QUE MODIFICA EL DECRETO LEGISLATIVO 1100, DECRETO LEGISLATIVO QUE REGULA LA INTERDICCIÓN DE LA MINERÍA ILEGAL EN TODA LA REPÚBLICA Y ESTABLECE MEDIDAS COMPLEMENTARIAS, A FIN DE ASIGNAR BIENES, MAQUINARIA, EQUIPOS E INSUMOS DECOMISADOS A LOS GOBIERNOS LOCALES Y GOBIERNOS REGIONALES. ",0,https://wb2server.congreso.gob.pe/spley-portal/#/diputados/expediente/2026/314
diputados,313,00313-2026-2031-CD,2026-09-17,CÁMARA DE DIPUTADOS - ACTUALIZACIÓN,,Archivado de Plano,Primera Legislatura Ordinaria 2026,"ACTUALIZACIÓN DE CONFORMIDAD CON LA SEGUNDA DISPOSICIÓN COMPLEMENTARIA TRANSITORIA DEL REGLAMENTO DEL CONGRESO - (ANTES PL 02714/2021-CR - CONGRESO).
PROPOSICIÓN LEGISLATIVA QUE DECLARA DE INTERÉS NACIONAL LA INVESTIGACIÓN, CONSERVACIÓN Y GESTIÓN DE SITIOS ARQUEOLÓGICOS UBICADOS EN LOS DEPARTAMENTOS DE AMAZONAS, MOQUEGUA,
CAJAMARCA, LIMA Y HUÁNUCO. ",0,https://wb2server.congreso.gob.pe/spley-portal/#/diputados/expediente/2026/313
diputados,312,00312-2026-2031-CD,2026-09-17,CÁMARA DE DIPUTADOS - ACTUALIZACIÓN,,Archivado de Plano,Primera Legislatura Ordinaria 2026,"ACTUALIZACIÓN DE CONFORMIDAD CON LA SEGUNDA DISPOSICIÓN COMPLEMENTARIA TRANSITORIA DEL REGLAMENTO DEL CONGRESO - (ANTES PL 02630/2021-CR - CONGRESO).
PROPOSICIÓN LEGISLATIVA DE REACTIVACIÓN ECONÓMICA DE LA AMAZONÍA PERUANA A TRAVÉS DE LA SIEMBRA, PRODUCCIÓN E INDUSTRIALIZACIÓN DE LA PLANTA DE YUTE. ",0,https://wb2server.congreso.gob.pe/spley-portal/#/diputados/expediente/2026/312
diputados,311,00311-2026-2031-CD,2026-09-17,CÁMARA DE DIPUTADOS - ACTUALIZACIÓN,,EN COMISIÓN,Primera Legislatura Ordinaria 2026,"ACTUALIZACIÓN DE CONFORMIDAD CON LA SEGUNDA DISPOSICIÓN COMPLEMENTARIA TRANSITORIA DEL REGLAMENTO DEL CONGRESO - (ANTES PL 02545/2021-CR - CONGRESO).
PROPOSICIÓN LEGISLATIVA QUE MODIFICA LA LEY 27470, LEY QUE ESTABLECE NORMAS COMPLEMENTARIAS PARA LA EJECUCIÓN DEL PROGRAMA DEL VASO DE LECHE, A FIN DE FORTALECER LA RACIÓN ALIMENTICIA. ",0,https://wb2server.congreso.gob.pe/spley-portal/#/diputados/expediente/2026/311
diputados,310,00310-2026-2031-CD,2026-09-17,CÁMARA DE DIPUTADOS - ACTUALIZACIÓN,,Archivado de Plano,Primera Legislatura Ordinaria 2026,"ACTUALIZACIÓN DE CONFORMIDAD CON LA SEGUNDA DISPOSICIÓN COMPLEMENTARIA TRANSITORIA DEL REGLAMENTO DEL CONGRESO - (ANTES PL 02447/2021-CR - CONGRESO).
PROPOSICIÓN LEGISLATIVA QUE MODIFICA LA LEY 29535, LEY QUE OTORGA RECONOCIMIENTO OFICIAL A LA LENGUA DE SEÑAS PERUANA. ",0,https://wb2server.congreso.gob.pe/spley-portal/#/diputados/expediente/2026/310
diputados,309,00309-2026-2031-CD,2026-09-17,CÁMARA DE DIPUTADOS - ACTUALIZACIÓN,,EN COMISIÓN,Primera Legislatura Ordinaria 2026,"ACTUALIZACIÓN DE CONFORMIDAD CON LA SEGUNDA DISPOSICIÓN COMPLEMENTARIA TRANSITORIA DEL REGLAMENTO DEL CONGRESO - (ANTES PL 02124/2021-CR - CONGRESO).
PROPOSICIÓN LEGISLATIVA QUE PRORROGA LA VIGENCIA DE LA LEY 31096, LEY QUE PRECISA LOS ALCANCES DE LA LEY 28972, LEY QUE ESTABLECE LA FORMALIZACIÓN DEL TRANSPORTE TERRESTRE DE PASAJEROS EN AUTOMÓVILES COLECTIVOS. ",0,https://wb2server.congreso.gob.pe/spley-portal/#/diputados/expediente/2026/309
diputados,308,00308-2026-2031-CD,2026-09-17,CÁMARA DE DIPUTADOS - ACTUALIZACIÓN,,EN COMISIÓN,Primera Legislatura Ordinaria 2026,"ACTUALIZACIÓN DE CONFORMIDAD CON LA SEGUNDA DISPOSICIÓN COMPLEMENTARIA TRANSITORIA DEL REGLAMENTO DEL CONGRESO - (ANTES PL 01941/2021-CR - CONGRESO).
PROPOSICIÓN LEGISLATIVA QUE REGULA LA ELABORACIÓN Y COMERCIALIZACIÓN DE LOS ALIMENTOS DE REGÍMENES ESPECIALES PARA POBLACIONES VULNERABLES. ",0,https://wb2server.congreso.gob.pe/spley-portal/#/diputados/expediente/2026/308
diputados,307,00307-2026-2031-CD,2026-09-17,CÁMARA DE DIPUTADOS - ACTUALIZACIÓN,,EN COMISIÓN,Primera Legislatura Ordinaria 2026,"ACTUALIZACIÓN DE CONFORMIDAD CON LA SEGUNDA DISPOSICIÓN COMPLEMENTARIA TRANSITORIA DEL REGLAMENTO DEL CONGRESO - (ANTES PL 01898/2021-CR - CONGRESO).
PROPOSICIÓN LEGISLATIVA DE LAS ENTIDADES COMPLEMENTARIAS DEL SISTEMA DE EMISIÓN DE LICENCIAS DE CONDUCIR. ",0,https://wb2server.congreso.gob.pe/spley-portal/#/diputados/expediente/2026/307
diputados,306,00306-2026-2031-CD,2026-09-17,Cámara de Diputados,Partido del Buen Gobierno,EN COMISIÓN,Primera Legislatura Ordinaria 2026,"PROPOSICIÓN LEGISLATIVA QUE PRORROGA LA VIGENCIA DEL REINTEGRO TRIBUTARIO DEL IMPUESTO GENERAL A LA VENTAS Y DE LA EXONERACIÓN DEL IMPUESTO A LA RENTA A LAS REGALÍAS POR DERECHO DE AUTOR PREVISTOS EN LA LEY 31893, LEY DE MEDIDAS ESTRATÉGICAS Y DISPOSICIONES ECONÓMICAS Y TRIBUTARIAS PARA EL FORTALECIMIENTO Y POSICIONAMIENTO DEL ECOSISTEMA DEL LIBRO Y DE LA LECTURA.",9,https://wb2server.congreso.gob.pe/spley-portal/#/diputados/expediente/2026/306
diputados,305,00305-2026-2031-CD,2026-09-17,CÁMARA DE DIPUTADOS - ACTUALIZACIÓN,,EN COMISIÓN,Primera Legislatura Ordinaria 2026,"ACTUALIZACIÓN DE CONFORMIDAD CON LA SEGUNDA DISPOSICIÓN COMPLEMENTARIA TRANSITORIA DEL REGLAMENTO DEL CONGRESO - (ANTES PL 01848/2021-CR - CONGRESO).
PROPOSICIÓN LEGISLATIVA DE PROMOCIÓN Y REACTIVACIÓN DE LA MICRO Y PEQUEÑA EMPRESA (MYPE) ALIMENTARIA A TRAVÉS DE LA IMPLEMENTACIÓN DE LA CERTIFICACIÓN DEL SISTEMA DE ANÁLISIS DE PELIGROS Y PUNTOS CRÍTICOS DE CONTROL (HACCP) EN EL PERÚ. ",0,https://wb2server.congreso.gob.pe/spley-portal/#/diputados/expediente/2026/305
diputados,304,00304-2026-2031-CD,2026-09-17,CÁMARA DE DIPUTADOS - ACTUALIZACIÓN,,Archivado de Plano,Primera Legislatura Ordinaria 2026,"ACTUALIZACIÓN DE CONFORMIDAD CON LA SEGUNDA DISPOSICIÓN COMPLEMENTARIA TRANSITORIA DEL REGLAMENTO DEL CONGRESO - (ANTES PL 01847/2021-CR - CONGRESO).
PROPOSICIÓN LEGISLATIVA QUE IMPLEMENTA EL PADRÓN NACIONAL ÚNICO DE BENEFICIARIOS DE LOS PROGRAMAS SOCIALES DE ASISTENCIA ALIMENTARIA. ",0,https://wb2server.congreso.gob.pe/spley-portal/#/diputados/expediente/2026/304
diputados,303,00303-2026-2031-CD,2026-09-17,CÁMARA DE DIPUTADOS - ACTUALIZACIÓN,,Archivado de Plano,Primera Legislatura Ordinaria 2026,"ACTUALIZACIÓN DE CONFORMIDAD CON LA SEGUNDA DISPOSICIÓN COMPLEMENTARIA TRANSITORIA DEL REGLAMENTO DEL CONGRESO - (ANTES PL 01749/2021-CR - CONGRESO).
PROPOSICIÓN LEGISLATIVA QUE DECLARA DE INTERÉS NACIONAL LA AMPLIACIÓN Y MEJORA DEL ESTADIO MARISCAL DOMINGO NIETO DEL DISTRITO DE ILO DE LA PROVINCIA DE ILO DEL DEPARTAMENTO DE MOQUEGUA. ",0,https://wb2server.congreso.gob.pe/spley-portal/#/diputados/expediente/2026/303
diputados,302,00302-2026-2031-CD,2026-09-17,CÁMARA DE DIPUTADOS - ACTUALIZACIÓN,,Archivado de Plano,Primera Legislatura Ordinaria 2026,"ACTUALIZACIÓN DE CONFORMIDAD CON LA SEGUNDA DISPOSICIÓN COMPLEMENTARIA TRANSITORIA DEL REGLAMENTO DEL CONGRESO - (ANTES PL 01734/2021-CR - CONGRESO).
PROPOSICIÓN LEGISLATIVA QUE FORTALECE LA PRESTACIÓN DE LOS SERVICIOS DE ATENCIÓN PREHOSPITALARIA. ",0,https://wb2server.congreso.gob.pe/spley-portal/#/diputados/expediente/2026/302
diputados,301,00301-2026-2031-CD,2026-09-17,CÁMARA DE DIPUTADOS - ACTUALIZACIÓN,,Archivado de Plano,Primera Legislatura Ordinaria 2026,"ACTUALIZACIÓN DE CONFORMIDAD CON LA SEGUNDA DISPOSICIÓN COMPLEMENTARIA TRANSITORIA DEL REGLAMENTO DEL CONGRESO - (ANTES PL 01665/2021-CR - CONGRESO).
PROPOSICIÓN LEGISLATIVA QUE DECLARA DE INTERÉS NACIONAL LA PROTECCIÓN, CONSERVACIÓN, RESTAURACIÓN, PUESTA EN VALOR Y GESTIÓN DE BIENES INMUEBLES DE LOS DEPARTAMENTOS DE LA LIBERTAD, LAMBAYEQUE Y LIMA. ",0,https://wb2server.congreso.gob.pe/spley-portal/#/diputados/expediente/2026/301
diputados,300,00300-2026-2031-CD,2026-09-17,CÁMARA DE DIPUTADOS - ACTUALIZACIÓN,,Archivado de Plano,Primera Legislatura Ordinaria 2026,"ACTUALIZACIÓN DE CONFORMIDAD CON LA SEGUNDA DISPOSICIÓN COMPLEMENTARIA TRANSITORIA DEL REGLAMENTO DEL CONGRESO - (ANTES PL 01565/2021-CR - CONGRESO).
PROPOSICIÓN LEGISLATIVA QUE DECLARA DE INTERÉS NACIONAL LA CREACIÓN DE LA UNIVERSIDAD NACIONAL DEL VRAEM. ",0,https://wb2server.congreso.gob.pe/spley-portal/#/diputados/expediente/2026/300
diputados,299,00299-2026-2031-CD,2026-09-17,CÁMARA DE DIPUTADOS - ACTUALIZACIÓN,,EN COMISIÓN,Primera Legislatura Ordinaria 2026,"ACTUALIZACIÓN DE CONFORMIDAD CON LA SEGUNDA DISPOSICIÓN COMPLEMENTARIA TRANSITORIA DEL REGLAMENTO DEL CONGRESO - (ANTES PL 01503/2021-CR - CONGRESO).
PROPOSICIÓN LEGISLATIVA QUE MODIFICA LA LEY 29973, LEY GENERAL DE LA PERSONA CON DISCAPACIDAD, A FIN DE MEJORAR EL CUMPLIMIENTO DE LA CUOTA LABORAL EN FAVOR DE LAS PERSONAS CON DISCAPACIDAD. ",0,https://wb2server.congreso.gob.pe/spley-portal/#/diputados/expediente/2026/299
diputados,298,00298-2026-2031-CD,2026-09-17,CÁMARA DE DIPUTADOS - ACTUALIZACIÓN,,Archivado de Plano,Primera Legislatura Ordinaria 2026,"ACTUALIZACIÓN DE CONFORMIDAD CON LA SEGUNDA DISPOSICIÓN COMPLEMENTARIA TRANSITORIA DEL REGLAMENTO DEL CONGRESO - (ANTES PL 01477/2021-CR - CONGRESO).
PROPOSICIÓN LEGISLATIVA QUE PROMUEVE LA IMPLEMENTACIÓN DE LA INICIATIVA DE TRANSPARENCIA PESQUERA. ",0,https://wb2server.congreso.gob.pe/spley-portal/#/diputados/expediente/2026/298
diputados,297,00297-2026-2031-CD,2026-09-17,Colegios Profesionales,,EN COMISIÓN,Primera Legislatura Ordinaria 2026,PROPOSICIÓN LEGISLATIVA QUE MODIFICA EL CÓDIGO PENAL PARA ENFRENTAR DE MANERA EFECTIVA EL EJERCICIO ILEGAL DE LA MEDICINA.,0,https://wb2server.congreso.gob.pe/spley-portal/#/diputados/expediente/2026/297
diputados,296,00296-2026-2031-CD,2026-09-17,CÁMARA DE DIPUTADOS - ACTUALIZACIÓN,,EN COMISIÓN,Primera Legislatura Ordinaria 2026,"ACTUALIZACIÓN DE CONFORMIDAD CON LA SEGUNDA DISPOSICIÓN COMPLEMENTARIA TRANSITORIA DEL REGLAMENTO DEL CONGRESO - (ANTES PL 01339/2021-CR - CONGRESO).
PROPOSICIÓN LEGISLATIVA QUE MODIFICA LOS ARTÍCULOS 3 Y 4 DE LA LEY 26271, LEY QUE NORMA EL DERECHO A PASAJES LIBRES Y PASAJES DIFERENCIADOS COBRADOS POR LAS EMPRESAS DE TRANSPORTE URBANO E INTERURBANO DE PASAJEROS. ",0,https://wb2server.congreso.gob.pe/spley-portal/#/diputados/expediente/2026/296
diputados,295,00295-2026-2031-CD,2026-09-17,CÁMARA DE DIPUTADOS - ACTUALIZACIÓN,,EN COMISIÓN,Primera Legislatura Ordinaria 2026,"ACTUALIZACIÓN DE CONFORMIDAD CON LA SEGUNDA DISPOSICIÓN COMPLEMENTARIA TRANSITORIA DEL REGLAMENTO DEL CONGRESO - (ANTES PL 01330/2021-CR - CONGRESO).
PROPOSICIÓN LEGISLATIVA QUE MODIFICA EL TEXTO ÚNICO ORDENADO DEL DECRETO LEGISLATIVO 728, LEY DE PRODUCTIVIDAD Y COMPETITIVIDAD LABORAL, APROBADO POR EL DECRETO SUPREMO 003-97-TR; LA LEY 26790, LEY DE MODERNIZACIÓN DE LA SEGURIDAD SOCIAL EN SALUD; LA LEY 27409, LEY QUE OTORGA LICENCIA LABORAL POR ADOPCIÓN; LA LEY 28048, LEY DE PROTECCIÓN A FAVOR DE LA MUJER GESTANTE QUE REALIZA LABORES QUE PONGAN EN RIESGO SU SALUD Y/0 EL DESARROLLO NORMAL DEL EMBRIÓN Y EL FETO; Y LA LEY 29409, LEY QUE CONCEDE EL DERECHO DE LICENCIA POR PATERNIDAD A LOS TRABAJADORES DE LA ACTIVIDAD PÚBLICA Y PRIVADA, A FIN DE PROTEGER LOS DERECHOS LABORALES DE LOS PROGENITORES QUE TRABAJAN EN EL SECTOR PRIVADO O EL SECTOR PÚBLICO. ",0,https://wb2server.congreso.gob.pe/spley-portal/#/diputados/expediente/2026/295
diputados,294,00294-2026-2031-CD,2026-09-17,CÁMARA DE DIPUTADOS - ACTUALIZACIÓN,,EN COMISIÓN,Primera Legislatura Ordinaria 2026,"ACTUALIZACIÓN DE CONFORMIDAD CON LA SEGUNDA DISPOSICIÓN COMPLEMENTARIA TRANSITORIA DEL REGLAMENTO DEL CONGRESO - (ANTES PL 00891/2021-CR - CONGRESO).
PROPOSICIÓN LEGISLATIVA QUE ESTABLECE LINEAMIENTOS BÁSICOS PARA INDUSTRIALIZAR LA EXPLOTACIÓN DEL CARBÓN ANTRACITA Y DECLARA DE INTERÉS NACIONAL LA ELABORACIÓN DE LA ESTRATEGIA DE FORTALECIMIENTO DEL ECOSISTEMA REGIONAL PRODUCTIVO PARA EL DEPARTAMENTO DE LA LIBERTAD. ",0,https://wb2server.congreso.gob.pe/spley-portal/#/diputados/expediente/2026/294
diputados,293,00293-2026-2031-CD,2026-09-17,Cámara de Diputados,Ahora Nación,EN COMISIÓN,Primera Legislatura Ordinaria 2026,PROPOSICIÓN LEGISLATIVA QUE GARANTIZA LA CONTINUIDAD DE LA INVERSIÓN PÚBLICA Y EVITA LA PARALIZACIÓN DE OBRAS POR CAMBIO DE GESTIÓN GUBERNAMENTAL.,5,https://wb2server.congreso.gob.pe/spley-portal/#/diputados/expediente/2026/293
diputados,292,00292-2026-2031-CD,2026-09-17,CÁMARA DE DIPUTADOS - ACTUALIZACIÓN,,EN COMISIÓN,Primera Legislatura Ordinaria 2026,"ACTUALIZACIÓN DE CONFORMIDAD CON LA SEGUNDA DISPOSICIÓN COMPLEMENTARIA TRANSITORIA DEL REGLAMENTO DEL CONGRESO - (ANTES PL 00842/2021-CR - CONGRESO).
PROPOSICIÓN LEGISLATIVA DE LEY DE LAS EMPRESAS ADMINISTRADORAS DE INTERMEDIACIÓN DEL SERVICIO PRIVADO DE TRANSPORTE ESPECIAL A TRAVÉS DE PLATAFORMAS TECNOLÓGICAS. ",0,https://wb2server.congreso.gob.pe/spley-portal/#/diputados/expediente/2026/292
diputados,291,00291-2026-2031-CD,2026-09-17,Colegios Profesionales,,Retirado por su Autor,Primera Legislatura Ordinaria 2026,PROPOSICIÓN LEGISLATIVA QUE PROMUEVE LA SEGURIDAD DEL PACIENTE EN EL SECTOR SALUD.,0,https://wb2server.congreso.gob.pe/spley-portal/#/diputados/expediente/2026/291
diputados,290,00290-2026-2031-CD,2026-09-17,CÁMARA DE DIPUTADOS - ACTUALIZACIÓN,,Archivado de Plano,Primera Legislatura Ordinaria 2026,"ACTUALIZACIÓN DE CONFORMIDAD CON LA SEGUNDA DISPOSICIÓN COMPLEMENTARIA TRANSITORIA DEL REGLAMENTO DEL CONGRESO - (ANTES PL 00666/2021-CR - CONGRESO).
PROPOSICIÓN LEGISLATIVA QUE FORTALECE LA ACTUACIÓN DE LOS EQUIPOS MULTIDISCIPLINARIOS DE SALUD (EMS). ",0,https://wb2server.congreso.gob.pe/spley-portal/#/diputados/expediente/2026/290
diputados,289,00289-2026-2031-CD,2026-09-17,Cámara de Diputados,Renovación Popular,EN COMISIÓN,Primera Legislatura Ordinaria 2026,PROPOSICIÓN LEGISLATIVA QUE REGULA EL DERECHO A LA DEFENSA JURÍDICA DE LOS FUNCIONARIOS Y SERVIDORES PÚBLICOS POR ACTOS DERIVADOS DEL EJERCICIO DE LA FUNCIÓN PÚBLICA.,7,https://wb2server.congreso.gob.pe/spley-portal/#/diputados/expediente/2026/289
diputados,288,00288-2026-2031-CD,2026-09-17,CÁMARA DE DIPUTADOS - ACTUALIZACIÓN,,Archivado de Plano,Primera Legislatura Ordinaria 2026,"ACTUALIZACIÓN DE CONFORMIDAD CON LA SEGUNDA DISPOSICIÓN COMPLEMENTARIA TRANSITORIA DEL REGLAMENTO DEL CONGRESO - (ANTES PL 00625/2021-CR - CONGRESO).
PROPOSICIÓN LEGISLATIVA QUE MODIFICA EL DECRETO LEY 19990, SISTEMA NACIONAL DE PENSIONES DE LA SEGURIDAD SOCIAL. ",0,https://wb2server.congreso.gob.pe/spley-portal/#/diputados/expediente/2026/288
diputados,287,00287-2026-2031-CD,2026-09-17,CÁMARA DE DIPUTADOS - ACTUALIZACIÓN,,EN COMISIÓN,Primera Legislatura Ordinaria 2026,"ACTUALIZACIÓN DE CONFORMIDAD CON LA SEGUNDA DISPOSICIÓN COMPLEMENTARIA TRANSITORIA DEL REGLAMENTO DEL CONGRESO - (ANTES PL 00610/2021-CR - CONGRESO).
PROPOSICIÓN LEGISLATIVA QUE MODIFICA EL ARTÍCULO 4 DE LA LE Y 28749, LEY GENERAL DE ELECTRIFICACIÓN RURAL. ",0,https://wb2server.congreso.gob.pe/spley-portal/#/diputados/expediente/2026/287
diputados,286,00286-2026-2031-CD,2026-09-17,CÁMARA DE DIPUTADOS - ACTUALIZACIÓN,,EN COMISIÓN,Primera Legislatura Ordinaria 2026,"ACTUALIZACIÓN DE CONFORMIDAD CON LA SEGUNDA DISPOSICIÓN COMPLEMENTARIA TRANSITORIA DEL REGLAMENTO DEL CONGRESO - (ANTES PL 00504/2021-CR - CONGRESO).
PROPOSICIÓN LEGISLATIVA QUE CREA LAS VEEDURÍAS CIUDADANAS ANTICORRUPCIÓN. ",0,https://wb2server.congreso.gob.pe/spley-portal/#/diputados/expediente/2026/286
diputados,285,00285-2026-2031-CD,2026-09-17,CÁMARA DE DIPUTADOS - ACTUALIZACIÓN,,EN COMISIÓN,Primera Legislatura Ordinaria 2026,"ACTUALIZACIÓN DE CONFORMIDAD CON LA SEGUNDA DISPOSICIÓN COMPLEMENTARIA TRANSITORIA DEL REGLAMENTO DEL CONGRESO - (ANTES PL 00297/2021-CR - CONGRESO).
PROPOSICIÓN LEGISLATIVA QUE MODIFICA EL ARTÍCULO 6 DE LA LEY 26221, LEY ORGÁNICA DE HIDROCARBUROS, Y DIVERSOS ARTÍCULOS DE LA LEY 26225, LEY DE ORGANIZACIÓN Y FUNCIONES DE PERUPETRO S.A. ",0,https://wb2server.congreso.gob.pe/spley-portal/#/diputados/expediente/2026/285
diputados,284,00284-2026-2031-CD,2026-09-17,CÁMARA DE DIPUTADOS - ACTUALIZACIÓN,,EN COMISIÓN,Primera Legislatura Ordinaria 2026,"ACTUALIZACIÓN DE CONFORMIDAD CON LA SEGUNDA DISPOSICIÓN COMPLEMENTARIA TRANSITORIA DEL REGLAMENTO DEL CONGRESO - (ANTES PL 00176/2021-CR - CONGRESO).
PROPOSICIÓN LEGISLATIVA QUE MODIFICA EL DECRETO LEGISLATIVO 1280, DECRETO LEGISLATIVO QUE APRUEBA LA LEY MARCO DE LA GESTIÓN Y PRESTACIÓN DE LOS SERVICIOS DE SANEAMIENTO. ",0,https://wb2server.congreso.gob.pe/spley-portal/#/diputados/expediente/2026/284
diputados,283,00283-2026-2031-CD,2026-09-17,CÁMARA DE DIPUTADOS - ACTUALIZACIÓN,,Archivado de Plano,Primera Legislatura Ordinaria 2026,"ACTUALIZACIÓN DE CONFORMIDAD CON LA SEGUNDA DISPOSICIÓN COMPLEMENTARIA TRANSITORIA DEL REGLAMENTO DEL CONGRESO - (ANTES PL 00110/2021-CR - CONGRESO).
PROPOSICIÓN LEGISLATIVA QUE CREA LA COMISIÓN ESPECIAL MULTISECTORIAL ENCARGADA DE ESTABLECER MECANISMOS DE COMPENSACIÓN Y ALTERNATIVAS DE ADMINISTRACIÓN DE PENSIONES A LOS APORTANTES Y EXAPORTANTES AL SISTEMA NACIONAL DE PENSIONES. ",0,https://wb2server.congreso.gob.pe/spley-portal/#/diputados/expediente/2026/283
diputados,282,00282-2026-2031-CD,2026-09-16,CÁMARA DE DIPUTADOS - ACTUALIZACIÓN,,Archivado de Plano,Primera Legislatura Ordinaria 2026,"ACTUALIZACIÓN DE CONFORMIDAD CON LA SEGUNDA DISPOSICIÓN COMPLEMENTARIA TRANSITORIA DEL REGLAMENTO DEL CONGRESO - (ANTES PL 04638/2022-CR - CONGRESO).
PROPOSICIÓN LEGISLATIVA QUE ESTABLECE BENEFICIO TRIBUTARIO PARA FORTALECER LA CADENA PRODUCTIVA DE LA CARNE DE CUY, AUMENTAR SU CONSUMO A NIVEL NACIONAL E INCENTIVAR SU EXPORTACIÓN. ",0,https://wb2server.congreso.gob.pe/spley-portal/#/diputados/expediente/2026/282
diputados,281,00281-2026-2031-CD,2026-09-16,CÁMARA DE DIPUTADOS - ACTUALIZACIÓN,,EN COMISIÓN,Primera Legislatura Ordinaria 2026,"ACTUALIZACIÓN DE CONFORMIDAD CON LA SEGUNDA DISPOSICIÓN COMPLEMENTARIA TRANSITORIA DEL REGLAMENTO DEL CONGRESO - (ANTES PL 04610/2022-CR - CONGRESO).
PROPOSICIÓN LEGISLATIVA QUE ESTABLECE EL SÁBADO DÍA NO LABORABLE COMPENSABLE A FAVOR DEL TRABAJADOR QUE PERTENECIENTE A UNA CONFESIÓN RELIGIOSA CUYO DÍA DE DESCANSO O DE GUARDAR COINCIDA CON AQUEL. ",0,https://wb2server.congreso.gob.pe/spley-portal/#/diputados/expediente/2026/281
diputados,280,00280-2026-2031-CD,2026-09-16,CÁMARA DE DIPUTADOS - ACTUALIZACIÓN,,Archivado de Plano,Primera Legislatura Ordinaria 2026,"ACTUALIZACIÓN DE CONFORMIDAD CON LA SEGUNDA DISPOSICIÓN COMPLEMENTARIA TRANSITORIA DEL REGLAMENTO DEL CONGRESO - (ANTES PL 04605/2022-CR - CONGRESO).
PROPOSICIÓN LEGISLATIVA QUE DECLARA DE NECESIDAD PÚBLICA LA CONSTRUCCIÓN, MEJORAMIENTO O REUBICACIÓN DE DIVERSOS AEROPUERTOS EN EL PAÍS.",0,https://wb2server.congreso.gob.pe/spley-portal/#/diputados/expediente/2026/280
diputados,279,00279-2026-2031-CD,2026-09-16,CÁMARA DE DIPUTADOS - ACTUALIZACIÓN,,EN COMISIÓN,Primera Legislatura Ordinaria 2026,"ACTUALIZACIÓN DE CONFORMIDAD CON LA SEGUNDA DISPOSICIÓN COMPLEMENTARIA TRANSITORIA DEL REGLAMENTO DEL CONGRESO - (ANTEN PL 04436/2022-CR - CONGRESO).
PROPOSICIÓN LEGISLATIVA QUE MODIFICA LA LEY 28553, LEY GENERAL DE PROTECCIÓN A LAS PERSONAS CON DIABETES, CON LA FINALIDAD DE AMPLIAR LAS MEDIDAS PARA PREVENIR Y TRATAR DICHA ENFERMEDAD.",0,https://wb2server.congreso.gob.pe/spley-portal/#/diputados/expediente/2026/279
diputados,278,00278-2026-2031-CD,2026-09-16,CÁMARA DE DIPUTADOS - ACTUALIZACIÓN,,EN COMISIÓN,Primera Legislatura Ordinaria 2026,"ACTUALIZACIÓN DE CONFORMIDAD CON LA SEGUNDA DISPOSICIÓN COMPLEMENTARIA TRANSITORIA DEL REGLAMENTO DEL CONGRESO - (ANTES PL 04382/2022-CR - CONGRESO).
PROPOSICIÓN LEGISLATIVA QUE MODIFICA LA LEY 31168, LEY QUE PROMUEVE EL EMPODERAMIENTO DE LAS MUJERES RURALES E INDÍGENAS, A FINDE AMPLIAR ACCIONES Y BENEFICIOS EN FAVOR DE LAS MUJERES RURALES, INDÍGENAS Y AFROPERUANAS.",0,https://wb2server.congreso.gob.pe/spley-portal/#/diputados/expediente/2026/278
diputados,277,00277-2026-2031-CD,2026-09-16,CÁMARA DE DIPUTADOS - ACTUALIZACIÓN,,Archivado de Plano,Primera Legislatura Ordinaria 2026,"ACTUALIZACIÓN DE CONFORMIDAD CON LA SEGUNDA DISPOSICIÓN COMPLEMENTARIA TRANSITORIA DEL REGLAMENTO DEL CONGRESO - (ANTEN PL 04335/2022-CR - CONGRESO).
PROPOSICIÓN LEGISLATIVA QUE DECLARA DE INTERÉS NACIONAL LA REFORMULACIÓN DEL ENFOQUE ASISTENCIAL DE LOS PROGRAMAS SOCIALES, COMO PARTE DE LAS INTERVENCIONES PÚBLICAS DE LA POLÍTICA SOCIAL DEL ESTADO, POR UN ENFOQUE DE EMPRENDIMIENTO Y DESARROLLO.",0,https://wb2server.congreso.gob.pe/spley-portal/#/diputados/expediente/2026/277
diputados,276,00276-2026-2031-CD,2026-09-16,Cámara de Diputados,Juntos por el Perú,EN COMISIÓN,Primera Legislatura Ordinaria 2026,PROPOSICIÓN LEGISLATIVA QUE MODIFICA EL RÉGIMEN DE LA REGALÍA MINERA Y EL IMPUESTO ESPECIAL A LA MINERÍA.,8,https://wb2server.congreso.gob.pe/spley-portal/#/diputados/expediente/2026/276
diputados,275,00275-2026-2031-CD,2026-09-16,CÁMARA DE DIPUTADOS - ACTUALIZACIÓN,,EN COMISIÓN,Primera Legislatura Ordinaria 2026,"ACTUALIZACIÓN DE CONFORMIDAD CON LA SEGUNDA DISPOSICIÓN COMPLEMENTARIA TRANSITORIA DEL REGLAMENTO DEL CONGRESO - (ANTES PL 04316/2022-PE - PODER EJECUTIVO).
PROPOSICIÓN LEGISLATIVA QUE MODIFICA LA LEY 29158, LEY ORGÁNICA DEL PODER EJECUTIVO, Y EL NUEVO CÓDIGO PROCESAL PENAL, DECRETO LEGISLATIVO 957, A FIN DE AGILIZAR LOS PROCEDIMIENTOS DE EXTRADICIÓN Y EXPULSIÓN DE PERSONAS CONDENADAS.",0,https://wb2server.congreso.gob.pe/spley-portal/#/diputados/expediente/2026/275
diputados,274,00274-2026-2031-CD,2026-09-16,CÁMARA DE DIPUTADOS - ACTUALIZACIÓN,,EN COMISIÓN,Primera Legislatura Ordinaria 2026,"ACTUALIZACIÓN DE CONFORMIDAD CON LA SEGUNDA DISPOSICIÓN COMPLEMENTARIA TRANSITORIA DEL REGLAMENTO DEL CONGRESO - (ANTES PL 04250/2022-CR - CONGRESO).
PROPOSICIÓN LEGISLATIVA QUE ESTABLECE LA OBLIGATORIEDAD DE LA PUBLICACIÓN DE LOS CONTRATOS SUSCRITOS POR EL ESTADO.",0,https://wb2server.congreso.gob.pe/spley-portal/#/diputados/expediente/2026/274
diputados,273,00273-2026-2031-CD,2026-09-16,CÁMARA DE DIPUTADOS - ACTUALIZACIÓN,,EN COMISIÓN,Primera Legislatura Ordinaria 2026,"ACTUALIZACIÓN DE CONFORMIDAD CON LA SEGUNDA DISPOSICIÓN COMPLEMENTARIA TRANSITORIA DEL REGLAMENTO DEL CONGRESO - (ANTES PL 04053/2022-CR - CONGRESO).
PROPOSICIÓN LEGISLATIVA QUE MODIFICA EL DECRETO LEGISLATIVO 1130, DECRETO LEGISLATIVO QUE CREA LA SUPERINTENDENCIA NACIONAL DE MIGRACIONES, PARA FORTALECER SU ESTRUCTURA ORGÁNICA Y FUNCIONAMIENTO.",0,https://wb2server.congreso.gob.pe/spley-portal/#/diputados/expediente/2026/273
diputados,272,00272-2026-2031-CD,2026-09-16,CÁMARA DE DIPUTADOS - ACTUALIZACIÓN,,Archivado de Plano,Primera Legislatura Ordinaria 2026,"ACTUALIZACIÓN DE CONFORMIDAD CON LA SEGUNDA DISPOSICIÓN COMPLEMENTARIA TRANSITORIA DEL REGLAMENTO DEL CONGRESO - (ANTES PL 04019/2022-CR - CONGRESO).
PROPOSICIÓN LEGISLATIVA QUE MODIFICA LA LEY 29973, LEY GENERAL DE LA PERSONA CON DISCAPACIDAD, PARA FACILITAR EL ACCESO PREFERENTE DE LAS PERSONAS CON DISCAPACIDAD A UNA VIVIENDA DIGNA.",0,https://wb2server.congreso.gob.pe/spley-portal/#/diputados/expediente/2026/272
diputados,271,00271-2026-2031-CD,2026-09-16,Cámara de Diputados,Renovación Popular,EN COMISIÓN,Primera Legislatura Ordinaria 2026,"PROPOSICIÓN LEGISLATIVA QUE CONSOLIDA LA INSPECCIÓN DEL TRABAJO A NIVEL NACIONAL, FORTALECE LA PREVENCIÓN Y PRESERVA LA CONTINUIDAD DEL PERSONAL INSPECTIVO.",6,https://wb2server.congreso.gob.pe/spley-portal/#/diputados/expediente/2026/271
diputados,270,00270-2026-2031-CD,2026-09-16,CÁMARA DE DIPUTADOS - ACTUALIZACIÓN,,Archivado de Plano,Primera Legislatura Ordinaria 2026,"ACTUALIZACIÓN DE CONFORMIDAD CON LA SEGUNDA DISPOSICIÓN COMPLEMENTARIA TRANSITORIA DEL REGLAMENTO DEL CONGRESO - (ANTES PL 03631/2022-CR - CONGRESO).
PROPOSICIÓN LEGISLATIVA QUE REGULA LA MOVILIDAD INTERNA DEL PERSONAL CIVIL DE SALUD DEL MINISTERIO DE DEFENSA.",0,https://wb2server.congreso.gob.pe/spley-portal/#/diputados/expediente/2026/270
diputados,269,00269-2026-2031-CD,2026-09-16,CÁMARA DE DIPUTADOS - ACTUALIZACIÓN,,EN COMISIÓN,Primera Legislatura Ordinaria 2026,"ACTUALIZACIÓN DE CONFORMIDAD CON LA SEGUNDA DISPOSICIÓN COMPLEMENTARIA TRANSITORIA DEL REGLAMENTO DEL CONGRESO -  (ANTES PL 03599/2022-CR - PODER EJECUTIVO).
PROPOSICIÓN LEGISLATIVA QUE PROMUEVE LA CONTRATACIÓN PREFERENTE DE EMPRESAS LOCALES O REGIONALES PARA EL DESARROLLO DE ACTIVIDADES ECONÓMICAS CIRCUNSCRITAS AL TRANSPORTE DE MERCANCÍAS O TRANSPORTE DE TRABAJADORES.",0,https://wb2server.congreso.gob.pe/spley-portal/#/diputados/expediente/2026/269
diputados,268,00268-2026-2031-CD,2026-09-16,Cámara de Diputados,Partido del Buen Gobierno,EN COMISIÓN,Primera Legislatura Ordinaria 2026,PROPOSICIÓN LEGISLATIVA QUE CREA EL MECANISMO DE FINANCIAMIENTO DE BECAS POR IMPUESTOS Y CRÉDITOS EDUCATIVOS PARA CERRAR LA BRECHA AL ACCESO Y CULMINACIÓN A LA EDUCACIÓN SUPERIOR TÉCNICA Y PROFESIONAL.,10,https://wb2server.congreso.gob.pe/spley-portal/#/diputados/expediente/2026/268
diputados,267,00267-2026-2031-CD,2026-09-16,CÁMARA DE DIPUTADOS - ACTUALIZACIÓN,,EN COMISIÓN,Primera Legislatura Ordinaria 2026,"ACTUALIZACIÓN DE CONFORMIDAD CON LA SEGUNDA DISPOSICIÓN COMPLEMENTARIA TRANSITORIA DEL REGLAMENTO DEL CONGRESO - (ANTES PL 03566/2022-CR - CONGRESO).
PROPOSICIÓN LEGISLATIVA QUE MODIFICA EL DECRETO LEGISLATIVO 1350, DECRETO LEGISLATIVO DE MIGRACIONES, PARA PRECISAR CONCEPTOS E INCORPORAR PROCEDIMIENTOS DE POLÍTICA MIGRATORIA.",0,https://wb2server.congreso.gob.pe/spley-portal/#/diputados/expediente/2026/267
diputados,266,00266-2026-2031-CD,2026-09-16,CÁMARA DE DIPUTADOS - ACTUALIZACIÓN,,Archivado de Plano,Primera Legislatura Ordinaria 2026,"ACTUALIZACIÓN DE CONFORMIDAD CON LA SEGUNDA DISPOSICIÓN COMPLEMENTARIA TRANSITORIA DEL REGLAMENTO DEL CONGRESO - (ANTES PL 03361/2022-CR - CONGRESO).
PROPOSICIÓN LEGISLATIVA DE INNOVACIÓN EN LAS SOLUCIONES PARA LA GESTIÓN DE LA MOVILIDAD URBANA.",0,https://wb2server.congreso.gob.pe/spley-portal/#/diputados/expediente/2026/266
diputados,265,00265-2026-2031-CD,2026-09-16,CÁMARA DE DIPUTADOS - ACTUALIZACIÓN,,EN COMISIÓN,Primera Legislatura Ordinaria 2026,"ACTUALIZACIÓN DE CONFORMIDAD CON LA SEGUNDA DISPOSICIÓN COMPLEMENTARIA TRANSITORIA DEL REGLAMENTO DEL CONGRESO - (ANTES PL 03229/2022-CR - CONGRESO).
PROPOSICIÓN LEGISLATIVA QUE MODIFICA LA LEY 27446, LEY DEL SISTEMA NACIONAL DE EVALUACIÓN DEL IMPACTO AMBIENTAL, RESPECTO A LA ESTRATEGIA DE MANEJO AMBIENTAL EN EL CONTENIDO DE LOS ESTUDIOS AMBIENTALES.",0,https://wb2server.congreso.gob.pe/spley-portal/#/diputados/expediente/2026/265
diputados,264,00264-2026-2031-CD,2026-09-16,CÁMARA DE DIPUTADOS - ACTUALIZACIÓN,,Archivado de Plano,Primera Legislatura Ordinaria 2026,"ACTUALIZACIÓN DE CONFORMIDAD CON LA SEGUNDA DISPOSICIÓN COMPLEMENTARIA TRANSITORIA DEL REGLAMENTO DEL CONGRESO - (ANTES PL 03207/2022-CR - CONGRESO).
PROPOSICIÓN LEGISLATIVA QUE PROMUEVE EL USO DEL BASTÓN VERDE PARA VISIBILIZAR Y FAVORECER A LAS PERSONAS CON BAJA VISIÓN.",0,https://wb2server.congreso.gob.pe/spley-portal/#/diputados/expediente/2026/264
diputados,263,00263-2026-2031-CD,2026-09-16,CÁMARA DE DIPUTADOS - ACTUALIZACIÓN,,EN COMISIÓN,Primera Legislatura Ordinaria 2026,"ACTUALIZACIÓN DE CONFORMIDAD CON LA SEGUNDA DISPOSICIÓN COMPLEMENTARIA TRANSITORIA DEL REGLAMENTO DEL CONGRESO - (ANTES PL 03154/2022-CR - CONGRESO).
PROPOSICIÓN LEGISLATIVA QUE MODIFICA LA LEY 28296, LEY GENERAL DEL PATRIMONIO CULTURAL DE LA NACIÓN; LA LEY 29565, LEY DE CREACIÓN DEL MINISTERIO DE CULTURA; Y OTRAS, PARA PROMOVER EL SANEAMIENTO FÍSICO-LEGAL DE LOS BIENES INMUEBLES PREHISPÁNICOS.",0,https://wb2server.congreso.gob.pe/spley-portal/#/diputados/expediente/2026/263
diputados,262,00262-2026-2031-CD,2026-09-16,CÁMARA DE DIPUTADOS - ACTUALIZACIÓN,,EN COMISIÓN,Primera Legislatura Ordinaria 2026,"ACTUALIZACIÓN DE CONFORMIDAD CON LA SEGUNDA DISPOSICIÓN COMPLEMENTARIA TRANSITORIA DEL REGLAMENTO DEL CONGRESO - (ANTES PL 03120/2022-CR - CONGRESO).
PROPOSICIÓN LEGISLATIVA QUE MODIFICA LA LEY 29973, LEY GENERAL DE LA PERSONA CON DISCAPACIDAD, PARA DISPONER QUE LA PERSONA CON DISCAPACIDAD MODERADA TENGA PASE LIBRE EN EL SERVICIO DE TRANSPORTE PÚBLICO TERRESTRE URBANO E INTERURBANO.",0,https://wb2server.congreso.gob.pe/spley-portal/#/diputados/expediente/2026/262
diputados,261,00261-2026-2031-CD,2026-09-16,CÁMARA DE DIPUTADOS - ACTUALIZACIÓN,,EN COMISIÓN,Primera Legislatura Ordinaria 2026,"ACTUALIZACIÓN DE CONFORMIDAD CON LA SEGUNDA DISPOSICIÓN COMPLEMENTARIA TRANSITORIA DEL REGLAMENTO DEL CONGRESO - (ANTES PL 03073/2022-CR - CONGRESO).
PROPOSICIÓN LEGISLATIVA QUE MODIFICA LA LEY 28847, LEY DEL TRABAJO DEL BIÓLOGO, PARA PRECISAR SU EJERCICIO PROFESIONAL Y DERECHOS.",0,https://wb2server.congreso.gob.pe/spley-portal/#/diputados/expediente/2026/261
diputados,260,00260-2026-2031-CD,2026-09-16,CÁMARA DE DIPUTADOS - ACTUALIZACIÓN,,Archivado de Plano,Primera Legislatura Ordinaria 2026,"ACTUALIZACIÓN DE CONFORMIDAD CON LA SEGUNDA DISPOSICIÓN COMPLEMENTARIA TRANSITORIA DEL REGLAMENTO DEL CONGRESO - (ANTES PL 02991/2022-CR - CONGRESO).
PROPOSICIÓN LEGISLATIVA QUE MODIFICA LA LEY 31495, LEY QUE RECONOCE EL DERECHO Y DISPONE EL PAGO DE LA BONIFICACIÓN ESPECIAL POR PREPARACIÓN DE CLASES Y EVALUACIÓN, BONIFICACIÓN ADICIONAL POR DESEMPEÑO DEL CARGO Y POR PREPARACIÓN DE DOCUMENTOS DE GESTIÓN, SIN LA EXIGENCIA DE SENTENCIA JUDICIAL Y MENOS EN CALIDAD DE COSA JUZGADA, CON LA FINALIDAD DE HACER EFECTIVO EL PAGO DE DICHAS BONIFICACIONES.",0,https://wb2server.congreso.gob.pe/spley-portal/#/diputados/expediente/2026/260
diputados,259,00259-2026-2031-CD,2026-09-16,CÁMARA DE DIPUTADOS - ACTUALIZACIÓN,,Archivado de Plano,Primera Legislatura Ordinaria 2026,"ACTUALIZACIÓN DE CONFORMIDAD CON LA SEGUNDA DISPOSICIÓN COMPLEMENTARIA TRANSITORIA DEL REGLAMENTO DEL CONGRESO - ANTES  PL 02676/2021-CR - CONGRESO).
PROPOSICIÓN LEGISLATIVA QUE DECLARA DE INTERÉS NACIONAL LA CREACIÓN DE UNA FILIAL DE LA UNIVERSIDAD NACIONAL MAYOR DE SAN MARCOS EN EL DEPARTAMENTO DE AMAZONAS.",0,https://wb2server.congreso.gob.pe/spley-portal/#/diputados/expediente/2026/259
diputados,258,00258-2026-2031-CD,2026-09-16,CÁMARA DE DIPUTADOS - ACTUALIZACIÓN,,Archivado de Plano,Primera Legislatura Ordinaria 2026,"ACTUALIZACIÓN DE CONFORMIDAD CON LA SEGUNDA DISPOSICIÓN COMPLEMENTARIA TRANSITORIA DEL REGLAMENTO DEL CONGRESO - (ANTES PL 02554/2021-CR - CONGRESO).
PROPOSICIÓN LEGISLATIVA QUE MODIFICA DIVERSAS LEYES A FIN DE FORTALECER EL ROL DE LOS GOBIERNOS LOCALES Y REGIONALES EN LOS PROCESOS DE FORMALIZACIÓN DE LA PROPIEDAD INFORMAL.",0,https://wb2server.congreso.gob.pe/spley-portal/#/diputados/expediente/2026/258
diputados,257,00257-2026-2031-CD,2026-09-16,CÁMARA DE DIPUTADOS - ACTUALIZACIÓN,,EN COMISIÓN,Primera Legislatura Ordinaria 2026,"ACTUALIZACIÓN DE CONFORMIDAD CON LA SEGUNDA DISPOSICIÓN COMPLEMENTARIA TRANSITORIA DEL REGLAMENTO DEL CONGRESO - (ANTES PL 02543/2021-CR - CONGRESO).
PROPOSICIÓN LEGISLATIVA QUE ESTABLECE CONDICIONES PARA EL ACCESO DE LA MICRO Y PEQUEÑA EMPRESA (MYPE) AL MERCADO LIBRE DE ELECTRICIDAD A FIN DE FORTALECER SU PRODUCTIVIDAD Y PROMOVER LA REACTIVACIÓN ECONÓMICA DEL PAÍS.",0,https://wb2server.congreso.gob.pe/spley-portal/#/diputados/expediente/2026/257
diputados,256,00256-2026-2031-CD,2026-09-16,CÁMARA DE DIPUTADOS - ACTUALIZACIÓN,,EN COMISIÓN,Primera Legislatura Ordinaria 2026,"ACTUALIZACIÓN DE CONFORMIDAD CON LA SEGUNDA DISPOSICIÓN COMPLEMENTARIA TRANSITORIA DEL REGLAMENTO DEL CONGRESO - (ANTES PL 02404/2021-CR - CONGRESO).
PROPOSICIÓN LEGISLATIVA QUE PROMUEVE LA INVERSIÓN PRIVADA EN CONSERVACIÓN AMBIENTAL A TRAVÉS DEL MECANISMO AMBIENTE SANO POR IMPUESTOS.",0,https://wb2server.congreso.gob.pe/spley-portal/#/diputados/expediente/2026/256
diputados,255,00255-2026-2031-CD,2026-09-16,CÁMARA DE DIPUTADOS - ACTUALIZACIÓN,,Archivado de Plano,Primera Legislatura Ordinaria 2026,"ACTUALIZACIÓN DE CONFORMIDAD CON LA SEGUNDA DISPOSICIÓN COMPLEMENTARIA TRANSITORIA DEL REGLAMENTO DEL CONGRESO - (ANTES PL 02373/2021-CR - CONGRESO).
PROPOSICIÓN LEGISLATIVA QUE DECLARA DE INTERÉS NACIONAL LA CREACIÓN DE INSTITUTOS DE EDUCACIÓN SUPERIOR TECNOLÓGICOS PÚBLICOS EN LOS DEPARTAMENTOS DE AMAZONAS, APURÍMAC, CAJAMARCA, CUSCO, HUANCAVELICA, LAMBAYEQUE, LIMA, PASCO Y PUNO.",0,https://wb2server.congreso.gob.pe/spley-portal/#/diputados/expediente/2026/255
diputados,254,00254-2026-2031-CD,2026-09-16,CÁMARA DE DIPUTADOS - ACTUALIZACIÓN,,EN COMISIÓN,Primera Legislatura Ordinaria 2026,"ACTUALIZACIÓN DE CONFORMIDAD CON LA SEGUNDA DISPOSICIÓN COMPLEMENTARIA TRANSITORIA DEL REGLAMENTO DEL CONGRESO - (ANTES  PL 02334/2021-CR - CONGRESO).
PROPOSICIÓN LEGISLATIVA QUE OTORGA EN LOS CONCURSOS PÚBLICOS UN PUNTAJE ADICIONAL EN LA ENTREVISTA PERSONAL AL PERSONAL ASISTENCIAL QUE BRINDÓ LA ATENCIÓN DIRECTA A PACIENTES CONFIRMADOS O SOSPECHOSOS CON LA COVID-19 Y AMPLÍA EL TIEMPO DE SERVICIO BRINDADO EN ESTAS CONDICIONES.",0,https://wb2server.congreso.gob.pe/spley-portal/#/diputados/expediente/2026/254
diputados,253,00253-2026-2031-CD,2026-09-16,CÁMARA DE DIPUTADOS - ACTUALIZACIÓN,,EN COMISIÓN,Primera Legislatura Ordinaria 2026,"ACTUALIZACIÓN DE CONFORMIDAD CON LA SEGUNDA DISPOSICIÓN COMPLEMENTARIA TRANSITORIA DEL REGLAMENTO DEL CONGRESO - (ANTES PL 02257/2021-CR - CONGRESO).
PROPOSICIÓN LEGISLATIVA QUE MODIFICA EL CÓDIGO PENAL, DECRETO LEGISLATIVO 635, A FIN DE INCREMENTAR LA PENA DEL DELITO DE RECEPTACIÓN E INCORPORAR CIRCUNSTANCIAS AGRAVANTES.",0,https://wb2server.congreso.gob.pe/spley-portal/#/diputados/expediente/2026/253
diputados,252,00252-2026-2031-CD,2026-09-16,CÁMARA DE DIPUTADOS - ACTUALIZACIÓN,,EN COMISIÓN,Primera Legislatura Ordinaria 2026,"ACTUALIZACIÓN DE CONFORMIDAD CON LA SEGUNDA DISPOSICIÓN COMPLEMENTARIA TRANSITORIA DEL REGLAMENTO DEL CONGRESO - (ANTES PL 02157/2021-CR - CONGRESO).
PROPOSICIÓN LEGISLATIVA QUE MODIFICA EL DECRETO LEGISLATIVO 1214, DECRETO LEGISLATIVO QUE DICTA MEDIDAS DE PREVENCIÓN PARA COMBATIR LOS DELITOS PATRIMONIALES RELACIONADOS CON VEHÍCULOS AUTOMOTORES Y AUTOPARTES.",0,https://wb2server.congreso.gob.pe/spley-portal/#/diputados/expediente/2026/252
diputados,251,00251-2026-2031-CD,2026-09-16,CÁMARA DE DIPUTADOS - ACTUALIZACIÓN,,Archivado de Plano,Primera Legislatura Ordinaria 2026,"ACTUALIZACIÓN DE CONFORMIDAD CON LA SEGUNDA DISPOSICIÓN COMPLEMENTARIA TRANSITORIA DEL REGLAMENTO DEL CONGRESO - (ANTES PL 02037/2021-CR - CONGRESO).
PROPOSICIÓN LEGISLATIVA QUE PROMUEVE LA IMPLEMENTACIÓN DE PLANTAS DE TRANSFORMACIÓN DE FIBRA DE CAMÉLIDOS SUDAMERICANOS Y OVINOS, PARA OBTENER VALOR AGREGADO Y PRODUCTIVIDAD.",0,https://wb2server.congreso.gob.pe/spley-portal/#/diputados/expediente/2026/251
diputados,250,00250-2026-2031-CD,2026-09-16,CÁMARA DE DIPUTADOS - ACTUALIZACIÓN,,EN COMISIÓN,Primera Legislatura Ordinaria 2026,"ACTUALIZACIÓN DE CONFORMIDAD CON LA SEGUNDA DISPOSICIÓN COMPLEMENTARIA TRANSITORIA DEL REGLAMENTO DEL CONGRESO - (ANTES PL 02014/2021-CR - CONGRESO).
PROPOSICIÓN LEGISLATIVA QUE CONFORMA LA COMISIÓN DE ALTO NIVEL PARA LA ELABORACIÓN DE PROPUESTAS DE REFORMA DEL SISTEMA INTERAMERICANO DE DERECHOS HUMANOS.",0,https://wb2server.congreso.gob.pe/spley-portal/#/diputados/expediente/2026/250
diputados,249,00249-2026-2031-CD,2026-09-16,CÁMARA DE DIPUTADOS - ACTUALIZACIÓN,,Archivado de Plano,Primera Legislatura Ordinaria 2026,"ACTUALIZACIÓN DE CONFORMIDAD CON LA SEGUNDA DISPOSICIÓN COMPLEMENTARIA TRANSITORIA DEL REGLAMENTO DEL CONGRESO - (ANTES PL 01984/2021-CR - CONGRESO).
PROPOSICIÓN LEGISLATIVA QUE DECLARA DE INTERÉS NACIONAL LA CREACIÓN DE LA ESCUELA DE EDUCACIÓN SUPERIOR TÉCNICA DE LA POLICÍA NACIONAL DEL PERÚ EN LA REGIÓN UCAYALI.",0,https://wb2server.congreso.gob.pe/spley-portal/#/diputados/expediente/2026/249
diputados,248,00248-2026-2031-CD,2026-09-16,CÁMARA DE DIPUTADOS - ACTUALIZACIÓN,,Archivado de Plano,Primera Legislatura Ordinaria 2026,"ACTUALIZACIÓN DE CONFORMIDAD CON LA SEGUNDA DISPOSICIÓN COMPLEMENTARIA TRANSITORIA DEL REGLAMENTO DEL CONGRESO - (ANTE PL 01921/2021-CR - CONGRESO).
PROPOSICIÓN LEGISLATIVA QUE MODIFICA LA LEY 27613, LEY DE LA PARTICIPACIÓN EN RENTA DE ADUANAS, A FIN DE DESTINAR AL FONDO EDUCATIVO DEL CALLAO EL VEINTE POR CIENTO DE LOS RECURSOS PROVENIENTES DE LA PARTICIPACIÓN EN RENTAS DE ADUANAS (PRA).",0,https://wb2server.congreso.gob.pe/spley-portal/#/diputados/expediente/2026/248
diputados,247,00247-2026-2031-CD,2026-09-16,CÁMARA DE DIPUTADOS - ACTUALIZACIÓN,,Archivado de Plano,Primera Legislatura Ordinaria 2026,"ACTUALIZACIÓN DE CONFORMIDAD CON LA SEGUNDA DISPOSICIÓN COMPLEMENTARIA TRANSITORIA DEL REGLAMENTO DEL CONGRESO - (ANTES PL 01806/2021-CR - CONGRESO).
PROPOSICIÓN LEGISLATIVA QUE DECLARA DE INTERÉS NACIONAL LA CREACIÓN DE UN PARQUE INDUSTRIAL TECNOECOLÓGICO EN EL DEPARTAMENTO DE MOQUEGUA.",0,https://wb2server.congreso.gob.pe/spley-portal/#/diputados/expediente/2026/247
diputados,246,00246-2026-2031-CD,2026-09-16,CÁMARA DE DIPUTADOS - ACTUALIZACIÓN,,EN COMISIÓN,Primera Legislatura Ordinaria 2026,"ACTUALIZACIÓN DE CONFORMIDAD CON LA SEGUNDA DISPOSICIÓN COMPLEMENTARIA TRANSITORIA DEL REGLAMENTO DEL CONGRESO - (ANTES PL 01715/2021-CR - CONGRESO).
PROPOSICIÓN LEGISLATIVA QUE DECLARA EN EMERGENCIA A LAS ESPECIES ÍCTICAS NATIVAS DE LA CUENCA DEL LAGO TITICACA Y SUS LAGUNAS ALTOANDINAS, Y DISPONE SU CONSERVACIÓN.",0,https://wb2server.congreso.gob.pe/spley-portal/#/diputados/expediente/2026/246
diputados,245,00245-2026-2031-CD,2026-09-16,Cámara de Diputados,Ahora Nación,PRESENTADO,Primera Legislatura Ordinaria 2026,PROPOSICIÓN LEGISLATIVA QUE AUTORIZA EXCEPCIONALMENTE EL CAMBIO DE GRUPO OCUPACIONAL Y CAMBIO DE LÍNEA DE CARRERA DEL PERSONAL ASISTENCIAL Y ADMINISTRATIVO DEL SECTOR SALUD.,6,https://wb2server.congreso.gob.pe/spley-portal/#/diputados/expediente/2026/245
diputados,244,00244-2026-2031-CD,2026-09-16,Cámara de Diputados,Ahora Nación,EN COMISIÓN,Primera Legislatura Ordinaria 2026,PROPOSICIÓN LEGISLATIVA LEY DE DESTRABE SOSTENIBLE DE PROYECTOS DE INVERSIÓN EJECUTADOS Y SANEAMIENTO DE PASIVOS AMBIENTALES.,5,https://wb2server.congreso.gob.pe/spley-portal/#/diputados/expediente/2026/244
diputados,243,00243-2026-2031-CD,2026-09-15,CÁMARA DE DIPUTADOS - ACTUALIZACIÓN,,Archivado de Plano,Primera Legislatura Ordinaria 2026,"ACTUALIZACIÓN DE CONFORMIDAD CON LA SEGUNDA DISPOSICIÓN COMPLEMENTARIA TRANSITORIA DEL REGLAMENTO DEL CONGRESO - (ANTES PL 01589/2021-CR - CONGRESO).
PROPOSICIÓN LEGISLATIVA PARA LA FORMALIZACIÓN Y LA SEGURIDAD SOCIAL DEL MOTOTAXISTA.",0,https://wb2server.congreso.gob.pe/spley-portal/#/diputados/expediente/2026/243
diputados,242,00242-2026-2031-CD,2026-09-15,CÁMARA DE DIPUTADOS - ACTUALIZACIÓN,,Archivado de Plano,Primera Legislatura Ordinaria 2026,"ACTUALIZACIÓN DE CONFORMIDAD CON LA SEGUNDA DISPOSICIÓN COMPLEMENTARIA TRANSITORIA DEL REGLAMENTO DEL CONGRESO - (ANTES PL 01587/2021-CR - CONGRESO).
PROPOSICIÓN LEGISLATIVA QUE AUTORIZA EL NOMBRAMIENTO EXCEPCIONAL DE DOCENTES CONTRATADOS EN EDUCACIÓN BÁSICA REGULAR.",0,https://wb2server.congreso.gob.pe/spley-portal/#/diputados/expediente/2026/242
diputados,241,00241-2026-2031-CD,2026-09-15,CÁMARA DE DIPUTADOS - ACTUALIZACIÓN,,EN COMISIÓN,Primera Legislatura Ordinaria 2026,"ACTUALIZACIÓN DE CONFORMIDAD CON LA SEGUNDA DISPOSICIÓN COMPLEMENTARIA TRANSITORIA DEL REGLAMENTO DEL CONGRESO - (ANTES PL 01575/2021-CR - CONGRESO).
PROPOSICIÓN LEGISLATIVA QUE MODIFICA EL DECRETO LEGISLATIVO 1267, LEY DE LA POLICÍA NACIONAL DEL PERÚ.",0,https://wb2server.congreso.gob.pe/spley-portal/#/diputados/expediente/2026/241
diputados,240,00240-2026-2031-CD,2026-09-15,CÁMARA DE DIPUTADOS - ACTUALIZACIÓN,,Archivado de Plano,Primera Legislatura Ordinaria 2026,"ACTUALIZACIÓN DE CONFORMIDAD CON LA SEGUNDA DISPOSICIÓN COMPLEMENTARIA TRANSITORIA DEL REGLAMENTO DEL CONGRESO - (ANTES PL 01515/2021-CR - CONGRESO).
PROPOSICIÓN LEGISLATIVA QUE DEROGA EL LITERAL C) DEL NUMERAL 1 DE LA DISPOSICIÓN COMPLEMENTARIA FINAL CENTÉSIMA DÉCIMA CUARTA DE LA LEY 31365, LEY DE PRESUPUESTO DEL SECTOR PÚBLICO PARA EL AÑO FISCAL 2022.",0,https://wb2server.congreso.gob.pe/spley-portal/#/diputados/expediente/2026/240
diputados,239,00239-2026-2031-CD,2026-09-15,CÁMARA DE DIPUTADOS - ACTUALIZACIÓN,,EN COMISIÓN,Primera Legislatura Ordinaria 2026,"ACTUALIZACIÓN DE CONFORMIDAD CON LA SEGUNDA DISPOSICIÓN COMPLEMENTARIA TRANSITORIA DEL REGLAMENTO DEL CONGRESO - (ANTES PL 01501/2021-CR - CONGRESO).
PROPOSICIÓN LEGISLATIVA DEL ARTESANO PRODUCTOR Y DEL DESARROLLO DE LA ACTIVIDAD ARTESANAL.",0,https://wb2server.congreso.gob.pe/spley-portal/#/diputados/expediente/2026/239
diputados,238,00238-2026-2031-CD,2026-09-15,Cámara de Diputados,Fuerza Popular,EN COMISIÓN,Primera Legislatura Ordinaria 2026,"PROPOSICIÓN LEGISLATIVA QUE MODIFICA LA LEY 27056, LEY DE CREACIÓN DEL SEGURO SOCIAL DE SALUD (ESSALUD), PARA FORTALECER LA ATENCIÓN OPORTUNA DE SUS ASEGURADOS.",5,https://wb2server.congreso.gob.pe/spley-portal/#/diputados/expediente/2026/238
diputados,237,00237-2026-2031-CD,2026-09-15,CÁMARA DE DIPUTADOS - ACTUALIZACIÓN,,EN COMISIÓN,Primera Legislatura Ordinaria 2026,"ACTUALIZACIÓN DE CONFORMIDAD CON LA SEGUNDA DISPOSICIÓN COMPLEMENTARIA TRANSITORIA DEL REGLAMENTO DEL CONGRESO - (ANTES PL 01499/2021-CR - CONGRESO).
PROPOSICIÓN LEGISLATIVA QUE MODIFICA LA LEY 28749, LEY GENERAL DE ELECTRIFICACIÓN RURAL, A FIN DE FORTALECER LOS PROGRAMAS Y PROYECTOS DE USOS PRODUCTIVOS DE LA ELECTRICIDAD.",0,https://wb2server.congreso.gob.pe/spley-portal/#/diputados/expediente/2026/237
diputados,236,00236-2026-2031-CD,2026-09-15,Cámara de Diputados,Juntos por el Perú,EN COMISIÓN,Primera Legislatura Ordinaria 2026,PROPOSICIÓN LEGISLATIVA QUE REGULA Y LIMITA EL GASTO EN PUBLICIDAD ESTATAL Y PRIORIZA SU DIFUSIÓN A TRAVÉS DE LOS MEDIOS DE COMUNICACIÓN DEL ESTADO.,5,https://wb2server.congreso.gob.pe/spley-portal/#/diputados/expediente/2026/236
diputados,235,00235-2026-2031-CD,2026-09-15,CÁMARA DE DIPUTADOS - ACTUALIZACIÓN,,EN COMISIÓN,Primera Legislatura Ordinaria 2026,"ACTUALIZACIÓN DE CONFORMIDAD CON LA SEGUNDA DISPOSICIÓN COMPLEMENTARIA TRANSITORIA DEL REGLAMENTO DEL CONGRESO - (ANTES PL 01448/2021-CR - CONGRESO).
PROPOSICIÓN LEGISLATIVA QUE MODIFICA LA LEY 27336, LEY DE DESARROLLO DE LAS FUNCIONES Y FACULTADES DEL ORGANISMO SUPERVISOR DE INVERSIÓN PRIVADA EN TELECOMUNICACIONES – OSIPTEL, PARA EXTENDER EL PERIODO DE CONSERVACIÓN DEL REGISTRO DE LLAMADAS.",0,https://wb2server.congreso.gob.pe/spley-portal/#/diputados/expediente/2026/235
diputados,234,00234-2026-2031-CD,2026-09-15,CÁMARA DE DIPUTADOS - ACTUALIZACIÓN,,Archivado de Plano,Primera Legislatura Ordinaria 2026,"ACTUALIZACIÓN DE CONFORMIDAD CON LA SEGUNDA DISPOSICIÓN COMPLEMENTARIA TRANSITORIA DEL REGLAMENTO DEL CONGRESO - (ANTES PL 01368/2021-CR - CONGRESO)
PROPOSICIÓN LEGISLATIVA QUE PROMUEVE LA CONTRATACIÓN LABORAL, EN EL SECTOR PRIVADO, DE MUJERES VÍCTIMAS DE VIOLENCIA FAMILIAR.",0,https://wb2server.congreso.gob.pe/spley-portal/#/diputados/expediente/2026/234
diputados,233,00233-2026-2031-CD,2026-09-15,CÁMARA DE DIPUTADOS - ACTUALIZACIÓN,,EN COMISIÓN,Primera Legislatura Ordinaria 2026,"ACTUALIZACIÓN DE CONFORMIDAD CON LA SEGUNDA DISPOSICIÓN COMPLEMENTARIA TRANSITORIA DEL REGLAMENTO DEL CONGRESO - (ANTES PL 01341/2021-CR - CONGRESO).
PROPOSICIÓN LEGISLATIVA QUE MODIFICA LA LEY 30225, LEY DE CONTRATACIONES DEL ESTADO, PARA PRECISAR EL TRATAMIENTO DE LAS GARANTÍAS QUE ACEPTE EL ESTADO. ",0,https://wb2server.congreso.gob.pe/spley-portal/#/diputados/expediente/2026/233
diputados,232,00232-2026-2031-CD,2026-09-15,CÁMARA DE DIPUTADOS - ACTUALIZACIÓN,,Archivado de Plano,Primera Legislatura Ordinaria 2026,"ACTUALIZACIÓN DE CONFORMIDAD CON LA SEGUNDA DISPOSICIÓN COMPLEMENTARIA TRANSITORIA DEL REGLAMENTO DEL CONGRESO - (ANTES PL 01239/2021-CR - CONGRESO).
PROPOSICIÓN LEGISLATIVA QUE DECLARA EN EMERGENCIA LAS EDIFICACIONES Y EL EQUIPAMIENTO DE LAS INSTITUCIONES PÚBLICAS DE EDUCACIÓN BÁSICA.",0,https://wb2server.congreso.gob.pe/spley-portal/#/diputados/expediente/2026/232
diputados,231,00231-2026-2031-CD,2026-09-15,CÁMARA DE DIPUTADOS - ACTUALIZACIÓN,,EN COMISIÓN,Primera Legislatura Ordinaria 2026,"ACTUALIZACIÓN DE CONFORMIDAD CON LA SEGUNDA DISPOSICIÓN COMPLEMENTARIA TRANSITORIA DEL REGLAMENTO DEL CONGRESO - (ANTES PL 01298/2021-CR - CONGRESO)
PROPOSICIÓN LEGISLATIVA QUE MODIFICA EL ARTÍCULO 15 DE LA LEY 27866, LEY DEL TRABAJO PORTUARIO.",0,https://wb2server.congreso.gob.pe/spley-portal/#/diputados/expediente/2026/231
diputados,230,00230-2026-2031-CD,2026-09-15,Cámara de Diputados,Juntos por el Perú,EN COMISIÓN,Primera Legislatura Ordinaria 2026,PROPOSICIÓN LEGISLATIVA QUE FORTALECE LA ATENCIÓN MÉDICA Y LA VIGILANCIA EPIDEMIOLÓGICA PARA LA POBLACIÓN AFECTADA POR LA CONTAMINACIÓN CON METALES PESADOS Y OTRAS SUSTANCIAS QUÍMICAS DERIVADA DE LA ACTIVIDAD MINERA,7,https://wb2server.congreso.gob.pe/spley-portal/#/diputados/expediente/2026/230
diputados,229,00229-2026-2031-CD,2026-09-15,CÁMARA DE DIPUTADOS - ACTUALIZACIÓN,,EN COMISIÓN,Primera Legislatura Ordinaria 2026,"ACTUALIZACIÓN DE CONFORMIDAD CON LA SEGUNDA DISPOSICIÓN COMPLEMENTARIA TRANSITORIA DEL REGLAMENTO DEL CONGRESO - (ANTES PL 01241/2021-CR - CONGRESO).
PROPOSICIÓN LEGISLATIVA QUE MODIFICA EL CÓDIGO PENAL, DECRETO LEGISLATIVO 635, PARA INCREMENTAR LAS PENAS DE LOS DELITOS AMBIENTALES, Y TUTELAR PENALMENTE LOS PAJONALES, PÁRAMOS Y HUMEDALES COMO BIENES JURÍDICOS.",0,https://wb2server.congreso.gob.pe/spley-portal/#/diputados/expediente/2026/229
diputados,228,00228-2026-2031-CD,2026-09-15,CÁMARA DE DIPUTADOS - ACTUALIZACIÓN,,Archivado de Plano,Primera Legislatura Ordinaria 2026,"ACTUALIZACIÓN DE CONFORMIDAD CON LA SEGUNDA DISPOSICIÓN COMPLEMENTARIA TRANSITORIA DEL REGLAMENTO DEL CONGRESO -  (ANTES PL 01238/2021-CR - CONGRESO).
PROPOSICIÓN LEGISLATIVA DE PRESTACIONES DE SERVICIOS TURÍSTICOS EN BENEFICIO DE LOS TRABAJADORES SUJETOS AL RÉGIMEN LABORAL DE LA ACTIVIDAD PRIVADA. ",0,https://wb2server.congreso.gob.pe/spley-portal/#/diputados/expediente/2026/228
diputados,227,00227-2026-2031-CD,2026-09-15,CÁMARA DE DIPUTADOS - ACTUALIZACIÓN,,EN COMISIÓN,Primera Legislatura Ordinaria 2026,"ACTUALIZACIÓN DE CONFORMIDAD CON LA SEGUNDA DISPOSICIÓN COMPLEMENTARIA TRANSITORIA DEL REGLAMENTO DEL CONGRESO - (ANTES PL 01035/2021-CR - CONGRESO).
PROPOSICIÓN LEGISLATIVA QUE MODIFICA EL DECRETO LEGISLATIVO 1490, DECRETO LEGISLATIVO QUE FORTALECE LOS ALCANCES DE LA TELESALUD, A FIN DE CONFORMAR LOS EQUIPOS DE ATENCIÓN PARA TELEMEDICINA DE EMERGENCIA EN LOS HOSPITALES NIVEL IV Y EN LOS HOSPITALES DE EMERGENCIA, Y BRINDAR ATENCIÓN A NIVEL NACIONAL.",0,https://wb2server.congreso.gob.pe/spley-portal/#/diputados/expediente/2026/227
diputados,226,00226-2026-2031-CD,2026-09-15,CÁMARA DE DIPUTADOS - ACTUALIZACIÓN,,EN COMISIÓN,Primera Legislatura Ordinaria 2026,"ACTUALIZACIÓN DE CONFORMIDAD CON LA SEGUNDA DISPOSICIÓN COMPLEMENTARIA TRANSITORIA DEL REGLAMENTO DEL CONGRESO - (ANTES PL 00931/2021-CR - CONGRESO).
PROPOSICIÓN LEGISLATIVA QUE MODIFICA EL CÓDIGO PENAL, DECRETO LEGISLATIVO 635, PARA INCORPORAR AGRAVANTES DE ACTOS DE CRUELDAD CONTRA ANIMALES DOMÉSTICOS Y SILVESTRES. ",0,https://wb2server.congreso.gob.pe/spley-portal/#/diputados/expediente/2026/226
diputados,225,00225-2026-2031-CD,2026-09-15,CÁMARA DE DIPUTADOS - ACTUALIZACIÓN,,Archivado de Plano,Primera Legislatura Ordinaria 2026,"ACTUALIZACIÓN DE CONFORMIDAD CON LA SEGUNDA DISPOSICIÓN COMPLEMENTARIA TRANSITORIA DEL REGLAMENTO DEL CONGRESO - (ANTES PL 00919/2021-CR - CONGRESO).
PROPOSICIÓN LEGISLATIVA QUE MODIFICA EL DECRETO LEGISLATIVO 1133, DECRETO LEGISLATIVO PARA EL ORDENAMIENTO DEFINITIVO DEL RÉGIMEN DE PENSIONES DEL PERSONAL MILITAR Y POLICIAL. ",0,https://wb2server.congreso.gob.pe/spley-portal/#/diputados/expediente/2026/225
diputados,224,00224-2026-2031-CD,2026-09-15,CÁMARA DE DIPUTADOS - ACTUALIZACIÓN,,Archivado de Plano,Primera Legislatura Ordinaria 2026,"ACTUALIZACIÓN DE CONFORMIDAD CON LA SEGUNDA DISPOSICIÓN COMPLEMENTARIA TRANSITORIA DEL REGLAMENTO DEL CONGRESO -  (ANTES PL 00695/2021-CR - CONGRESO).
PROPOSICIÓN LEGISLATIVA QUE AUTORIZA AL MINISTERIO DE ECONOMÍA Y FINANZAS PARA EFECTUAR DETRACCIÓN DE LOS APORTES QUE CORRESPONDAN AL SEGURO SOCIAL DE SALUD (ESSALUD) Y LOS APORTES PREVISIONALES DE LOS EMPLEADOS DEL SECTOR PÚBLICO. ",0,https://wb2server.congreso.gob.pe/spley-portal/#/diputados/expediente/2026/224
diputados,223,00223-2026-2031-CD,2026-09-15,Cámara de Diputados,Juntos por el Perú,EN COMISIÓN,Primera Legislatura Ordinaria 2026,PROPOSICIÓN LEGISLATIVA QUE MODIFICA EL ARTÍCULO 283 Y 315 DEL CÓDIGO PENAL QUE GARANTIZA EL EJERCICIO DEL DERECHO FUNDAMENTAL A LA PROTESTA.,8,https://wb2server.congreso.gob.pe/spley-portal/#/diputados/expediente/2026/223
diputados,222,00222-2026-2031-CD,2026-09-15,Cámara de Diputados,Juntos por el Perú,EN COMISIÓN,Primera Legislatura Ordinaria 2026,"PROPOSICIÓN LEGISLATIVA QUE DEJA SIN EFECTO EL DECRETO SUPREMO 009-2026-EM, A FIN DE GARANTIZAR LA LIBERTAD DE EMPRESA, LA LIBRE COMPETENCIA Y EL ABASTECIMIENTO FORMAL DE HIDROCARBUROS EN EL DEPARTAMENTO DE MADRE DE DIOS Y ZONAS ALEDAÑAS.",7,https://wb2server.congreso.gob.pe/spley-portal/#/diputados/expediente/2026/222
diputados,221,00221-2026-2031-CD,2026-09-14,CÁMARA DE DIPUTADOS - ACTUALIZACIÓN,,EN COMISIÓN,Primera Legislatura Ordinaria 2026,"ACTUALIZACIÓN DE CONFORMIDAD CON LA SEGUNDA DISPOSICIÓN COMPLEMENTARIA TRANSITORIA DEL REGLAMENTO DEL CONGRESO - (ANTES PL 00741/2021-CR - CONGRESO).
PROPOSICIÓN LEGISLATIVA QUE MODIFICA LA LEY 30453, LEY DEL SISTEMA NACIONAL DE RESIDENTADO MÉDICO (SINAREME) PARA REDUCIR LA BRECHA ENTRE LA DEMANDA DE SERVICIO MÉDICO Y LA OFERTA DE ESPECIALISTAS.",0,https://wb2server.congreso.gob.pe/spley-portal/#/diputados/expediente/2026/221
diputados,220,00220-2026-2031-CD,2026-09-14,CÁMARA DE DIPUTADOS - ACTUALIZACIÓN,,Archivado de Plano,Primera Legislatura Ordinaria 2026,"ACTUALIZACIÓN DE CONFORMIDAD CON LA SEGUNDA DISPOSICIÓN COMPLEMENTARIA TRANSITORIA DEL REGLAMENTO DEL CONGRESO - (ANTES PL 00521/2021-CR - CONGRESO).
PROPOSICIÓN LEGISLATIVA DE PROMOCIÓN DE LA SALUD Y PREVENCIÓN DE ENFERMEDADES CARDIOVASCULARES. ",0,https://wb2server.congreso.gob.pe/spley-portal/#/diputados/expediente/2026/220
diputados,219,00219-2026-2031-CD,2026-09-14,CÁMARA DE DIPUTADOS - ACTUALIZACIÓN,,Archivado de Plano,Primera Legislatura Ordinaria 2026,"ACTUALIZACIÓN DE CONFORMIDAD CON LA SEGUNDA DISPOSICIÓN COMPLEMENTARIA TRANSITORIA DEL REGLAMENTO DEL CONGRESO - (ANTES PL 00303/2021-CR - CONGRESO).
PROPOSICIÓN LEGISLATIVA QUE MODIFICA LA LEY 29944, LEY DE REFORMA MAGISTERIAL, A FIN DE PROMOVER LA FORMACIÓN INICIAL Y EN SERVICIO DOCENTE EN LA CARRERA PÚBLICA MAGISTERIAL Y DICTA OTRAS DISPOSICIONES.",0,https://wb2server.congreso.gob.pe/spley-portal/#/diputados/expediente/2026/219
diputados,218,00218-2026-2031-CD,2026-09-14,CÁMARA DE DIPUTADOS - ACTUALIZACIÓN,,EN COMISIÓN,Primera Legislatura Ordinaria 2026,"ACTUALIZACIÓN DE CONFORMIDAD CON LA SEGUNDA DISPOSICIÓN COMPLEMENTARIA TRANSITORIA DEL REGLAMENTO DEL CONGRESO -  (ANTES PL 00394/2021-CR - CONGRESO).
PROPOSICIÓN LEGISLATIVA QUE MODIFICA LA LEY 24656, LEY GENERAL DE COMUNIDADES CAMPESINAS, PARA GARANTIZAR EL DERECHO DE POSESIÓN Y PROPIEDAD COMUNAL EN LOS CASOS EN QUE LAS PARCELAS SIRVAN PARA VIVIENDA Y SUSTENTO DEL COMUNERO.",0,https://wb2server.congreso.gob.pe/spley-portal/#/diputados/expediente/2026/218
diputados,217,00217-2026-2031-CD,2026-09-14,CÁMARA DE DIPUTADOS - ACTUALIZACIÓN,,Archivado de Plano,Primera Legislatura Ordinaria 2026,"ACTUALIZACIÓN DE CONFORMIDAD CON LA SEGUNDA DISPOSICIÓN COMPLEMENTARIA TRANSITORIA DEL REGLAMENTO DEL CONGRESO - (ANTES PL 00380/2021-CR - CONGRESO).
PROPOSICIÓN LEGISLATIVA DEL EJERCICIO PROFESIONAL DEL NUTRICIONISTA.",0,https://wb2server.congreso.gob.pe/spley-portal/#/diputados/expediente/2026/217
diputados,216,00216-2026-2031-CD,2026-09-14,CÁMARA DE DIPUTADOS - ACTUALIZACIÓN,,Archivado de Plano,Primera Legislatura Ordinaria 2026,"ACTUALIZACIÓN DE CONFORMIDAD CON LA SEGUNDA DISPOSICIÓN COMPLEMENTARIA TRANSITORIA DEL REGLAMENTO DEL CONGRESO - ( ANTES PL 00156/2021/CR - CONGRESO).
PROPOSICIÓN LEGISLATIVA QUE DECLARA DE INTERÉS NACIONAL Y NECESIDAD PÚBLICA LA AMPLIACIÓN Y MEJORAMIENTO DEL SERVICIO DE AGUA PARA RIEGO EN LA ZONA DE INFLUENCIA DEL CANAL MIGUEL CHECA Y CONSTRUCCIÓN DEL RESERVORIO SATÉLITE SAN FRANCISCO, UBICADOS EN LAS PROVINCIAS DE SULLANA Y PAITA, DEPARTAMENTO DE PIURA.",0,https://wb2server.congreso.gob.pe/spley-portal/#/diputados/expediente/2026/216
diputados,215,00215-2026-2031-CD,2026-09-14,Colegios Profesionales,,Retirado por su Autor,Primera Legislatura Ordinaria 2026,PROPOSICIÓN LEGISLATIVA QUE MODIFICA EL ARTÍCULO 16° DE LA LEY 23536 PARA EL RECONOCIMIENTO DE AÑOS DE SERVICIO AL ESTADO DE LOS PROFESIONALES DE LA SALUD.,0,https://wb2server.congreso.gob.pe/spley-portal/#/diputados/expediente/2026/215
diputados,214,00214-2026-2031-CD,2026-09-14,Cámara de Diputados,Renovación Popular,EN COMISIÓN,Primera Legislatura Ordinaria 2026,PROPOSICIÓN LEGISLATIVA QUE FORTALECE EL SISTEMA NACIONAL DE GESTIÓN DEL RIESGO DE DESASTRES MEDIANTE LA INCORPORACIÓN DEL CUERPO DE INGENIERÍA DE LAS FUERZAS ARMADAS PARA LA GESTIÓN DEL RIESGO DE DESASTRES Y EL DESARROLLO NACIONAL.,5,https://wb2server.congreso.gob.pe/spley-portal/#/diputados/expediente/2026/214
diputados,213,00213-2026-2031-CD,2026-09-14,CÁMARA DE DIPUTADOS - ACTUALIZACIÓN,,EN COMISIÓN,Primera Legislatura Ordinaria 2026,"ACTUALIZACIÓN DE CONFORMIDAD CON LA SEGUNDA DISPOSICIÓN COMPLEMENTARIA TRANSITORIA DEL REGLAMENTO DEL CONGRESO - (ANTES PL 00015/2021-CR - CONGRESO)
PROPOSICIÓN LEGISLATIVA QUE PROMUEVE LA COMPRA DEL ESTADO DE PRODUCTOS HIDROBIOLÓGICOS A PESCADORES ARTESANALES.",0,https://wb2server.congreso.gob.pe/spley-portal/#/diputados/expediente/2026/213
diputados,212,00212-2026-2031-CD,2026-09-14,Cámara de Diputados,Fuerza Popular,EN COMISIÓN,Primera Legislatura Ordinaria 2026,"PROPOSICIÓN LEGISLATIVA DE REFORMA CONSTITUCIONAL QUE MODIFICA LOS ARTÍCULOS 40, 41, 109 Y 204 DE LA CONSTITUCIÓN POLÍTICA DEL PERÚ E INCORPORA AL DIARIO OFICIAL EL PERUANO COMO MEDIO OFICIAL DE PUBLICACIÓN.",5,https://wb2server.congreso.gob.pe/spley-portal/#/diputados/expediente/2026/212
diputados,211,00211-2026-2031-CD,2026-09-14,Cámara de Diputados,Renovación Popular,EN COMISIÓN,Primera Legislatura Ordinaria 2026,PROPOSICIÓN LEGISLATIVA DE RESPUESTA INMEDIATA FRENTE AL DELITO Y LAS EMERGENCIAS CON VIDEOVIGILANCIA PRIVADA Y APOYO AÉREO.,5,https://wb2server.congreso.gob.pe/spley-portal/#/diputados/expediente/2026/211
diputados,210,00210-2026-2031-CD,2026-09-11,Cámara de Diputados,Juntos por el Perú,EN COMISIÓN,Primera Legislatura Ordinaria 2026,"PROPOSICIÓN LEGISLATIVA QUE MODIFICA LA LEY 27688, LEY DE ZONA FRANCA Y ZONA COMERCIAL DE TACNA, PARA FORTALECER LA COMPETITIVIDAD DE TACNA Y EL DESARROLLO FRONTERIZO EN EL SUR DEL PERÚ.",6,https://wb2server.congreso.gob.pe/spley-portal/#/diputados/expediente/2026/210
diputados,209,00209-2026-2031-CD,2026-09-11,Cámara de Diputados,Renovación Popular,EN COMISIÓN,Primera Legislatura Ordinaria 2026,PROPOSICIÓN LEGISLATIVA DE REFORMA CONSTITUCIONAL QUE CREA EL SISTEMA DE JUSTICIA Y ESTABLECE LAS BASES Y CONDICIONES PARA SU CORRECTO FUNCIONAMIENTO,8,https://wb2server.congreso.gob.pe/spley-portal/#/diputados/expediente/2026/209
diputados,208,00208-2026-2031-CD,2026-09-11,Cámara de Diputados,Renovación Popular,EN COMISIÓN,Primera Legislatura Ordinaria 2026,PROPOSICIÓN LEGISLATIVA QUE FORTALECE LA IDONEIDAD DE LOS SERVIDORES CIVILES RESPONSABLES DE LA GESTIÓN DEL RIESGO DE DESASTRES EN LOS GOBIERNOS REGIONALES Y LOCALES,8,https://wb2server.congreso.gob.pe/spley-portal/#/diputados/expediente/2026/208
diputados,207,00207-2026-2031-CD,2026-09-11,Cámara de Diputados,Juntos por el Perú,EN COMISIÓN,Primera Legislatura Ordinaria 2026,"PROPOSICIÓN LEGISLATIVA QUE MODIFICA EL DECRETO LEGISLATIVO 728, LEY DE PRODUCTIVIDAD Y COMPETITIVIDAD LABORAL, PARA INCORPORAR COMO FALTA GRAVE EL ACOSO SEXUAL COMETIDO FUERA DEL CENTRO DE TRABAJO PORTANDO INDUMENTARIA LABORAL.",7,https://wb2server.congreso.gob.pe/spley-portal/#/diputados/expediente/2026/207
diputados,206,00206-2026-2031-CD,2026-09-11,Cámara de Diputados,Juntos por el Perú,EN COMISIÓN,Primera Legislatura Ordinaria 2026,"PROPOSICIÓN LEGISLATIVA QUE REGULA EL REGISTRO, IDENTIFICACIÓN Y TRAZABILIDAD DE MAQUINARIA PESADA PARA PREVENIR LA MINERÍA ILEGAL.",7,https://wb2server.congreso.gob.pe/spley-portal/#/diputados/expediente/2026/206
diputados,205,00205-2026-2031-CD,2026-09-11,Cámara de Diputados,Juntos por el Perú,EN COMISIÓN,Primera Legislatura Ordinaria 2026,"PROPOSICIÓN LEGISLATIVA QUE MODIFICA EL CÓDIGO PENAL, DECRETO LEGISLATIVO 635, PARA FORTALECER LA RESPUESTA PENAL FRENTE A LA MINERÍA ILEGAL EN CUERPOS DE AGUA Y EL EMPLEO DE MERCURIO, CIANURO Y OTRAS SUSTANCIAS ALTAMENTE CONTAMINANTES EN LA ACTIVIDAD MINERA.",7,https://wb2server.congreso.gob.pe/spley-portal/#/diputados/expediente/2026/205
diputados,204,00204-2026-2031-CD,2026-09-11,Cámara de Diputados,Ahora Nación,EN COMISIÓN,Primera Legislatura Ordinaria 2026,PROPOSICIÓN LEGISLATIVA QUE EXTIENDE A TODAS LAS MICRO Y PEQUEÑAS EMPRESAS EL DERECHO AL PAGO ANTICIPADO DE CRÉDITOS EMPRESARIALES SIN PENALIDADES.,7,https://wb2server.congreso.gob.pe/spley-portal/#/diputados/expediente/2026/204
diputados,203,00203-2026-2031-CD,2026-09-11,Cámara de Diputados,Partido Cívico Obras,EN COMISIÓN,Primera Legislatura Ordinaria 2026,PROPOSICIÓN LEGISLATIVA QUE IMPLEMENTA EL SISTEMA DIGITAL UNIFICADO DE SALUD Y CREA LA HISTORIA CLÍNICA ELECTRÓNICA ÚNICA.,5,https://wb2server.congreso.gob.pe/spley-portal/#/diputados/expediente/2026/203
diputados,202,00202-2026-2031-CD,2026-09-11,Cámara de Diputados,Renovación Popular,EN COMISIÓN,Primera Legislatura Ordinaria 2026,"PROPOSICIÓN LEGISLATIVA QUE ESTABLECE MEDIDAS TEMPORALES PARA PROMOVER LA ENTREGA VOLUNTARIA, ANÓNIMA Y CON INCENTIVO ECONÓMICO, DE ARMAS DE FUEGO, MUNICIONES, GRANADAS DE GUERRA, EXPLOSIVOS, DINAMITA Y OTRAS ESPECIES SIMILARES DE PROCEDENCIA ILÍCITA O IRREGULAR, POR UN PLAZO DE 60 DÍAS, PARA CONTRIBUIR AL FORTALECIMIENTO DE LA SEGURIDAD CIUDADANA Y LA LUCHA CONTRA LA CRIMINALIDAD.",6,https://wb2server.congreso.gob.pe/spley-portal/#/diputados/expediente/2026/202
diputados,201,00201-2026-2031-CD,2026-09-11,Cámara de Diputados,Fuerza Popular,EN COMISIÓN,Primera Legislatura Ordinaria 2026,PROPOSICIÓN LEGISLATIVA QUE FORTALECE EL ACCESO A LAS PRESTACIONES DE SALUD MEDIANTE LA ATENCIÓN DOMICILIARIA DE LAS PERSONAS CON DISCAPACIDAD SEVERA.,8,https://wb2server.congreso.gob.pe/spley-portal/#/diputados/expediente/2026/201
diputados,200,00200-2026-2031-CD,2026-09-11,Cámara de Diputados,Renovación Popular,EN COMISIÓN,Primera Legislatura Ordinaria 2026,"
PROPOSICIÓN LEGISLATIVA QUE MODIFICA LA LEY 29230 PARA FORTALECER LA GESTIÓN, SUPERVISIÓN Y TRANSPARENCIA DEL MECANISMO DE OBRAS POR IMPUESTOS.
",7,https://wb2server.congreso.gob.pe/spley-portal/#/diputados/expediente/2026/200
diputados,199,00199-2026-2031-CD,2026-09-11,Cámara de Diputados,Renovación Popular,EN COMISIÓN,Primera Legislatura Ordinaria 2026,"PROPOSICIÓN LEGISLATIVA QUE ESTABLECE EL ACCESO GRATUITO DE ESTUDIANTES A SITIOS ARQUEOLÓGICOS, MUSEOS Y LUGARES HISTÓRICOS ADMINISTRADOS POR EL ESTADO",6,https://wb2server.congreso.gob.pe/spley-portal/#/diputados/expediente/2026/199
diputados,198,00198-2026-2031-CD,2026-09-11,Cámara de Diputados,Ahora Nación,EN COMISIÓN,Primera Legislatura Ordinaria 2026,"PROPOSICIÓN LEGISLATIVA QUE PREVIENE Y SANCIONA LAS OPERACIONES DIGITALES COORDINADAS ILÍCITAS DENOMINADAS GRANJAS DE TROLLS Y BOTS, FORTALECIENDO LA INTEGRIDAD DE LOS PROCESOS ELECTORALES",9,https://wb2server.congreso.gob.pe/spley-portal/#/diputados/expediente/2026/198
diputados,197,00197-2026-2031-CD,2026-09-11,Cámara de Diputados,Juntos por el Perú,EN COMISIÓN,Primera Legislatura Ordinaria 2026,"PROPOSICIÓN LEGISLATIVA QUE MODIFICA EL CÓDIGO PENAL – DECRETO LEGISLATIVO N°635, PARA FORTALECER LA RESPUESTA PENAL FRENTE A DELITOS COMETIDOS POR MIEMBROS DE LA POLICIA NACIONAL DEL PERÚ",5,https://wb2server.congreso.gob.pe/spley-portal/#/diputados/expediente/2026/197
diputados,196,00196-2026-2031-CD,2026-09-11,Cámara de Diputados,Partido del Buen Gobierno,EN COMISIÓN,Primera Legislatura Ordinaria 2026,PROPOSICIÓN DE RESOLUCIÓN LEGISLATIVA QUE MODIFICA EL REGLAMENTO DEL CONGRESO PARA GARANTIZAR LA ASIGNACIÓN EFICIENTE DE LOS GASTOS DE INSTALACIÓN,6,https://wb2server.congreso.gob.pe/spley-portal/#/diputados/expediente/2026/196
diputados,195,00195-2026-2031-CD,2026-09-10,Cámara de Diputados,Juntos por el Perú,EN COMISIÓN,Primera Legislatura Ordinaria 2026,"PROPOSICIÓN LEGISLATIVA QUE MODIFICA LA LEY 29944, LEY DE LA REFORMA MAGISTERIAL PARA FORTALECER EL RÉGIMEN ADMINISTRATIVO DISCIPLINARIO DEL SECTOR EDUCACIÓN, FRENTE A CASOS DE VIOLENCIA SEXUAL CONTRA NIÑAS, NIÑOS Y ADOLESCENTES EN INSTITUCIONES EDUCATIVAS PÚBLICAS.",7,https://wb2server.congreso.gob.pe/spley-portal/#/diputados/expediente/2026/195
diputados,194,00194-2026-2031-CD,2026-09-10,Cámara de Diputados,Juntos por el Perú,EN COMISIÓN,Primera Legislatura Ordinaria 2026,"PROPOSICIÓN LEGISLATIVA QUE INCORPORA EL ARTÍCULO 79-A y 79-B A LA LEY 30220, LEY UNIVERSITARIA, CORRESPONDENCIA ENTRE LA ESPECIALIDAD DEL DOCENTE Y LA ASIGNATURA QUE DICTA, Y LOS REQUISITOS MÍNIMOS PARA EL DICTADO DE LOS CURSOS DE INVESTIGACIÓN",6,https://wb2server.congreso.gob.pe/spley-portal/#/diputados/expediente/2026/194
diputados,193,00193-2026-2031-CD,2026-09-10,Cámara de Diputados,Juntos por el Perú,EN COMISIÓN,Primera Legislatura Ordinaria 2026,"PROPOSICIÓN LEGISLATIVA QUE INCORPORA EL ARTÍCULO 29-A A LA LEY 30220, LEY UNIVERSITARIA, PARA ESTABLECER EL PLAZO MÁXIMO DE VIGENCIA DE LA COMISIÓN ORGANIZADORA.",7,https://wb2server.congreso.gob.pe/spley-portal/#/diputados/expediente/2026/193
diputados,192,00192-2026-2031-CD,2026-09-10,Cámara de Diputados,Juntos por el Perú,EN COMISIÓN,Primera Legislatura Ordinaria 2026,"PROPOSICIÓN LEGISLATIVA QUE MODIFICA EL NUMERAL 69.3 DEL ARTÍCULO 69 DE LA LEY 30220, LEY UNIVERSITARIA, PARA EXIGIR EL GRADO DE DOCTOR COMO REQUISITO PARA SER DECANO",6,https://wb2server.congreso.gob.pe/spley-portal/#/diputados/expediente/2026/192
diputados,191,00191-2026-2031-CD,2026-09-10,Cámara de Diputados,Ahora Nación,EN COMISIÓN,Primera Legislatura Ordinaria 2026,PROPOSICIÓN LEGISLATIVA QUE MODIFICA LA LEY 31473 Y SUSPENDE LA PERCEPCIÓN DE LA PENSIÓN DE JUBILACIÓN PARA MIEMBROS DE LAS FUERZAS ARMADAS Y POLICÍA NACIONAL DEL PERÚ QUE OCUPEN CARGOS DE ELECCIÓN POPULAR EN LA PARTE QUE EXCEDA EL TOPE REMUNERATIVO ESTABLECIDO POR LEY.,8,https://wb2server.congreso.gob.pe/spley-portal/#/diputados/expediente/2026/191
diputados,190,00190-2026-2031-CD,2026-09-10,Cámara de Diputados,Juntos por el Perú,EN COMISIÓN,Primera Legislatura Ordinaria 2026,"PROPOSICIÓN LEGISLATIVA QUE MODIFICA EL DECRETO LEGISLATIVO 1158 Y FORTALECE LA SUPERVISIÓN INOPINADA Y BASADA EN RIESGO DE LOS SERVICIOS DE SALUD, CON ÉNFASIS EN LA PROTECCIÓN DE POBLACIONES EN SITUACIÓN DE VULNERABILIDAD Y LA PREVENCIÓN DE RIESGOS EN SALUD MATERNA.",5,https://wb2server.congreso.gob.pe/spley-portal/#/diputados/expediente/2026/190
diputados,189,00189-2026-2031-CD,2026-09-10,Cámara de Diputados,Partido Cívico Obras,EN COMISIÓN,Primera Legislatura Ordinaria 2026,PROPOSICIÓN LEGISLATIVA QUE GARANTIZA EL PROCESO DE LOS DELITOS COMUNES ATRIBUIDOS AL PERSONAL POLICIAL Y MILITAR Y OTORGA SEGURIDAD JURÍDICA A QUIEN ACTÚA EN CUMPLIMIENTO LEGÍTIMO DE SU FUNCIÓN,5,https://wb2server.congreso.gob.pe/spley-portal/#/diputados/expediente/2026/189
diputados,188,00188-2026-2031-CD,2026-09-10,Cámara de Diputados,Renovación Popular,EN COMISIÓN,Primera Legislatura Ordinaria 2026,PROPOSICIÓN LEGISLATIVA QUE GARANTIZA EL PAGO OPORTUNO DE ALIMENTOS.,7,https://wb2server.congreso.gob.pe/spley-portal/#/diputados/expediente/2026/188
diputados,187,00187-2026-2031-CD,2026-09-10,Cámara de Diputados,Fuerza Popular,EN COMISIÓN,Primera Legislatura Ordinaria 2026,PROPOSICIÓN LEGISLATIVA QUE ESTABLECE CRITERIOS PARA LA PRIORIZACIÓN PREVENTIVA DE INVERSIONES EN PUNTOS CRÍTICOS MEDIANTE OBRAS POR IMPUESTOS.,6,https://wb2server.congreso.gob.pe/spley-portal/#/diputados/expediente/2026/187
diputados,186,00186-2026-2031-CD,2026-09-10,Cámara de Diputados,Fuerza Popular,Retirado por su Autor,Primera Legislatura Ordinaria 2026,PROPOSICIÓN LEGISLATIVA QUE INCORPORA A LOS ESTUDIANTES DE PREGRADO DE LAS ESCUELAS DE LA DIRECCIÓN DE EDUCACIÓN Y DOCTRINA DE LA POLICÍA NACIONAL DEL PERÚ COMO BENEFICIARIOS PRONABEC A FIN DE FORTALECER LA SEGURIDAD CIUDADANA EN EL PAÍS,6,https://wb2server.congreso.gob.pe/spley-portal/#/diputados/expediente/2026/186
diputados,185,00185-2026-2031-CD,2026-09-10,Cámara de Diputados,Renovación Popular,EN COMISIÓN,Primera Legislatura Ordinaria 2026,PROPOSICIÓN LEGISLATIVA QUE MODIFICA EL CÓDIGO PENAL PARA FORTALECER LA SEGURIDAD VIAL Y SANCIONAR LA CONDUCCIÓN DE VEHÍCULOS SIN HABILITACIÓN PARA CONDUCIR QUE GENERE PELIGRO PARA LAS PERSONAS.,7,https://wb2server.congreso.gob.pe/spley-portal/#/diputados/expediente/2026/185
diputados,184,00184-2026-2031-CD,2026-09-10,Cámara de Diputados,Fuerza Popular,EN COMISIÓN,Primera Legislatura Ordinaria 2026,PROPOSICIÓN LEGISLATIVA QUE GARANTIZA PRECIOS JUSTOS DE LOS MEDICAMENTOS EN LAS FARMACIAS DE LOS ESTABLECIMIENTOS DE SALUD PRIVADOS PARA EVITAR PERJUDICAR AL CONSUMIDOR.,10,https://wb2server.congreso.gob.pe/spley-portal/#/diputados/expediente/2026/184
diputados,183,00183-2026-2031-CD,2026-09-10,Cámara de Diputados,Fuerza Popular,EN COMISIÓN,Primera Legislatura Ordinaria 2026,PROPOSICIÓN LEGISLATIVA QUE INCORPORA A LOS ESTUDIANTES DE PREGRADO DE LAS ESCUELAS DE LA DIRECCIÓN DE EDUCACIÓN Y DOCTRINA DE LA POLICÍA NACIONAL DEL PERÚ COMO BENEFICIARIOS PRONABEC A FIN DE FORTALECER LA SEGURIDAD CIUDADANA EN EL PAÍS.,6,https://wb2server.congreso.gob.pe/spley-portal/#/diputados/expediente/2026/183
diputados,182,00182-2026-2031-CD,2026-09-10,Cámara de Diputados,Juntos por el Perú,EN COMISIÓN,Primera Legislatura Ordinaria 2026,"PROPOSICIÓN LEGISLATIVA QUE DEROGA LA LEY 32108, LEY QUE MODIFICA EL CÓDIGO PENAL, LA LEY 30077 Y LEY 27379 PARA REEVALUAR LA DEFINICIÓN DE ORGANIZACIÓN CRIMINAL, Y ADOPCIÓN DE MEDIDAS EXCEPCIONALES DE LIMITACIÓN DE DERECHOS EN LA INVESTIGACIÓN PRELIMINAR, Y A FIN DE FORTALECER LA LUCHA CONTRA EL CRIMEN ORGANIZADO Y EL SISTEMA DE JUSTICIA.",6,https://wb2server.congreso.gob.pe/spley-portal/#/diputados/expediente/2026/182
diputados,181,00181-2026-2031-CD,2026-09-10,Cámara de Diputados,Juntos por el Perú,EN COMISIÓN,Primera Legislatura Ordinaria 2026,"PROPOSICIÓN LEGISLATIVA QUE MODIFICA EL ARTÍCULO 108-A DEL CÓDIGO PENAL PARA FORTALECER LA PROTECCIÓN PENAL DE PERSONAS DEFENSORAS AMBIENTALES, GUARDAPARQUES E INTEGRANTES DE PUEBLOS INDÍGENAS U ORIGINARIOS.",7,https://wb2server.congreso.gob.pe/spley-portal/#/diputados/expediente/2026/181
diputados,180,00180-2026-2031-CD,2026-09-10,Cámara de Diputados,Juntos por el Perú,EN COMISIÓN,Primera Legislatura Ordinaria 2026,PROPOSICIÓN LEGISLATIVA QUE OTORGA PLAZO EXCEPCIONAL PARA LA ADECUACIÓN DE UNIDADES DE GESTIÓN MUNICIPAL (UGM) EN EL MARCO DEL DECRETO LEGISLATIVO 1280.,7,https://wb2server.congreso.gob.pe/spley-portal/#/diputados/expediente/2026/180
diputados,179,00179-2026-2031-CD,2026-09-10,Cámara de Diputados,Renovación Popular,PRESENTADO,Primera Legislatura Ordinaria 2026,"
PROPOSICIÓN LEGISLATIVA QUE MODIFICA LOS DECRETOS LEYES 19990 Y 20530 PARA GARANTIZAR LA IGUALDAD EN EL ACCESO A LA PENSIÓN DE VIUDEZ.
",5,https://wb2server.congreso.gob.pe/spley-portal/#/diputados/expediente/2026/179
diputados,178,00178-2026-2031-CD,2026-09-10,Cámara de Diputados,Renovación Popular,CON DICTAMEN,Primera Legislatura Ordinaria 2026,PROPOSICIÓN LEGISLATIVA QUE DECLARA EL SEGUNDO LUNES DE NOVIEMBRE DE CADA AÑO COMO EL DÍA NACIONAL DE LA ORFANDAD.,5,https://wb2server.congreso.gob.pe/spley-portal/#/diputados/expediente/2026/178
diputados,177,00177-2026-2031-CD,2026-09-10,Cámara de Diputados,Renovación Popular,EN COMISIÓN,Primera Legislatura Ordinaria 2026,PROPOSICIÓN LEGISLATIVA QUE AMPLIA EL PLAZO DE LA DETENCIÓN POLICIAL Y DE LA DETENCIÓN PRELIMINAR EN EL DELITO DE TRATA DE PERSONAS.,7,https://wb2server.congreso.gob.pe/spley-portal/#/diputados/expediente/2026/177
diputados,176,00176-2026-2031-CD,2026-09-09,Cámara de Diputados,Juntos por el Perú,EN COMISIÓN,Primera Legislatura Ordinaria 2026,"PROPOSICIÓN LEGISLATIVA QUE DECLARA DE ALTO INTERÉS PÚBLICO Y DE URGENTE NECESIDAD LA CREACIÓN E IMPLEMENTACIÓN DEL PROYECTO ESPECIAL HIDROENERGÉTICO Y AGRÍCOLA ""RÍO CHICHA"" EN EL DEPARTAMENTO DE APURÍMAC.",6,https://wb2server.congreso.gob.pe/spley-portal/#/diputados/expediente/2026/176
diputados,175,00175-2026-2031-CD,2026-09-09,Cámara de Diputados,Ahora Nación,EN COMISIÓN,Primera Legislatura Ordinaria 2026,"PROPOSICIÓN LEGISLATIVA QUE DEROGA LA LEY 32419, LEY QUE CONCEDE AMNISTÍA A LOS MIEMBROS DE LAS FUERZAS ARMADAS, DE LA POLICÍA NACIONAL DEL PERÚ Y DE LOS COMITÉS DE AUTODEFENSA QUE PARTICIPARON EN LA LUCHA CONTRA EL TERRORISMO ENTRE LOS AÑOS 1980 Y 2000.",5,https://wb2server.congreso.gob.pe/spley-portal/#/diputados/expediente/2026/175
diputados,174,00174-2026-2031-CD,2026-09-09,Cámara de Diputados,Renovación Popular,EN COMISIÓN,Primera Legislatura Ordinaria 2026,PROPOSICIÓN LEGISLATIVA QUE MODIFICA EL DECRETO LEGISLATIVO 1180 PARA FORTALECER EL SISTEMA DE RECOMPENSAS CONTRA LA CRIMINALIDAD MEDIANTE EL OTORGAMIENTO DE BENEFICIOS POR INFORMACIÓN RELEVANTE.,6,https://wb2server.congreso.gob.pe/spley-portal/#/diputados/expediente/2026/174
diputados,173,00173-2026-2031-CD,2026-09-09,Cámara de Diputados,Partido del Buen Gobierno,EN COMISIÓN,Primera Legislatura Ordinaria 2026,"PROPOSICIÓN LEGISLATIVA QUE MODIFICA EL NUMERAL 6 DEL ARTÍCULO 230 DEL CÓDIGO PROCESAL PENAL, MODIFICADO POR LA LEY 32130, PARA ESTABLECER UN RÉGIMEN DE PRÓRROGAS SUCESIVAS Y PROPORCIONALES DEL PLAZO DE INTERVENCIÓN DE LAS COMUNICACIONES EN LA INVESTIGACIÓN DE LA CRIMINALIDAD ORGANIZADA.",10,https://wb2server.congreso.gob.pe/spley-portal/#/diputados/expediente/2026/173
diputados,172,00172-2026-2031-CD,2026-09-09,Cámara de Diputados,Partido del Buen Gobierno,EN COMISIÓN,Primera Legislatura Ordinaria 2026,"PROPOSICIÓN LEGISLATIVA QUE CREA EL SISTEMA NACIONAL DE ALERTA E INTEROPERABILIDAD CONTRA EL CRIMEN ORGANIZADO (SINAICO), Y MODIFICA EL DECRETO LEGISLATIVO 1412, DECRETO LEGISLATIVO QUE APRUEBA LA LEY DE GOBIERNO DIGITAL.",11,https://wb2server.congreso.gob.pe/spley-portal/#/diputados/expediente/2026/172
diputados,171,00171-2026-2031-CD,2026-09-09,Cámara de Diputados,Ahora Nación,EN COMISIÓN,Primera Legislatura Ordinaria 2026,PROPOSICIÓN LEGISLATIVA QUE FORTALECE LA TRANSPARENCIA Y MERITOCRACIA EN LOS PROCESOS DE ADMISIÓN DE LAS ESCUELAS DE EDUCACIÓN SUPERIOR TÉCNICO PROFESIONAL DE LA POLICÍA NACIONAL DEL PERÚ.,6,https://wb2server.congreso.gob.pe/spley-portal/#/diputados/expediente/2026/171
diputados,170,00170-2026-2031-CD,2026-09-09,Cámara de Diputados,Renovación Popular,EN COMISIÓN,Primera Legislatura Ordinaria 2026,"PROPOSICIÓN LEGISLATIVA QUE ESTABLECE EL DELITO DE CLONACIÓN, FALSFICACIÓN, ALTERACIÓN, USO Y COMERCIALIZACIÓN DE PLACAS DE RODAJE EN EL CÓDIGO PENAL.",7,https://wb2server.congreso.gob.pe/spley-portal/#/diputados/expediente/2026/170
diputados,169,00169-2026-2031-CD,2026-09-09,Cámara de Diputados,Renovación Popular,EN COMISIÓN,Primera Legislatura Ordinaria 2026,PROPOSICIÓN LEGISLATIVA QUE PROFESIONALIZA LA GESTIÓN DEL RIESGO DE DESASTRES Y FORTALECE LA PROTECCIÓN DE LA POBLACIÓN.,5,https://wb2server.congreso.gob.pe/spley-portal/#/diputados/expediente/2026/169
diputados,168,00168-2026-2031-CD,2026-09-09,Cámara de Diputados,Juntos por el Perú,EN COMISIÓN,Primera Legislatura Ordinaria 2026,PROPOSICIÓN LEGISLATIVA QUE OTORGA BENEFICIOS A LOS EGRESADOS DE LOS CURSOS DE EXTENSIÓN UNIVERSITARIA CON EL PROPÓSITO DE CAPTAR AL MEJOR TALENTO PARA EL SECTOR PÚBLICO.,10,https://wb2server.congreso.gob.pe/spley-portal/#/diputados/expediente/2026/168
diputados,167,00167-2026-2031-CD,2026-09-08,Cámara de Diputados,Juntos por el Perú,EN COMISIÓN,Primera Legislatura Ordinaria 2026,"
PROPOSICIÓN LEGISLATIVA QUE DEROGA LA LEY 32107 Y RESTABLECE LA APLICACIÓN DE LAS NORMAS IMPERATIVAS DE DERECHO INTERNACIONAL GENERAL A LOS CRÍMENES DE LESA HUMANIDAD Y A LOS CRÍMENES DE GUERRA.
",15,https://wb2server.congreso.gob.pe/spley-portal/#/diputados/expediente/2026/167
diputados,166,00166-2026-2031-CD,2026-09-08,Cámara de Diputados,Renovación Popular,EN COMISIÓN,Primera Legislatura Ordinaria 2026,PROPOSICIÓN LEGISLATIVA QUE INCREMENTA LA PARTICIPACIÓN EN RENTA DE ADUANAS A FAVOR DE LA PROVINCIA CONSTITUCIONAL DEL CALLAO Y DESTINA LOS RECURSOS ADICIONALES AL CIERRE DE BRECHAS,5,https://wb2server.congreso.gob.pe/spley-portal/#/diputados/expediente/2026/166
diputados,165,00165-2026-2031-CD,2026-09-08,Cámara de Diputados,Fuerza Popular,EN COMISIÓN,Primera Legislatura Ordinaria 2026,PROPOSICIÓN LEGISLATIVA DE REFORMA CONSTITUCIONAL DE LOS ARTÍCULOS 165 Y 166 DE LA CONSTITUCIÓN POLÍTICA DEL PERÚ QUE FORTALECE LA DEFENSA DE LAS FRONTERAS Y LA LUCHA CONTRA LA DELINCUENCIA.,7,https://wb2server.congreso.gob.pe/spley-portal/#/diputados/expediente/2026/165
diputados,164,00164-2026-2031-CD,2026-09-08,Cámara de Diputados,Renovación Popular,EN COMISIÓN,Primera Legislatura Ordinaria 2026,"PROPOSICIÓN LEGISLATIVA QUE REDUCE LAS BRECHAS EN SALUD, EDUCACIÓN Y PROTECCIÓN DE LAS PERSONAS CON TRASTORNO DEL ESPECTRO AUTISTA.",5,https://wb2server.congreso.gob.pe/spley-portal/#/diputados/expediente/2026/164
diputados,163,00163-2026-2031-CD,2026-09-08,Cámara de Diputados,Renovación Popular,EN COMISIÓN,Primera Legislatura Ordinaria 2026,PROPOSICIÓN LEGISLATIVA QUE INCORPORA EL ARTÍCULO 222-E AL CÓDIGO PENAL PARA SANCIONAR LA OMISIÓN DOLOSA EN LA BAJA DE SERVICIOS MÓVILES Y EL BLOQUEO DE EQUIPOS TERMINALES VINCULADOS A DELITOS,5,https://wb2server.congreso.gob.pe/spley-portal/#/diputados/expediente/2026/163
diputados,162,00162-2026-2031-CD,2026-09-08,Cámara de Diputados,Renovación Popular,EN COMISIÓN,Primera Legislatura Ordinaria 2026,PROPOSICIÓN LEGISLATIVA QUE FORTALECE SALUDPOL Y GARANTIZA UNA ATENCIÓN OPORTUNA Y DE CALIDAD PARA LA FAMILIA POLICIAL,6,https://wb2server.congreso.gob.pe/spley-portal/#/diputados/expediente/2026/162
diputados,161,00161-2026-2031-CD,2026-09-08,Cámara de Diputados,Renovación Popular,EN COMISIÓN,Primera Legislatura Ordinaria 2026,"PROPOSICIÓN LEGISLATIVA DE REFORMA CONSTITUCIONAL CONTRA LA INSEGURIDAD CIUDADANA PARA COMBATIR LA EXTORSIÓN, SICARIATO Y TRATA DE PERSONAS",15,https://wb2server.congreso.gob.pe/spley-portal/#/diputados/expediente/2026/161
diputados,160,00160-2026-2031-CD,2026-09-08,Cámara de Diputados,Partido del Buen Gobierno,EN COMISIÓN,Primera Legislatura Ordinaria 2026,"PROPOSICIÓN DE RESOLUCIÓN LEGISLATIVA QUE MODIFICA EL REGLAMENTO DE LA CÁMARA DE DIPUTADOS PARA REORGANIZAR, POR CRITERIOS DE ESPECIALIDAD Y RELEVANCIA SOCIAL, LA COMISIÓN DE INCLUSIÓN SOCIAL, FAMILIA, MUJER Y PUEBLOS ANDINOS, AMAZÓNICOS Y AFROPERUANOS, Y ESTABLECER DE MANERA INDEPENDIENTE LAS COMISIONES DE INCLUSIÓN SOCIAL Y PERSONAS CON DISCAPACIDAD, MUJER Y FAMILIA, Y PUEBLOS ANDINOS, AMAZÓNICOS Y AFROPERUANOS, AMBIENTE Y ECOLOGÍA",10,https://wb2server.congreso.gob.pe/spley-portal/#/diputados/expediente/2026/160
diputados,159,00159-2026-2031-CD,2026-09-08,Colegios Profesionales,,EN COMISIÓN,Primera Legislatura Ordinaria 2026,"PROPOSICIÓN LEGISLATIVA QUE MODIFICA LA LEY 27669, LEY DEL TRABAJO DE LA ENFERMERA(O), PARA FORTALECER EL EJERCICIO PROFESIONAL Y LA CALIDAD DEL CUIDADO DE ENFERMERÍA.",0,https://wb2server.congreso.gob.pe/spley-portal/#/diputados/expediente/2026/159
diputados,158,00158-2026-2031-CD,2026-09-08,Cámara de Diputados,Fuerza Popular,EN COMISIÓN,Primera Legislatura Ordinaria 2026,"PROPOSICIÓN LEGISLATIVA QUE FORTALECE LA SEGURIDAD CIUDADANA MEDIANTE LA INCORPORACIÓN DEL ARTÍCULO 268-C AL CÓDIGO PROCESAL PENAL, ESTABLECIENDO REGLAS DE PRISIÓN PREVENTIVA EN CASOS DE FLAGRANCIA DELICTIVA GRAVE Y ORGANIZADA.",6,https://wb2server.congreso.gob.pe/spley-portal/#/diputados/expediente/2026/158
diputados,157,00157-2026-2031-CD,2026-09-08,Cámara de Diputados,Fuerza Popular,EN COMISIÓN,Primera Legislatura Ordinaria 2026,"PROPOSICIÓN LEGISLATIVA QUE MODIFICA EL DECRETO LEGISLATIVO 1057, DECRETO LEGISLATIVO QUE REGULA EL RÉGIMEN ESPECIAL DE CONTRATACIÓN ADMINISTRATIVA DE SERVICIOS, PARA PROTEGER LOS DERECHOS LABORALES DE LOS TRABAJADORES CON DIAGNÓSTICO DE CÁNCER",6,https://wb2server.congreso.gob.pe/spley-portal/#/diputados/expediente/2026/157
diputados,156,00156-2026-2031-CD,2026-09-08,Cámara de Diputados,Juntos por el Perú,EN COMISIÓN,Primera Legislatura Ordinaria 2026,"PROPOSICIÓN LEGISLATIVA QUE DEROGA LA LEY 32242, LEY QUE MODIFICA LA LEY 29944, LEY DE REFORMA MAGISTERIAL Y MODIFICA EL TEXTO DEL ARTICULO 49 DE LA LEY 29944.",6,https://wb2server.congreso.gob.pe/spley-portal/#/diputados/expediente/2026/156
diputados,155,00155-2026-2031-CD,2026-09-08,Cámara de Diputados,Ahora Nación,EN COMISIÓN,Primera Legislatura Ordinaria 2026,PROPOSICIÓN LEGISLATIVA QUE FORTALECE LA FORMACIÓN INVESTIGATIVA EN EL PREGRADO Y GARANTIZA LA OBTENCIÓN SIMPLIFICADA Y OPORTUNA DEL GRADO ACADÉMICO DE BACHILLER.,6,https://wb2server.congreso.gob.pe/spley-portal/#/diputados/expediente/2026/155
diputados,154,00154-2026-2031-CD,2026-09-07,Cámara de Diputados,Fuerza Popular,EN COMISIÓN,Primera Legislatura Ordinaria 2026," PROPOSICIÓN LEGISLATIVA QUE MODIFICA LOS ARTÍCULOS 6 Y 7 E INCORPORA LOS ARTÍCULOS 9, 10, 11, 12 Y 13 DE LA LEY 30024, LEY QUE CREA EL REGISTRO NACIONAL DE HISTORIAS CLÍNICAS ELECTRÓNICAS

",6,https://wb2server.congreso.gob.pe/spley-portal/#/diputados/expediente/2026/154
diputados,153,00153-2026-2031-CD,2026-09-07,Cámara de Diputados,Renovación Popular,EN COMISIÓN,Primera Legislatura Ordinaria 2026,PROPOSICIÓN LEGISLATIVA QUE FORTALECE LOS SERVICIOS DE ATENCIÓN CONSULAR A LOS PERUANOS EN EL EXTERIOR MEDIANTE EL CENTRO DE RESPUESTA RÁPIDA (CRR),8,https://wb2server.congreso.gob.pe/spley-portal/#/diputados/expediente/2026/153
diputados,152,00152-2026-2031-CD,2026-09-07,Cámara de Diputados,Renovación Popular,EN COMISIÓN,Primera Legislatura Ordinaria 2026,PROPOSICIÓN LEGISLATIVA QUE CREA EL MECANISMO DE BECAS POR IMPUESTOS (BxI) PARA EL FINANCIAMIENTO DE BECAS DE EDUCACIÓN SUPERIOR,9,https://wb2server.congreso.gob.pe/spley-portal/#/diputados/expediente/2026/152
diputados,151,00151-2026-2031-CD,2026-09-07,Cámara de Diputados,Ahora Nación,EN COMISIÓN,Primera Legislatura Ordinaria 2026,"PROPOSICIÓN LEGISLATIVA QUE MODIFICA LA LEY 30220, PARA FORTALECER LA AUTONOMÍA DE LAS UNIVERSIDADES PÚBLICAS.",10,https://wb2server.congreso.gob.pe/spley-portal/#/diputados/expediente/2026/151
diputados,150,00150-2026-2031-CD,2026-09-07,Cámara de Diputados,Fuerza Popular,EN COMISIÓN,Primera Legislatura Ordinaria 2026,PROPOSICIÓN LEGISLATIVA LEY QUE GARANTIZA EL ACCESO OPORTUNO A LOS SERVICIOS DE SALUD EN SITUACIONES DE EMERGENCIA,7,https://wb2server.congreso.gob.pe/spley-portal/#/diputados/expediente/2026/150
diputados,149,00149-2026-2031-CD,2026-09-07,Cámara de Diputados,Juntos por el Perú,EN COMISIÓN,Primera Legislatura Ordinaria 2026,"PROPOSICIÓN LEGISLATIVA QUE MODIFICA LA LEY 30220, LEY UNIVERSITARIA, PARA ESTABLECER UN PROCEDIMIENTO MERITOCRÁTICO, PARTICIPATIVO E INDEPENDIENTE PARA LA SELECCIÓN Y DESIGNACIÓN DEL DEFENSOR UNIVERSITARIO.",8,https://wb2server.congreso.gob.pe/spley-portal/#/diputados/expediente/2026/149
diputados,148,00148-2026-2031-CD,2026-09-07,Cámara de Diputados,Juntos por el Perú,EN COMISIÓN,Primera Legislatura Ordinaria 2026,"
PROPOSICIÓN LEGISLATIVA QUE MODIFICA EL ARTÍCULO 46 DEL TEXTO ÚNICO ORDENADO DE LA LEY DEL IMPUESTO A LA RENTA, PARA INCORPORAR LA DEDUCCIÓN DEL 10% DE LOS GASTOS POR SERVICIOS EDUCATIVOS DENTRO DEL LÍMITE DE LAS 3 UIT.
",7,https://wb2server.congreso.gob.pe/spley-portal/#/diputados/expediente/2026/148
diputados,147,00147-2026-2031-CD,2026-09-07,Cámara de Diputados,Juntos por el Perú,EN COMISIÓN,Primera Legislatura Ordinaria 2026,"PROPOSICIÓN LEGISLATIVA QUE MODIFICA LOS ARTÍCULOS 185, 186 Y 187 DE LA LEY 26859, LEY ORGÁNICA DE ELECCIONES, PARA PROHIBIR LA INSTALACIÓN Y DISTRIBUCIÓN DE PUBLICIDAD ELECTORAL EN SOPORTES FÍSICOS Y REDUCIR LA CONTAMINACIÓN VISUAL Y AMBIENTAL DURANTE LOS PROCESOS ELECTORALES.",6,https://wb2server.congreso.gob.pe/spley-portal/#/diputados/expediente/2026/147
diputados,146,00146-2026-2031-CD,2026-09-07,Colegios Profesionales,,EN COMISIÓN,Primera Legislatura Ordinaria 2026,"PROPOSICIÓN LEGISLATIVA QUE MODIFICA EL ARTÍCULO 16º DE LA LEY 23536, PARA EL RECONOCIMIENTO DE AÑOS DE SERVICIO AL ESTADO DE LOS PROFESIONALES DE LA SALUD",0,https://wb2server.congreso.gob.pe/spley-portal/#/diputados/expediente/2026/146
diputados,145,00145-2026-2031-CD,2026-09-07,Colegios Profesionales,,Archivado de Plano,Primera Legislatura Ordinaria 2026,"PROPOSICIÓN LEGISLATIVA QUE MODIFICA EL DECRETO LEGISLATIVO 559, LEY DE TRABAJO MÉDICO, PARA FORTALECER LA CARRERA MÉDICA",0,https://wb2server.congreso.gob.pe/spley-portal/#/diputados/expediente/2026/145
diputados,144,00144-2026-2031-CD,2026-09-07,Colegios Profesionales,,Retirado por su Autor,Primera Legislatura Ordinaria 2026,PROPOSICIÓN LEGISLATIVA QUE PROMUEVE LA SEGURIDAD DEL PACIENTE EN EL SECTOR SALUD,0,https://wb2server.congreso.gob.pe/spley-portal/#/diputados/expediente/2026/144
diputados,143,00143-2026-2031-CD,2026-09-07,Cámara de Diputados,Ahora Nación,EN COMISIÓN,Primera Legislatura Ordinaria 2026,PROPOSICIÓN LEGISLATIVA QUE PROHIBE LAS UNIONES DE HECHO INFANTILES Y ERRADICA SU IMPUNIDAD.,5,https://wb2server.congreso.gob.pe/spley-portal/#/diputados/expediente/2026/143
diputados,142,00142-2026-2031-CD,2026-09-07,Colegios Profesionales,,Archivado de Plano,Primera Legislatura Ordinaria 2026,PROPOSICIÓN LEGISLATIVA DE LEY DE JUBILACIÓN MÉDICA DIGNA,0,https://wb2server.congreso.gob.pe/spley-portal/#/diputados/expediente/2026/142
diputados,141,00141-2026-2031-CD,2026-09-07,Colegios Profesionales,,EN COMISIÓN,Primera Legislatura Ordinaria 2026,PROPOSICIÓN LEGISLATIVA QUE MODIFICA LA LEY DE CREACIÓN DEL COLEGIO MÉDICO DEL PERÚ,0,https://wb2server.congreso.gob.pe/spley-portal/#/diputados/expediente/2026/141
diputados,140,00140-2026-2031-CD,2026-09-07,Colegios Profesionales,,Archivado de Plano,Primera Legislatura Ordinaria 2026,PROPOSICIÓN LEGISLATIVA QUE RECONOCE LA COMPENSACIÓN POR TIEMPO DE SERVICIOS (CTS) DE LOS PROFESIONALES MÉDICOS DEL SECTOR PÚBLICO DESDE SU INGRESO A LA ADMINISTRACIÓN PÚBLICA,0,https://wb2server.congreso.gob.pe/spley-portal/#/diputados/expediente/2026/140
diputados,139,00139-2026-2031-CD,2026-09-07,Cámara de Diputados,Partido Cívico Obras,EN COMISIÓN,Primera Legislatura Ordinaria 2026,"PROPOSICIÓN LEGISLATIVA QUE DEROGA LA LEY 31399, RESTITUYE EL ARTÍCULO 40 Y MODIFICA EL ARTÍCULO 44 DE LA LEY  26300, LEY DE LOS DERECHOS DE PARTICIPACIÓN Y CONTROL CIUDADANOS, A FIN DE GARANTIZAR EL DERECHO DEL PUEBLO A PARTICIPAR EFECTIVAMENTE EN LA DEMOCRACIA MEDIANTE EL REFERÉNDUM.",5,https://wb2server.congreso.gob.pe/spley-portal/#/diputados/expediente/2026/139
diputados,138,00138-2026-2031-CD,2026-09-04,Cámara de Diputados,Renovación Popular,EN COMISIÓN,Primera Legislatura Ordinaria 2026,"PROPOSICIÓN LEGISLATIVA QUE TIPIFICA LOS DELITOS DE VENTA DE NIÑOS Y ADOPCIÓN IRREGULAR, ESTABLECE SUS AGRAVANTES Y DICTA MEDIDAS DE PROTECCIÓN Y COORDINACIÓN INTERINSTITUCIONAL.",6,https://wb2server.congreso.gob.pe/spley-portal/#/diputados/expediente/2026/138
diputados,137,00137-2026-2031-CD,2026-09-04,Cámara de Diputados,Juntos por el Perú,EN COMISIÓN,Primera Legislatura Ordinaria 2026,"PROPOSICIÓN LEGISLATIVA QUE DEROGA LA LEY 31399 Y MODIFICA LOS ARTÍCULOS 40 Y 44 DE LA LEY 26300, LEY DE LOS DERECHOS DE PARTICIPACIÓN Y CONTROL CIUDADANOS, PARA GARANTIZAR EL EJERCICIO DEL DERECHO CIUDADANO DE REFERÉNDUM.",15,https://wb2server.congreso.gob.pe/spley-portal/#/diputados/expediente/2026/137
diputados,136,00136-2026-2031-CD,2026-09-04,Cámara de Diputados,Partido Cívico Obras,EN COMISIÓN,Primera Legislatura Ordinaria 2026,"PROPOSICIÓN LEGISLATIVA QUE MODIFICA LOS ARTÍCULOS 29 Y 34 DE LA LEY 28094, LEY DE ORGANIZACIONES POLÍTICAS, A EFECTOS DE INCORPORAR EL OFICIAL DE INTEGRIDAD Y CUMPLIMIENTO EN LAS ORGANIZACIONES POLÍTICAS.",7,https://wb2server.congreso.gob.pe/spley-portal/#/diputados/expediente/2026/136
diputados,135,00135-2026-2031-CD,2026-09-04,Gobiernos Locales,,Archivado de Plano,Primera Legislatura Ordinaria 2026,"PROPOSICIÓN LEGISLATIVA QUE DEROGA LA LEY 30900, LEY QUE CREA LA AUTORIDAD DE TRANSPORTE URBANO PARA LIMA Y CALLAO (ATU)",0,https://wb2server.congreso.gob.pe/spley-portal/#/diputados/expediente/2026/135
diputados,134,00134-2026-2031-CD,2026-09-04,Cámara de Diputados,Renovación Popular,EN COMISIÓN,Primera Legislatura Ordinaria 2026,"PROPOSICIÓN LEGISLATIVA QUE FORTALECE LOS CENTROS DE VIDEOVIGILANCIA DE LOS GOBIERNOS REGIONALES, MUNICIPALIDADES PROVINCIALES Y MUNICIPALIDADES DISTRITALES, CON MIEMBROS DE LA POLICIA NACIONAL DEL PERÚ.",7,https://wb2server.congreso.gob.pe/spley-portal/#/diputados/expediente/2026/134
diputados,133,00133-2026-2031-CD,2026-09-04,Cámara de Diputados,Juntos por el Perú,EN COMISIÓN,Primera Legislatura Ordinaria 2026,PROPOSICIÓN LEGISLATIVA QUE ESTABLECE LA OBLIGACIÓN DE LOS GOBIERNOS LOCALES PARA PROMOVER EL DESARROLLO AGRARIO CON ÉNFASIS EN LA AGRICULTURA Y GANADERÍA FAMILIAR.,5,https://wb2server.congreso.gob.pe/spley-portal/#/diputados/expediente/2026/133
diputados,132,00132-2026-2031-CD,2026-09-04,Cámara de Diputados,Juntos por el Perú,EN COMISIÓN,Primera Legislatura Ordinaria 2026,PROPOSICIÓN LEGISLATIVA DE CONSOLIDACIÓN DEL DERECHO AL TRABAJO EN LOS SERVIDORES PÚBLICOS IMPLEMENTANDO EL DERECHO A NO SER DESPEDIDO SIN CAUSA JUSTA.,5,https://wb2server.congreso.gob.pe/spley-portal/#/diputados/expediente/2026/132
diputados,131,00131-2026-2031-CD,2026-09-04,Colegios Profesionales,,EN COMISIÓN,Primera Legislatura Ordinaria 2026,"PROPOSICIÓN LEGISLATIVA QUE DEROGA LA LEY 32301, LEY QUE MODIFICA LA LEY 27692, LEY DE CREACIÓN DE LA AGENCIA PERUANA DE COOPERACIÓN INTERNACIONAL – APCI",0,https://wb2server.congreso.gob.pe/spley-portal/#/diputados/expediente/2026/131
diputados,130,00130-2026-2031-CD,2026-09-04,Cámara de Diputados,Juntos por el Perú,EN COMISIÓN,Primera Legislatura Ordinaria 2026,PROPOSICIÓN LEGISLATIVA QUE PROTEGE LA PRODUCCIÓN Y COMERCIALIZACIÓN DEL ARROZ EN EL PERÚ,10,https://wb2server.congreso.gob.pe/spley-portal/#/diputados/expediente/2026/130
diputados,129,00129-2026-2031-CD,2026-09-04,Cámara de Diputados,Juntos por el Perú,PRESENTADO,Primera Legislatura Ordinaria 2026,"PROPOSICIÓN LEGISLATIVA QUE AUTORIZA AL MTPE A CALCULAR, VIABILIZAR Y DISPONER LA EJECUCIÓN DE BENEFICIOS DE REINCORPORACIÓN LABORAL Y COMPENSACIÓN ECONÓMICA DE EX TRABAJADORES INSCRITOS EN EL REGISTRO NACIONAL DE TRABAJADORES CESADOS IRREGULARMENTE, DE LA LEY Nº 31218 Y CONEXOS",7,https://wb2server.congreso.gob.pe/spley-portal/#/diputados/expediente/2026/129
diputados,128,00128-2026-2031-CD,2026-09-03,Cámara de Diputados,Renovación Popular,EN COMISIÓN,Primera Legislatura Ordinaria 2026,PROPOSICIÓN LEGISLATIVA QUE ESTABLECE UN RÉGIMEN EXCEPCIONAL Y TEMPORAL DE FORMALIZACIÓN Y TRANSFERENCIA DE PREDIOS DE PARQUES INDUSTRIALES PREEXISTENTES AL SISTEMA NACIONAL DE PARQUES INDUSTRIALES,8,https://wb2server.congreso.gob.pe/spley-portal/#/diputados/expediente/2026/128
diputados,127,00127-2026-2031-CD,2026-09-03,Cámara de Diputados,Renovación Popular,EN COMISIÓN,Primera Legislatura Ordinaria 2026,PROPOSICIÓN LEGISLATIVA QUE FORTALECE LA TRANSPARENCIA Y EL CONTROL DE LAS MODIFICACIONES EN LOS CONTRATOS PÚBLICOS.,7,https://wb2server.congreso.gob.pe/spley-portal/#/diputados/expediente/2026/127
diputados,126,00126-2026-2031-CD,2026-09-03,Cámara de Diputados,Ahora Nación,EN COMISIÓN,Primera Legislatura Ordinaria 2026,"PROPOSICIÓN  DE RESOLUCIÓN LEGISLATIVA QUE MODIFICA EL ARTÍCULO 25 DE LA RESOLUCIÓN LEGISLATIVA DEL CONGRESO N°005-2025-2026-CR, QUE APRUEBA EL REGLAMENTO DE LA CÁMARA DE DIPUTADOS, A FIN DE FORTALECER LAS GARANTÍAS PARA EL USO DE LAS LENGUAS ORIGINARIAS O INDÍGENAS EN EL EJERCICIO DE LA FUNCIÓN PARLAMENTARIA.",8,https://wb2server.congreso.gob.pe/spley-portal/#/diputados/expediente/2026/126
diputados,125,00125-2026-2031-CD,2026-09-03,Cámara de Diputados,Ahora Nación,EN COMISIÓN,Primera Legislatura Ordinaria 2026,PROPOSICIÓN LEGISLATIVA QUE PROTEGE LOS DERECHOS DE LOS CONSUMIDORES BANCARIOS Y FINANCIEROS ELIMINANDO LAS COMISIONES POR TRANSFERENCIAS BANCARIAS Y PAGO DE TARJETA DE CRÉDITO ,8,https://wb2server.congreso.gob.pe/spley-portal/#/diputados/expediente/2026/125
diputados,124,00124-2026-2031-CD,2026-09-03,Cámara de Diputados,Ahora Nación,EN COMISIÓN,Primera Legislatura Ordinaria 2026,"PROPOSICIÓN LEGISLATIVA QUE MODIFICA EL ARTÍCULO 8 DEL DECRETO LEGISLATIVO 1267, LEY DE LA POLICÍA NACIONAL DEL PERÚ E INCORPORA CAUSALES DE CESE ANTICIPADO DEL COMANDANTE GENERAL DE LA POLICÍA NACIONAL DEL PERÚ.",8,https://wb2server.congreso.gob.pe/spley-portal/#/diputados/expediente/2026/124
diputados,123,00123-2026-2031-CD,2026-09-03,Cámara de Diputados,Juntos por el Perú,EN COMISIÓN,Primera Legislatura Ordinaria 2026,PROPOSICIÓN DE RESOLUCIÓN LEGISLATIVA DEL CONGRESO QUE MODIFICA EL REGLAMENTO DEL CONGRESO DE LA REPÚBLICA,5,https://wb2server.congreso.gob.pe/spley-portal/#/diputados/expediente/2026/123
diputados,122,00122-2026-2031-CD,2026-09-02,Cámara de Diputados,Renovación Popular,EN COMISIÓN,Primera Legislatura Ordinaria 2026,"PROPOSICIÓN LEGISLATIVA QUE INCORPORA EL ARTÍCULO 150-A AL CÓDIGO PENAL, DECRETO LEGISLATIVO 635, TIPIFICANDO EL DELITO DE ABANDONO Y DESAMPARO DEL ADULTO MAYOR.",7,https://wb2server.congreso.gob.pe/spley-portal/#/diputados/expediente/2026/122
diputados,121,00121-2026-2031-CD,2026-09-02,Cámara de Diputados,Juntos por el Perú,CON DICTAMEN,Primera Legislatura Ordinaria 2026,"PROPOSICIÓN LEGISLATIVA QUE DEROGA LA LEY 32645, LEY QUE CREA EL COLEGIO PROFESIONAL DE ARTISTAS DEL PERÚ, POR AFECTAR LA LIBERTAD DE CREACIÓN ARTÍSTICA, LA LIBERTAD DE TRABAJO, LA IDENTIDAD CULTURAL Y LA PROTECCIÓN DE LOS CONOCIMIENTOS Y MANIFESTACIONES CULTURALES DEL PERÚ.",5,https://wb2server.congreso.gob.pe/spley-portal/#/diputados/expediente/2026/121
diputados,120,00120-2026-2031-CD,2026-09-02,Cámara de Diputados,Renovación Popular,EN COMISIÓN,Primera Legislatura Ordinaria 2026,"PROPOSICIÓN LEGISLATIVA QUE EFECTIVIZA LA TRANSFERENCIA DE COMPETENCIAS, FUNCIONES, ACTIVOS Y RECURSOS DEL SECTOR EDUCACIÓN A LA MUNICIPALIDAD METROPOLITANA DE LIMA EN SU CONDICIÓN DE GOBIERNO REGIONAL.",7,https://wb2server.congreso.gob.pe/spley-portal/#/diputados/expediente/2026/120
diputados,119,00119-2026-2031-CD,2026-09-02,Cámara de Diputados,Juntos por el Perú,EN COMISIÓN,Primera Legislatura Ordinaria 2026,"PROPOSICIÓN LEGISLATIVA QUE INCORPORA EL ARTÍCULO 133-A EN LA LEY 27972, LEY ORGÁNICA DE MUNICIPALIDADES, PARA GARANTIZAR LA TRANSPARENCIA Y LA EFECTIVIDAD DE LAS TRANSFERENCIAS DE LOS RECURSOS A LAS MUNICIPALIDADES DE CENTROS POBLADOS.",5,https://wb2server.congreso.gob.pe/spley-portal/#/diputados/expediente/2026/119
diputados,118,00118-2026-2031-CD,2026-09-02,Cámara de Diputados,Juntos por el Perú,EN COMISIÓN,Primera Legislatura Ordinaria 2026,"PROPOSICIÓN LEGISLATIVA QUE DEROGA LA LEY 32419 Y ESTABLECE LA INAMNISTIABILIDAD DE LOS CRÍMENES DE LESA HUMANIDAD, GENOCIDIO, CRÍMENES DE GUERRA Y GRAVES VIOLACIONES A LOS DERECHOS HUMANOS.",6,https://wb2server.congreso.gob.pe/spley-portal/#/diputados/expediente/2026/118
diputados,117,00117-2026-2031-CD,2026-09-02,Cámara de Diputados,Juntos por el Perú,EN COMISIÓN,Primera Legislatura Ordinaria 2026,"PROPOSICIÓN LEGISLATIVA QUE MODIFICA EL CÓDIGO PENAL, DECRETO LEGISLATIVO 635, Y LA LEY 30424, LEY QUE REGULA LA RESPONSABILIDAD ADMINISTRATIVA DE LAS PERSONAS JURÍDICAS EN EL PROCESO PENAL, A FIN DE OPTIMIZAR LA DEMOCRACIA REPRESENTATIVA Y ESTABLECER MEDIDAS PARA LA LUCHA CONTRA LA CORRUPCIÓN EN LAS ORGANIZACIONES POLÍTICAS.",6,https://wb2server.congreso.gob.pe/spley-portal/#/diputados/expediente/2026/117
diputados,116,00116-2026-2031-CD,2026-09-02,Cámara de Diputados,Ahora Nación,EN COMISIÓN,Primera Legislatura Ordinaria 2026,PROPOSICIÓN LEGISLATIVA QUE GARANTIZA EL DERECHO DE LOS CONSUMIDORES A INGRESAR CON ALIMENTOS Y BEBIDAS A EVENTOS DE CONCURRENCIA MASIVA.,7,https://wb2server.congreso.gob.pe/spley-portal/#/diputados/expediente/2026/116
diputados,115,00115-2026-2031-CD,2026-09-02,Cámara de Diputados,Ahora Nación,EN COMISIÓN,Primera Legislatura Ordinaria 2026,PROPOSICIÓN LEGISLATIVA QUE FORTALECE LA GESTIÓN VIAL DESCENTRALIZADA MEDIANTE LA TRANSFERENCIA PROGRESIVA DE FUNCIONES OPERATIVAS A LOS GOBIERNOS LOCALES PROVINCIALES ,7,https://wb2server.congreso.gob.pe/spley-portal/#/diputados/expediente/2026/115
diputados,114,00114-2026-2031-CD,2026-09-01,Cámara de Diputados,Fuerza Popular,EN COMISIÓN,Primera Legislatura Ordinaria 2026,PROPOSICIÓN LEGISLATIVA QUE ESTABLECE EL RÉGIMEN VIVIENDA JOVEN CON PRECIO SOCIAL MEDIANTE EL APROVECHAMIENTO DE PREDIOS ESTATALES.,13,https://wb2server.congreso.gob.pe/spley-portal/#/diputados/expediente/2026/114
diputados,113,00113-2026-2031-CD,2026-09-01,Cámara de Diputados,Juntos por el Perú,EN COMISIÓN,Primera Legislatura Ordinaria 2026,PROPOSICIÓN LEGISLATIVA QUE PROMUEVE EL ACCESO AL PRIMER EMPLEO FORMAL DE LOS JÓVENES MENORES DE TREINTA AÑOS EGRESADOS DE LA EDUCACIÓN SUPERIOR UNIVERSITARIA Y TECNOLÓGICA.,8,https://wb2server.congreso.gob.pe/spley-portal/#/diputados/expediente/2026/113
diputados,112,00112-2026-2031-CD,2026-09-01,Cámara de Diputados,Renovación Popular,EN COMISIÓN,Primera Legislatura Ordinaria 2026,"PROPOSICIÓN LEGISLATIVA QUE MODIFICA LA LEY 31733, LEY DEL INSTITUTO GEOFÍSICO DEL PERÚ, PARA FORTALECER LA INVESTIGACIÓN Y LA INFRAESTRUCTURA CIENTIFICA EN ASTRONOMÍA.",7,https://wb2server.congreso.gob.pe/spley-portal/#/diputados/expediente/2026/112
diputados,111,00111-2026-2031-CD,2026-09-01,Cámara de Diputados,Partido del Buen Gobierno,EN COMISIÓN,Primera Legislatura Ordinaria 2026,PROPOSICIÓN LEGISLATIVA QUE MODIFICA EL ARTÍCULO 34 DEL CÓDIGO PENAL PARA AMPLIAR LA PRESTACIÓN DE SERVICIOS A LA COMUNIDAD EN PROGRAMAS PÚBLICOS DE INTERÉS NACIONAL.,6,https://wb2server.congreso.gob.pe/spley-portal/#/diputados/expediente/2026/111
diputados,110,00110-2026-2031-CD,2026-09-01,Cámara de Diputados,Ahora Nación,EN COMISIÓN,Primera Legislatura Ordinaria 2026,PROPOSICIÓN DE RESOLUCIÓN LEGISLATIVA QUE MODIFICA LA COMISIÓN DE ÉTICA DE LA CÁMARA DE DIPUTADOS.,5,https://wb2server.congreso.gob.pe/spley-portal/#/diputados/expediente/2026/110
diputados,109,00109-2026-2031-CD,2026-09-01,Cámara de Diputados,Renovación Popular,EN COMISIÓN,Primera Legislatura Ordinaria 2026,PROPOSICIÓN LEGISLATIVA QUE FORTALECE LA POLÍTICA DE PROPIEDAD DE LAS EMPRESAS DEL ESTADO E INCORPORA EMPRESA PÚBLICA DE ÁMBITO NACIONAL AL FONAFE.,5,https://wb2server.congreso.gob.pe/spley-portal/#/diputados/expediente/2026/109
diputados,108,00108-2026-2031-CD,2026-09-01,Cámara de Diputados,Juntos por el Perú,EN COMISIÓN,Primera Legislatura Ordinaria 2026,PROPOSICIÓN LEGISLATIVA QUE ESTABLECE LA INTANGIBILIDAD MINERA DE LA CUENCA HIDROGRÁFICA DEL RÍO NANA Y Y PROHÍBE EL OTORGAMIENTO DE CONCESIONES Y DERECHOS MINEROS EN SU ÁMBITO TERRITORIAL,7,https://wb2server.congreso.gob.pe/spley-portal/#/diputados/expediente/2026/108
diputados,107,00107-2026-2031-CD,2026-09-01,Cámara de Diputados,Renovación Popular,EN COMISIÓN,Primera Legislatura Ordinaria 2026,PROPOSICIÓN LEGISLATIVA QUE FORTALECE LA COOPERACIÓN ENTRE EL ESTADO Y LAS ORGANIZACIONES DE PROTECCIÓN Y BIENESTAR ANIMAL PARA LA EJECUCIÓN DE CAMPAÑAS DE ESTERILIZACIÓN.,15,https://wb2server.congreso.gob.pe/spley-portal/#/diputados/expediente/2026/107
diputados,106,00106-2026-2031-CD,2026-09-01,Cámara de Diputados,Renovación Popular,EN COMISIÓN,Primera Legislatura Ordinaria 2026,PROPOSICIÓN LEGISLATIVA QUE ELIMINA EL FINANCIAMIENTO PÚBLICO DIRECTO E INDIRECTO A LAS ORGANIZACIONES POLÍTICAS.,12,https://wb2server.congreso.gob.pe/spley-portal/#/diputados/expediente/2026/106
diputados,105,00105-2026-2031-CD,2026-09-01,Cámara de Diputados,Renovación Popular,EN COMISIÓN,Primera Legislatura Ordinaria 2026,"PROPOSICIÓN LEGISLATIVA QUE MODIFICA EL ARTÍCULO 22 DEL CÓDIGO PENAL, DECRETO LEGISLATIVO 635, PARA FORTALECER EXCEPCIONES AL BENEFICIO POR EDAD EN CASOS DE DELITOS GRAVES.",12,https://wb2server.congreso.gob.pe/spley-portal/#/diputados/expediente/2026/105
diputados,104,00104-2026-2031-CD,2026-09-01,Cámara de Diputados,Renovación Popular,EN COMISIÓN,Primera Legislatura Ordinaria 2026,"PROPOSICIÓN LEGISLATIVA QUE PROMUEVE LA CONSTRUCCIÓN, EQUIPAMIENTO Y PUESTA EN OPERACIÓN DE UN DIQUE SECO POST PANAMAX COMO PARTE DE LA POLITICA MARÍTIMA NACIONAL.",15,https://wb2server.congreso.gob.pe/spley-portal/#/diputados/expediente/2026/104
diputados,103,00103-2026-2031-CD,2026-09-01,Cámara de Diputados,Fuerza Popular,EN COMISIÓN,Primera Legislatura Ordinaria 2026,PROPOSICIÓN LEGISLATIVA QUE ESTABLECE LA PRIORIZACIÓN DEL PRESUPUESTO DESTINADO A LA GESTIÓN DEL RIESGO DE DESASTRES EN LOS GOBIERNOS SUBNACIONALES.,6,https://wb2server.congreso.gob.pe/spley-portal/#/diputados/expediente/2026/103
diputados,102,00102-2026-2031-CD,2026-08-31,Cámara de Diputados,Fuerza Popular,EN COMISIÓN,Primera Legislatura Ordinaria 2026,PROPOSICIÓN LEGISLATIVA QUE IMPULSA LA PREVENCIÓN Y RIESGO DE DESASTRES MEDIANTE LA EJECUCIÓN DE OBRAS POR IMPUESTOS DURANTE ESTADOS DE EMERGENCIA.,6,https://wb2server.congreso.gob.pe/spley-portal/#/diputados/expediente/2026/102
diputados,101,00101-2026-2031-CD,2026-08-31,Cámara de Diputados,Fuerza Popular,EN COMISIÓN,Primera Legislatura Ordinaria 2026,PROPOSICIÓN LEGISLATIVA QUE CREA EL REGISTRO NACIONAL DE MALTRATADORES DE ANIMALES DE COMPAÑIA Y SILVESTRES (RENAMA) Y MODIFICA LA LEY 30407 Y EL CÓDIGO PENAL.,6,https://wb2server.congreso.gob.pe/spley-portal/#/diputados/expediente/2026/101
diputados,100,00100-2026-2031-CD,2026-08-31,Cámara de Diputados,Juntos por el Perú,EN COMISIÓN,Primera Legislatura Ordinaria 2026,"PROPOSICIÓN LEGISLATIVA QUE MODIFICA EL DECRETO LEGISLATIVO 1267, LEY DE LA POLICÍA NACIONAL DEL PERÚ, PARA RESTABLECER LA FACULTAD DE REMOCIÓN POR PÉRDIDA DE CONFIANZA DEL COMANDANTE GENERAL.",6,https://wb2server.congreso.gob.pe/spley-portal/#/diputados/expediente/2026/100
diputados,99,00099-2026-2031-CD,2026-08-31,Cámara de Diputados,Renovación Popular,EN COMISIÓN,Primera Legislatura Ordinaria 2026,PROPOSICIÓN LEGISLATIVA QUE FORTALECE EL SISTEMA NACIONAL DE SEGURIDAD CIUDADANA MEDIANTE LA CREACIÓN DE LA RED NACIONAL INTEGRADA DE VIDEOVIGILANCIA Y RESPUESTA INMEDIATA.,5,https://wb2server.congreso.gob.pe/spley-portal/#/diputados/expediente/2026/99
diputados,98,00098-2026-2031-CD,2026-08-28,PODER EJECUTIVO,,Expediente de propuesta legislativa remitida al senado de la república,Primera Legislatura Ordinaria 2026,PROPOSICIÓN LEGISLATIVA QUE DELEGA EN EL PODER EJECUTIVO LA FACULTAD DE LEGISLAR EN MATERIA DE SEGURIDAD CIUDADANA; FORTALECIMIENTO DE MICRO Y PEQUEÑAS EMPRESAS; PROMOCIÓN DEL EMPLEO; DESARROLLO PRODUCTIVO; RÉGIMEN TRIBUTARIO; SIMPLIFICACIÓN ADMINISTRATIVA Y OTRAS MATERIAS,0,https://wb2server.congreso.gob.pe/spley-portal/#/diputados/expediente/2026/98
diputados,97,00097-2026-2031-CD,2026-08-28,Cámara de Diputados,Renovación Popular,EN COMISIÓN,Primera Legislatura Ordinaria 2026,"PROPOSICIÓN LEGISLATIVA QUE MODIFICA EL DECRETO LEGISLATIVO 1735, QUE CREA EL SUBSISTEMA ESPECIALIZADO CONTRA LA EXTORSIÓN Y SUS DELITOS CONEXOS, A FIN DE PRECISAR LOS DELITOS QUE SE ENCUENTRAN BAJO LA COMPETENCIA DEL REFERIDO SUBSISTEMA.",7,https://wb2server.congreso.gob.pe/spley-portal/#/diputados/expediente/2026/97
diputados,96,00096-2026-2031-CD,2026-08-28,Cámara de Diputados,Juntos por el Perú,EN COMISIÓN,Primera Legislatura Ordinaria 2026,PROPOSICIÓN LEGISLATIVA QUE MODIFICA EL ARTÍCULO 8 DEL DECRETO LEGISLATIVO 1267 A FIN DE GARANTIZAR LA CONDUCCIÓN EFICIENCIA Y RESPONSABILIDAD DEL ALTO MANDO POLICIAL,6,https://wb2server.congreso.gob.pe/spley-portal/#/diputados/expediente/2026/96
diputados,95,00095-2026-2031-CD,2026-08-27,Cámara de Diputados,Fuerza Popular,EN COMISIÓN,Primera Legislatura Ordinaria 2026,"PROPOSICIÓN LEGISLATIVA QUE MODIFICA E INCORPORA DIVERSOS ARTÍCULOS DE LA LEY 29338, LEY DE RECURSOS HÍDRICOS, PARA EL FORTALECIMIENTO DE LAS ORGANIZACIONES DE USUARIOS DE AGUA EN LA EJECUCIÓN DE DEFENSAS RIBEREÑAS Y EL CONTROL DE INUNDACIONES EN PUNTOS CRÍTICOS.",6,https://wb2server.congreso.gob.pe/spley-portal/#/diputados/expediente/2026/95
diputados,94,00094-2026-2031-CD,2026-08-27,Cámara de Diputados,Renovación Popular,EN COMISIÓN,Primera Legislatura Ordinaria 2026,PROPOSICIÓN LEGISLATIVA QUE MODIFICA EL CÓDIGO PENAL PARA INCORPORAR LA EXPLOTACIÓN PARA LA COMISIÓN DE ACTIVIDADES DELICTIVAS COMO FINALIDAD DE LA TRATA DE PERSONAS Y ESTABLECER LA NO PUNIBILIDAD DE SUS VÍCTIMAS.,6,https://wb2server.congreso.gob.pe/spley-portal/#/diputados/expediente/2026/94
diputados,93,00093-2026-2031-CD,2026-08-26,Cámara de Diputados,Renovación Popular,Retirado por su Autor,Primera Legislatura Ordinaria 2026,"PROPOSICIÓN LEGISLATIVA QUE MODIFICA LA LEY 27613, LEY DE LA PARTICIPACIÓN EN RENTA DE ADUANAS Y LA LEY DE TRIBUTACIÓN MUNICIPAL.",6,https://wb2server.congreso.gob.pe/spley-portal/#/diputados/expediente/2026/93
diputados,92,00092-2026-2031-CD,2026-08-26,Cámara de Diputados,Ahora Nación,EN COMISIÓN,Primera Legislatura Ordinaria 2026,"PROPOSICIÓN LEGISLATIVA QUE MODIFICA LA LEY 28044, LEY GENERAL DE EDUCACIÓN, PARA GARANTIZAR LA CONTINUIDAD EDUCATIVA DE NIÑAS, NIÑOS Y ADOLESCENTES EN SITUACIÓN DE EXTRAEDAD Y ATRASO ESCOLAR",9,https://wb2server.congreso.gob.pe/spley-portal/#/diputados/expediente/2026/92
diputados,91,00091-2026-2031-CD,2026-08-24,Cámara de Diputados,Renovación Popular,EN COMISIÓN,Primera Legislatura Ordinaria 2026,"PROPOSICIÓN LEGISLATIVA QUE MODIFICA LA LEY 27669, LEY DEL TRABAJO DE LA ENFERMERA(O), PARA FORTALECER LA AUTONOMÍA PROFESIONAL DE ENFERMERÍA",8,https://wb2server.congreso.gob.pe/spley-portal/#/diputados/expediente/2026/91
diputados,90,00090-2026-2031-CD,2026-08-24,Cámara de Diputados,Renovación Popular,EN COMISIÓN,Primera Legislatura Ordinaria 2026,"PROPOSICIÓN LEGISLATIVA QUE MODIFICA LA LEY 29230, LEY QUE IMPULSA LA INVERSIÓN PÚBLICA REGIONAL Y LOCAL CON PARTICIPACIÓN DEL SECTOR PRIVADO, PARA ACTUALIZAR LA PRIORIZACIÓN DE INVERSIONES DE PREVENCIÓN Y REDUCCIÓN DEL RIESGO DE DESASTRES MEDIANTE OBRAS POR IMPUESTOS",5,https://wb2server.congreso.gob.pe/spley-portal/#/diputados/expediente/2026/90
diputados,89,00089-2026-2031-CD,2026-08-24,Otros Poderes del Estado,,PRESENTADO,Primera Legislatura Ordinaria 2026,PROPOSISIÓN LEGISLATIVA QUE CREA EL TRIBUNAL REGISTRAL DEL REGISTRO NACIONAL DE IDENTIFICACIÓN Y ESTADO CIVIL - RENIEC Y ESTABLECE DISPOSICIONES SOBRE EL SISTEMA REGISTRAL CIVIL,0,https://wb2server.congreso.gob.pe/spley-portal/#/diputados/expediente/2026/89
diputados,88,00088-2026-2031-CD,2026-08-24,Cámara de Diputados,Fuerza Popular,EN COMISIÓN,Primera Legislatura Ordinaria 2026,PROPOSICIÓN LEGISLATIVA DE DESARROLLO SOSTENIBLE DE LAS ACTIVIDADES AGRARIAS EN LA AMAZONIA.,6,https://wb2server.congreso.gob.pe/spley-portal/#/diputados/expediente/2026/88
diputados,87,00087-2026-2031-CD,2026-08-24,Cámara de Diputados,Renovación Popular,EN COMISIÓN,Primera Legislatura Ordinaria 2026,PROPOSICIÓN LEGISLATIVA QUE MODIFICA LA LEY 31189 PARA FORTALECER LA INTEROPERABILIDAD DE LA INFORMACIÓN AMBIENTAL Y SANITARIA EN ZONAS PORTUARIAS E INDUSTRIALES.,5,https://wb2server.congreso.gob.pe/spley-portal/#/diputados/expediente/2026/87
diputados,86,00086-2026-2031-CD,2026-08-21,Cámara de Diputados,Juntos por el Perú,EN COMISIÓN,Primera Legislatura Ordinaria 2026,"PROPOSICIÓN LEGISLATIVA QUE MODIFICA LA LEY N.° 29719, LEY QUE PROMUEVE LA CONVIVENCIA SIN VIOLENCIA EN LAS INSTITUCIONES EDUCATIVAS, PARA GARANTIZAR LA RECUPERACIÓN DE LOS ESTUDIANTES VÍCTIMAS DE ACOSO ESCOLAR",7,https://wb2server.congreso.gob.pe/spley-portal/#/diputados/expediente/2026/86
diputados,85,00085-2026-2031-CD,2026-08-21,Cámara de Diputados,Renovación Popular,EN COMISIÓN,Primera Legislatura Ordinaria 2026,PROPOSICIÓN LEGISLATIVA QUE FACILITA Y GARANTIZA EL ACCESO A SERVICIOS DE PROTECCIÓN SOCIAL Y RESIDENCIA A LOS PERUANOS MIGRANTES RETORNADO,6,https://wb2server.congreso.gob.pe/spley-portal/#/diputados/expediente/2026/85
diputados,84,00084-2026-2031-CD,2026-08-21,Cámara de Diputados,Renovación Popular,EN COMISIÓN,Primera Legislatura Ordinaria 2026,"PROPOSICIÓN LEGISLATIVA QUE GARANTIZA LA UBICACIÓN, RESERVA Y ENTREGA OPORTUNA DE MEDICAMENTOS EN LAS REDES PÚBLICAS DE SALUD.",5,https://wb2server.congreso.gob.pe/spley-portal/#/diputados/expediente/2026/84
diputados,83,00083-2026-2031-CD,2026-08-21,Cámara de Diputados,Renovación Popular,EN COMISIÓN,Primera Legislatura Ordinaria 2026,PROPOSICIÓN LEGISLATIVA QUE FORTALECE LA LEY DE CONGELAMIENTO ADMINISTRATIVO DE FONDOS VINCULADOS AL DELITO DE EXTORSIÓN.,5,https://wb2server.congreso.gob.pe/spley-portal/#/diputados/expediente/2026/83
diputados,82,00082-2026-2031-CD,2026-08-21,Cámara de Diputados,Ahora Nación,EN COMISIÓN,Primera Legislatura Ordinaria 2026,"PROPOSICIÓN DE RESOLUCIÓN LEGISLATIVA QUE MODIFICA EL ARTÍCULO 45 DEL REGLAMENTO DE LA CÁMARA DE DIPUTADOS, CON EL FIN DE RESTABLECER LA COMISIÓN DE CULTURA Y PATRIMONIO CULTURAL.",9,https://wb2server.congreso.gob.pe/spley-portal/#/diputados/expediente/2026/82
diputados,81,00081-2026-2031-CD,2026-08-21,Cámara de Diputados,Renovación Popular,EN COMISIÓN,Primera Legislatura Ordinaria 2026,PROPOSICIÓN LEGISLATIVA QUE ESTABLECE EL RÉGIMEN PENITENCIARIO CERRADO ESPECIAL DE SEGURIDAD EXTREMA PARA CONDENADOS POR DELITOS DE EXTREMA VIOLENCIA.,7,https://wb2server.congreso.gob.pe/spley-portal/#/diputados/expediente/2026/81
diputados,80,00080-2026-2031-CD,2026-08-21,Cámara de Diputados,Ahora Nación,EN COMISIÓN,Primera Legislatura Ordinaria 2026,"PROPOSICIÓN LEGISLATIVA QUE DEROGA DIVERSOS ARTÍCULOS DE LA LEY 32434, LEY QUE PROMUEVE LA TRANSFORMACIÓN PRODUCTIVA, COMPETITIVA Y SOSTENIBLE DEL SECTOR AGRARIO CON PROTECCIÓN SOCIAL HACIA LA AGRICULTURA MODERNA, CON EL FIN DE ELIMINAR LOS PRIVILEGIOS TRIBUTARIOS A LAS GRANDES EMPRESAS Y FORTALECER LA RECAUDACIÓN DEL ESTADO.",9,https://wb2server.congreso.gob.pe/spley-portal/#/diputados/expediente/2026/80
diputados,79,00079-2026-2031-CD,2026-08-20,Cámara de Diputados,Ahora Nación,EN COMISIÓN,Primera Legislatura Ordinaria 2026,PROPOSICIÓN LEGISLATIVA QUE CREA EL SISTEMA NACIONAL DE BECAS (SNAB).,9,https://wb2server.congreso.gob.pe/spley-portal/#/diputados/expediente/2026/79
diputados,78,00078-2026-2031-CD,2026-08-20,Cámara de Diputados,Juntos por el Perú,EN COMISIÓN,Primera Legislatura Ordinaria 2026,"PROPOSICIÓN LEGISLATIVA QUE EXCLUYE A LA GRAN EMPRESA DE LOS BENEFICIOS TRIBUTARIOS DE LA LEY 32434, LEY QUE PROMUEVE LA TRANSFORMACIÓN PRODUCTIVA, COMPETITIVA Y SOSTENIBLE DEL SECTOR AGRARIO CON PROTECCIÓN SOCIAL HACIA LA AGRICULTURA MODERNA.",15,https://wb2server.congreso.gob.pe/spley-portal/#/diputados/expediente/2026/78
diputados,77,00077-2026-2031-CD,2026-08-20,Cámara de Diputados,Juntos por el Perú,EN COMISIÓN,Primera Legislatura Ordinaria 2026,PROPOSICIÓN LEGISLATIVA QUE RECONOCE EL TRABAJO AMBULANTE Y ESTABLECE EL MARCO LEGAL PARA EL EJERCICIO DEL COMERCIO AMBULATORIO,16,https://wb2server.congreso.gob.pe/spley-portal/#/diputados/expediente/2026/77
diputados,76,00076-2026-2031-CD,2026-08-20,Cámara de Diputados,Fuerza Popular,EN COMISIÓN,Primera Legislatura Ordinaria 2026,PROPOSICIÓN LEGISLATIVA QUE FORTALECE LA INTEGRIDAD Y LA PREVENCIÓN DEL SOBORNO EN LAS EMPRESAS PRESTADORAS DE SERVICIOS DE AGUA POTABLE Y SANEAMIENTO PÚBLICAS DE ACCIONARIADO MUNICIPAL.,9,https://wb2server.congreso.gob.pe/spley-portal/#/diputados/expediente/2026/76
diputados,75,00075-2026-2031-CD,2026-08-20,Cámara de Diputados,Ahora Nación,EN COMISIÓN,Primera Legislatura Ordinaria 2026,PROPOSICIÓN DE RESOLUCIÓN LEGISLATIVA QUE MODIFICA EL REGLAMENTO DEL CONGRESO PARA GARANTIZAR EL TRABAJO PRESENCIAL,5,https://wb2server.congreso.gob.pe/spley-portal/#/diputados/expediente/2026/75
diputados,74,00074-2026-2031-CD,2026-08-20,Cámara de Diputados,Renovación Popular,EN COMISIÓN,Primera Legislatura Ordinaria 2026,"PROPOSICIÓN LEGISLATIVA QUE FORTALECE LA APLICACIÓN EFECTIVA DE MEDIDAS CORRECTIVAS, SOCIOEDUCATIVAS Y DE PREVENCIÓN FRENTE AL ACOSO ESCOLAR (BULLYING Y CIBERBULLYING) COMETIDO POR NIÑOS Y ADOLESCENTES.",8,https://wb2server.congreso.gob.pe/spley-portal/#/diputados/expediente/2026/74
diputados,73,00073-2026-2031-CD,2026-08-20,Cámara de Diputados,Fuerza Popular,EN COMISIÓN,Primera Legislatura Ordinaria 2026,PROPOSICIÓN LEGISLATIVA QUE MODERNIZA LA FORMALIZACIÓN PREDIAL URBANA Y MEJORA EL SANEAMIENTO FÍSICO-LEGAL DE ASENTAMIENTOS CONSOLIDADOS,6,https://wb2server.congreso.gob.pe/spley-portal/#/diputados/expediente/2026/73
diputados,72,00072-2026-2031-CD,2026-08-20,Cámara de Diputados,Juntos por el Perú,EN COMISIÓN,Primera Legislatura Ordinaria 2026,"PROPOSICIÓN LEGISLATIVA QUE INCORPORA EL ARTÍCULO 41-A, A LEY 29944, LEY DE REFORMA MAGISTERIAL, A FIN DE ESTABLECER MEDIDAS ESPECIALES DE PROTECCIÓN PARA LOS PROFESORES Y AUXILIARES DE EDUCACIÓN QUE PRESTAN SERVICIOS EN ZONAS RURALES Y ZONAS DE FRONTERA.",7,https://wb2server.congreso.gob.pe/spley-portal/#/diputados/expediente/2026/72
diputados,71,00071-2026-2031-CD,2026-08-20,Cámara de Diputados,Renovación Popular,EN COMISIÓN,Primera Legislatura Ordinaria 2026,PROPOSICIÓN LEGISLATIVA QUE CREA EL FONDO SOBERANO DE RIQUEZA (FSR) PARA EL ASEGURAMIENTO DEL BIENESTAR NACIONAL EN EL LARGO PLAZO.,6,https://wb2server.congreso.gob.pe/spley-portal/#/diputados/expediente/2026/71
diputados,70,00070-2026-2031-CD,2026-08-20,Cámara de Diputados,Fuerza Popular,EN COMISIÓN,Primera Legislatura Ordinaria 2026,"PROPOSICIÓN LEGISLATIVA QUE MODIFICA EL DECRETO LEGISLATIVO 1213, DECRETO LEGISLATIVO QUE REGULA LOS SERVICIOS DE SEGURIDAD PRIVADA, PARA AUTORIZAR EL TRASLADO EXCEPCIONAL DE DINERO Y VALORES DEL BANCO DE LA NACIÓN Y DE LAS ENTIDADES QUE ADMINISTRAN PROGRAMAS SOCIALES, CON RESGUARDO DE LA POLICÍA NACIONAL DEL PERÚ O DE LAS FUERZAS ARMADAS.",6,https://wb2server.congreso.gob.pe/spley-portal/#/diputados/expediente/2026/70
diputados,69,00069-2026-2031-CD,2026-08-20,Cámara de Diputados,Renovación Popular,EN COMISIÓN,Primera Legislatura Ordinaria 2026,"PROPOSICIÓN LEGISLATIVA QUE MODIFICA LA LEY 28044, LEY GENERAL DE EDUCACIÓN, CON LA FINALIDAD DE ESTABLECER LA INSTRUCCIÓN PREMILITAR EN LA EDUCACIÓN BÁSICA REGULAR, PARA FORTALECER LA FORMACIÓN CÍVICA, CIUDADANA, PATRIÓTICA Y LA CULTURA DE DEFENSA NACIONAL.",7,https://wb2server.congreso.gob.pe/spley-portal/#/diputados/expediente/2026/69
diputados,68,00068-2026-2031-CD,2026-08-20,Cámara de Diputados,Renovación Popular,EN COMISIÓN,Primera Legislatura Ordinaria 2026,"PROPOSICIÓN LEGISLATIVA DE REFORMA CONSTITUCIONAL QUE MODIFICA EL ARTÍCULO 14 DE LA CONSTITUCIÓN POLÍTICA DEL PERÚ, RECONOCIENDO EL DERECHO DE TODA PERSONA A UN ESTADO DIGITAL MODERNO Y EFICIENTE.",8,https://wb2server.congreso.gob.pe/spley-portal/#/diputados/expediente/2026/68
diputados,67,00067-2026-2031-CD,2026-08-20,Cámara de Diputados,Fuerza Popular,EN COMISIÓN,Primera Legislatura Ordinaria 2026,PROPOSICIÓN LEGISLATIVA QUE PROMUEVE LA PARTICIPACIÓN DE LAS FUERZAS ARMADAS EN EL DESARROLLO DE LA INFRAESTRUCTURA DEL PAÍS,8,https://wb2server.congreso.gob.pe/spley-portal/#/diputados/expediente/2026/67
diputados,66,00066-2026-2031-CD,2026-08-20,Cámara de Diputados,Fuerza Popular,EN COMISIÓN,Primera Legislatura Ordinaria 2026,PROPOSICIÓN LEGISLATIVA QUE PROMUEVE EL DERECHO DEL RECIÉN NACIDO A LA ASISTENCIA PATERNA.,7,https://wb2server.congreso.gob.pe/spley-portal/#/diputados/expediente/2026/66
diputados,65,00065-2026-2031-CD,2026-08-20,Cámara de Diputados,Fuerza Popular,EN COMISIÓN,Primera Legislatura Ordinaria 2026,PROPOSICIÓN LEGISLATIVA QUE ESTABLECE SANCIONES A LA OBSTRUCCIÓN DEL RÉGIMEN DE VISITAS.,7,https://wb2server.congreso.gob.pe/spley-portal/#/diputados/expediente/2026/65
diputados,64,00064-2026-2031-CD,2026-08-20,Cámara de Diputados,Renovación Popular,EN COMISIÓN,Primera Legislatura Ordinaria 2026,PROPOSICIÓN LEGISLATIVA QUE SIMPLIFICA LA EJECUCIÓN DE INVERSIONES EN INFRAESTRUCTURA DE AGUA POTABLE Y SANEAMIENTO.,8,https://wb2server.congreso.gob.pe/spley-portal/#/diputados/expediente/2026/64
diputados,63,00063-2026-2031-CD,2026-08-19,Cámara de Diputados,Juntos por el Perú,EN COMISIÓN,Primera Legislatura Ordinaria 2026,PROPOSICIÓN LEGISLATIVA QUE DESARROLLA EL DERECHO A LA PROTESTA Y PROTECCCIÓN A LA REUNIÓN PACÍFICA,11,https://wb2server.congreso.gob.pe/spley-portal/#/diputados/expediente/2026/63
diputados,62,00062-2026-2031-CD,2026-08-19,Cámara de Diputados,Partido del Buen Gobierno,EN COMISIÓN,Primera Legislatura Ordinaria 2026,PROPOSICIÓN LEGISLATIVA QUE AMPLÍA EL PASAJE UNIVERSITARIO URBANO E INTERURBANO A TODOS LOS DÍAS DE LA SEMANA Y PRECISA EL CÁLCULO DEL PASAJE DIFERENCIADO.,11,https://wb2server.congreso.gob.pe/spley-portal/#/diputados/expediente/2026/62
diputados,61,00061-2026-2031-CD,2026-08-19,Cámara de Diputados,Ahora Nación,EN COMISIÓN,Primera Legislatura Ordinaria 2026,"PROPOSICIÓN LEGISLATIVA QUE RECUPERA LA CALIDAD DE LA EDUCACIÓN UNIVERSITARIA, MEDIANTE LA DEROGACIÓN DE LA LEY 32105.",7,https://wb2server.congreso.gob.pe/spley-portal/#/diputados/expediente/2026/61
diputados,60,00060-2026-2031-CD,2026-08-19,Cámara de Diputados,Juntos por el Perú,EN COMISIÓN,Primera Legislatura Ordinaria 2026,PROPOSICIÓN LEGISLATIVA QUE MODIFICA LA LEY 26864 PARA EVITAR EL INCUMPLIMIENTO DE LA PROHIBICIÓN CONSTITUCIONAL DE REELECCIÓN INMEDIATA DE LOS ALCALDES.,6,https://wb2server.congreso.gob.pe/spley-portal/#/diputados/expediente/2026/60
diputados,59,00059-2026-2031-CD,2026-08-19,Cámara de Diputados,Ahora Nación,EN COMISIÓN,Primera Legislatura Ordinaria 2026,"PROPOSICIÓN LEGISLATIVA QUE MODIFICA EL ARTÍCULO II DEL TÍTULO PRELIMINAR DEL CÓDIGO PENAL MILITAR POLICIAL, DECRETO LEGISLATIVO 1094, MODIFICA EL ARTÍCULO III DEL TÍTULO PRELIMINAR Y EL ARTÍCULO 26 DEL NUEVO CÓDIGO PROCESAL PENAL, DECRETO LEGISLATIVO 957, Y DEROGA LA DISPOSICIÓN COMPLEMENTARIA FINAL ÚNICA DE LA LEY 32735, A FIN DE PRECISAR LA COMPETENCIA DEL FUERO COMÚN EN CASOS DE INFRACCIONES PENALES Y DELITOS COMUNES COMETIDOS POR PERSONAL MILITAR Y POLICIAL",5,https://wb2server.congreso.gob.pe/spley-portal/#/diputados/expediente/2026/59
diputados,58,00058-2026-2031-CD,2026-08-19,Cámara de Diputados,Renovación Popular,EN COMISIÓN,Primera Legislatura Ordinaria 2026,"PROPOSICIÓN LEGISLATIVA ALQUILA, AHORRA Y COMPRA",8,https://wb2server.congreso.gob.pe/spley-portal/#/diputados/expediente/2026/58
diputados,57,00057-2026-2031-CD,2026-08-19,Gobiernos Locales,,EN COMISIÓN,Primera Legislatura Ordinaria 2026,"PROPOSICIÓN LEGISLATIVA QUE MODIFICA LA LEY 27613, LEY DE LA PARTICIPACIÓN EN RENTA DE ADUANAS Y LA LEY DE TRIBUTACIÓN MUNICIPAL.",0,https://wb2server.congreso.gob.pe/spley-portal/#/diputados/expediente/2026/57
diputados,56,00056-2026-2031-CD,2026-08-19,Cámara de Diputados,Juntos por el Perú,EN COMISIÓN,Primera Legislatura Ordinaria 2026,"PROPOSICIÓN LEGISLATIVA QUE MODIFICA EL NUMERAL 45.2 DEL ARTÍCULO 45 DE LA LEY 30220, LEY UNIVERSITARIA, PARA GARANTIZAR LA SUSTENCTACIÓN OPORTUNA DE LA TESIS O DESARROLLAR UN TRABAJO DE SUFICIENCIA PROFESIONAL PARA ACCEDER AL TÍTULO PROFESIONAL.",7,https://wb2server.congreso.gob.pe/spley-portal/#/diputados/expediente/2026/56
diputados,55,00055-2026-2031-CD,2026-08-19,Cámara de Diputados,Juntos por el Perú,EN COMISIÓN,Primera Legislatura Ordinaria 2026,"PROPOSICIÓN LEGISLATIVA QUE ESTABLECE UN PERIODO DE CINCO AÑOS PARA EL LICENCIAMIENTO INSTITTUCIONAL, RENOVABLE PREVIO AL CUMPLIMIENTO DE LAS CONDICIONES BÁSICAS DE CALIDAD",6,https://wb2server.congreso.gob.pe/spley-portal/#/diputados/expediente/2026/55
diputados,54,00054-2026-2031-CD,2026-08-18,Cámara de Diputados,Ahora Nación,EN COMISIÓN,Primera Legislatura Ordinaria 2026,"PROPOSICIÓN LEGISLATIVA QUE MODIFICA LA LEY 29906 PARA FORTALECER LA PREVENCIÓN, CONTROL DE LA CONTAMINACIÓN Y RECUPERACIÓN AMBIENTAL DEL LAGO TITICACA Y SUS AFLUENTES.",8,https://wb2server.congreso.gob.pe/spley-portal/#/diputados/expediente/2026/54
diputados,53,00053-2026-2031-CD,2026-08-18,Cámara de Diputados,Juntos por el Perú,Retirado por su Autor,Primera Legislatura Ordinaria 2026,"PROPOSICIÓN LEGISLATIVA QUE INCORPORA LOS ARTÍCULOS 56.9, 58.7, 96-A, A LA LEY 30220, LEY UNIVERSITARIA, PARA GARANTIZAR LA PARTICIPACIÓN Y REPRESENTACIÓN SINDICAL DE LOS DOCENTES EN LAS UNIVERSIDADES PÚBLICAS Y PRIVADAS",7,https://wb2server.congreso.gob.pe/spley-portal/#/diputados/expediente/2026/53
diputados,52,00052-2026-2031-CD,2026-08-18,Senado de la República,Ahora Nación,EN COMISIÓN,Primera Legislatura Ordinaria 2026,PROPOSICIÓN DE RESOLUCIÓN LEGISLATIVA QUE MODIFICA EL REGLAMENTO DEL CONGRESO DE LA REPÚBLICA PARA EL FORTALECIMIENTO DEL SISTEMA DEMOCRÁTICO Y REPRESENTATIVO,4,https://wb2server.congreso.gob.pe/spley-portal/#/diputados/expediente/2026/52
diputados,51,00051-2026-2031-CD,2026-08-18,Cámara de Diputados,Ahora Nación,EN COMISIÓN,Primera Legislatura Ordinaria 2026,"PROPOSICIÓN LEGISLATIVA QUE FORTALECE LA LUCHA CONTRA LA CRIMINALIDAD Y MODIFICA LOS ARTÍCULOS 51, 52-A Y 55 DEL TUO DEL CÓDIGO DE EJECUCIÓN PENAL DECRETO LEGISLATIVO 654.",5,https://wb2server.congreso.gob.pe/spley-portal/#/diputados/expediente/2026/51
diputados,50,00050-2026-2031-CD,2026-08-18,Cámara de Diputados,Juntos por el Perú,EN COMISIÓN,Primera Legislatura Ordinaria 2026,PROPOSICIÓN LEGISLATIVA QUE INCORPORA LOS CURSOS COMPLEMENTARIOS DENTRO DEL PLAN DE ESTUDIOS DE LAS CARRERAS UNIVERSITARIAS,7,https://wb2server.congreso.gob.pe/spley-portal/#/diputados/expediente/2026/50
diputados,49,00049-2026-2031-CD,2026-08-18,Cámara de Diputados,Ahora Nación,EN COMISIÓN,Primera Legislatura Ordinaria 2026,"PROPOSICIÓN LEGISLATIVA QUE MODIFICA EL ARTÍCULO 206-A DEL CÓDIGO PENAL, DECRETO LEGISLATIVO N°635, PARA FORTALECER LA SANCIÓN DE LOS ACTOS DE CRUELDAD, MALTRATO Y ABANDONO DE ANIMALES DOMÉSTICOS Y DE ANIMALES SILVESTRES.",6,https://wb2server.congreso.gob.pe/spley-portal/#/diputados/expediente/2026/49
diputados,48,00048-2026-2031-CD,2026-08-18,Cámara de Diputados,Renovación Popular,EN COMISIÓN,Primera Legislatura Ordinaria 2026,"PROPOSICIÓN LEGISLATIVA QUE FORTALECE LA PROTECCIÓN DEL INTERÉS SUPERIOR DEL NIÑO, INCORPORANDO MEDIDAS ALTERNATIVAS A LA PRISIÓN PREVENTIVA Y A LA PENA PRIVATIVA DE LIBERTAD.",8,https://wb2server.congreso.gob.pe/spley-portal/#/diputados/expediente/2026/48
diputados,47,00047-2026-2031-CD,2026-08-18,Cámara de Diputados,Renovación Popular,EN COMISIÓN,Primera Legislatura Ordinaria 2026,"PROPOSICIÓN LEGISLATIVA QUE INSTITUCIONALIZA EL 23 DE SETIEMBRE COMO EL “DÍA NACIONAL DEL VOLUNTARIADO” Y ESTABLECE ACCIONES EFECTIVAS PARA SU PROMOCIÓN, ARTICULACIÓN INSTITUCIONAL E INCORPORACIÓN AL CALENDARIO CÍVICO ESCOLAR.",10,https://wb2server.congreso.gob.pe/spley-portal/#/diputados/expediente/2026/47
diputados,46,00046-2026-2031-CD,2026-08-18,Cámara de Diputados,Renovación Popular,EN COMISIÓN,Primera Legislatura Ordinaria 2026,"PROPOSICIÓN LEGISLATIVA QUE MODIFICA ARTÍCULOS DEL CÓDIGO PENAL, SANCIONANDO CON CADENA PERPETUA LOS TIPOS PENALES DE SICARIATO (ART. 108-C y 108-D); VIOLACIÓN SEXUAL (ART. 171, 172 Y 174) CON CIRCUNSTANCIAS AGRAVANTES; EXTORSIÓN (ART. 200 NUMERAL 200.9) INCORPORANDO EL LITERAL F; Y CORRUPCIÓN DE FUNCIONARIOS –COLUSIÓN AGRAVADA (ART. 384) CUYAS CONDUCTAS CONSTITUYAN CIRCUNSTANCIAS AGRAVADAS.",6,https://wb2server.congreso.gob.pe/spley-portal/#/diputados/expediente/2026/46
diputados,45,00045-2026-2031-CD,2026-08-17,Cámara de Diputados,Renovación Popular,EN COMISIÓN,Primera Legislatura Ordinaria 2026,"PROPOSICIÓN LEGISLATIVA QUE MODIFICA EL DECRETO LEGISLATIVO 1153, DECRETO LEGISLATIVO QUE REGULA LA POLÍTICA INTEGRAL DE COMPENSACIONES Y ENTREGAS ECONÓMICAS DEL PERSONAL DE LA SALUD AL SERVICIO DEL ESTADO, PARA INCORPORAR A PROFESIONALES EN FORMACIÓN ESPECIALIZADA MEDIANTE RESIDENTADO.",12,https://wb2server.congreso.gob.pe/spley-portal/#/diputados/expediente/2026/45
diputados,44,00044-2026-2031-CD,2026-08-17,Cámara de Diputados,Renovación Popular,EN COMISIÓN,Primera Legislatura Ordinaria 2026,PROPOSICIÓN LEGISLATIVA AGUA SIN DEMORAS,7,https://wb2server.congreso.gob.pe/spley-portal/#/diputados/expediente/2026/44
diputados,43,00043-2026-2031-CD,2026-08-17,Cámara de Diputados,Renovación Popular,Retirado por su Autor,Primera Legislatura Ordinaria 2026,PROPOSICIÓN LEGISLATIVA QUE PENALIZA LA APOLOGÍA AL DELITO DURANTE SITUACIONES DE CRISIS POLÍTICA Y/O CONFLICTOS SOCIALES.,10,https://wb2server.congreso.gob.pe/spley-portal/#/diputados/expediente/2026/43
diputados,42,00042-2026-2031-CD,2026-08-17,Cámara de Diputados,Juntos por el Perú,EN COMISIÓN,Primera Legislatura Ordinaria 2026,PROPOSICIÓN LEGISLATIVA QUE ESTABLECE LA DEFENSA PÚBLICA DE LAS RONDAS CAMPESINAS Y FOMENTA LA CAPACITACIÓN LEGAL A LAS RONDAS CAMPESINAS.,9,https://wb2server.congreso.gob.pe/spley-portal/#/diputados/expediente/2026/42
diputados,41,00041-2026-2031-CD,2026-08-17,Cámara de Diputados,Ahora Nación,EN COMISIÓN,Primera Legislatura Ordinaria 2026,"PROPOSICIÓN LEGISLATIVA QUE MODIFICA EL ARTÍCULO 42 DE LA LEY 26662, LEY DE COMPETENCIA NOTARIAL EN ASUNTOS NO CONTENCIOSOS, FACULTANDO A LOS NOTARIOS A INCLUIR HEREDEROS PRETERIDOS",5,https://wb2server.congreso.gob.pe/spley-portal/#/diputados/expediente/2026/41
diputados,40,00040-2026-2031-CD,2026-08-14,Cámara de Diputados,Juntos por el Perú,EN COMISIÓN,Primera Legislatura Ordinaria 2026,PROPOSICIÓN LEGISLATIVA QUE DEROGA LA LEY 32054 Y RESTABLECE LA APLICACIÓN DEL RÉGIMEN GENERAL DE CONSECUENCIAS ACCESORIAS Y DE RESPONSABILIDAD DE LAS PERSONAS JURÍDICAS A LAS ORGANIZACIONES POLÍTICAS,18,https://wb2server.congreso.gob.pe/spley-portal/#/diputados/expediente/2026/40
diputados,39,00039-2026-2031-CD,2026-08-14,Cámara de Diputados,Renovación Popular,EN COMISIÓN,Primera Legislatura Ordinaria 2026,"PROPOSICIÓN LEGISLATIVA QUE FACULTA LA DENUNCIA DE LA CONVENCIÓN AMERICANA SOBRE DERECHOS HUMANOS ""PACTO DE SAN JOSÉ DE COSTA RICA""",11,https://wb2server.congreso.gob.pe/spley-portal/#/diputados/expediente/2026/39
diputados,38,00038-2026-2031-CD,2026-08-14,Cámara de Diputados,Ahora Nación,EN COMISIÓN,Primera Legislatura Ordinaria 2026,"PROPOSICIÓN LEGISLATIVA QUE ESTABLECE EL RÉGIMEN ESPECIAL PARA LA INVERSIÓN TECNOLÓGICA, LA INFRAESTRUCTURA DIGITAL ESTRATÉGICA Y LA GENERACIÓN DE EMPLEO CALIFICADO",7,https://wb2server.congreso.gob.pe/spley-portal/#/diputados/expediente/2026/38
diputados,37,00037-2026-2031-CD,2026-08-14,Cámara de Diputados,Renovación Popular,EN COMISIÓN,Primera Legislatura Ordinaria 2026,PROPOSICIÓN LEGISLATIVA QUE PROMUEVE EL TURISMO SEGURO Y FORTALECE LA SEGURIDAD OPERACIONAL Y LA VIGILANCIA CONTINUA DEL TRANSPORTE AÉREO TURÍSTICO Y DE LA AVIACIÓN COMERCIAL NO REGULAR,5,https://wb2server.congreso.gob.pe/spley-portal/#/diputados/expediente/2026/37
diputados,36,00036-2026-2031-CD,2026-08-13,Cámara de Diputados,Juntos por el Perú,EN COMISIÓN,Primera Legislatura Ordinaria 2026,"PROPOSICIÓN LEGISLATIVA DE REFORMA CONSTITUCIONAL QUE MODIFICA EL ARTÍCULO 92 DE LA CONSTITUCIÓN POLITICA DEL PERÚ PARA PREVENIR LOS CONFLICTOS DE INTERESES ECONÓMICOS, MORALES Y JUDICIALES DE LOS SENADORES Y DIPUTADOS",7,https://wb2server.congreso.gob.pe/spley-portal/#/diputados/expediente/2026/36
diputados,35,00035-2026-2031-CD,2026-08-13,Cámara de Diputados,Renovación Popular,EN COMISIÓN,Primera Legislatura Ordinaria 2026,"PROPOSICIÓN LEGISLATIVA QUE MODIFICA EL CÓDIGO PENAL Y LA LEY ORGÁNICA DE MUNICIPALIDADES, PARA FORTALECER LA PROTECCIÓN DE LOS ENTORNOS ESCOLARES FRENTE A LA COMERCIALIZACIÓN Y EL CONSUMO DE DROGAS",8,https://wb2server.congreso.gob.pe/spley-portal/#/diputados/expediente/2026/35
diputados,34,00034-2026-2031-CD,2026-08-13,Cámara de Diputados,Renovación Popular,EN COMISIÓN,Primera Legislatura Ordinaria 2026,PROPOSICIÓN LEGISLATIVA QUE MODIFICA EL RÉGIMEN DE ELECCIÓN DE LAS AUTORIDADES REGIONALES Y LOCALES,14,https://wb2server.congreso.gob.pe/spley-portal/#/diputados/expediente/2026/34
diputados,33,00033-2026-2031-CD,2026-08-13,Cámara de Diputados,Renovación Popular,EN COMISIÓN,Primera Legislatura Ordinaria 2026,PROPOSICIÓN LEGISLATIVA QUE FORTALECE LAS RESTRICCIONES A LOS BENEFICIOS PENITENCIARIOS PARA DELITOS DE ALTA LESIVIDAD,12,https://wb2server.congreso.gob.pe/spley-portal/#/diputados/expediente/2026/33
diputados,32,00032-2026-2031-CD,2026-08-13,Cámara de Diputados,Renovación Popular,EN COMISIÓN,Primera Legislatura Ordinaria 2026,PROPOSICIÓN LEGISLATIVA QUE APERTURA LA COMPETENCIA BANCARIA PARA FACILITAR LOS CRÉDITOS Y OFERTAS FINANCIERAS,12,https://wb2server.congreso.gob.pe/spley-portal/#/diputados/expediente/2026/32
diputados,31,00031-2026-2031-CD,2026-08-13,Cámara de Diputados,Renovación Popular,EN COMISIÓN,Primera Legislatura Ordinaria 2026,"PROPOSICIÓN LEGISLATIVA QUE MODIFICA LOS ARTÍCULOS 1, 2 Y 3 DE LA LEY 30012, LEY QUE CONCEDE EL DERECHO DE LICENCIA A TRABAJADORES CON FAMILIARES DIRECTOS QUE SE ENCUENTRAN CON ENFERMEDAD GRAVE O TERMINAL O SUFRAN ACCIDENTE GRAVE, PARA AMPLIAR LA COBERTURA DE LA LICENCIA A TODA ATENCIÓN DE SALUD DEL FAMILIAR DIRECTO",5,https://wb2server.congreso.gob.pe/spley-portal/#/diputados/expediente/2026/31
diputados,30,00030-2026-2031-CD,2026-08-13,Cámara de Diputados,Ahora Nación,EN COMISIÓN,Primera Legislatura Ordinaria 2026,"PROPOSICIÓN LEGISLATIVA QUE MODIFICA EL ARTÍCULO 63 DE LA LEY N.º 27972, LEY ORGÁNICA DE MUNICIPALIDADES",5,https://wb2server.congreso.gob.pe/spley-portal/#/diputados/expediente/2026/30
diputados,29,00029-2026-2031-CD,2026-08-13,Cámara de Diputados,Ahora Nación,EN COMISIÓN,Primera Legislatura Ordinaria 2026,"PROPOSICIÓN LEGISLATIVA QUE MODIFICA EL ARTÍCULO 230 DEL CODIGO PROCESAL PENAL, CON EL FIN DE AMPLIAR EL PLAZO DE INTERVENCIÓN DE LAS COMUNICACIONES TELEFÓNICA",6,https://wb2server.congreso.gob.pe/spley-portal/#/diputados/expediente/2026/29
diputados,28,00028-2026-2031-CD,2026-08-12,Cámara de Diputados,Ahora Nación,EN COMISIÓN,Primera Legislatura Ordinaria 2026,"PROPOSICIÓN LEGISLATIVA QUE MODIFICA EL DECRETO LEGISLATIVO 1731, DECRETO LEGISLATIVO QUE INCORPORA EL ARTÍCULO 200-A AL CÓDIGO PENAL, PARA FORTALECER LA PREVENCIÓN Y SANCIÓN DEL DELITO DE EXIGENCIA O REQUERIMIENTO EXTORSIVO",6,https://wb2server.congreso.gob.pe/spley-portal/#/diputados/expediente/2026/28
diputados,27,00027-2026-2031-CD,2026-08-12,Cámara de Diputados,Renovación Popular,EN COMISIÓN,Primera Legislatura Ordinaria 2026,PROPOSICIÓN LEGISLATIVA MI PRIMERA EMPRESA,6,https://wb2server.congreso.gob.pe/spley-portal/#/diputados/expediente/2026/27
diputados,26,00026-2026-2031-CD,2026-08-12,Cámara de Diputados,Juntos por el Perú,EN COMISIÓN,Primera Legislatura Ordinaria 2026,"PROPOSICIÓN LEGISLATIVA QUE MODIFICA EL CÓDIGO PENAL MILITAR POLICIAL, DECRETO LEGISLATIVO 1094, Y EL CÓDIGO PROCESAL PENAL, DECRETO LEGISLATIVO 957, Y DEROGA LA LEY 32735, PARA RESTITUIR EL ALCANCE CONSTITUCIONAL DEL DELITO DE FUNCIÓN Y LA COMPETENCIA DE LA JURISDICCIÓN ORDINARIA",18,https://wb2server.congreso.gob.pe/spley-portal/#/diputados/expediente/2026/26
diputados,25,00025-2026-2031-CD,2026-08-12,Cámara de Diputados,Partido Cívico Obras,EN COMISIÓN,Primera Legislatura Ordinaria 2026,"PROPOSICIÓN LEGISLATIVA QUE MODIFICA EL ARTÍCULO 261 Y 264 DEL CODIGO PROCESAL, INCORPORA REGLAS DE MOTIVACION EN DELITOS ESPECIALES, MODIFICA PLAZOS DE LA DETENCION PRELIMINAR",8,https://wb2server.congreso.gob.pe/spley-portal/#/diputados/expediente/2026/25
diputados,24,00024-2026-2031-CD,2026-08-12,Cámara de Diputados,Multipartidario,CON DICTAMEN,Primera Legislatura Ordinaria 2026,"PROPOSICIÓN LEGISLATIVA QUE DEROGA LA LEY 32645, LEY QUE CREA EL COLEGIO PROFESIONAL DE ARTISTAS DEL PERÚ (CPAP)",10,https://wb2server.congreso.gob.pe/spley-portal/#/diputados/expediente/2026/24
diputados,23,00023-2026-2031-CD,2026-08-12,Cámara de Diputados,Juntos por el Perú,EN COMISIÓN,Primera Legislatura Ordinaria 2026,"PROPOSICIÓN LEGISLATIVA QUE DEROGA LA LEY N.º 32735 LEY QUE MODIFICA EL CÓDIGO PENAL MILITAR POLICIAL, DECRETO LEGISLATIVO 1094, Y EL NUEVO CÓDIGO PROCESAL PENAL, DECRETO LEGISLATIVO 957, A FIN DE RESTITUIR LA COMPETENCIA DE LA JUSTICIA ORDINARIA, FRENTE A LA IMPUNIDAD DE LAS FUERZAS ARMADAS Y POLICIALES.",12,https://wb2server.congreso.gob.pe/spley-portal/#/diputados/expediente/2026/23
diputados,22,00022-2026-2031-CD,2026-08-12,Cámara de Diputados,Juntos por el Perú,EN COMISIÓN,Primera Legislatura Ordinaria 2026,PROPOSICIÓN LEGISLATIVA QUE DEROGA LA LEY 32130 Y RESTABLECE EL RÉGIMEN JURÍDICO ANTERIOR DEL CÓDIGO PROCESAL PENAL EN MATERIA DE CONDUCCIÓN DE LA INVESTIGACIÓN DEL DELITO,19,https://wb2server.congreso.gob.pe/spley-portal/#/diputados/expediente/2026/22
diputados,21,00021-2026-2031-CD,2026-08-12,Cámara de Diputados,Ahora Nación,EN COMISIÓN,Primera Legislatura Ordinaria 2026,"PROPOSICIÓN LEGISLATIVA QUE PROHÍBE LA REELECCIÓN ENCUBIERTA DE GOBERNADORES REGIONALES Y ALCALDES, EN EL MARCO DE LO DISPUESTO EN LOS ARTÍCULOS 191° Y 194° DE LA CONSTITUCIÓN POLÍTICA DEL PERÚ",5,https://wb2server.congreso.gob.pe/spley-portal/#/diputados/expediente/2026/21
diputados,20,00020-2026-2031-CD,2026-08-11,PODER EJECUTIVO,,EN COMISIÓN,Primera Legislatura Ordinaria 2026,PROPOSICIÓN LEGISLATIVA DE CREACIÓN DEL DISTRITO DE TUYANKUWAS EN LA PROVINCIA DE BAGUA DEL DEPARTAMENTO DE AMAZONAS,0,https://wb2server.congreso.gob.pe/spley-portal/#/diputados/expediente/2026/20
diputados,19,00019-2026-2031-CD,2026-08-11,Cámara de Diputados,Juntos por el Perú,EN COMISIÓN,Primera Legislatura Ordinaria 2026,PROPOSICIÓN LEGISLATIVA QUE FORTALECE EL DESARROLLO INTEGRAL DE LAS MUNICIPALIDADES DE CENTROS POBLADOS,7,https://wb2server.congreso.gob.pe/spley-portal/#/diputados/expediente/2026/19
diputados,18,00018-2026-2031-CD,2026-08-11,Cámara de Diputados,Juntos por el Perú,EN COMISIÓN,Primera Legislatura Ordinaria 2026,"PROPOSICIÓN LEGISLATIVA QUE DEROGA LA LEY N.° 32735, LEY QUE MODIFICA EL CÓDIGO PENAL MILITAR POLICIAL, DECRETO LEGISLATIVO 1094, Y EL NUEVO CÓDIGO PROCESAL PENAL, DECRETO LEGISLATIVO 957, PARA PRECISAR EL DELITO DE FUNCIÓN, FORTALECER LA FUNCIÓN MILITAR POLICIAL Y ESTABLECER SANCIONES A MILITARES Y POLICÍAS QUE PARTICIPEN EN BANDAS Y ORGANIZACIONES CRIMINALES",7,https://wb2server.congreso.gob.pe/spley-portal/#/diputados/expediente/2026/18
diputados,17,00017-2026-2031-CD,2026-08-11,Cámara de Diputados,Juntos por el Perú,EN COMISIÓN,Primera Legislatura Ordinaria 2026,"PROPOSICIÓN LEGISLATIVA QUE MODIFICA EL DECRETO LEGISLATIVO 1373, DECRETO LEGISLATIVO SOBRE EXTINCIÓN DE DOMINIO, PARA RESTABLECER LA AUTONOMÍA DEL PROCESO DE EXTINCIÓN DE DOMINIO, Y DEROGA LA LEY 32326",11,https://wb2server.congreso.gob.pe/spley-portal/#/diputados/expediente/2026/17
diputados,16,00016-2026-2031-CD,2026-08-11,Cámara de Diputados,Juntos por el Perú,EN COMISIÓN,Primera Legislatura Ordinaria 2026,"PROPOSICIÓN LEGISLATIVA QUE MODIFICA EL CÓDIGO PROCESAL PENAL, RESPECTO DEL PROCESO ESPECIAL POR COLABORACIÓN EFICAZ, Y DEROGA LA LEY 31990
",8,https://wb2server.congreso.gob.pe/spley-portal/#/diputados/expediente/2026/16
diputados,15,00015-2026-2031-CD,2026-08-10,Cámara de Diputados,Juntos por el Perú,EN COMISIÓN,Primera Legislatura Ordinaria 2026,PROPOSICIÓN LEGISLATIVA QUE DEROGA LA LEY 32181 Y DISPOSICIONES CONCORDANTES DEL CÓDIGO PENAL Y DEL NUEVO CÓDIGO PROCESAL PENAL PARA GARANTIZAR LA EFICACIA DE LA PERSECUCIÓN DEL DELITO Y LA IGUALDAD ANTE LA LEY,11,https://wb2server.congreso.gob.pe/spley-portal/#/diputados/expediente/2026/15
diputados,14,00014-2026-2031-CD,2026-08-10,Cámara de Diputados,Ahora Nación,EN COMISIÓN,Primera Legislatura Ordinaria 2026,PROPOSICIÓN LEGISLATIVA QUE CREA EL TRIBUNAL ADMINISTRATIVO DE TRÁNSITO Y TRANSPORTE COMO ÓRGANO ESPECIALIZADO DE SEGUNDA Y ÚLTIMA INSTANCIA ADMINISTRATIVA EN MATERIA DE TRÁNSITO Y TRANSPORTE TERRESTRE,5,https://wb2server.congreso.gob.pe/spley-portal/#/diputados/expediente/2026/14
diputados,13,00013-2026-2031-CD,2026-08-10,Cámara de Diputados,Ahora Nación,EN COMISIÓN,Primera Legislatura Ordinaria 2026,PROPOSICIÓN LEGISLATIVA QUE MODIFICA EL DECRETO LEGISLATIVO 1373 SOBRE EXTINCIÓN DE DOMINIO,5,https://wb2server.congreso.gob.pe/spley-portal/#/diputados/expediente/2026/13
diputados,12,00012-2026-2031-CD,2026-08-10,Cámara de Diputados,Partido del Buen Gobierno,CON DICTAMEN,Primera Legislatura Ordinaria 2026,"PROPOSICIÓN LEGISLATIVA QUE DEROGA LA LEY N' 32645, LEY QUE CREA EL COLEGIO PROFESIONAL DE ARTISTAS DEL PERÚ (CPAP)",12,https://wb2server.congreso.gob.pe/spley-portal/#/diputados/expediente/2026/12
diputados,11,00011-2026-2031-CD,2026-08-10,Cámara de Diputados,Ahora Nación,EN COMISIÓN,Primera Legislatura Ordinaria 2026,PROPOSICIÓN LEGISLATIVA QUE PROMUEVE LA INOCUIDAD DE LOS ALIMENTOS A FAVOR DE LOS CONSUMIDORES MEDIANTE EL FORTALECIMIENTO DEL SISTEMA DE CONTROL Y VIGILANCIA SANITARIA,8,https://wb2server.congreso.gob.pe/spley-portal/#/diputados/expediente/2026/11
diputados,10,00010-2026-2031-CD,2026-08-10,Cámara de Diputados,Ahora Nación,EN COMISIÓN,Primera Legislatura Ordinaria 2026,PROPOSICIÓN LEGISLATIVA QUE PROTEGE EL VEHÍCULO DEL TAXISTA INDEPENDIENTE COMO ÚNICA HERRAMIENTA DE TRABAJO Y REGULA LA PROPORCIONALIDAD DEL INTERNAMIENTO VEHICULAR,7,https://wb2server.congreso.gob.pe/spley-portal/#/diputados/expediente/2026/10
diputados,9,00009-2026-2031-CD,2026-08-10,Cámara de Diputados,Juntos por el Perú,EN COMISIÓN,Primera Legislatura Ordinaria 2026,"PROPOSICIÓN LEGISLATIVA QUE DEROGA LA LEY 31751 Y LA LEY 32104, QUE MODIFICAN LA SUSPENSIÓN DEL PLAZO DE PRESCRIPCIÓN DE LA ACCIÓN PENAL",13,https://wb2server.congreso.gob.pe/spley-portal/#/diputados/expediente/2026/9
diputados,8,00008-2026-2031-CD,2026-08-10,Cámara de Diputados,Juntos por el Perú,EN COMISIÓN,Primera Legislatura Ordinaria 2026,"PROPOSICIÓN LEGISLATIVA QUE DEROGA LA LEY 32108 Y LA LEY 32138, SOBRE EL CRIMEN ORGANIZADO",13,https://wb2server.congreso.gob.pe/spley-portal/#/diputados/expediente/2026/8
diputados,7,00007-2026-2031-CD,2026-08-07,Cámara de Diputados,Juntos por el Perú,EN COMISIÓN,Primera Legislatura Ordinaria 2026,"PROPOSICIÓN LEGISLATIVA QUE DEROGA DIVERSAS REFORMAS LEGISLATIVAS QUE HAN GENERADO RETROCESOS NORMATIVOS EN LA LUCHA CONTRA EL CRIMEN ORGANIZADO
",6,https://wb2server.congreso.gob.pe/spley-portal/#/diputados/expediente/2026/7
diputados,6,00006-2026-2031-CD,2026-08-05,Cámara de Diputados,Ahora Nación,EN COMISIÓN,Primera Legislatura Ordinaria 2026,PROPOSICIÓN LEGISLATIVA QUE MODIFICA EL CÓDIGO PENAL PARA PREVENIR Y SANCIONAR LA VIOLENCIA SEXUAL DIGITAL MEDIANTE INTELIGENCIA ARTIFICIAL,7,https://wb2server.congreso.gob.pe/spley-portal/#/diputados/expediente/2026/6
diputados,5,00005-2026-2031-CD,2026-08-05,Cámara de Diputados,Partido Cívico Obras,EN COMISIÓN,Primera Legislatura Ordinaria 2026,"PROPOSICIÓN LEGISLATIVA QUE MODIFICA EL ARTÍCULO 8 DE LA LEY 26864, LEY DE ELECCIONES MUNICIPALES, PARA GARANTIZAR LA EFECTIVIDAD DE LA PROHIBICIÓN CONSTITUCIONAL DE REELECCIÓN INMEDIATA DE ALCALDES",11,https://wb2server.congreso.gob.pe/spley-portal/#/diputados/expediente/2026/5
diputados,4,00004-2026-2031-CD,2026-08-05,Cámara de Diputados,Ahora Nación,EN COMISIÓN,Primera Legislatura Ordinaria 2026,"PROPOSICIÓN LEGISLATIVA QUE DEROGA LA LEY 32735, CONOCIDA COMO LEY DE IMPUNIDAD MILITAR POLICIAL Y RESTITUYE LA COMPETENCIA DE LA JUSTICIA PENAL ORDINARIA",6,https://wb2server.congreso.gob.pe/spley-portal/#/diputados/expediente/2026/4
diputados,3,00003-2026-2031-CD,2026-08-04,Cámara de Diputados,Ahora Nación,EN COMISIÓN,Primera Legislatura Ordinaria 2026,"PROPOSICIÓN LEGISLATIVA QUE MODIFICA EL ARTÍCULO 127 DE LA LEY N° 30220, LEY UNIVERSITARIA, Y LOS ARTÍCULOS 3, 4 Y 5 DE LA LEY N° 26271, CON EL OBJETO DE MODERNIZAR EL RÉGIMEN DEL CARNÉ UNIVERSITARIO Y GARANTIZAR EL ACCESO EFECTIVO A LOS BENEFICIOS ESTUDIANTILES.",6,https://wb2server.congreso.gob.pe/spley-portal/#/diputados/expediente/2026/3
diputados,2,00002-2026-2031-CD,2026-08-04,Cámara de Diputados,Ahora Nación,EN COMISIÓN,Primera Legislatura Ordinaria 2026,"PROPOSICIÓN LEGISLATIVA QUE DEROGA EL MARCO NORMATIVO CONOCIDO COMO LEYES PRO CRIMEN Y RESTABLECE LAS CAPACIDADES DEL ESTADO PARA LA INVESTIGACIÓN Y PERSECUCIÓN DEL CRIMEN ORGANIZADO, LA CORRUPCIÓN Y LAS GRAVES VIOLACIONES A LOS DERECHOS HUMANOS.",7,https://wb2server.congreso.gob.pe/spley-portal/#/diputados/expediente/2026/2
diputados,1,00001-2026-2031-CD,2026-08-04,Cámara de Diputados,Ahora Nación,EN COMISIÓN,Primera Legislatura Ordinaria 2026,PROPOSICIÓN DE RESOLUCIÓN LEGISLATIVA QUE MODIFICA LOS REGLAMENTOS PARLAMENTARIOS PARA GARANTIZAR EL TRABAJO PRESENCIAL.,7,https://wb2server.congreso.gob.pe/spley-portal/#/diputados/expediente/2026/1
senado,13,00013-2026-2031-S,2026-10-07,Cámara de Diputados,,EN COMISIÓN,Primera Legislatura Ordinaria 2026,"PROPUESTA LEGISLATIVA REMITIDA POR LA CÁMARA DE DIPUTADOS - 

LEY QUE DELEGA EN EL PODER EJECUTIVO LA FACULTAD DE LEGISLAR EN MATERIA DE SEGURIDAD CIUDADANA Y DEL FENÓMENO EL NIÑO",0,https://wb2server.congreso.gob.pe/spley-portal/#/senado/expediente/2026/13
senado,12,00012-2026-2031-S,2026-10-05,PODER EJECUTIVO,,AUTÓGRAFA,Primera Legislatura Ordinaria 2026,PROPOSICIÓN DE RESOLUCIÓN LEGISLATIVA QUE AUTORIZA A LA SEÑORA PRESIDENTA DE LA REPÚBLICA PARA SALIR DEL TERRITORIO NACIONAL DEL 28 AL 31 DE OCTUBRE Y DEL 2 AL 6 DE NOVIEMBRE DE 2026,0,https://wb2server.congreso.gob.pe/spley-portal/#/senado/expediente/2026/12
senado,11,00011-2026-2031-S,2026-10-02,Senado de la República,Fuerza Popular,EN COMISIÓN,Primera Legislatura Ordinaria 2026,PROPOSICIÓN DE RESOLUCIÓN LEGISLATIVA DEL SENADO QUE APRUEBA EL REGLAMENTO ESPECIAL DE ELECCIÓN DE LOS MAGISTRADOS DEL TRIBUNAL CONSTITUCIONAL,1,https://wb2server.congreso.gob.pe/spley-portal/#/senado/expediente/2026/11
senado,10,00010-2026-2031-S,2026-09-30,Senado de la República,Renovación Popular,EN COMISIÓN,Primera Legislatura Ordinaria 2026,"PROPOSICIÓN DE RESOLUCIÓN LEGISLATIVA QUE MODIFICA EL ARTÍCULO 48 DEL REGLAMENTO DEL SENADO PARA ESCINDIR EN DOS COMISIONES ORDINARIAS LEGISLATIVAS A LA COMISIÓN DE ASUNTOS DE SALUD, EDUCACIÓN, CULTURA, MUJER Y DESARROLLO SOCIAL Y DIGITAL",8,https://wb2server.congreso.gob.pe/spley-portal/#/senado/expediente/2026/10
senado,9,00009-2026-2031-S,2026-09-16,Senado de la República,,Publicada en el Diario Oficial El Peruano,Primera Legislatura Ordinaria 2026,PROPOSICIÓN DE RESOLUCIÓN LEGISLATIVA DEL SENADO QUE RATIFICA LA DESIGNACIÓN DEL PRESIDENTE DEL DIRECTORIO DEL BANCO CENTRAL DE RESERVA DEL PERÚ,0,https://wb2server.congreso.gob.pe/spley-portal/#/senado/expediente/2026/9
senado,8,00008-2026-2031-S,2026-09-11,PODER EJECUTIVO,,Publicada en el Diario Oficial El Peruano,Primera Legislatura Ordinaria 2026,PROPOSICIÓN DE RESOLUCIÓN LEGISLATIVA QUE AUTORIZA A LA SEÑORA PRESIDENTA DE LA REPÚBLICA PARA SALIR DEL TERRITORIO NACIONAL DEL 21 AL 25 DE SEPTIEMBRE DE 2026,0,https://wb2server.congreso.gob.pe/spley-portal/#/senado/expediente/2026/8
senado,7,00007-2026-2031-S,2026-09-07,PODER EJECUTIVO,,Publicada en el Diario Oficial El Peruano,Primera Legislatura Ordinaria 2026,PROPOSICIÓN DE RESOLUCIÓN LEGISLATIVA QUE AUTORIZA EL INGRESO DE UNA UNIDAD NAVAL Y DE PERSONAL MILITAR EXTRANJERO AL TERRITORIO DE LA REPÚBLICA DEL PERÚ,0,https://wb2server.congreso.gob.pe/spley-portal/#/senado/expediente/2026/7
senado,6,00006-2026-2031-S,2026-08-19,Senado de la República,Juntos por el Perú,EN COMISIÓN,Primera Legislatura Ordinaria 2026,PROPOSICIÓN DE RESOLUCIÓN LEGISLATIVA QUE MODIFICA EL REGLAMENTO DEL SENADO A FIN DE GARANTIZAR EN LA LABOR LEGISLATIVA EL DERECHO A LA CONSULTA PREVIA DE LOS PUEBLOS INDÍGENAS,2,https://wb2server.congreso.gob.pe/spley-portal/#/senado/expediente/2026/6
senado,5,00005-2026-2031-S,2026-08-19,Senado de la República,Juntos por el Perú,EN COMISIÓN,Primera Legislatura Ordinaria 2026,"PROPOSICIÓN DE RESOLUCIÓN LEGISLATIVA QUE GARANTIZA LA VIGENCIA DE LA COMISIÓN DE PUEBLOS ANDINOS, AMAZÓNICOS Y AFROPERUANOS, AMBIENTE Y ECOLOGÍA ",2,https://wb2server.congreso.gob.pe/spley-portal/#/senado/expediente/2026/5
senado,4,00004-2026-2031-S,2026-08-14,Senado de la República,Juntos por el Perú,EN COMISIÓN,Primera Legislatura Ordinaria 2026,"PROPOSICIÓN DE RESOLUCIÓN LEGISLATIVA DEL SENADO QUE MODIFICA LOS ARTÍCULOS 39, 48, 86 Y 154 DEL REGLAMENTO DEL SENADO, A FIN DE FORTALECER LA LABOR PARLAMENTARIA",9,https://wb2server.congreso.gob.pe/spley-portal/#/senado/expediente/2026/4
senado,3,00003-2026-2031-S,2026-08-13,Senado de la República,Juntos por el Perú,EN COMISIÓN,Primera Legislatura Ordinaria 2026,"PROPOSICIÓN DE RESOLUCIÓN LEGISLATIVA QUE MODIFICA LA RESOLUCIÓN LEGISLATIVA DEL CONGRESO 006-2025-2026-CR, QUE APRUEBA EL REGLAMENTO DEL SENADO, A FIN DE RESTABLECER Y GARANTIZAR LA EXISTENCIA DE LA COMISIÓN DE PUEBLOS ANDINOS, AMAZÓNICOS Y AFROPERUANOS, AMBIENTE Y ECOLOGÍA",8,https://wb2server.congreso.gob.pe/spley-portal/#/senado/expediente/2026/3
senado,2,00002-2026-2031-S,2026-08-12,Senado de la República,Ahora Nación,EN COMISIÓN,Primera Legislatura Ordinaria 2026,PROPOSICIÓN DE RESOLUCIÓN LEGISLATIVA QUE MODIFICA EL REGLAMENTO DEL SENADO PARA EL FORTALECIMIENTO DEL SISTEMA DEMOCRÁTICO Y REPRESENTATIVO ,4,https://wb2server.congreso.gob.pe/spley-portal/#/senado/expediente/2026/2
senado,1,00001-2026-2031-S,2026-08-11,Senado de la República,Ahora Nación,EN COMISIÓN,Primera Legislatura Ordinaria 2026,"PROPOSICIÓN DE RESOLUCIÓN LEGISLATIVA QUE MODIFICA EL ARTÍCULO 48 DEL REGLAMENTO DEL SENADO PARA CREAR LA COMISIÓN ORDINARIA LEGISLATIVA DE PUEBLOS INDÍGENAS U ORIGINARIOS, COMUNIDADES CAMPESINAS Y NATIVAS, PUEBLO AFROPERUANO Y POBLACIONES EN SITUACIÓN DE VULNERABILIDAD DEL SENADO DE LA REPÚBLICA",2,https://wb2server.congreso.gob.pe/spley-portal/#/senado/expediente/2026/1
